183,182,180,178,180,184,188,190,190,190,191,192,190,188,190,196,198,202,206,206,206,207,207,207,208,207,208,207,202,198,195,190,188,191,192,194,200,203,202,202,206,206,206,206,207,206,206,205,205,205,206,205,204,202,201,201,196,195,195,196,197,199,202,204,205,203,199,195,197,202,206,207,210,210,210,207,205,203,203,204,205,204,201,197,194,194,196,198,204,204,205,202,196,194,195,194,195,200,202,198,196,198,199,198,201,201,202,203,204,204,203,201,194,191,189,189,190,192,196,201,202,205,207,205,202,201,202,203,199,201,202,200,198,198,201,202,200,207,212,211,204,198,198,200,198,197,201,207,211,211,210,209,213,211,208,204,201,201,204,206,215,215,215,215,215,214,214,215,215,215,214,214,216,216,208,199,188,176,171,175,186,203,216,215,214,217,217,216,216,216,214,210,205,201,195,192,193,197,200,202,204,206,209,211,210,209,211,213,214,211,212,216,216,214,214,218,217,218,218,217,217,217,216,215,217,216,216,215,213,208,188,164,149,132,134,155,173,187,196,197,198,197,199,194,181,177,182,185,188,188,189,190,185,181,185,194,201,205,206,204,199,193,188,184,182,180,187,195,190,177,176,184,184,184,178,181,185,171,160,170,176,185,197,205,207,206,201,197,193,195,195,194,198,202,199,192,192,190,188,188,190,192,193,193,189,188,190,196,202,202,197,191,182,180,177,177,182,190,194,195,194,198,201,201,201,203,205,206,208,200,197,202,204,200,200,204,208,209,212,215,216,212,207,203,202,202,202,205,209,212,213,213,212,211,210,209,209,210,211,212,216,217,218,219,221,222,223,224,224,225,225,226,226,226,226,226,225,225,226,227,227,227,227,226,226,225,224,223,220,215,211,208,203,205,205,206,207,212,216,219,213,215,215,214,214,216,218,220,218,211,207,209,210,209,209,212,218,214,209,206,211,216,214,208,206,206,203,202,205,207,199,187,178,173,171,175,184,197,207,208,206,204,204,206,209,209,205,199,194,195,194,190,186,185,188,192,193,189,190,198,201,200,201,205,202,200,198,200,206,210,208,203,206,209,209,207,203,196,187,178,171,164,160,165,170,172,173,174,173,175,178,179,176,177,187,197,203,201,195,188,181,176,174,174,183,191,197,200,202,204,204,201
184,26,30,12,32,44,36,32,10,24,30,36,32,28,48,46,40,44,32,12,10,8,4,4,0,0,0,24,36,32,46,58,60,84,58,40,8,20,30,34,26,18,12,10,14,14,8,6,6,10,8,8,18,30,24,26,36,26,12,16,22,34,44,42,32,34,70,76,50,40,26,22,18,10,22,34,32,20,2,6,2,8,32,54,48,26,34,70,58,46,52,68,98,108,98,88,66,64,28,36,14,32,22,30,22,10,8,6,6,2,10,46,74,66,52,72,86,86,80,60,34,16,8,16,26,24,26,16,6,18,36,46,64,46,10,10,12,32,46,18,34,66,54,20,8,16,30,40,30,14,16,12,10,14,38,48,38,10,12,48,58,26,6,2,2,6,6,4,2,4,8,8,8,28,70,112,128,148,128,162,246,242,132,34,18,12,8,6,0,14,36,62,88,120,144,134,128,150,150,156,154,152,162,154,138,130,128,126,116,110,128,122,96,86,88,72,48,30,14,6,6,2,8,6,4,4,2,10,32,114,216,255,232,152,24,208,228,160,110,62,10,6,6,62,102,48,28,64,44,14,8,16,32,16,36,66,72,56,32,30,28,46,54,38,62,70,76,32,82,96,40,38,8,38,34,42,102,122,56,114,134,128,128,102,62,10,34,60,42,8,8,30,46,28,50,66,60,50,42,32,46,32,34,48,42,28,54,72,52,2,46,84,88,62,42,40,38,52,48,20,22,34,18,10,4,14,16,18,34,28,6,30,24,4,4,38,44,24,34,36,8,38,60,46,22,8,4,26,46,46,30,12,0,8,20,34,48,56,56,50,36,26,26,26,20,14,10,8,6,2,2,6,6,4,4,4,8,6,2,4,4,4,0,4,6,8,12,24,42,54,52,62,36,6,10,10,22,44,50,12,22,8,8,8,24,32,50,42,20,50,26,8,14,12,24,42,32,38,64,50,16,30,68,98,102,94,98,92,100,120,174,178,186,172,150,168,156,164,138,64,10,20,14,30,18,10,36,54,62,62,62,54,34,14,38,44,22,2,16,48,50,26,20,48,46,18,14,36,60,48,14,8,16,20,10,34,68,90,90,88,96,94,80,122,124,110,94,88,74,52,52,52,70,114,134,106,58,74,102,120,118,100,80,98,110,82,56,38,32,16,26,204
186,38,46,34,58,50,14,30,22,28,10,12,22,28,38,32,28,34,30,20,16,12,18,18,20,24,24,36,30,8,14,22,26,30,18,32,24,22,26,50,38,22,12,8,12,10,12,4,0,10,14,20,20,32,34,22,30,52,46,36,38,44,52,50,40,24,20,44,34,4,18,28,30,22,10,18,24,20,16,14,10,12,12,38,64,92,90,108,92,48,46,54,102,116,84,108,56,36,28,36,40,52,64,50,28,26,22,10,6,14,28,34,70,80,62,74,70,52,34,20,18,30,26,24,30,18,8,24,8,10,40,42,46,60,32,8,4,8,26,32,16,34,60,50,20,4,28,42,40,36,34,20,8,6,22,38,34,14,4,28,54,46,16,2,4,6,6,8,2,10,6,6,6,20,54,122,188,172,132,104,242,255,188,72,28,14,14,8,2,16,38,62,90,128,152,132,102,118,116,124,128,124,136,148,152,146,138,136,124,124,152,168,170,174,162,132,90,50,24,6,4,4,2,8,8,6,6,2,6,64,156,248,255,218,92,136,230,182,140,96,32,10,4,28,96,102,28,50,52,22,14,22,32,22,12,46,70,62,42,14,14,36,48,28,48,34,30,8,38,62,40,24,42,42,36,50,68,56,40,56,140,150,132,100,68,34,26,62,66,40,14,24,34,30,2,32,54,60,50,14,32,14,16,36,42,38,54,64,50,26,36,76,96,80,46,4,34,76,96,74,54,46,26,10,8,14,16,6,18,46,48,14,18,8,14,20,52,40,38,42,30,14,54,56,34,16,6,8,24,36,38,32,22,14,14,14,20,18,10,10,4,2,8,10,6,4,2,6,8,10,6,4,6,6,4,2,0,2,2,0,0,2,4,2,4,2,4,12,28,46,50,68,58,14,12,16,14,34,52,38,12,32,6,4,18,18,28,48,36,76,78,44,18,18,20,28,38,16,16,30,34,58,70,100,98,80,90,86,88,90,128,122,132,100,90,118,88,86,96,58,4,26,22,26,16,8,24,26,30,44,72,80,60,26,34,40,38,18,10,22,52,38,16,14,22,40,32,20,20,36,22,12,12,14,18,12,64,104,110,106,116,124,116,142,136,110,84,96,96,82,66,68,76,94,96,76,48,58,90,116,120,106,88,68,52,36,42,40,36,24,44,202
186,30,42,58,70,48,34,14,14,14,18,42,38,34,38,34,26,30,30,24,24,18,34,28,36,48,46,46,36,24,38,34,38,46,68,54,28,32,36,50,56,40,32,26,34,34,40,40,32,26,22,20,18,20,36,30,46,66,50,32,36,44,52,46,32,38,24,26,36,32,28,42,52,52,30,24,26,26,18,12,16,16,10,38,84,96,70,78,102,36,10,16,82,110,52,114,88,58,66,66,68,66,70,40,28,24,26,16,2,16,28,26,22,42,38,34,20,4,12,18,34,40,32,26,14,18,20,16,14,12,34,42,4,46,54,30,12,4,14,36,38,16,18,50,50,22,8,34,40,38,38,44,38,24,12,26,36,24,4,14,46,62,32,4,6,6,8,8,8,12,4,4,2,12,34,100,204,255,188,32,172,255,236,118,44,22,10,4,4,18,42,66,94,122,120,68,22,28,44,60,72,68,70,90,112,116,110,114,116,156,192,226,244,255,240,186,134,88,48,14,6,4,6,10,4,4,6,6,10,18,84,192,254,252,176,30,186,208,166,112,56,10,4,6,58,120,86,30,56,36,18,18,32,38,32,8,40,40,32,16,18,40,54,16,26,16,2,10,18,44,60,40,14,20,42,92,86,74,90,36,86,150,142,116,92,54,10,36,56,50,16,20,40,54,50,18,44,76,86,62,72,52,32,38,38,26,32,38,46,32,6,28,60,66,42,40,48,46,72,60,42,34,28,18,20,24,22,32,42,44,58,44,6,18,8,6,28,44,32,34,36,8,36,62,56,38,20,8,16,14,20,32,34,28,30,32,34,32,26,26,20,14,16,14,8,6,8,14,12,8,6,4,8,10,12,16,18,16,10,8,6,6,8,6,8,2,4,6,16,36,46,62,68,40,8,24,12,20,40,54,20,30,30,14,14,28,40,28,20,10,46,44,26,36,50,56,62,56,28,36,44,56,64,78,64,54,58,50,54,18,96,128,168,144,130,170,128,110,94,60,40,22,4,20,44,50,38,22,42,48,52,62,58,42,50,48,50,40,32,26,20,38,6,18,32,22,14,14,16,38,44,36,16,20,46,40,16,72,94,86,80,88,96,114,114,96,76,98,120,128,98,56,38,38,44,52,28,14,44,74,82,76,66,48,6,38,52,58,56,34,44,198
187,12,16,30,32,18,36,12,12,12,26,32,14,16,20,22,18,30,32,28,28,24,40,32,44,60,48,48,40,34,52,44,50,44,56,46,54,54,56,50,72,70,64,50,54,44,40,46,54,54,46,42,32,4,36,48,60,64,40,10,16,48,68,48,20,28,30,38,52,54,52,54,68,78,58,26,28,26,14,6,14,14,10,28,84,112,90,40,60,56,44,50,100,156,112,138,86,54,70,66,46,48,38,16,18,16,22,18,4,18,22,18,10,2,8,16,30,42,48,56,50,36,40,32,32,14,18,4,24,14,18,40,38,12,52,58,40,20,8,32,40,32,22,6,40,46,18,20,38,34,26,38,56,52,28,10,36,38,18,14,34,64,50,20,8,4,8,10,10,10,4,6,4,8,18,62,164,255,255,128,72,210,248,164,68,28,6,4,12,18,46,76,118,172,208,198,168,138,110,84,70,60,62,42,16,14,28,74,158,254,255,255,255,255,255,234,154,116,70,24,12,6,8,6,2,2,6,8,8,2,44,134,228,255,212,80,102,222,200,126,82,34,8,2,14,88,108,28,48,58,34,26,32,42,60,28,22,42,50,46,24,12,36,26,24,42,10,10,16,40,74,86,48,56,30,86,84,64,98,102,8,124,164,170,154,116,60,8,32,48,28,10,14,34,46,12,42,74,80,58,26,6,4,18,32,26,32,56,68,60,40,18,34,64,62,54,42,36,74,66,50,52,46,30,24,26,20,22,10,16,18,32,30,24,34,8,2,36,28,26,36,28,4,44,68,66,44,10,16,12,4,8,28,38,42,44,42,34,24,22,18,14,16,18,16,12,12,18,20,16,16,16,18,20,22,20,18,20,18,16,12,8,6,6,4,4,4,2,6,28,44,50,62,56,20,30,22,16,24,42,42,12,38,30,8,12,16,46,58,52,32,42,34,20,34,46,48,44,26,16,58,80,68,54,60,68,44,32,74,64,106,152,202,200,146,158,120,98,58,28,50,54,10,36,28,50,38,14,18,54,84,96,88,64,34,20,20,14,6,16,12,46,48,16,12,24,36,30,16,24,26,40,22,20,24,42,18,38,74,74,58,60,66,80,88,84,78,82,84,98,80,40,30,52,68,72,64,40,14,32,44,48,50,58,46,14,10,34,44,26,10,198
187,4,2,20,28,10,18,6,4,6,20,18,4,2,18,18,8,20,26,30,32,28,46,42,54,66,50,52,60,54,52,48,50,38,34,20,32,38,38,28,50,68,74,66,58,48,44,40,58,74,64,62,60,26,14,40,58,74,70,42,42,62,56,34,24,26,28,36,54,62,54,48,52,72,58,30,12,14,16,12,18,14,4,22,66,110,118,86,88,98,64,58,62,106,104,84,58,48,52,30,10,12,8,12,20,24,26,16,2,14,22,20,16,12,30,48,54,62,72,80,70,58,44,32,38,38,20,10,30,24,10,20,44,30,16,50,56,48,26,4,22,24,26,38,10,34,36,10,18,24,18,28,46,68,60,28,10,34,34,18,12,48,58,38,14,2,2,6,6,6,4,4,6,6,6,30,108,228,255,210,82,128,192,168,88,38,12,6,10,6,32,56,92,148,196,218,228,234,228,216,194,182,192,184,158,134,104,88,170,255,255,255,255,255,255,255,144,102,62,18,12,10,8,4,4,2,8,10,8,8,20,86,196,255,244,178,20,180,234,166,116,74,12,6,4,44,100,72,12,60,54,32,24,22,54,54,20,46,68,82,66,22,28,34,4,34,22,4,14,24,52,76,52,8,32,56,48,48,82,114,52,70,162,210,202,162,108,48,12,50,52,42,24,22,32,30,18,42,38,46,52,42,32,32,32,12,14,32,48,48,36,16,32,78,92,92,72,34,40,60,64,68,50,22,10,10,14,16,24,30,20,26,36,18,38,16,8,24,42,44,50,56,44,10,38,70,66,40,18,12,6,12,14,24,36,50,58,54,46,42,36,32,30,30,28,22,20,24,24,26,34,38,36,32,26,24,18,16,24,30,32,30,22,8,4,4,6,2,8,16,38,40,48,56,30,26,36,24,28,22,36,30,30,42,6,10,38,36,20,28,14,54,78,56,22,28,22,30,34,24,44,92,104,88,78,94,98,90,112,92,72,116,168,190,144,152,136,110,58,44,26,48,10,40,24,40,28,20,16,30,52,62,52,36,46,36,50,50,40,30,24,28,56,34,18,12,10,8,30,32,14,18,18,16,28,36,36,22,48,56,30,8,22,36,44,50,40,16,32,62,76,72,44,44,66,72,72,58,22,16,30,44,58,70,70,54,28,12,42,42,22,201
188,6,8,4,18,14,14,8,8,6,24,28,14,14,28,22,12,2,8,18,26,30,50,50,60,66,54,60,64,72,40,40,28,42,14,14,32,38,38,22,10,24,48,64,72,80,82,70,74,86,76,76,84,64,36,44,26,44,62,42,36,46,26,34,32,24,20,20,42,44,22,12,12,42,44,32,20,28,30,24,20,18,10,12,22,56,80,62,52,66,40,30,34,36,62,50,34,32,16,38,48,50,40,38,46,48,44,32,26,30,32,36,34,28,48,50,40,42,52,56,52,66,16,12,26,26,8,22,12,32,16,10,32,46,26,14,44,60,58,32,2,16,18,32,36,10,38,44,20,2,14,26,20,50,68,60,26,14,36,32,10,26,54,46,16,2,6,8,8,2,4,4,4,6,2,12,64,170,246,222,134,118,148,132,88,52,24,4,10,12,8,20,32,60,86,102,118,138,152,166,170,172,188,198,204,214,198,206,246,255,230,168,178,255,255,230,154,124,80,22,6,10,6,4,4,0,14,10,12,4,4,40,142,244,255,232,128,78,224,208,142,104,46,10,2,12,74,98,32,38,54,46,28,6,20,58,44,12,34,64,62,24,30,58,44,24,14,16,10,10,20,50,56,48,52,30,20,46,68,88,78,86,120,200,200,162,120,68,12,38,52,54,36,6,34,58,40,38,40,44,36,12,8,6,28,32,34,36,36,32,24,30,26,58,84,94,74,28,30,82,96,90,74,44,26,16,14,6,6,14,22,40,68,54,24,24,8,18,46,62,62,74,80,60,10,44,68,66,42,10,4,10,22,16,8,24,48,60,62,64,60,56,52,44,36,28,22,24,30,46,58,60,56,56,46,44,34,42,48,52,62,64,54,40,22,8,14,8,18,12,38,54,58,50,36,10,46,42,40,30,38,36,16,42,20,6,34,46,46,40,38,34,74,70,28,6,22,42,66,64,24,42,74,90,90,104,134,122,116,94,76,74,116,142,152,142,128,98,48,66,28,30,30,6,14,16,38,28,10,8,26,46,54,44,32,20,20,26,30,26,38,40,38,16,8,14,20,28,32,20,10,8,40,28,26,14,24,24,22,48,68,74,68,88,82,80,82,58,32,44,66,72,48,18,34,62,68,52,20,12,26,42,62,74,70,58,44,42,48,68,60,198
188,2,4,0,8,8,8,6,2,10,28,24,6,6,20,8,8,6,12,12,16,36,66,70,74,80,70,58,46,56,40,10,12,38,40,66,76,70,82,64,52,34,54,62,66,74,76,72,76,86,86,84,92,84,60,52,36,34,28,24,30,22,16,14,14,16,12,12,50,68,58,50,50,74,68,48,30,28,30,32,12,8,8,10,20,36,70,62,38,38,34,30,24,28,34,38,12,28,46,74,82,80,62,56,66,46,28,20,26,32,30,32,30,28,34,30,30,32,24,36,34,54,42,40,46,42,28,34,18,24,32,22,22,40,46,14,18,38,54,48,24,20,20,28,48,50,16,22,34,28,18,16,12,22,48,62,56,24,14,26,16,8,44,70,36,4,6,6,2,4,2,8,4,6,6,4,24,108,196,208,162,74,112,116,84,58,30,2,2,12,4,4,6,12,20,20,20,30,38,46,58,76,88,82,84,116,132,148,224,255,255,255,255,255,255,255,204,132,64,8,4,12,8,12,12,8,12,6,10,2,4,10,68,180,255,255,200,46,148,224,170,110,84,24,14,8,26,92,64,28,46,52,32,16,16,40,50,34,24,46,54,42,26,50,54,26,10,28,12,10,12,36,72,68,28,44,48,76,88,100,124,104,60,186,202,152,136,100,42,8,20,38,34,14,20,48,52,12,34,66,76,58,26,8,20,16,12,4,20,40,58,68,44,8,38,72,74,50,32,36,64,58,52,30,20,20,18,22,24,20,16,22,44,52,24,30,28,52,56,70,90,94,100,94,50,12,40,56,60,48,26,14,16,24,24,12,10,32,44,54,56,52,54,54,46,34,26,40,58,76,86,82,76,80,68,62,48,68,72,74,82,96,84,66,52,36,32,24,32,24,44,54,50,46,48,20,44,54,56,36,28,24,16,20,28,16,12,18,18,8,42,34,38,44,28,20,20,30,52,68,42,16,60,82,72,86,82,94,68,52,52,42,52,58,74,84,70,32,24,42,34,30,58,50,16,14,34,52,36,12,18,38,50,58,60,50,42,44,44,32,26,30,20,6,24,16,12,22,30,16,34,42,56,76,40,20,22,30,30,58,78,68,40,76,76,64,52,36,16,54,80,100,80,24,18,44,64,66,46,26,20,2,20,44,48,52,60,44,20,46,56,193
189,20,16,12,10,8,8,8,6,4,32,44,34,28,28,6,8,6,18,18,16,36,58,54,54,60,40,24,22,36,30,22,44,74,82,90,84,62,92,84,70,72,62,44,28,22,24,36,58,74,84,82,82,76,62,54,42,50,34,22,10,4,20,16,6,12,20,26,34,68,74,64,62,70,60,42,26,22,24,34,22,2,2,14,28,30,66,74,48,14,20,44,52,38,26,46,72,96,108,122,100,108,90,68,56,50,28,8,6,12,12,16,6,4,18,32,36,26,28,48,76,86,72,56,42,28,12,22,30,8,34,34,18,30,54,34,16,14,24,44,46,24,30,36,40,60,58,30,4,30,40,40,28,6,16,30,44,38,20,38,16,8,24,72,64,12,2,6,4,4,0,8,4,2,6,6,6,54,128,164,170,110,62,110,110,90,60,6,8,8,0,2,12,10,16,16,10,16,16,6,10,26,66,106,146,182,176,136,100,116,142,190,255,255,255,244,156,84,32,4,6,12,6,10,10,10,2,8,8,0,2,6,26,108,214,255,246,144,42,196,224,142,104,72,14,10,2,58,64,20,32,42,42,26,34,44,30,22,18,34,44,58,46,24,30,30,16,36,28,4,18,30,64,90,60,46,28,64,88,98,134,178,92,128,196,138,140,118,58,24,16,46,40,18,10,16,28,32,28,48,56,46,42,30,52,34,36,26,26,36,60,80,62,26,14,62,88,84,68,48,50,56,64,52,38,18,6,2,8,18,26,32,34,44,50,30,40,70,96,114,122,138,136,130,92,38,6,28,46,62,52,34,16,12,26,30,22,8,4,16,34,42,44,54,62,60,64,86,102,108,106,86,82,84,72,62,42,66,72,78,72,106,112,86,66,58,46,44,46,26,34,42,46,46,46,8,42,64,52,22,6,10,24,14,8,20,4,10,28,22,26,38,18,40,58,42,22,20,20,30,36,26,42,68,46,24,8,22,34,12,22,26,6,12,28,4,30,32,16,22,50,40,22,54,26,30,32,20,22,22,20,22,38,40,38,18,24,32,46,32,34,34,44,56,60,56,34,34,46,24,18,26,26,42,46,24,12,0,20,46,58,50,36,68,90,80,58,46,16,20,34,60,70,42,12,32,56,84,86,74,56,24,10,42,60,76,90,56,18,12,38,190
184,36,36,38,32,18,10,10,18,28,32,46,46,46,42,12,8,14,24,16,14,24,38,44,38,44,36,46,54,52,46,34,38,58,56,50,40,16,48,72,88,78,42,16,22,28,16,2,22,36,52,60,62,62,58,60,42,32,28,52,38,22,32,40,10,14,20,24,22,24,50,54,42,32,26,20,14,10,18,30,30,14,2,16,24,10,30,44,34,70,62,78,82,74,50,56,86,112,122,106,76,92,84,40,18,28,24,16,18,26,28,16,8,18,28,46,70,64,66,78,86,78,64,48,40,38,22,16,28,18,20,34,18,24,54,48,22,16,14,28,52,54,34,14,12,26,40,40,24,4,28,48,54,32,20,14,26,34,28,44,28,30,26,54,74,42,4,2,4,6,2,8,6,2,4,8,6,24,64,94,136,134,40,82,140,148,122,48,8,8,2,4,10,4,12,4,10,8,12,40,64,100,152,188,206,204,170,136,88,8,120,228,255,255,200,130,76,38,18,8,8,8,0,6,2,4,6,6,4,0,0,6,14,62,156,234,255,218,64,114,240,206,126,96,16,18,8,40,34,26,44,44,40,30,26,66,46,18,18,28,24,32,40,34,14,36,24,20,26,16,20,30,46,76,68,18,52,42,54,66,80,158,170,164,178,90,104,104,54,30,26,68,76,46,22,18,24,32,14,24,44,62,60,34,40,38,14,16,14,16,42,50,40,28,24,56,92,94,70,28,36,88,108,100,82,66,48,28,24,18,22,18,12,26,52,40,24,66,122,146,122,184,200,178,130,78,22,12,22,44,48,54,48,30,32,36,34,26,12,20,24,40,36,42,58,72,88,100,98,90,82,56,72,78,64,48,16,42,56,64,52,82,114,102,80,74,70,70,72,56,46,58,58,46,40,18,50,60,48,24,6,14,24,30,26,20,10,10,10,16,22,18,24,30,68,68,38,20,8,22,54,58,28,24,34,28,30,22,10,24,8,36,34,28,42,40,12,54,60,28,42,66,14,54,60,18,26,20,14,50,52,40,44,54,64,56,48,34,50,32,24,22,30,46,32,56,34,22,34,28,28,44,34,8,30,42,18,12,34,52,62,74,66,60,100,102,84,80,62,22,26,46,76,78,38,4,36,64,74,74,58,36,22,56,76,98,114,80,36,24,36,188
180,28,36,56,60,48,30,24,30,26,12,18,22,34,46,34,18,4,26,32,20,16,28,38,40,46,50,66,66,62,60,42,42,54,34,26,30,20,34,46,96,102,58,30,34,28,30,16,10,20,38,52,58,60,58,66,52,10,6,28,34,18,20,42,34,12,16,24,24,14,14,24,22,10,20,40,40,24,20,20,18,14,16,18,36,28,8,42,104,136,100,122,108,80,62,26,56,84,74,12,42,56,54,62,70,66,58,48,40,30,20,8,10,28,38,34,56,54,60,68,60,38,28,22,30,44,38,18,24,28,6,26,14,12,34,42,22,14,16,18,24,48,52,34,8,12,24,30,30,20,6,12,42,44,20,10,32,46,26,36,34,30,40,48,70,66,20,2,4,6,4,6,6,4,2,4,4,14,46,58,86,108,84,68,134,184,174,90,22,10,8,8,2,12,12,6,8,18,52,90,126,168,202,202,184,148,98,42,56,176,250,255,230,168,102,62,40,18,4,2,4,4,4,4,2,6,8,6,2,0,0,2,8,32,100,184,255,255,158,10,168,234,170,112,60,18,38,38,16,18,40,34,32,36,18,58,68,48,36,36,34,30,24,28,22,40,46,16,22,20,6,22,32,62,90,56,20,24,48,90,98,152,178,172,168,122,126,98,42,42,24,28,64,50,12,10,26,54,48,20,46,72,66,44,18,22,38,20,18,20,30,22,50,58,30,16,56,68,46,58,58,60,94,94,68,54,46,28,8,10,16,14,20,32,60,80,74,62,128,158,126,170,234,220,154,102,54,24,6,16,22,34,44,36,32,30,26,24,34,42,26,30,30,48,56,60,66,62,48,44,40,28,50,62,48,36,14,40,48,40,20,34,70,74,72,76,78,80,82,76,60,60,50,38,22,16,42,48,44,32,12,22,34,22,36,14,8,6,6,20,16,6,22,16,24,56,32,24,22,22,44,70,72,26,40,26,12,26,14,26,28,24,34,32,34,50,40,32,80,44,56,76,54,62,108,90,44,48,80,80,54,58,66,58,36,16,26,16,20,18,26,24,32,56,22,32,50,46,36,32,32,18,40,40,44,72,56,20,36,44,58,64,44,24,54,88,88,90,88,48,14,68,96,108,88,38,30,42,46,58,72,56,18,16,40,72,102,96,74,36,16,186
181,24,12,24,38,38,26,12,12,4,22,36,40,34,18,24,20,10,18,36,36,34,40,46,46,50,64,70,64,62,64,56,60,58,28,12,20,18,32,38,72,96,58,28,16,20,34,44,48,64,72,78,78,66,48,52,56,22,18,22,30,34,46,72,48,16,10,18,30,32,26,34,46,44,40,50,62,54,30,22,24,22,18,8,28,30,14,52,94,94,52,76,92,64,42,8,56,118,130,84,122,106,108,116,96,74,66,52,32,28,16,4,10,28,34,24,24,24,32,24,4,12,16,14,16,30,44,26,18,24,2,20,14,10,14,28,26,20,22,28,34,28,34,46,30,14,14,24,30,30,24,24,10,24,22,24,22,44,28,26,30,14,38,34,54,78,40,4,2,0,6,4,4,6,4,4,4,10,36,52,74,106,130,122,116,210,228,142,44,16,6,4,4,12,8,12,4,40,84,132,178,200,194,168,134,60,38,146,240,255,255,182,112,62,24,12,6,8,10,10,6,2,6,4,2,4,6,6,2,2,4,6,4,10,50,124,220,255,226,104,66,216,210,132,86,28,44,26,18,28,36,34,42,48,16,28,42,44,36,22,24,22,18,8,14,4,32,26,16,38,22,6,12,30,76,100,38,48,34,90,102,126,142,128,126,126,132,80,16,50,66,30,34,50,30,14,12,30,46,16,44,90,92,72,46,12,56,40,44,46,50,56,84,98,76,30,36,60,64,60,58,20,44,64,46,32,28,36,28,12,14,8,10,12,10,40,76,88,122,128,76,74,182,218,172,122,80,50,32,42,46,42,44,42,42,42,40,46,46,36,22,26,50,58,50,44,44,38,32,28,6,30,62,84,80,62,34,56,78,84,70,48,44,16,8,20,38,54,60,54,38,22,16,20,14,12,22,42,52,48,36,30,36,10,28,12,22,28,16,14,26,26,30,48,32,34,62,32,14,16,16,42,62,24,40,62,36,28,12,28,52,56,38,48,34,60,84,36,70,96,94,86,76,48,92,90,50,48,64,38,20,34,38,20,10,18,22,14,14,40,54,52,48,48,40,38,56,74,52,28,32,36,44,32,22,58,68,34,14,58,82,94,94,68,34,48,82,84,82,70,30,24,48,78,88,74,26,48,58,68,86,90,68,30,12,58,96,110,116,92,54,189
184,32,30,30,38,32,16,8,22,36,42,44,44,38,26,28,30,16,6,20,30,40,52,60,56,64,70,66,56,56,58,52,38,16,8,18,28,28,36,38,56,68,48,32,48,58,52,66,64,54,56,58,62,54,40,48,64,62,38,36,50,58,68,66,30,18,10,6,22,30,30,50,64,56,54,48,66,68,50,16,20,12,12,8,22,20,0,38,96,134,104,44,78,90,72,34,48,98,130,106,114,86,92,94,66,48,44,32,32,30,20,10,16,32,36,20,4,8,16,18,28,30,38,36,34,48,64,46,38,40,20,28,20,16,18,10,12,10,8,12,14,10,10,36,50,34,20,2,22,36,38,44,40,38,18,28,20,26,32,12,28,8,26,26,40,76,60,20,4,6,6,2,2,6,8,2,4,2,14,46,88,146,154,156,112,214,255,214,90,20,6,8,4,10,8,12,12,62,102,148,188,194,164,96,18,104,210,255,255,214,138,62,32,20,6,12,8,18,10,12,10,6,6,2,2,6,6,6,6,6,6,6,4,6,26,88,178,255,255,184,34,164,240,172,102,20,20,10,16,34,42,40,48,46,18,16,8,18,24,18,10,4,20,36,38,40,14,28,14,30,34,16,10,18,44,90,64,20,20,28,14,28,70,100,110,106,74,24,12,26,62,54,10,62,62,28,16,16,32,36,18,58,66,50,72,62,72,70,50,46,36,34,58,72,66,34,14,70,102,96,92,68,26,64,74,68,58,40,30,22,30,36,28,36,30,22,66,120,154,168,126,42,94,186,182,142,96,58,32,60,74,76,80,76,72,66,60,62,52,36,30,40,56,52,38,30,28,18,8,32,70,104,120,120,98,70,50,62,92,108,106,88,70,56,48,34,10,26,44,46,34,20,22,30,10,10,12,30,44,38,30,12,22,12,20,18,26,18,34,28,34,26,20,38,48,18,76,76,34,42,32,52,64,54,8,38,38,12,24,58,74,78,50,80,62,72,96,64,68,80,60,56,66,34,66,62,30,16,40,38,18,28,18,26,26,56,54,58,58,54,64,60,48,26,28,28,26,52,54,32,20,10,14,32,24,20,40,44,18,34,80,88,72,60,42,44,70,78,68,78,84,60,30,66,88,90,44,16,54,70,70,64,54,40,16,44,86,104,122,118,62,195
183,28,30,44,48,36,18,24,40,36,32,30,34,30,20,18,14,6,10,6,10,24,36,46,46,46,48,42,32,26,26,18,4,22,26,22,22,18,14,16,50,70,68,80,74,38,16,42,56,48,50,58,72,86,84,78,88,74,36,28,36,34,34,20,4,12,14,16,18,24,22,40,50,40,42,28,44,52,42,10,14,20,24,18,26,18,6,26,58,102,120,68,106,110,72,40,48,70,90,74,50,34,42,40,20,8,4,10,28,42,42,30,30,48,50,32,20,38,40,52,52,50,64,62,60,66,82,74,64,46,48,46,28,12,16,10,10,10,8,18,20,14,8,16,34,50,48,38,16,20,32,42,52,52,44,30,24,10,22,8,24,26,10,22,32,62,70,42,14,6,2,2,6,4,8,8,6,10,10,24,68,160,228,184,94,146,255,255,160,58,12,6,8,6,2,6,28,76,98,118,138,126,50,82,196,255,255,252,162,72,28,8,6,4,4,8,6,12,0,10,4,6,4,2,0,4,6,6,6,8,6,6,6,6,18,48,126,220,255,250,150,54,224,224,142,42,6,18,32,38,50,44,46,40,34,36,12,8,16,18,18,16,24,22,22,38,18,24,34,10,20,20,8,24,30,60,68,30,44,50,26,36,38,40,58,54,32,12,8,10,36,54,20,46,74,52,16,4,26,52,40,44,66,78,70,44,18,36,26,30,24,40,58,54,38,36,24,40,82,82,74,64,28,52,90,102,94,62,44,36,22,18,2,8,6,28,60,136,176,200,182,122,40,148,190,174,138,98,56,78,86,80,74,66,62,60,60,58,46,32,22,18,22,18,2,10,20,58,104,128,144,142,128,112,90,70,62,58,80,98,102,100,96,92,84,74,56,24,10,30,44,34,50,38,28,20,14,16,28,26,22,12,8,12,8,16,50,18,44,44,36,26,20,30,52,34,28,68,92,92,68,96,98,94,72,26,16,22,34,48,50,62,54,76,86,86,80,46,24,62,90,88,54,10,60,70,50,34,38,56,46,18,16,10,48,54,32,26,20,10,22,20,42,44,52,64,68,56,24,32,26,24,26,24,26,12,16,40,44,20,18,36,30,52,64,22,46,66,60,60,74,64,24,42,96,122,106,58,24,50,70,66,40,28,34,4,44,64,86,102,74,199
186,44,36,42,40,28,34,28,28,16,14,18,24,12,12,18,26,26,22,12,18,18,12,8,10,6,18,14,16,22,26,32,38,38,28,18,12,16,10,26,62,90,94,128,138,102,72,78,80,80,82,84,90,98,86,70,62,36,4,4,10,12,38,38,22,28,32,30,22,22,16,18,44,36,24,14,48,66,58,38,28,30,32,20,14,2,14,20,24,56,88,68,82,74,36,30,32,46,46,54,32,10,32,52,56,42,34,52,70,78,72,52,48,62,62,38,30,56,58,72,76,76,92,88,82,82,96,92,68,66,68,60,40,24,16,10,14,6,12,20,20,10,8,20,24,2,30,58,64,42,16,24,34,38,62,38,20,18,30,26,18,34,14,20,28,40,66,58,22,6,2,4,8,4,8,6,8,6,14,22,36,124,244,255,170,28,222,255,212,104,34,14,8,0,0,2,24,62,84,108,148,166,136,255,255,255,200,120,44,16,16,18,4,6,6,6,4,6,10,14,4,6,2,6,4,4,4,6,4,6,4,4,8,8,24,12,66,156,240,255,236,78,144,232,180,84,26,18,38,38,46,40,42,40,30,54,30,6,4,6,14,26,32,26,14,16,26,18,42,30,8,28,14,10,24,40,74,80,32,14,40,24,34,68,46,14,10,12,22,20,34,62,58,10,32,46,30,18,26,58,70,22,52,92,92,84,56,52,54,26,24,28,20,36,50,66,64,20,28,48,50,58,50,12,38,66,64,36,16,28,22,28,20,22,16,28,16,80,128,164,174,160,58,88,174,194,178,154,110,92,86,72,60,48,40,38,32,18,2,10,6,26,50,62,42,60,80,126,146,126,112,88,70,66,66,54,44,38,38,48,54,62,70,82,98,110,110,94,72,34,8,26,30,18,26,30,8,12,38,42,40,42,38,24,8,12,38,20,58,64,60,50,56,56,68,72,54,100,118,98,50,90,94,90,72,34,18,50,56,52,46,56,44,36,72,96,76,38,22,44,60,74,72,24,34,66,62,48,26,32,20,34,24,14,50,12,44,38,54,54,48,30,52,52,42,46,40,22,6,22,28,30,22,28,34,26,18,32,44,40,14,30,50,66,82,70,50,36,54,38,60,60,46,38,66,86,90,76,48,76,66,34,34,38,54,36,26,24,42,76,82,205
193,56,46,44,36,26,22,4,16,20,12,12,18,4,16,20,18,18,28,30,26,22,20,18,24,16,26,32,32,30,32,40,40,34,32,30,22,24,30,62,62,80,82,112,134,114,84,76,64,54,54,60,72,76,58,32,30,30,18,24,22,20,36,44,30,36,34,22,18,16,22,22,54,70,60,58,74,70,58,40,22,22,28,26,10,10,8,14,24,48,76,68,58,38,32,52,28,24,14,44,58,38,48,72,86,66,40,56,78,80,64,42,52,68,64,36,34,62,62,82,80,62,78,82,70,62,62,52,18,40,62,72,64,54,48,36,34,46,44,44,46,38,32,26,32,30,10,24,56,70,58,28,26,32,46,46,28,30,30,20,6,20,24,14,36,32,50,72,46,12,2,8,8,2,6,6,4,16,10,16,22,78,188,255,255,104,110,222,206,126,70,20,8,8,8,6,28,80,110,130,158,172,214,255,228,142,74,24,4,4,16,10,10,4,6,6,8,2,6,6,8,8,6,12,8,8,2,2,4,2,0,2,8,4,12,4,30,102,190,255,255,172,36,204,228,146,52,24,26,36,44,34,44,40,14,50,52,32,16,16,10,12,18,20,18,4,36,32,12,30,26,40,42,12,14,28,56,94,84,40,38,14,8,62,74,20,56,70,60,48,50,80,92,58,44,42,26,6,20,12,36,30,40,100,102,80,56,14,62,54,36,14,22,42,52,68,80,52,16,52,64,66,76,50,46,58,52,42,34,30,16,14,8,10,16,30,28,26,52,94,120,144,100,22,124,200,194,166,126,56,60,52,28,20,12,18,32,54,72,72,72,68,56,70,56,74,96,116,102,78,70,52,42,42,38,18,12,10,8,12,14,22,36,48,66,86,96,106,114,100,62,36,24,30,46,10,42,44,58,58,54,60,64,56,12,16,20,26,80,88,86,56,70,82,82,70,36,66,94,88,18,56,82,90,72,44,30,42,70,76,64,54,56,32,30,80,78,52,40,46,32,70,94,70,22,22,42,38,36,58,58,44,40,30,34,12,36,2,4,18,4,28,58,70,34,6,14,22,10,14,30,36,18,14,6,22,36,30,14,24,22,28,66,84,78,62,48,26,70,88,82,52,24,2,26,60,70,62,48,38,22,40,42,36,50,42,6,24,30,50,70,212
198,34,26,16,14,20,24,18,20,34,34,26,18,6,14,16,16,14,30,38,30,26,28,22,20,16,26,32,32,24,34,36,28,24,22,24,24,38,46,60,40,34,54,80,98,88,62,46,40,32,34,40,46,42,26,12,22,20,10,18,14,18,24,40,50,58,54,42,46,40,26,38,38,72,66,68,66,56,48,26,14,12,16,24,22,12,6,12,24,26,50,52,36,10,24,56,50,44,34,74,110,106,86,84,100,100,60,50,64,52,26,8,24,58,60,26,24,46,38,58,46,34,44,42,18,26,4,24,22,28,32,54,64,66,68,64,68,70,52,48,48,38,40,18,14,20,20,8,14,42,54,36,30,30,22,42,36,40,48,38,26,28,28,16,38,46,40,62,60,28,6,12,8,4,2,4,4,16,14,8,8,50,118,232,255,194,114,154,172,122,82,42,16,14,10,6,12,62,104,132,146,128,164,156,98,40,12,10,12,6,6,10,14,4,6,6,4,6,2,4,4,0,8,8,2,8,8,8,6,4,2,4,8,10,8,6,10,62,130,222,255,228,80,116,240,226,96,30,34,38,30,18,42,54,16,30,48,56,34,14,16,6,4,12,22,12,28,42,10,34,42,8,34,18,4,20,32,58,76,20,36,42,32,70,110,74,80,82,62,74,62,76,80,52,18,44,74,46,30,30,36,30,16,44,86,76,56,34,30,60,46,18,26,16,20,28,46,42,28,58,96,90,82,56,6,52,86,100,80,56,48,38,36,26,24,22,24,14,26,76,118,148,128,74,94,180,204,164,122,52,12,34,54,76,84,90,102,112,112,102,106,92,72,70,58,58,80,82,68,62,54,36,28,26,14,2,2,2,2,4,4,6,14,20,28,36,40,60,90,106,92,74,42,22,28,24,42,16,26,46,46,52,76,90,64,24,50,100,120,114,104,68,82,90,88,54,16,24,84,110,58,30,72,90,90,74,60,20,24,58,68,60,72,78,48,46,86,86,62,12,42,72,118,118,80,26,34,50,34,22,22,26,38,30,36,14,22,50,46,32,12,26,14,44,36,14,20,36,28,20,18,34,38,34,48,54,34,18,2,26,38,16,28,56,54,46,58,54,78,68,38,22,26,30,10,40,68,68,68,52,26,24,30,28,44,50,24,22,22,18,22,222
199,18,14,12,16,22,22,16,14,24,38,42,26,14,8,22,26,20,24,32,14,2,14,20,18,26,36,30,30,28,38,36,26,26,8,14,16,52,68,64,48,14,26,62,78,72,52,28,18,20,24,26,22,16,14,12,18,18,20,30,14,22,34,50,72,78,76,80,90,82,54,36,26,38,40,36,36,34,24,6,6,10,10,20,28,16,14,18,16,8,8,26,72,100,76,90,66,46,30,80,138,132,90,74,76,110,78,28,30,36,24,40,66,86,76,40,44,66,62,76,60,12,14,32,34,42,52,54,56,54,44,30,14,26,40,48,58,54,46,38,28,30,48,36,18,24,10,6,24,44,46,32,40,46,20,30,10,22,48,54,68,64,22,10,10,42,44,52,60,44,18,12,14,2,2,4,6,6,4,10,8,30,78,162,246,220,106,126,134,110,70,36,14,10,12,10,18,16,48,78,96,78,82,64,28,4,2,6,16,12,6,6,4,2,6,8,10,8,2,2,2,6,14,20,18,12,8,8,8,6,8,8,8,6,8,6,8,30,80,176,255,255,182,8,186,255,202,64,38,22,14,2,34,60,34,6,28,54,52,12,12,2,6,16,26,16,24,48,42,46,74,42,18,18,16,14,32,46,72,62,44,38,20,16,62,88,64,74,76,94,102,88,64,44,54,38,68,62,32,10,32,52,54,16,62,104,92,88,64,78,64,38,42,38,20,14,44,60,50,18,66,92,72,56,32,34,68,98,84,56,44,18,2,12,18,22,36,34,30,76,132,168,150,136,104,98,176,158,122,70,44,80,92,96,100,104,106,98,82,70,70,92,88,80,64,36,58,58,50,44,26,6,8,10,8,4,2,0,0,0,0,0,0,2,14,20,18,26,58,82,76,82,62,18,10,42,20,4,76,78,86,84,118,152,142,90,110,136,126,116,114,78,94,90,88,56,20,22,50,78,80,20,48,78,96,96,84,52,16,46,80,82,82,86,58,50,70,92,70,58,62,46,78,108,106,68,16,54,72,52,16,40,42,20,16,30,28,10,46,62,46,66,56,60,46,22,12,26,24,24,24,50,56,36,32,10,28,36,28,38,58,52,14,26,42,46,62,66,52,38,42,20,0,8,18,12,34,50,72,82,66,36,32,24,32,34,20,16,14,14,10,220
200,30,24,12,10,14,14,18,26,36,76,82,52,56,42,52,68,44,14,26,20,6,18,6,4,18,18,4,6,0,12,14,14,24,8,16,4,36,66,72,68,52,16,38,50,54,48,24,8,14,18,24,26,28,30,36,38,42,42,64,46,46,54,54,58,56,50,60,86,92,70,48,32,10,4,6,12,14,16,24,22,30,30,34,36,20,14,20,18,8,16,62,124,142,102,138,110,66,30,34,114,98,22,30,20,68,62,38,50,62,54,72,80,80,64,26,34,56,58,68,86,72,42,54,52,64,92,92,90,86,74,58,36,14,28,36,42,38,36,34,24,40,64,42,24,22,8,22,38,42,30,24,34,44,44,50,32,14,42,88,76,102,50,22,22,24,34,52,66,62,36,2,16,8,4,2,2,4,4,4,12,8,48,108,180,202,154,92,106,106,86,58,24,8,12,8,8,8,4,14,32,32,24,14,2,4,6,6,6,8,8,4,4,10,10,8,2,16,24,30,40,52,56,58,60,56,38,14,2,6,10,6,4,6,14,0,12,10,48,126,230,255,252,120,88,255,255,172,52,8,10,2,24,54,54,18,20,54,56,16,8,2,2,12,34,30,34,52,40,32,54,48,18,26,30,4,24,46,76,110,76,56,62,42,28,28,42,88,128,86,142,136,98,86,88,48,40,42,38,34,24,42,46,36,22,94,98,78,64,20,42,40,14,22,32,36,64,92,92,74,28,62,62,66,76,48,38,54,46,32,36,38,36,36,32,38,36,14,6,26,80,144,160,176,158,62,132,134,104,72,72,76,58,56,62,60,52,40,30,36,34,62,74,82,72,28,30,52,56,54,42,16,4,10,8,6,6,4,4,4,4,4,4,6,8,12,12,12,36,62,58,70,56,24,52,94,92,114,174,140,138,118,110,146,164,124,98,114,100,94,90,44,60,66,74,72,46,32,30,74,116,90,26,52,82,88,80,46,32,50,82,88,70,62,70,62,14,68,82,58,38,16,38,52,82,92,44,26,68,66,16,40,56,38,30,42,68,60,70,52,18,8,12,18,48,54,30,8,10,18,12,32,40,10,6,34,40,20,2,14,26,40,18,22,34,48,56,50,62,46,44,32,16,18,24,12,10,14,22,48,46,22,10,24,50,60,44,36,24,8,4,219
202,26,28,22,16,16,20,2,28,58,82,70,44,48,48,48,70,74,46,40,32,16,26,22,12,18,26,32,38,36,40,36,38,36,20,28,16,18,52,76,90,82,48,66,76,70,58,60,74,84,82,88,80,60,46,52,46,42,36,64,54,34,28,22,28,26,18,22,50,74,68,48,34,22,22,32,30,34,38,44,54,62,54,48,38,16,16,24,34,24,38,58,86,84,32,70,100,58,28,32,128,180,92,80,88,122,108,78,64,72,68,74,72,62,42,12,28,52,64,62,84,102,68,54,48,68,88,76,52,62,58,52,42,34,36,26,22,18,20,30,56,76,76,44,14,6,32,52,56,44,22,8,24,26,32,28,38,54,46,44,16,64,56,34,20,18,18,26,52,70,54,14,12,12,0,4,4,6,6,6,6,6,12,56,114,148,158,96,44,104,122,112,66,26,8,6,8,8,6,12,10,6,6,8,10,8,12,8,14,16,14,12,14,22,34,40,56,74,80,90,108,122,122,116,118,108,86,52,22,10,6,4,2,2,12,6,8,4,14,66,162,252,255,224,54,182,255,255,122,22,10,2,16,40,56,34,8,50,60,24,6,2,6,10,14,12,14,32,24,14,24,40,32,16,34,20,6,28,60,102,98,38,32,14,46,22,32,90,106,38,110,144,128,120,106,80,26,28,44,42,20,24,26,34,18,48,82,52,36,50,56,76,46,36,32,20,20,52,62,62,18,52,76,84,90,72,32,24,60,70,66,46,22,12,12,24,28,36,30,24,36,118,170,202,216,132,176,166,136,108,92,68,38,36,40,30,14,18,10,16,12,22,46,74,84,50,14,38,62,72,66,40,16,6,2,2,4,4,4,4,4,4,4,2,4,4,4,4,16,42,46,62,60,60,100,120,122,142,148,100,82,70,32,42,84,104,104,136,122,90,40,58,94,46,54,84,72,30,46,68,108,114,78,10,38,60,78,66,34,6,34,64,74,70,84,80,42,62,76,88,72,24,26,42,54,86,90,52,60,62,32,28,54,52,32,28,46,54,36,12,44,58,58,50,44,54,40,16,32,40,40,36,26,28,4,36,42,40,58,56,62,70,52,42,52,50,28,16,22,32,18,16,14,10,2,20,32,38,16,20,38,28,18,6,20,22,14,26,26,10,4,219
201,16,18,22,22,18,20,14,36,48,44,30,30,4,24,22,18,44,48,42,36,18,20,14,10,12,26,38,34,36,36,22,20,10,10,20,24,26,40,70,100,94,54,64,72,72,76,96,106,100,84,98,94,66,34,36,38,28,22,48,50,10,12,34,48,44,42,52,74,78,50,40,28,14,36,52,50,56,62,70,74,66,58,46,30,22,20,36,48,30,54,80,108,136,114,58,98,94,56,40,56,130,114,88,100,106,88,58,38,46,44,42,34,22,10,2,14,36,52,50,56,78,68,30,22,40,38,26,6,18,26,36,40,36,28,12,20,26,38,60,70,66,46,18,8,32,50,56,46,20,12,22,28,40,44,42,52,80,88,76,32,46,62,44,22,24,10,8,34,68,68,34,6,10,4,6,6,10,2,8,2,6,4,22,64,90,124,116,40,90,146,166,116,50,20,16,10,6,2,6,2,2,10,8,6,2,10,18,24,32,40,50,68,92,110,116,132,146,146,156,174,178,162,162,162,140,116,80,46,12,8,10,4,2,6,8,2,6,6,24,96,196,255,255,172,58,254,255,190,56,2,8,8,26,50,38,2,42,58,30,8,4,8,8,16,14,20,42,28,18,30,56,66,26,26,18,12,10,40,72,88,46,28,38,30,38,36,48,72,42,46,112,136,128,76,54,38,36,62,70,46,16,20,38,54,12,56,56,52,34,4,32,22,10,18,34,38,52,50,40,28,24,66,80,66,48,36,48,72,96,98,80,54,32,22,26,28,20,10,18,36,104,158,190,212,166,154,138,126,102,68,42,28,32,32,14,8,24,28,20,20,16,8,44,74,66,32,0,32,58,68,54,30,16,8,4,2,0,0,0,0,0,0,4,6,2,4,6,10,38,48,72,72,66,88,78,78,84,48,4,38,58,32,10,42,90,118,144,120,72,60,106,66,16,40,66,70,50,58,32,58,90,90,38,26,50,88,100,80,44,12,34,70,78,84,84,68,42,44,52,62,52,34,50,56,88,106,94,62,44,16,14,6,32,44,32,32,24,40,40,42,24,12,10,30,44,42,42,52,64,70,74,42,44,34,48,56,42,42,36,44,52,42,38,34,26,30,32,36,10,14,14,30,12,16,12,18,26,18,20,48,56,50,32,50,36,28,34,20,10,10,219
200,8,14,22,28,30,30,24,42,30,26,34,52,36,60,50,28,10,10,20,20,26,28,10,2,2,16,16,10,32,40,30,28,34,40,48,54,58,62,60,94,92,56,54,54,52,60,66,50,32,10,32,46,36,20,14,14,20,20,42,48,20,10,10,32,32,36,60,78,78,58,44,20,18,48,62,64,68,64,58,48,32,38,36,24,26,38,44,48,20,44,64,76,102,108,64,114,106,48,20,16,58,76,70,80,72,52,24,8,8,12,12,6,4,10,10,2,12,22,28,28,40,54,34,10,38,38,46,30,32,36,38,32,38,36,30,42,46,46,50,40,42,40,34,20,42,42,28,22,22,46,44,44,56,62,60,62,80,82,56,58,72,102,82,30,24,12,8,24,56,72,50,12,10,4,4,4,10,4,2,4,2,4,8,30,44,84,116,116,104,160,224,186,90,26,8,12,10,6,8,8,6,6,8,16,32,54,72,86,104,118,130,146,162,168,168,178,182,174,178,188,174,138,164,172,146,120,84,58,28,14,8,4,2,2,6,6,2,4,8,48,138,232,255,255,74,156,255,255,126,26,8,8,16,50,50,8,32,50,30,12,6,8,10,18,20,44,64,44,36,42,60,78,50,16,14,14,10,20,48,86,94,38,12,22,46,88,86,80,72,30,72,138,152,96,66,54,10,26,50,38,20,22,40,66,50,32,80,74,62,48,34,20,22,20,12,6,20,48,68,78,52,32,56,48,42,58,36,28,54,70,64,42,18,20,26,18,30,38,42,28,64,98,122,146,130,112,100,100,68,28,28,36,38,26,6,16,22,40,34,30,36,24,20,40,56,48,30,4,42,68,68,48,30,16,6,4,4,4,4,4,4,4,8,8,6,8,14,4,26,40,60,80,88,98,80,94,94,30,40,60,38,22,24,50,58,30,24,24,96,146,138,58,42,22,56,60,60,70,42,20,70,92,58,6,32,64,82,72,48,24,24,84,108,98,84,74,42,54,78,84,42,14,12,26,72,90,86,56,20,8,14,24,30,46,58,38,34,66,86,70,36,56,54,56,62,54,46,50,56,52,54,66,32,14,4,16,14,18,24,22,26,22,14,8,44,74,62,68,54,12,10,38,34,38,34,48,32,20,10,30,46,50,24,14,16,22,36,30,36,16,218
200,12,18,26,32,36,40,34,28,28,34,34,46,46,66,44,34,32,24,16,8,24,40,20,10,20,30,36,44,64,64,62,60,54,48,56,66,66,58,50,78,74,52,44,30,24,60,76,80,82,72,72,70,50,36,18,12,14,12,32,38,16,14,8,8,14,34,56,72,74,64,50,20,24,32,40,40,36,18,18,4,8,20,34,40,46,52,44,32,12,26,46,58,74,78,64,94,70,30,20,28,42,50,48,56,48,32,10,2,6,6,4,10,8,10,14,12,6,8,16,18,22,42,42,14,30,38,46,36,38,44,46,42,36,24,18,18,10,16,16,34,44,34,22,26,48,34,10,18,34,48,34,26,28,16,4,14,50,76,88,80,60,116,120,56,20,18,0,12,40,66,56,20,8,6,2,4,4,6,4,2,2,6,10,28,40,74,136,164,156,144,255,255,162,56,8,4,2,2,4,6,2,18,36,60,96,130,152,164,174,182,182,182,182,174,162,156,148,136,138,142,114,98,130,156,144,112,70,52,38,10,2,10,8,2,2,6,8,8,8,24,92,194,255,255,190,32,248,255,210,72,4,12,4,44,64,24,26,44,28,14,8,8,10,14,8,32,44,18,8,8,20,46,42,22,30,36,34,12,14,58,102,96,44,52,36,80,82,78,104,74,24,122,174,166,138,112,74,32,50,46,26,10,14,38,50,20,82,96,62,34,36,36,62,52,34,34,36,50,70,92,82,28,40,58,60,70,56,32,36,46,58,50,30,30,26,24,20,10,24,20,26,30,44,54,42,78,76,74,48,22,22,28,38,28,8,18,6,18,32,28,24,24,10,18,44,52,48,20,28,62,74,60,40,22,4,8,8,8,8,8,8,8,10,10,12,14,22,20,46,66,84,100,100,110,96,118,102,42,84,66,40,66,68,106,108,104,126,158,210,192,144,86,102,82,60,36,44,42,30,6,42,88,102,64,44,68,78,62,40,28,20,44,88,82,70,72,66,72,70,54,16,34,16,30,20,54,84,78,60,70,46,36,52,60,56,66,54,76,102,96,48,34,30,44,60,54,44,40,36,40,14,28,40,44,48,36,22,18,48,50,46,40,24,14,42,56,60,58,98,58,24,36,32,20,30,24,6,10,16,16,22,26,14,4,8,16,34,30,30,26,218
201,4,10,16,16,12,10,10,16,26,30,28,40,66,68,46,52,40,20,14,14,22,34,40,52,44,36,46,70,72,64,64,48,50,32,38,48,42,24,28,52,38,26,18,14,24,48,64,76,74,62,60,62,50,32,10,16,18,12,36,52,30,10,2,8,26,44,64,80,80,68,48,36,46,50,58,62,46,26,38,32,32,46,52,48,42,34,20,22,18,20,20,44,66,66,68,66,48,32,14,16,20,28,28,32,20,10,2,4,4,4,4,10,12,12,16,14,12,18,28,36,36,44,48,28,12,30,38,30,32,34,36,36,26,10,30,36,28,36,36,30,22,34,30,54,52,34,24,24,40,50,34,32,44,42,40,22,40,74,104,82,4,86,140,100,24,14,10,6,24,62,78,44,8,4,6,4,2,4,6,4,2,4,12,18,48,90,168,180,156,112,234,255,242,118,16,2,2,2,2,6,4,26,50,80,124,158,178,176,166,166,160,154,144,124,100,80,56,28,8,46,78,128,164,180,168,132,76,38,22,8,4,6,4,6,0,4,4,2,4,6,38,132,238,255,255,102,152,255,255,152,38,16,4,20,52,34,24,38,28,12,8,6,8,24,24,54,68,34,26,30,42,56,38,18,10,30,38,22,8,24,60,78,40,38,54,66,42,34,90,110,36,90,174,198,180,142,92,32,28,60,60,40,24,24,34,40,26,80,70,50,60,44,60,62,36,10,4,10,26,40,46,24,32,78,92,80,62,26,26,68,96,94,74,56,28,24,20,26,34,36,18,16,50,54,30,44,34,30,8,36,42,40,46,40,32,34,38,22,10,20,14,18,12,4,20,44,60,48,6,38,72,70,54,40,8,8,2,2,6,14,26,30,30,36,42,44,44,46,62,80,84,70,84,124,96,84,84,124,166,124,104,138,120,146,126,138,146,162,192,158,114,78,90,86,60,36,72,70,46,22,22,50,104,114,74,70,56,26,38,54,62,28,44,44,34,26,50,56,42,28,14,20,12,32,26,30,78,94,70,78,78,38,38,40,30,44,50,50,58,64,48,18,34,58,60,48,32,22,20,34,48,42,66,38,36,32,20,42,60,58,48,34,24,34,66,64,78,58,100,102,72,42,30,16,6,12,28,30,24,20,14,22,24,36,40,32,20,10,4,20,218
201,32,36,38,36,34,36,34,24,26,28,24,56,66,54,54,72,70,42,20,18,40,50,78,92,62,60,52,58,46,44,44,22,36,24,8,34,34,24,50,72,50,32,50,48,38,30,20,48,62,50,70,76,70,48,40,30,42,38,54,76,44,36,26,38,44,58,70,76,66,50,30,36,46,54,62,68,62,52,56,50,52,56,54,46,36,24,14,14,14,18,18,14,30,36,38,36,32,24,6,4,4,10,16,12,2,4,4,8,8,6,8,8,8,6,14,18,20,24,34,52,64,68,70,58,28,18,16,6,6,26,48,58,48,38,56,56,54,56,42,38,12,40,64,66,48,38,38,42,54,78,70,58,56,46,42,28,22,68,102,86,24,54,128,126,58,2,12,4,14,40,84,74,18,0,2,6,2,0,2,6,4,2,14,6,26,82,184,255,224,98,120,255,255,198,66,14,6,4,2,10,2,28,50,82,128,154,170,152,114,98,76,44,6,30,62,92,128,160,186,218,252,255,255,240,192,136,76,38,22,10,2,4,6,10,6,4,2,2,8,10,2,64,168,255,255,248,6,230,255,242,86,28,14,12,40,42,20,28,34,16,12,26,34,38,26,46,72,50,26,26,26,18,42,54,36,12,24,18,0,10,32,70,62,42,50,30,26,40,70,84,90,96,158,204,178,140,94,48,30,50,66,50,8,14,36,72,48,40,70,72,66,64,26,42,42,26,26,28,28,26,44,46,18,44,86,82,64,44,36,44,80,86,68,48,32,18,6,4,14,22,26,32,56,78,32,26,24,42,58,62,92,88,84,74,36,12,38,44,20,10,12,22,16,16,4,24,46,48,34,8,56,66,54,52,22,18,18,38,44,52,64,56,52,66,68,62,56,56,52,66,60,38,58,118,140,132,122,128,140,110,100,116,76,112,100,122,120,124,144,116,88,78,80,86,86,70,84,60,28,18,8,12,22,62,66,32,20,38,40,54,68,40,16,52,56,28,36,28,30,22,18,16,18,26,26,26,20,56,44,30,34,30,10,54,58,16,22,34,40,46,58,66,88,100,70,42,30,16,8,18,36,36,38,28,34,50,68,72,82,72,48,34,52,88,104,92,100,64,72,96,82,42,26,18,12,20,20,18,6,14,18,28,32,20,24,16,8,22,24,34,215
196,32,30,26,22,20,16,4,2,10,24,26,46,42,22,24,54,82,72,40,26,44,50,78,86,48,62,26,16,16,14,14,12,30,32,18,42,42,24,44,80,72,54,54,20,36,34,22,2,30,72,86,86,76,84,80,50,58,78,78,84,46,38,44,44,44,54,56,50,32,22,8,12,24,40,56,62,58,58,60,56,54,50,46,40,36,30,18,4,10,12,14,8,4,12,16,14,8,4,6,6,8,12,8,6,4,8,14,12,8,8,8,6,6,6,16,20,20,20,22,36,58,70,80,78,52,26,34,40,44,44,58,70,56,18,20,28,32,22,10,26,36,40,26,14,18,20,18,16,16,40,56,54,48,42,44,36,10,56,106,108,58,12,92,130,98,34,22,12,16,18,60,88,48,4,4,2,2,0,0,4,4,0,4,8,0,44,146,255,255,218,22,188,255,234,114,38,14,2,4,12,6,34,58,74,110,118,104,50,24,54,94,144,188,212,228,244,255,255,255,240,218,192,168,140,110,82,44,18,10,8,6,8,6,6,8,4,6,4,4,8,6,20,100,218,255,255,162,96,255,255,154,48,10,10,36,44,24,20,32,24,34,66,66,56,36,38,62,62,20,14,10,10,20,34,34,10,30,40,18,16,10,68,102,70,24,38,46,72,64,80,118,136,116,220,194,156,130,76,34,18,36,44,28,20,32,58,62,16,56,88,76,84,62,24,36,18,20,28,32,56,80,86,74,30,34,66,74,64,42,34,60,56,48,28,22,20,20,20,20,16,10,18,16,34,34,22,36,64,84,90,114,140,130,120,88,40,12,42,36,26,12,8,10,12,8,24,38,28,32,18,42,56,40,46,28,36,50,76,70,66,70,52,48,54,48,40,44,48,46,60,68,64,56,56,64,72,86,54,88,88,90,92,56,90,98,126,118,110,98,70,56,74,76,74,70,62,40,24,6,26,24,24,22,20,48,72,38,14,20,28,36,32,24,50,76,60,18,12,6,14,12,6,10,18,38,52,38,22,42,28,20,24,22,32,38,32,22,34,48,46,66,74,98,84,36,24,26,44,52,48,56,56,46,74,86,64,92,82,96,104,80,54,54,82,90,84,84,36,48,82,84,60,28,2,20,12,10,30,12,22,26,10,16,30,38,36,40,42,34,26,208
195,20,20,16,10,8,6,10,12,14,4,4,28,28,8,2,22,56,60,34,12,36,38,52,58,20,40,40,24,38,34,20,50,60,54,28,42,36,18,46,90,70,24,8,42,84,62,48,46,34,68,66,66,58,82,88,48,62,72,62,66,44,40,38,34,40,44,42,32,28,26,20,22,20,14,26,30,30,36,36,32,34,34,26,18,16,12,4,8,10,10,8,8,14,14,10,8,8,8,12,12,12,10,4,4,4,6,8,4,4,8,8,10,14,14,24,26,18,10,6,10,26,44,62,70,52,24,34,50,40,30,36,44,36,26,28,44,34,18,26,22,34,50,26,14,20,16,14,18,20,14,26,32,30,26,30,30,4,30,84,118,98,34,74,144,144,90,30,10,14,18,36,82,82,20,4,6,6,2,0,4,6,2,2,4,4,8,74,194,255,255,138,136,174,198,128,58,28,16,10,10,4,28,66,108,156,178,180,178,206,230,248,255,255,240,218,200,184,164,136,104,82,66,50,34,24,18,10,6,8,8,6,6,8,14,8,4,4,10,8,4,4,6,48,142,255,255,255,42,212,255,244,118,32,12,18,28,32,18,28,32,54,78,70,68,78,62,64,66,28,24,26,26,30,30,30,30,22,50,34,20,14,34,82,78,28,18,14,58,74,80,126,126,20,172,174,154,150,92,46,18,28,60,50,20,8,20,34,38,42,80,66,54,70,34,66,54,40,32,28,24,44,54,62,42,22,76,96,98,80,34,26,66,80,68,38,20,22,24,28,32,36,36,22,28,38,26,28,56,96,124,104,182,188,160,118,76,28,10,24,38,40,20,6,14,10,28,36,34,48,30,50,62,38,38,22,30,46,68,54,52,68,62,64,68,62,54,66,66,70,70,80,60,22,24,34,40,62,70,128,136,124,90,54,56,84,86,74,52,26,14,6,22,34,26,10,20,28,8,2,18,22,30,40,52,44,86,78,40,26,24,22,40,46,18,22,36,32,28,26,6,6,10,8,2,14,24,32,14,58,62,48,44,54,44,30,16,22,24,6,20,32,28,28,4,48,62,76,96,98,78,96,86,96,86,80,42,72,52,50,60,48,26,16,54,66,68,34,36,88,90,64,62,34,18,22,20,22,40,52,38,52,30,12,10,30,32,30,26,20,18,209
193,38,34,26,22,10,6,16,14,30,16,16,36,38,14,2,10,40,54,34,8,40,40,52,66,46,68,46,18,36,50,30,60,56,48,38,50,46,38,78,100,68,26,28,64,88,52,44,56,66,60,42,42,40,66,88,48,62,56,48,52,44,44,36,38,44,44,40,30,18,10,6,12,12,8,12,12,14,14,12,10,16,16,10,8,0,6,4,4,10,16,18,16,14,4,6,12,22,28,30,32,28,14,6,12,12,14,20,22,24,30,36,42,44,42,50,54,48,34,14,6,16,36,56,68,56,34,18,38,16,6,28,44,40,22,8,40,44,20,24,12,12,36,16,18,36,24,14,14,6,10,22,28,36,38,34,18,12,30,48,78,94,70,40,126,156,118,48,8,6,12,8,50,92,46,6,8,6,4,0,2,6,4,4,6,2,12,20,102,228,255,208,130,152,150,126,62,24,14,12,6,8,12,46,94,156,202,194,210,224,226,208,182,154,120,90,72,60,40,18,8,4,4,2,8,6,4,8,10,12,6,2,4,6,8,4,8,6,12,4,8,12,16,18,76,192,255,255,190,68,255,255,190,60,14,8,12,24,12,28,38,64,86,94,74,120,104,92,90,58,48,32,20,14,6,32,46,20,18,22,10,6,12,54,76,44,52,64,86,90,64,120,180,106,216,166,120,116,60,36,46,36,78,90,60,22,16,34,48,14,30,56,68,56,28,10,28,28,22,18,38,40,24,42,52,32,68,90,90,84,44,30,64,90,92,68,42,32,26,20,18,16,18,20,26,60,70,48,56,114,152,130,178,228,200,144,98,56,22,10,12,34,32,24,4,20,50,56,52,60,32,56,64,34,24,8,18,46,74,64,66,86,82,76,80,70,60,40,26,24,6,40,46,72,78,86,68,56,72,102,94,78,42,26,24,30,16,10,4,4,12,24,28,28,28,18,14,12,24,16,10,6,16,16,38,26,28,52,36,28,34,38,44,66,56,22,36,34,10,28,28,22,32,36,38,44,44,46,24,38,56,40,26,16,28,42,50,68,62,50,50,46,38,38,44,72,66,70,92,88,62,72,48,74,30,20,16,44,46,42,48,46,36,28,50,70,80,42,84,94,70,36,62,56,20,12,8,22,42,22,14,24,18,28,30,42,48,44,32,14,4,212
187,32,24,20,20,10,10,28,22,30,26,22,30,36,22,10,14,36,50,42,18,42,60,74,66,66,68,38,24,32,68,42,64,50,40,46,62,56,78,86,88,68,44,62,68,68,26,26,44,66,62,34,32,32,38,70,48,56,48,42,52,48,44,36,32,38,38,32,24,14,8,2,8,4,2,6,10,10,6,6,10,14,12,12,14,8,4,6,14,20,26,28,30,24,16,6,16,20,24,20,22,22,26,34,36,32,32,34,34,40,48,62,64,56,58,64,68,66,50,26,10,14,32,50,64,60,42,12,50,50,14,28,48,40,24,18,38,48,18,8,12,16,34,24,14,20,20,18,20,14,16,8,20,38,36,28,18,20,28,42,62,94,92,34,60,128,126,70,18,28,24,12,16,78,72,24,6,4,6,2,0,4,6,6,6,6,8,8,52,152,232,218,112,116,114,118,70,26,24,16,4,4,4,8,34,76,118,112,114,100,84,60,42,30,20,10,8,8,4,8,10,10,6,8,12,8,8,8,10,14,12,14,8,8,12,4,10,4,10,2,6,12,14,10,32,116,255,255,255,92,178,255,255,110,26,14,16,22,6,18,32,64,90,108,76,100,104,94,88,72,24,10,20,18,26,38,64,52,14,20,12,10,12,24,72,88,60,26,8,70,84,122,170,168,212,166,146,124,58,38,42,18,32,68,58,18,26,50,76,52,30,52,80,84,84,52,30,48,20,12,20,36,48,80,110,78,28,32,46,64,60,26,14,50,68,62,40,20,18,22,26,30,28,18,12,32,68,78,74,114,138,106,102,200,212,166,110,64,30,16,6,8,26,44,28,32,60,64,54,56,22,56,64,38,32,14,24,50,74,54,44,50,32,10,8,28,48,44,50,78,86,88,76,80,52,66,44,38,20,40,46,56,36,16,18,8,14,14,14,14,32,34,28,14,34,32,30,24,16,28,12,12,12,24,52,58,24,20,54,44,6,16,18,34,38,26,50,64,36,38,34,20,24,30,34,32,26,4,22,32,34,22,18,46,82,82,78,82,64,66,48,22,12,14,20,52,42,42,66,58,20,12,12,34,30,30,34,36,32,44,50,52,52,54,54,36,74,52,76,74,54,28,20,38,26,4,16,24,4,26,30,18,16,28,22,12,22,30,30,28,30,206
186,8,2,8,14,14,12,14,18,6,18,24,22,30,40,30,34,64,64,54,50,44,74,100,86,88,66,74,50,60,76,66,76,60,48,52,68,56,74,56,62,56,38,60,80,96,56,48,72,74,68,40,32,28,12,34,38,34,38,34,42,28,26,22,14,18,16,8,2,4,8,8,10,2,2,8,12,10,12,8,14,14,10,10,12,8,2,8,18,22,26,22,26,26,22,4,20,30,32,24,36,54,60,60,50,40,40,38,32,38,42,50,38,26,32,44,56,64,52,36,22,6,16,36,50,58,52,26,24,52,28,28,44,46,52,42,46,60,42,12,18,28,52,50,32,18,8,4,8,16,24,32,38,50,56,48,30,20,18,24,62,96,110,82,12,100,146,110,22,34,22,8,6,52,84,50,10,2,6,4,0,2,6,8,8,2,10,14,32,90,152,184,152,84,74,112,104,66,40,14,4,4,4,8,4,8,24,30,22,18,6,2,2,4,10,6,6,2,2,4,6,8,10,8,4,4,8,14,10,6,2,8,6,4,6,2,8,6,8,6,10,14,6,16,8,50,162,255,255,244,18,250,255,204,68,24,22,26,12,14,34,74,96,106,62,52,66,80,70,64,48,28,18,10,8,6,32,42,20,22,36,24,16,2,52,110,128,56,78,98,110,110,110,148,142,128,122,68,40,64,78,56,32,42,48,34,28,22,50,42,22,56,78,64,68,56,6,58,38,34,30,34,36,62,100,96,52,32,38,70,84,70,32,30,44,58,50,34,24,14,4,14,28,30,30,16,30,76,110,146,158,122,36,118,198,198,146,96,62,24,4,12,6,32,40,30,44,44,36,38,6,52,68,46,40,20,40,68,92,74,62,66,54,60,56,52,56,36,30,52,54,42,68,54,40,44,34,48,18,30,42,52,48,18,10,10,4,12,32,48,74,66,70,52,62,62,42,70,30,20,20,12,8,10,12,28,24,28,68,94,58,58,46,48,42,22,16,38,32,12,26,14,10,4,2,8,18,40,46,36,30,10,14,38,52,48,56,56,52,68,64,54,34,26,24,48,48,50,72,84,60,28,28,34,40,38,36,44,52,48,32,18,12,22,10,16,44,38,32,42,34,24,20,18,32,18,20,20,12,20,10,28,32,56,56,30,14,34,44,44,38,204
188,10,10,18,34,40,42,44,56,46,42,54,24,2,34,38,76,102,84,70,76,70,70,94,88,68,60,76,58,50,48,54,54,42,40,38,60,56,56,42,56,42,38,42,60,92,72,74,88,74,78,54,36,28,6,14,18,10,18,18,14,10,4,4,2,8,4,4,8,6,8,6,4,2,10,20,24,18,24,14,8,6,2,10,14,16,14,20,30,32,28,18,24,28,28,18,16,24,30,28,44,60,62,56,40,30,30,28,18,18,20,12,20,20,16,16,30,50,48,40,34,20,6,28,46,62,68,56,10,38,34,32,36,50,52,18,22,48,62,54,36,16,20,46,44,26,22,18,8,16,14,6,24,38,52,52,38,20,6,18,64,108,128,124,72,88,110,102,46,22,28,14,12,28,74,70,24,0,4,4,0,0,2,6,4,2,4,4,16,46,80,116,132,86,10,108,140,114,72,28,2,6,8,12,8,2,8,10,2,6,4,10,6,4,10,6,6,2,8,10,10,12,6,4,4,6,2,6,10,16,30,44,32,32,16,10,14,8,6,8,8,10,22,18,4,32,102,212,255,255,164,108,255,255,136,34,12,20,16,10,20,74,116,136,114,42,42,92,86,72,76,50,22,14,24,30,30,32,36,28,32,20,18,12,20,70,114,60,10,22,30,30,70,106,98,102,84,16,18,54,64,40,20,18,64,76,60,30,36,34,34,14,62,60,48,52,24,38,42,4,18,18,10,28,44,58,42,12,44,78,88,78,40,24,56,80,80,70,60,38,24,22,22,16,14,16,22,70,122,176,198,182,100,40,168,220,186,142,118,68,14,16,28,56,52,30,42,44,24,20,6,58,70,48,44,26,42,76,110,100,84,70,32,10,14,24,50,40,30,38,46,46,48,62,82,88,68,72,36,22,34,46,60,58,44,30,24,34,54,70,88,70,76,76,58,54,36,68,64,14,26,22,24,32,34,52,34,20,14,50,30,4,14,28,40,52,48,32,22,4,18,12,10,10,4,12,18,16,22,10,14,36,36,74,88,80,60,50,54,98,88,50,26,36,48,60,56,48,36,54,60,34,20,26,30,30,38,48,46,42,44,42,36,42,28,18,24,36,30,66,70,42,14,22,46,54,10,24,4,30,22,20,10,12,32,30,24,46,58,64,62,210
187,16,20,30,36,44,40,46,68,74,38,38,14,26,26,52,88,84,60,56,68,56,34,50,54,52,40,48,46,34,30,32,32,34,40,38,38,48,46,44,48,24,48,52,56,80,78,96,96,74,80,50,26,22,6,8,6,2,8,6,8,4,16,16,16,8,4,8,6,2,6,4,4,8,18,26,24,14,18,14,8,10,24,32,34,40,46,46,56,60,58,42,44,48,42,22,20,14,8,8,22,32,32,26,18,14,18,16,6,6,12,24,32,32,30,24,28,36,46,44,34,18,4,18,40,60,66,62,26,24,26,26,38,38,56,26,16,32,46,44,30,16,8,26,58,48,18,18,8,18,20,12,6,18,28,32,24,16,20,30,50,102,132,148,116,78,94,92,74,18,38,30,4,14,52,80,52,10,6,6,2,2,2,4,6,2,6,6,8,32,48,66,88,86,90,94,178,176,118,50,10,6,10,8,4,8,10,4,4,12,12,14,8,2,8,12,6,8,12,10,12,12,2,12,6,6,8,12,24,48,88,90,80,66,36,8,8,12,10,10,6,6,14,8,14,16,54,146,255,255,255,66,214,255,228,84,18,16,16,12,4,42,84,98,96,72,48,94,112,102,106,86,44,16,14,2,16,42,70,54,36,36,18,8,10,44,82,80,42,44,32,12,44,64,66,50,30,24,28,34,48,44,38,26,46,74,68,36,8,46,68,60,18,74,70,72,78,46,32,22,16,28,14,14,52,82,86,64,14,32,50,58,48,24,16,48,56,50,44,18,14,22,28,34,36,28,18,36,78,128,154,178,138,24,104,200,212,184,164,128,66,34,36,46,32,16,32,52,44,46,28,58,64,44,48,20,14,38,74,70,54,60,42,28,30,14,26,24,48,82,76,58,46,46,58,78,70,74,44,30,54,56,66,70,80,86,76,54,62,68,60,40,40,58,54,12,22,26,74,60,6,20,22,22,26,20,14,34,34,40,36,26,16,22,24,26,36,22,16,30,32,18,14,6,6,16,12,8,24,28,6,36,22,52,88,110,114,86,78,120,114,82,52,74,84,74,56,44,34,22,38,36,12,14,18,32,44,40,16,20,16,26,14,10,16,24,32,22,6,28,60,58,22,6,6,40,26,24,24,4,12,20,34,26,36,36,16,14,30,40,32,213
179,20,22,32,16,26,18,24,32,58,12,36,44,64,62,72,78,62,46,42,42,26,0,10,14,26,24,24,30,32,34,32,32,40,42,36,32,32,34,34,30,22,46,62,66,70,70,98,90,66,70,40,22,20,8,6,6,4,10,6,4,16,28,24,26,22,10,12,12,12,14,10,8,12,20,26,24,24,30,26,32,46,52,50,48,54,62,50,60,60,58,38,32,32,18,14,20,20,10,10,16,24,36,40,28,2,16,22,8,10,28,44,40,38,36,32,16,20,36,44,36,16,8,6,24,46,56,60,44,8,26,18,32,22,48,46,6,14,32,38,26,14,12,8,44,54,26,20,12,14,6,14,16,26,32,40,40,38,32,28,14,50,82,114,104,28,50,90,98,54,20,42,12,14,40,76,76,38,4,10,2,8,4,0,6,6,4,2,4,24,40,60,80,118,164,142,210,255,196,90,26,12,4,4,6,12,6,6,8,14,12,16,14,8,14,14,24,40,38,36,38,36,42,34,14,12,14,56,88,138,164,108,116,96,76,34,8,4,12,6,10,8,16,14,8,2,14,82,200,255,255,194,48,255,255,170,44,14,16,12,4,18,42,58,76,102,62,54,100,88,94,88,44,24,22,30,42,36,72,74,36,6,20,16,12,30,56,94,96,46,52,40,32,76,68,10,10,6,20,14,46,62,40,22,24,32,36,40,34,30,48,64,24,66,96,76,68,62,20,42,34,24,22,30,36,74,94,96,58,20,42,68,72,56,34,44,38,40,48,30,30,28,16,14,20,16,20,22,38,62,80,134,144,66,34,162,248,226,178,148,98,48,18,18,6,12,34,56,52,64,54,48,54,38,58,38,8,14,44,54,58,56,28,10,4,16,24,32,54,64,38,22,22,22,22,40,54,68,54,18,52,62,68,80,82,100,100,70,54,60,42,32,34,38,62,34,22,16,42,70,34,8,22,18,6,8,18,10,16,8,40,52,40,24,22,22,34,34,28,22,14,22,32,42,40,40,36,32,26,38,28,44,48,100,154,154,146,110,104,124,104,86,54,84,92,72,58,46,40,24,22,18,10,14,26,22,24,48,50,16,12,30,44,22,16,34,38,48,54,32,18,48,32,24,34,34,26,4,26,22,10,18,10,16,26,52,48,32,20,36,48,206
181,38,20,42,36,34,42,18,28,74,54,42,62,74,62,60,62,52,38,24,18,16,14,20,18,20,12,10,18,24,26,26,22,28,26,24,22,16,12,12,12,16,28,44,56,54,48,72,56,34,44,28,22,22,22,18,10,4,6,8,8,12,16,12,4,20,20,30,36,36,40,36,30,30,36,42,40,38,38,40,50,56,46,30,24,26,26,12,22,38,50,44,34,28,22,20,18,18,12,14,16,18,24,34,40,28,4,28,18,30,46,54,46,46,42,36,20,10,30,44,42,24,16,4,14,38,54,66,68,22,26,6,32,30,50,74,46,8,30,54,50,32,18,6,34,48,32,10,12,14,16,14,12,6,22,34,30,26,14,8,6,12,40,82,96,50,44,52,76,60,8,50,34,20,38,66,78,62,22,8,6,10,4,2,12,8,2,4,10,10,28,64,106,138,194,172,178,255,255,152,52,12,8,4,4,10,8,14,8,6,20,6,12,10,38,66,84,98,108,110,102,98,94,90,64,54,64,126,186,236,190,160,152,130,104,62,22,6,2,6,6,2,6,6,4,4,6,40,140,255,255,254,110,160,255,255,92,22,20,22,8,22,26,44,70,114,116,20,60,68,70,90,72,30,12,4,16,16,22,32,38,34,34,36,10,20,28,72,98,60,38,24,16,74,102,44,10,18,10,6,28,74,80,40,14,18,38,58,52,18,32,46,44,20,78,74,42,60,62,34,52,14,10,34,34,34,46,56,46,30,62,100,96,66,36,2,44,66,78,78,62,38,22,28,46,42,36,42,42,54,66,110,120,84,126,144,255,255,214,170,116,62,32,20,12,18,30,54,48,58,52,30,46,28,52,36,10,22,54,58,60,66,50,54,62,76,84,94,114,122,102,84,72,64,64,70,84,88,62,38,46,64,78,86,72,84,86,64,20,34,26,20,10,18,36,32,18,40,48,44,36,24,26,16,10,22,36,20,18,26,26,40,44,24,10,10,8,36,56,26,34,48,52,42,44,20,22,18,20,8,20,8,40,128,190,174,170,142,160,188,160,150,124,124,118,94,112,82,46,36,20,12,18,44,56,40,26,40,52,26,22,20,36,36,22,44,34,18,24,30,22,60,72,48,8,6,32,36,8,14,12,20,24,24,18,38,36,30,12,30,68,210
184,18,32,68,68,38,58,38,58,92,74,54,56,56,42,42,38,20,6,4,16,14,16,14,12,14,4,8,12,12,6,6,10,14,10,6,0,6,10,10,8,6,10,22,30,30,32,42,20,6,22,14,12,16,22,24,6,16,24,22,22,30,36,38,28,36,50,60,58,44,50,42,28,18,20,26,26,24,24,26,26,22,8,14,24,32,46,46,30,6,26,44,50,50,52,50,36,18,4,4,12,26,36,38,46,48,16,22,34,48,50,44,24,24,26,26,28,14,38,50,48,36,24,10,8,30,44,60,76,56,4,24,6,26,28,60,62,24,10,34,46,40,30,8,34,50,52,30,24,12,14,12,16,16,32,54,58,50,36,30,24,8,20,66,92,64,36,48,62,62,16,40,50,40,36,68,78,76,40,2,6,4,6,4,8,4,2,2,6,4,16,52,122,204,238,156,64,255,255,228,104,32,6,4,10,10,8,14,4,14,22,14,38,68,108,148,160,158,154,132,130,140,150,162,152,130,162,228,255,255,172,220,204,164,102,48,22,14,6,2,6,2,6,4,0,2,6,16,68,200,255,255,220,28,254,255,186,52,18,34,22,22,26,38,54,64,104,58,48,116,110,104,110,90,52,24,22,26,26,28,42,32,16,36,10,14,14,52,80,44,52,76,74,86,124,82,18,4,14,10,18,16,50,40,26,36,54,74,74,34,20,36,64,58,24,74,62,48,72,38,52,48,54,56,60,28,30,54,70,44,26,76,92,72,42,28,22,52,46,58,74,70,44,34,32,40,58,66,64,82,94,120,118,122,184,144,202,255,250,202,138,72,44,20,20,28,30,32,34,48,46,20,50,34,54,44,18,36,76,92,116,140,128,118,110,98,116,124,136,148,142,128,98,88,88,74,90,88,52,46,54,50,52,38,32,42,68,64,36,56,64,58,60,82,84,74,62,54,50,44,42,34,20,14,10,6,20,18,16,40,36,6,30,50,24,34,34,28,58,28,22,46,46,10,24,28,30,26,26,16,22,44,118,212,255,226,216,182,194,218,194,192,174,150,158,122,146,118,70,46,20,10,36,56,52,28,24,22,28,30,8,10,12,28,26,18,22,32,54,58,32,48,70,66,40,22,18,38,24,8,28,18,14,14,20,32,24,20,20,14,46,218
185,24,48,62,44,4,44,76,100,102,80,50,40,38,30,26,16,10,6,6,12,8,6,6,4,4,4,8,10,6,4,4,6,2,6,6,8,8,10,8,10,6,8,8,10,8,12,18,6,4,22,12,6,6,12,28,36,46,52,52,52,56,58,56,44,44,58,60,46,24,32,26,30,18,12,4,14,20,20,22,20,10,10,34,42,36,48,54,52,42,22,18,20,24,36,50,56,46,26,8,16,24,42,44,46,50,28,20,46,48,30,16,6,28,40,50,44,20,44,56,58,52,36,16,2,20,30,42,58,68,34,26,28,8,16,44,82,72,40,6,44,58,56,28,2,24,50,48,20,8,10,14,18,28,20,18,42,52,44,40,38,28,6,40,78,72,38,56,62,52,36,26,50,46,12,54,78,94,66,22,4,4,6,6,10,10,10,8,10,10,2,20,88,198,255,255,118,150,255,255,168,70,10,8,6,6,8,14,14,12,10,20,76,136,192,224,216,192,156,142,128,140,168,192,204,198,254,255,240,202,90,168,162,158,128,50,8,14,6,4,2,6,6,2,0,2,4,10,14,108,255,255,255,156,80,255,255,122,12,14,32,8,18,52,68,44,76,98,68,106,120,78,74,84,56,16,4,6,10,12,30,48,22,22,20,12,8,18,64,76,48,22,24,14,86,104,46,12,24,8,22,32,50,40,20,4,16,46,62,34,16,36,52,82,42,54,82,60,78,64,36,36,30,20,34,24,30,72,104,104,56,26,62,72,58,60,26,46,22,32,58,72,66,54,60,86,118,130,142,158,144,152,156,136,130,102,82,176,192,172,112,56,40,20,22,30,22,20,44,48,52,16,60,50,56,62,46,68,106,122,144,154,120,74,50,34,56,68,74,92,104,110,94,98,102,84,74,66,28,28,36,28,28,42,82,122,136,112,78,80,96,90,102,110,94,78,70,60,52,54,40,24,14,0,16,32,36,22,12,22,38,20,44,76,36,6,10,18,56,34,12,42,76,50,14,36,8,10,4,8,46,108,184,248,252,216,198,120,136,118,86,100,110,112,118,94,120,100,62,50,36,24,36,46,26,20,26,24,46,64,58,30,16,28,42,26,12,28,32,34,36,32,30,46,38,10,22,26,20,14,24,34,14,2,8,10,10,24,40,34,10,222
187,36,26,26,40,50,84,104,102,86,64,30,16,14,14,10,8,10,2,2,10,8,4,8,2,4,6,12,18,16,18,16,10,4,4,2,4,6,12,10,2,10,12,14,14,14,18,28,22,20,36,24,16,14,24,42,50,60,60,54,50,54,58,52,34,26,34,30,22,26,48,60,56,32,34,30,22,28,28,28,22,14,16,34,36,26,28,40,46,48,48,38,28,10,16,38,60,70,58,40,26,18,22,42,52,54,40,30,56,46,18,14,18,46,56,58,48,26,48,60,60,56,46,26,6,16,24,34,40,60,62,16,44,20,14,22,64,92,70,24,26,56,56,26,10,10,48,64,42,36,38,40,40,42,44,32,20,24,26,24,20,20,20,26,64,76,62,74,70,36,20,18,44,52,24,40,72,102,86,44,14,2,2,2,6,10,12,10,8,12,14,4,38,130,250,255,240,52,216,255,204,106,38,2,2,2,10,8,16,12,8,46,122,208,255,255,255,186,162,140,106,132,134,164,244,255,255,226,128,52,104,255,255,208,118,28,6,12,8,2,6,6,6,4,4,4,6,6,4,46,178,255,255,190,48,174,255,232,54,18,14,14,8,40,100,96,94,122,108,98,110,66,48,54,42,24,4,22,46,50,48,40,24,30,38,30,16,2,52,100,90,64,60,34,34,104,86,24,12,10,6,16,32,66,68,44,24,24,56,58,24,6,10,40,52,24,80,62,46,38,24,52,48,12,30,38,22,20,52,74,54,2,54,82,80,80,50,12,62,72,78,86,100,132,160,182,184,184,190,174,148,110,86,84,146,158,140,206,202,172,92,44,44,36,40,50,52,52,54,38,52,26,58,68,60,78,82,96,124,130,126,104,50,4,14,22,36,34,22,38,60,70,72,76,92,84,42,30,14,12,38,36,34,70,102,122,118,88,64,58,76,72,78,74,54,50,50,46,42,48,48,20,12,10,24,36,14,6,20,16,38,38,26,74,68,32,10,22,46,42,40,22,38,52,16,42,38,12,14,22,44,106,166,194,168,140,94,40,116,90,32,14,22,42,14,58,118,98,40,30,40,34,52,74,54,22,16,10,8,28,42,24,6,10,12,22,24,48,60,52,52,30,12,52,62,48,12,10,28,40,20,12,18,20,28,28,28,30,46,48,28,219
191,62,56,42,34,64,82,96,88,64,40,4,16,14,22,14,8,12,6,6,12,6,8,8,2,0,6,18,24,24,24,26,20,10,4,6,10,12,12,18,26,22,24,28,32,36,40,48,54,54,66,46,26,16,24,40,46,54,42,24,14,20,30,30,16,8,20,32,28,38,48,58,52,26,38,46,40,26,20,16,16,16,34,44,42,28,22,38,46,40,38,34,30,20,6,12,24,40,46,48,48,34,10,22,44,50,44,32,56,46,20,2,26,54,56,46,30,8,22,42,48,44,40,28,16,14,22,36,40,50,74,44,30,50,10,16,22,72,82,62,20,48,70,50,30,20,48,66,52,40,40,32,28,28,34,44,40,54,58,46,38,38,28,10,28,40,38,34,16,14,30,36,58,72,52,38,58,78,78,48,16,6,4,6,8,6,8,8,0,6,14,6,16,68,178,255,255,136,152,186,186,118,64,20,6,2,6,8,16,6,20,84,162,255,255,255,242,218,96,124,90,110,58,142,255,255,255,255,206,134,255,255,254,146,66,18,10,10,2,6,2,4,6,4,6,6,4,2,6,20,98,232,255,234,126,32,242,255,164,24,6,12,22,6,56,98,98,104,120,84,70,54,50,40,46,44,60,102,120,114,100,96,70,54,56,56,36,16,30,78,72,46,50,36,22,84,116,68,20,16,12,22,34,48,64,40,22,14,56,82,74,32,14,14,54,32,36,66,50,42,18,20,32,30,40,68,70,62,74,72,52,28,38,72,76,70,54,90,110,90,96,108,138,154,160,146,120,108,96,52,74,42,44,104,166,180,164,220,196,158,82,30,46,50,56,66,70,54,46,42,56,42,44,78,74,80,92,110,130,114,82,48,28,34,32,36,52,48,36,30,20,12,6,12,36,38,28,34,46,36,52,46,40,64,76,74,60,36,22,22,26,34,30,22,16,16,24,22,22,22,42,44,18,6,20,42,14,10,4,4,26,44,32,30,42,44,32,42,60,56,62,58,20,52,46,28,26,26,20,28,62,110,152,164,136,124,102,144,162,84,30,34,42,36,72,120,146,94,34,20,18,20,26,44,42,22,20,30,26,36,40,36,24,26,20,24,18,12,26,22,34,50,46,58,80,92,70,38,30,50,54,16,24,22,2,6,6,6,20,30,20,220
192,36,54,48,52,80,94,106,88,54,30,6,26,18,26,26,24,24,20,20,24,16,22,18,8,4,8,14,16,16,12,16,18,12,24,34,42,44,46,42,30,20,22,26,32,36,38,32,30,36,56,44,24,12,24,38,40,42,20,8,18,32,44,44,22,14,18,20,14,20,24,40,32,10,24,46,50,40,22,10,12,30,46,54,46,28,20,38,46,30,24,18,20,28,32,44,52,46,28,22,42,42,26,28,40,30,22,12,36,34,12,10,26,42,32,20,24,32,40,50,52,44,28,20,18,4,18,34,52,52,64,74,10,64,36,14,4,52,84,92,62,58,66,40,18,14,30,48,48,30,36,34,36,36,30,34,36,44,38,26,22,14,8,26,34,32,30,38,44,44,38,24,16,58,60,40,66,68,64,46,24,8,4,10,6,6,16,14,10,6,16,10,10,32,110,232,255,198,130,164,146,104,66,36,20,4,4,10,4,2,32,90,158,255,255,255,174,255,255,255,234,255,255,255,255,255,140,255,255,255,255,254,118,50,28,14,12,16,10,4,2,4,6,2,2,6,4,4,12,6,42,154,255,255,188,60,116,255,254,112,4,18,8,20,18,80,88,40,32,40,24,62,52,26,38,46,96,130,130,102,80,90,78,52,50,74,80,58,12,50,72,82,78,26,18,44,108,102,38,12,10,8,20,22,44,38,30,18,28,60,70,34,20,24,58,86,32,52,74,64,58,48,46,38,12,20,14,14,40,72,82,64,22,26,46,50,68,84,66,40,56,84,76,48,16,24,40,58,74,82,94,92,82,80,106,148,152,186,160,142,74,6,18,34,42,48,48,34,40,60,54,48,54,58,62,72,90,106,108,66,22,42,40,58,70,86,96,94,96,94,84,82,96,102,110,106,98,94,84,72,82,76,52,66,64,52,42,44,38,30,12,10,8,2,4,8,10,10,4,10,12,38,44,12,12,20,24,24,28,22,24,44,52,24,30,64,46,8,12,20,36,36,24,46,66,48,20,16,22,16,50,118,180,204,176,138,100,168,160,90,74,100,100,92,122,152,158,106,70,70,60,60,60,48,48,32,4,28,28,40,58,72,52,18,10,20,36,30,18,34,48,38,18,10,26,50,56,22,12,8,38,28,20,40,22,26,26,20,14,30,30,221
189,8,40,60,90,112,106,98,74,42,22,26,26,10,14,38,48,36,32,30,26,24,22,20,12,12,16,30,34,28,16,8,18,28,42,52,52,44,38,40,30,8,4,14,28,32,26,24,28,28,34,42,36,24,38,44,44,42,14,12,22,34,42,36,18,16,22,14,8,22,36,50,36,6,14,34,38,30,14,6,10,30,38,38,32,22,16,34,54,48,28,16,18,20,42,46,38,26,14,12,26,38,32,30,38,26,14,16,32,36,26,26,48,58,34,4,14,28,40,42,40,36,24,14,14,8,8,12,42,62,62,84,50,38,56,22,8,22,50,72,64,42,46,30,12,8,16,30,40,32,36,36,30,30,20,8,6,14,18,22,28,36,40,40,36,28,22,18,2,12,22,40,34,68,84,62,64,62,62,46,22,4,8,8,6,12,16,10,6,6,12,6,12,12,54,154,232,208,116,128,120,96,62,44,30,2,14,2,8,6,30,76,148,252,255,178,198,255,255,222,158,228,255,255,255,255,174,255,255,255,240,122,26,6,8,8,10,18,20,12,6,4,4,2,6,8,0,12,8,4,16,84,212,255,255,116,38,178,255,198,60,18,14,6,8,58,114,68,22,46,80,100,66,24,14,22,54,80,108,92,88,100,100,64,56,82,126,122,52,14,66,132,110,34,62,48,58,80,52,8,10,12,18,8,38,60,52,32,24,32,52,54,22,12,10,50,50,26,80,60,30,14,20,54,52,48,46,38,38,70,90,80,54,34,38,58,76,102,98,74,64,62,58,72,90,98,82,78,78,56,62,78,80,84,70,108,140,158,130,100,48,32,28,6,12,22,8,18,32,44,24,32,46,34,34,52,60,32,10,34,58,70,96,122,134,138,130,118,118,114,118,122,126,114,116,114,108,94,76,76,84,86,70,46,36,26,40,44,48,54,44,18,4,4,8,2,4,6,10,8,6,10,40,36,8,6,30,26,10,22,16,12,28,24,20,74,86,48,30,34,24,28,32,12,16,30,26,22,34,10,30,98,176,228,226,184,128,188,196,172,172,156,136,114,140,156,160,138,118,114,104,88,70,44,16,34,48,52,32,30,44,72,78,52,16,8,14,26,8,26,46,52,52,48,32,20,40,38,22,24,20,38,16,20,16,8,18,14,10,38,60,218
182,64,80,92,106,102,74,60,44,20,24,32,30,16,14,40,42,24,22,14,14,16,12,24,40,46,40,50,52,44,34,10,20,22,32,32,20,6,12,12,18,18,20,28,38,54,46,40,30,20,14,32,34,20,32,38,40,32,10,16,24,30,32,28,20,18,30,16,12,24,42,52,34,8,16,32,38,30,16,6,16,30,32,44,42,18,12,24,36,48,30,16,14,10,24,28,28,30,26,10,14,38,50,48,48,34,14,16,24,26,22,36,58,54,26,10,16,30,42,40,46,50,34,18,12,6,6,4,20,54,66,76,66,4,64,48,16,10,10,38,50,42,50,42,22,10,10,12,16,12,6,10,24,36,38,34,26,30,32,28,24,16,12,4,10,18,26,32,36,38,38,32,18,28,38,44,48,68,68,50,26,6,12,10,8,12,10,8,2,2,4,6,8,6,24,92,160,176,142,64,78,114,90,76,50,12,10,10,2,14,22,74,166,255,255,234,210,255,255,142,56,58,170,255,255,255,255,255,255,255,176,82,16,24,26,32,36,32,46,34,4,8,6,0,6,4,6,6,6,2,4,38,130,254,255,180,20,108,212,230,128,16,20,14,16,12,76,98,52,72,82,74,42,22,16,24,72,120,106,104,90,138,156,120,110,96,132,136,88,30,28,112,128,52,52,18,28,64,56,32,16,34,48,38,50,72,74,38,22,6,54,84,54,28,26,34,38,16,48,64,32,44,52,48,60,36,2,24,36,40,68,50,22,26,52,102,102,92,92,76,72,98,110,96,52,30,30,34,48,38,34,80,100,118,102,92,116,124,96,58,28,20,38,34,42,40,22,14,16,32,28,40,60,50,12,16,44,70,96,116,114,118,136,138,128,120,102,86,84,82,80,86,84,80,82,78,70,58,50,58,66,72,72,50,14,18,40,46,52,64,64,48,26,12,8,6,8,6,8,10,8,4,26,48,24,4,18,38,22,6,10,6,20,44,40,14,50,34,14,36,48,62,66,58,28,22,34,10,28,20,8,64,134,190,210,202,162,208,210,190,162,168,156,118,104,102,108,94,54,62,44,38,50,46,22,6,10,18,30,34,36,42,44,48,36,28,26,40,30,36,54,52,36,28,28,30,66,88,60,18,14,38,46,16,16,26,22,16,20,24,36,209
186,94,96,88,74,52,34,32,24,12,26,36,28,10,6,38,54,36,14,8,10,12,20,32,50,44,30,44,54,50,44,22,16,18,40,52,44,20,6,4,22,32,20,20,12,32,26,28,34,24,16,22,12,12,30,46,48,32,10,16,26,36,40,38,24,10,22,12,8,14,30,36,26,12,26,38,40,30,18,4,12,24,30,38,44,28,16,16,32,52,40,30,30,24,42,56,52,52,54,40,26,40,48,50,42,34,30,36,34,24,12,22,30,24,16,38,50,60,64,56,54,48,28,10,2,6,6,2,4,28,46,56,58,26,42,54,18,8,14,28,40,34,32,16,6,16,22,26,28,30,32,38,42,36,26,10,2,6,6,12,24,26,22,22,22,24,24,22,18,20,20,18,22,30,40,50,68,82,74,52,28,12,14,8,8,8,8,8,4,0,0,2,4,2,6,42,84,112,116,70,40,128,144,136,84,20,10,8,6,8,18,58,156,255,255,255,108,255,255,240,106,22,76,192,255,255,255,66,255,255,255,168,80,98,118,126,122,106,88,70,32,4,8,4,10,8,8,10,10,14,8,12,72,192,255,250,100,64,180,228,172,70,2,20,10,16,20,54,50,10,48,18,16,22,14,24,38,96,160,134,36,56,98,74,44,40,82,94,80,54,4,72,106,68,12,38,50,70,72,66,44,74,62,50,42,52,60,34,32,22,40,78,80,34,10,24,44,54,6,66,80,62,54,28,28,28,28,38,32,40,60,32,24,46,34,92,110,84,80,60,64,102,80,108,80,44,26,34,46,48,26,72,76,76,46,26,24,40,38,12,8,4,10,36,44,30,30,50,56,48,44,50,64,66,52,50,76,96,114,114,104,104,104,84,74,74,58,48,52,54,44,40,44,44,42,36,30,28,28,34,46,56,66,68,56,32,4,14,30,46,56,56,46,32,14,4,8,4,4,4,4,6,20,36,38,14,10,16,32,14,14,16,30,54,70,46,42,40,18,14,18,26,38,42,34,28,66,52,22,16,14,32,86,126,142,144,120,132,124,96,56,100,114,94,42,24,68,78,46,26,16,12,30,50,50,48,48,38,38,26,30,38,34,32,34,12,8,14,12,6,12,18,32,54,58,46,52,92,88,56,28,24,38,44,8,48,22,2,8,20,18,209
190,66,74,58,28,22,18,18,14,14,24,38,34,18,0,24,50,46,14,8,4,10,28,50,56,40,16,16,38,48,50,34,16,8,14,30,34,32,26,32,34,26,18,24,20,16,14,28,50,52,40,26,12,28,48,50,34,14,4,10,20,36,42,44,40,22,28,8,10,20,34,46,34,12,26,38,40,36,30,16,22,30,40,50,54,38,8,10,32,52,44,34,26,18,40,52,38,30,50,60,50,26,12,8,18,16,26,34,26,10,8,20,20,20,20,40,44,48,44,28,14,10,12,22,20,20,18,20,26,38,48,46,62,50,28,40,26,16,12,6,8,8,18,30,30,26,28,26,22,20,18,10,6,14,16,24,26,28,30,32,26,18,16,18,18,20,20,24,30,36,42,50,56,62,66,62,60,58,46,26,8,8,10,4,8,8,8,6,2,0,2,8,12,12,8,22,38,70,92,102,112,124,208,222,134,38,20,12,10,2,12,40,120,248,255,255,92,250,255,255,168,76,6,104,204,255,255,126,255,255,255,255,184,186,200,180,192,182,138,110,66,14,4,8,4,10,4,8,4,12,4,2,32,142,255,255,210,18,154,234,204,120,30,12,12,28,8,10,36,26,28,58,32,12,40,30,18,68,144,196,172,102,114,104,88,104,110,76,64,56,18,46,90,102,76,14,52,16,46,84,58,76,64,76,82,80,76,66,30,12,10,16,60,50,24,28,38,60,46,30,80,80,78,62,42,34,36,36,24,24,28,20,34,46,20,50,92,78,74,82,102,80,40,66,66,38,44,74,124,124,100,164,186,188,156,90,66,90,106,86,30,10,20,30,14,14,44,48,76,74,66,60,66,72,66,56,54,58,70,62,46,40,38,34,38,38,26,22,28,26,20,16,18,12,12,8,4,6,6,6,16,34,48,62,72,72,62,44,16,12,36,52,56,52,36,14,6,4,4,4,4,2,18,26,44,44,12,10,36,36,6,14,20,22,34,32,22,62,84,56,28,18,24,42,44,24,44,58,34,8,32,16,30,68,78,78,70,62,72,68,38,60,70,78,60,18,46,46,32,48,58,60,42,48,40,30,28,18,2,22,28,38,32,60,72,56,44,36,44,50,42,38,38,30,30,44,22,28,50,44,28,24,8,38,24,32,34,20,10,12,14,212
191,62,94,66,12,10,14,8,4,8,14,34,36,24,10,6,44,58,18,10,6,10,22,44,60,60,36,8,28,50,62,54,38,30,26,40,38,22,10,14,36,38,36,46,46,34,36,26,16,32,34,34,40,46,40,28,26,24,16,14,8,18,34,24,18,12,10,6,20,24,32,38,28,6,18,42,54,46,32,16,22,10,24,48,64,64,46,30,28,32,30,34,28,20,34,38,24,8,36,64,74,62,48,52,50,38,46,44,30,14,10,12,18,20,24,30,26,24,28,30,28,24,28,32,28,24,26,22,20,22,32,36,52,54,16,30,30,22,30,32,26,32,32,22,6,2,10,16,18,24,30,32,30,26,20,16,12,12,14,16,20,24,28,32,42,50,54,62,62,58,60,60,52,42,32,20,20,20,10,4,6,8,8,4,8,6,4,2,0,2,6,8,2,8,4,16,22,54,98,152,194,196,254,255,222,80,24,10,6,10,12,26,74,178,255,255,248,74,255,255,250,144,82,124,174,255,255,255,244,255,255,255,240,192,190,150,190,206,160,132,90,28,6,12,6,10,4,2,4,2,8,8,6,66,182,255,255,134,80,220,236,168,48,8,10,24,24,10,14,42,46,10,54,32,18,56,62,72,100,146,170,140,96,94,92,94,70,50,56,54,26,22,56,94,112,50,58,24,28,30,44,96,124,118,168,162,128,122,82,28,22,18,42,72,38,14,4,36,48,18,54,74,58,38,30,24,52,62,52,44,38,36,46,42,14,28,92,104,64,82,62,34,56,114,162,168,158,164,168,148,134,158,192,202,208,156,104,96,104,106,58,10,20,26,16,14,32,26,26,54,74,86,90,82,56,28,14,28,46,42,30,34,40,42,34,22,14,8,8,6,10,0,8,6,6,4,4,6,4,4,2,8,16,30,50,66,76,78,60,30,2,30,54,72,70,44,20,6,4,6,6,4,12,14,32,56,34,12,24,42,34,22,22,32,24,28,36,22,60,60,24,18,30,64,78,60,26,26,34,28,32,42,12,32,42,44,58,62,80,86,64,80,96,108,102,40,34,40,70,76,4,30,14,20,18,20,26,28,28,36,20,24,20,18,38,32,26,6,20,12,18,6,30,50,44,52,40,8,48,70,54,18,14,24,50,26,12,16,4,8,14,211
191,48,96,84,24,8,8,4,6,10,6,28,38,28,14,8,38,72,42,10,6,6,10,24,40,50,38,28,24,40,56,56,48,44,38,44,34,14,8,4,20,28,44,42,48,40,44,32,12,2,10,24,44,64,66,48,22,8,8,14,10,20,32,24,26,30,28,26,28,18,18,36,36,22,6,36,56,56,42,24,16,10,6,26,42,54,52,40,20,28,28,22,12,30,48,48,34,14,24,50,66,58,44,42,36,32,38,34,26,24,28,28,30,30,24,20,14,22,26,36,40,38,40,40,38,36,40,34,30,32,40,26,24,38,18,24,12,14,14,18,12,6,16,14,18,18,18,20,20,24,28,26,22,20,18,16,22,28,34,42,50,52,54,54,54,54,54,52,42,38,38,32,18,10,8,8,8,8,8,8,4,2,6,4,2,4,2,0,0,4,6,2,6,14,10,22,24,62,122,166,212,204,202,255,255,156,42,10,18,10,8,16,40,110,252,255,255,114,232,255,255,255,172,178,222,255,255,255,76,255,255,255,182,136,136,106,168,192,134,100,66,30,14,8,8,8,4,8,6,8,10,12,14,16,102,230,255,248,36,166,255,232,96,12,6,6,28,24,14,12,42,48,20,32,40,14,44,70,74,84,92,98,88,72,82,74,66,46,60,54,28,8,30,64,92,56,20,18,32,28,68,130,152,116,166,186,144,130,98,26,6,12,32,72,70,54,18,38,38,44,6,58,58,46,44,60,82,72,42,26,18,20,30,16,16,12,54,100,52,10,64,98,126,170,180,140,90,52,46,48,30,46,96,142,190,186,148,126,116,118,86,32,12,16,28,34,38,46,30,16,36,62,78,80,60,32,4,28,56,70,66,68,66,60,54,44,32,22,20,8,12,10,4,4,4,0,2,4,8,6,4,4,0,6,8,22,36,58,72,66,48,18,24,64,84,70,40,12,0,4,6,4,8,6,10,36,44,24,10,26,46,26,24,14,8,24,58,44,30,48,46,26,22,50,68,66,46,8,44,58,16,22,14,18,32,28,34,30,38,40,26,34,68,94,102,58,20,52,96,134,64,48,26,26,24,18,14,20,22,24,34,34,30,10,26,46,56,30,30,8,14,16,8,24,24,54,68,58,68,106,108,66,26,20,34,32,8,22,22,10,4,209
191,24,88,106,58,10,6,8,2,6,2,18,36,36,22,14,24,64,56,26,12,10,8,12,36,52,50,30,18,16,32,34,32,34,34,32,26,16,10,8,4,10,26,18,34,36,48,42,22,16,14,12,26,42,46,46,30,12,10,14,18,38,50,48,48,40,34,24,14,4,22,38,36,30,8,24,46,48,32,12,8,12,8,18,18,16,18,16,12,18,14,20,18,42,46,38,24,6,8,26,40,36,22,18,20,22,20,12,8,10,12,8,8,10,12,18,28,34,50,54,60,68,66,62,62,54,56,42,44,40,44,26,18,26,22,38,28,30,26,28,26,22,26,26,16,14,12,12,12,16,16,16,24,32,36,50,60,66,70,68,60,52,46,36,24,18,14,4,4,8,8,8,4,8,10,2,6,4,4,6,6,4,0,4,4,6,6,2,2,6,4,0,4,10,4,10,12,50,120,220,255,198,42,255,255,254,104,20,12,2,2,6,20,56,172,255,255,255,38,255,255,255,226,172,212,224,255,255,252,255,255,150,60,46,56,106,186,224,184,126,78,40,16,4,4,4,2,8,6,6,6,18,2,2,54,154,255,255,178,46,222,255,198,44,18,8,16,26,14,18,22,18,46,24,36,60,26,22,48,74,70,66,100,96,104,84,62,78,42,40,32,12,12,46,72,82,30,38,24,52,80,88,76,36,78,152,146,122,98,50,12,12,12,30,48,52,18,38,44,72,58,16,50,62,78,84,62,20,18,52,60,62,56,40,42,46,24,36,48,88,102,116,156,158,104,42,14,32,66,74,30,52,32,26,80,118,124,124,116,120,122,86,34,26,26,40,30,44,50,26,10,12,38,64,74,66,34,24,50,72,92,108,108,90,74,64,50,38,38,30,8,4,2,4,6,4,4,2,0,2,4,6,4,4,8,6,2,20,48,70,78,70,36,26,72,80,52,18,6,4,4,2,8,8,0,14,42,40,12,10,40,34,2,16,24,14,42,42,10,42,66,48,26,24,28,32,34,36,32,74,56,12,24,12,10,2,14,14,22,46,56,30,26,50,74,64,40,38,48,100,68,14,6,18,30,34,32,36,38,26,10,22,48,48,50,78,112,112,80,58,52,54,44,36,52,52,26,32,22,42,70,60,20,22,32,34,26,20,38,32,18,212
194,10,62,110,88,32,6,6,16,10,6,12,30,42,32,16,12,42,54,34,8,8,10,4,36,56,56,42,22,2,20,18,8,6,8,12,22,30,32,26,24,30,32,16,28,28,48,60,44,30,26,8,14,30,34,40,34,22,26,42,52,64,72,58,42,26,26,18,14,24,16,36,40,40,18,18,46,56,48,32,28,30,38,42,34,26,26,4,12,6,8,18,24,34,26,20,24,18,18,22,20,24,18,12,12,8,2,18,30,40,44,44,48,58,68,72,70,76,88,78,70,78,72,72,60,58,56,26,12,6,10,4,8,20,30,28,14,12,18,24,22,20,20,26,28,28,30,32,34,40,40,46,54,54,56,56,50,40,30,18,14,16,14,10,12,8,10,6,8,10,4,6,6,6,8,6,4,0,0,2,4,8,10,10,6,4,6,6,6,6,2,4,4,4,4,12,6,28,88,200,255,255,112,166,255,255,190,68,22,12,12,6,12,14,98,230,255,255,255,34,224,234,180,138,148,98,158,255,255,255,255,255,255,255,255,255,255,255,202,126,74,36,10,6,2,2,2,6,12,4,2,18,14,10,30,88,210,255,255,90,124,255,255,136,16,30,8,12,34,24,16,30,12,40,26,14,34,22,10,50,68,48,36,40,34,20,16,36,44,14,34,36,12,30,62,102,106,26,40,88,128,96,88,70,28,142,192,162,120,96,58,20,18,24,38,58,46,36,38,62,76,38,10,18,36,24,24,52,84,122,118,122,110,80,88,72,44,40,46,84,64,72,124,102,14,42,60,30,44,100,82,78,64,62,62,58,58,78,86,92,128,132,70,18,20,34,20,32,58,48,24,6,32,56,66,72,68,48,58,72,68,104,114,98,84,78,64,50,52,50,34,18,4,4,2,2,4,4,4,6,4,2,6,8,6,4,8,10,16,38,64,84,66,22,60,90,62,22,12,6,4,2,8,8,8,8,32,46,28,10,22,46,38,20,20,16,36,40,34,38,72,70,38,12,16,34,46,54,30,24,42,30,32,38,8,12,12,12,8,18,36,34,12,32,70,90,98,72,34,48,74,58,20,24,34,36,26,20,36,56,56,60,70,50,48,62,56,80,72,46,30,38,46,10,48,66,60,70,70,54,36,54,44,36,20,2,30,24,24,20,6,215
198,24,28,86,104,58,6,6,10,6,2,2,16,42,48,22,6,30,52,46,14,4,10,4,24,50,62,56,38,12,12,18,10,4,20,32,38,36,42,40,30,30,30,2,24,24,26,42,42,34,42,32,26,42,48,40,16,10,24,36,40,46,48,34,26,12,16,14,18,20,10,18,24,34,26,6,32,50,52,44,32,26,38,36,28,26,28,22,28,30,28,28,28,28,18,8,20,24,34,44,44,38,36,34,40,44,44,50,54,64,76,86,92,98,104,98,84,74,70,52,46,42,34,34,26,26,38,36,38,28,26,18,10,8,14,2,12,8,12,18,22,28,32,38,46,50,50,48,48,48,42,42,38,28,24,16,6,0,4,4,8,6,6,2,8,14,14,12,12,10,6,4,2,0,2,2,0,0,2,4,6,4,6,12,12,14,12,10,14,10,8,10,6,4,2,10,6,10,42,126,255,255,246,36,226,255,224,112,40,4,6,4,6,10,48,158,255,255,255,238,180,122,62,42,52,114,174,232,255,255,255,255,255,255,255,230,204,172,126,76,34,8,6,8,0,4,0,4,6,10,4,6,10,2,14,38,132,255,255,208,12,204,255,250,82,28,28,6,12,24,16,8,20,6,18,28,8,24,18,8,24,34,10,12,28,32,44,36,26,28,32,52,36,4,38,72,108,62,36,28,114,130,116,106,62,48,138,166,138,116,96,48,32,28,36,56,50,18,28,54,88,86,70,62,70,50,84,110,124,136,116,122,128,80,70,50,12,16,40,112,138,142,160,140,64,94,96,94,104,114,124,88,80,72,60,52,60,60,66,70,102,134,102,46,24,30,24,18,36,54,50,24,6,30,44,52,66,70,64,56,36,68,94,92,80,70,56,50,52,46,34,30,20,4,2,4,8,4,2,4,2,2,6,6,6,8,8,8,6,10,32,68,80,34,44,94,78,32,16,8,6,2,8,6,6,6,18,38,40,24,6,22,48,36,12,26,28,14,30,14,32,58,40,30,42,62,76,88,82,42,36,36,14,44,34,8,16,10,6,6,10,18,14,28,70,92,102,86,36,36,80,102,74,22,18,38,24,28,42,36,22,14,18,18,36,50,28,42,46,34,12,10,36,42,30,58,46,32,28,26,30,72,86,68,26,16,14,32,20,6,2,213
197,46,2,56,108,94,12,8,10,8,6,4,4,32,54,42,10,22,48,54,30,6,8,0,16,42,64,68,56,32,14,10,8,14,24,28,28,26,26,38,52,56,52,26,6,18,18,32,40,38,48,46,32,46,46,26,6,22,34,44,46,46,40,28,16,8,20,20,10,16,18,32,42,40,26,8,16,32,36,40,30,24,28,24,18,22,26,24,22,14,8,2,8,14,26,38,42,44,60,74,76,78,84,86,86,80,78,66,62,68,74,72,68,62,56,42,26,24,8,14,14,12,28,36,44,58,56,42,22,6,10,14,14,16,16,16,28,44,44,46,48,48,46,44,38,32,30,26,22,16,12,4,6,6,2,8,8,8,16,26,22,14,8,10,12,8,6,4,2,0,0,2,4,4,6,6,6,6,6,4,6,8,8,12,12,14,14,6,6,4,14,10,4,2,2,8,10,8,14,62,186,255,255,176,176,204,196,136,70,18,8,2,2,6,14,90,192,255,255,255,252,255,250,252,255,255,255,255,255,246,202,186,160,124,100,72,54,40,24,6,2,4,4,6,6,6,2,4,4,6,2,2,6,8,16,10,66,192,255,255,144,80,255,255,224,54,26,18,20,18,12,6,4,18,28,24,16,28,24,28,22,12,26,24,20,14,14,34,8,26,0,36,46,26,4,36,74,62,14,36,30,112,150,158,152,84,68,122,144,120,110,68,34,44,60,78,84,52,54,72,108,128,116,90,78,50,62,90,92,78,48,40,76,62,50,36,30,30,22,36,92,128,160,168,94,90,66,80,74,62,88,90,74,78,64,42,30,44,64,80,110,154,164,112,50,24,22,10,16,42,64,62,36,26,24,40,54,54,68,66,20,32,48,62,66,56,38,42,54,50,42,42,32,10,4,6,8,10,2,2,6,6,14,18,8,12,10,8,8,10,30,52,76,44,26,78,78,38,12,12,16,8,6,2,2,4,4,20,34,32,14,2,26,44,6,20,20,32,56,64,32,56,46,30,18,26,28,42,46,26,22,68,60,20,34,18,22,8,2,2,4,22,40,34,22,42,54,58,76,70,74,112,100,60,10,36,24,46,68,62,70,68,54,32,28,30,16,22,66,80,54,30,42,54,38,16,10,18,30,24,12,36,48,62,46,10,26,12,22,24,32,209
205,82,28,30,96,118,50,4,6,4,4,4,4,22,44,54,34,4,36,52,40,20,6,2,12,30,50,62,60,42,22,12,16,20,24,28,36,40,40,34,52,60,60,46,16,12,28,42,48,44,42,36,20,24,24,24,18,34,50,58,56,50,40,24,18,18,18,18,18,20,22,28,28,20,18,14,8,14,14,22,26,24,22,14,6,2,4,20,34,38,44,50,56,66,76,82,78,76,90,94,86,84,86,80,66,62,60,48,26,32,28,22,20,18,26,36,52,62,60,58,58,58,62,64,66,68,56,38,22,18,22,30,38,44,44,52,58,52,50,48,40,34,28,18,12,8,8,10,8,4,6,8,6,10,8,12,16,16,16,10,2,4,2,4,8,6,4,0,4,4,4,2,0,0,2,4,6,12,14,20,26,30,32,28,20,20,24,16,2,6,12,12,4,0,2,4,10,14,14,34,118,240,255,252,156,174,146,122,80,40,20,4,6,4,8,34,102,194,255,255,252,255,255,255,242,220,186,152,132,110,78,50,34,24,12,2,4,10,14,8,2,4,4,2,0,2,6,4,4,2,2,4,8,16,18,8,26,104,254,255,255,74,160,255,255,192,46,22,20,24,22,14,6,12,22,36,24,34,30,24,32,26,2,28,34,28,20,30,32,44,36,10,38,42,20,26,74,90,56,56,56,78,128,132,134,88,2,70,128,126,114,92,70,114,120,118,124,86,70,84,78,116,120,96,66,40,52,106,110,88,62,50,72,66,60,60,74,88,84,40,46,66,104,138,104,46,16,4,12,44,54,70,68,84,76,46,24,64,86,108,124,162,204,174,90,32,22,20,24,32,42,56,48,18,10,40,60,58,82,86,20,56,54,58,66,46,14,16,36,46,52,58,46,20,6,16,2,12,6,2,6,24,16,24,20,8,8,6,20,24,44,66,88,58,30,72,68,36,8,4,8,6,6,6,6,2,2,6,22,30,26,4,10,44,34,18,26,14,18,42,22,40,74,70,38,32,24,40,52,40,26,36,60,30,26,38,24,14,12,18,26,30,44,68,50,22,72,82,114,100,28,58,70,72,34,60,64,66,70,56,48,32,28,26,26,22,16,8,22,54,56,34,20,28,36,30,4,28,48,60,58,50,24,32,52,32,10,26,14,20,10,213
211,88,52,2,68,114,82,18,4,4,6,4,6,16,36,56,48,14,22,52,48,28,12,4,4,16,34,52,58,46,28,8,10,20,24,28,30,32,32,16,34,42,52,50,36,20,16,10,12,22,22,18,12,12,10,18,18,38,50,48,38,24,10,10,20,26,24,20,28,28,24,12,8,20,28,30,26,36,36,26,16,14,20,26,32,38,46,62,72,72,78,78,80,88,90,84,74,68,72,68,52,40,38,28,22,20,32,44,42,48,58,58,54,58,68,78,88,92,88,86,86,84,84,84,84,82,70,58,50,46,46,46,44,42,38,36,28,18,18,14,6,4,6,2,6,8,6,8,10,10,8,8,2,10,8,4,2,2,2,4,4,2,4,4,2,0,4,6,4,2,6,8,12,16,18,20,34,34,38,40,42,46,50,46,46,46,50,42,18,2,4,14,10,0,4,2,6,8,12,16,68,158,226,234,136,120,126,94,66,48,26,10,10,8,16,18,44,100,142,152,158,156,130,104,82,60,36,28,32,26,16,16,10,8,4,8,6,4,6,8,6,4,6,8,8,12,14,10,6,0,0,0,2,12,18,12,12,46,160,255,255,220,18,196,255,255,152,56,28,42,28,38,18,18,26,22,24,32,38,20,22,46,30,10,24,26,16,26,40,10,20,20,26,44,26,16,60,94,82,70,46,40,58,58,90,90,44,16,112,164,152,138,118,152,114,80,74,24,16,22,14,34,58,70,84,70,38,88,114,108,64,30,40,46,40,24,26,54,60,20,32,66,94,132,130,74,16,14,26,32,4,16,14,42,70,62,70,88,50,56,30,54,112,128,86,32,10,26,22,24,26,44,56,38,14,30,60,64,96,106,26,50,34,60,88,68,46,38,20,6,34,56,62,50,22,14,6,6,8,4,28,48,34,44,44,38,22,32,34,36,58,78,90,58,42,88,82,42,12,12,2,0,8,10,6,4,2,0,14,30,32,18,12,14,44,36,6,28,22,30,34,22,64,82,48,10,22,48,72,74,66,30,38,40,42,54,36,2,10,18,12,6,12,16,52,46,96,100,114,122,28,50,88,120,76,18,2,28,20,28,38,24,30,32,34,46,60,72,66,72,78,68,40,24,30,46,42,38,38,32,22,26,42,56,82,76,48,28,30,40,36,215
212,92,70,26,32,92,100,42,2,4,10,2,8,2,20,48,54,30,4,44,54,38,22,6,4,6,20,40,54,52,38,22,6,20,28,36,40,38,30,14,38,60,70,70,60,46,36,32,34,44,36,18,6,6,14,20,28,44,44,30,12,10,18,16,16,18,8,10,12,6,18,20,16,20,28,34,38,46,44,48,60,66,66,64,62,62,62,72,76,74,76,64,58,56,48,32,22,14,4,20,28,40,52,52,54,66,76,76,64,58,72,72,80,92,98,100,98,94,86,80,76,72,72,72,70,64,54,44,34,34,30,24,16,8,2,0,0,0,2,4,4,6,8,10,6,2,2,4,8,10,12,14,10,14,6,6,4,2,0,2,8,12,10,8,6,2,4,6,22,32,38,46,60,64,66,54,52,38,42,44,46,50,58,56,54,58,64,58,32,14,14,6,10,2,4,2,4,2,4,6,28,86,144,198,178,64,82,116,94,74,44,14,8,8,0,4,12,28,44,50,56,46,32,22,18,6,4,6,14,10,12,12,2,4,10,8,2,2,4,6,6,2,2,4,4,6,6,8,8,2,2,2,4,10,16,14,6,10,92,220,255,255,192,26,238,255,252,158,26,58,32,60,58,8,44,28,20,34,64,42,38,56,64,36,12,32,26,12,42,42,20,24,10,42,38,16,30,56,62,38,28,68,68,62,76,60,52,106,98,178,146,120,64,62,6,34,42,88,102,96,92,90,100,94,76,48,32,50,50,84,60,30,36,18,26,18,22,50,80,58,16,22,54,78,84,82,42,46,70,98,56,44,34,50,60,34,64,102,90,150,160,186,200,156,86,28,8,12,8,16,12,24,44,38,6,18,42,46,68,92,26,36,44,70,88,64,58,50,56,42,14,34,50,58,40,12,2,8,2,14,62,80,56,64,66,68,36,46,38,38,62,78,84,54,44,94,102,70,22,8,2,2,10,14,4,8,2,4,6,24,34,36,14,2,32,48,20,12,14,24,46,50,26,38,48,46,30,38,52,60,56,28,26,68,68,38,46,16,28,30,12,14,20,32,46,30,38,74,78,96,66,58,104,132,98,58,24,28,14,20,54,60,64,58,44,36,38,40,44,36,26,38,40,26,22,40,36,14,18,32,48,50,36,28,52,64,64,26,16,6,24,212
215,98,90,44,10,72,108,66,12,6,10,8,6,6,6,32,52,46,18,24,48,44,32,10,6,6,14,32,50,60,54,46,28,22,24,30,32,32,28,22,14,42,54,58,54,42,32,28,48,52,42,28,28,32,38,34,34,36,24,18,22,28,32,28,30,32,20,22,24,42,54,50,48,52,54,54,54,56,54,72,84,74,68,66,54,36,26,34,36,32,26,6,6,16,32,38,56,58,52,58,74,74,72,78,86,88,80,68,54,46,64,72,82,82,82,76,68,62,54,46,40,36,36,34,28,22,16,8,8,8,8,6,10,12,12,10,8,4,4,4,2,0,0,6,10,8,4,0,6,6,8,12,10,6,2,2,4,4,4,2,4,10,18,28,36,44,52,66,84,100,112,126,138,124,124,106,82,66,58,64,64,68,78,68,60,66,78,80,60,26,6,10,4,6,6,6,2,0,0,2,14,40,70,128,158,86,48,150,168,136,84,26,4,8,10,4,10,6,6,6,8,4,4,6,6,10,10,8,14,8,8,10,4,8,12,8,4,0,4,8,8,2,2,4,6,6,4,6,8,4,6,4,6,8,12,16,8,10,48,136,248,255,255,164,84,238,255,255,94,52,26,36,68,40,38,60,36,38,56,60,68,70,96,82,28,22,38,42,22,42,20,44,22,40,40,18,16,36,46,60,102,102,68,64,70,40,78,124,16,96,74,72,78,76,98,118,114,132,110,100,90,62,74,68,48,34,28,26,36,78,56,12,14,32,48,52,56,70,120,126,98,50,38,72,92,108,100,96,68,104,62,20,54,72,126,122,138,168,166,182,172,180,134,62,50,62,20,14,6,8,6,22,42,44,32,36,64,64,62,86,42,28,68,118,112,58,46,36,54,62,20,20,38,50,42,24,10,2,12,42,96,108,78,86,90,92,58,58,46,40,62,76,80,54,48,96,108,82,38,8,2,6,2,12,4,8,0,8,6,16,28,40,34,8,12,34,34,16,22,22,24,46,40,20,78,74,34,38,36,44,52,54,40,60,84,46,18,32,8,20,16,2,8,10,40,84,46,70,92,80,90,40,70,108,70,40,38,42,58,44,42,54,54,44,26,6,4,0,8,12,22,34,56,48,24,30,54,50,24,14,34,48,54,50,24,22,50,32,20,30,48,216
217,64,92,60,12,52,108,92,36,10,4,10,2,4,4,20,44,54,34,12,34,44,40,16,6,8,10,22,40,56,58,58,48,40,40,44,44,42,32,22,10,14,30,42,50,52,50,46,48,34,22,18,16,22,24,14,10,8,24,40,50,50,46,40,40,42,40,44,54,64,64,68,78,76,66,62,52,40,40,54,48,26,24,30,24,20,22,36,48,52,60,56,68,72,70,76,82,76,68,70,76,70,62,78,92,84,76,66,56,54,58,56,48,44,40,34,28,26,24,20,18,12,8,6,2,2,4,6,2,2,6,8,8,6,6,2,8,8,6,6,6,4,2,2,6,6,6,6,6,4,2,2,4,8,8,10,14,20,28,36,46,62,80,92,106,126,142,158,184,210,222,226,214,186,184,156,130,104,60,62,56,56,62,52,54,66,80,94,88,56,18,6,2,4,4,6,6,4,4,6,6,12,20,56,102,116,140,144,250,246,164,58,4,4,8,2,10,6,2,2,8,10,6,4,4,2,6,2,12,10,6,10,4,6,10,10,10,10,8,2,10,8,6,4,6,8,6,6,6,2,6,8,6,8,12,8,8,4,24,50,132,254,255,255,156,54,230,255,192,36,26,6,60,70,12,62,76,56,14,52,80,68,102,104,56,10,28,48,48,54,30,46,42,30,30,30,34,34,64,84,92,68,38,28,36,54,112,158,112,172,114,124,134,94,106,116,100,96,60,70,62,38,38,40,38,36,30,44,44,62,52,44,36,20,6,12,16,6,48,74,74,42,20,96,136,126,82,48,26,74,56,42,56,68,82,110,116,140,144,144,144,132,62,56,12,42,38,10,20,20,30,34,36,36,40,32,84,96,86,102,70,30,44,124,140,98,72,38,26,54,54,40,66,74,60,44,34,20,30,58,92,94,68,70,84,84,68,54,34,24,40,56,64,46,36,90,108,86,52,30,18,2,4,8,2,4,2,6,6,8,18,32,44,28,6,10,40,42,18,24,26,38,50,38,78,108,78,44,22,26,38,58,50,28,34,46,44,52,50,16,16,12,8,4,16,24,38,56,102,78,96,74,56,126,112,100,58,14,26,32,24,36,40,34,18,8,28,42,48,56,66,46,40,50,36,24,30,34,24,18,28,30,20,24,44,36,76,84,50,22,22,218
212,34,70,68,34,22,92,110,60,18,4,8,0,6,4,12,32,50,38,8,22,42,44,24,8,6,4,10,24,40,44,44,42,38,38,42,44,40,28,10,12,16,12,12,20,26,26,18,10,8,20,24,22,28,34,34,46,54,66,74,70,62,56,48,48,52,56,64,70,68,56,62,60,36,36,30,16,16,20,40,50,40,28,42,52,52,44,44,52,50,62,74,80,76,70,72,76,74,68,68,72,68,58,64,58,44,48,46,42,36,26,14,14,14,12,8,8,10,8,6,12,14,6,4,4,2,4,2,4,2,8,12,12,8,6,4,0,2,2,2,2,2,2,2,0,2,2,4,6,6,6,8,12,16,18,26,38,52,68,96,128,152,168,178,198,222,234,238,255,255,255,255,220,230,220,180,134,90,36,8,20,28,40,38,12,48,58,76,84,62,24,4,6,4,4,6,8,8,6,8,8,4,30,60,100,170,230,206,255,255,255,116,26,4,8,6,2,2,2,4,2,4,4,2,6,10,12,8,8,10,6,10,10,10,4,6,12,18,20,12,4,2,6,4,8,12,12,6,4,0,4,6,4,8,12,8,8,14,8,20,60,132,255,255,255,168,66,255,254,140,24,34,58,92,56,22,66,78,66,62,52,34,72,84,60,30,24,28,28,4,14,8,18,2,30,48,42,4,60,128,144,98,36,20,42,64,116,150,114,128,102,138,112,46,68,84,58,54,34,62,62,40,14,24,42,46,14,24,44,68,80,56,22,44,54,48,52,52,70,76,72,66,42,66,130,154,130,88,82,102,82,42,42,64,70,68,76,94,100,104,106,74,44,74,62,14,42,36,56,54,66,80,78,82,78,34,42,70,78,102,78,46,16,72,128,114,92,72,58,98,110,86,100,110,90,64,52,38,32,40,66,88,50,26,44,32,40,32,16,26,42,70,82,58,22,54,94,92,68,58,48,24,14,12,6,2,2,2,4,4,6,20,46,48,14,10,16,40,26,16,12,18,18,30,6,52,58,42,34,44,56,74,74,42,18,44,56,14,28,36,22,36,14,20,28,34,28,36,80,82,112,82,38,98,132,160,118,80,34,34,26,22,26,18,14,38,60,66,48,54,62,58,18,34,48,26,6,16,34,42,30,24,30,56,60,32,56,78,60,32,16,213
205,46,50,58,46,6,54,110,90,28,2,10,4,10,4,4,18,48,46,22,12,44,52,34,8,6,2,4,8,24,34,36,34,30,28,32,32,20,16,18,26,24,24,22,22,26,30,34,42,52,54,52,52,54,60,64,70,76,82,80,66,68,62,52,40,36,30,28,22,10,2,22,32,28,44,52,50,40,34,48,56,56,54,66,68,58,44,40,54,66,66,66,64,58,54,56,60,56,48,46,46,40,30,24,16,12,12,10,4,2,6,2,6,8,4,2,6,4,2,6,2,12,8,4,4,0,6,4,4,6,6,6,14,10,8,8,8,10,8,8,10,6,6,12,10,12,18,20,22,22,18,18,24,24,30,36,42,64,96,148,194,226,250,255,255,255,255,255,255,242,206,162,152,168,150,122,110,92,70,38,42,30,28,56,44,28,58,58,74,74,38,0,8,8,12,12,6,2,6,4,2,8,18,76,138,196,248,220,228,255,255,172,60,20,10,12,12,8,4,2,4,4,8,8,8,4,4,6,2,8,18,24,18,10,8,8,8,8,14,14,10,12,14,10,10,12,14,8,2,0,4,6,2,4,10,10,2,8,8,12,24,38,120,255,255,255,80,152,255,255,114,42,44,90,86,18,28,66,100,88,50,30,82,76,68,46,48,38,34,24,14,16,10,12,30,22,40,40,18,74,136,148,112,46,54,34,64,92,98,106,120,136,68,22,34,44,18,20,12,38,56,48,26,36,58,72,62,22,30,60,84,90,68,58,42,24,30,32,16,40,74,84,66,62,118,112,72,52,78,96,106,86,86,108,90,58,54,68,54,46,34,8,6,32,58,38,42,56,58,62,64,110,106,98,108,74,40,48,68,92,64,26,18,42,88,90,68,70,88,120,118,74,86,114,108,74,48,34,20,22,42,88,88,42,52,24,12,24,40,28,32,70,98,82,50,62,46,68,66,74,78,58,38,30,22,16,10,6,6,2,4,4,30,50,32,18,16,16,32,22,2,18,32,54,52,28,46,54,24,8,10,26,40,32,28,46,84,72,22,42,18,18,18,6,8,10,26,52,66,96,100,62,32,10,62,124,92,54,30,26,52,54,58,48,30,32,28,20,10,32,38,48,54,44,72,74,50,84,88,92,82,40,8,34,56,56,58,68,62,50,44,217
197,120,24,46,56,16,30,96,114,56,6,14,6,12,8,0,8,42,50,38,4,40,60,56,28,8,10,12,16,16,6,10,10,10,8,12,16,16,20,26,24,22,24,24,30,42,50,58,66,70,68,64,60,56,52,48,46,54,52,36,16,24,22,14,18,18,22,26,32,42,44,52,56,62,68,64,56,46,40,44,54,56,66,72,70,60,50,52,58,56,48,46,44,40,38,36,30,20,14,10,6,2,2,4,4,8,2,6,4,2,8,14,12,10,4,6,6,2,4,8,4,8,4,2,4,2,6,8,6,12,2,4,14,16,16,14,12,12,22,26,26,30,38,38,36,36,34,30,32,36,38,40,40,38,52,52,54,90,132,182,222,248,255,234,212,186,142,98,42,28,92,144,198,250,248,234,184,120,90,48,64,48,22,32,56,40,96,98,98,88,54,16,6,10,8,8,8,6,6,8,6,4,14,50,142,244,255,230,68,255,255,255,116,40,6,8,10,8,6,4,6,8,10,8,2,4,4,2,2,6,16,16,8,10,8,10,8,4,6,6,4,6,4,2,4,6,6,4,2,0,2,6,6,0,6,12,12,12,6,2,8,10,34,148,255,255,204,26,188,255,226,66,32,78,84,46,22,34,84,102,100,50,80,44,72,90,30,26,46,44,20,8,14,30,20,4,30,46,36,28,60,110,116,40,42,20,38,50,86,94,106,80,12,16,26,64,50,28,32,34,38,60,50,26,44,62,70,32,34,54,58,58,52,26,4,4,2,8,20,20,68,78,66,56,74,82,68,34,52,62,68,34,34,36,72,44,28,42,24,12,18,18,16,20,30,54,66,58,48,82,102,130,154,126,120,92,16,42,68,90,76,18,22,30,68,68,36,62,76,90,82,36,48,78,94,80,62,52,40,24,32,40,82,52,46,26,18,30,40,12,8,30,74,68,66,68,46,10,40,68,92,94,72,50,40,36,26,20,22,18,14,20,36,56,50,24,44,24,12,28,26,18,2,26,26,6,48,88,76,40,18,24,26,38,36,8,30,50,22,38,52,18,12,8,4,8,16,14,42,114,154,110,44,28,40,74,88,76,72,30,20,44,46,30,18,4,28,44,32,40,42,46,32,6,30,28,2,34,30,30,72,64,22,22,40,46,26,30,60,56,46,222
175,255,130,16,78,50,10,70,110,88,30,14,8,8,8,6,8,28,44,46,24,20,50,68,54,26,24,24,24,24,22,26,28,22,20,26,28,24,24,26,28,30,32,36,46,58,62,64,62,58,54,44,32,22,8,16,14,32,38,36,46,54,52,62,64,48,42,38,40,46,46,50,58,74,72,68,66,58,48,46,52,54,52,52,50,46,42,38,28,18,16,18,16,12,12,10,6,4,4,6,4,0,0,2,0,4,4,8,2,4,8,12,8,12,6,8,6,4,4,6,4,8,4,2,2,0,4,6,12,18,12,14,26,36,42,34,32,44,60,80,92,102,106,94,84,76,62,46,38,46,50,56,56,62,70,58,60,96,124,148,156,136,88,30,68,128,186,234,255,255,255,255,255,255,255,236,160,108,84,52,82,98,78,50,80,94,106,166,176,132,72,30,8,8,18,12,4,10,2,12,8,4,20,14,94,206,255,255,128,208,255,255,196,76,6,2,12,6,4,6,6,8,10,10,2,4,2,4,4,10,12,8,2,8,8,8,6,4,6,6,4,6,8,8,10,10,8,8,4,2,0,2,6,4,0,2,6,10,10,8,12,16,16,68,198,255,255,148,66,246,255,170,70,82,82,70,54,8,48,66,90,52,52,28,40,96,86,54,48,52,42,32,40,42,32,54,46,56,40,18,28,60,76,28,24,12,16,28,54,62,72,32,12,14,18,46,76,56,20,8,20,68,68,34,10,24,70,48,18,46,52,40,28,24,14,16,20,16,14,40,34,52,18,12,34,76,54,28,48,52,52,44,46,48,96,90,56,50,50,24,16,4,12,10,8,68,98,46,56,110,122,102,160,148,126,108,50,42,60,92,100,36,34,22,48,72,38,46,38,54,58,30,52,74,94,96,92,90,80,32,8,18,52,70,48,18,12,34,40,6,18,20,36,38,82,76,74,58,24,26,58,90,92,60,46,50,38,30,32,30,32,44,56,64,56,28,46,48,12,20,26,26,20,24,18,22,12,32,58,34,44,50,70,78,82,60,40,32,40,10,34,34,0,16,8,6,14,22,38,82,122,126,84,44,18,60,106,136,148,104,44,36,46,28,10,12,4,16,8,14,38,58,58,38,36,26,6,34,42,36,70,106,84,24,12,24,40,34,70,74,80,218
126,255,250,44,80,98,32,38,88,104,54,2,8,4,8,8,8,14,38,50,40,8,22,54,56,38,34,34,32,30,30,28,26,24,26,30,38,40,42,40,34,30,28,30,34,36,30,28,22,12,12,12,32,46,50,50,40,52,58,56,64,64,58,66,60,42,42,42,50,58,54,54,60,60,56,52,48,38,30,30,28,24,24,24,20,16,12,8,6,4,4,0,4,8,8,6,2,4,4,8,8,4,4,6,6,6,6,6,2,2,8,12,6,6,2,6,6,4,6,6,4,12,10,8,12,14,20,26,30,36,46,58,72,92,106,108,122,140,150,160,164,170,172,162,166,156,128,98,72,60,52,44,36,32,22,2,22,70,116,162,204,236,250,255,255,255,255,255,255,255,255,226,194,176,156,116,82,68,44,26,42,76,88,70,92,140,142,192,255,236,144,54,16,12,14,8,6,8,4,2,14,12,24,20,34,126,255,255,255,62,255,255,244,122,32,8,10,6,2,6,6,8,10,12,8,8,8,10,10,16,16,6,2,4,10,10,8,6,4,6,6,4,4,6,10,8,4,6,4,6,4,2,4,6,2,4,2,6,4,4,8,14,16,40,136,255,255,255,122,118,255,255,170,92,84,90,52,6,20,38,52,34,20,56,64,90,104,90,104,120,98,84,84,62,20,38,22,48,52,34,20,52,78,48,30,50,64,58,114,128,62,8,22,24,32,28,46,50,18,20,32,74,90,44,28,28,82,102,56,12,36,50,42,32,24,10,14,22,36,30,6,64,22,34,34,80,96,54,62,52,16,14,8,12,34,70,50,26,32,18,12,16,24,16,36,66,126,116,60,70,64,28,114,168,162,142,92,32,36,78,102,40,18,6,26,50,24,10,16,36,32,10,28,66,88,90,86,92,94,70,20,14,10,20,36,30,14,30,22,22,30,14,4,54,82,62,86,102,68,34,8,34,66,44,28,40,36,34,38,36,44,62,66,54,36,12,24,38,34,26,38,14,14,34,58,72,86,56,64,86,88,66,86,88,70,38,26,38,70,62,24,24,12,14,18,10,6,12,6,34,62,90,104,74,38,44,62,100,146,114,66,22,40,44,30,36,36,28,28,22,30,36,30,18,26,40,46,94,110,94,76,122,130,84,20,34,56,28,38,28,54,213
99,255,255,84,42,100,50,14,62,112,82,20,12,8,4,4,4,4,22,42,44,26,2,30,38,28,30,36,38,42,46,42,42,42,40,36,32,28,20,16,10,4,0,8,16,26,34,46,52,54,58,60,66,62,50,44,40,42,52,64,72,72,68,68,52,36,44,50,56,56,46,40,34,28,24,20,16,10,8,6,6,4,4,4,2,2,2,4,6,4,6,4,6,6,6,10,12,8,8,8,4,0,0,2,4,4,8,10,8,6,2,6,6,6,2,6,4,6,12,12,12,22,22,20,22,30,38,50,62,80,116,146,168,194,206,206,206,210,222,234,236,232,222,216,208,182,134,82,52,30,12,6,22,34,40,46,46,84,130,174,214,246,252,255,255,244,196,166,150,128,94,60,40,32,26,8,12,16,6,6,2,38,80,88,116,190,240,202,255,255,246,114,28,12,20,14,14,6,6,8,4,6,4,4,10,66,208,255,255,178,178,236,226,134,62,24,4,10,6,8,6,6,8,10,8,6,8,10,10,14,12,6,4,2,8,10,8,6,4,4,4,0,0,4,6,2,0,4,4,0,4,6,4,6,4,4,2,6,2,2,2,8,12,18,84,196,255,255,255,76,164,255,255,102,70,112,76,24,10,22,38,68,96,102,122,114,124,98,110,116,86,96,100,72,22,50,34,12,44,46,8,48,84,90,48,34,20,6,44,132,120,34,8,14,38,38,38,38,38,32,42,24,100,126,80,78,76,94,78,22,36,64,52,36,26,12,12,8,20,54,40,76,62,48,30,46,92,60,30,76,46,28,30,22,22,50,62,32,32,28,12,6,14,6,28,36,58,108,104,78,70,32,66,184,202,160,118,32,14,60,98,52,6,14,14,36,32,34,44,68,62,66,52,26,14,36,58,84,90,96,62,20,26,34,30,20,16,40,34,42,36,20,18,58,62,30,56,98,90,66,48,58,72,40,14,6,16,34,44,50,66,64,42,20,14,36,28,20,60,22,30,30,48,62,72,70,92,106,102,112,78,38,56,82,72,50,38,22,44,68,38,20,46,18,18,18,6,18,26,38,30,44,80,100,52,8,10,28,110,102,68,60,40,60,30,14,12,4,8,28,52,66,62,38,8,4,26,56,42,36,12,56,106,114,74,6,42,48,36,14,30,210
103,255,255,142,8,84,66,12,44,108,110,56,6,14,12,10,6,0,10,26,32,24,10,14,28,26,28,32,28,26,22,12,6,2,10,16,22,30,34,28,18,18,18,18,22,28,32,40,48,54,60,66,68,62,50,50,48,46,52,56,58,54,52,44,32,34,40,38,34,24,14,10,8,8,6,4,2,0,2,0,2,0,0,0,0,4,6,8,6,2,4,8,6,4,6,2,4,4,4,4,4,4,4,2,4,8,8,8,6,4,8,12,18,18,18,24,24,32,38,32,28,36,36,34,38,46,50,66,90,126,180,220,250,255,255,252,242,230,234,232,210,174,154,168,156,118,100,76,58,50,44,40,38,38,34,30,28,34,60,84,98,106,122,124,98,66,42,32,20,8,6,10,12,6,6,10,16,12,14,8,10,18,66,118,152,200,255,255,255,255,255,188,66,6,10,8,20,4,8,12,4,10,8,12,14,34,140,255,255,255,164,214,174,110,66,36,10,12,10,8,6,6,8,8,4,0,4,8,6,4,6,8,4,2,4,10,10,8,8,2,4,2,2,6,4,0,0,2,4,6,2,6,6,6,6,4,6,8,4,6,2,4,8,4,18,98,240,255,255,238,34,226,255,148,46,86,100,58,16,26,48,78,94,58,78,78,106,94,120,124,100,124,138,124,58,22,46,22,34,62,40,14,58,102,122,68,68,54,46,54,112,52,8,18,20,18,2,28,44,42,62,36,94,86,40,62,72,66,68,44,24,66,62,50,42,38,60,50,48,36,2,14,14,22,18,42,84,86,22,66,84,62,60,36,24,48,84,70,58,54,42,34,30,28,36,48,38,80,120,96,78,84,50,76,168,160,144,78,14,36,90,72,16,16,26,38,26,16,16,40,32,52,56,30,28,24,42,94,100,88,70,26,10,16,18,18,24,32,42,40,22,20,40,64,50,16,26,68,78,62,40,80,86,58,42,36,26,32,36,46,60,38,24,22,62,64,58,34,36,60,46,64,68,66,78,102,128,142,142,134,106,88,104,152,158,128,82,50,24,36,52,38,56,56,2,30,16,8,12,24,40,52,84,126,104,44,18,24,104,122,110,96,32,68,80,76,54,52,40,44,44,34,12,24,52,44,66,88,100,86,50,20,68,96,88,44,12,14,24,44,48,207
83,255,255,230,70,62,96,30,24,86,122,92,28,20,18,14,18,14,22,32,32,18,16,8,12,16,12,6,6,14,22,30,28,28,30,28,26,28,26,18,22,28,26,24,22,26,32,34,36,44,52,58,62,60,54,58,54,46,44,36,28,20,14,10,12,18,16,6,2,8,12,6,4,0,2,4,4,4,6,4,2,0,0,0,0,4,6,6,6,10,8,8,4,0,2,4,8,8,8,6,4,0,0,2,6,6,10,14,18,26,36,40,44,46,40,38,32,30,30,28,40,54,52,48,48,52,52,74,114,162,214,252,255,255,224,188,144,104,60,12,52,118,160,206,218,196,158,96,64,52,40,38,42,40,36,34,40,48,52,44,42,36,32,20,6,2,10,12,8,6,0,4,2,8,12,12,4,12,4,8,12,12,40,116,194,255,255,255,255,255,255,255,134,36,6,16,18,4,10,8,6,6,4,8,4,4,76,170,255,255,152,170,142,112,84,56,16,12,12,8,6,6,8,8,6,4,8,10,6,2,6,6,4,4,6,8,10,8,6,4,2,2,4,6,2,0,0,2,2,6,6,0,6,8,8,4,6,4,2,6,4,4,8,6,6,46,164,255,255,255,154,120,255,246,80,30,64,78,42,12,42,96,134,82,36,20,18,36,118,118,98,132,152,162,124,42,28,40,12,52,56,22,14,60,108,88,20,16,44,44,120,104,22,22,16,22,26,12,16,8,16,24,48,108,88,30,104,116,96,76,26,32,56,68,76,64,8,18,4,22,28,16,24,40,30,38,42,66,70,32,58,24,42,62,34,32,66,84,72,50,40,32,16,10,10,6,24,70,144,160,124,116,126,40,114,194,206,138,52,30,60,80,42,4,30,54,56,58,42,38,20,26,22,24,42,58,24,46,94,78,62,72,48,74,48,22,24,18,20,18,24,48,56,66,42,10,8,36,50,44,38,64,60,42,46,50,54,46,28,20,22,16,36,44,72,54,52,80,42,54,78,100,76,68,106,172,220,220,220,206,166,132,134,170,174,144,92,50,22,28,72,68,40,40,14,20,24,20,16,24,28,46,82,130,132,66,60,38,82,124,136,126,86,94,76,52,34,42,42,28,16,48,46,26,22,2,22,38,54,50,48,18,52,82,92,70,42,32,48,52,32,198
57,255,255,255,132,10,104,54,6,52,112,108,50,40,38,38,34,30,34,34,24,12,16,28,32,24,22,24,26,24,26,22,18,24,26,24,24,26,26,22,28,36,36,36,38,46,48,46,46,48,46,40,32,24,20,20,20,16,14,10,8,6,4,4,6,8,4,6,6,4,8,8,4,0,4,6,4,4,6,6,4,4,4,4,2,4,4,2,4,2,0,2,4,4,4,2,2,6,10,12,14,18,20,26,38,50,60,68,82,98,108,116,112,110,102,92,78,60,50,54,58,56,54,48,46,50,50,72,108,134,142,132,104,70,66,132,178,222,255,255,255,255,255,255,255,234,160,90,66,60,48,52,50,36,34,36,42,36,18,10,8,10,10,10,2,2,2,2,4,0,6,6,6,6,2,10,6,10,6,10,12,10,16,68,158,255,255,255,66,255,255,255,200,86,22,12,6,8,4,12,4,4,6,14,10,10,26,92,152,202,176,68,104,140,126,90,32,10,8,4,4,6,8,6,10,12,12,14,12,8,12,4,4,4,4,2,6,8,4,2,2,4,6,4,0,0,0,4,2,6,6,4,2,6,8,4,2,2,2,6,4,4,8,6,10,16,66,212,255,255,255,44,234,255,190,40,34,56,76,36,22,76,116,84,40,56,66,86,110,64,36,70,74,112,112,62,22,74,46,26,32,28,10,26,64,88,58,40,24,16,76,132,102,28,16,28,18,38,48,30,30,10,58,86,98,58,82,136,120,98,68,20,26,54,72,90,66,18,22,10,16,24,24,62,54,42,28,58,82,66,46,20,6,22,30,12,8,54,62,24,14,38,24,18,10,24,16,6,54,130,130,76,62,72,62,158,224,178,78,40,30,68,50,26,20,16,22,42,38,14,12,14,54,80,84,126,124,130,146,114,98,84,44,68,78,56,36,28,38,32,38,54,50,52,26,8,34,58,42,14,14,34,44,16,16,24,38,42,40,44,50,20,34,60,48,32,2,64,118,122,104,90,48,46,108,192,232,194,166,166,110,42,28,78,116,122,96,58,36,18,50,76,68,16,20,4,16,14,6,12,20,22,18,84,132,106,58,32,26,74,118,114,102,62,32,34,36,40,48,54,34,34,58,56,64,62,60,62,70,52,44,28,18,70,112,102,72,30,24,62,52,197
61,255,255,246,156,46,78,68,24,16,84,104,54,24,16,24,20,20,22,20,10,2,8,12,22,22,22,26,26,26,26,24,34,42,40,40,42,48,50,46,44,42,36,30,32,36,34,32,32,28,20,12,4,4,6,6,10,6,4,2,4,4,6,8,8,4,4,2,4,6,12,12,6,2,6,4,0,0,2,4,4,8,8,8,6,12,10,8,10,8,2,0,2,6,10,18,28,40,52,60,66,74,82,100,120,134,148,156,172,190,200,206,188,192,180,158,132,102,72,52,40,24,16,6,2,14,24,52,106,158,198,242,255,255,255,255,255,255,255,255,255,246,210,174,158,136,86,54,50,44,30,28,18,18,10,12,14,10,18,14,4,6,4,6,4,6,8,6,8,6,8,8,10,18,28,40,38,34,34,24,6,6,8,30,94,224,255,255,255,228,255,255,255,132,46,20,4,8,2,8,10,8,6,16,6,4,2,50,86,108,140,82,70,166,188,160,80,16,6,10,4,4,8,8,14,12,12,16,12,10,12,4,2,4,4,0,4,10,8,4,2,6,8,6,4,4,4,6,0,6,6,4,0,2,6,6,4,6,4,10,10,8,6,0,4,14,16,110,255,255,255,202,80,255,255,102,12,12,52,60,16,56,108,82,42,58,66,106,174,138,54,72,58,76,94,74,32,60,56,16,18,28,24,12,42,78,110,64,42,52,40,36,86,70,10,30,22,30,8,10,8,32,72,78,62,56,14,106,122,88,66,30,20,54,48,58,66,38,48,40,42,40,10,24,64,42,10,34,40,42,40,20,20,28,28,18,12,36,94,68,40,48,26,28,18,32,34,44,40,50,120,118,96,98,62,42,168,210,122,56,20,40,48,36,48,30,32,42,46,38,50,92,110,86,78,104,112,104,100,90,72,42,24,26,56,62,48,42,58,56,52,60,52,42,8,28,48,50,20,2,6,28,60,48,60,66,44,24,12,22,46,40,32,62,42,36,42,68,148,128,74,78,66,12,94,164,172,104,72,148,174,146,100,68,84,146,160,128,74,30,22,10,40,30,28,26,16,30,38,54,62,48,30,56,152,170,122,82,62,26,112,120,120,130,98,122,120,100,88,72,56,68,64,48,40,44,30,16,18,56,76,72,46,16,76,84,62,36,26,38,44,207
113,255,255,224,110,46,54,80,50,18,54,72,44,2,10,2,4,6,6,2,8,12,16,18,16,22,32,38,40,42,40,44,52,46,40,38,36,38,36,30,26,22,16,14,12,12,8,2,4,6,6,4,8,8,4,4,8,4,6,6,2,0,0,2,2,10,10,8,8,6,8,10,6,8,6,0,4,4,6,8,8,6,6,12,10,14,12,18,24,30,26,24,26,28,30,40,54,68,86,108,132,158,178,194,200,208,222,228,240,252,254,250,222,238,216,172,122,74,32,14,12,22,30,36,40,42,50,68,108,156,190,216,234,248,254,232,204,180,154,124,98,74,58,40,28,22,8,6,2,12,14,12,8,8,0,6,12,8,8,2,4,2,6,10,8,10,10,20,22,26,44,58,70,86,102,106,94,88,76,64,38,8,8,20,44,152,255,255,255,86,255,255,255,202,64,22,8,16,10,12,6,12,4,12,6,6,2,26,62,70,104,164,170,196,255,254,162,50,6,6,6,10,18,12,10,6,10,12,6,10,12,4,2,4,4,0,2,8,8,6,2,8,8,6,4,4,4,6,2,8,6,2,2,4,6,8,6,4,2,6,8,8,2,4,6,16,20,44,174,255,255,255,8,224,255,162,30,18,24,48,38,28,106,90,50,42,50,46,132,140,68,42,40,76,110,112,68,16,48,26,14,30,32,18,26,62,102,84,20,16,8,4,42,80,56,14,14,10,16,18,18,42,100,82,54,52,36,80,124,94,60,52,24,50,50,54,88,54,16,28,10,26,18,32,14,40,44,36,56,68,98,72,46,54,12,44,36,42,86,114,82,74,64,30,22,24,20,4,22,38,102,146,136,114,78,52,148,246,214,106,56,46,16,32,42,36,56,66,52,52,72,84,52,12,10,16,12,20,38,48,48,32,22,2,24,40,42,42,48,44,34,30,20,4,24,44,42,22,10,18,24,10,30,50,112,102,82,40,12,30,56,64,8,64,62,32,30,52,126,122,36,48,72,46,124,214,246,226,164,234,220,138,96,56,20,104,148,142,106,60,46,16,38,42,6,32,16,46,78,78,58,56,48,30,116,160,140,90,90,100,102,138,156,200,178,136,84,92,84,56,14,14,38,60,38,34,30,32,48,48,48,62,68,50,48,56,58,48,28,4,10,206
156,255,255,232,112,50,38,78,72,52,82,90,54,16,16,16,16,18,22,30,38,42,44,48,50,52,54,52,48,44,42,42,36,24,20,16,12,10,6,4,2,0,2,2,2,4,2,4,8,8,6,4,6,4,0,6,6,2,4,2,0,0,0,2,6,10,4,4,4,2,6,4,2,2,4,4,2,2,8,8,12,14,24,30,24,30,36,36,30,28,24,26,30,32,32,50,74,92,124,162,198,230,244,255,255,255,244,224,206,184,158,118,102,122,124,102,106,92,68,46,38,44,44,40,36,32,30,34,44,70,86,96,98,98,90,82,68,48,32,16,6,6,6,4,2,2,4,6,6,8,8,12,8,10,4,6,6,4,8,8,8,12,14,20,32,48,66,88,100,114,140,154,160,172,184,168,172,164,132,100,70,30,4,16,16,100,244,255,255,255,218,255,255,255,134,30,2,16,4,10,2,14,6,6,8,4,6,8,48,78,114,224,255,218,255,255,255,116,14,10,6,10,14,2,6,2,6,6,2,10,14,6,4,6,4,0,0,4,6,6,2,8,6,2,2,6,6,8,6,10,12,8,4,6,6,8,6,0,0,0,0,4,6,4,12,2,18,18,76,234,255,255,114,230,255,228,78,44,30,46,52,20,78,68,38,36,56,32,102,130,104,36,22,66,100,116,106,42,42,54,6,28,36,30,8,44,80,82,40,42,64,48,40,62,72,58,36,8,16,16,14,12,60,72,70,76,32,48,112,120,72,72,68,26,32,46,72,90,68,32,48,38,34,22,34,24,60,40,38,44,58,78,44,40,48,34,42,2,18,58,54,28,44,22,22,32,28,12,10,38,78,116,118,124,154,126,108,208,255,172,98,76,48,36,22,38,56,42,38,52,52,24,26,34,44,48,32,40,36,34,42,46,38,16,2,10,14,14,16,14,6,24,34,42,48,44,30,10,18,22,28,42,62,102,130,84,104,82,48,68,62,98,52,20,60,42,16,54,110,112,68,16,86,74,80,162,174,180,170,244,200,102,118,118,76,54,88,106,96,58,42,38,48,80,52,20,12,68,102,74,70,92,108,78,26,72,116,104,122,140,122,140,158,188,164,46,40,82,66,48,36,50,30,44,22,12,30,46,50,38,38,22,38,62,42,30,68,78,52,22,26,209
195,194,208,142,74,46,28,64,78,74,96,94,58,30,30,36,44,46,46,50,50,50,46,42,36,32,32,28,24,20,20,14,6,2,0,2,2,4,6,8,6,4,6,6,6,6,2,4,4,0,0,0,2,4,4,6,6,4,6,6,4,4,4,4,4,6,4,4,4,2,4,6,6,18,24,26,28,42,58,64,66,74,80,70,58,50,34,28,28,32,34,38,42,46,46,66,90,114,160,196,210,206,182,160,126,78,36,10,58,104,140,198,252,255,255,224,170,114,70,46,42,44,42,38,32,28,26,30,28,28,22,18,16,16,16,16,10,8,4,4,6,4,4,2,2,8,8,2,2,8,8,0,8,10,6,10,12,12,18,22,34,52,72,94,122,150,164,176,180,190,210,210,202,204,210,194,226,250,216,154,100,54,14,6,10,50,168,255,255,255,126,255,255,255,218,84,10,6,10,16,6,12,4,4,8,4,6,8,30,84,150,244,255,214,255,255,255,188,66,14,10,14,20,8,8,4,6,6,4,10,10,6,6,6,4,4,4,4,6,8,6,8,4,0,4,6,4,8,4,4,8,12,12,8,4,6,8,0,0,0,0,2,6,4,10,14,8,24,44,142,255,255,246,130,255,255,134,44,58,50,52,24,60,64,46,42,56,50,98,124,102,50,6,46,62,72,94,66,26,76,48,18,30,30,10,20,60,94,80,24,18,36,38,34,34,30,40,42,26,8,8,56,108,110,100,82,40,56,110,140,90,58,64,34,18,46,34,50,72,24,30,10,24,26,48,62,88,138,116,64,34,28,38,30,68,46,40,52,34,46,56,44,46,16,6,4,38,74,114,150,160,152,118,106,120,62,22,124,255,242,146,110,74,50,58,50,38,32,42,44,26,10,10,12,20,18,4,34,58,64,52,42,36,16,4,2,2,2,4,8,26,44,48,42,32,14,6,20,44,30,42,78,92,88,76,38,76,94,94,74,26,88,90,42,30,56,32,74,96,82,86,26,76,90,24,66,80,70,132,172,134,76,128,156,138,50,48,82,82,58,44,32,10,54,68,28,60,104,120,102,96,150,162,136,82,8,88,118,152,210,176,84,48,102,124,74,72,80,50,34,42,42,42,80,66,46,28,34,28,10,6,28,58,56,76,38,20,66,68,48,44,213
208,88,104,84,60,56,42,52,64,70,82,74,46,36,34,40,36,30,28,28,24,22,18,12,8,6,4,2,4,4,6,6,4,0,0,2,4,4,6,6,2,0,2,4,4,4,2,4,6,4,2,0,0,2,4,6,6,2,2,4,4,6,8,10,8,16,20,22,28,36,42,42,52,68,76,80,92,116,132,140,142,144,136,130,120,104,78,56,64,60,56,52,46,40,32,40,52,68,88,92,96,104,114,126,192,236,255,255,255,255,255,255,255,255,246,198,142,94,64,48,42,36,32,30,26,24,22,28,24,26,18,6,0,2,8,6,4,8,4,4,10,8,0,4,4,8,6,6,6,6,8,10,14,16,22,24,30,40,46,56,74,100,134,166,194,208,200,202,204,204,206,188,168,162,162,138,162,224,242,198,130,78,40,8,10,16,94,226,255,255,255,255,255,255,230,134,38,12,16,8,8,12,4,4,8,6,6,14,14,58,152,255,255,255,96,255,255,255,126,38,4,4,2,6,4,10,10,8,8,10,6,4,6,6,6,6,6,6,6,6,8,8,4,2,4,6,4,6,8,6,4,4,10,10,10,4,8,4,2,0,0,0,2,4,12,10,12,18,34,78,234,255,255,76,255,255,255,70,62,38,34,18,30,46,42,36,38,32,50,94,98,74,24,38,74,82,100,100,38,36,58,18,40,50,22,2,40,96,120,82,44,46,30,46,68,50,32,6,32,22,20,56,88,118,144,122,58,60,86,128,112,62,48,36,20,78,64,46,56,28,38,40,26,30,44,40,18,68,82,40,26,18,68,68,82,84,38,22,8,20,68,90,84,50,38,46,82,106,114,122,114,82,38,76,150,114,62,88,190,255,186,144,82,30,42,56,58,30,36,32,32,42,34,22,28,30,22,6,36,82,82,52,42,20,6,4,0,2,2,12,36,50,44,22,14,16,24,42,58,30,68,98,88,60,46,20,28,70,100,82,8,48,66,56,26,64,62,74,72,46,68,52,70,60,32,62,54,14,72,80,54,30,64,120,148,112,54,54,90,102,92,86,70,20,38,52,78,90,100,102,100,126,140,110,100,36,48,104,150,226,255,214,118,106,132,80,76,82,38,8,40,44,30,30,44,68,98,104,88,70,66,72,74,44,68,56,12,52,90,80,40,219
212,54,70,58,48,50,44,48,48,42,46,38,22,22,20,16,8,4,4,6,6,6,6,2,2,2,4,4,4,4,4,4,2,0,0,2,4,4,6,10,10,8,8,8,6,4,2,2,6,8,6,4,2,2,4,6,8,4,4,6,8,12,14,16,16,34,46,60,80,104,120,128,142,158,166,172,188,206,210,216,214,196,194,184,160,132,100,60,26,16,10,2,6,14,20,32,66,116,162,198,222,236,250,255,255,255,255,255,240,212,186,164,134,112,100,84,62,42,30,20,14,10,8,8,6,6,6,4,8,14,10,12,8,12,16,10,12,6,4,8,8,4,16,14,12,18,18,18,20,26,30,32,34,40,50,52,60,70,72,78,90,118,158,188,202,190,162,156,140,108,80,38,4,36,70,76,112,124,132,162,128,88,62,20,14,8,54,164,255,255,255,196,255,255,194,154,70,20,20,24,16,12,6,4,8,6,4,8,10,20,104,248,255,255,132,255,255,255,208,78,16,12,10,8,10,10,10,6,4,4,2,2,6,6,4,2,2,4,6,4,6,4,6,6,6,8,8,8,8,10,8,6,4,8,10,6,2,6,4,0,0,0,0,0,8,6,14,20,24,60,182,255,255,255,138,255,255,178,14,48,16,16,4,22,32,28,16,10,54,70,80,76,54,56,106,124,126,130,112,46,46,50,40,74,52,32,2,58,102,84,18,32,60,82,70,22,26,34,10,24,54,80,96,136,144,76,48,44,50,94,126,106,86,78,40,32,74,70,72,70,26,32,36,40,22,40,56,62,64,40,38,46,50,74,58,66,52,20,34,10,18,64,72,36,10,8,42,64,74,68,40,12,40,68,150,146,146,138,32,156,162,170,110,52,56,26,58,66,44,22,22,40,52,40,38,36,40,42,32,32,76,68,60,34,8,6,10,10,10,22,44,50,32,10,26,34,34,42,38,14,54,90,104,110,94,62,58,88,98,76,36,58,62,58,74,70,80,70,74,62,38,18,56,24,26,48,62,46,102,128,84,32,4,42,98,122,86,6,74,110,90,70,62,26,28,76,108,114,110,94,62,46,102,108,126,84,28,42,102,168,234,246,192,120,154,138,144,124,70,52,14,16,20,58,94,100,78,48,24,8,8,12,18,30,62,60,46,52,112,132,108,215
218,44,36,28,26,22,18,22,18,12,10,4,4,6,4,4,6,4,6,10,10,10,12,8,8,4,4,2,0,0,0,2,6,8,8,10,10,8,8,4,2,0,0,4,6,6,8,10,8,10,6,8,10,8,8,8,16,16,18,22,24,28,28,28,34,58,78,106,144,182,206,212,216,228,240,250,255,255,248,242,218,198,198,176,134,88,56,50,40,36,36,32,28,30,30,28,42,76,116,146,162,172,184,192,172,146,128,102,82,64,50,36,26,24,22,18,8,4,8,10,10,8,10,12,16,12,10,12,16,8,0,8,8,8,4,4,10,8,10,14,22,40,48,58,74,80,74,68,60,52,52,54,58,66,68,62,62,62,56,64,84,108,134,140,120,74,24,26,82,132,168,204,234,252,255,255,228,178,146,98,112,96,82,46,14,2,20,104,216,255,255,255,255,232,138,138,94,20,6,14,14,12,8,6,6,6,2,2,2,8,52,160,255,255,255,52,255,255,255,132,32,6,26,22,16,10,6,2,0,0,2,6,6,2,0,0,0,0,2,4,6,4,4,4,6,8,8,6,4,4,8,10,6,4,4,6,4,4,4,0,0,0,0,0,6,8,4,16,10,36,150,255,255,255,76,255,255,255,100,22,28,6,20,8,24,24,4,8,36,76,96,110,100,36,40,86,100,102,106,70,12,60,24,28,36,30,24,36,88,102,66,20,34,76,100,92,52,16,40,34,28,60,86,106,102,40,26,66,72,68,102,124,122,116,106,60,44,44,54,96,84,52,22,40,26,14,20,22,88,114,96,74,16,40,34,38,64,46,34,30,28,26,54,40,14,8,44,80,98,98,86,66,92,74,146,166,184,192,80,96,108,164,128,86,54,18,20,60,74,70,58,18,24,40,42,42,50,62,72,52,52,46,52,40,24,12,4,4,16,52,62,52,24,20,42,52,48,34,8,24,42,36,44,74,84,58,34,44,74,100,96,98,76,56,84,64,48,62,76,60,24,46,60,36,46,44,62,48,56,96,86,50,32,8,32,82,96,54,20,80,82,60,46,28,2,40,94,128,130,110,82,28,72,134,156,126,98,22,54,112,182,228,240,174,188,190,170,110,92,82,36,6,40,52,30,12,30,30,36,32,34,32,24,32,38,42,38,8,54,92,88,207
222,14,16,12,16,10,6,10,4,2,6,6,2,2,4,4,4,6,10,10,6,6,4,4,4,0,2,2,0,0,2,4,2,0,2,4,8,8,10,10,12,12,12,16,16,16,20,24,30,30,28,30,28,24,22,22,24,24,28,32,34,38,36,38,56,80,106,142,190,232,250,238,224,222,208,182,144,96,54,10,46,92,142,172,166,136,100,62,36,30,30,26,24,32,36,32,34,42,52,60,60,64,64,58,46,36,24,14,10,8,6,6,8,4,4,10,12,14,6,2,2,0,2,2,2,2,0,4,8,4,4,14,18,24,28,34,48,64,78,92,114,138,148,160,158,140,132,126,108,80,62,60,62,66,60,46,32,20,10,16,38,68,116,146,154,152,210,252,255,255,255,255,248,226,198,188,172,136,58,56,122,114,84,68,34,10,12,38,130,202,255,255,212,212,140,84,96,76,14,16,16,8,6,6,6,8,4,2,4,10,14,96,228,255,255,182,220,255,255,168,56,10,22,14,10,10,8,2,0,2,6,8,6,4,2,0,0,2,4,6,6,6,6,2,2,4,4,6,4,4,6,8,10,6,2,4,4,4,4,0,0,0,2,4,10,6,6,10,6,8,82,244,255,255,246,100,255,255,236,54,30,12,26,14,16,22,18,6,8,46,78,120,148,120,42,44,96,104,102,94,38,38,46,10,30,34,24,8,52,92,102,72,42,60,46,36,52,48,42,66,86,96,94,126,134,96,50,54,112,64,46,72,82,68,76,62,8,50,46,62,74,28,32,20,18,24,22,26,28,94,104,82,38,36,64,42,54,68,10,34,28,36,84,88,64,42,8,48,90,100,104,110,134,118,156,196,236,228,140,60,78,138,138,86,38,28,28,4,46,70,74,70,38,4,20,30,38,40,44,50,56,64,42,28,32,32,30,26,50,80,74,48,24,34,54,42,12,40,68,84,86,82,74,74,66,64,70,86,116,138,150,106,72,36,66,50,14,36,34,14,26,58,48,20,56,62,86,100,78,60,82,78,54,26,6,34,88,98,34,68,130,136,106,64,44,26,46,82,112,106,78,54,12,88,104,84,92,50,48,92,148,180,206,176,88,96,70,44,46,58,46,42,56,88,66,50,30,10,18,28,42,40,26,34,46,58,58,32,30,56,58,209
221,4,8,8,10,6,6,4,4,6,6,2,2,4,4,6,8,8,6,4,2,2,10,10,4,0,2,2,0,0,2,2,2,2,0,4,8,14,16,14,22,20,22,40,50,50,58,70,80,84,84,78,74,70,54,34,40,38,44,50,54,56,52,52,58,74,104,138,168,170,138,82,30,18,68,112,162,212,240,255,255,255,255,255,208,140,86,52,42,40,36,32,32,38,36,30,32,32,26,22,18,16,14,8,4,2,6,8,6,6,6,4,2,6,6,4,4,0,6,6,8,6,4,4,4,0,6,16,26,32,50,70,82,96,108,120,136,152,162,172,192,208,206,196,168,152,146,136,120,90,56,32,28,20,4,18,24,30,28,40,62,96,144,176,174,196,220,206,184,166,134,102,84,58,38,62,82,86,86,40,124,152,86,66,52,14,12,6,64,118,158,206,156,130,98,50,62,110,46,14,10,8,12,10,10,8,6,10,16,14,12,44,148,255,255,255,208,238,202,158,74,24,22,24,12,20,10,4,2,6,4,4,6,6,6,4,4,0,4,6,4,2,6,6,4,4,2,4,6,6,2,4,0,4,8,6,2,2,8,6,4,2,8,6,10,8,4,4,12,6,22,136,255,255,255,98,252,255,255,154,14,28,14,32,8,26,32,10,6,10,42,96,112,92,66,76,122,140,108,112,112,52,38,22,44,62,50,16,30,74,90,76,26,42,34,46,74,58,16,24,46,66,76,94,102,108,142,84,120,74,40,50,54,52,64,72,32,22,46,44,60,72,24,16,14,34,26,50,58,52,68,72,64,32,76,76,40,54,50,30,42,42,54,94,84,60,44,10,60,82,90,94,98,80,102,156,230,254,200,132,90,108,166,144,70,38,34,52,14,28,46,76,84,54,30,14,32,36,28,32,36,30,16,18,14,24,38,24,60,104,88,42,46,50,46,36,96,148,174,158,122,94,110,130,138,112,86,144,210,204,216,190,182,112,34,56,40,34,8,28,10,60,92,32,40,56,54,58,32,26,72,96,90,62,34,20,52,90,66,40,102,146,132,90,58,28,22,92,142,156,136,134,100,68,76,98,116,68,20,38,82,98,104,92,22,56,92,76,36,46,52,46,34,62,28,28,50,34,18,12,8,14,26,38,36,34,38,32,48,58,52,207
223,4,6,8,8,0,4,2,2,2,4,4,0,6,4,2,2,0,2,8,8,12,12,4,6,2,8,10,10,12,12,14,20,22,24,32,50,54,54,56,72,76,92,116,120,118,144,166,178,182,178,172,160,150,118,76,52,44,44,42,34,26,20,12,8,42,82,126,168,198,212,204,255,255,255,255,255,255,255,255,230,200,196,168,126,90,66,54,44,32,24,18,16,14,8,4,4,4,4,6,4,2,6,6,2,2,2,2,4,8,6,6,6,8,4,0,0,2,6,8,10,14,14,14,18,24,32,50,60,66,94,118,132,152,170,176,182,188,186,188,196,196,184,160,144,146,138,108,74,50,44,36,32,40,56,48,38,40,36,34,32,26,26,36,16,38,72,88,94,82,44,18,6,14,14,38,80,90,114,82,54,172,148,104,78,14,10,10,28,68,76,82,98,44,60,66,48,96,86,20,10,12,12,6,12,12,12,14,8,6,12,6,80,220,255,255,162,210,184,134,82,48,26,14,4,18,6,6,4,8,4,2,10,4,0,4,6,6,2,4,4,0,2,4,4,6,6,6,8,8,6,4,2,4,4,6,4,6,4,8,8,8,14,8,8,4,6,10,6,16,8,44,180,255,255,255,46,255,255,255,84,18,16,28,32,12,32,22,12,20,26,84,120,118,112,72,42,98,96,100,116,82,6,26,8,42,52,32,20,66,82,76,34,28,42,38,56,38,36,76,80,56,44,72,96,118,152,134,142,100,68,30,50,110,148,160,142,86,26,26,46,78,74,20,26,36,30,16,28,30,94,104,90,68,18,86,56,30,60,42,14,8,16,32,62,42,38,42,40,46,44,32,18,8,6,46,106,162,174,132,48,72,182,210,144,68,40,70,70,36,18,46,80,82,76,38,22,36,42,30,14,12,22,38,20,16,26,36,112,154,138,116,142,124,60,78,150,206,210,172,184,172,166,186,200,166,118,244,255,228,250,212,234,196,52,28,42,58,26,40,42,16,74,66,44,60,60,52,38,20,10,64,106,110,80,52,26,102,102,76,14,84,104,82,56,48,42,76,116,146,142,136,108,38,44,132,164,126,78,40,10,66,100,92,68,30,46,52,12,44,54,76,70,80,58,48,20,32,54,56,54,50,40,34,16,18,28,66,86,68,48,205
222,2,6,6,4,8,10,6,6,4,4,6,6,6,12,14,12,12,10,8,4,8,12,10,14,22,26,24,22,20,18,16,18,24,38,64,88,102,116,136,158,176,194,214,220,230,255,255,255,255,255,246,216,182,128,88,50,20,14,4,10,18,22,30,28,48,90,144,192,226,246,255,255,255,220,184,170,158,130,102,78,62,54,40,26,16,10,10,8,4,6,4,2,4,4,6,6,4,4,0,4,4,6,2,4,4,4,6,8,4,6,6,10,14,16,18,20,20,20,24,30,32,30,32,40,48,54,62,66,84,128,164,186,202,198,174,162,160,152,136,104,62,24,26,64,98,144,154,138,116,84,58,52,56,40,26,32,34,32,6,34,94,150,174,156,154,162,180,200,198,156,92,32,12,6,22,66,90,90,102,68,142,218,194,130,50,14,22,14,50,70,54,52,60,14,74,64,68,98,58,22,16,4,0,8,16,10,2,6,4,0,6,28,126,222,255,226,124,110,168,128,86,54,24,12,14,6,8,4,10,4,8,2,6,4,2,2,6,10,10,6,4,4,4,2,2,6,8,8,8,12,14,8,4,2,8,4,6,6,4,6,10,14,12,12,4,2,6,6,6,8,18,84,242,255,255,196,190,255,255,212,38,40,6,38,10,18,18,6,22,6,38,122,178,172,144,76,24,76,92,90,70,30,24,34,18,40,54,24,38,74,84,76,34,72,88,64,14,30,54,42,20,14,26,58,96,114,94,100,104,90,82,104,126,176,210,200,158,86,20,24,48,66,28,24,16,28,46,84,74,98,114,90,90,50,50,78,38,42,62,18,28,22,28,42,64,44,38,32,16,18,20,12,14,22,30,46,102,134,122,82,44,118,178,170,124,64,40,76,82,70,22,34,80,108,90,58,24,24,50,52,64,82,90,102,62,40,88,176,212,200,154,216,214,118,114,176,226,232,240,255,255,255,230,208,190,220,255,240,146,228,178,136,126,82,50,12,46,40,52,52,36,60,74,54,42,94,106,74,44,26,26,64,76,54,52,30,110,142,140,70,56,122,118,100,70,32,24,18,64,90,84,64,58,38,68,104,92,60,46,18,54,118,120,94,60,44,36,26,40,14,40,46,44,34,12,24,58,58,44,42,22,10,22,34,40,26,80,66,48,34,205
222,6,4,4,10,12,6,6,6,4,4,0,4,6,12,14,12,12,20,24,24,30,34,32,32,34,36,32,28,26,26,24,24,34,52,82,120,170,220,246,255,255,255,255,255,255,255,244,214,162,174,170,154,118,76,60,46,20,22,22,24,24,22,22,22,24,36,64,88,102,122,128,112,88,64,50,48,46,30,18,12,6,2,4,8,10,8,10,6,4,6,4,4,6,4,6,4,2,6,6,4,4,0,8,10,12,16,22,32,34,36,58,76,74,74,68,62,54,44,42,50,48,50,54,60,64,62,60,70,100,140,170,176,154,106,60,28,12,50,100,152,192,214,248,255,255,255,176,94,50,20,16,34,30,34,74,96,78,104,72,104,192,255,255,220,210,164,164,212,255,255,212,114,22,12,8,32,86,100,106,146,124,230,255,216,110,30,20,6,26,62,68,46,60,40,54,82,62,86,72,20,12,10,6,10,8,14,6,8,6,6,4,6,44,98,140,172,100,88,216,220,166,102,48,26,20,20,20,12,10,2,4,8,12,8,2,0,2,2,2,4,6,4,6,4,2,4,4,4,6,8,14,12,8,4,4,10,16,12,6,6,8,8,8,12,6,4,8,8,6,8,10,34,136,255,255,255,54,255,255,255,132,24,34,26,18,8,28,12,6,14,20,46,140,146,124,96,38,22,66,82,86,76,30,12,6,30,60,50,6,50,72,82,54,86,86,50,32,44,64,58,36,50,62,60,16,36,58,62,44,50,104,154,148,132,226,252,218,158,76,20,28,46,34,10,18,22,36,66,50,74,82,60,68,62,20,84,78,66,78,52,18,16,14,28,94,94,70,62,40,18,12,2,8,14,22,54,110,132,146,156,96,104,94,146,176,126,42,24,72,98,88,36,46,106,108,102,96,124,148,122,106,98,78,110,116,76,100,196,246,214,150,208,220,164,144,208,242,252,236,196,158,180,168,66,120,116,116,102,30,128,214,198,92,28,26,12,24,46,52,52,40,32,60,84,56,74,126,92,40,60,40,46,70,64,50,34,34,78,106,92,62,134,174,162,132,82,42,28,46,80,82,58,36,38,90,104,92,50,24,18,18,60,90,88,60,30,6,50,24,38,34,26,36,24,8,34,62,42,18,32,28,20,20,20,28,16,42,46,28,6,208
222,2,4,8,8,0,6,2,6,8,10,10,14,26,32,28,34,46,54,58,60,50,42,34,32,34,38,38,38,42,46,52,56,62,80,110,152,208,246,254,250,220,182,164,130,62,20,38,78,128,192,228,238,208,124,80,58,32,34,36,40,40,36,36,40,40,40,38,36,36,32,26,22,14,8,8,8,6,2,6,2,4,4,2,6,12,12,10,0,6,4,2,4,6,2,4,4,4,8,14,22,30,36,40,44,56,74,88,102,114,126,150,152,136,128,126,118,100,78,58,62,52,52,52,52,44,32,34,48,60,74,106,122,120,140,186,202,218,242,248,230,198,166,160,158,148,100,48,54,76,104,98,70,24,86,154,178,146,186,144,158,255,255,255,255,248,118,142,194,255,255,255,202,88,8,16,22,62,126,154,180,190,210,255,255,198,68,18,14,10,30,66,52,56,64,38,104,110,96,96,48,18,12,10,14,6,12,8,8,8,4,0,2,24,44,56,120,190,178,208,255,255,182,72,20,14,18,20,16,10,4,8,12,8,6,6,2,4,2,4,10,8,6,6,6,4,8,6,4,4,6,8,12,12,8,10,14,10,6,4,4,4,2,4,10,6,4,4,6,4,6,8,4,64,216,255,255,255,82,255,255,255,56,42,4,22,22,8,24,12,8,32,8,80,122,136,140,108,54,50,72,98,108,78,32,16,18,50,64,36,10,42,52,28,36,48,34,2,34,54,72,72,40,24,60,60,30,28,24,22,74,130,158,158,152,186,255,255,240,152,72,30,42,38,30,24,24,50,84,78,66,68,52,46,66,34,38,56,50,54,60,26,16,8,12,38,84,56,34,28,26,24,18,16,20,28,26,80,122,150,164,122,48,66,134,190,174,110,40,26,68,92,86,20,68,82,80,122,184,208,172,164,122,122,132,152,108,102,224,255,255,255,255,255,192,104,184,220,180,58,80,114,116,146,100,178,150,78,120,188,255,255,164,62,46,60,46,44,54,48,42,50,28,44,80,68,24,122,140,110,90,48,22,100,132,116,78,38,96,124,120,88,84,162,164,138,102,60,46,76,96,86,72,28,40,66,64,66,48,26,22,14,16,54,74,58,30,40,44,30,44,36,44,52,56,38,34,64,56,28,16,20,30,38,42,20,12,34,52,76,64,211
223,12,14,16,14,12,18,34,42,44,50,58,72,86,94,98,114,138,148,142,144,130,100,72,46,44,44,40,38,40,40,40,34,28,48,70,90,120,134,126,108,84,110,132,186,255,255,255,234,242,255,255,238,180,94,60,52,34,36,38,36,32,28,22,18,18,18,10,6,2,6,16,4,10,4,8,10,8,4,4,2,4,2,2,6,8,6,6,10,6,4,6,8,8,6,8,14,26,40,62,80,96,104,112,128,146,158,160,164,172,176,184,176,154,146,148,140,118,88,52,26,14,10,8,6,12,20,34,50,84,138,182,208,208,236,228,188,138,94,40,16,48,58,72,84,76,82,146,202,228,242,255,204,92,118,240,255,255,255,202,124,255,255,176,174,255,188,212,174,182,255,255,248,124,40,16,26,34,112,200,248,242,208,255,255,255,134,28,6,10,12,58,64,56,70,102,92,184,150,132,100,32,10,8,6,8,6,4,8,12,12,8,2,20,38,70,144,238,255,255,255,255,255,120,24,8,6,4,12,16,12,14,6,4,4,2,6,12,14,16,14,8,12,12,8,2,6,2,4,8,6,4,12,16,12,10,4,4,4,2,6,8,8,10,8,6,6,4,6,6,2,6,8,20,118,255,255,255,150,202,255,255,194,12,26,14,34,26,24,28,10,18,24,16,86,132,142,128,82,14,34,70,94,92,62,24,14,16,42,44,16,26,36,24,32,66,76,42,22,32,64,108,98,54,38,44,46,46,32,72,104,150,192,194,140,28,158,246,232,166,86,12,32,22,14,22,28,26,36,22,8,52,84,80,88,94,62,46,46,24,38,58,16,24,16,16,70,64,28,48,38,26,24,10,10,2,2,36,98,136,132,106,64,12,86,140,170,150,96,24,32,70,96,58,32,58,88,168,214,255,240,255,255,255,255,255,156,118,254,255,255,218,255,255,255,98,90,176,132,60,124,106,98,122,168,210,255,255,250,255,255,255,182,100,42,28,28,40,72,80,58,76,66,70,88,84,50,90,144,138,120,102,74,38,68,70,68,58,110,134,140,118,66,154,180,168,166,134,134,162,154,126,98,24,68,92,76,68,42,18,36,44,44,56,54,60,84,104,70,84,88,66,54,32,24,50,46,58,50,22,40,50,56,64,54,22,10,4,18,34,60,209
221,28,34,42,54,78,102,116,116,122,136,148,164,182,192,210,236,252,250,228,234,210,160,118,72,42,34,22,16,14,12,6,14,14,42,86,134,186,224,246,255,255,250,236,250,255,204,150,124,94,118,120,106,86,54,46,42,28,28,22,12,6,4,4,2,6,8,4,2,8,10,12,8,16,6,10,6,10,6,6,2,4,2,2,8,14,18,20,22,18,20,24,28,28,28,32,44,60,86,118,144,162,168,176,184,188,190,188,190,188,178,172,152,134,128,118,100,72,42,38,38,36,36,36,32,26,20,24,36,54,76,98,118,120,92,44,68,128,142,144,154,146,128,134,128,94,116,214,255,255,255,255,255,206,150,255,255,220,255,206,50,255,255,116,255,255,252,255,255,96,254,255,252,110,40,2,14,16,58,186,255,255,198,236,255,255,238,80,10,10,8,46,70,68,84,160,178,236,255,236,180,94,28,14,8,10,4,6,4,6,10,14,14,20,18,72,174,252,255,255,255,255,255,214,74,20,6,6,4,12,10,12,8,4,2,2,8,14,16,10,6,6,12,18,16,6,16,14,16,16,12,8,10,14,12,6,4,6,6,6,10,10,8,12,10,6,6,6,8,10,8,2,2,14,30,138,255,255,255,44,255,255,255,128,38,18,24,40,14,46,14,8,30,48,20,62,78,82,76,46,10,46,84,108,96,54,18,4,26,46,38,36,58,52,46,56,82,64,4,20,32,70,72,44,28,68,94,76,28,30,92,166,232,255,255,222,144,200,176,126,70,12,28,18,20,16,20,32,62,44,26,32,70,64,46,66,64,6,44,44,36,62,46,26,12,30,60,92,68,76,52,12,10,4,10,18,14,16,42,84,90,86,106,54,42,94,158,174,134,62,10,64,96,86,18,32,80,168,198,246,224,202,170,136,216,252,148,106,214,228,255,162,255,190,182,162,24,226,250,108,164,172,188,196,222,216,192,255,240,248,244,216,174,150,126,76,44,34,38,58,52,70,68,68,78,78,38,26,86,96,60,42,64,72,92,36,34,88,146,178,178,140,90,140,184,182,202,188,190,180,148,110,68,46,94,114,88,60,26,22,38,48,90,116,132,164,176,160,130,152,172,148,118,98,52,24,28,34,36,32,32,20,12,32,32,18,20,20,42,34,40,205
218,42,52,64,96,142,174,198,216,232,248,255,255,255,255,255,255,255,254,244,250,218,146,94,44,4,10,10,6,8,12,14,34,38,16,30,68,94,112,126,138,148,148,112,62,40,20,32,36,52,102,136,114,86,42,16,2,4,4,2,0,2,2,6,10,4,4,8,6,0,4,8,6,8,10,10,10,22,16,16,22,24,22,22,24,24,26,32,30,28,32,36,42,42,44,48,56,78,110,142,164,176,176,176,166,144,126,108,86,54,22,20,66,98,128,152,154,128,88,64,48,38,30,32,20,24,36,48,60,74,68,66,46,12,74,154,230,255,220,182,148,126,118,134,122,52,80,244,255,255,255,255,255,255,240,255,255,54,255,218,62,255,224,120,255,255,14,242,255,192,210,255,246,124,38,10,16,8,24,126,255,255,255,42,255,255,255,158,48,16,0,28,66,92,102,200,255,222,255,255,255,154,54,20,8,20,12,14,12,4,4,2,10,14,8,46,166,255,255,255,116,255,255,255,132,50,28,8,2,6,14,10,18,12,10,4,6,10,8,4,0,6,8,16,18,12,24,20,18,16,10,8,8,10,8,6,10,10,6,8,8,4,6,8,4,6,4,6,6,8,10,2,8,6,16,54,188,255,255,255,80,255,255,244,82,38,32,42,38,64,46,24,30,58,64,50,54,58,60,48,70,76,100,128,132,102,62,30,40,60,62,64,92,96,66,68,86,84,32,6,26,58,76,74,52,46,108,116,84,42,14,100,186,242,254,255,204,232,182,122,64,18,24,42,32,2,16,30,40,12,12,8,36,28,8,30,52,24,20,48,42,42,58,14,10,20,28,54,70,72,66,36,12,18,36,44,56,78,98,100,58,46,70,66,56,108,158,168,126,72,30,38,78,94,74,20,68,180,154,120,80,82,144,194,238,222,112,70,208,255,255,255,255,255,146,120,102,122,255,238,250,255,255,248,200,146,86,126,166,170,140,98,72,106,134,142,96,12,52,72,34,10,24,24,30,32,40,70,96,114,98,56,36,32,30,20,86,148,196,204,158,84,48,62,102,92,104,104,86,52,22,26,64,84,90,104,64,22,26,24,40,98,190,218,228,252,224,178,134,154,172,170,148,114,68,22,20,48,50,52,58,48,24,16,30,30,42,18,50,42,54,198
215,44,52,80,132,184,242,255,255,255,255,252,236,214,182,140,88,38,20,86,140,160,132,88,36,12,20,32,32,38,50,66,62,74,52,52,38,46,22,30,4,18,42,86,86,94,64,50,58,78,68,114,100,76,52,12,8,4,2,0,2,4,8,18,8,8,2,4,10,16,16,16,22,14,14,10,22,30,22,26,38,52,70,70,64,46,46,44,38,42,44,48,48,40,46,48,46,64,90,106,102,94,76,40,10,60,92,124,166,196,214,236,238,228,218,188,140,80,38,26,22,18,16,56,92,122,114,110,116,122,132,138,122,46,130,232,255,255,255,255,255,136,64,104,140,86,114,242,255,255,186,255,255,255,255,255,255,128,255,222,70,255,255,206,255,255,188,255,226,154,255,255,255,124,18,14,6,2,4,56,184,255,255,255,174,255,255,234,80,24,4,18,46,110,154,210,255,255,255,255,255,236,106,20,4,20,16,8,4,8,8,4,10,8,4,18,102,255,255,255,166,255,255,255,208,74,34,12,8,6,6,6,4,10,12,12,14,12,4,2,8,8,8,14,16,14,22,14,8,6,6,6,6,8,6,4,10,12,4,12,12,2,4,4,2,4,4,6,0,6,8,4,8,10,12,26,82,255,255,255,166,188,255,255,188,96,46,50,58,46,72,46,58,60,74,56,64,62,68,78,74,32,32,74,98,88,48,24,36,62,68,88,116,108,60,88,110,106,68,22,12,40,74,112,118,60,66,64,44,40,38,40,110,166,188,198,186,146,124,90,42,32,12,18,42,48,40,50,46,16,12,26,48,32,12,24,68,66,58,56,84,56,44,24,16,50,42,32,50,38,40,24,12,30,70,96,128,146,126,114,114,124,132,108,48,66,108,128,108,70,42,20,58,78,92,30,40,184,255,210,130,150,198,198,210,228,182,120,236,255,234,240,255,234,250,224,194,144,170,224,218,186,154,118,148,100,94,88,96,88,62,34,8,20,42,78,98,54,42,94,86,64,52,30,34,54,92,108,104,100,78,22,50,84,66,84,102,150,178,134,36,50,80,106,120,84,60,62,88,100,100,118,130,104,76,72,92,32,22,42,82,170,242,236,226,218,166,118,108,126,124,122,132,118,62,30,36,70,70,60,50,34,50,42,56,64,80,40,62,34,38,190
208,56,58,78,124,152,190,188,106,40,6,56,106,154,194,238,255,255,255,255,255,230,148,62,28,52,82,72,68,54,62,84,70,102,58,48,40,86,70,104,44,58,44,80,50,38,40,50,58,106,114,156,138,94,52,16,12,14,10,8,4,4,4,10,16,24,16,18,26,24,28,32,26,28,28,18,26,24,12,16,40,72,106,124,138,136,78,52,46,48,38,38,28,20,30,26,16,26,78,112,138,164,174,190,238,255,252,246,248,220,196,162,108,70,40,2,42,60,82,96,78,52,108,162,190,194,158,146,150,130,152,144,126,52,144,255,255,255,255,255,250,226,244,238,208,106,166,255,255,255,255,255,248,38,255,255,224,255,255,206,80,255,255,56,255,255,150,172,102,136,255,255,240,90,12,8,6,16,22,24,80,246,255,255,80,255,255,255,154,54,12,16,24,94,200,255,255,255,255,255,255,255,180,44,8,12,4,10,10,4,8,6,12,10,10,2,58,170,255,255,255,58,255,255,255,140,42,10,14,2,2,2,2,2,8,14,16,12,10,14,16,10,12,16,16,16,18,8,2,0,4,6,6,8,8,8,8,12,6,16,12,8,8,12,10,6,6,2,2,4,6,2,6,14,6,26,40,152,255,255,255,48,255,255,255,204,84,72,74,18,58,70,64,54,50,74,70,56,58,64,68,64,90,114,112,94,52,28,20,24,48,72,98,94,68,100,138,124,90,52,12,10,32,76,106,76,48,42,42,54,48,16,28,74,106,114,120,94,50,32,12,32,18,10,42,42,54,52,68,60,66,42,34,16,24,26,54,64,72,60,80,40,18,4,22,44,20,16,60,74,64,34,24,72,132,172,196,196,172,172,152,146,134,100,48,110,154,132,84,64,48,8,40,64,70,48,12,82,255,255,150,152,192,206,220,222,182,114,192,228,216,255,255,216,208,224,176,144,114,126,132,106,86,24,30,34,30,34,40,20,8,18,26,12,34,72,90,74,52,102,118,112,118,96,82,114,134,132,110,92,70,8,86,108,78,104,178,206,156,78,94,132,148,170,166,132,128,118,128,120,124,134,126,92,52,36,82,72,28,36,74,124,148,126,90,70,34,38,58,92,88,78,110,144,120,96,58,18,40,54,56,56,46,6,10,16,46,12,34,26,20,192
204,16,6,56,132,156,208,250,212,255,255,255,255,255,255,255,255,255,255,224,178,116,46,20,36,96,98,70,82,80,66,100,84,122,64,32,40,80,42,78,18,32,62,122,134,146,132,138,146,164,168,174,124,64,32,18,4,8,10,8,2,4,16,26,38,36,28,34,30,20,24,22,20,20,26,20,20,18,12,24,64,104,154,224,212,255,180,72,32,20,12,8,12,16,26,34,40,42,86,118,142,162,188,224,214,190,152,124,100,72,42,50,104,120,132,138,136,130,124,128,118,120,198,246,252,210,156,158,196,188,255,255,200,70,140,255,255,255,202,255,255,255,230,178,120,60,166,255,255,255,255,255,255,234,255,224,78,255,255,220,120,255,255,246,255,222,40,62,120,255,255,255,138,30,2,10,18,22,16,8,36,162,255,255,255,144,255,255,255,112,26,18,12,42,170,255,255,255,148,255,255,255,220,82,10,14,8,8,2,10,2,0,10,10,6,12,16,106,255,255,255,196,255,255,255,236,88,14,20,10,12,16,10,8,10,10,10,10,12,14,12,8,12,16,16,12,12,6,6,4,6,8,8,8,6,6,6,14,12,16,8,6,4,6,8,4,6,6,6,8,4,6,6,14,10,26,14,58,202,255,255,255,28,255,255,255,174,100,76,22,54,70,64,42,24,16,20,28,76,114,106,92,130,150,112,58,26,24,28,26,42,58,82,80,50,64,110,108,88,62,18,16,28,54,78,64,18,44,82,102,98,74,40,10,24,46,76,78,24,40,40,50,38,48,40,8,44,62,78,60,62,92,50,16,48,34,32,32,46,38,38,20,32,42,24,16,34,24,36,84,94,62,64,118,162,190,178,146,134,140,130,94,136,128,170,184,140,122,80,38,42,34,18,64,58,64,32,28,138,255,212,208,255,255,224,144,96,62,114,138,140,184,156,96,56,68,90,74,64,44,38,46,22,50,88,60,54,74,84,54,20,22,40,34,46,78,90,84,92,70,108,104,136,134,92,108,108,108,94,92,60,40,62,84,60,28,156,242,236,174,142,140,156,150,132,124,132,100,106,114,124,128,114,82,82,50,26,56,24,32,108,186,222,232,210,118,30,68,96,120,112,74,50,100,124,120,98,46,16,54,64,82,96,54,70,62,70,32,30,32,36,196
211,38,28,38,108,146,182,204,234,255,255,248,208,182,162,146,124,102,88,76,68,52,52,42,98,148,84,64,56,62,36,46,36,80,80,62,62,102,108,126,110,110,116,128,142,144,132,118,88,78,86,84,50,24,24,16,10,26,24,26,26,30,40,42,34,26,26,26,20,16,26,22,34,28,18,8,8,18,16,22,54,96,196,255,255,255,255,116,30,40,46,42,40,38,40,44,54,56,50,48,36,18,58,58,42,36,16,10,8,50,116,182,252,252,200,162,134,118,134,116,80,160,240,255,255,164,90,18,76,28,108,244,255,130,134,255,255,182,255,255,255,166,150,116,48,48,152,255,255,116,255,255,246,255,255,255,255,255,255,232,114,255,255,255,255,255,178,196,255,255,255,152,50,0,20,22,10,16,16,14,16,68,234,255,255,140,255,255,255,190,58,4,20,12,86,248,255,255,255,112,255,255,255,142,36,10,2,4,6,14,6,6,16,14,8,12,20,34,180,255,255,255,76,255,255,255,142,32,14,22,20,12,6,12,12,12,12,8,6,4,6,8,10,14,16,12,8,6,8,8,10,10,10,12,8,6,4,8,10,12,6,6,2,4,6,4,6,8,8,8,4,6,6,12,12,18,2,12,108,255,255,255,198,70,255,255,255,160,86,32,64,70,44,64,76,78,86,80,64,100,124,114,126,122,70,58,12,28,28,22,38,46,54,38,34,60,70,88,94,78,30,14,20,40,66,86,76,30,30,74,86,72,44,18,10,18,66,108,86,38,26,66,84,38,24,22,52,106,126,72,50,64,40,36,72,48,56,36,24,28,22,20,32,36,16,42,18,22,24,22,68,54,46,74,86,112,96,70,72,22,42,80,126,68,138,202,188,128,60,26,22,32,10,42,62,76,58,12,12,114,146,152,184,156,74,14,30,14,28,44,58,50,16,30,42,42,42,48,52,62,60,64,72,122,110,76,76,94,112,88,38,38,42,58,66,102,100,80,102,66,62,78,98,114,76,34,24,44,38,52,82,98,82,56,58,32,90,194,194,172,148,136,156,130,110,102,134,106,72,76,76,72,50,36,74,98,58,32,30,12,56,148,200,214,226,170,54,128,146,152,140,102,70,66,66,58,64,70,42,76,78,84,102,58,40,24,18,6,2,24,24,199
206,36,40,38,44,38,70,62,100,116,110,78,52,44,40,32,18,24,24,26,48,64,56,38,82,68,34,50,54,110,122,130,136,172,162,112,104,114,138,142,124,100,74,66,80,70,64,42,20,8,10,24,20,14,18,12,16,22,22,24,32,36,34,32,20,18,26,26,30,46,56,44,42,32,26,22,18,24,32,40,84,138,208,255,244,255,255,192,86,64,52,46,40,40,32,30,36,30,30,68,86,70,110,98,52,20,8,4,20,80,182,255,255,255,255,255,174,56,84,70,26,116,255,255,188,188,255,238,255,252,102,110,240,166,174,255,255,255,255,255,255,255,206,164,98,66,130,255,255,212,255,255,154,255,255,255,255,255,255,186,76,204,255,255,255,255,255,255,254,188,102,30,14,16,24,26,28,56,66,68,78,82,98,255,255,255,128,255,255,248,120,38,22,18,32,134,255,255,255,228,255,255,255,226,92,20,10,10,14,16,10,8,12,8,4,4,14,8,92,230,255,255,255,255,255,218,150,54,4,24,28,24,14,14,12,10,6,4,2,0,4,10,12,8,12,8,4,4,4,4,8,10,10,14,12,6,4,2,6,4,4,4,2,2,6,8,8,10,12,12,8,6,2,8,16,6,8,12,34,140,255,255,255,176,126,255,255,255,130,54,54,36,28,50,70,80,72,52,36,54,62,72,40,42,20,62,32,8,14,36,78,104,106,70,42,10,58,106,136,126,76,36,10,18,32,64,90,78,34,26,50,60,58,38,14,8,16,84,128,104,56,26,82,82,32,32,96,154,148,56,94,74,40,80,126,92,116,82,30,12,8,20,8,42,26,42,32,24,18,20,32,30,12,64,102,132,140,122,112,112,106,90,82,54,152,236,216,122,42,12,16,34,46,10,40,72,90,28,24,20,40,66,68,62,62,62,66,72,66,58,66,78,96,94,84,86,90,94,98,96,98,96,104,122,98,68,74,92,104,92,62,54,70,72,72,108,104,70,76,54,12,18,22,60,70,68,76,104,134,154,162,140,102,70,38,48,8,94,110,112,116,96,106,82,74,66,100,102,50,20,28,42,44,40,8,40,54,20,24,46,16,80,164,194,228,216,104,186,198,198,186,140,104,92,74,58,70,68,34,44,60,60,68,48,18,14,8,12,16,32,22,201
202,66,70,58,54,60,44,24,62,94,72,26,8,8,4,8,6,12,28,44,58,68,68,64,108,134,164,134,124,160,134,110,132,158,132,74,64,62,64,58,44,20,6,10,10,20,8,2,18,24,28,34,34,28,26,18,10,14,18,18,18,10,4,14,10,18,26,18,24,60,52,56,50,38,28,12,10,8,26,28,66,142,255,255,214,248,255,255,98,48,28,28,24,30,14,14,16,6,76,144,178,148,184,166,96,24,6,4,28,102,238,255,255,255,255,255,238,222,242,192,162,220,255,255,144,255,255,94,128,255,255,255,255,208,146,255,255,255,255,255,255,140,154,150,106,36,68,238,255,228,255,242,86,164,255,255,255,255,255,130,72,128,180,186,196,176,150,130,82,24,14,30,50,80,94,106,122,150,166,158,144,128,70,122,255,255,220,255,255,222,136,68,10,8,22,76,194,255,255,255,78,255,255,255,148,30,10,10,8,4,4,6,10,12,10,18,4,10,28,132,255,255,255,255,255,200,112,66,18,22,8,34,18,12,10,6,4,6,4,2,8,14,10,4,8,4,0,2,4,4,6,10,10,12,12,12,8,8,4,2,6,4,2,8,10,8,8,12,16,14,10,8,10,10,18,6,10,8,6,52,168,255,255,255,102,204,255,255,190,76,28,22,24,24,42,46,50,52,32,14,22,32,30,36,56,60,22,18,48,60,68,94,100,68,32,46,32,70,116,138,102,60,18,16,24,44,72,78,42,14,66,90,62,22,10,8,12,34,94,108,92,54,52,56,40,60,96,120,90,4,82,102,80,128,134,64,98,74,32,8,26,56,70,56,58,28,52,24,18,30,22,42,24,34,68,78,106,134,112,116,172,222,214,158,166,212,176,100,26,16,12,32,56,58,14,28,72,48,12,32,36,26,32,56,72,72,76,86,104,102,110,114,108,96,94,104,102,96,108,112,108,110,118,118,104,80,74,84,70,54,44,34,58,46,38,62,60,18,54,86,78,74,110,144,146,130,120,120,114,112,104,84,70,64,56,10,34,16,52,62,56,38,32,24,50,34,34,72,52,24,40,56,58,68,58,16,32,42,18,22,44,22,128,182,218,222,132,176,208,218,198,144,124,96,70,26,60,102,88,34,34,48,52,50,40,16,6,10,28,46,30,204
205,118,94,104,72,86,72,46,44,84,78,36,12,12,6,2,4,4,22,48,74,92,100,86,102,128,136,112,100,118,84,60,62,54,32,4,2,14,12,16,16,24,28,28,28,12,2,4,20,24,20,12,26,30,32,32,30,34,28,16,12,20,24,26,38,40,46,36,62,112,84,112,102,78,46,18,14,8,6,2,22,96,234,255,255,10,255,255,200,72,10,10,14,22,14,14,6,30,112,220,255,240,255,255,144,36,14,10,40,114,255,255,255,26,255,255,255,200,158,96,138,240,255,255,148,255,255,196,255,255,255,255,255,176,40,255,255,255,255,255,255,102,104,138,106,34,54,154,216,170,252,178,50,60,112,166,164,174,130,60,20,36,42,38,32,16,10,40,74,98,102,120,162,196,194,202,196,196,198,162,140,154,110,18,200,255,255,234,255,172,134,86,36,6,12,26,116,255,255,255,255,255,255,255,226,82,6,2,14,12,12,12,12,12,10,16,16,10,10,74,172,255,255,180,216,186,78,62,50,6,18,16,18,4,4,6,10,8,6,4,12,10,6,6,8,4,0,4,6,4,4,8,10,12,12,16,12,12,10,8,2,8,10,10,10,8,8,10,14,14,10,4,14,8,18,22,10,10,10,12,68,218,255,255,255,48,255,255,255,134,22,14,16,10,34,24,14,20,48,52,62,58,42,26,18,6,30,50,78,66,62,82,80,68,56,48,50,76,74,74,76,56,28,12,24,42,64,88,76,24,42,94,84,44,8,12,18,16,44,62,60,44,44,48,4,58,90,106,74,48,76,28,32,62,32,88,152,118,58,20,38,74,32,46,44,18,52,10,22,46,26,46,46,4,72,90,100,146,152,154,160,218,255,255,204,220,164,86,42,34,52,56,62,84,60,48,66,42,20,28,58,60,58,80,86,94,106,104,102,96,102,104,96,96,92,98,84,80,88,90,80,72,72,74,76,50,72,98,78,54,48,34,26,14,34,58,88,74,76,98,92,70,98,114,108,88,74,62,56,58,46,44,52,52,84,62,14,22,18,42,36,16,4,18,54,66,24,38,66,48,8,30,36,50,44,36,36,72,70,40,52,30,70,144,188,200,150,150,180,166,116,94,98,80,70,44,12,58,70,46,10,50,68,86,78,56,50,20,16,40,28,207
199,120,66,94,16,46,74,80,76,96,82,42,10,8,8,2,8,2,6,16,40,64,82,72,74,66,46,44,42,32,16,8,16,30,34,34,20,20,22,20,16,18,8,10,22,18,8,8,14,22,26,14,22,42,54,60,62,56,44,24,24,32,28,24,36,18,44,88,172,234,182,226,192,130,76,22,12,4,14,16,0,66,170,255,255,226,255,255,255,142,30,8,18,10,8,14,12,42,116,255,255,216,255,255,140,30,8,4,40,112,255,255,255,96,255,255,220,152,146,84,72,202,255,255,164,212,186,142,186,255,255,255,255,255,166,255,255,255,255,255,156,96,124,148,132,102,76,108,136,144,176,94,26,14,20,36,52,42,22,10,46,56,64,84,96,108,138,162,176,188,198,210,218,206,180,174,148,132,114,76,76,116,120,70,96,248,255,194,224,152,94,82,48,8,22,10,46,162,255,255,255,126,255,255,255,154,56,44,44,40,40,40,44,44,44,52,52,38,44,48,66,124,162,168,136,122,42,54,64,24,10,20,14,0,0,2,8,10,12,8,12,6,2,4,6,4,2,6,4,0,0,2,4,8,10,16,12,10,12,12,2,14,12,8,8,6,6,10,14,16,12,2,10,8,6,18,16,14,4,6,28,104,255,255,255,228,76,255,255,238,82,14,28,8,36,22,44,52,90,66,42,22,32,46,52,54,58,54,50,28,32,72,90,86,80,50,54,74,82,92,62,50,48,24,4,22,50,88,108,78,30,58,76,58,28,20,8,8,28,60,56,22,10,44,58,92,80,74,42,76,100,92,110,90,38,106,116,36,30,74,62,138,122,34,16,34,34,36,30,8,34,28,38,56,46,62,86,96,110,116,128,124,170,208,192,138,84,72,70,72,80,66,64,88,86,48,56,40,18,12,18,30,48,74,92,100,94,80,80,72,72,72,62,62,42,26,16,8,16,40,50,48,58,68,84,72,86,68,52,44,38,36,28,42,54,56,86,94,84,88,84,46,40,52,54,48,42,34,34,34,22,24,30,18,54,78,44,16,24,10,44,50,32,20,30,28,20,32,94,110,60,42,48,66,62,52,42,46,70,56,20,32,2,80,148,176,170,166,174,126,56,32,72,82,76,64,22,34,42,50,14,62,122,148,124,114,118,74,46,66,68,205
196,114,92,126,116,116,146,126,102,102,78,34,6,8,6,4,2,6,8,2,8,18,30,32,32,16,10,12,16,22,26,30,32,34,32,36,24,12,8,6,6,16,12,12,18,20,12,4,16,28,40,38,24,20,56,90,106,112,120,110,82,42,14,8,14,32,94,162,255,255,158,230,174,108,78,24,10,2,12,6,16,30,116,246,255,255,82,255,255,216,66,10,14,14,6,8,16,42,124,255,255,94,255,255,140,30,22,26,56,136,255,255,255,188,255,255,255,236,182,110,28,126,255,255,255,180,102,58,146,234,242,255,255,255,186,200,255,255,255,255,234,204,216,208,146,86,52,52,62,92,64,14,4,12,18,20,12,44,58,104,152,162,176,188,186,186,206,202,180,170,172,166,144,114,84,56,16,30,78,122,140,188,198,148,100,136,226,208,138,102,80,84,88,54,72,64,60,80,146,255,255,208,255,255,255,204,140,122,104,106,106,112,120,116,116,120,124,126,128,120,118,110,74,56,26,86,90,104,110,82,62,44,36,34,30,24,18,12,12,8,6,6,4,6,8,8,8,10,6,4,4,4,4,6,10,12,8,6,10,12,10,16,10,0,4,6,6,14,16,16,14,4,4,2,4,8,16,10,6,8,6,28,166,255,255,255,142,192,255,255,164,46,20,14,36,34,46,48,54,28,38,58,54,48,30,22,30,18,8,4,12,50,92,98,86,62,90,106,98,74,24,44,62,38,16,10,32,54,70,66,28,34,70,76,64,32,26,12,4,50,66,40,72,84,106,108,50,42,74,104,90,66,108,94,32,54,92,76,106,80,28,60,112,78,46,52,32,22,20,56,52,46,20,80,76,38,34,38,36,42,50,40,36,56,74,80,36,32,64,54,68,78,82,102,124,82,40,18,14,26,32,32,34,46,38,36,20,42,48,44,44,56,70,84,82,92,102,98,100,104,114,124,128,124,134,130,126,102,66,42,28,22,44,60,58,64,60,72,78,80,68,42,8,46,66,64,48,26,18,8,4,6,8,8,10,50,58,72,72,74,28,24,36,32,38,38,44,42,58,108,86,42,28,34,28,46,46,12,26,42,24,18,38,4,72,106,112,118,110,76,42,16,48,84,94,86,44,10,42,74,58,146,212,200,126,124,114,68,30,34,40,201
202,128,132,160,142,112,90,60,48,52,38,14,2,4,8,6,4,6,8,12,12,4,6,4,8,24,32,30,28,24,18,20,20,24,18,28,28,18,10,8,8,18,10,6,20,24,18,10,10,18,36,44,46,54,76,122,156,164,204,224,204,154,90,54,40,84,146,244,255,218,92,255,236,162,80,12,12,6,10,6,6,10,66,174,255,255,190,255,255,255,116,32,2,10,12,12,18,48,152,255,255,98,255,255,170,86,82,82,84,164,255,255,255,162,255,255,170,152,182,142,78,28,170,255,255,224,130,118,112,128,202,255,255,206,92,118,170,180,186,174,160,136,116,72,20,30,64,34,14,30,16,18,8,16,4,12,18,62,94,152,196,198,188,172,162,152,148,124,90,68,52,16,38,82,110,154,198,228,255,250,234,230,172,86,6,64,78,72,32,88,150,150,162,144,158,150,152,180,234,255,255,255,255,255,255,255,255,255,255,255,255,255,255,255,255,255,255,255,255,255,255,255,240,224,208,210,214,222,216,188,166,148,140,140,134,128,122,110,94,80,58,36,24,12,6,2,8,6,2,2,2,12,8,16,10,10,2,10,12,4,10,12,10,8,12,22,6,12,22,24,20,8,12,16,8,8,12,14,18,12,4,8,66,216,255,255,255,52,255,255,255,120,50,8,10,22,28,30,24,34,18,56,44,10,8,8,14,6,4,8,12,26,56,80,76,66,122,120,88,42,34,12,54,40,20,12,20,48,56,52,48,38,78,94,86,52,26,22,20,18,62,76,64,58,60,60,58,60,58,80,92,70,110,82,40,32,28,76,118,92,108,78,84,76,22,22,8,8,14,48,58,62,88,70,116,84,58,50,28,16,26,32,26,26,12,48,72,44,22,34,86,110,94,88,132,120,52,18,46,40,42,54,76,64,60,76,94,122,124,116,120,124,124,122,112,108,108,104,98,92,94,96,88,86,84,92,96,108,104,80,54,46,68,62,54,44,16,22,42,64,56,38,24,52,86,100,96,72,68,50,32,38,18,8,2,36,110,126,84,124,104,34,12,8,16,22,36,44,12,48,70,46,8,34,36,44,48,28,8,30,42,20,24,34,4,30,26,18,8,14,36,32,12,32,74,86,72,38,26,58,38,176,238,198,90,144,118,72,54,58,60,204
213,88,96,106,90,56,24,20,12,18,12,0,4,4,2,2,6,8,4,6,2,4,10,12,20,32,36,32,26,20,16,14,10,8,2,14,16,18,20,20,14,30,34,36,38,28,16,6,2,2,20,28,32,58,84,100,120,128,134,216,252,252,202,142,100,138,212,255,255,10,255,255,218,122,38,14,10,2,6,2,4,8,36,104,255,255,255,194,255,255,160,74,12,8,4,12,10,54,172,255,255,218,255,255,246,132,126,122,84,134,224,255,255,255,255,255,138,64,130,128,88,76,66,158,220,254,220,178,174,206,246,228,162,70,28,34,24,18,6,20,50,48,18,54,92,80,86,90,52,26,10,8,16,18,14,18,30,72,102,138,164,148,98,64,40,14,16,64,114,140,166,202,238,246,228,232,208,160,126,70,36,12,48,86,116,160,196,234,250,232,255,255,255,255,255,255,255,255,255,255,255,255,255,255,255,255,255,255,255,255,255,255,255,255,255,255,255,255,255,255,255,255,255,255,255,255,255,255,255,255,255,255,255,255,254,222,208,206,192,180,170,158,152,142,128,108,78,52,40,24,14,24,8,18,14,10,6,10,8,4,4,8,10,6,12,16,12,0,16,26,30,16,6,8,8,6,4,6,12,14,8,6,20,104,255,255,255,240,66,255,255,232,86,22,22,16,8,26,20,22,10,36,54,22,2,4,2,4,6,8,8,14,38,72,68,34,52,50,38,36,58,22,38,52,42,30,18,50,72,78,56,32,60,94,96,68,26,12,18,16,62,114,118,80,42,42,36,114,126,74,40,30,98,80,40,26,30,84,152,132,196,188,152,142,110,38,34,50,44,56,68,52,30,26,66,88,56,58,52,32,22,22,14,10,12,14,48,72,32,50,106,92,36,36,80,94,74,66,58,40,30,42,68,66,40,54,80,108,106,94,98,90,80,78,76,72,74,72,60,52,56,56,50,56,56,60,60,66,90,98,80,42,52,24,38,54,52,52,72,88,68,62,40,34,56,72,82,72,80,70,50,60,46,30,24,90,176,188,116,156,148,58,10,10,16,32,40,46,32,14,58,76,52,24,26,40,42,24,6,26,50,52,10,30,24,8,18,14,18,28,42,48,38,8,44,62,64,72,44,22,52,186,222,140,64,146,154,106,54,16,36,207
219,24,28,20,6,6,10,6,8,10,4,8,10,10,8,6,2,4,2,2,0,4,8,14,24,32,34,26,12,6,12,18,30,36,40,42,38,36,34,22,10,12,18,22,16,6,2,6,2,4,10,20,38,84,128,164,204,192,106,8,120,216,252,240,178,208,255,255,140,202,255,255,148,64,6,8,4,6,2,2,10,2,20,48,192,255,255,168,250,216,148,90,36,4,4,8,6,56,164,255,255,140,255,255,234,136,134,130,82,40,192,255,255,255,255,200,124,146,178,178,146,104,40,42,76,130,148,130,102,94,84,50,24,24,60,74,92,92,72,82,84,124,108,152,150,116,112,156,118,40,8,14,18,8,6,6,22,52,74,110,138,118,86,152,168,198,224,236,232,222,214,184,140,82,40,12,46,102,122,166,218,255,255,255,255,255,255,255,255,255,255,255,255,255,255,255,255,255,255,255,255,255,138,255,255,255,255,255,255,255,255,255,255,255,255,255,255,255,255,255,255,255,255,255,255,255,255,255,255,255,255,255,255,255,255,255,255,255,255,255,255,255,255,255,250,240,222,196,176,146,116,116,102,60,38,24,6,8,6,4,4,6,4,10,14,10,4,8,8,8,14,18,14,10,12,12,6,4,6,8,8,6,20,34,156,255,255,255,132,210,255,255,170,62,18,8,24,28,40,30,14,22,58,42,10,4,4,4,2,0,0,10,38,74,76,22,50,72,44,8,48,28,26,56,60,50,16,20,58,102,116,80,28,40,56,60,44,30,26,16,30,84,112,98,60,54,14,58,84,66,50,20,80,96,76,62,88,166,198,118,160,174,158,184,196,120,42,56,30,38,44,60,16,38,24,80,60,58,74,64,42,34,30,16,12,8,26,76,82,60,66,54,44,64,106,100,82,84,62,48,52,50,50,56,30,46,66,74,66,56,58,50,50,48,48,44,48,48,38,32,34,34,28,32,32,26,24,26,38,72,86,52,20,22,32,54,74,78,106,118,96,78,28,24,46,40,26,32,48,48,40,48,52,56,64,152,234,232,132,188,204,98,30,50,34,18,20,28,30,12,36,70,74,42,22,32,32,28,14,12,28,54,30,22,42,10,28,16,6,16,10,22,28,14,30,54,60,76,76,82,142,230,206,84,40,118,154,110,24,30,38,200
218,2,6,14,16,12,2,6,4,4,10,14,10,10,10,12,10,6,4,2,0,4,8,14,20,22,20,10,20,38,44,46,48,48,44,36,28,24,20,4,6,2,2,2,6,10,10,2,6,2,6,4,20,66,114,154,212,255,255,220,124,10,98,190,255,255,255,255,160,255,255,170,84,16,12,10,10,14,12,10,10,14,24,14,102,224,255,255,222,208,112,74,48,12,2,8,10,52,162,255,255,255,255,255,102,80,82,86,60,64,126,255,255,255,255,236,224,228,218,176,110,60,8,12,4,18,34,50,66,62,92,100,98,102,108,118,146,142,150,96,96,104,172,238,218,182,170,212,176,76,24,20,8,4,8,8,18,56,98,150,206,216,242,255,220,190,148,94,54,16,38,96,150,206,250,255,255,255,255,255,255,255,255,255,255,255,255,255,255,255,255,255,255,255,255,255,255,255,250,200,134,62,22,30,44,60,56,62,44,40,40,38,38,42,44,46,48,50,56,64,76,84,88,104,136,168,202,252,255,255,255,255,255,255,255,255,255,255,255,255,255,255,255,255,255,255,255,255,255,255,242,212,200,170,142,124,100,74,48,22,2,8,8,16,18,10,8,12,12,8,6,6,8,16,16,22,18,6,4,8,16,18,18,8,54,190,255,255,255,28,255,255,255,106,30,40,48,36,60,48,34,22,52,52,26,20,18,16,14,12,10,8,4,30,72,62,20,54,56,18,30,40,16,36,56,56,34,8,16,48,88,90,42,24,48,70,66,36,22,30,38,60,74,98,104,76,70,134,126,80,34,10,40,62,58,82,124,180,150,78,134,178,150,164,192,142,52,64,62,64,20,38,46,22,18,40,36,42,76,86,62,42,38,20,2,6,12,56,98,108,112,88,74,62,130,144,116,96,60,42,60,70,58,72,46,36,38,40,42,42,38,28,30,28,28,24,20,20,14,10,8,8,6,10,10,14,2,12,6,30,58,66,50,34,38,46,72,66,80,72,36,20,14,36,42,34,20,4,28,42,40,38,48,62,84,174,218,166,38,122,184,126,34,34,42,18,10,28,44,38,14,22,56,50,4,34,46,48,42,28,14,36,46,8,44,42,8,22,22,18,14,14,26,28,8,46,70,68,140,200,206,228,204,114,98,140,150,108,36,26,30,194
219,4,6,10,8,6,6,6,10,14,14,10,6,8,8,12,12,8,10,8,2,4,8,14,24,26,22,10,26,34,34,24,16,16,10,12,12,4,8,4,4,4,0,6,10,6,2,10,6,6,4,8,12,18,42,62,96,152,216,255,255,224,156,174,255,255,255,255,255,255,196,104,46,14,4,8,8,12,4,12,12,16,10,16,66,118,208,236,138,154,88,60,52,22,6,8,10,52,142,255,255,255,255,255,156,150,166,190,162,124,96,148,174,200,172,128,110,76,40,16,26,28,4,18,6,36,102,154,170,158,160,156,136,144,154,164,198,184,192,152,74,90,130,148,124,92,120,154,148,48,18,4,2,6,8,10,6,22,52,84,120,118,98,48,10,52,102,154,202,255,255,255,255,255,255,255,255,255,255,255,255,255,255,255,255,255,255,236,140,88,74,64,52,36,16,26,30,12,14,14,14,14,2,8,12,16,12,14,12,8,8,6,4,4,2,4,8,10,12,16,14,10,8,12,8,8,6,10,8,6,22,24,40,82,118,158,206,255,255,255,255,255,255,255,255,255,255,255,255,255,255,255,255,255,255,238,198,178,172,152,128,100,66,30,10,6,12,6,14,12,4,8,8,12,8,20,24,20,12,8,16,10,4,10,22,100,255,255,255,248,132,255,255,192,76,50,50,36,62,58,46,56,94,84,46,40,34,26,18,10,4,18,22,16,40,62,24,30,52,34,16,60,56,10,26,34,32,12,20,34,62,70,50,32,76,102,98,66,34,32,26,30,64,106,138,118,78,68,48,40,42,58,68,78,42,56,176,224,168,122,26,66,62,88,120,98,46,54,66,70,54,28,18,36,46,32,6,28,38,64,48,30,40,32,10,2,18,12,58,90,104,114,118,64,60,132,152,138,104,62,14,64,60,82,68,16,38,62,74,52,22,2,4,2,6,6,6,10,10,8,4,2,6,6,2,10,10,16,8,6,18,46,72,78,44,48,62,30,18,40,36,44,54,52,40,24,14,12,16,20,20,16,24,46,86,158,156,78,86,180,198,118,42,10,22,14,10,22,42,54,46,20,28,54,24,12,30,40,42,26,6,26,62,50,4,38,26,10,26,16,12,18,36,52,32,4,60,148,222,244,192,174,168,74,122,194,178,110,76,52,72,197
218,6,4,2,4,10,18,20,14,14,12,4,4,2,4,8,8,4,8,10,4,8,12,12,18,26,26,18,34,50,54,44,40,44,36,22,6,4,4,2,2,4,6,8,6,6,14,12,6,6,4,6,8,10,18,6,16,46,98,156,202,255,255,255,255,255,106,186,255,255,255,196,126,86,38,22,8,14,10,8,8,6,6,10,44,70,106,152,94,74,66,64,68,36,12,6,6,32,100,184,255,255,255,255,236,224,200,196,138,74,38,40,44,38,26,74,86,98,90,94,96,86,54,26,24,52,116,168,240,255,255,255,255,150,116,130,128,46,94,124,66,96,108,104,104,102,216,255,146,26,24,10,10,6,20,26,30,44,60,72,94,120,152,220,255,255,255,255,255,255,255,255,255,255,255,255,255,255,255,224,170,112,72,40,12,8,10,12,20,18,18,26,12,10,4,6,24,6,8,10,18,18,8,4,2,12,10,0,2,0,2,2,2,4,4,8,10,12,14,14,18,18,16,16,6,6,6,4,4,6,2,4,10,12,8,8,6,14,12,12,40,62,100,154,226,255,255,255,255,255,255,255,255,255,255,255,255,255,255,255,250,220,194,158,128,98,48,18,18,12,16,14,14,4,8,14,10,12,12,14,20,12,16,8,20,36,160,255,255,255,94,255,255,255,126,72,44,14,36,40,32,70,94,64,38,34,30,22,16,20,20,18,2,6,22,36,22,22,52,56,26,42,68,32,16,36,50,28,16,22,44,70,68,32,28,44,66,54,20,12,20,30,56,98,122,96,44,10,60,56,56,56,44,44,22,18,140,240,210,208,200,164,132,148,150,100,50,58,92,60,62,48,48,42,10,34,50,54,48,80,76,44,28,16,22,16,26,10,26,64,94,98,96,70,8,102,164,168,116,94,52,16,38,66,70,20,30,76,96,70,34,2,4,2,6,2,8,6,12,10,6,2,12,4,6,2,10,10,4,2,4,10,50,94,86,54,40,16,28,40,40,56,62,50,30,10,32,34,32,28,18,14,18,28,76,116,112,66,144,202,188,104,30,6,22,28,22,8,10,32,40,26,16,58,56,28,10,24,34,26,16,16,46,70,48,16,32,10,26,20,10,14,20,50,58,68,162,232,254,246,166,94,58,102,236,255,206,138,96,34,58,198
218,4,8,8,10,12,10,4,10,10,8,6,8,4,6,4,4,0,4,8,4,14,18,18,26,42,48,48,46,68,78,78,74,74,70,56,32,8,4,4,4,8,2,10,12,10,10,2,6,6,4,6,6,4,10,10,8,6,22,48,80,168,255,255,255,255,234,255,255,196,250,254,228,188,124,82,52,18,8,2,10,6,6,18,8,48,58,82,92,20,56,66,86,52,16,6,8,12,48,96,128,146,156,138,122,68,44,32,32,46,52,48,52,68,106,146,158,144,136,130,158,168,134,64,24,34,100,164,255,255,218,255,255,154,14,62,82,150,214,202,142,182,208,176,164,202,255,192,60,12,18,16,40,58,78,88,104,142,186,250,255,255,255,255,255,255,255,255,255,255,255,255,255,222,132,72,46,18,38,32,44,28,16,8,8,6,6,2,10,18,14,16,8,8,6,6,12,12,10,12,4,4,8,16,2,14,6,4,6,4,0,4,6,6,4,6,4,6,0,4,4,2,6,12,12,10,2,6,6,4,6,6,6,4,12,18,22,16,4,4,6,2,4,8,12,6,12,50,106,170,252,255,255,255,255,255,255,255,255,255,255,255,255,255,255,238,196,160,148,118,64,30,22,14,20,22,20,16,14,12,12,4,2,20,8,26,58,232,255,255,255,92,255,255,234,106,36,12,22,22,14,58,58,20,26,26,28,26,22,18,12,2,2,4,16,50,62,22,30,64,64,22,58,52,36,62,90,74,38,40,40,52,78,74,52,48,42,44,34,24,18,14,20,52,100,78,52,52,32,24,36,36,22,12,20,22,42,144,156,150,170,174,136,120,128,88,36,24,64,78,70,42,26,84,98,78,72,60,58,90,98,66,34,24,28,16,20,10,26,64,108,122,94,62,28,50,114,156,120,88,80,34,16,46,64,50,50,72,110,90,50,10,4,6,12,6,4,6,16,12,4,2,12,2,10,4,8,8,2,8,6,10,26,82,106,100,70,38,48,30,28,44,20,16,36,50,56,60,80,40,12,18,38,40,50,78,120,60,144,172,132,56,14,18,18,36,34,26,10,16,34,28,12,38,58,44,6,30,44,54,48,32,12,32,52,20,28,42,8,38,16,20,20,12,52,120,212,255,255,255,154,74,88,200,244,208,172,126,66,44,54,201
219,4,4,4,4,6,10,6,2,0,4,8,6,4,4,2,4,0,4,6,8,20,30,30,46,68,58,62,98,114,126,96,62,60,76,90,90,70,38,4,12,6,16,8,8,6,4,6,6,6,8,4,2,2,8,8,6,8,8,16,52,118,176,244,255,244,255,255,255,144,86,174,236,252,224,172,126,86,58,22,8,10,8,16,14,30,46,40,66,30,48,50,76,68,30,10,8,2,2,24,28,2,24,30,50,78,118,104,126,138,114,104,110,112,118,178,255,255,255,255,240,212,200,132,60,24,96,204,255,255,255,255,255,192,156,160,162,154,146,136,108,124,188,176,154,176,164,70,10,34,48,82,124,160,194,248,255,255,255,255,255,255,255,255,255,255,255,226,106,36,72,110,66,14,30,36,50,16,14,14,32,26,16,6,6,8,4,4,4,0,4,10,14,12,12,6,6,6,8,12,6,10,14,16,8,12,6,4,8,6,4,2,2,4,4,4,2,6,6,6,8,10,10,10,4,8,6,4,4,2,6,4,10,12,4,8,8,8,6,4,2,2,4,6,4,2,8,4,10,8,12,12,18,76,152,232,255,255,255,255,255,255,255,255,255,255,255,255,255,255,208,160,124,98,70,32,16,10,20,14,6,2,6,24,8,22,12,118,255,255,255,120,255,255,255,184,74,22,34,42,40,70,46,12,10,16,32,42,46,44,38,22,8,2,18,26,66,54,0,48,80,70,90,94,68,66,84,72,18,16,32,48,60,58,40,46,76,84,68,30,6,4,10,14,78,86,46,30,12,26,48,32,22,30,14,12,2,70,114,96,110,146,158,122,140,122,80,66,66,54,46,24,110,160,110,102,54,38,44,80,100,68,24,4,6,20,16,18,22,24,58,120,154,120,62,80,74,114,148,130,112,78,6,44,58,70,50,46,114,108,74,18,2,12,10,2,6,8,14,10,2,4,10,6,8,4,2,6,8,2,8,16,16,56,90,108,88,18,32,16,22,16,24,62,62,40,20,26,70,56,38,44,14,60,62,70,108,76,126,122,76,20,12,22,12,18,32,28,16,22,40,60,46,10,34,54,22,22,46,74,68,42,32,10,34,40,22,44,30,26,22,18,30,74,148,200,255,255,254,214,90,130,144,156,160,158,150,100,22,50,36,211
218,0,4,6,8,6,6,6,2,6,4,2,6,8,6,4,4,0,4,6,16,32,42,34,48,58,38,76,152,150,166,158,92,56,52,62,82,100,98,70,28,8,12,12,8,16,8,4,2,2,2,4,2,2,10,18,14,4,26,40,90,178,255,255,92,238,255,255,255,216,154,48,76,182,240,232,180,126,90,46,20,18,16,14,12,52,82,80,92,72,66,78,72,72,48,16,10,10,12,14,32,66,84,82,80,102,152,178,196,212,232,232,214,156,104,200,255,255,244,255,218,164,192,158,66,34,48,198,255,255,250,244,236,226,222,172,130,100,114,102,62,30,82,96,68,34,14,56,90,120,180,255,255,255,255,255,255,255,255,255,255,255,250,102,26,86,104,56,60,54,44,82,54,12,32,34,50,20,16,20,22,14,10,2,2,2,4,8,8,6,6,4,4,4,4,4,4,4,4,4,10,4,8,8,2,4,4,4,8,8,6,6,4,2,0,2,2,4,4,4,4,2,2,4,4,6,8,8,8,6,8,10,10,8,8,8,8,8,6,2,6,6,2,0,2,2,4,2,8,6,6,6,6,12,14,6,2,32,78,140,238,255,255,255,255,255,255,255,255,255,255,255,255,222,186,164,130,82,52,10,12,8,12,34,16,16,10,52,200,255,255,255,72,255,255,250,112,20,40,46,54,86,70,28,6,2,20,30,34,38,40,34,24,8,28,32,60,62,50,46,64,72,82,96,58,62,70,64,40,24,24,26,34,60,66,40,58,86,82,44,18,12,18,18,84,144,134,94,92,44,32,76,98,80,56,46,10,6,42,40,40,56,70,72,88,104,84,82,66,38,74,104,138,110,64,72,56,48,32,66,102,88,52,28,20,36,40,80,70,68,62,38,118,134,68,36,20,86,142,166,148,118,52,40,68,64,68,12,90,92,78,28,6,4,8,6,2,4,6,10,6,2,6,12,6,0,4,2,6,12,12,8,8,28,62,90,84,22,34,34,8,16,22,36,40,28,30,26,38,40,20,48,48,52,32,32,62,58,74,76,80,22,30,24,42,22,20,50,6,14,20,54,52,36,8,56,48,36,28,58,62,42,26,10,30,54,52,12,50,12,22,12,50,144,214,224,255,252,148,120,26,142,156,114,160,174,126,78,26,62,48,210
218,6,6,4,4,8,10,12,4,6,2,4,4,4,6,6,4,0,2,12,28,44,46,30,26,32,40,80,128,92,68,66,66,54,34,22,34,66,98,114,96,52,20,6,16,6,2,4,6,4,6,4,4,8,6,8,8,6,50,80,146,255,255,230,114,255,255,248,170,238,255,236,164,52,64,144,148,114,86,54,22,24,60,72,82,108,120,94,76,66,42,100,84,62,66,34,2,8,8,12,60,114,124,142,138,140,234,255,255,218,230,202,255,178,18,132,255,255,255,255,174,88,124,122,40,32,44,130,180,180,154,158,192,208,182,102,78,76,62,32,22,36,60,84,96,122,168,242,255,255,255,255,255,255,255,255,255,255,164,70,56,124,92,52,36,48,80,38,40,72,92,116,78,32,42,56,50,22,20,16,18,20,20,10,6,0,4,6,2,0,2,4,6,4,4,4,4,4,4,6,4,0,0,0,0,0,0,0,0,0,2,4,6,6,2,4,4,6,4,4,2,0,0,2,4,4,4,4,4,4,4,6,6,4,4,4,4,4,4,6,6,4,4,2,0,0,2,2,2,0,0,0,0,0,2,2,4,2,12,14,22,6,42,110,214,255,255,255,255,255,255,255,255,255,255,255,255,220,178,146,92,34,14,12,10,18,12,22,130,255,255,255,146,255,255,255,184,62,22,32,28,66,92,60,8,4,16,16,8,14,24,26,30,28,28,28,30,38,44,20,28,62,110,112,78,100,116,92,62,30,6,8,22,66,102,74,36,48,74,48,24,16,16,78,134,148,122,50,92,66,112,126,94,80,60,56,40,34,30,28,26,52,42,32,48,88,82,30,42,56,58,62,78,46,36,34,32,42,20,66,114,116,94,62,88,94,102,126,94,96,76,42,54,104,66,38,28,32,70,126,154,146,106,2,82,86,76,22,60,88,78,46,14,6,8,6,12,14,14,14,12,8,2,2,6,8,6,4,4,6,12,10,10,8,52,84,82,48,8,48,38,18,2,30,38,18,16,28,50,60,34,50,64,60,36,8,18,22,18,66,90,56,52,42,56,70,20,52,44,24,6,24,30,52,38,36,70,106,96,124,134,118,72,26,6,40,60,18,48,48,6,26,56,132,168,134,126,104,74,132,96,192,168,120,162,114,54,70,40,38,68,210
217,6,6,4,0,6,8,12,10,8,4,6,2,2,6,6,4,4,10,24,38,48,44,26,12,32,62,122,172,172,146,114,62,44,16,10,16,24,40,68,98,106,88,56,28,14,12,4,8,10,4,6,8,6,10,6,2,14,70,114,184,255,255,6,255,255,244,116,62,112,180,232,250,214,132,128,96,94,94,88,64,92,108,106,108,108,84,80,72,40,2,66,88,58,62,42,6,8,14,16,70,142,170,166,112,104,170,208,110,84,32,80,196,218,122,174,248,255,232,236,208,188,190,138,50,70,62,62,106,146,160,142,134,104,54,16,12,40,60,72,66,84,152,202,255,255,255,255,255,255,255,255,255,240,126,68,94,54,18,38,20,58,68,60,82,88,118,108,78,88,112,110,70,36,34,40,26,14,12,8,8,10,10,4,6,0,2,6,4,0,0,4,6,4,4,4,4,4,4,4,2,0,0,0,0,0,0,0,0,0,0,2,4,4,2,4,4,4,4,6,4,0,0,4,6,4,4,4,4,4,4,6,4,0,0,0,0,0,0,2,6,6,6,6,4,4,4,4,4,4,4,4,2,0,0,8,10,8,14,20,14,8,2,6,12,20,16,74,198,255,255,255,255,255,255,255,255,255,255,255,228,176,126,76,28,32,18,10,82,220,255,255,255,12,255,255,255,124,10,40,18,10,80,100,40,8,8,12,12,18,30,44,42,36,28,16,34,64,92,100,48,88,134,90,64,102,142,110,76,48,22,26,36,62,78,58,26,58,96,78,42,20,26,76,82,82,98,38,92,122,108,62,10,44,54,68,56,22,26,36,24,36,30,30,40,70,104,74,28,42,84,104,110,64,42,66,66,46,10,28,70,86,96,72,86,78,88,100,78,96,100,66,50,112,118,120,92,28,26,100,168,176,142,70,32,100,90,40,36,92,82,50,30,18,14,8,6,4,4,6,8,8,10,6,4,8,8,4,4,4,8,14,14,14,38,70,70,50,32,24,44,20,20,22,26,24,32,40,48,94,88,84,60,54,22,14,16,32,18,36,68,58,36,46,36,84,64,6,38,46,36,54,98,118,148,172,222,246,214,216,232,206,144,82,42,14,60,52,16,66,38,20,70,146,210,180,180,208,206,255,238,232,186,134,124,114,102,126,108,44,50,211
217,4,2,2,4,4,2,4,4,2,10,16,16,14,18,18,12,8,16,30,40,42,30,10,32,70,58,104,126,118,80,44,24,18,14,22,34,34,18,22,72,108,114,102,88,64,24,6,8,8,2,2,8,16,14,6,14,38,94,150,214,255,128,226,255,255,136,30,4,14,40,92,134,152,144,88,64,48,80,92,88,112,98,84,78,60,30,44,22,30,22,30,106,116,94,60,32,12,18,12,72,142,130,56,50,70,136,255,255,255,246,220,255,230,132,110,172,164,124,160,182,174,154,108,66,64,16,46,20,26,48,36,24,64,58,50,66,114,136,160,194,255,255,255,255,255,255,255,255,252,104,62,92,38,50,18,80,62,36,70,120,166,178,154,130,144,158,130,84,66,72,58,30,16,18,12,6,2,2,4,4,6,8,8,6,0,0,4,6,4,2,4,4,0,0,0,0,0,0,0,0,0,0,0,0,0,0,2,4,4,4,6,6,4,2,4,6,4,4,6,4,0,0,4,6,4,4,4,4,4,4,6,4,0,0,0,0,0,0,4,4,6,6,8,8,8,8,8,8,8,8,8,6,4,4,4,8,14,2,4,4,4,6,4,4,6,6,20,18,10,30,110,255,255,255,255,255,255,255,255,255,255,255,236,178,84,24,22,24,122,255,255,255,255,150,255,255,208,54,6,22,24,44,86,68,26,8,18,18,18,26,44,56,62,56,24,32,18,44,90,88,90,84,2,32,46,104,112,80,70,52,22,10,44,72,90,76,6,72,98,74,32,14,82,126,138,124,38,66,144,174,144,54,54,36,56,58,38,26,14,26,12,32,24,32,28,42,44,20,26,46,66,106,100,70,78,56,36,42,60,76,38,18,44,40,32,16,42,48,62,130,112,32,62,100,134,118,58,60,66,144,166,146,116,38,64,86,50,18,78,92,64,34,24,18,14,12,2,2,8,14,16,16,12,14,12,16,20,24,24,28,34,30,40,68,76,64,50,34,6,20,26,32,24,42,32,30,64,94,90,100,82,74,70,28,30,26,20,24,28,26,42,34,44,22,58,84,74,56,120,140,170,212,212,238,255,255,238,178,170,214,200,142,76,48,10,44,72,48,22,58,14,54,130,212,202,168,188,226,255,255,204,178,162,136,34,38,100,102,68,16,213
218,0,0,2,6,10,14,22,24,22,26,28,28,22,26,28,22,10,12,24,28,22,18,20,62,80,44,56,78,96,104,76,26,16,28,38,54,56,66,40,42,66,112,128,122,112,94,58,28,16,4,10,20,20,16,12,26,56,114,184,236,198,32,255,244,126,76,36,54,76,80,68,48,28,44,40,18,14,48,58,56,54,52,50,30,18,64,78,124,102,72,72,102,202,186,118,62,16,16,2,54,162,214,144,132,124,124,208,236,255,255,208,196,162,120,88,120,148,128,140,104,54,24,10,12,38,54,50,64,60,60,96,106,98,124,112,146,236,255,255,255,255,255,255,255,255,180,96,30,52,90,88,98,42,54,90,166,178,160,174,192,192,168,122,96,96,92,64,32,20,18,12,6,6,8,4,2,4,6,4,4,4,4,4,2,0,0,2,4,6,6,6,4,0,0,0,0,0,0,0,0,0,0,0,0,0,0,4,6,4,4,4,2,2,4,6,6,4,4,4,2,0,0,2,4,4,4,4,4,4,4,4,2,0,0,0,0,0,0,4,4,4,4,4,4,4,4,4,4,4,6,8,8,8,8,8,10,4,16,14,6,2,6,10,12,18,16,8,4,4,2,8,18,6,72,200,255,255,255,255,255,255,255,255,255,242,166,108,48,42,174,255,255,255,140,255,255,255,122,28,46,28,26,48,74,52,20,10,18,12,20,24,20,18,36,30,30,18,36,86,118,132,130,42,32,22,90,136,108,104,88,50,10,30,58,90,120,88,20,68,88,68,24,34,94,156,190,152,62,66,170,180,110,28,42,90,82,60,68,50,24,20,32,14,18,2,26,78,62,32,40,80,124,120,40,40,54,62,60,68,60,38,46,22,20,4,10,58,42,30,90,124,80,30,24,98,122,104,92,32,84,126,140,128,68,30,78,76,30,46,94,86,42,24,30,26,16,14,16,16,24,30,32,28,34,36,44,54,58,60,64,58,54,72,78,74,68,46,20,32,34,26,32,16,40,66,108,132,104,44,46,44,62,78,34,28,58,48,30,16,24,48,68,58,38,48,96,122,130,184,200,218,222,188,170,144,88,64,52,70,144,156,124,62,38,22,12,46,70,30,52,60,10,68,146,160,116,144,150,156,202,188,160,164,128,92,48,42,72,60,40,218
217,4,4,8,16,24,30,36,34,28,30,32,28,20,20,26,26,12,4,22,30,30,28,54,78,54,20,18,14,54,102,134,104,36,24,70,54,12,66,88,72,46,58,108,102,86,94,108,94,74,62,64,72,64,66,66,90,112,140,168,160,118,178,248,154,70,74,64,84,92,76,68,50,58,56,48,40,34,34,42,40,16,28,62,102,146,150,140,116,122,108,152,188,236,255,198,96,20,6,6,12,98,168,140,100,116,122,110,116,146,112,86,74,66,52,22,28,18,6,14,8,46,74,100,94,100,68,60,70,96,100,152,212,244,252,255,255,255,255,255,255,255,250,172,50,52,106,96,22,44,58,120,184,188,182,218,255,236,186,152,128,102,66,34,26,20,6,4,6,6,4,4,6,6,8,8,4,8,4,4,6,2,0,0,0,0,0,0,0,2,4,4,2,0,0,0,0,0,0,2,4,4,4,4,4,4,4,6,4,0,0,0,0,2,2,2,2,0,0,0,2,4,4,4,2,0,0,0,0,0,0,0,0,0,0,0,0,0,0,4,4,2,4,4,4,4,4,4,2,0,2,4,4,4,4,16,16,22,6,12,12,6,8,16,14,10,2,6,10,8,6,14,14,12,16,12,12,64,188,255,255,255,255,255,255,255,255,250,176,108,30,204,255,255,255,36,255,255,255,80,52,62,14,22,64,68,44,8,18,40,64,68,46,26,20,38,32,16,14,40,98,134,140,70,34,46,76,128,120,118,102,56,22,16,24,32,60,62,32,50,90,92,56,20,38,102,148,154,120,48,118,160,142,112,34,56,76,58,66,72,14,22,14,4,12,16,34,56,100,66,22,42,78,86,78,62,104,64,64,58,40,38,24,26,18,36,42,60,14,64,78,76,84,78,32,56,102,104,110,58,30,96,152,164,112,30,28,64,60,4,74,100,68,46,58,56,42,40,40,38,38,42,48,54,68,72,76,76,68,62,62,62,52,60,44,36,30,30,40,52,40,20,14,8,34,62,88,68,16,46,66,52,38,64,60,40,64,96,104,82,60,72,78,80,76,102,98,112,178,178,146,134,94,36,10,28,84,84,120,154,184,152,108,80,58,44,22,12,46,56,20,74,58,8,72,102,92,88,78,58,92,110,130,110,64,74,66,8,54,74,40,218
217,4,2,12,24,32,34,32,26,20,20,22,12,12,8,14,20,12,4,22,28,22,34,46,26,22,30,24,16,10,24,80,118,90,24,58,86,48,20,56,86,90,50,40,58,42,24,54,82,82,76,72,74,68,68,84,90,94,92,86,166,144,246,192,96,34,18,48,54,54,38,42,44,34,24,20,12,12,26,56,96,120,120,122,140,134,86,54,34,86,126,214,255,216,255,255,174,60,4,2,10,32,80,98,70,68,58,46,40,2,48,66,64,56,64,86,112,102,94,84,120,132,154,196,172,192,170,160,142,140,168,255,255,255,255,255,255,255,255,160,68,32,72,82,28,30,46,140,176,190,228,255,255,255,224,200,182,130,72,40,26,14,8,10,10,10,14,10,4,2,6,2,8,8,4,2,6,10,4,4,4,0,2,2,2,0,0,0,0,0,0,0,0,0,0,0,0,0,0,4,6,4,4,4,4,4,4,2,2,2,0,0,0,2,4,4,2,0,0,2,6,6,4,6,4,0,0,0,0,0,0,0,0,0,0,0,0,0,0,4,6,6,6,4,6,8,8,10,8,4,4,2,0,0,0,6,6,8,10,14,6,20,12,12,4,4,8,10,8,6,6,4,20,10,16,12,20,8,6,8,66,214,255,255,255,255,255,255,255,255,166,42,224,255,255,255,158,255,255,214,48,56,42,4,40,68,56,22,26,66,102,96,88,90,52,4,36,66,66,48,36,94,154,152,78,32,46,48,70,86,98,76,40,22,30,46,68,68,62,50,112,132,92,54,26,26,80,124,150,96,30,98,104,118,94,12,64,64,56,60,34,14,20,8,10,10,28,30,50,96,54,8,62,108,92,12,102,128,82,30,14,44,42,16,26,42,52,100,42,48,118,150,144,146,110,56,62,56,62,44,16,22,94,138,122,62,8,36,52,28,34,84,82,64,70,78,70,62,60,58,56,60,62,74,84,80,76,62,52,38,26,28,32,12,4,10,22,50,68,54,56,54,30,22,36,56,104,110,82,98,68,36,10,40,96,96,120,122,158,168,120,86,80,70,60,96,70,106,186,112,46,90,100,76,122,168,216,216,228,246,206,146,80,66,64,56,40,10,30,72,52,36,76,34,14,26,42,20,22,6,18,58,50,78,70,72,68,40,46,68,56,216
216,4,4,16,32,26,24,20,8,6,4,8,22,32,24,20,22,16,2,22,24,10,22,28,34,44,44,46,32,12,18,28,80,112,88,22,54,66,34,30,54,80,104,86,74,28,14,16,36,40,30,28,36,38,36,32,16,20,42,72,122,160,170,90,50,22,22,22,20,34,42,46,60,62,64,76,78,102,124,152,162,134,94,68,56,28,10,8,2,58,138,248,255,255,255,255,255,98,20,4,10,8,20,38,36,54,90,94,46,78,110,114,118,120,124,120,148,142,172,118,182,200,255,255,255,255,184,220,228,255,255,255,255,255,190,154,156,104,44,42,26,6,40,92,110,154,255,255,255,255,255,254,218,148,92,66,46,16,4,10,10,8,4,0,2,4,6,2,6,6,6,6,4,10,10,10,12,8,2,4,6,2,2,0,2,0,0,0,0,0,0,0,0,0,0,0,0,0,0,4,4,0,0,0,0,0,0,2,0,2,0,0,0,0,0,0,0,0,0,2,4,4,4,6,4,0,0,0,0,0,0,0,0,0,0,0,0,0,0,2,4,4,2,0,2,2,0,4,6,4,6,6,4,4,4,4,4,4,10,16,20,16,4,8,6,4,4,8,10,8,6,12,10,8,14,8,6,6,14,10,18,20,32,146,255,255,255,255,255,255,255,216,56,240,255,255,134,255,255,255,154,12,66,24,16,60,70,42,28,88,134,132,122,172,134,36,72,98,78,66,48,46,142,168,134,54,52,54,62,62,90,86,68,32,28,32,56,92,82,30,58,114,100,66,44,10,68,134,186,180,82,60,116,110,120,68,22,64,78,90,84,40,22,32,2,14,26,40,10,94,90,22,72,140,134,58,70,154,130,80,44,30,56,24,32,18,18,60,68,76,98,154,180,208,204,116,90,64,38,38,50,78,90,64,94,80,22,34,36,30,16,44,52,48,52,56,58,58,80,80,72,62,54,56,68,54,42,36,32,28,20,24,26,32,36,34,30,42,40,32,48,40,32,56,70,44,38,96,96,94,78,66,44,98,120,138,146,126,116,150,140,92,74,70,44,28,16,86,102,30,58,54,118,182,226,240,242,216,200,164,152,96,52,32,30,34,30,6,12,56,98,36,54,62,20,6,22,32,28,40,54,64,20,22,52,86,70,36,32,58,52,216
215,8,2,12,36,12,14,16,24,20,26,28,36,42,30,24,12,14,28,48,50,44,52,52,44,44,48,64,54,18,8,18,36,68,80,42,16,52,50,6,30,68,80,88,62,32,24,24,30,36,20,4,16,22,28,34,42,52,70,78,114,140,112,80,74,68,80,86,84,92,104,120,122,104,98,98,106,122,124,108,68,32,20,18,10,2,6,12,10,36,132,255,255,255,248,255,255,160,50,18,14,14,48,124,190,176,152,192,170,126,154,144,132,124,132,78,94,90,130,78,148,178,255,255,255,255,166,220,254,255,255,255,226,100,8,18,48,48,12,52,92,126,208,255,255,255,255,255,255,180,116,76,50,24,8,6,6,6,4,2,2,2,4,6,6,6,2,0,2,4,4,2,2,2,4,6,4,2,0,2,6,4,2,2,2,0,0,0,0,0,0,0,0,0,0,0,0,0,0,4,6,4,4,4,4,4,4,2,2,2,0,0,0,0,0,0,0,0,0,2,4,4,4,4,2,0,0,0,0,0,0,0,0,0,0,0,0,0,0,0,0,0,0,0,2,4,4,4,2,0,2,4,4,4,4,4,4,2,4,6,6,4,4,6,6,4,2,2,4,4,4,8,4,2,4,4,4,6,4,10,4,10,2,6,8,88,255,255,255,255,255,255,255,82,252,255,255,52,255,255,242,72,30,42,14,50,78,70,26,88,140,134,72,166,172,64,76,98,72,66,90,52,98,144,126,66,54,80,82,66,46,64,78,66,36,34,14,66,106,86,36,48,60,50,48,34,40,86,124,156,132,28,128,128,120,112,30,34,62,84,84,64,26,48,20,26,22,36,32,44,90,58,12,84,132,122,20,98,116,66,46,40,32,8,26,16,24,32,76,130,106,18,70,164,228,148,36,16,20,8,20,48,66,58,58,68,34,48,44,38,4,42,40,14,2,18,38,62,72,60,52,22,14,16,36,12,12,28,68,54,30,36,28,24,26,18,20,46,66,72,96,104,96,94,68,22,48,68,86,82,94,88,84,98,86,54,28,20,66,90,78,40,22,14,46,10,34,48,74,70,84,106,168,206,196,160,128,98,72,48,78,96,64,24,24,32,36,16,8,16,76,78,8,54,50,16,16,30,18,16,46,60,36,8,18,60,66,28,24,50,58,222
213,24,10,10,40,8,2,16,28,20,22,8,12,28,8,16,20,32,46,52,54,46,40,38,30,32,32,48,48,24,2,22,28,40,60,54,26,14,42,48,54,62,42,44,36,32,40,22,24,30,40,54,66,80,94,90,80,84,92,104,110,96,72,64,64,68,76,78,70,74,74,66,50,42,48,48,50,48,36,14,6,2,2,4,4,6,4,6,4,16,94,230,255,255,46,255,255,236,68,24,12,22,96,216,255,255,255,255,252,164,182,82,20,32,84,82,98,132,88,22,92,136,240,184,90,252,198,244,196,124,74,48,40,32,4,22,70,98,136,206,255,255,255,255,255,255,220,150,78,26,4,6,2,4,4,4,0,0,0,0,0,0,0,0,0,0,0,0,0,0,0,0,0,0,0,2,2,2,0,2,6,4,0,0,0,0,0,0,0,0,0,0,0,0,0,0,0,0,0,2,4,4,4,4,4,4,4,6,4,0,0,0,0,0,0,0,0,0,0,0,0,0,0,0,0,0,0,0,0,0,0,0,0,0,0,0,0,0,0,0,0,0,0,0,0,0,0,0,0,0,0,0,0,0,0,4,6,4,4,4,4,4,4,6,6,4,2,0,0,0,0,2,6,6,4,4,4,2,2,4,6,8,2,2,4,4,4,84,255,255,255,255,255,255,126,188,255,255,120,255,255,162,30,50,38,26,62,78,42,72,160,116,24,116,182,110,68,90,80,66,148,112,22,126,144,106,106,134,114,76,32,14,56,68,26,6,12,42,88,84,40,28,90,96,74,46,4,46,74,116,142,82,54,102,102,112,62,6,34,54,62,74,48,42,32,24,40,42,54,38,66,62,16,58,128,166,116,56,94,76,30,32,20,12,32,24,28,52,80,144,172,142,106,32,106,118,44,20,66,68,84,90,70,48,46,44,44,74,56,56,32,42,32,26,32,28,24,22,12,36,40,54,48,48,46,18,30,48,68,32,8,24,20,24,4,62,82,116,150,186,198,164,160,146,110,92,64,60,74,64,102,124,124,134,148,124,138,146,158,160,142,100,102,72,46,28,52,82,88,70,98,150,140,94,70,44,32,22,22,26,14,66,62,32,10,48,58,36,12,10,28,70,60,8,60,42,8,42,54,34,42,38,22,8,14,48,72,72,54,104,126,216
209,42,18,22,52,34,32,46,46,38,40,46,50,66,54,38,40,38,30,24,26,12,20,28,20,22,28,44,42,22,2,22,44,66,86,88,70,30,12,66,98,68,72,114,108,104,116,70,64,46,62,76,80,74,72,66,64,68,56,46,38,24,10,10,6,10,12,18,14,12,10,2,4,0,2,4,2,10,20,22,16,10,10,10,6,6,4,2,18,8,34,150,255,255,255,255,255,255,124,36,14,30,110,226,255,255,255,255,255,96,24,132,174,182,210,156,128,140,136,124,128,202,255,136,38,112,138,124,54,26,36,36,40,62,86,150,218,255,255,255,255,255,255,220,124,66,44,14,8,12,2,8,2,4,4,4,0,0,0,0,0,0,0,0,0,0,0,0,0,0,0,0,0,0,0,0,0,0,0,4,6,2,0,0,0,0,0,0,0,0,0,0,0,0,0,0,0,0,0,0,0,0,0,0,0,0,0,4,4,0,0,0,0,0,0,0,0,0,0,0,0,0,0,0,0,0,0,0,0,0,0,0,0,0,0,0,0,0,0,0,0,0,0,0,0,0,0,0,0,0,0,0,0,0,0,2,4,4,4,4,4,4,4,4,2,0,0,0,0,2,4,4,4,4,4,4,6,6,4,2,2,2,0,0,0,0,2,4,12,106,255,255,255,255,255,238,228,170,24,255,255,255,106,24,64,20,26,60,64,34,172,176,66,64,164,138,22,94,94,52,148,178,82,48,118,100,96,104,74,72,84,42,28,32,34,28,22,34,80,102,88,26,60,100,96,72,20,38,78,120,142,110,34,72,112,126,100,52,28,74,92,110,86,42,24,6,20,14,24,12,68,90,50,42,108,134,116,46,60,98,46,12,14,6,24,62,30,60,72,116,172,172,172,154,166,82,60,56,114,94,110,144,126,30,22,62,70,52,34,46,52,58,48,28,20,42,62,56,30,16,22,48,22,58,84,82,74,118,148,112,70,70,38,14,60,118,144,190,194,178,148,146,142,104,126,134,74,88,66,14,76,128,140,144,152,136,156,150,142,124,98,92,108,94,80,84,86,98,114,106,102,124,86,42,28,14,26,34,32,50,30,26,48,50,22,24,46,36,10,8,16,54,84,42,26,48,38,40,60,54,38,28,14,20,12,48,114,134,108,120,152,206
204,70,18,44,70,90,128,130,126,90,82,60,50,60,54,24,14,16,18,30,60,58,68,72,56,60,56,60,48,24,4,8,18,40,62,78,80,58,32,46,92,86,112,138,122,102,82,70,70,62,128,134,70,12,2,4,10,20,14,12,0,4,8,12,8,14,8,6,4,0,6,4,2,4,2,0,4,6,6,6,12,12,12,10,8,4,2,4,12,2,12,82,242,255,255,8,255,255,236,70,12,22,102,216,255,255,76,255,252,162,182,206,174,140,114,74,66,42,84,210,255,255,255,162,76,50,24,8,12,40,54,128,186,244,255,255,255,255,255,255,168,80,56,26,6,6,10,8,10,2,8,10,6,4,4,4,0,0,0,0,0,0,0,0,0,0,0,0,0,0,0,0,2,4,4,4,2,2,4,6,4,0,0,0,0,0,0,0,0,0,0,0,0,0,0,0,0,0,0,0,0,0,0,0,0,0,0,4,4,0,0,0,0,0,0,0,0,0,0,0,0,0,0,0,0,0,0,0,0,0,0,0,0,0,0,0,0,0,0,0,0,0,0,0,0,0,0,0,0,0,0,0,0,0,0,0,0,0,0,0,0,0,0,0,0,0,0,0,0,4,6,6,6,4,4,2,2,4,4,6,6,4,4,4,2,0,2,8,6,4,10,132,255,255,255,255,255,255,194,255,255,255,198,50,56,56,6,42,84,34,110,196,152,30,106,154,64,76,150,90,54,158,144,40,62,78,40,36,32,32,90,70,22,20,50,24,12,22,52,96,130,110,44,50,68,78,40,18,66,108,124,104,50,38,112,126,116,96,16,56,96,110,86,60,16,22,30,18,14,34,42,116,116,38,62,132,148,122,36,58,54,16,30,20,26,48,84,58,22,28,120,160,144,120,114,94,62,42,120,142,156,248,255,148,56,62,40,8,36,20,38,44,56,76,34,40,62,58,42,52,64,82,80,110,144,138,118,140,190,176,150,144,120,72,94,130,130,148,106,28,16,30,52,94,124,128,114,88,34,50,76,66,38,52,72,110,130,126,128,120,100,112,124,94,72,80,88,84,90,106,84,92,82,70,58,32,20,14,10,26,28,6,40,68,60,28,56,48,14,14,30,30,78,72,38,58,40,18,34,46,34,14,10,22,28,54,110,108,56,40,86,197
196,98,16,62,84,154,214,166,164,90,76,24,12,42,52,44,34,42,58,60,64,66,70,66,44,48,42,38,30,16,6,6,10,8,26,54,80,88,72,26,20,34,62,62,40,40,94,124,44,36,102,168,130,48,2,2,8,10,8,8,4,4,12,26,28,30,30,24,12,2,2,4,6,12,14,12,14,12,8,8,8,8,6,4,6,6,2,6,6,12,20,42,174,255,255,255,255,255,255,130,12,22,94,232,255,255,255,255,255,238,168,146,98,28,34,108,172,255,255,255,255,255,220,46,38,24,24,34,56,110,218,255,255,255,255,255,255,192,126,58,6,12,12,12,8,10,8,6,4,4,12,12,6,4,4,4,0,0,0,0,0,0,0,0,0,0,0,0,0,0,0,2,6,6,4,6,6,6,6,4,2,0,0,0,0,0,0,0,0,0,0,0,0,0,0,0,0,0,0,2,4,4,4,4,4,4,4,6,4,0,0,0,0,0,0,0,0,0,0,0,0,0,0,0,0,0,0,0,0,0,0,0,0,0,0,0,0,0,0,0,0,0,0,0,0,0,0,0,0,0,0,0,0,0,0,0,0,0,0,0,0,0,0,0,0,0,0,0,0,4,6,2,2,4,6,4,0,0,0,2,6,8,6,6,6,2,4,6,6,10,10,6,18,206,255,255,255,255,255,255,255,255,255,152,10,56,36,10,68,76,14,146,190,114,28,148,138,8,128,156,52,88,146,94,16,64,40,16,46,14,58,68,36,2,50,48,28,26,28,50,86,92,30,38,74,92,76,24,40,98,124,118,106,42,66,72,80,92,64,24,54,72,58,68,52,32,8,14,22,50,20,66,110,70,36,98,158,170,136,66,38,12,16,26,16,14,86,102,86,64,10,78,108,94,82,100,114,114,150,174,120,222,255,255,156,66,88,56,52,56,66,64,68,102,88,130,126,100,102,96,110,124,138,144,180,144,104,92,136,136,132,132,112,70,40,124,134,152,128,128,122,134,172,174,152,136,110,56,16,66,70,52,20,28,82,104,92,88,92,86,74,104,132,116,90,106,106,92,94,106,122,74,68,70,54,40,38,24,28,30,24,18,24,60,66,28,42,28,14,6,10,14,38,56,36,42,30,18,16,32,40,38,30,12,32,58,146,182,154,108,120,201
191,94,8,66,88,172,184,104,126,50,82,76,64,76,78,56,38,36,48,38,30,36,36,28,14,18,18,10,8,6,4,12,12,6,14,38,72,102,112,84,52,42,38,48,62,120,174,122,136,92,18,128,140,72,8,8,2,10,26,30,26,38,58,64,52,44,52,52,36,12,4,4,6,14,12,8,8,8,8,12,14,14,12,8,8,10,8,14,10,26,20,10,104,255,255,255,48,255,255,255,68,8,68,178,255,255,255,255,255,232,162,70,38,136,234,255,255,255,255,255,218,72,40,74,44,18,92,186,238,255,255,255,255,255,194,120,62,24,6,16,4,16,18,8,6,8,2,6,10,8,10,10,4,4,4,4,0,0,0,0,0,0,0,0,0,0,0,0,0,0,0,4,6,2,0,2,4,4,2,0,0,0,0,0,0,0,0,0,0,0,0,0,0,0,0,0,0,0,0,4,6,4,4,4,4,4,4,4,2,0,0,0,0,0,0,0,0,0,0,0,0,0,0,0,0,0,0,0,0,0,0,0,0,0,0,0,0,0,0,0,0,0,0,0,0,0,0,0,0,0,0,0,0,0,0,0,0,0,0,0,0,0,0,0,0,0,0,0,0,2,4,6,4,0,4,4,0,0,0,2,2,2,4,6,8,6,8,4,8,10,12,12,16,2,58,170,255,255,255,255,255,255,255,214,100,14,58,38,18,62,56,56,164,162,70,70,144,84,52,156,126,54,98,98,38,46,72,28,36,40,14,58,60,34,30,46,40,12,16,30,64,102,84,16,48,86,100,72,2,76,120,128,138,100,80,64,60,68,86,58,46,56,60,66,42,12,34,40,42,64,60,60,100,74,36,18,78,112,130,88,10,26,22,26,22,12,34,74,92,98,72,32,24,62,58,58,64,124,208,190,108,44,172,255,255,116,114,108,88,72,52,54,52,68,82,120,120,102,118,120,130,148,120,104,96,40,14,38,84,82,64,68,64,68,28,102,140,166,152,148,142,158,154,124,108,112,98,70,42,88,86,62,32,54,66,52,40,36,22,8,8,28,74,90,78,88,82,68,62,60,82,84,26,52,34,18,36,34,38,28,14,10,12,24,40,24,18,22,22,18,14,16,10,26,30,28,34,28,16,12,26,40,46,24,36,30,104,152,156,116,60,206
195,90,8,66,84,140,120,120,138,88,124,98,60,54,48,24,16,16,12,6,2,6,10,2,4,6,8,6,4,10,8,6,12,4,4,6,28,58,78,94,100,104,108,90,94,124,118,62,134,134,60,88,110,74,18,12,16,38,62,64,56,64,76,70,62,62,70,78,64,34,16,10,4,8,4,0,0,6,12,18,20,20,20,18,16,16,16,24,22,14,10,10,36,162,255,255,254,255,255,255,122,28,18,90,140,150,132,122,120,96,6,132,255,255,255,255,255,255,218,28,74,90,54,18,58,170,255,255,255,255,255,238,134,62,26,4,10,6,12,12,14,6,6,6,2,6,4,2,4,0,4,8,6,4,4,4,0,0,0,0,0,0,0,0,0,0,0,0,0,0,0,4,4,0,0,0,0,0,0,0,0,0,0,0,0,0,0,0,0,0,0,0,0,0,0,0,0,0,0,4,4,0,0,0,0,0,0,0,0,0,0,0,0,0,0,0,0,0,0,0,0,0,0,0,0,0,0,0,0,0,0,0,0,0,0,0,0,0,0,0,0,0,0,0,0,0,0,0,0,0,0,0,0,0,0,0,0,0,0,0,0,0,0,2,4,4,2,0,0,0,0,4,4,2,6,4,0,0,0,2,4,4,4,6,8,8,12,8,12,14,12,14,14,6,6,4,36,62,134,255,255,255,255,255,170,58,50,54,8,32,80,24,106,170,148,50,86,90,46,122,164,84,134,114,52,20,64,54,6,44,18,42,66,46,12,46,74,38,10,18,48,108,134,102,32,32,74,88,46,26,76,90,86,56,16,50,98,70,78,76,24,40,82,100,94,46,54,42,30,52,68,22,90,90,66,20,36,64,102,126,62,16,8,8,30,32,30,28,82,88,64,48,26,8,18,58,62,104,216,244,192,188,104,124,250,188,118,80,38,12,10,10,28,40,40,68,100,70,70,84,68,16,44,98,90,110,116,132,168,146,102,86,36,84,90,24,48,86,98,106,118,120,100,86,84,76,58,48,46,72,106,82,22,28,42,56,44,16,6,4,14,10,8,16,24,12,22,14,10,10,18,60,30,50,28,10,12,18,12,8,12,22,24,16,20,30,26,28,20,6,8,16,20,22,28,30,32,18,10,14,14,14,20,20,32,36,18,62,94,104,64,202
203,76,28,70,74,126,98,164,126,94,124,80,30,20,16,6,2,2,4,4,8,6,4,8,4,6,8,4,4,4,6,2,6,6,6,6,6,8,16,36,54,72,92,84,76,62,24,22,70,116,96,98,112,66,14,16,34,58,76,76,64,60,54,58,62,46,52,66,66,40,10,12,16,18,12,8,10,16,18,18,14,12,14,18,20,18,16,18,8,14,10,22,18,94,255,255,255,244,255,255,138,50,14,16,48,56,44,32,54,158,255,255,255,255,255,255,138,56,40,80,56,40,166,255,255,255,255,255,242,162,98,42,10,4,4,10,6,12,4,6,4,10,2,6,2,2,6,6,6,4,8,6,6,8,6,4,0,2,4,4,2,0,0,0,0,0,0,2,2,2,2,6,4,0,2,2,2,0,0,0,0,0,0,0,0,0,0,0,0,0,0,0,0,0,0,0,2,4,4,6,4,0,0,0,0,0,0,0,0,0,0,0,0,0,0,0,0,0,0,0,0,0,0,0,0,0,0,0,0,0,0,0,0,0,0,0,0,0,0,0,0,0,0,0,0,0,0,0,0,0,0,0,0,0,0,0,0,0,0,0,0,0,0,2,2,2,2,0,0,0,0,4,6,6,6,2,0,0,0,0,0,4,6,4,2,0,4,8,8,10,16,10,4,4,6,4,6,14,30,184,255,255,255,255,255,172,22,66,40,6,64,74,18,118,158,124,104,100,62,60,146,104,120,98,44,14,44,62,22,38,58,6,44,48,32,22,78,66,16,12,28,60,88,82,44,6,50,86,72,16,42,92,88,52,68,38,62,56,58,82,48,20,72,82,80,56,34,22,4,20,56,20,80,94,98,66,2,30,74,146,140,40,20,10,34,10,36,24,58,96,72,50,34,24,30,52,40,38,98,164,154,154,182,100,98,138,126,90,76,64,34,20,8,12,12,56,104,54,72,104,122,150,166,174,122,110,116,146,186,156,118,76,38,26,56,32,42,48,56,68,60,52,44,38,32,16,6,2,16,6,48,74,30,36,42,48,50,24,10,14,16,2,12,16,12,16,34,28,36,26,34,38,6,24,38,32,12,2,14,12,12,14,8,28,34,36,38,22,14,12,10,8,10,10,10,10,28,50,52,38,14,24,34,32,20,42,22,6,46,90,100,206
215,30,58,60,64,100,52,132,60,72,110,52,6,6,4,6,4,8,4,2,4,10,6,4,8,6,6,2,8,8,4,0,6,6,6,8,12,18,22,22,20,30,36,20,16,36,50,54,46,38,62,84,96,60,14,16,34,52,70,62,36,38,18,24,28,38,52,56,50,28,2,6,8,10,8,8,12,16,16,14,8,6,8,10,14,12,12,6,6,10,16,10,18,62,172,255,255,238,255,216,142,58,16,18,52,74,104,196,255,255,255,255,255,255,150,76,46,66,30,50,134,255,255,255,255,255,232,110,42,14,6,4,4,6,2,8,8,8,6,2,2,6,4,10,8,4,4,4,2,6,8,6,6,6,4,2,0,4,6,6,4,0,0,0,0,0,0,2,0,6,2,8,4,0,4,2,4,0,0,0,0,0,0,0,0,0,0,0,0,0,0,0,0,0,0,0,4,6,4,4,2,0,0,0,0,0,0,0,0,0,0,0,0,0,0,0,0,0,0,0,0,0,0,0,0,0,0,0,0,0,0,0,0,0,0,0,0,0,0,0,0,0,0,0,0,0,0,0,0,0,0,0,0,0,0,0,0,0,0,0,0,0,0,2,4,4,2,0,0,0,0,2,4,4,2,0,0,0,0,0,0,2,4,4,4,4,4,2,0,2,4,10,8,4,4,6,12,8,6,44,190,255,255,255,255,255,150,10,64,32,18,62,44,38,106,124,68,58,56,26,60,72,44,38,54,32,28,50,46,14,62,38,22,66,68,36,32,66,26,14,14,22,60,70,54,36,56,100,94,44,12,92,120,86,94,80,6,72,74,92,92,32,34,58,54,40,16,52,26,40,46,18,40,42,88,116,86,48,18,84,130,74,54,84,50,24,18,40,18,86,104,84,66,40,42,76,80,70,54,98,138,130,152,158,102,78,80,98,124,144,106,50,96,96,96,76,100,92,108,120,158,158,136,108,74,70,64,90,114,94,92,106,76,48,66,68,54,26,20,20,10,6,20,30,28,30,46,38,40,20,40,84,98,78,112,90,56,24,20,32,32,34,24,28,30,28,26,28,24,12,12,10,6,14,14,30,20,6,18,10,14,20,14,22,14,2,14,28,42,42,40,46,44,22,20,22,38,52,48,60,26,18,20,20,10,36,42,36,10,40,72,218
216,28,74,52,70,76,54,82,10,66,102,36,2,2,4,4,8,4,4,2,2,8,10,10,12,12,8,8,10,6,6,12,18,20,28,34,36,36,34,34,48,60,60,66,76,74,72,62,58,22,40,62,58,28,18,22,28,50,52,36,34,62,60,64,74,86,70,58,48,22,6,10,2,2,8,12,16,20,20,16,10,8,4,4,8,8,10,6,8,10,20,8,12,30,98,198,255,255,240,204,110,90,44,70,118,216,255,255,255,255,255,255,140,42,58,78,44,138,222,255,255,255,255,255,160,84,44,12,2,4,0,2,2,2,0,0,0,4,4,0,0,4,4,4,4,0,0,2,6,4,0,2,4,4,2,0,0,4,6,6,4,0,0,0,0,0,0,2,2,4,2,8,4,0,4,0,4,0,0,0,0,0,0,0,0,0,0,0,0,0,0,0,0,0,0,0,4,4,0,0,0,0,0,0,0,0,0,0,0,0,0,0,0,0,0,0,0,0,0,0,0,0,0,0,0,0,0,0,0,0,0,0,0,0,0,0,0,0,0,0,0,0,0,0,0,0,0,0,0,0,0,0,0,0,0,0,0,0,0,0,0,0,0,0,0,0,0,0,0,0,0,0,0,0,0,0,0,0,0,0,0,0,0,0,0,0,0,4,4,6,6,8,8,6,6,12,6,4,8,16,20,154,255,255,255,255,255,160,24,36,10,38,66,26,34,80,64,16,52,74,46,62,128,152,178,164,124,34,50,22,36,58,38,48,50,36,24,60,42,26,32,38,38,86,96,56,12,82,98,64,26,40,78,52,52,94,80,62,76,80,102,78,18,58,80,76,36,30,36,34,22,24,22,20,48,102,104,72,32,72,112,104,36,66,54,10,36,42,48,26,78,72,50,34,30,60,72,58,24,32,80,92,106,116,104,76,44,84,86,144,144,120,106,54,88,94,78,66,74,100,114,108,92,78,68,80,44,24,74,72,4,76,68,20,24,62,50,30,38,48,44,52,56,64,90,114,110,102,104,74,104,170,176,104,156,152,112,62,26,24,24,6,10,8,10,10,14,16,10,6,14,20,30,38,22,14,52,40,30,26,24,32,26,42,42,24,26,44,62,62,60,58,48,38,14,18,50,62,22,40,48,4,30,30,8,14,30,40,28,2,20,223
217,44,76,62,90,70,58,58,8,82,98,30,8,4,8,8,16,10,10,4,2,2,6,10,10,12,16,18,24,24,28,36,36,36,48,54,54,50,42,40,60,60,44,60,62,40,44,36,58,40,44,22,18,38,48,44,20,50,76,68,84,92,76,64,64,60,44,36,30,10,6,2,2,4,8,8,10,12,10,6,4,6,4,4,6,6,8,8,10,12,6,6,8,10,36,98,182,212,132,116,64,92,118,204,255,255,255,255,255,255,108,62,46,66,8,98,236,255,255,255,255,246,154,54,14,8,6,2,2,4,0,0,0,0,0,0,0,4,4,0,0,4,4,4,4,0,0,0,4,6,4,4,6,6,6,2,0,2,4,4,2,0,0,0,0,0,0,0,0,2,2,4,6,2,4,0,4,0,0,0,0,0,0,0,0,0,0,0,0,0,0,0,0,0,0,0,4,4,0,0,0,0,0,0,0,0,0,0,0,0,0,0,0,0,0,0,0,0,0,0,0,0,0,0,0,0,0,0,0,0,0,0,0,0,0,0,0,0,0,0,0,0,0,0,0,0,0,0,0,0,0,0,0,0,0,0,0,0,0,0,0,0,0,0,0,0,0,0,0,0,0,0,0,0,0,0,0,0,0,0,0,0,0,0,0,0,0,4,4,4,4,6,8,6,4,14,10,6,8,10,2,4,94,255,255,255,255,255,168,52,18,22,48,62,24,30,52,48,70,110,180,255,255,255,255,255,255,212,44,26,18,60,86,84,90,66,62,84,72,42,26,22,6,56,116,126,64,46,76,70,42,10,60,66,68,60,62,20,78,94,100,92,28,36,88,122,106,48,34,42,34,18,16,16,30,60,96,70,20,36,94,130,96,44,44,34,40,22,48,22,44,68,44,12,22,52,54,20,20,18,38,58,72,84,90,114,116,172,174,222,255,230,206,142,32,58,84,68,82,90,76,56,50,52,40,64,60,20,56,94,50,42,56,44,46,96,118,112,126,130,142,146,144,170,208,204,182,172,154,118,164,180,140,64,132,158,136,90,24,22,42,44,38,30,34,36,32,28,20,6,8,8,14,14,34,76,74,104,54,48,44,46,30,38,40,20,4,32,58,36,20,50,40,40,44,14,26,44,52,6,42,24,22,38,30,18,10,18,22,14,6,223
217,54,72,66,94,40,72,44,22,92,84,12,10,10,14,10,10,6,2,8,12,16,20,18,14,20,34,42,44,48,54,62,60,56,62,62,54,40,34,20,34,24,6,30,32,36,40,34,66,58,36,8,48,66,64,78,66,8,46,64,64,48,24,18,20,22,18,12,10,4,8,6,2,4,8,10,14,16,16,12,4,6,6,6,4,2,4,4,6,6,6,10,6,8,2,36,58,98,74,40,82,180,255,255,255,255,255,255,136,30,78,88,20,142,240,255,255,255,255,182,94,40,12,12,6,16,6,10,8,2,0,0,0,0,0,0,0,4,6,2,2,6,4,4,4,0,0,0,2,4,6,4,4,2,6,6,2,0,0,0,0,0,0,0,0,0,0,0,0,0,0,2,6,6,2,2,4,0,0,0,0,0,0,0,0,0,0,0,0,0,0,0,0,0,0,0,4,4,0,0,0,0,0,0,0,0,0,0,0,0,0,0,0,0,0,0,0,0,0,0,0,0,0,0,0,0,0,0,0,0,0,0,0,0,0,0,0,0,0,0,0,0,0,0,0,0,0,0,0,0,0,0,0,0,0,0,0,0,0,0,0,0,0,0,0,0,0,0,0,0,0,0,0,0,0,0,0,0,0,0,0,0,0,0,0,0,0,4,4,0,2,4,4,2,0,4,10,10,8,6,14,10,6,42,255,255,255,255,255,190,104,46,22,46,42,28,56,80,138,230,255,255,255,255,255,255,255,255,214,42,52,78,76,78,38,34,44,86,92,58,16,6,14,14,60,102,72,14,70,90,68,20,42,98,112,100,104,70,70,120,112,96,54,30,44,94,90,64,68,40,58,14,4,8,26,30,66,88,36,30,82,120,112,58,28,56,28,26,40,36,40,98,80,26,20,40,76,90,100,106,108,116,134,112,64,84,200,242,254,234,255,255,244,164,110,24,38,26,32,20,36,48,42,30,8,24,56,54,18,86,84,78,106,128,146,150,164,162,184,204,214,216,214,212,198,148,166,180,140,44,46,60,72,60,116,146,128,102,40,20,28,16,0,2,4,18,32,30,24,24,30,38,50,56,84,124,106,136,110,38,14,8,8,22,44,40,16,14,56,68,18,32,36,38,52,20,10,16,48,34,24,48,18,14,28,28,12,12,22,18,4,222
217,60,72,74,92,8,84,22,32,106,66,6,10,12,14,24,16,20,26,32,36,38,38,36,38,46,64,70,64,60,64,68,56,44,40,36,22,14,20,30,44,52,54,62,72,88,74,72,84,66,36,18,60,80,84,98,124,104,52,12,12,4,6,10,8,18,12,2,4,6,8,10,6,2,6,8,12,16,18,22,12,8,8,6,2,0,0,0,4,4,14,10,8,12,12,30,32,90,156,182,255,255,255,255,255,255,138,82,34,34,54,126,255,255,255,255,234,152,70,16,14,20,16,20,18,8,12,8,10,0,0,0,0,0,2,2,2,2,6,6,6,6,2,4,4,0,0,0,0,0,2,2,2,0,2,6,6,2,0,0,0,0,0,0,0,0,0,0,0,0,0,0,2,6,4,2,2,0,0,0,0,0,0,0,0,0,0,0,0,0,0,0,0,0,0,0,4,4,0,0,0,0,0,0,0,0,0,0,0,0,0,0,0,0,0,0,0,0,0,0,0,0,0,0,0,0,0,0,0,0,0,0,0,0,0,0,0,0,0,0,0,0,0,0,0,0,0,0,0,0,0,0,0,0,0,0,0,0,0,0,0,0,0,0,0,0,0,0,0,0,0,0,0,0,0,0,0,0,0,0,0,0,0,0,0,0,0,4,6,4,6,6,4,2,0,4,10,12,2,16,10,14,2,2,30,180,255,255,255,255,255,158,68,28,24,8,40,78,176,255,255,255,255,255,255,255,255,255,255,172,44,66,58,70,72,52,42,66,100,88,40,14,22,24,46,66,58,30,60,108,106,54,14,50,106,110,130,132,44,68,124,120,90,54,8,58,76,58,74,32,44,30,20,24,36,32,30,62,62,24,24,62,102,108,26,44,18,34,22,12,10,62,90,54,18,38,74,108,108,96,78,56,88,94,66,108,174,216,200,98,254,255,255,242,156,70,18,6,12,16,26,38,46,50,36,6,38,70,28,34,56,92,148,230,228,184,166,140,156,170,150,126,114,84,28,32,66,108,136,116,118,178,172,92,48,116,152,168,102,54,42,26,26,24,32,52,58,52,56,72,88,86,84,86,122,158,150,154,200,124,30,14,16,18,40,56,36,6,36,68,56,12,22,42,56,30,4,14,38,46,10,38,46,14,22,34,20,12,32,36,22,224
216,74,92,102,108,44,70,20,62,118,58,28,20,28,24,38,34,40,46,50,50,46,40,44,44,46,62,60,40,24,24,18,8,18,18,30,32,50,66,64,54,62,62,54,60,74,54,60,58,40,16,28,58,70,72,52,108,142,136,90,40,6,14,8,4,16,2,10,8,6,6,12,10,2,4,6,6,10,10,18,18,8,4,2,4,4,2,0,4,4,10,18,8,14,24,62,112,212,255,255,255,255,255,255,126,30,44,80,36,184,242,255,255,255,242,120,48,18,8,8,2,4,16,12,2,8,2,6,4,0,0,0,0,0,4,2,4,0,2,4,4,2,0,4,6,2,0,0,0,0,0,0,0,0,0,2,6,6,2,0,0,0,0,0,0,0,0,2,2,2,4,4,2,2,6,4,0,0,0,0,0,0,0,0,0,0,0,0,0,0,0,0,0,0,0,0,4,4,0,2,4,4,4,4,4,4,4,4,2,0,0,0,0,0,0,0,0,0,0,0,0,0,0,0,0,0,0,0,0,0,0,0,0,0,0,0,0,0,0,0,0,0,0,0,0,0,0,0,0,0,0,0,0,0,0,0,0,0,0,0,0,0,0,0,0,0,0,0,0,0,0,0,0,0,0,0,0,0,0,0,0,0,0,0,0,0,0,2,4,4,4,2,0,0,0,4,10,10,6,4,10,6,6,8,6,6,84,255,255,255,255,255,214,112,54,14,36,92,188,255,255,255,255,116,62,230,255,255,255,255,72,62,78,30,64,62,38,44,94,112,80,40,28,22,16,66,88,68,6,72,114,76,32,34,66,104,124,148,116,10,122,148,128,98,38,46,92,90,110,90,48,16,18,14,34,22,14,50,64,28,8,34,80,116,78,52,28,32,42,40,38,22,52,84,44,24,42,26,12,38,60,92,126,122,80,94,186,252,255,254,126,162,255,255,224,132,42,16,18,16,26,28,12,26,36,24,20,48,44,28,62,94,200,255,232,152,144,88,36,36,42,98,152,170,168,180,196,202,178,128,76,154,226,200,68,30,108,172,134,96,80,68,86,80,78,88,84,78,88,112,126,128,126,140,172,190,188,144,255,252,130,32,12,24,10,44,42,16,20,58,80,64,14,38,64,58,28,4,22,48,46,2,42,40,8,30,34,18,14,38,42,223
216,92,116,128,122,96,98,64,102,154,78,56,52,58,56,60,34,40,46,46,40,32,24,26,12,6,26,34,22,40,40,44,62,68,62,58,52,64,74,56,40,42,32,28,30,22,12,10,10,10,12,12,68,112,108,64,8,80,130,138,98,38,2,4,8,14,10,16,6,6,2,8,12,4,2,2,2,6,6,6,12,6,4,8,6,8,6,2,2,4,2,10,18,54,96,168,255,255,255,255,255,255,114,40,76,64,4,100,224,255,255,228,182,114,36,14,10,10,12,4,6,10,2,6,4,4,8,4,2,0,2,2,2,0,4,0,4,0,0,0,0,0,0,2,6,6,2,0,0,0,0,0,0,0,0,0,2,6,4,0,0,0,0,0,0,0,0,4,2,6,6,6,4,0,4,4,0,0,0,0,0,0,0,0,0,0,0,0,0,0,0,0,0,0,0,0,4,4,0,4,6,4,4,4,4,4,4,6,4,0,0,0,0,0,0,0,0,0,0,0,0,0,0,0,0,0,0,0,0,0,0,0,0,0,0,0,0,0,0,0,0,0,0,0,0,0,0,0,0,0,0,0,0,0,0,0,0,0,0,0,0,0,0,0,0,0,0,0,0,0,0,0,0,0,0,0,0,0,0,0,0,0,0,0,0,0,0,0,0,0,2,4,4,4,4,2,2,14,12,4,4,4,6,4,4,4,18,28,255,255,255,255,255,238,130,48,24,78,222,255,255,255,28,8,8,26,170,255,255,255,255,36,96,108,34,14,10,18,66,100,88,50,20,20,16,54,98,118,84,36,68,88,62,34,16,90,100,88,92,52,76,136,134,124,74,18,88,118,126,110,66,46,60,50,60,76,56,70,100,68,34,20,54,86,100,78,40,52,42,22,10,44,56,136,140,104,70,62,114,132,142,146,130,98,52,38,140,240,255,255,255,222,178,208,204,162,86,42,44,46,18,10,6,8,24,30,24,18,22,52,96,90,186,234,92,60,114,158,156,176,190,224,240,226,212,202,182,156,120,74,32,54,148,176,110,38,44,104,124,134,132,118,100,92,80,94,100,110,136,170,178,190,174,164,188,168,158,122,208,255,194,78,14,46,24,24,46,48,28,12,54,76,48,14,56,68,66,48,16,26,50,24,26,64,50,18,26,42,26,10,26,220
215,110,124,156,134,128,86,72,112,160,98,70,68,62,46,54,34,28,22,10,8,12,18,22,36,38,46,60,64,76,70,70,74,64,48,44,44,48,44,18,12,12,14,8,4,8,12,10,18,24,10,10,28,86,124,140,100,18,60,132,150,106,42,10,6,14,6,6,14,16,12,8,6,2,8,10,8,6,8,6,4,8,4,6,2,8,2,2,2,2,14,36,66,138,255,255,255,255,255,255,150,28,80,134,34,128,220,252,255,255,128,40,28,12,16,14,6,6,8,12,6,2,14,18,12,10,12,10,6,4,6,4,4,0,4,0,4,0,0,0,0,0,0,0,2,6,6,4,4,4,2,0,0,0,0,2,4,6,4,0,0,0,0,0,0,0,0,4,2,6,6,6,4,2,6,2,4,4,2,0,0,0,0,0,0,0,0,0,2,4,6,6,2,2,0,0,4,6,4,4,4,4,4,4,4,4,4,6,4,0,0,0,0,0,0,0,0,0,0,0,0,0,0,0,0,0,0,0,0,0,0,0,0,0,0,0,0,0,0,0,0,0,0,0,0,0,0,0,0,0,0,0,0,0,0,0,0,0,0,0,0,0,0,0,0,0,0,0,0,0,0,0,0,0,0,0,0,0,0,0,0,0,0,0,0,0,0,0,0,0,2,2,0,0,0,6,8,8,8,10,8,12,12,6,8,16,16,12,8,174,255,255,255,255,255,118,24,76,224,255,255,180,14,4,18,2,38,238,255,255,255,188,14,114,70,14,12,20,46,82,88,72,54,34,20,20,48,82,74,28,60,100,82,54,38,46,110,128,134,108,6,96,114,120,90,46,38,82,92,76,92,74,50,42,30,44,12,18,72,86,80,46,20,48,82,112,66,38,30,68,116,168,152,166,194,172,110,120,148,134,112,82,54,38,36,36,64,162,255,255,255,246,158,158,122,156,124,52,36,50,44,12,10,2,6,8,8,12,42,58,132,150,196,210,106,162,190,206,178,138,160,192,168,136,120,96,64,52,36,20,18,10,78,134,144,102,44,44,80,120,126,100,88,54,30,74,102,116,128,138,128,116,52,40,26,26,62,86,104,174,182,98,38,36,22,22,44,62,60,30,14,52,64,32,48,66,68,66,32,20,30,34,20,38,64,34,6,26,32,14,30,219
214,124,142,214,144,178,84,48,92,104,64,56,52,28,16,30,20,14,24,32,42,48,46,48,46,34,32,40,52,54,46,38,32,20,12,12,18,18,8,4,8,8,4,2,6,8,12,10,12,10,2,12,8,16,46,108,138,106,44,60,140,150,100,42,8,6,4,6,14,8,10,4,4,4,14,14,10,8,6,4,10,20,16,18,8,16,12,12,6,22,56,124,224,255,255,255,255,255,184,50,68,90,54,98,210,255,255,198,140,84,14,6,4,6,6,0,4,4,2,8,10,8,8,10,6,0,6,10,8,4,4,4,4,0,4,2,4,0,0,0,0,0,0,0,0,2,4,4,4,6,4,0,0,0,0,4,6,4,2,2,4,4,4,4,4,4,4,2,2,2,4,4,2,4,6,2,6,6,4,0,0,0,0,0,0,0,0,0,2,4,6,8,6,4,0,0,2,4,4,4,4,4,4,4,4,4,4,4,2,0,0,0,0,0,0,0,0,0,0,0,0,0,0,0,0,0,0,0,0,0,0,0,0,0,0,0,0,0,0,0,0,0,0,0,0,0,0,0,0,0,0,0,0,0,0,0,0,0,0,0,0,0,0,0,0,0,0,0,0,0,0,0,0,0,0,0,0,0,0,0,0,0,0,0,0,0,0,0,0,0,2,4,4,4,4,4,2,8,8,4,0,2,2,8,12,8,10,10,8,4,106,255,255,255,255,255,144,36,255,255,255,172,18,6,24,10,8,78,255,255,255,255,110,66,102,42,22,24,22,58,80,114,74,14,8,10,20,52,78,42,40,92,82,58,52,10,90,152,178,170,94,42,84,124,114,70,30,42,66,82,106,86,30,20,26,40,20,24,34,36,74,64,30,38,38,80,82,56,66,126,196,216,172,176,224,224,152,130,114,90,58,44,20,52,94,110,98,80,134,186,210,194,160,72,92,136,120,86,48,16,42,24,10,6,10,6,2,22,34,18,100,154,232,240,120,130,118,114,98,44,72,104,72,46,34,14,16,16,10,14,12,10,56,114,144,140,90,48,36,28,62,54,82,74,22,72,56,40,46,76,102,116,136,162,148,160,164,180,164,178,144,104,48,36,42,28,36,52,62,52,24,28,80,72,8,40,50,70,58,6,24,40,66,30,34,44,22,26,76,96,82,213
213,110,136,204,58,138,46,62,144,96,34,48,62,38,44,68,58,46,46,46,48,44,40,40,30,28,22,20,18,16,10,2,6,6,4,4,4,4,6,2,4,4,2,6,4,4,10,14,10,6,4,8,10,8,4,42,104,140,134,52,64,144,150,102,44,8,4,8,10,10,6,4,6,12,16,10,4,12,6,6,4,8,8,16,6,14,12,30,48,94,178,255,255,255,255,255,255,114,90,116,4,112,160,232,255,248,144,40,2,16,8,4,4,6,8,6,6,8,8,12,12,10,8,8,6,2,0,4,4,0,0,4,6,4,6,6,2,0,0,0,0,0,0,0,0,0,0,0,0,4,4,0,0,0,0,4,6,2,0,4,6,4,4,4,4,4,4,6,4,0,0,0,0,4,4,4,4,4,4,0,0,0,0,0,0,0,0,0,2,6,8,10,6,4,0,0,0,0,0,4,4,0,0,0,0,0,0,0,0,0,0,0,0,0,0,0,0,0,0,0,0,0,0,0,0,0,0,0,0,0,0,0,0,0,0,0,0,0,0,0,0,0,0,0,0,0,0,0,0,0,0,0,0,0,0,0,0,0,0,0,0,0,0,0,0,0,0,0,0,0,0,0,0,0,0,0,0,0,0,0,0,0,0,0,0,0,0,0,0,0,0,0,0,0,0,0,0,0,0,0,0,0,0,4,6,4,2,0,0,0,0,58,255,255,255,255,255,140,242,255,255,252,28,16,6,18,18,30,146,255,255,255,255,34,102,98,60,42,14,38,88,128,134,70,20,16,6,54,116,114,44,42,80,80,62,20,30,80,136,164,140,66,38,116,128,104,66,20,62,108,138,132,94,46,24,14,24,30,16,18,72,84,64,34,4,18,56,76,78,160,224,214,168,184,236,240,166,88,72,52,40,74,82,110,136,124,102,74,68,88,138,126,92,96,128,178,140,102,74,32,40,30,16,8,16,24,32,44,74,42,42,86,180,224,142,70,50,94,104,106,112,76,30,8,12,6,14,22,12,14,4,16,18,62,84,96,82,68,92,60,62,68,92,116,72,128,152,136,112,114,136,150,164,166,150,154,156,160,162,166,128,80,72,14,64,48,22,18,36,46,34,16,68,102,60,22,52,72,94,46,14,20,48,60,8,50,42,78,140,132,84,200
214,100,136,200,76,224,136,162,186,114,76,96,104,70,66,76,48,26,24,24,24,18,18,14,16,14,12,6,2,8,10,6,4,4,4,4,4,4,4,0,4,4,4,6,2,4,8,10,12,12,6,10,10,8,4,10,40,92,146,140,46,82,152,154,96,30,4,14,8,6,8,12,12,16,8,6,8,6,12,16,6,26,34,40,30,36,56,104,168,255,255,255,255,255,255,180,74,34,86,102,196,255,248,192,142,74,16,22,12,16,12,6,2,4,6,4,6,6,6,8,6,4,4,4,2,0,0,4,4,0,0,2,4,4,4,6,4,0,0,0,0,0,0,0,0,0,0,0,0,4,4,0,0,0,0,2,6,6,2,4,4,0,0,0,0,2,4,6,4,0,0,0,0,4,4,4,4,4,4,0,0,0,0,0,0,0,0,0,0,2,6,8,4,4,0,0,0,0,0,4,6,4,4,4,4,4,4,4,2,0,0,0,0,0,0,0,0,0,0,0,0,0,0,0,0,0,0,0,0,0,0,0,0,0,0,0,0,0,0,0,0,0,0,0,0,0,0,0,0,0,0,0,0,0,0,0,0,0,0,0,0,0,0,0,0,0,0,0,0,0,0,0,0,0,0,0,0,0,0,0,0,0,0,0,0,0,0,0,0,0,0,0,0,0,0,0,0,0,0,0,0,0,0,2,4,6,6,4,2,0,0,4,22,252,255,255,255,255,114,255,255,255,110,10,4,4,12,8,36,238,255,255,255,186,16,76,52,36,68,74,116,114,108,88,22,6,12,24,72,102,74,14,66,98,92,48,14,26,80,116,124,108,68,86,70,86,78,22,36,72,104,110,84,44,14,24,28,50,28,14,44,58,60,42,16,4,44,88,128,168,208,186,114,116,160,164,110,60,78,74,90,90,66,58,60,42,34,28,30,50,94,124,204,184,190,255,220,154,96,56,42,46,40,26,26,14,12,10,48,50,20,38,98,142,128,98,32,58,86,122,148,110,62,26,12,4,10,20,18,30,16,30,20,46,76,100,88,56,74,68,54,80,104,120,86,82,138,146,118,114,116,116,122,118,112,108,102,112,128,124,80,36,116,100,8,52,30,12,36,48,50,34,20,68,86,82,96,110,120,96,54,18,16,56,44,22,66,122,146,100,58,197
208,90,106,166,134,196,96,140,138,76,66,74,68,32,32,26,8,2,4,8,10,8,10,12,14,12,14,12,8,10,12,8,2,4,4,4,4,4,4,0,4,6,6,4,0,4,8,6,8,12,6,8,8,6,2,2,0,28,98,168,154,36,82,158,148,76,22,14,6,12,16,16,12,14,10,10,16,10,8,12,6,26,42,68,78,90,120,226,255,255,255,255,255,255,52,44,20,38,124,198,240,200,110,38,12,20,18,12,12,14,2,8,6,6,4,4,6,2,2,6,6,4,4,4,2,0,0,4,4,0,0,0,2,4,4,8,6,0,0,0,0,0,0,0,0,0,0,0,0,4,4,0,0,0,0,0,2,6,6,6,4,0,2,4,4,6,6,4,2,0,0,0,0,4,4,4,4,4,6,4,2,0,0,0,0,0,0,0,0,0,2,6,2,4,0,0,0,0,0,2,4,4,4,4,4,4,4,6,6,4,4,2,0,0,0,0,0,0,0,0,0,0,0,0,0,0,0,0,0,0,0,0,0,0,0,0,0,0,0,0,0,0,0,0,0,0,0,0,0,0,0,0,0,0,0,0,0,0,0,0,0,0,0,0,0,0,0,0,0,0,0,0,0,0,0,0,0,0,0,0,0,0,0,0,0,0,0,0,0,0,0,0,0,0,0,0,0,0,0,0,0,0,0,0,0,2,4,6,4,0,0,4,22,6,172,255,255,255,255,222,255,255,255,38,18,2,4,14,20,66,255,255,255,255,90,60,72,72,68,28,72,114,90,86,48,8,2,16,36,62,76,52,54,106,118,80,46,12,44,94,120,134,122,86,30,52,92,66,8,32,64,78,66,46,30,24,44,94,94,78,106,100,72,38,10,6,20,64,140,234,255,232,146,154,192,172,80,18,64,70,158,180,142,110,90,62,46,26,16,52,114,198,240,124,82,210,236,182,100,58,28,44,40,32,6,28,26,24,16,50,44,20,66,96,78,74,52,14,54,114,150,118,78,36,16,8,12,18,10,26,20,26,16,26,56,102,142,112,78,54,40,112,128,104,60,30,58,98,92,104,92,88,78,62,54,40,34,32,16,78,126,130,124,186,138,60,88,82,92,102,92,66,28,60,94,108,72,126,120,88,60,32,8,42,66,50,68,92,108,88,64,189
206,66,90,104,142,122,46,116,90,30,24,24,12,10,10,6,4,0,2,4,8,8,8,10,12,12,12,8,4,6,6,6,4,6,4,4,6,4,6,4,6,8,6,0,2,6,8,4,4,8,2,4,6,4,0,4,4,4,30,114,178,128,18,92,148,124,60,10,10,16,32,34,32,42,56,64,58,46,28,10,18,42,68,102,128,186,255,255,255,255,255,255,178,14,46,36,90,156,156,154,104,50,12,12,4,4,2,8,16,6,8,6,8,6,4,6,4,0,2,10,10,4,4,6,6,2,0,4,4,0,0,2,6,6,4,10,10,4,4,4,4,4,4,4,2,0,0,0,0,4,4,0,0,0,0,0,0,2,4,4,2,0,4,6,4,4,2,0,0,0,0,0,0,4,4,4,4,2,4,6,6,2,0,2,2,2,0,0,0,0,0,4,0,4,0,0,0,0,0,0,0,0,0,0,0,0,0,2,4,4,6,6,2,0,0,0,0,0,0,0,0,0,0,0,0,0,0,0,0,0,0,0,0,0,0,0,0,0,0,0,0,0,0,0,0,0,0,0,0,0,0,0,0,0,0,0,0,0,0,0,0,0,0,0,0,0,0,0,0,0,0,0,0,0,0,0,0,0,0,0,0,0,0,0,0,0,0,0,0,0,0,0,0,0,0,0,0,0,0,0,0,0,0,0,0,0,0,4,6,4,2,4,16,22,12,120,255,255,255,255,255,255,255,174,4,12,6,16,28,46,146,255,255,255,214,20,148,126,50,38,10,136,138,106,88,34,28,36,38,46,72,66,8,64,104,94,74,42,12,62,82,90,102,94,54,16,80,108,70,28,46,76,88,94,102,108,140,156,134,100,100,64,20,16,24,42,58,56,58,186,255,255,255,255,255,234,128,134,110,46,54,96,96,100,96,74,64,42,6,16,68,182,255,238,74,122,144,142,78,42,14,20,14,32,20,18,8,26,30,32,46,34,48,120,106,90,70,22,22,64,108,126,110,74,34,6,12,26,26,18,12,16,24,18,4,32,98,108,84,118,90,108,152,128,80,52,12,24,30,22,16,30,56,70,62,70,74,64,148,208,216,214,172,250,254,156,128,104,98,124,110,64,28,36,100,124,48,72,124,94,54,40,16,4,48,98,88,68,66,58,38,174
207,78,98,38,126,62,38,120,70,12,8,8,4,4,2,2,4,4,6,6,2,0,0,2,4,4,4,2,2,6,6,6,0,6,2,2,6,4,8,6,4,6,4,4,2,8,8,6,8,10,4,6,10,8,4,8,0,8,16,32,124,152,94,32,88,126,96,42,48,60,68,74,76,86,106,104,104,100,68,28,24,62,110,166,236,255,255,255,255,255,196,34,32,16,44,96,158,150,64,26,4,8,8,10,4,6,6,10,16,14,10,2,6,6,6,6,2,0,4,10,6,0,0,2,6,6,4,4,4,4,4,6,6,2,0,6,8,4,4,4,4,4,4,6,4,0,0,0,0,4,4,0,0,0,0,0,0,0,0,0,0,0,4,6,2,0,0,0,0,0,0,0,0,4,4,4,4,0,0,2,6,6,2,4,4,6,2,0,0,0,0,4,0,4,0,0,0,0,0,0,0,0,0,0,0,0,0,0,0,0,2,6,4,0,0,2,4,4,4,4,4,4,4,4,2,0,0,0,0,0,0,0,0,0,0,0,0,0,0,0,0,0,0,0,0,0,0,0,0,0,0,0,0,0,0,0,0,0,0,0,0,0,0,0,0,0,0,0,0,0,0,0,0,0,0,0,0,0,0,0,0,0,0,0,0,0,0,0,0,0,0,0,0,0,0,0,0,0,0,0,0,0,0,0,0,0,0,2,4,6,6,6,2,12,18,10,40,255,255,255,255,255,255,255,56,14,8,20,8,36,58,242,255,255,255,168,46,130,38,30,54,90,138,102,92,68,26,10,18,46,88,118,90,20,56,84,94,82,36,10,2,6,32,58,60,20,28,88,100,44,20,62,84,100,116,116,108,84,46,2,26,56,90,90,106,130,126,108,56,64,182,224,214,234,246,214,186,224,212,154,182,180,126,88,72,66,62,34,10,10,32,102,208,230,168,198,214,156,68,26,14,20,22,22,26,26,4,38,46,16,28,40,10,78,130,144,120,56,68,46,66,148,160,142,88,32,18,16,14,16,10,12,12,22,20,10,56,100,110,104,36,36,116,136,96,76,52,22,46,106,162,198,228,214,198,172,148,114,194,208,204,236,200,246,255,220,118,86,80,122,132,76,38,22,84,116,72,42,164,182,126,84,48,26,12,78,114,118,112,106,94,180
201,76,84,18,114,26,40,112,44,10,20,10,10,6,6,6,2,0,2,4,2,2,4,2,4,6,6,4,2,4,4,4,2,4,0,0,2,2,6,4,0,4,4,4,0,8,8,8,10,10,6,6,12,12,8,16,12,22,22,32,48,114,118,56,48,76,94,72,82,90,84,92,88,78,92,74,88,102,72,46,48,110,198,255,255,255,255,255,255,106,70,72,32,110,132,122,110,46,14,14,6,4,8,10,4,4,0,6,12,14,12,4,8,8,8,6,4,2,4,10,8,4,4,4,0,4,4,4,4,4,4,4,2,0,0,4,4,0,0,0,0,0,0,4,4,0,0,0,0,4,4,0,0,0,0,0,0,0,0,2,2,2,2,6,6,2,0,0,0,0,0,0,0,4,4,4,4,0,0,0,2,6,4,6,6,8,6,2,0,0,0,4,0,4,0,0,0,0,0,0,0,0,0,0,0,0,0,0,0,0,0,4,4,0,0,4,6,4,4,4,4,4,4,6,4,0,0,0,0,0,0,0,0,0,0,0,0,0,0,0,0,0,0,0,0,0,0,0,0,0,0,0,0,0,0,0,0,0,0,0,0,0,0,0,0,0,0,0,0,0,0,0,0,0,0,0,0,0,0,0,0,0,0,0,0,0,0,0,0,0,0,0,0,0,0,0,0,0,0,0,0,0,0,0,0,0,0,0,0,2,4,6,6,6,2,18,2,46,255,255,255,255,255,255,168,8,8,8,4,20,46,94,255,255,255,255,102,80,82,26,52,108,102,72,60,62,32,20,26,28,44,82,100,50,24,72,98,96,56,30,42,42,26,44,72,48,12,26,66,62,16,22,40,34,30,8,30,54,80,102,92,112,118,120,150,158,124,132,110,36,68,118,116,114,118,102,112,188,222,172,124,72,26,72,96,90,84,54,12,4,28,88,144,160,154,202,208,122,42,14,30,36,34,18,32,56,36,16,34,34,46,76,74,20,64,128,148,98,4,68,80,138,168,176,124,46,14,20,18,12,2,8,4,18,28,22,36,116,154,116,52,22,92,180,164,132,98,36,78,154,194,224,244,198,224,194,148,84,120,122,116,118,44,62,142,168,132,82,88,160,194,132,74,22,76,130,132,80,58,156,158,122,72,34,16,28,92,126,122,104,72,190
200,78,74,46,94,4,62,116,30,4,12,6,4,8,2,4,0,0,2,4,4,4,2,2,8,8,6,2,4,4,4,6,4,4,2,4,4,4,6,2,4,8,10,4,2,8,8,8,14,22,26,24,14,18,34,38,38,48,50,54,44,28,92,74,26,34,48,52,76,74,62,60,28,12,22,24,74,84,42,38,132,255,255,255,255,255,255,194,16,74,30,70,144,146,90,42,20,14,16,12,0,8,8,10,4,6,2,6,6,4,6,4,4,0,0,0,2,2,2,8,10,6,4,4,2,4,6,10,8,4,2,0,2,4,4,6,4,2,4,4,4,6,8,6,2,2,0,2,4,8,8,4,4,4,4,4,2,0,2,4,2,2,0,2,4,2,0,0,0,0,0,0,0,4,6,6,4,0,0,0,0,4,4,6,6,6,4,2,0,0,0,4,2,4,0,0,0,0,0,0,0,0,0,0,0,0,0,0,0,0,0,4,6,4,4,4,4,4,4,4,4,4,4,6,4,0,0,0,0,0,0,0,0,0,0,0,0,0,0,0,0,0,0,0,0,0,0,0,0,0,0,0,0,0,0,0,0,0,0,0,0,0,0,0,0,0,0,0,0,0,0,0,0,0,0,0,0,0,0,0,0,0,0,0,0,0,0,0,0,0,0,0,0,0,0,0,0,0,0,0,0,0,0,0,0,0,0,0,0,0,0,10,8,2,10,2,20,12,64,255,255,255,255,224,188,50,12,12,10,8,26,50,154,255,255,255,208,20,146,102,172,142,108,78,42,42,40,30,12,10,18,44,76,70,38,48,74,72,44,10,10,10,20,30,84,98,56,22,22,62,48,28,26,62,118,144,142,120,116,112,98,112,88,102,118,70,48,84,100,92,64,44,42,12,32,58,8,74,118,136,94,40,40,66,108,90,64,50,26,12,24,72,106,86,94,150,134,78,66,32,24,42,12,56,26,52,78,50,90,114,116,136,144,104,50,48,94,116,68,44,2,32,88,132,118,70,34,14,22,32,42,58,68,76,82,66,22,72,180,184,112,70,52,138,174,144,124,64,62,136,144,152,154,86,154,168,116,40,64,132,156,198,214,198,150,100,70,4,34,94,162,158,122,70,30,116,168,176,78,60,144,156,108,44,24,14,50,98,112,114,96,178
199,92,62,64,68,2,88,108,18,10,8,2,2,4,2,2,0,0,2,4,6,6,2,6,10,6,4,2,2,2,4,4,6,6,6,6,4,4,4,2,6,6,10,8,4,6,8,10,22,32,28,32,40,64,68,58,66,72,68,74,68,54,36,60,12,26,42,68,60,34,10,22,80,84,94,96,84,46,38,162,255,255,255,255,255,255,80,70,74,20,112,148,116,58,8,6,8,4,4,6,8,4,4,8,2,4,4,8,2,8,4,2,2,0,2,4,4,2,0,2,6,4,4,6,2,6,8,8,2,2,2,2,6,6,4,6,6,6,6,4,4,8,10,10,4,6,2,2,4,6,4,6,8,4,4,6,4,0,4,2,4,2,0,4,6,2,0,0,0,0,0,0,0,2,4,4,2,0,0,0,0,4,4,4,6,6,4,2,0,0,0,2,0,2,0,0,0,0,0,0,0,0,0,0,0,0,0,0,0,0,0,2,4,4,4,4,4,4,4,4,4,4,4,4,2,0,0,0,0,0,0,0,0,0,0,0,0,0,0,0,0,0,0,0,0,0,0,0,0,0,0,0,0,0,0,0,0,0,0,0,0,0,0,0,0,0,0,0,0,0,0,0,0,0,0,0,0,0,0,0,0,0,0,0,0,0,0,0,0,0,0,0,0,0,0,0,0,0,0,0,0,0,0,0,0,0,0,0,0,0,0,2,2,4,4,8,2,8,6,36,176,255,240,206,152,54,10,6,12,4,10,24,54,255,255,255,255,112,40,94,138,134,106,98,40,18,56,48,14,32,22,28,70,100,86,92,116,88,54,32,38,46,28,20,48,84,60,26,14,38,34,28,44,110,170,190,154,144,110,80,38,16,10,56,100,80,82,110,136,110,44,22,52,62,46,80,56,14,32,78,94,64,62,34,112,130,96,78,50,16,8,40,80,66,40,54,34,16,58,58,2,52,48,30,84,48,22,60,112,126,102,102,172,158,72,20,44,88,94,44,28,48,88,100,98,92,78,62,102,126,150,164,160,148,158,138,92,12,106,178,160,132,94,24,138,152,120,80,30,146,146,132,136,94,148,178,168,124,102,172,194,200,218,226,230,206,146,118,92,62,66,128,150,124,46,40,96,130,108,38,98,158,150,94,50,30,22,42,74,118,146,188
198,90,28,92,54,12,106,88,4,0,4,6,6,4,0,0,0,0,0,2,8,10,8,10,6,0,0,2,4,4,6,4,6,4,4,0,4,4,4,4,4,4,6,4,6,8,6,26,44,48,62,72,104,126,100,84,76,82,76,80,74,100,58,62,40,46,62,40,18,32,60,94,122,88,86,68,60,82,230,255,255,255,255,255,198,6,62,12,72,130,142,94,28,8,4,8,6,2,0,2,4,8,10,8,4,6,6,6,2,6,8,8,8,8,8,6,2,0,2,2,4,4,4,4,4,4,4,2,6,4,4,6,6,2,0,4,6,4,2,0,0,4,6,10,8,6,6,6,8,8,8,10,6,0,0,4,4,0,4,0,4,0,0,4,4,0,0,0,0,0,0,0,0,0,0,0,0,0,0,0,0,4,4,0,0,0,0,0,0,0,0,4,4,6,4,2,0,0,0,0,0,0,0,0,0,0,0,2,4,4,4,4,4,4,4,6,4,0,0,0,0,0,0,0,0,0,0,0,0,0,0,0,0,0,0,0,0,0,0,0,0,0,0,0,0,0,0,0,0,0,0,0,0,0,0,0,0,0,0,0,0,0,0,2,4,4,4,4,4,4,4,4,2,0,0,0,0,0,0,0,0,0,0,0,0,0,0,0,0,0,0,0,0,0,0,0,0,0,0,0,0,0,0,0,0,0,0,0,0,0,0,0,0,4,4,4,6,4,6,6,18,90,130,100,90,44,16,0,10,10,8,16,32,90,255,255,255,226,70,30,50,104,52,94,54,18,58,76,34,10,16,28,72,126,138,126,120,74,42,18,12,8,12,2,14,42,54,38,32,42,24,6,28,96,142,128,56,66,46,66,102,94,94,98,114,92,66,92,120,86,24,32,64,64,30,64,76,42,6,42,72,84,92,54,44,108,112,92,70,28,22,24,56,80,26,58,88,58,20,44,32,36,72,58,22,90,76,78,126,130,114,96,162,200,140,46,34,84,88,50,18,54,72,116,136,130,120,146,188,210,216,202,170,168,166,152,114,64,4,86,128,126,98,40,94,172,150,92,12,120,210,220,218,238,255,255,218,156,128,144,162,142,126,132,158,180,166,132,86,22,42,102,148,156,110,26,58,130,162,104,44,98,152,142,98,54,10,24,50,96,122,195
196,96,10,96,28,24,114,72,2,2,6,4,4,6,2,0,0,0,2,6,10,10,10,10,6,4,2,2,4,4,4,2,2,0,0,2,4,4,4,4,4,4,4,4,6,8,4,28,46,88,150,166,164,146,126,128,70,60,64,82,78,106,88,64,72,60,22,36,56,68,82,90,78,24,28,56,160,255,255,255,255,255,255,78,40,14,50,96,114,104,64,14,2,4,6,6,2,4,4,6,6,6,10,10,14,6,16,16,10,10,12,12,8,8,8,8,6,2,4,2,2,4,4,6,6,4,4,0,4,2,6,6,2,0,0,4,4,0,0,0,0,2,4,8,6,2,4,6,8,8,8,6,2,0,0,4,4,0,4,0,4,0,0,4,4,0,0,0,0,0,0,0,0,0,0,0,0,0,0,0,0,4,4,0,0,0,0,0,0,0,0,4,4,4,6,4,0,0,0,0,0,0,0,0,0,0,0,4,6,4,4,4,4,4,4,4,2,0,0,0,0,0,0,0,0,0,0,0,0,0,0,0,0,0,0,0,0,0,0,0,0,0,0,0,0,0,0,0,0,0,0,0,0,0,0,0,0,0,0,0,0,0,0,4,6,4,4,4,4,4,4,6,4,0,0,0,0,0,0,0,0,0,0,0,0,0,0,0,0,0,0,0,0,0,0,0,0,0,0,0,0,0,0,0,0,0,0,0,0,0,0,0,0,4,6,4,4,4,4,2,6,16,40,46,26,18,14,12,16,12,4,10,20,42,148,255,255,255,182,68,68,126,72,56,78,30,26,66,46,28,30,38,42,40,66,48,10,46,62,66,58,42,32,26,26,30,48,52,32,28,16,16,46,118,156,132,70,134,138,130,92,38,24,32,38,30,10,52,80,52,24,20,76,64,12,52,90,98,32,30,86,134,136,114,52,36,90,86,80,64,24,12,8,62,76,16,50,64,20,40,48,18,46,80,52,46,124,138,84,100,132,80,114,168,218,154,36,66,84,88,42,34,80,154,220,220,186,204,210,188,150,120,108,148,160,152,126,86,38,44,118,156,144,82,22,116,194,144,70,28,136,196,186,194,184,158,124,90,62,46,48,60,50,54,54,96,126,126,112,72,10,46,98,138,132,94,22,76,134,110,40,72,166,176,150,120,60,26,30,76,126,194
194,94,22,90,12,48,118,50,0,4,6,2,2,6,4,0,0,2,6,8,10,10,10,10,6,8,4,4,6,4,4,6,4,0,0,2,6,6,4,6,4,0,2,6,8,8,4,28,52,96,180,204,156,112,88,112,84,2,40,74,56,56,28,28,28,12,34,52,36,36,52,46,30,44,120,220,255,255,255,255,255,210,34,62,56,100,118,94,74,44,6,18,14,8,2,6,12,10,6,4,2,2,4,4,10,6,16,16,12,12,12,10,8,8,8,8,8,4,4,0,0,4,2,4,4,2,4,2,8,6,6,2,0,0,0,4,4,0,0,0,0,0,0,4,4,0,0,2,4,4,4,6,4,0,0,4,4,0,4,0,4,0,0,4,4,0,0,0,0,0,0,0,0,0,0,0,0,0,0,0,0,4,4,0,0,0,0,0,0,0,0,4,4,2,6,4,0,0,0,0,0,0,0,0,0,0,0,4,4,0,0,0,0,0,0,0,0,0,0,0,0,0,0,0,0,0,0,0,0,0,0,0,0,0,0,0,0,0,0,2,4,4,4,4,4,4,4,4,4,4,4,4,4,4,4,4,4,4,4,4,4,4,4,4,4,4,4,4,4,4,4,6,4,0,0,0,0,0,0,0,0,0,0,0,0,0,0,0,0,0,0,0,0,0,0,0,0,0,0,0,0,0,0,0,0,0,0,0,0,0,0,0,0,2,6,6,4,4,2,8,8,8,16,10,12,16,10,6,6,2,6,8,8,92,180,236,255,255,255,144,46,72,118,24,78,70,26,36,54,32,6,4,22,26,38,64,132,180,154,162,130,82,30,18,18,18,8,32,48,28,4,22,12,98,170,182,120,136,72,16,50,64,68,64,58,56,24,62,78,64,36,10,54,88,46,28,56,90,50,54,56,108,120,114,74,12,80,104,108,98,62,48,36,24,70,70,10,58,56,10,64,36,20,72,96,40,78,174,184,158,138,38,34,82,198,214,106,40,60,78,110,148,218,236,255,255,214,136,126,80,28,26,60,102,108,114,106,72,38,18,98,192,236,174,100,20,140,156,98,66,40,50,60,46,36,32,30,16,10,26,26,22,8,12,16,44,96,136,142,106,58,54,70,80,66,92,114,126,128,112,124,110,162,202,190,188,148,118,122,150,168,184
192,80,44,84,6,78,114,30,2,6,4,0,0,4,6,2,4,6,6,6,10,8,6,8,2,8,4,4,4,0,0,4,4,0,0,2,4,8,8,8,6,4,6,8,8,8,6,34,44,98,180,124,54,90,64,56,68,46,56,52,60,78,26,34,56,68,78,72,46,44,52,34,54,158,255,255,255,255,255,255,84,26,40,66,138,120,50,18,16,16,16,14,8,18,12,12,10,10,6,4,2,4,8,6,4,0,10,10,2,4,4,2,4,6,6,4,6,4,4,0,0,4,0,0,0,0,4,4,10,4,2,0,0,0,0,4,6,4,4,4,4,4,2,4,4,0,0,0,0,0,0,4,4,0,0,4,4,0,4,0,4,0,0,4,4,0,0,0,0,0,0,0,0,0,0,0,0,0,0,0,0,4,4,0,0,0,0,0,0,0,0,4,6,6,6,2,0,0,0,0,0,0,0,0,0,0,0,4,4,0,0,0,0,0,0,0,0,0,0,0,0,0,0,0,0,0,0,0,0,0,0,0,0,0,0,0,0,0,0,4,6,4,4,4,4,4,4,4,4,4,4,4,4,4,4,4,4,4,4,4,4,4,4,4,4,4,4,4,4,4,4,4,2,0,0,0,0,0,0,0,0,0,0,0,0,0,0,0,0,0,0,0,0,0,0,0,0,0,0,0,0,0,0,0,0,0,0,0,0,0,0,0,0,0,2,4,4,6,6,12,4,12,2,12,12,8,8,6,10,10,16,4,4,108,198,108,238,255,255,255,68,4,82,94,20,70,58,34,42,46,28,24,20,42,64,114,200,224,158,206,190,132,62,10,12,14,32,34,40,40,40,52,54,8,86,138,120,60,34,74,60,68,64,58,56,68,46,88,106,90,54,10,24,78,106,52,44,54,72,48,6,38,78,100,80,34,46,104,130,114,78,52,34,0,32,80,62,32,86,52,78,106,84,118,156,142,36,94,170,198,196,128,38,34,114,190,166,36,98,140,184,248,255,255,238,248,212,120,22,92,172,216,232,242,222,190,150,98,44,20,32,106,186,166,124,80,50,140,128,88,74,38,30,16,10,14,22,20,18,10,6,22,40,46,52,60,60,100,124,66,6,58,110,118,30,78,132,182,170,134,128,106,96,192,226,232,194,152,124,108,104,181
190,52,80,72,16,106,100,12,4,6,2,0,0,2,6,2,6,4,2,4,8,6,6,10,4,8,4,4,6,8,10,12,8,4,4,6,6,4,4,4,4,4,6,8,8,10,10,22,48,92,194,248,176,58,98,52,24,78,26,60,96,46,30,70,70,62,80,80,72,56,20,46,162,255,255,255,255,255,255,42,66,8,86,140,120,52,16,4,4,14,12,24,8,14,16,4,2,6,4,4,6,6,4,6,2,0,10,10,6,8,8,8,4,6,8,6,6,4,4,2,2,4,4,4,4,4,4,4,8,4,4,4,4,4,4,6,8,8,6,4,4,6,6,6,4,2,4,4,4,4,4,6,4,0,0,4,4,0,4,0,4,0,0,4,4,0,0,0,0,0,0,0,0,0,0,0,0,0,0,0,0,4,4,0,0,0,0,0,0,0,0,2,4,4,2,2,4,4,4,4,4,4,4,4,4,4,4,6,4,0,0,0,0,0,0,0,0,0,0,0,0,0,0,0,0,0,0,0,0,0,0,0,0,0,0,0,0,0,0,4,4,0,0,0,0,0,0,0,0,0,0,0,0,0,0,0,0,0,0,0,0,0,0,4,6,4,4,4,4,4,4,4,2,0,0,0,0,0,0,0,0,0,0,0,0,0,0,0,0,0,0,0,0,0,0,0,0,0,0,0,0,0,0,0,0,0,0,0,0,0,0,0,0,0,0,0,0,2,4,14,12,6,14,14,4,14,6,4,12,12,14,12,12,134,255,186,138,255,255,255,106,18,18,78,32,36,64,44,28,24,12,18,12,38,54,102,164,148,60,132,148,112,74,32,6,6,16,24,32,68,70,46,84,68,20,48,84,82,76,66,54,62,32,18,10,20,14,32,76,94,82,30,22,54,122,92,30,30,90,86,38,14,56,108,116,84,34,48,120,126,94,64,36,12,24,54,94,36,64,90,144,178,150,150,178,164,92,24,120,182,186,180,142,58,24,124,204,150,30,200,255,236,142,86,84,132,160,140,178,255,255,255,210,186,168,142,112,70,22,14,24,34,122,154,128,86,20,124,190,162,112,72,42,32,24,32,48,54,56,54,54,80,94,92,90,100,114,152,172,118,96,76,122,98,82,152,210,244,196,182,144,136,130,148,236,255,222,156,98,32,34,183
188,22,104,54,30,122,76,4,4,4,0,0,0,0,4,2,4,0,0,4,8,8,6,8,6,8,4,2,10,16,20,16,14,8,8,4,2,0,0,0,0,0,4,8,10,12,10,6,38,90,142,198,238,168,58,68,42,34,70,110,64,70,46,54,24,18,6,22,30,26,92,190,255,255,255,255,255,176,20,38,50,110,112,66,18,2,10,8,2,14,20,26,22,8,16,6,6,4,4,6,6,4,0,6,8,6,14,12,8,8,2,4,4,6,6,6,6,4,4,4,4,4,4,4,4,4,4,4,4,4,4,4,4,4,4,4,4,6,6,4,2,2,4,2,2,6,6,4,4,4,4,4,2,0,0,4,4,0,4,0,4,0,0,4,4,0,0,0,0,0,0,0,0,0,0,0,0,0,0,0,0,4,4,0,0,0,0,0,0,0,0,0,0,0,2,6,6,4,4,4,4,4,4,4,4,4,4,4,2,0,0,0,0,0,0,0,0,0,0,0,0,0,0,0,0,0,0,0,0,0,0,0,0,0,0,0,0,0,0,4,4,0,0,0,0,0,0,0,0,0,0,0,0,0,0,0,0,0,0,0,0,0,0,2,4,4,4,4,4,4,4,6,4,0,0,0,0,0,0,0,0,0,0,0,0,0,0,0,0,0,0,0,0,0,0,0,0,0,0,0,0,0,0,0,0,0,0,0,0,0,0,0,0,0,2,4,4,2,0,4,2,6,16,8,8,10,10,8,8,14,12,8,30,148,255,255,255,255,255,255,116,28,34,72,62,54,70,80,38,10,8,14,16,18,48,76,130,148,86,120,126,82,80,64,34,4,6,16,18,62,58,34,60,90,74,22,42,74,96,118,68,14,22,12,16,26,34,34,42,58,68,46,36,18,74,92,38,22,64,94,70,24,24,88,124,120,86,38,88,142,120,100,74,40,38,38,78,74,50,86,142,146,106,94,148,142,110,38,44,134,172,176,174,94,38,80,168,218,110,80,255,255,255,255,202,198,208,255,255,246,204,122,74,56,28,12,14,12,14,10,26,26,58,134,172,128,58,18,136,200,142,96,80,64,72,84,86,84,88,104,112,114,116,122,132,152,164,174,224,220,232,255,190,64,98,174,236,222,142,176,116,66,66,74,98,184,196,156,90,94,86,190
187,10,112,24,40,128,56,14,4,4,4,6,6,2,4,2,2,4,4,8,14,16,12,16,18,20,20,22,26,28,30,34,42,40,24,10,4,4,2,2,2,4,8,10,10,8,4,6,10,46,84,124,164,180,116,56,82,72,80,68,8,48,42,100,92,54,64,70,100,134,226,255,255,255,255,255,58,80,26,86,134,86,34,10,14,10,8,18,12,16,16,16,12,4,20,10,8,8,10,6,2,6,8,12,12,8,12,8,4,8,6,8,4,2,4,8,8,6,6,4,4,6,4,4,4,2,8,2,8,8,6,4,4,4,4,4,6,8,6,6,4,0,0,4,6,4,2,0,0,0,0,2,4,4,2,4,6,2,4,2,4,4,4,6,6,4,4,4,2,2,0,0,0,0,2,2,2,0,2,4,4,6,4,2,4,4,2,0,0,0,0,2,4,4,6,6,2,0,0,0,0,0,0,0,0,0,0,2,2,2,0,0,0,0,0,2,4,4,4,4,4,4,4,4,2,0,0,0,0,0,0,2,4,4,4,4,4,4,4,6,4,0,0,0,0,0,0,0,0,0,0,0,0,0,0,0,0,0,0,0,0,0,0,0,0,0,0,0,0,0,0,4,6,4,4,4,4,4,4,4,4,4,4,4,4,4,4,4,4,4,4,4,4,4,4,4,2,0,0,0,0,0,0,0,0,0,0,0,0,0,0,0,0,0,2,2,2,2,0,4,0,4,14,14,4,8,12,12,24,12,20,6,32,134,255,255,146,255,255,255,152,54,32,52,44,30,24,44,26,14,18,14,20,10,42,82,130,164,142,98,60,96,96,78,46,10,14,16,16,64,84,50,22,86,96,54,18,62,98,158,142,60,30,10,18,36,26,18,38,80,82,80,50,8,24,84,82,12,14,54,80,32,14,48,84,110,88,58,30,122,122,108,88,54,34,16,46,104,104,72,110,102,56,52,152,168,128,104,60,44,126,144,178,160,46,52,80,146,164,70,102,230,255,255,255,226,255,255,208,122,74,42,20,10,30,18,20,18,16,16,18,30,16,50,164,208,146,96,42,108,106,96,126,110,114,124,120,122,126,128,120,112,138,158,194,206,204,218,255,254,232,255,255,172,54,255,255,192,40,64,70,72,112,154,72,76,164,182,192,162,142,210
184,46,106,6,62,120,24,20,10,2,14,8,10,4,6,4,4,8,8,18,28,36,46,60,58,54,50,46,50,54,56,66,58,74,52,24,10,8,6,2,6,6,8,8,6,4,2,6,4,10,28,78,116,136,150,100,68,190,178,130,72,88,110,86,120,66,74,88,108,234,255,255,255,255,150,74,90,50,112,124,68,16,8,6,8,6,2,8,8,8,10,6,4,12,18,8,4,6,6,2,4,8,10,8,8,6,6,4,4,8,6,4,4,2,4,8,6,4,4,2,4,8,6,4,6,6,10,6,10,6,6,8,6,0,4,10,4,6,4,6,4,0,0,4,6,4,4,4,2,0,0,2,2,2,2,2,6,6,2,2,4,4,6,6,4,4,4,6,2,2,0,0,0,0,2,0,2,0,4,6,4,4,2,2,2,2,2,0,0,0,2,6,6,4,4,2,0,0,0,0,0,0,0,0,0,0,0,2,0,2,0,0,0,0,0,2,2,0,0,0,0,0,0,2,2,0,0,0,0,0,0,4,6,4,4,4,4,4,4,4,2,0,0,0,0,0,0,0,0,0,0,0,0,0,0,0,0,0,0,0,0,0,0,0,0,0,0,0,0,0,0,2,4,4,4,4,4,4,4,4,4,4,4,4,4,4,4,4,4,4,4,4,4,4,4,6,4,0,0,0,0,0,0,0,0,0,0,0,0,0,0,0,0,0,2,4,4,2,0,4,4,4,6,10,8,4,4,8,22,18,20,10,24,114,255,255,255,222,255,255,76,24,12,24,56,68,102,102,68,48,32,24,24,16,18,58,96,124,118,78,4,74,88,76,48,24,16,12,22,30,80,86,26,58,94,72,40,58,80,132,130,70,28,14,14,18,34,24,22,68,92,106,92,44,12,68,132,82,34,10,72,68,10,26,58,110,118,106,52,54,94,108,92,54,28,26,34,86,146,154,106,50,26,34,82,162,152,140,114,26,66,126,206,248,186,92,94,54,110,128,38,58,120,186,192,108,122,92,128,128,104,78,56,28,14,10,12,10,14,24,26,18,18,10,70,158,148,90,38,42,68,152,162,186,200,180,188,186,156,144,146,122,156,158,186,130,74,84,72,114,18,246,255,255,96,166,255,255,172,116,132,118,106,178,166,6,184,232,160,112,72,225
180,84,90,14,96,110,6,20,16,16,28,20,24,28,36,20,4,8,16,28,40,64,94,98,76,70,58,46,54,60,60,54,38,62,58,32,12,8,10,6,10,6,6,6,6,6,4,8,6,8,8,26,96,146,130,142,98,134,196,130,62,36,86,70,96,34,54,108,208,255,255,255,255,92,86,40,102,152,130,50,14,8,4,6,8,4,6,8,10,6,8,8,2,8,10,4,4,6,8,8,8,6,2,2,8,8,8,8,10,14,14,10,6,4,6,6,8,10,8,2,6,8,4,0,4,10,12,6,10,4,2,6,8,6,12,10,4,8,4,4,4,2,4,6,8,8,8,10,8,4,4,6,8,8,6,4,6,6,6,4,4,2,6,4,0,2,6,6,2,2,2,4,4,2,2,2,2,0,4,4,0,0,0,2,4,4,2,2,4,4,6,6,2,0,0,0,0,0,0,0,0,0,0,0,0,0,0,2,2,2,0,2,4,4,4,6,6,4,4,4,4,4,4,6,6,4,4,4,4,4,4,6,4,0,0,0,0,0,0,0,0,0,0,0,0,0,0,0,0,0,0,0,0,0,0,0,0,0,0,0,0,0,0,0,0,0,0,0,0,0,0,0,0,0,0,0,0,0,0,0,0,0,0,0,0,0,0,0,0,0,0,0,0,0,0,4,4,0,0,0,0,0,0,0,0,0,0,0,0,0,0,0,0,0,0,0,0,0,0,0,0,0,4,6,6,6,6,10,18,18,8,66,66,20,156,255,255,255,255,248,108,28,16,22,34,54,92,88,78,70,52,28,14,20,26,34,56,80,82,82,34,48,88,94,64,30,12,4,6,16,72,118,92,32,62,86,56,20,48,80,82,60,64,28,42,14,14,8,34,18,58,96,102,80,44,46,102,94,52,60,98,126,82,8,56,110,158,156,122,54,42,110,116,80,40,20,10,32,94,156,170,130,84,82,50,88,172,164,118,48,26,86,156,194,190,124,34,38,76,132,130,44,32,64,118,60,32,56,100,124,96,74,54,20,24,24,18,16,28,30,30,14,14,38,48,80,116,88,44,66,208,255,255,255,255,254,146,118,124,48,48,22,48,74,124,78,76,90,124,198,255,104,242,255,214,26,224,255,240,120,146,150,122,220,255,148,132,228,246,152,64,216
177,86,46,28,96,76,16,24,24,40,60,62,72,74,90,72,32,14,22,34,52,78,94,64,54,48,34,14,16,16,6,12,34,48,40,24,12,8,12,14,14,12,10,8,8,8,8,10,18,10,14,2,52,134,120,138,150,90,154,114,118,86,136,118,96,56,142,255,255,255,255,255,58,40,36,156,194,134,50,12,20,2,2,6,8,4,6,6,8,2,6,8,4,10,14,6,6,4,6,8,6,2,0,6,14,12,10,4,6,6,8,4,2,10,10,4,4,10,12,0,6,6,4,0,2,8,12,6,8,4,4,6,4,4,10,4,8,6,6,8,10,6,6,6,8,8,6,8,10,6,4,4,4,4,4,4,6,4,2,2,2,4,6,2,0,4,6,2,0,2,6,6,6,6,2,0,0,0,4,4,0,0,0,0,0,0,0,4,6,4,4,2,0,0,0,0,0,0,0,0,0,0,0,0,0,0,0,0,0,2,4,6,6,4,4,6,6,4,4,4,4,4,4,6,6,4,4,4,4,4,4,4,2,0,0,0,0,0,0,0,0,0,0,0,0,0,0,0,0,0,0,0,0,0,0,0,0,0,0,0,0,0,0,0,0,0,0,0,0,0,0,0,0,0,0,0,0,0,0,0,0,0,0,0,0,0,0,0,0,0,0,0,0,0,0,4,4,0,0,0,0,0,0,0,0,0,0,0,0,0,0,0,0,0,0,0,0,0,0,0,0,0,2,6,8,8,8,12,10,14,44,122,106,122,30,162,255,255,255,255,220,82,28,22,8,18,52,52,36,62,58,50,36,28,14,2,16,54,84,110,82,24,68,102,82,40,26,18,22,40,54,114,122,52,40,90,108,48,40,90,100,94,80,42,26,26,12,28,30,34,38,92,100,96,80,46,78,132,168,130,136,142,120,28,34,68,128,144,124,92,20,86,122,108,80,54,28,32,48,112,154,142,100,56,60,72,132,170,138,86,16,28,80,114,116,116,48,40,64,110,176,138,38,16,72,84,62,96,96,68,74,70,48,26,18,8,6,8,10,10,60,90,118,148,136,142,132,80,86,168,255,255,238,172,154,182,92,82,110,84,64,62,42,64,122,122,54,74,128,178,255,255,162,160,208,138,60,226,252,196,178,198,168,234,255,255,154,154,194,184,100,219
170,124,50,70,146,108,66,58,60,72,90,90,94,78,106,104,56,16,10,24,38,56,70,42,54,58,52,38,40,46,54,68,70,62,44,22,10,10,16,14,14,12,10,8,10,10,10,4,12,16,12,14,74,124,100,122,122,154,162,152,164,92,90,50,56,200,255,255,255,255,255,78,28,76,178,172,90,30,6,6,4,10,8,8,6,6,8,8,12,4,8,12,8,10,16,10,2,0,2,4,4,6,2,8,12,4,2,4,8,10,10,4,2,14,10,6,6,6,14,0,6,4,6,2,0,4,6,6,12,10,10,12,8,4,8,2,4,4,4,4,8,8,2,4,6,6,4,2,6,4,0,0,0,0,0,2,6,6,4,4,2,6,4,0,2,6,4,0,0,4,6,2,2,6,4,0,0,0,4,4,0,0,0,0,0,0,0,4,6,4,2,0,0,0,0,0,0,0,0,0,0,0,0,0,0,0,0,2,4,6,6,4,2,0,0,2,4,4,4,4,4,4,4,4,2,0,0,0,0,0,0,0,0,0,0,0,0,0,0,0,0,0,0,0,0,0,0,0,0,0,0,0,0,0,0,0,0,0,0,0,0,0,0,0,0,0,0,0,0,0,0,0,0,0,0,0,0,0,0,0,0,0,0,0,0,0,0,0,0,0,0,0,0,0,0,4,6,4,4,4,4,4,4,4,2,0,0,0,0,0,0,0,0,0,0,0,0,0,0,0,0,0,0,2,6,6,6,12,6,16,50,92,46,76,68,40,230,255,255,255,255,160,28,28,44,50,100,90,26,48,88,60,22,12,22,26,14,24,72,124,142,90,28,78,90,56,38,22,20,22,10,62,100,70,4,68,114,88,14,84,116,130,102,74,18,44,32,38,52,30,24,58,104,118,106,72,108,156,168,100,116,132,112,54,16,8,44,80,86,86,32,52,98,102,82,62,30,4,26,76,124,134,98,82,76,36,56,150,172,142,74,28,34,94,118,126,88,48,26,62,144,192,114,24,56,70,38,78,54,12,76,120,98,50,40,28,28,30,28,38,100,144,180,212,202,208,204,164,172,202,198,200,90,96,98,160,194,66,24,60,32,60,86,78,20,80,38,116,146,172,170,255,255,68,168,204,110,60,168,192,156,178,146,176,255,255,190,84,116,188,176,214
162,156,52,66,124,80,84,92,70,78,86,72,50,34,58,78,52,14,6,30,48,68,90,80,86,80,64,46,42,46,56,56,44,30,16,4,8,10,10,6,8,8,6,6,10,10,10,8,6,16,20,40,110,120,94,94,100,156,92,144,126,10,68,134,255,255,255,255,255,196,36,98,108,172,154,44,26,18,6,8,10,8,4,4,2,4,10,10,16,12,14,14,8,8,12,12,6,0,2,6,4,4,6,10,8,8,6,4,4,10,12,8,4,14,4,6,8,4,16,6,10,4,4,2,0,4,6,10,12,6,8,12,10,4,4,2,2,0,0,2,4,4,2,4,4,4,4,0,4,4,0,2,4,4,4,6,8,8,6,6,4,6,2,0,4,6,2,0,0,4,6,2,2,6,4,0,0,0,4,4,0,0,0,0,0,0,0,2,4,6,4,0,0,0,0,0,0,0,0,0,0,0,0,0,0,0,0,2,4,4,2,0,0,0,0,0,0,0,0,0,0,0,0,0,0,0,0,0,0,0,0,0,0,0,0,0,0,0,0,0,0,0,0,0,0,0,0,0,0,0,0,0,0,0,0,0,0,0,0,0,0,0,0,0,0,0,0,0,0,0,0,0,0,0,0,0,0,0,0,0,0,0,0,0,0,0,0,0,0,0,0,0,0,0,0,2,4,4,4,4,4,4,4,6,4,0,0,0,0,0,0,0,0,0,0,0,0,0,0,0,0,0,0,0,4,6,4,8,6,6,58,132,116,108,96,36,126,255,255,255,255,255,82,36,34,30,88,110,68,24,108,108,56,16,12,12,28,34,48,84,120,114,38,62,110,96,58,14,8,12,16,22,82,102,64,8,76,96,42,20,72,110,78,60,64,30,34,18,32,26,52,14,70,116,108,62,80,120,118,52,76,136,110,88,54,34,46,60,102,102,64,50,58,84,78,60,30,30,40,42,80,104,84,94,88,54,24,86,136,130,106,58,4,62,136,164,118,74,92,60,36,94,146,64,54,62,12,84,76,44,50,140,170,112,64,36,28,24,20,24,84,136,170,174,126,108,92,76,112,148,134,172,88,140,130,134,186,40,56,28,60,54,42,52,50,44,2,82,114,142,114,116,255,168,106,255,228,102,36,96,54,54,38,34,152,218,208,126,18,128,182,200
150,176,56,70,88,80,98,114,74,54,54,22,28,70,94,90,52,16,2,16,32,46,60,60,54,46,30,18,16,18,18,8,4,8,8,8,8,6,2,4,4,6,4,2,4,6,6,12,8,8,14,80,150,144,126,38,70,10,38,136,108,68,158,255,255,255,255,255,78,50,38,76,98,84,48,14,26,24,8,6,10,8,4,4,4,4,8,6,12,12,8,6,2,4,6,8,8,2,0,2,6,6,12,12,6,6,6,4,6,10,10,10,10,10,8,10,8,4,14,10,14,10,6,2,0,2,4,10,6,0,4,8,6,4,6,4,4,4,4,6,4,2,2,4,4,4,4,0,4,6,4,6,4,0,2,4,6,6,4,4,4,2,0,2,6,4,0,0,0,2,6,6,6,6,2,0,0,0,4,4,0,0,0,0,0,0,2,4,4,6,4,0,0,0,0,0,0,0,0,0,0,0,0,0,0,0,0,2,6,6,4,2,0,0,0,0,0,0,0,0,0,0,0,0,0,0,0,0,0,0,0,0,0,0,0,0,0,0,0,0,0,0,0,0,0,0,0,0,0,0,0,0,0,0,0,0,0,0,0,0,0,0,0,0,0,0,0,0,0,0,0,0,0,0,0,0,0,0,0,0,0,0,0,0,0,0,0,0,0,0,0,0,0,0,0,0,0,0,0,0,0,0,0,4,4,0,0,0,0,0,0,0,0,0,0,0,0,0,0,0,0,0,0,0,2,6,6,4,4,8,18,78,94,76,60,20,72,176,255,255,255,255,214,66,16,14,52,100,106,44,54,108,78,34,26,32,34,28,12,30,62,88,56,30,102,122,100,46,14,6,10,24,60,114,114,42,48,92,82,38,30,100,112,94,90,42,74,48,50,30,34,24,28,98,110,62,36,78,112,82,60,130,138,134,94,22,8,54,128,148,108,40,22,80,104,94,64,32,14,16,42,78,90,98,80,70,82,122,100,56,84,64,44,30,102,158,132,56,78,34,18,36,160,134,42,56,32,38,38,34,56,78,160,148,92,54,26,8,8,12,90,148,148,98,34,24,16,26,70,104,104,154,114,106,224,198,162,110,40,62,44,46,32,56,80,80,46,130,174,162,100,70,126,214,170,255,255,248,118,100,94,94,120,102,10,116,186,182,84,30,132,194
143,122,44,86,36,98,80,104,76,26,16,22,82,106,98,70,32,10,10,10,6,16,22,18,6,2,4,6,4,6,10,18,20,12,6,6,6,6,6,4,4,4,4,2,6,8,4,8,4,10,28,116,178,182,142,116,118,122,94,154,118,130,255,255,255,255,255,50,62,32,108,66,16,4,12,8,18,16,10,8,6,12,8,8,8,4,6,6,6,8,6,2,0,4,8,6,6,6,2,0,6,16,18,18,22,22,18,14,10,6,6,10,8,8,10,8,4,2,8,14,14,12,10,8,4,4,6,4,2,2,4,8,6,6,8,8,8,8,8,12,14,12,10,6,4,4,6,4,4,4,4,8,8,4,6,6,6,4,4,2,4,0,0,4,6,2,0,2,2,2,2,4,4,2,2,2,2,0,4,4,0,0,0,2,4,4,6,6,4,4,2,0,0,0,0,0,0,0,0,0,0,0,0,0,0,0,0,0,2,4,6,6,2,0,0,0,0,0,0,0,0,0,0,0,0,0,0,0,0,0,0,0,0,0,0,0,0,0,0,0,0,0,0,0,0,0,0,0,0,0,0,0,0,0,0,0,0,0,0,0,0,0,0,0,0,0,0,0,0,0,0,0,0,0,0,0,0,0,0,0,0,0,0,0,0,0,0,0,0,0,0,0,0,0,0,0,0,0,0,0,0,0,0,4,4,0,0,0,0,0,0,0,0,0,0,0,0,0,0,0,0,0,2,2,2,2,6,8,4,4,8,16,38,30,14,6,42,108,250,255,255,255,255,164,50,16,34,84,124,110,34,58,98,70,22,14,16,26,18,28,58,106,106,46,36,96,106,62,12,16,20,22,6,60,94,96,80,124,126,78,18,60,124,152,144,92,60,26,8,48,74,58,62,100,132,90,24,92,142,134,76,52,138,154,118,52,26,32,82,120,96,54,44,68,120,124,104,72,36,34,32,62,106,116,96,122,142,112,46,36,60,64,54,18,58,110,194,192,122,98,90,84,116,160,130,36,12,6,26,44,72,42,98,128,110,86,52,12,18,28,82,174,212,166,54,18,10,26,70,104,122,150,118,56,214,255,160,128,84,100,26,22,44,72,92,64,40,100,186,224,166,136,176,240,194,132,255,255,210,132,114,88,110,110,56,28,126,190,170,98,72,189
154,156,100,142,66,132,66,52,46,18,10,20,62,64,48,24,4,6,12,10,12,8,12,14,10,8,8,6,4,6,10,12,6,8,6,10,8,6,8,2,6,0,8,6,10,14,6,4,8,12,70,148,220,255,184,208,104,92,110,94,98,255,255,255,255,255,20,38,60,128,88,18,8,8,14,14,12,10,8,8,8,6,4,6,6,0,4,10,4,10,10,4,10,14,20,14,8,10,8,4,12,20,18,22,20,18,12,6,10,12,10,14,8,6,6,8,8,2,2,6,2,10,6,2,4,2,4,2,2,2,4,8,10,14,16,14,12,8,8,10,10,8,12,8,6,6,6,6,4,2,4,6,6,4,6,8,8,4,4,2,4,4,4,2,6,4,2,2,2,0,4,4,4,2,2,2,4,2,4,4,0,0,2,4,4,4,6,6,6,6,6,2,6,6,4,8,8,6,6,6,6,6,6,4,4,4,2,2,8,8,4,2,6,6,6,2,4,4,6,6,4,2,2,4,4,2,6,6,4,2,4,4,2,2,2,8,8,4,6,6,6,6,4,4,2,0,2,2,2,2,2,2,2,2,6,6,4,4,2,2,2,2,0,0,0,0,0,0,0,0,0,0,0,0,0,0,0,0,0,0,0,0,0,0,0,0,0,0,0,0,0,0,0,0,0,0,0,0,0,0,0,0,0,4,6,4,4,4,4,4,4,4,4,4,2,0,0,2,4,4,4,4,4,0,2,0,2,12,6,4,4,2,6,14,12,6,18,64,146,255,255,255,255,255,106,24,8,42,82,104,60,16,88,100,56,62,68,80,64,14,44,102,120,90,20,72,114,100,52,14,10,22,52,120,160,160,108,128,152,112,34,26,70,128,126,72,26,34,48,78,54,26,28,26,86,108,74,38,102,118,114,64,94,152,132,88,40,12,28,80,88,56,44,10,84,114,112,98,44,20,8,32,104,114,62,84,58,68,44,46,106,104,82,20,82,210,255,238,122,78,56,100,48,52,108,74,32,30,46,52,50,58,100,128,126,112,92,52,52,58,22,132,202,200,112,34,18,24,54,146,174,122,76,62,88,255,210,58,66,36,24,26,32,60,82,88,42,50,92,134,148,136,196,198,190,134,255,255,255,130,62,46,68,80,58,20,68,158,186,160,46,186
169,110,108,150,74,154,120,70,66,30,22,18,58,80,58,24,4,4,8,8,10,12,12,10,10,4,4,4,2,4,6,2,2,2,6,10,6,6,8,8,8,12,10,8,16,20,12,16,10,38,86,166,228,244,82,182,52,20,142,32,255,255,255,255,255,24,36,74,118,74,12,8,8,14,16,16,12,12,16,14,6,4,0,4,6,0,6,8,6,18,10,12,10,2,14,18,10,8,8,4,10,12,14,18,6,20,22,18,12,8,8,12,4,12,6,2,6,2,2,4,10,14,8,6,2,2,8,10,12,10,10,8,10,10,10,8,10,6,6,8,8,2,6,6,4,4,2,4,6,6,6,4,6,6,6,8,6,0,4,8,6,2,2,2,4,6,6,4,4,4,2,8,8,4,6,4,4,2,4,6,4,2,4,6,8,16,12,8,8,6,12,0,6,12,10,10,6,8,10,18,10,16,28,26,26,30,26,28,36,42,40,36,34,38,32,24,20,18,22,18,16,12,10,6,4,4,8,4,10,6,6,8,2,2,4,6,10,4,6,12,4,8,2,4,0,4,6,2,6,4,8,2,10,8,16,2,12,6,6,4,2,4,4,4,2,0,0,0,0,0,0,0,0,0,0,0,0,0,0,0,0,0,0,0,0,0,0,0,0,0,0,0,0,0,0,0,0,0,0,0,0,0,0,2,4,4,4,4,4,4,4,4,4,4,2,0,0,2,4,4,4,6,6,2,2,0,0,8,8,2,4,2,8,10,10,4,12,44,76,186,255,255,255,255,194,68,8,24,36,76,60,74,112,184,168,190,212,212,204,128,36,58,102,92,68,68,124,118,90,56,36,30,68,116,144,140,58,90,118,112,54,32,4,48,86,60,36,28,4,46,72,74,78,74,54,72,120,62,10,80,138,110,40,96,130,122,94,54,18,60,130,110,100,96,44,66,86,94,60,14,12,26,46,88,38,38,92,140,116,158,214,244,154,84,78,236,246,204,158,204,146,160,112,38,68,118,62,28,30,32,20,10,50,96,122,112,106,88,82,96,44,74,144,176,128,42,12,24,38,144,255,255,188,184,178,186,194,48,58,92,28,38,32,58,20,74,56,92,78,36,88,108,130,124,144,114,60,255,255,182,124,90,110,130,104,72,8,80,140,164,128,178
181,68,110,128,42,114,114,66,84,68,68,64,86,82,44,18,6,6,8,6,2,8,12,12,12,10,6,6,4,4,4,0,0,2,6,4,0,2,6,8,20,14,12,6,20,20,12,22,16,52,102,162,170,186,134,202,86,122,92,202,255,255,255,222,18,22,80,108,60,8,18,10,6,10,6,6,8,8,8,10,4,4,0,4,8,4,8,4,10,6,14,12,8,14,6,14,16,12,14,12,16,18,14,12,8,22,16,10,6,6,8,10,8,12,4,8,8,2,4,4,10,10,10,10,6,8,14,12,8,10,12,12,6,2,2,6,6,8,8,12,10,4,4,4,2,6,4,6,8,6,2,0,4,6,4,6,6,6,6,6,6,6,6,8,8,4,4,10,12,6,4,4,4,4,6,8,2,4,4,0,4,10,10,6,4,10,8,4,16,18,28,44,56,62,80,92,106,132,154,150,148,178,196,184,184,208,202,200,198,192,196,202,192,202,208,196,174,168,142,136,122,96,88,78,68,62,56,52,46,32,24,14,6,8,4,6,14,6,12,4,6,2,12,10,10,6,8,4,6,4,6,2,10,6,10,8,6,4,2,6,6,4,2,2,2,0,0,0,0,0,0,0,0,0,0,0,0,0,0,0,0,0,0,0,0,0,0,0,0,0,0,0,0,0,0,0,0,0,0,0,0,0,0,0,0,0,0,0,0,0,0,2,6,6,2,0,0,2,6,6,2,4,4,0,0,0,0,4,6,4,6,4,4,4,8,8,12,36,58,108,255,255,255,255,255,116,28,76,80,120,198,255,255,255,255,255,255,255,255,255,166,36,60,98,98,8,86,106,88,64,38,10,50,86,110,96,24,72,116,136,132,70,32,24,96,110,98,94,76,74,76,80,70,58,46,30,124,130,58,42,124,140,84,80,64,100,100,68,32,28,118,146,122,118,82,34,102,110,102,38,4,10,22,58,76,62,154,206,234,236,192,255,240,188,54,254,255,222,190,220,255,208,182,84,72,152,168,78,28,30,4,28,40,44,82,84,98,114,106,128,106,66,118,136,126,84,52,74,88,86,232,255,255,255,255,255,170,38,68,122,68,32,20,58,34,88,46,64,42,84,106,86,64,82,48,110,96,130,128,136,114,70,74,106,98,78,48,10,78,136,150,195
191,18,102,110,28,82,102,74,100,86,74,76,82,72,38,18,8,4,8,8,6,10,10,6,8,8,2,4,4,4,6,2,0,2,4,2,0,0,2,10,12,6,10,14,22,14,4,6,14,80,122,132,130,142,174,114,50,52,168,255,255,255,170,48,16,72,90,58,14,8,10,4,6,10,10,8,8,8,10,12,6,6,2,2,6,4,4,4,2,16,14,16,10,6,18,12,18,12,16,22,26,28,24,12,12,16,10,8,6,4,4,6,10,6,2,6,2,2,8,6,10,10,12,12,8,8,12,6,2,4,8,12,14,12,10,12,8,12,8,14,12,4,4,4,2,6,4,6,6,4,0,0,2,6,6,4,2,2,4,8,6,6,4,4,2,8,8,4,4,4,6,6,2,2,8,8,10,4,4,6,12,24,38,64,82,90,118,148,166,182,204,244,255,255,255,255,255,255,255,255,255,255,255,255,255,255,255,255,255,255,255,255,255,255,255,255,255,255,255,255,255,255,255,255,255,232,226,216,188,168,162,130,68,24,8,6,4,6,12,4,8,6,4,4,8,8,10,4,6,2,4,4,8,10,12,4,12,12,10,6,4,2,4,4,2,0,0,0,0,0,0,2,4,4,4,4,4,4,4,4,2,0,0,0,0,0,0,0,0,0,0,0,0,0,0,0,0,0,0,0,0,0,0,0,0,0,0,0,0,0,0,4,6,2,0,0,0,0,2,6,4,4,6,2,0,0,0,2,6,6,4,2,2,4,8,0,14,8,48,82,160,255,255,255,255,196,90,184,252,255,255,255,255,255,255,255,255,255,255,255,255,174,34,88,156,130,26,84,100,76,46,6,44,96,158,156,112,42,76,144,174,122,48,38,90,134,134,102,44,12,20,18,52,52,66,64,84,140,90,28,84,142,138,120,78,52,52,70,54,26,28,90,94,68,96,52,108,124,114,96,52,56,62,88,168,182,176,255,255,168,178,255,255,255,124,162,254,248,236,46,138,148,144,50,50,62,140,134,24,40,12,24,24,36,40,24,106,162,208,226,228,120,164,114,94,94,84,82,60,78,122,234,252,255,255,255,255,218,86,60,92,54,24,16,18,36,68,106,104,74,116,26,48,30,58,98,124,190,178,142,124,90,80,84,64,64,52,28,10,66,88,198
192,12,122,102,24,48,70,60,68,50,36,40,38,30,12,4,4,4,4,6,10,12,10,2,2,4,0,4,4,2,6,4,0,2,6,6,2,0,0,8,8,8,4,16,16,4,10,2,52,110,112,80,74,106,84,84,32,130,255,255,255,200,40,6,90,82,42,4,14,6,4,8,10,10,8,6,6,6,8,8,4,6,6,4,2,4,4,6,4,14,6,14,8,8,16,2,12,10,10,12,10,8,2,14,16,6,6,10,8,4,6,10,8,8,6,4,2,8,14,8,10,8,10,10,8,8,10,6,4,10,10,8,12,14,12,12,6,10,6,16,16,6,6,4,6,8,8,6,6,6,4,4,4,4,6,6,8,8,12,14,10,4,10,14,12,4,4,6,4,10,14,18,14,4,6,10,32,72,112,148,188,236,255,255,255,255,255,255,255,255,255,255,255,255,255,255,255,255,255,255,255,255,255,255,255,255,255,255,255,255,255,255,255,255,244,255,255,255,255,255,255,255,255,255,255,255,255,255,255,255,255,255,255,138,48,6,26,40,68,82,78,56,26,10,12,14,6,0,6,4,2,6,4,2,4,8,4,4,8,10,8,2,4,4,4,4,4,4,4,4,4,6,6,4,4,4,4,4,4,6,4,0,0,0,0,0,0,0,0,0,0,0,0,0,0,0,0,0,0,0,0,0,0,0,0,0,0,0,0,0,0,4,6,2,0,0,0,0,2,6,4,2,6,6,4,2,0,0,2,6,6,2,0,2,4,10,0,12,20,46,88,216,255,255,255,255,255,255,255,255,255,255,255,255,255,254,202,242,255,255,255,255,106,34,90,122,64,50,118,116,84,28,12,50,132,154,122,88,64,118,140,124,90,58,42,76,100,68,58,68,54,40,58,30,26,64,42,86,86,92,98,128,146,164,152,76,36,74,60,36,40,40,74,88,76,50,38,86,92,88,82,94,138,184,220,202,218,255,214,146,220,255,255,255,244,140,240,190,168,112,184,212,166,42,62,28,74,116,58,38,28,36,48,58,42,46,192,238,250,255,255,244,222,132,70,28,16,34,30,64,94,94,140,184,198,210,255,255,240,70,44,52,76,104,104,96,62,62,40,16,106,132,70,116,152,142,186,218,154,80,66,74,52,46,60,86,88,80,46,36,100,194
190,44,146,84,18,16,22,30,18,12,2,6,0,4,6,6,4,4,4,4,6,10,14,10,6,4,0,4,4,2,6,4,0,0,2,6,4,2,4,4,4,2,14,18,10,6,10,24,98,122,106,58,54,84,76,78,138,255,255,255,166,26,34,92,94,30,10,22,10,6,8,14,16,4,4,4,4,4,4,2,2,0,4,4,0,4,4,4,4,12,10,12,2,10,16,12,14,16,12,4,4,10,18,22,10,6,8,10,10,6,6,10,6,10,8,4,8,14,16,8,12,12,12,12,10,8,6,8,12,18,12,6,4,8,6,4,2,6,6,16,16,6,10,6,8,10,10,8,6,4,4,4,6,4,4,8,8,4,8,4,10,16,14,12,14,8,8,12,20,30,30,36,72,128,178,238,255,255,255,255,255,255,255,255,255,255,255,255,255,255,255,255,255,255,255,255,255,255,240,244,224,224,208,212,214,202,166,146,142,162,144,116,116,94,32,38,52,106,172,184,232,240,240,255,255,255,255,255,255,255,255,255,255,255,178,66,100,146,218,232,236,216,172,126,100,82,54,30,20,18,14,4,2,4,6,4,2,4,4,4,2,4,2,2,4,4,4,4,4,4,4,4,2,0,0,0,0,0,0,4,4,0,0,0,0,0,0,0,0,0,0,0,0,0,0,0,0,0,0,0,0,0,0,0,0,0,0,0,0,0,0,2,6,6,2,0,0,2,6,6,2,0,2,4,6,6,2,0,0,2,6,6,4,2,0,6,10,10,6,30,62,144,255,255,255,255,255,255,255,255,255,255,128,14,28,26,42,30,196,255,255,255,255,120,64,100,82,16,84,116,96,40,16,26,86,136,132,116,90,100,152,158,124,60,38,52,94,78,62,30,22,32,52,66,86,108,104,76,82,96,54,30,34,62,96,66,26,84,106,66,38,18,72,144,142,118,74,32,94,68,76,112,162,188,196,246,255,255,144,66,32,140,255,255,255,140,226,166,114,122,255,255,170,78,98,44,68,120,122,78,54,54,58,38,12,72,186,166,156,230,255,255,228,192,122,100,90,68,4,42,90,94,88,102,110,74,232,255,255,172,114,190,208,214,172,196,130,106,102,88,102,170,172,216,196,158,170,144,110,124,64,42,66,54,42,70,90,108,90,16,106,204
187,78,136,46,16,12,14,12,4,8,4,4,2,2,4,2,0,0,2,6,8,6,4,8,8,6,4,8,8,8,10,6,4,4,4,6,6,8,10,8,6,14,22,18,4,8,12,64,136,150,136,60,84,32,130,244,255,255,255,208,54,30,80,46,18,16,18,6,12,4,14,10,20,8,8,8,8,8,8,4,6,8,8,10,6,8,6,4,10,6,2,2,6,18,24,26,22,20,18,14,8,10,12,6,2,4,10,10,8,4,4,6,4,8,8,4,14,16,14,8,12,18,16,12,12,10,12,10,16,10,6,4,6,8,6,4,2,4,4,12,14,8,12,10,4,6,6,6,4,0,0,2,6,4,4,8,12,14,14,12,22,12,4,8,4,28,52,90,138,188,248,255,255,255,255,255,255,255,255,255,255,255,255,255,255,255,255,255,255,250,242,218,186,164,148,142,124,108,106,92,82,86,54,28,22,26,38,74,90,132,188,244,254,220,228,234,240,188,138,52,56,72,74,86,92,94,116,154,168,174,214,255,255,255,255,216,228,255,255,255,255,255,255,255,255,238,200,160,116,88,80,58,36,28,28,22,12,6,0,6,6,2,4,8,8,4,4,4,4,4,4,4,2,0,0,0,0,0,0,4,6,4,4,4,4,4,4,4,2,0,0,0,0,0,0,0,0,0,0,0,0,0,0,0,0,0,0,0,0,0,0,0,2,6,6,4,4,6,6,2,0,0,0,0,2,6,4,0,0,0,2,4,6,6,4,6,8,12,24,26,50,92,240,255,255,255,255,255,250,78,18,38,36,8,34,30,54,6,4,255,255,255,255,255,106,44,122,96,62,64,86,56,34,38,44,112,168,166,104,28,134,158,158,128,72,36,70,100,114,82,60,50,70,82,68,60,74,22,86,126,98,78,54,64,74,68,38,24,88,82,26,30,44,120,144,108,98,56,98,98,128,132,140,142,146,174,154,62,50,132,168,186,150,176,236,116,214,140,70,254,255,246,140,160,202,168,52,50,126,148,122,102,102,90,48,72,182,178,148,100,148,192,182,180,88,32,42,78,94,112,120,104,96,76,44,30,80,236,255,176,146,224,216,190,142,206,182,122,158,168,158,162,164,212,186,148,136,116,110,170,166,104,30,54,24,24,46,88,110,62,26,216
186,98,116,28,8,8,8,10,8,10,8,2,6,8,6,4,2,2,8,10,10,8,4,8,12,10,6,8,10,12,12,8,6,4,6,8,10,12,10,10,14,20,22,12,6,8,34,108,174,194,150,130,110,66,255,255,255,255,252,14,28,92,46,14,10,2,4,10,8,8,12,6,10,4,2,6,6,6,8,6,10,12,10,10,8,12,10,6,8,4,4,8,12,20,22,18,2,10,12,14,12,8,6,2,6,6,8,10,8,4,4,4,4,8,6,8,16,16,12,10,16,16,14,12,12,10,16,8,6,4,4,6,6,4,6,8,6,4,4,10,12,8,8,10,2,10,10,8,4,0,0,6,10,4,0,4,10,14,16,12,14,20,50,104,182,255,255,255,255,255,255,255,255,255,255,255,255,255,255,255,255,252,218,180,160,154,130,106,88,90,88,68,62,42,32,38,40,28,22,28,40,46,94,140,134,116,158,214,255,255,255,255,255,186,232,190,255,240,212,96,20,28,12,14,24,14,14,14,26,20,38,124,255,255,255,255,255,255,255,252,198,255,255,255,255,255,255,255,255,240,226,188,142,110,92,74,64,56,40,24,6,4,6,2,4,4,4,4,4,4,4,6,4,0,0,0,0,0,0,2,4,4,4,4,4,4,4,6,4,0,0,0,0,0,0,0,0,0,0,0,0,0,0,0,0,0,0,0,0,0,0,2,2,4,4,4,4,4,4,2,2,0,0,0,0,4,4,0,0,0,0,0,2,4,4,2,4,4,10,6,42,64,128,184,216,224,148,28,22,10,22,12,18,18,20,32,36,26,10,70,255,255,255,255,255,104,46,114,64,30,98,110,92,64,20,58,136,174,152,106,142,84,70,108,92,16,48,108,146,102,68,16,62,30,32,60,78,68,76,114,84,68,42,20,52,98,108,62,58,68,56,42,28,30,86,142,168,156,126,144,120,72,28,80,178,224,220,182,246,248,170,142,172,232,162,44,140,40,182,255,255,196,136,158,200,196,126,66,36,72,72,90,60,44,68,38,166,194,210,214,128,142,162,234,208,180,204,220,212,160,150,134,106,76,26,64,144,214,170,122,148,200,168,122,80,150,184,142,162,136,128,136,138,146,124,98,82,82,86,90,126,136,40,56,58,40,36,60,90,84,40,218
187,110,114,18,8,6,4,6,2,4,8,8,4,10,6,4,2,6,10,8,8,6,6,10,12,6,2,2,4,10,8,6,4,2,8,12,14,14,12,14,8,10,18,6,12,22,64,136,188,206,86,160,104,255,255,255,255,188,32,16,64,40,18,22,14,6,6,2,4,8,4,8,6,2,0,6,6,6,6,6,6,6,4,10,4,10,10,4,8,4,8,12,12,30,30,12,20,26,26,22,14,10,10,8,12,8,12,12,6,6,12,10,10,8,6,14,18,12,2,10,18,6,6,4,4,2,10,6,4,8,6,4,2,4,2,2,4,6,6,10,10,6,12,10,4,8,14,8,2,4,4,6,6,4,2,6,10,20,46,112,194,255,255,255,255,255,255,255,255,255,255,255,255,255,255,255,224,174,140,110,92,76,60,52,42,32,28,30,10,34,22,54,72,56,52,54,60,64,50,20,46,88,206,255,210,234,230,255,255,236,134,96,42,42,114,86,164,194,200,94,18,28,8,8,20,14,30,22,24,14,14,30,142,228,255,254,168,164,128,110,78,102,170,190,212,240,238,252,255,252,255,255,242,218,200,180,158,142,116,74,34,12,4,4,12,12,6,6,6,6,6,4,4,4,4,4,4,2,0,0,4,8,8,4,4,2,4,8,4,0,0,0,0,0,0,0,0,0,0,0,0,0,0,0,0,0,0,0,0,0,0,2,0,2,0,0,0,0,2,0,2,0,0,0,0,4,6,4,4,4,2,0,0,0,0,4,4,8,6,8,22,32,40,36,36,22,6,14,16,12,18,22,6,20,20,30,54,42,12,4,172,255,255,255,255,255,100,38,80,92,124,144,120,94,50,52,94,168,178,184,168,100,46,50,78,38,52,50,100,60,74,58,72,64,38,38,38,48,46,78,80,82,66,26,34,80,136,102,28,48,104,86,88,120,180,214,182,140,116,86,108,88,58,90,148,200,170,154,210,186,172,182,172,144,46,48,156,110,255,255,214,128,98,104,160,194,178,134,82,180,224,178,96,42,48,50,96,202,218,200,128,238,255,255,255,242,224,198,162,94,92,84,50,36,36,122,176,188,130,44,74,106,106,82,36,34,84,88,92,60,48,70,68,64,60,48,38,34,28,28,72,138,118,30,22,38,52,42,66,86,74,217
187,118,108,12,12,8,10,2,6,4,2,6,6,6,4,2,4,8,6,6,6,4,4,12,10,4,4,4,8,10,6,10,8,12,14,16,14,14,14,10,6,6,16,10,12,50,88,124,154,110,74,132,164,255,255,255,166,52,40,74,24,18,24,28,28,2,4,8,6,2,2,10,16,18,16,6,4,8,6,6,6,10,10,12,12,14,12,4,8,4,10,12,4,20,32,14,22,20,16,10,6,8,12,10,16,10,16,6,2,6,16,12,20,14,14,20,18,10,8,14,14,6,8,4,4,2,4,8,8,4,2,0,0,4,6,10,8,8,16,16,12,14,8,10,12,10,12,12,20,18,12,10,8,20,40,92,164,255,255,255,255,255,255,255,255,255,255,255,255,255,255,202,176,154,110,72,40,34,30,24,28,24,24,24,30,20,26,52,32,50,72,154,176,148,132,100,92,112,120,116,44,166,255,255,198,216,100,108,104,140,158,198,212,220,226,254,255,255,232,92,28,34,26,20,34,36,10,2,8,10,10,4,58,122,122,112,66,46,26,68,132,72,44,80,74,104,122,130,132,138,176,204,214,216,212,218,244,255,248,168,72,16,12,54,100,100,116,84,40,20,6,4,4,4,2,10,14,10,6,6,6,6,18,8,8,6,10,10,6,0,0,0,0,0,0,0,0,0,0,0,0,0,0,0,0,0,0,0,0,0,0,2,2,2,0,0,0,0,2,2,2,0,0,0,0,2,4,4,4,6,4,0,0,0,0,4,6,4,8,10,4,4,4,8,8,10,10,8,10,6,8,8,16,12,28,6,42,50,22,10,40,255,255,255,255,255,232,58,96,66,44,88,88,84,40,16,54,106,120,144,120,130,76,42,64,66,58,32,82,76,58,42,32,60,18,38,60,66,62,46,44,76,84,58,44,8,68,74,42,66,118,170,176,168,160,142,84,60,74,76,104,174,188,128,44,94,88,148,186,140,122,152,74,46,48,76,154,208,255,242,144,68,50,58,132,212,240,186,186,255,254,150,156,124,26,66,46,60,158,200,170,255,255,255,194,142,96,54,24,8,18,10,30,28,60,106,110,84,70,36,66,146,160,134,86,28,32,48,50,40,40,28,20,16,22,18,14,12,4,10,46,116,150,120,62,76,30,22,70,100,88,209
186,128,86,16,8,10,12,4,6,0,0,0,0,0,0,6,10,6,2,6,8,6,10,12,8,6,10,10,12,14,12,18,16,16,12,12,8,8,8,4,8,8,14,2,14,62,84,108,130,82,120,68,255,255,255,252,64,50,86,40,22,6,24,18,28,4,6,8,8,10,6,8,12,14,16,12,8,6,2,6,6,10,8,2,2,8,10,8,14,6,6,14,8,12,26,20,14,10,6,4,4,6,6,6,8,8,12,6,12,10,12,4,12,10,14,12,8,4,8,12,12,10,4,6,10,4,4,8,8,4,4,2,2,6,6,6,2,8,22,10,4,14,8,6,4,12,20,16,2,16,8,38,98,198,255,255,255,255,255,255,255,255,255,255,255,255,212,174,140,114,90,62,38,34,16,28,16,14,20,30,32,28,28,16,26,32,66,110,90,118,114,198,255,200,238,166,132,138,146,220,116,206,240,196,70,204,174,194,232,255,255,255,254,255,250,234,255,252,140,38,24,26,36,28,28,40,34,20,14,22,12,12,34,88,110,66,36,8,42,40,104,148,46,54,48,44,82,88,88,104,116,128,130,128,118,102,130,210,255,240,126,20,32,128,232,255,255,255,254,214,172,112,64,24,6,18,14,18,4,4,8,12,4,12,6,10,14,4,10,4,4,4,4,4,4,4,2,0,0,0,0,0,0,0,0,0,0,0,0,0,0,0,0,0,0,0,0,0,0,0,0,0,0,0,0,0,0,0,0,4,4,0,0,0,0,0,0,2,4,2,0,0,0,2,2,2,2,6,4,10,12,12,18,22,34,40,8,58,52,8,18,118,255,255,255,255,255,152,64,144,98,58,68,92,54,44,38,42,40,40,34,74,62,28,88,104,86,32,46,112,130,108,54,20,62,54,42,30,26,42,70,108,120,92,74,50,42,76,70,78,114,108,98,78,34,46,114,128,96,80,40,102,152,134,58,46,90,200,204,142,142,126,66,60,106,100,116,174,178,138,72,24,4,10,40,128,198,156,178,202,170,92,174,194,130,42,24,18,60,122,174,238,198,120,60,20,16,38,48,46,52,54,54,40,28,80,146,172,168,126,40,72,136,116,86,62,42,32,26,30,10,4,6,8,16,24,18,22,20,12,6,62,114,138,80,4,44,56,52,82,80,210
185,142,64,14,6,4,10,4,2,0,0,0,0,0,0,8,10,6,6,4,8,12,12,8,2,4,10,10,12,16,14,16,14,10,6,6,4,4,4,4,10,12,0,12,32,64,94,118,84,46,38,255,255,255,255,22,48,44,44,14,22,20,28,16,18,10,10,12,10,14,14,8,6,16,18,10,2,6,6,8,6,8,8,6,4,4,8,0,10,10,2,8,6,4,14,20,10,12,10,6,4,4,2,6,2,4,6,14,18,14,6,4,6,6,8,2,2,4,4,6,2,4,2,2,2,4,8,6,4,4,6,4,6,8,10,6,2,12,20,12,10,12,8,14,10,0,8,16,56,130,238,255,255,255,255,255,255,255,255,255,255,255,218,164,132,98,56,38,32,18,26,24,26,14,14,40,28,18,18,16,20,26,36,28,36,54,88,146,126,134,76,166,226,140,200,178,106,66,62,124,92,104,198,255,255,255,255,224,236,250,255,216,170,170,166,154,158,112,62,44,30,28,34,28,24,30,32,32,30,20,12,14,20,66,146,122,58,36,18,42,56,140,128,6,60,32,50,52,40,60,70,80,82,80,70,40,16,52,178,255,206,72,28,120,228,255,255,255,255,255,255,255,255,240,162,78,30,26,4,8,8,4,2,8,4,6,4,4,8,4,4,4,4,4,4,6,4,0,0,0,0,0,0,0,0,0,0,0,0,0,0,0,0,0,0,0,0,0,0,0,0,0,0,0,0,0,0,0,0,4,6,2,0,0,0,0,2,6,8,6,4,4,4,6,4,6,4,6,2,8,12,12,24,26,16,50,28,36,68,36,16,10,224,255,255,255,255,252,80,84,114,48,46,100,108,74,30,22,20,30,48,48,78,44,42,86,74,36,38,72,102,104,80,74,72,88,70,52,56,50,32,54,90,86,72,52,2,66,122,152,132,60,30,68,76,68,122,180,204,196,158,170,166,128,114,138,190,208,164,106,156,186,112,46,76,40,30,56,86,118,108,54,44,40,22,46,128,110,90,84,56,16,106,188,192,148,82,84,62,72,108,114,70,82,88,62,46,52,36,32,26,20,2,10,32,50,108,160,184,160,128,56,128,104,78,86,34,12,18,34,24,20,14,10,8,14,10,8,18,22,30,42,72,122,106,56,58,26,26,50,70,209
185,142,34,12,10,10,8,4,0,0,2,4,4,4,4,8,8,2,8,12,14,12,6,6,2,6,8,8,10,12,10,10,12,8,10,4,6,6,4,4,14,10,14,28,68,96,134,128,34,36,255,255,255,255,32,50,8,12,44,62,48,54,2,14,6,6,8,10,6,6,8,12,12,8,10,6,6,10,12,14,12,6,4,4,6,4,10,12,8,6,6,8,8,4,4,10,12,12,8,4,4,4,2,4,4,4,6,22,20,14,8,8,10,18,12,12,6,8,16,8,8,2,4,8,8,8,8,6,4,4,6,8,8,8,10,4,6,12,20,8,2,12,10,12,20,74,152,255,255,255,255,255,255,255,255,255,255,255,226,174,122,74,40,22,18,10,16,10,6,18,18,12,20,10,66,90,74,66,76,68,28,14,28,30,44,82,136,150,92,80,84,108,255,224,100,144,96,120,118,84,76,88,154,220,255,255,198,148,128,116,94,72,58,50,66,64,44,46,56,52,38,38,44,40,42,44,36,38,44,36,14,18,18,20,120,154,80,58,20,40,40,98,170,100,18,40,36,10,10,24,26,42,52,58,58,76,68,58,134,244,255,158,8,148,255,255,182,56,148,244,255,255,255,255,255,255,255,224,122,64,28,4,6,10,6,10,16,4,12,4,4,4,4,4,4,6,4,0,0,0,0,0,0,0,0,0,0,0,0,0,0,0,0,0,0,0,0,0,0,0,0,0,0,0,0,0,0,0,0,2,6,6,4,2,0,2,6,8,8,6,4,4,4,4,2,6,2,4,0,4,8,10,24,40,18,32,48,2,58,74,22,28,46,255,255,255,255,255,218,30,86,96,60,108,118,94,50,34,26,28,10,32,106,126,52,52,56,52,32,14,44,84,106,80,40,30,30,42,46,42,56,62,54,58,58,44,36,42,104,176,186,126,92,142,144,118,158,206,226,228,210,176,168,168,184,190,194,164,120,82,114,182,146,52,54,38,64,70,140,136,126,78,16,8,30,34,88,110,62,26,62,74,12,98,172,172,118,82,86,96,86,48,46,72,90,76,22,14,16,26,24,44,44,32,42,30,30,82,130,124,118,82,102,82,96,120,90,42,10,14,10,14,20,24,30,22,14,16,18,24,24,14,26,88,140,102,40,38,56,56,40,204
188,124,8,8,10,14,10,6,4,4,6,6,6,8,8,6,4,6,12,14,12,8,2,6,8,8,10,12,10,8,6,2,8,8,12,12,12,10,6,8,8,14,10,58,104,126,150,100,64,255,255,255,255,26,52,6,12,74,80,38,46,52,22,10,4,4,8,8,6,8,10,8,10,18,14,6,6,8,6,8,14,4,2,2,6,4,6,10,8,2,4,10,8,6,4,2,2,4,2,2,2,2,4,4,12,12,12,24,20,16,12,14,12,12,6,12,8,10,14,6,12,4,8,6,6,4,4,6,6,4,4,6,6,4,6,2,8,8,16,10,16,32,84,164,255,255,255,255,255,255,255,255,255,255,255,192,136,88,64,38,8,14,24,26,26,20,14,6,34,54,54,68,74,98,142,154,152,138,160,148,84,16,14,20,20,58,156,234,186,66,112,80,232,255,238,255,200,170,100,70,90,134,154,144,120,82,68,72,68,34,26,44,34,18,22,32,32,38,54,54,40,36,42,38,44,52,40,40,52,52,36,34,34,20,68,154,112,74,60,18,38,56,124,150,52,62,18,0,20,16,26,34,38,38,34,50,76,70,82,178,255,252,112,50,228,255,255,255,255,166,60,70,176,255,255,255,255,255,255,255,255,192,68,10,6,14,8,10,4,4,4,4,4,4,4,4,2,0,0,0,0,0,0,0,0,0,0,0,0,0,0,0,0,0,0,0,0,0,0,0,0,0,0,0,0,0,0,0,0,0,2,4,6,6,2,4,6,6,6,2,0,0,0,0,0,4,2,6,2,4,8,10,20,40,40,12,42,24,26,74,64,2,30,124,255,255,255,255,255,156,72,98,30,44,80,70,24,38,46,48,44,56,72,116,82,2,74,108,80,46,46,80,124,126,124,90,90,62,26,18,18,12,28,76,90,78,62,38,38,86,146,128,94,128,104,80,102,164,182,190,188,144,80,96,102,78,66,36,14,28,50,122,128,102,24,50,100,82,118,138,108,78,54,38,38,28,22,56,74,54,44,82,92,10,90,142,138,118,156,156,124,90,30,8,40,62,54,40,38,34,28,32,10,4,14,14,8,54,122,146,112,80,36,44,84,104,102,64,24,28,30,28,30,24,22,28,8,14,8,12,20,14,10,48,140,180,102,94,114,92,62,202
193,94,4,2,8,18,8,4,6,4,6,6,6,6,6,8,6,12,12,8,4,6,6,12,16,12,12,12,10,8,4,4,2,4,6,10,12,8,6,6,4,12,32,100,144,162,156,82,194,255,255,255,68,38,28,8,42,60,26,34,62,38,10,8,6,0,4,6,10,10,10,8,6,14,8,6,12,20,26,18,8,4,2,2,2,0,2,2,6,4,4,6,0,8,10,4,4,2,4,6,6,10,14,14,20,18,18,22,16,12,10,14,6,2,6,8,0,6,6,4,8,10,10,4,6,4,2,8,8,4,2,4,8,10,12,8,4,6,16,92,188,255,255,255,255,255,255,255,255,255,255,242,182,138,84,52,26,8,12,4,16,32,62,76,72,78,82,98,112,132,148,146,166,204,184,202,234,202,250,250,168,62,16,34,10,18,92,200,228,138,136,118,110,192,194,174,134,82,76,40,60,88,96,52,48,42,18,20,60,46,38,58,48,40,28,24,36,42,52,52,44,36,34,34,40,50,48,50,64,72,66,62,68,42,56,142,156,112,86,80,72,106,132,174,106,24,20,8,32,20,20,24,32,34,32,28,46,60,54,114,242,255,230,76,60,174,255,255,255,255,255,255,255,208,60,144,255,255,255,255,255,255,255,168,32,6,4,6,4,0,0,0,0,0,0,0,0,0,0,0,0,0,0,0,0,0,0,0,0,0,0,0,0,0,0,0,0,0,0,0,0,0,0,0,0,0,0,0,0,0,0,0,2,6,4,4,6,6,6,2,0,0,0,0,2,6,4,6,4,2,6,6,10,28,42,26,16,30,6,42,78,50,22,24,218,255,255,255,255,255,44,124,144,70,42,88,60,52,40,32,14,16,38,52,62,64,60,130,116,50,14,78,128,134,130,88,28,18,50,50,60,50,48,78,108,102,94,62,34,48,82,60,14,64,58,50,40,66,94,116,124,86,54,72,122,110,104,76,52,48,36,60,90,94,88,38,32,60,46,98,110,110,64,14,8,16,26,20,32,56,44,18,76,62,8,64,108,136,154,122,132,140,96,42,42,60,52,16,14,4,12,18,20,18,24,20,20,10,58,118,106,72,70,36,44,42,68,76,46,12,2,4,12,16,18,22,8,8,12,14,18,14,0,10,80,168,148,116,130,102,70,210
198,62,8,8,10,12,2,4,4,2,6,6,6,6,6,6,6,10,6,8,6,2,6,16,18,12,10,8,8,6,2,2,8,8,4,6,4,4,10,10,8,8,72,136,184,212,182,162,255,255,255,96,32,30,38,44,28,36,42,62,56,20,4,6,8,8,8,6,6,4,4,4,2,12,8,6,8,6,10,12,6,8,4,6,6,4,6,2,6,4,4,6,8,12,6,4,2,8,8,8,4,10,16,14,18,16,16,16,10,8,10,14,14,10,4,2,6,8,4,2,4,8,12,10,8,8,10,12,6,4,2,2,6,10,14,22,60,136,255,255,255,255,255,255,255,255,255,255,228,164,122,78,50,28,14,8,18,16,20,22,34,82,122,112,82,88,126,158,178,212,210,172,188,202,132,86,106,26,138,210,176,88,24,32,30,14,32,98,156,126,60,42,36,56,10,14,42,106,188,168,204,204,194,164,64,36,38,32,48,38,32,52,36,48,50,28,32,40,48,52,54,48,36,38,50,58,60,62,68,68,58,56,60,66,62,98,166,156,102,170,190,200,244,242,164,40,28,28,18,18,24,30,34,32,24,24,34,46,42,52,148,255,255,176,42,48,122,116,48,56,174,255,255,255,255,255,255,118,142,255,255,255,255,255,108,14,14,12,4,0,0,0,0,0,0,0,0,0,0,0,0,0,0,0,0,0,0,0,0,0,0,0,0,0,0,0,0,0,0,0,0,0,0,0,0,0,0,0,0,0,0,0,0,4,4,2,6,8,8,6,4,4,4,4,4,6,2,4,6,2,4,6,2,10,30,34,10,20,28,6,62,84,28,28,50,255,255,255,255,255,198,62,100,88,40,112,134,114,68,46,48,56,42,24,70,92,32,68,102,62,58,44,76,80,60,64,76,80,60,48,48,32,10,24,60,60,60,38,6,38,80,88,40,102,88,56,28,8,26,70,110,94,46,28,64,66,80,86,32,22,34,54,102,122,132,104,28,24,16,86,170,196,166,86,44,38,28,30,16,56,90,72,52,44,54,48,30,40,44,22,58,112,114,62,14,78,100,70,26,24,18,12,8,6,12,2,4,16,26,78,76,44,16,58,58,60,50,60,68,46,22,18,12,12,10,6,8,14,18,16,26,24,10,2,24,94,110,32,58,58,20,217
201,40,6,10,14,4,2,8,8,6,8,6,4,4,4,4,4,6,8,4,4,8,10,10,8,6,6,4,6,8,6,8,4,8,4,8,8,16,14,10,4,44,128,188,222,230,200,255,255,255,204,26,22,44,70,34,8,14,22,30,18,8,6,6,2,2,0,4,6,8,12,10,6,10,8,6,16,14,16,12,2,4,2,8,8,4,8,8,8,6,4,0,8,6,6,6,4,6,2,6,2,10,14,14,22,18,16,4,4,4,8,6,10,18,18,4,10,8,8,10,8,4,6,6,8,16,12,4,12,8,2,8,16,46,108,242,255,255,255,255,255,255,255,255,255,218,144,96,66,36,18,22,20,14,16,20,48,44,62,28,48,114,136,98,68,82,92,122,136,122,88,60,2,64,132,124,234,198,198,206,134,102,64,46,36,38,64,58,48,84,78,90,150,188,170,162,148,116,138,146,108,196,174,150,82,24,40,30,40,24,24,46,28,38,54,36,36,46,46,48,56,58,52,50,50,46,46,54,68,72,58,52,40,62,70,56,130,206,192,232,255,200,255,255,255,122,22,48,42,54,52,32,34,28,28,30,16,34,38,16,44,184,255,255,112,16,90,128,76,84,94,58,56,224,255,255,255,255,255,255,218,255,255,255,106,24,40,46,62,102,162,178,178,138,94,44,6,16,16,14,2,4,4,6,6,4,4,0,4,4,4,4,4,4,4,2,4,4,4,2,0,0,0,0,0,0,0,0,0,2,4,4,2,4,4,0,4,10,16,12,4,4,4,6,0,6,4,4,4,2,4,8,4,2,14,30,30,4,28,24,36,88,74,28,32,150,255,255,255,255,255,154,80,116,84,92,130,110,68,46,30,22,10,36,72,144,130,38,78,96,52,16,42,90,104,92,56,26,30,38,62,74,52,64,64,44,56,48,28,52,106,108,50,124,148,128,86,48,36,42,92,122,110,76,78,48,22,60,50,54,46,36,48,100,122,106,46,28,86,104,172,230,218,134,56,12,18,26,30,40,62,84,68,20,56,106,120,100,76,48,6,64,112,104,34,44,90,92,28,18,18,20,16,16,10,8,22,20,8,60,104,62,80,102,88,58,14,36,68,56,22,12,16,18,18,24,26,18,20,18,18,10,8,10,10,22,72,50,42,98,66,218
204,34,6,6,8,2,6,12,12,12,12,10,8,6,6,8,6,6,10,6,8,14,12,4,6,12,6,2,4,10,6,14,16,16,4,24,42,48,64,68,74,154,230,255,252,188,255,255,255,255,18,38,30,62,50,8,14,8,2,8,16,16,18,10,16,14,8,4,4,4,4,8,12,8,8,6,4,4,2,4,4,8,8,6,6,6,4,6,6,8,4,6,6,2,10,4,8,2,8,4,6,14,14,18,22,10,14,10,6,6,6,6,6,10,12,10,16,4,12,18,20,16,24,14,6,14,12,10,6,10,38,88,166,255,255,255,255,255,255,255,255,255,212,138,94,60,24,10,8,12,6,4,14,16,14,34,80,76,108,104,68,128,110,40,10,22,20,82,108,144,192,224,236,212,208,148,146,172,182,152,74,84,84,98,108,110,120,98,80,152,192,158,176,204,142,150,64,58,124,248,188,220,214,186,110,32,22,22,34,30,30,42,34,32,40,30,34,50,46,42,44,46,48,50,50,44,42,48,62,74,70,62,46,58,70,58,96,204,255,255,236,160,224,255,255,255,30,54,50,46,66,34,44,54,34,30,20,30,46,44,38,90,255,255,200,98,138,134,68,36,74,104,132,88,22,64,228,255,255,255,255,255,255,255,74,36,94,194,255,255,255,255,255,255,255,255,244,132,66,42,32,18,12,2,6,10,8,6,10,6,2,8,6,4,2,6,6,2,4,8,4,0,0,0,0,0,0,0,0,4,6,6,4,4,4,2,10,12,16,16,4,2,2,6,4,4,4,4,4,2,2,6,8,4,4,18,32,22,8,34,8,56,68,56,20,14,255,255,255,255,255,255,84,84,116,68,82,70,36,20,34,34,44,40,14,68,92,50,92,148,112,56,48,64,98,94,80,82,78,54,30,18,32,36,10,50,92,80,38,68,132,126,62,88,128,134,104,56,28,50,100,140,134,84,12,46,42,60,76,58,26,22,36,56,98,108,78,40,72,56,46,132,164,112,54,46,38,34,26,6,12,24,40,58,50,50,100,94,76,56,38,14,78,136,120,38,46,60,48,12,8,20,16,2,16,26,30,32,34,20,98,120,148,144,110,122,74,12,50,58,34,18,12,8,12,14,4,8,12,14,14,18,22,20,12,14,58,96,52,38,80,220
205,28,8,14,6,8,6,10,4,6,10,10,10,10,10,10,6,6,6,10,14,10,10,6,12,18,4,4,6,10,4,6,16,8,4,36,76,120,164,158,180,252,255,255,212,164,255,255,255,22,52,54,64,62,14,12,8,10,6,4,6,14,22,18,12,14,12,8,4,4,6,6,4,8,12,12,10,6,4,8,6,0,2,2,4,6,8,12,10,14,12,10,6,2,6,10,12,8,10,12,18,20,16,18,12,2,8,16,10,18,6,2,2,16,12,12,6,14,4,10,12,4,8,10,16,12,12,16,46,120,248,255,255,255,255,255,255,255,255,210,150,108,62,26,14,14,14,8,4,6,4,6,8,20,20,48,92,98,98,166,84,112,90,72,96,108,104,126,206,230,218,250,216,174,116,32,6,42,36,16,42,96,122,94,154,156,134,96,100,144,130,38,48,130,140,220,216,198,158,236,236,255,255,202,104,26,26,20,26,32,32,32,34,38,38,26,24,40,42,40,38,36,36,36,44,50,48,48,50,56,60,60,58,60,56,60,80,156,255,255,255,216,36,240,255,255,160,28,48,50,78,54,62,70,56,56,38,30,32,58,70,44,180,255,255,192,142,108,72,56,50,84,116,106,76,80,68,34,80,216,255,255,255,164,22,74,230,255,255,255,255,255,255,255,255,255,255,255,255,255,178,82,34,34,36,26,10,4,4,10,12,6,10,16,18,12,4,4,8,10,4,0,0,0,0,0,0,0,0,4,4,4,4,4,4,6,14,10,12,18,8,2,4,6,2,0,0,0,0,0,0,0,4,4,2,8,24,24,6,26,22,10,48,80,6,40,100,255,255,255,255,255,192,54,140,114,50,52,52,42,32,4,6,22,62,132,192,178,148,202,164,84,10,70,122,140,108,66,40,40,54,52,102,66,76,60,102,108,52,44,104,94,36,24,70,102,96,76,70,52,42,72,88,92,62,48,84,102,104,90,62,28,6,30,102,144,128,96,88,82,110,142,130,94,72,60,40,18,16,34,52,50,24,54,102,54,40,62,60,62,64,32,24,104,152,84,34,44,96,82,98,94,112,74,28,20,20,20,10,18,32,60,88,72,38,96,96,38,54,78,74,46,24,20,26,24,32,34,28,18,12,6,6,4,4,4,24,74,86,16,70,215
206,22,10,20,14,16,6,8,6,4,8,8,10,12,12,10,8,14,6,22,16,12,14,14,8,10,2,6,10,12,6,4,10,6,20,62,146,255,255,255,255,255,252,234,148,255,255,255,54,66,64,84,84,28,8,8,4,6,8,10,12,12,8,12,20,20,16,8,4,6,10,12,6,6,6,4,6,6,4,4,10,8,6,2,0,0,2,6,6,2,4,6,8,4,14,20,18,14,16,20,24,22,18,16,8,0,6,12,18,16,14,6,2,12,14,8,18,30,20,4,18,12,16,14,14,24,76,182,255,255,255,255,255,255,255,255,248,178,108,52,34,20,14,12,14,20,20,16,10,8,6,10,6,16,22,66,120,104,32,82,78,34,92,116,118,112,122,176,180,136,122,110,80,104,124,160,122,160,90,102,120,120,120,80,122,64,88,6,50,26,96,168,228,242,255,255,226,192,148,176,164,164,160,118,54,40,40,34,32,32,32,32,34,40,42,32,30,38,40,40,40,40,40,32,28,34,34,38,44,48,52,56,60,64,52,46,60,106,240,255,255,255,150,100,255,255,255,66,44,60,72,64,76,70,58,56,58,60,54,50,74,22,82,234,255,208,122,12,74,80,32,60,106,126,116,94,64,76,74,76,70,36,36,14,28,120,255,255,255,255,255,255,255,255,255,255,255,255,255,255,255,255,255,180,118,68,40,26,12,10,10,8,12,12,8,8,6,6,12,8,10,0,0,0,0,0,0,0,0,4,4,6,4,4,6,10,14,8,12,18,10,4,6,6,2,0,0,0,0,0,0,0,4,4,2,2,20,28,16,10,28,22,30,92,60,26,30,170,255,255,255,255,255,116,32,74,64,74,120,100,54,28,24,32,70,146,198,162,116,182,158,94,44,32,56,80,76,78,94,84,76,40,72,42,24,28,38,78,86,12,122,150,102,58,70,78,84,88,56,34,30,72,114,82,36,22,48,68,52,56,46,34,34,34,80,142,166,142,108,94,132,118,82,80,100,94,86,48,32,20,18,6,32,32,86,102,58,30,56,96,114,90,42,28,88,108,122,150,168,194,216,174,188,156,66,38,34,34,30,32,24,20,20,44,52,82,98,64,54,102,110,84,44,20,20,20,14,8,2,16,24,22,22,22,22,10,22,40,88,62,22,206
207,10,10,16,12,18,8,10,12,16,12,8,12,14,12,12,10,16,20,34,22,22,28,20,14,4,4,4,12,12,8,8,10,28,58,106,226,255,255,228,238,162,198,148,214,255,255,156,58,50,58,72,32,20,12,4,2,2,6,10,10,10,20,20,10,4,4,4,6,8,10,8,6,6,10,12,10,4,4,4,6,4,6,6,2,0,2,2,8,6,2,4,6,10,20,18,10,8,10,14,16,12,10,8,2,0,2,6,14,8,18,16,10,8,10,18,20,16,22,18,16,10,12,48,112,246,255,255,255,255,255,255,255,255,182,126,82,52,22,6,8,10,8,6,10,18,20,18,12,8,8,10,4,8,16,58,130,164,140,98,112,114,128,128,108,100,128,148,102,54,50,28,48,98,152,182,108,174,106,92,40,44,60,38,80,130,214,126,154,114,172,194,202,178,168,154,134,132,84,92,88,78,62,32,8,18,26,38,40,32,30,28,30,34,36,32,36,44,44,42,42,44,42,36,32,36,38,40,44,46,48,56,60,66,56,44,50,58,132,255,255,255,255,40,210,255,255,194,56,66,70,70,88,84,96,86,66,68,54,48,80,36,40,132,186,168,116,112,120,166,114,68,108,138,126,110,88,82,74,78,102,110,80,74,88,196,255,255,255,250,136,98,88,110,170,255,255,255,255,255,255,255,255,255,255,255,194,114,76,50,36,14,10,6,16,14,16,4,20,18,14,4,4,2,0,0,0,0,0,4,4,6,2,4,8,10,10,4,8,16,12,8,10,6,4,0,0,0,0,0,0,0,4,4,2,4,10,28,28,12,14,30,10,46,76,40,22,2,255,255,255,255,255,255,90,82,78,30,98,102,62,38,12,28,68,132,166,126,94,152,118,106,78,42,24,60,88,86,56,46,56,90,110,74,50,60,50,34,70,44,52,80,70,42,14,52,120,152,114,68,40,26,106,142,116,80,70,44,38,54,54,42,18,6,10,70,128,130,88,70,80,48,18,60,120,120,100,32,8,28,34,40,42,26,26,64,68,40,104,104,170,170,130,126,192,248,255,238,210,224,194,202,182,170,106,46,8,8,4,8,22,38,52,58,50,44,80,104,36,46,86,86,44,22,16,20,28,28,24,24,18,4,4,4,10,6,18,10,54,86,50,199
208,6,6,8,4,12,8,12,20,18,8,2,12,14,10,10,10,16,30,38,36,40,38,26,22,10,6,10,14,12,10,20,28,42,76,154,255,255,176,28,92,30,122,132,255,255,255,42,54,60,92,50,14,20,10,8,6,6,2,8,16,20,18,6,10,16,14,10,10,12,14,16,4,16,12,6,4,8,14,6,8,6,4,2,4,4,6,6,6,4,2,4,4,10,14,6,2,0,4,6,4,6,8,10,6,2,0,4,10,4,12,22,2,16,40,30,12,14,14,18,20,34,116,255,255,255,255,255,255,255,255,228,160,108,68,26,4,4,8,12,6,14,14,18,6,6,8,10,10,8,8,8,6,8,12,26,84,132,144,118,144,136,98,74,70,68,72,60,30,28,20,26,60,116,190,226,112,48,72,64,124,136,120,98,148,198,200,160,206,180,192,160,128,76,62,62,52,52,40,34,24,36,36,36,36,26,8,6,22,30,28,24,26,30,32,26,28,36,38,36,34,38,38,36,38,44,48,48,46,42,40,54,64,74,68,56,64,52,74,190,255,255,255,220,72,255,255,255,110,52,78,72,78,74,102,112,84,72,48,52,72,52,44,82,150,190,180,160,102,216,234,110,42,120,104,92,102,96,72,56,68,94,82,86,110,180,208,255,255,255,255,255,166,64,24,42,118,206,255,255,255,255,255,255,255,255,255,255,255,162,104,76,36,12,20,22,8,10,6,12,12,4,6,6,4,2,0,0,0,2,2,2,0,4,8,8,8,4,6,12,12,14,18,6,4,0,0,0,0,0,0,0,4,6,2,4,2,22,34,22,6,22,18,6,56,78,30,24,74,255,255,255,255,255,176,12,116,96,80,54,38,48,54,48,100,178,220,186,124,124,62,120,130,90,38,30,90,126,132,102,98,90,88,58,32,10,36,32,80,84,56,30,52,52,54,76,126,172,138,78,34,18,54,116,140,102,42,76,100,124,120,106,66,42,46,50,66,98,70,26,24,14,94,104,118,146,124,60,26,18,4,4,6,24,36,28,46,80,108,90,138,182,158,182,246,255,228,146,118,44,24,82,134,172,182,130,130,116,108,78,48,34,42,22,22,8,50,122,122,48,34,74,58,28,16,22,16,6,4,6,14,24,30,30,32,26,24,24,20,88,116,199
209,2,8,8,2,10,12,18,24,20,18,14,34,42,36,38,36,36,58,60,82,104,100,78,36,24,14,20,16,8,8,16,18,34,102,228,255,254,42,164,108,120,170,255,255,255,38,68,80,114,98,26,22,8,10,4,10,14,6,8,12,12,10,2,4,4,10,14,14,12,8,14,10,14,20,18,14,12,10,10,16,10,6,4,2,4,4,4,4,2,2,2,8,12,12,6,4,4,8,8,2,2,6,10,12,6,2,6,14,12,16,26,14,10,18,18,28,4,10,70,162,255,255,255,255,255,255,255,255,204,132,84,52,16,14,14,2,8,6,14,6,10,12,12,12,6,4,6,8,8,10,14,16,14,12,12,32,64,78,72,88,68,24,14,20,24,10,16,10,18,16,26,58,114,196,255,240,162,194,208,196,170,134,130,184,156,102,86,136,108,118,86,48,30,34,30,18,10,18,40,20,16,12,10,16,26,26,18,18,28,28,24,24,26,28,26,26,28,30,30,28,32,34,30,30,38,46,48,46,38,30,40,50,70,72,58,74,64,58,96,236,255,255,255,120,198,255,255,255,50,68,80,68,56,78,104,98,90,78,70,60,52,54,64,140,255,255,198,74,164,255,250,68,104,116,92,96,86,82,84,66,70,72,46,50,78,172,255,255,255,255,255,255,240,164,104,38,22,86,162,208,255,255,255,255,255,255,255,255,255,255,226,126,50,18,16,26,10,16,6,8,4,6,6,6,6,4,2,0,0,0,0,0,6,12,10,8,4,4,8,10,18,26,14,4,0,0,0,0,0,0,2,2,4,6,2,4,12,30,28,10,18,18,14,32,72,46,10,20,144,255,255,255,255,255,96,70,118,46,30,62,62,40,22,12,82,134,120,60,68,22,38,108,102,42,40,88,130,136,84,24,18,42,20,42,56,54,52,60,74,36,66,92,116,86,56,52,136,128,86,48,38,28,36,64,118,148,106,92,122,114,108,82,42,34,10,46,96,96,62,20,62,116,88,72,150,164,118,46,36,36,36,30,28,32,34,24,76,136,94,24,96,96,140,170,104,98,124,166,204,140,82,76,192,255,240,255,244,214,152,74,10,14,32,40,36,32,82,128,98,14,76,104,80,44,18,22,24,18,10,4,6,12,12,8,14,20,32,30,44,88,211
209,12,14,12,12,16,16,24,34,34,32,38,74,88,78,78,84,64,100,100,140,160,166,150,62,30,14,20,12,8,6,18,42,70,138,254,255,100,118,152,84,255,255,255,255,164,30,76,102,88,6,22,14,24,16,6,4,8,12,16,20,18,12,2,4,4,8,14,14,14,12,8,10,4,8,16,18,12,2,14,10,4,2,2,6,6,4,4,6,10,8,10,14,18,16,12,8,10,14,12,10,8,4,2,12,12,8,14,12,16,12,20,8,10,14,26,22,72,208,255,255,255,255,255,255,255,255,174,120,76,26,10,4,16,18,4,6,6,4,10,12,4,6,8,6,6,8,10,12,12,16,20,20,20,20,16,12,22,28,20,24,14,8,12,20,2,16,14,14,20,12,12,24,66,134,202,228,230,234,216,184,140,126,126,124,72,48,40,44,36,46,24,8,4,14,14,38,22,28,36,32,24,16,8,10,18,26,22,20,26,24,18,18,22,22,24,34,40,40,40,38,40,42,36,26,26,38,46,48,42,34,38,30,42,52,34,56,60,50,58,130,255,255,255,255,20,255,255,255,146,42,80,76,64,76,94,94,92,94,86,62,64,76,68,98,240,255,255,164,42,206,255,188,24,86,96,116,100,92,100,82,66,54,32,22,56,116,180,255,255,255,255,255,255,255,204,128,82,56,16,34,76,134,200,255,255,255,255,255,255,255,255,255,255,142,42,36,36,8,8,2,4,6,6,4,4,6,6,2,0,0,0,0,8,14,8,6,6,4,8,10,18,30,22,6,0,0,0,0,0,0,4,2,2,6,2,6,2,22,36,28,4,32,38,4,56,74,24,26,12,255,255,255,255,255,244,54,68,102,68,122,108,78,72,56,36,86,92,44,48,58,28,58,92,78,52,32,70,82,96,74,32,46,34,24,38,64,74,70,82,74,72,68,134,112,82,14,90,110,116,98,56,34,60,96,128,86,48,32,60,86,86,70,34,34,44,54,94,124,112,88,102,84,28,34,102,150,158,116,46,16,14,14,16,24,32,40,74,148,148,64,8,20,62,64,68,118,168,228,158,80,94,128,160,224,244,228,255,255,198,108,24,30,24,20,18,8,20,82,106,46,54,112,122,96,40,8,4,12,20,26,28,34,38,28,20,10,16,68,124,138,213
208,22,26,20,24,38,42,60,78,98,86,78,112,138,134,124,124,90,96,96,110,86,104,150,84,32,10,14,6,14,22,32,68,114,180,242,180,58,176,22,244,255,255,255,224,16,88,116,100,36,38,14,18,24,24,8,6,4,6,10,16,18,14,2,6,4,6,6,10,18,22,6,12,16,18,26,32,24,10,8,10,6,2,2,8,10,8,6,4,4,8,12,12,10,6,4,2,8,22,16,14,6,10,8,2,14,18,8,10,6,2,12,12,20,30,82,204,255,255,255,255,255,255,255,250,174,108,56,26,0,16,2,8,20,26,16,2,8,6,4,6,10,10,8,10,10,8,10,12,14,18,18,14,10,14,14,12,14,16,12,8,12,8,8,12,6,6,12,4,2,10,8,4,22,62,112,118,118,126,132,92,30,28,38,28,16,18,10,20,22,12,20,18,24,14,8,26,20,20,18,22,24,28,28,30,26,22,14,12,20,22,18,18,22,22,22,22,28,30,32,30,30,32,36,32,26,34,42,44,38,32,42,30,34,48,32,42,50,50,60,88,210,255,255,255,196,158,255,255,255,68,54,64,64,60,82,86,72,86,94,76,70,76,82,74,164,255,255,255,76,104,255,255,110,24,68,96,88,86,80,70,68,44,24,18,16,34,88,162,234,255,255,255,255,255,255,234,166,126,78,58,34,22,62,94,148,222,255,255,255,255,255,255,255,255,255,166,100,62,20,4,8,10,8,4,4,2,6,8,4,4,2,2,10,16,6,6,10,4,4,6,10,26,30,16,2,2,4,4,4,4,4,2,4,4,6,6,4,14,30,40,42,38,46,32,14,80,64,16,48,74,255,255,255,255,255,178,86,74,22,60,76,44,28,44,42,96,108,50,22,42,30,48,108,100,64,32,78,106,86,34,32,56,52,46,42,48,52,48,18,58,90,16,104,140,126,70,78,76,136,140,106,56,26,46,134,156,130,80,22,60,94,90,60,44,34,18,18,62,124,122,64,26,80,108,100,64,70,98,56,48,40,34,42,38,28,20,28,106,146,88,42,46,40,20,60,72,66,56,38,86,120,162,120,100,90,88,168,212,190,126,46,18,18,18,22,24,20,38,114,108,36,58,94,104,68,32,26,14,20,12,6,18,36,34,32,78,158,246,255,238,190
205,54,76,72,82,104,94,110,128,154,120,112,98,118,102,90,72,42,16,58,68,90,110,116,70,30,14,10,12,30,24,40,72,90,140,200,150,46,104,216,255,255,255,255,56,84,112,104,66,10,30,12,18,12,16,14,10,6,4,6,14,16,16,8,6,12,16,10,10,2,18,16,4,12,26,16,20,32,14,2,4,6,4,4,14,18,16,20,16,16,20,18,16,18,20,18,22,4,22,16,22,12,8,10,8,14,18,10,10,20,16,22,30,108,234,255,255,255,255,255,255,255,204,128,82,40,8,8,4,10,6,10,8,10,16,16,2,14,6,4,4,4,8,4,8,10,8,10,12,14,14,14,12,10,8,12,14,16,18,18,16,8,6,8,12,16,22,12,2,2,8,10,8,12,18,28,16,14,28,48,50,20,20,18,12,4,2,4,8,8,8,14,12,18,10,6,8,10,8,12,18,16,14,10,6,16,22,20,12,14,20,18,18,18,16,14,12,12,14,18,20,20,20,26,26,20,26,34,36,30,24,34,32,32,42,38,38,40,38,46,46,96,255,255,255,255,82,255,255,255,154,36,48,68,40,56,80,64,76,90,94,84,68,76,76,108,238,255,255,206,10,182,255,232,46,48,70,62,80,90,94,100,84,58,46,28,16,38,90,150,238,255,255,255,255,255,255,248,184,116,94,84,54,26,4,22,70,132,174,238,255,255,255,255,255,255,255,255,210,108,46,18,8,6,18,20,2,4,12,10,2,2,2,6,14,8,4,10,10,6,4,2,12,30,26,6,4,6,8,6,6,4,4,2,2,4,4,2,4,14,50,58,32,40,44,32,54,108,36,40,34,150,255,255,255,255,252,66,82,104,56,44,42,58,86,56,74,100,62,50,86,72,86,146,152,118,70,64,58,110,122,90,64,10,38,52,56,50,38,78,74,142,112,22,118,134,84,38,66,138,144,90,42,52,52,98,134,144,114,42,48,122,142,118,86,50,40,46,38,102,162,140,114,196,188,160,102,52,68,78,34,16,12,38,38,30,32,40,68,112,120,138,142,134,138,156,174,150,142,106,94,54,148,176,140,138,178,218,236,182,106,52,10,16,8,2,12,16,14,78,166,156,36,104,146,172,120,36,20,30,38,50,40,36,30,68,168,255,255,255,255,168
200,118,134,116,118,128,92,102,104,98,60,68,6,84,104,126,120,88,60,94,98,112,108,112,72,20,20,12,14,26,8,30,52,78,160,214,132,54,136,255,255,255,255,148,38,110,106,72,26,4,16,20,6,8,12,4,12,8,14,14,12,12,14,12,8,6,8,4,16,12,24,6,16,14,22,26,46,38,6,4,2,4,8,6,18,14,10,18,18,16,12,8,10,20,20,18,28,16,20,22,26,28,20,32,26,18,14,12,24,28,34,98,250,255,255,255,255,255,255,255,190,120,78,26,4,10,8,8,2,10,6,6,2,10,16,12,4,10,4,8,4,4,8,6,8,6,10,14,16,16,12,10,8,10,8,10,10,16,18,18,20,32,10,6,4,4,12,14,8,2,8,6,10,48,100,132,144,156,156,154,154,128,88,42,8,2,4,2,0,2,4,10,12,18,18,16,16,14,6,8,8,10,10,8,6,10,12,16,18,16,18,16,16,16,12,14,16,18,20,22,26,26,26,30,22,12,18,28,32,28,24,30,28,22,24,28,34,38,32,32,24,36,148,255,255,255,255,255,255,255,222,72,44,80,64,64,82,74,76,78,92,100,86,76,72,76,126,255,255,255,120,62,255,255,148,30,92,76,64,76,98,92,78,60,62,52,24,12,22,74,160,208,234,255,255,255,255,255,238,176,156,126,70,48,40,26,16,14,42,80,142,224,255,255,255,255,255,255,255,255,222,120,56,16,8,24,12,14,14,14,6,2,6,12,12,8,4,4,8,8,6,2,2,20,30,16,2,6,4,8,6,2,4,0,0,0,0,0,0,8,58,72,18,18,40,60,6,94,96,20,34,14,255,255,255,255,255,208,60,78,56,52,96,82,62,28,36,58,72,84,98,68,54,92,108,94,52,34,64,90,110,96,46,122,136,100,92,104,84,92,68,104,140,66,52,118,102,84,90,106,166,102,76,56,30,38,54,90,104,98,60,92,138,136,118,72,28,14,26,74,138,108,98,136,122,106,128,68,30,90,88,56,44,44,52,36,22,18,34,110,156,168,154,140,158,188,206,148,122,44,96,116,182,255,254,208,234,255,255,194,132,72,30,42,24,24,44,30,26,2,66,172,216,198,255,255,255,180,88,56,44,22,14,4,32,88,158,238,230,174,212,104
182,134,112,70,48,46,36,8,42,76,98,122,102,108,140,148,110,64,44,48,70,74,54,54,20,16,20,16,20,22,14,18,52,100,190,196,138,130,162,255,255,255,224,16,86,124,110,54,12,6,14,26,26,8,4,10,10,24,20,12,12,10,12,8,14,22,20,14,12,6,16,8,6,6,10,10,24,14,8,4,4,2,10,4,18,20,10,8,12,12,6,6,10,26,30,30,26,12,14,16,20,14,28,38,18,20,14,48,50,100,254,255,255,255,255,255,255,255,182,104,46,18,8,26,20,10,8,6,4,8,2,8,8,16,26,28,14,20,10,16,8,10,8,10,8,8,12,14,14,12,6,4,0,4,2,4,2,10,12,8,0,24,22,18,16,12,12,4,12,8,10,16,74,148,190,180,142,104,82,86,146,192,186,144,88,50,32,12,6,4,4,10,8,12,6,0,2,10,16,14,12,10,10,14,16,18,18,16,18,18,18,18,18,16,14,16,16,18,20,20,24,24,24,36,32,20,22,28,32,28,22,28,28,20,20,24,34,46,50,46,34,24,56,210,255,255,255,255,255,255,206,102,46,66,84,90,88,82,82,70,68,84,92,94,80,78,86,188,255,255,255,56,170,255,236,44,76,86,52,30,64,76,64,48,54,52,30,14,10,20,92,132,148,206,255,255,255,255,255,214,198,178,118,82,72,54,42,28,12,2,18,62,126,198,255,255,255,255,255,255,255,255,255,120,58,26,12,10,16,16,16,10,10,12,10,10,4,0,6,8,10,8,2,14,30,28,12,4,4,4,2,2,2,0,0,0,0,0,0,6,38,72,62,28,22,72,78,10,96,80,42,88,68,255,255,255,255,255,184,48,118,76,146,140,96,60,38,34,82,122,120,80,84,68,48,76,74,70,38,28,42,116,152,148,102,76,52,48,46,20,64,58,70,100,36,68,136,122,80,38,130,126,92,80,48,54,48,70,140,146,92,44,72,110,112,80,42,30,22,26,96,90,4,76,118,38,88,98,26,70,88,52,16,18,22,24,18,24,50,134,216,222,162,114,82,90,128,140,176,182,152,178,190,202,198,102,122,178,170,134,110,54,24,16,18,24,42,58,100,130,150,255,255,255,255,255,255,255,166,76,22,22,12,4,28,86,142,206,186,134,200,116
164,78,52,32,30,30,64,78,110,118,130,120,86,54,66,64,40,26,18,16,16,16,14,10,12,18,14,24,56,66,66,56,60,106,166,190,182,188,202,255,255,242,40,80,116,136,88,18,12,6,10,20,34,20,16,6,20,16,14,10,6,4,12,12,8,16,12,8,4,4,10,4,0,6,2,2,14,14,14,8,8,8,14,16,28,24,8,0,4,10,10,6,2,10,8,10,4,2,8,28,20,10,10,20,14,10,24,52,114,255,255,255,255,255,255,255,178,116,62,12,14,18,24,18,4,6,10,6,4,2,6,14,12,12,20,30,24,22,14,20,20,16,16,16,10,10,12,10,10,6,6,2,2,4,4,6,2,6,8,2,2,14,20,16,10,4,2,10,16,4,30,96,176,200,144,40,54,96,96,106,48,56,136,176,166,144,136,110,74,42,22,14,4,10,8,0,2,4,8,12,14,12,14,12,14,14,12,6,8,14,14,14,16,12,10,12,12,14,16,14,16,18,16,28,32,24,22,22,24,22,18,24,28,24,20,18,26,40,48,46,50,54,50,92,236,255,255,255,255,238,164,100,68,42,68,72,72,76,86,72,54,62,74,92,82,96,104,108,255,255,255,238,108,210,244,94,12,80,104,62,62,80,70,54,60,66,54,38,28,16,60,102,120,168,214,230,255,255,255,255,255,255,238,196,162,124,98,90,68,30,8,6,20,42,112,206,255,255,255,255,255,255,255,255,255,154,68,14,4,18,28,32,20,10,2,6,2,4,2,4,8,10,6,6,22,30,24,8,2,4,2,2,2,0,0,0,0,0,0,6,6,34,62,50,56,58,112,80,40,140,202,204,224,186,255,255,255,255,255,112,78,70,108,88,46,28,38,38,90,150,172,120,64,28,46,122,144,104,54,58,80,108,90,106,90,66,72,74,74,54,38,40,40,86,94,18,114,156,128,118,136,80,94,100,66,24,16,42,120,184,170,94,18,106,132,120,86,56,34,32,32,78,46,46,102,94,24,132,86,14,64,66,44,28,34,42,26,12,8,74,196,255,240,238,254,255,252,242,202,128,72,40,18,64,126,92,112,178,136,82,68,42,40,52,94,116,170,244,255,255,244,255,255,255,244,255,255,255,218,80,32,18,2,8,14,68,132,160,194,202,200,167
161,40,56,64,22,8,44,66,82,64,48,32,12,10,12,10,8,16,24,22,22,24,10,6,14,12,12,68,142,174,170,178,118,152,172,184,188,204,234,255,255,118,18,90,132,138,48,32,8,4,8,14,26,16,16,8,24,6,14,18,16,8,6,4,8,16,10,4,2,6,4,12,14,20,10,6,10,6,16,14,16,24,22,24,26,18,4,6,8,8,4,6,14,16,12,12,16,10,34,24,10,12,14,40,34,30,114,216,255,255,255,255,255,255,164,82,48,14,4,6,6,10,20,26,22,16,10,10,10,12,16,14,8,4,6,14,18,12,6,10,16,16,12,14,14,12,10,8,6,2,6,6,8,12,6,8,4,8,10,6,6,8,10,10,8,4,12,24,10,66,122,184,206,118,32,166,204,158,128,164,186,148,66,30,80,104,144,166,166,154,132,90,44,14,2,6,4,4,0,6,14,18,18,18,18,16,12,6,10,12,14,14,16,14,10,8,8,10,14,14,12,14,14,18,24,24,22,20,20,20,18,24,34,36,30,22,22,28,36,32,34,38,38,58,116,192,226,180,132,118,74,82,84,34,54,56,56,64,88,90,74,72,72,80,60,82,118,92,174,255,255,255,202,255,234,80,40,46,118,100,72,82,76,58,56,62,56,50,50,34,34,54,82,126,168,196,226,255,255,255,255,255,255,255,255,255,255,222,184,132,88,50,14,2,14,48,104,190,255,255,255,255,255,255,255,255,255,146,48,24,32,40,48,30,8,6,2,4,0,0,4,8,8,4,12,26,30,18,6,6,6,0,2,0,0,0,0,0,0,10,10,8,64,66,70,82,128,172,100,188,242,112,120,44,196,255,255,255,255,226,42,106,108,52,50,60,56,40,42,84,116,86,50,84,66,118,170,148,76,26,26,98,144,164,148,106,74,34,10,38,38,18,18,70,112,68,60,158,146,174,118,52,14,50,52,38,30,36,54,122,146,104,54,78,124,140,116,80,50,34,32,48,106,34,48,90,66,72,146,82,42,80,70,34,20,26,18,42,26,16,114,184,194,204,246,226,206,158,92,14,86,134,182,184,208,188,160,255,255,255,186,118,64,46,102,162,244,255,255,255,218,194,222,206,178,80,255,255,255,134,26,14,28,46,94,186,194,82,68,152,170,172
168,62,66,48,12,32,68,76,66,36,14,14,10,14,8,10,14,22,30,20,12,16,14,14,22,28,60,152,255,255,255,255,222,130,132,120,148,250,255,255,202,62,34,110,148,102,28,36,12,10,14,24,24,6,8,16,18,4,2,4,12,10,2,6,10,8,8,10,14,14,14,18,8,14,16,12,6,6,16,10,12,28,16,10,4,4,8,10,4,2,4,8,8,2,12,20,14,16,30,30,40,22,24,28,150,255,255,255,255,255,255,255,172,116,36,18,12,4,6,4,4,6,10,16,18,20,20,22,18,14,14,10,6,4,4,6,10,18,12,16,6,10,6,8,12,10,8,6,2,0,2,8,10,16,8,8,4,8,10,8,2,8,8,10,10,12,4,30,100,162,172,150,76,64,180,188,84,22,34,16,60,128,166,150,110,72,22,30,80,136,172,174,146,118,96,70,52,36,16,10,4,6,8,14,20,24,22,16,16,14,16,18,18,18,18,14,12,12,14,16,14,12,14,16,20,24,24,24,24,26,24,22,28,34,34,26,18,24,32,28,34,28,18,42,84,134,144,66,36,44,52,56,106,44,34,62,62,58,74,84,86,90,86,82,48,56,94,84,126,254,255,255,255,254,176,66,44,32,76,96,68,78,76,58,48,46,38,26,30,36,18,20,44,84,134,196,250,255,255,255,255,255,255,255,255,255,255,255,255,255,255,168,96,64,16,12,10,42,132,204,255,255,255,255,255,255,255,255,214,104,58,44,64,54,20,8,0,4,0,0,4,8,8,6,0,16,32,26,8,4,8,4,2,0,0,0,0,0,0,10,8,8,62,100,114,78,36,114,136,58,255,255,255,255,255,255,255,255,255,255,178,48,46,66,118,138,84,40,28,54,76,78,80,72,32,42,96,120,88,46,46,76,116,130,84,34,46,62,46,38,28,10,20,30,88,100,50,82,120,138,150,120,50,20,76,46,6,4,12,58,120,122,76,44,52,104,110,80,42,22,44,34,102,88,12,72,114,46,102,120,42,58,98,76,42,32,18,14,34,42,60,90,106,126,118,94,126,56,46,134,194,255,255,224,194,214,194,232,255,255,255,198,90,18,88,160,214,202,156,112,94,60,60,198,255,255,220,255,255,202,58,42,76,102,164,198,102,6,78,116,90,197
173,48,62,54,46,38,68,76,46,26,12,8,6,16,12,20,12,18,24,18,10,14,18,38,34,52,116,214,255,255,254,255,240,86,44,100,136,255,255,255,92,10,100,168,138,26,50,40,12,6,16,20,8,6,6,16,20,6,2,2,10,20,16,10,12,6,8,14,16,16,16,8,24,16,6,22,22,16,12,4,8,16,4,18,16,16,18,14,10,8,6,10,12,12,12,10,22,6,28,56,34,40,74,255,255,255,255,255,255,255,255,168,74,20,18,6,10,12,12,10,10,8,4,2,6,10,12,12,4,2,4,4,6,8,10,8,22,38,20,32,14,4,6,0,6,8,4,2,0,2,4,10,6,12,6,2,0,2,4,8,4,6,4,6,4,30,82,138,178,170,108,2,112,190,178,76,32,86,110,128,146,120,30,76,146,166,162,154,124,48,34,88,112,124,134,136,144,150,132,88,50,40,30,14,8,10,14,16,14,14,16,18,18,16,18,18,14,12,14,14,14,12,10,12,14,16,16,16,20,26,26,24,18,16,22,24,20,20,28,28,28,30,14,40,70,124,196,136,106,78,12,28,80,96,48,42,56,50,44,48,64,80,80,86,72,72,84,72,94,162,255,255,255,120,28,102,98,54,48,114,86,90,94,78,64,58,48,22,12,24,28,24,26,44,148,242,255,255,255,255,255,255,255,254,255,255,255,255,255,255,255,255,255,180,108,4,18,10,14,60,132,198,255,255,255,255,255,255,255,255,148,76,78,66,18,6,4,2,0,2,6,6,8,6,10,6,26,32,14,2,4,4,0,0,0,0,0,0,0,10,6,10,20,68,132,170,150,134,146,136,178,218,228,166,122,124,255,255,255,255,255,146,108,110,102,156,120,62,32,42,38,94,120,100,66,76,78,84,94,60,36,26,38,92,92,54,26,52,56,72,68,34,54,34,40,92,116,56,46,26,64,100,70,44,106,112,64,56,58,42,122,174,144,88,26,60,102,98,66,38,30,6,30,88,52,50,102,118,8,92,72,42,80,74,38,34,48,58,56,42,36,32,26,2,20,34,62,102,70,112,226,255,232,234,154,134,112,158,208,255,255,255,124,14,90,168,192,160,140,144,168,180,190,222,255,255,255,255,236,174,78,96,114,108,112,64,38,104,158,134,38,200
175,88,100,90,92,102,122,94,44,14,4,8,14,26,16,16,10,18,20,24,18,10,14,42,52,110,232,255,255,255,52,182,192,48,38,158,255,255,255,146,48,62,162,162,66,20,24,14,18,8,18,6,20,14,10,8,18,22,10,8,8,14,18,20,16,6,10,12,10,12,6,28,24,18,18,22,30,24,12,14,14,2,18,24,22,24,22,20,22,24,26,22,16,6,14,14,32,36,48,58,62,132,255,255,255,255,255,176,142,212,202,118,20,28,28,8,8,6,4,4,8,14,10,4,18,14,8,4,4,6,10,8,6,26,30,44,78,94,70,96,58,8,8,10,10,8,4,4,4,4,4,8,4,10,10,8,6,4,4,12,14,6,14,30,72,132,160,174,138,34,74,164,188,142,64,28,44,74,84,118,154,228,255,222,106,26,76,124,172,184,128,82,56,14,28,60,82,140,180,166,134,124,116,98,76,58,46,30,14,6,4,12,18,14,6,6,6,4,8,8,8,8,4,8,16,22,14,4,6,14,14,20,22,16,14,12,12,12,14,8,18,52,102,170,208,234,234,144,114,146,66,18,36,122,88,18,44,52,44,34,40,66,68,62,68,78,80,70,74,106,182,240,232,164,224,210,255,194,46,96,96,92,102,100,80,80,72,36,42,42,40,18,20,134,218,200,142,106,52,50,204,255,255,255,255,255,255,242,60,196,255,255,255,255,234,108,18,2,4,4,22,64,120,202,255,255,255,255,255,255,255,212,156,86,28,8,4,4,4,4,6,4,6,4,6,10,10,38,38,8,2,6,6,2,4,4,4,2,0,4,4,6,10,22,68,112,130,136,128,96,52,24,12,10,4,6,74,255,255,255,255,255,68,56,52,68,88,56,20,32,60,110,156,138,88,94,74,64,78,94,60,32,48,82,118,90,76,92,88,66,34,14,24,26,24,82,154,150,98,76,66,108,92,40,70,116,92,30,26,28,62,124,140,112,46,50,118,138,124,92,58,38,32,50,90,12,66,120,80,90,112,30,64,82,64,56,40,8,20,32,34,46,64,70,60,46,58,96,60,124,255,192,188,206,206,14,112,160,60,196,255,255,200,94,62,136,218,246,246,255,255,255,255,255,255,255,255,212,170,130,100,144,110,88,74,30,44,136,184,96,106,192
189,102,102,82,72,80,84,46,14,4,4,6,14,14,4,2,8,18,12,10,12,4,26,66,108,222,255,255,248,46,224,255,178,24,100,255,255,255,224,96,24,104,180,98,14,18,16,18,28,22,22,10,20,10,12,6,8,16,12,4,4,6,10,28,30,18,22,18,10,18,14,18,20,30,34,22,22,22,12,22,20,20,14,14,16,16,12,16,26,24,34,34,34,34,38,38,50,88,178,255,255,255,255,255,255,255,100,84,108,178,176,98,6,14,18,18,6,6,4,2,6,6,14,12,12,20,36,28,22,40,42,60,84,118,108,138,180,186,146,186,132,36,6,10,6,10,12,8,2,8,14,20,12,6,6,10,12,8,4,4,20,54,86,120,152,154,112,52,50,152,182,160,96,26,10,20,46,96,160,206,166,94,200,255,255,255,202,80,40,128,134,122,144,142,128,114,100,58,28,78,96,126,140,144,136,124,120,118,98,80,68,40,8,10,10,12,8,6,10,6,2,6,4,4,2,14,20,16,10,12,14,10,6,10,12,16,14,18,34,64,118,186,238,238,186,124,60,78,70,136,90,22,2,90,128,60,18,36,40,34,24,50,66,48,48,64,70,64,62,82,132,204,255,255,255,194,255,255,184,18,82,76,82,102,82,92,92,42,44,40,40,12,94,204,182,88,42,8,140,255,255,255,255,255,255,255,255,255,255,255,255,198,255,255,255,236,102,32,10,10,8,10,20,82,136,202,255,255,255,255,255,255,255,146,28,8,6,4,6,8,6,4,8,4,0,8,10,24,50,28,6,6,10,6,2,0,4,4,2,0,4,8,6,6,10,16,20,14,14,12,12,4,12,10,6,2,10,34,214,255,255,255,252,82,86,58,54,56,48,52,46,74,112,102,60,60,62,50,14,82,92,36,32,78,138,140,80,18,18,26,20,36,40,42,72,42,122,140,86,68,52,50,108,94,40,34,78,72,44,32,22,62,108,108,106,28,68,90,92,56,20,2,8,24,112,114,36,60,100,120,140,86,148,114,76,70,46,70,74,64,58,60,50,32,22,22,24,64,66,128,255,255,226,54,216,112,84,232,252,180,234,238,212,186,96,56,68,174,234,218,212,186,148,108,84,206,255,126,44,102,156,156,126,116,92,78,82,144,100,48,184,184
197,46,44,30,22,18,4,10,12,2,4,6,8,6,4,4,10,10,6,10,12,30,86,138,214,255,255,255,76,146,255,178,36,36,255,255,255,255,122,54,40,152,170,60,24,24,6,6,22,26,36,8,12,14,6,12,14,6,10,10,4,2,10,26,36,26,22,12,6,14,24,32,28,36,34,14,18,22,14,10,10,28,24,12,12,14,8,26,42,34,30,18,22,40,60,70,144,255,255,255,255,255,255,255,255,194,98,100,142,182,156,68,14,12,18,18,18,12,10,14,14,14,24,22,46,90,90,76,76,108,118,122,178,186,154,156,154,130,96,164,146,56,4,6,8,4,6,12,10,4,4,10,8,6,12,14,4,8,6,26,96,168,192,166,110,34,38,124,186,174,118,46,2,12,6,14,20,50,116,208,255,255,192,158,255,255,255,255,250,100,16,40,70,112,144,146,158,184,148,102,80,40,6,36,60,74,94,130,152,160,164,144,100,56,28,4,20,16,10,10,14,16,10,22,48,62,78,98,110,110,100,90,90,98,114,130,140,154,168,198,234,246,204,92,36,134,188,212,186,148,52,32,28,60,124,104,14,24,32,36,28,40,54,54,54,62,70,62,58,74,92,148,255,255,255,134,242,255,255,70,78,88,86,106,88,102,108,60,24,34,38,36,152,198,98,26,6,98,255,255,255,255,210,168,146,116,142,158,255,255,255,255,106,255,255,255,200,102,20,16,8,6,4,20,56,84,126,200,255,255,255,255,255,236,44,4,6,2,6,4,6,8,8,6,2,8,12,6,32,38,12,2,8,6,4,6,10,6,6,2,2,6,6,2,6,12,12,6,6,2,2,6,4,6,6,6,12,6,22,198,255,255,255,108,70,28,66,96,78,58,36,32,74,90,70,106,122,132,80,12,80,74,28,40,54,88,62,56,66,60,60,42,6,26,76,66,56,86,72,54,54,26,78,140,124,38,72,90,40,16,16,38,72,150,140,110,148,144,142,110,66,50,50,64,72,132,106,20,126,194,204,186,246,244,142,110,64,52,32,16,10,10,24,30,32,28,30,30,28,104,216,255,255,166,174,128,90,142,244,200,220,124,112,156,154,84,74,104,58,34,36,64,46,8,40,28,156,176,94,86,124,124,110,98,48,60,102,118,124,172,252,175
201,10,8,14,18,24,24,24,18,12,12,14,14,12,12,12,18,18,16,16,12,48,116,202,255,255,255,68,94,196,132,90,32,136,255,255,255,158,82,18,82,172,136,40,24,34,10,12,16,4,26,20,10,8,10,8,18,12,12,18,14,6,8,6,18,20,16,8,10,2,12,20,28,40,30,20,20,26,30,20,12,20,28,24,18,20,28,36,28,30,38,30,44,46,80,234,255,255,255,255,255,255,255,232,172,128,124,150,150,124,68,10,6,4,6,16,24,36,54,52,52,68,102,112,122,126,104,94,102,134,138,110,118,92,46,20,58,118,132,180,138,46,12,4,4,6,2,8,8,4,16,14,4,4,14,16,24,12,36,116,214,242,154,70,76,118,146,162,120,60,32,18,14,6,20,14,12,14,32,80,186,255,255,255,250,182,255,255,255,255,254,146,72,16,36,60,76,108,134,154,170,166,144,116,96,82,60,24,48,84,128,160,166,154,134,102,48,24,16,16,24,54,78,90,108,148,194,208,186,158,142,132,138,160,196,222,224,218,210,210,172,72,58,184,248,250,222,192,210,124,88,148,140,164,202,168,56,18,34,34,42,50,38,44,48,48,60,58,56,68,82,104,246,255,255,255,46,255,255,216,22,86,96,108,94,104,104,76,54,50,40,70,176,148,50,16,32,178,255,255,170,138,168,180,176,182,186,140,56,112,255,255,255,118,255,255,255,144,52,22,8,4,2,26,74,88,50,62,144,255,255,255,255,255,60,2,12,4,6,2,4,8,8,6,6,10,6,8,16,34,30,10,6,4,2,6,6,2,4,2,0,2,6,8,16,14,24,8,6,4,6,6,2,4,2,10,14,20,16,12,255,255,255,152,64,68,44,100,88,58,32,10,28,56,78,102,50,92,76,6,48,104,102,96,130,174,178,158,116,90,108,96,106,76,36,2,26,36,40,34,48,56,44,82,114,56,56,116,88,38,30,30,36,148,198,176,182,168,144,98,48,36,28,18,6,42,94,56,120,214,240,222,255,255,255,140,60,10,26,34,36,32,26,22,20,12,30,34,16,50,166,255,255,255,186,206,142,90,116,160,134,52,42,82,158,140,140,150,110,78,52,62,36,4,12,12,56,142,210,196,112,48,22,72,60,68,84,84,94,170,204,162
201,18,16,18,18,20,22,14,12,16,16,18,18,18,20,20,26,28,26,24,30,88,172,255,255,255,58,78,136,142,184,184,74,226,255,255,228,90,34,20,124,178,88,14,12,30,12,18,26,2,14,12,16,18,6,6,16,18,10,18,24,20,10,10,12,18,22,22,12,16,28,24,26,32,22,26,24,28,38,38,22,18,34,28,16,20,30,14,14,6,28,34,58,54,178,255,255,255,255,255,220,142,104,88,86,84,86,94,54,22,4,18,14,32,62,78,86,110,146,142,140,130,162,162,126,88,52,38,36,58,42,28,60,102,146,184,184,158,170,162,102,30,18,8,10,12,10,14,12,6,10,4,8,12,12,12,4,68,140,220,232,106,82,214,212,158,120,72,26,10,10,22,22,14,18,16,28,24,16,8,30,144,255,255,255,255,222,254,255,255,255,255,255,154,60,10,14,14,20,46,78,106,122,128,142,160,168,178,166,122,68,12,62,122,160,192,170,116,104,112,138,168,174,162,170,178,148,90,54,46,32,18,32,50,74,74,46,14,12,38,86,190,255,255,210,130,64,46,132,178,176,255,255,255,255,255,166,28,14,24,28,46,30,38,38,30,42,44,42,52,64,66,122,255,255,255,188,186,255,255,128,24,74,92,90,100,94,84,70,60,56,92,158,110,48,18,50,170,252,198,138,138,154,156,160,170,168,166,156,94,90,255,255,255,255,255,255,180,62,22,6,4,2,30,72,70,34,60,96,166,236,255,255,255,80,10,12,2,2,0,2,6,6,4,10,12,4,8,4,20,38,24,8,4,2,4,2,4,8,4,2,0,4,14,22,16,28,20,4,12,10,4,2,6,4,2,6,10,12,14,252,255,255,178,82,128,74,72,52,62,38,22,50,52,70,130,192,236,242,234,255,255,255,255,255,255,255,255,255,255,255,255,255,255,255,255,255,255,255,255,255,255,255,184,168,136,70,126,118,58,10,42,80,82,106,116,114,68,32,18,58,64,56,58,56,60,76,70,126,254,188,198,238,255,255,204,84,30,22,14,6,10,26,40,62,84,90,64,54,0,108,188,255,255,178,210,144,106,66,16,50,56,38,40,118,184,220,232,200,136,78,26,14,32,30,40,48,68,168,252,216,130,56,96,102,134,130,62,72,86,116,158
200,18,16,10,10,6,18,8,6,16,14,12,14,18,22,14,12,26,42,64,98,174,254,255,255,166,64,24,84,178,214,230,106,158,255,255,208,48,22,66,186,164,46,2,14,26,8,10,38,26,22,2,6,20,8,12,20,18,16,22,28,34,30,10,8,8,16,24,20,28,30,16,14,16,10,18,26,20,28,42,34,24,38,36,18,14,24,10,20,24,16,20,38,100,255,255,255,255,255,148,92,58,32,32,18,6,12,20,50,48,46,58,60,88,114,114,104,126,164,154,146,100,80,70,46,48,64,64,72,80,56,130,156,164,170,146,112,78,66,56,46,22,16,10,8,10,2,10,10,16,24,36,32,32,38,50,94,168,210,198,60,146,252,230,134,64,30,8,8,12,8,16,16,10,14,14,8,8,8,8,10,20,76,190,255,255,255,255,132,255,255,255,255,255,158,54,36,12,24,8,14,2,20,32,48,72,96,128,164,184,184,168,132,66,22,86,132,120,108,122,136,130,100,66,38,40,100,152,176,168,154,140,152,172,210,228,224,218,222,234,255,255,198,112,44,20,12,8,72,198,255,255,255,255,255,255,255,94,14,20,14,28,24,40,38,28,36,40,38,48,58,74,78,218,255,255,255,22,255,255,232,46,68,102,106,110,96,88,80,72,72,120,174,116,54,12,48,176,255,222,120,110,138,134,156,176,152,154,136,110,44,202,255,255,162,255,255,224,90,28,8,10,14,16,74,102,86,80,80,82,182,255,255,255,76,18,8,2,4,4,2,4,4,0,8,12,8,4,10,6,34,36,20,8,0,6,6,6,8,2,4,4,4,14,22,18,24,32,18,10,8,6,6,6,2,4,8,18,2,12,255,255,255,182,82,122,100,50,18,72,96,148,216,255,255,255,255,255,255,255,255,255,255,255,255,255,255,255,255,255,255,255,255,255,255,255,255,255,255,255,255,255,255,255,255,255,255,255,255,248,154,92,48,22,20,34,76,126,126,146,168,142,136,76,30,4,50,96,132,255,255,200,56,255,255,250,112,68,60,48,38,46,64,88,112,112,82,60,64,40,48,106,110,178,170,134,76,28,18,56,18,48,80,26,12,82,160,242,255,234,132,40,46,44,38,42,24,10,48,172,204,140,56,146,198,196,150,116,150,178,204,190
199,16,16,10,16,10,22,16,10,16,14,12,14,18,24,22,38,80,126,170,194,222,238,226,188,84,158,70,150,96,146,168,100,126,255,255,188,22,8,132,220,120,24,12,20,30,6,8,16,38,36,6,6,20,16,32,38,32,32,32,26,28,28,14,6,10,6,12,18,26,18,4,4,8,6,16,16,10,12,26,34,30,34,34,24,18,22,24,32,28,14,46,116,255,255,255,255,238,108,50,10,16,34,36,40,68,62,70,112,104,102,112,86,90,92,64,26,32,80,64,42,78,58,100,74,96,82,38,48,54,16,114,118,82,56,26,26,14,16,12,28,26,14,4,2,14,38,66,96,124,142,138,144,144,140,152,182,196,154,22,162,255,192,76,20,14,20,20,10,2,12,14,6,8,16,12,0,6,6,18,14,12,14,44,112,254,255,255,255,255,144,255,255,255,174,92,72,78,36,10,16,24,16,6,14,18,14,4,24,64,104,154,192,196,168,120,74,56,40,52,66,80,96,130,164,194,206,194,170,150,144,132,132,132,158,170,164,158,148,142,130,92,52,24,14,28,26,18,36,142,255,255,255,255,255,255,255,234,34,16,20,16,20,40,40,40,42,42,38,48,58,70,68,128,255,255,255,255,182,255,255,120,54,110,124,122,102,84,82,92,76,124,228,180,56,10,22,146,255,255,184,132,130,114,142,172,160,174,150,106,88,255,255,255,138,255,255,234,106,54,20,10,14,4,32,60,62,68,80,28,122,255,255,255,58,16,12,6,6,6,4,4,4,0,6,8,4,4,12,4,20,40,34,16,8,0,4,4,6,2,8,4,4,16,34,20,12,36,32,20,12,4,8,4,2,4,2,8,8,58,255,255,255,66,56,116,144,160,172,238,255,255,255,255,255,255,255,255,255,255,255,255,255,248,98,26,88,128,204,208,206,194,188,200,222,255,255,255,255,255,255,255,255,255,255,255,255,255,255,255,255,255,255,255,180,146,168,184,180,180,146,124,132,90,50,34,36,60,120,228,255,255,194,140,255,255,154,68,58,42,18,20,60,90,102,82,68,74,84,74,24,58,96,72,60,8,58,54,60,18,52,52,124,112,116,96,96,122,255,255,224,134,86,56,36,50,62,40,20,106,184,158,112,204,202,140,84,80,114,132,146,222
197,8,14,12,14,14,24,18,14,20,20,16,14,22,30,46,90,164,255,255,255,255,242,204,90,92,128,114,200,152,180,246,216,222,255,255,122,24,42,172,188,62,28,14,28,36,28,4,16,24,32,16,16,24,18,42,50,36,36,32,26,22,22,18,8,4,12,24,32,30,22,16,4,8,14,14,2,18,20,14,22,32,30,26,22,16,10,14,36,58,108,220,255,255,255,255,255,255,174,118,38,42,74,118,144,154,132,140,172,130,102,70,64,12,38,46,66,76,144,156,90,86,14,44,20,42,104,98,148,156,120,174,90,30,6,2,10,14,20,8,18,10,18,22,56,98,132,158,176,186,182,156,160,154,148,126,118,60,46,184,238,166,62,22,12,18,2,14,6,4,10,10,6,8,10,2,4,12,20,12,0,4,4,4,22,64,184,255,255,255,255,255,255,255,70,98,118,178,104,12,26,24,22,28,36,28,14,8,14,6,16,44,96,138,156,170,166,146,144,148,152,164,168,164,140,104,72,46,34,34,20,14,16,16,24,24,18,24,32,16,14,12,14,20,12,18,20,18,16,54,242,255,255,255,100,255,255,255,136,10,20,18,20,36,32,44,42,36,30,40,52,44,38,66,216,255,255,255,40,255,255,246,46,66,102,112,104,82,72,104,78,88,230,255,126,20,10,88,246,255,255,228,148,102,112,124,132,154,178,164,255,255,255,255,196,255,255,196,86,56,38,8,6,4,6,14,18,26,26,28,150,255,255,255,30,6,10,4,2,4,4,4,4,2,4,4,4,6,12,12,6,32,38,20,12,4,2,2,4,4,8,8,12,12,38,34,10,30,34,24,16,4,8,4,8,4,4,6,6,164,255,255,255,154,246,255,255,255,255,255,255,255,255,255,255,255,176,62,146,120,114,74,255,255,255,255,255,255,255,82,56,60,72,84,88,72,66,60,54,70,255,255,255,255,255,62,250,255,255,255,255,255,255,255,255,255,255,194,132,78,68,72,86,88,54,16,28,20,36,166,255,255,255,198,254,190,126,50,42,66,62,64,76,92,98,74,82,106,118,112,72,52,100,88,78,80,88,48,46,40,74,108,120,136,150,162,152,92,168,255,255,255,228,160,82,46,26,14,10,70,172,194,110,140,108,74,20,4,10,4,18,219
198,14,18,10,10,10,18,14,12,18,16,6,8,28,38,78,178,255,255,255,230,152,120,52,92,156,102,140,192,136,255,255,102,255,255,255,48,10,106,198,140,18,18,4,10,20,32,32,6,20,22,6,6,8,12,38,40,26,24,28,44,36,24,16,4,14,14,12,14,12,18,18,12,14,30,40,22,32,22,12,30,34,26,34,38,34,14,68,144,255,255,255,255,255,255,216,255,255,255,218,90,74,136,190,212,166,132,76,72,26,40,28,38,18,14,16,24,22,62,118,64,22,82,62,72,100,98,92,86,42,86,164,96,26,10,8,8,6,24,4,18,46,78,122,164,170,164,138,102,60,22,28,40,40,60,72,96,150,196,200,128,40,12,6,18,14,2,6,8,10,16,18,14,12,10,4,0,14,8,4,2,2,6,4,12,10,36,132,242,255,255,255,255,196,14,114,94,202,170,32,10,20,22,20,30,36,38,16,20,16,12,6,14,30,44,64,82,84,84,86,82,72,60,46,36,20,8,10,8,14,20,10,4,12,24,26,20,18,28,28,32,32,22,16,12,12,20,24,18,20,104,255,255,255,255,255,255,255,255,42,18,24,16,26,16,34,36,32,26,32,44,42,38,38,102,255,255,255,255,188,255,255,94,42,90,106,110,100,86,112,94,70,176,255,220,88,16,32,128,238,255,255,255,246,226,206,208,212,244,255,255,255,255,212,255,255,255,176,70,54,50,26,12,6,4,8,6,14,28,66,208,255,255,255,10,14,10,4,2,4,6,6,2,4,4,0,4,4,6,14,12,16,38,28,12,6,0,2,4,2,6,2,6,0,32,40,54,142,184,158,46,12,8,0,4,4,4,4,76,255,255,255,255,255,255,255,255,255,255,255,255,255,255,255,112,255,255,255,255,255,255,236,255,255,255,38,168,255,255,94,56,82,124,118,128,88,78,70,78,255,255,255,255,255,255,255,255,255,142,255,84,174,255,255,255,255,255,255,255,250,124,92,88,120,86,58,48,48,20,74,186,255,255,206,255,234,102,44,60,66,48,60,76,92,68,16,52,52,58,94,80,24,72,166,174,94,66,106,78,88,150,124,22,78,124,216,242,148,30,198,255,255,255,198,108,32,50,54,30,36,88,162,76,44,96,108,56,48,54,48,38,214
198,28,20,6,12,4,10,14,12,6,14,8,6,22,44,130,255,255,255,222,116,78,46,108,152,98,78,82,112,142,255,178,198,255,255,152,20,32,154,196,108,20,26,20,12,10,16,30,28,24,26,12,8,8,8,26,30,26,58,78,50,22,20,14,8,10,4,10,20,16,14,16,14,18,16,36,36,44,30,24,34,12,46,78,70,62,122,255,255,255,255,255,255,255,150,60,240,255,255,255,210,124,158,134,84,44,118,122,118,114,66,6,40,68,120,160,158,168,86,74,52,96,88,78,20,78,66,112,120,156,204,186,100,34,10,10,4,4,18,18,56,132,188,210,164,78,6,64,118,152,168,184,182,174,180,180,180,176,144,80,22,4,8,10,4,6,10,6,8,8,10,12,12,12,12,14,12,16,4,2,4,6,8,6,2,8,8,26,82,146,182,180,108,4,84,120,32,142,170,92,38,18,14,8,18,18,24,10,14,12,8,8,8,4,8,6,8,12,10,10,10,12,4,6,16,16,16,12,4,12,8,8,14,12,22,30,30,22,18,20,16,22,14,16,26,22,12,14,24,34,52,176,255,255,255,18,255,255,255,130,14,18,12,26,18,30,32,28,24,28,36,44,44,42,54,162,255,255,255,255,255,250,118,12,74,112,116,96,94,110,94,72,124,234,255,212,106,32,28,102,208,255,255,255,255,255,255,255,255,255,255,255,242,226,255,255,255,112,64,52,50,42,32,14,8,10,8,6,4,94,255,255,255,255,24,12,2,2,4,6,12,10,4,2,6,4,6,2,2,10,12,4,30,34,16,2,2,2,4,2,8,4,4,8,18,34,152,255,255,255,248,28,2,8,6,2,26,48,172,255,255,255,255,255,255,255,255,255,255,255,86,144,224,178,255,255,255,255,252,132,255,226,255,255,255,152,255,255,255,38,70,102,72,24,52,42,64,72,128,255,255,255,255,255,255,138,255,255,255,255,255,255,255,255,100,255,255,255,255,255,255,255,255,254,174,98,84,68,48,40,120,192,255,206,186,134,22,46,124,148,114,50,34,122,134,88,76,52,36,42,50,60,54,118,204,204,84,64,92,104,182,244,172,32,62,186,255,255,255,100,84,174,166,136,92,44,44,34,8,14,20,76,86,54,108,130,84,40,26,20,26,215
192,14,22,20,22,18,20,28,18,14,22,24,22,26,68,148,255,255,134,74,216,186,120,110,86,18,52,102,28,166,122,120,255,255,255,108,14,62,174,166,70,26,28,38,36,32,24,22,16,10,34,40,28,8,16,26,14,46,76,56,12,0,16,6,18,12,12,20,18,4,16,16,2,18,30,6,18,34,24,22,4,32,46,70,178,255,255,255,255,255,255,255,255,255,255,124,104,210,255,255,255,118,82,34,78,180,200,162,116,144,78,166,186,164,184,164,144,154,90,38,46,74,50,126,152,164,182,206,188,164,152,124,80,38,12,10,8,4,40,110,192,228,186,78,48,134,180,194,182,156,130,116,100,96,98,94,78,54,26,12,14,12,14,16,12,6,8,4,6,6,8,8,6,8,8,10,6,10,6,4,2,4,8,6,6,8,6,16,14,50,80,110,114,188,222,178,104,202,255,242,168,76,38,6,18,24,18,12,14,6,2,6,14,14,12,8,6,2,2,8,16,12,4,6,12,10,10,10,12,18,16,8,16,16,14,16,22,22,18,14,12,16,10,10,22,24,14,14,16,34,42,82,255,255,255,255,255,255,255,255,62,6,4,18,24,30,30,26,26,30,32,32,34,50,56,90,255,255,255,255,255,210,90,50,24,94,112,78,86,114,96,76,92,166,250,255,230,144,70,4,62,138,216,255,255,255,255,255,255,255,255,76,255,255,255,255,224,80,64,52,50,52,50,32,12,6,8,2,40,128,255,255,255,250,14,16,10,8,4,6,8,4,4,4,8,4,2,2,4,10,14,2,30,36,16,2,2,4,6,4,12,6,4,12,4,16,216,255,255,255,255,238,12,6,6,28,60,46,108,255,255,255,255,255,255,255,212,255,255,255,216,255,255,255,255,255,255,255,255,255,255,255,255,255,192,255,255,255,255,80,98,110,82,66,48,44,60,54,136,255,255,255,255,255,60,255,255,174,255,255,255,244,212,255,255,198,104,200,255,255,255,255,255,255,255,255,164,114,76,44,18,72,126,140,70,68,126,172,156,174,124,52,44,102,156,120,42,34,38,62,78,74,48,22,132,222,202,88,70,94,112,160,206,140,48,90,188,255,255,252,210,255,255,180,80,32,72,106,86,60,36,48,104,92,20,76,62,70,52,46,50,218
189,18,28,14,18,26,20,16,12,22,24,16,12,42,72,112,255,255,240,154,170,82,6,46,42,98,180,124,134,128,126,255,255,255,255,32,24,106,210,154,40,16,6,14,20,34,40,44,18,14,10,30,32,16,20,22,6,36,30,20,8,4,12,24,34,18,18,18,6,20,24,26,20,22,34,26,24,34,22,36,28,56,82,248,255,255,255,255,255,255,184,100,74,222,255,255,164,162,255,210,206,152,60,34,98,142,102,54,20,108,202,255,200,176,34,50,136,138,66,16,62,104,48,132,172,124,118,114,86,64,58,36,8,26,46,54,58,88,156,234,244,132,34,176,228,206,164,96,40,14,12,12,8,0,10,14,12,6,4,2,10,12,12,12,8,6,8,4,4,4,4,6,4,6,4,8,10,12,8,10,8,8,10,10,6,10,6,14,10,14,34,98,174,255,255,234,220,208,255,255,255,216,82,32,22,24,10,12,10,4,8,6,2,4,4,10,18,18,14,2,16,20,38,46,34,16,8,14,8,12,24,10,16,12,10,12,16,14,12,14,16,16,12,10,20,24,18,20,8,18,30,32,164,255,255,255,58,255,255,255,168,12,2,6,18,24,26,24,28,34,34,24,28,44,40,42,124,255,255,255,164,38,76,100,34,64,120,104,98,116,106,84,70,96,154,228,255,255,218,134,64,8,44,78,112,138,148,138,102,18,168,255,255,255,255,255,104,66,64,58,52,54,56,44,26,12,6,10,48,88,234,255,255,255,112,6,4,4,6,8,10,12,10,8,6,2,0,2,8,14,14,12,36,34,16,4,2,4,2,6,16,8,14,24,6,2,234,255,255,255,255,255,56,8,18,42,26,16,92,234,255,255,255,136,255,255,255,255,255,255,82,255,255,255,202,255,255,255,82,255,255,255,112,255,255,228,255,255,255,255,90,80,94,146,88,68,72,22,56,255,255,134,230,150,255,255,255,255,255,140,255,255,255,255,255,188,255,255,255,255,96,255,255,255,255,255,255,255,255,190,126,108,36,80,64,110,200,198,148,178,166,94,76,76,104,112,96,76,62,86,110,122,100,50,46,162,228,202,124,62,100,52,108,154,126,68,78,192,252,210,216,255,244,116,24,56,72,84,98,60,26,32,110,170,86,46,72,72,30,22,14,219
184,86,38,10,10,24,10,8,22,32,30,22,38,30,34,110,242,255,255,64,104,180,194,136,68,178,108,78,168,150,182,255,255,255,130,22,62,158,230,138,36,12,10,18,16,20,24,40,36,32,14,26,26,12,4,18,8,26,32,28,14,14,12,30,24,20,4,10,26,38,28,22,18,28,44,26,14,18,10,18,18,88,255,255,255,255,255,255,252,154,70,10,64,142,204,255,246,255,255,255,128,54,84,76,68,80,76,82,86,140,186,222,24,134,122,134,138,76,32,82,192,255,204,255,206,62,8,40,50,64,70,104,128,138,142,138,144,174,198,166,38,138,238,226,148,82,42,8,10,2,12,14,18,10,14,14,14,14,20,16,10,4,6,6,2,2,6,4,4,4,0,2,2,4,4,8,12,10,8,12,12,12,12,14,14,20,18,22,14,8,16,74,184,255,255,12,122,74,130,255,255,255,128,30,24,14,10,12,22,28,24,24,22,14,12,14,20,14,14,12,28,66,86,58,76,48,8,16,6,10,20,16,14,12,10,12,16,12,8,12,12,12,12,8,12,14,12,24,16,20,24,24,66,252,255,255,255,255,255,255,255,68,4,8,16,18,18,16,20,30,32,16,22,36,36,38,50,122,200,188,142,200,176,242,150,22,106,110,90,90,92,88,70,58,80,120,186,255,255,255,214,164,120,98,80,86,106,166,255,255,255,255,255,255,255,86,80,72,64,60,50,50,56,50,36,20,8,8,46,84,206,255,255,255,255,56,14,12,6,6,6,4,16,12,2,0,0,4,10,12,10,20,40,30,12,8,0,4,2,6,12,4,18,10,16,4,166,255,255,255,255,255,54,14,6,18,20,36,52,50,14,72,62,255,255,255,255,84,255,255,130,255,255,255,255,255,255,255,255,255,255,255,255,255,255,98,172,210,255,255,152,142,76,54,86,70,46,98,134,255,212,255,192,255,255,255,255,255,255,255,255,255,255,255,255,90,255,255,255,255,255,255,236,212,255,255,255,255,255,255,254,154,92,56,96,112,164,102,116,188,232,144,72,36,96,140,124,52,28,60,36,62,90,74,20,116,236,255,248,118,120,82,92,94,152,136,60,90,212,194,184,218,156,68,98,82,46,14,70,64,56,64,54,130,130,20,114,134,118,72,64,214
166,166,32,16,26,40,30,38,78,84,80,90,82,48,8,44,98,202,252,226,180,152,170,154,70,86,116,72,50,78,46,218,255,255,48,18,70,178,212,96,50,24,20,20,12,16,26,16,18,12,10,20,18,10,6,16,8,22,30,36,24,2,18,28,8,22,14,18,36,38,22,20,30,34,16,22,30,46,92,148,255,255,255,255,255,255,214,124,170,156,120,106,86,126,206,216,255,255,255,200,158,140,114,78,46,58,60,72,88,118,134,222,110,118,110,122,106,104,148,230,255,255,255,255,255,184,122,158,140,146,176,200,184,150,118,94,80,66,30,78,196,255,202,102,34,8,6,8,20,22,18,16,26,24,18,14,12,8,6,10,6,2,6,4,4,0,2,2,4,6,2,0,2,6,6,8,8,4,4,8,10,12,12,14,14,12,16,20,14,16,20,62,156,255,255,255,196,136,230,218,255,244,118,22,12,32,54,56,68,66,56,58,58,44,32,22,6,12,4,36,96,120,92,48,72,58,18,16,8,8,10,18,18,20,16,16,20,16,12,18,12,6,10,8,8,8,8,14,24,28,10,32,56,120,255,255,255,130,255,255,255,178,16,6,10,16,14,14,18,26,28,12,20,30,32,48,42,78,168,230,255,255,255,255,255,106,68,100,90,96,100,110,100,70,64,60,74,132,188,230,255,255,255,255,254,255,255,255,255,255,255,255,255,212,88,72,78,80,76,62,48,50,56,54,46,32,18,6,34,70,112,255,255,255,255,252,10,14,8,12,14,10,12,8,6,4,2,8,12,10,6,28,44,24,6,8,0,4,2,2,4,8,8,16,8,12,56,255,255,255,255,255,38,4,14,62,100,114,240,255,255,255,255,255,255,255,255,255,255,255,156,230,255,255,255,82,255,216,255,255,255,255,255,255,255,255,255,255,255,255,246,104,188,130,70,74,90,120,90,255,255,255,144,255,255,255,255,255,255,255,255,112,255,255,128,255,255,255,255,255,255,255,255,255,28,218,255,255,255,255,255,255,255,114,80,114,172,100,20,152,255,248,158,104,72,108,170,130,86,62,22,18,36,58,70,46,140,210,196,106,112,116,110,92,54,96,108,36,96,150,110,84,104,70,38,110,114,60,86,36,48,76,54,66,102,76,74,140,142,96,28,212
151,212,78,58,80,72,64,92,138,154,134,152,136,142,72,150,234,255,255,250,90,118,142,122,124,176,176,152,80,84,52,248,255,242,30,34,78,194,184,38,36,24,28,22,20,26,36,20,16,20,22,22,14,12,10,32,18,38,40,24,12,40,36,30,10,24,16,14,22,22,18,30,40,22,18,50,54,112,240,255,255,255,255,255,255,182,156,36,82,132,140,162,158,202,246,255,255,255,190,168,146,138,122,102,84,48,24,12,56,82,96,130,84,20,106,170,168,172,222,255,255,255,255,255,255,255,244,190,140,112,110,90,30,28,58,76,102,128,158,192,196,140,60,20,14,10,4,6,8,8,10,10,10,12,8,6,10,8,4,10,8,8,10,8,8,2,4,4,4,6,6,4,6,8,6,4,4,4,4,0,4,8,10,8,4,6,4,4,2,8,10,26,80,182,255,255,255,190,176,255,255,220,104,84,72,118,120,110,112,102,94,100,108,106,94,88,72,46,56,96,118,78,12,56,80,60,26,14,16,10,10,14,20,22,16,16,20,16,10,18,16,8,12,10,6,8,10,6,12,26,18,18,46,60,226,255,255,255,140,255,255,255,66,10,14,20,16,14,22,32,32,14,16,22,22,42,36,48,124,255,255,255,255,255,255,255,26,124,120,126,120,128,122,92,72,58,48,58,74,90,116,148,172,196,250,255,255,255,255,255,240,170,100,122,106,76,70,78,82,68,56,60,62,58,52,42,28,16,6,38,48,94,255,255,255,255,116,12,20,20,2,8,10,14,8,8,8,14,16,10,0,32,40,16,2,8,0,4,2,4,6,6,14,12,14,14,6,78,226,220,212,74,16,70,130,138,80,234,255,255,255,255,255,255,255,255,255,255,226,255,255,88,255,255,168,255,242,255,255,255,255,255,255,106,255,255,255,255,255,255,194,110,144,206,164,150,134,128,96,60,255,255,255,255,255,255,255,255,255,255,38,166,255,255,255,255,255,255,255,255,255,255,255,255,172,255,255,180,255,255,255,255,255,255,176,80,104,132,74,30,206,252,164,96,42,80,158,178,106,22,66,78,88,96,110,78,62,112,152,84,100,140,160,132,92,62,68,74,68,90,114,74,56,154,124,22,70,70,30,40,74,108,86,44,54,152,78,44,78,88,70,218
140,255,172,166,174,142,108,114,144,180,140,122,144,180,110,178,216,255,224,124,102,112,142,212,230,80,92,78,24,12,112,255,255,204,4,36,112,232,166,22,32,30,38,36,34,38,40,28,10,10,22,32,26,16,16,24,2,34,50,28,42,48,28,26,28,40,48,38,24,24,28,38,36,28,50,68,132,255,255,255,255,255,255,255,140,128,236,130,18,52,86,112,128,142,144,160,148,114,62,84,86,104,106,104,96,76,76,86,78,104,136,158,150,142,80,24,22,40,112,236,255,226,64,255,255,255,255,238,84,80,98,130,178,198,176,168,168,146,132,114,72,22,2,4,8,12,8,8,8,8,10,10,8,8,10,10,12,6,2,10,4,10,8,8,10,4,8,8,8,6,8,8,8,8,8,6,4,4,6,6,4,0,4,4,2,6,2,4,8,10,4,4,4,44,118,176,210,122,96,158,100,16,114,172,176,166,140,122,112,102,102,108,122,134,132,136,146,140,120,100,44,42,104,116,88,50,22,6,16,8,12,10,12,12,6,8,12,10,4,10,10,8,14,12,2,6,10,8,16,18,26,14,20,32,116,255,255,255,255,255,255,255,152,20,26,20,18,14,20,32,34,18,12,14,16,36,40,38,74,252,255,255,214,255,255,255,108,78,110,116,104,112,114,94,80,74,58,52,58,40,10,12,24,52,90,106,110,116,100,86,106,92,80,106,120,96,82,78,62,60,64,66,66,56,48,42,32,12,18,14,6,18,130,255,255,255,255,52,4,22,12,10,2,4,2,8,12,16,14,4,6,32,36,12,0,8,0,6,2,4,0,6,12,14,10,14,6,16,12,6,12,60,116,164,120,40,64,255,255,255,255,255,150,255,255,255,126,255,255,255,255,255,72,255,255,255,255,146,255,255,255,255,255,64,30,40,36,26,40,66,76,62,46,84,100,94,76,76,60,28,2,72,236,255,255,255,174,255,255,255,255,255,255,255,255,255,255,255,255,255,255,255,255,255,255,255,255,255,124,128,255,255,255,255,255,255,70,70,58,50,122,150,114,98,70,40,50,106,116,122,66,66,86,104,112,98,34,74,150,114,122,174,184,152,162,70,66,62,46,18,24,98,74,62,136,108,36,28,60,56,36,42,56,48,36,128,180,76,50,84,92,220
118,255,242,218,190,182,132,52,76,94,4,16,34,104,116,182,212,172,140,160,124,52,190,170,122,164,236,186,140,156,255,255,255,104,26,52,150,246,130,46,40,28,28,28,22,38,44,38,30,26,20,32,30,22,20,10,6,20,38,28,42,34,16,22,30,28,50,62,56,40,36,20,24,32,92,198,255,255,255,255,255,255,134,188,246,42,208,198,82,12,20,18,38,52,62,52,28,22,10,20,24,56,62,56,78,76,88,116,110,132,156,178,210,248,242,226,186,184,248,255,255,255,146,36,238,255,214,248,188,134,142,144,144,122,86,80,66,36,28,14,6,8,2,4,4,6,8,6,8,4,6,8,10,4,0,6,6,2,10,10,0,8,4,4,6,4,8,6,10,6,2,4,10,10,6,6,6,0,2,2,2,4,4,6,2,4,8,10,8,4,2,6,8,16,68,144,226,160,118,148,12,124,190,206,202,180,112,64,44,36,38,40,42,54,102,158,200,222,214,136,70,126,126,86,44,22,12,6,10,12,12,10,10,6,2,6,14,16,8,6,8,12,18,22,12,8,12,16,10,14,8,18,12,22,60,208,255,255,255,255,255,232,184,58,24,20,16,22,22,26,38,34,22,14,12,24,36,40,44,154,255,255,255,18,255,255,255,28,78,98,94,102,102,88,80,76,64,48,52,58,34,12,38,62,84,88,92,96,104,96,100,112,84,80,100,88,84,88,58,46,54,58,64,56,48,44,36,22,14,18,24,18,40,158,255,255,255,186,18,18,0,8,8,2,2,8,12,16,10,4,16,38,34,8,2,6,2,6,0,2,8,4,6,14,6,16,10,10,8,10,60,144,168,236,254,255,150,255,255,182,255,142,255,255,255,255,255,232,255,255,255,255,212,130,255,255,218,128,46,78,100,110,84,72,38,42,46,36,20,8,2,14,14,16,20,38,40,32,24,20,20,6,8,16,12,14,22,24,94,234,255,255,255,255,255,255,255,255,255,255,255,255,255,255,255,255,255,255,255,255,255,255,222,255,255,255,255,124,8,82,158,188,134,64,90,76,40,90,132,94,36,74,48,26,78,100,58,50,138,136,72,96,88,16,124,86,22,82,108,94,58,72,100,78,58,72,72,30,36,94,96,50,64,54,30,6,86,82,38,112,124,212
113,134,130,44,8,72,96,78,102,156,138,126,90,84,208,255,230,50,70,134,122,62,130,188,186,255,255,220,164,194,255,255,238,30,18,62,180,244,110,50,46,22,10,16,8,34,42,34,46,26,10,12,26,30,26,6,8,24,24,18,38,32,22,26,28,20,24,26,50,70,52,42,66,126,255,255,255,255,255,255,178,94,28,78,216,154,108,218,120,26,14,16,8,4,8,10,8,8,2,10,4,10,10,8,6,16,36,62,78,102,120,136,160,188,202,218,214,230,255,255,255,255,204,134,255,255,255,236,102,84,68,40,22,16,12,10,10,10,6,10,12,6,4,2,2,0,2,0,4,4,6,4,6,0,2,6,6,8,12,8,4,6,4,4,4,4,6,2,6,8,6,10,12,6,8,8,8,4,8,10,8,8,6,8,4,6,10,6,4,4,6,4,4,10,20,80,218,234,170,142,42,142,162,116,86,140,144,98,48,18,6,12,12,74,140,168,172,164,200,174,138,112,52,12,10,14,6,8,8,10,10,10,8,4,0,2,8,18,18,8,14,10,14,22,20,12,12,20,16,4,6,8,10,14,24,94,210,255,255,255,255,196,120,100,4,24,18,20,24,20,34,40,30,18,12,16,24,30,26,66,255,255,255,255,255,255,255,150,54,104,104,110,102,88,88,74,72,62,38,50,56,30,30,26,58,82,88,86,108,90,66,108,108,88,84,82,88,90,68,48,46,52,60,56,50,48,40,30,12,12,20,26,16,62,255,255,255,255,60,16,4,4,12,2,2,6,12,20,16,8,26,38,24,8,4,2,2,2,2,4,8,6,12,24,24,10,2,18,38,106,160,186,255,255,255,255,255,255,255,255,170,255,188,158,255,255,255,255,255,255,255,255,108,156,150,188,230,158,54,6,14,32,18,16,2,10,18,6,12,10,10,6,6,6,2,2,16,16,8,10,8,10,16,22,24,22,8,2,10,16,16,84,92,80,255,255,255,255,255,255,255,255,255,255,255,255,255,206,255,255,255,255,255,204,255,255,255,255,240,122,122,106,58,42,60,88,60,50,162,190,126,56,10,14,34,84,88,38,46,96,58,114,154,112,30,98,60,28,70,78,40,54,78,114,110,64,34,82,78,26,44,54,44,4,54,84,98,90,50,84,116,202
126,178,188,164,156,174,162,118,102,114,74,78,152,255,255,255,170,172,46,78,160,128,38,118,132,156,120,54,42,110,255,255,110,14,20,90,210,238,86,44,42,36,16,16,14,28,28,12,24,38,26,26,16,18,30,6,6,24,26,34,42,34,24,24,24,28,34,22,30,44,60,116,160,255,255,255,255,255,244,98,36,50,36,58,162,142,66,180,86,10,10,8,6,8,8,10,4,10,4,6,6,6,4,4,6,12,2,12,14,36,46,56,70,86,106,118,108,126,184,255,255,255,234,204,255,255,255,146,74,76,74,42,16,12,14,6,0,2,6,4,0,0,2,2,2,0,2,2,2,2,6,4,10,8,4,4,6,4,8,6,2,4,4,4,4,4,6,2,6,10,6,12,12,2,8,10,8,6,10,8,4,6,6,10,14,14,12,6,8,10,10,4,6,4,14,40,128,188,112,38,96,130,140,134,92,12,90,158,154,102,62,80,132,156,134,78,28,96,158,154,158,96,16,12,2,10,6,8,10,10,10,4,0,8,6,8,6,6,18,12,8,6,6,12,16,14,10,14,16,12,8,4,8,12,12,46,114,152,120,122,110,58,66,128,58,12,12,12,16,20,30,34,30,26,22,22,26,28,24,44,148,255,255,255,28,255,255,255,34,90,102,106,98,92,98,76,76,86,66,70,72,44,16,8,28,58,72,68,112,116,78,96,104,98,86,92,102,92,74,54,46,54,58,52,48,48,42,30,18,18,12,16,16,50,134,255,255,255,255,14,8,10,8,12,10,8,10,18,18,10,28,32,18,4,2,0,0,0,0,2,6,8,8,20,4,14,14,46,158,186,130,255,255,255,255,255,255,52,255,255,255,255,255,106,255,255,255,255,136,140,255,255,250,200,144,84,58,50,36,30,26,16,12,8,8,8,10,6,6,0,0,0,2,4,4,4,2,6,4,2,2,4,4,6,8,8,10,14,16,14,12,8,16,4,36,98,54,38,255,255,255,156,255,255,255,255,108,255,255,255,255,234,132,255,255,255,255,255,255,255,255,212,160,132,76,66,68,54,112,148,138,56,60,62,84,142,152,110,54,80,84,48,120,120,48,88,128,58,34,74,58,44,56,44,70,76,52,78,108,124,64,12,22,36,58,54,40,28,74,20,64,200
144,230,220,162,120,104,86,40,20,60,120,206,255,255,255,118,146,166,90,144,154,236,184,74,46,90,124,102,72,98,252,234,80,8,52,130,236,208,30,30,22,54,36,20,32,28,26,16,18,16,10,18,30,26,14,8,14,18,22,38,38,24,14,4,8,14,30,30,24,30,112,186,255,255,255,255,255,168,20,136,154,154,118,174,230,116,124,200,94,22,18,8,4,10,12,12,8,8,2,6,6,4,4,6,10,10,6,8,10,12,14,28,30,24,6,46,48,40,72,150,255,255,255,255,255,255,206,170,140,134,114,66,28,12,8,12,6,4,6,2,0,0,0,0,0,0,0,0,2,6,6,4,6,8,4,4,8,4,4,6,4,6,4,4,6,4,8,2,8,8,4,14,12,4,6,8,4,2,4,4,2,2,2,2,8,12,10,4,6,10,6,10,14,20,20,10,34,98,90,96,126,64,94,136,168,152,66,72,168,220,188,192,176,114,30,66,134,152,130,110,182,158,54,4,8,10,8,10,14,10,10,8,6,6,2,0,2,2,6,8,6,4,4,8,12,14,12,14,18,16,12,8,12,16,16,24,84,142,88,24,8,28,10,112,118,28,24,20,18,22,36,36,30,28,26,24,28,32,28,28,88,255,255,255,255,214,255,255,184,30,92,98,88,100,106,86,70,64,62,80,90,68,36,8,36,38,50,54,98,116,100,104,100,98,84,86,94,90,82,58,42,54,60,52,48,46,42,36,26,22,12,10,16,42,88,236,255,255,255,126,8,14,12,10,14,6,8,14,16,12,30,32,16,4,2,0,0,2,4,2,2,8,10,6,18,0,56,176,226,66,44,255,255,238,255,255,255,255,56,255,255,255,255,255,204,255,255,255,220,214,114,70,74,46,28,20,22,26,16,16,4,10,14,6,20,24,6,16,8,0,0,2,6,6,4,4,4,2,0,2,6,6,4,4,4,4,4,6,10,10,8,12,20,20,4,14,30,28,92,255,226,236,255,255,255,138,255,255,255,255,255,255,255,255,255,46,138,255,255,255,255,255,212,224,208,122,72,46,18,80,150,124,62,30,42,84,108,104,78,20,116,78,58,96,90,8,124,108,44,40,82,78,44,44,50,50,78,82,8,72,90,50,34,70,110,90,34,34,72,86,48,206
151,180,104,48,28,32,20,28,78,140,218,255,255,255,94,110,132,166,250,194,74,160,192,128,66,42,34,66,132,250,255,228,54,34,76,146,234,172,22,36,32,54,42,16,40,26,20,28,30,22,16,14,34,38,34,26,24,20,28,36,26,16,14,12,14,26,32,22,38,134,250,255,255,255,255,255,158,40,196,255,255,255,214,172,112,38,188,172,54,4,10,12,12,10,6,6,10,12,10,8,4,4,6,12,10,8,8,4,4,16,52,92,108,120,132,86,72,82,102,136,194,255,255,255,255,220,126,104,120,114,84,38,10,6,2,8,6,4,4,0,0,0,0,0,0,2,4,4,6,6,2,4,2,8,10,4,8,4,2,4,4,8,4,4,6,2,8,2,6,8,8,12,8,2,4,10,6,2,4,6,6,4,4,6,2,8,8,6,2,10,10,2,12,2,24,2,18,42,96,132,96,20,20,42,106,172,176,110,164,236,255,255,142,60,122,154,122,72,44,54,146,180,106,18,10,8,8,12,14,6,8,8,8,8,10,12,8,4,2,6,4,0,0,4,6,8,8,8,14,16,12,8,12,16,16,14,46,118,130,44,24,26,54,36,134,84,8,22,24,18,30,34,32,28,26,24,26,30,30,16,38,150,255,255,255,128,255,255,255,52,74,98,76,96,110,116,100,62,46,56,76,90,98,48,48,34,48,38,60,80,84,84,82,88,78,80,84,78,80,68,46,50,56,48,44,42,38,34,26,24,22,4,26,52,74,142,255,255,255,255,30,12,18,12,12,4,8,12,10,12,32,30,10,0,0,2,4,6,6,6,6,18,4,6,18,62,160,218,46,178,104,255,255,255,92,255,255,255,255,255,255,255,255,255,255,255,255,255,152,84,42,36,52,40,18,4,2,8,4,4,2,12,6,12,8,14,16,6,8,0,0,4,6,2,0,4,4,0,2,6,6,2,0,2,4,4,4,4,0,4,4,12,14,10,10,6,16,18,10,14,22,104,255,255,255,255,255,255,255,255,255,255,255,255,72,255,255,255,56,255,255,255,255,186,255,255,182,130,102,110,120,120,66,76,100,78,30,68,72,56,78,140,46,82,128,94,40,122,60,38,88,116,92,54,34,8,60,118,114,84,44,68,84,36,38,98,100,62,44,78,90,189
155,102,26,30,10,22,48,74,160,238,255,255,216,114,122,128,206,255,228,4,152,186,190,164,174,204,184,198,255,255,255,132,28,36,76,140,220,148,30,54,22,40,36,14,40,26,14,20,24,32,18,14,12,20,44,52,38,22,24,22,6,10,20,30,28,18,6,46,136,255,255,255,255,255,255,126,46,78,194,228,80,212,172,96,64,154,188,112,14,10,8,8,6,8,2,2,4,6,6,2,2,0,4,10,0,2,6,8,8,30,112,242,255,255,240,176,142,152,140,134,104,184,255,255,204,94,82,76,66,42,20,6,12,8,0,10,6,4,6,2,0,2,4,4,2,6,6,4,4,2,0,4,2,14,10,2,6,4,0,2,4,8,4,4,4,2,8,4,4,2,4,6,4,0,2,10,10,4,4,4,4,2,0,4,0,8,10,10,8,12,12,6,4,16,18,4,12,42,96,128,80,16,30,18,28,84,144,160,212,206,156,255,196,148,170,96,20,4,4,18,92,154,122,36,8,6,4,8,8,2,6,8,4,10,14,14,12,6,8,6,2,0,0,4,4,4,4,2,10,16,12,6,8,14,14,14,16,58,124,102,24,34,46,30,92,120,34,8,18,14,18,24,30,28,26,24,24,28,32,24,18,72,236,255,255,255,255,255,255,112,32,86,56,64,84,110,126,102,76,66,66,82,106,64,40,46,60,46,54,52,72,76,74,82,78,84,88,78,76,76,58,52,56,48,42,42,38,36,26,16,28,28,8,52,72,92,182,255,255,255,244,18,10,4,2,4,8,12,10,12,30,24,6,0,0,4,6,4,2,6,8,12,18,16,66,144,196,198,255,255,255,142,255,255,255,90,255,255,255,255,255,94,255,255,255,255,86,16,18,26,56,68,28,14,2,8,6,8,6,8,6,8,14,4,6,12,8,12,10,0,0,4,6,2,0,4,6,4,6,6,2,0,0,2,2,0,0,2,2,0,0,4,8,4,12,20,12,20,20,10,12,14,50,86,134,255,255,255,152,246,255,255,18,122,255,255,255,255,255,250,255,255,255,255,252,255,255,212,120,18,100,168,148,76,32,6,8,40,62,68,30,66,82,56,140,152,84,68,128,70,58,92,86,38,48,58,40,66,98,102,68,32,76,118,86,6,64,40,18,92,120,171
171,48,14,12,14,66,122,204,255,255,255,212,56,68,56,110,255,158,116,188,234,255,255,246,254,240,164,136,186,216,130,54,32,54,96,158,226,134,30,42,40,30,32,24,44,42,22,24,36,30,12,12,16,52,42,34,24,4,6,16,24,36,42,60,30,24,40,142,255,255,255,255,255,226,102,28,14,102,232,255,255,198,100,86,100,96,96,50,2,6,10,12,12,10,4,2,8,12,10,6,6,2,4,10,6,4,8,8,10,70,200,255,255,255,168,66,62,42,6,42,98,196,236,164,48,0,6,26,20,8,4,12,6,4,4,10,6,4,6,6,4,6,6,6,4,6,4,4,4,4,2,4,6,12,6,4,8,8,4,4,6,6,4,6,6,4,6,4,4,6,2,4,6,4,4,6,6,4,4,4,4,2,0,4,2,4,8,10,10,10,8,0,14,14,4,2,8,36,84,138,102,12,24,24,70,118,162,172,200,214,136,232,206,138,116,50,4,14,16,12,72,140,122,42,8,4,0,4,4,8,12,8,2,8,4,4,10,12,8,2,0,0,0,4,6,6,6,4,4,12,10,4,2,8,12,16,20,36,90,118,40,32,16,66,24,112,76,18,8,12,10,14,22,24,24,24,24,26,30,36,24,30,108,255,255,255,255,255,238,108,22,54,36,26,40,54,54,40,40,44,48,72,110,80,48,60,62,38,44,40,72,86,82,78,78,90,96,82,68,70,64,60,64,56,48,48,44,48,42,14,18,38,16,28,40,46,84,255,255,255,255,82,10,8,4,6,10,14,12,14,32,22,4,0,2,6,4,0,0,6,4,2,12,80,196,194,242,255,255,255,255,255,255,255,255,255,84,255,255,255,255,255,188,184,62,32,16,44,58,30,10,34,32,30,10,16,12,6,8,12,10,16,12,8,18,12,10,4,10,0,0,2,6,6,4,2,2,4,4,2,0,0,0,2,4,4,4,4,2,0,0,0,6,12,2,16,8,12,28,24,32,20,4,4,8,142,255,255,255,200,255,144,255,255,255,255,255,255,156,255,255,94,255,255,255,255,255,255,255,96,70,116,150,114,48,50,58,82,108,114,98,68,84,54,70,126,158,70,112,96,38,72,110,66,34,26,6,20,26,48,54,50,44,70,126,86,6,48,70,114,152,182
181,16,4,20,56,122,206,255,255,255,248,158,62,176,90,170,192,132,182,216,248,255,196,114,112,52,24,10,108,238,168,36,8,84,148,200,238,112,8,16,46,26,28,36,42,58,38,18,40,50,38,20,44,62,28,40,46,34,38,40,46,54,56,42,22,82,182,255,255,255,255,255,164,70,26,6,10,56,136,194,250,250,182,94,46,150,202,158,68,22,12,12,12,12,10,10,18,18,10,10,8,4,2,8,12,12,12,10,10,88,242,255,68,255,255,112,108,136,156,156,166,150,102,42,12,12,12,16,6,6,8,4,6,6,4,12,10,6,4,4,4,4,2,2,2,2,4,6,4,6,4,2,6,6,4,6,12,10,6,6,8,6,6,8,8,4,2,2,2,6,4,2,4,4,4,6,6,4,4,4,4,4,4,6,8,6,4,0,4,0,4,12,22,10,8,8,4,24,86,144,140,52,18,72,136,152,142,90,180,255,255,255,174,84,134,122,62,36,30,32,104,170,118,28,6,4,0,4,4,10,10,4,6,8,8,16,18,10,4,6,6,4,4,6,8,8,8,6,4,12,10,6,2,2,8,6,10,26,68,122,84,32,32,46,26,74,98,44,8,14,8,8,14,22,22,20,22,22,22,30,30,32,58,164,255,255,255,255,186,52,40,46,48,52,66,92,98,80,66,38,32,16,78,76,38,44,36,14,32,30,50,70,82,72,66,80,92,84,66,56,56,64,68,58,48,48,46,54,62,28,6,30,28,10,4,6,22,114,255,255,255,255,20,8,8,8,10,14,12,18,36,22,2,0,4,6,2,0,2,10,12,8,80,242,248,138,255,255,255,255,24,255,255,255,255,255,255,255,255,255,255,255,216,52,34,68,54,32,20,10,28,2,18,30,16,4,12,8,4,8,10,4,6,102,162,168,94,6,6,0,0,0,2,4,4,6,4,0,0,0,0,0,0,0,0,0,0,0,2,4,4,4,8,6,16,6,12,8,8,8,12,28,34,14,4,14,28,255,255,255,255,142,255,255,66,255,255,255,255,255,255,255,220,255,255,255,250,255,255,255,144,16,72,132,106,32,26,28,60,90,94,58,54,130,52,44,120,174,182,172,74,116,172,132,78,58,50,54,60,54,28,64,90,48,38,80,60,6,40,102,160,197
175,24,22,50,112,194,255,255,255,236,82,96,20,106,64,118,214,156,134,152,152,122,76,48,96,112,80,46,66,160,160,56,12,106,182,212,204,80,24,16,42,22,10,20,16,38,38,16,22,44,46,20,44,24,30,62,46,30,48,52,58,58,46,26,92,226,255,255,255,255,255,120,34,6,6,14,12,8,24,46,114,174,182,158,94,96,218,255,182,102,78,44,12,14,20,14,20,10,6,10,14,14,8,4,6,8,14,12,32,158,255,255,122,255,126,12,14,76,82,80,54,20,26,16,6,14,14,8,4,6,8,4,6,6,10,14,6,4,2,0,2,4,4,4,2,2,6,4,0,4,6,4,6,6,4,6,8,2,2,6,6,4,4,8,8,6,4,4,2,4,4,2,4,6,10,10,6,4,4,4,4,6,8,12,10,12,6,4,2,4,8,12,10,6,6,8,6,12,78,142,170,112,88,140,148,80,30,104,208,222,204,216,160,60,34,122,150,118,48,52,142,168,88,18,2,4,0,2,6,6,6,4,2,4,8,12,10,4,4,2,2,2,4,4,2,6,8,6,4,14,14,14,14,12,14,10,8,8,28,96,116,32,32,44,32,42,104,88,12,12,12,16,8,10,14,14,20,22,18,18,24,38,46,80,180,255,242,130,32,18,36,28,92,94,96,110,86,44,36,24,48,22,42,54,32,38,36,16,36,36,30,58,84,70,64,78,78,88,116,122,138,172,178,154,114,82,66,54,66,46,10,32,38,8,8,18,26,28,168,255,255,255,142,4,4,8,6,12,8,28,34,12,0,6,14,10,10,10,8,10,6,24,206,255,90,84,255,255,255,255,255,212,255,255,255,156,255,255,255,255,255,138,22,32,90,56,10,30,34,46,10,36,38,14,22,14,22,16,20,20,24,0,8,150,110,124,88,10,6,48,146,146,142,38,6,4,12,4,10,10,8,10,10,6,6,6,6,6,10,6,6,6,10,4,14,12,6,8,8,2,6,4,16,10,10,6,8,10,116,255,178,250,255,56,255,255,196,255,255,255,255,255,88,198,255,255,255,238,255,255,255,220,88,116,112,72,92,58,28,14,48,78,80,114,132,44,132,182,200,174,104,152,222,198,144,80,26,12,10,24,48,70,110,124,94,42,60,86,88,56,30,210
175,50,56,84,184,255,255,255,198,32,140,144,178,214,236,122,112,70,50,76,54,70,64,12,10,34,48,62,134,224,190,70,32,108,184,200,170,78,48,46,42,24,18,30,32,32,14,18,12,30,40,8,38,6,54,66,44,28,54,54,56,56,48,90,192,255,255,255,255,244,112,16,8,6,6,10,12,8,12,12,22,72,118,160,194,164,140,255,255,224,210,148,66,10,10,6,12,2,2,4,10,16,16,12,12,14,10,32,148,255,255,255,255,255,144,132,130,184,190,108,34,6,10,6,12,18,12,4,6,8,14,10,2,2,6,4,2,4,2,2,4,6,2,4,6,6,6,2,0,2,4,6,6,4,4,4,2,2,4,6,2,4,8,6,6,8,4,2,2,4,6,6,6,6,10,6,6,0,0,0,0,4,6,6,2,8,6,6,2,4,6,6,4,4,8,6,14,4,38,92,152,160,124,94,24,70,132,176,160,92,70,120,150,136,86,18,120,176,160,100,160,134,62,16,8,10,14,16,8,6,6,4,2,0,4,8,10,6,2,6,4,10,10,8,4,2,6,6,4,12,8,6,8,10,16,22,20,18,12,38,106,78,72,124,122,128,172,160,54,10,14,12,4,8,8,10,16,22,20,16,12,24,38,42,96,142,136,162,208,166,192,78,94,150,170,204,198,176,132,70,84,56,64,82,44,24,54,64,46,20,24,70,120,108,102,116,78,130,228,255,255,255,255,255,255,255,238,146,98,78,42,34,38,42,22,22,24,16,32,255,255,255,255,38,14,6,14,8,8,22,24,2,6,8,20,8,8,16,6,16,16,174,255,162,160,38,255,255,255,255,255,255,255,255,98,255,92,255,255,242,48,50,68,50,18,24,6,34,44,42,46,30,108,156,152,64,10,12,22,18,24,8,44,104,102,196,82,14,14,112,254,160,212,62,6,4,38,90,84,68,36,12,8,8,8,10,8,12,16,10,12,2,8,6,6,4,2,8,8,2,2,6,6,10,10,10,10,4,10,68,68,204,255,255,255,255,255,255,255,166,255,255,90,36,138,255,255,255,240,226,255,255,230,48,180,124,50,26,34,20,66,100,78,22,88,114,162,160,136,136,124,132,228,224,164,80,62,74,74,56,54,48,36,44,52,64,138,204,228,255,180,207
171,42,50,138,255,255,255,232,10,78,120,240,252,120,184,164,94,18,108,108,84,120,150,110,114,148,144,144,184,202,138,42,34,120,192,200,148,52,24,36,42,38,34,28,26,20,6,18,14,30,48,32,34,24,40,42,32,34,56,56,52,62,50,116,255,255,255,255,202,102,22,18,16,6,2,2,4,4,4,4,6,36,98,162,232,232,134,202,255,255,255,254,130,34,4,10,8,2,2,2,0,6,12,8,8,16,16,70,255,255,255,98,255,188,24,18,32,74,214,200,88,20,6,8,14,8,6,6,10,6,8,12,8,0,8,8,6,4,2,6,8,12,14,12,8,4,2,0,0,2,4,6,4,0,0,2,4,8,10,4,2,6,4,6,8,12,12,8,6,2,2,4,2,2,8,8,6,0,0,0,0,4,6,6,6,10,12,8,4,6,8,10,8,12,8,10,14,20,54,78,102,166,184,144,134,160,144,98,56,30,34,40,44,108,154,116,42,60,132,166,146,84,36,4,0,10,6,14,14,2,2,4,6,4,0,4,6,6,8,2,2,8,4,4,4,0,2,6,4,12,10,8,8,4,4,14,16,28,16,8,64,116,154,255,255,255,255,255,138,28,10,10,14,10,10,10,12,18,18,18,12,14,36,26,62,136,180,255,255,255,255,255,78,74,108,166,194,214,196,138,88,66,88,126,116,84,30,52,46,64,112,136,180,152,140,152,104,255,255,255,255,255,255,255,255,255,255,255,255,154,88,40,32,62,72,82,74,84,110,180,255,255,255,128,14,12,24,6,6,18,26,12,0,10,6,16,16,8,14,6,138,255,232,180,255,255,255,255,255,255,255,255,255,255,255,180,255,255,160,48,32,118,92,24,8,30,24,52,60,50,56,62,255,228,255,92,12,10,60,182,178,154,40,56,94,80,16,14,10,108,200,190,230,44,12,24,174,228,202,102,28,24,4,42,52,52,14,14,2,8,4,8,8,4,2,0,0,0,0,0,0,0,0,0,4,8,8,14,16,30,6,12,255,255,255,255,255,255,255,255,78,94,70,54,30,96,255,255,255,180,140,255,255,255,36,120,72,74,50,40,86,130,138,102,54,132,218,176,72,70,82,68,144,224,184,112,54,28,10,16,24,48,70,70,84,148,214,255,244,255,255,179
172,36,86,248,255,255,255,74,80,64,116,176,142,168,170,138,174,214,226,178,168,196,170,106,92,120,132,126,132,132,88,28,28,146,255,224,124,12,32,18,40,48,48,46,46,38,20,32,30,20,40,40,40,44,50,54,62,40,42,52,30,20,136,255,255,255,255,186,72,16,22,24,24,16,30,46,54,56,60,48,68,134,226,246,200,128,172,174,100,66,154,186,110,28,10,10,2,0,0,2,2,6,8,4,20,6,6,84,200,255,255,255,255,252,166,158,200,160,58,214,140,32,6,14,10,2,10,6,10,4,4,12,12,4,4,8,6,4,6,8,8,6,8,6,2,0,0,2,4,8,10,6,2,0,2,6,8,10,8,6,8,6,2,2,4,8,10,8,8,8,6,2,2,4,8,8,8,4,4,4,4,6,8,8,8,12,14,8,6,8,8,10,18,14,8,10,32,84,100,92,62,126,206,214,178,144,92,60,42,20,38,40,10,38,130,188,200,202,210,166,122,78,32,6,6,12,10,10,14,20,22,14,2,6,4,6,6,4,6,4,2,6,4,6,6,4,4,4,2,14,12,6,6,4,2,4,8,24,26,6,34,128,220,255,255,255,255,255,255,74,18,12,16,10,10,8,10,16,16,16,18,20,28,16,28,108,232,255,255,255,255,255,255,42,26,72,88,112,138,130,84,54,78,114,140,162,134,76,48,218,255,255,255,188,138,124,222,255,255,255,255,208,158,160,255,255,255,255,255,255,180,82,88,126,168,152,140,108,158,184,222,255,255,255,48,8,18,8,8,28,28,10,2,12,8,20,8,16,10,102,255,255,174,255,255,255,255,255,212,255,255,255,255,255,202,255,255,138,106,70,146,94,24,20,14,22,24,42,28,56,46,100,214,96,255,100,8,0,158,255,255,255,48,58,44,26,102,90,70,64,146,204,114,16,4,44,144,102,182,138,34,2,58,178,174,200,68,2,14,22,22,12,2,2,4,4,4,2,0,0,0,0,0,0,2,6,8,10,8,24,16,22,12,212,255,255,255,255,255,200,38,54,54,48,62,64,56,255,255,255,104,114,255,255,255,122,138,48,8,26,24,52,72,84,46,86,226,255,255,136,22,36,72,202,226,178,142,104,86,82,76,68,56,32,52,118,156,172,90,106,136,150
162,52,190,255,255,255,150,94,90,120,164,186,255,255,240,240,255,234,196,124,98,80,40,46,22,34,62,52,44,62,70,30,50,208,255,214,110,28,32,8,24,32,32,34,42,38,18,26,34,10,16,38,32,48,50,46,64,62,70,108,122,255,255,255,255,255,255,255,194,90,74,88,88,84,100,118,130,128,142,138,174,224,208,74,80,188,255,255,255,255,255,255,130,30,4,8,4,4,4,4,0,6,8,8,8,34,44,88,198,255,255,255,255,158,114,102,166,220,68,164,150,36,6,18,4,10,12,4,8,4,6,10,14,10,4,4,8,8,8,8,4,2,8,10,6,4,4,6,8,10,8,6,4,2,6,6,6,6,2,8,10,2,0,0,0,2,4,4,6,8,8,6,6,8,10,6,10,8,8,8,8,8,8,8,6,10,8,2,2,6,6,6,14,8,8,42,96,114,76,26,38,102,132,168,164,146,130,118,88,70,98,124,104,114,142,182,208,208,160,82,90,126,94,46,18,10,8,10,2,4,8,16,12,10,4,6,4,4,6,2,0,4,2,8,8,6,6,2,8,14,8,6,10,6,2,10,10,16,26,14,8,92,255,255,255,255,255,255,255,180,32,12,10,6,8,4,6,12,14,8,10,22,22,20,12,54,208,255,255,255,255,255,255,170,10,38,56,70,86,90,52,18,36,58,70,106,122,98,216,255,255,255,255,255,144,36,255,255,255,128,190,255,255,255,255,255,48,255,255,255,255,150,162,210,202,166,156,72,116,102,88,255,255,255,255,14,2,4,4,26,10,16,8,6,20,6,12,16,38,255,255,30,255,255,146,255,255,255,255,255,255,255,162,166,255,250,252,255,202,152,62,42,30,12,12,10,32,106,226,254,252,88,208,244,234,42,2,2,164,255,194,255,94,32,8,200,255,255,182,20,56,44,22,32,22,34,126,150,194,84,12,10,76,176,34,152,82,12,16,76,100,112,54,6,2,2,6,6,4,2,0,0,0,0,0,2,6,6,20,12,28,20,10,8,66,255,255,255,214,32,16,50,28,34,52,72,100,44,255,255,255,76,138,255,255,204,74,74,72,68,42,30,42,86,102,62,114,224,255,214,94,36,42,152,236,224,174,114,74,36,4,12,36,48,68,170,222,226,248,198,108,146
168,92,255,255,255,242,72,74,66,152,84,154,244,186,142,98,92,72,12,40,32,66,64,84,76,80,98,72,54,72,74,36,56,194,248,156,92,44,50,6,12,28,20,20,34,40,24,20,38,22,28,46,24,46,54,50,62,60,60,140,255,255,255,255,255,255,174,255,255,188,114,136,112,100,90,88,84,76,76,90,112,92,38,190,255,228,172,136,158,168,192,148,64,12,4,2,4,6,6,6,2,6,8,8,14,12,28,68,110,122,136,110,50,30,16,22,116,200,68,170,160,38,2,18,2,10,4,4,6,6,4,6,12,12,12,10,12,8,8,8,0,8,10,10,6,6,4,4,4,4,2,4,4,4,6,4,6,4,0,8,8,0,0,0,0,0,0,0,2,6,8,8,8,8,6,2,4,4,4,4,4,4,4,6,4,6,2,0,0,4,6,10,12,8,30,70,88,42,36,84,106,98,56,60,82,104,120,128,126,118,122,142,154,154,154,132,108,92,128,122,42,54,102,110,90,64,42,16,12,14,8,8,14,12,12,12,10,12,8,4,2,4,2,8,6,0,6,10,12,8,6,12,12,8,6,10,8,12,18,20,2,28,204,255,255,255,212,255,255,255,94,30,14,10,8,2,4,10,14,4,6,20,14,30,30,20,122,255,255,255,40,255,255,255,56,30,40,58,74,92,64,20,20,34,26,30,66,150,255,255,255,224,255,255,216,60,255,255,238,100,255,255,255,255,255,255,255,255,255,255,255,255,126,108,36,56,74,38,74,52,38,188,255,255,255,152,22,2,14,18,4,4,2,10,8,10,0,20,136,255,98,202,255,255,255,255,255,255,255,255,90,255,255,255,248,255,186,255,255,60,24,30,44,32,16,10,38,192,255,255,255,78,76,82,30,76,74,56,120,232,255,238,40,2,32,246,188,208,212,42,12,74,246,236,232,46,40,44,44,4,24,28,72,176,184,210,52,20,8,64,68,90,76,10,6,12,16,12,12,8,2,0,0,0,0,4,6,18,16,8,8,22,20,4,16,20,56,102,66,34,30,78,78,50,38,48,84,96,68,255,255,255,70,106,255,255,192,68,70,68,42,26,58,84,70,42,36,112,200,206,174,118,132,90,88,174,160,92,60,72,76,64,70,66,54,114,214,190,140,204,255,138
158,140,255,255,255,96,80,36,202,255,146,186,152,130,146,102,110,142,124,106,74,44,20,52,44,48,62,46,44,82,82,26,50,202,248,166,118,62,90,32,38,58,32,16,30,50,46,26,40,40,62,52,34,40,54,54,56,48,124,255,255,255,255,255,255,255,255,162,255,194,96,12,34,56,68,84,118,130,120,114,120,130,208,222,146,60,38,38,48,66,66,42,14,2,6,4,6,4,6,6,2,4,8,2,4,12,10,18,36,54,68,80,64,62,82,140,206,184,34,222,146,26,4,14,4,8,6,6,6,8,4,4,8,8,10,8,8,8,8,6,4,8,6,6,4,6,2,2,4,10,10,8,4,4,4,2,4,4,4,8,8,4,4,4,2,0,0,2,4,6,8,8,8,4,2,2,4,4,4,2,0,0,0,2,2,2,0,0,0,2,6,14,14,18,38,56,62,64,116,108,70,30,4,8,16,36,52,56,74,88,72,64,76,86,70,52,30,20,52,106,124,74,20,82,138,176,184,124,38,8,2,12,6,0,4,6,8,14,12,10,8,4,4,8,4,4,8,10,6,2,8,12,8,12,10,8,6,14,14,20,14,10,82,255,255,255,255,255,255,255,188,28,6,8,4,0,2,8,14,10,6,14,10,20,40,10,38,226,255,255,255,210,255,255,196,14,30,26,52,98,98,54,32,40,44,28,62,198,255,255,122,100,255,255,242,104,255,255,164,138,255,255,255,192,200,255,255,255,255,255,255,255,52,86,138,166,122,86,68,50,64,98,255,255,255,255,52,16,24,14,10,12,8,4,4,10,10,50,255,255,192,255,255,255,255,108,255,180,255,255,255,255,255,234,255,158,255,255,140,8,42,42,48,52,10,8,6,230,255,255,255,164,32,26,216,255,255,194,54,94,120,36,14,10,56,222,252,255,178,6,12,156,255,196,255,80,26,8,82,202,178,156,20,56,88,48,14,12,12,76,84,124,74,6,4,14,14,8,12,8,2,0,0,0,0,4,6,8,24,6,18,10,14,8,10,6,16,140,134,16,62,74,126,74,42,30,38,90,104,112,255,255,255,36,88,255,255,204,32,88,108,86,106,154,136,94,62,70,164,192,148,90,102,98,54,82,126,124,88,64,36,12,24,50,66,108,138,142,116,156,255,125
156,200,255,255,142,90,106,88,255,255,184,248,230,224,156,122,108,96,38,38,68,68,104,128,116,108,104,78,78,94,64,26,56,214,255,208,128,64,94,64,64,78,42,8,14,42,50,24,24,32,64,36,40,20,32,38,52,118,255,255,255,255,255,136,128,255,255,254,186,116,120,144,148,146,136,124,124,142,144,148,150,158,152,86,18,10,6,10,20,16,12,6,8,8,4,2,6,4,8,8,4,6,8,4,10,4,6,54,154,255,255,255,248,166,134,148,120,54,172,210,90,10,6,10,6,4,6,2,4,8,6,6,4,4,6,8,2,8,8,6,6,12,14,12,4,6,4,6,8,8,12,12,6,4,4,2,4,4,4,2,6,8,8,8,6,2,0,4,6,4,4,4,6,4,2,6,6,4,6,6,4,2,0,0,0,0,0,0,0,2,6,8,6,16,48,70,70,90,82,38,8,10,6,6,6,6,22,18,22,26,28,18,22,12,18,12,6,10,12,30,80,124,110,62,170,255,255,255,255,140,44,18,16,14,10,6,4,4,6,8,10,6,4,6,2,4,8,6,4,4,6,6,2,12,14,10,6,16,16,14,32,12,14,144,255,255,255,126,255,255,255,80,8,6,2,2,4,6,12,18,14,20,8,20,36,16,12,96,255,255,255,126,255,255,255,58,54,40,46,74,76,42,24,24,40,24,56,244,255,255,64,104,255,255,210,74,255,255,220,140,255,255,255,86,36,114,255,255,255,32,255,255,250,126,120,128,100,136,130,114,146,144,146,255,255,255,255,8,16,4,6,2,4,6,2,8,8,192,255,12,255,160,218,255,255,255,255,255,255,255,255,192,255,255,244,255,255,120,58,8,28,54,26,52,108,100,58,192,255,255,255,52,6,42,255,255,255,208,54,38,12,180,224,218,36,112,128,144,42,6,6,154,255,255,255,72,2,22,252,255,255,192,26,14,18,90,128,126,52,50,36,66,24,8,8,12,8,4,14,10,2,0,0,0,0,2,4,6,6,14,10,8,16,16,22,8,26,48,180,150,90,48,76,52,58,82,38,46,134,124,130,255,255,255,48,108,255,255,190,120,62,24,68,76,54,40,16,36,118,198,160,102,80,60,70,24,170,176,110,102,94,88,78,82,132,212,255,255,255,255,255,122
149,255,255,255,38,126,116,94,255,152,68,112,102,44,28,52,88,142,160,190,174,150,174,172,142,110,86,54,54,68,46,8,38,210,255,190,98,56,80,30,44,64,36,26,24,32,36,26,54,56,42,28,38,22,26,6,106,255,255,255,255,255,152,62,62,142,255,255,102,78,164,122,84,60,54,36,26,34,40,44,50,50,34,20,14,16,6,0,10,16,22,20,16,12,10,8,12,8,8,8,4,8,8,4,6,20,20,64,206,255,255,255,255,255,120,18,78,154,192,124,32,8,6,8,10,4,4,8,10,6,2,4,2,0,2,4,4,10,10,6,2,6,8,10,6,10,14,8,4,4,4,10,10,8,8,4,4,2,2,4,4,2,6,6,2,4,8,14,12,8,6,6,6,6,8,4,4,6,0,4,6,6,2,6,6,12,12,6,4,14,18,10,6,6,26,42,26,38,14,8,6,12,8,14,6,8,12,16,6,12,4,6,6,4,4,4,2,2,6,4,10,66,122,180,236,192,255,255,255,255,255,120,42,20,22,26,14,18,14,6,12,4,8,2,8,6,6,8,2,2,4,6,12,14,6,12,6,12,18,12,22,20,6,60,255,255,255,255,255,255,255,202,34,6,10,8,10,8,12,12,6,16,24,16,18,22,16,46,182,255,255,255,172,255,255,218,14,54,48,64,76,50,26,14,30,14,26,252,255,255,62,104,255,255,210,24,255,255,255,66,255,255,255,136,84,40,160,255,255,228,255,255,255,112,38,42,28,86,86,102,106,84,60,190,255,255,255,108,12,6,10,6,14,8,6,14,80,255,252,255,252,28,72,40,160,255,255,255,255,98,255,255,255,255,255,255,40,92,52,14,18,38,44,244,255,255,250,68,156,190,78,0,12,46,255,255,255,236,32,18,118,255,216,255,82,66,56,34,158,154,126,90,230,255,172,20,22,46,238,188,255,238,32,26,76,255,255,255,96,36,46,18,64,70,62,18,6,10,10,8,4,6,6,4,4,2,2,4,6,4,6,2,6,12,10,22,10,20,48,154,198,144,30,40,66,102,64,26,32,138,92,170,255,255,208,72,192,255,255,116,78,132,144,148,136,114,94,82,72,174,166,94,118,96,146,134,226,255,224,138,84,36,22,56,144,255,255,255,250,176,148,110
152,255,255,148,62,36,92,102,240,56,128,96,102,144,158,196,232,226,204,190,156,136,146,136,96,80,76,48,42,64,56,26,54,238,255,178,84,30,72,22,52,76,24,30,40,40,30,52,72,48,50,50,38,26,22,70,255,255,255,255,255,150,54,2,10,48,116,218,200,124,255,255,138,24,16,18,20,18,2,10,10,2,2,12,14,8,6,4,8,6,2,4,8,12,14,12,8,8,8,6,2,4,4,8,0,10,10,50,202,255,255,128,110,176,146,142,142,138,88,28,4,8,10,10,12,12,8,10,16,6,6,2,0,0,2,6,6,8,10,10,8,10,10,10,4,16,14,6,2,6,6,4,10,8,4,0,2,2,2,2,6,6,8,6,4,6,8,8,2,12,10,4,4,6,10,6,8,8,4,0,2,4,4,4,6,12,8,24,18,28,18,16,18,4,16,10,8,8,6,8,4,6,10,14,10,12,12,8,16,4,6,8,2,4,2,6,4,6,8,0,6,8,44,130,255,255,255,186,255,255,255,255,238,114,44,22,30,30,14,24,10,6,6,8,16,12,6,8,2,2,2,8,12,8,6,6,8,10,14,2,10,12,10,14,134,255,255,255,88,255,255,255,96,6,12,10,8,4,12,4,4,20,20,16,20,28,26,30,90,255,255,255,194,255,255,255,114,24,32,46,72,76,40,22,30,6,18,224,255,255,96,96,255,255,255,28,255,255,255,62,255,255,255,214,84,62,100,255,255,255,255,255,255,200,50,38,26,28,34,50,24,14,56,68,255,255,255,238,4,2,8,2,12,2,56,122,248,255,56,255,74,112,54,90,78,66,46,255,255,255,255,162,255,160,255,196,14,130,56,18,22,10,48,255,255,255,255,68,40,20,174,214,220,68,166,180,228,58,2,10,152,255,194,255,124,18,22,224,255,255,250,44,64,64,20,74,84,66,206,214,255,118,18,2,130,255,24,255,132,30,20,126,255,220,188,44,14,24,10,12,12,12,12,8,8,4,2,4,4,4,4,2,2,14,18,24,38,10,24,38,140,158,108,98,88,74,66,34,54,42,106,42,255,255,255,68,106,178,255,255,132,144,120,110,96,54,36,14,16,64,112,54,52,216,255,240,255,255,255,178,70,56,46,82,172,255,255,164,44,120,140,125
140,255,255,98,76,78,96,150,182,126,204,176,178,232,246,255,246,188,142,102,58,32,38,50,30,18,44,48,42,64,52,12,28,214,255,208,90,20,60,34,70,94,26,8,30,38,28,36,34,12,50,66,62,24,54,242,255,255,255,252,134,64,6,8,4,22,30,148,255,232,98,255,255,124,48,20,4,4,12,4,14,0,0,2,4,8,10,6,2,4,6,2,2,6,4,2,6,10,12,8,4,6,8,12,22,22,32,46,152,255,255,255,255,122,200,156,64,34,8,2,6,2,6,10,10,12,16,16,14,2,6,4,0,2,4,8,8,6,6,4,2,2,4,6,10,14,6,4,6,0,6,4,2,4,4,6,6,2,2,2,2,2,6,6,6,4,6,10,18,10,4,8,6,6,8,4,14,18,14,10,6,4,4,16,14,6,24,4,10,16,2,8,16,6,22,8,6,26,28,22,14,14,6,2,4,14,4,10,14,4,4,4,4,4,8,6,6,6,2,0,0,0,4,30,96,254,255,255,255,94,255,255,255,255,234,96,64,14,4,28,14,22,22,18,12,4,6,4,0,2,2,4,10,8,4,4,4,6,8,8,10,14,16,12,48,255,255,255,255,255,255,255,200,26,14,10,8,18,12,2,6,16,16,12,12,20,20,12,38,146,255,255,255,250,255,255,184,26,30,40,46,70,66,34,12,24,28,182,255,255,170,48,255,255,255,114,152,255,255,194,248,255,255,255,114,84,140,255,255,255,188,255,255,226,58,32,48,28,10,10,12,52,80,50,130,255,255,234,16,14,4,10,22,10,94,208,255,166,255,255,54,136,54,68,32,18,108,255,255,255,255,210,255,255,255,86,92,102,14,32,36,16,68,255,255,255,255,20,12,124,255,255,255,126,36,48,22,110,110,92,114,232,255,230,44,2,34,255,184,244,255,78,10,50,255,255,255,108,48,104,72,14,32,36,92,255,255,255,86,12,16,184,200,118,172,54,24,6,90,110,110,44,22,12,8,2,2,2,2,0,0,0,0,0,0,4,28,40,4,12,54,140,214,100,80,50,88,60,30,8,74,98,16,255,255,255,12,104,214,255,255,122,52,24,16,62,60,78,88,92,86,46,52,254,255,255,255,255,255,230,110,24,12,80,186,226,202,148,255,255,255,161
128,255,255,114,152,146,70,196,194,224,230,236,220,255,200,138,114,46,16,30,40,28,40,72,62,22,22,12,14,34,44,20,44,218,255,244,112,56,84,38,52,62,34,22,30,26,22,6,30,24,48,86,70,38,222,255,255,255,255,106,58,4,18,12,8,14,2,32,222,255,224,130,255,255,150,26,8,8,4,20,18,4,4,2,0,2,4,6,4,4,6,4,6,8,6,8,10,12,14,8,4,6,8,10,16,4,18,40,56,92,132,194,234,132,252,255,120,32,8,12,8,0,2,8,10,12,16,14,10,2,4,6,4,6,8,10,12,8,10,8,8,6,6,4,10,8,2,2,6,6,4,4,2,8,8,8,6,8,2,2,2,0,2,4,2,2,6,14,8,8,12,8,10,10,8,2,0,4,4,8,12,4,6,6,12,6,18,12,10,16,0,6,12,14,18,8,60,116,110,120,98,58,14,16,12,10,14,6,6,4,4,4,4,4,8,6,4,2,0,0,0,2,6,10,16,46,150,255,255,255,255,152,255,255,255,255,202,90,38,22,14,22,12,12,2,6,4,4,4,4,4,4,6,12,4,6,6,10,10,6,10,14,14,14,4,118,255,255,255,56,255,255,255,82,6,18,22,14,2,8,8,12,14,12,12,20,20,18,30,60,255,255,255,255,255,255,148,70,16,54,42,50,66,58,16,14,26,108,255,255,255,36,226,255,255,255,56,255,255,255,94,255,255,255,162,72,186,255,255,255,174,255,255,200,52,32,38,46,46,34,10,44,60,40,255,255,255,188,10,18,14,10,10,12,96,218,182,172,255,74,110,74,58,74,14,54,255,255,54,255,82,232,255,255,42,68,102,62,86,234,255,255,70,255,252,255,116,16,12,142,255,106,255,178,26,14,168,255,255,248,48,96,108,20,48,46,48,228,255,255,212,10,6,86,255,92,236,142,52,24,108,255,236,186,30,56,120,84,12,20,48,146,234,255,180,32,14,40,154,84,132,50,20,10,18,14,4,2,2,0,0,0,0,0,0,4,4,34,32,6,20,86,255,212,88,10,98,116,26,20,20,82,114,76,255,255,255,58,80,255,255,255,148,62,76,60,42,58,22,22,86,102,126,255,255,255,50,255,255,255,162,80,56,58,192,255,255,255,255,255,255,199
114,255,255,112,138,86,74,106,172,170,156,166,114,90,18,54,96,74,70,54,56,34,24,40,44,28,14,2,14,30,34,16,40,198,255,246,120,50,98,70,56,40,42,48,42,22,24,40,36,18,80,80,46,170,255,255,255,255,110,46,28,20,6,14,2,8,16,6,78,250,255,202,68,255,255,114,30,8,16,6,8,4,4,2,0,0,2,6,8,6,8,8,8,10,10,12,12,10,8,2,0,2,4,6,6,20,16,16,20,36,76,142,238,148,142,236,108,26,14,6,8,2,4,6,8,10,12,8,6,6,4,4,4,6,8,6,10,8,10,6,8,8,8,4,4,6,4,2,2,4,4,4,2,10,10,10,6,12,10,2,4,2,0,0,4,8,10,12,6,14,10,10,18,16,6,8,16,20,18,8,12,2,10,2,12,4,12,18,22,10,6,28,48,62,50,70,184,255,255,255,255,206,82,18,18,6,12,10,4,4,6,6,4,4,8,4,0,0,0,0,2,6,6,10,24,8,40,112,255,255,255,255,236,255,255,255,255,255,148,86,38,6,0,12,12,12,10,6,10,6,6,8,4,10,10,4,4,10,8,2,8,18,22,28,6,36,240,255,255,255,255,255,255,244,32,6,18,6,8,12,6,6,8,8,10,22,28,16,22,36,126,255,255,255,255,192,80,110,28,64,58,46,68,46,4,44,50,32,255,255,255,148,98,255,255,255,240,255,255,248,16,255,255,255,194,68,255,255,255,255,222,255,255,172,44,28,14,24,36,24,20,24,36,86,255,255,255,38,8,12,2,6,4,8,56,224,166,255,214,102,164,62,54,28,48,142,255,255,255,255,255,100,255,128,16,62,54,34,160,255,255,255,166,114,140,78,86,84,70,112,255,255,255,68,8,8,255,255,192,254,48,42,18,196,255,255,88,96,128,146,14,26,30,152,218,172,255,60,50,8,220,255,186,162,70,28,36,118,194,170,48,50,74,112,48,4,28,58,136,114,172,78,14,20,12,4,12,10,2,0,0,0,0,0,0,2,6,14,38,22,24,26,118,202,146,64,70,126,88,18,6,12,86,94,198,255,255,196,112,62,255,255,255,124,12,26,40,72,64,58,38,42,102,240,255,255,255,226,255,255,180,82,70,30,130,242,252,255,255,194,136,217
93,255,182,70,60,64,140,76,96,38,40,94,98,72,76,66,84,58,28,26,30,34,46,46,26,20,22,20,24,36,44,28,48,222,255,255,110,18,76,90,76,36,36,54,50,18,38,42,36,44,68,46,82,255,255,255,255,148,64,26,12,24,14,8,8,6,22,24,32,106,194,255,184,174,255,192,32,14,12,24,12,10,10,6,4,4,8,8,12,6,4,6,8,12,12,10,8,4,2,0,0,0,0,2,6,14,8,44,116,188,222,220,196,102,192,190,128,52,14,8,6,4,6,4,4,6,6,2,2,4,4,4,4,4,6,4,6,8,8,6,8,6,6,4,2,6,8,4,2,2,2,0,4,8,8,6,2,8,12,4,2,2,0,0,4,8,6,4,2,12,10,10,10,8,8,10,8,2,14,8,8,4,12,6,16,32,26,40,80,124,150,176,204,206,186,80,255,255,255,255,255,255,192,40,8,10,16,6,4,4,4,4,2,4,8,6,2,2,0,2,6,6,2,12,16,8,6,28,52,178,255,255,255,255,84,255,255,255,255,255,170,74,14,10,16,14,16,10,14,4,6,10,8,10,12,2,0,6,4,2,4,12,16,28,20,16,122,255,255,255,190,255,255,255,120,18,28,20,10,24,4,6,6,6,16,32,36,20,12,22,64,176,240,176,88,30,62,132,72,56,62,56,76,56,42,68,36,36,130,255,255,255,54,168,255,255,255,255,255,254,42,238,255,255,178,62,255,255,255,156,255,255,255,140,42,30,6,16,30,16,26,22,4,255,255,255,146,14,32,16,16,6,12,20,96,255,52,255,32,166,136,124,94,52,22,240,255,112,255,142,255,166,255,255,124,44,16,10,208,255,52,255,242,30,26,162,255,255,254,36,128,160,68,26,26,30,234,255,255,246,24,22,92,255,206,255,128,52,72,255,255,255,255,255,255,255,255,255,255,255,255,255,255,240,52,28,34,255,255,255,124,36,34,18,98,98,84,16,64,92,82,22,0,10,14,4,10,10,2,0,0,0,0,0,0,2,10,2,16,34,40,48,34,102,188,126,42,70,74,76,50,18,12,128,38,255,255,255,90,128,120,255,255,226,68,48,34,38,26,18,36,40,50,172,255,255,255,226,255,212,126,60,50,122,100,110,104,68,30,20,18,219
79,250,58,40,60,206,210,154,176,148,134,130,128,72,38,30,32,46,44,58,64,54,50,46,40,42,40,30,22,26,30,18,16,168,255,255,108,22,68,90,88,32,10,34,54,30,32,12,60,58,28,46,255,255,255,255,150,72,28,22,32,8,14,10,8,6,2,4,14,44,68,178,226,30,255,198,50,10,6,8,12,8,6,4,4,4,8,4,10,6,2,6,6,8,8,4,2,0,0,0,0,0,0,2,8,12,34,136,255,255,255,255,112,20,84,192,244,220,134,44,6,4,6,2,2,6,4,0,4,8,8,6,6,8,4,4,6,4,4,6,8,6,6,4,2,0,6,6,4,0,4,2,4,8,8,6,4,8,10,4,2,2,0,0,4,10,8,6,8,10,6,6,12,8,6,12,18,10,12,14,20,38,64,54,64,106,100,90,194,255,255,255,255,255,255,110,236,255,232,114,244,255,200,56,2,6,2,6,8,6,4,4,4,6,8,8,4,6,2,4,6,2,0,4,16,6,18,26,20,28,122,255,255,255,255,255,255,255,255,255,255,255,126,46,22,8,16,18,12,6,6,8,12,12,8,4,4,10,8,2,2,10,12,18,14,18,44,220,255,255,255,255,255,255,204,26,34,16,2,22,6,12,12,14,24,36,38,30,22,16,28,102,152,106,120,196,168,255,206,36,62,60,64,58,52,50,26,32,56,212,255,255,218,20,172,255,255,255,255,160,24,255,255,255,128,28,200,255,255,255,255,255,255,120,34,36,14,18,32,18,28,36,122,255,255,255,26,38,22,16,4,6,14,12,122,238,68,232,255,232,70,98,120,14,82,255,255,255,255,255,194,216,40,255,250,86,112,76,186,255,255,255,110,4,6,255,255,255,255,82,38,10,152,220,224,96,128,136,180,56,2,12,110,255,222,255,182,255,255,255,255,255,255,255,255,255,255,255,255,255,255,255,255,255,255,255,208,196,156,255,162,20,22,130,255,250,226,58,14,14,32,30,30,32,30,28,14,4,4,0,0,0,0,0,0,2,6,10,6,24,70,20,46,34,178,190,90,58,32,78,100,40,72,100,132,60,255,255,255,80,128,255,255,255,144,30,56,70,82,70,40,34,30,74,192,244,255,255,255,230,112,54,84,88,64,42,52,72,68,80,82,207
69,132,100,52,144,255,152,84,80,68,60,48,54,34,40,58,72,82,72,78,86,76,68,66,54,46,44,30,30,12,26,20,10,126,255,255,120,38,96,102,94,44,16,12,52,56,28,48,72,56,8,230,255,255,255,184,74,20,12,20,14,4,10,2,2,4,2,30,76,136,194,228,134,202,255,208,32,12,8,8,4,2,4,4,4,4,6,4,8,4,0,4,2,4,4,0,2,4,4,4,4,4,4,8,10,24,76,182,255,255,106,166,118,44,46,78,146,246,255,160,32,2,6,6,6,6,4,2,4,8,6,2,4,8,4,4,6,4,4,6,8,8,8,2,2,4,2,6,6,4,10,6,2,10,10,8,8,10,8,4,4,4,4,2,2,8,10,8,2,6,8,8,20,36,48,46,52,48,56,104,138,178,216,192,150,156,184,194,174,255,246,174,152,162,255,154,206,255,255,255,255,255,224,62,10,16,8,0,2,4,4,4,6,10,10,8,4,6,4,6,4,0,0,6,14,8,10,14,6,10,10,76,216,255,255,255,255,64,255,255,255,255,255,228,118,34,12,12,4,6,4,8,12,12,4,6,6,10,10,2,6,14,16,16,8,16,14,80,255,255,255,255,255,255,210,100,6,14,8,14,14,12,14,18,26,36,36,24,6,10,14,58,132,152,228,255,255,255,255,180,58,72,56,52,46,48,44,44,50,62,254,255,255,206,42,60,136,132,112,22,134,255,255,255,100,14,150,255,255,255,255,255,255,64,34,40,50,50,56,40,52,106,255,255,255,168,6,16,8,4,4,4,10,12,164,170,80,255,255,255,152,108,226,250,255,255,48,255,32,178,255,246,255,255,112,255,255,255,74,255,255,192,8,14,20,255,255,255,255,36,12,62,255,248,255,114,40,34,14,120,134,102,70,164,208,255,255,255,255,255,92,255,255,255,255,255,255,255,255,255,255,255,146,255,255,255,255,255,254,254,84,14,12,174,194,126,246,88,16,14,122,198,212,100,2,24,22,4,4,0,0,0,0,0,0,2,8,6,2,4,54,50,36,10,94,166,112,44,74,60,72,60,38,46,122,106,162,255,255,246,116,42,255,255,255,102,64,48,22,4,32,54,70,88,138,144,196,222,206,220,130,68,38,126,132,96,56,46,26,34,8,199
59,52,108,82,204,212,32,56,70,98,126,112,100,108,116,106,106,114,104,100,90,66,58,54,36,24,20,10,22,10,14,20,8,130,255,255,154,46,80,112,116,72,8,26,16,38,44,68,76,44,140,255,255,255,228,100,24,4,8,4,12,16,14,20,18,26,54,118,174,188,144,54,146,255,255,108,8,16,6,6,8,6,6,6,8,10,12,12,12,8,6,10,10,10,8,2,4,8,8,8,8,8,10,14,6,18,66,152,255,255,255,255,206,156,178,176,172,30,250,255,136,20,6,10,0,8,6,4,4,10,2,6,2,10,10,2,4,6,2,4,4,10,10,2,4,2,4,6,4,4,8,4,10,8,16,8,8,0,4,8,8,6,4,4,6,14,10,4,18,18,24,42,56,92,182,218,234,172,110,236,255,255,255,255,252,98,128,122,26,255,255,255,255,255,255,196,72,224,255,255,255,255,120,32,12,10,14,6,2,2,2,4,6,10,8,10,8,8,10,6,2,2,4,4,6,4,20,20,2,8,10,4,52,158,255,255,255,255,255,190,255,255,255,255,255,172,68,30,16,12,10,18,8,10,14,4,6,8,6,6,10,20,22,18,8,14,10,32,108,202,172,164,184,126,134,162,66,14,8,8,14,12,12,10,14,24,32,30,32,18,22,36,94,188,255,255,255,255,255,255,44,68,52,48,44,64,72,72,74,70,68,242,255,255,255,160,100,76,86,160,255,255,255,255,84,58,18,156,255,255,255,255,116,46,38,84,98,124,122,104,158,255,255,255,255,22,6,4,10,6,2,2,6,28,156,56,255,255,255,255,255,255,255,255,255,255,255,255,255,160,238,58,122,255,166,255,255,255,120,110,68,96,228,238,102,198,236,255,118,10,4,86,255,118,255,134,6,24,142,255,255,196,255,255,255,255,255,180,255,255,255,255,255,255,255,255,255,255,255,255,255,255,255,255,255,255,196,255,255,255,255,120,28,154,240,255,224,38,4,40,202,166,188,118,22,4,26,44,50,50,14,8,8,6,6,4,8,2,6,6,20,30,12,20,6,98,138,84,42,66,62,24,70,46,74,180,26,230,255,255,94,90,202,255,255,246,18,60,84,92,88,88,66,44,68,88,96,54,126,168,102,130,66,54,106,86,34,42,74,96,90,212
47,40,58,24,200,86,74,116,152,160,162,144,146,164,158,124,114,116,94,70,44,24,22,18,6,6,18,20,26,10,12,18,16,118,255,255,170,10,40,80,116,116,56,20,16,26,46,74,64,86,255,255,255,255,124,40,6,10,10,10,18,18,10,34,80,124,174,200,154,40,86,192,230,188,102,24,12,4,12,2,10,4,2,2,2,2,4,6,6,4,6,8,14,16,14,8,4,8,8,6,6,6,10,10,10,8,60,114,192,255,255,244,240,255,238,204,255,255,50,255,255,78,16,18,8,18,8,8,10,12,6,6,8,8,16,4,4,6,2,8,6,4,12,4,8,6,4,4,2,4,8,6,14,6,10,2,6,6,16,4,14,18,12,10,4,8,6,50,84,60,80,130,112,136,255,255,255,255,122,224,234,122,42,106,178,44,162,142,172,230,255,255,255,255,234,146,70,56,92,86,82,42,8,2,6,6,6,8,6,6,4,4,8,10,4,8,8,6,4,4,4,6,6,6,10,14,14,8,4,6,2,6,14,18,102,255,255,255,255,255,128,255,255,255,255,255,255,136,66,30,26,10,6,18,24,16,16,12,10,12,20,24,20,18,16,26,16,6,56,110,64,26,38,84,32,154,128,22,14,8,12,14,16,16,22,28,32,30,8,16,20,24,64,170,255,255,255,222,255,255,176,26,72,60,72,76,70,70,72,64,60,46,198,255,255,255,255,255,255,255,255,255,255,130,72,60,48,48,34,66,100,84,48,18,32,106,168,166,178,118,255,255,255,255,144,14,14,12,12,4,4,2,6,76,122,72,255,255,246,255,255,255,255,255,255,255,255,20,255,255,255,255,190,92,255,255,255,255,64,10,46,255,255,255,172,66,94,40,88,114,96,56,240,230,255,34,8,12,216,206,136,255,255,255,255,255,255,255,255,255,230,114,74,108,124,126,140,164,140,134,70,94,190,255,255,255,255,255,42,255,255,255,255,22,72,106,30,4,10,56,180,166,255,152,12,22,14,78,42,70,30,6,4,14,2,8,2,6,4,6,8,22,26,2,26,44,160,148,50,80,100,46,28,76,62,178,130,86,255,255,255,180,176,255,255,255,106,50,62,46,30,16,42,94,118,158,150,84,126,122,80,128,166,46,58,104,100,84,80,56,28,223
50,64,118,74,158,40,178,208,220,210,200,172,152,136,112,72,56,48,20,18,8,6,6,16,18,22,18,22,24,16,18,12,16,84,255,255,182,28,62,74,66,84,66,28,8,20,56,78,52,255,255,255,255,142,44,8,16,20,20,24,44,76,102,134,156,160,138,58,60,166,204,174,108,52,16,8,6,8,14,6,8,4,4,6,8,8,8,10,6,4,6,4,6,12,14,14,6,12,10,4,6,4,6,4,8,10,20,34,42,74,118,128,134,106,58,36,152,255,172,252,255,118,10,6,10,10,6,2,4,12,8,8,6,10,8,8,4,2,12,14,8,6,14,12,8,10,10,6,2,2,6,12,6,12,16,8,4,18,4,46,58,52,60,72,72,58,28,138,174,162,230,255,224,96,226,255,180,255,186,180,255,224,255,255,255,158,178,162,184,86,112,118,100,68,68,54,26,2,12,6,14,6,4,4,10,10,8,0,4,6,6,6,8,4,0,4,6,4,8,8,8,6,2,4,10,12,10,10,4,4,8,6,14,12,16,90,198,255,255,255,255,255,144,255,255,255,255,255,246,104,34,20,6,6,8,16,10,12,16,18,18,14,12,12,8,12,18,16,28,96,98,8,38,58,52,96,158,68,2,14,14,10,12,12,16,20,18,22,20,22,10,8,34,84,255,255,255,128,255,255,255,94,58,74,72,60,54,50,32,12,6,6,32,122,226,255,255,255,255,255,255,255,108,64,92,78,64,130,194,190,120,64,50,30,22,84,108,22,82,180,255,255,255,158,10,0,0,0,0,0,0,4,8,100,98,80,255,255,255,255,255,255,255,255,255,255,255,230,255,255,94,210,255,198,242,255,255,202,8,20,90,255,118,255,216,32,16,166,255,255,255,16,110,92,40,38,34,28,176,255,255,255,255,174,255,255,255,255,172,110,34,58,48,18,76,60,36,102,78,66,70,94,98,124,48,158,255,255,255,255,128,255,255,255,66,26,84,136,134,50,86,124,124,44,4,12,38,44,50,56,26,12,14,0,12,2,6,6,6,8,2,20,32,26,26,14,132,192,88,36,80,70,4,82,56,118,156,16,162,255,255,188,186,255,255,255,255,64,62,100,126,114,154,202,196,242,236,164,255,255,164,76,136,96,100,142,102,58,44,64,70,215
42,118,84,160,116,160,246,214,172,168,136,86,56,42,24,10,20,22,34,36,24,12,18,26,34,28,20,12,14,20,36,20,16,70,255,255,238,54,86,110,66,60,62,36,18,52,100,82,134,255,255,255,178,60,8,8,12,18,44,96,156,182,166,132,70,18,88,164,202,184,116,46,4,14,16,8,8,10,4,6,6,6,4,6,8,8,8,14,12,12,14,16,8,6,6,8,8,14,8,2,4,2,6,4,16,18,8,8,10,8,26,22,10,16,16,30,114,255,228,170,255,120,32,16,6,6,8,6,12,12,18,12,8,10,2,6,16,16,14,4,8,4,16,12,6,6,6,4,2,0,2,8,6,8,6,10,4,10,84,210,234,210,138,164,180,238,114,182,204,218,255,242,255,148,255,255,255,255,246,100,230,238,240,178,162,110,96,102,90,22,28,36,12,4,8,0,8,6,8,12,4,4,2,10,12,4,10,4,2,4,4,4,8,4,0,4,8,8,8,8,8,8,6,4,6,12,14,8,4,8,8,6,14,10,2,28,42,130,255,255,255,255,255,92,255,255,255,255,255,255,170,74,44,26,8,16,2,10,12,8,2,14,20,16,14,8,4,8,8,68,122,50,56,10,98,20,168,128,28,12,14,8,8,8,10,16,18,14,16,34,14,2,40,50,144,255,255,255,116,255,255,254,48,70,80,64,40,56,48,12,4,10,10,18,60,76,92,122,140,98,74,120,152,172,160,162,212,255,255,255,255,142,50,44,50,58,134,124,54,255,255,255,160,0,2,0,0,0,0,0,0,4,6,106,74,104,255,255,255,255,255,255,255,255,255,255,255,255,32,255,255,164,255,255,124,162,138,52,98,108,92,255,255,255,90,8,8,255,255,255,255,62,34,32,138,224,214,86,156,255,255,255,255,255,255,255,126,76,68,132,60,18,90,30,22,118,98,98,48,92,28,102,70,66,110,70,78,84,255,255,255,255,255,255,255,114,255,255,255,82,38,32,8,42,60,58,30,26,48,34,28,10,4,10,8,4,6,6,4,8,4,8,20,44,8,44,70,208,172,48,68,84,8,72,60,56,152,82,74,168,250,156,120,122,255,255,255,230,154,164,156,170,242,255,255,255,255,188,255,255,250,164,214,184,144,212,204,156,98,82,60,206
33,82,72,168,130,206,194,106,44,48,32,40,52,64,70,58,48,34,28,20,20,8,16,20,20,20,16,2,8,10,30,28,28,50,255,255,255,46,54,100,84,76,70,40,40,112,144,40,255,255,255,236,92,6,18,12,28,76,160,206,184,94,22,82,136,168,170,146,112,64,12,12,12,6,6,14,10,2,10,8,0,2,0,4,6,4,6,12,12,10,12,14,12,6,8,2,8,8,0,8,10,6,10,6,12,8,2,6,6,14,16,14,18,6,8,68,250,255,100,255,255,116,16,6,8,4,2,8,14,20,14,6,6,6,8,8,12,12,4,4,10,8,20,10,16,14,14,10,4,2,2,10,4,12,18,4,4,16,158,255,255,255,196,126,200,255,255,164,130,96,104,80,255,255,126,255,255,255,250,106,72,80,72,58,30,12,28,28,26,18,14,6,16,12,8,12,12,10,8,12,12,2,6,8,8,6,4,8,2,4,4,4,8,6,2,4,8,8,8,8,10,12,10,2,10,10,14,14,10,6,6,10,6,6,6,22,18,24,92,238,255,255,255,255,255,104,255,255,255,255,255,255,168,94,40,14,4,8,8,2,6,10,24,20,14,8,2,16,16,20,108,114,26,74,58,64,108,186,88,20,14,12,12,10,10,12,12,22,26,28,14,8,36,34,68,255,255,255,210,255,255,255,76,58,72,68,54,68,54,10,8,8,8,24,44,54,96,126,154,178,210,240,240,255,248,212,255,255,220,255,255,240,128,122,118,100,44,10,255,255,255,255,24,4,6,0,0,0,0,0,0,4,12,118,68,90,102,200,180,255,255,255,255,255,255,255,222,255,255,255,255,255,255,255,58,44,112,255,255,255,40,180,174,132,20,16,18,255,255,255,255,26,6,34,255,218,255,102,255,255,255,255,255,255,164,134,80,106,48,66,120,60,88,50,70,128,102,122,48,142,106,104,42,88,136,108,30,44,118,104,255,255,255,255,255,255,220,66,255,134,22,12,110,255,228,190,32,14,12,12,20,28,30,22,6,6,8,8,0,8,8,4,4,42,28,38,8,152,200,72,52,124,86,74,28,30,116,134,24,102,146,136,54,36,196,255,255,255,188,170,140,166,206,210,196,154,78,54,148,194,174,162,192,126,70,128,168,156,86,16,42,204
34,26,128,56,84,80,72,92,74,96,86,90,70,68,56,40,28,24,46,50,36,20,24,38,34,20,12,2,6,6,20,34,22,18,198,255,255,76,72,88,56,50,50,40,90,168,142,114,255,255,255,118,22,20,8,48,138,224,228,126,20,142,190,190,162,112,54,12,16,16,4,12,10,12,12,4,8,10,6,2,2,0,0,4,4,0,2,2,2,0,4,8,10,6,10,8,6,4,4,10,10,8,12,8,6,10,4,10,12,8,10,8,14,10,24,132,255,255,166,255,232,46,8,10,10,4,2,10,10,10,8,6,12,10,16,10,20,14,6,4,12,0,20,16,20,16,14,6,6,4,6,8,12,22,10,8,8,22,154,255,186,255,255,192,224,28,206,72,118,234,255,255,255,234,66,98,128,140,98,34,28,32,10,60,82,86,80,96,100,72,18,14,8,18,12,16,12,8,12,4,14,8,8,4,2,6,4,8,8,6,4,4,8,8,6,8,10,10,10,4,4,12,14,6,10,2,8,12,14,12,4,8,4,4,4,16,18,6,14,50,178,255,255,255,255,255,84,226,255,255,255,255,255,255,150,54,22,8,8,6,10,4,12,16,16,6,4,18,12,12,64,148,74,78,38,86,12,168,154,38,14,16,16,14,16,20,20,24,10,14,20,16,34,32,40,148,255,255,255,78,255,255,244,38,86,84,64,62,56,20,16,46,86,114,124,190,214,200,206,238,255,244,255,246,255,180,160,42,180,255,188,184,168,146,134,162,158,255,255,255,255,46,8,2,6,0,0,0,0,0,0,4,10,114,48,70,255,255,255,255,255,255,255,255,96,255,144,255,255,190,255,214,255,178,6,20,255,255,220,255,132,60,34,106,255,254,160,148,255,255,152,4,8,54,255,152,255,255,255,255,255,255,255,44,90,74,52,44,66,20,164,56,84,116,96,220,170,70,150,188,58,44,32,100,92,180,176,108,184,126,82,255,255,255,255,255,255,255,255,40,16,10,188,222,128,186,48,2,28,90,94,86,44,22,20,8,4,8,4,4,8,8,4,20,46,8,36,78,196,146,28,50,46,40,10,12,58,134,34,64,84,74,38,50,72,255,255,255,136,102,78,62,54,112,152,170,198,255,255,188,56,50,76,22,34,36,90,124,108,104,104,215
32,144,196,118,110,62,90,102,84,82,66,42,28,44,46,40,46,52,52,36,10,10,20,14,22,14,4,6,0,12,22,32,16,12,118,255,255,146,76,100,72,32,50,66,122,154,36,255,255,255,206,134,84,76,94,192,242,212,60,128,224,210,136,82,40,8,12,4,22,18,6,6,4,8,10,14,12,6,10,8,6,0,0,4,6,2,2,8,8,6,8,12,14,10,10,12,4,4,4,10,10,6,8,10,6,6,8,4,2,6,8,12,14,10,30,130,255,128,255,255,70,0,4,8,8,10,10,18,16,16,58,110,118,114,102,66,30,10,4,4,8,6,8,8,8,6,2,2,4,8,6,2,18,12,14,8,10,22,160,255,255,255,255,176,255,252,230,206,176,162,206,204,196,96,34,18,14,8,18,24,2,4,74,168,190,146,116,100,132,124,34,16,12,8,6,14,16,8,12,4,8,12,8,4,6,10,12,8,10,4,2,2,6,8,8,14,14,10,12,10,8,8,10,4,4,6,6,4,6,12,10,2,6,6,10,8,12,18,14,8,46,138,255,255,255,255,255,248,255,96,255,255,255,255,255,186,60,18,4,8,8,10,14,16,12,4,4,18,8,26,10,102,162,26,88,24,86,78,186,98,18,16,16,16,20,26,26,24,20,24,36,42,34,24,40,76,255,255,255,232,255,255,255,82,70,86,72,54,72,64,102,178,212,214,250,248,198,146,122,80,72,46,112,108,128,110,54,166,255,255,140,4,48,44,44,66,156,255,255,255,106,10,14,6,4,0,0,0,0,0,0,0,18,132,44,54,255,255,255,255,255,255,218,242,255,255,48,98,142,18,164,218,184,20,20,14,228,255,255,255,88,10,36,255,255,255,198,34,74,64,56,106,110,48,190,184,60,255,255,242,255,255,154,190,164,34,74,62,76,78,142,64,14,72,34,60,26,124,255,116,154,24,18,100,154,255,255,255,255,255,255,170,172,255,255,255,255,255,68,14,24,24,174,200,255,188,18,20,50,128,64,104,64,22,4,20,8,4,6,4,2,2,2,4,50,28,38,6,138,150,44,62,60,36,14,18,40,170,128,54,96,56,6,44,32,110,255,255,236,76,92,76,114,138,180,202,212,255,255,168,178,162,90,80,64,46,58,110,136,82,42,223
28,222,152,120,110,60,54,44,24,28,44,68,96,104,82,58,46,36,24,24,16,28,34,18,14,20,6,6,10,8,14,36,34,4,66,255,255,255,68,92,86,50,52,82,156,156,255,255,255,255,142,150,140,146,190,224,130,20,176,248,184,76,14,12,4,12,8,22,14,4,6,6,6,4,2,4,8,10,8,4,6,0,0,2,6,6,4,10,6,6,6,10,10,4,2,8,6,2,4,12,10,2,4,4,2,10,16,18,10,4,8,14,12,14,42,146,255,204,248,255,108,36,14,10,14,16,2,18,16,84,208,255,246,255,230,198,134,56,20,10,12,6,2,4,4,4,2,2,4,8,4,2,18,10,16,6,6,12,98,246,255,255,192,70,168,216,204,184,106,54,58,40,22,30,46,70,82,76,38,12,12,16,88,188,170,120,70,50,92,90,40,8,16,4,4,2,8,6,6,8,8,8,16,8,12,16,12,8,10,2,0,0,2,4,4,12,14,10,10,8,6,4,4,2,2,6,0,6,8,8,8,6,4,4,12,6,10,20,18,14,8,14,102,242,255,255,255,255,255,255,255,168,255,255,255,255,86,26,4,16,0,6,8,18,12,14,18,20,40,58,74,20,148,122,56,64,74,34,164,162,48,16,16,18,22,26,24,20,36,42,38,42,24,20,36,38,118,255,255,255,58,255,255,202,26,102,120,82,66,140,180,200,194,170,142,100,76,74,84,150,162,178,134,140,88,80,124,228,255,172,88,120,108,118,160,82,255,255,255,160,28,20,14,14,4,0,0,0,0,0,0,0,28,118,32,112,255,255,255,255,255,255,255,255,255,255,64,116,156,84,90,94,92,255,255,188,158,255,255,198,10,4,54,255,220,255,244,32,20,94,255,206,224,34,78,68,255,255,255,255,255,216,52,152,144,104,52,116,124,126,80,192,164,120,224,162,92,72,184,132,108,46,102,82,255,255,255,255,255,255,255,255,220,122,255,255,255,255,255,178,188,86,90,106,152,24,12,12,66,112,86,144,66,8,4,12,4,4,0,4,4,6,6,8,36,42,24,20,106,168,76,66,64,14,34,38,66,132,184,44,122,52,20,50,36,48,255,255,255,84,68,40,40,74,50,26,56,140,146,12,102,132,112,32,18,4,30,126,196,178,136,211
31,214,36,82,48,30,68,88,86,88,92,104,116,94,52,32,20,4,24,38,30,30,30,16,14,10,4,12,12,8,2,18,40,24,18,255,255,255,54,74,62,42,46,100,168,204,255,255,255,222,84,16,48,60,62,42,128,210,222,152,46,14,12,10,0,8,6,8,12,10,6,4,14,10,10,8,6,2,4,6,4,0,2,4,2,2,4,6,2,2,6,8,8,6,2,4,4,2,6,16,14,8,10,12,18,18,12,18,16,8,8,6,8,2,22,116,255,255,148,216,206,158,96,22,12,18,32,58,112,244,255,244,108,124,120,216,255,164,68,10,2,2,2,2,2,4,2,6,2,10,12,2,14,6,6,20,18,16,26,84,104,114,60,10,16,40,34,28,4,28,44,42,62,98,144,192,156,180,116,30,10,26,72,194,176,142,168,156,124,86,42,10,2,6,2,6,8,4,2,2,2,2,12,14,12,6,2,6,12,4,2,2,4,4,4,6,12,12,8,6,6,4,6,8,4,2,2,4,6,8,6,10,6,6,14,10,16,14,14,14,14,4,32,78,178,255,255,255,255,255,255,255,255,255,255,255,84,26,4,20,16,20,40,78,96,80,60,46,144,240,236,234,68,130,100,140,166,158,196,240,116,14,26,28,26,28,26,18,24,18,14,30,20,28,52,38,30,240,255,255,255,255,255,222,42,110,188,178,148,174,132,94,114,92,66,90,96,94,156,228,204,234,194,156,146,190,226,242,214,122,36,68,98,96,112,208,255,255,174,18,16,8,6,4,4,0,0,0,0,0,0,4,32,116,60,24,255,255,255,255,255,255,255,255,255,255,24,90,154,84,36,30,255,255,255,255,40,104,80,52,130,132,44,255,240,255,98,4,14,158,255,110,254,62,24,62,255,255,255,255,255,74,54,134,126,116,46,110,36,38,92,190,142,94,142,134,30,26,68,255,255,255,255,158,255,255,255,255,255,255,255,255,255,186,254,255,255,255,255,255,255,120,48,70,8,84,100,100,62,44,98,88,20,10,8,6,4,4,2,2,2,2,2,4,16,40,6,22,88,194,132,48,56,22,42,44,118,56,200,6,128,80,18,24,62,74,64,255,255,255,56,74,90,124,86,168,150,218,255,164,96,78,58,26,14,40,56,100,210,216,138,199
53,124,40,98,68,84,122,130,122,104,80,76,72,30,6,18,24,26,26,28,30,22,22,12,14,16,20,24,28,24,26,20,46,26,10,204,255,255,22,92,70,48,30,82,116,255,255,255,228,128,146,154,146,140,148,188,198,162,110,36,10,12,2,10,8,8,6,6,2,6,6,4,6,2,2,4,6,4,2,0,0,0,2,2,2,2,0,2,2,4,6,4,8,8,6,6,4,2,2,12,12,8,10,16,16,4,4,10,14,10,10,8,4,2,20,76,178,252,192,70,98,198,240,200,126,128,152,196,254,255,148,116,255,254,200,38,184,255,208,112,34,2,6,4,12,16,16,14,10,4,20,18,14,0,6,8,14,14,8,20,28,22,4,10,18,48,70,70,70,114,156,144,132,154,168,148,100,164,122,50,4,36,66,174,210,180,170,122,64,36,24,12,12,16,8,16,10,8,2,6,0,6,12,10,14,14,8,14,16,6,4,4,6,4,4,4,6,8,10,8,2,0,0,12,16,10,6,4,8,6,4,14,12,2,8,4,16,14,4,10,22,16,10,20,42,132,222,212,208,230,255,255,255,255,255,204,40,34,28,74,92,88,152,244,244,212,164,62,255,255,255,255,255,104,204,255,255,255,255,255,255,70,30,22,26,38,32,24,22,22,24,28,16,20,34,12,12,124,255,255,255,255,255,130,118,90,208,178,98,68,40,132,218,188,138,138,152,120,174,234,170,130,180,126,198,236,230,216,178,100,26,10,40,40,60,255,255,255,36,8,6,0,14,8,2,0,0,0,0,0,0,4,20,80,18,108,255,255,255,255,196,255,255,255,255,255,32,46,126,30,4,44,255,255,255,255,54,30,82,255,255,255,92,126,98,84,42,50,58,130,248,255,216,18,4,224,255,255,255,255,46,52,22,84,90,80,94,28,74,114,108,26,82,34,114,52,52,78,255,255,255,255,255,255,255,255,255,255,255,255,255,255,255,180,106,255,255,160,255,255,255,178,22,10,116,255,238,230,54,40,30,10,22,18,22,12,2,6,2,2,0,2,4,6,10,44,20,26,46,178,142,8,52,66,98,38,106,34,238,72,118,80,28,18,26,42,46,255,255,255,118,74,28,74,18,98,62,74,138,118,48,46,34,30,62,32,22,26,72,144,98,199
62,36,98,114,108,146,158,142,122,80,58,24,44,42,36,42,42,22,8,4,8,4,6,24,36,32,32,36,38,22,26,16,26,12,12,118,255,255,120,106,98,74,36,50,112,255,255,250,82,36,60,92,112,112,114,106,76,44,20,8,16,10,6,4,4,4,4,2,4,6,2,2,6,6,4,4,2,0,0,0,0,2,4,8,8,4,2,6,8,4,2,2,6,8,8,4,2,2,2,6,4,2,6,10,6,4,4,4,4,0,0,2,4,6,6,32,82,140,176,196,144,38,118,206,196,192,206,202,124,48,226,255,255,172,255,255,124,76,232,255,172,32,18,14,38,28,38,12,12,4,2,10,12,10,6,6,18,6,18,16,18,10,18,54,120,188,216,190,154,156,192,138,104,94,50,36,108,168,124,44,6,10,24,58,92,84,82,54,22,18,6,4,6,10,6,12,6,12,6,8,10,10,8,4,8,12,14,16,10,4,4,4,4,0,0,4,6,4,14,18,12,6,4,10,12,12,10,10,10,4,2,6,18,12,10,2,4,4,4,6,6,8,22,22,22,38,64,70,46,52,108,130,114,138,54,84,146,150,92,168,244,216,255,255,255,255,252,98,255,255,255,255,255,172,184,255,255,255,255,255,255,190,26,18,28,36,18,12,10,20,24,16,10,22,40,26,12,48,182,255,255,224,150,20,152,120,190,196,54,58,178,202,242,200,140,152,178,166,222,254,156,58,102,122,200,186,144,134,86,46,52,16,34,26,255,255,255,206,4,14,10,8,14,10,4,0,0,0,0,0,0,6,18,64,2,106,255,255,255,255,255,255,255,255,255,255,40,88,168,148,154,76,255,255,255,220,6,2,178,255,154,255,134,44,40,84,220,202,134,60,132,164,62,10,10,255,255,154,255,255,158,156,78,110,62,24,38,72,54,70,128,94,255,255,140,48,200,226,255,255,152,98,255,255,255,255,255,255,255,255,255,255,255,216,48,56,255,255,255,255,242,64,8,8,152,255,80,255,112,38,12,84,128,120,74,30,4,2,0,2,2,2,0,4,2,30,32,24,14,164,156,20,6,40,92,54,116,76,232,140,116,88,16,18,28,18,34,60,255,255,214,36,88,128,92,162,194,204,172,98,98,96,126,68,80,100,64,140,176,164,122,206
64,96,152,158,170,182,136,88,60,16,36,24,28,36,36,34,18,10,8,12,16,26,38,48,44,32,20,10,4,10,20,10,26,28,14,56,255,255,255,70,84,76,78,48,248,255,255,132,28,6,6,8,10,4,6,8,8,4,4,12,8,10,16,8,14,8,8,6,4,6,6,8,8,2,0,0,2,4,4,4,2,4,8,8,8,8,4,6,4,2,0,0,2,4,6,6,4,4,4,6,6,6,8,8,4,4,4,4,4,0,0,4,8,6,6,4,16,48,72,138,212,226,178,106,66,62,86,114,216,255,255,182,78,30,112,204,255,222,62,238,255,208,98,126,168,180,196,152,70,8,18,26,6,4,0,4,10,8,14,4,12,18,30,98,182,210,166,148,114,48,122,122,114,104,34,60,66,98,90,34,16,24,10,12,6,14,10,12,14,14,12,12,10,10,12,12,6,10,2,8,8,4,2,2,4,6,8,8,2,6,6,6,4,0,0,4,4,6,8,12,10,8,6,10,14,8,4,6,6,6,2,6,16,24,6,14,14,12,6,10,6,6,36,32,32,20,44,76,52,54,124,204,188,204,234,255,255,255,255,244,255,230,212,255,114,255,226,84,230,255,255,255,255,204,182,255,255,255,255,255,255,255,66,26,20,24,14,12,6,16,22,16,8,14,24,30,26,18,76,206,198,58,66,166,150,182,150,140,144,216,255,164,204,214,160,196,222,212,214,198,118,66,68,106,120,78,40,40,38,42,70,52,50,146,255,255,255,24,4,14,10,22,0,16,4,0,0,0,0,0,0,6,16,64,8,255,255,255,255,255,255,255,255,255,255,255,108,255,255,255,255,154,196,174,220,30,38,30,160,255,255,255,62,2,14,226,255,236,152,34,22,26,10,26,30,255,255,124,255,176,120,160,160,116,138,112,100,58,12,70,12,255,255,255,255,255,226,255,255,240,255,104,255,255,255,255,255,255,255,255,255,255,255,255,58,158,255,255,224,255,255,18,26,22,128,255,255,255,46,16,22,132,98,108,62,26,8,0,0,0,0,0,2,2,4,16,36,22,14,138,176,46,60,72,78,50,80,124,154,194,92,126,24,48,20,6,12,18,255,255,255,96,142,142,126,134,158,160,138,156,180,136,176,164,106,116,160,240,168,120,48,203
60,106,138,144,150,124,48,14,44,48,54,28,0,6,10,12,12,16,22,28,34,42,40,30,16,2,22,32,32,32,24,14,16,26,8,22,255,255,255,12,78,58,88,74,255,255,230,66,10,2,6,16,22,20,18,14,22,20,10,6,6,2,12,12,12,8,8,8,6,4,4,8,6,6,2,0,4,6,4,6,4,6,8,6,6,8,6,4,8,6,4,4,2,0,2,6,6,4,6,6,4,2,4,4,4,6,6,6,4,0,0,6,6,6,4,12,8,10,12,40,104,168,198,202,202,204,208,240,230,156,70,16,10,16,28,50,134,255,255,86,180,255,196,204,244,255,255,255,238,80,18,14,12,18,16,12,2,6,4,8,8,8,42,108,168,172,152,234,194,112,154,152,88,160,106,132,122,162,160,56,12,26,6,18,4,10,6,8,6,12,12,4,4,6,6,10,6,6,8,10,2,6,4,4,2,0,2,4,6,6,6,6,2,0,0,2,2,2,4,12,16,6,4,8,14,10,6,16,12,6,8,8,10,20,14,4,30,50,46,36,24,50,134,136,142,90,138,255,255,255,255,255,255,255,255,255,255,255,255,162,182,36,98,232,218,234,146,44,190,255,255,255,255,250,104,255,255,255,82,255,255,255,166,18,10,20,22,20,12,24,26,18,16,24,24,12,38,24,12,122,202,114,232,255,255,222,96,120,178,230,188,88,116,172,164,172,166,130,116,96,58,58,58,54,38,36,44,38,48,70,126,182,212,255,255,255,138,4,12,6,12,12,14,2,4,0,0,0,0,0,0,4,18,72,6,255,255,255,255,255,255,255,255,255,255,255,120,255,255,255,255,226,76,60,46,255,248,206,82,255,255,198,8,6,34,216,174,255,176,18,12,4,6,12,22,255,255,255,255,110,120,232,62,204,142,118,66,82,58,172,255,255,255,255,255,255,255,216,255,255,255,255,255,80,255,255,255,255,255,242,255,255,255,228,110,164,174,255,222,255,255,220,216,160,44,128,178,88,8,30,42,112,104,176,78,16,10,2,2,2,0,0,2,2,4,16,42,12,26,114,182,60,68,44,24,38,50,98,102,200,70,148,28,64,38,34,22,36,228,255,255,132,160,136,112,116,104,100,90,148,128,80,106,170,100,30,124,162,88,146,94,186
57,84,108,98,68,44,48,80,52,54,16,18,36,42,34,40,36,34,46,50,46,34,12,8,24,40,48,42,32,30,22,6,24,28,4,6,156,255,255,104,104,76,74,212,255,255,142,30,10,10,14,24,20,8,4,8,6,6,8,10,12,8,6,8,8,10,8,6,6,6,4,6,4,6,4,0,4,6,2,4,8,6,4,6,6,4,6,2,4,4,4,6,6,2,4,4,8,8,4,4,4,6,10,10,6,6,8,6,2,0,0,6,6,4,8,8,4,6,6,2,8,28,44,62,80,80,64,62,44,20,16,14,6,12,16,4,22,132,255,255,168,54,28,16,118,164,60,160,255,228,136,64,2,12,4,12,16,8,6,6,2,10,12,78,164,188,178,194,130,86,90,92,252,255,170,166,140,208,188,62,12,16,24,16,6,10,14,10,6,6,2,6,2,4,4,10,8,4,10,2,6,6,4,6,4,2,6,6,4,4,6,4,0,0,0,0,0,2,6,10,18,12,14,6,6,4,14,16,10,16,10,12,4,10,10,16,46,96,156,172,158,134,255,255,255,255,222,255,255,255,255,255,160,255,164,244,224,255,255,114,170,222,255,255,255,220,214,160,132,154,166,136,114,82,8,212,255,255,255,148,255,255,255,60,6,10,18,32,28,32,26,18,20,24,20,24,22,14,16,60,174,224,255,255,255,255,244,226,174,158,110,56,52,82,86,72,50,22,44,38,24,42,40,24,24,28,10,58,180,255,255,255,255,255,255,255,42,32,16,14,12,18,16,12,10,0,0,0,0,0,0,2,16,84,14,255,255,154,255,255,255,255,194,88,255,255,90,255,255,255,255,144,6,18,255,255,255,255,52,100,88,52,180,176,68,160,146,255,42,16,6,16,8,18,22,255,255,255,255,140,72,40,140,168,78,36,40,76,104,255,255,255,220,255,255,255,255,255,255,255,255,255,255,255,255,255,255,255,255,255,255,255,255,152,192,132,42,255,255,255,255,255,255,200,62,52,34,78,140,108,78,22,48,86,12,6,14,8,6,6,2,0,2,4,4,12,40,6,26,88,160,48,40,60,46,64,52,64,68,186,34,170,42,62,32,38,40,50,74,255,255,218,148,116,106,106,80,84,46,48,30,52,70,126,120,50,146,146,72,82,182,180
49,78,92,86,68,62,74,52,20,46,48,54,44,46,42,52,44,44,44,32,12,12,28,36,42,42,30,12,8,14,26,18,16,16,20,16,56,255,255,255,66,116,62,255,255,234,62,2,12,4,14,18,10,4,12,8,6,4,6,16,14,10,6,6,6,12,12,8,4,4,4,4,2,4,6,4,6,8,6,8,10,4,2,4,4,2,4,6,4,2,0,2,6,6,8,6,6,10,4,10,10,8,6,12,8,6,8,6,4,4,4,6,8,6,8,8,4,8,10,8,6,4,8,8,10,12,4,8,10,6,6,8,22,18,12,16,14,28,98,174,226,228,184,200,206,255,255,198,32,200,255,212,70,4,12,6,8,10,8,10,10,20,12,8,54,80,64,44,36,28,28,198,255,255,152,130,118,202,196,82,20,14,8,8,10,10,10,8,10,8,6,2,10,8,4,2,4,6,18,10,6,2,2,6,4,4,6,2,0,4,6,2,0,0,0,2,4,6,6,4,14,14,6,34,40,42,22,14,8,10,10,8,8,16,22,18,52,172,255,255,255,200,255,255,255,255,248,255,194,140,220,255,255,255,180,255,255,255,255,255,214,216,198,148,182,222,184,148,80,36,16,2,8,18,12,62,255,255,255,176,255,255,255,178,16,20,24,30,24,16,6,8,14,20,14,24,12,8,34,24,108,255,255,255,156,255,255,188,84,94,68,34,10,12,12,22,28,20,38,18,6,22,26,16,26,44,168,255,255,255,255,255,255,255,255,88,6,8,26,4,16,22,18,16,10,0,0,0,0,0,0,2,18,80,32,255,255,255,255,255,255,255,255,255,255,255,46,255,255,255,242,26,14,52,255,255,255,255,40,28,32,255,255,255,112,96,96,50,48,40,20,20,12,0,8,255,255,242,255,84,66,84,108,206,255,255,255,255,255,146,255,255,255,232,255,196,255,255,184,255,255,255,255,255,56,255,255,200,62,255,255,138,122,154,152,60,90,255,255,255,255,128,255,254,46,12,68,255,242,220,76,30,30,28,24,28,28,14,10,6,2,0,0,4,10,8,36,18,40,68,148,116,104,112,104,72,58,76,122,218,10,180,92,86,44,22,28,32,22,255,255,255,90,44,36,4,38,64,74,76,102,82,84,78,102,52,90,148,152,26,144,195
38,40,50,80,66,50,24,28,78,80,64,46,20,22,28,36,26,22,4,30,54,62,50,38,30,14,6,20,20,22,26,12,6,10,20,6,12,255,255,255,66,108,178,255,255,134,26,14,4,8,12,8,12,8,2,18,16,16,14,10,2,4,6,8,6,10,12,10,4,0,2,4,4,6,8,8,8,8,8,10,8,0,4,4,4,4,0,4,6,6,2,0,2,4,8,8,8,18,16,16,20,16,6,6,8,6,8,6,4,4,6,6,6,2,2,4,8,8,6,2,6,2,14,18,8,6,14,20,10,10,12,4,22,14,12,16,12,8,18,38,72,108,110,114,82,110,184,255,255,122,170,255,232,96,40,4,4,6,4,4,2,10,18,12,6,4,14,20,22,8,112,255,255,106,154,46,122,255,234,62,8,10,12,10,2,6,2,6,4,2,6,10,2,16,26,24,28,18,8,6,6,6,6,6,2,4,6,4,2,6,4,0,0,0,0,4,6,4,0,6,6,24,42,84,90,100,94,92,96,68,20,8,12,8,16,42,126,255,255,204,255,210,255,255,255,255,124,202,255,255,255,255,255,255,255,255,255,230,148,138,108,66,40,8,4,40,40,24,6,26,8,16,24,28,20,12,186,255,255,255,104,255,255,255,54,18,16,16,18,12,8,10,26,36,28,22,8,18,26,12,62,255,255,255,228,255,255,255,122,26,64,40,24,40,36,50,46,56,42,22,18,26,32,34,64,202,255,255,255,255,255,248,188,144,60,12,8,4,14,6,6,18,24,6,8,0,0,0,0,0,0,2,16,88,36,152,255,255,255,255,255,255,255,255,144,234,96,84,64,116,24,150,154,66,255,255,255,178,8,12,132,255,26,255,172,42,26,54,130,134,92,6,18,6,6,255,255,14,255,182,208,182,28,255,255,255,255,255,255,255,255,255,194,255,72,255,255,255,255,78,255,255,255,255,255,255,192,182,255,210,100,62,108,46,40,108,148,255,255,255,255,144,255,122,4,14,104,244,38,255,132,40,36,14,116,96,78,16,14,8,2,0,2,12,10,6,40,28,46,58,170,152,72,54,62,10,44,50,72,216,36,222,152,124,88,38,34,24,30,255,255,255,106,82,78,100,100,96,88,50,24,16,18,42,112,162,86,52,128,110,6,212
34,10,30,34,30,38,36,54,68,52,32,8,6,6,20,14,8,32,56,64,58,42,32,20,4,8,18,16,6,8,18,16,6,4,28,2,6,82,255,255,216,78,255,255,204,68,8,22,12,16,10,8,8,10,14,14,24,14,4,6,4,4,4,2,4,10,10,8,4,0,2,4,2,2,2,4,8,8,6,0,4,10,8,6,4,6,4,0,6,12,10,6,10,10,6,10,16,12,10,2,18,22,14,4,8,16,10,2,8,8,6,8,16,22,10,6,8,6,12,8,2,12,12,16,20,18,12,10,8,8,8,10,10,12,0,8,10,4,10,10,4,12,4,8,2,12,38,98,234,255,174,146,255,216,184,110,24,8,8,2,8,16,16,14,10,14,6,20,20,42,208,255,176,174,126,148,255,255,162,14,10,8,14,6,8,8,6,10,18,14,18,36,54,78,122,130,136,90,16,10,4,2,2,6,8,4,4,12,14,8,2,0,0,2,4,4,4,6,4,4,16,40,62,120,116,96,180,210,246,204,144,92,46,10,30,86,180,255,244,98,244,88,255,255,255,255,255,242,255,255,244,134,90,116,108,116,74,22,14,6,18,32,12,10,8,42,54,38,26,6,18,24,32,48,66,42,86,255,255,255,255,255,255,255,176,36,30,6,24,42,44,58,82,86,62,36,22,16,18,36,28,118,255,255,255,42,255,255,255,18,56,42,42,40,44,60,24,64,42,24,34,24,22,46,156,255,255,255,255,156,88,42,14,16,10,2,2,2,10,4,6,4,12,4,2,2,4,4,4,4,4,4,10,60,26,26,255,255,255,232,144,138,68,162,102,192,110,72,46,32,255,255,255,188,152,142,162,16,34,38,120,255,254,255,72,10,6,80,100,90,86,24,18,20,2,182,255,255,255,255,158,38,126,255,255,136,255,255,62,255,255,255,255,255,255,255,255,46,255,255,104,255,255,255,255,255,62,168,158,255,110,74,108,76,94,94,120,255,255,255,255,192,152,28,38,44,100,234,250,255,46,6,8,74,108,54,82,22,14,8,4,2,6,12,6,12,48,24,50,54,188,150,46,88,94,56,58,118,56,188,44,255,186,144,132,68,28,16,14,190,255,255,200,82,50,26,16,14,30,72,96,100,88,76,66,106,132,34,100,160,98,217
40,24,76,104,108,84,48,32,52,58,36,22,10,14,12,10,42,64,56,34,16,4,8,14,12,12,14,6,4,8,18,20,8,8,32,8,10,18,255,255,255,112,255,255,130,34,18,38,24,14,12,12,12,12,8,4,4,8,4,10,6,4,6,4,10,8,6,6,4,4,6,6,2,2,2,4,6,10,10,4,2,4,2,2,2,6,4,6,12,8,8,10,16,10,4,2,18,12,8,6,10,12,18,4,4,4,16,6,18,16,24,66,62,70,64,28,4,2,6,10,8,6,12,4,8,14,12,4,2,4,0,8,10,2,10,14,14,6,2,6,6,10,6,2,12,14,8,6,82,240,255,188,42,126,242,255,174,30,8,16,10,10,6,16,10,16,4,18,18,112,255,255,48,146,70,26,255,252,48,10,10,12,4,10,8,4,14,50,68,92,112,150,166,178,255,255,255,232,72,20,12,10,8,8,12,2,10,20,8,6,4,2,2,4,6,4,4,2,10,16,16,32,50,82,52,18,128,106,150,200,255,250,116,62,50,80,132,226,255,255,255,184,255,255,255,218,182,152,124,84,40,22,12,26,14,6,6,8,10,28,40,18,14,32,22,12,42,50,32,26,76,130,210,255,255,255,255,255,255,255,255,248,255,255,255,255,255,255,255,255,255,255,255,255,186,112,42,18,48,82,56,78,252,255,255,255,255,255,255,102,68,54,70,58,26,6,44,64,24,14,34,34,26,56,255,255,255,236,64,28,18,4,12,14,8,4,4,6,10,6,4,8,4,4,2,4,6,4,4,4,4,2,6,40,46,44,154,255,255,144,52,66,32,126,180,148,204,40,30,104,255,228,255,238,34,52,62,255,255,255,20,255,222,182,4,12,10,82,116,164,112,14,6,14,16,44,255,255,255,255,14,132,166,255,255,255,255,255,142,255,255,255,255,255,255,255,255,255,255,255,255,222,178,104,22,48,38,232,66,244,126,216,144,42,60,122,104,255,255,255,255,118,40,252,246,210,16,94,126,76,2,4,12,72,78,136,96,26,16,6,4,2,4,8,14,4,56,18,48,60,160,164,48,64,68,30,40,66,32,200,38,255,192,160,134,96,66,44,24,96,255,255,228,30,64,80,76,84,104,110,96,66,38,26,36,60,106,128,68,178,164,217
42,100,124,126,110,68,78,28,30,48,40,24,22,24,10,40,58,48,18,2,6,8,12,20,16,12,16,12,10,8,20,18,10,10,24,14,6,22,210,255,255,186,255,206,72,8,22,34,14,12,14,8,2,6,4,2,6,4,12,6,6,2,6,2,12,16,12,8,2,8,12,8,6,2,6,10,8,10,12,8,4,8,10,4,6,6,4,10,12,16,14,8,14,8,10,10,18,20,10,4,4,10,20,12,16,24,24,12,28,32,72,162,142,148,132,92,30,10,12,2,6,4,8,10,10,14,12,4,2,2,6,4,2,6,6,6,6,6,6,6,6,6,6,8,10,2,12,6,14,92,202,255,255,204,64,254,255,212,144,124,94,78,50,6,18,16,12,12,34,212,255,152,196,60,120,146,255,146,6,8,12,18,10,20,38,40,54,152,254,220,164,190,152,92,154,168,248,255,128,28,40,38,30,14,18,22,10,18,10,10,8,4,6,6,4,2,10,8,16,14,8,20,54,100,106,116,200,188,128,102,156,255,160,144,120,62,92,222,254,252,210,106,112,124,72,34,46,22,8,12,14,18,14,6,10,8,16,28,32,32,10,44,46,58,38,100,228,255,255,255,255,255,255,255,255,255,255,255,255,255,255,146,255,255,255,255,255,255,255,255,255,255,255,255,255,255,255,255,255,255,222,112,74,255,255,255,82,255,255,220,96,142,120,144,148,118,110,92,74,82,100,100,80,146,255,255,255,70,12,14,12,8,2,0,0,0,2,2,6,4,4,6,2,2,2,6,4,0,0,2,6,4,8,28,82,62,80,58,56,36,58,62,20,38,174,62,255,28,10,132,255,255,255,158,8,10,248,255,255,255,106,118,84,38,186,190,108,50,22,88,26,20,16,8,20,2,255,255,14,255,255,54,60,144,255,255,255,255,255,255,255,255,144,255,255,255,100,255,255,255,228,160,255,255,255,255,132,255,100,255,48,124,160,152,128,114,178,255,255,255,255,48,176,255,248,250,102,50,38,56,178,174,120,40,24,80,24,8,0,10,4,4,4,6,8,6,56,22,48,66,148,152,100,112,124,16,26,130,32,210,14,255,188,192,138,100,86,102,88,18,255,255,255,112,112,90,66,54,32,10,34,72,90,116,120,90,88,86,48,100,170,203
34,126,102,72,44,16,54,32,22,30,32,40,40,8,38,62,50,22,4,6,6,10,16,20,14,10,14,10,10,6,20,18,10,14,12,22,10,18,90,255,255,255,228,138,30,24,22,6,8,12,6,4,4,8,16,14,14,8,4,8,4,10,6,8,4,10,10,8,2,8,10,8,8,4,6,8,0,10,12,10,6,6,12,10,8,6,6,2,10,4,14,12,14,18,4,16,8,16,14,6,16,22,38,34,50,58,84,100,124,136,152,230,174,198,170,162,94,6,10,14,12,8,10,14,16,16,12,4,2,2,4,2,0,2,6,14,10,2,4,4,2,2,4,8,4,8,10,8,22,10,38,98,190,255,255,98,122,198,212,224,238,250,216,120,30,16,6,8,90,255,255,36,184,84,38,255,246,34,62,64,78,72,62,62,94,124,122,224,255,208,204,34,60,146,208,255,172,186,134,106,198,188,172,50,12,10,18,12,2,8,6,2,4,6,6,8,8,8,10,12,6,12,40,58,68,92,150,178,230,255,222,188,42,122,166,176,128,16,62,26,98,60,10,22,24,24,20,10,12,22,10,8,12,30,44,50,48,28,32,50,40,132,255,255,255,255,255,255,255,255,255,255,255,255,255,255,242,180,148,96,48,10,36,28,36,62,98,102,124,172,216,250,255,255,255,255,255,255,255,255,255,255,255,255,255,255,255,216,255,255,100,154,146,150,160,156,142,130,116,136,142,114,106,232,255,255,164,18,16,12,8,4,0,0,0,0,4,2,8,4,4,8,2,4,6,6,2,0,0,4,6,6,12,10,84,72,50,28,66,48,72,38,56,32,178,86,230,92,36,108,255,255,255,40,12,18,255,255,255,255,44,30,44,255,255,255,182,26,42,30,22,28,12,10,16,8,144,255,255,255,255,82,28,140,158,255,255,140,250,255,255,255,255,255,255,255,210,132,100,182,70,255,255,255,255,255,255,154,70,174,120,132,56,94,34,48,255,255,126,255,255,18,188,255,255,255,68,24,24,198,255,255,162,26,34,40,32,44,46,6,20,14,8,6,4,6,74,34,58,68,188,164,60,56,128,2,56,66,68,242,54,255,168,196,134,90,76,132,156,72,255,255,255,102,62,44,60,76,92,102,104,100,88,78,38,20,48,122,156,74,44,188
20,58,22,48,62,56,56,16,48,64,58,40,8,36,62,54,22,4,8,4,4,10,14,12,6,10,12,4,6,4,20,20,10,18,12,24,28,6,8,255,255,255,255,92,20,20,10,14,34,16,12,14,12,14,10,2,6,4,12,6,10,10,22,12,2,10,10,12,8,8,6,8,8,6,4,6,10,16,16,10,10,12,18,18,14,14,14,6,8,12,20,10,6,20,28,34,22,28,30,34,44,52,64,90,98,130,226,242,228,222,156,152,68,122,154,200,146,26,10,6,6,6,10,10,8,8,4,4,2,2,6,6,2,2,2,10,12,4,6,6,2,0,0,4,0,8,8,8,4,10,18,12,14,130,255,255,208,130,76,46,72,160,255,255,152,32,6,44,210,255,222,146,108,194,112,255,102,150,166,156,166,154,170,130,150,158,106,100,222,100,216,122,122,148,126,244,92,124,172,240,255,255,255,180,64,18,26,18,10,2,2,6,8,10,10,8,4,6,8,12,4,4,22,28,42,26,44,86,140,216,204,146,160,124,28,84,168,106,186,188,200,160,106,108,52,16,8,14,24,16,6,8,22,22,6,30,40,42,220,255,255,255,255,255,255,255,255,255,255,206,100,24,16,20,12,16,12,10,12,18,18,10,10,16,24,22,14,22,30,28,26,28,26,24,28,8,54,126,210,255,255,255,255,255,255,255,255,84,255,255,216,114,158,138,126,112,114,122,122,140,120,94,122,255,255,255,150,20,24,8,8,6,4,2,0,0,4,0,8,4,4,8,0,2,6,2,0,0,0,4,4,10,4,10,70,108,66,34,128,50,72,26,118,146,90,120,214,186,44,84,104,112,20,194,208,128,208,255,255,134,18,26,70,255,104,255,226,58,36,22,38,32,28,8,20,6,16,255,255,166,255,255,36,72,170,136,255,255,255,255,250,255,255,86,255,255,86,190,72,94,255,255,98,255,246,255,255,255,26,196,110,72,50,34,132,222,255,255,255,255,255,146,134,224,255,158,6,8,26,224,168,255,204,18,22,6,72,46,74,18,20,14,12,10,6,10,98,22,78,70,194,108,58,142,162,50,84,100,62,212,130,255,118,172,94,36,44,84,170,140,255,255,255,170,144,106,92,76,64,38,4,32,54,74,104,128,130,114,170,178,84,181
12,40,42,52,48,40,20,40,66,56,24,16,50,62,48,24,10,12,4,2,8,16,14,8,4,8,12,6,8,6,20,16,10,12,28,12,40,4,4,94,255,255,255,104,34,24,14,16,20,4,6,12,16,12,8,12,22,32,36,24,4,16,6,14,12,6,10,14,14,8,4,6,6,4,2,6,12,14,10,0,14,12,12,20,12,8,8,14,10,18,8,12,22,56,92,80,66,44,82,132,150,132,108,112,102,134,224,152,106,62,84,74,138,76,78,168,146,26,12,8,2,2,4,4,2,2,6,6,2,0,2,6,6,6,6,8,8,4,4,2,0,0,0,4,2,8,2,8,14,14,14,8,6,14,74,142,192,218,218,254,255,216,6,238,255,184,56,152,255,255,118,176,124,38,210,174,255,255,255,198,96,84,108,118,38,48,68,78,228,176,88,150,90,84,52,80,116,82,130,90,152,56,216,160,80,24,14,6,6,6,6,6,8,10,8,2,4,6,10,12,4,4,6,8,30,24,22,4,26,36,60,86,138,188,210,146,150,16,174,112,140,114,108,172,118,48,54,40,34,20,38,24,28,42,90,255,255,255,255,255,255,255,255,255,204,80,8,22,26,28,26,28,10,22,36,20,2,16,18,6,12,4,4,16,12,16,8,8,20,14,6,4,14,18,4,26,14,22,14,20,18,20,104,230,255,255,255,114,255,255,255,255,66,68,120,126,92,72,80,94,80,68,100,255,255,255,198,36,22,6,6,4,4,2,0,0,4,0,10,8,8,10,0,2,6,2,0,0,0,4,4,10,6,2,38,104,22,34,100,128,122,96,138,76,60,136,132,232,38,20,14,12,255,255,255,255,90,90,96,42,82,90,78,255,232,255,102,10,10,40,30,28,32,4,18,22,6,116,255,255,188,255,255,58,28,40,255,255,255,255,255,255,255,202,24,28,58,96,214,134,255,255,172,255,255,255,255,255,255,208,60,42,42,82,100,255,255,28,255,255,132,212,46,104,108,30,46,52,62,168,132,255,60,8,14,36,62,18,62,22,24,20,8,4,6,30,108,16,74,100,188,86,64,96,56,22,50,126,78,230,210,255,80,190,114,34,36,26,108,162,138,255,255,110,114,92,18,46,62,82,106,112,100,92,88,64,28,8,60,112,122,175
17,68,28,32,16,32,60,68,44,4,34,60,62,40,14,4,8,8,10,10,30,34,22,14,12,10,8,4,8,10,24,18,14,8,32,6,42,12,12,12,255,255,255,255,52,14,8,10,12,12,12,8,2,16,38,72,78,72,68,70,56,16,16,6,10,8,6,6,8,6,6,8,6,6,4,6,8,4,8,18,20,12,10,18,18,2,10,18,38,30,32,72,92,162,230,198,188,90,158,230,206,176,124,56,30,16,170,152,200,178,240,206,174,176,202,248,134,12,10,14,8,0,4,6,4,2,4,2,4,4,4,6,8,10,8,6,4,0,0,0,0,2,4,4,4,8,6,14,10,2,2,4,4,14,4,20,46,64,70,94,182,255,255,144,255,255,212,255,255,255,255,255,150,214,255,70,255,158,164,122,88,76,30,98,116,148,170,124,132,176,248,255,255,178,144,44,152,128,208,168,255,255,255,204,84,10,8,8,6,4,2,4,6,4,6,4,2,4,12,12,4,4,6,16,10,22,14,16,14,6,14,36,50,68,134,142,110,110,220,158,148,44,16,100,126,100,106,102,78,26,58,46,202,255,255,255,255,255,255,255,255,94,20,22,30,12,16,26,10,14,4,10,6,18,14,20,8,22,8,14,10,14,2,4,12,18,10,6,6,8,12,14,10,8,12,10,18,12,4,6,14,8,22,26,34,14,12,28,204,255,255,255,255,255,255,38,90,106,88,78,76,66,62,234,255,255,255,34,10,2,2,6,6,2,0,0,4,0,12,10,10,12,0,4,6,6,2,0,0,4,6,8,4,4,6,82,38,48,8,48,30,114,92,70,54,92,66,208,130,36,30,82,255,255,255,255,32,46,58,255,255,255,80,156,164,124,6,2,18,42,20,42,24,8,18,14,24,10,228,255,255,255,255,255,42,78,82,192,255,255,255,255,146,110,60,74,18,82,144,26,255,255,210,250,255,255,255,255,255,255,36,28,32,126,255,255,255,255,255,255,168,255,82,38,28,206,244,255,80,102,102,66,12,22,6,42,48,52,70,24,16,8,4,6,8,52,114,42,70,142,212,78,56,98,64,46,32,146,106,246,255,255,104,222,170,96,10,14,64,156,110,255,255,64,42,102,120,112,94,74,60,36,6,24,46,72,96,110,120,126,108,170
25,24,16,42,54,70,76,48,4,44,60,48,22,6,6,4,8,8,14,30,50,44,30,26,20,14,4,4,8,10,24,18,14,12,20,12,30,42,14,16,104,255,255,255,100,34,52,86,80,70,62,38,8,32,78,114,80,78,46,62,102,92,36,6,2,4,8,10,10,6,6,4,4,4,4,8,8,12,24,34,30,24,34,28,44,24,26,58,94,86,106,162,108,138,182,112,194,118,144,142,14,100,98,50,62,104,148,182,232,188,192,142,110,132,152,118,26,22,18,18,8,12,6,6,6,4,10,6,6,4,6,8,8,10,10,8,6,4,4,4,4,6,6,4,4,8,10,2,12,6,6,10,16,6,14,2,14,8,12,20,12,94,255,238,82,255,152,255,255,255,255,255,255,255,246,255,255,230,248,194,22,96,50,114,154,134,80,84,134,255,216,70,162,84,72,96,112,182,222,144,170,168,192,112,30,6,6,4,2,6,2,4,6,6,6,4,6,10,14,12,6,6,10,14,10,32,42,22,30,20,4,22,20,16,28,30,46,88,178,176,140,138,116,50,84,120,130,120,92,84,255,255,255,255,255,255,255,184,32,4,16,14,16,26,28,14,4,16,12,8,14,12,14,6,4,6,14,0,14,16,16,10,2,6,12,4,14,14,16,14,4,2,6,10,8,12,10,8,16,18,8,24,12,10,26,12,14,20,12,64,234,255,255,255,255,255,255,186,52,92,76,84,50,158,255,255,255,26,6,6,6,4,2,0,0,0,4,0,12,8,8,12,0,4,2,6,4,0,0,2,6,4,4,4,4,54,66,32,42,112,196,196,120,36,100,54,92,214,244,30,24,116,255,255,255,234,12,16,190,255,150,255,164,78,56,62,228,234,176,26,6,30,18,12,6,18,20,14,0,255,255,255,255,255,255,86,216,212,182,112,80,80,60,126,80,46,64,14,84,100,244,255,255,255,244,255,255,255,255,255,66,68,18,255,255,255,255,255,255,88,136,128,6,8,92,255,158,255,136,56,40,12,128,162,136,26,20,48,38,14,8,6,4,0,4,80,110,60,54,216,182,8,18,62,52,40,18,118,172,158,255,255,184,210,160,106,50,50,88,138,86,255,255,88,58,118,92,24,22,60,74,84,100,102,102,96,72,58,34,34,136,181
28,22,36,60,82,72,38,10,52,62,42,14,6,2,4,18,26,26,34,46,48,32,24,30,26,20,12,6,6,8,20,22,16,14,14,20,6,38,12,8,8,255,255,255,255,80,110,118,98,98,118,110,42,50,104,92,36,88,40,32,42,106,106,42,6,10,10,14,10,8,4,6,4,4,8,8,20,34,82,124,108,82,64,72,94,84,20,92,130,96,128,156,118,24,188,88,62,82,32,144,192,218,136,86,78,102,104,104,104,64,58,50,36,40,32,6,8,6,10,8,8,12,10,8,6,2,4,4,2,2,6,6,6,6,4,6,6,6,4,2,0,2,2,4,4,2,10,8,6,8,4,8,16,4,16,20,16,12,10,16,66,210,255,204,255,255,104,255,255,255,148,255,255,255,174,170,255,196,88,226,102,136,90,190,138,46,10,20,86,255,255,255,255,218,170,166,128,80,66,28,26,42,32,8,22,12,6,2,8,12,6,10,14,8,2,4,10,10,10,8,8,14,12,8,42,98,92,92,68,66,54,26,8,20,34,6,20,20,54,60,88,94,88,136,156,108,132,188,255,255,255,255,255,255,226,56,10,8,16,28,18,8,6,8,8,8,6,2,16,12,14,8,10,4,8,6,8,10,12,4,6,6,12,10,10,24,22,12,14,14,12,8,18,10,8,14,4,6,18,12,26,24,10,8,22,14,14,8,30,28,28,90,124,255,255,255,255,255,255,255,255,72,58,182,255,255,255,6,20,2,8,8,4,4,6,6,12,8,18,16,12,28,4,10,6,6,4,0,0,0,2,2,4,4,12,40,86,10,40,114,106,66,154,104,106,92,138,56,222,102,28,64,255,255,255,54,8,10,198,255,255,255,114,20,30,230,255,255,238,50,22,24,14,30,34,16,20,6,8,20,255,255,255,176,255,255,150,140,58,14,108,176,144,106,52,114,116,86,62,120,22,255,255,255,255,255,255,255,255,50,18,68,255,255,255,255,255,255,84,28,60,16,12,10,108,255,196,255,126,10,14,94,255,198,210,40,30,32,6,22,14,12,10,6,12,128,90,102,30,255,136,48,6,84,30,30,26,90,160,48,255,255,255,254,182,108,32,32,78,112,42,255,255,98,90,58,142,122,106,118,100,84,70,42,16,20,64,74,90,112,126,202
26,36,46,78,84,32,16,48,58,40,18,8,10,8,30,50,48,40,40,36,24,8,2,10,16,16,12,10,8,8,20,24,14,12,16,24,24,20,26,14,6,88,255,255,255,98,38,18,36,22,64,144,112,68,120,52,94,130,68,100,66,20,114,92,16,8,4,12,4,10,2,6,6,2,14,10,18,64,208,255,250,196,52,84,86,164,70,120,134,82,124,104,130,100,150,152,70,128,138,122,108,52,24,34,44,60,82,48,24,14,18,16,6,4,4,10,10,6,4,4,6,2,4,4,4,2,4,4,4,6,6,4,6,4,2,6,4,4,4,6,4,4,4,4,6,2,8,6,4,8,2,6,14,4,12,12,12,6,32,104,255,255,126,172,255,172,192,255,255,255,255,255,255,255,106,54,178,255,156,202,158,192,134,196,132,40,12,14,40,128,208,188,182,102,78,80,52,8,4,6,2,14,12,8,22,18,8,4,14,14,22,20,8,8,8,4,12,16,14,16,14,8,2,20,84,128,148,168,214,188,136,118,114,50,6,14,12,20,12,12,30,40,36,126,238,255,255,255,255,255,255,255,100,8,6,16,10,8,4,12,8,10,12,8,8,18,14,12,6,18,6,8,10,6,8,4,8,10,6,10,16,8,22,20,8,10,18,8,8,38,70,62,12,18,56,154,144,86,12,12,22,32,8,6,6,24,42,66,44,24,52,134,172,162,98,76,255,255,255,255,255,255,255,255,255,255,150,20,4,18,20,10,2,2,4,12,8,6,6,26,14,24,4,8,14,4,2,0,0,0,0,4,6,6,8,22,74,46,22,66,150,128,126,60,74,108,180,172,128,158,18,64,74,96,30,218,214,164,142,255,255,194,14,4,32,228,255,255,255,18,6,12,48,74,64,50,12,20,24,12,18,255,255,255,132,255,255,255,144,62,110,188,106,190,136,38,140,114,58,110,88,60,255,255,255,255,255,255,255,134,255,255,255,255,255,255,255,192,20,56,22,134,160,148,98,170,222,198,20,14,6,132,212,214,252,34,20,14,18,16,22,6,8,10,56,200,44,140,90,224,92,80,42,50,36,56,60,54,216,152,255,255,255,255,255,166,68,26,56,78,20,255,255,126,130,74,102,120,64,32,8,34,62,92,104,118,124,100,84,62,38,218
27,44,56,76,50,12,34,28,32,28,10,6,10,30,52,52,32,16,10,2,8,14,16,18,18,16,8,8,12,10,22,24,12,2,8,16,16,6,32,14,24,6,255,255,255,255,48,72,84,126,64,76,142,86,110,18,130,102,22,72,98,66,66,124,52,10,10,12,12,10,6,6,4,10,16,8,34,78,248,252,220,218,46,82,94,174,176,114,82,66,56,20,162,88,56,106,100,104,32,62,54,96,170,162,176,148,72,12,4,14,12,2,2,0,0,0,0,0,0,4,4,0,0,0,2,6,4,6,10,12,12,6,2,2,6,6,4,6,6,6,6,8,8,4,6,6,8,6,4,6,2,16,8,10,8,8,6,34,130,255,255,112,206,255,148,130,255,182,136,255,255,255,255,198,68,28,152,255,255,255,255,202,208,180,128,30,14,4,14,32,56,40,36,18,16,10,2,4,8,2,8,8,2,6,6,6,6,10,12,6,6,10,16,12,6,6,6,14,12,12,14,10,6,22,60,96,112,180,196,255,184,200,255,166,66,46,18,16,26,24,24,14,42,255,255,255,255,255,255,228,18,8,28,10,6,18,8,8,2,4,10,6,8,8,18,12,12,14,4,14,14,8,10,10,12,16,2,6,10,10,4,22,18,4,16,4,14,16,8,202,204,212,34,18,68,114,74,122,140,82,34,16,18,2,2,20,30,32,22,22,138,194,150,92,30,52,26,60,134,252,255,255,255,255,255,255,28,16,12,4,18,4,6,6,2,10,4,10,6,16,18,18,6,14,16,0,0,0,0,0,0,4,6,4,10,10,42,58,26,10,26,50,132,152,106,36,26,84,70,186,126,34,44,22,255,255,255,255,48,110,102,42,60,64,64,174,188,255,88,12,16,6,62,12,62,32,12,6,2,12,4,8,200,255,255,255,158,255,255,255,255,234,148,255,140,94,144,118,84,116,78,66,92,140,86,188,255,46,224,255,255,255,255,255,255,255,238,62,32,74,130,255,255,255,40,86,104,38,50,58,50,100,160,226,116,8,26,2,26,4,20,6,4,10,132,212,94,110,174,210,126,94,128,40,20,32,58,66,246,255,255,255,226,255,255,206,150,92,50,58,10,255,255,202,106,122,42,96,56,98,114,102,104,104,80,50,18,18,52,74,84,211
25,56,54,56,22,20,12,18,44,56,40,12,14,36,44,34,20,24,24,26,26,22,18,14,14,14,4,4,12,10,20,22,12,0,4,12,14,2,24,38,16,10,68,255,255,255,104,40,36,88,140,70,30,38,34,98,150,78,4,26,80,98,6,120,94,8,16,2,18,2,10,2,16,16,6,16,12,100,255,252,212,255,104,136,140,18,102,22,78,164,198,104,78,174,134,60,42,138,255,255,192,92,140,90,164,176,68,6,10,8,6,4,2,0,0,0,0,0,0,4,6,4,2,0,2,6,4,6,6,4,8,4,6,6,2,2,2,4,4,2,4,6,6,4,4,4,6,6,4,4,0,16,4,14,16,6,32,144,255,255,68,255,255,180,62,255,255,34,140,104,124,255,232,78,18,16,88,255,255,255,142,52,88,76,74,30,12,4,6,4,8,14,14,14,12,10,8,6,6,6,6,10,8,8,36,66,90,76,60,28,10,10,4,18,12,16,16,22,8,4,18,20,8,18,72,124,214,255,124,118,66,106,214,184,110,136,138,78,24,38,44,192,255,255,255,255,255,80,18,22,16,36,18,14,10,8,12,8,2,8,18,14,24,12,14,16,10,28,32,16,18,8,18,26,16,10,8,14,16,8,16,10,78,100,62,12,14,10,40,188,46,236,54,4,72,148,84,78,116,100,48,32,18,34,34,28,38,54,26,94,242,226,116,54,28,48,42,18,36,72,62,84,136,184,162,142,96,80,30,14,6,8,14,18,2,12,6,8,6,56,100,100,48,12,6,0,0,0,0,0,0,4,2,6,2,2,30,66,72,30,8,88,146,80,162,140,108,94,114,116,216,46,12,50,255,255,255,255,60,44,46,255,255,255,124,82,82,62,4,14,28,32,38,60,58,2,24,18,8,6,8,12,10,94,255,255,255,255,106,255,255,255,255,255,112,62,86,134,62,50,22,22,102,142,255,255,255,255,255,255,255,255,255,255,255,172,32,22,32,40,240,255,148,255,126,58,40,118,250,222,140,48,76,90,30,16,14,18,24,12,22,4,10,34,206,94,198,6,234,222,192,110,180,82,40,44,104,134,114,255,255,158,114,255,255,255,255,242,140,82,26,255,255,255,150,170,48,110,122,130,76,46,6,40,48,78,94,100,100,90,72,198
17,54,46,42,12,18,8,24,26,52,50,28,4,36,52,48,38,36,32,28,22,16,12,12,8,8,2,6,8,4,14,20,14,2,4,10,14,8,10,30,30,8,2,224,255,255,255,42,20,20,96,126,100,84,106,114,82,18,22,6,54,116,58,90,124,40,12,8,18,12,12,4,18,8,16,6,10,52,222,255,238,238,64,110,192,144,170,142,114,104,166,156,242,242,255,244,102,255,255,214,208,60,116,156,212,214,58,6,18,6,0,2,4,4,4,4,4,4,4,6,8,10,8,4,6,6,4,4,8,8,8,8,6,0,6,4,4,8,8,4,6,6,6,4,4,4,6,4,2,2,0,2,12,10,4,22,118,255,255,72,255,255,168,0,202,255,152,194,68,92,216,255,126,6,4,6,20,58,70,70,18,10,24,26,18,2,6,8,4,4,2,2,4,6,6,8,10,10,10,2,14,18,10,14,64,184,255,255,255,192,102,40,22,26,20,16,10,10,4,8,14,22,18,14,26,52,120,255,255,198,226,190,214,76,124,160,220,182,110,238,255,255,255,255,255,178,12,16,14,14,18,2,10,6,14,4,6,12,6,10,12,2,20,12,16,10,14,12,22,6,14,8,20,4,16,8,12,14,6,8,26,8,130,84,176,26,26,22,48,172,192,178,6,6,26,50,98,158,196,120,26,18,28,56,12,32,26,38,104,228,255,148,64,64,50,50,64,54,46,16,12,34,68,158,255,255,234,140,86,120,72,22,22,10,6,16,14,4,6,110,196,204,150,4,2,0,0,0,0,0,0,2,2,4,6,2,6,44,82,32,26,92,142,100,92,112,76,62,92,36,206,176,42,90,255,255,255,255,12,12,142,255,220,255,176,36,32,48,226,238,230,54,8,36,18,10,22,10,4,14,6,2,10,16,36,200,255,255,255,255,20,255,255,255,255,255,255,255,255,255,255,255,255,255,255,255,255,255,234,255,255,255,255,255,72,72,42,52,28,46,202,255,255,255,36,6,32,244,226,200,158,56,52,38,46,76,70,24,8,16,8,8,4,90,204,56,134,178,190,102,168,134,190,72,24,168,104,244,108,255,255,52,52,200,255,255,255,255,255,160,78,255,255,255,114,108,18,92,140,148,96,116,84,82,90,88,72,44,16,18,42,199
8,44,28,30,10,24,18,34,22,36,34,28,10,16,24,22,16,16,12,8,8,6,6,8,4,4,6,4,4,0,12,18,14,4,4,8,12,16,10,12,30,12,6,42,255,255,255,196,20,20,14,34,68,60,70,42,2,40,62,60,38,78,76,68,126,58,10,14,12,16,10,4,18,14,16,6,8,12,92,166,152,136,32,46,104,110,118,96,50,32,82,224,255,94,194,230,134,150,220,255,255,168,124,158,194,166,26,2,18,6,2,2,8,4,4,4,4,4,4,4,4,8,10,6,4,4,6,2,6,6,4,6,4,4,8,4,4,8,6,2,6,6,6,2,4,2,6,6,2,0,0,12,4,14,28,90,255,255,104,255,255,164,6,92,255,255,74,136,128,36,255,244,58,6,16,18,8,6,8,10,12,10,12,6,6,8,4,4,10,10,6,4,2,4,6,4,6,8,10,8,10,10,24,22,116,254,255,236,255,255,255,255,164,94,54,16,8,8,4,8,22,26,16,12,14,38,36,66,110,130,174,186,170,116,154,114,56,176,255,255,255,255,255,192,2,6,10,10,16,10,12,12,8,10,2,4,4,8,2,8,14,6,12,6,8,8,6,22,18,6,8,14,20,22,16,18,14,54,72,70,60,56,100,108,214,160,40,26,10,46,14,48,64,56,26,22,52,58,70,20,16,8,2,54,68,44,18,50,154,226,172,62,26,40,40,36,50,64,44,20,10,12,16,16,46,132,255,248,106,80,148,172,94,14,14,4,18,8,2,114,202,170,232,16,2,0,0,0,0,0,0,0,4,6,8,6,10,10,48,44,24,80,126,116,66,124,42,164,64,82,72,150,138,68,255,240,255,76,20,10,152,255,255,255,140,8,4,204,255,254,255,76,30,22,28,114,136,102,22,14,22,14,24,4,16,8,16,180,255,255,255,255,255,190,74,214,255,255,255,255,255,255,255,255,192,56,255,255,255,255,255,255,178,8,12,50,130,220,255,174,116,200,255,108,12,18,64,198,162,255,162,8,20,40,124,70,94,42,18,10,10,12,32,186,104,170,14,216,58,76,170,134,60,94,40,192,28,255,255,255,255,36,12,84,142,184,255,255,255,255,146,76,255,255,138,26,64,44,100,176,156,76,42,28,6,18,44,72,84,82,78,211
5,16,8,24,28,48,44,44,44,40,36,20,6,20,16,8,6,10,12,14,10,2,2,8,4,4,10,8,8,4,16,20,14,4,4,6,10,22,26,16,22,14,12,22,144,255,255,255,86,6,2,14,6,14,12,30,50,106,108,104,92,116,84,50,98,48,22,18,8,10,16,10,14,12,18,20,4,8,32,66,60,44,16,10,16,24,26,20,10,14,38,232,255,238,218,176,130,138,222,255,230,150,104,78,90,62,4,12,20,14,8,6,8,0,0,0,0,0,0,0,0,2,6,4,0,2,4,4,4,6,4,6,6,6,10,2,2,4,2,0,4,6,6,2,6,2,2,6,4,0,2,14,14,28,112,244,255,148,255,255,200,12,32,176,255,166,164,24,126,200,255,108,14,22,8,2,0,8,6,6,24,18,8,8,16,16,8,12,10,8,6,6,2,2,6,4,6,8,10,6,12,12,4,22,86,232,255,255,72,206,255,255,255,255,255,216,90,50,32,10,16,14,6,8,14,26,36,6,6,30,36,60,76,104,174,186,255,255,255,255,255,252,28,20,12,4,4,8,16,16,26,6,18,10,2,6,14,24,14,8,8,8,6,8,2,162,255,255,255,255,255,152,48,34,22,20,22,122,106,148,44,26,88,240,160,218,86,100,116,34,28,20,56,70,86,50,100,106,102,44,28,16,12,10,28,44,48,98,170,194,144,60,32,20,16,40,40,36,42,38,20,10,16,10,12,22,76,198,200,90,86,172,156,108,46,14,8,4,10,100,255,86,214,30,6,0,0,0,0,0,0,0,4,4,8,8,6,6,16,52,44,26,80,124,28,78,144,88,148,148,104,34,136,60,116,36,124,210,228,200,98,255,255,228,16,18,20,204,255,255,255,84,18,24,164,255,255,250,30,2,12,2,20,22,12,4,4,4,6,106,255,255,255,255,255,255,255,255,255,255,255,255,255,255,255,255,255,255,255,255,68,94,96,24,24,64,255,255,255,170,62,88,54,92,166,160,72,130,158,196,36,12,10,46,100,88,138,50,16,22,22,4,140,204,60,142,144,162,14,32,44,50,50,66,78,222,178,230,255,255,170,28,12,28,20,40,106,242,255,255,216,114,255,255,255,34,38,38,40,52,98,70,72,76,86,92,96,90,66,36,18,218
9,34,50,50,52,56,42,28,30,18,20,14,6,14,6,4,8,10,10,8,2,4,8,10,6,4,8,8,10,6,16,22,16,4,4,4,8,18,30,2,24,28,2,16,16,255,255,255,255,36,4,16,24,26,56,64,114,158,94,78,50,64,10,100,100,20,20,22,10,6,14,20,16,10,8,20,4,2,6,12,14,4,12,10,4,8,6,6,6,12,18,132,255,255,240,248,216,156,154,110,58,48,34,28,16,4,2,4,10,6,8,2,4,4,4,4,4,4,4,4,2,0,4,4,0,2,6,2,6,12,10,12,8,4,14,6,4,6,6,2,6,8,8,4,8,6,2,4,4,0,4,12,12,68,236,255,220,244,255,214,38,8,82,255,255,62,178,134,58,255,232,40,4,28,14,8,10,8,10,18,4,24,4,18,12,14,2,8,10,14,6,4,2,0,2,4,10,14,12,8,8,4,4,18,74,172,255,255,255,255,134,194,255,255,255,255,255,214,158,82,20,6,8,2,24,18,36,8,8,12,14,18,24,90,255,255,255,255,255,176,8,4,28,30,10,8,12,8,4,20,12,20,14,12,14,12,20,22,14,10,10,20,12,10,220,255,255,255,242,255,255,255,106,70,36,36,50,118,32,84,38,30,138,172,180,196,22,50,90,106,78,34,82,38,72,94,72,48,110,92,76,70,54,18,26,2,32,84,184,255,255,216,98,42,44,18,30,46,60,64,64,38,14,36,12,8,44,38,132,130,84,108,84,194,255,98,36,6,16,14,226,134,180,54,6,0,0,0,0,0,0,0,4,6,4,10,8,4,8,42,62,10,10,94,100,20,86,92,160,22,22,60,66,190,40,74,226,255,255,255,46,108,96,24,88,100,58,172,220,255,178,20,12,48,230,154,248,226,36,12,6,14,60,64,32,10,10,12,10,16,14,4,50,188,255,255,255,255,255,255,255,255,255,255,255,255,212,70,20,48,160,132,146,56,16,58,255,198,255,252,42,22,64,255,255,255,78,62,78,38,38,48,42,46,56,94,66,8,18,20,14,74,192,56,68,255,255,255,255,232,16,44,108,46,136,70,255,98,255,255,26,12,20,36,16,20,46,126,255,255,242,224,255,255,255,92,96,16,94,46,104,126,96,76,60,34,8,26,62,84,86,213
15,32,54,46,34,22,16,14,20,12,8,8,12,14,0,2,8,10,10,6,2,6,8,6,8,4,4,4,10,8,14,24,18,4,2,2,4,6,22,20,4,38,14,22,20,70,255,255,255,208,62,68,82,100,146,144,132,78,48,98,70,78,108,124,66,4,2,12,12,2,8,14,20,8,6,14,10,12,20,8,12,4,16,12,4,14,6,4,4,4,14,58,138,164,164,166,116,68,44,6,8,8,12,6,12,10,8,2,4,14,6,4,6,4,6,8,8,6,8,10,10,4,8,6,2,2,2,4,6,6,10,12,8,2,8,8,4,4,10,6,4,8,14,8,8,6,10,10,12,8,6,16,50,192,255,255,176,255,232,28,2,24,190,255,206,150,90,160,206,255,128,18,8,6,12,2,6,2,10,2,20,30,10,22,10,12,10,14,12,8,8,10,4,0,0,4,10,12,8,4,6,8,10,10,14,32,46,142,255,255,255,255,240,168,112,248,255,255,255,226,132,98,70,12,6,2,20,12,6,8,28,22,255,255,255,255,255,255,46,2,8,2,10,4,8,10,2,6,10,4,12,8,30,40,24,12,2,16,10,56,76,30,22,36,255,255,186,255,255,255,255,255,78,56,62,38,22,80,72,72,42,102,194,40,220,110,72,36,66,48,94,64,40,96,122,138,68,122,42,62,104,138,110,66,58,36,28,6,70,142,248,255,255,232,130,54,14,18,34,44,62,72,52,2,46,16,68,38,8,36,114,208,80,14,170,148,134,68,10,12,86,94,124,130,16,12,12,4,8,8,4,6,8,4,4,0,6,6,4,18,58,60,10,22,84,66,40,12,60,34,38,44,114,100,204,30,255,255,255,255,60,18,30,255,255,255,226,88,84,124,18,12,22,80,168,160,255,114,28,20,4,38,68,60,42,2,2,10,8,14,32,28,6,14,8,16,14,10,4,10,16,14,14,6,8,12,8,20,28,46,90,64,78,142,170,100,255,220,255,108,8,12,104,255,10,255,162,48,24,60,194,170,140,12,40,40,22,16,6,12,40,134,108,14,255,255,255,255,255,255,190,178,38,116,146,204,255,255,255,255,26,16,18,20,26,10,34,88,234,255,226,255,66,255,255,36,72,56,56,48,94,174,124,56,56,80,94,100,104,92,66,198
18,14,36,30,10,14,8,4,14,10,2,8,16,16,8,8,14,8,6,8,4,6,12,2,8,6,6,6,10,12,22,24,16,2,0,0,2,6,10,22,18,18,30,8,6,10,148,255,255,255,98,120,110,146,150,62,26,98,156,136,92,94,106,80,30,14,14,14,12,10,12,16,14,2,6,10,6,2,18,10,14,6,10,12,14,16,14,12,12,24,16,10,42,54,44,40,20,6,4,8,2,8,8,6,4,6,14,16,14,22,20,8,8,8,10,8,8,6,6,4,14,12,14,14,2,2,2,4,10,8,10,6,6,6,8,0,6,4,4,10,14,10,10,12,10,6,6,14,18,20,32,96,220,255,255,108,255,255,52,32,28,94,255,255,90,206,108,38,255,246,54,4,0,6,6,4,2,8,18,12,6,6,6,8,16,28,54,66,80,78,46,8,8,4,4,8,10,6,6,4,6,8,6,4,4,0,4,26,70,152,255,255,255,255,255,218,122,98,244,248,255,255,232,146,68,22,30,22,16,18,174,255,255,255,255,255,96,16,6,10,12,2,14,0,10,6,4,8,4,12,26,28,16,8,18,10,90,255,255,255,255,255,40,102,255,194,255,255,232,255,255,255,38,58,92,32,34,66,52,18,26,52,156,150,182,108,54,58,62,116,60,64,88,78,142,114,92,124,74,42,48,112,48,78,90,72,118,140,86,20,44,154,255,255,255,240,110,32,30,14,16,58,62,56,6,68,28,68,16,48,64,74,54,60,108,18,112,150,92,76,40,124,58,166,18,6,12,10,6,8,10,4,6,0,2,4,4,2,0,2,24,60,32,6,42,94,90,6,42,46,74,58,82,70,194,230,252,255,255,255,26,22,116,255,255,255,246,42,54,8,212,255,255,68,110,112,64,20,14,14,36,44,42,82,40,4,6,12,8,16,24,12,18,20,14,22,14,8,2,10,16,18,16,2,6,16,12,20,52,46,94,140,255,255,255,98,150,154,114,34,38,50,138,255,255,255,58,8,16,120,188,110,154,38,16,14,8,6,12,26,102,136,44,192,255,255,255,255,246,255,255,255,255,232,78,255,140,255,255,58,10,16,12,28,16,14,22,62,202,255,234,255,108,255,255,96,76,52,98,134,100,204,206,146,88,82,60,34,12,26,52,201
10,46,66,58,24,20,14,14,18,14,10,8,14,12,8,4,8,6,6,8,10,6,10,4,4,4,6,4,8,8,24,30,16,0,0,0,0,4,6,12,14,6,22,24,6,10,4,255,255,255,255,30,18,54,46,140,160,148,116,60,28,22,32,22,16,14,12,10,14,16,16,16,4,2,10,6,10,6,12,10,10,14,10,6,8,6,28,10,26,10,10,16,4,6,4,12,4,6,4,2,0,0,0,4,6,12,16,14,10,10,14,12,8,4,12,10,6,14,4,2,14,16,8,12,8,6,6,6,4,8,10,12,8,2,6,8,2,18,16,12,12,14,4,12,12,14,18,14,24,98,196,255,255,236,130,255,255,96,12,28,16,174,255,178,156,22,134,250,255,132,10,4,2,6,6,8,12,10,22,14,8,8,8,28,92,156,158,164,158,184,124,34,14,8,10,14,10,2,4,8,8,8,12,14,12,4,4,12,8,18,60,116,172,214,234,255,255,255,142,78,124,244,255,255,255,202,110,68,84,255,255,255,255,255,146,6,16,14,8,22,6,14,14,14,16,4,8,16,14,32,12,10,4,14,82,255,255,255,255,255,255,255,8,84,255,148,255,255,255,255,255,255,104,60,64,118,76,142,94,60,48,124,200,62,132,62,84,34,48,56,100,24,68,18,78,32,84,70,42,76,72,156,68,132,118,80,130,122,174,140,150,62,28,134,254,255,255,206,94,54,40,64,18,44,56,68,106,132,62,68,76,82,38,76,96,46,58,26,128,186,142,78,60,120,44,6,4,2,6,12,6,12,2,0,0,0,0,0,0,2,6,42,60,22,14,64,134,74,16,52,42,66,58,88,48,214,222,82,122,38,38,8,122,255,255,255,232,18,22,154,255,255,255,172,40,36,20,178,202,192,44,12,36,38,14,10,12,18,26,6,4,18,16,6,8,8,4,6,14,14,6,14,8,26,36,50,46,10,36,30,44,174,255,92,255,196,58,44,50,202,208,180,42,174,220,158,10,6,22,128,160,222,154,10,6,4,18,16,22,94,134,28,146,255,255,150,255,74,255,255,255,255,255,255,238,210,255,255,255,36,16,2,14,8,8,16,22,42,154,255,255,255,116,255,255,64,10,38,126,56,12,80,156,130,54,36,64,76,86,102,106,211
7,6,40,58,38,16,10,10,8,10,4,2,8,6,4,0,4,4,6,6,4,6,8,2,0,0,2,2,6,4,20,28,16,0,0,0,0,2,6,10,12,4,16,28,14,4,6,52,255,255,255,134,124,130,158,152,98,64,38,14,14,4,12,6,4,8,6,2,8,10,10,6,4,2,6,4,4,2,10,14,18,22,10,10,12,18,12,8,12,20,12,12,4,6,10,12,4,6,4,4,2,0,0,6,14,12,2,20,24,16,6,8,0,8,16,26,14,4,8,10,14,20,8,4,8,12,14,16,4,6,2,4,8,4,8,12,6,14,6,28,26,28,16,10,8,26,82,156,238,255,255,234,62,212,255,255,96,16,10,8,86,255,255,22,90,208,70,255,238,44,10,4,10,8,6,18,24,28,38,26,46,22,12,52,186,255,178,122,76,152,134,36,10,6,10,10,6,6,4,6,8,2,2,4,8,6,4,6,2,8,6,18,38,56,64,120,202,255,255,255,236,148,72,186,255,255,202,255,255,255,255,255,255,90,10,14,12,2,6,8,14,10,20,16,4,4,12,26,34,42,30,20,26,20,248,255,255,184,255,255,255,254,38,38,255,255,108,255,160,166,255,255,255,30,66,22,50,86,18,68,46,74,160,34,46,76,86,62,100,116,34,40,94,140,58,96,50,96,80,78,84,66,146,72,70,42,22,44,10,62,144,180,154,72,42,160,255,255,255,180,66,34,26,30,58,6,42,44,30,42,42,16,22,4,104,126,30,70,132,12,142,58,46,120,110,28,8,10,6,6,12,6,10,0,0,0,0,0,0,4,6,4,46,52,8,32,52,106,86,64,58,52,82,82,124,98,255,255,60,30,62,82,50,255,255,255,66,26,14,210,255,28,255,255,230,6,200,255,255,255,74,42,30,28,66,72,48,22,4,18,16,14,10,14,8,6,6,6,4,24,24,198,255,255,96,34,48,40,12,2,20,174,255,255,255,78,16,14,176,255,252,220,88,66,60,32,126,124,78,80,82,156,58,16,18,8,22,10,60,160,36,114,92,255,255,255,255,255,255,255,255,255,255,255,255,255,255,255,52,26,30,18,12,6,24,20,32,56,140,216,255,255,112,255,255,138,34,30,66,90,102,58,108,160,106,104,102,78,62,46,16,221
12,54,26,30,20,8,8,12,10,16,8,6,10,6,8,4,6,4,8,6,2,4,6,2,0,0,2,2,6,4,20,28,16,2,4,4,2,0,4,8,12,10,6,24,22,4,6,16,98,255,255,255,110,46,48,26,14,16,24,22,18,14,14,14,8,10,12,6,12,16,12,6,8,10,6,2,4,6,8,10,2,20,22,10,12,6,10,2,6,12,10,2,4,4,2,2,2,4,4,6,6,4,4,10,18,18,10,8,18,16,6,8,2,12,6,20,20,12,6,10,20,20,14,10,8,6,6,12,8,6,2,2,14,16,12,10,14,4,12,4,4,8,32,78,152,254,255,255,255,150,12,158,255,255,200,58,22,32,4,48,194,255,166,174,102,130,242,255,142,18,10,14,28,26,10,46,80,116,122,142,148,142,42,48,158,158,40,88,98,154,124,38,10,6,6,2,2,6,10,8,12,8,12,12,10,4,6,10,6,12,16,18,18,12,24,38,42,62,176,240,255,255,255,255,255,56,255,255,255,255,255,58,18,8,8,2,26,14,10,12,10,14,16,14,8,8,18,20,66,92,92,170,170,110,248,255,128,255,255,150,148,52,24,34,240,255,255,255,255,255,255,255,255,146,84,84,48,84,88,76,14,48,140,62,34,88,64,82,36,64,88,84,136,100,44,88,90,66,68,30,36,24,136,94,58,16,90,76,128,72,38,44,142,182,170,96,24,146,255,255,212,102,58,82,88,44,14,62,46,48,16,24,30,24,44,136,188,102,96,146,102,42,168,202,186,54,10,22,14,22,14,2,10,0,0,0,0,0,0,4,4,10,4,46,50,48,18,50,176,82,48,80,68,162,18,204,84,216,196,50,46,18,46,94,94,32,98,112,110,164,255,176,54,255,255,38,255,255,255,255,106,42,20,174,255,255,180,12,12,18,10,2,16,10,20,26,14,8,10,12,166,255,255,255,126,64,40,42,226,212,206,86,255,255,216,12,14,10,255,222,255,255,44,16,22,166,255,242,130,76,68,90,14,28,24,24,24,58,146,90,122,255,255,255,255,255,255,255,255,255,255,255,255,255,178,255,255,212,8,20,28,26,12,14,28,10,28,48,118,192,255,255,122,255,255,222,118,66,74,50,84,166,108,255,194,96,44,52,72,88,114,209
19,62,46,52,44,26,16,12,8,18,10,6,12,8,10,6,10,6,8,4,2,4,4,2,0,0,4,2,8,4,20,28,16,4,6,6,6,2,2,6,12,14,6,14,24,12,2,24,10,172,255,255,255,102,8,10,14,14,14,12,14,14,10,14,14,12,12,4,10,12,10,8,10,8,6,4,2,6,4,12,22,28,42,38,42,30,8,2,10,6,12,6,2,4,2,2,2,0,0,2,4,4,4,4,10,20,22,14,4,10,10,4,14,14,2,6,14,16,18,24,16,4,4,4,2,4,6,6,10,12,6,4,2,6,8,8,12,16,20,28,40,104,196,255,255,255,254,94,160,255,255,255,236,110,12,18,24,16,16,58,255,255,48,132,188,38,255,254,34,44,58,94,90,104,40,88,160,166,130,156,140,206,94,30,170,255,150,220,172,140,94,30,8,8,10,4,2,4,10,12,16,12,16,14,12,8,4,12,20,14,8,16,18,14,10,6,8,14,18,66,92,156,255,255,228,255,255,255,255,182,36,16,12,10,16,8,24,16,8,16,0,4,6,4,14,24,36,10,46,44,104,255,255,255,116,255,216,255,255,255,255,198,18,36,108,255,255,255,255,255,255,116,255,152,56,90,78,98,8,16,44,80,124,98,54,80,94,122,90,122,30,84,132,134,38,82,90,54,50,32,84,94,10,50,52,24,94,60,98,76,82,30,32,36,106,152,172,74,90,200,255,255,174,72,38,40,64,108,84,10,68,36,22,22,8,20,104,212,120,48,70,106,108,118,242,140,18,8,12,2,10,10,6,0,0,0,0,0,0,6,14,8,16,16,76,70,38,30,148,188,100,132,94,84,60,58,122,86,110,198,66,68,66,22,22,255,255,255,255,66,255,255,255,255,224,62,255,255,255,255,30,8,48,255,255,255,182,34,10,38,162,236,222,102,34,26,22,4,10,12,255,255,248,255,108,18,32,218,255,255,255,68,112,112,20,120,122,108,176,238,255,164,4,16,26,224,120,236,162,28,40,18,68,60,50,16,72,146,74,228,255,255,255,255,255,182,255,255,255,255,255,124,255,255,255,255,255,20,24,16,22,24,18,20,24,8,42,76,122,216,255,255,72,255,255,255,160,120,20,116,182,184,54,220,246,192,144,128,114,94,82,194
21,38,34,38,30,18,20,6,4,14,8,6,10,6,6,2,12,12,10,6,8,10,6,2,0,0,4,2,8,4,20,28,18,6,4,2,6,4,0,4,10,16,16,4,24,22,8,2,14,4,255,255,255,255,62,12,4,12,8,10,16,18,12,18,20,12,8,4,12,14,10,2,2,8,6,4,12,32,56,100,158,204,218,206,206,182,110,32,8,4,12,14,10,12,10,6,2,0,2,4,4,4,6,4,6,6,16,26,32,38,52,46,34,26,16,16,22,18,6,8,6,8,4,6,2,4,6,6,4,6,4,2,6,2,10,22,38,76,136,176,224,255,255,255,156,82,255,255,255,234,150,96,26,18,14,14,20,16,32,166,255,202,136,74,198,190,255,66,100,100,106,112,80,130,82,62,126,70,48,84,104,190,94,20,68,180,164,166,110,46,22,12,14,8,10,4,4,4,8,12,12,8,10,4,4,8,10,4,6,14,16,10,8,6,8,10,6,18,26,6,12,20,84,255,255,255,255,234,38,16,10,6,18,10,20,8,22,8,18,6,20,14,14,12,28,34,16,26,42,38,186,255,255,255,230,255,255,255,255,255,255,174,20,40,136,255,255,255,255,255,170,255,255,142,50,98,78,140,64,44,76,66,116,112,120,134,128,84,118,102,28,52,100,98,74,88,10,72,16,20,100,76,82,56,52,84,44,192,52,142,136,114,116,68,62,68,174,172,24,22,112,206,232,178,74,8,48,100,50,66,34,18,42,84,80,36,40,128,220,158,52,124,144,80,156,214,114,46,10,16,16,4,6,0,0,0,0,0,0,6,6,18,6,4,44,80,54,22,58,122,112,92,58,32,14,56,36,72,74,114,255,164,26,16,60,255,255,255,255,198,102,238,130,232,255,218,170,242,226,80,46,40,100,255,194,255,216,14,8,126,255,255,255,94,26,48,16,130,168,168,184,255,255,255,10,10,12,255,244,255,255,108,36,24,184,255,255,168,118,158,168,48,24,38,56,194,136,255,98,2,14,32,54,30,42,68,136,40,166,255,255,122,255,255,255,255,255,220,255,255,255,255,255,118,255,255,86,66,26,18,14,24,28,28,18,18,46,76,94,255,255,255,40,255,255,255,6,136,100,128,98,104,148,138,126,170,150,78,20,18,40,197
22,22,14,4,2,6,10,6,6,12,6,8,12,8,8,4,8,14,12,8,12,10,8,6,2,2,4,4,8,6,20,30,20,6,2,0,4,4,0,4,6,14,24,8,18,24,14,14,14,14,16,255,255,255,255,20,12,16,6,8,18,18,8,10,16,12,8,6,12,14,12,4,4,6,24,60,102,154,198,230,236,202,156,158,222,255,255,224,82,24,8,6,4,8,4,4,6,4,6,6,4,6,8,16,50,108,166,204,212,198,200,196,174,150,146,152,156,148,116,82,68,60,38,28,22,14,6,8,16,46,64,72,88,116,144,178,230,255,255,250,210,148,70,166,255,255,255,238,98,26,14,10,16,12,12,16,2,6,92,255,255,34,78,206,54,255,220,60,86,60,36,10,26,66,74,54,178,168,144,146,168,168,68,20,16,46,76,70,26,20,8,4,12,10,8,2,4,4,4,10,6,4,8,8,6,0,10,14,22,20,14,12,12,8,6,12,8,16,14,26,16,116,255,255,255,255,142,36,34,12,12,4,14,16,20,10,18,12,14,10,24,18,6,6,30,148,255,255,255,128,66,255,255,255,255,255,255,238,255,255,140,255,255,255,46,255,255,255,255,255,255,255,255,96,58,112,116,118,54,46,42,16,68,88,86,72,62,34,74,90,80,46,50,42,72,102,72,42,40,54,84,90,70,78,40,58,134,108,170,76,202,144,172,16,74,56,66,162,104,102,76,24,130,218,212,80,44,74,34,70,38,6,66,90,90,78,92,102,218,255,162,50,76,36,70,108,188,198,62,2,2,4,6,0,0,0,0,0,0,4,6,6,10,6,2,22,44,32,14,38,78,122,60,34,50,60,108,124,96,84,168,255,236,106,60,255,255,162,255,255,252,158,255,255,255,255,66,112,70,126,194,250,90,218,234,255,54,14,10,200,255,140,255,126,26,20,230,255,255,255,60,236,210,92,60,66,68,240,255,255,226,18,6,30,255,226,255,250,64,72,32,160,220,214,48,142,116,154,16,8,18,26,56,18,102,192,62,112,255,255,74,255,255,255,255,255,255,255,255,255,255,255,32,255,255,244,152,122,40,22,20,18,28,26,20,26,38,62,92,255,255,255,6,255,255,255,255,112,132,70,70,154,156,116,44,50,80,118,126,114,112,208
24,14,10,12,10,10,14,14,18,20,14,12,10,6,8,12,6,8,10,6,6,2,4,6,6,6,4,4,6,8,22,42,34,6,4,4,4,6,2,4,2,2,20,20,2,18,16,20,2,2,2,82,255,255,255,232,2,12,14,16,22,16,6,16,10,6,12,8,18,22,10,8,32,92,154,222,254,218,154,58,58,132,192,212,196,24,238,255,255,104,20,10,8,16,6,20,14,10,16,12,6,22,62,144,226,255,255,204,142,118,114,140,160,178,212,214,228,250,255,248,228,214,196,168,150,130,114,146,206,255,255,242,236,236,226,222,208,132,14,78,146,230,255,255,255,158,72,16,10,6,2,8,8,10,14,20,6,42,194,255,158,140,126,210,255,255,104,116,82,78,110,112,100,100,92,36,80,112,76,72,60,36,6,18,14,42,52,46,14,12,8,8,4,2,6,4,2,6,4,4,2,4,2,4,6,14,18,22,14,22,20,10,20,20,34,40,26,14,4,22,166,255,255,255,255,36,34,32,6,8,14,2,6,8,2,4,6,10,8,22,24,24,16,70,255,255,255,255,255,255,116,255,255,222,255,48,255,255,255,255,255,255,255,255,78,6,254,255,255,255,255,120,18,4,6,16,24,34,20,18,14,18,18,18,26,20,6,8,14,18,12,32,24,6,16,82,124,98,78,114,134,82,72,140,120,100,154,48,94,22,54,124,106,80,100,30,40,76,74,110,180,136,32,100,206,196,70,34,42,26,40,24,62,82,22,30,160,168,182,182,255,130,88,50,118,94,28,198,214,72,10,8,12,8,6,10,10,4,0,2,2,4,2,6,4,6,16,30,38,32,50,164,180,58,100,30,168,108,120,28,72,44,252,255,76,255,255,255,255,255,255,218,255,100,255,255,28,4,180,255,255,255,76,120,114,46,64,76,76,154,255,255,255,36,8,6,255,255,255,255,112,52,34,178,255,255,180,136,174,220,72,2,2,52,255,178,255,148,12,6,88,255,134,236,88,60,66,32,62,70,68,36,68,156,204,54,160,124,255,255,255,255,255,255,255,255,255,244,255,255,132,62,255,255,166,255,255,172,82,14,4,40,32,30,20,34,30,62,102,255,255,150,34,226,255,255,255,134,98,108,90,62,36,70,122,46,100,128,114,50,26,221
23,16,20,14,4,4,12,16,14,12,8,2,6,8,2,8,6,6,4,2,2,2,2,4,4,8,6,6,10,4,8,38,46,6,10,8,2,6,2,6,4,6,8,18,10,6,14,24,16,0,4,2,132,255,255,255,136,16,14,4,16,22,8,12,6,6,10,6,12,22,42,114,202,255,255,242,108,62,164,230,242,230,210,230,255,255,204,146,255,255,100,10,10,18,12,32,18,14,2,12,42,140,252,255,234,96,46,158,198,188,172,152,132,132,122,100,76,38,14,62,88,126,170,204,234,244,222,246,255,238,148,122,72,26,44,90,156,236,255,255,238,216,142,66,20,8,8,8,6,16,14,10,10,14,6,6,10,110,255,255,54,46,255,52,255,255,38,98,118,128,120,70,54,46,36,26,22,16,20,18,12,28,74,86,88,132,144,154,102,14,18,12,6,10,12,10,6,10,20,20,14,10,6,8,16,18,4,8,8,18,16,12,48,84,130,120,110,28,32,255,255,255,255,230,18,44,46,2,4,10,14,2,2,2,10,10,24,24,42,44,36,34,234,255,255,255,255,255,236,255,255,112,255,255,255,255,255,255,114,255,112,255,255,255,22,54,34,22,28,24,24,36,10,12,16,2,24,32,22,20,10,12,10,10,14,26,12,14,12,4,8,14,14,10,18,20,8,26,34,80,130,126,84,72,32,28,90,68,46,86,140,26,88,56,116,20,110,30,50,46,94,168,102,20,84,204,156,78,40,20,46,46,42,60,18,26,156,98,136,30,148,255,152,114,132,88,196,54,172,198,118,42,32,8,26,12,14,10,6,2,2,2,4,4,6,8,8,24,52,34,10,62,180,134,56,68,130,94,42,94,100,196,78,255,255,66,62,255,255,255,164,156,255,255,255,80,74,46,255,255,194,255,172,44,38,152,255,255,255,44,202,214,110,22,18,38,255,255,255,255,16,10,58,255,255,255,226,62,56,16,122,208,208,78,198,170,230,20,6,16,106,250,154,255,80,10,18,60,134,100,84,106,242,196,22,48,246,255,106,255,255,220,255,124,255,255,255,255,255,255,160,255,255,66,216,255,255,255,162,16,24,56,32,40,28,36,16,54,148,255,255,106,6,84,255,255,255,255,70,160,76,8,38,30,62,80,148,234,204,114,128,209
21,14,22,16,10,4,8,12,10,10,8,4,6,6,4,2,4,6,4,2,0,0,2,6,6,10,8,4,8,6,10,38,56,10,12,10,2,4,4,12,4,4,4,12,14,8,4,16,16,16,20,10,22,188,255,255,255,44,4,14,10,24,4,8,10,4,4,6,10,58,236,255,255,252,78,128,255,255,216,140,88,50,20,14,98,230,255,255,184,255,255,100,10,24,28,12,4,18,30,40,132,255,255,100,138,255,255,244,178,140,144,154,170,194,212,198,152,118,144,156,160,150,140,74,18,46,16,40,104,164,254,255,232,228,224,214,210,184,122,66,48,30,6,10,8,4,16,14,6,2,6,6,4,4,12,4,44,206,255,134,168,154,255,255,255,180,26,38,42,44,32,14,14,8,16,22,26,34,28,26,6,70,168,202,182,180,136,164,176,70,6,2,10,12,6,6,12,8,6,10,12,14,14,14,14,8,2,4,14,12,10,22,72,194,255,238,214,90,255,255,255,255,172,14,50,32,6,8,8,8,6,2,4,18,8,0,18,8,30,18,36,12,255,255,170,255,255,255,255,255,255,46,255,255,255,255,88,255,255,255,255,255,255,170,72,60,18,6,10,12,16,20,18,26,20,28,18,10,12,20,30,14,12,18,26,20,20,20,24,24,22,18,14,8,2,6,12,20,22,20,14,34,116,118,140,140,98,88,36,48,112,10,106,94,100,52,106,140,64,6,14,146,150,188,108,68,132,172,116,24,52,58,34,62,62,70,52,110,84,24,92,202,255,255,162,26,92,88,52,64,166,102,40,30,26,18,8,18,6,6,6,0,0,0,0,0,0,6,30,40,14,14,58,92,74,88,112,116,48,100,72,36,216,40,254,244,255,192,18,58,38,22,255,216,148,70,128,144,255,255,255,255,48,24,36,255,255,255,255,90,50,28,128,255,252,128,255,255,255,140,14,12,118,255,110,255,198,4,14,94,255,255,255,98,78,90,50,66,88,98,92,214,210,196,4,2,8,68,112,36,114,250,134,150,90,255,255,255,255,255,255,255,255,255,255,255,255,206,255,255,214,255,122,234,190,216,255,255,255,102,42,48,24,52,42,38,18,36,234,255,255,54,28,44,68,255,255,255,124,124,148,84,92,136,142,142,100,218,228,164,82,192
21,14,18,12,8,6,8,8,6,10,8,4,8,12,12,8,6,2,0,0,0,0,4,6,6,6,6,2,8,18,26,48,70,18,10,10,4,2,6,12,8,2,4,10,14,14,6,20,26,24,12,24,20,16,255,255,255,255,12,14,26,24,22,10,10,12,4,10,32,210,255,255,204,224,255,255,240,108,30,14,36,34,14,18,20,36,218,255,255,182,255,255,255,154,76,26,8,28,16,94,255,255,42,255,255,204,104,20,2,6,12,18,20,20,62,194,242,178,162,52,70,124,210,164,20,160,170,154,168,160,122,44,30,62,40,16,60,68,32,10,20,26,12,2,12,20,8,8,8,8,10,2,6,14,8,30,106,255,255,120,220,255,164,255,255,66,16,2,10,12,18,12,16,28,80,112,130,154,152,176,78,74,146,188,106,102,56,118,112,76,32,8,8,6,6,10,8,6,22,20,12,14,12,4,8,10,12,34,22,14,46,34,78,204,146,128,206,255,255,255,255,58,22,52,40,8,8,4,4,10,10,10,22,10,4,62,88,64,18,54,36,46,255,255,255,255,255,255,255,255,255,18,60,255,255,255,255,255,255,255,220,40,18,4,12,6,14,8,16,18,20,16,6,16,18,2,10,14,16,16,14,8,4,8,6,2,4,4,4,8,12,16,24,28,32,36,30,22,16,26,30,32,6,34,72,142,118,86,88,58,44,106,94,20,36,92,20,132,46,32,108,126,58,120,230,124,22,156,210,148,78,48,18,52,34,14,18,30,120,196,255,255,255,255,255,64,66,22,58,108,40,150,88,4,16,14,14,12,14,4,6,0,0,0,0,0,0,6,6,36,42,22,26,36,64,104,144,120,38,42,104,112,86,160,68,36,150,255,194,26,70,82,62,118,128,255,255,255,194,255,255,180,38,24,74,255,234,255,255,22,8,72,255,255,255,156,116,172,132,56,178,176,140,255,255,255,60,4,8,178,255,98,255,152,24,14,126,255,222,164,16,108,134,76,18,16,20,82,156,148,150,20,174,178,104,255,255,255,255,255,255,255,255,255,192,255,234,255,255,96,255,86,242,202,134,124,255,255,255,232,76,24,16,40,54,50,30,30,255,255,255,22,34,54,72,192,255,255,255,76,154,152,144,126,80,56,90,66,78,100,110,195
23,16,24,12,4,4,10,10,8,12,8,6,10,12,12,8,8,4,4,4,4,2,4,6,8,8,10,6,12,22,20,34,76,30,6,6,4,0,4,6,6,4,2,4,10,16,14,18,36,14,22,4,10,22,44,255,255,255,255,16,28,14,8,22,22,24,10,12,50,255,255,128,255,255,234,126,26,28,84,158,160,136,36,6,20,2,48,252,255,255,44,255,255,255,255,244,164,68,36,210,255,102,255,255,122,26,6,6,12,4,14,14,18,36,100,192,154,88,180,172,170,66,218,255,176,255,102,70,108,124,242,255,255,255,134,160,144,144,94,50,58,74,88,72,36,2,12,12,18,20,30,16,24,14,22,50,190,255,216,222,68,255,156,255,194,10,42,34,28,80,98,104,38,62,134,194,200,204,186,248,148,14,186,255,132,234,196,162,116,52,24,6,10,8,4,8,6,12,20,8,6,14,12,4,8,8,14,22,6,14,24,22,54,192,232,86,255,255,255,255,84,28,54,14,6,2,2,2,10,10,10,4,10,6,52,150,68,102,210,208,188,30,255,255,28,255,255,176,255,255,255,255,150,255,255,255,255,24,20,16,24,22,22,12,2,10,24,34,18,14,6,4,6,14,8,8,22,26,6,26,8,12,8,10,0,8,4,6,4,4,2,2,4,6,6,8,6,14,34,50,48,16,16,36,24,22,50,110,148,56,80,42,54,64,10,96,38,96,70,24,108,126,116,86,154,255,158,16,136,206,150,48,16,60,38,54,44,138,255,255,255,168,42,255,255,255,18,60,6,62,24,60,148,116,22,8,14,14,6,12,4,0,0,0,0,0,0,12,14,10,26,44,44,44,40,46,150,186,60,48,14,72,32,66,38,54,24,108,255,255,178,38,28,60,255,255,246,255,72,190,122,52,218,254,94,255,255,255,74,6,20,156,255,26,255,194,2,22,122,255,255,255,30,238,232,170,38,84,78,142,255,255,255,10,16,14,206,242,160,222,70,40,32,20,40,52,132,242,208,32,136,170,44,96,54,255,255,255,180,255,255,255,255,58,255,255,255,255,132,255,72,158,144,104,100,108,134,255,255,255,156,20,16,22,38,42,36,94,255,255,236,14,46,66,78,72,255,255,255,255,102,154,150,80,186,198,170,162,70,164,144,216
23,20,24,12,4,2,8,6,4,8,6,4,4,8,12,6,12,6,4,4,6,6,4,4,8,8,16,16,16,36,48,46,90,42,4,4,4,0,4,4,4,6,2,2,2,12,16,26,14,36,26,20,12,6,16,78,255,255,255,164,24,28,8,10,18,18,18,10,48,255,255,140,255,228,60,22,18,74,255,255,255,255,84,10,8,26,0,46,228,255,255,255,78,174,255,255,255,255,246,255,255,240,255,130,12,4,12,20,14,12,6,16,32,38,88,226,255,218,170,92,108,64,178,238,114,214,44,96,76,68,166,146,176,192,40,98,86,108,74,110,132,210,214,198,70,12,18,62,90,66,80,48,26,20,36,108,255,255,76,255,168,166,255,255,60,112,116,146,134,255,250,255,178,38,142,156,64,62,116,190,122,52,108,220,176,206,126,70,36,20,18,8,14,16,8,12,16,22,24,14,24,40,24,16,12,22,16,12,18,10,6,18,56,146,164,255,255,255,206,20,4,24,12,6,4,4,8,6,10,2,18,10,12,40,68,68,60,255,255,255,255,18,84,255,255,92,255,255,255,255,160,255,255,112,90,202,146,58,32,28,14,10,10,26,22,22,32,22,6,10,6,8,10,4,10,4,10,24,8,8,12,2,10,4,6,8,2,6,2,2,0,2,4,6,8,6,8,10,10,14,36,48,42,28,8,20,32,12,92,122,194,128,120,76,72,14,52,52,22,20,78,168,46,152,92,76,186,160,10,162,255,108,72,32,50,60,124,255,255,156,120,148,126,54,255,255,255,40,64,42,54,68,70,214,158,10,24,18,8,20,4,0,0,0,0,0,0,12,2,18,8,22,42,56,54,14,44,136,112,108,100,10,78,54,28,56,16,82,38,186,255,188,160,80,255,255,255,255,26,36,84,255,255,255,138,148,178,130,36,74,100,130,255,255,255,18,40,30,255,255,222,255,162,102,94,80,255,255,252,62,192,204,90,12,14,16,190,234,255,184,2,10,28,90,104,140,198,88,112,208,112,98,146,106,148,182,255,255,255,255,255,255,255,255,156,255,255,124,255,48,176,114,90,68,34,84,102,150,255,255,255,86,8,28,32,22,28,196,255,255,102,8,72,68,96,100,200,255,255,255,82,162,255,156,220,102,54,112,20,150,148,214
20,14,16,10,6,2,8,6,4,6,4,4,4,8,12,4,8,6,2,0,2,4,4,4,10,6,8,16,28,60,82,70,114,54,2,2,6,2,4,4,2,6,4,2,2,6,14,18,30,6,46,22,8,4,2,6,146,255,255,255,66,16,38,18,12,6,12,16,26,238,255,255,255,255,255,56,10,172,255,255,255,255,112,10,12,12,10,22,26,144,255,255,255,255,234,126,62,230,255,255,120,255,254,28,16,22,10,18,10,16,12,8,24,36,46,102,152,172,200,186,160,100,214,255,255,255,146,178,118,146,255,255,255,255,94,152,144,118,70,38,102,226,188,255,114,10,76,212,255,255,255,206,116,74,44,194,255,246,254,88,204,86,255,138,102,200,184,192,98,200,116,222,186,44,140,232,176,208,224,208,108,36,18,68,70,68,42,14,16,8,10,10,14,24,16,8,12,24,34,58,114,148,140,122,46,2,2,10,18,14,14,16,24,238,255,255,255,180,34,26,28,8,26,18,8,12,6,8,6,10,10,20,54,64,28,52,255,255,255,255,255,8,6,222,255,255,255,255,212,255,255,255,210,64,120,28,10,8,8,6,20,12,22,12,10,6,4,12,10,4,14,6,6,10,12,4,28,14,6,28,34,30,4,14,14,6,0,6,4,2,2,4,4,6,10,12,10,12,6,6,2,16,26,40,44,56,14,44,38,10,86,82,76,74,100,114,102,54,50,36,108,32,72,24,86,116,14,184,172,16,250,255,74,176,236,242,255,255,252,130,186,36,126,110,106,255,255,255,38,82,80,78,170,38,180,94,26,20,18,16,4,0,0,0,0,0,0,8,14,10,4,10,8,16,52,60,60,106,128,132,148,134,30,22,12,56,40,98,134,110,98,98,186,255,152,82,208,94,10,30,212,255,40,255,244,66,36,114,255,255,255,8,255,255,196,44,26,80,255,255,255,255,48,8,14,255,255,255,244,56,42,34,64,156,164,100,114,136,186,46,40,76,116,126,76,22,102,106,255,255,252,214,70,30,84,148,255,255,255,255,255,255,255,255,255,126,255,255,110,92,66,78,104,58,44,56,98,142,255,255,255,250,94,24,50,22,34,255,255,255,42,22,88,26,122,76,22,255,255,255,214,132,218,150,78,72,222,210,126,198,190,198
20,12,18,14,8,6,12,10,8,12,10,6,4,6,8,0,6,6,6,2,4,8,8,4,6,6,0,4,16,44,54,40,112,60,8,2,6,4,4,4,0,4,4,0,0,2,8,8,22,22,10,20,16,6,10,16,12,242,255,255,255,48,10,24,8,4,20,20,10,92,255,255,178,255,255,220,34,200,255,255,255,255,78,26,6,14,4,22,18,30,74,40,74,160,255,255,255,255,196,152,255,255,124,18,18,12,12,4,8,8,12,20,12,16,24,16,16,20,46,80,78,68,102,152,158,132,120,172,152,152,168,224,214,168,84,134,154,80,154,92,144,222,142,246,102,24,138,252,254,148,255,254,208,178,62,255,255,86,250,194,174,255,255,12,60,82,54,84,102,204,244,255,208,68,46,122,102,108,86,54,20,4,4,8,14,16,4,20,16,4,20,46,52,50,42,54,92,142,182,208,255,255,255,255,230,68,4,12,4,18,24,36,208,255,255,255,134,36,14,50,8,8,14,16,4,8,12,18,6,10,14,60,60,14,66,255,255,216,255,255,236,70,84,68,255,255,255,255,178,36,224,224,210,100,92,28,8,16,18,14,6,14,16,8,6,4,4,2,8,10,2,24,14,4,6,8,26,18,132,168,148,48,4,14,0,16,10,6,4,2,2,2,0,2,4,10,10,4,14,14,8,4,2,8,4,38,50,40,16,30,40,24,42,68,62,14,26,96,52,64,88,56,98,68,114,80,76,88,206,184,20,255,255,196,255,255,255,178,78,182,60,198,74,18,104,44,255,255,255,32,36,24,134,110,122,224,98,22,12,6,6,0,0,0,0,0,0,4,2,8,6,2,8,4,16,44,82,84,60,84,122,194,126,54,22,78,72,70,6,18,74,50,126,130,255,255,255,186,70,28,200,255,255,255,88,34,24,255,255,255,255,112,62,44,106,255,246,242,158,255,255,198,32,20,12,255,255,255,255,28,12,20,254,255,255,122,38,36,48,90,144,118,50,40,88,102,108,255,255,255,255,220,76,32,24,138,98,255,255,255,255,254,120,70,18,255,255,224,144,120,92,80,44,16,34,52,56,134,222,255,255,255,230,82,48,40,94,255,255,252,28,18,92,22,138,70,2,164,255,255,255,98,72,110,70,106,252,252,222,248,232,185
22,14,22,12,8,10,10,8,10,12,6,2,0,2,6,2,6,6,8,2,10,16,16,12,16,18,8,6,14,44,80,106,124,48,12,6,2,10,2,8,4,4,4,0,0,2,2,4,12,14,10,14,12,10,16,18,18,32,255,255,255,255,18,38,8,6,24,0,18,4,94,255,255,170,255,255,30,166,255,255,255,236,38,22,54,52,36,44,38,56,214,255,255,255,74,86,242,255,255,255,255,204,30,4,24,18,20,10,6,8,16,18,20,18,4,12,6,8,2,6,6,16,18,24,24,18,38,58,54,38,36,52,58,54,52,68,54,34,94,88,158,250,228,240,92,26,106,222,255,236,208,114,70,112,110,255,216,252,18,248,136,255,196,144,102,140,166,182,178,124,164,174,104,20,6,18,26,14,8,12,12,6,6,2,8,18,10,30,12,22,142,234,218,210,172,136,184,255,255,255,172,230,150,255,255,142,24,16,26,32,18,154,255,255,255,150,30,18,36,14,10,10,4,12,12,20,18,12,12,22,70,76,16,64,196,255,255,255,255,255,255,255,48,86,128,255,255,255,255,58,34,62,42,14,6,16,20,14,8,6,4,10,4,6,16,40,56,50,20,6,24,18,22,12,12,18,2,64,255,130,198,36,16,18,10,14,2,2,2,4,24,70,72,48,12,16,12,16,6,6,2,4,8,6,2,16,20,46,68,60,24,52,70,12,92,42,42,104,54,130,120,68,86,70,42,96,8,58,38,164,134,42,255,255,255,136,80,154,148,80,255,78,158,98,86,70,180,255,255,248,22,14,60,172,76,194,156,46,20,4,6,2,2,4,6,6,2,2,6,8,2,6,8,4,2,4,30,46,36,52,82,146,146,154,116,22,122,92,22,68,124,52,124,124,116,104,255,255,255,208,94,146,224,156,34,10,20,255,255,255,255,60,8,28,255,255,255,254,108,180,118,6,114,166,90,255,255,255,146,18,18,36,238,134,255,96,48,48,32,14,50,62,106,56,62,240,255,196,255,255,255,255,255,154,34,182,255,244,255,255,255,148,66,252,255,255,255,255,255,136,104,68,58,60,54,34,26,76,168,232,255,255,255,194,32,46,186,255,255,136,44,46,110,30,136,70,20,60,255,255,255,244,102,158,90,44,255,255,192,198,178,167
22,8,24,22,10,6,4,12,12,10,6,2,0,2,6,6,10,18,14,22,34,34,32,28,30,40,40,26,26,10,70,100,70,26,10,4,4,8,6,4,4,4,4,0,0,2,4,4,6,12,10,2,8,16,16,8,12,12,50,255,255,255,255,16,10,10,22,12,16,28,134,255,255,110,255,255,26,136,150,168,142,44,94,192,220,222,190,216,196,130,255,255,255,255,255,132,16,112,178,166,128,46,16,10,10,4,10,16,8,22,14,10,8,10,10,2,4,24,16,8,12,12,14,16,12,6,2,4,8,10,12,4,2,6,6,14,12,14,32,34,66,108,118,96,38,38,100,150,210,250,216,194,178,126,230,255,76,222,232,124,255,255,90,106,88,96,100,118,100,38,14,4,14,8,2,8,12,20,8,6,18,12,10,38,34,48,28,26,0,64,255,255,255,255,255,228,150,240,140,142,206,255,255,255,255,126,32,24,42,42,180,255,255,255,166,10,30,10,36,14,8,10,8,4,2,8,22,6,10,84,92,26,24,70,174,255,255,255,255,255,255,255,42,108,224,216,255,255,230,106,78,16,24,20,30,30,6,8,8,6,4,10,8,4,14,84,50,92,18,18,12,16,42,74,50,12,4,110,192,172,234,30,6,8,10,8,16,22,20,12,118,170,150,84,8,12,0,16,14,8,10,14,10,0,4,8,10,2,24,58,82,46,30,62,10,48,80,154,144,32,74,52,80,32,50,6,112,54,66,42,146,138,36,255,255,255,96,54,172,255,190,164,204,222,254,250,188,255,255,255,156,18,24,168,204,158,110,106,58,14,10,4,2,16,8,0,8,6,6,4,4,2,0,2,2,0,8,30,48,58,70,108,128,98,136,208,174,72,64,172,198,124,38,80,164,152,122,104,172,194,255,255,176,108,122,30,18,224,255,255,178,28,40,52,255,255,255,255,26,10,52,104,176,192,154,146,170,184,50,28,20,30,218,216,226,42,12,168,255,255,255,255,126,216,255,255,222,168,255,255,255,255,255,255,255,255,255,255,116,255,255,80,255,255,255,255,172,255,255,255,186,96,36,48,20,12,16,46,96,140,200,255,255,255,104,58,255,255,255,126,4,46,100,68,152,62,26,16,216,255,255,255,104,66,74,80,250,234,120,78,102,158
23,0,18,26,18,6,10,18,20,24,28,28,28,28,26,30,30,36,36,48,48,40,32,26,22,28,42,56,60,16,44,36,26,12,10,10,12,12,12,8,4,4,4,0,0,0,0,0,2,6,8,6,6,18,24,4,10,6,20,108,255,255,255,198,22,26,40,84,148,255,255,255,226,255,255,240,32,78,100,110,250,255,255,255,255,255,255,255,255,250,255,255,198,255,255,182,32,2,6,6,12,14,14,8,10,12,8,10,22,18,0,6,4,4,6,2,12,22,6,14,6,6,4,4,6,6,6,10,6,0,2,4,8,10,10,12,2,4,4,12,18,16,22,14,8,16,28,16,40,62,76,94,90,102,255,230,255,124,212,140,255,236,18,24,22,30,30,40,8,10,16,20,12,8,12,22,26,56,80,102,112,106,192,255,246,212,102,12,18,82,246,255,230,255,208,98,44,204,255,255,255,248,255,255,236,74,38,2,22,82,255,255,255,172,24,40,8,42,28,6,10,6,10,14,16,12,8,12,92,158,60,40,108,130,34,255,255,208,255,136,255,255,255,255,255,224,120,112,174,66,12,24,46,44,14,8,10,10,26,60,56,16,12,4,8,66,56,90,12,12,8,154,240,184,100,16,8,112,196,226,120,10,6,14,8,10,14,6,12,16,142,84,130,98,6,2,10,4,16,4,8,12,6,6,2,6,4,8,4,22,46,62,76,28,68,60,16,110,176,110,76,54,50,56,70,64,72,6,66,90,26,154,152,68,255,255,255,88,130,128,60,146,216,242,154,66,68,120,255,255,255,64,22,46,88,88,56,158,176,66,14,14,12,8,12,8,6,10,6,0,0,0,0,0,0,4,2,6,20,40,56,86,112,48,6,94,188,142,94,86,88,118,46,76,136,28,2,28,60,60,74,240,182,252,255,252,255,255,255,255,255,138,22,34,255,255,255,150,4,14,10,152,220,224,160,42,40,30,22,40,114,116,62,64,66,42,255,255,255,255,255,255,255,255,188,114,174,98,134,255,255,255,255,255,255,255,255,255,255,86,242,255,255,255,138,190,200,255,255,255,255,150,36,40,26,26,30,42,74,130,148,242,255,255,172,68,255,255,255,98,34,72,112,102,178,44,24,32,82,255,255,255,114,92,120,194,255,255,146,30,168,130
22,8,18,18,12,12,20,34,48,52,50,44,40,40,42,40,28,22,24,26,20,8,6,10,6,10,8,34,70,22,82,148,182,108,24,14,16,10,16,12,4,4,6,2,0,0,0,2,2,6,10,10,0,14,22,20,8,6,16,10,152,255,255,255,168,202,255,255,255,255,216,40,255,255,218,202,255,190,176,255,255,255,255,255,152,198,114,66,98,70,208,255,255,255,255,172,32,6,4,2,8,8,6,8,8,16,16,26,18,18,6,10,8,12,16,12,18,8,14,6,14,12,10,6,2,6,10,8,6,4,4,4,6,8,10,8,8,10,10,4,4,10,8,2,10,26,22,10,18,12,4,2,78,255,255,32,244,136,146,255,255,108,20,16,12,10,6,12,16,2,20,34,48,112,136,118,118,194,255,255,255,255,255,255,255,255,212,44,20,56,255,255,255,255,255,242,214,206,198,202,138,64,84,72,22,14,34,20,146,255,255,255,146,12,30,10,38,22,4,6,8,12,20,10,24,0,14,62,160,20,52,255,255,255,255,104,255,255,255,255,255,255,255,255,255,140,92,156,40,16,14,34,44,10,6,6,8,14,72,100,120,50,12,20,20,32,34,26,10,16,26,255,184,230,90,8,20,48,60,74,16,8,24,24,150,132,116,18,12,14,138,128,182,58,14,6,8,10,16,18,12,8,12,8,4,6,4,6,8,4,10,22,58,98,62,22,78,46,68,122,78,84,102,86,90,150,34,28,98,36,128,30,124,98,126,255,255,255,150,138,128,78,14,130,196,212,224,182,116,255,255,255,14,34,24,78,120,62,158,132,106,48,14,12,8,10,14,6,6,0,0,0,0,0,0,4,6,8,6,10,22,54,92,118,68,26,64,138,248,238,138,72,66,60,48,64,36,32,68,68,98,132,44,50,98,255,255,255,255,255,255,255,255,255,255,255,255,255,255,92,6,74,130,34,148,58,34,42,255,255,255,255,255,255,255,238,255,255,200,255,255,146,255,255,42,186,72,52,138,140,255,255,255,214,160,255,255,255,66,255,255,255,186,254,154,255,202,178,255,255,255,184,68,48,46,30,42,60,64,102,114,158,255,255,214,164,255,255,174,46,58,66,60,142,196,22,8,18,24,255,255,255,182,72,42,124,255,255,68,104,140,113
21,6,14,20,20,18,22,42,46,30,18,6,2,2,4,4,10,8,10,16,22,34,44,38,36,36,42,2,58,74,204,255,255,255,124,10,12,10,2,4,4,2,6,6,4,2,0,2,2,6,10,12,6,4,12,26,14,10,12,26,6,226,255,255,255,255,255,255,118,58,176,255,176,66,255,255,255,255,255,255,255,170,174,170,214,204,228,255,242,208,220,255,255,250,148,100,30,8,4,8,6,6,14,12,16,8,48,130,116,120,50,12,6,24,10,6,10,16,10,8,10,2,6,8,8,4,0,2,6,8,6,4,4,4,4,4,10,16,12,14,10,4,10,8,4,16,18,14,4,10,14,18,196,255,148,255,168,220,52,255,248,20,6,8,12,18,16,30,40,82,144,112,148,255,252,250,166,255,255,255,206,160,170,116,224,255,186,50,32,6,138,255,255,255,255,174,150,106,50,30,6,12,14,22,116,116,128,116,255,255,255,255,10,14,30,26,42,4,14,12,26,70,48,20,14,12,50,136,28,36,255,255,255,200,255,255,120,255,255,255,255,255,240,255,255,246,144,42,18,42,30,14,10,14,6,12,10,4,76,86,88,70,8,16,10,84,100,100,2,16,46,255,126,255,62,30,10,14,6,20,14,12,24,124,255,194,198,14,10,8,62,58,70,14,8,8,8,38,22,40,6,10,2,2,6,2,2,2,6,10,10,6,16,22,66,82,36,68,50,58,106,102,84,66,12,100,58,44,120,54,32,78,64,100,84,174,255,255,244,114,84,222,255,255,216,162,132,92,106,12,255,255,255,26,30,50,148,126,30,100,212,112,6,16,16,6,14,4,2,0,0,0,0,0,0,2,4,4,14,10,4,14,42,86,116,118,106,64,84,160,134,50,60,46,22,110,60,62,26,34,30,70,36,140,228,255,255,255,255,255,176,255,255,255,255,255,255,255,255,255,255,106,255,255,255,255,184,164,255,255,255,192,140,255,255,255,255,255,255,255,255,255,255,255,255,158,94,46,48,116,80,255,255,255,255,255,246,255,255,255,255,108,255,255,255,255,132,58,255,255,255,240,124,74,58,38,22,26,18,32,56,126,255,255,228,255,255,255,106,32,48,64,68,196,160,6,8,14,18,150,255,255,255,124,104,104,152,255,172,212,254,121
24,20,22,22,22,22,40,56,40,8,8,22,30,28,34,28,32,28,30,32,34,38,36,26,26,22,40,44,2,98,238,255,176,255,255,24,8,24,18,10,10,0,2,4,6,6,2,2,4,0,8,12,8,2,2,12,22,2,18,6,10,24,252,255,255,255,42,242,255,184,94,146,170,255,255,255,156,255,154,246,255,255,255,255,255,255,255,90,66,98,98,76,86,34,6,22,10,8,4,8,8,10,12,12,6,18,164,255,216,230,116,74,56,30,40,36,18,14,16,14,10,2,4,4,4,6,6,10,12,10,8,2,0,0,0,4,10,10,8,12,12,6,12,8,10,14,4,8,8,6,6,50,255,255,120,255,128,194,255,255,98,28,28,40,56,108,184,224,214,248,254,206,62,160,66,166,20,182,126,98,174,248,255,255,255,255,190,46,28,30,28,74,78,86,62,32,26,18,20,18,10,12,14,50,156,144,186,255,255,255,255,32,14,56,20,32,14,14,22,56,206,146,132,38,6,34,114,58,88,255,255,178,255,255,255,210,114,118,255,255,255,255,255,255,220,128,12,32,38,30,12,16,4,16,16,8,4,10,48,90,60,54,24,16,110,255,208,194,12,6,44,250,192,218,10,22,12,12,14,12,18,8,22,196,162,234,198,16,6,8,10,20,14,18,6,6,112,116,90,30,10,4,6,6,2,2,2,6,8,2,4,4,6,10,14,70,116,30,90,74,6,36,68,104,18,70,150,50,80,28,60,58,20,50,154,46,255,255,255,242,255,255,228,124,60,12,46,54,42,76,80,255,255,108,32,36,68,86,136,78,128,154,58,20,12,6,6,4,6,0,0,0,0,0,0,2,4,6,6,4,8,4,8,12,22,54,104,130,96,88,148,190,206,84,24,94,20,140,130,156,48,8,136,164,255,255,255,255,255,255,255,255,255,255,255,255,255,255,255,255,255,152,255,255,255,255,255,112,255,255,255,255,255,255,170,255,255,255,255,255,114,255,255,204,255,194,34,82,84,56,186,124,255,255,224,255,255,255,255,154,74,154,252,86,255,255,116,38,150,255,255,255,164,84,62,56,34,30,38,42,54,255,255,255,14,255,255,150,80,16,46,60,8,170,90,4,12,14,18,70,255,255,255,170,66,40,88,214,214,255,255,144
26,16,16,16,20,34,48,54,32,18,20,20,16,6,8,2,10,14,18,20,18,12,6,6,24,10,14,54,62,26,222,255,234,255,255,74,14,34,20,20,10,0,0,0,2,6,4,2,4,6,4,12,12,8,4,4,20,24,10,14,6,20,18,218,255,255,255,255,150,20,90,108,216,214,114,255,255,255,255,182,255,255,232,116,160,162,172,244,208,255,255,230,68,6,4,20,18,6,4,4,2,6,4,10,4,50,224,232,128,180,98,130,112,108,160,170,112,44,30,22,16,8,2,4,4,6,10,14,10,8,10,6,4,6,8,10,10,4,4,8,8,8,12,6,8,8,6,6,6,10,34,194,255,255,244,170,255,94,255,160,90,108,130,156,172,255,255,255,255,224,116,168,112,176,224,246,130,255,255,255,255,255,255,206,176,110,66,26,14,12,10,20,14,6,22,26,14,28,24,4,6,14,4,42,164,138,255,255,255,255,32,12,62,14,54,20,10,10,62,255,255,255,180,32,30,136,102,70,14,255,255,255,255,160,255,255,255,255,36,255,255,255,255,208,60,40,20,46,50,14,20,28,36,48,36,10,16,6,16,22,20,18,18,12,255,255,238,198,8,10,12,98,66,52,32,12,12,116,134,118,20,14,20,182,142,255,90,6,8,6,2,10,14,10,28,40,210,82,148,36,12,4,2,4,4,4,6,2,6,8,6,6,2,6,10,10,74,114,64,66,124,32,62,128,88,80,116,48,78,118,136,148,106,28,86,112,46,255,255,255,142,64,42,22,54,34,58,56,66,18,106,255,255,255,64,28,28,26,112,154,8,184,224,72,8,10,8,14,6,0,0,0,0,0,0,4,6,4,4,6,6,0,6,6,2,2,26,68,112,106,84,132,212,188,100,132,140,132,64,194,86,86,118,138,255,255,255,255,255,255,255,255,255,255,174,255,255,255,255,255,255,126,255,255,255,255,255,255,255,255,255,255,92,255,255,255,134,255,252,255,255,255,255,198,255,255,96,92,184,64,56,64,196,255,255,255,255,255,60,114,72,136,198,120,255,255,122,44,66,244,255,255,206,92,56,44,28,24,42,18,138,255,255,255,255,255,255,70,62,32,60,76,54,178,72,14,20,26,26,28,246,255,255,166,100,124,98,164,168,134,190,168
27,16,20,12,20,40,52,52,34,12,8,22,28,24,30,28,36,38,30,16,6,8,10,12,20,8,18,10,46,64,58,255,255,255,255,64,6,22,20,12,8,0,0,0,0,4,4,4,2,8,2,8,10,8,4,8,10,16,10,10,6,24,32,8,234,255,255,255,166,136,148,174,106,180,255,255,255,200,110,116,204,86,116,140,250,126,168,255,112,194,228,255,106,18,12,20,22,8,4,4,4,0,4,10,10,50,204,244,212,130,60,120,122,255,255,255,255,216,120,58,64,60,46,26,6,6,4,2,2,4,6,4,6,12,16,14,8,2,4,8,8,14,14,12,4,2,10,8,2,30,128,255,255,72,255,162,255,206,252,148,255,248,255,255,206,210,226,46,188,200,152,152,152,96,154,166,116,150,168,170,162,160,90,20,14,6,8,6,16,2,2,16,6,20,12,14,10,20,14,18,0,20,14,30,112,255,255,255,255,4,10,70,44,56,34,10,8,54,255,255,192,255,206,18,118,174,62,126,96,255,92,255,255,255,255,156,142,255,255,212,80,214,246,64,58,14,74,30,20,10,18,16,36,24,48,6,10,10,154,146,128,26,30,6,255,182,255,152,4,10,8,30,34,8,4,22,88,255,156,192,12,18,10,126,114,136,24,8,6,32,120,124,82,12,24,46,162,122,178,18,6,12,6,2,6,4,8,14,10,6,6,4,0,8,8,20,8,42,118,120,78,160,18,74,60,102,162,46,110,136,68,86,60,102,14,120,162,136,255,255,56,24,12,34,32,44,76,20,40,8,66,28,255,255,184,46,20,18,36,84,76,66,232,246,60,8,10,4,4,0,0,0,0,0,0,4,8,4,4,8,8,8,4,6,6,6,6,10,14,54,52,40,104,184,134,156,255,252,248,178,42,16,84,120,255,255,170,255,255,255,255,255,255,255,255,255,255,255,255,255,255,255,255,110,255,255,255,255,255,255,255,255,255,255,255,255,255,255,255,255,255,255,255,255,255,166,58,130,206,114,88,255,255,255,255,255,86,80,110,64,74,138,150,108,255,255,80,42,52,168,255,255,255,122,92,70,30,44,42,68,255,255,255,64,255,255,178,88,28,8,56,52,132,186,48,8,18,28,26,20,88,255,255,255,116,82,36,54,112,114,30,196
26,24,26,22,22,36,54,64,60,50,38,26,16,12,8,12,24,38,36,24,10,8,8,2,12,18,18,12,50,88,144,188,122,124,192,54,12,2,8,6,8,0,0,0,0,4,6,8,4,6,4,4,6,6,2,12,12,12,16,16,14,8,10,16,36,255,255,255,255,254,102,196,116,200,176,20,140,168,255,255,255,230,140,192,255,255,152,238,232,160,255,255,98,6,10,10,12,16,8,6,2,8,10,10,18,46,154,206,188,122,136,108,16,214,180,142,255,236,166,232,240,220,166,112,78,52,56,50,28,12,8,12,8,8,6,4,8,4,2,4,4,10,4,10,6,6,8,18,14,100,255,255,255,255,255,255,28,255,136,255,168,160,156,154,162,146,255,255,255,255,232,186,198,134,60,52,50,32,32,34,28,20,12,24,2,12,10,10,16,2,10,18,12,16,10,4,26,20,20,10,22,18,28,10,202,255,255,255,104,8,44,58,38,68,6,8,18,212,255,255,226,255,152,86,238,40,162,84,62,255,255,255,255,255,255,255,255,164,255,255,158,230,46,48,26,78,56,8,6,20,12,16,60,34,40,12,6,114,255,224,254,34,4,4,255,176,255,52,12,6,12,92,68,38,12,20,158,214,174,206,2,8,10,22,52,56,20,4,8,150,238,182,120,12,14,54,132,130,80,18,10,10,12,32,36,10,8,10,6,4,6,4,8,12,18,12,8,8,34,170,148,90,178,40,34,156,255,88,82,62,134,146,46,116,64,76,216,114,255,255,255,50,24,22,22,16,80,42,34,38,48,46,226,255,255,28,38,20,38,88,128,210,44,216,160,42,4,2,6,6,4,4,2,2,2,2,4,6,6,6,4,4,4,6,4,12,10,8,22,10,14,8,38,94,106,134,236,254,186,132,144,68,82,76,56,255,255,255,255,255,30,255,255,255,255,255,255,255,255,255,255,255,255,255,232,255,255,255,255,255,38,255,255,255,255,255,255,182,255,255,255,255,255,255,255,168,98,54,214,255,255,255,255,255,64,12,50,108,106,52,36,126,158,150,255,255,52,40,34,126,255,255,255,154,130,110,56,60,62,222,255,255,190,255,255,255,176,132,18,48,124,44,198,140,8,20,6,28,40,16,34,255,255,255,182,96,104,102,158,130,66,187
30,28,22,24,26,30,22,26,26,26,28,22,24,28,24,18,6,26,26,16,6,4,4,4,6,10,8,28,76,114,198,255,255,255,255,255,48,12,6,2,6,0,0,0,0,2,4,8,6,2,4,4,2,6,6,10,6,8,10,12,18,8,6,6,4,58,255,255,255,255,176,255,255,255,64,234,182,154,255,178,255,255,26,230,66,178,96,152,255,255,255,216,50,2,8,18,16,16,8,4,2,8,4,4,18,10,36,72,68,104,154,132,116,255,255,255,255,160,120,232,218,255,255,202,180,255,255,255,176,104,62,44,26,14,10,12,10,4,6,12,10,16,8,10,12,16,4,14,30,180,255,255,255,255,255,255,255,255,104,244,78,244,240,255,255,255,198,210,194,134,76,72,58,38,92,100,52,14,4,4,10,8,6,8,4,6,6,4,10,8,10,2,12,16,14,22,24,6,10,16,26,4,48,80,255,255,255,90,6,12,32,30,64,32,12,8,94,255,255,58,255,255,24,255,142,190,108,26,40,255,255,255,255,255,255,88,255,88,255,255,218,24,54,52,78,36,12,10,12,18,26,4,22,22,28,30,28,232,255,202,255,10,10,4,144,126,120,48,20,14,162,255,222,94,12,20,160,206,222,134,12,8,10,10,16,24,28,18,32,252,120,220,130,4,10,6,32,14,16,14,12,30,150,124,138,6,14,22,6,10,2,10,2,6,8,8,12,12,12,54,178,168,100,210,40,174,134,182,130,112,98,62,122,198,32,150,64,190,20,255,255,142,72,38,34,52,44,28,86,166,116,78,116,255,255,255,10,18,46,58,70,140,192,72,170,158,16,8,4,6,10,8,8,10,6,6,6,6,6,4,4,4,2,4,4,6,8,12,2,10,6,6,8,8,28,50,78,104,116,132,204,154,70,34,100,255,255,255,255,255,255,255,222,255,178,255,254,255,255,255,255,255,255,255,255,255,255,255,255,255,255,255,255,255,255,255,255,242,68,255,255,255,255,255,255,16,255,255,255,255,255,255,222,76,76,34,60,84,88,44,20,110,126,136,255,228,52,26,26,90,242,255,255,234,146,134,76,74,188,255,255,164,196,255,255,255,208,62,64,92,146,104,240,82,14,4,2,12,44,20,6,255,255,255,255,104,84,64,38,134,102,173
31,80,86,76,64,60,58,60,52,38,30,22,24,26,18,10,18,38,32,18,6,4,4,6,8,22,18,30,74,110,184,255,255,255,255,255,180,4,8,6,10,0,0,0,0,0,0,4,4,0,0,0,0,2,6,6,4,6,0,12,16,12,4,4,16,20,30,255,255,255,255,255,255,255,92,255,102,118,255,255,255,255,118,202,255,255,255,158,164,144,152,52,18,20,14,16,12,12,4,0,4,8,8,12,26,30,32,40,36,12,38,40,66,120,186,226,196,152,242,255,174,94,104,122,194,255,255,255,255,222,220,140,96,126,88,22,18,14,16,12,6,8,2,10,12,6,16,10,60,250,255,255,255,86,255,255,255,246,146,252,224,255,198,255,255,174,66,46,24,38,112,116,126,208,172,208,114,22,12,2,4,6,4,6,10,4,2,6,10,12,10,16,22,12,10,12,4,6,16,6,10,18,100,255,255,255,168,12,12,42,24,32,34,4,2,6,184,255,152,255,255,190,160,236,138,182,70,78,74,36,255,255,255,216,255,255,255,255,255,232,68,78,62,64,28,4,38,44,58,18,10,148,218,184,46,18,18,222,255,255,238,10,6,4,40,90,56,26,4,38,255,158,240,104,18,14,92,160,124,84,14,16,28,172,150,136,30,16,50,224,26,254,52,8,4,12,8,10,2,18,14,74,194,78,142,14,8,6,4,14,6,12,8,0,0,0,0,0,0,0,48,186,168,118,188,124,182,78,70,96,76,162,58,120,104,212,214,255,198,176,255,255,38,72,32,36,44,52,152,126,56,72,102,226,255,255,114,14,12,30,34,44,40,110,62,246,70,10,14,4,12,8,8,4,4,2,4,4,4,0,0,0,0,0,0,4,4,2,6,4,2,2,2,8,4,4,10,30,44,34,80,150,140,136,126,54,255,255,255,255,255,255,160,255,255,255,242,255,255,255,255,255,255,255,255,255,255,255,255,216,255,255,255,255,255,255,255,96,118,100,48,106,200,254,252,255,255,255,255,158,170,180,76,62,60,28,74,104,104,62,38,134,156,168,255,224,44,2,10,44,130,255,255,255,184,122,74,212,255,255,96,138,246,255,255,172,104,50,50,112,86,200,236,42,10,10,10,8,36,32,18,116,255,255,255,62,78,86,106,142,224,182
20,116,98,70,52,50,54,46,24,20,14,14,18,14,2,14,30,36,28,12,2,4,4,6,10,14,20,36,68,110,174,234,255,255,255,255,255,22,6,16,10,0,0,0,0,0,0,4,4,0,0,0,0,0,2,6,6,6,4,8,14,14,8,4,8,18,22,86,255,255,255,108,255,255,140,255,255,255,210,255,255,255,200,116,160,170,122,36,8,18,12,24,24,34,14,32,12,12,4,2,4,6,14,24,54,80,148,138,140,58,52,52,28,16,12,18,32,82,170,236,255,255,154,130,202,255,118,216,70,162,255,188,168,190,206,68,4,14,10,12,10,16,10,16,2,6,12,18,104,255,255,255,255,255,255,255,255,158,116,196,216,188,78,68,46,30,24,18,18,122,254,234,224,134,44,144,124,36,28,12,2,4,6,6,8,4,8,12,14,16,14,20,6,6,14,6,12,12,18,6,20,74,255,255,255,255,6,32,54,56,30,40,12,8,10,26,248,220,216,255,255,38,255,8,250,10,132,100,102,128,132,60,255,255,255,64,255,255,255,136,136,76,112,8,8,22,56,30,52,30,66,255,228,255,80,28,18,210,255,255,184,6,12,18,94,74,40,24,32,70,248,128,255,38,8,4,30,96,86,62,12,14,160,255,214,180,10,20,44,246,58,200,26,10,6,18,68,64,18,10,22,94,130,180,138,8,12,6,10,20,2,16,8,0,0,0,0,0,0,4,10,50,202,168,160,168,32,160,124,140,54,106,104,174,144,255,255,255,255,255,255,255,255,100,60,24,42,78,134,40,14,4,28,74,255,255,255,18,10,44,6,88,112,46,88,174,242,92,6,16,12,10,8,8,14,10,6,4,4,0,0,0,0,2,4,4,4,6,6,2,0,0,2,4,2,8,4,18,32,24,22,46,64,64,62,46,18,28,170,250,220,180,156,255,255,255,208,136,255,255,255,255,255,255,194,242,162,255,255,255,255,255,255,255,255,255,236,182,92,72,255,255,255,255,208,190,226,240,130,100,164,106,20,48,58,22,48,104,108,48,62,112,192,240,252,166,86,6,16,20,72,174,255,255,255,108,182,255,152,68,106,40,255,255,144,44,14,52,54,188,126,255,188,18,20,18,4,16,20,50,16,22,255,255,255,156,134,116,100,66,136,203
6,32,8,24,32,30,44,42,56,48,40,34,30,30,40,40,32,26,18,4,4,6,4,2,8,14,22,34,52,98,176,248,255,252,255,255,255,46,2,12,6,0,0,0,0,0,0,4,6,2,0,0,0,0,0,2,6,8,6,0,8,14,12,2,10,20,10,10,60,255,255,255,255,255,80,130,188,196,126,136,154,138,86,36,8,14,4,16,6,2,8,24,20,34,18,26,6,14,8,6,4,6,18,64,122,180,242,182,226,218,224,188,102,102,90,56,16,20,20,42,92,158,170,160,222,255,255,255,194,128,198,100,80,58,170,76,4,14,34,92,110,104,64,32,22,10,6,28,208,255,184,255,255,255,255,255,255,112,38,60,64,8,36,62,106,112,130,82,30,108,208,134,162,102,114,164,94,26,22,10,6,6,4,6,8,10,12,12,10,10,12,4,16,4,26,10,16,18,10,12,12,255,255,255,255,30,2,2,34,22,58,40,4,6,6,78,190,182,255,238,2,255,172,214,124,106,52,98,24,184,144,94,255,255,255,255,255,255,94,200,54,170,56,8,4,60,86,12,62,36,162,255,96,255,46,24,14,78,228,182,130,18,12,156,255,255,166,30,24,96,255,140,210,10,6,4,18,24,14,34,10,4,255,188,255,192,4,16,8,182,138,158,34,6,6,202,248,244,70,26,16,88,98,142,42,6,16,12,30,22,4,6,2,0,0,0,0,0,0,4,10,2,60,252,134,206,114,176,122,116,34,64,42,76,255,255,104,60,255,255,64,255,255,98,138,140,146,156,142,54,32,24,6,108,94,255,255,146,14,24,32,114,128,44,68,70,232,194,20,14,10,10,2,8,14,8,6,4,4,0,0,0,0,4,6,4,4,4,2,0,0,0,2,6,4,6,4,4,12,20,12,6,4,4,2,28,42,34,20,66,134,114,80,48,128,158,156,112,84,188,172,164,255,255,255,255,126,114,152,150,30,20,36,18,28,32,26,54,126,232,255,255,240,90,96,84,216,232,162,150,88,70,26,36,78,40,4,90,140,88,86,62,74,118,52,164,182,34,18,14,48,72,228,255,255,116,255,228,120,50,255,122,255,255,108,50,30,78,102,206,120,255,255,18,30,14,10,8,16,44,42,44,255,255,255,136,60,24,56,86,134,205
5,82,94,86,76,72,78,70,72,62,60,50,40,36,44,30,22,14,8,2,8,6,2,6,6,8,14,32,54,110,202,242,255,255,126,255,255,164,18,6,6,0,0,0,0,0,0,2,6,6,4,2,0,0,0,0,4,8,8,4,2,10,12,8,6,14,14,6,6,16,252,255,255,255,82,44,32,52,30,16,20,34,28,32,24,28,18,12,6,10,10,8,8,16,22,16,10,16,12,8,6,6,16,70,130,142,110,54,98,255,255,255,244,190,184,142,104,74,46,44,30,4,48,58,62,124,170,178,255,246,255,146,168,188,204,54,2,40,194,255,255,255,204,98,54,46,36,76,255,255,134,255,240,255,255,255,148,6,68,76,72,94,178,212,244,228,255,208,60,98,255,255,228,212,116,96,68,34,30,14,4,6,8,8,8,10,8,8,10,12,14,8,4,22,14,6,2,20,30,26,162,255,255,255,60,18,6,6,26,34,60,14,6,14,8,80,164,166,168,38,214,255,146,200,104,138,42,94,88,112,96,148,66,255,220,140,190,54,132,52,116,108,60,60,188,255,242,100,26,16,162,255,204,255,6,12,10,6,50,54,52,6,22,255,255,248,192,16,20,28,188,116,156,6,8,12,178,214,206,60,18,22,255,114,255,86,10,4,4,56,70,64,20,20,74,255,120,238,70,18,8,44,64,66,12,8,10,62,106,100,50,8,2,0,0,0,0,0,0,8,14,8,8,96,255,66,236,24,154,104,104,255,255,255,255,112,255,255,255,255,255,255,255,255,62,98,126,124,104,54,54,76,106,94,134,255,255,255,6,28,28,60,64,132,140,10,148,152,84,10,18,6,2,16,12,16,4,4,4,0,0,0,0,4,4,4,4,0,0,0,0,2,2,4,2,2,6,4,6,2,6,8,6,10,12,10,10,14,10,4,10,20,30,36,50,52,48,26,30,66,92,36,62,140,146,92,60,42,46,44,26,8,24,10,42,46,82,74,78,142,166,200,160,148,166,28,204,255,255,122,40,44,36,10,82,78,24,58,134,110,48,16,54,88,46,92,174,78,8,18,62,58,144,255,255,90,196,102,134,190,255,202,255,255,114,50,40,66,38,198,150,255,255,30,18,20,24,16,4,20,34,38,232,255,255,255,154,124,144,118,114,187
13,102,76,50,44,38,38,28,18,22,26,22,16,8,10,6,12,8,4,4,6,4,4,10,10,12,12,24,62,106,186,232,255,255,136,255,255,255,2,16,6,0,0,0,0,0,0,0,2,4,6,4,0,0,0,0,2,6,10,8,2,6,10,14,12,14,14,8,18,4,16,255,255,255,255,116,8,24,24,26,30,26,14,4,6,4,20,10,2,4,16,14,4,8,8,4,4,12,10,10,12,2,12,66,150,162,174,166,192,248,96,110,180,156,104,182,242,255,124,116,130,130,76,20,22,14,16,62,134,144,142,88,108,114,76,8,14,88,252,255,170,255,255,255,214,120,66,220,255,255,255,122,255,144,255,255,176,192,244,200,186,86,188,140,58,34,108,150,68,6,118,222,118,78,94,18,30,28,20,4,4,8,10,8,8,12,4,6,10,16,18,4,10,14,10,12,8,10,52,176,255,255,255,142,26,22,18,32,16,34,18,16,4,14,8,64,84,70,42,88,255,58,255,52,112,42,98,54,96,128,60,104,86,204,130,232,190,84,30,88,58,54,20,28,255,255,255,128,12,4,118,255,172,220,16,6,6,110,114,118,10,16,0,255,158,255,152,4,12,10,68,84,66,22,18,112,255,166,248,56,10,14,255,168,255,50,14,16,48,148,124,66,12,24,114,246,162,255,34,10,6,8,6,6,24,8,10,108,112,116,70,4,2,0,0,0,0,0,0,8,14,8,18,8,140,255,82,255,44,94,255,255,255,255,255,74,255,222,255,255,255,14,255,255,176,92,44,46,44,60,128,206,210,224,212,255,255,255,158,6,46,62,68,168,90,154,84,160,184,52,18,6,8,22,8,14,2,4,4,0,0,0,0,4,4,4,4,0,0,0,0,2,0,2,0,0,2,2,4,2,4,6,14,8,18,12,20,6,10,2,16,8,8,6,6,10,14,24,34,30,18,36,16,14,16,12,2,12,8,18,12,18,20,40,42,46,60,58,60,160,224,222,154,138,208,50,156,255,255,160,34,32,32,6,50,110,56,34,92,86,54,36,30,64,48,104,124,96,16,26,42,110,255,255,198,22,88,88,86,244,255,162,255,255,62,34,28,68,98,178,44,255,228,14,16,12,10,32,14,12,32,36,84,255,255,255,112,54,26,28,58,189
20,60,14,18,16,12,16,14,14,22,20,10,12,10,6,10,2,4,2,6,8,4,8,4,8,18,22,38,74,102,178,234,255,255,186,255,255,255,70,4,4,0,0,0,0,0,0,0,0,0,4,6,2,0,0,0,0,2,10,14,8,2,8,18,12,14,8,12,10,14,6,36,255,255,255,255,182,4,24,14,30,32,14,22,22,10,10,8,6,4,6,20,6,12,6,4,2,8,8,8,14,4,12,32,104,136,138,146,202,255,255,255,178,216,56,192,90,255,112,255,255,255,174,132,118,112,56,28,10,20,12,30,60,44,26,10,16,62,214,255,255,204,24,144,212,120,36,255,255,80,255,236,255,212,255,192,255,255,182,152,196,74,186,206,200,190,222,192,28,126,158,142,190,130,222,114,24,10,12,8,10,8,2,4,14,18,8,10,2,8,14,10,34,54,78,136,116,96,106,255,255,255,255,22,16,8,30,26,30,44,2,6,14,4,14,10,10,16,14,252,255,156,204,30,144,52,134,78,90,96,42,46,54,86,190,255,58,70,124,84,74,96,76,70,255,20,255,108,14,20,30,178,152,164,28,18,134,255,220,196,10,2,16,255,140,255,54,2,14,28,64,58,40,0,10,178,250,248,255,38,20,6,128,192,168,38,6,16,240,255,255,112,22,16,106,246,196,184,12,24,20,26,56,44,20,8,6,100,60,148,68,2,2,0,0,0,0,0,0,2,6,4,14,12,24,240,255,226,255,32,255,255,255,255,255,255,255,255,255,38,255,176,255,255,255,140,148,90,66,82,190,244,196,174,184,162,255,255,255,12,36,72,126,248,158,82,80,150,194,76,14,6,18,12,6,8,2,4,4,0,0,0,0,4,4,4,4,0,0,0,0,2,2,0,4,4,2,0,2,4,4,8,10,10,20,14,10,18,16,14,2,4,18,16,10,4,0,4,16,4,18,10,10,4,2,10,12,8,4,22,6,14,18,20,34,36,44,48,50,140,246,255,160,84,206,88,80,226,255,160,44,48,52,42,20,68,48,32,70,70,84,88,54,70,84,68,120,146,70,36,174,255,255,255,138,58,98,140,164,196,54,255,255,255,34,22,16,48,206,255,112,255,118,12,0,6,10,20,16,10,38,48,38,255,255,255,96,100,130,142,138,210
25,52,14,18,12,12,8,12,12,16,18,14,14,18,16,4,8,4,2,8,8,2,4,4,8,26,14,22,54,92,150,228,255,255,255,126,255,255,194,10,6,4,4,4,4,2,4,4,4,0,2,6,6,4,2,0,0,2,2,10,10,4,4,6,12,18,12,10,26,14,8,8,26,255,255,255,255,255,16,8,16,30,28,30,32,8,8,10,14,14,14,24,20,6,6,10,12,12,10,8,8,8,8,2,10,16,16,28,32,102,188,242,220,206,134,255,236,255,92,255,162,255,184,226,236,255,232,188,146,70,22,8,30,18,6,16,26,68,114,240,255,255,255,216,255,148,154,255,194,255,66,255,52,255,255,204,28,126,152,150,162,148,76,170,146,108,94,64,66,254,255,254,148,20,146,128,52,26,12,4,10,14,14,24,76,80,76,48,46,50,94,108,132,224,255,255,255,255,226,255,255,255,46,18,8,28,30,12,46,28,14,6,10,8,8,4,4,22,136,255,24,208,106,92,176,82,168,68,194,116,22,30,132,80,220,22,122,56,108,38,38,38,16,56,255,90,255,62,10,6,24,50,10,56,12,4,255,255,255,206,8,16,4,186,194,180,66,14,14,196,238,224,62,22,16,184,228,255,166,4,14,14,18,40,34,32,12,14,255,140,255,106,10,18,68,170,122,106,2,10,30,210,152,172,18,10,14,108,58,136,20,6,2,2,6,6,6,6,6,8,4,10,14,2,16,82,255,162,255,158,255,255,255,255,255,255,255,255,255,108,255,178,10,255,255,254,255,238,188,140,220,198,78,36,70,50,255,255,255,120,40,20,40,192,194,104,56,118,148,120,30,0,18,10,4,4,4,6,4,0,0,0,0,4,6,6,4,0,0,0,0,0,0,2,2,2,2,0,2,4,6,4,4,18,12,16,16,2,4,8,12,10,10,6,6,12,8,6,8,16,6,6,12,14,14,10,6,8,14,14,14,12,12,2,14,32,60,42,36,88,208,255,190,64,190,128,96,226,255,156,38,18,24,46,16,50,44,24,46,72,96,104,72,54,18,72,130,156,98,255,255,255,255,170,86,40,108,194,172,58,255,255,255,194,54,34,82,222,255,32,255,255,50,10,14,12,8,18,18,6,42,62,12,255,255,255,148,96,78,52,18,220
11,102,50,6,18,14,6,12,14,10,12,10,8,12,14,2,4,4,10,12,6,4,4,4,2,28,30,30,62,96,138,192,255,255,255,76,255,255,255,6,6,10,10,8,2,4,10,4,4,0,0,2,4,6,4,0,0,2,2,6,6,4,4,8,4,18,6,6,10,4,8,6,2,2,206,255,255,255,255,46,18,36,16,6,18,28,16,16,18,10,6,14,16,4,6,8,4,4,2,48,126,132,120,44,4,8,8,20,24,10,38,62,100,80,76,180,184,174,226,255,198,224,72,142,126,198,255,255,255,180,54,8,28,42,24,44,24,14,44,46,78,110,170,162,156,24,255,255,136,255,255,255,255,255,204,255,255,255,255,174,180,146,8,118,106,122,50,10,74,222,150,112,124,166,168,94,38,20,8,10,12,6,6,66,166,132,156,128,192,202,255,255,255,255,182,110,86,186,255,255,255,26,8,16,16,50,24,28,26,2,10,2,6,6,6,8,4,24,255,255,196,94,48,108,126,72,112,150,246,170,132,182,84,255,100,172,72,94,56,16,14,16,14,26,255,242,255,90,32,22,198,202,188,38,12,16,255,220,255,186,12,18,10,58,96,80,48,16,48,255,152,255,86,34,6,120,214,118,156,10,6,48,204,168,148,12,12,56,255,118,255,44,6,14,0,66,34,28,16,18,148,255,166,200,10,8,10,58,36,50,20,6,4,16,28,20,14,10,10,12,8,6,14,10,12,6,156,255,38,255,255,255,255,255,255,255,255,255,255,255,255,138,150,254,255,255,90,210,216,170,186,128,26,20,26,16,62,255,255,255,86,74,50,46,128,144,70,38,132,246,174,28,10,12,12,10,10,4,2,0,0,0,0,2,4,4,2,0,0,0,0,0,0,2,4,4,2,0,0,2,4,4,2,14,14,10,10,6,4,4,10,10,8,12,10,4,4,2,2,6,4,8,10,12,4,8,2,12,10,2,6,12,10,8,8,22,38,48,52,72,152,255,186,28,156,138,76,224,255,132,54,34,60,58,10,26,46,20,38,60,58,44,18,38,72,46,82,102,255,255,255,255,140,74,108,88,132,190,124,255,255,255,255,156,58,32,84,152,118,242,255,174,6,2,8,10,0,10,18,6,30,64,38,255,255,255,248,182,142,124,124,201
5,94,68,20,12,22,12,14,14,6,8,10,12,16,16,6,4,8,10,4,4,8,6,6,4,16,20,22,62,104,144,178,252,255,255,186,255,255,255,84,6,2,20,20,4,20,14,14,6,0,0,0,0,4,4,0,0,0,0,4,4,0,0,4,2,4,8,12,10,8,4,16,16,18,4,144,255,255,255,255,106,4,26,30,18,22,28,26,22,14,14,22,26,20,8,10,6,10,60,244,255,255,255,255,98,48,34,24,12,4,4,26,34,24,8,24,50,38,130,255,255,208,236,194,158,192,138,96,255,200,56,36,120,214,194,190,112,102,116,76,14,4,10,28,34,166,255,255,255,138,255,48,255,255,72,164,128,168,80,56,58,124,222,255,255,255,164,14,58,238,255,232,255,178,88,76,36,22,22,12,10,6,8,78,180,92,138,114,190,176,255,232,255,68,168,220,255,130,255,255,226,14,2,14,26,38,16,40,14,6,4,0,0,0,0,12,18,148,255,16,255,102,64,12,42,130,144,106,102,112,104,194,188,255,118,120,58,124,180,86,14,12,10,6,112,174,142,52,22,76,255,174,255,20,12,16,255,255,255,164,18,10,30,132,96,56,16,18,112,255,80,255,44,14,26,30,164,106,134,12,4,230,255,255,178,16,10,58,255,114,224,10,10,20,38,100,68,20,14,22,202,160,255,202,14,6,10,28,28,20,46,12,14,46,32,34,8,14,8,12,14,10,4,10,4,8,22,212,208,180,66,255,255,255,255,172,255,255,255,255,156,72,144,24,255,255,255,62,88,82,70,50,30,18,34,30,12,255,255,255,26,54,30,16,80,164,94,64,56,126,222,86,2,14,8,4,12,6,4,4,2,0,0,0,0,0,0,0,0,0,0,0,0,0,0,0,0,0,0,0,0,0,0,0,0,0,0,0,0,0,0,0,0,4,4,0,0,2,6,6,4,4,4,6,10,10,8,4,8,10,8,18,14,6,22,40,54,60,48,66,152,255,204,24,142,142,44,214,255,140,68,62,56,18,12,10,56,32,6,76,86,68,56,50,30,44,134,255,255,255,248,68,28,44,104,108,112,126,255,255,255,255,146,74,42,76,188,255,180,254,228,80,10,6,6,10,2,8,12,6,22,36,30,210,255,255,192,146,128,104,68,189
2,72,60,28,10,20,22,12,8,10,10,8,8,14,18,16,6,4,8,6,4,4,2,4,12,16,22,28,60,92,140,186,248,255,255,255,86,255,255,255,4,12,34,14,6,10,30,8,8,0,0,0,0,4,4,0,0,0,0,4,6,2,0,2,2,2,2,8,10,8,4,14,6,26,14,16,82,255,255,255,255,255,12,20,42,12,8,20,2,10,14,16,16,22,28,66,96,94,114,255,255,255,255,255,255,236,196,64,24,22,10,30,16,20,4,16,14,26,6,66,94,128,216,226,224,255,255,255,255,218,34,60,224,255,255,255,170,212,246,220,98,96,102,42,54,255,255,26,255,218,255,255,255,88,84,128,128,172,98,116,255,255,234,250,66,255,190,24,28,86,188,186,178,78,38,42,28,30,42,56,60,72,26,72,172,58,98,56,178,138,255,255,255,255,188,222,84,255,255,255,20,10,8,4,20,30,30,36,6,4,2,0,0,0,2,10,12,255,255,192,124,204,132,54,72,190,136,112,102,152,62,28,255,40,156,104,114,162,255,255,76,10,6,24,90,54,38,32,28,152,255,138,255,12,4,12,106,255,172,146,14,10,152,246,198,106,20,28,126,255,130,255,16,12,16,22,36,38,72,2,12,255,214,255,198,8,8,22,198,118,162,30,20,18,204,192,190,58,34,6,184,180,232,82,8,8,8,18,66,26,40,20,22,40,10,46,8,4,12,12,10,10,2,6,4,2,10,104,255,46,242,228,255,255,255,255,255,112,210,255,255,255,255,216,255,255,255,76,12,12,20,18,32,26,32,18,12,84,255,255,255,48,30,34,36,78,106,52,92,156,136,110,26,4,6,16,10,4,4,6,4,0,0,0,0,0,0,0,0,0,0,0,0,0,0,0,0,0,0,0,0,0,0,0,0,0,0,0,0,0,0,0,2,6,4,0,0,2,4,2,0,2,4,10,14,12,8,6,6,10,10,6,14,16,24,38,46,48,44,70,136,234,212,68,134,146,4,218,255,178,66,54,28,12,6,18,48,36,30,60,48,40,40,40,84,255,255,255,255,98,46,64,50,86,104,106,108,130,255,255,255,38,50,46,48,92,112,178,136,178,138,28,14,12,0,12,4,8,14,6,10,18,16,162,255,255,174,46,46,50,88,196
4,102,74,20,4,12,22,18,8,8,12,16,16,12,6,12,10,6,8,4,2,4,8,10,2,12,22,26,54,92,142,184,222,226,255,255,102,255,255,255,68,18,22,12,18,22,18,12,8,0,0,0,0,4,4,0,0,0,0,2,6,6,4,4,2,0,0,2,6,10,8,10,24,8,22,10,20,8,250,255,255,255,255,48,10,22,8,24,20,8,10,12,24,80,132,224,234,226,112,255,255,255,255,182,236,255,255,255,212,198,92,38,32,10,12,16,8,24,10,16,22,6,50,74,72,108,178,192,196,108,6,54,184,255,78,206,18,118,124,162,222,230,255,106,162,255,255,255,118,255,32,255,198,254,255,184,242,255,255,92,214,118,164,216,255,255,168,32,12,6,18,52,18,24,50,110,142,124,154,208,188,160,46,46,158,160,52,40,94,148,208,255,255,150,66,52,255,255,255,126,12,6,8,6,16,16,34,24,6,0,0,0,0,0,2,6,118,255,30,160,255,255,255,88,46,166,186,255,162,112,126,212,192,148,34,202,166,255,86,204,138,54,6,198,255,255,130,16,18,172,255,208,255,8,18,14,12,74,72,76,10,16,255,190,248,104,8,16,72,255,162,228,36,4,46,214,168,174,32,10,10,255,196,255,130,20,12,12,76,90,96,32,22,80,255,102,230,34,20,10,102,134,116,70,4,10,52,174,98,70,48,14,14,50,36,54,12,14,20,2,12,8,4,6,4,2,2,12,170,222,216,255,178,255,255,130,134,218,255,255,180,194,255,255,4,255,255,255,18,16,16,42,34,48,6,22,32,14,255,255,255,16,4,24,14,82,132,88,102,14,50,130,68,8,10,18,6,0,0,4,6,2,0,0,0,0,0,0,0,0,0,0,0,0,0,0,0,0,0,0,0,0,0,0,0,0,0,0,0,0,2,4,6,6,2,0,0,2,6,6,2,2,6,12,10,10,10,8,10,12,6,4,16,26,30,32,44,44,42,70,114,228,230,88,124,160,34,166,255,255,110,46,32,22,26,16,30,34,54,62,72,82,138,255,255,255,255,100,52,52,60,82,68,82,102,82,94,255,255,255,40,52,98,66,78,50,34,80,64,88,58,6,4,14,8,16,8,6,16,8,8,16,14,84,255,255,194,42,24,84,106,211
5,106,54,10,18,10,12,20,14,14,16,12,10,4,0,10,16,16,18,16,12,8,4,6,4,10,22,24,46,76,120,182,230,246,255,255,192,216,255,255,202,6,6,6,22,10,14,8,8,0,0,0,0,4,4,0,0,0,0,0,2,4,4,6,6,2,0,0,2,8,10,10,8,20,22,8,24,10,20,134,255,255,255,255,184,26,18,18,26,16,22,10,86,188,254,255,255,255,255,118,206,255,248,150,56,40,198,255,255,255,255,162,158,100,28,12,10,8,12,10,14,4,16,6,6,2,20,8,18,8,24,26,164,255,255,255,146,214,210,58,255,204,255,128,255,255,36,255,210,255,255,255,248,255,255,116,140,92,248,44,236,255,255,222,232,166,64,18,16,12,32,82,98,88,176,255,255,255,186,160,174,182,44,44,86,178,124,66,72,76,88,38,14,8,2,142,255,255,244,6,4,6,6,16,16,10,24,4,6,2,4,4,4,2,2,4,232,232,255,212,255,255,255,74,52,108,148,40,148,255,22,255,68,108,170,100,44,232,202,204,96,42,42,255,255,255,132,18,20,144,255,192,218,14,10,32,142,114,92,16,24,30,255,58,255,56,6,10,16,144,154,136,28,26,162,255,210,224,40,18,16,248,255,255,134,30,2,56,182,152,100,0,8,112,210,164,240,6,6,4,42,94,86,58,12,12,158,202,130,136,18,4,0,26,28,30,8,4,8,16,16,6,4,4,2,2,4,12,48,255,106,255,128,88,255,255,255,255,255,255,255,255,22,255,255,255,255,255,54,40,40,62,40,72,30,44,22,24,166,255,255,174,56,52,32,74,132,60,74,74,60,136,84,8,12,14,8,0,0,2,6,6,2,0,0,0,0,0,0,0,0,0,0,0,0,0,0,0,0,0,0,0,0,0,0,0,0,0,0,2,6,6,4,2,0,0,0,0,2,6,6,2,2,10,12,14,10,8,10,14,10,8,20,22,20,24,44,54,62,60,100,246,255,108,86,156,50,118,255,255,156,76,30,8,12,14,14,34,64,52,182,255,255,255,255,255,66,102,44,30,62,118,92,82,78,62,255,255,255,88,24,38,90,44,122,46,20,36,36,52,28,8,10,12,14,12,8,6,18,10,8,22,18,32,255,255,255,76,76,176,188,209
7,108,40,28,10,10,10,14,8,12,22,26,18,4,2,2,4,8,12,14,14,12,8,2,4,18,26,32,60,84,120,170,182,230,255,255,236,40,255,255,255,24,4,10,20,12,14,12,8,0,0,0,0,4,4,0,0,0,0,0,0,0,0,2,4,4,4,4,4,4,6,6,12,12,14,6,26,14,18,8,54,255,255,255,255,255,64,22,2,20,36,8,70,138,140,150,100,110,220,255,255,112,44,132,106,198,248,2,162,236,242,255,255,255,170,192,128,40,0,4,6,10,8,4,10,12,38,20,30,28,22,12,36,84,102,96,92,124,132,194,255,162,255,80,255,255,255,96,255,34,255,255,255,204,255,206,230,208,255,130,64,88,94,70,48,42,78,68,70,108,250,255,255,255,234,255,148,204,106,136,222,196,48,30,20,76,136,102,98,58,28,6,12,14,10,255,255,255,46,10,8,6,6,20,10,22,10,10,4,4,6,4,6,6,2,78,255,42,255,255,255,255,255,255,255,255,255,255,255,216,230,120,170,104,174,4,64,172,82,116,68,42,66,255,64,255,86,10,14,42,234,158,170,32,12,186,255,228,146,16,6,12,255,148,255,62,18,10,22,58,20,48,30,8,176,240,150,255,255,255,255,255,255,255,255,255,255,255,255,242,108,20,12,114,220,132,168,6,6,12,20,34,26,26,8,20,178,68,236,90,16,2,6,4,2,10,14,6,8,18,6,8,4,0,2,2,2,12,6,255,255,224,255,142,255,255,238,255,190,255,255,255,255,255,255,192,255,255,96,6,34,38,22,64,74,30,16,32,34,255,255,255,92,46,20,24,100,140,46,54,38,102,144,94,8,2,12,0,0,0,2,6,6,4,2,0,0,0,0,0,0,0,0,0,0,0,0,0,0,0,0,0,0,0,0,0,0,0,0,4,6,2,0,0,0,0,0,0,0,2,4,2,0,2,2,4,6,12,16,16,12,6,20,24,18,20,38,68,64,34,76,244,255,156,56,150,86,84,255,255,230,114,56,26,8,12,20,90,220,255,255,255,255,255,40,92,128,58,50,10,94,132,80,46,96,255,255,255,84,6,0,32,86,38,94,14,16,16,24,40,14,10,10,2,16,6,10,10,30,18,10,22,16,10,255,255,255,100,86,134,200,190
12,110,36,46,24,26,22,26,22,12,12,18,20,18,20,24,24,24,26,24,22,22,18,18,22,32,38,50,90,120,156,188,182,255,255,255,255,170,255,255,255,176,6,14,2,12,2,4,2,0,0,0,0,4,4,0,0,0,0,0,0,0,0,4,2,4,4,4,4,4,4,4,14,6,6,14,20,2,6,12,2,8,200,255,255,255,255,236,10,18,30,32,48,162,242,255,255,255,255,214,154,148,76,255,246,140,198,138,222,236,130,192,255,255,255,255,255,132,120,62,16,2,6,8,18,32,52,34,36,32,32,26,22,24,26,20,16,20,30,176,255,250,184,246,255,72,255,255,255,255,255,148,255,255,255,248,148,164,172,80,6,18,20,42,66,124,224,248,252,210,255,255,192,202,86,204,246,255,255,184,168,116,28,16,18,10,22,40,36,26,10,8,18,16,92,255,255,255,18,8,8,4,4,18,6,30,6,10,8,4,6,4,6,8,8,218,255,154,94,255,112,255,192,255,255,255,255,255,255,255,255,64,74,240,102,30,255,255,255,206,14,4,64,255,136,255,50,16,8,52,90,12,66,18,10,255,238,255,156,12,2,4,222,228,240,66,14,24,150,134,118,34,64,236,255,255,255,255,255,255,255,255,255,255,255,255,255,255,255,255,214,20,22,76,216,138,144,18,16,48,204,150,144,18,18,18,172,50,184,12,6,12,8,10,16,18,12,6,8,4,14,10,4,2,6,4,4,12,12,94,255,76,255,224,255,136,255,255,255,255,255,216,255,36,255,228,255,255,255,44,22,22,8,14,50,22,20,28,44,255,255,255,24,68,60,64,28,160,158,38,92,26,74,130,32,6,12,0,0,0,0,2,4,6,4,0,0,0,0,0,0,0,0,0,0,0,0,0,0,0,0,0,0,0,0,0,0,0,0,4,4,0,0,0,0,0,0,2,4,6,6,2,2,4,4,4,8,12,10,8,4,4,12,16,14,20,44,68,74,62,76,214,255,172,22,164,178,50,218,255,255,138,56,34,18,132,255,255,255,255,255,255,102,76,148,138,74,2,28,46,72,98,48,176,255,255,255,88,12,10,14,22,50,24,46,12,20,12,10,20,4,4,4,20,14,6,10,22,42,26,18,16,12,14,255,255,255,68,36,62,56,176
18,86,10,34,24,16,44,76,64,58,44,44,42,44,50,44,42,48,46,40,40,40,32,34,34,36,40,50,100,140,170,182,204,255,255,255,255,255,44,255,255,255,34,8,2,8,8,14,8,0,0,0,0,4,6,4,2,0,0,0,0,0,0,4,2,4,0,0,0,4,6,2,10,8,14,2,12,4,2,4,8,2,6,92,255,255,255,255,255,80,24,10,14,36,76,110,168,255,255,255,232,210,138,255,158,255,254,146,230,106,226,172,246,154,134,255,170,255,255,224,122,134,92,26,30,18,28,54,40,42,42,24,16,16,4,12,16,24,34,48,106,116,80,255,212,255,100,255,26,255,255,48,116,140,136,84,22,6,20,42,110,106,104,212,255,255,255,246,224,144,168,255,255,255,255,232,252,234,110,44,30,26,10,6,12,12,4,10,6,2,16,32,26,26,255,255,255,88,8,8,4,2,2,14,8,26,8,12,12,14,22,14,12,12,18,255,164,255,208,255,156,255,255,255,255,252,255,154,255,255,118,144,46,134,84,176,255,250,255,196,4,14,30,255,188,230,64,10,16,230,174,190,42,24,6,255,136,255,130,14,6,10,68,110,100,44,16,94,255,116,156,255,255,255,255,255,100,174,255,255,255,255,255,255,255,255,170,96,255,255,255,255,255,36,122,92,68,26,34,180,255,178,172,22,14,12,150,90,122,32,10,10,50,104,86,54,10,6,6,6,16,8,4,8,8,8,8,10,14,4,255,255,255,38,255,190,255,222,255,34,255,255,255,255,255,255,255,255,255,34,20,36,12,14,26,26,8,26,6,108,255,255,114,40,190,124,144,38,118,112,124,64,44,86,96,36,6,4,4,6,6,4,4,2,8,4,4,4,4,2,0,4,6,6,4,4,2,0,0,4,6,6,4,4,2,4,4,2,2,2,6,2,4,4,2,2,2,2,2,2,4,2,2,2,2,2,4,6,6,6,4,4,12,16,10,20,48,74,78,72,84,186,255,198,62,118,192,98,156,248,240,134,84,218,255,255,255,255,255,255,222,114,116,110,144,104,46,8,42,70,56,62,160,255,255,255,86,6,2,6,12,22,24,30,36,22,12,14,12,16,12,8,12,18,4,4,8,18,22,12,4,2,14,2,255,255,255,160,102,86,68,185
19,64,16,20,14,34,84,100,70,62,56,36,30,32,32,18,22,38,28,30,26,26,24,24,20,20,24,18,60,126,162,100,174,216,228,255,255,255,190,255,255,255,184,8,14,2,14,4,8,0,0,0,0,2,4,6,6,2,0,0,0,0,2,4,4,2,0,0,0,2,4,8,8,10,12,2,10,8,8,2,8,4,8,12,8,184,255,255,255,255,255,32,18,20,36,26,18,12,92,194,238,186,255,255,255,255,255,84,255,196,250,104,64,158,220,255,122,166,216,178,255,255,255,98,44,122,246,255,240,202,164,132,102,52,6,28,32,40,76,60,78,90,218,242,255,255,255,255,255,255,148,50,34,30,28,70,138,158,156,182,232,162,158,255,255,255,88,128,134,222,196,255,255,244,158,82,52,26,10,6,4,6,8,6,12,12,4,14,12,8,24,30,12,146,255,255,255,6,12,14,10,4,10,10,12,16,6,6,4,28,20,12,10,14,90,255,30,255,255,255,255,224,255,144,255,255,255,255,255,252,158,255,246,254,128,52,255,68,255,140,10,12,26,118,176,130,60,18,114,255,124,228,36,12,20,255,255,250,142,10,14,16,36,20,28,18,6,90,255,255,255,255,255,120,255,255,255,255,255,255,255,255,255,255,255,255,255,255,255,255,160,255,255,255,255,44,26,20,26,230,140,255,152,16,10,12,56,104,80,40,14,20,186,168,156,64,14,10,4,4,10,2,2,2,4,4,2,14,10,12,156,255,90,236,255,124,255,255,255,255,255,255,255,255,255,255,166,255,255,80,42,28,20,14,22,16,10,12,24,22,255,255,255,90,150,82,138,36,46,42,32,40,48,82,170,104,10,8,8,10,2,12,4,6,8,4,4,4,6,4,0,4,2,2,0,2,2,2,4,2,4,10,8,6,8,6,2,4,0,2,6,8,4,2,4,2,4,2,2,2,4,6,4,6,8,6,6,4,4,6,4,2,10,18,20,36,54,70,70,50,60,150,255,255,116,76,172,94,96,240,255,255,255,255,255,255,255,202,58,6,128,112,102,104,108,64,74,28,50,32,20,132,255,255,255,68,16,4,4,4,10,12,8,10,14,8,16,12,4,6,2,6,6,10,10,10,18,20,18,28,20,10,10,12,255,255,255,102,40,46,72,177
18,68,24,26,18,50,72,64,24,16,20,14,8,26,42,30,26,32,20,22,18,20,16,16,16,12,16,30,56,86,134,46,132,200,250,212,255,255,255,72,255,255,255,32,16,16,8,14,4,0,0,0,0,0,0,2,6,4,0,0,0,0,4,2,4,0,0,0,0,0,0,0,0,4,8,6,2,4,4,10,6,6,0,4,14,10,78,255,255,255,255,255,196,18,10,22,30,24,8,18,34,78,172,255,255,255,255,255,192,76,104,158,255,255,255,255,238,255,255,146,255,255,255,148,180,255,255,255,255,255,255,255,255,255,255,255,255,255,255,255,255,255,255,255,255,194,255,176,255,255,36,36,42,64,72,146,228,208,206,102,78,18,38,116,240,255,255,224,226,248,142,28,26,20,2,22,32,24,10,6,14,14,14,10,10,4,20,10,14,20,24,20,42,255,255,255,86,22,12,14,10,4,8,2,14,10,4,4,12,26,10,14,4,20,206,255,154,226,76,255,255,255,255,255,255,255,206,255,255,52,255,112,82,100,156,162,255,255,255,188,8,10,50,104,48,50,46,22,200,255,200,226,4,14,10,136,255,182,128,14,12,86,100,92,26,16,20,255,255,255,255,88,255,255,255,255,232,8,124,84,248,246,176,134,206,126,94,255,255,255,255,255,38,255,255,255,136,16,8,212,140,210,98,16,12,10,24,38,22,18,12,40,220,24,214,42,4,12,6,12,10,8,8,8,6,4,4,6,10,2,46,255,140,255,255,255,255,255,255,255,255,255,255,255,255,234,38,255,255,255,58,22,38,18,28,18,8,6,28,32,255,255,255,48,136,148,116,52,74,60,50,58,44,86,88,126,14,6,10,16,12,10,2,4,4,0,0,0,4,4,0,4,8,6,4,4,2,2,2,8,8,2,10,10,4,4,4,4,2,4,4,4,6,0,6,6,4,6,8,10,6,4,6,4,6,8,8,6,6,8,10,10,14,16,14,16,28,50,80,74,70,106,210,255,144,80,192,174,176,255,255,255,255,255,255,120,30,40,38,50,154,156,102,124,64,76,48,72,46,30,174,255,255,224,36,14,18,8,10,4,12,6,2,4,6,6,8,8,14,16,10,12,14,12,4,2,8,18,12,14,20,10,12,12,255,255,255,78,216,178,148,163
15,82,12,24,26,56,84,92,62,46,44,42,36,32,42,42,52,62,52,52,50,50,46,44,42,24,18,22,26,68,108,20,128,62,222,66,255,255,255,158,255,255,255,216,2,6,10,8,6,0,0,0,0,0,0,0,4,6,2,0,0,2,6,2,4,0,0,0,0,0,0,0,0,4,6,6,6,6,4,10,12,6,12,14,12,10,10,10,142,255,255,255,255,255,138,16,10,20,16,24,32,14,16,36,90,134,212,255,255,255,255,255,216,156,255,255,94,180,150,255,255,255,134,130,255,255,255,255,255,255,255,255,255,255,255,255,255,255,255,255,255,255,255,255,255,255,255,255,255,255,255,255,255,255,255,255,255,255,255,255,172,104,78,102,222,255,198,120,146,154,96,50,46,12,32,12,6,26,22,22,20,20,8,16,16,14,12,16,26,8,14,26,30,255,255,255,12,8,10,8,6,4,8,4,12,8,4,4,14,12,8,4,4,20,255,170,255,64,255,255,162,214,255,255,255,255,255,255,255,178,150,255,168,232,230,64,242,255,255,176,16,28,226,218,196,58,14,22,200,255,222,255,8,16,8,6,80,64,86,12,20,226,138,208,10,66,255,255,255,46,255,255,255,255,46,118,114,84,56,50,204,36,148,106,52,132,120,118,98,60,255,255,255,255,204,255,255,226,12,168,214,168,108,26,20,62,178,130,84,22,12,40,184,130,180,8,10,12,10,10,2,4,4,6,4,0,0,6,4,10,6,255,255,250,114,255,255,255,255,255,255,255,126,255,255,255,76,255,255,255,46,16,34,22,10,22,22,12,18,22,176,255,255,74,12,0,2,10,92,42,42,26,60,122,54,114,50,12,24,8,12,10,6,6,2,0,0,0,4,4,0,2,0,2,2,4,6,8,12,16,6,10,8,8,10,4,4,4,4,4,4,4,4,2,4,4,4,10,6,2,8,4,6,4,2,2,6,8,8,8,10,16,18,14,24,50,56,56,70,68,46,86,198,255,255,255,255,255,242,174,156,134,104,56,30,54,76,20,28,82,156,208,88,142,28,12,48,100,58,246,255,255,188,38,14,18,22,14,18,16,8,6,4,4,4,4,6,6,6,2,6,4,2,8,4,8,2,6,14,6,8,22,22,18,255,255,255,134,255,122,128,159
15,110,26,32,26,54,90,108,88,64,56,50,38,32,34,34,34,46,42,38,40,40,36,36,34,26,20,28,34,82,122,74,160,124,214,255,255,255,255,255,104,255,255,255,58,6,6,8,6,0,0,0,0,0,0,0,2,6,4,0,0,4,6,4,4,0,0,0,0,0,0,0,0,4,4,2,4,4,2,6,8,6,10,18,12,12,6,12,10,20,244,255,255,255,255,255,96,18,12,4,46,12,10,34,30,48,44,66,152,250,255,255,255,255,255,255,34,14,112,254,110,208,40,232,255,255,255,28,32,14,8,36,80,116,140,158,196,255,255,255,255,255,255,255,255,255,255,255,255,255,255,255,255,255,255,255,255,255,255,255,255,255,255,255,255,255,255,255,255,255,255,255,255,156,22,34,16,18,26,10,22,30,30,42,86,98,112,150,208,255,255,255,255,255,255,222,10,16,8,4,2,4,6,6,8,6,4,2,20,12,6,14,16,58,255,40,208,255,255,255,255,255,255,255,154,255,255,255,230,250,114,222,56,182,94,28,44,168,174,126,12,86,255,132,238,58,6,8,130,255,222,252,20,18,18,74,52,30,20,8,36,255,140,255,104,255,255,255,255,255,255,234,90,102,48,72,46,58,80,46,144,64,198,86,146,70,96,86,30,48,104,108,252,255,255,182,255,255,255,66,172,146,88,18,12,220,214,176,100,2,16,50,132,70,96,8,8,10,24,24,16,4,4,6,4,0,0,6,4,8,8,104,255,16,255,255,255,255,255,255,24,255,255,255,255,255,66,255,255,255,14,14,16,26,12,18,26,26,4,34,30,255,255,255,28,12,8,12,70,80,14,36,92,66,60,124,116,40,10,6,10,6,2,6,2,0,0,0,4,4,0,2,0,2,4,8,12,14,16,24,28,44,48,40,28,20,14,6,6,4,4,4,0,4,10,10,8,10,14,10,0,4,0,6,14,12,6,6,10,10,6,10,16,10,22,44,40,38,56,66,52,66,132,255,255,255,255,226,194,50,64,58,28,42,54,48,50,16,26,54,120,210,58,154,62,44,36,88,255,255,255,140,16,4,10,18,4,22,12,14,6,4,4,4,4,4,4,4,6,14,12,12,6,6,8,8,6,6,30,14,8,28,28,28,255,255,255,96,224,152,158,165
22,126,56,58,34,42,68,80,64,52,42,28,22,22,20,14,8,12,12,6,8,12,12,24,42,22,8,12,10,58,114,114,110,198,190,255,106,130,255,255,118,255,255,255,255,6,10,2,4,0,0,0,0,0,0,0,0,4,6,2,2,6,4,4,4,0,0,0,0,0,0,0,0,4,6,2,0,0,0,6,12,10,16,8,12,12,20,44,34,34,10,68,255,255,255,255,255,255,70,26,26,36,50,78,58,16,12,22,8,42,74,162,255,255,255,142,6,34,216,255,234,255,50,255,255,255,46,28,26,16,10,12,14,12,14,16,20,14,16,26,22,26,6,4,2,12,8,22,28,86,130,178,200,184,196,246,255,255,255,255,255,255,255,255,255,255,255,255,255,255,255,255,255,255,255,255,164,156,216,255,255,255,255,255,255,255,220,255,255,255,255,255,255,255,255,84,18,24,12,4,2,6,2,8,6,0,2,6,16,16,4,4,34,134,238,202,254,255,218,255,255,255,255,255,255,255,202,130,22,172,132,116,156,255,42,80,138,116,60,28,16,92,255,142,255,22,8,16,26,214,166,160,50,20,140,168,132,62,12,4,14,255,98,255,255,255,255,255,255,255,40,116,60,86,92,46,50,52,255,255,255,255,255,255,255,186,156,146,90,80,96,92,184,92,255,255,255,255,255,255,48,22,18,20,16,244,28,255,56,22,8,20,90,56,74,16,14,14,84,66,78,4,4,4,2,0,0,6,8,10,12,24,255,202,255,178,136,62,26,228,255,255,255,255,255,208,122,64,255,255,158,30,30,34,6,12,22,22,8,42,34,255,255,255,28,26,16,20,56,88,136,142,172,142,48,72,122,78,12,10,4,2,6,4,4,0,0,0,4,4,0,4,4,6,6,8,10,10,10,22,34,42,50,62,62,56,48,44,34,22,18,18,18,18,16,16,18,16,10,12,12,8,10,12,10,4,2,4,14,20,20,30,48,68,102,134,134,124,122,120,88,34,134,234,162,100,52,114,200,102,62,50,38,76,40,20,46,42,10,64,76,222,84,190,90,18,190,255,255,255,88,20,12,12,6,6,14,12,18,6,8,6,4,4,6,6,6,4,6,8,0,8,4,4,8,8,8,10,28,10,18,26,30,64,255,255,255,36,178,234,140,173
27,106,50,70,42,32,46,48,32,30,28,20,16,16,12,8,4,6,10,4,2,10,16,34,50,44,58,62,58,100,136,136,74,194,10,255,255,136,255,255,255,62,255,255,255,80,10,14,10,0,0,0,0,0,0,0,0,2,6,4,4,6,2,4,4,0,0,0,0,0,0,0,0,2,6,6,2,0,0,2,4,12,10,12,22,20,46,50,46,26,8,18,4,80,255,255,255,255,255,255,68,118,255,250,212,128,164,158,98,8,18,4,18,44,34,10,8,44,180,255,108,255,40,255,255,178,6,38,14,12,8,6,2,6,8,12,14,12,14,30,30,18,2,6,6,20,14,10,8,14,18,18,20,28,22,22,4,4,8,10,16,18,16,32,66,98,142,192,250,255,255,255,255,255,255,255,255,255,255,255,255,255,255,255,255,255,255,180,255,255,138,142,255,255,140,16,20,6,10,4,2,8,2,10,4,4,2,4,22,18,6,16,18,222,120,234,255,255,255,255,255,255,255,255,94,255,255,216,108,88,98,254,114,255,168,240,255,255,148,12,20,110,255,110,255,28,8,20,22,38,24,56,32,14,250,140,214,52,2,18,12,255,255,255,255,255,255,255,255,26,76,70,46,32,104,144,42,255,255,255,52,202,204,152,255,255,240,124,182,248,96,46,94,56,120,255,255,255,255,255,255,88,34,24,22,238,38,202,22,6,8,18,18,32,44,2,4,58,138,68,86,4,4,2,0,0,0,2,26,16,34,6,252,255,236,255,42,74,255,255,255,255,202,255,255,60,128,58,255,255,255,54,36,14,14,20,22,16,12,24,32,255,255,255,36,38,38,32,48,116,76,78,58,78,30,68,106,76,16,12,6,6,2,4,4,0,0,0,4,4,0,4,2,6,10,12,12,12,10,12,26,24,22,24,44,54,52,56,62,52,34,24,36,46,50,50,50,54,50,36,24,20,26,38,40,38,54,74,90,96,98,114,146,154,130,114,102,90,86,84,38,28,154,186,52,0,14,86,200,128,54,42,58,64,48,22,70,50,68,70,24,230,48,126,94,255,255,255,146,30,10,0,6,4,8,8,6,14,8,12,8,8,6,6,6,6,8,2,2,8,10,6,2,8,8,8,8,8,28,10,22,16,24,122,255,255,255,164,160,192,186,167
21,148,10,56,46,34,42,36,22,28,26,20,16,14,10,8,4,8,16,12,12,12,22,32,44,40,58,54,52,86,106,100,90,124,202,156,255,122,168,255,255,84,255,255,255,255,6,10,10,0,0,0,0,0,0,0,0,0,4,6,6,4,0,4,4,0,0,0,0,0,0,0,0,0,2,6,4,0,0,4,6,2,16,2,14,12,46,54,62,24,4,14,34,14,8,102,255,255,255,255,255,255,255,226,210,255,252,255,140,60,40,6,8,22,22,8,12,32,164,255,255,255,242,255,255,26,20,12,10,6,4,8,8,12,10,8,16,10,8,8,4,14,4,12,4,8,8,10,24,16,8,6,4,26,16,24,22,10,14,12,12,10,4,18,18,24,14,18,16,8,32,76,10,186,255,255,255,255,255,255,132,34,144,240,255,255,255,158,255,255,255,255,255,160,22,24,18,8,10,2,6,8,6,10,2,4,4,4,26,14,16,22,30,255,34,224,255,246,255,254,244,255,255,255,255,255,255,128,218,32,116,255,255,255,124,255,188,255,146,6,16,24,255,216,255,56,8,24,154,100,110,12,10,8,244,98,255,88,4,18,4,76,255,255,255,255,255,198,132,174,124,34,74,112,72,154,174,255,255,255,255,255,255,255,255,255,255,88,106,156,62,56,36,56,160,164,255,255,255,255,255,238,16,6,8,190,110,164,42,14,8,66,126,122,66,8,8,62,80,108,84,4,6,4,2,4,4,4,20,16,24,4,106,255,46,255,62,255,255,255,255,255,255,255,255,92,82,80,255,255,255,40,12,26,16,12,18,12,16,26,20,114,255,255,86,42,46,16,48,78,136,140,68,76,66,46,86,84,26,10,8,8,8,2,2,0,0,0,4,4,0,4,4,14,16,16,16,16,12,10,12,28,32,18,8,20,18,20,36,54,32,12,36,48,48,50,60,66,78,72,46,28,44,58,62,68,84,94,94,86,74,72,88,72,24,14,60,52,30,36,20,8,152,184,58,14,12,70,202,172,64,24,44,32,40,72,74,60,92,58,72,194,128,188,255,255,246,76,8,8,12,12,2,6,4,8,10,14,14,8,6,6,6,6,4,4,6,4,6,8,6,6,12,14,12,18,14,14,20,36,34,40,12,174,255,255,218,34,24,126,208,156
10,186,42,48,48,40,54,50,34,44,38,20,8,18,30,18,0,6,6,6,10,6,10,12,20,18,20,14,16,40,62,96,144,46,255,80,255,255,114,255,255,255,80,255,255,255,204,10,10,6,6,6,6,32,32,28,4,4,4,4,4,2,0,4,6,4,4,4,4,4,4,4,4,4,4,4,4,4,4,0,12,16,8,10,12,6,18,42,32,16,14,16,36,14,36,16,18,146,255,255,255,255,255,255,52,150,90,232,94,184,220,136,58,12,0,10,14,24,48,114,136,152,255,255,255,12,24,16,10,6,4,14,8,4,12,8,10,8,18,10,6,12,18,16,14,16,8,6,4,6,14,12,14,10,34,6,26,14,4,4,10,6,12,6,4,12,8,12,20,14,230,255,255,100,8,150,255,255,255,255,255,255,255,255,255,255,255,124,255,255,255,255,255,158,20,26,4,4,4,2,8,6,6,8,2,6,4,10,24,4,12,20,106,255,86,255,255,255,255,255,148,166,100,255,255,255,255,70,255,80,164,104,204,216,112,255,86,255,84,12,14,14,114,184,150,34,26,146,255,174,136,6,4,8,252,224,214,132,24,22,24,255,255,255,255,255,232,22,148,74,94,10,116,144,68,104,255,255,255,255,214,42,44,255,255,72,255,186,106,72,74,90,66,26,108,112,78,255,255,255,255,255,98,10,12,100,138,134,50,12,20,196,158,172,56,16,10,66,92,80,46,4,6,4,2,2,0,0,6,10,18,12,24,255,204,255,84,255,255,198,255,255,255,255,255,255,255,255,255,255,255,28,36,30,4,10,20,20,10,38,24,36,255,255,208,24,36,50,56,24,38,136,100,118,18,82,48,104,54,10,16,6,12,6,6,0,0,0,4,4,0,2,8,22,20,14,16,22,20,20,26,24,16,26,16,16,22,24,10,38,22,8,28,22,8,12,20,12,22,40,34,16,38,44,38,38,54,52,30,24,16,6,44,44,14,20,32,32,24,26,22,26,138,200,50,4,12,66,190,200,94,70,62,24,14,50,12,78,74,48,100,255,255,212,212,128,22,4,12,24,14,16,6,2,2,8,2,12,12,6,2,2,8,12,6,6,10,10,10,4,4,10,12,10,4,8,12,24,4,52,30,46,22,206,255,255,210,134,150,148,118,161
9,222,110,80,66,38,46,52,38,46,48,46,26,16,30,22,8,8,2,8,4,12,6,12,12,16,8,10,14,34,56,72,130,108,154,220,212,255,126,200,255,255,60,178,255,255,255,38,4,4,8,8,50,42,20,26,8,2,2,0,0,0,2,2,2,4,4,4,4,4,4,4,4,4,4,4,2,4,4,8,8,18,10,4,10,10,6,8,8,8,12,32,36,28,28,10,8,12,14,128,255,255,255,255,255,58,255,192,180,144,200,255,255,92,68,96,94,52,20,12,26,44,255,255,210,10,22,4,10,8,14,12,8,6,10,14,6,6,12,6,14,16,14,2,0,4,4,4,0,2,8,12,12,8,32,36,36,18,8,12,16,4,20,12,18,20,4,14,14,144,255,255,255,210,14,140,255,255,255,255,255,255,255,255,234,192,160,132,78,180,255,255,255,106,10,4,6,4,4,10,4,2,2,6,10,4,6,16,20,8,0,20,154,218,192,214,255,255,152,255,255,255,255,255,78,255,255,156,200,94,214,74,8,6,18,255,214,255,166,16,22,48,94,72,28,22,18,224,220,224,142,8,8,4,120,254,228,136,38,14,136,255,255,255,255,255,146,36,90,140,74,34,116,54,164,102,255,255,255,255,192,40,66,255,255,166,255,162,74,132,84,82,12,150,120,42,42,38,255,255,8,255,255,6,8,26,16,28,18,14,68,255,62,230,42,18,6,12,32,26,24,8,8,6,4,0,4,4,4,8,18,2,16,222,255,174,120,255,255,255,250,194,255,255,142,255,255,255,166,255,255,78,26,28,2,20,26,14,2,26,34,40,255,255,255,44,74,6,80,12,54,142,128,68,98,90,32,62,78,14,14,16,26,8,6,0,0,0,4,6,4,6,20,26,10,2,14,26,24,24,26,16,8,18,14,14,10,12,26,42,18,10,24,20,12,16,20,22,38,44,22,16,28,20,14,14,32,22,2,24,26,28,52,40,26,42,36,38,34,16,8,14,136,202,48,10,8,36,160,224,142,84,44,36,42,52,34,94,134,190,255,255,255,86,28,6,6,6,16,12,2,8,8,6,16,10,4,10,10,6,10,10,6,6,6,12,14,4,12,10,4,6,14,10,6,6,22,8,12,62,48,44,24,242,255,255,104,30,14,52,122,183
11,255,110,98,94,64,58,48,30,40,40,52,50,28,22,20,16,22,14,2,12,10,4,10,4,10,12,18,16,28,42,64,100,126,32,255,66,255,182,58,255,255,206,38,255,255,255,216,14,14,12,74,80,42,48,22,6,4,2,0,0,2,6,4,4,0,0,0,0,0,0,0,0,0,0,2,6,4,0,8,18,16,10,42,98,92,64,10,10,6,16,22,16,42,20,2,14,18,22,22,42,82,255,255,255,255,255,110,218,188,132,66,255,144,202,255,255,222,138,134,78,194,255,255,60,14,16,20,12,14,4,2,16,8,14,16,26,20,30,58,38,18,8,4,4,0,0,0,0,0,0,0,0,0,0,0,0,0,0,4,12,6,22,16,14,16,8,10,6,255,255,244,255,208,12,134,255,255,176,255,142,255,255,158,100,40,16,14,48,202,255,255,255,30,12,4,14,8,8,4,2,4,4,0,10,6,14,24,20,14,2,26,172,140,232,130,106,255,255,255,90,82,30,255,255,255,190,255,242,162,180,52,6,8,10,255,255,255,146,24,32,194,138,170,44,10,22,232,202,236,188,2,2,8,10,66,68,26,26,24,255,255,130,255,255,108,106,46,32,56,132,66,50,84,82,98,255,255,255,255,255,255,255,255,255,255,255,146,78,154,130,210,158,208,72,114,80,40,32,255,255,255,255,182,82,214,178,112,14,22,76,232,126,202,6,12,8,6,12,6,10,4,4,4,4,6,6,6,8,2,8,8,16,122,255,88,206,234,255,255,255,255,255,255,255,255,255,255,44,255,255,156,44,30,8,24,22,10,2,12,52,30,255,255,255,48,52,76,48,30,20,104,166,162,84,58,96,88,108,34,8,24,6,16,6,0,2,6,12,16,14,20,24,6,12,10,16,24,20,16,14,10,8,14,12,12,10,12,34,26,10,14,22,24,22,18,12,14,28,30,6,34,20,14,28,18,28,34,8,26,16,28,68,42,28,28,18,32,26,4,28,40,162,214,68,12,28,12,128,252,178,56,28,52,48,14,124,255,255,255,242,190,94,10,6,2,0,0,2,6,8,10,10,4,16,2,8,10,4,4,12,12,18,16,6,4,14,16,6,14,8,4,10,10,8,16,24,10,14,16,44,20,34,255,255,255,170,132,154,154,158,210
22,242,18,50,70,68,80,66,30,38,32,14,20,38,42,34,20,22,30,18,4,6,8,4,14,12,12,12,10,28,38,58,100,110,60,178,190,255,255,152,255,255,255,62,126,255,255,255,126,2,56,92,24,74,28,4,4,0,0,0,0,2,4,4,4,0,0,0,0,0,0,0,0,0,0,0,4,6,4,10,12,24,104,255,255,255,68,6,6,12,16,32,26,30,4,6,28,32,48,32,32,42,28,144,255,255,255,255,255,116,255,255,255,92,255,255,226,176,174,250,208,255,255,255,4,6,12,16,12,8,6,16,2,12,8,22,36,54,150,124,130,42,14,4,4,0,0,0,0,0,0,0,0,0,0,0,0,0,0,2,6,4,8,6,6,8,0,6,48,255,214,255,255,100,12,72,255,255,70,255,255,176,242,218,224,160,60,14,48,212,255,255,178,10,18,18,10,16,8,4,6,4,4,0,8,4,16,26,14,14,12,16,222,72,252,24,164,76,255,255,255,255,255,255,176,170,160,255,144,250,144,46,16,16,42,112,52,126,78,16,102,255,160,194,16,28,4,162,255,174,184,16,8,2,6,24,16,18,14,228,255,255,255,255,106,82,20,6,30,110,50,112,138,64,92,128,52,255,255,255,74,255,255,78,255,255,255,112,74,150,110,130,52,170,72,82,92,26,98,126,255,255,255,255,255,236,198,124,2,6,64,230,112,154,18,6,6,38,70,60,14,4,4,4,4,4,4,10,8,12,8,8,28,70,255,64,255,74,160,114,128,58,20,78,208,232,72,230,36,255,255,236,54,22,10,26,30,20,12,12,34,24,252,255,255,50,40,82,110,64,30,58,40,44,104,94,60,144,118,48,16,6,12,10,4,4,8,14,18,20,18,16,2,22,12,16,26,24,20,10,6,6,10,16,14,12,14,32,36,8,6,18,22,22,16,6,4,28,48,22,30,42,18,8,30,16,20,38,18,24,30,42,62,24,6,26,12,24,22,16,36,22,146,204,82,22,24,4,90,255,238,90,40,70,210,255,255,255,255,168,24,8,26,2,8,10,6,4,4,2,2,4,10,24,40,22,10,6,4,4,8,4,4,10,10,12,12,20,12,12,8,2,8,8,6,24,18,18,34,38,24,40,18,255,255,255,180,116,90,48,10,217
27,182,44,42,50,44,62,82,50,50,64,32,12,30,46,46,34,32,46,42,20,16,12,18,14,26,18,8,8,28,42,66,128,128,104,24,232,82,255,202,68,255,255,226,48,255,255,255,255,44,68,50,84,78,28,16,6,0,0,2,4,6,8,6,2,0,0,0,0,0,0,0,0,0,0,0,2,4,6,8,2,14,255,255,255,255,184,130,112,84,60,44,40,48,22,10,20,36,32,44,12,10,12,20,28,204,255,255,255,255,255,96,218,88,255,236,255,84,82,168,174,255,255,255,18,10,4,8,2,4,4,12,22,12,12,14,58,36,98,40,126,26,20,2,4,0,0,0,0,0,0,0,0,0,0,0,0,0,0,2,6,8,6,10,8,2,4,6,138,255,102,202,22,12,10,34,255,255,184,255,255,255,82,66,192,255,206,130,78,186,255,255,104,14,6,20,14,12,14,2,6,4,4,0,6,6,14,26,6,16,18,12,254,8,248,255,255,255,255,255,255,255,255,246,198,178,112,255,70,248,142,88,36,10,178,255,255,120,24,44,130,255,234,255,24,32,8,58,222,164,164,16,14,24,40,22,20,24,26,255,255,255,255,255,90,128,66,40,38,108,124,94,16,78,80,96,128,34,255,255,255,255,255,255,255,255,166,255,214,118,158,114,122,162,122,34,164,98,30,144,255,255,248,255,255,255,255,100,6,14,12,108,96,108,28,12,42,184,108,124,22,4,4,4,4,4,4,12,12,24,8,10,26,52,255,42,255,58,116,20,52,86,94,116,92,255,255,255,72,255,255,255,58,8,2,16,26,22,14,16,24,14,134,255,255,40,102,86,60,76,14,74,110,100,70,108,90,104,122,66,18,18,10,8,6,6,8,12,12,12,12,4,22,20,14,46,44,30,24,12,10,8,16,22,12,24,30,36,24,8,18,22,24,22,16,6,20,46,42,10,54,42,24,22,22,18,24,42,24,4,28,54,46,14,16,24,14,22,18,30,50,48,150,208,72,14,22,12,60,228,255,158,234,255,255,255,255,152,58,18,16,8,24,4,6,8,8,10,12,10,10,6,40,118,122,124,70,4,4,4,6,8,8,6,2,10,14,16,0,16,8,2,0,4,8,22,24,14,20,26,36,26,34,255,255,255,52,48,96,124,140,199
28,174,58,52,52,42,54,50,12,18,56,28,6,28,46,20,2,10,36,42,28,24,38,56,38,52,50,48,52,70,84,114,176,196,174,138,136,178,246,255,108,255,255,255,64,100,255,255,255,158,50,32,66,40,2,4,8,4,4,6,6,4,4,6,4,0,0,0,0,0,0,0,0,0,0,0,0,0,2,6,4,14,255,255,255,255,255,255,255,255,255,228,222,232,194,150,148,156,134,160,102,70,46,38,22,6,18,232,255,255,255,255,255,52,252,255,200,162,90,164,255,255,255,255,22,14,4,4,8,4,6,12,142,148,164,16,44,58,126,114,120,22,12,18,6,0,0,0,0,0,0,0,0,0,0,0,0,0,0,0,4,2,12,4,10,6,8,10,196,202,188,156,18,6,6,14,255,255,255,60,98,234,218,162,84,124,230,230,244,255,255,255,12,8,16,4,8,2,8,6,6,4,4,0,4,4,14,28,6,20,20,38,226,56,218,255,255,102,214,255,255,255,255,255,200,255,22,236,22,176,174,240,152,12,255,226,248,150,22,20,140,255,144,255,12,16,6,22,54,4,52,12,8,96,80,90,2,22,184,255,255,255,255,108,148,70,124,22,44,62,170,108,126,40,40,110,114,166,255,224,88,126,255,255,255,146,122,166,255,78,186,44,84,78,166,84,168,52,60,86,58,255,255,255,188,255,255,2,10,16,4,20,24,46,4,20,104,220,120,146,12,4,4,4,4,4,4,2,8,6,22,10,12,26,255,146,255,28,158,36,76,112,74,72,48,255,174,255,142,255,255,255,56,18,8,8,18,14,8,10,18,16,78,255,255,136,74,58,62,70,30,70,136,30,68,62,98,22,124,116,36,2,12,12,6,6,8,14,16,16,16,16,22,6,40,60,46,30,24,14,16,16,18,24,12,32,36,26,10,12,20,26,30,26,18,0,32,46,12,44,62,36,22,30,16,6,28,74,32,22,52,40,36,14,18,30,16,20,6,18,28,42,144,228,74,2,12,12,34,204,255,255,255,255,222,94,22,10,10,8,12,22,14,16,12,8,10,10,8,6,6,8,58,110,40,92,74,14,10,2,4,10,10,8,12,16,10,4,16,16,4,10,10,8,20,24,12,22,20,26,36,6,54,255,255,255,202,156,148,100,56,183
29,212,94,124,138,160,164,146,112,130,140,82,72,120,114,106,66,80,100,90,70,64,64,66,46,56,54,64,66,76,84,114,170,206,190,242,178,124,42,255,112,46,255,255,238,12,164,255,255,255,34,40,64,34,16,14,4,0,2,4,2,0,0,4,6,4,4,4,4,4,4,4,4,2,0,0,0,0,0,8,12,24,255,255,176,255,224,156,176,230,232,232,238,255,255,255,255,255,255,255,248,226,192,200,200,170,146,128,130,154,255,255,255,255,255,86,196,255,255,255,255,255,255,255,12,12,16,10,4,8,10,6,152,18,160,22,10,4,2,16,12,18,2,24,6,0,0,0,0,0,0,0,0,0,0,0,0,0,0,2,4,6,20,28,16,4,4,20,220,206,255,134,22,4,10,20,255,255,255,44,22,122,176,208,255,160,34,98,252,255,255,255,2,18,10,14,4,6,4,8,2,4,4,2,4,4,16,24,4,26,22,50,198,94,162,232,255,255,255,255,255,255,255,255,255,255,114,180,120,202,130,160,162,32,255,110,255,134,8,8,48,255,222,255,34,18,42,142,112,96,34,14,18,156,88,212,24,4,255,255,242,255,202,32,154,112,132,122,72,108,40,80,182,255,52,48,30,255,255,255,234,255,255,255,255,255,156,206,46,220,130,218,120,190,102,54,98,140,52,72,78,255,255,252,250,255,255,20,14,4,66,134,114,58,22,16,100,170,160,150,4,4,4,4,4,4,4,8,16,18,14,8,6,38,224,176,255,126,190,126,42,66,108,64,42,255,220,255,226,255,255,255,36,22,18,12,24,26,14,12,24,26,12,255,255,200,62,20,58,32,32,22,118,118,84,44,68,50,60,120,54,14,2,10,2,4,6,14,20,22,24,18,10,12,30,40,32,10,6,6,12,12,8,14,12,40,36,8,10,20,28,34,32,22,10,20,46,30,16,52,50,26,14,18,22,30,58,74,22,22,42,20,32,28,4,14,10,22,26,32,28,26,128,210,74,12,6,16,10,122,190,222,160,60,16,8,16,12,20,20,14,12,26,18,4,0,4,6,6,8,10,8,44,114,108,144,76,4,8,8,4,8,4,0,4,12,16,10,14,4,16,18,16,14,28,38,26,30,18,42,46,46,150,255,255,255,202,68,38,100,134,194
22,228,164,248,234,218,182,136,124,110,116,90,60,74,50,74,56,98,96,66,44,32,22,10,6,6,14,16,12,12,20,26,70,106,72,86,152,70,138,232,255,124,255,255,255,78,52,255,255,255,255,22,30,50,8,4,10,4,6,6,4,2,0,2,4,4,4,4,4,4,4,4,6,6,2,0,0,0,0,8,24,38,255,255,226,255,106,38,22,26,30,44,40,78,110,104,118,110,154,184,218,232,196,198,192,218,234,168,132,128,122,192,255,255,255,255,255,255,255,255,255,255,255,255,18,14,16,14,2,10,16,12,152,166,172,22,12,4,4,2,6,20,18,12,6,0,0,0,0,0,0,0,0,0,0,0,0,0,0,4,6,24,50,46,44,12,12,16,154,136,190,50,32,12,6,16,255,255,255,58,48,24,52,76,228,255,216,158,64,255,255,192,4,16,12,14,4,8,6,12,8,8,6,4,2,4,16,22,4,24,32,58,148,84,90,100,108,20,118,184,255,255,255,255,220,212,162,132,226,222,166,178,120,52,255,64,255,72,12,4,2,120,130,118,12,4,124,208,116,114,24,16,16,176,124,146,44,16,255,255,255,255,16,84,58,28,76,220,102,102,124,206,162,242,96,128,255,255,164,255,255,255,255,255,255,255,255,90,140,230,255,36,120,194,255,150,34,94,90,48,44,255,255,46,255,248,255,84,6,8,228,176,182,56,6,18,90,160,94,114,2,6,6,4,4,4,4,8,6,4,2,4,2,72,202,182,220,216,114,120,84,100,80,38,76,255,255,255,250,184,255,255,30,30,34,18,38,28,8,16,30,24,32,255,255,255,56,26,50,40,68,56,48,52,28,48,62,52,16,126,84,8,6,2,12,2,2,2,10,14,16,14,12,16,32,58,68,50,24,12,16,12,6,12,18,46,34,10,30,28,34,36,26,8,8,46,48,6,24,34,40,18,10,12,12,18,48,44,16,40,28,14,44,20,14,20,28,52,46,56,72,104,232,242,76,6,6,14,12,20,30,32,2,8,8,12,8,16,76,96,88,76,62,22,8,4,2,2,4,4,6,20,24,46,58,44,14,12,12,8,2,4,6,10,12,8,2,4,4,4,26,26,20,10,22,24,14,26,16,56,14,40,255,255,255,204,130,168,158,144,124,214
15,172,94,166,84,42,26,12,40,44,84,66,86,100,106,84,40,82,60,36,26,24,34,24,28,28,30,20,34,30,38,64,102,88,86,154,242,190,174,92,255,150,60,255,255,226,28,146,255,255,255,174,48,74,32,8,4,12,14,4,4,10,18,18,14,6,2,2,2,2,0,4,6,10,4,4,8,8,4,12,4,42,255,255,255,255,164,162,162,142,138,152,142,118,98,84,102,108,70,16,34,40,26,60,56,74,112,112,92,50,26,62,96,255,255,255,255,255,255,255,255,255,255,198,4,8,6,6,12,10,2,18,22,16,8,10,6,8,2,6,8,2,4,10,6,0,0,0,0,0,0,0,0,0,0,0,0,0,0,4,6,24,44,30,34,2,8,14,68,26,66,28,6,16,16,6,224,255,255,198,154,144,70,8,74,122,180,255,255,255,255,104,14,10,14,2,10,14,10,8,4,4,4,4,2,6,20,22,10,22,34,58,78,34,222,255,255,166,182,194,174,164,158,218,86,212,164,96,178,82,26,14,14,32,255,202,255,110,6,4,54,78,40,24,24,20,190,144,172,98,12,18,12,82,146,124,50,152,255,255,255,255,110,38,64,88,56,170,182,90,76,188,188,255,84,44,255,255,255,255,255,50,255,255,255,172,255,230,80,170,58,255,210,255,76,158,156,80,70,130,88,60,255,242,255,255,255,108,4,52,255,34,238,22,32,2,44,128,78,98,14,6,10,24,24,6,6,6,8,6,8,4,4,76,204,240,172,220,94,80,40,68,36,54,92,255,255,255,255,170,255,255,78,28,28,10,48,32,10,16,42,30,22,255,255,255,32,30,24,24,38,28,74,54,82,52,22,44,34,90,160,84,2,10,12,0,4,8,4,2,4,6,14,20,22,36,56,68,68,62,56,44,34,26,16,34,34,12,20,12,24,28,12,16,38,58,26,18,20,30,40,18,16,8,18,24,36,34,40,52,22,2,46,22,30,36,60,94,146,188,200,210,236,166,42,10,2,10,20,14,18,30,16,10,4,20,142,255,255,255,200,44,42,42,20,8,10,6,6,10,10,10,12,10,28,26,24,10,12,6,2,4,6,8,10,10,10,12,12,4,20,14,10,8,20,20,28,22,14,34,36,78,255,255,255,228,100,154,82,12,42,211
15,250,172,255,220,198,202,178,192,182,190,136,142,124,136,100,88,134,120,102,100,74,52,36,8,10,18,6,18,6,10,24,56,72,50,50,144,144,212,164,255,255,42,255,255,255,62,24,160,255,255,255,14,66,26,20,12,6,12,18,20,14,8,8,20,24,20,16,10,10,8,12,10,18,12,12,10,8,12,4,12,20,234,255,112,236,255,190,108,80,46,36,86,134,156,176,186,206,230,236,194,160,124,108,104,92,88,74,48,38,38,50,54,42,24,52,58,56,76,186,255,255,255,68,6,14,10,4,8,6,6,6,10,10,6,8,8,8,4,0,2,2,4,4,2,0,0,0,0,0,0,0,0,0,0,0,0,0,0,2,4,14,38,38,28,8,8,0,58,6,58,18,6,4,12,18,122,255,255,168,158,254,178,20,38,16,46,144,255,255,255,56,12,12,10,4,16,12,20,20,8,8,8,4,4,8,22,22,6,30,26,86,92,64,255,255,255,192,184,196,66,74,42,118,126,172,136,88,132,70,22,10,10,26,248,255,255,94,14,46,232,160,156,44,16,6,210,128,214,126,6,8,10,6,18,16,20,255,255,108,255,122,242,94,84,34,2,88,142,38,70,126,136,112,96,102,255,255,255,255,255,112,255,255,255,172,255,254,164,102,234,150,255,255,128,10,255,118,98,32,120,144,255,255,255,255,255,116,10,66,230,74,206,26,24,10,22,76,64,56,18,12,40,50,54,20,4,4,6,4,2,8,6,44,176,255,138,226,208,255,255,255,255,255,255,255,255,255,255,140,255,255,114,30,28,10,38,40,26,6,34,20,10,255,255,255,32,28,30,44,40,44,102,50,10,96,76,28,82,64,154,120,4,6,6,6,2,4,4,2,4,4,6,2,6,20,30,40,54,64,66,66,72,70,44,50,38,16,36,36,40,36,18,22,30,24,10,16,22,26,32,24,26,6,20,22,30,44,60,62,88,88,114,124,148,162,178,186,184,172,148,126,102,48,4,8,6,4,6,22,14,16,10,8,96,255,255,255,112,200,222,86,46,22,6,0,6,4,8,14,12,12,10,4,16,18,12,12,12,6,8,4,2,4,6,2,6,4,8,14,20,12,16,4,16,16,40,48,36,22,14,142,255,255,255,182,96,216,255,172,126,193
12,255,90,248,238,226,234,210,202,150,166,124,84,88,102,74,66,94,88,76,92,84,78,46,34,30,26,18,24,20,26,42,106,144,90,132,230,228,164,72,134,255,255,146,255,255,192,8,32,255,255,255,255,32,8,24,22,8,18,12,4,6,6,12,8,14,16,18,16,16,16,20,14,12,4,8,16,14,6,0,8,12,60,250,255,255,255,255,255,255,255,255,255,255,255,255,255,255,220,122,68,36,56,112,124,130,158,174,172,164,152,120,78,50,34,42,50,64,70,90,124,164,114,14,12,10,12,2,2,0,0,0,0,0,0,0,0,0,0,0,0,0,0,0,0,0,0,0,0,0,0,0,0,0,0,0,0,0,0,0,0,0,0,0,0,0,0,2,60,14,68,18,8,26,28,14,80,255,255,92,56,160,190,48,26,26,26,32,232,255,255,34,10,16,14,6,56,46,42,4,6,4,4,0,4,8,22,22,18,30,10,88,46,108,255,255,255,255,255,255,255,255,255,116,144,146,92,8,80,58,16,8,6,22,60,98,122,56,14,126,255,170,204,16,6,4,150,238,136,148,14,12,4,10,10,12,16,255,255,255,255,132,255,120,144,136,110,146,56,58,50,78,68,56,110,136,255,255,255,255,255,255,255,255,255,255,255,224,174,102,160,255,255,255,255,250,255,255,255,98,26,184,255,255,255,255,52,52,12,68,255,58,212,16,18,10,54,84,66,18,14,6,42,26,46,24,8,4,4,6,4,12,10,6,116,246,122,216,255,255,255,255,226,130,110,116,255,255,255,138,255,255,184,32,16,6,24,48,38,12,36,24,14,255,255,255,24,14,4,18,26,20,48,58,86,102,118,46,88,64,142,130,6,6,10,4,4,6,4,2,6,6,6,10,8,6,12,6,8,16,28,34,54,72,68,54,44,30,38,52,70,80,68,48,44,32,22,28,48,64,70,62,64,62,82,88,92,112,142,140,170,160,152,166,170,164,146,114,76,40,16,10,10,8,4,6,4,8,4,10,30,26,56,232,255,255,108,196,255,255,194,20,8,16,6,6,8,6,10,12,4,16,10,6,10,16,14,10,14,10,8,4,2,4,8,10,10,4,8,36,26,24,10,12,4,10,28,30,40,24,28,196,255,255,194,162,218,136,255,236,98,189
6,255,255,136,44,14,66,108,84,64,90,90,58,52,60,52,42,64,66,44,46,60,92,78,22,6,6,16,18,14,8,10,26,62,36,22,78,108,164,160,102,255,255,158,250,255,255,62,14,108,255,255,255,255,22,4,14,20,48,38,36,50,60,54,34,26,22,20,16,8,4,6,10,12,6,4,4,6,6,14,14,14,14,248,255,255,184,30,98,192,255,255,255,255,255,255,255,255,255,255,255,255,255,255,255,255,255,255,226,158,120,88,50,40,58,68,64,78,90,104,118,154,138,10,14,14,6,10,8,0,0,0,0,0,0,0,0,0,0,0,0,0,0,0,0,0,0,0,0,0,0,0,0,0,0,0,0,0,0,0,0,0,0,0,0,0,0,6,46,20,62,6,18,16,26,10,26,255,255,255,240,254,194,26,28,42,76,82,214,255,255,18,10,10,8,80,194,148,106,10,8,4,6,0,4,8,22,20,20,30,12,106,24,92,255,255,255,255,255,255,255,255,255,255,255,54,226,148,166,46,48,18,12,94,182,160,84,22,22,146,255,178,224,10,12,8,52,196,140,126,36,6,20,8,4,24,20,255,255,255,255,92,136,212,102,142,46,122,56,36,60,140,128,86,68,210,40,255,255,255,255,255,255,255,255,255,255,124,150,120,255,255,176,255,255,180,255,255,255,108,116,126,255,255,255,255,20,36,22,20,208,158,172,56,18,34,214,130,166,24,8,10,44,34,52,24,8,8,4,6,4,12,12,14,134,250,126,232,255,255,255,255,255,255,255,255,255,255,164,116,255,255,255,104,18,16,14,46,60,72,52,16,16,255,255,255,40,52,54,18,26,14,18,22,112,98,100,114,92,38,116,140,16,10,14,10,8,10,10,8,8,2,10,4,6,20,10,18,4,4,4,4,6,18,24,22,18,18,16,22,40,60,70,66,64,56,46,42,54,68,76,76,76,78,90,98,98,98,100,102,108,88,68,54,34,16,6,12,8,4,6,8,6,4,2,6,4,4,14,2,30,40,174,255,255,184,255,255,194,102,12,18,6,14,4,4,8,6,10,14,8,12,12,6,4,0,4,4,6,12,6,4,6,8,6,8,8,6,22,26,10,28,26,14,12,12,28,2,8,32,28,255,255,255,122,76,166,190,60,170,194,204
5,236,255,255,248,232,134,54,78,64,66,90,82,58,60,56,40,62,74,50,34,54,126,126,58,52,50,62,62,60,56,70,106,120,104,172,254,255,255,244,255,188,255,198,78,255,255,204,12,18,150,255,255,255,128,26,14,18,32,12,22,16,18,28,48,58,58,58,58,54,52,48,44,48,42,26,8,4,6,10,10,10,14,90,255,255,255,255,255,255,255,255,255,255,255,255,214,118,12,132,218,255,255,255,255,255,255,255,255,255,255,255,255,255,255,255,255,255,228,154,110,146,96,22,2,20,12,2,8,0,0,0,0,0,0,0,0,0,0,0,0,0,0,0,0,0,0,0,0,0,0,0,0,0,0,0,0,0,0,0,0,0,0,0,0,0,0,10,52,68,130,174,150,98,110,126,112,255,255,255,204,204,132,50,82,170,158,154,170,255,255,26,4,16,12,188,182,140,108,8,8,2,8,0,4,8,22,18,30,26,10,144,26,108,255,255,255,255,255,255,255,255,255,255,255,56,255,228,255,226,250,126,44,255,255,255,102,10,10,160,255,134,255,10,14,8,22,26,34,28,16,28,28,16,18,10,12,255,255,255,255,148,116,40,56,90,134,124,70,30,74,144,134,40,68,186,140,80,255,255,255,255,255,255,255,236,255,134,130,96,255,14,255,255,255,255,255,230,255,255,80,90,255,255,255,255,54,68,4,20,42,80,76,24,14,104,255,110,184,6,16,2,34,26,30,16,8,14,6,8,4,10,4,28,148,244,142,242,252,255,255,255,226,144,32,80,88,30,66,112,255,255,255,255,192,52,92,172,224,212,210,128,26,255,255,255,36,32,50,28,36,28,42,20,126,140,38,90,26,148,200,255,52,2,6,10,12,14,14,10,4,4,12,4,8,8,10,10,2,10,10,10,10,10,8,2,10,8,2,6,2,8,14,16,16,14,12,16,18,26,30,30,28,28,20,20,16,16,12,10,8,8,4,4,6,6,4,8,6,2,2,6,2,6,6,6,4,4,6,6,22,58,206,255,255,255,255,50,16,20,12,14,8,10,6,4,8,6,12,14,10,12,6,2,4,6,0,8,12,8,4,6,10,4,16,20,6,8,12,22,38,18,12,20,8,4,18,22,40,30,100,255,255,255,130,116,164,255,228,198,174,218
3,246,255,170,100,96,166,82,74,54,28,52,62,40,50,50,24,36,50,40,22,24,100,134,90,80,78,76,70,66,58,64,92,94,90,154,170,178,198,106,255,212,255,255,166,194,255,255,88,22,28,218,255,255,255,100,30,16,34,76,62,62,72,66,54,46,34,22,10,4,12,16,14,18,26,24,20,8,14,22,44,52,28,24,52,255,255,255,255,255,255,255,255,255,255,255,255,255,255,255,255,255,255,255,255,255,214,124,16,104,182,255,255,255,255,255,255,255,255,255,255,255,255,16,8,10,10,14,8,0,0,0,0,0,0,0,0,0,0,0,0,0,0,0,0,0,0,0,0,0,0,0,0,0,0,0,0,0,0,0,0,0,0,0,0,0,0,12,112,248,255,255,255,255,255,255,255,255,255,255,255,255,255,255,255,255,255,255,255,255,255,48,28,8,22,166,76,255,74,4,10,2,8,0,4,8,22,10,18,14,6,140,16,112,255,255,255,255,255,255,255,255,255,150,255,62,255,132,180,132,208,154,84,255,102,255,96,20,24,78,255,196,242,22,4,42,150,120,88,16,32,14,14,18,16,6,6,255,255,255,255,92,134,76,44,82,80,18,110,62,38,180,48,68,54,84,66,58,122,148,132,80,88,62,255,26,255,134,108,255,255,255,255,255,180,255,255,255,255,234,108,230,255,255,255,255,122,200,22,96,142,116,50,28,16,108,174,172,162,14,20,8,18,12,8,8,12,8,4,6,6,8,4,24,136,220,140,216,158,154,144,80,68,38,56,32,34,68,86,128,255,255,240,255,255,255,255,255,255,255,255,255,188,255,255,255,50,62,10,62,16,8,24,4,82,152,40,140,74,222,84,255,76,12,2,4,4,4,10,12,10,6,6,16,16,16,26,16,12,6,6,8,6,6,8,4,4,2,8,12,6,6,6,4,4,6,4,8,6,4,6,6,4,6,8,8,4,4,0,2,0,4,10,4,8,16,18,12,2,2,2,4,0,2,4,4,2,4,10,10,6,32,192,255,255,186,80,26,14,16,14,6,14,8,2,4,14,8,8,10,4,8,2,4,4,8,8,4,12,20,10,10,12,6,26,22,18,2,12,14,26,40,16,22,24,12,16,30,46,28,204,255,255,255,168,136,122,188,255,32,255,212
6,220,222,138,234,236,255,78,74,46,18,34,46,36,52,58,38,42,44,46,40,14,52,96,72,62,62,44,38,40,26,24,42,42,40,92,102,118,134,82,154,255,116,255,112,224,255,255,216,52,12,52,255,255,255,255,156,4,18,12,30,14,24,44,52,60,62,64,70,72,74,68,58,50,52,48,30,16,24,18,26,10,26,24,10,12,20,44,72,82,98,142,154,168,230,255,255,255,255,255,255,255,255,255,255,255,255,255,255,255,255,255,255,255,255,255,255,166,66,58,154,255,255,12,16,8,2,8,4,0,0,0,0,0,0,0,0,0,0,0,0,0,0,0,0,0,0,0,0,0,0,0,0,0,0,0,0,0,0,0,0,0,0,0,0,0,0,16,130,180,90,102,86,180,192,202,240,80,255,255,255,255,255,255,255,255,255,255,255,255,255,92,86,70,54,126,144,136,8,4,6,2,6,0,6,8,22,16,10,22,22,142,32,132,255,255,255,146,196,110,182,196,216,255,255,72,255,204,255,255,255,184,114,255,40,255,46,16,24,8,142,146,112,32,18,168,208,164,92,12,4,6,16,10,6,4,10,255,255,255,255,138,56,110,104,32,130,54,78,38,38,72,140,92,70,36,36,234,255,255,255,255,90,255,255,255,255,108,255,180,255,146,255,255,224,255,255,255,255,212,146,244,252,255,255,255,94,255,52,238,160,196,76,6,14,110,198,106,132,4,20,4,22,10,8,8,10,6,8,2,4,8,4,20,136,220,140,188,162,148,134,82,34,12,72,102,72,68,94,176,255,255,150,255,255,255,255,255,152,174,232,255,255,236,255,255,14,50,30,54,32,40,54,6,58,162,70,158,32,232,74,255,82,14,2,4,6,6,6,14,24,24,46,54,54,34,32,46,12,8,14,6,8,6,8,6,6,10,10,8,8,4,2,2,4,10,12,8,2,0,2,4,8,8,10,12,16,10,6,6,4,6,8,8,4,8,10,10,4,2,4,2,0,0,0,0,0,4,20,4,16,26,50,86,94,30,88,38,12,8,22,8,8,18,8,0,10,10,8,8,2,4,10,8,8,10,16,24,20,10,22,2,16,12,24,16,16,12,6,14,14,12,24,16,30,30,20,56,28,24,255,255,255,166,30,30,82,118,194,146,192,186
1,216,255,255,182,88,134,48,90,76,58,58,64,54,56,56,58,68,50,54,66,20,10,50,40,30,40,22,18,30,18,20,20,30,42,82,122,138,128,112,6,255,132,255,255,162,255,255,255,72,26,2,100,255,255,255,255,170,4,22,24,12,10,8,16,12,8,2,4,12,16,22,26,24,26,18,4,10,18,30,54,62,58,38,28,24,8,14,8,6,22,22,10,16,30,4,8,16,22,46,66,90,122,174,218,234,250,255,255,255,255,255,255,255,255,255,255,255,255,255,255,255,255,4,4,2,4,10,10,0,0,0,0,0,0,0,0,0,0,0,0,0,0,0,0,0,0,0,0,0,0,0,0,0,0,0,0,0,0,0,0,0,0,0,0,0,0,16,126,224,216,234,255,255,255,255,190,120,102,76,30,52,102,146,200,204,255,255,255,255,152,54,64,84,36,44,72,32,4,2,4,2,6,2,8,6,20,14,10,26,18,152,38,138,240,255,140,6,90,18,255,255,212,174,255,92,255,224,255,108,114,46,60,255,140,255,74,6,2,86,104,62,20,26,16,224,112,210,94,6,6,10,2,12,8,8,8,255,255,255,255,170,118,156,108,12,86,58,42,66,42,54,98,200,255,255,255,255,255,255,255,255,255,255,255,255,255,30,198,46,255,255,255,255,255,255,255,255,255,134,255,190,236,255,255,255,118,250,12,255,46,255,46,12,12,48,164,70,106,30,8,30,42,44,10,4,8,4,6,4,4,8,2,28,152,218,150,216,202,140,132,84,36,8,88,42,84,124,68,226,255,198,72,94,166,168,164,112,34,64,96,180,255,106,255,255,44,54,42,36,16,16,74,16,58,126,72,50,96,184,26,230,120,26,12,6,2,10,20,28,34,78,152,120,130,28,24,32,26,12,10,2,8,8,8,2,10,6,2,4,6,6,4,6,8,6,0,4,2,0,0,4,6,4,2,6,6,6,4,2,2,4,6,6,4,2,2,2,2,4,6,4,2,0,0,0,0,4,14,12,10,14,10,34,112,54,78,80,46,6,18,10,2,8,10,2,8,6,6,8,4,12,8,6,10,12,8,20,26,6,22,16,12,14,12,18,6,16,10,14,14,24,20,20,18,20,16,40,6,68,255,255,255,82,154,188,212,172,130,148,172,177
12,255,212,70,112,156,82,24,82,90,84,82,54,32,38,38,66,68,16,32,66,12,2,44,32,26,40,36,38,34,10,34,22,8,38,70,162,212,208,182,136,118,255,74,255,68,112,255,255,206,52,34,28,76,255,255,255,255,252,54,12,4,8,2,8,4,8,6,6,14,20,12,10,6,6,6,8,4,4,6,6,2,10,2,2,8,12,4,6,8,6,18,18,32,22,14,10,8,12,14,16,10,12,10,10,8,10,12,2,10,16,28,40,58,92,118,150,202,242,255,255,255,136,2,2,4,2,10,8,2,0,0,0,0,2,2,2,0,0,0,0,0,0,2,4,4,4,4,4,2,0,2,4,4,2,0,0,0,0,0,0,0,2,2,2,2,4,20,58,68,84,68,140,255,252,236,255,194,118,66,36,46,62,94,126,116,128,116,92,94,94,112,102,146,132,52,26,22,20,4,6,2,4,4,6,6,20,12,16,14,10,176,84,198,56,255,255,255,154,255,255,255,255,255,255,52,220,164,188,8,14,24,6,255,255,255,62,18,80,255,192,198,36,24,22,230,130,206,90,8,10,4,6,16,8,2,8,255,255,255,255,102,50,72,126,28,40,118,152,74,132,158,156,182,255,232,255,255,255,255,255,255,255,74,255,255,255,98,120,124,166,255,255,255,255,255,255,255,255,252,46,152,255,255,255,255,152,196,76,238,108,230,8,10,12,12,66,86,80,36,14,80,90,102,30,2,4,12,4,2,6,6,4,48,174,194,152,192,144,172,130,40,12,16,40,18,28,86,14,236,255,146,130,94,76,62,30,22,24,44,58,78,196,148,255,255,36,58,26,58,38,24,64,56,84,48,16,84,142,116,36,176,138,32,18,16,6,24,32,20,4,54,100,60,132,74,42,40,26,4,2,4,2,2,2,4,4,8,10,10,8,6,4,4,2,4,4,6,2,0,0,4,6,4,2,6,4,4,4,4,6,2,2,6,0,4,4,4,6,20,96,132,128,80,106,106,56,4,10,0,4,10,14,34,74,80,12,78,80,16,16,18,14,20,12,14,6,10,4,6,6,10,12,20,12,20,18,24,20,12,20,24,16,24,14,22,18,10,8,20,26,12,12,20,22,4,12,14,10,224,255,255,230,255,224,202,230,176,150,160,204,207
25,255,255,255,255,255,118,40,50,64,56,116,144,104,122,186,212,148,130,136,154,106,78,116,98,96,98,96,90,88,78,38,14,20,74,140,164,234,255,255,255,96,255,220,255,228,160,255,255,255,112,66,30,6,32,255,255,255,255,255,72,8,6,10,16,16,2,4,8,16,12,8,6,4,2,2,4,4,2,2,4,4,4,4,4,6,6,10,10,12,16,16,2,16,16,8,4,4,4,6,10,10,10,6,6,8,8,4,8,8,6,4,6,8,8,10,10,8,4,4,4,2,6,6,6,4,2,6,4,2,0,0,0,0,2,2,4,2,0,0,0,0,2,4,2,0,0,0,2,2,0,2,2,2,2,0,0,0,0,0,0,0,2,0,2,2,2,34,32,26,36,30,18,66,26,28,116,140,136,164,144,152,156,152,118,98,110,44,8,54,58,64,112,166,202,50,10,14,28,6,2,2,4,4,2,10,22,16,26,14,4,162,52,150,250,255,255,255,66,255,255,255,150,255,255,100,220,164,212,2,18,20,60,114,12,108,30,4,174,255,162,208,26,16,2,156,204,178,86,12,10,4,8,4,6,8,8,255,255,255,255,152,74,134,114,58,30,108,84,48,114,54,164,90,255,255,255,255,255,255,255,255,255,255,255,255,182,40,116,162,122,238,255,255,255,255,255,164,108,116,116,110,255,255,255,255,16,48,74,255,66,232,34,12,10,42,80,24,50,12,16,96,70,114,36,4,6,6,12,6,6,4,4,56,160,158,160,184,74,66,48,32,12,24,20,20,6,90,26,255,255,70,190,148,78,46,30,18,16,60,48,48,174,162,255,255,86,26,20,36,18,52,12,36,60,10,20,88,56,114,144,136,112,28,8,18,4,24,20,10,42,62,130,130,118,44,10,12,6,2,2,2,4,4,4,2,4,4,4,2,0,0,0,2,4,4,2,4,4,4,4,4,6,4,6,2,4,4,2,0,2,2,2,2,4,8,10,6,2,28,214,255,255,255,255,255,255,2,8,8,6,4,8,18,40,74,104,10,98,54,10,22,4,34,8,18,12,14,20,4,8,12,2,10,4,12,8,8,10,26,24,12,20,16,42,4,16,4,6,4,24,26,22,16,20,28,16,10,78,255,255,255,176,168,146,76,188,174,255,178,44,215
29,255,104,194,146,114,72,72,46,52,104,254,255,192,202,255,218,178,174,164,164,146,114,122,104,78,64,64,50,74,92,46,18,50,120,114,70,102,144,216,255,200,166,255,52,255,42,102,255,255,234,80,16,22,38,74,250,255,255,255,255,34,8,18,4,18,18,16,8,8,12,8,8,0,0,0,0,0,0,0,0,0,0,0,0,0,0,0,0,0,0,0,0,0,0,0,0,0,0,0,0,0,0,0,0,0,0,0,0,0,0,2,4,4,4,6,6,4,4,4,4,4,4,8,8,6,4,4,2,4,4,4,4,4,4,4,2,2,0,0,0,0,2,2,4,4,4,4,4,2,0,2,4,4,2,0,0,0,0,2,4,4,6,6,2,2,6,38,20,24,66,94,58,134,146,168,255,255,255,242,178,180,126,58,24,34,80,112,110,138,150,146,168,198,238,44,6,22,16,12,2,4,0,0,0,8,18,18,24,20,4,160,74,150,255,255,255,255,255,255,255,255,255,226,255,64,255,160,255,18,26,10,200,212,248,70,16,18,192,240,224,218,16,20,8,44,120,116,74,10,4,6,8,4,2,12,6,255,255,255,255,70,96,100,80,54,76,40,78,76,94,72,150,16,88,48,255,255,255,96,255,226,255,246,216,192,120,58,144,144,160,244,176,112,56,196,194,206,64,148,36,28,255,255,255,255,64,84,18,206,158,182,32,6,12,158,100,116,34,16,10,90,82,114,32,6,2,6,12,4,0,2,4,54,190,156,214,196,68,108,198,255,250,218,58,18,30,40,52,255,255,62,186,162,138,116,54,8,72,114,86,72,166,120,255,255,84,58,52,22,50,12,40,48,72,56,102,100,90,120,60,54,162,88,2,16,2,26,24,24,34,18,4,4,0,6,6,2,0,0,0,0,0,0,0,0,0,0,0,0,0,0,0,0,0,0,0,0,0,0,0,2,6,2,4,0,0,0,0,0,0,0,0,0,0,4,4,0,0,30,228,255,92,156,166,255,255,10,2,6,4,2,4,4,12,32,86,88,44,124,58,24,12,32,24,22,18,8,22,10,2,18,18,26,4,8,12,22,32,26,18,16,20,22,30,22,30,18,14,10,12,6,2,10,6,26,30,30,198,255,255,255,255,122,196,126,174,36,255,255,136,194
71,255,62,66,48,22,44,76,56,58,138,244,226,114,104,80,70,50,52,42,52,34,34,42,60,54,42,56,36,48,92,40,26,76,78,64,82,82,62,130,220,202,6,255,162,255,255,250,255,255,255,102,40,20,20,34,16,112,255,255,255,255,160,16,10,16,8,8,10,14,12,8,8,0,0,0,0,0,0,0,0,0,0,0,0,0,0,0,0,0,0,0,0,0,0,0,0,0,0,0,0,0,0,0,0,0,0,0,0,0,0,2,4,4,4,4,2,0,0,0,2,10,18,18,14,14,12,12,12,12,12,12,12,12,12,16,16,10,8,8,8,8,10,12,8,4,4,4,2,0,0,0,0,0,0,0,0,0,0,2,2,2,4,6,6,4,4,28,24,52,80,64,22,98,68,86,246,255,255,255,255,255,255,255,255,255,255,255,255,255,255,224,136,138,152,10,8,20,16,14,18,4,0,0,0,6,18,24,20,20,0,150,90,166,255,255,255,255,255,255,255,255,255,36,255,46,255,128,255,204,212,130,255,186,255,92,8,0,210,255,168,255,30,24,12,54,48,44,10,4,0,4,6,4,0,12,4,236,255,12,255,178,88,74,74,74,112,70,152,82,104,82,50,142,70,62,255,255,255,255,255,255,255,255,255,255,255,14,188,50,122,68,104,70,106,255,214,168,44,76,76,122,255,34,255,152,28,120,16,72,92,98,30,14,100,255,146,158,10,6,12,60,70,62,24,2,12,14,8,4,6,6,8,24,220,132,238,140,255,255,255,255,255,255,255,255,72,20,70,255,255,226,188,132,152,186,126,82,120,120,80,96,212,84,255,255,144,60,46,58,54,8,20,28,10,76,208,88,120,48,116,58,100,94,2,18,6,20,22,24,30,18,6,8,4,2,6,6,2,2,2,0,0,0,0,0,0,0,0,0,0,0,0,0,0,0,0,0,0,0,0,2,4,4,4,0,0,0,0,2,4,4,2,0,2,6,4,0,0,4,124,254,255,255,255,255,255,12,6,4,0,2,2,2,6,16,38,102,96,82,158,66,26,6,8,6,26,10,28,8,10,22,8,20,16,18,18,16,10,8,10,28,2,24,14,6,12,14,4,6,10,14,22,28,32,30,24,22,255,255,255,150,255,214,116,100,222,172,212,118,68,184
120,142,64,72,64,42,54,62,48,64,162,255,255,170,214,204,255,218,170,160,192,176,164,148,156,130,118,128,106,34,90,62,82,98,8,86,68,38,38,80,176,182,90,198,255,78,255,60,98,255,255,226,90,52,18,20,32,14,124,255,255,255,255,214,12,18,20,12,16,6,4,4,4,0,0,0,0,0,0,0,0,0,0,0,0,0,0,0,0,0,0,0,0,0,0,0,0,0,0,0,0,0,0,0,0,0,0,0,0,0,0,2,8,10,8,8,6,4,4,4,6,14,18,16,12,14,12,10,12,12,12,10,10,12,12,14,18,18,14,12,12,14,18,18,20,16,16,16,14,12,12,12,10,8,8,8,8,8,6,6,10,12,10,4,4,4,4,20,6,22,84,86,52,142,166,248,255,255,255,255,170,32,46,90,162,188,255,255,255,255,255,255,255,255,255,10,14,8,12,14,20,6,2,2,0,4,16,28,24,24,4,152,90,168,255,255,255,255,255,255,255,238,255,255,255,48,255,68,255,92,124,80,255,128,255,78,14,6,98,255,238,255,28,26,72,192,130,112,4,6,6,2,4,4,2,14,12,92,255,255,255,255,182,78,186,36,114,102,62,54,114,112,84,140,134,120,255,255,255,86,255,255,255,126,180,255,255,58,96,194,136,202,90,36,212,116,208,142,52,84,220,255,255,255,255,30,24,96,62,180,146,64,8,22,136,200,158,176,8,18,16,14,40,16,18,6,8,10,4,8,12,4,16,42,255,100,255,116,255,255,58,255,255,174,255,255,255,82,34,255,255,255,234,90,132,186,142,136,118,86,34,38,226,98,255,255,62,12,46,22,24,20,26,28,20,80,212,134,62,140,30,64,92,100,14,16,6,10,14,22,22,12,2,8,4,0,2,6,6,2,4,0,0,0,0,0,0,0,0,0,0,0,0,0,0,0,0,0,0,0,0,2,4,4,2,0,0,2,4,6,6,6,6,4,6,6,2,0,0,10,10,14,48,138,168,146,70,20,26,16,4,4,6,2,6,10,18,62,168,110,110,156,54,12,12,2,18,14,22,6,20,10,4,10,20,14,10,6,6,16,14,22,22,12,12,14,22,14,4,10,10,16,24,18,16,22,18,162,255,255,255,190,112,126,54,62,168,174,140,100,54,196
127,40,52,62,42,24,66,76,60,78,138,255,255,255,255,250,242,242,208,178,180,180,158,142,140,126,114,134,134,40,86,104,130,82,84,22,98,68,86,132,255,252,128,86,255,170,242,216,220,255,255,255,102,46,18,2,18,32,24,100,255,255,255,255,170,16,42,24,4,4,8,12,12,0,0,0,0,0,0,0,0,0,0,0,0,0,0,0,0,0,0,0,0,0,0,0,0,0,0,0,0,0,0,0,0,0,0,0,0,0,0,4,4,6,4,6,6,4,4,4,2,10,14,10,4,2,2,0,2,0,2,2,2,2,0,2,4,8,6,4,4,6,8,6,12,12,14,16,16,16,16,18,18,16,16,16,16,18,18,18,16,20,20,18,12,12,10,12,8,24,24,22,14,36,62,94,194,255,255,255,255,255,255,176,8,126,218,255,255,255,255,236,255,255,246,18,10,8,2,10,14,8,4,4,0,4,14,30,10,28,18,144,104,172,255,255,255,255,255,78,255,255,255,255,255,38,255,176,246,178,236,114,255,100,255,28,6,14,10,146,154,158,12,10,188,226,176,126,10,4,6,6,2,6,4,4,20,20,255,255,255,255,108,94,80,86,106,60,80,74,80,82,154,16,208,44,220,255,255,255,255,255,255,255,255,255,255,86,24,100,144,246,52,134,124,180,78,88,42,144,12,255,255,255,255,172,166,60,242,222,220,82,18,18,138,255,142,188,10,18,16,6,28,12,20,4,6,12,10,12,8,8,22,66,255,6,255,255,255,255,255,255,255,255,255,38,255,255,54,255,255,255,180,30,116,200,158,88,92,72,40,20,202,36,255,255,66,26,36,30,18,10,38,28,8,54,138,124,102,88,76,30,34,136,34,8,6,2,8,14,10,4,2,6,6,2,0,4,8,2,4,0,0,0,0,0,0,0,0,0,0,0,0,0,0,0,0,0,0,0,0,0,0,0,0,0,0,4,6,4,2,2,4,4,4,2,0,0,0,16,4,20,8,14,36,20,14,24,30,28,16,2,6,4,2,6,4,6,80,186,82,150,156,44,16,4,14,10,14,16,10,2,16,26,18,14,4,8,6,6,28,8,24,10,10,16,24,10,4,10,16,20,18,12,12,18,34,255,255,255,255,84,48,84,82,54,46,40,34,40,62,185
134,60,64,80,46,6,38,60,56,66,80,122,166,172,148,118,112,126,122,100,82,80,82,74,72,64,54,86,120,94,40,60,66,20,116,10,80,26,22,8,156,255,154,20,252,255,160,255,208,112,255,255,206,60,50,22,12,24,52,12,14,244,255,255,255,255,120,54,20,4,8,8,12,0,0,0,0,0,0,0,0,0,0,0,0,0,0,0,0,0,0,0,0,0,0,0,0,0,0,0,0,0,0,0,0,0,0,0,0,0,0,4,2,4,4,4,2,0,0,4,4,12,16,12,6,4,4,2,4,6,8,6,6,8,6,6,6,10,8,8,8,8,10,8,4,4,4,2,0,0,0,2,6,8,8,8,8,10,12,14,12,14,16,18,18,16,12,6,12,18,20,18,10,16,2,16,28,28,26,255,255,255,255,255,255,255,255,255,255,255,255,255,255,255,234,14,10,18,14,4,8,6,4,4,0,4,12,18,4,18,18,122,152,162,110,255,255,116,176,255,255,255,255,255,234,162,255,214,255,216,66,102,255,170,255,66,6,14,86,88,72,28,18,24,222,80,248,76,6,2,4,8,2,6,10,10,14,18,255,255,2,255,240,118,88,78,208,130,118,68,76,40,196,42,158,62,58,224,255,255,78,255,255,255,255,166,255,96,94,76,72,110,176,66,134,190,216,142,104,234,255,255,210,255,162,110,206,32,255,62,255,68,8,6,54,214,104,144,34,20,12,60,38,32,20,10,8,6,8,8,4,4,18,112,255,96,255,255,255,255,255,142,210,6,255,255,255,255,136,255,255,255,214,158,42,108,178,130,80,54,48,84,252,60,255,255,156,6,24,24,26,22,22,14,6,18,74,76,44,150,62,42,52,160,74,6,4,8,6,8,4,2,2,2,6,6,2,4,8,6,6,4,4,4,4,4,4,4,4,4,4,4,4,4,4,4,2,0,0,2,4,4,4,4,2,0,2,6,4,0,0,0,0,0,0,0,0,0,0,16,6,30,6,12,18,18,6,16,8,24,24,14,2,4,4,2,6,6,12,104,184,50,212,192,64,10,16,12,14,14,2,6,22,14,14,16,14,20,16,12,30,12,16,32,36,42,20,20,14,16,22,32,22,10,12,2,160,255,255,255,210,128,82,58,60,146,182,100,104,56,94,161
137,50,42,80,74,34,22,26,58,84,76,68,58,46,46,54,70,82,78,72,54,48,68,72,74,72,58,92,144,116,68,96,102,128,142,66,122,120,140,160,242,255,138,74,116,255,40,255,218,255,255,255,255,92,58,32,20,6,24,38,10,28,255,255,255,255,255,74,44,30,4,10,6,0,0,0,0,0,0,0,0,0,0,0,0,0,0,0,0,0,0,0,0,0,0,0,0,0,0,0,0,0,0,0,0,0,0,0,0,0,0,4,4,4,2,0,0,0,0,4,4,8,12,10,4,0,0,0,0,4,6,4,4,6,4,2,6,10,10,10,10,10,10,8,4,4,4,4,4,4,2,2,4,4,4,4,4,2,2,4,8,4,0,4,8,8,10,18,14,14,4,10,10,10,8,10,32,62,40,255,255,255,90,142,255,255,255,255,255,144,120,154,156,138,60,22,28,20,38,10,10,4,4,4,0,4,12,18,4,20,20,126,178,152,182,242,255,255,255,255,204,255,255,104,124,202,248,255,255,255,6,28,255,255,255,60,10,98,255,236,230,30,12,8,238,138,222,112,2,2,0,8,8,6,10,8,2,10,104,255,255,255,255,28,54,38,244,114,144,92,56,60,116,38,110,50,170,255,255,255,255,255,255,255,255,255,186,146,84,44,46,154,166,30,154,255,158,132,78,80,255,255,255,255,144,168,190,100,255,142,255,6,8,6,10,92,100,92,30,16,106,136,136,52,0,4,6,14,12,6,12,6,8,168,255,160,252,255,255,255,255,6,156,82,255,255,255,255,218,255,168,255,114,92,130,108,112,50,60,54,76,130,240,148,255,255,142,20,18,8,26,36,18,18,26,52,68,90,72,94,12,64,58,144,122,12,6,12,14,8,2,0,0,0,2,6,6,0,4,4,4,4,4,4,4,4,4,4,4,4,4,4,4,4,4,6,4,0,2,6,6,4,4,6,4,0,4,6,2,0,2,2,2,0,0,0,0,0,0,8,20,10,16,12,20,30,12,2,8,10,20,20,10,2,8,2,6,10,12,34,148,210,28,226,156,22,2,16,8,12,8,4,24,18,20,6,36,24,30,28,34,12,6,58,40,70,28,46,48,50,8,24,12,10,30,92,255,255,255,255,148,80,118,104,170,242,192,234,60,8,30,165
143,64,36,50,64,58,44,46,54,88,64,46,46,50,52,54,60,58,50,58,46,26,46,60,74,84,78,116,182,174,162,158,142,122,94,46,68,100,134,144,172,194,110,60,38,255,255,255,255,210,120,255,255,174,66,42,22,8,12,14,18,14,44,152,255,255,255,122,16,54,24,18,2,8,10,10,4,2,0,2,2,2,4,4,4,2,2,2,2,0,0,0,0,0,0,0,0,0,0,0,0,0,0,0,0,0,0,0,0,0,0,2,2,2,2,0,0,0,0,2,4,8,10,8,6,2,2,2,2,14,8,4,2,6,4,8,4,6,8,4,4,6,8,4,0,2,2,2,2,4,6,6,6,4,4,4,6,10,10,18,10,6,2,4,8,12,8,8,24,16,6,6,8,12,8,12,46,48,38,255,255,255,102,58,64,96,188,255,255,156,24,2,10,8,28,10,40,30,14,22,12,6,2,6,4,8,14,18,6,28,20,106,232,120,240,48,20,170,64,72,80,102,255,255,255,255,198,255,238,255,14,30,74,108,102,14,22,206,255,226,252,10,16,8,150,206,156,112,26,24,48,64,50,6,2,8,10,10,10,255,255,62,255,255,68,96,116,168,84,80,66,218,182,100,86,68,255,255,238,255,255,255,255,255,194,255,255,42,160,94,168,94,66,90,208,54,136,140,86,255,255,255,255,255,30,22,24,104,255,112,224,42,6,2,58,66,36,30,12,18,126,94,152,66,16,12,8,12,10,10,8,16,30,246,232,255,236,255,255,162,255,255,255,255,255,255,255,255,255,255,36,255,106,138,62,86,140,172,152,116,120,104,196,255,255,234,66,20,16,14,36,26,40,16,58,40,36,90,30,58,34,80,74,114,130,20,14,14,20,10,2,4,4,4,2,2,6,6,2,0,0,0,0,0,0,0,0,0,0,0,0,0,0,0,0,4,6,4,6,6,2,0,0,4,6,4,8,8,4,4,4,2,2,2,4,4,2,0,2,12,4,16,8,24,26,14,18,4,6,6,12,20,22,8,8,6,10,8,14,16,74,206,222,64,196,102,16,18,10,28,16,12,22,6,8,10,22,6,32,26,18,12,22,54,8,58,16,40,18,40,2,22,22,22,22,255,255,255,255,54,210,118,160,174,96,140,44,142,74,50,54,176
146,68,78,70,66,52,30,42,42,66,36,18,36,66,64,46,60,84,64,54,70,52,24,32,58,64,64,74,124,136,114,82,84,54,34,24,48,60,76,70,78,90,76,74,80,178,255,114,255,120,220,255,255,255,118,80,44,8,20,22,10,6,4,10,96,255,255,255,255,255,90,18,24,26,8,18,10,8,10,4,2,2,2,0,2,2,2,0,2,0,0,0,0,0,0,0,0,0,0,0,0,0,0,0,0,0,0,0,0,0,0,4,4,4,2,0,0,0,0,0,0,4,10,12,8,0,4,4,6,14,8,2,12,14,16,20,20,8,4,8,10,12,4,4,4,6,2,4,4,10,16,16,16,12,10,14,12,8,4,4,12,6,2,6,12,2,4,4,16,22,4,12,4,10,6,14,32,74,62,255,255,255,76,44,54,62,140,255,255,86,14,10,20,18,22,4,18,28,20,16,12,6,2,4,4,10,14,30,14,44,22,52,255,18,208,150,255,160,46,16,54,110,255,255,255,255,146,255,142,255,94,114,182,152,22,28,18,232,230,255,252,8,2,12,70,158,112,66,26,40,150,94,124,10,4,6,12,4,22,92,255,255,255,255,64,34,98,148,66,58,72,134,64,96,108,28,255,255,255,255,255,170,255,255,255,255,255,130,136,255,104,204,58,130,136,84,144,148,202,255,255,255,255,18,26,36,6,26,210,158,152,66,12,22,186,120,160,14,10,18,126,116,114,86,12,12,6,8,20,14,8,18,20,255,120,255,128,158,255,255,192,255,255,255,82,255,255,170,255,255,220,255,96,96,22,146,156,90,104,130,114,104,174,255,255,100,42,18,6,14,14,40,18,38,36,40,38,42,86,10,56,2,58,110,122,24,6,22,22,2,8,6,4,6,4,0,2,6,4,0,0,0,0,0,0,0,0,0,0,0,0,0,0,0,0,2,4,4,4,2,0,0,0,2,2,4,8,8,4,4,2,4,2,2,2,2,2,0,4,8,8,4,18,2,18,8,10,10,8,6,16,14,26,30,8,8,8,6,8,8,18,96,184,152,72,200,104,34,10,48,24,30,20,8,8,4,18,18,12,24,24,16,26,60,28,68,20,58,36,24,14,18,16,28,22,255,255,255,82,154,196,255,162,110,74,158,202,218,134,60,86,175
143,58,74,72,80,66,28,6,30,60,46,24,30,48,56,48,48,84,86,42,52,82,44,18,40,64,80,52,46,58,34,26,46,38,42,42,58,50,50,58,86,92,34,70,98,32,255,255,255,255,255,126,255,255,192,94,74,38,8,18,14,6,10,22,110,255,255,255,255,255,255,72,32,14,6,20,10,8,14,12,6,6,8,6,4,2,2,4,2,0,0,0,0,0,0,0,0,0,0,0,0,0,0,0,0,0,0,0,0,0,0,4,4,6,2,0,0,0,0,0,0,2,8,14,12,4,8,10,4,14,6,14,14,20,22,10,16,26,24,12,4,16,24,24,20,24,30,24,18,8,6,16,4,8,0,4,6,4,16,10,14,12,10,8,0,10,10,2,10,18,16,6,4,6,4,20,16,22,10,158,255,255,84,64,74,56,234,255,255,18,14,16,12,6,2,0,4,12,16,12,10,4,6,2,0,8,12,32,8,40,26,10,255,58,242,255,255,255,200,230,255,255,255,255,255,255,68,255,114,255,255,255,246,255,50,26,8,220,255,200,250,16,20,20,78,50,30,40,28,18,152,48,138,4,8,4,2,6,16,16,255,255,192,255,255,92,90,136,218,182,160,176,98,52,164,128,255,214,255,255,255,255,255,255,255,255,255,255,56,244,192,98,200,206,82,58,116,96,255,255,255,255,190,20,44,26,10,4,60,100,88,44,20,86,255,122,180,16,4,12,76,148,90,72,16,16,4,14,16,14,8,6,66,255,42,255,18,24,154,255,255,255,255,255,255,255,255,94,255,255,255,255,166,174,134,122,132,114,76,28,28,128,170,255,255,118,78,18,14,34,30,38,26,16,22,48,86,68,48,68,118,30,52,146,102,30,18,24,12,8,8,2,0,4,4,0,0,4,4,0,0,0,0,0,0,0,0,0,0,0,0,0,0,0,0,0,0,0,0,0,0,0,0,4,2,4,4,6,4,6,6,2,0,2,4,4,2,2,6,2,4,2,10,16,4,10,12,8,12,14,20,8,12,36,32,8,6,6,6,6,10,38,94,172,140,110,198,94,40,62,20,42,26,18,8,12,10,10,6,16,26,46,28,34,6,52,34,6,28,16,22,12,4,26,172,255,255,255,124,172,114,200,162,88,146,102,114,98,82,140,68,171
153,142,76,18,68,50,36,32,30,52,42,24,18,30,30,44,56,56,78,74,52,66,82,56,30,50,82,82,42,28,4,14,36,24,14,12,26,14,50,84,102,108,70,122,140,64,142,255,120,255,70,138,255,255,255,72,94,64,24,16,22,18,22,28,122,255,220,255,255,255,255,255,255,102,16,14,24,6,8,8,2,0,2,2,0,0,4,2,4,0,0,0,0,0,0,0,0,0,0,0,0,0,0,0,0,0,0,0,0,0,0,2,2,2,0,0,0,0,0,0,0,0,4,10,10,4,8,6,6,0,8,14,64,255,255,255,255,255,255,255,255,255,255,236,192,136,94,52,18,4,10,20,10,16,16,6,10,18,6,6,12,16,22,18,10,8,12,12,14,16,18,8,2,2,0,28,28,16,14,86,255,255,136,54,44,40,255,255,255,22,16,22,8,2,0,0,2,8,12,8,4,2,6,4,0,8,14,34,10,30,12,20,238,104,255,255,255,255,255,255,255,255,234,255,255,255,68,255,255,156,144,255,255,255,40,32,14,116,255,206,228,6,18,132,255,216,110,26,22,60,162,120,136,16,10,14,16,12,10,30,56,255,255,156,255,255,40,186,38,255,36,116,36,104,116,220,255,255,255,255,255,255,255,255,255,255,255,92,130,140,224,242,90,204,164,98,62,255,255,255,255,255,146,144,64,6,18,104,146,114,24,24,20,124,228,116,206,10,10,2,16,102,70,88,20,6,16,6,14,6,2,6,194,255,186,255,180,255,255,255,255,94,255,255,160,86,200,32,255,255,255,255,212,172,138,162,204,124,92,62,30,154,86,255,255,112,130,12,12,38,36,58,8,42,6,34,130,50,22,104,86,52,28,154,84,18,16,12,4,4,2,0,0,4,6,2,2,6,4,0,0,0,0,0,0,0,0,0,0,0,0,0,0,0,0,0,0,0,0,0,0,0,0,4,2,4,2,4,4,4,2,2,2,2,0,0,0,4,6,6,4,4,8,20,18,32,6,24,26,2,20,8,16,20,24,20,14,4,8,0,16,6,44,100,216,116,124,162,88,34,30,56,10,24,12,18,12,18,12,22,18,42,40,20,8,16,54,68,30,30,20,6,10,118,255,255,255,154,30,128,198,126,220,170,132,70,64,168,255,240,178,174
101,255,255,224,44,54,22,42,52,64,42,36,110,140,110,70,128,150,102,62,100,130,102,58,90,136,84,100,156,126,112,86,94,114,106,100,100,104,120,178,174,202,238,250,182,84,20,255,255,174,234,196,162,255,255,124,88,84,46,10,20,16,16,14,84,252,255,255,255,82,255,255,255,255,104,10,12,12,4,8,8,8,6,2,0,0,4,2,4,0,0,0,0,0,0,0,0,0,0,0,0,0,0,0,0,0,0,0,0,0,0,0,0,0,0,0,0,0,0,0,0,0,4,10,10,4,6,16,6,12,6,16,255,255,255,160,122,164,204,254,255,255,255,255,255,255,255,255,255,255,255,255,255,255,255,255,252,184,182,170,114,16,22,20,8,10,4,12,14,16,18,6,6,8,8,22,22,40,32,60,255,255,214,88,60,54,255,255,255,8,18,2,6,0,2,4,4,0,4,6,4,0,4,4,0,6,12,38,30,50,18,16,194,188,220,255,255,255,255,255,255,255,248,255,255,255,228,170,255,255,216,255,255,255,14,18,22,24,168,162,140,26,14,255,255,255,150,12,8,26,108,70,62,10,16,10,20,12,18,42,66,92,255,255,255,255,255,150,88,210,34,118,34,98,122,160,255,255,255,208,255,255,252,255,255,255,234,66,38,84,118,92,226,94,116,18,255,255,226,255,255,86,24,100,72,14,30,238,160,202,50,4,6,126,246,128,194,22,2,10,12,16,16,26,6,16,4,12,6,2,8,22,255,168,255,82,255,255,255,154,255,255,255,255,255,54,255,214,255,255,255,255,255,134,114,208,214,170,158,120,88,174,24,255,255,106,118,22,18,10,60,16,42,34,30,12,92,90,84,44,106,34,100,238,178,4,6,4,4,4,2,2,2,2,6,6,6,6,2,0,0,0,0,0,0,0,0,0,0,0,0,0,0,0,0,0,0,0,0,0,0,0,0,2,2,2,0,0,0,0,0,4,4,6,2,0,0,4,6,6,10,6,8,44,44,58,26,44,22,24,14,20,4,28,4,10,22,10,6,8,8,10,10,18,124,208,84,118,168,34,52,24,20,14,6,6,20,30,10,8,20,20,22,30,14,32,20,60,20,18,8,28,70,255,255,255,255,132,48,164,148,76,216,230,106,168,82,114,194,152,138,172
17,234,255,255,132,54,26,30,20,52,70,180,255,255,255,255,255,255,255,255,255,255,248,206,255,255,255,184,246,148,154,124,172,198,156,164,156,154,164,196,144,160,200,255,150,80,62,188,255,74,255,200,234,255,255,255,78,90,70,30,4,4,2,8,36,255,255,255,255,255,255,255,255,255,255,142,8,8,6,6,2,0,2,4,2,0,2,2,2,0,0,0,0,0,0,0,0,0,0,0,0,0,0,0,0,0,0,0,0,0,0,0,0,0,0,0,0,0,0,0,0,0,2,8,10,4,4,16,8,10,8,48,255,255,255,255,255,255,255,255,255,255,255,250,176,136,92,40,44,116,172,210,252,255,255,255,255,255,255,255,204,4,16,30,10,10,8,8,18,18,16,2,8,8,6,10,12,12,44,14,255,255,255,114,76,66,255,255,220,8,6,8,4,2,6,6,6,4,0,4,4,0,4,6,2,4,8,40,40,46,60,14,142,255,126,126,255,255,255,255,255,255,255,255,255,255,255,28,255,86,54,255,255,255,44,28,4,104,122,98,12,20,44,255,112,255,140,2,14,6,38,34,22,14,2,6,14,12,28,138,172,218,172,255,255,255,255,255,88,138,40,44,28,12,12,124,74,255,255,255,255,255,255,255,255,255,38,122,94,72,106,80,32,176,66,255,255,118,255,255,80,124,116,138,52,18,64,255,62,255,40,10,6,70,240,98,144,36,10,12,32,28,14,12,8,8,10,10,8,6,24,102,255,12,255,255,255,246,255,255,255,255,254,255,255,222,255,255,255,255,255,255,255,148,152,255,255,255,232,186,132,206,126,255,255,72,94,30,30,38,26,36,42,16,8,58,82,74,100,98,120,138,124,138,178,12,2,8,4,4,4,0,2,0,2,4,4,2,0,0,0,0,0,0,0,0,0,0,0,0,0,0,0,0,0,0,0,0,0,0,0,0,0,2,2,2,0,0,0,0,0,4,4,6,4,0,0,2,6,2,6,8,6,44,32,38,26,24,12,26,12,24,4,36,8,10,14,20,4,8,4,2,2,6,28,126,200,68,168,208,74,6,4,10,8,2,18,28,14,12,28,38,40,62,24,56,26,52,6,6,14,18,222,255,255,255,110,126,255,255,210,158,224,255,244,120,42,136,250,255,150,170
107,255,146,255,255,10,60,46,32,28,76,255,255,255,255,255,255,255,255,255,240,224,152,174,230,188,190,102,152,32,64,2,72,58,18,26,16,6,42,72,88,104,228,255,140,54,76,86,255,255,255,255,236,160,255,255,122,90,88,62,36,12,4,10,10,188,255,255,134,255,255,255,255,255,255,255,255,80,10,14,20,12,10,2,4,2,2,2,2,0,0,0,0,0,0,0,0,0,0,0,0,0,0,0,0,0,0,0,0,0,0,0,0,0,0,0,0,0,2,2,2,0,0,4,8,6,4,2,14,20,20,74,255,110,255,156,118,146,200,244,255,255,255,255,255,255,255,255,255,255,255,255,255,255,255,255,255,255,212,255,255,38,10,20,4,10,2,8,4,16,16,4,6,4,2,0,8,8,44,6,255,255,255,104,72,60,255,255,176,8,2,4,4,2,4,4,6,4,2,6,4,0,2,6,4,4,8,30,68,6,66,20,78,255,44,154,255,255,255,255,255,255,255,255,255,255,190,136,255,46,96,255,255,255,26,22,106,255,218,240,6,22,6,255,118,255,90,2,14,20,40,18,2,26,12,18,10,4,16,144,92,178,126,255,255,255,255,255,255,255,96,56,38,70,64,28,26,128,10,114,114,148,224,102,188,174,78,154,72,94,60,50,124,255,255,255,255,255,255,140,102,176,168,70,30,26,72,248,68,255,6,16,6,6,102,124,126,32,14,60,114,92,46,20,2,10,8,6,12,22,10,188,255,168,128,255,84,255,255,102,255,255,255,94,255,255,100,255,255,234,114,255,255,240,255,255,255,255,255,255,212,255,255,255,86,86,158,116,18,24,28,8,22,24,36,102,26,44,128,60,56,66,136,218,168,12,0,8,2,6,2,4,2,0,0,0,0,0,0,0,0,0,0,0,0,0,0,0,0,0,0,0,0,0,0,0,0,0,0,0,0,0,0,4,4,6,2,0,0,0,0,4,4,6,4,0,0,0,2,4,10,16,6,48,52,42,18,16,20,14,10,22,14,34,28,4,6,26,20,6,6,8,6,10,8,42,138,202,96,228,255,64,18,12,4,8,4,22,20,12,16,24,46,32,16,32,36,8,34,30,8,98,255,255,255,255,255,255,255,100,196,160,94,54,130,100,150,150,58,40,130,174
161,255,255,255,255,46,64,44,58,58,78,255,255,100,156,136,168,192,218,190,170,158,116,138,194,238,222,134,184,144,222,180,250,212,246,208,188,200,216,220,234,202,255,255,58,62,94,70,255,255,28,255,76,180,255,255,255,84,92,78,58,28,10,22,12,52,255,255,255,255,255,255,100,255,255,255,255,255,8,20,14,16,16,10,2,6,4,2,4,0,0,0,0,0,0,0,0,0,0,0,0,0,0,0,0,0,0,0,0,0,0,0,0,0,0,0,0,2,6,4,4,2,2,6,10,10,6,10,8,18,20,20,255,148,255,230,34,24,18,16,20,26,22,12,18,20,12,28,74,116,148,200,255,255,255,255,255,255,255,255,255,232,16,6,8,10,4,8,8,18,16,6,2,6,6,4,10,16,36,16,255,255,255,76,70,86,255,255,128,10,6,2,2,2,4,6,4,0,6,6,2,0,0,4,4,4,6,16,46,24,46,32,10,255,64,255,255,255,255,255,255,255,255,255,116,174,255,255,188,194,92,52,240,198,14,18,255,255,255,255,22,18,32,232,220,216,94,4,20,126,170,162,30,12,12,18,10,4,10,118,178,90,122,12,255,255,255,72,255,255,255,40,102,116,42,74,162,110,176,170,106,46,90,126,10,130,226,132,214,48,82,255,255,255,255,255,255,255,126,12,255,252,255,92,8,18,74,255,88,244,54,14,2,42,50,20,34,12,10,84,84,96,56,16,12,2,6,4,10,8,28,255,156,255,255,255,255,255,116,118,104,40,255,255,255,255,138,255,255,80,60,178,248,240,255,255,174,138,238,255,255,212,255,255,54,28,82,196,182,84,58,42,14,6,64,88,44,56,36,60,78,68,98,118,90,12,0,8,4,6,6,4,6,0,0,0,0,0,0,0,0,0,0,0,0,0,0,0,0,0,0,0,0,0,0,0,0,0,0,0,0,0,0,4,4,6,6,2,0,0,0,4,2,6,2,2,4,4,2,4,4,10,12,16,36,30,14,10,8,12,14,26,10,26,22,18,14,16,26,24,10,4,10,4,6,12,38,156,255,68,234,210,46,10,28,34,36,14,34,22,12,6,18,26,38,10,14,44,24,28,60,255,255,255,46,255,255,255,124,255,255,255,255,255,208,126,84,154,250,246,255,159
161,255,255,255,255,132,60,12,22,80,100,255,255,255,255,255,255,255,255,255,255,255,255,255,255,255,255,255,255,236,255,180,232,188,208,172,190,208,196,180,200,202,174,110,22,50,94,76,112,255,255,244,255,178,120,255,255,112,72,80,66,46,22,4,6,4,190,255,255,255,255,255,255,70,130,255,255,255,255,170,14,14,30,20,4,4,6,2,6,10,10,8,4,4,4,2,0,0,0,0,0,0,0,0,0,0,0,0,0,0,0,0,0,0,0,0,0,2,4,4,4,4,4,10,14,10,0,2,12,10,38,46,255,255,255,255,20,18,8,8,10,8,16,10,2,8,10,2,18,30,30,22,216,255,255,255,48,106,255,255,255,255,20,12,18,14,6,2,2,14,12,4,0,2,4,8,14,18,16,12,255,255,250,96,68,134,255,255,46,10,8,8,4,0,2,0,2,2,4,4,4,2,0,4,6,6,2,26,36,12,34,30,18,224,184,240,26,255,255,255,48,162,92,255,255,255,255,238,16,255,4,204,164,80,28,20,255,236,255,228,12,4,2,100,178,142,78,12,42,255,180,242,44,22,12,22,16,4,14,60,142,58,136,30,6,212,255,255,255,255,255,255,255,62,90,96,210,52,118,114,70,52,90,160,114,90,198,132,100,255,255,255,255,32,255,255,255,70,4,24,255,60,255,82,10,20,14,208,174,170,70,8,26,162,116,136,22,6,16,94,84,92,72,16,6,12,4,6,8,8,144,255,76,255,255,255,200,255,255,255,196,78,255,255,255,255,255,255,255,10,18,90,108,96,148,132,66,38,142,255,255,126,255,255,98,124,150,40,88,136,188,186,170,128,18,86,40,34,28,68,108,100,60,200,138,10,4,6,8,8,14,4,6,0,0,0,0,0,0,2,2,2,0,0,0,0,0,0,0,0,0,0,0,0,2,2,2,0,0,0,0,0,0,4,4,2,6,6,2,2,4,4,2,4,2,4,8,8,4,4,4,8,14,12,6,16,30,12,14,12,22,38,12,32,8,4,4,0,10,22,22,12,8,4,2,4,10,60,208,255,32,250,238,44,38,6,22,6,34,10,20,4,8,44,34,28,34,30,8,38,255,255,255,255,255,255,68,255,255,242,204,172,136,188,218,110,255,255,255,186,204,131
164,255,255,255,255,204,62,54,12,44,92,238,255,255,255,255,250,255,234,184,186,242,216,182,140,148,164,160,166,156,106,62,98,82,70,58,70,84,72,72,94,90,54,40,26,36,74,94,16,255,255,58,255,194,255,255,255,236,60,84,76,58,34,22,6,8,50,255,255,255,2,255,255,255,255,255,255,255,255,255,255,104,22,16,22,22,4,6,8,12,10,8,4,4,4,4,2,0,0,0,0,0,0,0,0,0,0,0,0,0,0,0,0,0,0,0,0,2,4,4,2,4,4,8,18,14,4,6,8,12,38,32,255,255,255,255,16,16,14,12,2,14,22,6,16,8,6,10,6,18,14,22,255,255,255,255,74,12,255,255,255,255,16,8,14,14,8,4,4,12,14,6,0,0,4,10,12,14,12,24,255,255,194,128,50,172,255,255,10,14,6,10,6,0,2,2,2,2,4,4,6,4,0,2,4,4,2,30,36,28,34,30,18,144,255,104,236,42,82,255,255,255,255,255,255,255,255,152,134,255,112,240,120,32,22,38,255,255,255,230,14,8,14,70,58,22,28,18,96,255,92,255,44,18,8,8,8,6,10,34,132,110,96,66,86,78,78,255,255,255,172,255,255,255,255,255,66,250,152,92,114,88,132,112,116,246,255,255,255,255,255,124,255,255,255,255,30,12,6,34,255,34,255,46,14,12,6,56,110,102,48,14,110,255,144,144,14,8,4,60,110,50,68,20,4,8,4,6,18,18,255,255,255,254,255,255,255,244,200,255,255,255,255,162,255,255,255,255,255,26,6,18,20,8,62,62,40,22,64,146,158,255,255,255,94,132,166,178,144,78,34,134,204,228,168,72,32,26,80,48,34,146,110,150,142,18,6,10,2,8,2,10,6,0,0,0,0,0,0,2,0,2,0,0,0,2,4,4,2,0,0,0,2,4,6,6,8,8,8,6,4,2,2,6,6,0,2,6,4,2,4,2,4,4,6,8,8,8,6,6,12,12,8,4,12,6,22,30,18,8,8,26,28,30,12,16,6,14,20,24,18,8,6,8,6,2,2,22,58,188,255,32,255,176,18,22,18,6,32,14,16,10,8,34,14,24,16,18,22,136,255,255,255,204,255,255,255,198,255,196,38,28,16,54,136,255,255,238,150,110,68,145
124,255,255,255,255,255,74,102,66,54,70,98,148,186,138,84,90,80,40,34,36,40,70,64,36,30,46,60,70,74,56,54,66,56,54,52,46,24,34,38,30,24,36,16,2,32,60,90,82,132,255,246,255,220,255,166,255,255,110,86,84,80,52,34,22,12,4,100,255,255,255,226,255,255,255,255,194,255,255,255,255,255,238,42,8,22,22,6,8,10,8,8,6,8,0,4,2,4,4,2,0,0,0,0,0,0,0,0,0,0,0,0,0,0,0,0,0,0,0,0,0,4,6,4,14,14,2,8,10,14,14,18,254,255,224,255,12,20,10,16,4,16,6,22,6,14,12,6,12,14,14,18,255,255,170,255,208,16,255,255,255,255,10,12,22,10,10,4,2,10,14,10,2,0,4,12,14,16,14,24,255,255,178,128,60,212,255,255,22,14,4,8,6,0,0,0,0,0,0,0,4,4,0,0,0,0,4,22,48,32,36,28,30,40,255,52,250,112,255,255,255,174,255,255,255,255,174,102,250,182,255,222,242,22,14,24,188,255,255,190,26,6,154,255,244,134,30,14,102,255,158,255,4,8,2,4,10,22,14,10,62,52,12,130,118,164,66,20,226,255,255,255,255,232,255,255,255,255,255,255,255,255,255,255,255,255,255,255,255,78,255,255,255,255,110,20,12,6,10,16,255,188,252,134,8,16,58,94,72,18,12,18,130,194,144,164,16,18,6,22,94,88,82,6,12,8,0,10,18,92,255,72,255,94,72,184,255,255,255,255,86,255,255,255,255,42,255,255,214,14,22,16,16,20,42,72,36,22,48,48,10,255,255,255,56,122,46,70,128,158,178,170,58,174,108,132,92,98,64,50,110,144,78,126,140,18,12,6,10,6,6,8,6,0,0,0,0,0,0,2,2,2,0,0,2,6,6,6,4,0,0,2,6,6,4,8,10,10,10,10,8,6,4,4,8,2,0,4,4,2,4,2,4,4,2,4,4,8,10,6,6,12,10,10,12,6,6,10,14,12,10,10,14,12,8,24,18,12,14,20,20,16,6,6,8,12,16,8,14,70,230,255,28,255,154,28,24,26,42,24,34,22,10,34,30,34,26,22,78,255,255,255,246,92,86,255,255,202,255,255,255,80,78,136,255,255,255,64,96,60,164,171
35,255,126,255,255,255,82,96,72,70,40,38,34,40,72,46,58,58,32,34,22,28,38,38,24,24,14,30,62,74,56,40,62,42,26,22,32,34,10,28,16,16,22,54,32,20,58,70,74,14,255,255,255,255,255,240,255,255,220,86,82,92,64,38,28,24,12,10,196,255,255,255,255,255,255,255,255,255,60,72,255,255,255,255,255,40,20,22,16,30,26,2,12,4,4,4,2,0,2,2,0,0,0,0,0,0,0,0,0,0,0,0,0,0,0,0,0,0,0,0,0,2,6,0,14,16,4,6,12,6,12,10,142,255,50,255,36,10,20,8,12,10,22,6,20,14,12,16,6,8,16,26,244,255,134,255,255,12,232,255,138,255,90,26,8,4,2,4,2,8,10,10,4,0,2,16,14,20,16,26,255,255,158,130,74,242,255,255,10,8,2,4,2,0,0,0,0,0,0,0,4,4,0,0,0,0,4,12,46,36,12,24,28,22,255,198,255,204,255,255,255,255,255,255,255,255,190,48,252,34,255,50,255,60,10,8,54,186,166,116,14,22,255,255,255,156,8,8,62,255,148,206,14,20,10,100,136,110,26,14,14,10,54,102,52,80,86,18,16,54,255,255,255,255,255,255,24,255,255,255,255,255,255,255,255,88,255,255,255,255,255,255,148,70,102,106,18,12,20,16,180,255,178,116,44,22,216,170,194,38,8,26,152,252,128,180,18,14,6,14,10,26,8,6,6,6,6,16,2,244,255,252,255,58,44,52,68,74,255,255,255,255,255,255,255,255,255,255,78,2,34,6,20,24,32,54,30,40,40,54,110,255,255,142,98,90,20,28,74,82,130,255,48,255,120,56,94,108,62,50,66,30,30,132,136,22,8,16,12,2,6,6,8,0,0,0,0,0,0,0,0,0,0,0,2,4,4,6,4,0,0,2,4,2,0,6,6,6,4,4,4,8,12,8,2,6,2,4,4,4,8,2,8,8,6,6,2,4,10,14,8,8,0,8,8,8,8,2,4,20,4,14,24,22,26,12,12,22,28,16,14,28,24,20,6,14,18,8,8,4,76,224,248,78,255,108,14,14,26,6,18,14,10,12,24,12,2,76,255,255,255,255,166,212,88,54,255,255,242,228,255,255,196,238,255,255,44,152,194,222,172,157
16,255,255,255,255,200,40,44,46,62,58,50,34,16,32,40,52,46,10,42,40,2,54,42,14,28,32,24,28,40,56,32,40,24,34,120,130,90,120,166,178,152,176,184,198,172,210,255,250,166,140,255,230,255,168,128,255,255,255,96,76,76,84,70,20,36,108,160,144,142,255,255,255,255,255,255,255,255,255,204,244,255,255,255,255,255,86,10,4,4,16,24,16,6,6,6,8,4,4,2,0,0,2,2,2,0,0,0,0,0,0,0,0,0,0,0,0,0,0,0,2,2,6,4,12,16,6,0,10,16,6,20,32,255,122,255,182,12,8,4,18,4,24,6,14,2,10,18,18,12,4,14,112,255,255,255,255,18,104,255,96,255,186,18,6,6,4,4,2,8,8,8,4,0,0,12,14,20,16,22,255,255,142,122,56,242,255,255,2,0,4,2,2,0,0,0,0,0,0,0,4,4,0,0,0,0,4,8,34,34,18,32,30,24,156,255,128,255,255,255,255,202,255,164,255,255,255,255,255,160,202,188,208,178,10,8,72,84,64,44,28,26,255,96,255,142,4,16,8,140,106,118,24,22,78,255,214,254,40,24,16,12,48,114,70,84,56,38,10,6,20,32,174,255,255,255,255,255,255,255,255,255,255,255,255,255,255,255,255,255,68,18,18,208,255,255,160,18,6,20,40,98,96,112,38,76,255,124,234,42,6,12,56,240,114,154,8,8,12,20,20,14,14,4,6,6,10,8,94,255,58,255,114,255,255,255,255,255,255,255,255,142,255,255,22,255,255,255,16,4,32,4,14,8,34,36,24,20,38,94,236,255,255,50,98,38,14,6,6,26,66,238,184,255,100,180,174,62,114,116,60,80,68,98,114,24,16,10,6,14,2,10,8,0,0,0,0,0,0,0,0,0,0,0,2,4,4,4,2,0,0,2,6,6,4,8,8,6,4,4,2,2,4,8,4,4,2,4,6,6,8,6,10,4,4,6,6,4,8,12,10,6,6,8,4,10,14,16,10,20,14,16,28,16,28,10,12,6,8,6,8,14,4,28,16,4,26,16,20,6,12,80,254,250,100,250,74,30,18,14,8,16,16,26,40,28,56,255,255,255,255,164,58,140,188,102,26,255,255,255,138,255,255,255,255,64,230,252,158,120,94,154
30,255,255,255,255,52,46,32,62,64,70,124,120,70,96,100,124,174,150,156,128,232,232,168,168,174,174,152,170,206,254,214,206,152,144,255,244,255,244,255,254,182,255,250,255,255,255,255,255,255,66,255,255,42,255,212,206,255,255,216,106,126,124,188,200,198,255,255,255,255,255,255,255,255,255,148,198,140,244,236,192,60,236,255,255,255,255,255,150,28,12,10,22,14,4,14,10,0,0,0,2,4,6,4,4,0,0,0,0,0,0,0,0,0,0,0,0,0,0,0,4,2,8,4,8,14,6,4,12,10,8,18,24,255,255,255,255,12,8,28,46,32,22,24,18,26,24,20,20,22,18,14,62,255,255,255,255,22,52,255,255,255,255,24,12,6,10,2,4,8,8,8,4,0,0,6,4,6,14,10,255,255,144,112,46,246,255,255,4,6,2,8,4,0,0,0,0,0,0,0,4,4,0,0,0,0,4,6,30,34,22,26,44,10,34,255,50,255,255,255,255,255,255,255,255,255,255,255,255,184,14,255,26,244,88,134,255,255,210,14,12,44,255,136,255,92,8,12,6,28,28,36,10,30,180,255,196,255,6,12,18,4,8,84,80,64,62,42,188,182,98,6,10,10,4,80,176,255,255,255,255,255,255,255,255,255,132,28,18,6,26,12,10,188,230,192,244,20,12,70,190,144,74,34,20,88,255,98,255,16,12,4,0,100,122,98,26,8,28,40,40,16,14,4,10,14,4,4,254,255,250,255,255,255,255,255,255,255,255,255,255,255,255,146,236,255,255,112,44,16,26,2,10,24,20,16,6,8,88,94,255,255,255,18,92,12,18,10,10,10,58,138,168,136,22,96,182,196,106,68,130,74,46,98,100,18,8,2,8,16,8,4,4,0,0,0,0,0,0,0,0,2,4,4,4,4,4,4,2,0,0,0,2,4,2,2,2,0,0,0,2,6,8,10,2,6,2,2,4,2,6,4,14,10,6,0,6,10,8,8,6,2,4,8,10,20,24,16,10,28,42,36,10,32,26,14,0,20,18,22,14,0,22,24,32,16,12,10,12,16,20,22,100,244,186,154,255,76,22,14,32,28,14,32,14,20,255,255,255,255,208,124,196,80,120,200,118,30,238,255,255,88,168,184,54,238,255,118,44,82,156,165
35,255,255,156,84,34,62,62,76,40,80,255,255,255,255,255,255,255,255,255,206,255,255,255,255,255,255,255,248,255,255,255,255,255,200,255,170,242,106,62,126,72,116,92,76,58,80,54,255,255,92,150,255,255,255,154,255,255,255,255,255,255,255,255,255,255,255,124,86,118,255,255,255,255,255,255,116,42,80,70,36,18,122,255,255,255,255,255,255,255,238,12,22,14,24,14,18,8,8,6,6,4,0,4,4,0,0,0,0,0,0,0,0,0,0,0,0,0,0,0,4,2,10,6,6,14,8,8,6,8,6,16,24,255,255,255,255,8,20,212,255,255,255,255,255,255,255,255,255,230,164,112,60,255,255,255,255,28,10,255,255,255,255,26,14,10,14,4,6,6,8,8,6,2,0,6,6,6,14,4,255,255,134,114,62,238,255,236,8,4,8,6,6,0,0,0,0,0,0,0,4,4,0,0,0,0,4,8,34,38,14,6,52,26,14,244,236,255,62,255,150,255,255,255,255,255,255,255,174,172,114,184,196,188,255,255,255,255,202,20,6,20,255,255,255,122,8,6,124,210,182,60,30,20,170,255,255,255,14,2,8,14,8,28,76,48,48,218,255,255,112,22,6,2,6,8,8,8,14,10,6,8,10,16,10,20,36,40,40,22,10,18,8,118,255,242,210,14,28,255,255,255,110,8,16,72,255,70,255,54,16,6,16,28,14,24,12,14,58,66,96,32,10,6,12,14,12,102,255,60,255,116,255,255,164,255,255,255,68,255,255,255,255,114,255,255,255,10,38,26,28,18,2,34,10,20,30,38,138,48,255,255,248,18,86,18,26,10,10,14,32,36,40,20,8,14,70,138,216,196,52,66,134,244,200,72,8,16,22,20,6,4,4,0,0,0,0,0,0,0,0,2,2,2,4,4,4,6,6,4,4,4,4,6,6,4,2,0,0,0,4,6,4,6,6,8,2,2,6,4,8,6,10,14,14,8,0,8,8,6,4,4,2,4,6,10,10,6,18,36,52,54,36,28,18,18,18,16,20,6,26,38,34,16,26,20,14,12,10,2,14,8,28,100,255,208,170,255,88,30,40,20,22,20,80,255,255,255,255,182,64,4,104,194,104,134,232,144,16,210,255,255,244,4,238,255,72,182,194,160,134,133
41,255,255,10,66,38,44,46,60,44,90,255,255,255,255,255,255,255,255,255,196,255,114,188,170,116,130,124,60,70,102,104,138,204,112,206,34,176,138,194,142,138,172,230,255,248,198,255,255,232,134,102,255,255,214,255,236,90,255,255,255,255,255,255,255,255,110,255,255,255,255,255,144,255,255,255,16,26,4,16,26,144,255,255,255,255,255,255,255,255,255,255,255,138,14,24,4,14,14,12,4,2,6,4,2,0,0,0,0,0,0,0,0,0,0,0,0,0,0,2,6,4,10,8,6,14,10,8,10,4,12,28,22,255,255,255,255,10,34,226,255,255,255,255,255,255,255,255,255,255,255,255,255,255,255,255,255,84,20,255,255,255,255,34,22,4,16,2,6,6,8,6,6,4,0,6,4,2,10,6,255,255,92,114,66,182,255,255,10,6,4,8,6,0,0,0,0,0,0,0,4,4,0,0,0,0,4,8,28,52,22,12,36,50,24,116,255,66,255,255,255,255,255,255,255,255,255,96,78,94,166,10,255,162,255,255,128,255,182,12,10,6,128,230,178,96,18,52,255,240,255,78,16,18,152,255,246,192,10,6,12,74,72,86,36,12,14,228,130,255,98,8,6,4,8,4,2,8,16,38,138,136,94,14,8,8,38,120,136,98,12,16,12,44,54,82,104,24,30,255,178,255,118,16,10,18,248,212,236,60,4,20,118,82,82,10,20,24,68,56,102,52,6,2,6,8,32,255,255,255,252,56,255,255,255,255,190,255,255,255,255,255,255,176,255,255,182,28,30,30,22,26,34,30,2,8,22,120,96,54,255,255,140,80,84,14,10,8,10,8,8,12,12,10,12,6,16,48,98,170,192,220,116,162,255,228,186,74,14,14,8,2,4,0,0,0,0,0,0,0,0,2,4,6,6,4,2,2,4,4,4,6,8,8,6,4,4,4,4,2,4,6,8,10,2,10,6,6,8,6,8,16,12,4,10,10,4,6,12,10,10,8,4,2,6,16,26,16,20,52,58,44,60,22,44,20,34,10,6,16,24,12,12,18,20,20,12,12,12,6,8,10,24,38,122,255,214,212,255,86,30,18,18,96,255,255,255,255,224,72,42,2,6,106,208,106,116,230,144,14,174,255,255,255,220,214,106,194,54,44,184,161
70,255,255,124,70,28,54,62,50,64,94,255,255,255,255,252,244,255,255,255,178,255,226,248,230,255,196,106,64,122,196,214,255,236,220,176,112,118,174,24,76,16,182,255,182,198,156,220,178,255,255,255,24,255,194,255,78,255,255,255,84,255,130,255,255,255,255,218,255,255,255,255,110,255,255,176,8,30,26,72,122,208,255,255,190,255,255,144,246,255,255,255,255,255,255,144,10,14,8,16,18,8,16,14,2,2,4,6,6,4,4,2,2,2,2,4,4,6,6,8,8,10,12,12,12,10,10,14,18,8,20,20,12,164,255,102,255,80,32,218,255,255,255,255,255,255,255,255,255,202,94,26,130,216,255,255,255,76,26,255,255,255,255,6,8,8,16,12,4,4,6,6,6,4,2,4,4,8,10,10,255,255,46,100,42,150,255,248,10,8,6,4,6,0,0,0,0,0,0,0,4,6,2,0,0,0,4,6,14,40,44,16,22,30,24,12,255,164,255,130,255,255,255,120,255,255,255,214,64,12,134,148,162,255,94,152,48,255,156,12,12,20,80,72,28,40,16,118,255,112,255,32,6,18,54,158,124,108,16,14,122,255,255,204,132,146,68,206,150,242,48,14,18,16,20,28,24,18,4,134,255,255,234,10,6,18,64,116,80,120,30,16,64,254,192,182,14,18,56,255,40,255,88,10,6,4,86,148,144,66,10,76,184,110,100,8,16,16,60,100,90,44,2,6,10,16,160,255,92,255,84,58,84,255,255,255,255,132,255,112,250,236,170,255,255,255,38,20,42,42,24,30,48,22,22,8,40,150,54,182,255,255,40,56,14,8,14,10,8,20,4,4,14,2,4,14,14,6,30,66,86,188,255,208,120,50,192,230,146,46,6,4,6,4,4,2,2,6,6,6,6,0,0,2,6,10,8,2,4,4,2,2,2,2,4,6,2,4,4,0,4,2,6,12,10,8,0,4,4,2,0,12,18,10,14,12,0,14,16,8,8,6,6,12,12,8,10,8,12,32,64,38,38,16,32,6,28,8,22,18,20,28,32,22,6,12,20,30,18,4,8,8,16,18,24,128,255,186,255,255,100,38,100,255,255,255,255,178,78,22,20,6,10,26,104,196,144,58,194,144,16,130,255,255,136,224,152,90,178,255,255,202
115,62,255,255,62,24,42,82,76,74,68,214,255,255,255,255,255,255,255,255,255,255,255,255,255,208,40,90,126,148,118,136,150,94,255,50,130,68,230,248,70,46,212,182,188,255,192,255,220,182,254,255,136,255,255,180,255,246,184,255,255,255,255,255,255,255,190,44,30,255,255,255,254,255,255,96,18,14,72,255,255,255,92,255,255,255,246,8,16,62,255,255,228,255,255,255,255,212,128,10,20,16,20,34,20,18,6,6,12,10,4,10,2,10,10,14,4,6,4,10,12,6,16,6,8,50,48,50,18,2,14,10,6,60,255,255,255,255,210,62,56,166,254,255,255,255,255,255,255,255,255,255,255,255,255,255,255,62,20,188,255,128,255,74,6,8,10,6,8,4,8,8,6,2,4,4,4,10,8,14,255,255,42,98,48,200,255,255,16,4,8,2,6,0,0,0,0,0,0,0,2,6,4,0,0,0,2,2,6,28,50,30,16,24,18,16,160,255,126,255,62,74,255,255,128,86,255,255,234,94,64,118,48,255,250,236,255,255,196,6,6,210,255,255,118,24,18,120,255,186,255,20,16,14,18,46,38,46,22,8,255,255,255,144,72,90,94,62,94,110,22,16,16,118,180,152,56,8,14,130,255,158,255,18,6,14,56,138,110,80,10,18,234,255,250,204,8,8,4,255,246,255,134,6,6,46,78,52,38,22,14,118,182,158,130,14,30,6,30,64,56,24,8,10,20,58,255,158,255,132,255,255,255,116,255,255,255,255,255,144,224,255,34,255,255,210,14,40,52,46,38,42,48,12,22,12,62,98,86,255,255,255,28,36,4,4,8,2,12,8,8,8,20,10,12,20,18,12,4,10,24,50,122,156,184,214,110,76,212,218,142,70,10,8,6,4,4,4,10,2,6,0,0,2,4,4,6,6,6,6,4,2,4,8,10,6,6,10,8,6,6,8,8,4,10,6,6,6,6,8,8,6,8,8,14,8,8,12,6,8,18,16,14,18,8,14,26,28,18,12,44,30,20,4,24,28,34,18,12,6,20,14,14,14,10,28,30,56,50,20,6,18,14,14,30,36,176,255,190,255,255,58,255,255,255,255,110,30,20,12,16,20,28,24,20,80,180,162,32,170,132,58,88,255,255,162,116,140,206,255,186,216
137,202,255,255,44,50,36,60,58,50,72,106,206,254,198,214,224,184,180,232,242,255,226,180,255,200,18,166,94,184,230,255,255,52,255,104,176,248,96,230,52,90,255,132,228,255,255,255,255,234,255,255,156,192,255,120,255,166,255,216,255,255,255,255,122,44,74,76,56,255,255,255,255,255,255,24,26,50,134,255,255,255,255,98,255,255,36,58,86,146,255,255,255,128,255,255,255,255,255,255,98,20,20,26,46,38,32,32,18,12,2,12,4,8,6,8,12,2,4,10,8,4,10,2,40,255,255,255,20,16,2,18,18,16,255,255,114,255,255,255,255,255,255,255,255,255,255,255,236,152,58,36,126,222,255,255,136,24,16,104,255,40,255,146,16,20,10,14,6,2,8,8,4,0,4,4,8,8,10,20,255,255,72,100,82,255,255,196,8,12,6,4,2,0,0,0,0,0,0,0,0,4,4,0,0,0,0,2,4,18,34,28,8,34,32,32,14,255,114,255,156,255,255,80,255,255,255,255,255,255,255,255,255,120,194,56,154,180,170,28,46,255,255,255,142,4,6,100,255,184,255,16,4,4,124,138,130,34,14,22,255,240,255,214,142,26,92,70,34,18,2,10,24,255,255,255,72,8,2,106,255,216,234,14,2,6,94,84,56,46,24,20,255,242,255,196,16,6,10,222,255,255,128,12,12,166,126,152,28,2,8,124,204,130,210,12,14,22,4,6,14,10,14,10,44,230,252,218,234,255,255,255,255,255,184,255,255,255,255,255,255,158,255,255,255,50,34,70,36,48,52,60,32,10,8,36,144,28,18,255,255,128,56,22,16,10,14,20,14,18,14,14,2,14,12,12,10,4,6,8,12,8,12,20,52,134,194,182,66,94,196,226,156,46,4,4,8,22,16,12,8,4,4,4,8,8,4,4,4,4,4,0,0,4,4,4,8,4,4,8,6,4,8,6,6,4,2,4,4,6,8,10,4,2,8,4,8,14,12,4,16,6,12,14,18,24,28,24,20,12,14,22,8,10,6,18,16,16,28,12,14,8,10,8,16,32,20,34,46,30,8,12,2,4,16,2,38,204,255,148,255,255,255,255,255,182,68,0,10,4,12,28,26,50,26,20,74,182,168,46,224,192,74,82,255,255,255,86,255,255,200,211
148,255,255,255,32,62,50,48,50,32,70,74,70,112,92,58,76,82,68,90,100,82,80,134,255,255,76,224,156,255,255,242,255,214,255,255,255,255,255,255,192,166,255,182,255,255,255,255,255,255,255,210,90,70,255,255,255,255,255,192,255,255,158,74,54,28,52,68,112,255,255,228,255,255,255,12,84,255,255,236,255,255,255,255,192,70,38,222,255,255,255,255,255,188,255,170,255,255,255,255,255,255,255,86,46,22,10,18,30,22,20,20,12,4,10,6,12,12,12,2,4,2,10,16,114,255,255,255,54,10,12,12,12,10,78,255,255,255,168,84,48,52,112,154,178,234,255,255,255,255,255,255,255,255,255,255,255,255,255,255,255,72,255,150,20,10,8,6,2,2,6,10,6,0,2,8,6,2,8,34,255,255,78,70,80,255,255,108,18,6,8,6,2,0,0,0,0,0,0,0,0,4,6,2,0,0,0,4,8,14,24,30,24,28,34,38,44,184,255,92,242,255,255,255,255,255,255,234,255,255,255,255,255,110,120,100,46,72,110,16,40,255,36,255,88,10,14,22,230,162,176,40,4,102,255,238,255,26,8,26,255,255,255,134,86,96,64,72,42,48,14,20,80,255,70,255,46,16,8,34,168,104,124,14,14,84,255,192,204,38,8,8,255,182,255,178,8,14,6,32,122,110,86,8,62,255,128,202,28,0,8,58,255,100,170,28,8,12,10,20,12,14,10,8,148,255,62,255,255,255,232,202,108,255,255,66,255,255,255,255,255,114,255,255,202,54,62,50,22,56,66,56,12,12,2,132,170,108,228,255,255,42,90,44,52,20,14,6,28,14,20,14,20,10,10,12,20,6,16,18,10,4,18,20,16,34,70,134,200,188,76,116,234,246,196,74,2,20,12,16,16,6,2,6,8,4,8,2,4,4,6,2,0,4,6,6,6,6,4,6,6,2,8,6,6,4,0,0,0,4,6,10,8,10,12,10,4,6,8,16,0,14,14,4,12,16,14,20,4,32,16,14,16,20,18,10,12,8,22,8,2,6,16,12,12,36,42,32,22,36,24,6,4,12,10,14,10,54,230,255,184,255,255,255,255,255,255,244,104,24,18,38,26,18,30,22,18,60,212,255,255,255,255,112,124,250,255,92,158,255,255,205
160,255,255,255,120,36,50,42,78,56,36,66,56,76,116,96,64,72,64,66,90,76,74,132,255,255,255,255,255,255,255,255,255,244,255,255,216,216,210,200,255,248,255,128,82,80,66,72,66,148,82,124,138,134,168,255,176,255,168,188,255,255,255,84,68,46,50,70,214,255,255,20,255,255,224,60,255,255,255,255,114,255,255,255,110,60,255,255,255,255,255,112,114,210,138,255,230,255,255,255,255,255,255,255,255,255,118,24,22,14,10,22,16,14,8,6,14,12,12,6,6,6,14,10,206,255,255,255,132,34,32,6,12,22,18,34,216,255,255,255,255,255,255,255,255,255,255,255,255,190,134,80,8,68,122,180,240,255,255,255,255,255,255,80,14,4,2,14,6,2,2,10,10,2,0,8,6,2,0,80,255,240,56,40,62,255,255,32,12,6,12,6,4,0,0,0,0,0,0,0,0,2,6,4,0,0,2,8,4,2,24,42,32,2,20,24,14,36,255,138,255,192,255,102,255,230,255,255,160,255,255,255,104,168,32,188,108,140,108,14,54,255,58,255,40,16,10,6,54,64,68,34,8,248,255,255,255,28,26,8,144,210,210,92,54,110,66,204,234,150,36,16,100,255,156,255,12,24,6,12,62,46,54,14,6,222,255,222,230,12,8,8,255,255,194,255,32,4,80,160,130,46,30,36,92,255,122,254,8,4,14,12,122,144,132,24,10,12,16,6,18,6,2,80,255,98,255,60,255,255,255,255,255,255,255,255,255,232,255,255,152,255,255,255,30,38,54,56,38,72,94,62,12,12,58,150,62,108,255,255,204,66,102,30,56,40,18,22,6,26,2,16,22,20,32,2,18,4,10,6,4,12,2,12,8,6,26,30,66,154,224,166,66,136,255,244,104,48,6,14,12,12,10,8,4,4,4,2,2,2,6,6,2,2,4,2,4,8,4,4,4,0,6,4,4,2,0,0,0,4,4,6,6,12,12,14,6,6,8,10,20,10,10,12,4,42,34,16,6,14,12,8,16,18,10,6,10,4,14,4,4,8,10,14,16,4,18,18,18,42,54,28,18,12,24,12,8,18,70,228,255,255,255,255,150,255,255,255,255,255,90,22,24,26,2,12,54,255,255,255,255,255,255,255,255,255,188,134,255,156,72,166
183,255,232,255,255,4,46,28,44,62,32,54,70,54,74,86,62,66,76,54,66,96,96,72,144,255,248,192,242,142,144,46,92,70,72,108,126,128,128,120,150,128,184,184,252,255,240,202,244,255,230,255,255,255,255,255,236,122,190,255,106,255,255,148,62,60,56,72,255,255,255,210,255,255,114,156,255,255,198,214,255,255,212,64,78,255,255,255,244,255,255,134,255,164,255,248,255,255,255,255,255,255,255,255,255,255,255,255,255,74,28,22,14,4,12,16,10,2,4,6,10,10,12,8,255,255,216,255,238,38,34,8,6,12,6,16,4,14,4,14,26,50,92,136,178,242,255,255,255,255,255,255,255,255,255,255,255,255,255,255,255,255,255,20,16,6,12,8,4,2,2,8,10,4,0,4,4,6,4,150,255,208,64,12,70,255,246,6,6,10,4,2,4,0,0,0,0,0,0,0,0,0,4,6,2,2,6,4,8,12,24,44,42,12,16,38,12,20,122,255,88,126,255,255,255,255,255,74,255,255,255,106,26,84,140,52,206,34,176,78,24,255,188,255,108,18,14,154,255,212,78,10,16,246,255,255,255,8,8,12,44,80,68,32,12,8,255,255,255,180,12,26,68,255,160,248,14,6,12,100,164,106,44,6,10,255,255,255,204,12,16,2,100,255,196,222,76,30,252,255,255,108,4,16,84,255,122,238,24,8,6,6,4,20,34,32,14,20,16,6,20,10,76,246,234,182,166,255,255,255,255,255,255,86,255,255,255,255,156,160,230,255,255,130,24,20,66,56,48,114,106,38,8,8,62,118,80,90,255,255,40,92,144,78,36,6,22,12,22,16,42,18,48,84,82,112,64,20,2,14,10,16,14,20,8,8,8,12,8,42,112,166,255,255,132,152,202,200,116,30,16,10,6,4,2,2,4,4,2,0,2,6,6,2,0,4,2,6,2,2,4,2,4,0,0,0,0,0,0,4,6,0,6,8,8,12,8,10,18,16,16,10,8,10,28,78,62,72,24,20,24,14,8,18,16,10,8,8,18,2,10,14,2,4,8,22,28,38,24,14,36,28,24,20,10,18,4,16,24,48,232,255,255,234,255,255,58,255,255,255,255,255,82,50,24,76,255,255,255,255,255,255,255,255,255,220,72,255,255,254,186,132
190,255,255,255,255,60,46,32,20,52,62,36,54,52,66,164,168,138,66,186,196,162,186,255,220,126,255,255,255,255,255,255,255,126,76,255,216,194,255,255,255,255,255,255,255,252,255,255,160,154,255,255,255,255,255,84,255,142,255,160,255,255,255,255,82,70,48,68,255,255,255,255,255,255,94,255,255,188,255,255,255,255,54,82,255,255,255,202,224,255,74,164,255,255,152,255,255,224,255,255,34,44,178,255,255,255,255,255,255,255,255,255,142,26,10,0,20,28,16,4,6,14,14,10,255,255,168,255,255,20,0,16,8,18,24,12,12,4,6,20,20,8,10,14,20,8,10,6,10,12,4,26,64,98,136,190,238,255,255,255,255,182,22,12,6,18,8,6,4,4,2,8,8,4,0,0,0,8,2,218,255,112,64,22,100,255,214,8,14,2,6,6,4,0,0,0,0,0,0,0,0,0,2,6,4,4,6,2,8,4,12,36,42,20,10,38,30,12,20,214,138,220,252,255,255,122,255,255,255,184,32,50,14,36,110,92,90,158,50,160,54,178,242,206,72,22,46,255,255,255,118,28,14,238,255,255,255,18,8,8,74,66,54,14,2,24,255,184,255,202,12,18,4,166,162,162,30,10,44,255,216,255,62,14,18,255,255,255,255,30,10,4,38,68,130,158,66,26,255,166,255,128,16,4,28,230,176,176,44,6,6,30,30,38,16,6,2,20,10,26,14,30,172,190,100,255,64,255,255,255,255,255,234,255,255,255,255,255,255,38,255,255,255,42,26,56,68,8,94,124,78,18,12,18,46,76,16,255,255,255,122,96,182,22,58,40,32,48,6,32,24,22,42,62,60,96,86,86,104,88,12,8,14,12,2,0,6,4,8,8,16,40,108,206,222,136,22,112,188,182,104,36,14,8,10,6,6,8,4,0,0,2,6,4,2,6,2,6,4,4,6,4,6,4,4,4,2,0,0,2,6,4,6,8,8,8,4,8,12,20,20,8,14,16,28,80,40,40,32,20,18,6,24,22,22,22,16,8,12,6,6,12,2,12,20,14,18,8,14,20,8,28,66,66,24,12,14,10,4,40,42,255,255,255,120,255,255,255,28,255,255,255,255,255,128,255,255,255,255,162,255,255,160,255,255,255,255,255,54,255,218,138
185,255,255,255,255,156,32,30,22,26,46,24,38,56,255,255,255,255,255,255,255,255,255,255,255,222,255,255,255,255,255,230,255,216,166,255,48,44,212,102,66,68,194,36,52,72,82,152,18,86,66,244,255,242,255,255,255,255,255,255,255,255,255,255,72,78,30,120,255,255,246,255,255,255,255,255,255,70,255,255,232,90,194,255,255,255,202,82,130,248,255,255,255,255,255,150,255,255,255,58,34,32,18,20,34,30,174,255,255,255,255,255,255,255,254,44,20,22,6,14,14,14,16,14,255,255,80,255,255,14,6,10,16,22,10,10,8,14,14,10,18,6,12,6,10,8,6,20,26,20,14,6,8,14,12,12,8,22,20,12,10,14,20,22,10,22,6,12,4,4,0,8,8,4,0,2,2,4,14,255,255,66,90,48,110,255,198,6,6,4,4,4,2,0,0,0,0,0,0,0,0,0,0,4,4,4,4,4,8,6,6,30,48,38,16,28,12,14,24,76,230,56,174,255,255,255,255,255,54,68,68,124,24,58,48,148,84,128,128,86,144,78,20,62,68,44,166,255,82,255,106,16,18,94,255,192,202,8,2,104,255,224,172,14,14,30,255,228,255,112,20,22,12,34,34,62,30,10,174,255,216,255,42,20,6,200,255,255,254,28,8,72,236,192,130,20,26,56,255,46,255,74,8,12,8,46,94,86,38,8,56,120,86,50,18,10,2,16,28,14,22,160,206,66,248,140,110,255,255,130,255,255,255,255,255,255,255,255,144,255,255,255,62,74,46,66,22,58,98,82,64,26,18,44,32,26,126,255,255,255,36,192,88,74,38,30,20,30,12,22,16,14,36,54,50,38,42,110,104,138,92,70,52,24,14,4,2,10,6,6,4,16,14,12,88,154,172,122,20,150,208,166,104,30,10,6,4,10,4,0,0,0,4,4,4,6,6,12,10,8,8,4,8,8,8,8,6,4,2,4,6,2,6,12,14,12,14,12,4,14,10,14,8,30,10,72,80,56,36,16,24,2,32,36,16,4,18,8,12,4,4,14,4,14,10,24,24,18,12,8,24,54,78,132,78,18,4,12,12,32,12,60,255,255,255,214,255,255,255,255,50,255,255,255,255,255,255,255,255,255,255,255,255,255,255,255,255,255,255,255,26,159
192,255,255,114,255,255,54,10,2,12,24,28,22,78,255,255,255,255,255,255,172,255,226,255,255,178,255,254,166,176,186,192,255,226,200,255,108,86,255,255,255,255,255,255,255,255,255,255,255,255,255,255,255,255,255,255,255,255,136,230,255,255,255,210,56,100,50,206,255,255,114,255,255,255,255,255,255,255,255,255,22,126,255,255,255,186,255,136,246,56,255,255,255,255,255,255,255,255,24,2,12,16,18,24,6,14,18,38,82,244,255,255,255,255,255,255,255,254,94,6,24,26,28,6,255,255,154,255,255,126,42,6,18,14,16,26,30,24,28,20,10,24,14,10,10,4,8,12,18,16,14,10,8,4,8,16,18,12,4,14,28,6,12,4,24,18,6,12,4,10,6,10,8,6,4,6,8,14,34,255,254,46,60,30,94,255,190,2,6,4,4,4,2,0,0,0,0,0,0,0,0,0,0,4,6,6,6,4,8,4,4,20,36,34,18,20,8,24,46,14,178,150,182,18,255,184,132,114,64,116,102,78,70,76,48,80,146,22,122,92,92,158,154,64,22,14,172,255,240,255,46,14,12,12,124,120,116,14,12,255,255,255,202,2,6,16,255,244,255,84,24,8,110,216,176,82,14,20,214,255,248,255,4,6,22,64,255,202,194,46,20,246,255,255,178,14,32,22,255,200,255,96,10,22,50,56,42,22,16,14,86,124,124,84,6,10,12,6,16,18,120,196,28,152,220,255,255,92,255,255,255,102,255,255,255,255,244,200,122,255,255,255,56,50,54,58,46,92,82,60,54,44,46,48,40,90,255,255,255,230,108,170,62,42,52,24,36,10,14,6,8,4,50,48,8,24,42,28,52,40,90,148,196,98,12,22,16,12,12,10,12,8,14,22,20,36,88,160,188,114,26,144,194,162,86,20,10,2,8,8,2,4,2,10,12,8,4,10,10,4,2,4,4,2,6,8,6,2,6,8,4,6,6,6,8,2,10,14,8,10,2,16,22,24,30,24,58,40,26,6,20,22,8,26,26,12,10,8,4,8,10,6,8,12,6,12,16,6,18,22,26,58,246,255,255,200,6,8,12,26,10,32,92,255,255,255,255,254,255,255,255,255,108,255,255,255,255,255,255,255,255,255,255,255,255,50,255,255,255,252,196,183
186,255,255,255,255,255,60,24,18,8,16,12,28,86,255,255,218,255,188,255,255,255,255,255,255,255,255,255,255,255,255,255,255,196,146,255,255,244,255,255,255,255,255,255,255,255,248,240,255,255,255,222,186,178,180,92,255,255,236,216,255,255,255,166,36,92,98,255,255,255,16,255,255,255,255,200,255,255,255,48,196,255,255,255,174,255,160,255,132,255,255,255,255,240,255,255,255,14,22,6,10,4,14,34,26,10,14,14,8,28,26,36,212,255,255,255,255,255,255,255,255,148,48,18,255,255,196,255,255,255,255,255,255,255,255,254,255,255,255,236,214,190,144,104,76,52,28,10,18,14,18,12,12,8,18,10,14,16,12,2,16,4,14,10,0,6,4,12,12,8,6,10,6,4,6,2,10,16,124,255,220,32,16,20,96,255,164,12,4,14,8,10,8,0,0,0,0,0,0,0,0,0,0,2,6,8,6,0,6,8,4,18,24,20,8,12,20,14,44,32,56,206,38,212,58,204,116,78,78,112,108,26,54,62,80,8,148,130,12,136,176,26,166,80,6,12,146,255,234,255,22,2,24,92,112,62,44,26,18,255,240,255,204,4,2,12,154,214,140,92,4,32,255,255,255,82,12,20,214,255,202,255,26,12,10,56,92,14,96,40,16,255,255,255,188,24,36,4,190,248,246,80,14,28,98,68,94,24,14,20,96,154,84,134,10,8,16,4,24,108,152,34,110,255,255,255,255,255,196,255,255,255,84,255,255,116,255,104,255,255,255,18,32,58,76,34,68,86,70,76,32,36,72,62,36,172,255,255,255,170,168,148,60,38,24,14,44,8,6,24,10,20,44,60,30,42,28,28,16,58,128,174,250,196,10,4,12,24,36,32,14,14,12,16,18,20,22,56,124,180,166,68,56,148,182,146,66,10,12,14,8,10,6,8,14,10,2,8,14,12,6,2,4,6,8,10,8,8,8,2,4,6,6,4,2,10,14,12,6,10,2,14,8,16,30,10,32,24,12,18,12,16,16,12,16,10,8,4,24,22,8,14,16,8,10,20,14,14,18,12,90,255,255,255,255,255,180,8,4,18,34,32,40,102,255,255,255,255,130,255,255,255,255,255,94,100,255,255,255,255,132,132,255,255,255,255,255,186,255,255,255,193
198,108,255,255,255,255,228,20,20,32,24,20,40,64,255,255,255,255,255,255,255,255,255,255,255,255,255,255,255,255,255,255,255,170,102,224,255,236,216,168,154,172,136,56,82,78,34,48,108,134,82,52,22,16,16,94,255,255,255,162,255,255,255,102,26,46,146,255,255,255,164,255,255,255,255,255,255,255,42,164,255,255,188,250,255,164,222,180,255,255,255,255,214,255,255,212,14,20,22,22,26,14,12,4,12,24,6,22,36,16,12,22,14,42,100,234,255,255,255,255,255,255,255,255,255,255,208,255,255,255,255,255,255,255,255,255,255,255,255,255,255,255,255,255,255,255,255,255,255,255,255,255,255,210,160,128,96,62,38,14,16,14,14,2,6,8,10,10,16,14,6,6,8,8,10,6,14,12,224,255,98,42,36,34,92,230,184,8,8,10,16,2,8,0,0,0,0,0,0,0,0,0,0,0,4,8,6,2,4,10,2,18,28,26,16,20,4,32,22,32,22,104,208,54,136,104,132,114,92,86,68,14,36,44,26,50,94,216,174,8,228,150,114,132,46,14,36,255,212,240,54,16,120,255,255,232,16,6,10,255,255,255,162,4,6,8,62,48,74,68,28,116,255,128,255,66,10,2,80,255,228,255,66,18,60,255,174,190,36,18,8,255,178,255,154,8,18,12,52,62,92,28,20,38,188,98,126,16,14,8,42,170,50,104,32,6,10,30,104,118,42,174,255,255,255,255,255,255,255,255,82,255,255,255,255,255,204,255,255,255,96,70,34,68,44,30,78,92,80,58,44,114,100,72,32,255,255,255,214,120,216,130,22,40,42,32,28,14,12,16,14,16,28,64,28,50,74,12,42,86,66,100,190,192,12,20,16,28,40,48,34,16,22,14,8,12,8,16,34,68,124,166,140,62,76,202,202,102,16,16,6,26,22,6,10,8,14,6,6,8,8,2,8,0,4,10,2,10,6,6,2,8,8,0,8,12,10,4,6,6,8,10,10,18,10,6,8,6,4,4,10,10,8,14,14,10,14,6,50,30,30,2,12,18,42,30,28,20,86,232,255,255,255,255,255,255,255,144,10,6,18,4,34,32,154,255,255,255,234,50,126,255,255,255,255,255,255,255,255,112,2,24,50,202,255,255,255,255,216,255,255,149
192,28,255,255,136,255,255,30,10,28,18,6,80,236,255,164,144,172,58,120,144,72,126,86,36,22,84,16,34,18,16,46,18,42,32,30,36,18,10,8,24,24,50,28,20,8,20,36,28,54,74,36,4,22,26,176,255,120,255,255,196,255,255,52,62,192,255,255,255,158,255,255,255,255,255,255,255,58,154,224,255,74,40,126,224,255,154,255,255,248,255,124,255,255,154,8,10,10,4,16,12,22,16,4,12,18,20,32,26,28,6,28,32,52,174,174,172,56,172,255,255,255,255,255,255,108,255,126,120,255,60,255,116,230,255,255,255,255,255,255,255,255,255,255,255,255,255,255,255,255,255,255,255,255,255,255,255,255,255,255,255,255,214,150,78,18,14,22,24,14,12,10,16,16,10,10,10,82,255,212,44,42,80,52,48,206,208,32,12,16,2,12,8,0,0,0,0,0,0,0,0,0,0,0,4,8,6,2,4,12,12,6,22,34,30,12,24,12,22,16,12,20,184,160,130,136,26,100,118,26,100,90,68,60,66,108,190,22,200,110,68,156,62,128,134,14,8,48,76,100,24,14,255,255,255,250,2,14,18,252,255,255,146,6,6,116,206,150,82,34,18,108,255,126,255,16,18,14,10,174,234,218,40,10,182,255,196,224,8,22,8,255,255,255,196,12,8,36,86,48,46,30,18,46,238,144,190,10,18,12,10,82,94,106,14,14,48,126,122,26,124,70,255,255,255,255,255,255,255,255,255,255,255,255,255,246,164,255,255,224,92,62,50,44,14,80,114,120,52,70,154,140,52,66,122,255,255,182,146,192,248,52,26,34,28,62,36,6,10,12,28,18,16,68,50,68,104,50,26,68,42,66,174,168,20,24,22,42,46,82,138,112,30,4,22,10,2,10,8,28,54,94,128,174,144,12,162,212,154,56,12,10,8,18,14,22,4,8,6,8,4,2,6,6,4,14,0,8,4,8,10,8,16,8,14,14,8,2,8,8,12,8,10,12,8,8,4,10,10,10,4,4,14,18,14,4,18,16,42,24,30,36,24,16,26,24,36,246,255,255,255,255,255,168,178,255,255,255,114,12,12,12,20,10,36,190,255,255,255,166,188,38,124,255,255,255,255,255,94,4,12,34,14,38,88,255,255,255,255,255,102,64
197,8,140,255,255,255,255,56,8,10,24,36,255,255,255,255,255,255,255,255,255,255,255,255,255,255,255,255,255,255,255,255,255,255,255,255,255,255,255,220,255,255,255,196,240,252,188,118,182,194,92,46,36,48,30,255,255,126,255,255,64,255,255,8,84,255,255,255,255,110,212,255,255,238,188,198,54,255,255,255,166,244,154,220,138,50,255,255,255,255,255,255,255,108,34,16,6,4,14,24,20,36,36,24,28,18,20,32,58,56,32,42,34,255,255,160,255,255,255,255,255,255,218,254,255,255,255,136,248,255,182,255,228,255,100,244,255,204,78,66,48,34,20,36,60,82,116,154,196,228,242,255,255,255,255,255,255,255,255,255,255,255,255,224,150,66,22,16,22,24,22,26,42,72,98,108,122,255,255,98,28,30,82,32,24,164,240,76,14,10,10,4,2,0,0,0,0,0,0,0,0,0,0,0,4,6,6,8,10,10,14,10,10,32,38,16,6,6,10,24,14,24,40,212,78,112,84,38,126,50,38,72,44,150,26,14,102,162,104,255,255,36,180,90,96,90,186,216,194,52,20,8,255,255,255,255,18,14,4,68,184,144,100,10,18,255,244,250,106,4,12,112,255,170,255,58,14,10,58,98,40,66,32,26,255,248,255,196,18,4,14,146,255,240,160,42,14,150,148,122,68,24,22,78,252,44,250,20,6,4,10,18,22,22,16,38,118,96,64,138,68,14,255,255,255,255,166,255,255,160,255,255,230,88,146,48,255,255,255,84,106,76,44,26,54,102,128,78,54,118,94,2,76,18,255,255,162,184,150,255,174,2,12,14,28,36,40,14,14,8,22,12,8,38,6,30,72,100,48,94,74,98,124,104,14,8,24,52,110,92,118,220,236,110,24,6,2,4,2,6,4,22,44,126,206,182,80,78,202,188,120,34,22,12,16,20,6,6,4,4,2,4,2,8,2,14,0,6,6,4,14,2,16,10,12,10,6,8,10,6,14,8,10,16,12,18,18,8,6,14,8,8,14,10,4,4,18,18,38,36,4,34,14,28,66,208,255,255,255,255,255,255,98,54,66,255,255,255,255,68,6,12,8,8,22,46,214,255,255,255,58,66,24,76,142,255,255,86,20,46,36,20,12,24,18,24,134,255,255,255,255,31
189,2,66,255,255,255,255,216,12,30,20,50,255,255,255,255,255,255,255,255,255,255,255,255,255,255,255,255,255,255,255,255,255,255,255,255,255,255,255,255,255,255,255,255,255,255,255,255,255,255,255,124,26,16,28,255,255,96,255,255,190,255,198,8,120,255,255,255,184,104,255,255,255,255,164,84,44,255,255,255,255,255,255,138,255,255,255,255,255,255,255,255,70,16,18,18,20,8,10,54,130,156,132,90,232,255,254,210,255,255,255,255,78,255,90,134,255,226,255,255,140,255,255,255,255,232,255,255,255,124,234,255,255,255,226,255,250,112,20,34,36,36,46,56,62,76,80,76,84,94,90,82,86,88,98,130,182,255,255,255,255,255,255,206,116,34,16,4,16,52,96,142,196,242,255,255,255,255,204,50,42,36,48,8,30,102,214,98,14,10,6,6,2,0,0,0,0,0,0,0,0,0,0,0,4,6,4,12,10,6,12,18,4,20,36,26,18,8,10,22,18,20,36,86,184,46,118,46,78,100,88,110,112,132,156,118,68,62,255,255,255,255,44,138,62,60,255,142,254,84,16,16,255,255,255,255,8,16,20,56,68,32,44,10,32,255,102,255,80,14,16,20,255,255,255,58,12,60,255,168,208,44,20,2,255,236,255,208,10,8,4,14,58,74,76,30,24,242,72,194,26,12,16,32,250,142,192,62,2,6,10,8,4,8,24,82,60,58,112,44,46,58,255,255,255,255,158,255,255,255,255,255,255,198,138,255,255,255,116,154,142,52,34,54,82,114,96,14,74,46,50,72,44,160,255,255,208,200,255,255,70,14,12,14,34,26,16,20,2,18,38,18,24,38,48,92,255,226,84,24,48,94,180,78,4,10,6,8,56,166,222,92,140,255,255,96,6,12,4,2,4,4,10,28,88,152,198,160,14,114,206,220,118,44,6,10,2,2,2,2,6,6,2,4,4,12,4,2,4,4,14,2,8,6,8,8,6,8,12,4,12,10,4,6,6,8,8,12,10,6,0,6,8,8,6,4,18,18,18,20,16,14,76,255,255,255,255,255,255,255,92,56,64,54,50,46,255,255,255,255,42,14,14,6,4,36,48,255,255,255,255,84,72,84,186,170,76,28,42,38,6,10,16,22,38,20,18,58,198,255,255,117
189,10,26,255,255,28,255,255,38,30,14,68,255,255,255,132,255,198,136,72,192,255,255,255,76,255,236,232,255,186,255,255,255,114,255,255,255,140,255,182,142,118,246,255,255,255,255,236,255,255,255,255,26,16,118,255,255,254,80,214,255,255,118,80,124,255,255,182,204,96,255,255,255,255,82,60,42,242,255,192,255,255,246,188,255,46,255,255,255,255,255,24,40,80,116,150,204,194,176,248,255,255,255,196,255,246,255,255,255,255,255,255,176,255,70,180,255,255,255,170,255,255,222,255,255,255,255,172,196,255,255,255,255,255,255,140,128,90,18,30,32,30,42,30,32,54,40,26,36,52,52,42,64,98,92,134,255,255,255,255,255,255,198,122,46,40,102,150,218,255,255,254,250,230,180,144,124,64,18,70,36,10,20,26,34,102,196,100,10,6,6,4,2,0,0,0,0,0,0,0,0,0,0,0,2,6,6,14,18,10,2,18,16,8,20,24,8,12,16,30,10,8,28,4,96,164,8,96,70,98,196,52,116,120,104,96,36,38,255,255,255,255,255,16,94,130,255,224,255,42,2,10,158,255,255,255,40,6,126,255,212,152,24,10,52,255,36,255,52,22,6,26,70,130,146,60,10,170,255,202,244,22,18,0,210,255,220,212,8,10,62,138,132,74,16,12,32,252,68,255,26,24,16,8,102,140,146,40,22,12,22,18,16,38,88,68,48,38,78,150,160,156,255,255,100,255,255,14,62,255,255,255,255,142,224,255,255,14,210,118,202,96,24,68,112,104,34,20,56,66,36,24,76,255,224,204,218,255,255,255,52,16,4,24,24,22,4,16,10,10,30,26,22,54,48,106,255,255,255,94,20,72,172,60,14,10,6,10,14,34,148,255,255,78,218,255,238,94,6,10,8,6,8,12,8,30,100,178,176,128,30,162,255,212,84,4,14,0,0,4,4,4,6,2,4,6,12,6,2,14,12,2,4,2,4,6,4,4,8,10,14,24,10,14,14,18,12,10,12,10,12,20,24,16,10,4,18,2,14,66,122,255,255,255,255,255,255,255,138,64,44,62,78,54,38,36,44,255,255,255,255,16,16,12,4,6,30,60,255,255,255,255,106,190,138,54,26,28,8,16,18,20,14,8,22,14,12,8,12,108,255,203
200,26,14,234,255,255,255,255,22,12,24,32,255,255,255,255,255,255,255,255,255,255,255,255,44,255,255,255,255,255,255,255,255,255,255,255,255,255,255,255,252,142,255,255,255,255,255,255,255,255,255,216,134,218,255,255,255,255,210,255,255,255,255,255,255,255,255,224,90,18,184,255,255,255,255,255,255,255,208,255,255,52,255,255,252,255,255,118,255,255,212,240,255,255,252,255,255,255,255,180,255,220,255,174,238,76,100,30,255,255,255,255,216,255,126,255,192,255,255,228,255,255,255,255,255,255,255,188,236,255,130,60,92,90,34,10,22,50,66,34,18,36,40,14,24,52,46,42,58,74,68,60,100,128,84,104,255,255,202,88,50,22,112,178,232,255,255,255,255,255,176,110,54,34,16,52,82,92,54,60,64,36,38,34,32,72,162,114,4,8,8,0,2,0,0,0,0,0,0,0,0,0,0,0,0,2,4,12,18,16,10,6,16,10,2,26,14,6,2,14,18,20,16,16,8,126,138,54,122,40,212,158,38,30,50,102,60,94,198,255,255,255,255,255,34,90,220,188,122,32,18,26,44,190,172,164,38,30,255,255,255,174,14,6,30,255,202,255,92,14,2,92,152,116,54,20,10,206,255,255,255,12,2,8,64,255,184,192,22,18,150,192,180,94,12,8,20,255,72,255,70,18,32,14,16,28,32,26,16,12,18,20,60,70,38,26,42,54,104,94,40,114,66,255,255,56,255,255,255,255,255,255,255,174,255,255,104,255,158,98,236,232,108,98,118,68,22,58,72,66,60,64,190,172,146,255,255,255,255,146,24,18,12,32,20,14,8,12,16,4,8,6,24,76,40,110,255,255,255,108,120,176,158,26,12,8,2,12,8,10,6,48,178,255,255,16,255,255,208,62,2,12,12,16,16,12,14,72,118,162,224,158,58,216,236,160,46,2,0,4,4,4,8,6,2,16,18,16,12,22,10,4,2,2,6,10,8,0,6,18,4,16,4,10,10,14,12,6,4,6,6,20,24,18,18,14,32,66,194,255,255,255,255,255,255,224,104,64,90,74,54,66,86,54,40,46,28,96,255,255,255,234,8,14,10,8,10,28,76,255,255,255,255,108,38,22,16,12,14,18,26,26,12,6,24,26,10,4,22,20,48,215
169,255,22,120,255,255,255,255,142,34,22,24,74,255,255,255,255,255,255,255,204,255,255,255,255,50,222,255,248,174,154,82,255,136,255,230,255,194,255,255,255,255,255,255,255,255,255,255,255,222,204,255,255,255,255,255,255,252,200,60,158,244,255,255,255,255,255,186,114,74,222,255,255,255,255,255,255,255,255,255,255,255,255,244,255,88,255,208,255,255,255,255,255,255,162,255,218,114,255,186,255,202,255,90,176,88,170,255,255,255,255,255,220,255,255,126,198,255,255,198,198,186,70,52,52,50,28,92,106,116,12,38,28,26,48,44,48,74,48,30,40,76,128,182,255,255,255,160,62,80,86,88,120,124,78,70,212,255,255,50,8,58,198,255,255,255,194,104,54,34,68,90,58,76,46,62,72,38,30,62,58,36,40,32,26,52,172,138,18,8,4,2,2,0,0,0,0,0,0,0,0,0,0,0,0,0,0,6,12,16,14,12,16,16,8,16,20,10,30,36,18,4,4,16,16,38,154,92,112,98,126,122,108,190,164,114,56,255,255,118,255,255,255,255,198,74,4,28,18,32,48,32,120,126,88,58,18,18,255,168,255,164,10,18,8,192,248,216,78,10,40,255,160,206,64,22,2,214,255,206,255,10,12,2,54,46,58,76,20,16,248,160,230,104,22,26,10,198,238,210,84,8,8,58,30,38,10,12,12,28,20,10,42,18,52,34,22,108,34,102,134,118,42,114,255,255,255,168,176,255,255,255,128,255,255,132,228,206,152,136,164,194,196,158,126,60,76,114,124,96,66,140,255,132,164,255,255,255,162,10,28,8,16,8,24,18,24,2,26,12,14,24,38,56,64,48,250,255,184,150,72,224,152,12,10,8,8,2,8,8,10,4,16,68,248,255,214,86,255,255,150,40,20,8,4,6,4,14,34,58,142,242,198,50,120,255,250,128,30,2,10,2,12,12,8,26,8,24,26,24,16,10,4,2,4,4,8,6,6,14,8,30,24,34,30,4,14,20,12,10,10,20,14,20,22,116,255,255,255,255,255,255,255,228,66,40,90,84,92,88,56,76,70,28,20,22,84,100,78,255,255,255,130,8,0,6,4,14,30,102,255,255,255,255,14,14,24,10,10,8,22,38,20,12,6,24,16,32,18,4,10,221
89,255,64,78,255,255,98,255,255,40,36,18,14,28,18,24,46,34,32,28,146,255,255,122,174,162,255,255,255,255,255,255,255,255,255,194,255,255,255,255,244,250,176,116,108,134,255,255,255,255,255,255,255,255,210,222,214,82,174,156,255,255,255,174,255,255,255,146,16,228,255,255,255,255,74,255,255,255,156,255,255,252,255,255,94,255,255,255,22,255,255,255,206,255,210,255,255,255,255,255,255,255,255,255,255,255,255,255,114,112,94,62,68,62,238,230,248,122,18,4,10,36,30,52,58,48,54,32,20,2,22,18,16,40,72,64,62,52,20,48,62,148,255,255,255,255,255,255,152,84,100,84,88,102,82,62,118,255,255,126,2,68,196,224,120,36,26,68,68,70,74,46,28,34,54,72,58,26,38,52,26,12,30,30,36,10,148,154,36,10,10,4,2,0,0,0,0,0,0,0,0,0,0,0,0,0,0,4,8,18,24,14,12,18,10,12,16,22,16,20,32,8,6,12,20,30,38,156,54,76,44,186,174,34,196,146,120,255,255,255,255,255,255,255,92,112,86,24,34,16,34,92,255,176,228,28,14,24,255,124,255,114,16,10,12,52,58,80,48,12,124,255,174,255,30,8,10,102,255,222,255,40,18,58,176,118,110,6,8,18,255,132,255,110,12,8,8,40,132,134,70,6,42,128,88,60,0,22,42,88,58,54,48,16,62,58,36,96,50,68,36,40,48,28,24,255,255,255,255,255,255,94,255,255,172,132,92,48,82,110,138,110,184,192,126,72,98,76,38,16,46,170,118,255,40,255,255,255,40,32,14,6,12,26,46,22,16,10,20,10,6,16,34,60,96,52,86,44,62,90,36,156,116,16,8,4,8,2,16,8,4,6,18,16,6,118,255,255,148,148,255,255,140,26,22,16,6,4,6,16,40,106,170,210,170,66,246,255,228,84,14,8,8,10,20,10,16,22,24,10,10,12,10,6,2,6,12,8,8,14,12,22,10,16,18,12,34,22,20,12,42,76,114,212,255,255,255,255,255,255,255,186,72,22,70,104,106,74,58,68,24,20,30,22,12,208,255,255,255,248,255,255,255,130,2,16,10,12,30,50,134,255,255,255,188,8,20,20,6,8,2,16,14,8,8,12,12,8,24,46,144,218
96,255,58,32,255,255,255,255,255,255,38,8,6,26,20,18,46,30,10,20,182,255,255,255,255,255,118,255,255,255,204,255,255,138,255,98,255,114,255,255,222,255,255,255,255,255,255,255,255,255,255,168,84,154,192,136,222,130,255,112,194,255,255,170,255,255,255,152,10,234,255,255,255,255,128,255,188,255,204,255,236,255,255,255,255,255,255,255,255,255,248,255,255,255,255,240,255,255,206,138,255,255,255,122,116,134,130,24,34,12,42,46,80,62,58,14,18,34,52,38,46,42,48,54,48,30,38,22,40,42,42,46,40,46,42,32,48,38,34,62,44,150,255,255,255,255,255,255,255,88,108,90,94,122,88,66,92,176,255,202,24,40,222,255,200,116,136,168,184,144,126,46,36,16,22,50,38,18,20,38,32,22,36,26,38,30,110,168,58,4,6,4,2,0,0,0,0,0,0,0,0,0,0,0,0,0,0,2,4,16,32,26,2,14,10,8,10,26,26,22,18,12,6,6,14,32,32,70,134,38,58,62,94,255,255,255,162,255,255,255,255,255,255,255,176,255,255,186,12,46,26,82,232,176,246,12,2,16,255,255,255,142,10,20,98,180,152,58,18,22,148,255,190,255,6,8,16,10,154,152,146,20,32,188,255,216,120,6,14,2,255,255,250,152,10,6,20,16,20,10,2,8,60,158,128,118,18,36,54,46,10,62,16,50,36,18,104,170,114,144,98,36,34,46,54,72,180,108,90,124,112,255,255,152,116,106,80,46,100,90,168,108,190,194,78,32,48,30,24,38,98,42,232,202,255,255,255,204,20,20,28,8,20,34,22,20,4,18,22,12,6,2,30,74,26,36,22,78,74,70,94,202,236,104,62,40,24,10,16,16,4,6,8,10,10,6,30,154,255,255,114,204,255,255,86,24,36,14,12,4,10,38,64,130,244,255,122,144,255,255,116,36,6,18,8,18,4,2,16,16,12,16,4,22,18,6,14,22,16,12,20,14,6,22,16,12,34,24,42,160,255,255,255,255,255,255,255,255,255,104,62,64,66,74,114,100,48,28,30,74,44,152,198,96,8,255,255,255,255,204,255,255,255,255,84,14,8,16,8,32,34,178,255,255,255,118,14,8,18,6,14,8,18,14,24,4,24,22,104,255,255,170
182,246,8,12,112,255,255,158,255,255,166,14,14,18,18,34,42,10,26,46,186,255,255,255,255,255,255,255,255,255,255,255,255,255,255,130,255,255,174,255,255,255,255,194,228,255,242,146,56,30,8,32,24,80,242,130,255,192,255,255,214,164,216,255,208,220,255,88,74,255,255,222,184,174,160,250,224,255,80,255,255,255,255,255,255,78,76,255,255,255,180,204,192,108,88,38,12,6,18,14,28,44,28,52,42,44,44,54,46,54,64,46,56,42,50,50,54,30,26,50,74,54,60,46,42,36,32,26,28,52,62,56,26,34,38,22,48,46,36,66,32,130,255,255,106,32,162,255,255,130,120,98,100,106,60,42,46,98,255,255,46,20,142,255,255,250,255,255,255,226,238,130,58,36,18,28,16,10,14,24,20,18,34,24,24,34,70,168,90,2,4,6,2,0,0,0,0,0,0,0,0,0,0,0,0,0,0,0,2,10,28,32,14,8,12,6,2,12,24,20,6,6,8,2,12,28,18,30,50,100,34,62,34,255,255,255,255,220,255,255,255,255,255,120,255,255,255,208,68,44,14,94,202,170,116,22,16,20,126,255,222,114,18,26,255,224,244,92,16,8,132,255,156,255,52,12,4,20,54,12,56,34,32,255,230,255,126,12,10,14,134,255,194,128,26,10,68,42,48,16,16,4,62,172,98,94,50,40,4,40,46,22,108,52,26,60,164,100,98,14,34,56,34,56,58,238,126,146,146,18,255,255,152,96,50,32,78,52,64,86,194,236,255,224,50,34,64,80,102,112,100,150,110,255,255,255,255,78,14,24,28,22,38,30,26,24,12,14,34,32,32,30,64,78,46,90,86,84,120,96,178,216,255,255,255,255,228,154,60,10,8,10,34,50,30,20,12,10,36,196,255,255,18,255,255,144,50,36,18,12,24,14,22,34,120,232,255,240,68,230,255,218,86,8,24,14,8,12,20,4,10,6,16,20,22,16,18,24,8,10,2,22,14,48,94,188,255,255,255,255,255,255,255,255,255,255,120,88,74,56,60,88,86,42,32,82,92,140,198,138,100,250,255,255,200,255,255,255,255,255,186,255,255,255,255,56,16,12,22,8,22,46,254,255,255,255,84,6,14,12,4,10,14,30,22,16,22,60,228,255,255,108
193,14,16,14,16,238,255,255,170,255,255,72,30,14,10,28,52,40,22,40,104,170,146,86,74,252,255,255,255,255,255,244,200,138,158,255,255,210,62,228,236,255,255,255,255,255,90,68,96,160,255,255,255,254,255,255,255,244,255,255,255,255,255,255,255,255,255,44,186,255,255,255,255,255,255,255,255,255,255,255,255,255,255,255,58,80,54,10,24,42,46,46,34,52,32,30,52,36,28,48,64,86,46,54,36,40,46,46,52,60,52,34,18,26,64,58,62,56,52,70,60,54,58,72,70,110,158,210,208,116,56,40,52,48,56,38,52,52,40,46,34,60,255,255,255,36,52,255,255,255,78,60,66,66,64,56,62,68,212,255,118,28,38,176,214,222,208,146,100,122,240,190,56,34,30,42,34,34,26,24,34,36,34,14,10,20,36,162,124,4,8,10,2,0,0,0,0,0,0,0,0,0,0,0,0,0,0,0,2,2,18,30,24,6,12,6,6,14,10,20,12,6,12,2,18,10,26,22,24,54,62,12,60,255,255,255,255,255,255,255,255,255,30,255,255,255,255,112,96,138,170,56,38,32,12,26,44,32,68,66,50,58,30,58,255,114,255,80,16,30,42,255,240,244,84,12,46,210,166,146,14,10,6,255,212,255,202,6,12,4,2,66,84,62,40,50,190,142,140,16,8,18,22,100,96,74,38,12,42,10,86,152,150,164,76,76,176,122,168,70,42,44,38,124,218,118,174,250,66,255,255,140,136,72,70,50,50,58,54,176,255,250,224,84,74,106,134,106,122,152,80,142,208,255,255,255,194,22,8,20,12,8,24,22,6,12,14,14,22,12,22,32,44,36,76,58,80,78,114,68,255,255,255,255,255,255,255,255,255,160,32,18,50,128,192,234,186,128,92,60,32,230,255,208,104,255,240,118,32,8,6,6,2,6,12,54,172,255,246,100,116,255,254,128,30,12,6,8,28,24,12,6,6,24,16,16,40,76,112,166,188,236,255,255,255,255,255,255,255,255,255,255,255,158,82,50,56,60,68,38,42,108,76,132,138,178,198,220,255,255,164,172,82,236,255,80,255,255,255,255,136,128,220,255,255,255,24,24,22,8,10,40,72,255,255,255,255,50,12,6,22,16,12,18,16,10,74,255,255,255,166,144
192,14,4,6,4,44,255,255,255,255,255,255,22,22,12,22,8,28,48,30,24,32,22,38,18,12,122,240,255,255,255,255,255,255,255,255,255,255,255,255,255,126,78,255,255,255,255,255,255,255,255,255,255,255,255,255,255,154,255,255,130,152,152,126,242,255,255,32,255,255,255,188,218,210,192,222,226,222,226,242,240,224,136,74,44,32,54,60,40,36,56,54,26,20,20,30,28,18,42,66,56,50,26,52,52,44,62,60,52,48,44,60,48,86,84,56,52,76,82,72,52,46,36,108,255,255,255,255,255,255,100,60,84,58,58,54,54,58,36,4,24,62,182,255,255,116,6,148,255,255,96,62,64,88,106,76,90,98,134,255,164,34,14,42,68,72,34,22,28,34,138,164,62,32,42,42,36,42,38,20,42,32,12,4,4,20,10,132,142,12,6,6,2,0,0,0,0,0,0,0,0,0,0,0,0,0,0,0,2,2,10,26,30,14,6,6,8,14,2,14,16,4,12,8,16,16,28,12,34,16,38,58,10,54,240,255,255,166,255,255,255,80,255,255,166,255,255,74,255,255,255,255,94,30,32,30,22,8,40,6,60,26,8,78,255,56,255,76,24,16,24,92,156,158,74,12,174,255,202,166,10,12,10,194,255,196,210,14,12,18,66,68,22,38,16,26,224,108,238,16,30,26,40,30,26,10,38,20,22,84,86,38,102,76,90,34,98,84,38,28,42,56,10,158,20,228,232,10,255,255,110,210,100,68,62,82,60,62,110,120,122,128,130,90,120,110,128,90,92,48,255,110,255,255,255,255,116,22,24,6,14,10,18,18,6,12,20,8,24,36,28,50,44,38,42,84,112,114,160,255,255,255,255,255,255,255,255,255,255,255,255,74,56,134,255,255,255,255,255,255,232,186,128,126,200,22,226,255,198,60,6,4,4,12,6,4,26,94,214,255,226,20,216,248,150,56,64,78,98,94,116,160,158,204,255,255,255,255,255,255,255,255,255,255,255,255,255,255,255,218,150,106,66,36,26,52,54,76,84,74,118,112,226,255,248,62,100,12,24,196,246,74,255,255,255,255,170,150,76,30,234,255,255,255,255,255,255,24,6,6,6,8,40,92,255,255,255,255,40,14,20,24,10,34,56,146,255,255,255,255,116,168
199,255,255,255,112,16,76,255,255,102,255,255,62,28,32,16,20,26,26,50,40,40,132,255,255,255,255,255,255,255,255,255,255,255,198,118,194,255,255,255,255,255,255,98,224,255,255,255,255,255,255,255,255,162,255,156,255,255,255,240,28,44,38,26,255,255,255,14,255,255,255,14,48,58,60,62,70,56,40,62,64,58,48,44,64,52,52,64,62,32,44,62,46,34,42,32,42,66,60,26,26,34,38,48,48,68,82,54,44,60,62,70,92,104,64,64,64,50,56,54,50,44,58,230,255,255,255,255,255,255,255,84,72,92,64,66,48,64,50,42,74,98,74,255,255,242,18,52,255,255,214,58,64,108,86,32,54,68,76,182,188,48,10,10,18,32,70,104,106,124,162,122,24,34,40,26,20,24,24,22,42,18,10,12,22,24,34,96,146,28,10,10,2,0,0,0,0,0,0,0,0,0,0,0,0,0,0,0,2,2,4,22,36,28,6,10,8,12,10,18,12,8,6,10,10,18,12,30,22,28,14,30,28,14,64,168,255,255,255,255,20,118,255,255,194,255,255,138,255,255,255,255,128,142,56,22,30,46,68,60,42,28,28,34,255,160,255,132,16,8,84,128,80,48,22,10,214,214,220,172,14,16,18,58,254,174,196,16,18,142,152,132,54,16,8,36,255,102,188,34,6,14,20,12,42,8,40,32,34,28,68,46,60,60,58,124,68,12,36,38,4,150,170,4,236,214,28,255,255,122,210,120,34,64,32,36,28,48,110,174,216,206,138,88,108,138,92,58,82,255,236,104,255,255,255,244,22,12,22,8,10,12,30,24,2,42,34,26,4,4,12,52,54,58,32,82,110,14,130,255,255,255,255,255,238,236,240,255,255,255,255,255,122,160,255,255,246,255,255,255,255,255,255,255,220,144,138,255,255,255,118,14,12,4,16,8,10,8,44,142,255,242,52,166,236,234,255,255,255,255,255,255,255,255,255,255,255,255,255,255,255,255,255,255,246,222,190,120,72,50,24,10,22,124,138,198,96,118,84,98,252,214,178,150,255,238,255,255,255,255,255,214,136,226,178,38,176,190,246,116,244,255,184,132,255,255,255,192,8,14,6,8,8,48,106,255,255,255,255,26,70,88,176,232,230,255,255,255,88,255,226,166
149,255,255,255,255,22,28,230,255,255,255,255,230,34,52,44,8,48,162,255,255,255,255,255,255,244,138,212,255,255,174,100,62,12,80,148,255,255,238,14,176,255,255,255,255,255,255,255,140,64,26,255,255,255,255,255,255,255,255,60,58,56,14,40,255,255,230,78,255,255,164,20,20,20,30,22,26,46,30,22,34,34,54,38,42,38,44,40,52,34,32,54,68,48,48,52,76,70,42,44,70,70,56,36,38,78,68,52,62,70,66,84,102,72,62,78,70,72,68,92,96,76,78,212,255,255,142,98,255,255,255,94,66,96,74,60,54,78,62,68,114,104,54,192,255,255,60,2,140,255,255,60,84,122,66,36,56,56,62,116,212,116,14,6,26,88,156,170,158,130,78,38,22,32,14,8,22,18,20,56,60,38,40,42,26,18,30,70,154,58,6,6,2,0,0,0,0,0,0,0,0,0,0,0,0,0,0,2,4,2,4,14,34,36,14,8,2,8,14,14,4,6,6,8,20,18,28,20,20,22,16,10,28,52,14,38,112,152,214,168,138,255,255,255,255,50,255,255,255,255,255,254,48,222,255,255,226,44,20,32,18,8,10,12,255,255,255,120,26,60,255,166,214,40,6,12,230,242,248,255,10,4,14,28,34,62,80,12,30,244,100,202,32,24,16,26,126,100,128,28,20,22,66,58,100,88,74,34,60,48,56,100,76,8,112,86,88,52,22,18,172,206,68,246,150,30,186,252,146,154,110,78,40,48,86,62,38,40,66,88,200,255,194,132,128,84,48,36,240,255,160,255,255,255,255,70,10,2,10,18,18,16,20,32,6,44,16,30,10,12,4,60,120,90,40,148,120,112,252,255,255,114,182,210,218,210,218,238,238,255,255,255,255,212,214,255,255,206,255,255,255,255,255,255,255,255,255,218,255,255,255,212,42,26,16,6,0,6,6,20,102,218,252,112,78,176,255,255,255,255,255,255,255,255,255,255,255,255,255,210,160,146,138,122,100,82,72,42,142,218,200,200,255,255,255,255,255,112,74,84,156,255,255,255,255,255,232,216,186,184,64,100,118,216,255,255,255,255,255,255,106,255,255,255,255,255,255,255,114,12,12,20,6,12,42,140,255,255,255,212,212,236,222,118,36,90,255,255,255,255,255,186
21,30,255,255,255,8,16,80,255,255,28,255,255,88,190,255,255,255,255,255,255,248,8,255,255,255,255,255,255,255,122,214,255,255,255,255,255,255,255,255,255,255,255,242,164,70,40,20,62,68,188,255,38,255,130,255,226,255,222,10,18,70,42,74,255,255,152,184,255,255,72,34,34,44,24,14,18,30,32,16,22,16,20,30,50,24,34,32,44,44,46,42,56,54,70,66,58,30,30,62,100,80,56,48,62,90,78,78,86,80,70,82,86,76,80,84,72,102,84,110,94,102,102,104,255,255,216,32,150,255,255,220,76,104,70,68,64,90,72,74,72,58,52,78,255,255,146,20,32,255,255,182,102,98,48,70,94,84,72,58,168,152,34,14,34,92,130,88,30,18,62,32,28,14,18,38,62,72,100,120,108,108,100,96,58,8,22,44,148,94,10,2,2,0,0,0,0,0,0,0,0,0,0,0,0,0,0,2,4,2,6,2,22,38,26,10,6,4,2,2,6,4,10,14,18,14,16,10,24,6,4,12,6,26,56,64,74,114,84,26,255,255,250,255,255,255,255,255,128,255,255,20,50,255,255,255,255,136,120,36,18,28,18,26,74,180,130,70,24,56,210,106,244,10,14,20,146,255,172,238,48,16,60,90,72,42,10,6,48,218,140,214,28,18,6,26,22,42,54,26,40,100,128,82,120,134,96,96,152,92,52,60,64,20,136,162,72,52,26,118,154,146,255,184,32,174,208,84,52,76,64,122,60,26,68,66,50,46,48,20,104,220,210,122,104,54,28,100,255,154,255,255,255,255,162,6,2,8,8,36,24,20,12,8,6,20,40,24,6,8,8,72,114,42,44,130,76,138,255,255,255,128,108,138,140,134,156,198,190,194,255,255,255,255,255,204,255,255,194,182,255,255,250,230,236,255,255,222,226,255,255,255,255,96,10,24,22,6,14,18,20,62,180,255,206,148,255,255,255,158,226,192,180,186,158,132,118,122,118,96,70,68,66,38,40,124,132,160,255,194,212,132,255,144,30,255,255,122,68,44,28,56,238,255,255,110,46,44,194,255,255,255,168,255,248,134,40,142,142,255,98,138,104,36,82,162,255,255,255,68,24,6,8,6,24,58,208,255,255,255,54,80,148,246,255,216,230,254,255,230,192,215
71,255,255,255,206,22,36,50,255,255,255,255,255,255,255,255,255,255,255,255,255,255,255,255,98,164,255,255,255,255,255,255,255,255,255,255,255,255,255,208,138,66,18,16,32,50,44,40,42,48,255,255,255,255,255,255,255,255,56,26,26,54,42,136,255,255,74,255,255,255,22,28,12,34,24,10,10,22,18,12,26,12,26,40,74,72,48,38,48,52,60,68,76,64,76,60,62,68,66,78,76,52,50,78,96,98,80,58,58,78,86,78,78,66,70,68,76,80,78,112,80,100,100,80,222,255,255,26,40,255,255,255,86,88,60,74,68,82,60,48,48,64,76,62,248,255,244,32,6,138,255,255,88,80,50,72,84,64,44,42,108,156,76,16,12,98,186,110,60,68,60,24,36,58,88,114,126,126,122,110,94,82,86,118,90,24,34,30,102,106,20,6,4,0,0,0,0,0,0,0,0,0,0,0,0,0,0,2,4,2,4,4,8,28,30,22,14,8,8,8,8,6,10,18,8,6,2,8,8,2,2,14,10,14,10,92,112,94,68,42,255,255,255,255,20,255,255,190,255,255,36,32,255,255,128,255,168,56,106,84,106,64,14,16,2,10,44,38,36,68,226,206,156,24,14,18,22,226,194,190,46,24,54,34,56,24,20,34,28,140,146,90,32,34,22,42,30,12,40,52,120,200,102,16,22,24,28,62,82,76,14,128,132,88,28,26,28,20,112,110,144,255,90,112,174,160,82,44,36,12,14,72,58,26,44,70,78,68,68,70,84,172,200,122,116,118,212,255,255,98,255,255,255,255,36,18,26,36,50,18,18,10,12,20,26,32,18,14,22,54,54,52,96,18,28,120,72,84,255,255,255,108,46,88,98,98,110,132,146,144,126,186,255,255,255,255,196,255,255,255,114,250,254,230,234,230,226,200,198,164,255,255,255,255,210,36,16,18,16,10,8,8,42,134,228,200,206,255,255,255,255,84,100,102,86,88,84,64,48,74,108,162,255,255,255,232,162,162,226,118,255,166,255,255,255,255,255,206,64,44,54,80,60,90,100,194,255,255,255,255,144,255,68,106,220,255,255,255,255,255,130,110,186,255,255,242,220,255,255,255,60,12,10,2,8,26,70,252,255,255,255,202,232,172,84,30,24,22,18,18,6,225
193,255,255,84,38,114,238,255,255,255,255,204,255,255,255,255,255,255,170,255,255,255,255,255,255,255,32,236,255,255,255,255,255,255,252,140,74,48,32,32,28,26,34,46,30,56,46,60,58,255,255,24,255,178,255,255,255,226,38,44,42,58,34,238,255,255,16,255,255,255,46,46,36,64,48,28,16,34,14,18,20,34,32,8,16,40,26,46,40,32,58,56,72,60,70,60,66,62,82,146,204,255,255,255,255,255,255,255,232,134,84,72,86,66,44,44,78,72,82,106,74,66,72,118,116,255,255,116,20,120,255,255,186,78,58,92,98,80,56,52,70,80,64,50,120,255,255,88,16,50,255,255,66,78,64,66,64,42,38,50,68,130,104,18,4,48,160,148,78,84,82,86,104,126,132,122,102,74,54,46,30,16,24,90,86,18,20,18,70,106,34,10,6,0,0,0,0,0,0,0,0,0,0,0,0,0,0,2,4,4,2,4,2,14,22,26,20,8,4,4,4,6,4,6,10,4,8,8,8,2,6,10,0,12,32,28,76,74,32,10,168,255,255,52,100,255,255,255,255,96,122,72,255,255,255,255,26,60,44,134,138,108,60,74,78,70,18,8,6,24,52,42,30,14,12,8,12,14,64,70,24,10,28,66,64,20,14,22,10,18,10,16,50,38,18,60,60,92,172,190,206,178,112,78,54,110,80,78,58,108,62,100,72,98,76,72,44,24,76,104,176,40,110,150,108,22,52,68,42,26,14,22,52,36,42,70,88,98,102,62,48,86,120,120,108,255,255,255,142,98,255,255,255,118,10,34,26,30,34,6,2,6,10,6,32,26,30,20,62,64,56,38,78,42,70,120,74,16,255,255,255,74,20,30,22,28,46,54,78,80,70,70,122,255,255,255,255,126,255,255,255,78,162,148,126,166,174,158,158,132,138,246,255,255,255,255,104,12,22,18,10,10,16,6,78,158,176,174,255,255,255,255,104,68,50,52,128,236,255,255,248,255,255,255,255,255,120,120,206,255,202,128,255,255,255,220,230,122,24,104,236,210,230,255,255,248,255,130,36,242,230,255,236,216,252,198,154,128,134,198,90,130,255,255,100,88,126,255,255,255,255,8,6,10,6,16,60,68,255,255,255,255,34,6,26,14,26,20,8,12,4,213
191,98,255,255,255,255,255,255,248,255,255,255,112,190,156,60,40,156,255,255,255,238,52,226,255,255,255,255,255,255,194,82,40,34,22,28,38,42,28,22,36,20,30,30,24,46,64,42,114,255,255,255,255,255,216,255,255,58,32,46,34,66,60,255,255,255,126,255,255,182,30,46,52,54,28,22,36,48,28,8,16,14,20,6,6,10,40,56,42,16,56,28,28,80,60,36,92,208,255,255,255,255,255,255,255,255,255,255,255,255,255,238,124,46,54,62,86,86,92,62,38,38,80,102,66,255,255,228,22,60,255,255,255,132,82,102,94,84,86,92,92,84,74,80,86,255,255,160,18,22,162,255,80,62,56,64,70,56,48,42,36,94,134,52,4,10,98,134,98,116,112,104,96,84,62,40,18,8,12,24,44,64,62,102,98,26,10,2,66,118,44,10,6,0,0,0,0,0,0,0,0,0,0,0,0,0,0,4,4,6,2,4,4,6,16,28,28,18,8,4,10,8,8,14,10,2,8,6,10,6,8,12,8,16,22,24,12,14,26,20,14,50,48,56,174,255,255,255,255,134,68,255,255,20,255,255,42,52,38,94,130,62,64,170,166,164,68,26,28,28,22,24,12,12,2,14,34,4,28,8,12,16,18,14,16,4,6,6,6,16,20,34,78,90,92,104,76,76,88,102,92,36,136,72,42,98,120,162,142,144,48,114,40,108,122,74,56,42,98,112,12,66,76,68,52,52,36,40,48,50,18,26,62,54,54,56,66,58,62,24,14,70,52,88,255,255,255,40,102,255,255,255,212,24,12,24,14,30,26,10,6,8,16,12,22,26,32,22,52,28,56,38,56,70,52,50,48,34,255,255,255,80,14,26,22,22,22,10,28,34,32,50,38,52,255,255,255,255,72,255,255,255,142,64,66,92,98,98,116,96,102,60,126,255,255,255,255,214,16,26,26,24,10,16,14,30,96,172,142,252,255,255,255,255,255,220,255,255,255,255,255,224,255,255,255,255,255,255,255,255,255,255,255,158,128,24,130,164,255,255,255,110,158,255,94,220,228,255,255,236,250,255,156,42,60,24,148,255,255,255,56,164,255,255,255,255,255,240,255,255,255,196,4,12,12,6,20,56,88,255,255,255,255,8,14,22,20,32,14,10,20,227
195,255,255,255,134,44,212,255,255,255,255,255,108,174,255,255,255,255,255,255,255,255,255,255,255,255,162,50,14,8,34,34,26,36,30,26,30,34,34,28,48,20,52,32,26,30,40,80,255,255,116,255,180,255,255,255,154,18,16,42,20,30,112,255,255,198,228,255,255,86,30,56,50,30,20,24,22,4,30,28,30,10,6,46,46,38,74,30,46,46,54,32,74,66,38,190,255,255,255,255,255,255,255,248,194,226,255,255,255,255,255,255,255,208,76,56,68,72,62,74,52,66,102,72,114,136,255,255,56,34,148,255,255,222,108,92,72,78,90,98,96,92,90,98,104,218,255,180,8,18,126,255,134,88,72,74,76,56,42,32,22,44,124,96,22,2,30,62,62,64,48,30,12,10,30,38,44,60,78,98,108,100,90,100,74,2,26,18,40,120,70,2,6,0,0,0,0,0,0,0,0,0,0,0,0,0,0,4,4,4,2,2,6,4,4,20,30,28,20,4,8,10,14,12,2,16,14,4,10,14,8,6,2,10,10,18,26,20,4,20,36,34,14,38,232,255,255,255,242,255,184,255,255,255,255,60,48,42,60,48,66,20,66,102,36,132,144,92,134,140,70,46,56,74,60,66,52,52,56,76,74,36,60,82,78,58,116,128,134,104,86,64,102,120,94,62,42,34,46,108,142,122,50,40,26,14,32,152,36,168,42,114,104,56,172,176,64,58,52,18,50,58,68,30,22,26,34,28,48,70,2,10,18,30,52,64,56,36,60,72,60,34,44,255,255,255,36,60,255,255,255,255,20,10,24,14,30,44,42,20,20,10,10,22,28,22,6,34,40,32,56,102,78,24,22,114,64,34,238,255,255,255,24,20,18,22,18,8,10,22,16,14,4,20,26,250,255,255,255,24,255,255,255,238,12,40,16,6,42,16,4,30,12,14,206,255,255,255,255,94,24,4,24,12,8,12,16,62,150,124,178,255,255,255,255,255,255,255,186,252,255,255,255,255,255,255,255,164,174,112,74,108,76,42,36,255,255,255,238,148,84,160,220,255,255,255,238,180,184,94,92,132,196,242,246,126,176,255,144,255,96,56,255,242,242,86,118,192,194,255,255,255,130,20,8,10,14,22,54,120,255,255,255,150,8,4,10,30,14,16,6,222
76,255,255,255,255,255,255,108,100,255,255,255,255,255,255,255,255,255,255,255,255,252,156,82,10,20,32,28,16,10,38,42,28,36,36,40,38,42,38,36,54,36,38,16,22,8,28,108,255,255,255,255,255,228,255,255,40,8,12,32,30,54,255,255,255,80,255,255,255,60,48,36,22,30,32,32,14,24,26,18,20,22,58,22,10,22,36,12,24,36,24,34,50,68,255,255,255,255,255,198,46,48,100,136,160,170,122,40,26,108,234,255,255,255,255,74,36,38,16,40,64,88,90,54,80,88,255,255,142,14,40,255,255,255,126,94,98,86,86,92,94,88,74,68,88,234,255,172,14,4,106,244,138,88,66,66,64,44,40,38,34,28,68,116,48,16,6,22,22,10,24,40,52,62,62,82,98,92,94,82,50,30,38,42,24,16,30,20,22,100,96,22,6,0,0,0,0,0,0,0,0,0,0,0,0,0,0,2,4,4,2,0,2,6,6,6,20,28,28,16,2,8,10,4,16,22,10,16,16,14,20,8,6,8,10,8,6,8,16,2,30,46,52,24,52,230,222,100,255,255,255,255,92,255,244,70,42,76,80,42,28,118,56,46,112,52,156,62,84,110,68,74,118,120,54,136,150,120,36,66,98,110,144,92,102,110,160,92,118,90,76,42,80,92,14,18,42,82,76,50,140,90,30,34,40,94,88,202,104,132,126,198,224,255,204,94,20,14,28,78,64,54,38,34,8,16,14,18,28,62,22,16,16,4,22,72,94,58,94,106,100,46,255,255,255,106,48,130,255,255,255,70,10,18,4,10,10,18,20,18,10,12,4,4,8,14,22,20,16,8,122,132,170,146,78,58,50,92,130,255,255,255,58,40,40,8,36,18,2,10,14,24,18,10,2,14,194,255,255,255,148,255,255,255,255,68,30,30,30,34,26,34,30,4,30,52,255,255,255,255,196,60,38,22,20,34,24,8,40,100,132,144,255,255,255,255,84,255,255,255,255,255,255,255,180,142,56,86,96,144,255,255,255,130,24,255,255,158,246,236,255,224,210,202,196,106,74,24,36,112,224,160,174,124,218,156,188,255,255,255,70,88,255,255,255,238,255,255,255,80,255,255,255,126,12,8,6,2,26,34,192,255,255,255,74,18,8,22,22,26,6,218
6,255,255,70,176,255,255,255,214,54,255,255,255,255,255,34,196,166,122,74,20,16,8,12,28,34,36,24,12,20,32,46,50,48,34,30,28,34,26,40,38,44,30,22,8,24,10,255,255,148,255,255,255,255,255,136,28,20,34,44,40,144,255,255,255,8,255,255,255,42,28,4,16,12,38,24,32,38,28,46,72,92,56,40,4,18,20,10,4,12,16,20,64,255,255,255,255,174,24,202,255,255,255,255,255,255,255,255,255,190,48,82,255,255,255,255,72,30,18,44,40,64,48,44,72,64,160,255,186,16,8,116,255,255,166,84,94,96,86,88,84,76,76,72,136,255,255,118,8,14,146,244,68,56,46,54,52,34,36,36,30,22,20,110,84,40,24,44,60,76,86,86,84,80,70,90,72,54,22,16,20,4,34,32,10,14,22,4,20,62,100,50,6,0,0,0,0,0,0,0,0,0,0,0,0,0,0,0,0,2,4,4,2,4,8,4,8,20,32,30,18,8,4,12,16,12,2,18,18,2,24,22,10,12,16,0,4,4,6,20,16,8,30,42,6,42,34,100,255,255,84,255,255,255,255,54,84,94,20,30,30,60,30,70,56,138,100,12,60,68,62,34,82,98,124,164,82,100,24,64,16,42,60,54,42,78,50,132,100,80,92,52,140,52,26,50,20,96,104,154,86,70,104,80,40,54,104,162,56,116,146,94,132,122,56,20,64,52,50,66,24,26,44,46,28,18,20,46,50,48,36,28,20,24,12,50,92,66,18,72,78,255,255,255,152,60,70,255,255,255,142,14,8,6,14,8,22,28,30,12,16,16,4,22,26,4,34,30,18,30,140,136,50,152,92,20,255,255,255,180,255,255,255,52,56,54,72,52,52,18,28,48,30,26,16,8,12,148,255,255,255,226,255,255,255,255,140,22,10,8,20,56,36,24,18,44,94,255,255,255,255,255,124,32,30,18,16,8,10,2,76,130,102,96,255,255,255,196,255,234,174,126,16,64,94,176,255,255,255,255,255,158,255,212,32,254,255,255,255,190,140,34,118,190,244,204,222,122,24,120,255,206,186,218,255,178,42,62,32,102,255,255,255,255,255,150,212,126,255,234,255,255,255,255,68,22,8,8,12,26,46,255,255,255,255,50,40,14,26,38,32,222
0,255,255,236,78,80,216,255,255,255,255,255,255,255,255,255,255,255,255,184,128,94,52,14,18,36,62,42,36,50,36,38,42,32,24,12,26,32,18,38,18,24,50,22,14,12,120,255,255,255,148,255,144,255,255,30,12,18,14,42,60,255,255,255,114,54,255,255,218,10,2,10,24,20,22,6,16,46,66,255,255,255,194,42,24,30,22,12,2,16,22,58,255,255,255,255,44,146,255,255,255,255,255,255,255,255,255,255,255,255,255,108,8,168,255,255,250,48,40,40,46,56,38,70,80,46,84,255,255,70,22,26,190,255,255,124,60,52,64,66,66,78,100,148,255,255,230,40,12,28,208,212,18,54,56,64,52,28,30,24,12,22,18,96,112,68,68,90,116,98,82,60,44,38,34,32,20,24,8,6,2,12,26,28,38,26,8,22,32,24,88,78,18,0,0,0,0,0,0,0,0,0,0,0,0,0,0,2,2,4,6,6,6,0,4,4,2,8,26,34,28,16,12,12,6,14,6,12,22,14,10,34,14,10,20,4,14,14,16,4,20,14,14,16,42,38,12,20,255,255,255,255,255,255,255,234,58,44,74,80,50,28,74,102,64,130,102,58,44,44,74,44,142,106,60,28,72,92,68,8,52,110,108,40,46,48,86,34,40,30,70,144,56,52,48,56,112,26,142,30,46,28,50,28,24,66,100,62,130,154,86,52,30,14,32,90,80,30,22,28,22,18,16,8,24,14,50,50,18,32,40,40,28,30,34,30,30,60,30,58,255,255,255,178,76,62,255,255,255,232,4,10,10,8,6,14,6,18,6,22,18,8,12,22,20,20,50,52,40,16,88,166,208,156,96,16,255,255,255,255,255,255,255,78,62,60,42,162,255,234,138,28,46,40,34,52,42,36,156,255,255,255,30,255,255,255,255,42,56,68,70,100,86,100,70,68,84,255,184,255,255,255,255,188,44,32,18,16,10,6,10,58,120,144,142,255,255,255,255,102,24,34,126,255,255,255,216,96,92,190,184,255,255,238,6,178,234,126,182,172,248,220,255,255,206,82,174,126,12,30,142,128,58,66,28,146,255,255,255,255,255,255,112,176,255,255,255,255,255,204,142,255,255,255,255,26,4,14,6,18,46,76,255,255,255,255,36,42,14,22,118,197
56,255,255,255,255,255,255,255,170,94,46,255,255,255,255,255,255,255,255,255,255,255,255,50,16,18,70,78,72,40,14,32,28,32,22,22,38,66,116,188,172,164,36,36,28,24,255,255,186,255,255,255,255,255,104,30,30,34,14,24,216,255,255,255,8,88,255,255,144,8,10,24,26,22,4,16,68,182,222,255,255,255,255,34,46,22,8,12,14,30,24,218,255,255,255,28,162,255,255,255,255,108,52,24,38,38,56,102,255,255,255,255,94,14,158,255,255,124,34,36,70,68,52,80,56,26,32,182,255,218,26,14,44,234,255,255,198,118,100,104,118,154,204,254,255,236,78,16,10,122,220,102,52,70,54,50,34,26,38,36,12,18,12,48,78,68,80,74,44,20,12,4,6,12,10,8,10,4,8,12,14,10,14,30,36,26,20,32,18,8,58,80,30,2,2,2,0,0,2,2,2,0,0,0,0,0,0,2,0,6,6,6,4,2,2,2,2,6,12,30,36,26,6,4,4,8,4,4,10,14,18,20,10,6,22,6,8,18,4,14,2,12,24,18,8,30,30,36,10,44,255,255,255,255,255,255,78,78,48,88,18,64,54,18,76,108,80,58,86,128,100,22,34,112,228,122,60,92,44,26,78,26,90,14,6,24,96,124,88,72,48,26,58,40,62,82,138,70,98,22,44,52,60,92,126,48,104,140,94,70,20,48,56,24,52,74,6,22,14,22,28,18,16,24,14,12,26,56,44,40,34,24,12,20,30,30,20,52,60,255,255,255,204,76,48,255,255,255,255,4,12,8,48,32,28,6,6,4,18,8,22,28,16,22,10,18,88,98,102,100,34,32,74,102,28,178,255,255,255,255,186,255,255,255,32,255,255,255,255,255,255,62,42,40,52,64,76,66,255,255,255,255,42,255,255,255,255,76,72,82,90,124,130,98,82,88,100,234,230,138,160,255,255,255,255,62,14,20,2,14,14,24,42,118,164,138,255,255,255,255,255,16,178,255,116,94,255,255,255,255,255,228,222,124,48,255,255,255,255,142,156,64,90,244,255,255,222,104,26,52,255,255,255,255,255,255,188,186,118,46,240,250,255,255,255,255,158,96,28,98,254,255,255,255,255,244,10,4,12,4,34,54,132,255,255,255,172,12,28,16,120,179
188,255,255,255,152,50,16,16,26,38,70,255,255,255,118,220,130,255,255,255,255,255,255,130,16,6,14,38,38,34,40,32,32,76,90,224,255,255,255,255,255,255,242,22,28,32,255,255,255,255,255,255,255,255,255,255,48,76,32,82,255,255,255,74,4,120,255,255,108,14,8,26,20,24,14,90,255,255,255,148,255,255,255,134,48,40,32,8,24,32,62,255,255,255,76,100,255,255,255,114,44,68,36,10,26,30,44,18,26,174,255,255,255,30,44,255,255,238,28,52,60,44,22,30,22,20,28,50,240,255,146,6,20,48,168,255,255,255,224,222,226,244,255,228,164,66,8,28,114,202,140,66,54,50,28,30,24,14,26,30,4,6,18,12,12,32,30,6,26,30,22,8,14,12,12,6,6,10,18,14,14,8,8,10,4,16,2,16,12,16,42,72,40,6,4,6,4,2,2,0,2,0,0,0,0,0,0,2,2,6,6,4,2,0,0,2,2,8,2,16,30,32,20,2,8,6,0,6,8,8,14,18,10,6,10,4,8,8,8,10,6,8,18,8,12,12,14,12,36,16,2,32,255,255,255,116,74,114,114,46,60,82,8,84,90,50,102,74,60,28,56,86,70,120,100,210,92,142,32,54,34,50,90,6,14,78,74,38,48,42,104,108,76,16,86,22,70,72,54,40,80,54,60,40,38,180,168,54,4,10,56,48,20,18,30,26,26,14,12,16,34,26,8,18,18,8,28,28,12,20,18,22,18,30,26,30,38,92,255,255,255,198,82,64,255,255,255,255,38,18,24,36,56,28,52,10,10,14,26,2,16,2,12,8,4,24,74,78,16,100,112,98,84,48,48,255,255,255,255,255,255,226,255,255,136,255,255,255,255,255,255,76,40,34,50,40,132,255,255,255,255,60,255,255,255,255,242,78,58,72,70,80,70,58,62,56,72,128,255,26,250,146,255,255,255,255,132,28,20,16,18,12,14,24,70,164,162,250,255,255,255,255,188,255,255,255,255,176,96,44,66,170,180,146,26,255,255,255,255,162,228,255,255,250,196,22,116,92,28,62,255,255,198,255,152,190,242,255,220,255,255,255,255,208,152,156,50,255,255,255,255,255,246,255,255,255,178,6,14,6,4,20,62,180,255,255,255,72,12,28,98,205
127,255,255,255,92,50,22,62,124,184,255,255,255,255,210,246,212,255,255,255,255,255,255,140,8,10,8,34,110,156,152,172,184,216,255,255,255,255,234,252,42,255,255,54,48,100,255,80,255,44,255,255,255,200,255,255,255,48,100,255,255,255,158,18,22,190,255,255,62,24,20,8,14,32,134,255,255,255,255,255,224,255,255,126,20,30,22,30,12,28,140,255,255,158,12,255,255,255,58,30,16,8,34,4,16,34,46,14,22,38,186,255,255,116,10,104,255,255,18,64,38,52,42,30,30,34,36,30,114,255,255,168,56,16,12,72,132,162,162,150,146,144,118,64,20,20,74,132,180,152,28,26,32,22,22,28,22,16,18,30,14,4,14,6,12,16,14,18,16,8,14,8,18,14,12,10,14,14,8,8,14,16,12,8,4,8,14,14,8,12,42,78,56,2,6,2,6,4,4,6,4,0,0,0,0,0,0,4,6,6,6,2,0,0,0,4,2,8,6,2,16,28,32,24,6,6,4,2,8,8,0,4,6,6,6,10,8,2,2,6,8,2,8,4,6,2,20,14,14,10,24,32,20,48,152,134,90,54,140,96,78,64,64,12,54,32,98,30,118,88,58,154,54,186,114,50,88,52,22,42,90,56,72,64,52,30,80,112,26,66,68,10,82,68,16,136,74,92,60,78,100,52,148,120,178,132,46,20,26,14,18,10,18,20,24,6,6,4,14,6,22,26,24,12,6,18,28,24,18,12,34,52,46,34,46,44,58,244,255,255,206,54,40,226,255,255,255,74,18,20,38,4,32,10,58,24,18,16,22,12,18,10,8,4,12,14,44,60,120,56,24,70,128,20,160,255,255,255,194,255,255,255,255,255,246,255,255,255,138,255,255,240,42,44,38,24,240,255,255,255,18,255,255,255,255,182,56,66,52,62,56,62,60,50,50,48,56,60,255,162,178,96,122,255,255,255,255,255,42,20,6,28,30,12,20,42,154,170,182,255,255,255,255,62,138,96,92,186,246,255,255,255,255,226,32,255,255,255,255,234,162,62,68,136,255,255,255,255,66,26,255,255,255,255,255,255,255,246,194,206,112,60,126,150,34,16,166,255,255,170,84,182,255,246,255,255,255,114,20,8,14,14,42,68,255,255,255,255,32,22,10,217
27,255,255,255,255,255,255,255,255,255,255,255,255,255,226,255,255,255,255,255,255,255,220,48,112,220,210,208,255,255,255,255,255,255,190,100,252,128,254,255,255,255,142,144,170,152,255,26,255,255,255,98,255,255,255,255,255,255,255,255,255,218,212,202,144,255,255,255,32,12,28,42,100,232,255,255,218,255,255,255,188,66,96,76,8,26,26,34,8,24,214,255,255,66,48,255,255,150,32,40,58,54,40,28,4,20,50,34,26,40,72,255,255,182,10,44,255,255,58,70,44,50,46,32,28,46,26,22,28,112,238,255,212,114,54,26,2,20,30,26,28,24,6,30,70,130,172,156,106,44,10,8,20,18,28,14,8,20,12,20,22,8,10,4,4,8,14,6,12,18,14,8,12,4,6,8,6,4,8,8,4,4,10,6,0,8,26,22,22,16,22,68,66,14,10,10,6,8,8,4,8,0,0,0,0,0,0,4,4,2,6,4,0,0,0,4,0,6,6,4,6,16,22,30,22,6,2,0,2,6,6,2,6,4,4,8,10,8,4,4,6,2,6,4,4,2,14,16,22,20,16,26,36,84,178,52,128,32,60,30,14,30,18,68,108,32,76,82,16,110,76,82,56,14,120,110,50,40,28,76,84,34,114,48,38,60,118,56,42,82,6,64,26,80,100,120,94,120,40,160,132,106,86,106,62,6,32,46,38,18,6,6,4,8,34,20,14,10,18,14,34,26,12,8,12,26,40,44,54,30,32,34,34,38,28,68,214,255,255,255,255,168,178,255,255,255,80,8,16,4,34,32,38,44,26,38,22,4,8,2,22,6,8,20,14,4,42,46,46,94,106,100,66,52,255,255,255,54,30,255,255,255,255,255,232,110,255,255,180,255,250,234,122,72,54,48,255,255,255,255,90,255,255,255,58,32,30,48,44,38,40,44,56,56,46,36,44,42,200,255,104,168,40,24,255,255,255,255,255,86,20,12,6,12,8,6,40,126,196,172,255,255,255,255,255,174,255,255,218,100,50,176,255,236,70,64,110,80,28,114,250,255,255,255,255,255,255,255,138,38,126,255,255,255,255,180,70,224,255,255,255,255,255,255,230,36,146,255,255,255,255,255,255,224,255,255,255,255,66,8,18,26,10,40,84,255,255,255,255,6,18,217
38,255,134,255,255,255,255,255,160,32,122,255,255,255,255,250,255,255,255,146,36,118,200,232,255,255,255,255,238,110,82,2,114,132,255,255,255,255,255,218,28,98,255,255,255,255,255,255,255,255,255,255,255,244,255,238,255,255,255,255,255,255,255,255,255,255,255,255,60,42,214,255,255,255,255,214,74,255,255,88,255,255,214,42,26,20,20,32,38,36,228,255,255,36,74,255,255,82,22,8,22,14,4,26,32,90,142,162,190,174,112,255,255,202,16,26,255,255,64,42,22,42,62,36,22,42,36,24,12,20,90,176,236,248,214,170,126,94,76,56,52,76,106,136,158,160,132,70,16,14,18,8,6,6,20,2,4,26,10,10,24,12,10,8,10,8,8,4,4,10,16,14,20,4,6,8,10,8,4,4,4,4,10,4,8,14,26,22,22,20,20,46,68,36,2,12,8,10,14,6,8,0,0,0,0,0,0,4,4,0,4,4,0,0,0,4,2,4,2,4,4,2,6,20,28,20,10,2,2,6,12,6,4,0,0,2,6,10,8,4,4,0,4,6,6,4,8,8,6,6,22,22,18,16,164,148,134,88,56,56,52,38,42,58,96,104,90,96,24,80,52,84,22,76,94,52,112,22,60,28,74,64,122,54,92,54,146,60,84,146,50,98,72,50,78,104,80,86,22,68,74,52,4,16,24,26,38,38,32,20,6,10,6,10,16,16,14,20,10,10,20,8,6,10,8,12,16,22,20,18,20,2,16,36,176,255,255,255,118,255,255,255,255,255,255,114,26,20,34,46,54,52,18,58,34,24,8,28,28,26,26,10,18,34,16,62,40,22,8,12,4,26,16,116,255,255,255,30,10,176,255,254,255,238,94,172,255,255,255,255,255,255,64,2,44,38,126,255,255,255,255,255,255,255,210,12,18,22,28,34,36,38,30,44,46,36,38,40,96,250,66,178,92,54,130,144,255,255,255,255,202,6,12,8,20,26,16,18,92,200,166,238,255,255,255,255,226,152,255,255,255,244,172,88,46,160,182,198,255,255,255,255,170,76,106,255,255,255,114,22,36,114,36,134,108,64,255,255,255,230,255,255,66,255,246,30,54,214,255,255,192,96,38,84,190,222,255,255,255,42,26,10,16,20,62,104,255,255,255,164,18,212
94,106,134,255,255,255,255,255,255,255,255,255,255,255,255,148,255,255,255,255,255,255,255,226,255,255,76,255,208,255,236,255,255,255,255,138,146,218,100,255,255,255,252,255,255,255,255,255,242,255,255,255,78,255,255,255,255,255,255,166,188,255,255,255,255,255,255,240,94,196,255,255,228,112,130,210,158,238,126,255,255,255,255,176,50,12,18,30,46,12,204,255,255,28,56,255,255,128,48,34,36,22,122,244,255,255,255,255,255,255,255,255,255,174,18,54,255,255,44,22,34,60,72,56,34,44,54,28,2,12,38,44,68,138,198,220,204,190,190,170,152,172,174,158,118,68,26,10,16,14,24,16,10,10,16,4,4,26,10,10,26,18,12,16,14,18,14,0,14,12,18,6,18,8,12,8,14,12,10,10,8,6,12,10,8,14,18,12,4,10,8,30,64,54,16,8,8,8,10,8,6,0,0,0,0,0,0,4,6,4,6,4,0,0,0,2,2,2,0,0,0,0,0,6,20,26,20,10,6,6,12,12,6,0,0,0,2,8,10,4,4,0,2,6,6,0,2,10,10,8,16,22,32,22,16,4,8,46,58,66,90,68,50,48,18,22,36,128,60,78,20,84,18,94,136,82,82,20,58,82,60,64,98,70,90,172,108,76,134,94,124,100,32,56,12,24,52,48,20,18,32,8,10,18,32,18,26,42,20,20,38,22,10,8,10,2,4,16,14,20,34,18,16,12,8,8,6,18,16,26,24,22,6,232,255,255,255,255,255,156,255,255,255,255,162,32,30,42,66,36,16,52,6,28,28,12,20,26,22,10,10,4,16,22,42,44,24,0,26,18,38,50,50,255,255,255,68,22,4,18,220,146,198,18,140,110,70,255,255,236,108,230,255,255,58,36,34,92,255,255,255,255,255,255,255,255,72,16,12,22,40,34,22,34,50,62,52,128,114,118,166,138,132,30,152,238,88,254,255,255,255,255,54,14,30,14,24,6,14,72,184,148,114,255,255,255,216,255,255,186,102,92,255,255,255,255,255,255,255,94,74,208,255,255,255,255,255,255,86,56,186,255,255,255,130,78,255,255,142,186,255,255,255,255,168,146,168,142,56,112,128,196,255,255,255,255,184,255,255,226,34,28,14,22,42,62,154,255,255,255,72,215
110,236,255,255,255,255,255,255,255,204,98,128,200,124,255,255,255,255,255,255,255,255,112,46,192,255,255,255,196,156,204,255,124,90,32,255,255,255,82,255,255,255,255,255,255,255,238,255,255,255,255,255,255,255,255,255,255,255,178,255,220,255,74,255,255,255,255,144,244,134,252,114,70,252,255,255,194,255,255,148,255,220,255,208,32,44,22,12,56,36,146,255,255,70,26,255,255,255,32,30,18,250,255,255,255,255,255,255,255,255,255,255,228,50,8,92,255,255,68,40,20,40,56,68,38,28,74,70,28,20,52,30,16,18,50,76,88,102,120,126,106,84,56,22,8,10,18,14,14,20,16,14,10,18,14,10,16,14,14,18,30,26,12,18,14,20,14,10,18,12,26,16,26,10,10,2,16,8,2,2,4,4,2,8,8,14,12,14,10,6,4,22,56,66,36,4,2,8,4,6,2,0,0,0,0,0,0,2,4,4,4,2,2,4,4,4,2,0,0,0,0,0,0,2,6,18,24,20,8,2,2,6,8,4,4,4,4,4,6,6,2,2,8,8,10,6,8,6,22,18,14,16,18,8,14,2,8,4,14,22,20,52,52,32,24,20,12,54,84,70,46,118,92,76,56,32,38,58,60,36,8,70,104,70,114,54,100,76,148,130,114,50,58,60,14,24,38,42,28,12,22,16,32,14,10,6,6,18,32,12,24,12,4,4,2,4,6,10,12,14,24,6,10,14,18,16,14,22,12,6,26,32,255,255,255,255,142,255,255,255,68,255,255,226,16,8,2,36,36,30,48,56,4,6,20,26,34,20,20,8,16,10,10,30,28,46,10,20,16,10,48,52,102,255,255,255,20,16,10,14,90,226,26,168,106,52,194,68,255,255,255,255,255,255,255,30,36,34,46,255,255,255,252,255,255,255,255,20,16,24,26,24,26,20,20,140,255,255,255,170,184,110,156,34,54,178,182,118,150,255,255,255,255,92,28,24,20,14,6,4,84,186,190,134,255,255,255,255,196,56,26,134,255,246,246,194,110,238,224,254,255,255,255,246,132,80,60,56,90,255,255,255,178,255,214,10,206,255,255,255,255,255,208,142,94,255,255,255,252,255,255,255,255,208,80,102,255,255,255,255,146,32,12,6,16,58,62,254,255,255,255,218
146,255,255,255,255,118,38,58,188,234,242,255,255,255,255,255,255,255,255,255,255,255,255,255,255,200,152,70,255,255,255,255,240,255,255,255,255,255,100,255,255,252,255,190,255,146,98,255,255,255,255,70,255,255,255,198,255,255,255,255,255,255,98,255,200,255,255,255,182,255,146,224,234,255,170,255,255,232,255,240,230,255,255,255,16,38,22,14,44,34,104,255,255,224,8,200,255,255,164,62,255,255,255,255,214,30,140,246,244,210,82,4,8,6,6,102,255,255,14,32,34,40,76,222,255,224,114,16,30,54,80,76,48,30,30,14,8,32,20,12,28,22,16,18,4,4,26,4,8,20,10,18,12,14,16,22,22,10,16,20,30,34,14,14,12,24,22,8,12,12,22,18,22,8,4,14,16,2,0,0,0,4,10,10,10,12,6,8,10,6,4,12,42,66,48,14,6,8,12,0,4,0,0,0,0,0,0,2,2,2,0,2,6,6,4,6,6,2,2,4,4,4,4,2,4,4,18,24,18,10,10,8,0,4,4,4,4,4,6,8,6,4,12,8,16,8,10,10,6,18,16,4,22,16,12,6,14,16,24,18,20,4,8,4,18,22,42,22,30,16,32,64,68,72,62,58,46,52,24,32,30,80,164,118,124,38,10,22,48,64,46,12,26,22,2,10,14,18,22,28,12,10,24,14,6,10,16,40,32,12,38,14,14,14,10,22,20,18,4,14,18,14,12,14,16,12,10,20,2,18,114,255,255,255,255,36,80,142,255,255,242,200,212,138,42,26,32,54,60,28,4,10,8,4,26,10,26,10,12,12,10,4,8,28,38,96,58,66,34,28,38,58,255,255,255,32,12,6,22,30,34,170,158,194,255,255,255,242,255,255,255,255,248,255,255,10,18,24,34,210,255,255,255,192,255,255,255,38,30,26,14,22,18,62,186,255,255,152,188,255,134,118,200,54,40,20,70,158,200,198,255,255,255,255,220,34,14,4,16,8,28,54,138,214,192,255,255,255,255,255,50,122,255,255,255,255,255,255,232,224,198,56,40,166,214,228,88,12,128,255,255,76,255,255,176,40,24,136,144,144,82,54,12,36,204,255,24,250,255,255,180,194,62,255,255,255,255,255,255,255,255,98,14,4,4,32,64,88,255,255,255,219
207,255,178,150,136,255,242,255,255,255,255,76,204,186,240,255,160,255,255,255,255,255,255,216,72,255,255,255,255,255,255,255,255,255,104,255,194,255,234,255,255,255,255,56,134,140,244,255,255,255,255,255,255,255,255,255,212,188,255,255,255,255,255,255,108,255,255,255,194,196,78,172,224,114,255,255,248,255,255,255,255,174,190,88,44,46,24,14,22,36,66,255,255,255,104,58,255,255,255,255,255,255,246,84,255,255,255,255,255,255,178,12,14,20,20,116,255,255,255,246,196,254,255,255,255,255,255,210,64,16,50,50,36,36,44,26,14,30,12,8,30,22,6,8,16,14,36,20,22,32,20,14,10,2,4,10,8,26,18,14,22,40,30,10,12,24,20,4,16,16,12,0,12,12,8,2,10,16,14,10,6,2,10,8,6,6,8,6,2,4,4,4,18,52,56,18,10,2,10,2,4,0,0,0,0,0,0,2,0,2,0,2,4,4,4,4,4,2,2,2,0,0,2,4,0,6,6,20,28,26,16,4,4,0,0,0,0,4,8,4,6,6,8,6,14,10,4,8,20,8,26,40,30,28,10,10,12,20,18,10,34,14,12,18,20,14,10,16,8,10,12,14,8,38,72,84,44,18,6,14,18,32,92,90,86,30,22,12,4,20,12,10,20,30,28,28,26,26,26,6,6,20,18,14,32,30,28,12,14,20,8,16,12,18,6,10,4,16,4,18,26,22,12,18,12,8,6,20,24,246,255,255,255,208,44,42,255,255,255,255,212,26,216,164,62,12,12,28,22,4,8,4,4,14,14,28,12,12,14,14,50,44,56,20,46,86,8,72,32,26,36,184,255,255,255,30,18,12,26,22,12,88,255,255,255,255,255,255,255,255,255,236,255,255,255,30,28,88,255,255,255,255,128,255,255,255,255,34,32,38,38,24,88,226,255,210,50,255,255,255,82,68,66,92,14,18,74,194,82,28,82,255,255,255,255,255,66,20,20,6,10,12,26,112,218,220,194,255,255,255,255,16,190,255,255,255,100,48,20,12,176,255,255,255,255,255,255,52,114,255,255,255,255,248,156,32,16,76,126,126,84,24,4,12,172,255,248,8,136,255,255,244,255,255,236,132,108,44,255,255,255,255,54,8,8,8,26,72,106,255,255,216
208,255,222,160,255,255,255,176,255,110,255,255,255,255,255,255,255,255,255,168,146,106,30,38,255,255,255,255,50,255,70,255,66,255,255,255,255,255,100,255,255,116,240,255,255,252,190,126,255,255,26,255,255,255,255,198,255,255,255,255,255,116,255,255,255,255,255,255,255,255,240,70,214,255,255,255,192,255,255,255,140,50,14,16,18,18,26,38,26,24,54,126,255,255,255,50,68,255,255,255,255,172,68,255,255,255,146,178,255,255,180,18,28,64,72,14,198,255,255,255,255,255,255,255,132,116,238,220,94,20,30,24,26,36,36,28,6,34,34,36,34,30,32,24,18,22,24,14,8,24,32,8,12,2,2,8,14,18,20,8,6,26,32,24,20,24,24,18,24,20,10,8,6,4,6,6,16,10,12,10,6,4,10,6,10,18,14,6,6,4,2,12,8,40,74,36,8,4,8,2,2,0,0,0,0,0,0,2,2,2,0,2,4,4,4,4,4,2,2,4,4,4,4,4,0,6,4,8,20,28,28,20,8,0,2,4,4,4,6,4,2,2,6,6,4,12,12,18,18,8,18,18,8,24,24,24,14,10,10,2,12,12,16,16,22,22,24,20,12,20,18,18,14,16,16,26,26,18,6,12,12,18,24,22,24,10,12,34,48,36,34,32,26,24,22,18,20,6,10,20,18,28,10,10,14,16,8,24,26,12,12,18,18,12,14,14,8,10,4,2,14,6,6,24,8,6,20,74,255,255,255,255,90,238,255,255,255,255,255,255,114,136,232,212,46,8,10,12,6,4,10,26,24,4,14,6,22,22,14,14,40,32,62,58,62,56,36,56,52,46,18,255,255,255,32,16,18,8,30,20,14,12,202,255,255,255,255,255,255,255,255,255,255,255,58,128,126,255,255,255,255,255,255,255,255,252,72,14,36,48,28,156,255,255,158,76,255,255,226,50,108,226,212,240,198,48,74,236,252,220,198,168,148,255,255,255,255,130,32,22,2,6,20,10,64,214,255,190,255,255,255,255,124,32,30,116,255,216,166,184,255,210,184,160,190,255,255,126,24,190,255,254,50,164,176,180,224,255,255,255,255,136,22,26,24,184,255,240,255,255,255,250,255,188,26,12,18,24,32,255,255,255,255,32,14,6,12,36,70,186,255,123
186,255,238,255,255,230,255,94,255,255,255,132,66,216,222,255,255,255,255,255,14,32,8,40,255,255,255,255,255,255,255,255,255,202,182,162,255,116,255,255,255,255,255,255,255,255,128,42,54,255,255,255,255,255,255,92,255,255,255,255,150,255,66,255,255,255,255,34,144,180,126,255,255,206,255,255,255,255,196,62,28,38,44,18,6,30,26,28,30,26,40,64,146,255,255,255,70,40,170,158,132,30,96,255,255,255,255,255,255,255,78,78,255,255,255,255,140,14,104,158,160,152,106,16,96,220,255,255,108,44,24,16,22,30,36,34,28,20,16,28,30,24,40,26,12,24,16,10,8,18,30,24,12,2,6,6,18,16,28,22,22,16,14,20,28,30,30,28,38,38,14,4,6,4,12,16,22,8,6,10,10,0,10,6,4,12,20,20,12,6,8,6,8,30,74,64,14,2,4,2,0,0,0,0,0,0,0,0,0,0,0,0,0,0,0,0,0,0,0,0,2,4,4,6,2,6,6,4,4,12,18,24,20,6,4,2,2,2,2,2,0,0,2,4,6,6,8,10,10,10,4,2,8,10,10,14,14,12,8,6,12,16,12,6,8,10,10,12,16,18,18,22,24,20,20,20,20,20,20,20,18,20,28,22,30,24,24,34,18,10,18,22,26,14,22,14,20,10,16,16,22,28,14,10,22,28,34,20,10,12,10,10,2,12,20,8,10,16,14,8,8,4,10,34,16,18,226,255,255,255,255,108,255,255,255,255,255,255,222,46,244,176,255,252,14,10,14,12,12,10,56,38,38,2,12,16,6,14,22,6,58,16,30,30,88,78,60,68,40,58,160,255,255,255,8,44,42,4,34,18,10,8,62,255,255,255,126,255,255,102,172,22,170,255,255,255,84,255,255,255,98,255,255,255,128,28,10,48,34,88,255,255,152,58,152,255,255,128,32,190,254,120,66,112,255,166,8,72,138,94,158,166,208,120,255,255,255,255,218,38,20,8,10,12,12,58,166,255,230,255,255,255,255,255,255,255,255,180,82,82,162,224,255,255,255,255,255,124,10,24,116,164,255,250,255,255,255,255,130,120,255,160,22,28,20,66,186,186,194,64,160,210,216,84,12,6,22,14,14,128,255,255,255,168,32,8,16,2,36,124,255,33
154,238,196,255,162,255,255,66,72,26,255,255,255,134,32,255,255,255,255,255,194,8,24,34,188,255,255,255,255,255,255,255,212,255,255,106,12,255,255,255,178,240,188,255,255,255,92,40,148,255,255,255,255,255,122,236,255,255,144,255,255,255,255,255,248,240,174,255,255,255,250,186,92,236,255,255,255,82,32,24,30,10,44,42,16,8,100,232,224,190,60,42,42,232,255,255,255,240,94,10,32,32,90,255,255,255,255,204,52,90,244,255,255,255,255,255,255,255,255,226,192,210,220,255,255,255,255,162,34,34,38,34,34,34,40,46,38,40,38,34,26,20,28,8,8,26,22,14,16,26,30,22,26,30,8,10,22,6,16,12,8,10,10,8,16,22,26,26,26,28,22,12,6,12,14,10,22,16,6,14,12,6,12,0,8,4,6,10,14,6,8,14,10,14,50,74,36,8,6,4,2,0,0,0,0,0,0,0,0,0,0,0,0,0,0,0,0,0,0,2,6,6,4,10,6,4,2,2,2,4,10,24,32,22,12,8,8,4,2,6,6,4,4,4,6,6,4,6,8,8,6,6,12,12,12,12,4,14,10,6,8,4,8,6,4,4,4,4,6,8,8,12,12,8,8,8,8,8,8,12,12,18,4,6,10,26,24,20,10,32,40,12,16,12,20,10,18,18,20,16,10,4,20,26,18,22,20,4,12,12,8,2,10,20,10,12,10,12,8,4,10,12,10,24,78,255,255,255,255,202,248,255,255,255,116,255,255,158,186,138,255,186,255,255,16,8,8,18,8,22,44,26,36,18,18,14,20,40,6,22,70,24,56,80,72,38,36,98,102,102,255,255,255,14,16,30,26,26,32,20,10,16,6,162,255,255,255,255,255,255,186,255,255,255,255,255,168,255,255,255,140,255,255,255,102,16,6,42,98,255,255,168,184,202,255,240,80,88,234,226,40,46,110,98,255,138,20,26,74,255,255,246,255,200,152,255,255,255,255,255,62,16,10,14,12,14,20,114,254,208,190,255,255,255,200,182,116,255,226,224,244,244,168,86,112,206,186,106,252,255,255,255,220,44,56,70,130,255,255,255,255,148,8,12,18,4,4,32,10,12,6,22,18,10,30,16,18,16,22,22,224,255,255,255,110,12,12,16,2,86,132,14
158,198,240,132,158,162,162,255,255,255,255,38,255,248,26,82,255,255,92,255,255,16,30,48,192,208,255,255,184,188,255,255,255,255,255,122,30,255,255,255,255,255,255,255,255,248,184,255,255,255,255,255,116,64,255,255,255,255,255,255,255,255,255,255,106,212,202,255,255,255,255,188,255,255,255,106,26,40,54,36,32,22,140,255,255,255,255,255,255,255,255,56,40,92,238,255,255,255,255,255,255,198,124,72,72,120,200,255,255,255,255,255,255,186,174,255,255,255,255,255,255,255,255,255,255,222,106,68,56,46,64,60,40,22,18,26,28,26,38,40,32,28,34,32,28,34,32,24,24,34,38,20,24,40,18,22,36,20,32,22,16,16,12,10,12,8,2,16,24,22,24,20,10,12,10,4,14,16,4,14,14,8,18,10,6,8,8,20,16,6,18,14,18,4,24,76,62,2,8,2,2,0,0,0,0,0,0,0,0,0,0,0,0,0,0,0,0,0,0,2,4,4,2,6,8,4,2,0,0,2,4,8,22,26,26,18,4,2,4,6,10,14,12,6,4,8,8,8,8,6,4,8,14,12,12,20,10,10,12,4,4,6,0,8,6,0,0,0,0,0,0,4,4,0,0,0,0,0,0,4,6,12,10,2,10,22,28,94,84,60,26,28,14,16,26,20,16,18,16,2,18,24,36,30,16,14,8,8,20,18,20,8,16,6,16,6,10,14,2,4,6,26,20,255,255,255,255,255,20,255,255,255,255,142,138,142,130,200,188,196,255,146,255,182,24,4,16,20,10,18,32,40,20,16,10,20,42,28,18,26,30,28,50,32,72,50,114,36,100,255,255,255,198,16,42,2,6,16,16,10,16,34,26,32,255,255,255,30,255,255,136,255,255,255,255,255,255,50,255,255,255,50,255,255,255,198,142,164,250,255,82,255,255,164,138,34,128,252,162,42,32,44,66,254,242,74,26,18,94,216,234,22,156,168,124,232,255,255,255,255,255,104,26,34,18,4,2,12,110,255,232,144,255,255,255,255,255,182,150,76,48,54,184,255,255,252,232,255,255,255,248,204,234,166,230,255,255,255,255,142,116,26,8,26,20,24,10,24,14,8,14,14,14,10,24,26,16,26,12,34,14,255,255,255,255,58,10,6,12,42,72,16
182,138,96,126,255,220,202,96,84,68,236,255,255,218,26,20,255,255,255,255,255,18,14,255,255,255,255,210,255,255,176,255,255,255,255,18,24,255,255,255,255,208,20,226,255,255,255,255,255,255,80,255,255,255,255,255,220,255,255,255,255,255,255,255,192,255,255,255,158,144,255,255,255,252,96,38,48,38,38,48,10,44,255,255,255,255,236,255,180,255,255,182,72,222,220,122,220,255,255,255,255,255,255,255,255,255,255,255,255,255,255,208,78,2,8,54,94,150,208,238,206,180,156,112,56,54,44,38,44,30,46,58,34,32,36,40,34,26,36,48,46,36,32,40,46,42,34,18,8,16,30,18,6,24,12,28,42,24,16,8,0,10,16,14,6,4,12,22,38,36,34,24,8,6,6,2,8,14,6,14,12,2,12,16,2,8,8,24,18,4,20,20,24,6,6,66,82,28,10,4,2,0,0,0,0,0,0,0,0,0,0,0,0,0,0,0,0,0,0,2,4,6,6,2,2,6,6,2,0,2,6,6,8,10,26,36,30,16,2,12,14,10,10,8,8,6,2,2,6,8,4,4,8,8,12,18,12,6,12,10,6,6,10,10,10,0,0,0,0,0,0,4,4,0,0,0,0,0,0,4,14,22,16,18,22,22,62,70,70,72,10,16,4,22,14,12,6,6,2,20,32,24,26,24,12,6,6,14,22,14,12,16,8,4,8,6,10,6,12,12,28,226,255,255,255,255,142,255,255,255,255,255,255,255,255,255,220,178,142,78,152,255,255,56,16,16,34,16,20,20,8,10,14,22,12,4,10,16,46,88,92,44,6,28,38,30,12,88,18,255,255,255,60,50,30,22,16,22,22,16,20,26,24,38,114,255,255,255,255,255,255,108,255,255,236,255,255,184,102,255,255,255,230,255,255,255,255,232,122,126,255,255,148,30,48,176,236,104,30,28,24,144,255,168,30,8,18,10,78,255,255,255,255,255,172,160,172,90,255,255,255,255,182,14,16,6,4,6,20,78,236,255,140,255,255,255,255,126,66,122,242,255,255,255,255,255,244,70,190,250,255,255,255,255,218,160,112,122,56,8,20,24,24,30,12,22,28,32,16,12,10,16,30,20,38,6,16,2,24,22,4,28,255,255,255,255,50,12,6,20,52,5
135,255,40,88,255,218,255,255,255,255,255,242,210,146,18,22,106,255,255,255,255,68,34,255,255,255,255,134,255,255,255,162,255,255,255,24,58,124,104,204,255,255,255,255,255,255,255,255,140,255,255,255,255,255,255,158,255,255,255,255,255,255,255,255,208,190,132,218,255,255,255,255,16,50,30,200,255,255,255,255,255,144,255,255,182,242,242,255,255,255,208,255,255,255,255,255,255,12,168,234,255,255,255,255,255,255,255,255,182,96,12,20,46,24,28,24,46,34,34,46,24,24,40,64,64,46,26,14,10,18,58,46,38,72,68,80,66,54,42,50,54,42,32,32,48,50,48,34,16,8,16,30,22,22,14,18,30,26,4,12,20,28,20,4,12,24,28,26,36,42,50,42,22,14,10,6,10,16,14,12,4,4,0,16,10,14,8,22,26,8,10,16,10,12,8,46,82,52,6,2,4,0,0,0,0,0,0,0,0,0,0,0,0,0,0,0,0,0,0,2,4,6,8,10,8,4,4,2,0,0,2,6,6,4,8,22,32,30,20,4,12,16,12,6,2,8,12,10,10,10,8,4,2,6,12,16,8,2,6,10,6,6,10,8,14,4,4,2,0,0,2,6,4,0,0,0,0,0,0,6,16,12,28,10,34,26,58,114,102,72,10,20,14,12,18,22,16,14,10,18,18,4,8,14,0,4,2,14,28,26,20,20,4,12,12,26,10,26,12,178,255,255,255,255,255,196,255,255,255,255,238,255,255,212,24,88,106,148,208,224,255,255,114,36,18,16,32,42,16,18,6,22,24,20,32,32,20,22,88,82,62,36,20,64,144,78,58,18,252,255,255,160,28,54,30,32,30,30,20,26,2,36,26,20,26,246,255,255,92,255,255,255,255,255,255,255,255,228,54,122,255,255,255,255,255,255,255,255,200,255,204,98,0,136,226,178,22,40,84,36,214,226,124,18,14,10,2,14,20,112,248,226,202,84,24,150,162,255,255,118,255,255,255,255,36,20,8,16,12,4,60,214,255,206,255,255,255,255,244,255,255,255,120,22,255,255,255,255,255,255,255,255,255,255,170,34,20,28,28,32,14,2,18,2,12,10,18,10,16,2,4,18,26,30,18,20,8,6,16,28,14,34,114,255,255,255,152,4,10,12,26,10
115,255,156,168,255,255,255,202,154,156,78,12,4,12,22,30,20,255,255,255,255,86,52,255,255,255,255,102,255,255,255,124,134,216,255,255,255,255,255,255,255,255,255,255,224,84,255,255,255,255,255,255,255,255,255,255,255,255,60,255,255,255,255,255,255,255,255,255,255,255,212,180,255,255,255,255,255,255,255,255,255,255,166,255,255,255,255,172,255,255,188,248,255,176,250,255,255,255,46,38,32,28,40,68,74,30,26,14,40,28,12,4,32,38,6,12,34,40,32,66,56,32,42,32,40,80,100,58,44,70,96,92,68,48,40,58,56,58,30,34,46,46,48,38,50,56,74,78,62,34,32,42,44,36,20,6,16,18,24,24,8,4,6,14,16,14,6,4,4,18,46,58,44,26,18,10,6,10,14,10,6,6,10,10,12,8,6,14,14,14,12,16,8,10,2,22,66,64,12,4,4,0,0,0,0,0,0,0,0,0,0,0,0,0,0,0,0,0,0,4,6,4,6,10,12,6,2,2,4,2,0,4,2,6,8,8,8,22,30,34,26,14,8,4,0,4,8,6,4,4,4,4,6,10,14,16,6,14,18,16,6,6,14,20,22,10,10,8,4,2,4,6,2,0,0,0,0,0,0,8,4,14,8,10,2,18,18,24,26,14,18,16,8,8,2,2,18,16,20,10,28,24,28,20,12,10,12,4,20,22,16,20,20,26,24,16,18,148,255,255,255,255,255,118,255,255,255,255,255,130,64,38,18,20,108,98,78,52,255,255,255,226,40,4,18,28,8,32,36,2,22,18,18,24,16,24,32,46,66,46,44,54,20,106,26,100,14,146,255,255,255,32,22,32,12,4,18,18,12,20,30,14,30,10,24,52,255,255,255,255,255,255,48,255,196,96,240,255,255,88,48,244,255,255,255,166,255,255,255,220,38,22,198,255,98,46,14,106,88,255,186,58,32,6,26,22,14,26,12,10,28,84,255,255,255,255,255,255,255,255,255,255,255,255,255,86,16,14,6,10,6,28,140,255,222,182,255,255,255,188,4,170,248,255,255,255,255,188,126,84,40,32,86,84,66,8,22,18,16,8,12,8,16,4,8,4,10,10,12,18,10,10,24,16,10,8,6,16,24,24,28,16,24,248,255,255,255,88,10,4,12,4
194,255,126,78,92,104,108,50,18,16,16,20,34,40,50,46,10,255,255,255,255,238,198,255,255,250,255,255,255,255,255,255,255,255,255,255,255,255,255,255,238,44,255,255,255,255,255,255,255,242,255,255,138,255,255,240,255,198,144,255,255,255,90,104,255,255,255,250,255,255,255,255,255,255,255,152,255,100,152,255,255,255,178,255,255,255,232,255,255,255,255,255,255,228,255,255,255,240,32,24,20,26,36,22,54,38,56,38,52,44,38,30,24,54,66,14,18,50,24,50,90,48,40,58,54,30,58,54,48,62,72,74,62,38,30,26,18,40,26,34,46,44,36,22,28,28,58,74,66,44,34,42,38,34,36,20,30,32,28,32,34,28,12,6,10,4,10,10,4,6,8,30,48,48,36,18,6,10,6,16,10,4,14,4,8,12,12,6,24,18,14,10,10,12,22,46,72,56,16,4,4,0,0,0,0,0,0,0,0,0,0,0,0,0,0,2,4,4,2,4,6,4,4,2,8,4,2,2,2,2,0,2,2,0,4,4,2,6,14,26,34,30,24,18,10,16,24,24,14,6,2,2,4,4,12,24,26,32,16,8,4,6,2,14,10,2,4,10,14,12,8,4,6,6,8,12,12,8,2,8,2,12,4,6,8,12,14,18,24,10,8,8,12,12,10,2,22,10,26,26,14,30,56,32,10,10,20,10,6,14,6,12,30,38,10,176,255,255,255,255,255,78,255,255,255,255,255,152,36,20,100,74,52,86,126,34,108,224,255,255,255,255,24,36,32,14,28,30,48,52,2,32,28,14,36,40,32,42,14,36,38,44,8,88,88,56,86,255,255,255,132,26,28,20,8,12,14,10,12,6,16,32,32,14,24,4,200,255,255,234,255,255,255,74,255,255,255,174,255,255,104,32,148,255,255,255,255,255,255,255,255,246,255,34,66,30,38,154,255,150,4,4,12,16,36,14,28,14,8,6,10,166,255,255,255,116,178,194,255,255,255,146,255,255,255,255,164,16,24,14,10,10,14,112,255,222,98,255,255,255,255,255,252,255,184,56,54,24,2,10,10,22,10,10,16,16,28,4,38,18,6,12,26,12,12,14,18,12,14,6,16,10,12,20,20,8,6,8,28,22,20,16,12,14,255,255,255,255,56,6,6,2
209,50,10,40,66,124,168,190,192,218,252,255,255,255,255,255,255,255,255,255,255,255,255,255,255,255,255,255,255,255,255,255,255,255,176,34,226,255,255,255,255,255,255,255,255,255,255,196,70,230,255,184,255,255,255,255,255,64,255,255,255,164,52,32,62,114,128,255,255,255,255,255,255,166,255,184,255,240,216,150,52,255,255,20,142,255,255,70,255,255,120,255,255,255,255,255,255,194,70,50,52,74,66,64,60,52,34,32,42,42,20,26,46,44,90,48,38,56,20,50,102,92,82,82,80,62,42,48,50,58,52,24,40,54,62,64,38,40,42,44,52,46,32,30,42,26,32,50,60,56,46,52,42,34,38,24,26,38,34,24,32,34,20,14,16,2,14,8,10,12,6,16,22,36,40,46,36,24,20,22,12,16,12,18,30,32,20,24,18,28,24,60,54,44,36,64,70,32,4,12,6,0,0,0,0,0,0,0,0,0,0,0,0,0,0,4,6,6,4,2,4,6,6,2,4,6,4,4,4,2,0,0,0,2,4,4,4,2,0,4,10,14,18,24,28,30,24,12,8,6,4,6,8,6,12,14,14,6,16,10,4,6,10,16,2,6,6,4,4,10,16,18,14,8,10,12,12,10,0,6,2,12,8,8,8,10,14,10,14,8,8,10,12,18,28,24,22,14,8,12,40,46,46,20,22,16,28,26,30,8,12,14,104,255,255,255,255,255,255,162,255,255,255,255,255,134,60,18,28,90,102,26,66,112,70,180,42,255,184,240,255,255,6,2,2,6,26,32,24,38,16,8,6,4,18,26,26,30,12,44,50,44,54,70,34,52,242,255,255,255,30,12,32,10,4,14,10,2,8,2,10,4,4,6,18,30,52,255,255,255,255,255,255,138,255,74,255,255,234,255,255,22,20,82,255,255,255,255,255,255,255,255,126,44,64,34,206,226,104,24,12,8,112,138,152,90,62,16,8,2,12,176,255,255,255,255,255,255,234,234,118,174,108,255,255,255,255,246,22,16,2,4,8,20,130,255,242,138,255,255,255,255,50,30,6,16,22,14,14,22,6,10,20,18,16,18,20,32,40,46,28,20,16,10,20,10,6,6,2,14,12,14,14,6,18,6,4,10,10,18,16,18,2,22,66,255,255,255,224,32,12,3
209,255,255,255,255,255,255,255,255,255,255,255,255,255,255,255,255,255,255,222,255,255,255,255,255,114,10,112,232,255,255,255,255,255,255,255,255,255,255,255,226,255,255,255,126,26,14,12,24,255,255,255,255,212,255,255,58,255,255,255,255,255,138,204,186,228,122,255,255,170,255,180,255,255,255,240,255,255,255,240,204,180,255,70,64,255,255,255,255,255,192,248,196,144,160,152,124,66,92,50,44,50,30,54,42,38,28,34,32,68,72,68,48,24,50,34,24,30,58,66,82,96,104,104,126,116,66,56,56,78,96,44,22,38,72,100,72,50,40,32,44,24,14,20,26,32,32,42,44,30,26,54,58,46,50,24,16,34,34,18,22,40,18,16,24,6,18,4,12,6,20,10,8,22,28,36,44,32,32,20,22,4,10,18,12,44,24,26,48,30,60,90,66,66,22,42,46,4,6,12,10,0,0,0,0,0,0,0,0,0,0,0,0,0,0,4,4,4,4,0,0,4,4,0,2,6,6,4,2,0,0,0,0,0,0,0,0,0,0,4,6,2,8,18,28,38,42,36,12,6,2,6,6,8,12,12,12,16,22,6,6,6,10,14,4,0,2,6,14,10,10,2,12,8,8,4,10,8,4,8,4,14,14,12,12,8,8,4,8,12,0,6,6,4,8,12,6,16,16,16,8,24,10,22,26,12,22,12,22,28,178,255,255,255,255,255,255,196,255,255,255,255,255,230,80,34,78,44,58,64,34,30,70,130,150,96,255,130,230,255,255,255,24,6,8,20,18,22,56,48,18,8,10,16,8,54,38,60,96,136,68,22,22,98,24,40,255,255,255,66,42,24,36,12,18,28,14,10,6,2,8,22,24,16,2,8,28,176,255,255,255,255,255,26,255,130,255,255,192,255,255,14,22,2,58,255,255,255,255,110,255,255,255,202,110,255,182,38,8,20,18,24,142,255,255,255,122,20,12,12,10,74,255,255,255,255,108,4,50,234,255,255,255,255,255,255,255,255,255,74,18,4,12,10,14,92,218,255,184,255,255,255,255,130,30,8,30,24,16,38,26,16,10,10,12,10,12,20,48,42,32,38,20,18,12,8,12,12,14,0,14,18,8,10,18,4,6,6,8,12,22,24,12,6,14,166,255,255,255,114,26,2
90,255,255,255,255,255,255,255,255,255,255,212,144,54,64,124,230,255,255,255,238,255,255,255,255,255,255,255,255,255,255,255,255,255,255,188,226,255,255,255,255,255,255,242,44,28,28,32,28,174,255,148,255,255,255,255,255,255,255,255,180,255,255,206,108,170,182,226,255,255,255,226,240,58,72,222,255,246,234,255,255,255,255,58,24,154,255,255,230,182,106,66,40,38,36,52,48,44,78,48,38,30,34,52,48,54,54,68,42,32,54,16,32,76,106,216,170,198,18,44,66,78,70,80,96,100,82,76,52,40,78,88,42,54,54,76,46,48,44,46,66,42,38,32,18,26,24,36,54,44,16,28,44,44,58,50,48,54,30,14,32,30,22,48,36,24,22,22,12,14,12,10,14,28,32,10,16,22,36,50,12,38,32,36,70,74,48,56,62,64,76,52,18,48,38,40,62,22,6,6,12,4,2,0,0,0,0,0,0,0,0,0,0,0,0,4,6,6,4,0,0,4,6,4,2,2,4,6,6,4,4,4,4,4,4,2,0,0,0,4,6,6,6,6,12,16,18,36,44,30,12,18,24,30,26,22,20,16,8,12,14,14,2,14,14,14,4,4,6,10,8,4,10,2,6,2,8,10,12,12,10,12,12,12,10,6,2,6,4,8,12,18,18,8,10,4,18,16,14,8,24,40,26,4,44,36,16,110,255,255,255,255,255,255,190,255,255,255,255,255,255,234,80,28,74,88,78,80,134,76,22,42,88,80,192,255,206,206,255,255,182,50,26,10,34,24,28,36,36,52,48,26,20,10,16,52,18,56,82,84,54,42,110,190,98,255,255,255,128,48,24,30,34,12,18,18,12,8,8,4,18,16,24,24,4,6,16,20,255,255,255,255,146,78,255,255,164,190,255,255,236,8,8,20,40,52,242,255,255,255,50,255,255,255,255,136,22,20,6,12,14,20,186,255,104,255,98,44,14,18,24,14,54,110,68,120,168,168,174,255,255,255,255,226,255,170,255,255,255,255,112,36,2,14,20,14,54,162,255,212,234,255,255,255,160,26,18,14,14,14,18,4,4,4,6,4,6,6,34,14,24,24,12,6,10,10,14,12,6,14,18,10,4,10,14,10,4,6,8,0,14,30,32,18,30,18,255,255,255,255,52,3
11,255,255,255,255,255,255,255,255,255,255,255,255,255,255,255,255,255,255,255,255,255,255,255,255,255,255,255,255,124,255,192,255,216,132,255,106,126,255,255,255,255,255,248,84,40,22,42,26,62,255,255,255,255,255,46,255,255,255,255,255,255,255,210,232,130,138,222,132,255,58,142,255,198,238,88,255,255,255,255,255,244,255,70,26,34,76,44,46,32,34,24,26,26,34,22,16,10,32,56,42,48,48,46,58,48,34,32,50,40,100,255,255,255,255,255,255,255,144,38,72,54,54,66,70,74,76,88,90,54,38,92,84,56,52,60,34,46,62,70,58,40,40,50,56,58,38,34,66,90,66,34,36,48,42,22,30,54,40,22,28,32,40,42,20,18,8,16,12,16,8,10,16,2,28,20,22,18,16,42,88,96,86,86,74,68,82,44,56,36,14,48,20,38,54,20,42,24,4,8,4,6,6,2,0,0,0,0,0,0,0,0,0,0,0,2,4,4,2,0,0,2,4,6,4,0,0,2,4,4,4,4,4,4,6,6,2,0,0,2,4,4,2,0,4,4,4,10,18,34,44,40,26,4,18,34,26,30,16,16,6,12,4,8,4,8,14,14,14,4,8,18,16,12,10,8,10,4,6,4,6,2,0,0,2,2,2,2,6,6,10,12,16,16,2,8,18,6,8,4,16,44,48,18,122,255,255,255,255,255,255,44,236,255,255,255,255,255,255,170,92,38,178,172,76,56,86,158,166,118,98,96,62,255,255,172,238,255,228,92,16,16,8,28,18,8,28,20,42,92,84,66,8,12,8,38,36,48,96,88,32,18,70,114,116,255,255,255,44,44,66,58,52,22,24,14,26,18,18,18,22,18,24,18,12,12,12,18,126,246,76,186,100,12,54,226,255,255,255,112,104,100,30,12,16,32,30,120,255,255,255,130,255,255,255,26,30,6,20,28,22,20,130,255,106,152,188,142,46,4,22,20,12,16,255,255,255,212,176,92,255,238,228,255,255,255,40,255,255,255,255,204,46,14,18,2,8,30,124,255,255,204,255,255,255,255,16,14,8,12,22,8,0,6,8,14,12,12,20,20,24,20,12,8,4,4,0,6,12,14,8,12,20,14,2,10,4,10,8,12,14,10,26,12,16,24,26,255,255,255,248,6
154,255,255,255,255,255,255,255,255,255,255,84,114,255,255,255,255,255,255,255,255,255,255,255,102,14,16,10,255,255,255,255,255,255,255,255,255,255,255,255,255,255,255,255,56,18,2,8,8,14,120,255,255,255,64,255,255,255,255,252,255,255,255,255,136,255,244,255,184,255,74,136,162,255,255,255,255,255,255,254,150,96,84,34,26,22,36,48,54,122,164,106,38,18,28,50,64,18,24,44,34,10,82,112,198,255,240,160,32,62,208,255,255,255,248,248,166,255,122,114,60,40,54,72,66,58,56,66,96,94,32,42,92,62,82,86,36,16,34,68,50,40,36,42,52,54,58,26,10,28,60,48,36,52,46,16,20,52,50,38,50,56,44,24,22,18,10,20,18,10,4,4,14,4,18,24,42,36,30,132,130,70,48,92,46,54,42,52,48,10,58,56,40,32,68,40,44,18,14,6,2,4,6,4,0,0,2,2,2,0,0,0,0,0,0,0,0,0,0,0,0,0,0,4,6,4,4,4,2,0,0,0,0,0,2,6,6,2,0,2,2,2,0,0,4,6,8,8,4,10,28,44,52,48,36,28,18,36,38,50,40,20,6,16,12,10,10,10,20,22,64,48,38,10,4,8,10,10,12,10,6,4,2,2,4,0,8,12,18,12,10,28,24,12,10,4,20,40,40,32,128,255,255,255,255,255,255,255,132,216,255,255,255,255,255,254,172,146,64,46,74,80,78,92,24,44,146,134,46,148,118,186,255,250,92,255,255,255,60,4,20,10,34,18,36,26,50,36,48,62,46,44,18,10,4,20,30,6,44,34,6,16,36,112,210,255,255,255,44,18,30,40,34,10,24,20,28,20,18,22,14,14,14,8,14,16,40,20,22,200,142,176,50,122,78,124,26,184,255,255,255,255,255,30,6,18,0,32,255,255,255,102,255,255,255,38,16,20,16,32,30,34,86,206,255,255,255,232,40,36,8,28,12,16,255,255,42,136,200,218,255,255,255,254,255,122,18,24,255,255,255,255,255,64,36,24,10,16,16,94,255,252,200,255,255,255,255,22,14,14,36,22,6,6,12,18,10,14,10,22,12,18,10,10,6,8,2,8,8,12,14,28,26,18,18,12,12,16,14,10,32,20,28,24,28,26,6,98,255,255,255,9
222,255,255,255,255,255,255,255,255,255,255,255,255,255,255,54,20,4,48,255,255,255,255,255,255,255,30,12,255,255,220,255,82,255,255,255,255,255,210,188,212,236,218,100,12,12,20,6,10,38,72,255,255,255,255,255,255,255,255,255,255,255,255,255,52,255,160,255,108,255,255,238,255,255,255,255,224,62,26,20,28,28,18,20,98,255,255,255,255,255,255,255,90,24,38,40,64,42,12,18,110,255,255,255,255,255,255,255,34,34,255,255,236,255,255,255,255,255,224,136,40,32,44,66,64,60,54,44,56,86,52,42,50,76,74,76,64,42,50,28,78,90,48,52,70,50,50,36,18,22,44,40,26,46,60,40,40,62,58,44,60,62,62,54,46,42,34,34,36,14,20,20,16,6,12,4,16,36,68,136,72,12,16,22,66,24,12,40,46,24,68,50,68,12,28,32,16,10,26,22,8,6,6,4,0,0,4,2,4,0,0,0,0,0,0,0,0,0,0,0,0,0,0,2,4,4,4,6,6,4,2,2,2,2,0,2,6,6,4,6,4,4,0,0,2,6,10,14,14,8,4,6,16,34,52,86,74,40,28,8,28,28,40,48,30,20,4,16,26,28,46,10,46,16,4,8,4,2,4,8,8,4,6,6,6,0,8,12,14,26,40,30,28,16,56,78,140,255,255,255,255,255,255,255,255,92,236,255,255,255,255,255,128,168,164,74,88,36,100,46,22,28,74,60,58,38,184,12,250,102,230,255,156,210,255,255,212,102,12,16,16,4,32,20,36,20,20,4,36,66,46,42,2,16,14,36,22,24,28,22,20,20,48,255,255,255,255,255,232,10,20,22,20,16,14,18,10,24,18,22,4,4,8,8,18,26,38,18,6,88,232,26,230,255,240,255,116,255,255,255,255,255,255,224,16,14,18,46,255,255,255,255,228,255,255,255,52,16,18,28,10,28,46,255,255,62,255,254,10,16,30,26,18,6,166,255,255,255,255,154,94,104,102,40,2,10,38,8,18,196,255,255,255,255,80,22,16,8,2,20,66,204,255,204,255,255,255,255,50,36,24,34,6,12,10,4,10,24,8,16,2,16,6,6,4,10,4,10,10,10,18,20,14,12,18,10,12,14,24,18,28,28,16,12,18,12,24,10,212,255,255,5
207,255,176,255,168,244,216,255,255,150,255,255,255,255,206,92,40,24,24,122,255,255,255,84,255,255,255,4,118,255,255,255,255,154,122,84,64,26,30,26,4,12,6,14,10,6,22,2,20,38,255,255,255,66,255,255,255,255,98,255,154,255,255,255,255,255,255,172,224,254,255,255,255,130,50,30,38,28,42,18,30,10,42,22,226,255,255,255,255,255,255,255,128,46,22,44,8,56,48,26,255,255,255,255,104,255,255,255,102,134,198,255,255,255,255,255,255,238,134,66,28,24,30,48,54,66,72,58,50,52,48,42,30,38,72,118,140,255,202,246,40,78,28,34,50,74,70,66,54,42,44,52,46,52,64,40,30,48,58,58,32,20,44,54,50,52,46,28,30,36,20,12,24,26,22,16,6,14,88,170,84,16,22,14,42,12,22,12,20,42,68,32,50,54,22,4,20,20,12,18,4,6,8,4,0,0,4,0,4,0,0,0,0,0,0,0,0,0,0,0,0,0,0,0,0,0,0,2,4,6,6,4,4,6,4,2,2,4,4,2,4,4,0,0,2,2,0,4,10,8,4,8,12,12,10,34,58,68,82,66,52,44,20,10,12,22,40,56,70,48,54,16,54,50,24,18,10,6,8,12,20,22,14,8,16,22,26,48,74,104,168,214,248,255,255,255,255,255,255,255,255,28,202,255,255,255,255,255,255,255,178,242,255,196,116,66,22,132,144,90,58,58,92,186,78,52,164,222,100,255,224,30,232,255,255,122,44,20,12,12,2,10,16,26,16,24,12,20,38,22,2,16,36,42,30,78,44,64,24,18,34,22,244,255,255,255,255,188,255,104,18,8,10,18,12,14,14,12,10,10,14,6,4,14,6,16,22,20,14,18,174,230,255,255,255,255,250,255,255,88,72,255,255,255,24,16,16,32,76,255,255,255,255,255,255,255,255,110,14,14,10,22,8,255,255,255,255,228,84,26,12,22,16,10,6,144,216,232,90,36,10,10,4,18,14,12,20,6,10,22,112,255,255,255,255,122,36,22,4,18,18,48,210,255,226,255,255,255,255,120,30,24,18,32,20,18,16,14,18,32,18,24,14,8,12,12,4,4,6,6,4,8,10,6,6,6,6,6,30,24,12,20,16,28,26,20,10,20,12,255,255,40
210,255,255,255,255,255,255,255,255,255,255,255,255,255,190,116,58,18,16,14,52,255,255,255,168,255,255,50,34,54,54,80,48,14,14,6,18,16,10,12,16,28,42,44,36,16,10,6,24,62,255,255,255,255,255,255,34,255,255,255,255,226,255,100,255,116,255,255,255,168,86,44,42,6,26,10,128,230,228,255,255,255,240,30,255,255,118,255,242,255,255,255,116,144,255,255,196,26,60,44,255,255,224,255,255,255,255,255,82,190,100,255,255,246,138,94,92,78,66,58,44,36,38,36,40,48,74,88,84,74,44,52,72,102,244,255,255,255,255,255,255,42,38,40,14,48,66,66,56,44,34,42,62,68,66,56,48,46,52,58,50,20,34,48,44,36,38,32,36,48,38,20,10,4,10,22,6,4,44,168,160,50,6,66,68,44,16,28,24,26,42,46,22,28,26,14,28,10,14,12,8,12,24,26,12,6,10,2,4,4,4,4,2,0,0,0,0,0,0,0,0,0,0,0,0,0,0,0,0,2,6,4,4,4,4,2,2,4,4,6,6,4,2,4,4,0,6,8,6,2,4,2,0,0,2,12,8,4,30,30,42,68,70,64,52,44,50,32,14,8,26,26,36,60,38,40,52,66,68,82,96,112,92,106,94,62,78,146,206,255,255,255,255,255,255,255,134,70,244,255,255,255,255,255,255,255,255,246,122,82,220,255,255,222,42,84,108,46,48,58,38,2,20,82,146,124,58,60,172,142,134,255,255,232,78,16,20,16,10,16,30,8,24,14,8,24,16,24,34,32,40,22,18,28,38,72,24,44,52,34,30,174,255,255,255,42,255,255,255,255,14,6,22,4,6,6,16,12,22,18,22,14,6,22,18,14,12,26,10,14,54,255,255,255,255,255,255,255,255,232,108,255,255,255,54,8,8,28,16,40,255,255,255,255,112,255,255,255,196,10,12,26,30,102,255,186,168,255,255,34,18,8,10,12,22,2,8,22,12,34,26,40,30,34,22,4,10,6,2,10,2,36,255,255,255,255,184,44,22,12,16,2,28,154,255,255,255,255,255,255,198,14,12,28,12,14,20,12,28,26,18,24,20,18,20,18,10,4,4,4,6,14,20,16,6,4,2,10,36,50,20,26,14,12,16,10,14,18,16,72,255,126
210,255,255,255,198,255,255,255,202,252,236,176,122,104,106,78,16,10,8,16,20,4,154,255,255,255,255,228,24,10,4,22,38,38,22,4,14,20,20,64,190,255,255,255,228,26,24,10,10,236,255,255,86,255,255,166,20,134,255,255,255,255,255,255,255,255,24,48,28,16,32,38,186,255,255,255,255,255,255,255,255,255,255,158,255,255,255,255,255,255,208,246,255,255,255,255,255,160,16,24,255,255,255,255,200,255,255,255,200,166,68,44,42,36,24,36,52,80,76,72,70,38,42,48,52,38,68,102,96,98,76,82,188,255,255,208,240,96,106,184,255,152,24,22,26,26,34,40,48,58,50,24,28,54,48,54,56,40,16,20,40,46,20,18,18,22,38,44,48,52,44,36,44,50,34,6,24,26,74,134,102,66,26,42,32,50,6,40,64,8,24,8,36,22,20,8,6,16,24,30,42,44,36,52,42,16,12,4,4,6,4,4,6,4,2,2,2,0,0,0,0,0,0,0,0,0,0,0,0,0,2,2,2,4,6,2,2,4,4,8,8,6,8,4,2,8,16,12,8,4,6,4,4,4,4,10,16,16,18,4,12,4,10,24,30,32,60,82,84,78,76,86,68,74,34,36,44,44,24,42,52,48,20,36,50,20,42,78,86,92,162,192,206,240,255,255,255,255,255,255,255,255,182,156,122,114,120,100,48,20,84,255,230,38,100,28,84,82,86,68,36,42,68,124,60,72,204,230,84,90,250,224,144,86,16,8,4,8,10,16,26,18,12,48,58,48,8,48,48,18,16,30,26,16,50,26,16,20,38,38,68,255,255,255,166,212,118,255,44,255,122,20,18,6,8,2,6,22,26,18,26,18,14,26,14,12,20,32,8,10,14,208,255,255,255,255,255,162,255,255,255,255,255,255,52,10,2,16,10,10,30,178,255,255,255,112,255,255,255,255,20,6,34,8,230,255,255,255,255,78,22,18,6,64,114,92,98,70,20,28,26,8,18,12,8,8,8,18,20,8,12,26,2,255,255,255,255,255,62,36,10,14,18,12,110,255,255,230,255,255,255,255,6,28,12,16,24,8,20,18,2,14,12,10,10,10,8,4,2,8,10,12,4,12,10,6,4,14,18,40,28,14,8,6,6,8,20,18,18,20,170,211
211,34,30,4,10,16,16,14,12,12,10,4,14,12,8,14,20,14,20,16,24,30,26,255,255,248,255,255,22,14,20,8,24,46,20,42,166,255,255,170,255,255,255,255,255,26,46,26,44,255,255,255,255,255,255,28,26,36,255,255,132,255,64,255,86,255,255,34,20,255,255,255,255,255,255,255,136,255,236,124,255,255,255,200,248,154,78,182,255,102,255,255,255,230,255,60,255,246,34,38,146,255,255,222,46,88,106,90,42,32,52,50,52,40,38,18,40,46,36,18,60,40,26,54,64,28,38,68,102,112,212,255,255,255,238,176,255,255,255,255,255,200,30,24,38,44,34,24,22,40,60,32,22,48,52,48,34,26,40,22,22,58,72,62,46,40,42,46,62,72,54,28,20,84,124,102,80,54,158,170,76,44,84,28,62,50,34,48,76,34,24,30,12,48,56,32,14,24,74,48,58,46,24,44,52,34,10,2,4,6,6,10,8,6,6,2,4,0,0,0,0,0,0,0,0,0,0,0,0,0,0,0,0,4,6,2,2,6,6,6,4,2,8,10,12,18,22,12,12,6,2,0,0,2,4,4,14,6,20,14,14,6,8,18,16,10,12,8,8,26,40,58,62,52,40,32,54,88,88,94,128,128,130,130,126,84,106,158,194,216,255,255,248,240,248,255,255,194,108,114,114,92,80,74,42,24,38,34,76,40,112,112,88,70,6,62,50,36,32,86,24,86,42,92,174,168,96,106,188,174,162,58,36,14,4,0,0,4,12,24,16,14,22,52,24,58,44,48,40,14,52,28,2,48,24,10,16,36,24,54,255,255,255,188,48,255,76,255,255,200,255,26,6,14,10,8,12,14,10,10,30,26,26,28,12,12,16,10,16,26,20,34,255,255,255,126,255,255,100,255,255,255,182,46,22,18,6,2,10,6,12,24,106,255,255,255,255,255,255,255,255,40,16,10,236,255,255,255,255,126,40,12,28,64,98,106,148,188,154,90,30,18,14,6,12,18,32,20,20,16,20,6,32,14,222,255,255,255,255,88,32,18,8,24,18,76,220,255,216,255,255,255,255,20,24,30,22,18,22,18,4,6,10,12,12,10,8,10,6,16,12,24,18,20,10,10,4,14,10,24,16,6,6,4,8,12,6,22,22,6,14,218
211,8,16,18,18,12,14,14,14,8,12,6,6,10,8,6,14,16,14,8,6,16,10,80,255,255,255,255,40,14,10,68,134,136,214,255,255,255,255,255,244,224,250,255,255,184,72,20,116,255,255,164,255,255,250,28,32,22,80,255,255,255,255,255,255,255,255,100,188,255,255,255,82,255,162,255,255,255,255,255,255,255,90,255,255,230,255,255,255,50,255,255,255,255,255,255,255,255,50,68,54,52,42,18,26,24,18,22,24,30,46,62,46,26,34,30,16,16,32,12,38,60,38,32,48,50,136,255,255,255,255,255,255,120,118,255,240,255,255,254,220,148,66,40,36,62,48,24,20,26,48,50,44,46,56,62,46,42,70,64,28,30,62,86,82,58,38,24,54,114,130,134,150,144,94,46,56,128,162,70,40,84,64,102,12,2,38,66,42,86,42,32,68,104,74,88,72,60,62,18,32,18,12,28,42,36,12,10,4,4,4,4,6,6,6,2,4,0,0,0,0,0,0,0,0,0,0,0,0,0,0,0,0,2,6,6,2,2,4,2,2,4,6,6,4,8,10,12,14,4,4,4,2,2,6,4,6,8,12,6,6,10,12,8,30,16,8,4,4,2,2,2,8,18,18,12,10,6,4,4,4,2,30,46,48,28,36,62,62,56,46,88,74,102,82,96,82,62,66,42,38,56,34,26,72,100,58,74,92,24,68,68,74,52,22,50,104,118,48,126,92,24,154,128,46,90,184,255,148,106,116,26,18,22,12,6,4,36,38,38,14,14,46,62,44,26,32,34,22,18,20,40,30,32,42,48,36,46,30,242,255,255,255,180,136,238,255,72,255,68,255,154,6,22,6,4,8,4,10,2,16,18,22,14,2,4,10,2,12,10,6,10,160,255,255,255,255,255,255,90,28,226,255,255,255,255,68,6,8,12,8,18,18,60,255,255,255,255,255,255,255,255,102,16,78,255,255,76,255,255,164,4,24,82,136,150,102,14,108,192,214,132,62,36,26,52,16,34,32,14,26,30,18,16,18,140,255,255,255,255,108,14,10,24,2,16,52,188,255,202,255,255,255,255,108,20,32,36,10,18,6,2,12,24,24,14,6,8,10,22,6,4,2,2,4,8,8,14,10,18,10,6,12,8,10,2,22,30,44,34,8,217
214,12,4,18,18,12,20,12,10,6,12,14,6,2,6,2,2,2,8,8,12,4,26,6,255,255,255,255,188,28,16,114,254,255,255,255,255,255,255,255,144,200,255,220,160,255,255,44,176,255,255,148,255,255,98,2,8,16,10,220,255,174,255,194,255,248,255,255,255,255,255,255,255,255,255,255,202,190,248,112,255,255,228,255,32,255,255,255,255,206,255,255,255,255,255,255,255,174,42,34,26,24,38,34,18,4,8,28,44,42,24,22,36,46,50,44,14,12,36,42,30,28,38,32,70,180,255,255,255,255,136,255,255,255,255,255,255,212,142,62,30,64,52,28,38,76,70,44,24,22,36,48,52,42,48,70,74,76,84,70,32,32,22,46,84,120,158,186,202,180,102,24,34,82,138,164,112,138,72,10,12,122,44,90,38,56,60,92,78,88,122,96,112,70,24,34,36,36,12,4,18,12,12,22,40,50,38,16,2,0,2,4,8,6,0,4,2,0,0,0,0,0,0,0,0,0,0,0,0,0,0,0,0,0,2,6,6,4,4,4,4,4,6,6,2,10,10,6,12,8,8,10,8,4,0,2,4,20,16,22,2,16,10,12,10,12,16,12,10,8,4,6,10,8,26,32,12,12,10,6,6,2,12,28,26,8,4,18,16,30,22,38,72,58,32,16,32,34,16,16,16,60,96,82,56,32,62,74,74,94,130,36,120,66,14,86,96,140,50,36,54,98,74,76,182,168,166,94,64,38,70,14,4,22,14,28,4,44,16,38,42,20,36,26,32,14,42,62,26,14,44,30,14,22,16,12,10,38,188,255,255,255,38,180,82,58,255,174,212,255,218,255,34,20,2,8,10,2,6,4,8,8,14,8,4,10,8,6,10,12,12,8,36,255,255,255,76,255,255,255,220,255,255,222,226,255,255,92,12,10,14,4,20,44,24,228,255,255,255,86,255,255,255,244,42,158,255,255,238,255,174,16,6,32,44,82,142,182,172,90,56,142,168,112,24,36,94,180,208,98,14,18,20,10,10,26,48,255,255,255,255,110,14,30,12,8,4,20,126,244,250,255,255,255,255,206,26,8,18,22,10,10,2,12,18,10,4,6,4,20,12,14,12,10,10,6,10,6,12,18,8,14,16,20,22,18,16,10,8,28,20,215
218,28,20,18,22,20,20,12,6,4,6,10,10,6,4,6,12,14,22,12,22,6,24,8,255,255,44,255,255,16,8,118,255,255,132,255,255,255,255,255,224,255,255,80,255,188,255,64,200,255,255,255,255,255,10,24,24,14,10,40,255,255,78,255,255,255,255,255,255,255,255,255,255,92,164,112,146,255,255,255,255,255,255,255,255,255,255,255,255,255,154,210,208,156,144,106,66,30,32,26,16,30,30,36,34,28,18,10,12,20,26,34,28,38,48,40,64,54,24,34,58,44,148,255,255,255,255,112,255,255,40,255,255,255,255,255,208,46,74,58,50,66,62,32,26,68,72,58,38,28,28,34,54,66,70,72,64,62,96,96,38,114,188,218,222,194,118,24,56,106,174,214,194,160,134,94,182,228,84,4,10,46,74,64,100,132,122,132,86,40,66,68,46,12,12,8,18,24,0,12,16,12,8,10,28,50,52,38,16,2,6,6,4,6,6,2,4,0,0,0,0,0,0,0,0,0,0,0,0,0,0,0,0,0,0,2,4,4,6,8,10,8,6,4,4,10,12,8,12,8,8,12,12,10,8,6,14,24,10,28,8,18,2,12,8,8,0,6,8,6,4,8,8,12,18,18,16,18,14,10,20,16,14,22,22,18,12,18,22,28,18,18,26,50,68,48,32,58,40,46,118,78,92,114,54,18,48,82,42,90,160,22,100,58,108,72,58,30,88,62,56,64,140,186,194,78,14,16,40,44,30,6,12,16,28,14,18,30,40,14,48,26,76,74,32,42,26,26,44,46,48,32,54,12,24,12,20,142,255,255,255,224,255,148,50,144,255,255,18,255,92,255,206,14,16,8,14,4,14,12,10,4,10,10,10,16,4,8,6,4,2,6,8,112,255,255,255,255,255,255,255,255,230,255,255,166,255,232,22,20,8,20,40,50,14,24,186,255,255,255,198,255,255,255,255,98,255,255,255,255,130,28,24,26,2,20,8,50,128,198,212,128,142,106,40,212,255,236,255,255,132,28,6,20,14,18,38,20,255,255,255,255,144,26,12,2,18,12,6,68,208,255,255,255,255,255,255,22,26,22,16,0,18,32,30,14,0,4,10,14,4,10,10,8,0,4,12,8,10,16,8,10,6,4,10,14,30,70,100,146,210,209
215,8,12,4,12,26,24,10,4,8,10,6,6,8,4,14,14,10,12,6,16,2,22,8,190,255,255,255,255,14,22,36,166,255,255,255,202,106,134,152,255,188,255,255,255,255,255,54,255,255,255,255,255,255,38,34,30,18,22,36,182,255,170,255,200,255,255,255,66,200,184,86,252,255,255,255,254,246,20,255,255,255,255,178,255,255,172,255,255,200,72,60,38,20,50,122,108,162,200,188,40,28,24,32,16,26,30,22,12,8,14,36,24,26,56,44,34,64,44,38,56,178,255,255,255,255,255,164,255,255,124,255,255,255,230,90,82,104,68,58,60,66,76,64,50,56,60,60,60,50,36,32,34,52,62,54,16,4,56,120,122,224,170,50,72,130,212,255,232,198,166,116,66,70,54,44,120,240,196,50,72,86,148,106,90,102,90,80,64,54,34,34,34,22,18,22,28,22,14,4,16,18,12,6,6,28,38,42,30,10,2,4,4,4,8,2,4,0,0,0,0,0,0,0,0,0,0,0,0,0,0,0,0,0,0,0,0,0,2,4,10,12,4,2,4,10,12,4,6,4,4,8,12,16,18,22,22,14,2,24,18,12,6,2,10,14,14,10,12,18,18,10,24,32,46,26,10,30,16,8,8,24,22,18,4,14,4,2,28,36,14,20,28,44,22,32,68,28,26,98,52,66,104,56,52,48,42,72,52,46,24,102,92,96,72,114,128,82,54,72,74,108,114,92,68,18,14,22,50,62,76,56,12,30,26,26,52,88,40,36,46,28,38,36,48,24,28,26,50,10,72,8,54,28,24,44,118,255,255,255,216,24,182,162,255,214,255,255,178,255,255,198,255,80,6,12,8,8,16,8,10,8,14,2,8,14,8,10,6,6,8,8,14,6,255,255,255,40,255,255,158,255,248,255,255,100,255,230,38,14,8,34,8,34,22,56,20,96,255,255,255,255,255,255,255,255,184,252,255,255,248,90,12,4,20,28,16,4,14,16,82,108,108,30,255,255,86,68,52,255,138,20,22,22,8,18,22,12,6,255,255,255,255,184,26,18,6,14,10,12,44,184,255,255,255,255,255,255,34,22,12,20,20,20,10,2,4,8,22,16,16,12,8,10,6,6,16,22,4,16,10,4,20,54,88,134,194,208,174,146,130,164
211,8,6,2,2,6,12,10,4,12,10,6,4,8,12,8,8,6,6,12,14,2,10,8,110,255,255,255,255,108,28,28,36,255,255,255,254,255,255,172,255,255,158,255,114,204,186,242,255,255,255,255,242,255,146,32,42,40,40,46,255,255,52,255,206,255,255,255,60,58,220,255,255,252,108,132,106,122,255,255,255,255,255,168,94,82,42,20,18,14,24,30,90,255,255,238,252,255,255,255,76,10,28,52,54,46,50,52,44,30,18,24,20,24,58,14,10,38,128,255,255,255,255,255,255,250,162,255,208,252,255,255,134,106,76,54,68,108,66,36,58,66,40,56,78,62,56,56,72,78,62,42,38,36,42,68,66,46,44,114,240,255,232,255,255,230,202,156,96,110,74,34,34,58,66,64,84,198,255,172,180,154,152,72,40,48,50,14,32,52,52,48,54,38,14,22,20,10,10,14,14,12,4,4,2,16,26,36,34,20,8,8,10,4,6,6,2,0,0,0,0,0,0,0,0,0,0,0,0,0,0,0,0,0,0,0,0,0,0,4,4,10,6,4,8,14,18,12,10,8,2,8,12,14,16,30,22,16,8,12,22,10,4,6,16,12,14,12,10,8,4,6,42,32,34,8,8,32,6,8,4,14,20,6,16,46,72,66,60,42,46,22,28,56,32,52,66,58,52,92,32,28,106,58,58,40,30,70,26,80,142,64,36,12,38,66,24,112,164,126,70,76,24,32,32,8,18,46,34,32,38,32,24,38,30,22,42,36,50,60,24,46,24,44,32,20,16,28,40,14,50,54,72,18,60,74,255,255,255,236,34,158,255,255,180,150,176,226,255,26,255,182,255,222,8,14,14,12,14,4,22,18,20,16,12,10,12,12,8,14,22,14,18,10,86,255,255,255,255,255,255,255,255,86,122,255,255,186,18,18,8,28,26,40,48,20,26,10,38,255,255,255,255,20,255,255,255,255,56,230,202,92,12,8,18,20,18,24,10,8,18,46,170,255,246,88,38,20,220,255,156,18,6,6,14,20,32,38,10,18,250,255,255,255,224,24,28,2,8,8,8,32,132,255,255,255,255,255,255,62,20,24,28,26,26,24,10,18,22,8,16,14,12,10,2,10,2,14,20,62,104,152,194,208,176,130,78,40,92,130,158,202
214,10,18,12,8,26,24,22,6,12,2,6,4,14,12,4,6,12,14,12,6,2,4,24,10,255,255,192,255,255,32,22,202,255,255,255,252,196,242,255,12,255,255,200,218,254,255,255,150,128,255,255,255,255,184,42,162,255,255,255,255,255,255,255,255,255,255,255,12,20,234,255,242,255,255,255,255,255,255,164,100,86,48,36,12,24,28,10,12,16,8,12,255,255,255,255,168,255,255,255,104,14,12,108,255,255,244,110,14,28,36,32,24,30,48,52,78,96,255,255,255,126,52,255,255,255,255,255,255,255,255,214,78,90,56,34,40,74,72,42,68,94,62,58,94,70,30,30,42,72,60,32,40,40,30,48,58,60,42,64,164,228,200,156,56,50,60,54,40,76,76,48,62,66,78,76,82,156,208,180,138,104,80,74,58,50,34,10,10,8,18,30,44,46,40,26,12,16,28,16,6,10,8,4,6,8,22,28,38,42,26,4,6,8,4,4,4,2,0,0,0,2,4,4,2,0,0,0,0,0,0,0,0,0,0,0,0,0,0,4,2,4,4,4,6,10,16,14,8,8,10,14,14,10,4,18,10,26,8,6,14,12,20,22,6,10,8,34,36,18,16,8,34,32,44,14,16,20,6,16,12,4,12,14,24,116,108,110,60,78,124,76,42,82,66,80,70,94,46,56,64,72,44,60,82,100,90,110,104,110,12,86,62,38,16,74,134,140,92,38,14,6,18,16,4,24,40,20,80,70,96,40,16,56,28,20,82,72,100,54,14,66,36,56,26,12,32,54,90,92,94,42,36,74,16,255,255,255,255,120,208,255,255,255,242,255,255,70,255,230,234,255,142,255,66,14,20,12,16,24,24,4,14,14,14,4,10,10,4,4,16,10,8,16,12,255,255,255,98,255,255,202,255,255,255,255,98,162,150,68,8,10,22,24,40,52,56,30,16,16,148,255,255,255,255,255,255,255,255,255,255,96,8,4,14,18,6,18,20,20,86,252,255,142,18,42,68,255,255,160,36,10,14,10,20,2,34,42,10,34,12,196,255,255,255,242,32,20,10,6,6,0,4,80,255,255,255,255,255,255,76,24,26,8,14,28,24,12,14,8,6,12,24,18,16,44,76,114,166,210,200,176,118,42,88,136,148,152,138,70,156,212
213,8,14,16,20,20,4,18,6,12,4,6,4,8,6,8,10,14,10,8,2,0,6,20,18,244,255,255,255,255,30,20,228,255,255,255,255,255,255,172,160,94,255,255,255,164,255,255,248,255,255,255,255,255,255,255,255,255,255,122,218,255,255,212,255,102,255,255,38,68,120,255,255,255,254,214,156,170,106,22,10,118,148,136,180,255,255,255,208,20,18,26,255,255,148,255,255,255,255,255,116,46,174,255,255,255,255,255,130,30,22,26,8,18,106,116,255,255,255,255,198,16,174,255,212,255,255,255,64,78,48,34,42,78,70,38,38,72,84,46,46,64,50,56,72,48,30,48,42,64,70,48,52,44,28,20,12,26,40,34,64,52,20,36,42,38,48,50,46,82,84,54,40,36,34,26,36,80,82,74,80,58,54,78,74,48,20,18,10,26,18,20,30,14,50,50,22,14,32,28,24,18,6,6,4,2,18,18,28,52,46,24,14,8,4,2,2,2,0,0,0,4,6,6,4,0,0,0,0,0,0,0,0,0,0,0,0,0,0,2,2,2,0,0,0,0,2,8,8,4,8,14,16,18,16,24,16,12,40,38,46,36,34,32,30,14,56,68,64,34,38,30,34,20,20,22,34,58,70,100,84,64,18,18,42,66,48,44,80,108,122,128,90,100,60,84,52,28,70,56,90,98,110,144,160,160,64,70,26,64,110,42,72,98,68,74,92,50,26,16,10,10,16,20,26,10,18,22,20,12,30,12,40,8,52,32,26,12,30,18,44,58,4,36,6,8,28,78,88,68,56,50,18,60,255,255,255,252,255,222,210,255,228,255,255,70,255,255,255,255,30,255,148,255,206,12,18,12,20,18,2,12,2,14,22,16,6,10,4,4,14,6,14,20,16,72,255,255,255,255,255,255,90,88,255,255,255,255,255,104,8,26,4,48,14,34,28,10,22,12,14,130,255,255,255,255,255,255,255,255,68,34,4,6,24,8,30,18,18,116,255,250,40,36,18,126,255,255,86,14,10,14,10,18,22,22,98,172,188,192,78,32,164,255,255,255,255,52,28,12,2,8,4,6,64,216,255,255,255,255,255,124,40,22,32,42,24,6,12,4,16,42,76,128,174,206,206,158,86,18,70,120,204,236,204,94,150,190,208,196,255,150
213,6,8,14,20,4,10,10,14,10,12,8,10,14,18,16,12,2,12,10,2,4,10,8,10,82,255,255,255,255,62,52,156,255,255,255,200,110,120,255,255,255,146,255,46,255,255,250,102,255,255,255,255,255,255,120,118,255,255,255,255,68,255,255,26,255,255,108,44,48,14,90,100,74,14,12,22,86,76,64,184,255,255,255,255,255,255,255,255,90,18,42,255,255,255,255,255,162,255,158,176,255,255,178,216,50,190,255,255,66,10,30,34,56,255,255,255,232,146,110,168,126,94,255,255,114,124,84,50,8,30,32,34,68,86,56,42,70,76,46,46,54,12,48,66,58,72,54,24,34,46,54,62,50,48,52,52,52,66,58,72,78,60,48,68,54,38,38,46,84,96,62,66,52,34,12,14,60,76,74,80,76,50,38,52,62,48,18,10,20,2,12,28,12,28,48,36,20,18,38,54,44,42,6,4,8,8,4,6,28,40,32,10,8,8,4,4,2,0,0,2,6,4,4,4,0,0,0,0,0,0,0,0,0,0,0,0,0,0,0,0,0,0,0,0,0,0,6,10,6,2,6,6,6,12,18,22,28,32,8,20,8,2,8,24,30,80,34,38,24,30,46,62,90,58,60,66,30,38,50,18,68,18,44,72,22,78,94,58,40,74,74,80,28,24,38,66,54,86,94,170,82,56,50,48,34,38,22,38,24,56,86,112,62,58,74,52,14,10,26,8,8,4,54,58,30,6,22,12,18,22,40,22,60,46,6,74,78,96,66,50,42,18,34,10,20,8,40,116,84,22,74,74,255,255,255,255,230,255,148,84,255,255,255,146,255,255,255,255,255,230,172,255,132,255,78,6,4,4,14,10,8,10,8,16,16,8,12,2,2,12,12,14,20,30,6,206,255,255,255,255,255,226,255,255,255,254,255,255,110,14,4,34,22,32,34,8,6,26,18,14,16,86,255,255,255,255,84,255,255,255,194,20,8,38,16,14,20,178,255,176,64,36,28,212,255,196,44,10,12,12,12,12,18,26,34,88,100,72,178,222,200,164,62,255,255,255,255,38,22,16,10,12,6,4,50,174,255,255,255,255,255,146,22,34,48,20,32,68,112,172,216,218,182,122,58,42,136,196,198,172,104,48,78,150,255,255,132,130,110,206,147
212,12,8,20,12,12,8,2,8,2,14,14,6,8,14,10,12,12,14,4,12,12,18,14,16,4,255,255,255,255,122,255,234,112,234,255,255,255,255,222,104,255,52,255,255,255,255,255,255,255,255,255,172,255,255,255,255,78,128,255,255,255,68,255,255,255,56,12,34,30,38,28,18,20,44,48,180,255,255,255,255,255,58,68,182,255,164,255,255,156,40,50,255,198,246,255,255,242,255,104,238,255,255,255,255,255,255,255,164,100,86,255,255,255,255,255,255,56,255,248,255,255,255,255,130,26,12,32,18,18,10,20,20,44,82,62,30,50,64,46,44,60,36,56,86,72,66,32,12,18,10,26,44,50,52,58,58,50,50,58,48,72,110,74,52,48,30,34,28,36,58,66,78,66,64,40,54,60,86,76,70,76,64,48,58,84,84,56,42,38,12,12,34,28,12,36,72,58,14,42,66,36,72,42,12,10,12,18,12,16,20,24,18,12,10,8,2,0,0,0,4,6,2,4,4,0,0,0,0,0,0,0,0,0,0,0,0,0,0,0,0,0,0,0,0,0,0,2,6,8,8,6,4,6,8,8,12,28,60,56,50,36,14,14,34,40,76,34,20,10,32,14,108,42,40,64,58,16,36,22,56,42,32,70,78,102,64,110,88,128,94,68,48,64,92,114,86,60,100,132,88,44,34,28,84,44,58,62,52,80,86,104,64,20,22,16,14,12,10,26,24,18,14,48,10,32,6,18,28,34,30,34,26,32,2,48,130,100,112,58,8,28,26,40,18,16,22,20,58,58,74,74,255,255,255,238,182,214,30,42,14,200,255,255,255,236,255,252,255,218,255,255,208,114,255,242,24,6,6,16,12,6,18,10,10,12,4,6,2,4,4,16,14,12,46,44,36,255,255,255,255,160,126,76,255,255,255,255,255,255,255,32,12,16,12,10,4,10,20,14,6,16,2,24,200,255,255,255,244,255,255,255,255,42,26,28,56,224,255,148,16,32,26,242,255,136,20,32,16,4,8,12,14,16,22,12,88,184,216,164,56,78,190,250,114,255,255,255,255,50,32,6,16,6,8,8,30,134,255,255,255,255,255,226,72,124,194,252,248,186,134,60,32,120,176,196,198,176,134,42,72,255,255,255,255,255,72,46,120,210,184,196
211,2,14,12,16,12,8,6,10,12,18,12,2,2,8,14,20,8,4,10,20,10,18,22,10,16,255,255,255,255,102,255,255,234,178,178,116,255,248,252,234,234,255,255,255,255,255,255,240,255,255,255,128,255,255,255,255,255,156,24,208,255,255,255,246,54,26,44,18,50,136,144,142,255,255,255,172,255,182,255,255,106,80,38,255,255,255,255,255,158,16,26,246,255,255,255,255,176,255,255,116,255,255,255,192,255,255,255,160,128,138,255,255,255,255,168,255,255,252,255,255,255,255,114,46,26,28,26,30,28,18,26,14,12,50,50,26,40,54,48,42,58,60,44,44,46,40,32,48,58,34,26,42,62,40,12,24,16,12,42,38,46,80,72,44,34,48,34,46,20,30,60,66,52,64,34,62,38,46,48,64,86,74,58,64,96,106,78,78,72,48,12,6,24,6,6,36,76,52,54,52,34,40,30,4,8,10,14,4,12,20,18,24,18,8,2,4,0,0,0,4,6,2,4,4,0,0,0,0,0,0,0,0,0,0,0,0,0,0,0,0,0,0,0,0,0,0,2,0,4,8,10,8,8,6,4,10,8,12,12,14,24,12,16,30,28,78,52,46,34,52,44,96,86,78,102,50,16,22,34,18,4,18,34,48,16,32,86,148,94,28,70,72,50,10,60,66,36,54,26,14,58,46,14,42,92,92,60,34,80,42,38,30,2,26,16,16,18,18,12,16,14,32,30,52,30,18,30,8,16,38,32,22,32,20,30,104,106,90,76,24,58,48,70,30,60,78,58,54,30,18,255,255,255,255,255,255,104,30,26,44,118,255,188,255,120,255,255,255,255,255,255,255,255,255,255,80,40,30,4,8,8,6,6,6,10,4,8,4,8,10,12,14,20,18,30,14,84,224,44,166,154,74,108,66,255,255,236,255,255,255,94,10,14,24,18,10,10,16,26,26,10,8,6,22,118,255,255,255,255,255,255,255,255,100,98,255,246,50,32,34,102,255,255,80,40,28,4,12,16,8,8,12,14,14,20,22,42,76,152,232,238,144,6,172,174,255,255,255,255,64,34,24,26,6,10,18,40,114,255,255,255,255,255,255,228,162,94,4,114,168,202,210,190,140,70,22,28,138,234,168,234,255,168,132,190,174,122,128,255,244,223
214,22,14,16,12,8,6,16,14,14,14,8,4,8,10,10,14,10,10,14,16,2,16,12,12,16,255,255,72,255,34,255,120,255,128,106,126,255,112,255,255,230,166,232,140,255,255,255,255,255,255,255,255,255,255,255,232,255,255,255,255,255,136,36,80,40,90,122,82,255,255,255,96,255,255,255,174,255,255,190,170,232,190,208,255,28,12,136,94,50,8,14,255,255,255,255,255,152,144,184,148,255,255,255,106,200,192,126,62,130,234,255,255,156,184,255,255,255,255,140,124,6,44,18,40,50,28,26,30,28,26,38,34,22,48,56,40,40,44,48,38,40,56,40,42,64,44,48,32,54,36,30,42,62,50,12,26,2,10,34,50,36,62,100,86,48,58,36,66,48,38,70,70,64,84,52,70,64,72,76,76,76,58,40,54,102,120,88,100,96,86,74,40,30,26,14,22,72,104,70,26,32,84,54,24,6,8,24,20,24,30,16,12,22,22,10,8,4,2,0,2,6,6,2,6,4,4,4,4,4,4,4,2,0,0,0,0,0,0,0,0,0,0,0,0,0,0,2,2,2,2,6,8,8,4,8,10,10,6,2,8,26,22,28,12,6,30,26,24,16,20,20,58,46,40,66,74,28,62,32,22,18,26,60,78,82,68,58,12,26,44,36,8,28,80,36,30,28,44,52,10,58,50,52,70,82,36,38,58,48,10,12,30,20,40,8,22,14,22,18,22,14,42,26,44,60,46,68,32,32,28,34,30,20,16,44,56,104,70,62,6,88,2,98,56,36,40,60,16,60,255,255,255,255,140,150,106,6,62,146,198,66,255,255,148,255,102,148,40,255,255,255,255,255,255,255,226,14,48,2,6,10,14,12,4,12,8,10,10,2,14,14,16,18,8,20,26,12,176,178,146,56,196,66,168,255,255,255,255,255,255,80,18,12,28,32,6,4,6,10,22,26,14,6,16,24,30,255,255,255,255,146,255,255,255,255,184,42,50,54,182,255,188,34,18,18,16,20,12,24,10,22,18,10,10,8,10,12,20,14,36,130,214,242,196,86,8,255,255,255,255,60,12,38,18,16,8,54,8,74,255,255,255,255,255,108,196,196,198,184,136,78,34,14,8,18,10,62,166,130,96,166,255,255,255,255,255,255,238,255,118,221
213,10,18,16,4,8,18,14,12,4,8,6,10,8,2,2,10,10,8,4,12,4,20,20,26,18,174,255,248,255,255,255,110,255,255,255,255,255,16,194,255,255,255,255,255,255,198,255,250,255,204,255,255,242,255,255,255,255,158,64,20,36,126,255,255,255,255,255,255,255,168,255,116,255,255,255,220,196,255,255,255,78,66,98,255,255,255,255,186,62,18,6,128,255,255,255,255,255,255,255,255,120,54,56,172,196,68,28,246,255,220,140,255,255,255,255,255,200,102,16,32,64,54,30,18,30,20,18,24,20,16,28,44,46,52,58,56,42,32,46,40,24,40,42,54,86,60,26,12,42,42,48,16,40,64,62,72,62,52,52,44,40,54,100,116,80,44,26,38,26,20,46,42,60,84,68,68,60,60,72,58,54,78,56,84,100,132,104,126,114,106,126,104,60,28,32,56,126,122,60,32,92,80,50,40,18,12,10,24,38,36,14,12,8,22,18,8,6,6,2,0,2,6,4,2,4,4,4,4,4,4,6,4,0,0,0,0,0,0,0,0,0,0,0,0,0,0,2,2,2,2,2,2,6,6,6,8,8,12,18,20,30,14,20,14,4,10,24,10,12,16,24,2,10,14,52,244,198,216,72,38,36,56,28,30,46,48,18,28,36,28,40,32,28,96,52,70,68,60,64,48,48,44,50,54,28,12,12,12,14,12,20,20,18,8,70,48,56,6,20,2,8,46,20,50,68,52,60,24,30,44,48,70,62,50,32,34,22,20,36,12,76,72,38,16,44,102,28,48,255,255,255,255,6,58,22,140,255,210,94,128,255,255,128,255,255,255,84,192,64,255,255,42,184,255,255,255,66,30,18,12,8,4,12,4,18,10,10,18,6,12,6,10,18,28,32,18,6,50,216,50,218,230,255,255,70,255,255,255,255,144,28,26,22,18,34,16,12,4,6,12,12,6,10,8,24,14,22,192,255,255,255,154,255,255,255,252,90,16,204,255,148,14,26,18,24,2,28,12,28,14,18,0,12,22,20,8,14,20,12,18,16,20,80,164,236,228,190,255,255,255,255,54,20,40,14,10,40,36,36,128,206,255,255,255,255,144,106,34,24,46,48,30,22,24,12,8,72,188,192,240,104,238,230,255,224,136,80,30,40,255,204
199,92,20,10,8,10,18,2,20,8,12,6,8,12,10,6,6,8,12,8,18,16,22,34,60,32,78,255,255,255,255,255,184,94,54,148,255,255,255,255,196,10,176,255,255,162,148,255,255,255,255,255,255,255,120,255,255,255,46,18,8,24,106,255,114,255,255,255,255,255,92,255,206,182,255,255,132,70,188,148,178,150,196,172,255,255,214,255,255,40,14,22,44,240,255,255,255,184,108,106,78,36,254,255,255,255,255,108,220,255,255,255,255,255,255,132,82,32,30,32,12,32,66,52,32,38,46,36,28,38,30,26,28,46,28,20,50,48,26,48,52,26,36,52,60,90,92,56,48,60,40,32,42,36,48,54,46,56,52,62,52,28,56,22,40,100,54,14,26,34,44,46,38,58,72,62,42,18,10,64,72,62,76,46,88,70,120,106,140,118,100,120,122,118,76,44,82,130,106,36,98,134,46,48,36,44,12,6,26,36,24,4,16,14,20,32,20,4,6,4,0,0,2,6,4,0,0,0,0,0,0,4,4,0,0,0,0,0,0,0,0,0,0,0,0,0,0,4,4,6,2,6,8,4,4,8,6,4,2,8,10,18,8,18,24,10,12,22,26,24,20,26,26,28,6,156,255,255,255,255,164,14,22,44,10,16,14,36,64,64,64,40,26,28,60,52,58,36,44,52,22,10,18,4,20,8,12,2,20,10,8,26,22,16,36,62,14,48,14,22,12,22,40,52,96,8,60,26,34,30,32,46,48,18,38,10,2,12,28,22,16,72,50,32,44,16,72,48,255,255,255,255,54,54,6,58,255,255,255,100,222,112,152,208,124,150,38,255,255,255,255,255,255,54,208,255,255,255,32,26,12,12,10,14,14,26,18,4,20,10,14,6,10,26,24,32,14,26,6,112,218,255,255,255,255,255,58,44,14,24,30,2,6,10,8,10,12,2,12,10,10,4,4,8,14,14,26,10,10,116,255,255,255,255,255,255,255,255,254,218,64,8,24,28,12,28,4,28,22,32,18,14,12,14,14,20,28,18,10,4,4,6,12,20,4,30,90,140,116,255,255,255,255,64,30,20,4,16,20,14,30,108,178,255,255,255,255,218,58,36,42,36,8,14,16,28,24,16,60,76,72,50,52,16,40,38,218,250,200,134,255,140
183,255,10,10,6,4,14,6,14,10,18,16,14,12,10,18,20,8,14,44,56,22,66,188,255,255,255,255,255,255,255,248,255,255,255,255,196,36,204,255,255,250,84,150,255,255,255,255,78,255,238,122,255,255,255,255,255,255,118,12,38,32,80,255,214,84,255,255,255,255,255,154,102,255,170,255,255,255,255,255,176,114,96,120,255,255,255,255,255,16,14,30,14,38,50,68,48,8,12,12,58,56,255,255,132,255,255,255,36,255,255,150,50,54,122,248,255,120,40,54,34,26,54,54,46,26,40,56,48,50,40,24,10,34,40,34,56,62,40,54,58,34,36,42,46,64,84,84,68,46,14,10,16,26,38,48,42,46,52,40,48,46,180,206,255,174,108,48,54,46,68,70,74,70,64,88,108,68,38,72,50,70,255,234,255,124,32,68,94,100,82,98,104,110,132,100,94,144,182,132,132,114,54,66,28,50,44,16,30,46,42,30,26,18,16,28,34,16,14,10,4,4,2,4,8,6,4,4,4,4,2,4,6,4,4,4,4,4,4,4,2,2,0,0,2,4,4,6,4,4,4,4,4,6,8,2,4,2,6,8,10,10,12,12,12,14,12,10,24,24,22,20,12,16,10,255,255,255,255,238,192,66,56,50,26,22,14,10,24,34,46,30,32,24,20,32,36,20,14,0,2,10,10,18,16,6,28,26,24,4,14,16,12,10,32,46,48,40,8,2,12,16,50,52,60,68,20,20,8,10,42,88,26,46,66,38,30,64,74,86,42,142,80,72,8,8,176,255,255,255,255,190,44,60,120,186,255,218,160,255,100,234,255,116,218,255,255,212,84,255,232,255,255,186,28,255,255,255,116,24,50,20,18,12,14,18,22,8,22,16,10,10,20,4,4,20,6,22,6,16,236,255,255,255,255,255,255,22,6,14,14,26,20,28,8,8,8,10,12,10,10,4,6,12,10,4,14,8,8,14,74,255,255,255,255,70,255,255,255,138,32,18,22,18,12,16,14,10,28,22,22,16,10,6,20,38,16,10,14,6,14,18,30,18,8,10,22,26,32,24,255,255,255,255,120,16,20,22,2,4,6,18,86,184,255,255,255,255,255,22,20,28,18,16,8,14,6,14,14,22,38,92,240,255,255,190,255,255,255,38,255,118
95,255,134,12,10,10,8,28,8,16,12,14,28,14,34,42,50,28,68,178,255,255,255,255,255,242,72,252,255,255,255,255,186,38,216,255,255,196,46,136,255,255,255,255,255,202,146,255,255,255,255,98,255,255,255,150,255,255,255,102,128,130,204,255,50,238,255,255,198,32,162,255,255,255,255,218,255,188,255,194,126,26,38,255,255,255,255,246,156,32,12,16,28,32,4,14,18,80,144,208,255,255,172,255,255,238,50,255,255,28,114,255,255,255,134,255,255,255,255,255,202,16,14,6,28,24,20,32,28,38,36,24,26,36,46,46,52,56,52,64,64,44,40,26,18,22,28,58,74,62,52,56,40,50,46,50,42,32,46,18,38,108,255,255,255,255,164,124,22,18,36,44,62,76,66,78,112,120,70,96,66,180,255,16,234,255,172,4,60,84,76,86,102,88,134,152,134,104,128,152,98,68,24,66,32,42,58,32,38,48,36,32,20,18,12,14,24,18,16,14,6,4,6,4,2,6,2,2,4,6,6,0,4,4,4,4,4,4,4,8,4,6,4,2,2,2,4,2,4,4,2,6,4,2,6,8,6,2,6,4,4,8,8,8,4,8,8,4,8,8,6,18,40,40,44,255,255,168,255,255,206,28,14,26,20,14,12,6,16,10,14,14,4,6,6,14,18,10,10,10,20,8,16,12,16,24,32,20,18,16,22,6,16,18,30,60,58,20,14,14,6,0,36,54,48,28,20,18,14,8,60,100,102,60,20,8,92,80,44,48,32,84,108,64,20,134,255,255,255,255,126,174,255,255,242,196,162,38,94,96,248,208,132,252,255,240,130,222,255,255,144,255,255,255,52,164,255,255,255,20,48,52,20,10,30,20,20,10,14,18,2,20,10,12,6,6,8,12,8,2,112,255,255,255,255,255,255,160,14,10,16,32,22,4,16,26,14,14,12,4,12,6,12,6,12,12,22,14,14,12,30,38,188,255,255,255,126,255,255,255,192,14,28,44,28,16,4,8,22,22,18,12,18,24,22,18,12,4,24,18,22,32,20,18,12,6,18,32,34,16,202,255,255,255,255,160,20,28,8,10,8,4,14,88,178,255,255,255,255,255,16,24,28,12,4,16,18,68,216,255,255,188,255,255,255,255,128,202,255,255,214,167
21,255,255,36,14,6,34,32,38,32,38,34,52,34,116,255,255,255,255,255,255,226,34,166,255,255,255,255,96,132,255,255,255,255,62,100,255,255,255,255,255,214,88,12,24,18,24,255,255,255,255,255,24,255,255,255,140,255,255,255,182,130,108,255,228,255,122,255,255,255,255,206,255,24,255,140,255,255,255,255,255,255,255,255,130,36,30,28,14,2,6,20,8,42,58,48,54,255,255,255,255,255,255,62,255,190,156,255,255,72,255,255,255,255,248,255,255,212,255,255,242,24,10,8,6,12,10,4,18,26,14,18,4,22,36,26,30,42,44,58,58,52,62,46,40,44,34,56,80,76,68,86,80,52,48,36,16,10,30,32,30,184,255,244,38,255,255,126,58,46,48,42,68,72,82,34,44,84,56,64,162,255,150,202,214,172,156,66,54,78,80,78,104,92,60,24,110,146,118,112,102,46,14,46,36,40,60,50,54,54,38,32,22,24,16,14,14,16,18,12,6,8,2,2,4,8,6,6,4,2,6,4,0,0,0,0,0,0,0,6,6,12,10,6,2,2,8,4,4,4,0,4,4,0,4,4,2,4,4,6,4,0,8,6,2,0,0,0,4,8,8,22,26,6,28,255,255,255,255,255,54,12,4,10,0,4,4,4,14,16,4,16,6,8,8,14,8,16,4,12,4,6,18,10,26,16,38,24,12,18,14,18,36,38,24,22,32,14,34,32,44,22,26,28,22,10,32,18,26,24,64,120,76,58,60,40,78,110,110,32,86,120,144,62,254,255,255,255,255,110,34,255,255,255,255,98,60,218,255,255,255,86,12,255,255,255,255,255,162,60,22,248,255,255,202,12,255,255,255,106,20,32,14,20,24,8,14,18,14,12,8,12,4,14,0,6,16,18,14,22,8,255,255,255,182,255,255,255,62,16,28,16,20,20,8,6,14,16,8,14,12,14,8,8,14,28,40,30,28,4,22,18,10,106,255,255,255,255,255,255,255,255,66,24,14,22,6,14,8,2,20,12,14,32,10,4,12,10,14,22,8,30,22,6,2,14,34,24,16,16,190,255,244,255,255,255,196,40,36,10,8,6,6,26,58,144,254,255,255,255,255,46,22,8,174,255,255,152,255,255,255,44,255,222,104,255,124,255,200,226,88,219
18,255,255,34,12,12,40,68,58,46,198,255,255,255,255,255,255,178,24,224,255,255,255,255,86,104,255,255,255,180,255,255,255,255,255,255,255,202,92,36,48,46,38,4,30,14,2,102,255,255,228,255,255,200,255,255,255,255,255,255,244,202,132,255,92,254,255,208,255,118,255,30,255,255,255,255,255,255,255,255,170,214,192,116,14,12,6,20,24,10,6,8,30,96,255,255,242,182,255,120,152,255,255,255,254,255,255,255,116,255,255,255,255,255,255,166,255,255,255,255,170,28,30,18,6,12,8,0,14,20,14,18,20,4,26,34,42,42,32,34,30,32,60,58,48,50,50,68,68,48,38,38,44,48,50,48,40,40,46,44,162,255,255,218,138,255,255,90,100,72,70,56,70,48,60,52,44,76,50,64,255,255,202,180,152,254,230,106,74,84,66,58,78,214,255,236,142,42,72,82,122,108,58,64,42,30,34,38,62,40,12,24,24,10,16,18,12,16,14,4,4,2,10,8,6,4,0,6,4,0,4,4,0,0,0,0,0,0,0,2,6,8,10,10,4,4,10,6,4,4,2,6,4,0,4,2,6,12,6,10,6,4,6,2,4,2,0,0,4,6,6,24,44,46,56,246,255,255,255,202,12,8,2,6,2,4,2,8,8,20,8,16,12,2,4,14,12,20,6,22,54,52,16,14,28,18,18,48,52,46,8,24,14,12,22,16,20,16,34,38,48,58,24,32,50,58,52,66,38,30,30,34,76,56,18,40,54,26,22,22,100,122,150,190,255,255,255,255,164,30,20,255,255,255,58,190,255,255,196,44,16,6,38,180,255,255,255,64,18,44,126,128,255,255,255,32,118,255,255,255,28,28,6,20,28,6,8,16,6,6,10,16,18,22,6,4,6,8,0,16,22,32,255,255,255,120,255,255,234,24,22,10,8,14,10,8,12,10,14,16,14,18,4,10,12,34,20,12,26,12,22,22,20,4,74,255,255,255,255,255,255,255,255,90,22,6,12,12,18,14,16,2,12,44,24,10,14,20,28,12,8,24,16,12,18,14,26,14,16,8,60,255,158,74,255,255,255,248,46,28,8,2,10,2,16,64,168,234,255,255,255,255,54,30,255,255,255,255,92,255,208,216,255,255,255,255,226,222,255,126,136,204
24,255,255,52,22,72,190,255,255,255,255,255,255,146,78,255,255,255,255,252,40,158,255,255,255,154,14,160,255,255,255,255,114,255,255,20,24,24,12,20,26,4,26,12,26,24,44,88,132,188,255,255,255,238,240,255,255,255,255,255,255,108,34,90,250,218,255,255,255,255,255,216,255,255,255,220,134,52,24,12,22,32,30,20,32,42,34,34,20,28,20,40,94,255,255,255,255,84,255,255,255,255,255,255,116,200,162,255,255,255,255,172,255,254,242,200,255,255,255,114,24,8,18,30,26,14,24,28,24,48,40,26,20,12,8,22,38,32,26,28,18,8,32,46,34,24,30,54,52,32,36,32,36,54,56,56,62,66,64,54,218,255,255,202,255,255,220,50,58,42,60,74,40,20,26,26,28,60,48,122,255,255,255,94,184,255,80,76,82,116,88,76,120,255,255,192,255,212,100,84,122,106,86,92,66,48,84,126,106,68,44,22,34,20,18,28,24,22,16,12,16,16,22,8,8,4,6,6,0,4,6,4,0,0,0,0,0,0,0,2,6,8,6,8,6,8,12,6,4,6,6,6,2,0,4,2,6,10,10,4,4,8,2,8,6,6,2,2,6,0,6,6,12,14,10,2,18,48,62,42,14,4,2,2,2,2,0,6,18,24,10,16,20,8,16,16,14,16,4,36,50,52,48,30,18,46,20,46,20,66,24,22,26,28,14,20,24,18,44,70,48,46,20,48,54,14,32,8,42,36,30,50,20,60,24,24,46,96,34,36,86,180,178,255,255,255,180,18,128,46,10,94,255,255,255,255,255,106,46,26,20,14,42,28,126,74,62,178,255,255,255,238,180,255,255,78,42,255,255,255,146,20,16,22,20,6,2,8,8,2,2,10,4,20,12,2,6,6,4,6,40,18,188,255,255,255,255,255,255,74,28,12,10,10,8,16,4,8,16,12,12,20,12,16,14,46,44,28,36,12,22,8,8,14,26,68,255,255,255,255,42,255,255,255,206,40,14,22,20,18,20,26,20,46,30,20,14,4,18,8,12,22,16,26,20,16,20,26,4,12,12,124,255,42,152,255,255,255,255,46,30,16,4,6,16,24,68,210,208,255,255,255,255,28,255,255,148,210,254,182,218,240,70,234,166,84,30,182,255,250,122,176
32,255,255,255,255,255,255,255,255,80,140,255,255,255,255,218,34,200,255,255,254,134,22,194,255,255,255,255,255,146,174,255,255,255,255,228,24,10,6,18,46,26,44,46,28,32,146,218,216,255,255,255,255,156,96,255,255,255,124,255,255,255,132,48,186,255,255,255,220,255,255,255,116,52,32,14,40,26,32,52,48,42,40,40,24,12,22,16,36,192,255,255,170,255,255,202,255,255,128,255,255,255,136,134,234,255,255,255,212,80,146,255,208,255,255,255,206,14,10,18,12,12,8,22,36,32,24,26,44,50,54,50,66,20,38,10,28,22,28,46,42,18,16,30,38,30,28,46,42,20,30,36,36,48,44,40,56,74,76,82,255,255,255,255,255,255,72,28,44,72,72,74,56,36,44,36,16,42,44,82,255,255,255,255,255,255,28,6,42,102,126,88,112,244,255,144,104,182,255,80,134,112,108,110,94,116,124,82,12,60,98,64,68,48,26,40,30,20,6,14,16,18,30,24,10,4,4,2,4,6,4,2,0,0,0,0,0,0,0,4,4,8,6,4,6,8,8,8,4,4,4,4,4,4,6,2,8,2,2,6,10,8,8,6,2,6,4,8,10,8,8,12,36,18,14,16,18,24,10,14,24,8,2,4,4,4,2,2,10,22,22,24,24,10,18,12,2,14,28,32,44,50,36,26,16,24,10,42,34,48,26,30,34,14,40,82,68,76,62,88,56,48,26,54,56,78,32,52,34,42,48,12,34,62,50,40,82,56,38,72,14,255,255,255,255,72,255,255,255,255,92,20,52,194,254,255,144,12,6,12,26,4,46,82,190,255,255,255,255,255,255,236,112,255,255,255,74,76,255,255,255,32,20,20,14,0,0,4,8,6,22,28,28,14,6,6,6,2,8,4,26,38,18,255,255,255,42,255,255,255,10,10,20,10,8,4,10,10,6,4,8,14,20,14,20,20,32,22,26,10,24,10,2,18,10,18,8,158,255,255,255,224,255,255,255,255,206,150,44,24,44,28,22,40,18,30,28,12,16,10,18,52,36,32,6,28,16,14,16,16,18,12,242,255,216,136,255,255,255,255,72,40,30,8,14,16,20,110,178,180,255,255,255,255,14,255,255,202,255,112,128,162,255,255,90,255,255,255,255,146,114,218
50,255,255,255,255,30,170,255,255,255,255,190,58,255,255,255,255,120,58,212,255,255,255,255,250,138,56,40,54,36,12,255,255,255,255,255,10,12,12,34,128,212,255,255,255,182,72,166,152,255,255,224,255,188,255,255,238,255,255,12,255,255,255,90,24,130,250,244,66,56,72,68,36,10,18,36,18,36,92,138,228,255,255,255,255,255,134,20,150,255,255,255,255,188,255,255,230,255,255,166,216,26,255,255,255,255,255,255,255,255,255,255,255,178,230,106,32,28,22,28,32,32,16,8,14,18,10,14,60,82,72,102,100,14,38,4,34,22,26,48,56,36,26,22,18,10,16,50,60,38,46,54,40,28,24,22,40,66,72,54,104,255,255,255,255,158,72,66,62,62,30,40,20,22,28,36,20,44,56,34,64,82,162,232,234,134,80,54,32,8,76,134,255,255,134,40,234,255,255,124,152,146,152,142,120,148,160,108,28,84,108,52,74,68,42,60,48,8,6,12,10,6,14,22,22,18,10,4,6,4,2,2,2,0,0,0,0,0,0,4,0,4,4,2,8,4,2,4,2,0,2,6,6,6,8,4,8,4,8,4,10,12,4,8,4,6,2,10,10,10,12,8,32,16,16,10,8,10,16,12,16,16,6,10,8,8,2,4,4,4,8,2,14,10,10,6,8,40,48,44,10,18,20,28,10,24,32,42,34,54,36,18,16,4,46,104,70,104,40,96,68,36,32,10,100,48,100,26,58,40,62,28,18,64,42,78,44,18,26,62,220,255,255,255,42,255,255,244,255,255,236,22,16,18,38,26,6,8,22,36,164,170,202,204,232,255,255,255,255,255,255,255,208,255,255,255,255,38,255,255,255,204,14,30,20,4,6,10,14,12,26,30,44,36,6,12,10,8,10,18,20,30,12,128,255,255,255,255,255,255,96,8,10,18,12,16,14,8,14,18,14,4,24,4,20,12,8,4,10,8,18,28,20,4,32,20,16,20,84,255,255,255,255,255,255,255,255,255,238,8,28,16,12,14,18,32,12,14,30,30,0,12,50,52,30,14,24,26,8,16,18,16,50,255,132,255,68,255,255,255,255,84,42,22,6,12,20,20,64,232,255,255,255,255,255,44,255,255,252,18,182,255,204,255,82,255,255,20,255,255,180,173
48,255,255,255,255,255,255,184,62,255,255,255,255,154,64,255,255,255,255,255,208,126,50,24,28,36,12,10,8,34,36,112,255,255,255,242,218,72,108,255,255,255,255,255,255,255,255,88,255,255,255,255,255,255,250,26,255,255,255,255,82,255,255,255,62,16,38,20,10,24,18,12,16,86,164,232,255,255,255,254,226,164,106,136,122,242,142,255,255,255,255,255,255,255,166,255,255,255,255,88,122,255,255,255,198,212,255,255,255,255,248,210,192,36,34,18,20,20,22,22,10,14,16,8,16,18,10,10,34,70,78,44,90,250,198,222,28,28,16,26,42,34,32,36,26,4,36,52,72,40,22,34,44,36,34,38,42,54,56,12,22,64,236,242,255,48,26,54,46,22,52,18,44,42,48,24,40,54,78,62,68,42,44,54,62,36,56,54,64,38,54,242,255,178,36,48,255,255,134,118,116,122,164,178,170,192,188,82,24,132,126,48,70,66,46,66,42,26,28,24,18,10,8,14,22,24,16,6,4,2,4,2,4,0,0,0,0,0,0,4,0,4,4,2,10,8,8,8,2,0,4,6,2,6,12,12,16,18,6,10,20,24,24,6,8,8,0,10,10,8,14,4,20,16,8,4,4,18,6,14,10,18,4,8,6,8,0,4,6,4,14,24,22,24,10,6,6,46,42,42,16,12,30,12,24,34,44,36,88,46,36,12,10,6,48,114,30,94,16,52,42,14,58,80,68,70,68,18,30,8,28,36,42,40,58,36,70,34,100,255,255,255,255,255,255,255,246,255,255,255,254,14,8,30,20,42,94,138,162,48,152,86,255,255,166,255,136,255,255,255,255,255,212,222,255,255,255,120,58,255,255,255,54,24,16,12,16,16,18,2,20,34,26,56,20,16,20,6,2,4,12,18,22,24,255,255,255,54,255,255,255,12,4,22,26,14,8,14,24,20,22,8,20,18,6,4,10,8,10,10,8,12,10,26,10,16,4,6,10,42,246,255,255,255,24,255,255,255,255,238,4,20,14,12,16,18,14,12,4,10,186,255,255,218,42,20,12,16,16,6,14,34,32,160,255,112,255,126,255,255,255,255,160,56,34,4,4,10,24,144,250,224,255,255,255,255,160,70,20,62,166,255,255,255,214,255,255,255,255,255,118,206
174,255,255,102,156,255,255,255,255,72,112,255,255,255,255,255,255,126,34,16,24,62,60,42,8,14,10,12,224,255,255,242,82,250,255,255,255,255,210,255,255,255,255,255,255,188,255,255,176,255,255,255,255,255,255,255,102,255,255,255,255,128,255,255,255,46,24,28,68,126,234,255,255,255,255,240,112,16,116,210,248,255,255,255,255,160,118,255,232,108,255,136,255,255,230,152,255,255,140,196,255,166,255,255,255,255,255,255,212,180,90,38,20,14,24,10,4,6,14,20,18,6,14,16,4,10,14,14,208,255,255,255,255,255,255,255,46,16,10,12,26,26,30,38,42,34,2,26,10,48,32,26,28,28,20,28,14,20,46,48,62,62,60,44,20,32,46,30,56,58,60,60,42,74,38,38,6,130,86,70,38,58,88,76,66,40,34,38,72,68,72,255,255,178,255,255,255,255,102,88,86,102,132,146,242,255,246,50,166,255,180,122,90,92,122,86,30,30,54,52,40,38,28,14,18,30,26,12,4,4,8,4,8,4,4,2,4,4,2,6,2,4,4,4,4,6,8,4,4,0,4,8,8,4,12,20,4,20,4,26,26,18,18,2,10,4,4,8,10,10,16,8,16,12,8,18,22,10,4,16,18,12,4,2,6,6,8,10,10,10,16,10,12,14,4,10,10,26,50,54,38,28,28,28,14,44,40,40,24,18,22,8,22,26,20,106,66,90,10,40,30,70,78,102,36,30,14,20,52,38,46,34,20,34,72,84,30,214,255,255,255,255,176,255,255,246,164,255,255,255,80,52,52,116,186,255,250,164,178,255,136,102,255,24,255,255,255,255,255,210,24,168,172,78,148,255,255,255,2,255,255,255,244,30,24,8,2,4,14,10,16,50,28,48,28,4,18,6,2,4,10,12,14,4,140,255,255,255,255,255,255,146,28,28,34,10,6,8,14,14,20,12,8,12,0,6,14,10,12,8,4,6,18,18,20,16,28,10,8,14,26,166,255,255,255,255,118,255,255,255,238,24,6,18,34,28,48,22,38,255,255,255,255,255,224,28,18,28,16,12,8,24,12,42,255,214,236,122,255,255,255,255,255,212,48,16,4,2,4,2,30,122,84,188,255,255,255,255,16,46,62,148,255,172,172,84,242,104,74,184,150,198
222,255,255,255,206,30,158,242,255,255,255,228,72,122,240,255,138,34,22,6,124,255,255,255,255,14,8,68,255,255,255,255,255,146,255,255,255,255,242,255,255,255,255,255,255,255,74,255,255,255,255,255,255,182,60,255,255,158,188,255,255,255,255,255,255,255,255,255,255,255,255,164,76,44,156,255,255,255,255,255,154,58,174,146,156,255,255,82,255,238,158,255,255,255,140,242,255,255,255,74,255,178,154,255,255,255,234,240,88,52,38,40,16,6,8,6,2,8,20,14,30,36,28,22,24,24,4,20,255,255,255,255,190,255,255,255,166,36,40,30,24,24,48,48,20,50,255,255,255,40,60,20,16,34,20,18,152,255,255,255,126,18,42,40,38,44,54,20,46,44,50,16,26,60,52,124,255,255,255,255,150,24,12,26,60,42,56,36,48,66,255,255,92,52,196,255,255,144,102,106,64,64,110,150,132,255,255,160,255,255,152,180,140,134,206,148,62,42,50,50,68,76,72,44,22,22,32,44,26,12,16,6,14,10,2,4,2,2,6,6,2,4,2,4,4,2,4,0,4,0,2,6,8,8,16,8,10,16,8,30,18,30,16,6,8,12,10,4,4,6,10,12,20,6,14,18,10,16,14,12,22,20,8,14,12,6,6,6,4,16,14,8,6,2,12,14,20,6,2,4,42,4,32,16,16,16,20,22,6,22,14,16,24,32,30,30,58,42,8,36,20,56,56,42,60,36,14,34,66,54,44,36,62,20,64,164,255,255,255,255,126,190,160,255,255,255,255,255,174,78,255,255,255,108,168,255,255,172,196,182,255,128,255,255,255,172,78,230,218,138,255,255,255,216,10,255,255,255,255,255,255,255,255,84,18,4,14,16,12,8,12,20,32,42,22,10,18,8,6,8,20,28,38,16,14,255,255,255,126,255,255,255,14,26,32,8,8,16,14,20,14,4,22,24,12,12,10,10,10,2,10,12,22,10,4,4,12,20,18,16,16,28,84,255,255,255,255,255,255,255,255,255,20,10,30,8,16,100,255,255,255,255,255,255,255,210,12,34,8,4,14,12,22,22,114,255,28,252,68,255,255,255,255,255,255,46,26,4,4,2,28,102,122,82,208,255,255,255,255,22,16,56,96,102,124,222,90,255,255,255,255,201
133,255,182,200,148,255,255,255,142,242,255,255,255,255,255,255,255,255,6,4,255,255,255,255,255,255,52,80,255,255,255,255,255,255,255,255,255,255,196,255,88,255,246,58,148,255,255,255,255,126,106,34,22,24,2,18,228,255,255,162,255,255,255,255,255,255,255,164,70,198,255,255,255,255,255,255,138,34,34,48,255,255,255,255,255,198,106,255,255,118,255,255,255,36,255,255,255,158,126,255,255,134,255,162,255,255,52,10,16,16,22,6,6,8,8,10,12,18,66,120,188,182,116,16,14,24,14,50,255,255,194,255,250,255,255,255,162,70,22,18,32,12,30,56,18,198,255,254,255,255,180,86,22,26,36,20,255,255,255,255,255,210,28,26,16,8,20,16,36,20,8,38,46,64,46,255,255,236,240,255,255,46,18,32,74,80,66,60,104,146,255,136,64,110,255,255,108,48,92,132,92,78,94,220,255,255,255,30,255,252,142,190,182,164,198,40,74,86,96,102,76,54,72,94,74,40,24,40,28,4,10,12,6,10,8,2,4,4,4,4,2,4,0,0,0,0,4,2,4,0,2,6,4,8,16,8,10,14,12,26,24,22,12,24,20,16,10,6,2,4,14,6,10,8,8,22,16,14,16,12,22,14,6,4,12,16,10,10,20,24,10,6,12,12,18,8,26,12,18,12,26,16,20,46,14,18,14,14,14,22,10,20,20,36,36,18,14,4,10,42,20,28,74,60,32,50,52,18,18,26,6,24,86,188,255,255,255,255,255,94,255,255,255,255,255,255,34,134,190,254,255,116,255,224,88,255,255,255,255,255,240,255,152,140,160,40,255,255,255,255,226,96,255,190,26,110,255,255,255,255,255,255,255,255,22,16,18,14,10,4,8,2,18,20,6,14,10,4,2,8,4,8,30,30,16,80,255,255,255,255,255,255,124,16,30,14,10,12,2,10,10,16,26,16,18,14,6,6,2,4,16,12,26,12,6,2,6,12,12,10,10,12,22,68,240,255,255,255,255,255,255,255,255,16,20,24,210,255,255,255,255,94,140,255,255,255,220,48,12,12,30,10,2,2,6,228,255,180,252,100,96,150,255,255,255,255,50,20,4,2,14,38,46,68,128,216,255,255,255,255,208,210,186,255,255,255,212,255,255,26,216,205
186,255,194,246,255,255,255,255,100,255,255,255,180,255,255,255,255,255,94,212,255,255,255,255,255,255,255,68,255,255,255,255,234,255,255,255,255,255,158,255,246,255,255,255,255,255,176,255,255,40,20,26,22,20,6,8,16,156,255,255,255,255,255,255,142,255,255,255,255,255,224,146,88,28,24,40,30,34,46,150,255,192,122,255,255,255,152,152,194,255,255,44,182,212,255,120,255,176,255,86,170,180,255,180,58,54,30,4,2,6,28,6,12,14,28,44,38,50,180,255,255,255,214,26,8,22,20,70,255,255,255,255,255,255,255,255,138,20,24,10,12,20,24,58,60,255,255,255,255,106,202,158,50,30,36,170,255,255,96,255,255,230,20,6,12,30,22,24,26,32,36,40,46,46,134,255,255,162,118,255,255,78,80,40,30,42,54,40,84,255,255,148,86,154,255,255,116,72,66,96,102,86,78,255,255,166,230,158,255,255,162,158,186,236,198,26,36,4,184,176,166,130,106,94,50,26,48,50,24,10,4,14,20,10,2,6,4,4,4,8,6,2,0,0,0,0,2,2,2,0,0,2,2,4,10,8,2,14,16,12,12,8,20,16,12,4,12,10,2,4,6,10,4,14,12,12,14,8,6,10,4,12,8,8,26,22,28,24,2,18,18,12,10,10,12,20,46,46,28,14,48,38,26,20,30,26,18,12,32,26,6,8,8,10,6,16,16,14,16,50,18,38,22,14,18,30,50,22,22,20,34,255,255,255,255,255,255,255,240,255,255,232,255,146,74,100,255,255,255,255,48,255,32,255,228,255,255,250,74,232,254,174,48,38,6,56,255,255,255,255,228,255,255,220,22,36,255,255,242,255,255,255,255,255,96,28,22,10,30,24,14,20,20,4,16,14,10,18,18,2,10,6,30,46,16,12,255,255,255,255,255,110,224,74,14,10,14,16,12,18,10,10,14,4,20,8,12,14,16,18,30,26,36,12,2,8,10,12,22,20,8,6,12,16,42,6,194,255,255,255,255,255,255,255,66,255,255,255,255,164,255,255,255,255,255,255,255,244,26,8,14,14,10,14,18,54,255,100,255,152,66,142,255,255,255,255,255,80,20,20,8,10,4,10,54,116,170,255,255,255,255,202,126,255,168,254,255,112,255,255,255,174
221,255,94,255,255,255,255,255,62,255,255,255,255,255,255,255,255,255,114,255,255,252,255,255,255,255,255,255,255,255,255,255,255,255,255,255,255,255,132,255,255,255,255,255,255,252,255,255,224,18,10,16,32,44,30,16,16,4,26,136,255,255,255,255,255,60,255,255,255,114,58,58,20,16,10,14,8,16,26,186,255,136,255,255,255,255,255,230,255,255,144,48,202,255,255,255,124,255,122,255,255,255,255,86,16,16,16,24,26,4,38,40,16,6,130,212,255,255,174,255,230,255,255,8,26,32,20,52,255,255,255,244,196,126,76,170,164,46,42,24,0,14,26,54,255,255,255,192,148,255,255,112,56,58,38,248,255,255,255,255,255,232,60,28,70,92,46,38,62,70,50,22,42,52,255,255,220,68,255,255,255,112,82,56,48,16,20,70,255,255,255,186,170,255,255,150,54,80,76,98,98,62,70,255,255,255,255,255,255,182,134,142,216,255,112,140,134,248,255,132,116,88,144,174,110,72,50,26,52,70,32,24,22,10,6,0,4,4,8,8,6,0,0,0,0,0,0,0,0,0,0,2,2,0,4,12,12,14,4,4,8,12,26,12,10,12,20,30,16,10,10,20,8,14,12,4,10,10,6,8,12,14,10,10,26,14,10,22,12,8,6,2,4,10,24,24,30,30,26,12,32,20,34,24,14,12,14,34,20,16,36,30,14,8,44,34,52,18,20,16,38,16,34,38,34,24,54,40,70,206,255,255,255,255,255,255,94,96,192,70,255,255,222,255,255,255,248,96,124,208,255,208,255,255,255,16,88,60,42,18,20,20,14,30,32,54,255,255,255,255,220,182,144,50,24,14,130,255,44,255,68,255,255,255,255,26,20,16,8,18,22,12,6,16,18,2,20,14,12,18,16,28,22,38,18,12,92,255,74,238,98,180,154,156,32,20,14,8,14,16,10,2,18,14,20,2,16,10,12,20,24,28,28,18,10,10,16,22,18,10,14,12,18,12,24,44,22,178,255,255,255,255,255,255,255,255,255,255,72,255,255,255,255,255,255,255,255,255,255,44,18,2,10,6,16,20,182,255,104,255,46,162,255,230,255,255,255,255,90,36,26,0,16,8,14,50,102,156,255,255,255,255,96,112,255,202,228,104,174,160,162,217
116,194,255,255,255,224,114,255,154,255,255,255,255,255,255,255,255,255,136,255,255,255,255,255,255,42,255,255,255,255,255,255,255,255,255,255,255,255,76,255,255,255,255,255,255,255,255,255,18,6,4,10,24,46,118,102,50,28,50,48,255,255,224,255,255,255,210,255,255,255,88,28,22,18,8,20,12,10,12,148,255,255,72,146,255,255,255,194,80,10,16,18,40,38,60,255,255,255,174,116,136,120,56,8,22,26,30,42,32,78,118,108,172,174,255,255,255,255,255,214,255,244,255,58,20,22,32,30,50,84,56,26,140,160,255,255,255,244,16,16,30,8,20,88,255,255,82,164,255,255,70,26,24,70,255,255,234,254,255,255,255,30,58,88,68,90,88,76,64,48,54,60,78,255,255,255,198,255,255,255,198,108,64,42,50,48,48,138,255,255,124,250,255,255,114,42,68,74,66,70,96,80,255,255,255,78,255,255,255,136,112,134,255,255,208,120,150,255,146,226,255,255,200,128,54,26,24,76,34,50,20,14,18,8,10,16,18,8,10,6,6,0,0,0,0,0,0,0,0,0,0,2,0,2,4,6,6,4,14,14,18,10,16,10,12,20,10,24,16,4,10,16,14,8,12,10,12,8,2,6,8,10,20,12,12,18,6,14,10,12,24,26,28,16,12,44,64,46,28,8,28,30,32,16,30,38,26,6,30,28,46,62,54,4,40,4,42,36,50,64,2,24,30,24,56,58,16,90,255,255,255,255,255,158,255,255,255,255,255,255,255,255,140,160,76,255,188,255,255,255,255,146,246,255,144,28,6,26,8,6,2,4,10,12,14,8,190,172,210,58,48,30,40,6,18,28,16,255,255,255,255,102,255,36,255,128,30,38,8,18,22,14,12,18,6,16,10,10,10,8,14,14,18,22,16,22,12,200,224,182,140,206,6,208,80,14,4,8,10,8,10,12,10,10,14,8,16,6,10,18,4,4,4,18,12,6,10,20,32,42,36,22,28,12,20,44,48,16,230,255,255,255,255,255,255,255,255,255,255,255,255,204,188,255,255,255,255,255,255,192,16,12,12,10,24,4,44,255,200,250,172,150,255,255,255,255,255,255,255,96,28,26,10,10,12,14,42,104,156,255,255,255,255,224,234,255,206,108,200,255,255,213
46,255,255,164,255,255,255,255,255,255,255,255,255,255,255,255,255,255,255,255,240,255,255,255,255,255,255,255,64,255,255,255,38,196,255,255,255,255,54,255,255,255,255,255,255,255,146,112,24,16,22,12,90,255,255,255,255,40,38,22,255,255,255,210,255,255,255,150,255,255,255,112,22,32,16,12,20,16,8,34,255,255,255,255,255,255,255,150,14,16,28,28,8,8,10,106,255,255,140,40,32,12,8,12,18,104,142,138,194,255,255,255,246,228,132,255,144,190,255,255,198,255,255,76,32,12,14,48,26,38,132,106,194,232,255,255,255,255,70,36,32,26,16,78,255,255,255,255,255,255,52,28,26,90,255,255,255,255,255,255,170,58,48,48,32,36,36,24,12,30,56,70,38,255,255,255,255,255,255,128,92,50,40,44,28,64,70,255,204,255,255,255,255,255,100,78,76,62,48,28,42,188,255,255,138,184,255,255,150,126,118,126,255,255,255,255,154,255,255,255,255,82,12,14,18,14,36,56,44,68,30,36,56,62,36,32,40,34,8,2,4,0,2,4,4,2,0,0,0,2,4,6,4,2,4,8,6,6,26,16,28,20,16,10,10,34,20,30,22,10,18,16,8,2,6,8,4,0,8,4,4,8,8,10,4,18,16,20,10,12,26,24,28,30,10,10,32,20,6,10,6,18,34,18,24,20,18,6,10,42,84,24,62,8,50,32,38,34,32,58,38,32,40,36,18,255,255,255,255,255,255,255,255,186,192,255,255,196,218,250,255,122,255,255,255,255,255,110,126,76,104,74,26,26,32,10,26,20,16,12,20,6,22,20,12,26,36,34,64,16,14,6,16,20,12,26,8,116,255,46,255,150,255,255,255,255,10,16,30,20,0,18,8,18,12,14,6,8,20,14,12,6,10,30,32,32,10,64,255,66,248,60,196,150,186,18,10,8,10,4,18,18,8,4,10,10,16,12,10,20,16,8,16,14,4,8,10,4,16,30,16,2,6,28,14,12,34,26,34,236,255,255,255,108,255,42,255,255,255,255,118,26,20,210,255,255,255,255,255,255,30,8,18,18,30,24,6,120,255,20,255,116,194,255,130,80,255,255,255,255,186,52,32,8,14,12,10,40,102,124,230,255,255,255,255,182,70,136,255,244,210,141
48,255,255,255,255,255,36,255,255,255,255,255,255,255,255,255,255,158,255,255,255,255,255,255,255,255,255,255,255,255,255,122,158,226,255,255,255,255,255,142,160,255,255,255,255,255,255,255,255,28,16,22,255,255,255,255,255,255,8,30,255,255,255,255,230,255,255,255,86,255,255,255,150,16,28,6,4,12,12,16,12,140,232,216,162,46,24,28,6,14,12,10,12,4,22,16,12,10,24,36,18,12,8,56,255,255,255,255,255,255,96,72,160,106,152,255,255,255,255,255,80,130,114,22,12,6,10,28,34,142,255,255,255,210,144,255,255,255,88,36,10,20,38,46,134,200,255,255,255,222,30,30,34,166,255,255,255,255,255,224,78,50,60,32,24,24,24,30,38,42,54,196,255,255,172,176,255,255,224,98,88,36,38,60,62,46,255,255,255,224,255,255,255,150,96,80,60,54,84,70,38,208,255,255,238,255,255,212,60,74,100,86,142,182,255,255,142,255,255,230,36,20,10,48,130,134,102,62,50,76,58,170,126,136,78,42,44,48,30,16,8,0,4,6,6,4,0,2,2,4,6,6,4,0,2,8,6,6,30,4,14,8,4,12,8,12,20,26,12,4,12,14,10,4,4,4,4,8,12,8,0,10,4,10,8,10,6,4,4,10,36,28,24,24,14,26,22,8,12,8,22,34,28,44,10,4,20,10,4,6,56,56,42,16,18,28,14,42,44,44,38,14,46,180,255,255,255,255,255,255,255,255,88,255,255,178,252,255,255,255,255,196,150,252,234,150,100,32,54,32,8,24,18,26,30,12,24,18,10,8,26,20,6,28,12,10,10,20,38,12,16,8,4,6,10,6,10,14,255,255,255,255,76,255,92,255,204,30,12,36,12,8,10,4,12,2,6,8,12,10,10,8,12,10,4,16,28,10,158,238,150,255,255,255,255,122,16,18,10,10,28,20,16,8,6,12,18,14,10,40,44,38,32,6,4,6,6,10,14,12,8,12,10,16,22,32,28,24,12,30,196,255,255,255,255,255,255,255,255,64,28,42,34,28,214,255,255,120,255,255,214,10,32,22,42,24,4,26,248,255,180,255,56,200,255,240,98,255,255,255,255,206,62,34,2,22,18,22,32,84,140,178,255,255,255,255,54,124,116,108,130,138
151,255,255,255,255,255,255,255,255,255,255,255,255,118,255,255,255,200,255,255,255,124,16,46,80,38,128,126,72,166,130,255,255,255,255,255,255,255,255,255,255,255,255,255,150,246,255,255,255,196,46,86,255,255,255,255,255,255,255,28,255,255,255,255,50,255,255,255,255,20,255,255,255,194,32,36,10,12,2,12,26,30,30,24,22,14,20,10,8,22,10,20,12,16,4,22,32,28,12,60,40,106,116,120,255,255,236,220,42,132,122,68,255,238,210,230,190,184,72,90,36,20,10,28,28,22,18,22,26,186,255,255,255,186,255,255,255,255,62,34,14,18,12,18,22,8,28,56,40,20,12,34,108,255,255,200,255,255,255,56,44,40,40,52,20,42,56,60,52,30,54,255,255,255,255,255,255,255,122,46,40,58,60,70,62,74,255,255,255,208,255,154,154,90,46,60,40,40,76,54,134,255,255,255,255,255,255,82,22,32,58,72,82,208,255,255,255,104,66,16,8,46,168,255,255,255,220,58,120,196,102,154,42,98,100,104,84,74,74,58,40,30,32,24,6,2,4,6,2,8,8,10,8,6,6,12,12,10,34,12,20,16,18,6,18,14,12,8,6,8,16,10,12,8,6,8,10,24,16,16,10,10,8,10,4,6,16,24,20,4,22,16,18,18,12,48,40,36,4,8,16,62,2,38,28,18,36,2,28,20,14,30,16,8,24,34,16,22,10,12,50,72,255,255,255,255,255,132,255,255,255,248,255,255,255,255,255,255,255,255,255,255,140,66,34,40,32,12,44,14,38,20,14,20,16,6,6,8,18,16,8,14,28,6,14,6,8,12,14,26,18,2,10,8,14,12,12,26,118,255,48,255,188,255,255,255,255,34,28,14,12,16,14,20,0,8,4,14,4,6,16,20,38,22,24,22,10,26,32,236,255,255,255,255,255,255,32,14,16,14,14,16,12,20,18,10,14,6,6,24,28,18,38,16,10,4,10,2,14,14,8,8,16,2,18,34,30,26,16,18,26,170,255,255,255,255,255,132,34,6,12,34,4,20,28,255,255,255,255,255,255,58,24,28,30,18,8,20,68,255,100,255,168,254,224,172,60,110,220,255,255,255,255,66,44,28,14,14,12,22,84,136,178,255,255,255,255,74,160,252,255,210
216,255,255,255,255,255,255,255,72,255,255,255,96,130,176,156,182,255,255,184,42,136,255,255,255,214,24,194,255,255,255,255,255,232,255,178,255,255,255,255,255,255,255,255,255,255,255,240,255,255,42,255,255,255,255,255,255,255,255,255,255,255,255,255,255,255,255,255,255,255,86,255,255,255,255,32,14,4,12,28,20,10,18,22,28,4,10,10,10,16,24,6,16,16,6,74,162,156,104,255,255,255,255,255,255,255,255,255,255,255,160,250,255,196,112,100,26,26,8,18,20,20,10,10,10,14,16,26,16,138,255,255,255,255,255,150,82,46,6,30,6,20,8,32,64,40,18,22,36,38,42,74,196,255,255,255,255,255,152,10,18,14,34,42,38,36,32,16,30,28,136,218,255,255,255,255,255,128,38,40,56,76,46,28,24,150,255,86,255,255,255,242,48,14,18,28,16,10,52,70,255,255,92,156,58,255,232,74,32,54,50,206,255,255,255,255,132,8,10,46,186,255,255,255,255,255,255,52,140,94,188,130,62,102,126,158,136,118,100,36,18,32,46,56,26,18,14,2,6,4,12,4,4,8,10,14,14,10,26,4,12,2,4,10,24,18,14,2,12,12,18,12,2,6,16,14,14,22,6,12,4,4,10,4,2,8,24,8,22,30,22,2,4,20,22,54,26,22,10,6,42,34,32,6,22,28,18,18,12,12,14,10,18,10,14,12,12,16,16,30,92,234,255,255,255,255,255,244,255,255,255,212,255,214,255,255,255,140,80,182,216,152,24,6,14,6,6,16,34,34,10,14,2,6,4,42,52,22,22,22,28,20,36,32,12,24,28,20,8,24,26,26,26,230,252,226,158,232,255,156,174,255,255,60,255,162,255,236,26,18,18,10,8,20,0,8,6,16,8,12,4,12,12,28,14,2,4,32,2,86,255,255,255,255,255,255,140,16,22,18,20,26,32,20,8,12,28,36,36,60,14,58,46,16,14,28,18,6,18,16,22,6,28,10,30,14,22,20,14,18,36,44,202,255,255,255,98,20,26,24,26,4,30,20,22,130,255,255,82,255,255,208,10,12,30,16,8,10,22,168,255,96,255,178,255,72,104,130,204,255,255,255,255,255,98,50,24,10,8,16,4,66,96,126,255,255,255,255,238,254,166,222
213,226,255,255,255,168,190,255,255,255,90,50,255,255,255,255,255,255,255,255,86,255,255,255,255,255,255,242,255,255,255,255,255,255,255,255,255,255,255,162,255,255,255,255,255,255,255,255,255,250,146,255,255,198,255,255,255,255,255,255,168,255,246,255,255,255,255,255,190,255,255,180,255,255,255,255,34,2,10,14,10,6,18,14,34,2,16,14,20,30,10,10,82,82,94,255,255,255,154,255,255,194,132,255,114,255,255,255,126,255,255,255,160,18,36,28,18,6,24,10,28,22,18,190,208,210,38,12,14,40,255,255,255,184,86,46,10,26,6,30,210,255,255,255,194,48,16,16,20,12,30,86,188,255,255,255,255,152,24,28,22,12,18,12,12,12,12,22,32,255,255,255,230,255,255,255,134,52,44,78,70,72,64,38,36,255,255,255,255,212,244,146,48,30,14,20,10,20,38,48,255,255,30,26,242,255,234,74,66,90,255,255,255,255,234,58,16,34,142,255,255,255,255,255,158,255,255,255,255,255,255,255,250,194,176,184,158,128,82,62,80,32,8,30,48,42,16,18,20,2,16,8,6,8,4,8,14,8,12,12,10,16,20,16,8,4,12,12,8,14,4,10,6,22,34,34,10,28,14,16,8,2,12,12,14,12,18,18,4,70,46,18,16,28,8,22,32,20,36,24,26,22,20,2,22,36,10,10,16,18,12,20,24,10,28,106,246,255,255,208,198,255,255,255,255,255,255,255,255,255,255,255,255,56,32,74,96,30,4,8,28,24,18,22,2,28,22,4,14,36,20,22,20,34,44,42,50,8,8,16,22,48,72,68,50,232,252,255,58,44,30,36,108,255,255,255,242,255,255,255,194,94,255,222,255,255,224,255,52,34,8,22,26,20,6,12,6,12,8,4,12,22,20,26,30,18,14,22,12,12,255,255,255,126,255,255,255,26,10,20,24,26,20,14,12,20,22,18,150,255,255,255,255,162,38,14,8,12,12,36,22,46,20,18,2,16,8,6,2,12,24,24,44,58,32,40,18,30,50,32,12,8,26,20,142,255,255,255,30,255,255,226,12,12,18,18,2,8,6,32,255,190,255,130,255,255,244,218,124,134,168,255,255,255,255,138,36,28,26,12,6,6,40,98,158,255,255,255,255,255,152,214
219,104,104,122,255,255,255,255,255,255,255,128,255,255,255,255,255,255,255,255,70,255,255,255,255,255,255,255,255,116,255,146,94,236,255,120,255,255,82,14,255,255,44,255,255,255,255,255,255,80,255,255,252,255,255,255,255,255,255,255,255,255,255,255,255,255,255,255,255,255,255,255,255,255,255,255,255,74,8,26,30,12,14,8,18,24,6,26,88,70,52,255,255,255,70,255,255,255,255,255,255,255,255,255,255,250,238,120,38,36,14,30,30,16,14,28,6,10,4,24,48,158,218,255,255,255,248,20,20,34,174,170,154,10,26,12,10,16,12,166,255,255,255,255,255,138,14,14,14,26,192,255,255,255,92,255,255,30,8,46,28,6,16,22,10,14,28,60,98,255,255,255,255,255,255,230,52,28,36,56,14,26,44,86,122,255,255,82,255,255,100,32,20,22,26,36,26,18,22,140,255,255,242,246,255,255,142,66,255,255,255,240,255,255,255,255,102,255,255,255,255,166,180,90,104,182,255,255,255,255,216,222,190,184,166,168,200,220,58,132,144,78,38,50,26,62,8,16,14,32,42,22,6,4,10,12,4,14,6,12,4,20,8,22,4,12,6,12,2,12,12,4,8,16,24,28,20,16,10,10,10,10,18,18,12,14,10,10,24,48,46,42,34,10,14,10,20,38,14,32,28,30,24,30,10,34,34,14,26,24,22,24,98,214,255,255,255,255,255,255,255,255,255,255,255,255,255,255,228,255,255,255,255,26,14,24,22,12,26,18,22,16,10,14,16,42,38,16,20,26,44,60,46,148,255,255,228,144,248,255,255,234,166,194,230,255,255,255,255,62,34,46,248,255,244,255,255,242,78,255,112,255,212,255,8,255,196,255,222,18,16,12,14,6,18,12,6,6,6,8,14,6,36,32,52,30,30,22,4,24,62,255,255,255,220,255,255,164,42,12,14,10,20,8,20,26,30,20,160,255,255,255,255,255,255,255,255,150,46,14,32,24,30,26,44,66,86,54,8,4,20,6,12,36,20,20,12,20,24,14,38,30,30,255,255,255,255,156,255,255,255,220,6,18,16,22,18,16,16,6,102,255,20,255,80,152,150,116,34,6,36,50,255,255,255,255,198,34,32,12,14,10,16,40,96,156,210,255,255,255,255,174
201,172,130,255,255,255,255,255,255,255,255,26,255,255,255,255,255,255,255,186,42,255,255,255,255,255,255,255,255,255,255,186,26,118,255,204,255,255,40,36,255,255,255,255,255,255,255,255,255,234,255,255,255,255,255,255,252,255,255,255,255,255,255,255,255,255,255,255,18,255,236,255,255,255,255,255,255,255,108,28,36,22,10,28,10,16,106,255,255,255,244,255,255,255,202,255,255,254,255,76,255,255,255,218,138,10,14,20,24,10,14,14,14,6,10,12,34,24,68,154,152,206,242,206,255,255,255,8,18,16,20,8,18,32,18,10,4,2,16,194,255,255,68,255,255,178,26,6,34,46,214,255,255,255,255,255,152,22,4,30,36,44,44,50,48,38,46,58,236,255,255,255,255,255,238,52,22,10,26,6,22,18,34,102,255,255,255,255,255,255,68,14,4,8,32,42,34,2,48,255,255,255,255,255,255,54,255,255,255,255,252,255,255,255,255,255,255,255,255,128,255,255,255,255,106,132,216,255,254,186,136,108,122,144,152,138,236,255,218,126,142,190,126,124,66,136,68,28,16,24,38,62,28,12,4,14,10,8,14,14,14,12,12,24,12,22,14,10,4,2,8,6,2,12,28,26,12,12,4,12,16,14,8,12,8,16,8,12,4,52,50,20,20,8,12,10,8,32,24,44,46,26,26,4,28,16,50,26,40,112,255,255,255,255,255,255,255,255,255,255,255,255,255,255,255,208,255,255,210,255,255,255,232,20,14,10,26,22,8,4,14,10,12,34,134,208,204,166,154,170,178,200,210,255,255,210,255,210,255,255,255,255,255,172,255,255,255,255,255,255,14,26,248,255,255,255,255,255,255,255,180,255,180,255,255,248,255,184,255,78,8,14,18,20,14,4,14,4,8,4,14,14,34,46,36,32,28,8,28,38,24,244,255,255,158,255,255,255,24,6,4,18,10,16,8,12,18,20,118,255,255,255,148,170,255,255,255,255,255,255,255,134,206,255,255,255,255,255,126,6,12,10,8,22,18,22,14,8,22,8,28,26,162,255,255,255,150,255,255,255,255,60,18,6,14,16,10,4,8,26,36,232,255,174,255,48,16,8,18,22,34,12,8,255,255,255,255,255,64,40,12,8,6,20,18,64,104,158,255,255,255,205
163,188,68,255,255,255,255,255,255,255,255,126,255,255,255,255,255,138,38,44,40,254,255,132,255,255,255,255,255,255,255,248,32,78,255,255,255,255,56,40,255,255,255,255,112,234,255,255,255,160,255,255,255,180,54,46,50,28,168,208,170,48,78,70,24,30,72,255,255,255,255,90,255,255,255,255,255,255,255,130,28,2,10,134,244,238,208,255,255,255,255,255,255,255,255,28,255,255,255,224,92,72,36,40,16,4,18,36,4,20,14,30,8,20,12,22,10,16,216,255,255,255,194,58,164,255,255,32,8,6,16,24,4,18,14,20,26,16,170,255,234,255,255,255,255,72,28,26,64,255,255,255,255,255,255,255,22,22,18,34,12,10,14,20,40,40,12,255,255,188,255,34,255,255,136,28,40,32,46,22,18,42,26,255,255,72,184,255,255,188,16,16,32,32,48,46,58,70,94,255,255,144,255,255,92,255,255,255,138,255,255,255,255,255,255,255,255,255,255,184,70,202,255,255,226,90,132,104,98,150,164,164,158,144,180,176,210,255,255,255,255,255,255,255,240,255,255,224,170,94,70,96,152,96,34,48,52,40,20,24,20,20,20,12,8,10,6,6,8,6,4,8,16,12,10,8,6,10,4,10,4,6,10,24,12,22,0,18,18,4,30,30,2,10,16,8,18,8,28,22,32,36,52,28,50,104,252,255,255,255,255,255,255,255,255,188,104,255,255,255,196,255,255,255,255,255,255,255,255,255,255,255,255,170,16,16,42,6,72,60,46,76,162,116,210,255,255,240,156,212,255,226,184,255,230,252,94,255,255,184,224,76,255,160,80,255,255,255,255,238,30,10,220,255,255,255,255,255,212,214,104,246,255,134,255,60,255,228,255,255,22,20,0,6,8,18,12,6,6,0,4,18,18,54,30,16,6,38,20,28,38,44,255,255,255,142,255,255,255,6,10,14,6,12,14,16,4,22,6,210,255,255,255,255,255,255,88,230,255,255,255,255,255,255,255,255,255,255,255,14,4,4,12,14,18,10,12,22,6,14,10,6,160,255,255,255,102,255,255,210,36,28,26,14,8,2,10,8,2,10,8,68,255,136,255,188,12,20,10,14,26,36,20,8,210,255,255,255,255,132,94,24,8,18,28,18,28,104,208,255,255,82
223,196,255,255,168,255,188,16,108,255,252,100,255,255,255,255,234,255,255,212,84,212,255,68,255,144,255,255,255,255,255,236,20,22,255,255,255,255,40,24,162,255,255,255,48,4,224,255,176,255,255,255,104,10,34,24,26,26,24,24,14,32,10,12,20,48,120,255,255,255,230,255,206,255,255,255,152,255,255,255,255,84,170,255,242,255,140,255,204,152,255,136,255,255,255,212,180,255,255,126,30,12,18,18,16,14,24,10,14,10,18,10,18,24,144,255,255,160,250,255,234,255,176,255,255,255,242,30,26,16,22,26,18,18,8,22,2,32,255,255,255,222,30,255,220,10,12,54,255,255,255,255,36,255,255,110,32,32,20,52,42,24,14,14,12,12,28,255,255,222,255,255,255,210,32,18,20,46,36,22,22,20,88,255,255,94,174,250,255,56,38,20,38,88,54,48,22,36,192,255,255,255,255,255,255,255,82,255,255,255,255,255,94,255,255,255,255,255,146,255,255,255,255,255,198,88,128,130,118,102,90,140,176,156,152,156,170,222,250,252,255,255,255,255,255,255,255,255,255,255,255,236,255,255,252,210,200,234,136,82,78,74,60,40,14,10,14,14,16,16,14,8,8,4,22,10,14,6,10,10,10,4,4,20,6,16,6,8,8,18,16,50,20,22,32,20,36,42,46,78,96,138,255,255,255,255,255,255,255,255,255,255,192,48,255,255,238,255,34,255,216,76,255,255,255,255,255,186,255,255,158,255,255,255,210,26,24,38,216,198,200,106,255,208,56,255,124,255,238,178,255,255,180,255,242,255,78,255,255,255,255,255,255,180,248,255,255,255,255,186,22,16,90,136,104,44,56,22,62,18,16,14,255,248,255,255,220,255,138,255,122,24,10,6,10,8,4,12,6,6,2,16,2,28,12,10,18,24,12,36,24,4,186,255,255,255,255,255,255,74,10,10,12,18,26,8,12,26,2,16,28,56,178,255,255,255,255,255,255,255,255,255,255,92,255,255,255,255,255,6,4,8,14,8,10,6,20,12,6,4,30,34,88,255,255,255,255,255,255,255,255,60,14,18,6,2,10,14,8,8,14,6,138,255,60,255,92,36,30,26,24,20,60,112,168,246,255,255,255,255,198,52,34,24,16,34,26,50,106,122,178,22
213,24,255,255,122,255,255,255,255,255,255,246,255,255,255,255,255,255,255,255,160,208,255,255,255,166,84,255,255,255,255,210,24,14,255,255,255,150,28,18,28,74,76,46,18,16,20,255,255,255,255,255,62,2,12,22,32,32,26,26,30,18,18,8,16,16,132,255,255,255,255,255,255,52,255,255,255,142,255,255,255,255,255,255,142,255,255,88,255,255,255,255,246,255,255,160,6,20,18,10,20,22,12,34,16,16,18,26,6,16,8,6,4,12,255,255,255,255,158,255,255,255,255,246,100,82,22,18,20,12,34,22,24,14,18,4,4,82,255,255,106,228,255,255,112,48,36,22,255,255,202,180,255,255,172,184,255,255,255,255,255,230,120,44,26,42,58,255,255,255,255,255,255,64,22,6,24,6,16,8,6,34,255,255,255,112,104,255,255,14,36,34,38,52,16,46,40,16,84,255,255,255,255,255,136,255,255,255,176,255,255,138,255,255,172,255,255,255,255,255,255,255,212,124,88,64,90,106,124,144,108,118,166,164,128,126,200,196,144,150,154,178,160,176,186,212,220,236,255,255,255,255,255,255,255,255,255,255,255,255,255,255,255,252,210,182,166,148,122,88,76,64,60,16,24,16,10,12,10,14,22,18,12,20,12,22,6,8,4,14,40,74,80,44,160,255,255,255,255,255,255,255,255,255,255,255,255,255,255,160,110,64,86,204,255,255,255,86,255,255,255,62,68,255,255,255,255,30,255,255,255,255,255,255,255,255,46,34,226,136,255,122,250,104,255,255,180,255,92,255,255,255,255,255,255,182,255,255,156,130,140,178,186,90,100,86,46,24,34,52,44,50,94,118,100,184,255,255,255,144,26,26,172,255,104,255,212,255,255,255,255,24,20,12,16,18,18,18,12,6,4,12,16,18,12,16,20,8,16,28,42,26,24,255,255,255,26,255,255,255,8,8,18,12,12,16,10,26,12,8,20,14,22,32,24,80,202,255,255,255,255,255,255,255,255,255,255,255,114,10,14,18,20,16,14,12,26,18,8,12,14,34,10,76,255,255,255,255,255,255,255,255,94,18,12,8,14,14,6,6,8,18,10,255,255,244,255,12,16,100,188,255,255,255,234,150,28,255,255,255,255,206,54,54,18,10,12,36,50,90,126,27
218,20,148,255,255,166,255,255,255,255,255,255,255,255,255,255,210,255,255,255,160,114,255,255,255,86,14,36,222,255,238,48,30,12,44,34,178,202,196,32,8,10,8,12,6,12,72,255,255,255,255,255,26,6,22,12,10,4,8,4,20,8,12,10,10,10,48,255,255,255,255,134,255,255,130,255,255,255,255,255,255,212,255,172,116,238,224,255,255,255,202,128,70,18,16,8,24,34,26,8,10,24,28,18,12,10,4,18,26,16,82,255,255,255,255,255,76,255,255,208,255,255,132,36,16,26,16,10,12,26,16,28,28,14,26,10,38,255,255,92,255,255,255,255,52,18,64,190,255,255,255,255,255,255,255,255,255,255,255,255,255,255,255,255,255,255,255,152,216,255,255,255,255,76,18,24,4,36,28,8,2,16,255,255,252,238,255,255,118,18,24,46,26,22,10,36,42,50,32,248,255,255,255,255,255,255,20,255,255,58,255,255,255,222,255,255,255,255,255,255,106,100,62,52,80,66,138,98,66,12,46,54,58,134,130,132,202,196,184,178,186,200,184,194,218,200,172,166,204,174,206,206,208,180,198,212,228,255,255,250,255,255,255,255,255,255,255,255,255,255,255,255,255,255,255,255,255,236,64,50,168,174,156,212,184,138,72,234,255,255,255,255,255,255,255,255,255,255,255,255,255,255,255,255,200,136,98,80,70,58,74,82,88,255,255,198,255,255,255,222,94,30,76,255,255,255,255,252,255,248,255,255,255,255,255,255,255,104,255,236,255,255,104,142,255,130,255,255,98,160,255,255,212,180,255,255,255,184,24,28,18,16,24,16,44,30,6,18,138,204,168,255,255,255,255,232,255,255,255,255,126,10,34,255,255,255,255,255,255,142,255,148,12,28,28,8,22,16,12,14,14,12,24,16,8,20,12,14,6,12,28,20,12,150,255,255,255,255,255,255,96,18,8,6,2,12,24,30,14,6,18,10,10,4,20,26,30,255,255,255,192,255,255,255,255,152,70,28,16,12,12,6,16,20,14,6,14,24,14,14,16,18,10,20,18,210,255,255,255,255,255,255,255,108,6,6,24,18,8,10,6,10,8,92,255,96,255,255,255,255,255,192,50,102,190,255,255,240,255,255,255,255,255,70,58,22,2,4,6,32,88,10
215,32,42,242,255,255,255,255,255,255,255,96,255,255,255,255,255,255,255,255,80,24,64,84,88,32,16,16,34,38,26,12,16,32,202,255,255,255,255,206,32,10,4,6,2,8,255,255,128,255,255,2,24,26,12,10,2,12,12,18,26,12,14,12,16,28,14,68,255,255,255,104,248,176,255,255,208,255,255,255,255,255,255,255,80,255,255,255,62,32,10,18,36,34,20,10,6,8,18,14,18,28,12,4,14,4,4,4,44,64,178,255,255,255,176,158,255,240,255,190,78,56,30,32,20,14,6,20,18,16,10,16,30,32,28,6,44,255,255,255,172,255,255,72,18,4,194,255,255,255,255,255,248,255,255,255,255,186,214,255,255,255,255,255,255,255,255,255,255,255,255,255,248,78,54,86,66,76,52,52,44,255,255,255,224,255,255,106,10,14,12,28,50,36,20,30,16,206,255,255,255,194,255,255,192,255,255,214,255,255,255,250,255,255,168,255,255,255,255,198,52,58,50,60,74,158,255,255,255,255,182,255,255,62,90,92,34,130,184,246,184,30,46,16,42,124,136,152,202,204,206,150,178,156,142,188,238,254,220,194,218,200,214,220,214,238,255,255,255,255,255,255,255,255,255,255,255,228,164,255,255,255,255,124,66,236,255,255,255,255,255,255,255,252,255,255,255,64,255,255,220,108,22,50,70,108,112,36,222,255,255,230,50,170,255,255,255,255,120,52,30,62,48,255,150,255,255,255,255,255,255,255,255,192,255,190,255,255,50,255,255,255,200,190,206,64,112,122,34,24,16,14,10,16,20,0,30,6,18,12,14,20,24,38,80,74,60,194,255,255,255,150,220,88,255,108,255,255,152,255,255,24,20,122,255,255,255,255,255,255,255,255,32,8,24,12,34,22,10,26,18,14,6,8,16,20,8,12,12,2,22,8,12,22,255,255,255,62,255,255,255,32,10,16,20,22,18,20,6,8,2,10,8,14,8,72,255,255,255,126,255,255,242,32,26,14,8,14,20,6,14,8,18,22,22,14,4,20,2,16,8,16,16,10,16,16,240,255,255,82,255,255,255,140,4,6,10,20,6,10,8,18,22,22,186,255,54,210,104,50,188,255,255,255,240,172,72,6,32,184,255,255,255,255,108,50,30,8,6,10,24,5
215,14,34,26,102,255,255,255,255,200,60,38,84,124,86,64,20,14,22,14,12,6,8,54,255,255,255,126,10,12,12,38,255,255,255,255,255,255,255,232,42,20,22,14,12,16,255,255,255,255,52,30,18,8,14,16,6,4,4,12,10,0,6,10,18,28,30,34,10,178,255,255,236,255,255,255,255,158,50,255,255,255,255,255,255,255,255,110,8,14,14,12,4,18,38,26,20,14,4,12,22,30,22,14,10,12,56,206,255,255,210,255,255,58,255,178,255,255,255,66,12,10,10,8,10,12,16,14,10,22,22,12,8,4,0,118,255,255,222,255,255,246,72,14,8,16,192,255,112,214,182,255,255,255,255,255,64,2,20,36,24,22,104,178,255,255,255,255,255,255,255,255,255,255,255,255,255,236,102,68,64,255,255,255,255,255,208,44,36,22,18,18,8,0,32,114,255,255,255,255,255,255,255,255,255,255,255,255,255,255,78,26,162,255,255,255,228,28,46,56,50,56,64,56,88,255,255,204,250,255,255,255,255,255,255,254,234,246,255,255,255,80,255,255,255,90,76,38,78,56,100,114,176,188,160,160,176,238,228,255,250,230,182,152,154,146,168,218,248,255,234,158,110,206,255,255,206,240,255,255,255,240,255,168,255,255,255,255,255,255,170,255,255,255,255,255,255,255,255,132,78,102,100,136,106,32,46,202,255,255,255,255,255,24,234,248,238,40,46,76,58,80,255,255,236,255,255,255,90,255,255,255,84,255,255,255,255,255,255,116,234,255,138,34,10,2,12,8,14,8,16,4,18,6,6,26,28,8,104,98,88,12,18,96,248,228,170,255,255,148,72,236,180,255,255,244,255,255,255,255,255,108,72,30,255,255,255,255,255,255,255,255,150,14,18,28,16,24,6,24,6,14,12,18,24,16,4,8,16,16,12,12,22,12,84,255,255,255,255,255,255,112,28,24,18,10,8,4,12,10,6,0,2,12,58,255,255,255,144,255,255,255,24,32,16,6,24,6,10,24,12,10,12,10,10,12,4,12,8,2,32,16,16,18,56,255,255,255,255,196,255,255,255,128,16,12,10,8,22,8,16,20,24,20,32,255,255,255,255,255,254,170,90,28,12,16,16,22,24,26,86,255,255,255,255,190,50,34,36,4,20,7
219,18,2,10,4,20,24,52,62,164,214,208,102,40,14,12,12,6,4,8,2,10,10,255,255,255,255,255,30,50,255,255,255,255,255,196,255,255,255,166,50,22,2,12,10,30,255,255,255,255,36,20,16,30,28,2,12,2,6,12,12,12,18,18,14,16,44,34,22,30,224,255,255,255,232,255,204,255,255,184,255,255,255,86,255,255,255,255,255,172,24,18,12,32,50,50,22,14,14,2,30,22,18,22,36,50,30,255,255,255,255,132,255,255,255,255,152,108,24,12,10,14,14,12,12,16,20,20,8,24,24,20,10,16,4,164,255,254,146,255,255,154,40,22,14,20,122,255,255,255,255,255,255,255,156,12,118,255,255,255,255,255,234,140,255,255,255,255,255,255,255,255,248,44,210,255,255,255,255,255,255,255,255,255,255,255,148,52,16,12,6,20,16,50,255,255,255,255,255,255,255,255,255,255,90,255,255,255,78,32,46,44,40,94,202,148,100,48,60,68,52,56,60,54,52,255,255,255,255,255,255,255,255,255,255,255,255,170,255,255,255,92,255,255,255,146,255,255,254,196,194,164,174,182,255,255,134,140,154,212,40,140,192,200,238,255,255,168,58,240,255,255,255,255,84,255,255,255,255,116,255,255,170,255,255,255,102,148,206,96,255,255,255,66,48,228,255,255,255,72,100,62,68,116,52,255,255,178,255,255,255,255,222,80,24,30,26,48,62,70,52,32,255,255,255,255,255,255,255,255,255,255,255,255,255,130,255,255,255,255,255,110,44,32,16,8,2,18,12,24,16,36,92,76,66,86,208,255,255,255,255,18,16,118,255,214,255,255,192,84,255,255,255,255,236,184,250,164,220,124,255,255,255,255,24,255,255,255,34,90,255,255,255,48,32,20,18,16,8,22,4,14,14,14,16,10,16,18,14,16,12,16,32,14,8,255,255,255,255,255,255,244,30,14,12,8,14,12,6,8,8,4,14,60,255,255,255,222,255,255,186,32,22,14,2,24,8,14,16,2,24,14,8,12,6,16,26,24,8,16,56,26,20,110,255,255,255,255,240,255,255,255,178,20,18,26,14,14,16,18,16,6,28,32,6,52,154,172,136,44,28,24,0,20,22,10,14,26,30,32,16,8,255,255,255,255,255,50,52,40,30,1
221,10,24,14,16,20,24,36,42,255,255,255,255,24,12,12,6,14,10,12,2,8,12,255,255,255,255,255,255,255,255,255,255,255,255,255,255,255,146,16,14,42,26,12,14,34,255,255,255,255,20,4,12,18,8,22,8,8,2,8,8,2,10,10,6,16,34,24,20,24,20,18,255,255,255,228,255,255,255,255,178,255,255,255,255,60,255,255,255,255,255,255,124,26,46,24,36,26,24,14,28,6,54,110,255,255,255,255,255,255,255,255,136,248,255,138,24,28,8,16,12,6,4,0,2,6,6,16,18,14,18,22,22,32,92,255,236,255,255,255,255,28,16,22,20,16,32,152,236,255,255,255,250,66,36,255,255,255,255,255,255,255,255,255,255,255,255,255,255,255,184,174,255,255,255,255,255,255,164,255,255,255,255,255,255,255,255,206,124,36,42,20,255,255,255,255,255,255,255,255,255,255,144,255,255,255,154,16,26,4,14,14,22,212,255,255,250,52,68,56,40,50,56,34,22,196,255,255,255,255,255,255,255,255,255,162,255,62,255,255,255,58,255,255,255,255,255,24,255,255,255,144,194,255,255,255,255,255,255,255,232,222,220,176,82,176,255,255,255,255,156,128,255,255,255,255,255,206,255,255,136,255,255,255,94,255,255,255,255,255,255,255,188,34,182,255,255,255,60,54,62,46,54,190,255,255,255,255,60,255,255,255,255,120,36,38,30,72,40,18,28,32,255,255,255,255,255,134,255,255,34,158,255,255,152,255,255,255,255,62,255,255,100,22,16,26,14,8,40,12,96,255,255,255,86,236,255,255,255,255,255,32,16,50,255,150,255,138,146,168,238,255,255,148,168,255,255,255,255,220,255,154,255,255,255,255,255,255,134,46,255,255,255,166,12,24,22,32,20,18,12,8,8,18,24,18,20,24,18,20,18,22,12,26,16,90,255,255,255,255,160,206,158,8,12,16,18,28,26,12,18,10,20,192,255,255,255,255,255,182,14,44,10,28,18,18,12,8,12,22,22,14,18,12,10,14,28,34,2,22,44,12,150,255,255,255,255,255,255,255,255,108,40,14,28,4,12,4,4,18,20,20,44,14,30,16,24,24,12,8,22,36,24,10,18,8,4,16,12,22,26,8,32,242,255,255,255,255,98,36,56,2
211,24,10,12,2,8,20,6,44,255,255,255,255,42,14,14,8,4,8,6,12,12,6,255,255,255,90,255,255,255,255,255,255,255,255,255,102,24,6,14,26,16,16,10,26,34,255,255,255,255,140,30,22,16,20,6,16,10,8,10,10,6,10,20,18,12,12,38,18,44,4,36,118,255,255,255,255,255,255,232,255,255,20,255,255,255,255,152,255,255,255,255,255,255,255,198,68,36,12,32,12,32,198,255,255,255,255,134,255,255,255,255,132,32,22,10,14,18,8,16,14,4,6,4,6,4,4,4,10,10,14,32,24,16,146,190,140,134,244,250,94,8,10,24,4,4,230,255,255,255,255,136,6,122,255,255,255,255,255,242,255,255,255,255,255,255,255,255,255,255,255,255,255,255,255,216,6,255,255,255,255,255,255,255,255,255,255,255,255,255,255,255,255,255,255,255,255,255,255,255,206,255,255,255,220,28,22,12,22,28,22,12,255,255,255,255,255,96,255,255,255,255,255,255,255,116,252,240,90,134,146,112,198,255,255,255,255,252,255,255,255,255,255,255,255,172,255,255,255,255,140,108,178,255,255,250,255,255,255,255,255,18,255,255,255,255,255,255,250,255,255,255,255,110,255,255,255,255,196,255,255,255,82,255,255,222,202,255,255,255,255,255,28,86,255,255,255,72,32,80,54,56,255,255,255,170,255,240,255,190,255,214,114,36,46,76,56,182,255,255,80,206,255,176,255,255,255,212,255,170,24,8,140,255,255,68,255,255,255,255,124,255,255,176,30,98,220,255,255,255,130,255,255,255,106,255,255,158,84,255,255,88,34,14,252,255,255,255,226,255,255,255,118,30,136,255,255,255,255,140,255,194,26,255,255,34,255,255,255,20,42,255,255,255,28,8,18,36,8,8,20,6,8,8,12,4,14,22,32,22,30,16,8,2,30,38,222,255,164,188,182,30,218,66,6,8,4,14,24,18,12,4,16,194,255,255,255,255,178,18,14,26,4,22,26,8,12,10,38,214,255,255,228,58,10,38,24,6,10,22,36,236,255,255,255,166,255,255,255,255,78,46,38,20,22,12,16,18,12,6,20,20,6,42,12,34,24,24,16,6,10,16,8,12,16,10,10,10,38,30,16,34,6,44,134,255,255,255,255,162,70,2
219,16,36,14,14,20,4,12,30,255,255,255,255,92,18,16,4,8,2,10,14,8,4,56,255,255,255,142,255,255,255,255,255,255,32,38,20,18,28,10,6,22,38,12,26,22,202,255,255,255,255,154,48,10,18,6,10,20,12,16,18,14,10,10,10,4,22,16,40,8,36,12,34,14,26,255,255,255,138,255,255,255,255,255,170,255,255,255,255,255,86,255,255,255,255,255,255,255,255,255,255,250,146,255,112,234,255,255,255,255,70,24,10,14,14,10,18,22,12,2,4,14,18,20,18,16,10,2,8,10,8,22,108,255,255,138,86,154,202,90,4,4,14,16,50,255,255,255,255,255,52,12,238,255,255,255,255,114,14,28,14,12,42,96,198,255,255,255,255,255,255,255,255,120,126,255,255,255,255,255,255,116,255,255,180,255,255,255,255,255,255,255,255,255,118,58,255,255,255,174,255,255,255,16,12,8,20,10,22,30,26,12,255,255,255,255,255,255,255,255,255,198,255,255,255,255,255,255,255,255,255,255,255,32,106,200,200,116,255,255,255,255,255,255,255,120,255,255,255,80,76,72,112,255,255,255,255,255,255,255,255,255,255,255,255,255,255,255,255,255,112,255,255,255,192,90,255,255,255,255,166,255,255,255,255,220,255,255,255,255,255,44,16,255,255,255,174,32,54,86,255,255,222,255,218,228,255,255,255,255,128,72,48,56,6,80,108,255,255,255,226,255,255,255,255,234,255,255,255,26,16,8,26,54,255,255,228,255,255,255,255,176,255,255,254,142,255,255,255,255,255,255,216,255,255,106,255,255,255,255,255,94,50,18,76,230,255,236,92,22,8,10,10,20,78,255,255,255,255,255,238,255,255,255,255,32,254,255,255,156,28,210,255,255,198,24,12,30,14,20,12,4,4,12,18,12,22,16,24,16,14,30,22,14,14,8,62,255,110,242,34,142,166,148,16,14,22,16,4,10,6,18,18,118,255,255,255,176,18,12,6,16,14,20,22,16,20,14,104,255,255,255,255,160,16,24,16,14,14,18,255,255,255,255,118,255,255,255,255,58,40,42,18,14,42,20,10,8,8,20,16,14,26,26,26,28,18,24,20,10,4,10,4,4,14,20,18,14,24,24,14,20,18,6,32,36,255,255,255,255,255,8
219,16,14,22,6,18,20,4,12,255,255,72,255,255,14,18,6,8,2,10,14,8,6,14,114,255,255,255,178,255,255,255,44,30,8,24,6,12,2,14,46,66,32,4,10,24,30,255,255,246,255,255,255,70,22,10,8,8,6,10,8,12,18,18,24,18,26,16,12,46,8,18,10,36,8,30,242,255,255,255,255,255,255,140,255,255,246,255,255,255,255,255,255,22,255,255,255,255,255,88,106,255,255,255,255,255,255,255,144,34,26,8,14,20,2,6,16,26,6,16,20,12,16,14,16,16,10,6,4,2,14,12,255,255,255,255,255,160,154,36,2,16,26,182,255,255,255,255,255,110,104,255,255,255,255,236,12,26,48,42,56,36,24,38,30,12,22,36,78,178,255,255,255,255,255,255,255,255,255,255,255,255,255,255,182,124,12,86,150,255,255,255,160,26,6,160,255,255,255,255,255,92,28,6,22,8,12,24,22,10,18,18,255,255,255,255,255,255,255,255,255,176,255,255,255,255,246,255,255,255,255,255,255,128,22,42,126,255,255,255,234,136,68,26,72,66,104,98,70,52,72,76,82,255,255,140,255,255,255,255,255,255,255,255,255,255,255,240,255,255,255,164,164,255,255,255,255,255,62,255,255,255,146,255,255,255,255,158,255,255,168,4,248,255,255,255,30,10,62,255,255,224,240,255,255,255,255,222,255,148,64,16,8,24,250,255,255,80,255,255,240,255,116,255,255,255,255,255,255,62,16,26,18,14,34,255,255,255,255,255,44,255,255,255,255,198,255,134,112,162,255,255,255,255,255,130,255,255,255,218,204,44,22,6,12,18,22,26,14,8,14,2,8,22,32,255,255,255,255,255,164,255,255,255,104,36,48,255,255,255,26,62,255,255,255,40,8,36,40,10,10,2,10,18,20,0,24,26,14,14,42,12,26,14,14,4,4,166,255,124,164,188,40,255,94,10,12,22,14,14,22,24,34,16,112,126,80,32,18,18,12,18,18,8,14,10,26,12,102,255,255,255,255,255,14,6,14,18,10,24,255,255,255,142,174,255,255,198,28,34,14,10,32,12,26,32,14,12,14,18,10,12,6,20,28,26,16,24,26,8,12,14,6,10,14,10,6,22,20,14,24,8,4,18,8,16,16,236,255,255,255,12
213,26,16,8,10,12,10,16,18,84,255,255,255,255,62,18,14,2,6,18,16,2,2,16,24,192,255,255,255,255,255,255,14,24,24,20,12,20,30,146,218,224,172,48,20,6,18,72,255,255,255,255,255,255,250,10,10,4,8,4,6,4,10,8,2,12,18,8,10,10,32,36,14,18,26,16,30,42,120,224,255,255,255,255,104,255,226,48,210,255,255,255,255,255,255,255,244,255,255,255,255,255,255,255,180,156,112,16,20,20,10,22,30,6,16,10,14,16,6,6,10,4,8,10,24,8,12,16,14,12,4,22,255,255,254,126,255,255,86,30,34,18,255,255,255,255,255,255,255,255,255,255,255,255,136,50,44,40,26,10,18,42,48,40,14,16,16,28,8,24,32,52,76,30,128,234,255,255,255,255,255,255,255,255,255,255,255,255,255,182,60,6,8,106,255,255,255,255,255,204,18,6,20,32,16,14,22,32,38,20,8,10,124,255,255,255,255,255,255,255,255,255,255,255,90,255,255,255,230,255,255,188,255,238,40,56,255,255,255,255,255,255,255,255,132,24,8,30,12,44,190,255,255,255,255,255,255,255,255,218,178,54,6,255,255,255,255,236,255,255,255,255,255,255,255,50,255,255,255,255,154,255,255,255,255,255,114,255,255,255,6,136,255,255,255,46,30,54,212,230,255,255,255,222,194,242,220,42,4,20,30,32,30,10,255,194,158,255,114,230,86,255,162,255,28,255,138,255,255,22,44,28,16,14,14,10,226,255,255,214,255,255,255,255,255,255,72,255,255,255,255,80,255,255,255,186,40,56,62,6,12,12,14,18,22,12,16,12,8,24,24,8,6,20,20,88,178,176,92,86,88,24,28,12,12,30,12,188,255,255,202,30,224,255,255,204,14,24,44,16,14,12,10,10,24,18,30,24,18,20,34,34,6,32,36,16,8,38,240,132,248,255,255,255,255,22,4,20,22,8,22,22,22,6,18,30,230,255,255,255,60,6,18,14,24,36,20,22,46,255,255,255,255,255,132,6,10,10,10,18,255,255,255,255,90,255,255,255,168,32,28,2,28,20,10,30,26,14,24,18,2,16,18,4,20,18,10,14,6,4,12,8,8,12,10,2,8,2,10,14,24,12,4,18,14,10,8,20,96,255,255,58
199,140,26,10,2,12,2,24,6,6,255,255,168,255,255,4,14,2,8,20,8,10,8,10,14,20,255,255,255,160,255,255,84,10,8,10,18,112,255,255,255,255,255,255,248,14,8,10,40,255,255,255,208,255,255,255,8,8,16,18,18,8,12,6,14,16,14,62,255,255,255,92,12,18,10,10,26,24,32,52,150,255,255,255,255,255,116,16,6,14,24,180,255,255,255,255,255,255,255,255,255,255,255,255,255,255,255,28,8,30,20,14,14,10,12,6,10,8,2,6,16,4,6,8,22,16,4,4,14,22,34,202,255,214,255,255,255,255,36,30,126,255,255,255,172,255,255,255,255,255,255,255,255,36,28,18,36,24,20,24,38,34,10,6,24,26,8,18,26,6,12,24,40,40,22,62,64,48,26,80,186,255,255,255,255,255,255,255,255,255,255,255,255,255,255,255,255,255,40,16,44,46,26,12,2,16,8,16,12,20,6,6,4,18,68,76,86,108,92,104,216,248,252,255,156,255,255,255,242,255,255,255,255,206,16,164,255,255,255,255,152,252,255,255,160,108,206,255,255,255,255,255,255,255,255,255,255,150,36,10,42,182,255,255,255,255,255,255,255,255,255,255,46,104,74,255,255,255,244,255,255,255,255,255,156,74,255,255,255,28,58,255,255,255,72,48,130,194,255,170,210,248,255,255,110,62,54,56,50,46,32,24,38,40,255,255,255,58,255,198,255,255,255,255,224,255,170,255,80,22,8,22,26,8,6,12,14,138,255,255,158,255,255,255,255,255,255,255,180,140,144,50,82,134,110,16,8,20,26,8,22,4,18,14,20,20,6,18,8,16,22,20,10,16,24,12,10,10,32,18,10,16,20,26,152,178,136,255,255,255,255,32,58,255,255,255,20,26,32,12,14,10,6,8,4,12,32,28,24,26,20,10,24,14,24,12,12,8,86,255,255,255,255,255,255,108,6,20,28,20,12,8,4,14,16,28,255,255,255,255,240,24,42,26,46,2,22,12,18,200,255,255,255,255,255,18,14,12,8,16,70,255,255,255,255,206,255,255,255,202,20,12,14,30,30,28,12,2,10,4,4,10,12,8,14,8,2,16,6,10,14,8,8,8,8,8,8,6,16,22,24,24,8,16,16,28,12,32,28,32,255,222
173,158,16,18,22,16,6,18,16,16,162,255,255,255,255,112,18,6,24,8,18,8,12,14,4,16,46,255,255,255,255,255,90,4,18,36,4,255,255,255,255,166,255,255,255,255,14,8,14,10,66,255,255,255,255,255,154,4,28,20,14,18,10,16,20,18,56,255,255,255,255,255,58,40,22,22,26,38,26,4,24,74,255,255,255,252,26,18,20,26,30,255,255,255,255,255,134,246,202,255,255,255,255,22,255,255,255,255,28,28,38,8,22,10,8,8,26,16,16,10,16,10,2,2,22,4,12,18,22,26,158,255,255,78,60,240,255,74,12,250,255,255,162,255,255,250,255,244,255,255,255,106,38,22,36,12,10,16,18,10,16,22,38,22,14,16,12,20,28,24,14,14,10,10,28,14,34,18,8,24,58,50,18,28,84,136,244,255,255,255,255,255,255,255,255,234,182,252,248,166,54,98,90,22,46,38,36,40,26,34,42,4,4,2,14,16,30,28,40,32,10,18,14,22,36,162,224,220,140,232,255,255,255,134,20,152,255,255,255,255,255,255,255,255,255,255,255,255,255,255,255,255,255,160,64,22,26,92,230,255,255,255,255,255,255,255,255,255,156,26,148,234,255,255,255,255,255,255,255,255,255,255,78,50,24,255,255,255,94,30,255,255,255,86,255,255,156,148,98,80,255,248,168,158,70,44,52,70,248,255,170,28,24,18,36,200,255,255,255,68,255,200,255,255,255,255,255,255,38,18,6,16,18,14,14,14,12,10,72,255,255,255,255,255,32,255,255,255,255,192,8,4,20,32,34,20,14,10,16,4,30,8,14,6,10,30,18,24,14,10,20,16,12,6,16,6,8,58,40,48,34,38,22,130,255,255,255,168,255,255,255,255,70,166,255,255,232,14,44,26,16,18,10,6,4,8,26,28,42,38,12,2,16,10,16,20,12,22,14,220,255,255,255,255,255,255,10,24,4,14,26,6,16,4,6,8,255,255,204,255,255,34,12,8,14,14,46,56,22,22,255,255,246,255,255,122,10,10,10,4,8,32,186,255,255,148,202,255,255,246,8,14,22,24,28,20,4,6,18,14,12,10,6,4,2,8,18,16,10,4,8,0,8,4,8,6,2,0,6,8,10,14,16,28,22,22,14,26,16,8,22,220
188,158,20,10,22,16,22,22,20,24,24,255,255,148,255,255,10,20,22,28,6,10,10,30,10,14,16,96,255,255,255,255,34,74,94,74,54,255,255,124,255,255,255,186,255,255,168,12,12,6,18,32,255,255,120,255,255,72,4,24,8,16,28,4,28,16,255,255,255,134,255,255,255,255,10,32,16,26,28,26,22,4,26,50,50,40,36,60,24,18,92,255,255,144,255,255,255,255,255,255,255,255,255,255,255,255,255,255,255,14,34,28,10,16,2,22,22,4,8,2,8,4,8,14,8,18,12,4,10,52,164,255,70,28,146,255,192,146,255,255,255,255,255,84,255,255,255,255,255,255,66,24,52,28,20,10,6,4,2,4,8,24,20,24,26,6,10,8,10,36,26,24,20,28,10,18,22,28,26,20,22,38,34,40,26,24,14,56,34,255,255,232,255,26,132,255,242,255,255,255,255,255,222,116,180,190,104,58,104,150,120,64,32,50,46,40,40,38,28,26,24,20,42,18,16,32,56,38,18,12,82,82,58,14,28,74,156,88,108,188,255,255,255,255,255,255,255,255,255,255,255,255,16,42,120,255,255,255,255,255,255,255,255,255,180,74,42,22,148,255,255,156,255,255,255,114,255,255,255,224,134,54,34,34,255,255,255,234,38,234,255,255,255,186,255,88,194,26,182,255,255,255,8,20,40,12,14,255,255,255,255,210,32,16,12,60,176,196,164,182,255,130,255,26,255,214,255,255,28,8,6,8,14,10,8,18,8,2,4,58,255,255,255,255,200,48,216,255,255,255,255,34,22,28,18,10,10,6,4,14,18,4,4,6,14,16,26,14,12,32,10,28,38,28,30,164,160,218,255,255,220,66,26,146,255,146,255,138,255,255,255,255,70,12,255,255,255,36,14,12,12,26,10,4,4,10,18,20,28,18,4,6,8,10,12,30,14,16,18,60,255,255,255,240,255,255,154,30,8,10,18,6,10,20,20,28,162,255,255,255,255,252,10,20,56,255,255,255,222,24,148,255,255,255,255,255,12,14,16,22,26,255,255,255,255,36,255,255,255,238,24,18,18,30,36,30,16,12,18,10,6,8,6,2,6,10,12,14,2,10,6,6,8,10,8,0,6,12,14,12,10,4,6,12,8,6,10,12,24,18,16,218
218,40,26,28,22,20,20,6,14,12,22,74,255,255,255,255,242,12,18,28,6,6,12,4,16,16,14,12,44,56,44,30,142,255,255,255,184,255,255,255,255,255,255,255,255,255,255,20,14,14,14,8,102,255,255,255,255,255,34,0,14,6,8,36,22,12,255,255,255,232,200,255,255,255,204,80,26,16,6,12,28,32,10,20,28,40,36,46,4,26,110,255,255,234,255,210,255,78,255,255,255,255,152,255,255,255,255,255,255,188,20,20,8,16,14,30,10,12,10,0,6,16,20,22,26,18,18,16,30,10,122,255,255,194,255,255,106,255,255,58,255,255,255,255,255,255,255,255,144,18,38,12,16,12,20,20,12,16,16,16,22,26,16,52,30,6,4,178,255,255,255,254,32,16,4,12,6,32,16,2,32,34,10,16,16,18,36,48,30,255,255,255,196,208,50,90,56,188,216,255,238,255,58,255,255,255,232,255,255,255,255,255,255,255,224,206,254,240,54,28,30,88,74,44,28,44,24,12,8,8,28,14,48,38,88,192,255,255,255,255,255,255,28,255,255,255,255,255,255,255,255,255,255,255,255,255,255,255,255,255,255,124,54,26,16,58,226,255,255,255,255,206,255,255,255,255,255,255,100,48,56,10,44,130,255,255,255,28,140,255,255,255,74,186,255,255,170,224,255,255,236,76,42,40,18,68,152,255,255,168,255,255,128,52,38,30,12,60,50,255,255,255,255,216,255,106,255,92,18,6,16,6,12,4,6,8,20,12,14,44,26,250,255,255,255,255,18,128,255,255,255,255,60,8,46,10,14,18,22,26,6,16,18,12,8,14,26,66,60,104,255,255,255,104,88,255,255,255,255,255,255,255,152,110,255,255,40,255,40,255,255,255,255,44,164,255,255,248,18,20,10,22,16,4,12,14,12,4,8,10,6,4,6,2,10,30,10,26,46,2,242,255,255,150,255,255,255,62,38,16,2,2,18,18,22,24,16,255,255,156,255,255,44,18,106,255,255,255,255,62,20,255,255,232,255,255,94,22,20,38,255,255,255,255,22,255,255,255,255,46,14,6,12,28,36,30,16,12,18,16,8,6,8,6,8,6,8,18,12,22,4,4,6,12,14,12,8,10,6,2,4,8,10,18,12,10,10,2,16,32,24,216
216,22,12,32,10,22,20,36,22,12,8,20,230,255,255,255,255,146,12,20,4,8,2,14,12,14,12,16,10,2,10,24,255,255,255,255,255,255,255,220,255,255,255,255,152,255,255,50,44,26,18,4,20,168,255,255,255,255,62,8,14,4,18,10,14,8,242,255,255,255,194,132,255,100,255,255,188,30,14,4,16,24,28,10,22,20,34,42,26,40,124,255,255,255,255,255,255,255,255,44,248,172,255,224,255,255,255,255,255,255,60,26,6,4,28,24,8,18,4,14,8,18,16,26,6,22,4,30,60,168,184,188,218,94,250,255,255,230,255,255,98,255,255,54,255,255,255,16,12,30,10,32,22,20,20,12,22,16,26,20,26,94,120,156,234,255,255,255,255,255,255,255,132,22,30,28,34,44,14,16,18,26,12,2,16,18,12,46,92,255,255,255,255,255,176,232,198,255,174,114,62,255,138,255,62,255,255,224,160,255,255,255,255,255,255,255,255,255,255,56,255,255,255,255,255,255,255,132,28,26,60,158,255,255,255,255,255,255,60,255,255,255,255,255,126,255,255,255,255,255,255,255,255,255,255,255,255,204,48,34,28,26,32,96,122,255,255,255,222,156,110,255,46,255,255,255,166,68,36,44,36,50,26,255,255,255,46,52,255,255,255,152,38,54,128,255,255,255,255,8,26,32,24,64,134,172,255,142,192,255,238,255,152,30,10,0,38,10,38,255,238,255,255,255,255,255,255,18,8,6,18,8,4,12,16,10,20,20,14,34,44,30,120,255,255,255,255,52,84,255,255,255,255,94,26,20,4,26,32,18,10,14,12,66,66,118,255,255,255,255,255,255,255,255,84,255,160,255,255,255,255,255,212,22,164,255,255,255,255,200,255,255,255,92,32,255,255,255,52,26,20,14,12,12,14,6,12,16,16,18,18,10,8,10,8,22,8,28,34,14,54,255,255,255,172,255,255,212,16,34,4,14,30,10,22,20,16,162,255,255,255,255,255,12,76,255,255,255,255,255,18,166,255,255,255,255,255,34,18,114,255,255,255,208,255,255,255,218,18,8,18,4,10,16,28,26,16,14,18,16,8,2,6,8,6,0,8,24,14,28,14,8,12,10,4,10,12,16,8,0,6,6,4,24,12,30,10,8,6,28,44,215
214,18,10,14,4,28,30,12,10,12,6,30,50,255,255,132,255,255,72,14,14,10,18,6,6,8,2,16,30,22,2,16,255,255,94,255,255,255,255,255,255,255,255,255,28,255,255,34,42,24,10,8,24,28,255,255,56,255,255,18,18,2,18,4,10,18,16,148,255,255,255,255,94,255,152,255,255,126,72,4,4,14,8,10,30,20,18,18,24,30,14,130,255,255,255,255,255,255,255,255,132,56,52,255,136,255,255,22,255,255,254,4,16,20,20,4,22,14,8,12,32,32,34,4,18,14,20,14,106,232,226,255,255,255,255,255,56,255,255,246,255,255,255,255,255,120,34,18,6,12,32,14,16,12,32,18,6,42,22,52,142,255,255,255,255,255,255,255,248,255,255,255,188,20,38,70,36,4,66,52,32,22,22,36,40,28,36,20,28,52,128,166,186,255,255,255,255,255,255,255,255,255,74,255,255,255,46,238,174,255,246,184,255,255,156,154,28,134,255,48,255,255,255,255,255,255,255,204,224,255,255,255,255,255,212,128,255,255,255,255,255,114,255,255,255,255,255,255,255,255,255,255,255,255,132,32,20,4,32,48,68,14,255,255,255,255,178,90,136,176,255,255,255,255,108,60,28,42,36,20,20,34,255,255,255,168,36,255,255,255,234,36,30,30,34,96,146,196,62,34,16,58,164,196,146,108,210,82,255,168,254,255,54,28,4,6,36,44,176,255,74,255,64,255,242,255,255,96,76,148,152,140,12,2,8,26,36,28,16,30,20,38,36,98,255,255,255,255,112,62,255,255,255,255,224,28,4,142,214,200,136,52,28,200,176,255,255,126,86,212,228,244,142,255,255,255,255,255,255,255,255,255,204,30,88,255,255,255,148,22,94,255,255,255,42,130,255,255,255,16,18,12,8,10,18,12,26,18,8,14,26,16,8,18,6,0,14,16,8,20,2,190,255,255,255,255,255,255,44,26,8,18,4,20,14,18,16,42,255,255,164,255,255,32,50,255,255,255,255,255,255,255,255,255,228,255,255,94,14,110,255,255,255,255,255,255,172,36,24,20,20,2,12,30,40,34,16,8,12,14,10,6,4,4,6,6,4,12,6,14,10,6,10,14,8,2,10,20,14,6,12,12,14,20,10,26,10,12,10,14,42,217
221,12,10,6,22,14,8,10,14,12,6,18,12,78,255,255,255,255,255,8,12,24,10,10,20,14,14,28,16,28,10,10,255,255,160,255,255,142,255,255,255,255,128,255,255,255,255,88,124,146,36,6,18,14,90,255,255,255,255,168,36,12,10,12,22,22,16,40,50,255,255,196,255,130,74,64,255,255,255,112,42,22,10,10,20,18,16,20,12,6,12,12,26,44,24,32,56,44,255,255,255,214,10,255,255,255,255,255,255,255,255,62,12,24,14,30,26,10,8,8,24,20,26,8,14,34,28,238,218,56,255,255,238,255,255,255,255,144,255,255,134,255,255,255,42,20,28,26,6,22,10,8,16,40,62,48,28,64,58,255,255,255,208,255,136,255,214,255,255,255,255,255,158,10,255,255,255,122,240,255,255,170,74,104,100,88,80,30,6,6,76,32,52,8,58,80,80,184,216,126,255,255,150,140,220,255,255,255,255,255,255,255,255,255,255,82,40,116,255,12,255,255,238,194,255,255,255,255,255,255,255,255,132,255,255,255,255,32,255,255,255,255,255,16,255,255,255,255,124,255,255,202,30,16,20,14,32,34,32,28,24,46,255,255,255,255,112,182,238,255,255,255,255,124,26,24,20,26,32,20,44,178,255,255,255,18,204,255,255,255,44,52,20,36,22,22,40,20,42,108,255,255,255,144,66,82,255,255,255,110,34,24,22,12,12,10,34,42,255,255,255,255,176,255,74,255,255,210,250,255,255,255,20,18,18,14,46,48,18,28,24,8,38,32,40,255,255,255,255,196,30,212,255,255,255,255,128,255,255,255,255,84,20,238,232,208,84,162,250,124,255,255,202,190,255,76,255,220,138,168,182,104,70,16,20,12,34,4,14,40,8,255,255,255,255,255,126,255,255,140,14,14,10,2,12,16,24,4,4,2,24,20,12,22,4,10,14,26,34,26,14,28,255,255,255,50,255,255,255,12,24,10,18,4,10,6,10,26,164,255,255,255,255,255,255,255,255,255,255,255,255,255,255,255,255,255,255,122,14,56,255,255,255,255,255,98,40,28,16,28,24,24,26,32,38,26,2,10,24,30,20,8,8,6,2,8,10,18,18,12,14,12,4,6,10,4,14,16,8,2,6,0,10,4,6,14,14,2,8,6,26,220
216,20,14,24,12,24,30,12,12,12,16,18,18,16,255,255,255,255,255,248,8,14,14,6,20,12,24,14,4,22,16,4,255,255,255,255,255,255,255,255,255,255,192,255,255,255,160,255,255,255,255,12,20,28,20,255,255,255,255,255,42,14,14,12,16,16,26,22,10,38,76,255,255,255,152,212,124,240,255,255,198,28,8,6,4,12,6,10,12,8,20,20,46,28,30,22,24,32,38,172,255,255,88,144,212,242,255,255,34,255,255,255,14,26,20,24,8,16,12,8,8,24,18,26,18,36,255,255,255,204,146,255,255,255,255,255,255,255,255,255,255,255,186,22,24,8,2,10,8,16,38,44,60,224,255,198,248,255,158,255,220,118,255,255,142,255,255,255,255,244,82,48,44,100,255,255,255,255,255,255,255,255,255,255,255,255,255,255,255,255,255,192,84,30,10,44,20,16,48,38,34,22,22,12,40,88,128,98,255,255,255,255,255,255,255,255,255,255,255,84,250,255,164,255,255,255,255,255,255,255,255,255,255,255,255,255,255,255,255,166,126,255,255,255,255,172,250,255,255,255,255,255,40,6,10,12,50,40,34,12,24,50,255,255,255,255,255,255,255,255,140,16,10,22,4,4,20,6,14,32,72,255,255,255,24,114,255,255,255,68,46,44,34,28,46,54,32,66,146,254,255,238,192,188,180,202,194,198,140,12,18,8,16,22,12,12,32,30,255,255,255,255,255,255,152,255,255,255,186,198,226,255,52,26,32,24,36,22,18,2,6,12,6,24,24,24,255,255,255,255,255,255,255,255,255,255,184,255,238,255,255,70,34,232,255,136,202,74,148,255,255,255,255,255,255,10,38,44,56,8,12,4,18,16,20,20,16,22,18,44,28,78,255,255,255,255,255,255,255,255,20,20,12,20,14,10,10,8,4,4,22,28,24,18,10,16,6,16,20,8,16,12,158,255,255,255,255,255,255,70,10,6,10,6,12,8,14,20,26,255,255,144,255,255,255,255,255,228,255,255,255,255,255,255,255,255,255,110,10,8,26,140,174,172,46,4,16,28,16,10,2,24,16,24,24,10,12,8,8,22,24,12,10,8,4,6,8,6,4,8,14,2,8,6,16,6,20,14,10,20,18,16,14,6,2,10,10,8,2,6,12,223
216,28,20,12,20,26,2,8,26,12,18,20,18,10,28,255,255,255,255,255,160,22,22,8,10,18,6,16,2,12,12,12,94,255,255,255,255,255,255,255,255,255,255,190,202,136,255,255,255,255,255,12,16,8,0,24,255,255,255,255,255,255,255,255,255,226,10,28,34,14,22,96,255,255,255,255,255,255,12,255,255,238,30,18,10,14,4,6,6,4,12,16,26,28,14,22,14,12,38,38,118,255,255,68,112,255,255,255,255,255,255,255,14,16,24,4,18,8,20,30,24,20,18,26,26,218,255,255,255,238,255,255,255,255,255,255,255,102,255,255,255,36,10,14,12,10,40,42,36,142,255,255,255,255,255,255,255,255,255,248,255,250,148,255,255,228,254,134,56,12,30,66,38,242,255,255,255,255,255,255,68,255,255,136,255,255,255,255,255,255,255,255,255,160,255,255,255,202,28,18,20,20,2,24,20,38,38,14,14,32,80,62,18,34,92,255,240,24,255,255,255,255,255,255,255,255,142,154,255,255,255,255,255,255,255,255,42,255,255,255,255,255,138,255,255,255,255,255,255,106,255,255,182,24,40,58,54,10,22,32,42,18,140,255,255,255,255,250,104,58,38,20,10,18,14,34,20,18,8,16,255,255,255,118,42,255,255,255,174,40,30,6,14,30,54,146,184,210,230,180,202,255,255,255,212,132,62,20,4,4,16,14,16,28,12,56,44,160,255,230,255,104,255,164,255,255,166,255,204,255,255,246,48,34,26,8,16,6,16,18,10,8,18,12,36,18,6,158,255,255,255,255,255,255,255,255,255,255,255,252,255,216,86,32,255,255,255,255,255,255,216,194,188,194,42,26,12,18,10,4,12,16,10,12,22,0,4,10,20,16,38,22,255,255,234,255,255,255,255,255,188,8,8,32,4,20,20,16,4,6,14,18,8,2,16,6,4,12,28,12,18,14,12,255,255,255,12,255,255,255,10,16,12,6,14,32,10,12,16,168,255,255,92,248,56,255,255,255,255,255,255,255,255,255,178,88,60,6,22,6,14,14,4,18,6,18,6,14,10,4,18,10,4,16,8,8,8,6,14,20,14,8,6,8,12,6,16,8,6,6,2,14,16,12,22,18,20,8,10,20,12,18,14,10,10,14,16,16,8,8,2,225
214,8,34,24,4,14,4,6,12,24,6,6,26,18,8,78,255,255,58,255,255,26,20,10,6,8,4,6,6,8,6,8,10,218,255,255,255,255,255,255,255,255,96,50,50,255,255,255,255,255,255,16,14,14,10,12,180,255,255,255,255,255,255,255,255,255,255,32,16,14,2,6,10,10,244,255,255,255,88,42,255,255,255,224,58,8,10,10,14,16,4,10,12,10,6,10,18,26,14,22,60,255,255,255,255,255,255,255,255,84,255,255,146,22,8,26,18,22,20,10,24,14,32,22,22,226,255,180,255,255,255,255,136,22,182,255,255,255,255,184,8,28,6,18,30,26,64,94,184,255,255,255,255,212,24,154,76,242,138,255,170,255,255,110,98,44,18,16,16,26,18,30,18,255,255,255,255,255,255,255,255,255,255,255,255,76,255,255,255,130,255,226,255,210,255,255,255,255,36,48,220,255,255,255,178,114,114,24,26,64,228,255,255,255,255,255,255,255,255,255,255,255,255,255,118,16,6,16,174,255,255,242,255,255,255,255,255,255,52,255,56,255,255,202,255,242,255,255,255,255,255,255,242,48,36,24,8,18,50,52,14,8,28,106,160,126,42,28,4,28,38,18,4,30,38,30,24,48,24,255,255,255,255,4,255,255,255,255,28,40,30,24,22,20,246,255,192,92,186,62,250,255,254,140,76,22,14,4,16,12,8,18,60,102,220,255,255,255,255,212,255,255,255,255,255,255,255,255,246,176,186,114,54,30,4,8,14,18,14,12,18,12,20,10,32,34,38,18,78,255,255,255,255,255,255,132,255,102,255,246,255,178,82,62,78,114,94,86,86,68,10,32,26,32,18,16,2,24,18,10,8,10,14,22,10,12,8,8,6,26,28,22,96,255,48,255,74,255,255,255,255,38,10,14,24,6,8,10,14,4,10,20,16,10,6,6,8,8,18,28,6,8,10,122,255,255,255,255,255,255,110,22,12,18,20,24,20,8,6,22,255,255,255,255,255,255,255,255,255,242,96,4,32,8,18,20,20,24,2,22,4,26,18,24,16,4,8,2,10,8,10,8,8,18,10,16,12,16,10,12,12,14,8,4,12,16,12,6,16,4,8,10,4,2,8,12,4,10,16,14,6,16,14,16,18,16,16,10,8,8,2,224
217,32,24,24,2,10,6,20,24,10,18,26,8,24,4,8,148,255,255,255,255,255,34,10,10,4,6,8,4,4,6,2,10,18,192,255,255,255,255,255,255,238,14,6,230,255,255,255,255,255,156,36,30,32,12,28,14,255,255,66,255,255,148,255,255,255,255,255,22,16,8,4,10,8,34,44,198,255,80,62,172,255,255,255,255,38,34,22,12,8,12,8,8,10,8,6,6,4,4,18,22,110,255,255,186,255,255,255,255,255,255,255,255,40,48,12,14,14,28,10,24,26,18,12,64,244,255,255,255,255,255,52,66,255,255,255,255,255,50,26,8,10,30,8,22,114,255,255,255,255,255,255,255,254,190,226,255,255,255,255,242,82,68,16,18,14,12,22,16,8,16,8,16,194,255,255,255,255,255,255,255,255,255,255,255,255,255,255,255,255,255,255,255,248,255,255,255,255,20,255,255,255,255,255,255,255,255,70,90,255,255,255,255,255,255,255,255,255,255,255,168,34,16,14,70,184,255,255,255,255,255,255,255,255,255,255,124,218,255,255,255,255,228,255,255,255,255,255,255,255,255,255,144,24,24,6,16,28,32,22,16,22,16,22,6,32,22,18,14,32,6,20,16,18,26,66,84,54,148,255,255,255,255,184,255,255,255,48,54,24,18,10,14,24,228,214,102,162,255,255,255,148,52,30,16,20,26,16,38,44,230,255,255,190,255,255,255,255,255,255,255,255,255,255,255,234,230,90,60,28,30,28,12,18,20,8,8,10,10,14,8,10,24,16,20,24,28,18,8,34,255,255,255,255,255,255,255,255,224,255,255,208,82,36,14,22,18,4,4,14,6,40,50,26,12,10,24,30,8,6,10,8,6,6,4,6,2,2,8,16,26,26,30,255,255,255,255,54,255,148,255,222,20,22,8,20,24,16,18,4,16,18,8,8,2,6,10,14,12,30,22,22,24,12,255,255,255,34,255,255,255,22,14,22,8,26,24,20,24,20,178,255,255,255,255,170,46,14,20,24,24,26,26,160,196,198,164,50,18,2,12,32,10,8,8,10,4,6,4,6,2,8,10,14,8,12,12,18,10,12,22,22,8,14,12,0,8,14,12,8,10,4,8,12,14,14,10,10,20,12,8,12,14,14,22,20,10,4,8,8,16,225
217,14,10,4,10,6,14,20,14,10,18,8,14,14,12,6,16,255,255,255,255,255,62,6,6,4,4,4,4,4,8,10,10,14,26,46,150,255,255,255,88,2,22,164,255,255,255,148,255,255,212,12,14,26,10,16,22,122,255,255,255,172,255,255,255,255,255,255,255,132,12,4,8,6,2,8,132,255,255,255,255,166,255,255,255,255,136,6,22,22,14,14,14,14,20,10,10,6,4,22,12,30,255,255,255,255,255,204,255,255,255,255,255,40,28,50,48,26,22,6,14,18,24,50,178,255,255,255,255,255,164,172,255,255,255,255,152,12,54,58,36,92,255,255,255,255,255,134,122,176,255,255,255,255,255,255,255,142,178,176,58,18,4,20,14,20,4,18,46,8,36,22,26,16,24,34,28,70,156,156,150,188,168,255,255,255,255,255,255,255,244,255,255,122,255,255,255,198,102,255,255,222,226,255,255,255,255,255,255,255,255,255,255,255,255,255,182,42,12,16,46,132,255,255,255,255,255,255,255,255,110,255,206,20,54,42,20,216,255,255,255,188,255,255,255,255,232,142,160,40,32,2,6,18,20,20,32,20,20,24,44,18,18,22,6,10,34,42,42,18,106,255,255,238,230,255,238,250,255,255,255,255,255,255,255,255,255,216,86,106,46,6,32,58,174,240,114,255,184,232,174,28,12,8,32,86,240,255,255,255,255,255,255,255,255,154,255,255,255,255,214,255,80,255,255,20,22,2,8,6,8,8,8,14,32,26,10,14,14,10,8,14,16,6,6,16,44,20,16,26,70,255,255,255,255,255,188,255,255,22,36,24,36,50,6,10,6,30,30,36,24,8,18,8,20,16,28,10,12,18,20,16,4,14,12,8,8,4,8,12,14,22,6,72,255,120,255,184,255,255,188,255,54,10,18,18,2,12,8,10,14,26,14,8,4,4,8,10,8,16,24,24,34,24,88,255,255,255,255,255,255,150,34,14,14,16,10,12,4,8,24,34,10,42,42,22,18,28,12,14,18,120,255,255,255,255,255,255,255,118,12,16,14,8,6,8,6,10,2,10,4,6,8,10,6,6,10,16,8,4,16,28,24,6,18,18,10,14,14,10,8,4,12,10,14,6,6,16,18,10,12,10,8,4,8,12,12,12,10,10,20,228
216,8,22,12,32,16,10,24,24,4,16,26,4,8,20,14,8,18,255,255,255,255,255,16,20,2,8,10,10,10,8,16,12,18,16,18,6,30,40,34,14,20,122,255,255,255,255,255,255,255,255,90,14,28,26,22,24,14,255,255,255,255,255,216,255,255,255,174,255,255,255,42,8,20,18,12,16,92,186,255,255,255,255,164,130,255,255,70,26,16,8,12,12,6,14,12,4,10,14,12,28,26,222,255,26,212,218,62,255,255,118,255,255,255,222,30,34,28,38,14,14,6,40,255,255,255,255,255,255,255,255,255,255,255,255,104,38,38,68,255,255,255,255,255,255,255,100,82,68,255,255,255,255,96,144,158,44,44,26,24,10,22,18,6,26,10,12,22,30,34,56,22,30,16,54,50,52,50,26,22,24,26,16,62,54,62,92,98,156,164,178,255,255,255,255,255,255,236,182,255,255,255,230,255,255,255,255,255,255,255,188,255,255,255,255,255,255,92,234,255,255,255,255,255,255,255,118,130,255,255,255,255,238,42,40,28,34,42,255,255,255,255,255,255,176,68,46,26,12,40,24,18,42,30,26,22,20,30,28,114,224,200,202,200,244,232,254,88,20,20,166,255,255,255,255,255,255,255,255,255,255,255,255,255,255,255,255,255,255,255,84,36,38,64,184,228,255,255,30,20,70,82,255,255,226,232,255,255,255,255,122,255,255,255,200,255,164,255,255,255,255,255,255,255,140,10,6,4,2,6,6,10,22,20,10,6,8,16,24,22,22,16,10,12,14,24,36,28,14,10,30,255,255,255,255,255,255,255,255,14,44,20,42,50,20,4,18,10,10,14,4,22,12,20,18,14,8,10,16,8,12,18,10,16,10,2,8,6,10,6,10,8,24,34,255,255,200,255,24,255,230,255,255,14,8,10,8,16,6,16,6,22,16,8,4,4,10,4,10,4,16,8,26,34,34,255,255,255,255,255,236,220,34,8,20,18,8,6,20,16,8,18,30,28,16,26,44,12,30,12,76,255,255,255,255,255,255,255,255,255,186,6,6,8,12,2,10,8,8,12,8,8,8,10,8,4,12,16,8,4,10,12,30,26,6,10,18,18,16,12,8,4,10,8,12,12,12,20,12,6,10,8,4,14,14,8,8,16,12,8,6,228
218,12,20,20,24,20,6,24,26,18,30,12,12,8,18,16,6,12,206,255,255,255,255,50,18,4,10,8,6,2,4,6,12,18,22,8,8,44,24,14,18,56,255,255,255,255,255,255,255,255,255,255,22,32,38,10,12,18,20,255,255,255,255,66,36,255,255,255,255,255,255,255,6,30,4,26,24,28,10,72,255,255,255,36,58,174,255,120,62,36,14,6,12,16,16,12,24,20,16,22,38,26,78,255,255,255,140,140,255,255,255,255,255,255,255,255,255,86,46,14,6,102,255,255,255,255,255,255,255,255,255,255,255,200,26,148,172,164,228,255,255,230,255,206,202,255,194,255,255,255,176,78,70,6,12,20,24,32,28,6,12,12,8,20,6,32,28,28,12,44,28,24,56,96,134,255,244,230,44,14,26,36,18,16,4,16,24,44,24,36,30,10,68,132,255,255,242,98,255,255,255,255,255,250,255,255,255,255,255,255,255,255,255,255,255,255,255,255,255,255,255,255,255,84,186,255,255,255,166,255,116,255,255,44,38,26,44,34,78,255,255,255,128,12,6,14,36,10,42,72,56,26,56,70,28,96,118,72,70,255,255,255,255,255,255,255,255,255,22,32,218,255,120,255,76,255,180,255,255,255,255,255,255,255,218,255,226,146,255,255,120,36,52,62,212,246,134,114,106,255,255,206,255,255,255,230,255,144,255,255,254,255,255,255,206,108,255,255,255,255,255,255,255,255,40,16,4,12,14,16,16,24,16,8,6,8,4,4,14,16,16,12,10,12,16,4,26,42,22,8,18,150,255,42,255,28,255,32,255,160,32,28,12,30,8,16,4,12,8,4,12,18,6,14,10,14,6,4,10,12,18,10,10,8,8,12,14,12,18,12,10,8,8,16,38,255,160,255,224,214,255,104,255,98,30,22,18,26,6,16,8,14,8,4,6,8,8,2,10,6,22,12,30,24,26,118,255,180,255,176,154,188,172,6,10,24,2,14,6,2,2,16,10,22,40,255,255,255,224,14,132,255,255,62,255,255,255,255,255,255,255,140,20,18,4,8,12,4,10,10,8,14,14,12,4,4,12,16,8,12,10,4,20,30,20,12,2,14,10,10,12,4,6,10,10,4,14,18,12,8,6,8,12,18,8,16,6,14,6,0,4,225
216,6,28,16,18,22,190,255,255,110,14,20,20,8,10,28,20,14,30,255,255,255,255,255,34,10,12,8,6,14,20,16,2,12,22,18,20,20,20,8,32,255,255,255,255,255,255,255,255,255,255,255,238,24,60,58,22,12,8,14,18,8,18,255,255,255,255,255,255,160,255,255,8,18,24,4,8,12,32,6,42,214,255,255,208,255,255,38,100,78,32,12,8,16,16,16,26,10,22,6,14,8,18,255,255,255,166,255,255,255,255,255,255,222,255,255,255,255,255,236,228,255,255,154,255,255,255,255,255,255,255,255,28,66,252,255,255,255,146,255,204,255,255,255,255,255,255,255,255,164,18,6,24,8,10,14,18,10,12,10,18,22,12,4,22,34,30,46,34,26,84,232,238,200,255,255,255,255,28,26,18,16,18,14,10,24,20,38,42,18,28,18,60,172,255,255,255,255,255,255,255,142,255,255,255,255,255,186,255,255,220,255,255,255,255,255,255,255,255,90,255,255,255,255,255,255,168,255,255,255,255,255,204,36,30,14,32,34,24,22,48,30,2,30,34,22,22,220,255,255,255,232,255,255,255,224,180,255,80,255,188,164,255,255,186,198,255,255,8,36,206,255,255,255,255,255,255,255,255,154,255,255,255,255,255,255,132,255,255,255,62,62,174,184,112,255,236,244,254,255,255,255,255,255,255,198,255,255,255,255,255,226,196,86,68,52,255,136,255,218,255,255,255,255,48,16,6,18,26,4,10,10,10,4,14,16,8,12,14,14,12,6,26,14,18,16,8,26,8,28,30,32,255,255,255,255,255,255,255,255,24,36,22,14,18,26,14,0,10,2,16,18,26,16,18,4,12,12,12,8,14,8,14,10,12,14,14,16,22,24,12,6,24,10,34,204,255,154,255,30,255,255,255,255,24,28,12,30,8,10,16,18,6,2,6,10,16,8,14,6,14,6,22,14,12,38,218,168,228,124,220,32,255,82,26,18,8,12,12,12,14,10,2,10,136,255,255,255,255,104,184,255,255,255,255,255,255,255,255,255,255,255,30,20,0,4,18,14,8,14,10,14,18,14,8,8,14,14,6,20,20,8,10,12,8,14,20,20,12,2,8,12,10,6,12,14,18,10,10,16,14,6,12,10,30,30,12,22,14,8,8,226
216,8,14,16,14,58,255,255,255,255,38,20,20,8,10,10,6,18,12,255,255,255,255,255,40,8,18,6,6,16,16,20,8,12,20,22,16,10,26,12,255,255,255,255,255,255,108,250,255,255,255,255,255,255,255,255,206,20,6,6,10,22,142,255,255,255,255,114,255,255,255,255,14,14,4,16,18,20,10,32,14,22,255,255,255,255,214,70,70,72,30,74,30,24,14,6,24,12,14,6,24,26,8,220,255,200,255,255,255,98,240,255,255,255,255,10,255,255,255,255,255,255,255,255,54,255,255,255,255,255,138,150,255,255,255,255,255,255,114,255,255,255,118,255,255,160,76,42,18,8,26,20,18,20,14,8,16,16,16,14,12,36,20,32,10,36,18,38,142,146,212,255,255,255,96,255,255,255,6,20,18,22,8,18,32,48,56,40,72,182,255,255,255,255,255,255,255,56,255,255,255,255,255,72,255,255,255,255,255,255,255,255,254,146,210,222,158,255,255,255,255,255,124,206,255,255,255,255,255,255,255,255,152,8,10,4,10,16,16,24,34,26,10,18,24,12,18,255,255,255,255,255,255,255,255,244,182,255,255,255,255,255,255,255,255,255,255,255,52,26,132,252,255,222,134,255,255,255,146,26,255,255,255,255,255,218,255,255,182,148,118,255,255,255,240,255,118,255,242,255,255,255,255,255,255,255,242,198,136,46,54,6,30,22,20,204,255,176,255,52,255,114,255,190,50,18,14,2,6,6,8,18,20,8,6,22,14,12,10,12,26,12,14,10,14,12,6,14,8,12,24,26,246,255,156,255,226,255,204,255,122,22,10,22,14,16,18,4,10,12,10,18,12,32,16,10,12,6,10,6,6,0,12,12,2,6,18,8,8,18,2,2,16,20,32,30,255,194,255,255,172,255,38,255,104,34,10,28,16,8,12,10,8,12,10,8,14,18,6,10,6,10,6,12,8,34,64,255,34,255,124,204,154,170,6,8,6,8,18,10,6,12,20,16,246,255,255,255,255,130,172,255,255,255,255,132,32,255,255,255,255,255,204,10,14,4,8,18,10,10,14,8,8,18,12,16,12,12,16,24,22,6,18,10,6,2,8,14,12,6,2,10,16,10,10,2,8,12,8,6,16,12,6,22,34,12,20,26,14,22,22,229
221,20,8,4,12,255,255,255,255,255,138,16,24,12,4,16,12,10,12,52,255,255,255,255,54,14,18,12,10,16,2,26,8,8,4,12,16,14,18,184,255,255,255,255,255,255,255,255,255,255,106,255,255,255,255,255,255,14,10,6,10,30,168,255,255,255,255,255,255,255,255,190,10,4,6,4,4,20,16,14,14,20,12,102,92,66,8,30,76,255,255,255,255,34,28,12,16,18,14,16,34,16,16,24,26,172,255,255,255,255,255,255,102,255,255,255,255,108,255,255,255,255,255,255,255,255,255,255,255,126,255,255,255,255,255,255,238,255,255,40,255,98,132,244,228,188,34,22,30,20,14,10,6,22,6,18,18,24,4,4,18,34,22,40,22,34,136,255,255,255,255,255,255,255,236,255,255,255,46,38,6,58,80,60,54,196,255,255,255,255,255,255,158,82,255,255,255,255,255,102,230,255,255,255,255,255,48,210,255,74,255,255,255,255,255,254,255,172,170,255,255,255,255,255,255,255,255,255,255,172,26,28,46,32,16,16,22,18,12,12,16,6,16,10,10,34,54,255,255,94,226,255,255,255,255,174,112,34,255,68,255,255,234,162,162,178,146,152,68,10,18,6,22,20,255,255,255,255,50,255,255,255,112,255,242,255,255,86,255,255,255,255,38,24,118,26,86,226,80,255,255,255,200,255,255,110,82,22,12,18,14,26,12,32,48,255,255,255,255,255,255,255,255,40,10,20,16,22,20,20,18,8,6,6,10,10,30,44,22,30,32,60,50,10,24,10,12,14,20,8,12,8,58,255,255,255,255,255,252,255,255,42,28,6,18,18,18,12,10,8,6,22,14,28,18,6,16,8,2,4,4,6,4,4,8,6,16,18,24,6,12,12,10,16,12,22,168,255,116,255,90,255,255,255,255,38,14,32,6,16,10,16,10,10,8,6,4,16,6,12,4,10,8,2,18,26,26,166,238,164,134,208,118,255,102,12,8,22,10,36,22,24,14,20,255,255,255,255,255,74,136,255,255,255,255,104,14,50,255,255,255,255,255,6,16,6,6,4,4,2,8,18,10,12,20,14,10,18,14,22,22,18,18,12,4,6,12,14,8,4,8,4,4,4,4,12,12,18,6,2,4,6,10,18,10,4,14,26,20,12,8,231
210,16,2,14,208,255,255,66,255,255,126,34,10,12,8,16,2,6,24,28,255,255,240,255,255,18,22,6,12,4,18,14,0,12,12,10,6,4,6,202,255,255,102,255,255,255,252,88,182,255,255,255,255,255,255,255,255,30,22,10,20,28,140,255,255,255,255,134,104,24,24,4,2,4,4,0,4,4,8,8,2,8,18,26,26,12,6,64,255,255,255,255,255,198,74,16,12,8,28,22,2,16,16,8,28,122,255,255,224,255,255,76,255,255,232,255,255,255,255,255,255,255,255,255,255,255,255,255,232,232,255,255,86,255,255,208,255,255,134,210,255,255,255,255,255,255,64,52,20,16,16,10,16,6,24,8,8,18,10,20,32,44,188,255,255,234,255,255,255,255,255,255,255,255,255,130,148,184,54,48,30,142,255,255,255,255,255,255,206,116,255,255,255,255,255,192,180,255,255,255,255,255,18,212,174,126,255,142,252,194,208,255,255,255,255,226,202,160,255,255,255,255,255,255,255,212,82,48,30,34,14,34,26,22,8,10,14,10,6,6,6,10,14,22,42,46,38,255,255,255,255,255,255,255,255,255,255,255,255,255,146,106,66,36,28,32,12,26,24,24,6,16,24,118,255,255,255,58,126,255,255,176,240,210,255,255,255,255,255,236,255,30,76,38,72,255,255,170,255,182,138,156,80,32,12,20,4,10,20,26,22,8,46,66,20,255,255,255,255,255,255,255,255,42,8,30,18,4,4,24,22,18,22,24,8,16,84,130,108,38,255,255,255,126,18,10,22,16,20,24,8,10,26,255,255,255,255,255,255,255,255,22,16,10,6,10,10,14,8,14,0,8,4,12,16,10,10,6,6,8,6,4,10,12,12,10,18,24,12,8,18,20,2,20,6,18,50,255,255,255,255,114,255,34,255,148,20,30,4,20,12,14,8,8,18,6,4,12,4,8,2,6,6,10,14,26,18,38,252,138,255,255,255,255,255,20,8,16,22,22,6,18,8,8,255,255,255,255,255,86,82,255,255,255,255,176,36,38,255,255,88,255,255,24,14,8,6,12,10,6,4,14,8,10,16,22,18,6,6,16,22,24,26,20,12,6,4,8,4,8,12,16,14,8,4,10,8,14,14,8,14,16,8,12,18,12,6,10,14,18,22,227
217,12,4,74,255,255,255,255,255,255,46,18,22,8,16,20,20,18,36,34,198,255,255,255,255,24,28,12,24,22,10,12,18,0,2,4,6,6,4,182,255,255,255,255,255,255,255,255,255,255,255,255,255,255,255,138,255,255,255,16,2,6,28,255,255,255,255,255,20,14,34,14,8,4,6,4,2,2,8,14,12,4,2,6,4,12,14,82,255,255,255,255,255,255,255,122,16,4,26,24,10,6,14,20,28,12,32,18,192,255,255,255,255,255,255,114,255,255,255,255,255,255,96,98,255,255,255,255,255,255,255,255,255,255,255,236,172,234,192,255,255,255,222,96,255,255,36,32,18,22,26,20,8,18,20,10,40,66,58,144,202,148,255,255,255,170,140,255,255,255,255,255,255,255,188,108,18,132,255,255,255,255,255,255,146,138,255,255,255,255,255,22,255,255,255,255,255,255,24,194,180,192,255,255,255,255,255,255,204,255,124,182,124,255,255,255,255,255,255,255,134,76,112,12,6,26,48,34,18,18,14,36,14,6,6,10,12,10,12,24,20,22,20,30,34,20,10,164,255,255,255,232,242,218,192,118,132,146,146,90,24,6,6,10,8,16,16,10,12,20,26,34,28,255,255,255,132,14,255,255,255,255,255,92,130,255,250,255,255,255,255,255,226,232,255,255,152,176,162,28,42,30,30,22,14,6,18,4,32,36,32,34,186,255,255,255,180,255,255,255,226,255,255,30,10,12,32,6,6,24,24,24,62,74,48,152,255,255,255,128,255,255,255,255,146,14,24,10,16,22,10,20,10,94,255,146,255,78,255,76,255,224,18,12,8,12,12,12,4,16,0,6,4,6,10,10,6,6,8,6,2,4,8,8,8,10,12,18,20,22,16,10,12,10,6,12,38,154,255,64,255,102,255,255,255,255,24,18,6,16,14,8,10,2,14,4,6,8,2,6,4,2,2,4,10,10,16,12,88,255,255,255,255,255,255,96,12,10,18,14,6,14,38,28,204,255,255,255,255,208,50,255,255,255,255,255,36,40,255,255,150,255,255,6,16,18,14,8,6,10,10,12,4,12,8,2,6,12,2,14,18,12,18,18,12,12,8,4,10,18,14,12,12,10,8,8,12,6,10,12,10,4,4,6,12,16,6,12,18,18,16,224
214,6,12,255,255,255,76,255,255,184,40,32,20,16,4,12,10,6,28,12,58,255,255,255,255,26,20,24,20,14,30,6,10,8,4,10,8,6,6,22,255,255,255,255,255,255,255,255,255,168,138,92,20,28,184,255,255,255,255,128,6,12,12,212,255,255,255,255,255,6,26,10,12,2,6,8,2,6,10,10,18,12,4,6,6,6,10,56,188,255,255,255,134,255,255,136,10,22,38,28,14,8,22,24,84,186,255,255,255,255,255,255,255,255,255,246,96,140,255,255,255,255,255,255,255,255,184,255,255,255,255,255,255,150,128,78,22,62,255,255,106,255,255,255,255,255,66,74,34,8,22,32,22,44,46,14,128,190,154,255,255,255,255,202,86,126,206,255,255,255,255,194,30,124,255,255,255,255,255,255,255,255,255,255,255,255,255,16,255,255,255,255,255,198,82,255,255,255,255,255,255,255,255,255,255,78,255,255,255,176,134,255,255,255,255,255,255,255,255,98,22,20,26,26,20,22,20,34,6,16,34,32,6,6,20,22,20,18,28,30,20,22,24,34,32,18,12,42,60,76,34,38,54,4,16,20,28,46,42,14,22,30,18,16,6,8,8,14,2,16,14,30,255,255,255,224,42,255,255,255,228,22,255,255,255,255,66,246,255,255,255,228,150,186,166,54,34,50,16,30,24,8,12,4,28,48,60,28,150,255,255,255,255,255,255,255,255,255,252,255,255,255,56,36,12,20,28,10,62,120,120,168,255,255,255,255,255,136,255,255,255,255,255,255,162,20,20,4,30,24,2,18,12,28,255,255,255,255,255,255,255,255,18,22,18,22,8,16,12,16,0,4,2,4,8,10,14,10,4,4,6,8,10,16,50,80,222,228,122,16,30,8,6,6,12,20,36,8,255,255,255,255,122,255,82,255,172,10,12,4,6,4,12,4,16,6,10,6,2,4,8,6,6,4,10,10,24,28,28,255,255,255,56,255,255,255,16,18,4,22,24,4,26,12,58,255,255,170,255,255,42,255,255,166,255,255,38,18,255,255,30,255,255,34,6,10,20,12,4,14,14,14,6,14,4,4,12,12,8,10,16,6,10,18,16,10,4,14,20,14,6,4,8,8,8,4,12,16,16,6,16,14,4,8,2,10,4,10,12,14,14,224
216,24,148,255,255,255,166,255,255,255,26,14,26,18,14,0,14,8,12,34,24,255,255,255,255,180,14,10,12,18,10,16,2,4,2,4,8,10,8,4,12,22,32,22,26,62,58,30,30,14,14,18,16,20,176,255,255,255,255,255,28,6,10,12,255,255,255,255,255,198,10,10,8,8,10,6,4,10,6,2,8,10,6,2,4,4,4,2,32,88,255,255,255,255,255,148,14,18,32,46,64,174,255,255,255,255,255,255,255,255,255,255,200,255,255,255,255,255,70,182,255,255,255,255,255,255,255,255,255,255,255,255,255,255,255,255,122,32,255,255,255,255,255,232,162,68,32,24,10,14,12,26,44,92,96,216,255,255,255,255,255,255,255,116,220,222,255,255,212,62,208,255,255,255,255,255,255,255,255,255,255,255,255,254,255,255,255,255,255,170,144,255,255,255,255,255,255,255,116,255,255,62,102,176,255,255,255,255,255,255,255,255,255,190,52,26,8,18,12,16,34,32,34,10,28,20,22,22,18,26,30,14,14,32,36,26,26,22,28,18,8,12,22,28,24,16,20,24,6,26,26,34,18,20,26,22,30,26,48,8,14,16,6,20,26,8,12,14,14,6,6,172,255,255,255,38,156,255,255,148,250,255,255,255,255,166,36,16,78,88,58,14,58,70,50,16,34,2,34,12,20,32,46,40,132,255,255,255,255,255,255,104,170,255,255,255,255,156,255,255,255,255,80,20,32,32,40,66,255,255,255,255,255,170,110,248,76,178,136,255,184,255,255,255,164,18,10,14,28,8,20,20,24,12,202,255,254,255,255,255,255,255,132,18,10,12,16,8,8,14,0,4,0,2,10,8,16,14,12,10,8,8,14,12,124,255,255,255,255,255,30,22,4,4,12,20,4,20,94,255,162,255,255,136,255,210,255,50,22,18,16,6,6,8,18,6,10,2,6,6,6,4,2,2,12,12,26,26,14,96,255,255,255,250,255,255,166,10,22,12,26,10,18,6,12,255,255,255,255,255,255,255,255,190,255,255,24,46,255,255,255,255,255,36,16,8,26,24,6,10,6,16,6,12,14,12,20,14,10,12,18,2,10,22,26,22,16,24,20,14,8,14,10,4,8,6,4,14,8,6,10,20,16,4,8,6,2,6,10,12,16,227
218,32,255,255,255,56,120,255,255,255,208,22,12,6,8,18,4,10,14,20,10,255,255,200,255,255,26,10,12,10,28,22,6,2,2,6,12,16,18,14,8,10,6,22,38,40,48,32,30,20,12,16,16,14,58,255,255,255,255,255,255,6,26,18,36,255,255,255,255,255,116,16,2,12,10,6,10,10,0,12,20,16,6,4,2,2,8,16,12,18,56,255,255,255,242,28,90,214,255,255,255,255,255,255,255,255,255,255,208,26,236,255,255,255,255,218,255,255,255,255,230,255,255,255,255,238,120,255,255,255,255,122,255,255,255,255,255,255,128,222,255,166,40,38,32,10,4,18,26,32,20,180,255,255,255,255,188,68,60,172,255,255,255,255,255,255,74,255,255,255,255,255,255,255,255,255,255,255,255,255,255,255,255,255,255,255,196,255,255,255,255,255,255,232,120,34,4,34,32,255,255,255,255,255,255,255,255,255,255,142,144,126,66,42,26,40,50,48,30,26,18,24,6,18,26,44,32,24,16,20,26,24,32,38,24,14,14,20,16,8,10,20,24,16,2,8,6,6,16,20,54,10,26,36,12,2,10,32,18,10,22,26,12,22,8,16,8,8,10,10,60,255,255,255,84,64,255,255,255,255,255,255,172,255,255,2,10,8,16,12,22,255,255,255,62,16,18,48,54,30,86,224,255,255,255,255,255,128,122,255,255,255,255,255,255,255,255,255,255,142,255,255,134,54,36,255,255,255,176,255,252,28,162,116,140,168,255,255,255,255,255,152,122,12,16,8,2,14,26,14,26,10,8,26,44,255,255,255,255,255,255,255,255,28,20,22,6,26,16,10,4,8,4,6,12,6,12,8,10,6,2,2,8,40,255,255,255,255,255,255,255,140,16,8,24,14,22,14,22,255,255,255,255,255,255,196,255,204,10,20,20,14,6,6,8,8,16,10,14,12,4,4,0,4,8,8,24,12,20,24,255,255,255,94,255,255,255,54,14,14,16,18,18,14,6,90,255,255,255,255,255,255,255,255,255,255,12,42,255,255,255,255,200,22,28,8,22,24,4,10,4,6,6,10,16,10,16,16,4,10,14,8,10,18,24,24,20,14,2,14,16,12,2,6,12,14,14,10,4,10,4,10,16,4,4,6,4,8,10,10,16,230
207,255,255,255,98,255,255,255,255,255,255,122,28,14,4,16,8,16,24,18,10,60,255,255,255,255,255,12,8,26,10,6,4,10,6,14,12,10,16,14,14,4,14,26,22,24,30,82,44,18,16,8,32,52,24,138,255,255,176,255,255,190,18,22,14,32,255,255,50,255,255,24,6,16,10,12,14,6,8,12,8,4,4,6,4,2,10,20,20,40,70,46,94,152,255,255,255,255,255,255,255,255,255,255,192,8,206,255,255,255,255,255,255,255,255,255,255,248,100,20,255,255,255,255,246,255,140,255,255,255,255,255,255,255,208,255,255,255,255,255,255,214,50,16,14,4,22,34,172,255,255,255,255,255,255,164,28,112,56,255,255,255,182,174,255,255,255,255,255,255,255,255,255,134,68,14,32,236,255,255,255,255,255,255,255,255,255,255,210,152,128,98,200,192,122,98,154,255,255,82,255,255,255,255,255,144,104,56,80,28,42,54,38,44,40,32,18,16,20,16,18,14,16,36,28,10,4,20,28,34,28,20,24,12,12,10,16,20,22,4,18,28,26,18,14,6,10,16,24,38,12,10,4,14,2,12,26,14,10,14,12,22,12,16,4,6,12,18,22,8,255,255,255,236,28,255,255,255,158,86,246,255,255,255,186,6,12,26,22,18,34,255,255,255,255,255,255,162,255,255,255,255,255,222,64,255,255,255,255,255,86,244,255,255,255,255,190,255,255,255,255,252,255,255,96,255,255,255,190,255,255,255,255,162,152,255,240,255,255,190,40,10,8,2,6,6,4,8,26,24,14,6,6,28,26,252,255,255,184,44,255,255,255,66,14,12,14,16,22,6,6,8,4,4,10,6,12,2,6,8,4,2,8,56,255,255,255,20,255,255,255,255,255,46,24,10,16,22,22,36,255,255,255,255,255,255,255,255,36,8,10,14,12,10,12,18,16,12,16,18,2,6,2,4,2,8,36,30,12,34,74,255,255,255,138,255,255,255,48,14,16,22,6,18,24,14,172,255,255,255,255,248,255,255,255,146,8,4,118,255,255,255,34,12,30,26,34,42,18,24,8,6,16,16,6,24,20,6,8,14,12,8,6,8,12,14,14,8,18,22,16,6,4,12,14,16,18,12,12,4,8,16,10,8,4,8,8,12,12,10,8,230
214,255,255,186,255,255,255,255,255,255,255,255,70,24,14,30,8,20,14,20,8,14,255,255,255,255,255,255,4,32,30,16,6,10,10,26,22,14,16,8,12,26,30,20,48,255,255,255,255,160,8,16,128,255,255,168,228,255,255,255,255,255,136,8,16,20,124,255,255,255,255,232,22,34,12,16,10,12,16,2,14,22,20,14,32,38,42,28,88,218,255,255,255,255,255,255,255,242,255,255,255,255,162,255,255,255,255,255,255,255,255,255,255,222,80,34,34,52,16,24,255,255,255,255,255,255,255,255,255,255,255,255,255,255,255,255,160,255,255,255,255,255,255,255,220,60,14,44,255,255,255,255,116,218,255,255,194,198,72,194,255,255,255,255,255,255,255,255,255,196,54,8,36,142,255,255,255,255,255,255,255,255,255,255,255,255,255,232,150,255,230,254,216,252,255,255,255,255,255,234,180,80,170,132,130,106,90,48,20,32,88,100,58,22,18,16,18,16,32,66,42,40,32,24,10,2,6,28,14,14,8,16,16,6,12,18,26,8,18,18,28,18,6,14,6,16,22,26,26,6,10,30,24,4,18,26,26,22,24,4,26,18,22,26,20,4,18,22,8,244,255,255,255,46,250,255,255,255,10,28,34,16,62,60,14,18,12,20,22,18,184,255,255,255,255,255,255,255,255,255,255,255,255,255,255,255,138,230,255,255,255,255,255,72,178,255,255,255,255,255,254,255,234,255,255,255,255,255,255,84,252,214,134,255,255,194,36,2,6,14,8,8,6,8,8,10,8,8,8,12,8,12,10,8,6,60,255,255,255,36,126,255,255,226,24,28,4,20,14,16,14,8,6,10,18,14,16,8,10,10,4,6,14,30,255,255,255,255,202,130,255,255,255,255,116,22,10,28,16,32,242,255,255,44,255,255,255,255,234,14,22,22,26,12,12,6,6,4,12,16,0,12,8,12,6,14,14,12,10,22,14,255,255,255,210,255,255,255,48,28,30,6,32,26,18,4,12,172,255,255,255,255,255,255,255,24,12,12,24,4,16,4,14,18,26,32,32,38,16,22,12,14,20,22,32,30,14,18,6,8,6,8,4,4,10,20,24,20,16,10,8,6,6,14,20,14,8,8,14,8,6,6,4,14,20,12,6,6,14,6,10,230
217,255,255,255,255,255,255,255,255,122,255,255,255,16,32,4,26,30,26,8,24,28,38,255,255,255,255,255,255,34,20,22,28,14,24,16,20,24,6,6,22,46,136,134,36,255,255,255,255,255,58,108,255,255,255,255,110,255,255,255,255,255,255,8,16,10,24,255,255,255,255,255,44,42,48,28,16,18,12,22,10,34,38,26,68,224,255,255,255,255,255,212,68,255,255,255,255,255,255,255,255,255,255,255,255,255,255,255,255,192,60,22,34,24,0,18,8,22,20,18,255,255,255,255,255,255,124,255,210,255,255,255,255,52,255,255,255,255,255,12,255,255,255,255,255,255,255,202,255,255,84,226,170,255,255,76,240,255,252,255,255,255,255,255,255,218,94,38,14,134,255,255,255,255,255,255,255,255,255,255,255,180,42,156,255,255,255,255,255,255,255,255,214,255,255,234,222,255,255,246,255,255,255,255,255,255,255,255,238,255,255,255,255,60,14,14,38,82,106,142,32,2,8,6,4,8,16,22,6,4,18,26,24,14,18,26,8,6,10,30,30,14,8,6,12,22,12,20,26,20,22,18,16,30,44,36,6,6,18,10,28,26,22,4,20,16,20,32,116,255,255,255,122,72,255,255,255,10,18,36,8,20,26,8,2,12,12,8,8,6,236,255,255,186,255,255,255,244,255,255,255,255,210,178,255,255,255,255,255,46,198,255,255,255,255,255,126,255,255,255,198,255,242,255,244,255,255,255,246,64,88,96,210,74,10,20,10,6,12,10,4,6,18,6,4,6,10,6,8,4,8,10,12,6,8,24,255,255,255,90,24,255,255,255,26,30,16,8,32,8,16,8,8,12,18,16,10,6,8,2,2,10,10,14,28,214,255,255,255,255,20,255,255,255,255,255,4,36,8,2,18,255,255,255,72,38,255,255,255,66,24,30,38,12,12,10,10,10,10,12,12,14,2,8,2,4,12,18,8,16,16,30,255,255,255,18,255,255,255,46,26,14,22,14,10,24,10,12,56,152,228,250,236,120,18,20,18,12,20,24,28,14,18,14,16,8,20,28,14,20,6,10,14,28,18,6,6,12,12,6,8,20,12,6,14,16,32,38,24,10,12,8,8,12,18,18,22,22,10,16,16,22,4,2,24,10,16,16,10,10,16,232
173,255,98,255,255,176,32,255,255,255,34,255,255,255,22,34,16,10,24,24,10,20,8,102,255,255,255,255,255,255,106,10,28,22,4,6,10,6,14,6,14,108,255,255,255,255,255,255,255,255,255,98,255,255,255,255,255,255,255,248,255,255,255,26,16,4,10,50,255,255,255,255,106,28,38,14,30,28,40,52,28,206,255,255,255,255,255,212,42,255,255,255,255,108,184,255,255,255,255,255,255,255,255,255,255,236,78,30,30,12,34,30,16,16,14,4,6,4,8,4,2,118,196,238,255,255,255,255,255,255,255,255,255,255,255,255,255,255,255,255,255,255,88,255,255,255,52,192,192,255,248,152,244,255,255,255,255,255,212,255,255,230,70,18,44,134,255,255,255,255,255,255,255,255,255,255,255,140,26,44,46,52,32,130,255,255,255,214,255,96,255,122,255,26,200,255,255,255,114,42,238,82,252,114,58,255,255,255,255,255,182,172,244,124,54,50,36,255,255,255,214,218,236,226,120,36,6,14,8,4,26,40,24,20,14,6,10,4,20,26,16,22,24,24,30,22,12,24,32,18,32,24,14,16,34,10,20,10,14,14,20,6,4,4,16,24,26,50,255,255,255,124,66,255,255,255,78,6,62,38,20,10,24,8,2,10,28,10,16,186,255,255,255,255,255,255,255,255,255,255,255,255,255,255,255,114,184,255,255,255,255,255,255,255,62,255,202,255,170,255,142,248,255,255,216,98,168,255,250,152,255,255,255,206,18,8,16,14,4,14,10,12,14,6,10,4,6,8,6,2,6,12,10,14,22,12,124,255,255,246,22,162,255,255,158,16,32,28,6,20,4,12,6,20,14,32,12,8,10,12,8,12,12,8,6,10,84,255,255,255,255,210,130,255,255,255,255,112,30,34,10,184,255,255,216,38,150,255,255,255,6,12,34,26,4,4,6,12,4,12,12,4,12,10,2,4,14,12,8,14,28,8,152,255,255,255,255,255,255,88,16,2,26,22,30,28,28,14,6,16,22,24,30,36,26,46,44,40,18,38,16,24,12,26,104,255,255,192,30,6,30,34,8,8,20,8,12,4,4,10,10,16,16,2,16,8,18,26,22,12,20,22,14,6,4,6,6,2,6,20,18,24,6,6,18,8,10,6,4,4,2,227
86,114,255,255,255,12,14,48,255,255,255,196,255,255,234,46,46,44,58,26,10,20,34,34,112,255,255,255,255,255,255,106,2,24,38,10,24,2,10,20,120,255,255,255,255,108,255,255,100,255,255,98,255,255,255,255,255,255,66,255,255,255,255,14,10,8,2,12,255,255,224,255,255,10,52,38,22,124,255,255,255,255,255,222,26,255,255,255,255,152,138,255,255,255,255,78,255,255,255,255,255,255,122,4,28,36,36,14,46,24,22,12,14,18,10,6,6,4,8,10,8,20,24,2,32,74,250,255,255,255,255,255,255,255,255,88,66,194,255,255,255,255,255,255,255,255,255,255,255,255,255,255,255,172,206,255,255,255,255,255,255,255,248,255,255,255,255,255,255,255,255,255,255,152,60,16,6,10,16,46,48,48,46,34,108,88,38,108,255,255,255,236,255,255,255,255,202,255,255,255,255,255,255,255,218,255,255,216,255,70,186,255,255,206,6,18,255,255,255,255,218,255,255,255,172,42,20,24,14,18,36,18,16,10,18,18,24,14,14,26,12,10,4,18,20,12,12,20,24,4,14,38,24,10,12,4,18,40,22,20,18,16,2,26,36,10,22,255,255,255,214,58,255,255,255,255,255,76,84,110,4,28,24,16,6,10,20,4,32,255,255,255,244,255,96,255,255,255,255,255,255,255,255,255,240,255,255,255,255,150,26,50,78,255,255,100,234,255,255,255,255,178,106,50,54,60,255,255,255,242,255,194,255,255,60,8,10,14,4,18,16,12,20,2,12,10,14,10,6,6,10,8,8,10,28,24,12,255,255,255,40,30,255,255,255,24,28,32,8,16,10,12,26,14,18,28,8,12,12,8,10,10,10,6,14,6,14,14,202,255,255,255,255,22,255,255,255,255,255,30,38,4,255,255,255,44,32,255,255,255,70,14,22,42,26,8,4,10,6,4,4,6,10,6,8,4,6,10,8,16,28,20,18,255,255,255,34,255,255,255,40,16,28,36,34,8,26,28,20,16,14,6,6,44,126,255,255,255,172,10,16,18,10,114,255,255,255,255,38,38,28,26,6,8,24,16,24,10,16,2,14,14,10,6,8,10,22,20,14,10,14,22,20,6,6,8,6,8,22,22,30,18,10,8,10,2,2,2,8,14,6,234
70,255,255,255,72,30,28,34,106,255,255,255,255,255,255,232,116,158,152,86,32,28,20,16,20,30,255,255,255,255,255,255,36,4,32,26,16,26,16,132,255,255,255,22,255,255,255,255,255,255,255,255,255,255,255,144,255,255,255,255,255,184,42,12,8,8,4,32,44,255,255,255,255,255,218,255,255,255,255,232,74,206,255,255,255,162,134,255,255,255,255,96,178,255,255,255,255,255,208,164,86,12,8,28,32,26,34,40,28,12,16,12,20,16,10,10,16,12,8,6,6,2,12,10,40,10,36,22,180,255,255,255,255,255,64,22,22,14,30,106,255,255,255,255,220,255,255,255,255,255,255,255,255,255,255,255,255,255,255,255,255,255,255,255,255,255,255,255,136,212,255,255,150,250,255,218,118,16,14,40,32,12,20,16,12,20,54,56,60,146,162,156,174,170,132,28,162,255,255,240,255,255,255,255,255,255,255,255,255,255,255,252,255,204,26,10,255,255,242,255,42,255,255,255,120,20,26,32,26,26,24,8,20,2,20,18,24,22,10,18,10,4,16,24,12,12,18,12,8,6,18,8,18,4,20,24,26,10,34,22,0,18,6,36,4,36,255,255,255,255,64,94,255,255,255,255,255,255,148,220,54,24,22,22,20,18,40,48,198,255,255,255,255,255,255,255,255,255,255,255,255,255,255,255,255,248,255,208,194,116,76,34,48,86,255,255,255,255,176,114,64,70,12,14,20,46,255,255,255,255,255,255,255,242,60,8,10,14,0,10,16,10,12,6,8,10,8,8,10,12,14,16,20,10,12,32,20,170,255,255,156,36,228,255,255,108,4,24,24,18,14,28,16,12,14,14,18,12,30,16,10,10,16,26,10,4,12,18,26,84,255,255,255,255,200,92,255,255,255,255,132,14,146,255,255,255,10,86,255,255,255,14,16,8,36,16,6,4,4,4,4,4,4,8,6,8,4,6,8,12,20,36,26,110,255,255,255,255,255,255,144,12,14,30,26,16,8,16,22,16,18,6,174,255,255,255,255,255,255,255,255,44,204,255,255,255,255,255,70,32,28,10,10,16,20,8,22,10,16,16,8,8,8,14,8,10,20,26,22,10,10,16,22,16,6,18,20,10,20,12,28,16,10,4,4,6,8,6,16,22,8,223
55,255,255,234,12,42,62,120,158,255,255,255,18,255,255,255,255,255,255,255,255,22,40,10,14,124,130,255,255,255,255,255,255,14,30,30,2,18,34,210,255,255,232,255,255,208,80,255,255,255,255,255,255,255,212,255,255,255,255,212,18,24,2,28,44,38,10,38,26,246,255,255,255,255,255,255,255,255,255,255,255,162,80,255,255,255,255,74,188,255,255,255,255,255,255,96,42,54,32,30,18,20,16,8,18,8,6,14,8,14,14,24,14,16,8,12,10,18,20,18,14,8,20,20,16,12,20,22,24,28,255,255,255,194,38,30,64,82,34,184,255,255,255,255,240,255,128,255,255,255,202,136,255,255,255,255,255,255,255,255,255,255,255,255,255,74,255,188,255,176,100,255,255,255,255,255,255,216,218,222,255,255,72,210,204,98,232,246,176,54,134,208,218,108,10,14,22,8,32,24,32,82,110,130,156,166,212,255,255,255,255,255,255,140,20,22,255,255,255,255,255,255,255,255,56,46,26,8,10,18,26,26,22,12,14,10,4,16,18,24,14,8,22,16,4,4,12,6,22,26,22,18,16,6,22,22,12,12,12,24,24,8,4,34,146,255,255,255,255,255,255,255,255,188,255,255,198,226,144,204,56,8,6,14,12,16,10,54,236,255,248,162,255,30,255,255,255,80,255,255,255,255,64,255,254,230,80,150,240,178,238,178,255,255,56,170,180,50,30,8,34,16,40,38,26,46,255,255,255,255,200,255,255,162,34,8,12,8,8,4,6,4,8,12,4,8,10,14,12,12,18,14,8,20,18,26,20,30,255,255,255,34,94,255,255,255,20,30,30,8,20,6,6,10,8,16,16,16,8,14,12,22,44,32,22,4,14,20,14,22,22,166,255,255,255,255,78,248,255,255,255,255,42,255,255,255,66,54,255,255,255,126,14,10,26,20,4,4,4,8,8,4,4,4,4,8,8,2,10,14,10,18,18,28,255,255,255,108,255,255,255,40,34,12,14,8,18,20,10,22,22,96,255,255,255,162,230,88,255,255,255,255,255,255,255,255,255,255,74,34,26,14,12,26,38,12,20,8,10,12,16,14,4,6,10,24,32,44,42,24,12,12,20,26,24,8,18,8,18,0,16,2,12,8,8,12,6,18,32,24,18,232
67,255,255,255,255,255,255,255,255,255,255,255,128,140,255,255,255,255,255,255,255,160,14,6,36,255,255,255,255,255,255,255,255,34,8,48,12,20,30,232,255,255,255,255,174,30,40,160,255,255,255,255,156,255,255,255,255,206,16,30,26,20,12,38,56,74,184,255,255,255,255,255,255,255,255,255,255,255,255,255,255,255,255,144,138,255,255,255,255,255,230,104,18,36,52,50,12,26,34,24,14,8,24,10,16,14,6,16,8,26,18,18,8,10,6,6,6,16,22,12,22,22,4,26,4,4,8,0,6,14,22,46,78,84,18,138,255,255,255,255,255,255,52,255,255,255,255,255,255,255,255,220,192,124,255,255,255,255,255,255,156,152,94,54,255,98,255,255,255,154,130,164,170,255,154,255,255,255,255,255,255,255,255,255,255,255,255,255,255,144,255,255,255,255,160,22,30,14,42,32,66,158,186,146,116,108,50,18,36,22,62,68,22,14,14,26,118,170,236,218,255,255,255,102,88,70,28,36,16,26,8,10,22,20,8,6,6,12,16,12,4,6,8,12,12,6,12,4,14,10,20,22,8,38,52,20,14,8,18,16,22,20,18,114,255,255,255,255,62,255,255,255,255,212,90,74,124,255,255,112,34,4,4,20,22,30,50,186,160,228,255,92,255,255,255,255,255,255,255,255,255,146,104,255,220,255,90,150,208,132,255,228,255,255,220,232,255,255,172,46,88,86,12,32,22,44,180,184,170,106,92,14,22,14,24,10,18,12,6,2,4,8,8,8,14,8,4,4,4,8,10,8,20,8,44,26,10,6,246,255,255,80,34,255,255,255,44,18,28,12,24,12,18,12,10,22,50,60,60,52,48,46,68,58,70,44,38,34,28,36,16,14,84,255,255,255,255,255,38,255,255,255,255,82,255,255,255,20,116,255,255,255,28,14,26,14,12,4,8,8,8,8,4,10,4,8,8,0,12,12,6,8,4,6,110,255,255,255,255,255,255,144,26,18,12,8,20,26,8,8,24,255,255,255,255,255,255,255,255,255,255,255,255,64,255,255,255,120,24,14,10,26,18,16,38,20,24,20,20,10,2,2,14,10,16,22,20,26,44,40,26,16,18,30,40,18,18,10,28,20,10,16,12,18,16,10,4,12,22,10,98,227
75,255,255,255,255,255,255,255,255,255,255,74,86,170,255,255,255,255,255,255,255,170,32,44,218,255,255,255,252,255,255,255,255,255,6,24,34,112,218,168,236,255,255,255,32,38,32,30,255,255,255,255,255,255,255,216,38,12,22,42,62,16,116,255,255,255,255,255,255,255,255,255,74,50,48,176,255,255,255,214,94,255,255,255,255,255,246,72,42,36,70,38,22,2,26,16,34,28,6,26,12,26,18,32,32,36,50,46,34,20,20,20,10,2,4,6,18,14,14,30,24,8,22,6,6,44,44,32,18,22,16,96,232,255,255,255,255,255,128,188,255,255,255,255,120,246,255,255,255,255,255,255,255,255,255,255,96,255,255,255,255,255,255,180,255,255,255,126,255,110,52,255,255,255,255,255,255,255,228,232,255,255,255,214,255,255,255,255,255,255,255,255,255,255,206,44,26,14,18,48,255,255,255,232,255,255,255,182,32,10,4,10,10,10,18,32,32,8,16,18,32,52,24,52,52,20,4,20,18,20,4,8,14,22,18,16,20,16,6,8,4,10,4,4,4,18,22,8,26,22,20,2,20,122,224,210,255,255,226,255,254,14,24,234,238,255,255,255,255,255,255,255,158,255,255,255,255,255,114,8,14,10,18,14,16,10,66,255,255,255,255,162,255,255,252,255,36,255,255,255,255,2,58,255,255,255,255,255,216,255,255,255,255,255,255,255,208,255,124,255,255,255,130,70,86,60,14,10,14,10,18,16,32,6,10,10,10,4,8,8,6,6,10,10,2,8,8,4,2,4,6,14,18,14,30,30,10,14,64,255,255,255,38,92,255,255,242,16,22,12,6,16,22,22,166,255,255,255,255,252,248,220,184,170,166,152,112,92,78,102,72,70,56,50,124,255,255,255,255,40,198,255,255,255,100,255,255,206,26,255,255,255,188,12,34,8,20,8,10,14,14,10,8,10,4,8,10,2,12,10,16,20,10,26,20,255,255,255,255,255,168,246,48,22,10,16,14,16,16,12,18,255,255,244,255,255,186,192,255,255,255,214,255,255,255,255,22,20,16,14,18,18,4,2,24,14,16,16,18,14,14,8,6,8,24,20,14,16,20,40,36,24,20,28,38,28,14,14,14,14,12,12,52,60,54,16,12,18,12,190,255,185
69,204,198,142,24,140,255,255,255,255,255,255,255,255,255,255,255,255,255,255,255,178,178,255,255,255,58,255,255,255,255,255,255,255,255,62,20,246,255,255,255,74,132,108,8,12,6,6,60,255,255,255,255,250,60,66,64,36,108,255,255,255,255,255,255,255,255,255,255,242,24,178,255,255,154,255,255,255,255,255,255,255,255,140,52,40,54,36,22,22,232,255,255,160,255,255,188,254,246,68,255,255,255,246,122,250,255,180,82,28,10,52,44,8,4,18,18,10,14,4,32,30,14,12,4,46,42,12,130,255,255,255,255,255,212,255,142,255,255,255,196,178,255,255,255,255,202,98,255,255,255,255,255,255,255,255,255,255,182,255,255,255,255,255,255,122,255,246,255,255,255,255,248,255,255,255,234,255,255,255,255,255,255,255,255,255,255,255,255,255,255,255,255,255,236,30,22,20,22,40,255,255,255,255,255,108,255,210,32,16,16,16,14,14,14,16,18,20,22,20,14,16,26,10,10,4,26,26,18,16,12,20,6,20,6,12,20,30,28,24,30,20,56,52,44,84,106,80,28,18,34,20,8,255,255,255,255,255,255,255,255,16,22,255,216,255,255,255,178,255,255,188,255,255,255,255,255,255,38,8,20,2,16,30,22,26,70,255,255,148,196,255,182,255,255,255,255,255,255,255,120,12,26,82,100,100,150,255,255,255,68,218,196,255,38,255,242,255,240,255,255,255,78,255,255,255,236,12,14,2,10,34,16,18,12,4,6,2,4,6,16,12,10,4,10,18,2,14,14,8,12,16,8,8,24,18,4,12,14,255,255,255,50,78,255,255,255,26,18,6,28,18,40,246,255,255,255,255,255,255,255,255,255,255,255,255,255,255,255,255,255,255,255,255,255,255,255,255,255,58,14,62,255,255,255,255,255,255,24,38,255,255,255,24,26,8,18,4,12,8,8,8,14,4,8,8,10,4,12,10,18,12,34,24,28,90,255,144,236,172,192,196,164,10,14,6,12,8,12,14,2,255,255,255,255,255,146,20,144,255,255,244,255,255,148,26,10,8,24,6,16,20,4,4,16,4,6,16,8,4,10,12,14,24,22,10,2,10,10,14,20,10,20,36,32,26,22,20,12,18,32,84,254,240,255,160,18,18,204,255,72,190
74,255,255,255,255,255,255,255,255,255,255,255,255,255,255,255,255,218,192,94,26,22,255,255,255,255,255,255,174,10,255,255,255,255,255,255,80,255,255,138,255,254,138,22,8,14,18,22,8,54,126,162,66,38,136,255,255,255,255,255,255,255,255,255,255,204,26,114,255,255,255,255,255,255,255,255,255,255,228,132,62,50,40,24,14,12,8,22,18,32,255,255,255,255,255,255,255,255,255,196,255,255,255,255,255,255,255,202,246,255,255,248,156,8,6,24,24,14,24,26,24,10,38,34,50,204,255,255,255,255,255,255,255,255,255,255,148,255,255,255,255,255,244,62,255,255,255,255,255,255,172,20,48,102,255,255,255,255,255,255,255,102,255,255,255,255,255,255,255,96,68,54,30,14,54,110,106,124,130,150,226,255,255,255,255,255,255,255,238,255,255,255,255,255,114,12,30,30,26,44,255,255,66,255,242,254,255,176,20,6,6,6,8,4,2,10,8,12,8,14,20,24,18,18,0,16,38,40,34,12,20,16,18,10,42,24,20,50,78,52,58,255,255,255,242,255,255,255,170,22,6,10,62,255,255,255,255,220,255,255,255,88,60,255,255,255,255,255,255,255,255,255,255,255,255,255,255,255,34,22,10,4,16,12,12,14,44,178,255,255,255,255,255,255,255,52,255,255,255,255,30,40,24,4,6,6,8,10,16,22,8,118,128,120,68,255,254,164,255,255,255,255,255,255,255,255,255,58,20,12,8,22,12,24,30,20,6,6,10,10,24,6,18,12,8,8,10,16,6,14,8,12,14,6,10,20,12,10,22,116,255,255,232,6,126,255,255,172,12,30,10,24,228,255,255,255,255,236,230,228,255,255,255,255,255,255,255,255,255,255,255,255,255,255,255,255,255,255,255,96,52,38,18,162,255,255,255,255,220,12,168,255,255,255,12,30,30,4,8,8,14,16,24,22,6,10,12,6,6,6,6,10,30,28,18,16,194,182,180,90,248,18,255,88,10,18,0,8,18,16,8,176,255,255,255,255,255,30,10,255,255,255,255,255,74,18,8,6,8,18,18,24,8,14,18,14,14,10,6,12,6,30,12,10,18,12,18,26,24,34,30,16,4,30,20,24,4,10,24,6,126,255,202,16,84,254,214,255,255,36,255,234
195,255,255,255,255,255,255,248,170,124,102,66,18,16,30,44,46,40,40,46,14,32,255,255,255,255,255,142,22,26,42,255,255,255,255,255,255,255,255,130,255,255,102,30,24,14,24,46,64,14,118,255,255,255,255,255,255,255,255,255,255,255,142,60,255,255,255,255,255,255,255,255,255,255,255,170,255,255,232,30,40,8,20,26,14,6,8,10,18,76,255,255,196,255,40,255,255,255,255,255,255,255,255,208,120,118,255,162,222,255,255,230,158,14,16,24,20,12,40,42,42,178,255,255,255,255,255,255,255,255,255,198,255,255,255,255,255,255,255,34,255,255,255,255,255,255,176,40,54,50,20,18,30,26,12,38,122,255,255,255,255,255,255,255,24,255,255,255,255,255,255,255,224,26,40,12,12,20,8,20,10,36,10,50,68,110,220,200,148,84,130,158,206,204,66,12,26,20,6,46,228,255,255,255,214,140,255,60,28,6,8,8,10,8,16,24,10,14,10,14,12,28,20,20,16,30,44,42,2,14,6,36,50,58,98,255,255,255,255,236,255,255,255,255,130,255,255,255,255,230,28,36,122,255,255,255,255,252,255,255,255,56,255,255,255,255,255,88,255,255,255,255,106,28,138,188,126,22,12,12,20,14,20,2,14,8,6,18,54,38,84,255,255,255,255,255,255,255,255,142,14,36,10,8,10,10,14,4,2,4,4,10,10,16,38,90,100,48,255,255,255,114,255,255,212,255,255,60,14,8,2,2,10,56,86,60,12,24,10,30,14,14,4,8,8,6,8,22,20,16,4,10,6,6,10,24,10,10,24,10,255,255,255,255,255,255,255,255,22,8,14,16,255,255,255,38,66,96,68,66,22,44,68,112,94,66,32,44,42,44,30,38,38,98,134,130,164,146,72,12,16,44,40,16,46,255,255,255,255,58,18,255,255,255,110,18,24,10,2,12,10,36,4,28,10,2,10,12,6,2,8,8,12,16,20,24,60,230,32,234,90,236,122,178,12,16,16,6,16,10,14,26,255,255,255,255,255,158,14,144,255,255,255,255,255,30,36,18,8,14,46,16,14,4,28,4,4,16,22,4,18,18,20,16,18,18,22,14,32,26,24,12,22,36,6,20,28,10,18,196,255,112,196,230,220,184,255,222,78,255,220,231
220,76,36,24,52,42,36,42,56,48,28,18,10,10,10,12,14,16,18,40,26,20,120,255,255,255,238,6,16,12,6,12,255,255,255,244,255,255,88,152,255,255,52,36,36,20,84,244,255,255,255,255,194,16,192,255,255,255,255,192,255,255,255,255,255,255,255,255,255,255,242,140,10,74,255,255,96,255,255,255,162,12,26,4,24,20,22,16,12,74,255,255,255,255,255,255,255,255,255,186,255,255,255,255,255,164,255,86,255,255,255,255,66,28,38,40,26,86,246,255,255,255,255,255,255,255,255,255,110,12,18,110,255,255,255,255,255,255,255,255,255,255,212,86,48,44,44,24,26,22,24,22,18,26,42,62,36,22,34,190,255,255,255,255,255,255,255,238,255,255,192,255,255,255,236,42,30,14,8,10,12,20,32,6,12,14,32,12,2,22,20,10,8,4,8,10,4,10,8,22,144,255,255,255,230,222,218,56,34,0,4,6,10,22,22,14,10,14,6,12,10,8,16,18,12,22,22,44,4,40,84,255,230,255,255,255,255,255,255,255,236,238,54,255,236,255,255,255,255,255,56,32,118,255,255,255,255,255,255,255,255,116,255,255,255,230,255,255,255,255,255,168,20,48,32,54,24,6,4,16,8,12,24,10,40,34,24,48,44,38,255,255,255,255,78,255,254,255,255,18,28,4,12,6,2,8,12,6,12,10,16,8,6,6,12,22,12,36,170,255,238,70,255,255,255,255,255,10,6,4,18,18,170,255,255,255,146,138,24,46,8,8,12,4,10,4,8,6,8,6,6,12,14,8,12,30,16,6,20,10,164,255,255,255,255,255,218,255,118,38,6,30,255,255,255,255,158,20,74,98,26,160,255,255,255,255,255,255,255,255,255,255,255,255,255,255,255,255,255,255,255,255,255,238,255,255,255,255,255,255,24,42,255,255,255,24,12,12,16,28,26,10,30,12,10,14,6,6,8,4,8,6,6,12,18,36,16,134,212,124,192,255,210,255,128,24,2,8,2,16,10,14,106,255,255,255,255,255,22,20,255,255,254,255,255,24,8,44,96,202,234,222,82,22,18,26,92,106,106,24,8,6,4,10,12,28,28,34,28,10,24,18,12,24,20,18,42,44,214,255,10,255,172,152,240,164,158,255,255,114,68,231
217,58,48,30,6,10,18,18,18,18,8,10,14,14,14,8,8,12,38,255,255,255,206,106,220,206,46,10,20,14,6,10,10,34,242,255,255,182,255,255,42,255,255,255,255,255,255,255,255,74,176,255,255,228,86,150,255,255,255,255,255,255,255,255,255,255,218,92,16,32,14,14,44,46,170,255,255,255,255,255,255,154,26,52,22,10,4,18,14,64,236,255,255,255,255,255,255,255,255,146,255,255,255,255,230,198,200,152,255,255,255,166,42,86,218,255,255,255,255,255,255,255,255,255,214,106,34,134,255,255,255,255,255,255,255,255,255,255,255,122,26,60,42,12,12,36,36,36,10,16,34,44,42,34,24,32,44,36,28,8,28,68,252,255,255,255,255,255,255,255,180,255,255,255,255,255,255,180,48,28,22,34,16,4,6,12,22,34,22,32,32,12,22,14,4,12,14,16,14,18,38,32,32,10,28,62,40,24,14,2,4,6,8,20,32,24,24,22,34,18,18,20,20,26,14,6,24,30,16,28,90,255,255,255,255,255,255,255,255,255,190,228,210,232,114,255,255,255,255,255,102,18,102,240,255,144,90,80,26,16,66,255,255,255,58,38,255,255,255,242,48,12,18,20,16,12,12,8,12,6,8,4,26,34,224,255,255,255,86,130,255,255,255,255,255,255,255,255,92,32,6,20,10,12,14,20,16,10,8,22,20,28,26,38,44,64,86,78,24,22,22,58,88,98,186,168,120,22,14,20,18,136,255,255,255,255,196,255,218,196,196,14,10,24,10,14,10,14,2,4,6,4,14,8,10,24,12,4,16,10,48,255,255,255,234,255,255,255,255,32,10,16,30,232,255,255,255,255,102,32,18,164,255,255,255,255,255,255,255,255,255,255,255,255,255,255,255,255,255,255,255,255,255,255,255,255,255,255,255,255,26,54,255,255,255,168,24,24,8,26,16,32,6,20,10,12,16,8,2,6,2,16,16,16,26,14,34,32,230,162,255,255,255,255,255,30,6,16,22,24,6,26,6,255,255,255,255,255,132,14,120,255,255,255,255,255,255,255,255,255,255,255,255,30,82,255,255,255,255,224,8,8,2,8,12,12,22,18,8,16,28,26,12,8,6,22,72,255,252,46,255,120,232,234,70,255,255,255,22,228,208,231
217,255,255,180,34,26,4,16,8,18,8,2,8,4,10,12,14,20,54,255,255,255,255,252,32,4,24,12,20,16,2,8,10,22,255,172,92,128,92,80,255,255,255,255,255,104,112,255,255,255,160,120,255,255,255,255,70,255,255,255,255,255,226,255,255,192,130,80,44,40,18,22,16,26,36,170,255,255,255,204,255,255,24,6,24,6,16,22,16,28,22,28,2,16,32,86,146,255,255,255,255,255,214,132,148,248,242,148,122,124,42,255,255,255,255,255,255,255,255,255,255,124,32,102,224,255,255,255,255,255,255,255,255,255,255,154,34,50,46,40,8,26,26,18,12,16,4,28,20,28,26,12,20,20,14,12,12,20,2,28,48,20,22,132,140,124,255,255,255,236,255,255,255,255,255,255,255,255,255,255,158,42,20,18,18,12,30,2,8,24,8,18,10,14,28,34,12,14,6,24,28,16,22,20,34,42,20,10,8,14,8,10,8,6,14,18,18,22,34,34,20,24,14,10,8,8,14,20,12,16,48,255,166,255,128,255,255,255,255,230,255,255,255,255,255,255,255,255,184,154,40,22,18,16,12,6,26,72,30,14,255,255,255,138,42,255,255,255,238,40,8,24,16,22,20,6,16,2,8,6,14,8,20,182,255,255,255,255,255,255,255,255,255,88,255,226,255,255,26,32,14,2,26,10,12,22,6,10,10,18,24,34,10,116,142,255,192,255,28,26,20,16,4,34,16,10,4,16,22,12,4,164,255,255,255,255,52,238,255,200,200,22,16,36,16,18,8,16,4,8,4,14,20,6,2,20,16,10,14,10,42,255,255,255,255,255,255,255,255,48,24,16,18,16,68,255,255,255,255,222,48,110,255,255,255,142,82,116,114,86,108,128,138,156,156,150,170,182,194,204,218,226,255,255,255,206,32,110,255,255,255,255,152,255,255,255,18,16,14,6,38,10,30,8,22,2,12,14,10,8,14,8,8,22,12,14,8,4,86,255,255,255,255,255,255,198,6,14,20,22,22,26,6,128,255,255,255,255,255,98,164,255,255,250,255,255,255,255,255,255,158,255,255,12,126,255,255,255,255,255,255,44,6,6,10,14,10,12,8,14,24,26,18,2,8,112,255,232,140,255,12,255,255,202,255,146,12,198,255,118,168,228
206,255,255,255,152,104,12,14,8,10,8,16,20,8,12,18,6,10,190,255,255,148,255,255,46,16,14,14,14,24,20,22,18,22,218,255,128,224,255,255,255,255,255,255,255,255,174,92,255,255,255,255,128,210,255,255,255,255,255,156,182,255,244,212,74,134,172,102,26,48,12,22,8,18,8,32,10,222,255,255,255,255,255,32,22,8,24,32,40,36,30,34,60,60,36,146,255,255,134,176,255,255,255,255,255,24,126,240,255,255,255,255,255,180,255,255,255,254,54,72,160,255,255,255,255,255,255,255,255,255,255,122,58,66,130,82,38,28,24,22,14,10,18,26,30,18,12,22,20,32,18,14,8,8,12,10,8,34,10,18,40,146,208,255,255,255,124,114,255,255,255,255,255,255,255,24,255,255,255,255,255,255,255,124,16,42,16,18,24,36,16,8,6,18,16,16,22,4,14,14,8,14,14,20,12,18,6,24,18,10,14,8,4,6,4,6,4,10,8,18,10,14,4,12,4,18,12,4,6,14,18,255,255,255,255,255,126,255,255,136,202,212,106,134,130,42,14,42,50,30,2,4,16,10,4,8,36,22,38,206,255,255,255,32,146,255,255,255,10,14,16,12,14,12,10,16,10,4,6,6,18,18,38,255,255,255,240,255,144,255,154,255,255,255,255,255,255,96,14,24,18,12,16,8,16,14,8,8,16,10,40,212,255,255,255,255,255,255,160,36,12,0,20,14,34,20,4,16,10,8,14,152,255,255,255,255,255,255,255,255,144,16,34,16,10,2,14,10,2,6,6,8,12,12,14,28,24,20,18,28,26,94,255,110,255,64,255,122,255,255,38,6,18,8,8,12,178,255,255,255,255,60,160,255,255,255,255,116,26,22,22,22,20,28,42,46,24,8,28,50,52,34,34,42,32,24,26,30,255,255,255,255,255,255,255,255,210,26,36,14,28,26,18,16,12,12,4,14,12,8,20,4,6,8,28,24,14,42,28,255,255,255,72,255,255,255,42,14,22,16,18,2,8,32,255,255,255,255,255,255,255,255,255,120,200,130,208,255,255,255,255,255,255,18,122,255,255,255,255,255,255,255,102,12,4,16,20,20,26,6,22,10,24,22,186,255,166,198,255,50,255,255,190,255,194,56,234,255,30,255,238,224
127,255,255,248,184,104,12,18,4,4,4,2,12,14,28,38,44,255,255,166,255,255,255,228,46,18,20,18,14,24,34,94,255,255,255,255,255,98,156,255,255,255,255,38,255,255,255,255,255,255,255,255,255,255,255,242,94,24,40,255,255,88,114,64,202,255,94,18,36,24,24,32,26,22,12,30,6,8,255,255,255,255,255,255,255,26,42,8,255,255,255,255,255,144,50,160,255,255,255,255,255,255,255,222,255,255,255,255,255,255,255,255,255,255,255,255,255,255,255,255,255,255,255,255,255,255,206,255,255,255,234,52,40,255,255,255,166,22,16,32,32,26,10,18,6,16,22,26,16,22,12,32,16,2,32,14,22,24,24,212,255,255,234,255,142,255,136,46,26,128,244,255,255,255,255,255,255,255,114,255,255,255,255,255,255,255,82,32,42,4,32,12,12,10,18,16,2,8,8,18,12,14,14,4,10,12,10,18,12,10,6,12,6,4,8,4,6,6,6,6,16,14,6,12,22,16,8,10,4,8,12,56,255,255,255,255,50,76,82,36,16,16,12,16,16,6,8,8,12,22,18,22,8,12,8,32,36,12,80,255,255,255,18,100,255,255,255,108,62,40,12,12,20,6,10,10,2,8,18,30,18,18,200,255,255,255,255,255,248,255,255,255,148,255,152,255,255,36,22,16,8,12,4,10,6,18,6,4,46,30,82,255,255,255,255,255,132,255,255,110,22,8,12,18,2,8,12,12,8,8,4,12,12,16,132,132,254,255,255,166,74,34,16,10,4,16,4,12,18,10,8,16,14,8,8,20,16,10,12,22,28,38,255,255,255,255,255,255,255,255,20,26,2,16,16,8,28,78,255,255,255,255,122,34,255,255,255,255,222,8,24,6,16,12,14,12,22,20,34,24,28,24,8,12,8,10,28,0,130,255,255,255,255,255,255,255,255,42,32,16,14,22,12,12,0,16,10,12,10,12,16,4,12,12,8,10,22,44,10,38,255,255,255,192,255,255,236,4,28,38,6,14,4,30,86,255,255,62,255,255,255,58,255,255,255,255,255,255,255,255,255,162,46,22,26,255,255,255,255,222,255,255,255,160,10,12,18,16,8,12,22,12,36,210,255,56,255,232,174,255,255,112,255,255,40,255,255,76,255,222,40,229
192,116,255,255,255,80,8,20,6,4,8,8,12,16,70,158,182,255,255,255,255,255,194,12,6,40,36,32,174,255,255,255,255,94,255,202,255,255,200,74,255,255,255,255,138,114,255,255,234,255,255,255,154,22,38,38,10,36,52,255,250,240,164,194,255,130,30,16,20,6,16,16,6,10,24,6,22,14,116,255,255,255,116,255,255,255,178,28,255,255,255,255,255,255,255,198,96,206,132,132,76,106,86,255,255,255,255,255,255,255,172,255,255,255,255,255,255,255,255,255,255,255,255,242,80,32,242,255,82,255,255,255,150,255,210,255,255,126,80,26,20,34,16,14,8,10,8,14,8,20,2,12,8,18,36,40,6,38,30,255,255,255,255,158,255,255,202,56,42,24,32,46,40,212,255,255,255,255,255,255,248,255,255,255,255,255,255,255,212,36,46,16,16,24,16,10,10,4,4,22,18,14,10,22,18,16,12,16,4,16,14,6,6,4,12,10,14,12,6,10,10,8,12,12,6,10,6,12,10,8,6,10,28,18,22,24,18,14,14,24,18,8,22,12,28,22,14,18,8,6,8,16,12,12,12,32,20,22,255,255,255,104,38,255,255,255,255,255,255,198,32,24,24,12,10,22,18,10,20,14,18,8,255,255,108,255,255,124,255,224,255,255,255,255,255,255,72,6,8,2,16,12,20,14,24,36,34,16,40,16,68,255,255,255,255,216,255,255,244,76,30,14,14,10,10,4,6,10,14,8,14,14,22,12,16,16,38,38,56,66,100,28,18,12,12,8,8,10,6,16,10,6,8,2,8,16,14,8,12,30,26,44,206,255,54,255,142,255,132,255,106,38,12,4,8,14,12,0,26,184,255,255,255,255,66,180,255,255,255,255,92,22,18,6,18,6,8,14,18,10,22,2,18,8,10,10,16,24,48,255,255,255,255,255,255,255,255,255,48,12,12,14,16,8,4,6,4,4,4,6,8,8,8,8,14,4,18,34,28,20,204,255,255,250,255,255,255,50,4,24,32,14,18,12,20,255,255,255,255,255,255,255,255,255,255,255,228,100,44,22,40,44,18,34,26,12,188,255,255,255,30,255,255,255,246,16,4,32,40,14,4,46,255,255,36,255,150,255,255,255,255,255,255,126,136,170,156,255,178,20,8,231
116,255,255,134,52,16,10,32,12,24,28,6,26,58,255,255,255,255,218,255,234,24,22,24,94,255,255,255,255,255,255,255,255,255,255,255,255,255,255,255,220,88,255,255,255,255,255,255,255,255,255,184,36,18,6,18,30,4,34,255,255,255,255,216,255,114,22,8,14,8,8,0,10,12,20,10,16,8,16,26,255,255,255,255,255,255,255,255,255,255,255,255,255,255,255,255,255,255,255,255,255,162,52,254,255,255,254,64,90,186,255,255,255,255,50,255,255,255,255,255,106,8,32,96,255,238,32,255,255,252,206,255,255,112,255,255,190,146,66,36,20,20,12,28,24,14,18,10,12,18,18,20,34,102,90,74,26,44,60,255,255,254,255,255,255,250,74,20,12,14,22,36,18,18,26,76,238,255,255,255,255,255,255,168,255,255,255,255,255,255,255,152,14,18,52,26,10,6,14,12,24,8,8,22,22,12,8,16,16,2,10,8,2,4,12,12,8,16,10,6,6,2,8,2,6,6,8,2,16,10,2,8,28,18,18,32,26,6,22,6,10,30,8,32,16,6,6,8,2,2,12,6,18,14,10,26,16,255,255,255,248,32,214,255,255,255,255,255,255,255,118,10,24,26,6,20,18,18,12,20,2,166,255,255,255,255,142,255,255,255,255,142,255,116,255,255,28,14,6,2,8,4,22,16,166,196,158,32,66,28,38,255,255,255,255,255,255,255,174,58,20,18,10,12,6,2,6,10,6,14,12,16,24,14,14,10,6,12,8,24,12,2,18,16,12,2,4,10,8,4,14,8,4,6,10,2,12,10,12,26,40,14,26,255,255,255,255,255,255,255,255,54,16,6,44,24,18,8,14,10,62,255,255,255,255,172,80,255,255,255,255,220,22,8,10,24,10,4,20,20,14,20,22,6,18,8,10,20,26,88,255,152,255,248,230,255,74,255,126,34,4,18,10,8,8,6,8,2,6,2,6,10,20,14,12,14,22,24,18,18,38,255,255,255,50,255,255,255,4,16,20,6,20,28,12,94,255,255,255,255,255,255,152,102,16,26,14,28,12,12,24,10,136,164,156,44,14,104,255,255,255,255,255,255,255,255,78,28,20,10,100,250,210,134,255,44,255,255,204,255,255,255,58,128,82,218,255,134,36,22,8,229
124,255,255,30,12,30,6,30,10,14,14,26,18,100,255,255,66,132,190,255,104,206,255,255,255,255,255,255,255,255,255,255,255,255,255,255,128,255,255,255,255,255,255,255,160,52,32,255,255,206,255,255,42,26,14,14,26,16,8,72,142,130,250,228,255,72,30,20,24,6,12,4,12,2,8,4,10,6,12,8,12,140,255,255,255,255,255,255,255,254,255,142,255,255,255,255,255,255,255,255,255,228,78,178,255,255,218,255,255,255,255,255,255,255,255,255,160,40,30,36,12,28,54,234,255,255,255,74,255,255,255,194,184,255,214,144,255,224,42,14,4,18,16,28,14,20,12,28,14,4,40,12,158,255,255,255,136,28,16,226,255,255,255,255,84,16,8,34,28,10,8,26,28,22,30,28,14,22,132,255,255,255,255,255,255,255,26,255,255,255,255,255,255,255,255,162,14,6,4,6,6,24,14,8,2,4,6,6,8,12,12,16,8,6,14,14,6,10,10,8,12,12,12,10,12,14,10,6,10,14,10,20,6,16,18,32,24,12,20,4,6,24,38,30,2,8,8,24,14,10,2,12,22,12,24,22,144,255,255,255,28,108,255,255,158,255,240,255,255,255,118,8,8,6,10,16,14,16,14,2,48,178,222,255,255,255,224,255,146,255,255,255,255,255,255,58,14,12,10,18,10,12,22,86,255,255,255,255,162,28,20,255,255,255,255,255,100,4,20,6,6,2,14,12,6,14,14,18,14,18,10,16,8,16,14,12,16,16,10,10,8,2,8,4,6,8,2,2,6,4,4,6,2,10,8,10,6,14,10,4,20,16,50,255,255,234,255,255,255,255,255,38,44,32,12,40,28,18,26,14,4,12,222,255,255,255,255,24,144,255,255,255,255,102,2,6,28,10,10,10,6,10,26,6,18,6,2,12,18,32,255,255,246,255,10,255,255,255,255,22,16,24,2,6,12,4,14,6,8,8,6,8,16,20,24,20,14,10,14,24,18,186,255,255,240,255,255,255,92,4,18,14,14,18,18,26,74,126,114,56,32,70,12,30,8,18,10,22,18,20,28,194,255,255,255,255,46,30,50,255,255,255,255,255,255,255,255,255,255,255,255,255,255,255,98,255,152,188,255,255,192,234,255,248,46,56,64,18,40,12,14,225
198,255,255,42,24,20,24,10,20,10,12,20,10,92,255,255,255,208,255,255,255,255,255,255,255,255,255,255,84,98,255,255,255,255,170,255,255,255,255,255,204,80,44,64,20,20,8,18,255,255,255,255,30,18,6,6,60,90,74,18,36,20,62,48,36,24,30,20,36,16,4,10,10,2,6,2,8,10,16,14,8,10,10,204,255,255,255,255,255,255,162,255,255,80,120,230,255,255,255,255,168,255,255,255,255,255,255,255,255,255,255,255,242,106,58,14,24,28,38,12,34,28,132,255,255,132,255,255,100,174,240,255,255,160,98,255,166,38,24,22,2,8,20,24,38,0,16,12,36,18,116,198,255,255,208,255,255,255,16,68,162,162,42,10,46,48,32,20,4,14,14,12,10,12,4,28,42,12,14,40,98,98,224,255,255,255,255,255,255,208,255,255,255,204,188,255,200,18,4,2,14,14,8,8,8,16,14,10,8,12,12,14,6,4,12,12,4,6,4,6,10,8,8,6,6,8,6,8,12,14,12,2,18,6,26,2,12,8,14,10,16,26,16,22,6,16,16,16,18,4,12,14,8,26,42,72,255,255,255,128,34,255,255,255,255,255,255,255,255,255,58,10,26,8,8,12,10,24,10,8,222,255,158,122,238,255,230,255,255,255,222,255,22,255,255,34,16,16,38,30,176,255,255,156,255,255,255,255,255,200,30,216,240,254,52,46,10,20,10,4,18,16,12,12,10,10,22,10,10,8,8,10,4,8,8,12,16,16,6,6,10,6,8,2,4,10,4,4,10,6,8,8,2,14,10,12,8,20,2,8,14,26,14,46,255,162,255,118,255,124,255,250,32,4,30,26,10,18,10,10,18,10,34,74,255,255,255,255,164,6,255,255,255,255,240,50,28,30,30,20,8,0,28,16,8,4,10,12,16,20,56,255,220,255,255,174,255,60,255,188,14,4,8,8,12,4,14,4,6,10,6,4,20,12,2,4,6,8,10,24,28,36,255,255,255,28,255,255,255,8,22,20,26,36,12,22,6,32,6,38,46,66,40,32,4,16,8,16,20,8,18,224,255,255,255,255,124,32,42,40,228,255,255,255,34,255,255,255,255,255,255,255,255,255,255,255,255,255,134,58,255,255,94,255,84,18,28,30,22,20,16,224
217,44,8,34,36,30,20,6,22,14,12,12,60,180,255,255,255,255,255,255,255,255,255,255,198,38,255,255,255,255,255,255,255,255,255,255,196,62,60,44,44,18,8,14,26,10,14,40,255,255,255,255,190,16,16,28,140,255,255,186,28,16,16,16,6,16,14,6,10,20,10,6,8,6,6,6,6,6,14,2,16,22,28,24,36,200,255,255,255,255,255,255,255,255,255,255,255,255,68,255,212,92,255,255,255,255,255,255,255,152,18,32,28,12,10,14,22,10,34,30,14,254,255,255,118,255,255,255,248,26,44,254,255,255,255,255,52,42,36,12,10,16,18,30,24,14,10,20,82,255,255,255,255,190,170,180,255,255,14,8,14,44,20,22,22,4,30,26,16,24,24,12,22,12,26,12,54,18,34,70,255,255,255,212,230,255,255,255,255,255,255,255,255,255,255,208,255,6,18,12,12,14,10,6,14,20,16,12,8,10,8,8,4,0,8,8,0,4,0,4,8,4,4,4,6,8,12,12,14,10,2,16,12,20,18,22,12,12,8,8,2,28,32,28,12,16,6,8,8,10,18,24,26,40,18,255,255,255,198,36,255,255,255,255,128,126,198,255,255,62,22,24,6,12,12,14,4,28,26,40,224,166,96,255,190,255,255,148,255,238,255,255,255,255,60,38,24,96,140,114,255,255,255,230,255,255,255,255,255,206,24,30,30,22,8,2,8,4,10,12,20,16,28,14,6,8,4,14,14,2,2,2,4,2,4,6,10,12,8,4,10,6,4,4,2,10,4,4,10,8,10,2,10,16,8,16,8,18,8,8,10,26,26,48,255,255,255,255,255,255,255,255,40,22,4,20,4,6,8,16,8,16,8,38,26,226,255,255,255,255,26,160,255,255,255,255,156,26,8,12,14,10,26,26,12,8,14,14,30,26,4,238,255,192,255,68,255,255,255,255,34,10,4,12,2,2,14,4,4,8,4,8,10,12,6,6,4,4,14,28,10,18,162,255,255,255,255,255,255,116,12,24,14,18,20,12,16,18,38,220,255,234,90,8,18,18,18,12,10,10,12,142,255,255,255,255,255,20,22,4,22,158,255,255,255,252,255,255,255,255,255,234,255,255,255,255,255,112,214,255,206,184,255,166,22,4,14,12,6,20,20,228
222,12,32,40,24,32,46,46,26,140,255,255,255,255,255,255,255,255,255,255,212,38,188,255,255,255,255,255,255,255,255,255,72,106,60,12,8,26,26,16,16,14,12,10,6,2,16,22,162,255,255,255,255,28,8,100,255,255,255,255,190,18,10,12,10,10,8,8,16,18,4,4,10,12,4,8,8,8,16,16,24,20,10,12,24,24,255,255,255,226,255,255,214,255,255,255,194,255,255,22,255,255,255,255,255,246,90,50,16,24,6,28,44,16,12,20,12,10,24,34,255,255,255,108,255,250,255,255,150,30,8,24,44,134,156,86,8,20,16,14,16,12,12,18,8,22,42,200,168,255,255,130,172,255,255,255,255,255,10,26,44,52,46,28,12,14,4,4,8,38,32,42,4,156,255,255,180,140,172,90,255,255,255,255,24,22,86,255,255,255,255,255,255,255,255,255,255,12,16,24,10,8,4,4,16,10,4,2,6,10,6,4,4,0,8,8,0,4,2,6,6,0,4,4,6,10,14,8,14,16,10,18,8,16,10,10,2,26,22,4,20,14,18,24,42,42,22,18,10,14,18,8,24,6,156,255,255,255,48,184,255,255,255,236,172,252,255,255,88,28,8,20,6,20,10,14,10,6,36,204,255,76,110,255,255,184,255,255,255,255,255,74,255,232,86,226,255,255,255,255,255,255,255,255,255,255,255,255,255,162,16,4,16,10,12,12,16,12,18,24,12,24,14,18,6,4,2,8,6,8,6,8,6,2,4,8,10,12,8,4,6,4,0,6,2,8,2,2,6,6,6,4,10,10,4,16,10,18,6,6,2,10,10,36,206,255,72,255,255,255,255,255,84,30,30,30,30,30,28,14,6,6,10,2,14,26,70,255,255,255,255,188,14,255,255,255,255,10,14,10,10,20,18,24,18,14,10,16,16,16,14,46,255,255,255,255,100,255,148,255,206,10,12,4,10,2,12,2,2,8,4,8,18,12,2,4,0,10,16,8,8,14,14,255,255,255,72,255,255,255,68,36,44,22,6,2,8,28,156,255,255,255,255,46,38,8,22,16,14,6,10,32,255,255,255,255,255,138,16,22,24,22,70,255,255,255,255,188,180,255,255,255,108,255,255,255,255,106,255,108,255,255,90,20,14,24,88,132,144,60,18,220
211,8,52,52,28,90,222,255,255,255,255,255,255,255,255,255,255,46,166,255,255,255,255,255,255,255,255,255,255,88,228,255,255,255,255,26,14,22,12,14,12,8,6,14,28,26,18,28,12,255,255,255,255,246,40,196,238,255,255,255,168,22,10,12,12,12,6,12,6,10,10,12,6,16,8,12,8,8,10,10,6,18,10,4,2,255,255,255,255,255,255,255,255,255,166,255,255,224,255,255,255,255,144,40,50,18,46,40,6,8,16,14,18,26,18,28,6,82,84,106,255,255,94,255,255,255,44,32,16,30,8,26,20,28,36,20,6,16,22,14,14,32,32,34,38,148,212,255,186,68,255,255,255,255,255,255,184,16,12,10,26,18,32,10,6,6,16,16,30,140,255,228,170,255,255,255,68,236,255,208,255,255,255,255,128,26,46,255,255,255,255,255,255,255,255,255,255,34,10,18,10,4,4,14,12,6,6,6,4,12,6,6,8,4,8,8,2,6,6,8,6,2,6,8,6,8,12,8,16,14,10,22,12,10,14,12,14,28,48,30,6,12,70,74,82,86,46,56,64,54,22,10,14,66,255,255,255,90,38,255,255,212,255,108,130,176,255,255,20,12,14,12,4,18,16,8,6,16,52,255,255,255,255,204,168,255,70,255,190,255,255,255,255,104,255,255,255,255,255,212,255,255,56,176,198,255,255,82,54,12,10,8,20,18,14,10,14,18,4,46,32,18,26,36,18,16,6,8,4,8,12,10,14,6,10,12,8,8,10,8,6,6,4,10,4,8,2,2,6,4,4,4,10,12,8,12,10,22,4,16,12,16,8,26,38,255,255,255,255,255,112,255,255,18,22,22,6,14,28,4,16,14,16,6,20,6,20,16,210,255,255,255,255,220,255,255,255,32,10,4,14,24,10,12,12,18,10,14,22,24,12,22,220,255,86,255,152,255,255,198,255,64,6,10,14,8,18,10,8,8,4,6,14,4,10,8,8,12,16,20,18,14,6,106,255,255,255,190,255,255,148,22,78,14,16,14,10,26,156,255,255,255,255,172,18,44,10,12,36,56,38,20,142,255,255,255,255,255,16,16,26,12,24,36,255,255,255,255,255,255,255,255,255,255,182,255,255,255,32,255,255,34,36,44,6,148,255,255,255,255,64,222
215,70,190,255,255,255,255,255,196,128,255,255,255,255,255,255,255,255,255,255,255,255,255,255,255,184,76,32,178,255,255,255,255,255,255,176,6,16,6,16,8,16,2,24,22,18,30,30,14,255,255,255,255,255,180,68,228,255,255,255,192,20,10,4,0,10,8,20,8,10,6,16,10,26,10,12,4,10,16,16,4,24,18,16,140,255,255,255,255,255,255,255,255,255,255,255,255,255,255,255,14,48,8,12,24,8,6,14,20,10,22,8,18,6,22,38,162,255,255,234,255,255,255,255,200,106,28,16,2,24,28,10,20,20,12,14,2,12,10,24,12,62,72,182,255,255,255,254,130,204,200,255,255,128,56,12,10,4,20,12,20,12,6,12,10,34,40,126,208,255,255,255,255,94,255,255,208,255,142,255,60,255,255,255,198,94,240,255,255,255,255,255,255,250,255,255,178,22,20,8,2,10,10,20,10,6,6,14,6,10,4,6,8,6,6,10,6,6,6,8,6,6,8,6,10,22,20,18,8,12,34,44,44,28,12,42,50,68,212,255,236,168,255,255,255,255,255,255,255,248,30,2,32,255,255,255,154,58,255,255,244,255,255,255,186,255,255,200,22,22,22,14,16,8,12,2,10,6,226,255,255,220,255,255,255,255,255,255,255,255,144,255,6,255,255,255,184,255,255,255,255,240,255,255,255,162,24,18,22,10,4,12,14,10,14,10,10,20,20,22,120,136,80,10,10,14,6,10,8,4,12,6,14,6,16,8,12,2,8,10,8,8,8,10,6,10,4,2,8,4,4,2,10,16,14,4,10,22,14,20,12,20,4,8,72,255,255,255,255,255,255,255,255,255,255,200,60,28,12,12,14,16,16,4,18,10,14,20,8,70,255,255,255,255,255,255,100,36,30,10,12,18,8,6,0,10,10,6,24,8,48,14,42,255,255,255,255,30,255,242,255,255,2,8,2,10,16,8,10,10,6,4,8,14,14,4,8,8,4,10,12,22,22,10,255,255,255,166,255,255,255,44,66,20,18,22,14,2,110,255,255,174,255,255,18,38,28,224,255,255,255,72,10,255,255,255,255,255,162,18,10,24,26,22,14,138,255,255,255,255,140,255,255,255,255,98,255,255,255,244,26,30,8,46,200,255,255,255,255,255,255,217
226,255,255,255,255,16,255,255,255,255,255,255,255,255,255,255,255,255,255,255,255,210,56,24,18,24,80,255,255,255,255,255,140,255,255,182,14,10,12,12,16,14,22,6,32,24,16,16,20,28,255,255,255,154,255,255,246,206,216,114,12,14,2,12,12,12,10,30,20,28,24,8,10,18,16,12,10,12,18,14,10,22,30,194,255,255,255,255,148,255,255,255,255,255,255,255,255,255,255,255,128,50,34,30,14,10,6,8,14,22,14,8,16,30,40,74,248,255,255,255,182,255,255,255,38,14,22,12,10,18,14,10,8,22,10,12,6,6,20,56,236,255,255,210,255,255,124,255,236,254,208,106,84,14,8,22,20,20,12,16,38,34,76,80,206,244,255,255,218,255,255,140,255,255,255,212,238,255,255,250,255,48,120,80,255,178,255,160,255,255,255,255,202,240,255,255,84,28,12,10,12,20,20,14,10,10,8,12,2,6,6,2,4,10,10,8,6,2,2,8,12,6,12,4,2,12,14,8,10,12,128,255,254,126,255,255,255,120,255,255,255,238,198,64,116,255,255,230,255,255,32,2,255,255,255,255,16,255,255,255,255,255,255,255,255,196,64,4,6,24,6,30,26,10,16,2,10,255,255,255,190,255,255,36,255,122,255,210,255,255,255,255,198,255,90,255,255,255,255,255,255,255,108,136,82,10,28,18,20,12,8,8,6,16,4,24,44,38,62,64,255,206,255,18,14,8,8,14,6,8,6,2,12,8,16,6,16,8,4,8,4,6,10,4,6,6,2,4,8,4,8,6,6,10,8,16,16,8,6,28,16,16,12,14,18,48,255,255,255,255,255,255,255,255,255,255,255,255,130,38,36,16,12,8,2,8,34,28,14,6,8,224,255,255,255,42,34,2,22,18,12,10,12,4,4,4,4,6,30,34,40,24,34,146,255,44,255,182,198,255,134,255,110,8,12,6,10,10,4,14,10,4,6,12,8,10,22,20,16,12,6,10,20,14,46,255,255,255,255,255,255,166,14,8,22,28,12,26,28,255,255,255,255,255,212,8,18,255,255,255,255,255,38,88,255,255,190,255,255,10,32,16,12,12,34,24,78,248,126,174,110,176,255,255,255,255,166,255,255,255,255,64,34,255,255,255,255,255,255,255,255,215
119,72,228,255,255,255,160,158,255,255,255,232,255,255,255,255,255,255,110,34,40,36,16,40,28,255,255,255,255,255,44,255,255,255,255,120,16,10,14,10,6,24,10,18,4,10,6,4,16,18,116,255,255,255,244,255,255,255,250,130,16,14,10,12,12,12,20,20,14,10,12,8,18,18,32,18,4,8,26,10,38,50,255,255,255,218,255,255,248,170,255,255,136,255,255,255,255,255,255,255,255,255,255,58,22,14,4,10,6,14,8,6,14,18,46,238,255,255,255,255,255,255,72,32,4,20,4,16,14,28,8,14,14,14,10,16,16,20,108,174,255,255,255,255,120,255,255,255,214,68,64,10,18,16,14,8,12,12,34,152,174,128,255,255,255,220,255,255,255,255,255,255,255,255,88,255,178,255,255,255,255,255,255,255,255,50,255,255,255,76,255,255,136,254,255,255,40,18,4,12,12,12,14,2,10,4,6,12,10,4,4,6,6,10,10,4,6,12,10,16,6,2,20,38,42,76,86,86,106,120,255,255,255,190,255,210,255,168,255,198,255,172,84,22,62,138,255,255,255,255,26,196,255,255,255,74,116,255,255,255,234,255,255,200,255,160,14,4,10,8,22,10,14,16,6,18,26,255,255,144,110,255,255,255,255,255,255,255,255,238,255,180,255,255,150,255,255,255,255,58,138,132,22,44,24,26,22,8,20,18,6,18,16,10,14,70,146,110,142,214,255,255,255,84,28,12,10,12,2,8,8,6,6,4,10,6,10,14,6,6,16,10,22,6,14,6,2,6,2,10,6,4,10,8,10,72,52,32,18,12,26,32,12,2,28,30,228,255,216,255,255,255,106,255,255,255,255,255,255,255,255,88,36,38,32,8,34,22,18,4,16,12,36,26,6,4,6,20,10,20,14,2,4,4,4,0,0,4,6,4,22,28,24,18,255,255,255,255,10,255,255,255,255,46,32,8,16,20,18,6,10,6,6,14,6,14,16,6,10,8,6,6,10,22,46,255,255,255,255,255,178,255,84,18,8,22,24,14,30,76,255,255,94,255,255,32,16,255,255,210,255,255,20,26,255,255,255,255,255,200,10,22,32,40,32,28,62,255,255,158,194,18,208,255,255,255,255,255,255,255,255,255,255,255,255,255,44,255,255,246,255,100
152,255,255,58,255,255,255,255,48,255,255,255,255,255,172,126,50,40,26,12,18,50,32,216,255,255,255,255,54,255,255,255,255,255,76,6,14,14,14,10,18,18,14,18,4,10,4,12,18,26,8,166,255,134,255,255,255,255,255,82,10,8,8,14,18,20,8,8,8,12,14,16,10,8,18,40,30,26,6,14,162,255,255,255,255,255,255,182,255,255,120,255,255,255,255,255,255,255,255,178,230,255,255,255,255,16,28,42,38,8,4,8,14,134,255,255,255,255,216,255,255,255,92,42,12,12,20,6,8,6,26,4,22,30,10,36,90,174,236,255,136,255,255,220,255,252,255,138,26,28,14,12,8,6,8,16,4,30,44,255,255,255,255,255,255,184,255,255,255,254,255,255,255,132,172,255,255,255,255,68,255,255,255,255,255,208,250,216,64,164,255,255,92,255,255,255,28,18,6,12,10,4,2,8,12,6,8,6,4,6,8,8,12,14,8,10,18,4,26,88,88,164,146,174,168,234,255,255,255,255,255,78,136,255,64,255,92,255,40,255,255,118,255,102,130,255,255,255,255,216,56,255,255,255,255,62,255,255,255,255,255,255,255,255,228,60,16,16,6,26,12,24,20,22,26,34,74,255,255,244,228,255,255,142,255,255,255,255,216,255,255,255,58,255,42,255,122,252,222,48,32,26,14,22,16,26,20,14,26,20,24,28,24,22,32,255,255,255,154,94,255,142,255,138,56,10,10,16,8,8,2,8,6,6,6,6,14,14,8,6,18,8,14,6,12,10,4,4,10,10,6,12,18,44,255,255,255,220,6,14,10,2,20,14,6,16,62,255,255,255,255,255,255,120,66,96,255,255,255,255,255,255,255,222,60,44,26,10,12,6,22,20,10,26,14,4,8,12,6,6,4,10,10,8,4,6,4,2,4,6,16,12,14,8,80,255,104,255,228,224,255,68,255,104,16,8,16,10,10,4,8,4,4,22,6,10,10,24,20,4,16,6,16,18,20,80,255,152,250,122,255,160,230,24,28,14,10,14,26,6,255,255,255,255,255,236,20,202,255,255,255,255,255,255,255,255,255,255,255,255,46,34,58,62,36,90,255,255,130,255,100,255,255,66,255,255,255,255,255,124,255,255,255,255,255,174,255,255,255,255,255,45
227,255,255,255,132,180,255,255,255,255,255,74,255,255,255,255,156,48,22,32,30,134,255,255,255,255,140,218,255,255,255,255,134,18,4,40,38,34,36,18,22,6,16,8,2,8,10,12,8,16,40,255,255,255,94,226,255,255,154,20,10,20,4,4,4,26,28,38,4,12,14,8,10,10,30,28,6,52,186,255,255,255,146,255,255,255,255,255,232,255,255,255,112,255,134,212,232,255,255,255,255,255,122,255,255,255,255,255,150,38,36,20,14,134,255,255,42,255,255,255,255,114,30,28,6,14,8,20,16,22,40,24,40,90,112,84,138,255,212,255,244,178,255,255,255,114,24,30,22,4,18,16,8,2,10,12,22,6,32,255,255,218,104,255,255,255,255,255,255,94,255,255,255,250,255,255,255,212,255,255,255,255,255,255,255,174,30,28,26,255,255,255,38,255,255,255,34,30,12,14,20,2,2,4,10,8,8,8,8,4,6,6,8,8,2,8,8,16,22,255,255,255,255,120,184,118,255,152,222,255,80,118,232,210,255,255,194,255,198,242,208,102,255,96,120,248,94,68,16,16,255,255,255,255,255,255,255,255,224,174,38,250,255,255,116,28,34,14,12,16,12,24,22,12,32,248,255,255,255,122,178,255,255,255,255,255,255,255,255,255,188,255,255,255,255,255,102,14,16,36,30,30,22,12,18,16,14,18,10,6,14,20,26,20,58,255,255,255,255,236,255,255,255,146,44,22,14,6,10,2,4,6,2,6,10,10,14,4,6,4,12,10,10,2,6,4,6,6,10,4,12,6,60,255,255,255,255,255,48,4,24,32,18,16,22,6,22,82,255,255,255,255,255,255,255,255,144,18,240,255,255,255,255,255,255,255,180,44,42,24,16,14,22,18,8,10,20,14,18,4,10,6,10,12,14,12,14,10,16,18,28,14,18,20,22,255,255,255,255,18,255,255,255,255,18,12,14,26,22,8,6,6,8,20,10,14,16,18,20,20,4,22,14,16,14,8,152,200,184,170,242,82,240,106,14,28,20,2,22,16,68,255,255,124,255,255,134,220,255,255,182,255,255,255,255,255,128,255,255,255,110,255,255,255,196,120,194,190,255,14,255,255,112,255,255,36,230,255,255,255,156,255,255,156,255,255,255,255,230,255,255,67
96,96,255,255,255,255,255,230,32,196,214,240,255,255,255,255,255,16,28,58,255,255,255,255,255,188,255,255,255,255,214,34,20,24,42,92,154,168,142,60,4,24,8,6,2,8,18,16,12,30,50,255,192,255,255,255,248,255,255,188,48,16,12,86,134,160,92,30,30,20,22,20,20,54,106,182,206,255,255,255,255,255,255,255,255,255,255,255,255,255,232,255,255,255,255,190,188,255,20,176,255,255,255,255,255,255,255,255,255,255,255,88,30,146,255,255,255,255,228,56,54,24,8,14,12,4,10,20,14,22,28,216,226,196,222,255,60,255,104,96,254,255,210,244,142,8,12,6,8,28,6,16,20,12,6,18,24,8,46,255,255,255,255,255,206,200,186,180,166,190,255,255,255,255,255,255,255,255,238,255,255,255,226,82,90,40,20,22,32,255,255,255,42,255,255,184,30,42,10,22,22,0,4,4,8,8,4,6,6,6,6,4,8,8,6,8,10,6,32,255,255,255,255,24,218,170,255,255,255,255,255,255,210,255,252,254,4,255,74,255,255,234,255,218,240,255,255,44,16,255,255,255,255,255,255,255,255,166,244,28,122,255,255,255,6,22,14,26,18,16,10,14,12,12,56,255,255,226,242,160,255,255,66,255,255,198,255,255,230,255,170,62,204,255,254,96,36,16,8,22,26,28,10,8,22,14,12,12,18,8,18,26,12,16,62,255,255,142,255,255,232,232,230,90,18,16,12,4,12,8,2,6,4,0,8,6,6,14,12,10,6,4,4,0,6,6,4,8,12,2,20,8,255,255,255,226,255,255,216,20,18,4,18,14,20,6,16,42,142,255,255,136,255,255,255,255,255,255,228,56,66,212,255,255,160,255,255,255,255,134,42,42,18,12,14,14,2,26,24,6,16,2,10,18,14,8,14,12,10,20,6,48,18,8,20,54,255,232,255,255,150,255,94,255,158,10,24,12,16,12,14,14,8,12,4,16,6,12,16,16,14,18,6,4,16,26,42,254,76,255,8,240,84,166,20,24,32,14,10,28,10,255,255,255,255,255,255,255,255,255,106,142,106,198,255,255,255,255,255,255,108,104,70,146,144,68,222,255,48,255,208,254,255,206,18,16,12,104,255,255,255,255,150,255,255,255,255,76,34,98,255,181
189,255,255,255,138,22,48,108,255,255,255,184,255,255,120,255,255,86,255,255,255,255,255,172,196,255,255,255,110,214,255,255,255,255,255,255,255,255,255,130,20,20,6,8,10,14,14,8,22,28,254,255,158,70,108,255,220,255,255,255,255,58,30,255,255,255,255,255,255,255,220,255,255,255,255,255,255,255,255,255,255,255,176,255,255,112,255,255,255,255,255,255,232,255,255,255,255,255,20,28,28,126,255,255,255,255,255,178,255,255,255,255,255,146,88,255,255,180,22,16,18,16,32,10,24,24,16,24,4,14,255,255,255,255,180,222,255,255,140,255,255,255,30,26,34,20,20,16,12,14,24,22,12,26,10,4,10,8,44,80,255,255,196,255,255,255,255,255,236,194,206,255,12,255,255,255,255,230,202,230,236,148,14,16,12,32,10,34,6,255,255,255,136,255,255,124,28,40,32,10,6,0,4,4,4,6,6,2,6,10,6,2,4,6,8,14,8,16,32,255,255,255,255,118,222,168,116,226,255,255,80,255,52,255,196,254,86,214,255,120,102,162,202,68,202,255,255,14,142,255,255,255,255,255,255,255,212,255,186,255,255,255,132,18,10,14,14,10,22,14,18,12,18,16,142,255,255,255,84,56,255,255,255,4,255,255,255,255,252,255,160,32,42,52,48,14,30,16,8,22,12,22,20,20,32,44,26,14,152,158,68,36,4,12,36,190,255,255,255,255,204,36,38,8,22,18,8,8,8,14,4,6,8,4,4,6,6,8,4,8,4,8,6,6,4,8,10,4,14,6,20,6,255,255,208,68,208,255,255,26,20,18,16,20,24,10,10,16,134,255,255,255,255,154,255,255,255,255,255,255,255,138,255,255,255,255,184,126,255,255,255,250,82,40,38,10,24,6,20,18,6,2,10,18,16,16,24,4,20,20,38,14,44,8,20,24,230,255,255,255,255,255,255,255,255,22,22,18,20,20,10,4,0,4,10,10,18,22,18,6,14,16,26,18,10,24,14,128,255,114,228,166,118,255,136,26,22,24,28,22,16,96,255,255,124,255,255,222,120,255,255,255,255,255,255,255,255,255,255,134,188,242,132,12,146,186,196,238,60,255,255,255,126,18,16,16,28,10,40,255,255,255,255,255,255,255,26,10,24,16,54,228
222,48,32,64,148,255,226,255,255,104,180,62,86,255,255,255,92,255,255,255,255,148,34,42,248,255,255,255,255,255,255,255,255,255,255,255,255,255,255,118,18,6,8,6,18,14,10,8,20,244,255,255,255,255,255,255,255,255,255,255,255,255,170,255,255,220,255,255,255,255,188,255,230,204,186,255,255,255,255,255,102,255,255,255,255,255,255,160,244,255,138,152,255,255,255,255,156,38,16,18,20,14,66,232,255,255,255,255,255,255,126,255,255,255,255,255,255,94,16,10,24,22,30,12,24,14,22,4,12,20,255,255,152,255,216,255,18,255,255,194,130,40,12,12,20,14,22,16,8,16,10,8,10,22,22,30,36,38,110,242,210,116,255,255,58,240,68,158,60,240,250,255,255,255,255,72,64,18,18,28,42,28,12,16,30,38,20,14,30,255,255,184,255,255,255,26,34,20,32,20,10,0,4,6,4,6,8,2,6,10,6,6,2,4,10,6,12,20,12,146,255,255,156,166,255,255,168,198,255,255,255,255,255,255,140,10,24,242,80,138,90,132,194,255,255,255,152,66,255,255,255,255,255,255,255,255,180,126,76,186,255,255,50,22,8,4,16,4,16,2,18,18,14,176,255,255,255,255,88,255,100,255,108,255,255,255,100,255,255,255,40,16,12,22,24,22,10,24,6,30,14,14,10,28,12,66,214,255,255,255,255,62,8,12,8,60,255,250,132,26,28,16,18,8,26,18,12,4,6,14,12,2,8,6,2,4,12,14,16,16,8,8,12,8,4,6,10,4,16,6,14,14,255,255,255,58,96,255,255,168,40,20,32,26,32,34,20,20,122,252,52,255,255,255,52,70,228,255,255,255,255,255,255,255,255,38,255,255,255,62,240,255,255,255,220,40,40,26,6,10,12,10,12,8,12,16,18,8,16,32,20,52,32,20,2,6,34,255,255,255,255,255,255,255,255,182,8,14,20,28,20,16,12,2,16,6,24,20,16,10,18,22,18,34,34,12,12,28,246,150,255,255,255,255,255,22,6,16,26,4,24,8,255,255,255,255,255,255,255,255,255,255,255,255,188,70,32,44,36,26,16,94,164,106,10,30,30,130,114,142,164,76,18,14,20,14,20,18,14,18,242,255,255,255,206,12,12,30,22,34,24,220
215,14,48,164,255,255,255,100,244,236,244,54,255,218,226,154,255,255,255,255,66,50,48,36,242,255,255,255,255,255,226,124,134,132,106,48,255,255,255,12,18,8,6,10,20,8,8,28,150,255,255,42,255,255,200,12,34,255,255,255,120,255,255,255,255,255,255,255,64,255,228,246,255,255,255,255,255,255,255,255,255,255,255,255,255,255,255,255,255,255,92,255,255,238,136,40,40,16,4,4,12,40,172,255,255,255,106,148,255,255,255,255,255,212,255,255,255,255,255,54,2,12,12,26,18,20,22,8,20,32,172,255,255,255,156,255,255,255,194,32,38,18,12,14,6,14,6,6,6,12,26,30,60,132,132,220,226,255,130,255,255,255,255,226,138,182,255,255,255,255,234,255,255,214,46,8,20,18,12,14,32,28,22,94,234,234,192,78,106,255,255,96,255,255,255,10,8,22,26,4,14,0,4,8,6,6,8,6,4,4,12,16,12,12,2,16,22,12,10,32,50,38,122,255,255,255,90,255,255,255,94,255,238,255,182,84,112,140,255,226,228,255,255,255,255,58,26,255,255,255,118,38,206,255,255,255,255,156,255,255,255,255,50,8,22,8,16,14,8,12,18,28,24,255,255,255,192,255,255,255,255,255,255,255,255,255,240,255,255,82,12,12,10,14,4,12,24,6,12,18,14,34,88,232,255,198,255,255,255,158,255,255,52,4,32,14,2,14,16,22,6,8,6,20,16,16,10,2,10,10,12,8,12,4,4,6,2,2,6,2,12,10,14,10,14,6,12,8,14,10,6,4,58,255,255,208,28,255,255,255,34,34,14,30,16,38,6,40,76,218,255,255,255,255,64,12,30,24,80,255,255,255,255,124,255,255,255,255,136,255,255,255,10,255,255,255,255,132,18,14,18,16,14,10,4,6,6,6,6,16,16,34,12,22,10,14,54,178,255,255,210,246,255,255,255,255,16,18,14,22,22,8,12,4,14,16,10,26,14,8,6,4,16,18,22,10,24,36,60,255,255,255,255,255,255,244,8,22,10,12,14,12,66,255,255,255,255,255,255,178,88,6,42,40,42,6,22,8,14,26,20,90,222,222,255,230,242,228,106,18,40,18,14,12,10,22,16,8,10,8,20,78,96,90,8,14,38,6,2,24,14,218
217,255,255,114,255,255,255,142,255,100,92,255,255,88,74,255,255,255,180,28,60,48,96,146,238,255,255,255,255,255,255,255,255,182,64,255,255,255,88,20,34,20,20,10,14,12,14,22,148,255,255,255,255,255,108,16,28,14,122,255,255,132,255,255,255,255,132,255,212,255,96,255,255,255,255,255,136,192,255,255,238,255,255,255,158,255,255,255,186,255,255,255,106,214,232,30,30,6,12,12,150,194,226,255,60,255,255,208,22,146,255,255,255,255,255,255,134,255,255,255,60,30,22,26,2,12,10,8,14,22,22,255,255,255,188,72,90,34,6,10,16,22,8,18,16,20,8,4,8,56,204,255,255,255,224,238,240,255,240,255,92,255,152,218,255,255,255,200,230,230,32,22,22,24,20,6,16,32,44,30,190,255,255,255,255,255,255,255,240,255,255,54,255,255,255,40,22,12,10,6,16,6,2,12,20,10,8,8,4,8,16,6,4,10,12,10,14,22,8,8,2,14,92,255,255,255,174,255,255,255,255,255,255,255,255,255,255,255,255,255,255,255,82,52,20,16,232,255,255,255,16,104,255,255,255,255,255,255,255,220,170,34,8,14,4,10,6,10,16,14,12,28,24,255,255,254,212,255,255,230,255,255,255,128,255,255,255,255,88,18,12,26,12,6,12,14,24,16,10,34,90,166,255,255,180,100,102,255,255,255,255,255,82,22,10,24,24,18,30,14,8,8,6,10,20,16,4,10,6,6,8,12,12,10,8,4,4,8,12,14,14,4,8,2,10,6,14,2,14,14,4,6,10,255,255,255,44,112,255,255,86,32,28,12,12,12,16,20,18,236,255,126,255,255,168,6,2,6,18,24,28,172,255,255,255,255,72,255,255,255,106,255,255,255,214,162,255,255,255,190,26,30,18,12,18,20,26,16,20,20,8,24,8,10,12,22,22,22,255,255,255,104,70,146,255,255,178,2,18,8,8,26,10,2,4,6,2,8,10,4,16,4,14,6,8,20,24,22,14,236,255,255,108,255,255,255,86,24,10,16,8,18,14,68,106,124,64,26,56,36,24,12,36,44,54,36,44,28,12,34,32,32,42,50,34,12,8,16,20,28,6,32,30,10,0,16,12,14,8,22,32,14,14,20,4,34,6,36,30,20,26,227
217,255,255,255,128,255,222,246,160,255,255,255,140,28,60,255,255,255,255,255,255,255,255,255,255,255,255,255,255,255,255,255,255,160,255,255,255,202,16,14,240,255,255,255,24,36,98,255,255,255,40,255,255,68,12,16,40,12,46,30,255,255,66,255,255,255,124,255,140,255,255,255,255,255,76,82,44,255,255,255,255,255,164,34,255,60,70,255,255,255,255,30,255,255,255,255,22,28,6,110,255,255,255,255,200,242,255,216,32,8,46,44,114,255,255,255,255,255,255,255,255,178,38,36,12,10,26,10,4,18,24,16,112,128,94,14,22,14,18,4,4,10,8,12,18,18,38,42,200,255,255,255,255,255,84,46,144,136,255,4,255,255,255,186,224,228,78,18,42,34,20,4,18,42,18,12,78,184,216,255,255,255,255,224,208,58,164,255,255,255,255,255,255,255,255,24,12,4,16,16,26,8,10,16,18,20,2,8,4,12,8,10,10,10,14,6,8,6,14,6,8,2,18,162,255,255,158,255,255,255,255,206,160,124,112,150,210,190,52,20,4,12,24,40,8,82,255,255,255,8,62,255,255,255,255,255,255,255,255,176,38,16,8,8,18,6,6,2,4,6,22,42,255,255,255,140,180,255,255,255,254,255,255,200,255,255,255,255,20,34,16,22,18,6,8,12,18,14,106,255,255,255,255,106,255,248,116,162,255,255,255,244,56,32,10,12,22,10,38,12,10,12,4,16,6,20,4,12,6,4,0,4,4,8,14,4,6,18,20,14,2,8,8,8,10,14,8,18,26,12,10,4,14,78,255,255,100,14,255,255,255,24,10,18,18,36,38,12,22,182,255,255,244,255,152,16,20,4,20,26,22,24,22,104,255,255,255,255,186,202,255,255,255,12,255,255,255,66,255,255,255,255,116,26,20,24,24,18,22,6,20,18,10,8,18,22,14,20,120,255,255,255,42,64,255,255,255,48,26,6,22,22,10,4,6,8,4,14,10,4,18,6,18,2,8,22,34,30,18,50,255,255,255,114,255,255,255,22,22,30,14,8,4,10,18,140,246,212,66,44,16,66,144,255,255,255,255,255,255,255,255,148,34,32,26,0,18,4,8,12,18,4,6,10,2,20,4,14,8,24,34,8,20,14,10,20,20,16,14,16,26,222
198,255,182,255,255,40,255,248,32,28,44,14,16,12,10,240,255,255,255,255,255,255,255,255,255,255,238,128,80,70,255,255,255,52,255,255,255,8,142,255,255,255,255,255,255,36,154,255,255,255,255,255,222,60,22,28,10,20,34,50,22,255,255,255,255,255,255,255,255,255,255,255,255,66,26,202,255,255,255,255,255,186,228,255,204,192,255,254,144,226,172,255,255,68,255,252,80,255,255,255,255,255,255,255,255,255,255,192,8,24,28,24,8,50,78,22,255,255,255,230,255,255,255,255,140,8,10,10,12,6,12,8,28,18,0,10,22,10,4,2,4,8,6,6,4,12,8,54,204,255,255,28,255,255,255,244,210,255,255,255,234,246,212,44,30,30,16,8,24,58,52,40,20,176,212,182,255,255,255,255,255,255,255,255,236,182,156,255,192,255,255,255,255,255,180,28,16,8,22,16,22,12,12,20,12,14,6,8,4,8,0,12,4,16,12,8,10,0,8,6,4,2,8,38,204,184,140,62,72,64,42,20,16,10,26,36,36,36,12,12,18,4,34,10,10,255,255,255,128,18,255,255,255,156,116,255,255,255,255,162,24,8,10,4,8,12,8,12,6,2,34,255,255,255,238,80,154,255,255,255,255,255,88,255,255,255,255,102,8,14,10,18,14,14,10,56,150,142,136,255,130,255,255,208,255,255,122,255,160,166,40,14,10,0,6,10,16,28,8,34,12,12,8,18,22,24,8,10,6,10,10,14,14,2,10,18,12,10,20,8,6,18,28,16,14,20,12,12,12,12,20,12,12,34,255,255,255,46,124,255,255,62,12,6,22,24,22,28,26,112,255,255,255,234,194,78,32,6,24,8,22,14,12,12,32,36,136,255,255,255,255,108,255,255,255,255,134,255,255,255,255,255,255,255,255,64,50,28,32,26,26,18,16,4,16,12,18,12,20,255,255,255,72,74,106,255,255,255,6,26,10,16,12,4,10,8,8,10,2,8,10,2,12,12,8,6,10,18,26,22,178,255,255,228,255,255,255,116,6,26,22,12,8,6,10,255,255,255,255,255,255,255,255,255,255,255,255,255,255,255,255,255,255,102,20,22,16,16,6,8,12,10,14,14,10,26,14,6,40,36,62,38,8,14,4,18,10,2,14,12,12,218
218,156,255,184,255,188,70,38,28,18,2,16,6,28,2,6,120,204,226,164,86,54,36,14,34,60,72,34,12,170,255,255,238,255,255,255,24,255,255,255,255,255,255,255,255,6,124,255,255,255,255,255,56,20,16,34,16,22,10,18,24,40,255,255,255,255,255,255,255,255,255,64,4,130,255,255,255,255,244,198,198,212,182,255,255,106,226,116,255,255,255,255,156,255,255,192,84,255,255,170,230,156,255,255,255,150,88,20,8,10,14,4,12,26,22,26,34,255,255,255,255,174,255,255,255,255,90,8,14,8,8,10,20,10,10,18,2,10,4,10,18,20,16,18,12,14,8,30,248,255,255,255,255,255,148,182,172,252,255,146,32,38,4,10,18,36,28,8,42,206,255,255,248,255,255,255,255,114,76,86,250,255,255,255,120,255,255,236,255,72,255,255,255,255,130,18,18,2,6,2,8,18,6,18,14,12,8,2,8,6,2,14,6,16,12,8,10,4,6,8,2,4,0,6,6,26,14,24,18,12,14,6,8,0,16,12,10,10,12,16,8,34,34,12,255,255,255,255,56,176,255,255,255,16,42,26,52,158,164,84,26,18,10,12,24,20,12,16,12,16,50,255,255,214,62,60,214,255,255,242,255,255,232,255,166,255,255,24,2,12,14,28,18,18,6,230,255,255,226,255,255,172,134,255,255,210,255,255,30,24,8,8,22,22,20,16,40,44,6,6,16,6,8,4,14,10,8,8,10,14,10,12,16,12,6,10,10,6,32,16,12,36,14,24,16,10,4,2,6,12,12,4,16,20,194,255,255,74,38,255,255,230,18,24,8,24,16,34,24,74,222,104,255,255,255,106,36,4,28,12,12,10,12,12,10,16,16,36,32,216,255,255,255,255,62,255,255,255,255,255,255,255,255,255,255,255,255,228,32,38,38,10,44,28,18,8,10,12,18,90,255,255,255,30,60,255,255,255,50,22,12,12,10,4,10,6,6,12,6,6,6,8,12,8,4,8,14,14,20,20,30,255,255,255,40,255,255,255,14,12,12,22,10,16,26,255,255,255,255,255,255,255,255,46,194,255,255,255,255,255,94,255,255,255,186,24,32,28,8,10,12,2,12,12,6,14,12,18,36,8,34,34,24,6,12,8,4,6,12,10,6,217
140,108,184,210,180,208,60,40,36,62,52,8,20,18,16,18,16,20,94,118,68,12,8,26,24,22,8,34,72,255,255,255,255,255,255,152,255,255,255,255,38,255,255,255,255,28,32,255,255,255,255,28,14,10,14,26,26,12,18,24,12,52,255,255,255,255,255,255,208,4,58,62,255,255,255,255,255,98,255,202,255,226,168,220,200,180,255,255,206,130,255,255,255,182,148,226,228,176,255,102,94,255,255,255,176,8,28,6,20,18,12,18,12,6,22,18,20,8,138,255,255,255,255,254,255,255,255,80,6,6,2,14,34,28,18,18,10,10,6,14,12,4,8,8,12,24,14,4,26,255,255,255,164,148,42,20,38,38,54,24,20,8,10,20,16,148,255,254,168,255,255,255,255,255,170,255,255,170,42,200,255,255,255,120,244,164,246,44,255,255,255,255,255,255,94,12,24,10,8,12,4,24,4,12,12,8,16,8,10,4,4,12,4,14,10,8,6,6,2,8,6,2,6,12,22,24,20,6,24,16,10,18,2,10,14,14,8,10,10,8,36,28,10,122,255,255,255,48,98,255,255,255,46,18,42,24,28,24,44,38,28,14,10,10,16,26,10,18,20,8,20,255,255,255,255,228,255,188,255,255,255,60,255,255,255,255,68,18,20,32,22,62,216,226,214,208,255,80,255,255,116,255,255,128,255,255,248,100,10,12,10,6,18,18,44,50,222,230,186,30,12,10,10,18,16,6,10,2,8,4,0,4,8,8,12,10,10,20,46,10,26,22,12,18,20,4,8,6,4,4,6,12,2,24,32,255,255,255,44,222,255,255,28,26,12,12,8,14,10,34,210,255,255,255,255,116,18,6,30,18,6,4,12,10,12,8,16,26,12,20,30,66,255,255,255,255,188,255,255,255,124,46,158,255,255,255,255,255,255,255,160,10,34,20,18,16,16,12,14,8,255,255,255,70,42,60,255,255,255,12,30,24,18,8,8,4,2,10,8,6,4,8,14,8,6,10,10,4,2,26,24,126,255,255,255,210,255,255,194,18,20,22,14,16,16,255,255,255,255,255,255,255,255,255,255,255,255,255,255,255,255,255,255,255,255,144,14,8,2,0,8,8,18,14,10,8,6,12,46,28,46,32,18,6,10,4,18,22,34,24,8,217
204,112,238,255,254,255,255,216,140,46,56,12,10,12,10,14,14,210,255,255,255,164,30,26,4,6,10,36,255,255,255,170,255,255,255,255,255,255,112,255,255,255,255,255,108,255,255,255,255,218,222,6,8,6,12,20,34,14,18,18,8,255,255,255,255,255,255,72,68,52,44,255,255,255,255,114,255,152,86,46,82,112,254,202,255,255,255,255,162,210,255,255,182,255,255,238,84,36,136,255,255,255,84,16,26,8,24,10,12,10,22,16,10,12,12,16,6,26,12,24,84,255,255,255,255,255,255,255,12,6,12,22,26,18,12,6,6,8,4,12,18,20,26,18,10,18,4,2,12,22,48,42,22,8,26,10,8,18,8,34,44,180,255,255,194,255,255,255,92,255,40,104,86,255,255,255,255,255,224,255,118,255,255,255,242,212,255,255,255,255,255,255,255,255,36,48,14,18,10,14,6,20,12,2,4,2,10,8,6,2,4,8,2,12,4,6,2,6,4,4,10,4,8,10,16,8,6,14,10,10,14,24,6,16,6,6,12,18,12,20,52,8,24,255,255,255,72,82,255,255,255,130,2,30,8,6,14,14,34,36,20,12,12,4,14,24,18,14,12,22,20,56,220,255,255,255,255,255,144,255,255,255,255,94,255,255,26,38,40,46,50,196,255,190,255,154,255,255,156,255,255,206,182,84,36,30,18,14,14,14,16,24,48,72,198,226,255,255,255,58,38,22,4,14,16,6,4,4,6,12,12,14,12,6,10,12,22,26,32,24,14,18,14,24,20,10,22,28,24,18,12,12,24,26,52,216,255,255,88,54,255,255,166,14,20,16,16,24,8,40,238,255,255,255,255,142,38,20,38,20,8,2,12,6,20,18,10,8,6,32,30,4,52,32,170,255,255,255,255,255,255,255,234,22,94,222,255,255,255,255,255,255,255,102,22,48,20,2,14,28,74,255,255,255,28,68,255,255,255,96,22,24,16,6,2,4,8,2,2,2,8,12,6,2,0,4,6,6,18,20,22,16,255,255,255,26,255,255,255,66,30,26,2,26,24,60,255,255,255,255,255,255,255,255,200,88,28,12,22,110,255,255,255,255,255,255,2,18,12,10,10,14,22,16,18,18,8,4,28,14,36,22,12,6,10,14,20,14,34,32,10,217
192,255,255,252,134,98,255,255,136,102,52,14,16,18,16,20,104,255,255,255,255,255,160,40,16,26,16,168,255,255,186,255,255,255,255,255,212,244,255,255,255,255,88,102,190,146,128,255,255,255,34,12,20,14,10,6,22,34,2,24,255,255,255,255,255,255,114,10,38,56,255,255,255,172,255,255,255,255,214,255,255,255,164,234,255,188,228,255,158,255,255,146,255,255,255,255,50,142,255,255,255,168,4,4,12,10,18,14,16,20,6,12,14,4,18,20,12,2,26,10,24,24,8,255,255,255,255,255,30,24,16,32,20,24,6,12,8,6,12,10,4,10,12,14,28,14,6,10,4,14,6,6,20,8,12,12,8,14,12,36,160,255,255,255,255,255,246,255,255,255,226,82,255,208,150,255,82,255,208,255,255,255,255,255,44,54,136,82,255,255,102,255,255,255,56,48,28,10,12,16,2,14,14,8,4,4,2,2,4,4,8,6,4,12,4,10,6,2,6,2,10,10,6,12,6,12,12,10,12,18,6,20,18,16,10,10,10,12,10,18,28,20,255,255,255,192,44,255,255,255,244,10,32,20,8,12,20,10,18,14,16,8,8,10,26,24,20,20,30,12,12,18,28,30,82,156,255,255,255,255,40,255,255,255,255,50,16,66,114,210,206,255,218,56,255,255,255,218,255,255,255,14,34,40,20,20,8,6,6,14,12,132,255,255,248,132,255,160,255,160,84,24,12,12,10,6,4,8,14,10,6,8,6,10,14,16,30,16,14,10,16,4,66,76,46,8,18,36,42,30,8,24,4,20,18,28,255,255,198,26,255,255,255,36,22,10,18,32,28,20,252,255,136,255,242,88,24,16,32,12,10,2,10,6,12,6,14,16,4,18,16,18,12,24,8,30,26,176,255,255,255,255,255,255,255,104,86,102,255,255,255,255,255,255,255,255,86,2,4,14,14,250,255,255,158,36,86,255,255,255,12,8,4,8,2,6,8,4,4,4,6,14,8,10,8,8,8,8,20,20,16,8,74,255,255,255,156,255,255,255,14,32,14,24,6,22,255,255,255,255,216,10,22,12,44,46,8,40,24,6,38,255,255,255,255,255,152,24,4,8,6,12,18,10,16,22,8,14,26,8,26,14,6,4,4,18,28,18,20,20,12,218
136,236,248,255,255,255,255,255,232,50,18,24,22,18,84,198,220,255,255,142,255,255,160,72,16,24,82,255,255,255,22,255,255,255,255,132,255,255,255,255,160,42,255,255,255,74,255,255,255,255,30,14,18,28,34,38,44,0,18,255,255,255,255,255,204,22,60,255,255,255,255,255,168,255,255,62,255,255,218,194,52,72,202,204,240,255,255,255,96,255,255,255,255,255,255,255,240,222,188,22,20,10,8,14,8,6,10,14,16,18,12,10,4,14,10,10,12,6,14,14,30,26,6,40,255,255,246,255,255,38,18,36,28,18,12,20,20,14,6,8,14,16,16,30,28,16,6,20,14,18,24,14,22,20,14,16,16,4,6,30,150,255,255,204,255,94,255,255,255,98,255,148,152,252,255,255,255,255,255,255,240,255,255,255,255,255,255,238,255,255,70,255,255,238,42,32,30,16,2,16,10,8,8,10,10,10,12,8,12,8,12,6,8,12,6,12,8,8,8,8,4,10,2,12,8,10,6,18,16,8,0,10,10,0,16,6,4,16,16,24,12,174,255,255,255,66,84,255,255,255,6,28,12,6,10,22,8,8,4,8,12,6,2,16,14,20,8,10,8,16,8,10,12,14,28,216,255,126,255,255,255,255,36,255,255,70,70,255,255,255,255,255,112,28,224,90,255,102,255,255,150,6,8,12,12,20,6,6,16,14,18,140,255,255,255,255,142,246,255,156,82,16,8,10,4,6,12,12,8,10,8,10,8,6,10,26,10,4,8,24,142,255,255,255,255,255,255,255,212,118,42,12,50,46,60,60,255,255,255,40,78,255,255,106,32,20,6,6,2,22,255,255,174,255,255,246,76,4,18,4,16,6,4,12,0,18,18,6,14,8,12,12,14,6,6,28,26,12,26,38,232,255,255,255,255,255,255,255,114,20,146,255,255,255,255,255,255,255,82,12,26,50,255,255,255,82,64,255,255,255,156,6,6,12,6,6,10,12,8,4,10,14,2,12,10,8,6,12,4,24,16,14,16,255,255,255,182,255,255,255,100,22,28,10,14,14,64,255,255,255,100,20,22,12,34,32,54,36,28,20,34,90,255,255,255,255,255,48,10,12,4,6,10,4,22,14,26,28,38,18,26,8,8,14,14,4,18,24,14,12,16,216
229,255,255,255,130,202,230,178,38,8,6,12,26,18,255,255,255,124,255,255,255,255,212,58,18,38,255,255,255,66,74,22,88,60,255,255,255,255,224,22,8,18,255,255,255,255,255,228,238,10,22,6,18,30,26,2,28,170,255,255,255,255,78,30,18,224,255,255,255,255,255,255,255,255,255,255,255,255,166,255,255,230,255,255,226,255,255,216,246,255,255,234,106,255,255,255,255,144,10,10,8,8,6,4,8,4,6,10,26,8,18,8,14,12,18,8,12,2,10,8,18,14,34,34,126,255,255,255,255,255,20,16,8,16,12,16,12,14,12,6,12,12,2,14,22,14,8,8,20,14,14,14,12,16,38,12,14,14,14,10,58,255,255,255,255,255,255,154,255,116,255,255,170,255,255,255,255,255,255,255,255,255,255,255,255,255,255,255,255,255,150,255,255,92,20,22,20,4,8,4,10,2,4,6,2,4,10,12,18,8,12,12,4,10,16,8,16,10,12,12,2,12,4,6,12,8,4,14,16,8,2,8,10,2,14,6,12,18,24,16,76,255,255,255,92,14,255,255,255,82,20,14,16,12,12,4,14,2,2,8,8,6,4,22,28,26,10,8,2,6,8,6,32,32,44,255,255,255,255,22,255,255,255,255,70,164,228,224,244,62,62,144,255,214,255,255,255,130,42,42,10,32,10,10,32,8,18,16,6,26,30,136,255,240,222,252,255,255,255,140,38,8,8,4,12,10,4,4,8,8,4,4,8,6,8,16,32,8,8,182,255,255,255,255,255,255,255,255,255,255,255,255,255,255,186,152,92,255,255,70,38,255,255,255,32,8,22,26,12,32,255,255,224,162,255,204,90,12,18,22,10,14,4,4,10,12,2,14,8,16,20,10,6,8,14,18,14,24,30,18,34,32,80,255,255,255,255,255,255,255,255,72,24,255,255,255,72,255,255,22,30,8,198,255,255,255,68,18,255,255,255,38,28,22,10,6,20,4,10,8,10,8,4,8,12,14,4,8,10,16,36,2,32,62,255,255,255,16,255,255,255,12,4,18,14,16,34,6,16,4,38,36,10,8,16,34,36,6,20,6,20,44,255,255,174,255,255,58,8,6,14,22,20,6,18,4,24,16,28,28,14,8,14,16,12,18,14,16,6,4,6,213
216,255,255,255,18,40,60,40,16,14,12,8,16,56,255,255,250,255,255,192,255,164,22,24,34,255,255,255,130,64,58,70,255,255,255,255,255,42,24,6,18,176,255,255,250,212,255,255,38,42,10,12,24,24,8,88,255,255,255,255,255,136,38,112,255,255,255,255,255,255,255,255,255,255,255,255,92,255,255,255,255,156,172,74,255,230,84,48,255,255,226,112,238,255,255,140,28,20,18,4,6,12,20,6,6,12,12,10,20,22,2,12,20,28,22,14,14,20,10,10,12,12,66,255,255,255,255,255,255,255,10,6,6,28,24,36,20,10,12,10,8,10,2,14,12,6,12,22,14,6,6,4,20,16,12,32,18,22,8,14,22,255,255,196,255,242,255,238,255,90,255,228,255,255,255,255,255,255,255,255,255,255,126,48,28,10,40,255,255,216,255,255,255,36,20,10,18,6,2,10,26,22,22,4,10,22,44,46,18,16,30,30,14,16,6,22,18,20,2,18,12,18,10,20,8,16,4,14,12,4,20,24,14,8,14,22,14,2,28,2,255,255,255,122,40,255,255,255,200,16,6,12,6,16,10,2,4,8,10,14,6,6,10,16,4,8,10,14,10,12,8,18,46,16,206,255,52,255,255,255,255,74,255,84,255,186,194,58,180,255,255,255,255,230,255,255,134,18,22,20,32,16,30,20,4,28,2,8,12,18,22,18,255,255,255,255,255,72,12,10,6,6,22,18,14,12,12,8,4,16,14,10,12,8,6,16,24,14,44,255,255,255,30,36,80,110,168,255,255,255,255,255,255,255,255,255,255,255,255,90,58,136,255,255,86,30,10,34,20,36,146,255,255,255,255,255,80,6,20,26,12,12,12,12,10,8,14,12,14,10,10,12,6,14,6,10,12,6,8,12,36,38,20,20,28,172,255,255,255,255,255,255,255,255,255,255,255,142,255,58,34,28,10,255,255,255,56,56,180,255,255,184,20,30,10,16,18,12,2,2,6,10,2,6,8,8,14,18,10,4,22,20,20,2,180,255,255,255,255,255,255,182,20,2,8,6,24,6,20,4,20,18,8,14,6,12,6,12,18,10,18,255,255,255,255,255,255,36,14,12,14,22,24,8,14,2,18,18,10,12,18,18,6,14,6,14,10,12,6,12,116,216
213,90,82,86,6,28,8,16,30,12,38,68,255,255,134,255,255,252,255,255,255,226,48,18,244,255,255,236,32,20,252,255,255,255,255,134,30,34,8,8,255,255,255,128,80,255,255,255,22,42,32,34,20,92,255,255,255,255,255,255,74,102,255,255,255,255,255,202,10,60,255,255,20,255,255,146,212,255,255,166,255,240,255,255,255,110,28,8,98,255,255,255,255,255,86,28,20,14,14,20,16,14,16,16,10,12,18,18,8,12,18,42,54,56,50,26,18,22,22,4,16,16,255,255,255,254,212,255,255,255,12,30,32,42,12,12,8,6,8,6,8,4,16,26,10,8,6,8,14,2,12,6,12,12,10,10,20,8,22,12,56,136,255,190,255,216,255,134,255,255,255,255,255,255,255,255,255,220,236,172,84,74,12,22,10,12,92,255,255,100,255,255,255,46,16,6,16,12,18,16,250,255,255,255,240,246,255,255,182,46,156,174,110,22,38,50,38,18,20,6,20,6,24,16,24,12,12,12,24,10,16,10,12,4,12,14,8,10,4,238,255,255,254,16,202,255,255,255,8,18,4,10,10,12,4,10,6,4,6,10,10,14,14,10,4,6,6,16,12,4,14,22,28,10,255,255,255,255,34,255,255,255,255,255,255,255,134,170,116,118,255,206,112,60,24,22,16,8,8,26,6,182,255,255,255,190,38,10,18,6,24,2,255,255,255,60,56,24,16,10,14,20,2,12,8,14,30,26,6,26,4,16,14,18,2,8,12,20,66,255,255,255,255,255,255,255,255,202,134,88,12,126,208,255,255,255,255,255,255,64,34,22,255,255,255,28,18,14,8,8,16,94,134,108,44,42,20,20,6,12,22,14,10,26,2,10,16,12,10,4,12,8,6,12,0,8,4,10,12,8,2,6,24,32,18,4,28,32,178,255,255,255,255,255,255,255,255,186,255,58,8,54,6,114,255,255,244,28,68,255,255,255,50,12,24,28,22,8,12,16,6,14,6,8,10,12,22,16,24,20,10,24,40,24,10,255,255,255,255,255,255,255,36,12,6,6,8,26,16,14,24,18,22,8,6,4,10,10,14,94,255,255,255,228,255,255,156,18,10,20,16,12,16,16,18,10,14,4,16,24,18,4,2,8,12,8,8,8,8,152,255,160
219,8,12,12,18,24,34,10,14,24,74,210,255,255,255,255,255,255,238,255,255,255,255,64,255,255,255,56,146,255,255,255,255,190,8,16,32,40,28,22,255,255,178,158,214,255,136,16,40,20,26,28,226,255,255,255,255,255,68,14,255,255,255,255,255,255,255,255,144,52,32,255,255,255,255,186,255,255,255,240,255,255,255,176,84,10,8,14,12,114,255,255,255,130,6,6,20,26,2,12,4,12,10,4,4,6,14,4,10,10,2,76,230,254,236,126,40,38,12,24,8,122,255,255,255,255,255,255,255,255,22,22,12,34,6,4,8,12,18,14,10,2,10,14,12,22,10,12,4,6,8,4,14,16,12,6,6,108,255,255,255,255,255,106,156,255,122,255,80,255,148,255,255,106,110,102,50,60,20,12,24,16,8,20,2,28,162,255,255,22,255,255,255,42,10,16,20,6,14,2,255,255,255,255,255,255,255,255,255,255,255,255,255,255,255,255,255,96,80,82,12,16,8,14,10,2,16,14,6,20,8,14,14,4,16,4,8,24,126,255,255,255,8,116,255,255,255,40,6,20,10,10,20,12,12,4,12,8,8,8,8,8,4,8,6,10,6,14,10,2,6,16,26,226,255,255,255,255,255,255,100,255,255,255,255,255,116,176,224,214,106,38,44,10,12,16,18,22,24,46,108,255,255,250,132,255,250,8,16,20,12,10,44,42,38,20,26,6,36,32,10,56,60,48,28,20,18,16,16,22,32,14,12,18,12,8,24,8,54,236,255,255,255,255,255,255,255,255,255,255,255,255,255,240,168,96,38,68,56,20,44,48,146,255,255,255,104,26,2,16,6,18,28,24,20,10,18,6,34,28,14,10,10,14,18,0,10,8,4,4,18,8,4,12,0,6,2,6,4,8,14,18,6,8,18,28,40,26,12,22,50,226,255,255,255,162,255,255,255,36,10,34,44,36,255,255,255,74,100,255,255,255,255,14,22,30,12,14,2,8,14,22,12,6,4,6,8,4,22,22,24,10,44,38,38,142,255,255,255,255,255,255,160,8,10,16,16,4,26,8,30,18,20,2,2,2,4,4,0,140,255,255,134,255,255,255,38,14,10,20,22,14,2,6,8,16,16,10,10,6,4,6,6,6,6,24,24,18,236,255,255,63
210,6,20,20,8,24,20,16,88,255,255,110,255,255,255,255,222,142,255,255,178,255,255,128,255,255,255,255,255,255,255,242,22,44,32,22,12,52,62,56,255,255,255,255,255,255,40,28,12,38,144,255,255,255,255,255,148,36,212,255,255,255,255,255,255,255,255,255,132,40,46,224,255,108,255,208,96,186,255,255,255,255,64,50,18,10,10,2,24,10,24,66,56,20,18,22,20,26,6,12,8,12,12,12,2,8,8,8,8,6,238,255,255,255,255,255,255,255,38,24,40,255,255,64,255,255,255,255,184,36,20,16,26,28,2,6,10,14,10,12,12,4,10,20,12,20,10,16,6,12,2,12,12,14,12,10,8,114,255,255,255,255,130,82,12,255,194,255,255,255,188,102,88,8,14,6,8,12,6,14,16,2,22,28,12,44,255,255,255,52,255,255,255,46,8,14,20,26,42,102,255,255,74,255,255,182,250,244,255,248,255,255,255,255,255,255,255,255,255,255,212,98,92,72,30,32,8,22,42,28,16,12,4,16,10,4,6,52,255,255,255,142,56,255,255,255,116,2,28,12,10,16,16,14,18,10,18,8,6,4,4,4,8,12,10,12,12,8,14,6,16,4,16,255,255,255,255,255,255,255,255,255,255,255,255,255,224,132,106,92,8,14,8,8,28,6,28,120,154,255,255,255,186,188,168,236,255,16,16,12,16,22,6,4,8,22,16,18,60,255,255,255,132,28,26,2,54,116,136,70,10,20,34,18,12,8,24,6,26,32,14,34,52,86,178,255,255,255,255,255,255,255,255,255,255,255,255,255,255,255,255,86,14,150,255,255,255,255,22,38,24,10,42,56,38,24,32,28,12,24,36,14,8,8,14,10,8,4,0,6,16,4,6,12,2,10,6,12,6,10,8,8,4,8,8,12,30,32,26,32,10,34,28,108,250,255,255,246,86,16,10,10,50,2,104,255,255,255,255,255,255,255,255,60,10,20,12,10,16,6,10,18,10,4,2,2,6,14,8,22,26,16,30,36,26,18,255,255,255,255,255,44,255,64,14,30,8,12,22,8,10,10,4,8,6,2,4,4,4,136,255,255,255,255,255,94,24,16,6,12,20,20,12,6,4,14,18,10,10,8,10,6,10,10,22,6,20,255,255,255,255,52
220,24,10,18,12,34,38,16,166,255,255,255,64,255,255,255,148,158,255,255,104,255,255,196,208,255,255,255,255,255,40,48,12,22,28,18,90,254,255,255,255,255,255,255,255,255,70,70,100,255,255,255,255,255,255,255,255,255,255,255,255,255,255,255,98,255,255,255,170,32,28,94,255,84,255,120,230,255,172,220,206,46,12,24,14,20,10,8,10,8,24,22,14,22,12,26,20,20,6,10,8,4,4,10,14,12,8,8,10,48,255,255,255,255,176,132,255,255,255,255,190,255,255,255,255,96,42,50,52,10,10,26,20,16,20,8,2,14,8,16,10,6,6,12,4,18,16,12,6,8,8,10,8,18,16,6,14,106,255,255,206,255,255,255,244,255,255,255,255,188,30,14,18,22,10,6,4,14,6,18,6,16,26,18,20,44,255,255,255,126,255,255,146,24,30,26,26,22,24,126,255,255,255,255,255,150,255,255,255,182,255,255,255,255,255,255,255,255,255,255,255,255,255,255,144,164,140,158,186,138,114,74,6,12,26,30,14,255,255,255,180,22,252,255,255,238,10,32,8,2,10,14,8,12,14,10,16,4,2,0,4,10,10,12,6,6,12,2,12,12,22,30,255,255,200,255,255,255,255,255,255,240,84,255,234,212,76,46,32,36,8,14,10,18,52,30,32,218,255,255,255,255,102,34,116,255,255,2,30,20,20,30,24,6,10,50,146,192,220,255,255,255,255,74,78,64,255,255,255,84,12,24,16,8,6,8,8,10,14,6,12,6,4,14,28,24,40,46,10,32,96,176,255,255,255,255,255,255,255,255,255,255,255,116,86,255,255,255,255,182,28,22,146,230,255,232,192,118,30,24,10,16,10,6,6,12,8,4,2,6,18,6,2,8,8,12,4,10,6,8,12,10,8,2,14,12,16,26,10,8,30,16,40,24,8,20,24,28,4,40,14,18,38,46,32,255,255,255,255,255,255,255,255,255,10,14,10,8,16,2,12,14,14,6,6,8,8,14,14,24,14,28,28,22,14,12,102,218,76,238,120,188,186,192,18,12,36,28,14,6,0,2,8,6,6,6,6,6,14,32,255,255,255,255,62,32,16,12,12,4,8,16,16,10,6,8,12,8,10,16,14,14,4,8,20,90,255,255,255,255,62,46
212,14,24,20,12,16,222,255,174,255,255,198,255,130,255,126,144,255,255,68,255,255,255,255,255,154,255,255,166,36,8,2,72,210,255,255,255,255,255,216,255,255,255,255,255,255,255,255,255,255,255,64,255,255,255,255,255,255,255,255,162,255,246,255,255,116,255,162,10,14,28,104,255,84,255,174,64,46,20,38,50,22,14,8,36,18,8,10,10,14,10,6,4,16,20,16,16,14,10,8,8,6,8,4,20,18,28,26,28,34,255,255,255,255,255,255,255,90,255,255,255,255,255,255,255,80,44,28,30,14,8,26,12,20,30,8,2,8,12,10,2,6,10,4,10,2,16,6,8,4,8,10,16,6,28,8,18,8,255,255,255,255,255,255,255,255,54,16,34,30,2,14,24,8,14,4,10,10,12,16,16,4,18,16,14,22,255,255,255,255,255,255,42,10,28,8,10,6,22,88,255,255,255,255,255,255,206,255,255,154,255,180,255,252,255,255,218,255,38,255,255,255,255,255,255,255,255,255,255,255,255,255,228,8,12,62,255,255,255,255,42,146,255,255,255,14,28,24,8,4,10,14,8,12,8,12,12,2,4,4,2,10,10,10,4,4,14,4,10,18,14,38,255,255,255,255,255,255,132,255,255,20,8,52,70,46,24,38,22,18,32,28,20,28,255,255,255,232,255,26,180,242,255,255,255,255,184,8,24,14,18,22,26,16,12,194,255,255,255,72,255,222,255,142,102,156,255,80,255,255,82,64,48,8,10,12,12,12,14,2,18,12,6,22,18,8,26,24,26,6,30,38,52,40,22,30,66,134,190,240,255,255,255,255,94,6,178,255,255,255,176,22,156,158,242,255,255,194,14,10,26,24,14,10,6,8,4,6,6,4,14,8,4,8,10,12,4,6,2,0,4,8,8,2,8,4,14,10,4,24,34,14,36,30,2,14,26,28,8,34,42,28,30,28,14,128,255,246,255,255,255,255,255,255,126,16,12,2,4,14,8,10,14,2,18,20,18,18,16,8,6,14,24,24,22,6,12,196,164,190,114,232,30,248,74,44,6,40,32,8,2,4,8,4,6,6,6,10,16,8,6,36,16,10,16,30,20,22,14,12,12,18,14,8,8,18,24,16,26,22,6,12,4,28,172,255,255,255,255,16,255,71
215,20,22,36,28,50,255,255,255,130,255,255,255,255,86,20,140,255,166,255,255,194,255,255,255,255,90,18,24,84,234,255,255,255,255,255,255,255,255,255,255,255,230,100,255,255,255,255,255,255,255,255,220,255,255,198,255,255,255,255,136,174,234,255,255,244,54,6,30,18,16,82,255,255,255,255,60,42,4,22,12,24,16,14,24,2,10,6,14,12,14,10,18,6,2,8,8,10,14,8,2,4,10,8,6,10,16,34,8,14,255,255,255,255,128,255,255,255,255,104,106,255,255,255,255,255,216,6,8,12,20,12,8,12,12,10,2,2,6,12,20,12,20,42,38,42,12,10,10,0,4,6,14,12,18,8,16,6,114,166,186,84,52,38,22,14,8,4,4,8,2,20,4,18,16,10,22,14,20,16,10,2,12,32,18,60,255,255,255,255,255,255,42,16,24,10,12,18,26,30,52,36,130,132,130,255,255,255,192,255,255,255,255,255,255,255,255,255,255,152,255,208,162,255,255,255,255,255,255,255,202,255,255,72,220,255,255,255,255,118,98,255,255,255,54,18,34,2,6,6,12,12,0,6,4,16,8,6,6,6,4,10,14,10,8,8,18,10,10,10,20,255,255,255,255,255,255,255,255,255,220,12,18,8,24,16,10,28,20,18,146,255,255,102,255,255,255,255,112,208,255,255,255,168,154,132,10,8,12,18,8,12,2,30,18,180,255,88,132,240,90,224,190,84,100,54,174,255,134,255,174,38,50,10,12,18,10,22,4,14,20,12,10,18,18,14,12,22,20,24,12,20,34,32,32,16,4,18,16,34,34,184,255,255,255,224,56,64,255,255,160,32,92,255,255,188,255,136,72,18,22,6,14,6,12,8,4,0,6,0,12,8,6,8,8,10,4,6,4,2,4,8,10,8,14,10,20,18,10,22,8,30,12,22,12,16,12,16,118,102,108,12,28,36,32,34,255,255,255,255,174,255,255,255,255,42,20,4,12,12,18,20,24,6,24,18,14,10,10,10,10,14,2,20,32,28,18,78,255,20,242,70,196,150,208,18,22,24,14,16,8,4,6,8,6,0,8,12,6,12,24,12,32,8,12,16,6,8,4,6,6,10,16,12,12,12,18,12,16,20,8,8,50,230,255,255,255,255,68,255,255,189
202,216,214,213,216,220,205,115,93,189,163,199,229,216,212,210,215,205,177,152,212,161,128,107,159,215,206,207,214,200,173,115,49,26,11,9,6,75,229,216,210,78,109,73,18,29,15,73,161,227,215,221,108,3,111,138,147,217,188,195,187,92,219,230,230,212,219,210,220,220,216,217,229,78,106,229,210,217,219,222,219,225,222,222,218,223,221,224,222,221,227,219,220,222,219,225,222,223,223,222,221,221,220,220,218,220,220,225,221,214,225,195,37,139,234,208,219,230,221,176,139,186,228,227,162,136,232,221,219,221,224,225,229,223,219,224,223,224,225,225,227,227,223,218,213,220,225,224,223,223,224,223,226,223,227,224,223,224,233,220,225,221,220,227,223,226,222,224,220,227,226,225,224,231,220,228,225,228,222,227,222,227,223,222,220,223,202,47,32,11,118,236,221,219,224,222,223,230,228,225,224,222,223,216,225,220,225,221,221,233,238,239,221,223,240,225,226,200,233,180,95,170,141,86,162,99,112,51,214,93,222,110,188,234,212,142,154,172,109,49,39,86,228,218,218,226,228,225,227,226,226,228,228,227,227,229,229,228,228,228,229,230,229,229,228,227,231,229,226,227,228,235,97,128,227,145,113,34,121,235,223,225,229,226,226,227,229,228,228,225,210,163,157,223,229,141,124,112,154,202,208,227,229,224,224,218,227,226,222,223,230,224,225,226,225,219,215,177,194,152,141,241,205,227,201,188,213,223,234,163,217,228,222,225,228,228,227,227,223,223,229,220,227,227,226,224,226,228,224,222,224,226,227,224,227,222,227,224,226,224,225,226,221,231,207,132,106,98,156,228,223,220,227,218,130,215,222,197,217,232,222,224,225,225,225,225,225,224,224,225,225,223,224,223,222,224,224,223,222,222,225,223,221,220,221,224,225,224,219,225,222,220,222,223,222,221,226,219,216,171,220,220,221,222,218,219,212,227,119,192,218,216,221,122,196,223,217,222,220,224,223,223,220,218,220,222,222,220,221,222,220,216,217,221,221,216,216,211,222,186,174,218,211,166,201,210,218,218,215,216,217,217,217,218,218,217,216,215,216,218,218,218,218,220,215,218,215,217,216,216,216,216,215,214,214,215,213,215,215,214,214,213,207,200,122,36,49,46,40,111,203,212
