183,182,180,178,180,184,188,190,190,190,191,192,190,188,190,196,198,202,206,206,206,207,207,207,208,207,208,207,202,198,195,190,188,191,192,194,200,203,202,202,206,206,206,206,207,206,206,205,205,205,206,205,204,202,201,201,196,195,195,196,197,199,202,204,205,203,199,195,197,202,206,207,210,210,210,207,205,203,203,204,205,204,201,197,194,194,196,198,204,204,205,202,196,194,195,194,195,200,202,198,196,198,199,198,201,201,202,203,204,204,203,201,194,191,189,189,190,192,196,201,202,205,207,205,202,201,202,203,199,201,202,200,198,198,201,202,200,207,212,211,204,198,198,200,198,197,201,207,211,211,210,209,213,211,208,204,201,201,204,206,215,215,215,215,215,214,214,215,215,215,214,214,216,216,208,199,188,176,171,175,186,203,216,215,214,217,217,216,216,216,214,210,205,201,195,192,193,197,200,202,204,206,209,211,210,209,211,213,214,211,212,216,216,214,214,218,217,218,218,217,217,217,216,215,217,216,216,215,213,208,188,164,149,132,134,155,173,187,196,197,198,197,199,194,181,177,182,185,188,188,189,190,185,181,185,194,201,205,206,204,199,193,188,184,182,180,187,195,190,177,176,184,184,184,178,181,185,171,160,170,176,185,197,205,207,206,201,197,193,195,195,194,198,202,199,192,192,190,188,188,190,192,193,193,189,188,190,196,202,202,197,191,182,180,177,177,182,190,194,195,194,198,201,201,201,203,205,206,208,200,197,202,204,200,200,204,208,209,212,215,216,212,207,203,202,202,202,205,209,212,213,213,212,211,210,209,209,210,211,212,216,217,218,219,221,222,223,224,224,225,225,226,226,226,226,226,225,225,226,227,227,227,227,226,226,225,224,223,220,215,211,208,203,205,205,206,207,212,216,219,213,215,215,214,214,216,218,220,218,211,207,209,210,209,209,212,218,214,209,206,211,216,214,208,206,206,203,202,205,207,199,187,178,173,171,175,184,197,207,208,206,204,204,206,209,209,205,199,194,195,194,190,186,185,188,192,193,189,190,198,201,200,201,205,202,200,198,200,206,210,208,203,206,209,209,207,203,196,187,178,171,164,160,165,170,172,173,174,173,175,178,179,176,177,187,197,203,201,195,188,181,176,174,174,183,191,197,200,202,204,204,201
184,182,178,175,176,181,186,188,192,189,187,186,184,184,188,193,196,200,204,206,207,208,208,208,209,208,209,208,203,200,199,196,194,201,203,202,200,199,200,203,204,204,204,204,204,204,203,203,203,203,204,205,205,204,202,202,200,198,196,196,197,197,199,202,208,209,208,205,204,206,208,210,212,213,212,210,207,205,204,205,204,204,204,202,199,196,195,196,201,199,199,198,193,186,185,190,189,194,197,194,191,194,197,199,201,201,201,202,203,203,203,203,197,194,193,194,198,201,204,208,208,207,207,206,203,199,199,202,202,202,204,206,205,202,201,202,203,204,206,208,208,206,201,198,200,200,202,207,210,212,213,215,211,212,210,207,204,202,203,204,212,214,215,215,215,215,215,215,214,215,215,214,216,216,210,202,186,170,159,160,172,194,211,214,216,218,218,216,216,216,213,209,201,194,185,179,178,180,182,183,187,188,191,194,195,197,199,200,200,199,202,207,209,208,210,213,214,216,216,216,216,217,217,216,216,216,216,216,216,213,197,177,155,139,130,142,165,181,189,196,199,197,198,196,186,178,177,180,186,187,189,189,185,183,186,192,199,202,204,203,200,196,192,188,191,190,193,198,195,186,183,187,191,188,181,178,176,164,155,160,173,181,190,197,202,204,203,200,193,193,194,195,200,204,203,199,197,193,188,187,189,190,188,186,182,181,184,190,198,201,198,194,185,182,180,181,186,191,196,198,198,202,204,204,203,204,206,206,203,199,196,198,201,202,201,201,208,209,210,213,216,215,210,205,203,202,202,202,205,209,212,213,213,213,213,214,215,217,219,221,221,221,221,222,223,224,224,224,224,224,224,224,225,225,226,226,226,226,226,226,226,226,226,226,226,226,226,225,222,218,214,211,203,204,205,206,207,210,214,218,215,214,214,214,213,210,211,213,214,208,204,204,206,207,209,211,219,218,216,213,213,214,210,204,196,196,194,193,196,197,187,176,166,155,153,162,172,182,194,202,205,201,200,203,207,207,205,203,205,204,201,195,190,187,189,191,194,193,193,195,198,200,200,199,194,193,194,195,200,204,205,203,204,207,209,208,204,196,186,179,171,165,163,169,177,181,183,183,182,181,182,184,184,186,195,204,208,206,202,195,188,183,181,181,191,197,203,205,207,208,207,204
186,183,178,176,178,182,185,185,191,188,185,184,184,184,187,192,195,199,203,206,207,208,208,207,208,207,208,207,203,202,202,200,198,205,207,204,200,197,196,199,201,202,204,204,203,203,204,205,203,204,205,206,208,207,205,203,202,197,193,193,193,193,196,201,207,211,214,212,209,207,208,209,211,212,213,211,208,205,203,203,204,205,207,206,200,192,187,186,196,195,192,192,187,174,170,179,187,191,195,195,193,194,199,204,204,204,203,203,203,204,205,207,206,203,201,203,206,209,210,211,212,207,204,205,203,198,197,200,203,202,205,212,212,206,202,202,204,202,202,206,211,211,206,201,200,200,201,205,207,210,212,214,212,213,213,210,206,203,203,203,208,212,216,215,215,216,216,215,214,215,216,215,216,216,212,207,189,168,149,144,156,181,204,213,216,218,217,216,216,216,212,207,198,188,174,165,162,164,166,167,171,172,173,175,178,181,182,183,185,185,187,191,192,194,199,204,210,213,215,216,216,217,217,217,215,215,216,217,217,217,207,193,166,151,129,130,155,172,181,193,198,197,196,198,193,181,174,176,185,188,190,189,187,186,187,188,192,196,199,200,199,197,194,190,198,197,198,199,197,192,187,185,186,185,181,175,168,161,155,152,163,172,182,191,198,205,206,204,198,196,195,197,201,205,206,205,201,193,183,180,182,186,187,185,183,183,185,191,198,202,202,200,194,189,185,184,184,184,188,193,196,200,203,203,202,202,203,203,202,202,199,197,199,203,202,198,205,206,208,211,215,217,213,208,204,203,202,202,203,206,209,211,212,213,214,216,218,221,222,223,223,223,223,224,224,224,225,225,226,225,225,225,225,226,226,227,227,227,226,226,226,226,227,227,227,226,226,225,224,221,217,214,205,204,204,206,206,207,211,216,219,214,212,214,212,208,208,212,218,215,210,207,208,210,212,214,218,221,221,218,214,210,205,201,186,185,182,181,185,185,176,164,154,139,139,155,168,176,190,203,207,203,202,205,208,209,209,211,210,206,200,192,185,182,183,185,188,191,191,189,192,198,198,194,194,196,197,197,198,201,205,207,206,207,210,212,209,201,192,186,183,180,178,182,190,195,196,194,189,187,187,189,192,196,203,210,214,213,210,205,199,194,192,191,196,200,203,205,207,208,206,202
186,185,184,184,186,188,187,184,189,187,186,189,190,189,190,193,196,199,203,204,205,206,205,203,205,202,203,203,201,200,200,197,198,200,199,197,199,198,194,193,199,201,203,203,202,201,201,202,203,204,205,207,209,210,207,203,200,193,188,187,188,189,194,202,205,209,213,213,209,206,205,206,207,209,211,210,208,205,202,201,204,204,207,206,198,185,177,175,188,191,189,189,186,172,166,176,191,194,199,202,202,201,204,209,207,207,206,204,203,204,207,210,212,210,208,209,210,211,210,210,210,206,202,201,201,200,199,199,203,202,205,211,213,210,205,203,202,202,203,206,209,210,209,208,201,200,200,202,205,207,208,208,211,212,213,210,206,203,203,204,204,210,215,215,215,216,216,214,214,216,216,216,216,216,214,212,199,176,150,137,145,168,195,211,214,216,216,215,216,216,212,207,198,186,169,157,153,154,156,157,159,160,160,160,162,165,167,168,171,170,169,168,167,171,181,191,203,209,214,216,216,217,217,216,215,215,216,216,216,216,212,203,180,161,136,129,144,161,175,189,195,197,196,197,198,189,177,175,184,188,191,191,190,190,188,185,189,193,197,199,201,200,197,193,197,199,199,197,196,194,189,182,177,180,183,178,169,165,161,152,152,163,177,188,198,206,209,207,204,200,196,197,198,199,202,205,200,193,186,183,186,190,191,191,191,190,190,194,199,203,205,204,200,193,186,182,178,175,180,187,193,197,201,202,202,202,203,203,207,208,205,201,200,202,202,200,199,203,206,209,213,217,216,211,206,204,202,202,204,205,206,207,210,211,212,214,216,218,219,219,221,221,222,223,224,224,224,224,226,226,225,225,225,226,226,226,226,226,226,226,226,226,226,227,226,226,226,225,225,223,220,216,210,205,202,205,206,206,209,213,220,217,214,213,213,213,214,217,221,221,218,212,208,208,210,212,213,216,218,216,211,206,201,197,186,181,175,174,179,182,175,166,158,143,143,161,175,182,193,204,204,205,205,205,205,207,210,212,207,202,195,188,183,182,184,186,188,192,193,190,191,196,199,197,200,202,202,200,198,200,203,206,207,206,207,210,211,206,199,195,193,192,191,193,198,203,204,202,202,200,197,197,198,201,205,210,216,217,217,213,207,203,200,198,194,195,197,199,201,203,201,198
187,187,187,189,192,193,190,186,189,187,188,192,194,193,192,194,196,198,201,202,203,204,202,200,201,197,196,197,197,198,196,192,195,195,191,190,194,195,191,189,194,196,198,199,197,195,195,195,198,200,203,205,209,211,208,205,200,192,186,185,185,188,196,203,206,208,210,210,207,203,201,200,200,203,207,208,207,204,202,201,203,204,206,205,198,187,178,176,180,190,192,192,193,186,180,186,195,197,202,209,211,209,209,211,209,209,207,204,203,204,207,210,210,211,211,210,209,208,207,207,205,205,202,198,199,203,203,199,202,204,205,206,210,213,211,207,204,203,202,203,204,206,208,210,207,204,200,200,202,204,204,203,207,209,211,211,209,206,203,202,201,207,213,215,215,217,216,215,215,216,217,216,216,216,216,215,208,188,160,141,141,158,184,205,212,214,216,215,216,217,214,210,202,192,178,167,161,158,156,155,155,157,156,154,154,156,157,158,157,151,143,135,132,141,162,181,193,202,212,215,216,217,217,215,216,215,216,216,214,215,214,209,193,169,146,134,132,148,171,184,191,198,198,196,199,195,184,177,181,186,191,193,195,195,191,186,190,193,196,200,203,204,200,196,192,197,199,198,197,197,193,186,181,185,190,185,174,171,168,156,147,157,170,182,193,202,207,208,207,201,196,194,194,194,198,203,201,199,197,196,196,195,194,193,191,189,189,191,195,199,201,202,200,193,186,181,176,175,182,190,195,200,205,207,207,207,208,207,211,210,208,205,200,198,200,203,197,202,207,209,213,216,217,216,212,208,204,202,204,206,206,205,207,208,210,212,214,216,217,218,220,220,221,222,223,223,223,223,224,224,224,224,224,224,223,223,222,223,224,224,225,225,226,226,225,226,226,225,226,225,222,218,214,206,201,203,205,206,208,211,216,219,218,214,213,216,217,215,212,215,216,211,204,202,203,204,208,211,214,215,213,207,199,193,189,182,173,172,179,187,185,180,174,161,157,168,179,187,194,197,194,201,204,200,197,201,205,206,206,204,200,196,194,193,193,193,195,197,197,195,192,193,197,201,199,200,199,196,195,197,199,200,205,202,201,204,208,209,205,201,199,201,202,203,207,212,215,215,219,214,208,202,198,198,202,207,213,216,217,214,210,207,204,201,194,193,193,194,197,200,199,198
187,188,187,188,190,192,190,188,190,188,189,192,193,192,193,195,195,197,198,199,200,201,199,196,197,192,190,191,191,193,192,188,188,191,189,187,188,188,185,185,186,187,190,191,191,191,192,193,192,195,199,202,207,211,211,208,202,197,191,188,188,192,198,204,206,206,207,206,204,199,195,193,192,196,201,204,205,203,202,201,203,204,205,205,202,196,190,186,184,195,200,200,202,201,197,197,199,200,205,211,214,213,211,211,210,209,207,205,204,205,207,209,209,210,210,207,204,202,200,198,196,201,200,195,195,201,202,197,201,204,205,204,207,213,215,212,208,205,201,200,202,205,205,205,210,206,201,198,199,201,202,201,200,203,208,211,211,208,204,201,201,204,209,213,216,216,216,216,216,216,217,217,217,217,217,217,213,199,174,153,147,154,175,196,209,213,216,216,217,218,217,214,211,206,199,193,189,185,180,177,174,175,173,168,165,163,160,156,142,125,103,89,86,103,138,170,186,198,210,214,215,217,217,215,216,214,216,216,214,215,216,213,202,178,158,141,127,137,163,178,187,196,199,196,197,198,190,180,177,183,189,194,197,198,196,191,187,188,190,194,199,201,199,195,190,194,198,198,199,200,197,193,187,187,189,185,177,175,172,162,150,151,157,167,180,191,201,206,207,202,198,196,194,194,199,203,207,205,201,196,192,190,190,191,185,185,185,186,190,194,198,200,201,196,191,186,182,180,185,192,195,200,206,208,208,208,208,207,207,205,205,204,199,194,196,202,199,202,206,209,210,213,216,218,218,213,207,204,204,206,207,207,203,204,205,207,210,213,215,217,218,219,220,220,221,221,221,221,222,222,222,221,221,221,221,221,222,222,222,223,224,225,226,226,225,226,226,225,226,227,224,219,215,207,200,200,204,206,209,211,213,220,221,215,213,215,213,207,206,211,214,213,208,204,203,204,208,210,215,219,219,214,204,196,190,184,177,176,183,192,195,194,189,180,175,177,184,193,198,196,192,201,205,201,198,202,206,207,209,209,208,205,201,196,191,188,190,190,192,192,189,188,192,199,196,196,195,195,196,199,200,199,205,204,203,204,209,212,211,208,206,206,206,208,211,215,220,223,220,215,207,198,192,192,198,203,207,211,215,214,211,210,207,204,200,198,194,193,195,198,200,201
188,188,187,187,188,190,190,188,189,188,189,192,193,193,194,197,196,196,196,196,197,198,196,192,191,187,185,184,183,185,187,186,182,186,187,186,188,188,185,185,182,182,182,182,183,184,186,187,184,189,194,197,202,208,209,207,203,201,196,192,192,195,199,201,203,203,203,204,201,196,192,191,189,194,200,204,205,205,204,204,204,206,206,205,204,204,199,194,192,199,204,205,206,208,206,203,203,204,206,208,209,209,208,208,207,205,204,203,203,204,206,206,208,209,207,203,200,197,193,190,188,194,197,194,195,199,201,199,199,202,204,204,206,211,214,215,213,209,204,202,202,203,202,201,206,206,204,201,199,200,200,199,196,198,202,207,210,209,206,203,202,202,206,212,216,216,216,217,217,216,217,217,218,217,217,217,215,208,189,171,161,161,174,193,206,212,216,217,216,218,218,216,216,216,214,213,212,210,207,205,202,201,198,194,190,185,175,166,143,118,92,79,79,95,130,164,187,200,212,215,215,216,217,215,216,214,216,217,215,215,216,215,210,193,172,152,134,131,148,168,181,190,198,198,196,198,195,186,178,181,187,193,197,199,198,196,185,184,184,187,194,199,199,197,193,194,196,198,200,200,198,197,189,184,181,180,179,179,173,165,154,145,142,151,167,182,194,203,207,206,204,201,197,196,198,201,207,204,199,192,187,185,187,189,187,187,187,188,190,194,197,200,205,203,200,194,187,183,182,183,188,194,201,204,205,205,205,204,204,204,204,205,201,196,196,199,203,201,201,203,205,206,210,215,219,217,213,210,207,206,207,207,204,204,203,203,204,207,209,211,213,214,215,216,217,218,218,218,219,218,217,215,215,216,217,217,220,219,218,218,218,220,222,224,225,226,226,224,226,227,224,219,213,207,201,198,201,206,210,213,213,220,222,218,214,214,213,209,212,213,217,219,217,211,207,208,208,209,212,217,220,217,209,203,195,194,192,191,193,198,202,204,201,198,196,195,197,202,205,202,198,201,205,205,204,204,206,209,209,209,209,205,199,192,187,184,185,186,188,190,190,189,192,195,197,197,197,198,200,202,202,201,202,207,209,208,209,213,213,210,203,199,197,200,204,207,211,215,215,211,204,197,192,192,195,198,203,209,214,214,214,215,213,210,206,201,195,191,190,193,196,198
188,189,189,188,188,189,189,188,187,187,190,195,196,195,196,199,198,197,196,195,195,195,192,189,186,182,180,178,175,178,183,185,180,184,185,188,194,195,191,188,186,183,178,175,173,173,174,174,178,183,188,191,196,201,203,202,201,202,199,194,194,197,199,198,200,201,203,204,201,196,194,194,192,196,202,207,209,209,208,208,205,207,207,204,204,205,201,193,194,197,203,206,207,209,211,207,206,206,206,203,201,201,202,203,201,200,198,198,199,201,201,201,204,204,202,200,199,198,194,189,186,191,196,198,198,200,203,204,198,200,203,205,206,207,211,215,214,213,210,206,202,200,201,202,201,205,208,206,203,201,199,198,196,196,198,202,206,209,208,206,203,201,204,212,216,215,216,218,217,217,216,217,218,218,217,217,218,214,199,184,174,170,177,194,203,210,215,216,215,216,217,216,217,216,216,215,215,214,214,215,215,215,213,211,210,205,191,178,164,143,125,121,121,127,149,174,192,205,216,217,215,216,217,215,216,214,216,218,215,215,215,214,215,205,184,162,145,130,136,158,176,184,196,200,196,197,198,191,180,182,186,192,195,197,197,197,188,186,184,187,194,202,205,203,200,197,196,199,201,199,198,198,191,182,176,178,183,181,173,164,154,139,131,141,161,177,191,201,208,208,207,203,198,195,195,195,200,201,200,198,195,191,190,189,193,193,193,193,193,195,198,200,205,206,204,198,190,184,178,174,184,190,197,201,203,205,205,205,208,209,210,210,208,204,200,199,204,199,195,197,198,199,204,211,217,219,219,216,211,207,206,206,209,207,204,202,201,202,203,204,206,207,209,212,214,215,216,216,215,213,210,208,207,209,211,213,216,214,211,210,210,213,216,218,224,225,224,223,224,226,223,217,210,207,202,197,198,205,212,216,216,220,222,219,215,215,217,218,217,215,217,221,220,212,206,204,204,204,205,209,213,213,210,207,203,207,210,208,205,205,208,211,210,211,214,213,209,209,209,205,201,197,198,203,203,199,200,205,208,208,206,202,198,194,193,193,192,194,196,197,198,198,197,196,198,199,200,200,201,202,201,199,196,205,211,208,206,209,209,206,199,192,189,193,199,203,207,211,217,214,210,204,199,196,194,193,202,209,215,216,218,219,218,216,208,202,193,187,184,186,190,193
189,188,187,187,188,189,189,188,189,189,190,193,194,194,195,198,195,196,195,193,194,193,187,180,179,174,170,171,174,178,182,185,186,189,193,196,201,204,200,194,191,181,174,171,167,167,169,170,174,176,180,185,189,193,194,195,197,195,194,197,199,197,196,202,200,201,203,206,208,207,203,200,200,203,207,210,211,211,211,210,205,205,205,206,209,209,207,203,200,201,200,200,205,212,212,208,204,197,196,194,188,190,197,198,191,194,198,199,198,198,199,202,203,203,202,201,197,193,193,195,195,198,201,204,205,205,205,205,201,198,199,203,205,205,209,215,214,214,212,208,203,199,197,196,195,197,201,205,206,204,201,198,196,195,196,198,200,205,208,205,202,205,202,203,214,218,216,216,217,217,216,217,218,218,218,217,215,217,211,200,189,178,178,189,203,208,216,218,216,216,218,216,217,218,218,216,215,216,216,215,217,218,214,208,203,196,184,172,166,157,147,145,152,165,183,196,209,213,216,216,216,217,218,218,217,217,216,216,215,215,215,215,213,211,198,177,156,137,133,144,168,185,185,197,201,191,197,195,187,183,184,189,196,202,200,192,191,190,189,190,194,199,204,206,202,197,194,195,199,201,199,198,195,189,182,184,192,188,177,173,163,153,128,127,157,173,180,197,202,205,205,200,195,194,195,194,197,201,204,203,200,196,191,187,190,192,189,187,189,187,186,192,200,202,203,200,193,185,180,179,187,192,198,202,206,209,209,209,208,208,208,207,206,204,198,193,197,195,192,184,184,191,196,204,215,220,220,217,217,215,211,210,207,207,206,204,202,200,200,200,202,204,205,206,209,212,212,210,207,204,200,197,197,200,204,207,209,206,204,201,199,201,208,216,216,218,219,219,221,222,220,218,211,206,199,195,198,206,214,219,218,218,217,218,220,217,214,216,215,211,210,212,214,212,208,204,203,204,204,207,213,218,218,214,211,212,213,213,209,206,208,212,213,211,213,216,214,209,206,207,201,195,192,197,202,203,201,199,204,206,209,206,202,201,199,194,196,193,196,197,195,197,198,192,193,195,195,193,196,200,198,192,195,198,202,205,207,207,207,207,197,191,187,189,194,200,208,214,219,216,215,213,203,191,190,197,199,204,208,210,212,215,215,213,204,202,194,187,186,186,187,190
184,184,185,186,189,190,190,189,189,187,186,187,188,190,195,199,198,198,195,192,191,191,188,183,179,175,172,173,176,180,183,186,189,194,200,203,207,209,206,201,190,179,171,169,169,169,170,169,169,171,175,180,184,187,189,190,192,191,190,192,197,196,196,200,201,201,203,206,209,210,208,207,207,207,209,212,214,214,213,211,207,206,206,206,208,211,210,207,206,201,197,199,203,205,206,205,198,190,182,179,177,181,187,189,188,192,195,198,198,199,201,203,203,204,205,205,202,199,200,201,204,206,208,209,209,207,205,204,202,198,198,202,204,203,206,211,211,211,211,210,206,201,196,193,194,195,198,201,204,206,205,204,199,197,198,199,201,205,206,201,200,201,201,203,211,216,217,216,217,217,216,217,218,218,218,217,218,218,212,206,201,190,183,184,193,200,211,217,216,216,217,216,218,219,218,217,217,218,218,216,212,212,208,197,185,175,168,164,155,152,153,161,175,190,201,207,212,215,217,217,217,217,218,217,217,217,216,216,215,215,215,215,214,214,205,189,169,146,134,137,152,174,182,194,200,195,197,193,189,186,187,191,195,200,201,197,190,189,189,190,193,195,197,198,200,197,193,194,198,201,201,199,197,193,186,182,185,186,180,173,167,157,135,132,154,168,178,194,201,205,208,206,201,198,197,197,199,203,207,206,201,194,187,182,183,185,186,187,188,186,187,192,198,202,205,204,199,192,188,185,184,186,190,196,200,204,206,207,205,205,204,203,203,201,197,193,192,189,184,173,170,176,184,198,208,216,219,219,220,218,215,213,208,208,208,206,204,203,202,202,198,200,201,202,202,202,201,200,194,192,189,188,190,195,200,203,206,203,199,195,192,193,200,207,211,212,213,214,216,219,219,217,211,206,200,197,199,206,213,217,218,218,215,215,218,218,215,216,213,213,213,213,215,217,214,210,209,209,208,208,211,216,218,219,212,210,210,210,210,208,206,207,210,209,209,212,214,212,208,204,207,199,193,196,204,209,208,206,206,202,201,203,203,201,197,192,188,186,188,190,189,192,192,186,184,189,192,193,194,199,202,203,201,201,202,205,209,209,206,202,200,192,184,181,187,197,206,210,215,215,213,208,200,194,193,195,195,196,198,203,211,217,218,216,213,210,200,191,187,184,184,188
180,179,179,181,184,186,187,187,186,184,183,183,185,188,193,197,197,198,196,193,191,190,188,184,180,179,178,179,181,184,187,190,188,194,199,202,205,206,204,201,193,180,172,172,173,174,173,170,171,173,175,178,180,181,182,183,189,190,188,189,192,193,193,194,203,203,203,206,209,212,213,213,211,209,208,210,212,214,213,211,209,207,205,204,207,210,211,210,202,191,184,188,194,196,199,203,197,187,174,169,173,178,183,187,192,194,198,200,202,203,203,204,203,205,208,210,209,207,208,209,214,214,214,214,214,211,207,204,203,199,197,200,202,202,203,207,210,210,210,210,209,204,198,194,194,195,197,200,203,205,206,206,205,201,200,199,199,202,203,200,197,196,198,202,206,213,217,216,217,216,216,217,217,218,218,218,217,217,214,211,208,197,184,177,180,188,202,213,215,216,217,217,218,217,216,216,217,218,216,212,205,199,190,181,170,160,154,152,149,157,170,185,199,210,215,216,217,218,218,218,218,218,218,217,217,217,216,215,215,215,215,215,215,216,212,202,184,160,140,133,137,160,179,189,196,198,195,191,189,189,191,193,194,199,203,202,194,193,193,194,195,196,197,197,202,200,198,196,198,202,203,201,200,198,191,181,177,182,182,174,166,162,153,153,165,172,179,191,200,205,210,212,207,201,198,199,197,200,204,205,201,193,186,183,182,183,188,192,190,190,193,195,197,202,207,208,204,197,190,186,176,176,180,188,194,197,200,202,203,204,204,203,204,205,204,201,194,188,179,163,154,155,167,187,201,211,218,220,222,221,219,218,215,213,211,209,207,204,201,199,195,197,198,197,195,194,192,190,189,187,184,183,185,190,197,201,206,203,198,192,188,188,193,199,200,202,203,205,207,210,211,210,207,204,201,200,202,207,213,217,220,219,214,212,215,216,214,214,213,216,217,214,215,219,220,216,209,208,206,206,206,208,213,218,210,207,204,207,211,211,207,204,205,205,206,209,216,220,215,206,206,200,192,191,197,204,206,205,204,196,194,197,196,192,190,187,187,185,187,190,192,195,195,191,184,186,189,191,194,198,202,206,202,199,197,201,208,209,205,199,195,188,179,177,183,193,200,202,207,212,214,211,207,206,201,195,191,192,196,202,210,218,220,220,218,214,205,195,188,182,181,186
181,179,176,176,178,181,184,185,183,183,183,185,187,189,191,193,195,197,198,196,193,191,188,185,184,184,185,187,188,189,192,195,194,198,201,202,203,204,203,200,196,184,177,177,177,176,174,170,170,170,171,172,173,175,177,179,185,190,190,189,191,193,194,196,205,204,204,205,208,210,212,212,209,207,205,205,207,209,210,210,208,207,204,203,204,207,209,208,197,183,174,177,185,191,196,201,199,192,179,174,182,186,190,196,202,203,204,206,207,206,205,204,204,206,210,213,213,212,213,214,215,215,214,214,214,213,208,203,204,200,198,200,202,202,203,205,209,208,207,207,206,204,201,199,195,195,197,199,201,203,204,204,208,204,201,198,195,197,200,200,195,193,197,201,202,209,217,216,216,216,216,217,217,218,218,218,216,218,217,213,207,196,181,170,167,174,192,209,215,217,218,218,218,217,216,216,217,216,211,205,195,183,172,165,159,152,150,152,164,178,196,206,211,215,218,218,219,218,217,217,218,218,218,217,217,216,216,215,215,215,215,215,216,216,214,208,196,173,150,136,133,148,172,183,191,197,190,190,187,189,193,196,196,200,204,203,201,200,198,197,198,200,201,202,202,204,202,198,197,200,202,202,201,200,196,185,177,182,187,182,179,176,171,169,172,179,190,200,200,202,207,211,209,202,196,195,195,195,199,203,203,199,193,190,187,184,189,192,189,189,192,191,191,197,203,205,203,197,188,182,176,174,177,186,193,196,199,202,207,207,207,206,206,208,208,207,198,189,176,158,145,143,154,176,195,206,214,217,219,219,217,217,216,214,212,209,206,203,198,195,194,195,194,192,190,189,188,186,187,186,183,182,185,191,199,204,208,206,201,196,191,190,193,195,195,195,196,198,201,203,204,204,206,203,201,201,203,207,211,215,217,218,213,210,212,215,215,216,214,216,216,213,213,215,218,218,208,205,204,204,203,203,208,214,213,209,206,208,211,212,208,203,200,203,205,206,214,221,217,207,196,193,189,185,187,194,199,200,192,189,189,190,189,189,192,193,192,190,189,190,192,195,195,192,187,183,182,187,195,198,199,199,197,194,193,196,202,206,205,202,194,190,186,186,187,189,192,195,201,210,217,218,219,216,205,192,187,191,197,202,206,211,216,219,218,215,208,201,194,185,183,189
184,181,178,177,179,181,184,185,184,185,187,189,191,193,193,193,196,198,199,198,196,194,192,191,190,191,192,194,195,195,197,200,203,202,202,201,202,202,200,198,195,186,180,179,175,171,169,167,158,159,160,161,164,170,175,179,183,191,194,193,194,198,201,205,207,206,205,205,206,207,208,208,204,202,200,199,200,203,207,209,206,205,204,203,204,207,208,207,200,190,179,176,182,192,199,202,201,199,191,188,194,197,199,206,210,210,211,211,210,208,205,203,204,206,210,213,214,213,214,215,212,212,211,210,211,210,206,200,202,199,197,200,203,204,204,205,205,206,206,204,203,202,202,203,197,197,197,198,199,200,201,202,204,202,202,199,194,194,198,199,196,193,196,200,200,206,214,216,216,216,217,217,217,217,217,218,218,219,219,216,209,199,180,162,152,158,178,202,215,218,218,217,219,218,217,218,219,215,206,197,181,169,158,152,148,149,160,173,192,203,213,216,215,216,217,217,219,217,216,216,218,218,217,217,217,217,216,216,215,215,216,216,216,215,216,214,205,187,162,143,133,137,161,177,188,194,187,191,185,187,193,198,200,204,205,202,203,202,200,199,199,199,200,200,197,201,203,199,195,196,199,201,201,198,197,192,183,184,189,188,185,185,185,185,184,187,195,201,199,198,200,206,208,203,197,194,197,196,198,204,208,206,200,195,187,180,180,182,181,182,183,180,183,189,196,201,202,200,193,187,186,181,180,186,192,195,200,205,207,207,206,204,202,203,203,202,200,189,177,160,149,145,151,169,187,200,209,213,216,214,210,209,208,206,205,203,202,200,196,194,192,191,188,185,185,185,184,183,181,182,184,188,192,198,205,209,211,211,208,204,201,199,199,199,199,197,195,195,197,200,203,205,206,204,202,202,203,204,208,211,213,215,213,210,212,215,218,222,215,213,212,211,210,210,213,219,216,210,205,203,202,203,208,213,219,216,212,210,210,208,203,198,193,199,202,202,207,213,211,203,191,188,182,180,184,193,199,199,195,193,191,188,186,189,192,191,189,187,183,182,183,184,184,185,185,179,177,184,193,197,196,196,196,195,194,195,198,202,205,207,205,201,198,197,191,183,184,192,201,206,212,217,218,214,202,191,186,188,192,195,199,204,210,215,219,219,215,209,203,195,191,195
183,182,181,182,184,185,185,184,189,190,191,192,194,196,197,196,199,199,198,198,197,198,198,199,197,198,200,201,201,201,202,203,204,202,199,197,197,198,197,196,193,187,184,181,172,166,164,164,158,158,159,161,165,171,179,184,188,196,199,198,199,201,205,209,208,207,206,205,204,205,205,205,198,197,195,193,194,198,203,207,206,206,205,205,206,208,209,207,204,199,190,183,187,198,206,207,205,205,202,201,202,202,204,209,213,214,214,214,212,209,205,203,202,204,208,212,213,211,210,211,209,209,207,205,205,206,202,197,195,194,195,199,203,205,206,207,205,206,207,206,205,203,203,204,205,204,202,199,196,195,196,197,196,196,199,200,195,193,196,198,198,196,196,198,199,203,210,214,216,217,217,217,217,216,217,217,218,217,217,216,214,207,184,159,142,143,162,192,211,217,217,216,218,218,218,218,218,213,202,192,175,159,145,145,154,167,184,199,212,213,215,215,216,217,217,216,217,216,215,216,217,217,217,217,217,217,216,216,216,216,216,216,217,216,218,219,212,199,177,155,137,129,146,169,185,191,188,192,186,187,193,199,203,207,207,203,202,202,202,201,201,199,196,194,194,198,201,200,196,195,197,200,202,199,198,195,188,182,181,182,177,181,188,194,197,197,196,196,200,197,198,203,209,209,204,200,198,198,199,203,207,206,199,190,181,175,172,175,178,182,183,182,186,191,196,201,205,206,202,197,193,186,180,179,182,187,195,201,200,202,202,200,199,200,201,201,206,196,186,173,163,155,152,162,179,192,204,210,213,210,204,200,198,198,197,196,195,193,191,190,189,188,185,182,181,182,183,182,186,190,196,202,207,210,213,215,217,218,218,216,213,212,210,208,204,200,195,193,194,196,200,203,201,199,199,202,204,204,207,211,213,215,214,213,214,213,215,221,217,211,208,209,209,208,213,220,222,214,204,196,194,197,203,208,213,214,213,210,206,203,198,195,187,190,193,196,202,208,209,205,199,190,180,177,184,193,197,196,199,194,189,185,185,189,187,179,181,181,178,177,180,181,183,187,186,185,185,188,191,193,194,197,200,201,200,198,197,199,204,209,209,204,200,196,187,179,182,192,199,200,204,209,213,212,206,202,195,191,188,192,199,207,212,214,219,222,220,215,211,204,199,199
186,185,185,186,188,189,188,186,191,192,193,193,195,198,198,196,197,196,196,197,198,200,201,202,201,200,201,203,203,201,201,202,202,200,199,197,197,197,198,199,198,194,193,189,179,172,170,170,169,170,170,171,173,178,185,189,195,199,201,200,201,201,202,206,207,205,204,202,202,202,203,204,199,196,193,192,194,199,205,208,209,209,209,207,208,209,208,207,204,202,197,192,194,202,208,210,212,210,210,209,204,202,204,206,210,211,212,211,208,204,200,198,198,200,206,210,211,207,204,203,201,202,199,196,196,197,194,190,186,187,191,197,202,204,206,208,207,207,207,207,205,204,204,203,208,208,206,204,199,196,193,192,191,190,193,196,194,194,197,198,201,199,196,196,199,201,205,212,216,217,217,217,216,216,216,217,217,216,217,217,216,213,195,169,145,138,149,177,201,212,216,218,217,217,217,217,217,211,201,192,179,163,154,162,180,196,207,214,217,215,213,215,216,216,216,216,217,216,216,217,218,217,216,217,217,217,217,217,216,217,217,217,217,215,218,219,216,208,191,170,149,131,135,157,176,187,190,193,190,190,194,199,204,209,211,207,203,203,203,203,202,200,197,195,196,196,199,202,201,198,197,200,202,201,199,196,192,183,176,175,181,182,182,186,195,200,199,200,198,197,197,201,207,211,208,203,196,197,197,197,200,202,198,191,183,179,175,176,183,186,187,190,190,193,196,198,203,207,205,200,193,187,179,175,175,182,190,196,197,200,202,202,202,203,204,204,210,204,198,188,179,167,154,155,167,180,191,198,204,203,197,194,191,191,191,191,189,189,188,188,188,189,189,186,184,185,188,191,202,206,211,215,217,219,221,222,223,225,225,224,223,222,220,218,212,208,203,200,198,196,197,198,195,195,198,202,205,205,207,210,211,212,212,214,215,211,212,218,215,210,205,204,205,207,211,216,218,211,199,188,184,188,195,200,205,210,213,211,207,203,199,195,186,183,184,191,201,207,208,207,202,193,183,180,183,187,189,190,191,186,184,186,188,190,187,180,182,184,182,182,186,186,188,195,193,194,194,193,190,190,193,197,201,200,199,197,196,198,202,205,205,203,199,194,188,185,187,190,195,198,203,209,214,216,215,212,204,198,194,197,204,210,213,214,215,220,219,216,214,211,207,205
193,191,190,190,191,192,191,191,189,192,193,194,196,197,196,193,192,192,194,197,200,201,200,200,198,197,198,199,199,197,196,196,195,195,195,195,194,194,196,199,207,204,203,200,190,182,180,180,176,177,178,179,180,184,189,193,195,198,198,198,201,200,200,203,204,203,201,199,199,201,203,205,204,200,196,195,199,205,209,212,213,213,211,209,208,208,207,205,205,205,202,199,199,202,206,208,216,212,213,211,202,199,202,200,204,205,206,205,201,197,193,191,193,196,203,208,209,204,199,197,191,192,190,186,185,187,185,182,179,182,188,195,200,203,206,208,209,207,204,203,202,202,202,201,201,204,208,209,206,200,195,192,191,187,187,190,192,195,199,201,202,202,196,194,199,200,202,210,217,217,218,217,216,215,216,217,215,217,221,219,216,216,205,184,155,140,142,166,191,206,216,221,218,218,218,218,217,213,204,195,184,178,179,190,205,213,216,217,216,216,217,219,217,215,215,218,217,216,217,218,218,217,216,218,218,217,217,217,217,217,217,217,217,214,215,217,216,213,201,183,162,138,131,148,168,183,192,194,195,193,195,199,203,210,213,211,204,203,202,202,202,201,200,200,198,196,198,204,204,199,196,197,198,201,199,197,197,190,181,179,186,186,183,187,198,201,196,193,194,194,194,197,202,207,205,200,193,196,194,190,193,201,203,199,191,190,182,180,185,185,184,189,187,188,189,191,197,203,203,199,192,189,183,178,179,185,193,197,201,204,207,206,204,204,204,204,206,204,203,196,188,174,157,153,156,167,176,183,190,193,191,189,185,186,187,188,188,189,191,193,188,193,196,193,190,192,197,202,212,214,216,217,219,221,225,228,225,226,226,225,225,225,224,221,222,219,216,213,209,203,198,196,196,196,199,204,205,202,202,205,205,204,206,212,216,212,212,219,211,206,200,195,197,202,206,207,212,208,197,185,181,185,191,195,206,212,218,217,212,207,201,196,191,182,179,188,200,205,204,202,196,192,188,185,182,181,184,189,195,191,193,195,192,186,182,179,187,191,189,188,190,187,187,194,197,197,195,191,189,190,194,196,197,195,194,193,195,198,200,201,206,207,205,200,198,197,194,187,193,201,209,214,218,220,217,212,205,202,201,203,205,206,207,209,211,217,218,215,216,218,215,212
198,197,196,196,196,194,190,187,189,190,192,193,196,198,197,195,193,192,192,194,195,195,197,199,197,197,196,195,195,197,195,192,192,193,192,191,191,194,200,205,212,211,208,203,197,192,188,185,183,182,182,183,186,189,191,192,192,196,196,196,197,197,196,199,199,199,198,198,199,202,205,207,210,206,204,205,206,207,211,215,214,213,213,212,209,206,207,209,209,211,210,207,207,205,203,203,209,206,207,207,201,195,192,190,193,199,204,203,197,191,189,189,188,194,202,207,206,202,195,192,182,187,187,181,178,182,184,181,183,184,186,189,193,196,199,201,201,198,198,198,196,194,196,201,202,204,206,207,207,206,200,193,190,185,184,188,191,192,194,198,200,199,197,194,194,199,203,204,213,216,218,217,215,216,216,216,215,217,218,218,219,217,209,199,171,155,152,164,186,204,210,217,215,219,219,217,220,219,211,205,199,199,202,210,215,218,218,218,215,216,216,217,216,216,216,216,215,216,217,216,216,216,217,218,219,218,217,217,218,217,217,217,216,217,217,217,218,217,209,199,171,150,134,134,150,178,196,196,196,198,200,200,202,209,214,212,212,208,201,198,200,201,199,200,197,196,195,198,201,201,195,189,197,198,200,200,196,194,188,181,185,183,182,183,189,198,195,184,182,188,188,188,194,199,200,204,198,195,194,196,199,202,205,207,197,188,181,174,169,176,187,189,185,185,186,189,193,199,203,205,197,193,188,183,182,184,188,192,201,202,204,204,202,200,200,201,199,202,202,197,187,175,163,155,144,147,161,172,182,191,189,185,186,188,192,194,196,199,203,206,207,203,200,199,197,197,202,209,213,219,224,225,224,225,226,226,226,226,226,226,226,226,226,226,225,223,222,222,219,213,206,203,199,200,202,206,193,195,196,199,196,199,203,208,212,215,214,212,206,200,192,191,193,193,198,207,208,207,204,196,185,180,184,191,205,210,215,218,217,212,203,195,188,183,183,190,196,197,198,200,200,203,200,192,185,182,184,189,198,199,199,196,193,189,185,182,186,182,181,186,186,181,180,183,190,193,195,193,191,190,191,192,199,198,199,202,204,202,202,202,206,209,210,207,202,197,194,192,199,207,214,215,214,215,217,217,210,209,207,204,202,203,206,209,209,216,220,220,221,221,220,222
199,197,195,194,194,193,190,188,186,185,188,193,196,195,194,195,191,189,189,192,195,195,195,194,195,195,193,191,191,192,192,189,188,190,191,190,189,191,198,204,209,211,211,208,202,195,189,185,185,185,185,186,187,189,191,192,194,196,195,196,199,198,195,195,192,190,189,189,192,198,204,208,214,212,211,211,212,213,214,216,215,214,213,212,209,206,206,207,209,211,211,210,207,201,199,203,203,203,205,202,191,179,178,185,183,189,196,198,195,191,189,190,193,198,206,210,210,205,199,195,185,185,184,182,182,183,185,187,184,185,187,188,190,192,193,194,194,192,192,193,192,193,197,204,202,204,206,206,206,203,198,193,192,186,183,185,188,189,193,197,195,197,196,193,192,196,201,205,211,215,218,218,216,216,216,216,216,217,217,217,218,218,212,205,189,171,163,167,184,201,208,215,215,218,217,216,219,220,217,216,213,211,212,216,218,218,217,218,218,217,217,216,215,215,215,216,216,217,217,217,217,217,217,218,218,218,219,219,218,217,217,218,217,218,217,216,218,218,213,205,184,162,141,133,142,166,190,199,202,202,201,200,201,207,214,214,213,209,202,198,200,201,200,200,196,195,195,198,203,203,199,194,197,197,200,200,197,195,190,182,174,176,178,179,180,186,188,183,178,179,181,186,194,198,203,210,207,202,198,197,197,198,201,203,202,192,184,180,177,180,187,192,192,191,191,192,195,200,205,209,208,200,192,187,181,177,178,183,192,194,197,198,198,198,199,199,200,203,204,203,196,185,169,158,136,134,148,164,177,188,192,196,198,200,203,206,210,212,214,215,216,212,209,206,203,201,205,212,217,221,225,226,225,225,226,226,226,226,226,226,226,226,226,226,226,224,224,225,223,218,212,210,200,200,200,203,197,202,197,190,196,195,194,198,205,209,205,197,192,190,184,179,181,187,196,206,206,207,206,196,183,177,184,193,199,204,209,212,213,210,204,198,199,196,192,186,183,185,193,201,205,211,210,201,192,185,185,190,194,197,199,195,189,186,186,186,181,178,180,187,191,190,189,190,196,198,198,196,194,194,195,196,203,203,204,205,204,201,199,199,202,207,210,208,204,202,203,203,200,204,209,212,213,212,214,216,217,217,216,213,210,209,210,212,215,220,222,221,221,220,219,220
200,198,195,194,193,192,191,189,187,185,189,197,201,199,197,199,193,189,188,191,195,196,194,192,194,193,190,189,189,190,189,187,186,189,191,190,188,189,195,201,205,209,212,210,205,198,191,187,187,187,187,188,188,189,190,191,192,192,190,192,197,196,191,188,185,182,180,180,185,193,202,208,212,214,214,213,213,214,214,213,215,214,212,211,208,205,205,207,209,210,210,208,200,187,183,188,194,198,200,199,189,173,170,181,177,184,193,197,197,195,194,195,199,203,209,213,212,207,201,197,192,187,185,188,188,187,191,197,196,196,195,194,193,192,190,189,188,187,187,188,189,191,198,205,205,207,207,206,204,201,198,195,193,190,189,191,191,189,187,186,179,186,193,196,195,195,199,202,207,212,217,219,217,216,216,217,216,217,217,216,217,218,216,212,203,188,177,174,184,199,207,214,217,219,218,216,218,218,218,221,220,219,218,219,219,218,218,219,219,218,217,216,216,216,217,217,218,217,217,216,216,215,214,214,214,216,219,219,218,218,218,219,218,219,217,216,217,219,216,213,199,177,153,136,132,148,176,196,205,203,202,200,201,205,211,215,214,211,203,199,200,201,200,201,200,198,198,202,207,208,204,201,196,196,199,201,200,198,194,187,174,176,182,184,179,178,181,183,169,163,169,182,191,195,203,211,208,203,198,194,192,193,197,200,205,198,191,189,188,186,188,195,195,194,191,189,189,193,199,204,210,201,193,189,183,176,176,182,190,193,197,201,202,203,204,204,207,207,207,207,203,192,174,160,139,132,143,161,175,185,192,202,206,207,210,214,217,220,220,220,222,220,217,213,208,204,206,211,217,221,225,226,226,226,227,227,226,226,226,226,226,226,226,226,227,226,226,227,227,222,217,214,206,205,201,197,193,197,189,176,181,179,176,179,188,196,196,190,181,181,175,171,176,185,195,202,204,203,201,196,190,185,185,187,191,196,203,210,214,215,211,208,202,200,192,181,176,183,196,206,209,212,209,204,200,193,186,183,185,192,197,195,190,187,188,190,184,183,186,191,196,196,195,193,193,195,197,196,195,196,196,195,205,207,207,204,199,197,196,196,198,203,208,208,206,207,209,212,209,207,209,214,215,214,215,218,219,221,222,219,215,212,211,211,211,215,216,216,218,219,218,219
202,200,197,195,193,192,190,189,191,191,196,203,207,206,204,204,200,195,191,192,195,197,197,195,194,193,192,191,192,192,191,190,190,192,193,191,189,189,192,195,199,204,208,206,201,196,191,187,184,182,181,181,183,185,185,185,187,187,184,186,192,192,188,186,183,181,178,178,182,191,201,207,209,211,212,210,210,211,211,209,210,209,208,207,205,204,204,206,210,212,211,205,195,181,173,175,186,195,198,201,200,187,177,183,184,191,199,204,205,203,203,204,206,209,212,214,212,209,204,201,202,196,192,194,196,195,199,205,208,206,204,201,197,192,188,186,185,184,184,186,190,195,201,207,208,208,207,204,200,198,196,196,194,193,194,196,195,190,184,180,174,182,192,199,199,198,198,200,203,209,216,219,218,217,216,217,216,217,217,216,216,217,218,217,209,200,193,184,185,194,201,210,216,218,218,218,219,218,217,219,219,218,218,217,217,217,218,219,218,217,216,216,216,217,217,217,217,214,212,211,209,206,204,203,205,209,213,216,218,219,219,219,218,219,218,216,217,218,218,217,208,191,168,146,130,133,159,185,200,202,201,200,201,203,208,213,215,212,204,199,200,200,200,202,203,200,200,203,207,208,205,202,194,193,197,200,201,201,198,193,184,183,187,190,184,178,177,177,162,155,160,174,182,188,197,201,204,201,197,193,191,192,196,199,204,205,199,194,192,185,182,189,189,189,187,184,183,186,193,198,205,201,197,194,189,183,183,185,189,193,198,203,206,206,206,206,208,206,204,204,202,195,180,167,154,145,152,167,180,189,195,204,208,210,212,215,217,219,220,221,224,223,222,219,212,206,206,208,212,215,220,224,226,227,227,227,227,227,227,227,227,227,227,227,227,226,226,227,227,224,219,215,204,203,196,186,178,176,170,163,162,167,170,172,177,183,186,185,175,173,168,171,181,190,192,193,198,199,201,204,203,198,189,183,188,193,202,211,217,219,217,215,207,202,192,183,180,184,192,198,205,208,206,204,203,199,188,182,184,191,198,199,196,193,192,192,194,194,193,192,191,191,189,187,185,188,192,195,197,198,198,197,201,204,205,202,198,198,200,202,201,206,210,211,211,213,214,214,216,214,213,215,216,217,217,217,215,218,220,220,215,211,208,207,207,210,212,214,218,219,218,219
201,200,198,196,194,191,189,187,192,196,200,203,207,210,208,204,204,201,198,197,198,199,198,196,195,195,195,197,198,198,196,194,195,195,195,193,190,188,188,187,191,198,202,200,196,191,187,182,173,169,166,168,173,178,180,179,184,184,182,183,189,191,189,190,186,184,182,182,185,192,200,204,209,211,211,207,206,206,206,205,201,200,200,201,201,202,204,207,211,216,214,207,199,191,182,178,184,197,202,204,208,202,191,190,194,200,207,211,212,211,211,211,212,213,214,214,214,212,210,208,208,205,200,198,198,201,205,207,210,208,205,201,196,191,186,184,185,183,184,189,195,201,206,209,209,207,203,199,195,193,194,196,196,196,196,196,197,195,191,186,184,187,192,198,201,200,200,201,201,206,213,218,219,217,216,216,215,217,218,217,216,217,217,217,214,209,205,193,184,186,190,200,211,215,216,217,219,219,218,219,218,219,218,217,217,216,217,217,217,216,215,214,213,211,209,207,207,203,200,197,194,189,186,185,192,197,205,211,217,220,220,218,218,218,218,217,217,217,218,217,214,202,183,159,135,127,144,170,194,201,202,200,201,202,206,213,215,213,206,201,201,200,200,202,201,198,198,202,206,206,204,202,196,194,196,199,201,202,201,197,192,184,182,185,183,179,174,170,164,157,158,165,171,182,192,194,204,204,202,199,195,195,197,199,201,207,203,193,187,181,178,181,185,186,187,187,187,189,195,200,205,207,206,200,193,189,185,181,180,184,191,197,200,201,201,200,200,200,200,201,203,200,191,183,174,165,167,174,185,197,202,206,209,212,215,217,217,217,220,222,222,224,225,223,218,211,208,207,207,211,216,222,225,226,227,227,227,227,227,227,227,227,227,227,226,226,226,227,227,225,220,216,204,198,191,182,174,165,162,163,160,168,176,177,176,173,170,168,161,161,163,175,187,188,185,185,192,200,209,213,210,203,193,188,190,193,199,207,213,216,216,216,210,202,194,191,189,188,190,194,201,209,213,209,206,201,196,194,193,196,198,199,199,198,195,193,197,198,195,189,184,182,183,183,184,188,192,196,200,204,206,206,200,204,207,207,206,206,208,210,209,212,215,217,219,219,216,213,214,215,213,211,213,217,216,212,213,216,219,220,217,213,210,208,213,216,216,218,221,221,218,219
200,199,198,197,194,192,189,187,192,197,201,201,204,208,206,200,201,201,202,202,202,201,198,195,196,195,197,199,200,199,196,194,195,194,193,191,188,185,182,180,184,192,197,196,192,188,182,176,168,163,160,162,169,175,179,179,181,182,180,181,186,189,190,193,189,188,187,188,191,196,201,204,209,209,207,202,199,197,196,196,194,193,194,196,199,201,205,208,213,218,216,209,205,200,192,186,189,202,208,206,207,205,200,199,202,205,210,213,214,214,214,214,213,212,212,213,213,214,213,213,210,209,204,199,197,201,203,204,208,206,204,200,196,192,189,187,191,189,189,192,197,202,205,206,208,205,201,197,194,193,196,200,201,203,204,205,205,203,196,189,184,183,188,197,204,203,200,200,200,203,210,216,218,217,216,216,215,217,217,217,217,216,217,217,216,213,210,196,181,175,177,187,204,212,216,216,218,218,217,218,218,219,219,218,218,217,216,214,214,212,209,206,203,198,193,190,188,184,181,178,173,168,166,167,178,187,198,208,215,220,220,217,218,218,218,218,217,217,217,216,216,210,194,172,145,127,133,153,185,198,203,201,201,202,205,213,215,213,207,202,201,200,200,202,202,199,200,206,210,210,208,208,204,199,198,200,201,203,203,201,197,186,178,178,182,183,180,172,168,162,157,156,163,179,193,197,206,208,208,204,198,195,194,194,196,204,203,194,187,185,184,185,187,189,192,192,192,192,195,198,202,208,209,201,193,189,182,174,175,179,186,192,197,200,201,201,199,201,203,206,208,207,202,197,190,183,183,182,188,199,204,205,208,212,216,217,215,215,217,220,219,221,223,223,220,215,211,208,207,208,213,219,223,225,226,226,227,227,227,227,227,227,227,227,226,226,226,226,228,227,222,217,208,198,189,182,178,164,160,164,169,170,172,172,169,163,158,157,151,156,167,180,188,184,181,184,193,199,206,210,210,205,197,190,189,190,193,199,206,211,215,218,212,205,201,199,196,191,193,199,206,213,214,211,211,210,206,204,198,197,195,194,197,200,201,200,198,199,197,191,185,184,187,190,190,192,195,198,202,208,213,216,208,209,211,212,211,208,207,208,211,212,215,217,219,218,212,206,208,213,213,211,213,218,218,213,218,219,221,222,221,219,216,213,215,216,216,218,220,219,216,218
200,200,199,198,196,194,192,191,194,196,198,198,200,202,200,196,196,199,201,202,203,203,199,195,196,194,194,196,196,194,190,189,187,188,187,186,183,179,176,174,180,187,191,191,189,188,183,177,173,170,168,168,173,178,181,183,181,181,178,179,185,189,189,191,190,190,191,193,197,201,205,208,210,208,205,200,195,191,190,191,193,192,193,196,200,203,207,211,214,218,216,211,208,203,197,194,198,205,210,209,208,207,206,206,208,210,212,213,213,213,214,214,212,212,212,212,214,214,214,213,210,209,206,200,196,197,199,200,205,204,202,199,196,193,190,189,194,194,193,194,196,198,201,203,206,203,199,198,197,197,200,203,204,207,210,211,210,207,197,187,174,173,180,194,204,204,200,198,200,201,207,213,218,217,216,216,216,216,217,217,217,216,217,217,217,213,210,196,177,163,159,167,191,207,217,217,217,217,217,217,217,218,218,217,215,212,207,202,198,195,191,187,183,179,174,170,167,164,162,160,156,151,152,155,168,181,196,207,213,218,219,217,219,218,218,218,218,218,217,217,217,215,205,186,161,135,127,137,168,190,202,201,202,202,203,210,214,213,208,203,202,200,200,202,203,201,202,209,213,213,212,212,208,201,198,199,200,202,204,203,201,193,185,181,184,190,187,178,173,167,156,150,157,171,185,193,199,204,206,203,197,193,191,191,194,198,203,201,195,192,191,188,185,187,190,190,189,188,189,189,194,200,204,200,194,189,183,177,178,181,185,191,197,201,205,206,203,205,206,208,209,208,205,201,197,193,196,193,193,199,201,204,206,210,214,216,215,213,214,215,217,218,220,221,220,218,214,211,206,206,209,214,219,222,225,227,226,226,226,226,226,226,226,226,225,225,224,225,226,225,220,215,205,194,183,173,171,156,154,161,175,172,172,173,171,166,165,169,164,172,182,191,195,192,189,191,195,197,201,205,209,209,203,196,190,190,193,199,206,211,216,219,222,217,211,206,200,196,197,200,210,213,210,207,212,216,213,209,201,200,198,195,196,201,207,209,204,205,204,200,194,190,192,195,195,198,200,201,203,208,213,215,215,210,207,208,208,205,204,207,212,214,216,217,218,215,208,202,200,206,211,213,216,220,222,220,222,221,221,221,221,220,217,215,212,213,212,213,215,214,214,218
201,201,201,200,198,197,196,196,195,193,194,196,197,195,194,193,195,197,198,200,203,204,201,197,195,192,191,192,191,188,185,183,179,181,183,182,178,175,172,171,179,184,187,186,187,189,188,184,180,179,177,176,177,179,182,185,182,181,178,180,186,189,189,190,189,190,193,196,201,206,210,212,213,210,207,204,198,192,191,193,196,195,195,198,202,206,210,214,214,216,215,214,212,206,202,203,206,205,209,212,212,212,211,209,212,213,214,214,213,213,213,214,214,214,214,215,215,215,214,213,211,209,206,201,197,195,196,199,201,200,198,195,192,189,187,186,190,192,193,193,193,197,202,206,202,199,197,197,198,199,202,205,204,206,206,205,206,205,198,189,175,172,176,189,200,201,200,200,200,200,205,212,217,218,216,216,217,216,216,216,217,217,217,218,221,215,211,197,174,154,142,146,175,198,216,218,218,218,218,218,219,219,217,213,209,202,193,185,178,175,171,167,165,161,158,155,154,152,151,150,146,143,145,151,162,179,197,208,212,215,218,218,220,219,218,218,219,218,218,218,218,220,214,200,176,145,127,128,150,180,199,202,204,203,201,206,213,213,208,203,202,200,200,202,200,198,200,206,211,210,209,209,206,198,194,194,195,198,201,201,201,198,194,187,186,191,189,178,180,174,159,149,153,160,169,179,190,196,201,200,196,193,193,193,195,196,205,209,202,194,188,181,176,179,182,184,185,184,185,185,190,196,201,202,198,192,187,185,180,181,184,188,194,200,204,207,204,204,203,202,203,204,202,199,193,193,202,203,200,201,202,205,207,210,215,218,218,216,214,212,217,218,219,220,221,221,217,214,206,204,205,210,216,221,225,228,225,225,225,225,225,225,225,225,225,224,223,222,223,222,216,210,202,194,184,169,166,152,156,168,177,178,184,190,188,181,182,188,189,195,199,201,205,205,200,198,191,198,205,208,208,209,209,208,197,197,201,207,211,213,214,216,221,218,212,207,206,208,209,207,207,212,210,206,209,214,216,216,209,210,209,203,200,203,209,214,212,211,210,207,200,193,191,192,197,202,205,206,206,207,209,210,216,206,199,201,204,204,208,214,217,220,222,222,220,216,210,205,191,197,205,212,216,219,222,224,222,220,218,217,218,218,215,212,215,215,212,212,213,212,213,218
201,200,198,197,195,194,192,190,189,191,193,194,192,187,185,185,188,195,201,202,201,200,197,195,185,185,187,186,181,180,180,177,176,178,180,181,178,174,173,174,181,186,185,186,192,192,187,187,189,183,181,182,184,185,186,183,183,181,177,177,187,194,192,189,192,193,196,201,207,213,216,218,216,214,210,205,200,197,196,197,198,200,202,203,205,207,209,210,213,213,213,213,212,211,210,210,211,212,212,212,211,211,212,212,213,213,213,213,214,214,214,214,215,215,214,215,216,217,217,217,216,212,208,203,198,194,194,197,198,198,198,196,193,190,191,194,197,198,201,203,202,199,197,197,195,194,194,193,191,190,194,198,198,199,200,201,205,206,199,191,180,175,173,179,191,201,203,200,200,201,200,204,215,217,215,218,216,216,216,216,216,217,217,217,219,218,215,205,182,155,139,135,159,185,210,218,217,217,218,216,217,219,217,212,206,197,184,173,162,160,157,154,150,149,148,149,149,151,155,159,164,170,177,182,190,195,203,211,215,217,218,218,217,219,219,218,217,217,218,218,216,219,218,210,193,164,134,118,136,159,190,199,198,202,204,206,211,211,209,204,201,201,201,200,201,196,196,203,210,209,206,205,201,202,200,196,195,198,201,202,201,200,194,183,176,177,179,178,175,172,164,152,142,143,155,168,181,194,203,206,207,204,198,195,197,197,200,206,206,198,188,183,178,175,179,185,187,188,190,191,195,197,201,206,206,201,192,187,181,176,173,177,186,193,197,198,200,200,200,200,201,203,206,208,203,198,198,203,202,196,195,199,202,207,215,221,222,220,216,214,217,216,218,219,218,220,220,216,210,207,203,205,212,217,222,227,225,227,226,225,224,221,218,219,218,216,215,214,214,215,212,205,202,199,194,180,172,170,173,183,194,194,198,203,198,190,192,201,199,208,214,213,211,210,206,201,200,204,210,213,213,211,212,214,212,209,204,204,206,205,206,211,216,215,211,206,204,207,211,211,209,210,211,212,212,215,219,223,219,214,211,210,206,202,205,211,217,215,210,203,199,198,197,195,203,206,209,209,207,207,207,206,207,206,203,200,200,203,208,212,220,222,223,222,216,208,202,200,190,191,197,207,215,218,221,223,222,218,215,215,217,218,219,220,222,220,218,218,216,214,214,215
196,195,194,193,192,191,190,189,189,189,190,191,188,184,182,182,184,189,195,198,199,197,194,191,180,176,178,182,181,179,178,176,174,176,180,182,181,178,177,177,183,191,193,194,197,194,188,188,191,188,189,192,193,195,194,190,186,188,185,184,191,196,196,195,197,197,200,204,209,214,217,219,218,216,213,210,206,204,204,205,205,206,207,208,209,210,212,213,213,212,211,211,210,211,211,211,212,213,213,213,212,212,213,214,213,213,213,214,215,215,215,214,216,215,215,216,218,219,220,220,221,218,214,209,203,198,198,199,200,201,203,203,201,197,195,196,199,201,204,204,201,197,192,189,189,189,189,189,189,188,188,190,192,194,196,199,203,205,201,195,179,173,169,174,186,198,202,201,198,200,200,202,209,216,217,216,216,216,216,216,216,217,217,217,217,218,218,212,195,170,147,134,146,170,198,212,216,218,219,218,218,219,218,212,204,192,177,165,150,150,151,152,155,160,165,169,174,179,185,190,195,199,203,206,209,211,213,215,216,217,218,219,219,220,220,218,218,218,218,217,217,218,219,216,204,181,152,130,126,144,176,195,201,205,203,203,207,209,209,205,202,200,196,192,193,194,196,199,203,206,206,204,206,206,203,199,196,197,200,202,200,201,198,188,180,178,181,183,175,169,161,150,135,128,143,163,179,193,203,206,206,204,198,193,193,193,194,199,201,198,192,188,191,184,183,189,190,189,190,190,189,192,197,202,205,203,196,190,178,176,175,180,187,194,198,200,201,203,204,205,206,207,208,209,206,200,197,198,197,192,187,186,195,201,209,216,221,222,220,218,217,215,216,217,218,220,219,214,211,208,203,204,212,217,220,225,222,222,218,215,215,213,211,213,211,209,209,209,209,211,210,205,201,198,195,188,186,184,178,181,192,197,204,207,205,202,204,209,214,218,223,224,222,218,214,212,211,210,211,213,211,207,207,209,211,212,207,203,203,204,205,208,215,218,218,216,213,212,213,214,213,213,213,212,212,213,216,219,219,214,209,206,204,202,203,206,213,212,210,206,205,206,207,207,214,214,214,211,208,205,204,204,203,205,202,195,191,195,200,202,209,212,215,215,210,202,196,192,185,188,197,208,217,221,221,220,220,221,220,218,218,221,222,221,219,216,214,212,210,208,207,208
195,194,193,192,192,191,190,190,191,189,188,189,187,183,181,182,181,185,191,196,197,194,190,188,179,173,175,182,184,181,179,177,179,180,183,185,184,180,178,177,186,195,198,197,197,191,184,184,187,190,196,200,202,204,202,196,191,195,194,192,195,199,200,202,200,201,203,206,210,213,215,216,216,215,214,212,210,210,210,211,211,211,212,213,213,213,214,214,213,212,211,210,210,211,213,214,213,213,213,212,212,212,213,214,214,214,214,215,216,216,215,215,216,215,215,216,218,220,221,222,222,220,217,213,207,202,200,200,206,207,208,208,204,199,194,193,198,202,204,203,201,198,194,190,194,191,189,189,189,188,186,186,188,191,194,197,202,205,203,199,188,179,170,171,180,191,198,199,197,198,199,199,203,213,218,215,217,216,216,216,216,217,217,217,217,217,219,218,209,187,160,141,145,164,189,207,214,217,217,217,218,220,219,214,206,195,180,169,163,165,168,174,180,188,195,199,203,207,211,215,217,217,218,218,219,218,218,217,216,217,218,219,219,219,219,218,218,219,218,217,220,217,219,219,212,197,169,140,121,129,159,186,200,203,200,203,203,207,208,206,203,199,192,185,186,191,194,195,200,208,208,203,205,204,202,199,195,193,195,199,197,199,199,193,185,181,183,187,182,172,163,152,131,117,131,157,170,186,198,201,203,203,198,193,191,191,192,196,201,204,201,197,194,183,179,182,184,184,184,185,181,185,189,194,199,202,197,190,185,182,180,182,186,191,196,201,202,203,204,204,204,203,204,204,204,199,194,193,192,187,179,173,181,190,201,210,218,223,224,222,221,218,217,217,218,221,220,214,211,207,202,203,211,216,218,222,219,218,213,209,210,208,206,207,208,206,206,205,202,203,203,200,192,190,189,186,188,190,185,188,198,207,214,214,214,216,219,219,223,223,224,227,225,221,217,216,217,213,211,212,211,208,208,211,214,219,216,209,207,209,210,211,214,218,222,221,216,210,210,212,213,213,212,210,209,210,212,214,220,216,211,208,208,209,210,209,213,213,211,210,210,213,215,216,218,215,212,208,203,197,195,196,190,196,195,187,184,190,196,197,203,208,213,214,209,201,192,186,185,191,200,209,217,222,221,218,217,221,221,215,212,216,218,217,217,215,213,211,209,208,208,209
193,192,191,190,190,191,190,190,193,190,189,191,189,185,182,183,182,184,190,196,198,195,190,188,182,178,180,185,186,185,182,178,185,187,189,189,186,181,179,180,189,198,199,195,192,184,178,180,182,189,198,203,205,209,208,201,196,201,201,199,200,201,203,206,204,205,206,208,210,212,214,214,214,213,213,212,211,212,212,213,213,213,214,214,213,213,213,214,213,213,212,212,212,212,213,213,214,214,215,215,215,215,214,214,214,214,214,214,215,215,214,213,213,213,212,213,215,218,220,222,220,220,218,215,210,205,202,200,208,209,210,208,203,197,193,192,195,199,201,199,199,200,198,193,193,190,186,186,185,185,185,186,189,192,196,199,202,203,202,199,192,181,169,164,168,178,188,195,199,196,198,199,199,208,217,215,217,217,216,216,216,216,217,217,218,218,217,217,214,200,177,157,157,168,186,203,212,214,215,217,218,219,219,217,214,207,198,190,195,197,201,206,209,213,216,218,217,218,219,219,218,217,217,217,216,216,217,217,217,217,218,218,218,218,217,217,218,219,219,217,220,216,218,219,215,207,184,152,128,124,143,172,192,200,200,204,202,205,206,204,201,197,189,182,177,182,186,190,199,207,206,199,201,200,200,199,195,191,192,195,196,198,199,196,189,182,179,179,179,169,162,154,137,124,136,158,166,183,195,199,204,207,204,200,194,194,195,197,203,208,205,200,188,180,175,176,178,181,184,183,186,189,192,194,201,207,205,199,196,190,182,178,179,183,191,197,199,199,199,198,198,199,201,203,204,202,197,193,190,183,171,160,162,174,191,204,214,220,222,222,225,222,220,218,217,219,218,214,210,205,199,201,210,215,217,220,219,217,210,205,204,201,197,197,196,195,196,196,193,194,195,194,192,194,197,193,194,196,196,203,207,215,220,219,217,221,223,223,223,222,222,222,222,219,215,213,215,214,213,212,211,211,212,214,216,222,221,215,212,209,208,211,209,212,216,218,214,208,207,210,214,214,213,212,212,213,214,216,222,221,217,214,215,216,215,211,210,209,207,206,208,210,212,212,213,207,203,201,195,187,185,186,179,185,188,185,183,188,195,198,204,209,214,215,211,203,193,186,192,198,204,208,212,217,219,218,216,218,216,211,210,213,216,217,221,220,218,215,213,211,211,212
187,186,186,186,187,189,189,190,195,193,192,192,190,186,182,181,181,183,189,195,199,197,194,191,184,185,187,188,186,188,186,181,187,190,193,192,189,185,187,191,193,202,203,197,191,182,176,177,181,188,198,204,206,211,212,207,203,206,206,204,205,206,207,209,210,210,211,212,213,214,214,215,214,213,213,213,213,213,213,213,213,214,215,215,214,213,213,213,213,214,214,215,214,214,213,212,215,217,219,220,220,218,215,213,211,211,211,211,211,211,210,208,205,205,205,207,209,213,217,220,221,222,221,219,214,208,204,201,202,207,210,209,203,198,195,194,193,197,200,199,198,199,196,191,190,188,186,186,186,186,188,190,189,193,197,200,202,201,200,197,191,182,170,161,161,170,185,198,202,197,198,201,199,204,213,216,217,217,216,216,216,216,217,217,218,218,216,215,215,209,193,177,168,172,184,200,211,214,216,219,218,218,219,219,219,218,215,211,214,216,218,219,219,219,219,219,219,219,219,218,218,218,218,219,217,217,218,219,219,219,219,218,218,218,218,217,218,220,219,217,219,215,218,219,216,215,200,173,144,125,128,154,182,199,201,203,202,205,206,204,201,196,186,177,165,169,176,186,194,200,201,199,201,201,202,203,200,195,194,195,200,198,198,197,193,183,174,167,171,165,161,157,151,147,155,167,174,188,197,201,207,212,211,208,198,197,194,194,198,202,201,197,190,187,184,180,179,186,190,187,189,190,190,191,197,206,207,204,199,191,181,175,175,179,186,191,195,196,198,199,200,202,205,207,208,208,205,197,189,178,163,150,146,160,181,198,210,217,220,221,224,223,223,221,217,215,213,208,206,202,197,200,209,215,218,221,219,216,207,199,197,193,189,188,188,189,193,197,197,199,204,205,200,204,209,205,203,202,199,205,208,213,218,220,219,219,220,221,222,223,222,219,220,221,218,212,212,216,217,212,209,210,211,210,212,215,217,216,212,204,202,205,206,208,213,217,217,213,211,212,217,218,218,218,218,219,220,221,220,221,219,215,214,213,208,202,201,198,197,199,203,206,208,208,211,206,201,199,194,185,181,181,180,183,187,189,188,188,192,196,202,206,209,209,207,203,198,193,198,203,208,208,209,213,217,219,217,214,213,215,216,216,218,221,223,223,220,217,212,209,207,206
186,185,185,186,188,190,192,193,195,196,196,193,190,187,184,181,180,184,189,194,199,202,200,197,190,194,196,193,190,193,194,188,192,194,197,197,194,192,194,199,197,205,206,200,195,186,177,177,183,189,198,204,206,211,213,210,210,212,210,209,211,212,211,212,212,213,214,214,214,214,214,215,213,213,213,213,214,214,214,213,215,215,216,216,215,214,214,214,216,217,218,219,219,217,215,213,214,216,218,220,219,216,212,209,206,206,206,206,207,206,205,203,198,199,199,201,204,209,215,218,222,223,223,220,216,211,205,200,198,204,209,209,204,198,193,189,189,194,199,201,202,202,198,193,192,190,190,190,190,188,187,187,187,190,194,198,199,199,198,197,192,184,174,165,160,166,182,197,204,200,200,202,200,200,208,216,217,217,217,216,216,216,216,217,217,218,217,217,217,214,204,194,182,181,186,197,208,213,217,219,219,218,217,218,219,220,220,220,218,219,219,218,218,218,219,220,219,219,220,220,220,219,218,218,218,218,217,218,219,220,221,221,219,220,219,218,218,219,219,217,220,219,219,218,216,217,208,190,163,134,121,137,169,195,200,200,201,203,205,204,202,196,185,175,163,166,175,185,191,193,199,206,204,204,205,206,204,199,195,194,197,196,195,197,196,190,178,169,179,177,173,169,167,169,172,174,184,192,196,198,203,208,208,207,199,195,190,189,192,198,201,202,196,195,191,184,179,184,188,186,182,182,181,181,187,196,200,200,196,190,184,180,179,181,185,189,194,197,201,203,203,203,204,205,205,207,206,200,191,179,163,150,145,155,172,192,206,214,219,224,222,223,226,225,219,214,210,204,203,200,196,199,209,216,219,223,220,216,207,200,198,195,193,194,198,198,202,205,205,207,212,214,209,208,209,205,204,203,198,201,206,211,217,223,223,221,220,221,219,220,218,214,215,219,217,211,207,213,216,213,209,210,210,209,208,211,214,218,218,211,208,211,212,214,217,221,222,219,215,213,217,218,219,220,220,220,219,219,213,214,214,213,212,210,204,197,195,191,191,196,205,211,213,213,215,211,207,203,198,190,184,182,184,185,189,193,194,192,193,197,201,203,203,202,202,203,203,201,200,206,211,213,212,213,217,219,218,213,213,218,219,216,214,215,217,219,219,216,212,209,206,204
188,187,186,186,187,189,190,191,191,195,195,190,188,189,188,185,185,191,196,198,203,208,209,206,203,203,204,201,198,199,201,198,200,200,202,202,201,199,200,202,201,208,206,201,198,190,182,181,190,192,199,206,208,211,213,211,213,214,212,212,214,213,212,214,212,213,214,214,213,213,213,213,213,213,213,214,215,216,215,214,215,216,217,216,215,214,213,213,215,217,219,220,219,217,215,213,212,213,214,215,215,211,207,203,201,201,201,203,203,203,202,201,199,199,199,200,202,207,213,217,220,222,223,221,217,213,207,202,199,203,207,207,203,198,191,185,187,190,195,199,202,203,201,199,192,189,187,187,187,185,182,181,185,187,190,193,196,197,197,197,194,188,179,170,163,164,177,190,204,204,203,201,200,199,204,213,217,217,217,216,216,216,216,216,217,217,218,219,218,216,210,205,198,191,187,190,199,207,214,218,219,218,218,218,219,219,219,219,218,219,219,219,218,219,220,221,219,219,219,219,219,218,216,216,217,217,216,217,218,219,219,219,216,218,218,217,218,219,219,219,219,220,219,216,216,216,211,202,181,152,131,128,149,180,195,199,200,202,203,203,203,199,191,182,174,173,175,181,186,191,198,206,203,203,203,202,202,199,195,191,191,193,195,197,198,196,188,179,185,184,181,176,177,182,185,183,191,193,191,192,198,202,203,205,202,197,192,191,193,198,203,207,202,196,191,184,178,178,182,183,183,182,181,182,186,192,197,200,199,196,192,188,183,181,182,184,190,194,199,201,201,200,200,201,202,204,206,203,198,188,175,164,155,154,163,180,196,206,214,222,222,222,224,223,218,215,211,205,201,199,197,200,210,216,221,225,223,221,215,209,207,203,200,201,201,199,200,203,202,205,210,213,219,216,215,210,210,209,202,204,206,210,216,220,221,220,220,221,215,213,209,205,206,209,209,207,202,205,209,213,213,212,212,213,210,214,217,220,223,220,216,217,215,216,217,218,218,218,215,212,215,216,217,218,219,218,216,215,212,211,212,214,217,215,208,202,193,188,187,195,206,213,215,214,213,210,206,203,199,195,189,186,186,186,189,193,197,199,200,201,203,205,206,204,204,206,205,202,199,203,208,213,214,213,213,215,218,214,213,214,215,213,210,209,213,217,220,219,217,215,212,210
187,186,184,182,182,183,183,184,183,190,191,185,184,188,190,187,193,200,204,204,207,214,216,212,213,209,208,207,203,202,203,203,203,202,203,206,207,206,205,206,207,211,207,201,199,194,187,187,196,197,203,209,211,212,214,213,212,214,212,212,214,212,211,213,212,213,214,214,213,212,213,213,213,213,214,216,218,219,218,217,215,215,216,215,214,212,211,211,211,212,214,215,215,214,212,210,212,212,213,213,212,209,204,201,198,199,200,201,203,203,202,201,204,204,203,202,203,207,212,215,218,221,222,222,220,217,211,207,200,202,203,203,203,201,194,188,189,188,190,193,197,198,199,200,194,189,185,186,189,189,188,186,185,185,187,190,193,195,197,198,201,196,189,182,174,173,183,194,202,208,205,199,199,199,202,209,217,217,217,216,216,216,216,216,218,217,217,218,218,215,212,210,205,194,183,180,188,200,211,218,219,218,219,220,220,220,218,218,218,219,220,220,219,218,218,218,219,219,218,217,218,218,218,218,219,218,218,218,218,216,214,212,211,214,216,216,216,219,220,221,215,218,217,214,217,219,216,213,194,171,145,125,132,163,188,201,200,201,201,201,203,203,198,191,186,177,170,171,180,188,194,196,201,201,200,198,199,199,195,189,190,195,198,198,197,196,191,184,173,175,174,173,178,187,194,195,196,194,190,191,198,203,205,209,209,204,199,197,196,196,199,203,208,197,190,186,180,177,181,186,186,184,183,184,187,191,196,200,204,202,198,191,182,175,174,177,184,188,193,196,197,198,201,203,205,207,209,209,207,200,188,178,162,153,153,168,185,195,205,215,223,220,218,216,213,213,212,207,201,200,197,201,210,217,221,227,226,227,223,217,212,204,197,196,195,192,194,198,201,207,215,219,221,223,226,222,218,211,201,200,206,209,211,211,211,214,216,216,213,208,202,200,200,201,203,206,202,200,205,214,217,213,213,218,214,219,219,217,219,218,213,209,209,210,210,208,209,213,215,214,216,217,219,221,221,220,217,216,218,215,214,218,222,220,212,205,191,185,182,189,201,207,207,205,205,203,200,197,196,195,192,188,187,189,190,192,197,203,204,202,206,210,212,211,209,207,202,196,196,197,202,208,210,208,207,208,217,216,213,211,212,215,215,214,214,220,224,224,222,220,216,213
179,184,186,181,178,180,182,181,177,184,189,187,186,190,194,197,199,202,205,208,211,214,216,215,215,213,210,208,207,207,207,207,207,208,209,209,210,211,211,211,211,211,210,207,202,198,197,197,205,204,208,211,211,213,214,212,213,213,213,212,211,213,215,217,216,214,213,212,213,213,214,214,214,214,215,217,219,219,217,216,217,214,211,210,209,208,204,201,204,205,208,211,210,208,207,208,209,212,214,214,212,211,207,204,199,198,199,202,204,203,204,206,207,206,206,206,205,206,209,212,219,221,222,223,222,219,213,208,202,199,203,204,197,196,195,185,184,186,190,196,199,199,199,200,199,192,188,190,189,186,184,185,184,186,188,191,195,197,200,201,204,202,199,193,183,177,180,187,198,206,208,202,199,200,201,204,212,217,218,216,215,216,217,216,216,217,218,217,218,218,216,213,204,195,180,167,170,186,205,215,217,220,220,219,220,219,217,218,218,219,222,221,218,219,219,216,220,218,217,217,216,215,216,219,218,217,220,215,212,213,204,194,202,206,213,218,219,217,218,220,219,219,218,218,217,217,217,217,205,183,160,137,123,142,176,193,200,198,200,202,203,203,200,193,188,180,166,164,174,178,181,192,197,200,201,201,204,207,204,200,197,197,197,197,200,200,196,190,180,172,174,177,174,181,194,198,193,197,197,195,197,205,210,208,209,207,203,196,191,190,193,195,203,203,196,192,194,190,184,183,188,186,184,181,178,179,184,191,199,199,195,189,183,180,180,180,187,190,196,201,203,204,204,205,209,208,208,209,207,201,193,189,164,154,152,156,167,181,193,205,211,215,217,215,214,214,212,209,206,209,203,202,211,215,217,226,225,227,224,216,208,200,195,195,194,197,199,201,206,214,220,221,225,226,227,224,219,212,203,197,201,202,203,203,201,201,204,208,209,204,201,199,197,195,199,206,205,199,200,208,215,215,214,216,219,216,213,213,214,215,214,213,211,212,212,211,212,216,220,220,221,219,218,218,218,217,216,216,218,215,211,210,213,213,203,191,185,173,174,186,194,199,203,201,193,194,197,197,194,193,194,191,188,187,189,192,193,193,199,206,203,201,203,207,207,203,202,204,202,201,201,205,211,214,213,210,217,218,216,214,214,217,218,216,216,218,220,221,222,219,212,206
181,186,188,184,179,178,181,182,178,186,192,192,192,196,200,202,206,208,210,211,212,214,215,214,213,212,210,209,210,210,211,211,210,211,212,213,213,214,214,214,214,214,213,210,207,204,204,204,211,210,213,215,214,215,215,212,213,214,214,213,213,214,216,217,218,217,214,212,210,210,210,211,211,211,212,213,214,214,213,212,210,208,205,204,204,203,201,198,199,201,205,208,209,208,208,209,209,211,212,212,211,209,207,204,201,199,198,200,203,204,207,209,213,212,211,209,207,206,209,212,218,220,222,223,222,220,215,211,204,198,200,203,200,198,197,192,189,188,189,191,194,196,198,200,197,193,189,190,190,188,188,190,189,189,190,193,197,200,202,202,203,202,201,196,187,180,182,187,193,203,207,203,199,197,198,201,208,213,217,216,215,217,217,216,217,218,218,218,218,219,218,215,206,193,171,152,150,167,193,211,218,220,220,218,219,219,218,218,220,219,221,222,220,220,220,216,212,211,210,209,209,209,210,212,217,215,218,213,203,191,182,185,194,199,207,214,218,219,219,218,219,219,219,218,218,218,218,218,213,196,170,147,129,127,153,187,197,198,200,202,203,202,198,196,192,184,169,163,169,176,181,188,200,204,206,205,205,207,206,203,197,193,193,197,200,198,195,193,185,181,184,186,181,182,190,195,193,194,195,194,194,196,201,205,204,203,200,196,192,190,193,196,205,208,205,197,192,187,180,175,181,181,181,180,178,178,183,188,197,200,200,195,189,185,183,182,184,186,190,196,201,204,204,202,203,204,205,204,204,201,193,185,167,160,150,137,144,169,186,196,208,212,215,214,214,215,216,214,213,213,205,203,211,214,216,226,224,225,222,217,212,204,198,197,193,194,196,198,203,210,216,218,220,220,220,220,216,209,202,198,196,195,194,193,191,192,197,202,205,201,198,196,194,193,196,201,205,203,204,207,213,216,218,218,217,218,217,215,216,219,221,220,218,215,213,214,215,214,217,221,218,214,211,210,211,212,211,209,211,211,210,210,211,207,195,182,176,165,167,181,188,192,195,194,186,185,186,189,188,189,190,188,189,190,192,195,194,195,199,205,204,203,204,209,211,210,208,208,209,205,201,203,208,213,215,214,214,216,217,215,213,212,213,213,210,212,215,217,219,219,215,210
184,187,188,183,175,172,174,177,180,188,196,198,199,201,204,205,210,211,212,211,212,213,212,211,212,211,210,210,211,212,213,213,212,213,214,214,215,214,214,214,214,214,213,212,210,209,209,210,213,211,213,216,216,217,217,215,214,214,213,213,213,213,214,215,217,216,213,209,205,204,205,206,207,208,208,209,210,210,210,209,207,205,203,203,204,204,203,201,200,200,201,202,202,202,203,205,209,211,212,211,211,210,208,206,206,202,198,199,203,207,211,214,217,216,214,211,207,205,207,211,216,219,221,222,223,221,218,214,208,201,198,201,203,200,199,199,190,188,186,187,191,195,199,202,199,197,194,191,188,187,188,188,187,186,186,190,195,199,201,201,202,203,203,200,192,185,184,188,194,204,210,208,202,196,194,199,203,210,216,217,216,217,217,216,218,218,218,218,219,220,219,218,212,197,172,147,135,147,177,204,216,220,220,218,220,220,218,219,221,218,218,221,220,218,214,209,201,198,193,190,190,193,198,201,205,206,207,200,187,169,159,169,177,190,204,213,217,219,219,217,219,219,219,218,218,218,218,219,217,211,186,160,140,122,133,171,192,198,198,199,203,202,198,199,192,188,179,169,166,171,179,184,193,199,203,203,202,202,202,202,197,191,190,196,200,198,197,199,190,185,181,179,174,173,181,191,194,193,194,196,194,191,196,204,206,206,205,203,198,194,195,198,201,207,209,201,190,185,181,174,180,183,186,187,185,183,186,190,197,203,207,204,197,190,185,182,177,182,186,190,194,198,200,199,197,200,200,198,199,199,193,184,169,162,145,121,121,148,170,183,201,207,211,211,212,216,219,220,218,215,206,204,210,213,216,225,223,224,219,213,208,199,190,187,181,180,182,185,190,196,202,206,211,210,210,211,209,203,198,197,190,188,185,183,183,186,193,200,205,203,200,197,197,198,201,203,208,210,210,209,212,217,220,220,219,221,220,216,215,217,220,221,219,212,208,212,212,208,211,218,217,214,209,206,209,214,214,211,214,215,215,213,208,198,180,166,160,148,148,159,165,169,175,177,174,170,172,180,184,187,189,189,191,195,199,200,199,199,202,206,207,207,207,209,212,212,209,207,205,200,196,197,202,208,212,213,208,211,215,216,214,211,212,214,211,213,215,217,220,222,221,218
185,184,183,179,172,168,171,176,185,193,201,204,204,205,206,207,210,211,211,210,210,212,212,211,211,210,210,211,211,212,212,211,213,213,213,214,213,213,212,211,213,213,213,212,211,211,211,212,213,211,213,216,216,218,218,216,213,211,209,208,208,208,209,210,212,212,209,204,200,198,200,203,207,208,208,208,208,208,208,208,207,206,205,206,209,210,209,208,206,203,199,197,196,196,198,201,207,210,212,212,213,213,212,210,209,204,199,198,203,209,214,215,217,215,213,209,205,203,205,209,213,216,220,222,223,222,219,216,211,205,198,198,202,202,200,202,195,190,187,186,189,193,197,201,201,201,198,191,186,186,186,186,187,186,185,187,190,193,195,196,199,201,203,202,196,190,188,189,194,201,207,207,202,194,190,194,199,206,214,217,217,217,216,216,217,217,218,218,218,219,220,220,219,207,185,158,135,135,162,192,210,218,220,219,220,220,219,220,220,217,218,219,216,210,202,193,182,177,175,177,179,178,177,178,183,187,185,173,164,151,140,147,165,186,207,216,216,217,218,219,219,219,218,218,218,218,219,219,216,219,200,174,154,133,129,147,182,196,198,195,202,204,200,201,187,185,180,168,155,157,170,180,184,191,198,200,200,200,200,200,200,195,193,196,199,198,198,199,193,185,175,170,169,167,174,186,194,193,195,198,196,195,199,206,210,210,210,208,202,195,193,196,194,198,205,202,192,190,190,184,185,188,192,193,189,185,184,185,190,198,206,206,200,192,186,183,176,183,188,188,188,191,194,196,196,196,193,189,188,187,183,179,163,152,138,121,118,135,157,177,198,203,208,211,213,216,220,222,216,214,206,202,207,212,215,220,221,221,214,206,198,187,177,173,172,170,171,176,180,184,189,194,201,198,199,202,202,197,195,196,189,187,184,184,186,192,201,208,211,211,209,207,208,211,213,213,214,216,217,216,215,218,220,221,220,219,218,215,213,212,215,219,220,212,207,209,209,207,212,219,220,220,216,210,210,215,217,216,214,215,214,208,197,180,160,145,139,129,133,144,149,152,158,160,155,153,159,171,178,183,187,189,192,197,202,201,199,198,199,200,204,206,206,205,206,208,207,205,199,198,196,197,200,205,209,212,210,211,214,217,217,215,214,215,216,217,217,218,219,222,222,222
187,182,179,177,174,173,177,183,192,198,205,208,208,208,209,209,209,210,211,210,211,212,213,212,211,211,211,211,212,213,212,212,213,213,213,213,213,213,213,212,213,213,212,212,211,211,211,212,214,212,214,216,216,217,217,213,210,206,203,201,200,200,202,205,208,208,206,202,199,198,202,205,211,212,211,210,207,205,205,205,204,204,205,208,211,213,213,212,209,206,202,199,198,197,198,200,201,204,208,211,213,216,216,215,210,205,200,199,204,210,213,214,216,213,210,206,202,200,202,205,208,213,218,222,223,222,219,216,211,209,200,195,198,203,203,203,204,198,191,186,185,188,193,198,199,201,199,192,188,189,190,190,192,192,191,190,189,190,193,194,197,199,202,203,201,196,194,195,199,202,204,206,204,196,191,193,193,201,210,215,216,216,216,216,216,216,216,217,218,218,219,220,220,214,200,174,144,132,150,176,202,213,221,221,220,220,220,222,221,219,220,219,212,200,184,169,162,156,154,159,161,158,157,159,159,157,153,147,147,142,137,150,175,193,211,217,216,217,218,219,218,218,218,218,218,218,218,219,216,219,210,188,164,144,134,133,162,189,201,198,200,202,201,203,195,187,178,168,156,156,170,182,184,190,197,202,204,203,201,198,200,198,196,195,195,196,197,196,197,189,180,178,178,174,174,179,192,195,197,197,196,198,200,201,205,206,208,208,202,195,191,191,193,193,200,205,199,195,193,188,183,185,189,190,187,182,179,178,183,191,200,203,201,196,191,188,184,185,185,183,183,185,186,185,185,181,176,172,166,162,162,166,155,147,141,132,129,140,159,180,198,202,208,210,212,215,219,221,212,212,207,200,203,209,212,211,214,213,207,198,189,179,172,171,174,172,173,177,180,181,185,189,189,186,188,193,195,193,193,195,192,190,189,191,196,203,212,219,220,221,220,218,219,222,223,221,221,222,223,223,221,218,218,221,219,214,212,215,215,213,216,221,225,220,215,211,210,211,215,220,218,222,221,213,208,209,213,214,214,214,211,203,188,169,150,137,122,121,133,148,151,152,153,150,149,150,160,173,179,181,185,188,188,193,197,197,195,194,193,193,198,203,204,203,203,206,209,209,205,205,205,203,202,204,209,212,217,214,214,216,219,218,215,212,213,214,214,213,213,216,219,219
191,186,181,178,178,179,183,188,196,201,207,209,208,207,208,209,209,210,211,210,211,212,212,210,211,211,211,212,214,215,216,216,214,214,214,214,214,214,214,215,211,211,211,210,209,208,207,207,208,206,209,213,214,216,216,212,208,203,198,197,196,196,199,203,207,207,206,204,201,202,206,209,215,216,215,212,207,203,201,201,202,203,206,209,213,215,215,215,211,208,205,203,201,198,196,196,195,199,203,207,211,215,217,217,212,208,203,202,206,212,214,214,214,210,205,202,199,197,198,200,207,211,217,220,222,222,219,217,212,210,203,195,195,202,205,204,208,202,194,187,184,186,194,201,201,203,201,197,193,193,195,195,195,196,196,195,193,194,197,200,199,201,204,206,205,204,203,203,206,205,203,203,202,195,188,187,190,196,206,212,216,216,217,217,215,215,216,217,217,217,218,220,219,218,210,189,159,141,149,168,195,209,219,220,220,220,220,222,220,220,221,217,205,188,162,138,127,132,142,151,154,150,145,142,129,112,106,117,134,144,155,180,198,206,213,215,217,218,219,218,218,218,217,217,217,218,218,218,219,217,215,203,176,151,138,132,142,175,200,203,200,199,199,203,203,193,183,179,175,172,175,181,188,192,197,201,202,199,193,189,187,189,190,189,190,193,196,197,200,193,186,183,179,175,173,173,187,194,197,195,194,196,196,192,199,202,206,207,205,201,196,193,196,194,199,206,206,199,191,186,179,181,185,190,191,189,187,186,189,195,202,206,206,203,198,194,187,180,172,170,172,173,170,165,160,156,154,152,148,144,148,155,159,159,158,148,145,156,170,183,198,201,204,206,208,210,212,213,210,210,206,200,199,203,204,200,203,203,198,190,183,177,173,174,176,175,176,178,179,180,181,183,182,180,182,187,191,192,194,196,194,192,192,195,201,208,215,221,224,225,226,224,224,226,226,224,226,225,226,227,225,220,218,219,221,215,213,216,217,215,217,221,223,223,218,211,206,207,210,211,211,217,219,214,208,208,211,214,219,218,214,204,188,168,150,138,125,128,141,152,152,153,153,148,153,157,169,179,181,180,183,184,184,187,193,196,198,197,197,198,201,205,208,207,206,208,211,213,210,210,207,202,198,197,201,205,212,210,209,210,214,217,215,211,210,211,211,210,211,215,218,220
192,190,186,183,182,185,189,193,202,204,207,208,206,204,205,207,210,211,212,212,212,213,212,211,211,211,211,213,215,217,218,218,216,215,213,212,211,210,210,211,208,208,207,207,205,204,202,201,200,200,204,210,213,215,215,211,207,202,197,197,197,198,201,205,209,208,207,205,204,204,207,210,217,218,218,214,209,204,201,201,201,204,208,212,216,218,218,218,213,209,206,204,201,199,197,197,199,201,203,205,208,213,215,216,212,209,206,204,208,213,216,215,213,208,203,200,199,199,200,201,207,212,217,219,220,221,220,218,215,210,207,200,193,198,205,204,207,204,199,193,189,190,197,204,205,205,204,201,198,197,198,199,197,198,199,199,199,200,202,204,204,205,205,205,204,204,203,203,200,200,197,196,197,192,186,183,191,197,205,212,216,217,217,216,215,215,216,218,218,217,218,220,220,219,215,202,179,161,161,170,193,206,215,217,220,221,220,220,218,219,219,213,200,179,143,109,92,124,160,179,184,177,160,143,118,83,67,88,125,156,179,204,213,213,213,215,216,218,218,217,218,218,217,217,217,217,218,218,219,216,217,212,192,165,146,137,136,159,186,200,201,199,198,201,199,195,186,182,183,179,175,177,189,191,194,195,192,186,179,175,173,176,180,183,184,187,192,197,200,194,190,182,171,168,172,171,179,189,196,195,194,195,194,191,198,203,207,209,210,208,203,197,195,195,195,200,205,201,192,187,185,185,187,192,196,195,194,193,193,196,201,205,208,207,201,195,187,175,164,161,162,160,156,154,150,149,150,151,149,149,153,158,168,171,174,164,162,173,181,189,201,200,200,201,202,203,205,207,208,205,202,199,194,193,194,193,191,191,186,182,181,178,176,178,179,181,183,185,186,187,187,186,189,190,191,194,197,200,202,203,201,199,197,199,204,208,214,218,222,224,226,226,225,225,225,225,226,227,227,227,226,225,222,219,220,219,216,214,214,215,215,215,216,218,217,211,205,204,205,206,209,213,218,218,216,214,214,215,217,217,214,206,191,172,153,143,141,145,154,157,155,158,161,156,160,166,177,184,184,184,184,183,188,189,193,199,201,200,199,200,200,204,208,209,208,207,209,210,210,208,203,198,194,193,196,198,203,207,208,207,210,216,217,214,212,214,214,212,212,215,219,221
189,190,189,187,188,192,198,203,208,209,210,209,205,203,204,206,212,214,215,215,216,216,215,214,212,212,212,212,214,216,218,218,216,214,211,208,205,204,203,203,207,207,206,206,204,202,200,199,201,200,204,210,213,215,214,210,207,202,198,199,200,201,203,207,209,209,207,205,204,204,206,208,215,217,218,215,210,206,204,204,202,204,209,215,219,220,220,220,213,208,204,202,202,202,204,206,206,207,206,206,207,211,213,214,209,207,204,203,206,211,215,215,215,209,204,203,204,205,206,207,209,213,217,218,219,221,221,220,220,211,209,204,193,194,203,204,207,207,205,202,196,194,197,202,205,205,204,204,202,200,201,203,205,204,203,202,202,203,203,203,205,204,202,200,198,197,197,196,194,196,196,197,201,200,196,194,196,200,206,213,217,218,217,216,215,215,217,219,219,218,219,221,220,219,218,210,194,177,172,174,193,205,212,215,219,222,220,219,220,221,219,212,200,177,134,93,94,139,186,206,212,212,197,176,143,94,64,81,130,177,202,214,214,214,215,216,216,215,216,218,218,218,218,217,217,217,218,218,215,218,217,214,206,182,154,140,141,148,169,193,203,201,199,198,201,202,191,180,180,179,178,183,190,191,192,191,186,178,171,167,170,171,176,181,181,179,184,192,198,196,197,187,170,167,173,172,173,184,195,198,197,197,197,197,198,203,208,209,210,210,203,195,189,192,189,190,200,203,197,193,194,192,190,192,193,191,187,184,183,186,190,197,203,204,199,192,189,179,169,164,160,155,154,157,160,162,164,164,163,164,165,165,169,173,179,176,176,184,191,199,205,202,200,199,200,201,204,205,206,199,197,198,192,186,187,191,180,180,178,178,182,184,183,184,189,193,197,198,200,203,202,199,204,205,206,207,209,212,213,212,211,207,205,205,208,211,214,217,219,221,225,227,226,225,226,228,225,228,227,224,225,228,225,218,215,219,217,210,209,213,213,210,213,217,220,217,212,208,209,211,216,217,220,223,222,219,215,213,215,216,216,212,200,182,165,155,150,157,167,170,167,173,176,170,173,179,190,197,197,198,198,196,197,195,195,199,198,193,190,190,191,194,200,204,205,205,204,205,209,207,203,200,199,199,199,200,203,210,214,211,210,215,219,217,215,216,216,213,212,213,216,218
182,190,196,198,200,205,208,208,213,213,212,210,207,206,206,207,216,217,219,219,219,217,215,214,212,209,207,208,211,214,216,218,216,213,209,204,201,200,201,202,203,207,208,209,210,208,205,206,208,206,205,206,209,210,209,207,204,200,197,198,200,203,206,208,210,211,208,205,206,207,210,215,218,218,217,214,209,205,202,201,202,205,208,212,217,222,222,219,218,212,206,205,204,203,205,208,207,207,206,206,207,208,210,211,209,207,206,207,209,211,211,211,207,203,200,200,201,203,207,210,209,213,216,218,219,220,220,218,219,218,213,206,200,194,197,207,206,206,206,203,200,199,200,202,206,206,206,206,205,205,205,205,206,204,202,199,198,198,199,200,196,197,197,197,197,197,198,199,201,201,203,204,204,203,202,202,198,202,207,213,216,218,217,216,216,217,217,218,219,219,219,219,219,217,218,216,207,197,189,184,190,202,209,213,220,221,218,219,221,219,217,215,203,179,141,99,104,150,186,207,217,219,213,196,168,132,97,98,139,182,202,216,216,214,213,215,214,213,215,220,219,218,217,217,218,219,218,216,217,216,217,218,213,199,172,146,140,144,157,179,199,203,200,199,197,203,200,188,184,191,196,194,196,195,195,197,195,185,168,154,155,157,166,174,173,168,171,179,193,197,199,193,181,174,179,187,180,187,192,195,197,198,196,193,195,195,201,204,203,205,204,196,191,193,195,196,198,205,204,195,189,186,183,181,183,186,187,186,186,183,189,197,198,200,202,199,188,182,177,174,171,170,171,170,170,174,170,168,169,163,161,171,175,183,188,189,191,197,202,202,204,207,205,201,201,206,206,202,204,201,199,197,193,189,186,186,182,183,185,189,192,194,199,203,206,209,212,212,212,213,215,216,216,216,218,219,220,220,220,220,217,216,213,209,207,208,210,213,213,216,220,223,225,226,226,225,226,227,227,226,226,226,225,222,216,218,218,215,212,211,212,213,214,216,221,224,219,211,209,212,209,212,214,216,218,218,213,208,212,215,216,214,207,197,185,176,170,176,187,197,200,195,187,183,187,190,197,208,215,211,206,208,203,199,194,192,191,191,192,194,192,193,195,201,207,207,205,207,209,209,208,206,206,207,204,199,201,206,212,213,212,211,214,218,215,211,210,212,211,208,207,209
186,194,203,208,210,211,212,212,214,214,214,211,208,206,206,207,213,216,219,219,218,217,215,213,207,204,202,203,207,210,213,216,215,214,212,209,206,204,205,206,204,208,210,211,213,211,209,210,206,205,205,206,209,210,209,207,203,201,199,200,202,204,206,209,211,212,209,206,206,207,209,214,218,219,218,215,211,207,205,204,204,206,209,212,216,220,220,217,215,209,205,205,204,203,205,208,214,213,211,208,205,203,202,202,202,201,201,203,206,209,210,210,206,203,201,202,205,207,211,214,217,219,221,221,220,221,221,220,221,220,214,208,200,194,194,202,203,204,205,206,205,205,206,207,207,207,206,205,204,203,202,202,199,198,197,196,196,196,196,196,199,200,200,200,200,201,202,203,203,203,204,204,204,204,204,204,206,208,213,216,219,219,218,217,217,217,218,218,219,219,219,219,220,219,220,219,213,206,198,191,186,193,200,207,217,219,218,221,220,220,218,217,207,187,154,113,102,139,175,203,216,218,217,205,193,160,119,103,129,169,193,208,212,210,209,208,208,208,210,213,219,219,218,217,217,218,218,217,219,217,217,218,216,206,182,157,140,140,151,172,192,201,202,201,198,197,197,196,192,189,194,201,197,196,195,194,194,188,172,155,144,145,151,158,157,156,165,179,189,195,199,196,186,178,176,177,176,183,190,194,195,191,187,188,190,191,198,204,206,208,208,205,200,196,195,196,197,201,203,201,192,188,182,179,180,184,188,190,194,191,195,201,202,206,210,208,194,189,182,174,173,180,184,180,170,169,168,172,174,166,164,174,182,190,198,199,199,203,208,210,207,206,206,206,207,208,208,208,204,203,202,202,198,193,188,187,192,194,198,202,205,207,211,215,214,217,219,219,219,220,221,221,222,223,224,225,225,225,225,224,223,221,218,214,211,208,208,208,209,212,215,219,222,224,225,225,226,227,227,226,226,227,225,223,219,217,216,216,213,210,210,212,211,211,214,217,215,209,205,204,205,206,208,212,217,219,216,212,212,214,217,218,214,206,198,193,192,194,200,208,211,209,203,199,194,194,199,206,210,208,205,204,204,200,198,197,197,196,197,198,199,201,202,206,210,211,210,212,213,214,213,210,207,203,198,194,193,198,204,208,208,209,211,214,218,213,210,210,210,209,208,209
190,196,206,214,217,215,214,215,215,216,216,213,209,206,205,206,209,215,219,218,217,218,217,214,207,203,201,201,204,207,211,214,214,214,214,211,207,203,201,201,205,209,211,211,213,212,211,214,212,210,209,209,209,208,205,202,197,196,196,197,197,198,201,203,209,210,208,206,207,207,210,214,220,221,219,216,210,206,203,201,202,204,207,210,215,219,220,219,219,215,212,211,209,208,210,214,218,218,216,211,205,200,198,197,200,200,200,203,206,208,209,209,206,204,203,206,209,212,216,219,220,221,221,220,219,219,219,219,218,217,213,207,202,196,195,200,205,206,208,209,209,208,207,206,203,203,202,201,200,199,198,197,197,197,197,198,199,199,200,200,202,202,203,202,202,202,202,203,204,205,206,207,209,210,212,213,214,216,218,220,220,220,218,217,218,218,218,219,219,219,219,219,218,218,219,218,215,212,204,193,181,180,184,198,213,217,217,221,218,220,218,218,212,199,172,134,107,124,155,190,208,214,220,216,200,175,136,105,113,147,175,192,200,196,188,182,184,193,203,210,217,218,218,217,216,218,219,218,220,218,218,218,218,215,196,173,144,136,142,163,182,196,202,200,201,197,196,198,195,189,189,195,199,200,197,191,190,189,180,168,152,150,154,162,164,163,169,180,186,193,199,198,192,185,177,171,177,181,181,183,188,185,181,185,187,191,197,204,210,209,208,210,205,195,191,193,193,195,201,205,197,193,189,187,187,186,189,192,194,193,195,197,198,204,209,208,198,191,185,181,182,189,192,188,185,179,175,176,173,165,162,166,170,179,190,195,194,194,198,203,208,205,206,211,212,210,211,216,212,210,207,204,201,197,195,195,198,201,206,211,213,215,217,220,221,223,224,224,224,225,225,224,226,226,226,227,227,227,226,226,227,225,223,220,217,214,211,209,209,210,212,215,218,221,224,226,226,227,227,226,226,227,226,224,223,217,215,217,216,211,209,211,206,207,209,212,215,215,210,206,208,208,209,213,220,224,223,219,215,214,216,218,217,212,207,205,202,201,203,208,213,211,206,202,191,189,194,201,204,208,210,206,207,205,203,203,202,200,200,200,197,201,200,200,202,204,205,207,207,207,208,207,204,199,196,195,190,193,198,203,207,209,209,209,220,217,213,211,211,212,212,212
191,194,203,213,216,215,215,217,215,217,217,214,210,207,206,206,207,215,220,219,218,219,219,216,212,208,203,202,202,204,207,210,211,212,213,210,205,201,199,199,204,207,207,207,208,208,210,215,217,216,214,213,211,207,202,199,200,199,199,199,198,198,201,205,205,207,206,205,207,209,211,215,221,221,220,216,211,205,202,200,202,203,204,207,211,215,218,218,218,215,213,210,207,206,209,213,218,219,218,214,208,203,201,201,205,205,205,207,208,209,208,207,206,205,205,207,210,213,216,217,218,218,218,217,216,216,216,217,215,215,212,208,206,200,198,200,206,206,206,206,207,205,203,201,201,201,201,200,200,200,199,199,201,201,201,201,202,202,203,203,203,203,204,204,204,205,206,206,209,210,212,214,216,217,219,219,218,219,220,220,220,219,218,218,218,219,219,219,219,219,219,218,217,217,218,217,215,213,203,188,173,161,160,182,206,216,217,219,217,220,219,219,216,209,189,155,122,115,135,175,199,210,216,214,200,179,141,97,85,108,139,163,171,172,169,164,167,179,192,199,214,217,218,218,217,218,219,219,219,219,218,217,218,219,208,190,158,138,135,152,172,191,201,196,202,201,197,195,195,195,192,187,195,200,200,196,193,191,187,182,175,170,168,173,178,180,180,179,186,193,199,199,197,193,184,176,184,185,178,176,183,181,174,172,174,185,192,198,206,206,204,206,205,195,190,191,190,192,199,205,203,199,195,193,191,189,190,194,197,198,198,198,200,204,208,208,204,193,190,195,197,193,190,186,177,169,162,156,149,146,143,139,153,161,174,183,185,185,189,195,205,204,206,210,211,210,213,219,220,217,214,210,207,204,202,201,199,201,206,211,213,213,215,217,222,223,224,224,225,226,225,224,225,225,226,226,226,226,225,225,226,226,225,225,224,222,220,217,213,211,210,211,213,216,221,225,226,227,227,226,226,227,227,225,226,221,217,218,217,214,211,210,208,209,210,212,218,222,220,215,211,210,209,212,218,222,223,222,216,212,211,214,215,213,210,209,208,207,209,214,218,217,211,206,199,195,199,204,205,215,221,214,210,208,205,203,201,199,197,196,191,196,195,193,196,200,203,206,202,201,202,204,204,202,201,202,198,198,199,204,210,214,213,211,216,216,215,213,212,212,212,211
191,192,200,211,217,216,216,218,215,216,217,215,211,208,207,206,205,213,219,219,218,220,219,217,215,210,204,200,199,199,201,204,207,208,209,208,205,203,202,203,201,203,202,200,203,205,209,215,216,216,216,216,215,212,207,204,202,201,200,200,198,199,202,207,205,208,208,207,209,210,212,215,218,219,220,218,214,209,206,205,206,205,204,204,206,208,211,212,214,213,210,207,205,205,209,213,218,220,220,218,213,209,208,208,209,209,210,211,211,211,210,209,208,208,208,209,210,212,213,213,215,215,215,214,213,213,213,214,214,215,212,209,207,203,199,200,202,201,201,202,203,203,202,201,203,203,204,204,204,204,205,205,204,203,202,201,201,201,202,203,205,207,208,210,211,213,214,216,217,217,218,219,220,219,218,218,218,219,219,219,219,219,219,218,219,219,219,219,219,219,218,218,218,219,220,218,216,215,204,188,163,141,135,160,193,212,217,217,219,221,220,220,218,215,202,175,140,115,118,151,181,198,201,197,193,171,134,87,62,76,108,138,147,151,151,146,151,167,186,197,211,215,219,219,218,218,219,219,217,219,219,216,216,218,213,202,175,147,132,140,159,184,199,199,199,201,199,195,196,200,199,193,192,194,199,203,202,197,192,189,186,181,175,174,179,186,186,182,186,194,199,200,199,197,190,183,182,186,183,178,178,173,161,152,155,170,180,187,199,204,203,204,206,201,198,195,192,195,200,203,208,203,196,193,191,191,195,201,204,204,204,203,205,207,208,208,212,202,198,201,199,192,183,177,159,150,145,143,139,136,134,133,142,147,156,166,172,176,183,191,202,205,208,207,207,209,213,215,218,220,221,220,217,211,204,200,199,201,203,207,208,209,212,215,218,220,222,223,224,226,226,224,225,225,226,226,226,226,226,226,226,225,225,226,227,227,226,224,219,215,212,209,208,209,215,220,225,227,227,227,227,227,227,226,226,225,221,218,217,218,215,210,213,214,213,212,215,220,219,216,207,205,204,206,209,213,216,218,218,212,208,210,215,215,214,213,217,216,217,220,225,225,220,215,205,198,196,195,193,203,211,206,207,206,203,201,199,197,195,194,194,199,198,196,198,202,206,210,205,204,205,207,209,208,205,203,196,192,191,195,204,211,211,209,208,211,214,213,211,210,209,209
191,191,196,208,216,217,216,216,215,216,216,216,213,210,207,206,204,209,215,217,218,218,218,218,215,210,204,199,197,196,198,201,202,203,203,203,202,201,201,201,200,201,198,197,200,204,209,214,214,215,217,218,218,215,211,207,200,199,198,197,196,197,201,205,210,212,212,211,212,211,211,213,215,217,220,219,216,211,208,206,206,204,203,204,205,206,208,211,213,212,211,209,208,210,214,217,220,221,221,219,216,212,211,211,211,212,213,214,214,214,213,212,213,212,211,210,210,211,210,209,209,209,208,209,208,207,207,209,207,209,207,206,206,203,201,203,204,203,203,203,204,205,205,205,204,205,205,205,205,205,206,206,205,205,204,205,206,208,209,211,213,214,215,216,216,216,217,218,217,218,219,220,220,219,217,216,218,218,218,218,219,219,219,219,218,218,219,219,219,219,218,218,218,219,220,219,218,217,208,195,165,137,123,142,176,203,217,219,220,221,220,221,219,218,212,192,161,124,106,118,144,168,175,176,173,156,133,98,74,81,104,128,137,140,140,138,145,165,189,204,212,216,219,219,219,219,219,219,217,218,219,217,215,217,216,209,192,162,136,132,146,170,194,204,199,200,200,199,197,195,198,201,198,193,192,198,202,201,197,196,187,189,189,186,187,193,195,193,189,194,199,201,201,199,193,187,175,180,182,177,168,162,154,146,148,161,174,184,196,205,207,206,207,206,204,198,193,195,198,196,206,205,202,200,200,202,204,206,205,204,200,201,204,205,204,207,211,208,202,193,186,183,174,161,154,146,144,149,149,140,136,141,139,139,142,149,157,165,176,184,196,204,208,205,204,208,211,210,217,220,222,222,219,214,208,203,199,198,197,197,198,200,205,210,213,216,219,221,223,226,227,226,225,225,226,226,226,227,227,227,226,226,225,225,226,226,226,226,225,222,217,212,207,205,210,216,224,226,227,227,227,228,227,226,225,226,224,219,217,219,217,212,213,213,211,209,210,214,216,215,208,206,205,205,208,211,216,220,224,218,213,212,214,217,216,214,216,215,215,216,219,221,220,217,211,203,196,191,189,198,208,209,206,205,204,202,201,201,200,198,198,201,199,195,194,194,195,197,199,200,202,204,206,205,201,195,190,187,185,189,197,204,208,208,209,212,216,217,215,212,211,212
194,191,193,202,211,216,216,214,217,217,216,216,215,212,208,205,204,207,211,216,217,217,217,218,217,212,206,201,197,196,198,200,201,200,200,201,201,201,200,200,202,202,199,197,201,204,206,209,213,214,217,219,218,215,211,207,203,202,201,202,203,204,207,211,213,216,215,213,213,210,208,210,213,216,220,220,218,213,209,206,207,205,206,207,208,209,210,213,209,210,210,209,209,211,214,216,219,220,220,219,216,214,212,212,213,213,214,213,213,212,211,210,210,209,207,205,204,204,202,200,200,199,198,199,199,199,202,205,202,205,204,204,205,205,205,207,208,208,207,208,208,208,208,208,206,206,206,207,207,207,208,208,210,210,211,212,214,215,217,218,217,218,218,218,217,216,216,216,216,217,218,218,219,219,219,218,218,218,218,218,218,218,219,219,218,218,218,219,219,218,218,218,218,218,219,218,217,217,213,205,182,151,128,132,156,187,211,218,220,220,219,221,219,219,218,205,182,147,116,104,119,142,151,158,156,148,144,130,117,122,132,140,148,155,163,169,176,187,199,207,216,219,220,219,219,219,219,219,219,218,219,218,216,217,217,213,205,180,151,135,135,153,180,201,204,201,200,201,198,193,194,199,202,197,192,193,196,199,201,201,194,197,199,200,199,199,200,201,194,194,196,199,201,201,196,192,181,176,180,180,169,162,159,153,148,152,165,182,193,200,205,207,206,205,204,198,191,190,192,191,200,203,206,207,210,211,209,204,201,197,190,191,197,198,199,205,203,204,201,190,181,178,167,152,149,150,148,149,150,144,139,143,147,146,146,148,154,162,173,180,186,196,203,203,203,206,209,208,215,218,220,220,219,217,213,210,202,198,192,188,186,188,195,201,206,210,215,217,219,222,224,225,225,225,225,225,226,226,226,226,226,226,226,226,225,225,226,226,228,226,224,218,210,204,206,213,223,225,228,228,227,228,227,226,225,227,226,222,219,219,219,217,212,211,210,209,210,214,217,219,217,213,209,209,210,213,217,220,224,222,218,212,211,214,215,214,213,214,213,213,214,217,218,218,208,203,196,190,189,194,200,204,208,208,208,206,205,204,201,198,193,194,191,188,187,183,180,183,189,194,196,197,199,203,201,196,197,197,196,196,199,204,210,215,215,214,215,218,217,214,213,215
198,193,191,196,207,215,217,215,219,217,217,217,217,214,208,204,205,205,209,215,218,216,216,219,218,213,207,201,198,196,197,200,201,201,202,204,207,209,208,207,206,205,201,199,202,202,202,203,209,212,215,218,218,216,211,208,203,203,204,206,208,209,212,215,214,217,216,214,213,209,207,208,210,214,220,222,221,217,214,212,211,210,211,213,213,211,211,212,210,211,212,213,213,214,216,216,217,217,217,217,216,215,214,213,214,213,213,211,208,206,204,203,201,201,198,195,193,193,192,189,193,191,190,192,193,195,199,204,206,209,208,207,207,207,207,210,205,206,207,208,209,209,210,210,211,211,212,212,213,214,215,215,218,218,218,217,217,216,215,214,215,216,218,218,218,218,219,219,219,219,219,219,218,218,218,218,218,218,218,218,218,217,217,217,217,218,218,218,218,218,218,218,220,218,219,218,217,218,217,212,199,166,136,127,140,171,201,213,219,218,218,220,218,218,221,211,194,170,141,117,121,137,140,145,143,142,150,152,156,169,176,176,187,192,199,204,208,212,216,219,220,221,221,219,218,219,220,219,221,218,218,220,218,218,218,215,211,194,166,141,131,139,166,193,208,203,200,200,201,200,197,195,196,199,200,197,195,197,200,201,205,199,196,197,197,194,195,199,199,195,193,196,200,202,200,198,194,180,185,193,183,171,164,154,142,139,153,174,185,191,200,204,204,202,201,197,189,187,189,190,195,199,202,202,205,209,206,200,192,184,175,176,185,186,188,198,198,199,202,199,190,180,167,154,148,162,160,151,155,160,157,154,154,155,155,155,157,164,171,176,176,187,198,202,203,205,208,209,209,214,220,223,223,221,216,211,208,201,192,184,180,182,189,196,200,205,210,213,215,218,221,222,226,226,226,226,226,226,226,226,225,226,227,227,227,226,227,228,227,227,226,221,210,202,203,209,222,225,228,228,228,228,227,226,227,227,227,225,222,219,219,222,217,215,213,213,215,217,220,222,222,216,209,207,208,209,211,213,216,219,217,210,207,211,215,215,211,213,214,213,213,215,217,217,217,215,208,201,198,195,195,199,210,211,210,208,205,202,197,192,186,186,185,186,187,183,181,184,190,196,198,196,198,205,208,206,202,204,204,201,197,199,206,213,216,212,210,212,213,211,210,213
197,192,192,194,200,213,220,214,217,217,216,216,216,216,211,206,203,204,207,212,216,218,218,218,217,215,211,206,201,198,198,198,199,200,202,205,207,209,210,210,207,204,201,198,198,200,203,205,210,210,211,213,214,212,207,203,203,204,205,207,210,212,214,215,218,217,216,213,211,211,211,211,213,216,219,221,221,219,217,215,211,212,213,214,215,215,216,216,216,216,216,216,216,215,216,216,214,214,213,210,208,207,206,204,203,202,203,204,203,201,196,192,189,187,186,184,184,185,187,188,190,190,191,193,195,199,204,207,211,210,209,208,207,207,207,207,206,207,209,210,212,214,215,216,218,218,218,218,218,218,218,217,217,217,217,216,215,215,216,217,219,218,217,218,219,220,219,219,219,219,219,219,219,219,219,218,218,218,218,219,219,218,217,217,215,215,216,217,216,215,217,220,219,219,219,219,218,217,216,216,207,187,157,135,139,166,193,207,218,219,220,219,219,220,220,219,206,192,170,152,145,148,155,161,166,173,181,188,193,200,205,208,214,216,218,219,219,220,221,221,219,219,219,219,219,219,219,219,220,219,219,218,218,217,216,214,216,206,187,152,133,133,147,175,199,208,204,199,198,197,199,197,196,194,198,200,196,197,200,199,202,202,200,197,195,193,191,190,195,191,189,192,198,201,202,201,192,186,180,181,185,182,171,161,155,154,159,165,176,186,191,202,198,201,199,197,189,185,187,183,185,188,193,196,197,199,197,190,182,177,170,167,174,186,195,198,204,204,207,208,201,192,181,171,162,163,171,170,173,169,169,162,166,163,161,159,159,164,168,168,174,180,190,198,202,203,206,209,211,211,213,217,219,219,216,214,209,200,195,186,178,180,183,189,196,204,208,208,212,217,219,221,223,225,225,224,224,226,226,225,226,227,224,224,228,227,224,229,227,227,225,221,214,203,201,207,218,225,226,225,227,228,227,227,226,227,228,227,225,222,220,218,222,213,210,214,216,213,213,218,222,216,208,203,201,201,202,203,208,212,216,215,209,206,210,217,216,215,214,215,215,215,218,222,222,214,209,203,192,183,185,191,200,205,210,200,200,205,198,196,196,195,193,193,192,190,188,186,189,194,198,198,200,205,208,208,207,204,199,194,192,195,201,205,210,214,213,209,211,216,215,209
205,197,192,191,196,209,218,217,217,217,216,216,217,216,213,209,204,203,205,210,215,217,218,218,218,217,214,209,205,201,200,200,201,202,204,206,209,212,214,215,216,212,208,203,200,200,201,202,204,205,207,209,211,210,208,205,205,206,209,212,215,217,219,219,218,217,214,213,212,212,212,213,216,218,220,222,222,221,219,218,215,215,216,217,217,217,217,217,215,214,214,213,212,211,209,208,207,207,206,202,200,198,196,194,193,193,194,195,196,195,192,190,188,187,187,187,187,189,191,192,193,194,195,197,199,202,206,208,209,209,209,210,210,211,211,211,214,215,215,217,218,219,220,220,219,219,219,219,218,218,217,217,216,217,218,218,218,218,218,219,220,219,219,219,220,220,220,220,219,219,219,219,219,219,219,219,220,219,219,219,218,217,216,215,215,215,216,217,218,217,218,220,219,219,219,219,219,218,217,216,213,200,178,159,155,169,188,201,213,216,218,219,219,219,219,217,216,207,193,184,182,186,192,197,203,207,211,213,215,217,219,219,217,218,219,219,219,219,219,220,220,220,220,220,220,220,220,219,219,219,219,219,219,218,216,215,215,212,202,175,148,131,131,151,181,200,204,200,198,195,196,195,197,195,194,194,193,194,197,197,199,200,201,200,197,195,193,192,199,196,194,193,195,198,200,200,196,188,181,182,188,189,183,176,174,162,157,158,167,179,186,195,198,194,189,188,181,175,177,174,171,174,180,186,192,198,199,194,182,177,172,173,179,188,193,194,194,195,199,202,198,193,187,180,169,171,175,173,172,172,176,174,173,171,167,164,162,160,159,159,161,163,173,188,200,205,208,210,207,208,209,212,216,217,217,215,206,200,196,184,177,183,187,191,196,203,205,206,209,212,214,217,223,226,227,226,224,225,226,226,226,226,224,225,228,227,227,229,227,227,224,220,212,202,201,208,218,224,226,225,226,226,226,227,227,227,227,227,226,223,221,219,221,217,213,211,210,209,210,211,216,214,210,205,203,205,207,207,214,218,222,222,217,213,214,218,215,214,214,214,213,211,210,211,215,216,209,202,196,185,180,188,197,204,212,209,209,211,203,204,202,200,196,192,189,186,183,181,180,183,188,193,196,198,200,202,205,204,202,201,201,202,203,204,210,214,216,213,213,216,216,213
211,201,193,190,193,203,214,218,217,217,216,216,217,217,215,212,206,204,204,208,213,216,218,218,219,218,216,213,208,204,202,200,201,202,204,206,210,214,217,219,215,212,208,203,200,198,198,199,200,202,205,208,209,209,208,207,206,208,212,216,219,221,222,222,220,218,216,215,215,216,216,216,216,217,218,219,220,219,217,216,217,217,217,217,216,216,215,214,210,208,206,205,204,202,199,197,196,196,195,192,190,189,188,186,187,188,191,194,197,197,195,193,190,191,192,193,195,197,199,200,202,203,204,205,207,209,212,213,214,214,214,215,216,217,218,218,219,219,219,220,220,220,221,221,220,220,220,220,219,218,217,217,215,216,218,219,219,219,219,219,217,218,218,218,218,218,218,219,220,220,220,219,219,219,219,220,217,216,215,214,214,213,211,210,211,211,212,215,217,217,217,217,219,219,219,220,219,219,218,218,219,210,196,181,170,172,187,202,210,214,218,219,220,221,220,219,220,216,211,208,209,212,214,216,218,220,221,220,221,222,222,220,220,220,220,219,218,218,218,219,220,220,220,219,219,219,218,218,219,219,219,219,219,219,217,216,216,216,213,193,163,137,125,135,155,184,196,199,199,193,192,195,198,197,192,190,191,193,194,197,194,197,201,201,199,195,193,192,198,199,197,193,192,195,200,202,201,195,188,189,193,194,189,184,178,162,158,158,161,172,180,186,187,179,172,174,171,166,169,169,165,167,174,183,192,203,206,202,195,186,178,176,179,183,186,187,185,187,193,198,198,197,194,190,178,173,169,171,171,179,181,179,181,179,172,164,160,150,144,146,150,151,160,180,197,204,205,204,204,206,207,208,211,216,217,215,209,205,201,187,180,186,190,192,200,206,208,208,209,209,210,214,220,224,227,226,224,224,225,226,226,222,221,223,224,225,227,226,224,224,221,216,209,200,199,207,218,225,228,226,226,226,226,228,228,227,227,227,227,225,222,220,218,219,216,210,208,211,213,212,218,220,219,213,208,207,207,206,212,214,218,219,217,211,208,207,212,213,212,211,210,210,208,207,209,219,215,208,207,195,186,193,193,201,212,215,216,214,208,211,200,198,194,191,189,189,188,188,186,187,191,198,202,201,201,204,207,207,207,208,208,206,204,202,206,211,215,215,212,212,214,215
212,203,195,192,192,199,210,218,217,217,217,216,217,218,217,215,208,205,203,205,211,215,217,219,218,218,217,215,211,207,203,201,199,200,202,205,209,213,217,220,218,216,212,208,205,204,204,204,202,204,207,208,208,208,208,209,208,210,214,218,220,221,220,220,221,219,217,217,219,219,218,216,215,215,215,216,216,215,213,212,212,212,211,211,210,209,207,206,202,200,197,195,195,193,191,189,189,190,191,190,189,190,190,188,189,192,196,201,204,205,202,200,200,200,202,204,206,208,210,211,212,213,214,215,216,218,219,220,221,220,220,220,220,220,220,220,219,219,219,219,219,219,219,219,221,221,220,220,219,219,218,217,216,217,218,218,219,218,218,218,219,219,220,220,220,220,220,221,220,219,218,218,217,215,215,217,213,213,211,210,209,208,207,204,204,205,207,212,216,218,218,216,219,219,219,220,219,219,219,219,220,214,207,198,185,179,188,202,206,212,217,220,220,221,221,221,221,220,220,220,220,221,220,219,218,219,218,218,220,222,222,220,220,220,219,218,218,218,219,219,219,219,219,219,218,218,217,217,219,219,219,219,219,219,218,217,216,218,216,203,180,154,135,129,137,163,180,193,199,191,188,191,194,198,194,189,189,189,190,196,192,193,197,199,199,196,192,191,191,195,196,192,190,194,200,204,203,200,198,197,196,192,186,182,177,167,166,157,147,155,164,167,173,168,163,168,170,170,176,176,174,174,179,187,196,204,207,202,198,188,179,178,181,184,187,189,187,188,194,202,204,205,202,197,191,183,171,171,168,176,174,172,170,170,162,156,156,149,145,153,161,166,175,188,200,207,206,203,203,205,205,205,208,213,215,213,213,207,203,190,182,186,189,192,206,211,214,215,214,210,209,213,215,220,224,225,224,225,225,226,225,217,216,218,217,221,225,223,220,221,218,212,205,198,197,204,215,224,228,227,226,226,226,228,228,227,226,227,227,227,224,221,216,219,218,213,210,213,215,214,217,219,221,217,209,203,201,201,203,206,210,214,216,212,207,203,214,215,214,211,210,212,212,212,216,224,224,216,209,196,184,183,182,193,204,209,211,209,205,207,201,199,197,195,195,196,197,198,197,196,198,201,203,203,204,206,213,212,211,208,204,199,195,193,199,202,207,210,208,206,208,212
215,208,199,194,193,196,205,216,217,218,218,216,216,217,217,216,211,207,203,204,208,213,216,219,218,218,218,217,214,210,205,203,199,200,201,204,208,212,216,219,223,221,217,214,210,208,207,206,207,209,210,211,210,210,211,212,212,214,216,218,219,219,218,217,218,217,216,217,217,217,214,212,213,212,212,211,211,210,209,208,202,201,201,201,202,202,202,201,197,195,191,190,191,191,191,190,192,194,195,195,197,199,199,199,197,199,202,206,209,210,209,208,211,212,213,215,216,217,218,218,219,219,220,221,222,222,223,223,222,222,222,221,220,219,218,218,219,219,219,219,219,219,219,219,220,220,220,220,220,219,219,218,218,218,218,218,218,219,219,219,219,220,220,220,219,218,218,218,216,214,212,210,207,204,204,207,207,208,208,205,204,203,201,198,198,199,203,209,215,219,220,218,218,219,219,219,219,219,219,219,219,217,216,212,200,187,184,188,199,207,216,219,219,219,220,221,220,220,221,221,222,222,222,221,222,221,220,220,221,223,223,221,220,220,219,218,218,218,218,218,219,220,220,219,219,218,218,217,219,218,219,219,220,220,219,218,215,219,218,212,199,179,152,127,127,142,157,181,197,190,184,185,188,197,198,192,188,183,183,189,188,187,189,195,199,198,195,193,187,193,196,193,191,193,200,204,203,203,202,197,190,183,180,179,172,167,165,148,134,146,159,163,172,173,172,176,180,184,191,189,187,185,187,191,196,200,200,195,197,190,184,183,184,183,182,182,182,180,185,192,198,202,201,195,184,179,168,165,155,162,166,171,171,174,169,166,169,165,163,172,177,186,194,195,198,203,206,205,203,204,205,205,208,213,216,215,214,205,200,192,183,182,184,190,205,212,218,221,220,215,211,212,214,217,221,223,225,226,225,224,220,210,207,209,210,216,221,219,216,217,214,209,202,195,195,201,211,220,226,226,226,226,225,226,228,227,226,227,228,228,225,223,219,218,218,216,213,210,209,211,209,209,213,215,210,201,199,202,203,206,211,217,222,222,218,213,214,216,217,215,212,212,213,214,213,214,220,217,203,193,186,175,177,192,202,207,211,212,210,207,210,208,205,202,199,197,197,197,196,196,194,192,193,197,200,200,202,204,205,204,202,199,199,199,201,201,205,210,212,211,212,216
217,214,204,196,192,193,201,213,217,218,218,217,216,217,217,216,214,209,205,204,207,211,215,219,219,219,219,219,217,214,210,207,203,204,204,206,209,213,217,219,222,221,219,216,214,212,210,209,213,214,215,215,214,215,216,217,216,216,216,216,215,214,214,213,213,213,213,213,213,211,209,206,204,203,202,202,203,203,202,201,195,194,194,195,198,200,202,202,199,197,195,194,195,197,198,198,200,202,203,203,205,207,207,207,210,210,210,211,213,215,217,218,218,219,220,220,221,221,222,222,221,221,221,222,222,222,222,222,222,222,221,220,219,218,218,217,218,218,218,218,219,219,219,219,219,219,219,220,220,219,219,219,219,218,218,218,218,219,219,219,218,217,216,214,213,211,208,206,204,199,194,191,187,185,188,192,194,198,200,198,195,194,192,189,191,193,197,203,211,217,219,219,218,218,218,218,219,219,219,219,220,218,217,214,204,190,177,171,182,196,211,219,220,219,220,221,219,219,219,219,219,220,220,220,220,220,220,219,220,222,222,220,221,221,220,219,219,218,218,217,219,219,219,219,219,218,217,217,218,218,218,219,220,220,219,218,217,219,217,215,210,200,177,146,127,127,135,164,188,190,187,184,186,196,201,197,190,183,181,182,179,177,179,188,196,199,198,197,195,198,200,199,196,196,199,203,207,208,204,195,182,174,173,175,169,167,164,149,143,157,168,171,183,186,187,190,192,195,200,196,193,189,190,194,197,201,203,199,200,193,185,180,178,176,175,175,177,173,175,181,189,196,199,196,184,174,162,156,151,158,166,171,180,186,187,186,187,185,183,187,188,198,202,197,193,197,204,206,204,204,205,207,211,215,220,222,220,208,203,195,184,178,177,183,200,209,217,222,223,218,211,210,211,215,219,222,225,226,224,222,213,204,197,198,202,209,213,214,210,212,211,205,199,192,191,196,208,218,224,225,227,227,226,227,227,227,226,227,228,228,226,225,222,218,217,218,216,210,209,211,211,210,214,219,218,212,208,209,208,210,213,218,222,223,220,216,207,209,212,214,213,211,211,212,208,205,215,218,204,199,195,181,176,192,201,208,216,218,218,212,210,208,205,201,198,196,197,197,199,199,196,191,192,198,203,203,199,202,205,207,208,207,208,209,202,200,201,208,213,214,215,218
212,214,207,198,193,191,196,207,215,217,218,217,216,217,217,217,216,212,207,205,206,209,214,219,220,220,220,220,219,217,213,211,209,209,209,210,212,215,218,220,221,221,220,220,219,218,217,217,216,216,215,214,214,214,215,216,214,212,210,208,207,207,207,208,208,207,207,206,205,204,202,202,195,194,195,197,199,201,201,200,197,196,195,197,200,204,206,207,204,204,204,204,205,207,208,208,209,210,211,211,212,214,215,214,220,219,219,219,219,220,222,223,221,221,222,222,222,222,223,223,223,222,221,221,222,222,222,221,222,222,222,221,220,219,219,218,217,217,218,218,218,218,219,219,218,219,219,219,219,219,219,218,218,217,216,216,215,214,213,211,210,207,203,200,197,192,187,183,178,171,164,159,157,159,167,175,181,189,194,194,193,192,190,188,186,189,193,198,206,213,218,218,218,218,218,218,218,218,218,218,218,218,216,211,203,188,168,152,154,175,201,217,220,220,220,221,222,222,221,221,220,220,220,221,220,221,221,220,221,222,223,222,221,220,220,220,220,220,219,218,218,218,218,219,218,218,217,217,218,218,218,219,219,219,218,217,218,218,214,215,214,211,204,181,147,133,127,147,170,185,191,183,184,191,200,200,195,190,184,176,172,170,174,185,195,200,200,201,202,201,201,202,200,197,199,202,209,210,208,199,186,176,172,171,178,176,175,165,161,169,172,176,193,194,194,200,201,200,204,200,196,192,192,194,197,202,206,205,198,192,184,177,175,178,182,184,184,180,181,186,192,200,206,206,203,185,171,162,164,167,172,171,173,182,190,194,196,198,199,199,203,207,208,204,200,199,202,205,201,199,199,203,208,212,218,224,223,213,209,198,185,180,177,179,194,204,212,216,218,214,206,201,202,207,214,218,220,221,221,219,212,204,195,194,201,205,206,208,208,212,211,207,200,192,190,194,205,214,219,221,224,226,226,227,227,227,227,227,227,227,227,227,225,220,216,217,218,215,213,214,216,216,218,220,223,221,216,211,207,208,209,210,214,216,216,214,207,205,207,213,216,213,211,212,216,213,218,219,209,200,191,179,173,183,186,197,207,210,214,211,205,204,201,199,198,199,202,205,208,207,204,200,198,200,204,206,209,209,208,208,207,206,204,202,195,192,193,199,205,209,212,213
205,211,208,200,195,191,193,201,214,216,217,217,216,217,218,217,217,213,208,206,205,208,214,219,221,220,220,220,220,218,215,213,213,213,213,213,215,217,219,220,218,218,218,217,217,216,215,214,215,213,211,210,209,209,209,209,208,206,203,200,198,199,201,202,202,201,200,199,197,196,197,197,194,194,195,199,203,206,206,206,204,202,200,201,204,208,210,211,208,209,211,212,213,213,214,215,216,218,219,219,220,221,222,221,220,221,222,222,222,222,221,221,221,221,222,222,222,223,223,223,224,223,222,222,222,223,222,221,222,222,222,221,220,219,218,217,218,218,218,218,219,219,219,219,219,219,219,219,219,218,218,218,217,216,215,213,211,208,205,202,191,186,180,176,171,165,158,153,151,143,135,131,131,137,149,161,178,188,197,199,198,199,198,197,185,188,192,197,204,213,218,219,217,217,217,217,217,217,218,218,216,219,220,215,206,187,157,131,128,155,189,211,218,219,219,220,219,219,219,220,219,219,220,220,221,222,222,221,220,221,221,220,219,219,219,220,222,222,221,220,219,219,220,220,220,220,219,218,218,218,218,219,219,219,218,217,216,217,216,219,217,216,216,202,176,150,130,136,153,175,188,179,182,185,194,199,197,195,187,173,171,170,176,187,197,202,203,205,202,197,196,198,198,196,196,200,202,207,211,208,197,185,176,172,180,180,180,173,171,174,179,190,197,195,196,205,207,204,207,205,200,195,192,192,193,197,201,202,200,198,192,185,181,183,186,186,186,185,187,190,193,199,205,205,197,184,176,168,171,172,180,181,176,185,196,200,201,206,210,207,211,209,209,210,206,199,196,197,196,192,191,196,200,204,211,219,219,213,209,197,186,184,182,182,188,199,206,209,211,207,197,190,192,199,208,213,215,217,218,218,217,211,199,197,205,206,204,206,212,216,216,212,205,197,194,198,201,209,213,215,220,223,224,225,226,226,227,227,227,227,227,228,228,222,216,215,217,217,215,213,212,214,214,213,218,221,215,204,201,202,203,205,209,215,218,218,217,211,209,216,219,216,213,214,214,214,214,214,210,197,183,176,177,180,177,188,200,203,211,213,209,207,204,201,200,202,207,210,211,207,204,202,197,193,195,199,202,198,196,197,201,203,203,201,197,194,194,200,207,213,216,217
197,204,205,202,196,192,194,194,208,216,219,216,215,218,218,215,218,216,212,207,204,206,212,217,221,221,220,219,219,218,218,218,217,216,216,216,217,217,216,215,215,215,215,215,215,214,212,210,207,206,204,203,202,201,200,200,200,198,195,192,191,192,195,196,198,199,200,201,201,202,202,203,199,200,202,204,206,208,209,210,207,208,209,210,211,213,214,215,218,219,219,219,220,220,220,220,222,222,222,222,222,222,222,222,221,221,222,221,220,220,221,222,223,223,222,222,223,223,222,222,224,223,222,222,222,222,222,222,223,221,220,222,222,219,218,218,215,215,217,219,220,220,218,216,216,216,215,214,214,214,214,216,213,213,212,209,209,206,197,188,176,164,151,144,140,134,129,127,120,122,122,122,124,136,155,169,189,195,202,205,201,196,194,195,193,182,189,198,200,208,215,220,217,217,215,215,218,218,216,217,219,215,217,221,211,194,165,123,116,133,175,205,213,218,219,218,219,220,221,221,220,220,221,222,222,221,221,221,221,221,219,218,217,218,219,220,221,221,221,220,220,220,221,221,220,220,219,219,218,218,218,218,219,219,219,219,218,218,217,217,217,216,215,214,194,166,134,130,135,148,173,180,179,179,192,197,198,199,189,187,177,172,180,188,188,200,212,209,203,199,198,198,198,201,204,203,203,204,204,204,203,198,188,178,184,184,181,182,187,187,188,197,201,197,195,200,205,206,205,203,203,197,188,186,189,191,194,200,201,197,193,193,192,189,188,190,188,190,185,179,185,191,194,198,191,180,173,174,179,182,188,195,192,191,198,204,204,207,212,211,209,208,208,209,208,202,194,188,191,191,183,182,193,199,204,214,219,214,208,196,188,178,185,182,189,200,204,200,197,195,191,187,188,192,200,208,213,215,216,217,213,212,207,201,203,209,210,207,211,215,215,216,210,202,203,203,205,206,207,208,211,216,220,221,223,224,226,225,226,227,228,227,227,222,215,212,215,219,220,218,216,212,209,211,215,217,216,215,210,209,208,209,211,214,219,224,223,217,210,208,212,215,215,212,213,213,211,208,207,205,194,183,183,181,179,186,200,208,212,215,214,213,210,207,206,204,202,205,206,205,201,196,191,189,191,194,198,194,188,186,192,200,204,204,204,206,204,204,209,213,217,222
175,192,204,205,199,191,190,191,204,212,219,217,216,218,218,216,219,217,213,209,205,205,209,212,219,219,219,218,217,216,215,215,212,211,211,212,213,214,214,214,213,213,212,212,211,209,206,204,201,199,197,196,195,196,196,197,199,197,195,194,195,197,199,201,205,205,205,205,205,206,207,207,206,207,209,210,212,214,215,215,216,216,216,217,218,219,220,221,222,222,222,222,223,223,223,223,222,222,222,222,221,221,221,221,221,222,222,222,221,222,222,223,224,223,222,223,223,223,223,222,224,223,222,222,223,223,223,222,224,223,222,222,221,219,216,214,217,215,214,213,213,213,212,211,210,210,211,212,212,210,209,208,209,209,206,203,202,198,188,177,160,146,132,125,125,126,128,131,140,148,158,166,170,177,185,192,201,204,209,211,209,205,200,197,191,178,179,184,194,208,214,216,218,219,217,217,218,217,216,217,219,217,218,222,215,205,182,143,116,120,152,186,206,218,219,216,219,220,220,220,220,220,221,221,222,221,221,221,221,221,219,218,217,218,219,220,221,221,221,220,220,220,220,220,220,219,219,218,218,218,218,218,218,219,219,219,219,219,218,218,218,217,216,215,207,182,150,131,121,129,157,177,173,180,189,190,193,197,193,190,186,180,183,187,188,196,206,205,207,203,200,199,199,201,202,198,197,199,202,203,203,198,188,180,182,185,185,184,188,194,197,199,197,196,195,195,197,200,200,198,199,193,187,186,187,185,192,206,206,203,199,195,191,187,185,185,187,186,187,186,184,190,194,191,194,189,183,178,177,180,185,188,186,184,189,196,200,203,206,208,206,206,206,204,205,203,193,183,184,182,173,168,176,187,198,209,216,214,208,200,190,182,187,186,189,197,200,196,195,192,187,184,188,192,198,203,205,207,211,216,211,213,213,211,209,208,209,210,214,216,213,214,211,207,211,212,212,207,203,202,203,206,212,217,218,220,222,222,223,224,224,223,223,220,214,209,210,215,218,217,216,214,213,216,218,220,221,222,213,210,207,207,210,212,216,219,217,215,211,207,209,214,216,214,213,213,213,212,213,211,203,194,183,184,184,188,193,195,200,209,215,214,208,204,204,203,201,202,203,202,201,198,195,195,198,200,201,200,196,191,191,195,202,207,206,205,200,197,202,207,212,218
126,161,194,207,206,196,189,192,198,208,217,218,217,217,217,217,218,218,215,211,207,205,206,208,214,214,215,215,214,214,213,213,213,212,211,211,211,211,211,210,209,208,208,207,206,204,201,199,196,195,193,193,194,197,200,202,203,202,201,200,201,202,204,205,211,211,210,210,210,211,213,213,215,216,217,218,219,220,220,220,221,221,221,221,222,222,223,223,223,223,223,223,223,223,223,223,223,223,223,223,222,222,222,222,221,221,221,220,220,220,220,221,221,221,221,221,222,222,222,222,224,223,222,222,222,222,222,221,219,219,218,218,218,216,212,209,209,207,204,200,197,196,194,193,196,198,202,204,206,205,203,202,200,200,198,198,198,195,186,176,163,154,146,146,154,163,172,179,182,188,197,203,206,208,211,214,212,214,216,216,216,214,206,198,192,175,165,165,179,198,209,217,216,219,218,217,218,217,216,217,216,216,217,219,216,213,197,165,125,115,133,168,197,215,218,218,219,220,220,220,219,219,220,220,222,221,221,220,220,220,219,218,218,218,219,220,220,220,220,220,219,219,219,219,219,218,218,218,217,218,218,218,218,219,219,219,220,219,219,219,219,218,217,216,210,194,170,140,119,115,132,158,168,178,180,184,193,197,196,194,190,185,184,187,190,192,195,196,197,193,190,190,191,196,198,194,191,194,198,201,201,197,189,181,180,182,181,177,180,193,203,203,198,199,195,189,189,197,202,201,204,203,198,194,190,188,192,201,203,203,201,196,191,188,187,185,185,182,189,192,185,192,200,193,193,187,176,168,171,181,184,182,185,183,183,191,199,201,202,206,206,208,207,205,208,210,201,189,179,173,165,162,169,182,195,202,211,213,207,205,193,185,187,189,187,192,193,193,193,189,184,181,181,184,188,192,194,198,204,210,214,215,217,218,215,211,210,213,216,216,211,212,211,212,219,222,221,212,204,202,200,200,206,214,213,216,218,219,220,221,221,219,215,214,212,208,209,214,220,222,216,215,215,214,213,212,215,218,218,210,201,197,198,202,207,211,215,216,214,209,208,212,215,215,214,213,212,214,216,214,207,202,194,189,183,182,180,179,188,204,206,209,207,203,204,205,203,202,205,206,206,204,202,199,197,196,199,195,188,182,179,183,195,205,209,207,201,197,200,203,207,213
99,142,188,208,211,202,191,194,194,204,215,219,218,216,216,216,217,217,217,214,210,207,206,206,210,210,211,211,210,210,209,208,208,207,206,204,204,204,204,204,206,206,206,206,205,204,203,202,199,199,198,198,200,203,205,207,208,208,208,208,209,210,211,211,215,215,215,215,216,218,219,219,220,220,221,221,222,222,222,222,222,222,222,222,222,222,222,222,223,223,223,222,222,221,221,221,223,223,223,223,222,222,222,222,223,223,223,222,222,221,221,221,223,222,222,223,224,224,224,223,223,222,221,220,220,220,219,218,217,216,214,209,206,203,197,192,187,185,182,179,175,173,171,171,171,178,187,192,195,197,198,198,200,201,203,203,205,204,200,195,191,188,186,191,197,203,207,210,213,214,215,214,214,214,216,218,216,218,217,216,217,216,209,200,192,173,153,143,155,179,198,216,215,217,216,215,217,218,217,218,214,216,215,216,215,216,207,182,147,127,132,160,189,208,214,219,219,219,220,219,219,219,219,220,220,220,220,219,219,218,217,217,218,218,218,219,219,220,220,220,219,219,219,219,218,218,218,218,217,217,217,218,218,218,219,219,220,219,219,219,219,219,218,217,218,208,190,157,129,111,107,126,162,173,170,181,196,195,195,194,189,185,177,176,181,181,182,187,184,179,178,179,185,194,199,196,192,192,194,198,201,199,192,185,175,171,172,171,170,180,195,200,200,200,196,191,191,197,202,203,203,208,201,186,181,184,186,186,197,202,203,198,193,191,188,185,192,189,191,190,182,185,190,186,189,185,175,168,171,181,185,183,188,189,187,190,198,201,202,207,208,210,209,207,210,212,206,197,183,176,169,165,161,166,180,190,205,211,207,208,195,188,185,189,187,191,194,195,196,192,187,187,182,182,183,186,189,193,199,203,216,214,214,214,214,213,211,211,217,215,209,209,211,214,223,226,226,218,211,207,204,203,207,213,213,214,215,215,215,216,215,213,209,209,210,212,212,213,218,224,218,215,212,209,205,202,204,206,209,202,195,191,193,200,209,216,221,223,223,218,213,212,215,218,215,212,211,212,212,210,206,203,203,191,179,177,177,176,185,200,201,211,215,212,211,210,208,207,208,207,205,202,198,194,192,191,193,186,179,175,174,178,188,197,206,208,207,205,206,206,207,210
103,141,187,207,210,205,193,194,191,199,210,218,219,216,216,218,217,217,217,215,212,208,206,205,208,208,208,207,206,205,203,203,203,203,203,203,203,205,206,207,207,207,208,208,208,208,207,207,207,207,207,207,207,208,209,209,212,212,214,215,217,218,219,220,219,219,221,222,222,223,223,223,222,222,222,222,222,222,222,221,222,222,222,222,222,222,223,223,224,224,224,223,222,222,222,221,221,221,221,221,222,222,222,222,222,222,222,222,221,221,221,220,222,222,221,221,222,221,220,219,221,220,218,218,217,216,214,213,207,204,197,189,182,176,170,166,162,160,156,150,144,141,140,141,156,169,184,193,197,199,201,202,204,206,208,208,209,209,209,208,209,209,210,213,216,215,214,212,216,216,216,216,215,214,214,214,215,217,216,214,215,216,212,205,188,171,140,110,117,154,186,207,215,217,215,214,217,219,217,217,215,218,216,217,217,218,214,195,173,149,143,161,186,205,211,219,218,218,219,219,218,218,219,219,220,220,220,219,218,218,217,217,218,218,218,218,219,219,219,220,219,219,219,219,218,218,218,218,218,218,217,217,218,218,219,219,219,219,218,219,219,219,218,217,220,214,203,174,144,119,104,113,148,167,170,177,189,191,195,194,191,184,169,161,165,166,169,177,176,170,168,172,180,192,201,202,196,192,191,195,200,201,197,192,180,172,176,182,178,177,189,200,199,198,196,196,196,195,195,195,196,202,195,178,171,175,182,186,197,204,207,202,196,192,187,181,184,187,185,182,181,181,182,185,185,187,186,179,171,170,175,181,185,191,189,187,193,198,200,204,207,206,206,205,204,203,201,198,185,178,173,166,153,151,169,189,197,209,207,209,198,190,184,187,188,193,197,200,201,197,194,196,190,189,188,186,184,186,193,200,209,211,211,209,209,210,209,206,213,212,207,208,211,216,224,226,227,223,217,211,209,211,215,217,217,216,214,211,209,209,207,205,209,208,212,218,218,212,211,216,218,214,208,204,201,197,194,194,195,194,192,191,190,194,204,212,219,219,221,220,213,206,207,213,217,213,211,211,210,209,208,207,204,194,183,181,182,179,182,193,199,212,219,214,208,203,202,203,204,202,198,193,191,192,196,199,195,192,188,186,183,181,185,190,200,206,210,210,209,205,204,207
83,118,172,199,208,210,197,191,190,194,204,214,219,217,217,219,217,217,217,215,211,208,206,205,204,204,204,204,204,205,205,205,207,207,208,208,208,209,211,212,209,210,210,210,210,210,210,211,211,212,213,214,215,216,216,216,218,218,219,220,221,222,222,223,221,222,223,224,224,223,222,221,222,222,222,222,222,222,222,222,222,222,222,222,222,222,223,223,224,223,223,223,222,222,222,222,222,222,222,222,223,223,223,223,222,221,221,221,221,221,220,219,219,219,218,218,218,218,216,215,217,216,214,213,212,211,209,208,203,196,184,171,157,146,141,139,132,132,131,129,128,130,135,139,160,174,191,200,204,206,207,207,206,207,209,210,210,211,213,215,214,214,215,216,217,218,217,217,214,215,216,216,216,216,215,215,214,216,216,215,215,216,215,212,195,178,135,81,74,121,170,196,213,217,216,215,218,219,217,216,215,218,216,218,218,219,217,206,195,173,161,168,188,204,210,217,217,217,218,218,218,218,218,219,220,220,220,219,218,218,218,219,218,218,217,217,218,218,219,219,220,219,219,218,218,218,218,218,218,218,217,217,217,218,218,219,218,218,218,218,219,219,218,217,215,215,212,193,164,133,111,108,130,161,177,176,179,188,196,196,192,187,174,164,164,164,163,168,163,155,154,160,170,182,194,200,197,191,187,190,196,199,198,196,191,182,181,186,182,177,185,199,203,199,196,195,193,191,192,194,193,197,197,189,179,171,176,189,196,203,208,205,200,195,188,182,175,181,180,181,186,187,186,192,192,190,187,180,171,166,171,179,178,184,185,183,185,190,196,199,200,201,202,203,201,200,201,203,196,185,176,172,165,159,165,178,186,203,205,207,202,193,186,186,185,190,193,196,197,195,194,197,188,190,190,184,177,177,189,202,204,213,218,213,209,209,209,207,210,211,207,210,214,218,226,226,228,225,220,214,213,218,223,224,223,221,217,211,208,206,204,201,208,210,216,224,224,217,211,208,213,208,203,200,195,187,176,169,171,173,174,173,171,176,188,200,210,213,217,218,213,206,206,209,217,215,214,213,213,213,214,214,209,203,192,183,177,172,175,182,194,204,209,205,199,195,194,197,197,199,200,199,198,198,201,204,201,201,197,190,182,178,182,188,198,205,209,208,205,199,196,198
57,89,151,187,204,214,202,191,190,190,197,209,215,214,213,215,214,214,213,212,210,208,208,207,204,204,205,205,207,208,209,210,209,209,210,210,209,209,210,211,212,213,214,214,213,214,215,215,215,216,218,220,221,222,222,222,223,223,223,223,222,222,222,221,222,222,223,223,222,222,221,221,222,222,222,223,223,223,223,222,222,222,222,222,222,222,222,223,222,222,222,222,222,222,222,222,223,223,223,222,222,222,222,222,223,222,220,219,218,216,214,212,210,211,211,213,214,215,215,214,210,209,208,207,207,206,204,203,193,182,167,152,135,122,119,122,129,134,141,148,155,164,173,179,180,191,201,205,207,209,210,209,214,213,214,215,217,219,220,220,218,218,217,216,215,215,215,216,217,217,216,215,215,216,217,217,214,215,216,216,217,217,216,215,207,191,154,93,57,85,140,182,204,213,217,217,218,218,217,217,215,217,215,217,217,216,218,213,206,193,182,177,185,197,204,212,216,216,217,217,217,217,218,219,219,219,219,218,218,217,218,219,218,218,217,217,217,218,219,219,219,219,219,218,218,218,218,218,219,218,218,217,217,217,218,218,218,218,218,218,219,219,218,217,218,219,218,210,184,149,120,100,115,146,176,181,179,185,191,195,192,191,183,174,172,172,170,170,158,149,147,155,163,173,186,194,199,194,189,189,193,196,197,198,194,188,179,175,174,173,178,187,199,199,197,193,191,192,196,199,194,195,194,191,181,167,167,178,189,196,202,204,202,199,194,190,184,184,185,186,186,185,185,185,196,191,185,182,180,178,179,182,178,178,181,183,182,185,192,198,197,201,204,204,203,204,206,207,210,201,187,179,175,165,155,155,173,193,201,201,203,195,190,186,184,187,188,188,190,191,191,193,190,194,195,191,184,184,195,206,211,218,224,222,217,213,212,212,211,214,212,214,218,221,227,226,227,223,219,216,216,219,223,227,226,223,219,215,212,210,207,203,205,212,219,223,226,224,212,199,199,196,196,196,190,175,156,143,140,146,154,159,161,169,184,197,208,214,221,222,221,219,216,214,215,216,216,214,213,215,215,214,214,211,199,182,173,171,173,176,189,194,197,198,198,196,194,195,192,197,202,204,201,197,196,197,198,197,193,185,179,178,181,184,193,199,203,204,204,200,197,197
61,86,146,182,197,213,204,192,191,188,193,204,212,210,208,210,210,210,210,209,209,209,209,210,211,210,209,209,209,209,210,211,210,212,213,214,214,214,215,216,216,217,218,219,219,220,221,222,222,222,222,222,222,221,221,220,221,222,222,222,223,223,223,223,223,223,223,222,223,223,223,224,222,222,222,223,223,223,223,223,223,223,223,223,222,223,223,223,223,223,223,223,223,223,223,223,221,221,220,220,219,219,218,218,214,212,209,206,204,200,197,194,191,192,195,198,201,204,205,205,204,204,203,202,202,201,200,198,194,184,174,165,156,150,155,165,171,177,186,192,197,201,205,208,210,214,216,215,215,218,219,218,218,216,215,216,218,219,217,215,215,216,218,218,217,217,217,217,215,215,215,215,215,215,215,216,215,214,215,217,218,217,216,216,212,200,181,129,68,62,112,166,195,208,216,218,218,217,217,218,216,217,214,217,217,215,218,217,207,204,197,182,178,185,194,207,215,216,217,217,217,217,218,219,217,217,218,217,216,216,217,218,218,218,217,217,217,218,219,219,219,219,218,218,218,218,218,218,219,218,218,217,217,217,217,218,218,218,217,218,219,219,218,217,219,216,213,216,199,169,142,113,107,127,166,185,185,183,181,190,196,194,185,174,172,177,181,181,171,159,157,164,169,174,185,194,205,200,195,193,193,194,197,200,195,197,186,175,177,181,179,178,185,194,199,197,195,198,200,200,201,197,188,181,175,168,167,172,185,190,197,201,202,200,197,195,188,180,184,186,179,181,185,179,182,185,187,188,186,183,179,177,184,177,181,188,185,184,193,199,198,205,208,204,202,205,205,201,201,202,189,174,167,158,150,153,162,185,196,195,204,196,192,186,189,191,188,186,190,193,194,194,205,206,207,206,203,202,206,211,221,222,224,225,223,218,215,215,215,219,217,218,220,222,227,225,223,217,215,216,216,215,218,224,222,221,218,215,214,213,210,207,203,214,220,219,222,224,208,186,185,187,192,196,190,172,148,131,133,145,160,170,173,175,183,190,202,212,220,220,221,224,220,211,213,216,217,213,211,212,211,207,211,211,201,186,181,182,179,176,181,183,184,190,196,194,187,185,189,193,196,194,189,186,187,189,187,188,188,187,188,188,184,179,183,190,196,203,209,210,207,207
113,117,143,176,195,205,206,196,192,189,191,200,208,211,210,209,210,209,209,208,208,209,209,210,209,209,210,211,212,213,214,214,217,218,218,219,220,220,221,221,222,222,222,221,221,221,222,222,223,223,222,222,222,221,221,221,222,222,222,223,223,223,223,223,224,223,222,222,223,223,224,224,221,222,223,223,223,223,223,223,222,224,224,223,223,224,225,224,225,223,222,222,222,221,220,219,218,215,212,209,207,205,203,201,197,194,189,185,181,176,170,166,163,167,173,181,188,195,199,202,202,203,205,206,207,208,208,208,206,202,197,193,192,194,197,199,204,206,210,213,216,217,217,218,216,216,217,217,217,217,217,217,217,216,216,216,216,217,217,217,218,217,216,216,215,216,217,217,215,216,215,214,213,212,210,208,206,208,210,214,217,217,217,216,213,213,185,159,104,51,84,141,178,207,214,213,220,218,216,219,217,216,214,215,216,217,217,216,213,206,201,183,167,167,177,192,209,218,215,214,218,217,218,218,216,217,216,216,215,216,217,219,218,218,217,217,217,217,218,218,219,218,218,217,217,217,217,218,219,218,217,217,217,217,217,217,217,217,217,217,217,217,218,218,216,219,217,218,212,191,157,124,114,127,154,174,182,184,183,189,192,199,192,182,182,182,182,189,183,168,158,160,166,171,182,194,201,202,197,191,190,193,196,200,200,197,190,182,180,184,187,187,184,191,197,198,197,197,196,194,195,197,189,180,179,175,167,165,177,189,195,201,209,206,197,197,189,177,176,179,177,179,184,183,178,182,189,189,184,187,188,181,185,185,180,182,187,180,178,188,196,195,199,201,199,198,199,198,197,199,199,192,180,172,164,155,159,164,187,197,196,197,193,192,196,193,194,197,198,196,200,206,213,213,212,211,209,208,209,211,220,222,225,226,225,223,222,222,223,225,226,226,227,227,226,223,220,217,216,217,216,214,215,218,217,209,211,215,211,213,214,207,207,210,216,217,217,220,210,190,180,180,188,196,192,179,165,155,147,158,175,187,186,179,175,176,188,201,213,216,217,219,217,211,211,212,214,213,208,201,200,204,210,218,214,206,195,188,186,170,164,170,172,171,178,175,167,172,181,189,190,188,191,190,186,187,192,192,194,198,198,193,186,182,183,190,199,205,207,207,206,206
156,154,168,189,199,206,208,201,196,193,195,202,209,211,210,210,209,209,209,209,210,211,212,213,215,215,216,217,218,218,219,219,221,222,222,222,222,223,223,223,222,222,222,222,222,222,222,222,221,221,221,221,221,220,220,220,222,222,223,223,223,223,223,223,223,222,221,221,222,222,222,222,223,223,223,223,222,222,222,221,222,223,223,221,220,221,221,219,218,217,217,217,217,217,217,216,212,209,205,199,192,185,178,174,171,168,162,157,152,147,142,138,135,143,156,172,186,197,204,207,207,207,209,210,211,211,212,212,214,213,212,212,212,212,213,214,215,216,216,217,217,217,217,217,217,217,217,216,216,215,215,215,217,216,215,216,216,217,216,216,216,216,216,216,216,215,215,214,212,210,207,203,200,197,193,190,192,197,203,207,212,217,218,216,215,214,198,173,128,69,63,108,164,195,213,218,219,216,215,214,218,216,215,215,216,217,217,216,216,208,200,179,152,139,150,177,199,215,217,217,217,214,215,217,216,216,216,215,215,215,217,218,218,218,217,217,217,217,218,218,219,218,217,217,217,217,218,218,219,219,218,217,217,216,216,216,217,217,217,217,217,217,218,218,217,221,217,215,213,204,174,132,108,113,142,175,188,186,183,188,193,200,195,186,186,185,185,191,184,177,170,167,167,170,177,185,194,201,200,192,190,192,196,199,203,201,196,188,181,179,180,181,181,185,190,195,199,201,198,195,197,203,199,188,177,167,162,165,172,186,194,197,204,206,202,200,192,186,178,176,179,181,183,188,184,185,191,196,199,200,199,195,190,190,182,176,178,179,178,180,189,190,196,199,198,200,201,199,207,205,202,193,180,169,156,143,139,147,170,185,187,189,191,194,197,198,201,202,201,202,205,208,209,209,207,205,203,205,210,214,216,219,223,225,225,225,225,225,225,226,227,225,224,223,222,219,217,216,217,220,220,217,214,213,202,197,201,208,211,218,221,214,206,205,210,216,218,218,209,193,183,180,188,202,205,195,183,176,166,177,190,196,192,183,177,176,189,197,205,210,215,221,221,218,209,211,213,211,202,195,197,203,209,217,216,212,203,194,188,172,155,151,146,146,159,167,166,176,181,189,193,196,200,198,194,194,193,193,196,198,197,194,192,192,188,190,195,201,206,209,209,209
195,189,193,201,203,207,209,206,203,202,203,209,213,213,213,213,213,214,214,215,216,217,219,219,221,221,222,222,223,223,223,224,223,223,223,223,222,222,222,222,222,222,222,221,221,222,222,222,221,221,221,221,221,221,221,221,222,222,222,223,223,223,223,223,223,222,222,222,223,223,222,222,223,222,222,222,223,223,222,221,221,221,220,218,217,218,217,216,218,218,217,216,215,214,213,213,206,201,193,182,171,160,151,146,137,136,136,136,136,137,138,138,146,154,167,181,194,203,208,210,211,212,213,214,215,215,215,215,216,216,216,217,217,217,217,217,218,217,216,215,215,216,216,216,217,217,216,216,216,216,215,215,215,215,215,215,216,216,216,215,216,215,214,212,210,206,202,199,194,192,187,181,178,175,171,166,169,178,190,200,209,216,218,216,216,215,210,188,157,99,56,79,142,177,206,218,218,216,218,216,218,216,215,215,216,217,216,216,219,211,201,178,142,111,116,151,185,208,216,217,217,215,217,218,216,216,216,215,215,215,217,218,218,217,217,217,217,217,217,218,218,218,217,217,217,218,218,218,220,219,219,218,217,216,216,215,217,217,217,217,217,217,217,218,218,219,217,216,214,212,191,150,106,94,121,167,191,193,189,191,194,201,198,191,191,190,190,196,192,185,175,166,163,167,174,180,186,198,202,196,190,191,194,198,201,201,198,190,179,172,172,176,183,183,186,189,193,195,197,199,194,194,190,183,177,168,163,165,166,180,191,193,197,202,202,197,191,193,186,182,188,187,184,189,185,181,178,183,192,196,197,199,188,189,183,174,175,183,185,181,193,196,202,205,204,205,205,200,197,193,189,182,173,164,150,135,138,140,153,171,177,179,187,189,193,199,205,206,206,208,208,208,206,206,205,202,201,203,208,212,214,217,221,224,225,225,226,226,225,227,226,223,220,218,217,216,216,215,217,221,220,212,203,199,195,191,194,201,209,221,227,221,213,207,207,214,217,214,205,195,186,179,184,199,205,198,190,185,189,197,206,208,203,195,187,181,185,192,202,212,219,224,225,225,217,216,213,207,197,189,188,192,196,204,210,214,209,202,193,178,153,141,132,136,156,170,172,181,184,189,193,197,199,193,187,186,182,184,188,190,190,191,194,198,194,191,190,194,202,209,213,213
208,204,205,209,209,210,212,211,213,212,213,216,218,218,217,218,220,220,220,220,221,221,222,222,222,222,223,223,223,223,223,223,222,222,222,222,222,222,222,221,221,221,221,221,221,221,222,222,221,221,221,221,221,221,221,221,221,222,222,222,222,222,222,222,223,222,222,221,222,222,222,221,222,220,218,216,216,214,210,207,205,205,204,205,207,210,213,214,211,210,210,209,208,207,206,206,201,194,183,170,158,150,144,142,144,148,153,159,165,172,177,181,190,193,198,204,209,212,214,215,216,217,217,218,218,218,218,218,220,219,217,216,216,216,216,217,217,217,216,216,216,217,218,218,216,216,215,216,216,217,216,216,214,214,214,214,214,214,213,212,209,206,202,197,192,185,179,176,173,170,164,159,155,153,149,145,143,153,171,190,205,212,215,216,217,214,214,197,176,133,81,79,127,167,196,211,218,216,217,219,218,216,215,215,216,216,216,216,218,214,207,187,152,110,100,127,171,198,212,216,218,218,219,217,217,217,216,216,216,216,217,217,217,217,217,216,216,217,217,217,217,217,217,217,217,218,218,219,219,219,219,219,218,217,216,215,217,217,217,217,217,217,217,217,217,215,217,220,215,211,199,170,118,87,100,148,185,200,198,195,196,201,200,197,196,194,194,198,201,191,178,169,166,169,175,180,186,198,205,203,198,193,194,200,202,202,201,196,186,178,178,182,186,188,192,194,192,190,194,199,200,193,183,176,169,161,156,156,162,173,186,192,195,201,204,200,191,193,186,181,183,182,179,181,180,176,169,171,183,189,191,197,192,190,187,182,180,185,188,184,189,193,199,201,200,200,197,190,181,175,170,168,167,165,154,140,140,130,127,148,163,172,186,186,190,196,203,208,210,212,211,209,207,207,206,204,203,202,202,202,212,216,221,225,226,225,225,225,225,225,224,220,216,214,215,216,219,219,223,226,223,213,202,196,195,190,191,196,206,221,227,223,219,211,207,209,211,209,202,196,194,185,187,196,200,196,190,186,194,202,210,213,213,209,199,189,186,192,202,211,215,217,221,225,220,214,205,198,190,181,174,171,186,193,204,214,215,210,202,190,167,151,138,140,158,172,175,183,187,187,189,192,192,187,183,183,187,191,195,197,198,199,202,206,203,197,192,194,202,211,217,219
212,211,213,216,216,217,218,218,220,220,220,222,222,221,221,222,221,221,221,221,221,221,222,222,222,222,222,222,222,222,222,222,223,223,223,223,223,223,223,223,222,222,222,222,222,222,222,222,222,222,221,221,221,221,220,220,222,222,222,222,222,222,221,221,222,220,218,217,216,215,213,212,211,209,206,204,202,199,195,191,187,186,185,188,192,197,201,204,203,203,204,204,205,205,206,206,205,200,191,183,176,173,173,173,185,188,194,199,203,207,210,213,214,215,216,217,219,219,220,220,220,220,220,220,221,221,220,220,222,220,219,217,217,217,218,219,217,216,216,216,217,217,216,215,217,216,215,215,215,215,214,214,213,212,210,209,209,207,206,205,202,198,190,181,172,165,160,157,149,148,145,142,141,140,138,135,139,145,161,183,199,206,212,218,216,214,214,206,188,160,124,98,125,165,188,203,217,216,213,218,217,216,215,215,215,215,215,215,215,215,213,200,174,133,103,108,148,182,206,215,218,216,217,216,218,218,217,217,217,217,217,217,217,216,216,216,216,216,216,217,216,216,216,217,217,217,218,218,217,218,218,218,218,217,217,216,216,216,217,217,217,217,217,217,217,215,217,220,214,212,205,182,139,96,90,127,171,201,205,197,197,199,201,200,199,197,196,199,196,188,180,174,168,163,165,171,181,188,196,201,199,191,188,194,199,200,202,200,193,184,180,182,181,187,196,201,199,195,194,194,197,192,185,172,156,147,150,157,163,168,179,189,195,201,207,207,202,195,189,182,175,177,182,180,177,180,177,178,187,194,197,200,204,197,193,191,185,180,181,184,180,183,190,195,195,196,193,186,182,173,167,165,168,171,164,152,147,129,118,135,152,165,184,187,194,195,199,207,212,214,215,216,211,210,208,207,206,203,199,196,208,213,220,224,226,226,226,225,226,225,222,218,214,213,215,218,219,222,226,228,225,218,211,206,197,194,193,197,208,220,226,224,217,213,204,199,201,203,200,196,192,190,192,195,195,193,189,182,184,195,207,212,214,214,208,201,196,194,194,199,204,208,215,221,220,215,207,199,191,180,171,166,186,191,204,214,217,217,209,200,185,166,150,145,156,170,179,190,192,188,187,190,192,194,197,199,204,205,205,205,205,206,207,208,202,196,191,189,194,203,211,215
218,219,219,220,220,221,221,222,223,223,223,223,223,222,222,222,221,221,221,221,222,222,222,223,222,222,222,222,222,222,222,222,222,222,222,222,223,223,223,223,223,223,223,223,222,222,222,222,223,222,222,222,221,221,221,220,221,221,221,221,220,220,219,219,220,218,214,210,205,200,195,192,189,186,182,178,174,169,165,162,155,155,159,168,178,188,196,201,206,207,208,209,209,210,211,211,211,210,207,205,204,205,206,208,211,213,216,217,218,218,218,218,218,218,219,220,221,221,220,220,219,219,219,219,219,219,219,219,217,217,218,218,218,218,219,219,218,217,217,217,218,217,215,214,214,213,212,211,212,211,210,209,208,207,204,202,201,199,197,196,194,189,179,167,156,148,146,145,143,145,148,152,156,161,163,163,168,166,170,182,194,202,210,217,215,215,215,214,198,180,159,125,132,165,183,198,214,215,213,216,216,215,215,214,214,215,215,215,214,215,216,208,191,155,113,95,121,162,195,212,217,214,217,220,219,218,218,217,217,217,217,217,216,216,216,216,216,216,216,216,216,216,216,216,216,217,217,217,217,217,217,217,218,218,217,217,216,216,217,217,217,217,217,217,217,218,217,216,214,217,213,189,158,115,95,112,152,191,205,202,199,198,200,202,201,198,197,197,194,189,184,177,165,154,156,164,174,179,186,195,197,191,186,190,194,196,200,202,197,188,179,174,175,179,186,192,197,199,197,193,189,185,180,168,152,146,152,158,163,165,171,179,186,192,198,204,205,196,194,191,182,184,190,186,181,184,182,179,182,188,194,199,205,198,194,193,187,179,180,187,185,185,191,197,199,200,198,194,186,178,172,170,172,177,173,163,157,140,129,138,146,159,180,189,199,197,197,201,206,209,214,218,216,214,212,211,210,208,205,202,205,210,217,223,226,227,227,227,228,224,219,215,212,213,216,221,223,225,227,228,225,221,217,215,205,203,202,205,211,217,219,219,211,211,203,192,192,194,192,189,186,191,197,198,194,191,187,179,179,192,206,211,211,212,212,212,202,193,188,193,203,211,217,220,222,222,219,210,197,185,177,174,179,182,196,204,210,215,211,206,195,182,171,164,168,182,194,205,202,195,191,190,192,198,205,207,202,201,200,198,198,200,201,201,197,193,188,185,186,193,201,207
222,223,221,220,222,222,221,222,223,223,223,222,222,222,222,222,222,222,222,223,223,223,224,224,223,223,223,222,222,222,222,222,221,221,221,221,221,221,221,222,222,222,222,222,221,221,220,220,220,220,220,220,219,219,219,219,218,218,218,217,217,216,215,215,215,212,207,200,191,180,170,163,162,159,154,149,144,141,139,138,137,139,148,163,179,193,203,210,210,211,211,212,211,211,212,213,212,213,214,215,215,216,217,218,219,220,221,221,221,221,221,221,220,220,220,220,220,219,218,218,218,218,218,217,217,218,218,218,218,218,219,219,219,219,218,218,218,216,214,213,212,210,207,205,198,198,197,199,201,203,203,202,201,199,197,196,195,195,194,194,188,184,177,166,158,154,156,160,171,176,182,188,193,198,202,202,196,189,182,181,188,198,206,210,214,215,214,215,207,195,183,161,152,170,185,197,206,212,217,214,215,214,214,214,214,214,215,215,216,215,217,212,201,175,133,105,114,151,184,205,215,215,218,222,220,219,217,217,217,217,217,216,216,216,216,216,216,216,216,216,215,215,216,216,216,216,216,216,217,217,216,216,217,217,217,217,216,216,217,217,217,217,217,217,217,219,216,216,216,218,216,202,178,141,111,105,129,169,194,205,201,197,198,202,202,199,197,195,199,197,193,185,173,164,162,165,169,176,184,192,199,199,194,193,194,199,203,205,202,195,186,179,177,179,181,184,191,200,202,198,197,188,180,171,161,156,153,145,157,164,167,170,178,184,189,197,199,196,197,196,191,186,184,184,184,181,179,175,171,175,185,193,199,200,196,192,191,186,183,187,188,184,186,192,195,197,198,198,190,185,182,181,184,188,187,179,166,149,142,141,143,158,179,195,200,200,200,198,199,203,208,212,217,217,216,216,215,213,212,212,209,213,218,221,223,224,225,226,226,220,214,211,210,212,218,223,229,228,226,223,221,218,215,213,208,205,201,201,202,202,202,206,203,208,202,192,190,188,185,185,187,193,201,204,200,197,193,189,187,194,201,205,208,211,214,214,205,196,188,190,199,208,214,218,218,221,220,212,199,187,180,178,171,174,188,194,202,214,213,212,206,200,197,188,184,193,202,209,207,198,192,188,186,192,198,197,196,198,198,197,199,201,203,202,201,198,193,189,189,194,202,209
221,223,221,221,223,223,222,223,223,223,222,222,222,223,223,222,222,222,223,223,223,223,223,222,222,222,222,222,222,222,222,221,222,222,222,221,221,221,221,221,220,220,220,220,219,219,218,217,215,215,215,215,215,215,215,216,215,215,215,214,213,212,211,211,208,206,200,191,178,162,148,139,137,136,136,138,141,147,153,157,169,170,175,186,196,203,207,210,211,213,214,215,215,216,218,219,219,220,220,220,219,219,220,221,220,220,220,220,220,220,219,219,220,219,218,218,218,218,219,220,219,219,219,219,219,219,219,219,219,218,217,215,214,213,212,212,209,206,201,197,193,188,183,180,178,178,180,184,189,194,195,196,195,194,192,192,193,195,196,196,196,195,191,186,183,185,193,200,202,206,210,211,211,211,210,209,198,192,181,173,179,194,203,203,215,213,212,212,211,205,195,190,175,179,191,200,196,205,219,209,214,214,214,213,213,214,215,215,215,212,216,215,208,192,158,130,126,154,177,199,214,216,217,217,219,218,217,217,217,217,216,216,215,215,216,216,216,216,215,215,215,215,215,216,216,216,216,216,217,217,216,216,216,216,217,217,216,216,217,217,217,217,217,216,216,217,216,219,217,212,215,216,198,166,128,104,112,146,179,202,202,196,198,202,202,199,196,194,195,195,193,189,183,176,166,157,159,169,177,183,193,198,195,189,192,197,201,201,200,197,191,185,182,188,192,191,195,203,206,204,203,193,185,179,171,167,157,141,150,164,169,171,180,187,190,198,206,207,201,197,196,185,177,183,183,178,180,181,175,174,185,192,199,208,203,193,194,191,182,178,184,177,177,184,188,192,197,199,197,195,195,196,199,203,202,195,190,169,160,150,146,160,177,193,198,204,206,200,197,200,204,204,212,215,217,218,216,214,214,215,216,218,220,220,220,220,221,222,221,215,209,206,208,212,219,226,221,218,213,210,208,207,204,202,200,195,188,186,185,182,185,193,195,203,202,195,193,188,185,187,185,188,197,204,202,200,201,201,198,194,193,197,205,212,212,210,211,202,190,183,184,191,203,211,214,216,216,211,202,194,187,184,174,177,191,195,204,219,220,220,219,215,211,196,184,187,193,197,201,194,189,184,182,189,195,191,198,201,205,205,206,207,207,206,203,199,194,189,188,193,201,207
223,222,221,221,222,223,223,222,222,222,222,222,222,222,223,223,224,224,223,223,224,223,222,221,223,223,223,222,222,222,222,222,221,220,221,222,221,217,218,220,217,217,218,215,210,209,209,205,203,199,199,201,200,203,209,212,209,209,208,207,205,204,203,203,204,202,196,186,174,162,154,150,153,161,170,175,179,186,193,197,204,205,208,211,214,215,216,216,219,219,219,219,219,219,219,219,220,220,220,220,219,219,219,219,220,220,219,219,220,220,220,220,220,220,219,219,219,219,219,219,220,219,218,218,218,218,217,216,212,212,210,205,201,198,194,190,189,185,181,177,172,166,162,160,159,162,167,174,180,187,192,195,196,195,198,201,200,200,202,200,202,202,204,200,198,199,201,204,206,211,211,209,211,212,209,208,201,196,191,174,171,181,201,202,211,214,211,213,214,207,201,195,194,184,187,196,196,201,211,216,213,213,212,211,213,214,214,212,213,213,213,214,213,202,179,158,144,155,178,200,210,214,216,216,219,216,215,217,217,216,216,217,215,215,215,215,215,216,217,217,215,215,215,215,215,215,216,216,216,216,216,217,217,216,215,215,217,216,215,216,216,217,216,215,217,216,216,216,217,217,216,215,211,188,152,115,99,120,161,191,203,202,197,195,200,203,200,198,196,194,199,197,183,172,162,150,146,162,174,177,180,189,193,190,189,191,196,202,206,203,195,190,182,182,185,189,196,204,205,199,193,190,185,180,176,173,170,167,170,169,170,174,177,180,185,191,197,202,204,200,195,192,186,180,187,187,183,183,185,181,181,189,194,202,209,203,192,192,190,179,174,181,177,174,184,190,191,199,202,204,205,203,203,204,205,206,198,190,174,162,160,159,165,179,197,203,208,206,203,201,200,199,204,207,213,219,221,220,219,219,219,217,216,219,221,217,217,223,221,208,198,201,204,212,220,216,211,201,190,185,190,199,197,186,181,178,191,181,152,150,161,163,167,194,204,197,194,188,185,193,191,185,190,203,210,207,203,199,191,187,186,191,198,203,206,208,211,197,187,183,181,187,199,203,212,217,221,222,218,212,204,199,189,185,177,183,199,210,215,221,221,217,201,190,189,187,188,198,202,199,197,193,191,195,201,201,205,203,201,200,200,198,196,196,194,198,193,195,200,198,201,205
222,222,222,222,223,223,222,222,223,223,223,223,222,222,222,223,222,222,223,224,225,225,224,223,223,222,221,220,220,219,219,219,218,217,216,215,212,210,208,209,206,202,199,197,193,192,188,181,177,172,171,174,178,186,195,198,204,204,205,205,206,207,207,207,210,209,207,203,197,192,189,188,195,200,204,205,206,209,213,215,216,217,218,219,220,221,221,221,220,220,220,219,219,219,219,219,219,219,219,219,219,219,219,220,220,220,220,220,219,218,218,218,218,218,218,218,218,218,218,218,217,217,216,216,215,214,213,211,207,205,201,194,188,182,176,172,169,166,163,159,154,149,144,141,145,148,159,173,186,195,201,202,203,203,204,204,202,202,204,205,204,197,191,184,181,181,181,182,186,194,203,210,212,209,208,210,208,200,189,184,169,172,181,195,206,212,210,211,213,208,203,196,196,189,184,188,194,197,203,212,210,211,212,212,212,212,213,212,212,213,213,213,215,211,198,184,170,170,181,197,206,209,214,218,218,216,216,217,218,216,215,216,217,216,216,215,215,215,215,215,215,215,215,215,215,215,215,215,215,215,215,216,216,216,216,216,217,217,216,215,216,215,215,214,216,216,216,216,217,217,216,215,212,203,177,137,103,102,136,172,195,202,199,194,199,202,199,197,195,198,199,199,195,185,172,164,162,163,164,168,177,188,194,196,192,192,195,200,205,205,199,193,186,183,186,193,198,201,200,196,188,188,188,189,190,187,181,177,179,181,183,179,169,161,164,172,181,191,198,199,197,195,190,184,185,187,185,181,176,168,170,182,193,199,207,206,196,190,187,180,176,180,182,181,184,191,198,201,205,206,206,203,202,201,201,200,196,190,179,169,158,148,151,167,187,200,212,215,212,207,201,196,199,201,208,215,220,224,225,221,218,217,214,212,216,219,217,216,205,197,185,177,183,202,217,213,202,185,172,170,167,165,168,173,156,154,164,157,134,128,138,150,162,182,192,194,199,194,188,193,193,190,192,201,210,214,210,203,196,196,193,189,187,190,197,203,212,207,203,196,186,184,194,203,213,220,225,223,221,219,210,201,190,185,177,178,190,202,210,215,220,219,211,203,199,194,193,199,203,197,197,201,200,199,202,205,201,196,191,191,193,195,197,199,199,200,194,200,209,208,206,205
222,222,223,222,222,221,221,221,221,221,221,221,221,221,220,220,221,221,222,223,223,223,221,220,219,219,218,217,217,217,218,218,219,217,214,210,205,199,192,186,186,179,174,169,163,157,152,147,139,136,138,147,160,178,191,195,204,204,205,206,207,208,209,209,209,210,211,211,210,211,212,214,215,217,218,218,217,218,219,219,219,219,219,219,218,218,218,218,220,220,220,219,219,218,218,218,219,219,219,220,220,220,220,220,218,219,220,221,221,220,221,222,218,217,216,215,214,214,214,214,213,212,212,211,210,208,206,205,203,198,190,179,167,158,152,151,153,151,149,148,151,156,161,163,171,173,183,193,198,203,207,207,207,209,209,203,195,192,197,202,201,192,178,166,161,162,163,162,167,173,185,198,208,211,210,210,210,203,191,185,166,157,160,181,196,208,209,210,212,211,208,201,196,193,183,182,192,195,198,209,209,210,212,212,211,210,211,213,213,214,213,213,214,213,208,202,196,179,171,180,192,203,211,216,216,215,215,217,217,216,215,215,216,216,215,215,215,215,214,214,215,214,214,214,215,215,214,214,214,214,214,214,215,215,216,216,217,216,215,215,215,215,214,213,216,216,215,216,216,216,216,215,214,212,195,161,121,98,113,146,183,201,203,195,197,201,200,199,195,200,197,198,204,196,181,177,168,160,158,166,178,186,192,197,196,193,193,198,204,207,203,198,194,189,192,201,205,204,201,198,191,188,185,186,190,192,192,190,190,193,194,184,166,151,148,152,166,178,191,197,198,197,191,185,180,183,183,179,173,166,169,180,188,192,202,207,200,192,188,185,179,179,184,184,179,184,194,195,200,202,202,201,201,201,200,199,202,196,186,176,163,150,154,169,179,195,211,217,217,214,209,203,196,193,199,208,213,219,219,211,209,207,201,196,198,206,211,212,196,179,164,162,171,188,200,202,192,175,154,136,124,120,125,131,149,133,132,137,129,113,119,146,179,186,186,187,193,192,192,202,197,195,195,199,208,219,219,210,198,194,189,184,186,195,205,211,214,216,214,203,188,178,182,193,203,212,218,217,218,219,211,199,191,187,185,187,194,205,214,215,218,218,216,211,203,196,195,197,197,192,195,203,204,203,203,204,205,198,191,189,192,195,197,198,203,203,198,203,210,210,210,208
222,223,223,222,221,220,221,221,222,222,222,223,223,222,220,219,220,220,219,219,219,219,218,217,216,215,214,213,213,213,213,213,213,213,210,204,195,183,167,154,146,142,140,137,130,127,128,129,131,131,138,151,167,186,200,202,208,208,209,209,210,211,212,212,213,214,215,216,217,217,219,220,218,218,218,217,217,218,218,218,219,218,218,218,218,219,219,219,220,219,219,219,219,218,218,218,219,219,220,220,220,220,219,219,218,218,216,215,213,211,209,208,202,201,200,201,203,206,208,210,206,206,205,204,203,201,200,199,198,192,183,172,161,154,154,158,163,168,175,182,188,193,196,197,202,205,209,206,199,197,200,202,209,211,208,198,187,182,185,192,189,178,150,128,124,135,146,144,141,146,160,179,198,210,213,209,208,205,200,181,166,142,143,157,180,200,208,209,210,210,210,204,196,194,185,179,184,191,195,202,210,211,213,213,211,210,211,213,213,214,214,213,213,212,208,204,199,177,158,158,170,189,205,212,212,212,213,214,215,215,216,216,214,214,214,215,215,215,215,215,214,214,214,214,215,215,215,214,214,214,213,213,214,215,216,216,214,214,214,214,214,214,214,214,215,215,215,215,215,216,215,215,214,215,205,182,147,110,103,124,162,193,206,198,196,199,199,202,198,199,195,197,204,200,190,185,171,165,163,169,175,178,185,192,194,193,192,194,200,204,204,202,199,195,197,203,206,207,205,201,194,186,178,175,178,184,190,193,193,191,187,177,161,143,131,127,145,160,177,188,194,195,190,185,183,183,182,183,181,178,178,183,191,195,202,208,205,199,194,192,184,180,180,182,179,178,185,192,195,199,202,202,202,203,203,203,207,201,193,184,174,164,163,169,171,185,201,211,217,219,216,210,198,191,194,201,203,204,202,193,189,193,197,196,194,197,204,207,191,165,146,146,161,177,185,190,176,162,142,128,126,129,133,136,155,139,128,130,136,128,129,154,181,190,193,194,198,195,194,201,201,199,197,197,205,218,223,218,204,196,187,182,183,188,196,203,212,215,210,199,187,174,171,179,192,202,210,213,215,215,209,200,190,184,187,194,197,205,213,214,219,218,219,215,207,202,201,200,190,192,198,201,205,209,209,203,205,199,195,194,196,198,199,200,200,203,199,201,200,200,206,211
223,222,222,222,221,221,222,222,219,219,219,219,219,217,215,213,213,211,209,208,208,210,212,213,213,212,211,209,208,207,206,206,204,205,203,197,187,173,155,142,130,129,132,135,136,141,150,154,161,162,170,180,190,201,208,207,211,211,212,213,215,216,217,217,218,218,219,220,219,219,218,218,222,220,219,219,219,219,218,218,219,219,218,218,219,220,221,221,219,219,219,219,219,219,218,218,219,218,218,217,215,214,212,211,210,207,204,201,199,196,192,189,186,185,184,185,189,194,199,201,200,200,200,200,199,199,200,200,196,195,191,186,182,181,185,191,196,199,202,205,203,200,198,198,200,205,206,199,190,183,184,190,200,205,201,187,169,156,160,175,178,160,117,88,96,127,148,142,117,113,129,161,188,204,211,212,208,209,206,188,168,132,119,122,158,188,206,209,208,208,210,206,199,194,188,177,170,179,191,194,210,212,213,213,212,212,212,212,212,212,213,213,214,214,210,207,192,173,148,132,138,165,194,209,212,212,213,213,213,214,215,215,213,214,214,214,215,214,214,214,213,212,213,214,215,216,215,215,215,214,213,213,213,214,215,215,214,214,214,214,214,214,214,214,214,214,215,215,215,215,215,215,213,217,214,201,172,129,103,106,135,174,201,202,198,195,196,201,203,196,196,199,200,203,201,193,185,179,172,169,168,171,178,185,189,191,192,193,196,200,204,204,198,195,195,196,200,205,205,200,200,193,184,180,181,185,191,195,198,194,187,177,162,143,125,114,120,137,159,177,189,193,191,186,190,187,187,189,187,184,182,181,189,193,196,197,199,198,193,188,188,184,178,180,185,180,181,196,196,202,207,207,205,204,205,205,204,204,202,193,182,172,165,158,165,176,191,204,215,220,217,210,203,192,191,198,197,190,182,175,164,170,174,170,169,182,197,201,184,154,119,97,113,148,171,184,175,155,136,137,148,148,146,150,157,170,165,147,153,166,170,180,181,190,194,197,201,201,201,204,207,204,202,202,206,216,225,225,215,206,198,192,184,179,186,197,206,209,204,194,184,172,166,170,186,193,202,208,208,205,200,197,189,181,186,196,199,203,211,215,214,214,215,214,209,205,200,195,188,192,198,202,207,214,215,209,207,204,199,197,194,191,191,192,196,199,198,199,195,193,204,209
221,220,220,219,219,218,216,215,213,212,210,209,207,205,201,198,194,190,185,183,185,191,197,201,206,206,205,205,205,204,204,203,205,207,206,201,194,184,173,165,164,162,164,167,172,182,189,189,185,184,190,199,205,211,214,213,216,216,216,217,217,217,218,218,216,217,218,218,218,218,217,217,220,218,218,219,220,219,218,218,219,218,218,218,218,218,218,219,218,218,218,218,217,217,217,217,216,214,212,208,204,199,196,194,190,187,182,179,177,174,171,168,163,163,165,170,178,187,194,197,202,202,203,203,203,204,205,205,205,207,208,207,207,208,208,208,207,200,194,190,186,181,181,184,188,194,193,186,172,148,140,155,178,196,200,178,140,116,132,166,178,156,109,91,120,166,188,172,128,99,102,144,183,201,209,213,210,210,206,203,173,136,100,91,135,172,199,208,209,208,210,208,202,194,188,175,156,159,178,187,202,209,213,212,211,212,213,211,212,211,211,212,213,213,211,209,195,170,131,99,99,136,179,203,212,213,214,213,212,213,214,213,214,214,215,215,214,213,212,211,212,212,212,213,215,216,215,214,214,213,213,212,212,213,214,214,214,215,215,214,213,212,212,212,214,214,214,214,214,214,215,215,215,216,214,210,196,160,119,98,114,149,186,201,200,195,195,199,205,196,197,199,197,202,206,200,193,186,177,170,168,170,174,177,185,191,195,195,195,199,203,205,198,194,191,190,194,202,205,201,204,198,191,186,183,184,190,197,202,201,198,190,176,158,141,130,119,134,155,174,188,193,191,187,187,186,188,189,183,179,178,177,179,185,185,184,190,195,192,188,191,188,178,178,187,180,178,192,194,200,207,208,206,205,205,205,203,207,208,198,185,178,172,162,169,173,182,195,209,216,216,213,206,196,189,192,191,177,161,153,132,135,134,125,132,163,189,191,174,144,112,89,100,129,150,171,183,170,148,139,149,156,154,155,164,191,200,182,179,193,203,213,209,207,201,196,198,204,209,213,216,213,212,212,213,219,227,230,223,212,203,199,196,192,196,204,201,202,198,187,175,163,157,157,170,174,181,186,184,180,177,178,179,178,187,203,211,211,213,214,208,208,208,207,205,199,189,182,179,179,186,196,203,207,212,213,209,206,201,195,190,186,186,187,196,197,198,202,200,198,205,205
218,217,215,213,211,206,200,195,194,192,188,185,182,178,173,170,160,156,151,151,158,171,184,192,202,202,203,204,205,205,204,204,206,207,208,207,203,197,193,193,195,194,192,189,188,193,195,191,189,182,183,193,202,209,216,218,218,218,218,218,217,217,216,216,218,218,218,219,220,220,220,220,219,218,218,220,221,219,219,219,219,219,218,218,217,217,217,217,215,215,214,214,213,212,212,211,210,208,203,196,188,181,175,172,169,167,164,160,156,154,153,152,151,153,159,169,181,192,200,204,207,208,209,208,207,205,204,204,205,207,208,208,212,214,208,200,186,175,169,171,172,168,167,171,180,189,186,175,144,90,74,105,151,174,185,164,124,99,124,172,180,158,113,107,145,190,208,187,145,107,101,141,182,204,211,211,210,209,207,209,188,157,113,84,106,148,184,203,208,209,211,209,205,197,187,172,145,129,143,167,187,202,213,212,209,212,213,210,212,211,211,211,211,210,210,209,204,179,135,91,77,107,157,190,207,210,213,213,212,213,213,211,213,214,214,214,214,213,211,211,212,211,211,212,214,215,213,212,212,211,211,211,212,212,213,213,214,215,215,214,213,212,212,212,213,213,214,214,213,213,214,215,215,213,211,213,210,189,147,111,105,125,161,189,194,193,196,198,205,202,199,197,194,195,198,198,191,185,178,173,168,164,164,167,179,187,193,194,193,196,199,200,195,189,185,186,190,199,205,204,202,197,191,184,176,173,179,188,194,198,201,199,190,177,165,158,147,155,166,178,188,193,192,189,184,183,186,186,179,176,178,177,178,185,184,184,192,198,198,199,191,189,182,179,182,180,179,183,189,195,201,204,205,205,203,201,202,201,200,194,185,182,178,169,167,166,172,187,202,211,216,219,207,202,192,189,192,178,155,142,121,124,132,137,144,166,186,187,173,152,141,138,150,156,150,161,180,189,178,160,166,184,193,196,188,194,205,206,203,206,213,225,227,224,219,214,208,204,204,208,219,218,219,219,218,222,225,224,222,210,197,193,195,199,200,199,197,191,183,172,160,153,151,148,156,159,162,163,163,164,166,167,173,179,188,201,214,217,213,211,209,207,197,188,186,179,169,165,160,161,170,182,191,198,206,209,206,203,199,197,195,193,193,194,195,195,198,204,201,198,202,198
215,213,210,208,203,194,183,175,163,160,155,150,146,141,136,132,129,126,124,129,142,163,183,195,205,206,207,207,206,204,202,201,197,199,202,203,199,195,195,199,197,200,200,191,183,183,184,179,189,176,173,182,193,203,212,218,215,215,216,216,217,218,218,218,219,218,217,217,217,218,218,219,220,219,219,220,219,216,214,215,213,213,213,213,213,212,212,211,212,212,211,210,209,207,207,206,206,202,196,187,177,168,160,156,152,154,156,157,158,161,166,170,181,182,185,191,198,204,206,207,209,210,211,209,205,201,197,195,190,191,191,194,204,210,203,190,171,154,142,146,152,153,156,162,177,190,188,173,126,50,32,80,126,141,147,139,118,103,127,172,179,154,106,98,130,167,185,165,137,116,120,152,183,204,213,209,209,208,213,207,203,182,142,94,83,127,168,194,205,208,210,208,209,201,187,169,136,101,105,140,175,196,212,211,208,211,212,209,209,210,212,212,211,210,210,211,207,196,166,116,77,87,135,177,202,206,210,212,212,213,212,210,212,212,213,214,214,213,212,212,212,211,211,212,213,214,212,210,210,210,210,211,211,212,213,213,213,213,214,214,213,212,213,214,213,213,214,213,213,213,214,216,213,215,217,215,211,200,168,134,103,109,139,173,185,188,195,198,208,211,203,195,194,189,188,195,193,186,179,172,161,151,153,160,170,179,187,188,188,190,191,191,189,179,175,180,186,194,201,204,204,203,199,192,181,173,175,181,190,195,201,204,201,194,185,178,174,174,176,181,187,192,194,193,190,185,187,187,182,180,182,178,180,186,186,185,191,195,196,200,190,188,187,183,180,185,188,181,190,193,198,202,204,204,200,196,193,187,186,187,184,182,174,160,152,154,165,185,201,209,213,216,208,209,196,191,200,191,164,147,142,141,156,172,172,175,189,198,189,173,162,156,173,187,174,173,178,199,203,192,191,198,208,221,217,204,207,215,220,224,223,224,227,226,228,226,214,200,200,208,214,216,218,218,217,220,219,213,212,207,196,187,189,197,202,201,192,178,165,156,150,152,153,148,156,159,160,159,163,171,176,176,185,192,192,196,210,218,216,213,206,200,179,161,156,151,144,146,145,153,164,171,181,196,206,205,214,210,205,202,199,195,191,188,191,192,196,200,194,189,194,190
208,210,208,203,192,180,165,139,131,131,129,128,128,130,133,136,144,148,154,160,167,178,190,199,199,202,199,195,197,199,196,191,189,194,199,192,200,199,182,193,199,188,189,185,170,172,182,178,180,174,174,184,198,208,215,218,217,218,218,218,217,217,218,219,221,217,218,219,217,216,217,217,213,215,217,219,218,216,214,214,212,209,203,199,202,208,208,204,208,205,205,204,202,204,203,199,201,201,195,186,179,173,166,164,171,177,185,189,195,200,200,205,203,207,207,205,204,203,202,206,208,211,211,199,196,181,178,180,180,175,178,186,195,205,199,178,146,90,69,84,122,149,166,180,189,204,197,172,130,69,47,78,120,129,117,88,75,93,136,174,181,158,104,69,96,142,157,151,137,131,141,171,199,209,209,209,210,209,207,208,204,194,163,116,84,98,144,187,204,209,210,212,206,211,193,170,135,75,59,100,151,183,204,212,207,212,208,211,211,210,210,211,210,209,209,210,209,199,184,144,94,77,106,152,190,204,211,210,212,211,211,215,212,212,212,211,211,211,212,212,210,210,210,211,212,212,211,210,210,210,210,211,211,212,212,213,211,214,214,213,211,212,212,211,213,213,213,213,213,214,214,214,214,213,216,214,211,212,195,165,123,105,108,141,167,184,197,194,209,210,206,196,186,182,183,183,183,183,176,167,163,162,162,164,172,181,191,190,184,183,183,180,177,172,172,171,177,189,196,202,202,201,200,198,191,185,186,191,193,197,203,206,206,203,198,195,196,187,186,190,188,188,190,188,192,198,196,189,182,173,174,186,184,187,186,183,183,185,188,193,182,178,177,177,179,187,192,185,191,194,200,203,203,203,196,185,178,170,167,171,168,159,156,160,155,163,175,186,197,207,214,217,214,207,202,198,192,197,190,156,148,150,156,168,184,199,208,212,206,194,185,188,200,209,213,213,206,206,210,216,216,213,213,218,221,218,216,219,223,225,225,225,226,228,226,221,214,203,196,198,204,205,209,212,213,209,205,203,199,201,197,191,195,208,215,213,203,182,158,149,154,164,171,173,176,177,176,175,178,180,184,191,192,197,200,201,206,214,215,209,204,188,170,152,138,133,135,135,139,148,160,169,179,191,202,207,215,213,210,206,200,193,186,182,184,182,188,195,194,191,191,192
204,201,199,202,193,179,169,154,144,149,156,164,170,177,182,186,190,192,194,196,197,198,199,200,200,195,190,189,191,192,192,191,177,183,191,188,193,192,177,184,192,187,191,190,180,182,191,190,200,196,195,201,208,212,214,217,219,218,218,218,218,218,218,217,217,214,214,214,212,212,212,211,214,214,215,216,215,214,213,213,210,203,196,187,178,184,196,201,201,201,202,203,202,203,203,201,201,204,203,201,200,197,197,201,205,209,212,212,214,214,210,210,204,199,195,190,189,189,186,188,197,201,197,182,172,165,162,158,159,156,164,179,191,200,193,175,123,59,51,94,151,180,194,206,208,211,201,173,131,93,93,123,139,140,111,65,52,88,142,177,180,160,114,83,101,136,148,145,139,149,168,191,206,211,211,212,208,207,205,206,205,201,179,141,91,81,116,166,192,205,211,210,211,211,204,182,148,91,46,58,122,169,193,207,208,210,211,211,212,211,210,211,210,209,208,209,212,210,197,164,121,84,88,129,171,196,211,209,210,213,212,210,212,212,211,211,210,210,210,210,209,209,209,210,210,210,210,209,210,210,210,210,211,211,212,212,211,213,213,212,211,211,211,211,212,212,212,213,213,213,214,214,216,215,218,216,213,215,206,184,147,110,108,118,138,173,188,194,204,207,206,198,189,182,177,174,174,179,179,173,168,167,170,177,183,186,191,192,188,185,182,178,174,165,161,160,169,183,190,198,202,202,202,200,194,187,183,183,187,192,198,202,204,204,204,203,197,190,186,186,185,187,191,194,196,198,194,187,180,171,169,178,186,188,184,180,181,183,185,188,184,181,182,185,183,181,182,183,179,184,193,199,199,195,184,172,156,150,143,143,151,156,149,139,146,161,180,193,201,206,209,211,216,209,204,201,195,199,200,182,170,171,180,195,208,215,219,223,217,211,209,214,222,227,228,228,224,222,223,226,226,223,222,222,211,212,212,213,217,222,223,220,223,225,225,219,211,202,193,186,192,191,193,198,200,197,191,187,185,187,188,190,196,206,214,219,209,192,174,167,167,171,180,190,191,192,189,187,189,192,196,202,209,209,206,200,200,207,212,213,209,197,181,167,152,139,136,140,142,150,162,170,174,179,188,196,205,209,211,207,202,198,193,187,193,191,195,199,197,196,196,196
211,208,207,210,205,194,189,181,182,188,196,203,206,208,211,213,215,215,214,213,210,204,197,192,200,185,178,180,178,178,181,182,170,176,188,190,193,193,182,186,195,197,202,203,198,199,205,207,213,212,212,215,217,216,216,218,219,217,215,216,217,217,215,213,212,212,211,211,211,212,212,210,211,212,213,214,215,214,213,212,207,197,186,165,143,155,184,197,200,201,204,206,206,206,207,208,207,210,211,210,209,208,211,218,216,218,218,217,217,215,207,198,188,179,180,177,172,170,175,186,187,183,176,166,146,140,142,146,136,128,130,147,174,197,191,168,113,66,85,140,181,190,196,208,213,211,203,172,125,107,134,167,171,164,131,83,69,107,158,185,197,184,150,125,130,147,155,155,164,180,199,208,210,209,209,208,208,207,204,205,206,206,194,166,117,78,92,142,179,203,214,213,211,207,212,198,175,132,68,43,96,157,187,206,211,210,213,210,212,211,210,211,210,208,208,209,208,213,204,182,150,98,75,104,153,184,206,208,209,210,209,210,211,211,210,210,209,209,209,209,209,208,208,208,208,209,209,209,209,209,209,210,210,211,212,212,211,212,212,211,210,211,211,211,212,212,212,212,212,213,214,214,215,215,217,216,213,216,214,203,177,132,111,98,108,148,177,192,202,205,203,195,189,185,181,180,181,186,189,187,185,183,186,193,195,188,186,187,185,182,178,174,168,161,161,163,171,181,188,197,204,205,205,203,199,193,186,180,178,182,188,193,198,201,203,204,204,197,186,179,178,181,190,200,197,199,197,189,179,169,167,174,182,184,181,176,179,182,181,180,183,180,181,186,188,182,180,185,183,183,188,193,192,186,176,165,149,147,141,136,139,144,138,126,129,151,179,197,204,206,209,212,216,213,208,205,198,196,202,200,193,192,200,214,222,222,222,225,220,220,221,225,227,226,225,224,227,225,222,222,223,222,219,216,201,204,205,205,210,219,222,220,219,220,221,216,206,201,192,177,183,180,180,185,190,190,187,183,177,178,183,191,197,202,209,216,220,206,194,189,186,184,191,203,205,208,204,199,199,202,206,210,216,217,216,210,206,207,211,215,215,208,195,182,166,145,137,145,153,159,168,176,178,179,185,194,198,208,214,210,206,205,200,193,200,197,198,199,198,199,201,199
206,209,206,206,204,201,200,193,201,207,214,217,217,216,217,218,219,217,215,212,208,202,194,189,186,172,171,177,176,180,189,191,181,184,198,202,203,206,202,203,208,212,215,215,214,213,214,217,215,214,215,216,217,216,217,219,217,215,213,212,212,212,211,209,208,210,209,207,208,209,207,206,207,210,214,216,217,217,215,213,210,201,185,148,113,127,169,191,205,208,210,211,213,212,211,213,212,215,214,209,204,201,203,210,212,215,215,215,215,212,201,182,166,141,144,152,160,159,164,175,180,172,157,138,113,128,153,167,168,160,148,144,160,185,187,168,113,57,62,104,143,163,180,193,205,204,201,174,132,121,152,186,200,188,168,140,126,144,178,197,199,193,177,164,167,175,180,185,197,205,212,213,211,210,208,205,208,208,203,203,201,201,196,179,146,96,84,119,162,194,208,212,214,208,212,205,190,162,102,50,64,128,172,196,208,210,211,211,210,209,209,209,209,207,207,208,208,212,208,197,175,128,95,109,149,175,198,208,210,206,206,212,210,210,209,209,208,208,209,209,209,208,207,206,207,208,208,208,208,208,208,209,209,210,211,211,211,212,211,211,210,210,211,211,211,211,211,211,212,213,214,214,215,214,215,216,213,215,216,213,198,167,124,99,95,117,158,185,196,202,199,192,191,192,192,195,192,193,192,195,198,197,194,196,203,194,187,185,185,186,185,180,171,167,171,170,171,175,182,195,202,205,205,203,201,199,192,185,181,182,186,194,200,204,205,205,208,204,193,182,179,178,184,196,201,202,195,181,165,159,168,182,182,182,175,169,173,179,180,180,181,180,177,180,188,188,184,185,188,183,185,190,192,190,183,174,162,158,153,150,144,137,131,129,134,156,185,204,208,207,208,210,211,215,213,211,203,194,198,202,204,203,207,214,217,215,215,216,221,222,222,222,220,218,218,218,215,215,212,210,210,212,209,206,195,195,193,195,202,211,214,214,213,210,212,209,199,196,191,177,178,174,173,178,186,191,192,192,194,194,198,205,208,208,210,213,223,214,207,205,202,199,202,208,213,218,216,208,204,205,207,211,213,216,220,219,214,209,209,211,216,216,206,191,176,155,146,156,168,173,180,185,188,188,191,194,202,213,220,219,215,212,207,202,199,197,197,196,196,199,203,201
202,203,198,200,200,198,199,196,196,203,212,217,218,218,218,219,219,218,216,213,208,201,195,191,187,181,185,190,188,194,204,205,202,203,212,215,214,217,217,217,216,218,217,216,219,217,215,217,215,213,211,211,212,213,215,216,217,216,213,211,209,208,209,209,206,209,208,205,205,202,199,200,206,210,215,217,218,219,218,216,218,209,193,153,105,102,148,189,209,214,214,214,216,215,213,215,214,217,213,203,194,190,193,201,212,217,215,217,216,211,195,166,126,76,78,111,151,170,181,190,190,183,152,109,89,139,187,198,194,170,142,136,156,176,170,148,107,48,48,88,129,155,176,188,198,199,196,183,161,150,168,194,211,202,194,184,172,177,195,207,208,206,202,200,202,205,209,213,214,212,211,211,212,211,207,204,200,199,193,190,187,187,189,184,168,129,100,111,153,186,199,212,213,213,210,208,199,180,138,77,50,96,155,185,204,212,207,210,209,208,208,209,209,208,208,208,210,208,209,205,190,161,134,131,154,176,196,206,210,207,204,209,208,208,208,208,208,209,209,209,209,208,206,206,207,208,208,208,208,208,208,208,209,209,210,210,212,211,211,211,211,211,211,211,210,210,210,210,211,212,213,214,215,213,214,216,216,216,216,216,209,195,151,114,97,96,128,172,187,197,198,193,195,197,197,201,200,198,195,196,201,200,196,194,197,192,188,185,186,192,193,187,182,175,173,166,162,165,172,186,195,200,204,203,201,201,196,190,184,183,185,194,203,207,206,204,204,206,201,194,189,184,183,190,196,195,191,178,161,155,162,171,175,172,161,154,159,170,177,181,180,187,184,180,187,192,186,181,192,186,186,191,193,192,184,175,175,165,160,162,161,153,144,141,143,161,186,204,210,209,207,207,204,214,215,214,208,199,199,201,205,207,208,207,207,207,208,207,206,207,206,205,204,204,204,205,204,205,203,200,198,199,199,196,192,187,186,192,201,206,208,209,207,201,203,203,193,190,190,184,182,179,180,187,195,202,206,208,212,213,215,216,218,218,214,211,216,215,214,212,210,209,209,210,214,221,222,215,208,204,204,207,209,211,214,216,214,209,207,207,213,220,214,201,188,172,163,168,185,195,204,204,202,201,199,196,201,207,215,218,216,211,206,203,198,196,196,196,196,201,205,204
205,198,188,195,197,188,188,193,191,199,210,217,219,218,217,217,217,218,218,216,211,206,201,198,204,204,208,208,204,207,213,212,217,216,218,218,217,218,219,219,216,216,213,213,216,217,215,216,215,212,209,208,210,212,214,215,216,215,214,211,209,209,210,211,209,213,212,209,207,199,194,198,204,210,215,216,217,219,219,218,219,213,201,173,123,92,125,184,205,215,217,215,218,217,214,215,215,216,210,195,175,162,170,188,207,214,213,216,214,208,189,150,89,51,84,134,178,194,206,218,208,193,155,108,91,137,180,185,175,124,77,81,123,159,167,160,117,79,97,137,160,162,167,178,189,196,197,193,185,176,184,205,211,210,210,205,199,201,208,212,215,213,212,212,212,212,211,211,214,210,207,206,203,196,190,188,179,178,170,167,166,169,180,185,181,162,133,124,154,183,195,211,207,214,209,213,208,195,171,119,61,73,132,173,198,211,208,210,210,209,209,210,210,209,209,210,212,206,210,209,197,184,166,156,162,184,198,201,207,210,206,203,207,207,207,207,208,209,209,210,208,207,206,206,207,208,208,208,207,207,207,207,208,208,209,209,211,210,210,211,212,211,210,210,209,209,209,209,210,212,213,214,213,212,213,215,217,217,215,215,213,205,182,136,109,95,101,149,179,195,198,193,195,196,197,204,203,203,198,194,194,193,191,191,186,187,189,188,190,197,197,190,186,177,171,165,164,168,172,179,191,198,204,205,205,203,199,194,183,179,179,188,198,203,204,203,205,206,204,199,194,189,189,193,195,191,187,179,167,162,163,163,163,160,154,154,165,175,181,183,178,190,195,191,191,194,190,184,191,186,183,185,186,188,186,180,183,180,176,177,181,181,174,167,158,168,185,201,210,210,207,204,201,209,210,211,207,200,199,197,198,202,203,199,197,198,197,195,196,197,196,195,194,195,195,194,190,192,191,187,184,183,183,182,181,177,179,191,201,204,205,207,205,201,203,203,197,194,195,195,191,191,194,200,208,214,217,220,218,220,221,220,222,224,220,213,211,216,219,215,211,208,208,208,209,216,219,215,209,202,199,202,202,205,210,215,217,215,212,210,213,221,221,211,200,187,177,176,192,209,222,221,214,210,205,200,196,200,206,212,214,210,203,198,194,194,196,199,199,202,207,207
199,188,175,182,189,182,182,190,193,199,209,217,220,220,219,218,218,219,219,219,217,215,213,211,210,213,215,215,214,215,217,218,217,217,214,215,215,214,215,214,215,213,212,212,214,215,216,216,214,212,210,208,208,209,209,210,209,209,209,210,211,213,213,214,214,218,214,209,202,187,177,183,194,203,212,216,217,218,218,217,216,216,207,191,151,102,108,161,193,211,218,215,217,218,215,217,217,214,207,188,153,127,142,177,206,214,213,216,214,207,188,144,84,68,126,172,195,194,199,207,210,192,166,132,115,128,151,154,138,114,96,107,138,164,175,180,153,120,129,149,164,163,165,174,188,198,205,204,198,195,202,213,211,214,215,213,214,214,213,213,212,211,211,210,209,209,207,203,197,194,190,186,180,172,166,163,158,158,152,152,154,159,175,187,187,184,166,148,159,181,191,203,208,214,209,210,209,202,184,153,93,66,104,155,186,202,211,209,207,206,206,207,207,206,206,207,209,205,210,209,203,197,188,183,175,190,197,197,204,209,206,204,207,207,207,207,207,208,208,209,208,207,207,207,207,208,208,208,207,207,207,207,207,207,208,208,210,209,209,211,212,211,209,209,209,208,208,209,210,211,213,214,212,212,212,213,216,215,214,215,213,211,203,166,132,108,95,118,162,185,194,192,195,196,197,206,198,200,193,185,184,187,188,189,193,193,196,198,199,202,202,197,187,180,175,170,172,178,179,184,192,197,203,206,206,206,203,199,191,185,182,187,196,201,205,207,208,206,204,200,193,191,193,192,199,189,181,172,164,168,176,178,169,164,161,167,181,187,185,183,172,179,190,196,194,192,191,188,181,181,182,182,183,191,196,196,194,197,198,196,198,201,201,196,193,192,195,201,206,205,200,196,196,200,201,205,203,197,197,194,194,196,196,193,188,184,183,182,182,183,183,181,180,181,182,181,184,185,185,184,181,181,181,182,178,177,179,187,194,197,199,200,203,206,209,210,208,207,206,205,198,196,197,202,208,214,218,221,223,225,226,225,227,229,227,222,215,216,218,217,213,210,208,208,208,212,215,217,215,207,201,203,202,206,212,218,223,224,220,217,216,219,221,219,211,201,194,192,199,211,222,223,218,213,207,203,200,203,207,212,217,214,203,192,183,183,189,196,196,198,202,205
196,190,177,182,195,197,200,205,205,208,214,218,219,219,217,217,219,218,217,216,217,218,218,217,218,219,217,216,216,213,211,214,210,212,209,210,214,213,214,213,215,213,213,213,212,213,215,215,214,214,212,208,204,202,201,200,200,201,203,207,213,216,216,216,216,218,211,201,188,164,150,156,182,196,210,217,218,219,217,215,216,222,212,198,171,116,96,131,181,205,216,213,216,217,215,217,217,213,207,187,143,109,131,181,207,216,213,216,213,206,186,140,78,51,94,128,156,172,192,203,205,200,190,160,143,142,156,154,153,154,150,152,168,186,195,198,182,163,169,171,179,182,187,193,203,206,213,212,208,212,217,213,214,214,210,211,216,213,209,212,204,202,199,195,189,188,184,176,175,171,166,160,158,156,154,151,148,150,147,150,154,158,175,190,198,200,194,174,171,186,195,199,209,211,209,207,211,211,198,185,143,87,99,150,178,189,208,199,201,200,200,201,200,199,199,200,199,199,202,202,200,197,192,197,187,192,193,195,202,204,205,211,207,207,207,207,207,207,207,208,207,207,206,207,207,208,208,207,207,207,207,207,207,207,207,207,209,208,209,211,212,210,209,208,208,208,208,208,209,211,213,214,214,215,214,213,215,215,214,216,212,217,211,191,154,119,103,95,137,169,188,194,200,198,195,202,195,196,189,182,186,195,199,199,201,198,199,201,200,199,199,198,193,186,180,171,170,178,184,191,193,195,199,202,204,206,205,204,198,190,185,186,191,196,203,208,206,204,207,205,197,192,189,183,183,179,179,176,170,173,182,183,181,170,160,164,177,180,174,171,169,165,177,192,192,186,185,186,180,187,193,192,189,192,197,195,202,203,204,204,207,210,211,210,208,200,193,193,196,196,194,192,190,190,193,203,202,196,197,196,197,195,194,190,183,176,174,176,178,180,180,179,179,182,186,187,191,192,193,194,195,195,196,198,197,196,195,194,195,197,199,199,199,208,213,214,217,217,213,209,206,201,198,201,208,215,221,224,225,226,226,226,226,227,226,225,218,212,211,215,219,217,213,212,214,214,217,223,225,217,210,210,211,214,216,218,222,225,225,222,217,214,218,223,220,215,214,214,217,219,222,225,225,220,213,208,199,202,204,207,212,211,196,178,169,170,179,189,191,191,196,201
202,199,196,198,204,210,214,215,215,216,218,219,219,219,219,219,218,218,218,218,219,219,219,218,218,217,215,213,212,212,211,210,211,210,208,209,211,212,213,214,214,212,210,209,211,213,215,216,217,217,215,212,211,209,201,191,184,181,184,192,200,208,212,212,215,213,208,194,171,140,133,161,189,206,217,216,216,219,218,217,218,216,216,208,190,143,100,104,160,196,212,215,217,213,216,216,215,215,205,180,138,110,135,185,208,210,208,209,209,203,177,135,71,45,76,120,145,166,180,195,199,207,202,188,175,163,157,161,164,160,161,172,189,206,212,208,198,201,203,205,209,210,211,214,213,209,210,213,211,214,216,212,213,212,211,212,212,210,203,196,183,176,171,170,167,166,164,161,157,158,157,152,149,149,150,151,156,161,171,178,180,188,198,203,210,204,197,191,184,180,187,196,194,202,198,193,192,194,190,176,142,88,75,120,163,178,182,184,182,181,180,179,178,178,178,178,177,178,180,181,180,178,175,173,175,175,177,181,186,191,195,196,198,199,200,202,204,206,206,207,208,207,206,206,206,207,207,206,206,206,206,207,209,206,205,209,207,208,210,210,210,209,209,208,211,208,206,207,209,211,212,213,211,212,213,213,212,213,214,216,212,215,211,206,183,144,116,102,103,145,184,192,193,196,193,194,197,190,190,190,186,189,198,200,199,199,200,201,201,202,202,201,200,191,182,181,187,193,196,197,194,190,195,203,205,208,208,202,195,192,187,185,187,193,199,203,203,203,204,204,200,191,181,176,173,169,169,179,187,186,186,193,181,170,168,170,168,167,166,162,171,176,181,185,188,185,182,185,188,186,191,193,181,174,183,193,197,202,206,206,206,207,208,206,206,206,201,193,189,194,192,183,178,175,182,194,198,197,199,202,201,204,197,189,188,188,187,190,192,192,193,195,196,197,199,200,204,207,209,209,210,211,212,211,209,210,211,210,207,204,204,204,206,210,215,223,224,221,221,215,205,201,198,199,204,209,215,220,221,227,224,225,229,226,226,228,218,203,199,202,209,215,214,215,216,217,219,221,224,223,217,210,206,209,211,213,218,223,224,222,217,215,215,219,221,221,220,221,221,220,223,225,225,225,220,212,207,203,200,200,206,198,176,168,154,166,181,189,192,196,201,204
213,212,212,214,217,219,219,218,216,217,219,219,219,219,219,219,219,219,218,219,219,219,218,217,217,215,213,211,210,209,209,208,207,207,206,207,209,211,213,214,216,215,213,213,215,216,217,217,216,217,216,214,212,208,197,186,171,161,158,166,177,190,201,207,209,202,197,178,149,133,148,180,199,212,219,217,217,218,217,217,217,218,217,213,200,162,121,110,149,185,205,213,217,214,215,214,213,213,203,176,130,92,114,171,192,194,193,196,198,195,174,140,88,83,122,155,160,163,170,186,192,205,211,207,201,191,182,181,181,183,191,202,211,218,216,209,214,213,211,210,211,214,213,210,204,198,199,205,209,210,211,212,212,211,211,211,212,208,199,190,175,163,156,157,155,152,152,151,154,155,157,160,166,174,180,183,193,195,202,207,206,205,204,200,196,192,187,181,173,167,168,172,173,179,176,174,173,171,163,147,111,52,23,55,102,131,137,131,131,131,130,129,129,129,129,130,126,127,130,133,135,136,137,137,140,142,145,150,158,166,172,175,172,174,176,178,179,182,187,190,195,198,202,206,208,208,207,206,207,208,207,207,210,208,207,209,208,209,210,211,210,209,208,207,212,210,208,206,207,208,211,213,211,212,212,212,212,212,212,212,214,214,212,213,201,171,137,108,98,119,159,184,193,198,196,194,195,192,191,190,188,190,197,201,201,201,201,201,201,201,201,201,196,192,187,187,192,198,201,201,197,192,195,201,204,206,207,203,195,189,181,177,179,185,193,199,200,201,202,204,203,197,186,178,173,170,166,168,179,189,195,199,184,174,170,171,169,165,156,144,150,163,173,180,187,189,186,183,178,181,182,183,181,175,178,191,194,197,201,202,203,204,205,204,206,206,203,196,189,188,184,174,171,172,177,184,191,200,206,205,206,206,201,195,193,194,196,199,207,207,208,209,209,209,210,211,211,214,216,216,216,218,218,217,217,218,219,220,218,215,210,207,212,214,215,220,220,218,219,212,209,202,195,194,196,201,207,212,212,218,217,221,224,225,227,225,216,197,189,193,204,214,213,211,211,212,214,217,221,223,219,214,209,209,211,214,219,223,224,223,222,218,215,217,221,222,219,217,219,217,217,219,221,223,222,215,213,205,198,198,205,197,168,150,147,157,175,193,200,200,202,207
219,219,220,221,221,221,219,218,218,218,219,219,218,218,219,219,220,219,219,219,219,219,218,217,215,213,210,208,207,207,208,208,208,209,209,210,211,213,215,217,217,217,217,217,218,218,218,217,216,217,217,216,214,210,200,190,178,162,152,151,155,163,177,187,194,188,183,156,129,138,170,196,210,217,219,218,218,218,217,218,216,220,217,216,209,185,152,128,145,177,198,209,216,215,215,214,214,213,200,171,119,70,85,143,175,178,178,184,188,189,180,160,121,120,146,162,162,164,169,183,198,209,216,216,216,212,206,204,204,206,211,214,213,213,212,209,206,204,204,201,197,202,210,209,198,195,192,197,207,212,213,214,209,209,208,208,208,204,195,185,169,155,149,155,160,162,167,172,183,188,194,199,202,204,203,201,203,196,192,191,189,189,186,181,185,178,165,149,136,128,125,125,118,115,102,91,83,74,64,51,34,14,5,11,16,19,20,17,14,14,14,13,13,14,14,15,18,18,20,21,23,26,27,28,37,42,50,61,74,88,100,107,126,134,145,153,157,160,165,168,170,171,173,174,177,182,190,196,198,202,203,204,208,209,208,209,209,209,209,209,210,210,210,210,206,207,208,207,207,207,208,208,211,211,211,211,212,212,212,211,214,213,213,217,214,197,163,123,103,98,131,172,188,193,192,190,194,195,193,191,189,189,193,199,200,200,200,200,200,200,200,200,201,199,193,187,188,195,201,204,200,194,194,197,200,204,206,204,205,199,189,180,178,181,187,192,203,204,206,207,208,204,193,183,172,167,161,161,170,181,188,190,185,179,176,174,169,160,146,132,136,150,157,159,168,179,180,176,174,179,173,174,185,182,177,185,192,194,197,201,203,203,204,205,203,204,204,200,191,185,178,169,173,172,176,183,191,203,210,210,211,206,203,199,196,197,203,207,213,214,216,216,216,215,216,216,218,220,222,222,222,223,224,223,224,223,224,225,226,223,217,212,215,214,211,214,213,210,210,202,200,196,193,194,198,201,204,206,208,213,214,217,219,221,224,216,204,182,172,176,195,214,217,215,211,212,213,216,221,224,223,221,215,213,212,216,220,223,225,225,227,222,216,215,220,223,221,216,218,215,214,216,219,223,223,218,214,210,205,197,195,186,162,148,147,155,174,195,203,198,196,200
218,218,218,218,217,217,218,218,219,219,218,218,217,217,218,218,219,219,219,219,219,219,218,217,214,212,209,207,207,209,211,212,214,215,216,216,216,216,218,219,217,217,218,218,218,217,217,216,217,217,217,216,217,216,211,206,200,189,177,165,154,151,155,158,165,163,155,129,121,154,188,202,215,217,217,216,217,217,216,218,217,220,214,215,212,199,181,155,156,179,197,206,213,215,215,215,213,212,200,176,134,89,97,145,159,163,165,174,183,189,192,186,168,166,173,178,183,192,197,206,210,215,216,213,213,215,214,211,206,202,202,206,210,211,207,201,193,189,194,197,190,188,188,183,176,177,173,178,197,210,211,210,210,210,210,210,209,207,200,194,183,175,176,186,192,197,202,204,201,204,205,203,198,193,187,183,182,176,172,169,160,146,129,114,101,92,74,52,36,28,23,20,15,12,2,0,0,0,2,0,0,0,6,6,1,0,3,1,2,2,2,2,2,2,3,3,1,1,0,0,0,1,1,2,0,1,1,1,1,3,6,9,8,16,28,40,52,66,81,91,114,123,136,147,152,156,160,163,170,177,181,183,189,196,201,205,209,210,211,211,211,209,208,207,207,208,208,208,208,209,209,209,210,209,209,210,212,213,213,213,213,215,215,217,213,208,186,147,111,90,106,149,178,189,192,196,196,200,197,192,191,189,190,198,200,200,200,200,201,201,201,201,205,203,197,188,185,191,198,203,200,195,191,192,195,199,203,204,204,201,196,189,184,185,190,195,203,206,207,206,206,204,195,184,173,164,163,172,182,187,191,193,194,189,185,179,165,145,129,121,130,140,143,143,155,172,179,178,169,174,172,174,182,182,178,182,188,186,187,192,196,197,199,202,203,203,205,205,198,191,182,173,163,157,162,178,192,202,212,218,216,208,206,203,197,198,205,208,214,218,221,221,221,221,221,221,220,222,223,224,224,224,225,225,226,224,223,224,226,226,223,220,215,212,207,208,205,202,200,192,190,189,190,195,201,205,206,206,207,210,212,214,213,216,218,207,189,169,160,166,188,212,220,221,216,215,215,217,220,223,225,225,222,216,213,215,218,220,222,225,226,223,217,214,216,221,222,219,219,216,216,218,219,223,224,222,218,214,207,189,176,167,153,147,144,156,175,192,199,197,195,194
219,219,219,218,217,218,219,220,219,218,217,216,216,217,217,217,218,218,218,219,219,219,218,217,215,212,210,208,210,213,216,218,218,219,220,219,218,217,217,218,217,217,217,217,217,216,216,216,218,217,216,216,218,219,218,216,213,210,203,190,176,167,155,141,129,118,102,94,118,162,192,208,216,217,216,215,217,216,214,216,217,218,214,216,213,205,199,181,174,186,199,205,211,215,215,215,213,213,203,187,162,133,134,162,158,164,168,179,190,197,203,204,197,202,207,207,209,213,213,215,212,215,216,215,214,214,209,200,193,191,192,193,189,188,190,191,185,169,169,180,181,178,171,160,152,152,153,169,194,207,208,209,209,210,210,209,209,209,207,205,203,202,205,209,208,206,201,195,192,190,185,179,173,163,151,141,111,95,76,60,44,31,21,14,8,8,5,0,0,2,2,0,5,7,4,7,7,4,7,6,11,7,4,3,4,7,7,3,4,4,4,4,4,4,4,4,6,6,6,6,6,6,6,6,4,5,5,4,3,2,3,4,3,3,2,0,0,0,0,3,9,14,24,36,51,71,92,106,125,139,153,161,169,175,180,184,189,194,201,207,210,211,211,212,211,210,207,204,205,208,209,209,209,208,207,208,210,212,213,213,214,217,217,216,213,215,204,174,133,101,91,119,161,185,189,198,200,204,202,196,196,194,196,203,205,205,204,204,203,203,202,202,198,201,200,194,190,192,197,200,201,198,193,190,193,197,201,205,202,202,199,192,184,181,184,189,196,200,202,200,199,199,194,188,183,173,173,182,188,191,191,189,191,186,183,181,169,146,129,126,112,119,125,132,148,164,172,175,159,164,173,177,175,177,183,185,187,183,183,187,193,196,199,203,205,203,205,207,204,197,188,179,165,156,159,173,187,198,210,217,220,214,212,210,201,199,204,205,213,218,223,223,223,222,223,222,221,222,223,224,224,224,224,225,226,225,224,224,226,226,226,226,220,214,206,204,200,197,198,192,194,193,193,195,199,204,207,207,204,207,208,210,208,211,212,200,182,167,165,173,190,210,218,221,217,216,214,214,215,218,221,223,224,217,212,212,213,215,219,223,223,224,221,215,213,216,220,222,219,216,217,217,217,220,224,225,226,212,196,174,159,152,138,128,134,156,178,190,198,205,203,197
218,219,219,219,219,218,217,217,217,217,216,216,216,216,216,216,217,217,217,218,219,219,218,217,216,213,210,209,210,212,215,217,216,217,218,218,218,217,217,217,218,218,218,217,216,216,217,218,218,217,217,217,218,218,217,215,216,216,214,208,203,194,171,144,108,80,62,75,115,155,183,207,211,216,217,217,219,217,215,217,216,216,216,218,215,210,206,198,186,189,198,203,209,214,213,214,214,214,207,198,188,175,172,182,187,193,194,202,210,210,211,211,208,212,212,208,205,205,204,203,209,212,217,216,214,212,203,189,175,166,164,171,177,176,172,166,165,152,154,169,177,175,168,161,155,150,158,183,204,207,207,213,209,209,209,208,208,208,208,207,208,204,199,194,189,187,183,176,162,147,124,101,82,62,39,23,16,8,5,5,3,2,3,2,4,5,6,6,7,9,9,7,1,5,5,7,5,2,4,3,2,4,5,6,5,3,3,4,4,4,4,3,3,3,3,3,3,3,3,4,4,3,3,3,1,2,2,3,3,3,3,3,0,2,4,7,8,6,4,2,4,4,2,1,1,1,5,9,21,38,58,79,102,125,145,159,171,173,176,179,181,187,196,203,205,207,209,208,209,210,209,206,208,208,207,208,209,210,211,212,214,216,214,215,216,219,214,193,158,120,87,93,138,175,188,198,204,207,205,201,200,202,206,211,210,209,207,206,204,202,201,200,197,199,199,195,191,190,193,197,204,204,199,193,195,198,201,206,206,205,201,192,182,177,178,181,190,196,200,200,200,200,200,199,192,184,180,177,177,184,184,175,180,176,176,182,181,165,149,146,130,133,135,142,157,169,176,180,163,162,170,178,180,185,189,186,186,183,181,185,193,199,203,206,205,202,203,205,203,199,190,180,176,169,165,167,176,192,205,208,220,218,217,213,205,200,200,200,208,215,221,222,221,221,220,219,222,222,223,225,225,224,225,226,225,225,226,227,226,226,226,226,225,219,208,202,195,194,200,198,199,200,202,202,203,204,204,203,206,210,209,210,208,207,206,196,180,171,177,189,202,214,217,219,218,216,214,213,213,214,218,222,224,220,215,213,213,215,219,223,224,227,226,221,216,215,219,223,219,215,214,214,213,215,220,222,220,203,185,163,148,143,134,126,141,165,188,198,204,210,207,198
218,218,218,218,218,217,215,214,216,216,215,215,216,217,216,216,217,217,217,218,219,218,217,216,215,212,208,205,204,205,207,208,209,210,212,214,217,218,218,218,217,218,218,218,217,217,218,219,218,217,217,217,217,217,216,215,217,217,217,216,214,208,185,159,117,83,75,97,124,147,168,186,193,203,210,213,216,217,217,218,215,215,217,216,216,214,207,204,194,189,196,199,204,212,212,214,213,212,212,210,207,206,207,207,211,216,211,212,217,213,210,208,212,210,204,196,188,188,193,192,196,200,208,211,210,211,202,186,167,129,99,106,136,162,168,162,161,165,177,191,197,191,180,171,174,171,181,199,207,205,206,209,211,209,207,204,203,200,196,191,185,179,175,166,148,123,94,72,54,44,28,15,10,12,13,13,8,6,9,14,12,10,9,7,7,6,4,3,3,4,5,5,5,8,5,6,4,3,7,6,4,4,2,3,5,4,3,5,4,4,4,4,4,3,3,3,4,3,3,3,2,2,2,2,4,4,3,3,4,4,3,3,7,5,3,1,1,2,3,3,2,3,4,5,4,3,2,2,2,2,0,0,4,16,32,47,76,95,121,145,159,168,174,179,182,190,198,202,204,207,207,206,206,207,209,210,210,211,211,212,213,215,212,215,218,217,215,206,175,135,95,83,112,159,188,201,206,205,205,202,201,206,213,215,212,211,209,206,203,200,199,198,201,199,198,196,192,188,190,194,202,205,201,194,193,193,196,202,200,200,198,194,190,187,187,188,190,195,201,204,204,204,205,207,195,187,183,179,177,184,186,177,179,180,179,182,186,177,164,159,159,157,151,150,159,169,174,176,175,173,173,179,185,184,180,178,176,174,174,178,187,196,201,201,201,200,202,204,203,201,194,185,173,166,160,160,168,185,200,205,213,218,218,214,208,200,195,193,205,214,222,223,222,223,223,222,222,222,223,225,225,224,225,227,224,225,226,226,227,226,225,225,227,223,213,205,197,195,202,203,200,204,208,207,205,202,199,197,205,211,211,213,212,206,201,195,185,177,185,201,213,219,218,220,221,219,217,215,214,214,218,222,225,224,221,216,213,215,218,220,224,226,227,226,221,217,217,219,221,216,214,215,213,213,214,212,203,186,171,150,134,136,142,147,163,178,196,208,213,211,206,201
219,218,217,217,217,217,217,216,215,215,215,215,217,217,217,216,217,217,217,218,218,217,216,214,214,210,205,201,198,198,198,198,200,201,204,209,214,217,218,218,216,217,218,219,218,218,218,218,218,217,216,216,217,217,218,219,217,216,216,216,213,207,191,173,136,108,113,132,137,147,157,159,171,185,197,204,210,214,215,217,216,215,217,212,214,217,206,206,200,190,193,194,199,210,211,215,214,212,215,214,209,211,214,210,209,212,202,200,205,203,201,199,197,198,196,189,174,168,175,175,175,182,195,205,209,212,205,189,156,134,119,125,142,161,175,180,181,186,190,197,207,210,203,195,192,195,204,207,204,207,211,208,203,199,194,190,187,181,171,161,140,114,84,63,45,32,24,18,23,27,28,23,16,14,16,18,13,10,11,13,10,6,4,4,6,5,5,6,6,5,5,5,3,6,4,5,5,4,6,2,4,5,3,3,6,5,3,5,3,3,4,4,4,4,4,4,4,4,3,3,3,4,4,5,5,3,2,2,2,3,2,2,2,2,2,2,2,2,3,4,5,4,3,3,3,4,3,2,4,5,4,5,4,0,0,3,0,5,17,31,51,79,111,132,152,161,170,173,177,186,196,202,204,207,210,212,213,213,213,214,213,216,213,216,217,212,213,214,197,156,116,86,90,135,176,191,206,203,203,201,198,205,214,214,214,212,210,207,204,201,200,199,199,198,201,204,200,192,189,192,195,201,197,188,186,185,186,193,198,197,196,196,195,194,191,189,191,194,200,204,205,203,203,204,202,189,186,188,183,182,182,175,173,181,181,179,183,181,174,172,174,173,165,161,168,176,179,177,177,184,182,179,178,167,161,170,170,170,171,175,186,197,200,199,198,200,205,206,206,206,202,194,179,166,161,165,171,180,193,204,207,216,218,213,210,201,192,190,199,209,218,220,220,222,222,221,222,221,222,224,225,224,224,227,226,225,225,225,227,227,227,227,228,226,219,212,202,198,205,205,204,206,207,202,197,195,193,192,198,207,208,212,215,207,201,198,195,183,190,206,218,221,218,219,223,221,219,217,214,214,217,222,224,226,223,217,212,212,213,213,220,220,222,225,223,217,213,212,223,218,217,219,217,213,208,202,191,171,153,132,119,129,148,162,177,181,196,213,219,213,209,211
218,218,219,219,218,217,216,215,215,216,216,216,216,215,216,216,217,217,217,218,218,216,213,210,210,202,200,200,189,174,178,193,198,198,198,198,200,205,213,219,221,216,214,217,220,218,217,217,217,218,219,218,217,217,217,218,216,221,216,216,212,201,184,155,122,135,151,165,172,167,156,150,154,159,171,185,195,201,208,215,214,217,217,214,214,214,209,203,197,187,188,196,198,204,212,213,213,213,211,212,212,206,201,201,203,201,194,186,184,182,183,187,183,183,184,180,153,111,102,128,155,167,175,194,204,204,209,197,182,174,169,169,170,174,187,202,202,196,198,206,213,216,214,208,212,210,211,211,204,197,195,194,188,179,170,158,136,108,83,67,53,38,28,33,40,38,31,26,28,36,39,29,17,13,16,20,11,10,9,9,9,8,7,6,5,5,5,4,4,4,4,3,4,4,4,4,4,4,4,4,5,5,5,5,5,5,5,5,5,5,5,4,4,4,4,4,4,4,4,4,4,4,4,4,4,4,4,4,4,4,4,4,3,3,3,3,3,3,3,3,3,3,3,3,3,3,3,2,3,3,3,3,3,3,3,4,4,3,2,0,0,0,8,16,44,66,98,126,145,158,167,173,183,190,199,208,214,213,213,218,212,214,214,216,219,216,212,212,204,182,131,98,84,114,160,185,201,203,200,195,196,204,210,211,211,213,213,211,209,208,206,203,200,198,199,201,200,194,190,188,188,185,191,183,176,180,184,194,201,203,204,203,202,197,185,174,178,185,196,202,202,204,204,200,206,191,176,172,178,178,176,177,179,182,184,183,182,185,186,180,188,184,184,181,178,186,192,190,190,187,183,177,167,154,152,160,163,167,168,172,183,194,198,200,203,201,203,199,197,199,197,198,190,178,172,175,175,175,180,187,200,208,219,217,208,204,198,184,197,204,215,223,223,219,220,223,223,224,224,225,225,225,225,225,226,226,226,226,225,225,227,228,229,226,223,216,206,198,200,206,208,205,204,200,194,194,197,197,199,205,205,205,211,212,206,203,198,197,198,204,215,222,220,215,221,220,224,214,209,215,213,211,219,220,225,220,213,210,206,208,215,219,223,224,223,221,216,212,216,221,220,217,218,209,189,175,168,143,137,132,116,126,154,163,175,196,205,212,219,213,210,210
218,218,218,218,218,217,217,216,215,216,216,216,215,215,216,216,217,217,217,217,216,214,210,208,208,204,201,197,182,167,165,174,186,191,196,198,199,199,202,205,211,216,220,220,217,215,216,218,217,217,216,217,217,217,216,216,213,217,214,210,206,193,166,136,129,154,180,195,201,195,181,171,156,152,155,167,183,196,205,211,212,214,214,213,212,209,201,192,192,184,179,185,196,203,208,214,212,212,211,211,210,203,195,193,188,193,186,167,156,155,148,135,149,168,177,168,148,125,120,133,154,161,170,194,204,201,210,207,195,186,178,179,186,194,205,214,212,210,211,212,211,214,217,216,207,204,201,197,193,187,173,158,134,115,92,72,54,46,50,55,55,46,39,39,45,45,37,29,28,33,33,25,16,12,13,14,8,8,7,7,7,6,5,4,5,5,5,4,4,4,4,4,4,4,4,4,4,4,4,4,5,5,5,5,5,5,5,5,5,5,5,5,5,4,4,4,5,4,4,4,4,4,4,4,4,4,4,4,4,4,4,4,4,4,4,4,4,4,4,4,3,3,3,3,3,3,3,3,3,3,3,3,3,3,3,3,2,2,4,6,5,3,3,5,1,3,6,14,35,68,106,131,153,169,178,180,186,198,208,213,218,217,212,209,212,214,214,215,208,189,157,114,91,93,138,175,196,199,201,193,192,198,202,213,212,213,212,210,209,208,206,203,201,198,196,195,193,188,183,179,182,183,181,178,174,174,184,192,200,202,202,200,200,198,191,184,183,186,194,199,202,205,207,205,191,182,167,160,165,175,186,195,197,195,194,189,182,180,182,181,183,179,179,180,181,187,195,198,193,185,173,166,159,152,153,162,157,165,170,173,181,187,192,196,193,194,197,190,187,190,188,190,194,182,175,173,168,167,171,177,193,201,213,219,213,202,194,188,195,204,214,220,221,221,222,222,221,222,222,223,223,224,224,224,225,225,226,226,225,225,226,227,226,227,225,217,207,201,200,200,205,203,203,204,202,202,201,199,197,204,206,203,202,201,200,201,202,200,199,204,213,220,218,213,215,217,223,218,214,214,211,214,219,218,223,222,216,209,204,209,211,218,224,226,226,224,218,211,214,221,222,218,215,204,183,165,154,135,132,129,117,127,154,164,182,204,211,213,221,223,218,210
217,217,218,218,218,218,217,217,216,216,217,216,216,216,216,217,217,217,217,216,214,211,207,205,205,206,207,203,194,187,187,192,188,191,195,195,194,194,195,197,203,210,215,216,216,218,218,215,220,218,217,217,218,219,218,217,217,218,215,204,196,176,140,118,143,173,200,208,211,211,203,194,182,173,166,170,181,193,202,207,216,212,205,200,197,194,191,189,185,185,179,182,196,201,202,211,213,214,212,211,207,195,181,174,164,171,165,139,120,128,138,132,138,168,187,183,175,171,171,176,169,173,177,194,201,202,214,215,210,206,202,202,207,213,216,216,217,214,212,211,209,209,204,194,196,188,179,165,144,120,92,70,55,53,59,64,58,48,48,52,58,54,46,40,41,44,37,27,21,23,21,16,11,9,8,7,6,6,5,5,5,5,4,3,5,5,5,5,4,4,4,4,5,5,5,5,5,5,5,5,5,5,5,5,5,5,5,5,5,5,5,5,5,5,4,4,5,5,5,5,4,4,4,4,5,5,5,5,5,5,5,5,4,4,4,4,4,4,4,4,4,4,4,3,3,3,3,3,3,3,3,3,3,3,3,3,4,3,3,4,4,3,2,1,0,1,2,1,0,3,8,13,51,87,125,148,163,175,182,185,199,206,212,217,218,214,210,211,214,202,184,143,107,82,108,153,183,194,202,196,195,196,194,208,212,212,211,210,209,209,207,204,197,196,193,193,196,197,194,191,179,179,164,162,163,161,177,188,195,199,203,204,204,202,194,187,184,184,190,198,202,203,202,198,183,179,168,160,165,177,190,200,205,198,193,188,179,175,177,178,180,177,173,173,174,174,178,185,186,186,183,177,166,153,151,159,166,170,168,165,169,176,184,189,182,179,181,176,173,176,181,192,195,188,183,179,172,170,172,174,181,193,208,218,218,208,198,195,192,202,213,217,219,222,222,220,221,221,222,222,223,224,225,226,224,225,225,226,225,225,226,226,224,228,227,219,210,205,200,195,202,202,204,204,201,198,195,191,193,196,198,196,193,195,200,200,203,200,199,201,207,212,213,210,207,210,219,221,221,216,211,216,212,211,219,221,213,198,184,184,192,204,215,221,224,225,220,213,210,215,221,220,215,206,187,166,160,150,150,149,139,142,159,168,181,198,201,205,217,222,219,211
217,217,217,217,218,218,218,218,217,217,217,216,215,215,215,216,216,216,216,214,211,208,205,203,204,211,215,212,207,204,201,199,196,196,196,195,195,195,195,195,196,199,203,207,213,218,219,216,217,216,216,216,216,216,215,215,215,214,211,199,187,165,136,134,168,192,210,211,211,213,212,210,202,196,189,185,186,189,194,199,200,197,194,192,190,187,186,187,172,180,182,183,191,197,204,212,212,214,212,211,208,194,174,160,162,166,170,156,138,141,156,159,164,182,195,196,189,181,177,179,194,200,201,204,205,210,217,212,213,216,217,213,210,211,212,211,215,208,199,195,195,197,191,179,161,137,113,95,77,65,63,66,66,61,64,69,62,51,49,52,51,47,37,28,25,27,23,17,11,11,10,7,6,7,6,4,5,5,5,5,5,5,4,4,5,5,5,5,4,4,4,4,5,5,5,5,5,5,5,5,5,5,5,5,5,5,5,5,5,5,5,5,4,4,4,4,5,5,5,5,4,4,4,4,5,5,5,5,5,5,5,5,4,4,4,4,4,4,4,4,5,4,4,4,4,4,4,4,4,4,4,4,3,3,3,3,6,3,1,1,2,3,3,4,6,6,6,4,2,1,2,3,1,3,12,36,70,106,141,168,174,180,189,200,209,209,209,213,216,210,197,173,129,97,89,124,166,191,200,198,200,194,193,200,209,211,212,211,211,210,209,207,205,203,199,197,199,202,200,196,181,177,159,155,160,161,171,184,191,197,203,207,207,203,196,190,180,177,182,192,199,203,203,201,192,182,165,154,157,168,182,194,201,194,188,184,179,177,176,173,176,177,174,173,176,175,177,185,188,188,184,176,166,156,156,164,169,172,171,170,174,177,176,175,182,174,175,175,170,168,176,196,201,200,198,192,180,172,167,162,167,186,200,207,214,212,202,195,193,200,208,214,218,219,219,219,222,222,222,222,223,224,225,226,224,224,225,225,225,225,225,225,223,225,224,218,211,205,200,195,198,200,206,208,203,200,198,196,186,182,183,185,187,194,201,198,206,205,203,204,206,209,211,211,203,207,213,219,223,215,204,203,198,191,190,186,179,171,160,160,173,189,206,214,219,224,223,218,211,210,216,221,219,213,200,182,181,180,183,183,173,168,172,176,187,191,189,198,209,212,214,213
218,218,218,218,217,217,217,217,216,216,215,214,213,212,213,213,215,215,215,213,210,206,204,204,204,214,221,220,216,211,203,194,194,193,195,199,203,203,198,192,189,189,193,198,203,207,212,218,216,217,218,217,216,215,215,216,216,212,208,193,175,152,139,156,183,199,210,212,210,208,206,206,202,200,197,193,190,189,190,193,191,190,188,185,182,181,184,188,184,186,189,183,175,183,198,204,209,211,210,210,211,202,184,170,179,178,184,185,177,179,186,185,187,191,199,208,209,203,201,205,205,210,212,211,210,212,211,202,208,212,213,207,200,199,204,207,204,199,191,180,167,154,135,117,94,80,72,73,74,74,78,81,68,61,62,67,61,48,40,37,30,25,18,12,9,8,7,5,6,6,6,6,6,6,6,5,5,5,6,6,6,5,5,5,5,5,5,5,5,5,4,4,5,5,5,5,5,5,5,5,5,5,5,5,5,5,5,5,4,4,4,4,4,4,4,4,4,4,4,4,4,4,4,4,4,4,4,4,4,4,4,4,4,4,4,4,4,4,4,4,5,5,5,5,5,5,5,5,5,5,5,4,4,4,4,4,1,2,3,4,4,4,3,2,0,1,3,4,5,4,4,4,3,2,0,0,1,9,37,70,110,143,166,171,181,201,212,211,214,214,209,194,160,123,90,99,143,183,195,199,199,190,196,197,204,209,213,214,212,211,210,209,208,206,202,199,199,201,200,196,187,179,167,160,166,169,167,180,187,192,199,202,204,203,201,199,194,185,182,186,193,200,205,206,200,189,173,163,160,160,169,183,193,194,195,191,185,183,181,174,174,180,178,176,180,181,180,183,191,187,181,177,175,169,165,166,170,175,177,178,182,183,179,176,177,175,177,174,167,165,171,185,198,201,203,197,184,174,165,157,169,182,192,200,212,214,205,198,195,196,202,212,217,216,217,220,222,222,221,221,221,222,223,223,223,222,222,221,220,219,219,218,219,217,215,213,208,202,199,199,200,201,206,208,204,200,194,188,178,173,174,178,182,192,198,195,202,204,206,206,205,204,204,204,205,205,205,210,213,205,191,178,170,164,161,155,156,158,153,151,167,185,205,215,220,224,225,222,219,211,212,219,221,218,210,198,194,198,204,206,200,193,191,191,202,200,194,198,204,208,215,218
217,217,217,217,217,216,215,214,212,212,212,211,210,209,210,210,213,214,215,213,210,208,207,207,211,217,221,221,220,220,215,209,195,192,191,197,205,208,204,198,190,183,180,186,193,197,202,206,212,214,216,216,213,211,212,213,213,208,201,186,165,144,145,168,186,195,201,203,202,197,193,194,198,196,193,191,189,187,186,185,187,187,186,184,183,188,196,202,210,202,196,182,161,162,182,194,208,211,210,209,212,210,199,190,190,190,195,196,195,202,210,210,208,207,208,212,213,211,210,210,212,208,206,206,204,205,206,204,203,205,206,202,193,185,184,186,190,171,147,125,110,102,92,80,83,85,86,81,77,80,84,82,74,60,52,49,40,27,18,13,11,8,6,7,6,3,3,4,5,6,6,6,5,5,5,5,4,5,6,6,5,5,5,5,5,5,5,5,5,5,5,5,5,5,5,5,5,5,5,5,5,5,5,5,5,5,5,5,4,4,4,4,4,4,3,3,4,4,4,4,4,4,4,4,4,4,4,4,4,4,4,4,4,4,4,4,4,4,4,4,5,5,5,5,5,5,5,5,5,5,5,5,5,5,5,5,2,4,5,5,3,3,3,2,3,3,2,2,2,2,2,2,8,7,3,4,6,3,0,0,13,35,77,126,159,169,180,197,208,215,222,208,190,149,110,91,114,163,190,204,204,194,198,195,200,206,212,214,213,210,207,204,202,203,204,204,204,205,204,203,197,185,175,160,159,163,158,169,177,183,193,201,205,206,205,203,200,191,184,184,188,196,202,203,201,197,191,183,170,156,158,171,180,190,200,198,191,188,186,181,175,180,179,176,176,177,174,171,178,183,187,189,187,175,162,156,171,180,185,185,185,184,183,183,172,176,178,168,163,170,177,185,192,196,202,200,190,182,176,169,172,174,181,196,210,212,208,208,198,194,197,207,213,213,214,219,219,219,219,218,218,218,218,219,218,216,215,213,212,211,210,209,213,209,207,207,205,201,201,204,206,202,203,205,203,196,184,172,172,173,177,181,183,189,196,198,193,195,199,202,202,198,194,192,200,196,193,196,194,188,180,166,153,151,153,152,157,163,158,154,170,185,203,214,219,222,223,223,222,212,207,212,217,219,216,211,208,209,214,216,213,212,212,210,209,209,200,196,199,208,218,218
217,217,217,217,215,213,211,210,209,209,209,208,207,208,209,209,212,214,215,214,212,210,211,212,219,218,217,216,217,219,218,217,205,197,190,191,199,206,207,204,195,186,179,181,189,196,196,194,200,202,204,204,202,200,200,200,197,195,189,183,170,160,171,185,193,196,197,195,194,192,189,190,191,190,188,186,184,183,182,182,181,188,195,200,204,210,213,213,215,207,199,181,150,134,154,186,203,210,211,209,211,211,207,203,197,202,208,209,207,207,207,206,206,205,206,205,202,202,204,204,207,201,197,190,185,190,194,196,190,190,191,187,170,148,138,139,126,112,100,96,98,100,97,89,86,95,99,87,71,66,66,63,46,33,24,19,13,8,5,4,4,4,5,6,7,5,5,6,5,5,5,6,5,5,4,4,4,5,6,6,5,5,5,5,5,5,5,5,5,5,5,5,5,5,5,5,5,5,5,5,4,4,4,4,4,4,4,4,4,4,4,4,4,4,4,4,4,4,4,4,4,5,5,5,4,4,4,4,4,4,4,4,4,4,4,4,4,4,4,4,5,5,4,4,4,4,4,4,5,5,5,5,5,5,5,5,5,6,5,2,1,3,5,5,4,4,3,3,2,2,3,3,0,3,2,0,3,5,5,6,0,0,2,19,62,114,154,174,184,199,212,212,206,176,142,107,96,133,174,198,207,204,197,195,197,203,210,213,213,208,201,194,196,201,207,210,207,202,198,198,199,192,180,165,156,156,159,163,170,178,190,200,206,206,203,201,191,184,180,178,182,191,199,200,202,201,195,184,169,154,154,164,171,182,195,200,196,192,189,184,176,175,177,178,178,178,177,173,167,177,186,187,182,170,159,155,162,176,187,192,192,187,179,176,178,181,183,173,168,173,177,183,185,190,198,199,192,185,179,172,169,166,172,187,199,205,208,207,200,195,195,200,205,206,208,211,212,212,212,212,212,212,211,211,208,207,205,204,204,205,205,204,206,206,206,206,206,206,208,210,209,205,205,206,204,200,192,182,178,183,186,186,186,185,187,191,185,183,184,189,193,192,189,186,190,184,182,186,174,168,175,170,159,157,159,160,166,176,179,183,186,193,202,209,214,217,220,222,220,216,208,205,212,218,218,217,219,214,216,218,217,221,224,221,212,210,202,198,199,206,217,216
216,216,217,216,214,212,209,208,207,207,208,207,207,208,209,210,212,214,216,215,213,212,214,216,213,212,213,216,219,218,216,215,211,202,192,190,195,201,203,201,197,195,191,187,189,196,198,197,196,197,199,199,199,197,195,194,192,194,188,187,182,180,193,194,193,198,196,192,191,190,187,186,186,189,191,190,188,189,192,195,205,209,211,210,212,215,214,210,213,212,203,181,139,101,115,162,194,205,211,209,210,211,210,209,205,202,201,206,209,203,195,194,194,193,195,194,187,185,190,193,182,183,181,167,159,165,166,162,172,170,169,161,135,104,93,97,89,87,90,96,98,99,98,95,85,86,84,72,53,38,29,24,16,9,7,7,5,4,6,7,5,6,5,5,4,5,6,6,6,5,5,6,7,6,5,5,5,6,6,6,5,5,5,6,5,5,5,5,5,5,5,5,5,5,5,5,5,5,5,5,4,4,4,4,4,4,4,4,5,4,4,4,4,4,4,4,4,4,4,4,5,5,5,5,4,4,4,4,4,4,4,4,4,4,4,4,4,4,4,4,4,4,4,4,4,3,3,3,4,4,4,5,5,5,5,5,4,5,5,3,4,6,6,4,3,3,4,4,3,3,3,3,2,5,3,2,2,2,1,4,5,2,2,4,0,3,46,99,151,173,187,207,208,199,168,129,95,109,154,180,200,210,195,198,196,201,207,212,212,207,195,185,183,190,201,207,203,195,190,190,192,196,189,182,170,164,171,166,174,179,188,196,201,202,201,200,197,189,179,171,170,179,189,191,195,199,198,191,180,167,159,160,176,179,190,201,202,197,190,183,180,173,175,180,178,177,177,174,166,175,184,188,188,180,169,163,158,168,177,183,188,188,181,176,183,180,184,182,172,160,153,157,166,172,184,191,189,184,179,174,174,173,178,186,193,205,210,204,202,198,194,194,197,201,202,201,203,204,204,204,204,204,203,203,200,199,198,198,200,203,204,205,203,207,209,208,209,213,216,216,215,213,211,207,200,196,194,191,190,194,192,189,187,179,173,175,173,166,162,167,176,181,180,178,186,178,178,182,162,153,172,176,165,166,176,186,196,205,210,218,210,207,205,207,210,213,218,222,221,222,212,203,208,216,217,216,219,211,212,215,214,221,226,220,222,213,205,207,205,205,213,216
215,218,215,217,212,208,212,204,209,207,208,210,211,214,215,212,213,215,215,212,209,208,208,208,210,208,207,209,213,217,216,215,214,210,203,196,193,195,199,204,198,201,203,204,201,197,193,191,193,196,199,198,196,194,193,192,195,194,192,191,193,198,201,201,200,199,198,197,197,197,199,199,204,204,203,202,203,205,209,212,215,215,215,214,214,213,213,213,210,215,203,188,154,93,85,139,183,206,208,211,208,211,207,207,199,190,186,191,197,199,190,178,179,175,175,181,178,164,166,185,172,158,151,112,96,151,158,137,137,131,124,116,105,96,96,102,102,95,90,91,97,103,97,84,69,60,45,30,18,11,8,7,8,7,7,6,6,6,6,6,6,6,6,6,6,6,6,6,6,6,6,6,6,6,6,6,7,6,6,6,6,5,5,5,5,5,5,5,5,5,5,5,5,5,5,5,5,5,5,5,4,4,4,4,4,4,4,4,4,4,4,4,4,4,4,4,4,4,4,4,4,4,4,4,4,4,4,4,4,4,4,4,4,4,4,4,4,4,4,4,4,4,4,4,4,4,4,4,4,4,4,4,4,4,4,4,5,5,5,5,5,5,5,5,5,5,4,4,4,4,4,4,3,3,3,3,3,3,3,2,5,4,3,3,2,2,3,3,48,104,155,176,193,205,186,155,121,94,126,168,196,206,207,198,197,197,202,208,212,205,189,175,166,174,193,208,203,190,183,183,190,202,200,186,175,168,167,172,174,177,185,191,193,200,202,195,197,195,186,177,175,177,184,191,198,202,203,199,193,184,168,154,160,176,181,193,202,199,199,196,187,180,171,172,180,178,172,173,168,166,175,188,192,188,176,159,149,156,173,182,180,184,187,181,181,185,182,177,176,167,155,149,151,151,163,175,176,177,178,177,182,185,185,185,191,199,204,207,199,196,192,194,198,197,196,200,198,201,193,191,197,197,197,202,195,194,196,196,202,210,209,209,213,208,214,215,210,212,214,217,218,208,201,199,195,191,197,207,202,203,203,197,186,174,162,154,155,157,159,162,167,172,174,173,179,186,182,172,169,169,171,178,187,194,202,207,212,216,220,222,222,216,211,210,212,216,220,222,220,223,220,211,205,209,216,219,216,214,210,207,210,215,219,221,220,218,211,204,205,210,216,222
213,216,215,218,213,208,212,208,213,211,212,213,213,215,217,215,213,212,211,208,205,202,202,203,204,203,203,206,212,216,217,216,210,207,201,195,192,192,196,198,206,210,211,207,202,200,196,192,191,193,197,200,200,200,201,202,202,203,204,205,208,211,213,213,213,213,213,212,211,212,213,214,214,214,214,213,213,215,217,219,216,215,215,215,214,214,213,213,213,213,210,198,173,117,82,107,164,197,203,207,207,210,205,196,169,167,165,165,170,179,177,165,163,162,167,178,180,171,168,174,171,157,140,100,87,122,132,130,109,104,101,102,103,100,98,97,96,93,90,85,78,72,62,50,25,21,14,8,5,5,6,7,8,7,7,6,6,6,6,6,6,6,6,6,6,6,6,6,6,6,6,6,6,6,6,6,6,6,6,6,6,5,5,5,5,5,5,5,5,5,5,5,5,5,5,5,5,5,5,5,5,5,5,5,5,5,5,5,4,4,4,4,4,4,4,4,4,4,4,4,4,4,4,4,4,4,4,4,4,4,4,4,4,4,4,4,4,4,4,4,4,4,4,4,4,4,4,4,4,4,4,4,4,4,4,4,5,5,5,5,5,5,5,5,4,4,4,4,4,4,4,4,4,3,3,3,3,3,3,3,4,3,3,3,3,3,3,3,1,9,52,112,159,184,189,183,148,123,102,146,181,199,201,204,194,194,197,202,207,207,191,171,165,170,186,202,201,189,180,176,186,200,204,195,184,176,176,182,188,188,187,186,187,192,196,194,195,195,190,183,180,179,185,194,197,202,204,200,194,185,170,157,156,170,178,190,200,201,200,193,186,178,171,172,179,180,177,177,173,171,178,186,188,187,182,173,160,160,168,177,178,178,179,177,182,186,184,180,180,177,168,160,148,138,147,172,185,184,179,174,171,178,190,194,193,201,204,195,200,195,193,199,204,204,201,199,193,191,190,192,196,200,205,204,198,195,197,199,205,213,210,210,213,209,212,210,206,204,200,199,195,197,196,189,188,193,198,200,214,214,208,195,183,174,167,162,166,170,175,181,185,187,183,179,175,179,178,175,174,173,175,183,202,207,212,215,217,220,222,223,227,222,216,212,211,212,216,219,221,221,220,215,210,207,211,216,217,215,212,209,211,215,219,221,220,219,212,203,201,203,209,216
209,214,215,217,213,207,210,210,213,211,212,212,209,210,213,213,210,208,206,205,202,198,199,202,202,201,202,205,211,215,217,216,213,211,206,201,197,194,194,194,205,212,213,205,198,196,192,186,192,194,200,208,213,214,215,217,212,214,215,215,216,217,217,216,215,216,216,215,214,214,215,216,214,214,214,214,214,214,214,214,215,215,215,214,214,214,213,213,214,209,214,206,189,144,87,78,144,191,204,207,209,209,201,183,159,112,94,127,157,157,153,159,182,181,185,191,193,191,188,183,176,158,135,111,113,115,104,98,98,104,110,110,104,99,98,99,90,83,71,54,36,26,18,10,7,6,4,4,5,7,8,8,8,7,7,6,6,6,6,6,6,6,6,6,6,6,6,6,6,6,6,6,6,6,6,6,6,6,6,6,5,5,5,5,5,5,5,5,5,5,5,5,5,5,5,5,5,5,5,5,5,5,5,5,5,5,5,5,4,4,4,4,4,4,4,4,4,4,4,4,4,4,4,4,4,4,4,4,4,4,4,4,4,4,4,4,4,4,4,4,4,4,4,4,4,4,4,4,4,4,4,4,4,4,4,4,4,4,4,4,4,4,4,4,4,4,4,4,4,4,4,4,4,4,4,4,4,3,3,3,3,3,3,3,3,3,3,4,3,8,0,9,66,131,162,167,163,143,114,123,163,189,206,207,196,193,194,197,204,210,198,175,165,165,177,194,199,191,178,168,174,190,202,202,194,186,187,195,199,198,192,185,186,191,195,199,198,199,196,188,180,172,173,180,191,198,203,202,197,189,176,165,160,168,175,186,195,201,203,193,190,183,178,177,179,181,181,177,178,173,175,184,192,195,190,179,171,163,162,172,178,178,179,183,176,181,186,189,191,191,182,169,164,158,161,169,174,177,172,160,169,175,191,198,193,199,201,186,192,186,188,196,200,203,204,200,203,195,196,199,197,203,209,205,198,191,190,192,200,208,208,210,217,216,214,205,199,191,179,177,166,172,171,166,169,183,196,199,215,217,215,205,196,191,187,183,184,186,190,194,197,197,193,187,187,188,188,190,190,186,186,193,204,207,211,212,214,216,218,218,226,223,219,214,209,208,212,217,222,219,220,221,215,207,207,213,220,220,218,215,215,217,219,220,223,222,213,199,191,191,197,206
204,212,215,214,210,205,202,199,203,202,204,204,201,202,206,208,208,205,205,206,205,202,203,207,209,208,207,209,213,216,217,216,218,216,213,209,203,197,192,190,195,200,200,192,184,180,176,172,188,187,193,206,216,218,217,217,217,218,218,216,215,215,215,214,214,215,215,215,214,214,214,214,214,214,214,214,214,213,213,212,213,213,213,213,213,213,213,213,212,209,213,208,195,164,109,74,108,168,196,205,207,207,203,183,147,87,55,88,138,166,179,187,192,201,212,212,203,201,201,194,173,150,118,96,98,91,97,105,101,105,109,108,104,95,83,72,56,44,29,16,7,7,8,4,9,8,8,7,7,7,6,5,8,7,7,6,6,6,6,6,6,6,6,6,6,6,6,6,6,6,6,6,6,6,6,6,6,6,6,6,5,5,5,5,5,5,5,5,5,5,5,5,5,5,5,5,5,5,5,5,5,5,5,5,5,5,5,5,4,4,4,4,4,4,4,4,4,4,4,4,4,4,4,4,4,4,4,4,4,4,4,4,4,4,4,4,4,4,4,4,4,4,4,4,4,4,4,4,4,4,4,4,4,4,4,4,4,4,4,4,4,4,4,4,4,4,4,4,4,4,5,5,4,4,4,4,4,4,4,4,3,3,3,3,3,3,3,3,5,0,5,6,0,23,83,130,126,115,120,113,140,173,197,203,203,196,194,195,200,209,204,187,171,165,170,186,198,197,183,168,166,177,193,202,201,194,193,198,200,204,198,190,190,191,195,202,199,201,201,197,190,180,177,182,187,195,203,204,201,193,181,171,165,162,168,179,187,196,203,200,200,192,188,184,179,180,180,174,178,172,169,177,190,198,195,186,176,166,158,164,175,177,177,182,174,175,184,193,196,198,194,182,179,180,181,176,171,174,169,154,155,163,181,193,191,191,193,190,192,186,190,196,195,200,207,205,205,197,197,195,194,199,201,199,192,182,178,177,183,192,195,202,207,210,208,194,184,174,161,160,163,162,163,165,170,181,196,209,214,215,214,209,204,200,197,196,201,202,203,205,206,206,200,195,196,197,198,200,200,197,195,197,205,209,214,214,214,215,216,217,222,222,221,217,211,208,213,219,223,220,222,225,220,211,209,213,222,223,223,221,219,218,218,217,218,218,207,190,180,178,186,197
196,209,216,210,205,199,184,175,189,190,195,199,198,200,205,208,211,208,209,213,213,211,211,215,216,215,215,215,216,217,217,217,216,216,215,212,207,199,192,187,194,193,191,186,179,175,176,179,187,181,182,195,209,216,216,215,216,217,218,216,216,216,216,215,213,213,214,214,215,214,214,214,215,215,214,214,214,213,213,213,212,212,212,212,212,213,213,213,212,213,209,209,201,180,139,86,82,143,187,205,209,206,205,189,167,140,120,123,143,168,186,194,208,206,207,205,201,197,183,161,133,109,89,86,99,99,105,99,101,101,97,87,74,60,42,28,17,11,6,4,5,10,11,8,6,6,6,6,7,7,7,6,8,7,7,6,6,6,6,6,6,6,6,6,6,6,6,6,6,6,6,6,6,5,5,5,6,6,5,5,5,5,5,5,5,5,5,5,5,5,5,5,5,5,5,5,5,5,5,5,5,5,5,5,5,5,5,5,4,4,4,4,4,4,4,4,4,4,4,4,4,4,4,4,4,4,4,4,4,4,4,4,4,4,4,4,4,4,4,4,4,4,4,4,4,4,4,4,4,4,4,4,4,4,4,4,4,4,4,4,4,4,4,4,4,4,4,4,4,4,5,5,5,5,5,4,4,4,4,4,4,4,4,4,3,3,3,2,3,7,3,1,3,1,7,28,61,62,76,101,123,163,181,203,207,199,194,192,194,201,205,200,184,172,167,177,192,200,192,178,168,172,185,199,204,200,195,194,199,205,203,195,192,189,191,198,201,203,203,202,198,189,182,183,185,193,201,205,203,196,185,176,168,159,163,174,181,191,201,207,206,198,192,185,176,176,178,175,176,174,169,170,180,191,197,200,188,180,170,168,174,177,175,176,179,174,177,186,190,195,200,198,194,187,188,192,188,180,164,145,130,138,153,174,188,183,184,197,195,187,188,191,188,193,199,195,191,189,188,184,188,190,184,189,179,169,165,162,166,174,179,188,193,202,205,194,184,175,164,167,175,174,179,187,190,191,199,209,212,206,201,199,198,199,203,209,212,214,217,220,221,219,212,205,203,205,208,209,209,211,209,205,210,216,221,221,218,217,218,219,221,223,225,222,216,213,216,221,222,223,224,225,222,217,215,216,220,223,225,224,222,220,217,215,217,218,211,197,188,186,193,201
191,207,215,207,202,191,168,156,182,185,194,202,204,206,211,215,215,214,216,218,219,217,217,219,219,219,218,217,217,218,218,218,215,215,216,215,212,206,200,196,197,192,189,187,186,187,195,204,195,184,178,187,203,215,218,217,216,217,217,216,216,216,214,211,208,208,208,210,212,214,214,213,213,212,211,211,211,211,211,211,211,211,212,212,212,212,213,213,211,214,206,210,207,193,163,104,74,116,169,200,210,207,209,199,185,177,176,181,181,184,196,207,210,206,202,195,181,156,120,89,85,84,89,92,91,93,102,98,91,85,70,49,29,17,11,8,7,7,8,9,8,7,7,4,7,6,6,6,7,8,8,8,8,7,7,6,6,6,6,6,6,6,6,6,6,6,6,6,6,6,6,6,5,5,5,5,5,5,5,5,5,5,5,5,5,5,5,5,5,5,5,5,5,5,5,5,5,5,5,5,4,4,4,4,4,4,4,4,4,4,4,4,4,4,4,4,4,4,4,4,4,4,4,4,4,4,4,4,4,4,4,4,4,4,4,4,4,4,4,4,4,4,4,4,4,4,4,4,4,4,4,4,4,4,4,4,4,4,4,4,4,4,4,4,4,4,4,4,4,4,4,4,5,5,5,4,4,4,4,4,5,5,4,4,4,3,3,2,6,0,0,9,5,2,4,1,4,17,16,48,100,138,168,188,203,202,198,193,191,195,202,208,195,180,167,168,181,195,198,190,173,170,179,196,205,205,200,194,198,203,204,199,194,190,191,196,204,206,205,202,198,189,179,174,181,187,194,201,204,201,193,185,178,168,171,177,183,190,197,206,204,198,190,181,173,173,177,180,180,179,173,172,182,193,199,203,198,193,185,177,174,175,175,172,177,173,173,178,182,188,195,199,203,199,199,198,192,184,164,139,131,125,120,141,172,177,176,189,187,179,178,181,182,185,185,179,176,177,178,170,174,173,162,170,163,158,158,157,162,170,175,182,193,202,212,207,199,192,185,188,186,191,197,201,203,204,206,208,212,206,201,200,200,203,210,218,218,220,222,223,224,225,222,218,217,219,222,222,221,224,223,217,209,216,222,223,221,220,221,222,223,224,225,224,219,216,216,218,220,222,222,221,221,220,219,218,220,223,226,227,226,224,221,219,222,226,223,215,209,204,203,206
195,207,215,206,200,187,165,161,184,188,199,210,212,213,216,219,218,218,218,219,219,219,219,219,219,219,218,217,217,217,218,218,217,217,217,217,216,214,211,209,200,197,194,192,193,198,207,214,202,190,181,184,199,212,217,216,216,215,213,210,210,209,206,202,203,202,202,205,210,214,214,213,214,213,212,212,212,212,211,211,209,209,210,210,211,211,212,212,209,210,207,209,207,202,180,133,80,90,142,184,204,208,212,209,204,200,197,195,197,204,208,204,197,187,167,140,112,89,80,83,92,98,104,106,104,102,85,68,54,40,23,11,8,8,8,6,8,7,8,9,6,6,8,7,8,7,6,5,6,5,5,4,8,7,7,6,6,6,6,6,6,6,6,6,6,6,6,6,6,6,6,6,5,5,5,5,5,5,5,5,5,5,5,5,5,5,5,5,5,5,5,5,5,5,5,5,5,5,5,5,4,4,4,4,4,4,4,4,4,4,4,4,4,4,4,4,4,4,4,4,4,4,4,4,4,4,4,4,4,4,4,4,4,4,4,4,4,4,4,4,4,4,4,4,4,4,4,4,4,4,4,4,4,4,4,4,4,4,4,4,4,4,4,4,4,4,4,4,4,4,4,4,5,5,5,4,4,4,4,4,4,4,5,5,4,4,4,3,1,8,6,1,4,4,1,3,0,8,5,13,67,110,160,178,192,203,203,195,193,193,197,208,202,190,177,171,176,191,200,199,184,178,183,197,205,208,206,199,196,198,203,203,199,195,195,194,200,204,205,203,203,200,192,186,181,183,187,195,203,205,200,193,186,179,178,175,182,190,191,200,200,198,192,185,180,176,178,186,184,184,178,175,185,194,197,199,198,195,192,183,171,169,173,171,172,176,175,173,176,183,190,194,199,203,205,197,189,189,179,158,150,137,120,124,148,165,171,178,180,178,177,179,180,181,180,177,166,162,166,159,157,161,155,162,167,165,168,168,174,183,185,188,195,197,207,209,205,203,200,201,203,207,210,210,212,216,218,217,220,220,217,210,205,205,209,211,219,220,220,219,220,223,224,224,224,222,225,226,223,224,224,219,212,217,222,225,225,226,226,226,223,222,221,221,220,218,218,218,220,220,221,221,221,222,222,221,223,225,226,226,226,226,224,221,219,224,225,222,219,212,205,202
203,209,214,205,199,187,171,177,188,192,204,215,217,216,217,218,218,219,218,217,218,219,220,219,218,218,218,217,216,216,217,218,217,216,215,214,215,215,215,214,213,214,211,206,205,209,212,213,209,199,190,190,201,213,217,215,215,211,206,202,202,203,201,198,195,193,193,198,205,210,211,210,213,212,211,211,211,211,209,208,207,207,208,208,209,209,210,210,207,208,212,208,203,207,192,161,113,95,137,178,202,208,210,211,212,209,209,210,208,205,197,186,162,138,107,93,92,87,84,89,94,102,100,92,83,75,43,26,12,10,9,8,7,7,8,9,11,7,6,7,6,7,8,6,6,6,6,6,7,8,8,7,8,7,7,6,6,6,6,6,6,6,6,6,6,6,6,6,6,6,6,6,5,5,5,5,5,5,5,5,5,5,5,5,5,5,5,5,5,5,5,5,5,5,5,5,5,5,5,5,4,4,4,4,4,4,4,4,4,4,4,4,4,4,4,4,4,4,4,4,4,4,4,4,4,4,4,4,4,4,4,4,4,4,4,4,4,4,4,4,4,4,4,4,4,4,4,4,4,4,4,4,4,4,4,4,4,4,4,4,4,4,4,4,5,5,4,4,4,4,4,4,5,5,4,4,4,4,4,4,4,4,5,5,5,5,5,4,5,4,4,3,1,3,4,2,6,1,1,4,16,72,124,165,180,202,206,195,193,192,193,203,207,200,190,181,180,192,203,205,199,191,194,203,207,209,208,201,196,196,203,207,202,198,194,188,195,202,204,203,205,206,200,195,186,185,185,192,200,204,200,194,181,178,174,165,174,187,187,194,199,201,198,194,190,181,179,188,184,188,182,173,176,183,191,201,204,200,201,192,174,170,176,176,175,184,179,168,171,182,191,196,202,199,201,202,197,193,187,176,155,154,146,133,132,150,169,176,176,181,182,179,176,174,175,179,165,155,164,159,156,169,174,182,187,185,186,185,190,198,196,195,195,189,197,204,205,210,210,210,213,214,216,219,220,220,219,219,217,223,221,208,201,204,209,209,216,219,222,223,223,223,222,221,225,219,222,226,222,221,223,221,217,219,221,223,224,225,224,222,223,220,218,220,222,223,223,222,224,222,222,225,226,225,225,226,225,225,224,223,223,223,222,219,216,221,224,225,225,220,211,206
215,218,211,201,200,187,178,193,198,195,208,218,218,218,217,218,219,218,218,218,218,219,220,220,219,218,217,217,218,218,217,217,218,217,217,216,215,214,213,212,212,213,211,210,211,209,206,207,206,204,200,199,204,212,216,216,211,208,203,196,193,194,196,197,188,191,195,199,204,210,212,211,210,210,210,210,210,209,209,208,207,207,207,206,207,208,209,210,208,211,210,208,209,209,198,184,155,126,142,177,196,207,210,213,213,209,206,201,192,178,155,132,100,83,75,86,95,94,91,93,100,90,74,55,38,24,13,8,9,8,8,8,7,8,8,8,8,8,7,7,7,7,8,8,7,7,7,7,6,6,6,6,6,6,6,6,6,6,7,7,6,6,6,6,6,6,6,6,5,6,7,6,5,5,5,6,5,5,5,5,5,5,5,5,5,5,5,5,5,5,5,5,5,5,5,5,5,4,4,4,4,4,4,4,4,4,4,4,4,4,4,4,4,4,4,4,4,4,4,4,4,4,4,4,4,4,4,4,4,4,4,4,4,4,4,4,4,4,4,4,4,4,4,4,4,4,4,4,4,4,4,4,4,4,4,4,4,4,4,4,4,4,4,4,4,4,4,4,4,4,4,4,4,4,4,4,4,4,4,4,4,4,4,4,4,4,4,4,4,4,4,3,3,3,3,2,2,5,1,2,6,14,62,131,167,179,201,207,196,191,193,194,204,205,203,196,193,195,199,210,211,197,203,206,210,208,211,203,197,192,196,202,205,201,193,191,188,197,204,205,208,209,202,192,184,182,182,188,196,201,203,203,190,186,188,188,183,183,186,185,196,203,203,195,188,183,181,183,187,183,177,172,177,182,183,194,197,202,202,198,190,174,166,172,178,174,175,174,170,175,187,192,196,199,198,192,188,187,182,176,166,159,155,153,151,153,159,161,164,165,172,173,179,186,182,179,177,177,179,181,182,185,190,196,195,192,193,198,207,215,214,206,199,200,203,209,215,214,213,218,214,216,217,217,218,219,218,216,220,218,218,214,204,200,204,209,215,219,220,221,224,223,221,222,223,221,220,219,218,218,216,215,215,216,216,221,226,226,224,224,223,222,222,225,227,228,226,224,222,223,223,220,222,225,224,219,219,212,212,220,225,222,219,218,217,219,221,224,225,223,220,218
216,218,210,201,199,187,181,197,197,196,210,218,217,218,217,218,217,217,217,218,218,218,219,219,219,218,217,217,218,218,218,218,216,216,215,214,213,212,211,210,209,207,206,204,203,201,200,198,200,202,204,207,211,215,217,216,213,208,200,194,193,195,198,199,197,199,201,203,207,210,211,210,210,210,210,209,209,208,207,206,206,206,206,206,207,208,208,209,209,210,208,207,209,210,204,196,179,159,160,176,193,211,214,206,203,198,193,181,154,122,96,82,84,76,77,90,101,99,88,79,68,51,29,13,8,9,9,9,9,8,8,8,8,8,8,8,8,8,7,7,7,7,8,8,7,7,7,7,7,6,6,6,6,6,6,6,6,6,7,7,6,6,6,6,6,6,6,6,6,6,7,6,5,5,5,6,5,5,5,5,5,5,5,5,5,5,5,5,5,5,5,5,5,5,5,5,5,4,4,4,4,4,4,4,4,4,4,4,4,4,4,4,4,4,4,4,4,4,4,4,4,4,4,4,4,4,4,4,4,4,4,4,4,4,4,4,4,4,4,4,4,4,4,4,4,4,4,4,4,4,4,4,4,4,4,4,4,4,4,4,4,4,4,4,4,4,4,4,4,4,4,4,4,4,4,4,4,4,4,4,4,4,4,4,4,4,4,4,5,4,4,4,4,3,3,3,1,4,1,2,3,1,12,43,127,170,184,197,204,194,196,194,202,206,209,204,199,197,198,205,202,211,206,192,199,203,202,206,198,193,196,203,207,206,200,196,191,198,204,205,205,206,202,196,185,179,176,180,190,199,203,205,197,196,192,182,171,170,176,181,191,199,202,196,190,183,177,175,184,181,181,177,178,181,179,182,187,195,199,197,188,171,160,161,175,174,176,178,174,173,179,186,189,193,195,191,184,180,181,183,178,176,173,167,159,157,156,152,147,152,164,173,189,201,194,183,185,182,182,187,193,197,199,201,204,200,198,199,203,212,216,212,204,202,202,208,215,216,213,213,216,214,212,213,215,214,211,208,214,218,219,209,192,182,189,202,215,219,218,216,216,216,216,218,216,216,217,218,218,219,220,221,219,221,221,221,223,227,226,223,225,222,221,221,223,223,222,221,214,212,212,215,219,222,223,223,222,217,214,215,220,222,221,218,215,216,217,219,222,224,224,223
217,217,208,201,196,184,183,199,197,200,213,219,218,218,217,220,217,217,218,218,218,218,218,218,217,217,216,216,216,217,216,216,214,214,212,210,208,207,206,206,204,199,199,198,193,193,193,189,196,201,208,211,212,212,212,211,214,209,202,198,200,205,208,208,208,209,209,208,209,211,210,209,210,210,209,208,207,206,205,205,205,205,206,206,207,207,208,208,208,208,207,207,208,209,208,205,198,185,180,191,197,196,200,200,199,176,148,121,90,66,67,82,84,84,85,88,88,77,56,38,24,16,7,5,7,10,9,6,9,8,8,8,8,8,8,8,8,8,7,7,7,7,8,8,7,7,7,7,7,6,6,6,7,7,6,6,6,6,6,6,6,6,6,6,6,6,6,6,6,6,6,6,5,5,5,6,5,5,5,5,5,5,5,5,5,5,5,5,5,5,5,5,5,5,5,5,5,4,4,4,4,4,4,4,4,4,4,4,4,4,4,4,4,4,4,4,4,4,4,4,4,4,4,4,4,4,4,4,4,4,4,4,4,4,4,4,4,4,4,4,4,4,4,4,4,4,4,4,4,4,4,4,4,4,4,4,4,4,4,4,4,4,4,4,4,4,4,4,4,4,4,4,4,4,4,4,4,4,4,4,4,4,4,4,4,4,4,4,5,5,5,5,4,4,4,4,1,3,2,3,6,2,1,3,25,114,162,181,197,197,195,190,198,204,210,209,204,197,194,194,201,191,182,173,167,173,182,200,201,196,194,195,195,196,193,186,189,195,200,201,201,200,201,201,196,187,178,179,188,197,202,205,201,194,185,177,173,170,174,182,184,194,200,200,198,191,183,179,179,176,180,178,177,179,175,173,187,193,195,191,184,174,166,166,172,176,180,183,181,176,177,185,192,194,194,190,181,174,175,180,178,177,175,173,173,174,163,146,141,141,153,164,176,191,196,198,194,192,192,196,203,207,208,209,211,208,204,199,199,207,215,216,207,204,202,204,208,209,207,204,205,204,204,202,197,192,192,196,200,204,201,192,182,175,180,194,201,210,215,216,219,222,223,224,223,224,224,222,220,218,219,220,221,224,224,218,214,219,222,217,219,217,216,217,219,222,222,221,215,209,207,213,217,217,220,226,224,223,218,213,217,224,224,220,218,217,216,218,221,223,224,223
217,215,206,200,192,180,184,198,195,202,216,220,218,218,217,220,219,219,219,219,218,218,217,217,217,217,215,213,212,212,212,211,209,209,207,204,202,201,201,202,201,195,196,196,190,191,194,189,196,202,208,210,208,205,204,205,210,211,210,209,210,212,214,214,214,213,212,211,211,211,210,210,210,210,209,209,208,207,206,205,205,205,206,206,207,207,207,207,207,207,207,209,208,207,207,207,202,205,192,187,190,192,189,173,146,112,80,72,73,69,71,81,96,91,80,65,50,34,19,7,6,6,7,7,8,8,9,10,8,8,8,8,8,8,8,8,8,8,7,7,7,7,8,8,7,7,7,7,7,7,7,6,7,7,7,6,6,6,6,6,6,6,6,6,6,6,6,6,6,6,6,6,6,5,5,6,5,5,5,5,5,5,5,5,5,5,5,5,5,5,5,5,5,5,5,5,5,4,4,4,4,4,4,4,4,4,4,4,4,4,4,4,4,4,4,4,4,4,4,4,4,4,4,4,4,4,4,4,4,4,4,4,4,4,4,4,4,4,4,4,4,4,4,4,4,4,4,4,4,4,4,4,4,4,4,4,4,4,4,4,4,4,4,4,4,4,4,4,4,4,4,4,4,4,4,4,4,4,4,4,4,4,4,4,4,4,4,4,5,5,5,5,5,4,4,4,5,4,3,2,2,4,5,2,4,16,82,150,180,185,189,203,195,201,205,207,203,195,187,176,165,155,146,131,114,131,149,168,197,198,193,188,183,185,188,183,184,187,192,198,199,199,201,203,205,195,185,182,187,194,201,205,207,198,187,184,181,167,163,172,180,191,199,203,205,201,192,187,176,169,174,177,175,177,176,175,179,188,196,196,193,185,176,170,167,177,181,182,182,177,175,181,194,194,192,189,184,180,180,182,188,187,185,181,181,179,159,132,112,105,122,148,166,178,190,205,198,198,200,201,202,205,208,211,212,211,207,200,195,202,210,212,203,197,192,189,188,189,187,184,179,179,179,177,170,164,168,176,187,192,187,180,177,171,173,186,196,210,218,219,222,225,225,224,225,225,224,222,221,220,219,219,218,220,220,211,203,206,214,215,213,213,214,214,217,221,222,222,221,213,208,211,214,214,219,226,223,224,221,216,216,222,224,222,221,219,218,219,221,223,223,222
217,214,204,200,190,180,188,197,193,204,218,219,217,217,215,219,219,219,218,217,216,215,214,213,214,214,212,208,206,205,204,203,201,201,201,199,197,197,199,201,203,197,199,201,196,198,202,197,200,205,209,210,205,199,196,196,200,207,214,216,214,213,212,211,214,213,211,211,211,211,211,211,210,210,210,209,209,208,208,207,205,206,206,207,207,207,207,207,207,206,207,209,209,207,207,209,201,203,187,179,178,165,139,108,70,63,59,67,74,72,74,86,82,67,46,29,17,10,8,9,7,9,10,9,6,6,8,11,8,8,8,8,8,8,8,8,8,8,8,7,7,8,8,8,7,7,7,7,7,7,7,7,7,7,7,7,6,6,6,6,6,6,6,6,6,6,6,6,6,6,6,6,6,6,5,5,5,5,5,5,5,5,5,5,5,5,5,5,5,5,5,5,5,5,5,5,5,4,4,4,4,4,4,4,4,4,4,4,4,4,4,4,4,4,4,4,4,4,4,4,4,4,4,4,4,4,4,4,4,4,4,4,4,4,4,4,4,4,4,4,4,4,4,4,4,4,4,4,4,4,4,4,4,4,4,4,4,4,4,4,4,4,4,4,4,4,4,4,4,4,4,4,4,4,4,4,4,4,4,4,4,4,4,4,4,4,4,4,5,5,5,4,4,4,4,4,5,3,4,3,0,1,4,2,8,1,5,50,131,175,176,195,199,202,202,205,202,195,182,159,136,98,50,18,10,34,77,146,174,191,191,183,177,178,186,186,180,180,186,194,200,200,201,203,202,194,186,181,181,187,197,205,204,204,200,194,184,167,159,164,177,188,197,203,206,202,191,183,176,166,171,178,178,179,180,183,177,184,192,195,193,190,183,175,166,176,178,174,175,174,172,175,184,189,192,191,193,197,199,198,202,205,204,194,183,173,154,130,105,82,90,122,153,176,190,201,197,198,199,198,198,199,203,206,209,210,210,203,196,198,201,199,200,185,173,168,167,169,168,161,156,151,150,153,156,157,160,165,185,198,201,193,181,166,165,180,191,205,215,217,220,223,223,223,223,221,218,217,217,215,213,210,211,211,211,204,193,191,202,214,215,216,215,213,213,216,220,222,221,216,211,209,210,213,219,225,223,224,223,219,216,216,219,223,223,221,219,218,219,221,223,224
216,213,202,197,186,180,193,196,192,206,219,217,217,218,214,217,216,215,214,213,211,210,209,209,207,208,205,201,198,198,198,196,196,198,199,199,198,199,202,206,208,205,206,208,206,208,211,208,209,210,212,211,204,195,187,183,187,196,206,212,213,213,213,212,213,211,210,211,212,212,212,212,210,210,210,210,210,210,209,209,206,206,207,207,207,207,207,207,207,206,206,208,209,209,209,209,203,196,180,163,134,96,69,57,60,55,53,66,81,76,63,59,41,26,12,8,9,8,9,10,9,9,10,11,11,10,8,7,8,8,8,8,8,8,8,7,8,8,8,8,8,8,8,8,7,7,7,7,7,7,7,7,7,7,7,7,7,6,6,6,6,6,6,6,6,6,6,6,6,6,6,6,6,6,6,5,5,5,5,5,5,5,5,5,5,5,5,5,5,5,5,5,5,5,5,5,5,4,4,4,4,4,4,4,4,4,4,4,4,4,4,4,4,4,4,4,4,4,4,4,4,4,4,4,4,4,4,4,4,4,4,4,4,4,4,4,4,4,4,4,4,4,4,4,4,4,4,4,4,4,4,4,4,4,4,4,4,4,4,4,4,4,4,4,4,4,4,4,4,4,4,4,4,4,4,4,4,4,4,4,4,4,4,4,4,4,4,4,4,4,4,4,4,4,4,4,4,1,3,5,4,4,5,4,0,5,0,0,30,105,167,175,194,201,202,205,203,197,182,148,87,25,0,6,3,0,15,69,141,181,192,185,177,170,173,174,177,175,179,188,196,198,198,199,199,195,188,180,177,180,191,201,199,207,207,197,189,182,172,164,169,181,191,199,204,201,191,183,182,172,174,179,180,181,181,186,184,184,188,190,190,192,190,184,172,177,177,174,175,178,178,178,179,188,196,197,199,205,207,206,201,201,198,190,182,175,160,143,126,96,87,99,125,159,183,192,199,198,197,197,198,201,202,202,207,209,210,206,200,200,196,187,190,165,147,145,150,157,157,149,149,149,152,159,165,170,176,181,192,206,215,211,196,178,171,179,176,192,206,213,219,221,219,218,219,216,213,211,210,207,202,198,199,199,196,190,180,172,180,199,214,217,216,212,209,213,219,223,223,222,218,212,209,212,217,221,226,226,225,223,217,213,217,223,226,224,220,216,215,217,220,223
216,211,197,191,178,175,191,189,187,203,216,212,213,214,209,212,212,211,209,207,206,205,205,205,202,204,203,199,198,199,200,199,201,203,205,205,205,206,209,213,213,212,212,212,212,213,213,212,213,211,211,210,207,198,188,183,183,186,192,200,208,214,215,214,213,211,211,212,213,212,212,213,210,210,211,210,210,210,209,209,208,207,207,206,206,206,207,207,207,207,206,206,207,206,203,199,192,175,146,105,69,51,48,54,56,61,64,69,69,48,24,18,13,7,3,7,11,11,7,5,10,8,5,5,7,8,8,8,8,8,8,8,8,8,8,7,8,8,8,8,8,8,8,8,8,7,7,7,7,7,7,7,7,7,7,7,7,7,6,6,6,6,6,6,6,6,6,6,7,6,5,5,6,6,6,5,5,5,5,5,5,5,5,5,5,5,5,5,5,5,5,5,5,5,5,5,5,4,4,4,5,5,5,5,5,5,5,5,4,4,4,4,4,4,4,4,4,4,4,4,4,4,4,4,4,4,4,4,4,4,4,4,4,4,4,4,4,4,4,4,4,4,4,4,4,4,4,4,4,4,4,4,4,4,4,4,4,4,4,4,4,4,4,4,4,4,4,4,4,4,4,4,4,4,4,4,4,4,4,4,4,4,4,4,4,4,4,4,4,4,4,4,4,4,4,4,6,5,3,3,2,2,1,1,6,3,5,6,0,13,82,151,169,187,197,204,203,199,186,146,59,2,0,5,2,6,9,16,89,156,186,190,189,174,170,169,174,172,174,181,189,194,197,198,202,200,196,189,182,180,186,193,205,208,209,203,195,188,175,160,161,172,182,191,200,203,199,196,190,184,180,174,176,177,174,178,178,177,184,192,194,196,194,187,187,182,181,182,183,183,183,182,175,181,189,194,198,199,196,193,191,184,180,177,176,176,169,158,140,120,116,116,121,144,168,180,200,202,203,202,202,203,204,203,205,206,207,206,204,205,197,184,175,146,129,133,143,157,165,162,166,172,181,186,189,193,199,205,205,209,215,217,210,196,184,179,176,188,198,204,207,206,203,203,205,204,202,200,199,195,189,185,177,180,175,170,166,155,158,179,205,212,217,214,211,213,218,221,225,226,224,218,212,209,212,216,222,224,226,225,220,215,216,219,225,224,222,219,215,215,217,220
215,209,193,184,170,168,186,181,180,197,209,205,206,208,202,204,209,208,206,204,203,203,203,204,204,207,207,204,203,206,208,207,208,211,213,213,211,211,214,217,215,216,214,213,215,213,211,211,212,209,207,210,211,208,201,196,187,184,183,189,202,212,214,211,214,212,212,213,214,212,212,212,211,211,210,210,210,209,209,208,208,207,206,206,205,206,206,207,206,207,207,206,206,202,193,184,161,112,75,55,47,45,45,60,77,71,56,46,38,18,5,9,10,10,10,10,9,9,10,11,7,8,10,11,11,10,9,8,8,8,8,9,8,8,8,7,8,8,8,8,8,8,8,8,8,8,7,7,7,7,7,7,7,7,7,7,7,7,6,6,6,6,6,6,6,6,6,6,7,6,5,5,6,6,6,5,5,5,5,5,5,5,5,5,5,5,5,5,5,5,5,5,5,5,5,5,5,4,4,4,5,5,5,5,5,5,5,5,4,4,4,4,4,4,4,4,4,4,4,4,4,4,4,4,4,4,4,4,4,4,4,4,4,4,4,4,4,4,4,4,4,4,4,4,4,4,4,4,4,4,4,4,4,4,4,4,4,4,4,4,4,4,4,4,4,4,4,4,4,4,4,4,4,4,4,4,4,4,4,4,4,4,4,4,4,4,4,4,4,4,4,5,5,5,5,5,2,6,6,4,4,4,3,4,1,1,7,4,6,0,4,55,142,170,189,201,201,200,188,147,43,6,6,2,6,6,3,12,28,114,163,184,195,183,176,176,174,171,172,177,186,193,198,201,201,203,203,199,191,185,186,189,201,200,207,210,196,182,172,166,158,167,175,184,196,204,207,208,197,194,182,167,167,171,167,169,174,169,174,182,187,194,198,194,200,187,184,189,186,181,179,177,165,165,171,182,192,191,184,177,175,170,170,171,172,175,180,180,173,156,156,152,140,145,164,178,198,205,210,207,202,200,202,204,203,203,203,204,206,209,201,186,174,148,136,143,155,173,191,196,189,194,201,206,210,213,213,212,217,212,213,216,211,200,188,178,182,186,187,187,189,191,194,199,199,197,194,189,183,175,167,163,154,161,157,154,157,149,150,170,197,209,219,219,214,213,214,215,221,224,225,222,214,208,209,214,213,218,223,224,221,217,214,212,218,221,223,222,219,217,218,219
214,205,189,182,151,167,183,173,177,191,196,195,201,201,199,205,205,206,206,207,207,208,209,209,211,211,211,212,213,214,216,217,217,216,215,215,216,216,216,215,215,214,214,214,213,213,212,210,209,209,208,208,209,210,211,211,196,187,180,181,189,199,208,214,214,213,212,212,210,209,210,212,210,211,210,208,208,209,209,207,209,207,207,207,206,207,208,205,208,206,206,201,194,190,167,127,79,49,40,51,56,53,55,69,68,48,26,14,11,9,8,9,8,8,9,9,9,9,9,9,7,8,8,9,9,10,10,10,9,9,9,9,8,8,8,7,8,8,8,8,8,8,8,8,8,8,8,8,8,8,7,7,7,7,7,7,6,6,6,6,6,6,6,6,6,6,6,6,6,6,6,6,6,6,5,5,6,6,5,5,5,5,5,5,5,5,5,5,5,4,4,3,6,5,5,5,5,5,5,5,4,4,4,4,4,4,4,4,4,4,4,4,4,4,4,4,4,4,4,4,4,4,4,4,4,4,4,4,4,4,4,4,4,4,4,4,4,4,4,4,4,4,4,4,4,4,4,4,4,4,4,4,4,4,4,4,4,4,4,4,4,4,4,4,4,4,4,4,4,4,4,4,4,4,4,4,4,4,4,4,4,4,4,4,4,4,4,4,4,4,4,4,4,4,4,4,4,4,4,4,4,4,4,4,3,3,3,3,3,3,3,3,32,126,176,184,205,205,186,140,40,4,4,2,1,10,2,9,14,52,141,176,193,189,178,170,177,171,167,176,179,188,206,204,205,203,202,198,187,176,177,186,197,199,204,206,204,199,187,174,160,163,170,182,196,206,209,208,198,189,177,168,164,166,169,172,177,175,178,178,184,194,197,201,202,201,197,189,184,176,163,149,146,147,156,171,180,176,169,166,165,170,169,167,171,178,184,188,185,187,177,167,164,159,161,175,192,199,209,212,208,205,205,203,204,205,205,205,211,215,209,198,183,159,151,159,165,176,191,197,201,209,213,212,214,214,213,212,214,214,214,215,214,210,203,197,185,184,179,174,180,184,186,200,202,193,184,179,176,173,168,164,165,173,176,173,174,175,173,171,194,208,220,218,211,209,210,212,218,221,223,222,217,207,203,206,210,217,224,223,220,221,219,210,216,218,221,222,219,213,211,213
213,202,185,169,139,158,173,168,181,192,194,194,200,202,200,204,211,211,212,212,213,214,214,214,215,214,214,214,215,216,217,217,216,216,215,215,216,216,215,215,215,214,214,214,213,213,212,211,209,209,208,208,209,210,211,211,205,199,189,181,181,189,201,209,212,213,213,212,212,211,211,211,211,211,209,208,207,208,209,208,211,210,210,209,206,207,210,209,208,204,200,191,172,139,98,68,47,30,36,57,69,65,52,49,32,21,11,8,10,9,8,8,9,9,9,10,10,10,10,10,9,9,9,9,10,10,10,10,9,9,9,9,8,8,8,8,8,8,8,8,8,8,8,8,8,8,8,8,8,8,7,7,7,7,7,7,6,6,6,6,7,7,7,7,7,7,7,7,6,6,6,6,6,6,5,5,6,6,5,5,5,5,5,5,5,5,5,5,5,5,4,4,6,5,5,5,5,5,5,5,4,4,4,4,4,4,4,4,4,4,4,4,4,4,4,4,4,4,4,4,4,4,4,4,4,4,4,4,4,4,4,4,4,4,4,4,4,4,4,4,4,4,4,4,4,4,4,4,4,4,4,4,4,4,4,4,4,4,4,4,4,4,4,4,4,4,4,4,4,4,4,4,4,4,4,4,4,4,4,4,4,4,4,4,4,4,4,4,4,4,4,4,4,4,4,4,4,4,4,4,4,4,4,4,3,3,3,3,3,3,3,3,3,18,108,168,182,205,199,142,51,11,2,3,5,0,10,3,9,19,91,156,180,197,187,183,174,171,172,174,177,184,194,204,203,201,201,200,193,184,181,183,190,195,203,208,208,205,197,185,176,169,167,177,190,199,203,204,201,195,186,178,173,171,172,173,175,175,179,178,182,191,197,203,203,203,199,191,183,172,153,136,129,129,136,150,162,165,164,164,156,166,174,179,186,193,196,198,197,200,193,183,174,162,162,177,190,199,207,209,207,204,204,205,205,205,203,202,206,211,209,202,197,175,164,164,166,174,185,188,200,209,214,214,215,216,215,215,217,215,214,216,218,216,209,203,197,194,188,179,180,184,184,193,207,202,195,189,186,186,186,186,185,191,194,195,195,193,192,193,195,207,220,222,214,207,207,211,212,216,220,224,223,216,208,206,211,209,215,223,225,225,223,219,211,216,222,222,212,200,196,200
214,202,190,169,146,169,180,183,196,202,201,201,208,211,209,211,216,216,217,217,218,218,218,219,218,217,217,216,216,216,217,217,216,216,215,215,216,216,215,215,215,214,214,213,213,213,212,211,210,209,208,209,210,210,211,211,212,209,201,187,177,178,189,199,210,212,213,212,211,212,212,210,210,209,208,208,207,207,207,208,209,207,206,205,205,207,206,201,199,195,180,156,119,70,38,34,36,34,48,59,57,44,26,18,10,7,6,9,12,11,9,9,9,9,10,10,10,11,11,10,10,10,10,10,10,10,10,10,9,9,9,9,9,9,9,9,8,8,8,8,8,8,8,8,8,8,8,8,8,8,7,7,7,7,7,7,7,6,6,6,7,7,7,7,7,7,7,7,6,6,6,6,6,6,5,5,6,6,5,5,5,5,5,5,5,5,5,5,5,5,5,4,6,5,5,5,5,5,5,5,4,4,4,4,4,4,4,4,4,4,4,4,4,4,4,4,4,4,4,4,4,4,4,4,4,4,4,4,4,4,4,4,4,4,4,4,4,4,4,4,4,4,4,4,4,4,4,4,4,4,4,4,4,4,4,4,4,4,4,4,4,4,4,4,4,4,4,4,4,4,4,4,4,4,4,4,4,4,4,4,4,4,4,4,4,4,4,4,4,4,4,4,4,4,4,4,4,4,4,4,4,4,4,4,4,4,3,3,3,3,3,3,1,0,15,81,152,186,198,174,75,10,2,4,7,1,4,3,6,7,31,119,169,188,197,186,180,177,176,165,168,179,184,199,201,201,201,203,202,196,188,183,185,191,201,207,208,207,202,193,184,173,168,175,185,191,198,205,204,201,196,189,181,176,173,172,170,172,179,177,178,186,192,200,201,202,200,195,185,168,142,121,108,110,120,137,151,155,155,155,162,173,181,186,193,199,202,206,202,202,194,181,163,143,144,162,181,193,201,203,204,201,200,204,199,200,199,198,200,206,207,205,200,189,181,175,168,171,179,181,194,204,211,213,215,215,216,217,217,215,213,215,218,217,212,206,195,193,191,185,186,194,200,207,214,215,211,203,199,199,201,202,202,204,208,212,213,212,213,216,208,207,210,217,220,216,213,213,213,216,220,224,226,220,209,199,205,204,210,220,224,224,223,221,212,213,215,212,202,191,191,197
208,197,192,172,160,186,189,196,210,213,212,212,217,219,217,218,217,217,217,217,218,218,218,218,217,217,216,215,215,215,215,216,216,216,215,215,216,216,215,215,215,214,214,213,213,213,212,211,211,210,209,209,210,211,211,211,211,212,209,199,185,176,179,186,204,210,213,211,209,211,211,209,209,208,208,209,209,206,206,207,210,207,204,201,199,201,200,195,179,160,128,92,56,29,26,38,40,38,44,40,27,16,9,10,11,10,10,12,12,10,10,10,9,9,10,10,11,11,11,11,10,10,10,10,10,10,10,10,9,9,9,9,9,9,9,9,8,8,8,8,8,8,8,8,8,8,8,8,8,8,7,7,7,7,7,7,7,7,6,6,7,7,7,7,7,7,6,6,6,6,6,6,6,6,5,5,6,6,5,5,5,5,5,5,5,5,5,5,5,5,5,5,6,5,5,5,5,5,5,5,5,5,5,5,5,5,5,5,4,4,4,4,4,4,4,4,4,4,4,4,4,4,4,4,4,4,4,4,4,4,4,4,4,4,4,4,4,4,4,4,4,4,4,4,4,4,4,4,4,4,4,4,4,4,4,4,4,4,4,4,4,4,4,4,4,4,4,4,4,4,4,4,4,4,4,4,4,4,4,4,4,4,4,4,4,4,4,4,4,4,4,4,4,4,4,4,4,4,4,4,4,4,4,4,4,4,4,4,3,3,3,3,4,10,0,8,62,135,183,176,130,48,6,2,1,8,1,9,5,11,6,65,143,176,193,185,173,167,164,157,160,177,187,193,202,203,203,203,203,199,189,180,180,185,196,203,204,205,203,198,189,185,183,185,185,187,195,205,205,204,200,191,182,175,171,169,167,171,181,182,183,190,194,200,200,202,203,200,192,174,146,122,108,111,122,139,151,152,147,143,152,162,171,177,185,192,197,202,206,204,198,185,160,133,130,145,165,184,194,197,200,197,195,201,199,202,203,201,200,202,205,206,199,192,186,180,172,169,171,171,187,198,208,212,215,215,216,218,221,219,218,219,221,221,218,215,207,199,197,191,186,191,199,208,215,220,221,215,212,213,214,213,216,214,215,218,220,221,223,222,211,200,194,202,215,218,212,205,208,211,216,220,222,219,208,194,183,191,203,211,216,222,225,222,219,211,205,201,195,187,186,189
206,195,192,174,173,195,189,198,214,217,217,216,218,218,217,217,216,216,216,216,216,216,216,216,216,215,215,214,214,214,215,215,216,216,215,215,216,216,215,215,215,214,213,213,213,213,212,211,211,210,209,210,210,211,211,211,211,211,213,211,198,181,176,179,193,203,212,212,210,210,210,208,208,207,206,205,205,205,207,209,208,206,203,195,187,184,182,177,138,94,57,38,27,27,35,38,42,27,20,15,10,10,9,12,11,11,10,10,9,8,10,11,9,10,10,10,11,11,11,11,9,9,9,9,10,10,10,10,9,9,9,9,9,10,10,10,8,8,8,8,8,8,8,8,8,8,8,8,8,8,7,7,7,7,7,7,7,7,7,7,7,7,7,6,6,6,6,6,6,6,6,6,6,6,5,5,6,6,6,6,5,5,5,5,5,5,5,5,5,5,5,5,6,5,5,5,5,5,5,5,5,5,5,5,5,5,5,5,5,5,5,4,4,4,4,4,4,4,4,4,4,4,4,4,4,4,4,4,4,4,4,4,4,4,4,4,4,4,4,4,4,4,4,4,4,4,4,4,4,4,4,4,4,4,4,4,4,4,4,4,4,4,4,4,4,4,4,4,4,4,4,4,4,4,4,4,4,4,4,4,4,4,4,4,4,4,4,4,4,4,4,4,4,4,4,4,4,4,4,4,4,4,4,4,4,4,4,4,3,3,3,3,0,8,0,9,0,36,136,163,151,96,21,4,1,4,3,3,2,4,12,20,89,166,181,193,180,168,162,167,164,169,185,187,201,203,202,199,197,194,187,178,176,179,188,195,199,204,206,204,200,202,202,196,188,185,190,196,204,204,200,191,183,178,176,174,179,183,192,195,198,202,201,203,202,202,201,200,197,184,163,144,136,137,144,154,160,155,147,140,135,148,163,175,187,195,200,205,207,207,206,199,175,144,133,140,155,177,190,194,198,195,193,198,201,204,205,202,197,196,198,200,208,197,186,180,174,168,167,167,183,194,205,212,216,217,216,218,219,219,219,219,219,220,220,221,222,208,199,188,176,175,185,200,211,217,221,221,221,224,224,222,223,219,218,217,218,221,217,206,196,187,180,185,198,206,203,195,194,199,208,215,218,219,211,197,182,189,201,212,217,223,225,223,224,215,205,199,192,182,176,174
207,196,190,175,183,199,192,203,215,217,218,218,217,216,216,216,217,217,217,216,216,216,216,216,215,215,214,214,214,214,215,215,216,215,215,215,215,216,215,214,214,214,213,213,214,213,212,211,211,210,209,209,210,211,211,211,213,211,212,214,206,191,181,180,184,196,207,211,210,207,205,203,202,201,197,193,193,198,205,209,208,203,198,190,180,167,145,123,79,38,19,28,34,36,37,30,30,14,8,8,9,11,8,9,10,10,10,10,9,9,10,11,10,10,10,11,11,11,11,10,9,9,9,9,9,10,10,10,9,9,9,9,10,10,10,10,9,9,9,9,9,9,9,9,8,8,8,8,8,8,7,7,7,7,7,7,7,7,7,7,7,7,7,6,6,6,6,6,6,6,6,6,6,6,5,5,6,6,6,6,6,5,5,5,6,5,5,5,5,5,5,5,6,5,5,5,5,5,5,5,5,5,5,5,5,5,5,5,5,5,5,5,4,4,4,4,4,4,4,4,4,4,4,4,4,4,4,4,4,4,4,4,4,4,4,4,4,4,4,4,4,4,4,4,4,4,4,4,4,4,4,4,4,4,4,4,4,4,4,4,4,4,4,4,4,4,4,4,4,4,4,4,4,4,4,4,4,4,4,4,4,4,4,4,4,4,4,4,4,4,4,4,4,4,4,4,4,4,4,4,4,4,4,4,4,4,4,4,4,4,3,3,8,0,3,7,2,0,36,132,135,115,60,10,1,4,5,2,1,3,11,8,36,127,171,192,197,179,166,172,162,155,174,184,193,197,199,197,196,196,193,189,181,180,183,188,193,201,206,206,207,208,205,198,190,186,185,185,197,200,199,195,193,193,194,193,198,199,204,203,204,204,198,195,196,193,189,189,190,189,180,171,169,170,175,181,181,172,158,148,152,162,172,182,192,198,203,208,205,204,205,200,181,159,149,151,163,179,190,194,197,197,195,197,200,202,204,202,197,195,197,201,211,205,197,188,176,168,172,180,178,187,196,205,213,215,214,215,213,215,216,216,215,216,219,221,221,206,194,180,172,173,183,202,210,215,219,220,220,219,214,209,204,200,200,203,205,209,201,184,178,166,154,156,171,186,190,187,187,192,205,215,216,218,212,198,192,185,190,206,216,219,220,221,225,221,213,204,194,187,182,180
201,194,185,174,188,198,192,207,217,216,218,219,217,217,218,217,217,217,217,217,216,216,216,216,216,215,215,214,214,215,215,216,216,215,215,215,215,215,215,214,214,214,213,213,214,213,212,211,210,209,209,209,209,210,210,210,212,210,209,210,208,200,191,184,184,191,200,204,203,199,196,194,190,190,187,181,182,192,201,205,209,202,191,176,157,130,92,58,35,23,25,38,40,33,25,21,11,6,10,11,10,12,11,12,12,12,11,12,12,12,11,10,11,11,11,11,11,11,11,10,9,9,9,9,9,9,9,9,10,10,10,10,10,10,10,10,9,9,9,9,9,9,9,9,8,8,8,8,8,8,7,7,7,7,7,7,7,7,7,7,7,7,7,7,6,6,6,6,6,6,6,6,6,6,5,5,6,6,6,6,6,6,5,5,6,6,5,5,5,5,5,5,6,5,5,5,5,5,5,5,5,5,5,5,5,5,5,5,5,5,5,5,4,4,4,4,5,5,5,5,5,5,5,5,4,4,4,4,4,4,4,4,4,4,4,4,4,4,4,4,4,4,4,4,4,4,4,4,4,4,4,4,4,4,4,4,4,4,4,4,4,4,4,4,4,4,4,4,4,4,4,4,4,4,4,4,4,4,4,4,4,4,4,4,4,4,4,4,4,4,4,4,4,4,4,4,4,4,4,4,4,4,4,4,4,4,4,4,4,4,4,4,0,6,1,2,7,4,1,40,97,102,83,27,0,5,3,8,2,6,2,11,13,62,143,172,186,178,163,158,160,161,171,185,186,191,197,199,200,201,201,200,191,183,180,182,187,195,202,202,202,201,200,198,193,187,184,184,189,195,199,200,201,204,204,202,202,199,199,195,193,193,185,182,179,175,171,173,180,189,191,190,189,190,194,199,200,191,178,168,175,177,176,178,184,189,195,202,206,205,204,197,185,175,174,174,184,190,193,193,196,200,201,198,199,201,205,206,203,199,199,203,201,207,207,198,184,175,175,182,169,174,181,193,206,212,213,215,216,217,217,217,216,217,219,221,219,211,197,181,176,177,179,191,202,207,214,218,215,205,193,184,173,167,172,182,189,195,191,175,167,151,138,139,152,166,174,177,181,183,197,209,212,216,214,203,191,177,175,189,201,209,217,222,223,224,220,211,202,197,193,190
200,195,186,178,193,198,193,209,217,214,215,217,215,217,218,217,217,217,217,216,216,216,215,215,216,215,215,214,214,214,215,215,216,215,215,215,215,215,215,214,214,214,213,213,214,213,212,211,210,209,208,208,208,209,209,209,209,209,207,205,206,206,198,187,190,191,193,195,194,191,188,187,181,184,183,178,180,191,200,202,201,195,179,149,111,75,40,14,22,34,40,37,31,20,10,9,11,9,13,11,8,11,10,10,11,10,10,10,12,13,12,11,12,12,12,12,12,11,11,11,10,10,10,10,9,9,9,9,10,10,10,10,10,10,10,10,9,9,9,9,9,9,9,9,8,8,8,8,8,8,7,7,7,7,7,7,7,7,7,7,8,7,7,7,7,6,6,6,6,6,6,6,6,6,5,5,6,6,6,6,6,6,5,5,7,6,6,5,5,5,5,5,6,5,5,5,5,5,5,5,5,5,5,5,5,5,5,5,5,5,5,5,4,4,4,4,5,5,5,5,5,5,5,5,4,4,4,4,4,4,4,4,4,4,4,4,4,4,4,4,4,4,4,4,4,4,4,4,4,4,4,4,4,4,4,4,4,4,4,4,4,4,4,4,4,4,4,4,4,4,4,4,4,4,4,4,4,4,4,4,4,4,4,4,4,4,4,4,4,4,4,4,4,4,4,4,4,4,4,4,4,4,4,4,4,4,4,4,4,4,4,4,3,4,3,3,0,7,1,2,22,60,63,54,13,3,3,0,4,0,1,7,9,18,103,155,176,185,174,156,172,185,175,181,185,191,197,201,202,202,201,200,194,183,176,176,182,192,199,200,197,196,200,203,198,188,185,189,186,192,199,201,202,202,198,193,192,187,186,181,181,182,178,176,163,160,158,164,176,189,197,200,197,195,196,199,202,200,194,189,177,176,173,173,180,187,195,202,204,205,206,200,190,187,189,188,203,199,195,192,194,202,205,199,190,194,199,202,198,191,188,188,195,203,205,200,195,185,172,163,161,165,171,184,201,212,215,218,218,217,216,215,214,215,215,216,219,217,204,185,182,181,172,173,186,194,207,216,214,200,184,173,158,150,156,172,181,189,190,180,168,160,154,156,157,157,165,175,166,167,182,198,206,215,220,212,205,194,185,185,191,203,215,220,220,225,225,218,210,202,189,178
199,191,179,180,195,194,194,216,217,217,217,217,217,217,217,217,217,217,217,217,217,216,216,216,214,214,214,214,215,215,215,215,215,215,215,214,214,214,214,214,215,215,215,214,213,213,212,211,213,208,202,204,209,207,202,201,203,200,200,198,195,200,202,195,186,191,193,190,187,186,185,183,184,189,184,188,192,195,201,196,190,165,130,93,55,26,22,31,40,41,36,24,13,10,11,13,11,11,11,11,11,10,10,10,12,11,11,12,12,11,11,12,11,11,11,11,11,11,11,11,11,10,10,9,9,10,10,11,11,11,10,10,10,9,9,9,9,9,8,8,8,8,7,7,9,8,8,8,7,7,6,6,8,8,8,8,7,7,7,8,7,7,7,7,6,6,6,6,6,6,6,6,6,6,6,6,6,6,6,6,6,6,5,5,5,5,5,5,5,5,5,5,5,5,5,5,5,5,5,5,5,5,5,5,5,5,5,5,5,5,5,5,5,5,5,5,4,4,4,4,4,4,4,4,4,4,4,4,4,4,4,4,4,4,4,4,4,4,4,4,4,4,4,4,4,4,4,4,4,4,4,4,4,4,4,4,4,4,4,4,4,4,4,4,4,4,4,4,4,4,4,4,4,4,4,4,4,4,4,4,4,4,4,4,4,4,4,4,4,4,4,4,4,4,4,4,4,4,4,4,4,4,4,4,4,4,4,4,4,4,4,4,4,4,3,3,2,2,2,2,1,13,28,30,18,5,1,4,4,1,6,1,8,11,37,123,167,182,183,184,182,193,196,194,191,191,195,202,204,200,197,198,188,182,175,176,185,193,197,201,200,203,202,202,205,202,195,190,186,190,194,196,197,194,184,174,166,173,174,172,171,167,166,174,157,161,163,166,178,193,201,200,195,194,187,189,199,199,195,199,187,182,172,164,169,185,195,197,204,202,201,201,199,192,193,202,207,207,205,199,195,196,202,208,198,191,189,194,193,182,173,170,181,191,196,196,195,190,179,171,175,174,175,188,199,205,212,215,211,210,209,206,201,198,202,209,211,218,218,209,196,185,173,165,178,192,200,208,216,202,180,173,154,149,150,162,181,194,195,191,185,189,191,189,184,181,179,178,173,176,180,186,198,211,218,219,215,205,189,177,179,193,209,219,221,224,225,222,217,209,198,188
198,191,178,183,197,194,197,216,217,217,217,216,216,217,217,217,217,217,217,217,217,216,215,215,214,214,214,214,214,214,214,215,214,214,214,214,214,214,214,214,215,215,215,214,214,213,212,212,205,208,206,201,199,197,195,195,194,192,193,191,189,195,198,193,190,188,184,180,180,183,187,190,197,205,202,202,199,194,191,180,152,117,70,36,25,27,33,37,34,29,21,14,12,12,12,11,11,11,11,11,11,11,11,11,11,10,10,11,12,11,11,12,12,12,12,11,11,11,11,11,11,10,10,9,9,10,10,11,10,10,10,10,9,9,9,9,8,8,8,8,8,8,7,7,9,9,8,8,8,7,7,7,8,8,8,8,7,7,7,8,7,7,7,7,6,6,6,6,6,6,6,6,6,6,6,6,6,6,6,6,6,6,5,5,5,5,5,5,5,5,5,5,6,5,5,5,5,5,5,5,5,5,5,5,5,5,5,5,5,5,5,5,5,5,5,5,4,4,4,4,4,4,4,4,4,4,4,4,4,4,4,4,4,4,4,4,4,4,4,4,4,4,4,4,4,4,4,4,4,4,4,4,4,4,4,4,4,4,4,4,4,4,4,4,4,4,4,4,4,4,4,4,4,4,4,4,4,4,4,4,4,4,4,4,4,4,4,4,4,4,4,4,4,4,4,4,4,4,4,4,4,4,4,4,4,4,4,4,4,4,4,4,4,4,3,3,2,2,2,3,2,4,10,13,11,5,2,2,1,0,4,2,8,5,13,64,147,172,180,190,188,200,210,200,193,190,191,197,200,198,197,197,199,197,192,191,197,202,204,206,206,208,206,205,205,200,192,187,189,193,196,196,195,188,174,161,153,156,156,163,176,181,179,179,181,180,177,177,185,196,201,200,192,185,184,189,195,199,200,197,186,180,171,165,167,176,185,191,198,202,204,204,204,199,193,193,197,203,205,200,194,194,198,202,207,201,193,186,181,175,171,169,164,180,194,199,197,188,175,167,164,171,179,187,194,200,204,204,199,191,183,179,178,179,184,191,208,214,219,215,204,192,180,172,166,181,198,208,213,208,193,178,174,175,179,188,198,207,211,213,210,210,209,210,211,209,201,193,184,180,177,181,190,203,214,220,213,205,191,180,181,188,198,207,218,221,222,219,217,214,205,195
196,189,176,188,198,193,202,217,217,217,217,216,216,217,217,217,217,217,217,217,216,215,215,214,214,214,214,214,214,214,214,214,214,214,214,214,215,215,215,215,214,214,214,214,214,213,212,212,205,201,195,191,186,179,178,183,187,182,181,182,180,181,186,189,185,181,179,182,185,188,194,200,205,208,204,205,204,191,163,132,95,67,34,19,24,34,36,33,25,18,11,10,12,13,12,11,10,11,11,11,12,12,12,13,11,10,11,12,12,12,12,13,13,13,12,12,11,11,11,10,11,10,10,9,9,10,10,11,10,10,10,9,9,9,9,9,8,8,8,8,8,8,8,8,9,9,9,9,8,8,8,8,8,8,8,8,7,7,7,8,7,7,7,7,6,6,6,6,6,6,6,6,6,6,6,6,6,6,6,6,6,6,5,5,5,5,5,5,5,5,5,5,6,6,6,5,5,5,5,5,5,5,5,5,5,5,5,5,4,4,4,4,4,4,4,4,4,4,4,4,4,4,4,4,4,4,4,4,4,4,4,4,4,4,4,4,4,4,4,4,4,4,4,4,4,4,4,4,4,4,4,4,4,4,4,4,4,4,4,4,4,4,4,4,3,3,3,3,3,3,3,3,4,4,4,4,4,4,4,4,4,4,4,4,4,4,4,4,4,4,4,4,4,4,4,4,4,4,4,4,4,4,4,4,4,4,4,4,4,4,4,4,4,4,3,3,3,3,3,3,3,1,1,2,5,6,4,3,3,2,3,2,4,4,9,30,118,167,183,188,186,195,210,205,194,189,186,191,197,201,201,201,205,208,206,204,205,205,203,204,201,204,203,202,203,202,197,195,192,194,196,197,197,190,174,160,155,162,168,174,185,191,191,191,185,181,178,179,188,197,201,201,195,183,182,185,185,193,199,194,194,187,180,176,172,172,179,189,193,202,206,206,208,206,196,188,192,199,204,201,194,190,192,194,205,206,200,185,171,164,156,148,154,163,178,193,198,191,182,178,166,171,172,172,177,185,186,183,176,169,163,160,159,163,177,191,204,211,217,216,206,191,176,165,167,171,189,204,208,214,214,204,205,207,210,213,215,218,222,225,227,223,220,221,222,218,206,194,185,175,171,175,182,193,206,214,220,217,205,193,187,183,188,201,209,217,223,223,223,220,208,194
194,186,175,190,197,192,207,217,217,217,216,216,216,216,217,217,217,217,217,216,216,215,214,213,213,213,214,214,215,215,215,215,214,214,214,214,214,215,215,215,214,214,214,214,213,213,212,212,207,198,181,168,165,165,166,168,182,182,180,173,171,175,180,181,179,176,178,186,190,192,196,203,208,210,205,195,181,154,111,74,40,34,33,39,38,28,19,17,16,13,12,14,13,11,11,12,11,11,12,12,12,12,13,13,12,11,12,14,14,13,13,14,14,13,13,12,12,11,11,10,11,10,10,10,10,10,10,11,10,10,9,9,9,9,9,9,8,8,8,8,8,8,8,8,9,9,9,9,9,9,9,9,8,8,8,8,7,7,7,8,7,7,7,7,6,6,6,6,6,6,6,6,6,6,6,6,6,6,6,6,6,6,5,5,5,5,5,5,5,5,5,5,6,6,6,5,5,5,5,5,5,5,5,5,5,5,5,5,4,4,4,4,4,4,4,4,4,4,4,4,4,4,4,4,4,4,4,4,4,4,4,4,4,4,4,4,4,4,4,4,4,4,4,4,4,4,4,4,4,4,4,4,4,4,4,4,4,4,4,4,4,4,4,4,3,3,3,3,3,3,3,3,4,4,4,4,4,4,4,4,4,4,4,4,4,4,4,4,4,4,4,4,4,4,4,4,4,4,4,4,4,4,4,4,4,4,4,4,4,4,4,4,4,4,4,3,3,3,3,3,2,2,2,3,4,4,4,4,4,4,3,3,2,6,23,36,66,131,169,178,183,188,196,209,197,191,186,189,196,203,205,205,204,206,206,205,200,191,187,190,195,200,201,199,199,198,198,199,197,196,196,198,201,197,186,175,169,178,185,184,183,185,185,185,185,180,177,181,189,195,198,198,199,189,182,179,178,186,196,197,205,199,194,187,178,172,176,184,189,198,202,202,205,206,200,194,192,196,201,203,198,191,190,192,202,210,210,197,180,167,154,142,160,154,160,179,191,189,182,177,172,167,160,149,148,155,158,159,157,155,154,154,152,155,168,182,197,206,214,216,214,206,192,178,176,167,175,193,203,210,219,222,221,221,220,220,221,222,221,221,221,221,221,222,222,220,213,206,195,184,179,180,182,190,199,201,209,210,204,194,182,169,171,187,193,204,213,214,214,210,198,184
192,182,175,192,195,193,212,217,217,217,216,216,216,216,217,217,217,217,216,216,215,214,214,213,212,213,214,214,215,215,215,215,214,214,214,214,214,214,214,214,214,214,214,213,213,212,212,212,203,202,182,154,146,156,164,166,175,187,184,168,167,181,186,178,184,181,181,186,189,190,195,202,203,201,193,174,149,112,62,24,22,27,37,42,33,17,10,12,13,12,13,15,14,12,11,13,13,13,12,12,12,12,12,12,12,12,12,14,15,14,14,15,14,14,13,13,12,11,11,10,11,10,10,10,10,10,10,11,9,9,9,9,9,9,9,9,8,8,8,8,8,8,8,8,9,9,9,9,9,9,9,9,8,8,8,8,7,7,7,8,7,7,7,7,6,6,6,6,6,6,6,6,6,6,6,6,6,6,6,6,6,6,5,5,5,5,5,5,5,5,5,5,6,6,5,5,5,5,5,5,5,5,5,5,5,5,5,5,4,4,4,4,4,4,4,4,4,4,4,4,4,4,4,4,4,4,4,4,4,4,4,4,4,4,4,4,4,4,4,4,3,3,3,3,3,3,3,3,3,3,3,3,3,3,3,3,3,3,3,3,3,3,3,3,4,4,4,4,4,4,4,4,4,4,4,4,4,4,4,4,4,4,4,4,4,4,4,4,4,4,4,4,4,4,4,4,4,4,4,4,4,4,4,4,4,4,4,4,4,4,4,4,4,4,4,4,4,4,3,3,0,3,5,4,2,1,2,3,1,2,3,6,2,5,28,45,36,72,139,177,191,191,186,202,202,197,191,190,195,200,202,201,202,201,199,197,187,170,163,169,181,191,198,199,199,198,199,203,204,199,194,194,198,200,197,192,186,186,183,177,175,177,176,172,178,174,172,176,184,191,196,199,197,195,185,177,180,185,194,205,206,204,200,189,177,170,170,173,182,190,195,198,202,204,203,204,193,190,194,203,201,191,186,189,192,202,209,204,193,180,168,159,153,147,150,165,181,191,187,175,156,143,132,120,118,128,138,153,149,151,157,166,172,176,181,186,200,209,215,216,220,221,210,193,184,175,174,188,202,209,214,222,219,218,218,218,220,221,220,219,219,220,219,219,219,218,216,213,196,187,184,184,186,196,202,196,193,191,188,186,178,165,161,170,178,188,194,194,194,195,189,181
190,178,179,194,193,196,215,217,217,216,216,216,216,216,216,217,216,216,216,216,215,214,214,213,212,213,214,214,215,215,215,215,214,214,214,214,213,213,213,213,213,213,213,213,212,212,211,211,205,202,189,170,154,150,162,180,171,177,177,176,179,182,184,187,193,192,193,195,197,198,200,202,199,186,163,126,91,63,34,18,34,35,32,25,18,15,14,13,14,11,10,11,14,14,14,13,14,13,13,13,12,11,11,11,12,11,12,14,14,13,13,14,14,14,13,12,12,11,11,10,11,10,10,10,10,10,10,11,9,9,9,9,9,9,9,9,9,9,9,9,9,9,8,8,9,9,9,9,9,9,9,9,8,8,8,8,7,7,7,8,7,7,7,7,6,6,6,6,6,6,6,6,6,6,6,6,6,6,6,6,6,6,5,5,5,5,5,5,5,5,5,5,5,5,5,5,5,5,5,5,5,5,5,5,5,5,5,5,4,4,4,4,4,4,4,4,4,4,4,4,4,4,4,4,4,4,4,4,4,4,4,4,4,4,4,4,4,4,4,4,3,3,3,3,3,3,3,3,3,3,3,3,3,3,3,3,3,3,3,3,3,3,3,3,4,4,4,4,4,4,4,4,4,4,4,4,4,4,4,4,4,4,4,4,4,4,4,4,4,4,4,4,4,4,4,4,4,4,4,4,4,4,4,4,4,4,4,4,4,4,4,4,4,4,4,4,4,4,4,4,2,3,2,1,1,3,3,3,3,1,1,5,3,5,31,57,48,29,105,172,190,191,184,191,201,200,197,194,194,198,199,198,202,198,194,190,176,156,147,153,169,183,194,200,202,201,202,205,204,198,190,187,190,196,200,202,199,191,182,173,167,170,173,170,171,169,168,170,176,184,193,200,196,202,194,184,185,186,191,203,202,204,201,191,180,172,168,165,174,182,191,197,203,204,206,210,195,187,187,195,194,180,171,170,177,189,202,206,202,193,180,171,150,149,151,155,168,192,200,188,159,130,109,95,97,112,124,143,156,167,183,197,204,208,211,213,213,218,219,216,219,222,213,198,189,183,176,178,192,205,212,217,215,217,218,218,217,216,217,219,221,218,213,210,210,209,206,202,187,178,180,189,197,208,207,190,180,169,164,170,171,162,153,148,154,163,173,179,184,188,187,183
188,175,184,197,192,201,218,216,217,216,216,216,216,216,216,217,216,216,216,216,215,215,214,214,213,213,214,214,214,213,213,212,213,213,213,213,213,213,213,213,213,213,213,212,212,211,210,210,210,204,197,192,178,161,162,177,170,168,172,187,193,184,182,195,195,197,199,200,203,205,199,192,183,157,116,62,25,18,25,42,34,28,19,12,11,14,14,11,13,12,10,11,14,16,15,12,14,13,13,12,12,11,11,11,12,12,12,14,14,13,13,13,14,13,13,12,12,11,11,10,10,11,11,11,11,11,11,10,10,10,10,10,10,10,10,10,10,10,9,9,9,9,9,9,9,9,8,8,8,8,8,8,8,8,8,8,7,7,7,8,7,7,7,7,6,6,6,6,6,6,6,6,6,6,6,6,6,6,6,6,6,6,5,5,5,5,5,5,5,5,5,5,5,5,5,5,4,4,4,4,4,4,4,4,4,4,4,4,4,4,4,4,4,4,4,4,4,4,4,4,4,4,4,4,4,4,4,4,4,4,4,4,4,4,4,4,4,4,4,4,3,3,3,3,3,3,3,3,3,3,3,3,3,3,3,3,3,3,3,3,3,3,3,3,3,3,3,3,3,3,3,3,4,4,4,4,4,4,4,4,4,4,4,4,4,4,4,4,4,4,4,4,4,4,4,4,4,4,4,4,4,4,4,4,4,4,4,4,4,4,4,4,4,4,4,4,4,4,4,4,4,4,2,1,2,4,4,2,5,4,2,2,5,9,37,78,71,38,98,162,186,190,189,193,199,203,204,200,197,198,199,198,199,198,194,187,176,160,152,154,174,184,193,197,200,200,198,199,202,196,187,182,183,190,198,203,200,193,187,177,165,163,169,170,176,177,177,175,176,181,189,195,201,204,201,193,186,184,187,192,200,202,202,197,189,181,172,165,164,175,186,194,201,204,205,208,199,190,183,183,179,168,158,154,170,184,200,209,211,206,192,180,169,158,151,150,157,178,195,195,187,156,132,112,109,118,124,140,175,192,209,216,216,216,218,218,218,219,219,218,220,222,218,212,196,183,174,170,173,189,203,205,211,212,213,212,209,207,207,208,207,205,202,198,197,197,194,190,182,165,166,183,199,213,208,186,163,142,136,144,150,150,143,132,131,140,153,168,181,190,192,190
187,173,188,199,193,205,219,215,216,216,216,216,216,216,216,216,216,216,216,216,216,215,214,214,213,214,214,214,213,212,211,210,212,212,212,213,213,213,213,213,213,213,213,212,211,210,210,209,211,212,206,198,194,186,169,156,166,173,180,190,197,193,187,191,194,196,194,191,194,197,189,176,147,104,58,24,21,32,34,38,24,17,12,15,17,15,14,16,11,14,16,15,15,16,15,12,13,13,13,12,12,11,11,11,13,13,13,15,15,14,13,14,13,13,13,12,11,11,11,10,10,11,11,11,11,11,11,10,10,10,10,10,10,10,10,10,10,10,10,10,9,9,9,9,8,8,8,8,8,8,8,8,8,8,8,8,7,7,7,8,7,7,7,7,6,6,6,6,6,6,6,6,6,6,6,6,6,6,6,6,6,6,5,5,5,5,5,5,5,5,5,5,5,5,5,4,4,4,4,4,4,4,4,4,4,4,4,4,4,4,4,4,4,4,4,4,4,4,4,4,4,4,4,4,4,4,4,4,4,4,4,4,4,4,4,4,4,4,4,4,3,3,3,3,3,3,3,3,3,3,3,3,3,3,3,3,3,3,3,3,3,3,3,3,3,3,3,3,3,3,3,3,4,4,4,4,4,4,4,4,4,4,4,4,4,4,4,4,4,4,4,4,4,4,4,4,4,4,4,4,4,4,4,4,4,4,4,4,4,4,4,4,4,4,4,5,5,4,4,4,2,4,4,2,1,2,2,1,1,5,5,2,5,11,39,90,103,92,131,171,197,195,191,198,203,210,213,208,201,198,197,196,196,200,197,189,181,172,165,164,174,181,186,191,198,201,202,203,205,199,190,183,181,185,193,199,202,195,192,185,172,168,171,171,168,174,178,178,178,183,190,195,204,201,203,197,184,183,187,184,197,198,201,201,197,186,174,166,156,168,179,186,194,200,201,201,202,193,182,174,169,164,158,154,168,182,196,204,210,211,200,186,178,151,140,149,155,166,184,195,190,178,174,156,143,144,149,169,188,200,212,216,218,220,218,213,217,215,215,216,216,215,215,217,212,189,181,179,169,178,196,196,203,202,200,199,199,198,195,193,193,194,193,187,180,175,171,169,164,138,133,156,184,208,211,195,160,136,129,138,143,152,155,145,131,135,147,166,186,200,208,210
184,174,193,196,192,211,220,217,216,218,216,214,215,216,215,217,215,217,217,215,213,212,212,212,209,209,209,209,209,208,207,206,201,205,210,212,212,212,213,214,213,212,212,211,211,210,210,210,212,207,210,210,199,189,178,162,152,166,178,185,191,189,179,168,183,186,188,181,183,178,168,144,88,44,24,37,43,39,31,19,15,15,16,16,15,15,15,15,14,14,14,15,15,15,13,12,12,12,11,11,12,12,13,13,13,14,14,14,14,13,12,11,13,13,13,12,11,10,10,10,10,11,12,12,12,11,10,9,12,12,11,11,9,9,9,10,12,11,10,10,9,9,9,9,8,8,8,8,8,8,8,8,7,7,8,8,8,7,7,7,8,8,8,7,7,7,7,7,5,6,6,6,6,6,6,5,6,6,6,5,5,5,5,5,6,6,5,5,5,5,5,5,4,4,4,4,4,4,4,4,4,4,4,4,4,4,4,4,5,4,4,4,4,4,4,4,5,5,5,5,5,5,5,5,4,4,4,4,4,4,4,4,3,3,3,3,3,3,3,3,3,3,3,3,3,3,3,3,3,3,3,3,3,3,3,3,3,3,3,3,3,3,3,3,3,3,3,3,3,3,3,3,3,3,3,3,3,3,3,3,3,3,3,3,3,3,3,3,3,3,3,3,3,3,3,3,4,4,4,4,4,4,4,4,4,4,4,4,4,4,4,4,4,4,4,4,4,4,4,4,4,4,4,3,3,2,2,1,0,7,4,2,5,8,25,55,103,117,151,182,203,197,196,196,200,202,200,197,197,197,195,195,196,196,195,193,191,187,182,177,169,172,180,190,197,200,201,202,200,200,195,186,178,179,188,197,201,200,203,198,184,177,174,170,177,169,174,174,169,173,182,188,198,202,200,202,195,185,188,187,189,203,206,200,197,188,173,167,159,164,173,183,192,197,200,202,202,203,196,180,163,154,153,155,151,177,190,192,202,208,202,197,184,167,155,151,161,168,169,184,193,194,187,181,166,161,173,175,190,198,206,211,215,214,213,213,216,216,214,217,217,213,215,215,218,212,195,184,181,184,189,186,180,187,188,183,181,181,178,178,175,183,173,172,162,148,152,143,139,134,117,132,167,195,213,214,184,159,143,145,153,162,162,154,143,128,142,174,199,212,218,225
180,178,196,196,195,213,217,213,215,216,215,214,215,215,215,218,216,217,217,215,212,209,205,201,200,201,202,203,202,201,199,198,196,200,206,210,211,212,213,214,213,212,212,211,211,210,210,210,210,211,210,210,207,195,178,168,144,140,160,175,183,184,174,172,176,186,184,174,172,162,127,81,43,34,41,53,47,32,20,10,16,16,16,16,15,14,15,15,13,13,14,14,15,14,13,12,12,12,12,12,12,13,13,13,13,14,14,15,15,14,13,13,14,13,13,12,11,11,10,10,10,11,12,12,12,11,10,9,11,11,11,11,10,10,10,11,11,10,10,9,9,9,9,9,9,9,9,9,8,8,8,8,8,8,8,8,8,8,8,7,8,8,8,7,7,7,7,6,6,6,6,6,6,6,6,6,6,6,6,5,5,5,5,5,5,5,5,5,5,5,5,4,4,4,4,4,4,4,4,4,4,4,4,4,4,4,4,4,4,4,4,4,4,4,4,4,4,4,4,4,4,4,4,4,4,4,4,4,4,4,4,4,3,3,3,3,3,3,3,3,3,3,3,3,3,3,3,3,3,3,3,3,3,3,3,3,3,3,3,3,3,3,3,3,3,3,3,3,3,3,3,3,3,3,3,3,3,3,3,3,3,3,3,3,3,3,3,3,3,3,3,3,3,3,3,3,4,4,4,4,4,4,4,4,4,4,4,4,4,4,4,4,4,4,4,4,4,4,4,4,4,4,4,3,3,2,2,1,0,5,2,3,8,5,8,26,61,105,153,188,193,198,196,197,194,195,191,186,187,188,189,192,193,195,197,198,197,193,185,179,169,172,179,189,196,199,200,201,199,200,199,191,181,178,185,193,209,209,206,198,186,178,171,164,170,170,174,174,175,177,177,185,188,196,201,209,207,197,193,187,188,194,200,202,198,193,185,176,171,168,169,176,186,196,203,207,206,206,200,187,173,164,162,162,169,167,172,184,196,203,205,204,198,188,178,165,164,170,170,175,184,191,186,185,178,166,168,172,175,189,200,204,209,213,215,217,216,217,216,220,220,217,219,218,215,211,195,184,182,182,178,165,160,157,148,158,158,148,159,161,158,167,161,159,153,145,155,159,152,154,142,125,146,181,196,213,202,179,160,155,160,170,175,171,152,132,135,158,186,208,215,216
177,185,199,195,201,218,218,216,213,214,212,210,210,208,209,214,215,216,215,213,210,204,196,189,191,194,197,198,197,196,194,194,195,199,204,209,211,212,212,212,212,212,211,211,210,210,209,209,208,213,210,209,212,199,179,172,153,140,160,174,184,193,185,188,192,193,185,174,153,119,72,40,32,40,48,44,31,19,14,13,16,17,17,16,15,14,14,15,13,13,13,14,15,15,13,12,13,13,13,13,13,13,13,13,14,15,15,16,15,15,14,13,14,13,12,12,12,12,11,10,11,11,12,12,12,12,11,10,11,11,11,11,10,10,11,12,11,10,10,10,10,9,10,10,10,10,10,10,9,9,9,9,9,9,9,9,9,8,8,8,8,8,7,7,7,7,6,6,6,6,6,7,7,6,6,6,6,6,6,5,5,5,5,5,5,5,5,5,4,4,4,4,4,4,4,4,4,4,4,4,4,4,4,4,4,4,4,4,4,4,4,4,3,3,3,3,4,4,4,4,4,4,4,4,3,3,3,3,3,3,3,3,3,3,3,3,3,3,3,3,3,3,3,3,3,3,3,3,3,3,3,3,3,3,3,3,3,3,3,3,3,3,3,3,3,3,3,3,3,3,3,3,3,3,3,3,3,3,3,3,3,3,3,3,3,3,3,3,3,3,3,3,3,3,3,3,4,4,4,4,4,4,4,4,4,4,4,4,4,4,4,4,4,4,4,4,4,4,4,4,4,4,4,4,3,3,2,2,0,4,4,11,22,16,7,10,27,76,130,171,185,197,194,192,191,192,186,179,178,181,187,194,197,198,200,201,200,197,189,182,169,169,174,183,192,198,201,202,200,203,205,200,190,183,186,193,202,208,206,196,186,177,169,164,167,173,174,172,179,178,171,178,182,193,201,210,209,197,185,172,178,180,193,203,201,202,200,190,186,176,167,170,181,193,200,204,205,204,200,194,185,176,172,171,171,155,158,178,192,203,210,207,206,193,185,175,164,160,160,165,173,188,187,184,183,171,168,176,179,188,196,202,209,214,216,219,218,220,219,222,220,214,212,208,207,209,201,195,190,179,157,129,116,117,115,132,151,150,157,171,169,179,182,181,177,164,159,165,165,175,175,151,146,167,185,206,215,200,184,174,173,183,192,192,172,155,151,159,179,204,215,219
170,186,193,186,197,212,211,213,210,208,204,201,199,196,198,206,213,214,214,212,208,202,194,188,191,194,198,200,200,199,199,200,202,204,207,209,211,211,210,210,210,210,210,210,210,209,209,208,208,210,209,209,209,198,181,174,153,155,167,176,192,206,203,200,198,193,174,144,94,53,28,35,48,47,34,19,14,14,15,18,16,16,16,16,15,14,14,15,13,13,13,14,15,15,14,13,13,13,13,14,14,13,13,13,15,16,16,16,15,14,13,12,14,13,11,11,12,13,11,9,11,11,12,12,12,12,11,11,11,12,12,11,10,10,11,12,11,11,11,11,11,10,10,10,11,11,10,10,10,9,9,9,9,9,9,9,9,8,8,8,8,8,7,7,7,7,6,6,6,6,7,7,7,7,6,6,6,6,6,5,5,5,5,5,5,5,5,5,4,4,4,4,4,4,4,4,4,4,4,4,4,4,4,4,4,4,4,4,4,4,3,3,3,3,3,3,3,3,3,3,3,3,3,3,3,3,3,3,3,3,3,3,3,3,3,3,3,3,3,3,3,3,3,3,3,3,3,3,3,3,3,3,3,3,3,3,3,3,3,3,3,3,3,3,3,3,3,3,3,3,3,3,3,3,3,3,3,3,3,3,3,3,3,3,3,3,3,3,3,3,3,3,3,3,3,3,4,4,4,4,4,4,4,4,4,4,4,4,4,4,4,4,4,4,4,4,4,4,4,4,4,4,4,4,4,3,3,2,1,3,5,17,31,28,15,11,17,42,89,133,174,188,194,191,194,196,191,182,177,178,187,197,199,200,199,197,197,197,194,189,180,175,173,179,190,198,203,205,204,206,208,206,197,188,185,188,191,204,208,201,194,185,177,176,168,170,171,169,174,175,168,170,179,189,198,203,201,189,173,158,164,174,191,203,204,207,206,199,188,176,166,167,177,187,194,197,201,200,201,200,196,188,181,177,162,155,158,171,184,199,207,205,207,195,188,178,165,159,159,158,152,170,179,183,184,177,176,184,193,190,191,200,211,214,214,218,216,219,217,219,214,204,196,187,181,183,178,176,174,165,148,126,102,116,128,133,165,179,162,179,171,172,171,168,174,169,158,168,177,188,197,197,174,162,182,194,211,210,205,197,194,201,209,211,195,182,173,167,175,192,204,214
162,183,186,179,193,203,199,203,203,201,196,192,190,188,192,200,211,213,215,213,209,205,201,197,199,202,205,206,206,206,207,209,210,210,210,210,210,210,209,208,209,209,209,209,209,208,208,207,210,206,208,210,202,193,184,174,161,179,177,183,202,208,204,196,186,173,136,80,30,19,19,34,36,31,17,10,16,19,15,15,14,15,15,15,15,15,15,16,14,14,14,15,16,16,15,14,13,13,13,13,14,14,13,13,15,15,15,15,15,14,13,13,14,12,11,11,12,13,11,10,11,11,11,12,12,12,11,11,13,13,13,12,11,10,11,11,11,11,11,11,11,11,10,10,11,11,10,10,10,9,9,9,9,9,9,9,8,8,7,7,8,7,7,7,7,6,6,6,6,6,7,7,7,7,6,6,6,6,6,5,5,5,5,5,5,5,5,5,5,5,4,4,4,4,4,4,4,4,4,4,4,4,4,4,4,4,4,4,3,3,3,3,3,3,3,3,3,3,3,3,3,3,3,3,3,3,3,3,3,3,3,3,3,3,3,3,3,3,3,3,3,3,3,3,3,3,3,3,3,3,3,3,3,3,3,3,3,3,3,3,3,3,3,3,3,3,3,3,3,3,3,3,3,3,3,3,3,3,3,3,3,3,3,3,3,3,3,3,3,3,3,3,3,3,3,3,3,3,3,3,3,3,3,3,4,4,4,4,4,4,4,4,4,4,4,4,4,4,4,4,4,4,4,4,4,3,3,3,2,2,2,11,23,22,12,7,12,22,57,101,152,179,196,201,198,202,199,189,179,175,181,192,195,197,196,194,196,199,200,199,196,185,176,177,187,197,204,207,206,205,205,205,200,192,185,182,187,200,206,204,201,193,182,177,166,162,167,168,169,175,173,169,173,181,191,195,193,186,170,159,157,177,192,198,204,204,200,198,184,174,167,169,176,183,190,195,202,202,205,207,204,196,185,179,163,164,160,161,176,189,197,202,202,204,198,181,168,170,167,150,151,155,172,188,188,178,174,177,189,187,183,188,200,208,211,214,211,214,213,215,210,197,183,170,159,159,156,159,159,151,143,133,99,111,131,133,157,177,160,159,167,164,162,160,172,175,165,178,185,198,208,218,201,170,169,179,197,211,218,214,209,212,218,220,216,202,188,176,174,180,188,200
150,175,179,178,193,196,188,193,195,195,191,187,188,191,196,203,211,214,215,214,212,210,209,208,208,209,210,210,210,210,211,212,212,211,210,209,209,209,209,209,208,208,209,209,208,208,207,207,210,204,208,209,195,185,180,171,180,192,178,186,204,202,199,188,166,122,73,31,17,32,28,23,16,16,12,13,19,18,14,16,14,15,15,15,15,15,16,16,16,16,16,16,16,16,15,15,13,13,13,13,13,14,14,15,14,14,15,15,15,15,15,15,13,12,11,12,12,13,12,11,12,12,12,12,12,12,12,12,13,13,13,12,11,11,11,11,11,11,11,11,10,10,10,10,11,11,10,10,10,9,9,9,8,8,8,8,8,7,7,7,7,7,7,7,7,6,6,6,6,6,6,7,7,6,6,6,6,6,6,5,5,5,5,5,5,5,5,5,5,5,4,4,4,4,4,4,4,4,4,4,4,4,4,4,4,4,4,4,4,3,3,3,3,3,3,3,3,3,3,3,3,3,3,3,3,3,3,3,3,3,3,3,3,3,3,3,3,3,3,3,3,3,3,3,3,3,3,3,3,3,3,3,3,3,3,3,3,3,3,3,3,3,3,3,3,3,3,3,3,3,3,3,3,3,3,3,3,3,3,3,3,3,3,3,3,3,3,3,3,3,3,3,3,3,3,3,3,3,3,3,3,3,3,3,4,4,4,4,4,4,4,4,4,4,4,4,4,4,4,4,4,4,4,4,4,4,3,3,3,2,0,3,9,10,6,4,7,17,34,76,123,172,194,203,198,203,201,193,182,173,174,182,194,198,201,199,200,203,204,203,198,187,176,173,180,190,199,205,204,203,203,206,207,202,193,186,189,194,198,201,203,195,181,172,167,160,169,174,173,179,179,173,172,175,186,189,189,184,169,161,157,175,185,190,200,201,197,199,192,184,176,174,175,178,186,194,201,205,208,208,205,197,186,178,168,169,163,165,178,184,188,200,202,208,203,192,180,174,169,155,168,155,167,188,190,180,173,177,178,185,182,176,184,199,207,209,212,214,213,215,212,197,180,162,158,158,155,160,157,145,136,128,104,102,116,141,154,170,181,163,157,158,163,163,170,169,159,166,181,201,212,210,212,184,148,157,182,203,217,213,207,205,208,213,222,214,204,187,175,171,176,194
143,167,173,178,192,186,175,181,188,191,190,188,192,200,205,210,212,214,214,213,213,213,213,212,211,211,211,210,210,210,210,210,209,209,209,209,208,208,209,209,208,208,209,209,209,208,207,207,208,208,208,203,188,173,165,163,176,173,165,178,194,196,185,162,115,55,26,21,32,38,25,14,13,15,14,13,14,14,14,18,15,16,16,16,16,15,16,17,17,17,16,16,16,16,15,14,14,13,13,13,13,14,16,16,16,16,16,16,16,16,15,15,13,13,13,13,13,13,13,12,14,13,13,12,12,12,12,13,13,13,13,12,11,11,12,12,12,12,12,12,11,11,10,10,11,11,10,10,10,10,10,10,9,9,9,8,8,7,7,6,7,7,7,7,6,6,6,6,6,6,6,6,6,6,6,6,6,6,6,5,5,5,5,5,5,5,5,4,4,4,4,4,4,4,4,4,4,4,4,4,4,4,4,4,4,4,4,4,4,4,4,3,3,3,3,3,3,3,3,3,3,3,3,3,3,3,3,3,3,3,3,3,3,3,3,3,3,3,3,3,3,3,3,3,3,3,3,3,3,3,3,3,3,3,3,3,3,3,3,3,3,3,3,3,3,3,3,3,3,3,3,3,3,3,3,3,3,3,3,3,3,3,3,3,3,3,3,3,3,3,3,3,3,3,3,3,3,3,3,3,3,3,3,3,4,4,4,4,4,4,4,4,4,4,4,4,4,4,4,4,4,4,4,4,4,4,4,3,2,3,2,2,3,5,5,5,6,12,20,48,89,144,177,193,199,202,202,197,190,180,175,178,191,199,203,202,201,202,203,201,195,188,179,174,176,183,193,202,204,204,205,207,211,209,199,187,184,185,191,200,203,200,192,184,177,172,175,177,178,179,174,173,169,168,177,183,188,187,175,170,166,166,170,180,192,199,201,203,204,195,185,179,173,171,178,187,196,202,206,205,202,199,191,182,176,178,180,183,184,184,189,197,208,210,204,201,185,163,158,159,156,152,161,171,180,183,181,189,176,181,178,173,178,190,199,204,213,215,213,217,217,205,187,167,159,157,152,155,154,144,135,124,107,94,97,132,150,159,173,160,154,155,156,155,158,160,158,162,169,187,198,193,198,184,146,135,157,183,200,199,193,191,195,204,214,216,214,198,182,172,173,189
154,176,180,185,196,185,172,177,185,190,191,190,197,207,212,214,213,213,213,212,213,214,213,210,209,209,209,209,209,209,209,208,207,208,209,209,208,208,208,209,208,208,209,209,209,208,207,207,206,211,207,196,183,162,150,154,169,158,164,178,187,189,161,117,57,16,23,36,37,25,15,15,15,15,14,14,15,15,14,13,17,17,17,17,16,16,16,16,18,17,17,16,16,16,15,14,14,14,13,13,13,15,17,18,20,20,19,18,17,15,14,14,13,14,14,14,13,13,13,14,15,14,14,13,13,13,13,13,12,13,13,12,12,12,12,13,13,13,13,13,13,12,12,11,11,11,11,11,10,10,10,10,9,9,9,9,8,7,7,6,7,7,7,7,6,6,6,6,5,6,6,6,6,6,6,5,6,6,6,5,5,5,5,5,4,4,4,4,4,4,4,4,4,4,4,4,4,4,4,4,4,4,4,4,4,4,4,4,4,4,4,4,3,3,3,3,3,3,3,3,3,3,3,3,3,3,3,3,3,3,3,3,3,3,3,3,3,3,3,3,3,3,3,3,3,3,3,3,3,3,3,3,3,3,3,3,3,3,3,3,3,3,3,3,3,3,3,3,3,3,3,3,3,3,3,3,3,3,3,3,3,3,3,3,3,3,3,3,3,3,3,3,3,3,3,3,3,3,3,3,3,3,3,3,4,4,4,4,4,4,4,4,4,4,4,4,4,4,4,4,4,4,4,5,4,4,4,4,1,3,3,2,1,2,4,5,5,6,15,26,63,107,157,184,201,203,203,202,198,189,182,181,183,193,199,198,197,199,200,199,202,198,190,183,178,180,190,199,206,207,207,206,208,205,192,178,168,169,182,195,197,198,201,199,188,185,179,175,178,171,161,166,162,157,167,177,190,196,188,188,178,160,160,175,186,195,203,204,205,196,186,178,170,165,171,180,189,198,203,202,201,202,198,191,190,193,201,197,183,182,193,196,204,212,203,190,169,144,141,145,132,153,163,154,163,177,174,179,178,172,167,172,179,184,191,201,210,211,210,217,221,213,197,178,155,157,157,163,163,151,131,109,108,95,93,119,152,158,152,156,157,155,151,148,150,153,154,154,160,170,175,180,174,169,159,125,132,160,181,186,185,186,193,206,214,218,218,207,198,189,180,186
169,181,181,200,206,197,184,181,188,190,189,187,191,200,209,213,213,212,212,211,211,211,212,212,210,209,209,209,209,209,208,208,208,208,208,207,207,207,208,208,210,208,207,208,208,206,206,207,210,205,204,192,169,146,116,138,163,144,164,184,168,152,114,46,17,30,39,32,20,14,14,15,15,16,17,17,16,16,17,17,16,17,17,17,16,15,16,17,19,16,14,15,18,19,18,16,15,15,14,14,14,16,17,19,21,19,17,16,15,15,14,13,11,13,14,15,14,13,13,13,13,12,11,13,13,12,12,14,13,13,13,13,14,14,15,15,15,13,14,14,12,12,13,11,12,12,11,11,10,10,9,9,9,8,8,7,7,7,7,7,6,6,6,7,7,7,6,6,7,6,5,5,5,6,6,6,5,6,6,5,5,5,5,6,3,6,6,5,5,6,5,3,6,5,4,6,6,3,2,4,7,3,2,4,3,3,5,4,3,1,4,2,6,1,2,5,2,2,4,5,3,3,4,3,5,2,4,5,3,2,4,4,2,3,2,5,5,2,2,1,6,3,2,2,3,3,3,4,3,2,3,4,3,2,3,6,2,2,3,3,4,3,3,3,3,3,3,3,3,3,3,3,3,3,3,3,3,3,3,3,3,3,3,3,3,3,3,3,3,3,3,3,3,3,3,3,3,3,3,3,3,3,3,3,3,3,3,3,3,3,3,3,3,3,4,4,4,4,3,3,3,3,4,4,4,4,4,4,3,3,2,2,3,3,4,5,5,5,10,15,37,82,133,172,195,199,203,200,198,193,182,180,178,190,192,190,186,182,190,201,203,203,195,188,178,174,183,189,201,202,204,204,200,193,183,172,158,168,173,189,200,203,209,203,195,179,176,170,166,169,166,165,168,169,168,172,185,194,194,191,170,161,157,165,180,193,200,203,199,202,188,176,177,171,167,177,183,190,203,205,198,205,209,198,189,188,197,186,185,175,172,192,201,202,210,185,149,131,126,141,147,147,162,163,169,169,187,175,176,173,169,165,165,172,185,195,197,205,205,211,218,216,204,180,171,157,157,155,158,162,142,120,101,106,108,103,140,163,143,158,162,156,155,147,135,143,157,155,171,162,165,169,155,149,149,130,111,133,159,172,181,190,195,204,209,215,220,219,210,197,185,178
181,187,186,205,210,202,191,188,192,194,195,193,195,202,208,211,213,213,212,211,211,211,210,210,210,209,208,208,209,209,208,208,208,208,208,207,207,207,207,208,207,206,207,208,207,205,204,205,205,205,199,189,166,145,131,148,159,158,178,175,154,105,38,21,28,32,31,24,17,15,16,17,16,17,18,18,17,17,18,18,16,17,17,17,16,16,16,17,16,16,15,15,16,16,17,17,15,15,14,14,14,15,16,17,20,18,16,15,15,15,14,13,12,13,14,14,13,13,13,14,13,12,12,13,13,13,13,15,15,15,15,14,14,14,14,14,15,13,14,14,12,12,13,11,12,11,11,11,10,9,9,9,9,8,8,8,7,7,8,8,8,7,7,7,7,7,7,7,4,5,6,8,8,7,5,4,6,6,6,6,6,5,4,3,6,7,6,5,5,6,5,4,3,2,2,3,4,4,5,7,5,6,10,11,9,10,11,9,14,12,16,11,11,10,13,5,8,6,7,7,5,5,6,4,3,2,3,3,2,2,3,2,2,4,3,3,2,2,5,5,3,3,3,4,3,2,2,3,3,2,2,3,2,1,1,3,5,4,4,4,3,3,2,2,3,3,3,3,3,3,3,3,3,3,3,3,3,3,3,3,3,3,3,3,3,3,3,3,3,3,3,3,3,3,3,3,3,3,3,3,3,3,3,3,3,3,3,3,3,3,3,3,3,4,4,4,4,4,4,3,3,3,4,4,4,4,4,4,3,3,3,2,3,3,4,5,1,3,10,13,24,54,102,152,182,198,204,200,198,195,184,170,160,154,159,160,148,149,167,183,201,208,201,189,175,166,176,188,193,196,201,203,199,192,180,166,159,162,177,186,196,204,198,199,193,182,180,175,175,180,179,182,180,180,176,172,176,186,191,191,186,176,167,169,175,182,188,193,198,203,200,192,188,186,179,173,184,190,200,205,204,203,202,203,189,194,184,166,174,159,140,167,182,200,212,181,155,135,99,97,121,130,147,158,154,156,172,177,173,171,170,172,173,174,180,187,191,194,198,205,212,211,200,188,165,156,156,159,166,172,163,149,134,141,147,133,140,149,138,148,152,149,151,148,142,150,161,162,178,168,150,151,160,149,138,137,128,132,145,157,170,178,180,189,202,209,216,219,216,210,201,195
191,189,190,209,212,207,201,196,201,204,205,204,204,208,211,211,213,213,212,212,211,210,209,209,209,208,208,208,209,209,208,208,208,208,207,207,207,207,207,207,205,205,206,207,205,204,203,204,205,204,191,183,165,155,159,167,160,174,175,162,109,41,20,26,33,28,21,16,15,16,17,18,16,17,17,18,17,17,18,18,16,17,17,17,17,16,17,17,15,17,18,18,16,15,17,19,17,17,17,17,17,18,19,19,18,17,16,15,14,14,14,13,14,14,14,13,13,13,13,14,14,13,13,14,14,14,14,15,15,15,16,16,15,15,14,14,16,14,15,15,12,12,13,11,12,11,11,10,10,9,9,9,9,9,8,8,8,8,8,8,6,5,5,5,5,6,7,8,9,7,6,4,4,5,7,9,5,5,5,5,6,7,7,7,4,3,4,6,8,9,11,13,19,20,23,25,29,35,39,40,41,45,49,49,48,52,56,54,52,46,52,52,50,51,55,45,47,42,39,35,30,26,24,20,19,18,18,15,12,11,9,3,3,4,4,3,2,2,3,4,3,3,5,5,4,2,2,4,3,3,3,4,4,3,3,5,3,3,2,2,2,3,3,3,3,3,3,3,3,3,3,3,3,3,3,3,3,3,3,3,3,3,3,3,3,3,3,3,3,3,3,3,3,3,3,3,3,3,3,3,3,3,3,3,3,3,3,3,3,3,3,3,4,4,4,4,4,4,4,4,3,3,4,4,4,4,4,4,4,3,3,3,3,3,4,4,4,2,4,8,16,30,67,121,170,196,198,188,183,180,165,136,89,72,78,76,54,49,95,165,183,197,197,192,186,176,175,179,188,194,202,205,202,198,186,171,163,160,168,172,183,196,197,204,201,196,192,186,184,185,183,188,182,180,175,167,164,174,187,190,188,181,176,177,177,179,185,193,202,204,208,206,197,191,181,167,172,182,190,198,205,202,199,204,202,176,175,161,129,132,144,148,168,180,205,199,170,142,110,90,107,124,138,159,150,148,151,162,174,169,168,171,174,174,178,183,177,183,191,188,199,213,200,184,175,172,168,169,170,174,181,180,171,176,188,182,163,149,137,136,149,151,152,150,147,149,154,157,168,173,151,140,149,145,140,146,141,142,150,160,175,185,188,194,201,209,216,218,219,216,207,198
192,185,193,211,213,210,209,206,210,212,213,212,212,213,213,213,213,213,213,212,211,210,209,208,209,208,208,208,209,209,209,208,208,208,208,207,207,207,207,207,205,206,206,205,204,203,204,205,205,198,186,178,170,171,177,174,161,164,161,103,38,21,30,43,27,21,15,15,17,17,17,17,15,16,16,16,16,16,16,16,16,16,17,17,17,17,16,17,16,18,19,18,16,16,18,20,17,18,18,19,20,20,21,21,17,16,16,15,14,14,14,14,15,14,14,13,13,13,14,15,14,14,14,15,15,15,15,16,14,15,16,17,17,16,16,15,17,15,15,15,12,12,13,11,12,12,11,10,10,9,9,9,9,9,9,8,7,7,7,6,8,8,8,8,6,6,6,6,4,6,8,9,8,7,6,6,7,7,7,7,7,9,13,15,27,27,31,38,43,47,52,57,66,70,73,76,81,89,93,93,97,97,98,97,96,101,106,107,105,98,100,104,100,92,92,93,89,85,84,84,80,77,75,72,61,59,57,50,44,42,36,27,14,6,3,2,3,4,2,4,5,4,3,3,3,3,3,4,2,2,2,3,3,3,3,3,2,2,2,2,3,3,3,3,3,3,3,3,3,3,3,3,2,2,2,2,2,2,2,2,3,3,3,3,3,3,3,3,3,3,3,3,3,3,3,3,3,3,3,3,3,3,3,3,3,3,3,3,3,3,3,3,4,4,4,4,4,4,4,4,3,3,3,4,4,4,4,4,4,4,3,3,3,3,3,3,6,3,2,6,14,19,46,96,147,185,190,175,152,128,101,62,13,2,5,8,6,0,20,93,152,184,197,200,203,193,180,172,182,191,201,204,202,202,196,184,182,176,161,164,173,182,199,202,210,210,202,191,185,179,175,180,173,171,170,166,161,169,184,193,202,200,201,201,194,187,188,194,205,202,206,208,198,185,174,167,168,178,186,190,195,196,189,183,175,161,158,147,117,116,118,121,155,164,186,196,164,134,128,110,106,128,140,159,151,147,146,160,179,176,172,173,175,179,182,183,174,151,153,159,175,186,176,182,174,178,176,179,175,175,191,199,198,198,208,218,201,169,147,135,135,141,145,148,151,149,148,153,157,165,161,150,140,145,158,157,161,170,176,172,176,188,192,197,201,207,211,213,216,216,206,194
190,184,199,215,215,213,215,213,212,213,214,213,213,213,213,212,212,212,212,212,212,211,210,209,209,208,208,208,209,209,209,208,208,208,208,208,207,207,207,207,206,207,206,204,203,203,204,206,201,189,184,175,175,184,182,171,164,157,112,37,14,29,29,30,20,16,16,18,19,17,17,18,15,15,16,16,16,16,16,16,16,16,16,16,17,16,16,16,15,16,17,16,16,16,17,19,19,19,19,19,19,19,19,18,17,17,16,16,15,15,15,15,16,15,14,13,13,14,15,16,15,15,15,15,16,16,16,16,15,16,17,17,18,17,16,16,17,15,16,16,13,13,13,11,13,12,11,11,10,10,10,10,10,9,9,8,7,6,6,5,3,5,7,8,7,7,6,7,7,8,9,8,6,6,7,9,11,18,28,38,46,57,68,76,81,82,88,96,102,105,110,115,120,124,126,126,129,132,133,132,138,133,132,134,133,134,135,134,136,136,133,132,125,114,109,115,120,119,122,123,119,113,109,106,106,104,101,95,89,86,81,71,45,21,6,2,5,11,14,25,20,14,8,6,6,5,3,3,4,4,3,3,3,3,3,2,3,4,4,4,4,3,2,2,2,2,2,2,2,2,2,2,2,2,2,2,2,2,2,2,3,3,3,3,3,3,3,3,3,3,3,3,3,3,3,3,3,3,3,3,3,3,3,3,3,3,3,3,3,3,3,3,3,4,4,4,4,4,4,3,3,3,3,3,3,4,4,4,4,4,4,3,3,3,3,3,3,5,7,6,9,12,34,75,109,139,130,92,45,15,10,0,0,3,8,7,19,18,8,31,104,159,193,200,200,189,176,168,174,183,195,199,200,203,202,195,181,170,152,156,171,186,207,211,208,210,199,188,180,173,172,177,176,174,176,178,175,174,184,196,209,211,215,214,204,192,187,188,196,199,201,202,200,189,179,179,174,173,181,187,185,186,180,165,160,158,136,120,111,103,84,89,110,140,174,186,170,141,119,112,124,147,156,158,149,141,148,163,174,175,175,175,179,184,186,183,163,133,129,129,140,152,146,160,160,168,170,177,178,174,186,192,209,213,216,227,225,195,164,144,140,153,163,171,177,171,164,166,167,163,166,168,156,159,175,174,180,187,190,177,173,179,186,195,195,197,199,203,212,219,214,204
187,185,205,215,215,212,214,214,212,213,213,213,212,212,212,212,212,212,212,212,211,211,211,210,209,208,208,208,209,209,208,208,208,208,208,208,207,207,206,206,207,206,205,203,202,203,204,204,196,182,177,168,176,190,186,169,161,119,45,19,33,33,24,17,19,18,19,20,18,16,17,20,16,16,16,17,17,17,17,16,17,16,16,17,17,17,16,15,17,16,16,16,16,17,19,20,22,22,21,20,19,18,17,16,17,17,17,16,16,15,15,16,16,15,14,13,14,15,16,17,16,17,17,17,17,17,17,16,18,18,18,18,17,17,16,15,17,15,16,16,13,13,14,12,13,13,12,11,10,10,10,10,10,9,9,8,8,7,6,5,9,10,10,10,8,7,8,8,9,10,13,16,22,33,45,54,73,81,93,102,109,116,124,129,133,135,139,143,145,146,148,151,153,154,155,154,153,153,152,150,153,148,148,150,150,150,146,140,136,140,132,122,110,105,97,94,99,105,120,131,132,130,130,129,126,125,125,123,119,118,116,109,85,50,25,12,16,30,41,60,56,47,37,30,25,19,13,9,6,6,5,3,3,4,4,3,2,2,3,3,3,3,3,3,2,2,2,2,2,2,2,2,2,2,2,2,2,2,2,2,3,3,3,3,3,3,3,3,3,3,3,3,3,3,3,3,3,3,3,3,3,3,3,3,3,3,3,3,3,3,3,3,3,3,4,4,4,4,3,3,3,3,3,3,3,3,4,4,4,4,4,4,4,3,3,3,3,5,5,2,6,12,22,45,60,51,21,1,0,3,10,5,5,3,10,7,8,16,12,11,49,113,164,186,193,189,181,172,174,181,192,199,203,207,208,205,194,172,157,149,160,178,186,197,203,206,197,190,183,177,180,181,186,188,189,191,187,179,180,192,198,203,208,207,200,191,184,182,183,197,201,201,205,205,197,192,185,170,173,182,176,172,168,157,141,126,111,103,99,110,117,115,114,120,157,164,152,140,126,141,153,169,175,167,163,151,152,153,153,157,161,164,170,179,184,184,168,146,130,100,98,122,130,144,155,159,160,168,177,179,184,189,202,218,222,225,229,211,178,154,151,167,181,191,195,187,174,171,180,184,183,182,180,182,192,194,195,195,198,195,191,187,185,195,194,193,192,196,207,218,220,216
186,187,208,213,214,211,212,212,212,212,213,213,213,213,212,212,212,212,212,211,211,210,210,210,209,208,207,207,208,208,207,207,207,207,207,207,207,206,205,205,205,205,203,202,202,203,202,199,187,174,160,159,180,188,177,145,111,46,21,24,33,31,13,21,20,20,20,19,18,17,18,19,17,17,17,17,18,18,17,16,18,17,17,18,18,17,16,15,18,17,17,16,16,18,20,22,24,23,22,21,19,18,17,17,17,18,18,17,16,15,15,16,16,15,14,14,15,16,17,17,18,19,19,18,18,19,18,17,19,18,18,18,17,16,16,16,17,15,16,16,14,14,15,13,13,12,11,11,10,10,10,10,9,9,9,9,9,8,8,7,7,7,6,6,7,11,17,21,36,45,60,75,88,102,114,122,131,137,144,150,154,158,161,163,163,165,166,165,164,164,165,166,163,162,162,162,160,158,157,157,153,150,145,138,137,141,137,126,116,109,101,92,73,74,68,52,78,90,112,129,130,126,125,126,126,125,127,128,126,125,125,123,110,82,62,44,44,59,68,86,93,86,77,69,62,53,43,37,26,24,19,14,11,10,8,6,6,5,4,3,2,3,3,4,3,3,3,3,3,3,3,3,2,2,2,2,2,2,2,2,2,2,2,2,2,2,2,2,3,3,3,3,3,3,3,3,3,3,3,3,3,3,3,3,3,3,3,3,3,3,3,3,3,3,3,3,3,3,3,3,3,3,3,3,3,3,4,4,4,4,4,4,4,4,4,4,5,3,2,1,5,11,11,16,5,6,3,3,5,5,6,8,11,1,1,8,11,16,17,12,19,68,119,157,182,193,195,188,182,182,187,195,201,207,210,208,194,174,163,156,163,177,181,191,200,204,202,202,195,188,189,182,186,195,193,188,186,176,174,186,196,201,205,204,201,196,189,182,184,193,203,206,208,212,205,190,184,169,162,164,161,157,156,155,146,137,124,116,121,128,134,131,138,131,155,164,143,130,137,156,175,184,188,187,188,174,163,150,140,144,152,160,167,172,178,183,166,147,139,124,116,118,119,136,163,167,172,178,191,200,201,209,203,217,223,221,219,207,182,163,164,180,195,205,210,207,198,193,192,207,204,198,199,202,207,208,212,209,213,215,212,199,185,187,191,191,191,195,203,212,217,218
187,189,210,212,215,213,212,212,211,211,212,213,214,213,211,211,213,212,211,210,210,209,210,210,208,207,207,207,207,207,206,206,207,207,207,206,206,205,205,204,203,203,202,201,202,202,199,195,174,164,144,155,185,180,156,101,35,23,26,34,25,18,22,22,19,19,18,18,18,19,19,18,17,17,16,17,18,18,17,16,19,18,18,18,19,18,16,15,16,16,16,15,14,16,20,23,21,21,20,19,18,18,17,17,17,18,18,17,16,15,15,16,16,15,14,14,16,17,18,18,19,20,20,19,19,20,19,18,18,18,17,17,17,17,17,17,17,15,16,16,14,14,15,13,13,12,11,10,10,10,10,10,8,8,9,9,10,9,9,9,9,12,18,28,43,61,79,90,111,119,130,139,145,151,158,163,170,170,171,171,172,172,172,172,169,171,171,168,166,167,168,168,166,163,162,162,160,156,156,157,157,154,140,121,115,123,122,110,90,69,67,73,54,63,64,44,61,78,106,127,130,126,127,128,123,121,123,125,122,121,121,120,117,102,94,75,71,81,82,93,109,105,101,98,93,84,76,71,64,60,51,41,33,27,22,18,17,14,10,6,3,2,2,2,3,3,3,3,3,3,3,3,2,2,2,2,2,2,2,2,2,2,2,2,2,2,2,2,3,3,3,3,3,3,3,3,3,3,3,3,3,3,3,3,3,3,3,3,3,3,3,3,2,3,3,3,3,3,3,2,3,3,3,3,3,3,4,4,4,4,4,4,4,4,4,4,2,3,7,4,3,5,3,4,6,1,0,1,5,5,2,7,3,9,5,4,10,11,13,14,11,42,80,121,154,177,194,196,185,178,177,184,192,200,204,204,196,189,175,178,181,178,184,181,195,202,207,213,206,196,193,179,177,192,189,179,178,173,171,184,190,196,201,203,206,206,200,191,193,190,202,211,207,207,201,180,159,155,144,141,149,156,161,167,171,156,147,143,154,159,161,143,145,170,163,162,149,131,156,175,196,203,204,205,196,180,164,150,145,149,162,176,179,173,172,178,183,163,149,133,129,139,149,166,181,191,204,206,213,216,210,219,219,217,221,215,204,192,178,170,175,187,200,207,211,213,210,206,208,210,210,215,215,212,215,215,215,214,216,214,211,202,186,181,181,184,190,195,202,208,214,217
187,192,213,216,209,213,212,210,212,212,212,212,212,212,212,212,212,212,211,210,210,209,209,209,208,208,207,207,207,206,206,206,208,207,206,205,204,204,203,203,202,205,201,200,205,204,193,187,171,152,136,164,177,154,107,42,16,36,36,20,18,23,24,25,19,19,19,19,19,19,19,19,17,17,17,17,17,17,17,17,17,17,16,16,17,17,16,15,17,17,16,15,14,15,19,22,20,18,17,17,17,17,16,15,15,18,16,15,16,16,16,19,16,15,15,16,17,18,17,16,22,20,19,18,18,19,19,19,17,17,17,17,17,17,16,16,15,18,17,16,15,13,11,13,12,13,10,8,11,11,9,9,10,10,9,9,11,12,16,23,48,60,79,99,117,133,143,148,153,161,168,170,173,179,181,179,180,178,176,174,174,175,175,174,174,171,171,168,164,171,172,158,148,150,151,148,151,147,143,162,161,149,127,98,81,87,92,84,76,67,63,77,81,75,83,87,79,99,121,132,132,130,127,125,126,123,121,122,123,123,122,122,123,112,98,94,84,82,92,87,95,111,113,105,102,97,89,88,79,77,73,67,61,55,50,47,39,34,23,12,6,5,4,2,6,6,3,1,2,2,1,2,3,3,3,1,1,2,2,2,2,0,0,3,3,2,2,4,3,3,3,3,3,3,3,3,3,3,3,3,3,3,3,3,3,3,3,3,3,3,3,3,3,3,3,3,3,3,3,3,3,3,3,3,3,3,3,3,3,3,4,4,4,4,4,4,4,4,3,3,3,3,3,3,3,3,3,3,3,3,4,5,6,8,6,3,4,11,15,15,14,11,65,102,128,163,189,191,184,164,162,177,187,195,202,200,200,200,197,200,205,198,189,189,197,202,209,212,204,190,180,177,181,187,192,190,185,182,181,181,188,188,195,202,206,213,211,199,191,190,188,188,188,186,180,174,156,152,146,141,138,143,158,173,173,164,148,149,161,165,170,174,162,166,157,160,160,152,169,190,204,206,209,210,207,195,177,161,161,171,186,195,189,175,167,168,178,175,167,153,144,154,179,201,208,212,216,220,220,220,221,223,220,219,217,207,193,182,176,170,168,179,188,197,208,213,213,214,214,213,214,216,216,216,217,219,220,219,218,218,217,211,199,189,185,193,199,198,197,201,206,209
186,195,214,215,210,214,212,211,212,212,212,212,212,212,212,212,211,211,211,211,210,210,209,208,207,207,207,206,206,205,205,205,206,205,205,204,203,203,202,202,203,204,202,200,202,200,191,183,171,156,162,171,153,115,41,15,25,34,30,20,21,23,23,27,19,19,19,20,20,19,19,19,21,21,20,18,17,16,16,16,18,17,16,16,16,16,15,15,16,17,17,16,15,16,18,20,19,18,17,17,17,17,16,15,15,17,16,15,17,16,16,19,18,17,17,18,18,19,19,18,20,20,19,19,19,20,19,19,17,17,17,17,17,17,16,16,14,15,13,12,14,13,12,13,9,11,11,12,14,13,11,13,8,12,15,23,39,59,83,103,123,133,146,155,162,169,175,178,180,181,184,184,181,182,183,181,177,177,176,177,178,178,177,175,177,172,169,163,157,161,162,150,133,121,135,137,138,139,129,145,159,146,116,77,64,84,101,97,97,96,96,109,112,110,115,113,112,123,132,135,133,132,131,129,130,127,125,123,122,120,119,119,119,113,99,89,84,82,85,86,86,102,113,107,99,100,99,91,88,86,84,80,75,71,67,66,74,68,50,26,8,2,5,8,21,30,29,18,9,6,3,2,1,1,2,5,6,4,3,4,0,3,6,4,1,0,2,5,3,3,3,3,3,3,3,3,3,3,3,3,3,3,3,3,3,3,3,3,3,3,3,3,3,3,3,3,3,3,3,3,3,3,3,3,3,3,3,3,3,3,4,4,4,4,4,4,4,4,4,3,3,3,3,3,3,3,3,3,2,3,4,5,6,9,9,5,3,7,13,16,13,16,30,83,113,140,162,185,184,176,176,181,185,192,201,205,207,207,206,208,209,202,192,187,191,197,204,206,203,197,191,187,181,181,183,186,187,186,187,189,182,184,192,199,202,206,205,196,190,182,171,164,164,168,170,170,164,155,142,131,124,126,138,151,163,162,157,167,184,190,184,172,167,166,177,175,174,184,191,204,213,214,214,214,213,207,193,179,185,193,205,209,201,184,172,167,163,168,171,168,168,178,194,205,216,217,218,217,216,215,216,216,214,213,212,208,199,190,181,171,167,167,178,193,204,214,219,218,221,219,218,219,218,217,217,218,218,216,215,214,215,213,207,201,194,195,194,190,188,193,202,210
185,200,215,213,212,214,211,212,212,212,212,212,212,212,212,212,210,210,211,211,211,209,208,207,207,207,206,205,205,204,203,203,204,204,204,204,203,203,202,202,203,202,202,202,200,198,191,181,165,155,176,157,118,40,11,13,26,26,22,21,24,22,19,25,19,20,20,20,21,21,20,20,20,20,19,18,18,18,17,17,18,18,17,17,16,16,15,14,15,16,17,17,16,16,16,17,19,18,17,16,16,16,16,16,15,16,15,15,18,18,17,18,17,17,18,18,18,18,18,19,19,19,19,20,20,20,19,18,18,18,18,17,17,16,16,15,16,16,14,13,15,13,10,10,14,15,14,12,11,8,9,15,25,44,68,91,113,133,151,164,167,173,179,182,183,185,186,187,186,182,185,186,182,182,185,182,180,180,180,181,182,181,179,177,178,172,165,153,143,146,151,146,114,93,103,116,118,120,118,125,134,130,120,105,98,109,124,129,129,133,136,142,142,142,143,137,142,143,141,137,134,134,133,131,130,129,127,125,122,119,119,121,117,117,106,90,87,84,78,85,85,92,108,112,104,104,105,95,100,98,94,89,83,78,73,71,69,69,59,37,13,3,6,13,41,61,71,64,55,49,36,23,14,5,0,3,6,4,1,1,4,2,0,0,2,5,4,2,2,2,2,2,2,2,2,2,3,3,3,3,3,3,3,3,3,3,3,3,3,3,3,3,3,3,3,3,3,3,3,3,3,3,3,3,3,3,3,3,3,3,4,4,4,4,4,4,4,4,3,3,3,3,3,3,2,3,3,2,2,2,3,4,5,10,12,9,4,3,10,16,18,16,12,45,101,122,144,177,194,196,190,180,179,188,200,209,209,208,208,208,206,201,193,183,182,190,197,202,206,208,204,198,191,181,175,177,178,176,176,178,168,171,181,191,198,204,207,206,196,187,174,165,164,169,173,174,176,164,147,135,130,134,146,158,161,168,172,180,190,199,198,184,171,166,182,185,180,189,193,197,209,211,210,207,208,208,201,191,195,202,211,215,211,199,184,174,168,173,177,178,183,191,200,205,213,214,214,210,209,209,210,209,210,209,212,215,215,211,200,187,176,166,177,196,203,214,223,220,221,218,216,216,216,215,214,214,216,216,215,214,216,217,216,214,198,192,188,187,188,192,200,209
185,206,216,212,213,214,211,212,212,212,212,212,212,212,212,212,210,210,210,210,210,209,208,207,207,207,206,205,204,203,202,202,203,203,203,204,203,203,202,202,201,199,203,203,197,193,186,175,166,172,167,130,56,9,16,28,20,20,21,26,29,22,17,21,21,21,21,22,22,22,22,22,19,18,17,17,17,17,17,17,18,18,17,17,16,16,16,15,15,16,17,17,16,16,16,16,17,17,16,16,16,16,16,16,15,16,15,16,19,19,17,18,17,18,19,18,18,18,19,20,19,19,19,19,19,19,19,18,18,18,18,17,16,16,15,14,15,14,11,10,12,13,13,17,11,11,9,12,22,36,58,78,103,123,143,157,168,174,177,180,191,191,190,189,190,190,187,183,189,184,186,188,184,184,183,175,174,172,173,177,182,183,183,182,180,175,167,149,132,132,142,147,119,104,91,110,118,117,131,127,137,133,134,140,146,150,151,152,153,155,156,155,152,153,153,148,150,148,144,139,138,138,136,134,133,131,129,127,124,122,121,122,116,118,116,99,90,86,77,81,86,82,94,110,111,105,101,99,98,96,94,90,86,82,79,77,66,68,65,51,28,8,3,8,30,65,93,95,89,84,80,76,59,50,36,20,6,0,2,8,0,3,6,5,2,0,2,5,2,2,2,2,2,2,2,2,3,3,3,3,3,3,3,3,3,3,3,3,3,3,3,3,3,3,3,3,3,3,3,3,3,3,3,3,3,3,3,3,3,3,3,4,4,4,4,4,4,3,3,2,2,2,2,2,2,2,3,2,2,2,3,4,5,8,13,12,6,2,6,13,22,15,15,15,72,113,133,160,189,201,197,182,180,184,189,195,203,201,203,202,199,201,199,190,184,189,196,204,210,212,207,200,185,175,166,166,171,174,176,178,181,181,185,190,195,199,203,205,209,198,181,167,165,174,183,188,182,176,170,166,162,159,160,163,175,186,197,205,205,209,210,195,176,172,173,189,185,175,185,189,198,204,206,204,206,210,209,204,198,200,204,209,213,210,200,188,183,182,182,183,186,191,195,198,200,205,209,207,207,209,210,210,216,214,216,219,220,216,204,190,187,178,183,196,201,209,217,216,217,215,213,214,215,216,216,215,216,218,218,219,220,221,220,218,202,190,181,184,191,195,199,204
188,210,215,211,214,214,211,212,212,212,212,211,211,211,211,211,211,210,209,208,208,208,208,208,207,206,206,205,204,203,202,201,202,202,202,203,203,202,202,202,201,200,204,203,193,185,176,164,164,168,133,64,11,18,22,26,19,24,30,34,32,24,20,21,21,21,21,22,22,22,22,21,21,20,18,17,17,16,15,14,17,17,17,17,17,16,17,17,16,16,16,16,15,15,16,16,16,16,16,16,15,15,16,16,16,17,16,17,20,20,18,19,20,20,21,20,19,19,20,22,19,19,18,18,18,18,18,18,17,17,17,17,16,15,15,14,15,17,16,15,15,11,10,14,14,26,42,62,85,107,131,151,158,169,177,182,187,191,194,197,191,190,188,186,186,187,186,184,188,185,186,186,184,183,177,166,165,163,165,173,182,185,184,183,182,183,177,159,137,130,140,151,143,137,114,126,138,137,148,139,140,151,158,160,163,167,166,164,161,158,159,157,154,154,154,154,151,150,147,144,142,142,140,138,139,135,131,130,128,125,122,120,117,116,121,107,91,87,81,78,80,79,84,99,110,102,96,101,97,96,94,91,88,85,83,82,81,75,71,64,44,19,4,3,7,25,49,73,94,104,102,97,95,98,96,85,67,46,25,10,5,1,1,2,3,1,2,4,3,3,3,3,3,3,3,3,3,3,3,3,3,3,3,3,3,3,3,3,3,3,3,3,3,3,3,3,3,3,3,3,3,3,3,3,3,3,3,3,3,3,3,3,3,4,4,4,3,3,2,2,2,2,2,2,2,2,3,2,2,2,3,3,4,6,10,12,9,3,5,8,17,18,16,11,28,89,117,140,182,197,191,171,168,175,186,199,199,200,204,204,202,208,210,203,194,192,194,202,208,208,203,199,183,178,173,172,178,184,186,185,185,183,183,187,195,202,209,214,214,207,194,182,180,188,198,202,205,197,188,183,179,176,178,182,191,197,205,213,213,213,212,200,187,184,174,184,182,165,169,182,190,200,209,210,210,214,216,214,210,205,199,199,206,213,209,202,192,190,193,199,200,196,193,194,195,204,211,213,212,213,215,215,220,217,218,219,219,217,209,199,190,190,188,188,194,199,206,214,219,218,218,218,219,221,221,220,216,218,220,219,220,220,220,218,214,196,182,184,193,199,201,202
193,212,214,211,214,212,211,211,211,211,211,211,211,210,210,210,211,210,209,207,207,207,208,208,206,206,205,204,203,203,202,202,201,201,201,201,201,201,201,201,200,201,203,199,189,177,167,158,165,140,68,11,11,18,23,20,24,30,36,35,29,24,22,22,20,20,20,21,21,20,20,20,21,20,18,18,18,18,17,16,16,17,17,17,17,17,17,17,17,16,16,15,15,15,16,17,16,16,16,16,16,16,16,17,17,19,18,18,21,21,19,20,20,20,20,20,19,20,20,21,20,19,18,17,18,18,18,18,17,17,17,17,16,16,15,15,15,15,12,12,15,19,27,38,70,90,116,139,157,167,173,180,187,192,194,193,193,191,188,189,190,190,188,185,183,184,186,187,178,176,172,171,171,167,159,154,139,137,143,159,176,184,186,184,181,185,185,173,155,145,149,160,165,159,150,148,157,160,150,141,143,154,165,170,171,168,166,170,166,160,163,161,158,157,155,156,154,153,151,148,146,144,143,142,141,137,134,134,133,130,126,124,123,118,122,114,98,92,87,78,72,80,82,90,103,102,97,101,98,97,95,92,89,86,84,82,83,75,71,70,60,37,14,2,1,8,19,30,39,50,69,90,108,114,118,117,115,111,101,90,64,37,9,1,3,5,2,1,3,3,3,3,3,3,3,3,3,3,3,3,3,3,3,3,3,3,3,3,3,3,3,3,3,3,3,3,3,3,3,3,3,3,3,3,3,3,3,3,3,3,3,3,3,3,4,4,3,3,2,2,2,2,2,2,2,2,3,3,2,2,2,3,3,4,7,10,10,6,5,5,10,18,20,17,13,49,103,131,150,179,195,193,189,184,184,192,201,206,212,211,209,210,210,206,197,189,184,190,198,202,202,203,198,196,192,187,185,185,183,179,185,185,180,179,185,192,197,203,201,201,195,187,184,189,196,199,205,206,207,207,201,189,179,174,184,190,196,204,203,201,205,202,194,189,184,173,173,170,162,177,189,201,212,215,213,212,212,212,214,206,196,192,199,209,213,212,210,209,214,219,217,207,199,197,198,206,214,218,217,215,215,216,215,214,216,217,218,219,218,213,199,200,193,188,191,195,202,212,220,221,221,220,220,221,220,220,216,217,217,216,216,218,219,219,221,208,196,196,205,212,212,210
198,212,212,212,213,210,212,210,211,211,211,210,210,210,210,209,210,209,208,208,207,207,207,207,205,204,204,204,203,202,202,202,202,201,201,200,200,200,201,202,200,201,199,191,180,166,153,149,152,97,16,15,17,17,19,24,27,29,32,30,24,22,22,22,21,21,21,21,20,20,20,19,20,19,18,18,20,20,20,19,17,17,18,17,17,16,17,17,17,16,16,15,15,16,17,17,16,16,17,17,16,17,18,19,19,21,20,20,21,21,20,22,21,20,19,19,19,20,20,20,20,20,19,19,19,19,18,17,16,16,17,17,17,17,17,16,16,15,17,27,47,70,96,117,145,158,171,179,187,191,194,196,193,195,194,193,193,191,192,196,192,187,180,172,169,168,166,163,166,161,152,150,150,141,136,145,117,114,121,142,166,182,188,189,182,185,185,181,172,161,159,164,170,162,164,161,159,160,146,129,145,142,144,159,175,174,167,168,171,166,169,166,162,163,158,158,158,157,155,152,150,147,146,146,143,141,141,141,140,136,133,132,129,128,124,121,113,100,88,75,59,61,66,77,94,103,103,99,93,93,93,92,91,89,88,88,84,80,77,77,74,58,29,6,2,3,11,24,31,25,20,25,36,64,99,122,131,134,136,137,133,105,61,22,2,0,2,3,3,3,3,3,3,3,3,3,3,3,3,3,3,3,3,3,3,3,3,3,3,3,3,3,3,3,3,3,3,3,3,3,3,3,3,3,3,3,3,3,3,3,3,3,3,3,4,4,4,3,3,2,2,2,2,2,2,3,3,3,2,2,2,3,3,3,4,7,9,9,6,3,6,13,24,20,20,20,72,118,134,163,191,204,202,189,183,188,195,204,210,209,207,204,201,202,198,188,179,180,190,200,207,210,208,204,197,190,184,179,176,175,169,174,174,174,182,190,197,204,207,206,197,184,179,187,199,206,210,210,209,205,194,181,172,170,173,186,194,201,203,200,203,203,200,195,191,176,174,179,174,176,183,194,207,213,212,209,208,209,209,205,201,198,200,205,210,213,220,222,224,226,224,217,208,201,199,202,208,214,215,213,212,214,214,213,215,215,213,215,216,213,207,201,198,198,198,199,204,209,214,217,219,218,217,217,217,217,217,218,217,216,217,219,220,219,220,217,211,206,209,217,219,217
201,212,210,212,213,209,212,210,211,211,210,210,210,209,209,209,209,209,209,208,208,207,206,206,204,204,203,203,203,202,202,202,203,202,201,200,200,201,202,203,201,203,195,183,170,151,136,134,111,27,11,12,18,18,24,29,28,25,26,26,22,22,23,21,22,22,22,22,21,21,20,20,22,20,19,18,19,19,18,17,17,18,18,18,16,16,16,17,16,16,16,16,16,17,17,16,16,17,18,17,17,17,18,20,19,22,21,21,22,21,21,23,22,21,20,19,20,21,21,21,20,20,20,20,20,19,17,16,16,17,17,17,18,18,18,18,24,37,60,92,123,145,162,175,177,188,194,195,198,200,199,197,196,197,195,193,191,188,189,195,193,182,169,163,165,166,160,152,142,136,126,128,133,124,127,149,140,131,130,145,167,181,187,188,189,187,183,181,177,167,160,161,158,151,151,156,145,140,137,110,98,118,137,153,169,175,174,176,172,168,172,166,164,168,163,161,161,160,158,157,155,152,150,149,149,149,149,148,144,139,136,135,132,136,124,126,126,106,84,69,40,29,37,63,86,102,106,97,101,100,98,96,93,90,87,86,81,81,78,75,77,72,46,18,9,3,6,25,41,40,32,31,19,15,17,32,61,97,130,150,149,124,78,32,8,6,7,4,3,3,3,3,3,3,3,3,3,3,3,3,3,3,3,3,3,3,3,3,3,3,3,3,3,3,3,3,3,3,3,3,3,3,3,3,3,3,3,3,3,3,3,3,3,3,4,4,4,4,3,3,3,3,3,3,2,3,3,3,3,2,2,3,4,3,3,5,8,10,8,4,3,11,19,21,16,14,30,97,125,149,181,203,205,188,175,174,182,194,200,201,202,199,198,203,204,196,185,180,189,203,211,212,214,203,192,184,176,169,169,173,172,182,182,179,184,190,194,201,202,203,196,182,174,180,190,197,204,204,204,201,193,184,181,182,184,190,185,188,199,205,210,210,216,209,195,186,174,170,174,158,165,174,189,201,205,205,205,207,210,212,214,212,207,203,203,205,208,215,220,221,223,223,214,203,195,195,199,208,212,211,212,215,214,214,216,218,217,220,222,220,205,191,195,206,204,203,207,205,210,214,217,217,217,218,218,218,219,220,220,220,220,222,221,219,220,222,214,201,198,207,216,218
204,209,212,211,210,211,211,209,210,210,210,209,209,210,209,209,208,209,207,207,208,207,205,205,206,204,203,203,203,202,200,201,204,200,201,201,197,198,200,197,202,198,187,169,152,140,125,111,35,11,8,18,17,20,30,30,26,26,26,26,25,24,22,20,22,21,21,21,21,22,22,23,19,19,18,17,16,17,17,17,17,17,17,17,16,16,15,15,16,15,15,15,16,17,16,15,17,17,16,16,16,18,19,20,23,24,23,21,19,20,21,22,22,24,21,19,20,21,21,23,20,21,19,17,18,17,16,18,20,18,16,18,19,22,35,53,95,118,146,164,175,184,192,197,199,198,197,197,197,197,198,199,199,196,195,194,187,180,184,194,195,182,164,154,153,151,150,152,134,143,139,138,149,154,155,163,167,157,157,163,166,173,179,176,176,178,176,168,175,170,146,141,141,128,117,121,129,133,136,131,110,117,134,157,174,179,177,175,174,173,172,171,170,169,167,165,167,165,162,161,159,158,157,156,153,152,152,151,150,147,143,140,138,137,133,131,127,122,100,59,32,8,15,26,65,100,108,103,102,108,99,95,96,89,84,83,84,87,80,78,73,75,70,32,14,5,8,29,35,43,40,37,28,21,23,17,9,12,27,55,91,96,67,23,6,6,9,15,17,21,36,51,44,31,22,6,3,6,8,5,2,3,5,3,6,2,2,4,2,2,4,4,4,2,2,3,4,4,4,3,3,3,3,3,3,3,3,3,3,3,4,4,3,3,4,4,4,6,6,4,2,3,3,3,2,2,2,2,2,2,2,2,2,3,3,3,5,8,9,7,1,8,9,14,20,11,20,52,117,127,162,191,191,190,173,171,183,194,198,197,201,202,202,204,211,209,199,188,186,195,205,208,206,200,189,179,178,183,184,182,183,183,187,190,188,189,195,200,201,201,192,179,170,170,178,188,196,199,202,202,202,200,195,189,185,189,193,195,200,208,211,210,208,207,198,184,176,173,166,156,151,159,179,195,202,209,213,211,214,214,216,217,213,204,195,190,202,206,212,217,223,225,220,213,197,195,195,201,216,218,212,218,216,218,215,214,219,218,215,218,213,207,207,217,221,214,206,202,204,211,218,222,221,221,221,222,223,222,221,221,220,220,220,219,216,217,215,209,202,203,211,220
205,210,212,211,210,211,211,209,208,208,208,208,208,208,208,208,207,208,208,207,206,206,205,204,205,203,202,203,203,202,201,201,199,199,201,200,193,189,187,185,187,179,163,149,131,125,129,50,10,9,12,15,18,25,29,28,28,27,26,25,25,25,24,24,25,25,23,22,20,20,19,19,20,20,19,18,18,18,18,18,16,16,16,17,17,17,17,17,18,17,17,17,17,16,16,15,17,17,16,16,17,18,20,20,23,23,23,21,20,21,22,21,21,20,19,21,24,21,17,18,16,17,16,16,20,21,19,18,16,19,23,30,45,69,106,138,156,170,186,193,196,199,200,200,199,199,198,197,197,197,198,198,199,197,196,194,185,173,171,176,188,178,164,160,163,163,160,159,164,172,173,174,182,181,174,172,166,171,176,170,172,167,169,167,162,159,162,158,158,158,139,121,126,118,113,125,140,151,156,150,146,147,155,167,176,179,178,178,177,176,175,174,173,171,169,168,170,168,166,164,162,161,160,159,160,159,158,156,154,151,148,145,143,141,138,137,134,131,115,82,38,4,2,11,41,82,109,110,107,111,103,100,99,93,91,91,85,85,82,85,80,80,80,55,30,22,22,32,39,47,47,43,41,30,26,21,18,17,11,16,4,13,9,4,9,11,18,33,67,99,133,150,147,133,110,78,50,27,11,10,10,7,5,3,2,2,3,5,4,4,3,0,2,3,3,2,2,3,4,5,3,3,3,3,3,3,3,3,3,3,4,4,3,3,4,4,5,6,6,4,3,3,3,2,2,2,2,2,2,2,2,2,2,3,3,3,4,7,8,8,4,6,6,14,23,14,9,22,79,124,141,159,191,196,192,189,184,190,196,201,207,208,208,209,203,200,190,178,175,184,196,203,206,204,200,196,193,192,188,183,182,177,182,191,187,179,181,188,199,196,184,171,166,168,173,179,188,198,208,211,214,214,205,193,181,179,179,185,194,203,206,207,205,206,201,191,181,173,166,159,160,165,179,194,203,209,213,214,214,213,210,208,209,208,201,194,195,203,211,216,219,222,222,221,211,200,204,207,209,216,215,208,212,216,214,212,214,213,212,214,220,220,222,228,231,225,212,203,205,211,217,220,220,219,220,221,220,219,218,217,217,217,217,216,218,218,218,216,209,204,207,215
206,209,211,209,209,210,211,210,209,209,208,207,207,207,207,207,207,207,209,207,204,205,206,203,204,202,202,203,203,201,201,201,199,200,201,199,193,178,163,157,161,154,144,132,113,126,86,9,3,14,19,20,27,30,27,27,28,27,26,26,26,26,26,26,24,23,22,21,21,21,21,21,20,20,19,19,19,18,18,18,17,17,17,17,17,17,17,17,18,18,18,18,17,16,17,17,18,18,18,18,19,20,21,22,23,23,23,22,22,23,23,21,23,21,19,19,22,20,21,26,18,20,19,18,19,19,18,20,25,35,56,91,130,159,173,180,189,195,200,202,203,205,204,202,201,200,199,198,198,198,198,198,200,198,198,196,186,170,162,161,176,174,171,171,176,176,174,175,186,190,193,196,197,191,176,162,163,165,170,163,166,145,149,165,150,133,143,153,147,146,146,142,148,149,150,158,163,169,176,173,169,171,176,184,187,184,180,178,180,179,178,177,176,175,173,172,172,171,169,167,166,165,164,163,164,163,161,160,157,155,152,151,149,146,142,142,141,140,133,112,70,25,5,5,21,58,101,113,114,114,108,106,103,97,96,93,91,88,86,92,86,81,86,74,55,46,39,35,39,46,52,49,45,37,32,26,25,24,17,14,12,8,2,3,5,7,33,75,127,163,187,192,193,193,185,167,145,116,85,59,32,12,9,14,11,7,4,2,1,4,6,4,4,6,7,5,4,4,2,0,3,3,3,3,3,3,3,3,3,3,4,4,3,3,4,4,6,7,7,5,3,3,3,2,2,2,2,2,2,2,2,2,2,3,3,2,3,6,8,9,9,5,2,9,19,18,12,11,35,100,127,138,184,202,205,198,190,188,192,201,204,203,201,199,201,192,175,159,154,166,184,198,208,210,211,209,202,193,184,177,175,169,171,179,178,174,179,186,198,202,196,182,173,170,172,176,190,202,211,212,212,210,197,181,181,176,176,183,191,195,199,204,207,209,209,203,192,180,172,170,177,179,183,191,199,203,206,211,209,209,206,203,206,212,210,203,199,204,208,209,213,219,225,226,221,204,201,199,196,199,197,192,194,204,210,213,215,215,214,216,218,223,225,225,226,223,211,197,199,203,209,214,216,216,216,217,216,215,215,216,218,219,219,219,218,216,218,221,215,205,202,206
207,209,209,208,207,209,210,209,209,208,207,207,206,205,205,205,206,205,207,206,203,204,205,201,203,203,202,202,202,201,200,200,202,202,197,194,184,157,126,112,120,128,124,114,112,100,20,4,12,16,20,27,34,31,26,27,27,27,27,28,28,27,25,23,21,21,21,21,21,21,22,22,20,19,19,18,17,17,17,18,18,18,18,17,17,17,17,16,17,18,18,18,17,17,18,20,20,20,20,20,21,22,22,23,23,23,23,23,24,25,23,21,19,22,23,21,19,16,15,18,18,19,19,19,20,22,32,45,76,108,144,167,179,185,193,201,201,202,202,201,201,202,202,200,203,202,201,200,199,199,199,199,200,199,200,200,192,180,170,167,173,181,186,188,189,188,190,195,200,198,199,201,197,189,171,151,128,146,156,148,151,149,147,143,157,143,153,164,152,146,158,168,174,180,182,184,183,184,190,187,186,184,184,185,185,185,185,187,183,182,181,180,179,178,177,176,176,174,172,171,170,169,168,167,166,165,163,162,160,158,157,156,153,151,146,147,146,145,144,133,100,54,14,4,9,38,86,111,120,118,113,113,108,104,103,96,98,94,93,97,89,82,87,84,73,59,45,29,31,36,51,56,56,50,44,35,30,28,26,27,19,11,4,5,5,9,43,92,140,177,201,210,216,213,209,204,197,184,167,146,119,90,60,37,19,13,10,9,7,5,3,0,1,2,2,1,3,5,4,1,3,3,3,3,3,3,3,3,3,3,4,3,3,3,4,5,6,7,7,5,4,4,3,1,2,2,2,2,2,2,2,2,2,3,3,3,2,4,7,10,10,6,3,5,11,18,21,18,13,55,111,132,159,192,201,194,179,172,178,192,198,201,204,204,197,187,169,155,153,166,186,200,208,211,212,208,199,187,177,172,166,169,178,186,187,188,186,181,187,197,199,190,183,181,183,187,186,197,204,205,206,207,200,191,182,182,185,190,193,196,203,210,212,212,214,212,202,188,181,181,186,190,188,185,189,193,199,208,205,209,211,209,210,214,215,214,211,206,198,194,200,211,218,218,215,198,179,169,172,167,160,170,176,192,210,219,221,220,219,220,218,221,221,217,217,218,212,202,193,194,199,206,213,216,216,215,218,218,218,219,221,222,222,222,222,219,220,222,219,210,202,199
208,209,209,207,207,208,209,209,208,206,206,206,206,204,204,205,205,204,203,202,201,201,201,199,202,203,203,202,201,200,200,199,197,197,193,187,173,143,113,103,109,120,110,103,111,41,1,9,16,13,21,30,31,28,28,28,27,27,27,28,28,26,24,22,24,23,22,21,20,19,19,19,21,20,18,17,17,17,18,19,18,18,18,18,17,17,17,17,17,17,18,18,17,18,19,21,20,20,20,21,21,22,22,23,23,23,23,23,24,25,24,22,18,22,20,16,17,19,19,19,17,18,20,25,35,55,94,131,157,172,185,192,199,203,203,204,204,205,204,203,202,203,204,203,203,203,202,201,200,200,200,200,200,200,201,202,199,193,187,184,185,194,200,202,201,200,201,206,207,202,202,203,197,190,175,154,136,140,142,145,147,165,169,161,162,171,181,181,171,168,176,180,189,190,188,191,193,195,196,188,193,191,189,188,187,186,187,188,186,185,183,182,182,181,180,179,180,178,177,175,175,174,172,171,170,169,168,166,164,163,162,162,158,156,152,153,151,149,150,145,129,90,35,6,2,20,62,102,124,124,120,119,116,114,115,107,103,100,99,99,93,90,92,89,80,61,40,17,15,20,44,62,68,58,48,44,42,36,31,27,28,22,17,19,22,26,46,74,126,160,184,200,213,213,215,221,219,211,200,188,179,170,149,124,93,64,35,22,17,14,9,4,6,5,4,2,2,3,5,6,4,4,4,3,3,3,3,3,3,3,3,3,3,3,4,5,6,7,7,6,5,4,3,1,2,2,2,2,2,2,2,2,2,3,3,3,2,3,6,9,8,7,7,6,6,14,20,17,13,20,73,118,133,169,191,194,190,181,183,191,194,197,203,204,206,199,186,174,171,178,185,190,200,204,207,205,198,190,184,180,189,188,189,189,189,191,192,189,192,196,193,186,183,180,174,169,173,182,192,200,204,207,208,207,199,196,192,187,186,191,199,205,210,208,209,209,203,193,186,186,186,192,186,175,175,184,198,212,211,212,214,214,213,212,214,216,213,205,191,181,183,194,199,199,192,179,158,142,146,149,146,155,174,189,208,218,217,214,214,215,216,216,214,212,213,216,216,213,199,196,196,205,215,220,220,219,222,222,221,220,220,220,218,218,218,217,216,217,218,215,207,199
209,209,209,208,207,208,208,208,206,205,205,207,206,203,203,204,203,204,201,198,198,194,193,199,200,201,202,201,200,199,199,198,195,195,192,179,155,128,116,119,137,124,108,100,71,10,9,13,17,22,31,34,28,28,30,27,29,28,27,26,25,25,24,23,24,24,23,22,20,19,18,18,22,21,19,18,18,18,19,20,16,17,17,17,18,18,18,18,18,18,18,18,18,18,19,20,20,20,20,21,21,21,21,21,22,23,23,23,23,24,23,22,19,20,17,14,18,21,19,19,25,22,29,60,103,139,164,181,187,196,202,204,207,208,206,205,201,202,203,203,202,203,205,206,202,202,201,201,201,201,201,201,201,201,201,202,203,201,199,198,199,203,204,204,206,206,204,204,205,201,203,203,200,196,185,168,148,136,137,165,166,175,171,170,176,188,192,194,194,190,193,195,198,198,195,197,195,194,196,191,191,191,193,193,193,190,187,185,188,187,185,185,184,184,183,182,181,180,179,178,177,176,175,174,174,174,172,170,168,166,166,166,164,164,160,160,159,155,155,152,150,123,67,23,2,6,35,83,122,131,129,124,122,121,122,116,111,108,105,101,97,97,95,91,88,71,43,15,4,4,28,53,70,64,53,52,49,42,38,33,26,25,22,22,25,33,47,61,76,113,142,168,191,201,208,213,217,218,220,217,209,203,196,188,168,150,125,92,54,27,18,18,4,4,6,7,5,2,3,6,4,4,4,4,4,3,3,3,3,3,3,3,3,3,4,5,6,7,7,6,6,6,4,1,2,2,2,2,2,2,2,2,2,2,3,3,2,2,4,7,10,9,7,5,4,10,17,17,17,14,33,92,124,151,181,197,199,192,189,191,195,203,211,214,215,210,199,187,182,184,183,180,188,197,205,208,208,205,200,194,191,188,192,198,195,187,181,177,174,181,187,191,193,188,177,171,162,172,186,198,205,208,210,212,211,200,183,172,171,179,188,192,202,202,202,204,203,198,192,188,185,188,181,167,165,177,196,209,215,211,209,209,210,208,207,208,208,205,194,180,175,179,183,183,169,161,156,144,143,162,170,163,172,178,189,195,190,189,197,204,212,212,212,213,215,217,219,220,211,203,198,203,212,218,220,221,219,219,218,218,218,217,216,215,214,215,215,216,221,224,219,211
209,208,208,207,207,206,206,206,205,203,202,204,202,197,195,196,195,199,194,190,188,178,177,192,197,199,200,199,198,199,199,198,197,193,187,168,135,112,116,130,147,114,97,72,20,8,6,14,22,34,38,33,31,31,29,27,30,29,27,27,26,25,24,23,23,23,23,22,21,21,20,20,21,21,21,21,20,20,19,19,16,16,17,17,17,18,18,18,18,18,17,18,19,20,20,21,21,21,21,22,22,21,21,21,21,23,23,22,21,22,22,21,16,19,20,22,22,18,19,26,41,73,111,142,165,180,190,198,204,208,208,207,207,206,202,200,205,205,206,205,203,202,202,202,202,202,202,202,202,202,202,203,204,204,203,203,204,204,203,202,203,205,203,202,205,206,204,202,206,205,205,205,204,203,196,187,177,175,171,179,183,197,195,192,198,199,196,201,202,195,198,200,194,196,197,199,195,192,198,198,196,194,191,189,189,191,192,192,190,189,188,187,187,186,185,185,184,183,182,181,180,180,178,177,177,177,176,174,172,170,169,169,168,171,166,166,166,161,160,157,151,137,102,53,12,4,17,58,108,130,136,132,129,128,128,123,121,117,113,106,103,103,99,95,96,89,62,30,5,1,13,34,69,72,66,62,54,45,45,40,35,35,34,29,27,28,34,40,52,76,98,123,152,173,193,204,212,213,217,220,219,218,216,211,206,195,184,170,148,115,72,37,23,13,5,6,7,4,3,5,5,5,5,4,4,4,4,3,3,3,3,3,3,3,5,6,6,7,7,7,7,7,5,3,2,2,2,2,2,2,2,2,3,2,2,3,3,2,3,6,10,10,8,5,4,7,14,21,19,18,15,56,109,134,162,192,209,204,192,184,188,197,201,202,205,205,199,189,187,191,191,185,182,195,207,213,216,215,206,196,187,183,184,187,185,183,183,183,179,186,195,202,204,192,177,170,160,170,184,196,206,212,213,212,203,190,174,168,170,176,184,191,196,200,203,205,208,208,202,194,184,178,173,168,165,173,187,196,206,206,205,205,206,207,207,206,209,211,204,188,177,176,178,177,165,163,169,168,169,184,186,178,162,156,157,159,154,159,178,192,211,214,217,219,220,221,222,223,219,209,199,197,201,207,213,218,216,216,217,218,219,220,220,220,219,220,221,221,222,220,217,213
208,207,206,206,206,204,204,204,201,199,198,198,195,188,184,184,184,191,185,179,176,162,161,183,194,197,199,198,197,198,198,198,192,185,180,163,133,119,133,152,128,102,81,35,4,6,7,19,25,36,31,26,35,33,25,29,28,28,29,29,29,27,24,22,25,24,24,23,22,21,20,19,20,20,21,22,22,20,19,18,17,17,17,17,17,17,17,17,17,16,16,17,19,22,22,22,22,22,23,23,23,22,22,21,20,22,22,21,20,20,21,21,20,20,20,21,21,26,52,84,122,153,178,186,192,202,208,210,208,210,207,205,207,207,205,206,202,202,203,204,204,204,204,204,203,203,203,203,204,204,204,205,205,206,206,205,205,205,204,203,201,205,204,202,204,206,206,207,206,207,205,203,203,203,201,197,189,193,191,195,203,202,197,202,199,202,200,202,198,199,205,196,200,198,196,201,200,197,200,198,196,195,194,194,195,194,192,190,192,191,189,188,188,188,187,187,189,188,187,186,185,184,183,182,179,179,179,178,176,174,174,174,170,173,168,168,169,165,163,159,159,155,139,89,29,7,5,35,90,125,140,139,138,136,135,132,128,123,119,112,110,110,106,104,98,102,79,47,14,5,6,21,57,69,69,68,64,57,55,44,43,36,29,27,29,30,32,33,46,56,69,94,121,141,165,182,198,204,212,213,214,220,224,222,219,216,209,199,191,183,162,138,86,54,23,12,11,8,4,4,5,5,5,5,4,4,4,4,3,3,3,3,3,3,5,6,6,7,8,8,8,9,7,4,2,2,2,2,2,2,2,2,3,2,2,3,3,2,2,4,5,10,13,11,6,3,8,19,22,17,12,22,81,116,140,181,195,194,180,170,180,193,198,199,201,207,206,197,193,195,191,182,184,197,209,214,216,214,202,187,178,183,188,189,190,195,195,189,193,190,190,199,206,199,183,174,166,174,181,186,194,203,203,198,204,193,183,180,177,174,178,185,193,201,207,209,214,217,211,200,178,167,166,171,171,173,180,184,194,202,207,206,207,211,214,214,215,216,209,193,181,179,178,175,173,177,183,188,195,190,177,181,153,140,135,134,131,140,165,185,207,213,217,217,217,219,220,218,223,211,198,192,192,197,207,216,219,219,220,221,223,224,224,223,220,219,218,215,207,197,191,190
205,204,204,200,205,199,197,194,191,186,176,188,182,178,163,166,173,176,182,175,170,170,168,179,189,199,198,195,199,197,192,195,192,182,163,149,132,125,148,135,113,92,51,13,1,8,19,26,34,35,33,30,30,32,32,30,27,28,29,29,28,25,24,23,22,23,22,22,23,25,24,20,17,18,22,27,27,21,18,18,18,18,17,17,18,20,20,19,18,18,19,19,19,19,21,22,21,20,25,27,22,22,24,20,25,17,18,27,20,22,22,20,20,22,23,30,52,89,130,161,181,188,197,204,208,208,208,208,208,207,206,207,208,208,206,204,203,205,205,204,204,205,204,203,205,204,204,204,204,205,206,206,207,206,206,207,207,206,205,203,203,202,203,204,205,204,205,207,205,205,206,205,204,204,204,204,203,204,204,203,201,200,201,202,202,202,202,202,202,201,200,199,201,200,199,198,198,198,199,200,198,197,196,196,197,196,195,194,192,192,191,191,191,190,190,190,189,188,188,187,186,185,184,184,183,183,183,181,179,177,177,177,176,176,175,174,171,169,167,167,161,163,154,125,74,21,3,15,62,115,144,142,144,141,136,142,130,127,124,123,119,114,112,112,108,106,99,79,38,6,5,8,29,66,73,72,64,61,54,49,48,41,35,33,32,30,30,32,38,42,55,74,92,111,135,155,175,186,197,205,210,217,221,222,220,223,225,221,213,207,197,185,170,146,105,60,30,20,15,6,3,7,7,4,4,3,3,5,4,2,2,3,3,2,4,6,5,6,7,8,8,8,8,7,3,2,2,3,3,1,1,3,2,2,2,2,2,2,2,2,4,17,16,9,10,6,5,17,26,21,18,15,34,98,121,157,180,192,193,190,188,190,197,199,208,213,213,204,197,194,190,184,184,189,198,206,209,206,200,195,188,185,191,198,197,192,192,194,195,190,187,190,198,200,192,184,181,183,171,176,189,192,200,206,205,205,202,195,185,179,177,178,189,198,207,210,208,206,204,203,187,184,174,179,197,188,191,190,191,205,216,215,211,212,215,215,211,212,210,200,183,169,166,169,171,172,176,181,177,186,166,170,158,142,134,135,140,147,162,188,202,216,215,215,219,216,216,219,221,219,212,194,190,198,200,212,223,224,218,220,222,218,217,215,211,215,210,196,178,160,157,168
200,196,193,186,189,183,183,183,176,173,165,178,176,178,165,168,181,183,188,184,183,183,181,188,193,199,198,195,196,195,192,194,182,185,176,152,122,123,120,114,98,66,28,7,4,12,22,29,34,34,33,31,30,30,30,29,30,29,28,28,28,27,25,24,22,22,21,20,21,22,21,19,21,20,21,24,22,18,17,18,18,18,17,16,18,20,21,21,19,20,20,21,21,23,25,26,27,21,21,22,19,21,24,23,20,24,20,19,17,24,24,26,20,34,57,92,134,166,184,191,202,204,208,209,208,207,207,207,209,208,207,207,208,207,205,203,203,204,205,204,204,205,205,204,205,205,205,205,206,206,207,207,208,208,207,208,208,207,206,205,208,205,202,202,202,202,203,204,207,207,205,204,205,205,202,197,193,189,185,186,191,198,202,205,202,202,201,200,200,201,202,202,201,200,200,200,201,201,200,199,198,197,197,196,196,196,195,194,193,193,193,192,192,191,191,191,190,190,189,189,188,187,187,186,184,184,184,183,181,180,180,180,178,178,177,175,173,171,168,167,166,169,166,149,108,54,21,20,54,96,133,147,150,147,141,141,135,133,132,130,128,123,119,117,115,111,107,98,62,19,5,6,16,50,70,77,68,65,62,64,54,48,42,40,39,35,34,34,33,34,42,58,71,86,107,126,148,166,186,196,203,210,214,213,221,220,221,223,224,224,219,212,198,185,175,158,118,67,32,19,15,8,3,6,10,7,3,4,5,4,3,3,3,4,4,5,6,6,7,7,8,8,8,8,4,2,2,3,3,2,2,3,2,2,2,2,2,2,2,2,4,15,17,14,14,8,3,5,20,21,24,20,14,57,118,133,165,189,200,197,190,188,197,202,213,216,215,209,200,190,180,173,170,177,187,195,200,203,204,204,208,204,199,191,184,182,182,178,187,180,172,173,186,199,201,195,186,178,166,163,178,194,202,211,211,211,209,203,189,173,165,164,179,188,197,202,205,206,206,206,201,189,196,199,213,214,203,195,195,202,208,208,205,205,207,208,209,207,205,198,183,162,146,140,144,143,150,159,160,175,168,168,171,168,164,164,168,174,184,198,203,214,214,216,219,218,220,222,219,220,228,212,182,180,184,188,202,214,216,217,215,212,215,216,219,209,197,175,150,141,129,104
182,179,178,173,177,172,174,176,171,172,167,180,183,189,182,184,192,192,194,193,195,197,192,195,196,197,196,195,194,194,193,193,189,181,160,138,121,123,110,104,67,31,4,4,10,18,28,35,34,34,34,33,31,29,29,30,31,28,26,25,26,26,25,23,24,23,22,21,21,22,21,19,23,21,21,21,20,17,17,19,18,18,17,16,17,20,22,22,22,22,21,21,20,21,23,24,26,21,22,23,20,17,19,19,13,18,15,23,28,26,23,36,59,98,141,167,180,190,202,214,212,212,211,208,206,206,206,208,208,208,207,207,208,208,206,205,203,205,206,205,204,205,205,205,205,206,206,207,207,208,208,208,208,208,208,208,209,208,207,206,209,206,203,203,204,204,204,205,204,206,206,206,204,199,188,178,173,170,167,166,170,178,188,195,202,202,202,202,202,201,201,201,204,203,203,202,202,201,199,198,199,198,198,198,198,197,196,196,196,195,195,194,194,193,193,192,192,192,192,191,191,190,190,189,186,186,186,185,184,183,183,183,181,180,178,177,176,174,172,170,168,167,166,165,147,107,69,53,77,98,128,150,155,153,151,147,143,142,140,137,135,132,129,125,119,116,112,111,90,46,14,3,6,32,66,83,76,71,63,64,58,52,47,45,43,38,35,34,35,34,39,52,62,72,89,107,126,146,167,177,186,200,211,214,216,219,222,222,220,219,222,224,221,216,204,188,176,157,116,73,37,25,12,6,6,5,6,8,5,4,3,3,3,5,5,6,6,6,6,7,7,8,8,8,6,4,2,2,3,2,2,2,2,2,2,2,2,2,2,2,3,7,11,14,16,14,8,5,10,23,26,20,17,19,81,121,141,175,201,206,191,177,185,197,207,207,208,207,201,190,179,173,177,181,187,194,203,212,216,216,212,203,190,176,167,169,172,170,175,178,176,174,180,194,204,205,193,176,166,158,171,194,202,211,214,210,206,199,186,172,167,168,174,181,191,199,205,209,211,211,212,195,199,198,206,216,210,197,194,195,198,202,204,203,204,206,208,208,210,206,188,162,143,137,130,130,140,154,164,184,193,192,199,201,191,183,186,196,207,210,218,222,221,223,223,221,225,225,226,215,216,208,165,143,144,161,173,193,204,209,212,213,216,214,212,205,199,181,153,140,132,116
164,164,169,170,178,174,178,182,184,188,186,193,195,201,197,199,198,198,196,196,199,199,195,196,196,193,194,195,192,190,191,190,191,182,164,145,124,96,95,86,40,12,1,8,15,25,35,37,35,35,35,36,33,29,29,32,30,27,25,25,25,26,25,24,27,25,24,23,23,23,22,21,21,20,20,21,20,18,18,19,17,18,18,17,18,21,22,22,23,22,21,20,19,19,20,21,21,22,24,23,20,17,18,18,16,20,20,26,24,34,62,103,145,165,185,196,205,210,209,208,209,209,207,205,204,205,207,208,207,207,207,208,209,209,209,208,206,207,207,207,206,206,207,207,206,206,207,208,208,209,208,208,208,207,207,208,208,208,207,206,207,206,206,206,206,205,205,205,204,206,208,206,197,182,170,163,161,166,170,167,161,161,170,179,188,190,195,199,202,202,202,203,203,202,200,200,201,202,202,202,199,199,199,200,199,199,198,197,197,197,196,196,195,194,194,194,194,194,193,193,193,192,192,192,189,189,188,188,187,186,185,185,182,180,179,179,179,179,177,175,174,171,170,173,168,148,124,110,117,121,133,147,157,160,158,155,152,151,147,141,139,139,136,133,124,126,117,115,109,79,37,5,5,21,59,80,79,78,67,61,61,56,51,48,46,41,38,36,36,34,38,48,55,62,77,93,106,125,148,163,174,186,196,202,208,212,214,217,222,224,221,219,219,223,223,214,202,193,177,158,120,79,42,28,17,3,1,7,6,7,6,5,4,5,6,6,7,6,6,6,6,7,8,9,8,6,3,2,2,2,2,2,2,2,2,2,2,2,2,2,3,1,6,13,18,21,17,7,4,17,36,33,41,28,53,112,128,155,181,196,187,170,176,191,200,202,205,207,207,202,194,187,190,187,184,189,202,212,213,209,209,195,181,173,166,165,170,174,178,185,188,186,184,190,199,205,198,180,171,168,175,189,195,199,199,200,203,204,201,191,180,173,171,176,185,196,204,209,211,210,212,205,191,190,196,206,217,206,191,188,191,202,210,210,209,211,212,212,214,212,197,177,165,163,158,160,162,171,184,193,204,207,212,213,196,182,183,197,213,216,222,222,219,220,216,212,213,207,205,196,188,192,166,128,104,117,140,171,195,207,213,216,218,214,219,217,202,180,163,153,156,167
161,162,169,174,183,178,182,188,195,201,199,200,198,200,197,199,198,199,195,195,197,196,195,195,196,192,194,194,187,179,177,177,183,177,167,147,122,95,84,58,25,10,6,13,21,34,42,36,36,35,36,36,34,30,30,33,28,28,28,28,27,26,26,26,26,24,23,22,22,22,21,21,22,21,21,21,20,19,19,21,18,19,20,20,21,22,23,22,21,21,20,20,21,22,23,23,23,24,21,17,18,21,21,19,19,18,14,15,25,75,135,175,183,199,209,209,210,212,212,213,209,209,208,207,206,206,206,207,208,207,208,209,210,210,210,210,209,209,209,209,209,208,208,209,206,207,208,208,209,209,209,208,208,208,207,208,208,208,207,207,207,208,208,207,205,204,204,205,210,206,202,195,180,166,164,170,185,190,192,188,178,169,164,163,169,170,175,181,188,193,199,204,204,204,203,202,202,201,200,200,201,201,201,201,200,199,197,197,198,198,197,197,196,195,195,195,195,195,195,194,194,194,193,193,192,191,190,189,188,187,187,186,184,183,181,181,182,182,180,178,178,178,179,177,170,160,150,143,137,140,138,144,160,166,161,159,158,157,153,147,145,144,141,137,132,137,127,120,120,103,66,30,20,27,59,73,78,84,78,69,67,62,57,53,51,47,44,42,39,37,38,42,46,53,67,80,95,103,119,135,146,155,167,177,187,198,202,203,209,216,221,225,226,219,220,226,226,217,202,189,176,160,124,76,41,31,21,4,7,8,10,10,8,6,5,5,7,6,6,6,6,7,8,9,9,7,5,3,3,3,2,1,2,2,2,2,2,2,2,2,4,0,6,16,22,28,27,15,8,12,59,75,68,62,55,68,113,136,161,186,195,191,195,200,202,209,214,215,216,215,208,198,192,184,176,178,188,199,203,202,205,197,192,189,184,182,183,185,186,185,185,185,185,185,192,200,201,192,184,189,190,186,190,189,203,205,203,201,204,206,196,184,165,168,176,187,197,202,204,204,203,209,195,191,196,204,215,216,198,191,191,201,209,211,211,212,216,210,206,208,205,196,190,189,195,200,193,192,201,196,196,203,194,197,187,173,168,176,192,204,208,211,212,213,208,199,190,176,160,160,154,159,152,128,95,81,108,151,189,210,215,213,216,215,212,209,194,181,182,184,178,172
168,167,173,176,181,174,178,186,194,200,200,199,197,197,195,198,195,198,193,193,195,193,195,195,195,193,192,188,174,157,148,150,164,159,154,136,126,129,78,33,13,6,6,13,26,42,46,36,35,34,34,34,32,30,31,32,27,28,29,29,28,26,26,26,25,24,23,23,23,22,22,23,25,24,22,20,19,19,20,22,19,22,23,23,23,23,23,22,21,21,21,21,22,22,22,22,25,24,19,17,21,23,17,13,5,18,38,62,81,129,175,198,204,211,212,210,211,211,209,207,210,210,210,210,209,209,208,208,210,210,210,210,210,210,210,210,211,209,208,209,210,210,209,209,208,208,208,209,209,209,209,209,210,209,208,209,209,209,208,208,207,208,208,206,205,206,207,208,208,198,187,177,167,162,174,190,205,201,198,198,198,193,183,174,171,168,165,166,167,171,179,187,196,198,201,202,202,201,202,203,203,203,204,203,202,200,199,198,199,199,199,198,197,197,196,196,196,196,196,196,195,195,195,194,194,193,192,191,190,190,188,188,188,186,185,184,184,184,182,181,181,180,181,180,177,171,159,145,145,151,145,142,157,167,166,166,163,162,160,157,155,152,146,142,138,141,133,130,128,117,96,73,51,54,73,78,82,86,86,75,71,67,61,56,53,50,47,45,45,43,42,42,45,52,61,68,73,68,67,71,73,75,87,100,114,138,159,176,191,200,205,213,216,223,226,220,218,223,222,212,204,189,177,157,116,71,43,29,12,10,12,15,14,9,6,6,7,6,6,6,6,7,8,9,9,9,7,4,3,3,2,2,2,2,2,2,2,2,2,2,5,0,3,11,20,34,41,37,31,20,44,67,49,41,32,20,46,88,133,171,196,203,200,191,195,206,214,215,215,215,207,197,187,179,172,172,178,188,199,208,204,208,210,203,195,192,188,181,177,176,179,183,182,179,184,194,206,207,202,211,209,195,195,191,198,207,211,211,213,211,193,172,166,167,171,180,190,197,201,203,203,209,207,197,195,202,200,216,211,202,195,195,200,204,207,208,209,207,206,209,210,209,209,211,214,219,209,202,202,195,180,181,165,169,171,158,145,143,152,172,186,200,209,213,207,192,173,153,145,135,135,143,142,136,127,103,96,135,175,204,215,213,211,207,206,186,175,175,178,193,203,197
173,172,177,178,181,172,176,185,192,196,197,197,198,197,196,198,193,197,191,193,195,191,194,192,191,191,186,175,155,127,114,119,139,150,155,146,138,118,50,17,5,4,7,19,35,44,42,37,34,34,33,31,31,31,31,31,28,28,28,28,28,27,26,25,25,24,24,25,25,24,24,25,23,23,23,21,20,20,21,22,21,23,24,22,21,22,21,21,21,21,21,21,22,22,20,19,23,24,22,24,27,22,18,22,32,76,122,145,143,158,183,208,214,217,215,212,212,212,212,213,210,210,210,210,210,211,211,211,211,211,211,211,211,211,211,211,211,207,205,207,210,210,209,209,209,209,209,209,209,209,209,209,211,210,209,209,209,209,209,208,206,207,207,207,207,208,205,201,192,183,173,170,172,180,191,201,196,190,184,184,188,194,197,198,190,185,180,176,170,166,167,171,175,178,183,187,189,194,200,204,200,201,203,203,203,202,201,201,201,201,200,200,199,199,199,198,198,198,198,197,197,196,196,196,196,195,194,193,193,192,191,190,189,189,188,187,186,186,185,184,188,183,182,182,181,178,161,138,143,149,150,147,151,163,172,173,169,167,165,164,163,158,153,149,143,144,139,138,135,129,120,103,83,77,75,75,81,84,90,79,76,72,65,60,56,52,48,44,45,45,43,42,45,49,47,42,31,25,19,16,12,10,18,28,37,47,60,84,119,148,176,202,205,212,223,226,222,222,224,225,221,210,204,197,176,145,103,62,41,29,21,21,19,11,6,7,6,6,6,6,6,7,8,8,8,10,9,6,3,3,3,2,2,2,2,2,2,2,2,2,4,1,1,4,12,25,34,36,35,20,6,10,4,1,1,6,4,41,88,142,187,205,201,186,181,192,204,208,209,208,204,199,188,180,175,176,179,184,197,210,213,217,217,206,191,184,180,173,175,178,185,188,184,180,183,190,202,211,214,218,217,205,195,191,195,203,205,202,202,204,197,186,180,176,174,177,184,193,200,206,211,212,213,206,193,195,193,209,217,209,197,189,191,200,206,208,208,212,215,216,215,215,217,220,217,218,213,201,188,189,163,146,139,139,153,145,134,125,116,132,159,188,205,211,207,191,170,151,142,134,140,148,155,152,157,138,123,144,168,196,212,209,202,195,190,176,177,186,188,196,203,200
175,174,181,184,188,178,182,191,195,197,197,196,198,195,193,194,192,196,190,193,195,190,192,188,186,188,179,164,140,106,89,97,137,149,149,146,142,80,27,19,6,7,15,32,43,40,34,36,34,34,33,30,30,32,33,31,31,29,28,28,30,30,28,27,23,23,24,26,26,25,25,26,18,20,23,24,24,23,22,21,21,23,23,21,19,19,19,19,19,19,20,22,24,24,23,22,21,24,26,30,29,22,29,48,108,156,178,170,159,173,191,210,216,214,210,209,213,213,210,210,212,212,210,210,210,211,211,212,210,210,211,211,211,212,212,213,209,205,202,206,210,210,209,208,210,210,209,209,209,209,210,210,211,210,209,209,209,209,208,208,207,207,207,207,207,204,194,185,174,171,169,175,189,201,204,200,197,193,182,168,160,165,181,195,204,202,201,199,191,180,174,173,172,173,172,170,168,171,178,184,194,196,198,200,201,201,202,203,202,202,202,201,201,200,200,200,199,199,199,198,198,197,197,197,196,195,194,194,195,194,193,193,189,189,189,189,188,187,188,188,186,184,183,176,166,160,146,126,128,136,151,153,147,159,174,173,174,169,167,167,166,162,157,156,154,152,147,143,140,139,132,111,99,80,59,56,72,82,98,91,83,79,73,66,61,57,51,47,47,48,47,46,48,45,31,15,9,6,3,4,10,24,45,61,73,84,87,81,71,67,92,132,183,194,212,223,223,222,222,221,223,225,224,210,196,192,169,133,80,57,36,29,23,12,5,5,6,6,6,6,7,7,7,8,7,10,10,7,3,2,3,2,2,2,2,2,2,2,2,2,2,3,4,4,5,7,7,6,4,7,5,1,3,8,2,5,2,3,23,85,155,189,190,178,178,187,198,206,208,207,207,208,199,189,184,188,190,191,199,209,212,211,210,203,190,184,187,192,191,190,189,190,190,189,187,186,190,203,214,211,212,206,186,183,181,191,198,198,199,203,205,203,192,184,176,174,178,187,197,205,207,208,205,211,192,185,194,198,214,209,197,187,188,201,210,212,218,219,219,218,218,218,215,211,210,208,212,202,183,198,168,137,119,118,140,142,139,128,99,103,142,180,203,212,212,200,182,168,165,175,174,166,187,189,197,182,160,169,179,197,205,198,192,189,187,189,184,186,205,217,206,192
189,190,193,196,197,196,197,199,196,197,196,196,195,194,193,193,194,192,191,190,190,192,192,188,183,174,160,125,105,99,99,125,151,151,150,139,90,38,19,9,6,4,27,40,39,40,38,40,35,34,31,31,35,35,31,30,33,31,29,29,29,29,28,27,23,23,24,26,27,26,23,21,21,21,24,27,27,24,23,25,26,22,20,20,18,16,15,17,17,14,18,18,20,18,26,21,27,29,31,33,39,48,67,96,140,167,176,181,175,181,194,211,214,212,211,212,212,212,212,213,212,213,210,209,213,215,212,211,211,211,207,212,214,205,203,204,199,192,186,191,204,210,210,211,211,210,209,208,208,209,209,210,211,211,211,211,210,209,209,210,209,206,204,203,196,185,177,175,164,174,189,200,205,205,203,201,200,196,189,175,156,142,145,155,174,191,200,198,205,203,192,193,188,180,176,174,170,164,163,174,172,174,178,182,186,189,192,195,199,199,201,203,203,201,199,199,199,199,199,198,198,197,197,197,200,198,195,194,194,194,193,192,193,192,190,188,188,189,188,186,187,180,168,154,142,133,129,127,118,131,150,153,149,152,163,178,176,175,174,169,167,168,162,158,159,156,152,149,148,146,140,133,112,82,40,24,36,67,95,93,91,82,81,73,66,64,54,49,53,56,47,46,47,31,13,4,7,4,5,15,38,72,100,111,130,145,145,147,134,113,79,56,102,166,195,210,224,222,224,222,224,223,223,223,220,209,191,176,146,98,75,58,33,9,4,6,5,5,5,6,7,7,8,9,9,8,9,12,8,2,2,4,3,2,1,1,1,2,2,2,2,3,3,3,3,2,2,2,3,3,3,3,3,3,3,4,2,1,6,15,87,166,187,196,193,191,196,203,210,216,218,216,211,198,196,197,195,194,192,197,205,211,209,209,206,200,199,195,200,194,191,189,186,187,183,171,182,192,199,196,206,201,193,184,187,180,188,202,206,206,208,207,200,190,174,164,167,176,186,195,202,203,203,204,203,193,189,197,200,209,189,183,197,201,209,218,216,213,210,208,208,206,204,203,204,206,206,202,201,198,179,153,112,98,121,150,151,130,123,113,137,167,181,199,200,199,199,200,200,209,210,202,201,210,215,213,195,174,180,189,183,180,182,183,175,173,181,197,213,222,209,184
197,197,199,201,201,199,199,200,197,197,197,196,195,194,194,193,192,191,191,191,190,192,190,183,173,161,125,106,102,104,125,156,146,151,148,112,52,24,20,4,7,11,33,43,41,41,37,39,37,37,34,31,33,33,32,34,31,30,30,29,29,29,29,30,27,27,27,28,28,27,26,25,23,24,26,28,27,25,25,25,26,24,21,20,19,17,16,16,15,13,16,15,16,20,29,34,27,33,52,83,114,131,145,165,176,188,184,186,187,196,206,216,214,214,214,214,213,212,211,211,210,212,211,211,212,208,204,204,206,205,199,200,198,189,186,185,175,169,165,176,197,210,211,210,211,211,211,210,209,207,207,206,210,209,209,207,207,207,208,209,208,201,191,183,179,177,176,176,190,195,201,204,204,203,202,202,206,206,203,195,180,157,132,114,124,139,167,188,201,204,200,202,202,202,198,191,188,183,175,173,169,168,168,169,172,175,176,177,182,184,189,195,200,201,202,203,199,198,197,197,198,198,198,198,195,196,198,198,196,193,191,191,190,190,189,187,185,184,182,179,166,155,141,133,133,137,140,142,140,145,155,155,151,151,158,172,177,175,173,170,169,170,166,165,163,161,157,154,153,151,145,139,123,86,33,8,14,42,81,98,94,86,85,78,72,70,59,55,55,54,49,51,43,19,6,6,2,1,18,50,81,105,125,137,150,161,171,181,179,168,138,101,52,81,157,200,206,222,226,223,222,222,222,222,220,213,202,194,184,165,128,83,45,16,5,3,5,5,5,6,6,7,8,8,8,8,10,11,9,4,2,4,3,2,2,2,2,3,2,2,2,2,3,3,3,3,2,2,3,3,3,3,2,3,3,3,4,9,6,1,13,96,176,202,201,195,196,204,210,215,218,219,207,202,199,198,205,207,197,196,195,212,215,214,220,214,200,193,187,188,189,185,181,181,180,176,177,187,199,197,200,201,205,200,188,185,194,206,208,207,209,209,204,184,166,167,176,182,193,207,207,207,206,209,213,209,199,194,191,180,194,168,165,201,200,202,207,205,203,203,204,205,205,206,204,207,207,205,205,203,187,163,132,108,118,137,152,163,148,137,141,167,174,176,188,192,193,215,221,220,219,218,212,207,209,216,207,189,180,174,168,165,161,163,167,173,188,202,208,208,194,175
201,200,200,201,201,199,197,197,196,196,196,196,195,194,193,193,193,191,191,189,188,187,180,170,158,128,87,80,84,115,139,146,146,153,129,71,28,15,9,7,7,21,39,45,44,42,37,41,37,38,36,33,33,32,32,36,29,31,31,31,29,29,30,31,30,30,29,28,27,27,27,28,27,28,29,29,28,28,27,26,26,25,23,19,18,17,15,13,7,9,14,15,17,23,22,38,46,75,115,155,185,194,196,202,197,201,195,199,205,212,216,217,214,215,216,216,215,213,211,209,210,210,207,205,204,198,193,193,192,192,183,181,178,170,168,167,173,169,167,178,197,209,210,210,208,209,210,210,209,209,210,211,210,210,210,208,209,211,211,208,198,181,167,165,171,179,188,194,206,207,207,206,203,202,204,205,202,205,206,206,204,191,162,135,94,87,106,137,162,182,193,201,202,206,205,202,203,203,198,193,188,183,178,176,175,173,169,166,163,164,169,176,184,190,196,200,203,201,200,200,201,201,198,196,190,185,179,173,169,169,169,170,171,170,167,161,156,153,150,148,143,137,132,136,148,162,173,178,167,157,151,146,145,147,153,168,179,178,176,174,175,172,170,171,167,166,163,161,159,156,151,146,143,111,54,12,4,22,64,98,102,96,93,86,80,76,66,62,58,56,53,52,37,12,4,4,4,9,35,72,96,106,117,128,142,148,164,177,186,191,180,143,86,39,94,170,198,217,220,219,223,222,222,222,216,208,203,201,191,190,179,149,78,13,6,3,6,5,6,6,6,7,7,8,8,9,10,10,9,7,5,3,3,2,2,2,3,3,3,2,2,2,2,3,4,5,4,2,4,3,3,2,2,2,2,2,5,1,1,9,1,47,162,207,205,190,185,194,204,209,211,211,218,213,211,215,225,219,199,195,197,206,215,217,216,207,194,195,184,183,179,179,188,194,193,190,188,182,187,189,195,202,213,211,203,190,185,192,201,206,205,199,202,199,192,190,193,197,201,207,215,215,214,215,217,217,207,192,192,156,153,155,153,170,187,199,201,203,204,205,206,208,210,211,211,211,210,206,205,206,194,177,154,134,130,147,154,166,166,176,167,163,170,165,173,188,197,212,211,213,215,213,210,208,209,211,209,206,195,175,163,156,152,163,171,174,182,189,190,187,176,162
201,199,198,198,198,197,195,193,195,194,194,194,193,193,192,191,190,188,188,188,189,188,178,163,131,109,101,103,97,123,126,138,150,141,105,50,23,13,3,8,9,29,43,45,46,42,38,44,34,37,36,35,35,33,32,34,31,32,33,32,31,30,30,30,32,31,30,28,26,26,28,30,30,32,33,31,30,32,31,29,26,26,23,18,16,16,13,10,12,9,9,10,12,19,19,52,104,147,182,198,207,212,214,213,212,216,214,217,218,217,217,214,215,215,213,211,210,208,203,197,200,199,192,185,184,185,183,182,180,180,173,173,176,174,177,178,193,194,194,197,204,207,209,212,211,212,211,210,208,208,209,211,209,210,211,210,212,211,204,196,176,161,158,173,190,196,202,209,206,207,207,206,204,204,205,207,206,208,207,206,209,210,199,184,156,101,59,58,92,133,161,179,194,201,202,205,205,202,203,206,206,203,199,197,195,191,185,180,170,167,165,165,167,171,177,181,193,194,194,194,193,189,183,179,180,170,158,151,151,154,158,159,157,155,149,141,135,133,133,133,130,140,156,170,180,184,186,186,183,163,142,125,117,118,132,159,175,179,177,178,180,176,173,174,169,169,167,165,162,160,155,151,146,136,91,36,7,9,42,80,103,102,99,92,87,80,72,68,62,61,55,49,32,14,7,1,3,16,45,74,88,94,106,116,127,136,152,160,173,183,190,171,134,53,36,120,190,208,217,220,223,222,223,222,215,204,198,199,211,202,196,188,125,22,6,3,6,6,6,6,6,6,7,7,7,9,10,9,9,10,7,3,3,2,2,3,3,3,2,2,2,2,2,3,5,7,6,3,4,3,2,2,2,2,3,2,3,4,3,5,4,55,170,206,205,193,189,194,202,209,214,215,210,212,219,219,215,209,198,194,200,193,196,192,188,191,178,159,165,169,166,161,163,165,170,177,185,189,194,194,196,202,209,210,199,190,184,188,197,204,205,203,203,211,212,209,211,216,218,219,216,214,215,212,209,210,205,193,189,172,131,124,127,133,168,185,201,205,209,210,211,211,210,210,211,208,204,200,200,204,200,190,185,170,144,162,172,169,179,180,182,165,166,160,164,175,187,188,199,205,208,205,206,211,211,208,211,215,213,195,175,162,158,169,172,177,186,190,187,178,167,158
200,198,197,196,197,197,196,193,194,193,192,192,192,191,190,189,189,187,185,184,183,179,163,143,118,89,86,106,104,108,100,124,141,126,105,56,13,9,9,3,17,38,45,43,45,41,39,44,37,38,36,35,36,34,32,32,34,34,33,34,34,34,32,31,33,33,32,30,28,29,31,33,32,34,34,33,33,35,34,32,27,27,24,19,16,15,13,10,12,8,8,10,10,15,26,75,149,188,209,213,216,220,223,218,219,220,218,219,218,213,216,213,213,210,205,199,197,194,186,176,176,183,180,170,169,177,183,185,185,184,178,183,192,196,202,205,206,210,210,208,208,208,208,212,210,211,212,211,211,210,210,211,212,212,212,212,211,204,190,177,160,165,179,198,209,210,207,207,207,208,209,208,206,205,206,206,210,210,208,207,207,208,207,205,190,177,134,71,36,43,76,117,159,183,198,205,203,198,203,204,203,204,205,206,207,205,203,200,197,192,185,178,171,164,162,161,171,173,175,174,171,166,162,160,156,154,154,155,159,163,165,166,165,164,160,154,151,151,153,154,159,168,181,188,189,186,183,182,185,171,147,111,76,59,82,130,164,178,178,178,181,177,177,176,171,171,170,167,164,162,158,155,145,149,122,69,24,4,21,62,94,103,103,97,92,85,78,74,68,64,57,50,32,13,6,1,2,14,42,70,83,89,101,112,118,134,147,154,168,173,183,179,136,73,21,86,173,201,219,222,222,221,222,223,219,210,206,207,214,223,209,193,153,28,2,8,6,6,6,6,6,6,7,7,7,9,9,8,9,11,9,5,3,2,2,2,3,3,2,1,2,2,2,3,6,8,8,6,3,2,1,1,2,3,3,3,2,5,6,1,1,85,185,210,213,210,207,203,199,202,207,207,208,199,199,188,177,177,166,146,129,113,107,100,87,78,69,60,57,63,60,54,53,53,57,65,74,88,95,104,123,142,154,164,178,172,168,175,189,201,207,210,217,216,217,220,221,212,205,206,200,198,201,204,202,204,204,199,191,187,152,111,102,117,147,184,198,202,206,207,207,206,204,202,198,195,192,192,196,204,207,203,196,191,167,169,185,181,185,169,171,174,164,155,162,154,158,161,180,189,200,208,211,213,216,219,221,216,218,208,186,170,163,166,183,194,204,204,197,189,187,190
199,198,196,195,196,197,196,193,193,192,191,191,191,190,189,187,190,187,182,176,170,163,147,128,111,91,98,116,82,74,99,115,125,135,113,50,9,7,9,7,29,46,46,44,45,41,40,41,43,42,37,34,36,35,33,33,37,36,36,37,38,37,35,32,32,32,31,31,30,31,32,33,32,34,34,35,36,36,35,34,30,28,24,20,17,16,14,12,8,6,7,7,10,18,47,104,167,199,215,223,224,220,221,216,218,214,212,213,211,205,208,203,202,200,194,188,187,187,179,168,165,180,186,178,175,183,193,199,196,190,183,192,205,209,213,214,210,212,210,209,212,212,210,210,210,210,211,211,209,206,203,201,203,202,201,201,196,187,173,164,167,187,204,208,208,210,210,206,209,209,208,207,206,206,207,208,207,206,206,208,210,209,209,209,210,200,185,156,107,44,22,51,116,161,189,199,199,200,208,203,202,203,205,205,204,204,204,204,207,205,203,199,191,181,172,168,165,167,168,167,164,163,163,165,170,176,184,189,191,191,192,194,192,193,192,189,188,188,187,187,190,190,188,187,187,187,187,188,183,183,167,121,58,13,27,81,147,176,182,181,181,178,180,177,175,174,172,169,167,166,162,159,156,157,142,102,51,8,7,46,84,107,112,107,101,92,85,79,74,67,59,57,39,11,3,3,5,8,30,62,79,84,92,101,106,123,133,144,163,170,175,174,133,67,21,75,160,199,214,218,222,220,220,222,221,219,218,219,210,224,221,201,147,17,2,8,6,6,5,5,6,6,7,7,7,8,8,8,9,11,10,8,4,3,2,2,2,2,2,1,2,3,3,2,5,9,10,8,4,3,1,1,2,3,3,3,2,0,3,7,9,130,207,218,221,216,210,203,198,197,190,180,174,151,142,129,103,81,58,39,29,17,5,5,1,0,2,4,0,0,0,0,1,3,1,1,0,0,0,4,8,11,16,32,50,62,83,111,141,162,178,192,204,208,207,202,198,192,188,189,180,179,186,198,206,209,209,208,207,189,167,134,108,109,136,176,192,196,198,200,202,203,199,194,188,184,185,189,195,204,209,208,190,184,185,174,181,179,176,175,170,178,169,166,166,153,149,139,146,170,196,209,213,216,218,217,218,210,214,210,191,176,173,179,201,211,215,213,212,212,216,222
197,197,196,194,194,195,194,192,192,191,190,189,189,189,187,185,182,177,167,153,143,140,134,124,105,99,111,118,90,87,105,102,135,147,91,25,11,7,4,18,40,51,47,46,47,43,43,40,44,43,38,35,37,36,34,35,41,41,41,41,40,37,35,33,30,31,31,32,33,34,34,33,33,33,34,36,37,36,34,33,32,28,24,21,18,16,14,14,16,13,10,12,26,41,80,125,170,199,209,218,220,214,217,213,213,206,205,203,200,189,193,187,192,194,192,189,190,194,189,181,175,186,191,187,185,186,190,195,189,181,174,189,207,210,211,210,213,213,210,209,213,214,211,209,212,209,204,199,193,186,179,175,178,177,177,178,175,171,169,171,191,204,212,207,204,208,212,211,208,208,207,206,206,206,208,209,209,209,209,210,210,210,209,209,205,208,206,191,173,145,104,80,125,168,186,186,183,188,204,202,207,208,208,207,205,202,201,200,202,203,206,208,205,200,194,191,185,185,184,183,183,184,186,188,192,195,198,200,199,198,198,199,195,195,194,192,191,191,189,187,188,187,188,190,192,191,188,184,185,188,183,150,90,24,5,38,112,162,182,183,182,179,183,179,180,178,175,172,170,169,166,163,163,158,153,130,84,28,2,23,69,105,118,115,109,99,91,82,79,73,62,62,51,22,5,5,5,3,16,41,61,76,89,98,105,117,125,140,152,163,161,147,103,36,10,78,160,197,210,215,220,220,220,221,221,222,222,222,233,223,217,197,117,8,8,2,5,5,5,5,6,6,7,7,7,8,8,8,9,10,11,11,6,4,3,2,2,2,2,1,1,3,2,1,3,8,11,10,6,4,2,1,2,3,3,2,3,5,5,1,29,163,218,210,204,193,183,175,167,155,135,116,83,59,36,18,5,0,0,6,2,0,11,48,63,82,95,57,10,9,10,10,6,4,5,5,6,8,7,5,0,15,23,19,3,2,0,2,15,35,66,96,131,159,182,187,186,181,170,160,169,174,184,197,209,211,209,209,210,203,182,161,130,118,143,155,188,192,196,201,206,207,199,190,182,177,178,183,190,198,204,204,196,179,177,169,173,176,168,172,179,184,185,185,176,167,149,129,132,156,179,190,198,208,210,205,208,208,213,211,203,191,187,199,204,214,219,219,223,223,220,219
198,198,196,194,193,193,193,191,191,189,188,187,188,187,185,183,175,165,145,120,103,102,104,101,101,118,124,110,115,111,106,142,165,138,55,5,10,6,5,21,45,52,47,48,49,46,46,41,39,40,39,38,39,38,36,36,44,45,46,44,40,36,33,32,31,31,33,35,37,38,37,35,33,32,33,36,37,34,32,32,32,27,23,21,18,15,14,15,16,20,27,41,67,78,101,118,143,178,192,207,217,215,211,194,188,181,182,181,179,173,185,185,192,197,199,197,199,204,202,195,186,187,185,184,183,177,172,173,172,163,160,183,207,212,213,212,212,214,211,209,211,212,209,209,199,193,186,179,175,170,166,163,164,163,166,170,171,174,185,198,209,208,208,211,211,210,209,209,209,209,209,208,207,207,207,208,205,208,211,210,209,209,209,208,212,206,210,207,197,187,174,166,161,186,185,175,167,173,200,209,205,207,209,211,210,208,205,203,205,204,205,206,206,205,204,205,204,203,202,202,202,203,203,203,201,197,195,196,199,200,197,193,196,196,194,192,192,193,193,191,192,192,191,191,190,189,189,188,189,186,185,175,134,61,11,16,74,141,175,182,183,181,186,181,183,180,176,173,172,172,169,165,162,160,164,152,114,56,12,11,50,95,116,116,112,103,96,86,82,79,65,64,61,38,14,4,3,2,5,14,31,59,82,90,102,112,122,135,132,140,128,99,54,21,19,97,171,196,211,211,217,219,221,221,222,223,223,221,218,223,213,183,91,1,5,5,5,5,5,5,6,6,7,7,8,7,7,8,8,9,11,12,7,5,3,2,1,2,2,2,1,2,2,0,2,8,11,11,7,5,2,2,2,3,2,1,4,0,3,4,64,154,188,190,172,161,147,127,97,63,34,15,6,5,0,12,66,99,77,53,16,1,73,175,170,154,169,125,26,15,12,15,19,24,23,15,13,18,10,4,42,143,172,122,102,65,19,1,3,2,1,0,6,30,62,95,126,147,162,173,166,178,188,197,205,205,202,204,204,207,198,187,162,144,159,176,186,191,199,207,214,213,201,188,176,170,169,174,181,190,197,199,200,194,175,165,158,170,171,165,174,196,200,191,185,171,134,130,129,130,139,157,176,190,201,209,209,213,213,213,220,210,194,202,203,216,218,213,213,213,212,214
198,196,193,195,193,191,193,189,192,188,189,186,190,184,183,178,165,131,106,86,90,109,107,108,127,131,128,141,133,116,138,165,164,124,40,12,7,4,16,33,48,49,49,47,46,47,47,46,42,40,37,35,35,36,37,39,41,46,47,40,34,33,33,31,31,33,33,32,33,36,37,34,32,31,28,29,32,32,30,31,30,25,27,24,23,20,14,23,37,60,98,122,131,125,111,118,110,122,161,193,204,206,197,187,171,162,180,182,191,184,188,194,193,193,195,192,187,192,200,199,186,188,163,176,175,168,164,174,174,177,184,194,204,211,213,213,212,213,213,211,210,207,199,190,179,176,173,172,173,177,181,183,187,186,187,190,196,201,206,208,208,208,208,209,210,211,210,210,210,210,210,209,209,209,209,209,209,209,210,210,210,210,209,208,209,208,208,209,210,206,199,193,192,182,185,173,160,164,193,205,207,209,212,211,208,208,207,203,205,206,207,206,204,203,204,204,205,204,204,205,204,202,200,200,199,198,199,199,198,196,196,197,196,197,197,197,196,194,194,194,196,194,193,194,193,191,190,191,189,188,186,183,164,104,34,4,34,106,169,183,186,183,187,182,183,180,178,176,175,173,171,169,166,166,160,156,140,92,43,26,55,89,118,123,117,110,101,96,92,82,74,70,65,54,32,11,3,2,3,6,10,22,41,59,72,87,97,99,99,87,62,40,13,13,55,129,181,200,205,209,214,217,220,222,221,220,221,222,222,223,205,171,65,0,9,5,6,6,5,5,5,7,7,6,7,8,8,9,8,9,10,11,11,6,2,2,2,2,1,1,2,3,1,3,0,8,4,39,57,23,0,4,5,1,4,2,3,5,6,38,113,158,167,162,140,101,62,42,11,5,10,0,5,3,2,101,202,191,123,150,103,0,63,183,117,78,73,49,26,26,22,22,32,37,28,17,24,23,14,9,107,209,158,69,73,145,113,16,4,83,97,48,22,10,2,1,21,45,78,130,156,178,178,185,200,199,195,202,204,212,204,198,192,169,167,198,190,189,194,195,200,196,200,193,175,181,188,189,186,185,192,199,207,207,197,175,155,149,153,157,162,171,189,196,189,184,174,156,129,117,118,138,162,182,198,207,214,220,219,217,218,215,201,189,195,199,208,207,212,215,208,215
192,195,192,193,194,191,193,190,188,189,191,183,187,187,184,172,149,106,79,75,95,115,112,115,124,131,136,135,122,132,160,160,151,98,24,9,8,5,18,41,51,53,53,51,50,48,46,44,43,43,42,39,37,35,37,38,43,41,36,32,32,34,32,29,31,32,33,34,35,36,36,34,35,35,31,28,28,26,25,27,25,28,38,36,28,23,31,56,106,135,159,170,171,158,129,101,104,90,113,156,184,192,185,181,183,182,200,202,211,201,196,185,183,181,174,163,161,174,187,190,184,182,166,174,188,189,186,190,201,201,202,206,210,213,214,214,213,213,214,212,205,191,177,167,166,174,185,195,202,206,207,207,208,207,207,208,209,211,212,212,209,209,209,210,211,211,211,210,211,211,210,210,210,210,210,210,209,210,210,210,210,210,209,208,210,209,209,210,212,211,207,203,187,179,174,164,161,174,191,191,206,207,209,212,212,209,206,205,206,206,207,206,206,205,206,206,205,205,205,204,203,201,202,204,200,200,200,199,199,198,197,196,198,198,199,199,198,197,196,196,196,195,194,195,194,192,191,192,192,193,188,187,179,137,68,13,10,68,141,176,187,185,187,186,184,182,179,177,176,175,173,171,170,169,164,163,156,126,93,79,80,96,111,118,121,118,108,99,95,86,78,74,71,65,50,34,15,8,1,0,2,6,13,19,27,35,41,41,38,27,13,6,14,45,101,156,186,196,203,208,211,214,217,220,220,221,221,222,222,215,196,158,48,1,6,7,5,5,6,6,7,8,7,7,7,8,8,8,8,9,10,12,10,6,2,2,2,2,2,1,1,4,0,4,3,3,5,59,127,86,23,0,3,5,2,3,2,13,12,44,86,100,102,72,36,7,1,27,23,7,8,51,75,16,17,163,200,95,1,90,126,21,12,145,167,146,146,63,20,22,30,36,32,23,21,24,22,32,32,5,58,167,118,49,6,70,126,21,59,192,150,101,113,117,42,9,2,1,4,11,44,81,132,165,172,181,186,197,209,213,218,215,199,182,180,187,192,179,171,182,189,202,200,200,201,192,185,184,187,190,196,202,209,209,201,182,162,150,148,148,145,156,174,186,189,194,193,184,164,144,136,154,178,194,204,208,205,209,212,213,214,211,202,190,185,197,200,210,216,215,220,218
189,196,191,189,191,188,188,187,186,187,189,183,184,184,180,168,154,108,98,103,110,134,141,127,131,131,119,110,122,144,150,137,115,59,9,6,8,9,23,48,51,53,55,54,54,52,49,46,39,42,43,42,39,37,38,40,43,38,33,31,32,34,33,31,34,34,34,36,37,35,34,33,31,33,32,29,28,26,24,26,30,28,30,37,59,90,116,138,137,163,177,188,193,185,156,109,96,91,108,136,162,183,188,185,188,196,210,212,220,209,196,169,143,155,158,156,162,179,191,196,187,183,173,178,202,210,211,211,215,216,216,216,216,215,215,214,214,213,209,198,180,166,165,172,189,197,206,212,213,212,211,211,210,210,210,211,211,211,210,209,211,211,211,211,212,212,211,211,211,211,211,211,210,211,211,211,210,211,211,211,210,210,209,209,210,209,208,210,212,213,211,209,192,160,133,138,144,142,144,162,186,200,209,210,212,209,206,208,207,207,206,206,207,207,206,206,205,204,204,204,203,201,200,200,199,201,201,200,199,200,199,197,199,200,200,200,199,198,198,198,197,196,196,196,196,194,194,194,192,195,189,190,188,170,114,39,9,32,105,161,186,187,185,186,185,183,181,180,179,177,175,173,174,171,167,166,164,153,134,120,112,109,109,116,123,122,112,102,102,94,86,80,76,72,65,56,38,25,11,4,3,2,3,4,6,7,7,6,4,1,6,17,46,96,150,178,188,194,200,205,207,210,213,217,219,221,222,222,219,212,195,158,83,9,4,3,4,4,5,6,6,6,6,7,8,8,8,8,8,9,11,12,8,5,2,2,3,2,2,2,1,5,0,2,5,1,4,60,147,159,93,15,2,5,2,3,17,8,13,21,28,31,15,5,6,36,91,158,152,40,0,79,176,77,0,138,161,23,5,81,145,93,1,99,193,129,111,84,59,39,35,48,49,38,32,32,24,39,25,54,78,57,92,122,102,49,34,6,107,205,119,36,53,107,76,5,1,24,37,13,6,0,17,58,106,155,176,196,198,205,208,199,192,195,191,175,175,158,156,170,184,205,206,214,212,201,189,181,177,178,186,196,201,205,206,196,177,155,139,130,155,154,158,172,193,208,206,196,175,158,155,175,196,204,204,202,197,196,201,206,208,211,210,203,188,196,201,214,220,220,226,219
184,196,192,188,191,188,187,188,189,183,185,187,184,179,178,173,161,146,123,107,112,112,108,123,137,119,99,99,122,134,122,114,76,29,8,9,9,17,34,55,53,54,54,53,53,53,51,48,40,42,44,43,40,39,39,40,41,39,37,36,33,32,32,34,38,36,35,37,36,33,31,31,29,30,28,25,25,22,19,21,20,18,24,55,114,166,186,187,189,186,180,181,182,179,165,136,122,122,141,158,162,165,173,186,197,205,209,208,211,198,184,152,129,153,168,177,181,188,187,190,183,173,155,174,203,213,217,216,213,216,217,215,211,207,204,201,201,198,189,175,163,164,181,198,210,212,214,212,209,208,209,211,207,207,208,210,211,212,212,211,212,212,212,212,212,212,212,211,212,211,211,211,211,211,211,211,212,212,212,212,211,211,210,210,211,210,210,210,212,212,211,209,195,177,118,101,128,133,108,115,147,184,206,205,206,208,207,208,208,206,205,205,206,206,205,205,203,201,201,204,205,202,195,190,194,200,202,201,200,201,201,198,199,200,201,201,200,199,199,199,198,198,197,197,197,196,196,196,192,195,190,191,187,183,152,81,19,5,65,136,178,187,186,187,185,184,182,181,181,180,177,175,176,172,170,167,164,161,148,130,117,102,96,107,121,126,121,115,107,99,92,85,78,74,71,65,63,52,37,24,14,7,5,5,4,4,3,5,11,22,43,65,103,141,170,179,185,193,197,200,204,206,210,214,218,221,222,222,219,211,206,182,149,59,4,5,7,6,5,5,5,4,6,8,8,8,8,8,9,10,11,12,7,4,1,2,3,2,2,2,1,6,0,0,2,4,2,31,110,158,113,25,1,6,6,9,2,11,12,16,18,17,15,16,116,176,191,210,153,49,8,0,127,160,12,61,166,97,11,63,167,183,36,37,170,154,140,176,184,91,29,38,54,46,37,35,41,34,8,69,165,99,45,60,172,171,31,32,172,187,122,115,40,1,18,8,24,148,161,101,59,26,4,2,4,34,83,129,167,179,185,192,203,198,181,172,156,140,151,159,184,204,212,219,213,197,179,170,173,179,182,183,194,196,199,197,188,173,160,153,158,161,163,170,186,199,205,208,188,177,177,194,210,215,207,197,194,189,197,207,210,217,222,216,202,191,201,208,214,221,215,214
166,186,189,187,189,186,185,186,187,180,181,184,178,178,181,179,177,162,131,103,94,87,95,124,123,105,106,110,107,112,114,109,63,17,10,13,12,25,46,63,58,56,53,51,50,50,48,46,47,47,46,44,41,39,38,38,41,39,38,35,31,29,31,34,39,36,34,35,34,30,28,29,29,27,24,24,27,26,26,30,28,40,58,93,143,187,211,216,208,194,192,188,180,171,153,140,156,163,179,183,179,176,176,183,186,192,195,198,203,196,190,168,141,158,168,182,186,190,183,186,164,140,110,154,194,210,211,205,201,203,202,196,190,186,183,182,181,178,174,172,178,192,205,211,210,211,212,212,212,212,213,213,212,212,212,212,213,214,214,214,212,212,212,213,212,212,212,212,212,211,211,211,211,211,212,212,213,213,213,213,212,212,211,211,213,213,213,213,214,213,212,210,202,184,160,138,119,136,133,106,132,174,202,205,207,208,205,205,204,202,201,201,203,204,204,204,203,202,202,203,201,194,187,183,189,197,203,202,200,201,202,200,200,201,202,202,201,200,200,200,198,199,198,198,197,197,197,197,197,195,192,195,188,187,176,127,50,3,33,101,161,185,187,187,186,184,183,183,182,181,178,176,177,173,173,170,166,166,157,138,110,79,63,80,109,128,128,117,108,102,96,90,82,77,75,71,72,68,61,52,43,35,30,28,24,27,30,36,52,72,94,113,142,159,170,174,182,188,192,197,201,203,207,212,217,220,221,221,222,214,213,208,189,141,32,6,7,6,6,7,7,6,7,9,8,8,8,8,9,10,11,12,5,3,1,2,3,2,2,3,2,3,2,2,0,5,3,6,46,69,45,9,6,6,3,4,13,13,20,22,31,23,3,13,144,165,136,165,80,15,19,5,31,167,105,2,83,157,127,130,196,207,61,1,99,159,144,127,129,72,28,23,34,46,50,45,40,30,17,4,55,129,137,147,204,194,31,55,201,145,59,113,59,8,13,3,117,201,143,62,91,113,56,2,5,0,4,25,75,129,164,168,179,193,188,176,159,141,146,147,171,196,203,206,205,195,182,173,177,186,190,188,186,193,206,214,212,196,177,164,166,171,174,175,179,186,195,204,204,195,191,197,209,219,218,209,199,194,202,212,214,218,221,215,209,188,187,193,201,210,209,212
151,177,188,187,185,182,181,179,175,169,167,168,162,174,179,173,164,138,114,88,66,79,104,107,116,128,133,123,110,114,121,115,63,14,6,11,13,28,53,66,59,56,53,50,50,51,49,46,46,45,44,42,40,39,38,38,44,40,34,31,31,32,34,34,38,35,33,32,31,29,27,27,24,23,24,29,32,31,36,47,65,110,143,156,168,190,212,218,220,208,207,197,190,190,183,186,186,199,209,201,198,203,197,191,197,197,196,195,192,185,178,165,162,161,153,162,162,166,154,151,130,98,66,118,165,190,190,184,180,181,179,173,171,173,177,179,181,185,188,193,203,213,215,212,213,212,212,213,214,214,213,212,214,213,212,212,212,213,213,213,212,212,213,213,212,212,212,212,212,212,211,211,211,212,212,212,213,213,213,213,213,213,212,212,213,213,214,214,215,214,213,212,212,212,202,188,169,154,154,170,163,183,200,207,210,204,196,195,193,192,192,192,194,196,198,198,203,204,204,199,189,181,180,182,190,197,203,203,201,201,202,202,202,203,204,204,203,202,202,202,199,199,199,198,198,198,198,197,200,194,192,198,192,191,187,159,94,24,8,56,132,178,189,185,186,185,184,184,184,182,179,177,178,175,175,173,169,170,164,151,109,59,25,41,87,126,133,119,117,110,105,99,90,83,79,76,73,71,68,67,67,67,66,66,65,72,77,85,99,115,129,139,146,156,166,174,179,181,187,195,197,200,205,210,214,217,219,220,220,223,215,220,211,186,105,8,4,3,4,7,8,7,6,7,7,7,8,9,10,11,11,11,4,2,1,2,3,2,2,2,3,1,2,6,1,2,4,2,0,5,1,2,6,4,8,13,23,29,34,100,157,148,121,43,22,29,2,114,159,63,13,11,1,81,186,60,2,42,116,158,177,122,24,4,14,16,9,6,11,22,28,18,11,23,29,20,25,21,17,6,2,9,42,91,132,82,9,32,138,141,100,111,85,29,5,83,184,188,110,43,66,180,145,22,0,7,16,0,0,21,68,122,157,174,179,177,170,158,148,144,148,176,186,196,201,206,206,197,188,185,185,185,193,197,202,207,206,197,182,171,178,182,187,188,186,186,191,196,208,208,207,200,195,201,212,215,210,205,205,206,203,205,208,207,210,197,180,186,195,201,216,218
140,166,181,179,171,170,173,169,162,152,146,149,145,160,166,158,142,132,101,79,78,83,93,105,133,155,144,126,124,127,123,108,49,10,6,9,14,33,61,64,58,57,55,54,55,55,52,48,43,43,43,42,41,40,40,41,45,41,35,31,33,38,39,37,39,38,36,33,31,30,27,24,21,21,24,30,35,41,64,92,147,185,202,191,175,177,200,214,219,220,219,213,210,208,204,204,215,214,218,217,213,207,201,206,204,201,202,198,193,190,182,176,161,155,143,149,147,155,143,134,100,73,57,79,110,140,148,159,172,176,179,179,182,189,195,197,202,206,210,213,214,214,214,214,214,213,212,212,213,214,215,216,214,214,213,213,214,215,215,215,212,213,214,214,213,212,213,213,212,212,212,212,212,212,213,213,212,212,212,213,213,213,213,213,212,212,213,213,213,213,212,212,214,211,204,194,185,164,162,179,192,190,189,191,191,188,182,180,178,178,178,178,179,180,183,185,190,192,192,189,183,180,185,191,197,200,203,204,203,202,203,204,204,205,205,205,204,203,202,202,200,201,200,199,198,199,199,197,198,194,195,197,194,194,190,178,131,69,27,46,112,162,186,189,188,187,186,186,186,184,181,178,178,176,176,175,172,170,168,162,124,64,13,15,59,113,138,133,128,121,114,107,97,90,85,81,78,75,71,68,68,70,73,75,82,89,96,102,111,119,127,135,140,148,161,170,172,177,185,189,192,196,202,207,211,214,217,219,217,224,218,222,223,199,175,58,8,4,3,5,7,6,5,6,6,7,8,10,11,12,11,10,4,2,1,2,3,2,2,2,2,1,2,5,3,1,5,4,1,4,5,6,6,15,30,35,26,15,117,219,206,137,125,98,24,5,3,21,136,163,45,23,6,1,117,92,9,9,9,24,30,32,18,19,5,9,13,10,9,3,1,6,7,4,6,11,13,4,10,4,9,4,1,0,3,6,10,3,19,43,86,129,141,39,30,172,202,90,96,162,178,200,149,23,12,96,137,37,3,1,2,26,73,124,155,165,168,163,153,150,146,165,182,196,210,212,213,208,196,182,173,170,177,183,192,199,204,201,190,178,179,190,208,211,198,192,199,206,213,217,220,211,192,185,194,205,213,213,209,201,195,195,200,204,210,211,197,192,195,201,217,220
118,143,159,156,146,148,157,155,159,140,130,139,136,148,152,148,139,116,94,99,101,87,99,133,144,144,129,122,115,116,115,83,26,7,11,11,16,40,70,63,61,60,59,59,59,57,51,45,45,47,49,47,43,41,41,43,40,41,39,35,36,40,41,39,42,43,41,36,33,31,26,22,19,17,20,31,45,71,123,174,194,206,214,218,196,167,182,210,217,224,216,218,221,217,220,221,217,219,220,216,218,222,218,220,217,212,214,207,201,203,194,191,186,181,168,168,155,163,149,136,94,78,80,64,69,98,118,151,185,193,201,205,209,214,216,214,219,216,215,217,217,214,213,214,214,214,214,214,214,215,215,215,214,214,214,214,214,214,213,212,212,213,214,214,213,213,213,214,213,213,213,213,213,213,213,214,212,212,212,212,212,213,213,213,213,214,214,213,213,212,213,213,212,214,218,208,190,156,159,182,191,181,170,163,163,169,171,167,167,167,167,166,165,166,169,171,170,170,173,178,184,191,198,204,204,203,203,204,204,203,203,204,204,205,205,205,204,203,202,202,200,201,201,199,198,199,199,197,195,197,200,196,194,196,192,189,168,134,95,84,117,147,178,193,189,188,188,187,187,185,182,179,178,177,178,178,176,173,171,171,155,93,31,10,36,89,129,136,134,125,117,111,102,95,91,88,79,79,78,73,68,66,69,71,78,84,92,99,106,111,120,132,143,147,155,161,165,177,186,183,189,193,200,205,209,212,216,218,221,214,221,222,217,215,199,135,18,10,4,4,6,6,6,8,6,7,8,10,12,12,11,10,3,2,1,2,3,2,1,2,1,5,1,0,4,4,4,2,5,3,1,9,23,34,34,18,8,16,165,208,98,34,101,132,99,58,11,1,38,172,131,29,35,35,31,60,62,23,9,3,9,7,6,6,3,10,3,3,3,6,5,4,5,4,2,3,3,11,0,8,2,5,6,8,8,9,2,5,1,0,0,13,41,13,25,150,137,5,14,165,154,98,46,11,101,196,187,46,1,44,42,4,0,31,86,139,160,154,154,156,166,172,191,197,206,210,214,207,186,167,168,181,179,183,186,190,198,204,201,194,197,201,217,223,211,202,200,196,208,205,208,208,196,188,191,199,206,214,215,208,200,197,199,204,210,218,219,198,194,203,204,212
113,120,132,135,129,134,149,158,161,147,149,151,146,144,138,130,116,110,123,121,90,83,106,119,119,116,105,98,93,93,80,43,13,11,11,14,22,47,69,67,65,59,63,60,59,59,51,53,50,48,47,46,44,45,45,43,44,41,38,37,39,41,42,43,43,44,43,44,40,30,23,25,24,24,33,44,84,145,184,202,210,220,223,219,205,179,174,195,217,217,217,218,218,219,219,220,217,218,219,219,218,218,218,218,218,220,219,217,217,214,210,208,203,201,199,197,193,191,183,172,146,103,92,87,78,105,148,176,188,195,204,210,212,212,213,214,215,215,215,214,214,214,214,215,214,214,214,213,214,214,214,215,213,213,213,214,215,215,214,213,213,213,214,214,213,213,214,214,214,213,211,212,214,215,214,213,212,212,212,213,213,213,214,214,212,212,211,211,211,212,212,213,215,214,212,211,199,176,172,187,196,182,159,143,141,147,157,167,167,171,168,170,168,172,159,148,140,136,146,169,190,204,208,207,206,205,204,204,205,205,205,205,206,206,205,206,206,205,202,201,203,203,203,202,201,200,200,199,198,197,197,197,197,196,195,194,180,170,153,145,150,158,171,188,194,188,190,192,187,186,186,183,180,179,179,178,177,176,174,173,164,135,63,7,19,68,112,140,137,130,124,116,106,102,97,88,88,81,78,77,71,67,67,68,74,81,86,93,97,115,118,124,137,144,151,157,166,173,178,183,188,192,197,202,206,210,214,216,216,217,219,218,217,218,203,178,82,4,7,6,9,1,8,5,7,7,8,9,11,12,10,7,3,2,2,2,2,2,2,2,1,4,1,10,1,3,9,2,3,5,9,24,37,34,94,94,20,5,95,174,138,190,221,167,138,172,62,6,2,63,117,62,57,45,31,22,17,12,9,6,10,5,5,4,0,1,4,2,3,3,3,3,3,3,3,3,2,2,2,3,3,3,3,3,4,4,4,5,5,6,6,6,2,6,5,25,22,3,17,148,127,10,8,89,202,201,90,11,104,182,153,84,29,0,5,48,101,147,154,158,174,185,195,194,196,199,203,205,199,185,178,181,188,181,178,187,204,214,213,208,188,198,199,212,219,204,195,191,194,196,209,204,203,210,199,198,207,209,213,215,212,207,208,212,208,206,206,197,185,187,197,202
126,128,137,147,149,150,160,169,170,166,169,166,156,138,112,98,79,113,125,109,102,103,100,96,98,89,75,74,79,81,66,27,12,10,10,14,28,56,75,70,66,62,62,60,59,58,53,53,57,49,46,47,49,49,46,39,44,42,40,40,42,44,45,45,47,47,42,37,38,37,32,29,39,35,55,104,161,191,201,215,221,218,216,219,212,183,171,190,213,214,215,217,218,219,220,220,218,219,219,219,218,218,217,218,216,218,218,219,221,220,219,219,221,218,215,211,208,209,204,195,174,135,95,91,122,148,156,167,180,188,199,207,211,212,214,216,215,215,215,214,214,214,214,214,214,214,214,214,214,214,214,215,214,214,214,214,215,215,214,213,213,213,214,214,213,213,214,214,214,213,212,212,214,215,214,214,213,213,213,214,214,214,214,214,213,213,212,212,212,213,213,214,211,213,213,212,208,197,191,198,190,178,160,149,144,142,144,151,163,163,166,171,166,157,146,143,132,135,149,170,191,205,208,204,206,205,204,205,205,206,206,205,206,205,205,205,205,205,204,203,204,203,203,203,202,201,200,200,198,198,197,197,197,196,195,194,189,176,165,169,174,170,171,184,193,191,191,190,188,188,187,184,182,181,180,180,179,177,175,174,169,153,102,39,10,33,88,132,144,137,129,121,113,108,101,94,93,85,81,78,74,72,74,75,71,76,83,90,95,112,116,124,132,140,147,153,161,169,176,182,186,190,195,200,204,208,212,214,216,216,218,217,215,216,206,187,138,38,2,2,6,7,6,8,6,7,7,8,11,12,9,6,3,3,2,2,2,2,2,2,2,3,6,0,13,4,1,9,4,19,36,29,46,147,224,207,48,0,13,80,153,166,138,89,150,227,135,38,67,39,32,35,16,11,7,7,9,8,6,5,3,3,2,3,6,6,2,1,3,3,3,3,3,3,3,3,2,3,3,3,3,3,3,3,3,3,3,3,4,4,4,4,4,9,2,5,9,11,4,58,68,24,63,198,204,115,21,122,200,183,78,92,117,78,13,0,21,67,134,147,157,184,186,197,194,193,204,210,204,205,203,187,180,181,184,192,200,205,207,207,189,183,194,204,213,214,199,193,190,199,211,214,215,217,216,215,199,195,195,202,209,210,207,206,199,194,197,200,193,184,189,200
144,151,160,167,170,169,170,175,181,171,166,157,138,111,82,69,87,106,111,116,131,120,93,84,88,91,89,87,85,81,63,29,10,8,11,17,35,64,77,68,69,67,62,62,61,57,56,54,52,51,53,53,46,41,42,43,44,43,43,44,46,47,47,47,48,48,46,43,37,32,38,52,47,76,127,173,193,204,215,212,203,210,215,215,202,177,177,202,215,216,217,218,218,218,218,218,218,219,220,219,218,217,217,218,217,218,218,219,220,220,220,221,217,220,222,220,216,217,216,210,194,154,98,101,153,180,181,186,187,193,203,210,212,213,214,214,215,215,214,214,214,214,214,214,214,214,214,214,214,214,215,215,215,215,214,214,214,215,214,214,213,213,214,214,213,213,214,215,214,213,212,213,214,215,215,214,213,213,214,214,214,214,215,215,215,214,213,212,212,213,214,214,211,215,214,211,213,212,204,197,181,174,169,166,161,149,139,135,138,153,162,153,145,141,141,137,145,149,158,168,182,199,207,205,206,206,205,205,206,207,207,206,206,205,204,204,204,205,205,205,204,204,204,204,203,202,201,201,200,199,198,198,198,197,196,195,194,181,170,173,177,172,168,172,188,194,193,189,190,191,189,186,185,184,183,182,181,179,177,176,176,166,137,78,17,8,58,112,143,141,134,125,119,114,106,100,98,92,89,87,81,75,71,68,74,76,81,87,91,105,110,119,126,135,143,148,156,164,173,181,184,187,193,198,202,206,209,212,214,215,217,217,215,213,206,195,169,103,11,8,8,6,4,2,6,6,7,8,10,11,9,5,2,2,2,2,2,2,2,2,3,2,2,6,2,3,6,3,28,46,23,46,178,218,196,119,58,33,15,0,20,94,154,200,229,206,110,62,43,32,5,10,11,7,4,4,5,4,3,3,0,5,3,1,3,2,0,5,3,3,3,3,3,2,2,2,3,3,3,3,3,2,2,2,2,2,2,2,2,3,3,3,5,6,2,3,4,10,1,3,17,8,56,177,136,22,139,199,177,128,71,10,71,106,28,1,0,0,42,104,145,158,164,168,185,194,205,214,221,215,195,178,176,169,165,171,184,195,201,203,196,182,190,200,209,220,209,196,195,201,205,214,217,215,215,211,205,194,187,192,203,212,215,215,206,197,192,196,197,192,194,206
151,172,181,178,177,177,174,173,165,168,153,136,124,88,56,67,89,90,109,138,148,135,117,109,105,105,102,98,92,82,54,19,10,10,15,22,43,70,76,66,72,72,63,65,63,57,59,55,55,49,48,50,48,45,44,42,45,45,45,47,49,49,48,46,45,46,43,38,38,41,48,57,88,150,186,198,210,212,202,181,179,190,191,183,178,176,186,205,218,218,218,218,217,217,217,216,218,218,219,219,218,218,218,218,220,219,219,219,218,218,217,214,213,213,216,220,218,215,213,209,195,162,133,155,189,199,202,199,203,207,212,215,215,214,213,213,215,215,214,214,214,214,214,214,214,214,214,214,214,215,215,215,216,215,214,213,214,214,214,214,213,214,214,214,214,213,214,215,214,213,213,214,215,215,215,214,213,213,213,213,214,214,214,214,215,214,213,212,211,212,213,214,214,217,214,210,213,215,204,189,175,173,175,178,175,165,149,136,124,119,124,126,132,129,141,153,165,165,165,165,171,188,203,208,207,206,206,206,207,208,207,207,206,205,205,205,205,205,205,205,204,204,204,204,203,203,202,202,201,200,199,199,199,198,197,196,197,191,179,169,170,176,174,167,180,193,195,190,192,193,191,189,187,186,185,184,183,181,179,177,179,172,156,114,48,7,34,87,131,141,139,129,125,121,113,109,96,93,92,92,87,83,77,71,79,77,82,86,90,99,105,115,123,132,139,145,154,163,171,179,182,185,191,196,200,204,207,210,212,214,217,218,217,213,206,200,188,166,64,4,3,3,7,4,6,6,7,8,10,10,8,4,2,2,2,2,2,2,3,3,1,4,6,4,1,8,5,28,48,35,8,39,190,185,109,148,193,76,12,45,8,50,136,154,127,61,20,17,8,17,20,16,10,7,4,3,3,3,3,4,2,4,4,2,1,1,2,5,3,3,3,3,2,2,2,2,3,3,3,3,2,2,2,2,2,2,2,2,2,2,2,2,4,2,4,8,4,3,6,5,5,3,8,38,18,57,190,188,56,73,125,18,3,27,9,6,12,7,4,15,74,133,154,146,163,193,205,202,211,211,193,177,170,175,182,187,188,189,194,201,208,202,191,197,205,212,218,205,201,199,198,204,207,206,206,206,210,203,196,195,199,205,213,218,212,210,203,201,208,205,194,189
155,174,181,176,175,177,174,171,169,153,141,119,92,81,81,86,87,112,144,150,135,127,120,104,104,94,88,82,71,51,28,12,10,11,19,26,47,74,78,73,74,73,65,66,64,58,60,56,56,50,49,50,49,49,50,49,48,48,48,50,51,50,48,46,45,43,42,44,45,51,75,104,159,185,208,219,216,215,198,154,117,146,170,177,180,188,202,217,216,215,215,215,215,216,217,217,217,217,218,218,218,218,218,219,220,219,220,220,219,219,214,204,195,190,193,202,204,201,196,192,184,170,171,200,215,214,216,206,212,213,215,215,214,214,213,214,215,215,214,214,214,214,214,214,214,214,215,215,215,215,215,215,216,215,213,213,213,214,214,214,214,214,215,214,214,213,214,214,214,214,214,214,215,215,215,215,213,213,213,213,213,214,214,214,215,214,213,212,212,212,213,214,214,214,213,211,214,214,204,190,174,172,173,175,175,173,160,143,117,91,82,94,124,137,154,165,166,165,165,164,167,181,198,208,207,207,207,207,208,208,208,207,206,206,207,207,206,206,205,204,204,204,204,204,203,203,202,202,202,201,200,200,200,199,198,198,195,197,189,174,170,179,179,169,172,188,195,192,194,194,192,192,190,189,187,186,184,183,181,179,177,178,171,146,89,27,26,73,118,139,145,134,129,127,122,117,107,101,97,94,91,90,86,80,81,79,85,87,92,98,105,116,121,129,136,143,153,162,168,174,180,184,190,195,199,202,206,208,212,213,214,217,219,215,210,207,209,193,142,27,1,10,6,7,6,6,7,8,10,10,7,3,2,2,2,2,3,3,3,3,2,5,4,2,9,4,28,41,34,13,12,1,45,140,184,225,180,76,129,187,84,19,39,46,9,4,16,10,20,9,12,5,2,2,2,4,5,3,2,2,4,0,2,5,3,5,6,0,3,3,3,3,2,2,2,2,3,3,3,2,2,2,2,2,3,3,3,3,2,2,2,2,2,4,2,2,2,2,9,5,7,8,2,2,6,7,76,123,99,55,44,20,7,6,19,100,141,104,54,8,1,50,126,143,143,157,180,196,198,200,199,192,184,185,186,186,183,185,195,206,212,213,195,187,193,202,216,219,201,189,191,191,197,205,204,214,212,214,214,212,206,201,200,202,212,217,212,206,208,203,186,171
171,174,174,174,176,175,169,164,151,125,117,108,94,96,93,76,105,128,141,134,123,110,95,85,75,62,62,65,53,27,11,17,8,8,20,28,51,76,80,81,74,72,67,67,65,60,59,57,53,53,54,51,47,48,54,57,51,50,50,50,50,49,47,44,38,42,43,46,55,82,131,176,194,211,215,217,222,213,195,183,167,161,158,165,183,199,210,217,216,216,216,216,216,216,217,217,217,218,218,219,218,218,218,219,220,218,220,220,219,219,207,187,142,154,174,187,186,182,183,184,183,191,199,209,216,216,218,218,214,214,214,213,212,213,213,214,215,215,215,214,214,214,215,215,214,215,215,215,215,215,215,215,216,214,213,213,213,214,214,214,214,215,215,214,214,213,213,214,213,214,214,214,215,215,215,215,214,214,214,214,214,214,214,214,215,214,214,213,213,214,214,215,214,212,212,213,212,212,205,193,173,169,172,174,172,169,158,139,112,94,81,89,117,144,161,166,164,164,165,164,166,179,198,208,208,207,207,207,208,208,207,206,206,207,208,208,207,205,204,204,204,204,204,204,203,203,202,202,203,202,201,200,200,200,199,198,197,196,191,180,171,175,179,176,170,181,191,194,195,194,193,193,192,190,189,187,186,185,183,181,178,180,176,165,130,73,54,83,116,135,144,137,130,129,125,120,116,110,105,101,98,98,93,84,87,84,91,90,94,98,104,112,119,126,133,141,151,159,165,170,178,182,188,193,197,200,204,206,212,213,212,214,218,218,216,217,214,210,183,103,8,8,2,6,6,6,7,8,9,10,7,3,2,2,2,2,3,3,3,3,5,1,2,2,11,25,37,37,89,144,116,82,3,18,145,185,121,171,233,207,117,71,57,16,9,13,14,18,7,10,10,3,9,6,4,4,4,3,2,2,4,1,3,3,0,0,3,1,3,3,3,3,3,2,2,2,2,2,2,2,2,2,2,2,2,2,2,2,2,2,2,2,2,3,1,1,4,2,2,2,6,7,8,9,4,3,2,24,113,153,50,5,10,16,63,205,179,101,96,65,23,0,28,108,136,142,153,172,194,205,207,209,203,194,186,186,189,191,194,198,204,205,198,180,182,195,203,222,212,189,186,185,199,215,210,217,216,218,220,217,210,201,193,190,204,211,214,211,208,200,189,182
181,176,174,175,174,169,157,144,117,105,77,75,102,93,69,85,125,126,116,110,108,84,61,62,59,45,46,54,57,41,15,9,7,8,23,35,58,80,79,83,75,71,71,69,68,65,59,59,61,54,49,48,52,58,59,52,49,48,47,46,46,44,42,40,33,45,48,53,92,151,190,202,219,216,220,218,216,221,217,209,202,190,181,181,184,189,200,214,216,217,217,218,218,218,217,217,218,219,220,219,219,218,218,218,219,218,220,219,218,217,198,167,126,156,188,197,190,190,197,200,204,214,222,219,217,215,212,215,216,215,214,213,213,213,213,213,216,215,215,215,215,215,215,215,215,215,215,216,216,216,215,215,215,214,214,214,214,215,215,215,215,215,215,215,214,213,213,213,213,213,214,214,214,214,214,214,214,214,214,214,214,214,214,214,214,214,214,214,214,214,214,214,213,211,212,212,211,211,206,195,178,170,171,172,164,156,147,135,128,121,118,126,130,136,147,162,165,168,169,166,168,184,202,209,208,207,207,207,208,207,206,206,206,207,207,207,206,205,204,204,204,204,204,204,204,203,203,202,203,202,201,200,200,200,200,199,201,197,195,188,176,174,181,184,172,176,186,195,196,194,194,194,193,192,190,189,188,186,185,184,182,180,176,174,160,128,107,112,126,132,138,136,130,126,122,116,105,102,100,100,102,105,102,93,91,89,97,92,96,97,102,107,116,124,131,138,147,156,163,169,175,179,185,190,194,197,201,203,208,212,211,212,218,219,217,220,217,221,196,168,48,3,5,8,5,6,6,7,9,9,6,2,2,2,2,3,3,3,3,3,4,1,9,5,32,54,30,111,227,209,123,177,104,1,5,77,207,230,182,115,62,30,4,15,26,15,8,4,7,2,9,14,9,5,1,0,1,3,4,5,3,6,3,3,11,9,2,3,3,3,3,3,3,3,3,3,2,2,2,2,2,2,2,2,2,2,2,2,2,2,2,2,2,0,1,6,3,0,0,4,0,2,3,3,4,6,0,2,5,68,49,10,77,129,59,154,128,8,2,114,121,13,1,17,90,135,143,132,162,202,214,216,213,198,182,173,171,173,181,190,193,196,201,190,185,191,192,202,211,191,181,184,200,213,211,213,212,210,209,207,205,202,197,193,194,202,213,219,216,211,204,197
175,174,175,172,166,162,145,121,90,65,63,85,92,71,64,88,90,104,103,91,84,75,65,64,61,60,64,60,61,54,26,9,10,12,30,45,68,85,77,80,77,71,75,72,70,69,60,61,60,60,58,53,52,58,61,57,45,44,42,41,40,39,37,35,44,44,62,106,158,191,208,219,220,218,221,216,217,220,214,218,216,207,198,189,178,172,179,191,210,212,215,218,219,219,219,218,220,221,221,220,219,218,218,218,217,216,219,219,218,218,196,159,160,188,212,211,204,211,218,215,223,213,218,218,216,219,214,214,215,214,213,213,214,214,214,214,216,216,215,215,215,215,215,215,215,215,215,216,216,216,215,215,215,214,214,214,215,216,215,215,216,216,216,215,214,213,213,213,213,213,214,214,214,214,214,214,213,213,213,213,213,213,213,213,212,213,213,213,214,214,213,213,211,210,212,212,210,214,211,199,188,172,167,165,152,142,140,137,145,160,163,156,140,143,143,144,159,168,174,171,173,191,205,206,208,207,207,207,207,207,206,205,206,206,206,205,204,204,205,206,205,205,205,205,204,204,203,203,204,203,201,201,200,200,200,199,197,197,199,194,180,177,180,180,176,173,182,195,197,195,195,193,194,193,191,190,189,187,186,185,184,182,182,179,170,159,148,139,140,132,133,136,130,123,118,113,103,98,93,91,94,102,102,96,90,89,98,92,97,98,103,107,114,124,131,137,145,153,162,170,172,176,182,188,192,195,198,200,203,211,212,212,217,217,215,218,218,211,218,194,120,16,7,1,5,5,6,7,8,8,5,1,2,2,2,3,3,3,3,4,6,4,1,38,64,24,83,215,214,90,88,207,178,112,83,9,79,147,93,56,36,6,18,17,8,0,6,5,12,5,6,5,7,5,3,4,6,5,3,1,0,6,0,8,41,37,8,0,3,3,3,3,3,3,3,3,2,2,2,2,2,2,2,2,2,2,2,2,2,3,3,3,2,0,3,3,0,5,3,1,4,0,1,6,3,5,3,7,1,1,31,12,86,208,58,29,132,116,4,75,153,29,1,4,9,73,124,132,136,164,194,209,206,188,174,178,189,192,187,182,186,196,203,208,196,187,189,177,179,175,170,175,182,188,200,205,206,205,205,206,208,210,209,206,201,203,209,210,210,218,219,210
175,176,169,172,161,142,125,90,64,53,78,83,88,99,96,81,79,98,98,90,79,79,71,70,78,72,66,65,60,41,18,7,5,14,34,55,71,84,85,81,77,74,72,70,68,65,64,64,61,62,51,53,56,61,52,51,45,46,39,35,34,31,33,34,48,62,111,170,193,207,224,220,220,219,218,217,218,218,218,218,220,220,215,209,194,167,157,172,191,197,205,213,219,222,221,219,221,221,220,221,221,221,219,218,217,219,216,217,217,205,173,133,138,187,193,191,196,195,209,215,217,216,217,218,217,215,214,214,215,215,215,214,214,214,215,216,215,215,215,215,215,214,214,214,215,215,216,216,216,216,216,216,215,215,215,215,215,215,215,216,216,216,215,214,214,213,212,212,213,213,214,214,213,213,212,211,213,213,213,213,213,213,212,212,211,212,213,214,214,214,213,212,212,213,213,211,211,213,212,209,197,179,158,146,142,143,149,156,173,171,171,170,163,151,142,140,142,151,163,175,187,198,206,209,208,207,207,207,206,206,207,207,206,206,206,205,205,204,204,203,205,204,203,203,204,204,204,203,204,203,203,203,203,203,202,200,199,199,195,198,193,178,174,176,171,176,175,187,197,195,195,189,192,192,191,191,190,189,187,186,185,188,182,180,178,166,154,141,126,128,132,145,144,139,137,124,111,103,96,95,99,106,104,95,88,87,87,92,98,102,103,102,113,124,126,134,146,146,145,148,143,145,153,164,177,186,190,199,199,210,209,210,213,217,220,211,219,212,219,206,169,69,0,11,2,7,5,7,8,4,3,2,3,0,1,9,0,1,2,3,5,2,20,59,58,3,47,193,165,113,218,202,114,125,177,101,63,94,45,8,14,29,12,8,5,8,7,6,15,13,15,1,3,1,10,1,4,7,8,1,1,8,1,10,30,10,2,4,2,4,26,53,24,1,2,4,5,1,2,7,1,6,3,0,1,0,5,2,2,6,0,1,1,1,2,2,2,2,2,2,2,2,2,2,2,3,4,4,5,8,16,1,25,125,137,37,88,195,92,2,53,27,10,6,1,10,60,127,138,126,152,179,200,206,195,187,189,187,188,189,190,200,211,214,207,191,171,156,157,158,166,154,161,182,187,204,205,207,211,212,213,219,222,219,221,211,198,195,196,200,208,207
171,169,161,164,149,127,100,70,69,80,77,91,119,131,121,101,107,110,100,90,85,82,70,63,65,61,55,52,47,31,14,5,8,13,34,59,79,90,88,84,78,75,72,69,67,64,63,64,60,61,54,53,57,59,52,50,42,43,38,32,29,28,24,25,44,103,166,198,212,219,221,221,218,218,219,219,219,219,219,219,217,219,216,210,195,165,140,137,163,166,178,199,215,220,219,219,221,221,221,221,221,221,220,219,220,220,221,216,205,170,117,92,147,177,178,176,178,172,186,206,214,216,217,217,216,215,214,214,215,216,216,215,214,214,214,215,215,215,215,215,216,216,215,215,216,216,216,216,216,216,216,216,215,215,215,215,215,215,216,216,216,216,215,215,214,214,213,213,213,213,213,213,213,213,213,212,213,213,213,213,213,213,212,212,212,212,213,214,214,214,213,213,211,210,210,210,213,214,211,207,199,181,160,150,151,157,165,170,171,176,177,171,168,165,154,141,137,138,151,175,196,205,207,209,208,210,211,210,207,205,205,204,206,206,206,206,206,205,205,204,205,204,203,203,204,204,204,204,205,204,202,202,202,202,202,202,201,200,195,196,194,183,170,153,148,147,155,179,194,194,195,195,193,192,192,191,191,190,188,187,185,188,184,182,181,173,157,133,101,87,103,136,158,151,150,142,137,127,115,108,106,110,109,102,91,86,82,86,96,100,98,98,102,112,115,129,142,128,106,93,80,71,69,82,108,134,158,181,195,199,204,212,210,208,215,212,211,212,209,210,180,114,24,3,10,1,5,9,5,9,1,2,3,3,5,0,2,10,2,3,1,18,64,52,30,48,32,33,108,192,224,123,2,5,50,120,105,36,10,28,31,16,7,4,13,7,5,4,16,16,6,9,13,53,30,6,6,0,1,2,3,3,7,19,8,2,6,4,9,1,37,47,13,2,4,2,2,25,27,10,11,1,1,5,3,0,2,1,0,1,1,4,2,2,2,2,2,2,2,2,2,2,2,2,2,3,3,4,7,2,1,4,2,27,92,134,182,220,118,9,26,14,15,7,10,1,8,57,122,137,120,135,171,207,216,207,199,188,181,179,181,189,197,202,202,195,175,155,145,141,145,142,142,160,185,204,219,220,222,220,217,217,216,212,210,211,193,166,153,165,181,179
172,173,167,158,126,94,68,57,73,76,72,108,131,126,113,115,102,96,86,76,73,62,51,43,48,46,40,35,32,22,11,5,5,9,35,63,81,88,84,82,81,78,75,72,69,66,65,66,61,61,59,56,61,59,55,52,48,40,38,30,25,22,17,27,64,128,186,208,220,223,219,221,217,218,218,217,217,217,218,220,218,217,206,189,175,157,143,142,144,142,156,186,211,219,220,222,221,221,221,221,221,221,220,219,222,211,216,215,199,152,114,138,177,192,196,197,196,179,172,188,211,215,218,217,215,215,215,214,216,216,216,216,215,214,214,214,214,214,215,216,216,217,217,217,216,216,216,216,216,216,215,215,215,215,215,215,216,216,217,217,216,215,215,215,215,215,214,214,214,214,213,213,213,213,213,214,213,213,213,213,213,213,213,213,213,213,214,215,215,214,214,213,213,210,210,212,214,211,205,200,194,187,178,173,173,175,176,175,173,178,175,166,164,169,166,157,154,151,158,178,198,207,209,209,207,209,208,206,205,206,207,206,205,205,206,206,205,205,205,204,204,204,203,203,204,204,204,204,205,204,202,201,201,202,202,203,201,201,196,195,195,191,170,135,96,83,106,153,185,192,190,194,194,193,193,192,192,190,189,188,187,189,185,183,183,181,164,132,70,31,53,106,153,152,154,151,145,139,131,123,118,118,117,111,106,101,93,93,98,89,77,74,87,100,107,124,131,98,54,28,10,9,12,20,27,41,81,124,164,187,201,208,208,203,200,197,197,198,193,185,179,139,63,0,5,3,5,7,4,8,0,1,3,1,5,2,3,4,1,4,5,57,58,46,157,193,158,115,32,53,127,160,102,38,85,100,33,2,31,36,11,7,1,6,6,3,3,3,7,11,2,5,35,75,26,1,3,2,9,34,64,26,4,9,9,1,1,1,2,2,23,7,1,6,6,1,19,54,41,2,2,1,4,3,19,11,4,5,3,0,3,2,2,2,2,2,2,2,2,2,2,2,2,2,2,2,3,3,0,3,13,8,2,0,3,40,107,116,47,21,25,24,20,9,11,9,2,3,59,127,132,108,135,182,213,206,183,176,181,178,179,183,186,189,198,203,193,178,159,143,137,145,144,156,187,200,209,211,212,211,209,207,206,205,207,192,183,164,132,138,161,150
162,164,163,139,103,68,56,65,63,61,81,101,96,95,89,89,75,65,61,56,58,47,44,42,41,40,34,27,25,21,12,6,5,16,48,73,86,89,83,85,84,81,78,75,73,69,68,68,63,60,62,59,66,61,59,53,51,40,41,33,26,28,40,75,102,129,166,205,218,213,216,217,215,215,213,210,206,205,206,208,206,199,182,168,166,171,177,185,178,172,178,199,216,220,220,221,221,221,221,221,222,221,220,219,217,220,223,211,201,188,181,205,209,214,217,216,216,198,174,178,209,215,218,216,214,216,216,214,216,216,217,217,215,214,213,213,214,215,215,216,217,217,217,216,216,216,216,216,215,215,214,214,215,215,215,216,216,217,217,217,215,215,215,215,215,215,215,215,215,214,214,213,213,214,214,215,214,214,214,214,214,214,214,214,214,214,215,215,215,215,214,214,213,211,211,211,208,200,194,192,191,197,202,201,197,191,186,182,180,179,176,172,169,171,177,183,186,187,185,182,187,197,205,208,207,209,210,209,210,211,209,206,205,205,206,205,205,205,204,204,204,204,203,204,204,205,205,204,205,203,202,201,201,202,202,202,201,201,197,195,195,197,180,142,63,23,40,107,166,191,192,198,194,194,193,192,192,191,190,188,191,189,185,184,182,183,174,146,78,17,21,71,131,150,154,152,144,140,136,130,123,122,121,118,119,117,110,106,95,67,41,34,63,90,109,124,117,69,20,0,9,29,54,71,63,38,26,29,90,154,193,195,195,188,175,170,184,188,185,170,171,154,110,38,0,8,7,4,7,3,1,2,3,1,1,9,1,1,5,2,50,67,30,150,241,175,50,160,184,11,2,91,128,109,86,8,25,88,37,12,11,4,6,6,8,5,7,17,9,7,2,3,26,24,3,2,7,0,0,48,81,29,2,1,11,2,29,30,16,11,5,1,3,1,1,8,7,16,8,5,2,3,6,23,57,30,1,0,3,3,9,2,3,2,1,1,1,2,2,2,2,2,2,2,2,2,2,2,3,8,0,6,9,5,8,0,6,18,20,27,22,29,5,27,15,17,14,4,5,60,124,128,115,135,177,203,189,178,187,184,183,184,185,189,199,209,209,203,179,153,135,138,139,148,172,184,195,198,201,202,202,201,202,205,206,203,183,171,166,156,148,146
168,163,155,115,81,44,40,50,50,56,82,79,59,56,66,59,63,49,46,47,56,53,56,55,48,46,38,30,28,23,13,5,6,19,56,78,89,94,84,84,83,80,77,76,74,71,68,67,64,60,62,62,68,63,61,54,53,46,50,44,48,73,110,160,163,143,123,159,195,200,207,199,198,198,197,194,189,185,185,185,184,176,171,179,195,206,209,209,209,207,209,215,220,221,220,220,221,220,220,221,221,221,220,219,219,223,221,215,212,215,217,216,220,218,222,221,219,200,174,178,210,216,219,216,214,216,217,215,216,216,217,217,216,215,214,213,215,215,216,216,217,216,216,215,215,215,215,215,215,214,214,214,215,215,216,216,216,217,217,217,215,215,215,215,215,215,215,215,215,215,214,214,214,214,215,215,215,215,215,215,215,215,215,215,214,215,215,215,215,215,214,214,211,211,210,206,198,191,191,195,200,208,213,212,208,205,202,199,193,191,192,193,191,189,193,201,204,207,203,191,184,187,195,200,208,209,209,207,205,205,207,208,207,207,207,206,206,205,204,204,204,204,203,204,205,205,205,204,203,203,202,202,203,203,202,201,200,200,198,197,194,198,192,167,104,27,3,58,135,183,192,194,194,193,192,192,192,191,190,189,191,188,186,187,182,182,181,166,118,45,11,38,98,146,156,149,151,146,141,132,122,120,122,122,119,119,117,108,82,40,12,8,34,82,117,128,107,50,10,4,25,79,128,155,155,125,77,30,22,89,159,184,176,166,160,160,175,183,175,176,165,171,149,102,21,0,8,5,8,2,3,4,3,4,1,3,1,6,5,18,73,37,58,207,203,48,19,201,217,58,6,11,78,85,14,27,94,85,5,3,14,10,14,6,4,3,2,8,49,84,45,16,11,6,5,1,1,4,8,37,19,1,6,5,2,14,78,69,7,3,2,5,5,14,11,5,13,8,4,5,2,2,1,22,22,10,0,4,4,9,26,28,3,2,2,2,3,3,3,2,2,2,2,2,2,2,1,1,7,0,5,4,1,5,0,5,8,19,26,21,29,23,18,14,22,24,18,13,1,7,69,127,128,112,126,173,198,194,193,194,189,187,188,197,207,211,211,208,180,163,151,147,149,151,154,166,181,191,199,204,209,210,211,216,215,222,204,188,191,189,166,138
158,153,140,99,68,42,49,52,45,80,88,73,55,43,67,64,68,60,61,63,64,60,60,57,53,51,43,35,31,23,11,3,4,15,53,76,90,99,84,81,86,81,78,77,77,74,70,67,68,63,66,68,70,66,64,57,57,51,51,57,89,138,177,209,207,180,120,122,164,183,192,187,187,190,193,194,193,190,187,186,184,183,189,204,217,220,217,214,213,216,218,220,220,221,221,221,220,220,220,221,221,221,220,219,222,217,214,223,221,214,218,218,220,217,219,217,208,187,172,188,213,216,218,216,215,215,216,215,215,216,217,217,216,215,215,215,215,216,216,217,217,216,215,215,214,215,215,215,215,215,214,214,215,215,216,216,217,217,217,217,215,215,215,215,215,215,215,215,215,215,215,215,215,215,215,215,215,215,215,215,215,215,215,215,215,215,215,215,215,215,215,214,212,212,209,203,196,194,200,208,211,212,212,211,211,212,210,207,207,206,205,206,207,208,207,206,209,208,207,204,197,189,186,187,193,195,201,207,208,207,207,208,208,208,208,207,207,206,205,205,204,204,204,204,205,205,204,204,202,202,203,204,204,203,202,201,200,200,198,198,194,195,198,188,157,68,4,24,98,165,189,190,193,193,192,192,192,192,191,190,189,188,187,190,185,181,184,178,149,84,21,14,61,127,154,152,149,146,143,137,128,125,126,125,121,119,119,107,69,23,3,4,21,82,126,135,106,44,7,9,46,125,176,186,184,177,144,89,22,29,101,170,175,170,175,176,182,181,172,171,168,174,175,154,78,0,5,7,3,4,2,2,3,2,3,2,3,4,4,58,69,13,18,126,165,131,176,227,154,16,21,84,87,3,28,101,67,1,2,9,1,16,14,3,3,6,4,1,72,111,33,1,1,7,8,23,24,11,10,14,10,2,2,5,1,15,45,25,1,5,6,2,38,80,36,4,2,6,4,1,12,10,3,10,0,0,4,7,0,2,14,13,4,3,2,3,4,5,4,3,2,2,2,2,2,2,1,1,1,9,0,0,5,5,11,8,2,3,37,32,27,35,27,27,26,25,24,16,9,2,18,70,130,127,105,119,173,204,202,195,186,178,177,188,199,202,202,201,186,176,168,164,170,169,158,161,177,194,205,211,218,218,215,217,219,213,214,205,188,193,180,125
156,153,126,91,60,53,61,53,58,115,112,86,75,76,92,82,81,78,77,77,66,61,54,48,44,43,37,32,28,20,10,5,7,16,56,82,98,105,90,90,92,86,79,78,79,78,73,69,71,69,72,76,70,68,65,62,59,55,61,91,140,183,204,214,212,209,178,156,163,175,187,201,204,207,211,214,215,214,212,211,206,207,213,217,216,215,216,217,219,221,223,222,221,220,219,219,220,219,220,220,221,221,220,219,219,223,224,219,213,205,198,200,205,205,203,196,188,179,184,206,216,217,217,216,215,215,215,215,215,216,217,217,216,216,216,216,215,216,217,217,217,217,216,215,214,214,215,215,216,216,216,216,215,215,216,216,216,216,216,216,216,216,216,216,215,215,215,215,216,216,216,216,216,215,215,215,214,214,214,215,215,215,215,215,215,215,215,215,215,215,215,214,213,214,212,207,204,206,211,215,214,212,210,210,212,212,210,207,213,212,209,207,208,212,211,208,210,208,208,210,208,200,190,184,172,166,170,187,204,209,206,204,207,207,207,207,207,207,206,206,205,204,204,205,205,205,204,203,203,203,203,204,205,204,202,201,201,202,198,199,197,195,198,196,174,112,34,9,57,133,184,194,193,192,192,192,192,192,192,191,189,190,188,189,186,181,182,180,167,126,58,13,34,90,142,157,146,145,145,143,136,131,129,127,127,121,123,111,65,19,4,6,26,87,129,138,113,52,9,4,40,122,172,182,189,198,183,138,61,12,50,137,179,190,194,195,201,190,185,177,186,184,194,188,142,43,3,6,1,3,1,1,2,1,4,3,6,1,30,74,36,4,3,4,41,91,149,198,134,61,71,111,20,14,91,61,20,11,8,4,6,10,9,4,1,1,4,9,48,43,1,7,4,1,15,88,77,18,3,6,4,4,6,5,6,19,12,1,5,2,1,1,52,69,12,2,8,3,12,46,56,16,6,7,9,1,3,2,0,11,12,0,2,2,2,4,5,5,4,2,2,2,2,2,2,2,2,2,1,1,4,1,3,4,0,7,7,3,6,33,32,46,41,31,34,21,20,24,22,7,0,18,79,124,123,104,133,181,196,184,175,171,171,178,186,192,195,197,203,189,171,169,172,170,169,163,179,198,208,209,213,211,205,205,202,200,188,177,170,163,147,122
149,141,100,80,59,75,79,59,85,113,111,104,99,101,92,90,88,77,65,63,53,56,46,35,28,29,28,25,23,16,9,8,8,16,61,89,102,105,92,98,97,88,80,78,80,79,74,71,72,72,74,80,68,67,64,63,64,71,94,142,187,205,216,222,224,211,209,189,175,185,196,213,221,221,222,222,223,222,220,218,220,219,220,218,215,217,219,216,217,216,217,218,219,219,220,221,219,219,219,220,221,220,220,219,219,216,220,215,206,175,140,150,168,183,190,188,189,193,203,215,218,217,216,216,215,214,214,215,215,216,216,216,216,216,216,217,215,216,217,218,218,218,217,216,214,214,215,216,216,217,217,217,215,215,216,216,216,216,216,216,217,217,217,216,216,215,215,215,216,216,216,216,216,215,215,214,214,214,214,214,214,215,215,215,215,215,215,215,215,215,214,214,213,215,214,212,212,214,214,212,212,211,211,212,212,211,212,213,210,210,210,211,210,209,209,211,208,210,209,207,209,210,202,191,173,140,115,127,159,187,201,207,204,205,205,206,206,206,206,206,205,205,204,205,205,205,204,203,203,203,203,204,204,204,203,202,200,203,198,200,201,197,197,196,190,156,73,9,21,93,165,187,193,192,192,192,193,193,193,192,191,193,187,185,184,181,181,179,176,156,94,20,15,51,122,154,156,152,149,144,135,130,129,127,127,119,125,115,66,19,4,3,34,89,125,137,120,64,14,2,31,110,163,181,184,188,186,161,82,21,25,101,172,197,196,204,204,201,194,199,200,205,201,204,181,101,5,6,4,1,4,1,2,4,2,1,4,7,72,55,4,14,21,12,1,1,16,53,159,150,121,49,11,127,92,14,23,28,5,7,2,4,6,17,34,29,13,8,17,5,6,2,3,2,15,73,34,1,4,2,2,27,73,42,3,7,10,4,1,3,7,7,26,16,1,5,3,1,14,79,56,3,6,3,0,13,38,29,8,8,7,2,2,1,2,3,5,5,3,2,2,2,2,2,2,2,2,2,4,1,1,3,2,3,8,5,9,6,3,7,23,38,39,33,37,39,23,25,36,24,10,2,22,93,135,113,93,130,175,179,179,184,189,193,195,198,202,204,209,202,190,196,184,170,177,162,159,181,191,192,199,201,199,201,193,182,158,139,129,127,124,110
152,123,95,64,63,82,74,61,94,118,105,100,99,84,84,81,71,61,50,39,32,31,28,21,13,14,18,23,24,18,10,5,7,15,60,90,102,111,102,94,96,84,81,86,84,77,75,76,81,85,81,73,71,69,64,60,69,97,149,189,203,215,225,221,220,223,217,203,182,162,172,203,221,218,222,222,220,220,219,220,219,219,219,219,218,218,217,217,218,218,218,217,217,217,218,218,217,218,219,220,220,220,219,219,219,219,218,220,205,164,130,124,132,157,187,203,206,212,218,219,218,218,217,217,216,215,214,213,217,217,216,216,216,216,216,216,215,215,216,216,217,216,216,215,214,215,217,217,216,216,217,217,216,216,217,217,217,216,216,215,216,216,215,215,215,216,217,217,219,217,215,214,215,215,214,213,216,215,214,214,214,214,215,216,217,212,212,215,217,213,211,211,214,214,215,215,210,211,216,210,214,213,212,212,214,212,211,215,210,210,209,209,210,210,210,209,209,209,208,208,208,208,208,209,196,178,127,84,92,127,163,191,200,205,203,199,208,207,198,209,205,204,206,206,203,203,205,204,203,203,204,203,202,201,202,203,202,202,201,200,200,199,197,196,196,174,125,32,5,51,135,179,194,192,195,194,193,195,193,191,192,190,188,186,186,185,183,182,179,170,138,62,7,28,88,140,156,154,150,147,144,135,126,124,127,120,123,120,75,21,4,6,24,83,127,131,131,83,24,4,12,79,150,174,178,185,189,163,101,18,11,72,160,192,197,199,203,205,198,204,203,207,204,201,193,151,59,1,1,5,2,2,2,5,2,5,7,36,86,23,13,12,25,20,21,14,3,2,22,121,95,1,76,164,74,17,33,14,3,11,2,2,2,14,93,95,22,5,5,3,4,4,7,1,15,18,0,4,3,1,1,43,79,24,4,1,2,4,35,51,18,9,6,3,6,0,2,1,16,34,4,2,1,5,1,43,93,38,0,4,5,1,12,23,16,4,8,2,5,2,2,4,3,3,3,2,1,2,2,2,2,2,2,2,2,2,4,9,7,1,9,22,31,46,48,30,32,20,24,26,16,8,3,39,104,127,108,96,123,182,192,201,201,204,213,214,214,214,212,216,201,181,194,173,128,146,137,147,169,192,199,201,205,200,188,166,137,116,112,122,128,125
140,108,84,65,73,79,62,67,102,105,93,85,88,80,63,54,43,39,34,28,23,23,22,17,11,11,13,17,18,14,7,3,4,7,53,91,104,108,101,99,102,89,83,86,84,80,79,79,86,84,83,80,70,64,65,67,90,139,186,206,215,222,223,219,223,218,218,220,199,159,149,174,214,218,222,219,218,219,218,224,219,219,219,219,219,219,218,218,218,218,217,217,217,217,218,218,218,218,219,220,220,220,220,219,216,222,219,214,212,205,191,183,169,171,189,211,219,220,219,214,218,218,218,217,216,216,215,214,217,217,217,216,216,216,216,216,215,215,216,216,216,216,216,215,215,216,217,217,216,216,216,217,217,217,216,216,216,216,216,216,216,216,216,215,215,216,216,217,215,215,215,215,215,215,214,213,215,215,214,214,214,215,215,215,213,218,214,209,211,212,210,212,210,218,211,209,217,213,209,217,210,213,214,214,214,212,210,212,210,210,209,209,210,210,209,209,209,208,208,208,208,208,208,209,205,207,192,152,97,59,80,130,174,182,201,205,200,203,204,202,208,205,205,205,203,202,203,202,203,203,203,203,202,202,202,203,203,202,201,200,199,198,197,195,196,189,154,76,13,21,90,160,190,192,193,195,195,193,192,192,192,190,188,187,187,186,184,182,183,176,158,97,32,21,64,116,149,152,150,146,143,136,129,125,119,124,125,120,87,34,6,3,13,65,115,132,136,107,47,5,4,49,121,165,176,178,183,163,92,18,5,56,144,186,196,199,199,205,204,208,205,203,194,190,192,177,67,4,3,3,0,4,0,6,1,33,26,72,59,5,7,26,36,18,17,15,19,22,74,100,17,20,88,53,7,25,24,9,7,1,3,4,7,14,101,56,3,1,3,4,29,68,44,15,7,6,7,0,3,4,6,32,20,2,2,4,2,12,81,74,23,0,4,3,7,23,24,11,12,4,5,1,2,2,6,24,35,9,2,3,0,8,57,60,20,2,8,9,1,6,3,5,4,0,0,1,3,2,2,2,2,2,2,2,2,2,1,6,8,5,7,13,29,58,46,37,34,18,21,26,21,11,3,7,59,117,128,103,100,135,198,207,219,211,214,212,207,211,203,200,190,181,185,177,135,100,110,131,154,178,204,213,209,209,186,156,126,116,124,143,157,161
128,94,66,53,68,67,50,70,89,80,78,63,59,56,36,35,22,22,25,26,23,24,24,22,13,12,13,15,16,13,8,5,7,10,54,95,108,112,105,103,102,91,86,86,84,82,82,81,81,88,87,77,67,62,71,86,134,185,214,215,220,223,219,221,221,219,218,222,215,185,156,149,184,202,219,219,219,221,217,221,219,219,219,219,219,219,219,219,218,218,217,217,217,218,218,218,219,219,220,221,221,221,220,220,222,224,222,219,217,217,215,213,196,165,165,196,215,217,218,219,218,218,218,218,217,217,216,216,217,217,217,216,216,216,217,217,216,216,216,217,217,216,216,215,216,217,217,217,217,216,216,216,217,217,216,216,215,216,216,216,216,216,216,216,216,216,216,216,214,215,216,217,216,215,214,214,212,212,211,212,214,215,214,213,212,216,214,213,215,213,210,214,212,215,214,213,214,210,206,208,208,214,214,212,213,213,211,211,210,210,209,209,210,210,209,208,208,208,208,208,208,208,208,209,211,208,207,201,171,119,70,47,84,134,174,184,197,205,200,204,203,201,200,202,203,203,203,204,203,203,203,203,204,203,202,202,202,202,201,200,199,198,196,195,193,197,178,126,37,2,46,135,183,194,191,193,195,190,192,191,192,190,189,188,188,187,184,182,180,176,172,137,80,53,75,113,141,151,155,149,143,139,133,125,118,128,125,123,105,53,11,2,7,45,97,129,136,121,63,7,4,24,91,150,169,170,173,146,78,19,8,55,142,186,194,195,195,199,201,203,203,203,192,192,190,152,36,1,6,5,2,3,6,7,1,26,60,75,18,11,11,31,33,17,13,15,17,47,114,41,9,76,54,1,7,17,15,5,8,17,8,4,4,24,49,11,1,10,7,1,43,108,38,4,2,5,4,23,40,11,4,16,5,5,1,3,2,10,46,22,0,0,7,1,30,88,49,10,9,2,3,2,14,4,16,10,2,0,0,1,5,7,34,27,7,4,1,2,16,39,21,9,3,5,5,2,1,1,2,2,2,2,2,2,2,2,1,2,7,8,4,1,14,47,36,39,38,23,20,22,24,18,12,1,19,73,119,124,106,96,155,207,210,214,206,202,201,198,195,198,197,196,193,185,150,91,69,82,138,188,205,206,201,204,190,166,148,152,167,183,194,199
114,81,47,39,51,50,47,63,57,50,56,44,35,35,28,36,26,27,31,33,31,29,28,25,18,17,16,16,16,14,10,6,8,16,57,99,113,121,112,105,96,91,90,89,86,84,84,83,79,91,85,73,67,63,86,130,179,208,219,217,222,220,216,222,218,222,218,214,218,212,187,164,160,177,206,218,218,221,219,216,218,218,218,219,219,219,219,219,218,218,218,218,218,218,219,219,220,220,221,221,221,221,221,221,221,218,219,222,221,219,217,213,196,155,150,188,212,214,217,221,218,218,218,218,218,218,218,217,218,217,217,217,217,217,217,218,217,217,217,218,217,217,216,216,216,217,217,217,217,217,217,217,217,216,215,215,214,215,216,217,216,216,216,216,216,215,215,214,214,215,217,217,216,214,213,213,215,215,214,213,215,216,215,214,216,215,214,213,213,212,211,210,213,211,216,214,205,194,186,183,197,207,212,210,211,214,213,211,210,210,209,209,210,210,209,208,208,208,208,208,208,208,209,209,210,208,204,201,202,191,147,95,38,47,95,147,176,189,197,205,203,203,202,203,204,204,202,204,203,202,202,203,204,204,202,201,202,201,200,200,200,199,197,196,192,195,187,159,78,14,16,85,161,191,193,192,192,190,194,189,191,190,190,189,189,187,184,181,180,176,175,159,128,111,118,131,134,147,155,149,141,139,134,124,124,125,118,123,116,71,25,5,3,19,60,107,126,122,70,19,4,9,69,133,160,169,167,125,58,13,10,64,149,187,191,192,197,195,198,200,203,205,198,202,185,78,1,2,5,3,6,2,3,0,5,4,52,44,10,8,26,21,22,25,12,19,36,102,93,1,36,87,21,11,17,6,4,6,3,44,81,56,15,11,7,5,1,1,1,6,36,47,2,1,5,3,4,75,82,16,3,2,8,1,15,15,8,15,13,0,5,8,3,0,27,51,6,1,3,2,8,55,69,34,6,11,7,2,2,2,8,13,7,1,5,8,4,1,20,30,14,2,0,3,4,3,3,3,2,2,2,2,2,2,2,2,3,0,3,6,7,2,2,18,27,41,44,35,24,17,21,22,28,7,1,34,93,126,121,98,98,171,192,201,202,197,204,198,197,206,206,207,207,191,158,124,110,84,121,169,185,193,195,201,199,190,189,199,207,211,215,217
93,63,32,37,40,40,56,60,45,41,44,42,37,37,40,42,41,38,38,38,33,29,25,20,19,18,16,15,14,12,8,4,3,11,50,100,116,125,116,108,96,95,96,94,88,85,88,89,88,84,79,74,68,74,121,180,205,215,221,224,225,221,218,219,220,221,219,218,219,216,207,200,165,153,181,212,216,219,222,218,218,218,219,219,219,219,219,220,219,219,219,219,219,219,220,220,221,221,221,221,221,221,221,221,222,220,218,216,215,214,206,194,184,164,169,199,218,221,219,216,218,218,219,219,219,219,218,218,218,218,217,217,217,217,218,218,218,218,218,218,218,217,217,216,216,216,216,217,217,217,217,217,217,216,215,214,214,214,215,216,215,216,216,216,216,215,214,214,213,214,216,215,214,213,213,214,216,216,214,213,213,215,214,212,215,215,216,212,207,211,214,208,200,201,204,206,197,158,125,133,157,183,205,210,211,212,211,210,210,210,210,210,210,210,209,208,208,208,208,208,208,209,209,209,202,207,214,212,207,204,191,168,120,55,21,51,111,163,183,187,196,201,201,200,201,201,201,204,202,202,202,203,204,204,202,201,201,201,200,200,200,200,199,198,194,194,194,181,129,53,16,40,121,174,195,195,191,190,196,189,191,190,190,189,189,186,183,180,182,179,176,168,152,143,142,137,131,141,151,148,138,135,131,122,123,118,112,118,116,90,49,12,5,4,22,62,90,96,53,16,7,6,60,124,154,162,153,104,39,4,11,76,154,184,188,194,196,193,198,201,200,199,200,202,152,22,0,12,2,0,4,5,4,7,8,24,68,23,4,18,46,45,16,17,29,23,52,113,34,4,73,92,46,22,5,4,2,3,1,54,139,60,6,2,6,3,24,35,13,13,16,1,6,3,2,2,10,55,33,1,2,3,8,23,78,50,6,7,6,1,2,5,10,19,41,32,21,25,12,1,9,53,37,1,0,8,3,9,57,40,7,8,11,5,2,1,9,9,7,4,0,2,3,1,1,3,5,2,2,2,2,2,2,2,2,2,2,0,2,3,10,13,5,2,23,43,47,39,29,23,21,18,23,17,3,10,54,106,124,108,86,108,174,194,211,207,210,212,209,208,205,204,209,197,170,159,138,119,134,161,184,192,186,197,213,212,214,217,217,219,220,219
79,48,26,37,37,44,73,74,62,62,59,60,54,48,50,46,45,39,37,35,31,27,24,19,17,15,13,12,12,11,7,3,4,5,40,101,119,123,115,111,101,98,98,96,90,87,90,93,90,79,78,74,72,109,170,204,216,220,225,225,220,221,222,218,222,220,220,222,222,218,214,211,171,141,165,210,220,219,221,221,220,220,220,220,220,220,220,221,220,219,219,219,220,220,221,221,221,221,221,221,221,221,221,221,220,220,221,218,204,183,172,173,169,172,179,187,197,209,217,217,218,218,219,219,219,219,218,218,218,217,217,216,216,217,218,218,219,219,219,219,218,217,217,216,216,215,216,217,217,218,217,217,217,216,215,214,214,214,215,216,216,216,216,216,216,215,214,214,214,215,215,216,215,215,215,215,213,215,216,215,214,216,215,213,213,207,207,212,204,183,173,178,169,159,183,207,190,134,88,89,117,157,196,211,212,210,210,211,211,210,210,210,210,210,209,208,207,208,208,208,209,209,209,209,215,206,204,206,205,206,205,199,181,148,82,22,20,60,110,157,178,195,202,200,201,201,200,203,201,201,202,202,203,203,202,201,202,201,200,200,201,200,199,198,195,195,199,191,170,113,70,68,98,155,191,198,193,191,196,191,191,190,189,189,188,185,181,178,178,178,177,174,160,147,140,129,125,131,144,149,140,132,127,121,117,114,112,113,111,106,79,33,8,4,5,18,35,42,21,3,5,7,61,125,153,154,145,107,48,25,40,105,165,184,188,194,194,193,198,199,196,196,205,193,82,0,9,7,0,3,2,4,1,8,1,35,75,8,17,26,33,42,16,8,19,23,105,99,1,32,94,70,77,57,10,2,2,1,9,53,84,9,1,7,4,0,75,89,23,4,3,9,4,9,11,5,10,17,2,2,4,1,0,36,69,23,0,2,15,55,96,135,161,169,183,183,175,161,155,149,144,132,86,37,6,1,4,30,79,46,5,1,3,3,22,37,18,9,4,8,3,2,0,3,7,5,0,2,2,2,2,2,2,2,2,2,1,1,3,1,7,16,10,2,13,33,37,31,31,37,26,17,23,29,18,1,16,69,107,115,94,73,127,200,212,212,208,205,207,198,200,198,197,199,190,181,168,146,153,169,177,183,193,212,218,217,215,211,208,211,212,207
69,46,38,39,39,61,86,85,77,79,72,67,59,50,49,44,40,34,30,28,25,22,20,17,12,11,9,8,9,10,8,5,7,6,36,101,121,127,119,116,106,98,95,96,95,93,92,91,82,79,76,78,104,159,202,212,221,223,224,221,218,219,222,221,221,220,220,219,218,216,205,191,170,158,181,214,223,221,218,221,220,220,220,220,220,220,220,221,220,220,219,220,220,220,221,221,221,221,221,221,221,221,221,221,221,219,216,207,176,132,116,128,163,170,171,168,171,179,197,216,218,218,218,219,219,218,218,218,218,217,216,216,216,217,218,218,219,219,219,219,218,217,216,216,216,216,216,216,217,217,217,216,217,216,215,215,215,215,216,216,216,216,216,216,216,216,215,215,215,215,216,216,216,214,212,211,212,216,217,213,209,206,202,198,203,198,185,191,195,156,122,131,120,107,154,201,199,176,153,147,139,170,199,210,212,211,211,212,211,211,211,211,211,210,209,208,207,207,208,208,209,209,209,209,205,207,210,208,204,205,208,208,200,184,162,108,40,10,33,71,125,159,184,193,199,201,198,200,201,201,202,202,201,201,202,202,202,202,201,200,200,199,198,197,195,195,198,193,189,162,139,138,124,151,180,195,196,193,193,193,190,189,188,187,186,184,180,177,174,177,177,177,167,151,135,108,88,94,120,144,143,131,125,120,114,112,109,109,106,107,96,64,25,8,4,2,3,7,7,4,1,19,74,128,153,154,156,138,101,87,100,144,176,186,189,189,192,194,195,197,195,195,194,147,21,0,6,0,2,5,3,2,6,3,8,41,36,49,141,55,17,33,26,16,10,32,112,42,3,57,49,12,62,69,10,26,34,15,13,32,19,6,11,2,3,10,78,56,0,2,3,2,19,64,48,11,2,10,9,4,0,5,10,21,3,0,60,108,167,190,198,181,154,136,122,117,114,105,124,141,160,183,193,180,153,101,44,20,15,0,5,6,1,7,55,76,27,4,3,7,5,12,8,4,9,6,0,4,2,2,2,2,2,2,2,2,2,1,4,1,2,9,7,4,4,15,24,28,35,43,26,25,37,28,23,9,5,27,67,110,95,77,80,163,195,205,202,194,194,193,196,199,196,201,206,191,201,168,168,191,195,192,195,196,202,203,204,202,200,203,203,199
59,50,56,43,45,79,88,81,77,73,64,55,53,51,44,40,36,29,24,22,16,13,12,10,8,7,5,4,6,9,9,7,4,7,35,98,120,134,129,121,107,96,92,98,102,100,95,89,80,79,68,89,150,192,208,224,223,223,220,221,225,220,217,221,221,220,221,219,210,199,186,174,172,190,212,218,219,220,218,221,220,220,219,219,219,219,220,220,219,219,219,219,220,220,221,221,221,220,220,220,220,220,220,220,218,220,213,202,186,161,149,157,167,170,171,174,170,159,172,204,218,218,218,218,218,218,218,217,218,217,216,216,216,217,218,218,218,218,218,218,218,217,216,215,217,216,216,216,217,217,216,215,217,217,216,216,216,216,216,216,217,217,217,216,216,216,216,216,214,214,214,214,213,210,206,203,204,208,207,199,188,179,169,162,183,193,167,162,192,172,129,129,151,144,170,195,207,206,191,191,195,207,213,212,213,214,212,210,211,211,211,211,211,211,209,208,207,207,208,209,209,209,209,209,210,209,207,205,205,206,206,204,209,205,194,172,131,64,13,11,36,88,137,165,186,197,199,202,200,201,202,201,200,200,202,203,203,202,201,200,200,199,197,196,196,197,198,194,191,181,169,174,168,159,169,188,197,194,190,193,190,189,188,186,185,182,179,176,177,181,177,176,171,160,131,85,38,48,89,133,142,131,123,119,114,109,103,104,102,99,97,89,66,25,13,9,5,1,6,4,15,45,96,134,149,150,161,154,159,147,148,167,175,181,187,184,183,186,186,189,189,182,158,74,0,9,4,6,6,0,4,2,3,2,9,44,7,104,249,114,15,81,39,39,126,135,83,11,21,62,12,25,32,19,6,74,114,41,1,2,12,3,2,8,4,9,38,11,1,3,3,1,26,83,25,1,5,4,1,27,46,16,1,15,78,152,200,204,165,110,70,44,17,13,3,6,6,1,4,15,24,29,53,95,140,186,186,155,77,6,2,1,2,7,32,21,3,1,6,2,15,52,49,12,1,7,4,0,2,2,2,2,2,2,2,2,3,0,3,2,2,4,5,8,2,5,20,36,43,41,20,33,29,27,34,18,4,14,38,76,96,88,73,96,177,199,200,199,198,204,198,210,215,213,217,199,190,187,183,196,209,201,189,185,191,195,202,204,203,206,211,212
47,60,64,44,59,85,78,83,71,64,56,50,44,36,28,24,24,18,11,8,8,9,9,7,7,7,7,6,7,9,9,8,5,3,30,87,132,131,131,125,112,102,95,96,98,99,95,89,75,70,81,134,190,209,217,226,223,223,223,222,220,219,218,218,218,216,212,202,189,181,183,191,206,212,219,222,220,218,219,221,219,219,219,219,218,218,218,218,218,218,218,218,218,219,220,221,221,220,219,219,219,219,219,218,219,220,218,214,211,208,201,193,184,197,210,216,205,175,158,175,207,219,217,216,221,217,216,218,218,216,216,218,217,215,217,220,217,218,219,218,218,218,217,215,216,216,217,217,217,217,216,216,214,220,217,217,217,214,216,216,219,216,217,216,215,214,211,219,213,210,211,208,204,204,187,155,161,189,205,182,149,142,142,133,173,189,179,171,191,198,188,189,197,198,200,205,211,214,214,213,215,214,212,212,213,213,213,212,212,211,211,210,210,209,209,209,208,208,209,209,209,209,208,208,207,207,206,205,205,205,205,205,206,204,205,197,178,148,92,32,7,14,50,100,147,179,190,197,196,203,200,198,199,201,204,203,201,201,201,201,199,197,195,194,193,195,195,196,196,184,172,171,181,172,165,173,189,196,193,191,191,190,188,187,186,184,183,181,180,182,178,178,171,169,146,82,24,12,51,115,136,131,128,121,115,107,98,92,91,92,91,88,83,73,46,31,21,24,23,31,51,91,122,139,142,151,153,162,167,171,172,174,181,183,179,175,165,165,169,174,170,150,75,7,3,3,3,3,3,3,3,3,3,2,15,32,9,136,232,58,93,213,66,39,218,209,76,1,83,94,49,54,16,3,5,91,84,9,1,6,3,13,70,56,9,14,4,7,5,0,5,4,21,31,1,4,8,1,3,64,68,0,30,149,210,204,143,88,25,7,29,24,21,22,25,12,36,24,19,33,35,15,2,1,3,42,89,157,195,143,57,10,2,13,12,2,4,7,2,2,19,44,22,2,0,7,3,8,20,9,2,3,5,1,0,3,2,2,2,2,1,3,6,9,5,3,11,33,38,41,33,26,14,19,41,33,8,5,24,50,87,88,62,63,119,188,207,209,209,216,217,210,212,213,204,201,179,177,189,201,216,216,192,181,181,194,205,210,216,221,222,223
50,61,51,44,67,80,68,64,54,47,38,32,27,22,16,12,14,11,9,7,7,8,8,8,7,8,9,9,10,10,8,5,6,2,26,89,129,130,130,119,119,110,102,99,98,98,94,88,79,77,119,173,202,219,224,221,225,223,220,219,220,220,218,215,206,198,187,181,182,191,204,214,219,221,222,221,220,219,220,221,219,219,219,219,219,219,219,219,218,218,218,217,217,218,219,220,221,220,219,218,219,219,218,218,217,219,220,218,219,219,217,212,220,220,220,221,216,199,155,151,194,213,216,215,218,216,216,217,216,216,215,215,215,216,217,217,219,219,218,217,216,217,217,215,215,215,216,217,217,217,217,216,215,218,215,216,216,216,220,218,213,213,214,214,216,216,218,207,198,199,201,189,181,194,178,127,99,146,192,190,160,150,163,173,180,198,194,186,202,211,206,206,212,211,211,213,214,214,213,211,213,213,213,213,212,212,212,212,212,212,211,211,210,209,209,209,208,208,208,208,208,208,208,208,208,207,206,205,204,205,205,206,204,203,207,206,199,188,158,118,52,17,8,28,66,118,160,180,194,198,196,199,201,197,198,200,200,200,199,199,198,196,195,194,192,192,193,194,194,187,175,169,178,176,166,166,184,193,192,193,191,190,189,188,187,185,183,182,178,178,174,178,176,175,164,122,46,7,24,80,121,138,130,120,108,103,99,93,86,84,85,85,90,90,85,82,75,73,75,85,105,119,138,136,139,153,149,154,157,164,170,172,176,181,182,178,154,139,156,165,150,68,6,4,3,3,3,3,3,3,3,3,2,7,24,18,5,167,207,101,162,228,71,77,230,171,31,1,96,100,74,78,17,1,15,59,23,1,8,5,1,29,111,51,6,3,2,5,23,40,16,3,13,10,4,1,1,5,9,41,25,77,157,214,155,81,36,30,28,17,24,24,41,33,28,17,44,26,28,38,32,17,22,30,9,10,1,13,77,162,194,145,42,1,9,5,3,1,7,5,14,7,4,4,3,0,3,14,12,9,4,2,2,4,3,0,2,3,3,2,1,2,4,6,8,1,5,27,47,49,39,27,26,29,38,40,15,10,10,27,55,75,44,54,75,159,208,211,211,210,207,205,205,196,193,190,172,166,174,197,213,217,205,183,187,201,213,218,219,217,214,215
42,51,34,48,76,70,53,37,34,27,19,16,15,13,10,8,10,11,12,11,10,9,10,11,11,12,11,11,12,12,9,5,8,3,22,86,131,138,138,125,113,109,104,100,100,99,92,84,76,96,159,201,212,224,224,222,219,220,221,219,214,205,198,193,188,187,186,190,200,211,220,223,223,221,220,219,220,221,221,221,219,220,220,220,220,220,220,220,218,219,219,218,217,218,218,219,220,219,218,218,218,219,218,218,218,220,221,220,221,223,223,221,219,217,217,218,216,207,152,143,188,211,219,217,217,217,218,217,218,219,218,215,215,217,218,217,218,218,217,216,216,217,216,214,214,215,216,216,217,217,217,217,216,215,214,217,216,217,219,209,207,204,204,198,197,201,219,201,180,173,166,150,151,189,194,151,128,152,186,203,199,197,203,204,203,214,213,209,214,215,213,214,216,215,215,215,214,214,213,212,212,213,213,213,211,210,211,213,212,212,211,211,210,209,209,209,208,207,207,207,207,207,208,209,209,208,206,204,204,205,206,207,207,206,207,205,202,201,192,174,132,67,22,10,10,34,83,128,166,187,195,197,200,202,204,197,200,199,198,197,197,197,195,193,193,192,192,193,193,192,182,169,172,182,172,160,173,190,194,194,191,190,189,188,187,186,184,183,185,182,176,179,175,170,167,146,84,21,7,39,90,131,129,122,119,107,100,95,88,88,90,89,88,87,95,101,104,103,110,114,119,127,122,128,136,139,145,127,124,137,157,172,176,177,178,176,165,160,168,164,95,19,0,3,3,3,3,3,3,3,3,3,2,3,30,25,1,59,113,137,159,177,151,188,232,119,1,34,93,26,23,95,85,20,13,15,14,6,1,2,2,28,61,1,0,5,6,2,71,94,21,3,1,5,10,11,16,9,6,14,93,177,152,118,49,46,25,44,61,26,17,16,12,31,28,25,26,12,13,26,29,25,22,31,18,26,25,11,1,16,95,186,170,50,1,12,14,38,37,12,10,4,7,0,3,1,7,8,3,5,4,1,0,2,3,2,2,3,3,2,1,1,2,3,13,2,2,15,42,42,34,22,15,25,37,40,21,5,5,23,29,52,40,38,45,99,188,201,197,191,188,187,185,169,167,158,147,139,146,177,193,201,201,173,170,184,197,206,208,206,204,206
33,34,26,47,64,52,38,20,24,18,14,14,17,17,16,15,16,17,16,14,11,10,11,12,16,15,12,11,12,13,11,9,5,2,11,64,128,139,140,128,118,115,108,103,101,95,83,74,83,139,190,211,220,221,218,225,221,221,216,206,192,183,182,185,192,200,210,216,220,223,222,219,219,218,218,219,221,222,221,220,220,220,220,220,221,221,221,221,220,221,220,220,219,218,219,220,219,218,218,218,219,219,219,218,220,221,221,220,219,220,220,219,216,215,219,219,208,183,148,156,199,216,220,219,218,217,219,217,219,218,217,216,216,216,217,217,214,215,216,216,218,218,216,213,215,215,216,217,217,217,217,217,215,215,216,218,216,218,213,189,156,163,190,184,169,168,200,200,173,158,144,135,149,192,214,199,183,187,200,210,209,211,214,212,213,211,212,215,215,212,213,216,211,212,213,213,212,212,214,215,212,213,213,212,211,211,211,212,212,212,211,211,210,209,209,209,208,207,206,206,206,207,208,209,208,208,206,205,205,205,206,206,207,206,206,204,200,201,201,195,181,152,92,36,15,5,12,46,96,142,178,190,191,195,202,202,200,199,198,197,198,198,197,195,195,193,193,192,191,194,188,174,165,180,179,162,161,181,194,191,191,190,189,188,187,186,185,183,180,180,176,177,175,168,166,158,119,54,10,16,64,116,130,123,113,102,98,97,90,87,86,82,91,87,95,96,100,98,105,102,98,102,97,106,117,113,118,90,76,95,132,164,173,170,169,170,174,177,175,128,32,2,6,4,3,3,3,3,3,3,3,3,3,3,27,19,7,1,7,1,9,23,41,85,151,86,8,58,114,6,6,95,77,6,1,1,1,21,37,24,9,17,15,6,3,5,2,2,74,64,1,4,4,3,10,67,44,3,1,86,212,177,68,37,40,54,28,28,33,30,38,19,25,37,13,49,57,33,23,17,45,38,33,35,34,19,19,41,39,3,3,47,162,190,77,1,44,87,32,1,2,6,2,9,24,12,6,5,3,2,1,2,3,2,1,2,2,2,3,2,2,1,1,2,10,7,3,7,30,40,40,36,26,27,36,31,35,10,8,14,20,32,42,31,39,48,133,183,182,173,175,168,162,145,136,121,124,121,132,158,171,177,180,163,164,171,180,190,197,199,200,204
34,26,33,45,41,35,34,24,27,24,23,25,27,27,24,23,21,19,15,11,8,7,8,9,15,14,12,11,12,13,12,9,3,3,6,40,124,141,138,128,123,118,109,104,100,88,73,67,101,177,211,220,228,221,220,224,225,212,194,182,179,185,197,207,215,219,222,220,219,220,221,220,220,221,221,222,221,220,220,219,220,220,220,220,221,221,221,222,221,221,221,220,219,219,219,219,219,218,218,219,220,220,220,219,219,220,221,221,220,220,220,219,222,218,217,216,196,149,150,186,213,219,217,218,218,216,218,216,215,214,215,217,217,216,216,219,215,216,216,216,217,218,217,215,217,217,218,218,218,217,217,216,215,218,218,217,216,219,209,177,112,131,194,195,165,146,167,184,181,177,168,168,183,203,212,213,210,213,220,220,213,213,218,217,214,207,205,207,206,211,216,215,213,213,214,213,212,212,213,215,214,213,212,212,212,212,211,211,212,212,211,211,210,210,209,209,208,207,206,205,205,206,208,209,207,207,207,207,207,206,205,205,206,205,206,206,203,203,203,202,202,181,163,115,47,15,10,3,19,51,95,144,179,191,197,197,199,199,198,197,197,199,198,196,194,192,193,191,188,193,192,183,164,167,176,171,157,167,187,191,190,189,188,187,187,185,184,183,178,180,177,177,175,170,167,162,142,90,23,6,40,93,127,123,116,110,107,102,91,86,89,90,88,88,95,88,81,74,77,72,70,58,76,74,84,95,86,81,75,95,124,145,150,148,148,148,162,172,154,51,4,4,0,5,3,3,3,3,3,3,3,3,5,6,34,17,16,79,81,68,48,36,37,23,72,64,1,36,42,1,24,72,14,3,5,4,2,63,115,39,4,1,7,6,2,10,4,6,28,21,4,5,3,1,15,74,22,1,51,198,200,86,43,42,59,9,31,26,39,42,40,5,31,23,7,37,36,16,31,34,54,33,38,33,63,27,16,27,11,12,27,1,15,149,201,78,20,30,1,8,4,2,6,57,64,21,3,5,6,7,8,9,8,6,2,0,1,2,3,3,2,2,2,2,4,12,5,3,14,36,42,43,31,31,36,27,36,14,6,7,19,27,33,33,30,33,67,160,163,151,159,155,150,142,133,129,131,135,151,161,165,165,159,161,166,167,171,182,198,207,211,215
32,30,51,54,39,40,43,40,39,37,35,35,34,30,25,23,20,16,11,7,5,6,7,9,10,12,12,12,12,12,10,8,4,6,7,25,114,149,142,133,115,113,109,106,98,77,62,66,115,179,207,220,223,218,224,212,202,187,174,179,195,210,218,220,224,222,219,217,218,221,222,221,221,221,221,220,219,219,220,221,220,220,220,220,221,221,221,221,220,221,220,220,218,217,217,218,219,218,218,219,220,221,221,220,219,220,221,222,222,222,221,220,217,216,215,209,184,130,160,217,219,219,215,218,218,216,219,217,217,216,216,215,214,213,216,219,217,218,217,216,216,218,218,218,218,218,219,218,218,217,216,216,216,220,218,216,216,219,211,185,145,153,208,212,188,168,167,184,199,207,204,202,213,216,213,216,218,215,215,214,213,217,214,202,198,196,194,189,192,207,217,210,215,215,216,215,214,213,214,215,215,213,212,211,212,212,211,210,211,211,211,211,211,210,210,210,208,208,207,206,206,206,207,208,207,207,208,208,208,207,205,205,206,206,205,204,203,202,200,200,201,201,194,170,129,67,21,17,18,18,21,53,105,152,183,194,196,198,198,197,196,198,197,195,193,193,193,192,189,191,193,192,174,158,168,179,164,157,175,191,189,188,187,186,185,184,182,181,181,181,179,175,172,170,166,160,155,123,51,7,10,52,109,126,119,114,105,97,92,87,82,79,67,65,64,57,53,50,52,50,45,38,52,56,66,77,78,87,111,131,139,132,130,134,138,139,157,147,80,10,2,9,6,3,3,3,3,3,3,3,3,3,1,4,30,13,37,157,175,182,189,164,179,191,118,29,8,42,21,14,29,26,1,1,2,7,8,66,81,11,2,3,6,7,72,64,16,10,2,5,4,1,4,4,18,24,1,11,159,211,109,30,30,41,65,24,61,30,36,42,10,13,25,14,14,11,21,21,39,74,37,35,42,45,48,33,58,68,51,34,23,35,3,8,147,203,80,1,4,5,5,0,5,42,22,0,4,6,1,19,29,19,5,3,4,3,1,2,2,3,3,3,2,2,2,13,6,1,4,31,38,38,26,32,36,32,29,26,6,9,21,30,30,28,23,28,25,118,160,152,156,161,160,160,160,168,166,172,188,188,182,171,158,165,169,169,171,181,201,215,220,223
28,45,68,65,52,52,51,47,43,41,38,34,29,23,18,17,15,13,10,7,7,8,10,12,9,12,13,13,12,11,10,8,3,3,3,12,87,147,141,133,118,117,114,112,98,74,73,97,144,176,193,204,205,203,207,193,177,176,183,201,218,224,222,218,221,219,219,221,223,223,221,220,219,219,219,219,219,219,221,222,220,220,220,220,220,221,221,221,219,220,220,219,218,217,217,217,218,218,218,219,221,221,221,220,221,220,220,220,221,221,220,219,218,220,221,212,187,143,162,212,214,218,218,219,217,217,221,217,219,217,208,193,186,191,199,203,212,215,217,217,217,218,218,218,218,218,218,218,218,217,216,216,216,220,217,216,217,217,215,203,194,191,213,215,211,207,202,210,212,218,216,212,217,218,216,216,213,213,217,216,214,216,211,198,169,173,179,182,187,203,214,211,214,214,215,215,215,214,214,215,214,214,212,211,211,210,210,209,211,211,211,211,211,211,211,211,209,208,207,207,207,207,207,208,207,208,208,208,207,207,206,205,204,205,204,204,206,206,204,205,202,204,198,188,180,146,88,55,77,73,42,10,17,68,137,179,193,197,199,197,196,197,197,196,194,193,192,192,190,186,186,193,185,163,161,175,170,156,163,183,188,187,186,185,184,182,180,179,177,174,174,171,169,171,168,163,160,147,91,30,3,24,84,124,125,121,107,100,103,94,73,59,46,40,32,34,36,41,47,58,58,60,52,66,70,68,82,90,127,148,150,138,138,144,151,162,148,76,1,10,3,0,6,2,3,3,3,3,3,3,3,3,5,11,37,16,1,11,25,114,213,74,53,102,104,25,1,41,24,11,15,3,12,7,10,2,8,37,17,1,3,4,1,21,103,54,1,3,4,1,14,43,19,6,8,5,9,70,215,138,40,36,14,27,27,9,46,25,30,58,10,30,32,6,23,27,29,47,49,84,41,47,35,17,39,146,216,201,188,144,56,25,26,11,17,167,184,46,1,5,3,2,16,22,3,0,9,0,1,20,29,16,1,0,4,4,2,2,2,2,2,2,2,2,0,7,8,4,7,30,46,47,39,35,35,30,34,48,12,2,22,31,34,25,26,21,15,65,165,179,170,177,171,173,179,178,179,183,198,205,197,184,175,172,177,178,176,179,192,204,209,211
31,60,73,64,57,55,50,43,39,36,31,26,19,13,10,10,12,12,11,10,9,10,12,14,12,14,14,12,10,11,11,12,10,5,3,6,63,143,139,132,123,120,116,113,102,90,114,161,185,193,191,189,189,185,181,176,178,188,205,219,223,220,219,222,223,221,221,222,221,219,220,223,221,220,220,221,221,221,220,220,220,220,220,220,220,220,220,220,219,220,220,219,218,217,217,217,218,218,218,219,221,221,221,220,220,218,217,219,221,222,221,221,219,218,219,213,198,169,160,185,205,215,220,220,215,216,220,214,215,211,191,161,149,159,173,177,203,209,216,219,219,218,218,217,217,218,218,218,218,217,216,216,215,219,216,218,219,215,216,216,208,212,217,216,216,218,215,219,214,214,215,214,211,209,206,202,195,201,212,218,217,216,209,196,168,172,185,198,202,204,211,216,215,215,215,215,215,214,213,213,213,214,214,212,210,208,209,209,210,211,211,211,211,211,211,211,209,209,208,208,207,207,207,207,208,208,208,207,207,206,206,206,204,206,204,202,205,205,203,203,200,198,201,201,197,183,158,145,147,154,130,87,58,74,131,177,192,197,200,198,196,197,198,196,193,192,189,189,188,179,176,186,190,173,158,162,168,157,154,170,187,186,185,184,182,181,179,178,178,171,173,171,167,168,165,161,160,156,121,61,23,29,71,114,129,123,99,81,84,78,61,53,35,33,28,36,36,40,51,76,90,83,72,79,81,83,88,107,127,149,156,154,157,153,157,177,123,21,1,5,3,5,4,2,3,3,3,3,3,3,3,3,1,9,23,7,16,30,0,98,218,43,0,23,88,32,2,26,14,1,1,7,4,65,84,23,7,8,11,3,4,1,4,15,44,2,4,5,2,2,42,71,12,2,0,7,0,152,205,64,25,47,10,33,30,22,59,26,23,22,13,40,57,22,71,48,22,36,22,15,44,50,51,5,71,223,200,98,107,189,189,63,44,41,1,45,204,142,9,49,47,14,8,1,6,4,0,2,10,10,7,2,2,5,4,0,3,3,2,2,2,2,1,1,1,5,11,3,5,19,43,47,31,26,36,20,30,46,15,3,16,30,32,36,29,21,17,29,143,183,166,172,164,170,179,161,154,155,170,193,190,183,184,168,167,170,168,167,176,187,195,199
53,68,70,57,51,51,45,36,29,25,23,20,12,6,8,10,10,12,15,16,14,13,14,15,13,12,12,13,11,9,9,10,9,2,5,0,43,131,142,130,124,121,121,125,108,107,155,198,215,214,211,204,196,193,193,195,209,213,218,221,221,220,219,219,220,220,220,220,220,221,221,221,221,221,221,221,220,220,220,220,220,220,220,221,221,220,220,220,220,220,219,219,218,218,217,217,218,218,217,218,219,219,219,219,217,217,218,218,219,219,219,219,220,220,219,217,210,199,186,177,182,190,204,216,219,215,212,212,202,181,157,152,169,183,177,160,168,195,215,217,216,218,218,218,219,217,220,217,216,220,217,214,218,217,218,220,220,217,215,216,217,217,216,214,214,214,213,212,215,210,205,207,204,199,192,177,170,187,205,215,218,214,211,212,194,195,201,209,213,212,212,214,212,214,215,214,213,214,215,214,214,214,213,212,211,210,209,209,212,212,211,211,210,210,210,210,211,209,208,206,206,206,206,206,208,208,208,208,208,206,205,205,203,203,203,203,204,204,203,202,203,202,203,200,197,200,192,184,189,190,180,171,163,162,176,191,195,199,196,199,191,195,192,183,176,170,181,186,176,144,124,151,176,181,157,128,134,133,128,156,177,187,183,179,181,178,177,175,176,175,172,169,167,166,162,158,159,160,143,109,72,61,86,110,124,129,104,72,61,71,62,64,59,52,50,46,57,57,52,78,102,109,102,91,96,109,117,122,132,150,157,154,160,166,164,163,80,9,3,3,1,4,2,4,3,3,3,3,3,3,3,3,3,9,19,1,71,186,156,178,213,160,145,156,116,22,2,30,9,4,2,1,11,119,87,6,4,2,7,12,39,32,4,9,15,8,1,2,2,1,43,32,0,4,2,2,42,200,153,37,22,43,11,50,38,27,38,36,35,42,48,48,43,26,45,29,43,40,38,97,151,153,131,24,52,220,131,1,1,45,203,168,48,30,31,1,108,214,88,64,37,2,4,3,2,16,35,26,15,9,4,4,2,2,2,3,3,2,2,2,1,2,2,2,1,4,9,7,2,15,40,42,39,46,34,24,25,48,23,4,12,29,27,33,30,31,25,16,71,169,170,162,150,155,167,151,147,141,163,177,183,181,167,178,174,166,168,161,150,174,189,199
62,69,67,57,50,43,33,26,18,14,15,17,13,10,11,11,16,16,16,16,15,15,15,16,12,10,9,8,7,5,6,9,4,3,3,2,27,113,146,137,132,125,123,120,112,133,182,210,222,222,221,219,217,216,217,218,217,218,220,220,219,219,220,221,220,220,220,220,220,221,221,221,221,220,220,220,220,220,220,220,220,220,220,220,220,220,220,220,219,219,219,219,219,218,218,218,218,218,218,218,219,219,219,218,217,217,218,218,219,219,219,219,218,219,220,220,218,213,206,201,183,175,171,179,188,190,184,179,167,166,170,187,211,221,206,184,171,172,181,202,219,220,216,217,217,212,216,217,216,218,218,222,218,217,217,218,217,216,217,219,216,216,216,216,214,209,202,198,200,200,181,173,185,182,173,180,176,190,207,216,218,218,218,216,212,211,212,216,216,213,212,213,212,213,214,212,212,213,214,214,213,213,212,212,211,211,210,210,212,212,211,211,210,210,210,210,209,209,209,208,207,207,207,207,211,210,208,207,206,206,207,208,206,205,204,202,201,201,203,205,204,203,202,200,201,201,197,198,193,197,199,191,190,197,197,200,191,190,194,190,176,176,177,154,134,146,166,181,171,100,50,85,138,169,161,121,71,59,67,112,158,184,184,180,180,174,174,173,173,172,170,168,167,166,164,160,164,159,149,134,115,112,116,103,109,119,108,77,57,60,67,84,81,65,62,60,66,71,70,87,107,113,110,106,114,127,134,139,149,146,155,155,157,162,164,119,28,0,6,4,4,6,1,1,3,3,3,3,3,3,3,3,4,4,20,11,21,93,124,103,114,122,135,175,125,18,2,22,2,1,6,1,20,72,26,1,1,6,1,49,107,38,4,3,6,5,13,20,12,8,12,9,0,3,0,3,76,215,107,26,29,43,18,30,13,28,19,33,41,39,50,33,38,40,25,48,47,2,100,232,214,197,204,48,1,175,187,59,19,1,123,228,94,21,49,16,25,186,179,33,5,1,4,6,2,50,81,26,4,5,6,1,9,8,8,2,2,2,2,2,2,2,2,2,1,1,6,8,1,10,36,44,43,47,36,24,23,53,40,4,8,29,29,30,26,28,26,22,22,116,156,159,162,167,174,170,160,159,171,173,180,187,179,178,178,170,162,170,170,179,191,206
64,61,54,47,40,28,18,16,9,7,10,16,17,16,16,15,19,17,16,15,15,14,13,11,9,7,5,5,4,4,6,8,5,7,3,5,11,86,150,143,139,131,128,115,117,159,203,217,221,221,221,221,221,221,221,220,221,221,220,219,217,218,219,221,219,219,219,220,220,220,221,221,220,220,220,220,220,220,220,220,220,220,219,219,219,219,220,220,218,219,219,219,219,219,219,218,218,218,218,218,219,219,218,218,217,217,218,218,219,219,219,219,219,219,220,221,222,221,218,216,202,189,176,173,174,173,169,166,174,191,210,220,221,220,216,213,200,182,164,169,197,220,222,215,213,210,213,214,217,220,216,216,220,219,219,218,217,216,218,220,220,218,215,209,196,179,167,163,187,190,176,170,190,190,178,190,192,199,211,217,214,216,217,212,218,216,215,217,216,213,213,214,214,215,214,213,212,213,214,214,212,212,212,212,212,212,212,212,212,212,211,211,210,210,210,210,209,210,210,209,208,207,207,207,206,206,207,207,206,206,205,205,207,203,201,203,205,205,203,202,199,205,206,201,204,203,202,202,197,200,199,191,189,196,191,171,160,163,186,180,149,133,144,126,90,123,153,165,155,97,55,86,118,157,172,139,62,18,16,55,126,175,183,178,179,173,174,173,174,173,171,168,168,168,166,164,156,156,162,154,127,120,124,107,86,94,100,80,62,64,87,111,102,81,80,82,86,95,98,106,114,118,119,121,129,137,141,145,146,144,150,158,158,166,147,63,0,1,7,2,4,3,1,3,3,3,3,3,3,3,3,3,5,9,19,1,33,31,5,0,2,0,1,28,88,20,8,32,44,40,40,13,14,26,4,6,2,6,1,54,83,2,1,3,2,4,54,50,8,6,4,3,2,5,4,1,113,218,70,18,54,67,11,17,34,25,35,22,34,30,21,11,107,119,33,37,13,5,131,231,114,111,165,114,27,49,183,175,104,76,178,235,105,19,32,27,1,121,212,58,5,7,1,3,2,35,42,1,5,1,2,9,38,25,11,4,2,2,2,2,2,2,2,2,2,1,6,10,2,6,32,46,39,39,33,24,20,45,49,5,3,30,34,29,25,26,26,27,25,97,171,165,171,177,180,185,189,190,189,187,193,202,197,188,184,184,174,192,199,191,194,203
60,52,41,33,26,15,9,11,13,10,13,18,19,19,20,19,17,17,16,14,13,11,8,6,5,5,5,6,7,7,8,9,10,8,2,7,4,57,145,148,139,136,130,115,131,181,211,219,221,221,220,220,218,217,216,215,217,218,219,219,218,218,218,219,218,218,219,219,220,220,220,220,219,220,220,220,220,221,221,221,220,220,219,218,218,219,220,220,219,219,219,219,219,219,219,219,217,217,217,218,218,218,218,217,217,217,218,218,219,219,219,219,221,220,219,219,220,219,219,218,219,214,209,204,201,199,200,203,212,217,220,219,218,219,220,221,220,208,179,156,166,191,199,193,186,169,170,191,214,218,213,218,217,217,217,218,218,218,218,218,218,218,217,209,193,176,171,173,197,197,198,199,202,193,177,180,189,191,205,215,213,214,219,216,214,213,213,214,215,214,214,216,214,215,215,213,213,214,214,213,213,212,212,212,212,212,212,212,212,211,211,210,210,210,210,210,210,210,210,209,207,205,206,206,207,208,208,207,207,208,207,206,205,203,202,204,205,203,202,202,205,204,199,192,196,198,196,181,181,190,183,160,138,156,171,131,75,95,142,162,137,115,127,127,109,125,151,161,157,148,145,157,152,168,187,170,113,34,3,16,87,156,178,176,179,176,178,174,174,173,171,169,168,167,165,164,164,159,160,157,135,119,113,95,79,71,82,84,89,95,105,106,112,100,101,105,109,115,116,121,119,122,126,128,131,133,135,138,137,147,142,152,150,156,101,20,5,6,3,2,4,0,2,5,3,3,3,3,3,3,3,3,3,3,18,10,135,185,20,33,31,40,41,53,93,14,1,61,131,129,66,6,1,9,6,2,12,9,9,27,23,1,6,4,1,6,66,38,0,0,7,5,5,6,8,0,131,208,64,23,38,21,14,17,66,38,48,52,30,40,18,96,165,195,180,105,25,4,104,205,178,228,184,181,182,43,38,170,197,220,231,194,79,53,49,40,1,51,210,106,1,9,10,10,10,21,8,5,5,2,2,7,30,13,2,4,2,2,2,2,2,2,2,1,2,1,5,11,3,4,28,43,33,31,29,30,27,33,48,15,1,30,39,32,29,29,26,26,15,64,174,178,185,195,196,200,202,202,197,205,213,215,216,209,188,192,194,210,217,208,196,186
57,52,39,26,18,12,11,15,22,19,18,18,16,16,19,18,15,15,14,11,9,7,6,6,6,7,10,12,12,12,11,9,10,4,3,4,2,28,126,156,141,138,128,122,157,202,216,223,220,221,221,219,217,217,217,218,216,217,218,219,218,218,217,217,217,218,218,219,219,220,220,220,219,219,220,220,220,221,221,221,220,219,219,218,218,219,219,220,220,220,220,220,219,219,219,218,218,217,217,218,218,219,218,218,218,218,218,219,219,219,219,219,220,220,219,219,220,220,219,219,220,219,219,221,222,221,221,221,222,219,216,218,222,224,221,217,219,219,208,188,174,169,172,177,171,159,152,159,186,209,214,219,216,215,215,215,217,218,218,218,218,218,218,217,209,201,202,208,213,210,215,218,200,168,157,171,170,175,197,214,213,213,217,217,216,215,215,216,216,215,215,215,213,214,214,214,213,214,213,211,213,213,213,213,212,212,212,211,211,211,211,210,210,210,210,210,210,210,210,209,207,206,207,208,209,209,207,204,203,205,207,207,205,206,206,204,199,195,193,193,201,198,187,169,173,187,192,161,116,126,143,113,77,111,137,107,59,83,115,146,144,141,151,163,157,140,148,165,169,176,182,182,183,181,184,180,153,74,20,8,46,127,171,178,179,177,179,174,172,170,168,167,166,164,163,162,164,162,158,159,151,128,94,58,36,50,95,114,112,108,117,117,118,118,119,119,121,120,119,126,123,125,129,131,131,133,136,138,137,132,118,115,107,102,44,0,6,2,0,6,5,3,5,1,3,3,3,3,3,3,3,3,2,5,19,1,107,206,136,166,167,174,176,179,156,25,2,36,87,90,18,1,4,2,3,57,82,25,7,12,12,2,1,2,5,15,34,2,2,6,0,5,4,3,7,0,127,202,55,27,32,7,22,29,49,52,43,36,45,48,114,213,232,170,142,219,99,8,19,178,233,184,48,51,232,175,6,1,63,104,110,67,67,68,33,29,17,21,193,144,5,52,61,24,2,9,3,1,1,12,12,7,10,2,1,5,2,2,3,2,2,2,2,2,1,1,4,9,3,3,23,37,31,32,28,33,37,29,42,19,1,27,42,34,33,33,28,26,20,37,159,194,197,202,203,205,212,212,206,215,219,215,217,212,189,182,195,207,217,220,202,180
49,49,39,26,20,19,21,24,25,21,17,14,10,11,13,12,11,10,8,6,4,4,6,8,10,12,14,15,15,14,11,7,8,4,7,3,4,10,92,158,151,140,126,138,184,215,219,223,218,219,219,217,215,215,216,218,218,218,218,217,216,216,217,217,216,217,218,219,219,219,219,219,219,219,220,220,220,220,221,221,220,219,219,219,219,219,219,220,220,220,220,220,220,219,219,218,219,218,217,218,218,219,220,219,218,218,219,219,219,219,219,219,220,220,221,221,220,220,219,219,218,218,219,220,220,218,216,215,218,221,224,222,218,215,217,221,220,222,221,216,206,195,191,195,201,201,190,169,166,179,194,211,220,219,217,215,216,217,217,216,219,216,215,217,218,216,214,215,215,218,217,215,186,139,136,163,151,168,197,216,216,213,214,213,215,215,216,216,215,215,214,214,215,215,215,215,215,215,214,212,214,213,213,213,212,212,211,211,211,211,210,210,210,210,210,210,210,210,209,209,209,208,208,208,205,207,208,206,205,206,205,203,206,205,204,203,202,193,173,156,179,194,162,99,95,134,167,142,86,74,121,120,99,121,125,124,134,152,153,164,168,176,180,190,192,178,175,183,188,185,184,186,183,184,176,182,173,120,49,6,17,89,154,179,178,175,175,173,170,168,167,167,166,164,162,162,154,163,159,156,154,133,85,32,8,25,84,127,135,131,127,119,119,124,123,120,120,118,119,128,124,126,130,132,132,137,136,129,114,77,67,53,44,31,9,2,2,0,1,7,0,5,8,0,3,3,3,3,3,3,3,3,3,9,22,1,77,210,158,130,133,108,88,66,92,26,2,11,30,26,1,10,4,1,11,101,79,7,1,4,6,10,51,46,8,13,11,1,5,8,0,6,6,2,5,1,104,205,42,15,25,20,41,42,46,23,69,53,80,42,117,220,140,54,103,229,162,31,3,40,178,188,128,171,244,171,19,44,19,4,27,57,28,60,30,15,24,4,173,178,16,73,52,9,2,2,6,14,40,29,14,11,11,7,2,4,4,4,3,3,2,2,2,2,2,1,3,9,5,3,22,38,41,46,37,37,45,41,46,22,2,23,45,38,35,34,31,27,26,19,126,208,215,214,218,223,217,218,210,208,205,201,203,196,194,173,183,193,209,221,212,195
38,42,38,30,27,28,27,28,20,15,11,9,7,8,9,6,7,6,5,6,7,9,11,12,14,15,15,14,13,13,10,7,7,7,9,2,7,3,47,136,158,141,135,164,202,219,222,219,221,220,219,218,217,216,216,216,219,218,217,216,215,216,216,216,216,216,217,218,219,219,219,219,219,219,219,219,219,220,220,220,219,219,219,219,219,219,219,219,219,220,220,220,220,220,220,219,219,218,216,216,217,219,220,220,219,219,219,220,220,220,220,219,221,221,221,221,220,219,218,217,218,219,220,220,220,220,221,222,222,220,218,218,218,218,220,222,221,221,218,216,219,221,218,215,224,217,213,207,189,162,162,193,211,215,217,217,216,216,217,216,216,215,215,217,219,220,219,217,214,222,213,201,164,133,143,148,143,174,205,217,216,217,218,216,213,213,214,214,214,214,214,214,216,216,214,213,214,215,215,214,213,213,213,212,212,212,211,211,211,211,210,210,210,210,210,210,209,209,209,209,210,209,206,204,197,201,203,203,204,207,206,204,205,204,201,202,201,186,151,118,162,182,134,60,65,99,138,139,132,120,157,176,175,175,162,172,179,194,192,191,193,192,189,188,188,194,189,186,188,184,181,184,182,185,179,182,183,154,89,21,10,50,123,169,177,176,173,173,170,169,168,168,166,163,161,161,160,161,156,154,156,149,109,49,8,15,65,118,132,132,124,120,117,118,118,117,113,115,123,125,124,125,128,128,128,128,110,83,57,25,20,10,8,0,1,5,2,3,3,5,0,5,5,2,3,3,3,3,3,3,3,3,2,6,22,1,38,213,76,2,1,5,6,2,40,39,1,18,19,8,1,2,1,6,19,58,18,1,12,3,1,33,95,41,2,2,6,7,10,11,2,3,6,3,5,2,66,205,65,5,52,35,14,47,102,164,159,182,211,61,4,168,186,205,222,209,191,87,27,1,22,126,178,204,175,83,22,67,40,33,47,62,45,25,31,39,33,2,164,191,29,56,12,0,8,2,0,34,78,30,2,2,5,1,6,12,6,5,4,2,2,2,2,2,4,2,3,12,8,2,21,44,55,57,47,43,46,49,54,31,2,22,53,47,37,31,30,27,25,18,91,206,219,211,207,207,201,202,197,194,194,196,199,196,203,189,188,188,201,211,217,212
34,39,39,36,34,31,26,24,14,9,6,6,6,9,8,4,5,5,7,11,16,18,17,15,15,15,13,11,10,11,10,8,7,9,6,1,8,2,10,106,157,140,146,186,211,219,227,220,220,218,217,217,217,217,216,214,216,215,215,216,216,216,215,215,215,216,217,218,219,219,219,218,218,218,218,218,219,219,219,219,219,219,220,220,220,220,219,219,219,219,220,220,220,220,220,220,218,216,215,214,216,218,219,220,219,219,220,220,220,220,220,220,220,220,221,221,220,219,219,219,220,218,215,216,218,220,220,219,221,219,219,222,222,219,217,217,218,220,221,221,221,218,217,221,216,219,222,221,216,191,160,153,192,202,212,216,217,217,218,218,216,219,220,218,216,216,217,218,216,220,210,190,152,155,184,153,156,193,220,219,214,216,216,212,216,216,216,215,214,215,216,216,215,213,211,209,209,212,213,213,212,212,212,212,212,212,212,212,211,210,210,210,210,210,210,210,209,209,209,210,210,207,202,198,185,186,184,182,185,194,201,203,202,206,205,198,188,170,137,107,147,162,134,119,156,148,154,169,166,184,189,192,195,191,191,192,193,195,193,189,196,189,192,188,187,187,183,185,186,184,183,182,179,177,179,174,184,171,138,69,14,24,93,157,176,179,174,173,170,169,168,168,165,160,157,157,157,155,157,159,154,155,137,91,22,5,32,94,125,138,128,123,117,111,114,116,107,112,124,118,123,124,125,124,121,111,75,30,11,10,4,2,6,7,3,2,2,2,1,5,3,6,0,4,3,3,3,3,3,3,3,3,4,3,11,7,6,111,88,26,29,16,14,24,59,37,3,14,13,6,10,35,51,12,5,22,7,2,1,3,7,39,64,2,4,3,5,1,34,33,11,2,2,1,5,0,36,203,111,7,50,64,45,15,160,237,118,62,187,107,0,31,209,211,89,56,149,209,149,25,29,4,20,64,48,39,35,75,61,82,28,24,43,25,54,41,24,12,174,194,30,30,4,4,0,7,0,28,36,3,2,3,4,1,23,33,7,6,4,2,2,2,2,3,5,1,1,13,8,1,19,49,53,49,42,38,32,38,48,32,2,23,62,57,40,29,28,24,27,24,60,181,200,201,199,198,199,196,195,197,199,202,205,208,208,214,204,192,197,197,214,217
40,40,37,31,25,22,22,22,18,11,6,7,9,7,6,6,5,11,16,17,17,18,18,16,14,14,13,12,12,12,10,7,5,8,8,2,6,5,3,68,157,147,168,197,218,217,222,222,218,218,218,217,216,215,214,214,212,215,217,215,214,215,216,215,216,217,218,218,219,219,219,219,218,219,219,218,218,218,219,220,220,221,221,220,220,220,219,219,219,216,220,221,222,223,219,222,219,218,217,216,215,216,219,222,219,224,221,218,221,215,223,220,215,217,221,222,219,220,221,219,218,218,218,217,217,217,219,221,220,220,220,219,219,220,220,220,220,220,220,220,219,219,219,219,219,221,220,219,219,212,192,171,170,174,182,201,220,218,212,218,218,216,219,220,216,217,221,219,216,223,198,163,139,173,179,158,176,211,218,216,219,214,214,218,216,213,217,214,217,220,209,209,202,204,193,180,184,205,217,214,213,214,212,214,214,211,212,209,208,209,210,210,210,210,209,209,210,211,210,208,207,207,200,193,174,181,172,146,154,173,174,190,199,204,206,196,181,160,139,139,169,178,172,177,195,195,190,191,195,194,194,197,197,194,194,196,194,191,193,194,189,186,187,189,188,185,180,178,180,185,187,187,191,194,197,190,187,195,172,119,37,24,60,126,161,168,171,169,178,178,179,181,181,178,172,167,163,158,155,149,146,154,149,127,58,11,12,54,112,138,119,128,116,112,106,104,108,115,118,118,120,123,122,123,114,77,31,8,7,6,5,4,3,3,3,3,3,3,3,4,4,3,3,3,3,3,2,2,2,2,2,2,1,4,10,14,1,10,31,29,39,26,24,10,34,46,5,6,20,2,36,125,66,7,4,3,10,5,14,15,4,24,36,2,4,2,6,4,20,15,0,1,1,0,6,2,4,166,154,27,38,25,50,13,140,209,107,122,164,170,133,21,73,205,106,0,2,106,195,70,76,20,19,63,29,63,49,51,96,83,23,62,63,42,51,36,17,24,191,184,21,3,12,6,9,15,15,16,9,3,5,4,1,4,20,9,3,1,2,4,2,2,3,3,4,1,3,14,6,1,18,40,49,47,32,36,36,24,45,36,1,27,75,59,47,36,30,25,25,22,36,155,195,194,196,200,201,201,204,209,214,217,217,216,214,212,208,191,176,189,211,217
42,36,28,21,14,11,15,20,18,14,12,11,9,6,5,7,11,14,17,17,17,17,17,16,13,13,12,11,11,12,10,7,6,9,8,3,5,4,0,43,148,159,183,206,221,221,222,216,216,216,215,215,215,215,215,215,216,215,214,214,215,216,215,213,215,216,217,218,219,218,218,217,218,218,218,218,217,217,218,219,219,219,219,220,220,219,219,219,222,221,220,217,217,219,219,220,219,216,215,216,217,218,218,219,220,219,219,218,220,214,219,209,206,206,209,216,221,220,218,218,218,218,218,217,217,218,219,220,220,220,220,219,219,219,220,220,221,221,220,220,220,220,219,219,220,221,220,219,222,222,214,203,188,175,159,167,197,215,218,221,217,219,220,218,215,217,218,214,217,213,185,144,149,181,159,160,193,216,217,215,218,215,215,215,216,215,214,210,196,193,198,188,176,177,171,147,152,190,209,210,210,209,211,211,209,212,215,214,209,210,210,211,210,210,209,209,209,210,209,207,207,206,202,196,189,188,177,164,167,148,134,171,193,194,198,196,192,186,178,181,193,198,192,194,203,203,200,197,197,197,196,194,195,197,195,191,195,196,194,188,184,189,189,182,181,187,195,199,194,182,168,159,137,112,92,76,58,47,36,18,14,2,7,17,13,15,25,28,34,42,53,63,75,94,116,133,149,158,171,174,168,166,161,150,103,31,5,37,88,134,141,123,124,120,115,113,115,119,122,123,124,129,133,128,101,52,14,5,6,5,4,3,3,3,3,3,3,3,3,4,4,3,3,3,3,3,2,2,2,2,2,3,3,0,5,21,15,15,23,15,19,13,14,16,26,59,20,2,15,1,54,107,22,1,5,4,1,57,90,41,4,1,9,5,2,2,1,7,13,5,0,2,3,5,0,12,1,72,207,82,23,32,31,7,25,148,200,199,159,113,203,164,0,135,238,69,1,12,36,62,63,15,23,47,51,67,17,50,103,34,60,63,57,29,30,62,14,54,216,147,10,10,0,51,86,32,5,6,10,4,1,4,6,7,15,5,0,0,1,1,2,2,2,3,1,2,4,13,7,7,20,31,54,52,37,31,30,32,58,32,3,34,85,64,49,39,35,33,27,20,26,133,193,204,211,215,217,217,217,218,219,217,214,212,202,200,198,188,176,181,196,203
34,26,18,12,7,4,10,19,19,16,14,11,7,3,5,10,16,17,17,16,16,16,16,15,13,12,11,10,10,11,10,7,6,9,7,5,4,5,0,15,103,169,193,212,218,218,217,216,217,216,215,215,216,216,214,213,215,214,213,214,215,215,215,216,214,215,217,218,219,218,217,216,219,218,218,217,216,217,218,219,220,218,219,221,221,220,220,221,219,223,221,220,220,222,225,221,221,220,218,217,216,215,217,220,218,215,217,217,218,211,210,197,178,189,198,209,219,220,217,220,219,219,219,219,219,219,220,220,220,220,219,219,219,219,219,219,221,221,221,221,220,220,220,220,221,220,219,218,220,222,223,222,223,206,175,157,166,179,185,188,197,202,211,219,222,220,218,217,218,201,164,143,178,185,147,166,210,219,217,215,216,213,214,213,208,207,204,204,169,152,179,179,166,180,191,159,149,184,203,211,207,201,212,213,208,210,208,208,210,210,211,211,211,210,209,209,208,209,209,207,206,206,204,200,200,199,195,189,186,163,146,172,174,169,175,183,194,202,198,194,195,201,200,200,200,199,199,195,197,193,191,193,194,194,194,195,191,186,186,190,191,194,198,200,197,172,137,102,70,41,18,6,4,0,1,1,0,1,3,3,2,2,5,4,0,1,6,6,0,1,3,2,1,0,2,4,13,25,47,76,105,135,162,179,154,96,17,9,70,130,154,144,141,140,137,134,131,130,132,134,141,141,143,135,97,40,7,7,5,4,4,3,3,3,3,3,3,2,3,4,4,3,2,3,3,2,2,2,2,2,3,3,2,0,4,22,23,10,22,25,21,20,19,18,18,58,32,3,13,15,34,35,2,9,2,2,4,80,72,5,2,4,1,13,51,51,18,12,11,4,0,5,3,4,1,5,2,14,170,147,21,35,33,42,1,2,66,67,25,40,192,228,36,15,142,87,14,22,14,45,55,24,145,168,143,110,39,42,71,52,38,22,48,31,25,22,24,126,234,93,1,9,1,61,68,6,2,3,4,4,45,52,16,6,10,4,0,5,2,0,3,4,1,2,2,2,3,18,7,5,22,47,53,65,44,29,43,41,56,29,2,40,95,71,56,46,46,47,31,21,18,108,194,210,217,218,217,215,212,208,205,202,198,196,191,191,194,194,188,182,183,188
20,17,14,13,11,10,13,18,17,13,9,6,4,4,9,14,18,18,17,16,16,15,14,13,13,12,11,9,10,11,9,7,5,6,7,9,5,4,4,1,48,164,198,215,218,218,213,221,214,214,214,215,216,215,213,212,213,214,215,216,214,212,214,217,215,216,217,218,218,218,217,216,219,218,217,217,217,218,219,220,220,218,218,221,221,219,219,221,219,222,219,220,220,219,221,217,218,218,217,217,215,212,211,212,210,209,202,192,194,188,186,185,160,176,184,193,212,221,220,221,220,220,220,221,221,221,221,221,220,220,220,219,219,219,218,218,221,221,221,220,220,220,220,220,221,220,219,219,218,217,219,221,221,223,211,193,180,173,169,169,162,166,181,203,215,214,214,221,215,187,139,150,182,161,158,194,214,209,204,202,199,197,202,205,200,190,183,188,159,138,173,195,189,196,205,187,174,186,193,192,170,161,187,204,208,214,210,210,211,211,211,211,210,210,209,208,207,209,209,207,206,206,206,204,206,200,206,205,199,198,193,191,180,166,159,160,173,193,189,174,175,190,192,194,199,197,198,199,195,195,194,194,193,191,186,183,181,190,200,202,195,173,127,81,33,17,2,0,0,0,0,1,3,11,12,8,6,7,5,2,5,4,4,7,9,6,3,2,7,5,4,7,10,11,8,4,2,5,4,1,1,4,28,52,88,105,57,13,45,109,152,159,154,152,150,150,151,150,148,147,157,154,154,145,102,42,8,9,3,3,3,3,3,3,3,3,3,2,3,4,4,3,2,3,2,2,2,2,2,2,3,3,0,3,3,16,21,2,21,35,28,16,31,26,10,40,42,2,8,14,8,7,6,1,2,5,11,46,10,1,13,11,1,22,91,53,7,1,1,6,8,7,6,0,5,5,5,1,65,197,101,15,33,37,17,4,67,188,182,208,238,146,55,31,12,41,12,27,52,23,42,139,215,137,98,198,189,52,60,61,22,42,42,41,29,22,51,186,207,46,4,1,10,42,18,1,4,2,1,5,67,46,2,2,4,3,7,13,7,0,4,5,0,2,3,1,3,24,6,2,22,57,45,52,35,26,42,35,47,21,2,49,100,72,58,51,54,57,42,27,16,82,187,200,203,207,203,202,199,196,195,196,197,196,198,202,207,212,211,198,185,181
12,17,20,20,19,19,18,16,12,7,4,4,6,10,13,16,17,16,16,16,16,15,14,13,13,13,11,10,10,11,9,6,5,4,7,12,6,1,7,1,15,119,201,213,218,219,212,215,211,212,213,213,213,214,214,214,214,214,215,216,215,213,212,213,216,216,216,216,217,217,217,217,218,218,218,218,218,219,220,221,220,217,217,219,219,218,218,219,220,219,217,219,220,218,218,217,215,215,213,211,209,207,202,198,195,197,179,157,164,161,165,182,175,175,172,184,210,222,220,220,220,220,221,221,221,221,221,220,220,220,220,220,219,219,219,219,220,220,220,220,220,220,220,220,221,220,220,221,221,220,220,221,216,220,221,217,212,206,201,200,185,167,159,175,202,219,220,213,199,165,132,159,161,130,160,192,201,185,179,181,178,175,175,179,185,176,177,191,191,176,181,201,202,203,201,198,180,164,170,173,144,132,161,191,205,214,211,213,211,211,210,210,210,209,208,208,208,209,209,207,206,206,207,207,209,198,203,208,204,207,206,200,198,187,179,170,175,188,175,151,161,177,174,179,197,197,195,201,197,194,192,191,190,189,195,201,203,186,151,99,43,9,1,0,2,2,5,10,10,5,3,5,4,4,1,2,4,3,4,10,5,6,4,5,7,5,6,12,7,8,8,7,6,6,7,8,4,7,7,10,13,10,2,0,2,2,13,12,22,85,155,180,173,169,163,159,159,161,163,163,164,164,166,158,114,48,8,6,3,3,2,2,2,3,3,3,3,2,3,4,4,3,2,3,2,2,2,2,2,2,3,3,1,4,0,9,21,5,11,17,24,5,39,49,23,44,60,15,3,4,6,11,4,48,64,15,6,17,7,6,1,1,4,25,56,4,1,7,0,0,12,10,4,0,4,6,1,2,4,117,193,56,23,21,34,16,2,69,125,119,123,46,60,46,5,21,19,53,38,5,25,197,133,87,152,221,240,91,54,45,18,36,17,43,51,17,119,236,135,36,63,26,10,15,8,7,2,6,2,15,39,1,2,8,3,1,13,17,9,0,4,4,0,2,0,2,7,24,5,7,24,45,45,31,26,28,23,29,60,20,4,64,100,71,57,49,52,56,51,32,14,59,174,184,186,196,196,198,200,201,204,209,212,213,215,218,219,221,220,208,188,175
17,23,26,23,21,21,17,11,6,5,5,8,13,16,16,15,16,15,16,17,16,13,12,12,12,12,11,10,11,11,9,6,6,3,8,11,7,0,6,4,0,54,187,211,214,215,215,213,214,214,213,212,212,212,212,212,207,207,208,210,214,217,216,213,215,215,215,215,215,216,216,217,218,218,217,218,219,220,220,220,219,218,217,217,218,219,218,217,219,216,219,218,217,213,200,195,206,210,206,192,180,181,187,191,183,189,179,160,173,173,177,199,199,190,187,203,220,220,216,221,220,220,220,220,221,221,220,220,220,220,220,220,220,220,219,219,220,220,220,220,220,220,220,220,221,219,219,220,221,221,221,221,225,221,217,218,220,220,221,221,222,207,183,159,162,192,209,201,179,133,121,152,149,150,177,185,143,129,138,163,179,181,176,180,195,194,197,195,201,188,162,168,174,184,185,195,180,157,172,188,178,164,178,198,207,211,208,210,210,210,210,210,209,209,208,208,208,208,208,207,206,206,207,207,205,207,204,203,206,205,202,204,198,202,205,197,194,196,177,155,166,172,162,168,187,188,186,190,189,195,190,183,196,207,181,139,77,29,1,1,3,0,3,14,6,4,3,4,4,3,5,8,6,4,2,5,8,4,1,4,0,5,6,5,5,5,3,3,0,3,6,7,6,5,7,9,4,7,8,5,4,7,11,14,10,8,7,3,9,12,39,108,154,169,181,179,170,166,167,169,172,171,172,170,136,64,10,2,2,2,2,2,3,3,3,3,3,2,3,5,5,3,2,3,3,2,2,2,2,2,3,3,1,4,1,5,18,12,6,6,7,7,25,33,30,41,40,29,1,14,7,1,22,129,93,9,5,7,11,8,30,30,9,18,17,1,4,2,3,3,7,8,1,6,1,0,2,9,1,6,143,193,40,9,21,38,11,8,2,1,71,52,33,19,21,36,17,33,6,14,7,125,203,198,201,111,93,180,110,30,23,39,30,33,42,66,218,201,34,14,47,17,1,5,4,10,17,12,10,15,18,2,10,1,3,3,12,13,6,0,1,2,1,2,1,1,11,25,3,7,32,48,46,38,30,32,21,35,63,19,2,82,103,79,65,52,48,48,51,36,20,52,176,184,181,193,205,210,214,215,217,219,220,219,217,216,212,208,206,200,185,170
25,27,27,23,18,15,11,6,5,7,11,14,16,17,16,15,15,14,15,15,12,9,9,10,10,11,11,11,11,12,10,7,6,3,8,7,10,3,4,6,2,15,128,202,213,212,217,213,210,209,209,212,214,212,207,202,195,199,201,201,206,213,216,215,214,214,215,215,216,216,216,217,217,217,217,218,219,219,218,217,216,217,216,214,216,219,218,215,212,209,215,203,199,199,175,164,187,196,193,174,161,167,181,189,187,193,199,192,203,205,205,215,213,210,213,222,225,219,217,222,221,220,220,220,221,221,221,220,221,221,221,221,221,221,220,220,220,220,220,220,220,220,221,221,220,220,219,218,219,220,220,219,218,217,220,222,221,219,218,215,214,221,208,158,125,151,185,184,135,73,58,94,120,171,199,195,166,151,161,184,196,189,179,187,197,211,222,215,211,184,134,119,158,168,170,185,197,193,200,207,209,203,206,212,213,212,211,211,211,210,210,210,209,209,209,209,209,208,207,206,206,206,206,206,202,209,205,201,205,206,206,206,202,205,206,199,199,202,193,187,187,182,175,176,175,171,174,176,181,193,207,203,162,94,33,1,1,2,8,11,7,3,2,3,6,4,3,5,8,8,4,1,4,6,5,3,4,7,7,4,4,5,5,4,7,11,10,7,11,8,5,4,4,6,7,7,11,6,7,9,9,10,10,4,11,2,12,10,4,8,5,4,22,70,128,167,185,189,184,176,184,179,175,178,152,72,9,3,2,2,3,3,3,3,3,3,3,2,3,5,5,3,2,3,3,3,2,2,2,2,2,3,1,4,3,3,11,17,7,11,21,34,34,15,33,35,32,51,6,12,7,4,39,104,29,1,6,1,2,50,106,54,3,8,10,6,5,2,6,9,8,3,4,0,0,1,8,2,2,5,15,145,168,47,23,24,27,62,30,50,14,20,31,35,28,36,31,21,21,17,12,35,190,172,77,67,176,254,96,19,39,33,28,15,51,200,228,86,2,15,10,2,2,5,1,27,78,51,9,2,7,9,6,1,5,7,9,7,3,1,1,2,2,2,3,1,17,25,2,10,44,52,42,48,32,33,27,37,46,6,12,109,111,90,74,58,51,52,51,42,30,55,184,197,188,194,215,220,221,219,216,215,213,210,206,202,200,197,194,195,191,181
28,26,24,21,16,9,5,4,6,11,16,17,15,14,15,16,14,14,13,12,9,5,5,7,8,9,10,11,12,12,10,7,5,4,9,5,13,8,4,6,5,1,52,180,209,208,206,197,195,196,201,209,215,213,202,193,186,196,201,197,195,202,211,214,214,215,216,217,217,217,217,217,217,217,217,218,218,218,216,214,211,213,212,209,211,216,216,212,200,195,203,185,187,202,183,174,177,186,187,179,180,192,199,196,201,200,212,210,216,220,218,218,221,222,222,219,218,221,223,219,223,222,221,221,221,222,222,221,221,221,221,222,222,221,221,221,221,221,221,221,221,221,221,221,220,221,221,219,219,221,221,219,220,220,221,219,216,218,221,218,218,213,196,161,145,176,191,164,114,54,28,73,117,184,215,211,199,178,176,182,181,167,162,182,213,215,216,211,214,202,171,161,180,194,194,194,207,214,211,215,208,214,215,214,211,209,211,209,211,211,210,210,210,210,209,209,209,207,206,205,205,205,204,204,207,197,196,202,199,199,206,203,206,203,201,198,205,206,200,203,200,191,191,189,165,153,163,163,192,183,133,54,2,0,5,4,5,4,3,2,1,4,7,4,2,3,3,2,2,3,4,4,4,2,4,5,4,4,5,4,7,4,5,7,5,4,5,6,5,5,6,7,7,7,6,5,6,3,8,12,4,3,10,10,9,4,7,7,7,13,13,10,14,23,34,54,94,145,180,192,190,186,180,182,150,62,1,4,2,3,3,3,3,3,3,3,3,2,3,5,5,3,2,3,3,3,2,2,2,2,2,2,3,2,2,2,9,21,6,9,45,43,56,15,26,27,49,62,36,1,11,15,19,38,1,7,1,7,1,63,76,11,1,2,2,7,47,76,25,0,12,3,1,2,3,1,1,4,6,1,1,13,135,197,88,8,64,55,27,36,39,23,59,41,48,31,23,13,45,17,11,2,42,150,179,214,215,145,35,24,43,29,10,68,192,237,124,4,9,16,4,2,6,6,1,32,70,12,2,1,6,2,25,59,21,6,9,4,3,3,2,2,3,1,1,5,23,20,2,23,53,35,45,44,29,39,24,34,42,1,36,136,119,93,72,58,57,65,56,48,34,52,185,205,195,198,208,210,210,204,200,199,198,196,199,194,197,200,197,202,207,202
26,23,22,19,9,3,5,7,14,16,17,16,17,17,16,13,10,9,8,6,5,5,4,4,6,8,10,11,12,12,10,7,4,4,5,6,8,9,5,0,9,0,11,111,196,197,191,194,188,187,188,197,212,214,200,187,192,210,213,204,199,193,197,214,215,216,215,217,219,217,216,218,218,216,216,218,214,213,210,190,188,205,205,200,195,205,222,209,194,185,192,178,178,204,201,188,176,182,194,206,206,212,206,206,205,206,214,220,219,218,220,221,221,221,221,221,221,221,221,221,222,222,222,222,222,221,221,221,221,221,222,222,222,221,221,221,222,221,221,220,220,220,221,221,221,220,220,219,219,219,220,220,224,212,221,221,216,220,218,216,215,186,166,168,195,209,200,160,122,107,80,106,161,196,215,215,211,176,129,143,176,170,166,174,208,212,216,216,213,210,205,201,210,210,211,212,213,213,213,212,212,213,213,212,210,209,210,212,209,207,209,213,212,209,209,211,209,208,208,207,205,203,203,204,202,192,181,182,192,194,195,200,203,203,199,200,200,200,204,200,201,194,199,194,170,139,155,137,92,32,0,3,5,5,7,3,3,4,5,4,3,4,4,4,6,0,5,6,3,5,8,1,4,8,4,0,6,5,0,8,3,2,7,6,8,1,7,6,5,7,4,1,11,6,3,8,5,13,3,10,4,10,7,11,7,12,9,9,13,10,10,20,33,42,48,45,41,52,76,97,131,177,201,184,108,21,0,9,4,2,0,2,5,3,5,4,1,0,2,2,10,6,0,7,2,2,2,2,2,2,2,2,3,3,1,0,4,12,14,11,25,21,8,11,16,28,21,33,35,10,1,18,12,6,4,2,1,7,2,42,21,1,6,3,3,8,78,57,1,1,2,4,6,5,12,3,0,7,1,4,6,0,1,110,192,135,69,10,46,36,39,20,82,23,30,69,23,30,43,12,14,19,15,2,44,73,54,47,32,35,47,15,107,214,232,121,5,12,16,18,10,4,1,5,7,27,24,3,3,5,5,0,44,57,7,2,2,1,5,7,2,3,5,1,2,5,41,7,5,34,60,50,46,36,28,42,22,56,35,1,56,161,137,107,81,67,58,60,55,51,36,53,182,216,204,189,187,195,198,196,195,195,196,200,203,207,212,216,217,217,218,218
27,22,18,13,6,5,8,10,14,16,18,18,17,15,11,7,5,5,5,5,5,5,6,6,7,8,10,10,11,12,10,7,4,4,4,5,7,8,6,2,1,10,2,43,165,195,204,194,208,200,188,188,201,208,198,184,193,210,216,212,207,196,193,207,216,217,216,216,218,218,216,217,216,217,218,221,219,214,194,159,155,189,203,201,188,189,208,207,189,180,176,167,183,210,206,196,190,202,207,211,204,203,195,190,189,204,218,221,220,220,222,222,221,221,221,221,221,221,221,221,222,222,222,222,222,222,221,221,220,220,221,221,221,221,221,222,222,221,221,220,220,221,221,222,221,221,220,219,219,220,220,220,215,225,218,218,221,217,217,210,180,155,166,198,216,214,188,142,157,159,140,158,193,205,217,216,211,182,144,165,206,209,200,192,208,211,214,215,215,214,213,210,211,212,212,213,213,213,212,212,212,211,211,213,215,214,212,209,210,208,207,206,208,212,212,208,211,209,208,207,206,204,204,205,194,187,174,155,148,166,181,177,178,197,200,204,201,199,198,203,197,203,195,193,189,109,43,12,5,0,6,13,4,0,4,3,2,3,4,3,3,4,3,2,3,9,6,1,0,3,3,5,3,0,5,6,3,5,6,3,4,5,0,3,2,11,4,9,4,2,28,24,1,10,3,36,50,2,9,2,12,15,5,11,6,9,14,21,22,13,14,28,39,49,54,49,47,50,47,40,42,70,92,91,46,3,0,0,0,11,5,3,3,3,2,3,1,5,2,3,2,5,1,5,2,2,2,2,2,2,2,2,1,2,2,1,4,10,15,17,6,14,27,19,14,13,13,13,23,34,1,12,4,5,12,46,74,17,11,13,8,4,1,2,2,13,30,2,5,8,7,0,5,22,12,3,0,1,1,0,1,7,1,2,53,156,197,103,58,41,10,26,87,45,12,51,16,24,49,5,39,26,16,36,24,1,29,59,4,35,76,153,238,212,104,9,2,8,13,1,2,26,56,31,15,19,11,4,0,2,3,6,29,14,0,9,6,0,3,7,4,2,2,1,1,25,42,2,7,33,49,57,39,40,42,43,28,51,21,2,96,167,152,129,96,79,70,61,53,49,39,51,175,219,212,191,182,189,194,198,203,206,209,214,219,221,222,222,220,216,213,211
25,20,16,10,5,6,10,10,10,13,17,18,18,15,10,5,4,5,6,6,7,8,8,8,8,9,10,10,10,11,9,7,4,4,4,5,7,8,7,4,1,8,1,3,95,193,206,207,210,208,197,187,188,193,193,190,204,214,216,214,211,198,191,199,216,219,217,215,217,219,217,216,216,219,218,218,219,217,196,158,155,194,213,208,186,174,187,194,199,198,187,181,192,202,201,200,203,205,188,190,196,197,182,164,173,202,220,219,219,221,221,221,221,221,221,221,221,221,221,221,222,222,222,222,222,222,221,221,219,219,220,221,221,222,222,222,222,222,221,221,221,221,222,222,221,221,220,220,219,220,220,220,217,221,217,219,218,217,206,174,150,165,194,218,218,203,164,132,168,165,153,182,213,214,218,216,213,209,195,203,217,214,213,209,213,214,215,215,214,215,215,214,213,214,214,214,213,213,212,211,215,214,212,211,209,209,210,211,208,208,210,211,208,208,210,209,209,207,206,206,205,203,202,202,204,197,188,161,138,152,162,142,156,185,188,190,196,200,195,196,197,192,212,180,89,7,0,4,2,3,6,4,2,5,6,0,3,4,4,4,5,6,4,2,2,3,6,1,9,0,4,5,7,2,5,7,2,4,7,3,2,9,11,4,5,7,2,1,8,12,77,14,5,4,2,15,6,30,53,5,7,11,12,6,12,7,8,14,12,11,26,48,54,53,53,52,50,48,48,49,51,55,38,22,13,8,12,9,2,3,0,5,1,3,6,3,2,3,2,2,7,7,1,2,2,2,2,2,2,2,2,2,1,2,3,2,2,6,13,19,11,22,28,62,29,37,13,23,37,45,15,1,13,2,19,131,99,13,3,2,13,8,15,24,12,15,15,7,7,1,5,2,9,10,0,5,6,1,2,6,5,0,6,6,0,13,92,172,189,137,43,19,31,27,8,41,9,38,40,34,17,27,26,44,35,3,28,49,62,153,212,237,172,59,1,6,4,4,14,5,3,65,91,23,2,2,3,11,10,23,11,11,18,11,6,5,2,2,5,7,3,1,3,4,1,44,28,4,24,44,58,75,54,33,30,30,38,47,5,12,135,162,157,144,110,92,83,61,55,47,44,46,147,209,209,189,173,184,199,213,221,219,216,219,219,217,215,212,209,204,200,198
17,16,14,9,5,7,9,6,5,8,13,17,19,17,13,10,10,10,10,11,11,10,10,10,9,10,10,9,9,10,9,7,4,4,4,5,6,8,8,8,7,0,6,3,25,153,207,208,206,213,212,203,197,195,201,208,212,216,214,213,214,204,194,194,212,218,218,215,216,218,217,216,217,221,218,215,216,219,211,188,178,206,217,213,200,189,195,202,210,216,209,198,177,161,172,186,210,192,146,147,171,188,187,174,175,206,221,218,219,221,220,221,221,221,221,221,221,221,221,221,221,221,222,222,222,221,221,221,220,220,220,221,222,222,222,221,222,221,221,220,221,221,222,222,221,221,220,220,220,220,220,220,222,214,219,218,217,208,170,140,161,204,219,218,212,186,149,161,182,154,153,191,218,217,215,214,216,220,216,217,217,214,217,214,216,216,216,214,214,213,213,213,214,214,215,215,214,213,212,212,212,212,213,213,210,202,193,186,199,204,209,208,207,210,211,206,207,206,206,208,208,207,205,205,207,200,200,191,176,176,173,151,160,177,177,168,173,184,201,209,209,186,103,6,1,7,1,4,9,8,4,2,3,4,3,3,3,4,4,4,6,7,6,3,5,6,0,12,6,3,7,3,6,10,5,3,6,3,2,2,8,1,3,46,1,5,9,5,1,21,10,4,2,6,8,8,17,27,17,1,8,3,3,13,20,13,10,10,11,22,46,65,62,58,58,59,55,49,53,61,59,48,58,69,47,26,23,7,13,8,3,8,1,0,4,0,3,0,3,2,26,24,1,1,2,2,2,2,2,2,2,2,2,2,2,2,1,2,7,15,4,17,30,44,39,41,25,20,29,42,35,2,4,5,23,104,38,1,3,6,1,37,110,65,3,2,2,8,1,10,12,4,15,1,5,5,4,3,1,0,1,2,2,0,7,6,2,15,84,165,186,158,123,81,43,56,24,13,10,36,21,19,38,38,76,80,127,178,227,217,169,89,16,4,3,8,16,10,1,3,2,61,49,1,2,2,2,4,63,54,13,5,0,5,5,0,5,6,6,4,2,4,4,2,20,45,1,7,38,48,69,78,49,30,32,37,62,44,1,50,162,159,161,156,133,123,116,91,67,51,51,39,101,187,193,183,171,183,200,215,220,213,207,209,207,204,201,200,200,200,200,199
8,10,11,9,5,6,9,7,5,7,12,16,19,18,16,14,14,14,13,13,12,11,11,10,10,10,10,9,9,10,9,7,5,4,4,5,6,7,9,10,6,2,4,1,1,73,190,205,208,211,211,212,211,209,210,216,213,214,211,211,216,211,198,190,207,215,218,215,215,216,216,216,215,220,218,218,217,217,217,207,201,213,216,216,216,212,214,219,218,218,215,204,160,129,149,170,193,183,149,155,175,190,200,203,196,215,221,218,222,222,220,222,220,220,220,220,220,220,220,220,220,220,221,221,221,221,221,220,221,221,221,221,222,222,221,221,221,221,220,220,220,221,221,222,221,221,221,220,220,220,220,220,218,222,218,214,213,175,136,154,199,222,215,214,205,162,136,180,180,155,179,210,215,217,215,218,217,216,214,216,216,216,218,216,215,214,214,214,214,214,214,215,214,214,215,215,214,214,213,212,210,209,210,214,210,189,154,127,154,178,196,201,206,213,212,208,207,206,206,207,207,206,205,205,204,200,200,203,203,199,193,187,191,188,174,146,156,176,185,152,112,27,1,2,4,3,4,2,0,1,2,4,6,3,1,4,1,2,3,3,5,6,6,3,6,3,8,2,5,3,6,5,1,7,2,4,8,6,6,4,4,15,1,39,20,10,6,6,6,6,9,1,9,5,1,4,2,2,6,5,2,11,3,4,9,12,15,16,24,42,60,65,67,67,64,60,60,61,57,50,49,60,55,48,58,68,51,20,26,27,14,1,6,3,3,9,3,0,4,2,34,51,4,2,2,2,2,2,2,2,2,2,2,1,1,3,2,1,3,8,14,16,30,20,36,12,12,21,40,44,35,36,3,10,31,34,1,4,0,7,3,52,91,14,2,9,5,3,44,81,35,6,10,8,10,0,1,1,4,0,4,3,2,1,0,0,0,0,1,6,55,122,170,180,185,182,157,139,145,134,140,136,160,181,204,205,211,184,128,61,8,1,2,5,11,9,21,8,18,14,11,36,15,5,3,3,4,15,60,24,0,4,3,0,13,32,13,7,2,3,5,4,2,2,34,30,6,37,47,35,44,46,40,42,32,36,78,35,2,98,171,160,164,162,156,156,150,132,93,62,55,38,60,166,182,183,183,186,188,192,198,198,197,200,199,199,199,201,205,208,210,211
5,6,9,8,6,8,12,12,11,11,13,16,17,16,15,14,14,13,13,12,11,11,11,11,10,11,10,9,9,10,9,7,5,4,4,5,5,6,8,10,4,6,2,2,4,14,122,212,209,209,207,210,213,212,211,213,214,209,201,201,205,203,194,187,205,213,216,215,214,214,214,216,217,218,215,218,219,217,218,215,217,219,218,218,219,218,217,219,222,216,218,214,175,145,157,168,180,189,186,201,207,208,210,214,214,220,219,218,221,221,219,222,220,220,220,220,220,220,220,220,220,220,220,221,221,221,220,220,222,221,221,221,222,222,221,220,221,220,220,220,220,221,221,222,221,221,221,221,220,220,220,220,216,224,216,211,186,142,152,195,219,218,213,215,186,146,145,174,149,155,200,218,212,219,219,218,218,218,219,220,216,212,213,217,216,215,214,216,216,215,214,214,214,214,214,215,214,214,213,212,212,210,209,210,205,185,156,134,127,127,133,159,188,192,193,207,208,207,207,206,204,202,202,203,206,209,203,200,203,201,198,204,205,190,190,190,188,151,89,8,1,1,11,8,2,3,2,2,6,7,3,0,2,4,3,2,2,4,4,4,5,6,6,5,5,7,3,1,7,1,7,2,6,2,2,8,3,11,27,16,5,24,5,25,59,21,9,10,9,2,14,16,15,19,9,6,10,10,1,5,7,4,6,6,1,6,9,11,25,47,63,68,67,66,64,64,66,65,60,55,57,49,58,63,53,55,62,57,24,15,44,43,7,1,3,2,1,5,1,0,19,61,8,1,2,2,2,2,2,2,2,2,2,1,1,3,3,2,3,5,13,10,5,26,34,24,18,60,39,19,16,33,19,3,10,24,13,1,1,4,6,32,23,1,2,1,5,6,67,73,15,1,2,4,1,27,49,9,2,6,0,9,3,0,4,6,3,7,5,3,0,0,10,34,67,92,129,152,162,166,172,170,148,131,107,79,43,13,1,9,3,8,8,4,8,1,17,73,66,19,8,6,6,7,1,5,7,17,28,2,4,2,9,0,15,25,8,1,0,7,5,0,3,23,44,2,6,35,40,36,37,37,47,54,29,43,76,11,13,140,169,162,163,160,161,164,158,148,121,79,60,47,36,142,182,186,193,190,181,176,185,196,201,203,206,208,211,214,217,218,218,218
9,8,10,13,12,13,16,17,16,15,15,17,17,15,14,14,13,13,11,11,10,11,11,12,10,11,11,10,10,11,10,8,5,4,4,5,4,4,6,9,6,5,2,8,6,0,41,167,206,211,212,210,212,212,209,208,210,198,189,190,193,190,190,193,208,212,212,212,214,213,213,216,218,218,213,216,219,218,220,220,218,216,219,219,217,219,219,219,219,217,219,218,199,180,180,184,200,207,211,220,218,220,217,219,219,219,218,218,219,219,220,220,220,220,220,220,220,220,220,220,220,220,220,221,221,221,221,220,221,220,220,221,222,223,222,220,221,221,220,220,220,221,222,222,222,221,221,221,220,220,220,219,218,217,209,188,152,152,196,217,215,215,218,206,162,147,178,174,141,175,209,217,214,217,219,214,219,216,215,216,220,220,215,217,218,216,215,216,216,214,213,213,214,214,214,214,214,213,212,212,211,211,211,210,207,203,199,196,165,127,96,115,149,144,145,177,191,195,201,205,206,204,204,205,202,208,204,199,201,201,200,205,198,201,206,187,110,30,2,3,7,1,2,5,2,3,4,6,0,5,7,4,0,0,3,4,4,6,7,5,4,5,6,6,6,2,90,156,161,160,63,18,14,8,4,10,5,15,36,24,18,4,2,57,49,26,18,31,31,6,8,7,12,23,12,14,15,37,20,15,11,2,4,2,5,8,4,3,14,29,45,61,57,61,68,73,69,61,57,58,55,56,53,53,59,58,53,54,57,45,33,23,22,34,2,5,2,3,2,2,2,40,13,0,2,2,2,2,2,2,2,2,2,1,1,2,3,3,3,3,10,15,11,12,20,27,22,38,18,10,23,14,37,25,3,25,19,41,81,34,0,10,10,5,7,1,2,8,40,14,1,9,3,2,11,66,68,15,1,1,6,1,3,10,0,1,1,0,0,3,10,11,0,0,5,2,1,3,2,8,6,0,8,2,3,0,0,8,9,0,9,27,24,4,5,2,16,102,51,1,6,1,4,19,52,41,21,10,7,4,6,0,0,4,16,8,0,0,3,7,4,0,13,40,25,2,29,46,44,32,37,34,40,49,47,76,56,1,60,166,167,165,165,165,161,162,157,152,139,99,70,61,23,102,179,181,188,193,188,180,187,203,212,212,218,219,220,220,219,216,214,213
15,12,15,20,20,19,19,18,17,15,15,17,17,15,14,15,15,14,12,11,11,11,12,13,10,11,11,10,11,11,10,8,5,4,4,4,4,3,5,8,10,8,0,4,4,2,4,78,197,207,209,206,209,211,204,195,196,184,181,190,193,188,191,201,212,211,210,210,214,213,213,215,214,219,216,217,219,216,218,218,221,217,220,220,216,219,220,218,218,222,220,215,210,205,205,213,216,217,219,220,215,222,218,217,219,217,219,220,218,220,222,221,221,221,221,221,221,221,221,221,220,220,220,221,221,221,221,221,220,219,219,220,222,223,222,221,221,221,221,220,221,221,222,223,222,222,221,221,220,220,220,219,217,215,200,151,137,186,220,217,218,217,213,186,138,138,187,166,152,199,213,216,217,212,217,217,216,218,218,214,216,216,212,218,218,215,214,215,215,214,213,214,214,214,214,214,213,212,211,211,211,210,210,210,210,209,208,208,195,187,160,143,129,97,97,142,153,164,180,194,201,202,203,204,202,203,202,201,201,200,199,199,204,202,140,64,1,0,4,3,1,6,3,1,3,4,3,5,6,1,1,4,5,4,5,5,5,7,7,4,2,2,4,5,1,123,189,77,30,95,180,39,12,17,8,12,15,16,26,19,9,17,13,32,15,10,3,29,2,44,26,2,7,2,40,26,14,15,24,25,11,27,12,5,7,7,2,2,4,2,9,30,54,66,72,68,66,70,72,70,66,58,53,51,56,59,52,47,49,51,56,37,14,67,38,14,8,1,7,5,0,13,18,1,2,2,2,2,2,2,2,2,2,2,2,1,1,2,2,2,2,9,14,8,15,22,24,25,24,23,19,17,32,42,12,4,19,115,120,13,9,2,2,10,18,33,14,11,25,6,2,2,2,2,20,36,1,2,10,3,6,3,16,17,0,5,0,5,1,4,0,2,6,6,1,3,7,1,5,1,3,10,1,4,1,10,5,3,9,15,19,46,16,5,1,5,22,53,9,2,2,4,1,25,93,29,2,2,5,7,5,24,10,8,8,7,2,6,3,0,5,11,22,37,5,85,184,198,136,46,38,27,35,32,47,77,21,8,124,168,161,162,165,170,160,160,159,155,144,112,78,70,13,66,171,171,176,194,197,186,187,203,216,220,216,216,213,209,204,200,198,198
18,16,17,20,21,18,18,20,18,16,16,16,16,14,14,15,12,12,12,11,10,10,11,12,11,11,11,11,12,12,10,7,4,4,4,4,4,4,5,5,8,8,5,2,2,4,5,4,125,206,197,196,192,191,188,176,177,186,198,207,209,208,209,212,212,212,212,212,212,213,214,214,216,215,215,216,216,215,217,220,217,216,217,218,218,217,217,219,219,217,217,219,219,218,217,217,219,219,219,218,218,218,218,218,215,217,218,218,218,218,220,221,222,220,221,222,222,221,221,223,221,219,219,221,222,221,221,221,221,221,222,222,222,222,222,222,221,222,222,221,220,221,223,225,221,223,223,220,218,218,219,219,215,201,155,136,178,215,217,216,213,220,203,166,140,173,162,130,177,208,217,214,217,216,216,216,217,216,216,217,215,214,215,215,213,220,214,212,214,213,215,216,214,214,214,214,213,212,211,211,211,210,209,208,208,208,209,210,210,207,200,190,177,164,153,147,132,126,148,171,181,180,196,204,204,207,204,200,198,202,198,218,171,69,8,0,3,7,1,5,2,3,4,2,3,5,5,2,2,3,5,5,6,13,7,6,7,0,4,17,28,0,18,1,32,202,45,0,8,1,9,27,12,24,16,12,14,8,19,17,24,34,35,53,2,16,16,29,3,11,9,23,23,16,34,38,4,2,22,22,43,33,6,22,22,3,13,5,3,5,5,2,2,29,49,60,69,64,68,61,69,63,62,52,50,53,76,51,54,49,50,57,35,20,19,32,27,11,2,1,6,18,45,6,1,8,2,0,5,3,1,5,2,2,2,2,2,2,2,2,1,7,12,10,9,16,27,35,21,24,26,16,14,44,48,3,3,47,39,1,7,8,0,21,111,88,13,2,5,10,5,5,11,6,21,15,1,6,11,2,4,1,15,9,1,0,2,0,5,0,3,0,1,6,2,5,4,4,6,1,8,5,3,4,3,0,5,6,6,13,9,7,19,46,46,14,22,17,4,2,3,1,1,35,67,4,5,3,1,0,41,49,9,3,0,4,6,4,3,4,4,16,38,3,62,220,191,108,101,58,89,71,31,19,76,47,0,62,166,167,162,164,165,163,162,161,160,160,152,117,85,75,13,53,171,185,183,192,196,185,175,182,197,205,205,201,199,200,199,197,198,201
10,9,12,17,19,18,17,18,17,16,15,15,15,13,13,14,13,13,12,12,11,10,11,12,12,12,12,11,12,13,11,8,4,4,4,4,4,4,5,5,7,7,6,3,2,4,4,4,32,156,202,175,185,181,170,185,194,200,208,214,214,212,213,215,214,214,213,213,214,215,215,216,218,217,218,219,218,217,218,220,221,219,218,218,215,215,219,225,217,215,215,217,218,217,216,217,219,218,218,218,218,218,218,218,219,217,216,215,216,217,219,221,220,219,220,222,223,221,220,220,220,218,218,220,221,221,221,222,222,221,221,221,221,221,221,220,224,221,221,223,225,223,221,220,221,221,221,222,225,226,217,206,189,155,144,174,208,221,219,212,213,211,187,145,165,197,160,154,197,216,218,215,216,215,216,216,217,217,214,212,215,215,214,216,214,211,207,203,193,196,211,212,213,213,213,213,212,212,212,212,211,211,210,210,209,209,209,208,206,207,207,206,202,198,193,190,167,144,153,151,128,153,162,179,195,199,197,200,198,210,187,109,45,9,2,5,4,6,0,3,8,4,1,2,3,3,4,6,1,7,3,10,8,1,11,3,12,49,116,193,135,1,21,4,42,192,16,0,10,24,11,3,12,23,31,10,9,5,23,17,14,10,31,58,21,44,21,6,10,8,2,45,1,13,4,19,20,29,44,12,37,12,7,19,21,15,22,44,5,13,1,3,7,2,5,29,56,69,65,65,69,64,60,63,53,50,61,47,47,43,37,30,41,39,28,11,33,25,23,24,1,7,29,13,2,0,2,5,1,3,7,0,2,2,2,2,2,2,2,2,2,2,7,12,10,7,16,30,27,31,34,32,29,24,48,45,7,2,7,5,2,0,7,42,95,35,1,9,3,1,30,89,61,5,5,7,13,1,2,7,12,16,4,1,5,1,1,2,0,10,4,8,1,1,0,1,3,1,1,9,0,8,1,3,1,8,2,1,4,10,2,0,45,111,50,2,1,3,13,7,9,15,18,22,19,2,1,2,2,0,32,25,0,3,5,3,1,8,0,3,12,32,18,6,125,222,46,1,62,199,207,186,127,58,80,10,18,135,176,162,163,164,164,162,162,162,162,160,154,125,98,60,6,45,174,196,182,196,180,169,168,171,185,186,198,198,199,201,204,206,209,211
7,5,7,12,16,16,15,16,16,15,14,14,14,13,13,14,13,13,12,12,11,11,12,12,12,12,12,12,12,13,11,8,4,4,4,4,4,4,4,5,6,7,7,5,3,3,4,4,0,60,185,201,197,194,196,202,208,210,213,215,214,213,214,216,215,215,214,214,214,215,217,217,216,215,216,217,217,217,217,218,218,215,214,217,218,217,215,216,218,217,216,217,218,218,218,218,219,218,218,218,218,218,218,218,216,215,214,215,218,219,219,219,221,220,220,222,223,223,222,222,223,221,220,220,220,220,220,220,221,220,219,219,221,222,221,221,222,219,218,221,224,223,222,223,219,220,219,217,215,207,188,171,157,157,186,216,216,212,218,219,221,203,169,137,165,167,140,171,209,215,215,216,216,214,216,214,214,217,214,212,216,216,212,212,204,183,179,184,174,180,205,210,212,212,212,211,211,212,212,213,211,211,211,211,210,209,208,208,208,209,210,210,209,206,203,201,193,197,182,156,149,139,126,123,140,172,178,187,207,139,36,2,2,1,5,3,0,4,3,7,2,5,6,5,6,6,3,0,2,8,11,0,10,8,1,58,172,183,136,66,26,14,12,0,2,145,175,149,152,164,184,75,33,18,29,34,21,33,46,16,23,1,35,41,29,31,18,20,20,20,18,15,18,26,13,29,29,10,7,13,27,10,18,48,32,25,21,31,33,43,29,12,4,5,4,1,5,33,45,62,54,57,52,65,53,50,45,34,41,37,42,32,30,34,37,16,7,9,30,48,30,22,12,15,3,4,2,1,2,2,1,3,2,2,2,2,2,2,2,2,3,0,2,9,10,7,11,19,34,29,35,23,36,31,17,55,63,6,3,19,10,6,8,19,33,2,9,2,2,2,63,103,40,17,1,8,2,30,77,35,1,9,10,3,1,2,3,4,8,2,0,7,1,5,6,4,4,7,1,5,10,0,5,12,8,12,15,4,6,1,5,5,55,88,8,2,9,2,7,35,76,25,7,9,4,8,2,2,8,7,28,11,0,3,4,0,6,8,5,11,31,15,7,0,91,197,89,99,206,215,74,80,217,120,24,0,80,173,164,170,166,164,162,162,164,165,164,161,150,130,111,56,9,36,159,194,186,185,173,179,186,170,169,189,202,209,214,215,217,220,222,221
12,9,7,9,13,15,15,16,17,15,15,15,14,13,13,14,13,13,12,11,11,11,12,12,12,12,12,12,12,13,11,8,4,4,4,4,4,4,4,5,5,7,8,7,4,3,3,3,11,0,92,213,208,207,213,209,210,210,211,211,211,212,213,214,215,215,213,213,213,215,216,217,218,218,218,218,218,217,217,218,218,217,216,216,218,221,221,220,219,219,218,218,218,218,219,219,219,219,219,219,218,218,218,218,217,216,216,218,219,220,220,219,221,219,217,218,220,221,222,222,222,221,220,219,219,218,218,219,222,221,221,221,221,222,222,223,223,222,221,219,218,218,218,218,221,219,210,194,175,163,159,161,176,202,219,219,217,217,216,216,210,188,151,164,183,142,141,192,212,214,215,218,216,216,219,212,213,210,210,207,204,210,215,212,200,166,156,175,179,183,203,211,212,212,211,211,211,211,212,213,211,211,210,210,210,209,209,208,207,207,208,208,207,206,204,203,205,210,203,191,191,175,164,131,130,147,164,126,75,24,1,10,7,3,3,1,4,6,1,5,1,5,8,5,1,1,7,12,7,9,11,4,0,8,0,86,193,0,5,0,0,18,5,12,6,2,68,82,47,25,60,197,44,17,7,11,27,2,30,12,20,16,33,45,33,33,5,28,28,38,21,5,38,44,11,23,32,4,19,11,8,2,23,31,17,30,31,8,27,14,31,44,35,8,1,5,7,2,10,43,52,62,56,59,48,54,54,52,38,38,30,34,37,39,34,43,22,14,6,24,29,18,29,37,9,6,1,0,6,2,0,6,2,2,2,2,2,2,2,2,3,3,2,2,9,16,16,11,14,51,38,39,52,42,13,38,58,40,15,3,17,29,8,10,13,2,2,1,3,2,46,67,78,101,17,1,7,91,110,23,5,3,10,1,16,24,5,7,2,0,9,0,4,2,2,3,1,1,6,0,2,24,88,52,5,5,14,2,3,8,8,3,36,28,1,6,6,1,1,70,70,4,1,4,6,6,33,39,7,5,15,5,2,2,0,2,4,3,2,33,24,5,6,13,1,114,191,227,208,60,1,131,229,92,3,29,143,176,172,168,168,165,162,162,165,168,166,162,156,136,109,46,6,24,138,198,187,183,193,191,190,178,158,179,203,214,222,220,216,215,213,209
19,15,12,13,15,17,17,17,18,17,15,15,15,13,14,15,13,13,12,11,11,11,11,12,12,12,12,11,12,13,11,8,4,4,3,3,4,4,4,4,5,7,8,8,5,3,2,3,5,1,10,118,212,203,206,206,208,208,209,209,210,212,213,213,214,214,213,212,213,214,216,217,218,218,217,217,217,216,216,216,217,220,221,218,216,218,217,214,219,219,218,217,217,218,218,218,219,219,219,219,219,219,219,219,219,218,217,215,215,216,218,220,221,220,219,219,220,221,221,221,218,218,218,218,218,219,219,220,219,219,220,219,218,218,219,220,217,220,222,221,223,224,219,210,193,172,151,147,156,172,191,206,215,222,215,211,222,223,215,216,203,168,136,177,184,146,166,212,214,215,215,214,209,211,218,211,202,188,188,185,176,192,213,212,208,183,169,185,199,200,207,212,213,213,212,211,211,211,211,212,210,210,209,208,208,209,209,210,207,207,206,206,206,206,207,207,206,202,205,208,199,208,193,191,185,194,112,19,6,3,4,2,1,1,2,2,6,5,0,3,9,2,1,4,7,4,2,5,8,30,22,47,60,4,9,10,196,56,15,92,40,0,9,11,6,28,19,6,0,1,33,205,60,1,14,19,15,25,5,20,14,14,21,18,33,32,14,8,34,14,1,26,32,30,13,32,33,4,21,23,15,16,11,16,15,37,14,9,9,31,21,21,23,43,44,16,7,1,8,1,23,39,46,45,39,40,44,46,41,30,32,45,34,38,41,38,43,31,9,19,14,19,54,45,24,1,1,6,3,5,5,1,2,2,2,2,2,2,2,2,1,5,3,0,6,17,17,9,6,41,29,38,46,44,29,32,30,44,39,17,2,12,7,3,3,10,20,41,19,17,26,61,57,43,13,6,17,72,42,1,2,1,1,10,84,69,11,4,4,9,3,1,10,4,8,12,4,5,5,4,0,74,101,11,1,3,2,8,43,74,34,16,9,10,9,1,1,8,11,58,21,1,8,2,1,7,61,44,2,3,2,1,6,13,3,7,5,12,33,23,16,115,164,127,29,2,43,82,56,102,189,233,138,12,7,111,180,161,169,173,168,165,162,162,166,168,165,160,153,137,105,32,9,17,129,209,206,191,198,189,175,161,144,158,191,203,210,207,202,199,197,194
21,19,18,19,20,20,19,17,19,17,16,16,15,14,14,15,14,13,12,11,11,12,12,12,12,12,12,11,12,13,11,8,4,4,3,3,3,4,4,4,5,6,7,8,6,3,2,3,1,10,0,17,153,210,211,208,207,208,208,209,210,211,212,211,213,213,212,212,213,215,216,217,215,216,217,217,218,218,217,215,213,210,207,207,211,217,221,221,219,220,220,218,218,218,219,219,219,219,219,219,219,219,219,218,219,221,221,221,219,219,220,221,216,217,218,218,218,218,218,216,219,220,221,219,219,219,219,219,218,219,220,221,221,221,222,223,220,220,218,214,211,203,185,167,137,136,149,178,206,218,218,218,222,217,216,218,216,216,217,218,197,146,154,175,139,145,190,208,204,204,202,199,193,199,212,211,192,176,178,180,171,188,212,210,212,209,196,199,212,213,211,210,213,213,212,211,211,210,211,211,209,209,208,207,207,208,209,210,211,210,207,205,203,203,202,202,204,206,203,206,206,205,206,214,180,80,11,7,11,4,6,2,4,8,5,0,1,4,4,4,1,6,9,5,4,7,12,13,5,7,2,53,190,29,5,2,129,166,160,177,78,13,19,2,0,55,199,95,103,131,186,140,37,15,16,18,44,27,13,20,6,10,10,31,22,31,14,1,26,22,16,16,4,12,22,12,20,18,13,16,20,48,11,16,26,22,33,9,5,14,48,48,33,15,17,34,46,4,4,6,1,8,26,38,49,44,39,31,24,40,49,38,42,40,40,37,44,48,30,4,8,35,25,50,42,12,3,1,0,5,2,2,2,2,2,2,2,2,2,2,0,3,4,2,2,6,10,11,12,6,18,24,29,33,36,32,17,16,30,52,22,3,4,9,2,11,116,102,20,2,8,5,19,2,30,13,11,32,25,14,9,7,1,27,78,34,2,1,1,1,21,77,43,10,12,1,5,1,0,3,4,64,50,1,7,4,1,5,79,74,12,1,1,7,1,29,46,20,13,18,17,4,1,1,3,15,49,13,0,6,0,2,10,19,2,1,7,30,22,9,157,235,140,143,170,58,14,6,42,168,185,106,15,0,67,163,159,168,172,166,167,166,164,164,166,167,163,158,144,136,96,18,15,16,121,208,224,204,186,182,167,151,156,163,176,183,191,193,193,194,195,197
22,21,21,21,21,21,20,18,19,17,16,16,15,14,14,15,15,14,12,12,12,13,13,12,12,12,12,12,12,13,11,8,4,3,3,3,3,4,4,4,5,4,6,8,7,5,4,4,3,5,2,1,46,172,207,209,205,207,208,208,208,210,210,209,211,211,212,212,213,215,216,217,217,219,219,218,215,212,206,201,185,174,167,168,173,181,199,216,217,219,220,219,219,220,220,220,219,219,219,218,218,218,218,218,219,217,215,212,209,207,207,207,213,215,216,215,215,218,220,221,216,218,219,218,218,218,218,217,221,220,219,219,220,219,217,215,215,206,195,185,177,166,153,143,170,186,208,220,220,216,217,221,220,215,219,219,214,218,218,202,166,135,178,165,126,166,208,199,189,191,190,192,190,193,207,214,204,193,195,201,199,206,216,214,210,216,210,208,213,212,211,210,212,212,211,211,211,210,210,210,209,209,208,208,208,208,208,209,208,208,207,206,205,205,205,205,207,199,201,206,206,205,209,141,32,2,6,11,3,6,0,4,2,4,2,1,3,6,6,1,2,5,5,6,10,13,7,1,26,14,8,1,163,105,2,2,70,191,58,0,2,12,0,10,9,0,46,104,128,111,51,8,6,8,3,10,0,1,0,5,6,0,2,5,0,0,6,6,4,5,2,18,8,4,4,15,30,24,21,14,33,23,1,17,15,1,31,55,16,8,29,57,34,23,25,27,38,15,8,2,6,1,4,14,34,44,42,31,24,30,43,38,43,55,61,42,51,39,55,35,7,21,21,25,40,30,23,6,1,3,0,5,2,2,2,2,2,2,2,2,2,1,3,3,2,0,4,9,4,11,18,31,39,27,40,28,24,36,19,49,57,26,3,9,1,33,129,84,92,38,1,9,23,111,94,19,4,3,10,9,10,4,2,30,33,1,2,3,6,2,54,108,27,1,6,2,1,23,56,36,7,10,14,3,2,2,3,5,69,35,4,4,3,4,9,80,63,7,1,3,7,2,12,12,6,11,24,9,0,4,2,1,8,9,3,10,29,22,0,149,222,101,0,37,210,198,183,93,9,17,42,34,1,30,127,157,146,164,173,172,168,168,168,168,168,166,162,157,149,139,68,10,10,13,93,184,206,213,189,172,170,176,187,180,171,172,180,192,200,203,205,208
24,23,21,20,19,19,19,19,19,17,16,15,14,13,13,15,15,14,13,13,13,14,13,13,12,13,12,12,13,13,11,9,4,3,3,3,3,4,4,4,4,3,4,7,8,6,5,5,0,4,1,7,0,75,197,207,204,207,208,207,207,209,210,210,210,210,211,212,213,214,215,216,216,216,214,208,200,190,178,169,169,168,172,173,157,143,159,187,214,217,218,218,218,219,220,219,218,218,218,218,218,218,217,217,211,202,188,176,170,169,172,173,181,182,182,180,181,186,193,197,205,209,212,213,214,217,218,218,215,211,205,203,201,197,190,185,173,164,158,160,165,174,190,205,213,217,219,217,217,220,220,218,219,219,219,216,215,219,211,192,146,149,171,133,145,195,212,200,187,190,194,203,203,199,209,218,218,211,207,211,216,214,212,214,214,214,211,214,213,207,210,212,210,211,211,211,211,210,210,209,209,209,209,209,209,208,207,207,205,206,206,206,205,204,203,203,205,206,203,201,205,216,134,11,0,18,8,3,0,6,6,0,5,3,1,5,4,1,4,2,8,5,8,9,2,15,73,135,53,2,7,3,62,177,11,2,11,184,85,0,45,128,127,14,8,5,0,2,0,0,13,14,0,7,0,3,5,8,4,5,3,7,5,2,7,8,3,5,5,3,2,1,4,5,4,3,8,17,9,12,30,39,16,14,38,4,25,28,29,23,21,6,13,16,33,32,33,26,23,33,13,7,5,3,14,37,42,32,34,39,37,42,42,54,55,55,51,79,60,63,47,2,45,49,25,27,47,31,2,3,3,1,2,2,2,2,2,2,2,2,3,2,1,1,3,4,4,3,10,14,9,4,36,51,23,20,34,61,39,42,44,61,53,9,4,13,46,36,138,104,6,1,69,141,44,2,2,5,5,25,77,48,12,15,11,6,3,4,2,2,52,54,1,8,3,5,3,97,92,20,2,1,10,6,11,28,15,15,21,8,2,2,3,1,16,73,16,1,2,3,1,26,70,35,6,5,5,3,6,4,4,1,8,4,21,50,23,4,6,147,189,62,47,170,220,116,90,196,109,42,58,12,15,113,110,109,149,157,169,170,169,170,172,171,170,167,162,158,150,137,44,20,13,14,53,143,185,199,190,175,182,190,188,193,180,178,186,205,218,220,219,221
23,23,21,19,19,19,18,16,15,15,14,14,14,14,13,13,14,14,14,13,13,13,13,13,14,13,12,12,13,13,13,13,5,1,4,4,2,4,3,4,5,4,4,5,7,8,7,5,3,4,3,2,2,1,100,205,207,206,203,205,204,211,207,215,212,209,211,212,209,213,217,214,215,203,189,180,160,164,176,186,201,206,216,216,206,184,156,144,177,214,216,217,219,215,222,215,217,216,217,213,220,216,210,196,174,165,161,167,176,181,180,179,178,173,165,162,163,162,161,164,168,169,174,180,185,190,191,187,178,164,156,159,162,165,167,168,170,177,193,205,207,214,219,216,217,215,214,216,218,218,218,218,219,217,213,217,215,214,201,165,146,186,160,106,158,212,210,211,200,204,208,215,214,212,215,212,218,215,215,211,212,215,212,210,209,208,200,200,211,213,209,212,213,212,210,210,211,211,210,209,210,209,208,209,209,207,204,204,204,207,197,208,202,201,201,193,203,202,201,202,201,113,10,5,12,6,2,4,5,3,2,3,3,1,5,0,2,5,7,8,6,6,13,1,51,173,174,121,195,67,1,6,3,164,94,2,1,114,179,143,186,148,86,16,23,14,6,5,7,7,6,5,7,5,7,7,9,8,4,8,7,6,5,7,7,5,5,7,7,6,6,6,5,5,4,4,2,1,3,8,8,9,20,33,33,36,31,54,4,25,18,9,23,5,13,41,26,25,18,35,36,29,1,6,3,13,29,27,37,32,32,42,37,51,54,50,52,97,68,52,64,41,8,21,20,8,11,50,33,7,1,9,0,0,2,5,4,2,2,2,2,2,2,2,2,2,2,2,5,7,7,8,15,24,26,22,44,51,58,39,27,33,53,60,16,2,2,4,8,17,3,6,50,93,16,12,12,6,0,83,132,36,1,1,6,9,10,27,17,12,14,12,0,3,5,1,9,105,54,3,3,3,2,14,91,77,8,4,6,6,7,2,5,4,16,38,6,1,9,3,3,28,64,8,2,2,3,1,15,24,10,7,10,30,52,16,1,4,2,7,126,179,186,222,105,0,3,192,187,69,19,4,93,113,84,88,124,147,170,169,169,172,181,168,172,162,163,162,156,126,32,20,14,19,26,63,156,184,202,186,187,185,186,192,197,177,183,192,212,222,205,209
21,21,20,18,18,19,18,17,16,16,15,15,15,14,14,13,14,13,13,13,13,13,13,13,14,13,12,11,11,12,12,12,6,1,4,4,2,4,3,4,5,4,4,5,7,7,7,6,5,0,4,1,7,4,12,130,214,203,204,210,206,210,214,205,212,211,212,211,211,215,211,196,180,162,147,157,173,197,208,220,217,222,215,220,220,213,195,154,128,175,214,220,214,219,221,212,216,213,219,219,208,204,172,157,163,179,199,212,216,215,214,213,210,207,205,204,201,195,190,188,187,177,174,162,162,157,165,163,163,161,168,181,187,192,200,206,211,216,216,215,217,218,217,216,214,215,218,219,217,215,216,218,214,219,218,217,219,211,182,131,158,175,129,121,185,215,215,211,218,215,218,215,211,212,212,214,210,212,212,214,216,213,203,191,195,191,180,181,201,215,214,213,211,210,209,209,211,213,214,214,211,210,208,207,206,206,207,209,209,202,207,212,201,193,175,175,190,203,217,197,58,0,1,20,8,4,2,3,4,2,2,3,2,4,3,7,7,9,3,20,9,8,15,120,192,98,6,1,118,153,2,9,0,68,175,2,1,31,140,94,28,3,0,13,9,6,4,5,7,7,6,5,3,6,7,2,0,1,1,0,3,3,3,3,3,2,2,3,2,3,4,5,6,7,8,8,11,7,4,3,2,2,10,19,10,28,30,26,20,47,34,3,31,36,18,53,9,17,43,21,40,21,15,14,2,1,9,26,39,42,45,44,53,43,57,45,54,52,65,51,61,78,72,16,9,12,10,18,30,43,22,1,10,0,6,6,0,0,1,3,2,2,2,2,2,2,2,2,1,7,10,7,6,12,21,27,32,35,52,39,26,16,34,81,52,26,27,2,8,14,26,13,21,29,21,19,19,2,7,98,77,6,6,3,3,6,83,101,26,3,2,10,3,6,9,13,10,56,27,1,6,8,1,28,123,23,2,1,2,6,14,61,49,18,6,6,8,3,1,2,1,31,39,0,2,5,0,2,24,29,1,8,50,57,11,35,103,65,38,2,3,56,179,192,62,30,159,228,116,23,4,81,99,82,72,68,84,123,157,173,171,177,178,174,167,166,162,166,157,113,22,14,15,22,19,18,104,189,207,215,194,187,182,187,186,171,161,174,192,192,196,192
21,21,19,17,17,18,18,17,17,16,15,15,15,14,13,13,13,13,13,13,13,13,13,12,12,12,12,11,12,13,15,16,7,1,4,3,2,4,2,3,4,4,4,5,5,6,7,7,0,6,10,2,0,12,0,32,160,217,200,204,207,207,210,211,211,211,212,210,211,209,184,147,128,153,172,194,213,220,213,212,211,218,216,218,214,216,220,191,129,126,174,212,217,215,211,219,217,214,207,214,207,175,145,166,204,213,220,218,215,214,215,215,215,215,215,205,187,184,196,206,200,205,204,186,178,183,193,190,202,205,212,215,213,213,215,215,216,217,217,215,215,218,218,217,218,214,212,214,217,218,218,217,218,217,217,215,212,204,159,142,181,170,114,147,206,212,218,215,214,210,216,212,211,214,207,210,209,210,204,210,217,210,195,170,159,169,173,177,193,207,210,211,212,211,210,210,210,210,209,208,209,208,207,206,206,206,205,204,200,208,202,192,208,185,147,145,181,204,158,65,0,17,14,3,4,4,4,3,3,3,3,4,1,6,6,0,1,8,7,9,9,10,1,181,106,2,1,23,181,97,2,24,8,0,167,100,0,10,4,0,7,11,7,4,4,6,6,6,5,5,4,3,1,2,2,4,3,5,7,0,1,3,3,2,1,1,2,2,1,1,2,2,3,4,4,5,3,4,8,11,12,8,4,3,5,12,22,21,30,25,14,20,13,39,31,20,17,33,54,17,42,36,39,51,6,9,6,2,25,33,39,49,46,51,64,70,67,54,63,61,62,73,122,103,2,11,29,30,11,21,30,18,1,10,9,0,4,10,0,4,2,2,2,2,2,2,2,2,0,3,5,7,8,11,15,18,29,42,49,32,41,40,30,44,46,55,63,26,7,2,18,22,1,11,24,21,44,22,7,44,36,15,8,8,1,21,119,44,1,1,7,5,6,74,65,10,6,5,17,6,2,4,3,41,67,11,5,3,7,1,46,95,22,1,2,4,3,19,28,27,13,10,9,9,2,1,4,2,8,21,32,60,33,2,2,57,217,188,173,115,50,2,4,121,174,178,225,119,16,2,50,87,59,57,59,57,56,91,142,159,174,181,177,178,169,170,164,167,160,94,19,17,15,25,26,5,41,155,201,221,197,179,163,162,167,167,161,165,173,176,197,195
23,23,20,17,17,18,18,16,16,15,14,14,14,13,12,11,13,13,13,13,13,13,13,12,12,12,12,11,11,13,16,18,9,2,3,3,2,4,2,3,3,4,4,4,4,5,6,8,9,4,3,7,4,4,13,0,50,179,216,200,206,209,203,210,208,210,212,210,209,198,150,91,155,199,211,214,214,210,214,214,213,212,216,214,214,218,215,213,198,145,132,142,164,193,206,215,213,223,215,209,182,134,165,214,215,215,213,212,214,217,217,215,212,210,206,185,155,150,169,184,194,217,205,175,151,184,200,200,196,199,195,185,185,200,208,202,197,202,211,216,212,213,216,214,218,219,219,218,215,213,215,218,217,212,217,219,206,188,125,151,200,171,138,185,215,209,212,213,216,213,213,214,218,214,199,189,179,180,170,185,205,210,204,179,157,177,193,198,202,206,209,213,210,210,210,211,212,212,210,208,210,209,207,207,208,209,206,203,201,206,196,206,194,187,166,169,180,110,9,1,8,13,2,2,3,4,4,4,4,5,5,3,8,6,0,11,35,15,0,4,9,1,1,53,196,45,108,184,179,151,20,2,12,0,46,72,13,19,5,14,1,0,11,8,6,8,8,4,2,3,3,2,4,2,0,4,3,0,4,1,1,3,4,2,2,2,3,2,2,2,2,2,1,1,0,0,2,3,5,7,9,11,10,9,2,2,4,7,20,29,25,53,38,24,35,20,19,20,35,18,42,54,19,24,52,20,1,5,2,25,41,39,50,53,51,44,54,52,73,97,118,129,124,134,78,3,17,19,16,14,26,31,15,0,0,8,3,0,5,0,2,2,2,2,2,2,2,2,4,0,0,5,10,12,11,10,9,38,34,44,58,37,39,30,45,43,32,53,42,22,2,6,9,5,14,90,110,28,2,18,20,20,1,10,7,23,67,5,10,10,2,1,48,131,39,2,1,7,2,14,57,41,12,30,26,5,2,1,1,5,53,49,1,4,7,2,2,60,62,8,2,10,2,2,6,9,4,5,34,51,52,14,4,25,24,2,157,160,85,163,189,161,84,2,51,182,130,1,1,65,88,58,47,42,38,49,54,60,104,156,176,180,177,176,176,172,168,165,152,62,16,20,14,24,29,12,11,85,172,195,196,178,161,153,169,185,193,183,173,189,208,216
23,22,20,17,17,18,17,16,16,15,14,14,13,13,12,11,13,14,14,14,14,13,13,13,14,14,13,11,10,12,15,18,12,2,3,3,2,4,2,3,3,4,4,4,3,4,6,7,13,3,2,0,9,1,5,6,1,79,201,208,201,206,212,204,207,208,209,209,210,198,146,84,178,215,215,212,214,210,209,178,169,200,218,215,219,219,211,218,211,194,167,132,115,128,152,169,188,201,217,200,149,143,205,217,215,215,217,220,219,215,212,212,216,210,208,197,178,172,174,171,182,205,189,153,129,166,182,177,175,179,167,143,145,175,190,181,180,196,203,203,206,198,194,207,212,214,216,217,215,212,213,216,215,214,214,216,202,161,123,169,168,132,148,200,214,212,204,212,211,204,183,193,213,212,201,178,162,166,160,178,200,211,216,199,193,201,208,211,211,209,210,212,211,210,209,209,209,209,207,206,209,207,206,205,205,205,205,205,203,197,209,200,201,199,191,192,100,10,6,4,9,2,7,8,4,4,4,3,4,6,4,2,3,0,18,15,31,0,34,97,13,5,10,2,112,192,153,34,3,123,181,81,0,29,5,2,11,7,2,7,9,8,0,6,4,5,3,1,0,3,4,3,3,4,3,3,0,0,5,6,1,2,2,1,1,2,3,2,2,2,2,2,2,2,3,3,4,4,2,0,0,5,8,10,12,13,10,2,1,15,16,39,3,32,20,49,20,35,30,24,36,24,14,33,55,39,33,3,7,1,26,66,37,49,57,56,51,72,99,141,125,108,105,106,128,71,0,15,15,32,21,17,37,25,3,5,5,0,7,2,2,2,2,2,2,2,2,2,6,3,1,2,2,3,8,14,10,13,44,39,42,45,38,54,47,49,38,59,57,72,41,8,9,1,10,69,58,3,2,1,1,16,80,62,20,17,8,8,1,2,6,1,43,100,0,8,8,4,1,75,126,43,1,2,9,8,9,30,21,7,18,13,2,6,6,1,3,49,34,2,2,1,2,9,15,9,22,53,44,24,3,19,36,24,39,3,42,195,99,169,228,147,164,125,4,20,3,9,56,81,50,45,54,36,37,38,53,60,72,132,169,180,179,178,176,171,171,166,134,34,16,21,19,32,26,8,5,24,115,172,191,193,182,171,186,204,205,194,175,192,204,214
20,20,19,17,17,18,18,16,16,15,15,14,14,14,13,12,13,14,14,14,14,14,13,13,13,14,14,13,13,16,21,26,14,3,2,3,2,4,2,3,3,3,4,4,4,4,5,6,2,12,8,0,3,7,3,4,7,7,110,214,211,198,213,205,208,207,207,208,212,208,175,131,148,185,207,209,211,210,182,108,103,185,218,216,216,211,216,218,215,219,208,198,184,165,156,150,146,152,167,149,121,167,213,218,216,213,213,216,217,215,217,220,216,211,211,212,211,211,207,198,193,204,203,182,179,191,198,184,175,186,183,164,165,192,204,193,178,204,193,183,194,173,159,192,217,219,217,209,198,195,202,211,213,211,209,208,186,121,148,195,168,136,172,203,203,200,178,185,190,180,148,164,198,211,214,193,186,193,194,202,208,210,215,208,211,211,211,212,211,209,210,211,214,212,209,208,208,208,207,206,204,201,201,205,206,203,203,204,201,202,200,201,207,209,201,79,5,0,6,16,1,8,3,0,4,3,2,3,4,5,3,2,4,5,14,11,0,31,202,154,5,3,6,6,12,194,52,1,14,0,53,80,9,46,17,11,0,7,5,3,2,5,8,0,2,2,2,2,2,3,2,1,1,3,5,0,5,9,1,1,5,2,1,2,3,3,3,3,1,2,2,2,2,2,2,2,0,1,3,4,3,2,1,0,3,2,14,10,6,2,3,14,13,25,11,21,30,9,22,37,20,15,19,22,10,27,36,25,2,2,2,44,78,40,59,63,68,76,120,128,94,94,99,109,116,140,69,1,14,11,21,7,23,50,17,1,9,7,3,4,2,2,2,2,2,2,2,2,2,2,3,2,0,1,4,10,14,24,24,22,29,42,62,44,43,51,38,35,54,47,32,45,42,18,6,1,3,10,11,8,5,59,144,52,2,2,3,7,7,32,20,13,18,19,3,9,15,2,6,89,88,1,4,9,1,2,69,88,21,3,9,5,11,1,6,3,12,24,4,1,9,1,6,12,24,36,42,26,5,7,15,37,45,41,38,33,1,92,230,204,114,2,6,55,63,17,11,56,84,44,52,49,36,33,39,38,47,61,72,96,149,175,179,184,172,171,171,169,103,24,22,18,19,40,25,7,5,5,63,167,195,216,206,193,195,204,182,179,171,180,192,198
20,20,19,18,18,18,17,16,16,15,14,14,14,14,13,12,13,13,14,14,14,13,13,12,12,13,14,14,14,18,26,32,16,4,3,3,3,4,2,3,3,3,4,4,4,4,4,4,3,9,4,11,4,2,6,2,8,0,23,149,209,203,201,203,209,206,207,209,212,214,203,182,126,129,187,215,215,206,161,94,132,194,214,213,218,215,217,211,208,218,213,209,210,212,211,199,178,146,113,106,144,204,212,212,221,219,217,217,218,217,215,213,216,215,214,212,213,215,217,215,215,212,215,207,213,211,214,204,201,208,211,204,201,208,210,201,203,219,201,190,197,171,155,187,209,216,213,189,157,144,159,180,191,196,209,200,156,114,164,173,143,151,188,188,184,183,168,171,190,189,168,177,202,213,218,210,206,210,214,215,213,211,211,211,211,213,215,214,211,211,212,210,208,207,207,208,207,205,202,199,188,175,170,184,201,207,205,205,202,207,201,199,204,201,86,0,5,4,15,2,0,7,1,3,4,2,2,4,5,3,3,5,10,19,6,0,57,209,115,1,5,15,2,7,7,82,187,6,13,5,1,28,10,0,9,0,10,2,7,5,4,5,0,2,4,3,3,4,3,2,1,1,5,1,4,0,4,4,0,10,11,4,1,3,5,3,2,3,2,2,2,1,1,1,0,0,2,1,1,2,2,1,2,2,3,3,10,7,16,14,10,1,7,6,9,22,1,29,28,24,14,14,31,36,26,14,27,41,30,5,4,1,45,99,94,107,118,138,137,108,93,114,132,129,120,136,123,36,2,17,7,10,10,20,29,20,4,0,1,0,2,2,2,2,2,2,2,2,0,1,2,4,4,3,2,2,5,9,8,12,21,28,51,42,66,34,39,44,30,47,49,27,49,72,66,31,10,4,2,9,2,55,77,6,9,1,2,6,63,113,34,4,7,2,10,2,16,20,12,39,43,8,10,2,5,6,102,59,2,12,0,6,6,45,46,14,2,5,8,5,3,21,23,27,29,9,5,2,143,125,53,57,42,29,47,35,12,1,173,154,25,37,40,46,16,18,78,91,63,69,54,39,33,30,28,43,44,42,68,85,113,151,168,179,173,169,168,159,67,21,22,13,16,35,23,7,9,9,34,140,198,223,216,205,190,195,172,151,154,164,177,185
22,22,21,19,19,19,17,15,15,14,13,13,13,13,13,12,13,13,13,14,14,13,12,12,13,14,14,13,12,15,22,28,17,5,3,3,3,4,2,3,3,3,4,4,4,4,3,3,5,5,8,5,4,5,2,3,3,8,0,32,168,211,202,207,208,206,210,211,209,211,211,205,164,87,139,199,211,201,174,163,195,208,213,210,216,217,211,218,214,210,204,195,194,208,218,215,215,198,176,167,194,211,219,215,212,216,217,215,214,215,216,214,212,216,216,214,214,214,214,215,218,215,216,219,218,218,217,215,218,213,214,217,216,216,216,215,215,215,209,210,210,191,184,203,217,214,206,188,168,157,160,169,167,182,208,181,127,153,189,146,121,177,214,194,190,191,187,186,197,211,211,211,216,214,213,215,215,212,213,212,212,212,210,213,211,213,213,210,207,211,209,201,201,201,201,198,192,181,169,161,162,133,118,140,177,199,204,203,201,200,195,203,213,89,0,8,4,9,4,6,6,2,4,4,4,2,3,6,5,2,4,9,19,3,5,66,208,79,2,2,18,9,37,20,2,2,160,101,1,24,20,9,3,9,8,9,4,2,0,3,1,1,3,5,3,1,2,3,2,0,2,5,6,0,7,2,3,1,8,62,13,4,0,2,4,1,0,2,1,2,2,2,2,2,3,3,4,1,0,1,2,2,1,2,2,2,1,1,6,8,16,20,2,2,15,23,10,29,31,31,10,13,12,49,23,33,43,31,40,30,2,2,2,48,115,125,127,117,97,90,111,135,113,102,109,105,126,127,21,0,14,7,9,22,57,40,5,5,3,1,2,2,2,2,2,2,2,2,2,3,3,2,2,2,3,2,2,7,12,10,16,21,36,39,58,43,46,69,34,55,34,28,44,61,47,83,71,35,24,3,7,2,7,14,9,6,11,1,97,80,2,3,1,3,9,66,92,33,2,7,14,14,9,4,4,8,74,28,1,3,9,3,14,90,31,1,7,9,20,25,30,36,13,9,3,7,26,5,78,217,130,51,45,30,35,33,14,5,43,198,92,58,47,12,42,113,139,98,80,67,50,42,40,35,38,37,42,48,52,68,80,121,155,165,178,164,164,141,52,25,21,19,26,35,21,3,8,3,12,86,184,207,210,207,178,185,179,125,128,143,152,167
22,23,22,18,16,16,17,17,14,14,13,14,14,14,13,12,12,14,15,15,13,11,10,9,10,9,14,13,14,18,13,7,3,6,4,4,5,0,3,5,3,3,4,4,4,4,4,4,4,5,5,6,6,5,2,0,4,0,10,0,52,186,210,207,210,207,209,211,206,215,211,207,169,75,120,206,213,200,187,184,212,212,214,211,202,204,208,205,198,210,198,141,119,176,204,213,215,216,216,215,213,212,213,214,215,217,212,215,221,217,213,212,211,213,213,216,214,214,218,213,217,216,216,216,216,217,217,218,216,216,216,217,217,218,218,219,215,216,217,215,213,212,213,215,214,217,212,207,208,205,198,197,192,201,201,150,106,170,164,130,151,202,214,206,209,209,208,207,213,212,215,214,213,215,213,214,212,214,211,212,212,210,213,211,209,212,214,212,208,210,199,163,150,159,167,173,183,157,114,120,163,166,126,137,172,196,206,201,204,193,206,208,97,6,6,3,4,15,3,1,7,4,4,4,6,7,1,8,2,6,14,20,11,10,1,59,195,38,3,90,174,24,20,2,5,1,12,34,36,18,0,4,11,6,6,2,3,4,5,2,7,5,0,3,1,1,27,5,0,0,3,7,0,0,7,2,6,0,35,56,0,8,2,6,3,1,4,1,4,1,0,16,22,4,3,1,6,0,5,0,4,0,2,5,1,3,3,2,1,3,8,12,18,5,1,4,11,15,39,43,27,42,18,20,25,44,24,15,29,24,20,5,5,1,64,105,103,103,106,122,149,138,99,101,115,126,145,163,132,9,4,8,7,4,37,32,15,7,0,3,0,4,1,2,4,3,2,1,2,2,2,2,2,2,2,2,2,2,3,8,11,15,23,30,16,38,63,45,29,53,58,38,54,25,36,60,65,55,52,46,42,17,7,1,2,4,9,8,27,28,5,7,2,5,10,127,69,0,1,3,3,13,40,45,15,4,23,9,4,9,6,3,16,25,17,17,19,13,5,8,2,1,9,9,27,62,73,26,2,64,212,117,65,78,24,59,135,104,2,47,70,26,7,83,134,139,161,138,95,66,54,42,43,43,39,44,40,42,47,63,75,85,120,158,171,166,167,100,50,26,25,26,27,41,17,5,3,14,7,39,156,187,198,190,184,188,174,125,115,151,146,158
23,24,23,20,18,17,17,16,16,15,14,13,13,13,13,13,10,10,11,10,8,7,6,5,7,5,6,6,13,18,10,3,7,4,4,1,2,6,3,1,3,3,4,4,4,4,4,4,4,4,5,6,6,5,3,1,4,4,3,3,6,75,198,209,203,207,213,210,216,208,193,170,128,104,167,210,209,208,188,196,200,201,194,181,158,165,170,167,164,185,190,98,77,140,166,209,215,216,215,215,214,214,214,215,212,217,216,214,213,212,214,215,215,214,214,214,214,217,219,217,213,214,214,215,216,217,217,217,216,216,216,216,216,217,217,217,216,217,217,216,215,214,215,216,218,219,215,212,216,216,213,214,209,212,191,135,145,181,152,114,172,210,219,213,214,211,210,210,217,211,214,213,211,213,213,215,218,216,211,212,209,208,211,205,203,204,205,207,209,210,185,136,71,101,139,153,164,167,155,162,190,190,187,185,196,201,204,210,204,214,203,87,1,1,5,4,11,4,5,4,3,5,4,6,2,2,11,4,6,9,28,10,14,19,14,1,82,194,110,195,67,13,1,60,55,6,27,34,0,3,5,14,12,3,4,2,3,5,0,3,0,0,4,6,3,2,18,6,0,8,0,0,8,31,5,0,4,1,29,13,6,0,0,3,2,4,0,9,4,2,8,40,27,1,0,4,0,8,0,3,3,5,1,2,2,3,3,2,1,1,3,6,6,25,17,2,8,3,15,30,29,10,48,39,31,42,18,31,15,27,31,27,1,12,1,78,116,128,135,146,143,137,143,153,157,156,153,135,156,98,0,10,5,20,3,17,23,23,6,4,5,2,0,7,2,0,6,1,2,2,2,2,2,2,2,2,3,2,2,3,6,9,17,24,17,15,20,52,61,66,80,50,39,27,56,51,49,49,55,42,70,68,25,47,32,7,3,1,14,0,0,14,8,5,17,38,17,14,10,9,3,5,37,42,6,11,11,12,17,7,9,10,7,7,8,8,1,17,97,152,136,75,18,34,78,62,44,52,25,4,58,208,129,66,107,208,243,144,34,13,6,43,130,171,125,130,173,166,129,89,72,47,47,46,40,41,39,45,48,58,65,69,85,148,150,161,156,72,40,19,20,28,33,47,14,2,5,6,9,15,109,173,195,197,201,193,173,138,136,151,124,130
22,23,22,20,18,17,15,14,12,10,8,7,7,7,7,7,6,6,6,5,4,3,3,4,4,4,3,3,11,16,11,14,9,1,5,3,2,8,1,3,3,3,4,4,4,4,4,4,4,4,5,6,7,6,4,3,0,6,1,0,2,5,114,209,217,196,207,196,179,166,147,137,151,178,210,207,197,208,201,174,130,145,147,138,116,137,144,135,153,156,168,133,144,173,180,206,216,215,215,215,215,216,216,215,214,213,214,214,213,214,214,213,212,212,215,214,215,218,216,215,215,215,216,216,216,216,216,215,216,216,216,216,216,216,216,215,217,216,216,216,216,216,217,217,215,215,211,211,215,216,215,217,219,207,153,113,169,182,149,146,198,212,212,210,214,214,215,216,212,211,212,209,213,218,212,208,206,206,199,190,184,188,180,150,147,175,203,215,213,213,198,163,106,127,161,171,174,190,194,196,203,210,201,202,211,200,197,207,200,212,145,3,5,7,6,15,8,3,1,3,6,6,4,8,9,2,5,2,6,45,20,2,26,50,2,10,3,86,223,66,2,1,113,217,67,30,33,12,5,9,7,6,3,0,3,3,2,4,1,23,14,3,5,0,2,8,0,2,3,6,0,7,72,24,4,11,0,4,1,1,0,9,4,0,1,5,6,1,3,4,5,29,10,2,2,4,1,6,2,4,0,6,1,3,2,2,3,2,1,1,1,1,3,0,16,20,4,2,19,10,25,27,36,20,42,35,15,28,11,4,14,43,24,7,3,5,80,110,121,135,149,161,163,163,144,146,132,126,119,140,50,2,8,8,14,9,23,46,26,9,0,0,2,2,3,4,3,0,2,2,2,2,2,2,2,2,3,1,1,2,2,4,8,14,34,23,28,16,33,62,44,39,39,53,47,58,59,68,53,51,62,37,41,60,67,43,86,162,179,169,83,3,2,5,2,4,0,0,1,5,2,9,3,3,1,10,3,10,1,6,35,34,35,6,2,6,14,150,247,167,139,208,138,31,59,43,23,35,50,20,4,60,185,196,237,177,85,23,24,22,70,138,159,179,122,137,183,181,159,110,81,54,49,46,38,36,35,42,44,46,51,53,77,116,148,180,117,45,37,21,26,33,41,49,11,3,6,3,11,5,63,170,204,214,214,217,197,153,146,154,121,113
21,22,21,20,18,17,15,12,7,5,4,3,3,3,3,2,5,5,5,5,5,5,7,8,7,8,7,3,6,11,23,48,41,17,2,5,3,3,1,5,3,3,3,4,4,4,4,4,3,4,4,5,6,6,6,5,2,3,5,0,10,0,9,125,188,171,148,143,135,137,141,181,194,201,195,156,133,172,192,150,83,86,113,141,132,132,146,161,181,178,191,192,202,214,215,209,216,215,214,215,216,216,215,214,215,210,213,211,207,211,214,213,213,214,218,216,216,217,214,218,216,216,216,216,216,215,215,215,215,215,215,215,215,215,215,215,215,215,214,215,216,217,216,216,216,215,213,214,214,213,213,215,209,185,136,144,180,153,125,171,213,212,210,211,212,210,209,209,209,215,212,205,204,191,178,190,194,182,162,146,139,146,138,102,110,152,194,210,204,204,208,197,188,187,198,201,199,206,208,207,202,205,201,203,195,199,205,202,219,117,14,4,7,4,3,10,2,6,5,5,2,4,12,5,5,4,4,8,37,10,1,105,186,182,117,19,10,1,104,185,21,126,204,52,37,32,4,1,10,7,2,3,5,5,5,2,3,1,1,21,19,1,0,1,2,0,5,4,4,3,0,20,78,5,2,2,6,1,8,4,2,5,1,2,16,59,4,2,1,4,0,8,0,3,4,2,4,0,9,4,0,3,3,4,2,2,2,2,3,2,2,1,0,6,2,7,25,17,2,2,15,12,17,16,27,14,11,42,25,18,15,8,31,10,4,3,21,105,126,156,166,161,144,131,119,110,109,108,102,121,130,35,3,9,5,5,35,28,24,25,26,2,7,0,0,7,0,3,2,2,2,2,2,2,2,2,2,1,2,3,3,2,3,5,2,14,19,30,19,19,50,50,49,59,29,51,64,44,44,43,39,38,55,37,34,93,232,221,110,116,212,140,19,43,139,130,130,107,52,7,2,4,4,47,51,2,4,2,27,169,197,205,197,169,85,55,42,217,149,8,2,67,218,120,53,43,40,38,45,41,21,1,52,162,88,24,11,15,39,107,135,127,124,101,110,151,183,177,174,130,88,66,53,46,38,35,34,38,40,39,45,56,73,116,166,175,85,31,30,19,28,28,38,35,4,5,5,6,8,12,32,154,203,212,206,205,196,168,154,148,125,121
24,24,23,22,20,18,15,11,5,5,5,6,7,8,7,6,7,8,8,9,9,10,12,13,13,12,10,4,2,5,26,66,92,55,3,1,1,2,5,1,3,3,3,3,3,4,4,4,4,3,4,5,6,6,6,6,5,0,4,9,0,5,0,19,106,135,97,115,165,183,172,185,193,163,161,105,67,113,145,156,119,118,149,175,176,164,177,189,197,195,208,212,207,216,213,219,216,215,214,214,215,215,214,213,212,213,212,190,179,196,208,210,212,215,216,214,215,214,213,218,215,215,214,214,214,215,216,216,214,214,215,215,215,215,215,215,214,213,213,214,215,216,215,214,216,215,215,215,213,213,214,215,212,156,135,192,202,155,141,198,215,212,211,211,210,211,211,212,204,198,181,180,193,169,143,162,185,154,132,132,137,150,165,162,172,187,202,211,209,209,214,208,207,205,208,209,209,206,202,206,203,201,207,207,191,168,175,192,140,20,1,7,0,6,17,5,4,2,8,4,4,19,18,1,8,3,3,25,17,3,102,213,62,21,42,10,1,14,2,115,208,183,30,38,27,1,6,16,2,0,1,4,6,4,2,2,0,1,5,7,12,1,0,7,4,4,45,9,0,5,0,12,31,0,0,0,8,6,0,5,7,0,4,0,51,45,4,4,0,4,3,7,8,1,0,2,0,11,10,5,3,2,3,2,2,2,2,2,3,3,3,2,5,2,2,4,10,22,17,2,7,7,11,28,41,21,22,29,22,13,20,24,4,29,14,1,0,50,135,137,136,117,104,102,110,110,109,105,114,108,129,123,13,3,24,17,1,3,14,46,37,2,3,3,3,1,3,1,2,2,2,2,2,2,2,2,2,2,3,4,3,2,2,2,6,3,4,13,29,28,19,33,44,55,34,63,45,49,67,58,51,75,43,33,19,153,234,74,4,0,111,205,25,93,238,156,152,170,200,120,33,27,35,189,210,59,46,29,43,222,126,39,36,127,219,75,6,204,126,36,41,1,92,219,84,48,52,48,28,30,34,21,21,26,24,6,46,102,146,150,119,113,92,57,91,153,182,178,179,155,109,79,58,48,44,42,40,39,43,43,50,50,89,146,173,146,52,37,25,16,28,24,39,23,3,7,3,9,4,13,14,100,179,190,192,191,198,188,178,174,160,144
26,26,24,22,20,17,12,7,2,3,5,7,9,10,10,9,10,11,12,12,13,13,13,14,13,10,12,11,7,2,11,37,98,75,15,3,0,5,9,0,3,3,3,3,3,3,4,4,4,4,3,4,5,6,6,6,4,3,2,5,1,8,14,0,6,103,158,160,184,193,161,162,178,134,124,114,121,150,158,172,177,187,199,190,203,210,206,176,156,175,176,204,218,215,212,217,215,215,214,214,215,214,214,213,212,214,202,162,154,185,198,195,209,212,205,208,216,214,214,215,216,216,216,215,215,214,214,214,213,213,214,215,215,215,215,215,214,213,213,214,215,215,215,214,214,212,213,213,212,214,215,212,193,122,134,187,173,141,170,213,211,208,207,202,200,195,172,154,159,166,157,161,194,195,170,173,201,181,168,171,173,181,200,206,213,211,207,210,210,208,210,205,206,210,207,205,209,207,202,202,203,206,203,204,197,162,176,141,8,1,10,3,0,18,4,3,7,1,0,1,41,54,11,6,2,7,24,19,8,15,212,56,1,24,7,26,46,1,3,2,77,27,52,16,2,14,12,11,7,1,2,3,5,5,1,3,2,2,2,0,6,10,3,4,1,60,58,2,4,2,3,1,14,0,5,7,0,3,6,11,0,7,7,0,54,0,5,0,2,3,3,0,4,4,3,0,7,46,6,3,2,2,2,2,3,2,2,1,1,2,2,2,1,1,3,2,0,11,18,26,3,12,8,13,25,16,44,48,19,26,22,30,17,27,29,4,7,0,80,122,102,110,103,103,104,120,115,126,113,115,105,155,76,3,5,6,9,13,11,24,24,28,9,1,8,0,4,0,2,2,2,2,2,2,2,2,3,3,2,2,2,2,2,3,3,1,6,3,2,13,18,11,16,28,48,31,53,69,87,57,38,51,35,32,2,163,200,28,63,94,91,82,9,73,226,54,5,3,132,220,64,22,55,220,198,190,51,31,1,188,137,2,12,1,172,165,1,142,197,44,47,1,41,226,110,38,37,63,47,49,57,45,23,20,54,104,152,157,145,126,124,118,94,87,96,155,184,183,173,170,134,88,62,50,48,45,41,38,46,47,46,58,133,158,176,107,33,38,30,23,31,31,44,19,5,5,2,9,8,11,12,47,157,189,190,197,208,201,194,193,189,168
27,26,23,21,20,17,12,7,2,2,3,4,6,7,6,6,7,9,11,13,13,13,12,12,10,8,13,15,14,10,6,12,56,58,17,7,1,6,5,3,3,3,3,3,3,3,4,4,5,4,3,4,4,5,5,5,7,7,3,0,7,2,0,8,1,25,146,185,144,178,188,153,148,150,153,173,193,197,193,183,190,201,199,181,197,214,204,169,125,158,158,188,212,212,220,208,214,214,215,215,214,214,214,214,214,212,198,167,167,191,188,180,208,202,175,180,199,204,213,211,212,213,214,215,215,214,213,213,213,213,214,214,214,214,213,213,213,213,213,214,214,214,213,213,215,213,215,215,214,216,212,200,154,122,169,179,131,129,184,194,184,189,188,176,175,167,129,97,117,148,164,162,178,198,197,196,201,203,202,203,202,206,214,210,207,210,210,213,210,207,211,210,208,209,204,203,207,208,207,203,202,204,207,205,194,197,172,58,6,2,3,0,20,3,6,5,4,4,5,36,81,57,4,8,4,19,38,7,2,48,195,15,9,24,133,177,173,124,6,27,15,65,6,1,13,24,5,1,3,0,4,5,11,15,5,1,7,2,0,12,1,6,4,2,1,86,29,0,9,0,5,0,6,5,9,0,4,6,60,5,2,4,3,4,21,14,0,4,4,1,5,6,0,5,7,0,18,43,3,1,0,3,2,4,2,3,3,2,2,1,1,2,3,4,4,4,0,0,2,25,37,2,7,15,11,11,14,27,25,31,60,37,46,22,13,22,1,5,7,116,107,107,113,103,113,109,117,125,119,119,120,123,138,11,1,10,13,12,3,16,31,51,40,1,3,0,3,5,2,2,2,2,2,2,2,2,3,3,2,2,2,2,3,3,3,6,0,4,7,3,5,4,6,21,29,18,44,70,56,40,37,46,40,38,2,109,207,37,35,160,221,142,1,78,229,208,198,172,228,194,26,14,118,228,31,178,146,18,1,136,189,66,50,6,99,208,28,9,181,177,93,85,172,253,88,32,45,69,67,39,23,17,50,115,158,165,162,153,142,132,128,115,102,88,119,165,187,181,173,174,151,103,68,56,53,44,38,37,48,46,49,102,147,162,158,67,51,28,29,28,28,38,39,10,2,2,4,7,12,12,15,23,135,197,213,211,216,218,210,186,188,196
26,25,23,22,21,20,15,10,7,6,4,4,4,4,3,3,3,5,8,11,12,12,11,11,12,9,12,12,15,22,21,19,24,30,5,1,1,6,0,7,3,3,3,3,3,3,4,4,5,4,3,3,4,5,5,5,9,0,5,7,1,2,2,3,6,0,38,134,153,177,195,192,170,183,195,193,200,204,167,121,159,193,190,158,163,197,200,177,149,138,158,190,214,212,212,213,212,214,215,215,214,214,215,215,214,211,210,197,198,200,183,181,201,180,130,131,158,176,200,201,201,203,207,211,214,215,214,214,213,213,214,214,214,213,212,211,212,213,213,213,213,212,212,212,214,212,214,214,213,212,201,180,120,115,170,160,118,159,205,167,142,153,153,137,146,170,166,158,173,183,195,190,190,205,213,210,212,213,210,212,212,210,212,210,207,211,209,210,210,208,210,206,206,204,206,211,205,201,205,204,206,198,203,200,207,194,54,1,2,5,5,13,18,4,0,3,2,5,29,95,91,26,9,2,6,50,12,14,2,8,193,113,55,191,162,28,11,185,95,46,56,1,5,15,14,10,7,5,5,4,7,0,2,10,4,0,0,2,13,58,16,0,0,2,5,50,2,4,0,6,1,0,2,5,2,6,0,45,49,0,6,0,9,0,7,4,3,1,4,0,20,41,7,1,0,0,15,5,2,3,0,6,2,2,1,2,4,4,3,3,3,3,1,0,3,5,1,9,1,3,28,42,1,4,5,7,20,63,41,30,48,28,31,21,5,54,17,1,2,38,137,94,111,112,111,106,113,118,113,112,119,116,137,102,0,4,14,9,14,24,25,15,61,34,3,2,2,1,2,2,2,2,2,2,2,2,1,2,3,4,4,4,3,2,6,0,4,6,1,1,3,5,4,3,6,15,17,25,27,35,39,56,22,30,15,17,192,158,47,62,223,155,7,70,222,85,70,174,212,55,38,10,165,221,151,188,228,95,2,74,216,66,29,1,109,233,39,2,12,133,205,212,229,140,57,55,53,14,13,24,59,113,157,173,163,156,158,153,136,132,130,125,104,89,129,172,186,177,185,181,160,122,78,66,61,45,38,40,51,45,81,122,141,172,109,57,60,30,23,31,27,45,32,5,2,6,6,5,11,14,12,14,106,191,208,215,210,206,205,177,175,187
30,28,26,24,22,19,17,16,14,13,11,10,10,8,6,4,2,4,8,10,12,12,11,11,11,13,14,13,18,26,36,55,54,64,27,4,6,3,4,2,3,3,3,3,3,3,3,3,4,4,4,4,4,4,5,5,5,6,6,5,3,2,2,3,2,3,0,26,159,213,194,180,167,174,199,182,149,186,153,76,132,184,193,172,139,148,177,185,175,169,185,208,214,213,214,212,211,213,214,214,214,215,216,216,215,214,214,211,212,213,204,202,202,195,179,157,158,183,183,150,157,166,188,193,201,206,197,203,208,214,211,211,213,212,214,212,212,213,213,214,215,213,211,214,212,213,215,210,212,212,180,142,84,68,87,113,137,188,207,166,144,164,171,144,150,191,204,206,207,210,210,211,213,211,209,211,209,210,210,210,210,209,209,209,208,208,209,210,209,208,208,207,209,205,204,206,204,203,202,200,204,196,204,200,213,91,0,8,6,2,7,12,7,3,4,3,4,12,75,96,61,12,7,2,56,27,7,5,8,2,36,157,170,97,1,0,11,199,96,35,6,2,14,20,2,4,1,5,0,6,5,1,5,0,10,0,8,0,53,75,1,0,6,0,2,22,19,4,1,5,0,17,33,0,6,1,0,44,24,0,5,1,5,7,6,0,11,0,4,1,63,21,4,0,6,0,0,2,7,1,0,2,1,14,9,0,7,1,0,2,3,2,2,2,2,2,2,2,2,2,2,25,48,2,6,14,71,32,32,35,23,3,38,29,7,20,41,13,3,0,93,126,96,116,111,109,105,118,113,120,131,128,120,152,42,0,11,4,11,3,6,16,22,32,19,4,1,5,3,4,1,1,3,2,1,2,2,2,3,3,3,3,3,3,3,3,2,2,2,3,3,4,2,3,3,3,3,6,10,13,19,32,34,37,33,1,35,163,209,226,223,80,1,72,231,35,1,28,205,113,25,39,225,165,127,116,133,217,49,17,211,138,104,136,234,192,40,32,20,2,30,35,37,42,40,20,20,49,102,131,145,153,173,174,159,163,159,146,137,126,128,126,107,108,132,172,187,186,182,181,175,147,91,78,63,51,47,49,43,68,107,121,143,145,64,53,37,20,30,35,42,62,17,1,8,5,5,5,8,12,9,11,58,167,190,191,188,196,192,186,175,173
31,27,22,19,18,17,14,13,10,10,9,9,9,8,6,5,3,6,9,11,12,12,11,11,9,10,12,13,21,31,45,68,101,128,102,30,0,1,2,6,3,3,3,3,3,3,3,3,4,4,4,4,4,4,4,5,5,5,6,5,4,3,3,3,2,5,11,0,46,175,199,118,91,167,197,183,138,160,172,113,107,158,187,195,174,172,194,206,211,204,208,215,212,212,213,208,211,213,214,214,214,215,215,215,217,208,214,215,213,214,216,217,215,213,213,211,207,203,186,163,148,148,162,175,177,156,139,164,185,193,201,207,208,211,217,210,213,214,212,210,211,211,210,212,211,210,215,216,212,198,169,111,47,9,42,101,162,204,198,170,162,187,203,197,201,209,206,214,212,212,208,207,211,198,182,190,208,209,211,211,210,210,209,210,209,209,209,209,209,208,207,207,207,206,205,203,203,204,203,201,201,200,202,219,135,7,4,2,2,4,8,8,4,4,5,4,2,41,73,79,30,12,1,38,52,2,8,22,5,10,2,2,3,0,8,44,180,146,9,6,2,24,13,2,4,2,5,9,7,0,0,3,2,12,6,7,9,0,73,50,1,5,1,4,1,5,10,0,10,3,2,74,27,0,3,7,1,14,27,0,1,7,3,0,9,13,5,0,2,18,53,7,3,1,3,3,3,6,0,0,5,3,17,54,4,1,1,2,2,2,5,0,2,2,2,2,2,2,2,2,2,3,29,43,1,11,23,8,23,13,11,50,42,52,14,16,27,33,0,6,8,129,120,114,113,126,119,113,124,148,142,139,137,150,118,13,9,8,6,9,9,13,2,8,54,11,1,5,0,2,1,1,3,4,3,4,2,2,3,3,3,3,3,3,3,3,2,2,2,3,3,3,3,3,4,3,3,4,7,10,2,14,21,17,19,12,1,1,28,66,44,47,21,38,173,67,43,1,113,191,30,70,249,83,10,5,2,165,154,2,115,201,195,187,178,78,64,51,60,18,4,5,7,17,34,50,90,139,154,152,154,165,181,179,167,164,160,149,143,132,133,130,108,105,131,174,186,184,190,189,180,166,131,85,67,67,47,50,69,97,114,103,136,86,32,36,17,29,37,33,55,49,16,2,3,4,8,5,5,12,13,11,33,127,181,190,189,194,197,205,195,182
20,16,11,8,8,8,7,4,3,4,5,5,5,4,4,4,6,8,11,12,12,12,11,11,10,9,12,13,20,30,45,72,103,151,158,67,3,8,1,5,3,3,3,3,3,3,3,3,4,4,4,4,4,4,4,4,5,5,6,6,5,4,3,3,5,6,0,6,2,38,149,145,115,178,203,200,163,168,192,180,171,186,192,207,207,206,212,211,213,209,210,209,206,212,217,212,211,213,214,214,214,214,214,213,216,209,208,197,209,214,214,209,217,215,212,210,211,210,204,196,199,183,173,175,174,142,118,144,172,158,168,193,190,182,199,210,210,209,210,212,214,213,212,212,217,212,211,213,214,196,146,99,75,44,70,121,175,206,206,194,196,209,214,210,210,212,211,212,215,210,192,177,187,183,166,176,205,207,209,210,210,210,210,210,210,209,209,208,208,207,206,206,201,205,205,202,204,204,201,199,202,208,196,135,27,1,11,1,3,11,12,5,2,4,4,3,4,58,75,34,7,1,6,67,9,16,20,29,6,11,15,11,41,170,148,202,115,9,0,0,22,35,1,6,5,3,0,17,9,4,3,0,78,28,0,2,2,4,39,52,0,2,4,0,5,0,8,10,0,4,29,71,0,4,1,5,0,14,15,5,3,2,10,17,75,0,5,4,2,9,57,5,2,3,5,1,0,1,2,12,0,0,27,22,0,5,0,3,1,0,6,0,2,2,2,2,2,2,2,2,2,5,1,38,44,1,8,17,48,46,18,41,35,33,10,34,86,65,10,3,0,55,140,116,116,115,117,110,134,138,140,139,144,144,169,66,1,10,1,7,19,3,48,15,42,33,2,1,1,3,4,2,2,3,2,1,2,2,3,3,3,3,3,3,3,3,2,2,3,3,3,3,3,4,4,3,2,3,4,6,9,1,3,3,2,10,15,10,4,13,30,38,8,2,25,40,44,17,3,55,34,17,108,78,78,52,12,13,65,16,1,22,11,14,2,19,29,18,10,16,25,44,71,89,90,85,99,125,139,146,166,182,179,171,166,163,164,154,144,131,135,140,128,129,147,174,187,184,184,184,180,175,160,112,76,63,53,80,100,91,107,110,113,45,25,27,19,26,33,38,65,39,4,4,6,5,8,6,3,11,17,14,14,95,177,199,205,209,210,220,217,203
6,5,4,4,5,6,5,3,5,6,6,6,5,5,6,7,9,10,12,13,12,12,11,11,11,11,13,15,20,26,42,70,102,145,168,95,7,5,0,3,3,3,3,3,3,3,3,3,4,4,4,4,4,4,4,4,4,5,6,6,6,5,4,3,3,2,1,4,6,0,16,120,177,199,205,207,190,195,207,198,208,214,211,213,212,212,214,208,209,209,210,208,207,212,216,213,211,213,214,214,213,214,213,211,205,204,189,171,203,203,199,210,210,212,213,213,213,210,210,214,212,205,198,197,204,192,172,179,178,146,155,188,178,164,188,212,215,211,209,210,208,207,209,211,209,213,213,210,209,184,125,145,153,105,101,164,199,203,211,209,213,212,213,215,210,209,215,212,213,206,180,146,157,182,181,184,202,204,207,209,210,211,211,211,210,209,208,207,206,206,205,204,205,207,205,203,205,205,203,203,198,205,165,34,4,6,3,9,7,14,11,3,3,4,2,3,19,56,26,4,8,3,59,30,9,7,32,31,17,23,47,4,4,68,119,40,19,19,4,21,40,1,8,2,5,0,0,14,6,3,0,37,82,9,0,4,5,0,11,28,5,4,1,1,12,40,0,6,0,0,19,40,1,2,5,1,8,0,3,4,4,6,0,75,37,1,9,0,3,0,35,11,4,3,3,0,20,20,0,2,5,1,27,8,0,6,1,1,1,1,3,3,2,2,2,2,2,2,2,2,4,2,2,1,54,28,3,26,45,19,31,25,28,20,12,125,175,168,155,0,1,4,120,133,133,125,114,115,139,137,142,140,138,141,158,140,14,9,8,6,11,8,29,30,9,50,45,5,2,3,4,3,1,2,2,0,2,2,3,3,3,3,3,3,2,2,3,3,3,3,3,3,3,3,4,3,2,2,2,3,3,3,5,5,2,1,1,3,9,2,4,10,13,13,13,17,17,12,5,13,34,1,6,46,40,22,25,9,18,22,12,4,9,6,15,9,10,15,28,39,60,75,95,98,83,76,94,119,143,157,172,180,179,178,174,159,165,159,147,133,138,149,149,155,159,158,179,189,182,186,187,177,170,133,80,65,80,108,104,80,103,135,96,48,38,26,26,28,27,50,82,68,9,1,6,8,6,7,5,9,14,16,8,81,182,206,215,221,215,215,213,205
5,9,13,15,15,15,15,13,16,16,14,12,11,11,12,14,11,12,12,13,12,11,11,11,12,11,13,15,20,28,45,74,107,144,170,132,25,0,4,6,3,3,3,3,3,3,3,3,3,4,4,4,4,4,4,4,4,5,5,6,6,6,4,4,3,1,2,6,0,8,2,10,140,215,211,202,211,205,207,213,202,210,213,209,207,206,211,209,211,210,212,212,211,210,211,210,211,212,213,213,213,213,212,210,193,182,169,160,182,161,157,186,197,188,190,203,209,207,207,209,210,211,214,212,210,210,205,202,192,175,183,200,188,185,206,212,208,212,209,194,183,191,205,208,212,210,211,212,202,147,113,176,190,129,121,191,212,213,212,210,211,208,201,201,195,178,183,201,209,209,195,163,162,193,204,200,203,205,208,210,210,211,211,211,210,209,207,207,206,206,205,204,207,205,201,200,202,201,200,202,204,198,77,1,5,5,9,0,7,9,4,1,4,3,1,5,24,25,1,7,1,42,64,2,14,23,32,6,9,46,33,19,3,6,1,48,46,1,9,45,19,3,1,6,0,11,32,0,5,1,0,54,58,0,6,4,5,5,0,2,4,7,0,4,67,67,0,0,3,1,9,44,4,0,2,4,0,13,18,0,2,8,0,73,11,7,0,4,3,4,0,8,6,3,0,14,76,29,2,2,5,0,7,4,1,2,2,0,9,10,0,2,2,2,2,2,2,2,2,2,0,5,3,5,0,61,19,0,26,23,27,14,52,8,38,199,24,1,166,90,1,0,42,156,136,147,143,140,140,153,143,148,138,141,140,174,78,0,12,5,3,9,12,19,42,28,46,10,2,0,1,3,1,3,5,2,2,2,3,3,3,3,3,3,2,2,3,3,3,3,3,3,3,3,3,3,3,2,3,3,3,6,2,2,6,4,2,3,5,0,9,0,2,1,4,5,6,5,12,12,7,8,6,5,5,7,4,10,8,2,10,10,10,3,8,19,21,32,24,43,67,85,107,105,82,71,88,109,143,164,167,166,173,177,172,156,162,163,156,145,145,148,147,152,154,145,166,188,186,187,183,171,171,144,94,80,97,116,107,94,123,154,105,49,35,24,20,39,44,44,75,70,15,1,2,4,4,8,8,7,10,12,3,57,171,198,201,206,201,196,193,187
13,19,25,25,24,23,22,21,21,20,18,15,14,13,14,16,12,12,13,12,12,11,11,11,13,12,13,13,19,29,47,76,95,139,175,167,65,1,5,3,3,3,3,3,3,3,3,3,3,3,3,4,4,4,4,4,4,4,5,6,6,6,5,4,1,8,5,0,5,6,6,1,25,145,213,206,198,207,208,201,211,208,207,205,209,207,209,208,208,207,208,210,211,209,209,211,210,211,212,212,212,213,212,210,198,181,181,179,179,154,141,144,158,165,184,190,185,196,207,200,205,204,211,215,210,211,217,216,210,205,209,211,200,202,216,211,214,213,192,149,126,151,184,194,203,199,208,215,179,104,128,177,154,116,146,197,203,212,193,190,197,206,182,161,167,159,158,189,208,213,216,205,191,196,207,207,207,208,210,211,210,210,209,209,210,209,208,208,208,208,206,205,206,203,204,206,204,203,199,193,211,113,0,10,4,0,4,7,10,6,1,2,5,2,1,4,9,2,13,3,8,76,14,15,24,46,21,20,19,33,39,13,34,20,71,43,1,10,38,7,26,19,18,18,9,87,37,6,3,3,6,13,64,7,2,0,1,2,9,8,0,2,8,3,80,17,4,7,4,8,0,2,4,3,5,2,12,77,20,2,7,0,1,65,17,1,5,3,2,2,13,2,6,4,0,32,65,0,6,6,2,6,1,4,4,0,2,2,24,21,2,1,2,2,2,2,2,2,2,2,0,3,4,0,2,15,71,5,5,4,7,104,176,8,41,189,13,1,61,182,7,0,0,117,163,132,153,150,144,149,151,160,165,160,164,169,160,12,5,4,5,16,24,35,60,40,10,29,8,0,1,3,1,2,5,2,2,2,3,3,3,3,3,3,2,2,3,3,3,3,3,3,2,3,3,3,3,3,3,3,3,1,2,8,3,0,3,5,3,7,2,4,8,2,7,3,6,4,6,3,1,4,14,1,6,5,12,2,7,9,7,6,14,10,9,15,19,28,31,40,54,82,113,117,91,71,78,93,129,163,171,172,178,176,177,176,162,167,162,153,149,143,138,139,148,155,169,183,188,183,179,179,168,134,100,92,95,112,117,117,146,168,112,35,27,27,27,30,33,31,70,38,5,4,4,2,3,5,8,7,11,13,5,28,132,180,187,188,186,188,191,189
20,25,28,26,24,23,22,20,20,18,16,14,14,13,13,12,13,13,13,13,12,11,12,12,13,14,15,14,19,29,44,69,96,135,173,181,112,9,2,1,3,3,3,3,3,3,3,3,3,3,3,4,4,4,4,4,4,4,4,5,6,6,5,5,2,7,0,10,2,7,0,7,1,20,128,212,209,201,205,201,203,203,211,208,210,205,206,208,211,210,209,210,212,210,209,211,210,211,211,210,211,213,212,210,211,204,210,209,205,199,182,163,153,173,193,167,134,161,197,186,174,192,207,210,207,208,211,207,216,213,211,212,206,204,210,210,206,205,193,166,143,147,155,148,172,194,212,205,137,96,160,171,106,100,155,177,175,178,161,164,178,199,192,168,179,190,185,200,208,207,202,209,196,178,190,204,208,209,210,210,210,209,209,209,209,208,207,208,209,208,207,205,206,202,205,203,198,203,201,184,118,24,10,0,3,0,7,8,11,5,3,5,4,2,2,3,2,7,3,1,56,58,8,12,18,23,38,2,18,17,33,36,23,26,48,1,2,30,22,6,16,7,9,2,21,98,18,0,2,0,5,0,23,9,1,4,5,5,52,4,5,2,3,3,66,11,1,0,0,8,5,5,14,0,12,0,55,67,0,3,0,9,1,15,20,0,9,3,2,30,40,0,5,4,4,28,38,3,8,0,4,6,0,7,4,2,4,3,31,15,2,2,2,2,2,2,2,2,2,2,4,4,0,2,4,3,47,61,2,3,5,185,81,0,0,158,103,1,29,176,39,3,5,29,181,145,148,146,154,149,167,182,198,193,199,179,208,85,3,6,8,11,13,23,56,45,42,48,17,3,2,5,1,0,3,1,2,2,3,3,3,3,3,3,2,2,3,3,3,3,3,3,3,3,3,3,3,3,3,4,2,4,3,5,2,5,11,0,2,6,1,3,2,4,3,3,2,3,3,10,4,5,1,8,10,4,8,7,6,3,16,5,17,9,7,20,16,23,26,27,55,85,116,118,93,69,72,88,132,161,164,166,172,173,180,178,166,170,163,157,153,145,141,143,148,163,167,178,187,187,184,172,138,98,85,96,94,107,121,140,154,152,89,29,31,30,33,22,18,49,81,27,1,4,6,7,3,2,8,7,11,16,17,14,100,171,188,191,195,199,207,210
25,27,27,23,22,22,21,19,19,18,16,16,16,15,13,12,13,13,13,13,12,12,12,13,10,14,18,18,23,31,43,63,97,127,168,191,159,30,5,4,3,3,3,3,3,3,3,3,3,3,3,3,4,4,4,4,4,4,3,4,5,6,6,5,8,1,3,6,3,0,8,1,4,0,8,103,200,209,201,202,204,203,207,198,204,206,209,208,206,208,207,207,210,211,210,210,210,210,210,210,211,213,212,211,214,215,215,211,213,216,206,202,191,190,201,182,155,181,195,153,120,168,189,180,180,196,208,209,207,212,210,211,213,210,210,209,217,205,204,207,198,189,178,164,178,209,207,181,108,127,173,138,103,143,184,140,120,139,162,166,174,191,214,204,198,208,207,211,209,195,169,179,177,155,174,201,207,208,208,209,209,208,209,209,207,206,206,207,208,208,206,204,203,194,189,178,171,186,193,175,24,1,4,4,2,4,0,8,5,0,2,4,1,2,5,4,6,2,1,16,73,24,30,4,5,58,18,3,19,20,30,30,31,53,19,2,20,24,2,8,1,2,2,2,17,94,6,4,1,1,3,3,1,8,3,7,0,67,59,0,5,4,0,4,31,27,0,11,2,0,21,22,0,6,3,0,53,19,1,1,2,3,5,0,5,8,2,4,3,95,29,0,3,3,0,8,22,2,1,2,2,0,25,9,0,5,3,1,26,0,0,2,2,2,2,2,2,2,2,2,1,2,7,0,6,3,0,78,30,0,12,171,62,9,1,91,155,3,27,191,50,4,2,0,121,201,177,168,161,157,164,198,204,208,203,197,208,158,4,4,4,5,3,11,32,25,48,39,21,3,1,5,2,1,4,3,2,2,3,3,3,3,3,3,2,2,3,3,3,3,3,3,3,3,2,2,3,3,3,3,2,6,0,5,8,0,1,2,6,0,4,7,0,2,2,4,6,3,5,2,7,4,9,6,2,8,4,4,8,7,6,11,8,11,14,11,17,28,22,31,40,74,109,118,98,74,76,93,127,159,167,167,168,172,183,175,170,172,165,162,160,153,149,151,154,155,152,166,179,186,170,120,78,76,84,83,86,118,132,146,153,110,60,36,36,24,17,37,59,80,56,11,1,6,3,2,6,2,10,6,8,15,27,12,94,170,192,203,215,216,217,220
11,18,25,26,24,21,21,23,20,19,18,17,16,16,14,13,14,14,13,12,11,11,12,12,12,12,16,16,19,28,42,63,86,127,161,186,183,72,2,5,3,3,1,3,5,2,3,5,3,3,3,3,3,3,4,4,4,4,4,4,5,5,5,5,6,5,4,3,3,2,2,3,4,2,2,0,75,183,208,198,201,201,203,202,205,207,205,206,208,207,206,207,209,210,209,208,207,209,207,212,212,210,213,210,211,211,211,215,210,215,210,212,212,208,211,209,203,200,201,164,136,164,173,155,158,155,160,168,191,201,210,213,211,209,207,208,212,207,211,212,209,210,208,204,207,200,211,146,113,186,182,96,106,192,207,183,159,180,194,194,194,204,207,209,210,206,208,211,204,187,141,145,172,183,184,197,201,206,209,210,210,206,206,210,198,185,193,202,195,198,196,176,185,170,140,146,130,154,195,107,1,2,5,3,0,7,12,6,2,2,3,3,3,3,3,3,3,2,1,63,47,12,41,10,27,37,32,23,49,51,31,20,63,39,3,12,32,10,12,2,8,1,2,8,0,60,28,0,4,0,2,13,19,0,2,3,3,86,42,1,6,0,4,3,0,9,9,0,4,1,86,24,3,1,13,0,27,42,0,2,2,4,0,15,10,0,7,0,18,76,0,9,4,3,0,3,6,5,4,6,0,21,71,1,1,5,3,0,16,0,4,1,4,0,3,4,3,1,0,5,4,4,3,1,1,2,5,7,60,9,0,110,162,1,0,55,179,3,44,140,22,27,6,1,30,195,202,201,185,185,185,200,208,201,201,203,195,204,73,1,15,18,4,8,10,41,35,32,26,19,5,2,4,3,1,2,3,3,3,3,3,3,3,3,3,3,3,3,3,3,3,3,3,3,3,3,3,3,3,3,3,3,3,3,3,3,3,3,3,3,3,3,3,3,4,4,4,4,4,4,4,5,5,5,4,5,6,7,8,9,9,9,11,10,11,12,14,19,28,36,43,72,111,109,104,79,79,91,131,156,163,169,169,176,177,179,176,164,169,172,165,162,156,158,148,144,147,167,178,151,89,67,73,66,79,93,89,114,138,148,103,58,41,27,18,27,36,55,69,58,28,4,3,5,3,4,5,4,6,7,8,13,16,14,63,156,182,200,204,208,210,201
5,12,21,24,24,23,22,21,19,18,18,17,17,15,14,12,13,13,12,11,11,12,12,12,11,11,14,15,20,29,44,64,91,122,151,183,192,131,9,2,5,4,6,5,1,5,5,3,3,3,3,3,3,3,4,4,4,4,4,4,5,5,5,5,6,5,5,4,3,3,3,3,1,6,0,9,0,45,165,211,196,198,200,205,201,200,208,202,204,205,206,207,209,210,211,211,210,211,211,205,186,174,189,212,216,210,216,209,208,212,212,214,213,211,211,208,211,211,214,194,184,188,175,155,158,149,132,118,157,194,212,209,209,205,201,208,205,210,213,213,211,210,211,211,212,212,183,105,130,187,155,92,155,206,211,206,201,208,209,206,209,211,214,190,166,186,212,208,209,203,173,158,177,203,200,199,206,209,208,206,206,210,209,204,189,169,183,186,161,162,152,101,138,159,153,163,159,192,151,14,2,3,5,3,2,8,11,6,2,2,3,3,3,3,3,3,4,9,13,82,18,24,32,17,34,11,52,41,38,79,16,42,77,7,1,48,30,23,7,6,3,3,2,2,2,5,12,14,4,9,4,86,4,3,4,1,0,55,43,1,1,10,2,0,16,2,7,5,3,33,70,4,0,2,0,7,0,33,7,3,2,2,29,70,2,10,0,4,19,53,4,3,0,6,2,1,8,3,9,0,2,61,36,1,3,3,1,10,1,8,5,2,3,4,9,5,3,3,1,4,2,3,3,2,2,2,3,5,46,47,3,9,160,149,75,174,128,9,10,10,26,33,18,0,5,131,210,207,203,202,201,198,205,209,206,200,198,204,149,5,8,26,3,23,3,23,20,29,48,58,18,2,7,1,4,8,2,3,3,3,3,3,3,3,3,3,3,3,3,3,3,3,3,3,3,3,3,3,3,3,3,3,3,3,3,3,3,3,3,3,3,3,3,3,4,4,4,4,4,5,5,5,5,5,5,5,5,6,6,7,7,8,12,11,12,15,18,22,27,32,42,68,103,113,107,87,82,94,135,158,162,169,176,182,179,178,172,168,176,172,160,155,150,151,138,145,165,160,108,66,50,64,62,67,73,96,105,109,141,88,26,10,13,19,22,21,19,34,49,41,18,2,3,5,2,4,4,4,6,7,7,11,12,10,55,147,168,181,187,190,189,189
2,10,19,24,26,25,23,20,20,19,19,18,18,17,15,14,13,13,12,12,12,12,13,13,12,11,15,16,21,31,44,63,82,114,140,177,202,183,45,1,4,0,5,8,1,9,4,0,3,3,3,3,3,3,4,4,4,4,4,4,5,5,5,5,5,5,5,5,4,4,3,3,12,0,3,0,8,1,14,127,209,201,198,195,203,205,194,203,204,204,204,204,205,206,208,210,203,209,202,190,132,91,138,173,198,200,208,209,213,214,209,216,218,211,210,214,217,206,207,214,215,211,202,191,195,190,176,160,167,199,211,208,200,168,153,176,189,186,182,199,210,207,210,212,213,204,149,106,158,166,111,107,195,215,211,203,200,204,211,205,190,164,169,152,124,157,202,210,205,206,206,198,200,214,207,208,205,201,204,209,206,206,208,208,189,164,179,193,167,159,155,123,147,187,187,185,205,201,65,1,3,3,4,3,3,8,9,4,3,3,3,3,3,3,3,3,8,1,69,52,15,1,11,34,14,8,68,43,44,38,28,64,23,1,29,31,15,46,41,8,4,2,2,4,3,8,6,2,8,0,42,77,5,0,9,1,6,5,41,6,0,0,7,22,37,0,4,3,1,31,76,0,7,0,5,7,6,5,4,1,6,0,94,39,0,0,4,4,0,40,12,2,8,7,0,27,20,0,0,10,1,45,13,0,4,3,2,0,0,14,8,1,2,8,13,5,1,5,3,1,1,2,3,3,2,2,2,2,5,51,14,0,9,101,128,78,10,15,35,4,28,33,13,7,1,55,207,203,206,203,207,202,204,208,204,201,203,197,204,47,4,4,7,3,8,3,23,43,28,29,33,5,1,7,0,1,2,2,2,2,3,3,3,3,3,3,3,3,3,3,3,3,3,3,3,3,3,3,3,3,3,3,3,3,3,3,3,3,3,3,3,3,3,3,4,4,4,4,5,5,5,5,6,6,7,7,7,7,7,7,8,8,9,9,12,16,21,25,29,32,43,65,98,117,111,93,81,92,132,161,169,173,176,177,174,177,181,172,170,162,157,154,149,145,156,159,128,81,54,54,52,66,62,73,77,91,103,122,104,28,1,1,4,13,16,6,4,18,26,22,9,2,5,4,2,4,4,4,6,7,7,9,9,6,43,146,174,176,181,187,189,196
4,13,23,26,26,26,23,20,20,20,19,18,17,16,16,15,13,13,13,12,12,12,12,12,14,12,15,16,21,29,41,59,81,114,134,168,204,196,107,3,5,1,1,8,2,6,2,2,3,3,3,3,3,3,4,4,4,4,4,4,4,5,5,5,5,5,5,5,5,4,3,3,0,10,6,0,5,7,4,2,75,181,212,194,196,200,204,207,203,203,203,206,207,206,206,205,189,185,207,177,120,97,115,146,159,159,177,213,200,209,214,207,211,213,211,207,210,210,209,210,206,208,210,209,209,209,208,204,202,209,207,207,195,151,130,156,184,161,155,187,193,180,196,209,211,193,117,121,171,151,104,152,197,192,196,191,173,169,198,205,173,139,154,166,158,178,200,208,214,206,211,211,203,205,207,212,210,202,199,195,189,196,206,204,196,175,174,189,189,182,186,196,198,203,205,200,209,110,2,8,2,2,2,3,4,6,6,2,3,3,3,3,3,3,3,4,1,14,79,24,29,96,52,29,14,27,59,37,24,20,37,63,1,12,46,10,1,36,72,31,7,1,5,1,14,31,0,4,6,0,55,58,0,5,1,3,3,0,5,6,6,9,0,66,29,0,5,0,1,9,59,10,0,6,3,0,17,10,6,2,7,0,65,34,6,6,6,2,7,3,11,3,2,6,17,73,6,2,0,6,0,19,25,1,4,1,3,0,22,8,6,2,1,6,10,3,0,4,2,0,1,2,3,3,2,2,1,1,4,32,50,0,10,0,2,11,23,41,15,120,178,170,101,0,4,4,166,205,206,204,204,205,199,203,203,203,201,195,203,121,0,8,10,5,3,16,25,31,36,9,14,18,5,1,8,0,2,2,2,2,3,3,3,3,3,3,3,3,3,3,3,3,3,3,3,3,3,3,3,3,3,3,3,3,3,3,3,3,3,3,3,3,3,4,4,4,4,4,4,5,5,5,5,6,8,8,7,7,7,8,9,9,8,10,12,16,21,26,30,34,46,63,99,120,117,95,82,89,116,152,168,173,178,177,177,183,176,175,178,169,162,155,157,159,147,86,47,60,66,66,61,66,70,74,83,91,100,104,44,3,0,7,12,23,20,4,5,11,15,12,6,4,6,4,2,5,5,4,6,8,7,9,10,8,26,139,187,185,180,191,203,211
5,17,27,26,24,24,24,22,21,20,18,16,15,15,15,15,14,14,13,12,12,11,11,11,13,12,16,17,21,28,38,55,85,109,131,163,199,203,173,34,2,8,1,4,2,0,2,6,3,3,3,3,3,3,4,4,4,4,4,4,4,4,4,4,5,5,5,5,5,5,4,3,4,2,0,2,4,6,5,2,0,35,147,211,198,198,202,192,202,202,204,206,204,193,179,170,153,163,184,179,188,183,165,159,134,141,127,155,162,176,201,211,208,213,211,211,212,212,210,208,211,209,210,212,209,210,210,207,210,210,205,204,200,184,174,181,197,172,173,193,164,141,179,208,206,154,103,167,184,109,94,183,168,131,153,182,163,141,177,201,194,179,190,198,204,212,205,208,206,205,206,210,207,206,205,184,173,179,176,159,160,191,210,199,204,197,179,176,190,195,197,207,203,205,197,204,190,22,1,1,2,2,2,3,5,6,3,1,3,3,3,3,3,3,3,3,2,58,58,1,90,210,32,22,21,17,11,8,6,17,66,20,2,40,13,2,2,4,26,23,22,7,2,5,91,45,1,8,2,3,24,70,0,6,0,2,0,11,6,4,4,1,13,86,9,2,7,1,4,2,10,15,6,0,6,28,77,8,5,3,6,1,68,34,0,2,8,3,0,11,2,2,5,3,37,50,0,3,6,0,8,8,13,5,4,0,3,29,41,0,0,4,3,2,5,1,0,3,1,1,3,3,2,2,2,2,2,2,0,0,90,19,2,14,30,37,83,42,100,182,19,41,194,53,5,0,94,208,199,202,201,200,193,199,208,201,195,201,191,182,25,2,4,12,6,1,14,24,12,30,42,20,5,1,4,2,2,2,2,2,2,3,3,3,3,3,3,3,3,3,3,3,3,3,3,3,3,3,3,3,3,3,3,3,3,3,3,3,3,3,3,4,4,4,4,4,4,4,4,4,5,5,5,5,6,5,5,5,5,6,8,8,11,13,14,16,18,23,31,36,44,58,99,119,122,97,87,88,109,144,164,172,181,180,179,179,181,180,173,161,172,167,137,93,53,44,50,73,67,60,63,73,77,77,86,98,94,40,9,0,1,4,12,26,16,3,9,5,12,8,5,5,6,3,3,6,5,4,6,8,8,9,12,11,17,118,183,188,174,183,200,209
7,20,28,26,22,23,24,23,22,21,20,18,16,15,16,16,17,16,16,15,14,13,13,12,13,12,16,17,21,28,39,57,77,94,127,161,183,202,196,81,0,4,4,4,3,0,3,4,3,3,3,3,3,3,4,4,4,4,4,4,4,4,4,4,4,5,5,5,5,5,4,4,7,1,3,2,2,5,3,2,7,1,11,99,192,207,198,203,200,200,202,206,200,183,161,147,129,139,108,134,190,179,182,167,161,170,135,117,135,142,171,173,174,203,204,208,211,210,211,211,211,208,206,210,207,210,207,203,206,206,206,204,204,207,207,204,205,194,201,199,153,136,178,205,189,115,118,171,143,102,153,199,162,115,136,180,177,158,181,199,209,209,209,205,212,214,204,210,206,211,203,193,187,182,184,162,117,144,165,163,167,194,211,205,207,206,198,191,194,201,201,199,196,207,196,212,129,6,8,3,3,4,3,3,7,5,2,3,3,3,4,4,4,3,3,3,4,62,13,2,175,131,28,41,14,8,5,61,60,66,48,6,25,53,3,8,9,7,14,4,1,5,2,27,108,7,0,2,3,2,0,29,12,1,3,2,18,50,0,5,0,3,0,82,17,1,2,1,2,0,5,4,1,18,1,61,51,5,1,0,2,1,3,15,5,0,8,2,42,50,5,3,8,0,32,40,5,1,4,4,2,0,1,3,3,6,4,50,16,0,3,1,4,1,2,1,2,3,1,4,4,3,2,2,2,2,2,2,8,4,49,67,2,7,19,140,167,135,191,75,0,0,105,143,0,7,33,195,195,195,198,192,194,191,202,201,196,197,191,208,84,0,13,23,1,11,2,41,47,19,33,21,8,2,1,6,2,2,2,2,2,2,3,3,3,3,3,3,3,3,3,3,3,3,3,3,3,3,3,3,3,3,3,3,3,3,3,3,3,3,4,4,4,4,4,4,4,4,4,4,4,5,5,5,5,5,5,5,6,7,8,9,10,12,14,15,17,25,34,40,41,53,94,112,121,99,88,80,97,131,160,170,178,175,178,176,183,179,181,175,149,85,50,35,40,51,52,68,73,65,63,82,90,88,88,87,48,2,0,4,7,4,8,17,5,0,8,3,9,5,3,4,4,3,4,6,5,3,6,9,8,10,13,13,16,93,162,178,165,167,179,190
12,24,31,27,23,25,26,22,21,21,21,19,17,15,15,15,15,15,15,14,14,13,12,12,11,11,14,13,17,25,37,57,83,92,119,150,175,204,205,150,25,0,7,3,5,3,2,1,3,3,3,3,3,3,4,4,4,4,4,4,4,4,4,4,5,4,4,4,4,4,5,5,2,2,8,0,0,5,1,4,3,4,4,1,50,152,206,201,200,198,200,204,205,197,186,180,178,158,124,118,147,152,171,167,164,177,176,142,140,155,167,114,133,181,166,168,194,208,211,210,208,211,209,212,207,209,204,204,204,203,203,203,202,201,202,202,203,200,206,200,176,172,189,196,152,114,184,192,101,95,184,210,192,168,175,195,202,199,205,209,206,207,210,210,210,207,196,186,191,190,170,134,123,130,152,162,138,163,190,199,199,200,205,209,203,202,206,207,203,202,205,203,207,195,206,196,38,3,3,0,2,4,3,4,7,4,1,5,3,3,4,4,4,4,3,2,42,62,2,39,210,44,2,101,161,2,3,176,133,46,27,1,48,12,0,11,0,37,50,0,4,6,1,19,77,7,7,1,2,1,3,0,6,7,2,5,75,38,0,0,6,2,5,33,23,2,0,0,3,14,18,0,5,2,0,51,53,49,92,121,133,148,150,133,124,96,59,30,86,11,0,9,2,5,12,48,0,5,2,1,1,21,13,1,2,8,5,43,0,2,7,0,3,1,4,2,2,4,2,5,3,2,2,2,2,3,2,2,2,1,5,81,29,1,69,177,5,1,126,144,1,12,28,191,31,0,5,146,207,197,198,191,195,188,194,201,199,193,192,206,133,0,29,0,5,15,3,8,29,52,31,20,39,6,0,4,2,2,2,2,2,2,2,2,3,3,3,3,3,3,3,3,3,3,3,3,3,3,3,3,3,3,3,3,3,3,3,3,3,3,4,4,4,4,4,4,4,4,4,4,5,5,5,5,6,6,6,7,8,8,9,9,8,11,13,14,18,25,33,38,39,49,84,106,118,108,91,73,77,111,149,165,173,173,182,177,177,171,147,100,62,22,30,42,51,63,68,73,58,60,74,79,96,88,72,44,2,3,0,5,0,1,7,13,9,3,6,4,6,3,3,4,3,4,6,5,6,5,8,11,10,10,13,13,11,80,148,167,165,165,167,176
18,29,34,29,26,28,27,22,17,18,19,18,15,13,11,10,11,11,10,10,10,9,9,9,8,7,9,7,9,18,32,54,61,58,64,98,151,192,207,197,76,2,7,1,2,4,1,5,3,3,3,3,3,3,4,4,4,4,4,4,4,4,4,4,5,4,4,4,4,4,5,5,7,4,1,2,5,4,3,5,4,5,2,5,2,11,89,190,209,202,197,198,202,204,208,212,208,206,198,173,153,158,183,125,93,154,162,123,156,194,174,130,152,157,105,134,189,183,181,207,205,210,207,209,205,206,198,198,195,200,199,197,201,201,199,201,202,201,205,205,206,206,195,187,110,121,187,151,86,145,210,212,206,209,207,204,209,209,205,210,209,204,204,201,192,195,183,144,151,166,167,133,136,158,177,190,195,204,207,205,206,207,206,204,206,204,201,201,204,204,202,199,197,197,208,148,13,2,2,6,2,4,2,3,6,3,0,5,3,3,4,5,5,4,2,2,74,38,1,115,199,29,1,184,111,1,39,205,86,43,1,19,33,4,2,4,22,99,61,1,5,1,9,1,58,21,0,8,1,1,29,19,1,0,8,0,83,23,7,3,2,2,0,3,5,5,3,2,10,54,0,5,0,35,107,173,201,200,172,151,143,124,126,139,159,172,194,190,167,94,19,4,0,4,3,7,8,8,1,0,33,55,1,3,4,0,3,33,13,2,1,1,1,2,7,3,2,5,3,4,2,2,1,2,3,3,2,2,3,6,2,58,72,2,79,151,4,3,36,192,23,1,1,136,127,1,0,78,208,198,197,197,189,196,195,196,196,199,191,197,186,24,0,9,17,22,24,10,21,21,24,14,19,10,11,0,2,2,2,2,2,2,2,2,3,3,3,3,3,3,3,3,3,3,3,3,3,3,3,3,3,3,3,3,3,3,3,3,3,3,4,4,4,4,4,4,4,4,5,5,5,5,5,6,5,6,6,7,7,8,8,8,11,12,13,14,17,23,27,29,38,47,76,105,120,122,100,76,81,107,142,161,172,173,178,162,131,89,58,54,58,23,31,50,52,76,67,63,67,73,72,73,90,72,42,4,1,4,4,2,2,6,6,6,7,2,0,6,5,3,4,5,4,6,8,5,8,7,10,14,12,11,12,12,9,87,156,170,178,183,178,185
19,32,31,28,31,29,22,13,7,8,10,11,11,9,5,3,7,4,3,5,5,4,4,5,3,5,4,1,2,13,32,46,31,34,57,64,101,175,207,207,147,26,0,7,4,2,3,5,3,3,3,3,3,3,3,3,4,4,4,4,4,4,4,4,4,4,4,4,4,4,4,4,4,4,3,2,2,2,3,3,0,5,3,2,7,2,6,38,145,201,211,198,203,204,204,209,205,211,205,203,197,190,184,155,136,157,150,107,144,176,154,157,186,157,127,176,190,131,148,182,179,176,198,206,208,199,215,217,212,213,211,208,205,204,202,200,203,194,199,202,200,208,198,162,129,179,177,102,98,188,215,207,208,206,208,208,202,201,204,201,188,178,187,186,140,131,162,151,140,164,191,188,198,202,202,206,206,206,200,207,205,206,206,207,204,205,205,204,201,203,203,201,196,203,194,43,5,3,5,1,3,3,4,5,5,2,2,3,2,2,10,6,7,3,5,13,77,13,1,67,179,183,136,197,44,0,109,176,33,26,1,37,31,17,15,39,40,106,17,4,4,0,5,4,6,21,6,2,0,18,72,1,3,1,3,5,63,45,0,8,2,5,0,6,4,0,5,4,36,44,3,59,152,200,180,120,59,30,14,2,2,1,2,1,1,4,18,58,106,173,180,127,37,1,1,6,6,7,5,0,61,30,0,0,0,6,0,8,13,0,4,1,1,26,24,2,1,3,0,4,1,1,1,1,1,1,1,1,7,0,6,22,96,0,19,178,48,0,0,147,119,86,169,143,94,2,2,27,190,199,199,197,191,190,192,196,196,197,196,192,204,71,0,3,29,58,13,20,13,17,18,10,14,27,15,0,3,1,1,1,0,2,4,1,2,2,2,2,2,3,3,3,5,4,4,4,3,3,3,3,1,2,4,4,3,2,2,3,4,3,3,4,5,5,4,3,5,4,4,4,4,5,5,5,6,6,6,7,7,8,9,10,7,11,13,13,15,16,22,30,34,44,66,103,122,116,98,82,90,107,141,160,156,132,99,75,55,52,55,57,53,29,34,49,57,82,69,66,73,69,79,83,69,27,2,2,2,1,3,3,3,4,4,4,4,4,4,5,7,6,5,5,6,6,6,5,4,9,9,8,11,11,9,12,16,107,186,189,184,186,187,177
18,33,34,31,31,27,19,10,4,5,7,9,10,10,8,6,6,4,3,4,4,4,3,4,3,4,4,4,5,12,26,38,20,20,58,52,54,142,199,210,198,80,1,5,3,0,8,1,3,3,3,3,3,3,3,3,3,4,4,4,4,4,4,3,4,4,4,4,4,4,4,4,4,4,3,2,2,2,3,3,7,4,4,4,5,2,0,6,5,79,166,210,204,199,208,200,207,203,206,209,208,209,208,203,196,190,174,141,143,137,126,136,141,141,158,195,193,159,172,182,139,120,176,199,194,205,138,125,146,151,158,168,179,192,201,205,208,210,217,219,220,224,195,143,187,221,200,139,163,214,209,201,203,199,201,199,183,168,169,179,161,165,169,162,134,135,168,169,173,176,201,206,202,205,207,203,201,210,208,205,205,206,204,204,205,201,202,206,207,205,201,195,198,202,121,3,1,5,7,0,3,3,4,5,4,2,2,3,3,4,8,5,6,5,0,41,61,0,8,0,2,51,108,161,188,120,199,121,49,1,34,78,62,55,37,2,5,98,44,0,5,0,1,0,8,9,5,5,0,50,43,1,2,0,2,0,11,32,12,0,8,0,10,9,0,0,6,0,19,85,165,211,151,55,12,1,1,4,13,5,33,18,22,33,16,1,0,4,1,0,57,142,192,129,39,3,1,0,7,1,59,14,1,9,3,3,7,0,9,5,3,6,8,62,2,1,0,2,7,2,2,2,2,2,2,2,2,2,1,4,0,6,91,31,2,120,135,10,84,161,177,137,72,22,11,20,0,4,147,217,196,195,193,192,194,197,198,198,197,193,198,128,0,10,9,6,8,7,9,20,20,16,6,32,37,5,3,3,4,4,1,1,2,1,2,2,2,2,2,3,3,3,3,3,3,3,3,3,2,2,5,4,4,4,4,4,3,3,3,3,3,3,4,4,4,4,4,5,5,5,4,4,5,6,7,7,7,7,7,8,8,8,11,11,8,7,9,13,22,34,35,45,61,86,111,120,108,88,93,87,84,84,77,64,52,43,55,62,57,56,61,30,27,58,52,71,59,63,77,75,75,66,23,6,2,7,5,3,3,1,3,4,4,4,3,3,4,5,4,4,3,4,4,5,5,5,5,7,7,7,9,10,10,12,11,119,198,199,179,164,171,163
15,33,36,33,32,27,20,12,6,7,8,10,12,13,12,11,11,9,8,9,9,8,8,8,8,6,7,9,10,13,24,35,26,3,25,30,22,100,182,207,211,148,26,3,4,4,5,3,3,3,3,3,3,3,3,3,3,4,4,4,4,4,4,3,4,4,4,4,4,4,4,4,4,4,3,3,2,2,3,3,4,1,4,4,0,4,5,2,3,2,23,105,193,212,200,202,202,201,209,202,202,211,208,210,212,204,202,198,188,163,146,133,86,76,130,193,211,206,208,193,113,145,194,164,189,129,2,1,0,2,6,11,19,29,36,40,50,62,77,85,98,115,106,76,125,147,136,115,163,194,197,208,202,194,190,188,173,154,159,180,182,182,172,177,187,194,205,203,197,200,200,196,196,204,201,204,199,202,203,203,210,208,202,205,204,205,209,206,201,198,202,202,198,213,78,1,2,1,4,3,3,3,4,5,4,2,2,3,3,7,5,5,6,5,1,74,37,17,13,0,3,4,2,0,41,103,137,74,37,1,94,39,27,30,3,4,1,31,58,5,3,3,1,29,25,0,5,3,0,57,67,0,1,4,7,2,1,10,6,7,6,7,41,5,1,5,1,14,125,218,143,32,0,0,13,16,24,36,43,18,20,95,11,25,51,18,14,20,9,7,2,1,43,145,200,72,6,4,5,2,32,44,0,1,5,0,0,21,4,1,9,0,20,36,0,4,3,1,2,4,3,3,3,3,2,2,2,2,2,2,5,0,51,75,0,39,167,171,149,64,20,5,2,9,80,30,1,0,101,207,196,200,197,194,195,196,197,198,199,196,207,175,10,7,8,5,9,3,3,37,12,27,21,9,23,9,0,0,2,4,1,1,3,2,2,2,2,2,2,3,3,3,2,3,3,3,3,3,3,3,4,2,1,1,2,3,3,3,4,4,4,4,4,5,5,6,4,5,6,6,5,4,5,6,4,4,5,6,7,7,7,8,6,7,9,12,17,19,24,33,43,45,60,87,113,113,88,62,46,46,42,53,55,52,56,54,57,65,60,62,71,36,24,60,60,60,60,75,78,72,57,13,1,1,4,6,2,3,6,1,3,3,4,4,3,3,4,4,3,3,3,3,3,4,5,5,6,5,6,8,7,9,12,12,14,126,196,197,164,136,153,159
15,34,37,33,32,30,26,20,15,15,15,16,17,17,16,16,18,17,16,16,16,15,15,14,12,7,6,8,8,10,22,37,35,11,15,55,60,72,151,207,209,204,94,0,3,3,0,6,3,3,3,3,3,3,3,3,3,3,4,4,4,4,3,3,4,4,4,4,4,4,4,4,4,4,3,3,3,3,3,3,5,1,7,4,1,2,5,4,9,3,1,1,39,129,200,210,204,202,206,203,207,212,206,211,214,207,208,213,211,206,199,184,149,116,152,201,211,207,209,190,172,188,190,154,161,41,1,13,7,6,4,1,1,1,2,3,0,1,3,0,0,0,1,0,1,7,3,0,14,21,34,44,56,52,53,65,74,75,86,110,132,140,147,172,195,195,194,199,206,212,211,218,216,207,193,203,207,202,204,202,204,205,204,207,207,203,205,203,205,203,204,198,198,190,47,3,9,1,3,3,3,3,4,4,3,3,2,3,2,7,4,6,7,3,14,82,8,8,57,102,36,15,14,2,2,1,8,49,7,12,70,2,41,24,1,2,7,7,18,6,5,8,12,76,10,8,0,4,0,24,74,2,0,2,2,3,8,9,0,4,2,16,70,3,2,4,29,169,204,61,2,3,36,28,24,25,36,3,25,15,11,13,29,7,26,4,25,34,3,35,3,6,1,3,68,192,116,3,3,0,8,21,0,4,3,0,42,36,0,2,0,5,9,21,4,2,2,0,7,0,3,3,3,3,2,2,2,2,5,0,7,1,10,97,12,0,41,23,0,7,18,2,33,169,158,4,8,5,47,203,201,196,200,195,193,193,194,197,200,199,194,194,52,2,6,9,5,10,9,19,17,12,2,8,23,19,3,0,0,3,2,2,3,2,2,2,2,2,2,3,3,3,3,3,3,4,4,5,5,6,5,4,3,2,3,3,3,2,3,4,4,4,4,4,4,5,3,4,4,5,5,5,5,5,7,7,7,8,8,9,10,10,15,14,12,14,18,19,24,32,39,41,49,45,40,26,14,9,34,49,48,59,57,53,59,58,63,62,62,70,73,41,24,51,60,64,61,78,76,38,12,3,4,3,4,2,0,4,7,2,3,3,4,4,3,3,4,4,3,4,5,5,4,4,5,6,7,4,8,10,6,8,14,14,15,120,183,193,169,140,153,165
22,40,41,35,34,34,33,28,24,23,21,21,20,20,19,19,19,19,18,18,18,17,16,15,9,4,3,4,4,6,19,36,47,23,16,75,127,90,122,198,210,215,171,37,3,4,4,1,3,3,3,3,3,3,3,3,3,3,4,4,4,4,3,3,4,4,4,4,4,4,4,4,4,4,3,3,3,3,3,3,4,2,4,3,5,5,1,4,5,2,2,6,1,1,57,145,202,207,203,200,208,210,210,215,212,212,212,210,210,212,210,213,209,192,199,209,208,207,205,170,141,166,178,179,92,0,11,5,6,6,5,4,4,4,4,5,7,4,4,9,11,7,6,9,5,2,0,7,0,0,3,1,1,1,1,0,2,0,0,2,0,0,1,11,19,21,34,49,58,76,88,101,124,180,212,208,200,203,210,208,202,203,200,193,190,180,182,176,164,139,131,128,117,85,6,1,5,2,3,2,3,3,4,4,3,3,3,3,1,7,5,8,6,0,33,60,1,80,197,154,77,17,146,151,69,1,32,39,1,32,41,7,44,5,1,7,8,8,2,1,12,0,42,76,0,5,1,5,7,0,23,12,3,1,0,17,23,0,4,7,0,6,97,28,0,57,196,156,42,3,16,7,17,35,15,1,17,22,26,1,51,61,68,48,4,2,33,17,15,18,8,58,1,19,8,27,179,157,0,6,5,0,11,6,1,9,67,4,5,4,0,4,2,20,6,1,1,4,0,15,2,2,2,2,2,2,2,2,2,3,0,2,3,82,43,0,0,15,32,17,7,70,200,127,1,25,10,0,12,176,206,197,197,193,192,193,193,197,199,198,186,207,97,0,6,1,8,4,10,7,18,33,39,16,26,25,14,5,1,3,3,2,2,1,2,2,2,2,2,3,3,3,2,3,3,4,5,6,6,7,11,12,12,11,9,7,5,5,4,4,5,5,4,4,3,3,4,3,3,4,5,6,5,4,8,7,6,5,5,6,7,7,8,10,11,16,21,23,26,32,39,43,42,9,1,1,6,9,26,51,51,59,56,60,66,64,66,66,63,67,71,45,26,53,66,72,69,55,24,1,3,4,4,2,2,2,3,5,4,1,3,3,4,4,3,3,4,4,5,5,6,5,4,4,5,6,6,4,9,11,7,8,14,15,22,117,172,181,178,171,170,173
27,46,47,40,38,38,36,30,27,26,24,22,22,21,20,20,19,19,18,17,17,17,16,15,9,7,7,10,9,10,22,37,51,43,29,40,90,63,69,163,208,207,206,116,3,2,6,3,3,3,3,3,3,3,3,3,3,3,3,4,4,3,3,3,4,4,4,4,4,4,4,4,4,4,4,3,3,3,3,3,1,2,2,1,5,4,2,16,11,7,2,3,11,4,0,5,57,152,215,213,203,202,197,191,198,209,206,205,211,215,206,207,210,214,210,206,209,208,196,149,102,147,185,158,24,0,12,2,3,3,3,4,5,4,4,5,5,3,3,4,5,4,2,0,2,6,1,8,6,9,5,4,4,9,10,7,8,9,8,7,7,4,3,2,0,0,0,0,2,1,0,0,2,34,96,145,177,171,150,143,126,110,95,87,69,115,179,180,117,35,18,33,36,1,1,7,2,0,0,4,2,4,4,3,2,3,3,3,2,7,6,6,4,0,50,26,1,196,100,0,4,103,196,73,204,75,50,22,1,52,13,28,99,24,2,1,35,42,5,2,4,0,22,93,0,6,0,4,2,5,0,10,6,5,2,56,10,5,0,1,9,5,41,24,54,211,130,3,5,12,17,32,30,2,21,19,16,2,54,177,191,194,185,197,149,2,56,36,48,23,2,44,13,43,0,0,6,155,169,6,27,11,5,1,3,9,50,0,6,2,6,0,1,0,5,2,6,2,8,30,2,2,2,2,2,2,2,2,1,9,0,2,2,46,87,0,11,13,9,6,140,162,167,73,6,34,15,7,1,139,200,202,194,191,192,195,196,198,198,195,196,205,137,3,9,12,14,2,1,15,49,29,50,39,21,25,19,7,0,2,3,2,2,1,2,2,2,2,2,3,3,3,2,2,3,4,5,6,7,7,10,13,16,17,16,14,13,13,10,9,8,8,8,8,8,8,8,7,6,6,7,7,6,6,7,7,7,8,10,12,13,15,19,27,33,38,45,47,47,48,55,49,45,12,6,6,5,1,24,53,56,64,63,71,67,61,66,76,62,57,73,58,33,66,64,73,41,6,2,2,1,2,2,1,2,4,4,2,2,4,3,4,4,4,4,4,4,5,4,5,5,4,4,4,5,5,6,5,8,11,9,9,11,13,39,141,188,190,198,204,186,167
21,45,50,45,42,39,37,30,29,27,25,24,23,22,21,20,19,20,19,18,18,19,18,16,14,13,15,18,18,19,28,38,56,58,35,10,57,89,81,131,201,214,209,176,50,1,0,8,3,3,3,3,3,3,3,3,3,3,3,4,4,3,3,3,4,4,4,4,4,4,4,4,4,4,4,4,3,3,3,3,4,6,5,0,2,1,2,15,6,2,6,1,0,7,9,7,1,13,70,154,219,208,157,146,190,187,165,181,202,211,213,213,204,209,208,206,208,203,203,186,173,167,198,115,0,7,8,2,4,3,3,4,5,3,3,4,4,3,4,3,1,4,8,8,4,7,5,2,3,5,3,7,3,4,6,5,1,1,3,3,2,4,7,4,1,5,7,6,4,9,6,15,23,5,1,1,61,74,31,22,20,21,16,23,27,94,177,187,143,89,99,124,46,0,8,7,3,3,3,3,2,4,4,3,2,3,3,2,4,7,6,4,3,8,63,4,21,198,39,33,3,57,81,1,102,163,34,1,11,53,12,36,53,59,10,6,89,33,4,2,0,5,1,65,20,0,4,0,0,22,6,0,1,3,3,72,7,4,3,4,0,5,0,44,209,126,0,3,27,17,24,13,32,2,43,42,1,37,201,127,28,7,10,44,184,154,50,36,75,29,10,37,29,13,39,7,1,2,172,155,28,5,1,3,4,0,44,22,0,5,1,9,4,10,1,1,4,0,32,13,1,1,1,2,2,2,2,2,3,7,5,3,0,15,100,9,8,0,33,165,143,1,136,126,12,25,22,5,2,97,209,187,195,192,193,195,196,198,198,195,192,193,178,25,1,14,7,10,15,10,17,17,24,9,36,35,19,6,1,2,2,1,2,3,2,2,2,2,2,3,3,3,2,3,4,5,6,7,8,8,8,10,14,17,18,18,17,17,18,15,11,10,12,15,16,16,15,16,15,13,10,10,11,12,15,16,18,21,24,27,29,30,35,41,40,35,37,42,45,46,46,43,48,16,6,0,3,8,21,49,56,62,62,75,69,70,72,78,60,54,75,71,36,51,47,19,1,2,5,5,6,3,3,3,2,3,3,1,2,6,4,4,5,5,4,4,5,5,4,4,3,4,5,5,6,6,8,6,6,10,14,12,9,10,52,167,209,211,214,211,188,156
10,38,50,48,45,41,37,30,31,29,27,25,24,22,21,20,20,21,20,19,19,20,19,17,18,17,18,20,21,23,29,37,43,70,52,22,49,106,84,72,168,211,210,201,147,15,2,2,3,3,3,3,3,3,3,3,3,3,3,3,3,3,3,3,4,4,4,4,4,4,4,4,4,4,4,4,3,3,3,3,4,0,1,1,5,7,2,2,8,1,5,4,0,6,3,0,7,2,4,11,67,124,139,170,173,152,127,179,207,195,200,207,212,205,207,209,211,204,206,206,204,204,208,78,0,7,0,7,5,3,3,4,4,2,3,4,3,0,3,7,3,3,3,1,4,0,6,2,4,2,5,5,7,2,8,14,10,5,5,5,5,2,2,3,5,5,1,5,7,0,2,9,12,3,11,3,30,106,84,76,93,125,131,139,152,159,174,168,181,187,195,182,44,0,6,0,1,3,3,2,2,4,4,2,2,3,3,2,5,8,6,2,2,19,70,0,6,185,91,3,6,1,2,2,124,152,1,4,27,53,15,9,4,6,3,14,94,9,0,5,5,6,0,4,12,6,2,2,18,43,0,5,4,4,1,58,45,0,2,5,8,0,27,194,156,7,31,1,6,54,53,2,56,34,10,3,2,125,176,1,12,16,7,1,25,225,89,7,16,22,47,1,49,26,48,2,20,14,16,192,107,1,6,4,1,3,14,10,2,0,8,0,36,27,4,3,0,8,3,14,1,1,1,2,2,3,3,3,2,1,0,1,6,0,78,38,0,51,201,150,41,16,107,160,10,3,19,9,0,61,205,197,199,195,194,194,194,198,200,198,191,194,197,52,1,10,3,4,12,15,2,14,38,15,24,18,22,9,2,4,2,0,1,2,2,2,2,2,2,3,3,3,3,4,5,6,7,8,9,9,10,11,13,15,18,18,16,14,21,16,11,9,12,17,19,20,22,24,24,20,14,12,15,18,19,21,24,27,29,30,30,29,29,38,39,34,35,41,43,43,48,51,55,13,2,3,5,3,14,44,57,64,62,74,69,79,82,74,59,57,73,76,31,16,7,2,3,5,0,1,6,1,2,3,2,3,6,4,2,4,4,4,5,5,4,4,5,5,4,3,3,4,6,7,7,7,10,8,5,10,19,16,8,8,60,173,197,197,193,185,180,161
9,33,55,51,47,41,42,36,36,34,30,24,22,27,27,20,20,18,18,20,21,19,17,18,19,18,17,18,19,22,27,33,42,59,69,35,19,57,78,69,126,205,210,206,196,97,0,7,5,4,5,2,1,8,14,6,2,2,3,3,3,3,3,3,3,3,3,3,3,3,3,3,3,3,3,3,4,4,4,4,1,3,2,4,2,0,3,3,4,2,1,3,9,8,3,1,6,1,7,7,0,6,43,140,203,177,171,199,183,155,173,188,194,212,206,207,206,207,208,206,200,211,201,38,4,5,0,3,1,4,2,1,6,1,8,2,1,6,5,4,0,6,1,4,3,3,3,3,3,3,3,3,3,3,3,3,3,3,3,3,5,1,5,6,0,2,7,3,1,4,7,114,55,0,6,0,52,191,192,154,162,199,207,206,208,206,205,194,206,198,163,118,14,5,0,3,4,2,1,4,4,3,3,4,3,1,2,3,5,7,3,10,0,43,47,0,3,62,207,99,33,18,15,84,211,76,2,1,35,58,25,2,5,1,4,1,99,44,0,1,1,7,0,5,3,5,8,0,61,36,0,2,1,3,0,11,30,0,0,6,6,1,160,172,34,59,13,3,35,16,13,33,6,65,19,23,18,127,162,14,10,23,38,1,22,223,87,13,53,22,15,8,26,13,17,5,13,22,0,54,208,55,1,6,3,4,0,8,3,4,1,15,65,0,6,3,1,1,4,5,2,2,2,2,2,2,2,2,3,4,3,0,2,5,40,63,0,32,110,137,161,178,160,182,162,172,116,1,4,33,187,203,200,195,193,195,198,199,199,198,195,192,205,76,1,19,6,3,5,24,7,2,38,52,31,14,18,21,4,5,2,0,1,5,2,2,2,2,2,3,3,3,2,6,8,7,7,10,12,12,13,14,13,14,17,16,14,14,16,13,11,11,13,15,16,16,19,18,17,16,13,12,15,19,22,21,24,31,29,28,34,31,32,37,37,41,41,40,47,50,49,46,49,15,2,5,0,5,11,37,59,73,75,70,72,74,77,70,64,55,60,44,7,2,3,3,3,3,3,2,2,2,3,2,3,3,1,4,6,3,5,4,3,2,3,4,6,7,4,4,4,4,5,7,7,6,5,14,5,7,21,12,7,11,59,161,178,178,179,183,181,183
11,47,66,59,50,42,43,38,39,34,32,32,30,26,23,21,22,21,20,20,20,19,18,19,21,20,19,20,21,22,27,32,42,53,74,57,14,58,129,112,96,169,213,210,214,157,28,1,3,3,5,1,13,12,2,2,3,3,3,3,3,3,3,4,3,3,3,3,3,3,3,3,3,3,3,3,3,4,4,4,3,8,0,4,0,5,5,2,3,4,4,7,10,7,3,4,1,8,6,1,7,18,3,8,72,168,218,214,176,164,176,133,169,209,201,182,186,200,201,206,208,210,175,5,0,6,10,1,3,6,5,5,4,0,3,1,6,0,2,0,12,3,6,0,3,3,3,3,3,3,3,3,3,3,3,3,3,3,3,3,3,1,4,5,1,2,5,2,3,1,72,101,70,0,7,2,32,195,202,137,114,152,193,199,202,206,204,204,203,181,140,42,5,3,2,1,2,3,3,3,4,3,3,4,3,2,2,4,6,7,4,7,0,48,35,1,6,0,55,158,181,171,188,172,63,32,10,5,45,29,14,3,4,6,2,5,34,44,1,2,4,0,36,19,0,2,4,0,63,31,3,3,2,2,5,1,0,0,7,8,0,86,209,65,9,32,17,13,15,0,35,23,56,28,25,30,5,42,207,112,21,10,9,42,171,209,59,1,48,3,7,34,44,7,2,20,13,13,15,0,113,182,3,2,3,0,20,0,7,6,3,28,51,0,7,0,5,3,2,3,3,3,3,3,3,3,2,2,2,3,3,2,1,4,25,60,9,0,5,0,5,20,16,28,46,78,57,2,8,16,169,201,198,194,193,195,198,199,199,199,197,184,205,105,2,15,13,5,3,12,7,5,39,27,26,46,8,20,9,1,0,4,7,2,2,2,2,2,2,3,4,4,6,7,7,6,7,10,13,14,15,15,14,14,17,17,15,16,12,11,10,10,13,16,18,19,19,20,17,14,12,15,17,17,18,22,23,28,29,30,36,34,37,41,41,45,45,43,46,45,47,52,51,18,1,0,4,6,4,33,63,73,74,77,80,80,89,78,59,22,3,3,1,4,4,4,4,4,4,4,4,4,4,3,5,7,5,5,5,4,6,6,5,4,3,3,3,4,6,5,4,4,5,6,6,6,9,8,6,8,8,12,15,6,79,172,187,189,193,199,203,210
22,64,69,62,56,52,51,41,40,37,35,35,33,28,25,24,22,23,21,19,18,18,19,18,19,19,20,21,21,22,27,31,41,56,67,73,37,36,87,85,66,140,214,208,207,192,94,1,3,1,2,15,21,11,3,5,3,3,3,3,3,3,4,4,3,3,3,3,3,3,3,3,3,3,3,3,3,4,4,4,9,1,1,3,24,30,5,1,2,4,4,4,5,2,1,3,2,8,3,1,1,3,2,9,1,14,100,185,212,210,186,158,177,201,200,144,138,181,170,176,200,220,127,4,8,3,3,4,0,1,3,4,1,3,1,7,8,9,5,21,7,3,2,4,3,3,3,3,3,3,3,3,3,3,3,3,3,3,3,3,2,2,2,3,3,3,3,3,4,3,74,1,0,5,9,1,21,173,203,170,135,126,162,182,189,204,201,205,200,199,181,50,1,3,4,1,0,4,5,2,4,3,3,4,3,2,3,5,8,7,5,4,0,55,18,3,8,14,2,2,22,52,33,0,34,52,2,8,90,43,11,8,3,4,0,1,0,12,6,7,3,17,56,1,12,0,4,0,27,67,1,2,0,3,2,1,1,7,3,2,23,195,115,2,16,12,19,19,22,13,46,26,32,27,33,8,5,2,54,175,184,180,180,198,155,66,43,6,32,7,32,39,52,40,9,44,24,20,14,5,11,188,100,0,3,49,48,6,0,0,0,12,40,5,3,0,5,0,5,6,3,3,3,3,3,3,3,2,5,3,2,2,0,8,17,73,2,19,16,42,20,11,8,1,9,1,25,30,1,12,148,206,195,193,192,194,196,198,198,199,199,192,202,146,1,11,14,22,24,1,9,19,10,1,21,22,39,31,13,2,5,3,4,1,2,2,2,3,4,5,6,6,8,6,4,5,8,10,13,15,15,16,14,14,17,17,15,16,9,9,9,11,13,16,19,20,20,20,16,11,12,18,19,16,18,24,23,26,29,30,33,33,45,45,41,43,45,46,50,48,48,58,53,21,2,0,7,6,5,24,59,72,75,83,82,81,63,28,10,2,4,9,2,1,2,3,3,3,3,4,4,4,5,1,1,3,4,5,5,4,6,6,6,5,4,4,3,3,7,6,5,4,5,5,5,5,13,8,11,11,4,12,17,9,105,186,201,206,210,214,215,217
27,70,62,59,58,56,54,45,39,41,37,30,29,31,30,27,25,26,25,21,19,20,21,19,16,18,21,22,22,23,28,31,39,59,59,71,59,17,36,93,93,99,177,209,209,204,173,69,0,6,1,21,12,3,3,3,3,3,3,3,3,3,3,3,3,3,3,3,3,3,3,3,3,3,3,3,3,3,3,4,0,4,3,55,121,10,0,5,2,2,1,1,3,3,3,6,3,11,13,9,2,1,2,5,6,7,0,20,107,197,227,210,192,217,184,146,164,181,158,161,197,219,96,1,3,5,3,6,6,7,3,3,1,8,2,1,3,20,16,49,13,12,2,4,3,3,3,3,3,3,3,3,3,3,3,3,3,3,3,3,3,4,2,2,4,4,3,4,5,24,40,2,9,3,8,2,13,156,215,205,192,166,161,158,160,182,197,202,200,208,162,11,1,4,6,2,1,4,4,1,4,3,3,4,3,3,4,5,9,6,6,2,6,61,5,4,39,39,11,0,0,1,6,16,45,50,1,27,64,23,5,1,1,2,3,29,34,0,9,2,0,47,72,0,6,6,0,5,3,23,10,2,7,1,0,12,1,2,5,0,109,196,50,2,8,3,30,2,22,12,34,11,5,30,21,5,14,1,4,9,64,82,79,70,5,32,78,1,14,71,1,32,40,11,12,29,19,4,45,2,0,90,184,61,79,70,6,1,5,7,4,0,19,11,0,4,1,1,26,8,2,2,2,2,2,2,2,2,5,2,0,3,0,11,8,78,17,0,32,30,28,25,18,18,2,33,91,10,14,3,124,204,193,192,192,192,194,196,197,197,194,196,194,166,13,3,6,25,24,12,5,11,17,25,16,9,47,28,12,5,8,0,2,5,2,3,3,4,5,6,7,8,6,3,3,6,10,11,13,15,15,16,15,15,18,17,13,13,8,9,10,12,13,16,18,20,19,17,12,10,14,20,21,17,19,23,20,24,30,28,30,34,45,45,40,41,44,45,50,48,46,54,51,19,2,1,6,4,6,12,53,81,84,72,37,17,3,2,6,2,1,5,5,4,2,2,3,3,4,4,4,5,4,9,14,12,5,3,5,4,6,5,5,5,5,6,6,6,7,6,4,4,4,4,5,6,10,11,14,14,12,15,12,23,135,202,215,214,211,208,203,199
28,73,69,66,64,57,55,52,46,49,42,34,34,35,33,31,30,30,28,24,21,21,21,19,14,17,19,20,20,21,24,26,35,44,56,66,69,33,22,85,93,56,129,205,213,213,208,154,18,8,6,16,10,2,0,0,3,3,3,3,2,2,2,2,3,3,3,3,3,3,3,3,3,3,3,3,3,3,3,3,8,4,0,131,144,55,38,32,27,22,15,13,15,12,6,4,4,6,12,1,1,6,3,1,2,4,6,2,1,34,119,199,228,209,195,185,192,195,172,190,201,200,86,0,6,4,2,1,1,1,1,5,10,1,6,3,4,5,1,8,1,1,7,2,3,3,3,3,3,3,3,3,3,3,3,3,3,3,3,3,3,4,2,1,3,3,3,5,2,54,50,0,5,6,6,4,4,136,218,201,208,200,174,163,158,154,169,174,192,215,129,3,3,3,3,3,3,3,3,2,4,3,3,4,3,3,4,6,10,5,5,2,13,59,1,5,126,195,165,160,145,124,114,59,58,41,2,41,53,38,30,21,5,6,1,65,47,6,4,0,0,28,99,6,0,2,0,1,0,0,5,2,7,3,14,0,0,2,6,19,184,97,25,7,13,49,21,9,17,0,9,67,3,34,22,32,35,28,2,6,30,1,1,51,16,16,85,36,16,59,52,21,50,1,38,54,1,10,22,21,14,11,184,102,105,61,1,3,2,1,7,6,2,7,3,7,1,28,44,3,2,2,2,2,2,2,2,2,1,0,1,6,0,7,0,63,36,0,35,28,24,28,21,31,1,40,196,35,1,1,96,211,194,193,192,192,193,195,196,197,195,192,193,177,38,0,7,14,11,18,2,2,27,43,19,19,25,26,27,9,2,1,4,3,2,3,3,4,5,6,7,8,5,3,4,10,15,15,15,16,16,18,17,17,19,16,11,10,8,9,11,13,15,17,18,20,19,14,10,12,18,22,22,21,19,20,18,26,34,29,32,39,39,44,44,46,46,45,47,43,44,48,53,18,1,4,1,4,3,13,48,51,28,11,1,6,2,6,6,3,5,6,0,0,4,4,4,5,5,6,6,6,4,21,34,26,9,3,5,5,5,5,4,4,4,5,7,7,6,4,4,5,5,4,5,7,7,9,13,13,13,19,10,28,137,191,203,198,189,185,185,183
29,71,72,66,65,55,47,41,42,41,34,31,33,27,20,22,28,26,22,17,15,14,13,11,8,10,11,10,10,10,12,12,16,25,40,34,50,45,13,36,91,70,83,178,211,211,209,189,73,1,4,17,13,1,4,3,2,2,2,2,2,2,2,2,3,3,3,3,3,3,3,3,3,3,3,3,3,3,3,3,0,2,3,93,131,96,64,62,71,66,58,57,59,54,44,38,43,38,46,34,25,15,10,18,9,5,4,2,15,8,1,41,133,209,223,212,206,194,165,140,155,202,64,0,9,2,5,4,5,4,7,2,1,78,9,1,2,2,3,2,7,2,11,1,3,3,3,3,3,3,3,3,3,3,3,3,3,3,3,3,3,3,4,3,2,2,3,3,0,58,24,2,7,2,6,4,1,108,217,200,206,204,187,196,179,149,155,155,172,188,71,0,5,1,0,2,4,3,2,3,4,3,3,4,3,3,4,7,10,6,4,1,18,46,5,6,9,29,54,84,97,122,155,133,44,16,1,41,54,39,37,60,4,3,10,83,16,2,0,4,1,3,61,8,4,0,4,0,16,20,0,5,0,5,44,0,4,8,0,82,193,23,2,4,6,36,2,9,38,11,62,2,63,4,32,41,27,28,78,85,12,57,141,197,138,21,20,9,116,19,69,23,7,43,30,23,40,18,10,27,24,5,133,141,61,82,6,2,3,5,2,2,17,1,5,8,1,35,34,1,2,3,3,3,3,3,3,3,3,2,2,5,1,5,4,54,41,4,7,47,44,52,24,12,8,10,164,52,2,3,63,199,196,195,192,191,193,196,198,197,197,192,192,195,46,0,8,16,13,1,9,9,6,16,19,12,21,29,33,13,1,2,5,1,2,2,2,2,3,4,5,5,4,4,7,12,16,18,18,17,17,19,19,19,21,17,10,8,8,9,11,14,17,19,20,20,17,12,10,15,21,24,24,24,23,22,21,30,35,32,35,39,38,45,45,47,47,47,51,49,51,52,60,23,3,4,0,6,4,4,14,9,2,4,2,1,5,4,2,4,6,0,0,9,4,4,4,5,5,5,5,6,7,16,22,16,6,5,7,4,5,4,3,3,3,4,5,6,5,3,4,6,6,5,7,9,12,8,14,11,4,17,11,34,117,158,177,183,182,182,191,194
22,57,59,41,39,33,26,18,21,22,16,15,21,15,7,9,22,16,10,7,7,6,6,7,5,6,6,4,4,5,5,3,4,17,19,5,19,41,36,36,104,96,53,134,206,209,213,206,144,38,4,11,9,1,4,4,3,3,3,2,2,2,2,2,2,2,2,2,2,2,2,2,2,3,3,3,3,3,3,3,2,11,10,102,106,78,70,71,70,69,66,69,74,73,69,67,73,74,70,56,56,51,52,50,43,47,31,30,31,31,45,39,29,91,162,189,165,132,87,65,137,223,70,4,2,6,7,0,0,1,3,6,9,6,6,2,3,6,2,3,0,3,4,5,3,3,3,3,3,3,3,3,3,3,3,3,3,3,3,3,2,2,7,9,4,3,4,1,0,25,5,0,0,13,0,5,0,81,211,203,205,211,206,211,202,177,173,161,153,153,32,4,4,1,1,2,4,3,2,2,4,3,3,3,3,3,4,7,9,8,4,0,18,27,11,8,31,13,2,0,3,2,3,0,66,4,7,50,30,6,1,3,1,1,20,101,14,0,2,3,0,5,0,11,0,11,0,23,37,0,9,7,0,0,44,22,0,3,1,150,137,4,32,8,9,2,8,23,32,20,27,4,92,67,18,27,8,74,224,120,0,171,173,47,189,161,26,19,43,11,1,117,14,77,46,5,50,22,4,9,9,9,55,189,43,104,10,2,6,3,3,41,24,3,3,4,2,18,24,2,2,2,3,3,3,3,3,3,5,4,3,2,2,3,20,50,64,0,11,15,21,28,11,24,12,1,162,62,4,11,47,204,197,195,191,189,192,197,199,198,194,191,188,200,67,2,4,17,9,2,15,13,5,11,11,13,21,19,23,16,3,4,2,5,2,2,2,1,2,2,2,3,4,5,6,8,12,15,17,17,17,19,19,19,20,16,10,8,11,11,13,16,19,20,20,19,12,12,13,16,21,25,25,23,25,26,26,33,34,35,39,36,42,46,44,43,43,46,52,51,50,48,48,18,5,3,2,4,5,5,4,0,0,4,5,2,1,3,2,0,0,6,9,1,4,4,4,4,4,4,4,4,9,4,2,2,2,6,7,3,5,4,4,4,4,4,4,4,5,4,5,8,8,7,8,11,15,13,16,12,3,10,14,73,142,156,169,189,203,204,211,214
15,51,55,22,12,10,14,12,13,19,14,10,20,22,15,13,20,12,5,4,5,6,8,11,9,10,9,7,8,9,8,6,14,13,16,25,30,53,60,19,45,80,70,98,180,208,213,205,201,140,24,0,12,13,1,5,3,3,3,3,3,2,2,2,2,2,2,2,2,2,2,2,2,2,3,3,3,3,3,3,6,1,12,87,74,61,57,57,67,66,64,63,66,66,65,68,62,71,68,69,75,62,63,54,53,53,53,48,42,39,34,28,23,20,23,34,30,32,36,52,94,120,35,1,3,2,0,5,4,5,1,2,1,0,3,2,0,2,2,4,2,5,0,4,3,3,3,3,3,3,3,3,3,3,3,3,3,3,3,3,2,2,11,14,6,4,6,1,4,15,8,4,2,0,4,9,1,45,178,194,200,204,205,204,204,202,200,186,159,144,20,0,3,3,3,3,3,3,2,1,3,2,2,3,3,3,4,7,8,9,4,0,17,13,16,9,32,32,34,56,16,22,21,30,58,5,8,44,17,9,2,2,6,0,3,106,25,1,4,1,4,0,10,7,3,3,2,52,19,7,0,1,5,0,4,12,3,3,16,192,68,0,8,21,17,28,1,54,43,0,3,24,62,21,11,17,2,152,139,0,66,205,14,3,52,222,59,51,6,59,3,58,12,30,85,57,21,8,61,19,28,1,19,194,75,104,41,2,4,2,13,70,1,9,2,1,4,7,35,3,2,2,2,2,2,2,2,2,1,2,3,2,4,0,24,39,66,0,12,29,38,40,16,24,2,3,139,78,1,16,33,178,196,193,189,187,191,197,199,198,199,191,197,194,119,14,8,13,7,12,16,17,11,30,12,7,18,20,30,27,6,4,0,4,3,2,2,2,1,1,2,2,2,3,3,2,5,11,14,14,16,18,17,18,19,15,10,8,14,14,15,17,20,20,19,17,8,12,15,15,19,25,25,20,22,25,28,32,33,38,44,36,42,47,44,42,41,40,42,38,36,31,22,4,1,2,5,1,2,5,3,5,6,2,3,5,1,0,16,31,25,18,17,2,5,5,5,4,4,4,4,4,7,2,5,9,7,4,4,5,4,4,5,5,6,6,5,5,5,4,6,10,10,7,8,11,10,16,16,14,12,7,17,124,195,178,172,195,215,214,214,211
15,55,62,36,24,26,23,21,19,33,31,25,33,34,26,24,29,23,16,16,12,9,13,11,13,13,9,8,11,12,12,15,19,32,31,36,51,66,59,23,18,81,94,62,139,203,205,206,202,199,95,0,15,16,0,5,1,8,4,2,3,4,6,7,4,3,2,2,1,2,2,2,0,2,3,3,1,1,3,5,4,2,7,28,33,33,38,32,35,37,34,35,44,45,44,51,48,48,52,59,58,53,54,59,58,57,55,51,48,45,41,37,27,25,21,14,7,8,8,4,5,0,2,7,0,6,7,0,3,3,3,3,3,3,3,3,3,3,3,3,3,3,3,3,3,3,3,3,3,3,3,3,3,3,3,3,3,3,3,3,3,3,3,3,3,3,3,3,4,17,4,4,3,4,2,2,3,20,155,176,173,177,205,208,206,201,207,198,194,149,19,0,1,4,6,0,4,7,0,3,4,3,3,4,3,3,5,8,10,9,2,2,18,26,3,150,93,7,35,47,11,34,48,28,47,1,13,28,17,9,1,6,1,1,0,36,35,1,1,4,3,28,10,4,2,1,1,56,22,0,7,2,0,2,3,0,5,1,65,194,36,2,4,33,17,21,10,2,3,15,32,29,33,4,18,29,3,138,152,2,69,198,15,1,62,218,72,52,10,84,4,8,17,37,3,67,24,2,31,19,25,0,6,161,118,17,23,2,5,1,25,45,0,7,8,0,4,5,0,7,3,1,0,10,8,0,3,1,4,2,2,1,4,1,6,30,67,0,8,15,25,8,29,20,18,11,117,111,0,5,35,169,199,191,194,184,191,197,198,202,197,195,192,195,116,2,2,8,7,8,6,4,15,27,15,26,18,14,15,25,39,3,4,1,1,2,3,3,2,2,2,2,1,1,1,3,5,2,1,4,8,9,12,16,18,16,12,9,11,12,15,18,20,18,14,10,11,12,14,18,22,25,24,23,24,27,30,33,38,43,41,36,40,41,41,39,33,25,16,11,4,4,3,2,2,2,2,3,1,2,11,7,2,7,5,1,18,61,98,71,22,7,8,6,6,6,6,4,5,6,7,6,4,5,6,7,8,7,4,2,5,5,5,5,6,6,6,7,7,5,5,8,8,6,7,11,8,16,17,11,13,15,32,146,206,210,175,183,202,206,204,193
12,58,86,61,61,60,62,48,51,58,53,44,46,46,40,38,37,34,28,28,26,24,23,15,10,10,8,7,10,10,9,10,9,22,29,21,20,29,28,22,16,48,101,89,109,181,209,206,208,201,162,45,0,3,4,8,7,2,4,8,8,6,2,3,7,7,6,5,4,4,4,4,4,5,5,5,4,4,4,4,2,4,4,9,77,135,113,103,89,80,68,55,44,37,28,19,22,18,15,17,24,29,32,32,27,30,33,35,36,36,33,29,29,29,29,25,20,21,25,25,29,34,7,4,0,2,2,5,3,3,3,3,3,3,3,3,3,3,3,3,3,3,3,3,3,3,3,3,3,3,3,3,3,3,3,3,3,3,3,3,3,3,3,3,3,3,3,3,3,17,3,4,0,3,2,3,0,22,152,176,156,158,193,211,207,204,202,202,217,149,4,9,4,1,6,0,7,0,9,5,4,3,3,4,3,3,5,8,9,2,8,5,26,13,0,187,86,18,20,1,15,37,1,27,47,5,6,15,7,7,0,3,3,6,14,0,9,4,9,0,26,71,0,2,1,4,0,28,49,6,0,3,7,3,2,7,4,0,105,169,14,1,38,60,3,5,30,17,1,12,11,13,38,5,37,18,1,49,207,104,33,188,130,57,202,175,77,39,6,101,1,57,66,152,84,20,105,30,18,16,54,19,1,136,150,1,12,1,2,0,12,66,5,1,1,5,0,0,8,3,4,3,3,12,9,0,3,2,3,2,2,3,4,0,4,27,63,3,14,87,129,139,164,172,178,164,152,82,2,12,35,156,198,194,189,191,191,192,197,202,198,195,196,197,107,2,9,2,3,2,7,8,5,12,11,28,36,4,23,37,28,1,1,3,1,2,2,2,1,1,2,3,4,3,1,0,0,1,2,3,3,3,3,5,7,8,7,6,7,8,10,14,17,18,17,15,12,12,13,16,19,21,20,19,23,25,26,25,26,28,25,20,17,15,11,8,5,3,2,2,4,3,2,2,1,2,2,2,6,1,5,5,5,1,8,51,74,57,42,20,3,6,8,5,5,5,5,4,4,6,7,7,3,4,4,5,5,5,4,3,4,5,5,5,5,5,6,7,4,8,10,7,6,8,8,6,5,12,10,9,14,15,56,170,204,206,176,153,168,176,189,189
6,39,78,81,87,76,73,61,66,65,60,53,50,48,45,42,39,38,32,32,31,30,24,9,5,7,6,6,8,8,6,7,3,8,14,5,5,14,17,33,25,40,135,139,82,138,202,209,203,206,201,150,34,0,11,4,10,3,9,6,1,5,5,5,6,5,5,5,5,5,6,6,4,4,3,4,5,5,4,3,7,2,8,1,62,158,175,175,184,179,177,169,156,153,147,132,125,118,102,85,72,61,45,31,31,26,18,10,6,6,8,9,13,12,15,18,18,19,23,24,29,33,3,1,8,7,2,2,3,3,3,3,3,3,3,3,3,3,3,3,3,3,3,3,3,3,3,3,3,3,3,3,3,3,3,3,3,3,3,3,3,3,3,3,3,3,3,3,2,14,0,0,2,10,8,2,0,1,123,184,166,173,198,206,207,209,207,197,209,147,3,0,2,2,0,4,4,28,1,3,3,3,3,4,3,3,5,9,11,4,1,2,28,7,9,163,140,143,127,123,141,133,110,64,24,1,15,35,9,4,0,6,1,0,0,17,5,1,7,0,51,46,0,5,0,1,5,3,27,5,3,0,2,2,0,3,4,0,131,152,5,43,37,38,1,32,47,2,16,22,15,35,28,9,57,7,11,3,45,172,182,174,213,197,157,28,24,41,42,45,3,101,185,158,168,1,173,168,18,13,2,43,0,100,175,1,6,8,1,1,6,34,14,2,1,4,0,36,7,0,2,1,3,10,7,0,2,1,3,2,2,3,4,0,5,28,60,0,8,136,132,98,69,48,28,16,1,16,12,7,34,155,181,195,188,192,185,192,199,196,197,191,191,197,116,4,9,7,6,10,10,11,11,8,6,39,28,11,18,19,25,4,0,5,2,2,2,2,2,2,2,3,2,2,3,2,0,2,4,1,2,2,1,1,2,3,4,4,2,2,2,3,5,7,7,6,7,6,6,8,9,10,10,9,7,9,8,7,6,7,5,2,3,2,2,2,2,2,2,2,3,3,2,1,1,1,2,2,0,7,0,18,13,28,94,104,35,11,2,1,2,8,7,5,4,5,5,4,4,6,7,7,4,5,4,4,4,5,6,6,4,5,5,4,4,4,6,7,6,11,13,11,9,10,8,6,10,13,7,9,11,8,76,171,184,185,178,151,147,166,195,204
5,6,21,42,52,59,69,77,71,66,64,61,55,52,50,45,43,44,39,36,35,35,28,11,7,9,8,9,12,12,10,11,14,17,18,18,30,41,50,70,52,24,77,104,60,96,179,205,208,207,208,199,128,10,5,9,6,8,12,15,16,17,18,18,13,12,10,9,7,6,5,4,8,7,6,5,5,5,4,4,8,2,10,6,5,49,92,94,114,123,138,146,150,160,169,169,175,181,184,181,178,176,171,164,138,131,117,99,82,68,57,50,36,23,13,10,7,5,5,3,10,10,2,2,4,1,4,8,3,3,3,3,3,3,3,3,3,3,3,3,3,3,3,3,3,3,3,3,3,3,3,3,3,3,3,3,3,3,3,3,3,3,3,3,3,3,3,3,7,11,1,2,3,0,0,0,8,1,125,223,200,199,210,205,203,198,192,188,210,152,12,3,2,4,8,1,41,39,3,4,3,2,3,4,3,3,5,8,7,5,1,5,34,4,8,147,105,110,122,122,113,129,150,93,27,2,32,58,8,13,16,0,6,0,57,37,2,2,1,2,36,73,0,4,3,3,1,0,0,5,11,1,1,6,2,1,4,0,160,125,1,24,1,11,17,1,32,10,7,19,13,27,54,4,53,25,1,6,2,1,35,65,40,18,45,101,3,1,35,34,52,178,9,31,151,4,5,189,72,36,9,9,3,88,182,8,10,6,0,7,0,0,12,5,8,1,23,57,1,2,2,0,2,6,4,1,1,1,4,2,2,1,3,1,9,34,67,0,2,0,2,6,2,16,6,29,18,22,9,2,39,135,159,179,189,198,192,188,185,180,185,194,197,194,133,8,9,19,16,3,7,14,3,4,10,27,35,39,35,30,42,5,6,3,4,4,4,4,3,3,3,3,2,1,3,4,2,2,4,1,4,3,2,2,3,3,3,2,4,3,2,2,2,2,2,2,2,2,2,2,2,2,2,2,1,2,2,2,2,2,2,2,1,2,4,5,6,5,3,2,3,2,2,2,1,1,2,2,3,3,3,0,10,77,102,25,1,1,5,7,4,6,6,8,4,5,4,3,4,5,6,6,5,5,5,5,4,5,5,6,5,5,5,3,4,6,6,6,10,8,10,13,13,9,7,9,9,9,10,17,14,24,116,178,185,184,194,191,161,175,206,218
3,12,29,34,22,28,57,80,79,71,70,69,61,56,54,48,48,49,44,40,37,37,35,21,18,19,18,18,21,21,19,21,23,34,33,40,53,61,77,92,78,28,21,87,105,85,141,198,207,209,209,201,191,78,0,2,3,6,0,5,11,5,7,11,18,18,18,18,18,18,18,18,15,14,12,9,5,4,5,7,1,6,4,9,2,0,11,12,14,22,28,33,41,48,56,68,80,90,103,114,123,134,147,156,167,170,174,175,176,175,172,169,161,146,132,121,105,87,72,62,57,44,0,6,7,2,3,2,3,3,3,3,3,3,3,3,3,3,3,3,3,3,3,3,3,3,3,3,3,3,3,3,3,3,3,3,3,3,3,3,3,3,3,3,3,3,3,3,4,19,37,42,43,21,34,39,19,23,116,210,207,213,218,213,200,179,163,184,221,138,1,4,0,3,3,8,57,4,5,5,3,2,3,4,3,3,5,8,6,2,6,4,38,6,8,197,58,3,4,1,3,4,2,43,40,1,47,87,33,60,58,2,9,20,97,22,0,7,5,1,11,66,7,0,7,1,2,18,4,4,3,3,5,6,1,3,2,0,173,127,2,4,8,27,24,25,2,1,11,17,4,28,53,32,19,40,25,30,23,3,15,6,30,3,15,100,9,39,16,1,99,137,4,56,166,20,4,134,93,26,32,6,0,81,188,7,32,1,0,9,3,17,3,2,6,0,42,34,1,5,4,0,2,4,3,4,3,3,4,2,2,1,3,2,10,36,61,3,15,20,12,36,35,9,32,37,17,17,12,3,40,132,131,136,167,187,184,157,141,146,151,179,196,178,131,3,8,12,13,12,2,4,7,4,1,21,41,33,8,19,85,29,0,4,4,4,5,5,5,4,3,2,6,2,2,3,2,1,3,5,3,3,3,3,3,3,2,1,3,2,2,2,3,3,3,3,4,3,2,2,2,3,3,3,3,5,5,4,3,4,4,4,3,2,2,1,1,1,2,2,3,2,2,2,2,2,2,2,3,1,3,6,9,20,23,8,14,9,8,4,3,7,5,4,5,6,5,3,3,5,5,5,4,5,5,5,4,4,3,3,7,6,4,3,5,8,8,5,8,5,5,9,12,10,8,9,5,5,14,18,9,54,162,196,207,207,211,221,190,174,193,212
6,32,76,83,72,52,72,87,78,70,67,66,59,56,56,51,49,48,43,41,37,36,37,31,28,29,26,25,27,26,24,26,23,35,33,41,52,60,76,83,89,61,33,97,140,74,90,182,200,206,207,211,204,170,65,3,0,9,4,0,2,2,4,5,0,0,2,3,5,7,8,9,9,10,9,6,3,2,5,8,15,20,13,8,11,7,1,1,4,6,0,0,4,0,0,4,5,5,8,13,18,23,32,40,56,60,65,71,81,92,100,105,120,123,135,148,153,154,157,158,168,132,7,3,2,4,3,2,3,3,3,3,3,3,3,3,3,3,3,3,3,3,3,3,3,3,3,3,3,3,3,3,3,3,3,3,3,3,3,3,3,3,3,3,3,3,3,3,8,42,67,62,73,78,102,93,79,57,36,39,39,55,67,78,85,80,90,124,155,103,15,13,6,7,0,18,20,0,0,4,3,3,3,4,3,3,4,7,8,5,1,0,32,6,7,132,43,35,31,10,35,33,3,80,69,3,42,76,8,28,34,0,0,30,93,13,1,5,4,1,0,2,13,5,4,0,32,30,5,2,0,1,2,2,0,3,1,7,165,130,10,18,47,22,12,40,15,2,30,26,17,23,15,42,17,12,18,17,20,3,82,17,28,36,6,94,45,46,18,2,65,162,1,51,158,1,0,185,56,11,41,54,1,81,188,10,61,13,3,6,46,24,2,0,3,4,23,32,3,3,4,0,3,2,2,4,3,3,2,2,3,2,4,1,8,34,64,0,25,39,43,15,10,28,7,9,28,32,8,3,44,117,105,104,132,145,146,124,111,120,127,137,159,160,128,4,8,1,20,10,10,16,3,3,10,16,50,17,20,31,68,21,1,4,3,4,4,5,5,5,4,3,3,5,5,6,9,6,3,5,2,2,1,1,1,2,3,3,1,1,1,1,1,1,1,1,3,3,3,3,3,3,3,3,2,3,2,2,2,2,2,2,4,3,2,1,1,2,3,3,2,2,2,2,2,2,2,2,0,11,0,0,5,2,17,32,11,2,2,2,7,8,3,5,5,6,5,4,3,5,5,4,5,5,6,6,6,5,3,2,6,6,5,4,6,9,9,6,6,7,7,6,9,14,13,8,7,7,17,12,6,91,191,211,216,220,213,212,205,163,164,186
1,12,43,58,78,78,90,90,80,73,69,67,63,62,61,57,56,52,47,47,42,37,40,38,33,33,30,28,29,28,25,26,27,29,30,36,46,57,68,74,87,76,31,40,88,71,57,134,198,201,208,207,208,201,171,81,12,0,5,3,0,7,2,1,4,4,4,3,2,1,0,0,1,2,2,2,1,2,4,5,1,2,7,2,1,6,4,3,2,3,3,4,8,8,5,3,6,2,0,0,0,1,1,1,1,2,2,1,3,4,6,7,13,14,22,30,36,46,59,67,85,76,0,4,1,3,1,6,3,3,3,3,3,3,3,3,3,3,3,3,3,3,3,3,3,3,3,3,3,3,3,3,3,3,3,3,3,3,3,3,3,3,3,3,3,3,3,3,6,27,27,13,24,50,75,61,65,71,51,35,29,19,12,10,7,2,6,8,14,22,22,19,21,14,13,9,3,8,5,4,3,3,3,4,3,2,4,6,5,7,0,2,32,3,0,3,34,34,44,19,31,41,1,66,56,1,40,66,0,2,3,2,0,16,99,15,5,2,0,4,3,10,4,10,2,5,59,18,0,4,3,4,0,4,4,3,2,4,161,112,1,3,35,1,14,15,15,1,14,13,15,28,6,1,63,21,21,37,133,176,128,69,1,61,157,199,1,81,29,28,1,149,140,90,158,50,168,198,43,0,28,60,0,105,176,13,57,26,2,15,70,4,5,1,2,5,0,35,8,1,2,0,7,4,1,3,1,2,2,2,3,2,4,2,9,35,65,2,7,53,38,17,23,21,23,1,20,23,2,9,58,120,98,103,112,114,114,112,112,114,117,110,123,150,137,16,8,4,16,15,9,15,10,3,4,17,23,11,14,22,52,25,3,5,4,4,4,4,6,7,8,8,10,19,14,7,11,10,3,3,2,2,2,1,2,2,3,4,4,4,4,3,3,3,2,2,1,1,2,2,2,2,1,1,2,2,1,2,2,3,3,3,1,1,2,3,3,3,2,2,2,2,2,2,2,2,2,2,6,0,5,2,4,8,6,25,12,7,6,5,6,6,4,11,5,6,5,4,4,5,5,5,7,6,6,7,8,8,5,3,3,6,7,6,6,9,9,7,6,9,10,8,10,13,13,10,9,11,17,11,25,141,205,212,204,205,197,188,193,170,162,177
12,30,33,23,30,62,87,92,84,80,76,72,70,67,63,60,61,55,49,51,45,36,38,39,33,34,32,30,31,30,27,28,30,26,34,34,38,51,61,74,81,91,52,12,59,106,58,80,182,205,206,208,210,200,209,184,84,7,1,7,3,7,1,8,3,3,3,4,4,4,4,4,4,4,3,3,4,4,3,2,3,5,1,3,5,1,2,6,5,4,8,6,0,5,9,1,4,4,4,4,5,6,5,4,4,5,5,3,1,1,2,2,2,1,1,1,0,0,2,1,1,2,3,5,2,6,1,5,3,3,3,3,3,3,3,3,3,3,3,3,3,3,3,3,3,3,3,3,3,3,3,3,3,3,3,3,3,3,3,3,3,3,3,3,3,3,3,3,8,10,3,12,10,14,22,20,31,43,47,47,46,38,47,40,37,34,30,30,26,21,24,21,19,22,9,3,3,0,2,2,3,3,4,4,3,2,3,6,7,2,3,4,41,9,10,11,33,41,30,11,52,124,79,38,44,4,38,45,1,10,0,5,9,0,35,30,0,4,4,4,41,6,5,0,7,0,59,16,0,2,0,5,0,3,3,3,2,0,149,131,1,13,1,7,5,45,1,38,9,2,39,10,12,4,75,95,1,149,171,64,182,182,160,209,166,114,34,43,23,12,13,7,115,158,175,181,130,18,53,1,14,27,1,127,162,5,23,4,0,33,49,0,1,5,0,1,2,6,15,1,2,2,12,8,2,3,1,3,4,3,2,1,3,2,12,40,55,1,13,30,29,23,24,15,25,17,23,10,6,14,54,122,98,105,100,109,105,106,110,110,102,110,110,139,135,19,0,8,20,11,8,20,11,4,7,15,12,24,27,47,58,30,15,6,6,5,4,5,7,10,12,13,31,40,24,2,4,6,1,2,1,2,3,3,3,2,1,1,1,2,2,2,2,2,3,3,2,3,3,3,3,3,2,2,3,2,1,1,2,2,2,1,3,2,1,1,1,2,3,4,1,1,2,2,2,2,2,2,0,6,0,4,4,0,10,12,22,16,9,2,5,9,3,4,5,5,5,4,4,5,6,6,7,5,3,5,7,8,5,3,1,6,9,7,5,7,9,8,8,7,9,13,12,8,9,12,10,12,14,11,44,172,195,190,182,175,174,170,173,197,199,207
25,92,97,71,68,79,91,88,94,85,85,80,67,65,65,55,46,39,47,48,34,37,43,30,31,29,25,22,19,19,25,32,33,26,29,22,17,25,36,54,58,79,75,23,22,71,55,43,135,195,197,205,208,201,205,202,177,105,29,3,6,3,5,1,1,5,1,2,4,4,6,1,3,3,3,3,3,3,3,3,3,3,3,3,3,3,3,3,3,3,3,3,3,3,3,3,3,3,3,3,3,3,3,3,3,3,3,3,3,3,3,3,3,3,3,3,3,3,3,3,3,3,3,2,2,3,3,3,4,3,3,3,3,3,3,4,3,3,3,3,3,3,3,3,2,2,2,2,2,3,3,3,2,2,3,3,3,3,3,3,3,3,3,4,3,3,2,2,9,6,6,4,2,6,10,7,16,25,29,30,24,31,24,30,36,23,37,39,34,40,45,46,41,49,20,0,2,0,1,6,4,3,3,3,3,3,5,7,5,2,7,0,52,19,9,20,187,109,1,70,190,129,168,119,9,2,35,59,2,6,1,3,5,0,5,3,3,12,0,42,69,8,1,1,1,0,28,34,1,2,3,3,2,1,2,2,5,1,115,152,1,9,46,9,12,28,1,36,31,12,22,64,15,22,13,34,8,191,67,1,75,211,139,48,2,2,27,24,20,61,1,32,21,1,2,1,28,21,24,91,0,24,1,162,132,2,4,4,4,11,64,0,7,0,6,7,0,13,4,4,6,0,32,14,0,4,1,5,1,2,3,1,4,0,21,39,59,4,13,8,15,18,22,20,15,7,28,14,3,11,70,119,79,91,101,101,107,111,107,110,102,100,104,134,133,9,10,9,12,7,7,9,20,11,14,24,16,23,38,35,28,45,8,8,8,6,4,7,10,11,7,3,3,3,3,2,2,2,2,2,2,2,2,2,2,2,2,2,2,2,2,2,2,2,2,2,2,2,2,2,2,2,2,1,2,2,2,2,2,2,2,2,2,2,2,2,3,3,3,3,13,42,27,17,26,31,1,3,2,3,3,2,1,2,4,5,13,26,11,4,9,3,2,6,12,6,5,7,5,4,4,4,4,3,4,5,5,3,3,5,7,6,7,13,9,2,6,7,5,5,6,9,9,8,8,10,13,12,10,17,93,160,160,142,155,164,152,140,175,208,209,215
29,94,116,109,106,104,104,95,91,88,83,65,43,42,45,34,15,16,28,30,15,15,23,19,12,12,13,11,9,10,19,28,29,29,21,6,4,10,13,18,34,78,82,46,14,69,121,64,80,174,194,202,204,203,207,194,203,190,150,46,0,5,2,5,13,1,4,5,1,1,1,4,3,3,3,3,3,3,3,3,3,3,3,3,3,3,3,3,3,3,3,3,3,3,3,3,3,3,3,3,3,3,3,3,3,3,3,3,3,3,3,3,3,3,3,3,2,2,2,2,2,2,2,3,3,3,3,3,3,3,3,3,3,3,3,3,2,3,3,3,3,3,3,2,3,3,3,3,3,3,3,3,3,3,3,3,3,3,3,3,3,3,3,3,3,3,3,3,13,10,17,16,3,8,22,21,13,20,12,5,12,8,0,13,13,12,9,22,25,26,37,31,40,53,11,2,6,1,10,0,4,3,3,3,3,3,5,7,10,4,2,7,36,15,9,134,157,13,2,141,141,1,31,170,16,2,31,64,0,8,3,5,0,47,19,7,6,0,9,56,38,0,11,4,3,5,2,11,2,3,3,3,2,2,2,2,3,2,87,174,10,4,41,4,31,19,13,10,2,27,17,25,31,1,16,19,11,191,79,2,81,192,6,47,2,3,5,34,36,51,1,22,62,6,62,7,85,37,33,16,16,68,0,191,89,1,20,3,0,2,37,23,0,10,2,1,27,10,0,5,3,4,22,13,0,5,1,5,2,2,3,2,2,1,12,43,50,0,10,18,20,18,28,11,23,20,19,17,13,11,76,118,68,85,95,102,104,109,111,98,97,101,95,127,116,26,25,10,9,23,16,2,15,8,6,22,3,28,30,23,4,19,21,5,8,6,4,6,9,9,6,3,3,3,3,3,2,2,2,2,2,2,2,2,2,2,2,2,2,2,2,2,2,2,2,2,2,2,2,2,2,2,2,1,2,2,2,2,2,2,2,2,2,2,2,2,3,3,3,3,8,65,72,72,121,108,3,1,1,2,2,2,2,2,3,3,4,14,24,8,4,9,1,6,8,4,6,9,7,4,4,3,8,5,3,4,5,6,7,9,8,7,6,12,10,5,9,8,8,7,7,8,8,7,6,7,14,14,8,52,162,179,159,138,168,175,147,132,151,190,201,194
71,106,116,110,105,101,105,100,95,93,85,56,22,14,20,17,4,6,16,18,8,7,13,16,7,9,12,11,8,9,20,32,27,28,14,4,7,12,14,11,35,67,82,70,20,28,86,50,38,127,186,197,205,207,210,202,201,202,199,148,27,0,8,4,0,6,8,3,5,4,0,6,3,3,3,3,3,3,3,3,3,3,3,3,3,3,3,3,3,3,3,3,3,3,3,3,3,3,3,3,3,3,3,3,3,3,3,3,3,3,3,3,2,2,2,2,2,2,2,2,2,2,3,4,4,4,4,4,4,4,4,4,4,4,4,4,3,3,3,3,3,3,3,3,3,3,3,3,3,3,3,3,3,3,3,3,3,3,3,3,2,2,2,2,3,3,4,4,9,5,18,21,8,18,38,38,72,89,94,81,66,67,55,36,34,24,22,11,12,16,5,12,16,20,0,1,2,4,5,5,4,3,3,3,3,3,4,7,9,2,6,0,42,23,0,173,74,11,1,152,98,4,23,166,23,4,24,86,9,5,9,1,2,64,28,0,0,6,0,52,81,10,4,0,1,4,4,1,3,3,4,3,3,2,2,2,7,0,43,189,46,5,2,10,5,2,29,47,7,4,33,31,5,23,26,35,19,190,95,13,101,205,43,38,30,40,57,1,48,51,33,44,50,9,14,16,62,34,28,35,23,0,43,208,39,14,28,2,3,6,0,8,2,6,2,19,48,0,4,1,0,6,8,10,1,5,1,3,3,2,2,3,1,3,4,54,32,2,3,18,47,75,85,54,6,16,8,23,11,5,109,112,60,78,72,87,111,110,104,89,85,81,100,128,105,34,11,3,3,7,13,9,8,8,8,1,34,51,11,10,29,42,41,6,8,6,4,5,7,7,5,2,2,2,3,3,3,2,2,2,2,2,2,2,2,2,2,2,2,2,2,2,2,2,2,2,2,2,2,2,2,2,1,1,2,2,2,2,2,2,2,2,2,2,2,2,3,3,3,3,0,2,3,26,47,43,5,3,2,2,2,2,3,2,2,1,6,7,24,31,11,3,8,1,5,3,6,9,6,4,4,4,9,6,4,5,6,8,9,10,10,9,6,9,10,8,11,9,7,8,8,8,9,10,10,9,14,17,9,74,189,204,197,170,174,184,152,151,155,175,185,184
120,127,122,115,110,109,111,103,97,93,87,63,26,11,19,29,26,22,22,23,22,20,22,24,23,23,23,21,14,11,20,32,28,20,13,22,23,20,28,27,48,58,74,80,42,7,45,65,43,82,179,195,202,203,203,202,199,195,207,188,152,77,14,4,15,6,0,4,4,0,6,0,3,3,3,3,3,3,3,3,3,3,3,3,3,3,3,3,3,3,3,3,3,3,3,3,3,3,3,3,3,3,3,3,3,3,3,3,3,3,3,3,3,2,2,2,2,2,2,2,2,3,5,6,7,6,6,6,6,6,6,6,6,6,6,6,6,5,5,5,5,5,5,6,4,4,4,4,3,3,3,3,3,3,3,3,3,3,3,3,3,3,2,2,2,3,3,4,8,2,7,9,2,9,20,18,34,72,101,118,119,123,117,128,142,147,134,122,122,103,98,95,74,38,2,5,1,3,0,10,4,3,3,3,3,3,4,7,12,0,7,1,47,18,0,174,96,2,2,156,102,1,30,174,10,1,15,98,28,47,63,0,34,99,15,4,4,5,1,14,66,16,0,6,0,3,29,5,3,3,3,3,3,2,2,2,3,4,15,175,89,1,5,63,16,3,9,16,46,22,22,47,2,58,24,7,4,150,192,180,182,185,188,187,216,211,42,12,31,1,76,39,1,66,7,1,32,72,0,65,21,8,117,176,4,1,24,14,0,0,16,2,7,3,0,49,42,1,1,3,3,1,3,8,3,3,1,1,3,1,2,4,1,7,5,67,26,0,9,117,188,163,153,172,186,69,10,14,9,4,133,117,63,63,67,85,88,85,94,87,81,82,81,125,96,2,5,5,8,12,6,4,15,13,6,10,30,49,23,25,34,19,21,6,7,5,4,4,5,5,3,2,1,2,3,3,3,3,2,1,2,2,2,2,2,2,2,2,2,2,2,2,2,2,2,2,2,2,2,2,2,2,2,2,2,2,2,2,2,2,3,3,2,2,2,3,3,3,3,3,7,6,0,7,1,2,4,1,4,2,2,2,2,3,2,1,4,1,7,33,31,9,9,5,5,3,5,6,4,3,6,7,6,7,7,7,7,8,8,8,11,12,7,7,9,7,10,9,7,8,9,10,11,14,14,12,12,11,33,106,169,199,209,181,165,185,172,180,182,183,187,196
127,125,121,118,114,114,112,100,102,98,94,81,61,51,58,65,67,60,53,53,55,53,50,48,45,41,39,35,25,14,14,22,22,8,13,31,20,11,22,16,29,55,74,83,61,17,39,77,56,43,129,183,192,200,205,204,208,204,198,204,201,186,104,8,0,8,5,1,2,2,2,4,3,3,3,3,3,3,3,3,3,3,3,3,3,3,3,3,3,3,3,3,3,3,3,3,3,3,3,3,3,3,3,3,3,3,3,3,3,3,3,3,4,4,4,4,3,3,3,3,3,3,5,6,7,7,7,6,7,7,7,6,6,7,7,7,7,7,6,6,6,6,7,7,7,7,7,6,6,6,6,6,5,5,5,5,5,5,4,4,5,4,4,3,3,3,4,4,8,4,0,0,1,2,0,0,1,0,1,8,45,63,56,53,58,74,85,101,126,129,153,159,167,94,2,1,6,6,5,1,3,3,2,3,3,3,4,6,10,5,4,2,35,25,4,111,182,12,12,192,64,10,166,144,2,7,6,86,45,16,9,5,35,102,0,0,0,6,6,1,7,5,3,11,1,39,33,1,2,2,2,3,3,2,2,1,2,7,0,123,159,3,9,27,13,29,3,37,11,29,3,20,8,59,17,16,5,14,49,40,35,36,41,40,76,58,31,34,6,26,21,50,1,21,50,36,27,14,43,0,0,5,188,113,12,35,11,6,0,50,33,0,5,4,0,30,49,2,1,5,7,0,5,6,4,3,3,3,4,1,1,3,1,8,13,74,13,0,109,175,22,1,5,1,62,194,67,7,13,14,145,98,52,57,58,68,82,77,70,83,80,82,76,123,88,5,2,9,8,14,9,7,11,10,6,13,5,10,15,40,40,16,36,14,6,5,4,4,4,3,2,2,1,2,3,3,3,3,2,1,2,2,2,2,2,2,2,2,2,2,2,2,2,2,2,2,2,2,2,2,2,2,2,2,2,2,2,2,3,3,3,3,3,3,3,3,3,3,3,3,4,1,5,0,1,12,2,12,6,4,2,1,2,2,2,2,2,1,2,9,36,31,1,7,5,4,5,6,3,4,7,7,6,9,10,8,7,8,8,7,9,13,8,7,8,5,6,8,8,9,9,10,12,13,12,11,21,12,79,154,169,177,184,179,178,189,193,193,187,186,189,185
134,129,127,122,114,116,117,111,107,104,98,93,90,92,91,86,78,73,69,67,65,62,58,55,54,49,46,42,29,11,6,10,8,1,15,28,11,5,12,4,8,43,75,77,79,36,13,80,121,66,79,173,198,198,202,202,201,207,200,193,205,201,190,93,13,6,12,5,2,6,0,8,3,3,3,3,3,3,3,3,3,3,3,3,3,3,3,3,3,3,3,3,3,3,3,3,3,3,3,3,3,3,3,3,3,3,3,3,3,3,3,3,4,3,3,3,3,3,3,3,2,3,4,6,6,6,6,6,6,6,6,6,6,6,6,6,7,6,6,6,6,6,6,7,7,7,7,7,7,7,7,7,7,7,7,7,7,7,7,7,7,7,6,6,5,5,5,5,3,5,1,0,6,4,1,5,4,13,8,16,163,214,184,176,134,111,90,55,21,14,26,39,51,31,2,8,4,2,2,5,3,2,2,3,3,3,4,6,7,8,6,1,35,38,1,9,133,183,191,145,0,61,139,30,37,2,3,74,54,19,3,0,25,104,15,7,5,0,5,3,6,5,2,2,1,71,13,0,2,2,2,2,3,3,2,1,2,5,1,52,195,47,9,27,34,11,13,44,3,27,12,1,42,45,14,7,35,17,19,15,4,2,3,1,2,107,16,16,20,39,28,8,4,82,3,78,43,10,34,31,5,70,203,28,5,67,25,2,17,74,4,4,1,1,5,2,41,7,2,2,5,0,9,3,3,1,4,3,4,2,2,1,1,4,25,71,0,5,175,59,9,34,16,10,4,88,143,1,16,27,161,96,75,56,49,48,55,69,72,70,72,77,92,131,81,46,1,5,2,2,6,10,2,9,10,2,5,15,12,28,38,7,35,16,4,5,5,4,3,3,2,2,2,2,2,3,3,3,2,2,2,2,2,2,2,2,2,2,2,2,2,2,2,2,2,2,2,2,2,2,2,2,2,2,2,2,2,2,3,3,3,3,3,3,3,3,3,3,3,3,10,0,2,9,7,7,5,5,8,6,3,2,1,2,2,3,3,5,3,2,19,39,29,7,6,4,6,7,5,5,6,5,8,11,11,7,6,9,9,8,7,12,8,8,11,5,5,8,7,6,6,8,11,11,12,12,10,30,118,176,194,187,186,196,199,178,184,192,179,173,179,161
137,132,132,127,118,114,112,110,111,105,99,96,98,98,93,85,85,82,79,75,69,67,65,61,55,49,45,41,27,10,5,11,11,9,24,28,20,20,23,22,23,43,71,72,91,68,17,75,114,72,38,126,188,191,197,203,208,205,209,207,195,202,197,191,135,56,9,11,4,0,6,0,3,3,3,3,3,3,3,3,3,3,3,3,3,3,3,3,3,3,3,3,3,3,3,3,3,3,3,3,3,3,3,3,3,3,3,3,3,3,3,3,4,4,3,3,3,3,3,3,2,2,4,5,6,6,6,6,6,6,5,5,5,5,6,6,6,5,5,4,4,5,5,6,6,6,6,6,6,6,6,6,7,7,7,7,7,7,7,8,7,7,7,7,7,7,7,6,3,3,2,2,2,0,0,2,3,4,7,4,140,213,202,207,204,200,165,143,46,2,6,0,3,0,2,0,4,14,2,4,3,2,2,3,3,3,4,6,10,2,5,2,36,40,1,2,3,34,44,12,16,6,0,44,54,6,3,72,73,4,0,11,1,39,23,0,2,3,9,43,7,0,2,3,0,54,14,5,2,2,1,2,3,3,3,2,6,0,1,6,152,134,2,4,11,1,23,80,2,5,30,12,1,40,34,16,27,13,134,78,19,66,168,198,125,61,49,43,19,45,17,25,15,50,6,2,79,40,19,69,0,183,130,0,5,6,7,1,40,61,1,1,1,4,0,8,7,15,3,2,0,20,13,0,1,1,3,1,2,2,3,0,3,1,40,64,0,8,170,59,16,57,30,20,1,83,149,6,19,43,163,89,87,81,58,44,47,52,62,74,71,90,94,136,62,35,13,2,5,10,1,2,7,10,5,17,14,28,18,13,47,23,35,34,3,4,5,5,4,2,2,2,2,2,2,2,3,3,3,3,3,3,3,3,3,3,3,3,3,3,3,3,3,3,3,3,2,2,2,2,3,3,3,3,2,2,2,3,3,3,3,3,3,3,3,3,3,3,3,3,0,13,0,0,2,1,10,3,7,6,5,3,2,1,2,2,0,0,2,7,5,27,55,30,8,6,7,7,5,6,7,5,8,10,9,7,8,12,10,5,6,10,6,11,17,9,7,11,11,6,4,7,10,11,13,17,7,87,153,176,206,211,202,191,188,161,148,177,177,170,175,165
143,133,132,130,124,120,115,115,120,112,108,108,105,96,91,92,91,86,82,76,70,70,71,64,64,57,52,47,34,19,20,30,28,26,34,34,35,37,36,49,47,65,76,82,87,82,38,13,62,74,46,85,174,189,198,205,204,207,200,203,203,204,202,199,206,170,39,0,19,4,5,3,3,3,3,3,3,3,3,3,3,3,3,3,3,3,3,3,3,3,3,3,3,3,3,3,3,3,3,3,3,3,3,3,3,3,3,3,3,3,3,3,3,3,3,3,3,3,3,3,3,3,4,5,6,6,6,6,6,6,5,5,5,5,6,6,6,5,4,4,4,4,5,6,6,6,6,6,6,6,7,7,6,6,6,6,6,7,7,7,5,6,6,7,7,7,7,6,6,0,2,5,1,2,5,2,2,21,23,1,104,206,193,190,191,190,176,159,32,2,1,9,1,11,3,0,6,6,10,4,3,2,2,3,3,3,4,6,6,9,1,3,19,61,2,21,7,14,34,38,22,27,46,26,37,18,1,56,77,0,11,1,2,3,8,3,10,1,46,79,4,0,1,4,0,29,46,0,2,2,2,2,4,4,3,3,1,5,2,0,61,198,44,12,25,12,2,14,7,43,5,17,55,18,34,26,14,116,228,79,7,195,127,74,220,106,1,78,25,25,14,73,25,45,65,1,11,39,21,33,91,203,26,0,6,4,1,1,16,57,2,2,3,3,3,1,4,1,5,7,0,42,18,2,3,2,2,1,0,2,5,0,5,0,52,59,1,0,97,184,40,21,8,1,13,155,93,1,10,79,155,71,59,63,62,79,83,68,66,58,78,86,105,138,43,7,5,4,6,2,8,21,7,1,5,19,10,20,41,18,40,22,22,38,2,4,6,6,4,2,2,2,2,2,2,2,2,3,3,3,3,3,3,3,3,3,3,3,3,3,3,3,3,3,3,3,2,2,2,3,3,3,3,3,2,2,2,3,3,3,3,4,3,3,3,3,3,3,3,3,7,0,6,6,3,2,4,7,6,6,6,4,2,1,1,2,4,1,5,2,2,11,27,52,12,8,6,4,3,6,8,6,6,8,8,7,11,15,10,2,5,9,5,13,21,14,9,13,19,11,6,9,11,10,13,19,57,170,188,177,193,216,205,172,172,168,128,155,174,174,176,176
146,139,135,127,127,119,120,118,122,114,109,105,102,100,100,97,94,87,82,79,74,72,71,68,66,58,57,51,49,39,42,43,44,36,39,33,38,41,48,50,56,59,75,77,85,97,65,15,67,132,103,51,138,187,196,200,204,206,207,205,202,202,203,203,204,184,53,3,9,10,7,3,2,0,10,1,3,4,2,4,3,3,2,2,2,3,3,4,3,3,3,3,3,3,3,3,3,3,3,3,3,3,3,3,3,3,3,3,3,3,3,3,4,4,3,3,3,3,3,3,3,3,4,5,6,7,6,6,7,4,2,6,5,4,7,3,5,6,6,4,3,5,6,6,6,6,7,6,6,5,5,5,5,9,3,9,5,5,5,4,4,8,6,8,7,3,5,7,5,4,2,1,1,2,2,2,9,0,10,3,62,190,191,189,193,186,185,157,19,0,1,2,3,3,2,2,2,3,5,6,3,3,2,2,2,2,4,5,12,4,0,3,15,69,14,20,0,20,28,24,27,33,16,141,91,13,1,37,80,2,3,1,4,10,2,9,5,0,72,49,3,0,5,1,3,8,12,7,12,3,2,25,8,0,5,1,2,5,2,0,5,145,132,2,34,15,32,6,8,3,46,30,71,32,19,4,32,200,94,2,75,205,17,2,119,192,50,38,9,26,96,2,2,49,19,32,57,21,18,24,206,116,2,8,14,2,3,1,2,35,24,0,4,0,6,29,11,1,5,1,0,30,19,0,6,3,4,3,4,3,1,2,9,9,71,27,0,5,0,99,187,156,128,134,178,134,5,9,3,104,158,71,75,56,40,52,72,100,102,90,92,85,101,129,22,9,9,9,2,15,5,5,12,5,6,10,15,17,16,47,14,25,23,31,1,5,8,6,2,1,2,3,3,3,2,2,2,2,3,3,3,3,3,3,3,3,3,3,3,3,3,3,3,3,3,3,3,3,3,3,3,3,3,3,3,3,3,4,4,4,4,3,3,3,2,2,3,3,3,4,4,2,4,7,5,4,5,5,7,7,5,6,5,1,0,3,1,1,2,3,1,3,12,23,45,13,5,6,2,8,12,5,12,10,9,9,9,9,9,10,8,5,5,12,16,7,2,10,10,5,5,6,5,12,18,8,108,201,209,180,171,195,203,174,165,170,164,165,183,189,180,175
143,145,144,137,132,122,122,124,125,115,106,105,109,109,103,97,100,98,84,81,87,77,66,73,67,65,59,51,52,48,46,46,43,39,42,38,41,44,48,54,58,68,70,72,90,99,91,43,41,92,68,27,86,173,184,193,202,205,207,205,202,202,202,203,202,177,83,119,127,45,1,9,6,7,4,3,1,7,4,1,3,3,3,3,3,3,3,3,3,3,3,3,3,3,3,3,3,3,3,3,3,3,3,3,3,3,3,3,3,3,3,3,4,3,3,3,3,3,3,3,3,3,3,4,6,6,6,5,8,5,7,6,0,6,3,1,3,3,4,5,6,6,5,5,5,5,6,7,6,5,3,2,6,3,5,2,4,6,8,5,8,6,6,6,4,9,6,5,6,4,2,1,1,2,2,2,3,5,10,0,37,175,186,176,183,174,184,141,7,1,8,0,3,2,2,2,2,3,4,5,3,3,2,2,2,2,4,5,12,8,6,5,5,66,12,5,107,49,23,44,23,1,4,138,135,1,7,18,95,41,17,2,66,19,2,0,7,6,54,59,0,6,0,1,0,5,12,8,5,9,12,45,0,6,0,4,6,0,8,10,0,33,193,81,1,5,51,20,55,2,11,19,24,24,62,5,29,201,44,2,123,174,1,2,103,188,62,51,4,43,72,34,54,8,13,46,24,71,3,155,180,8,1,8,9,0,3,0,2,0,10,8,4,2,13,57,0,7,0,7,1,20,27,8,6,2,0,1,6,5,0,4,0,8,90,4,1,17,13,0,22,89,110,101,41,14,45,8,3,146,157,81,74,64,62,59,62,79,87,99,100,98,109,125,24,25,5,7,4,2,10,5,6,13,6,13,22,19,27,26,40,12,41,26,1,4,6,5,2,2,3,3,3,3,2,2,2,2,3,3,3,3,3,3,3,3,3,3,3,3,3,3,3,3,3,3,3,3,3,3,3,3,3,3,2,3,3,4,4,4,3,3,3,3,3,3,3,3,3,4,4,4,4,5,6,4,4,6,4,9,8,5,6,6,3,0,2,2,3,3,1,0,7,14,32,42,13,8,7,3,20,7,8,9,9,9,8,8,9,9,12,7,5,10,15,10,5,6,4,15,8,12,12,10,7,31,135,189,196,178,148,148,174,187,186,188,191,190,183,189,192,171
153,151,140,138,133,129,125,120,118,116,111,111,110,108,105,107,99,96,91,86,82,81,76,68,68,71,63,56,52,52,48,49,47,46,46,45,45,49,48,56,61,74,75,72,88,91,98,69,18,42,81,63,38,133,187,188,197,202,206,205,203,203,204,205,212,176,162,210,208,132,38,8,8,7,0,11,5,0,7,5,4,4,4,3,3,3,3,2,3,3,3,3,3,3,3,3,3,3,3,3,3,3,3,3,3,3,3,3,3,3,3,3,3,3,3,3,3,3,3,3,3,3,3,4,5,6,5,5,4,8,4,4,4,0,0,5,0,0,0,3,4,1,0,0,2,0,0,0,1,4,6,7,8,3,8,5,6,6,1,2,4,2,7,10,3,9,4,7,6,5,3,1,1,1,1,1,8,8,5,8,22,155,184,175,176,171,179,108,0,1,8,0,2,2,2,2,2,2,3,3,3,3,3,2,2,2,4,5,11,7,6,6,0,61,23,0,169,123,24,27,140,37,0,86,151,15,6,4,63,88,64,54,100,5,0,6,9,0,13,71,4,4,7,1,15,24,0,2,4,0,17,28,1,2,6,1,1,5,1,4,3,0,86,196,48,3,5,15,87,9,4,22,37,26,60,7,15,187,125,12,191,141,5,19,188,171,19,13,1,82,7,28,97,33,28,43,2,29,118,208,19,8,11,12,0,8,1,1,6,11,4,3,5,0,38,50,2,0,4,4,1,0,12,4,0,4,3,3,0,3,3,5,1,39,76,0,9,0,5,21,2,2,0,2,6,62,16,1,9,173,151,103,94,77,77,72,81,89,85,96,92,105,127,117,21,37,2,4,6,3,21,11,1,13,12,10,14,48,13,37,47,13,40,20,1,2,4,3,3,3,3,3,3,3,2,2,2,2,3,3,3,3,3,3,3,3,3,3,3,3,3,3,3,3,3,3,3,3,3,3,3,3,3,3,2,3,3,3,3,3,3,3,3,3,3,3,3,3,4,4,2,4,3,3,7,4,2,6,6,9,8,5,8,8,5,2,3,2,2,3,2,0,2,5,11,43,33,16,9,9,19,7,4,7,8,7,6,8,9,9,15,11,10,11,12,13,12,8,2,9,10,5,8,4,10,85,156,166,175,184,167,157,178,206,203,187,192,197,159,149,179,174
101,109,121,144,135,126,129,129,122,118,109,112,112,110,104,109,106,96,98,98,87,83,84,76,74,70,66,67,50,45,45,50,47,45,41,43,42,46,38,45,48,50,55,59,79,89,94,94,31,20,61,48,21,95,186,183,191,198,205,207,206,206,206,207,204,195,151,169,172,148,184,140,49,5,10,5,4,6,1,1,3,3,3,3,3,3,3,2,3,3,3,3,3,3,3,3,3,3,3,3,3,3,3,3,3,3,3,3,3,3,3,3,3,3,3,3,3,3,3,3,3,3,3,4,5,5,5,4,9,3,10,3,3,39,126,126,123,117,112,105,92,76,66,64,42,35,25,15,9,4,0,0,0,16,1,2,4,0,6,11,2,5,4,11,6,6,2,9,6,5,3,1,1,2,2,2,9,3,0,11,12,132,182,173,170,171,168,69,1,5,1,1,2,2,2,2,2,2,2,2,3,3,3,2,2,2,3,4,13,7,3,6,1,48,43,3,116,157,5,0,188,74,0,42,170,38,10,1,45,50,7,96,79,7,0,0,2,4,4,7,12,0,0,0,59,51,2,2,4,0,4,13,0,3,5,0,2,6,6,0,1,1,0,122,193,35,37,27,43,27,13,5,46,11,46,1,1,59,182,212,177,58,38,179,204,58,1,69,16,35,36,21,1,53,48,45,5,93,220,55,1,18,48,30,7,0,5,3,47,18,3,3,2,3,32,47,2,2,4,2,7,0,5,3,0,4,4,3,1,4,1,3,0,67,40,4,1,94,170,164,144,100,45,0,35,68,20,0,48,191,157,115,103,92,93,93,105,101,98,107,103,102,138,100,27,40,4,5,6,2,3,17,8,1,12,8,6,14,17,32,39,33,33,27,2,2,2,3,3,3,3,3,3,3,3,2,2,3,3,3,3,3,3,3,3,3,3,3,3,3,3,3,3,3,3,3,3,3,3,3,3,3,3,3,3,3,3,3,3,3,3,3,4,3,3,3,3,3,4,4,2,5,2,3,11,8,3,6,12,8,4,7,10,6,3,7,4,2,1,3,3,2,2,3,1,18,38,34,13,3,7,10,4,6,7,5,6,10,12,10,13,15,18,14,9,14,19,15,11,13,13,12,10,10,69,154,188,190,192,190,178,169,179,204,217,186,173,181,149,132,167,172
17,17,50,123,143,132,127,125,124,122,115,111,90,78,78,95,88,67,61,78,79,54,47,66,59,38,41,54,31,21,25,30,30,24,18,23,24,28,18,20,33,22,15,44,74,88,91,103,62,4,51,108,82,53,144,184,186,194,203,207,208,207,207,207,211,200,141,51,49,92,199,211,178,60,3,4,8,2,7,4,2,2,2,3,3,3,3,3,3,3,3,3,3,3,3,3,3,3,3,3,3,3,3,3,3,3,3,3,3,3,3,3,3,3,3,3,3,3,3,3,3,3,3,3,4,5,5,4,10,0,5,4,10,160,63,19,33,38,50,64,74,81,91,100,114,116,120,125,126,121,114,108,102,88,83,73,63,38,32,55,2,11,1,4,7,7,5,7,6,4,2,1,2,2,3,3,3,3,2,10,4,111,182,166,161,162,160,48,2,5,0,4,2,2,2,3,3,2,2,2,3,3,3,2,2,2,3,4,13,15,5,3,3,29,59,0,69,183,0,2,120,122,56,123,198,72,15,2,25,52,4,68,100,0,6,2,0,3,0,2,2,10,0,4,77,26,2,5,1,3,1,7,7,1,2,1,4,2,6,0,31,8,0,1,138,190,31,2,54,4,17,31,21,16,17,18,14,2,29,65,30,1,18,86,76,27,40,22,16,51,6,38,11,50,9,2,104,223,69,3,8,16,7,3,11,3,8,13,66,6,0,5,2,3,6,44,10,7,0,3,2,7,4,5,3,0,3,3,2,3,0,11,9,73,11,0,112,171,41,33,76,145,176,45,27,56,0,0,96,199,163,171,108,103,99,111,130,122,124,123,113,99,150,72,19,21,7,8,7,15,2,9,10,2,12,1,21,6,47,38,12,18,46,63,4,3,2,3,4,4,3,2,3,3,3,3,3,3,3,3,3,3,3,3,3,3,3,3,3,3,3,3,3,3,3,3,3,3,3,3,3,3,3,3,3,3,3,3,3,3,3,3,4,4,3,3,3,3,3,4,4,6,2,5,14,13,6,8,13,8,4,7,10,6,3,7,4,2,1,2,3,3,3,3,4,5,18,41,30,3,4,9,8,8,7,6,7,11,12,10,11,14,17,12,6,13,18,14,5,14,4,20,9,41,149,194,207,204,179,146,145,153,158,174,191,183,167,176,180,179,187,170
107,48,12,73,131,135,129,126,120,124,121,106,50,21,29,62,56,23,20,47,49,26,22,37,35,7,12,33,18,9,18,22,14,3,2,7,8,11,6,4,24,25,11,58,79,81,91,99,82,25,41,102,76,29,104,176,184,191,199,204,206,207,206,205,205,209,179,49,0,46,162,209,207,177,77,8,0,7,0,2,3,3,3,2,3,3,3,3,3,3,3,3,3,3,3,3,3,3,3,3,3,3,3,3,3,3,3,3,3,3,3,3,3,3,3,3,3,3,3,3,3,3,3,3,4,5,5,5,2,11,2,4,28,147,5,3,0,0,1,2,0,0,0,4,1,1,2,8,19,31,42,48,69,77,90,97,104,142,180,64,1,5,4,4,6,5,8,4,5,4,2,1,2,3,3,3,3,2,5,13,2,88,170,162,157,152,157,42,1,2,2,2,2,2,3,3,3,2,2,2,3,3,3,3,2,2,3,4,7,18,9,0,4,14,66,0,29,200,112,149,155,184,163,125,66,47,41,1,5,74,18,41,67,19,5,5,0,2,56,14,0,8,8,8,68,15,0,4,1,0,2,0,8,2,3,4,2,6,0,0,50,29,0,3,9,130,184,80,7,17,21,12,21,31,24,37,37,18,38,2,42,2,49,19,27,25,26,19,14,69,28,39,11,0,12,139,215,70,4,8,0,3,17,4,1,10,2,25,64,2,0,2,4,0,0,12,14,0,5,0,8,13,0,0,3,1,4,4,0,0,7,2,44,71,0,38,197,38,5,0,7,0,72,196,73,15,4,0,145,196,181,181,128,122,113,140,168,165,157,135,112,110,161,43,15,22,21,5,3,16,11,4,5,6,9,9,31,19,12,22,13,18,25,28,5,3,2,3,4,3,3,3,3,3,3,3,3,3,3,3,3,3,3,3,3,3,3,3,3,3,3,3,3,3,3,3,3,3,3,3,3,3,3,3,4,3,3,3,3,3,3,3,4,4,3,3,3,3,3,3,3,4,1,4,11,11,6,7,7,9,7,7,10,10,5,2,6,4,2,2,2,2,2,2,5,2,6,19,43,45,15,1,9,8,6,6,6,7,8,8,10,10,9,6,6,11,12,7,14,14,10,14,15,97,172,182,197,190,153,116,133,149,143,138,152,179,188,199,210,207,198,174
161,103,22,42,122,140,133,130,130,122,115,102,40,7,12,42,41,9,15,41,35,23,25,26,29,11,15,25,20,13,23,32,28,15,22,25,23,24,28,26,30,46,41,77,85,80,97,102,110,61,2,39,84,61,55,153,181,186,193,198,202,206,207,207,203,206,206,132,25,11,102,196,203,199,202,136,39,10,1,10,5,5,4,3,2,3,3,4,3,3,3,3,3,3,3,3,3,3,3,3,3,3,3,3,3,3,3,3,3,3,3,3,3,3,3,3,3,3,3,4,3,3,3,3,4,5,6,6,6,9,3,0,1,144,46,1,8,8,8,7,7,6,7,7,6,6,5,4,3,1,0,0,0,4,2,0,1,1,78,176,33,1,8,8,5,4,7,5,6,5,3,2,2,2,3,3,3,0,1,10,2,78,157,155,154,147,146,29,0,2,3,1,2,2,2,2,2,2,2,3,3,3,3,3,2,2,3,3,5,14,9,2,5,3,64,19,0,123,151,94,39,21,5,0,19,11,55,4,1,52,35,42,20,6,1,7,3,55,68,0,7,0,3,4,47,37,4,4,3,0,13,11,0,11,0,6,7,1,7,2,20,27,11,6,2,1,114,218,98,71,20,4,33,19,50,9,1,59,20,22,66,4,94,20,55,7,10,93,9,15,10,47,37,48,178,191,43,0,9,1,5,62,33,0,5,0,0,17,65,3,0,3,3,5,6,0,0,3,7,0,30,19,0,1,2,5,2,2,5,3,6,0,68,42,0,114,127,2,37,23,20,9,3,117,130,0,1,20,170,184,192,172,153,154,153,175,189,189,179,160,133,133,158,32,30,41,36,19,11,2,7,8,5,1,2,27,15,10,14,17,37,37,14,15,5,3,2,3,4,3,3,4,3,3,3,3,3,3,3,3,3,3,3,3,3,3,3,3,3,3,3,3,3,3,3,3,3,3,3,3,3,3,3,3,4,4,3,3,3,3,3,3,4,3,3,3,3,3,3,3,3,2,2,3,5,5,6,8,5,7,7,8,11,10,6,4,6,6,5,3,1,1,2,3,2,1,6,1,30,63,35,8,6,6,7,9,8,6,7,10,9,9,6,6,10,11,9,8,20,9,14,8,60,142,147,127,133,156,164,157,173,183,185,181,169,187,201,204,192,182,175,159
161,133,36,19,110,142,135,130,135,124,122,116,51,19,30,63,67,46,48,72,70,47,43,60,64,60,61,55,52,43,53,66,59,46,59,59,53,52,62,61,57,68,71,78,80,83,96,101,111,90,34,40,100,94,27,102,178,182,187,193,199,205,208,209,207,210,205,187,78,12,27,129,208,201,203,214,124,2,2,1,7,6,5,3,2,2,3,4,3,3,3,3,3,3,3,3,3,3,3,3,3,3,3,3,3,3,3,3,3,3,3,3,3,3,3,3,3,3,4,4,3,3,2,3,4,6,6,6,6,1,6,14,0,123,80,0,7,6,5,4,5,7,6,4,6,6,6,5,5,7,8,9,13,14,14,1,10,10,0,153,97,3,4,6,5,5,6,6,7,5,3,2,2,2,2,2,5,8,2,6,3,90,163,150,147,145,129,8,1,5,0,2,2,2,2,1,2,2,3,3,3,3,3,3,2,2,3,3,10,9,8,8,6,0,57,39,5,0,0,3,21,8,18,24,42,105,59,31,2,27,68,25,23,1,5,11,0,98,49,1,0,3,1,3,3,14,4,2,5,0,54,22,3,3,1,3,4,2,4,0,15,38,5,2,4,5,1,57,187,188,51,15,1,13,17,34,39,66,25,13,66,14,25,10,34,30,2,76,36,54,4,46,133,216,138,16,2,8,2,8,12,81,20,3,4,3,4,1,31,28,1,3,3,2,20,10,4,2,3,0,24,7,3,6,0,5,0,5,1,3,0,24,82,0,6,142,155,57,27,22,23,12,2,135,121,3,1,67,188,177,182,177,179,176,176,186,186,195,187,176,150,147,156,41,32,20,25,56,37,28,22,6,2,7,5,4,21,14,9,21,20,34,46,37,4,3,2,3,3,2,3,5,3,3,3,3,3,3,3,3,3,3,3,3,3,3,3,3,3,3,3,3,3,3,3,3,3,3,3,3,3,3,3,3,4,4,4,3,3,3,3,3,4,3,3,3,2,2,3,3,5,4,5,5,1,2,7,11,8,4,4,10,13,7,5,10,6,7,7,5,2,2,3,4,2,4,2,6,5,26,52,34,4,6,10,15,13,8,11,17,8,11,10,10,14,12,11,16,14,18,19,36,152,192,170,119,97,144,188,202,208,208,219,215,204,184,178,168,151,155,156,131
164,155,48,9,89,143,138,127,130,134,125,118,103,82,90,106,98,101,92,100,95,99,87,92,90,89,85,81,80,75,71,72,67,64,63,65,70,69,73,68,70,79,84,80,84,84,86,103,113,104,56,11,49,83,73,60,148,184,182,190,197,202,205,203,210,202,208,205,162,45,1,47,156,205,211,178,72,55,83,22,0,11,8,4,2,6,0,6,2,5,6,4,2,2,2,3,3,3,3,3,3,3,3,3,3,3,3,3,3,3,3,3,3,3,3,3,3,3,3,3,3,3,2,2,3,6,6,5,8,3,7,11,0,87,106,0,13,0,9,8,3,7,2,6,7,5,3,4,6,8,8,6,0,103,175,15,5,11,0,118,130,1,8,7,2,3,8,5,6,5,3,2,2,2,2,3,3,4,2,9,7,104,158,142,138,142,110,2,5,4,0,4,2,2,2,2,2,2,2,2,2,3,3,3,3,3,3,2,10,10,17,3,5,1,29,58,17,28,34,23,47,57,10,10,167,157,27,40,1,2,71,16,4,0,4,3,0,75,52,3,0,6,2,1,5,3,9,5,0,30,75,6,6,2,0,5,2,4,3,0,14,23,5,1,2,4,3,1,17,121,187,176,81,35,0,5,80,3,45,56,2,50,35,22,3,27,27,43,2,72,137,197,174,59,5,0,11,0,8,0,12,83,6,4,4,6,2,3,5,8,5,5,0,20,52,0,6,0,4,0,14,30,6,2,1,0,4,1,1,5,0,60,64,0,0,26,118,172,163,99,18,5,6,185,53,3,1,107,188,177,186,181,179,173,180,191,193,195,196,189,177,183,108,16,29,5,11,11,18,44,43,43,49,21,9,6,9,20,15,16,17,10,40,38,5,3,3,4,3,1,2,3,3,3,3,3,3,3,3,3,4,3,3,3,3,3,3,3,3,3,3,3,3,3,3,4,3,3,3,3,3,3,3,3,4,4,4,4,3,3,4,4,3,3,3,4,5,5,4,3,3,4,5,5,5,4,4,4,8,5,5,4,8,9,4,5,6,6,5,5,5,4,3,2,2,3,1,3,6,7,28,63,40,1,16,7,9,4,9,12,6,9,6,12,18,13,13,20,9,21,22,123,196,212,209,178,124,145,194,210,212,214,217,212,222,195,155,121,130,142,134,145
124,99,35,3,83,141,139,145,127,136,132,132,122,126,113,116,117,106,105,107,102,101,103,97,94,96,94,88,84,81,77,75,71,71,71,68,72,71,73,78,76,78,78,87,82,85,94,98,102,117,86,18,58,146,121,46,109,176,180,185,193,199,202,208,205,212,208,208,203,125,33,3,50,153,170,73,40,113,169,153,71,0,0,7,9,5,4,2,4,0,0,2,4,4,3,4,3,3,3,3,3,3,3,3,3,3,3,3,3,3,3,3,3,3,3,3,3,3,3,3,3,3,2,2,3,5,6,5,4,8,1,9,2,57,129,3,7,8,2,7,4,5,15,3,0,4,8,8,5,3,5,8,6,81,201,53,0,10,9,78,160,6,2,7,6,4,6,6,6,5,4,2,2,2,2,3,5,5,2,8,7,102,152,134,135,137,97,0,3,4,1,3,2,2,2,2,2,2,2,2,2,3,3,3,3,3,3,2,7,13,13,4,9,0,10,74,19,8,1,45,176,184,127,147,158,2,29,54,2,2,49,52,0,4,4,1,0,36,62,2,5,0,5,11,25,8,0,2,4,26,72,0,4,3,5,0,4,0,5,7,3,2,5,12,31,15,1,16,1,1,34,109,180,184,123,79,40,2,13,34,1,27,0,1,10,46,117,121,172,204,159,70,5,0,6,7,0,3,4,3,3,75,27,0,2,0,3,4,5,5,3,5,3,43,39,0,4,3,2,2,4,12,2,2,2,4,2,4,2,9,4,95,22,8,11,1,2,5,71,145,181,111,123,169,2,0,13,149,184,186,179,179,178,179,177,188,192,196,193,187,183,193,75,10,34,3,1,10,16,20,24,43,46,40,38,23,10,13,29,38,13,17,39,36,7,5,1,0,2,6,4,0,3,3,3,3,3,3,3,3,3,3,3,3,3,3,2,2,3,3,3,3,3,4,4,4,5,5,5,4,4,3,3,2,4,4,4,4,3,3,3,4,4,4,4,4,4,4,3,2,2,3,4,4,4,3,4,4,4,5,8,5,6,6,3,7,8,10,11,8,4,1,1,3,1,5,3,2,4,2,11,31,59,21,1,9,14,8,12,13,11,13,11,11,14,16,14,10,12,15,72,162,204,216,217,207,182,129,141,189,212,213,212,209,193,175,140,120,132,128,128,171
35,6,3,13,94,151,155,141,147,144,130,130,123,133,122,120,114,107,106,103,103,104,106,99,97,92,89,92,91,85,80,80,80,75,77,75,78,77,71,81,76,77,78,82,83,84,88,91,104,106,105,50,27,82,81,32,54,153,173,184,187,189,202,197,208,199,208,204,211,194,95,12,33,113,104,61,145,162,134,167,171,107,31,5,5,7,7,2,7,5,3,3,4,3,2,2,4,4,4,3,3,3,3,3,3,3,3,3,3,3,3,3,3,3,3,3,3,3,3,3,3,3,3,2,3,5,6,5,4,10,2,5,3,21,143,9,6,8,3,2,8,4,0,8,4,5,5,5,4,5,7,9,1,50,197,74,3,9,2,54,182,20,1,6,7,5,5,5,6,5,4,3,2,2,2,2,6,5,2,7,7,99,144,126,127,129,83,0,2,3,1,2,2,2,2,2,2,2,2,2,2,3,3,3,3,3,3,2,5,12,10,8,9,2,0,67,37,6,1,173,103,2,133,186,13,15,17,48,28,1,8,74,3,11,0,11,5,6,6,10,7,3,0,74,53,1,1,2,1,9,48,4,7,0,3,1,3,9,7,0,1,3,7,17,28,31,7,1,9,8,3,2,17,77,140,169,195,174,154,135,133,136,147,158,175,187,194,167,114,48,0,3,3,2,2,0,1,10,0,3,0,19,42,8,6,0,1,32,18,0,6,1,0,32,49,0,5,6,0,5,2,0,2,3,2,5,0,4,6,0,50,78,0,8,20,23,17,14,1,2,30,88,141,44,0,5,61,183,177,188,178,181,179,183,176,187,191,190,189,187,184,180,36,14,23,1,5,4,4,12,8,21,75,34,18,35,30,33,26,16,45,44,29,41,6,3,2,3,2,0,2,7,3,3,3,3,3,3,3,3,3,3,3,3,3,2,2,2,3,3,3,3,4,4,4,4,6,5,5,5,4,4,3,3,3,4,4,4,3,3,4,4,4,4,3,4,4,4,3,3,2,3,3,3,2,3,3,4,3,5,9,6,5,8,6,7,9,8,7,6,6,6,4,3,0,5,4,2,4,3,2,8,33,66,22,10,14,10,10,19,13,13,8,8,13,8,6,16,8,55,143,177,183,205,216,213,214,185,138,136,183,208,195,201,179,142,132,143,143,148,158,157
16,42,29,35,125,158,157,155,147,139,131,135,133,125,127,121,118,114,110,113,102,109,105,96,99,95,94,95,94,90,85,81,87,73,79,73,74,80,73,72,71,79,80,67,86,88,82,99,98,99,112,86,15,23,60,49,25,113,173,176,180,190,196,204,201,207,208,211,205,213,190,68,121,203,185,147,195,196,161,136,182,202,168,116,31,0,11,6,4,7,6,2,0,3,5,4,3,3,3,3,3,3,3,3,3,3,3,3,3,3,3,3,3,3,3,3,3,3,3,3,3,3,3,2,2,4,5,5,6,3,8,2,2,3,141,32,0,4,9,3,5,10,2,3,8,6,4,4,5,5,4,3,3,24,187,109,1,11,5,24,177,39,1,5,4,6,6,5,6,5,4,3,2,2,2,2,4,3,1,6,5,97,137,121,117,122,73,3,2,2,2,3,2,2,2,2,2,2,2,2,2,3,3,3,3,3,3,2,5,8,11,13,4,6,1,30,73,2,8,183,64,0,65,198,39,19,2,41,42,5,2,46,35,0,0,4,0,6,9,2,3,6,11,104,22,6,1,5,1,5,21,8,2,1,0,4,51,13,0,1,10,4,0,13,21,14,16,12,1,1,3,2,1,0,0,7,38,64,96,121,129,134,122,108,86,54,27,2,0,0,7,12,1,1,40,19,3,0,10,4,0,0,15,9,7,1,17,62,13,2,3,1,0,5,44,6,2,5,0,3,6,0,3,4,1,3,2,2,4,7,82,17,6,4,2,24,8,15,7,7,0,4,16,1,5,0,123,186,180,187,181,178,182,183,181,187,189,182,188,184,174,148,9,20,7,1,9,2,5,2,9,18,57,10,2,15,32,50,31,14,11,40,21,23,9,4,1,3,6,5,3,3,3,3,3,3,3,3,3,3,3,3,3,3,3,3,3,3,3,3,3,3,3,4,4,4,4,4,4,4,4,5,5,5,3,3,4,4,3,3,4,5,2,2,3,3,4,4,5,5,4,4,4,3,2,2,3,4,5,4,8,6,8,13,9,6,7,5,4,5,7,7,6,4,1,4,2,0,4,5,4,5,9,41,62,7,8,15,13,11,12,9,13,11,7,15,16,7,53,139,196,190,175,185,203,211,211,216,186,146,136,165,170,164,154,130,134,158,167,177,179,154
30,115,130,120,163,163,150,150,148,141,144,136,127,128,126,119,121,107,104,115,108,104,99,97,93,97,100,95,88,86,79,67,78,70,81,54,43,59,60,36,35,53,42,37,52,52,33,39,46,96,116,114,47,8,47,68,37,52,156,174,178,191,180,195,205,200,182,167,168,177,200,125,108,205,180,168,199,197,184,188,194,200,205,201,168,58,0,7,4,4,5,8,8,4,1,0,3,3,3,3,3,3,3,4,3,3,3,3,3,3,3,3,3,3,3,3,3,3,3,3,3,4,3,2,2,4,5,5,5,1,8,4,5,2,127,69,8,6,0,8,2,0,13,4,1,4,8,9,9,8,8,8,8,12,163,135,0,9,8,8,161,65,1,6,4,5,6,6,6,5,4,3,2,2,2,2,3,2,2,5,4,93,130,117,112,115,64,2,2,2,3,2,2,2,2,2,2,2,2,2,2,3,3,3,3,3,3,2,4,7,12,14,5,6,7,0,79,7,0,122,158,1,2,156,107,93,187,151,28,21,1,15,57,8,10,2,10,40,4,0,0,6,9,97,14,3,1,4,7,0,2,7,5,7,0,39,89,3,1,7,2,4,5,4,21,14,8,4,0,16,0,1,4,7,1,5,0,0,0,3,0,0,6,1,1,1,0,5,7,4,2,0,0,8,62,72,0,8,0,3,8,19,4,0,2,1,33,75,0,7,0,4,4,1,9,14,0,4,5,4,5,1,1,4,2,1,7,1,5,47,62,0,21,127,128,136,130,124,104,117,119,105,68,5,3,31,171,176,183,184,182,179,181,180,187,185,188,183,189,169,174,115,1,22,5,2,1,6,7,4,8,17,8,4,4,1,10,17,46,53,32,13,26,30,3,6,6,3,2,4,4,1,3,3,3,3,3,3,3,3,3,3,3,3,3,3,3,3,3,3,3,3,3,3,3,3,4,4,4,4,4,4,4,4,3,4,4,4,4,4,4,5,3,3,3,3,3,4,5,5,4,4,4,3,3,4,5,6,7,5,10,9,7,11,9,6,4,7,10,8,4,2,4,8,5,3,0,0,2,2,2,4,4,12,36,59,10,13,21,9,14,16,10,12,23,14,9,41,140,193,207,214,198,181,180,204,213,213,212,196,145,125,132,139,118,138,171,190,178,168,171,165
35,108,180,169,158,162,160,156,152,146,150,125,96,120,108,105,98,91,71,70,99,63,41,64,62,49,51,63,62,51,39,28,32,47,70,26,11,31,45,9,31,44,12,26,24,31,12,6,21,97,108,118,87,15,44,125,100,26,100,170,164,161,181,155,158,189,143,119,135,112,139,77,28,69,112,183,204,208,202,205,200,202,201,190,172,162,132,61,22,6,0,4,6,1,2,11,3,3,3,3,3,4,4,4,3,3,3,3,3,3,3,3,3,3,3,3,3,3,3,3,3,4,3,2,2,3,5,5,3,6,3,7,8,0,97,101,0,11,7,4,20,19,1,2,3,1,0,0,0,0,0,0,0,0,124,160,12,1,1,3,139,97,0,7,8,3,4,6,5,5,4,3,2,2,2,2,3,3,3,5,3,89,121,110,110,107,57,0,2,3,3,0,2,2,2,2,2,2,2,2,2,3,3,3,3,3,3,2,1,11,11,12,12,2,6,0,57,51,0,36,190,40,56,146,205,157,76,11,41,31,5,1,33,42,0,0,71,76,0,8,1,3,0,63,40,0,3,3,0,7,15,4,4,7,0,59,67,1,3,3,1,4,7,1,4,8,8,1,56,39,0,4,0,2,3,1,8,2,8,0,9,4,3,2,5,0,8,3,5,0,2,6,9,0,8,48,13,4,9,0,41,42,0,8,1,4,14,77,10,3,4,0,2,2,0,7,3,5,1,18,5,2,1,3,3,0,6,0,4,83,9,2,5,176,153,82,102,101,182,116,122,109,4,9,0,98,185,173,180,182,178,182,179,179,189,180,186,189,184,156,184,72,6,28,6,4,2,7,3,8,3,3,1,3,0,5,2,17,11,34,42,50,34,13,5,1,0,4,4,0,1,6,3,3,3,3,3,3,3,3,3,3,4,4,4,4,4,4,3,3,3,3,3,3,4,4,4,4,4,4,4,3,3,3,3,4,4,4,4,3,4,4,5,5,4,3,3,3,4,4,3,4,4,4,4,5,7,8,5,5,15,14,4,4,6,8,5,7,9,8,7,6,8,10,6,3,2,3,2,0,1,4,4,9,14,52,64,13,14,7,17,15,9,10,17,6,40,135,194,201,202,216,209,201,176,179,198,218,216,212,196,152,118,119,137,166,184,177,167,162,148,133
41,75,168,171,166,166,159,162,155,148,144,122,67,52,36,29,41,47,22,23,79,48,16,45,34,10,12,36,42,29,19,15,9,34,59,13,9,23,54,34,51,48,23,32,39,53,34,49,41,99,106,109,118,50,17,77,59,17,55,149,119,62,100,84,67,132,160,138,157,165,136,32,2,17,133,212,199,201,208,204,205,197,187,169,88,98,169,177,171,102,28,0,1,7,5,2,5,5,5,4,4,4,3,3,3,3,3,3,3,3,3,3,3,3,3,3,3,3,3,3,3,4,4,2,2,3,5,5,3,9,1,5,7,0,60,128,3,9,2,2,99,183,163,160,141,129,110,91,74,57,41,31,19,3,98,172,20,0,13,0,104,124,0,5,7,3,5,6,5,5,4,3,3,2,2,2,4,3,4,5,4,88,113,100,101,100,61,0,3,2,3,1,2,2,2,2,2,2,2,2,2,3,3,3,3,3,3,2,1,9,11,12,15,5,4,4,15,72,4,0,145,206,165,106,19,3,10,29,34,38,5,3,5,74,53,28,92,22,11,0,4,0,6,6,20,8,2,3,3,66,31,0,0,6,0,25,40,1,2,4,7,1,4,4,0,2,5,0,73,22,0,7,5,5,3,3,2,1,3,6,1,1,9,3,1,8,1,15,13,1,2,0,4,6,3,1,7,4,9,13,94,24,1,3,4,7,0,49,28,0,9,0,3,11,10,0,8,6,0,25,13,1,4,2,4,0,2,5,56,70,7,7,1,13,175,92,0,90,179,0,10,36,0,4,16,148,174,177,180,180,176,176,181,182,186,181,184,185,169,167,167,28,14,22,3,5,9,4,7,0,4,4,5,0,3,3,1,2,6,12,23,27,59,67,30,13,1,4,9,6,2,2,3,3,3,3,3,3,3,3,3,3,3,3,4,4,4,4,4,4,4,4,4,4,4,4,4,4,4,4,4,3,3,3,2,3,4,4,3,3,3,3,6,6,5,4,3,3,4,5,3,4,4,4,4,4,5,6,4,3,16,16,5,3,7,11,8,5,4,6,11,13,11,8,6,3,4,4,2,2,3,4,3,5,5,10,59,62,6,5,13,7,21,12,10,69,144,192,206,208,208,209,207,218,196,176,173,198,212,214,214,198,162,114,140,189,188,146,141,145,140,161
70,52,152,178,170,164,170,157,157,150,144,147,89,23,31,28,34,34,18,28,61,55,27,23,42,34,41,52,51,51,53,49,48,62,69,20,23,21,64,70,50,47,61,54,83,79,34,69,73,83,86,80,116,78,11,38,96,71,30,101,139,81,59,78,95,121,187,194,190,210,169,36,1,47,171,206,201,205,207,201,201,198,150,67,59,116,177,201,201,199,176,125,61,15,0,2,7,6,6,5,4,4,3,3,3,3,3,3,3,3,3,3,3,3,3,3,3,3,3,3,2,4,4,2,1,3,4,5,3,6,5,2,7,2,35,150,7,5,8,0,16,47,61,77,99,108,121,134,144,152,158,161,163,154,159,179,33,4,10,0,70,139,3,2,3,3,8,4,5,4,4,3,3,2,2,2,3,2,4,5,6,88,109,95,91,96,70,6,4,1,1,4,2,2,2,2,2,2,2,2,2,3,3,3,3,3,3,2,3,3,12,14,11,11,6,4,3,70,35,0,26,49,9,0,33,60,15,13,29,19,35,4,0,25,83,61,107,34,0,7,2,5,0,2,8,4,6,1,30,99,0,2,9,1,1,8,22,5,5,1,2,11,34,10,13,12,1,10,42,8,5,0,3,0,6,0,7,4,1,0,29,54,0,4,2,2,1,19,40,0,3,6,3,0,32,8,3,3,0,14,105,14,2,2,2,3,6,3,14,4,2,4,14,36,1,4,0,4,0,15,19,1,5,0,4,4,1,16,85,0,3,26,16,0,28,194,102,174,82,2,81,64,4,2,83,186,170,175,175,172,179,174,186,186,182,186,182,176,154,189,126,4,13,1,4,5,6,6,6,6,5,6,0,6,2,4,6,3,3,5,6,4,25,45,38,48,40,13,0,1,6,3,3,3,3,3,3,3,3,3,3,3,3,3,3,3,4,4,4,4,4,4,5,5,5,5,3,3,3,4,4,4,5,5,2,3,3,3,3,2,2,2,5,5,5,4,3,3,5,6,5,5,5,4,3,2,2,3,5,1,12,17,8,7,10,14,9,8,7,8,10,10,9,7,7,6,6,3,0,1,3,0,2,4,6,11,11,69,63,11,8,17,16,9,69,166,206,207,209,216,213,210,210,209,208,199,181,177,195,209,210,211,210,168,135,156,179,161,150,168,184,202
115,30,112,181,172,167,174,161,160,151,159,151,128,98,103,96,91,95,93,88,84,80,62,81,89,63,53,49,42,69,61,61,85,91,49,15,46,31,19,54,60,30,58,97,91,46,1,18,47,28,35,66,112,113,38,28,77,65,28,56,147,108,91,139,174,180,196,199,205,204,141,15,5,73,187,200,203,209,200,200,182,169,180,139,122,181,203,200,194,197,189,179,181,136,73,13,6,0,4,10,6,2,11,2,5,2,3,5,4,4,4,3,2,3,3,2,2,4,5,4,0,8,2,5,3,6,1,4,0,8,1,3,2,4,6,148,51,1,0,0,4,0,4,0,1,1,1,1,1,10,24,33,47,59,75,58,17,1,4,0,42,155,9,0,7,2,2,3,5,5,4,3,2,2,2,3,2,2,5,3,9,92,105,91,90,90,57,4,1,2,2,3,2,2,2,2,2,2,2,2,2,2,3,3,3,3,3,3,4,5,7,11,11,8,5,5,4,22,67,4,2,9,10,127,180,178,158,26,20,32,28,19,0,4,66,2,62,61,1,3,0,0,16,33,7,3,7,0,40,83,0,2,4,0,5,2,5,1,3,12,1,61,80,5,38,30,7,4,14,5,6,0,2,1,5,13,6,1,3,3,45,78,1,0,8,1,0,17,18,8,8,4,0,42,66,4,1,5,0,3,96,31,5,5,4,5,1,10,1,3,4,0,35,28,0,7,0,0,6,1,6,1,5,1,3,4,0,70,31,0,0,9,21,18,2,24,159,156,8,57,71,2,3,10,151,165,176,176,170,169,173,176,180,189,189,178,185,170,152,195,78,7,14,11,6,8,2,4,7,6,0,6,6,0,4,3,6,2,3,2,4,7,3,3,10,24,42,46,30,7,1,2,3,5,3,2,5,2,1,6,3,3,3,3,2,2,3,4,3,3,4,4,4,4,3,3,4,5,5,4,3,3,4,4,4,4,4,3,3,3,3,3,3,4,3,2,3,5,6,6,4,3,7,5,1,3,4,5,6,7,9,9,8,6,8,11,5,6,10,10,6,5,6,5,5,7,8,7,4,2,1,1,3,2,8,2,9,18,73,68,8,14,17,69,175,209,207,208,214,214,207,209,210,206,208,212,209,186,175,196,210,215,222,211,174,135,147,149,169,200,208,216
137,33,82,173,178,170,172,169,166,164,161,151,152,140,140,142,135,132,135,134,123,120,112,122,99,44,55,47,12,37,28,25,58,84,44,11,56,36,6,31,69,40,36,100,73,21,24,21,35,42,35,88,97,120,74,9,54,121,93,37,102,153,156,178,182,184,189,195,199,195,106,3,7,99,203,204,205,202,200,185,72,80,152,180,178,197,202,195,194,203,171,70,77,126,162,110,47,69,16,0,5,2,9,8,8,5,4,2,0,1,5,4,3,4,6,6,4,2,2,2,4,3,3,0,2,4,27,5,8,5,3,6,5,6,1,50,147,83,29,18,17,8,3,0,3,1,0,1,3,3,1,0,0,0,2,4,1,7,12,2,26,147,37,3,3,3,12,3,4,5,4,3,2,2,2,3,3,1,5,3,9,87,95,87,83,80,40,0,1,3,3,2,2,2,2,2,2,2,2,2,2,2,3,3,3,3,3,3,2,2,5,9,11,9,7,7,3,4,76,28,21,8,79,184,24,0,158,160,11,4,6,29,5,0,17,29,2,38,9,2,5,7,89,41,0,0,0,4,14,73,3,2,3,2,0,7,6,6,0,5,1,82,45,1,13,14,18,10,2,2,1,6,6,0,59,25,2,4,6,0,18,48,0,4,1,1,7,1,6,7,3,7,4,84,43,0,3,3,7,0,24,45,0,3,5,0,31,12,1,4,0,2,32,49,0,3,9,0,1,1,0,6,3,1,11,0,40,64,1,1,49,114,54,13,27,0,19,179,115,69,24,2,0,77,176,176,173,167,164,167,174,180,187,184,182,186,180,165,177,171,29,18,14,1,7,2,10,6,2,6,9,0,1,1,2,0,1,1,5,2,1,2,3,9,6,7,13,26,42,45,30,13,1,1,5,5,0,4,7,0,3,3,3,3,4,4,3,2,3,3,4,4,4,4,3,3,4,5,5,4,3,3,4,5,5,4,4,4,4,4,4,4,3,3,3,2,3,4,5,5,4,1,3,4,2,3,6,9,8,5,4,6,9,9,8,7,6,5,8,9,7,6,7,5,5,10,14,13,8,3,2,3,7,1,1,4,4,3,26,79,60,11,28,125,208,207,213,215,206,214,212,214,216,211,210,211,211,208,190,179,195,209,209,213,207,182,141,122,159,204,218,211
148,40,73,177,181,179,173,172,163,167,166,157,161,155,145,144,144,136,136,140,131,131,127,120,96,40,56,49,13,41,25,2,40,91,73,37,67,57,42,61,64,36,65,94,78,77,81,87,85,88,104,107,109,115,102,43,35,100,86,18,60,158,171,178,183,185,184,192,195,181,64,1,20,130,205,201,196,199,193,166,135,71,89,149,193,203,204,200,182,161,180,117,69,163,133,61,105,194,166,52,7,14,0,17,10,10,11,10,6,5,4,0,3,2,2,4,4,3,4,7,3,4,3,5,3,21,127,16,2,2,3,4,7,7,6,2,26,89,111,114,108,121,118,103,100,93,82,71,60,48,35,26,17,8,1,0,0,4,3,1,3,152,46,0,5,10,0,7,4,5,4,3,2,2,2,2,4,1,4,2,11,82,81,80,78,69,19,0,2,4,3,2,2,2,2,2,2,2,2,2,2,2,3,3,3,3,3,3,3,3,5,9,13,13,11,10,6,1,37,58,11,1,117,150,2,1,24,202,54,53,173,81,22,0,0,33,22,19,7,6,5,16,101,10,6,4,4,0,6,31,11,3,2,2,7,55,15,0,12,0,3,62,32,2,8,21,32,5,0,9,2,5,1,19,100,12,3,1,0,7,7,27,6,0,7,3,2,46,14,2,4,0,1,100,24,6,6,4,1,4,0,13,7,7,4,14,52,5,5,0,5,0,8,53,13,0,4,5,5,2,3,1,7,3,0,27,66,0,0,47,188,122,174,93,12,21,1,13,181,80,9,8,10,151,178,175,169,164,162,166,174,181,185,183,190,188,163,149,195,126,8,31,5,16,7,11,4,9,4,0,7,4,4,8,3,8,6,1,2,2,3,5,2,4,2,4,6,8,15,28,41,48,26,9,0,2,6,6,5,3,2,2,2,2,4,4,3,2,3,3,4,4,4,4,3,3,4,5,5,4,4,3,4,5,5,4,4,4,4,4,5,5,3,4,4,3,3,3,4,3,8,4,5,7,5,5,7,8,11,7,5,6,9,9,7,6,6,4,6,8,7,8,7,4,5,8,11,11,8,4,2,2,1,4,9,6,1,10,6,30,81,76,65,70,146,184,205,210,212,214,206,209,217,216,214,213,216,215,211,179,164,191,209,215,215,207,161,132,133,151,180,205
160,52,64,173,181,184,175,174,176,168,169,166,159,161,156,149,148,152,150,147,137,132,131,126,119,79,66,62,57,88,89,76,83,109,107,90,100,99,96,96,84,76,98,100,114,117,112,102,98,105,116,112,111,111,122,75,19,29,60,37,23,108,167,168,178,182,183,188,192,157,30,6,33,155,203,203,209,160,75,139,186,164,174,196,200,200,199,184,124,61,101,141,132,126,85,129,138,125,129,91,142,148,66,3,0,0,1,5,6,6,8,8,6,5,4,5,6,4,3,3,3,4,3,7,1,42,194,25,1,10,7,2,6,1,6,5,0,11,0,3,5,17,24,38,45,55,71,87,100,108,112,114,109,112,112,107,97,83,73,69,123,140,7,1,5,0,10,4,4,4,4,4,2,2,2,2,4,1,4,1,17,81,72,73,77,64,7,0,3,3,3,1,2,2,2,2,2,2,2,2,2,2,2,3,3,3,3,3,5,4,5,8,13,15,13,11,9,10,1,68,25,6,61,192,27,3,5,79,174,195,109,18,34,16,3,0,46,22,0,5,0,17,89,2,2,1,6,3,0,0,13,3,3,2,49,91,8,0,2,8,1,24,20,2,1,7,9,7,20,9,1,0,1,37,75,0,13,2,7,1,1,5,10,3,4,5,44,71,0,1,3,8,1,58,74,0,1,0,4,3,14,0,7,1,1,31,67,0,4,0,5,3,0,16,10,7,3,2,0,9,2,4,0,2,5,57,27,9,10,194,86,5,71,180,0,2,3,1,23,18,0,0,82,179,163,167,167,162,160,165,176,183,188,183,189,171,158,162,188,63,19,31,14,18,12,7,2,5,8,3,0,5,0,7,0,2,3,2,7,6,3,2,0,5,4,3,5,5,2,5,20,37,43,60,41,7,0,0,0,8,5,4,3,3,3,4,3,3,3,3,3,4,4,4,4,4,4,4,5,4,4,3,4,4,4,4,4,4,4,4,5,5,4,5,5,4,3,4,3,2,4,4,3,5,4,4,7,4,10,9,8,7,6,5,5,6,5,4,6,7,7,8,8,6,7,5,4,6,8,9,6,2,7,3,3,2,4,3,7,3,22,100,173,111,45,75,130,176,196,212,213,209,212,215,218,215,215,208,191,137,102,135,179,191,196,170,148,151,152,153,152,166
183,86,29,129,182,182,178,179,184,170,169,172,167,168,167,161,154,156,147,144,148,142,136,134,133,117,108,115,123,129,118,113,119,114,115,112,101,102,102,105,110,103,107,104,103,93,93,101,67,69,108,83,71,90,103,71,11,25,56,38,9,65,157,173,175,176,181,180,187,124,8,6,58,184,202,197,173,130,73,66,108,165,204,209,196,197,170,115,61,65,114,159,100,44,144,218,192,90,46,150,199,201,162,125,104,63,22,3,1,3,6,6,4,5,5,2,1,1,3,4,5,1,3,1,4,72,198,54,1,10,5,2,5,3,0,5,8,4,5,6,6,6,0,0,1,2,2,0,0,0,3,7,17,24,32,43,57,68,82,95,87,19,2,1,7,6,5,2,4,4,4,4,3,2,2,2,2,2,4,1,32,86,72,71,76,60,1,3,4,1,2,1,2,2,2,2,2,2,2,2,2,2,2,3,3,3,3,4,4,3,3,6,11,14,13,11,2,10,1,23,57,1,2,167,111,7,117,179,124,27,3,13,22,31,2,2,7,43,7,1,5,5,74,29,0,4,1,0,7,16,4,1,6,0,82,79,0,7,0,5,4,4,8,3,4,2,2,70,58,9,7,7,0,9,68,10,0,7,0,5,2,17,6,2,7,1,80,47,3,12,0,3,2,4,63,22,4,5,0,42,33,3,4,0,2,18,69,5,0,6,0,9,4,0,2,7,2,4,2,3,5,0,9,2,43,54,0,0,113,154,3,0,76,209,135,107,87,55,55,0,5,26,164,164,162,167,165,157,155,167,181,188,186,186,187,169,165,184,152,25,23,41,18,5,3,3,5,3,2,10,4,1,2,9,13,5,4,1,2,2,4,6,2,2,6,2,1,4,6,4,5,9,16,50,55,34,23,12,1,2,4,4,4,4,4,3,3,3,3,3,3,3,4,4,4,4,3,4,4,4,4,3,4,4,4,4,4,4,4,4,5,5,5,6,6,5,4,5,4,3,1,5,3,4,5,10,18,11,9,8,7,5,4,5,5,5,5,4,6,8,6,6,8,7,10,8,6,8,12,13,11,7,8,2,1,1,10,0,1,11,5,17,146,211,158,77,42,69,120,165,202,215,212,211,216,213,211,198,122,47,28,46,95,147,173,150,132,161,195,200,162,132
190,142,22,67,173,184,185,182,175,178,175,175,176,168,167,160,166,162,161,151,149,150,147,131,122,128,122,103,106,120,101,82,91,113,118,94,63,74,60,68,67,40,67,71,39,60,42,75,64,46,81,25,11,35,32,53,67,10,54,117,59,27,128,162,170,171,176,174,176,89,3,7,84,189,201,201,156,107,142,143,143,202,201,199,211,158,112,133,96,140,146,112,77,96,131,160,130,81,157,206,191,186,192,191,198,189,166,118,52,4,1,4,3,5,7,8,6,4,3,2,2,2,2,3,3,98,211,86,0,2,3,5,0,8,5,3,8,0,7,4,5,5,5,11,2,4,7,9,10,9,6,4,1,1,1,2,3,1,0,2,1,1,11,5,8,1,3,7,4,4,5,4,3,2,2,2,2,2,4,2,50,87,75,73,71,55,1,4,3,0,3,1,2,2,2,2,2,2,2,2,2,2,2,2,3,3,4,4,3,2,2,5,10,14,15,13,11,9,12,1,48,23,0,38,193,180,173,50,2,12,26,34,21,20,24,1,5,15,36,6,3,0,21,25,7,10,0,4,76,40,0,3,9,0,52,66,0,5,7,0,2,6,6,5,5,5,8,115,49,0,5,2,4,3,16,15,4,5,7,0,56,16,4,7,3,0,82,61,0,4,6,5,5,1,0,16,6,9,5,88,32,0,4,4,4,0,34,16,1,7,1,3,3,11,2,0,1,5,10,1,4,0,7,33,58,14,0,55,218,37,0,31,187,95,95,121,157,64,0,11,0,107,175,164,164,163,158,153,158,172,184,189,184,189,185,181,171,183,105,19,33,53,6,3,5,9,9,7,0,7,10,2,12,9,29,23,10,7,7,2,2,6,2,1,2,4,4,2,1,2,4,4,2,2,15,36,43,35,21,10,1,2,2,2,3,4,4,4,3,3,3,3,3,4,4,4,3,4,4,4,4,4,4,4,4,4,4,4,4,4,4,5,5,6,6,5,5,6,6,5,4,8,3,5,6,11,23,18,10,7,4,4,7,10,9,7,5,5,7,8,5,6,8,7,7,9,11,12,11,10,10,10,7,2,7,4,1,8,1,4,8,11,24,167,222,187,140,62,34,62,117,178,204,208,215,214,186,131,41,23,47,31,28,61,107,143,154,189,212,187,156,138
185,182,66,31,151,191,187,182,178,187,182,176,179,173,172,138,109,120,156,125,85,110,125,79,58,104,85,33,36,68,61,24,73,120,126,84,48,77,32,19,34,3,19,50,17,47,20,21,69,48,26,19,11,26,17,58,102,37,38,94,51,4,102,158,161,167,173,171,156,53,4,10,111,199,184,143,162,121,117,207,212,201,203,196,166,104,112,149,96,133,87,83,177,213,137,45,84,169,198,190,197,189,192,192,189,189,194,196,180,144,96,60,21,6,1,1,7,8,5,5,4,7,2,8,0,107,217,109,3,5,5,7,0,4,8,3,5,5,7,0,3,4,4,1,5,2,0,0,2,3,3,3,3,4,4,3,2,4,7,9,12,5,0,6,6,8,1,3,4,4,5,4,3,2,2,2,2,2,2,5,63,79,70,70,66,49,3,2,3,1,3,2,2,2,2,2,2,2,2,2,2,2,2,2,3,3,4,4,3,3,3,4,9,13,15,13,10,8,5,4,7,58,0,1,84,81,4,16,30,25,10,14,32,22,18,18,1,1,23,30,1,7,0,6,8,0,0,34,121,26,1,4,6,0,8,49,5,0,4,4,5,35,2,4,1,6,9,99,24,0,10,5,3,3,6,6,3,2,0,34,89,10,1,0,10,3,34,85,2,1,4,2,2,26,9,0,0,0,23,85,13,0,0,0,2,0,2,13,6,3,5,8,14,6,0,5,5,0,4,11,0,4,13,49,6,8,1,15,114,183,72,148,129,0,3,0,20,16,6,1,35,162,170,159,159,155,152,156,165,175,183,187,191,185,177,181,177,163,85,26,41,34,9,9,21,10,12,8,4,4,8,4,10,7,18,20,12,22,29,16,4,2,4,8,2,3,3,3,3,5,3,0,10,5,7,10,16,31,41,36,16,11,4,1,3,4,5,4,3,3,3,3,3,4,4,5,3,4,5,5,5,4,5,5,5,5,4,4,4,4,4,5,4,5,5,4,4,6,6,6,4,7,0,4,3,2,14,12,10,8,5,4,6,9,9,8,7,5,6,7,6,7,8,6,4,7,10,10,8,7,9,11,24,12,4,7,0,6,0,3,5,5,16,39,184,225,206,180,119,57,25,62,124,176,195,176,111,44,26,95,149,125,67,27,43,84,126,175,191,153,143,159
192,188,108,22,133,194,180,183,182,181,181,179,181,175,158,73,41,59,121,87,41,106,130,37,41,125,86,18,17,39,53,17,91,129,130,86,47,93,48,38,76,42,46,76,46,72,60,67,77,44,66,77,84,82,79,107,114,57,10,48,45,15,99,161,153,167,172,170,137,24,1,11,78,138,120,94,108,118,155,204,202,206,193,118,82,70,119,135,112,68,53,110,188,179,99,93,176,204,196,197,196,193,195,189,187,188,190,189,190,195,195,188,162,101,36,6,1,0,1,6,7,2,4,7,5,118,202,145,1,6,1,4,9,1,5,4,2,10,3,7,11,3,4,7,5,5,6,5,4,4,4,4,3,3,5,4,3,5,5,1,2,0,7,1,5,5,3,5,4,4,5,4,3,2,2,2,3,1,1,5,68,68,62,64,64,46,4,0,3,2,3,1,2,2,2,2,2,2,2,2,2,2,2,2,3,3,4,4,4,3,3,3,6,10,11,10,9,14,7,6,4,40,28,0,2,12,51,24,26,26,9,6,39,20,25,38,7,2,5,25,27,16,27,5,2,2,1,58,91,0,8,1,1,6,0,12,13,1,9,0,58,63,3,2,3,3,1,64,17,3,4,6,5,0,17,2,1,7,0,67,89,0,6,3,0,6,0,25,22,4,5,0,49,55,0,9,6,3,0,87,24,0,8,0,0,11,5,0,3,5,0,31,24,0,3,2,0,6,2,3,5,14,57,8,6,2,5,0,1,59,175,206,35,3,2,58,68,4,0,7,127,165,161,155,158,151,150,159,168,173,180,188,185,181,184,178,175,132,88,48,28,9,13,27,7,17,4,6,3,7,5,4,2,25,15,14,25,27,28,20,20,23,12,1,7,4,3,5,3,0,2,7,2,6,6,5,8,12,23,38,44,31,15,4,3,4,4,2,3,3,3,3,3,4,4,5,4,5,6,6,5,5,5,6,6,5,5,5,4,5,5,5,3,4,3,3,3,5,7,7,6,7,2,11,9,0,11,11,6,8,8,4,2,2,5,7,9,6,5,6,7,8,8,5,7,7,7,7,9,11,13,15,17,38,7,0,6,2,1,5,11,5,9,3,52,190,211,214,200,165,110,54,29,68,108,97,36,27,91,169,203,206,166,114,48,25,55,104,138,137,150,183
186,198,149,42,87,184,182,180,182,180,188,181,178,178,158,67,46,51,89,78,50,113,135,56,51,119,87,40,52,79,77,53,90,130,137,112,74,79,85,99,119,82,102,121,100,113,121,120,106,93,116,118,122,123,121,128,121,42,24,128,84,23,115,153,153,156,166,168,108,5,6,7,28,89,107,36,96,175,210,204,203,203,156,99,65,95,159,147,76,113,191,162,84,67,113,187,203,201,191,195,193,195,194,190,190,191,191,187,184,183,187,187,192,186,175,144,94,46,17,0,1,0,1,5,1,120,199,175,56,17,14,4,1,0,6,0,1,0,0,1,1,1,1,1,1,2,2,3,5,7,6,4,6,3,4,7,8,5,5,8,4,4,5,5,1,2,5,5,4,6,6,4,3,3,3,2,4,5,1,16,68,64,61,62,67,40,1,2,5,1,1,2,2,2,2,2,2,2,2,2,2,2,2,2,2,3,4,5,4,3,2,4,7,9,10,11,9,14,10,5,5,2,50,18,10,32,66,12,45,31,24,16,17,19,11,30,9,9,6,1,31,55,17,4,0,6,0,30,92,1,3,0,5,0,1,6,1,6,7,0,91,43,3,2,3,2,2,15,33,6,0,9,1,68,34,0,6,5,0,49,107,2,4,3,2,3,0,8,4,7,5,0,85,52,0,6,4,2,0,22,30,2,1,4,0,16,9,0,6,4,1,24,27,0,7,0,3,0,4,1,19,41,9,0,37,134,125,46,11,0,0,116,193,111,27,91,13,4,0,80,169,155,157,157,150,145,148,164,172,176,182,179,184,178,175,170,152,119,83,39,50,2,3,2,1,13,9,6,10,7,2,9,4,10,16,16,24,16,12,20,25,37,51,3,5,8,7,5,3,2,2,4,3,2,4,6,4,3,6,10,23,35,40,33,17,3,1,5,4,6,1,4,4,0,4,2,3,3,3,4,5,6,5,5,4,4,3,3,5,6,5,4,4,3,3,4,5,6,7,7,4,7,8,6,3,3,5,6,5,7,8,7,4,4,5,8,5,6,6,7,8,8,7,8,7,4,8,9,11,12,10,15,30,105,97,9,2,3,6,3,3,0,7,10,8,67,198,217,214,214,200,169,91,32,28,20,31,111,171,206,218,213,211,199,157,85,29,36,72,110,155,193
198,191,180,95,37,138,191,186,186,181,172,184,183,173,167,111,82,99,126,121,91,133,142,132,120,135,138,118,123,140,137,124,122,137,134,130,125,125,126,132,128,120,125,126,126,129,127,122,134,127,116,124,124,125,122,124,108,15,25,74,32,32,131,152,153,153,152,162,72,5,1,28,95,98,55,36,146,203,198,208,182,127,132,109,126,156,145,72,59,156,211,155,67,120,194,202,198,197,198,197,197,192,194,195,194,190,184,191,188,191,190,183,185,180,179,189,184,183,153,95,48,32,8,4,16,133,196,167,160,164,163,131,104,102,77,51,56,86,71,66,55,47,36,28,21,17,9,2,1,1,1,1,1,1,3,3,1,1,2,1,5,1,1,3,4,5,4,0,3,4,4,4,3,3,3,3,1,6,2,51,70,65,62,62,59,43,5,3,3,0,2,6,2,2,2,2,2,2,2,2,2,2,2,2,2,3,4,4,4,3,2,3,6,8,11,12,4,11,15,6,7,3,22,46,6,11,3,22,35,35,19,20,15,12,22,17,45,24,1,8,1,41,7,4,5,2,8,0,42,19,0,4,4,10,47,9,3,0,1,6,91,44,1,4,3,1,0,5,7,13,2,0,25,93,10,6,3,1,3,3,81,21,2,0,5,3,33,14,0,0,5,3,103,25,0,7,0,1,11,6,4,4,9,4,8,29,7,5,0,1,2,2,40,10,0,2,9,1,6,13,31,13,0,57,190,113,120,108,4,9,6,0,33,171,116,12,4,0,33,161,167,156,156,152,142,145,149,159,169,181,188,178,170,168,176,179,120,73,54,46,38,2,8,7,16,7,2,4,4,4,2,9,8,19,26,23,19,34,16,27,37,50,54,6,5,2,6,10,8,9,7,0,1,4,2,1,5,4,2,7,10,19,26,32,36,29,12,1,5,5,2,2,3,4,7,6,4,3,3,4,5,6,5,4,5,4,3,4,5,5,5,5,3,3,3,4,5,6,6,6,6,8,8,6,4,4,5,5,5,5,5,5,4,4,5,6,10,4,9,13,7,4,5,3,8,13,10,6,12,10,17,49,127,180,199,92,0,8,0,4,1,1,1,4,5,16,85,209,218,217,215,200,166,140,97,44,108,173,211,218,216,215,222,217,207,181,126,66,33,42,93,149
192,191,193,141,31,111,185,182,178,179,181,179,175,175,165,160,158,166,165,161,152,164,161,159,163,151,153,149,151,147,143,144,146,147,146,143,142,136,134,131,135,132,128,118,132,127,124,133,125,133,125,128,124,126,125,128,88,19,67,71,12,55,142,148,149,153,134,106,52,22,16,54,166,155,121,152,195,204,201,200,148,100,175,108,151,140,83,144,174,129,86,79,144,207,200,200,202,200,197,201,195,198,189,191,191,193,189,192,193,187,185,187,181,195,183,177,187,183,181,194,189,169,140,150,155,156,148,151,119,165,194,159,124,156,159,73,127,187,171,180,172,168,158,151,147,140,128,115,103,94,86,80,63,51,42,35,24,18,14,8,2,2,3,5,3,3,4,3,3,3,4,5,4,2,0,1,4,4,10,63,57,62,57,53,56,46,9,0,3,3,2,2,2,2,2,2,2,2,2,2,2,2,2,2,2,3,4,4,4,4,3,3,4,7,10,13,9,10,11,7,8,7,0,39,36,7,16,16,27,27,22,14,31,28,22,16,27,52,26,2,3,0,41,27,0,6,4,3,3,10,5,7,0,59,76,3,2,6,2,0,41,39,2,3,0,5,6,25,3,0,10,0,44,107,0,7,1,5,6,0,13,19,0,13,0,32,74,0,6,2,10,0,70,59,6,0,6,1,0,14,8,0,13,0,25,48,0,6,2,1,4,0,12,6,9,0,0,9,12,32,7,2,2,161,109,0,1,1,79,131,17,8,1,10,24,7,9,5,124,160,150,152,148,151,143,149,154,164,174,180,178,161,161,162,178,163,79,83,61,61,17,8,9,2,15,9,5,6,5,7,4,7,3,9,13,4,10,21,25,19,35,20,30,7,0,6,6,8,16,11,3,6,7,7,4,3,3,1,1,6,2,6,10,19,36,45,34,19,3,1,4,9,8,3,0,6,4,4,4,4,5,5,5,4,6,4,3,4,5,4,4,6,3,3,4,5,6,6,5,5,6,7,7,5,4,4,4,4,7,6,5,5,6,7,7,7,6,2,12,16,6,6,13,9,12,14,10,7,18,41,93,163,186,196,193,200,81,0,10,0,9,0,3,3,7,6,11,103,216,212,194,174,194,202,166,137,179,211,219,215,213,215,222,220,218,220,204,164,102,38,28,64
197,189,192,169,44,84,185,182,187,183,182,178,181,150,98,87,116,143,117,142,144,137,114,103,126,140,114,119,131,129,136,136,135,115,129,137,122,122,127,134,127,123,139,131,123,128,131,129,137,133,139,126,122,130,129,129,66,13,108,122,24,77,149,137,143,133,92,42,25,24,34,70,114,185,190,194,188,190,163,165,182,141,124,107,95,46,98,208,215,118,61,164,206,204,201,197,199,196,202,192,197,194,196,195,194,187,193,192,195,187,186,192,190,186,151,139,148,162,183,135,126,176,183,176,168,100,102,192,137,116,181,122,64,116,170,99,130,176,158,169,165,164,164,169,165,164,162,161,159,155,150,146,146,138,134,128,119,114,103,86,75,64,50,32,14,5,6,7,8,7,6,6,5,5,5,5,2,4,38,61,51,63,51,45,54,50,16,0,4,5,1,1,2,2,2,2,2,2,2,2,2,2,2,2,2,3,3,4,5,5,5,4,3,5,9,12,12,12,7,11,5,8,0,8,42,20,16,2,20,42,34,30,45,10,10,3,7,23,36,5,1,7,0,32,21,0,5,12,18,4,5,5,7,90,56,1,4,4,6,4,5,22,2,6,3,3,53,31,5,0,1,5,17,105,10,5,2,0,3,1,3,4,2,7,0,77,36,2,1,7,0,3,12,35,11,2,2,0,25,17,0,3,1,3,21,62,3,0,5,2,3,6,3,0,0,9,3,23,38,7,4,8,6,180,63,18,13,41,187,158,154,25,18,50,10,8,12,88,159,138,142,148,146,142,149,154,162,174,174,164,159,152,161,167,175,107,119,81,70,47,1,12,10,12,14,16,5,0,4,7,8,12,9,12,16,9,9,31,23,29,38,35,24,6,0,2,5,2,7,31,40,21,0,4,6,4,3,6,4,0,2,4,3,4,15,30,38,43,26,10,4,1,4,8,1,2,5,5,4,5,5,5,5,4,7,4,3,4,4,3,4,7,4,4,5,6,6,6,5,4,6,7,7,6,5,6,6,5,7,6,5,5,6,8,8,8,6,6,10,10,6,10,12,6,7,2,10,38,93,155,184,186,190,190,194,205,187,57,4,6,2,0,5,4,2,8,11,13,129,198,179,197,199,189,179,193,212,216,211,216,221,219,220,219,213,215,215,214,197,143,74,31
189,192,192,181,73,36,148,186,176,184,173,180,163,79,57,72,49,80,62,116,65,69,34,28,101,68,22,74,74,48,53,66,58,28,78,105,52,41,58,98,69,50,65,95,69,64,100,111,81,82,118,140,132,134,133,126,58,7,52,40,14,102,142,145,148,111,58,40,1,1,9,45,79,154,178,183,191,187,105,121,186,153,173,107,95,156,138,118,93,86,172,204,198,203,207,201,200,200,201,202,202,202,197,195,195,186,190,186,177,184,177,174,191,166,114,167,121,60,133,125,61,123,120,80,98,56,81,171,161,100,168,161,98,77,147,135,130,154,157,169,169,164,160,157,155,151,147,145,144,141,137,134,132,132,128,118,115,122,123,111,82,67,50,34,20,12,8,5,8,9,9,10,13,18,24,27,31,36,66,61,48,56,48,48,47,52,27,2,2,3,1,3,2,2,2,2,2,2,2,2,2,2,2,2,2,3,3,3,6,6,6,4,3,4,7,10,8,11,11,14,5,9,10,1,15,38,18,10,21,17,14,28,33,17,2,42,6,20,23,125,21,1,2,1,21,18,15,76,26,2,1,5,1,70,77,0,2,1,3,3,3,9,2,5,4,11,94,11,0,6,3,1,0,47,26,3,5,2,0,39,16,0,0,2,0,81,39,4,7,3,4,5,0,1,9,9,3,7,52,6,0,2,0,6,0,49,20,0,2,1,2,1,2,5,5,2,23,22,0,5,4,0,0,168,91,2,9,52,92,2,161,116,35,35,3,0,53,148,138,127,132,134,138,146,149,160,170,177,168,153,157,166,170,175,143,91,118,69,94,13,13,13,4,10,4,7,8,9,6,5,7,10,6,4,12,10,7,3,32,40,36,49,21,1,8,5,0,0,1,0,21,62,53,19,0,2,5,0,1,8,2,4,3,1,3,8,18,31,41,36,28,6,1,4,4,7,5,5,5,5,4,4,5,5,6,4,3,4,4,3,4,6,5,5,5,6,7,7,6,5,7,8,8,7,7,8,8,7,4,4,4,4,5,6,6,7,8,9,4,4,10,11,12,18,21,37,90,146,176,185,186,190,193,201,204,203,206,179,40,1,3,9,0,3,3,0,12,8,25,129,209,201,180,184,194,207,216,217,217,223,224,219,220,223,220,218,216,215,218,213,172,117
189,194,189,187,120,16,103,186,184,181,177,182,163,62,15,13,28,75,36,49,57,78,11,46,123,42,21,96,47,2,12,61,71,11,44,70,12,6,14,38,37,80,29,13,9,2,35,53,35,37,67,133,126,126,132,121,31,36,94,35,33,129,144,138,144,110,48,43,10,4,10,52,94,158,173,180,180,189,137,104,106,72,73,56,184,219,187,65,81,184,205,203,205,201,197,201,203,200,198,193,173,151,167,190,158,124,134,175,118,102,112,133,196,156,106,185,165,89,96,154,88,105,116,118,131,74,95,168,124,118,185,168,145,152,167,174,168,167,168,161,160,161,159,153,157,152,147,145,143,139,135,132,128,123,121,116,94,58,34,28,12,6,4,5,4,6,8,9,5,14,26,34,45,56,64,66,69,69,61,58,47,49,48,50,43,46,27,1,2,3,2,2,2,2,2,2,2,2,2,2,2,2,2,2,2,2,3,3,5,6,7,6,4,4,5,7,9,9,13,8,9,12,6,6,1,15,34,14,16,3,41,68,32,23,44,29,13,32,1,130,174,7,3,0,7,13,44,68,7,0,5,2,0,26,77,4,1,2,0,9,29,8,4,2,0,19,98,9,1,0,9,0,1,0,15,0,7,5,32,72,0,1,0,8,0,34,75,0,2,0,7,0,14,4,0,0,4,14,60,2,7,1,8,0,1,13,13,5,4,0,4,1,5,2,0,15,17,5,15,7,12,27,3,73,202,25,0,0,1,0,163,120,16,1,0,26,140,135,110,100,126,148,135,140,152,166,173,174,171,164,166,169,165,161,114,83,87,57,67,1,7,6,9,10,7,5,10,2,5,2,4,7,7,8,22,24,52,109,19,40,18,26,15,2,2,1,4,7,3,5,7,0,31,70,53,7,3,9,1,1,3,3,2,3,5,2,3,9,25,33,45,43,26,8,1,2,5,5,5,5,4,4,5,5,5,5,4,4,3,4,5,6,5,5,6,6,7,7,6,6,4,6,7,6,6,7,7,7,5,5,5,6,6,7,7,7,8,13,11,11,13,4,12,41,103,141,173,178,184,190,188,192,199,198,198,209,211,214,158,31,0,9,1,5,4,6,2,9,3,39,162,185,178,199,217,221,214,219,222,220,219,221,222,221,221,215,220,222,215,218,217,203
200,189,190,195,150,31,84,179,178,170,182,181,180,137,85,73,109,125,95,71,115,133,63,68,110,61,51,103,83,76,73,98,96,40,55,67,16,15,40,59,31,43,25,34,16,17,69,59,34,36,61,133,134,132,120,93,18,48,81,19,37,115,122,131,136,123,61,33,32,25,25,67,130,175,169,182,184,186,194,178,125,64,94,125,128,147,78,59,160,189,204,194,194,190,179,173,154,146,162,161,143,80,130,181,122,156,126,137,116,84,79,104,188,173,102,155,154,104,118,145,118,152,172,167,170,162,168,171,138,157,174,178,178,174,169,167,171,165,164,158,161,161,158,153,151,146,143,142,141,136,131,128,129,114,108,113,93,38,6,7,9,6,8,11,12,18,30,38,53,64,69,65,62,64,63,59,59,58,49,56,50,50,48,45,43,39,25,1,3,4,2,1,2,2,2,2,2,2,2,2,2,2,2,2,2,2,2,2,4,5,6,7,6,5,5,5,12,8,9,6,8,12,2,9,5,2,29,32,5,2,7,19,44,47,42,23,24,15,4,1,124,178,17,1,4,1,0,12,4,8,1,0,16,0,13,16,5,1,0,60,57,5,1,4,2,2,75,22,1,5,0,6,6,16,0,0,7,0,67,57,1,3,2,0,2,2,30,14,0,10,0,38,33,0,6,8,0,9,71,14,0,10,3,0,11,0,0,4,5,2,7,6,0,10,21,20,4,7,21,38,45,24,4,0,95,195,101,37,26,118,180,21,2,2,13,112,136,116,108,108,105,128,136,142,155,170,170,169,170,168,165,158,173,133,130,154,69,57,20,1,4,7,9,3,1,6,10,7,7,3,4,2,2,2,14,10,35,129,19,9,54,46,6,2,3,5,1,1,5,3,1,4,2,0,48,82,44,2,2,8,4,3,1,2,5,4,2,3,10,10,22,47,55,34,13,1,5,5,5,5,4,4,5,6,3,6,6,4,3,6,6,5,6,5,5,6,7,7,7,6,2,5,6,5,4,4,5,5,7,6,6,7,10,10,8,6,8,8,5,11,28,54,97,142,178,182,180,175,184,195,194,197,199,217,205,208,204,212,214,141,18,0,7,6,0,7,1,3,10,8,48,173,213,207,213,212,219,219,220,217,218,225,225,221,222,216,216,216,217,224,225,215
169,191,194,190,173,45,45,164,184,184,182,177,177,179,175,179,174,167,167,158,163,151,85,53,87,111,107,130,136,130,112,142,103,68,97,127,93,76,110,131,96,78,92,114,98,88,120,111,71,82,112,130,105,88,69,52,26,16,28,26,14,32,28,26,31,39,13,2,6,10,2,34,71,74,84,87,90,108,119,111,49,56,179,199,100,18,81,88,122,134,173,192,106,126,178,111,77,73,82,175,159,117,110,154,124,130,110,158,172,144,170,154,183,185,151,114,136,169,174,182,180,188,181,183,182,183,179,177,169,176,175,172,167,174,177,164,170,163,154,155,160,154,152,156,156,149,142,138,135,130,125,123,116,108,100,103,97,55,14,8,7,9,21,40,54,64,72,75,66,73,70,57,51,56,61,59,49,46,56,49,39,40,40,43,43,40,31,7,2,0,2,2,2,2,2,2,2,2,2,2,2,2,2,2,2,2,2,2,3,4,6,7,7,6,5,5,9,9,9,14,4,8,9,9,2,8,1,32,18,8,12,46,41,12,30,36,4,16,2,1,0,99,177,32,5,3,10,4,10,8,0,4,0,5,6,5,2,10,7,86,34,0,6,0,2,0,26,29,1,2,7,0,49,18,4,0,7,2,53,81,1,5,1,4,0,9,0,5,4,6,5,49,21,3,0,2,7,1,30,37,2,1,0,3,4,5,6,0,0,3,5,4,12,20,1,10,9,15,17,24,21,15,8,13,3,44,149,163,163,147,26,0,8,3,90,124,103,83,90,84,92,106,129,133,154,169,168,161,157,153,154,156,147,117,166,161,73,24,1,6,5,9,8,17,8,9,0,10,1,2,6,5,11,15,26,16,22,29,10,32,46,35,3,3,4,3,4,4,2,3,4,4,4,8,0,12,60,75,37,0,2,6,4,0,1,2,2,4,2,7,6,17,33,42,46,33,4,5,5,5,4,4,5,6,3,7,8,4,4,7,8,5,6,5,5,5,6,7,7,7,3,6,8,7,4,4,5,6,7,5,4,7,10,11,8,4,3,16,41,77,116,152,172,178,177,171,183,190,189,198,203,200,208,206,212,212,219,211,214,210,102,14,2,1,5,2,3,4,5,10,9,68,199,215,216,214,220,216,218,218,217,220,220,221,222,220,219,221,222,218,217,221
89,176,197,187,182,85,9,112,185,181,186,175,181,178,171,177,176,172,168,163,165,130,26,19,39,68,64,140,143,69,37,107,99,22,52,129,112,36,75,144,144,140,153,143,138,140,134,116,98,79,61,37,16,4,38,39,3,2,8,45,39,90,80,24,51,90,46,3,5,4,45,92,81,57,18,62,92,85,37,54,110,95,94,121,55,107,189,114,86,93,154,143,63,93,163,143,110,146,119,191,148,114,131,174,168,144,155,184,186,178,181,185,181,190,180,165,170,183,185,179,177,179,183,181,177,175,172,173,174,176,171,170,171,169,166,163,158,157,158,155,146,154,138,115,101,73,72,124,128,132,115,116,108,104,93,95,94,76,28,6,6,8,22,60,80,72,68,66,60,60,58,57,51,48,54,54,49,46,47,47,44,42,39,36,38,40,39,5,4,1,2,2,2,2,2,2,2,2,2,2,2,2,2,2,2,2,2,2,3,3,6,9,9,7,6,7,7,11,14,13,10,7,7,8,6,5,3,5,34,18,12,22,36,7,0,34,0,95,170,12,1,110,170,42,33,10,1,1,6,9,12,0,17,58,15,0,4,3,7,97,20,0,8,3,5,0,2,5,9,2,3,24,70,4,0,2,6,0,11,63,10,0,0,0,3,21,6,1,1,2,4,87,15,0,2,0,3,1,1,8,0,8,0,7,21,0,4,3,1,4,12,6,4,7,5,10,9,21,36,0,11,14,9,24,13,0,0,8,32,0,4,10,1,83,110,91,87,88,74,73,100,104,103,140,158,166,158,152,141,144,149,150,110,106,185,116,49,15,6,8,8,8,4,4,7,3,3,11,4,7,4,7,6,7,10,37,15,11,19,34,33,30,1,7,6,4,3,2,1,4,6,2,3,7,3,2,0,24,64,67,21,5,2,6,3,2,3,3,3,4,4,4,11,24,41,54,53,22,3,5,7,4,3,5,2,2,9,6,6,11,6,8,4,5,6,6,6,6,6,5,5,7,10,12,8,4,5,9,9,5,6,9,8,7,5,31,46,87,145,161,170,171,183,171,177,183,191,197,194,203,206,209,215,210,216,210,185,186,207,203,158,58,7,6,2,3,3,5,4,5,14,4,89,214,214,214,214,218,218,214,220,214,223,219,219,222,217,222,223,222,226,218
96,167,196,191,189,146,41,41,157,190,177,177,178,180,173,173,168,167,165,167,166,115,43,79,107,71,21,101,94,10,6,58,96,24,62,121,39,1,24,135,157,147,141,114,90,71,52,30,8,9,1,2,3,4,47,41,4,4,6,57,44,96,94,21,75,124,38,2,7,0,90,143,143,99,40,129,163,144,69,111,199,146,24,31,120,196,193,142,103,139,146,137,148,160,170,189,174,193,179,191,187,166,183,189,187,181,184,186,181,184,183,171,184,182,177,178,180,176,175,181,182,175,177,175,169,173,173,164,174,173,175,171,167,165,161,160,157,152,155,154,143,142,106,42,20,18,15,72,125,120,116,105,108,99,89,87,84,76,46,10,7,5,10,44,71,71,67,62,59,54,52,57,54,49,50,45,44,43,44,42,40,40,38,33,36,38,39,12,4,1,3,3,2,2,2,2,2,2,2,2,2,2,2,2,2,2,2,2,2,2,5,8,9,8,7,7,8,10,12,12,10,8,8,8,9,12,2,1,11,25,15,3,6,9,97,16,5,2,139,125,110,190,28,9,13,24,24,7,2,4,8,9,36,61,6,0,8,0,2,69,50,1,0,4,0,11,20,3,5,4,0,49,85,0,7,2,0,9,0,13,11,5,9,0,31,40,0,5,2,3,0,67,42,3,5,3,2,7,1,0,1,3,0,23,23,1,8,0,13,7,29,6,3,11,23,26,10,16,29,19,13,28,27,7,18,10,14,18,46,4,5,1,75,100,84,87,84,100,76,71,89,94,112,134,152,149,153,149,159,148,153,125,139,149,174,79,52,2,0,12,9,5,10,9,0,3,7,0,9,4,4,6,3,12,12,5,10,11,32,15,44,40,1,3,1,5,3,2,9,3,1,6,2,2,2,8,6,1,5,28,80,61,14,1,9,3,1,3,4,2,1,3,7,6,18,41,59,63,44,11,1,2,6,6,11,6,2,1,3,7,7,6,3,6,5,3,4,8,9,7,6,8,7,5,4,7,10,11,7,5,8,18,29,47,83,136,157,158,170,172,173,171,177,183,184,194,192,201,206,196,213,194,206,214,210,214,137,83,136,182,167,144,64,2,2,6,8,0,0,4,5,10,13,118,218,212,218,210,220,221,217,218,221,219,222,214,224,221,214,217,197,170
182,201,189,189,192,182,109,16,76,168,180,181,178,176,175,173,171,165,171,168,157,132,118,157,164,125,75,86,80,82,86,74,69,40,70,99,76,77,42,89,97,68,39,21,14,1,2,0,4,5,2,4,8,1,17,50,29,28,40,51,20,25,25,19,19,25,14,0,4,11,22,36,42,34,12,45,53,49,18,35,87,59,36,126,192,191,190,175,183,193,188,185,196,193,185,192,190,192,187,183,188,185,181,180,182,181,181,178,176,179,179,172,170,174,173,172,174,172,171,173,171,168,172,175,170,166,168,169,170,163,165,163,163,164,159,160,157,148,150,150,144,147,115,30,11,22,8,41,113,115,110,98,96,87,83,82,78,76,61,13,8,5,5,27,52,54,44,37,21,21,34,53,52,46,49,46,43,43,43,41,38,39,38,32,32,35,38,20,3,1,3,1,2,2,2,2,2,2,2,2,2,2,2,2,2,2,2,2,2,2,3,6,9,9,8,8,8,8,8,9,9,9,9,8,9,8,5,8,1,14,15,8,4,1,162,162,0,2,2,114,191,13,13,38,2,146,69,9,2,2,2,2,9,12,5,6,1,4,1,7,26,3,10,0,1,49,26,2,1,3,2,32,88,4,0,5,8,1,0,8,4,4,7,0,72,32,0,5,3,0,4,10,35,6,1,0,2,7,5,8,2,2,3,15,48,0,8,6,14,10,2,10,3,10,6,9,26,55,41,26,37,14,15,13,6,1,52,30,0,9,2,61,94,77,74,74,74,84,76,65,78,98,118,144,156,153,154,146,143,163,135,132,180,172,110,52,11,2,12,3,6,3,9,9,1,5,8,0,4,4,6,5,6,16,25,12,19,16,27,36,40,49,40,25,18,11,3,1,3,7,6,1,3,2,8,1,1,9,2,1,1,42,85,49,1,8,16,0,0,6,2,0,6,5,3,9,27,55,59,38,22,8,1,2,5,6,6,8,7,6,7,5,5,9,9,5,5,9,9,4,10,9,9,8,6,4,8,14,15,27,66,102,123,145,165,169,168,169,172,176,179,184,185,190,194,200,202,189,195,216,211,178,168,214,216,208,123,86,135,155,183,195,180,51,0,6,0,9,8,0,7,5,17,12,144,225,212,222,212,219,219,221,213,225,223,216,221,223,215,182,131,108
193,192,187,190,194,186,169,75,11,105,179,181,179,174,178,176,172,165,172,170,168,164,164,161,163,154,159,157,143,156,155,145,143,138,125,106,92,62,22,22,26,42,71,98,85,25,1,2,5,0,4,3,10,10,6,59,82,35,26,97,124,108,109,109,112,82,12,5,1,34,99,96,94,102,109,99,100,100,106,103,103,110,151,182,176,174,183,186,184,181,184,189,188,185,186,189,184,184,183,189,180,184,169,182,179,175,172,174,174,169,169,173,167,174,172,164,165,172,172,167,164,167,162,163,168,164,162,165,164,166,160,157,163,163,156,155,157,148,145,142,140,144,134,68,15,17,8,16,64,104,96,97,89,85,82,81,79,75,70,24,3,4,1,7,19,17,8,5,3,3,19,45,47,42,46,44,43,41,41,41,38,36,35,33,32,34,37,28,3,1,3,2,2,2,2,2,2,2,2,2,2,2,2,2,2,2,2,2,2,1,2,5,8,10,9,8,9,7,6,7,9,10,9,8,9,2,9,14,3,1,11,18,7,4,0,151,181,0,115,189,23,16,22,2,106,195,31,15,18,16,3,2,4,9,7,8,6,6,5,7,10,2,8,0,18,86,12,2,0,3,9,0,53,31,5,2,5,1,26,3,0,0,2,0,76,38,2,2,3,8,2,0,1,15,0,5,7,25,1,5,1,2,3,2,6,6,11,17,5,5,7,6,39,24,11,29,30,42,19,6,39,22,28,16,23,43,58,0,11,1,56,102,73,63,84,78,77,75,85,87,101,123,138,164,156,146,140,137,136,143,116,166,142,137,81,46,5,9,5,3,3,4,2,4,8,5,3,9,7,15,12,8,17,13,22,29,39,8,47,36,46,89,103,89,70,58,51,37,11,1,3,3,12,12,12,5,6,6,1,8,4,4,9,55,70,21,0,9,5,5,5,4,3,1,2,6,2,17,36,54,59,37,12,5,4,5,4,1,7,9,3,7,5,8,7,4,3,6,9,10,8,1,3,15,24,36,67,99,110,134,152,156,164,165,168,170,175,178,177,181,182,185,197,188,184,169,174,177,153,203,209,188,137,151,167,186,166,180,209,206,206,196,207,168,39,3,0,3,3,3,6,4,7,17,26,163,220,209,222,217,219,219,218,218,220,224,221,221,200,162,146,144
192,185,199,187,191,194,191,153,36,32,141,182,180,177,178,174,177,179,176,165,170,161,163,163,156,166,165,160,156,157,139,114,88,73,38,25,1,29,89,101,140,144,146,139,97,22,2,14,18,36,54,85,107,34,36,136,111,23,57,148,152,148,145,139,145,105,11,4,1,67,137,144,150,157,155,161,168,165,159,170,168,174,164,169,177,171,179,178,181,179,179,183,185,183,182,184,180,181,184,176,173,171,170,175,174,177,173,167,167,166,164,164,172,167,163,162,161,161,161,161,156,158,156,159,159,150,137,117,113,153,158,151,156,156,154,149,150,148,143,141,141,134,133,102,28,9,13,12,29,91,97,96,89,84,73,69,71,64,65,40,12,10,6,3,6,5,1,5,8,2,7,31,40,40,42,37,40,35,36,39,36,31,31,32,34,34,36,34,5,1,4,3,2,2,2,2,2,2,2,2,2,2,2,2,2,2,2,2,2,2,2,4,7,10,10,9,9,7,5,6,9,11,10,8,8,6,6,8,6,4,5,7,14,6,4,0,118,196,188,36,0,30,6,49,192,41,17,19,16,42,33,7,2,2,2,13,12,8,13,25,11,2,0,0,29,97,13,0,0,10,0,0,3,15,3,4,0,37,56,3,6,2,6,2,34,65,5,1,2,2,4,7,7,0,11,3,16,61,2,1,4,7,4,12,7,4,2,7,7,4,23,31,25,45,13,3,3,21,16,32,14,26,15,19,76,25,6,3,1,61,111,61,55,71,57,62,68,71,76,99,114,122,142,145,141,140,132,117,134,114,136,167,145,92,81,12,3,0,5,12,4,4,2,3,7,3,2,8,3,6,3,3,19,9,6,13,7,5,29,27,71,144,126,117,106,101,93,84,61,24,1,3,2,18,51,62,42,28,23,12,11,6,6,1,26,71,53,11,7,0,2,4,3,7,8,1,6,3,8,25,46,56,42,21,5,1,12,7,0,4,1,8,4,4,6,8,11,17,29,41,56,61,81,107,119,124,140,162,161,161,163,168,173,173,170,176,176,181,184,188,174,156,184,168,154,180,135,160,142,142,167,193,187,155,168,202,207,214,222,220,216,154,159,205,112,18,3,5,0,6,2,1,5,8,15,40,182,229,212,220,214,211,224,217,220,223,219,184,131,133,171,168
199,194,187,192,193,184,184,188,108,0,79,178,181,180,177,172,172,175,177,170,170,167,171,165,164,160,142,116,89,65,33,25,10,2,1,6,5,73,145,131,100,77,48,33,40,46,75,102,123,133,147,155,98,18,112,151,71,13,123,152,141,145,140,142,139,76,1,4,7,94,144,137,139,147,149,154,152,156,156,158,163,159,170,164,166,177,172,170,176,173,176,180,181,183,183,179,183,179,177,174,176,170,172,167,165,168,165,161,161,162,160,158,162,154,153,156,154,152,152,151,157,151,157,158,110,57,39,24,42,113,152,147,142,148,151,146,142,144,139,143,145,132,129,123,56,12,12,10,12,57,93,84,86,80,66,63,64,56,55,47,12,4,3,2,2,3,2,6,11,10,14,29,38,36,37,33,38,33,34,37,35,31,32,34,32,31,32,34,8,1,3,2,2,2,2,2,2,2,2,2,2,2,2,2,2,2,2,2,2,2,2,3,6,9,10,9,8,7,6,7,9,10,10,9,8,9,2,9,8,11,2,3,8,13,12,0,6,96,34,16,61,23,9,141,172,27,5,8,2,168,127,26,29,2,8,1,1,7,8,6,5,5,5,3,8,102,24,3,4,0,1,9,12,4,1,9,1,60,36,0,4,2,4,3,1,38,7,2,4,0,18,20,0,0,4,0,10,56,9,6,6,9,7,13,4,3,9,8,10,24,12,16,10,27,10,22,19,13,4,28,13,17,15,43,19,17,5,2,56,86,56,56,53,62,62,63,68,69,76,90,104,122,138,136,132,133,123,122,108,136,165,176,152,79,43,5,5,0,8,0,6,3,8,8,2,7,11,2,6,3,7,9,20,21,13,14,13,7,18,29,141,166,155,131,127,117,110,110,106,87,47,6,5,1,32,79,91,80,74,68,50,51,43,39,22,15,47,72,26,9,4,5,1,1,4,3,5,3,2,2,12,38,52,44,20,14,16,19,30,30,24,42,45,50,63,80,92,102,118,134,141,144,151,158,161,161,163,166,171,174,177,177,174,174,163,180,178,189,194,196,183,153,154,103,138,217,164,167,183,156,169,195,219,211,215,227,216,198,208,213,213,148,146,179,169,104,14,1,8,0,3,8,3,4,10,9,61,197,213,218,217,218,221,215,208,196,176,116,76,112,155,166
149,115,74,131,190,192,194,190,160,35,30,144,184,181,179,174,175,172,177,176,172,164,146,114,75,68,54,37,7,0,0,2,7,2,8,0,0,11,43,41,44,60,88,108,136,150,155,155,154,139,143,140,58,53,155,129,22,67,152,151,156,137,142,135,137,46,6,5,11,112,147,142,151,142,151,150,150,150,161,153,158,158,156,164,165,165,166,165,167,175,172,170,178,177,172,176,174,169,165,175,173,167,164,161,167,160,157,159,158,153,151,152,147,147,149,147,145,150,151,144,147,145,148,150,97,22,8,20,18,70,136,145,132,141,141,139,140,137,132,135,132,124,118,121,80,19,6,9,8,29,84,88,83,74,65,66,62,58,52,48,25,6,6,7,6,11,16,22,27,35,34,37,38,32,32,33,34,33,34,33,30,30,31,29,30,28,28,33,13,1,2,1,2,2,2,2,2,2,2,2,2,2,2,2,2,2,2,2,2,3,2,2,3,7,9,8,8,8,8,8,9,9,9,10,9,6,5,13,10,7,4,8,8,7,16,12,8,0,0,11,19,0,141,117,99,212,99,2,104,188,24,17,27,27,15,8,3,2,1,2,11,5,7,8,2,44,44,2,1,10,0,43,10,3,2,0,2,58,51,5,0,0,0,4,3,0,6,2,9,5,56,6,2,5,5,2,2,19,8,11,2,3,7,10,3,5,5,16,8,7,5,26,25,9,31,46,3,18,27,9,18,39,74,26,2,1,7,40,54,57,41,56,59,46,58,63,68,63,78,76,84,111,121,127,122,113,108,129,106,172,169,159,105,71,0,4,5,4,2,8,8,4,8,8,2,8,14,5,4,4,6,3,15,22,6,19,41,5,8,55,164,179,162,161,151,144,146,139,127,130,111,65,11,5,3,29,95,131,111,102,95,93,92,85,83,78,66,70,97,52,9,2,10,6,1,4,0,4,6,4,4,13,30,47,47,42,85,139,131,117,132,129,133,137,146,154,156,155,158,163,166,168,168,168,171,175,177,177,177,174,167,166,166,167,128,140,190,201,199,201,212,206,185,128,165,212,215,205,216,211,213,204,213,219,197,199,189,161,173,210,217,202,172,202,205,203,91,4,0,10,1,2,5,1,6,13,15,88,219,212,203,196,181,169,169,172,168,150,154,172,177,186
21,10,26,107,189,194,190,187,185,94,6,97,186,183,185,177,172,171,150,117,89,59,44,52,75,105,118,146,74,2,8,1,0,4,13,32,57,80,107,122,146,154,170,162,160,159,155,155,155,145,154,112,19,113,159,85,24,122,152,151,150,149,136,144,123,31,2,1,38,134,146,144,139,147,149,145,150,150,152,155,155,155,158,162,161,170,165,162,171,166,169,171,166,171,175,168,166,165,171,165,165,158,162,158,160,154,150,150,149,148,147,143,137,137,141,139,135,139,141,135,126,145,136,138,122,53,11,16,15,26,105,133,124,136,130,134,134,129,126,128,120,122,117,120,101,32,10,14,5,9,56,83,78,64,59,62,52,55,47,43,37,9,4,3,2,11,28,44,38,45,34,27,31,31,33,36,29,31,31,26,21,24,25,19,30,28,28,34,20,2,4,3,2,2,2,2,2,2,2,2,2,2,2,2,2,2,2,2,1,3,2,1,2,5,8,8,8,9,10,10,9,8,9,10,13,3,12,6,10,3,11,2,4,3,7,10,24,26,8,4,0,97,208,31,0,43,181,119,185,51,8,5,18,3,151,91,24,11,2,3,1,1,9,3,5,0,13,11,12,0,35,78,5,0,4,4,0,24,83,3,3,2,2,5,13,4,2,1,0,18,61,6,0,5,4,7,13,8,7,2,5,5,10,32,20,12,37,1,18,39,22,23,35,5,22,34,6,19,15,8,29,68,9,2,5,7,31,45,41,39,39,49,56,43,56,54,64,71,75,81,80,87,106,105,102,116,121,102,127,180,165,69,78,25,2,4,4,1,6,0,11,8,2,1,5,3,3,10,3,9,4,5,32,38,6,36,30,18,10,91,197,179,180,172,164,163,161,155,148,148,147,142,106,25,3,4,35,112,146,138,136,127,113,105,103,106,106,98,99,121,88,25,2,7,6,4,4,4,0,2,6,1,3,22,46,51,33,107,192,176,157,173,164,166,169,171,172,172,173,175,174,176,180,184,183,179,178,180,161,108,138,158,97,107,102,91,178,202,212,208,211,215,212,211,210,219,221,215,223,191,171,193,193,192,146,149,160,140,132,187,219,213,217,215,212,221,197,66,5,5,4,1,4,5,5,4,14,14,120,193,175,170,169,186,203,213,213,219,219,215,219,215
71,120,154,185,196,190,195,190,190,156,35,20,139,176,147,124,96,65,31,9,53,116,141,173,186,175,157,119,56,7,14,48,69,90,119,144,159,166,168,168,164,168,162,162,165,164,162,157,157,158,154,67,57,159,140,31,66,161,151,150,150,150,143,143,110,16,2,4,63,143,146,139,140,141,146,148,148,150,153,153,152,161,160,157,156,167,160,162,162,161,163,161,166,165,155,162,162,162,163,161,154,151,152,151,152,149,143,139,139,137,136,138,134,128,130,127,133,123,133,130,125,127,122,127,133,83,16,10,13,12,60,126,113,123,123,126,129,123,117,117,119,118,112,106,110,57,13,9,7,8,28,74,73,66,61,56,47,41,42,44,37,18,6,5,3,4,20,39,33,30,27,29,31,32,29,26,24,17,12,10,7,4,5,11,27,27,29,31,25,9,0,2,2,2,2,2,2,2,2,2,2,2,2,2,2,2,2,2,2,3,2,2,1,2,5,6,8,8,8,8,8,8,8,8,8,9,8,8,7,7,6,6,7,6,1,4,20,21,10,6,0,108,75,7,9,1,9,174,108,2,19,25,2,58,208,45,20,29,26,4,2,4,4,2,4,2,3,9,3,3,13,14,6,3,6,2,5,2,23,21,2,5,3,24,14,2,8,3,4,9,0,3,13,10,2,5,6,1,5,1,7,23,27,20,28,34,24,29,29,33,8,26,18,19,19,3,9,19,3,40,41,3,1,2,10,29,35,39,40,36,39,32,46,45,53,53,70,65,78,77,72,76,85,99,95,118,93,128,153,167,150,92,69,6,6,5,0,11,0,3,5,3,8,5,4,6,0,2,5,2,4,6,7,16,26,26,40,22,7,145,204,184,186,179,177,177,178,174,171,166,159,163,165,121,47,7,1,33,109,158,156,148,132,141,139,138,135,125,129,128,140,135,56,3,4,10,5,1,4,1,5,4,4,4,11,29,42,23,71,170,192,173,176,183,175,182,181,187,184,185,183,180,182,179,166,158,131,162,129,102,175,182,135,93,174,152,175,204,214,214,209,211,217,220,220,216,205,203,193,155,130,171,176,170,168,167,183,194,165,175,221,220,208,212,182,178,190,154,37,7,4,2,4,1,5,3,6,19,16,139,211,200,218,217,222,217,222,215,222,221,220,225
193,193,200,199,198,196,199,193,192,156,56,3,39,58,32,9,6,2,1,6,86,167,155,125,101,73,54,63,87,112,136,155,166,168,169,167,165,166,169,170,167,170,165,166,171,165,160,165,157,163,125,34,125,166,83,26,136,157,158,155,157,148,146,147,98,6,1,7,87,150,147,142,140,145,151,150,147,149,152,151,158,157,151,153,151,152,158,158,156,154,156,152,151,158,158,153,153,150,152,154,152,150,149,146,135,137,137,137,138,134,127,124,129,122,123,121,122,118,126,115,113,115,115,116,126,96,31,10,13,13,27,96,118,114,123,114,119,118,116,115,113,110,107,106,102,77,21,8,6,11,8,55,66,59,55,53,46,41,39,38,36,24,8,2,4,3,11,29,32,29,26,24,23,20,15,11,6,5,4,4,3,3,5,7,22,24,25,27,24,10,0,4,2,2,2,2,2,2,2,2,2,2,2,2,2,2,2,2,2,2,2,2,1,2,3,5,7,8,8,8,8,7,7,7,9,9,9,8,7,6,7,7,4,7,4,3,8,7,6,9,8,0,0,15,32,1,123,185,19,42,7,11,3,164,129,14,17,30,3,19,36,8,9,4,0,7,2,2,4,7,4,9,8,8,5,7,6,6,2,8,4,9,7,5,7,5,9,5,5,0,12,0,9,6,3,0,3,6,10,25,7,38,52,9,26,20,4,36,28,28,12,49,50,22,4,26,27,11,30,39,1,1,8,25,33,34,33,36,35,36,41,35,48,45,51,49,59,61,73,67,60,60,74,82,97,79,138,195,178,192,167,102,10,0,8,2,1,14,9,3,7,4,7,5,7,11,7,9,6,18,22,3,29,41,1,19,24,10,29,145,209,186,184,187,187,187,181,181,180,175,174,173,169,179,143,61,14,2,27,107,171,170,168,162,161,162,142,149,145,148,143,157,157,95,27,0,7,5,5,3,3,2,2,6,2,13,18,42,25,35,139,202,186,191,191,185,193,187,183,166,146,154,116,100,88,125,156,125,154,134,148,150,180,172,198,211,198,224,220,216,204,191,211,197,178,198,149,139,170,164,144,156,194,189,213,217,215,224,212,211,219,207,183,162,151,154,160,172,152,30,0,5,6,5,2,4,5,13,7,42,180,221,218,220,217,214,217,223,220,221,220,213
191,200,206,196,187,178,150,119,95,73,33,7,9,1,7,9,3,2,5,2,27,59,65,76,92,117,151,175,182,179,177,177,165,167,168,168,169,172,173,173,173,168,169,170,171,172,170,171,171,156,62,66,167,138,31,92,171,153,165,156,158,153,149,143,72,1,4,21,118,153,147,148,145,149,153,153,151,154,156,152,157,151,152,157,157,157,158,151,150,158,150,147,154,150,144,146,146,148,146,134,117,100,78,56,52,62,67,70,87,108,119,122,114,117,118,119,117,107,112,114,109,109,109,103,114,108,53,10,8,18,11,55,106,106,116,101,106,107,108,107,104,102,101,101,97,93,38,7,3,10,3,42,68,59,52,49,44,39,35,32,32,29,12,1,5,2,3,16,18,15,12,9,7,5,3,1,2,3,3,0,0,3,5,5,23,27,26,26,26,12,1,3,2,2,2,2,2,2,2,2,2,2,2,2,2,2,2,2,1,2,2,2,1,1,2,3,6,7,9,9,8,7,7,8,9,10,9,8,7,6,7,8,5,8,9,5,2,2,4,9,6,11,8,16,8,72,220,54,24,24,50,9,53,209,50,27,25,31,2,42,22,13,19,15,30,12,4,6,2,2,1,2,3,3,2,2,1,13,1,2,5,5,4,1,3,3,1,3,1,6,2,3,1,2,8,19,18,17,29,44,60,38,36,25,21,10,19,24,25,12,12,24,22,19,45,21,14,23,10,6,14,17,13,22,31,26,24,23,32,36,41,33,42,41,48,48,55,53,57,74,63,69,77,80,76,135,198,189,189,166,142,20,0,9,9,6,4,0,2,3,5,3,6,6,9,10,5,5,8,21,2,15,7,7,23,6,19,19,30,108,185,189,187,187,178,185,184,187,183,176,179,179,174,181,185,159,83,9,0,25,107,169,177,170,170,167,167,169,166,158,167,161,162,175,149,59,4,4,10,3,0,4,11,1,7,1,5,9,33,27,19,99,197,200,161,178,168,129,131,102,131,125,53,80,95,124,193,156,187,186,181,181,208,211,206,217,219,210,208,206,186,144,184,157,95,173,180,172,183,197,203,205,217,215,220,216,216,204,190,211,221,224,188,139,163,196,199,214,223,135,14,2,0,7,2,2,2,1,17,7,65,201,217,219,214,218,215,226,218,217,222,227
195,178,144,119,95,90,95,113,134,173,149,34,1,1,3,1,14,28,56,78,106,135,155,176,190,189,183,178,178,180,177,170,174,174,174,173,173,174,174,174,176,165,173,175,169,178,178,166,160,120,40,134,174,83,38,149,166,160,168,160,159,159,154,139,40,1,6,44,139,150,149,154,155,152,152,154,156,158,157,151,155,154,159,153,149,158,149,147,149,156,146,147,151,139,140,150,141,117,82,45,21,14,15,13,9,8,9,14,19,27,51,78,106,120,111,105,109,103,99,106,107,107,102,94,100,107,74,18,5,8,7,24,80,101,103,98,98,97,96,95,94,93,91,90,87,86,51,8,3,5,9,33,69,59,51,45,39,35,33,30,29,30,19,6,4,3,2,7,7,6,3,2,1,2,3,5,2,4,7,9,11,15,18,19,26,30,26,25,28,16,1,1,2,2,2,2,2,2,2,2,2,2,2,2,2,2,2,2,1,1,2,2,2,1,1,1,4,6,8,9,9,8,8,9,10,9,8,8,8,8,8,7,8,7,8,8,4,4,5,4,8,14,17,2,0,60,67,9,2,6,31,4,169,131,30,21,9,27,25,3,7,12,4,43,44,21,11,6,13,11,10,12,11,3,8,5,1,5,8,9,1,6,6,5,1,9,4,7,4,1,11,14,13,36,17,21,24,16,20,13,42,42,11,24,16,55,16,54,61,38,19,33,54,49,44,15,9,14,7,2,7,16,20,22,23,22,26,33,27,34,39,32,38,37,43,44,48,59,71,59,63,72,69,65,105,197,186,183,179,166,50,1,7,10,3,7,9,0,2,9,5,3,4,5,6,6,3,4,11,14,2,16,18,15,4,13,36,18,22,37,144,188,188,182,185,180,177,178,180,182,182,180,180,179,178,177,168,100,14,0,9,92,168,180,173,174,168,174,166,168,172,167,162,156,166,171,108,15,0,9,10,0,6,6,2,12,8,1,6,28,29,9,64,125,119,156,174,85,82,66,120,184,129,154,187,172,203,205,204,208,208,220,215,214,219,209,175,176,180,134,180,171,171,186,159,187,214,217,215,222,210,215,215,203,198,218,214,156,130,192,219,220,223,206,210,223,225,212,216,205,89,6,8,0,3,3,4,3,8,14,4,96,215,218,219,224,214,216,222,223,219,222
76,69,105,130,158,187,200,211,209,187,140,31,0,32,63,102,127,148,171,184,193,194,188,184,184,184,182,178,178,181,180,176,173,175,175,174,174,177,180,182,174,170,175,178,175,176,173,166,153,71,87,175,159,35,99,170,164,165,164,162,158,154,154,112,13,3,5,71,150,150,154,157,160,154,153,157,157,154,152,150,146,156,151,150,146,152,143,146,148,144,144,146,135,137,145,123,71,38,12,9,12,11,9,8,8,8,7,9,10,9,9,14,50,86,105,107,104,100,98,96,97,100,90,90,88,94,86,33,11,3,5,10,50,84,85,86,90,89,87,85,83,82,81,80,77,73,44,8,6,4,6,25,61,54,47,42,34,31,30,28,27,26,25,14,1,2,6,2,2,2,3,4,4,6,9,11,13,13,17,23,25,23,23,26,26,28,23,22,27,19,5,0,2,2,2,2,2,2,2,2,2,2,2,2,2,2,2,2,2,2,2,2,2,2,1,1,2,4,7,9,9,9,10,10,9,7,6,7,10,10,8,5,7,5,5,7,6,7,6,2,7,4,5,19,3,2,8,5,60,142,7,50,203,46,1,33,35,35,15,33,5,17,31,3,15,34,33,12,42,28,11,7,18,21,15,14,15,14,19,19,25,7,10,30,19,8,24,40,28,26,26,12,12,21,38,16,35,12,44,28,28,38,30,41,8,14,12,6,33,33,19,6,52,30,2,10,3,1,9,10,15,16,31,27,20,22,19,23,22,32,41,38,41,38,39,37,58,57,44,49,66,69,59,86,196,185,184,181,183,81,4,2,6,4,4,5,7,10,9,5,7,6,3,3,3,3,8,11,8,11,11,38,14,1,15,21,33,19,19,9,80,187,185,185,182,176,184,185,183,185,179,179,177,177,178,179,182,172,110,29,4,2,75,151,174,175,169,167,172,165,161,167,165,165,161,164,178,133,58,2,5,6,0,10,2,4,3,6,6,1,9,37,18,21,61,168,191,161,146,171,150,211,203,199,208,208,214,212,213,214,196,196,213,220,216,205,128,106,182,159,181,216,203,220,223,214,222,220,221,221,182,179,177,159,169,216,217,189,176,205,220,224,219,191,201,205,182,165,161,186,165,60,6,8,3,4,4,7,1,7,12,15,133,229,213,217,221,216,221,223,222,218
6,55,195,208,192,178,157,139,114,107,114,102,38,91,189,184,187,191,183,181,185,185,187,191,185,186,185,181,180,181,180,178,178,181,183,182,181,181,181,181,175,182,174,175,181,173,172,180,130,56,149,184,85,41,162,175,166,165,165,160,158,154,141,55,2,5,4,95,156,156,159,157,158,154,157,160,158,154,153,153,152,155,139,151,155,150,149,146,145,146,145,143,142,140,106,49,14,9,8,12,16,25,37,45,52,49,36,20,13,10,7,6,5,25,71,105,106,97,102,96,90,92,85,89,82,81,84,47,7,9,9,6,20,59,81,74,75,77,78,76,73,72,73,76,75,65,24,4,7,8,2,33,55,51,47,42,34,29,27,24,23,21,26,18,1,1,7,1,1,4,8,11,13,14,15,16,29,25,23,25,24,21,22,27,28,27,24,23,24,21,10,1,2,2,2,2,2,2,2,2,2,2,2,2,2,2,2,2,2,2,2,2,2,2,2,1,2,3,5,7,9,10,10,10,8,6,5,7,10,11,9,6,6,7,6,5,6,6,6,7,2,4,4,8,9,8,12,1,22,152,185,180,129,2,39,13,39,10,8,6,11,18,34,24,16,37,36,10,29,16,19,13,39,29,4,32,49,28,7,19,25,27,36,25,14,20,40,21,29,26,23,3,15,18,19,32,4,24,48,10,14,16,21,14,30,17,3,32,42,40,7,14,1,4,6,5,6,17,7,19,23,12,22,18,18,29,25,29,27,34,39,39,40,38,37,38,42,45,47,44,61,50,73,192,190,188,179,184,121,2,2,6,8,2,8,6,3,10,6,0,4,5,3,6,5,2,5,7,10,5,15,35,46,47,19,19,8,61,53,14,24,140,199,185,180,176,183,183,178,180,181,182,170,183,175,180,178,181,176,117,31,8,1,49,132,171,174,161,163,164,164,164,154,162,159,163,167,137,134,99,13,18,17,4,4,0,2,4,5,5,3,7,22,35,15,70,178,201,194,204,211,196,211,210,204,218,206,193,173,187,170,128,162,209,216,221,196,171,205,221,212,220,221,222,216,199,201,218,223,226,197,165,185,178,186,216,221,228,229,222,201,206,190,131,149,187,146,120,151,187,191,166,57,6,2,2,6,1,8,4,8,11,32,170,224,213,220,223,218,212,227,222
0,27,123,127,116,114,130,148,165,180,189,193,96,81,148,68,116,168,194,196,194,189,188,184,193,190,183,176,177,183,186,184,186,185,182,179,180,183,185,185,179,187,174,175,178,174,177,163,73,102,177,140,30,111,183,163,170,168,170,165,161,156,101,12,3,3,12,115,157,159,159,158,156,156,159,161,160,160,155,148,132,126,143,149,150,146,149,146,144,150,145,143,144,108,42,7,14,10,18,41,73,105,120,121,118,114,111,103,74,33,10,11,15,5,19,61,99,96,97,93,91,86,84,85,76,74,75,59,10,8,8,5,5,34,69,70,65,66,67,67,66,64,63,63,60,40,9,4,6,6,11,47,53,49,46,41,34,29,26,22,22,21,25,20,8,6,11,9,15,16,19,22,23,24,24,24,27,24,21,20,20,22,26,31,28,26,26,25,21,20,15,4,2,2,2,2,2,2,2,2,2,2,2,2,2,2,2,2,2,2,1,1,2,3,2,2,2,2,2,5,7,9,9,8,8,7,6,7,8,10,10,10,6,10,8,5,7,6,5,10,6,7,6,0,5,14,9,16,0,4,40,123,193,151,81,14,11,25,29,27,22,19,6,29,5,13,21,23,23,16,30,7,8,42,52,42,24,17,13,17,15,17,25,24,11,22,18,4,5,15,5,24,48,31,24,19,25,44,7,11,18,22,3,15,15,11,22,41,19,40,3,2,4,14,2,1,16,17,12,21,15,18,24,20,19,20,20,31,32,33,33,33,35,35,35,40,36,37,46,47,55,71,185,190,183,179,183,155,12,1,9,1,6,2,5,6,4,4,5,9,1,4,2,8,7,2,5,4,10,2,7,8,26,39,15,26,11,130,130,20,12,59,187,187,190,192,190,199,192,184,190,179,191,179,183,177,174,180,177,183,135,25,8,11,27,98,158,172,164,167,171,158,152,167,168,160,172,166,117,175,153,48,10,5,12,2,9,2,1,6,4,5,11,16,38,18,47,178,224,210,207,209,215,191,186,178,148,167,114,146,174,151,170,214,224,216,216,216,203,213,216,195,201,157,176,168,182,220,218,219,228,219,214,222,222,222,217,187,188,199,159,128,150,138,126,183,203,191,204,217,207,226,169,32,5,4,10,1,4,2,9,12,12,55,193,216,211,217,220,215,222,197
56,92,124,151,179,195,201,208,204,202,199,194,133,24,21,4,29,95,130,144,155,164,183,193,187,192,191,185,184,188,189,186,189,187,184,183,185,187,186,183,180,183,179,183,173,177,177,119,57,159,167,74,56,170,174,169,173,166,163,167,156,141,47,0,7,2,23,128,157,159,156,161,161,160,159,158,161,164,152,134,49,62,154,155,149,148,143,145,149,139,143,144,116,52,8,17,13,25,67,118,137,127,121,125,123,125,118,113,115,100,56,14,6,10,7,27,86,92,89,93,91,79,82,77,70,72,69,69,45,6,3,7,6,7,32,51,67,64,61,61,61,58,51,45,33,4,4,6,5,1,23,50,49,45,41,37,32,30,29,26,23,26,26,24,20,16,17,22,27,26,24,23,22,22,23,23,21,23,25,23,23,23,22,21,21,20,24,24,17,19,20,9,2,2,2,2,2,2,2,2,2,2,2,2,2,2,2,2,3,2,1,1,2,2,2,2,3,1,1,3,6,8,8,7,8,8,7,6,7,8,11,14,6,10,6,4,10,7,2,6,7,8,3,5,5,0,11,1,11,9,0,2,29,135,94,5,26,22,31,19,19,31,4,1,7,17,5,7,9,22,38,9,23,1,25,38,40,30,30,16,12,6,8,35,20,40,11,24,33,26,44,31,24,15,48,17,33,34,11,23,9,27,26,16,21,39,34,6,10,1,20,22,10,4,10,19,23,12,18,13,13,21,13,15,26,22,18,25,29,29,29,32,34,32,31,35,34,38,48,44,67,184,196,179,177,178,169,25,1,9,1,5,1,9,6,3,5,3,5,6,7,6,1,4,7,5,14,16,17,8,4,13,7,5,21,10,38,186,183,48,7,26,128,201,191,198,173,158,125,117,172,189,187,183,187,188,187,189,185,179,96,17,4,4,14,93,176,174,176,175,179,170,176,176,174,177,175,182,152,136,196,187,87,17,6,9,6,3,6,3,1,6,2,3,13,37,25,26,137,210,208,212,204,158,131,131,149,199,186,189,206,215,215,217,219,203,153,147,185,175,175,152,185,159,164,201,213,222,224,224,209,191,179,197,191,168,179,153,158,157,150,122,153,191,181,200,221,224,219,219,218,206,212,130,20,6,0,10,6,2,4,4,10,13,87,208,218,211,216,220,219,179
188,206,207,203,204,210,198,204,204,200,197,197,161,25,9,39,18,31,37,20,52,90,164,192,196,190,197,188,193,193,182,192,194,184,184,181,168,168,168,146,136,142,189,176,184,183,177,79,107,182,163,49,99,174,174,173,177,168,164,166,164,80,6,3,5,4,30,138,154,159,155,161,163,161,156,159,153,128,110,124,109,69,115,162,150,144,147,147,148,144,141,137,69,13,14,14,16,78,129,122,126,125,123,130,121,118,112,113,113,118,103,55,8,10,8,12,44,90,90,85,85,78,74,72,69,69,69,67,59,24,3,7,10,2,3,15,30,38,44,42,40,37,26,12,5,5,6,2,2,18,37,41,42,37,38,38,33,32,31,25,24,25,24,22,23,25,26,25,22,20,21,23,22,21,23,22,24,23,22,22,23,24,24,23,20,22,23,21,21,21,17,11,1,2,3,2,2,2,2,1,2,2,2,2,2,2,2,2,2,2,2,2,2,2,2,2,2,2,1,1,2,5,8,10,7,6,6,7,8,9,8,7,8,7,7,6,6,6,7,7,7,8,7,6,7,7,5,2,5,6,12,11,2,1,6,11,18,29,41,40,13,15,9,19,15,41,33,9,2,9,1,8,33,7,10,10,53,13,5,17,44,7,26,28,12,21,33,27,35,16,29,10,38,21,18,4,13,31,25,13,9,7,30,23,46,24,7,7,10,8,8,12,16,12,15,12,15,12,15,12,15,18,20,20,19,19,22,24,23,23,29,32,32,34,29,35,36,47,38,69,189,195,180,183,173,177,49,3,3,5,7,3,11,16,3,3,8,3,6,9,7,7,8,8,7,2,9,31,24,22,7,14,6,11,21,17,96,217,200,121,21,12,49,173,200,164,92,77,18,52,177,196,189,193,192,191,194,194,159,70,12,7,8,59,131,180,187,186,182,184,185,184,184,185,185,183,188,189,172,142,175,182,185,132,38,4,8,5,2,2,3,2,1,5,3,5,29,41,17,83,202,220,208,181,162,184,209,214,219,217,218,218,212,218,224,204,127,114,171,177,181,193,213,221,215,226,220,220,223,226,200,128,115,142,135,135,189,171,161,170,202,198,211,220,213,216,223,218,212,196,177,133,171,179,105,11,9,0,4,3,3,0,10,18,14,122,223,218,212,220,218,205
127,154,206,210,202,197,208,202,203,200,194,175,99,9,18,72,54,52,57,52,78,122,156,191,194,189,192,192,189,194,200,193,186,181,167,162,109,125,154,98,74,99,176,186,180,183,159,63,154,184,150,33,70,74,50,130,180,174,170,171,118,8,6,4,7,1,43,155,158,160,162,155,156,160,156,158,117,42,29,79,151,135,124,148,155,153,154,145,142,143,136,122,38,13,12,9,64,137,134,122,123,119,114,127,122,127,121,117,116,117,113,94,25,7,7,7,26,82,92,80,81,80,79,77,72,67,65,64,64,46,20,3,2,6,6,2,3,6,8,8,7,7,4,1,2,1,2,9,19,33,39,32,39,37,36,35,33,31,30,27,24,25,24,22,23,24,25,23,22,19,20,22,20,20,21,21,21,21,20,20,21,21,21,21,21,23,23,21,21,22,18,13,2,2,3,3,3,2,2,2,2,2,2,2,2,2,2,2,3,3,2,2,2,2,2,2,3,2,1,1,2,4,6,7,8,7,7,7,7,8,8,8,8,7,7,7,6,6,6,6,7,8,7,6,6,7,6,3,3,5,2,3,13,18,15,12,17,2,2,26,29,8,5,26,15,16,15,7,23,23,23,10,48,15,1,15,12,21,26,14,9,12,22,16,44,21,57,21,16,28,16,8,4,38,13,24,35,11,8,28,42,5,23,35,11,6,3,3,7,9,9,7,11,11,13,16,14,15,13,11,12,14,17,19,19,20,23,26,30,31,31,27,32,24,30,36,38,38,78,200,193,184,175,176,174,56,0,7,5,0,12,12,8,13,9,3,6,7,5,10,0,7,5,1,5,14,8,1,7,38,27,41,10,7,10,34,167,201,205,187,64,5,31,113,199,184,171,148,31,120,196,186,201,189,195,202,189,117,34,13,10,36,111,179,192,191,195,189,189,191,193,192,190,190,190,190,186,196,188,136,162,195,186,197,186,69,7,10,6,5,11,1,2,10,5,1,5,21,42,27,47,189,228,210,215,221,216,216,210,206,192,169,173,202,218,219,194,196,202,206,225,223,229,221,228,188,183,220,220,221,220,158,137,120,156,184,216,216,205,217,224,216,216,226,220,232,217,177,141,124,145,117,148,199,193,86,2,12,6,0,6,5,5,9,13,29,160,220,214,217,215,217
27,38,105,161,194,195,201,196,180,168,153,115,36,13,9,67,68,80,128,179,187,194,196,199,189,201,191,193,178,146,151,158,144,162,127,122,99,74,109,137,131,171,180,194,194,192,146,56,165,198,92,15,137,136,57,71,169,177,165,120,31,7,2,9,8,6,62,159,159,159,162,160,162,154,154,98,106,69,26,86,130,159,153,154,155,150,147,148,143,148,136,100,17,15,14,23,103,135,122,129,118,125,132,125,122,124,114,114,120,117,111,105,49,9,13,10,13,76,99,92,90,86,78,71,70,66,62,61,61,62,52,31,12,5,3,3,3,3,4,6,6,4,4,6,2,5,15,25,32,38,38,32,36,37,34,32,33,31,29,29,25,24,23,22,22,23,23,22,23,20,20,21,19,19,21,20,20,20,21,21,20,20,21,22,21,22,21,19,20,21,19,16,4,2,1,3,3,2,2,4,2,2,2,2,2,2,2,2,3,3,3,2,2,2,2,2,3,2,2,1,1,2,3,4,7,7,7,7,7,7,8,9,8,8,8,8,7,7,6,6,7,7,7,6,6,7,6,5,5,7,3,5,6,2,23,66,16,16,19,13,15,17,31,7,12,46,21,13,36,18,7,43,18,45,32,17,11,13,13,10,16,2,20,32,32,28,7,7,38,4,14,17,31,1,15,32,36,17,8,15,28,2,7,2,3,6,6,5,6,10,13,14,9,10,10,17,12,16,13,11,14,16,17,18,18,18,20,22,20,27,14,25,20,24,29,28,28,51,114,164,185,192,183,184,67,1,6,2,8,1,2,7,5,10,15,5,5,11,5,12,8,7,7,10,6,1,4,20,3,18,18,20,27,15,7,78,214,203,201,204,131,101,146,143,169,207,204,95,16,95,109,161,203,198,194,197,204,146,46,19,14,52,137,203,193,202,197,198,196,196,197,199,198,197,196,195,198,195,199,173,154,189,191,196,190,193,127,20,0,0,4,4,8,1,8,5,8,2,13,42,37,30,149,212,193,208,185,167,169,151,158,159,168,206,223,216,223,222,228,228,214,208,193,181,186,142,133,195,222,217,228,209,173,181,211,217,221,223,206,200,215,214,164,198,224,220,218,193,140,152,193,195,203,207,221,200,65,0,5,1,2,6,5,1,13,12,48,195,218,210,216,217
38,80,76,55,59,86,104,144,141,130,139,135,117,117,44,42,121,145,173,200,199,191,193,190,188,139,132,153,140,121,146,116,124,120,124,169,143,131,157,186,199,191,174,149,127,164,171,66,124,142,75,69,118,184,170,127,114,101,94,58,7,1,45,73,4,1,81,173,161,158,159,148,148,119,89,107,70,125,124,139,126,123,154,158,150,154,149,147,139,144,136,84,16,11,10,31,114,130,127,134,133,129,126,127,123,127,126,125,124,117,114,117,64,5,5,6,13,77,97,90,87,85,78,73,75,72,65,62,57,56,55,50,38,22,11,7,3,2,2,2,2,1,3,6,16,23,32,37,35,33,35,38,33,36,33,31,34,31,27,30,25,24,23,23,23,23,22,21,24,21,22,23,21,20,20,19,20,21,22,22,21,21,22,23,21,21,19,17,17,18,18,16,7,2,0,3,3,1,1,4,2,2,2,2,2,2,2,2,3,3,3,2,2,2,2,2,3,2,2,2,2,2,2,2,5,6,7,7,7,7,8,9,8,8,8,8,8,7,6,6,7,7,7,6,6,7,7,6,7,8,3,3,7,1,1,6,2,13,19,18,29,15,15,10,6,18,9,26,22,11,9,19,18,19,29,32,22,7,23,41,14,8,26,35,15,30,30,10,32,29,9,19,20,1,17,3,15,12,2,8,11,6,9,4,5,6,11,15,14,10,8,9,11,10,9,13,10,14,14,13,17,18,18,17,16,16,17,17,22,21,31,17,21,23,33,26,75,83,60,74,119,154,184,94,5,1,8,7,2,3,10,3,2,8,12,6,6,8,4,9,4,6,5,8,9,9,11,13,20,13,6,4,10,13,20,162,207,206,202,203,188,154,210,201,168,196,207,129,112,148,175,198,207,204,204,208,203,206,162,67,17,18,83,197,209,192,203,198,202,199,199,202,204,202,199,197,196,202,200,191,155,179,198,196,194,160,190,166,62,1,5,8,4,5,5,2,1,4,7,5,37,33,18,88,177,196,161,125,166,178,199,216,223,220,218,227,224,217,208,198,167,159,142,139,149,152,142,179,215,213,220,218,222,224,220,225,195,164,171,140,159,159,100,146,213,218,222,214,220,220,220,219,216,223,218,222,176,40,0,7,0,0,5,5,6,18,6,85,214,213,217,212
94,87,87,90,48,57,92,143,151,159,175,183,200,211,129,26,98,177,169,166,188,179,149,142,142,97,86,105,160,124,139,141,189,166,172,199,194,192,198,180,133,144,147,61,67,176,201,122,41,79,160,150,63,160,183,120,70,54,29,55,61,30,141,101,1,8,98,166,167,173,131,93,86,91,82,83,81,142,148,114,30,82,153,143,147,153,143,151,138,137,139,91,18,10,10,22,106,136,130,124,125,129,128,129,124,107,91,78,71,76,84,88,44,6,10,8,19,79,93,91,89,87,81,75,71,68,63,59,60,62,60,54,53,52,46,37,27,26,22,18,17,21,26,30,35,35,36,36,36,33,33,36,32,36,34,32,34,31,27,29,26,25,24,24,25,24,23,22,23,20,22,24,21,20,20,18,19,20,21,21,20,20,20,21,21,20,18,16,15,16,16,16,10,4,1,2,3,1,1,3,2,2,2,2,2,2,2,2,3,3,3,2,2,2,2,2,2,2,2,2,2,2,2,2,2,4,6,7,7,6,7,7,8,8,8,8,8,8,7,6,7,7,7,7,7,7,7,7,4,5,9,9,6,5,7,7,7,1,8,2,1,14,21,11,7,11,3,11,35,17,15,13,44,6,9,38,17,21,9,13,5,17,21,35,1,22,45,15,27,41,5,5,28,2,8,6,16,16,7,11,6,2,4,5,8,7,9,13,14,13,11,10,13,10,12,10,12,11,14,11,15,15,16,16,16,17,18,18,23,18,14,21,29,18,16,122,167,124,86,57,55,130,120,7,8,8,0,14,8,4,20,10,1,5,3,7,7,1,3,4,2,8,2,1,6,17,19,2,15,10,19,24,23,7,83,203,198,203,204,205,211,160,177,212,185,179,207,203,214,217,216,192,189,201,202,208,203,201,210,185,92,18,20,99,186,201,199,203,204,203,203,205,205,205,204,204,203,204,205,202,162,172,203,206,206,182,149,184,185,108,8,4,8,2,2,0,4,8,2,7,5,36,46,26,49,166,228,189,212,222,219,213,202,207,216,192,161,197,165,142,160,143,156,180,194,213,210,212,218,222,223,199,179,205,218,227,203,150,156,150,153,166,177,181,212,220,214,224,220,217,219,223,210,199,167,167,186,131,18,6,8,3,0,5,2,6,19,11,119,228,203,215
110,87,91,129,162,178,182,194,202,202,202,207,196,195,175,31,60,161,89,86,107,118,143,148,129,133,122,164,185,193,178,190,197,195,201,189,151,180,199,151,48,82,166,156,78,159,188,157,19,93,196,176,97,91,146,77,64,0,6,8,69,86,137,79,1,12,121,162,133,147,110,93,120,64,151,130,109,88,94,120,72,36,80,134,155,150,152,144,148,137,139,107,18,9,16,13,82,135,122,123,126,134,114,80,55,32,17,10,10,17,15,10,8,4,12,5,24,85,94,90,95,90,85,81,76,75,70,60,57,60,56,47,45,50,52,49,47,47,44,40,38,39,41,41,38,38,34,33,34,33,31,34,32,34,34,33,33,31,29,30,28,26,25,26,27,25,23,22,21,19,21,23,20,19,19,17,19,20,20,20,20,20,20,20,21,20,18,17,16,16,16,16,13,7,2,2,2,1,1,2,2,2,2,2,2,2,2,2,2,2,2,2,2,2,2,2,2,2,2,2,2,2,2,2,1,3,4,6,6,6,6,6,8,8,8,8,8,8,7,7,7,7,7,8,8,6,7,8,10,2,4,11,9,5,5,3,6,4,5,5,6,10,1,7,8,10,7,9,9,3,11,13,26,15,10,11,5,25,2,11,16,5,33,32,15,3,6,7,13,28,8,4,13,13,5,9,2,5,7,2,8,4,11,6,12,11,8,5,9,16,17,13,13,9,14,10,13,9,13,8,14,14,14,14,15,17,17,18,17,18,21,30,14,30,143,185,162,189,170,70,65,101,12,15,0,17,7,11,17,4,7,5,3,5,1,9,8,0,5,3,6,7,3,7,6,5,16,13,15,8,12,12,19,15,173,211,202,201,204,200,207,196,168,200,201,169,197,217,186,164,212,190,95,176,223,207,212,209,201,208,200,105,26,19,78,171,196,201,201,205,208,208,208,209,211,212,196,171,161,201,186,163,199,202,204,208,194,197,208,207,147,32,2,9,11,1,6,1,3,6,1,17,22,45,28,47,154,238,217,212,218,219,167,143,166,145,106,167,178,153,211,190,201,220,219,221,220,224,221,206,189,174,123,177,225,219,226,202,180,201,206,210,226,215,218,186,170,199,217,196,189,181,169,158,139,119,153,195,102,8,6,5,0,2,2,8,11,17,22,161,219,218
146,127,136,161,201,215,214,206,205,211,201,171,129,166,204,64,20,140,98,107,109,113,152,141,179,200,212,201,186,148,170,198,193,194,187,150,57,156,200,178,118,50,103,194,127,141,134,126,96,70,170,194,153,66,72,90,72,3,0,9,76,72,138,77,3,17,140,133,74,152,144,102,81,105,167,162,64,45,44,80,130,103,111,150,152,138,143,148,148,137,136,121,44,9,14,10,45,117,128,134,131,98,43,13,9,6,7,7,8,7,6,11,13,11,10,9,43,104,106,95,91,87,88,83,69,70,74,67,69,62,55,54,56,56,51,46,49,47,46,46,44,40,37,36,34,38,35,32,33,32,30,32,32,31,32,32,30,30,32,31,31,28,26,27,28,25,22,21,21,18,19,21,18,18,19,18,21,21,21,21,21,21,20,19,19,19,18,18,17,17,17,17,16,11,5,2,2,3,2,1,2,2,2,2,2,2,2,2,2,2,2,2,2,3,3,3,2,2,2,2,2,2,2,2,2,2,2,4,5,7,7,7,7,7,7,7,7,7,8,8,7,7,8,9,8,6,6,8,6,11,9,3,3,9,10,6,7,3,6,9,1,3,6,6,3,4,5,16,2,8,7,6,6,3,25,22,14,8,4,10,6,14,17,36,15,16,4,9,6,2,6,7,3,4,4,3,6,2,4,8,13,4,9,11,4,7,9,10,12,14,10,5,14,11,11,11,10,10,11,9,15,14,13,13,14,15,15,15,20,16,18,9,45,161,194,146,162,194,169,128,63,52,28,20,6,5,4,10,9,2,5,1,5,4,5,9,7,4,6,5,1,6,2,6,9,14,20,4,8,15,8,20,10,85,204,199,202,199,204,208,204,207,176,170,216,192,169,213,174,89,147,137,55,102,200,215,209,208,209,205,203,125,34,30,15,103,200,202,201,205,207,209,211,211,203,193,160,144,123,181,207,177,199,215,206,204,209,193,185,177,182,162,56,3,5,6,3,11,6,2,8,2,3,11,47,45,24,111,199,215,211,220,201,145,142,181,190,196,209,181,220,221,224,224,217,222,224,226,223,180,132,133,165,171,209,217,222,228,215,221,220,226,220,222,215,160,153,183,185,136,125,153,150,150,185,181,190,219,196,72,9,4,4,5,1,4,4,10,18,44,197,219
207,192,188,188,200,195,191,196,160,137,154,169,124,136,161,80,10,142,168,148,166,194,200,192,201,181,148,182,165,56,59,176,176,95,127,90,33,123,199,199,166,110,161,192,182,161,142,171,187,94,99,192,186,116,28,36,88,79,62,85,81,106,164,40,1,39,157,135,73,118,108,154,150,146,107,130,121,48,53,105,129,155,152,154,147,152,143,147,141,140,142,138,91,16,10,16,10,53,127,131,80,25,9,9,10,25,49,69,80,55,15,10,6,9,9,7,28,77,91,95,99,93,85,56,18,20,50,65,62,67,68,63,58,54,52,49,49,42,39,43,42,37,36,40,36,39,35,31,36,35,30,29,32,29,31,31,27,30,34,33,33,30,27,28,28,25,21,20,22,18,18,19,17,18,20,20,21,20,20,20,20,20,19,18,18,18,18,18,18,17,17,17,18,13,6,2,2,4,3,1,2,2,2,2,2,2,2,2,1,2,2,2,3,3,3,3,3,2,2,1,1,1,1,2,3,2,1,2,4,7,8,9,7,7,7,7,7,7,8,9,7,7,8,10,9,6,6,7,8,10,5,7,16,9,2,7,7,9,5,10,10,4,8,4,5,3,4,1,7,4,2,4,6,2,7,1,2,5,9,4,6,3,2,7,1,4,6,5,5,6,3,5,5,4,10,8,5,11,7,10,4,11,10,10,11,8,9,15,15,11,10,13,15,12,8,10,4,10,10,11,13,12,11,12,14,15,15,15,21,12,16,87,177,176,153,180,194,145,128,64,30,60,41,21,2,7,0,6,2,4,7,3,4,1,9,5,2,7,4,6,4,9,2,4,7,17,31,18,19,15,16,18,33,174,213,200,202,205,199,208,211,210,200,144,133,97,93,194,219,130,56,55,77,119,210,213,210,212,211,191,119,48,20,42,118,181,203,208,207,207,206,209,214,209,185,160,159,148,180,209,203,204,212,212,209,206,209,186,150,171,148,164,184,112,13,9,8,1,3,2,2,5,2,8,5,35,58,30,72,189,228,209,218,207,193,217,223,217,215,217,215,208,211,197,148,186,218,220,225,202,150,142,196,213,215,229,222,221,225,226,222,221,222,224,220,204,176,147,157,171,129,149,183,201,221,218,220,212,227,172,39,10,0,3,4,2,0,9,14,11,80,216
208,193,167,189,171,116,184,188,109,85,110,186,178,136,164,142,15,87,200,211,195,200,203,206,194,101,58,119,188,154,71,119,169,104,178,156,112,159,203,194,202,172,178,181,123,182,193,194,189,158,71,159,193,151,32,1,11,60,100,112,131,176,127,49,24,44,167,171,135,98,147,152,138,148,38,25,72,112,121,155,155,146,151,159,151,149,149,144,142,150,138,138,138,68,8,18,14,8,42,69,15,9,13,21,76,113,136,131,100,49,12,8,12,6,5,8,11,14,27,44,51,39,26,11,4,4,7,36,65,66,64,61,60,59,55,50,46,52,47,50,38,43,36,37,40,39,38,38,37,35,31,28,30,33,31,32,31,31,35,33,34,34,32,29,27,25,23,22,19,17,18,20,21,20,19,20,17,17,18,19,20,21,21,20,21,19,17,16,17,18,18,18,14,16,8,0,2,3,1,2,2,2,2,2,2,2,2,2,2,2,2,2,2,2,2,2,2,2,2,2,2,2,2,2,2,2,1,1,2,3,5,6,7,7,7,7,7,7,7,7,8,8,8,7,7,7,6,6,10,11,11,11,10,9,8,8,8,9,9,8,7,6,7,8,8,7,7,6,6,5,5,4,5,5,5,5,5,5,5,5,5,6,5,4,5,6,5,3,6,10,6,9,7,10,7,11,10,9,10,10,8,9,12,11,14,15,13,10,9,10,11,12,6,11,12,10,11,12,10,8,9,11,9,12,14,13,14,17,4,28,136,198,186,170,164,165,113,73,78,24,28,61,56,13,5,4,3,4,5,5,3,1,6,4,7,1,6,2,1,9,9,19,12,8,5,10,11,25,11,14,25,13,90,201,205,197,202,203,207,206,205,211,206,185,65,19,25,136,216,199,158,173,196,215,216,215,215,207,165,83,32,19,73,156,207,208,209,208,207,213,213,216,204,172,166,157,160,194,217,208,212,207,182,190,208,212,207,209,179,182,196,199,201,220,154,35,4,5,4,2,6,1,3,2,8,4,29,57,38,60,177,226,213,221,228,218,214,207,193,211,185,137,165,159,110,125,208,222,220,222,216,212,212,218,223,219,216,223,186,189,210,224,223,218,223,215,188,165,190,222,206,165,181,218,220,216,216,215,209,227,143,26,3,3,5,3,5,1,10,18,17,123
186,142,119,193,182,100,144,206,168,176,175,188,196,198,204,200,87,16,141,207,198,200,205,198,194,153,85,92,185,152,83,101,188,182,195,197,204,199,184,104,109,148,94,99,75,172,194,192,188,190,115,83,162,81,2,2,12,99,172,172,188,136,108,167,140,86,155,180,177,174,143,149,87,114,81,66,122,138,167,150,155,158,155,146,152,150,148,152,148,142,153,139,133,124,50,7,12,18,7,15,19,14,7,49,104,96,80,49,16,8,10,11,5,27,27,7,5,9,7,6,5,5,5,7,8,7,21,54,75,69,63,62,61,58,52,48,48,51,46,48,41,45,41,41,43,40,37,36,36,35,33,31,29,31,30,32,31,28,31,30,34,34,32,31,28,26,24,23,24,21,19,19,19,19,20,21,18,18,18,19,20,21,20,19,21,20,20,19,19,18,17,16,16,17,12,4,2,3,2,2,2,2,2,2,2,2,2,2,2,2,2,2,2,2,2,2,2,2,2,2,2,2,2,2,3,2,2,1,2,2,4,4,7,7,7,6,6,7,7,8,7,7,7,8,8,9,9,9,9,10,11,11,11,10,10,11,10,10,9,9,9,9,9,9,9,8,8,8,8,7,7,7,8,8,8,8,8,8,8,8,8,6,8,11,8,4,6,13,14,13,11,13,10,10,11,13,11,9,10,12,11,12,13,11,12,12,10,8,8,9,10,9,10,10,8,6,6,8,11,13,8,14,8,11,15,13,13,3,74,169,200,186,177,160,96,33,50,43,16,25,45,65,65,3,4,5,6,6,4,3,7,13,7,3,3,3,9,8,9,2,7,13,13,20,16,24,22,6,15,7,20,21,172,212,198,209,205,200,205,211,208,209,210,205,143,44,31,65,183,211,215,214,219,226,179,179,213,155,53,27,20,88,192,211,202,211,212,208,212,216,216,186,160,170,153,177,212,216,207,220,199,160,164,163,175,215,214,212,208,212,202,199,192,204,198,149,63,6,12,5,0,5,8,8,2,5,5,11,53,43,32,142,216,207,187,201,165,149,204,172,176,161,177,193,202,157,175,219,220,223,226,222,201,156,201,188,173,162,143,131,179,209,222,216,217,220,215,211,216,223,221,211,216,222,217,220,217,213,214,210,214,104,17,8,5,0,3,7,0,5,33,33
154,163,125,161,211,166,162,201,194,202,188,131,178,209,205,204,167,32,51,178,206,200,204,205,209,179,72,79,164,157,136,191,211,179,164,194,194,206,142,24,27,66,124,59,74,160,183,188,184,189,154,39,23,4,8,7,62,178,177,187,150,54,120,181,138,89,168,157,142,159,120,87,102,61,128,147,169,160,155,164,155,161,159,150,154,155,153,147,150,156,136,135,129,143,111,55,13,12,11,13,7,12,9,16,17,13,9,9,12,8,7,12,52,94,100,64,33,12,4,10,6,10,4,6,22,41,64,81,73,67,63,64,62,58,55,54,54,53,49,48,45,46,43,41,43,40,37,36,36,36,34,32,32,32,29,32,31,27,29,30,31,31,31,31,30,29,28,27,26,23,20,19,19,19,21,22,20,19,18,19,21,21,20,19,20,21,21,21,19,18,17,17,18,17,15,9,2,1,3,2,2,2,2,2,2,2,2,2,2,2,2,2,2,2,2,2,2,2,2,2,2,1,1,1,3,2,2,2,2,2,2,2,5,6,6,7,7,7,7,7,8,8,8,8,8,8,8,8,9,10,11,11,11,10,10,11,12,11,9,9,10,11,10,9,9,9,9,9,9,9,9,9,10,10,10,10,10,10,10,10,8,10,11,9,10,11,9,5,12,6,11,14,13,10,13,12,13,10,11,13,14,15,14,10,9,9,8,7,8,9,9,8,10,6,7,10,10,9,7,4,13,6,12,16,15,1,27,123,194,191,179,172,131,57,55,63,25,7,32,26,48,86,71,0,4,5,7,6,3,3,9,17,2,6,8,8,2,1,14,5,10,26,4,5,27,26,22,41,1,14,12,93,214,204,199,208,209,202,205,211,208,207,211,211,197,92,27,25,127,211,209,163,175,189,92,147,216,196,121,42,21,73,187,210,209,218,201,224,217,207,165,149,182,178,193,214,212,211,212,179,159,194,200,153,168,207,206,212,218,201,161,151,171,173,182,143,160,104,10,5,12,0,3,1,4,3,6,9,6,51,54,24,106,201,118,157,181,168,218,191,201,214,213,217,226,202,206,229,218,225,199,182,189,148,157,161,133,147,191,184,195,215,222,216,216,218,219,222,223,217,222,224,221,222,218,216,217,211,219,215,218,209,69,11,5,5,6,3,5,1,18,14
158,193,179,182,186,179,191,188,163,174,163,88,153,209,206,204,200,112,4,117,206,197,199,208,207,201,179,187,179,208,185,134,118,94,168,210,199,193,93,79,135,125,155,179,174,191,195,189,176,129,47,9,1,2,4,15,53,157,182,152,49,2,13,74,119,156,160,84,92,69,141,123,94,122,171,164,162,159,156,161,164,158,154,160,147,154,151,105,82,104,143,143,143,129,135,125,93,50,20,15,11,8,7,8,7,9,8,8,16,24,50,86,115,122,117,108,103,86,66,60,46,59,58,66,81,88,89,78,69,70,71,68,62,58,58,60,57,55,53,49,48,46,45,43,43,41,39,39,40,39,36,33,38,35,31,33,32,28,31,33,32,32,31,30,30,29,29,29,25,23,22,21,20,21,21,22,22,20,19,20,21,22,21,19,20,21,21,19,17,17,19,21,17,16,17,13,2,0,2,1,2,2,2,2,2,2,2,2,2,2,2,2,2,2,2,2,2,2,2,2,1,1,1,1,2,2,2,2,2,2,1,1,1,3,5,8,8,8,7,6,6,6,7,7,7,8,8,8,9,10,10,10,9,8,8,9,12,11,10,10,10,10,10,10,9,9,9,9,9,9,9,9,10,10,10,10,10,10,10,10,10,11,9,8,9,13,12,8,17,4,8,11,13,10,16,13,14,12,12,14,13,13,12,8,8,7,7,7,9,11,11,8,10,6,7,9,8,10,13,12,7,13,16,1,4,76,172,197,179,194,165,99,57,95,98,97,73,72,81,44,50,143,37,1,5,5,4,3,4,5,7,7,7,6,7,6,6,3,11,5,1,7,9,10,15,12,14,35,11,18,44,190,205,196,210,204,208,206,206,206,207,211,211,204,207,160,53,21,56,172,207,174,128,95,71,198,208,219,209,154,55,20,63,161,209,214,215,200,206,182,119,160,206,203,217,211,220,212,172,166,201,183,158,193,215,215,206,213,208,186,148,130,152,161,180,176,163,213,160,30,1,11,11,5,3,11,1,6,5,14,38,58,23,77,167,171,208,205,215,228,223,224,223,196,204,211,197,201,160,157,173,115,148,199,178,194,192,196,219,224,224,220,215,218,222,218,214,217,221,216,220,217,215,223,223,217,213,220,216,218,206,225,175,45,9,1,1,1,2,6,7,16
182,205,190,191,154,142,149,124,133,104,140,157,153,190,203,203,204,161,27,67,199,204,201,200,177,148,164,183,115,199,210,170,71,89,208,193,195,195,143,179,203,201,200,202,198,186,151,102,44,5,6,3,8,3,53,93,37,90,149,44,3,2,33,123,133,139,153,75,77,19,69,167,171,175,166,169,168,161,173,167,162,157,158,90,71,66,118,56,60,54,104,132,146,146,135,141,137,130,105,78,66,50,37,29,32,36,53,70,85,110,125,118,117,117,120,121,118,116,113,106,100,101,95,98,94,82,84,84,76,79,78,69,61,59,60,60,56,55,55,53,51,49,49,49,46,44,43,42,42,41,38,36,38,36,32,36,35,30,33,34,35,34,32,30,28,28,28,29,26,25,24,22,21,21,22,22,22,20,19,20,22,23,22,21,19,20,21,19,17,17,19,21,16,15,18,16,5,0,2,2,2,2,2,2,2,2,2,2,2,2,2,2,2,2,2,2,2,2,2,2,2,2,1,1,1,1,2,2,2,2,2,1,1,2,3,5,7,7,7,7,5,5,6,7,8,9,10,10,9,10,10,10,9,8,8,9,11,12,11,10,9,9,10,11,9,9,9,9,9,9,9,9,10,10,10,10,10,10,10,10,12,6,7,12,9,3,11,28,28,10,9,9,11,10,18,15,15,13,14,13,10,9,9,7,6,6,6,7,9,12,12,9,5,7,9,9,7,7,7,6,11,3,3,36,141,197,186,187,194,116,55,93,117,54,22,19,53,55,69,72,91,74,0,7,5,7,5,1,2,6,6,1,5,5,11,8,13,7,5,13,10,14,23,9,10,18,11,16,32,6,120,222,199,201,211,205,205,208,209,206,208,214,214,206,209,205,119,21,22,103,203,217,211,134,43,103,146,197,215,211,165,78,21,53,134,192,190,172,180,154,179,211,215,220,211,221,200,161,184,204,168,169,205,212,211,209,212,216,209,201,172,143,168,201,199,203,205,204,211,182,62,3,8,6,7,1,10,3,7,1,5,38,63,31,53,178,224,213,220,218,217,198,190,173,126,150,159,161,144,127,170,172,132,180,210,215,224,224,224,217,224,217,215,221,223,218,217,223,223,219,221,221,223,223,217,219,216,222,216,213,214,209,228,141,23,9,5,4,1,2,4,5
135,176,172,166,168,118,142,187,160,169,195,207,200,212,209,206,202,190,57,49,187,209,201,197,93,29,140,210,100,95,147,187,178,159,203,200,200,195,202,203,194,187,158,129,94,56,21,0,0,17,42,96,111,23,139,203,114,17,36,1,3,37,140,141,54,77,111,100,63,90,151,170,172,174,173,174,163,176,140,150,167,163,153,82,39,30,98,103,40,59,112,125,127,109,63,96,146,140,137,143,142,129,123,117,116,123,132,132,124,125,127,123,125,116,117,119,112,110,110,102,101,101,98,95,86,76,76,77,79,79,73,64,63,68,69,64,60,60,58,59,54,53,51,52,50,48,45,42,40,39,40,40,36,36,34,38,37,32,32,31,33,32,30,29,29,30,31,32,31,30,27,23,21,21,22,22,22,21,21,21,22,22,22,22,19,21,22,22,19,17,17,17,16,16,18,17,10,3,2,3,2,2,2,2,2,2,2,2,2,2,2,2,2,2,2,2,2,2,2,2,2,2,2,2,1,1,1,2,2,2,2,2,3,2,1,1,2,5,7,9,8,8,8,8,8,8,8,8,8,9,9,10,9,10,10,11,12,12,12,11,9,9,11,12,9,9,9,9,9,9,9,9,10,10,10,10,10,10,10,10,10,7,8,13,11,5,9,18,20,9,8,10,12,12,15,12,14,12,13,12,8,7,8,6,5,6,6,6,8,10,10,9,9,9,5,7,12,12,9,9,6,30,111,178,183,180,193,136,74,28,35,47,9,27,21,29,42,38,33,44,75,2,16,0,5,9,9,3,1,5,7,6,4,4,12,4,9,4,5,26,29,6,11,7,11,24,17,6,7,40,191,208,202,205,209,208,207,210,211,209,207,208,211,214,209,212,182,51,23,42,149,215,198,145,144,171,192,213,215,215,215,196,118,48,28,61,118,162,161,202,217,210,219,212,213,182,169,204,192,159,181,209,210,217,212,214,214,209,209,216,208,201,209,212,212,213,206,218,158,158,220,101,9,5,12,6,2,6,1,10,5,2,21,55,52,29,142,211,204,186,199,151,132,171,133,117,170,184,194,203,213,217,207,193,226,225,213,220,229,221,218,220,222,221,219,218,220,221,220,220,220,219,224,221,213,218,220,215,218,215,210,216,215,217,101,20,2,3,6,0,0,10
115,171,203,182,200,174,193,206,212,211,212,205,208,202,205,203,199,209,77,36,178,207,198,202,129,48,130,164,156,111,158,195,208,210,196,201,193,171,155,123,105,61,30,7,4,0,7,28,73,126,168,196,143,56,62,122,58,1,6,5,38,147,180,175,137,117,68,145,190,176,178,172,173,153,167,163,82,96,85,37,78,151,170,131,43,79,98,134,97,91,107,35,83,101,31,46,91,133,137,129,132,132,132,139,130,129,126,129,131,122,118,125,125,115,115,119,115,110,109,111,98,97,95,87,86,93,89,81,81,79,74,69,70,75,75,72,68,67,61,64,57,59,54,56,54,53,50,46,42,41,42,43,38,39,36,37,37,34,34,31,29,29,29,30,31,32,34,34,33,33,31,27,24,24,24,23,23,23,23,22,22,21,22,23,20,21,22,22,20,18,17,17,16,17,18,18,14,6,1,3,2,2,2,2,2,2,2,2,2,2,2,2,2,2,2,2,2,2,2,2,3,3,3,3,2,2,2,2,2,2,2,2,3,2,1,1,1,3,5,6,9,9,9,8,8,7,7,7,8,8,9,9,9,9,10,11,12,11,11,10,9,9,10,11,8,8,8,9,9,9,9,10,10,10,10,10,10,10,10,10,7,10,11,10,11,14,9,1,7,7,7,12,12,13,11,11,12,10,12,13,10,10,9,6,6,7,6,5,6,7,8,7,5,11,11,12,12,2,2,19,86,161,188,176,191,149,81,25,20,26,23,10,29,38,15,47,17,30,13,80,50,1,0,19,5,7,9,7,5,4,6,8,12,2,1,1,9,10,15,19,16,16,8,18,46,28,10,19,10,130,218,205,206,208,212,212,211,212,212,211,209,205,208,215,210,210,212,122,40,22,89,204,213,211,225,222,218,211,223,214,214,208,210,151,56,26,46,91,196,216,210,217,220,204,169,179,208,180,153,195,222,207,214,214,210,209,214,213,214,214,210,215,206,195,213,174,159,174,135,112,178,223,143,26,1,10,7,2,4,4,1,9,1,11,47,54,29,102,189,163,123,177,154,154,197,205,211,213,218,218,220,216,218,218,217,226,227,223,214,219,217,218,220,220,219,222,222,219,219,220,222,217,218,222,220,221,218,220,217,216,215,210,217,222,202,64,4,3,2,4,5,4
194,197,204,211,206,213,207,206,205,206,201,208,203,209,207,202,204,208,111,28,183,213,206,211,198,118,121,174,201,196,180,173,150,133,108,79,60,30,12,5,0,1,0,12,43,75,114,167,187,194,186,140,85,141,33,77,54,4,7,32,141,178,179,181,184,143,160,181,177,163,183,168,68,52,140,165,72,50,103,49,94,118,180,159,142,138,116,112,76,143,132,66,71,137,71,31,69,120,133,133,133,133,131,134,132,126,132,136,126,127,131,124,121,121,116,113,117,117,112,113,103,94,95,93,95,100,91,86,91,89,86,83,79,76,74,72,71,69,60,66,59,65,59,62,58,59,58,55,50,46,46,47,43,43,37,36,35,35,37,34,31,31,32,32,32,32,31,31,31,33,34,32,29,27,25,23,23,24,24,23,21,20,21,23,21,21,21,20,19,19,20,20,16,18,17,17,17,7,1,3,2,2,2,2,2,2,2,2,2,2,2,2,2,2,2,2,2,2,2,2,3,3,3,4,3,2,2,1,1,2,2,2,2,2,3,3,3,2,2,2,4,5,6,7,8,9,10,10,8,9,9,9,8,8,8,9,12,10,8,8,9,9,9,9,6,7,7,8,8,9,9,10,10,10,10,10,10,10,10,10,9,10,10,9,10,11,12,12,10,14,9,12,9,13,11,17,10,8,10,13,13,13,11,7,8,8,8,5,5,6,6,6,6,15,10,2,3,22,86,165,179,176,160,145,103,21,18,26,20,10,24,43,14,23,37,56,41,8,50,123,74,7,7,4,5,3,5,11,10,4,2,5,6,3,4,9,11,9,21,12,16,20,10,14,19,2,19,29,67,197,209,205,208,210,207,209,211,213,212,211,213,212,211,213,215,207,215,191,77,32,32,144,219,211,213,152,122,141,161,216,213,219,211,211,169,83,24,39,128,195,218,219,187,156,196,205,174,169,206,219,208,213,214,214,215,206,216,215,210,213,211,207,164,132,144,120,124,161,150,138,165,214,220,180,54,3,5,6,7,1,8,1,7,2,11,51,62,23,84,186,176,195,209,212,217,219,212,225,216,220,217,221,224,220,223,221,220,225,225,220,223,218,219,222,221,218,218,218,221,213,218,221,217,217,218,220,217,223,218,217,217,219,213,214,226,168,43,8,4,1,3,2
209,212,211,212,210,210,215,213,213,214,213,208,217,212,214,208,204,197,81,7,130,179,163,145,130,96,94,84,73,46,32,23,7,0,3,2,0,6,10,31,50,63,107,146,171,193,196,194,187,191,130,25,106,197,108,30,13,6,1,50,172,182,186,183,182,190,185,188,133,46,143,153,54,60,77,176,155,77,120,126,114,103,150,167,162,150,55,32,32,108,167,129,96,150,134,108,145,143,137,136,134,137,142,139,139,135,138,135,135,132,127,128,121,131,128,114,122,117,111,114,107,101,100,102,100,93,92,97,90,89,84,85,84,80,78,72,69,68,67,70,68,67,58,62,56,60,61,56,51,50,50,49,43,43,41,41,44,42,36,34,38,35,31,30,32,34,32,30,36,31,29,32,35,33,28,25,20,22,24,20,20,22,19,22,21,28,16,22,27,13,15,19,15,15,15,10,3,3,5,3,2,2,2,2,2,2,2,2,2,2,2,2,2,2,2,2,1,1,2,2,2,2,3,3,3,2,2,2,2,2,2,2,2,2,2,2,2,2,2,2,2,3,4,5,7,9,12,13,9,9,9,9,9,8,8,7,5,4,7,9,8,10,11,9,8,8,8,6,6,7,9,10,8,9,9,7,7,9,10,9,8,10,12,12,11,9,8,7,9,9,10,10,10,10,11,12,10,11,6,7,6,20,17,8,5,11,7,6,5,4,11,7,3,4,1,30,88,160,186,177,164,138,89,34,28,14,18,7,21,22,21,45,28,41,46,37,4,54,96,94,129,2,2,2,5,4,6,8,18,10,5,3,7,1,8,7,8,18,12,15,6,6,10,19,20,12,34,20,152,215,201,205,206,214,211,214,212,214,213,211,212,215,215,213,213,211,207,211,149,34,23,68,194,227,166,96,190,196,109,155,218,214,213,214,215,182,105,34,33,88,184,170,165,206,192,165,190,214,219,212,209,216,207,210,219,212,210,213,213,212,212,213,176,114,103,164,185,196,208,200,204,212,207,223,209,85,9,5,10,3,2,4,2,4,11,12,42,58,33,53,190,231,220,216,222,214,221,216,216,219,221,221,219,220,221,221,219,223,224,219,217,221,224,223,220,219,218,217,217,219,220,219,217,216,218,220,218,220,221,220,217,214,214,216,215,221,136,22,5,6,2,3
209,215,199,197,204,182,170,163,157,157,145,142,139,119,100,103,89,56,22,12,16,31,16,6,1,6,2,1,0,2,15,20,35,49,64,87,120,120,138,139,70,104,182,201,200,194,191,191,197,195,128,85,173,186,141,14,8,12,90,69,111,197,190,187,178,185,191,178,65,12,72,154,128,89,91,169,150,88,83,129,83,57,155,168,166,165,107,84,132,110,165,149,148,157,149,152,140,149,145,143,147,144,151,144,140,143,139,136,135,136,124,128,136,129,128,120,131,115,117,120,115,113,114,115,111,103,99,100,97,101,90,84,86,85,84,82,73,74,72,76,71,66,66,67,69,65,60,60,60,59,56,53,48,47,43,40,42,41,39,40,39,34,29,29,31,33,32,30,30,31,34,35,33,30,30,31,31,29,26,19,21,27,23,23,28,25,20,18,19,20,16,5,5,8,12,10,4,2,4,4,2,2,2,2,2,2,2,2,2,2,2,2,2,2,2,2,1,1,2,2,2,2,3,3,3,3,2,2,2,2,2,2,2,2,2,2,2,2,2,2,3,3,3,3,4,5,7,7,10,10,10,10,9,8,6,5,9,8,10,11,9,9,8,6,7,8,8,8,8,8,6,4,8,9,9,8,8,10,10,10,9,10,11,11,11,10,9,9,10,10,10,8,8,8,8,8,9,8,7,13,6,6,5,8,12,11,11,10,14,7,2,2,11,56,104,158,187,171,159,113,79,39,25,14,18,27,40,16,16,29,46,16,31,63,12,17,28,66,57,53,32,6,7,4,5,2,8,9,5,2,6,3,5,5,5,2,16,3,25,14,3,9,1,7,24,19,14,120,208,211,208,206,209,211,207,209,213,212,212,212,212,212,212,213,216,215,217,222,194,101,119,148,170,216,173,105,199,220,105,121,216,220,212,211,215,208,195,130,45,33,53,115,201,179,159,202,218,215,212,217,214,215,204,173,174,194,207,213,210,212,213,210,212,186,183,200,211,205,204,212,171,179,204,165,194,227,122,15,2,7,4,3,8,4,1,6,4,25,59,45,36,159,225,219,215,213,216,224,211,220,218,220,218,218,219,219,218,221,220,214,215,219,222,221,219,218,218,217,219,219,219,218,217,217,219,221,219,220,220,219,217,215,215,215,217,217,212,90,11,6,2,2
90,78,68,45,42,41,26,14,11,4,9,7,1,10,6,1,3,2,12,8,8,26,37,51,65,77,91,107,129,136,160,172,176,141,180,128,135,129,141,164,27,77,182,194,195,192,194,191,187,202,168,115,187,192,69,3,1,73,194,165,65,158,170,139,140,134,171,185,142,139,113,164,166,126,157,113,104,32,30,90,157,84,151,178,163,175,159,158,167,160,166,166,158,157,160,160,157,161,152,145,149,142,150,144,150,141,139,144,139,143,140,140,137,126,132,118,104,125,133,119,123,125,126,125,119,112,107,106,102,103,97,90,86,89,94,86,79,80,76,77,70,62,66,63,64,64,64,64,58,53,53,58,51,51,49,47,47,45,41,40,38,33,30,32,35,35,33,32,30,31,33,33,34,35,33,31,31,26,24,21,21,22,20,22,23,14,21,18,8,15,13,0,0,4,12,14,7,3,4,5,2,2,2,2,2,2,2,2,2,2,2,2,2,2,2,2,1,1,2,2,2,2,3,3,3,3,3,3,2,2,2,2,2,2,2,2,2,2,2,2,3,3,2,2,2,3,3,4,11,10,9,8,8,9,9,10,8,7,9,10,9,10,12,11,9,8,7,8,9,10,10,9,7,8,8,7,8,9,9,8,8,9,9,9,9,9,9,10,5,8,10,11,11,12,10,7,11,12,9,11,9,15,15,15,14,9,14,3,1,2,33,76,123,144,139,168,154,107,71,40,20,23,10,12,3,36,1,3,24,17,19,42,54,7,16,42,73,66,28,20,3,11,3,0,3,9,7,5,3,2,1,4,4,9,7,6,25,8,39,28,13,12,4,24,31,8,54,221,218,200,200,200,207,210,209,209,213,211,211,213,211,208,209,213,213,210,212,213,219,169,190,229,191,192,218,159,136,137,124,193,217,209,220,212,211,222,218,204,161,64,27,49,97,158,213,217,218,215,214,219,213,212,216,178,117,176,205,216,214,215,213,212,211,212,212,214,209,189,201,200,124,145,170,79,139,208,226,159,40,4,7,4,0,11,7,4,6,4,10,53,53,29,137,226,219,213,220,213,217,211,218,215,219,218,219,219,219,220,218,212,215,218,221,221,220,220,220,220,220,219,217,216,216,217,219,220,220,219,219,219,219,219,217,216,215,220,225,191,48,8,6,3
11,8,12,25,29,34,40,46,64,76,81,89,100,106,120,131,130,145,153,85,11,118,192,187,197,204,205,204,210,141,183,206,193,96,160,96,40,53,78,193,58,53,124,169,201,197,198,199,194,197,186,139,129,91,6,9,3,88,171,153,58,50,141,147,157,165,164,163,186,143,113,109,109,91,120,77,125,78,111,119,157,149,161,171,169,176,165,165,163,166,168,154,161,165,157,158,156,155,156,155,152,150,155,155,149,149,156,149,142,135,141,128,128,134,98,114,54,108,122,125,130,132,132,127,122,118,116,114,107,99,101,102,89,92,98,80,84,83,84,80,75,74,77,73,71,67,65,67,68,64,58,55,55,55,53,52,53,48,41,39,36,34,34,38,39,36,34,34,32,33,32,32,35,38,35,30,32,27,31,31,24,16,14,22,18,6,12,17,6,3,8,5,3,5,13,16,10,4,3,4,3,3,2,2,2,2,2,2,2,2,2,2,2,2,2,2,2,2,2,2,2,2,2,2,3,3,3,3,3,3,3,3,3,3,3,2,2,2,2,2,2,2,2,2,2,3,3,4,0,3,9,14,16,14,11,8,15,12,10,9,6,7,9,8,11,10,8,8,7,5,5,6,9,9,8,8,8,8,8,7,8,8,8,8,8,9,9,9,11,10,7,4,4,7,8,8,8,13,12,11,12,15,11,8,4,0,7,23,66,110,143,151,133,111,80,80,40,27,22,27,13,2,9,26,6,15,21,40,33,52,36,25,2,36,56,80,97,27,9,3,1,2,11,3,12,5,10,18,4,16,19,5,7,6,6,4,8,6,12,16,7,15,8,45,31,15,135,216,202,211,202,205,208,213,211,208,213,213,213,213,211,209,209,212,218,216,218,215,219,197,171,212,210,188,210,219,208,200,222,218,220,219,211,216,217,219,209,215,213,126,40,36,31,110,210,210,214,219,216,210,214,217,219,188,187,214,204,206,213,218,214,213,212,213,206,157,169,183,157,182,137,112,165,146,141,210,203,220,189,56,7,15,4,1,1,1,1,6,6,12,42,70,23,112,223,220,211,219,217,215,218,219,219,218,220,219,218,219,218,214,216,219,221,221,220,221,221,221,219,218,216,216,217,218,218,218,220,219,218,218,221,222,221,218,221,222,211,226,149,22,3,6
154,150,150,179,179,180,181,183,182,212,181,205,202,190,214,206,211,206,206,185,43,54,197,213,209,196,206,205,204,111,119,214,204,113,129,153,121,158,131,183,161,135,153,189,206,197,198,197,199,194,201,195,139,16,7,8,44,23,104,150,150,51,139,205,193,184,109,129,188,93,121,147,63,132,82,96,169,166,178,184,179,181,178,178,178,169,175,168,173,174,163,165,162,164,166,161,159,153,160,158,149,157,155,156,158,153,147,138,155,147,146,94,42,71,73,35,26,91,106,129,134,137,136,131,126,124,123,120,115,106,103,107,100,97,97,84,90,89,92,81,74,76,72,74,76,75,72,70,71,70,65,58,62,60,54,51,52,49,43,41,39,38,39,40,38,34,33,35,31,34,35,34,34,35,35,34,31,27,30,22,9,4,1,5,16,8,1,12,11,1,9,10,4,3,7,11,8,4,3,2,3,3,3,2,2,2,2,2,2,2,2,2,2,2,2,2,2,2,2,2,2,2,2,2,3,3,3,3,3,3,3,3,3,3,3,3,2,2,2,2,2,2,2,2,2,3,3,4,7,4,2,1,3,8,14,18,14,12,12,11,9,10,12,10,7,9,11,12,11,9,10,13,11,10,9,9,10,10,9,9,9,9,9,9,9,9,9,8,8,9,10,9,9,9,10,10,11,11,11,11,9,1,2,11,28,70,117,128,133,142,129,82,58,63,41,14,22,20,11,8,27,12,54,44,22,32,20,35,36,62,12,2,45,71,78,62,41,8,2,2,8,8,0,13,3,7,4,8,11,20,16,13,5,4,6,8,9,18,11,23,5,21,5,16,13,14,151,220,205,217,210,212,211,214,211,209,214,216,217,214,212,212,213,213,209,207,212,217,216,218,178,188,221,195,191,215,222,219,220,201,174,196,218,217,211,215,210,219,195,95,36,36,47,145,213,213,214,215,219,209,212,216,214,196,167,155,164,204,214,213,213,209,208,214,207,138,116,156,156,180,195,169,191,204,207,208,207,205,223,210,93,10,10,5,2,7,4,0,7,1,8,37,55,37,75,214,226,205,215,215,218,218,218,217,218,218,215,217,218,217,216,218,220,220,219,220,220,220,219,218,217,218,220,220,219,218,221,220,218,217,219,222,220,217,217,218,215,213,226,107,10,9
222,157,87,169,121,109,216,119,90,197,110,86,105,156,214,210,204,206,211,199,149,34,39,137,196,207,204,204,212,149,65,116,170,171,172,193,180,208,198,204,203,205,203,204,194,196,201,193,199,193,193,196,102,4,4,69,185,100,86,203,201,120,74,178,191,160,87,175,153,140,99,87,125,189,174,179,184,188,177,179,177,177,178,177,172,177,170,172,136,165,113,148,171,164,162,170,165,156,159,159,159,157,137,128,123,85,85,134,151,147,153,72,6,19,66,78,57,111,114,139,137,140,140,135,131,129,125,121,119,116,104,105,112,106,100,100,89,88,85,86,83,86,80,89,76,79,77,70,65,65,66,65,64,62,57,54,55,51,46,44,48,48,46,42,38,36,36,38,35,34,32,32,35,37,36,34,39,36,33,15,2,6,7,2,3,11,1,6,8,2,14,17,4,1,2,5,5,6,6,4,4,3,3,2,2,2,2,3,2,2,2,2,2,2,2,2,2,2,2,2,2,2,2,2,2,2,2,2,3,3,3,3,3,3,3,3,3,2,2,2,3,2,2,2,2,2,2,2,0,2,4,5,6,6,5,4,20,18,19,18,14,11,9,6,8,9,10,10,9,9,15,23,11,9,8,9,10,10,10,10,9,9,8,8,9,9,8,7,6,7,9,12,11,8,8,11,3,2,1,4,33,64,99,126,157,161,153,115,76,65,54,38,28,38,28,25,27,1,4,33,23,14,14,3,18,29,16,90,22,1,34,55,66,88,42,13,18,3,5,7,0,8,8,17,3,0,4,7,1,8,14,5,8,10,4,6,11,6,5,7,10,12,18,10,64,119,77,170,218,205,212,212,214,214,212,214,212,216,217,213,212,213,213,211,218,211,212,216,212,218,206,171,209,220,190,206,219,194,124,103,78,107,191,220,215,217,211,213,210,174,96,33,38,112,192,218,220,210,218,215,208,213,217,213,138,101,144,209,211,202,217,217,213,213,216,201,148,167,213,203,206,212,211,207,215,204,208,217,202,215,222,126,18,8,14,2,3,4,7,1,7,7,28,67,42,49,184,230,218,215,207,220,219,217,217,217,216,217,220,219,216,219,220,219,219,220,221,220,219,219,220,221,222,222,221,219,221,221,219,216,216,218,218,216,214,215,217,218,220,209,69,5
207,125,19,55,78,104,156,41,42,132,101,70,73,140,200,191,212,205,203,215,213,174,85,17,78,183,210,204,205,199,187,186,198,206,205,204,209,205,200,198,205,201,197,201,200,203,199,198,199,192,188,168,33,1,48,165,196,177,71,156,194,184,74,130,203,195,138,108,120,178,167,177,184,179,189,175,184,184,178,188,184,190,175,175,177,130,74,138,111,77,61,136,161,169,178,165,165,163,158,158,158,96,61,56,101,69,65,158,140,138,161,108,70,125,126,140,147,138,141,140,140,142,142,139,137,134,128,123,121,116,109,111,112,108,104,97,102,95,67,91,98,92,81,86,90,83,75,72,73,74,71,67,65,65,62,59,59,55,51,51,53,53,51,46,43,43,42,40,39,34,30,31,35,36,35,32,36,33,32,15,0,4,6,0,0,8,6,4,2,2,13,16,9,5,3,3,3,7,9,5,4,4,3,2,2,2,2,3,2,2,2,2,2,2,2,2,2,2,2,2,2,2,2,2,2,2,2,2,2,2,3,3,2,3,3,3,3,3,3,3,3,2,2,2,2,1,1,1,3,3,3,2,2,2,2,2,1,2,7,12,14,17,20,20,14,13,11,10,6,5,9,16,14,10,8,9,10,10,10,11,10,9,8,8,8,9,10,10,7,2,2,3,3,5,16,28,36,64,96,119,152,158,148,133,104,81,67,48,32,29,15,53,56,20,17,18,1,15,32,17,6,37,14,26,47,22,40,43,3,32,67,68,72,20,15,4,2,5,6,6,11,6,0,3,5,10,9,5,9,7,7,9,5,9,1,6,19,9,12,10,11,15,13,39,209,225,177,137,204,212,215,215,216,215,212,216,213,213,214,213,212,212,212,211,214,212,214,219,219,215,220,184,166,178,114,166,229,162,81,98,103,105,128,212,219,209,225,211,215,217,193,111,46,32,89,184,211,213,211,212,212,216,217,213,169,127,158,200,215,213,216,210,217,206,210,214,208,211,211,208,212,201,210,206,205,208,211,210,212,209,208,226,164,42,1,10,4,3,1,8,10,1,5,19,61,55,39,161,229,211,218,213,220,216,215,217,218,220,220,217,216,218,219,219,219,221,221,221,220,220,221,221,222,222,221,221,221,222,220,215,214,216,218,218,225,217,221,221,209,229,162,40
210,134,140,160,177,148,126,154,181,143,160,178,189,187,185,195,211,209,212,207,204,213,210,126,15,89,203,206,209,204,209,208,207,209,202,204,199,205,205,207,203,203,207,200,197,201,193,198,196,192,192,89,4,10,114,201,188,194,123,81,191,199,161,68,174,188,190,183,183,187,186,179,178,189,185,188,184,189,192,166,175,176,185,177,181,100,24,39,111,109,56,153,151,169,170,159,164,172,165,166,165,62,50,84,151,139,69,142,119,135,159,149,155,156,161,157,146,146,147,143,144,144,143,142,140,138,133,129,124,110,118,123,103,102,105,76,67,54,12,65,96,92,85,86,91,87,84,82,77,73,73,76,71,71,66,60,57,56,59,64,50,52,51,48,48,49,45,39,39,36,35,34,31,29,31,35,38,34,40,30,9,2,2,4,12,6,8,4,1,5,6,5,14,10,6,3,2,6,8,4,4,4,3,2,2,2,2,3,2,2,2,2,2,2,2,2,2,2,2,2,2,2,2,2,2,2,2,2,2,2,2,3,2,2,2,3,3,3,3,3,2,2,2,2,2,2,2,2,2,3,3,3,3,3,3,3,6,3,3,3,1,3,5,5,11,13,18,24,24,20,19,21,20,16,12,12,12,11,11,12,14,12,10,9,11,13,14,15,27,29,41,58,69,76,90,106,112,114,110,95,91,67,48,39,34,29,36,22,14,20,7,89,83,3,4,6,30,31,32,43,27,38,14,43,34,30,15,2,30,43,70,41,36,17,4,4,3,5,2,4,3,5,9,5,2,3,8,7,14,11,11,8,15,16,6,11,20,16,9,10,12,17,14,114,215,209,224,158,156,220,209,214,213,218,214,217,215,213,213,215,216,213,212,214,215,216,214,213,220,214,219,222,131,54,32,81,203,213,109,93,68,70,78,200,217,220,214,215,213,215,217,206,138,57,28,66,161,212,213,212,213,211,212,219,205,184,186,177,207,215,210,212,210,216,212,207,213,210,218,210,206,210,215,203,211,211,208,212,209,213,208,202,229,188,64,5,13,6,6,2,2,4,4,4,10,53,63,33,125,226,218,211,219,213,212,215,218,220,218,213,214,216,217,217,218,219,220,220,220,220,220,220,220,221,221,222,220,222,221,216,213,217,220,222,219,219,217,216,221,215,223,126
210,204,205,212,213,208,208,215,214,212,210,211,213,214,214,213,210,208,208,210,209,205,206,210,98,24,177,213,206,207,197,208,207,200,202,207,202,201,204,203,203,212,204,185,201,201,198,202,195,202,162,24,1,45,176,192,191,189,189,78,138,203,191,105,93,198,188,192,188,188,191,183,191,181,173,183,187,107,138,133,63,87,144,189,178,99,111,148,133,167,153,138,150,160,79,82,161,171,169,169,165,118,79,168,172,161,150,151,161,168,165,159,160,155,157,162,158,161,150,156,149,152,146,145,142,137,142,137,123,133,117,117,118,104,63,53,4,8,9,14,53,90,90,94,87,88,87,84,82,81,77,74,82,74,69,68,66,65,64,60,59,56,54,56,53,47,44,45,43,41,37,35,36,37,36,34,37,31,34,34,22,6,1,10,19,13,3,10,7,0,8,2,6,8,4,5,11,6,2,9,3,6,9,7,3,0,1,3,2,3,3,3,2,2,2,2,2,2,2,2,2,2,2,2,2,2,2,2,2,2,2,2,2,2,3,3,3,4,4,4,3,3,2,1,1,1,2,3,3,3,2,2,2,2,2,3,4,1,3,6,4,3,4,4,5,4,3,3,5,8,12,14,23,17,15,17,20,26,28,25,34,35,24,38,30,20,25,31,49,57,70,80,79,57,64,70,84,39,35,34,46,17,16,14,15,16,13,10,4,17,10,1,6,22,22,33,18,30,7,40,17,21,34,18,5,8,18,50,48,43,23,12,9,4,4,5,7,8,8,3,0,11,4,4,5,8,2,7,13,14,19,10,11,4,14,20,9,23,19,21,15,14,97,182,177,213,218,197,144,196,221,211,213,217,213,216,214,216,218,218,215,212,212,214,217,215,216,219,221,220,219,219,194,77,40,29,145,230,171,105,125,153,185,205,216,214,221,218,216,218,215,214,215,159,67,28,50,124,201,218,209,210,213,213,213,146,121,113,198,217,212,211,211,213,213,211,211,212,213,212,214,212,212,212,208,206,211,211,212,209,214,215,205,216,214,93,7,12,4,6,1,7,3,6,5,10,34,61,29,96,221,220,215,210,219,216,217,217,219,214,214,214,215,215,217,218,220,221,219,220,220,218,217,219,221,222,220,223,224,222,219,218,218,218,218,220,219,215,214,215,214,211
211,213,213,210,210,212,211,209,213,212,211,211,212,213,213,213,210,208,209,211,211,209,209,212,174,28,114,216,199,210,209,205,205,199,203,202,203,201,211,207,174,132,139,99,201,203,201,195,197,192,111,5,4,111,198,195,188,194,196,153,75,180,203,172,58,153,202,188,191,193,176,186,160,106,99,131,187,76,100,173,77,108,119,194,189,163,176,150,148,182,102,76,64,138,107,72,97,168,169,170,169,171,170,170,171,171,173,175,174,170,163,158,161,168,164,158,159,166,157,165,154,149,150,152,144,146,150,135,143,128,135,133,77,68,20,75,61,7,61,52,41,97,90,92,93,91,88,86,85,85,82,78,78,73,71,70,68,65,61,55,63,58,51,45,46,50,51,48,47,44,41,41,43,42,38,35,27,37,25,9,6,10,12,1,4,5,4,16,12,0,9,12,0,8,7,2,4,3,6,17,9,11,13,11,7,3,3,4,2,3,3,2,1,1,2,3,2,2,2,2,2,2,2,2,2,2,2,2,2,2,2,2,2,2,3,3,3,3,4,4,3,3,3,2,2,3,4,6,3,2,2,2,2,2,3,3,3,0,2,4,3,3,3,2,7,6,5,4,3,4,4,5,2,2,5,6,4,4,6,5,5,8,4,17,14,8,11,16,23,22,19,21,29,18,22,31,22,18,16,18,13,20,21,6,4,6,2,9,8,32,6,8,16,20,31,15,1,10,32,14,50,40,19,2,22,43,44,61,41,40,13,6,7,6,9,3,6,0,3,4,6,6,7,16,21,11,4,4,4,15,7,11,1,18,18,13,22,14,22,15,6,57,221,216,156,212,213,217,172,165,212,217,213,217,217,215,216,217,218,219,217,214,214,216,218,217,217,219,219,217,216,216,216,152,49,35,71,196,219,215,220,222,217,223,215,219,214,217,216,215,219,214,212,217,174,92,36,37,103,190,216,210,207,218,209,167,120,133,190,210,217,213,214,203,189,184,191,204,214,217,212,208,206,210,210,211,212,206,204,215,207,202,216,213,216,223,122,19,14,5,7,1,10,8,4,2,6,32,55,35,57,195,225,218,209,214,221,223,215,216,213,214,215,217,218,219,220,220,219,221,222,221,220,221,222,222,219,222,223,221,219,219,219,220,219,217,216,215,214,214,216,218
211,215,214,209,209,214,214,210,213,213,212,211,211,212,212,212,211,211,211,212,212,212,211,210,203,62,63,209,209,206,204,206,207,216,206,192,196,131,114,191,168,94,141,90,178,211,204,202,197,181,59,0,30,162,193,193,199,195,195,203,99,106,214,199,116,58,191,189,185,180,72,138,167,88,66,82,195,162,88,147,160,185,189,148,119,155,130,57,139,186,110,41,63,104,119,84,109,180,177,176,181,178,175,179,178,179,179,175,170,168,170,172,169,166,162,162,165,167,156,155,160,154,152,156,149,150,137,150,150,130,78,61,21,2,2,46,117,62,76,112,102,95,99,95,98,94,89,86,87,88,86,82,80,80,80,75,68,67,67,65,62,65,68,67,61,55,53,54,57,51,45,42,36,24,12,6,24,30,13,1,1,16,28,2,3,5,2,13,16,6,5,3,1,14,17,12,11,11,12,19,13,14,14,12,9,5,3,2,2,2,2,2,1,1,2,3,2,2,2,2,2,2,2,2,2,2,2,2,2,2,2,2,2,2,2,3,3,3,3,3,3,3,3,3,3,4,5,6,2,2,2,2,2,2,2,3,2,1,2,2,1,3,4,0,5,5,5,5,4,4,3,3,3,6,10,10,7,5,5,6,2,3,3,10,8,6,5,8,7,8,9,10,22,16,7,11,6,21,11,9,14,7,2,5,5,12,33,4,2,12,31,37,20,19,29,23,45,27,8,24,28,2,24,48,34,35,40,16,2,23,9,10,2,1,6,3,9,6,13,5,7,2,5,9,11,11,13,21,12,17,2,9,12,3,19,16,9,15,19,10,19,132,185,203,181,158,224,214,211,146,195,217,211,216,216,217,217,217,218,219,218,216,217,218,218,218,218,219,218,216,215,215,219,200,93,40,44,129,215,217,219,218,222,206,209,220,220,217,220,218,216,218,212,216,220,193,112,41,28,83,182,212,216,207,219,208,190,201,196,197,209,216,212,212,205,191,178,176,185,194,208,219,214,207,214,207,196,210,210,212,214,212,210,215,213,212,232,151,28,16,4,8,6,1,2,6,9,1,19,53,42,47,171,232,211,219,213,211,220,212,214,214,214,215,217,219,219,219,218,221,223,222,222,222,222,222,221,223,223,220,218,217,217,217,218,217,218,220,219,215,215,217
214,211,211,213,213,211,212,215,213,213,213,212,211,211,211,212,212,213,212,211,212,213,211,207,211,117,28,170,216,205,208,206,171,162,180,139,147,51,71,114,190,166,193,195,174,164,187,197,196,159,32,2,61,184,202,201,198,199,198,196,176,70,133,135,106,38,130,193,191,103,36,48,164,191,114,152,199,198,186,161,201,144,169,140,64,171,159,43,98,165,169,117,169,146,159,165,177,183,177,186,183,178,184,169,177,177,176,175,174,174,174,175,171,167,168,167,159,161,165,164,157,164,159,150,158,151,145,83,47,56,75,48,6,38,66,37,113,127,110,103,111,109,106,98,103,98,92,89,89,90,88,87,84,83,81,76,72,74,75,70,65,65,64,63,62,60,57,54,42,29,17,12,12,15,22,29,31,10,1,9,2,8,23,8,1,7,2,7,19,22,17,7,14,21,23,21,21,19,16,16,15,14,14,13,11,7,3,1,2,2,2,2,2,2,2,2,2,2,2,2,2,2,2,2,2,2,2,2,2,2,2,2,2,2,2,2,3,3,3,3,4,4,4,3,2,3,4,4,3,3,3,3,2,2,2,2,2,3,4,3,1,3,5,1,2,2,3,4,4,4,4,4,4,4,2,3,5,6,4,4,8,6,7,6,4,7,4,6,8,7,12,7,9,9,2,2,7,1,7,6,11,3,14,12,11,28,4,19,46,9,9,38,17,17,22,25,30,34,12,9,13,36,46,44,31,17,11,3,11,19,2,6,7,10,10,5,2,6,14,9,7,2,5,7,5,12,5,16,10,10,10,10,18,9,14,5,12,11,18,38,120,178,167,149,202,147,194,218,220,175,154,215,214,214,216,215,218,217,217,218,218,218,218,219,217,218,219,219,218,217,217,217,216,215,165,50,37,57,182,212,217,203,123,118,137,176,218,218,214,222,215,216,220,209,207,217,204,132,57,27,70,159,210,212,204,211,164,127,112,147,220,210,215,211,209,214,217,208,187,169,169,185,188,214,211,196,217,209,212,212,210,214,214,210,217,217,207,232,170,42,12,8,5,8,2,6,1,2,2,12,39,56,27,123,233,214,215,212,217,215,216,214,213,213,216,218,219,220,217,220,221,221,221,221,221,220,221,223,223,221,219,220,222,222,217,217,219,222,223,220,217,215
218,212,211,215,215,209,209,215,214,214,214,213,212,211,211,212,211,212,211,209,211,213,210,206,215,152,15,142,214,202,215,202,188,142,86,149,145,159,204,197,189,149,162,197,126,93,186,200,195,154,15,1,103,202,195,192,199,199,191,199,198,131,30,161,202,168,106,194,190,138,156,153,181,201,195,178,187,145,177,89,100,74,145,207,114,122,197,124,114,165,192,182,179,189,192,188,188,183,193,182,182,184,180,187,180,178,178,179,180,179,176,173,172,176,173,167,166,166,166,162,167,155,158,162,139,130,92,27,110,74,34,114,62,44,117,120,121,120,115,107,111,110,99,104,107,103,98,94,92,92,91,91,91,87,85,84,86,88,82,70,68,72,72,63,51,38,23,12,17,18,25,37,43,44,44,47,44,13,2,6,4,0,8,20,6,17,18,19,25,28,26,23,24,22,19,19,19,17,15,17,17,16,15,14,14,11,7,4,2,2,2,3,3,3,2,1,2,2,2,2,2,2,2,2,2,2,2,2,2,2,2,2,2,2,2,2,2,2,2,3,3,4,4,3,3,3,4,5,4,4,4,4,3,3,2,2,2,4,7,4,1,2,5,3,3,2,2,2,2,2,2,3,6,5,2,2,7,8,6,7,3,2,5,0,2,5,5,5,5,1,7,3,1,8,8,6,4,11,10,9,7,27,21,27,4,18,14,9,23,30,11,68,10,43,24,9,24,2,18,17,29,23,23,32,17,1,4,2,7,10,5,5,3,7,4,14,4,5,8,16,7,0,1,11,16,15,2,5,11,15,18,7,11,18,5,24,11,10,1,100,226,205,173,156,179,166,153,211,209,214,129,189,220,216,219,213,218,217,218,219,219,218,219,220,217,219,220,219,218,218,218,218,217,218,210,107,35,32,122,219,219,116,114,204,170,101,166,221,215,215,218,215,216,213,206,210,215,206,164,71,48,44,112,186,219,208,180,139,155,190,211,207,215,212,209,209,210,212,214,215,200,181,185,203,212,215,193,150,171,204,220,211,220,214,213,208,214,212,224,195,60,2,12,3,9,1,7,11,8,2,6,23,63,46,95,216,219,211,215,207,215,215,214,215,217,219,219,219,218,220,220,219,219,220,220,220,222,223,222,220,218,219,220,220,221,222,220,218,218,220,216,209
215,214,214,215,214,213,213,214,214,214,213,213,212,212,212,211,209,209,209,208,210,212,211,208,209,168,21,112,214,206,206,203,207,204,188,209,192,196,207,204,160,80,122,187,197,120,187,202,205,134,17,27,118,201,196,195,197,199,200,199,202,185,74,138,188,132,61,183,201,206,195,181,206,159,166,121,177,134,138,125,75,113,119,199,170,170,196,194,194,194,186,192,190,193,187,191,190,190,169,176,189,186,185,179,183,182,179,177,177,177,179,180,175,180,170,169,182,171,166,173,170,166,149,93,29,84,100,25,129,127,19,92,146,131,126,128,133,121,116,123,121,115,114,103,109,106,102,99,97,94,94,94,96,95,94,91,88,88,87,82,69,45,24,20,19,20,33,51,54,53,55,59,59,55,51,50,48,35,10,1,5,7,7,32,23,29,33,35,33,27,25,28,24,21,20,21,19,16,16,19,17,15,14,14,15,13,10,7,3,2,3,3,3,3,2,1,2,2,2,2,2,2,2,2,2,2,2,2,2,2,2,2,2,2,2,2,2,2,2,2,2,3,3,3,3,4,5,6,5,5,5,5,4,4,3,3,4,5,7,5,1,2,4,3,4,4,3,2,2,3,4,4,2,6,5,3,6,3,0,4,2,5,6,2,3,2,4,1,4,3,9,10,6,18,18,11,4,16,15,2,37,21,18,45,12,23,15,33,22,29,32,28,31,42,7,12,16,39,41,19,22,22,7,1,2,7,15,10,8,3,7,4,9,8,0,7,1,8,6,12,5,9,14,20,14,10,14,8,15,23,13,4,7,16,21,4,15,13,91,167,196,208,199,212,172,159,144,190,217,219,169,139,213,219,217,218,218,218,219,220,220,218,219,220,219,220,220,219,218,218,217,216,216,213,217,178,65,37,49,167,224,111,128,225,225,93,141,224,217,213,219,214,209,209,205,213,212,213,214,188,113,37,26,73,169,216,205,168,176,198,205,210,209,209,210,212,212,212,211,212,214,208,210,212,216,177,143,186,144,160,205,209,215,210,211,216,208,214,210,222,214,76,10,10,2,4,5,1,7,8,4,8,20,53,48,67,199,218,202,218,212,214,217,219,220,220,219,218,220,221,221,219,219,220,221,221,220,222,223,221,221,221,221,221,220,222,217,208,200,193,179,164
211,213,214,214,214,216,215,214,214,213,212,212,213,213,211,210,209,209,209,209,211,212,211,210,212,193,52,50,194,214,203,206,208,208,162,185,207,145,197,218,193,165,117,127,204,166,197,204,191,136,162,182,125,160,202,203,200,202,199,200,206,181,48,122,159,110,54,178,206,182,194,123,132,98,98,138,109,116,132,189,163,194,192,193,197,203,189,192,199,185,202,193,189,190,191,167,149,190,121,169,196,178,194,187,182,183,184,184,181,180,179,180,177,180,177,173,177,171,177,175,163,145,109,80,45,54,153,95,46,49,69,136,150,137,144,135,140,130,128,124,119,116,113,125,113,109,106,105,104,101,99,98,98,98,98,93,86,85,89,91,72,42,31,53,72,68,65,71,74,69,62,58,58,57,56,54,48,49,23,7,18,22,23,34,31,29,35,39,38,35,32,31,25,23,24,24,21,19,19,17,16,14,13,13,14,13,11,9,5,4,2,2,2,3,2,2,2,2,2,2,2,2,2,2,2,2,2,2,2,2,2,2,2,2,2,2,2,2,2,2,1,2,3,3,3,4,5,6,4,5,5,5,6,6,6,6,8,5,5,6,3,3,3,2,5,5,4,4,4,5,6,6,6,13,11,7,9,5,1,7,3,7,6,2,4,0,7,3,8,14,5,3,0,6,6,6,24,15,3,31,15,8,12,22,4,30,13,30,22,40,26,12,17,1,28,33,48,22,20,10,8,9,4,6,8,1,1,5,19,22,27,11,9,0,4,15,15,28,20,7,0,3,9,0,6,7,12,10,9,17,8,8,20,13,16,10,3,82,231,200,178,215,209,180,146,107,159,149,214,212,219,135,181,218,216,220,217,218,220,221,219,217,217,219,220,221,221,219,219,219,218,216,217,214,217,209,117,41,30,105,213,202,121,119,113,113,192,216,210,218,217,211,215,217,206,198,213,207,214,215,207,137,63,27,47,152,209,135,87,133,173,208,212,212,213,215,215,212,210,210,208,208,211,205,162,155,187,169,154,190,221,210,214,215,212,213,220,215,215,211,219,231,90,6,11,9,6,8,6,1,6,4,2,6,44,62,46,178,234,209,211,213,216,218,218,218,219,219,222,223,222,220,220,221,221,221,217,220,222,222,220,219,216,213,201,195,184,175,176,188,198,202
214,213,214,215,215,212,211,211,214,213,211,212,213,213,211,210,211,210,210,210,211,211,211,211,204,217,113,15,161,206,209,208,210,180,80,105,170,144,116,158,177,166,137,182,210,192,142,138,157,122,205,214,130,158,203,201,208,206,211,200,169,77,91,201,210,164,85,190,191,195,195,155,75,157,116,182,160,155,194,201,198,199,190,198,199,191,198,200,190,200,192,192,195,145,90,165,136,96,81,167,179,195,182,194,194,192,190,187,185,184,183,182,183,179,182,174,172,184,171,98,70,66,62,156,170,70,60,164,150,145,159,159,155,149,141,143,140,139,127,126,131,125,120,120,118,114,111,111,112,110,106,104,106,101,100,101,100,99,97,94,91,87,84,83,82,79,76,75,78,73,67,64,66,67,64,58,62,57,43,44,42,39,45,33,34,33,39,38,34,38,37,32,32,27,22,17,16,19,19,14,17,15,14,14,14,14,12,10,7,5,2,1,1,2,3,3,2,2,2,2,2,2,2,2,2,2,2,2,2,2,2,2,2,2,2,2,2,2,2,2,1,2,2,2,2,2,2,3,3,4,5,6,7,7,7,7,12,5,4,6,5,4,4,2,6,6,5,5,4,4,3,3,8,12,7,4,7,4,0,4,1,6,3,3,8,4,21,18,2,22,9,6,7,7,6,15,22,17,20,21,30,18,57,21,51,16,20,33,41,2,5,13,31,35,21,15,17,21,6,4,5,2,8,12,8,10,10,3,8,10,9,2,16,6,8,0,4,12,10,3,5,4,15,9,6,14,7,22,17,19,13,7,25,17,7,3,72,172,170,217,212,153,141,143,174,193,200,149,184,220,224,181,145,215,219,211,216,218,220,221,218,215,216,218,221,222,221,220,220,221,220,218,218,217,216,219,177,59,43,45,161,220,210,189,180,215,216,225,215,215,214,221,216,209,214,208,213,214,215,210,214,218,155,76,29,34,114,175,186,188,201,211,211,210,211,214,216,214,212,211,210,209,187,149,173,182,142,165,206,213,207,216,214,208,217,213,216,222,211,220,215,215,227,115,6,10,9,0,6,5,6,2,7,2,5,36,61,54,147,229,211,213,214,214,213,215,218,221,222,223,222,221,221,222,221,220,221,222,220,213,202,191,179,172,181,190,204,216,221,220,216,212
213,209,212,211,213,214,207,213,213,212,212,213,212,211,210,211,210,212,213,212,211,211,211,210,206,211,177,32,118,214,213,207,212,129,97,142,123,166,142,168,204,203,201,140,131,191,120,107,205,131,84,87,53,180,211,200,179,138,106,77,81,127,203,208,178,80,139,202,185,193,201,187,166,202,200,199,207,204,200,199,200,204,204,198,196,207,197,181,206,191,195,196,191,91,40,69,163,138,91,165,185,197,181,186,129,114,127,178,187,184,191,182,184,187,182,184,170,131,170,54,68,180,73,73,171,162,129,155,162,167,163,158,158,154,147,144,142,140,135,133,135,130,129,136,127,116,107,109,116,114,107,105,108,102,104,99,99,102,94,95,94,86,89,88,76,76,84,83,78,80,69,70,74,70,70,68,69,62,59,55,49,44,45,46,43,41,39,37,37,35,31,35,30,30,28,24,24,24,21,16,14,15,14,12,12,14,13,10,13,9,4,1,2,4,3,2,3,2,2,2,2,2,3,3,2,2,2,2,2,2,2,2,2,2,2,2,2,2,2,2,2,2,2,2,2,2,2,2,4,4,3,3,3,4,6,7,9,6,6,7,4,5,8,10,4,2,4,10,16,2,17,1,10,4,0,10,1,7,4,5,10,4,6,4,6,11,38,9,19,18,36,3,4,19,29,8,28,35,13,24,28,15,17,22,48,4,11,7,10,21,22,35,20,18,18,23,5,3,8,5,7,6,5,1,4,11,8,4,4,11,5,4,7,17,10,6,8,10,5,2,3,10,16,9,8,6,8,15,24,43,8,18,7,13,1,34,164,164,145,215,218,170,94,115,181,216,225,152,137,219,213,219,143,184,215,214,218,218,218,218,213,221,219,219,219,221,222,220,219,220,219,217,217,220,214,216,211,131,39,28,74,197,217,227,225,211,187,157,186,214,216,212,219,214,209,215,216,217,216,213,213,213,203,190,101,30,22,83,178,218,208,209,210,213,212,214,215,212,215,211,213,164,149,181,178,154,179,214,208,210,213,213,212,213,215,217,210,207,212,220,219,212,215,225,128,11,9,3,4,0,4,3,6,2,6,3,27,61,42,135,235,209,213,220,211,217,223,220,220,221,222,223,225,226,221,215,205,193,188,180,177,187,187,208,219,221,220,207,211,205,166,150
213,210,214,210,210,213,210,213,212,211,211,213,213,212,212,213,212,213,212,211,211,211,211,209,213,210,204,63,74,214,202,205,206,176,197,213,208,206,219,179,119,179,214,132,102,139,193,135,192,203,43,1,15,88,113,91,88,108,136,168,207,221,194,134,77,156,206,197,199,199,205,200,204,200,207,196,202,203,204,203,203,186,148,173,183,115,138,110,186,198,193,203,176,87,160,171,161,204,199,187,161,191,164,137,111,117,122,114,196,190,184,187,182,182,173,138,172,98,80,159,70,71,58,90,178,165,176,159,166,168,165,161,160,158,151,146,148,147,141,138,138,133,130,134,114,115,115,117,120,119,117,118,112,107,105,101,101,103,101,101,100,92,87,83,87,85,87,85,86,86,77,77,76,69,68,64,67,63,58,55,55,54,53,51,48,44,39,35,35,34,31,35,25,29,29,25,21,21,20,18,10,10,14,15,13,13,14,12,13,11,7,5,3,3,3,3,2,2,2,2,2,2,3,3,2,2,2,2,2,2,2,2,2,2,2,2,2,2,2,2,2,2,2,2,2,2,2,2,3,3,3,3,4,4,5,5,6,6,12,16,14,12,11,9,10,6,13,18,14,11,13,6,0,3,17,6,2,29,8,18,30,7,8,3,12,13,0,23,24,27,34,11,23,19,20,34,30,6,40,43,11,4,26,5,5,5,19,19,25,26,23,25,16,9,10,7,5,1,9,3,0,3,4,5,10,9,6,12,5,9,10,11,4,12,11,7,3,10,8,7,10,12,13,9,5,14,10,6,14,16,2,27,19,16,62,189,191,183,206,213,212,211,132,196,224,181,177,133,64,202,215,214,185,144,213,218,215,217,214,218,219,217,216,216,218,220,221,220,219,220,219,218,219,221,213,216,220,192,94,99,124,167,217,201,146,98,54,108,190,217,218,209,218,219,211,216,216,217,215,212,213,215,213,207,208,125,45,17,61,152,217,213,214,206,214,218,208,209,222,202,165,167,191,168,157,201,216,205,208,210,211,211,212,213,215,217,207,183,167,179,204,218,219,217,230,149,14,13,9,8,3,6,4,6,4,6,5,15,54,45,114,229,214,222,219,216,221,221,224,224,221,214,205,196,187,180,174,186,195,217,218,211,232,219,218,224,170,163,172,193,195,147
212,210,214,211,209,213,212,212,211,210,211,213,214,213,214,215,213,212,211,210,211,212,212,210,207,213,210,85,49,196,203,202,188,208,166,181,201,95,128,173,79,159,208,182,124,150,214,187,166,124,35,3,8,13,119,175,204,217,207,192,164,119,92,106,167,210,202,200,202,202,194,203,201,202,200,207,200,192,174,192,202,122,140,122,156,78,76,63,139,209,195,195,192,173,168,170,190,149,195,196,135,123,110,141,190,85,122,137,160,170,195,184,191,197,178,18,79,194,83,84,160,88,109,172,173,173,167,168,168,165,164,163,163,163,159,152,152,151,146,142,141,137,132,132,125,128,126,120,118,117,117,118,112,112,109,111,112,110,110,107,100,101,97,91,97,90,88,91,91,91,87,87,82,76,74,68,69,73,71,67,65,60,53,50,53,49,42,37,36,34,32,33,35,31,31,33,29,21,18,21,8,3,7,13,12,12,13,11,11,10,9,6,3,1,1,2,2,2,2,2,2,3,3,3,2,2,2,2,2,2,2,2,2,2,2,2,2,2,2,2,2,2,2,2,2,2,2,2,2,2,3,4,4,4,4,4,2,2,5,8,7,7,8,7,8,4,14,20,10,20,8,13,10,35,7,19,16,5,12,0,12,10,5,10,18,18,0,29,41,3,12,21,19,20,20,7,5,26,5,14,5,1,11,16,19,27,14,6,17,12,16,13,8,7,6,3,6,2,8,3,6,5,2,9,18,12,6,12,6,7,12,13,1,3,6,3,20,28,24,16,11,14,17,9,9,8,11,12,7,17,20,31,15,7,134,166,147,218,210,211,217,211,203,162,190,194,103,125,142,130,199,219,219,142,177,218,216,220,215,218,220,215,218,218,218,220,220,219,219,220,220,220,216,222,218,213,208,223,176,194,224,183,182,210,173,176,117,144,227,211,216,216,210,217,220,219,217,217,214,211,211,213,215,215,214,211,159,76,17,40,125,194,212,214,205,212,212,219,189,156,176,195,154,164,214,218,215,212,211,211,210,210,211,211,212,213,210,207,200,187,172,170,187,208,212,236,171,18,0,9,4,1,1,4,5,1,9,6,13,58,57,133,220,222,217,225,225,220,204,199,189,178,175,182,196,206,214,221,224,224,220,208,194,196,174,199,157,197,184,155,218,196
211,209,212,213,211,213,213,211,212,211,212,214,214,214,214,215,211,211,210,210,212,214,213,210,208,207,213,123,30,184,205,144,127,196,152,131,209,142,92,161,175,150,213,183,156,133,96,49,72,117,118,26,1,20,147,202,160,126,103,102,107,139,182,212,208,196,199,201,208,203,213,209,203,193,205,175,204,119,82,158,197,92,200,138,136,173,142,178,170,199,203,198,205,117,88,62,148,139,132,208,190,147,55,140,207,144,134,187,179,180,190,127,71,121,101,42,55,99,175,121,165,191,181,182,167,165,171,171,169,164,165,165,163,164,163,155,154,153,149,145,143,141,136,133,135,132,125,120,122,122,119,119,116,118,113,116,116,111,113,107,103,109,106,101,96,91,89,97,89,88,91,90,83,79,77,69,76,77,73,69,68,65,61,62,58,56,48,44,43,37,34,32,37,31,29,33,33,26,19,15,12,1,2,10,11,12,13,9,10,10,8,6,3,1,1,1,2,2,2,2,2,3,3,3,2,2,2,2,2,2,2,2,2,2,2,2,2,2,2,2,2,2,2,2,2,2,2,2,1,2,2,3,3,3,3,3,5,2,2,2,2,4,9,9,4,1,8,13,5,17,5,10,13,25,2,19,27,14,25,12,7,9,14,17,16,30,14,20,17,12,4,3,14,8,1,5,7,9,12,7,10,13,18,14,19,22,7,9,22,8,4,1,3,12,5,7,2,4,5,9,8,4,2,8,9,7,8,6,3,5,7,11,4,8,10,12,16,34,25,8,8,14,16,10,5,19,6,3,27,17,29,12,59,164,185,152,205,214,204,207,209,220,164,95,170,219,206,156,215,150,58,119,191,181,142,209,213,214,218,218,217,217,220,219,218,219,220,220,219,219,220,221,222,220,223,225,215,217,201,170,211,211,171,205,220,218,173,68,106,117,183,222,215,217,218,216,217,216,215,214,213,211,212,214,215,207,214,192,107,33,30,94,182,210,207,212,219,172,156,186,177,150,188,214,206,212,213,212,212,210,209,209,210,211,212,212,216,216,218,219,214,199,180,167,183,195,220,180,32,8,9,1,14,1,2,9,1,5,7,11,49,67,104,221,210,192,173,172,165,177,193,206,213,218,222,225,222,216,222,223,214,201,126,132,114,143,185,175,154,163,216,223
214,211,211,214,215,213,213,212,214,213,213,214,214,213,213,214,211,211,211,211,213,214,213,210,212,210,213,152,19,175,216,172,112,170,193,157,208,190,149,179,165,123,93,92,46,84,154,101,137,232,207,78,1,8,41,96,120,140,173,197,210,213,215,204,207,205,208,212,203,205,169,153,202,147,97,117,210,167,147,101,135,158,110,119,188,208,199,206,204,196,198,199,202,143,62,130,93,168,99,113,134,200,177,188,187,201,196,194,196,188,195,154,45,55,93,42,142,136,179,186,179,168,174,173,179,178,177,170,171,168,169,168,164,164,163,157,157,155,152,149,146,145,141,137,137,130,124,127,132,128,121,119,125,124,114,113,110,106,111,107,111,113,107,107,92,96,95,101,95,93,97,94,86,84,80,73,82,78,75,76,77,72,65,64,64,65,55,52,50,43,41,36,32,34,33,30,31,32,22,8,11,6,8,13,13,12,14,12,12,10,7,6,5,4,3,1,2,2,2,2,2,2,3,3,2,2,2,2,2,2,2,2,2,2,2,2,2,2,2,2,2,2,2,2,2,2,2,2,2,2,2,2,2,2,3,3,5,3,4,5,4,6,8,7,5,3,4,6,5,8,5,4,8,5,8,1,6,9,6,2,11,13,1,12,13,11,24,6,2,2,8,7,1,8,19,29,19,22,22,8,9,11,16,18,15,8,4,4,7,1,6,8,3,12,2,3,1,3,4,10,4,4,9,10,0,2,18,10,5,10,2,4,8,10,4,11,7,1,15,18,1,12,34,8,4,20,26,22,9,23,14,32,182,217,212,215,209,205,213,207,212,216,211,159,106,167,161,200,210,202,78,20,39,84,67,187,214,206,216,220,216,219,217,217,218,219,221,220,219,218,219,221,223,215,212,216,214,213,222,184,181,221,202,176,218,185,96,90,124,155,199,212,215,218,210,216,216,215,216,217,217,215,214,215,214,214,211,216,200,134,47,26,74,159,210,202,154,170,201,168,154,197,214,214,214,206,207,214,212,209,208,210,212,213,214,215,216,214,214,217,221,221,214,206,184,173,167,194,170,30,0,16,1,9,2,2,4,1,19,2,11,48,33,94,188,174,191,198,208,213,219,224,224,222,221,220,217,223,198,171,168,214,185,145,173,159,212,199,192,208,214,221
213,216,212,213,216,212,214,216,215,214,214,215,214,213,212,213,213,213,212,212,213,214,213,210,211,204,218,176,25,134,229,159,102,146,188,170,151,118,96,93,100,127,155,188,139,138,220,152,56,132,118,86,29,0,5,100,214,220,210,204,206,197,201,197,187,192,191,152,211,176,103,182,209,161,51,119,167,180,131,117,178,205,189,198,166,174,138,178,205,200,200,200,198,187,109,126,124,184,173,168,192,193,193,194,197,190,191,190,194,173,122,165,175,68,154,156,171,188,176,180,179,187,171,174,183,176,172,175,171,170,171,171,169,168,167,164,161,156,154,152,147,145,144,140,141,135,129,130,131,126,121,123,126,125,118,116,114,112,114,113,112,117,115,117,102,105,101,103,99,98,101,96,91,91,86,82,88,87,89,88,79,73,71,68,71,75,64,62,59,51,51,46,40,36,35,36,32,21,11,6,4,12,19,19,15,12,13,16,12,9,4,3,5,6,4,3,3,3,2,2,2,2,2,3,3,3,3,3,3,3,3,3,2,2,2,2,2,2,2,2,2,2,2,2,2,2,2,2,2,2,2,1,1,2,3,3,2,1,2,2,1,3,5,2,5,6,3,3,9,5,11,5,5,7,8,3,9,18,9,6,10,4,13,2,4,10,5,10,17,18,16,12,7,7,11,17,7,17,10,20,4,5,9,1,6,2,9,6,3,2,5,2,2,4,3,3,14,5,5,3,7,5,9,12,0,3,21,9,10,15,2,2,11,13,2,7,5,10,5,6,10,9,14,20,20,11,9,34,12,9,34,196,214,203,202,213,202,218,200,185,154,196,224,206,179,152,192,219,168,212,177,40,23,21,25,118,215,212,214,220,215,218,213,219,218,219,221,221,220,218,219,221,218,223,225,221,215,215,215,214,172,204,225,183,180,223,195,209,216,216,218,213,216,220,211,212,217,216,216,216,217,216,215,215,214,216,207,213,215,213,162,68,21,39,121,146,172,199,166,177,209,216,209,206,213,214,211,208,215,212,211,212,213,212,212,214,212,214,216,217,218,219,220,221,222,219,206,186,192,177,44,2,12,11,2,2,6,9,9,6,7,16,34,35,89,225,223,216,210,211,212,215,218,220,221,223,219,220,206,201,209,218,213,199,217,214,218,224,216,223,221,204
199,217,214,211,215,213,214,217,214,213,214,215,215,213,213,214,213,213,212,211,212,214,215,215,214,209,215,203,73,39,162,183,135,107,93,85,102,137,158,206,215,226,209,187,114,57,113,95,129,162,176,207,138,8,10,35,176,204,203,205,201,207,203,162,78,187,166,57,127,151,97,187,138,180,151,194,178,198,180,199,157,119,124,184,117,68,62,116,213,207,199,199,197,205,190,173,195,202,203,199,199,195,198,190,143,150,206,201,181,103,128,179,187,173,158,197,187,183,190,184,186,180,181,171,179,180,176,173,173,174,172,172,175,173,169,168,164,157,156,155,149,146,147,145,144,141,135,131,131,129,129,133,126,124,126,124,124,124,121,121,115,121,120,116,118,112,104,103,99,99,100,93,93,96,90,91,94,90,92,87,76,80,83,73,78,85,75,74,71,62,63,57,51,41,36,38,32,16,5,3,4,21,27,20,18,15,13,15,12,8,3,2,4,6,6,5,3,3,3,2,2,2,2,2,3,3,3,3,3,3,3,3,2,2,2,2,2,2,2,2,2,2,2,2,2,2,2,2,1,2,2,2,2,2,2,2,4,2,2,1,0,3,5,3,2,5,3,2,8,6,11,7,9,2,10,3,31,83,21,29,12,18,21,9,8,5,4,7,2,12,11,8,12,5,5,14,12,1,10,1,3,5,3,8,4,1,5,3,5,4,9,4,3,3,5,10,19,7,5,1,8,3,0,11,7,0,8,2,7,12,3,6,15,21,13,15,13,13,6,4,6,6,11,13,4,9,11,18,13,32,122,196,207,207,201,212,216,133,149,221,198,146,128,156,220,215,189,204,139,182,195,96,29,32,20,42,171,217,212,216,214,218,215,219,216,218,221,222,221,218,219,221,218,219,221,215,215,221,209,221,196,171,188,141,126,205,217,212,218,207,212,217,210,210,217,219,218,218,217,215,214,214,214,213,212,218,213,216,214,209,211,184,97,26,27,85,166,154,185,216,212,213,212,207,212,211,203,216,215,212,211,213,212,210,210,211,215,216,217,218,217,216,216,216,221,221,221,224,208,228,194,45,1,10,5,6,1,2,1,4,1,4,13,32,37,88,224,222,211,211,213,217,219,217,215,215,222,222,222,216,224,218,212,225,212,223,220,209,201,206,171,140
183,214,215,210,216,214,215,216,213,212,213,214,215,214,214,215,212,212,211,210,211,214,218,219,220,219,208,189,87,10,66,101,106,139,179,204,219,220,211,176,150,121,111,122,139,169,190,204,157,205,219,202,198,70,2,8,82,199,206,200,207,205,201,218,141,161,120,79,121,130,145,122,138,178,210,178,160,188,155,191,102,184,170,120,188,97,160,121,199,197,202,203,210,199,203,203,198,199,193,196,202,201,192,72,49,67,117,188,191,192,200,189,188,198,189,155,192,190,182,189,179,190,179,188,185,179,184,177,179,180,175,174,178,174,166,164,167,159,158,158,151,149,152,152,150,150,145,140,139,136,132,130,133,128,130,125,124,127,123,127,128,123,111,98,125,117,105,99,107,107,106,97,100,103,96,100,95,88,91,92,89,93,77,41,80,91,84,86,82,71,71,63,58,57,49,37,35,35,22,5,11,30,30,19,21,21,14,14,13,9,4,3,5,7,9,10,4,3,3,2,2,2,2,2,3,3,3,3,3,3,3,3,2,2,2,2,2,2,2,2,2,2,2,2,2,2,2,2,1,1,2,3,3,3,2,1,1,1,2,3,2,4,4,0,1,4,4,2,3,4,3,4,1,1,8,3,65,170,70,66,19,5,7,8,7,7,3,4,4,7,5,1,6,3,4,1,2,6,2,5,6,3,1,5,6,7,4,6,10,0,6,5,8,8,4,14,9,5,4,9,7,7,2,19,21,0,2,10,8,9,5,7,8,14,8,4,10,4,12,15,4,18,32,9,16,6,10,14,26,161,208,197,212,214,209,192,216,138,167,202,184,198,166,207,187,201,180,164,105,163,206,164,39,25,24,22,103,207,210,214,215,221,217,214,215,217,220,223,221,219,219,222,222,216,222,218,218,219,213,216,219,163,74,43,38,167,215,216,209,214,212,214,218,215,213,212,214,217,218,216,214,215,216,215,217,214,217,210,214,216,218,210,200,128,47,31,43,156,217,213,212,209,212,217,212,209,213,208,209,207,208,211,212,210,210,213,218,217,216,217,217,218,221,224,222,218,222,213,214,218,223,175,47,2,13,1,8,3,4,2,6,2,6,7,37,42,85,219,220,219,218,220,219,218,217,218,216,215,216,224,219,225,220,204,205,220,184,153,183,217,185,118
95,201,215,215,214,210,217,215,215,213,209,215,214,209,214,211,209,211,214,220,225,222,205,186,148,123,114,114,121,159,182,206,223,220,202,192,149,120,120,117,137,165,190,214,218,213,205,217,108,76,185,200,201,170,30,6,11,135,215,198,209,211,188,169,146,144,161,198,220,188,198,197,126,121,139,191,66,95,76,147,138,137,128,131,204,179,199,211,203,202,207,200,205,202,190,203,199,197,202,200,187,177,199,102,120,156,108,109,197,196,191,203,191,168,193,120,108,195,190,164,186,188,189,188,185,183,184,185,182,185,173,178,175,172,175,175,169,166,164,160,155,155,156,152,154,149,149,149,141,133,130,130,126,132,134,132,132,135,133,128,128,119,119,57,62,96,67,113,111,110,107,108,111,106,104,112,114,98,100,97,85,99,34,3,35,67,93,84,81,83,70,74,64,59,61,45,48,32,37,25,20,28,35,27,22,24,19,15,15,10,10,11,8,7,8,9,7,6,5,3,1,1,2,2,1,2,2,2,2,2,3,3,3,3,3,3,3,3,3,3,1,2,2,2,2,3,3,2,2,2,2,2,3,3,3,3,2,2,2,3,2,3,3,3,2,2,2,2,2,3,4,5,5,8,4,1,147,213,82,27,2,4,5,3,2,3,3,2,3,4,4,2,1,3,4,4,3,0,3,5,2,4,4,4,2,0,10,11,4,6,5,1,2,5,0,11,11,3,8,4,0,5,3,13,5,18,1,7,7,7,10,28,22,5,8,3,8,32,24,21,7,21,34,3,11,7,13,87,177,191,208,210,199,182,205,165,148,194,160,134,160,213,225,195,126,147,139,174,188,198,210,212,109,21,24,28,38,160,217,206,208,217,219,213,217,218,220,223,223,220,218,219,222,220,218,218,217,215,215,216,216,206,109,36,30,83,205,211,213,216,206,214,217,219,216,218,219,215,214,216,216,214,214,217,215,216,216,215,214,214,212,210,206,210,154,63,18,57,143,211,216,200,217,211,210,213,209,213,212,206,211,210,209,212,214,213,219,211,217,222,213,214,221,220,220,221,216,220,220,223,212,163,180,67,3,7,8,2,3,2,3,5,2,6,11,27,34,79,210,223,210,223,220,218,216,219,219,218,222,217,207,222,173,158,149,178,198,129,153,212,212,167
21,154,218,208,212,219,213,207,212,215,213,216,213,208,218,225,224,218,203,177,144,117,106,106,136,161,191,218,223,217,202,187,161,125,122,126,134,174,196,215,219,222,216,210,201,209,213,215,169,46,149,218,202,208,133,13,14,23,162,193,168,172,196,150,150,209,197,186,154,105,152,195,99,96,96,213,139,120,124,134,205,152,141,200,209,204,209,200,200,207,201,206,193,204,204,199,201,197,157,160,140,61,165,217,152,139,94,119,201,199,195,133,90,128,169,199,98,84,97,102,190,188,186,186,187,187,186,184,189,176,184,181,178,180,176,172,171,169,167,165,162,162,159,154,152,149,150,150,146,142,143,144,139,140,138,134,133,134,132,127,121,124,82,58,8,28,111,114,108,110,109,108,113,117,115,111,114,111,106,108,109,88,55,59,59,39,62,92,90,83,80,78,73,74,65,70,54,44,40,35,33,29,31,29,26,27,21,18,18,14,12,10,8,10,11,9,7,6,4,3,2,2,3,3,2,2,3,3,2,2,2,3,3,3,3,3,3,3,3,3,2,3,3,2,2,2,2,1,3,2,2,2,3,3,3,2,2,2,1,2,2,3,2,2,2,2,2,2,2,3,4,4,11,11,12,26,112,147,74,6,2,3,4,3,2,3,3,2,3,5,6,5,4,4,5,4,9,4,5,3,0,2,4,8,6,1,4,3,3,9,8,5,7,8,1,3,2,0,7,8,7,5,6,9,6,5,6,9,1,12,2,21,29,9,11,7,9,22,16,1,19,16,1,13,19,12,75,171,203,208,208,205,122,120,143,200,160,138,209,203,214,217,204,217,151,123,183,194,212,214,207,220,175,51,28,29,16,92,210,213,210,213,214,218,220,219,220,222,222,220,219,219,220,218,218,219,219,217,217,218,210,226,186,64,32,32,138,215,206,218,214,213,214,215,217,217,218,215,214,216,217,214,214,216,214,213,211,210,212,214,213,210,212,212,214,172,84,17,39,117,197,218,208,209,205,208,214,210,210,215,212,208,207,212,217,213,214,217,218,216,212,219,222,219,218,221,222,225,220,221,218,193,173,214,87,7,9,7,1,2,8,1,6,3,8,1,33,37,69,207,223,221,219,211,224,212,212,214,180,144,167,218,166,139,120,141,211,181,139,157,208,219
18,117,219,222,214,211,214,208,209,222,221,219,222,213,188,160,127,107,96,112,142,172,200,221,223,221,206,182,145,126,109,39,59,171,193,210,218,218,206,210,214,209,203,208,210,211,205,206,196,192,150,171,202,204,213,83,3,14,34,134,174,188,201,211,177,193,204,124,146,65,162,211,146,110,152,161,196,179,219,200,204,219,209,208,196,200,198,199,206,203,201,206,203,203,214,194,178,199,98,33,116,78,62,167,178,123,152,198,192,165,198,123,45,93,167,177,177,101,128,196,194,191,188,186,186,186,185,183,184,182,181,175,173,180,180,172,175,172,170,169,167,167,164,158,160,158,158,156,150,148,148,147,147,144,140,137,136,136,132,128,128,116,78,72,56,74,114,125,121,120,117,114,118,126,125,117,117,115,107,110,96,25,27,60,74,91,94,91,91,91,88,82,89,69,51,43,66,62,50,44,49,35,34,33,29,29,26,26,22,19,17,14,12,12,12,7,7,5,3,2,2,3,2,1,3,3,3,3,2,2,2,3,3,3,3,3,3,3,3,3,3,4,4,2,2,3,2,1,3,2,2,2,3,3,3,2,3,2,1,2,3,3,2,1,2,2,2,2,2,3,3,3,4,7,8,3,2,12,26,6,2,3,4,3,2,3,3,3,0,3,5,4,2,2,2,2,5,2,3,2,5,5,0,3,0,0,4,5,5,2,0,8,8,10,8,4,5,4,8,12,12,6,1,3,5,13,15,2,2,4,11,6,5,19,20,9,7,1,7,15,11,45,61,2,8,134,184,175,200,209,209,210,156,119,164,117,193,192,210,213,212,208,218,221,187,181,228,220,210,213,208,205,217,106,25,23,38,34,151,210,209,215,215,211,221,220,219,220,221,220,220,221,221,219,218,219,219,218,218,218,216,211,217,124,48,32,64,187,214,212,217,215,213,215,217,218,217,215,215,217,217,215,214,214,216,212,208,207,211,215,214,210,205,214,206,212,187,104,44,33,81,174,212,208,211,218,207,210,209,211,205,209,211,211,216,214,214,217,214,219,215,215,215,224,218,220,224,226,221,220,222,221,169,187,231,98,10,7,11,0,3,4,3,3,4,10,12,34,36,61,195,221,214,228,209,137,140,192,210,172,151,221,216,156,170,187,188,210,199,207,202,204
24,121,217,202,212,215,222,226,223,211,181,151,129,107,102,112,147,177,207,221,225,221,200,177,149,136,126,132,150,184,202,138,29,176,222,206,208,209,212,212,204,216,213,207,211,212,210,216,213,213,197,133,114,157,142,116,35,5,9,89,216,213,201,210,177,129,108,114,223,109,117,176,198,192,207,195,213,205,203,201,202,203,200,200,212,203,202,211,200,208,199,205,204,189,149,120,162,203,199,113,126,205,156,173,201,209,193,166,186,109,97,205,128,54,120,104,175,207,193,191,191,191,191,189,186,184,185,187,184,183,176,184,183,181,172,183,178,174,171,170,167,167,167,164,161,161,162,160,154,153,152,149,149,146,144,143,143,139,135,131,130,49,29,21,32,101,135,135,128,123,123,123,121,123,124,119,126,119,115,112,81,15,33,42,11,92,113,103,107,95,87,94,79,66,12,9,37,44,49,59,55,44,43,39,31,29,24,18,6,6,11,14,14,12,11,9,8,6,3,3,3,3,2,0,3,3,3,2,2,2,2,3,3,3,3,3,3,3,3,3,3,4,4,3,2,3,3,2,3,2,2,3,3,3,3,2,4,3,3,3,3,3,2,2,3,2,2,2,2,3,2,2,2,2,4,5,5,5,5,1,2,3,3,3,3,3,3,3,3,6,7,7,5,3,4,5,4,3,2,4,13,14,4,3,15,3,0,9,21,14,1,7,3,3,6,4,8,3,4,12,18,11,13,11,16,14,16,14,20,4,15,12,1,6,11,12,29,22,2,11,13,27,19,24,138,192,205,212,219,203,214,211,216,186,146,148,204,215,211,213,219,211,214,213,215,217,213,207,215,207,199,167,187,171,48,24,36,15,78,201,213,212,219,215,219,219,219,219,220,221,221,222,223,221,219,219,219,218,217,217,221,203,216,196,83,43,35,116,216,207,212,216,213,218,214,217,216,216,216,218,218,216,214,213,218,215,210,209,212,215,214,210,221,207,214,210,211,207,137,54,27,59,158,210,209,206,212,212,216,212,210,211,204,208,213,215,212,213,209,214,213,223,220,220,224,220,220,221,222,222,220,226,206,152,210,238,120,13,6,10,7,1,7,6,2,8,2,11,54,33,43,174,236,209,217,167,163,157,193,226,174,192,236,215,214,215,219,223,218,189,167,176
32,107,231,226,223,206,173,146,115,106,99,114,152,183,206,229,229,222,202,172,144,130,130,135,162,184,206,218,226,215,215,206,63,54,197,220,207,209,211,204,210,209,206,204,209,209,201,189,175,164,146,67,149,177,198,214,172,28,5,19,118,202,205,204,210,203,127,156,217,193,179,197,203,213,208,206,211,203,200,209,205,205,205,211,204,205,204,203,213,204,210,187,195,183,59,102,133,170,212,189,115,186,206,201,179,188,185,52,56,99,27,86,197,141,132,190,199,188,190,195,188,190,191,191,189,188,189,191,183,176,174,168,172,183,175,180,177,174,174,172,168,167,168,167,165,164,164,161,156,154,155,152,154,152,150,150,149,144,140,138,133,113,20,10,109,131,132,132,126,127,133,134,127,125,126,123,123,118,116,117,113,100,100,59,64,108,109,105,110,107,106,95,95,86,24,14,14,4,55,73,57,53,52,44,37,35,20,4,3,4,13,21,18,13,12,13,8,6,4,5,6,6,5,3,3,2,2,2,2,3,3,3,3,3,3,3,3,3,3,3,2,3,3,3,3,4,4,3,3,3,3,3,3,3,3,2,3,4,4,3,2,1,2,3,3,3,2,2,3,3,2,2,3,7,5,2,7,7,1,10,4,3,3,3,3,3,3,3,4,5,6,6,4,3,4,6,6,5,3,2,10,12,4,5,2,10,8,0,5,10,3,4,6,1,5,6,14,3,4,18,23,2,12,2,23,9,2,10,7,21,8,14,14,5,18,18,5,24,4,16,13,9,58,140,195,210,219,169,167,223,207,208,210,210,204,214,213,218,213,214,214,214,206,217,218,195,212,216,141,122,107,184,131,197,61,27,23,26,28,145,217,211,217,218,219,219,219,219,220,221,220,219,222,221,220,219,218,218,218,217,216,216,212,222,150,48,47,53,172,216,211,212,214,217,215,214,217,217,218,218,218,217,214,212,218,217,214,213,214,216,214,212,208,212,213,217,209,214,212,168,71,21,43,125,197,211,208,204,206,204,213,214,201,212,210,207,215,215,218,221,212,215,219,222,226,222,219,217,223,223,218,220,228,173,166,216,230,142,21,6,7,8,1,3,5,5,10,7,8,20,41,56,174,230,218,222,174,153,171,224,223,217,213,208,209,200,194,158,150,165,167,218
50,47,155,149,110,104,112,122,157,189,221,233,235,221,187,165,135,124,127,149,173,188,205,221,221,217,215,212,214,209,209,217,164,23,104,206,212,208,209,214,220,214,223,221,214,213,202,167,176,170,71,27,135,135,130,180,222,136,15,4,17,132,215,201,197,210,204,210,204,206,214,202,210,206,205,199,196,214,208,210,215,209,205,212,209,202,207,211,201,191,124,121,183,206,188,67,96,151,128,191,203,191,201,213,170,100,184,169,67,150,182,110,178,204,209,203,189,195,201,188,195,193,192,192,193,192,190,188,185,179,172,168,178,181,190,178,177,176,177,177,173,170,169,168,170,167,166,163,158,156,158,157,156,154,153,152,152,150,148,147,154,148,128,58,104,148,137,134,134,139,141,134,129,131,132,128,120,128,120,111,109,119,125,117,110,119,108,106,112,117,115,91,84,42,52,47,56,52,79,75,71,67,60,50,48,46,27,11,7,11,21,28,24,17,16,17,5,4,4,5,6,7,7,6,4,3,2,2,2,3,3,3,3,3,3,3,3,3,3,3,2,3,3,2,3,4,4,4,3,3,3,3,4,4,3,2,3,3,3,3,2,1,1,2,3,3,2,3,4,4,3,2,7,10,1,3,3,2,2,5,5,4,3,4,4,4,3,4,2,2,2,2,2,1,2,3,3,6,11,8,7,6,2,5,17,4,0,10,23,14,1,11,9,5,9,15,27,8,6,17,24,8,8,3,15,33,6,7,11,28,16,7,8,13,21,8,8,17,7,24,16,22,150,230,207,178,112,111,73,161,203,217,213,210,215,209,209,211,207,220,205,214,222,177,201,154,132,183,167,86,113,147,168,165,164,62,25,35,15,66,197,218,213,213,219,219,219,219,220,220,218,215,217,219,220,219,218,218,219,219,217,217,210,212,206,86,49,41,99,212,217,210,216,212,220,214,217,218,218,216,216,217,215,213,215,216,215,215,215,216,216,214,215,217,215,206,213,213,201,216,184,117,37,21,91,156,158,193,213,205,204,213,208,215,208,209,210,209,212,212,212,212,217,218,223,224,220,220,223,222,219,217,215,225,158,196,227,233,173,40,6,16,7,2,3,4,1,7,4,15,65,58,42,150,229,212,199,205,219,220,203,167,128,164,213,179,118,117,121,179,187,173
48,51,108,132,166,200,217,229,235,214,191,161,133,118,117,132,166,190,211,217,217,220,217,209,216,210,211,212,206,214,214,202,209,148,143,209,214,209,206,203,184,166,144,122,135,172,208,213,205,136,99,69,114,162,156,111,164,224,117,16,9,21,144,207,203,199,209,202,203,207,201,206,208,206,210,216,215,196,188,173,160,141,142,129,125,145,204,196,216,145,54,117,133,208,212,177,95,121,175,205,204,199,111,79,118,51,40,186,173,133,206,205,197,196,195,194,201,197,192,199,198,196,193,192,192,191,189,187,193,185,182,191,196,181,157,185,181,178,180,180,176,173,173,171,166,163,166,168,165,163,165,166,157,156,154,155,156,157,154,150,149,135,146,136,153,143,143,145,142,142,135,129,130,132,128,124,127,129,115,121,128,126,112,112,116,122,119,121,116,104,109,117,54,1,20,18,36,104,92,92,86,81,74,66,62,46,23,18,3,11,24,30,27,24,22,18,5,5,6,6,7,7,7,7,6,5,3,3,3,3,3,2,3,3,3,3,3,3,3,3,2,3,3,2,3,4,4,3,3,3,3,4,4,4,3,2,5,3,2,2,4,4,3,1,4,3,2,3,4,5,3,2,0,5,3,8,2,4,6,7,7,5,4,5,5,4,3,4,5,4,4,6,7,5,5,5,5,7,16,14,9,10,8,8,0,13,17,2,4,14,8,1,4,4,5,14,31,7,4,7,7,9,16,11,1,25,11,8,12,2,11,8,8,19,19,30,25,11,22,12,30,111,198,174,194,214,139,132,173,143,210,207,207,210,217,217,217,211,218,215,196,156,204,152,190,152,91,122,154,152,203,197,201,200,224,141,36,27,31,36,131,211,212,216,218,218,218,217,218,219,218,215,210,216,220,221,219,219,220,220,220,216,219,213,217,148,59,47,49,158,215,212,216,211,220,216,215,217,216,214,215,217,217,214,214,215,214,214,215,216,217,216,215,212,208,212,210,210,215,206,213,204,138,50,36,42,32,109,194,218,203,208,209,210,210,218,213,215,212,206,221,212,210,218,221,224,220,223,223,219,223,218,216,228,191,158,217,214,203,145,52,0,11,4,5,2,8,2,2,4,2,14,28,23,123,228,220,218,222,213,207,202,167,164,225,218,154,161,198,197,222,206
174,205,220,230,231,209,199,170,138,125,131,145,166,190,205,221,223,219,215,214,212,211,213,216,211,216,209,215,212,216,216,216,203,223,216,152,159,214,209,160,26,46,64,67,55,30,95,208,208,159,145,130,142,174,210,192,97,161,222,107,6,6,27,156,212,200,198,205,205,209,215,210,205,199,172,147,136,131,135,148,171,173,187,186,180,187,211,165,113,202,119,48,162,144,143,199,208,211,212,188,146,193,157,55,139,173,122,152,207,207,188,196,200,193,200,199,198,199,203,197,193,194,194,192,189,189,190,192,187,188,197,154,150,180,93,175,185,181,179,180,177,176,175,174,168,167,171,175,170,164,161,161,161,161,160,160,162,161,155,147,151,154,151,139,150,140,146,148,145,138,131,136,144,138,125,122,127,136,126,125,124,125,125,133,126,122,119,122,122,122,124,117,89,60,67,28,45,107,102,97,88,88,89,86,73,35,2,5,12,25,38,38,32,29,21,8,9,10,11,10,10,9,8,8,8,6,4,3,3,3,3,2,3,3,3,3,3,3,3,3,2,3,3,2,2,3,3,2,3,3,3,4,4,4,2,1,8,4,1,3,6,7,5,1,4,3,2,3,5,5,4,2,8,4,2,2,1,10,0,4,8,5,4,5,5,4,3,4,3,2,3,6,7,6,4,3,5,0,5,3,2,9,11,9,5,10,11,3,2,6,4,6,6,8,2,9,28,6,9,9,17,1,26,17,11,3,16,6,15,24,19,11,16,9,2,20,21,17,17,56,137,206,202,102,129,99,165,157,188,225,210,217,213,214,214,214,189,188,162,217,219,202,166,92,180,173,163,221,193,201,224,193,204,214,207,201,78,27,37,33,53,193,211,216,216,216,216,215,218,220,219,217,207,214,221,223,221,219,219,218,218,217,213,215,216,207,108,37,36,90,205,216,213,212,214,218,214,216,215,212,213,217,218,216,215,215,214,213,215,217,217,216,217,212,214,215,211,209,209,210,212,205,212,165,79,29,32,23,99,200,208,209,209,209,212,211,212,204,210,218,202,123,131,212,220,222,216,223,222,217,225,217,225,213,228,165,188,219,192,172,184,83,10,17,5,3,3,2,7,1,7,7,40,23,18,93,221,220,217,222,220,231,219,172,205,225,213,208,217,208,218,198
222,213,181,153,127,114,131,156,176,201,219,222,225,229,231,218,215,214,213,210,215,210,195,207,215,211,212,215,199,106,93,184,221,208,216,75,104,214,217,147,13,140,219,208,207,152,21,116,211,168,194,203,215,216,207,213,195,110,144,208,111,11,12,29,159,212,213,202,188,179,158,132,130,137,140,156,186,205,210,215,215,217,220,206,211,142,177,220,135,124,216,123,73,138,191,210,190,178,176,213,135,103,208,176,94,185,214,196,206,204,191,204,196,202,198,199,197,199,197,194,197,194,196,191,191,195,189,195,190,90,116,166,104,88,67,165,177,183,181,179,179,178,179,170,173,172,171,151,171,172,172,164,163,160,158,163,158,156,157,162,160,152,145,152,153,145,147,154,148,144,148,137,144,134,121,136,133,101,91,121,129,139,137,130,130,124,125,133,123,126,119,63,38,50,96,97,119,115,110,98,103,104,100,85,93,85,49,7,21,63,62,50,37,44,36,5,4,2,21,17,16,15,12,8,10,9,7,4,2,2,2,1,2,4,4,3,2,2,3,4,2,3,3,3,3,3,3,2,3,3,3,2,2,3,5,7,2,4,1,3,9,6,1,3,1,3,4,3,3,3,2,1,4,4,4,2,1,3,6,8,0,4,6,5,4,4,5,6,6,7,7,5,4,3,5,6,8,2,6,0,6,7,3,1,7,7,10,7,5,10,10,1,3,11,14,4,6,9,3,10,13,4,38,10,20,6,23,6,12,16,13,17,18,6,18,14,4,42,105,202,211,141,215,123,105,161,172,205,211,210,215,186,202,195,163,171,123,212,161,160,186,172,210,158,186,217,212,207,227,181,199,165,171,217,209,213,155,41,32,21,12,114,215,209,215,217,217,221,214,219,219,219,218,217,219,222,221,219,219,222,217,219,218,214,213,212,184,51,41,30,141,222,211,207,218,217,214,216,217,217,217,217,216,215,213,216,217,216,216,215,215,217,213,213,213,214,214,214,212,211,214,211,206,214,188,112,82,35,26,106,195,211,209,205,208,211,203,211,212,182,101,38,34,131,212,216,219,219,225,221,224,222,224,219,227,215,152,208,229,208,177,224,106,4,13,3,7,2,5,1,6,8,17,13,26,20,72,212,227,219,218,224,226,213,218,204,215,200,158,170,173,201
133,107,83,134,179,218,222,223,222,218,205,201,183,157,138,162,207,217,210,217,213,151,25,65,199,216,208,216,187,27,26,64,148,213,219,96,81,214,209,171,27,166,205,206,203,216,58,66,210,218,211,212,207,210,205,212,208,203,130,125,135,33,5,12,31,131,140,121,121,131,157,179,192,204,212,215,217,208,203,210,212,182,148,136,179,173,89,173,204,79,166,209,199,216,174,111,141,171,91,183,221,113,137,217,191,187,197,204,198,197,206,197,202,196,196,200,197,201,197,200,199,206,191,196,197,192,188,191,180,69,48,65,167,120,63,144,157,189,186,184,180,181,184,176,171,174,138,36,127,179,143,160,166,167,166,158,171,82,45,101,131,161,150,148,154,148,155,149,147,144,141,143,134,136,139,131,42,47,61,60,132,126,127,138,134,123,140,120,131,144,97,18,105,68,49,129,114,113,120,111,103,103,108,119,55,68,50,19,35,73,66,69,56,60,33,26,21,16,7,24,27,24,21,15,11,7,11,12,5,5,7,1,1,2,3,3,3,3,2,2,2,3,3,3,3,3,3,2,3,3,3,3,2,3,4,6,3,4,1,1,6,4,2,5,4,5,5,4,4,4,4,2,3,4,5,4,3,4,5,7,2,3,3,2,2,3,3,2,3,5,7,7,6,6,6,7,4,2,5,2,8,11,5,5,11,5,5,6,2,2,6,7,5,9,10,4,6,9,7,11,11,14,7,14,26,14,8,4,12,5,16,4,3,4,11,24,94,174,192,142,191,126,171,175,144,230,221,216,202,225,145,120,165,206,206,162,109,204,221,149,149,179,215,216,222,209,204,110,149,184,169,89,147,204,203,217,199,110,166,128,64,36,171,219,216,217,211,222,220,220,217,216,219,220,221,220,219,219,219,219,223,222,220,214,214,218,209,119,49,71,119,195,220,217,214,218,215,217,218,217,216,216,214,212,213,216,216,216,217,217,217,220,216,215,213,213,213,213,212,212,213,210,212,209,205,209,202,107,40,29,92,196,206,209,205,211,213,205,152,66,33,35,44,45,122,218,218,216,224,215,226,222,224,225,221,227,187,175,223,218,212,218,233,125,11,12,5,4,2,6,1,6,1,8,6,31,26,56,192,230,218,212,216,204,161,163,209,198,141,144,129,205
186,199,149,127,124,143,188,210,212,196,77,48,69,77,80,42,88,205,215,212,206,49,84,78,56,184,217,214,194,51,136,167,48,105,214,108,68,205,214,166,26,152,223,219,224,170,17,106,216,210,208,213,205,204,217,203,207,207,214,191,148,120,69,5,11,7,92,197,203,212,218,205,211,211,208,209,212,206,204,211,187,102,158,151,89,168,176,112,117,126,205,206,192,130,100,62,168,215,170,109,127,89,166,209,202,210,202,206,205,206,200,197,199,199,205,195,196,198,189,175,154,137,182,198,191,196,194,194,173,62,119,136,137,203,180,184,190,188,178,183,187,180,179,179,173,174,105,100,106,90,137,170,165,166,164,159,167,101,1,42,70,141,157,153,153,144,149,152,149,140,148,145,149,143,132,129,47,46,59,24,113,135,135,138,138,148,140,137,145,139,113,57,49,30,59,144,128,125,127,123,122,120,121,114,30,36,19,1,55,93,86,86,77,62,11,4,29,23,22,41,28,20,27,28,20,16,12,8,3,1,2,1,3,2,2,3,3,3,2,2,3,3,3,3,3,3,3,3,3,3,3,3,3,3,4,4,5,5,2,2,4,4,4,8,6,6,5,3,3,4,4,3,2,4,6,6,6,5,4,4,7,6,4,4,6,8,7,4,2,4,5,6,6,6,7,9,0,6,9,5,4,6,2,11,10,5,6,10,8,5,6,7,6,6,5,7,6,5,8,7,23,1,10,9,1,13,6,7,13,7,22,11,20,58,52,135,214,209,192,173,156,84,139,218,194,212,155,175,165,147,204,160,163,124,210,222,191,202,208,216,218,218,210,211,216,215,212,96,90,140,190,172,174,213,209,210,223,146,167,226,202,143,107,209,221,216,218,219,217,217,221,217,220,222,221,218,218,221,221,218,220,218,221,215,215,216,219,178,158,210,204,171,207,212,220,219,215,216,217,216,215,215,213,211,213,216,215,215,216,216,216,219,215,214,214,213,213,212,211,210,212,210,216,213,207,204,221,201,118,34,26,86,194,210,201,209,201,114,55,25,26,81,94,38,41,118,208,218,221,221,217,222,223,221,224,223,227,156,198,226,223,203,206,209,122,18,8,6,4,3,4,2,7,3,2,2,21,28,41,175,196,155,184,181,127,137,207,228,174,152,175,174
221,123,62,103,124,84,92,188,224,185,38,115,222,223,231,139,18,169,218,216,114,62,228,223,84,69,197,217,201,48,129,230,186,79,66,51,75,204,216,179,17,72,150,128,96,31,61,189,215,204,212,208,205,212,201,212,211,207,211,208,211,213,203,88,5,6,34,151,212,198,194,213,203,206,207,209,211,209,210,219,136,126,201,141,58,53,193,201,193,210,212,205,198,195,206,174,91,190,208,196,155,184,201,203,205,201,204,199,197,204,198,200,201,202,197,213,207,184,196,135,80,130,211,192,199,195,192,193,190,157,195,197,192,184,194,189,185,181,187,181,183,184,187,183,183,139,124,145,157,161,167,176,178,169,166,166,70,8,52,86,148,164,156,143,156,158,143,145,147,153,148,150,141,140,146,76,87,93,65,76,130,134,141,149,133,136,140,136,133,74,43,90,92,101,139,131,135,133,129,128,126,126,124,132,86,37,14,24,88,107,102,93,92,53,27,25,13,5,40,57,56,53,44,22,9,11,2,0,7,5,1,9,5,4,2,2,2,2,3,4,3,3,3,3,3,3,3,3,3,3,3,3,3,3,3,3,5,4,3,3,3,2,4,8,5,6,6,5,3,4,4,4,2,4,6,7,6,5,4,3,5,4,3,2,5,8,7,5,3,3,4,4,4,4,6,8,18,16,4,6,13,20,8,6,4,3,4,6,9,10,7,2,7,6,6,13,8,3,9,3,10,9,10,14,21,21,10,2,10,17,1,33,131,149,78,213,201,200,218,212,217,179,153,210,154,208,158,103,161,97,190,191,159,146,206,217,214,212,209,215,212,211,212,213,219,218,199,136,196,209,195,221,223,217,209,212,212,201,118,199,219,230,160,167,225,214,220,216,215,214,222,222,220,220,219,218,219,222,222,220,220,220,226,219,219,216,218,211,164,209,223,181,185,222,213,218,214,215,215,214,214,215,214,213,214,216,214,213,214,213,212,214,211,212,214,215,215,213,209,207,212,211,207,206,220,205,198,210,199,112,33,29,81,194,211,171,88,36,25,38,127,200,204,116,41,34,123,208,221,220,222,223,220,222,219,225,225,194,161,218,222,198,178,120,166,130,35,7,8,9,1,7,2,2,7,11,12,15,31,33,125,190,193,161,184,141,167,195,221,211,223,217
116,59,191,224,228,231,204,220,216,195,49,105,169,138,117,41,72,201,216,199,35,86,168,147,92,8,64,188,213,66,109,225,212,211,119,18,58,210,211,189,57,15,38,40,52,106,197,217,208,211,209,205,215,215,220,208,209,210,203,204,207,197,204,203,90,8,6,25,143,212,197,199,206,209,211,210,210,207,205,204,192,103,53,91,84,96,146,187,216,209,202,206,207,211,204,215,145,131,215,204,218,203,206,208,206,199,206,200,203,203,209,210,198,200,199,129,155,104,132,217,184,109,182,197,199,200,196,195,192,197,195,191,189,195,206,134,154,191,191,187,183,184,186,184,151,42,67,76,62,156,174,176,176,171,168,158,137,135,92,116,161,159,160,159,165,161,150,156,160,164,151,147,156,150,115,33,8,41,104,149,141,148,145,151,146,145,142,146,103,29,47,15,59,121,142,137,145,141,142,149,140,130,129,71,56,78,63,84,124,114,111,113,94,17,26,44,55,64,85,66,36,12,4,2,1,3,4,10,18,14,7,8,3,3,3,3,2,2,2,5,3,3,3,3,3,3,3,3,3,3,3,3,4,3,3,2,3,2,3,4,2,1,4,5,4,7,10,8,6,5,6,7,3,4,5,5,5,4,4,4,4,4,4,3,4,6,7,6,4,4,5,6,6,4,4,5,5,11,6,6,2,4,1,4,9,8,4,2,5,10,13,15,8,6,9,17,10,5,14,9,2,11,5,18,9,11,10,19,14,26,106,181,215,74,158,208,196,213,145,148,190,193,84,147,111,123,226,165,203,202,185,211,204,218,212,212,220,212,216,212,211,217,209,210,210,208,216,205,217,212,214,214,211,211,215,215,208,216,153,150,223,208,209,136,201,222,207,216,220,216,219,222,221,218,217,219,221,221,222,223,223,221,225,217,220,220,218,224,179,175,221,209,174,208,211,214,215,215,214,213,213,215,216,215,215,216,214,212,214,213,211,212,210,212,214,216,215,213,211,209,210,213,220,210,212,213,207,202,204,195,119,40,29,82,125,60,33,32,50,153,202,205,214,208,119,47,40,116,204,213,224,220,221,220,222,224,219,228,168,184,222,224,211,141,171,206,179,46,8,10,7,3,2,4,2,1,1,9,16,29,24,104,184,171,216,190,192,212,217,192,189,213
46,137,229,212,161,103,109,109,198,212,66,38,106,101,17,45,192,220,221,100,19,63,74,88,102,115,71,53,180,102,124,221,209,207,216,164,160,201,211,217,189,188,200,200,212,224,211,210,212,204,211,213,206,209,180,181,214,212,200,199,206,76,109,208,199,94,3,3,26,136,214,203,209,208,205,204,207,210,210,206,212,191,152,151,185,216,212,212,209,203,209,208,210,207,207,204,207,201,207,205,201,205,206,202,206,210,209,205,214,195,161,175,199,126,189,125,90,121,68,173,213,161,173,206,201,194,202,189,185,197,189,197,188,127,152,131,98,185,173,191,188,182,179,182,179,127,135,113,79,176,171,172,176,171,149,55,74,68,94,147,167,167,161,169,169,162,165,160,156,160,148,161,162,155,39,16,73,113,141,136,148,158,156,148,140,148,149,150,118,67,32,37,124,158,139,142,146,150,144,143,138,141,84,28,40,15,62,123,132,132,118,117,116,93,90,37,9,84,83,33,0,1,4,3,2,1,4,14,12,8,6,1,6,4,5,6,6,3,2,3,3,3,3,3,3,3,3,3,3,3,3,3,3,3,3,2,4,2,5,7,4,3,5,5,2,6,9,7,5,4,5,6,4,4,4,4,4,4,4,5,5,7,7,6,4,5,6,6,3,4,7,10,10,6,3,2,6,7,3,8,9,10,9,3,11,10,7,6,6,5,11,24,7,4,8,13,7,8,17,16,4,6,14,13,10,4,8,23,30,171,227,225,128,79,179,139,139,154,97,105,182,224,163,148,192,158,205,213,208,215,212,218,217,218,218,212,217,213,207,218,211,210,213,216,214,213,214,205,207,223,209,217,215,212,222,209,213,215,207,120,200,227,220,167,150,226,209,216,215,220,219,218,222,218,217,220,221,219,220,223,222,219,223,218,221,222,216,220,216,167,201,221,188,180,217,212,217,216,214,213,213,216,216,215,216,217,214,214,216,215,212,212,213,214,214,214,214,214,214,215,223,210,214,210,208,212,209,205,214,206,201,124,40,27,33,27,30,91,183,207,206,209,208,213,201,123,43,32,142,224,220,220,222,215,228,221,224,224,211,158,216,224,233,213,214,226,233,202,54,3,12,5,5,1,8,7,7,2,4,21,26,27,73,200,234,209,184,205,186,150,174,141
48,95,218,228,173,129,6,59,201,210,66,121,228,226,154,46,160,215,173,52,152,216,203,217,220,227,205,153,193,191,204,215,213,222,219,221,229,225,218,211,209,216,195,189,183,160,167,203,214,205,207,214,210,169,14,42,181,213,200,211,201,58,66,212,199,204,99,17,10,22,133,211,198,202,207,209,204,203,206,209,210,213,215,214,211,208,212,206,205,214,205,215,206,210,210,203,208,203,206,206,199,209,205,203,209,188,162,177,197,119,155,124,169,165,129,205,122,187,183,177,203,206,201,196,193,199,193,201,200,192,174,152,182,171,133,75,68,171,178,189,185,189,189,185,182,185,186,170,171,181,182,178,181,176,174,105,18,33,165,168,168,174,171,170,165,160,162,157,164,158,169,163,156,144,146,134,89,114,163,152,158,156,150,153,152,151,163,87,64,172,165,125,134,154,159,157,154,158,150,147,142,157,116,41,25,46,127,133,137,137,131,137,129,119,118,69,20,36,9,0,3,2,1,7,4,6,3,5,9,3,1,12,21,15,11,11,10,7,4,4,3,3,3,2,2,3,3,3,3,3,2,2,3,3,3,3,5,2,5,8,5,5,7,4,3,4,5,4,3,3,3,2,4,4,3,3,4,4,5,6,3,5,5,4,3,3,3,2,4,3,6,10,10,6,4,4,1,3,7,8,3,2,13,8,4,6,5,4,5,2,3,11,9,3,7,7,4,9,13,14,8,2,8,7,2,43,138,104,47,134,141,181,55,182,149,119,125,154,199,99,152,167,206,185,218,222,219,207,210,219,218,218,210,218,216,210,210,215,217,214,216,210,219,212,209,216,215,217,218,218,211,217,208,215,207,216,210,211,217,172,143,219,223,211,135,188,220,215,210,219,220,217,220,219,219,220,219,219,220,221,223,221,225,225,224,225,218,217,226,188,172,228,211,162,202,218,215,215,214,213,215,217,217,215,216,217,214,214,216,214,210,209,214,214,214,213,213,213,215,216,210,214,217,213,214,213,206,210,207,212,208,206,135,42,22,47,140,203,206,213,207,205,213,212,224,205,95,42,71,201,224,223,222,217,223,228,219,224,229,182,175,219,219,231,191,173,194,186,183,92,13,11,7,5,2,5,1,1,12,1,18,31,22,73,180,177,188,175,169,152,147,138
151,42,76,129,130,75,79,185,220,211,102,141,218,208,214,155,161,214,190,196,215,210,222,210,207,215,206,222,221,224,217,208,189,155,142,128,103,89,121,205,211,110,50,45,48,53,37,64,177,217,208,203,210,65,36,59,44,178,215,198,215,100,34,198,202,202,201,113,11,14,13,121,212,202,200,205,208,208,208,206,207,211,209,205,210,213,210,208,209,203,216,201,210,207,208,209,205,206,209,208,210,201,205,211,165,105,170,95,164,101,192,169,117,211,153,198,199,197,200,205,199,198,201,200,198,200,198,197,193,206,131,56,72,92,167,180,165,190,196,188,187,187,189,188,185,181,181,178,178,179,176,177,182,151,120,147,135,119,172,178,172,175,181,167,165,171,163,170,166,168,164,166,58,37,45,73,127,156,166,162,165,159,161,159,157,164,136,37,53,81,115,163,160,169,163,160,156,161,157,151,155,135,66,47,69,113,121,143,138,143,142,132,130,133,126,67,8,0,6,0,7,6,1,1,27,44,24,13,30,14,1,33,39,28,18,14,13,10,7,6,3,3,3,2,2,3,3,3,4,3,2,2,3,3,3,3,4,0,3,7,3,4,5,2,6,5,3,2,3,4,3,1,4,4,3,4,4,5,6,6,5,6,7,6,6,7,7,5,5,3,3,7,7,5,5,7,14,6,4,5,6,6,20,7,7,13,7,2,6,10,6,3,12,6,10,6,4,9,7,8,8,5,4,34,89,184,195,69,175,206,148,43,121,214,210,99,154,215,210,167,149,194,210,214,211,209,215,213,219,217,214,210,216,213,210,219,216,220,209,215,215,217,211,209,216,212,213,212,214,216,215,210,217,215,216,212,214,208,219,212,128,198,219,222,164,130,220,216,217,214,215,221,216,220,221,219,218,221,222,221,222,218,221,222,219,221,221,220,213,220,167,143,135,71,163,218,212,212,213,214,217,219,218,216,216,216,213,212,214,211,206,204,212,213,214,213,213,212,213,214,221,216,212,211,214,215,210,211,214,209,208,206,209,127,66,156,216,202,210,211,210,215,215,212,212,222,159,51,43,137,218,222,225,216,231,222,224,224,227,224,163,203,227,219,155,187,216,181,167,196,91,16,15,6,8,1,4,5,4,7,6,9,29,18,40,134,226,187,159,197,169,210
216,186,130,104,102,148,206,218,210,212,208,210,214,221,218,226,231,220,226,222,217,210,213,198,214,220,209,215,176,132,206,186,54,40,19,5,44,90,136,211,214,75,25,179,213,226,152,2,121,224,206,217,159,24,176,213,45,41,190,210,215,129,19,190,225,207,216,223,131,16,11,11,100,200,203,200,209,206,206,206,209,206,211,208,208,205,207,208,208,212,211,210,206,204,213,206,218,209,211,194,187,209,151,195,193,97,114,144,199,169,117,134,186,207,210,202,201,203,197,201,205,200,197,203,202,201,199,195,193,204,176,52,136,170,169,196,200,191,192,190,188,194,187,185,186,181,186,180,183,177,187,175,162,169,89,40,124,175,174,184,177,178,175,170,169,172,174,172,174,162,177,179,137,37,15,139,160,165,167,165,166,165,163,173,166,164,128,126,167,128,102,156,166,164,166,168,165,164,161,153,169,69,61,142,41,89,163,144,140,141,145,145,145,111,37,1,3,3,3,9,0,1,33,59,87,81,6,9,22,51,14,22,30,24,34,34,21,21,20,12,11,10,10,5,2,4,1,3,3,4,3,3,5,3,0,3,4,1,2,5,4,2,3,2,7,6,4,2,3,5,5,3,6,3,2,2,3,8,10,6,7,7,4,2,3,3,5,11,4,1,10,6,9,4,5,9,14,4,8,5,4,14,8,5,10,10,6,3,7,8,6,5,2,10,7,15,9,7,14,13,19,23,3,127,217,220,121,18,178,220,181,45,180,209,207,187,190,213,211,214,219,219,210,213,210,215,213,208,220,215,212,213,211,212,212,212,211,211,217,211,216,216,211,212,213,212,216,214,219,210,212,214,212,213,214,214,205,219,184,181,165,140,224,218,219,117,184,221,217,224,214,216,215,218,220,219,219,220,221,220,219,220,215,221,222,216,220,219,211,221,213,94,33,30,85,204,211,212,217,218,212,215,220,212,212,216,215,215,215,213,213,207,211,211,211,212,218,211,216,217,213,213,216,212,215,217,210,212,213,210,214,213,209,206,202,207,209,208,207,210,208,214,210,213,212,213,208,99,39,67,201,222,223,223,224,225,224,222,223,226,197,162,220,224,171,171,173,202,198,174,198,146,23,10,14,2,4,5,4,6,3,5,10,16,30,28,109,191,202,212,225,222
213,218,221,221,231,225,227,220,226,221,222,215,212,184,173,156,122,109,118,192,215,229,132,52,114,195,217,221,143,34,184,208,182,196,149,18,157,236,215,207,217,103,32,154,146,115,60,30,164,211,203,208,65,9,87,81,30,11,50,187,222,154,8,94,144,137,112,78,159,149,23,6,6,81,192,212,203,210,207,215,210,213,208,201,205,215,211,212,209,205,203,206,213,208,210,206,169,161,199,179,81,128,83,123,216,153,138,222,210,204,199,209,208,197,205,208,202,204,203,200,206,195,210,191,200,202,195,202,198,191,190,126,190,200,198,195,196,192,194,192,189,182,183,198,196,186,181,183,186,191,181,185,156,111,53,77,174,179,184,174,173,174,174,173,174,175,174,170,169,173,144,103,158,159,88,158,172,170,170,171,178,177,174,159,163,174,120,52,96,160,173,167,168,171,165,164,157,162,161,164,171,131,71,103,55,99,147,148,146,148,155,127,44,2,1,5,0,7,5,0,32,76,109,115,104,111,71,14,2,48,51,35,48,53,52,41,37,38,16,2,9,11,12,12,5,9,3,5,0,4,5,2,2,3,5,6,3,3,6,6,4,4,5,2,1,2,3,2,3,5,6,6,2,4,8,8,4,5,8,6,5,7,6,7,7,5,3,5,4,7,10,2,9,5,1,2,4,9,6,4,10,13,12,7,16,4,6,12,5,4,9,7,9,10,8,10,1,12,1,10,15,37,109,124,119,174,67,112,128,129,51,84,214,202,213,210,209,211,207,208,205,214,214,208,219,211,207,224,202,208,219,213,216,211,218,203,206,218,207,211,212,221,213,216,218,210,203,216,214,218,207,207,218,197,118,186,163,179,148,153,219,125,194,217,222,174,130,218,205,212,225,218,219,220,221,219,218,219,220,219,220,221,217,217,219,220,222,218,218,214,219,180,58,46,46,146,216,207,215,207,216,216,206,218,214,212,223,221,211,199,198,222,219,216,213,206,209,211,217,211,211,217,219,210,209,210,217,213,215,212,216,216,214,211,207,210,213,207,207,216,216,214,210,206,217,211,162,68,41,44,140,225,222,220,220,222,223,222,222,223,230,175,186,228,223,192,184,213,224,223,228,230,173,48,2,18,6,8,1,3,11,1,9,6,19,35,30,83,209,235,225,214
219,218,215,211,215,195,143,121,112,163,204,215,188,49,34,56,72,85,116,205,216,218,127,5,13,61,179,231,146,24,176,216,214,218,174,28,150,218,215,213,213,110,2,47,71,57,1,97,223,209,222,138,18,105,121,119,165,154,45,45,185,189,47,38,52,66,92,105,170,208,152,32,10,9,72,184,212,204,208,203,206,206,208,212,210,209,198,209,214,218,209,212,196,177,211,161,76,143,203,222,132,133,170,129,206,209,196,203,210,202,203,204,209,203,202,202,199,199,207,200,200,197,193,199,116,174,201,196,193,199,199,196,194,198,192,195,195,199,186,196,176,107,92,114,144,184,187,187,182,183,180,175,176,174,153,128,174,184,181,183,175,175,173,172,171,172,175,177,178,157,60,72,43,111,167,175,176,178,175,178,185,175,175,172,168,138,40,25,76,125,179,166,170,172,162,168,164,171,164,170,110,88,83,90,142,166,157,163,151,150,77,14,53,70,26,2,8,2,16,68,124,153,129,129,114,113,111,66,52,83,94,84,83,76,68,64,54,30,7,40,30,9,5,10,17,7,1,6,10,3,0,1,5,5,2,0,1,2,4,2,1,5,8,5,4,6,6,5,3,3,4,4,3,5,9,9,4,4,6,5,6,7,5,5,6,4,3,6,0,15,19,2,6,9,6,9,0,10,16,9,5,8,9,9,0,7,5,4,11,12,8,9,9,7,1,20,62,83,106,44,1,103,220,231,135,12,22,150,223,206,50,118,213,215,203,207,212,212,208,219,211,215,211,218,211,208,215,210,216,221,215,217,214,216,222,210,225,208,209,223,208,198,209,187,207,208,116,180,222,215,215,215,218,164,97,109,187,160,71,165,209,177,140,214,216,211,126,180,229,220,218,218,221,221,220,218,218,219,219,218,221,222,220,212,214,223,221,216,218,214,211,220,116,50,45,80,199,216,214,210,214,213,211,214,214,216,212,211,222,155,74,108,155,180,214,218,216,213,214,210,211,203,209,217,216,211,218,208,215,212,216,216,216,214,210,212,211,213,215,216,208,206,222,220,205,144,53,47,46,101,191,223,223,221,221,222,224,224,224,223,221,212,157,210,226,227,221,224,220,216,219,221,231,198,73,6,11,7,11,2,1,9,2,5,3,15,30,19,44,159,208,174
201,192,191,218,163,52,87,134,125,65,147,217,172,28,100,224,223,220,220,214,208,218,140,17,131,97,33,161,162,28,166,219,208,215,178,33,137,219,207,208,219,131,14,174,223,217,94,32,156,217,189,61,106,220,220,223,214,221,189,133,183,210,187,193,200,212,218,220,220,217,221,175,32,1,10,47,163,213,206,208,203,214,206,202,209,209,211,213,184,184,216,172,96,161,204,218,105,118,177,188,199,175,209,211,203,203,215,201,205,209,204,204,203,200,205,199,203,207,195,211,211,204,125,169,172,99,196,206,196,202,198,198,196,195,192,196,191,193,196,199,114,81,60,88,153,188,184,187,189,177,189,95,38,57,73,167,179,178,183,181,172,174,178,178,176,175,177,181,190,160,86,53,51,143,175,175,177,176,177,181,178,175,177,181,183,121,88,70,107,173,172,170,170,169,169,172,163,163,165,170,139,3,52,98,140,156,168,152,116,26,5,26,160,177,115,6,8,48,123,114,44,63,47,112,139,131,126,119,112,106,89,94,94,88,76,72,69,48,9,27,34,2,4,0,24,3,5,4,3,12,14,6,0,3,6,2,4,4,6,6,3,5,6,4,1,3,4,4,3,3,4,5,6,4,4,4,3,4,6,4,5,5,3,3,5,4,4,7,6,6,7,0,4,7,3,2,11,4,12,7,1,13,6,6,7,20,12,4,13,9,0,5,10,57,77,136,186,194,189,179,127,77,135,156,100,41,48,88,111,145,69,186,208,203,210,206,208,212,217,207,214,214,213,207,221,222,223,212,214,211,213,196,207,202,143,136,172,220,148,138,189,129,220,142,192,197,109,100,172,215,216,209,225,127,111,137,121,211,134,188,202,214,128,174,217,229,186,125,221,214,219,215,220,219,218,217,219,220,219,218,220,220,222,212,212,222,218,216,216,222,214,216,187,68,44,36,132,223,214,214,214,210,221,210,214,206,218,214,220,209,127,59,44,50,77,109,158,193,209,217,220,223,219,218,217,198,186,212,215,212,214,214,215,215,210,212,214,214,212,211,212,211,214,181,105,38,36,36,123,208,219,219,224,223,223,224,226,226,226,225,220,227,185,168,224,223,227,227,229,223,222,218,216,230,220,100,14,12,3,7,5,5,1,5,11,3,9,23,37,55,112,205
163,174,213,188,31,118,225,223,221,206,199,216,189,31,45,85,151,214,210,213,213,225,158,27,192,218,125,33,50,22,157,222,213,208,206,33,115,222,213,211,223,134,36,177,217,216,203,99,131,216,209,174,210,212,202,203,209,203,212,215,214,205,207,210,210,208,202,208,158,115,107,177,188,55,3,6,32,143,209,197,203,203,203,218,213,204,215,135,131,129,158,208,81,139,189,197,188,124,150,188,214,205,214,203,211,201,203,210,198,201,208,200,201,209,199,206,205,205,203,165,149,190,190,114,128,110,188,197,200,201,197,195,199,203,194,196,197,194,196,191,179,144,103,113,185,197,189,185,187,199,181,171,103,33,135,189,187,180,185,177,184,183,183,183,181,180,181,183,127,131,165,125,125,165,181,184,182,172,177,184,171,187,183,178,112,77,90,117,147,170,169,172,170,165,174,173,170,168,164,140,76,37,55,125,164,178,129,44,7,73,144,64,70,109,43,38,128,169,69,15,84,30,51,77,134,143,130,125,124,123,111,115,99,99,93,87,91,86,49,40,45,34,42,21,36,21,21,7,11,5,9,14,7,0,1,5,4,0,1,6,6,4,4,4,2,2,3,3,4,3,3,3,5,2,2,3,3,4,5,4,2,4,4,6,8,6,3,5,8,1,5,10,5,6,6,8,4,7,9,16,14,17,4,7,8,1,0,3,6,24,68,110,154,169,188,187,174,180,108,195,207,190,132,72,49,37,133,218,163,64,17,179,221,209,211,208,209,214,212,217,211,219,209,218,186,161,152,182,181,169,224,138,200,120,163,196,113,196,156,135,164,75,183,178,160,174,97,148,135,198,219,210,208,183,200,221,185,206,221,210,217,221,183,123,219,211,221,131,171,226,214,219,218,217,217,219,220,220,219,219,219,218,223,216,214,220,217,219,223,219,218,213,216,134,38,38,57,187,218,209,216,213,216,213,217,216,216,213,218,218,209,210,190,152,102,59,51,54,78,109,159,185,173,141,115,70,47,147,217,213,215,213,214,216,212,214,215,213,209,211,217,215,210,167,55,41,39,85,209,221,218,218,221,223,224,224,224,225,225,226,227,223,227,161,203,224,217,225,215,224,228,217,223,213,224,231,128,24,16,9,5,2,8,6,1,10,7,5,12,42,20,82
223,215,222,113,34,209,214,207,215,231,220,222,195,35,62,170,204,226,226,221,208,222,153,21,168,216,226,159,28,11,143,216,207,218,208,76,142,222,210,211,214,202,182,218,206,208,213,218,219,185,115,194,213,208,216,206,207,205,213,209,204,207,217,207,205,202,222,172,18,101,160,83,221,200,71,1,8,13,126,214,215,204,214,189,142,161,228,157,90,109,112,212,160,112,135,195,214,206,212,207,206,210,200,204,199,209,207,195,208,205,209,206,202,198,197,206,203,205,210,124,68,82,130,178,171,187,198,207,199,197,201,207,191,197,190,197,198,198,194,113,152,190,180,167,189,187,186,188,198,132,99,127,176,130,168,182,177,185,185,184,174,175,177,182,186,186,180,175,57,146,72,9,153,187,187,180,181,183,180,184,180,185,177,188,65,149,141,46,185,179,173,176,172,170,181,173,177,180,174,136,39,67,71,166,160,71,18,50,135,173,190,125,1,29,91,113,57,137,125,68,62,116,119,152,148,150,143,134,131,126,131,127,118,112,114,113,108,96,89,93,94,88,85,74,73,69,59,50,48,23,19,33,32,19,11,9,20,7,1,1,1,0,0,1,5,4,4,5,5,4,4,5,2,2,5,7,4,3,5,6,5,6,5,6,8,6,4,5,3,5,11,8,0,8,7,0,5,13,1,1,17,6,0,3,15,29,58,98,133,152,166,181,165,175,177,176,145,145,68,137,160,199,210,205,139,26,178,202,227,99,54,52,109,209,214,206,209,220,198,192,215,218,174,173,214,166,125,210,208,153,160,115,205,124,161,223,122,159,212,147,223,161,176,215,180,198,200,220,208,212,210,218,217,212,209,209,219,217,215,216,217,214,227,133,167,220,220,190,126,217,211,218,219,218,219,220,221,220,219,219,218,219,222,220,217,218,218,222,225,217,212,211,213,200,76,40,37,108,213,215,212,217,214,214,210,218,211,214,219,213,215,220,221,222,219,207,183,131,90,59,46,56,54,26,27,55,67,145,217,214,215,213,214,216,213,214,210,211,212,213,209,208,219,210,169,88,36,45,127,204,213,219,220,222,225,224,224,225,226,226,222,224,227,209,153,217,232,221,225,227,219,228,224,223,220,223,229,154,34,33,17,4,5,1,3,6,7,6,19,10,27,22
213,218,218,142,19,141,211,226,217,149,131,199,205,48,80,191,163,134,123,179,218,216,171,39,165,221,203,223,179,124,184,215,218,208,214,210,211,211,211,215,214,212,220,208,217,211,213,212,190,44,83,198,207,215,205,210,214,212,207,215,209,218,204,210,213,212,213,167,43,41,110,108,149,190,214,104,7,7,10,88,165,198,207,129,159,179,148,205,109,152,162,179,207,198,210,210,203,204,203,202,205,208,211,205,204,204,207,206,201,204,196,203,208,207,211,117,137,198,214,171,78,161,177,195,209,200,203,196,203,191,200,197,204,193,201,199,194,199,180,75,60,104,87,168,198,190,191,194,195,63,97,35,90,163,181,184,186,171,188,188,191,190,186,180,179,182,185,187,129,82,50,52,174,179,182,187,180,191,183,183,186,179,172,151,139,88,72,111,175,179,178,173,175,182,188,175,173,174,182,177,183,178,142,81,16,52,141,184,188,151,74,28,102,149,195,92,1,8,71,163,128,161,156,165,162,150,153,149,149,136,136,135,136,130,127,123,122,105,106,101,109,96,89,94,91,91,81,86,77,73,72,67,61,63,59,44,58,41,28,25,23,21,18,13,1,0,0,1,0,0,0,2,5,2,4,6,4,3,5,6,5,5,3,4,7,6,4,7,6,7,3,1,0,8,1,3,3,8,28,14,34,39,73,104,129,156,170,170,174,170,166,173,179,187,100,115,123,150,128,159,192,199,186,214,156,94,204,202,193,50,67,140,107,107,204,221,205,210,205,141,215,225,200,140,218,221,135,196,216,218,137,112,217,202,135,108,125,209,214,206,210,219,211,221,220,220,212,213,214,214,210,212,218,225,224,214,213,199,200,220,211,210,213,193,117,217,215,222,133,151,222,211,219,218,218,219,219,218,218,219,217,220,219,220,218,217,221,221,220,221,216,216,216,221,148,45,46,50,167,220,212,216,216,212,212,217,214,217,217,214,218,216,217,215,211,211,214,221,223,173,48,27,83,132,163,192,198,220,214,213,216,214,215,216,213,214,212,210,210,213,208,210,213,215,219,196,119,46,38,96,194,222,220,223,224,224,225,227,227,226,229,223,219,235,170,172,228,223,221,228,230,225,219,196,188,165,158,176,189,69,8,16,12,5,3,1,2,2,3,6,19,27
218,212,211,206,97,22,70,89,61,43,148,220,201,67,32,54,68,70,83,168,219,213,207,188,205,216,213,211,215,217,217,216,214,212,210,212,216,220,219,214,213,214,212,214,212,212,214,216,76,52,213,213,213,208,215,214,210,217,212,216,213,209,216,209,208,208,207,225,160,37,108,107,136,196,186,210,132,13,76,167,163,109,206,152,130,123,45,186,194,194,217,203,211,210,208,207,210,206,204,207,205,200,207,206,204,208,205,205,203,203,207,210,194,208,183,97,143,122,158,205,168,208,209,208,191,203,202,198,198,203,194,197,199,192,193,197,197,196,173,158,160,123,147,200,190,200,192,195,186,164,135,71,139,187,192,171,82,28,52,74,103,129,160,179,187,192,195,195,196,171,145,169,185,186,178,184,187,182,182,181,178,187,182,66,80,95,130,189,183,179,182,180,179,179,176,182,190,181,174,183,185,113,27,25,111,176,186,175,101,29,76,147,148,52,146,117,21,60,87,164,170,164,168,169,158,158,163,151,155,161,150,154,154,145,139,140,146,121,129,130,124,118,119,118,114,110,104,108,101,83,83,95,97,95,93,89,77,68,65,68,73,73,64,51,50,48,45,39,30,22,21,23,11,3,1,2,3,6,6,4,0,1,3,7,10,8,3,3,3,6,12,30,25,9,20,80,91,47,100,85,129,157,170,166,166,160,165,172,175,184,189,181,185,190,133,65,71,132,196,196,200,197,199,211,100,118,215,210,166,10,116,234,240,125,42,168,227,208,219,155,157,183,204,149,182,220,180,186,221,221,212,208,214,215,215,211,216,220,214,216,212,215,210,218,209,213,216,212,218,226,222,205,190,191,173,209,128,106,154,218,214,216,213,220,139,109,200,218,199,120,205,217,217,216,216,217,217,216,217,220,216,221,216,217,217,217,223,219,221,218,221,216,214,217,207,95,42,37,104,210,219,212,212,214,213,210,210,217,218,212,215,218,215,216,217,216,209,213,189,82,31,97,205,220,213,216,218,211,213,213,218,217,217,218,214,215,215,215,212,212,209,217,212,211,206,217,205,147,56,32,75,176,220,222,222,223,225,227,227,224,223,227,226,216,224,161,200,233,224,209,184,171,152,161,168,189,209,218,229,223,106,10,12,10,4,3,5,3,5,3,4,10
215,218,210,213,211,161,109,103,132,193,221,219,208,182,198,205,213,216,219,219,217,215,216,218,211,209,212,210,210,213,216,212,214,208,216,228,192,132,190,217,213,214,218,213,215,215,217,167,39,175,218,213,212,211,212,213,211,212,212,212,211,210,210,210,209,211,210,210,214,199,141,77,176,101,166,186,212,128,143,234,231,127,87,211,156,134,170,205,205,212,203,203,208,206,210,209,209,209,210,200,208,201,207,205,205,208,204,210,203,193,213,139,107,166,195,190,155,112,151,212,203,203,202,202,201,200,200,200,201,199,200,202,204,191,205,197,201,174,55,113,132,171,204,191,192,200,192,162,134,154,89,144,182,195,146,43,1,5,1,3,0,0,20,38,57,76,112,133,162,186,209,200,196,196,180,184,186,181,177,184,188,175,181,95,35,127,169,176,178,177,187,181,177,185,186,184,183,182,195,163,61,20,92,172,196,183,131,54,62,146,189,183,181,111,31,119,165,186,174,171,171,171,170,173,168,173,132,109,153,112,172,130,149,160,150,159,150,142,155,139,147,133,129,148,135,127,124,119,108,106,118,118,110,98,98,94,98,91,93,85,85,90,93,92,93,97,84,90,87,91,77,82,69,73,66,85,90,39,2,7,35,63,28,42,64,8,4,47,81,116,111,146,134,11,36,163,177,78,107,175,155,159,158,163,168,171,183,180,190,177,182,194,190,197,170,105,188,200,186,194,200,197,210,199,66,167,209,216,113,78,107,162,178,109,134,88,134,221,221,191,140,162,195,212,206,213,213,218,212,214,219,214,215,213,216,207,215,213,215,213,216,210,213,219,213,211,216,217,197,147,175,186,139,89,161,212,155,133,148,145,211,216,211,215,213,72,51,110,181,127,151,217,213,214,210,225,215,213,222,215,216,217,216,215,216,218,220,220,217,226,218,217,221,216,217,175,61,43,47,160,222,210,216,210,214,213,213,214,216,216,215,213,216,214,218,212,217,196,87,25,101,201,218,205,220,215,211,219,218,212,216,215,217,219,212,214,215,214,213,212,212,212,212,212,212,207,214,207,90,40,45,57,174,221,228,221,223,224,229,224,228,222,225,224,229,195,145,162,160,162,169,185,206,223,227,224,226,220,214,225,235,142,21,14,12,3,2,2,4,4,5,5
215,219,214,211,218,220,221,227,232,216,215,214,215,223,214,217,214,215,216,217,216,215,215,215,224,222,211,211,207,214,206,216,214,226,193,108,30,9,123,224,216,213,214,212,215,209,216,123,77,217,205,214,217,219,214,213,212,212,212,211,209,209,209,209,211,213,216,207,204,218,188,119,113,171,107,47,108,188,146,158,147,45,3,58,158,203,221,202,206,198,208,207,199,204,204,207,212,202,209,208,207,213,198,208,208,206,207,202,209,211,217,158,124,150,100,179,167,174,215,203,203,203,202,201,201,201,201,201,208,196,201,198,197,205,198,195,197,199,84,91,170,176,198,195,200,190,200,133,99,137,49,81,192,91,12,2,8,9,8,3,12,9,6,5,0,11,65,84,28,48,65,103,140,169,200,203,196,197,195,184,194,163,50,38,87,139,178,180,183,183,177,186,190,190,177,179,197,169,87,25,75,167,197,196,157,64,46,131,192,185,174,186,170,186,137,137,187,171,177,172,181,179,184,171,178,186,100,36,61,74,168,34,76,178,139,101,158,162,103,58,86,144,131,99,125,140,132,137,135,143,127,130,131,123,126,134,127,128,109,115,123,122,102,109,101,102,106,96,112,102,106,125,138,121,122,82,32,6,32,94,133,153,111,4,13,56,119,139,153,152,152,156,54,3,5,43,35,74,161,164,166,174,163,171,180,179,186,186,141,98,86,173,193,195,201,189,193,196,193,201,203,205,213,157,61,207,216,206,83,190,197,91,37,182,229,204,101,115,212,220,222,216,225,212,220,213,214,212,216,212,212,213,210,213,213,213,214,220,219,216,215,217,215,213,196,199,205,223,127,149,140,157,231,151,164,221,212,173,135,117,212,221,221,201,219,165,29,15,42,41,76,203,211,214,218,215,214,215,219,216,214,216,218,218,219,220,220,219,220,220,219,218,218,213,220,208,123,35,37,65,196,214,207,221,215,215,214,214,215,215,215,214,215,213,214,217,181,85,32,115,205,219,210,209,217,214,217,217,212,216,215,218,212,214,215,211,217,211,211,217,213,208,211,210,208,222,191,111,51,39,53,139,204,224,223,223,227,223,225,226,226,222,222,218,231,228,190,177,204,218,231,233,227,223,223,225,219,219,222,220,220,240,184,43,7,16,6,8,2,1,2,7
219,215,217,218,214,214,214,209,204,217,225,221,220,221,209,220,215,215,214,215,216,216,214,213,185,108,136,217,211,211,216,217,184,104,26,7,64,138,195,212,210,210,211,211,216,209,221,84,103,222,211,211,208,208,216,206,213,213,212,211,210,210,211,212,211,213,216,213,206,207,213,213,222,97,58,165,205,183,139,175,144,56,4,1,7,60,140,200,213,205,203,202,207,205,198,215,208,214,200,211,207,207,211,202,207,210,200,188,121,142,152,202,193,131,137,193,214,212,204,203,205,204,203,203,203,203,204,204,196,207,204,204,202,194,198,208,136,62,109,125,177,200,198,194,192,192,201,189,121,115,116,92,51,0,3,13,3,2,5,17,1,2,0,0,6,97,215,205,104,49,93,60,45,42,53,67,101,138,159,178,196,190,182,139,114,177,183,176,186,183,184,186,178,180,195,186,107,29,2,52,186,207,178,86,46,106,189,193,189,182,187,186,187,185,194,187,180,184,185,189,171,189,178,185,179,191,105,88,90,98,76,31,20,101,122,79,190,175,116,40,93,174,69,31,94,137,73,143,116,104,146,141,148,137,136,129,142,143,136,163,144,133,130,130,130,129,123,129,148,147,144,118,75,44,11,3,42,106,143,153,123,66,18,74,141,162,155,143,160,169,177,102,3,5,8,0,23,158,175,169,174,185,183,186,186,190,157,175,132,59,66,111,170,193,193,206,201,204,204,200,208,211,216,108,57,132,147,132,88,219,217,212,124,94,196,230,224,125,86,197,218,212,223,207,208,213,211,218,215,214,212,216,221,214,212,215,220,209,210,170,213,216,215,221,182,140,232,216,135,208,197,101,211,202,153,225,222,192,173,212,200,182,200,211,215,212,95,27,37,24,30,148,215,211,216,210,215,217,218,216,214,216,218,219,220,221,220,218,218,217,222,221,219,213,216,220,173,56,100,130,159,222,218,215,215,215,215,214,213,213,214,215,213,216,221,178,68,24,114,211,214,210,215,219,213,213,219,216,218,224,215,214,215,215,213,221,209,218,213,212,210,207,211,207,211,173,85,42,32,69,157,224,221,221,219,223,226,223,222,227,227,226,231,227,223,227,225,225,225,224,222,221,222,224,223,221,226,222,218,227,213,214,236,213,85,14,7,12,7,1,5,1
221,213,214,217,215,216,219,215,217,203,142,178,209,211,218,213,217,216,215,216,217,216,215,213,103,4,37,173,227,212,179,85,17,16,68,151,210,223,214,210,205,212,214,213,214,212,222,85,88,222,204,220,212,214,203,218,212,212,212,212,211,211,212,213,214,212,204,203,213,215,210,207,208,151,118,208,184,55,67,151,233,202,127,49,7,1,15,45,123,187,213,206,201,196,200,204,207,202,213,208,202,202,208,214,207,183,213,207,92,84,116,141,194,195,211,207,202,201,204,206,205,205,204,204,204,204,205,206,205,201,207,196,201,206,200,191,182,152,144,149,198,202,200,200,195,199,192,188,208,184,85,11,2,9,10,2,6,74,144,134,116,77,49,32,1,40,141,150,68,135,233,202,204,181,142,108,89,60,42,30,61,107,130,176,170,182,201,191,180,184,180,180,192,198,140,54,5,113,174,112,84,124,48,79,176,202,177,191,186,187,190,188,185,192,185,171,191,186,186,187,186,193,188,189,184,185,169,180,174,142,139,168,145,119,99,45,108,168,164,109,46,159,52,64,151,173,101,34,78,124,168,162,175,132,43,60,142,125,66,74,121,159,145,153,158,172,167,148,113,56,42,19,44,70,98,144,170,173,117,58,30,60,148,179,162,164,126,97,188,181,141,15,1,4,15,12,135,195,182,178,184,180,182,188,201,136,72,141,200,148,135,184,175,208,197,198,199,198,212,212,213,206,210,96,194,220,170,33,137,223,203,215,215,129,91,177,217,221,150,75,165,226,205,219,217,217,215,208,218,208,211,213,185,194,213,179,202,127,151,119,216,209,217,218,219,128,165,181,183,139,117,151,216,215,217,193,171,170,199,199,88,115,107,176,220,211,170,33,30,35,26,70,198,211,205,213,214,216,218,213,215,216,216,216,217,218,218,217,215,220,222,219,220,217,214,211,208,145,197,230,172,186,220,220,216,217,217,216,214,213,214,216,215,220,170,53,33,120,211,218,204,210,218,213,213,220,217,215,213,214,218,211,215,218,212,214,224,214,208,216,207,200,211,210,156,68,30,28,77,178,213,209,218,217,222,222,221,224,223,225,224,221,225,232,227,219,223,227,226,224,223,225,228,229,227,225,221,225,227,224,223,222,219,224,232,134,25,10,8,13,11,2
211,219,222,218,217,218,216,213,217,202,41,65,205,222,215,219,217,217,217,217,216,215,215,214,188,53,11,64,147,84,19,14,95,172,217,221,213,206,206,213,211,216,216,217,211,210,215,131,55,210,219,206,210,214,210,214,210,211,212,212,211,210,210,210,212,215,222,218,206,211,217,207,212,217,198,200,71,98,197,214,126,169,229,197,134,66,23,4,4,34,83,148,192,210,216,202,207,200,205,209,213,208,203,176,183,108,107,209,115,166,217,208,207,202,201,205,203,213,197,210,204,204,203,203,203,204,204,204,203,203,204,203,200,207,205,156,121,152,176,199,200,195,194,198,195,193,202,200,150,50,0,6,11,9,1,27,122,190,188,191,186,191,183,166,147,116,90,51,18,58,70,93,128,168,194,212,223,207,178,67,63,132,80,17,42,66,105,133,167,194,193,193,156,56,14,0,36,184,205,158,3,55,157,201,188,182,194,189,189,184,185,190,193,165,101,105,149,189,183,151,195,169,164,179,187,192,207,199,194,194,196,197,195,198,178,140,133,183,147,88,103,175,87,85,135,194,170,56,171,182,174,173,179,156,86,75,142,164,51,96,160,178,186,175,144,99,63,35,14,45,102,149,175,180,171,141,113,64,34,87,149,193,175,141,153,124,79,89,198,175,49,0,13,9,2,94,191,180,177,186,183,189,195,138,117,179,91,84,144,173,198,193,204,199,202,212,204,218,210,204,208,220,186,41,158,218,182,72,196,216,212,215,207,228,170,76,155,226,226,173,85,146,227,211,208,201,215,225,202,211,226,147,107,169,207,191,129,83,99,71,194,222,219,211,222,171,132,168,206,217,212,218,213,217,223,170,102,158,93,227,159,165,167,113,205,208,211,99,31,42,32,23,136,215,207,215,209,214,216,212,216,217,216,215,216,217,217,215,214,223,215,216,218,218,220,212,217,183,161,209,208,177,211,216,217,218,219,219,217,216,216,217,216,218,160,46,125,217,217,206,217,215,217,210,215,219,212,219,216,217,220,213,218,213,222,213,206,210,216,212,203,213,197,136,55,28,45,96,197,208,209,212,218,219,225,224,221,225,224,222,222,226,221,224,228,224,222,219,222,225,227,229,227,224,222,220,226,223,227,218,220,224,211,221,223,234,175,48,12,15,8,2
219,220,215,213,217,215,213,217,214,217,102,36,206,218,213,212,215,217,218,217,215,214,214,215,213,160,16,18,14,17,83,179,214,224,209,209,214,213,215,212,214,211,209,218,211,210,213,193,39,124,226,212,211,203,215,212,212,213,214,213,212,210,210,209,213,207,207,212,209,205,210,218,210,203,213,216,172,118,186,136,37,88,116,175,216,204,147,78,23,4,1,6,32,83,132,171,202,216,213,199,198,218,204,139,73,152,103,148,197,196,204,204,203,204,207,207,204,204,207,203,205,205,205,205,205,205,204,204,206,201,209,200,199,205,189,195,205,173,173,198,196,202,200,194,193,207,178,91,17,0,10,13,4,6,76,178,195,177,189,180,179,186,189,184,197,196,192,192,178,156,130,99,54,60,58,60,81,119,139,53,169,220,206,41,1,1,3,16,25,59,97,79,20,7,3,8,6,41,62,71,137,191,195,192,187,197,189,187,192,195,189,193,183,84,113,132,150,208,99,39,154,176,82,46,141,177,114,107,159,191,177,174,190,186,193,203,199,190,198,190,198,193,188,169,182,193,182,152,191,182,185,186,193,170,100,54,118,199,86,146,179,142,108,47,43,98,47,46,173,203,198,182,147,72,44,35,49,89,167,198,191,148,166,53,71,115,174,128,177,96,0,12,16,0,59,187,186,186,194,193,201,184,140,95,88,179,192,128,152,192,197,213,207,203,200,215,216,189,111,172,223,216,122,106,140,138,73,80,215,215,214,215,212,212,225,188,89,121,212,235,191,43,107,222,209,222,156,142,159,142,231,187,84,157,219,219,194,89,191,141,179,228,213,220,213,218,224,222,211,217,218,214,214,213,218,212,108,119,109,174,209,118,123,164,202,202,209,187,56,16,40,29,61,196,218,212,208,215,215,217,216,217,217,218,218,219,217,214,213,219,213,221,218,215,219,216,219,213,158,197,220,183,187,222,216,216,217,218,218,217,216,216,212,219,210,171,209,216,215,216,211,209,218,217,213,217,215,216,217,194,122,122,197,208,213,212,211,219,212,209,217,188,107,40,37,39,112,198,209,216,211,215,221,218,220,225,225,225,226,224,224,231,224,221,227,226,227,232,230,225,222,223,226,228,228,227,223,225,220,218,225,224,219,227,219,214,233,215,85,16,19,8
219,214,212,218,222,218,214,216,218,219,169,35,179,219,210,224,216,217,218,217,215,214,214,215,209,212,125,13,7,89,225,216,212,207,207,213,211,209,218,209,216,212,209,215,211,214,216,221,166,41,106,218,221,212,213,211,214,214,215,214,213,212,212,212,210,219,215,211,219,214,205,211,207,210,209,206,228,212,194,152,181,14,111,169,82,135,212,206,178,123,67,26,6,1,1,23,59,98,124,140,138,154,219,217,143,161,217,197,210,207,204,206,208,206,201,206,198,204,208,203,207,207,208,208,208,207,205,205,202,208,200,204,207,137,123,112,164,178,204,200,197,198,193,201,206,149,84,32,1,12,11,0,18,125,189,184,183,188,187,194,195,183,185,184,190,193,193,183,192,196,199,201,207,189,163,136,116,91,55,22,64,127,72,1,7,2,5,8,9,4,0,3,1,9,8,2,1,20,92,179,196,190,192,181,191,187,185,191,190,191,195,187,200,127,46,15,135,134,33,64,35,188,149,107,214,140,40,124,174,178,56,71,166,197,191,188,193,193,182,198,193,195,198,207,190,190,199,203,195,195,194,193,182,200,167,159,199,148,65,70,35,9,1,2,150,222,193,53,138,126,70,42,39,70,122,170,182,189,210,160,136,67,158,103,72,137,147,211,147,15,14,3,8,25,161,194,189,184,195,182,131,73,158,204,170,110,196,213,206,209,206,208,209,213,216,176,184,204,164,151,208,210,88,193,219,222,104,121,227,213,207,213,220,218,207,220,208,101,97,153,125,141,86,78,204,226,165,94,154,75,192,221,133,124,149,199,220,192,200,224,214,219,210,214,215,214,214,213,218,207,216,216,218,216,215,224,172,178,214,172,215,209,204,219,214,212,210,215,115,21,41,34,23,128,211,210,210,212,215,220,217,217,217,217,219,220,218,215,215,215,218,225,216,216,215,215,213,220,189,169,219,207,176,212,216,215,214,215,217,218,217,215,213,222,214,221,230,209,215,210,218,213,215,215,215,221,219,211,221,184,57,29,150,221,210,214,211,209,210,219,201,101,17,37,29,104,223,215,209,209,223,215,217,219,216,224,227,222,227,225,222,221,220,224,231,229,223,226,224,225,227,228,226,224,224,227,229,225,225,230,221,218,225,216,218,223,214,222,236,133,20,12
213,217,221,217,212,217,221,215,213,219,211,60,104,223,214,211,217,217,217,217,216,215,215,215,212,213,202,73,7,38,174,220,210,214,214,209,217,213,213,214,222,224,219,214,211,215,213,211,219,194,76,63,159,216,218,212,212,212,212,212,212,213,214,215,215,212,212,212,211,213,213,209,208,216,213,209,208,212,208,225,190,137,186,156,94,166,197,206,209,212,209,186,128,81,50,7,0,2,147,220,204,126,129,202,222,183,198,210,203,204,212,202,206,208,206,204,210,203,208,207,207,207,208,209,208,206,205,204,204,203,205,202,194,94,117,58,134,172,202,199,197,200,210,192,98,117,197,193,73,2,4,70,167,193,195,190,188,187,194,190,192,191,194,192,195,190,194,193,193,189,191,193,184,185,195,201,208,203,190,180,158,125,87,60,34,30,1,1,4,0,11,10,10,3,4,12,86,166,194,187,186,189,189,192,194,190,196,189,194,196,191,195,191,193,178,162,189,161,168,196,141,143,131,130,213,121,65,119,188,181,134,98,137,203,195,188,204,130,40,139,132,186,185,150,202,202,197,191,186,200,200,205,206,185,160,114,60,27,1,0,3,5,13,8,64,160,118,13,15,55,95,148,181,201,189,195,196,191,147,107,49,94,88,155,153,214,200,184,43,4,11,13,6,124,194,185,192,194,177,174,145,118,128,184,200,199,196,205,208,205,213,209,206,213,202,113,149,170,215,187,191,180,84,213,219,210,92,173,218,222,215,212,215,216,216,214,217,220,129,39,179,237,221,83,61,179,220,137,201,173,171,219,205,168,201,218,211,217,222,212,215,212,221,214,211,221,215,217,212,220,214,217,214,218,223,216,217,215,218,220,211,217,220,214,211,214,209,214,201,67,22,34,22,55,190,209,212,205,215,217,218,217,215,214,216,219,219,218,220,214,222,221,211,224,217,218,217,213,219,166,193,228,176,169,219,216,213,215,219,221,219,217,219,219,217,215,213,219,206,215,214,216,216,218,219,212,211,218,217,221,130,33,86,205,208,213,210,211,215,207,211,180,92,39,25,72,164,211,212,215,213,215,212,225,221,225,225,220,226,222,224,223,228,224,220,224,224,227,226,224,224,226,227,226,225,225,224,228,225,221,222,221,221,225,219,216,223,217,213,236,182,58
199,222,216,215,220,215,218,216,216,212,217,144,23,172,219,215,217,217,215,217,210,216,214,215,216,207,219,188,42,10,67,190,216,212,215,214,213,213,221,190,155,151,177,217,219,210,214,215,212,213,214,167,61,90,205,214,211,219,211,214,215,209,213,214,213,212,214,211,218,208,220,211,212,206,215,215,213,204,215,212,210,222,161,89,86,201,213,207,205,205,202,215,214,203,188,158,116,73,137,208,198,89,3,59,136,196,210,197,204,206,207,202,203,205,206,204,204,206,206,205,204,210,204,209,202,205,209,205,211,200,203,208,198,176,150,120,161,207,203,195,199,214,159,58,34,124,208,197,69,13,137,190,192,186,189,196,194,192,193,192,196,195,192,199,189,188,199,189,191,190,198,190,191,187,192,190,191,189,191,193,198,199,195,190,177,159,137,100,63,39,4,0,1,6,63,150,181,187,181,187,194,188,193,196,188,193,190,194,200,193,192,192,195,192,200,198,193,199,203,189,199,192,189,194,196,166,134,132,179,172,108,88,130,197,187,202,140,57,60,60,118,102,97,160,206,190,197,205,200,189,165,124,74,37,12,0,2,6,9,16,8,3,4,0,5,38,81,125,165,190,205,201,194,198,195,172,88,119,149,132,59,173,173,193,183,187,198,81,4,12,13,4,86,195,184,198,182,177,184,109,185,216,154,181,211,202,203,207,210,210,210,216,211,217,214,190,176,124,151,228,226,125,124,222,225,176,80,214,213,215,217,218,216,213,217,217,211,219,223,170,137,193,184,70,14,44,182,215,191,212,216,211,208,220,224,216,215,216,211,217,213,219,214,213,212,215,216,218,214,216,219,219,215,215,212,222,216,223,214,209,223,211,216,214,218,217,214,202,197,124,19,30,30,29,126,214,211,207,218,214,215,215,216,216,216,216,214,210,210,215,218,218,219,222,220,216,216,214,217,211,153,129,80,92,213,212,214,214,217,220,219,220,215,222,218,214,212,120,82,187,215,215,211,224,210,214,212,215,216,212,194,77,36,150,216,208,212,210,210,214,210,214,207,129,45,33,49,133,205,212,212,220,218,218,219,221,222,221,221,223,222,223,224,225,225,224,223,222,227,225,226,227,227,225,226,228,225,226,226,226,225,223,221,220,216,220,221,218,218,222,224,222
173,212,218,214,215,215,221,217,214,220,214,206,65,69,213,215,214,219,218,220,214,218,214,213,210,218,204,216,168,34,66,186,218,214,215,210,210,216,150,38,11,4,24,103,192,224,209,215,216,212,217,225,175,20,86,213,212,208,216,221,208,219,212,216,216,217,208,224,165,125,160,203,210,213,213,207,215,219,206,203,209,208,212,191,201,208,204,211,208,206,211,205,188,82,102,178,228,196,141,149,135,82,5,3,5,61,177,216,204,200,205,205,206,206,205,204,206,208,207,206,208,209,204,210,205,205,204,205,204,207,207,176,135,135,137,194,192,199,194,210,210,104,52,149,192,118,76,50,61,162,202,194,190,189,192,195,194,193,195,196,197,201,194,188,198,198,190,197,199,191,187,195,191,199,189,188,190,194,193,192,190,187,179,184,186,182,198,195,184,176,130,115,63,137,191,180,191,191,192,188,188,206,193,190,190,198,192,194,189,195,193,193,193,192,188,192,193,200,185,200,195,193,196,189,195,196,203,199,189,199,174,169,197,193,193,192,156,180,197,139,145,93,120,199,205,197,162,119,79,47,9,5,1,1,15,8,13,5,0,0,7,30,73,110,160,183,205,205,199,187,198,189,200,155,174,205,61,48,97,172,174,182,196,187,191,201,133,5,7,15,9,43,192,197,184,167,198,135,152,159,106,208,210,210,203,215,212,205,217,218,218,210,218,215,221,227,181,150,211,210,216,86,175,220,228,138,120,229,207,223,211,220,219,217,217,214,218,212,213,223,182,92,33,20,31,38,46,138,220,211,208,209,214,214,210,218,213,212,215,210,220,216,212,218,216,217,221,215,211,220,209,211,214,216,218,215,214,213,216,215,210,217,210,220,199,147,193,179,115,126,66,17,30,31,39,186,214,212,211,216,213,215,217,217,216,216,215,213,214,217,219,218,219,221,220,217,216,215,210,223,166,55,40,38,155,221,212,215,217,215,215,221,219,213,216,220,221,138,36,114,224,212,210,213,211,213,217,216,214,215,218,138,30,82,201,209,216,212,217,209,217,213,207,216,95,42,36,24,121,213,218,212,216,216,218,221,222,222,223,225,224,224,224,225,225,225,225,224,226,226,226,227,226,225,225,227,227,227,227,226,226,224,223,223,220,222,222,221,220,220,220,220
188,216,217,211,214,217,220,214,220,217,211,216,173,32,150,227,217,220,207,212,221,213,217,217,212,216,212,214,208,186,214,217,212,211,222,218,216,203,53,8,110,160,50,5,74,197,216,214,208,215,212,208,223,148,4,129,219,215,209,213,210,214,215,208,208,219,216,175,89,112,77,188,216,226,209,210,218,211,213,214,211,212,215,211,214,209,201,206,209,210,210,213,90,70,110,107,167,79,118,147,220,217,155,51,7,4,37,173,207,196,199,203,209,206,204,205,208,209,208,207,207,207,206,207,206,208,202,206,199,204,217,138,107,209,124,113,222,192,211,185,72,102,194,215,201,128,21,108,208,203,187,198,194,194,193,194,195,197,196,195,193,193,190,191,189,196,197,195,194,194,201,190,187,194,191,195,193,199,187,193,182,185,198,190,186,190,182,188,184,191,96,90,149,164,98,116,172,128,113,181,192,153,175,201,202,197,201,203,204,202,201,188,198,188,203,190,195,190,196,186,198,192,189,189,198,191,190,200,190,191,199,192,190,203,195,186,200,201,190,215,214,204,181,110,76,54,19,24,144,159,74,3,14,10,7,3,0,18,49,86,136,174,193,206,202,188,187,194,193,193,150,169,118,44,103,179,112,144,201,175,197,200,187,193,203,154,28,10,17,11,18,170,197,203,129,97,154,180,151,137,177,210,211,210,211,211,215,218,152,128,205,221,219,215,219,207,219,225,211,226,182,82,210,219,214,96,174,222,219,214,219,219,216,217,221,215,216,220,220,212,219,194,102,27,38,44,25,26,114,206,215,212,211,213,214,213,214,216,218,215,208,220,216,214,212,209,214,214,218,216,211,223,218,210,217,219,222,214,194,221,232,214,214,221,155,84,146,215,195,144,157,24,36,45,21,111,217,206,208,210,211,215,217,217,216,217,217,216,218,219,220,218,218,220,220,218,216,220,212,218,218,111,45,41,81,208,210,217,218,214,218,218,215,220,219,211,220,202,76,48,181,214,216,215,216,217,194,206,213,208,221,192,61,32,159,215,205,215,211,211,214,210,208,117,44,30,33,91,180,218,213,216,213,214,217,220,222,222,223,225,225,225,225,224,225,226,227,227,225,227,227,227,226,226,226,226,226,226,225,225,224,224,224,223,223,222,223,224,223,219,217,218
218,222,213,212,218,216,215,213,214,218,213,213,222,111,49,211,217,214,219,215,217,213,218,215,216,213,213,215,218,224,209,216,215,212,173,204,212,196,49,17,176,234,185,41,6,140,217,212,220,216,211,216,206,223,117,7,159,219,214,211,213,215,207,216,219,216,217,103,145,95,140,167,106,178,221,218,209,211,215,208,211,214,201,215,207,212,197,200,206,203,213,155,35,136,42,169,89,48,86,119,192,160,206,193,58,14,4,57,202,202,209,206,208,205,204,207,209,208,207,207,206,208,210,203,204,210,203,205,206,200,197,201,150,125,123,172,202,200,129,77,151,211,208,175,61,45,177,204,197,192,198,204,197,197,196,195,195,194,194,196,196,196,193,194,201,193,198,191,203,189,176,193,191,187,196,186,198,187,189,191,189,192,188,190,191,192,192,186,177,182,59,56,189,101,161,149,124,132,107,169,97,139,181,168,144,150,190,176,178,154,158,193,195,207,198,199,204,201,194,190,192,198,205,190,195,192,191,190,193,195,190,199,194,190,192,198,206,205,177,132,86,63,42,58,97,161,143,75,211,221,146,0,1,4,26,57,115,155,194,199,199,190,184,189,184,194,201,198,209,122,93,186,178,64,131,139,174,191,195,195,190,198,195,193,191,49,7,14,18,12,126,211,200,206,184,162,157,114,215,206,219,209,210,212,218,214,206,207,110,151,153,184,227,217,219,219,218,222,215,227,132,119,220,219,185,90,209,220,216,222,211,221,217,217,216,220,219,211,215,218,202,215,214,148,38,22,36,40,20,93,190,212,206,207,212,219,214,214,208,219,221,213,213,220,212,220,208,220,219,208,214,204,206,213,218,192,154,200,146,144,166,210,221,212,218,186,147,127,212,145,178,87,26,35,37,35,179,217,210,216,211,214,217,217,217,218,218,218,219,219,219,219,219,219,219,218,208,221,219,206,221,185,63,46,47,143,216,209,216,217,220,215,221,222,213,215,216,224,148,32,111,220,209,212,221,173,56,101,219,210,204,211,132,31,87,208,214,214,209,216,218,196,95,28,41,26,104,206,213,209,211,210,211,212,215,218,220,220,222,224,226,226,225,225,225,226,227,228,224,227,228,227,227,228,228,226,226,225,224,224,224,224,224,224,221,222,223,224,223,220,217,216
216,216,213,217,220,212,212,218,217,216,217,218,208,195,51,103,216,214,215,220,215,218,212,216,218,215,219,214,211,208,217,213,227,135,16,107,212,210,76,8,130,210,224,99,1,112,225,210,211,214,213,217,212,208,209,45,68,220,211,211,212,214,214,216,213,214,219,200,137,163,156,61,151,183,174,202,213,209,212,215,216,217,208,213,208,206,207,211,210,204,215,198,149,122,148,169,106,127,90,169,102,146,82,181,202,43,10,10,104,204,197,204,206,205,206,209,210,207,206,207,209,207,211,204,204,205,201,205,208,200,217,207,215,188,200,214,175,80,108,194,209,205,132,51,113,206,204,202,198,202,204,193,195,196,199,199,193,191,194,199,198,195,192,201,198,189,202,191,107,76,69,196,195,193,191,197,193,195,190,184,195,195,190,190,187,195,187,194,192,176,171,142,149,143,94,112,145,132,91,130,96,188,212,116,122,122,192,107,166,52,106,188,117,121,152,170,114,142,202,194,189,172,161,194,198,201,199,188,194,189,192,189,205,210,188,158,113,60,47,54,80,126,174,208,223,213,206,68,42,85,32,49,89,133,172,199,200,192,188,181,191,191,196,199,204,194,150,108,138,148,101,168,118,164,178,207,193,200,193,198,202,195,202,207,112,6,20,12,1,98,206,198,202,207,206,216,155,174,214,210,210,219,215,224,209,208,192,165,221,182,139,181,222,230,217,223,218,202,215,222,99,161,225,224,132,118,221,216,219,211,224,218,217,220,216,217,220,222,219,207,216,217,204,218,161,46,17,43,35,24,56,165,224,205,211,213,212,213,214,209,216,214,214,211,214,212,219,191,201,228,159,111,163,224,212,192,81,144,200,69,124,146,215,213,220,166,130,139,212,200,217,155,32,23,27,27,101,220,206,206,213,214,215,216,218,220,219,217,217,217,218,220,220,219,218,218,216,220,218,219,210,212,131,50,45,63,194,210,211,217,217,218,217,218,216,224,215,212,198,72,49,178,223,211,213,204,86,37,168,215,209,222,199,63,34,158,221,208,206,218,176,77,34,43,40,126,210,206,205,212,211,216,210,211,214,218,220,221,222,224,226,226,226,226,226,226,226,226,222,225,227,226,227,228,229,227,228,226,225,224,225,226,226,226,219,223,225,223,223,223,220,215
214,216,216,217,217,215,216,219,222,215,217,214,211,218,160,19,133,226,208,214,216,216,216,217,217,217,216,217,224,216,219,212,215,80,4,117,220,220,136,1,54,197,212,128,3,107,219,206,212,219,202,217,209,212,224,158,26,165,220,209,215,209,219,210,216,219,208,218,227,211,80,160,218,154,100,124,209,224,212,213,206,213,213,212,209,209,210,205,210,206,218,207,217,218,217,202,195,196,203,98,107,198,88,171,220,168,22,9,22,182,203,207,204,206,209,210,209,206,206,208,210,201,206,207,207,202,204,207,209,177,136,169,137,124,213,134,56,148,206,207,191,75,51,164,211,189,193,197,198,201,197,199,196,191,193,197,195,197,199,194,202,181,170,153,187,103,97,179,94,80,102,119,190,191,180,192,189,180,186,194,189,185,188,191,189,186,197,194,193,194,202,191,185,196,171,174,201,135,135,193,131,108,190,133,163,112,99,117,179,150,95,175,29,71,192,91,173,104,153,211,158,56,114,166,128,86,123,189,192,204,184,171,126,81,46,45,60,113,170,188,221,219,213,173,128,85,41,35,66,118,166,183,193,200,190,184,189,190,194,190,195,196,201,179,138,179,93,168,119,137,155,95,135,210,198,197,206,197,202,204,199,201,212,165,23,20,14,13,53,190,205,206,211,210,209,209,221,222,213,212,214,215,224,184,212,167,196,137,176,220,203,221,224,214,220,218,219,220,223,191,86,215,214,218,94,176,227,216,221,219,211,219,216,222,219,219,213,211,210,224,222,210,213,206,211,193,82,22,30,28,29,35,136,223,213,211,215,220,219,223,211,220,216,207,193,217,151,140,147,179,160,105,149,161,205,216,159,155,230,150,191,183,211,218,221,216,200,216,216,212,217,203,82,31,29,36,32,162,224,218,214,215,215,216,218,219,218,215,215,215,217,220,221,218,217,218,217,211,210,214,212,218,200,80,37,32,114,222,211,215,219,217,211,218,223,217,219,217,224,142,33,100,211,211,214,222,155,36,96,212,219,197,179,77,25,77,197,213,213,207,191,98,44,60,161,208,204,208,216,206,210,212,211,212,215,219,221,222,223,225,225,226,227,227,227,226,225,225,222,224,225,225,226,227,228,228,228,226,224,224,224,225,225,225,221,226,226,223,223,225,222,217
221,219,217,214,217,220,218,217,213,221,216,219,213,213,222,88,27,166,221,215,213,215,223,211,219,218,216,217,216,215,210,218,215,110,3,98,218,217,186,38,12,161,230,105,1,120,219,210,215,214,219,215,212,218,201,218,74,60,208,219,216,215,207,218,213,211,215,215,210,212,187,200,153,112,202,109,189,172,208,215,220,212,207,215,211,213,210,215,212,216,205,206,208,206,206,217,216,213,213,187,122,115,139,142,168,219,98,5,14,86,213,199,203,207,209,208,206,206,207,208,207,200,204,207,206,204,211,200,199,191,174,138,114,149,93,86,187,216,211,139,55,98,197,200,193,202,195,201,202,197,198,194,197,192,196,196,191,200,201,185,179,160,56,123,204,84,34,64,144,139,192,188,178,194,194,170,191,193,200,204,193,202,190,200,197,192,196,196,186,196,178,179,185,194,189,193,194,197,210,197,201,195,195,191,206,183,143,189,149,99,104,152,116,130,134,95,169,88,163,201,170,146,96,160,174,61,169,180,154,101,65,16,24,94,143,185,211,219,202,193,148,103,54,35,49,81,137,169,173,113,141,197,190,190,193,194,194,193,192,191,201,199,172,86,109,81,165,101,86,127,211,212,209,201,205,204,203,207,207,197,207,205,196,55,6,21,22,26,174,221,195,210,206,205,221,210,205,218,217,212,228,197,193,190,163,214,165,160,206,226,222,220,218,219,223,220,220,213,225,133,115,219,217,198,79,198,228,204,191,218,148,222,219,219,215,226,226,213,218,217,212,219,217,209,212,213,196,98,23,25,34,33,16,91,209,213,223,193,157,160,199,208,213,214,134,193,122,203,222,114,196,189,185,104,196,220,213,194,210,217,216,219,211,217,211,217,218,214,215,214,196,225,159,37,38,28,22,86,209,208,215,216,216,216,216,217,216,214,216,214,216,220,221,218,216,218,218,221,223,211,214,212,214,146,48,42,48,182,217,212,221,213,221,215,217,215,220,216,215,196,71,48,183,228,212,226,202,74,40,115,101,54,40,33,45,63,169,214,210,217,208,200,154,184,217,219,206,216,206,219,214,213,214,215,217,221,222,221,222,223,225,226,226,227,227,226,226,225,224,224,225,226,226,226,227,228,227,225,223,223,223,224,223,222,224,225,225,224,224,225,223,220
216,213,215,217,219,220,216,217,218,212,216,215,214,212,213,199,40,42,200,218,216,220,214,218,214,223,215,212,221,214,218,209,215,164,25,16,138,213,188,38,7,129,219,183,139,193,206,221,164,188,214,208,217,215,212,217,184,21,122,226,212,209,218,209,208,214,208,212,209,214,223,216,156,125,133,155,87,107,153,222,215,209,217,211,215,212,213,211,212,208,213,218,210,201,217,206,209,209,203,209,226,184,97,163,90,162,192,32,7,25,158,212,203,206,207,204,203,205,207,207,207,207,209,204,203,207,214,186,118,198,204,219,151,25,26,204,219,172,80,59,162,210,198,194,198,196,200,197,199,197,195,201,192,198,210,201,183,191,199,183,98,191,187,97,195,116,138,189,177,201,191,185,189,193,175,23,94,220,133,102,121,164,193,145,175,163,192,198,188,202,190,185,185,188,185,190,190,188,186,192,188,199,190,187,190,202,202,192,196,179,184,192,198,190,190,150,103,148,193,189,171,127,101,174,121,30,48,49,1,61,177,157,62,184,215,199,162,122,76,43,45,72,118,170,216,218,145,162,28,70,151,208,193,193,189,187,193,197,201,196,193,196,201,129,69,104,121,178,178,202,205,199,203,206,205,207,202,208,204,209,201,216,106,7,26,25,11,120,212,202,216,212,214,213,211,214,217,220,203,217,143,132,112,182,188,187,231,225,221,221,214,223,217,218,221,218,220,207,218,86,139,228,235,127,110,165,137,197,178,120,137,214,213,215,221,218,216,221,214,212,217,215,213,215,213,210,216,207,131,35,22,25,72,88,78,195,219,163,91,139,189,219,214,226,166,139,179,137,135,116,212,188,138,180,214,216,212,213,214,217,213,217,214,217,217,212,218,212,209,218,209,210,204,101,160,133,58,15,145,223,214,217,218,217,215,215,214,214,217,215,216,220,220,217,216,218,220,219,212,218,218,214,218,207,86,50,44,101,223,209,216,213,218,217,218,220,214,216,212,220,141,36,98,176,150,119,80,36,21,34,55,76,102,144,180,193,204,214,216,208,213,214,217,217,211,212,217,213,213,216,212,217,217,217,219,221,221,219,219,219,225,225,226,226,227,227,227,227,227,225,226,228,227,226,227,230,228,226,224,224,225,225,224,223,224,222,222,224,225,224,223,223
216,213,218,221,218,216,212,214,218,211,219,214,214,212,216,215,170,22,101,219,215,214,215,218,214,215,216,217,217,216,215,214,215,215,109,6,13,60,60,14,5,152,218,215,223,205,217,174,22,87,212,212,215,213,213,214,226,118,31,189,215,216,216,211,218,216,205,210,213,215,212,212,221,211,206,126,125,201,158,130,190,217,209,212,213,214,208,213,212,212,211,210,210,210,211,211,209,209,210,208,215,165,68,163,117,181,218,104,6,7,90,212,199,208,206,202,207,202,210,207,204,210,207,204,200,211,170,75,177,218,188,96,4,8,6,81,135,52,101,200,209,200,200,204,204,199,198,199,197,202,206,204,212,154,105,156,172,101,198,213,146,100,206,157,175,204,199,189,201,194,197,191,182,198,138,13,39,91,1,65,148,50,60,96,80,91,93,148,100,64,100,163,177,191,188,197,202,193,194,192,194,188,195,196,188,194,192,189,190,199,193,188,186,186,197,194,202,200,198,193,175,133,88,60,16,4,2,1,3,113,212,207,72,68,104,53,41,64,107,155,188,179,191,144,91,142,34,115,130,17,117,157,192,190,196,192,197,206,193,197,199,205,197,205,144,195,193,202,208,198,203,208,209,210,198,208,205,211,200,206,217,144,14,22,23,8,91,211,206,211,214,215,214,211,217,231,210,215,189,176,186,133,204,181,220,218,217,221,213,227,218,219,218,217,220,219,219,226,194,58,113,143,154,69,170,136,95,122,200,179,172,200,213,216,212,223,216,215,215,216,215,214,215,218,214,210,209,214,215,161,31,85,222,229,146,80,212,222,109,146,206,211,206,210,210,167,215,203,186,207,218,218,220,221,216,212,211,213,214,214,215,217,219,220,213,213,213,214,216,216,211,207,216,161,153,236,195,145,93,197,218,216,221,217,208,219,215,214,216,215,215,216,216,216,218,220,218,220,219,216,214,216,216,215,160,51,46,54,171,220,218,216,219,216,219,216,216,216,212,220,194,66,26,32,38,47,70,99,136,162,192,213,215,218,218,214,213,213,213,213,214,214,214,216,214,215,216,216,214,213,215,218,216,219,220,220,219,220,221,222,223,224,225,226,227,228,227,223,225,226,227,226,225,225,226,227,225,224,225,227,228,226,224,223,225,223,223,225,225,224,224,225
214,224,217,213,215,216,216,221,209,216,219,215,218,213,216,213,221,135,19,132,219,212,213,214,215,216,216,217,217,216,215,215,212,214,209,128,34,7,7,10,97,208,210,212,211,216,190,40,10,111,215,215,210,215,215,211,211,206,54,79,215,203,80,36,91,205,214,213,213,220,211,218,208,221,211,194,239,165,138,187,111,215,223,216,208,211,214,210,210,211,212,212,212,212,212,212,211,208,214,218,208,221,170,98,116,119,188,189,18,5,45,188,210,205,205,202,210,206,203,203,202,207,202,211,202,211,120,63,218,139,47,1,12,19,12,2,53,163,211,208,200,200,199,200,195,199,206,210,207,182,134,123,170,102,173,107,164,135,82,120,190,163,191,204,202,190,198,198,194,195,193,199,189,197,108,101,124,32,59,89,212,60,80,206,44,46,36,154,151,4,140,114,109,195,148,62,89,176,200,189,184,196,190,192,191,198,192,198,191,180,208,206,188,195,199,199,178,147,109,75,30,6,1,2,2,10,13,13,6,2,42,57,30,54,88,130,176,195,176,188,200,134,50,177,20,58,65,32,180,81,68,128,200,196,198,202,202,191,208,203,198,204,196,205,209,201,209,202,207,205,209,207,201,204,207,213,209,207,205,214,177,42,22,25,20,48,189,213,206,213,213,216,214,220,219,158,201,154,199,148,185,204,201,225,217,222,222,224,226,212,225,222,219,221,226,212,200,227,145,114,230,222,120,51,213,147,183,216,200,220,226,221,212,223,223,219,218,217,218,218,217,215,216,217,216,214,216,207,212,222,173,99,200,216,151,22,165,225,178,121,134,191,205,202,218,220,215,216,216,219,216,209,206,208,211,213,209,212,215,216,216,217,217,216,215,215,214,215,215,214,210,207,218,202,111,192,220,223,167,129,227,214,218,216,216,216,217,220,215,215,215,217,218,218,218,219,218,220,220,216,213,214,214,213,206,90,52,39,97,213,214,210,221,216,216,212,213,216,212,215,218,137,89,125,154,185,213,220,220,220,222,209,208,213,209,208,214,214,207,212,213,214,220,209,216,215,215,216,215,215,215,217,216,218,220,219,218,220,221,222,224,225,226,225,225,226,226,225,227,227,226,225,224,224,224,224,226,225,225,227,228,226,225,226,225,224,224,226,226,224,223,224
217,221,209,216,219,217,212,213,217,218,213,215,222,213,214,215,213,211,77,33,182,228,217,212,216,216,216,216,216,216,215,215,219,211,214,209,200,148,104,153,210,209,212,202,210,199,65,6,82,215,211,211,210,214,214,216,213,219,139,13,175,116,30,125,32,64,203,217,215,209,214,214,216,209,218,215,212,145,135,158,136,161,122,176,217,212,213,213,208,209,211,213,213,213,212,212,211,217,211,205,208,213,182,114,37,15,162,209,78,4,17,145,206,195,206,207,209,205,200,205,210,209,198,199,201,211,181,154,83,8,9,17,10,4,19,103,203,202,198,198,206,207,199,204,213,202,203,151,198,134,92,114,124,135,122,120,143,195,132,175,193,208,196,202,192,203,202,190,194,192,191,193,194,190,185,190,189,194,152,156,197,114,169,173,80,134,46,178,151,41,199,86,95,218,82,25,140,193,188,190,188,81,102,104,195,150,174,192,192,201,139,113,107,119,123,63,39,10,1,0,1,11,18,9,8,1,2,1,17,46,86,137,173,205,207,203,190,196,85,78,207,217,62,120,144,90,219,136,179,198,195,206,196,206,202,196,200,200,206,206,200,202,208,207,208,202,200,208,203,206,212,206,208,212,216,202,217,214,210,206,85,35,22,23,14,152,223,203,213,218,212,225,215,221,209,158,167,214,167,150,198,233,223,220,219,223,221,219,214,224,222,209,225,183,194,142,187,232,100,71,202,215,132,99,226,211,220,214,220,221,220,223,220,218,215,216,220,219,218,218,217,217,218,219,218,218,217,217,213,209,224,164,56,113,133,107,75,218,211,206,216,214,221,226,208,221,216,217,216,213,214,216,214,212,212,211,211,214,216,216,216,216,216,214,216,215,215,215,215,213,211,209,211,224,165,135,225,212,215,127,185,224,213,217,222,214,215,218,215,214,215,218,220,219,218,218,217,220,220,217,214,215,215,213,224,170,52,52,51,153,223,218,220,215,216,213,213,218,216,215,216,208,211,227,221,221,213,211,209,211,206,207,214,220,216,220,217,214,211,217,214,213,221,217,217,215,214,215,216,216,215,216,216,218,218,217,217,219,221,221,223,225,227,226,224,224,225,225,227,227,226,225,225,225,224,224,227,226,227,228,228,227,227,228,227,226,226,226,225,224,224,225
217,216,214,220,212,216,217,222,220,216,214,215,218,215,214,215,211,213,197,31,91,219,209,218,215,215,215,215,216,216,216,216,211,216,215,209,211,221,224,222,213,211,211,212,215,96,10,7,63,199,203,205,208,210,216,206,207,216,215,82,32,2,111,237,174,39,55,190,224,214,216,213,216,214,214,212,221,212,165,165,145,64,169,84,191,228,214,212,211,211,211,212,214,214,213,212,215,205,215,217,209,211,214,146,83,177,180,211,135,12,1,101,224,194,201,208,200,207,213,199,202,203,205,205,210,223,158,86,44,10,14,14,7,52,149,211,201,197,196,207,198,199,212,193,188,209,138,134,104,184,71,109,198,202,158,167,205,208,210,201,203,195,193,201,201,199,190,205,194,192,196,199,192,201,195,195,189,193,199,193,188,204,195,188,179,200,163,178,171,131,195,114,59,152,41,38,159,187,189,189,69,4,73,65,69,85,210,204,203,132,99,110,69,63,85,8,1,2,12,12,8,2,0,1,11,36,74,131,182,194,187,169,205,190,185,195,185,190,184,54,107,116,128,110,198,174,193,204,202,194,202,203,199,201,201,202,203,205,196,208,198,206,199,204,204,214,205,210,207,207,212,202,213,197,200,218,168,210,213,133,184,202,127,2,109,199,180,221,215,216,216,212,219,222,206,218,142,205,231,228,223,218,220,224,221,226,221,214,232,194,214,123,150,206,170,102,195,210,76,145,126,112,34,154,223,218,219,223,221,218,216,217,216,216,217,221,220,218,216,215,215,217,219,222,217,224,212,212,217,206,214,221,79,140,234,211,67,175,224,214,217,215,209,216,216,216,217,213,220,214,216,219,216,214,214,212,215,216,215,214,214,216,217,216,214,214,214,215,215,213,213,213,217,208,215,114,195,212,220,180,126,223,214,216,217,216,213,214,216,214,214,217,219,219,218,218,217,219,220,218,218,219,218,215,209,202,106,46,42,89,198,219,214,213,217,218,215,217,219,218,219,215,217,209,210,216,216,215,215,215,216,218,218,173,166,158,182,208,219,208,209,216,212,213,216,215,214,216,216,216,215,215,216,217,218,217,217,219,221,221,221,223,226,228,227,226,224,223,227,226,225,225,226,227,227,226,226,227,229,229,228,228,228,229,229,228,227,226,225,225,226,228
216,217,217,214,213,221,213,217,215,214,222,217,211,219,216,212,218,211,222,121,21,177,220,211,215,215,215,216,216,217,217,217,218,218,211,217,218,208,209,204,207,211,211,220,108,9,29,38,2,108,214,210,213,210,212,215,216,211,216,200,76,63,178,213,216,183,85,44,141,208,216,214,212,213,217,213,210,210,215,218,161,106,84,168,102,131,211,210,217,214,213,213,215,216,216,214,212,219,209,209,212,203,218,158,200,198,151,193,183,27,8,42,179,219,211,190,199,206,202,205,211,203,204,213,204,89,95,184,200,111,1,19,100,193,209,190,195,201,203,214,209,207,146,134,115,182,121,183,138,143,185,168,208,201,210,208,206,197,192,200,202,201,201,199,201,196,200,197,199,190,195,199,200,186,195,195,200,191,195,199,198,186,198,185,197,188,194,188,190,202,188,190,178,165,152,112,131,202,200,128,64,81,73,48,42,109,96,87,41,55,160,14,1,1,63,90,2,15,2,0,13,21,65,113,153,192,198,196,115,159,94,105,203,189,199,191,198,190,205,144,73,133,192,209,200,205,199,196,205,200,197,203,200,206,203,202,204,205,200,203,219,200,210,211,210,192,212,211,216,208,205,165,114,182,142,177,127,217,151,82,222,238,184,55,187,79,132,211,193,185,225,215,220,226,199,148,163,223,209,219,222,223,225,219,225,196,203,133,136,113,219,119,98,142,221,187,201,160,113,233,223,190,63,202,221,216,222,215,217,222,224,220,219,221,223,221,220,219,217,216,216,218,219,219,220,218,215,210,214,221,217,226,145,118,220,224,127,104,220,206,212,227,210,206,220,214,219,222,223,218,218,216,212,214,217,214,216,216,214,212,212,215,217,217,213,213,214,215,215,213,214,216,211,212,224,176,134,226,212,225,133,174,222,215,213,217,214,216,217,215,214,216,218,218,218,218,219,219,219,218,220,222,219,215,210,227,168,112,185,183,164,215,214,213,214,218,217,215,217,218,215,219,208,212,216,213,219,214,212,213,210,213,138,68,35,43,51,76,148,214,219,210,218,216,215,215,215,216,216,214,214,216,216,217,217,216,217,219,221,221,221,222,224,227,228,227,225,223,227,226,225,225,227,227,227,226,225,228,230,230,230,229,229,228,228,228,228,227,226,226,227,228
218,217,212,210,222,219,211,221,224,215,216,219,214,218,214,214,206,217,209,198,40,94,224,209,215,215,216,217,217,218,218,218,216,213,212,212,214,214,212,217,214,207,223,129,10,31,164,161,18,28,149,218,207,204,210,216,213,216,214,220,215,210,213,208,210,218,216,167,53,69,192,212,213,218,217,213,214,214,217,208,228,165,173,145,172,129,168,226,213,213,213,213,214,215,215,214,213,208,210,213,213,205,221,210,90,112,165,183,207,56,2,8,42,103,166,215,214,195,197,207,203,201,213,165,82,54,101,236,220,135,25,152,209,196,196,209,217,203,201,145,92,185,134,87,90,110,181,115,125,187,214,202,204,206,198,206,202,203,202,200,200,198,199,200,196,196,200,194,191,200,207,200,195,204,202,212,173,189,198,197,194,192,198,199,194,197,190,198,196,192,194,193,195,195,192,191,193,185,210,199,210,166,54,15,13,35,48,95,117,79,167,11,4,1,49,125,3,6,43,103,128,186,205,183,197,116,35,130,141,63,15,162,198,194,192,201,190,194,195,206,211,211,207,192,200,200,199,200,201,207,202,203,208,212,200,205,208,204,212,188,140,157,156,152,162,143,164,213,208,210,224,155,88,99,179,89,86,184,48,14,102,133,52,156,227,125,69,106,81,188,228,216,217,222,216,222,227,228,224,231,205,207,190,111,200,214,139,94,184,115,200,141,198,201,203,228,232,124,141,221,223,154,88,218,211,222,217,224,223,215,215,218,224,219,219,219,219,220,220,220,220,219,218,216,221,212,222,220,215,210,215,215,201,85,193,223,192,62,196,220,219,213,212,223,217,217,218,216,215,217,218,216,214,217,218,215,214,214,214,213,214,215,215,214,215,214,214,216,215,213,213,215,218,217,212,221,136,191,220,220,193,118,211,220,218,217,213,214,218,215,214,215,217,217,217,218,219,220,218,217,219,221,218,214,214,215,197,171,215,221,181,192,216,218,212,215,218,215,215,216,215,219,215,220,212,214,196,225,219,216,211,182,56,29,65,132,116,56,29,120,208,216,212,210,214,214,216,217,216,214,214,215,215,216,216,216,217,219,221,220,224,222,222,224,226,226,226,226,228,227,226,225,225,225,225,224,225,228,230,230,230,229,228,227,224,227,229,228,227,227,226,225
216,217,216,215,216,211,224,209,206,219,209,217,218,213,214,216,214,216,211,220,115,19,167,225,214,215,216,217,217,217,216,216,217,217,221,213,217,220,208,212,205,217,164,25,6,146,222,210,108,4,45,193,211,215,221,208,217,220,210,212,218,214,215,218,209,203,199,207,116,1,48,218,210,209,214,219,214,219,212,214,211,223,191,96,150,127,197,215,202,207,212,214,213,212,212,213,213,207,217,214,212,214,206,212,100,151,236,112,182,159,72,17,1,3,22,80,146,202,215,204,204,215,138,86,177,215,128,90,105,107,190,212,193,202,204,172,132,174,192,156,90,190,216,92,156,171,188,207,204,210,197,204,198,209,203,205,206,199,204,197,200,198,200,198,195,206,203,198,198,198,197,202,216,169,162,169,106,190,205,195,197,201,197,189,194,192,190,203,195,189,187,187,192,188,204,197,196,174,122,77,42,40,65,109,143,174,202,221,232,144,119,160,78,87,145,77,120,177,207,194,215,123,145,81,147,93,6,8,116,204,82,130,207,197,198,202,201,199,201,198,197,201,197,211,199,202,211,197,201,172,196,211,196,170,214,188,161,212,210,179,88,158,112,173,88,131,126,216,210,209,215,158,142,167,174,198,197,102,12,26,21,2,115,214,130,173,210,133,151,225,216,226,227,228,225,220,181,191,211,165,110,220,206,101,92,156,211,142,221,206,210,223,228,222,219,220,213,81,188,224,228,102,127,238,218,221,218,220,217,218,221,215,218,218,223,222,218,220,220,220,220,221,219,217,218,217,222,216,220,218,221,211,233,113,137,227,215,97,131,230,218,220,212,213,213,223,218,218,220,221,218,214,215,215,214,214,214,215,215,215,215,216,215,213,217,215,215,217,217,214,213,215,214,208,215,221,189,137,217,221,225,137,165,221,221,216,212,213,217,216,216,217,217,217,217,218,218,220,219,217,218,219,218,215,222,215,225,171,181,220,207,163,204,219,215,214,219,217,216,217,219,210,216,215,219,195,90,105,199,209,227,164,47,34,160,225,220,186,67,31,146,216,206,218,214,214,214,216,216,214,213,213,214,215,216,216,217,219,220,219,223,222,221,223,224,224,225,226,227,227,227,226,225,224,225,225,226,228,228,228,229,229,228,226,226,229,230,228,226,226,227,226
216,216,218,218,212,215,218,119,156,223,217,215,215,212,220,214,215,215,211,221,175,21,106,223,214,214,215,216,216,215,214,213,218,214,217,214,211,214,213,211,219,191,33,9,121,224,208,219,223,78,1,100,214,207,182,214,218,210,220,216,213,211,217,193,87,30,58,41,36,77,115,208,215,215,213,212,216,215,221,212,211,214,221,199,180,210,219,214,194,203,214,217,214,211,211,214,206,214,208,214,211,210,210,209,205,198,194,42,88,145,203,175,124,55,4,1,8,48,106,175,176,109,131,200,216,209,125,17,130,212,213,213,196,174,217,79,95,182,219,219,166,139,211,200,205,214,204,202,207,195,206,204,208,205,200,209,199,209,197,204,204,204,191,200,202,197,204,199,203,199,206,155,117,192,161,95,88,207,196,200,198,196,198,199,197,198,191,189,192,195,204,198,188,169,123,77,46,34,60,98,141,173,204,219,219,195,173,122,84,49,35,104,138,134,100,131,132,104,126,89,94,49,21,2,112,89,75,154,112,178,203,183,194,201,198,198,199,202,199,203,198,205,203,206,202,202,197,196,103,147,107,188,166,80,141,216,130,191,216,219,122,133,209,217,139,209,157,195,215,217,214,211,218,223,212,222,166,32,22,26,18,78,209,209,147,31,91,209,239,230,226,220,182,162,212,186,147,213,233,118,95,177,206,121,186,187,207,231,218,222,223,220,216,222,216,224,187,95,218,219,212,68,188,225,215,221,220,217,220,216,219,217,224,219,221,220,218,218,217,216,218,221,222,221,221,217,220,216,215,220,218,214,220,180,82,208,232,167,89,215,214,223,216,218,217,210,216,217,215,218,217,219,223,219,213,214,217,217,216,215,216,217,216,214,218,215,215,218,218,216,215,216,213,215,214,219,224,138,187,219,220,202,116,215,216,215,215,220,217,216,217,219,218,217,216,217,216,219,220,218,217,219,220,219,213,221,212,214,157,209,217,176,184,216,219,214,218,215,217,219,215,221,220,210,222,162,40,46,181,222,218,181,43,50,186,213,212,222,167,41,58,188,221,209,215,213,213,215,217,215,213,211,213,214,215,215,217,219,219,218,221,221,223,225,224,222,222,224,226,227,227,227,226,226,227,228,227,228,227,226,227,229,228,226,231,232,230,226,224,226,228,229
221,217,210,214,215,226,166,61,79,182,217,220,218,213,217,213,217,215,216,211,218,85,55,217,219,209,217,219,216,216,212,215,216,215,214,214,215,215,215,214,198,68,11,61,204,195,178,155,137,65,8,18,50,38,12,113,217,214,211,215,213,217,222,154,7,93,174,178,193,215,222,214,214,214,214,214,213,213,215,216,214,216,219,220,219,217,214,213,220,221,204,186,218,215,206,218,214,213,211,215,212,206,208,209,207,220,142,123,203,192,47,165,183,182,151,74,25,8,1,26,27,66,209,218,194,87,68,187,217,202,178,187,157,33,171,173,76,172,183,203,208,199,211,193,183,205,203,206,207,202,209,202,207,203,202,207,206,203,201,202,199,204,193,199,204,189,205,204,179,146,179,154,44,71,177,203,122,189,201,203,195,192,195,196,199,201,209,210,195,161,120,74,48,44,55,82,120,167,217,220,217,206,166,123,72,60,35,48,96,101,147,203,119,2,147,193,19,126,64,97,99,0,141,112,126,164,182,204,209,200,194,203,195,200,202,200,200,204,204,202,206,204,202,200,200,202,204,206,104,119,72,193,186,87,87,129,170,113,142,177,193,182,216,210,210,207,219,210,212,218,215,215,214,209,217,192,49,27,24,23,32,206,187,81,56,162,203,211,190,164,209,186,142,206,143,185,155,202,181,195,183,189,200,222,228,222,222,222,219,221,224,221,216,227,212,237,129,124,227,226,166,70,227,216,217,218,219,217,220,218,221,221,219,222,221,219,218,217,216,221,224,224,219,220,216,216,218,220,219,217,216,217,218,221,93,159,225,219,88,156,229,210,215,220,215,217,217,218,219,217,216,217,218,217,214,213,215,216,217,216,216,215,216,217,215,213,219,217,216,217,212,215,214,213,218,217,217,197,124,217,214,230,152,156,229,215,211,217,220,216,214,216,217,215,215,217,216,218,219,218,217,218,218,218,222,209,212,228,185,174,225,211,175,209,215,221,213,218,223,215,215,216,214,214,220,139,35,91,209,218,218,182,46,59,190,215,204,216,208,87,28,131,212,211,214,214,214,213,213,214,215,216,212,212,215,219,219,216,215,217,220,222,224,224,224,224,225,225,226,226,227,228,228,227,226,226,224,226,227,227,226,226,228,230,232,231,231,230,229,229,230,231
210,214,219,214,219,194,87,63,80,175,226,213,211,214,219,215,211,215,211,213,217,135,20,175,218,216,216,212,214,216,211,219,217,216,216,216,216,216,216,215,134,1,14,14,31,25,6,13,5,10,30,43,43,74,95,118,202,215,218,216,215,207,217,190,24,134,233,210,216,209,209,212,214,214,214,214,214,214,214,215,215,215,215,215,214,214,214,215,208,154,95,112,207,199,221,212,211,217,214,205,208,209,208,217,210,203,203,220,224,112,85,49,96,221,229,208,132,12,14,2,1,12,43,86,40,95,199,216,208,206,112,75,86,97,112,200,153,141,182,215,218,184,155,190,127,217,207,206,207,206,198,210,207,204,206,197,206,197,204,201,200,199,198,208,192,214,167,151,80,29,111,179,62,149,144,195,207,192,195,185,198,208,215,215,199,165,122,83,52,48,65,113,158,179,212,214,211,205,166,124,79,59,43,59,110,100,159,213,124,48,60,156,150,16,1,124,108,81,71,103,216,155,185,206,195,202,194,194,200,198,193,198,201,202,202,201,201,203,203,202,204,203,202,202,204,207,210,212,136,133,152,141,191,125,204,170,191,171,182,199,219,214,219,212,214,214,214,214,221,215,209,216,208,220,218,89,32,40,29,23,165,189,160,203,177,137,203,189,125,159,129,203,147,216,138,198,201,158,187,226,219,230,230,217,223,218,216,219,221,223,221,217,221,213,213,223,103,183,230,225,120,127,228,222,213,220,224,222,225,221,219,222,220,223,215,223,226,229,218,224,216,199,215,224,217,217,218,221,221,218,216,216,217,224,159,102,223,224,143,97,224,212,218,214,219,218,216,218,219,217,216,217,218,217,215,214,215,216,216,216,215,215,215,216,217,215,217,217,210,214,221,216,211,215,217,214,212,232,136,168,222,216,216,135,200,216,214,216,219,216,215,217,217,216,216,219,216,218,219,217,217,218,218,217,217,219,214,213,218,166,197,202,137,179,215,210,219,212,216,214,212,216,219,217,217,142,41,68,209,216,215,199,68,39,172,215,213,205,222,117,25,84,213,216,214,215,215,215,216,215,215,215,213,213,214,215,215,215,216,217,219,220,221,222,223,224,224,225,227,226,226,226,226,226,226,227,224,225,226,227,228,228,229,229,230,231,231,230,229,228,227,227
217,211,214,213,218,127,68,72,129,220,206,218,217,215,212,218,214,217,212,209,215,176,16,105,223,209,212,220,215,210,223,211,217,217,217,217,216,216,215,216,205,90,46,60,72,89,124,135,155,175,179,195,208,214,227,227,222,204,212,212,212,215,214,217,94,23,186,224,212,212,215,216,213,213,213,214,214,214,214,213,216,215,215,214,213,214,216,217,184,131,68,140,153,183,217,210,216,212,216,212,209,213,209,205,210,206,210,196,203,185,227,94,114,176,125,105,104,124,166,152,89,13,1,3,7,96,162,120,173,227,198,109,146,160,190,190,217,213,216,132,113,188,141,85,116,192,186,201,198,212,211,202,200,207,207,206,207,204,198,207,210,207,187,107,137,121,180,111,39,132,111,206,178,209,201,192,190,206,209,215,210,174,125,77,51,54,77,112,147,190,211,223,217,199,168,129,77,44,29,58,91,98,182,186,74,89,57,123,25,158,200,44,94,47,125,81,122,111,139,199,193,198,202,196,199,198,199,196,202,202,199,202,204,203,202,202,202,203,203,203,205,204,204,204,207,209,210,210,197,184,220,190,205,217,212,221,213,222,220,214,214,214,214,219,214,218,215,217,218,215,215,220,219,217,137,31,31,28,22,109,226,192,139,120,160,211,219,228,120,139,144,195,197,156,182,221,225,226,230,214,221,222,217,225,220,224,223,218,216,216,219,221,228,236,233,192,54,152,202,227,83,175,220,215,222,211,218,218,217,219,213,219,228,222,222,220,217,172,206,236,184,114,164,211,217,217,219,222,221,219,216,215,219,218,220,83,182,228,196,63,187,221,216,215,218,214,216,219,220,217,216,217,217,216,216,216,216,215,215,215,215,215,214,214,212,215,214,210,221,221,205,213,214,215,216,216,215,226,191,125,215,218,223,163,144,222,216,219,219,217,217,218,217,216,217,219,216,218,218,218,217,217,217,217,216,215,219,217,221,209,102,61,42,88,216,212,217,213,216,221,215,214,219,209,220,174,38,50,187,212,212,212,88,34,153,219,209,214,216,121,26,78,206,208,212,213,215,216,216,215,214,213,213,214,214,214,214,215,216,216,218,218,219,221,223,224,225,225,226,225,224,224,224,225,226,227,224,224,225,227,229,230,229,228,228,229,230,230,228,226,225,224
214,222,211,218,174,68,72,97,205,224,211,215,218,214,215,213,209,208,211,205,213,207,51,72,214,212,221,214,214,210,217,214,216,216,217,216,215,215,215,215,211,212,206,213,219,227,227,214,216,218,213,219,214,206,211,173,56,99,214,211,215,213,210,214,215,66,54,204,217,211,215,216,213,213,213,214,215,214,213,212,214,214,215,215,215,215,216,216,215,234,156,148,102,124,147,214,213,216,211,207,209,208,206,212,208,204,215,217,204,162,119,58,16,59,177,199,224,229,204,180,93,37,75,38,36,200,221,198,68,111,174,175,210,211,199,203,200,202,210,108,67,70,177,154,168,203,201,208,208,203,208,208,205,203,200,201,207,218,219,194,127,173,210,89,184,165,113,208,124,195,191,189,194,198,199,205,199,180,134,92,39,25,93,124,171,193,214,227,218,190,161,105,71,52,46,56,83,132,184,178,90,80,63,157,22,63,9,125,128,72,74,86,145,157,212,193,203,203,204,198,195,192,200,198,202,200,210,202,200,197,197,201,203,202,203,204,204,203,205,207,208,207,207,207,209,209,209,208,204,220,207,209,215,211,207,214,213,213,215,219,213,217,217,214,215,216,219,218,212,219,220,212,226,187,43,38,34,24,64,199,230,228,236,211,150,204,225,223,195,195,218,212,225,230,232,220,220,218,220,218,218,223,224,218,215,219,216,215,226,232,227,222,190,140,113,57,109,167,132,90,67,217,228,216,217,217,220,225,225,223,224,228,210,198,214,221,146,140,178,207,193,94,122,149,218,219,220,222,220,217,216,217,222,209,229,131,121,237,235,115,122,225,210,219,216,214,219,216,220,217,216,217,217,217,217,217,216,215,214,214,215,215,214,213,216,217,218,221,215,211,218,217,216,215,214,217,218,203,232,150,162,227,208,212,121,195,220,217,219,218,218,219,217,216,217,219,217,218,218,218,218,218,218,217,221,220,217,210,210,223,160,47,42,49,163,219,208,214,215,208,216,216,213,208,218,211,75,29,124,228,211,211,112,26,127,219,212,211,220,105,36,91,222,214,212,212,214,216,217,216,214,213,212,215,216,215,215,217,217,214,218,218,219,221,223,225,226,225,224,223,223,223,224,225,226,227,225,225,226,227,228,229,229,229,227,229,230,229,228,226,225,224
216,209,220,209,97,63,68,95,186,217,218,208,214,212,215,213,217,215,217,215,207,218,87,35,202,213,211,214,213,216,207,217,215,216,216,216,215,215,214,214,217,210,214,212,211,212,204,212,214,206,211,211,208,216,219,163,32,18,141,220,209,210,216,206,216,201,44,79,219,209,214,215,213,213,214,214,215,214,213,212,212,213,215,215,215,215,214,214,213,215,212,197,98,152,211,213,212,211,208,210,206,209,219,210,202,179,137,88,44,9,1,14,2,58,197,181,125,92,86,93,129,193,210,194,138,154,194,158,16,1,16,70,135,180,212,210,208,200,207,125,136,200,180,210,210,201,202,204,213,208,206,201,199,219,215,212,190,142,162,208,91,69,121,198,93,106,160,201,200,186,206,209,202,180,140,102,61,17,49,152,137,56,188,231,212,201,149,106,84,49,50,70,123,152,190,198,214,201,203,171,18,84,44,90,127,45,142,91,190,174,151,188,193,196,195,196,192,189,194,197,199,198,198,209,200,194,205,200,202,204,206,208,203,204,206,207,207,206,207,209,209,209,209,211,212,213,212,211,212,210,206,216,205,215,213,217,215,206,213,220,217,217,222,217,220,214,218,217,216,218,215,215,208,71,33,41,24,31,184,193,140,198,203,133,223,219,214,227,227,225,223,225,221,217,208,223,219,212,224,224,222,220,213,225,225,233,234,223,194,148,107,90,94,128,171,82,190,240,238,67,102,227,218,206,222,220,219,216,210,196,181,211,151,165,170,185,134,208,91,116,209,155,228,213,219,220,222,221,218,215,217,219,215,221,223,184,79,158,159,77,61,202,216,218,218,221,219,213,219,217,216,217,217,217,217,219,217,216,215,215,216,216,215,214,220,227,158,156,215,222,217,211,213,215,213,212,214,213,218,211,116,199,233,221,169,151,220,214,217,217,218,218,218,217,218,220,218,218,218,219,219,218,218,218,215,220,218,215,214,203,218,105,55,49,69,201,216,213,219,214,211,220,210,218,208,218,159,42,62,160,226,216,95,24,128,223,211,218,189,62,37,139,215,212,213,212,213,216,217,216,215,216,212,215,215,214,215,217,216,214,219,219,219,220,223,224,224,224,221,222,223,224,225,225,226,226,226,227,228,227,226,227,228,230,228,229,229,229,228,227,227,227
218,207,223,136,57,53,65,65,101,203,220,211,212,213,209,215,211,212,209,216,208,219,170,16,125,227,208,217,215,215,216,215,216,216,216,216,217,217,216,215,210,216,217,215,218,209,213,212,208,213,217,212,214,206,213,222,141,10,26,182,222,205,214,218,212,216,193,29,99,223,211,214,213,214,215,215,214,213,213,213,214,215,215,215,214,214,215,216,218,215,215,207,218,178,199,217,217,215,218,219,205,180,137,83,42,22,5,6,11,14,16,15,4,23,63,107,121,158,192,215,216,204,88,178,226,167,156,113,47,14,5,1,4,33,77,143,188,207,206,197,196,211,208,208,209,203,210,207,203,208,207,212,202,171,175,196,122,180,131,159,105,93,130,173,194,178,215,206,204,195,149,110,64,29,12,1,7,3,136,229,235,120,60,132,71,43,63,93,128,166,191,211,217,213,200,200,195,197,188,216,130,45,130,46,179,161,193,191,189,204,199,198,195,199,196,199,196,204,200,199,206,201,201,197,204,201,206,204,204,203,203,202,206,208,210,210,209,209,209,210,209,210,211,212,213,213,212,212,214,202,215,219,215,211,217,212,218,219,222,216,218,213,217,220,221,216,218,217,222,213,218,227,126,35,32,42,29,131,228,209,172,127,78,128,221,220,226,213,214,218,220,222,208,208,225,218,226,218,215,213,222,228,238,227,201,158,111,92,98,120,156,191,225,234,243,184,112,171,135,35,142,236,227,220,220,215,206,225,196,119,130,215,127,219,196,141,206,158,150,192,226,222,217,224,221,221,222,221,218,216,218,221,224,216,208,226,121,30,29,22,27,150,229,217,217,220,215,220,219,217,216,217,217,217,218,219,217,217,216,216,216,216,216,215,213,141,79,67,113,186,223,217,216,215,215,211,211,221,206,228,167,76,139,195,221,140,193,215,214,214,216,217,218,218,219,220,218,217,217,219,219,218,218,218,219,216,216,213,215,220,214,178,53,48,43,135,216,211,207,210,215,215,213,214,209,211,213,129,34,49,120,114,54,37,147,218,212,220,210,148,90,192,222,220,212,210,211,214,216,215,215,215,214,214,213,212,213,215,216,216,218,218,218,219,220,221,222,222,220,221,223,225,226,225,225,224,226,227,228,227,225,225,228,230,229,229,229,229,228,228,229,230
207,226,178,64,59,73,107,72,68,122,208,217,211,215,211,212,215,216,213,212,211,208,219,73,27,182,220,209,212,214,219,218,217,216,215,216,218,218,217,215,216,210,212,215,221,210,214,223,213,209,212,212,214,213,214,214,212,106,6,61,206,214,210,216,217,214,217,142,7,136,226,212,213,214,216,215,214,212,213,214,216,216,216,215,215,215,215,216,217,216,213,216,215,217,230,215,205,177,138,83,46,26,7,12,16,14,13,15,3,17,44,83,126,168,200,208,221,217,216,201,206,142,91,212,207,190,168,225,213,157,106,37,3,2,4,7,38,96,162,200,216,203,204,198,199,210,200,201,218,211,190,214,108,142,128,183,125,199,158,137,173,196,223,211,214,200,152,119,71,46,7,1,6,15,19,18,16,1,31,116,110,47,33,77,126,82,125,153,199,199,198,197,200,202,206,209,201,213,196,191,209,114,110,183,196,196,197,192,200,206,199,196,210,203,198,206,205,201,200,200,198,205,198,205,206,209,205,207,205,206,211,213,210,211,211,209,210,212,211,209,211,212,214,214,212,211,211,212,206,219,212,214,211,218,218,215,213,217,216,215,227,224,216,214,218,219,219,216,219,213,220,169,43,29,28,27,82,208,222,215,229,228,195,216,223,215,223,222,227,221,220,221,110,191,219,217,205,234,232,236,214,174,140,103,94,112,149,191,219,231,236,237,222,204,168,127,56,64,99,148,215,197,181,213,227,188,108,169,219,226,136,209,192,154,149,194,235,219,223,227,218,225,224,218,222,221,221,221,220,219,219,221,214,222,217,222,181,46,31,36,23,92,215,219,213,216,214,223,218,217,217,218,218,218,218,220,217,217,217,217,216,216,216,217,195,77,69,90,70,83,139,208,210,216,217,212,214,212,213,211,219,99,16,52,136,122,128,222,213,214,215,216,217,218,219,218,217,216,216,218,219,218,218,218,218,221,221,210,218,214,210,211,108,47,51,58,171,225,213,213,217,211,213,209,216,210,217,208,134,64,26,29,36,81,209,215,216,210,221,222,210,218,211,215,214,211,211,215,217,215,214,215,214,212,211,213,214,214,215,216,217,217,218,218,219,219,220,221,222,223,224,225,225,225,223,223,226,226,227,227,226,227,228,229,229,230,230,230,229,229,230,230
214,207,97,69,62,171,212,106,59,71,143,222,215,214,207,216,212,214,219,212,216,211,210,195,35,41,196,222,209,216,217,215,216,215,214,215,218,219,217,214,214,217,213,216,213,214,218,176,209,211,213,214,217,224,222,208,214,197,54,6,110,218,213,213,212,213,209,216,86,23,184,218,213,215,217,216,213,212,213,215,214,215,216,215,215,214,213,213,218,226,231,219,205,172,133,109,62,57,150,151,48,10,9,8,7,20,43,86,132,172,200,210,214,214,206,206,210,204,204,212,215,76,85,190,215,88,146,199,101,225,211,190,158,94,27,3,0,1,11,59,122,178,208,212,207,205,205,206,182,132,115,133,173,101,90,143,168,120,136,215,221,196,162,137,88,43,21,6,9,1,14,22,14,10,3,1,8,28,58,88,122,177,204,221,216,74,121,149,152,128,208,202,149,174,184,161,195,119,133,185,181,204,215,204,211,204,207,203,206,200,208,210,203,202,207,205,199,203,194,201,208,201,204,206,202,209,201,210,210,210,208,205,211,211,208,206,210,214,213,208,211,214,216,216,214,213,214,215,214,217,212,216,215,213,212,219,220,221,220,219,215,215,218,224,219,219,219,214,212,219,211,65,37,27,31,38,185,228,212,219,216,222,226,221,224,219,221,223,219,217,231,190,62,68,161,104,186,194,142,92,67,119,143,183,217,231,244,241,228,210,176,137,102,83,103,134,181,208,228,235,195,126,160,124,238,199,96,113,164,219,204,195,230,223,227,224,219,223,225,217,225,215,223,220,224,221,220,222,223,222,220,219,222,219,216,221,220,99,34,29,36,54,180,219,212,218,218,217,217,217,217,218,218,218,218,220,216,217,218,217,216,216,217,218,219,201,121,70,73,66,74,108,195,219,214,208,216,212,210,209,216,190,45,32,25,23,52,187,215,215,215,215,217,217,216,215,217,215,215,217,219,218,217,218,219,216,220,220,217,213,213,221,186,66,54,38,105,216,213,211,209,214,209,218,215,212,214,215,216,185,159,143,161,200,215,215,216,218,211,216,218,214,218,216,217,214,215,219,221,218,216,216,213,211,212,216,218,216,214,215,216,217,218,218,218,219,220,222,224,225,225,225,225,224,223,222,225,225,225,226,228,228,228,228,230,230,231,231,230,230,230,230
217,147,62,57,127,222,211,198,94,55,76,166,217,209,213,218,215,211,219,205,213,215,208,218,153,15,62,204,217,208,213,217,213,221,215,216,224,217,214,218,215,219,218,220,217,197,72,18,129,216,213,209,204,148,119,215,206,223,168,18,24,133,220,211,212,213,211,217,182,12,115,223,205,212,214,214,213,217,215,215,211,212,212,210,224,223,224,228,204,172,139,108,93,103,136,183,139,143,246,231,144,9,38,78,132,163,197,215,219,214,208,205,206,206,207,209,210,209,209,208,210,205,142,172,153,85,229,98,36,142,119,198,177,194,186,137,75,22,10,1,3,30,62,116,176,202,201,215,187,68,111,109,166,130,174,185,213,211,171,127,81,41,12,13,9,3,17,15,13,12,2,3,9,28,75,106,150,181,206,214,219,212,207,204,161,95,174,215,148,150,225,213,114,203,151,128,196,85,147,184,95,196,133,176,151,189,154,213,180,211,180,171,205,201,197,204,200,204,209,210,209,210,203,211,206,207,208,208,209,210,210,208,211,210,211,214,213,211,212,215,214,214,213,211,212,215,216,215,210,219,211,220,218,214,216,218,220,219,222,214,220,219,220,222,220,216,223,216,218,216,95,39,32,30,25,146,226,212,213,221,222,219,222,222,221,223,220,218,219,225,207,169,164,141,87,114,188,67,146,163,98,209,244,238,233,212,183,137,104,86,101,116,164,198,191,219,238,174,119,197,233,144,131,138,188,214,164,227,213,218,229,208,218,222,220,224,224,224,223,222,221,222,222,223,221,222,223,222,221,220,221,222,219,217,221,216,224,161,46,33,44,30,123,228,212,218,219,214,214,225,218,216,222,217,214,218,215,217,215,214,217,215,213,216,215,216,218,165,85,73,89,70,79,141,219,220,215,208,210,210,210,224,123,23,44,33,22,118,220,206,214,210,214,216,216,217,216,216,217,219,219,217,216,216,218,218,216,215,215,216,213,210,215,138,48,44,48,174,223,206,210,212,219,217,212,213,216,214,213,211,222,223,216,217,219,214,221,211,218,222,212,215,214,220,216,220,213,220,219,216,217,216,215,218,218,216,217,217,216,217,216,217,218,218,216,215,217,220,224,224,225,226,226,227,227,227,224,226,230,229,226,228,228,225,226,235,229,231,233,226,229,232
173,66,56,80,202,217,214,217,178,79,57,72,186,226,215,213,209,213,209,217,217,213,214,205,219,163,35,51,194,218,213,208,213,218,218,217,211,217,218,214,216,222,183,178,231,203,76,10,32,177,214,216,166,18,9,137,227,187,102,17,4,69,203,218,217,209,216,214,213,71,34,210,220,200,211,210,210,217,215,206,215,219,226,226,206,177,140,112,92,109,139,173,217,246,236,221,135,55,167,160,126,154,199,216,216,219,215,208,206,206,205,206,206,207,208,209,209,209,209,210,210,213,220,214,192,216,175,108,157,2,156,135,52,104,155,219,195,180,120,60,23,3,3,2,23,118,138,135,213,176,99,149,152,218,179,133,88,77,115,99,23,8,15,10,12,13,1,4,8,17,71,103,151,187,202,212,210,202,207,196,202,198,203,207,186,176,214,209,147,93,140,193,127,127,113,171,211,174,104,152,95,96,93,165,118,169,22,158,128,164,114,133,155,216,206,205,211,212,140,198,195,203,211,197,208,206,207,210,211,210,210,211,214,212,211,213,212,211,212,216,218,217,216,215,215,217,217,216,216,222,218,211,219,219,218,225,220,220,217,220,221,222,221,220,222,219,224,213,221,147,23,42,39,11,96,233,210,214,217,219,221,217,220,222,222,223,221,218,223,216,231,155,77,117,183,233,78,94,252,253,174,104,194,144,104,92,97,123,163,199,219,236,239,169,123,174,233,174,99,121,173,211,185,228,191,217,214,209,223,186,213,176,186,229,227,216,221,223,223,222,220,220,222,224,222,223,223,223,222,221,222,222,220,220,217,215,222,201,78,30,49,31,64,197,217,211,212,221,222,217,217,219,214,220,228,214,215,217,217,217,217,216,215,217,217,215,213,220,200,123,66,72,76,82,103,189,225,210,213,211,208,212,190,57,37,35,33,46,178,213,209,208,213,219,219,217,219,217,216,216,216,216,217,219,218,218,217,216,216,216,214,210,216,198,90,49,34,105,210,220,217,210,211,215,212,220,215,212,214,215,213,210,217,211,207,216,211,214,217,211,210,217,213,215,215,210,220,219,223,219,216,216,216,218,217,215,217,218,217,217,213,214,217,218,217,215,216,218,223,223,223,224,226,227,227,226,231,228,227,225,222,225,229,228,230,229,229,228,228,233,235,227
86,60,71,173,222,210,215,208,222,156,62,60,102,203,211,213,207,218,207,207,212,214,207,220,211,214,193,49,30,155,212,213,217,213,215,221,215,220,216,218,218,214,199,122,136,212,194,45,13,67,200,214,208,135,10,31,100,25,4,37,123,191,215,209,210,214,214,207,212,167,18,128,226,205,214,210,212,214,225,227,218,181,128,104,94,107,136,179,215,231,240,216,177,135,95,77,90,138,167,174,208,217,216,208,209,209,205,205,211,216,214,213,208,209,209,209,208,208,210,211,207,209,204,212,220,205,206,213,195,131,177,55,126,184,199,203,206,206,211,204,160,100,45,4,43,197,210,171,96,169,148,122,121,79,69,118,56,133,232,234,139,8,7,9,10,31,59,98,142,185,210,213,204,200,203,192,201,206,198,208,207,201,203,210,208,209,201,202,207,185,168,207,193,154,190,220,202,145,107,184,170,123,129,166,149,156,120,56,110,134,148,183,184,203,214,206,215,164,35,178,139,181,159,142,220,212,207,207,208,209,213,219,215,213,213,214,213,212,213,215,219,217,217,217,218,218,218,218,216,219,217,222,220,217,224,217,220,213,230,215,222,220,222,221,222,215,207,225,192,43,45,33,23,46,201,190,221,209,225,226,223,218,219,222,222,221,219,215,219,217,126,78,100,136,211,178,67,105,134,181,98,45,86,120,149,182,228,228,227,229,218,212,216,216,192,161,166,190,158,222,198,213,227,223,222,223,205,97,186,209,156,111,164,216,219,227,220,222,224,223,220,220,222,225,222,222,221,221,221,221,220,220,219,223,220,219,214,223,136,35,45,42,27,142,223,213,214,219,218,217,217,223,220,215,218,213,216,216,218,219,216,216,217,216,215,215,215,215,223,222,169,95,70,81,72,73,145,205,217,215,215,206,227,136,27,43,33,19,94,212,209,213,211,214,219,216,219,217,216,216,216,216,217,219,217,218,218,217,217,217,214,211,206,221,159,36,43,39,164,215,205,219,209,210,221,218,218,212,212,212,217,214,215,208,217,224,228,221,225,214,214,222,214,211,223,166,122,224,211,213,232,216,216,217,215,214,217,218,216,216,216,215,217,218,218,217,218,220,222,221,221,223,226,228,227,226,227,225,228,232,231,230,229,226,229,230,230,230,232,228,226,234
70,67,130,218,216,214,211,215,215,220,133,67,60,107,214,227,221,219,225,223,211,221,221,214,218,215,216,197,56,9,155,218,212,210,214,219,220,217,211,221,219,155,145,126,129,206,224,157,24,20,118,223,225,173,43,16,4,37,117,193,222,212,208,215,213,212,212,219,213,222,95,22,180,224,209,223,219,201,151,129,105,103,127,171,204,238,240,217,177,145,107,87,95,123,163,198,225,228,224,219,214,214,210,213,209,211,210,210,214,212,207,205,211,211,210,210,210,209,209,209,208,212,213,209,208,206,210,216,210,221,182,102,135,204,207,205,206,196,207,209,206,214,194,158,108,195,222,169,14,7,44,9,60,199,223,238,177,95,179,176,64,15,54,92,141,141,198,213,218,203,194,206,205,206,209,218,206,205,208,203,214,207,211,204,211,202,211,205,209,220,207,211,215,222,215,207,204,211,217,209,210,192,187,193,193,173,191,149,149,194,95,41,137,212,203,213,206,90,66,95,197,93,105,198,211,210,212,214,214,212,213,215,213,213,214,217,216,214,213,214,217,216,216,219,220,219,219,221,222,221,217,227,218,218,219,223,222,227,223,220,219,216,227,215,213,217,234,210,69,26,39,34,24,179,152,74,238,235,176,207,225,222,221,224,223,221,222,219,218,205,162,107,111,185,225,69,160,236,173,62,38,192,226,232,146,145,197,221,219,223,223,225,226,227,186,145,174,220,226,219,221,224,220,219,216,228,211,104,85,163,229,118,166,204,220,222,222,223,224,223,222,221,223,224,222,221,220,220,221,221,220,219,222,221,221,222,211,217,195,61,41,51,35,83,209,217,216,215,218,223,216,217,222,217,218,223,216,214,217,219,216,218,219,215,216,212,217,218,213,217,216,202,130,68,77,79,63,97,183,219,211,204,206,201,68,28,35,41,33,162,221,208,214,211,214,218,217,217,217,217,217,217,217,217,217,217,218,218,218,217,215,213,209,216,201,79,46,34,80,200,211,214,217,211,221,215,219,215,219,217,215,207,217,213,191,148,135,151,184,221,219,202,217,219,143,48,53,187,225,212,209,220,217,217,214,212,215,216,215,214,219,217,216,217,218,218,219,220,220,221,221,223,225,227,227,228,229,226,228,231,229,228,230,230,231,228,229,230,225,230,236,223
55,83,194,210,218,217,217,221,215,224,217,97,71,78,124,187,192,178,164,198,225,212,218,211,211,209,216,221,183,44,33,186,218,214,215,214,216,214,217,223,137,97,109,138,210,215,219,224,124,16,32,130,121,20,12,41,111,199,217,216,216,208,212,212,213,210,216,204,200,213,196,43,48,176,180,131,94,52,116,177,205,229,243,222,187,140,106,91,104,132,168,200,220,226,225,224,215,211,204,214,219,211,212,218,214,214,212,212,214,214,214,216,213,212,210,211,212,211,208,206,213,205,205,217,204,211,207,212,209,206,212,214,189,207,202,212,202,209,204,212,223,218,203,182,82,38,104,74,20,5,0,18,33,72,136,160,122,24,59,106,134,176,196,217,217,92,183,215,170,126,119,158,206,136,139,142,193,207,190,211,190,205,203,214,207,209,218,216,217,207,218,225,220,209,209,216,216,213,209,210,208,207,213,213,213,214,210,211,210,213,200,195,220,211,212,217,201,155,184,123,216,86,170,196,202,208,214,214,214,215,216,215,213,213,215,217,217,216,215,215,218,217,218,221,221,220,220,223,215,215,222,217,220,224,212,228,222,217,217,216,222,219,223,217,222,217,181,108,50,20,34,15,125,225,84,133,134,168,181,207,222,223,221,225,225,223,229,225,211,138,133,170,182,201,169,77,226,216,229,79,145,240,216,215,165,186,218,155,206,189,205,214,196,215,217,227,232,232,215,222,220,227,220,219,228,218,215,146,213,185,209,231,224,223,224,223,225,224,223,223,223,222,222,222,223,223,222,222,223,223,222,220,226,221,218,218,215,213,223,117,38,43,44,45,159,221,210,217,219,222,219,216,216,219,222,212,216,213,214,216,214,217,217,211,212,217,213,212,219,217,213,220,217,166,90,68,78,77,71,129,211,223,210,219,161,27,36,32,27,79,210,206,216,213,211,219,216,217,217,217,217,217,217,216,216,217,218,219,218,216,215,214,215,212,217,165,55,33,25,140,226,202,220,218,212,219,214,218,216,217,213,221,209,127,57,34,42,51,44,96,182,230,202,115,45,51,157,209,222,223,219,217,218,219,215,213,215,216,214,214,217,216,215,216,216,215,215,215,218,220,222,223,224,225,227,230,230,227,228,230,227,225,227,229,227,232,226,231,230,224,233,232
67,172,227,226,215,206,204,186,182,166,129,89,65,72,54,78,83,85,71,111,205,221,207,216,221,220,146,208,228,158,4,101,216,210,208,217,221,217,220,216,191,102,94,220,224,220,210,207,209,87,9,15,2,44,111,190,223,213,211,210,207,216,210,206,202,206,216,219,226,210,182,67,9,28,30,8,5,22,188,238,188,142,109,90,96,123,175,204,218,229,227,222,218,214,214,212,207,216,221,212,212,215,212,213,212,211,209,211,214,212,209,211,214,212,211,212,212,211,208,205,207,207,217,206,207,208,209,208,205,215,211,208,207,203,220,205,222,224,212,175,130,93,71,69,125,165,198,219,197,134,33,1,5,3,4,19,3,69,186,234,230,211,201,201,179,89,200,220,110,174,210,105,203,74,141,91,171,190,116,224,76,141,247,130,176,215,138,152,180,221,193,149,163,209,215,210,209,216,206,209,206,219,210,218,227,217,226,208,208,218,213,218,213,216,211,208,212,220,218,220,207,206,216,205,210,215,217,212,210,214,219,219,216,215,215,215,216,217,218,218,218,218,219,220,220,219,220,221,225,223,226,221,216,214,227,217,226,224,224,226,224,221,217,227,213,142,176,171,191,157,40,70,207,136,202,213,196,149,220,224,220,224,220,224,222,221,227,219,235,225,200,148,148,234,73,154,225,227,142,53,211,220,228,183,151,129,218,135,221,139,215,215,153,120,195,204,197,207,226,215,226,226,225,226,224,225,219,223,227,224,223,223,215,228,223,218,225,224,222,222,223,222,221,220,222,222,222,223,223,223,222,221,221,223,221,215,218,217,218,185,44,31,42,34,94,220,212,215,216,220,217,219,220,216,218,220,219,218,217,215,214,215,213,208,215,215,214,213,215,214,211,208,211,223,204,133,75,74,69,77,99,167,215,218,203,87,27,28,30,35,143,222,212,210,215,215,217,218,217,215,215,217,218,217,216,217,218,219,218,216,215,216,216,217,218,208,94,44,80,99,189,216,211,217,213,219,211,215,217,213,215,224,154,44,49,138,197,184,131,45,65,136,81,26,89,190,224,221,214,221,215,217,220,221,218,215,217,217,215,215,215,215,216,218,217,214,211,210,215,219,222,222,222,222,226,230,226,225,228,231,229,229,229,228,230,232,228,233,231,226,232,227
75,129,140,127,120,100,87,83,72,59,59,61,68,53,62,62,61,65,70,74,140,212,219,215,203,197,133,125,191,197,96,16,181,223,209,210,214,221,220,227,219,202,165,214,215,220,210,217,217,182,47,28,109,191,226,209,208,213,212,215,207,206,214,221,230,201,171,150,107,58,23,14,23,31,10,16,10,8,61,105,93,128,163,189,217,228,225,222,217,219,210,212,217,216,216,211,220,209,216,220,210,213,221,216,213,213,211,212,213,210,210,215,212,212,212,212,211,210,209,208,213,215,204,207,212,207,208,209,214,203,205,217,213,222,203,195,148,101,77,82,111,152,191,228,235,232,216,182,145,99,51,66,90,55,12,1,13,9,37,101,145,196,219,210,198,115,124,192,145,132,141,134,203,107,114,100,226,165,129,217,81,95,134,43,164,222,64,120,194,222,117,135,123,126,220,209,211,215,218,216,209,166,166,204,174,195,198,210,220,209,217,209,220,208,220,212,215,215,210,216,211,215,223,209,214,218,220,219,217,217,216,214,219,218,216,216,217,218,219,219,217,218,219,218,218,219,220,221,218,215,212,221,217,223,229,230,213,223,221,210,215,219,219,226,161,184,137,46,41,143,166,151,109,117,132,107,153,240,218,224,220,226,220,222,222,220,222,207,146,204,230,116,196,170,66,219,217,212,56,145,227,224,217,224,183,209,215,153,142,180,229,233,155,189,229,212,114,145,214,223,191,212,221,230,226,224,225,224,221,222,226,215,226,223,223,222,224,223,223,223,222,222,221,221,220,221,222,222,222,222,221,221,218,225,225,218,217,219,212,220,92,33,42,38,47,180,220,213,219,220,214,216,222,222,221,218,226,229,228,225,226,228,227,227,226,225,217,217,224,220,215,221,219,212,220,221,171,100,84,76,79,79,127,200,231,175,34,29,26,32,59,191,215,205,217,213,217,218,217,216,216,217,218,217,217,217,218,219,218,216,216,218,211,219,209,225,168,139,217,202,156,216,210,213,219,215,214,213,215,217,217,214,120,34,91,218,215,221,229,133,32,30,37,124,217,224,212,213,223,220,217,225,219,221,220,217,219,219,217,217,216,216,217,218,217,214,212,212,213,216,219,220,220,221,224,227,230,226,224,224,225,229,231,228,236,224,232,227,221,236,222,185
69,60,55,55,63,52,58,72,71,71,67,74,98,107,118,137,151,162,175,196,207,215,216,225,192,154,152,129,203,222,195,43,36,192,218,216,216,211,165,157,229,226,219,218,216,215,215,215,210,215,182,183,222,218,212,213,214,214,212,221,224,217,194,159,104,57,30,15,15,17,21,19,13,9,16,33,93,135,166,185,215,226,224,220,214,219,214,213,210,221,216,212,213,215,219,212,213,225,216,211,215,216,213,220,216,220,223,223,218,210,209,217,211,212,213,212,209,208,210,212,212,205,214,207,211,200,197,206,210,218,219,201,162,132,141,58,52,139,180,211,236,232,220,188,145,105,81,66,91,132,184,218,218,195,155,96,32,8,3,2,11,50,100,169,207,223,210,204,210,175,168,216,201,204,228,155,204,176,173,195,152,152,100,129,182,194,86,165,205,221,102,88,73,191,214,218,216,210,215,215,207,92,126,211,168,82,142,205,216,217,216,217,216,216,216,215,217,216,217,212,216,217,210,222,217,215,214,215,216,217,218,220,219,219,218,218,219,220,219,218,216,219,220,219,219,222,224,224,218,221,222,221,221,222,135,187,179,135,230,118,209,226,217,226,159,204,43,18,17,25,180,154,148,84,161,143,99,225,221,221,221,228,221,224,225,224,224,204,140,125,95,87,214,74,152,232,231,137,55,219,224,213,227,219,227,225,223,228,213,224,222,218,174,218,225,213,138,226,231,142,116,180,224,217,194,219,230,221,221,226,219,226,228,218,225,222,223,224,224,224,223,222,223,223,220,222,223,224,223,222,223,223,224,223,221,219,219,218,218,217,159,42,45,42,28,120,219,216,220,215,220,221,215,229,211,144,141,150,152,151,157,162,166,171,174,174,189,200,194,192,195,193,204,204,204,211,222,202,106,85,85,84,73,95,169,227,129,24,31,29,15,118,224,209,212,216,214,217,218,218,218,218,217,214,217,217,219,219,218,216,217,220,219,211,211,217,202,156,214,222,176,182,219,213,217,216,215,216,217,219,208,222,144,42,70,201,214,211,215,203,81,34,114,223,216,210,221,215,219,215,219,221,218,221,220,218,219,219,218,218,218,217,216,216,214,213,213,215,213,214,216,217,218,220,223,225,226,224,226,228,229,229,222,211,220,229,229,222,241,208,153,190
74,79,84,100,129,123,148,163,179,183,192,204,214,220,222,224,227,225,218,225,218,219,213,119,120,109,153,214,215,210,217,194,57,49,171,220,213,226,137,119,150,173,221,220,216,216,214,213,216,210,216,219,209,210,225,227,227,214,198,166,116,73,41,24,15,17,20,21,15,17,21,46,88,102,18,76,224,224,220,212,211,216,213,214,218,215,215,217,216,214,227,95,137,245,102,116,232,116,183,235,168,126,152,157,216,152,142,188,186,211,226,187,210,214,212,211,208,210,215,207,210,202,209,201,213,211,216,214,192,154,89,39,63,184,211,182,103,230,224,188,160,110,80,66,90,131,177,209,226,221,209,204,202,203,214,216,190,141,82,37,9,0,7,22,56,125,184,219,220,231,225,208,214,210,207,219,210,212,218,210,212,217,216,195,203,212,156,157,196,216,161,207,146,184,220,217,212,210,218,215,207,180,139,142,233,129,212,222,217,217,217,217,217,217,218,218,219,216,217,219,217,212,212,216,214,219,214,211,221,222,217,219,220,215,213,220,217,224,226,219,219,231,210,199,219,216,174,219,225,215,221,223,221,212,80,79,174,149,85,107,222,218,216,232,135,166,166,64,41,128,167,155,232,225,199,148,220,225,223,220,226,221,225,223,230,224,220,226,238,225,181,223,165,69,225,225,213,58,150,231,217,221,223,225,223,223,223,221,224,221,228,221,221,228,227,202,191,233,210,113,171,219,230,133,158,134,199,231,224,222,224,223,226,220,223,223,223,224,221,223,227,220,218,222,223,224,223,219,218,221,224,224,221,222,222,220,217,219,219,214,215,70,35,37,21,48,208,212,217,214,226,216,216,209,116,93,84,69,73,74,81,80,67,83,78,67,81,89,92,87,87,82,86,94,103,108,108,101,87,76,80,83,88,73,69,129,176,55,20,36,29,44,184,214,213,215,217,221,212,216,216,220,218,217,216,217,219,219,218,218,218,219,219,209,217,212,218,180,187,219,209,162,210,219,211,216,217,215,214,215,219,213,198,77,37,151,222,219,207,223,149,34,117,215,209,219,216,215,216,223,217,216,226,219,218,218,218,215,216,217,219,218,215,212,213,214,213,212,217,214,218,219,215,217,223,224,228,219,227,225,229,235,184,167,174,211,232,237,202,158,206,234
195,195,218,220,220,228,221,225,224,221,219,217,216,213,212,212,214,210,221,212,206,216,222,146,61,133,200,221,212,211,217,212,206,73,86,209,216,170,178,188,190,199,216,213,218,217,219,219,207,217,220,224,229,218,187,158,131,90,37,13,11,18,20,17,8,25,29,41,66,125,166,194,215,228,149,12,103,228,213,214,212,215,218,214,213,223,210,220,217,215,207,86,86,99,42,147,187,68,97,216,153,108,135,130,150,160,191,193,160,135,134,154,218,209,216,213,215,203,204,205,209,208,215,224,206,177,129,76,30,8,18,3,62,208,230,185,38,98,79,65,92,130,172,202,227,228,218,207,205,206,207,212,206,207,205,200,205,219,213,188,123,76,26,3,9,3,32,91,139,161,191,209,213,213,206,211,207,212,209,207,217,213,209,216,212,215,222,221,210,220,219,215,219,214,215,214,220,217,218,215,206,148,128,161,197,133,204,212,218,218,218,218,218,217,216,215,220,217,216,218,218,216,215,217,218,218,222,223,219,218,222,226,217,218,231,222,216,207,198,207,211,203,101,122,215,203,78,131,219,231,221,217,231,191,71,109,74,179,114,117,193,200,227,190,47,48,162,196,172,158,140,214,225,212,229,240,220,225,229,225,225,221,227,228,218,224,228,223,217,218,234,222,78,157,225,230,140,68,214,222,220,225,226,222,226,225,224,222,223,221,223,221,226,223,223,223,228,219,208,141,180,223,203,125,133,127,212,226,222,229,221,224,221,230,231,224,221,224,228,223,214,224,227,225,222,223,223,222,222,222,223,222,221,221,222,219,216,217,217,213,223,146,24,29,73,49,131,228,215,224,217,221,220,109,75,93,85,88,105,98,83,83,79,77,93,77,81,80,83,81,75,86,80,82,85,85,79,74,74,77,73,73,76,88,96,59,102,124,27,23,34,17,84,214,209,210,212,218,216,220,213,216,224,216,217,217,217,218,218,218,218,217,217,217,217,211,212,218,167,208,217,180,168,219,212,216,214,218,212,212,215,218,219,156,39,81,204,208,217,210,204,91,37,172,221,213,215,219,220,210,214,224,219,221,220,213,218,215,220,218,221,211,213,220,218,214,212,207,210,220,223,217,217,222,223,221,225,229,221,235,216,168,189,229,222,167,203,186,165,218,228,231
220,220,209,213,219,218,211,216,216,215,214,216,216,215,215,216,216,214,211,217,218,214,210,226,134,190,220,212,214,219,214,217,217,213,206,224,206,105,118,98,162,241,217,214,210,214,218,222,234,212,199,161,132,127,119,138,176,198,51,6,5,18,13,31,76,106,168,198,219,226,213,213,218,200,222,117,14,98,204,226,222,210,215,225,217,213,220,217,213,216,186,125,172,105,141,169,119,129,105,146,144,91,75,209,129,169,217,207,227,94,133,233,211,210,209,205,207,212,223,220,208,185,132,98,56,29,10,3,19,23,28,19,2,49,90,55,62,113,159,195,221,230,217,213,206,210,209,208,211,212,208,206,209,209,210,208,203,204,209,210,221,213,172,117,67,23,4,5,26,141,169,124,192,223,221,208,211,211,213,218,212,209,210,216,216,217,212,208,217,211,217,215,217,217,219,218,220,216,217,216,218,215,207,229,212,206,216,207,219,218,219,219,219,218,215,214,218,217,215,216,217,218,217,216,219,218,226,224,215,223,224,204,219,203,189,186,102,78,189,174,140,176,116,251,236,166,68,93,110,213,221,215,231,178,142,226,211,182,227,217,221,219,211,75,35,37,19,52,129,181,223,224,221,221,223,227,223,223,218,224,229,226,219,226,231,225,223,223,225,217,233,150,70,226,230,208,61,150,236,220,226,226,224,223,221,222,221,221,222,225,222,228,218,226,222,221,221,226,227,235,210,228,196,201,199,162,229,223,227,218,225,225,223,225,183,223,220,220,221,230,225,220,221,218,223,222,223,224,224,223,223,223,222,222,223,220,217,217,217,213,217,197,73,173,225,159,63,213,225,217,216,220,227,195,123,83,98,93,88,78,79,86,88,99,93,76,82,79,80,90,75,79,79,74,73,77,75,70,71,78,81,71,85,69,77,77,171,211,68,33,43,29,33,159,210,217,217,217,212,218,219,212,222,218,219,218,216,216,217,218,217,216,218,216,217,220,215,222,189,172,216,225,182,203,215,212,214,214,217,216,215,213,215,211,82,33,140,220,218,213,215,152,42,101,219,209,210,217,217,224,228,221,215,223,219,217,219,217,222,217,214,220,219,215,215,215,214,213,221,211,211,218,219,221,223,221,220,226,230,201,158,205,230,226,207,164,148,173,223,223,230,231
217,218,221,217,210,217,218,215,211,211,212,214,215,214,214,215,214,220,214,205,201,221,219,217,212,212,216,214,216,218,211,216,214,214,213,201,216,204,199,147,176,166,210,232,221,223,214,172,128,111,116,139,177,221,231,240,223,172,44,30,68,109,152,198,219,223,225,215,205,210,211,214,211,207,204,224,136,27,40,130,200,220,214,217,213,214,209,213,218,214,212,210,209,222,203,196,187,227,222,187,180,233,168,186,217,140,149,203,214,148,203,213,211,217,226,220,218,198,161,115,66,34,14,15,19,25,27,19,14,17,6,33,69,101,143,193,222,223,226,220,212,211,209,216,212,215,215,211,210,211,214,216,209,211,214,215,214,213,211,207,211,208,216,222,213,170,107,26,99,244,235,191,53,112,172,215,218,212,208,210,206,221,221,210,212,214,212,218,216,212,216,223,216,216,217,215,218,219,218,215,210,223,222,208,214,215,222,223,218,218,218,219,220,220,218,217,218,219,217,215,216,219,219,218,221,218,222,219,215,226,222,195,124,235,93,203,196,87,220,220,100,198,121,135,145,159,117,209,165,187,225,226,218,218,223,227,225,227,222,219,217,225,120,25,39,40,30,96,227,230,221,216,224,228,231,215,227,225,228,225,224,220,234,226,212,215,237,229,222,222,224,82,165,228,227,134,68,233,217,224,228,222,223,225,225,225,222,222,220,223,216,223,221,226,220,225,233,218,225,220,227,220,224,233,230,219,226,221,224,226,228,224,224,136,104,200,169,215,234,203,221,222,224,223,226,222,221,223,224,223,223,225,223,222,223,221,217,218,218,215,220,218,101,178,232,227,77,157,227,224,220,217,218,219,226,170,92,89,84,87,76,84,153,210,192,196,204,197,186,199,189,185,186,180,179,182,179,169,164,165,154,162,151,144,133,178,216,225,143,24,35,35,29,72,209,211,213,215,214,212,224,216,215,218,219,219,217,217,217,217,217,217,220,213,216,223,217,209,222,168,186,176,114,151,222,219,215,214,212,215,219,216,210,217,152,33,70,199,214,207,220,206,79,45,180,227,213,211,206,178,140,179,222,212,224,220,208,177,208,216,218,214,212,217,221,218,213,212,217,216,219,222,219,218,218,217,221,229,193,175,211,231,228,194,171,222,224,216,229,230,203,231
217,216,191,215,219,215,219,215,221,218,216,214,213,212,213,215,217,206,218,203,84,136,193,213,216,208,215,216,215,217,214,218,215,220,200,111,132,165,202,232,194,68,41,95,126,109,105,130,158,204,228,243,219,181,138,97,93,104,142,187,223,196,125,213,214,206,175,216,216,213,212,216,217,221,220,203,217,214,106,2,131,231,203,212,215,219,215,220,217,211,214,219,210,214,217,215,225,219,131,168,198,178,232,169,198,219,212,211,207,219,218,217,224,195,168,139,96,51,19,11,18,28,25,14,21,16,8,30,63,104,149,192,215,224,224,211,209,211,214,214,215,213,211,210,211,214,217,215,212,212,215,217,217,216,214,213,214,214,213,214,207,217,212,208,209,221,222,198,134,146,177,96,1,3,38,71,137,187,218,224,216,214,209,216,218,212,215,221,212,224,220,213,225,219,215,220,222,219,217,218,223,222,215,223,216,223,218,216,219,219,218,219,220,221,221,221,220,222,222,219,218,220,222,221,223,219,220,222,220,220,222,222,104,196,112,163,253,128,161,238,151,187,222,173,196,217,215,229,232,230,223,223,229,216,226,214,224,221,215,215,226,173,37,37,47,19,68,214,220,220,217,225,220,221,224,228,223,223,225,221,226,228,219,233,219,137,118,178,214,234,141,85,227,222,218,62,158,235,218,223,225,220,227,225,225,225,222,224,220,223,217,220,214,227,237,219,179,227,225,226,223,227,227,221,219,222,227,222,221,227,224,230,156,131,123,171,186,169,198,146,220,223,212,224,225,222,221,223,224,223,223,224,221,220,221,220,217,217,218,216,217,234,154,101,215,236,143,76,224,218,216,221,218,224,216,226,206,126,89,76,87,82,82,165,227,224,218,224,218,221,220,218,219,222,226,226,223,220,223,227,225,225,223,223,224,221,211,211,208,62,34,23,28,24,131,223,208,210,221,213,219,222,217,214,219,219,219,218,216,216,217,219,219,218,216,214,215,217,218,209,107,45,31,78,196,208,215,213,210,216,216,216,214,212,208,86,33,150,223,204,222,231,146,31,86,155,136,94,63,47,32,79,212,217,212,181,87,54,120,209,219,217,219,216,210,213,219,216,216,216,213,217,225,222,220,228,224,169,169,215,221,224,182,174,222,218,233,236,213,168,190,228
206,86,129,236,208,214,221,215,214,213,213,214,214,213,214,216,215,216,227,184,127,143,103,223,212,213,213,211,214,215,212,215,213,210,225,210,218,191,176,179,141,104,53,110,160,204,229,243,227,185,148,120,84,106,140,164,203,224,227,215,224,136,118,148,148,179,206,215,219,218,212,215,216,211,217,225,212,218,212,41,26,191,231,210,212,213,217,213,218,219,218,211,216,209,207,227,201,105,136,87,159,133,158,145,216,211,206,212,219,205,188,156,100,113,130,58,17,17,21,30,19,14,17,35,49,95,142,186,217,216,223,202,203,214,210,214,214,215,213,210,215,214,218,218,216,214,215,215,213,215,217,216,213,216,217,218,216,209,209,216,222,217,201,224,151,201,215,214,222,182,164,136,77,27,10,2,5,37,86,145,193,221,222,218,206,211,217,215,217,218,214,221,212,218,222,224,218,218,217,219,220,215,218,215,220,219,229,218,221,221,220,220,220,221,221,222,220,223,223,221,219,221,222,222,219,222,222,222,222,220,223,231,185,100,102,195,220,204,203,222,230,223,218,231,227,225,221,221,224,214,224,215,223,223,219,228,224,208,217,223,211,67,34,32,34,27,177,219,216,220,220,222,224,228,220,222,228,227,224,227,228,221,234,214,155,117,102,138,207,213,69,186,226,228,130,81,227,215,225,224,226,222,226,227,222,222,220,225,222,223,225,218,241,199,167,224,139,216,230,228,230,221,230,222,226,228,218,229,229,222,231,219,219,234,206,172,223,122,131,215,230,217,223,221,222,221,222,224,225,224,223,222,221,221,222,222,218,219,220,219,217,221,213,80,197,230,197,59,182,230,217,212,219,216,216,220,221,230,168,104,86,91,97,80,123,197,222,219,220,213,212,222,217,219,218,215,212,212,212,211,212,212,211,220,205,217,210,210,224,139,79,125,53,27,41,197,227,207,215,216,214,220,220,215,217,219,220,218,216,215,218,220,216,221,220,214,219,217,208,226,165,54,61,63,133,221,213,213,214,219,213,210,214,213,224,164,36,62,197,203,170,148,81,31,28,21,29,51,73,114,158,181,210,220,218,191,84,51,56,85,191,213,216,214,221,215,208,220,214,211,219,221,212,218,223,211,164,170,219,227,219,164,122,182,232,227,228,206,155,196,233,224
127,119,124,152,184,211,218,218,217,217,218,218,216,213,212,212,213,222,194,167,145,128,190,222,205,211,211,214,215,211,211,212,227,216,204,188,154,126,101,107,143,185,234,240,220,183,152,110,81,91,124,162,187,225,224,229,217,208,213,215,195,203,213,218,196,205,224,207,222,220,211,219,216,217,219,212,217,214,218,158,26,37,170,222,219,216,213,209,213,198,212,223,229,223,209,212,153,130,161,140,127,130,88,208,212,221,198,169,121,67,41,4,83,220,215,224,61,6,10,22,46,79,121,177,204,218,225,209,165,210,215,214,208,214,196,187,223,215,220,218,219,213,214,215,221,217,218,218,216,217,219,216,213,219,214,208,215,222,216,209,196,209,163,155,89,179,192,204,210,224,229,223,216,183,129,68,34,10,6,18,40,87,156,200,226,223,217,214,213,210,218,219,220,224,219,217,214,223,220,217,220,221,219,225,221,220,216,223,220,221,222,221,220,220,221,222,221,221,221,221,221,221,221,221,219,224,224,220,221,224,222,218,221,219,216,227,226,224,224,222,218,226,230,215,223,217,223,220,221,222,225,226,219,219,225,214,217,223,218,222,111,20,33,55,35,127,241,221,215,220,223,220,220,223,228,223,223,219,230,218,223,221,226,209,132,79,145,209,246,143,93,232,217,210,59,170,233,221,222,225,227,226,223,227,226,226,222,226,222,216,223,202,113,172,155,142,80,177,206,225,224,230,220,223,227,224,228,220,226,223,221,229,226,221,230,223,225,200,229,195,211,225,224,224,221,223,224,223,223,224,224,223,223,222,224,223,220,220,222,222,218,213,232,123,125,222,228,118,110,227,211,227,210,223,219,213,218,217,218,207,133,72,84,91,75,93,161,221,225,215,221,210,218,217,215,216,219,221,218,212,213,217,220,211,220,214,214,213,210,209,122,210,209,161,82,107,216,216,209,215,216,216,219,219,217,218,219,218,217,216,218,220,217,217,220,220,222,210,212,212,224,115,39,37,50,194,205,212,209,214,216,216,216,215,217,209,80,37,62,59,29,26,38,73,97,130,171,194,210,217,222,220,218,210,215,217,217,116,38,47,73,165,220,213,211,216,214,214,222,215,215,215,217,225,202,154,186,224,213,216,143,106,173,217,221,227,189,166,211,233,220,229
192,222,209,171,218,219,221,213,215,214,213,214,214,216,219,223,225,218,81,152,225,209,222,212,213,210,207,213,215,220,225,210,154,141,135,51,131,184,229,235,231,189,140,97,74,82,88,16,36,200,232,224,223,218,213,215,217,218,219,205,104,136,162,134,181,229,211,219,213,218,220,218,220,220,215,212,217,218,212,219,203,88,10,85,185,229,215,212,217,93,52,102,135,189,227,225,214,229,229,233,219,217,205,169,119,87,51,12,4,17,19,13,112,222,215,181,57,66,118,159,199,212,220,217,211,209,213,127,113,151,161,211,226,186,72,144,230,206,215,218,222,218,215,217,218,216,219,220,215,216,220,219,219,215,212,216,219,212,212,225,114,112,169,186,119,166,220,211,216,213,208,215,213,220,220,213,174,121,61,22,14,5,20,43,102,173,209,228,224,213,215,214,218,216,214,224,219,218,215,222,223,216,224,212,217,220,225,216,218,220,222,222,221,220,221,223,222,221,221,222,224,224,223,222,227,222,222,224,220,220,222,221,220,229,221,219,224,219,227,223,226,219,221,225,223,225,224,223,223,224,221,222,221,224,222,222,217,208,229,157,38,50,42,30,84,219,152,203,239,228,220,225,226,227,219,224,228,226,225,218,225,224,226,141,222,238,162,196,214,73,171,227,236,124,89,233,221,226,225,222,223,227,225,222,223,224,220,225,221,213,225,196,97,110,116,194,130,165,201,220,225,226,225,230,224,224,225,225,225,227,228,217,222,230,216,227,222,229,219,221,226,226,225,220,222,224,224,221,220,223,225,225,223,222,223,223,219,219,221,222,211,220,223,199,90,209,231,174,71,210,229,214,217,217,217,223,218,219,216,218,223,166,91,86,83,76,82,120,196,225,216,217,220,220,219,218,217,216,215,215,216,216,213,215,210,216,217,213,211,231,145,128,228,214,229,118,166,228,218,211,217,215,217,219,216,217,217,217,217,218,218,219,221,217,216,220,217,220,211,211,212,193,71,40,34,105,221,208,213,207,215,216,212,211,214,222,164,46,53,83,116,151,181,204,216,223,216,213,210,213,208,210,214,210,219,216,211,225,146,54,37,52,133,213,221,211,218,216,211,218,211,218,224,181,159,198,224,226,197,113,104,188,221,223,226,169,168,219,231,231,222,231
116,86,200,231,218,215,217,222,211,220,216,215,219,219,212,171,168,206,174,144,200,212,207,205,212,218,224,213,188,147,108,52,139,215,216,131,164,210,149,103,66,74,97,140,189,217,213,198,58,66,209,212,216,216,217,216,214,224,217,217,172,182,215,121,197,215,221,217,220,220,218,220,218,218,217,216,216,218,217,215,216,222,133,19,30,117,199,226,208,72,90,145,98,35,127,159,176,193,178,145,134,115,103,120,131,27,12,24,20,27,15,11,29,114,149,146,183,222,220,221,217,209,212,207,221,208,207,197,161,153,98,208,190,182,201,146,158,199,211,220,222,215,221,215,218,223,218,217,216,221,217,217,215,220,221,214,221,209,216,224,141,75,105,168,225,220,215,212,216,217,222,213,211,214,216,211,221,222,208,153,81,36,19,13,16,31,67,119,183,218,230,220,218,219,217,220,216,223,216,223,217,217,219,220,220,220,221,223,220,219,219,220,221,221,221,223,224,223,222,222,222,223,223,222,222,221,222,223,223,221,221,221,219,226,218,226,226,218,228,223,226,225,220,219,230,222,223,226,221,223,225,228,218,221,222,220,216,226,196,54,30,40,35,57,200,237,150,58,128,197,227,223,226,224,222,227,226,224,226,222,220,224,223,168,86,193,236,238,126,90,230,224,206,54,177,228,223,223,224,226,224,227,218,226,225,238,228,218,221,219,223,228,107,109,140,161,230,223,228,222,223,220,229,224,225,226,226,225,227,224,223,224,225,224,223,223,223,222,222,224,225,226,225,223,224,223,223,223,223,222,222,223,223,223,221,221,222,221,221,224,218,217,220,227,103,151,231,220,87,158,231,213,225,215,219,220,217,216,221,218,217,231,195,118,73,90,76,88,103,157,220,223,214,220,218,218,216,221,214,217,217,218,215,214,216,217,215,214,212,217,220,105,188,219,217,196,112,212,219,217,213,215,219,217,218,219,218,217,218,218,217,219,217,219,221,220,218,215,214,213,210,216,129,46,49,51,172,216,208,212,213,214,214,214,215,216,211,174,191,213,221,225,210,213,217,211,215,210,211,215,208,214,220,227,212,220,216,215,225,171,71,36,41,103,199,220,215,209,210,216,214,218,176,161,205,223,213,174,122,127,197,220,224,226,222,202,219,225,224,230,223,229
124,104,212,216,213,218,224,214,218,218,218,216,211,226,182,127,95,119,161,205,210,216,222,220,203,162,109,62,40,20,9,18,187,226,222,106,19,79,104,137,180,205,228,229,215,208,213,221,193,25,134,228,212,213,218,216,224,215,219,219,231,226,198,207,214,223,220,212,215,217,217,221,217,218,217,216,217,218,218,216,217,208,225,201,122,26,38,171,184,110,167,198,193,63,86,95,49,24,4,58,140,180,206,237,230,80,7,7,16,42,77,122,172,207,204,226,221,208,216,208,214,209,210,223,157,132,213,223,220,155,207,153,118,172,173,210,184,217,220,213,219,216,215,224,225,214,213,219,217,220,219,212,219,199,178,220,219,222,220,219,178,163,226,220,208,211,209,222,218,210,220,215,219,217,215,215,210,215,208,228,218,189,148,78,30,16,15,18,37,78,142,202,224,214,228,227,218,218,221,219,219,220,221,220,220,220,220,221,221,220,220,221,222,221,222,223,224,224,223,223,223,224,224,223,224,223,223,223,223,222,221,222,227,223,218,223,225,220,224,226,226,223,218,224,219,226,226,222,223,225,217,222,225,223,225,218,219,222,95,36,47,38,29,153,222,86,77,113,123,188,224,221,221,222,222,224,224,222,223,224,226,216,147,148,150,145,203,223,67,184,234,234,117,91,240,222,220,225,222,224,224,224,233,227,207,143,203,245,223,225,221,227,135,199,242,230,221,218,225,229,226,231,223,226,227,223,223,227,227,225,224,225,226,225,224,224,224,223,223,224,225,226,225,224,225,223,223,223,223,222,222,223,223,223,221,221,223,221,220,223,221,220,216,230,176,101,222,233,155,89,225,227,217,213,230,221,221,217,220,220,213,217,225,223,162,85,75,93,85,69,119,202,224,221,219,226,215,216,220,219,218,219,216,213,215,216,215,216,216,212,226,174,118,230,209,224,149,146,225,214,217,215,220,215,218,219,217,216,218,218,217,218,215,215,216,216,216,215,214,214,213,209,194,76,43,39,95,211,207,216,207,220,213,219,217,212,214,221,215,212,218,211,205,215,214,212,216,217,210,214,215,216,185,158,192,217,221,211,205,222,204,106,38,29,70,172,212,224,213,217,213,164,178,216,227,205,166,175,190,216,220,230,191,192,220,223,227,224,225,227,225,225
198,211,218,217,220,221,216,217,213,216,220,220,219,211,206,194,195,185,124,229,208,177,120,88,46,16,7,11,21,17,0,20,62,142,136,145,179,207,225,229,219,218,215,212,213,217,217,216,226,93,72,222,216,218,221,216,218,226,216,221,211,218,224,216,218,223,219,215,218,219,217,219,217,218,217,217,217,218,218,216,219,214,212,217,222,207,108,25,82,190,176,164,95,118,158,142,40,61,133,123,122,163,134,66,44,23,49,97,147,197,219,226,221,209,218,215,212,215,215,212,213,218,213,221,134,87,133,195,199,225,232,174,125,166,112,176,232,217,216,219,220,221,215,214,212,224,219,223,222,217,216,210,227,139,165,168,196,216,214,222,221,229,219,206,223,221,215,213,222,219,217,219,220,216,224,217,221,218,222,210,208,226,228,226,190,123,55,28,12,16,24,43,98,156,144,201,222,217,221,218,220,222,222,221,220,221,221,220,222,221,221,222,223,222,223,224,225,224,224,224,224,225,225,224,225,224,224,224,224,223,223,224,222,220,226,227,226,225,222,227,224,225,234,227,226,222,227,219,221,226,224,228,223,224,221,215,222,138,23,46,34,34,108,240,209,179,125,115,207,232,219,231,222,222,224,223,225,223,220,225,219,207,227,254,217,195,245,135,115,233,223,193,62,195,219,228,226,229,220,223,223,229,207,229,198,90,104,129,210,216,227,223,211,222,222,226,224,229,222,223,223,223,222,225,226,223,225,229,227,226,226,226,227,226,226,226,226,225,224,224,225,225,225,224,225,223,223,224,223,222,222,223,224,223,221,221,224,222,220,221,221,217,215,219,222,89,186,225,213,81,187,224,224,226,217,215,213,214,215,220,223,216,214,221,229,193,121,68,96,97,80,102,160,222,218,215,226,219,216,221,217,219,217,213,214,215,215,217,217,216,219,224,116,176,229,218,209,108,196,216,217,220,217,217,218,219,217,216,218,217,216,218,216,215,215,215,216,216,217,217,211,208,222,139,44,43,41,160,219,206,216,211,209,216,217,220,211,218,216,215,214,211,213,212,217,220,211,215,216,217,214,221,134,42,87,209,211,208,224,214,209,221,134,36,37,51,125,173,93,138,126,47,168,223,196,132,163,227,230,223,224,182,147,206,226,214,231,221,216,231,224,224
217,225,217,222,225,206,219,215,221,222,212,214,211,230,228,232,214,88,93,104,48,16,19,9,16,13,18,12,12,45,78,126,175,194,222,220,218,214,209,216,215,215,214,213,214,215,214,211,223,141,34,207,215,214,215,219,215,185,211,225,218,217,217,221,214,218,218,218,221,220,216,217,217,217,217,216,216,216,216,214,212,219,213,222,213,216,226,103,1,141,195,189,92,160,37,28,156,166,242,198,78,103,61,64,121,163,206,221,219,216,213,206,212,220,215,219,212,223,217,209,214,219,210,140,227,183,106,141,214,215,214,223,225,187,171,213,223,213,223,224,212,218,224,215,215,219,213,223,212,212,236,152,169,137,186,83,89,214,223,215,214,210,214,219,218,218,221,218,216,216,220,217,221,221,210,223,224,206,215,220,210,171,167,210,219,217,215,171,96,32,20,17,165,221,185,133,219,228,215,221,219,222,222,220,221,223,224,222,223,222,222,223,223,222,223,224,225,224,224,224,225,225,225,225,225,224,224,225,225,224,224,224,221,223,226,221,220,224,224,225,220,226,226,220,222,223,221,226,224,223,222,224,223,224,213,223,183,50,41,32,24,66,217,155,119,113,179,204,197,227,221,221,226,222,223,224,227,225,219,226,222,135,128,164,80,158,222,71,190,226,241,106,115,244,222,220,218,223,236,230,219,135,131,216,235,107,91,131,143,220,230,224,229,225,225,223,224,224,227,227,228,218,232,226,225,225,227,224,226,226,226,227,226,226,226,227,227,225,224,223,224,224,224,224,225,224,223,224,224,222,223,224,223,222,220,221,224,223,220,221,223,220,221,215,229,139,124,232,227,123,124,232,216,218,218,221,221,225,220,216,219,219,217,220,219,226,223,172,93,82,91,83,72,122,196,228,221,215,211,217,216,219,218,215,215,215,216,218,217,224,212,224,186,108,230,210,231,157,134,224,214,220,214,220,218,219,218,216,218,217,216,218,219,217,216,216,217,217,217,216,211,218,211,204,87,49,50,82,207,209,218,211,213,213,214,217,215,210,215,221,227,221,212,223,209,212,212,220,216,215,211,222,212,71,34,153,216,217,218,213,218,209,213,169,71,29,49,35,23,32,28,30,50,118,115,121,187,222,217,219,164,163,217,227,217,229,215,221,230,220,223,228
222,216,215,213,217,218,214,219,215,219,219,225,222,171,152,110,43,14,13,5,8,23,20,8,11,20,59,120,160,200,220,225,231,222,208,213,215,213,213,219,213,214,215,216,218,218,217,214,226,192,25,116,230,217,217,218,233,165,127,219,216,224,214,216,219,219,218,217,217,216,216,218,215,217,217,216,216,217,216,215,222,216,217,220,221,207,231,130,36,48,75,104,30,31,100,148,199,168,86,69,92,142,204,221,229,222,207,210,218,212,214,218,212,212,215,216,219,215,212,215,230,178,130,94,111,227,218,223,227,217,219,218,215,222,225,222,218,216,212,218,222,218,217,215,217,217,226,208,226,189,80,116,74,152,133,140,200,221,221,215,226,215,213,216,216,222,221,222,223,222,227,216,213,222,231,220,213,215,224,219,183,77,147,215,220,214,213,227,235,206,142,48,171,238,225,128,214,223,218,218,219,221,221,220,221,224,224,223,224,222,222,223,223,222,223,224,225,224,224,224,225,226,225,225,226,225,226,227,226,224,222,223,219,222,220,223,225,226,227,223,226,225,225,224,227,229,220,223,224,223,221,219,223,215,222,215,75,40,45,35,33,185,237,82,220,207,91,221,233,221,225,221,227,222,221,224,225,224,224,231,191,232,230,165,146,243,123,103,235,235,181,67,195,226,227,233,237,222,167,205,228,103,223,232,215,138,165,249,231,221,221,227,222,221,227,223,227,225,227,216,222,223,227,224,224,225,226,223,225,226,226,226,226,226,226,227,227,225,224,223,223,224,224,224,225,224,224,224,224,223,223,224,222,222,220,221,224,223,220,221,221,222,220,220,230,193,78,209,240,196,78,209,226,216,221,220,213,212,215,219,219,217,216,217,216,215,221,226,198,126,66,97,90,79,81,144,210,221,221,216,215,219,220,217,217,216,216,218,220,223,218,215,224,129,164,230,213,221,117,194,222,213,219,218,218,219,218,217,218,217,216,218,217,216,216,216,216,216,214,213,213,218,210,221,158,49,52,36,147,228,205,209,211,214,217,213,217,215,223,181,128,164,218,212,220,211,214,217,211,220,216,211,228,141,27,79,215,220,207,218,219,210,213,219,189,91,35,41,36,37,71,49,33,27,41,159,228,210,206,147,176,224,221,216,220,221,222,224,219,219,227,220
211,230,216,213,211,227,218,229,227,201,168,124,87,142,160,99,19,21,13,11,12,16,45,99,132,183,206,219,221,212,211,214,159,181,222,217,217,217,215,215,218,218,217,215,214,214,215,217,206,223,89,36,213,217,217,207,161,139,118,141,204,219,216,221,218,219,219,217,216,216,217,218,214,216,218,217,217,218,218,218,214,223,216,217,211,229,189,114,178,187,29,2,101,146,195,153,92,44,84,192,231,223,214,218,207,217,212,214,217,213,214,212,223,223,211,214,220,218,220,215,176,134,98,196,157,209,219,218,215,221,214,218,220,215,220,216,218,222,219,220,218,213,219,220,220,211,225,195,141,229,145,134,195,176,224,223,225,219,218,225,221,216,221,225,219,218,219,218,217,221,226,219,229,201,145,137,211,151,202,232,235,106,139,208,215,221,221,199,110,96,236,123,31,111,60,135,230,223,216,226,221,221,221,222,222,223,223,223,224,223,223,223,223,222,223,224,225,224,224,225,225,225,225,224,227,226,226,227,226,223,222,222,220,222,221,225,222,215,220,222,227,226,228,228,227,231,221,228,224,225,226,221,219,220,229,130,41,40,43,29,148,230,180,161,110,112,123,225,220,225,221,226,224,225,223,225,223,223,229,226,150,115,165,159,236,213,70,196,231,225,98,129,241,223,220,196,123,191,177,107,233,174,124,131,142,227,221,223,226,226,228,224,229,222,222,227,227,226,228,230,217,235,218,224,228,225,225,228,224,225,225,224,225,226,226,225,226,225,224,223,223,224,224,224,226,224,224,224,224,223,223,224,222,222,220,221,223,222,220,222,221,221,218,220,224,230,106,110,165,137,36,163,236,210,218,211,221,214,215,217,216,220,222,216,220,221,220,213,223,220,176,97,83,83,85,152,224,218,212,220,215,220,220,219,219,218,216,218,220,215,220,219,222,198,104,212,217,225,180,128,222,214,220,215,218,219,217,216,218,217,216,218,215,215,216,217,217,216,215,214,216,210,215,209,209,94,36,40,60,197,214,198,211,217,214,217,214,212,221,160,33,64,200,211,200,214,217,212,215,215,214,216,217,204,64,34,139,219,218,214,213,214,212,206,218,216,120,33,37,115,216,163,37,35,47,66,160,213,165,187,225,218,213,220,224,216,216,181,192,229,214,222
215,217,220,230,229,201,182,137,98,92,120,70,115,249,234,214,25,7,33,87,123,171,210,215,218,208,206,209,208,219,195,109,74,101,197,213,218,217,216,218,218,214,212,217,224,225,218,211,215,213,195,36,95,220,222,202,191,209,232,216,218,221,216,215,215,217,219,218,217,218,219,216,215,217,219,218,217,218,218,217,223,210,217,217,223,207,112,230,151,63,36,95,242,186,152,43,23,111,233,219,211,210,213,210,215,220,217,217,215,212,217,218,212,216,215,220,216,218,175,213,205,153,92,201,233,218,210,220,223,216,214,227,217,216,214,221,218,219,220,212,214,229,226,214,200,222,133,220,164,143,236,164,217,227,218,212,219,217,219,220,218,219,224,211,219,223,212,227,226,201,165,153,179,209,122,163,245,182,137,194,188,201,120,157,226,211,230,196,63,137,232,87,14,18,26,195,225,211,223,217,223,221,220,223,224,222,222,223,225,224,223,224,224,223,223,224,225,225,225,225,226,226,225,224,226,224,224,225,225,224,225,226,221,221,224,222,226,233,234,236,222,223,225,188,230,211,208,221,191,228,219,221,223,227,168,44,42,41,27,88,243,105,54,231,212,187,225,227,222,222,225,227,222,229,224,226,223,225,226,193,112,58,154,196,230,111,110,238,227,177,65,213,222,213,177,98,75,218,238,145,122,236,204,173,224,226,222,222,224,226,221,228,223,227,226,224,220,224,225,225,226,223,230,228,231,225,225,226,224,225,224,223,224,226,225,223,225,225,225,224,224,224,225,225,226,224,224,225,224,223,223,224,223,223,221,221,222,220,219,222,226,221,222,221,219,240,177,78,191,199,113,79,186,224,229,218,210,217,221,217,214,218,219,215,219,219,215,219,217,215,230,201,126,92,185,236,224,222,216,219,217,221,220,219,219,219,218,219,218,212,219,224,218,227,138,145,226,209,230,129,178,220,217,217,217,218,216,215,217,217,216,217,215,216,217,218,217,217,216,216,220,214,216,210,220,176,60,52,23,121,220,208,220,220,209,214,218,214,216,205,100,29,123,223,206,214,210,214,213,194,215,217,211,223,149,45,63,206,210,214,209,215,221,211,211,205,229,156,140,219,217,180,139,106,34,46,43,133,210,224,211,215,214,211,224,219,156,75,77,172,236,217
226,216,185,153,111,86,95,139,184,219,251,178,89,179,174,104,92,157,200,213,224,214,211,205,202,210,209,217,208,133,78,67,79,60,143,224,217,214,214,219,217,217,217,216,216,216,217,218,216,212,227,137,108,221,160,202,219,226,209,216,217,219,216,220,219,218,218,215,213,217,218,214,217,219,220,218,216,216,215,214,217,220,211,219,216,152,106,91,69,161,97,152,224,103,1,19,181,175,216,226,216,209,219,214,214,213,213,217,218,216,217,215,220,219,221,211,232,123,114,190,235,225,217,211,217,219,223,217,215,223,223,215,219,223,218,218,221,216,221,223,225,202,186,228,146,113,112,128,230,187,213,231,218,217,217,226,220,218,224,220,218,219,216,229,218,219,242,177,183,174,117,143,102,234,224,129,210,223,152,139,205,225,233,225,166,233,210,127,200,227,211,59,26,32,69,203,216,222,222,221,224,220,220,224,225,222,222,225,225,224,224,224,224,223,223,224,226,225,225,226,226,226,225,224,224,222,222,223,224,226,229,231,228,225,228,211,212,217,178,148,174,219,147,166,163,194,98,137,121,234,221,222,221,197,70,47,47,50,49,210,179,103,150,99,172,235,219,225,226,223,230,222,221,230,221,225,225,227,216,155,146,175,158,235,192,50,211,229,230,98,128,231,234,133,154,249,165,126,230,227,170,215,230,237,224,226,226,221,230,226,228,222,222,225,228,225,227,222,227,232,215,174,233,220,226,224,228,224,225,224,223,223,224,226,225,222,225,225,225,225,225,225,225,226,226,225,224,225,224,223,223,224,224,224,222,221,221,219,218,222,221,217,219,221,216,218,212,149,224,245,209,42,39,82,131,182,222,222,216,214,219,220,217,220,216,220,220,220,221,223,213,226,217,212,221,218,220,220,224,217,218,221,220,218,219,219,219,220,217,216,222,225,219,219,212,98,207,217,220,199,117,219,213,223,216,217,216,215,217,216,215,217,216,217,218,218,216,215,215,216,214,218,213,214,207,222,105,41,58,78,191,221,213,217,217,215,218,213,214,229,160,40,62,184,212,204,215,202,112,70,178,215,212,210,210,90,25,139,220,211,213,218,209,216,214,209,213,214,226,201,209,202,215,218,134,52,38,40,93,198,223,210,215,216,206,130,61,57,51,58,139,215
119,91,97,124,163,212,237,238,206,162,117,80,80,138,135,180,226,218,209,210,209,205,207,211,211,220,211,156,84,70,73,67,102,158,219,211,216,218,215,218,212,218,221,217,216,218,218,215,217,213,218,217,231,186,103,141,160,168,162,223,222,215,218,217,217,221,218,216,211,217,213,215,217,213,215,222,216,221,221,214,220,209,219,224,108,91,66,117,229,156,176,112,45,95,71,1,48,74,100,151,189,222,221,214,213,218,217,217,216,218,221,216,215,219,223,196,191,209,90,135,167,190,216,223,217,217,221,220,220,222,218,217,225,215,220,219,219,219,215,227,229,100,98,171,232,116,190,207,212,231,220,219,220,217,222,218,220,223,219,221,229,229,212,183,210,127,170,128,187,234,105,142,154,163,226,192,213,220,169,141,175,186,151,135,169,227,144,185,225,218,196,63,43,22,87,220,220,223,221,220,223,224,224,223,222,222,222,223,224,225,225,224,224,226,226,224,224,226,225,223,223,225,225,222,227,225,229,225,226,226,224,156,153,229,190,113,181,226,207,132,206,206,147,255,156,199,149,173,118,214,224,219,221,85,38,48,46,43,171,250,211,221,253,211,190,219,231,223,222,227,225,220,226,222,231,221,224,223,94,138,147,139,236,206,125,93,168,211,168,47,223,108,198,236,112,207,234,141,190,235,231,226,227,225,226,223,230,224,225,226,221,226,225,226,226,227,236,232,203,205,225,143,220,230,226,222,228,226,226,225,224,223,224,224,224,223,222,224,226,226,224,222,224,227,224,225,225,224,223,224,225,224,225,221,222,228,218,219,222,215,222,223,218,226,221,216,227,184,110,136,90,38,38,25,26,46,93,159,206,229,225,218,214,217,222,213,225,226,216,218,220,223,220,221,220,218,219,222,221,218,219,219,219,219,219,220,219,219,222,221,221,221,213,218,226,162,134,227,213,225,126,158,225,213,214,220,212,219,216,213,216,216,214,215,217,217,215,212,213,216,217,217,215,216,211,225,166,129,204,207,156,211,218,214,218,217,219,209,214,212,211,97,30,115,219,205,208,215,128,17,97,216,207,207,216,173,50,60,195,216,215,217,219,214,212,218,211,222,187,145,198,215,214,202,171,172,75,28,31,78,169,220,224,182,96,58,45,45,65,54,54,100
152,193,235,247,222,182,138,97,89,122,153,193,229,229,241,225,207,218,212,208,212,210,212,215,217,167,96,65,77,80,84,146,202,232,213,219,211,218,219,216,215,218,219,217,216,217,218,217,217,214,212,217,211,192,174,130,122,132,223,217,213,220,213,222,221,220,210,221,217,215,216,215,210,218,213,213,219,214,209,216,216,239,190,42,25,109,192,246,146,99,99,71,171,229,127,129,123,63,45,28,25,61,172,219,217,218,212,217,217,214,219,212,223,216,216,225,120,149,221,142,155,208,230,215,214,222,220,217,216,214,221,226,212,217,228,214,215,221,230,145,202,185,152,96,168,228,200,231,221,220,223,221,221,221,220,220,222,225,220,207,151,203,198,49,188,221,146,90,217,225,189,214,236,212,214,242,177,223,87,98,82,191,209,120,163,233,216,226,215,224,194,37,34,24,117,228,217,219,221,224,223,224,224,224,223,222,223,223,223,224,224,223,223,225,225,224,227,218,229,229,222,230,221,223,205,231,175,226,191,202,190,151,212,183,212,178,165,172,242,178,155,238,166,161,133,221,186,216,224,215,220,230,118,30,43,42,30,127,233,161,209,242,135,173,231,226,220,223,228,224,221,228,225,223,225,227,219,242,126,156,221,73,115,172,204,185,187,160,42,153,239,190,104,195,104,172,233,228,222,224,221,227,228,226,220,231,228,222,229,230,221,230,225,224,223,229,179,195,232,173,157,92,206,204,224,225,229,224,225,224,224,224,225,224,224,223,223,224,225,226,224,222,223,226,223,224,225,224,224,225,225,224,221,225,230,210,201,224,221,224,222,226,222,217,221,218,225,217,185,128,57,25,30,40,56,48,41,25,63,117,175,207,231,225,223,224,212,216,222,218,220,219,226,220,218,221,220,216,218,225,221,220,220,219,219,219,219,220,218,219,217,220,221,214,218,217,110,201,220,224,198,102,216,212,212,218,213,213,214,215,215,217,214,217,218,216,215,216,216,215,216,216,215,213,215,220,214,164,212,223,187,167,224,219,220,207,213,216,215,209,217,170,47,58,182,210,209,204,194,70,38,181,222,213,213,189,71,44,124,220,209,219,219,224,219,211,227,160,139,203,221,216,188,138,175,224,198,114,39,28,54,127,157,67,41,39,49,133,188,121,58,45
227,200,158,112,93,97,126,182,213,230,226,216,225,199,163,200,212,211,208,216,209,214,225,193,112,68,75,75,67,131,193,224,220,212,211,217,217,218,215,213,219,218,217,216,216,217,218,219,217,222,212,214,139,180,238,229,207,225,219,218,218,219,219,216,212,215,224,214,212,217,218,216,222,211,212,212,211,221,213,228,207,123,23,85,178,230,232,124,14,53,147,219,238,154,92,161,182,226,218,191,138,57,1,88,205,221,223,227,223,215,221,218,213,218,156,134,126,139,178,236,229,226,223,222,221,218,216,217,226,216,218,217,225,220,219,224,229,157,179,213,124,224,166,143,214,220,222,225,220,219,224,219,222,219,221,223,223,210,220,218,155,125,84,142,124,223,239,180,212,226,225,160,200,233,129,148,79,179,196,101,180,113,230,219,183,225,222,220,218,226,156,42,41,32,154,231,217,222,221,218,224,224,224,224,224,223,223,224,224,224,224,223,223,224,225,224,229,222,224,211,200,201,166,230,146,223,142,116,154,151,209,161,185,88,215,177,178,128,227,220,194,229,231,190,194,222,232,222,229,214,230,165,87,148,78,34,68,220,221,167,135,105,75,209,234,228,222,223,225,222,221,227,226,216,227,229,221,172,157,101,131,123,136,213,75,31,71,178,138,198,230,229,198,132,168,224,216,230,218,228,222,225,233,221,229,225,229,223,223,218,231,228,229,221,221,231,128,156,155,225,211,130,190,215,226,226,222,226,224,224,224,225,225,225,224,223,226,225,226,226,225,224,224,225,223,224,224,224,225,226,225,223,224,233,182,105,131,220,215,223,220,220,225,216,222,221,220,232,220,188,224,179,90,47,30,46,50,35,48,44,37,78,134,186,218,231,225,222,220,216,223,225,222,224,222,218,220,226,223,214,221,221,221,220,218,218,219,220,220,222,219,214,218,219,212,232,165,117,230,211,219,148,141,230,214,215,219,212,214,217,213,217,214,218,218,216,216,219,219,215,212,216,220,216,220,210,223,184,178,221,218,168,201,215,209,221,214,218,214,213,214,218,92,19,107,215,211,218,228,135,29,84,145,118,92,54,30,42,46,189,219,210,205,197,205,216,161,146,210,221,213,167,130,197,218,217,208,217,152,48,39,42,37,47,55,71,162,220,224,220,149,67
96,94,128,164,192,226,235,220,215,222,220,227,157,142,151,128,230,220,216,212,223,204,135,92,76,74,79,107,171,227,221,214,208,219,218,224,222,226,222,220,220,217,215,216,217,216,216,218,212,217,224,205,103,194,206,128,206,202,218,221,213,211,219,219,221,221,221,224,213,223,209,216,212,214,221,224,215,205,200,123,39,53,168,226,231,195,62,24,125,222,241,235,119,132,198,169,103,200,218,223,228,217,144,58,24,92,128,147,197,229,223,214,223,219,217,156,134,227,221,218,224,213,213,218,215,215,219,220,217,221,223,231,221,211,179,218,220,216,131,158,118,202,232,232,225,225,220,215,228,219,216,220,218,223,220,222,222,222,225,228,163,163,153,206,221,215,219,223,195,221,161,145,154,203,191,102,183,138,224,159,158,207,229,218,231,224,220,219,213,230,128,31,36,31,175,222,214,223,224,219,224,224,224,225,224,224,224,224,225,225,224,224,224,225,225,226,221,229,226,221,111,67,174,247,157,186,198,155,177,94,217,181,151,169,228,207,178,215,226,195,188,240,167,138,188,133,222,225,214,230,202,95,228,237,215,60,187,244,133,168,225,188,198,237,217,226,229,225,222,224,224,222,226,229,222,229,105,125,162,128,229,215,176,170,15,39,2,86,194,171,233,222,237,242,235,222,223,227,225,229,231,220,219,229,223,228,227,227,225,236,218,225,225,224,227,239,163,148,134,134,212,243,220,227,220,219,227,227,225,224,224,225,225,225,225,224,226,225,224,225,225,224,224,225,224,224,223,223,225,226,225,222,227,178,103,95,82,189,235,218,224,213,224,219,221,223,220,223,214,183,116,149,175,206,154,84,43,34,35,38,45,46,28,77,113,136,193,227,228,225,219,218,218,217,220,223,223,220,220,222,221,222,221,219,217,216,218,220,223,221,222,218,213,223,214,213,221,118,174,228,224,218,107,199,219,211,219,216,215,218,215,218,216,218,219,217,217,219,218,216,216,216,219,216,220,215,213,218,162,203,219,196,174,220,220,219,217,214,216,218,208,217,160,33,37,166,190,159,127,62,34,34,14,28,47,64,103,139,156,207,200,153,155,158,193,216,198,213,220,205,141,147,209,221,215,214,213,213,217,182,71,44,49,42,86,190,222,216,208,223,225,181
189,216,227,231,224,207,210,219,224,185,155,208,177,105,111,109,192,209,220,221,167,86,65,82,61,102,169,226,229,224,223,221,226,219,207,190,188,167,184,216,218,215,215,217,217,215,215,216,217,214,205,216,188,139,121,166,216,79,106,231,220,216,223,213,177,182,213,220,223,218,217,214,224,206,191,169,170,169,42,30,135,225,238,205,124,32,92,203,232,174,126,177,87,106,178,165,183,223,219,208,217,214,230,207,121,66,49,45,39,78,158,229,218,223,220,226,204,213,220,220,214,229,225,216,220,220,215,219,226,223,224,186,143,206,183,138,242,183,203,163,194,226,218,217,221,214,229,225,217,228,219,224,225,223,217,222,216,218,216,231,219,200,240,190,147,213,186,175,178,178,199,136,115,99,228,183,231,217,220,235,233,227,228,217,221,220,219,223,216,223,90,23,29,47,201,223,215,217,223,226,224,224,224,225,225,225,224,224,225,225,224,224,224,225,225,226,223,226,217,243,149,151,166,205,212,185,228,185,236,226,215,196,170,209,226,165,150,199,195,143,165,157,188,125,166,140,224,220,220,225,80,52,197,240,177,166,225,195,230,165,117,226,231,224,226,225,226,228,227,226,225,223,220,225,223,248,129,144,238,102,169,228,109,191,132,56,58,182,152,194,232,230,222,221,222,225,227,226,226,223,228,232,226,225,229,233,224,226,222,224,225,226,227,225,223,235,183,143,241,225,221,222,227,224,226,232,221,225,226,225,224,224,224,225,225,225,224,223,223,224,225,224,224,224,225,225,224,223,225,226,224,221,224,116,104,105,90,135,224,218,226,218,220,216,221,222,222,220,217,204,129,186,226,219,227,217,184,130,80,39,51,38,82,218,210,154,116,112,152,211,235,232,222,220,219,222,222,219,217,218,221,222,221,219,217,217,219,221,219,215,218,229,218,218,217,214,222,194,57,112,170,223,176,140,222,211,213,215,214,218,219,218,218,217,218,220,218,215,215,218,217,214,220,219,218,221,210,228,194,155,220,224,182,205,214,208,213,211,217,216,210,213,211,91,35,55,40,29,22,43,56,83,121,147,182,204,219,218,224,215,214,208,221,224,213,203,212,210,212,176,168,220,219,212,212,219,211,214,212,215,203,95,37,119,210,221,214,216,218,217,213,228
222,216,216,209,220,229,214,220,167,139,183,131,204,155,142,207,197,224,181,115,71,68,86,68,77,169,209,196,171,164,144,112,115,108,83,85,83,65,190,219,216,215,215,217,216,214,214,215,213,230,207,105,117,189,210,217,214,205,90,64,181,223,197,223,92,35,71,77,108,165,165,161,127,149,167,137,155,101,108,212,219,191,116,37,53,173,229,211,223,202,106,177,115,194,190,229,225,220,216,219,218,219,209,229,229,214,218,205,137,42,15,68,165,200,220,227,232,216,219,217,220,220,214,212,219,222,221,222,218,217,225,127,104,187,232,154,99,132,203,234,224,218,222,225,227,216,220,219,225,219,225,220,221,212,224,219,226,217,227,207,222,224,223,137,174,136,211,129,172,134,233,173,141,192,228,223,224,222,225,220,219,224,220,230,222,220,221,225,215,215,76,26,31,80,222,225,220,215,221,223,224,224,224,225,225,225,225,224,224,223,223,224,224,224,224,225,221,222,226,222,208,216,224,210,224,205,206,234,224,206,179,122,185,134,195,148,236,143,153,156,235,114,221,117,185,227,225,217,235,128,38,46,55,78,96,228,204,120,137,177,92,201,235,219,230,225,225,228,227,226,226,223,225,224,220,137,129,154,136,151,236,163,58,152,172,178,189,141,164,230,225,223,226,231,222,227,232,227,220,231,223,225,226,219,224,219,215,242,211,167,244,226,223,230,228,229,225,220,227,223,222,229,223,219,226,224,227,226,227,226,224,223,224,225,226,226,225,224,224,225,226,225,225,226,225,225,224,223,224,225,224,222,225,194,97,100,97,103,200,231,216,224,219,212,226,220,218,222,226,184,201,227,223,215,214,219,221,228,221,167,99,45,84,207,230,241,229,199,148,111,131,167,215,227,231,223,217,220,225,226,221,221,221,220,219,219,220,222,218,221,214,224,223,215,218,218,216,229,128,26,31,79,132,79,200,218,210,213,213,218,220,215,218,217,218,221,219,214,214,219,216,215,222,221,215,214,217,211,221,170,200,215,179,151,223,215,212,210,215,215,215,211,220,172,57,45,75,102,154,178,199,215,219,216,220,212,215,217,206,220,220,216,179,160,155,165,155,159,220,217,226,212,217,210,218,216,219,210,210,210,213,213,167,214,214,216,215,215,214,221,223,220
215,214,221,219,203,158,149,218,120,203,242,136,175,229,203,227,210,120,86,72,68,85,79,76,78,88,86,82,67,67,66,58,54,60,72,84,73,146,223,219,214,215,216,216,215,213,214,215,221,188,127,115,113,149,219,215,216,215,221,121,21,128,223,219,131,133,176,124,22,150,183,198,136,199,213,103,19,4,125,188,123,12,34,149,228,233,221,128,147,187,160,141,229,215,218,222,218,217,217,218,216,219,228,173,128,197,223,220,230,207,143,88,55,34,70,101,162,211,224,216,218,219,225,222,216,221,224,216,222,222,227,230,103,164,232,215,181,230,222,221,221,217,225,218,218,225,221,223,218,221,223,218,227,227,225,219,203,219,233,156,175,243,233,140,190,126,194,199,138,180,234,229,224,232,221,225,224,223,225,223,225,218,227,221,225,232,225,215,229,209,55,38,28,105,222,216,223,218,223,220,224,224,224,225,226,226,225,224,224,223,223,225,225,224,223,224,227,231,223,224,228,223,220,179,109,143,215,135,161,120,216,108,139,141,214,137,212,120,191,180,145,167,235,204,221,223,220,230,171,45,45,51,29,44,229,139,163,246,178,152,204,229,219,237,223,225,229,227,223,226,228,222,218,231,131,141,107,119,174,220,228,81,154,235,198,142,50,151,243,224,223,230,223,227,228,228,220,232,222,229,232,224,226,238,229,231,207,120,164,100,168,233,226,227,226,219,229,230,219,228,230,224,226,231,219,226,228,221,227,226,225,224,225,225,225,225,226,226,226,227,226,225,226,227,224,224,224,222,223,224,225,224,227,222,122,83,97,91,152,224,212,219,221,216,226,219,215,220,224,210,174,118,110,195,227,216,221,222,219,233,226,202,135,88,110,170,214,234,239,221,182,135,113,141,186,224,234,223,215,215,219,219,219,219,220,220,221,221,220,225,215,215,223,217,218,213,218,224,202,64,40,26,23,22,128,215,212,213,214,216,217,213,218,217,217,219,219,216,216,217,219,219,217,216,213,214,224,216,215,214,124,73,62,48,191,211,211,212,213,215,216,210,212,217,178,190,210,226,219,217,219,214,212,211,208,219,207,206,218,212,214,212,204,199,217,212,219,208,214,207,212,219,216,216,211,213,210,216,218,212,210,213,223,215,219,211,217,225,221,218,225,218
217,226,199,204,157,102,167,229,184,142,129,138,216,215,225,187,78,88,64,66,76,64,68,71,66,71,63,65,81,93,91,113,93,65,74,71,114,222,219,210,214,216,217,215,213,213,214,215,221,159,96,133,204,227,216,217,219,211,213,238,160,18,150,250,113,127,203,201,66,107,153,133,117,41,41,9,22,26,26,101,65,103,212,232,189,191,237,131,84,123,139,169,219,213,226,219,220,219,219,216,222,220,225,163,71,179,214,209,216,219,232,232,213,152,92,72,29,50,176,228,216,219,216,219,224,217,214,223,218,226,220,226,201,170,225,221,232,221,216,225,218,225,222,223,224,222,218,221,224,222,223,237,200,202,167,218,137,195,241,213,124,176,165,216,149,177,220,228,230,236,218,217,225,216,227,223,221,218,221,222,230,230,223,229,176,148,185,220,224,169,33,45,36,134,230,216,225,220,226,221,224,224,224,225,226,226,225,223,224,223,224,226,227,225,224,225,228,222,224,227,221,229,222,235,158,175,246,128,170,132,204,162,214,179,216,208,162,183,229,229,221,232,225,226,223,223,219,213,62,42,55,46,35,176,197,67,156,138,249,237,233,225,230,223,231,226,227,229,226,226,228,224,227,224,101,142,90,102,166,227,142,64,229,220,245,145,74,231,224,222,233,222,227,224,228,224,227,221,233,222,228,234,223,170,156,157,220,162,126,210,127,194,227,231,220,230,225,219,232,225,225,227,225,223,230,225,224,227,227,226,225,225,226,226,225,224,225,224,225,225,224,223,223,225,223,224,223,222,222,224,225,226,220,233,182,94,100,99,107,209,223,212,223,221,220,219,219,218,220,224,165,101,199,209,219,221,219,219,220,216,217,222,233,215,163,113,102,132,182,228,238,234,209,164,117,113,155,205,229,229,217,217,217,218,219,220,220,220,220,217,219,219,223,216,221,216,213,217,227,145,32,39,43,37,49,200,213,214,216,214,214,216,217,217,217,217,218,220,218,216,214,221,214,218,220,217,205,212,207,216,171,41,47,44,106,219,206,216,215,212,216,217,215,209,219,214,213,210,212,210,211,213,208,208,211,212,218,215,210,213,214,216,221,218,216,221,210,219,214,219,211,213,216,209,217,211,213,211,207,212,217,215,209,217,213,215,224,212,217,219,217,227
217,139,129,194,231,222,129,198,223,217,203,225,216,219,220,209,115,60,62,76,84,88,97,108,122,151,160,188,205,201,212,216,134,70,72,86,205,220,213,212,225,219,204,218,215,217,216,216,211,208,220,176,189,217,211,221,218,213,217,210,225,170,55,164,120,139,193,108,76,187,214,141,61,7,17,37,13,24,22,76,180,230,227,211,205,134,189,164,140,236,221,222,237,142,188,231,219,215,218,225,211,144,191,200,159,96,136,212,224,215,215,218,220,233,230,229,189,54,19,161,237,222,218,215,220,219,222,222,218,222,224,219,226,229,218,221,220,221,223,223,223,222,223,224,226,215,224,225,211,227,185,142,148,177,173,151,204,121,166,173,183,139,198,225,231,228,226,221,220,222,223,226,221,222,221,225,225,229,234,232,192,153,154,212,120,171,152,169,243,132,16,37,26,156,232,222,224,222,224,221,223,226,225,222,221,224,226,225,224,225,226,225,223,226,227,223,225,225,226,227,226,225,226,228,205,154,236,197,216,211,210,225,226,228,229,230,233,231,224,222,225,218,228,221,219,219,221,116,35,45,47,42,126,240,207,156,79,85,207,226,230,223,230,224,226,229,228,226,228,228,226,227,234,198,185,179,113,154,230,231,72,156,236,224,213,77,165,236,216,231,228,222,224,229,221,233,228,224,226,232,207,197,181,118,239,213,148,234,166,204,235,218,231,223,226,225,227,220,226,232,228,225,225,228,229,227,225,225,226,226,226,227,227,227,225,224,226,224,224,224,223,225,226,225,227,224,221,222,224,226,225,224,227,221,215,117,98,96,88,163,228,224,223,222,215,224,218,222,222,225,182,143,94,152,219,220,220,219,221,223,220,219,220,220,233,229,202,150,109,112,158,201,232,242,224,191,147,123,139,188,225,228,220,215,218,216,213,220,218,216,220,220,218,219,218,216,216,213,218,213,73,39,39,44,19,127,223,207,214,219,209,222,218,217,217,219,219,217,217,217,218,219,217,215,215,216,216,215,212,208,219,136,31,48,47,165,212,210,212,212,221,209,219,214,212,216,220,216,208,209,215,214,222,221,221,221,217,213,214,218,225,214,212,219,214,216,213,216,215,215,213,211,211,213,213,212,208,213,215,214,217,218,215,213,217,218,218,216,215,218,220,222
198,132,154,136,178,219,201,203,222,208,220,217,215,215,217,220,205,160,161,188,199,208,209,223,226,222,233,219,210,220,223,186,74,83,73,181,223,205,224,219,191,106,97,192,221,212,231,148,83,115,94,173,222,220,223,212,208,216,209,212,216,222,185,22,58,183,200,99,110,148,59,17,12,23,19,9,4,53,161,229,227,196,183,233,238,204,162,201,220,225,228,161,131,139,124,189,223,228,214,215,172,141,136,50,196,183,211,226,217,221,223,219,218,216,225,209,234,188,47,19,122,205,231,230,221,217,218,223,223,220,220,217,220,223,220,230,221,221,222,222,221,221,222,222,220,227,225,224,207,136,107,105,70,183,218,145,229,150,152,201,234,228,220,223,218,226,219,224,222,222,224,216,223,232,230,217,223,178,160,226,131,135,116,180,194,148,173,164,228,115,145,143,48,192,224,221,226,221,222,217,223,225,225,223,222,224,225,224,224,225,226,225,223,226,227,223,225,225,225,226,226,225,226,227,226,218,225,232,227,228,227,227,226,227,225,224,227,226,223,224,223,232,224,218,222,232,171,52,56,49,47,84,221,219,229,234,230,182,180,225,227,227,223,231,229,229,227,227,228,227,230,236,187,125,108,92,153,194,234,151,85,232,220,232,140,83,224,227,224,228,223,233,226,225,232,220,228,231,224,169,102,200,216,115,195,215,130,216,229,216,228,224,223,221,226,224,226,226,224,222,227,225,224,226,226,225,224,225,226,226,225,225,226,227,226,226,221,231,229,226,223,225,223,227,224,224,223,225,226,227,224,222,225,217,234,149,79,110,95,122,222,220,222,220,223,225,229,219,217,223,201,141,188,225,207,227,220,218,221,224,222,221,222,221,220,218,225,237,228,186,133,98,103,172,215,237,238,221,134,59,102,157,207,225,225,217,215,223,221,216,216,215,218,222,221,217,217,219,213,221,158,35,53,45,36,48,180,217,212,211,221,215,217,216,217,218,218,217,216,217,218,219,218,217,217,217,216,214,211,208,217,189,67,42,38,77,210,210,208,214,209,220,211,214,212,211,144,160,222,221,216,201,183,159,129,100,74,63,79,104,146,204,223,209,212,218,220,214,215,215,214,212,212,214,214,213,210,213,211,208,211,215,216,217,214,216,216,215,216,217,218,218
218,232,186,120,159,230,220,221,209,223,213,220,220,215,214,218,216,229,225,226,218,214,216,208,208,209,214,219,216,216,212,97,50,65,139,226,213,225,203,145,80,72,67,108,215,210,215,205,113,66,201,229,216,213,222,214,219,211,209,208,203,211,225,139,30,38,123,100,63,15,7,19,18,19,9,42,128,221,219,204,215,215,146,160,153,190,232,231,191,161,212,223,119,170,223,200,233,176,120,153,141,116,131,130,214,221,232,222,216,223,222,223,223,222,209,222,217,222,220,138,59,37,90,147,209,227,219,221,222,219,221,222,225,226,220,220,223,223,222,223,223,224,224,223,223,220,222,223,229,204,64,203,168,191,234,221,214,231,236,230,222,224,223,225,222,221,222,226,219,236,233,233,233,188,160,192,190,146,197,135,213,84,130,148,229,164,162,223,191,174,236,248,159,184,229,220,218,228,224,229,222,225,226,224,223,225,224,223,225,225,226,225,223,226,227,223,226,225,225,226,226,226,226,226,226,232,220,226,225,228,222,221,225,226,224,223,225,225,225,227,225,223,221,222,225,200,64,53,39,51,47,184,229,216,220,225,219,240,233,240,227,226,229,225,224,225,226,229,230,226,227,235,109,139,104,193,99,162,232,55,170,233,228,208,53,167,241,222,230,221,229,229,223,228,226,228,202,173,218,226,197,146,228,212,159,144,178,223,227,232,222,229,227,225,226,221,226,232,220,226,226,225,225,225,224,223,223,225,225,224,224,224,225,226,227,227,225,226,221,222,228,221,218,227,228,226,224,223,223,223,223,223,220,230,226,196,100,100,101,93,187,229,218,223,224,219,226,218,220,227,198,211,238,156,188,226,220,218,220,224,223,223,223,222,221,221,218,216,223,233,233,224,176,118,92,136,182,239,169,37,36,41,60,110,174,213,223,225,216,213,213,218,220,219,217,217,223,210,222,217,222,95,34,49,47,24,102,218,209,215,215,213,217,216,217,218,218,217,216,217,217,218,218,217,217,217,216,214,213,215,210,218,142,38,46,29,145,217,209,212,213,211,216,214,215,209,101,38,124,118,91,57,38,33,34,48,68,79,75,66,47,56,156,215,214,213,220,214,214,214,213,212,213,214,215,214,213,214,209,204,207,212,216,219,214,215,216,216,217,219,218,217
140,192,192,187,220,216,214,215,219,218,217,214,212,228,212,218,218,214,217,220,218,213,223,218,215,216,210,215,218,218,131,63,59,114,217,222,217,179,89,78,85,68,103,179,223,218,218,213,212,129,209,212,219,220,214,220,209,210,213,218,211,213,223,102,177,136,9,6,11,21,31,26,7,21,88,201,235,181,208,145,190,226,203,140,195,203,213,225,123,217,138,87,208,210,235,214,185,209,125,198,125,184,217,229,224,218,218,219,224,222,215,222,217,223,222,220,219,214,217,228,222,158,89,32,38,157,233,212,222,221,222,219,219,224,225,220,224,223,222,223,225,226,225,225,225,219,230,223,225,228,213,210,236,223,221,224,221,229,222,221,219,222,220,225,224,228,234,212,230,185,142,154,217,143,101,175,211,132,205,125,215,186,234,212,206,200,229,235,191,110,224,210,134,196,224,221,227,221,220,219,221,224,226,225,225,226,225,223,225,225,226,226,224,226,227,224,226,225,224,225,226,227,226,225,225,225,233,219,229,229,225,230,224,227,227,226,228,226,225,228,227,220,222,218,226,90,26,36,45,37,148,231,222,225,226,224,229,226,224,220,233,228,226,230,223,225,227,229,229,225,225,229,195,140,92,118,91,229,141,91,235,222,238,123,92,238,222,229,221,231,228,222,226,225,226,228,133,158,175,223,247,176,181,236,236,233,231,229,231,220,225,226,225,226,230,228,215,207,235,218,225,226,227,226,224,223,224,225,224,223,223,223,224,225,225,225,225,228,230,218,229,227,228,221,221,223,224,225,225,224,223,222,225,223,223,225,143,100,97,96,130,228,214,225,223,221,222,225,221,218,219,160,90,141,208,218,220,217,220,224,224,224,224,221,221,223,226,226,221,216,218,223,229,239,200,152,117,102,60,33,38,44,46,45,47,73,132,191,218,230,225,211,208,218,222,214,220,217,215,209,218,169,36,43,46,40,37,174,221,215,213,223,217,217,218,218,219,218,218,218,217,217,216,216,216,216,215,214,216,216,208,210,204,83,43,48,63,199,211,210,212,211,217,216,215,224,173,38,38,42,47,92,121,147,176,194,205,212,211,205,157,56,20,119,216,216,208,213,213,213,213,212,213,215,215,213,214,215,212,207,210,213,215,217,215,215,215,214,216,218,219,217
204,212,181,217,166,174,236,219,218,191,212,219,220,212,214,217,216,227,218,183,208,221,205,216,211,215,218,210,232,164,67,77,101,209,225,184,105,67,85,74,73,143,218,217,214,207,209,237,192,200,219,222,212,218,211,217,211,219,210,211,202,220,169,112,135,99,13,14,21,23,37,7,36,163,226,215,187,193,134,209,131,131,173,235,189,161,103,215,186,141,131,117,226,189,164,208,152,172,220,125,138,217,226,218,223,220,221,222,223,222,219,220,222,217,222,222,221,223,218,217,218,231,226,206,85,21,163,229,218,219,221,221,218,220,225,226,223,222,221,221,223,223,223,222,221,227,223,222,229,216,225,221,217,223,225,220,230,219,221,227,230,220,229,220,234,202,157,157,230,158,155,207,134,200,99,213,228,194,152,196,226,241,197,212,111,156,141,213,192,36,67,54,103,240,214,221,226,224,228,230,221,223,226,226,226,226,226,225,226,225,226,226,224,226,227,225,226,225,225,225,226,227,226,225,222,226,224,226,225,221,228,226,222,226,227,226,227,225,224,226,222,220,219,232,146,35,49,38,38,102,228,218,222,220,230,228,226,230,232,225,222,233,223,225,227,230,228,224,225,228,229,230,235,237,236,169,193,230,75,183,231,227,203,62,186,232,227,224,231,229,231,233,196,145,205,236,212,182,191,134,220,226,217,225,224,223,224,226,225,229,232,221,230,235,210,217,220,137,227,230,223,226,228,227,225,224,224,225,224,224,224,224,225,225,224,223,227,227,229,225,220,218,221,218,228,227,226,224,223,223,224,226,224,219,221,235,184,105,107,95,102,197,227,220,225,225,219,221,217,223,233,168,115,163,176,224,222,219,221,225,224,224,224,221,226,221,220,224,228,226,223,221,221,220,223,233,232,198,140,96,54,49,43,42,48,52,52,51,86,140,192,224,229,219,216,215,213,220,218,221,211,227,102,39,50,37,28,94,218,208,218,219,217,218,218,218,218,219,218,218,218,217,215,215,216,215,215,215,216,210,213,206,216,169,39,50,41,121,214,203,212,215,215,214,210,212,210,90,19,152,216,214,219,220,220,218,213,209,210,214,222,193,75,23,130,223,213,216,213,214,214,214,215,216,216,214,212,215,213,210,213,215,215,216,216,215,212,211,212,216,217,217
192,137,162,98,186,137,166,147,192,214,217,211,217,216,224,215,220,199,126,145,131,220,217,209,219,217,208,221,202,81,73,76,169,205,121,69,77,74,71,134,202,232,217,217,214,144,134,132,98,208,215,212,219,217,222,217,221,208,210,212,218,198,88,115,30,6,22,21,22,20,8,82,178,236,173,167,104,220,173,157,222,203,227,225,130,137,100,143,204,201,197,246,153,142,120,148,252,142,202,228,222,223,218,224,219,219,223,223,217,221,225,222,220,220,226,220,217,224,221,217,219,221,216,227,224,49,57,216,223,220,217,226,229,223,222,223,223,223,222,222,222,221,220,219,225,217,229,226,221,227,225,226,226,229,226,227,218,229,221,226,225,200,152,144,193,188,75,150,220,228,129,169,141,225,188,229,228,223,206,241,146,129,105,163,161,192,153,171,174,40,28,17,138,230,214,222,225,227,221,219,222,223,225,226,226,226,226,226,226,225,226,226,225,225,227,225,225,226,225,225,225,226,226,225,230,227,225,230,228,224,231,225,224,227,226,225,225,224,224,226,219,216,233,185,62,52,49,41,73,217,223,229,221,229,225,222,229,229,227,234,225,227,227,229,225,230,229,225,227,231,230,228,224,226,225,236,240,130,110,235,217,241,106,94,237,222,225,230,236,229,200,240,147,218,161,130,241,206,161,142,227,230,224,225,227,229,225,229,223,227,224,230,211,215,220,155,180,130,208,206,222,225,227,227,225,224,224,223,226,226,226,226,226,226,224,223,223,224,217,227,218,229,227,232,222,221,220,219,219,220,222,223,216,226,212,227,221,125,102,92,97,142,237,216,223,220,222,217,220,224,219,186,171,217,228,227,224,222,224,226,225,224,224,223,223,229,229,222,220,225,226,222,219,224,226,212,213,223,232,222,187,132,69,39,44,54,51,42,38,38,50,107,172,204,224,231,221,217,215,219,211,224,178,47,41,36,38,35,157,223,213,214,216,217,218,217,217,218,218,218,219,217,216,216,216,216,216,217,214,212,213,212,210,216,95,31,46,46,170,217,210,215,218,211,214,213,222,171,81,156,221,211,214,215,214,211,210,212,214,215,206,210,179,58,63,197,216,216,214,215,215,215,216,218,217,215,211,215,213,211,214,216,216,217,217,216,213,211,211,215,217,218
136,70,145,136,226,185,126,196,219,219,216,216,221,221,208,227,218,179,110,95,106,140,190,219,215,212,212,223,127,77,74,69,118,91,70,75,70,108,192,225,216,212,217,203,184,225,214,150,190,228,216,216,218,221,212,215,211,215,209,215,210,79,18,9,17,17,25,15,9,9,41,227,197,176,114,97,95,154,233,205,225,227,199,165,223,104,182,190,191,231,178,178,187,87,122,130,163,223,222,218,224,222,221,219,225,222,222,224,220,219,223,220,224,221,214,219,224,221,220,218,223,219,223,225,222,121,34,204,222,224,216,219,226,224,224,222,222,223,224,224,223,222,221,221,226,233,218,224,224,228,219,220,222,223,221,223,224,226,222,227,235,168,103,124,116,236,121,153,176,220,196,172,219,217,174,162,213,193,69,160,202,110,140,93,202,114,151,234,134,22,38,37,172,231,221,213,228,221,228,226,223,224,224,225,225,225,225,226,226,224,225,226,224,225,226,225,224,226,226,225,224,225,226,225,228,220,227,222,224,227,225,226,227,228,226,224,225,224,223,225,221,224,214,73,62,53,45,32,173,230,217,223,230,226,222,231,229,228,225,227,229,225,229,223,222,228,229,228,229,229,227,227,229,230,226,229,214,74,183,236,235,193,60,195,230,225,230,229,178,221,170,176,199,143,212,96,171,231,202,239,224,223,231,227,232,223,223,224,225,230,221,231,169,128,179,202,199,113,183,204,222,225,226,226,225,225,225,224,227,226,225,226,226,226,225,224,216,229,223,223,225,225,204,199,222,225,230,234,234,231,226,222,222,224,224,218,234,181,87,98,96,103,206,224,219,219,227,225,225,220,226,142,179,141,227,223,225,223,225,227,224,224,225,224,223,221,223,228,227,220,219,225,224,222,224,227,227,218,215,219,230,225,212,173,109,54,35,38,41,50,39,37,46,68,123,168,208,223,216,218,218,203,227,117,38,42,36,22,73,207,215,220,216,218,218,217,217,219,219,218,219,217,216,217,218,216,216,217,214,218,209,214,212,211,178,59,40,33,83,213,205,217,214,213,208,217,208,217,223,216,206,215,217,219,214,208,211,220,218,210,219,222,211,96,34,145,227,212,213,215,215,216,217,218,217,214,213,217,215,212,214,217,216,216,216,216,216,214,214,215,216,216
229,108,94,229,215,221,238,216,218,214,220,217,218,216,221,171,159,214,214,129,158,213,212,220,217,217,222,151,60,71,69,82,66,72,76,88,168,225,218,210,215,214,214,83,108,163,181,187,233,213,217,216,216,210,218,210,211,205,226,196,80,15,19,29,22,13,4,56,157,142,17,107,219,176,88,133,224,195,223,228,207,176,239,152,174,225,191,228,228,126,153,82,181,166,151,229,204,223,223,220,219,223,220,225,220,222,221,221,220,220,222,220,221,222,222,221,220,221,221,222,220,230,216,214,222,233,99,47,191,221,226,221,222,222,223,218,219,221,223,224,224,223,223,224,225,221,228,230,229,220,224,224,223,225,221,232,226,222,229,220,221,241,95,153,139,176,212,152,183,205,174,145,204,137,148,130,178,203,74,76,157,160,224,209,213,232,219,228,106,29,37,51,203,219,219,222,223,224,220,224,224,224,224,224,224,223,224,225,225,223,225,226,224,224,225,224,224,226,227,225,224,225,226,225,224,232,225,228,221,231,224,232,225,227,225,224,225,223,220,221,219,226,129,38,49,68,42,122,232,223,225,224,223,225,230,224,227,229,229,230,226,231,224,231,227,229,229,228,227,225,227,232,227,224,222,239,126,100,238,221,236,113,107,231,226,228,196,229,140,113,163,81,195,183,155,159,218,231,231,223,232,228,225,229,225,225,230,226,229,225,225,234,209,116,116,108,184,233,216,230,223,225,226,225,225,226,226,225,226,225,224,224,224,225,225,225,226,220,222,228,226,146,100,111,116,122,135,154,176,199,216,225,230,232,231,229,230,221,109,95,110,106,163,236,218,222,220,218,222,220,234,151,158,113,143,183,225,223,225,226,223,223,225,225,224,225,224,222,222,225,227,225,222,225,221,221,219,222,220,223,218,213,217,228,228,201,143,91,54,42,29,47,49,37,83,145,120,165,223,215,218,218,212,199,69,44,41,33,27,141,221,212,217,218,219,217,218,219,220,219,217,216,216,218,218,216,215,215,214,218,211,214,215,202,217,117,40,41,37,157,222,209,211,212,218,210,215,219,205,224,214,214,217,215,216,218,219,217,216,216,214,212,215,106,31,125,225,215,212,214,215,215,216,217,215,213,216,220,218,215,216,217,215,214,212,215,216,216,214,214,214,213
216,205,182,213,215,220,212,214,217,219,213,217,211,222,208,95,101,181,210,210,203,216,214,215,218,218,185,86,83,70,92,85,72,81,148,216,230,212,213,214,214,223,213,173,125,78,107,207,219,214,216,214,216,215,207,213,222,206,120,32,17,31,24,20,7,30,134,210,219,223,166,23,124,237,209,172,220,217,171,127,189,154,167,136,151,234,222,216,227,157,90,186,119,191,215,216,221,219,220,223,223,220,221,223,219,224,223,225,226,214,220,219,221,221,220,219,220,221,223,221,221,221,218,223,202,182,160,28,78,230,215,224,223,218,226,220,222,222,223,225,225,223,221,221,224,225,224,222,223,225,225,223,222,225,230,226,219,231,223,226,227,223,184,153,179,217,213,164,202,213,134,112,231,198,85,121,151,207,140,230,186,221,228,226,224,216,222,221,74,33,35,78,219,214,219,220,221,225,225,226,226,221,226,221,227,223,225,222,222,223,225,220,226,224,219,225,227,228,224,223,225,225,228,224,226,226,221,228,225,226,225,225,226,227,227,225,222,222,223,214,233,170,42,46,53,44,85,216,221,225,226,225,224,225,227,228,227,227,227,226,225,226,227,229,231,230,231,228,228,231,227,226,229,219,229,206,56,195,228,230,186,50,198,245,173,220,183,157,246,155,190,202,184,238,225,238,225,230,224,219,233,230,224,230,223,224,228,226,230,223,223,229,225,109,198,228,211,226,229,221,229,221,227,222,229,227,223,226,223,226,225,225,225,230,218,229,227,225,227,221,130,79,106,106,101,108,99,92,96,97,107,131,140,164,182,193,199,215,145,85,106,96,116,218,222,224,216,223,224,218,229,215,179,207,209,219,224,218,228,223,220,229,224,224,225,225,224,223,223,225,225,224,224,222,221,222,223,223,223,224,221,221,219,217,217,221,225,226,190,140,76,57,35,51,217,238,223,97,194,226,213,215,209,227,146,33,48,42,36,48,198,215,211,216,223,213,222,220,215,218,218,217,216,217,216,215,215,217,213,219,218,211,209,213,211,205,70,39,45,69,203,211,217,213,216,214,215,218,218,215,215,217,219,217,216,217,219,219,216,213,214,222,196,79,32,144,228,213,216,214,211,212,215,217,216,214,215,217,219,219,217,214,214,215,212,215,214,210,214,215,213,216
213,218,215,215,219,217,220,215,214,223,215,215,228,194,215,212,122,104,136,216,230,228,214,215,214,203,87,71,82,80,74,80,126,203,220,213,216,211,220,209,220,197,145,133,168,194,201,224,215,217,211,219,220,206,217,217,152,55,19,25,16,13,7,19,102,196,213,209,213,211,226,190,43,167,223,224,228,130,122,122,123,192,174,173,224,221,222,218,220,229,148,104,158,219,224,222,222,219,219,221,221,219,219,221,224,217,220,219,220,227,219,219,216,213,223,212,224,221,227,218,226,217,230,181,47,25,24,16,56,211,227,221,220,227,228,223,223,222,222,223,223,223,223,225,226,225,224,224,224,225,224,222,229,226,222,223,225,219,226,226,224,231,226,159,180,240,162,102,154,202,246,144,192,224,168,229,206,214,221,227,230,225,224,218,223,223,219,207,49,29,37,113,226,219,221,221,222,224,222,222,221,219,218,229,219,222,238,232,226,217,231,235,224,226,222,223,221,219,227,232,225,220,225,232,225,226,227,227,229,228,223,223,224,225,224,223,220,225,222,227,203,64,47,51,44,58,183,233,221,224,226,225,224,226,226,226,227,227,227,227,227,227,228,229,230,229,231,228,227,230,228,228,220,223,236,120,110,240,218,237,90,110,190,200,126,215,244,159,182,215,194,240,228,223,229,221,230,222,231,231,224,228,241,214,231,231,228,225,225,227,227,227,230,209,224,227,229,213,222,226,225,225,228,233,221,231,223,224,229,223,218,225,223,223,229,223,226,217,236,188,133,136,106,98,102,98,94,95,99,102,103,103,101,96,98,95,103,125,105,95,103,108,97,171,232,219,223,221,226,226,229,219,234,228,226,226,227,222,224,222,224,222,218,229,226,226,225,224,224,225,225,223,224,222,221,222,223,222,222,223,223,224,223,221,219,219,218,216,221,229,217,185,120,59,132,211,189,99,204,219,223,217,209,214,203,75,36,40,44,23,127,223,223,211,217,223,222,215,223,217,218,217,216,217,217,217,217,219,218,214,214,216,213,208,208,212,146,38,29,26,123,220,215,213,212,213,213,216,218,219,215,211,218,217,217,217,218,218,217,216,213,199,115,40,59,195,215,218,216,214,212,212,214,215,215,213,217,216,216,215,214,213,214,214,210,217,215,221,209,214,209,160
219,215,217,214,220,207,213,220,219,219,222,208,175,115,158,187,213,179,215,157,116,185,207,217,211,112,68,80,78,66,105,183,220,215,214,216,219,214,207,218,205,67,131,202,97,180,226,214,216,206,210,212,216,218,170,74,12,6,21,22,1,23,85,171,195,117,136,231,214,218,214,230,117,63,226,216,233,201,95,139,135,180,232,225,221,222,220,225,219,222,220,194,225,226,222,224,223,220,218,220,221,219,219,220,218,223,218,224,220,219,221,225,238,230,233,220,221,215,215,226,217,218,222,60,47,145,140,137,190,223,220,219,212,219,221,221,224,223,224,224,223,223,224,226,226,224,223,224,226,225,224,223,222,225,223,230,226,230,215,235,210,210,170,144,144,160,240,185,167,140,238,204,198,233,227,221,226,225,228,224,223,226,224,226,218,222,221,187,36,34,35,138,231,220,219,220,221,223,221,222,231,99,114,185,138,206,128,135,204,231,186,166,220,232,228,232,238,229,226,223,225,225,227,220,224,220,224,225,217,223,230,227,222,230,224,226,224,223,214,228,109,53,41,57,42,151,235,218,223,224,226,226,226,227,226,225,227,228,228,228,228,228,229,229,230,229,231,228,227,230,228,230,227,232,205,67,204,227,234,175,50,202,222,89,126,160,191,235,180,225,223,233,228,224,227,226,228,226,224,225,238,216,139,167,155,199,230,226,226,219,232,226,223,226,226,226,225,228,228,222,220,236,221,220,230,226,221,221,224,229,223,224,224,221,227,222,226,230,222,228,226,221,216,208,191,169,153,141,126,121,112,94,99,88,99,97,105,108,106,115,98,97,111,113,191,226,224,221,222,224,219,227,224,228,220,220,228,225,224,225,227,227,223,221,226,227,226,225,225,225,224,222,224,222,221,222,222,221,221,221,221,222,223,223,222,221,219,216,216,215,216,227,234,210,164,143,135,173,225,213,217,220,214,210,233,147,30,44,24,37,47,185,205,222,214,223,222,218,221,218,220,218,218,218,218,218,219,220,219,213,213,218,216,207,208,216,205,82,112,166,145,190,215,217,215,217,215,213,215,219,217,213,218,218,218,217,217,217,217,218,168,65,30,44,173,217,212,215,216,215,214,214,213,213,213,213,217,216,215,214,214,215,214,213,218,212,214,207,219,215,138,63
210,217,218,218,215,217,214,216,213,219,203,209,163,68,72,153,196,227,222,143,123,88,172,229,213,102,62,73,85,155,227,221,210,217,213,213,208,207,212,213,207,172,152,121,112,207,215,214,213,214,214,221,189,131,58,4,19,28,17,7,50,134,158,208,192,119,76,146,193,218,217,224,189,47,196,210,137,195,213,134,190,220,224,225,221,221,220,224,220,215,227,227,215,225,220,222,225,221,219,220,221,221,221,221,221,219,224,219,218,224,220,219,164,151,156,205,234,227,223,211,221,235,142,14,157,235,228,236,232,215,218,226,221,226,227,223,223,225,226,226,224,223,223,223,225,222,221,224,225,224,224,224,226,224,222,227,218,227,174,119,168,128,180,149,209,128,222,165,140,201,234,224,230,223,217,228,221,228,220,226,222,221,225,220,222,222,235,161,35,41,40,165,230,219,218,219,220,223,225,229,204,65,70,51,139,106,184,173,115,195,42,127,199,173,113,134,164,222,191,224,229,225,226,228,225,227,225,231,224,231,223,221,226,225,224,221,225,223,244,135,44,46,60,51,104,223,223,223,225,226,226,227,229,229,227,225,228,228,229,229,229,229,228,228,229,227,230,228,228,230,227,228,222,237,115,48,168,212,244,87,111,239,226,186,166,223,197,221,233,230,231,223,224,231,226,218,229,231,231,235,190,220,131,205,223,138,217,225,228,231,225,228,233,224,231,221,221,220,220,239,230,204,217,222,222,229,222,230,222,229,225,226,223,223,224,228,222,231,218,225,232,224,226,224,233,227,231,231,222,216,205,185,167,147,139,113,107,98,95,100,98,96,115,89,94,163,224,234,222,222,226,223,226,227,227,229,217,222,230,233,222,219,227,224,225,226,226,225,225,225,223,221,223,222,221,222,223,222,221,222,219,221,221,222,223,225,224,223,223,221,218,218,213,222,228,224,226,231,215,228,221,219,216,212,210,211,85,30,17,24,26,107,231,210,222,216,222,222,219,219,222,220,219,218,218,218,218,218,216,217,218,217,215,212,212,214,213,169,201,222,213,157,218,211,214,216,217,215,215,217,218,217,217,217,217,217,217,217,217,217,195,75,90,178,214,213,213,218,217,217,217,215,214,213,213,213,215,215,215,214,215,215,214,212,215,207,212,221,201,103,47,52
220,217,207,214,211,220,217,214,228,164,109,186,229,197,141,217,221,216,221,155,113,126,218,187,230,194,98,125,206,228,212,211,215,203,207,213,211,224,231,215,208,215,208,201,214,221,206,213,215,221,213,124,125,195,210,103,13,12,26,128,220,113,116,195,235,201,137,218,220,216,211,220,200,42,184,208,189,227,224,231,227,222,219,220,215,226,223,221,223,221,217,223,227,222,214,228,224,221,219,220,222,222,222,222,218,222,216,221,223,220,214,112,14,51,70,43,85,184,222,231,213,226,60,76,223,221,217,219,218,222,223,219,224,220,219,225,223,225,226,225,224,223,222,222,225,222,222,224,224,223,223,225,226,225,225,225,227,231,218,91,136,74,196,162,117,186,233,227,236,232,219,230,224,223,225,223,224,222,231,225,227,226,221,219,220,216,233,120,17,31,43,192,227,219,221,222,222,225,227,232,181,127,195,24,181,107,218,174,98,231,153,116,201,232,130,75,199,164,100,128,217,222,182,225,222,238,217,227,234,225,230,228,227,220,226,227,220,231,171,50,53,38,37,62,210,235,219,225,226,226,226,228,229,229,227,226,229,229,229,229,229,228,227,227,229,226,228,228,229,231,226,226,239,201,56,135,152,125,116,54,202,231,226,223,198,228,238,227,229,230,223,231,225,231,223,231,222,221,171,198,140,147,237,133,175,130,228,227,226,228,220,226,222,228,225,227,224,236,227,180,113,159,234,224,226,222,235,184,200,220,219,232,227,227,226,223,224,226,231,221,221,227,223,226,226,227,225,222,221,225,229,229,234,230,233,221,214,201,180,169,151,117,102,106,104,101,117,193,233,233,226,220,221,205,218,227,235,232,222,221,224,224,225,224,224,225,225,225,225,225,224,221,223,221,221,223,223,223,222,223,223,223,222,221,222,224,224,223,219,223,219,220,225,218,216,219,215,217,225,219,211,223,219,217,214,229,148,105,146,77,32,23,171,226,214,221,219,222,222,217,222,220,219,217,218,218,218,218,216,220,221,218,215,215,214,212,220,205,166,214,214,181,171,225,210,210,213,217,219,218,217,218,217,216,216,217,218,218,217,215,219,209,214,218,211,216,222,214,217,218,218,216,214,212,212,213,213,214,214,213,212,213,214,213,217,208,222,180,83,41,54,46
212,212,216,223,218,215,228,220,203,193,98,95,168,161,225,212,214,210,134,120,114,213,216,141,150,181,204,212,216,206,205,209,212,221,224,210,206,159,109,104,62,26,34,52,81,162,224,223,232,137,87,27,163,243,236,115,1,83,107,177,209,199,103,145,156,189,207,220,211,215,221,224,181,26,184,228,222,221,216,221,217,219,222,218,223,220,224,222,218,222,222,219,217,219,223,221,223,221,220,220,221,222,222,221,222,213,227,221,215,228,199,37,52,210,220,183,97,36,65,158,233,109,38,205,227,227,219,225,220,219,218,223,233,223,222,224,223,224,224,223,223,224,224,224,225,224,224,225,224,223,223,225,224,230,227,221,223,222,233,173,196,211,196,234,226,230,224,222,221,226,226,226,225,227,222,223,226,222,224,221,220,228,223,227,224,224,229,102,28,42,71,216,222,219,224,225,224,225,224,226,211,211,226,157,218,164,119,124,208,169,177,97,155,254,117,148,253,104,75,116,233,136,65,193,222,146,229,171,189,205,185,222,224,230,226,229,230,210,73,36,47,54,41,167,236,215,222,229,226,225,225,227,228,228,226,226,229,229,229,229,229,228,227,226,229,226,228,228,229,230,225,226,231,113,84,255,253,186,15,122,242,215,231,223,237,227,228,225,225,222,229,227,223,227,221,210,230,243,159,102,196,112,159,224,157,216,234,216,229,227,228,220,227,228,227,224,204,156,186,200,184,133,228,212,198,232,178,114,189,242,227,218,222,224,227,225,229,222,223,227,229,224,227,226,221,226,223,220,223,222,220,225,220,218,221,222,224,229,228,231,233,212,142,101,114,117,103,109,148,202,220,235,218,173,168,179,169,211,227,221,228,227,219,226,223,224,224,224,225,225,224,222,223,222,222,223,224,223,223,223,223,223,222,222,222,223,222,220,219,222,226,213,225,228,221,224,219,223,223,219,218,225,216,224,210,216,210,118,221,224,186,133,94,220,218,219,221,219,222,219,220,220,218,217,218,220,220,219,219,220,220,220,218,216,214,214,212,213,181,183,214,212,168,200,219,212,209,213,218,218,217,218,216,216,216,217,218,218,216,214,217,216,211,221,213,212,220,216,216,217,217,216,213,212,212,213,216,217,216,212,211,213,215,215,212,214,158,77,49,65,43,71
215,220,215,210,219,220,202,119,170,212,226,160,125,205,218,212,220,148,89,193,214,215,155,121,77,192,215,209,209,211,216,217,200,178,123,84,37,27,153,211,174,26,6,12,5,11,110,182,99,100,178,179,73,148,111,58,145,209,100,132,142,174,206,144,185,222,221,216,216,222,211,221,198,45,152,226,215,219,226,217,218,217,219,216,226,225,224,219,226,223,219,223,224,226,221,223,222,222,221,221,221,221,221,220,222,222,222,222,214,221,225,106,33,193,217,227,227,178,78,28,38,41,172,231,220,190,222,222,227,223,224,221,217,221,230,223,224,224,223,223,224,225,224,222,220,223,226,225,223,223,223,224,224,226,222,223,227,228,216,222,217,238,225,224,224,224,226,228,227,223,225,225,218,223,228,221,225,228,225,223,229,220,228,220,220,223,213,77,39,36,98,223,219,218,224,224,223,226,223,221,224,238,219,235,227,230,225,229,232,198,137,157,224,226,144,191,237,103,154,117,146,59,106,114,209,19,101,79,184,111,120,120,221,226,223,218,200,94,34,38,50,45,125,239,222,225,228,226,226,225,226,227,228,227,227,227,229,229,228,228,229,229,228,228,229,226,230,229,228,228,227,230,197,61,81,142,196,121,51,201,229,227,226,227,225,227,231,225,224,224,235,229,233,233,216,114,162,170,228,160,183,235,210,229,229,227,223,227,229,225,223,230,228,225,217,234,144,126,150,177,232,198,141,222,195,193,197,215,153,188,212,210,226,228,224,223,230,222,228,220,225,229,225,221,223,227,227,228,229,225,221,223,223,221,226,227,228,224,222,223,225,219,230,165,103,103,110,101,89,164,227,223,219,233,193,103,197,218,231,220,222,230,225,227,223,224,224,224,224,225,224,223,223,222,222,224,224,223,223,223,222,222,221,221,222,224,223,221,224,218,229,222,218,217,215,223,221,222,220,222,221,224,226,211,217,224,229,156,134,225,222,229,165,146,225,210,225,220,221,223,221,221,219,217,219,222,222,220,221,220,219,219,219,218,217,216,214,224,208,158,209,213,186,176,219,216,213,212,214,216,218,218,217,217,217,217,217,217,216,215,213,222,216,210,216,214,216,214,215,216,216,215,214,213,213,214,216,218,217,214,213,214,213,210,206,139,52,40,51,46,88,189
202,216,214,213,216,220,205,115,93,189,163,199,229,216,212,210,215,205,177,152,212,161,128,107,159,215,206,207,214,200,173,115,49,26,11,9,6,75,229,216,210,78,109,73,18,29,15,73,161,227,215,221,108,3,111,138,147,217,188,195,187,92,219,230,230,212,219,210,220,220,216,217,229,78,106,229,210,217,219,222,219,225,222,222,218,223,221,224,222,221,227,219,220,222,219,225,222,223,223,222,221,221,220,220,218,220,220,225,221,214,225,195,37,139,234,208,219,230,221,176,139,186,228,227,162,136,232,221,219,221,224,225,229,223,219,224,223,224,225,225,227,227,223,218,213,220,225,224,223,223,224,223,226,223,227,224,223,224,233,220,225,221,220,227,223,226,222,224,220,227,226,225,224,231,220,228,225,228,222,227,222,227,223,222,220,223,202,47,32,11,118,236,221,219,224,222,223,230,228,225,224,222,223,216,225,220,225,221,221,233,238,239,221,223,240,225,226,200,233,180,95,170,141,86,162,99,112,51,214,93,222,110,188,234,212,142,154,172,109,49,39,86,228,218,218,226,228,225,227,226,226,228,228,227,227,229,229,228,228,228,229,230,229,229,228,227,231,229,226,227,228,235,97,128,227,145,113,34,121,235,223,225,229,226,226,227,229,228,228,225,210,163,157,223,229,141,124,112,154,202,208,227,229,224,224,218,227,226,222,223,230,224,225,226,225,219,215,177,194,152,141,241,205,227,201,188,213,223,234,163,217,228,222,225,228,228,227,227,223,223,229,220,227,227,226,224,226,228,224,222,224,226,227,224,227,222,227,224,226,224,225,226,221,231,207,132,106,98,156,228,223,220,227,218,130,215,222,197,217,232,222,224,225,225,225,225,225,224,224,225,225,223,224,223,222,224,224,223,222,222,225,223,221,220,221,224,225,224,219,225,222,220,222,223,222,221,226,219,216,171,220,220,221,222,218,219,212,227,119,192,218,216,221,122,196,223,217,222,220,224,223,223,220,218,220,222,222,220,221,222,220,216,217,221,221,216,216,211,222,186,174,218,211,166,201,210,218,218,215,216,217,217,217,218,218,217,216,215,216,218,218,218,218,220,215,218,215,217,216,216,216,216,215,214,214,215,213,215,215,214,214,213,207,200,122,36,49,46,40,111,203,212
