185,255,255,255,255,156,32,30,22,26,46,24,38,56,255,255,255,255,255,255,255,255,255,255,255,222,255,255,255,255,255,230,255,216,166,255,48,44,212,102,66,68,194,36,52,72,82,152,18,86,66,244,255,242,255,255,255,255,255,255,255,255,255,255,72,78,30,120,255,255,246,255,255,255,255,255,255,70,255,255,232,90,194,255,255,255,202,82,130,248,255,255,255,255,255,150,255,255,255,58,34,32,18,20,34,30,174,255,255,255,255,255,255,255,254,44,20,22,6,14,14,14,16,14,255,255,80,255,255,14,6,10,16,22,10,10,8,14,14,10,18,6,12,6,10,8,6,20,26,20,14,6,8,14,12,12,8,22,20,12,10,14,20,22,10,22,6,12,4,4,0,8,8,4,0,2,2,4,14,255,255,66,90,48,110,255,198,6,6,4,4,4,2,0,0,0,0,0,0,0,0,0,0,4,4,4,4,4,8,6,6,30,48,38,16,28,12,14,24,76,230,56,174,255,255,255,255,255,54,68,68,124,24,58,48,148,84,128,128,86,144,78,20,62,68,44,166,255,82,255,106,16,18,94,255,192,202,8,2,104,255,224,172,14,14,30,255,228,255,112,20,22,12,34,34,62,30,10,174,255,216,255,42,20,6,200,255,255,254,28,8,72,236,192,130,20,26,56,255,46,255,74,8,12,8,46,94,86,38,8,56,120,86,50,18,10,2,16,28,14,22,160,206,66,248,140,110,255,255,130,255,255,255,255,255,255,255,255,144,255,255,255,62,74,46,66,22,58,98,82,64,26,18,44,32,26,126,255,255,255,36,192,88,74,38,30,20,30,12,22,16,14,36,54,50,38,42,110,104,138,92,70,52,24,14,4,2,10,6,6,4,16,14,12,88,154,172,122,20,150,208,166,104,30,10,6,4,10,4,0,0,0,4,4,4,6,6,12,10,8,8,4,8,8,8,8,6,4,2,4,6,2,6,12,14,12,14,12,4,14,10,14,8,30,10,72,80,56,36,16,24,2,32,36,16,4,18,8,12,4,4,14,4,14,10,24,24,18,12,8,24,54,78,132,78,18,4,12,12,32,12,60,255,255,255,214,255,255,255,255,50,255,255,255,255,255,255,255,255,255,255,255,255,255,255,255,255,255,255,255,26,159
192,255,255,114,255,255,54,10,2,12,24,28,22,78,255,255,255,255,255,255,172,255,226,255,255,178,255,254,166,176,186,192,255,226,200,255,108,86,255,255,255,255,255,255,255,255,255,255,255,255,255,255,255,255,255,255,255,255,136,230,255,255,255,210,56,100,50,206,255,255,114,255,255,255,255,255,255,255,255,255,22,126,255,255,255,186,255,136,246,56,255,255,255,255,255,255,255,255,24,2,12,16,18,24,6,14,18,38,82,244,255,255,255,255,255,255,255,254,94,6,24,26,28,6,255,255,154,255,255,126,42,6,18,14,16,26,30,24,28,20,10,24,14,10,10,4,8,12,18,16,14,10,8,4,8,16,18,12,4,14,28,6,12,4,24,18,6,12,4,10,6,10,8,6,4,6,8,14,34,255,254,46,60,30,94,255,190,2,6,4,4,4,2,0,0,0,0,0,0,0,0,0,0,4,6,6,6,4,8,4,4,20,36,34,18,20,8,24,46,14,178,150,182,18,255,184,132,114,64,116,102,78,70,76,48,80,146,22,122,92,92,158,154,64,22,14,172,255,240,255,46,14,12,12,124,120,116,14,12,255,255,255,202,2,6,16,255,244,255,84,24,8,110,216,176,82,14,20,214,255,248,255,4,6,22,64,255,202,194,46,20,246,255,255,178,14,32,22,255,200,255,96,10,22,50,56,42,22,16,14,86,124,124,84,6,10,12,6,16,18,120,196,28,152,220,255,255,92,255,255,255,102,255,255,255,255,244,200,122,255,255,255,56,50,54,58,46,92,82,60,54,44,46,48,40,90,255,255,255,230,108,170,62,42,52,24,36,10,14,6,8,4,50,48,8,24,42,28,52,40,90,148,196,98,12,22,16,12,12,10,12,8,14,22,20,36,88,160,188,114,26,144,194,162,86,20,10,2,8,8,2,4,2,10,12,8,4,10,10,4,2,4,4,2,6,8,6,2,6,8,4,6,6,6,8,2,10,14,8,10,2,16,22,24,30,24,58,40,26,6,20,22,8,26,26,12,10,8,4,8,10,6,8,12,6,12,16,6,18,22,26,58,246,255,255,200,6,8,12,26,10,32,92,255,255,255,255,254,255,255,255,255,108,255,255,255,255,255,255,255,255,255,255,255,255,50,255,255,255,252,196,183
186,255,255,255,255,255,60,24,18,8,16,12,28,86,255,255,218,255,188,255,255,255,255,255,255,255,255,255,255,255,255,255,255,196,146,255,255,244,255,255,255,255,255,255,255,255,248,240,255,255,255,222,186,178,180,92,255,255,236,216,255,255,255,166,36,92,98,255,255,255,16,255,255,255,255,200,255,255,255,48,196,255,255,255,174,255,160,255,132,255,255,255,255,240,255,255,255,14,22,6,10,4,14,34,26,10,14,14,8,28,26,36,212,255,255,255,255,255,255,255,255,148,48,18,255,255,196,255,255,255,255,255,255,255,255,254,255,255,255,236,214,190,144,104,76,52,28,10,18,14,18,12,12,8,18,10,14,16,12,2,16,4,14,10,0,6,4,12,12,8,6,10,6,4,6,2,10,16,124,255,220,32,16,20,96,255,164,12,4,14,8,10,8,0,0,0,0,0,0,0,0,0,0,2,6,8,6,0,6,8,4,18,24,20,8,12,20,14,44,32,56,206,38,212,58,204,116,78,78,112,108,26,54,62,80,8,148,130,12,136,176,26,166,80,6,12,146,255,234,255,22,2,24,92,112,62,44,26,18,255,240,255,204,4,2,12,154,214,140,92,4,32,255,255,255,82,12,20,214,255,202,255,26,12,10,56,92,14,96,40,16,255,255,255,188,24,36,4,190,248,246,80,14,28,98,68,94,24,14,20,96,154,84,134,10,8,16,4,24,108,152,34,110,255,255,255,255,255,196,255,255,255,84,255,255,116,255,104,255,255,255,18,32,58,76,34,68,86,70,76,32,36,72,62,36,172,255,255,255,170,168,148,60,38,24,14,44,8,6,24,10,20,44,60,30,42,28,28,16,58,128,174,250,196,10,4,12,24,36,32,14,14,12,16,18,20,22,56,124,180,166,68,56,148,182,146,66,10,12,14,8,10,6,8,14,10,2,8,14,12,6,2,4,6,8,10,8,8,8,2,4,6,6,4,2,10,14,12,6,10,2,14,8,16,30,10,32,24,12,18,12,16,16,12,16,10,8,4,24,22,8,14,16,8,10,20,14,14,18,12,90,255,255,255,255,255,180,8,4,18,34,32,40,102,255,255,255,255,130,255,255,255,255,255,94,100,255,255,255,255,132,132,255,255,255,255,255,186,255,255,255,193
198,108,255,255,255,255,228,20,20,32,24,20,40,64,255,255,255,255,255,255,255,255,255,255,255,255,255,255,255,255,255,255,255,170,102,224,255,236,216,168,154,172,136,56,82,78,34,48,108,134,82,52,22,16,16,94,255,255,255,162,255,255,255,102,26,46,146,255,255,255,164,255,255,255,255,255,255,255,42,164,255,255,188,250,255,164,222,180,255,255,255,255,214,255,255,212,14,20,22,22,26,14,12,4,12,24,6,22,36,16,12,22,14,42,100,234,255,255,255,255,255,255,255,255,255,255,208,255,255,255,255,255,255,255,255,255,255,255,255,255,255,255,255,255,255,255,255,255,255,255,255,255,255,210,160,128,96,62,38,14,16,14,14,2,6,8,10,10,16,14,6,6,8,8,10,6,14,12,224,255,98,42,36,34,92,230,184,8,8,10,16,2,8,0,0,0,0,0,0,0,0,0,0,0,4,8,6,2,4,10,2,18,28,26,16,20,4,32,22,32,22,104,208,54,136,104,132,114,92,86,68,14,36,44,26,50,94,216,174,8,228,150,114,132,46,14,36,255,212,240,54,16,120,255,255,232,16,6,10,255,255,255,162,4,6,8,62,48,74,68,28,116,255,128,255,66,10,2,80,255,228,255,66,18,60,255,174,190,36,18,8,255,178,255,154,8,18,12,52,62,92,28,20,38,188,98,126,16,14,8,42,170,50,104,32,6,10,30,104,118,42,174,255,255,255,255,255,255,255,255,82,255,255,255,255,255,204,255,255,255,96,70,34,68,44,30,78,92,80,58,44,114,100,72,32,255,255,255,214,120,216,130,22,40,42,32,28,14,12,16,14,16,28,64,28,50,74,12,42,86,66,100,190,192,12,20,16,28,40,48,34,16,22,14,8,12,8,16,34,68,124,166,140,62,76,202,202,102,16,16,6,26,22,6,10,8,14,6,6,8,8,2,8,0,4,10,2,10,6,6,2,8,8,0,8,12,10,4,6,6,8,10,10,18,10,6,8,6,4,4,10,10,8,14,14,10,14,6,50,30,30,2,12,18,42,30,28,20,86,232,255,255,255,255,255,255,255,144,10,6,18,4,34,32,154,255,255,255,234,50,126,255,255,255,255,255,255,255,255,112,2,24,50,202,255,255,255,255,216,255,255,149
192,28,255,255,136,255,255,30,10,28,18,6,80,236,255,164,144,172,58,120,144,72,126,86,36,22,84,16,34,18,16,46,18,42,32,30,36,18,10,8,24,24,50,28,20,8,20,36,28,54,74,36,4,22,26,176,255,120,255,255,196,255,255,52,62,192,255,255,255,158,255,255,255,255,255,255,255,58,154,224,255,74,40,126,224,255,154,255,255,248,255,124,255,255,154,8,10,10,4,16,12,22,16,4,12,18,20,32,26,28,6,28,32,52,174,174,172,56,172,255,255,255,255,255,255,108,255,126,120,255,60,255,116,230,255,255,255,255,255,255,255,255,255,255,255,255,255,255,255,255,255,255,255,255,255,255,255,255,255,255,255,255,214,150,78,18,14,22,24,14,12,10,16,16,10,10,10,82,255,212,44,42,80,52,48,206,208,32,12,16,2,12,8,0,0,0,0,0,0,0,0,0,0,0,4,8,6,2,4,12,12,6,22,34,30,12,24,12,22,16,12,20,184,160,130,136,26,100,118,26,100,90,68,60,66,108,190,22,200,110,68,156,62,128,134,14,8,48,76,100,24,14,255,255,255,250,2,14,18,252,255,255,146,6,6,116,206,150,82,34,18,108,255,126,255,16,18,14,10,174,234,218,40,10,182,255,196,224,8,22,8,255,255,255,196,12,8,36,86,48,46,30,18,46,238,144,190,10,18,12,10,82,94,106,14,14,48,126,122,26,124,70,255,255,255,255,255,255,255,255,255,255,255,255,255,246,164,255,255,224,92,62,50,44,14,80,114,120,52,70,154,140,52,66,122,255,255,182,146,192,248,52,26,34,28,62,36,6,10,12,28,18,16,68,50,68,104,50,26,68,42,66,174,168,20,24,22,42,46,82,138,112,30,4,22,10,2,10,8,28,54,94,128,174,144,12,162,212,154,56,12,10,8,18,14,22,4,8,6,8,4,2,6,6,4,14,0,8,4,8,10,8,16,8,14,14,8,2,8,8,12,8,10,12,8,8,4,10,10,10,4,4,14,18,14,4,18,16,42,24,30,36,24,16,26,24,36,246,255,255,255,255,255,168,178,255,255,255,114,12,12,12,20,10,36,190,255,255,255,166,188,38,124,255,255,255,255,255,94,4,12,34,14,38,88,255,255,255,255,255,102,64
197,8,140,255,255,255,255,56,8,10,24,36,255,255,255,255,255,255,255,255,255,255,255,255,255,255,255,255,255,255,255,255,255,255,255,255,255,255,255,220,255,255,255,196,240,252,188,118,182,194,92,46,36,48,30,255,255,126,255,255,64,255,255,8,84,255,255,255,255,110,212,255,255,238,188,198,54,255,255,255,166,244,154,220,138,50,255,255,255,255,255,255,255,108,34,16,6,4,14,24,20,36,36,24,28,18,20,32,58,56,32,42,34,255,255,160,255,255,255,255,255,255,218,254,255,255,255,136,248,255,182,255,228,255,100,244,255,204,78,66,48,34,20,36,60,82,116,154,196,228,242,255,255,255,255,255,255,255,255,255,255,255,255,224,150,66,22,16,22,24,22,26,42,72,98,108,122,255,255,98,28,30,82,32,24,164,240,76,14,10,10,4,2,0,0,0,0,0,0,0,0,0,0,0,4,6,6,8,10,10,14,10,10,32,38,16,6,6,10,24,14,24,40,212,78,112,84,38,126,50,38,72,44,150,26,14,102,162,104,255,255,36,180,90,96,90,186,216,194,52,20,8,255,255,255,255,18,14,4,68,184,144,100,10,18,255,244,250,106,4,12,112,255,170,255,58,14,10,58,98,40,66,32,26,255,248,255,196,18,4,14,146,255,240,160,42,14,150,148,122,68,24,22,78,252,44,250,20,6,4,10,18,22,22,16,38,118,96,64,138,68,14,255,255,255,255,166,255,255,160,255,255,230,88,146,48,255,255,255,84,106,76,44,26,54,102,128,78,54,118,94,2,76,18,255,255,162,184,150,255,174,2,12,14,28,36,40,14,14,8,22,12,8,38,6,30,72,100,48,94,74,98,124,104,14,8,24,52,110,92,118,220,236,110,24,6,2,4,2,6,4,22,44,126,206,182,80,78,202,188,120,34,22,12,16,20,6,6,4,4,2,4,2,8,2,14,0,6,6,4,14,2,16,10,12,10,6,8,10,6,14,8,10,16,12,18,18,8,6,14,8,8,14,10,4,4,18,18,38,36,4,34,14,28,66,208,255,255,255,255,255,255,98,54,66,255,255,255,255,68,6,12,8,8,22,46,214,255,255,255,58,66,24,76,142,255,255,86,20,46,36,20,12,24,18,24,134,255,255,255,255,31
189,2,66,255,255,255,255,216,12,30,20,50,255,255,255,255,255,255,255,255,255,255,255,255,255,255,255,255,255,255,255,255,255,255,255,255,255,255,255,255,255,255,255,255,255,255,255,255,255,255,255,124,26,16,28,255,255,96,255,255,190,255,198,8,120,255,255,255,184,104,255,255,255,255,164,84,44,255,255,255,255,255,255,138,255,255,255,255,255,255,255,255,70,16,18,18,20,8,10,54,130,156,132,90,232,255,254,210,255,255,255,255,78,255,90,134,255,226,255,255,140,255,255,255,255,232,255,255,255,124,234,255,255,255,226,255,250,112,20,34,36,36,46,56,62,76,80,76,84,94,90,82,86,88,98,130,182,255,255,255,255,255,255,206,116,34,16,4,16,52,96,142,196,242,255,255,255,255,204,50,42,36,48,8,30,102,214,98,14,10,6,6,2,0,0,0,0,0,0,0,0,0,0,0,4,6,4,12,10,6,12,18,4,20,36,26,18,8,10,22,18,20,36,86,184,46,118,46,78,100,88,110,112,132,156,118,68,62,255,255,255,255,44,138,62,60,255,142,254,84,16,16,255,255,255,255,8,16,20,56,68,32,44,10,32,255,102,255,80,14,16,20,255,255,255,58,12,60,255,168,208,44,20,2,255,236,255,208,10,8,4,14,58,74,76,30,24,242,72,194,26,12,16,32,250,142,192,62,2,6,10,8,4,8,24,82,60,58,112,44,46,58,255,255,255,255,158,255,255,255,255,255,255,198,138,255,255,255,116,154,142,52,34,54,82,114,96,14,74,46,50,72,44,160,255,255,208,200,255,255,70,14,12,14,34,26,16,20,2,18,38,18,24,38,48,92,255,226,84,24,48,94,180,78,4,10,6,8,56,166,222,92,140,255,255,96,6,12,4,2,4,4,10,28,88,152,198,160,14,114,206,220,118,44,6,10,2,2,2,2,6,6,2,4,4,12,4,2,4,4,14,2,8,6,8,8,6,8,12,4,12,10,4,6,6,8,8,12,10,6,0,6,8,8,6,4,18,18,18,20,16,14,76,255,255,255,255,255,255,255,92,56,64,54,50,46,255,255,255,255,42,14,14,6,4,36,48,255,255,255,255,84,72,84,186,170,76,28,42,38,6,10,16,22,38,20,18,58,198,255,255,117
189,10,26,255,255,28,255,255,38,30,14,68,255,255,255,132,255,198,136,72,192,255,255,255,76,255,236,232,255,186,255,255,255,114,255,255,255,140,255,182,142,118,246,255,255,255,255,236,255,255,255,255,26,16,118,255,255,254,80,214,255,255,118,80,124,255,255,182,204,96,255,255,255,255,82,60,42,242,255,192,255,255,246,188,255,46,255,255,255,255,255,24,40,80,116,150,204,194,176,248,255,255,255,196,255,246,255,255,255,255,255,255,176,255,70,180,255,255,255,170,255,255,222,255,255,255,255,172,196,255,255,255,255,255,255,140,128,90,18,30,32,30,42,30,32,54,40,26,36,52,52,42,64,98,92,134,255,255,255,255,255,255,198,122,46,40,102,150,218,255,255,254,250,230,180,144,124,64,18,70,36,10,20,26,34,102,196,100,10,6,6,4,2,0,0,0,0,0,0,0,0,0,0,0,2,6,6,14,18,10,2,18,16,8,20,24,8,12,16,30,10,8,28,4,96,164,8,96,70,98,196,52,116,120,104,96,36,38,255,255,255,255,255,16,94,130,255,224,255,42,2,10,158,255,255,255,40,6,126,255,212,152,24,10,52,255,36,255,52,22,6,26,70,130,146,60,10,170,255,202,244,22,18,0,210,255,220,212,8,10,62,138,132,74,16,12,32,252,68,255,26,24,16,8,102,140,146,40,22,12,22,18,16,38,88,68,48,38,78,150,160,156,255,255,100,255,255,14,62,255,255,255,255,142,224,255,255,14,210,118,202,96,24,68,112,104,34,20,56,66,36,24,76,255,224,204,218,255,255,255,52,16,4,24,24,22,4,16,10,10,30,26,22,54,48,106,255,255,255,94,20,72,172,60,14,10,6,10,14,34,148,255,255,78,218,255,238,94,6,10,8,6,8,12,8,30,100,178,176,128,30,162,255,212,84,4,14,0,0,4,4,4,6,2,4,6,12,6,2,14,12,2,4,2,4,6,4,4,8,10,14,24,10,14,14,18,12,10,12,10,12,20,24,16,10,4,18,2,14,66,122,255,255,255,255,255,255,255,138,64,44,62,78,54,38,36,44,255,255,255,255,16,16,12,4,6,30,60,255,255,255,255,106,190,138,54,26,28,8,16,18,20,14,8,22,14,12,8,12,108,255,203
200,26,14,234,255,255,255,255,22,12,24,32,255,255,255,255,255,255,255,255,255,255,255,255,44,255,255,255,255,255,255,255,255,255,255,255,255,255,255,255,252,142,255,255,255,255,255,255,255,255,255,216,134,218,255,255,255,255,210,255,255,255,255,255,255,255,255,224,90,18,184,255,255,255,255,255,255,255,208,255,255,52,255,255,252,255,255,118,255,255,212,240,255,255,252,255,255,255,255,180,255,220,255,174,238,76,100,30,255,255,255,255,216,255,126,255,192,255,255,228,255,255,255,255,255,255,255,188,236,255,130,60,92,90,34,10,22,50,66,34,18,36,40,14,24,52,46,42,58,74,68,60,100,128,84,104,255,255,202,88,50,22,112,178,232,255,255,255,255,255,176,110,54,34,16,52,82,92,54,60,64,36,38,34,32,72,162,114,4,8,8,0,2,0,0,0,0,0,0,0,0,0,0,0,0,2,4,12,18,16,10,6,16,10,2,26,14,6,2,14,18,20,16,16,8,126,138,54,122,40,212,158,38,30,50,102,60,94,198,255,255,255,255,255,34,90,220,188,122,32,18,26,44,190,172,164,38,30,255,255,255,174,14,6,30,255,202,255,92,14,2,92,152,116,54,20,10,206,255,255,255,12,2,8,64,255,184,192,22,18,150,192,180,94,12,8,20,255,72,255,70,18,32,14,16,28,32,26,16,12,18,20,60,70,38,26,42,54,104,94,40,114,66,255,255,56,255,255,255,255,255,255,255,174,255,255,104,255,158,98,236,232,108,98,118,68,22,58,72,66,60,64,190,172,146,255,255,255,255,146,24,18,12,32,20,14,8,12,16,4,8,6,24,76,40,110,255,255,255,108,120,176,158,26,12,8,2,12,8,10,6,48,178,255,255,16,255,255,208,62,2,12,12,16,16,12,14,72,118,162,224,158,58,216,236,160,46,2,0,4,4,4,8,6,2,16,18,16,12,22,10,4,2,2,6,10,8,0,6,18,4,16,4,10,10,14,12,6,4,6,6,20,24,18,18,14,32,66,194,255,255,255,255,255,255,224,104,64,90,74,54,66,86,54,40,46,28,96,255,255,255,234,8,14,10,8,10,28,76,255,255,255,255,108,38,22,16,12,14,18,26,26,12,6,24,26,10,4,22,20,48,215
169,255,22,120,255,255,255,255,142,34,22,24,74,255,255,255,255,255,255,255,204,255,255,255,255,50,222,255,248,174,154,82,255,136,255,230,255,194,255,255,255,255,255,255,255,255,255,255,255,222,204,255,255,255,255,255,255,252,200,60,158,244,255,255,255,255,255,186,114,74,222,255,255,255,255,255,255,255,255,255,255,255,255,244,255,88,255,208,255,255,255,255,255,255,162,255,218,114,255,186,255,202,255,90,176,88,170,255,255,255,255,255,220,255,255,126,198,255,255,198,198,186,70,52,52,50,28,92,106,116,12,38,28,26,48,44,48,74,48,30,40,76,128,182,255,255,255,160,62,80,86,88,120,124,78,70,212,255,255,50,8,58,198,255,255,255,194,104,54,34,68,90,58,76,46,62,72,38,30,62,58,36,40,32,26,52,172,138,18,8,4,2,2,0,0,0,0,0,0,0,0,0,0,0,0,0,0,6,12,16,14,12,16,16,8,16,20,10,30,36,18,4,4,16,16,38,154,92,112,98,126,122,108,190,164,114,56,255,255,118,255,255,255,255,198,74,4,28,18,32,48,32,120,126,88,58,18,18,255,168,255,164,10,18,8,192,248,216,78,10,40,255,160,206,64,22,2,214,255,206,255,10,12,2,54,46,58,76,20,16,248,160,230,104,22,26,10,198,238,210,84,8,8,58,30,38,10,12,12,28,20,10,42,18,52,34,22,108,34,102,134,118,42,114,255,255,255,168,176,255,255,255,128,255,255,132,228,206,152,136,164,194,196,158,126,60,76,114,124,96,66,140,255,132,164,255,255,255,162,10,28,8,16,8,24,18,24,2,26,12,14,24,38,56,64,48,250,255,184,150,72,224,152,12,10,8,8,2,8,8,10,4,16,68,248,255,214,86,255,255,150,40,20,8,4,6,4,14,34,58,142,242,198,50,120,255,250,128,30,2,10,2,12,12,8,26,8,24,26,24,16,10,4,2,4,4,8,6,6,14,8,30,24,34,30,4,14,20,12,10,10,20,14,20,22,116,255,255,255,255,255,255,255,228,66,40,90,84,92,88,56,76,70,28,20,22,84,100,78,255,255,255,130,8,0,6,4,14,30,102,255,255,255,255,14,14,24,10,10,8,22,38,20,12,6,24,16,32,18,4,10,221
89,255,64,78,255,255,98,255,255,40,36,18,14,28,18,24,46,34,32,28,146,255,255,122,174,162,255,255,255,255,255,255,255,255,255,194,255,255,255,255,244,250,176,116,108,134,255,255,255,255,255,255,255,255,210,222,214,82,174,156,255,255,255,174,255,255,255,146,16,228,255,255,255,255,74,255,255,255,156,255,255,252,255,255,94,255,255,255,22,255,255,255,206,255,210,255,255,255,255,255,255,255,255,255,255,255,255,255,114,112,94,62,68,62,238,230,248,122,18,4,10,36,30,52,58,48,54,32,20,2,22,18,16,40,72,64,62,52,20,48,62,148,255,255,255,255,255,255,152,84,100,84,88,102,82,62,118,255,255,126,2,68,196,224,120,36,26,68,68,70,74,46,28,34,54,72,58,26,38,52,26,12,30,30,36,10,148,154,36,10,10,4,2,0,0,0,0,0,0,0,0,0,0,0,0,0,0,4,8,18,24,14,12,18,10,12,16,22,16,20,32,8,6,12,20,30,38,156,54,76,44,186,174,34,196,146,120,255,255,255,255,255,255,255,92,112,86,24,34,16,34,92,255,176,228,28,14,24,255,124,255,114,16,10,12,52,58,80,48,12,124,255,174,255,30,8,10,102,255,222,255,40,18,58,176,118,110,6,8,18,255,132,255,110,12,8,8,40,132,134,70,6,42,128,88,60,0,22,42,88,58,54,48,16,62,58,36,96,50,68,36,40,48,28,24,255,255,255,255,255,255,94,255,255,172,132,92,48,82,110,138,110,184,192,126,72,98,76,38,16,46,170,118,255,40,255,255,255,40,32,14,6,12,26,46,22,16,10,20,10,6,16,34,60,96,52,86,44,62,90,36,156,116,16,8,4,8,2,16,8,4,6,18,16,6,118,255,255,148,148,255,255,140,26,22,16,6,4,6,16,40,106,170,210,170,66,246,255,228,84,14,8,8,10,20,10,16,22,24,10,10,12,10,6,2,6,12,8,8,14,12,22,10,16,18,12,34,22,20,12,42,76,114,212,255,255,255,255,255,255,255,186,72,22,70,104,106,74,58,68,24,20,30,22,12,208,255,255,255,248,255,255,255,130,2,16,10,12,30,50,134,255,255,255,188,8,20,20,6,8,2,16,14,8,8,12,12,8,24,46,144,218
96,255,58,32,255,255,255,255,255,255,38,8,6,26,20,18,46,30,10,20,182,255,255,255,255,255,118,255,255,255,204,255,255,138,255,98,255,114,255,255,222,255,255,255,255,255,255,255,255,255,255,168,84,154,192,136,222,130,255,112,194,255,255,170,255,255,255,152,10,234,255,255,255,255,128,255,188,255,204,255,236,255,255,255,255,255,255,255,255,255,248,255,255,255,255,240,255,255,206,138,255,255,255,122,116,134,130,24,34,12,42,46,80,62,58,14,18,34,52,38,46,42,48,54,48,30,38,22,40,42,42,46,40,46,42,32,48,38,34,62,44,150,255,255,255,255,255,255,255,88,108,90,94,122,88,66,92,176,255,202,24,40,222,255,200,116,136,168,184,144,126,46,36,16,22,50,38,18,20,38,32,22,36,26,38,30,110,168,58,4,6,4,2,0,0,0,0,0,0,0,0,0,0,0,0,0,0,2,4,16,32,26,2,14,10,8,10,26,26,22,18,12,6,6,14,32,32,70,134,38,58,62,94,255,255,255,162,255,255,255,255,255,255,255,176,255,255,186,12,46,26,82,232,176,246,12,2,16,255,255,255,142,10,20,98,180,152,58,18,22,148,255,190,255,6,8,16,10,154,152,146,20,32,188,255,216,120,6,14,2,255,255,250,152,10,6,20,16,20,10,2,8,60,158,128,118,18,36,54,46,10,62,16,50,36,18,104,170,114,144,98,36,34,46,54,72,180,108,90,124,112,255,255,152,116,106,80,46,100,90,168,108,190,194,78,32,48,30,24,38,98,42,232,202,255,255,255,204,20,20,28,8,20,34,22,20,4,18,22,12,6,2,30,74,26,36,22,78,74,70,94,202,236,104,62,40,24,10,16,16,4,6,8,10,10,6,30,154,255,255,114,204,255,255,86,24,36,14,12,4,10,38,64,130,244,255,122,144,255,255,116,36,6,18,8,18,4,2,16,16,12,16,4,22,18,6,14,22,16,12,20,14,6,22,16,12,34,24,42,160,255,255,255,255,255,255,255,255,255,104,62,64,66,74,114,100,48,28,30,74,44,152,198,96,8,255,255,255,255,204,255,255,255,255,84,14,8,16,8,32,34,178,255,255,255,118,14,8,18,6,14,8,18,14,24,4,24,22,104,255,255,170
182,246,8,12,112,255,255,158,255,255,166,14,14,18,18,34,42,10,26,46,186,255,255,255,255,255,255,255,255,255,255,255,255,255,255,130,255,255,174,255,255,255,255,194,228,255,242,146,56,30,8,32,24,80,242,130,255,192,255,255,214,164,216,255,208,220,255,88,74,255,255,222,184,174,160,250,224,255,80,255,255,255,255,255,255,78,76,255,255,255,180,204,192,108,88,38,12,6,18,14,28,44,28,52,42,44,44,54,46,54,64,46,56,42,50,50,54,30,26,50,74,54,60,46,42,36,32,26,28,52,62,56,26,34,38,22,48,46,36,66,32,130,255,255,106,32,162,255,255,130,120,98,100,106,60,42,46,98,255,255,46,20,142,255,255,250,255,255,255,226,238,130,58,36,18,28,16,10,14,24,20,18,34,24,24,34,70,168,90,2,4,6,2,0,0,0,0,0,0,0,0,0,0,0,0,0,0,0,2,10,28,32,14,8,12,6,2,12,24,20,6,6,8,2,12,28,18,30,50,100,34,62,34,255,255,255,255,220,255,255,255,255,255,120,255,255,255,208,68,44,14,94,202,170,116,22,16,20,126,255,222,114,18,26,255,224,244,92,16,8,132,255,156,255,52,12,4,20,54,12,56,34,32,255,230,255,126,12,10,14,134,255,194,128,26,10,68,42,48,16,16,4,62,172,98,94,50,40,4,40,46,22,108,52,26,60,164,100,98,14,34,56,34,56,58,238,126,146,146,18,255,255,152,96,50,32,78,52,64,86,194,236,255,224,50,34,64,80,102,112,100,150,110,255,255,255,255,78,14,24,28,22,38,30,26,24,12,14,34,32,32,30,64,78,46,90,86,84,120,96,178,216,255,255,255,255,228,154,60,10,8,10,34,50,30,20,12,10,36,196,255,255,18,255,255,144,50,36,18,12,24,14,22,34,120,232,255,240,68,230,255,218,86,8,24,14,8,12,20,4,10,6,16,20,22,16,18,24,8,10,2,22,14,48,94,188,255,255,255,255,255,255,255,255,255,255,120,88,74,56,60,88,86,42,32,82,92,140,198,138,100,250,255,255,200,255,255,255,255,255,186,255,255,255,255,56,16,12,22,8,22,46,254,255,255,255,84,6,14,12,4,10,14,30,22,16,22,60,228,255,255,108
193,14,16,14,16,238,255,255,170,255,255,72,30,14,10,28,52,40,22,40,104,170,146,86,74,252,255,255,255,255,255,244,200,138,158,255,255,210,62,228,236,255,255,255,255,255,90,68,96,160,255,255,255,254,255,255,255,244,255,255,255,255,255,255,255,255,255,44,186,255,255,255,255,255,255,255,255,255,255,255,255,255,255,255,58,80,54,10,24,42,46,46,34,52,32,30,52,36,28,48,64,86,46,54,36,40,46,46,52,60,52,34,18,26,64,58,62,56,52,70,60,54,58,72,70,110,158,210,208,116,56,40,52,48,56,38,52,52,40,46,34,60,255,255,255,36,52,255,255,255,78,60,66,66,64,56,62,68,212,255,118,28,38,176,214,222,208,146,100,122,240,190,56,34,30,42,34,34,26,24,34,36,34,14,10,20,36,162,124,4,8,10,2,0,0,0,0,0,0,0,0,0,0,0,0,0,0,0,2,2,18,30,24,6,12,6,6,14,10,20,12,6,12,2,18,10,26,22,24,54,62,12,60,255,255,255,255,255,255,255,255,255,30,255,255,255,255,112,96,138,170,56,38,32,12,26,44,32,68,66,50,58,30,58,255,114,255,80,16,30,42,255,240,244,84,12,46,210,166,146,14,10,6,255,212,255,202,6,12,4,2,66,84,62,40,50,190,142,140,16,8,18,22,100,96,74,38,12,42,10,86,152,150,164,76,76,176,122,168,70,42,44,38,124,218,118,174,250,66,255,255,140,136,72,70,50,50,58,54,176,255,250,224,84,74,106,134,106,122,152,80,142,208,255,255,255,194,22,8,20,12,8,24,22,6,12,14,14,22,12,22,32,44,36,76,58,80,78,114,68,255,255,255,255,255,255,255,255,255,160,32,18,50,128,192,234,186,128,92,60,32,230,255,208,104,255,240,118,32,8,6,6,2,6,12,54,172,255,246,100,116,255,254,128,30,12,6,8,28,24,12,6,6,24,16,16,40,76,112,166,188,236,255,255,255,255,255,255,255,255,255,255,255,158,82,50,56,60,68,38,42,108,76,132,138,178,198,220,255,255,164,172,82,236,255,80,255,255,255,255,136,128,220,255,255,255,24,24,22,8,10,40,72,255,255,255,255,50,12,6,22,16,12,18,16,10,74,255,255,255,166,144
192,14,4,6,4,44,255,255,255,255,255,255,22,22,12,22,8,28,48,30,24,32,22,38,18,12,122,240,255,255,255,255,255,255,255,255,255,255,255,255,255,126,78,255,255,255,255,255,255,255,255,255,255,255,255,255,255,154,255,255,130,152,152,126,242,255,255,32,255,255,255,188,218,210,192,222,226,222,226,242,240,224,136,74,44,32,54,60,40,36,56,54,26,20,20,30,28,18,42,66,56,50,26,52,52,44,62,60,52,48,44,60,48,86,84,56,52,76,82,72,52,46,36,108,255,255,255,255,255,255,100,60,84,58,58,54,54,58,36,4,24,62,182,255,255,116,6,148,255,255,96,62,64,88,106,76,90,98,134,255,164,34,14,42,68,72,34,22,28,34,138,164,62,32,42,42,36,42,38,20,42,32,12,4,4,20,10,132,142,12,6,6,2,0,0,0,0,0,0,0,0,0,0,0,0,0,0,0,2,2,10,26,30,14,6,6,8,14,2,14,16,4,12,8,16,16,28,12,34,16,38,58,10,54,240,255,255,166,255,255,255,80,255,255,166,255,255,74,255,255,255,255,94,30,32,30,22,8,40,6,60,26,8,78,255,56,255,76,24,16,24,92,156,158,74,12,174,255,202,166,10,12,10,194,255,196,210,14,12,18,66,68,22,38,16,26,224,108,238,16,30,26,40,30,26,10,38,20,22,84,86,38,102,76,90,34,98,84,38,28,42,56,10,158,20,228,232,10,255,255,110,210,100,68,62,82,60,62,110,120,122,128,130,90,120,110,128,90,92,48,255,110,255,255,255,255,116,22,24,6,14,10,18,18,6,12,20,8,24,36,28,50,44,38,42,84,112,114,160,255,255,255,255,255,255,255,255,255,255,255,255,74,56,134,255,255,255,255,255,255,232,186,128,126,200,22,226,255,198,60,6,4,4,12,6,4,26,94,214,255,226,20,216,248,150,56,64,78,98,94,116,160,158,204,255,255,255,255,255,255,255,255,255,255,255,255,255,255,255,218,150,106,66,36,26,52,54,76,84,74,118,112,226,255,248,62,100,12,24,196,246,74,255,255,255,255,170,150,76,30,234,255,255,255,255,255,255,24,6,6,6,8,40,92,255,255,255,255,40,14,20,24,10,34,56,146,255,255,255,255,116,168
199,255,255,255,112,16,76,255,255,102,255,255,62,28,32,16,20,26,26,50,40,40,132,255,255,255,255,255,255,255,255,255,255,255,198,118,194,255,255,255,255,255,255,98,224,255,255,255,255,255,255,255,255,162,255,156,255,255,255,240,28,44,38,26,255,255,255,14,255,255,255,14,48,58,60,62,70,56,40,62,64,58,48,44,64,52,52,64,62,32,44,62,46,34,42,32,42,66,60,26,26,34,38,48,48,68,82,54,44,60,62,70,92,104,64,64,64,50,56,54,50,44,58,230,255,255,255,255,255,255,255,84,72,92,64,66,48,64,50,42,74,98,74,255,255,242,18,52,255,255,214,58,64,108,86,32,54,68,76,182,188,48,10,10,18,32,70,104,106,124,162,122,24,34,40,26,20,24,24,22,42,18,10,12,22,24,34,96,146,28,10,10,2,0,0,0,0,0,0,0,0,0,0,0,0,0,0,0,2,2,4,22,36,28,6,10,8,12,10,18,12,8,6,10,10,18,12,30,22,28,14,30,28,14,64,168,255,255,255,255,20,118,255,255,194,255,255,138,255,255,255,255,128,142,56,22,30,46,68,60,42,28,28,34,255,160,255,132,16,8,84,128,80,48,22,10,214,214,220,172,14,16,18,58,254,174,196,16,18,142,152,132,54,16,8,36,255,102,188,34,6,14,20,12,42,8,40,32,34,28,68,46,60,60,58,124,68,12,36,38,4,150,170,4,236,214,28,255,255,122,210,120,34,64,32,36,28,48,110,174,216,206,138,88,108,138,92,58,82,255,236,104,255,255,255,244,22,12,22,8,10,12,30,24,2,42,34,26,4,4,12,52,54,58,32,82,110,14,130,255,255,255,255,255,238,236,240,255,255,255,255,255,122,160,255,255,246,255,255,255,255,255,255,255,220,144,138,255,255,255,118,14,12,4,16,8,10,8,44,142,255,242,52,166,236,234,255,255,255,255,255,255,255,255,255,255,255,255,255,255,255,255,255,255,246,222,190,120,72,50,24,10,22,124,138,198,96,118,84,98,252,214,178,150,255,238,255,255,255,255,255,214,136,226,178,38,176,190,246,116,244,255,184,132,255,255,255,192,8,14,6,8,8,48,106,255,255,255,255,26,70,88,176,232,230,255,255,255,88,255,226,166
149,255,255,255,255,22,28,230,255,255,255,255,230,34,52,44,8,48,162,255,255,255,255,255,255,244,138,212,255,255,174,100,62,12,80,148,255,255,238,14,176,255,255,255,255,255,255,255,140,64,26,255,255,255,255,255,255,255,255,60,58,56,14,40,255,255,230,78,255,255,164,20,20,20,30,22,26,46,30,22,34,34,54,38,42,38,44,40,52,34,32,54,68,48,48,52,76,70,42,44,70,70,56,36,38,78,68,52,62,70,66,84,102,72,62,78,70,72,68,92,96,76,78,212,255,255,142,98,255,255,255,94,66,96,74,60,54,78,62,68,114,104,54,192,255,255,60,2,140,255,255,60,84,122,66,36,56,56,62,116,212,116,14,6,26,88,156,170,158,130,78,38,22,32,14,8,22,18,20,56,60,38,40,42,26,18,30,70,154,58,6,6,2,0,0,0,0,0,0,0,0,0,0,0,0,0,0,2,4,2,4,14,34,36,14,8,2,8,14,14,4,6,6,8,20,18,28,20,20,22,16,10,28,52,14,38,112,152,214,168,138,255,255,255,255,50,255,255,255,255,255,254,48,222,255,255,226,44,20,32,18,8,10,12,255,255,255,120,26,60,255,166,214,40,6,12,230,242,248,255,10,4,14,28,34,62,80,12,30,244,100,202,32,24,16,26,126,100,128,28,20,22,66,58,100,88,74,34,60,48,56,100,76,8,112,86,88,52,22,18,172,206,68,246,150,30,186,252,146,154,110,78,40,48,86,62,38,40,66,88,200,255,194,132,128,84,48,36,240,255,160,255,255,255,255,70,10,2,10,18,18,16,20,32,6,44,16,30,10,12,4,60,120,90,40,148,120,112,252,255,255,114,182,210,218,210,218,238,238,255,255,255,255,212,214,255,255,206,255,255,255,255,255,255,255,255,255,218,255,255,255,212,42,26,16,6,0,6,6,20,102,218,252,112,78,176,255,255,255,255,255,255,255,255,255,255,255,255,255,210,160,146,138,122,100,82,72,42,142,218,200,200,255,255,255,255,255,112,74,84,156,255,255,255,255,255,232,216,186,184,64,100,118,216,255,255,255,255,255,255,106,255,255,255,255,255,255,255,114,12,12,20,6,12,42,140,255,255,255,212,212,236,222,118,36,90,255,255,255,255,255,186
21,30,255,255,255,8,16,80,255,255,28,255,255,88,190,255,255,255,255,255,255,248,8,255,255,255,255,255,255,255,122,214,255,255,255,255,255,255,255,255,255,255,255,242,164,70,40,20,62,68,188,255,38,255,130,255,226,255,222,10,18,70,42,74,255,255,152,184,255,255,72,34,34,44,24,14,18,30,32,16,22,16,20,30,50,24,34,32,44,44,46,42,56,54,70,66,58,30,30,62,100,80,56,48,62,90,78,78,86,80,70,82,86,76,80,84,72,102,84,110,94,102,102,104,255,255,216,32,150,255,255,220,76,104,70,68,64,90,72,74,72,58,52,78,255,255,146,20,32,255,255,182,102,98,48,70,94,84,72,58,168,152,34,14,34,92,130,88,30,18,62,32,28,14,18,38,62,72,100,120,108,108,100,96,58,8,22,44,148,94,10,2,2,0,0,0,0,0,0,0,0,0,0,0,0,0,0,2,4,2,6,2,22,38,26,10,6,4,2,2,6,4,10,14,18,14,16,10,24,6,4,12,6,26,56,64,74,114,84,26,255,255,250,255,255,255,255,255,128,255,255,20,50,255,255,255,255,136,120,36,18,28,18,26,74,180,130,70,24,56,210,106,244,10,14,20,146,255,172,238,48,16,60,90,72,42,10,6,48,218,140,214,28,18,6,26,22,42,54,26,40,100,128,82,120,134,96,96,152,92,52,60,64,20,136,162,72,52,26,118,154,146,255,184,32,174,208,84,52,76,64,122,60,26,68,66,50,46,48,20,104,220,210,122,104,54,28,100,255,154,255,255,255,255,162,6,2,8,8,36,24,20,12,8,6,20,40,24,6,8,8,72,114,42,44,130,76,138,255,255,255,128,108,138,140,134,156,198,190,194,255,255,255,255,255,204,255,255,194,182,255,255,250,230,236,255,255,222,226,255,255,255,255,96,10,24,22,6,14,18,20,62,180,255,206,148,255,255,255,158,226,192,180,186,158,132,118,122,118,96,70,68,66,38,40,124,132,160,255,194,212,132,255,144,30,255,255,122,68,44,28,56,238,255,255,110,46,44,194,255,255,255,168,255,248,134,40,142,142,255,98,138,104,36,82,162,255,255,255,68,24,6,8,6,24,58,208,255,255,255,54,80,148,246,255,216,230,254,255,230,192,215
71,255,255,255,206,22,36,50,255,255,255,255,255,255,255,255,255,255,255,255,255,255,255,255,98,164,255,255,255,255,255,255,255,255,255,255,255,255,255,208,138,66,18,16,32,50,44,40,42,48,255,255,255,255,255,255,255,255,56,26,26,54,42,136,255,255,74,255,255,255,22,28,12,34,24,10,10,22,18,12,26,12,26,40,74,72,48,38,48,52,60,68,76,64,76,60,62,68,66,78,76,52,50,78,96,98,80,58,58,78,86,78,78,66,70,68,76,80,78,112,80,100,100,80,222,255,255,26,40,255,255,255,86,88,60,74,68,82,60,48,48,64,76,62,248,255,244,32,6,138,255,255,88,80,50,72,84,64,44,42,108,156,76,16,12,98,186,110,60,68,60,24,36,58,88,114,126,126,122,110,94,82,86,118,90,24,34,30,102,106,20,6,4,0,0,0,0,0,0,0,0,0,0,0,0,0,0,2,4,2,4,4,8,28,30,22,14,8,8,8,8,6,10,18,8,6,2,8,8,2,2,14,10,14,10,92,112,94,68,42,255,255,255,255,20,255,255,190,255,255,36,32,255,255,128,255,168,56,106,84,106,64,14,16,2,10,44,38,36,68,226,206,156,24,14,18,22,226,194,190,46,24,54,34,56,24,20,34,28,140,146,90,32,34,22,42,30,12,40,52,120,200,102,16,22,24,28,62,82,76,14,128,132,88,28,26,28,20,112,110,144,255,90,112,174,160,82,44,36,12,14,72,58,26,44,70,78,68,68,70,84,172,200,122,116,118,212,255,255,98,255,255,255,255,36,18,26,36,50,18,18,10,12,20,26,32,18,14,22,54,54,52,96,18,28,120,72,84,255,255,255,108,46,88,98,98,110,132,146,144,126,186,255,255,255,255,196,255,255,255,114,250,254,230,234,230,226,200,198,164,255,255,255,255,210,36,16,18,16,10,8,8,42,134,228,200,206,255,255,255,255,84,100,102,86,88,84,64,48,74,108,162,255,255,255,232,162,162,226,118,255,166,255,255,255,255,255,206,64,44,54,80,60,90,100,194,255,255,255,255,144,255,68,106,220,255,255,255,255,255,130,110,186,255,255,242,220,255,255,255,60,12,10,2,8,26,70,252,255,255,255,202,232,172,84,30,24,22,18,18,6,225
193,255,255,84,38,114,238,255,255,255,255,204,255,255,255,255,255,255,170,255,255,255,255,255,255,255,32,236,255,255,255,255,255,255,252,140,74,48,32,32,28,26,34,46,30,56,46,60,58,255,255,24,255,178,255,255,255,226,38,44,42,58,34,238,255,255,16,255,255,255,46,46,36,64,48,28,16,34,14,18,20,34,32,8,16,40,26,46,40,32,58,56,72,60,70,60,66,62,82,146,204,255,255,255,255,255,255,255,232,134,84,72,86,66,44,44,78,72,82,106,74,66,72,118,116,255,255,116,20,120,255,255,186,78,58,92,98,80,56,52,70,80,64,50,120,255,255,88,16,50,255,255,66,78,64,66,64,42,38,50,68,130,104,18,4,48,160,148,78,84,82,86,104,126,132,122,102,74,54,46,30,16,24,90,86,18,20,18,70,106,34,10,6,0,0,0,0,0,0,0,0,0,0,0,0,0,0,2,4,4,2,4,2,14,22,26,20,8,4,4,4,6,4,6,10,4,8,8,8,2,6,10,0,12,32,28,76,74,32,10,168,255,255,52,100,255,255,255,255,96,122,72,255,255,255,255,26,60,44,134,138,108,60,74,78,70,18,8,6,24,52,42,30,14,12,8,12,14,64,70,24,10,28,66,64,20,14,22,10,18,10,16,50,38,18,60,60,92,172,190,206,178,112,78,54,110,80,78,58,108,62,100,72,98,76,72,44,24,76,104,176,40,110,150,108,22,52,68,42,26,14,22,52,36,42,70,88,98,102,62,48,86,120,120,108,255,255,255,142,98,255,255,255,118,10,34,26,30,34,6,2,6,10,6,32,26,30,20,62,64,56,38,78,42,70,120,74,16,255,255,255,74,20,30,22,28,46,54,78,80,70,70,122,255,255,255,255,126,255,255,255,78,162,148,126,166,174,158,158,132,138,246,255,255,255,255,104,12,22,18,10,10,16,6,78,158,176,174,255,255,255,255,104,68,50,52,128,236,255,255,248,255,255,255,255,255,120,120,206,255,202,128,255,255,255,220,230,122,24,104,236,210,230,255,255,248,255,130,36,242,230,255,236,216,252,198,154,128,134,198,90,130,255,255,100,88,126,255,255,255,255,8,6,10,6,16,60,68,255,255,255,255,34,6,26,14,26,20,8,12,4,213
191,98,255,255,255,255,255,255,248,255,255,255,112,190,156,60,40,156,255,255,255,238,52,226,255,255,255,255,255,255,194,82,40,34,22,28,38,42,28,22,36,20,30,30,24,46,64,42,114,255,255,255,255,255,216,255,255,58,32,46,34,66,60,255,255,255,126,255,255,182,30,46,52,54,28,22,36,48,28,8,16,14,20,6,6,10,40,56,42,16,56,28,28,80,60,36,92,208,255,255,255,255,255,255,255,255,255,255,255,255,255,238,124,46,54,62,86,86,92,62,38,38,80,102,66,255,255,228,22,60,255,255,255,132,82,102,94,84,86,92,92,84,74,80,86,255,255,160,18,22,162,255,80,62,56,64,70,56,48,42,36,94,134,52,4,10,98,134,98,116,112,104,96,84,62,40,18,8,12,24,44,64,62,102,98,26,10,2,66,118,44,10,6,0,0,0,0,0,0,0,0,0,0,0,0,0,0,4,4,6,2,4,4,6,16,28,28,18,8,4,10,8,8,14,10,2,8,6,10,6,8,12,8,16,22,24,12,14,26,20,14,50,48,56,174,255,255,255,255,134,68,255,255,20,255,255,42,52,38,94,130,62,64,170,166,164,68,26,28,28,22,24,12,12,2,14,34,4,28,8,12,16,18,14,16,4,6,6,6,16,20,34,78,90,92,104,76,76,88,102,92,36,136,72,42,98,120,162,142,144,48,114,40,108,122,74,56,42,98,112,12,66,76,68,52,52,36,40,48,50,18,26,62,54,54,56,66,58,62,24,14,70,52,88,255,255,255,40,102,255,255,255,212,24,12,24,14,30,26,10,6,8,16,12,22,26,32,22,52,28,56,38,56,70,52,50,48,34,255,255,255,80,14,26,22,22,22,10,28,34,32,50,38,52,255,255,255,255,72,255,255,255,142,64,66,92,98,98,116,96,102,60,126,255,255,255,255,214,16,26,26,24,10,16,14,30,96,172,142,252,255,255,255,255,255,220,255,255,255,255,255,224,255,255,255,255,255,255,255,255,255,255,255,158,128,24,130,164,255,255,255,110,158,255,94,220,228,255,255,236,250,255,156,42,60,24,148,255,255,255,56,164,255,255,255,255,255,240,255,255,255,196,4,12,12,6,20,56,88,255,255,255,255,8,14,22,20,32,14,10,20,227
195,255,255,255,134,44,212,255,255,255,255,255,108,174,255,255,255,255,255,255,255,255,255,255,255,255,162,50,14,8,34,34,26,36,30,26,30,34,34,28,48,20,52,32,26,30,40,80,255,255,116,255,180,255,255,255,154,18,16,42,20,30,112,255,255,198,228,255,255,86,30,56,50,30,20,24,22,4,30,28,30,10,6,46,46,38,74,30,46,46,54,32,74,66,38,190,255,255,255,255,255,255,255,248,194,226,255,255,255,255,255,255,255,208,76,56,68,72,62,74,52,66,102,72,114,136,255,255,56,34,148,255,255,222,108,92,72,78,90,98,96,92,90,98,104,218,255,180,8,18,126,255,134,88,72,74,76,56,42,32,22,44,124,96,22,2,30,62,62,64,48,30,12,10,30,38,44,60,78,98,108,100,90,100,74,2,26,18,40,120,70,2,6,0,0,0,0,0,0,0,0,0,0,0,0,0,0,4,4,4,2,2,6,4,4,20,30,28,20,4,8,10,14,12,2,16,14,4,10,14,8,6,2,10,10,18,26,20,4,20,36,34,14,38,232,255,255,255,242,255,184,255,255,255,255,60,48,42,60,48,66,20,66,102,36,132,144,92,134,140,70,46,56,74,60,66,52,52,56,76,74,36,60,82,78,58,116,128,134,104,86,64,102,120,94,62,42,34,46,108,142,122,50,40,26,14,32,152,36,168,42,114,104,56,172,176,64,58,52,18,50,58,68,30,22,26,34,28,48,70,2,10,18,30,52,64,56,36,60,72,60,34,44,255,255,255,36,60,255,255,255,255,20,10,24,14,30,44,42,20,20,10,10,22,28,22,6,34,40,32,56,102,78,24,22,114,64,34,238,255,255,255,24,20,18,22,18,8,10,22,16,14,4,20,26,250,255,255,255,24,255,255,255,238,12,40,16,6,42,16,4,30,12,14,206,255,255,255,255,94,24,4,24,12,8,12,16,62,150,124,178,255,255,255,255,255,255,255,186,252,255,255,255,255,255,255,255,164,174,112,74,108,76,42,36,255,255,255,238,148,84,160,220,255,255,255,238,180,184,94,92,132,196,242,246,126,176,255,144,255,96,56,255,242,242,86,118,192,194,255,255,255,130,20,8,10,14,22,54,120,255,255,255,150,8,4,10,30,14,16,6,222
76,255,255,255,255,255,255,108,100,255,255,255,255,255,255,255,255,255,255,255,255,252,156,82,10,20,32,28,16,10,38,42,28,36,36,40,38,42,38,36,54,36,38,16,22,8,28,108,255,255,255,255,255,228,255,255,40,8,12,32,30,54,255,255,255,80,255,255,255,60,48,36,22,30,32,32,14,24,26,18,20,22,58,22,10,22,36,12,24,36,24,34,50,68,255,255,255,255,255,198,46,48,100,136,160,170,122,40,26,108,234,255,255,255,255,74,36,38,16,40,64,88,90,54,80,88,255,255,142,14,40,255,255,255,126,94,98,86,86,92,94,88,74,68,88,234,255,172,14,4,106,244,138,88,66,66,64,44,40,38,34,28,68,116,48,16,6,22,22,10,24,40,52,62,62,82,98,92,94,82,50,30,38,42,24,16,30,20,22,100,96,22,6,0,0,0,0,0,0,0,0,0,0,0,0,0,0,2,4,4,2,0,2,6,6,6,20,28,28,16,2,8,10,4,16,22,10,16,16,14,20,8,6,8,10,8,6,8,16,2,30,46,52,24,52,230,222,100,255,255,255,255,92,255,244,70,42,76,80,42,28,118,56,46,112,52,156,62,84,110,68,74,118,120,54,136,150,120,36,66,98,110,144,92,102,110,160,92,118,90,76,42,80,92,14,18,42,82,76,50,140,90,30,34,40,94,88,202,104,132,126,198,224,255,204,94,20,14,28,78,64,54,38,34,8,16,14,18,28,62,22,16,16,4,22,72,94,58,94,106,100,46,255,255,255,106,48,130,255,255,255,70,10,18,4,10,10,18,20,18,10,12,4,4,8,14,22,20,16,8,122,132,170,146,78,58,50,92,130,255,255,255,58,40,40,8,36,18,2,10,14,24,18,10,2,14,194,255,255,255,148,255,255,255,255,68,30,30,30,34,26,34,30,4,30,52,255,255,255,255,196,60,38,22,20,34,24,8,40,100,132,144,255,255,255,255,84,255,255,255,255,255,255,255,180,142,56,86,96,144,255,255,255,130,24,255,255,158,246,236,255,224,210,202,196,106,74,24,36,112,224,160,174,124,218,156,188,255,255,255,70,88,255,255,255,238,255,255,255,80,255,255,255,126,12,8,6,2,26,34,192,255,255,255,74,18,8,22,22,26,6,218
6,255,255,70,176,255,255,255,214,54,255,255,255,255,255,34,196,166,122,74,20,16,8,12,28,34,36,24,12,20,32,46,50,48,34,30,28,34,26,40,38,44,30,22,8,24,10,255,255,148,255,255,255,255,255,136,28,20,34,44,40,144,255,255,255,8,255,255,255,42,28,4,16,12,38,24,32,38,28,46,72,92,56,40,4,18,20,10,4,12,16,20,64,255,255,255,255,174,24,202,255,255,255,255,255,255,255,255,255,190,48,82,255,255,255,255,72,30,18,44,40,64,48,44,72,64,160,255,186,16,8,116,255,255,166,84,94,96,86,88,84,76,76,72,136,255,255,118,8,14,146,244,68,56,46,54,52,34,36,36,30,22,20,110,84,40,24,44,60,76,86,86,84,80,70,90,72,54,22,16,20,4,34,32,10,14,22,4,20,62,100,50,6,0,0,0,0,0,0,0,0,0,0,0,0,0,0,0,0,2,4,4,2,4,8,4,8,20,32,30,18,8,4,12,16,12,2,18,18,2,24,22,10,12,16,0,4,4,6,20,16,8,30,42,6,42,34,100,255,255,84,255,255,255,255,54,84,94,20,30,30,60,30,70,56,138,100,12,60,68,62,34,82,98,124,164,82,100,24,64,16,42,60,54,42,78,50,132,100,80,92,52,140,52,26,50,20,96,104,154,86,70,104,80,40,54,104,162,56,116,146,94,132,122,56,20,64,52,50,66,24,26,44,46,28,18,20,46,50,48,36,28,20,24,12,50,92,66,18,72,78,255,255,255,152,60,70,255,255,255,142,14,8,6,14,8,22,28,30,12,16,16,4,22,26,4,34,30,18,30,140,136,50,152,92,20,255,255,255,180,255,255,255,52,56,54,72,52,52,18,28,48,30,26,16,8,12,148,255,255,255,226,255,255,255,255,140,22,10,8,20,56,36,24,18,44,94,255,255,255,255,255,124,32,30,18,16,8,10,2,76,130,102,96,255,255,255,196,255,234,174,126,16,64,94,176,255,255,255,255,255,158,255,212,32,254,255,255,255,190,140,34,118,190,244,204,222,122,24,120,255,206,186,218,255,178,42,62,32,102,255,255,255,255,255,150,212,126,255,234,255,255,255,255,68,22,8,8,12,26,46,255,255,255,255,50,40,14,26,38,32,222
0,255,255,236,78,80,216,255,255,255,255,255,255,255,255,255,255,255,255,184,128,94,52,14,18,36,62,42,36,50,36,38,42,32,24,12,26,32,18,38,18,24,50,22,14,12,120,255,255,255,148,255,144,255,255,30,12,18,14,42,60,255,255,255,114,54,255,255,218,10,2,10,24,20,22,6,16,46,66,255,255,255,194,42,24,30,22,12,2,16,22,58,255,255,255,255,44,146,255,255,255,255,255,255,255,255,255,255,255,255,255,108,8,168,255,255,250,48,40,40,46,56,38,70,80,46,84,255,255,70,22,26,190,255,255,124,60,52,64,66,66,78,100,148,255,255,230,40,12,28,208,212,18,54,56,64,52,28,30,24,12,22,18,96,112,68,68,90,116,98,82,60,44,38,34,32,20,24,8,6,2,12,26,28,38,26,8,22,32,24,88,78,18,0,0,0,0,0,0,0,0,0,0,0,0,0,0,2,2,4,6,6,6,0,4,4,2,8,26,34,28,16,12,12,6,14,6,12,22,14,10,34,14,10,20,4,14,14,16,4,20,14,14,16,42,38,12,20,255,255,255,255,255,255,255,234,58,44,74,80,50,28,74,102,64,130,102,58,44,44,74,44,142,106,60,28,72,92,68,8,52,110,108,40,46,48,86,34,40,30,70,144,56,52,48,56,112,26,142,30,46,28,50,28,24,66,100,62,130,154,86,52,30,14,32,90,80,30,22,28,22,18,16,8,24,14,50,50,18,32,40,40,28,30,34,30,30,60,30,58,255,255,255,178,76,62,255,255,255,232,4,10,10,8,6,14,6,18,6,22,18,8,12,22,20,20,50,52,40,16,88,166,208,156,96,16,255,255,255,255,255,255,255,78,62,60,42,162,255,234,138,28,46,40,34,52,42,36,156,255,255,255,30,255,255,255,255,42,56,68,70,100,86,100,70,68,84,255,184,255,255,255,255,188,44,32,18,16,10,6,10,58,120,144,142,255,255,255,255,102,24,34,126,255,255,255,216,96,92,190,184,255,255,238,6,178,234,126,182,172,248,220,255,255,206,82,174,126,12,30,142,128,58,66,28,146,255,255,255,255,255,255,112,176,255,255,255,255,255,204,142,255,255,255,255,26,4,14,6,18,46,76,255,255,255,255,36,42,14,22,118,197
56,255,255,255,255,255,255,255,170,94,46,255,255,255,255,255,255,255,255,255,255,255,255,50,16,18,70,78,72,40,14,32,28,32,22,22,38,66,116,188,172,164,36,36,28,24,255,255,186,255,255,255,255,255,104,30,30,34,14,24,216,255,255,255,8,88,255,255,144,8,10,24,26,22,4,16,68,182,222,255,255,255,255,34,46,22,8,12,14,30,24,218,255,255,255,28,162,255,255,255,255,108,52,24,38,38,56,102,255,255,255,255,94,14,158,255,255,124,34,36,70,68,52,80,56,26,32,182,255,218,26,14,44,234,255,255,198,118,100,104,118,154,204,254,255,236,78,16,10,122,220,102,52,70,54,50,34,26,38,36,12,18,12,48,78,68,80,74,44,20,12,4,6,12,10,8,10,4,8,12,14,10,14,30,36,26,20,32,18,8,58,80,30,2,2,2,0,0,2,2,2,0,0,0,0,0,0,2,0,6,6,6,4,2,2,2,2,6,12,30,36,26,6,4,4,8,4,4,10,14,18,20,10,6,22,6,8,18,4,14,2,12,24,18,8,30,30,36,10,44,255,255,255,255,255,255,78,78,48,88,18,64,54,18,76,108,80,58,86,128,100,22,34,112,228,122,60,92,44,26,78,26,90,14,6,24,96,124,88,72,48,26,58,40,62,82,138,70,98,22,44,52,60,92,126,48,104,140,94,70,20,48,56,24,52,74,6,22,14,22,28,18,16,24,14,12,26,56,44,40,34,24,12,20,30,30,20,52,60,255,255,255,204,76,48,255,255,255,255,4,12,8,48,32,28,6,6,4,18,8,22,28,16,22,10,18,88,98,102,100,34,32,74,102,28,178,255,255,255,255,186,255,255,255,32,255,255,255,255,255,255,62,42,40,52,64,76,66,255,255,255,255,42,255,255,255,255,76,72,82,90,124,130,98,82,88,100,234,230,138,160,255,255,255,255,62,14,20,2,14,14,24,42,118,164,138,255,255,255,255,255,16,178,255,116,94,255,255,255,255,255,228,222,124,48,255,255,255,255,142,156,64,90,244,255,255,222,104,26,52,255,255,255,255,255,255,188,186,118,46,240,250,255,255,255,255,158,96,28,98,254,255,255,255,255,244,10,4,12,4,34,54,132,255,255,255,172,12,28,16,120,179
188,255,255,255,152,50,16,16,26,38,70,255,255,255,118,220,130,255,255,255,255,255,255,130,16,6,14,38,38,34,40,32,32,76,90,224,255,255,255,255,255,255,242,22,28,32,255,255,255,255,255,255,255,255,255,255,48,76,32,82,255,255,255,74,4,120,255,255,108,14,8,26,20,24,14,90,255,255,255,148,255,255,255,134,48,40,32,8,24,32,62,255,255,255,76,100,255,255,255,114,44,68,36,10,26,30,44,18,26,174,255,255,255,30,44,255,255,238,28,52,60,44,22,30,22,20,28,50,240,255,146,6,20,48,168,255,255,255,224,222,226,244,255,228,164,66,8,28,114,202,140,66,54,50,28,30,24,14,26,30,4,6,18,12,12,32,30,6,26,30,22,8,14,12,12,6,6,10,18,14,14,8,8,10,4,16,2,16,12,16,42,72,40,6,4,6,4,2,2,0,2,0,0,0,0,0,0,2,2,6,6,4,2,0,0,2,2,8,2,16,30,32,20,2,8,6,0,6,8,8,14,18,10,6,10,4,8,8,8,10,6,8,18,8,12,12,14,12,36,16,2,32,255,255,255,116,74,114,114,46,60,82,8,84,90,50,102,74,60,28,56,86,70,120,100,210,92,142,32,54,34,50,90,6,14,78,74,38,48,42,104,108,76,16,86,22,70,72,54,40,80,54,60,40,38,180,168,54,4,10,56,48,20,18,30,26,26,14,12,16,34,26,8,18,18,8,28,28,12,20,18,22,18,30,26,30,38,92,255,255,255,198,82,64,255,255,255,255,38,18,24,36,56,28,52,10,10,14,26,2,16,2,12,8,4,24,74,78,16,100,112,98,84,48,48,255,255,255,255,255,255,226,255,255,136,255,255,255,255,255,255,76,40,34,50,40,132,255,255,255,255,60,255,255,255,255,242,78,58,72,70,80,70,58,62,56,72,128,255,26,250,146,255,255,255,255,132,28,20,16,18,12,14,24,70,164,162,250,255,255,255,255,188,255,255,255,255,176,96,44,66,170,180,146,26,255,255,255,255,162,228,255,255,250,196,22,116,92,28,62,255,255,198,255,152,190,242,255,220,255,255,255,255,208,152,156,50,255,255,255,255,255,246,255,255,255,178,6,14,6,4,20,62,180,255,255,255,72,12,28,98,205
127,255,255,255,92,50,22,62,124,184,255,255,255,255,210,246,212,255,255,255,255,255,255,140,8,10,8,34,110,156,152,172,184,216,255,255,255,255,234,252,42,255,255,54,48,100,255,80,255,44,255,255,255,200,255,255,255,48,100,255,255,255,158,18,22,190,255,255,62,24,20,8,14,32,134,255,255,255,255,255,224,255,255,126,20,30,22,30,12,28,140,255,255,158,12,255,255,255,58,30,16,8,34,4,16,34,46,14,22,38,186,255,255,116,10,104,255,255,18,64,38,52,42,30,30,34,36,30,114,255,255,168,56,16,12,72,132,162,162,150,146,144,118,64,20,20,74,132,180,152,28,26,32,22,22,28,22,16,18,30,14,4,14,6,12,16,14,18,16,8,14,8,18,14,12,10,14,14,8,8,14,16,12,8,4,8,14,14,8,12,42,78,56,2,6,2,6,4,4,6,4,0,0,0,0,0,0,4,6,6,6,2,0,0,0,4,2,8,6,2,16,28,32,24,6,6,4,2,8,8,0,4,6,6,6,10,8,2,2,6,8,2,8,4,6,2,20,14,14,10,24,32,20,48,152,134,90,54,140,96,78,64,64,12,54,32,98,30,118,88,58,154,54,186,114,50,88,52,22,42,90,56,72,64,52,30,80,112,26,66,68,10,82,68,16,136,74,92,60,78,100,52,148,120,178,132,46,20,26,14,18,10,18,20,24,6,6,4,14,6,22,26,24,12,6,18,28,24,18,12,34,52,46,34,46,44,58,244,255,255,206,54,40,226,255,255,255,74,18,20,38,4,32,10,58,24,18,16,22,12,18,10,8,4,12,14,44,60,120,56,24,70,128,20,160,255,255,255,194,255,255,255,255,255,246,255,255,255,138,255,255,240,42,44,38,24,240,255,255,255,18,255,255,255,255,182,56,66,52,62,56,62,60,50,50,48,56,60,255,162,178,96,122,255,255,255,255,255,42,20,6,28,30,12,20,42,154,170,182,255,255,255,255,62,138,96,92,186,246,255,255,255,255,226,32,255,255,255,255,234,162,62,68,136,255,255,255,255,66,26,255,255,255,255,255,255,255,246,194,206,112,60,126,150,34,16,166,255,255,170,84,182,255,246,255,255,255,114,20,8,14,14,42,68,255,255,255,255,32,22,10,217
27,255,255,255,255,255,255,255,255,255,255,255,255,255,226,255,255,255,255,255,255,255,220,48,112,220,210,208,255,255,255,255,255,255,190,100,252,128,254,255,255,255,142,144,170,152,255,26,255,255,255,98,255,255,255,255,255,255,255,255,255,218,212,202,144,255,255,255,32,12,28,42,100,232,255,255,218,255,255,255,188,66,96,76,8,26,26,34,8,24,214,255,255,66,48,255,255,150,32,40,58,54,40,28,4,20,50,34,26,40,72,255,255,182,10,44,255,255,58,70,44,50,46,32,28,46,26,22,28,112,238,255,212,114,54,26,2,20,30,26,28,24,6,30,70,130,172,156,106,44,10,8,20,18,28,14,8,20,12,20,22,8,10,4,4,8,14,6,12,18,14,8,12,4,6,8,6,4,8,8,4,4,10,6,0,8,26,22,22,16,22,68,66,14,10,10,6,8,8,4,8,0,0,0,0,0,0,4,4,2,6,4,0,0,0,4,0,6,6,4,6,16,22,30,22,6,2,0,2,6,6,2,6,4,4,8,10,8,4,4,6,2,6,4,4,2,14,16,22,20,16,26,36,84,178,52,128,32,60,30,14,30,18,68,108,32,76,82,16,110,76,82,56,14,120,110,50,40,28,76,84,34,114,48,38,60,118,56,42,82,6,64,26,80,100,120,94,120,40,160,132,106,86,106,62,6,32,46,38,18,6,6,4,8,34,20,14,10,18,14,34,26,12,8,12,26,40,44,54,30,32,34,34,38,28,68,214,255,255,255,255,168,178,255,255,255,80,8,16,4,34,32,38,44,26,38,22,4,8,2,22,6,8,20,14,4,42,46,46,94,106,100,66,52,255,255,255,54,30,255,255,255,255,255,232,110,255,255,180,255,250,234,122,72,54,48,255,255,255,255,90,255,255,255,58,32,30,48,44,38,40,44,56,56,46,36,44,42,200,255,104,168,40,24,255,255,255,255,255,86,20,12,6,12,8,6,40,126,196,172,255,255,255,255,255,174,255,255,218,100,50,176,255,236,70,64,110,80,28,114,250,255,255,255,255,255,255,255,138,38,126,255,255,255,255,180,70,224,255,255,255,255,255,255,230,36,146,255,255,255,255,255,255,224,255,255,255,255,66,8,18,26,10,40,84,255,255,255,255,6,18,217
38,255,134,255,255,255,255,255,160,32,122,255,255,255,255,250,255,255,255,146,36,118,200,232,255,255,255,255,238,110,82,2,114,132,255,255,255,255,255,218,28,98,255,255,255,255,255,255,255,255,255,255,255,244,255,238,255,255,255,255,255,255,255,255,255,255,255,255,60,42,214,255,255,255,255,214,74,255,255,88,255,255,214,42,26,20,20,32,38,36,228,255,255,36,74,255,255,82,22,8,22,14,4,26,32,90,142,162,190,174,112,255,255,202,16,26,255,255,64,42,22,42,62,36,22,42,36,24,12,20,90,176,236,248,214,170,126,94,76,56,52,76,106,136,158,160,132,70,16,14,18,8,6,6,20,2,4,26,10,10,24,12,10,8,10,8,8,4,4,10,16,14,20,4,6,8,10,8,4,4,4,4,10,4,8,14,26,22,22,20,20,46,68,36,2,12,8,10,14,6,8,0,0,0,0,0,0,4,4,0,4,4,0,0,0,4,2,4,2,4,4,2,6,20,28,20,10,2,2,6,12,6,4,0,0,2,6,10,8,4,4,0,4,6,6,4,8,8,6,6,22,22,18,16,164,148,134,88,56,56,52,38,42,58,96,104,90,96,24,80,52,84,22,76,94,52,112,22,60,28,74,64,122,54,92,54,146,60,84,146,50,98,72,50,78,104,80,86,22,68,74,52,4,16,24,26,38,38,32,20,6,10,6,10,16,16,14,20,10,10,20,8,6,10,8,12,16,22,20,18,20,2,16,36,176,255,255,255,118,255,255,255,255,255,255,114,26,20,34,46,54,52,18,58,34,24,8,28,28,26,26,10,18,34,16,62,40,22,8,12,4,26,16,116,255,255,255,30,10,176,255,254,255,238,94,172,255,255,255,255,255,255,64,2,44,38,126,255,255,255,255,255,255,255,210,12,18,22,28,34,36,38,30,44,46,36,38,40,96,250,66,178,92,54,130,144,255,255,255,255,202,6,12,8,20,26,16,18,92,200,166,238,255,255,255,255,226,152,255,255,255,244,172,88,46,160,182,198,255,255,255,255,170,76,106,255,255,255,114,22,36,114,36,134,108,64,255,255,255,230,255,255,66,255,246,30,54,214,255,255,192,96,38,84,190,222,255,255,255,42,26,10,16,20,62,104,255,255,255,164,18,212
94,106,134,255,255,255,255,255,255,255,255,255,255,255,255,148,255,255,255,255,255,255,255,226,255,255,76,255,208,255,236,255,255,255,255,138,146,218,100,255,255,255,252,255,255,255,255,255,242,255,255,255,78,255,255,255,255,255,255,166,188,255,255,255,255,255,255,240,94,196,255,255,228,112,130,210,158,238,126,255,255,255,255,176,50,12,18,30,46,12,204,255,255,28,56,255,255,128,48,34,36,22,122,244,255,255,255,255,255,255,255,255,255,174,18,54,255,255,44,22,34,60,72,56,34,44,54,28,2,12,38,44,68,138,198,220,204,190,190,170,152,172,174,158,118,68,26,10,16,14,24,16,10,10,16,4,4,26,10,10,26,18,12,16,14,18,14,0,14,12,18,6,18,8,12,8,14,12,10,10,8,6,12,10,8,14,18,12,4,10,8,30,64,54,16,8,8,8,10,8,6,0,0,0,0,0,0,4,6,4,6,4,0,0,0,2,2,2,0,0,0,0,0,6,20,26,20,10,6,6,12,12,6,0,0,0,2,8,10,4,4,0,2,6,6,0,2,10,10,8,16,22,32,22,16,4,8,46,58,66,90,68,50,48,18,22,36,128,60,78,20,84,18,94,136,82,82,20,58,82,60,64,98,70,90,172,108,76,134,94,124,100,32,56,12,24,52,48,20,18,32,8,10,18,32,18,26,42,20,20,38,22,10,8,10,2,4,16,14,20,34,18,16,12,8,8,6,18,16,26,24,22,6,232,255,255,255,255,255,156,255,255,255,255,162,32,30,42,66,36,16,52,6,28,28,12,20,26,22,10,10,4,16,22,42,44,24,0,26,18,38,50,50,255,255,255,68,22,4,18,220,146,198,18,140,110,70,255,255,236,108,230,255,255,58,36,34,92,255,255,255,255,255,255,255,255,72,16,12,22,40,34,22,34,50,62,52,128,114,118,166,138,132,30,152,238,88,254,255,255,255,255,54,14,30,14,24,6,14,72,184,148,114,255,255,255,216,255,255,186,102,92,255,255,255,255,255,255,255,94,74,208,255,255,255,255,255,255,86,56,186,255,255,255,130,78,255,255,142,186,255,255,255,255,168,146,168,142,56,112,128,196,255,255,255,255,184,255,255,226,34,28,14,22,42,62,154,255,255,255,72,215
110,236,255,255,255,255,255,255,255,204,98,128,200,124,255,255,255,255,255,255,255,255,112,46,192,255,255,255,196,156,204,255,124,90,32,255,255,255,82,255,255,255,255,255,255,255,238,255,255,255,255,255,255,255,255,255,255,255,178,255,220,255,74,255,255,255,255,144,244,134,252,114,70,252,255,255,194,255,255,148,255,220,255,208,32,44,22,12,56,36,146,255,255,70,26,255,255,255,32,30,18,250,255,255,255,255,255,255,255,255,255,255,228,50,8,92,255,255,68,40,20,40,56,68,38,28,74,70,28,20,52,30,16,18,50,76,88,102,120,126,106,84,56,22,8,10,18,14,14,20,16,14,10,18,14,10,16,14,14,18,30,26,12,18,14,20,14,10,18,12,26,16,26,10,10,2,16,8,2,2,4,4,2,8,8,14,12,14,10,6,4,22,56,66,36,4,2,8,4,6,2,0,0,0,0,0,0,2,4,4,4,2,2,4,4,4,2,0,0,0,0,0,0,2,6,18,24,20,8,2,2,6,8,4,4,4,4,4,6,6,2,2,8,8,10,6,8,6,22,18,14,16,18,8,14,2,8,4,14,22,20,52,52,32,24,20,12,54,84,70,46,118,92,76,56,32,38,58,60,36,8,70,104,70,114,54,100,76,148,130,114,50,58,60,14,24,38,42,28,12,22,16,32,14,10,6,6,18,32,12,24,12,4,4,2,4,6,10,12,14,24,6,10,14,18,16,14,22,12,6,26,32,255,255,255,255,142,255,255,255,68,255,255,226,16,8,2,36,36,30,48,56,4,6,20,26,34,20,20,8,16,10,10,30,28,46,10,20,16,10,48,52,102,255,255,255,20,16,10,14,90,226,26,168,106,52,194,68,255,255,255,255,255,255,255,30,36,34,46,255,255,255,252,255,255,255,255,20,16,24,26,24,26,20,20,140,255,255,255,170,184,110,156,34,54,178,182,118,150,255,255,255,255,92,28,24,20,14,6,4,84,186,190,134,255,255,255,255,196,56,26,134,255,246,246,194,110,238,224,254,255,255,255,246,132,80,60,56,90,255,255,255,178,255,214,10,206,255,255,255,255,255,208,142,94,255,255,255,252,255,255,255,255,208,80,102,255,255,255,255,146,32,12,6,16,58,62,254,255,255,255,218
146,255,255,255,255,118,38,58,188,234,242,255,255,255,255,255,255,255,255,255,255,255,255,255,255,200,152,70,255,255,255,255,240,255,255,255,255,255,100,255,255,252,255,190,255,146,98,255,255,255,255,70,255,255,255,198,255,255,255,255,255,255,98,255,200,255,255,255,182,255,146,224,234,255,170,255,255,232,255,240,230,255,255,255,16,38,22,14,44,34,104,255,255,224,8,200,255,255,164,62,255,255,255,255,214,30,140,246,244,210,82,4,8,6,6,102,255,255,14,32,34,40,76,222,255,224,114,16,30,54,80,76,48,30,30,14,8,32,20,12,28,22,16,18,4,4,26,4,8,20,10,18,12,14,16,22,22,10,16,20,30,34,14,14,12,24,22,8,12,12,22,18,22,8,4,14,16,2,0,0,0,4,10,10,10,12,6,8,10,6,4,12,42,66,48,14,6,8,12,0,4,0,0,0,0,0,0,2,2,2,0,2,6,6,4,6,6,2,2,4,4,4,4,2,4,4,18,24,18,10,10,8,0,4,4,4,4,4,6,8,6,4,12,8,16,8,10,10,6,18,16,4,22,16,12,6,14,16,24,18,20,4,8,4,18,22,42,22,30,16,32,64,68,72,62,58,46,52,24,32,30,80,164,118,124,38,10,22,48,64,46,12,26,22,2,10,14,18,22,28,12,10,24,14,6,10,16,40,32,12,38,14,14,14,10,22,20,18,4,14,18,14,12,14,16,12,10,20,2,18,114,255,255,255,255,36,80,142,255,255,242,200,212,138,42,26,32,54,60,28,4,10,8,4,26,10,26,10,12,12,10,4,8,28,38,96,58,66,34,28,38,58,255,255,255,32,12,6,22,30,34,170,158,194,255,255,255,242,255,255,255,255,248,255,255,10,18,24,34,210,255,255,255,192,255,255,255,38,30,26,14,22,18,62,186,255,255,152,188,255,134,118,200,54,40,20,70,158,200,198,255,255,255,255,220,34,14,4,16,8,28,54,138,214,192,255,255,255,255,255,50,122,255,255,255,255,255,255,232,224,198,56,40,166,214,228,88,12,128,255,255,76,255,255,176,40,24,136,144,144,82,54,12,36,204,255,24,250,255,255,180,194,62,255,255,255,255,255,255,255,255,98,14,4,4,32,64,88,255,255,255,219
207,255,178,150,136,255,242,255,255,255,255,76,204,186,240,255,160,255,255,255,255,255,255,216,72,255,255,255,255,255,255,255,255,255,104,255,194,255,234,255,255,255,255,56,134,140,244,255,255,255,255,255,255,255,255,255,212,188,255,255,255,255,255,255,108,255,255,255,194,196,78,172,224,114,255,255,248,255,255,255,255,174,190,88,44,46,24,14,22,36,66,255,255,255,104,58,255,255,255,255,255,255,246,84,255,255,255,255,255,255,178,12,14,20,20,116,255,255,255,246,196,254,255,255,255,255,255,210,64,16,50,50,36,36,44,26,14,30,12,8,30,22,6,8,16,14,36,20,22,32,20,14,10,2,4,10,8,26,18,14,22,40,30,10,12,24,20,4,16,16,12,0,12,12,8,2,10,16,14,10,6,2,10,8,6,6,8,6,2,4,4,4,18,52,56,18,10,2,10,2,4,0,0,0,0,0,0,2,0,2,0,2,4,4,4,4,4,2,2,2,0,0,2,4,0,6,6,20,28,26,16,4,4,0,0,0,0,4,8,4,6,6,8,6,14,10,4,8,20,8,26,40,30,28,10,10,12,20,18,10,34,14,12,18,20,14,10,16,8,10,12,14,8,38,72,84,44,18,6,14,18,32,92,90,86,30,22,12,4,20,12,10,20,30,28,28,26,26,26,6,6,20,18,14,32,30,28,12,14,20,8,16,12,18,6,10,4,16,4,18,26,22,12,18,12,8,6,20,24,246,255,255,255,208,44,42,255,255,255,255,212,26,216,164,62,12,12,28,22,4,8,4,4,14,14,28,12,12,14,14,50,44,56,20,46,86,8,72,32,26,36,184,255,255,255,30,18,12,26,22,12,88,255,255,255,255,255,255,255,255,255,236,255,255,255,30,28,88,255,255,255,255,128,255,255,255,255,34,32,38,38,24,88,226,255,210,50,255,255,255,82,68,66,92,14,18,74,194,82,28,82,255,255,255,255,255,66,20,20,6,10,12,26,112,218,220,194,255,255,255,255,16,190,255,255,255,100,48,20,12,176,255,255,255,255,255,255,52,114,255,255,255,255,248,156,32,16,76,126,126,84,24,4,12,172,255,248,8,136,255,255,244,255,255,236,132,108,44,255,255,255,255,54,8,8,8,26,72,106,255,255,216
208,255,222,160,255,255,255,176,255,110,255,255,255,255,255,255,255,255,255,168,146,106,30,38,255,255,255,255,50,255,70,255,66,255,255,255,255,255,100,255,255,116,240,255,255,252,190,126,255,255,26,255,255,255,255,198,255,255,255,255,255,116,255,255,255,255,255,255,255,255,240,70,214,255,255,255,192,255,255,255,140,50,14,16,18,18,26,38,26,24,54,126,255,255,255,50,68,255,255,255,255,172,68,255,255,255,146,178,255,255,180,18,28,64,72,14,198,255,255,255,255,255,255,255,132,116,238,220,94,20,30,24,26,36,36,28,6,34,34,36,34,30,32,24,18,22,24,14,8,24,32,8,12,2,2,8,14,18,20,8,6,26,32,24,20,24,24,18,24,20,10,8,6,4,6,6,16,10,12,10,6,4,10,6,10,18,14,6,6,4,2,12,8,40,74,36,8,4,8,2,2,0,0,0,0,0,0,2,2,2,0,2,4,4,4,4,4,2,2,4,4,4,4,4,0,6,4,8,20,28,28,20,8,0,2,4,4,4,6,4,2,2,6,6,4,12,12,18,18,8,18,18,8,24,24,24,14,10,10,2,12,12,16,16,22,22,24,20,12,20,18,18,14,16,16,26,26,18,6,12,12,18,24,22,24,10,12,34,48,36,34,32,26,24,22,18,20,6,10,20,18,28,10,10,14,16,8,24,26,12,12,18,18,12,14,14,8,10,4,2,14,6,6,24,8,6,20,74,255,255,255,255,90,238,255,255,255,255,255,255,114,136,232,212,46,8,10,12,6,4,10,26,24,4,14,6,22,22,14,14,40,32,62,58,62,56,36,56,52,46,18,255,255,255,32,16,18,8,30,20,14,12,202,255,255,255,255,255,255,255,255,255,255,255,58,128,126,255,255,255,255,255,255,255,255,252,72,14,36,48,28,156,255,255,158,76,255,255,226,50,108,226,212,240,198,48,74,236,252,220,198,168,148,255,255,255,255,130,32,22,2,6,20,10,64,214,255,190,255,255,255,255,124,32,30,116,255,216,166,184,255,210,184,160,190,255,255,126,24,190,255,254,50,164,176,180,224,255,255,255,255,136,22,26,24,184,255,240,255,255,255,250,255,188,26,12,18,24,32,255,255,255,255,32,14,6,12,36,70,186,255,123
186,255,238,255,255,230,255,94,255,255,255,132,66,216,222,255,255,255,255,255,14,32,8,40,255,255,255,255,255,255,255,255,255,202,182,162,255,116,255,255,255,255,255,255,255,255,128,42,54,255,255,255,255,255,255,92,255,255,255,255,150,255,66,255,255,255,255,34,144,180,126,255,255,206,255,255,255,255,196,62,28,38,44,18,6,30,26,28,30,26,40,64,146,255,255,255,70,40,170,158,132,30,96,255,255,255,255,255,255,255,78,78,255,255,255,255,140,14,104,158,160,152,106,16,96,220,255,255,108,44,24,16,22,30,36,34,28,20,16,28,30,24,40,26,12,24,16,10,8,18,30,24,12,2,6,6,18,16,28,22,22,16,14,20,28,30,30,28,38,38,14,4,6,4,12,16,22,8,6,10,10,0,10,6,4,12,20,20,12,6,8,6,8,30,74,64,14,2,4,2,0,0,0,0,0,0,0,0,0,0,0,0,0,0,0,0,0,0,0,0,2,4,4,6,2,6,6,4,4,12,18,24,20,6,4,2,2,2,2,2,0,0,2,4,6,6,8,10,10,10,4,2,8,10,10,14,14,12,8,6,12,16,12,6,8,10,10,12,16,18,18,22,24,20,20,20,20,20,20,20,18,20,28,22,30,24,24,34,18,10,18,22,26,14,22,14,20,10,16,16,22,28,14,10,22,28,34,20,10,12,10,10,2,12,20,8,10,16,14,8,8,4,10,34,16,18,226,255,255,255,255,108,255,255,255,255,255,255,222,46,244,176,255,252,14,10,14,12,12,10,56,38,38,2,12,16,6,14,22,6,58,16,30,30,88,78,60,68,40,58,160,255,255,255,8,44,42,4,34,18,10,8,62,255,255,255,126,255,255,102,172,22,170,255,255,255,84,255,255,255,98,255,255,255,128,28,10,48,34,88,255,255,152,58,152,255,255,128,32,190,254,120,66,112,255,166,8,72,138,94,158,166,208,120,255,255,255,255,218,38,20,8,10,12,12,58,166,255,230,255,255,255,255,255,255,255,255,180,82,82,162,224,255,255,255,255,255,124,10,24,116,164,255,250,255,255,255,255,130,120,255,160,22,28,20,66,186,186,194,64,160,210,216,84,12,6,22,14,14,128,255,255,255,168,32,8,16,2,36,124,255,33
154,238,196,255,162,255,255,66,72,26,255,255,255,134,32,255,255,255,255,255,194,8,24,34,188,255,255,255,255,255,255,255,212,255,255,106,12,255,255,255,178,240,188,255,255,255,92,40,148,255,255,255,255,255,122,236,255,255,144,255,255,255,255,255,248,240,174,255,255,255,250,186,92,236,255,255,255,82,32,24,30,10,44,42,16,8,100,232,224,190,60,42,42,232,255,255,255,240,94,10,32,32,90,255,255,255,255,204,52,90,244,255,255,255,255,255,255,255,255,226,192,210,220,255,255,255,255,162,34,34,38,34,34,34,40,46,38,40,38,34,26,20,28,8,8,26,22,14,16,26,30,22,26,30,8,10,22,6,16,12,8,10,10,8,16,22,26,26,26,28,22,12,6,12,14,10,22,16,6,14,12,6,12,0,8,4,6,10,14,6,8,14,10,14,50,74,36,8,6,4,2,0,0,0,0,0,0,0,0,0,0,0,0,0,0,0,0,0,0,2,6,6,4,10,6,4,2,2,2,4,10,24,32,22,12,8,8,4,2,6,6,4,4,4,6,6,4,6,8,8,6,6,12,12,12,12,4,14,10,6,8,4,8,6,4,4,4,4,6,8,8,12,12,8,8,8,8,8,8,12,12,18,4,6,10,26,24,20,10,32,40,12,16,12,20,10,18,18,20,16,10,4,20,26,18,22,20,4,12,12,8,2,10,20,10,12,10,12,8,4,10,12,10,24,78,255,255,255,255,202,248,255,255,255,116,255,255,158,186,138,255,186,255,255,16,8,8,18,8,22,44,26,36,18,18,14,20,40,6,22,70,24,56,80,72,38,36,98,102,102,255,255,255,14,16,30,26,26,32,20,10,16,6,162,255,255,255,255,255,255,186,255,255,255,255,255,168,255,255,255,140,255,255,255,102,16,6,42,98,255,255,168,184,202,255,240,80,88,234,226,40,46,110,98,255,138,20,26,74,255,255,246,255,200,152,255,255,255,255,255,62,16,10,14,12,14,20,114,254,208,190,255,255,255,200,182,116,255,226,224,244,244,168,86,112,206,186,106,252,255,255,255,220,44,56,70,130,255,255,255,255,148,8,12,18,4,4,32,10,12,6,22,18,10,30,16,18,16,22,22,224,255,255,255,110,12,12,16,2,86,132,14
158,198,240,132,158,162,162,255,255,255,255,38,255,248,26,82,255,255,92,255,255,16,30,48,192,208,255,255,184,188,255,255,255,255,255,122,30,255,255,255,255,255,255,255,255,248,184,255,255,255,255,255,116,64,255,255,255,255,255,255,255,255,255,255,106,212,202,255,255,255,255,188,255,255,255,106,26,40,54,36,32,22,140,255,255,255,255,255,255,255,255,56,40,92,238,255,255,255,255,255,255,198,124,72,72,120,200,255,255,255,255,255,255,186,174,255,255,255,255,255,255,255,255,255,255,222,106,68,56,46,64,60,40,22,18,26,28,26,38,40,32,28,34,32,28,34,32,24,24,34,38,20,24,40,18,22,36,20,32,22,16,16,12,10,12,8,2,16,24,22,24,20,10,12,10,4,14,16,4,14,14,8,18,10,6,8,8,20,16,6,18,14,18,4,24,76,62,2,8,2,2,0,0,0,0,0,0,0,0,0,0,0,0,0,0,0,0,0,0,2,4,4,2,6,8,4,2,0,0,2,4,8,22,26,26,18,4,2,4,6,10,14,12,6,4,8,8,8,8,6,4,8,14,12,12,20,10,10,12,4,4,6,0,8,6,0,0,0,0,0,0,4,4,0,0,0,0,0,0,4,6,12,10,2,10,22,28,94,84,60,26,28,14,16,26,20,16,18,16,2,18,24,36,30,16,14,8,8,20,18,20,8,16,6,16,6,10,14,2,4,6,26,20,255,255,255,255,255,20,255,255,255,255,142,138,142,130,200,188,196,255,146,255,182,24,4,16,20,10,18,32,40,20,16,10,20,42,28,18,26,30,28,50,32,72,50,114,36,100,255,255,255,198,16,42,2,6,16,16,10,16,34,26,32,255,255,255,30,255,255,136,255,255,255,255,255,255,50,255,255,255,50,255,255,255,198,142,164,250,255,82,255,255,164,138,34,128,252,162,42,32,44,66,254,242,74,26,18,94,216,234,22,156,168,124,232,255,255,255,255,255,104,26,34,18,4,2,12,110,255,232,144,255,255,255,255,255,182,150,76,48,54,184,255,255,252,232,255,255,255,248,204,234,166,230,255,255,255,255,142,116,26,8,26,20,24,10,24,14,8,14,14,14,10,24,26,16,26,12,34,14,255,255,255,255,58,10,6,12,42,72,16
182,138,96,126,255,220,202,96,84,68,236,255,255,218,26,20,255,255,255,255,255,18,14,255,255,255,255,210,255,255,176,255,255,255,255,18,24,255,255,255,255,208,20,226,255,255,255,255,255,255,80,255,255,255,255,255,220,255,255,255,255,255,255,255,192,255,255,255,158,144,255,255,255,252,96,38,48,38,38,48,10,44,255,255,255,255,236,255,180,255,255,182,72,222,220,122,220,255,255,255,255,255,255,255,255,255,255,255,255,255,255,208,78,2,8,54,94,150,208,238,206,180,156,112,56,54,44,38,44,30,46,58,34,32,36,40,34,26,36,48,46,36,32,40,46,42,34,18,8,16,30,18,6,24,12,28,42,24,16,8,0,10,16,14,6,4,12,22,38,36,34,24,8,6,6,2,8,14,6,14,12,2,12,16,2,8,8,24,18,4,20,20,24,6,6,66,82,28,10,4,2,0,0,0,0,0,0,0,0,0,0,0,0,0,0,0,0,0,0,2,4,6,6,2,2,6,6,2,0,2,6,6,8,10,26,36,30,16,2,12,14,10,10,8,8,6,2,2,6,8,4,4,8,8,12,18,12,6,12,10,6,6,10,10,10,0,0,0,0,0,0,4,4,0,0,0,0,0,0,4,14,22,16,18,22,22,62,70,70,72,10,16,4,22,14,12,6,6,2,20,32,24,26,24,12,6,6,14,22,14,12,16,8,4,8,6,10,6,12,12,28,226,255,255,255,255,142,255,255,255,255,255,255,255,255,255,220,178,142,78,152,255,255,56,16,16,34,16,20,20,8,10,14,22,12,4,10,16,46,88,92,44,6,28,38,30,12,88,18,255,255,255,60,50,30,22,16,22,22,16,20,26,24,38,114,255,255,255,255,255,255,108,255,255,236,255,255,184,102,255,255,255,230,255,255,255,255,232,122,126,255,255,148,30,48,176,236,104,30,28,24,144,255,168,30,8,18,10,78,255,255,255,255,255,172,160,172,90,255,255,255,255,182,14,16,6,4,6,20,78,236,255,140,255,255,255,255,126,66,122,242,255,255,255,255,255,244,70,190,250,255,255,255,255,218,160,112,122,56,8,20,24,24,30,12,22,28,32,16,12,10,16,30,20,38,6,16,2,24,22,4,28,255,255,255,255,50,12,6,20,52,5
135,255,40,88,255,218,255,255,255,255,255,242,210,146,18,22,106,255,255,255,255,68,34,255,255,255,255,134,255,255,255,162,255,255,255,24,58,124,104,204,255,255,255,255,255,255,255,255,140,255,255,255,255,255,255,158,255,255,255,255,255,255,255,255,208,190,132,218,255,255,255,255,16,50,30,200,255,255,255,255,255,144,255,255,182,242,242,255,255,255,208,255,255,255,255,255,255,12,168,234,255,255,255,255,255,255,255,255,182,96,12,20,46,24,28,24,46,34,34,46,24,24,40,64,64,46,26,14,10,18,58,46,38,72,68,80,66,54,42,50,54,42,32,32,48,50,48,34,16,8,16,30,22,22,14,18,30,26,4,12,20,28,20,4,12,24,28,26,36,42,50,42,22,14,10,6,10,16,14,12,4,4,0,16,10,14,8,22,26,8,10,16,10,12,8,46,82,52,6,2,4,0,0,0,0,0,0,0,0,0,0,0,0,0,0,0,0,0,0,2,4,6,8,10,8,4,4,2,0,0,2,6,6,4,8,22,32,30,20,4,12,16,12,6,2,8,12,10,10,10,8,4,2,6,12,16,8,2,6,10,6,6,10,8,14,4,4,2,0,0,2,6,4,0,0,0,0,0,0,6,16,12,28,10,34,26,58,114,102,72,10,20,14,12,18,22,16,14,10,18,18,4,8,14,0,4,2,14,28,26,20,20,4,12,12,26,10,26,12,178,255,255,255,255,255,196,255,255,255,255,238,255,255,212,24,88,106,148,208,224,255,255,114,36,18,16,32,42,16,18,6,22,24,20,32,32,20,22,88,82,62,36,20,64,144,78,58,18,252,255,255,160,28,54,30,32,30,30,20,26,2,36,26,20,26,246,255,255,92,255,255,255,255,255,255,255,255,228,54,122,255,255,255,255,255,255,255,255,200,255,204,98,0,136,226,178,22,40,84,36,214,226,124,18,14,10,2,14,20,112,248,226,202,84,24,150,162,255,255,118,255,255,255,255,36,20,8,16,12,4,60,214,255,206,255,255,255,255,244,255,255,255,120,22,255,255,255,255,255,255,255,255,255,255,170,34,20,28,28,32,14,2,18,2,12,10,18,10,16,2,4,18,26,30,18,20,8,6,16,28,14,34,114,255,255,255,152,4,10,12,26,10
115,255,156,168,255,255,255,202,154,156,78,12,4,12,22,30,20,255,255,255,255,86,52,255,255,255,255,102,255,255,255,124,134,216,255,255,255,255,255,255,255,255,255,255,224,84,255,255,255,255,255,255,255,255,255,255,255,255,60,255,255,255,255,255,255,255,255,255,255,255,212,180,255,255,255,255,255,255,255,255,255,255,166,255,255,255,255,172,255,255,188,248,255,176,250,255,255,255,46,38,32,28,40,68,74,30,26,14,40,28,12,4,32,38,6,12,34,40,32,66,56,32,42,32,40,80,100,58,44,70,96,92,68,48,40,58,56,58,30,34,46,46,48,38,50,56,74,78,62,34,32,42,44,36,20,6,16,18,24,24,8,4,6,14,16,14,6,4,4,18,46,58,44,26,18,10,6,10,14,10,6,6,10,10,12,8,6,14,14,14,12,16,8,10,2,22,66,64,12,4,4,0,0,0,0,0,0,0,0,0,0,0,0,0,0,0,0,0,0,4,6,4,6,10,12,6,2,2,4,2,0,4,2,6,8,8,8,22,30,34,26,14,8,4,0,4,8,6,4,4,4,4,6,10,14,16,6,14,18,16,6,6,14,20,22,10,10,8,4,2,4,6,2,0,0,0,0,0,0,8,4,14,8,10,2,18,18,24,26,14,18,16,8,8,2,2,18,16,20,10,28,24,28,20,12,10,12,4,20,22,16,20,20,26,24,16,18,148,255,255,255,255,255,118,255,255,255,255,255,130,64,38,18,20,108,98,78,52,255,255,255,226,40,4,18,28,8,32,36,2,22,18,18,24,16,24,32,46,66,46,44,54,20,106,26,100,14,146,255,255,255,32,22,32,12,4,18,18,12,20,30,14,30,10,24,52,255,255,255,255,255,255,48,255,196,96,240,255,255,88,48,244,255,255,255,166,255,255,255,220,38,22,198,255,98,46,14,106,88,255,186,58,32,6,26,22,14,26,12,10,28,84,255,255,255,255,255,255,255,255,255,255,255,255,255,86,16,14,6,10,6,28,140,255,222,182,255,255,255,188,4,170,248,255,255,255,255,188,126,84,40,32,86,84,66,8,22,18,16,8,12,8,16,4,8,4,10,10,12,18,10,10,24,16,10,8,6,16,24,24,28,16,24,248,255,255,255,88,10,4,12,4
194,255,126,78,92,104,108,50,18,16,16,20,34,40,50,46,10,255,255,255,255,238,198,255,255,250,255,255,255,255,255,255,255,255,255,255,255,255,255,255,238,44,255,255,255,255,255,255,255,242,255,255,138,255,255,240,255,198,144,255,255,255,90,104,255,255,255,250,255,255,255,255,255,255,255,152,255,100,152,255,255,255,178,255,255,255,232,255,255,255,255,255,255,228,255,255,255,240,32,24,20,26,36,22,54,38,56,38,52,44,38,30,24,54,66,14,18,50,24,50,90,48,40,58,54,30,58,54,48,62,72,74,62,38,30,26,18,40,26,34,46,44,36,22,28,28,58,74,66,44,34,42,38,34,36,20,30,32,28,32,34,28,12,6,10,4,10,10,4,6,8,30,48,48,36,18,6,10,6,16,10,4,14,4,8,12,12,6,24,18,14,10,10,12,22,46,72,56,16,4,4,0,0,0,0,0,0,0,0,0,0,0,0,0,0,2,4,4,2,4,6,4,4,2,8,4,2,2,2,2,0,2,2,0,4,4,2,6,14,26,34,30,24,18,10,16,24,24,14,6,2,2,4,4,12,24,26,32,16,8,4,6,2,14,10,2,4,10,14,12,8,4,6,6,8,12,12,8,2,8,2,12,4,6,8,12,14,18,24,10,8,8,12,12,10,2,22,10,26,26,14,30,56,32,10,10,20,10,6,14,6,12,30,38,10,176,255,255,255,255,255,78,255,255,255,255,255,152,36,20,100,74,52,86,126,34,108,224,255,255,255,255,24,36,32,14,28,30,48,52,2,32,28,14,36,40,32,42,14,36,38,44,8,88,88,56,86,255,255,255,132,26,28,20,8,12,14,10,12,6,16,32,32,14,24,4,200,255,255,234,255,255,255,74,255,255,255,174,255,255,104,32,148,255,255,255,255,255,255,255,255,246,255,34,66,30,38,154,255,150,4,4,12,16,36,14,28,14,8,6,10,166,255,255,255,116,178,194,255,255,255,146,255,255,255,255,164,16,24,14,10,10,14,112,255,222,98,255,255,255,255,255,252,255,184,56,54,24,2,10,10,22,10,10,16,16,28,4,38,18,6,12,26,12,12,14,18,12,14,6,16,10,12,20,20,8,6,8,28,22,20,16,12,14,255,255,255,255,56,6,6,2
209,50,10,40,66,124,168,190,192,218,252,255,255,255,255,255,255,255,255,255,255,255,255,255,255,255,255,255,255,255,255,255,255,255,176,34,226,255,255,255,255,255,255,255,255,255,255,196,70,230,255,184,255,255,255,255,255,64,255,255,255,164,52,32,62,114,128,255,255,255,255,255,255,166,255,184,255,240,216,150,52,255,255,20,142,255,255,70,255,255,120,255,255,255,255,255,255,194,70,50,52,74,66,64,60,52,34,32,42,42,20,26,46,44,90,48,38,56,20,50,102,92,82,82,80,62,42,48,50,58,52,24,40,54,62,64,38,40,42,44,52,46,32,30,42,26,32,50,60,56,46,52,42,34,38,24,26,38,34,24,32,34,20,14,16,2,14,8,10,12,6,16,22,36,40,46,36,24,20,22,12,16,12,18,30,32,20,24,18,28,24,60,54,44,36,64,70,32,4,12,6,0,0,0,0,0,0,0,0,0,0,0,0,0,0,4,6,6,4,2,4,6,6,2,4,6,4,4,4,2,0,0,0,2,4,4,4,2,0,4,10,14,18,24,28,30,24,12,8,6,4,6,8,6,12,14,14,6,16,10,4,6,10,16,2,6,6,4,4,10,16,18,14,8,10,12,12,10,0,6,2,12,8,8,8,10,14,10,14,8,8,10,12,18,28,24,22,14,8,12,40,46,46,20,22,16,28,26,30,8,12,14,104,255,255,255,255,255,255,162,255,255,255,255,255,134,60,18,28,90,102,26,66,112,70,180,42,255,184,240,255,255,6,2,2,6,26,32,24,38,16,8,6,4,18,26,26,30,12,44,50,44,54,70,34,52,242,255,255,255,30,12,32,10,4,14,10,2,8,2,10,4,4,6,18,30,52,255,255,255,255,255,255,138,255,74,255,255,234,255,255,22,20,82,255,255,255,255,255,255,255,255,126,44,64,34,206,226,104,24,12,8,112,138,152,90,62,16,8,2,12,176,255,255,255,255,255,255,234,234,118,174,108,255,255,255,255,246,22,16,2,4,8,20,130,255,242,138,255,255,255,255,50,30,6,16,22,14,14,22,6,10,20,18,16,18,20,32,40,46,28,20,16,10,20,10,6,6,2,14,12,14,14,6,18,6,4,10,10,18,16,18,2,22,66,255,255,255,224,32,12,3
209,255,255,255,255,255,255,255,255,255,255,255,255,255,255,255,255,255,255,222,255,255,255,255,255,114,10,112,232,255,255,255,255,255,255,255,255,255,255,255,226,255,255,255,126,26,14,12,24,255,255,255,255,212,255,255,58,255,255,255,255,255,138,204,186,228,122,255,255,170,255,180,255,255,255,240,255,255,255,240,204,180,255,70,64,255,255,255,255,255,192,248,196,144,160,152,124,66,92,50,44,50,30,54,42,38,28,34,32,68,72,68,48,24,50,34,24,30,58,66,82,96,104,104,126,116,66,56,56,78,96,44,22,38,72,100,72,50,40,32,44,24,14,20,26,32,32,42,44,30,26,54,58,46,50,24,16,34,34,18,22,40,18,16,24,6,18,4,12,6,20,10,8,22,28,36,44,32,32,20,22,4,10,18,12,44,24,26,48,30,60,90,66,66,22,42,46,4,6,12,10,0,0,0,0,0,0,0,0,0,0,0,0,0,0,4,4,4,4,0,0,4,4,0,2,6,6,4,2,0,0,0,0,0,0,0,0,0,0,4,6,2,8,18,28,38,42,36,12,6,2,6,6,8,12,12,12,16,22,6,6,6,10,14,4,0,2,6,14,10,10,2,12,8,8,4,10,8,4,8,4,14,14,12,12,8,8,4,8,12,0,6,6,4,8,12,6,16,16,16,8,24,10,22,26,12,22,12,22,28,178,255,255,255,255,255,255,196,255,255,255,255,255,230,80,34,78,44,58,64,34,30,70,130,150,96,255,130,230,255,255,255,24,6,8,20,18,22,56,48,18,8,10,16,8,54,38,60,96,136,68,22,22,98,24,40,255,255,255,66,42,24,36,12,18,28,14,10,6,2,8,22,24,16,2,8,28,176,255,255,255,255,255,26,255,130,255,255,192,255,255,14,22,2,58,255,255,255,255,110,255,255,255,202,110,255,182,38,8,20,18,24,142,255,255,255,122,20,12,12,10,74,255,255,255,255,108,4,50,234,255,255,255,255,255,255,255,255,255,74,18,4,12,10,14,92,218,255,184,255,255,255,255,130,30,8,30,24,16,38,26,16,10,10,12,10,12,20,48,42,32,38,20,18,12,8,12,12,14,0,14,18,8,10,18,4,6,6,8,12,22,24,12,6,14,166,255,255,255,114,26,2
90,255,255,255,255,255,255,255,255,255,255,212,144,54,64,124,230,255,255,255,238,255,255,255,255,255,255,255,255,255,255,255,255,255,255,188,226,255,255,255,255,255,255,242,44,28,28,32,28,174,255,148,255,255,255,255,255,255,255,255,180,255,255,206,108,170,182,226,255,255,255,226,240,58,72,222,255,246,234,255,255,255,255,58,24,154,255,255,230,182,106,66,40,38,36,52,48,44,78,48,38,30,34,52,48,54,54,68,42,32,54,16,32,76,106,216,170,198,18,44,66,78,70,80,96,100,82,76,52,40,78,88,42,54,54,76,46,48,44,46,66,42,38,32,18,26,24,36,54,44,16,28,44,44,58,50,48,54,30,14,32,30,22,48,36,24,22,22,12,14,12,10,14,28,32,10,16,22,36,50,12,38,32,36,70,74,48,56,62,64,76,52,18,48,38,40,62,22,6,6,12,4,2,0,0,0,0,0,0,0,0,0,0,0,0,4,6,6,4,0,0,4,6,4,2,2,4,6,6,4,4,4,4,4,4,2,0,0,0,4,6,6,6,6,12,16,18,36,44,30,12,18,24,30,26,22,20,16,8,12,14,14,2,14,14,14,4,4,6,10,8,4,10,2,6,2,8,10,12,12,10,12,12,12,10,6,2,6,4,8,12,18,18,8,10,4,18,16,14,8,24,40,26,4,44,36,16,110,255,255,255,255,255,255,190,255,255,255,255,255,255,234,80,28,74,88,78,80,134,76,22,42,88,80,192,255,206,206,255,255,182,50,26,10,34,24,28,36,36,52,48,26,20,10,16,52,18,56,82,84,54,42,110,190,98,255,255,255,128,48,24,30,34,12,18,18,12,8,8,4,18,16,24,24,4,6,16,20,255,255,255,255,146,78,255,255,164,190,255,255,236,8,8,20,40,52,242,255,255,255,50,255,255,255,255,136,22,20,6,12,14,20,186,255,104,255,98,44,14,18,24,14,54,110,68,120,168,168,174,255,255,255,255,226,255,170,255,255,255,255,112,36,2,14,20,14,54,162,255,212,234,255,255,255,160,26,18,14,14,14,18,4,4,4,6,4,6,6,34,14,24,24,12,6,10,10,14,12,6,14,18,10,4,10,14,10,4,6,8,0,14,30,32,18,30,18,255,255,255,255,52,3
11,255,255,255,255,255,255,255,255,255,255,255,255,255,255,255,255,255,255,255,255,255,255,255,255,255,255,255,255,124,255,192,255,216,132,255,106,126,255,255,255,255,255,248,84,40,22,42,26,62,255,255,255,255,255,46,255,255,255,255,255,255,255,210,232,130,138,222,132,255,58,142,255,198,238,88,255,255,255,255,255,244,255,70,26,34,76,44,46,32,34,24,26,26,34,22,16,10,32,56,42,48,48,46,58,48,34,32,50,40,100,255,255,255,255,255,255,255,144,38,72,54,54,66,70,74,76,88,90,54,38,92,84,56,52,60,34,46,62,70,58,40,40,50,56,58,38,34,66,90,66,34,36,48,42,22,30,54,40,22,28,32,40,42,20,18,8,16,12,16,8,10,16,2,28,20,22,18,16,42,88,96,86,86,74,68,82,44,56,36,14,48,20,38,54,20,42,24,4,8,4,6,6,2,0,0,0,0,0,0,0,0,0,0,0,2,4,4,2,0,0,2,4,6,4,0,0,2,4,4,4,4,4,4,6,6,2,0,0,2,4,4,2,0,4,4,4,10,18,34,44,40,26,4,18,34,26,30,16,16,6,12,4,8,4,8,14,14,14,4,8,18,16,12,10,8,10,4,6,4,6,2,0,0,2,2,2,2,6,6,10,12,16,16,2,8,18,6,8,4,16,44,48,18,122,255,255,255,255,255,255,44,236,255,255,255,255,255,255,170,92,38,178,172,76,56,86,158,166,118,98,96,62,255,255,172,238,255,228,92,16,16,8,28,18,8,28,20,42,92,84,66,8,12,8,38,36,48,96,88,32,18,70,114,116,255,255,255,44,44,66,58,52,22,24,14,26,18,18,18,22,18,24,18,12,12,12,18,126,246,76,186,100,12,54,226,255,255,255,112,104,100,30,12,16,32,30,120,255,255,255,130,255,255,255,26,30,6,20,28,22,20,130,255,106,152,188,142,46,4,22,20,12,16,255,255,255,212,176,92,255,238,228,255,255,255,40,255,255,255,255,204,46,14,18,2,8,30,124,255,255,204,255,255,255,255,16,14,8,12,22,8,0,6,8,14,12,12,20,20,24,20,12,8,4,4,0,6,12,14,8,12,20,14,2,10,4,10,8,12,14,10,26,12,16,24,26,255,255,255,248,6
154,255,255,255,255,255,255,255,255,255,255,84,114,255,255,255,255,255,255,255,255,255,255,255,102,14,16,10,255,255,255,255,255,255,255,255,255,255,255,255,255,255,255,255,56,18,2,8,8,14,120,255,255,255,64,255,255,255,255,252,255,255,255,255,136,255,244,255,184,255,74,136,162,255,255,255,255,255,255,254,150,96,84,34,26,22,36,48,54,122,164,106,38,18,28,50,64,18,24,44,34,10,82,112,198,255,240,160,32,62,208,255,255,255,248,248,166,255,122,114,60,40,54,72,66,58,56,66,96,94,32,42,92,62,82,86,36,16,34,68,50,40,36,42,52,54,58,26,10,28,60,48,36,52,46,16,20,52,50,38,50,56,44,24,22,18,10,20,18,10,4,4,14,4,18,24,42,36,30,132,130,70,48,92,46,54,42,52,48,10,58,56,40,32,68,40,44,18,14,6,2,4,6,4,0,0,2,2,2,0,0,0,0,0,0,0,0,0,0,0,0,0,0,4,6,4,4,4,2,0,0,0,0,0,2,6,6,2,0,2,2,2,0,0,4,6,8,8,4,10,28,44,52,48,36,28,18,36,38,50,40,20,6,16,12,10,10,10,20,22,64,48,38,10,4,8,10,10,12,10,6,4,2,2,4,0,8,12,18,12,10,28,24,12,10,4,20,40,40,32,128,255,255,255,255,255,255,255,132,216,255,255,255,255,255,254,172,146,64,46,74,80,78,92,24,44,146,134,46,148,118,186,255,250,92,255,255,255,60,4,20,10,34,18,36,26,50,36,48,62,46,44,18,10,4,20,30,6,44,34,6,16,36,112,210,255,255,255,44,18,30,40,34,10,24,20,28,20,18,22,14,14,14,8,14,16,40,20,22,200,142,176,50,122,78,124,26,184,255,255,255,255,255,30,6,18,0,32,255,255,255,102,255,255,255,38,16,20,16,32,30,34,86,206,255,255,255,232,40,36,8,28,12,16,255,255,42,136,200,218,255,255,255,254,255,122,18,24,255,255,255,255,255,64,36,24,10,16,16,94,255,252,200,255,255,255,255,22,14,14,36,22,6,6,12,18,10,14,10,22,12,18,10,10,6,8,2,8,8,12,14,28,26,18,18,12,12,16,14,10,32,20,28,24,28,26,6,98,255,255,255,9
222,255,255,255,255,255,255,255,255,255,255,255,255,255,255,54,20,4,48,255,255,255,255,255,255,255,30,12,255,255,220,255,82,255,255,255,255,255,210,188,212,236,218,100,12,12,20,6,10,38,72,255,255,255,255,255,255,255,255,255,255,255,255,255,52,255,160,255,108,255,255,238,255,255,255,255,224,62,26,20,28,28,18,20,98,255,255,255,255,255,255,255,90,24,38,40,64,42,12,18,110,255,255,255,255,255,255,255,34,34,255,255,236,255,255,255,255,255,224,136,40,32,44,66,64,60,54,44,56,86,52,42,50,76,74,76,64,42,50,28,78,90,48,52,70,50,50,36,18,22,44,40,26,46,60,40,40,62,58,44,60,62,62,54,46,42,34,34,36,14,20,20,16,6,12,4,16,36,68,136,72,12,16,22,66,24,12,40,46,24,68,50,68,12,28,32,16,10,26,22,8,6,6,4,0,0,4,2,4,0,0,0,0,0,0,0,0,0,0,0,0,0,0,2,4,4,4,6,6,4,2,2,2,2,0,2,6,6,4,6,4,4,0,0,2,6,10,14,14,8,4,6,16,34,52,86,74,40,28,8,28,28,40,48,30,20,4,16,26,28,46,10,46,16,4,8,4,2,4,8,8,4,6,6,6,0,8,12,14,26,40,30,28,16,56,78,140,255,255,255,255,255,255,255,255,92,236,255,255,255,255,255,128,168,164,74,88,36,100,46,22,28,74,60,58,38,184,12,250,102,230,255,156,210,255,255,212,102,12,16,16,4,32,20,36,20,20,4,36,66,46,42,2,16,14,36,22,24,28,22,20,20,48,255,255,255,255,255,232,10,20,22,20,16,14,18,10,24,18,22,4,4,8,8,18,26,38,18,6,88,232,26,230,255,240,255,116,255,255,255,255,255,255,224,16,14,18,46,255,255,255,255,228,255,255,255,52,16,18,28,10,28,46,255,255,62,255,254,10,16,30,26,18,6,166,255,255,255,255,154,94,104,102,40,2,10,38,8,18,196,255,255,255,255,80,22,16,8,2,20,66,204,255,204,255,255,255,255,50,36,24,34,6,12,10,4,10,24,8,16,2,16,6,6,4,10,4,10,10,10,18,20,14,12,18,10,12,14,24,18,28,28,16,12,18,12,24,10,212,255,255,5
207,255,176,255,168,244,216,255,255,150,255,255,255,255,206,92,40,24,24,122,255,255,255,84,255,255,255,4,118,255,255,255,255,154,122,84,64,26,30,26,4,12,6,14,10,6,22,2,20,38,255,255,255,66,255,255,255,255,98,255,154,255,255,255,255,255,255,172,224,254,255,255,255,130,50,30,38,28,42,18,30,10,42,22,226,255,255,255,255,255,255,255,128,46,22,44,8,56,48,26,255,255,255,255,104,255,255,255,102,134,198,255,255,255,255,255,255,238,134,66,28,24,30,48,54,66,72,58,50,52,48,42,30,38,72,118,140,255,202,246,40,78,28,34,50,74,70,66,54,42,44,52,46,52,64,40,30,48,58,58,32,20,44,54,50,52,46,28,30,36,20,12,24,26,22,16,6,14,88,170,84,16,22,14,42,12,22,12,20,42,68,32,50,54,22,4,20,20,12,18,4,6,8,4,0,0,4,0,4,0,0,0,0,0,0,0,0,0,0,0,0,0,0,0,0,0,0,2,4,6,6,4,4,6,4,2,2,4,4,2,4,4,0,0,2,2,0,4,10,8,4,8,12,12,10,34,58,68,82,66,52,44,20,10,12,22,40,56,70,48,54,16,54,50,24,18,10,6,8,12,20,22,14,8,16,22,26,48,74,104,168,214,248,255,255,255,255,255,255,255,255,28,202,255,255,255,255,255,255,255,178,242,255,196,116,66,22,132,144,90,58,58,92,186,78,52,164,222,100,255,224,30,232,255,255,122,44,20,12,12,2,10,16,26,16,24,12,20,38,22,2,16,36,42,30,78,44,64,24,18,34,22,244,255,255,255,255,188,255,104,18,8,10,18,12,14,14,12,10,10,14,6,4,14,6,16,22,20,14,18,174,230,255,255,255,255,250,255,255,88,72,255,255,255,24,16,16,32,76,255,255,255,255,255,255,255,255,110,14,14,10,22,8,255,255,255,255,228,84,26,12,22,16,10,6,144,216,232,90,36,10,10,4,18,14,12,20,6,10,22,112,255,255,255,255,122,36,22,4,18,18,48,210,255,226,255,255,255,255,120,30,24,18,32,20,18,16,14,18,32,18,24,14,8,12,12,4,4,6,6,4,8,10,6,6,6,6,6,30,24,12,20,16,28,26,20,10,20,12,255,255,40
210,255,255,255,255,255,255,255,255,255,255,255,255,255,190,116,58,18,16,14,52,255,255,255,168,255,255,50,34,54,54,80,48,14,14,6,18,16,10,12,16,28,42,44,36,16,10,6,24,62,255,255,255,255,255,255,34,255,255,255,255,226,255,100,255,116,255,255,255,168,86,44,42,6,26,10,128,230,228,255,255,255,240,30,255,255,118,255,242,255,255,255,116,144,255,255,196,26,60,44,255,255,224,255,255,255,255,255,82,190,100,255,255,246,138,94,92,78,66,58,44,36,38,36,40,48,74,88,84,74,44,52,72,102,244,255,255,255,255,255,255,42,38,40,14,48,66,66,56,44,34,42,62,68,66,56,48,46,52,58,50,20,34,48,44,36,38,32,36,48,38,20,10,4,10,22,6,4,44,168,160,50,6,66,68,44,16,28,24,26,42,46,22,28,26,14,28,10,14,12,8,12,24,26,12,6,10,2,4,4,4,4,2,0,0,0,0,0,0,0,0,0,0,0,0,0,0,0,0,2,6,4,4,4,4,2,2,4,4,6,6,4,2,4,4,0,6,8,6,2,4,2,0,0,2,12,8,4,30,30,42,68,70,64,52,44,50,32,14,8,26,26,36,60,38,40,52,66,68,82,96,112,92,106,94,62,78,146,206,255,255,255,255,255,255,255,134,70,244,255,255,255,255,255,255,255,255,246,122,82,220,255,255,222,42,84,108,46,48,58,38,2,20,82,146,124,58,60,172,142,134,255,255,232,78,16,20,16,10,16,30,8,24,14,8,24,16,24,34,32,40,22,18,28,38,72,24,44,52,34,30,174,255,255,255,42,255,255,255,255,14,6,22,4,6,6,16,12,22,18,22,14,6,22,18,14,12,26,10,14,54,255,255,255,255,255,255,255,255,232,108,255,255,255,54,8,8,28,16,40,255,255,255,255,112,255,255,255,196,10,12,26,30,102,255,186,168,255,255,34,18,8,10,12,22,2,8,22,12,34,26,40,30,34,22,4,10,6,2,10,2,36,255,255,255,255,184,44,22,12,16,2,28,154,255,255,255,255,255,255,198,14,12,28,12,14,20,12,28,26,18,24,20,18,20,18,10,4,4,4,6,14,20,16,6,4,2,10,36,50,20,26,14,12,16,10,14,18,16,72,255,126
210,255,255,255,198,255,255,255,202,252,236,176,122,104,106,78,16,10,8,16,20,4,154,255,255,255,255,228,24,10,4,22,38,38,22,4,14,20,20,64,190,255,255,255,228,26,24,10,10,236,255,255,86,255,255,166,20,134,255,255,255,255,255,255,255,255,24,48,28,16,32,38,186,255,255,255,255,255,255,255,255,255,255,158,255,255,255,255,255,255,208,246,255,255,255,255,255,160,16,24,255,255,255,255,200,255,255,255,200,166,68,44,42,36,24,36,52,80,76,72,70,38,42,48,52,38,68,102,96,98,76,82,188,255,255,208,240,96,106,184,255,152,24,22,26,26,34,40,48,58,50,24,28,54,48,54,56,40,16,20,40,46,20,18,18,22,38,44,48,52,44,36,44,50,34,6,24,26,74,134,102,66,26,42,32,50,6,40,64,8,24,8,36,22,20,8,6,16,24,30,42,44,36,52,42,16,12,4,4,6,4,4,6,4,2,2,2,0,0,0,0,0,0,0,0,0,0,0,0,0,2,2,2,4,6,2,2,4,4,8,8,6,8,4,2,8,16,12,8,4,6,4,4,4,4,10,16,16,18,4,12,4,10,24,30,32,60,82,84,78,76,86,68,74,34,36,44,44,24,42,52,48,20,36,50,20,42,78,86,92,162,192,206,240,255,255,255,255,255,255,255,255,182,156,122,114,120,100,48,20,84,255,230,38,100,28,84,82,86,68,36,42,68,124,60,72,204,230,84,90,250,224,144,86,16,8,4,8,10,16,26,18,12,48,58,48,8,48,48,18,16,30,26,16,50,26,16,20,38,38,68,255,255,255,166,212,118,255,44,255,122,20,18,6,8,2,6,22,26,18,26,18,14,26,14,12,20,32,8,10,14,208,255,255,255,255,255,162,255,255,255,255,255,255,52,10,2,16,10,10,30,178,255,255,255,112,255,255,255,255,20,6,34,8,230,255,255,255,255,78,22,18,6,64,114,92,98,70,20,28,26,8,18,12,8,8,8,18,20,8,12,26,2,255,255,255,255,255,62,36,10,14,18,12,110,255,255,230,255,255,255,255,6,28,12,16,24,8,20,18,2,14,12,10,10,10,8,4,2,8,10,12,4,12,10,6,4,14,18,40,28,14,8,6,6,8,20,18,18,20,170,211
211,34,30,4,10,16,16,14,12,12,10,4,14,12,8,14,20,14,20,16,24,30,26,255,255,248,255,255,22,14,20,8,24,46,20,42,166,255,255,170,255,255,255,255,255,26,46,26,44,255,255,255,255,255,255,28,26,36,255,255,132,255,64,255,86,255,255,34,20,255,255,255,255,255,255,255,136,255,236,124,255,255,255,200,248,154,78,182,255,102,255,255,255,230,255,60,255,246,34,38,146,255,255,222,46,88,106,90,42,32,52,50,52,40,38,18,40,46,36,18,60,40,26,54,64,28,38,68,102,112,212,255,255,255,238,176,255,255,255,255,255,200,30,24,38,44,34,24,22,40,60,32,22,48,52,48,34,26,40,22,22,58,72,62,46,40,42,46,62,72,54,28,20,84,124,102,80,54,158,170,76,44,84,28,62,50,34,48,76,34,24,30,12,48,56,32,14,24,74,48,58,46,24,44,52,34,10,2,4,6,6,10,8,6,6,2,4,0,0,0,0,0,0,0,0,0,0,0,0,0,0,0,0,4,6,2,2,6,6,6,4,2,8,10,12,18,22,12,12,6,2,0,0,2,4,4,14,6,20,14,14,6,8,18,16,10,12,8,8,26,40,58,62,52,40,32,54,88,88,94,128,128,130,130,126,84,106,158,194,216,255,255,248,240,248,255,255,194,108,114,114,92,80,74,42,24,38,34,76,40,112,112,88,70,6,62,50,36,32,86,24,86,42,92,174,168,96,106,188,174,162,58,36,14,4,0,0,4,12,24,16,14,22,52,24,58,44,48,40,14,52,28,2,48,24,10,16,36,24,54,255,255,255,188,48,255,76,255,255,200,255,26,6,14,10,8,12,14,10,10,30,26,26,28,12,12,16,10,16,26,20,34,255,255,255,126,255,255,100,255,255,255,182,46,22,18,6,2,10,6,12,24,106,255,255,255,255,255,255,255,255,40,16,10,236,255,255,255,255,126,40,12,28,64,98,106,148,188,154,90,30,18,14,6,12,18,32,20,20,16,20,6,32,14,222,255,255,255,255,88,32,18,8,24,18,76,220,255,216,255,255,255,255,20,24,30,22,18,22,18,4,6,10,12,12,10,8,10,6,16,12,24,18,20,10,10,4,14,10,24,16,6,6,4,8,12,6,22,22,6,14,218
211,8,16,18,18,12,14,14,14,8,12,6,6,10,8,6,14,16,14,8,6,16,10,80,255,255,255,255,40,14,10,68,134,136,214,255,255,255,255,255,244,224,250,255,255,184,72,20,116,255,255,164,255,255,250,28,32,22,80,255,255,255,255,255,255,255,255,100,188,255,255,255,82,255,162,255,255,255,255,255,255,255,90,255,255,230,255,255,255,50,255,255,255,255,255,255,255,255,50,68,54,52,42,18,26,24,18,22,24,30,46,62,46,26,34,30,16,16,32,12,38,60,38,32,48,50,136,255,255,255,255,255,255,120,118,255,240,255,255,254,220,148,66,40,36,62,48,24,20,26,48,50,44,46,56,62,46,42,70,64,28,30,62,86,82,58,38,24,54,114,130,134,150,144,94,46,56,128,162,70,40,84,64,102,12,2,38,66,42,86,42,32,68,104,74,88,72,60,62,18,32,18,12,28,42,36,12,10,4,4,4,4,6,6,6,2,4,0,0,0,0,0,0,0,0,0,0,0,0,0,0,0,0,2,6,6,2,2,4,2,2,4,6,6,4,8,10,12,14,4,4,4,2,2,6,4,6,8,12,6,6,10,12,8,30,16,8,4,4,2,2,2,8,18,18,12,10,6,4,4,4,2,30,46,48,28,36,62,62,56,46,88,74,102,82,96,82,62,66,42,38,56,34,26,72,100,58,74,92,24,68,68,74,52,22,50,104,118,48,126,92,24,154,128,46,90,184,255,148,106,116,26,18,22,12,6,4,36,38,38,14,14,46,62,44,26,32,34,22,18,20,40,30,32,42,48,36,46,30,242,255,255,255,180,136,238,255,72,255,68,255,154,6,22,6,4,8,4,10,2,16,18,22,14,2,4,10,2,12,10,6,10,160,255,255,255,255,255,255,90,28,226,255,255,255,255,68,6,8,12,8,18,18,60,255,255,255,255,255,255,255,255,102,16,78,255,255,76,255,255,164,4,24,82,136,150,102,14,108,192,214,132,62,36,26,52,16,34,32,14,26,30,18,16,18,140,255,255,255,255,108,14,10,24,2,16,52,188,255,202,255,255,255,255,108,20,32,36,10,18,6,2,12,24,24,14,6,8,10,22,6,4,2,2,4,8,8,14,10,18,10,6,12,8,10,2,22,30,44,34,8,217
214,12,4,18,18,12,20,12,10,6,12,14,6,2,6,2,2,2,8,8,12,4,26,6,255,255,255,255,188,28,16,114,254,255,255,255,255,255,255,255,144,200,255,220,160,255,255,44,176,255,255,148,255,255,98,2,8,16,10,220,255,174,255,194,255,248,255,255,255,255,255,255,255,255,255,255,202,190,248,112,255,255,228,255,32,255,255,255,255,206,255,255,255,255,255,255,255,174,42,34,26,24,38,34,18,4,8,28,44,42,24,22,36,46,50,44,14,12,36,42,30,28,38,32,70,180,255,255,255,255,136,255,255,255,255,255,255,212,142,62,30,64,52,28,38,76,70,44,24,22,36,48,52,42,48,70,74,76,84,70,32,32,22,46,84,120,158,186,202,180,102,24,34,82,138,164,112,138,72,10,12,122,44,90,38,56,60,92,78,88,122,96,112,70,24,34,36,36,12,4,18,12,12,22,40,50,38,16,2,0,2,4,8,6,0,4,2,0,0,0,0,0,0,0,0,0,0,0,0,0,0,0,0,0,2,6,6,4,4,4,4,4,6,6,2,10,10,6,12,8,8,10,8,4,0,2,4,20,16,22,2,16,10,12,10,12,16,12,10,8,4,6,10,8,26,32,12,12,10,6,6,2,12,28,26,8,4,18,16,30,22,38,72,58,32,16,32,34,16,16,16,60,96,82,56,32,62,74,74,94,130,36,120,66,14,86,96,140,50,36,54,98,74,76,182,168,166,94,64,38,70,14,4,22,14,28,4,44,16,38,42,20,36,26,32,14,42,62,26,14,44,30,14,22,16,12,10,38,188,255,255,255,38,180,82,58,255,174,212,255,218,255,34,20,2,8,10,2,6,4,8,8,14,8,4,10,8,6,10,12,12,8,36,255,255,255,76,255,255,255,220,255,255,222,226,255,255,92,12,10,14,4,20,44,24,228,255,255,255,86,255,255,255,244,42,158,255,255,238,255,174,16,6,32,44,82,142,182,172,90,56,142,168,112,24,36,94,180,208,98,14,18,20,10,10,26,48,255,255,255,255,110,14,30,12,8,4,20,126,244,250,255,255,255,255,206,26,8,18,22,10,10,2,12,18,10,4,6,4,20,12,14,12,10,10,6,10,6,12,18,8,14,16,20,22,18,16,10,8,28,20,215
218,28,20,18,22,20,20,12,6,4,6,10,10,6,4,6,12,14,22,12,22,6,24,8,255,255,44,255,255,16,8,118,255,255,132,255,255,255,255,255,224,255,255,80,255,188,255,64,200,255,255,255,255,255,10,24,24,14,10,40,255,255,78,255,255,255,255,255,255,255,255,255,255,92,164,112,146,255,255,255,255,255,255,255,255,255,255,255,255,255,154,210,208,156,144,106,66,30,32,26,16,30,30,36,34,28,18,10,12,20,26,34,28,38,48,40,64,54,24,34,58,44,148,255,255,255,255,112,255,255,40,255,255,255,255,255,208,46,74,58,50,66,62,32,26,68,72,58,38,28,28,34,54,66,70,72,64,62,96,96,38,114,188,218,222,194,118,24,56,106,174,214,194,160,134,94,182,228,84,4,10,46,74,64,100,132,122,132,86,40,66,68,46,12,12,8,18,24,0,12,16,12,8,10,28,50,52,38,16,2,6,6,4,6,6,2,4,0,0,0,0,0,0,0,0,0,0,0,0,0,0,0,0,0,0,2,4,4,6,8,10,8,6,4,4,10,12,8,12,8,8,12,12,10,8,6,14,24,10,28,8,18,2,12,8,8,0,6,8,6,4,8,8,12,18,18,16,18,14,10,20,16,14,22,22,18,12,18,22,28,18,18,26,50,68,48,32,58,40,46,118,78,92,114,54,18,48,82,42,90,160,22,100,58,108,72,58,30,88,62,56,64,140,186,194,78,14,16,40,44,30,6,12,16,28,14,18,30,40,14,48,26,76,74,32,42,26,26,44,46,48,32,54,12,24,12,20,142,255,255,255,224,255,148,50,144,255,255,18,255,92,255,206,14,16,8,14,4,14,12,10,4,10,10,10,16,4,8,6,4,2,6,8,112,255,255,255,255,255,255,255,255,230,255,255,166,255,232,22,20,8,20,40,50,14,24,186,255,255,255,198,255,255,255,255,98,255,255,255,255,130,28,24,26,2,20,8,50,128,198,212,128,142,106,40,212,255,236,255,255,132,28,6,20,14,18,38,20,255,255,255,255,144,26,12,2,18,12,6,68,208,255,255,255,255,255,255,22,26,22,16,0,18,32,30,14,0,4,10,14,4,10,10,8,0,4,12,8,10,16,8,10,6,4,10,14,30,70,100,146,210,209
215,8,12,4,12,26,24,10,4,8,10,6,6,8,4,14,14,10,12,6,16,2,22,8,190,255,255,255,255,14,22,36,166,255,255,255,202,106,134,152,255,188,255,255,255,255,255,54,255,255,255,255,255,255,38,34,30,18,22,36,182,255,170,255,200,255,255,255,66,200,184,86,252,255,255,255,254,246,20,255,255,255,255,178,255,255,172,255,255,200,72,60,38,20,50,122,108,162,200,188,40,28,24,32,16,26,30,22,12,8,14,36,24,26,56,44,34,64,44,38,56,178,255,255,255,255,255,164,255,255,124,255,255,255,230,90,82,104,68,58,60,66,76,64,50,56,60,60,60,50,36,32,34,52,62,54,16,4,56,120,122,224,170,50,72,130,212,255,232,198,166,116,66,70,54,44,120,240,196,50,72,86,148,106,90,102,90,80,64,54,34,34,34,22,18,22,28,22,14,4,16,18,12,6,6,28,38,42,30,10,2,4,4,4,8,2,4,0,0,0,0,0,0,0,0,0,0,0,0,0,0,0,0,0,0,0,0,0,2,4,10,12,4,2,4,10,12,4,6,4,4,8,12,16,18,22,22,14,2,24,18,12,6,2,10,14,14,10,12,18,18,10,24,32,46,26,10,30,16,8,8,24,22,18,4,14,4,2,28,36,14,20,28,44,22,32,68,28,26,98,52,66,104,56,52,48,42,72,52,46,24,102,92,96,72,114,128,82,54,72,74,108,114,92,68,18,14,22,50,62,76,56,12,30,26,26,52,88,40,36,46,28,38,36,48,24,28,26,50,10,72,8,54,28,24,44,118,255,255,255,216,24,182,162,255,214,255,255,178,255,255,198,255,80,6,12,8,8,16,8,10,8,14,2,8,14,8,10,6,6,8,8,14,6,255,255,255,40,255,255,158,255,248,255,255,100,255,230,38,14,8,34,8,34,22,56,20,96,255,255,255,255,255,255,255,255,184,252,255,255,248,90,12,4,20,28,16,4,14,16,82,108,108,30,255,255,86,68,52,255,138,20,22,22,8,18,22,12,6,255,255,255,255,184,26,18,6,14,10,12,44,184,255,255,255,255,255,255,34,22,12,20,20,20,10,2,4,8,22,16,16,12,8,10,6,6,16,22,4,16,10,4,20,54,88,134,194,208,174,146,130,164
211,8,6,2,2,6,12,10,4,12,10,6,4,8,12,8,8,6,6,12,14,2,10,8,110,255,255,255,255,108,28,28,36,255,255,255,254,255,255,172,255,255,158,255,114,204,186,242,255,255,255,255,242,255,146,32,42,40,40,46,255,255,52,255,206,255,255,255,60,58,220,255,255,252,108,132,106,122,255,255,255,255,255,168,94,82,42,20,18,14,24,30,90,255,255,238,252,255,255,255,76,10,28,52,54,46,50,52,44,30,18,24,20,24,58,14,10,38,128,255,255,255,255,255,255,250,162,255,208,252,255,255,134,106,76,54,68,108,66,36,58,66,40,56,78,62,56,56,72,78,62,42,38,36,42,68,66,46,44,114,240,255,232,255,255,230,202,156,96,110,74,34,34,58,66,64,84,198,255,172,180,154,152,72,40,48,50,14,32,52,52,48,54,38,14,22,20,10,10,14,14,12,4,4,2,16,26,36,34,20,8,8,10,4,6,6,2,0,0,0,0,0,0,0,0,0,0,0,0,0,0,0,0,0,0,0,0,0,0,4,4,10,6,4,8,14,18,12,10,8,2,8,12,14,16,30,22,16,8,12,22,10,4,6,16,12,14,12,10,8,4,6,42,32,34,8,8,32,6,8,4,14,20,6,16,46,72,66,60,42,46,22,28,56,32,52,66,58,52,92,32,28,106,58,58,40,30,70,26,80,142,64,36,12,38,66,24,112,164,126,70,76,24,32,32,8,18,46,34,32,38,32,24,38,30,22,42,36,50,60,24,46,24,44,32,20,16,28,40,14,50,54,72,18,60,74,255,255,255,236,34,158,255,255,180,150,176,226,255,26,255,182,255,222,8,14,14,12,14,4,22,18,20,16,12,10,12,12,8,14,22,14,18,10,86,255,255,255,255,255,255,255,255,86,122,255,255,186,18,18,8,28,26,40,48,20,26,10,38,255,255,255,255,20,255,255,255,255,56,230,202,92,12,8,18,20,18,24,10,8,18,46,170,255,246,88,38,20,220,255,156,18,6,6,14,20,32,38,10,18,250,255,255,255,224,24,28,2,8,8,8,32,132,255,255,255,255,255,255,62,20,24,28,26,26,24,10,18,22,8,16,14,12,10,2,10,2,14,20,62,104,152,194,208,176,130,78,40,92,130,158,202
214,10,18,12,8,26,24,22,6,12,2,6,4,14,12,4,6,12,14,12,6,2,4,24,10,255,255,192,255,255,32,22,202,255,255,255,252,196,242,255,12,255,255,200,218,254,255,255,150,128,255,255,255,255,184,42,162,255,255,255,255,255,255,255,255,255,255,255,12,20,234,255,242,255,255,255,255,255,255,164,100,86,48,36,12,24,28,10,12,16,8,12,255,255,255,255,168,255,255,255,104,14,12,108,255,255,244,110,14,28,36,32,24,30,48,52,78,96,255,255,255,126,52,255,255,255,255,255,255,255,255,214,78,90,56,34,40,74,72,42,68,94,62,58,94,70,30,30,42,72,60,32,40,40,30,48,58,60,42,64,164,228,200,156,56,50,60,54,40,76,76,48,62,66,78,76,82,156,208,180,138,104,80,74,58,50,34,10,10,8,18,30,44,46,40,26,12,16,28,16,6,10,8,4,6,8,22,28,38,42,26,4,6,8,4,4,4,2,0,0,0,2,4,4,2,0,0,0,0,0,0,0,0,0,0,0,0,0,0,4,2,4,4,4,6,10,16,14,8,8,10,14,14,10,4,18,10,26,8,6,14,12,20,22,6,10,8,34,36,18,16,8,34,32,44,14,16,20,6,16,12,4,12,14,24,116,108,110,60,78,124,76,42,82,66,80,70,94,46,56,64,72,44,60,82,100,90,110,104,110,12,86,62,38,16,74,134,140,92,38,14,6,18,16,4,24,40,20,80,70,96,40,16,56,28,20,82,72,100,54,14,66,36,56,26,12,32,54,90,92,94,42,36,74,16,255,255,255,255,120,208,255,255,255,242,255,255,70,255,230,234,255,142,255,66,14,20,12,16,24,24,4,14,14,14,4,10,10,4,4,16,10,8,16,12,255,255,255,98,255,255,202,255,255,255,255,98,162,150,68,8,10,22,24,40,52,56,30,16,16,148,255,255,255,255,255,255,255,255,255,255,96,8,4,14,18,6,18,20,20,86,252,255,142,18,42,68,255,255,160,36,10,14,10,20,2,34,42,10,34,12,196,255,255,255,242,32,20,10,6,6,0,4,80,255,255,255,255,255,255,76,24,26,8,14,28,24,12,14,8,6,12,24,18,16,44,76,114,166,210,200,176,118,42,88,136,148,152,138,70,156,212
213,8,14,16,20,20,4,18,6,12,4,6,4,8,6,8,10,14,10,8,2,0,6,20,18,244,255,255,255,255,30,20,228,255,255,255,255,255,255,172,160,94,255,255,255,164,255,255,248,255,255,255,255,255,255,255,255,255,255,122,218,255,255,212,255,102,255,255,38,68,120,255,255,255,254,214,156,170,106,22,10,118,148,136,180,255,255,255,208,20,18,26,255,255,148,255,255,255,255,255,116,46,174,255,255,255,255,255,130,30,22,26,8,18,106,116,255,255,255,255,198,16,174,255,212,255,255,255,64,78,48,34,42,78,70,38,38,72,84,46,46,64,50,56,72,48,30,48,42,64,70,48,52,44,28,20,12,26,40,34,64,52,20,36,42,38,48,50,46,82,84,54,40,36,34,26,36,80,82,74,80,58,54,78,74,48,20,18,10,26,18,20,30,14,50,50,22,14,32,28,24,18,6,6,4,2,18,18,28,52,46,24,14,8,4,2,2,2,0,0,0,4,6,6,4,0,0,0,0,0,0,0,0,0,0,0,0,0,0,2,2,2,0,0,0,0,2,8,8,4,8,14,16,18,16,24,16,12,40,38,46,36,34,32,30,14,56,68,64,34,38,30,34,20,20,22,34,58,70,100,84,64,18,18,42,66,48,44,80,108,122,128,90,100,60,84,52,28,70,56,90,98,110,144,160,160,64,70,26,64,110,42,72,98,68,74,92,50,26,16,10,10,16,20,26,10,18,22,20,12,30,12,40,8,52,32,26,12,30,18,44,58,4,36,6,8,28,78,88,68,56,50,18,60,255,255,255,252,255,222,210,255,228,255,255,70,255,255,255,255,30,255,148,255,206,12,18,12,20,18,2,12,2,14,22,16,6,10,4,4,14,6,14,20,16,72,255,255,255,255,255,255,90,88,255,255,255,255,255,104,8,26,4,48,14,34,28,10,22,12,14,130,255,255,255,255,255,255,255,255,68,34,4,6,24,8,30,18,18,116,255,250,40,36,18,126,255,255,86,14,10,14,10,18,22,22,98,172,188,192,78,32,164,255,255,255,255,52,28,12,2,8,4,6,64,216,255,255,255,255,255,124,40,22,32,42,24,6,12,4,16,42,76,128,174,206,206,158,86,18,70,120,204,236,204,94,150,190,208,196,255,150
213,6,8,14,20,4,10,10,14,10,12,8,10,14,18,16,12,2,12,10,2,4,10,8,10,82,255,255,255,255,62,52,156,255,255,255,200,110,120,255,255,255,146,255,46,255,255,250,102,255,255,255,255,255,255,120,118,255,255,255,255,68,255,255,26,255,255,108,44,48,14,90,100,74,14,12,22,86,76,64,184,255,255,255,255,255,255,255,255,90,18,42,255,255,255,255,255,162,255,158,176,255,255,178,216,50,190,255,255,66,10,30,34,56,255,255,255,232,146,110,168,126,94,255,255,114,124,84,50,8,30,32,34,68,86,56,42,70,76,46,46,54,12,48,66,58,72,54,24,34,46,54,62,50,48,52,52,52,66,58,72,78,60,48,68,54,38,38,46,84,96,62,66,52,34,12,14,60,76,74,80,76,50,38,52,62,48,18,10,20,2,12,28,12,28,48,36,20,18,38,54,44,42,6,4,8,8,4,6,28,40,32,10,8,8,4,4,2,0,0,2,6,4,4,4,0,0,0,0,0,0,0,0,0,0,0,0,0,0,0,0,0,0,0,0,0,0,6,10,6,2,6,6,6,12,18,22,28,32,8,20,8,2,8,24,30,80,34,38,24,30,46,62,90,58,60,66,30,38,50,18,68,18,44,72,22,78,94,58,40,74,74,80,28,24,38,66,54,86,94,170,82,56,50,48,34,38,22,38,24,56,86,112,62,58,74,52,14,10,26,8,8,4,54,58,30,6,22,12,18,22,40,22,60,46,6,74,78,96,66,50,42,18,34,10,20,8,40,116,84,22,74,74,255,255,255,255,230,255,148,84,255,255,255,146,255,255,255,255,255,230,172,255,132,255,78,6,4,4,14,10,8,10,8,16,16,8,12,2,2,12,12,14,20,30,6,206,255,255,255,255,255,226,255,255,255,254,255,255,110,14,4,34,22,32,34,8,6,26,18,14,16,86,255,255,255,255,84,255,255,255,194,20,8,38,16,14,20,178,255,176,64,36,28,212,255,196,44,10,12,12,12,12,18,26,34,88,100,72,178,222,200,164,62,255,255,255,255,38,22,16,10,12,6,4,50,174,255,255,255,255,255,146,22,34,48,20,32,68,112,172,216,218,182,122,58,42,136,196,198,172,104,48,78,150,255,255,132,130,110,206,147
212,12,8,20,12,12,8,2,8,2,14,14,6,8,14,10,12,12,14,4,12,12,18,14,16,4,255,255,255,255,122,255,234,112,234,255,255,255,255,222,104,255,52,255,255,255,255,255,255,255,255,255,172,255,255,255,255,78,128,255,255,255,68,255,255,255,56,12,34,30,38,28,18,20,44,48,180,255,255,255,255,255,58,68,182,255,164,255,255,156,40,50,255,198,246,255,255,242,255,104,238,255,255,255,255,255,255,255,164,100,86,255,255,255,255,255,255,56,255,248,255,255,255,255,130,26,12,32,18,18,10,20,20,44,82,62,30,50,64,46,44,60,36,56,86,72,66,32,12,18,10,26,44,50,52,58,58,50,50,58,48,72,110,74,52,48,30,34,28,36,58,66,78,66,64,40,54,60,86,76,70,76,64,48,58,84,84,56,42,38,12,12,34,28,12,36,72,58,14,42,66,36,72,42,12,10,12,18,12,16,20,24,18,12,10,8,2,0,0,0,4,6,2,4,4,0,0,0,0,0,0,0,0,0,0,0,0,0,0,0,0,0,0,0,0,0,0,2,6,8,8,6,4,6,8,8,12,28,60,56,50,36,14,14,34,40,76,34,20,10,32,14,108,42,40,64,58,16,36,22,56,42,32,70,78,102,64,110,88,128,94,68,48,64,92,114,86,60,100,132,88,44,34,28,84,44,58,62,52,80,86,104,64,20,22,16,14,12,10,26,24,18,14,48,10,32,6,18,28,34,30,34,26,32,2,48,130,100,112,58,8,28,26,40,18,16,22,20,58,58,74,74,255,255,255,238,182,214,30,42,14,200,255,255,255,236,255,252,255,218,255,255,208,114,255,242,24,6,6,16,12,6,18,10,10,12,4,6,2,4,4,16,14,12,46,44,36,255,255,255,255,160,126,76,255,255,255,255,255,255,255,32,12,16,12,10,4,10,20,14,6,16,2,24,200,255,255,255,244,255,255,255,255,42,26,28,56,224,255,148,16,32,26,242,255,136,20,32,16,4,8,12,14,16,22,12,88,184,216,164,56,78,190,250,114,255,255,255,255,50,32,6,16,6,8,8,30,134,255,255,255,255,255,226,72,124,194,252,248,186,134,60,32,120,176,196,198,176,134,42,72,255,255,255,255,255,72,46,120,210,184,196
211,2,14,12,16,12,8,6,10,12,18,12,2,2,8,14,20,8,4,10,20,10,18,22,10,16,255,255,255,255,102,255,255,234,178,178,116,255,248,252,234,234,255,255,255,255,255,255,240,255,255,255,128,255,255,255,255,255,156,24,208,255,255,255,246,54,26,44,18,50,136,144,142,255,255,255,172,255,182,255,255,106,80,38,255,255,255,255,255,158,16,26,246,255,255,255,255,176,255,255,116,255,255,255,192,255,255,255,160,128,138,255,255,255,255,168,255,255,252,255,255,255,255,114,46,26,28,26,30,28,18,26,14,12,50,50,26,40,54,48,42,58,60,44,44,46,40,32,48,58,34,26,42,62,40,12,24,16,12,42,38,46,80,72,44,34,48,34,46,20,30,60,66,52,64,34,62,38,46,48,64,86,74,58,64,96,106,78,78,72,48,12,6,24,6,6,36,76,52,54,52,34,40,30,4,8,10,14,4,12,20,18,24,18,8,2,4,0,0,0,4,6,2,4,4,0,0,0,0,0,0,0,0,0,0,0,0,0,0,0,0,0,0,0,0,0,0,2,0,4,8,10,8,8,6,4,10,8,12,12,14,24,12,16,30,28,78,52,46,34,52,44,96,86,78,102,50,16,22,34,18,4,18,34,48,16,32,86,148,94,28,70,72,50,10,60,66,36,54,26,14,58,46,14,42,92,92,60,34,80,42,38,30,2,26,16,16,18,18,12,16,14,32,30,52,30,18,30,8,16,38,32,22,32,20,30,104,106,90,76,24,58,48,70,30,60,78,58,54,30,18,255,255,255,255,255,255,104,30,26,44,118,255,188,255,120,255,255,255,255,255,255,255,255,255,255,80,40,30,4,8,8,6,6,6,10,4,8,4,8,10,12,14,20,18,30,14,84,224,44,166,154,74,108,66,255,255,236,255,255,255,94,10,14,24,18,10,10,16,26,26,10,8,6,22,118,255,255,255,255,255,255,255,255,100,98,255,246,50,32,34,102,255,255,80,40,28,4,12,16,8,8,12,14,14,20,22,42,76,152,232,238,144,6,172,174,255,255,255,255,64,34,24,26,6,10,18,40,114,255,255,255,255,255,255,228,162,94,4,114,168,202,210,190,140,70,22,28,138,234,168,234,255,168,132,190,174,122,128,255,244,223
214,22,14,16,12,8,6,16,14,14,14,8,4,8,10,10,14,10,10,14,16,2,16,12,12,16,255,255,72,255,34,255,120,255,128,106,126,255,112,255,255,230,166,232,140,255,255,255,255,255,255,255,255,255,255,255,232,255,255,255,255,255,136,36,80,40,90,122,82,255,255,255,96,255,255,255,174,255,255,190,170,232,190,208,255,28,12,136,94,50,8,14,255,255,255,255,255,152,144,184,148,255,255,255,106,200,192,126,62,130,234,255,255,156,184,255,255,255,255,140,124,6,44,18,40,50,28,26,30,28,26,38,34,22,48,56,40,40,44,48,38,40,56,40,42,64,44,48,32,54,36,30,42,62,50,12,26,2,10,34,50,36,62,100,86,48,58,36,66,48,38,70,70,64,84,52,70,64,72,76,76,76,58,40,54,102,120,88,100,96,86,74,40,30,26,14,22,72,104,70,26,32,84,54,24,6,8,24,20,24,30,16,12,22,22,10,8,4,2,0,2,6,6,2,6,4,4,4,4,4,4,4,2,0,0,0,0,0,0,0,0,0,0,0,0,0,0,2,2,2,2,6,8,8,4,8,10,10,6,2,8,26,22,28,12,6,30,26,24,16,20,20,58,46,40,66,74,28,62,32,22,18,26,60,78,82,68,58,12,26,44,36,8,28,80,36,30,28,44,52,10,58,50,52,70,82,36,38,58,48,10,12,30,20,40,8,22,14,22,18,22,14,42,26,44,60,46,68,32,32,28,34,30,20,16,44,56,104,70,62,6,88,2,98,56,36,40,60,16,60,255,255,255,255,140,150,106,6,62,146,198,66,255,255,148,255,102,148,40,255,255,255,255,255,255,255,226,14,48,2,6,10,14,12,4,12,8,10,10,2,14,14,16,18,8,20,26,12,176,178,146,56,196,66,168,255,255,255,255,255,255,80,18,12,28,32,6,4,6,10,22,26,14,6,16,24,30,255,255,255,255,146,255,255,255,255,184,42,50,54,182,255,188,34,18,18,16,20,12,24,10,22,18,10,10,8,10,12,20,14,36,130,214,242,196,86,8,255,255,255,255,60,12,38,18,16,8,54,8,74,255,255,255,255,255,108,196,196,198,184,136,78,34,14,8,18,10,62,166,130,96,166,255,255,255,255,255,255,238,255,118,221
213,10,18,16,4,8,18,14,12,4,8,6,10,8,2,2,10,10,8,4,12,4,20,20,26,18,174,255,248,255,255,255,110,255,255,255,255,255,16,194,255,255,255,255,255,255,198,255,250,255,204,255,255,242,255,255,255,255,158,64,20,36,126,255,255,255,255,255,255,255,168,255,116,255,255,255,220,196,255,255,255,78,66,98,255,255,255,255,186,62,18,6,128,255,255,255,255,255,255,255,255,120,54,56,172,196,68,28,246,255,220,140,255,255,255,255,255,200,102,16,32,64,54,30,18,30,20,18,24,20,16,28,44,46,52,58,56,42,32,46,40,24,40,42,54,86,60,26,12,42,42,48,16,40,64,62,72,62,52,52,44,40,54,100,116,80,44,26,38,26,20,46,42,60,84,68,68,60,60,72,58,54,78,56,84,100,132,104,126,114,106,126,104,60,28,32,56,126,122,60,32,92,80,50,40,18,12,10,24,38,36,14,12,8,22,18,8,6,6,2,0,2,6,4,2,4,4,4,4,4,4,6,4,0,0,0,0,0,0,0,0,0,0,0,0,0,0,2,2,2,2,2,2,6,6,6,8,8,12,18,20,30,14,20,14,4,10,24,10,12,16,24,2,10,14,52,244,198,216,72,38,36,56,28,30,46,48,18,28,36,28,40,32,28,96,52,70,68,60,64,48,48,44,50,54,28,12,12,12,14,12,20,20,18,8,70,48,56,6,20,2,8,46,20,50,68,52,60,24,30,44,48,70,62,50,32,34,22,20,36,12,76,72,38,16,44,102,28,48,255,255,255,255,6,58,22,140,255,210,94,128,255,255,128,255,255,255,84,192,64,255,255,42,184,255,255,255,66,30,18,12,8,4,12,4,18,10,10,18,6,12,6,10,18,28,32,18,6,50,216,50,218,230,255,255,70,255,255,255,255,144,28,26,22,18,34,16,12,4,6,12,12,6,10,8,24,14,22,192,255,255,255,154,255,255,255,252,90,16,204,255,148,14,26,18,24,2,28,12,28,14,18,0,12,22,20,8,14,20,12,18,16,20,80,164,236,228,190,255,255,255,255,54,20,40,14,10,40,36,36,128,206,255,255,255,255,144,106,34,24,46,48,30,22,24,12,8,72,188,192,240,104,238,230,255,224,136,80,30,40,255,204
199,92,20,10,8,10,18,2,20,8,12,6,8,12,10,6,6,8,12,8,18,16,22,34,60,32,78,255,255,255,255,255,184,94,54,148,255,255,255,255,196,10,176,255,255,162,148,255,255,255,255,255,255,255,120,255,255,255,46,18,8,24,106,255,114,255,255,255,255,255,92,255,206,182,255,255,132,70,188,148,178,150,196,172,255,255,214,255,255,40,14,22,44,240,255,255,255,184,108,106,78,36,254,255,255,255,255,108,220,255,255,255,255,255,255,132,82,32,30,32,12,32,66,52,32,38,46,36,28,38,30,26,28,46,28,20,50,48,26,48,52,26,36,52,60,90,92,56,48,60,40,32,42,36,48,54,46,56,52,62,52,28,56,22,40,100,54,14,26,34,44,46,38,58,72,62,42,18,10,64,72,62,76,46,88,70,120,106,140,118,100,120,122,118,76,44,82,130,106,36,98,134,46,48,36,44,12,6,26,36,24,4,16,14,20,32,20,4,6,4,0,0,2,6,4,0,0,0,0,0,0,4,4,0,0,0,0,0,0,0,0,0,0,0,0,0,0,4,4,6,2,6,8,4,4,8,6,4,2,8,10,18,8,18,24,10,12,22,26,24,20,26,26,28,6,156,255,255,255,255,164,14,22,44,10,16,14,36,64,64,64,40,26,28,60,52,58,36,44,52,22,10,18,4,20,8,12,2,20,10,8,26,22,16,36,62,14,48,14,22,12,22,40,52,96,8,60,26,34,30,32,46,48,18,38,10,2,12,28,22,16,72,50,32,44,16,72,48,255,255,255,255,54,54,6,58,255,255,255,100,222,112,152,208,124,150,38,255,255,255,255,255,255,54,208,255,255,255,32,26,12,12,10,14,14,26,18,4,20,10,14,6,10,26,24,32,14,26,6,112,218,255,255,255,255,255,58,44,14,24,30,2,6,10,8,10,12,2,12,10,10,4,4,8,14,14,26,10,10,116,255,255,255,255,255,255,255,255,254,218,64,8,24,28,12,28,4,28,22,32,18,14,12,14,14,20,28,18,10,4,4,6,12,20,4,30,90,140,116,255,255,255,255,64,30,20,4,16,20,14,30,108,178,255,255,255,255,218,58,36,42,36,8,14,16,28,24,16,60,76,72,50,52,16,40,38,218,250,200,134,255,140
183,255,10,10,6,4,14,6,14,10,18,16,14,12,10,18,20,8,14,44,56,22,66,188,255,255,255,255,255,255,255,248,255,255,255,255,196,36,204,255,255,250,84,150,255,255,255,255,78,255,238,122,255,255,255,255,255,255,118,12,38,32,80,255,214,84,255,255,255,255,255,154,102,255,170,255,255,255,255,255,176,114,96,120,255,255,255,255,255,16,14,30,14,38,50,68,48,8,12,12,58,56,255,255,132,255,255,255,36,255,255,150,50,54,122,248,255,120,40,54,34,26,54,54,46,26,40,56,48,50,40,24,10,34,40,34,56,62,40,54,58,34,36,42,46,64,84,84,68,46,14,10,16,26,38,48,42,46,52,40,48,46,180,206,255,174,108,48,54,46,68,70,74,70,64,88,108,68,38,72,50,70,255,234,255,124,32,68,94,100,82,98,104,110,132,100,94,144,182,132,132,114,54,66,28,50,44,16,30,46,42,30,26,18,16,28,34,16,14,10,4,4,2,4,8,6,4,4,4,4,2,4,6,4,4,4,4,4,4,4,2,2,0,0,2,4,4,6,4,4,4,4,4,6,8,2,4,2,6,8,10,10,12,12,12,14,12,10,24,24,22,20,12,16,10,255,255,255,255,238,192,66,56,50,26,22,14,10,24,34,46,30,32,24,20,32,36,20,14,0,2,10,10,18,16,6,28,26,24,4,14,16,12,10,32,46,48,40,8,2,12,16,50,52,60,68,20,20,8,10,42,88,26,46,66,38,30,64,74,86,42,142,80,72,8,8,176,255,255,255,255,190,44,60,120,186,255,218,160,255,100,234,255,116,218,255,255,212,84,255,232,255,255,186,28,255,255,255,116,24,50,20,18,12,14,18,22,8,22,16,10,10,20,4,4,20,6,22,6,16,236,255,255,255,255,255,255,22,6,14,14,26,20,28,8,8,8,10,12,10,10,4,6,12,10,4,14,8,8,14,74,255,255,255,255,70,255,255,255,138,32,18,22,18,12,16,14,10,28,22,22,16,10,6,20,38,16,10,14,6,14,18,30,18,8,10,22,26,32,24,255,255,255,255,120,16,20,22,2,4,6,18,86,184,255,255,255,255,255,22,20,28,18,16,8,14,6,14,14,22,38,92,240,255,255,190,255,255,255,38,255,118
95,255,134,12,10,10,8,28,8,16,12,14,28,14,34,42,50,28,68,178,255,255,255,255,255,242,72,252,255,255,255,255,186,38,216,255,255,196,46,136,255,255,255,255,255,202,146,255,255,255,255,98,255,255,255,150,255,255,255,102,128,130,204,255,50,238,255,255,198,32,162,255,255,255,255,218,255,188,255,194,126,26,38,255,255,255,255,246,156,32,12,16,28,32,4,14,18,80,144,208,255,255,172,255,255,238,50,255,255,28,114,255,255,255,134,255,255,255,255,255,202,16,14,6,28,24,20,32,28,38,36,24,26,36,46,46,52,56,52,64,64,44,40,26,18,22,28,58,74,62,52,56,40,50,46,50,42,32,46,18,38,108,255,255,255,255,164,124,22,18,36,44,62,76,66,78,112,120,70,96,66,180,255,16,234,255,172,4,60,84,76,86,102,88,134,152,134,104,128,152,98,68,24,66,32,42,58,32,38,48,36,32,20,18,12,14,24,18,16,14,6,4,6,4,2,6,2,2,4,6,6,0,4,4,4,4,4,4,4,8,4,6,4,2,2,2,4,2,4,4,2,6,4,2,6,8,6,2,6,4,4,8,8,8,4,8,8,4,8,8,6,18,40,40,44,255,255,168,255,255,206,28,14,26,20,14,12,6,16,10,14,14,4,6,6,14,18,10,10,10,20,8,16,12,16,24,32,20,18,16,22,6,16,18,30,60,58,20,14,14,6,0,36,54,48,28,20,18,14,8,60,100,102,60,20,8,92,80,44,48,32,84,108,64,20,134,255,255,255,255,126,174,255,255,242,196,162,38,94,96,248,208,132,252,255,240,130,222,255,255,144,255,255,255,52,164,255,255,255,20,48,52,20,10,30,20,20,10,14,18,2,20,10,12,6,6,8,12,8,2,112,255,255,255,255,255,255,160,14,10,16,32,22,4,16,26,14,14,12,4,12,6,12,6,12,12,22,14,14,12,30,38,188,255,255,255,126,255,255,255,192,14,28,44,28,16,4,8,22,22,18,12,18,24,22,18,12,4,24,18,22,32,20,18,12,6,18,32,34,16,202,255,255,255,255,160,20,28,8,10,8,4,14,88,178,255,255,255,255,255,16,24,28,12,4,16,18,68,216,255,255,188,255,255,255,255,128,202,255,255,214,167
21,255,255,36,14,6,34,32,38,32,38,34,52,34,116,255,255,255,255,255,255,226,34,166,255,255,255,255,96,132,255,255,255,255,62,100,255,255,255,255,255,214,88,12,24,18,24,255,255,255,255,255,24,255,255,255,140,255,255,255,182,130,108,255,228,255,122,255,255,255,255,206,255,24,255,140,255,255,255,255,255,255,255,255,130,36,30,28,14,2,6,20,8,42,58,48,54,255,255,255,255,255,255,62,255,190,156,255,255,72,255,255,255,255,248,255,255,212,255,255,242,24,10,8,6,12,10,4,18,26,14,18,4,22,36,26,30,42,44,58,58,52,62,46,40,44,34,56,80,76,68,86,80,52,48,36,16,10,30,32,30,184,255,244,38,255,255,126,58,46,48,42,68,72,82,34,44,84,56,64,162,255,150,202,214,172,156,66,54,78,80,78,104,92,60,24,110,146,118,112,102,46,14,46,36,40,60,50,54,54,38,32,22,24,16,14,14,16,18,12,6,8,2,2,4,8,6,6,4,2,6,4,0,0,0,0,0,0,0,6,6,12,10,6,2,2,8,4,4,4,0,4,4,0,4,4,2,4,4,6,4,0,8,6,2,0,0,0,4,8,8,22,26,6,28,255,255,255,255,255,54,12,4,10,0,4,4,4,14,16,4,16,6,8,8,14,8,16,4,12,4,6,18,10,26,16,38,24,12,18,14,18,36,38,24,22,32,14,34,32,44,22,26,28,22,10,32,18,26,24,64,120,76,58,60,40,78,110,110,32,86,120,144,62,254,255,255,255,255,110,34,255,255,255,255,98,60,218,255,255,255,86,12,255,255,255,255,255,162,60,22,248,255,255,202,12,255,255,255,106,20,32,14,20,24,8,14,18,14,12,8,12,4,14,0,6,16,18,14,22,8,255,255,255,182,255,255,255,62,16,28,16,20,20,8,6,14,16,8,14,12,14,8,8,14,28,40,30,28,4,22,18,10,106,255,255,255,255,255,255,255,255,66,24,14,22,6,14,8,2,20,12,14,32,10,4,12,10,14,22,8,30,22,6,2,14,34,24,16,16,190,255,244,255,255,255,196,40,36,10,8,6,6,26,58,144,254,255,255,255,255,46,22,8,174,255,255,152,255,255,255,44,255,222,104,255,124,255,200,226,88,219
18,255,255,34,12,12,40,68,58,46,198,255,255,255,255,255,255,178,24,224,255,255,255,255,86,104,255,255,255,180,255,255,255,255,255,255,255,202,92,36,48,46,38,4,30,14,2,102,255,255,228,255,255,200,255,255,255,255,255,255,244,202,132,255,92,254,255,208,255,118,255,30,255,255,255,255,255,255,255,255,170,214,192,116,14,12,6,20,24,10,6,8,30,96,255,255,242,182,255,120,152,255,255,255,254,255,255,255,116,255,255,255,255,255,255,166,255,255,255,255,170,28,30,18,6,12,8,0,14,20,14,18,20,4,26,34,42,42,32,34,30,32,60,58,48,50,50,68,68,48,38,38,44,48,50,48,40,40,46,44,162,255,255,218,138,255,255,90,100,72,70,56,70,48,60,52,44,76,50,64,255,255,202,180,152,254,230,106,74,84,66,58,78,214,255,236,142,42,72,82,122,108,58,64,42,30,34,38,62,40,12,24,24,10,16,18,12,16,14,4,4,2,10,8,6,4,0,6,4,0,4,4,0,0,0,0,0,0,0,2,6,8,10,10,4,4,10,6,4,4,2,6,4,0,4,2,6,12,6,10,6,4,6,2,4,2,0,0,4,6,6,24,44,46,56,246,255,255,255,202,12,8,2,6,2,4,2,8,8,20,8,16,12,2,4,14,12,20,6,22,54,52,16,14,28,18,18,48,52,46,8,24,14,12,22,16,20,16,34,38,48,58,24,32,50,58,52,66,38,30,30,34,76,56,18,40,54,26,22,22,100,122,150,190,255,255,255,255,164,30,20,255,255,255,58,190,255,255,196,44,16,6,38,180,255,255,255,64,18,44,126,128,255,255,255,32,118,255,255,255,28,28,6,20,28,6,8,16,6,6,10,16,18,22,6,4,6,8,0,16,22,32,255,255,255,120,255,255,234,24,22,10,8,14,10,8,12,10,14,16,14,18,4,10,12,34,20,12,26,12,22,22,20,4,74,255,255,255,255,255,255,255,255,90,22,6,12,12,18,14,16,2,12,44,24,10,14,20,28,12,8,24,16,12,18,14,26,14,16,8,60,255,158,74,255,255,255,248,46,28,8,2,10,2,16,64,168,234,255,255,255,255,54,30,255,255,255,255,92,255,208,216,255,255,255,255,226,222,255,126,136,204
24,255,255,52,22,72,190,255,255,255,255,255,255,146,78,255,255,255,255,252,40,158,255,255,255,154,14,160,255,255,255,255,114,255,255,20,24,24,12,20,26,4,26,12,26,24,44,88,132,188,255,255,255,238,240,255,255,255,255,255,255,108,34,90,250,218,255,255,255,255,255,216,255,255,255,220,134,52,24,12,22,32,30,20,32,42,34,34,20,28,20,40,94,255,255,255,255,84,255,255,255,255,255,255,116,200,162,255,255,255,255,172,255,254,242,200,255,255,255,114,24,8,18,30,26,14,24,28,24,48,40,26,20,12,8,22,38,32,26,28,18,8,32,46,34,24,30,54,52,32,36,32,36,54,56,56,62,66,64,54,218,255,255,202,255,255,220,50,58,42,60,74,40,20,26,26,28,60,48,122,255,255,255,94,184,255,80,76,82,116,88,76,120,255,255,192,255,212,100,84,122,106,86,92,66,48,84,126,106,68,44,22,34,20,18,28,24,22,16,12,16,16,22,8,8,4,6,6,0,4,6,4,0,0,0,0,0,0,0,2,6,8,6,8,6,8,12,6,4,6,6,6,2,0,4,2,6,10,10,4,4,8,2,8,6,6,2,2,6,0,6,6,12,14,10,2,18,48,62,42,14,4,2,2,2,2,0,6,18,24,10,16,20,8,16,16,14,16,4,36,50,52,48,30,18,46,20,46,20,66,24,22,26,28,14,20,24,18,44,70,48,46,20,48,54,14,32,8,42,36,30,50,20,60,24,24,46,96,34,36,86,180,178,255,255,255,180,18,128,46,10,94,255,255,255,255,255,106,46,26,20,14,42,28,126,74,62,178,255,255,255,238,180,255,255,78,42,255,255,255,146,20,16,22,20,6,2,8,8,2,2,10,4,20,12,2,6,6,4,6,40,18,188,255,255,255,255,255,255,74,28,12,10,10,8,16,4,8,16,12,12,20,12,16,14,46,44,28,36,12,22,8,8,14,26,68,255,255,255,255,42,255,255,255,206,40,14,22,20,18,20,26,20,46,30,20,14,4,18,8,12,22,16,26,20,16,20,26,4,12,12,124,255,42,152,255,255,255,255,46,30,16,4,6,16,24,68,210,208,255,255,255,255,28,255,255,148,210,254,182,218,240,70,234,166,84,30,182,255,250,122,176
32,255,255,255,255,255,255,255,255,80,140,255,255,255,255,218,34,200,255,255,254,134,22,194,255,255,255,255,255,146,174,255,255,255,255,228,24,10,6,18,46,26,44,46,28,32,146,218,216,255,255,255,255,156,96,255,255,255,124,255,255,255,132,48,186,255,255,255,220,255,255,255,116,52,32,14,40,26,32,52,48,42,40,40,24,12,22,16,36,192,255,255,170,255,255,202,255,255,128,255,255,255,136,134,234,255,255,255,212,80,146,255,208,255,255,255,206,14,10,18,12,12,8,22,36,32,24,26,44,50,54,50,66,20,38,10,28,22,28,46,42,18,16,30,38,30,28,46,42,20,30,36,36,48,44,40,56,74,76,82,255,255,255,255,255,255,72,28,44,72,72,74,56,36,44,36,16,42,44,82,255,255,255,255,255,255,28,6,42,102,126,88,112,244,255,144,104,182,255,80,134,112,108,110,94,116,124,82,12,60,98,64,68,48,26,40,30,20,6,14,16,18,30,24,10,4,4,2,4,6,4,2,0,0,0,0,0,0,0,4,4,8,6,4,6,8,8,8,4,4,4,4,4,4,6,2,8,2,2,6,10,8,8,6,2,6,4,8,10,8,8,12,36,18,14,16,18,24,10,14,24,8,2,4,4,4,2,2,10,22,22,24,24,10,18,12,2,14,28,32,44,50,36,26,16,24,10,42,34,48,26,30,34,14,40,82,68,76,62,88,56,48,26,54,56,78,32,52,34,42,48,12,34,62,50,40,82,56,38,72,14,255,255,255,255,72,255,255,255,255,92,20,52,194,254,255,144,12,6,12,26,4,46,82,190,255,255,255,255,255,255,236,112,255,255,255,74,76,255,255,255,32,20,20,14,0,0,4,8,6,22,28,28,14,6,6,6,2,8,4,26,38,18,255,255,255,42,255,255,255,10,10,20,10,8,4,10,10,6,4,8,14,20,14,20,20,32,22,26,10,24,10,2,18,10,18,8,158,255,255,255,224,255,255,255,255,206,150,44,24,44,28,22,40,18,30,28,12,16,10,18,52,36,32,6,28,16,14,16,16,18,12,242,255,216,136,255,255,255,255,72,40,30,8,14,16,20,110,178,180,255,255,255,255,14,255,255,202,255,112,128,162,255,255,90,255,255,255,255,146,114,218
50,255,255,255,255,30,170,255,255,255,255,190,58,255,255,255,255,120,58,212,255,255,255,255,250,138,56,40,54,36,12,255,255,255,255,255,10,12,12,34,128,212,255,255,255,182,72,166,152,255,255,224,255,188,255,255,238,255,255,12,255,255,255,90,24,130,250,244,66,56,72,68,36,10,18,36,18,36,92,138,228,255,255,255,255,255,134,20,150,255,255,255,255,188,255,255,230,255,255,166,216,26,255,255,255,255,255,255,255,255,255,255,255,178,230,106,32,28,22,28,32,32,16,8,14,18,10,14,60,82,72,102,100,14,38,4,34,22,26,48,56,36,26,22,18,10,16,50,60,38,46,54,40,28,24,22,40,66,72,54,104,255,255,255,255,158,72,66,62,62,30,40,20,22,28,36,20,44,56,34,64,82,162,232,234,134,80,54,32,8,76,134,255,255,134,40,234,255,255,124,152,146,152,142,120,148,160,108,28,84,108,52,74,68,42,60,48,8,6,12,10,6,14,22,22,18,10,4,6,4,2,2,2,0,0,0,0,0,0,4,0,4,4,2,8,4,2,4,2,0,2,6,6,6,8,4,8,4,8,4,10,12,4,8,4,6,2,10,10,10,12,8,32,16,16,10,8,10,16,12,16,16,6,10,8,8,2,4,4,4,8,2,14,10,10,6,8,40,48,44,10,18,20,28,10,24,32,42,34,54,36,18,16,4,46,104,70,104,40,96,68,36,32,10,100,48,100,26,58,40,62,28,18,64,42,78,44,18,26,62,220,255,255,255,42,255,255,244,255,255,236,22,16,18,38,26,6,8,22,36,164,170,202,204,232,255,255,255,255,255,255,255,208,255,255,255,255,38,255,255,255,204,14,30,20,4,6,10,14,12,26,30,44,36,6,12,10,8,10,18,20,30,12,128,255,255,255,255,255,255,96,8,10,18,12,16,14,8,14,18,14,4,24,4,20,12,8,4,10,8,18,28,20,4,32,20,16,20,84,255,255,255,255,255,255,255,255,255,238,8,28,16,12,14,18,32,12,14,30,30,0,12,50,52,30,14,24,26,8,16,18,16,50,255,132,255,68,255,255,255,255,84,42,22,6,12,20,20,64,232,255,255,255,255,255,44,255,255,252,18,182,255,204,255,82,255,255,20,255,255,180,173
48,255,255,255,255,255,255,184,62,255,255,255,255,154,64,255,255,255,255,255,208,126,50,24,28,36,12,10,8,34,36,112,255,255,255,242,218,72,108,255,255,255,255,255,255,255,255,88,255,255,255,255,255,255,250,26,255,255,255,255,82,255,255,255,62,16,38,20,10,24,18,12,16,86,164,232,255,255,255,254,226,164,106,136,122,242,142,255,255,255,255,255,255,255,166,255,255,255,255,88,122,255,255,255,198,212,255,255,255,255,248,210,192,36,34,18,20,20,22,22,10,14,16,8,16,18,10,10,34,70,78,44,90,250,198,222,28,28,16,26,42,34,32,36,26,4,36,52,72,40,22,34,44,36,34,38,42,54,56,12,22,64,236,242,255,48,26,54,46,22,52,18,44,42,48,24,40,54,78,62,68,42,44,54,62,36,56,54,64,38,54,242,255,178,36,48,255,255,134,118,116,122,164,178,170,192,188,82,24,132,126,48,70,66,46,66,42,26,28,24,18,10,8,14,22,24,16,6,4,2,4,2,4,0,0,0,0,0,0,4,0,4,4,2,10,8,8,8,2,0,4,6,2,6,12,12,16,18,6,10,20,24,24,6,8,8,0,10,10,8,14,4,20,16,8,4,4,18,6,14,10,18,4,8,6,8,0,4,6,4,14,24,22,24,10,6,6,46,42,42,16,12,30,12,24,34,44,36,88,46,36,12,10,6,48,114,30,94,16,52,42,14,58,80,68,70,68,18,30,8,28,36,42,40,58,36,70,34,100,255,255,255,255,255,255,255,246,255,255,255,254,14,8,30,20,42,94,138,162,48,152,86,255,255,166,255,136,255,255,255,255,255,212,222,255,255,255,120,58,255,255,255,54,24,16,12,16,16,18,2,20,34,26,56,20,16,20,6,2,4,12,18,22,24,255,255,255,54,255,255,255,12,4,22,26,14,8,14,24,20,22,8,20,18,6,4,10,8,10,10,8,12,10,26,10,16,4,6,10,42,246,255,255,255,24,255,255,255,255,238,4,20,14,12,16,18,14,12,4,10,186,255,255,218,42,20,12,16,16,6,14,34,32,160,255,112,255,126,255,255,255,255,160,56,34,4,4,10,24,144,250,224,255,255,255,255,160,70,20,62,166,255,255,255,214,255,255,255,255,255,118,206
174,255,255,102,156,255,255,255,255,72,112,255,255,255,255,255,255,126,34,16,24,62,60,42,8,14,10,12,224,255,255,242,82,250,255,255,255,255,210,255,255,255,255,255,255,188,255,255,176,255,255,255,255,255,255,255,102,255,255,255,255,128,255,255,255,46,24,28,68,126,234,255,255,255,255,240,112,16,116,210,248,255,255,255,255,160,118,255,232,108,255,136,255,255,230,152,255,255,140,196,255,166,255,255,255,255,255,255,212,180,90,38,20,14,24,10,4,6,14,20,18,6,14,16,4,10,14,14,208,255,255,255,255,255,255,255,46,16,10,12,26,26,30,38,42,34,2,26,10,48,32,26,28,28,20,28,14,20,46,48,62,62,60,44,20,32,46,30,56,58,60,60,42,74,38,38,6,130,86,70,38,58,88,76,66,40,34,38,72,68,72,255,255,178,255,255,255,255,102,88,86,102,132,146,242,255,246,50,166,255,180,122,90,92,122,86,30,30,54,52,40,38,28,14,18,30,26,12,4,4,8,4,8,4,4,2,4,4,2,6,2,4,4,4,4,6,8,4,4,0,4,8,8,4,12,20,4,20,4,26,26,18,18,2,10,4,4,8,10,10,16,8,16,12,8,18,22,10,4,16,18,12,4,2,6,6,8,10,10,10,16,10,12,14,4,10,10,26,50,54,38,28,28,28,14,44,40,40,24,18,22,8,22,26,20,106,66,90,10,40,30,70,78,102,36,30,14,20,52,38,46,34,20,34,72,84,30,214,255,255,255,255,176,255,255,246,164,255,255,255,80,52,52,116,186,255,250,164,178,255,136,102,255,24,255,255,255,255,255,210,24,168,172,78,148,255,255,255,2,255,255,255,244,30,24,8,2,4,14,10,16,50,28,48,28,4,18,6,2,4,10,12,14,4,140,255,255,255,255,255,255,146,28,28,34,10,6,8,14,14,20,12,8,12,0,6,14,10,12,8,4,6,18,18,20,16,28,10,8,14,26,166,255,255,255,255,118,255,255,255,238,24,6,18,34,28,48,22,38,255,255,255,255,255,224,28,18,28,16,12,8,24,12,42,255,214,236,122,255,255,255,255,255,212,48,16,4,2,4,2,30,122,84,188,255,255,255,255,16,46,62,148,255,172,172,84,242,104,74,184,150,198
222,255,255,255,206,30,158,242,255,255,255,228,72,122,240,255,138,34,22,6,124,255,255,255,255,14,8,68,255,255,255,255,255,146,255,255,255,255,242,255,255,255,255,255,255,255,74,255,255,255,255,255,255,182,60,255,255,158,188,255,255,255,255,255,255,255,255,255,255,255,255,164,76,44,156,255,255,255,255,255,154,58,174,146,156,255,255,82,255,238,158,255,255,255,140,242,255,255,255,74,255,178,154,255,255,255,234,240,88,52,38,40,16,6,8,6,2,8,20,14,30,36,28,22,24,24,4,20,255,255,255,255,190,255,255,255,166,36,40,30,24,24,48,48,20,50,255,255,255,40,60,20,16,34,20,18,152,255,255,255,126,18,42,40,38,44,54,20,46,44,50,16,26,60,52,124,255,255,255,255,150,24,12,26,60,42,56,36,48,66,255,255,92,52,196,255,255,144,102,106,64,64,110,150,132,255,255,160,255,255,152,180,140,134,206,148,62,42,50,50,68,76,72,44,22,22,32,44,26,12,16,6,14,10,2,4,2,2,6,6,2,4,2,4,4,2,4,0,4,0,2,6,8,8,16,8,10,16,8,30,18,30,16,6,8,12,10,4,4,6,10,12,20,6,14,18,10,16,14,12,22,20,8,14,12,6,6,6,4,16,14,8,6,2,12,14,20,6,2,4,42,4,32,16,16,16,20,22,6,22,14,16,24,32,30,30,58,42,8,36,20,56,56,42,60,36,14,34,66,54,44,36,62,20,64,164,255,255,255,255,126,190,160,255,255,255,255,255,174,78,255,255,255,108,168,255,255,172,196,182,255,128,255,255,255,172,78,230,218,138,255,255,255,216,10,255,255,255,255,255,255,255,255,84,18,4,14,16,12,8,12,20,32,42,22,10,18,8,6,8,20,28,38,16,14,255,255,255,126,255,255,255,14,26,32,8,8,16,14,20,14,4,22,24,12,12,10,10,10,2,10,12,22,10,4,4,12,20,18,16,16,28,84,255,255,255,255,255,255,255,255,255,20,10,30,8,16,100,255,255,255,255,255,255,255,210,12,34,8,4,14,12,22,22,114,255,28,252,68,255,255,255,255,255,255,46,26,4,4,2,28,102,122,82,208,255,255,255,255,22,16,56,96,102,124,222,90,255,255,255,255,201
133,255,182,200,148,255,255,255,142,242,255,255,255,255,255,255,255,255,6,4,255,255,255,255,255,255,52,80,255,255,255,255,255,255,255,255,255,255,196,255,88,255,246,58,148,255,255,255,255,126,106,34,22,24,2,18,228,255,255,162,255,255,255,255,255,255,255,164,70,198,255,255,255,255,255,255,138,34,34,48,255,255,255,255,255,198,106,255,255,118,255,255,255,36,255,255,255,158,126,255,255,134,255,162,255,255,52,10,16,16,22,6,6,8,8,10,12,18,66,120,188,182,116,16,14,24,14,50,255,255,194,255,250,255,255,255,162,70,22,18,32,12,30,56,18,198,255,254,255,255,180,86,22,26,36,20,255,255,255,255,255,210,28,26,16,8,20,16,36,20,8,38,46,64,46,255,255,236,240,255,255,46,18,32,74,80,66,60,104,146,255,136,64,110,255,255,108,48,92,132,92,78,94,220,255,255,255,30,255,252,142,190,182,164,198,40,74,86,96,102,76,54,72,94,74,40,24,40,28,4,10,12,6,10,8,2,4,4,4,4,2,4,0,0,0,0,4,2,4,0,2,6,4,8,16,8,10,14,12,26,24,22,12,24,20,16,10,6,2,4,14,6,10,8,8,22,16,14,16,12,22,14,6,4,12,16,10,10,20,24,10,6,12,12,18,8,26,12,18,12,26,16,20,46,14,18,14,14,14,22,10,20,20,36,36,18,14,4,10,42,20,28,74,60,32,50,52,18,18,26,6,24,86,188,255,255,255,255,255,94,255,255,255,255,255,255,34,134,190,254,255,116,255,224,88,255,255,255,255,255,240,255,152,140,160,40,255,255,255,255,226,96,255,190,26,110,255,255,255,255,255,255,255,255,22,16,18,14,10,4,8,2,18,20,6,14,10,4,2,8,4,8,30,30,16,80,255,255,255,255,255,255,124,16,30,14,10,12,2,10,10,16,26,16,18,14,6,6,2,4,16,12,26,12,6,2,6,12,12,10,10,12,22,68,240,255,255,255,255,255,255,255,255,16,20,24,210,255,255,255,255,94,140,255,255,255,220,48,12,12,30,10,2,2,6,228,255,180,252,100,96,150,255,255,255,255,50,20,4,2,14,38,46,68,128,216,255,255,255,255,208,210,186,255,255,255,212,255,255,26,216,205
186,255,194,246,255,255,255,255,100,255,255,255,180,255,255,255,255,255,94,212,255,255,255,255,255,255,255,68,255,255,255,255,234,255,255,255,255,255,158,255,246,255,255,255,255,255,176,255,255,40,20,26,22,20,6,8,16,156,255,255,255,255,255,255,142,255,255,255,255,255,224,146,88,28,24,40,30,34,46,150,255,192,122,255,255,255,152,152,194,255,255,44,182,212,255,120,255,176,255,86,170,180,255,180,58,54,30,4,2,6,28,6,12,14,28,44,38,50,180,255,255,255,214,26,8,22,20,70,255,255,255,255,255,255,255,255,138,20,24,10,12,20,24,58,60,255,255,255,255,106,202,158,50,30,36,170,255,255,96,255,255,230,20,6,12,30,22,24,26,32,36,40,46,46,134,255,255,162,118,255,255,78,80,40,30,42,54,40,84,255,255,148,86,154,255,255,116,72,66,96,102,86,78,255,255,166,230,158,255,255,162,158,186,236,198,26,36,4,184,176,166,130,106,94,50,26,48,50,24,10,4,14,20,10,2,6,4,4,4,8,6,2,0,0,0,0,2,2,2,0,0,2,2,4,10,8,2,14,16,12,12,8,20,16,12,4,12,10,2,4,6,10,4,14,12,12,14,8,6,10,4,12,8,8,26,22,28,24,2,18,18,12,10,10,12,20,46,46,28,14,48,38,26,20,30,26,18,12,32,26,6,8,8,10,6,16,16,14,16,50,18,38,22,14,18,30,50,22,22,20,34,255,255,255,255,255,255,255,240,255,255,232,255,146,74,100,255,255,255,255,48,255,32,255,228,255,255,250,74,232,254,174,48,38,6,56,255,255,255,255,228,255,255,220,22,36,255,255,242,255,255,255,255,255,96,28,22,10,30,24,14,20,20,4,16,14,10,18,18,2,10,6,30,46,16,12,255,255,255,255,255,110,224,74,14,10,14,16,12,18,10,10,14,4,20,8,12,14,16,18,30,26,36,12,2,8,10,12,22,20,8,6,12,16,42,6,194,255,255,255,255,255,255,255,66,255,255,255,255,164,255,255,255,255,255,255,255,244,26,8,14,14,10,14,18,54,255,100,255,152,66,142,255,255,255,255,255,80,20,20,8,10,4,10,54,116,170,255,255,255,255,202,126,255,168,254,255,112,255,255,255,174
221,255,94,255,255,255,255,255,62,255,255,255,255,255,255,255,255,255,114,255,255,252,255,255,255,255,255,255,255,255,255,255,255,255,255,255,255,255,132,255,255,255,255,255,255,252,255,255,224,18,10,16,32,44,30,16,16,4,26,136,255,255,255,255,255,60,255,255,255,114,58,58,20,16,10,14,8,16,26,186,255,136,255,255,255,255,255,230,255,255,144,48,202,255,255,255,124,255,122,255,255,255,255,86,16,16,16,24,26,4,38,40,16,6,130,212,255,255,174,255,230,255,255,8,26,32,20,52,255,255,255,244,196,126,76,170,164,46,42,24,0,14,26,54,255,255,255,192,148,255,255,112,56,58,38,248,255,255,255,255,255,232,60,28,70,92,46,38,62,70,50,22,42,52,255,255,220,68,255,255,255,112,82,56,48,16,20,70,255,255,255,186,170,255,255,150,54,80,76,98,98,62,70,255,255,255,255,255,255,182,134,142,216,255,112,140,134,248,255,132,116,88,144,174,110,72,50,26,52,70,32,24,22,10,6,0,4,4,8,8,6,0,0,0,0,0,0,0,0,0,0,2,2,0,4,12,12,14,4,4,8,12,26,12,10,12,20,30,16,10,10,20,8,14,12,4,10,10,6,8,12,14,10,10,26,14,10,22,12,8,6,2,4,10,24,24,30,30,26,12,32,20,34,24,14,12,14,34,20,16,36,30,14,8,44,34,52,18,20,16,38,16,34,38,34,24,54,40,70,206,255,255,255,255,255,255,94,96,192,70,255,255,222,255,255,255,248,96,124,208,255,208,255,255,255,16,88,60,42,18,20,20,14,30,32,54,255,255,255,255,220,182,144,50,24,14,130,255,44,255,68,255,255,255,255,26,20,16,8,18,22,12,6,16,18,2,20,14,12,18,16,28,22,38,18,12,92,255,74,238,98,180,154,156,32,20,14,8,14,16,10,2,18,14,20,2,16,10,12,20,24,28,28,18,10,10,16,22,18,10,14,12,18,12,24,44,22,178,255,255,255,255,255,255,255,255,255,255,72,255,255,255,255,255,255,255,255,255,255,44,18,2,10,6,16,20,182,255,104,255,46,162,255,230,255,255,255,255,90,36,26,0,16,8,14,50,102,156,255,255,255,255,96,112,255,202,228,104,174,160,162,217
116,194,255,255,255,224,114,255,154,255,255,255,255,255,255,255,255,255,136,255,255,255,255,255,255,42,255,255,255,255,255,255,255,255,255,255,255,255,76,255,255,255,255,255,255,255,255,255,18,6,4,10,24,46,118,102,50,28,50,48,255,255,224,255,255,255,210,255,255,255,88,28,22,18,8,20,12,10,12,148,255,255,72,146,255,255,255,194,80,10,16,18,40,38,60,255,255,255,174,116,136,120,56,8,22,26,30,42,32,78,118,108,172,174,255,255,255,255,255,214,255,244,255,58,20,22,32,30,50,84,56,26,140,160,255,255,255,244,16,16,30,8,20,88,255,255,82,164,255,255,70,26,24,70,255,255,234,254,255,255,255,30,58,88,68,90,88,76,64,48,54,60,78,255,255,255,198,255,255,255,198,108,64,42,50,48,48,138,255,255,124,250,255,255,114,42,68,74,66,70,96,80,255,255,255,78,255,255,255,136,112,134,255,255,208,120,150,255,146,226,255,255,200,128,54,26,24,76,34,50,20,14,18,8,10,16,18,8,10,6,6,0,0,0,0,0,0,0,0,0,0,2,0,2,4,6,6,4,14,14,18,10,16,10,12,20,10,24,16,4,10,16,14,8,12,10,12,8,2,6,8,10,20,12,12,18,6,14,10,12,24,26,28,16,12,44,64,46,28,8,28,30,32,16,30,38,26,6,30,28,46,62,54,4,40,4,42,36,50,64,2,24,30,24,56,58,16,90,255,255,255,255,255,158,255,255,255,255,255,255,255,255,140,160,76,255,188,255,255,255,255,146,246,255,144,28,6,26,8,6,2,4,10,12,14,8,190,172,210,58,48,30,40,6,18,28,16,255,255,255,255,102,255,36,255,128,30,38,8,18,22,14,12,18,6,16,10,10,10,8,14,14,18,22,16,22,12,200,224,182,140,206,6,208,80,14,4,8,10,8,10,12,10,10,14,8,16,6,10,18,4,4,4,18,12,6,10,20,32,42,36,22,28,12,20,44,48,16,230,255,255,255,255,255,255,255,255,255,255,255,255,204,188,255,255,255,255,255,255,192,16,12,12,10,24,4,44,255,200,250,172,150,255,255,255,255,255,255,255,96,28,26,10,10,12,14,42,104,156,255,255,255,255,224,234,255,206,108,200,255,255,213
46,255,255,164,255,255,255,255,255,255,255,255,255,255,255,255,255,255,255,255,240,255,255,255,255,255,255,255,64,255,255,255,38,196,255,255,255,255,54,255,255,255,255,255,255,255,146,112,24,16,22,12,90,255,255,255,255,40,38,22,255,255,255,210,255,255,255,150,255,255,255,112,22,32,16,12,20,16,8,34,255,255,255,255,255,255,255,150,14,16,28,28,8,8,10,106,255,255,140,40,32,12,8,12,18,104,142,138,194,255,255,255,246,228,132,255,144,190,255,255,198,255,255,76,32,12,14,48,26,38,132,106,194,232,255,255,255,255,70,36,32,26,16,78,255,255,255,255,255,255,52,28,26,90,255,255,255,255,255,255,170,58,48,48,32,36,36,24,12,30,56,70,38,255,255,255,255,255,255,128,92,50,40,44,28,64,70,255,204,255,255,255,255,255,100,78,76,62,48,28,42,188,255,255,138,184,255,255,150,126,118,126,255,255,255,255,154,255,255,255,255,82,12,14,18,14,36,56,44,68,30,36,56,62,36,32,40,34,8,2,4,0,2,4,4,2,0,0,0,2,4,6,4,2,4,8,6,6,26,16,28,20,16,10,10,34,20,30,22,10,18,16,8,2,6,8,4,0,8,4,4,8,8,10,4,18,16,20,10,12,26,24,28,30,10,10,32,20,6,10,6,18,34,18,24,20,18,6,10,42,84,24,62,8,50,32,38,34,32,58,38,32,40,36,18,255,255,255,255,255,255,255,255,186,192,255,255,196,218,250,255,122,255,255,255,255,255,110,126,76,104,74,26,26,32,10,26,20,16,12,20,6,22,20,12,26,36,34,64,16,14,6,16,20,12,26,8,116,255,46,255,150,255,255,255,255,10,16,30,20,0,18,8,18,12,14,6,8,20,14,12,6,10,30,32,32,10,64,255,66,248,60,196,150,186,18,10,8,10,4,18,18,8,4,10,10,16,12,10,20,16,8,16,14,4,8,10,4,16,30,16,2,6,28,14,12,34,26,34,236,255,255,255,108,255,42,255,255,255,255,118,26,20,210,255,255,255,255,255,255,30,8,18,18,30,24,6,120,255,20,255,116,194,255,130,80,255,255,255,255,186,52,32,8,14,12,10,40,102,124,230,255,255,255,255,182,70,136,255,244,210,141
48,255,255,255,255,255,36,255,255,255,255,255,255,255,255,255,255,158,255,255,255,255,255,255,255,255,255,255,255,255,255,122,158,226,255,255,255,255,255,142,160,255,255,255,255,255,255,255,255,28,16,22,255,255,255,255,255,255,8,30,255,255,255,255,230,255,255,255,86,255,255,255,150,16,28,6,4,12,12,16,12,140,232,216,162,46,24,28,6,14,12,10,12,4,22,16,12,10,24,36,18,12,8,56,255,255,255,255,255,255,96,72,160,106,152,255,255,255,255,255,80,130,114,22,12,6,10,28,34,142,255,255,255,210,144,255,255,255,88,36,10,20,38,46,134,200,255,255,255,222,30,30,34,166,255,255,255,255,255,224,78,50,60,32,24,24,24,30,38,42,54,196,255,255,172,176,255,255,224,98,88,36,38,60,62,46,255,255,255,224,255,255,255,150,96,80,60,54,84,70,38,208,255,255,238,255,255,212,60,74,100,86,142,182,255,255,142,255,255,230,36,20,10,48,130,134,102,62,50,76,58,170,126,136,78,42,44,48,30,16,8,0,4,6,6,4,0,2,2,4,6,6,4,0,2,8,6,6,30,4,14,8,4,12,8,12,20,26,12,4,12,14,10,4,4,4,4,8,12,8,0,10,4,10,8,10,6,4,4,10,36,28,24,24,14,26,22,8,12,8,22,34,28,44,10,4,20,10,4,6,56,56,42,16,18,28,14,42,44,44,38,14,46,180,255,255,255,255,255,255,255,255,88,255,255,178,252,255,255,255,255,196,150,252,234,150,100,32,54,32,8,24,18,26,30,12,24,18,10,8,26,20,6,28,12,10,10,20,38,12,16,8,4,6,10,6,10,14,255,255,255,255,76,255,92,255,204,30,12,36,12,8,10,4,12,2,6,8,12,10,10,8,12,10,4,16,28,10,158,238,150,255,255,255,255,122,16,18,10,10,28,20,16,8,6,12,18,14,10,40,44,38,32,6,4,6,6,10,14,12,8,12,10,16,22,32,28,24,12,30,196,255,255,255,255,255,255,255,255,64,28,42,34,28,214,255,255,120,255,255,214,10,32,22,42,24,4,26,248,255,180,255,56,200,255,240,98,255,255,255,255,206,62,34,2,22,18,22,32,84,140,178,255,255,255,255,54,124,116,108,130,138
151,255,255,255,255,255,255,255,255,255,255,255,255,118,255,255,255,200,255,255,255,124,16,46,80,38,128,126,72,166,130,255,255,255,255,255,255,255,255,255,255,255,255,255,150,246,255,255,255,196,46,86,255,255,255,255,255,255,255,28,255,255,255,255,50,255,255,255,255,20,255,255,255,194,32,36,10,12,2,12,26,30,30,24,22,14,20,10,8,22,10,20,12,16,4,22,32,28,12,60,40,106,116,120,255,255,236,220,42,132,122,68,255,238,210,230,190,184,72,90,36,20,10,28,28,22,18,22,26,186,255,255,255,186,255,255,255,255,62,34,14,18,12,18,22,8,28,56,40,20,12,34,108,255,255,200,255,255,255,56,44,40,40,52,20,42,56,60,52,30,54,255,255,255,255,255,255,255,122,46,40,58,60,70,62,74,255,255,255,208,255,154,154,90,46,60,40,40,76,54,134,255,255,255,255,255,255,82,22,32,58,72,82,208,255,255,255,104,66,16,8,46,168,255,255,255,220,58,120,196,102,154,42,98,100,104,84,74,74,58,40,30,32,24,6,2,4,6,2,8,8,10,8,6,6,12,12,10,34,12,20,16,18,6,18,14,12,8,6,8,16,10,12,8,6,8,10,24,16,16,10,10,8,10,4,6,16,24,20,4,22,16,18,18,12,48,40,36,4,8,16,62,2,38,28,18,36,2,28,20,14,30,16,8,24,34,16,22,10,12,50,72,255,255,255,255,255,132,255,255,255,248,255,255,255,255,255,255,255,255,255,255,140,66,34,40,32,12,44,14,38,20,14,20,16,6,6,8,18,16,8,14,28,6,14,6,8,12,14,26,18,2,10,8,14,12,12,26,118,255,48,255,188,255,255,255,255,34,28,14,12,16,14,20,0,8,4,14,4,6,16,20,38,22,24,22,10,26,32,236,255,255,255,255,255,255,32,14,16,14,14,16,12,20,18,10,14,6,6,24,28,18,38,16,10,4,10,2,14,14,8,8,16,2,18,34,30,26,16,18,26,170,255,255,255,255,255,132,34,6,12,34,4,20,28,255,255,255,255,255,255,58,24,28,30,18,8,20,68,255,100,255,168,254,224,172,60,110,220,255,255,255,255,66,44,28,14,14,12,22,84,136,178,255,255,255,255,74,160,252,255,210
216,255,255,255,255,255,255,255,72,255,255,255,96,130,176,156,182,255,255,184,42,136,255,255,255,214,24,194,255,255,255,255,255,232,255,178,255,255,255,255,255,255,255,255,255,255,255,240,255,255,42,255,255,255,255,255,255,255,255,255,255,255,255,255,255,255,255,255,255,255,86,255,255,255,255,32,14,4,12,28,20,10,18,22,28,4,10,10,10,16,24,6,16,16,6,74,162,156,104,255,255,255,255,255,255,255,255,255,255,255,160,250,255,196,112,100,26,26,8,18,20,20,10,10,10,14,16,26,16,138,255,255,255,255,255,150,82,46,6,30,6,20,8,32,64,40,18,22,36,38,42,74,196,255,255,255,255,255,152,10,18,14,34,42,38,36,32,16,30,28,136,218,255,255,255,255,255,128,38,40,56,76,46,28,24,150,255,86,255,255,255,242,48,14,18,28,16,10,52,70,255,255,92,156,58,255,232,74,32,54,50,206,255,255,255,255,132,8,10,46,186,255,255,255,255,255,255,52,140,94,188,130,62,102,126,158,136,118,100,36,18,32,46,56,26,18,14,2,6,4,12,4,4,8,10,14,14,10,26,4,12,2,4,10,24,18,14,2,12,12,18,12,2,6,16,14,14,22,6,12,4,4,10,4,2,8,24,8,22,30,22,2,4,20,22,54,26,22,10,6,42,34,32,6,22,28,18,18,12,12,14,10,18,10,14,12,12,16,16,30,92,234,255,255,255,255,255,244,255,255,255,212,255,214,255,255,255,140,80,182,216,152,24,6,14,6,6,16,34,34,10,14,2,6,4,42,52,22,22,22,28,20,36,32,12,24,28,20,8,24,26,26,26,230,252,226,158,232,255,156,174,255,255,60,255,162,255,236,26,18,18,10,8,20,0,8,6,16,8,12,4,12,12,28,14,2,4,32,2,86,255,255,255,255,255,255,140,16,22,18,20,26,32,20,8,12,28,36,36,60,14,58,46,16,14,28,18,6,18,16,22,6,28,10,30,14,22,20,14,18,36,44,202,255,255,255,98,20,26,24,26,4,30,20,22,130,255,255,82,255,255,208,10,12,30,16,8,10,22,168,255,96,255,178,255,72,104,130,204,255,255,255,255,255,98,50,24,10,8,16,4,66,96,126,255,255,255,255,238,254,166,222
213,226,255,255,255,168,190,255,255,255,90,50,255,255,255,255,255,255,255,255,86,255,255,255,255,255,255,242,255,255,255,255,255,255,255,255,255,255,255,162,255,255,255,255,255,255,255,255,255,250,146,255,255,198,255,255,255,255,255,255,168,255,246,255,255,255,255,255,190,255,255,180,255,255,255,255,34,2,10,14,10,6,18,14,34,2,16,14,20,30,10,10,82,82,94,255,255,255,154,255,255,194,132,255,114,255,255,255,126,255,255,255,160,18,36,28,18,6,24,10,28,22,18,190,208,210,38,12,14,40,255,255,255,184,86,46,10,26,6,30,210,255,255,255,194,48,16,16,20,12,30,86,188,255,255,255,255,152,24,28,22,12,18,12,12,12,12,22,32,255,255,255,230,255,255,255,134,52,44,78,70,72,64,38,36,255,255,255,255,212,244,146,48,30,14,20,10,20,38,48,255,255,30,26,242,255,234,74,66,90,255,255,255,255,234,58,16,34,142,255,255,255,255,255,158,255,255,255,255,255,255,255,250,194,176,184,158,128,82,62,80,32,8,30,48,42,16,18,20,2,16,8,6,8,4,8,14,8,12,12,10,16,20,16,8,4,12,12,8,14,4,10,6,22,34,34,10,28,14,16,8,2,12,12,14,12,18,18,4,70,46,18,16,28,8,22,32,20,36,24,26,22,20,2,22,36,10,10,16,18,12,20,24,10,28,106,246,255,255,208,198,255,255,255,255,255,255,255,255,255,255,255,255,56,32,74,96,30,4,8,28,24,18,22,2,28,22,4,14,36,20,22,20,34,44,42,50,8,8,16,22,48,72,68,50,232,252,255,58,44,30,36,108,255,255,255,242,255,255,255,194,94,255,222,255,255,224,255,52,34,8,22,26,20,6,12,6,12,8,4,12,22,20,26,30,18,14,22,12,12,255,255,255,126,255,255,255,26,10,20,24,26,20,14,12,20,22,18,150,255,255,255,255,162,38,14,8,12,12,36,22,46,20,18,2,16,8,6,2,12,24,24,44,58,32,40,18,30,50,32,12,8,26,20,142,255,255,255,30,255,255,226,12,12,18,18,2,8,6,32,255,190,255,130,255,255,244,218,124,134,168,255,255,255,255,138,36,28,26,12,6,6,40,98,158,255,255,255,255,255,152,214
219,104,104,122,255,255,255,255,255,255,255,128,255,255,255,255,255,255,255,255,70,255,255,255,255,255,255,255,255,116,255,146,94,236,255,120,255,255,82,14,255,255,44,255,255,255,255,255,255,80,255,255,252,255,255,255,255,255,255,255,255,255,255,255,255,255,255,255,255,255,255,255,255,255,255,255,255,74,8,26,30,12,14,8,18,24,6,26,88,70,52,255,255,255,70,255,255,255,255,255,255,255,255,255,255,250,238,120,38,36,14,30,30,16,14,28,6,10,4,24,48,158,218,255,255,255,248,20,20,34,174,170,154,10,26,12,10,16,12,166,255,255,255,255,255,138,14,14,14,26,192,255,255,255,92,255,255,30,8,46,28,6,16,22,10,14,28,60,98,255,255,255,255,255,255,230,52,28,36,56,14,26,44,86,122,255,255,82,255,255,100,32,20,22,26,36,26,18,22,140,255,255,242,246,255,255,142,66,255,255,255,240,255,255,255,255,102,255,255,255,255,166,180,90,104,182,255,255,255,255,216,222,190,184,166,168,200,220,58,132,144,78,38,50,26,62,8,16,14,32,42,22,6,4,10,12,4,14,6,12,4,20,8,22,4,12,6,12,2,12,12,4,8,16,24,28,20,16,10,10,10,10,18,18,12,14,10,10,24,48,46,42,34,10,14,10,20,38,14,32,28,30,24,30,10,34,34,14,26,24,22,24,98,214,255,255,255,255,255,255,255,255,255,255,255,255,255,255,228,255,255,255,255,26,14,24,22,12,26,18,22,16,10,14,16,42,38,16,20,26,44,60,46,148,255,255,228,144,248,255,255,234,166,194,230,255,255,255,255,62,34,46,248,255,244,255,255,242,78,255,112,255,212,255,8,255,196,255,222,18,16,12,14,6,18,12,6,6,6,8,14,6,36,32,52,30,30,22,4,24,62,255,255,255,220,255,255,164,42,12,14,10,20,8,20,26,30,20,160,255,255,255,255,255,255,255,255,150,46,14,32,24,30,26,44,66,86,54,8,4,20,6,12,36,20,20,12,20,24,14,38,30,30,255,255,255,255,156,255,255,255,220,6,18,16,22,18,16,16,6,102,255,20,255,80,152,150,116,34,6,36,50,255,255,255,255,198,34,32,12,14,10,16,40,96,156,210,255,255,255,255,174
201,172,130,255,255,255,255,255,255,255,255,26,255,255,255,255,255,255,255,186,42,255,255,255,255,255,255,255,255,255,255,186,26,118,255,204,255,255,40,36,255,255,255,255,255,255,255,255,255,234,255,255,255,255,255,255,252,255,255,255,255,255,255,255,255,255,255,255,18,255,236,255,255,255,255,255,255,255,108,28,36,22,10,28,10,16,106,255,255,255,244,255,255,255,202,255,255,254,255,76,255,255,255,218,138,10,14,20,24,10,14,14,14,6,10,12,34,24,68,154,152,206,242,206,255,255,255,8,18,16,20,8,18,32,18,10,4,2,16,194,255,255,68,255,255,178,26,6,34,46,214,255,255,255,255,255,152,22,4,30,36,44,44,50,48,38,46,58,236,255,255,255,255,255,238,52,22,10,26,6,22,18,34,102,255,255,255,255,255,255,68,14,4,8,32,42,34,2,48,255,255,255,255,255,255,54,255,255,255,255,252,255,255,255,255,255,255,255,255,128,255,255,255,255,106,132,216,255,254,186,136,108,122,144,152,138,236,255,218,126,142,190,126,124,66,136,68,28,16,24,38,62,28,12,4,14,10,8,14,14,14,12,12,24,12,22,14,10,4,2,8,6,2,12,28,26,12,12,4,12,16,14,8,12,8,16,8,12,4,52,50,20,20,8,12,10,8,32,24,44,46,26,26,4,28,16,50,26,40,112,255,255,255,255,255,255,255,255,255,255,255,255,255,255,255,208,255,255,210,255,255,255,232,20,14,10,26,22,8,4,14,10,12,34,134,208,204,166,154,170,178,200,210,255,255,210,255,210,255,255,255,255,255,172,255,255,255,255,255,255,14,26,248,255,255,255,255,255,255,255,180,255,180,255,255,248,255,184,255,78,8,14,18,20,14,4,14,4,8,4,14,14,34,46,36,32,28,8,28,38,24,244,255,255,158,255,255,255,24,6,4,18,10,16,8,12,18,20,118,255,255,255,148,170,255,255,255,255,255,255,255,134,206,255,255,255,255,255,126,6,12,10,8,22,18,22,14,8,22,8,28,26,162,255,255,255,150,255,255,255,255,60,18,6,14,16,10,4,8,26,36,232,255,174,255,48,16,8,18,22,34,12,8,255,255,255,255,255,64,40,12,8,6,20,18,64,104,158,255,255,255,205
163,188,68,255,255,255,255,255,255,255,255,126,255,255,255,255,255,138,38,44,40,254,255,132,255,255,255,255,255,255,255,248,32,78,255,255,255,255,56,40,255,255,255,255,112,234,255,255,255,160,255,255,255,180,54,46,50,28,168,208,170,48,78,70,24,30,72,255,255,255,255,90,255,255,255,255,255,255,255,130,28,2,10,134,244,238,208,255,255,255,255,255,255,255,255,28,255,255,255,224,92,72,36,40,16,4,18,36,4,20,14,30,8,20,12,22,10,16,216,255,255,255,194,58,164,255,255,32,8,6,16,24,4,18,14,20,26,16,170,255,234,255,255,255,255,72,28,26,64,255,255,255,255,255,255,255,22,22,18,34,12,10,14,20,40,40,12,255,255,188,255,34,255,255,136,28,40,32,46,22,18,42,26,255,255,72,184,255,255,188,16,16,32,32,48,46,58,70,94,255,255,144,255,255,92,255,255,255,138,255,255,255,255,255,255,255,255,255,255,184,70,202,255,255,226,90,132,104,98,150,164,164,158,144,180,176,210,255,255,255,255,255,255,255,240,255,255,224,170,94,70,96,152,96,34,48,52,40,20,24,20,20,20,12,8,10,6,6,8,6,4,8,16,12,10,8,6,10,4,10,4,6,10,24,12,22,0,18,18,4,30,30,2,10,16,8,18,8,28,22,32,36,52,28,50,104,252,255,255,255,255,255,255,255,255,188,104,255,255,255,196,255,255,255,255,255,255,255,255,255,255,255,255,170,16,16,42,6,72,60,46,76,162,116,210,255,255,240,156,212,255,226,184,255,230,252,94,255,255,184,224,76,255,160,80,255,255,255,255,238,30,10,220,255,255,255,255,255,212,214,104,246,255,134,255,60,255,228,255,255,22,20,0,6,8,18,12,6,6,0,4,18,18,54,30,16,6,38,20,28,38,44,255,255,255,142,255,255,255,6,10,14,6,12,14,16,4,22,6,210,255,255,255,255,255,255,88,230,255,255,255,255,255,255,255,255,255,255,255,14,4,4,12,14,18,10,12,22,6,14,10,6,160,255,255,255,102,255,255,210,36,28,26,14,8,2,10,8,2,10,8,68,255,136,255,188,12,20,10,14,26,36,20,8,210,255,255,255,255,132,94,24,8,18,28,18,28,104,208,255,255,82
223,196,255,255,168,255,188,16,108,255,252,100,255,255,255,255,234,255,255,212,84,212,255,68,255,144,255,255,255,255,255,236,20,22,255,255,255,255,40,24,162,255,255,255,48,4,224,255,176,255,255,255,104,10,34,24,26,26,24,24,14,32,10,12,20,48,120,255,255,255,230,255,206,255,255,255,152,255,255,255,255,84,170,255,242,255,140,255,204,152,255,136,255,255,255,212,180,255,255,126,30,12,18,18,16,14,24,10,14,10,18,10,18,24,144,255,255,160,250,255,234,255,176,255,255,255,242,30,26,16,22,26,18,18,8,22,2,32,255,255,255,222,30,255,220,10,12,54,255,255,255,255,36,255,255,110,32,32,20,52,42,24,14,14,12,12,28,255,255,222,255,255,255,210,32,18,20,46,36,22,22,20,88,255,255,94,174,250,255,56,38,20,38,88,54,48,22,36,192,255,255,255,255,255,255,255,82,255,255,255,255,255,94,255,255,255,255,255,146,255,255,255,255,255,198,88,128,130,118,102,90,140,176,156,152,156,170,222,250,252,255,255,255,255,255,255,255,255,255,255,255,236,255,255,252,210,200,234,136,82,78,74,60,40,14,10,14,14,16,16,14,8,8,4,22,10,14,6,10,10,10,4,4,20,6,16,6,8,8,18,16,50,20,22,32,20,36,42,46,78,96,138,255,255,255,255,255,255,255,255,255,255,192,48,255,255,238,255,34,255,216,76,255,255,255,255,255,186,255,255,158,255,255,255,210,26,24,38,216,198,200,106,255,208,56,255,124,255,238,178,255,255,180,255,242,255,78,255,255,255,255,255,255,180,248,255,255,255,255,186,22,16,90,136,104,44,56,22,62,18,16,14,255,248,255,255,220,255,138,255,122,24,10,6,10,8,4,12,6,6,2,16,2,28,12,10,18,24,12,36,24,4,186,255,255,255,255,255,255,74,10,10,12,18,26,8,12,26,2,16,28,56,178,255,255,255,255,255,255,255,255,255,255,92,255,255,255,255,255,6,4,8,14,8,10,6,20,12,6,4,30,34,88,255,255,255,255,255,255,255,255,60,14,18,6,2,10,14,8,8,14,6,138,255,60,255,92,36,30,26,24,20,60,112,168,246,255,255,255,255,198,52,34,24,16,34,26,50,106,122,178,22
213,24,255,255,122,255,255,255,255,255,255,246,255,255,255,255,255,255,255,255,160,208,255,255,255,166,84,255,255,255,255,210,24,14,255,255,255,150,28,18,28,74,76,46,18,16,20,255,255,255,255,255,62,2,12,22,32,32,26,26,30,18,18,8,16,16,132,255,255,255,255,255,255,52,255,255,255,142,255,255,255,255,255,255,142,255,255,88,255,255,255,255,246,255,255,160,6,20,18,10,20,22,12,34,16,16,18,26,6,16,8,6,4,12,255,255,255,255,158,255,255,255,255,246,100,82,22,18,20,12,34,22,24,14,18,4,4,82,255,255,106,228,255,255,112,48,36,22,255,255,202,180,255,255,172,184,255,255,255,255,255,230,120,44,26,42,58,255,255,255,255,255,255,64,22,6,24,6,16,8,6,34,255,255,255,112,104,255,255,14,36,34,38,52,16,46,40,16,84,255,255,255,255,255,136,255,255,255,176,255,255,138,255,255,172,255,255,255,255,255,255,255,212,124,88,64,90,106,124,144,108,118,166,164,128,126,200,196,144,150,154,178,160,176,186,212,220,236,255,255,255,255,255,255,255,255,255,255,255,255,255,255,255,252,210,182,166,148,122,88,76,64,60,16,24,16,10,12,10,14,22,18,12,20,12,22,6,8,4,14,40,74,80,44,160,255,255,255,255,255,255,255,255,255,255,255,255,255,255,160,110,64,86,204,255,255,255,86,255,255,255,62,68,255,255,255,255,30,255,255,255,255,255,255,255,255,46,34,226,136,255,122,250,104,255,255,180,255,92,255,255,255,255,255,255,182,255,255,156,130,140,178,186,90,100,86,46,24,34,52,44,50,94,118,100,184,255,255,255,144,26,26,172,255,104,255,212,255,255,255,255,24,20,12,16,18,18,18,12,6,4,12,16,18,12,16,20,8,16,28,42,26,24,255,255,255,26,255,255,255,8,8,18,12,12,16,10,26,12,8,20,14,22,32,24,80,202,255,255,255,255,255,255,255,255,255,255,255,114,10,14,18,20,16,14,12,26,18,8,12,14,34,10,76,255,255,255,255,255,255,255,255,94,18,12,8,14,14,6,6,8,18,10,255,255,244,255,12,16,100,188,255,255,255,234,150,28,255,255,255,255,206,54,54,18,10,12,36,50,90,126,27
218,20,148,255,255,166,255,255,255,255,255,255,255,255,255,255,210,255,255,255,160,114,255,255,255,86,14,36,222,255,238,48,30,12,44,34,178,202,196,32,8,10,8,12,6,12,72,255,255,255,255,255,26,6,22,12,10,4,8,4,20,8,12,10,10,10,48,255,255,255,255,134,255,255,130,255,255,255,255,255,255,212,255,172,116,238,224,255,255,255,202,128,70,18,16,8,24,34,26,8,10,24,28,18,12,10,4,18,26,16,82,255,255,255,255,255,76,255,255,208,255,255,132,36,16,26,16,10,12,26,16,28,28,14,26,10,38,255,255,92,255,255,255,255,52,18,64,190,255,255,255,255,255,255,255,255,255,255,255,255,255,255,255,255,255,255,255,152,216,255,255,255,255,76,18,24,4,36,28,8,2,16,255,255,252,238,255,255,118,18,24,46,26,22,10,36,42,50,32,248,255,255,255,255,255,255,20,255,255,58,255,255,255,222,255,255,255,255,255,255,106,100,62,52,80,66,138,98,66,12,46,54,58,134,130,132,202,196,184,178,186,200,184,194,218,200,172,166,204,174,206,206,208,180,198,212,228,255,255,250,255,255,255,255,255,255,255,255,255,255,255,255,255,255,255,255,255,236,64,50,168,174,156,212,184,138,72,234,255,255,255,255,255,255,255,255,255,255,255,255,255,255,255,255,200,136,98,80,70,58,74,82,88,255,255,198,255,255,255,222,94,30,76,255,255,255,255,252,255,248,255,255,255,255,255,255,255,104,255,236,255,255,104,142,255,130,255,255,98,160,255,255,212,180,255,255,255,184,24,28,18,16,24,16,44,30,6,18,138,204,168,255,255,255,255,232,255,255,255,255,126,10,34,255,255,255,255,255,255,142,255,148,12,28,28,8,22,16,12,14,14,12,24,16,8,20,12,14,6,12,28,20,12,150,255,255,255,255,255,255,96,18,8,6,2,12,24,30,14,6,18,10,10,4,20,26,30,255,255,255,192,255,255,255,255,152,70,28,16,12,12,6,16,20,14,6,14,24,14,14,16,18,10,20,18,210,255,255,255,255,255,255,255,108,6,6,24,18,8,10,6,10,8,92,255,96,255,255,255,255,255,192,50,102,190,255,255,240,255,255,255,255,255,70,58,22,2,4,6,32,88,10
215,32,42,242,255,255,255,255,255,255,255,96,255,255,255,255,255,255,255,255,80,24,64,84,88,32,16,16,34,38,26,12,16,32,202,255,255,255,255,206,32,10,4,6,2,8,255,255,128,255,255,2,24,26,12,10,2,12,12,18,26,12,14,12,16,28,14,68,255,255,255,104,248,176,255,255,208,255,255,255,255,255,255,255,80,255,255,255,62,32,10,18,36,34,20,10,6,8,18,14,18,28,12,4,14,4,4,4,44,64,178,255,255,255,176,158,255,240,255,190,78,56,30,32,20,14,6,20,18,16,10,16,30,32,28,6,44,255,255,255,172,255,255,72,18,4,194,255,255,255,255,255,248,255,255,255,255,186,214,255,255,255,255,255,255,255,255,255,255,255,255,255,248,78,54,86,66,76,52,52,44,255,255,255,224,255,255,106,10,14,12,28,50,36,20,30,16,206,255,255,255,194,255,255,192,255,255,214,255,255,255,250,255,255,168,255,255,255,255,198,52,58,50,60,74,158,255,255,255,255,182,255,255,62,90,92,34,130,184,246,184,30,46,16,42,124,136,152,202,204,206,150,178,156,142,188,238,254,220,194,218,200,214,220,214,238,255,255,255,255,255,255,255,255,255,255,255,228,164,255,255,255,255,124,66,236,255,255,255,255,255,255,255,252,255,255,255,64,255,255,220,108,22,50,70,108,112,36,222,255,255,230,50,170,255,255,255,255,120,52,30,62,48,255,150,255,255,255,255,255,255,255,255,192,255,190,255,255,50,255,255,255,200,190,206,64,112,122,34,24,16,14,10,16,20,0,30,6,18,12,14,20,24,38,80,74,60,194,255,255,255,150,220,88,255,108,255,255,152,255,255,24,20,122,255,255,255,255,255,255,255,255,32,8,24,12,34,22,10,26,18,14,6,8,16,20,8,12,12,2,22,8,12,22,255,255,255,62,255,255,255,32,10,16,20,22,18,20,6,8,2,10,8,14,8,72,255,255,255,126,255,255,242,32,26,14,8,14,20,6,14,8,18,22,22,14,4,20,2,16,8,16,16,10,16,16,240,255,255,82,255,255,255,140,4,6,10,20,6,10,8,18,22,22,186,255,54,210,104,50,188,255,255,255,240,172,72,6,32,184,255,255,255,255,108,50,30,8,6,10,24,5
215,14,34,26,102,255,255,255,255,200,60,38,84,124,86,64,20,14,22,14,12,6,8,54,255,255,255,126,10,12,12,38,255,255,255,255,255,255,255,232,42,20,22,14,12,16,255,255,255,255,52,30,18,8,14,16,6,4,4,12,10,0,6,10,18,28,30,34,10,178,255,255,236,255,255,255,255,158,50,255,255,255,255,255,255,255,255,110,8,14,14,12,4,18,38,26,20,14,4,12,22,30,22,14,10,12,56,206,255,255,210,255,255,58,255,178,255,255,255,66,12,10,10,8,10,12,16,14,10,22,22,12,8,4,0,118,255,255,222,255,255,246,72,14,8,16,192,255,112,214,182,255,255,255,255,255,64,2,20,36,24,22,104,178,255,255,255,255,255,255,255,255,255,255,255,255,255,236,102,68,64,255,255,255,255,255,208,44,36,22,18,18,8,0,32,114,255,255,255,255,255,255,255,255,255,255,255,255,255,255,78,26,162,255,255,255,228,28,46,56,50,56,64,56,88,255,255,204,250,255,255,255,255,255,255,254,234,246,255,255,255,80,255,255,255,90,76,38,78,56,100,114,176,188,160,160,176,238,228,255,250,230,182,152,154,146,168,218,248,255,234,158,110,206,255,255,206,240,255,255,255,240,255,168,255,255,255,255,255,255,170,255,255,255,255,255,255,255,255,132,78,102,100,136,106,32,46,202,255,255,255,255,255,24,234,248,238,40,46,76,58,80,255,255,236,255,255,255,90,255,255,255,84,255,255,255,255,255,255,116,234,255,138,34,10,2,12,8,14,8,16,4,18,6,6,26,28,8,104,98,88,12,18,96,248,228,170,255,255,148,72,236,180,255,255,244,255,255,255,255,255,108,72,30,255,255,255,255,255,255,255,255,150,14,18,28,16,24,6,24,6,14,12,18,24,16,4,8,16,16,12,12,22,12,84,255,255,255,255,255,255,112,28,24,18,10,8,4,12,10,6,0,2,12,58,255,255,255,144,255,255,255,24,32,16,6,24,6,10,24,12,10,12,10,10,12,4,12,8,2,32,16,16,18,56,255,255,255,255,196,255,255,255,128,16,12,10,8,22,8,16,20,24,20,32,255,255,255,255,255,254,170,90,28,12,16,16,22,24,26,86,255,255,255,255,190,50,34,36,4,20,7
219,18,2,10,4,20,24,52,62,164,214,208,102,40,14,12,12,6,4,8,2,10,10,255,255,255,255,255,30,50,255,255,255,255,255,196,255,255,255,166,50,22,2,12,10,30,255,255,255,255,36,20,16,30,28,2,12,2,6,12,12,12,18,18,14,16,44,34,22,30,224,255,255,255,232,255,204,255,255,184,255,255,255,86,255,255,255,255,255,172,24,18,12,32,50,50,22,14,14,2,30,22,18,22,36,50,30,255,255,255,255,132,255,255,255,255,152,108,24,12,10,14,14,12,12,16,20,20,8,24,24,20,10,16,4,164,255,254,146,255,255,154,40,22,14,20,122,255,255,255,255,255,255,255,156,12,118,255,255,255,255,255,234,140,255,255,255,255,255,255,255,255,248,44,210,255,255,255,255,255,255,255,255,255,255,255,148,52,16,12,6,20,16,50,255,255,255,255,255,255,255,255,255,255,90,255,255,255,78,32,46,44,40,94,202,148,100,48,60,68,52,56,60,54,52,255,255,255,255,255,255,255,255,255,255,255,255,170,255,255,255,92,255,255,255,146,255,255,254,196,194,164,174,182,255,255,134,140,154,212,40,140,192,200,238,255,255,168,58,240,255,255,255,255,84,255,255,255,255,116,255,255,170,255,255,255,102,148,206,96,255,255,255,66,48,228,255,255,255,72,100,62,68,116,52,255,255,178,255,255,255,255,222,80,24,30,26,48,62,70,52,32,255,255,255,255,255,255,255,255,255,255,255,255,255,130,255,255,255,255,255,110,44,32,16,8,2,18,12,24,16,36,92,76,66,86,208,255,255,255,255,18,16,118,255,214,255,255,192,84,255,255,255,255,236,184,250,164,220,124,255,255,255,255,24,255,255,255,34,90,255,255,255,48,32,20,18,16,8,22,4,14,14,14,16,10,16,18,14,16,12,16,32,14,8,255,255,255,255,255,255,244,30,14,12,8,14,12,6,8,8,4,14,60,255,255,255,222,255,255,186,32,22,14,2,24,8,14,16,2,24,14,8,12,6,16,26,24,8,16,56,26,20,110,255,255,255,255,240,255,255,255,178,20,18,26,14,14,16,18,16,6,28,32,6,52,154,172,136,44,28,24,0,20,22,10,14,26,30,32,16,8,255,255,255,255,255,50,52,40,30,1
221,10,24,14,16,20,24,36,42,255,255,255,255,24,12,12,6,14,10,12,2,8,12,255,255,255,255,255,255,255,255,255,255,255,255,255,255,255,146,16,14,42,26,12,14,34,255,255,255,255,20,4,12,18,8,22,8,8,2,8,8,2,10,10,6,16,34,24,20,24,20,18,255,255,255,228,255,255,255,255,178,255,255,255,255,60,255,255,255,255,255,255,124,26,46,24,36,26,24,14,28,6,54,110,255,255,255,255,255,255,255,255,136,248,255,138,24,28,8,16,12,6,4,0,2,6,6,16,18,14,18,22,22,32,92,255,236,255,255,255,255,28,16,22,20,16,32,152,236,255,255,255,250,66,36,255,255,255,255,255,255,255,255,255,255,255,255,255,255,255,184,174,255,255,255,255,255,255,164,255,255,255,255,255,255,255,255,206,124,36,42,20,255,255,255,255,255,255,255,255,255,255,144,255,255,255,154,16,26,4,14,14,22,212,255,255,250,52,68,56,40,50,56,34,22,196,255,255,255,255,255,255,255,255,255,162,255,62,255,255,255,58,255,255,255,255,255,24,255,255,255,144,194,255,255,255,255,255,255,255,232,222,220,176,82,176,255,255,255,255,156,128,255,255,255,255,255,206,255,255,136,255,255,255,94,255,255,255,255,255,255,255,188,34,182,255,255,255,60,54,62,46,54,190,255,255,255,255,60,255,255,255,255,120,36,38,30,72,40,18,28,32,255,255,255,255,255,134,255,255,34,158,255,255,152,255,255,255,255,62,255,255,100,22,16,26,14,8,40,12,96,255,255,255,86,236,255,255,255,255,255,32,16,50,255,150,255,138,146,168,238,255,255,148,168,255,255,255,255,220,255,154,255,255,255,255,255,255,134,46,255,255,255,166,12,24,22,32,20,18,12,8,8,18,24,18,20,24,18,20,18,22,12,26,16,90,255,255,255,255,160,206,158,8,12,16,18,28,26,12,18,10,20,192,255,255,255,255,255,182,14,44,10,28,18,18,12,8,12,22,22,14,18,12,10,14,28,34,2,22,44,12,150,255,255,255,255,255,255,255,255,108,40,14,28,4,12,4,4,18,20,20,44,14,30,16,24,24,12,8,22,36,24,10,18,8,4,16,12,22,26,8,32,242,255,255,255,255,98,36,56,2
211,24,10,12,2,8,20,6,44,255,255,255,255,42,14,14,8,4,8,6,12,12,6,255,255,255,90,255,255,255,255,255,255,255,255,255,102,24,6,14,26,16,16,10,26,34,255,255,255,255,140,30,22,16,20,6,16,10,8,10,10,6,10,20,18,12,12,38,18,44,4,36,118,255,255,255,255,255,255,232,255,255,20,255,255,255,255,152,255,255,255,255,255,255,255,198,68,36,12,32,12,32,198,255,255,255,255,134,255,255,255,255,132,32,22,10,14,18,8,16,14,4,6,4,6,4,4,4,10,10,14,32,24,16,146,190,140,134,244,250,94,8,10,24,4,4,230,255,255,255,255,136,6,122,255,255,255,255,255,242,255,255,255,255,255,255,255,255,255,255,255,255,255,255,255,216,6,255,255,255,255,255,255,255,255,255,255,255,255,255,255,255,255,255,255,255,255,255,255,255,206,255,255,255,220,28,22,12,22,28,22,12,255,255,255,255,255,96,255,255,255,255,255,255,255,116,252,240,90,134,146,112,198,255,255,255,255,252,255,255,255,255,255,255,255,172,255,255,255,255,140,108,178,255,255,250,255,255,255,255,255,18,255,255,255,255,255,255,250,255,255,255,255,110,255,255,255,255,196,255,255,255,82,255,255,222,202,255,255,255,255,255,28,86,255,255,255,72,32,80,54,56,255,255,255,170,255,240,255,190,255,214,114,36,46,76,56,182,255,255,80,206,255,176,255,255,255,212,255,170,24,8,140,255,255,68,255,255,255,255,124,255,255,176,30,98,220,255,255,255,130,255,255,255,106,255,255,158,84,255,255,88,34,14,252,255,255,255,226,255,255,255,118,30,136,255,255,255,255,140,255,194,26,255,255,34,255,255,255,20,42,255,255,255,28,8,18,36,8,8,20,6,8,8,12,4,14,22,32,22,30,16,8,2,30,38,222,255,164,188,182,30,218,66,6,8,4,14,24,18,12,4,16,194,255,255,255,255,178,18,14,26,4,22,26,8,12,10,38,214,255,255,228,58,10,38,24,6,10,22,36,236,255,255,255,166,255,255,255,255,78,46,38,20,22,12,16,18,12,6,20,20,6,42,12,34,24,24,16,6,10,16,8,12,16,10,10,10,38,30,16,34,6,44,134,255,255,255,255,162,70,2
219,16,36,14,14,20,4,12,30,255,255,255,255,92,18,16,4,8,2,10,14,8,4,56,255,255,255,142,255,255,255,255,255,255,32,38,20,18,28,10,6,22,38,12,26,22,202,255,255,255,255,154,48,10,18,6,10,20,12,16,18,14,10,10,10,4,22,16,40,8,36,12,34,14,26,255,255,255,138,255,255,255,255,255,170,255,255,255,255,255,86,255,255,255,255,255,255,255,255,255,255,250,146,255,112,234,255,255,255,255,70,24,10,14,14,10,18,22,12,2,4,14,18,20,18,16,10,2,8,10,8,22,108,255,255,138,86,154,202,90,4,4,14,16,50,255,255,255,255,255,52,12,238,255,255,255,255,114,14,28,14,12,42,96,198,255,255,255,255,255,255,255,255,120,126,255,255,255,255,255,255,116,255,255,180,255,255,255,255,255,255,255,255,255,118,58,255,255,255,174,255,255,255,16,12,8,20,10,22,30,26,12,255,255,255,255,255,255,255,255,255,198,255,255,255,255,255,255,255,255,255,255,255,32,106,200,200,116,255,255,255,255,255,255,255,120,255,255,255,80,76,72,112,255,255,255,255,255,255,255,255,255,255,255,255,255,255,255,255,255,112,255,255,255,192,90,255,255,255,255,166,255,255,255,255,220,255,255,255,255,255,44,16,255,255,255,174,32,54,86,255,255,222,255,218,228,255,255,255,255,128,72,48,56,6,80,108,255,255,255,226,255,255,255,255,234,255,255,255,26,16,8,26,54,255,255,228,255,255,255,255,176,255,255,254,142,255,255,255,255,255,255,216,255,255,106,255,255,255,255,255,94,50,18,76,230,255,236,92,22,8,10,10,20,78,255,255,255,255,255,238,255,255,255,255,32,254,255,255,156,28,210,255,255,198,24,12,30,14,20,12,4,4,12,18,12,22,16,24,16,14,30,22,14,14,8,62,255,110,242,34,142,166,148,16,14,22,16,4,10,6,18,18,118,255,255,255,176,18,12,6,16,14,20,22,16,20,14,104,255,255,255,255,160,16,24,16,14,14,18,255,255,255,255,118,255,255,255,255,58,40,42,18,14,42,20,10,8,8,20,16,14,26,26,26,28,18,24,20,10,4,10,4,4,14,20,18,14,24,24,14,20,18,6,32,36,255,255,255,255,255,8
219,16,14,22,6,18,20,4,12,255,255,72,255,255,14,18,6,8,2,10,14,8,6,14,114,255,255,255,178,255,255,255,44,30,8,24,6,12,2,14,46,66,32,4,10,24,30,255,255,246,255,255,255,70,22,10,8,8,6,10,8,12,18,18,24,18,26,16,12,46,8,18,10,36,8,30,242,255,255,255,255,255,255,140,255,255,246,255,255,255,255,255,255,22,255,255,255,255,255,88,106,255,255,255,255,255,255,255,144,34,26,8,14,20,2,6,16,26,6,16,20,12,16,14,16,16,10,6,4,2,14,12,255,255,255,255,255,160,154,36,2,16,26,182,255,255,255,255,255,110,104,255,255,255,255,236,12,26,48,42,56,36,24,38,30,12,22,36,78,178,255,255,255,255,255,255,255,255,255,255,255,255,255,255,182,124,12,86,150,255,255,255,160,26,6,160,255,255,255,255,255,92,28,6,22,8,12,24,22,10,18,18,255,255,255,255,255,255,255,255,255,176,255,255,255,255,246,255,255,255,255,255,255,128,22,42,126,255,255,255,234,136,68,26,72,66,104,98,70,52,72,76,82,255,255,140,255,255,255,255,255,255,255,255,255,255,255,240,255,255,255,164,164,255,255,255,255,255,62,255,255,255,146,255,255,255,255,158,255,255,168,4,248,255,255,255,30,10,62,255,255,224,240,255,255,255,255,222,255,148,64,16,8,24,250,255,255,80,255,255,240,255,116,255,255,255,255,255,255,62,16,26,18,14,34,255,255,255,255,255,44,255,255,255,255,198,255,134,112,162,255,255,255,255,255,130,255,255,255,218,204,44,22,6,12,18,22,26,14,8,14,2,8,22,32,255,255,255,255,255,164,255,255,255,104,36,48,255,255,255,26,62,255,255,255,40,8,36,40,10,10,2,10,18,20,0,24,26,14,14,42,12,26,14,14,4,4,166,255,124,164,188,40,255,94,10,12,22,14,14,22,24,34,16,112,126,80,32,18,18,12,18,18,8,14,10,26,12,102,255,255,255,255,255,14,6,14,18,10,24,255,255,255,142,174,255,255,198,28,34,14,10,32,12,26,32,14,12,14,18,10,12,6,20,28,26,16,24,26,8,12,14,6,10,14,10,6,22,20,14,24,8,4,18,8,16,16,236,255,255,255,12
213,26,16,8,10,12,10,16,18,84,255,255,255,255,62,18,14,2,6,18,16,2,2,16,24,192,255,255,255,255,255,255,14,24,24,20,12,20,30,146,218,224,172,48,20,6,18,72,255,255,255,255,255,255,250,10,10,4,8,4,6,4,10,8,2,12,18,8,10,10,32,36,14,18,26,16,30,42,120,224,255,255,255,255,104,255,226,48,210,255,255,255,255,255,255,255,244,255,255,255,255,255,255,255,180,156,112,16,20,20,10,22,30,6,16,10,14,16,6,6,10,4,8,10,24,8,12,16,14,12,4,22,255,255,254,126,255,255,86,30,34,18,255,255,255,255,255,255,255,255,255,255,255,255,136,50,44,40,26,10,18,42,48,40,14,16,16,28,8,24,32,52,76,30,128,234,255,255,255,255,255,255,255,255,255,255,255,255,255,182,60,6,8,106,255,255,255,255,255,204,18,6,20,32,16,14,22,32,38,20,8,10,124,255,255,255,255,255,255,255,255,255,255,255,90,255,255,255,230,255,255,188,255,238,40,56,255,255,255,255,255,255,255,255,132,24,8,30,12,44,190,255,255,255,255,255,255,255,255,218,178,54,6,255,255,255,255,236,255,255,255,255,255,255,255,50,255,255,255,255,154,255,255,255,255,255,114,255,255,255,6,136,255,255,255,46,30,54,212,230,255,255,255,222,194,242,220,42,4,20,30,32,30,10,255,194,158,255,114,230,86,255,162,255,28,255,138,255,255,22,44,28,16,14,14,10,226,255,255,214,255,255,255,255,255,255,72,255,255,255,255,80,255,255,255,186,40,56,62,6,12,12,14,18,22,12,16,12,8,24,24,8,6,20,20,88,178,176,92,86,88,24,28,12,12,30,12,188,255,255,202,30,224,255,255,204,14,24,44,16,14,12,10,10,24,18,30,24,18,20,34,34,6,32,36,16,8,38,240,132,248,255,255,255,255,22,4,20,22,8,22,22,22,6,18,30,230,255,255,255,60,6,18,14,24,36,20,22,46,255,255,255,255,255,132,6,10,10,10,18,255,255,255,255,90,255,255,255,168,32,28,2,28,20,10,30,26,14,24,18,2,16,18,4,20,18,10,14,6,4,12,8,8,12,10,2,8,2,10,14,24,12,4,18,14,10,8,20,96,255,255,58
199,140,26,10,2,12,2,24,6,6,255,255,168,255,255,4,14,2,8,20,8,10,8,10,14,20,255,255,255,160,255,255,84,10,8,10,18,112,255,255,255,255,255,255,248,14,8,10,40,255,255,255,208,255,255,255,8,8,16,18,18,8,12,6,14,16,14,62,255,255,255,92,12,18,10,10,26,24,32,52,150,255,255,255,255,255,116,16,6,14,24,180,255,255,255,255,255,255,255,255,255,255,255,255,255,255,255,28,8,30,20,14,14,10,12,6,10,8,2,6,16,4,6,8,22,16,4,4,14,22,34,202,255,214,255,255,255,255,36,30,126,255,255,255,172,255,255,255,255,255,255,255,255,36,28,18,36,24,20,24,38,34,10,6,24,26,8,18,26,6,12,24,40,40,22,62,64,48,26,80,186,255,255,255,255,255,255,255,255,255,255,255,255,255,255,255,255,255,40,16,44,46,26,12,2,16,8,16,12,20,6,6,4,18,68,76,86,108,92,104,216,248,252,255,156,255,255,255,242,255,255,255,255,206,16,164,255,255,255,255,152,252,255,255,160,108,206,255,255,255,255,255,255,255,255,255,255,150,36,10,42,182,255,255,255,255,255,255,255,255,255,255,46,104,74,255,255,255,244,255,255,255,255,255,156,74,255,255,255,28,58,255,255,255,72,48,130,194,255,170,210,248,255,255,110,62,54,56,50,46,32,24,38,40,255,255,255,58,255,198,255,255,255,255,224,255,170,255,80,22,8,22,26,8,6,12,14,138,255,255,158,255,255,255,255,255,255,255,180,140,144,50,82,134,110,16,8,20,26,8,22,4,18,14,20,20,6,18,8,16,22,20,10,16,24,12,10,10,32,18,10,16,20,26,152,178,136,255,255,255,255,32,58,255,255,255,20,26,32,12,14,10,6,8,4,12,32,28,24,26,20,10,24,14,24,12,12,8,86,255,255,255,255,255,255,108,6,20,28,20,12,8,4,14,16,28,255,255,255,255,240,24,42,26,46,2,22,12,18,200,255,255,255,255,255,18,14,12,8,16,70,255,255,255,255,206,255,255,255,202,20,12,14,30,30,28,12,2,10,4,4,10,12,8,14,8,2,16,6,10,14,8,8,8,8,8,8,6,16,22,24,24,8,16,16,28,12,32,28,32,255,222
173,158,16,18,22,16,6,18,16,16,162,255,255,255,255,112,18,6,24,8,18,8,12,14,4,16,46,255,255,255,255,255,90,4,18,36,4,255,255,255,255,166,255,255,255,255,14,8,14,10,66,255,255,255,255,255,154,4,28,20,14,18,10,16,20,18,56,255,255,255,255,255,58,40,22,22,26,38,26,4,24,74,255,255,255,252,26,18,20,26,30,255,255,255,255,255,134,246,202,255,255,255,255,22,255,255,255,255,28,28,38,8,22,10,8,8,26,16,16,10,16,10,2,2,22,4,12,18,22,26,158,255,255,78,60,240,255,74,12,250,255,255,162,255,255,250,255,244,255,255,255,106,38,22,36,12,10,16,18,10,16,22,38,22,14,16,12,20,28,24,14,14,10,10,28,14,34,18,8,24,58,50,18,28,84,136,244,255,255,255,255,255,255,255,255,234,182,252,248,166,54,98,90,22,46,38,36,40,26,34,42,4,4,2,14,16,30,28,40,32,10,18,14,22,36,162,224,220,140,232,255,255,255,134,20,152,255,255,255,255,255,255,255,255,255,255,255,255,255,255,255,255,255,160,64,22,26,92,230,255,255,255,255,255,255,255,255,255,156,26,148,234,255,255,255,255,255,255,255,255,255,255,78,50,24,255,255,255,94,30,255,255,255,86,255,255,156,148,98,80,255,248,168,158,70,44,52,70,248,255,170,28,24,18,36,200,255,255,255,68,255,200,255,255,255,255,255,255,38,18,6,16,18,14,14,14,12,10,72,255,255,255,255,255,32,255,255,255,255,192,8,4,20,32,34,20,14,10,16,4,30,8,14,6,10,30,18,24,14,10,20,16,12,6,16,6,8,58,40,48,34,38,22,130,255,255,255,168,255,255,255,255,70,166,255,255,232,14,44,26,16,18,10,6,4,8,26,28,42,38,12,2,16,10,16,20,12,22,14,220,255,255,255,255,255,255,10,24,4,14,26,6,16,4,6,8,255,255,204,255,255,34,12,8,14,14,46,56,22,22,255,255,246,255,255,122,10,10,10,4,8,32,186,255,255,148,202,255,255,246,8,14,22,24,28,20,4,6,18,14,12,10,6,4,2,8,18,16,10,4,8,0,8,4,8,6,2,0,6,8,10,14,16,28,22,22,14,26,16,8,22,220
188,158,20,10,22,16,22,22,20,24,24,255,255,148,255,255,10,20,22,28,6,10,10,30,10,14,16,96,255,255,255,255,34,74,94,74,54,255,255,124,255,255,255,186,255,255,168,12,12,6,18,32,255,255,120,255,255,72,4,24,8,16,28,4,28,16,255,255,255,134,255,255,255,255,10,32,16,26,28,26,22,4,26,50,50,40,36,60,24,18,92,255,255,144,255,255,255,255,255,255,255,255,255,255,255,255,255,255,255,14,34,28,10,16,2,22,22,4,8,2,8,4,8,14,8,18,12,4,10,52,164,255,70,28,146,255,192,146,255,255,255,255,255,84,255,255,255,255,255,255,66,24,52,28,20,10,6,4,2,4,8,24,20,24,26,6,10,8,10,36,26,24,20,28,10,18,22,28,26,20,22,38,34,40,26,24,14,56,34,255,255,232,255,26,132,255,242,255,255,255,255,255,222,116,180,190,104,58,104,150,120,64,32,50,46,40,40,38,28,26,24,20,42,18,16,32,56,38,18,12,82,82,58,14,28,74,156,88,108,188,255,255,255,255,255,255,255,255,255,255,255,255,16,42,120,255,255,255,255,255,255,255,255,255,180,74,42,22,148,255,255,156,255,255,255,114,255,255,255,224,134,54,34,34,255,255,255,234,38,234,255,255,255,186,255,88,194,26,182,255,255,255,8,20,40,12,14,255,255,255,255,210,32,16,12,60,176,196,164,182,255,130,255,26,255,214,255,255,28,8,6,8,14,10,8,18,8,2,4,58,255,255,255,255,200,48,216,255,255,255,255,34,22,28,18,10,10,6,4,14,18,4,4,6,14,16,26,14,12,32,10,28,38,28,30,164,160,218,255,255,220,66,26,146,255,146,255,138,255,255,255,255,70,12,255,255,255,36,14,12,12,26,10,4,4,10,18,20,28,18,4,6,8,10,12,30,14,16,18,60,255,255,255,240,255,255,154,30,8,10,18,6,10,20,20,28,162,255,255,255,255,252,10,20,56,255,255,255,222,24,148,255,255,255,255,255,12,14,16,22,26,255,255,255,255,36,255,255,255,238,24,18,18,30,36,30,16,12,18,10,6,8,6,2,6,10,12,14,2,10,6,6,8,10,8,0,6,12,14,12,10,4,6,12,8,6,10,12,24,18,16,218
218,40,26,28,22,20,20,6,14,12,22,74,255,255,255,255,242,12,18,28,6,6,12,4,16,16,14,12,44,56,44,30,142,255,255,255,184,255,255,255,255,255,255,255,255,255,255,20,14,14,14,8,102,255,255,255,255,255,34,0,14,6,8,36,22,12,255,255,255,232,200,255,255,255,204,80,26,16,6,12,28,32,10,20,28,40,36,46,4,26,110,255,255,234,255,210,255,78,255,255,255,255,152,255,255,255,255,255,255,188,20,20,8,16,14,30,10,12,10,0,6,16,20,22,26,18,18,16,30,10,122,255,255,194,255,255,106,255,255,58,255,255,255,255,255,255,255,255,144,18,38,12,16,12,20,20,12,16,16,16,22,26,16,52,30,6,4,178,255,255,255,254,32,16,4,12,6,32,16,2,32,34,10,16,16,18,36,48,30,255,255,255,196,208,50,90,56,188,216,255,238,255,58,255,255,255,232,255,255,255,255,255,255,255,224,206,254,240,54,28,30,88,74,44,28,44,24,12,8,8,28,14,48,38,88,192,255,255,255,255,255,255,28,255,255,255,255,255,255,255,255,255,255,255,255,255,255,255,255,255,255,124,54,26,16,58,226,255,255,255,255,206,255,255,255,255,255,255,100,48,56,10,44,130,255,255,255,28,140,255,255,255,74,186,255,255,170,224,255,255,236,76,42,40,18,68,152,255,255,168,255,255,128,52,38,30,12,60,50,255,255,255,255,216,255,106,255,92,18,6,16,6,12,4,6,8,20,12,14,44,26,250,255,255,255,255,18,128,255,255,255,255,60,8,46,10,14,18,22,26,6,16,18,12,8,14,26,66,60,104,255,255,255,104,88,255,255,255,255,255,255,255,152,110,255,255,40,255,40,255,255,255,255,44,164,255,255,248,18,20,10,22,16,4,12,14,12,4,8,10,6,4,6,2,10,30,10,26,46,2,242,255,255,150,255,255,255,62,38,16,2,2,18,18,22,24,16,255,255,156,255,255,44,18,106,255,255,255,255,62,20,255,255,232,255,255,94,22,20,38,255,255,255,255,22,255,255,255,255,46,14,6,12,28,36,30,16,12,18,16,8,6,8,6,8,6,8,18,12,22,4,4,6,12,14,12,8,10,6,2,4,8,10,18,12,10,10,2,16,32,24,216
216,22,12,32,10,22,20,36,22,12,8,20,230,255,255,255,255,146,12,20,4,8,2,14,12,14,12,16,10,2,10,24,255,255,255,255,255,255,255,220,255,255,255,255,152,255,255,50,44,26,18,4,20,168,255,255,255,255,62,8,14,4,18,10,14,8,242,255,255,255,194,132,255,100,255,255,188,30,14,4,16,24,28,10,22,20,34,42,26,40,124,255,255,255,255,255,255,255,255,44,248,172,255,224,255,255,255,255,255,255,60,26,6,4,28,24,8,18,4,14,8,18,16,26,6,22,4,30,60,168,184,188,218,94,250,255,255,230,255,255,98,255,255,54,255,255,255,16,12,30,10,32,22,20,20,12,22,16,26,20,26,94,120,156,234,255,255,255,255,255,255,255,132,22,30,28,34,44,14,16,18,26,12,2,16,18,12,46,92,255,255,255,255,255,176,232,198,255,174,114,62,255,138,255,62,255,255,224,160,255,255,255,255,255,255,255,255,255,255,56,255,255,255,255,255,255,255,132,28,26,60,158,255,255,255,255,255,255,60,255,255,255,255,255,126,255,255,255,255,255,255,255,255,255,255,255,255,204,48,34,28,26,32,96,122,255,255,255,222,156,110,255,46,255,255,255,166,68,36,44,36,50,26,255,255,255,46,52,255,255,255,152,38,54,128,255,255,255,255,8,26,32,24,64,134,172,255,142,192,255,238,255,152,30,10,0,38,10,38,255,238,255,255,255,255,255,255,18,8,6,18,8,4,12,16,10,20,20,14,34,44,30,120,255,255,255,255,52,84,255,255,255,255,94,26,20,4,26,32,18,10,14,12,66,66,118,255,255,255,255,255,255,255,255,84,255,160,255,255,255,255,255,212,22,164,255,255,255,255,200,255,255,255,92,32,255,255,255,52,26,20,14,12,12,14,6,12,16,16,18,18,10,8,10,8,22,8,28,34,14,54,255,255,255,172,255,255,212,16,34,4,14,30,10,22,20,16,162,255,255,255,255,255,12,76,255,255,255,255,255,18,166,255,255,255,255,255,34,18,114,255,255,255,208,255,255,255,218,18,8,18,4,10,16,28,26,16,14,18,16,8,2,6,8,6,0,8,24,14,28,14,8,12,10,4,10,12,16,8,0,6,6,4,24,12,30,10,8,6,28,44,215
214,18,10,14,4,28,30,12,10,12,6,30,50,255,255,132,255,255,72,14,14,10,18,6,6,8,2,16,30,22,2,16,255,255,94,255,255,255,255,255,255,255,255,255,28,255,255,34,42,24,10,8,24,28,255,255,56,255,255,18,18,2,18,4,10,18,16,148,255,255,255,255,94,255,152,255,255,126,72,4,4,14,8,10,30,20,18,18,24,30,14,130,255,255,255,255,255,255,255,255,132,56,52,255,136,255,255,22,255,255,254,4,16,20,20,4,22,14,8,12,32,32,34,4,18,14,20,14,106,232,226,255,255,255,255,255,56,255,255,246,255,255,255,255,255,120,34,18,6,12,32,14,16,12,32,18,6,42,22,52,142,255,255,255,255,255,255,255,248,255,255,255,188,20,38,70,36,4,66,52,32,22,22,36,40,28,36,20,28,52,128,166,186,255,255,255,255,255,255,255,255,255,74,255,255,255,46,238,174,255,246,184,255,255,156,154,28,134,255,48,255,255,255,255,255,255,255,204,224,255,255,255,255,255,212,128,255,255,255,255,255,114,255,255,255,255,255,255,255,255,255,255,255,255,132,32,20,4,32,48,68,14,255,255,255,255,178,90,136,176,255,255,255,255,108,60,28,42,36,20,20,34,255,255,255,168,36,255,255,255,234,36,30,30,34,96,146,196,62,34,16,58,164,196,146,108,210,82,255,168,254,255,54,28,4,6,36,44,176,255,74,255,64,255,242,255,255,96,76,148,152,140,12,2,8,26,36,28,16,30,20,38,36,98,255,255,255,255,112,62,255,255,255,255,224,28,4,142,214,200,136,52,28,200,176,255,255,126,86,212,228,244,142,255,255,255,255,255,255,255,255,255,204,30,88,255,255,255,148,22,94,255,255,255,42,130,255,255,255,16,18,12,8,10,18,12,26,18,8,14,26,16,8,18,6,0,14,16,8,20,2,190,255,255,255,255,255,255,44,26,8,18,4,20,14,18,16,42,255,255,164,255,255,32,50,255,255,255,255,255,255,255,255,255,228,255,255,94,14,110,255,255,255,255,255,255,172,36,24,20,20,2,12,30,40,34,16,8,12,14,10,6,4,4,6,6,4,12,6,14,10,6,10,14,8,2,10,20,14,6,12,12,14,20,10,26,10,12,10,14,42,217
221,12,10,6,22,14,8,10,14,12,6,18,12,78,255,255,255,255,255,8,12,24,10,10,20,14,14,28,16,28,10,10,255,255,160,255,255,142,255,255,255,255,128,255,255,255,255,88,124,146,36,6,18,14,90,255,255,255,255,168,36,12,10,12,22,22,16,40,50,255,255,196,255,130,74,64,255,255,255,112,42,22,10,10,20,18,16,20,12,6,12,12,26,44,24,32,56,44,255,255,255,214,10,255,255,255,255,255,255,255,255,62,12,24,14,30,26,10,8,8,24,20,26,8,14,34,28,238,218,56,255,255,238,255,255,255,255,144,255,255,134,255,255,255,42,20,28,26,6,22,10,8,16,40,62,48,28,64,58,255,255,255,208,255,136,255,214,255,255,255,255,255,158,10,255,255,255,122,240,255,255,170,74,104,100,88,80,30,6,6,76,32,52,8,58,80,80,184,216,126,255,255,150,140,220,255,255,255,255,255,255,255,255,255,255,82,40,116,255,12,255,255,238,194,255,255,255,255,255,255,255,255,132,255,255,255,255,32,255,255,255,255,255,16,255,255,255,255,124,255,255,202,30,16,20,14,32,34,32,28,24,46,255,255,255,255,112,182,238,255,255,255,255,124,26,24,20,26,32,20,44,178,255,255,255,18,204,255,255,255,44,52,20,36,22,22,40,20,42,108,255,255,255,144,66,82,255,255,255,110,34,24,22,12,12,10,34,42,255,255,255,255,176,255,74,255,255,210,250,255,255,255,20,18,18,14,46,48,18,28,24,8,38,32,40,255,255,255,255,196,30,212,255,255,255,255,128,255,255,255,255,84,20,238,232,208,84,162,250,124,255,255,202,190,255,76,255,220,138,168,182,104,70,16,20,12,34,4,14,40,8,255,255,255,255,255,126,255,255,140,14,14,10,2,12,16,24,4,4,2,24,20,12,22,4,10,14,26,34,26,14,28,255,255,255,50,255,255,255,12,24,10,18,4,10,6,10,26,164,255,255,255,255,255,255,255,255,255,255,255,255,255,255,255,255,255,255,122,14,56,255,255,255,255,255,98,40,28,16,28,24,24,26,32,38,26,2,10,24,30,20,8,8,6,2,8,10,18,18,12,14,12,4,6,10,4,14,16,8,2,6,0,10,4,6,14,14,2,8,6,26,220
216,20,14,24,12,24,30,12,12,12,16,18,18,16,255,255,255,255,255,248,8,14,14,6,20,12,24,14,4,22,16,4,255,255,255,255,255,255,255,255,255,255,192,255,255,255,160,255,255,255,255,12,20,28,20,255,255,255,255,255,42,14,14,12,16,16,26,22,10,38,76,255,255,255,152,212,124,240,255,255,198,28,8,6,4,12,6,10,12,8,20,20,46,28,30,22,24,32,38,172,255,255,88,144,212,242,255,255,34,255,255,255,14,26,20,24,8,16,12,8,8,24,18,26,18,36,255,255,255,204,146,255,255,255,255,255,255,255,255,255,255,255,186,22,24,8,2,10,8,16,38,44,60,224,255,198,248,255,158,255,220,118,255,255,142,255,255,255,255,244,82,48,44,100,255,255,255,255,255,255,255,255,255,255,255,255,255,255,255,255,255,192,84,30,10,44,20,16,48,38,34,22,22,12,40,88,128,98,255,255,255,255,255,255,255,255,255,255,255,84,250,255,164,255,255,255,255,255,255,255,255,255,255,255,255,255,255,255,255,166,126,255,255,255,255,172,250,255,255,255,255,255,40,6,10,12,50,40,34,12,24,50,255,255,255,255,255,255,255,255,140,16,10,22,4,4,20,6,14,32,72,255,255,255,24,114,255,255,255,68,46,44,34,28,46,54,32,66,146,254,255,238,192,188,180,202,194,198,140,12,18,8,16,22,12,12,32,30,255,255,255,255,255,255,152,255,255,255,186,198,226,255,52,26,32,24,36,22,18,2,6,12,6,24,24,24,255,255,255,255,255,255,255,255,255,255,184,255,238,255,255,70,34,232,255,136,202,74,148,255,255,255,255,255,255,10,38,44,56,8,12,4,18,16,20,20,16,22,18,44,28,78,255,255,255,255,255,255,255,255,20,20,12,20,14,10,10,8,4,4,22,28,24,18,10,16,6,16,20,8,16,12,158,255,255,255,255,255,255,70,10,6,10,6,12,8,14,20,26,255,255,144,255,255,255,255,255,228,255,255,255,255,255,255,255,255,255,110,10,8,26,140,174,172,46,4,16,28,16,10,2,24,16,24,24,10,12,8,8,22,24,12,10,8,4,6,8,6,4,8,14,2,8,6,16,6,20,14,10,20,18,16,14,6,2,10,10,8,2,6,12,223
216,28,20,12,20,26,2,8,26,12,18,20,18,10,28,255,255,255,255,255,160,22,22,8,10,18,6,16,2,12,12,12,94,255,255,255,255,255,255,255,255,255,255,190,202,136,255,255,255,255,255,12,16,8,0,24,255,255,255,255,255,255,255,255,255,226,10,28,34,14,22,96,255,255,255,255,255,255,12,255,255,238,30,18,10,14,4,6,6,4,12,16,26,28,14,22,14,12,38,38,118,255,255,68,112,255,255,255,255,255,255,255,14,16,24,4,18,8,20,30,24,20,18,26,26,218,255,255,255,238,255,255,255,255,255,255,255,102,255,255,255,36,10,14,12,10,40,42,36,142,255,255,255,255,255,255,255,255,255,248,255,250,148,255,255,228,254,134,56,12,30,66,38,242,255,255,255,255,255,255,68,255,255,136,255,255,255,255,255,255,255,255,255,160,255,255,255,202,28,18,20,20,2,24,20,38,38,14,14,32,80,62,18,34,92,255,240,24,255,255,255,255,255,255,255,255,142,154,255,255,255,255,255,255,255,255,42,255,255,255,255,255,138,255,255,255,255,255,255,106,255,255,182,24,40,58,54,10,22,32,42,18,140,255,255,255,255,250,104,58,38,20,10,18,14,34,20,18,8,16,255,255,255,118,42,255,255,255,174,40,30,6,14,30,54,146,184,210,230,180,202,255,255,255,212,132,62,20,4,4,16,14,16,28,12,56,44,160,255,230,255,104,255,164,255,255,166,255,204,255,255,246,48,34,26,8,16,6,16,18,10,8,18,12,36,18,6,158,255,255,255,255,255,255,255,255,255,255,255,252,255,216,86,32,255,255,255,255,255,255,216,194,188,194,42,26,12,18,10,4,12,16,10,12,22,0,4,10,20,16,38,22,255,255,234,255,255,255,255,255,188,8,8,32,4,20,20,16,4,6,14,18,8,2,16,6,4,12,28,12,18,14,12,255,255,255,12,255,255,255,10,16,12,6,14,32,10,12,16,168,255,255,92,248,56,255,255,255,255,255,255,255,255,255,178,88,60,6,22,6,14,14,4,18,6,18,6,14,10,4,18,10,4,16,8,8,8,6,14,20,14,8,6,8,12,6,16,8,6,6,2,14,16,12,22,18,20,8,10,20,12,18,14,10,10,14,16,16,8,8,2,225
214,8,34,24,4,14,4,6,12,24,6,6,26,18,8,78,255,255,58,255,255,26,20,10,6,8,4,6,6,8,6,8,10,218,255,255,255,255,255,255,255,255,96,50,50,255,255,255,255,255,255,16,14,14,10,12,180,255,255,255,255,255,255,255,255,255,255,32,16,14,2,6,10,10,244,255,255,255,88,42,255,255,255,224,58,8,10,10,14,16,4,10,12,10,6,10,18,26,14,22,60,255,255,255,255,255,255,255,255,84,255,255,146,22,8,26,18,22,20,10,24,14,32,22,22,226,255,180,255,255,255,255,136,22,182,255,255,255,255,184,8,28,6,18,30,26,64,94,184,255,255,255,255,212,24,154,76,242,138,255,170,255,255,110,98,44,18,16,16,26,18,30,18,255,255,255,255,255,255,255,255,255,255,255,255,76,255,255,255,130,255,226,255,210,255,255,255,255,36,48,220,255,255,255,178,114,114,24,26,64,228,255,255,255,255,255,255,255,255,255,255,255,255,255,118,16,6,16,174,255,255,242,255,255,255,255,255,255,52,255,56,255,255,202,255,242,255,255,255,255,255,255,242,48,36,24,8,18,50,52,14,8,28,106,160,126,42,28,4,28,38,18,4,30,38,30,24,48,24,255,255,255,255,4,255,255,255,255,28,40,30,24,22,20,246,255,192,92,186,62,250,255,254,140,76,22,14,4,16,12,8,18,60,102,220,255,255,255,255,212,255,255,255,255,255,255,255,255,246,176,186,114,54,30,4,8,14,18,14,12,18,12,20,10,32,34,38,18,78,255,255,255,255,255,255,132,255,102,255,246,255,178,82,62,78,114,94,86,86,68,10,32,26,32,18,16,2,24,18,10,8,10,14,22,10,12,8,8,6,26,28,22,96,255,48,255,74,255,255,255,255,38,10,14,24,6,8,10,14,4,10,20,16,10,6,6,8,8,18,28,6,8,10,122,255,255,255,255,255,255,110,22,12,18,20,24,20,8,6,22,255,255,255,255,255,255,255,255,255,242,96,4,32,8,18,20,20,24,2,22,4,26,18,24,16,4,8,2,10,8,10,8,8,18,10,16,12,16,10,12,12,14,8,4,12,16,12,6,16,4,8,10,4,2,8,12,4,10,16,14,6,16,14,16,18,16,16,10,8,8,2,224
217,32,24,24,2,10,6,20,24,10,18,26,8,24,4,8,148,255,255,255,255,255,34,10,10,4,6,8,4,4,6,2,10,18,192,255,255,255,255,255,255,238,14,6,230,255,255,255,255,255,156,36,30,32,12,28,14,255,255,66,255,255,148,255,255,255,255,255,22,16,8,4,10,8,34,44,198,255,80,62,172,255,255,255,255,38,34,22,12,8,12,8,8,10,8,6,6,4,4,18,22,110,255,255,186,255,255,255,255,255,255,255,255,40,48,12,14,14,28,10,24,26,18,12,64,244,255,255,255,255,255,52,66,255,255,255,255,255,50,26,8,10,30,8,22,114,255,255,255,255,255,255,255,254,190,226,255,255,255,255,242,82,68,16,18,14,12,22,16,8,16,8,16,194,255,255,255,255,255,255,255,255,255,255,255,255,255,255,255,255,255,255,255,248,255,255,255,255,20,255,255,255,255,255,255,255,255,70,90,255,255,255,255,255,255,255,255,255,255,255,168,34,16,14,70,184,255,255,255,255,255,255,255,255,255,255,124,218,255,255,255,255,228,255,255,255,255,255,255,255,255,255,144,24,24,6,16,28,32,22,16,22,16,22,6,32,22,18,14,32,6,20,16,18,26,66,84,54,148,255,255,255,255,184,255,255,255,48,54,24,18,10,14,24,228,214,102,162,255,255,255,148,52,30,16,20,26,16,38,44,230,255,255,190,255,255,255,255,255,255,255,255,255,255,255,234,230,90,60,28,30,28,12,18,20,8,8,10,10,14,8,10,24,16,20,24,28,18,8,34,255,255,255,255,255,255,255,255,224,255,255,208,82,36,14,22,18,4,4,14,6,40,50,26,12,10,24,30,8,6,10,8,6,6,4,6,2,2,8,16,26,26,30,255,255,255,255,54,255,148,255,222,20,22,8,20,24,16,18,4,16,18,8,8,2,6,10,14,12,30,22,22,24,12,255,255,255,34,255,255,255,22,14,22,8,26,24,20,24,20,178,255,255,255,255,170,46,14,20,24,24,26,26,160,196,198,164,50,18,2,12,32,10,8,8,10,4,6,4,6,2,8,10,14,8,12,12,18,10,12,22,22,8,14,12,0,8,14,12,8,10,4,8,12,14,14,10,10,20,12,8,12,14,14,22,20,10,4,8,8,16,225
217,14,10,4,10,6,14,20,14,10,18,8,14,14,12,6,16,255,255,255,255,255,62,6,6,4,4,4,4,4,8,10,10,14,26,46,150,255,255,255,88,2,22,164,255,255,255,148,255,255,212,12,14,26,10,16,22,122,255,255,255,172,255,255,255,255,255,255,255,132,12,4,8,6,2,8,132,255,255,255,255,166,255,255,255,255,136,6,22,22,14,14,14,14,20,10,10,6,4,22,12,30,255,255,255,255,255,204,255,255,255,255,255,40,28,50,48,26,22,6,14,18,24,50,178,255,255,255,255,255,164,172,255,255,255,255,152,12,54,58,36,92,255,255,255,255,255,134,122,176,255,255,255,255,255,255,255,142,178,176,58,18,4,20,14,20,4,18,46,8,36,22,26,16,24,34,28,70,156,156,150,188,168,255,255,255,255,255,255,255,244,255,255,122,255,255,255,198,102,255,255,222,226,255,255,255,255,255,255,255,255,255,255,255,255,255,182,42,12,16,46,132,255,255,255,255,255,255,255,255,110,255,206,20,54,42,20,216,255,255,255,188,255,255,255,255,232,142,160,40,32,2,6,18,20,20,32,20,20,24,44,18,18,22,6,10,34,42,42,18,106,255,255,238,230,255,238,250,255,255,255,255,255,255,255,255,255,216,86,106,46,6,32,58,174,240,114,255,184,232,174,28,12,8,32,86,240,255,255,255,255,255,255,255,255,154,255,255,255,255,214,255,80,255,255,20,22,2,8,6,8,8,8,14,32,26,10,14,14,10,8,14,16,6,6,16,44,20,16,26,70,255,255,255,255,255,188,255,255,22,36,24,36,50,6,10,6,30,30,36,24,8,18,8,20,16,28,10,12,18,20,16,4,14,12,8,8,4,8,12,14,22,6,72,255,120,255,184,255,255,188,255,54,10,18,18,2,12,8,10,14,26,14,8,4,4,8,10,8,16,24,24,34,24,88,255,255,255,255,255,255,150,34,14,14,16,10,12,4,8,24,34,10,42,42,22,18,28,12,14,18,120,255,255,255,255,255,255,255,118,12,16,14,8,6,8,6,10,2,10,4,6,8,10,6,6,10,16,8,4,16,28,24,6,18,18,10,14,14,10,8,4,12,10,14,6,6,16,18,10,12,10,8,4,8,12,12,12,10,10,20,228
216,8,22,12,32,16,10,24,24,4,16,26,4,8,20,14,8,18,255,255,255,255,255,16,20,2,8,10,10,10,8,16,12,18,16,18,6,30,40,34,14,20,122,255,255,255,255,255,255,255,255,90,14,28,26,22,24,14,255,255,255,255,255,216,255,255,255,174,255,255,255,42,8,20,18,12,16,92,186,255,255,255,255,164,130,255,255,70,26,16,8,12,12,6,14,12,4,10,14,12,28,26,222,255,26,212,218,62,255,255,118,255,255,255,222,30,34,28,38,14,14,6,40,255,255,255,255,255,255,255,255,255,255,255,255,104,38,38,68,255,255,255,255,255,255,255,100,82,68,255,255,255,255,96,144,158,44,44,26,24,10,22,18,6,26,10,12,22,30,34,56,22,30,16,54,50,52,50,26,22,24,26,16,62,54,62,92,98,156,164,178,255,255,255,255,255,255,236,182,255,255,255,230,255,255,255,255,255,255,255,188,255,255,255,255,255,255,92,234,255,255,255,255,255,255,255,118,130,255,255,255,255,238,42,40,28,34,42,255,255,255,255,255,255,176,68,46,26,12,40,24,18,42,30,26,22,20,30,28,114,224,200,202,200,244,232,254,88,20,20,166,255,255,255,255,255,255,255,255,255,255,255,255,255,255,255,255,255,255,255,84,36,38,64,184,228,255,255,30,20,70,82,255,255,226,232,255,255,255,255,122,255,255,255,200,255,164,255,255,255,255,255,255,255,140,10,6,4,2,6,6,10,22,20,10,6,8,16,24,22,22,16,10,12,14,24,36,28,14,10,30,255,255,255,255,255,255,255,255,14,44,20,42,50,20,4,18,10,10,14,4,22,12,20,18,14,8,10,16,8,12,18,10,16,10,2,8,6,10,6,10,8,24,34,255,255,200,255,24,255,230,255,255,14,8,10,8,16,6,16,6,22,16,8,4,4,10,4,10,4,16,8,26,34,34,255,255,255,255,255,236,220,34,8,20,18,8,6,20,16,8,18,30,28,16,26,44,12,30,12,76,255,255,255,255,255,255,255,255,255,186,6,6,8,12,2,10,8,8,12,8,8,8,10,8,4,12,16,8,4,10,12,30,26,6,10,18,18,16,12,8,4,10,8,12,12,12,20,12,6,10,8,4,14,14,8,8,16,12,8,6,228
218,12,20,20,24,20,6,24,26,18,30,12,12,8,18,16,6,12,206,255,255,255,255,50,18,4,10,8,6,2,4,6,12,18,22,8,8,44,24,14,18,56,255,255,255,255,255,255,255,255,255,255,22,32,38,10,12,18,20,255,255,255,255,66,36,255,255,255,255,255,255,255,6,30,4,26,24,28,10,72,255,255,255,36,58,174,255,120,62,36,14,6,12,16,16,12,24,20,16,22,38,26,78,255,255,255,140,140,255,255,255,255,255,255,255,255,255,86,46,14,6,102,255,255,255,255,255,255,255,255,255,255,255,200,26,148,172,164,228,255,255,230,255,206,202,255,194,255,255,255,176,78,70,6,12,20,24,32,28,6,12,12,8,20,6,32,28,28,12,44,28,24,56,96,134,255,244,230,44,14,26,36,18,16,4,16,24,44,24,36,30,10,68,132,255,255,242,98,255,255,255,255,255,250,255,255,255,255,255,255,255,255,255,255,255,255,255,255,255,255,255,255,255,84,186,255,255,255,166,255,116,255,255,44,38,26,44,34,78,255,255,255,128,12,6,14,36,10,42,72,56,26,56,70,28,96,118,72,70,255,255,255,255,255,255,255,255,255,22,32,218,255,120,255,76,255,180,255,255,255,255,255,255,255,218,255,226,146,255,255,120,36,52,62,212,246,134,114,106,255,255,206,255,255,255,230,255,144,255,255,254,255,255,255,206,108,255,255,255,255,255,255,255,255,40,16,4,12,14,16,16,24,16,8,6,8,4,4,14,16,16,12,10,12,16,4,26,42,22,8,18,150,255,42,255,28,255,32,255,160,32,28,12,30,8,16,4,12,8,4,12,18,6,14,10,14,6,4,10,12,18,10,10,8,8,12,14,12,18,12,10,8,8,16,38,255,160,255,224,214,255,104,255,98,30,22,18,26,6,16,8,14,8,4,6,8,8,2,10,6,22,12,30,24,26,118,255,180,255,176,154,188,172,6,10,24,2,14,6,2,2,16,10,22,40,255,255,255,224,14,132,255,255,62,255,255,255,255,255,255,255,140,20,18,4,8,12,4,10,10,8,14,14,12,4,4,12,16,8,12,10,4,20,30,20,12,2,14,10,10,12,4,6,10,10,4,14,18,12,8,6,8,12,18,8,16,6,14,6,0,4,225
216,6,28,16,18,22,190,255,255,110,14,20,20,8,10,28,20,14,30,255,255,255,255,255,34,10,12,8,6,14,20,16,2,12,22,18,20,20,20,8,32,255,255,255,255,255,255,255,255,255,255,255,238,24,60,58,22,12,8,14,18,8,18,255,255,255,255,255,255,160,255,255,8,18,24,4,8,12,32,6,42,214,255,255,208,255,255,38,100,78,32,12,8,16,16,16,26,10,22,6,14,8,18,255,255,255,166,255,255,255,255,255,255,222,255,255,255,255,255,236,228,255,255,154,255,255,255,255,255,255,255,255,28,66,252,255,255,255,146,255,204,255,255,255,255,255,255,255,255,164,18,6,24,8,10,14,18,10,12,10,18,22,12,4,22,34,30,46,34,26,84,232,238,200,255,255,255,255,28,26,18,16,18,14,10,24,20,38,42,18,28,18,60,172,255,255,255,255,255,255,255,142,255,255,255,255,255,186,255,255,220,255,255,255,255,255,255,255,255,90,255,255,255,255,255,255,168,255,255,255,255,255,204,36,30,14,32,34,24,22,48,30,2,30,34,22,22,220,255,255,255,232,255,255,255,224,180,255,80,255,188,164,255,255,186,198,255,255,8,36,206,255,255,255,255,255,255,255,255,154,255,255,255,255,255,255,132,255,255,255,62,62,174,184,112,255,236,244,254,255,255,255,255,255,255,198,255,255,255,255,255,226,196,86,68,52,255,136,255,218,255,255,255,255,48,16,6,18,26,4,10,10,10,4,14,16,8,12,14,14,12,6,26,14,18,16,8,26,8,28,30,32,255,255,255,255,255,255,255,255,24,36,22,14,18,26,14,0,10,2,16,18,26,16,18,4,12,12,12,8,14,8,14,10,12,14,14,16,22,24,12,6,24,10,34,204,255,154,255,30,255,255,255,255,24,28,12,30,8,10,16,18,6,2,6,10,16,8,14,6,14,6,22,14,12,38,218,168,228,124,220,32,255,82,26,18,8,12,12,12,14,10,2,10,136,255,255,255,255,104,184,255,255,255,255,255,255,255,255,255,255,255,30,20,0,4,18,14,8,14,10,14,18,14,8,8,14,14,6,20,20,8,10,12,8,14,20,20,12,2,8,12,10,6,12,14,18,10,10,16,14,6,12,10,30,30,12,22,14,8,8,226
216,8,14,16,14,58,255,255,255,255,38,20,20,8,10,10,6,18,12,255,255,255,255,255,40,8,18,6,6,16,16,20,8,12,20,22,16,10,26,12,255,255,255,255,255,255,108,250,255,255,255,255,255,255,255,255,206,20,6,6,10,22,142,255,255,255,255,114,255,255,255,255,14,14,4,16,18,20,10,32,14,22,255,255,255,255,214,70,70,72,30,74,30,24,14,6,24,12,14,6,24,26,8,220,255,200,255,255,255,98,240,255,255,255,255,10,255,255,255,255,255,255,255,255,54,255,255,255,255,255,138,150,255,255,255,255,255,255,114,255,255,255,118,255,255,160,76,42,18,8,26,20,18,20,14,8,16,16,16,14,12,36,20,32,10,36,18,38,142,146,212,255,255,255,96,255,255,255,6,20,18,22,8,18,32,48,56,40,72,182,255,255,255,255,255,255,255,56,255,255,255,255,255,72,255,255,255,255,255,255,255,255,254,146,210,222,158,255,255,255,255,255,124,206,255,255,255,255,255,255,255,255,152,8,10,4,10,16,16,24,34,26,10,18,24,12,18,255,255,255,255,255,255,255,255,244,182,255,255,255,255,255,255,255,255,255,255,255,52,26,132,252,255,222,134,255,255,255,146,26,255,255,255,255,255,218,255,255,182,148,118,255,255,255,240,255,118,255,242,255,255,255,255,255,255,255,242,198,136,46,54,6,30,22,20,204,255,176,255,52,255,114,255,190,50,18,14,2,6,6,8,18,20,8,6,22,14,12,10,12,26,12,14,10,14,12,6,14,8,12,24,26,246,255,156,255,226,255,204,255,122,22,10,22,14,16,18,4,10,12,10,18,12,32,16,10,12,6,10,6,6,0,12,12,2,6,18,8,8,18,2,2,16,20,32,30,255,194,255,255,172,255,38,255,104,34,10,28,16,8,12,10,8,12,10,8,14,18,6,10,6,10,6,12,8,34,64,255,34,255,124,204,154,170,6,8,6,8,18,10,6,12,20,16,246,255,255,255,255,130,172,255,255,255,255,132,32,255,255,255,255,255,204,10,14,4,8,18,10,10,14,8,8,18,12,16,12,12,16,24,22,6,18,10,6,2,8,14,12,6,2,10,16,10,10,2,8,12,8,6,16,12,6,22,34,12,20,26,14,22,22,229
221,20,8,4,12,255,255,255,255,255,138,16,24,12,4,16,12,10,12,52,255,255,255,255,54,14,18,12,10,16,2,26,8,8,4,12,16,14,18,184,255,255,255,255,255,255,255,255,255,255,106,255,255,255,255,255,255,14,10,6,10,30,168,255,255,255,255,255,255,255,255,190,10,4,6,4,4,20,16,14,14,20,12,102,92,66,8,30,76,255,255,255,255,34,28,12,16,18,14,16,34,16,16,24,26,172,255,255,255,255,255,255,102,255,255,255,255,108,255,255,255,255,255,255,255,255,255,255,255,126,255,255,255,255,255,255,238,255,255,40,255,98,132,244,228,188,34,22,30,20,14,10,6,22,6,18,18,24,4,4,18,34,22,40,22,34,136,255,255,255,255,255,255,255,236,255,255,255,46,38,6,58,80,60,54,196,255,255,255,255,255,255,158,82,255,255,255,255,255,102,230,255,255,255,255,255,48,210,255,74,255,255,255,255,255,254,255,172,170,255,255,255,255,255,255,255,255,255,255,172,26,28,46,32,16,16,22,18,12,12,16,6,16,10,10,34,54,255,255,94,226,255,255,255,255,174,112,34,255,68,255,255,234,162,162,178,146,152,68,10,18,6,22,20,255,255,255,255,50,255,255,255,112,255,242,255,255,86,255,255,255,255,38,24,118,26,86,226,80,255,255,255,200,255,255,110,82,22,12,18,14,26,12,32,48,255,255,255,255,255,255,255,255,40,10,20,16,22,20,20,18,8,6,6,10,10,30,44,22,30,32,60,50,10,24,10,12,14,20,8,12,8,58,255,255,255,255,255,252,255,255,42,28,6,18,18,18,12,10,8,6,22,14,28,18,6,16,8,2,4,4,6,4,4,8,6,16,18,24,6,12,12,10,16,12,22,168,255,116,255,90,255,255,255,255,38,14,32,6,16,10,16,10,10,8,6,4,16,6,12,4,10,8,2,18,26,26,166,238,164,134,208,118,255,102,12,8,22,10,36,22,24,14,20,255,255,255,255,255,74,136,255,255,255,255,104,14,50,255,255,255,255,255,6,16,6,6,4,4,2,8,18,10,12,20,14,10,18,14,22,22,18,18,12,4,6,12,14,8,4,8,4,4,4,4,12,12,18,6,2,4,6,10,18,10,4,14,26,20,12,8,231
210,16,2,14,208,255,255,66,255,255,126,34,10,12,8,16,2,6,24,28,255,255,240,255,255,18,22,6,12,4,18,14,0,12,12,10,6,4,6,202,255,255,102,255,255,255,252,88,182,255,255,255,255,255,255,255,255,30,22,10,20,28,140,255,255,255,255,134,104,24,24,4,2,4,4,0,4,4,8,8,2,8,18,26,26,12,6,64,255,255,255,255,255,198,74,16,12,8,28,22,2,16,16,8,28,122,255,255,224,255,255,76,255,255,232,255,255,255,255,255,255,255,255,255,255,255,255,255,232,232,255,255,86,255,255,208,255,255,134,210,255,255,255,255,255,255,64,52,20,16,16,10,16,6,24,8,8,18,10,20,32,44,188,255,255,234,255,255,255,255,255,255,255,255,255,130,148,184,54,48,30,142,255,255,255,255,255,255,206,116,255,255,255,255,255,192,180,255,255,255,255,255,18,212,174,126,255,142,252,194,208,255,255,255,255,226,202,160,255,255,255,255,255,255,255,212,82,48,30,34,14,34,26,22,8,10,14,10,6,6,6,10,14,22,42,46,38,255,255,255,255,255,255,255,255,255,255,255,255,255,146,106,66,36,28,32,12,26,24,24,6,16,24,118,255,255,255,58,126,255,255,176,240,210,255,255,255,255,255,236,255,30,76,38,72,255,255,170,255,182,138,156,80,32,12,20,4,10,20,26,22,8,46,66,20,255,255,255,255,255,255,255,255,42,8,30,18,4,4,24,22,18,22,24,8,16,84,130,108,38,255,255,255,126,18,10,22,16,20,24,8,10,26,255,255,255,255,255,255,255,255,22,16,10,6,10,10,14,8,14,0,8,4,12,16,10,10,6,6,8,6,4,10,12,12,10,18,24,12,8,18,20,2,20,6,18,50,255,255,255,255,114,255,34,255,148,20,30,4,20,12,14,8,8,18,6,4,12,4,8,2,6,6,10,14,26,18,38,252,138,255,255,255,255,255,20,8,16,22,22,6,18,8,8,255,255,255,255,255,86,82,255,255,255,255,176,36,38,255,255,88,255,255,24,14,8,6,12,10,6,4,14,8,10,16,22,18,6,6,16,22,24,26,20,12,6,4,8,4,8,12,16,14,8,4,10,8,14,14,8,14,16,8,12,18,12,6,10,14,18,22,227
217,12,4,74,255,255,255,255,255,255,46,18,22,8,16,20,20,18,36,34,198,255,255,255,255,24,28,12,24,22,10,12,18,0,2,4,6,6,4,182,255,255,255,255,255,255,255,255,255,255,255,255,255,255,255,138,255,255,255,16,2,6,28,255,255,255,255,255,20,14,34,14,8,4,6,4,2,2,8,14,12,4,2,6,4,12,14,82,255,255,255,255,255,255,255,122,16,4,26,24,10,6,14,20,28,12,32,18,192,255,255,255,255,255,255,114,255,255,255,255,255,255,96,98,255,255,255,255,255,255,255,255,255,255,255,236,172,234,192,255,255,255,222,96,255,255,36,32,18,22,26,20,8,18,20,10,40,66,58,144,202,148,255,255,255,170,140,255,255,255,255,255,255,255,188,108,18,132,255,255,255,255,255,255,146,138,255,255,255,255,255,22,255,255,255,255,255,255,24,194,180,192,255,255,255,255,255,255,204,255,124,182,124,255,255,255,255,255,255,255,134,76,112,12,6,26,48,34,18,18,14,36,14,6,6,10,12,10,12,24,20,22,20,30,34,20,10,164,255,255,255,232,242,218,192,118,132,146,146,90,24,6,6,10,8,16,16,10,12,20,26,34,28,255,255,255,132,14,255,255,255,255,255,92,130,255,250,255,255,255,255,255,226,232,255,255,152,176,162,28,42,30,30,22,14,6,18,4,32,36,32,34,186,255,255,255,180,255,255,255,226,255,255,30,10,12,32,6,6,24,24,24,62,74,48,152,255,255,255,128,255,255,255,255,146,14,24,10,16,22,10,20,10,94,255,146,255,78,255,76,255,224,18,12,8,12,12,12,4,16,0,6,4,6,10,10,6,6,8,6,2,4,8,8,8,10,12,18,20,22,16,10,12,10,6,12,38,154,255,64,255,102,255,255,255,255,24,18,6,16,14,8,10,2,14,4,6,8,2,6,4,2,2,4,10,10,16,12,88,255,255,255,255,255,255,96,12,10,18,14,6,14,38,28,204,255,255,255,255,208,50,255,255,255,255,255,36,40,255,255,150,255,255,6,16,18,14,8,6,10,10,12,4,12,8,2,6,12,2,14,18,12,18,18,12,12,8,4,10,18,14,12,12,10,8,8,12,6,10,12,10,4,4,6,12,16,6,12,18,18,16,224
214,6,12,255,255,255,76,255,255,184,40,32,20,16,4,12,10,6,28,12,58,255,255,255,255,26,20,24,20,14,30,6,10,8,4,10,8,6,6,22,255,255,255,255,255,255,255,255,255,168,138,92,20,28,184,255,255,255,255,128,6,12,12,212,255,255,255,255,255,6,26,10,12,2,6,8,2,6,10,10,18,12,4,6,6,6,10,56,188,255,255,255,134,255,255,136,10,22,38,28,14,8,22,24,84,186,255,255,255,255,255,255,255,255,255,246,96,140,255,255,255,255,255,255,255,255,184,255,255,255,255,255,255,150,128,78,22,62,255,255,106,255,255,255,255,255,66,74,34,8,22,32,22,44,46,14,128,190,154,255,255,255,255,202,86,126,206,255,255,255,255,194,30,124,255,255,255,255,255,255,255,255,255,255,255,255,255,16,255,255,255,255,255,198,82,255,255,255,255,255,255,255,255,255,255,78,255,255,255,176,134,255,255,255,255,255,255,255,255,98,22,20,26,26,20,22,20,34,6,16,34,32,6,6,20,22,20,18,28,30,20,22,24,34,32,18,12,42,60,76,34,38,54,4,16,20,28,46,42,14,22,30,18,16,6,8,8,14,2,16,14,30,255,255,255,224,42,255,255,255,228,22,255,255,255,255,66,246,255,255,255,228,150,186,166,54,34,50,16,30,24,8,12,4,28,48,60,28,150,255,255,255,255,255,255,255,255,255,252,255,255,255,56,36,12,20,28,10,62,120,120,168,255,255,255,255,255,136,255,255,255,255,255,255,162,20,20,4,30,24,2,18,12,28,255,255,255,255,255,255,255,255,18,22,18,22,8,16,12,16,0,4,2,4,8,10,14,10,4,4,6,8,10,16,50,80,222,228,122,16,30,8,6,6,12,20,36,8,255,255,255,255,122,255,82,255,172,10,12,4,6,4,12,4,16,6,10,6,2,4,8,6,6,4,10,10,24,28,28,255,255,255,56,255,255,255,16,18,4,22,24,4,26,12,58,255,255,170,255,255,42,255,255,166,255,255,38,18,255,255,30,255,255,34,6,10,20,12,4,14,14,14,6,14,4,4,12,12,8,10,16,6,10,18,16,10,4,14,20,14,6,4,8,8,8,4,12,16,16,6,16,14,4,8,2,10,4,10,12,14,14,224
216,24,148,255,255,255,166,255,255,255,26,14,26,18,14,0,14,8,12,34,24,255,255,255,255,180,14,10,12,18,10,16,2,4,2,4,8,10,8,4,12,22,32,22,26,62,58,30,30,14,14,18,16,20,176,255,255,255,255,255,28,6,10,12,255,255,255,255,255,198,10,10,8,8,10,6,4,10,6,2,8,10,6,2,4,4,4,2,32,88,255,255,255,255,255,148,14,18,32,46,64,174,255,255,255,255,255,255,255,255,255,255,200,255,255,255,255,255,70,182,255,255,255,255,255,255,255,255,255,255,255,255,255,255,255,255,122,32,255,255,255,255,255,232,162,68,32,24,10,14,12,26,44,92,96,216,255,255,255,255,255,255,255,116,220,222,255,255,212,62,208,255,255,255,255,255,255,255,255,255,255,255,255,254,255,255,255,255,255,170,144,255,255,255,255,255,255,255,116,255,255,62,102,176,255,255,255,255,255,255,255,255,255,190,52,26,8,18,12,16,34,32,34,10,28,20,22,22,18,26,30,14,14,32,36,26,26,22,28,18,8,12,22,28,24,16,20,24,6,26,26,34,18,20,26,22,30,26,48,8,14,16,6,20,26,8,12,14,14,6,6,172,255,255,255,38,156,255,255,148,250,255,255,255,255,166,36,16,78,88,58,14,58,70,50,16,34,2,34,12,20,32,46,40,132,255,255,255,255,255,255,104,170,255,255,255,255,156,255,255,255,255,80,20,32,32,40,66,255,255,255,255,255,170,110,248,76,178,136,255,184,255,255,255,164,18,10,14,28,8,20,20,24,12,202,255,254,255,255,255,255,255,132,18,10,12,16,8,8,14,0,4,0,2,10,8,16,14,12,10,8,8,14,12,124,255,255,255,255,255,30,22,4,4,12,20,4,20,94,255,162,255,255,136,255,210,255,50,22,18,16,6,6,8,18,6,10,2,6,6,6,4,2,2,12,12,26,26,14,96,255,255,255,250,255,255,166,10,22,12,26,10,18,6,12,255,255,255,255,255,255,255,255,190,255,255,24,46,255,255,255,255,255,36,16,8,26,24,6,10,6,16,6,12,14,12,20,14,10,12,18,2,10,22,26,22,16,24,20,14,8,14,10,4,8,6,4,14,8,6,10,20,16,4,8,6,2,6,10,12,16,227
218,32,255,255,255,56,120,255,255,255,208,22,12,6,8,18,4,10,14,20,10,255,255,200,255,255,26,10,12,10,28,22,6,2,2,6,12,16,18,14,8,10,6,22,38,40,48,32,30,20,12,16,16,14,58,255,255,255,255,255,255,6,26,18,36,255,255,255,255,255,116,16,2,12,10,6,10,10,0,12,20,16,6,4,2,2,8,16,12,18,56,255,255,255,242,28,90,214,255,255,255,255,255,255,255,255,255,255,208,26,236,255,255,255,255,218,255,255,255,255,230,255,255,255,255,238,120,255,255,255,255,122,255,255,255,255,255,255,128,222,255,166,40,38,32,10,4,18,26,32,20,180,255,255,255,255,188,68,60,172,255,255,255,255,255,255,74,255,255,255,255,255,255,255,255,255,255,255,255,255,255,255,255,255,255,255,196,255,255,255,255,255,255,232,120,34,4,34,32,255,255,255,255,255,255,255,255,255,255,142,144,126,66,42,26,40,50,48,30,26,18,24,6,18,26,44,32,24,16,20,26,24,32,38,24,14,14,20,16,8,10,20,24,16,2,8,6,6,16,20,54,10,26,36,12,2,10,32,18,10,22,26,12,22,8,16,8,8,10,10,60,255,255,255,84,64,255,255,255,255,255,255,172,255,255,2,10,8,16,12,22,255,255,255,62,16,18,48,54,30,86,224,255,255,255,255,255,128,122,255,255,255,255,255,255,255,255,255,255,142,255,255,134,54,36,255,255,255,176,255,252,28,162,116,140,168,255,255,255,255,255,152,122,12,16,8,2,14,26,14,26,10,8,26,44,255,255,255,255,255,255,255,255,28,20,22,6,26,16,10,4,8,4,6,12,6,12,8,10,6,2,2,8,40,255,255,255,255,255,255,255,140,16,8,24,14,22,14,22,255,255,255,255,255,255,196,255,204,10,20,20,14,6,6,8,8,16,10,14,12,4,4,0,4,8,8,24,12,20,24,255,255,255,94,255,255,255,54,14,14,16,18,18,14,6,90,255,255,255,255,255,255,255,255,255,255,12,42,255,255,255,255,200,22,28,8,22,24,4,10,4,6,6,10,16,10,16,16,4,10,14,8,10,18,24,24,20,14,2,14,16,12,2,6,12,14,14,10,4,10,4,10,16,4,4,6,4,8,10,10,16,230
207,255,255,255,98,255,255,255,255,255,255,122,28,14,4,16,8,16,24,18,10,60,255,255,255,255,255,12,8,26,10,6,4,10,6,14,12,10,16,14,14,4,14,26,22,24,30,82,44,18,16,8,32,52,24,138,255,255,176,255,255,190,18,22,14,32,255,255,50,255,255,24,6,16,10,12,14,6,8,12,8,4,4,6,4,2,10,20,20,40,70,46,94,152,255,255,255,255,255,255,255,255,255,255,192,8,206,255,255,255,255,255,255,255,255,255,255,248,100,20,255,255,255,255,246,255,140,255,255,255,255,255,255,255,208,255,255,255,255,255,255,214,50,16,14,4,22,34,172,255,255,255,255,255,255,164,28,112,56,255,255,255,182,174,255,255,255,255,255,255,255,255,255,134,68,14,32,236,255,255,255,255,255,255,255,255,255,255,210,152,128,98,200,192,122,98,154,255,255,82,255,255,255,255,255,144,104,56,80,28,42,54,38,44,40,32,18,16,20,16,18,14,16,36,28,10,4,20,28,34,28,20,24,12,12,10,16,20,22,4,18,28,26,18,14,6,10,16,24,38,12,10,4,14,2,12,26,14,10,14,12,22,12,16,4,6,12,18,22,8,255,255,255,236,28,255,255,255,158,86,246,255,255,255,186,6,12,26,22,18,34,255,255,255,255,255,255,162,255,255,255,255,255,222,64,255,255,255,255,255,86,244,255,255,255,255,190,255,255,255,255,252,255,255,96,255,255,255,190,255,255,255,255,162,152,255,240,255,255,190,40,10,8,2,6,6,4,8,26,24,14,6,6,28,26,252,255,255,184,44,255,255,255,66,14,12,14,16,22,6,6,8,4,4,10,6,12,2,6,8,4,2,8,56,255,255,255,20,255,255,255,255,255,46,24,10,16,22,22,36,255,255,255,255,255,255,255,255,36,8,10,14,12,10,12,18,16,12,16,18,2,6,2,4,2,8,36,30,12,34,74,255,255,255,138,255,255,255,48,14,16,22,6,18,24,14,172,255,255,255,255,248,255,255,255,146,8,4,118,255,255,255,34,12,30,26,34,42,18,24,8,6,16,16,6,24,20,6,8,14,12,8,6,8,12,14,14,8,18,22,16,6,4,12,14,16,18,12,12,4,8,16,10,8,4,8,8,12,12,10,8,230
214,255,255,186,255,255,255,255,255,255,255,255,70,24,14,30,8,20,14,20,8,14,255,255,255,255,255,255,4,32,30,16,6,10,10,26,22,14,16,8,12,26,30,20,48,255,255,255,255,160,8,16,128,255,255,168,228,255,255,255,255,255,136,8,16,20,124,255,255,255,255,232,22,34,12,16,10,12,16,2,14,22,20,14,32,38,42,28,88,218,255,255,255,255,255,255,255,242,255,255,255,255,162,255,255,255,255,255,255,255,255,255,255,222,80,34,34,52,16,24,255,255,255,255,255,255,255,255,255,255,255,255,255,255,255,255,160,255,255,255,255,255,255,255,220,60,14,44,255,255,255,255,116,218,255,255,194,198,72,194,255,255,255,255,255,255,255,255,255,196,54,8,36,142,255,255,255,255,255,255,255,255,255,255,255,255,255,232,150,255,230,254,216,252,255,255,255,255,255,234,180,80,170,132,130,106,90,48,20,32,88,100,58,22,18,16,18,16,32,66,42,40,32,24,10,2,6,28,14,14,8,16,16,6,12,18,26,8,18,18,28,18,6,14,6,16,22,26,26,6,10,30,24,4,18,26,26,22,24,4,26,18,22,26,20,4,18,22,8,244,255,255,255,46,250,255,255,255,10,28,34,16,62,60,14,18,12,20,22,18,184,255,255,255,255,255,255,255,255,255,255,255,255,255,255,255,138,230,255,255,255,255,255,72,178,255,255,255,255,255,254,255,234,255,255,255,255,255,255,84,252,214,134,255,255,194,36,2,6,14,8,8,6,8,8,10,8,8,8,12,8,12,10,8,6,60,255,255,255,36,126,255,255,226,24,28,4,20,14,16,14,8,6,10,18,14,16,8,10,10,4,6,14,30,255,255,255,255,202,130,255,255,255,255,116,22,10,28,16,32,242,255,255,44,255,255,255,255,234,14,22,22,26,12,12,6,6,4,12,16,0,12,8,12,6,14,14,12,10,22,14,255,255,255,210,255,255,255,48,28,30,6,32,26,18,4,12,172,255,255,255,255,255,255,255,24,12,12,24,4,16,4,14,18,26,32,32,38,16,22,12,14,20,22,32,30,14,18,6,8,6,8,4,4,10,20,24,20,16,10,8,6,6,14,20,14,8,8,14,8,6,6,4,14,20,12,6,6,14,6,10,230
217,255,255,255,255,255,255,255,255,122,255,255,255,16,32,4,26,30,26,8,24,28,38,255,255,255,255,255,255,34,20,22,28,14,24,16,20,24,6,6,22,46,136,134,36,255,255,255,255,255,58,108,255,255,255,255,110,255,255,255,255,255,255,8,16,10,24,255,255,255,255,255,44,42,48,28,16,18,12,22,10,34,38,26,68,224,255,255,255,255,255,212,68,255,255,255,255,255,255,255,255,255,255,255,255,255,255,255,255,192,60,22,34,24,0,18,8,22,20,18,255,255,255,255,255,255,124,255,210,255,255,255,255,52,255,255,255,255,255,12,255,255,255,255,255,255,255,202,255,255,84,226,170,255,255,76,240,255,252,255,255,255,255,255,255,218,94,38,14,134,255,255,255,255,255,255,255,255,255,255,255,180,42,156,255,255,255,255,255,255,255,255,214,255,255,234,222,255,255,246,255,255,255,255,255,255,255,255,238,255,255,255,255,60,14,14,38,82,106,142,32,2,8,6,4,8,16,22,6,4,18,26,24,14,18,26,8,6,10,30,30,14,8,6,12,22,12,20,26,20,22,18,16,30,44,36,6,6,18,10,28,26,22,4,20,16,20,32,116,255,255,255,122,72,255,255,255,10,18,36,8,20,26,8,2,12,12,8,8,6,236,255,255,186,255,255,255,244,255,255,255,255,210,178,255,255,255,255,255,46,198,255,255,255,255,255,126,255,255,255,198,255,242,255,244,255,255,255,246,64,88,96,210,74,10,20,10,6,12,10,4,6,18,6,4,6,10,6,8,4,8,10,12,6,8,24,255,255,255,90,24,255,255,255,26,30,16,8,32,8,16,8,8,12,18,16,10,6,8,2,2,10,10,14,28,214,255,255,255,255,20,255,255,255,255,255,4,36,8,2,18,255,255,255,72,38,255,255,255,66,24,30,38,12,12,10,10,10,10,12,12,14,2,8,2,4,12,18,8,16,16,30,255,255,255,18,255,255,255,46,26,14,22,14,10,24,10,12,56,152,228,250,236,120,18,20,18,12,20,24,28,14,18,14,16,8,20,28,14,20,6,10,14,28,18,6,6,12,12,6,8,20,12,6,14,16,32,38,24,10,12,8,8,12,18,18,22,22,10,16,16,22,4,2,24,10,16,16,10,10,16,232
173,255,98,255,255,176,32,255,255,255,34,255,255,255,22,34,16,10,24,24,10,20,8,102,255,255,255,255,255,255,106,10,28,22,4,6,10,6,14,6,14,108,255,255,255,255,255,255,255,255,255,98,255,255,255,255,255,255,255,248,255,255,255,26,16,4,10,50,255,255,255,255,106,28,38,14,30,28,40,52,28,206,255,255,255,255,255,212,42,255,255,255,255,108,184,255,255,255,255,255,255,255,255,255,255,236,78,30,30,12,34,30,16,16,14,4,6,4,8,4,2,118,196,238,255,255,255,255,255,255,255,255,255,255,255,255,255,255,255,255,255,255,88,255,255,255,52,192,192,255,248,152,244,255,255,255,255,255,212,255,255,230,70,18,44,134,255,255,255,255,255,255,255,255,255,255,255,140,26,44,46,52,32,130,255,255,255,214,255,96,255,122,255,26,200,255,255,255,114,42,238,82,252,114,58,255,255,255,255,255,182,172,244,124,54,50,36,255,255,255,214,218,236,226,120,36,6,14,8,4,26,40,24,20,14,6,10,4,20,26,16,22,24,24,30,22,12,24,32,18,32,24,14,16,34,10,20,10,14,14,20,6,4,4,16,24,26,50,255,255,255,124,66,255,255,255,78,6,62,38,20,10,24,8,2,10,28,10,16,186,255,255,255,255,255,255,255,255,255,255,255,255,255,255,255,114,184,255,255,255,255,255,255,255,62,255,202,255,170,255,142,248,255,255,216,98,168,255,250,152,255,255,255,206,18,8,16,14,4,14,10,12,14,6,10,4,6,8,6,2,6,12,10,14,22,12,124,255,255,246,22,162,255,255,158,16,32,28,6,20,4,12,6,20,14,32,12,8,10,12,8,12,12,8,6,10,84,255,255,255,255,210,130,255,255,255,255,112,30,34,10,184,255,255,216,38,150,255,255,255,6,12,34,26,4,4,6,12,4,12,12,4,12,10,2,4,14,12,8,14,28,8,152,255,255,255,255,255,255,88,16,2,26,22,30,28,28,14,6,16,22,24,30,36,26,46,44,40,18,38,16,24,12,26,104,255,255,192,30,6,30,34,8,8,20,8,12,4,4,10,10,16,16,2,16,8,18,26,22,12,20,22,14,6,4,6,6,2,6,20,18,24,6,6,18,8,10,6,4,4,2,227
86,114,255,255,255,12,14,48,255,255,255,196,255,255,234,46,46,44,58,26,10,20,34,34,112,255,255,255,255,255,255,106,2,24,38,10,24,2,10,20,120,255,255,255,255,108,255,255,100,255,255,98,255,255,255,255,255,255,66,255,255,255,255,14,10,8,2,12,255,255,224,255,255,10,52,38,22,124,255,255,255,255,255,222,26,255,255,255,255,152,138,255,255,255,255,78,255,255,255,255,255,255,122,4,28,36,36,14,46,24,22,12,14,18,10,6,6,4,8,10,8,20,24,2,32,74,250,255,255,255,255,255,255,255,255,88,66,194,255,255,255,255,255,255,255,255,255,255,255,255,255,255,255,172,206,255,255,255,255,255,255,255,248,255,255,255,255,255,255,255,255,255,255,152,60,16,6,10,16,46,48,48,46,34,108,88,38,108,255,255,255,236,255,255,255,255,202,255,255,255,255,255,255,255,218,255,255,216,255,70,186,255,255,206,6,18,255,255,255,255,218,255,255,255,172,42,20,24,14,18,36,18,16,10,18,18,24,14,14,26,12,10,4,18,20,12,12,20,24,4,14,38,24,10,12,4,18,40,22,20,18,16,2,26,36,10,22,255,255,255,214,58,255,255,255,255,255,76,84,110,4,28,24,16,6,10,20,4,32,255,255,255,244,255,96,255,255,255,255,255,255,255,255,255,240,255,255,255,255,150,26,50,78,255,255,100,234,255,255,255,255,178,106,50,54,60,255,255,255,242,255,194,255,255,60,8,10,14,4,18,16,12,20,2,12,10,14,10,6,6,10,8,8,10,28,24,12,255,255,255,40,30,255,255,255,24,28,32,8,16,10,12,26,14,18,28,8,12,12,8,10,10,10,6,14,6,14,14,202,255,255,255,255,22,255,255,255,255,255,30,38,4,255,255,255,44,32,255,255,255,70,14,22,42,26,8,4,10,6,4,4,6,10,6,8,4,6,10,8,16,28,20,18,255,255,255,34,255,255,255,40,16,28,36,34,8,26,28,20,16,14,6,6,44,126,255,255,255,172,10,16,18,10,114,255,255,255,255,38,38,28,26,6,8,24,16,24,10,16,2,14,14,10,6,8,10,22,20,14,10,14,22,20,6,6,8,6,8,22,22,30,18,10,8,10,2,2,2,8,14,6,234
70,255,255,255,72,30,28,34,106,255,255,255,255,255,255,232,116,158,152,86,32,28,20,16,20,30,255,255,255,255,255,255,36,4,32,26,16,26,16,132,255,255,255,22,255,255,255,255,255,255,255,255,255,255,255,144,255,255,255,255,255,184,42,12,8,8,4,32,44,255,255,255,255,255,218,255,255,255,255,232,74,206,255,255,255,162,134,255,255,255,255,96,178,255,255,255,255,255,208,164,86,12,8,28,32,26,34,40,28,12,16,12,20,16,10,10,16,12,8,6,6,2,12,10,40,10,36,22,180,255,255,255,255,255,64,22,22,14,30,106,255,255,255,255,220,255,255,255,255,255,255,255,255,255,255,255,255,255,255,255,255,255,255,255,255,255,255,255,136,212,255,255,150,250,255,218,118,16,14,40,32,12,20,16,12,20,54,56,60,146,162,156,174,170,132,28,162,255,255,240,255,255,255,255,255,255,255,255,255,255,255,252,255,204,26,10,255,255,242,255,42,255,255,255,120,20,26,32,26,26,24,8,20,2,20,18,24,22,10,18,10,4,16,24,12,12,18,12,8,6,18,8,18,4,20,24,26,10,34,22,0,18,6,36,4,36,255,255,255,255,64,94,255,255,255,255,255,255,148,220,54,24,22,22,20,18,40,48,198,255,255,255,255,255,255,255,255,255,255,255,255,255,255,255,255,248,255,208,194,116,76,34,48,86,255,255,255,255,176,114,64,70,12,14,20,46,255,255,255,255,255,255,255,242,60,8,10,14,0,10,16,10,12,6,8,10,8,8,10,12,14,16,20,10,12,32,20,170,255,255,156,36,228,255,255,108,4,24,24,18,14,28,16,12,14,14,18,12,30,16,10,10,16,26,10,4,12,18,26,84,255,255,255,255,200,92,255,255,255,255,132,14,146,255,255,255,10,86,255,255,255,14,16,8,36,16,6,4,4,4,4,4,4,8,6,8,4,6,8,12,20,36,26,110,255,255,255,255,255,255,144,12,14,30,26,16,8,16,22,16,18,6,174,255,255,255,255,255,255,255,255,44,204,255,255,255,255,255,70,32,28,10,10,16,20,8,22,10,16,16,8,8,8,14,8,10,20,26,22,10,10,16,22,16,6,18,20,10,20,12,28,16,10,4,4,6,8,6,16,22,8,223
55,255,255,234,12,42,62,120,158,255,255,255,18,255,255,255,255,255,255,255,255,22,40,10,14,124,130,255,255,255,255,255,255,14,30,30,2,18,34,210,255,255,232,255,255,208,80,255,255,255,255,255,255,255,212,255,255,255,255,212,18,24,2,28,44,38,10,38,26,246,255,255,255,255,255,255,255,255,255,255,255,162,80,255,255,255,255,74,188,255,255,255,255,255,255,96,42,54,32,30,18,20,16,8,18,8,6,14,8,14,14,24,14,16,8,12,10,18,20,18,14,8,20,20,16,12,20,22,24,28,255,255,255,194,38,30,64,82,34,184,255,255,255,255,240,255,128,255,255,255,202,136,255,255,255,255,255,255,255,255,255,255,255,255,255,74,255,188,255,176,100,255,255,255,255,255,255,216,218,222,255,255,72,210,204,98,232,246,176,54,134,208,218,108,10,14,22,8,32,24,32,82,110,130,156,166,212,255,255,255,255,255,255,140,20,22,255,255,255,255,255,255,255,255,56,46,26,8,10,18,26,26,22,12,14,10,4,16,18,24,14,8,22,16,4,4,12,6,22,26,22,18,16,6,22,22,12,12,12,24,24,8,4,34,146,255,255,255,255,255,255,255,255,188,255,255,198,226,144,204,56,8,6,14,12,16,10,54,236,255,248,162,255,30,255,255,255,80,255,255,255,255,64,255,254,230,80,150,240,178,238,178,255,255,56,170,180,50,30,8,34,16,40,38,26,46,255,255,255,255,200,255,255,162,34,8,12,8,8,4,6,4,8,12,4,8,10,14,12,12,18,14,8,20,18,26,20,30,255,255,255,34,94,255,255,255,20,30,30,8,20,6,6,10,8,16,16,16,8,14,12,22,44,32,22,4,14,20,14,22,22,166,255,255,255,255,78,248,255,255,255,255,42,255,255,255,66,54,255,255,255,126,14,10,26,20,4,4,4,8,8,4,4,4,4,8,8,2,10,14,10,18,18,28,255,255,255,108,255,255,255,40,34,12,14,8,18,20,10,22,22,96,255,255,255,162,230,88,255,255,255,255,255,255,255,255,255,255,74,34,26,14,12,26,38,12,20,8,10,12,16,14,4,6,10,24,32,44,42,24,12,12,20,26,24,8,18,8,18,0,16,2,12,8,8,12,6,18,32,24,18,232
67,255,255,255,255,255,255,255,255,255,255,255,128,140,255,255,255,255,255,255,255,160,14,6,36,255,255,255,255,255,255,255,255,34,8,48,12,20,30,232,255,255,255,255,174,30,40,160,255,255,255,255,156,255,255,255,255,206,16,30,26,20,12,38,56,74,184,255,255,255,255,255,255,255,255,255,255,255,255,255,255,255,255,144,138,255,255,255,255,255,230,104,18,36,52,50,12,26,34,24,14,8,24,10,16,14,6,16,8,26,18,18,8,10,6,6,6,16,22,12,22,22,4,26,4,4,8,0,6,14,22,46,78,84,18,138,255,255,255,255,255,255,52,255,255,255,255,255,255,255,255,220,192,124,255,255,255,255,255,255,156,152,94,54,255,98,255,255,255,154,130,164,170,255,154,255,255,255,255,255,255,255,255,255,255,255,255,255,255,144,255,255,255,255,160,22,30,14,42,32,66,158,186,146,116,108,50,18,36,22,62,68,22,14,14,26,118,170,236,218,255,255,255,102,88,70,28,36,16,26,8,10,22,20,8,6,6,12,16,12,4,6,8,12,12,6,12,4,14,10,20,22,8,38,52,20,14,8,18,16,22,20,18,114,255,255,255,255,62,255,255,255,255,212,90,74,124,255,255,112,34,4,4,20,22,30,50,186,160,228,255,92,255,255,255,255,255,255,255,255,255,146,104,255,220,255,90,150,208,132,255,228,255,255,220,232,255,255,172,46,88,86,12,32,22,44,180,184,170,106,92,14,22,14,24,10,18,12,6,2,4,8,8,8,14,8,4,4,4,8,10,8,20,8,44,26,10,6,246,255,255,80,34,255,255,255,44,18,28,12,24,12,18,12,10,22,50,60,60,52,48,46,68,58,70,44,38,34,28,36,16,14,84,255,255,255,255,255,38,255,255,255,255,82,255,255,255,20,116,255,255,255,28,14,26,14,12,4,8,8,8,8,4,10,4,8,8,0,12,12,6,8,4,6,110,255,255,255,255,255,255,144,26,18,12,8,20,26,8,8,24,255,255,255,255,255,255,255,255,255,255,255,255,64,255,255,255,120,24,14,10,26,18,16,38,20,24,20,20,10,2,2,14,10,16,22,20,26,44,40,26,16,18,30,40,18,18,10,28,20,10,16,12,18,16,10,4,12,22,10,98,227
75,255,255,255,255,255,255,255,255,255,255,74,86,170,255,255,255,255,255,255,255,170,32,44,218,255,255,255,252,255,255,255,255,255,6,24,34,112,218,168,236,255,255,255,32,38,32,30,255,255,255,255,255,255,255,216,38,12,22,42,62,16,116,255,255,255,255,255,255,255,255,255,74,50,48,176,255,255,255,214,94,255,255,255,255,255,246,72,42,36,70,38,22,2,26,16,34,28,6,26,12,26,18,32,32,36,50,46,34,20,20,20,10,2,4,6,18,14,14,30,24,8,22,6,6,44,44,32,18,22,16,96,232,255,255,255,255,255,128,188,255,255,255,255,120,246,255,255,255,255,255,255,255,255,255,255,96,255,255,255,255,255,255,180,255,255,255,126,255,110,52,255,255,255,255,255,255,255,228,232,255,255,255,214,255,255,255,255,255,255,255,255,255,255,206,44,26,14,18,48,255,255,255,232,255,255,255,182,32,10,4,10,10,10,18,32,32,8,16,18,32,52,24,52,52,20,4,20,18,20,4,8,14,22,18,16,20,16,6,8,4,10,4,4,4,18,22,8,26,22,20,2,20,122,224,210,255,255,226,255,254,14,24,234,238,255,255,255,255,255,255,255,158,255,255,255,255,255,114,8,14,10,18,14,16,10,66,255,255,255,255,162,255,255,252,255,36,255,255,255,255,2,58,255,255,255,255,255,216,255,255,255,255,255,255,255,208,255,124,255,255,255,130,70,86,60,14,10,14,10,18,16,32,6,10,10,10,4,8,8,6,6,10,10,2,8,8,4,2,4,6,14,18,14,30,30,10,14,64,255,255,255,38,92,255,255,242,16,22,12,6,16,22,22,166,255,255,255,255,252,248,220,184,170,166,152,112,92,78,102,72,70,56,50,124,255,255,255,255,40,198,255,255,255,100,255,255,206,26,255,255,255,188,12,34,8,20,8,10,14,14,10,8,10,4,8,10,2,12,10,16,20,10,26,20,255,255,255,255,255,168,246,48,22,10,16,14,16,16,12,18,255,255,244,255,255,186,192,255,255,255,214,255,255,255,255,22,20,16,14,18,18,4,2,24,14,16,16,18,14,14,8,6,8,24,20,14,16,20,40,36,24,20,28,38,28,14,14,14,14,12,12,52,60,54,16,12,18,12,190,255,185
69,204,198,142,24,140,255,255,255,255,255,255,255,255,255,255,255,255,255,255,255,178,178,255,255,255,58,255,255,255,255,255,255,255,255,62,20,246,255,255,255,74,132,108,8,12,6,6,60,255,255,255,255,250,60,66,64,36,108,255,255,255,255,255,255,255,255,255,255,242,24,178,255,255,154,255,255,255,255,255,255,255,255,140,52,40,54,36,22,22,232,255,255,160,255,255,188,254,246,68,255,255,255,246,122,250,255,180,82,28,10,52,44,8,4,18,18,10,14,4,32,30,14,12,4,46,42,12,130,255,255,255,255,255,212,255,142,255,255,255,196,178,255,255,255,255,202,98,255,255,255,255,255,255,255,255,255,255,182,255,255,255,255,255,255,122,255,246,255,255,255,255,248,255,255,255,234,255,255,255,255,255,255,255,255,255,255,255,255,255,255,255,255,255,236,30,22,20,22,40,255,255,255,255,255,108,255,210,32,16,16,16,14,14,14,16,18,20,22,20,14,16,26,10,10,4,26,26,18,16,12,20,6,20,6,12,20,30,28,24,30,20,56,52,44,84,106,80,28,18,34,20,8,255,255,255,255,255,255,255,255,16,22,255,216,255,255,255,178,255,255,188,255,255,255,255,255,255,38,8,20,2,16,30,22,26,70,255,255,148,196,255,182,255,255,255,255,255,255,255,120,12,26,82,100,100,150,255,255,255,68,218,196,255,38,255,242,255,240,255,255,255,78,255,255,255,236,12,14,2,10,34,16,18,12,4,6,2,4,6,16,12,10,4,10,18,2,14,14,8,12,16,8,8,24,18,4,12,14,255,255,255,50,78,255,255,255,26,18,6,28,18,40,246,255,255,255,255,255,255,255,255,255,255,255,255,255,255,255,255,255,255,255,255,255,255,255,255,255,58,14,62,255,255,255,255,255,255,24,38,255,255,255,24,26,8,18,4,12,8,8,8,14,4,8,8,10,4,12,10,18,12,34,24,28,90,255,144,236,172,192,196,164,10,14,6,12,8,12,14,2,255,255,255,255,255,146,20,144,255,255,244,255,255,148,26,10,8,24,6,16,20,4,4,16,4,6,16,8,4,10,12,14,24,22,10,2,10,10,14,20,10,20,36,32,26,22,20,12,18,32,84,254,240,255,160,18,18,204,255,72,190
74,255,255,255,255,255,255,255,255,255,255,255,255,255,255,255,255,218,192,94,26,22,255,255,255,255,255,255,174,10,255,255,255,255,255,255,80,255,255,138,255,254,138,22,8,14,18,22,8,54,126,162,66,38,136,255,255,255,255,255,255,255,255,255,255,204,26,114,255,255,255,255,255,255,255,255,255,255,228,132,62,50,40,24,14,12,8,22,18,32,255,255,255,255,255,255,255,255,255,196,255,255,255,255,255,255,255,202,246,255,255,248,156,8,6,24,24,14,24,26,24,10,38,34,50,204,255,255,255,255,255,255,255,255,255,255,148,255,255,255,255,255,244,62,255,255,255,255,255,255,172,20,48,102,255,255,255,255,255,255,255,102,255,255,255,255,255,255,255,96,68,54,30,14,54,110,106,124,130,150,226,255,255,255,255,255,255,255,238,255,255,255,255,255,114,12,30,30,26,44,255,255,66,255,242,254,255,176,20,6,6,6,8,4,2,10,8,12,8,14,20,24,18,18,0,16,38,40,34,12,20,16,18,10,42,24,20,50,78,52,58,255,255,255,242,255,255,255,170,22,6,10,62,255,255,255,255,220,255,255,255,88,60,255,255,255,255,255,255,255,255,255,255,255,255,255,255,255,34,22,10,4,16,12,12,14,44,178,255,255,255,255,255,255,255,52,255,255,255,255,30,40,24,4,6,6,8,10,16,22,8,118,128,120,68,255,254,164,255,255,255,255,255,255,255,255,255,58,20,12,8,22,12,24,30,20,6,6,10,10,24,6,18,12,8,8,10,16,6,14,8,12,14,6,10,20,12,10,22,116,255,255,232,6,126,255,255,172,12,30,10,24,228,255,255,255,255,236,230,228,255,255,255,255,255,255,255,255,255,255,255,255,255,255,255,255,255,255,255,96,52,38,18,162,255,255,255,255,220,12,168,255,255,255,12,30,30,4,8,8,14,16,24,22,6,10,12,6,6,6,6,10,30,28,18,16,194,182,180,90,248,18,255,88,10,18,0,8,18,16,8,176,255,255,255,255,255,30,10,255,255,255,255,255,74,18,8,6,8,18,18,24,8,14,18,14,14,10,6,12,6,30,12,10,18,12,18,26,24,34,30,16,4,30,20,24,4,10,24,6,126,255,202,16,84,254,214,255,255,36,255,234
195,255,255,255,255,255,255,248,170,124,102,66,18,16,30,44,46,40,40,46,14,32,255,255,255,255,255,142,22,26,42,255,255,255,255,255,255,255,255,130,255,255,102,30,24,14,24,46,64,14,118,255,255,255,255,255,255,255,255,255,255,255,142,60,255,255,255,255,255,255,255,255,255,255,255,170,255,255,232,30,40,8,20,26,14,6,8,10,18,76,255,255,196,255,40,255,255,255,255,255,255,255,255,208,120,118,255,162,222,255,255,230,158,14,16,24,20,12,40,42,42,178,255,255,255,255,255,255,255,255,255,198,255,255,255,255,255,255,255,34,255,255,255,255,255,255,176,40,54,50,20,18,30,26,12,38,122,255,255,255,255,255,255,255,24,255,255,255,255,255,255,255,224,26,40,12,12,20,8,20,10,36,10,50,68,110,220,200,148,84,130,158,206,204,66,12,26,20,6,46,228,255,255,255,214,140,255,60,28,6,8,8,10,8,16,24,10,14,10,14,12,28,20,20,16,30,44,42,2,14,6,36,50,58,98,255,255,255,255,236,255,255,255,255,130,255,255,255,255,230,28,36,122,255,255,255,255,252,255,255,255,56,255,255,255,255,255,88,255,255,255,255,106,28,138,188,126,22,12,12,20,14,20,2,14,8,6,18,54,38,84,255,255,255,255,255,255,255,255,142,14,36,10,8,10,10,14,4,2,4,4,10,10,16,38,90,100,48,255,255,255,114,255,255,212,255,255,60,14,8,2,2,10,56,86,60,12,24,10,30,14,14,4,8,8,6,8,22,20,16,4,10,6,6,10,24,10,10,24,10,255,255,255,255,255,255,255,255,22,8,14,16,255,255,255,38,66,96,68,66,22,44,68,112,94,66,32,44,42,44,30,38,38,98,134,130,164,146,72,12,16,44,40,16,46,255,255,255,255,58,18,255,255,255,110,18,24,10,2,12,10,36,4,28,10,2,10,12,6,2,8,8,12,16,20,24,60,230,32,234,90,236,122,178,12,16,16,6,16,10,14,26,255,255,255,255,255,158,14,144,255,255,255,255,255,30,36,18,8,14,46,16,14,4,28,4,4,16,22,4,18,18,20,16,18,18,22,14,32,26,24,12,22,36,6,20,28,10,18,196,255,112,196,230,220,184,255,222,78,255,220,231
220,76,36,24,52,42,36,42,56,48,28,18,10,10,10,12,14,16,18,40,26,20,120,255,255,255,238,6,16,12,6,12,255,255,255,244,255,255,88,152,255,255,52,36,36,20,84,244,255,255,255,255,194,16,192,255,255,255,255,192,255,255,255,255,255,255,255,255,255,255,242,140,10,74,255,255,96,255,255,255,162,12,26,4,24,20,22,16,12,74,255,255,255,255,255,255,255,255,255,186,255,255,255,255,255,164,255,86,255,255,255,255,66,28,38,40,26,86,246,255,255,255,255,255,255,255,255,255,110,12,18,110,255,255,255,255,255,255,255,255,255,255,212,86,48,44,44,24,26,22,24,22,18,26,42,62,36,22,34,190,255,255,255,255,255,255,255,238,255,255,192,255,255,255,236,42,30,14,8,10,12,20,32,6,12,14,32,12,2,22,20,10,8,4,8,10,4,10,8,22,144,255,255,255,230,222,218,56,34,0,4,6,10,22,22,14,10,14,6,12,10,8,16,18,12,22,22,44,4,40,84,255,230,255,255,255,255,255,255,255,236,238,54,255,236,255,255,255,255,255,56,32,118,255,255,255,255,255,255,255,255,116,255,255,255,230,255,255,255,255,255,168,20,48,32,54,24,6,4,16,8,12,24,10,40,34,24,48,44,38,255,255,255,255,78,255,254,255,255,18,28,4,12,6,2,8,12,6,12,10,16,8,6,6,12,22,12,36,170,255,238,70,255,255,255,255,255,10,6,4,18,18,170,255,255,255,146,138,24,46,8,8,12,4,10,4,8,6,8,6,6,12,14,8,12,30,16,6,20,10,164,255,255,255,255,255,218,255,118,38,6,30,255,255,255,255,158,20,74,98,26,160,255,255,255,255,255,255,255,255,255,255,255,255,255,255,255,255,255,255,255,255,255,238,255,255,255,255,255,255,24,42,255,255,255,24,12,12,16,28,26,10,30,12,10,14,6,6,8,4,8,6,6,12,18,36,16,134,212,124,192,255,210,255,128,24,2,8,2,16,10,14,106,255,255,255,255,255,22,20,255,255,254,255,255,24,8,44,96,202,234,222,82,22,18,26,92,106,106,24,8,6,4,10,12,28,28,34,28,10,24,18,12,24,20,18,42,44,214,255,10,255,172,152,240,164,158,255,255,114,68,231
217,58,48,30,6,10,18,18,18,18,8,10,14,14,14,8,8,12,38,255,255,255,206,106,220,206,46,10,20,14,6,10,10,34,242,255,255,182,255,255,42,255,255,255,255,255,255,255,255,74,176,255,255,228,86,150,255,255,255,255,255,255,255,255,255,255,218,92,16,32,14,14,44,46,170,255,255,255,255,255,255,154,26,52,22,10,4,18,14,64,236,255,255,255,255,255,255,255,255,146,255,255,255,255,230,198,200,152,255,255,255,166,42,86,218,255,255,255,255,255,255,255,255,255,214,106,34,134,255,255,255,255,255,255,255,255,255,255,255,122,26,60,42,12,12,36,36,36,10,16,34,44,42,34,24,32,44,36,28,8,28,68,252,255,255,255,255,255,255,255,180,255,255,255,255,255,255,180,48,28,22,34,16,4,6,12,22,34,22,32,32,12,22,14,4,12,14,16,14,18,38,32,32,10,28,62,40,24,14,2,4,6,8,20,32,24,24,22,34,18,18,20,20,26,14,6,24,30,16,28,90,255,255,255,255,255,255,255,255,255,190,228,210,232,114,255,255,255,255,255,102,18,102,240,255,144,90,80,26,16,66,255,255,255,58,38,255,255,255,242,48,12,18,20,16,12,12,8,12,6,8,4,26,34,224,255,255,255,86,130,255,255,255,255,255,255,255,255,92,32,6,20,10,12,14,20,16,10,8,22,20,28,26,38,44,64,86,78,24,22,22,58,88,98,186,168,120,22,14,20,18,136,255,255,255,255,196,255,218,196,196,14,10,24,10,14,10,14,2,4,6,4,14,8,10,24,12,4,16,10,48,255,255,255,234,255,255,255,255,32,10,16,30,232,255,255,255,255,102,32,18,164,255,255,255,255,255,255,255,255,255,255,255,255,255,255,255,255,255,255,255,255,255,255,255,255,255,255,255,255,26,54,255,255,255,168,24,24,8,26,16,32,6,20,10,12,16,8,2,6,2,16,16,16,26,14,34,32,230,162,255,255,255,255,255,30,6,16,22,24,6,26,6,255,255,255,255,255,132,14,120,255,255,255,255,255,255,255,255,255,255,255,255,30,82,255,255,255,255,224,8,8,2,8,12,12,22,18,8,16,28,26,12,8,6,22,72,255,252,46,255,120,232,234,70,255,255,255,22,228,208,231
217,255,255,180,34,26,4,16,8,18,8,2,8,4,10,12,14,20,54,255,255,255,255,252,32,4,24,12,20,16,2,8,10,22,255,172,92,128,92,80,255,255,255,255,255,104,112,255,255,255,160,120,255,255,255,255,70,255,255,255,255,255,226,255,255,192,130,80,44,40,18,22,16,26,36,170,255,255,255,204,255,255,24,6,24,6,16,22,16,28,22,28,2,16,32,86,146,255,255,255,255,255,214,132,148,248,242,148,122,124,42,255,255,255,255,255,255,255,255,255,255,124,32,102,224,255,255,255,255,255,255,255,255,255,255,154,34,50,46,40,8,26,26,18,12,16,4,28,20,28,26,12,20,20,14,12,12,20,2,28,48,20,22,132,140,124,255,255,255,236,255,255,255,255,255,255,255,255,255,255,158,42,20,18,18,12,30,2,8,24,8,18,10,14,28,34,12,14,6,24,28,16,22,20,34,42,20,10,8,14,8,10,8,6,14,18,18,22,34,34,20,24,14,10,8,8,14,20,12,16,48,255,166,255,128,255,255,255,255,230,255,255,255,255,255,255,255,255,184,154,40,22,18,16,12,6,26,72,30,14,255,255,255,138,42,255,255,255,238,40,8,24,16,22,20,6,16,2,8,6,14,8,20,182,255,255,255,255,255,255,255,255,255,88,255,226,255,255,26,32,14,2,26,10,12,22,6,10,10,18,24,34,10,116,142,255,192,255,28,26,20,16,4,34,16,10,4,16,22,12,4,164,255,255,255,255,52,238,255,200,200,22,16,36,16,18,8,16,4,8,4,14,20,6,2,20,16,10,14,10,42,255,255,255,255,255,255,255,255,48,24,16,18,16,68,255,255,255,255,222,48,110,255,255,255,142,82,116,114,86,108,128,138,156,156,150,170,182,194,204,218,226,255,255,255,206,32,110,255,255,255,255,152,255,255,255,18,16,14,6,38,10,30,8,22,2,12,14,10,8,14,8,8,22,12,14,8,4,86,255,255,255,255,255,255,198,6,14,20,22,22,26,6,128,255,255,255,255,255,98,164,255,255,250,255,255,255,255,255,255,158,255,255,12,126,255,255,255,255,255,255,44,6,6,10,14,10,12,8,14,24,26,18,2,8,112,255,232,140,255,12,255,255,202,255,146,12,198,255,118,168,228
206,255,255,255,152,104,12,14,8,10,8,16,20,8,12,18,6,10,190,255,255,148,255,255,46,16,14,14,14,24,20,22,18,22,218,255,128,224,255,255,255,255,255,255,255,255,174,92,255,255,255,255,128,210,255,255,255,255,255,156,182,255,244,212,74,134,172,102,26,48,12,22,8,18,8,32,10,222,255,255,255,255,255,32,22,8,24,32,40,36,30,34,60,60,36,146,255,255,134,176,255,255,255,255,255,24,126,240,255,255,255,255,255,180,255,255,255,254,54,72,160,255,255,255,255,255,255,255,255,255,255,122,58,66,130,82,38,28,24,22,14,10,18,26,30,18,12,22,20,32,18,14,8,8,12,10,8,34,10,18,40,146,208,255,255,255,124,114,255,255,255,255,255,255,255,24,255,255,255,255,255,255,255,124,16,42,16,18,24,36,16,8,6,18,16,16,22,4,14,14,8,14,14,20,12,18,6,24,18,10,14,8,4,6,4,6,4,10,8,18,10,14,4,12,4,18,12,4,6,14,18,255,255,255,255,255,126,255,255,136,202,212,106,134,130,42,14,42,50,30,2,4,16,10,4,8,36,22,38,206,255,255,255,32,146,255,255,255,10,14,16,12,14,12,10,16,10,4,6,6,18,18,38,255,255,255,240,255,144,255,154,255,255,255,255,255,255,96,14,24,18,12,16,8,16,14,8,8,16,10,40,212,255,255,255,255,255,255,160,36,12,0,20,14,34,20,4,16,10,8,14,152,255,255,255,255,255,255,255,255,144,16,34,16,10,2,14,10,2,6,6,8,12,12,14,28,24,20,18,28,26,94,255,110,255,64,255,122,255,255,38,6,18,8,8,12,178,255,255,255,255,60,160,255,255,255,255,116,26,22,22,22,20,28,42,46,24,8,28,50,52,34,34,42,32,24,26,30,255,255,255,255,255,255,255,255,210,26,36,14,28,26,18,16,12,12,4,14,12,8,20,4,6,8,28,24,14,42,28,255,255,255,72,255,255,255,42,14,22,16,18,2,8,32,255,255,255,255,255,255,255,255,255,120,200,130,208,255,255,255,255,255,255,18,122,255,255,255,255,255,255,255,102,12,4,16,20,20,26,6,22,10,24,22,186,255,166,198,255,50,255,255,190,255,194,56,234,255,30,255,238,224
127,255,255,248,184,104,12,18,4,4,4,2,12,14,28,38,44,255,255,166,255,255,255,228,46,18,20,18,14,24,34,94,255,255,255,255,255,98,156,255,255,255,255,38,255,255,255,255,255,255,255,255,255,255,255,242,94,24,40,255,255,88,114,64,202,255,94,18,36,24,24,32,26,22,12,30,6,8,255,255,255,255,255,255,255,26,42,8,255,255,255,255,255,144,50,160,255,255,255,255,255,255,255,222,255,255,255,255,255,255,255,255,255,255,255,255,255,255,255,255,255,255,255,255,255,255,206,255,255,255,234,52,40,255,255,255,166,22,16,32,32,26,10,18,6,16,22,26,16,22,12,32,16,2,32,14,22,24,24,212,255,255,234,255,142,255,136,46,26,128,244,255,255,255,255,255,255,255,114,255,255,255,255,255,255,255,82,32,42,4,32,12,12,10,18,16,2,8,8,18,12,14,14,4,10,12,10,18,12,10,6,12,6,4,8,4,6,6,6,6,16,14,6,12,22,16,8,10,4,8,12,56,255,255,255,255,50,76,82,36,16,16,12,16,16,6,8,8,12,22,18,22,8,12,8,32,36,12,80,255,255,255,18,100,255,255,255,108,62,40,12,12,20,6,10,10,2,8,18,30,18,18,200,255,255,255,255,255,248,255,255,255,148,255,152,255,255,36,22,16,8,12,4,10,6,18,6,4,46,30,82,255,255,255,255,255,132,255,255,110,22,8,12,18,2,8,12,12,8,8,4,12,12,16,132,132,254,255,255,166,74,34,16,10,4,16,4,12,18,10,8,16,14,8,8,20,16,10,12,22,28,38,255,255,255,255,255,255,255,255,20,26,2,16,16,8,28,78,255,255,255,255,122,34,255,255,255,255,222,8,24,6,16,12,14,12,22,20,34,24,28,24,8,12,8,10,28,0,130,255,255,255,255,255,255,255,255,42,32,16,14,22,12,12,0,16,10,12,10,12,16,4,12,12,8,10,22,44,10,38,255,255,255,192,255,255,236,4,28,38,6,14,4,30,86,255,255,62,255,255,255,58,255,255,255,255,255,255,255,255,255,162,46,22,26,255,255,255,255,222,255,255,255,160,10,12,18,16,8,12,22,12,36,210,255,56,255,232,174,255,255,112,255,255,40,255,255,76,255,222,40,229
192,116,255,255,255,80,8,20,6,4,8,8,12,16,70,158,182,255,255,255,255,255,194,12,6,40,36,32,174,255,255,255,255,94,255,202,255,255,200,74,255,255,255,255,138,114,255,255,234,255,255,255,154,22,38,38,10,36,52,255,250,240,164,194,255,130,30,16,20,6,16,16,6,10,24,6,22,14,116,255,255,255,116,255,255,255,178,28,255,255,255,255,255,255,255,198,96,206,132,132,76,106,86,255,255,255,255,255,255,255,172,255,255,255,255,255,255,255,255,255,255,255,255,242,80,32,242,255,82,255,255,255,150,255,210,255,255,126,80,26,20,34,16,14,8,10,8,14,8,20,2,12,8,18,36,40,6,38,30,255,255,255,255,158,255,255,202,56,42,24,32,46,40,212,255,255,255,255,255,255,248,255,255,255,255,255,255,255,212,36,46,16,16,24,16,10,10,4,4,22,18,14,10,22,18,16,12,16,4,16,14,6,6,4,12,10,14,12,6,10,10,8,12,12,6,10,6,12,10,8,6,10,28,18,22,24,18,14,14,24,18,8,22,12,28,22,14,18,8,6,8,16,12,12,12,32,20,22,255,255,255,104,38,255,255,255,255,255,255,198,32,24,24,12,10,22,18,10,20,14,18,8,255,255,108,255,255,124,255,224,255,255,255,255,255,255,72,6,8,2,16,12,20,14,24,36,34,16,40,16,68,255,255,255,255,216,255,255,244,76,30,14,14,10,10,4,6,10,14,8,14,14,22,12,16,16,38,38,56,66,100,28,18,12,12,8,8,10,6,16,10,6,8,2,8,16,14,8,12,30,26,44,206,255,54,255,142,255,132,255,106,38,12,4,8,14,12,0,26,184,255,255,255,255,66,180,255,255,255,255,92,22,18,6,18,6,8,14,18,10,22,2,18,8,10,10,16,24,48,255,255,255,255,255,255,255,255,255,48,12,12,14,16,8,4,6,4,4,4,6,8,8,8,8,14,4,18,34,28,20,204,255,255,250,255,255,255,50,4,24,32,14,18,12,20,255,255,255,255,255,255,255,255,255,255,255,228,100,44,22,40,44,18,34,26,12,188,255,255,255,30,255,255,255,246,16,4,32,40,14,4,46,255,255,36,255,150,255,255,255,255,255,255,126,136,170,156,255,178,20,8,231
116,255,255,134,52,16,10,32,12,24,28,6,26,58,255,255,255,255,218,255,234,24,22,24,94,255,255,255,255,255,255,255,255,255,255,255,255,255,255,255,220,88,255,255,255,255,255,255,255,255,255,184,36,18,6,18,30,4,34,255,255,255,255,216,255,114,22,8,14,8,8,0,10,12,20,10,16,8,16,26,255,255,255,255,255,255,255,255,255,255,255,255,255,255,255,255,255,255,255,255,255,162,52,254,255,255,254,64,90,186,255,255,255,255,50,255,255,255,255,255,106,8,32,96,255,238,32,255,255,252,206,255,255,112,255,255,190,146,66,36,20,20,12,28,24,14,18,10,12,18,18,20,34,102,90,74,26,44,60,255,255,254,255,255,255,250,74,20,12,14,22,36,18,18,26,76,238,255,255,255,255,255,255,168,255,255,255,255,255,255,255,152,14,18,52,26,10,6,14,12,24,8,8,22,22,12,8,16,16,2,10,8,2,4,12,12,8,16,10,6,6,2,8,2,6,6,8,2,16,10,2,8,28,18,18,32,26,6,22,6,10,30,8,32,16,6,6,8,2,2,12,6,18,14,10,26,16,255,255,255,248,32,214,255,255,255,255,255,255,255,118,10,24,26,6,20,18,18,12,20,2,166,255,255,255,255,142,255,255,255,255,142,255,116,255,255,28,14,6,2,8,4,22,16,166,196,158,32,66,28,38,255,255,255,255,255,255,255,174,58,20,18,10,12,6,2,6,10,6,14,12,16,24,14,14,10,6,12,8,24,12,2,18,16,12,2,4,10,8,4,14,8,4,6,10,2,12,10,12,26,40,14,26,255,255,255,255,255,255,255,255,54,16,6,44,24,18,8,14,10,62,255,255,255,255,172,80,255,255,255,255,220,22,8,10,24,10,4,20,20,14,20,22,6,18,8,10,20,26,88,255,152,255,248,230,255,74,255,126,34,4,18,10,8,8,6,8,2,6,2,6,10,20,14,12,14,22,24,18,18,38,255,255,255,50,255,255,255,4,16,20,6,20,28,12,94,255,255,255,255,255,255,152,102,16,26,14,28,12,12,24,10,136,164,156,44,14,104,255,255,255,255,255,255,255,255,78,28,20,10,100,250,210,134,255,44,255,255,204,255,255,255,58,128,82,218,255,134,36,22,8,229
124,255,255,30,12,30,6,30,10,14,14,26,18,100,255,255,66,132,190,255,104,206,255,255,255,255,255,255,255,255,255,255,255,255,255,255,128,255,255,255,255,255,255,255,160,52,32,255,255,206,255,255,42,26,14,14,26,16,8,72,142,130,250,228,255,72,30,20,24,6,12,4,12,2,8,4,10,6,12,8,12,140,255,255,255,255,255,255,255,254,255,142,255,255,255,255,255,255,255,255,255,228,78,178,255,255,218,255,255,255,255,255,255,255,255,255,160,40,30,36,12,28,54,234,255,255,255,74,255,255,255,194,184,255,214,144,255,224,42,14,4,18,16,28,14,20,12,28,14,4,40,12,158,255,255,255,136,28,16,226,255,255,255,255,84,16,8,34,28,10,8,26,28,22,30,28,14,22,132,255,255,255,255,255,255,255,26,255,255,255,255,255,255,255,255,162,14,6,4,6,6,24,14,8,2,4,6,6,8,12,12,16,8,6,14,14,6,10,10,8,12,12,12,10,12,14,10,6,10,14,10,20,6,16,18,32,24,12,20,4,6,24,38,30,2,8,8,24,14,10,2,12,22,12,24,22,144,255,255,255,28,108,255,255,158,255,240,255,255,255,118,8,8,6,10,16,14,16,14,2,48,178,222,255,255,255,224,255,146,255,255,255,255,255,255,58,14,12,10,18,10,12,22,86,255,255,255,255,162,28,20,255,255,255,255,255,100,4,20,6,6,2,14,12,6,14,14,18,14,18,10,16,8,16,14,12,16,16,10,10,8,2,8,4,6,8,2,2,6,4,4,6,2,10,8,10,6,14,10,4,20,16,50,255,255,234,255,255,255,255,255,38,44,32,12,40,28,18,26,14,4,12,222,255,255,255,255,24,144,255,255,255,255,102,2,6,28,10,10,10,6,10,26,6,18,6,2,12,18,32,255,255,246,255,10,255,255,255,255,22,16,24,2,6,12,4,14,6,8,8,6,8,16,20,24,20,14,10,14,24,18,186,255,255,240,255,255,255,92,4,18,14,14,18,18,26,74,126,114,56,32,70,12,30,8,18,10,22,18,20,28,194,255,255,255,255,46,30,50,255,255,255,255,255,255,255,255,255,255,255,255,255,255,255,98,255,152,188,255,255,192,234,255,248,46,56,64,18,40,12,14,225
198,255,255,42,24,20,24,10,20,10,12,20,10,92,255,255,255,208,255,255,255,255,255,255,255,255,255,255,84,98,255,255,255,255,170,255,255,255,255,255,204,80,44,64,20,20,8,18,255,255,255,255,30,18,6,6,60,90,74,18,36,20,62,48,36,24,30,20,36,16,4,10,10,2,6,2,8,10,16,14,8,10,10,204,255,255,255,255,255,255,162,255,255,80,120,230,255,255,255,255,168,255,255,255,255,255,255,255,255,255,255,255,242,106,58,14,24,28,38,12,34,28,132,255,255,132,255,255,100,174,240,255,255,160,98,255,166,38,24,22,2,8,20,24,38,0,16,12,36,18,116,198,255,255,208,255,255,255,16,68,162,162,42,10,46,48,32,20,4,14,14,12,10,12,4,28,42,12,14,40,98,98,224,255,255,255,255,255,255,208,255,255,255,204,188,255,200,18,4,2,14,14,8,8,8,16,14,10,8,12,12,14,6,4,12,12,4,6,4,6,10,8,8,6,6,8,6,8,12,14,12,2,18,6,26,2,12,8,14,10,16,26,16,22,6,16,16,16,18,4,12,14,8,26,42,72,255,255,255,128,34,255,255,255,255,255,255,255,255,255,58,10,26,8,8,12,10,24,10,8,222,255,158,122,238,255,230,255,255,255,222,255,22,255,255,34,16,16,38,30,176,255,255,156,255,255,255,255,255,200,30,216,240,254,52,46,10,20,10,4,18,16,12,12,10,10,22,10,10,8,8,10,4,8,8,12,16,16,6,6,10,6,8,2,4,10,4,4,10,6,8,8,2,14,10,12,8,20,2,8,14,26,14,46,255,162,255,118,255,124,255,250,32,4,30,26,10,18,10,10,18,10,34,74,255,255,255,255,164,6,255,255,255,255,240,50,28,30,30,20,8,0,28,16,8,4,10,12,16,20,56,255,220,255,255,174,255,60,255,188,14,4,8,8,12,4,14,4,6,10,6,4,20,12,2,4,6,8,10,24,28,36,255,255,255,28,255,255,255,8,22,20,26,36,12,22,6,32,6,38,46,66,40,32,4,16,8,16,20,8,18,224,255,255,255,255,124,32,42,40,228,255,255,255,34,255,255,255,255,255,255,255,255,255,255,255,255,255,134,58,255,255,94,255,84,18,28,30,22,20,16,224
217,44,8,34,36,30,20,6,22,14,12,12,60,180,255,255,255,255,255,255,255,255,255,255,198,38,255,255,255,255,255,255,255,255,255,255,196,62,60,44,44,18,8,14,26,10,14,40,255,255,255,255,190,16,16,28,140,255,255,186,28,16,16,16,6,16,14,6,10,20,10,6,8,6,6,6,6,6,14,2,16,22,28,24,36,200,255,255,255,255,255,255,255,255,255,255,255,255,68,255,212,92,255,255,255,255,255,255,255,152,18,32,28,12,10,14,22,10,34,30,14,254,255,255,118,255,255,255,248,26,44,254,255,255,255,255,52,42,36,12,10,16,18,30,24,14,10,20,82,255,255,255,255,190,170,180,255,255,14,8,14,44,20,22,22,4,30,26,16,24,24,12,22,12,26,12,54,18,34,70,255,255,255,212,230,255,255,255,255,255,255,255,255,255,255,208,255,6,18,12,12,14,10,6,14,20,16,12,8,10,8,8,4,0,8,8,0,4,0,4,8,4,4,4,6,8,12,12,14,10,2,16,12,20,18,22,12,12,8,8,2,28,32,28,12,16,6,8,8,10,18,24,26,40,18,255,255,255,198,36,255,255,255,255,128,126,198,255,255,62,22,24,6,12,12,14,4,28,26,40,224,166,96,255,190,255,255,148,255,238,255,255,255,255,60,38,24,96,140,114,255,255,255,230,255,255,255,255,255,206,24,30,30,22,8,2,8,4,10,12,20,16,28,14,6,8,4,14,14,2,2,2,4,2,4,6,10,12,8,4,10,6,4,4,2,10,4,4,10,8,10,2,10,16,8,16,8,18,8,8,10,26,26,48,255,255,255,255,255,255,255,255,40,22,4,20,4,6,8,16,8,16,8,38,26,226,255,255,255,255,26,160,255,255,255,255,156,26,8,12,14,10,26,26,12,8,14,14,30,26,4,238,255,192,255,68,255,255,255,255,34,10,4,12,2,2,14,4,4,8,4,8,10,12,6,6,4,4,14,28,10,18,162,255,255,255,255,255,255,116,12,24,14,18,20,12,16,18,38,220,255,234,90,8,18,18,18,12,10,10,12,142,255,255,255,255,255,20,22,4,22,158,255,255,255,252,255,255,255,255,255,234,255,255,255,255,255,112,214,255,206,184,255,166,22,4,14,12,6,20,20,228
222,12,32,40,24,32,46,46,26,140,255,255,255,255,255,255,255,255,255,255,212,38,188,255,255,255,255,255,255,255,255,255,72,106,60,12,8,26,26,16,16,14,12,10,6,2,16,22,162,255,255,255,255,28,8,100,255,255,255,255,190,18,10,12,10,10,8,8,16,18,4,4,10,12,4,8,8,8,16,16,24,20,10,12,24,24,255,255,255,226,255,255,214,255,255,255,194,255,255,22,255,255,255,255,255,246,90,50,16,24,6,28,44,16,12,20,12,10,24,34,255,255,255,108,255,250,255,255,150,30,8,24,44,134,156,86,8,20,16,14,16,12,12,18,8,22,42,200,168,255,255,130,172,255,255,255,255,255,10,26,44,52,46,28,12,14,4,4,8,38,32,42,4,156,255,255,180,140,172,90,255,255,255,255,24,22,86,255,255,255,255,255,255,255,255,255,255,12,16,24,10,8,4,4,16,10,4,2,6,10,6,4,4,0,8,8,0,4,2,6,6,0,4,4,6,10,14,8,14,16,10,18,8,16,10,10,2,26,22,4,20,14,18,24,42,42,22,18,10,14,18,8,24,6,156,255,255,255,48,184,255,255,255,236,172,252,255,255,88,28,8,20,6,20,10,14,10,6,36,204,255,76,110,255,255,184,255,255,255,255,255,74,255,232,86,226,255,255,255,255,255,255,255,255,255,255,255,255,255,162,16,4,16,10,12,12,16,12,18,24,12,24,14,18,6,4,2,8,6,8,6,8,6,2,4,8,10,12,8,4,6,4,0,6,2,8,2,2,6,6,6,4,10,10,4,16,10,18,6,6,2,10,10,36,206,255,72,255,255,255,255,255,84,30,30,30,30,30,28,14,6,6,10,2,14,26,70,255,255,255,255,188,14,255,255,255,255,10,14,10,10,20,18,24,18,14,10,16,16,16,14,46,255,255,255,255,100,255,148,255,206,10,12,4,10,2,12,2,2,8,4,8,18,12,2,4,0,10,16,8,8,14,14,255,255,255,72,255,255,255,68,36,44,22,6,2,8,28,156,255,255,255,255,46,38,8,22,16,14,6,10,32,255,255,255,255,255,138,16,22,24,22,70,255,255,255,255,188,180,255,255,255,108,255,255,255,255,106,255,108,255,255,90,20,14,24,88,132,144,60,18,220
211,8,52,52,28,90,222,255,255,255,255,255,255,255,255,255,255,46,166,255,255,255,255,255,255,255,255,255,255,88,228,255,255,255,255,26,14,22,12,14,12,8,6,14,28,26,18,28,12,255,255,255,255,246,40,196,238,255,255,255,168,22,10,12,12,12,6,12,6,10,10,12,6,16,8,12,8,8,10,10,6,18,10,4,2,255,255,255,255,255,255,255,255,255,166,255,255,224,255,255,255,255,144,40,50,18,46,40,6,8,16,14,18,26,18,28,6,82,84,106,255,255,94,255,255,255,44,32,16,30,8,26,20,28,36,20,6,16,22,14,14,32,32,34,38,148,212,255,186,68,255,255,255,255,255,255,184,16,12,10,26,18,32,10,6,6,16,16,30,140,255,228,170,255,255,255,68,236,255,208,255,255,255,255,128,26,46,255,255,255,255,255,255,255,255,255,255,34,10,18,10,4,4,14,12,6,6,6,4,12,6,6,8,4,8,8,2,6,6,8,6,2,6,8,6,8,12,8,16,14,10,22,12,10,14,12,14,28,48,30,6,12,70,74,82,86,46,56,64,54,22,10,14,66,255,255,255,90,38,255,255,212,255,108,130,176,255,255,20,12,14,12,4,18,16,8,6,16,52,255,255,255,255,204,168,255,70,255,190,255,255,255,255,104,255,255,255,255,255,212,255,255,56,176,198,255,255,82,54,12,10,8,20,18,14,10,14,18,4,46,32,18,26,36,18,16,6,8,4,8,12,10,14,6,10,12,8,8,10,8,6,6,4,10,4,8,2,2,6,4,4,4,10,12,8,12,10,22,4,16,12,16,8,26,38,255,255,255,255,255,112,255,255,18,22,22,6,14,28,4,16,14,16,6,20,6,20,16,210,255,255,255,255,220,255,255,255,32,10,4,14,24,10,12,12,18,10,14,22,24,12,22,220,255,86,255,152,255,255,198,255,64,6,10,14,8,18,10,8,8,4,6,14,4,10,8,8,12,16,20,18,14,6,106,255,255,255,190,255,255,148,22,78,14,16,14,10,26,156,255,255,255,255,172,18,44,10,12,36,56,38,20,142,255,255,255,255,255,16,16,26,12,24,36,255,255,255,255,255,255,255,255,255,255,182,255,255,255,32,255,255,34,36,44,6,148,255,255,255,255,64,222
215,70,190,255,255,255,255,255,196,128,255,255,255,255,255,255,255,255,255,255,255,255,255,255,255,184,76,32,178,255,255,255,255,255,255,176,6,16,6,16,8,16,2,24,22,18,30,30,14,255,255,255,255,255,180,68,228,255,255,255,192,20,10,4,0,10,8,20,8,10,6,16,10,26,10,12,4,10,16,16,4,24,18,16,140,255,255,255,255,255,255,255,255,255,255,255,255,255,255,255,14,48,8,12,24,8,6,14,20,10,22,8,18,6,22,38,162,255,255,234,255,255,255,255,200,106,28,16,2,24,28,10,20,20,12,14,2,12,10,24,12,62,72,182,255,255,255,254,130,204,200,255,255,128,56,12,10,4,20,12,20,12,6,12,10,34,40,126,208,255,255,255,255,94,255,255,208,255,142,255,60,255,255,255,198,94,240,255,255,255,255,255,255,250,255,255,178,22,20,8,2,10,10,20,10,6,6,14,6,10,4,6,8,6,6,10,6,6,6,8,6,6,8,6,10,22,20,18,8,12,34,44,44,28,12,42,50,68,212,255,236,168,255,255,255,255,255,255,255,248,30,2,32,255,255,255,154,58,255,255,244,255,255,255,186,255,255,200,22,22,22,14,16,8,12,2,10,6,226,255,255,220,255,255,255,255,255,255,255,255,144,255,6,255,255,255,184,255,255,255,255,240,255,255,255,162,24,18,22,10,4,12,14,10,14,10,10,20,20,22,120,136,80,10,10,14,6,10,8,4,12,6,14,6,16,8,12,2,8,10,8,8,8,10,6,10,4,2,8,4,4,2,10,16,14,4,10,22,14,20,12,20,4,8,72,255,255,255,255,255,255,255,255,255,255,200,60,28,12,12,14,16,16,4,18,10,14,20,8,70,255,255,255,255,255,255,100,36,30,10,12,18,8,6,0,10,10,6,24,8,48,14,42,255,255,255,255,30,255,242,255,255,2,8,2,10,16,8,10,10,6,4,8,14,14,4,8,8,4,10,12,22,22,10,255,255,255,166,255,255,255,44,66,20,18,22,14,2,110,255,255,174,255,255,18,38,28,224,255,255,255,72,10,255,255,255,255,255,162,18,10,24,26,22,14,138,255,255,255,255,140,255,255,255,255,98,255,255,255,244,26,30,8,46,200,255,255,255,255,255,255,217
226,255,255,255,255,16,255,255,255,255,255,255,255,255,255,255,255,255,255,255,255,210,56,24,18,24,80,255,255,255,255,255,140,255,255,182,14,10,12,12,16,14,22,6,32,24,16,16,20,28,255,255,255,154,255,255,246,206,216,114,12,14,2,12,12,12,10,30,20,28,24,8,10,18,16,12,10,12,18,14,10,22,30,194,255,255,255,255,148,255,255,255,255,255,255,255,255,255,255,255,128,50,34,30,14,10,6,8,14,22,14,8,16,30,40,74,248,255,255,255,182,255,255,255,38,14,22,12,10,18,14,10,8,22,10,12,6,6,20,56,236,255,255,210,255,255,124,255,236,254,208,106,84,14,8,22,20,20,12,16,38,34,76,80,206,244,255,255,218,255,255,140,255,255,255,212,238,255,255,250,255,48,120,80,255,178,255,160,255,255,255,255,202,240,255,255,84,28,12,10,12,20,20,14,10,10,8,12,2,6,6,2,4,10,10,8,6,2,2,8,12,6,12,4,2,12,14,8,10,12,128,255,254,126,255,255,255,120,255,255,255,238,198,64,116,255,255,230,255,255,32,2,255,255,255,255,16,255,255,255,255,255,255,255,255,196,64,4,6,24,6,30,26,10,16,2,10,255,255,255,190,255,255,36,255,122,255,210,255,255,255,255,198,255,90,255,255,255,255,255,255,255,108,136,82,10,28,18,20,12,8,8,6,16,4,24,44,38,62,64,255,206,255,18,14,8,8,14,6,8,6,2,12,8,16,6,16,8,4,8,4,6,10,4,6,6,2,4,8,4,8,6,6,10,8,16,16,8,6,28,16,16,12,14,18,48,255,255,255,255,255,255,255,255,255,255,255,255,130,38,36,16,12,8,2,8,34,28,14,6,8,224,255,255,255,42,34,2,22,18,12,10,12,4,4,4,4,6,30,34,40,24,34,146,255,44,255,182,198,255,134,255,110,8,12,6,10,10,4,14,10,4,6,12,8,10,22,20,16,12,6,10,20,14,46,255,255,255,255,255,255,166,14,8,22,28,12,26,28,255,255,255,255,255,212,8,18,255,255,255,255,255,38,88,255,255,190,255,255,10,32,16,12,12,34,24,78,248,126,174,110,176,255,255,255,255,166,255,255,255,255,64,34,255,255,255,255,255,255,255,255,215
119,72,228,255,255,255,160,158,255,255,255,232,255,255,255,255,255,255,110,34,40,36,16,40,28,255,255,255,255,255,44,255,255,255,255,120,16,10,14,10,6,24,10,18,4,10,6,4,16,18,116,255,255,255,244,255,255,255,250,130,16,14,10,12,12,12,20,20,14,10,12,8,18,18,32,18,4,8,26,10,38,50,255,255,255,218,255,255,248,170,255,255,136,255,255,255,255,255,255,255,255,255,255,58,22,14,4,10,6,14,8,6,14,18,46,238,255,255,255,255,255,255,72,32,4,20,4,16,14,28,8,14,14,14,10,16,16,20,108,174,255,255,255,255,120,255,255,255,214,68,64,10,18,16,14,8,12,12,34,152,174,128,255,255,255,220,255,255,255,255,255,255,255,255,88,255,178,255,255,255,255,255,255,255,255,50,255,255,255,76,255,255,136,254,255,255,40,18,4,12,12,12,14,2,10,4,6,12,10,4,4,6,6,10,10,4,6,12,10,16,6,2,20,38,42,76,86,86,106,120,255,255,255,190,255,210,255,168,255,198,255,172,84,22,62,138,255,255,255,255,26,196,255,255,255,74,116,255,255,255,234,255,255,200,255,160,14,4,10,8,22,10,14,16,6,18,26,255,255,144,110,255,255,255,255,255,255,255,255,238,255,180,255,255,150,255,255,255,255,58,138,132,22,44,24,26,22,8,20,18,6,18,16,10,14,70,146,110,142,214,255,255,255,84,28,12,10,12,2,8,8,6,6,4,10,6,10,14,6,6,16,10,22,6,14,6,2,6,2,10,6,4,10,8,10,72,52,32,18,12,26,32,12,2,28,30,228,255,216,255,255,255,106,255,255,255,255,255,255,255,255,88,36,38,32,8,34,22,18,4,16,12,36,26,6,4,6,20,10,20,14,2,4,4,4,0,0,4,6,4,22,28,24,18,255,255,255,255,10,255,255,255,255,46,32,8,16,20,18,6,10,6,6,14,6,14,16,6,10,8,6,6,10,22,46,255,255,255,255,255,178,255,84,18,8,22,24,14,30,76,255,255,94,255,255,32,16,255,255,210,255,255,20,26,255,255,255,255,255,200,10,22,32,40,32,28,62,255,255,158,194,18,208,255,255,255,255,255,255,255,255,255,255,255,255,255,44,255,255,246,255,100
152,255,255,58,255,255,255,255,48,255,255,255,255,255,172,126,50,40,26,12,18,50,32,216,255,255,255,255,54,255,255,255,255,255,76,6,14,14,14,10,18,18,14,18,4,10,4,12,18,26,8,166,255,134,255,255,255,255,255,82,10,8,8,14,18,20,8,8,8,12,14,16,10,8,18,40,30,26,6,14,162,255,255,255,255,255,255,182,255,255,120,255,255,255,255,255,255,255,255,178,230,255,255,255,255,16,28,42,38,8,4,8,14,134,255,255,255,255,216,255,255,255,92,42,12,12,20,6,8,6,26,4,22,30,10,36,90,174,236,255,136,255,255,220,255,252,255,138,26,28,14,12,8,6,8,16,4,30,44,255,255,255,255,255,255,184,255,255,255,254,255,255,255,132,172,255,255,255,255,68,255,255,255,255,255,208,250,216,64,164,255,255,92,255,255,255,28,18,6,12,10,4,2,8,12,6,8,6,4,6,8,8,12,14,8,10,18,4,26,88,88,164,146,174,168,234,255,255,255,255,255,78,136,255,64,255,92,255,40,255,255,118,255,102,130,255,255,255,255,216,56,255,255,255,255,62,255,255,255,255,255,255,255,255,228,60,16,16,6,26,12,24,20,22,26,34,74,255,255,244,228,255,255,142,255,255,255,255,216,255,255,255,58,255,42,255,122,252,222,48,32,26,14,22,16,26,20,14,26,20,24,28,24,22,32,255,255,255,154,94,255,142,255,138,56,10,10,16,8,8,2,8,6,6,6,6,14,14,8,6,18,8,14,6,12,10,4,4,10,10,6,12,18,44,255,255,255,220,6,14,10,2,20,14,6,16,62,255,255,255,255,255,255,120,66,96,255,255,255,255,255,255,255,222,60,44,26,10,12,6,22,20,10,26,14,4,8,12,6,6,4,10,10,8,4,6,4,2,4,6,16,12,14,8,80,255,104,255,228,224,255,68,255,104,16,8,16,10,10,4,8,4,4,22,6,10,10,24,20,4,16,6,16,18,20,80,255,152,250,122,255,160,230,24,28,14,10,14,26,6,255,255,255,255,255,236,20,202,255,255,255,255,255,255,255,255,255,255,255,255,46,34,58,62,36,90,255,255,130,255,100,255,255,66,255,255,255,255,255,124,255,255,255,255,255,174,255,255,255,255,255,45
227,255,255,255,132,180,255,255,255,255,255,74,255,255,255,255,156,48,22,32,30,134,255,255,255,255,140,218,255,255,255,255,134,18,4,40,38,34,36,18,22,6,16,8,2,8,10,12,8,16,40,255,255,255,94,226,255,255,154,20,10,20,4,4,4,26,28,38,4,12,14,8,10,10,30,28,6,52,186,255,255,255,146,255,255,255,255,255,232,255,255,255,112,255,134,212,232,255,255,255,255,255,122,255,255,255,255,255,150,38,36,20,14,134,255,255,42,255,255,255,255,114,30,28,6,14,8,20,16,22,40,24,40,90,112,84,138,255,212,255,244,178,255,255,255,114,24,30,22,4,18,16,8,2,10,12,22,6,32,255,255,218,104,255,255,255,255,255,255,94,255,255,255,250,255,255,255,212,255,255,255,255,255,255,255,174,30,28,26,255,255,255,38,255,255,255,34,30,12,14,20,2,2,4,10,8,8,8,8,4,6,6,8,8,2,8,8,16,22,255,255,255,255,120,184,118,255,152,222,255,80,118,232,210,255,255,194,255,198,242,208,102,255,96,120,248,94,68,16,16,255,255,255,255,255,255,255,255,224,174,38,250,255,255,116,28,34,14,12,16,12,24,22,12,32,248,255,255,255,122,178,255,255,255,255,255,255,255,255,255,188,255,255,255,255,255,102,14,16,36,30,30,22,12,18,16,14,18,10,6,14,20,26,20,58,255,255,255,255,236,255,255,255,146,44,22,14,6,10,2,4,6,2,6,10,10,14,4,6,4,12,10,10,2,6,4,6,6,10,4,12,6,60,255,255,255,255,255,48,4,24,32,18,16,22,6,22,82,255,255,255,255,255,255,255,255,144,18,240,255,255,255,255,255,255,255,180,44,42,24,16,14,22,18,8,10,20,14,18,4,10,6,10,12,14,12,14,10,16,18,28,14,18,20,22,255,255,255,255,18,255,255,255,255,18,12,14,26,22,8,6,6,8,20,10,14,16,18,20,20,4,22,14,16,14,8,152,200,184,170,242,82,240,106,14,28,20,2,22,16,68,255,255,124,255,255,134,220,255,255,182,255,255,255,255,255,128,255,255,255,110,255,255,255,196,120,194,190,255,14,255,255,112,255,255,36,230,255,255,255,156,255,255,156,255,255,255,255,230,255,255,67
96,96,255,255,255,255,255,230,32,196,214,240,255,255,255,255,255,16,28,58,255,255,255,255,255,188,255,255,255,255,214,34,20,24,42,92,154,168,142,60,4,24,8,6,2,8,18,16,12,30,50,255,192,255,255,255,248,255,255,188,48,16,12,86,134,160,92,30,30,20,22,20,20,54,106,182,206,255,255,255,255,255,255,255,255,255,255,255,255,255,232,255,255,255,255,190,188,255,20,176,255,255,255,255,255,255,255,255,255,255,255,88,30,146,255,255,255,255,228,56,54,24,8,14,12,4,10,20,14,22,28,216,226,196,222,255,60,255,104,96,254,255,210,244,142,8,12,6,8,28,6,16,20,12,6,18,24,8,46,255,255,255,255,255,206,200,186,180,166,190,255,255,255,255,255,255,255,255,238,255,255,255,226,82,90,40,20,22,32,255,255,255,42,255,255,184,30,42,10,22,22,0,4,4,8,8,4,6,6,6,6,4,8,8,6,8,10,6,32,255,255,255,255,24,218,170,255,255,255,255,255,255,210,255,252,254,4,255,74,255,255,234,255,218,240,255,255,44,16,255,255,255,255,255,255,255,255,166,244,28,122,255,255,255,6,22,14,26,18,16,10,14,12,12,56,255,255,226,242,160,255,255,66,255,255,198,255,255,230,255,170,62,204,255,254,96,36,16,8,22,26,28,10,8,22,14,12,12,18,8,18,26,12,16,62,255,255,142,255,255,232,232,230,90,18,16,12,4,12,8,2,6,4,0,8,6,6,14,12,10,6,4,4,0,6,6,4,8,12,2,20,8,255,255,255,226,255,255,216,20,18,4,18,14,20,6,16,42,142,255,255,136,255,255,255,255,255,255,228,56,66,212,255,255,160,255,255,255,255,134,42,42,18,12,14,14,2,26,24,6,16,2,10,18,14,8,14,12,10,20,6,48,18,8,20,54,255,232,255,255,150,255,94,255,158,10,24,12,16,12,14,14,8,12,4,16,6,12,16,16,14,18,6,4,16,26,42,254,76,255,8,240,84,166,20,24,32,14,10,28,10,255,255,255,255,255,255,255,255,255,106,142,106,198,255,255,255,255,255,255,108,104,70,146,144,68,222,255,48,255,208,254,255,206,18,16,12,104,255,255,255,255,150,255,255,255,255,76,34,98,255,181
189,255,255,255,138,22,48,108,255,255,255,184,255,255,120,255,255,86,255,255,255,255,255,172,196,255,255,255,110,214,255,255,255,255,255,255,255,255,255,130,20,20,6,8,10,14,14,8,22,28,254,255,158,70,108,255,220,255,255,255,255,58,30,255,255,255,255,255,255,255,220,255,255,255,255,255,255,255,255,255,255,255,176,255,255,112,255,255,255,255,255,255,232,255,255,255,255,255,20,28,28,126,255,255,255,255,255,178,255,255,255,255,255,146,88,255,255,180,22,16,18,16,32,10,24,24,16,24,4,14,255,255,255,255,180,222,255,255,140,255,255,255,30,26,34,20,20,16,12,14,24,22,12,26,10,4,10,8,44,80,255,255,196,255,255,255,255,255,236,194,206,255,12,255,255,255,255,230,202,230,236,148,14,16,12,32,10,34,6,255,255,255,136,255,255,124,28,40,32,10,6,0,4,4,4,6,6,2,6,10,6,2,4,6,8,14,8,16,32,255,255,255,255,118,222,168,116,226,255,255,80,255,52,255,196,254,86,214,255,120,102,162,202,68,202,255,255,14,142,255,255,255,255,255,255,255,212,255,186,255,255,255,132,18,10,14,14,10,22,14,18,12,18,16,142,255,255,255,84,56,255,255,255,4,255,255,255,255,252,255,160,32,42,52,48,14,30,16,8,22,12,22,20,20,32,44,26,14,152,158,68,36,4,12,36,190,255,255,255,255,204,36,38,8,22,18,8,8,8,14,4,6,8,4,4,6,6,8,4,8,4,8,6,6,4,8,10,4,14,6,20,6,255,255,208,68,208,255,255,26,20,18,16,20,24,10,10,16,134,255,255,255,255,154,255,255,255,255,255,255,255,138,255,255,255,255,184,126,255,255,255,250,82,40,38,10,24,6,20,18,6,2,10,18,16,16,24,4,20,20,38,14,44,8,20,24,230,255,255,255,255,255,255,255,255,22,22,18,20,20,10,4,0,4,10,10,18,22,18,6,14,16,26,18,10,24,14,128,255,114,228,166,118,255,136,26,22,24,28,22,16,96,255,255,124,255,255,222,120,255,255,255,255,255,255,255,255,255,255,134,188,242,132,12,146,186,196,238,60,255,255,255,126,18,16,16,28,10,40,255,255,255,255,255,255,255,26,10,24,16,54,228
222,48,32,64,148,255,226,255,255,104,180,62,86,255,255,255,92,255,255,255,255,148,34,42,248,255,255,255,255,255,255,255,255,255,255,255,255,255,255,118,18,6,8,6,18,14,10,8,20,244,255,255,255,255,255,255,255,255,255,255,255,255,170,255,255,220,255,255,255,255,188,255,230,204,186,255,255,255,255,255,102,255,255,255,255,255,255,160,244,255,138,152,255,255,255,255,156,38,16,18,20,14,66,232,255,255,255,255,255,255,126,255,255,255,255,255,255,94,16,10,24,22,30,12,24,14,22,4,12,20,255,255,152,255,216,255,18,255,255,194,130,40,12,12,20,14,22,16,8,16,10,8,10,22,22,30,36,38,110,242,210,116,255,255,58,240,68,158,60,240,250,255,255,255,255,72,64,18,18,28,42,28,12,16,30,38,20,14,30,255,255,184,255,255,255,26,34,20,32,20,10,0,4,6,4,6,8,2,6,10,6,6,2,4,10,6,12,20,12,146,255,255,156,166,255,255,168,198,255,255,255,255,255,255,140,10,24,242,80,138,90,132,194,255,255,255,152,66,255,255,255,255,255,255,255,255,180,126,76,186,255,255,50,22,8,4,16,4,16,2,18,18,14,176,255,255,255,255,88,255,100,255,108,255,255,255,100,255,255,255,40,16,12,22,24,22,10,24,6,30,14,14,10,28,12,66,214,255,255,255,255,62,8,12,8,60,255,250,132,26,28,16,18,8,26,18,12,4,6,14,12,2,8,6,2,4,12,14,16,16,8,8,12,8,4,6,10,4,16,6,14,14,255,255,255,58,96,255,255,168,40,20,32,26,32,34,20,20,122,252,52,255,255,255,52,70,228,255,255,255,255,255,255,255,255,38,255,255,255,62,240,255,255,255,220,40,40,26,6,10,12,10,12,8,12,16,18,8,16,32,20,52,32,20,2,6,34,255,255,255,255,255,255,255,255,182,8,14,20,28,20,16,12,2,16,6,24,20,16,10,18,22,18,34,34,12,12,28,246,150,255,255,255,255,255,22,6,16,26,4,24,8,255,255,255,255,255,255,255,255,255,255,255,255,188,70,32,44,36,26,16,94,164,106,10,30,30,130,114,142,164,76,18,14,20,14,20,18,14,18,242,255,255,255,206,12,12,30,22,34,24,220
215,14,48,164,255,255,255,100,244,236,244,54,255,218,226,154,255,255,255,255,66,50,48,36,242,255,255,255,255,255,226,124,134,132,106,48,255,255,255,12,18,8,6,10,20,8,8,28,150,255,255,42,255,255,200,12,34,255,255,255,120,255,255,255,255,255,255,255,64,255,228,246,255,255,255,255,255,255,255,255,255,255,255,255,255,255,255,255,255,255,92,255,255,238,136,40,40,16,4,4,12,40,172,255,255,255,106,148,255,255,255,255,255,212,255,255,255,255,255,54,2,12,12,26,18,20,22,8,20,32,172,255,255,255,156,255,255,255,194,32,38,18,12,14,6,14,6,6,6,12,26,30,60,132,132,220,226,255,130,255,255,255,255,226,138,182,255,255,255,255,234,255,255,214,46,8,20,18,12,14,32,28,22,94,234,234,192,78,106,255,255,96,255,255,255,10,8,22,26,4,14,0,4,8,6,6,8,6,4,4,12,16,12,12,2,16,22,12,10,32,50,38,122,255,255,255,90,255,255,255,94,255,238,255,182,84,112,140,255,226,228,255,255,255,255,58,26,255,255,255,118,38,206,255,255,255,255,156,255,255,255,255,50,8,22,8,16,14,8,12,18,28,24,255,255,255,192,255,255,255,255,255,255,255,255,255,240,255,255,82,12,12,10,14,4,12,24,6,12,18,14,34,88,232,255,198,255,255,255,158,255,255,52,4,32,14,2,14,16,22,6,8,6,20,16,16,10,2,10,10,12,8,12,4,4,6,2,2,6,2,12,10,14,10,14,6,12,8,14,10,6,4,58,255,255,208,28,255,255,255,34,34,14,30,16,38,6,40,76,218,255,255,255,255,64,12,30,24,80,255,255,255,255,124,255,255,255,255,136,255,255,255,10,255,255,255,255,132,18,14,18,16,14,10,4,6,6,6,6,16,16,34,12,22,10,14,54,178,255,255,210,246,255,255,255,255,16,18,14,22,22,8,12,4,14,16,10,26,14,8,6,4,16,18,22,10,24,36,60,255,255,255,255,255,255,244,8,22,10,12,14,12,66,255,255,255,255,255,255,178,88,6,42,40,42,6,22,8,14,26,20,90,222,222,255,230,242,228,106,18,40,18,14,12,10,22,16,8,10,8,20,78,96,90,8,14,38,6,2,24,14,218
217,255,255,114,255,255,255,142,255,100,92,255,255,88,74,255,255,255,180,28,60,48,96,146,238,255,255,255,255,255,255,255,255,182,64,255,255,255,88,20,34,20,20,10,14,12,14,22,148,255,255,255,255,255,108,16,28,14,122,255,255,132,255,255,255,255,132,255,212,255,96,255,255,255,255,255,136,192,255,255,238,255,255,255,158,255,255,255,186,255,255,255,106,214,232,30,30,6,12,12,150,194,226,255,60,255,255,208,22,146,255,255,255,255,255,255,134,255,255,255,60,30,22,26,2,12,10,8,14,22,22,255,255,255,188,72,90,34,6,10,16,22,8,18,16,20,8,4,8,56,204,255,255,255,224,238,240,255,240,255,92,255,152,218,255,255,255,200,230,230,32,22,22,24,20,6,16,32,44,30,190,255,255,255,255,255,255,255,240,255,255,54,255,255,255,40,22,12,10,6,16,6,2,12,20,10,8,8,4,8,16,6,4,10,12,10,14,22,8,8,2,14,92,255,255,255,174,255,255,255,255,255,255,255,255,255,255,255,255,255,255,255,82,52,20,16,232,255,255,255,16,104,255,255,255,255,255,255,255,220,170,34,8,14,4,10,6,10,16,14,12,28,24,255,255,254,212,255,255,230,255,255,255,128,255,255,255,255,88,18,12,26,12,6,12,14,24,16,10,34,90,166,255,255,180,100,102,255,255,255,255,255,82,22,10,24,24,18,30,14,8,8,6,10,20,16,4,10,6,6,8,12,12,10,8,4,4,8,12,14,14,4,8,2,10,6,14,2,14,14,4,6,10,255,255,255,44,112,255,255,86,32,28,12,12,12,16,20,18,236,255,126,255,255,168,6,2,6,18,24,28,172,255,255,255,255,72,255,255,255,106,255,255,255,214,162,255,255,255,190,26,30,18,12,18,20,26,16,20,20,8,24,8,10,12,22,22,22,255,255,255,104,70,146,255,255,178,2,18,8,8,26,10,2,4,6,2,8,10,4,16,4,14,6,8,20,24,22,14,236,255,255,108,255,255,255,86,24,10,16,8,18,14,68,106,124,64,26,56,36,24,12,36,44,54,36,44,28,12,34,32,32,42,50,34,12,8,16,20,28,6,32,30,10,0,16,12,14,8,22,32,14,14,20,4,34,6,36,30,20,26,227
217,255,255,255,128,255,222,246,160,255,255,255,140,28,60,255,255,255,255,255,255,255,255,255,255,255,255,255,255,255,255,255,255,160,255,255,255,202,16,14,240,255,255,255,24,36,98,255,255,255,40,255,255,68,12,16,40,12,46,30,255,255,66,255,255,255,124,255,140,255,255,255,255,255,76,82,44,255,255,255,255,255,164,34,255,60,70,255,255,255,255,30,255,255,255,255,22,28,6,110,255,255,255,255,200,242,255,216,32,8,46,44,114,255,255,255,255,255,255,255,255,178,38,36,12,10,26,10,4,18,24,16,112,128,94,14,22,14,18,4,4,10,8,12,18,18,38,42,200,255,255,255,255,255,84,46,144,136,255,4,255,255,255,186,224,228,78,18,42,34,20,4,18,42,18,12,78,184,216,255,255,255,255,224,208,58,164,255,255,255,255,255,255,255,255,24,12,4,16,16,26,8,10,16,18,20,2,8,4,12,8,10,10,10,14,6,8,6,14,6,8,2,18,162,255,255,158,255,255,255,255,206,160,124,112,150,210,190,52,20,4,12,24,40,8,82,255,255,255,8,62,255,255,255,255,255,255,255,255,176,38,16,8,8,18,6,6,2,4,6,22,42,255,255,255,140,180,255,255,255,254,255,255,200,255,255,255,255,20,34,16,22,18,6,8,12,18,14,106,255,255,255,255,106,255,248,116,162,255,255,255,244,56,32,10,12,22,10,38,12,10,12,4,16,6,20,4,12,6,4,0,4,4,8,14,4,6,18,20,14,2,8,8,8,10,14,8,18,26,12,10,4,14,78,255,255,100,14,255,255,255,24,10,18,18,36,38,12,22,182,255,255,244,255,152,16,20,4,20,26,22,24,22,104,255,255,255,255,186,202,255,255,255,12,255,255,255,66,255,255,255,255,116,26,20,24,24,18,22,6,20,18,10,8,18,22,14,20,120,255,255,255,42,64,255,255,255,48,26,6,22,22,10,4,6,8,4,14,10,4,18,6,18,2,8,22,34,30,18,50,255,255,255,114,255,255,255,22,22,30,14,8,4,10,18,140,246,212,66,44,16,66,144,255,255,255,255,255,255,255,255,148,34,32,26,0,18,4,8,12,18,4,6,10,2,20,4,14,8,24,34,8,20,14,10,20,20,16,14,16,26,222
198,255,182,255,255,40,255,248,32,28,44,14,16,12,10,240,255,255,255,255,255,255,255,255,255,255,238,128,80,70,255,255,255,52,255,255,255,8,142,255,255,255,255,255,255,36,154,255,255,255,255,255,222,60,22,28,10,20,34,50,22,255,255,255,255,255,255,255,255,255,255,255,255,66,26,202,255,255,255,255,255,186,228,255,204,192,255,254,144,226,172,255,255,68,255,252,80,255,255,255,255,255,255,255,255,255,255,192,8,24,28,24,8,50,78,22,255,255,255,230,255,255,255,255,140,8,10,10,12,6,12,8,28,18,0,10,22,10,4,2,4,8,6,6,4,12,8,54,204,255,255,28,255,255,255,244,210,255,255,255,234,246,212,44,30,30,16,8,24,58,52,40,20,176,212,182,255,255,255,255,255,255,255,255,236,182,156,255,192,255,255,255,255,255,180,28,16,8,22,16,22,12,12,20,12,14,6,8,4,8,0,12,4,16,12,8,10,0,8,6,4,2,8,38,204,184,140,62,72,64,42,20,16,10,26,36,36,36,12,12,18,4,34,10,10,255,255,255,128,18,255,255,255,156,116,255,255,255,255,162,24,8,10,4,8,12,8,12,6,2,34,255,255,255,238,80,154,255,255,255,255,255,88,255,255,255,255,102,8,14,10,18,14,14,10,56,150,142,136,255,130,255,255,208,255,255,122,255,160,166,40,14,10,0,6,10,16,28,8,34,12,12,8,18,22,24,8,10,6,10,10,14,14,2,10,18,12,10,20,8,6,18,28,16,14,20,12,12,12,12,20,12,12,34,255,255,255,46,124,255,255,62,12,6,22,24,22,28,26,112,255,255,255,234,194,78,32,6,24,8,22,14,12,12,32,36,136,255,255,255,255,108,255,255,255,255,134,255,255,255,255,255,255,255,255,64,50,28,32,26,26,18,16,4,16,12,18,12,20,255,255,255,72,74,106,255,255,255,6,26,10,16,12,4,10,8,8,10,2,8,10,2,12,12,8,6,10,18,26,22,178,255,255,228,255,255,255,116,6,26,22,12,8,6,10,255,255,255,255,255,255,255,255,255,255,255,255,255,255,255,255,255,255,102,20,22,16,16,6,8,12,10,14,14,10,26,14,6,40,36,62,38,8,14,4,18,10,2,14,12,12,218
218,156,255,184,255,188,70,38,28,18,2,16,6,28,2,6,120,204,226,164,86,54,36,14,34,60,72,34,12,170,255,255,238,255,255,255,24,255,255,255,255,255,255,255,255,6,124,255,255,255,255,255,56,20,16,34,16,22,10,18,24,40,255,255,255,255,255,255,255,255,255,64,4,130,255,255,255,255,244,198,198,212,182,255,255,106,226,116,255,255,255,255,156,255,255,192,84,255,255,170,230,156,255,255,255,150,88,20,8,10,14,4,12,26,22,26,34,255,255,255,255,174,255,255,255,255,90,8,14,8,8,10,20,10,10,18,2,10,4,10,18,20,16,18,12,14,8,30,248,255,255,255,255,255,148,182,172,252,255,146,32,38,4,10,18,36,28,8,42,206,255,255,248,255,255,255,255,114,76,86,250,255,255,255,120,255,255,236,255,72,255,255,255,255,130,18,18,2,6,2,8,18,6,18,14,12,8,2,8,6,2,14,6,16,12,8,10,4,6,8,2,4,0,6,6,26,14,24,18,12,14,6,8,0,16,12,10,10,12,16,8,34,34,12,255,255,255,255,56,176,255,255,255,16,42,26,52,158,164,84,26,18,10,12,24,20,12,16,12,16,50,255,255,214,62,60,214,255,255,242,255,255,232,255,166,255,255,24,2,12,14,28,18,18,6,230,255,255,226,255,255,172,134,255,255,210,255,255,30,24,8,8,22,22,20,16,40,44,6,6,16,6,8,4,14,10,8,8,10,14,10,12,16,12,6,10,10,6,32,16,12,36,14,24,16,10,4,2,6,12,12,4,16,20,194,255,255,74,38,255,255,230,18,24,8,24,16,34,24,74,222,104,255,255,255,106,36,4,28,12,12,10,12,12,10,16,16,36,32,216,255,255,255,255,62,255,255,255,255,255,255,255,255,255,255,255,255,228,32,38,38,10,44,28,18,8,10,12,18,90,255,255,255,30,60,255,255,255,50,22,12,12,10,4,10,6,6,12,6,6,6,8,12,8,4,8,14,14,20,20,30,255,255,255,40,255,255,255,14,12,12,22,10,16,26,255,255,255,255,255,255,255,255,46,194,255,255,255,255,255,94,255,255,255,186,24,32,28,8,10,12,2,12,12,6,14,12,18,36,8,34,34,24,6,12,8,4,6,12,10,6,217
140,108,184,210,180,208,60,40,36,62,52,8,20,18,16,18,16,20,94,118,68,12,8,26,24,22,8,34,72,255,255,255,255,255,255,152,255,255,255,255,38,255,255,255,255,28,32,255,255,255,255,28,14,10,14,26,26,12,18,24,12,52,255,255,255,255,255,255,208,4,58,62,255,255,255,255,255,98,255,202,255,226,168,220,200,180,255,255,206,130,255,255,255,182,148,226,228,176,255,102,94,255,255,255,176,8,28,6,20,18,12,18,12,6,22,18,20,8,138,255,255,255,255,254,255,255,255,80,6,6,2,14,34,28,18,18,10,10,6,14,12,4,8,8,12,24,14,4,26,255,255,255,164,148,42,20,38,38,54,24,20,8,10,20,16,148,255,254,168,255,255,255,255,255,170,255,255,170,42,200,255,255,255,120,244,164,246,44,255,255,255,255,255,255,94,12,24,10,8,12,4,24,4,12,12,8,16,8,10,4,4,12,4,14,10,8,6,6,2,8,6,2,6,12,22,24,20,6,24,16,10,18,2,10,14,14,8,10,10,8,36,28,10,122,255,255,255,48,98,255,255,255,46,18,42,24,28,24,44,38,28,14,10,10,16,26,10,18,20,8,20,255,255,255,255,228,255,188,255,255,255,60,255,255,255,255,68,18,20,32,22,62,216,226,214,208,255,80,255,255,116,255,255,128,255,255,248,100,10,12,10,6,18,18,44,50,222,230,186,30,12,10,10,18,16,6,10,2,8,4,0,4,8,8,12,10,10,20,46,10,26,22,12,18,20,4,8,6,4,4,6,12,2,24,32,255,255,255,44,222,255,255,28,26,12,12,8,14,10,34,210,255,255,255,255,116,18,6,30,18,6,4,12,10,12,8,16,26,12,20,30,66,255,255,255,255,188,255,255,255,124,46,158,255,255,255,255,255,255,255,160,10,34,20,18,16,16,12,14,8,255,255,255,70,42,60,255,255,255,12,30,24,18,8,8,4,2,10,8,6,4,8,14,8,6,10,10,4,2,26,24,126,255,255,255,210,255,255,194,18,20,22,14,16,16,255,255,255,255,255,255,255,255,255,255,255,255,255,255,255,255,255,255,255,255,144,14,8,2,0,8,8,18,14,10,8,6,12,46,28,46,32,18,6,10,4,18,22,34,24,8,217
204,112,238,255,254,255,255,216,140,46,56,12,10,12,10,14,14,210,255,255,255,164,30,26,4,6,10,36,255,255,255,170,255,255,255,255,255,255,112,255,255,255,255,255,108,255,255,255,255,218,222,6,8,6,12,20,34,14,18,18,8,255,255,255,255,255,255,72,68,52,44,255,255,255,255,114,255,152,86,46,82,112,254,202,255,255,255,255,162,210,255,255,182,255,255,238,84,36,136,255,255,255,84,16,26,8,24,10,12,10,22,16,10,12,12,16,6,26,12,24,84,255,255,255,255,255,255,255,12,6,12,22,26,18,12,6,6,8,4,12,18,20,26,18,10,18,4,2,12,22,48,42,22,8,26,10,8,18,8,34,44,180,255,255,194,255,255,255,92,255,40,104,86,255,255,255,255,255,224,255,118,255,255,255,242,212,255,255,255,255,255,255,255,255,36,48,14,18,10,14,6,20,12,2,4,2,10,8,6,2,4,8,2,12,4,6,2,6,4,4,10,4,8,10,16,8,6,14,10,10,14,24,6,16,6,6,12,18,12,20,52,8,24,255,255,255,72,82,255,255,255,130,2,30,8,6,14,14,34,36,20,12,12,4,14,24,18,14,12,22,20,56,220,255,255,255,255,255,144,255,255,255,255,94,255,255,26,38,40,46,50,196,255,190,255,154,255,255,156,255,255,206,182,84,36,30,18,14,14,14,16,24,48,72,198,226,255,255,255,58,38,22,4,14,16,6,4,4,6,12,12,14,12,6,10,12,22,26,32,24,14,18,14,24,20,10,22,28,24,18,12,12,24,26,52,216,255,255,88,54,255,255,166,14,20,16,16,24,8,40,238,255,255,255,255,142,38,20,38,20,8,2,12,6,20,18,10,8,6,32,30,4,52,32,170,255,255,255,255,255,255,255,234,22,94,222,255,255,255,255,255,255,255,102,22,48,20,2,14,28,74,255,255,255,28,68,255,255,255,96,22,24,16,6,2,4,8,2,2,2,8,12,6,2,0,4,6,6,18,20,22,16,255,255,255,26,255,255,255,66,30,26,2,26,24,60,255,255,255,255,255,255,255,255,200,88,28,12,22,110,255,255,255,255,255,255,2,18,12,10,10,14,22,16,18,18,8,4,28,14,36,22,12,6,10,14,20,14,34,32,10,217
192,255,255,252,134,98,255,255,136,102,52,14,16,18,16,20,104,255,255,255,255,255,160,40,16,26,16,168,255,255,186,255,255,255,255,255,212,244,255,255,255,255,88,102,190,146,128,255,255,255,34,12,20,14,10,6,22,34,2,24,255,255,255,255,255,255,114,10,38,56,255,255,255,172,255,255,255,255,214,255,255,255,164,234,255,188,228,255,158,255,255,146,255,255,255,255,50,142,255,255,255,168,4,4,12,10,18,14,16,20,6,12,14,4,18,20,12,2,26,10,24,24,8,255,255,255,255,255,30,24,16,32,20,24,6,12,8,6,12,10,4,10,12,14,28,14,6,10,4,14,6,6,20,8,12,12,8,14,12,36,160,255,255,255,255,255,246,255,255,255,226,82,255,208,150,255,82,255,208,255,255,255,255,255,44,54,136,82,255,255,102,255,255,255,56,48,28,10,12,16,2,14,14,8,4,4,2,2,4,4,8,6,4,12,4,10,6,2,6,2,10,10,6,12,6,12,12,10,12,18,6,20,18,16,10,10,10,12,10,18,28,20,255,255,255,192,44,255,255,255,244,10,32,20,8,12,20,10,18,14,16,8,8,10,26,24,20,20,30,12,12,18,28,30,82,156,255,255,255,255,40,255,255,255,255,50,16,66,114,210,206,255,218,56,255,255,255,218,255,255,255,14,34,40,20,20,8,6,6,14,12,132,255,255,248,132,255,160,255,160,84,24,12,12,10,6,4,8,14,10,6,8,6,10,14,16,30,16,14,10,16,4,66,76,46,8,18,36,42,30,8,24,4,20,18,28,255,255,198,26,255,255,255,36,22,10,18,32,28,20,252,255,136,255,242,88,24,16,32,12,10,2,10,6,12,6,14,16,4,18,16,18,12,24,8,30,26,176,255,255,255,255,255,255,255,104,86,102,255,255,255,255,255,255,255,255,86,2,4,14,14,250,255,255,158,36,86,255,255,255,12,8,4,8,2,6,8,4,4,4,6,14,8,10,8,8,8,8,20,20,16,8,74,255,255,255,156,255,255,255,14,32,14,24,6,22,255,255,255,255,216,10,22,12,44,46,8,40,24,6,38,255,255,255,255,255,152,24,4,8,6,12,18,10,16,22,8,14,26,8,26,14,6,4,4,18,28,18,20,20,12,218
136,236,248,255,255,255,255,255,232,50,18,24,22,18,84,198,220,255,255,142,255,255,160,72,16,24,82,255,255,255,22,255,255,255,255,132,255,255,255,255,160,42,255,255,255,74,255,255,255,255,30,14,18,28,34,38,44,0,18,255,255,255,255,255,204,22,60,255,255,255,255,255,168,255,255,62,255,255,218,194,52,72,202,204,240,255,255,255,96,255,255,255,255,255,255,255,240,222,188,22,20,10,8,14,8,6,10,14,16,18,12,10,4,14,10,10,12,6,14,14,30,26,6,40,255,255,246,255,255,38,18,36,28,18,12,20,20,14,6,8,14,16,16,30,28,16,6,20,14,18,24,14,22,20,14,16,16,4,6,30,150,255,255,204,255,94,255,255,255,98,255,148,152,252,255,255,255,255,255,255,240,255,255,255,255,255,255,238,255,255,70,255,255,238,42,32,30,16,2,16,10,8,8,10,10,10,12,8,12,8,12,6,8,12,6,12,8,8,8,8,4,10,2,12,8,10,6,18,16,8,0,10,10,0,16,6,4,16,16,24,12,174,255,255,255,66,84,255,255,255,6,28,12,6,10,22,8,8,4,8,12,6,2,16,14,20,8,10,8,16,8,10,12,14,28,216,255,126,255,255,255,255,36,255,255,70,70,255,255,255,255,255,112,28,224,90,255,102,255,255,150,6,8,12,12,20,6,6,16,14,18,140,255,255,255,255,142,246,255,156,82,16,8,10,4,6,12,12,8,10,8,10,8,6,10,26,10,4,8,24,142,255,255,255,255,255,255,255,212,118,42,12,50,46,60,60,255,255,255,40,78,255,255,106,32,20,6,6,2,22,255,255,174,255,255,246,76,4,18,4,16,6,4,12,0,18,18,6,14,8,12,12,14,6,6,28,26,12,26,38,232,255,255,255,255,255,255,255,114,20,146,255,255,255,255,255,255,255,82,12,26,50,255,255,255,82,64,255,255,255,156,6,6,12,6,6,10,12,8,4,10,14,2,12,10,8,6,12,4,24,16,14,16,255,255,255,182,255,255,255,100,22,28,10,14,14,64,255,255,255,100,20,22,12,34,32,54,36,28,20,34,90,255,255,255,255,255,48,10,12,4,6,10,4,22,14,26,28,38,18,26,8,8,14,14,4,18,24,14,12,16,216
229,255,255,255,130,202,230,178,38,8,6,12,26,18,255,255,255,124,255,255,255,255,212,58,18,38,255,255,255,66,74,22,88,60,255,255,255,255,224,22,8,18,255,255,255,255,255,228,238,10,22,6,18,30,26,2,28,170,255,255,255,255,78,30,18,224,255,255,255,255,255,255,255,255,255,255,255,255,166,255,255,230,255,255,226,255,255,216,246,255,255,234,106,255,255,255,255,144,10,10,8,8,6,4,8,4,6,10,26,8,18,8,14,12,18,8,12,2,10,8,18,14,34,34,126,255,255,255,255,255,20,16,8,16,12,16,12,14,12,6,12,12,2,14,22,14,8,8,20,14,14,14,12,16,38,12,14,14,14,10,58,255,255,255,255,255,255,154,255,116,255,255,170,255,255,255,255,255,255,255,255,255,255,255,255,255,255,255,255,255,150,255,255,92,20,22,20,4,8,4,10,2,4,6,2,4,10,12,18,8,12,12,4,10,16,8,16,10,12,12,2,12,4,6,12,8,4,14,16,8,2,8,10,2,14,6,12,18,24,16,76,255,255,255,92,14,255,255,255,82,20,14,16,12,12,4,14,2,2,8,8,6,4,22,28,26,10,8,2,6,8,6,32,32,44,255,255,255,255,22,255,255,255,255,70,164,228,224,244,62,62,144,255,214,255,255,255,130,42,42,10,32,10,10,32,8,18,16,6,26,30,136,255,240,222,252,255,255,255,140,38,8,8,4,12,10,4,4,8,8,4,4,8,6,8,16,32,8,8,182,255,255,255,255,255,255,255,255,255,255,255,255,255,255,186,152,92,255,255,70,38,255,255,255,32,8,22,26,12,32,255,255,224,162,255,204,90,12,18,22,10,14,4,4,10,12,2,14,8,16,20,10,6,8,14,18,14,24,30,18,34,32,80,255,255,255,255,255,255,255,255,72,24,255,255,255,72,255,255,22,30,8,198,255,255,255,68,18,255,255,255,38,28,22,10,6,20,4,10,8,10,8,4,8,12,14,4,8,10,16,36,2,32,62,255,255,255,16,255,255,255,12,4,18,14,16,34,6,16,4,38,36,10,8,16,34,36,6,20,6,20,44,255,255,174,255,255,58,8,6,14,22,20,6,18,4,24,16,28,28,14,8,14,16,12,18,14,16,6,4,6,213
216,255,255,255,18,40,60,40,16,14,12,8,16,56,255,255,250,255,255,192,255,164,22,24,34,255,255,255,130,64,58,70,255,255,255,255,255,42,24,6,18,176,255,255,250,212,255,255,38,42,10,12,24,24,8,88,255,255,255,255,255,136,38,112,255,255,255,255,255,255,255,255,255,255,255,255,92,255,255,255,255,156,172,74,255,230,84,48,255,255,226,112,238,255,255,140,28,20,18,4,6,12,20,6,6,12,12,10,20,22,2,12,20,28,22,14,14,20,10,10,12,12,66,255,255,255,255,255,255,255,10,6,6,28,24,36,20,10,12,10,8,10,2,14,12,6,12,22,14,6,6,4,20,16,12,32,18,22,8,14,22,255,255,196,255,242,255,238,255,90,255,228,255,255,255,255,255,255,255,255,255,255,126,48,28,10,40,255,255,216,255,255,255,36,20,10,18,6,2,10,26,22,22,4,10,22,44,46,18,16,30,30,14,16,6,22,18,20,2,18,12,18,10,20,8,16,4,14,12,4,20,24,14,8,14,22,14,2,28,2,255,255,255,122,40,255,255,255,200,16,6,12,6,16,10,2,4,8,10,14,6,6,10,16,4,8,10,14,10,12,8,18,46,16,206,255,52,255,255,255,255,74,255,84,255,186,194,58,180,255,255,255,255,230,255,255,134,18,22,20,32,16,30,20,4,28,2,8,12,18,22,18,255,255,255,255,255,72,12,10,6,6,22,18,14,12,12,8,4,16,14,10,12,8,6,16,24,14,44,255,255,255,30,36,80,110,168,255,255,255,255,255,255,255,255,255,255,255,255,90,58,136,255,255,86,30,10,34,20,36,146,255,255,255,255,255,80,6,20,26,12,12,12,12,10,8,14,12,14,10,10,12,6,14,6,10,12,6,8,12,36,38,20,20,28,172,255,255,255,255,255,255,255,255,255,255,255,142,255,58,34,28,10,255,255,255,56,56,180,255,255,184,20,30,10,16,18,12,2,2,6,10,2,6,8,8,14,18,10,4,22,20,20,2,180,255,255,255,255,255,255,182,20,2,8,6,24,6,20,4,20,18,8,14,6,12,6,12,18,10,18,255,255,255,255,255,255,36,14,12,14,22,24,8,14,2,18,18,10,12,18,18,6,14,6,14,10,12,6,12,116,216
213,90,82,86,6,28,8,16,30,12,38,68,255,255,134,255,255,252,255,255,255,226,48,18,244,255,255,236,32,20,252,255,255,255,255,134,30,34,8,8,255,255,255,128,80,255,255,255,22,42,32,34,20,92,255,255,255,255,255,255,74,102,255,255,255,255,255,202,10,60,255,255,20,255,255,146,212,255,255,166,255,240,255,255,255,110,28,8,98,255,255,255,255,255,86,28,20,14,14,20,16,14,16,16,10,12,18,18,8,12,18,42,54,56,50,26,18,22,22,4,16,16,255,255,255,254,212,255,255,255,12,30,32,42,12,12,8,6,8,6,8,4,16,26,10,8,6,8,14,2,12,6,12,12,10,10,20,8,22,12,56,136,255,190,255,216,255,134,255,255,255,255,255,255,255,255,255,220,236,172,84,74,12,22,10,12,92,255,255,100,255,255,255,46,16,6,16,12,18,16,250,255,255,255,240,246,255,255,182,46,156,174,110,22,38,50,38,18,20,6,20,6,24,16,24,12,12,12,24,10,16,10,12,4,12,14,8,10,4,238,255,255,254,16,202,255,255,255,8,18,4,10,10,12,4,10,6,4,6,10,10,14,14,10,4,6,6,16,12,4,14,22,28,10,255,255,255,255,34,255,255,255,255,255,255,255,134,170,116,118,255,206,112,60,24,22,16,8,8,26,6,182,255,255,255,190,38,10,18,6,24,2,255,255,255,60,56,24,16,10,14,20,2,12,8,14,30,26,6,26,4,16,14,18,2,8,12,20,66,255,255,255,255,255,255,255,255,202,134,88,12,126,208,255,255,255,255,255,255,64,34,22,255,255,255,28,18,14,8,8,16,94,134,108,44,42,20,20,6,12,22,14,10,26,2,10,16,12,10,4,12,8,6,12,0,8,4,10,12,8,2,6,24,32,18,4,28,32,178,255,255,255,255,255,255,255,255,186,255,58,8,54,6,114,255,255,244,28,68,255,255,255,50,12,24,28,22,8,12,16,6,14,6,8,10,12,22,16,24,20,10,24,40,24,10,255,255,255,255,255,255,255,36,12,6,6,8,26,16,14,24,18,22,8,6,4,10,10,14,94,255,255,255,228,255,255,156,18,10,20,16,12,16,16,18,10,14,4,16,24,18,4,2,8,12,8,8,8,8,152,255,160
219,8,12,12,18,24,34,10,14,24,74,210,255,255,255,255,255,255,238,255,255,255,255,64,255,255,255,56,146,255,255,255,255,190,8,16,32,40,28,22,255,255,178,158,214,255,136,16,40,20,26,28,226,255,255,255,255,255,68,14,255,255,255,255,255,255,255,255,144,52,32,255,255,255,255,186,255,255,255,240,255,255,255,176,84,10,8,14,12,114,255,255,255,130,6,6,20,26,2,12,4,12,10,4,4,6,14,4,10,10,2,76,230,254,236,126,40,38,12,24,8,122,255,255,255,255,255,255,255,255,22,22,12,34,6,4,8,12,18,14,10,2,10,14,12,22,10,12,4,6,8,4,14,16,12,6,6,108,255,255,255,255,255,106,156,255,122,255,80,255,148,255,255,106,110,102,50,60,20,12,24,16,8,20,2,28,162,255,255,22,255,255,255,42,10,16,20,6,14,2,255,255,255,255,255,255,255,255,255,255,255,255,255,255,255,255,255,96,80,82,12,16,8,14,10,2,16,14,6,20,8,14,14,4,16,4,8,24,126,255,255,255,8,116,255,255,255,40,6,20,10,10,20,12,12,4,12,8,8,8,8,8,4,8,6,10,6,14,10,2,6,16,26,226,255,255,255,255,255,255,100,255,255,255,255,255,116,176,224,214,106,38,44,10,12,16,18,22,24,46,108,255,255,250,132,255,250,8,16,20,12,10,44,42,38,20,26,6,36,32,10,56,60,48,28,20,18,16,16,22,32,14,12,18,12,8,24,8,54,236,255,255,255,255,255,255,255,255,255,255,255,255,255,240,168,96,38,68,56,20,44,48,146,255,255,255,104,26,2,16,6,18,28,24,20,10,18,6,34,28,14,10,10,14,18,0,10,8,4,4,18,8,4,12,0,6,2,6,4,8,14,18,6,8,18,28,40,26,12,22,50,226,255,255,255,162,255,255,255,36,10,34,44,36,255,255,255,74,100,255,255,255,255,14,22,30,12,14,2,8,14,22,12,6,4,6,8,4,22,22,24,10,44,38,38,142,255,255,255,255,255,255,160,8,10,16,16,4,26,8,30,18,20,2,2,2,4,4,0,140,255,255,134,255,255,255,38,14,10,20,22,14,2,6,8,16,16,10,10,6,4,6,6,6,6,24,24,18,236,255,255,63
210,6,20,20,8,24,20,16,88,255,255,110,255,255,255,255,222,142,255,255,178,255,255,128,255,255,255,255,255,255,255,242,22,44,32,22,12,52,62,56,255,255,255,255,255,255,40,28,12,38,144,255,255,255,255,255,148,36,212,255,255,255,255,255,255,255,255,255,132,40,46,224,255,108,255,208,96,186,255,255,255,255,64,50,18,10,10,2,24,10,24,66,56,20,18,22,20,26,6,12,8,12,12,12,2,8,8,8,8,6,238,255,255,255,255,255,255,255,38,24,40,255,255,64,255,255,255,255,184,36,20,16,26,28,2,6,10,14,10,12,12,4,10,20,12,20,10,16,6,12,2,12,12,14,12,10,8,114,255,255,255,255,130,82,12,255,194,255,255,255,188,102,88,8,14,6,8,12,6,14,16,2,22,28,12,44,255,255,255,52,255,255,255,46,8,14,20,26,42,102,255,255,74,255,255,182,250,244,255,248,255,255,255,255,255,255,255,255,255,255,212,98,92,72,30,32,8,22,42,28,16,12,4,16,10,4,6,52,255,255,255,142,56,255,255,255,116,2,28,12,10,16,16,14,18,10,18,8,6,4,4,4,8,12,10,12,12,8,14,6,16,4,16,255,255,255,255,255,255,255,255,255,255,255,255,255,224,132,106,92,8,14,8,8,28,6,28,120,154,255,255,255,186,188,168,236,255,16,16,12,16,22,6,4,8,22,16,18,60,255,255,255,132,28,26,2,54,116,136,70,10,20,34,18,12,8,24,6,26,32,14,34,52,86,178,255,255,255,255,255,255,255,255,255,255,255,255,255,255,255,255,86,14,150,255,255,255,255,22,38,24,10,42,56,38,24,32,28,12,24,36,14,8,8,14,10,8,4,0,6,16,4,6,12,2,10,6,12,6,10,8,8,4,8,8,12,30,32,26,32,10,34,28,108,250,255,255,246,86,16,10,10,50,2,104,255,255,255,255,255,255,255,255,60,10,20,12,10,16,6,10,18,10,4,2,2,6,14,8,22,26,16,30,36,26,18,255,255,255,255,255,44,255,64,14,30,8,12,22,8,10,10,4,8,6,2,4,4,4,136,255,255,255,255,255,94,24,16,6,12,20,20,12,6,4,14,18,10,10,8,10,6,10,10,22,6,20,255,255,255,255,52
220,24,10,18,12,34,38,16,166,255,255,255,64,255,255,255,148,158,255,255,104,255,255,196,208,255,255,255,255,255,40,48,12,22,28,18,90,254,255,255,255,255,255,255,255,255,70,70,100,255,255,255,255,255,255,255,255,255,255,255,255,255,255,255,98,255,255,255,170,32,28,94,255,84,255,120,230,255,172,220,206,46,12,24,14,20,10,8,10,8,24,22,14,22,12,26,20,20,6,10,8,4,4,10,14,12,8,8,10,48,255,255,255,255,176,132,255,255,255,255,190,255,255,255,255,96,42,50,52,10,10,26,20,16,20,8,2,14,8,16,10,6,6,12,4,18,16,12,6,8,8,10,8,18,16,6,14,106,255,255,206,255,255,255,244,255,255,255,255,188,30,14,18,22,10,6,4,14,6,18,6,16,26,18,20,44,255,255,255,126,255,255,146,24,30,26,26,22,24,126,255,255,255,255,255,150,255,255,255,182,255,255,255,255,255,255,255,255,255,255,255,255,255,255,144,164,140,158,186,138,114,74,6,12,26,30,14,255,255,255,180,22,252,255,255,238,10,32,8,2,10,14,8,12,14,10,16,4,2,0,4,10,10,12,6,6,12,2,12,12,22,30,255,255,200,255,255,255,255,255,255,240,84,255,234,212,76,46,32,36,8,14,10,18,52,30,32,218,255,255,255,255,102,34,116,255,255,2,30,20,20,30,24,6,10,50,146,192,220,255,255,255,255,74,78,64,255,255,255,84,12,24,16,8,6,8,8,10,14,6,12,6,4,14,28,24,40,46,10,32,96,176,255,255,255,255,255,255,255,255,255,255,255,116,86,255,255,255,255,182,28,22,146,230,255,232,192,118,30,24,10,16,10,6,6,12,8,4,2,6,18,6,2,8,8,12,4,10,6,8,12,10,8,2,14,12,16,26,10,8,30,16,40,24,8,20,24,28,4,40,14,18,38,46,32,255,255,255,255,255,255,255,255,255,10,14,10,8,16,2,12,14,14,6,6,8,8,14,14,24,14,28,28,22,14,12,102,218,76,238,120,188,186,192,18,12,36,28,14,6,0,2,8,6,6,6,6,6,14,32,255,255,255,255,62,32,16,12,12,4,8,16,16,10,6,8,12,8,10,16,14,14,4,8,20,90,255,255,255,255,62,46
212,14,24,20,12,16,222,255,174,255,255,198,255,130,255,126,144,255,255,68,255,255,255,255,255,154,255,255,166,36,8,2,72,210,255,255,255,255,255,216,255,255,255,255,255,255,255,255,255,255,255,64,255,255,255,255,255,255,255,255,162,255,246,255,255,116,255,162,10,14,28,104,255,84,255,174,64,46,20,38,50,22,14,8,36,18,8,10,10,14,10,6,4,16,20,16,16,14,10,8,8,6,8,4,20,18,28,26,28,34,255,255,255,255,255,255,255,90,255,255,255,255,255,255,255,80,44,28,30,14,8,26,12,20,30,8,2,8,12,10,2,6,10,4,10,2,16,6,8,4,8,10,16,6,28,8,18,8,255,255,255,255,255,255,255,255,54,16,34,30,2,14,24,8,14,4,10,10,12,16,16,4,18,16,14,22,255,255,255,255,255,255,42,10,28,8,10,6,22,88,255,255,255,255,255,255,206,255,255,154,255,180,255,252,255,255,218,255,38,255,255,255,255,255,255,255,255,255,255,255,255,255,228,8,12,62,255,255,255,255,42,146,255,255,255,14,28,24,8,4,10,14,8,12,8,12,12,2,4,4,2,10,10,10,4,4,14,4,10,18,14,38,255,255,255,255,255,255,132,255,255,20,8,52,70,46,24,38,22,18,32,28,20,28,255,255,255,232,255,26,180,242,255,255,255,255,184,8,24,14,18,22,26,16,12,194,255,255,255,72,255,222,255,142,102,156,255,80,255,255,82,64,48,8,10,12,12,12,14,2,18,12,6,22,18,8,26,24,26,6,30,38,52,40,22,30,66,134,190,240,255,255,255,255,94,6,178,255,255,255,176,22,156,158,242,255,255,194,14,10,26,24,14,10,6,8,4,6,6,4,14,8,4,8,10,12,4,6,2,0,4,8,8,2,8,4,14,10,4,24,34,14,36,30,2,14,26,28,8,34,42,28,30,28,14,128,255,246,255,255,255,255,255,255,126,16,12,2,4,14,8,10,14,2,18,20,18,18,16,8,6,14,24,24,22,6,12,196,164,190,114,232,30,248,74,44,6,40,32,8,2,4,8,4,6,6,6,10,16,8,6,36,16,10,16,30,20,22,14,12,12,18,14,8,8,18,24,16,26,22,6,12,4,28,172,255,255,255,255,16,255,71
215,20,22,36,28,50,255,255,255,130,255,255,255,255,86,20,140,255,166,255,255,194,255,255,255,255,90,18,24,84,234,255,255,255,255,255,255,255,255,255,255,255,230,100,255,255,255,255,255,255,255,255,220,255,255,198,255,255,255,255,136,174,234,255,255,244,54,6,30,18,16,82,255,255,255,255,60,42,4,22,12,24,16,14,24,2,10,6,14,12,14,10,18,6,2,8,8,10,14,8,2,4,10,8,6,10,16,34,8,14,255,255,255,255,128,255,255,255,255,104,106,255,255,255,255,255,216,6,8,12,20,12,8,12,12,10,2,2,6,12,20,12,20,42,38,42,12,10,10,0,4,6,14,12,18,8,16,6,114,166,186,84,52,38,22,14,8,4,4,8,2,20,4,18,16,10,22,14,20,16,10,2,12,32,18,60,255,255,255,255,255,255,42,16,24,10,12,18,26,30,52,36,130,132,130,255,255,255,192,255,255,255,255,255,255,255,255,255,255,152,255,208,162,255,255,255,255,255,255,255,202,255,255,72,220,255,255,255,255,118,98,255,255,255,54,18,34,2,6,6,12,12,0,6,4,16,8,6,6,6,4,10,14,10,8,8,18,10,10,10,20,255,255,255,255,255,255,255,255,255,220,12,18,8,24,16,10,28,20,18,146,255,255,102,255,255,255,255,112,208,255,255,255,168,154,132,10,8,12,18,8,12,2,30,18,180,255,88,132,240,90,224,190,84,100,54,174,255,134,255,174,38,50,10,12,18,10,22,4,14,20,12,10,18,18,14,12,22,20,24,12,20,34,32,32,16,4,18,16,34,34,184,255,255,255,224,56,64,255,255,160,32,92,255,255,188,255,136,72,18,22,6,14,6,12,8,4,0,6,0,12,8,6,8,8,10,4,6,4,2,4,8,10,8,14,10,20,18,10,22,8,30,12,22,12,16,12,16,118,102,108,12,28,36,32,34,255,255,255,255,174,255,255,255,255,42,20,4,12,12,18,20,24,6,24,18,14,10,10,10,10,14,2,20,32,28,18,78,255,20,242,70,196,150,208,18,22,24,14,16,8,4,6,8,6,0,8,12,6,12,24,12,32,8,12,16,6,8,4,6,6,10,16,12,12,12,18,12,16,20,8,8,50,230,255,255,255,255,68,255,255,189
202,216,214,213,216,220,205,115,93,189,163,199,229,216,212,210,215,205,177,152,212,161,128,107,159,215,206,207,214,200,173,115,49,26,11,9,6,75,229,216,210,78,109,73,18,29,15,73,161,227,215,221,108,3,111,138,147,217,188,195,187,92,219,230,230,212,219,210,220,220,216,217,229,78,106,229,210,217,219,222,219,225,222,222,218,223,221,224,222,221,227,219,220,222,219,225,222,223,223,222,221,221,220,220,218,220,220,225,221,214,225,195,37,139,234,208,219,230,221,176,139,186,228,227,162,136,232,221,219,221,224,225,229,223,219,224,223,224,225,225,227,227,223,218,213,220,225,224,223,223,224,223,226,223,227,224,223,224,233,220,225,221,220,227,223,226,222,224,220,227,226,225,224,231,220,228,225,228,222,227,222,227,223,222,220,223,202,47,32,11,118,236,221,219,224,222,223,230,228,225,224,222,223,216,225,220,225,221,221,233,238,239,221,223,240,225,226,200,233,180,95,170,141,86,162,99,112,51,214,93,222,110,188,234,212,142,154,172,109,49,39,86,228,218,218,226,228,225,227,226,226,228,228,227,227,229,229,228,228,228,229,230,229,229,228,227,231,229,226,227,228,235,97,128,227,145,113,34,121,235,223,225,229,226,226,227,229,228,228,225,210,163,157,223,229,141,124,112,154,202,208,227,229,224,224,218,227,226,222,223,230,224,225,226,225,219,215,177,194,152,141,241,205,227,201,188,213,223,234,163,217,228,222,225,228,228,227,227,223,223,229,220,227,227,226,224,226,228,224,222,224,226,227,224,227,222,227,224,226,224,225,226,221,231,207,132,106,98,156,228,223,220,227,218,130,215,222,197,217,232,222,224,225,225,225,225,225,224,224,225,225,223,224,223,222,224,224,223,222,222,225,223,221,220,221,224,225,224,219,225,222,220,222,223,222,221,226,219,216,171,220,220,221,222,218,219,212,227,119,192,218,216,221,122,196,223,217,222,220,224,223,223,220,218,220,222,222,220,221,222,220,216,217,221,221,216,216,211,222,186,174,218,211,166,201,210,218,218,215,216,217,217,217,218,218,217,216,215,216,218,218,218,218,220,215,218,215,217,216,216,216,216,215,214,214,215,213,215,215,214,214,213,207,200,122,36,49,46,40,111,203,212
