183,182,180,178,180,184,188,190,190,190,191,192,190,188,190,196,198,202,206,206,206,207,207,207,208,207,208,207,202,198,195,190,188,191,192,194,200,203,202,202,206,206,206,206,207,206,206,205,205,205,206,205,204,202,201,201,196,195,195,196,197,199,202,204,205,203,199,195,197,202,206,207,210,210,210,207,205,203,203,204,205,204,201,197,194,194,196,198,204,204,205,202,196,194,195,194,195,200,202,198,196,198,199,198,201,201,202,203,204,204,203,201,194,191,189,189,190,192,196,201,202,205,207,205,202,201,202,203,199,201,202,200,198,198,201,202,200,207,212,211,204,198,198,200,198,197,201,207,211,211,210,209,213,211,208,204,201,201,204,206,215,215,215,215,215,214,214,215,215,215,214,214,216,216,208,199,188,176,171,175,186,203,216,215,214,217,217,216,216,216,214,210,205,201,195,192,193,197,200,202,204,206,209,211,210,209,211,213,214,211,212,216,216,214,214,218,217,218,218,217,217,217,216,215,217,216,216,215,213,208,188,164,149,132,134,155,173,187,196,197,198,197,199,194,181,177,182,185,188,188,189,190,185,181,185,194,201,205,206,204,199,193,188,184,182,180,187,195,190,177,176,184,184,184,178,181,185,171,160,170,176,185,197,205,207,206,201,197,193,195,195,194,198,202,199,192,192,190,188,188,190,192,193,193,189,188,190,196,202,202,197,191,182,180,177,177,182,190,194,195,194,198,201,201,201,203,205,206,208,200,197,202,204,200,200,204,208,209,212,215,216,212,207,203,202,202,202,205,209,212,213,213,212,211,210,209,209,210,211,212,216,217,218,219,221,222,223,224,224,225,225,226,226,226,226,226,225,225,226,227,227,227,227,226,226,225,224,223,220,215,211,208,203,205,205,206,207,212,216,219,213,215,215,214,214,216,218,220,218,211,207,209,210,209,209,212,218,214,209,206,211,216,214,208,206,206,203,202,205,207,199,187,178,173,171,175,184,197,207,208,206,204,204,206,209,209,205,199,194,195,194,190,186,185,188,192,193,189,190,198,201,200,201,205,202,200,198,200,206,210,208,203,206,209,209,207,203,196,187,178,171,164,160,165,170,172,173,174,173,175,178,179,176,177,187,197,203,201,195,188,181,176,174,174,183,191,197,200,202,204,204,201
184,26,30,12,32,44,36,32,10,24,30,36,32,28,48,46,40,44,32,12,10,8,4,4,0,0,0,24,36,32,46,58,60,84,58,40,8,20,30,34,26,18,12,10,14,14,8,6,6,10,8,8,18,30,24,26,36,26,12,16,22,34,44,42,32,34,70,76,50,40,26,22,18,10,22,34,32,20,2,6,2,8,32,54,48,26,34,70,58,46,52,68,98,108,98,88,66,64,28,36,14,32,22,30,22,10,8,6,6,2,10,46,74,66,52,72,86,86,80,60,34,16,8,16,26,24,26,16,6,18,36,46,64,46,10,10,12,32,46,18,34,66,54,20,8,16,30,40,30,14,16,12,10,14,38,48,38,10,12,48,58,26,6,2,2,6,6,4,2,4,8,8,8,28,70,112,128,148,128,162,246,242,132,34,18,12,8,6,0,14,36,62,88,120,144,134,128,150,150,156,154,152,162,154,138,130,128,126,116,110,128,122,96,86,88,72,48,30,14,6,6,2,8,6,4,4,2,10,32,114,216,255,232,152,24,208,228,160,110,62,10,6,6,62,102,48,28,64,44,14,8,16,32,16,36,66,72,56,32,30,28,46,54,38,62,70,76,32,82,96,40,38,8,38,34,42,102,122,56,114,134,128,128,102,62,10,34,60,42,8,8,30,46,28,50,66,60,50,42,32,46,32,34,48,42,28,54,72,52,2,46,84,88,62,42,40,38,52,48,20,22,34,18,10,4,14,16,18,34,28,6,30,24,4,4,38,44,24,34,36,8,38,60,46,22,8,4,26,46,46,30,12,0,8,20,34,48,56,56,50,36,26,26,26,20,14,10,8,6,2,2,6,6,4,4,4,8,6,2,4,4,4,0,4,6,8,12,24,42,54,52,62,36,6,10,10,22,44,50,12,22,8,8,8,24,32,50,42,20,50,26,8,14,12,24,42,32,38,64,50,16,30,68,98,102,94,98,92,100,120,174,178,186,172,150,168,156,164,138,64,10,20,14,30,18,10,36,54,62,62,62,54,34,14,38,44,22,2,16,48,50,26,20,48,46,18,14,36,60,48,14,8,16,20,10,34,68,90,90,88,96,94,80,122,124,110,94,88,74,52,52,52,70,114,134,106,58,74,102,120,118,100,80,98,110,82,56,38,32,16,26,204
186,38,46,34,58,50,14,30,22,28,10,12,22,28,38,32,28,34,30,20,16,12,18,18,20,24,24,36,30,8,14,22,26,30,18,32,24,22,26,50,38,22,12,8,12,10,12,4,0,10,14,20,20,32,34,22,30,52,46,36,38,44,52,50,40,24,20,44,34,4,18,28,30,22,10,18,24,20,16,14,10,12,12,38,64,92,90,108,92,48,46,54,102,116,84,108,56,36,28,36,40,52,64,50,28,26,22,10,6,14,28,34,70,80,62,74,70,52,34,20,18,30,26,24,30,18,8,24,8,10,40,42,46,60,32,8,4,8,26,32,16,34,60,50,20,4,28,42,40,36,34,20,8,6,22,38,34,14,4,28,54,46,16,2,4,6,6,8,2,10,6,6,6,20,54,122,188,172,132,104,242,255,188,72,28,14,14,8,2,16,38,62,90,128,152,132,102,118,116,124,128,124,136,148,152,146,138,136,124,124,152,168,170,174,162,132,90,50,24,6,4,4,2,8,8,6,6,2,6,64,156,248,255,218,92,136,230,182,140,96,32,10,4,28,96,102,28,50,52,22,14,22,32,22,12,46,70,62,42,14,14,36,48,28,48,34,30,8,38,62,40,24,42,42,36,50,68,56,40,56,140,150,132,100,68,34,26,62,66,40,14,24,34,30,2,32,54,60,50,14,32,14,16,36,42,38,54,64,50,26,36,76,96,80,46,4,34,76,96,74,54,46,26,10,8,14,16,6,18,46,48,14,18,8,14,20,52,40,38,42,30,14,54,56,34,16,6,8,24,36,38,32,22,14,14,14,20,18,10,10,4,2,8,10,6,4,2,6,8,10,6,4,6,6,4,2,0,2,2,0,0,2,4,2,4,2,4,12,28,46,50,68,58,14,12,16,14,34,52,38,12,32,6,4,18,18,28,48,36,76,78,44,18,18,20,28,38,16,16,30,34,58,70,100,98,80,90,86,88,90,128,122,132,100,90,118,88,86,96,58,4,26,22,26,16,8,24,26,30,44,72,80,60,26,34,40,38,18,10,22,52,38,16,14,22,40,32,20,20,36,22,12,12,14,18,12,64,104,110,106,116,124,116,142,136,110,84,96,96,82,66,68,76,94,96,76,48,58,90,116,120,106,88,68,52,36,42,40,36,24,44,202
186,30,42,58,70,48,34,14,14,14,18,42,38,34,38,34,26,30,30,24,24,18,34,28,36,48,46,46,36,24,38,34,38,46,68,54,28,32,36,50,56,40,32,26,34,34,40,40,32,26,22,20,18,20,36,30,46,66,50,32,36,44,52,46,32,38,24,26,36,32,28,42,52,52,30,24,26,26,18,12,16,16,10,38,84,96,70,78,102,36,10,16,82,110,52,114,88,58,66,66,68,66,70,40,28,24,26,16,2,16,28,26,22,42,38,34,20,4,12,18,34,40,32,26,14,18,20,16,14,12,34,42,4,46,54,30,12,4,14,36,38,16,18,50,50,22,8,34,40,38,38,44,38,24,12,26,36,24,4,14,46,62,32,4,6,6,8,8,8,12,4,4,2,12,34,100,204,255,188,32,172,255,236,118,44,22,10,4,4,18,42,66,94,122,120,68,22,28,44,60,72,68,70,90,112,116,110,114,116,156,192,226,244,255,240,186,134,88,48,14,6,4,6,10,4,4,6,6,10,18,84,192,254,252,176,30,186,208,166,112,56,10,4,6,58,120,86,30,56,36,18,18,32,38,32,8,40,40,32,16,18,40,54,16,26,16,2,10,18,44,60,40,14,20,42,92,86,74,90,36,86,150,142,116,92,54,10,36,56,50,16,20,40,54,50,18,44,76,86,62,72,52,32,38,38,26,32,38,46,32,6,28,60,66,42,40,48,46,72,60,42,34,28,18,20,24,22,32,42,44,58,44,6,18,8,6,28,44,32,34,36,8,36,62,56,38,20,8,16,14,20,32,34,28,30,32,34,32,26,26,20,14,16,14,8,6,8,14,12,8,6,4,8,10,12,16,18,16,10,8,6,6,8,6,8,2,4,6,16,36,46,62,68,40,8,24,12,20,40,54,20,30,30,14,14,28,40,28,20,10,46,44,26,36,50,56,62,56,28,36,44,56,64,78,64,54,58,50,54,18,96,128,168,144,130,170,128,110,94,60,40,22,4,20,44,50,38,22,42,48,52,62,58,42,50,48,50,40,32,26,20,38,6,18,32,22,14,14,16,38,44,36,16,20,46,40,16,72,94,86,80,88,96,114,114,96,76,98,120,128,98,56,38,38,44,52,28,14,44,74,82,76,66,48,6,38,52,58,56,34,44,198
187,12,16,30,32,18,36,12,12,12,26,32,14,16,20,22,18,30,32,28,28,24,40,32,44,60,48,48,40,34,52,44,50,44,56,46,54,54,56,50,72,70,64,50,54,44,40,46,54,54,46,42,32,4,36,48,60,64,40,10,16,48,68,48,20,28,30,38,52,54,52,54,68,78,58,26,28,26,14,6,14,14,10,28,84,112,90,40,60,56,44,50,100,156,112,138,86,54,70,66,46,48,38,16,18,16,22,18,4,18,22,18,10,2,8,16,30,42,48,56,50,36,40,32,32,14,18,4,24,14,18,40,38,12,52,58,40,20,8,32,40,32,22,6,40,46,18,20,38,34,26,38,56,52,28,10,36,38,18,14,34,64,50,20,8,4,8,10,10,10,4,6,4,8,18,62,164,255,255,128,72,210,248,164,68,28,6,4,12,18,46,76,118,172,208,198,168,138,110,84,70,60,62,42,16,14,28,74,158,254,255,255,255,255,255,234,154,116,70,24,12,6,8,6,2,2,6,8,8,2,44,134,228,255,212,80,102,222,200,126,82,34,8,2,14,88,108,28,48,58,34,26,32,42,60,28,22,42,50,46,24,12,36,26,24,42,10,10,16,40,74,86,48,56,30,86,84,64,98,102,8,124,164,170,154,116,60,8,32,48,28,10,14,34,46,12,42,74,80,58,26,6,4,18,32,26,32,56,68,60,40,18,34,64,62,54,42,36,74,66,50,52,46,30,24,26,20,22,10,16,18,32,30,24,34,8,2,36,28,26,36,28,4,44,68,66,44,10,16,12,4,8,28,38,42,44,42,34,24,22,18,14,16,18,16,12,12,18,20,16,16,16,18,20,22,20,18,20,18,16,12,8,6,6,4,4,4,2,6,28,44,50,62,56,20,30,22,16,24,42,42,12,38,30,8,12,16,46,58,52,32,42,34,20,34,46,48,44,26,16,58,80,68,54,60,68,44,32,74,64,106,152,202,200,146,158,120,98,58,28,50,54,10,36,28,50,38,14,18,54,84,96,88,64,34,20,20,14,6,16,12,46,48,16,12,24,36,30,16,24,26,40,22,20,24,42,18,38,74,74,58,60,66,80,88,84,78,82,84,98,80,40,30,52,68,72,64,40,14,32,44,48,50,58,46,14,10,34,44,26,10,198
187,4,2,20,28,10,18,6,4,6,20,18,4,2,18,18,8,20,26,30,32,28,46,42,54,66,50,52,60,54,52,48,50,38,34,20,32,38,38,28,50,68,74,66,58,48,44,40,58,74,64,62,60,26,14,40,58,74,70,42,42,62,56,34,24,26,28,36,54,62,54,48,52,72,58,30,12,14,16,12,18,14,4,22,66,110,118,86,88,98,64,58,62,106,104,84,58,48,52,30,10,12,8,12,20,24,26,16,2,14,22,20,16,12,30,48,54,62,72,80,70,58,44,32,38,38,20,10,30,24,10,20,44,30,16,50,56,48,26,4,22,24,26,38,10,34,36,10,18,24,18,28,46,68,60,28,10,34,34,18,12,48,58,38,14,2,2,6,6,6,4,4,6,6,6,30,108,228,255,210,82,128,192,168,88,38,12,6,10,6,32,56,92,148,196,218,228,234,228,216,194,182,192,184,158,134,104,88,170,255,255,255,255,255,255,255,144,102,62,18,12,10,8,4,4,2,8,10,8,8,20,86,196,255,244,178,20,180,234,166,116,74,12,6,4,44,100,72,12,60,54,32,24,22,54,54,20,46,68,82,66,22,28,34,4,34,22,4,14,24,52,76,52,8,32,56,48,48,82,114,52,70,162,210,202,162,108,48,12,50,52,42,24,22,32,30,18,42,38,46,52,42,32,32,32,12,14,32,48,48,36,16,32,78,92,92,72,34,40,60,64,68,50,22,10,10,14,16,24,30,20,26,36,18,38,16,8,24,42,44,50,56,44,10,38,70,66,40,18,12,6,12,14,24,36,50,58,54,46,42,36,32,30,30,28,22,20,24,24,26,34,38,36,32,26,24,18,16,24,30,32,30,22,8,4,4,6,2,8,16,38,40,48,56,30,26,36,24,28,22,36,30,30,42,6,10,38,36,20,28,14,54,78,56,22,28,22,30,34,24,44,92,104,88,78,94,98,90,112,92,72,116,168,190,144,152,136,110,58,44,26,48,10,40,24,40,28,20,16,30,52,62,52,36,46,36,50,50,40,30,24,28,56,34,18,12,10,8,30,32,14,18,18,16,28,36,36,22,48,56,30,8,22,36,44,50,40,16,32,62,76,72,44,44,66,72,72,58,22,16,30,44,58,70,70,54,28,12,42,42,22,201
188,6,8,4,18,14,14,8,8,6,24,28,14,14,28,22,12,2,8,18,26,30,50,50,60,66,54,60,64,72,40,40,28,42,14,14,32,38,38,22,10,24,48,64,72,80,82,70,74,86,76,76,84,64,36,44,26,44,62,42,36,46,26,34,32,24,20,20,42,44,22,12,12,42,44,32,20,28,30,24,20,18,10,12,22,56,80,62,52,66,40,30,34,36,62,50,34,32,16,38,48,50,40,38,46,48,44,32,26,30,32,36,34,28,48,50,40,42,52,56,52,66,16,12,26,26,8,22,12,32,16,10,32,46,26,14,44,60,58,32,2,16,18,32,36,10,38,44,20,2,14,26,20,50,68,60,26,14,36,32,10,26,54,46,16,2,6,8,8,2,4,4,4,6,2,12,64,170,246,222,134,118,148,132,88,52,24,4,10,12,8,20,32,60,86,102,118,138,152,166,170,172,188,198,204,214,198,206,246,255,230,168,178,255,255,230,154,124,80,22,6,10,6,4,4,0,14,10,12,4,4,40,142,244,255,232,128,78,224,208,142,104,46,10,2,12,74,98,32,38,54,46,28,6,20,58,44,12,34,64,62,24,30,58,44,24,14,16,10,10,20,50,56,48,52,30,20,46,68,88,78,86,120,200,200,162,120,68,12,38,52,54,36,6,34,58,40,38,40,44,36,12,8,6,28,32,34,36,36,32,24,30,26,58,84,94,74,28,30,82,96,90,74,44,26,16,14,6,6,14,22,40,68,54,24,24,8,18,46,62,62,74,80,60,10,44,68,66,42,10,4,10,22,16,8,24,48,60,62,64,60,56,52,44,36,28,22,24,30,46,58,60,56,56,46,44,34,42,48,52,62,64,54,40,22,8,14,8,18,12,38,54,58,50,36,10,46,42,40,30,38,36,16,42,20,6,34,46,46,40,38,34,74,70,28,6,22,42,66,64,24,42,74,90,90,104,134,122,116,94,76,74,116,142,152,142,128,98,48,66,28,30,30,6,14,16,38,28,10,8,26,46,54,44,32,20,20,26,30,26,38,40,38,16,8,14,20,28,32,20,10,8,40,28,26,14,24,24,22,48,68,74,68,88,82,80,82,58,32,44,66,72,48,18,34,62,68,52,20,12,26,42,62,74,70,58,44,42,48,68,60,198
188,2,4,0,8,8,8,6,2,10,28,24,6,6,20,8,8,6,12,12,16,36,66,70,74,80,70,58,46,56,40,10,12,38,40,66,76,70,82,64,52,34,54,62,66,74,76,72,76,86,86,84,92,84,60,52,36,34,28,24,30,22,16,14,14,16,12,12,50,68,58,50,50,74,68,48,30,28,30,32,12,8,8,10,20,36,70,62,38,38,34,30,24,28,34,38,12,28,46,74,82,80,62,56,66,46,28,20,26,32,30,32,30,28,34,30,30,32,24,36,34,54,42,40,46,42,28,34,18,24,32,22,22,40,46,14,18,38,54,48,24,20,20,28,48,50,16,22,34,28,18,16,12,22,48,62,56,24,14,26,16,8,44,70,36,4,6,6,2,4,2,8,4,6,6,4,24,108,196,208,162,74,112,116,84,58,30,2,2,12,4,4,6,12,20,20,20,30,38,46,58,76,88,82,84,116,132,148,224,255,255,255,255,255,255,255,204,132,64,8,4,12,8,12,12,8,12,6,10,2,4,10,68,180,255,255,200,46,148,224,170,110,84,24,14,8,26,92,64,28,46,52,32,16,16,40,50,34,24,46,54,42,26,50,54,26,10,28,12,10,12,36,72,68,28,44,48,76,88,100,124,104,60,186,202,152,136,100,42,8,20,38,34,14,20,48,52,12,34,66,76,58,26,8,20,16,12,4,20,40,58,68,44,8,38,72,74,50,32,36,64,58,52,30,20,20,18,22,24,20,16,22,44,52,24,30,28,52,56,70,90,94,100,94,50,12,40,56,60,48,26,14,16,24,24,12,10,32,44,54,56,52,54,54,46,34,26,40,58,76,86,82,76,80,68,62,48,68,72,74,82,96,84,66,52,36,32,24,32,24,44,54,50,46,48,20,44,54,56,36,28,24,16,20,28,16,12,18,18,8,42,34,38,44,28,20,20,30,52,68,42,16,60,82,72,86,82,94,68,52,52,42,52,58,74,84,70,32,24,42,34,30,58,50,16,14,34,52,36,12,18,38,50,58,60,50,42,44,44,32,26,30,20,6,24,16,12,22,30,16,34,42,56,76,40,20,22,30,30,58,78,68,40,76,76,64,52,36,16,54,80,100,80,24,18,44,64,66,46,26,20,2,20,44,48,52,60,44,20,46,56,193
189,20,16,12,10,8,8,8,6,4,32,44,34,28,28,6,8,6,18,18,16,36,58,54,54,60,40,24,22,36,30,22,44,74,82,90,84,62,92,84,70,72,62,44,28,22,24,36,58,74,84,82,82,76,62,54,42,50,34,22,10,4,20,16,6,12,20,26,34,68,74,64,62,70,60,42,26,22,24,34,22,2,2,14,28,30,66,74,48,14,20,44,52,38,26,46,72,96,108,122,100,108,90,68,56,50,28,8,6,12,12,16,6,4,18,32,36,26,28,48,76,86,72,56,42,28,12,22,30,8,34,34,18,30,54,34,16,14,24,44,46,24,30,36,40,60,58,30,4,30,40,40,28,6,16,30,44,38,20,38,16,8,24,72,64,12,2,6,4,4,0,8,4,2,6,6,6,54,128,164,170,110,62,110,110,90,60,6,8,8,0,2,12,10,16,16,10,16,16,6,10,26,66,106,146,182,176,136,100,116,142,190,255,255,255,244,156,84,32,4,6,12,6,10,10,10,2,8,8,0,2,6,26,108,214,255,246,144,42,196,224,142,104,72,14,10,2,58,64,20,32,42,42,26,34,44,30,22,18,34,44,58,46,24,30,30,16,36,28,4,18,30,64,90,60,46,28,64,88,98,134,178,92,128,196,138,140,118,58,24,16,46,40,18,10,16,28,32,28,48,56,46,42,30,52,34,36,26,26,36,60,80,62,26,14,62,88,84,68,48,50,56,64,52,38,18,6,2,8,18,26,32,34,44,50,30,40,70,96,114,122,138,136,130,92,38,6,28,46,62,52,34,16,12,26,30,22,8,4,16,34,42,44,54,62,60,64,86,102,108,106,86,82,84,72,62,42,66,72,78,72,106,112,86,66,58,46,44,46,26,34,42,46,46,46,8,42,64,52,22,6,10,24,14,8,20,4,10,28,22,26,38,18,40,58,42,22,20,20,30,36,26,42,68,46,24,8,22,34,12,22,26,6,12,28,4,30,32,16,22,50,40,22,54,26,30,32,20,22,22,20,22,38,40,38,18,24,32,46,32,34,34,44,56,60,56,34,34,46,24,18,26,26,42,46,24,12,0,20,46,58,50,36,68,90,80,58,46,16,20,34,60,70,42,12,32,56,84,86,74,56,24,10,42,60,76,90,56,18,12,38,190
184,36,36,38,32,18,10,10,18,28,32,46,46,46,42,12,8,14,24,16,14,24,38,44,38,44,36,46,54,52,46,34,38,58,56,50,40,16,48,72,88,78,42,16,22,28,16,2,22,36,52,60,62,62,58,60,42,32,28,52,38,22,32,40,10,14,20,24,22,24,50,54,42,32,26,20,14,10,18,30,30,14,2,16,24,10,30,44,34,70,62,78,82,74,50,56,86,112,122,106,76,92,84,40,18,28,24,16,18,26,28,16,8,18,28,46,70,64,66,78,86,78,64,48,40,38,22,16,28,18,20,34,18,24,54,48,22,16,14,28,52,54,34,14,12,26,40,40,24,4,28,48,54,32,20,14,26,34,28,44,28,30,26,54,74,42,4,2,4,6,2,8,6,2,4,8,6,24,64,94,136,134,40,82,140,148,122,48,8,8,2,4,10,4,12,4,10,8,12,40,64,100,152,188,206,204,170,136,88,8,120,228,255,255,200,130,76,38,18,8,8,8,0,6,2,4,6,6,4,0,0,6,14,62,156,234,255,218,64,114,240,206,126,96,16,18,8,40,34,26,44,44,40,30,26,66,46,18,18,28,24,32,40,34,14,36,24,20,26,16,20,30,46,76,68,18,52,42,54,66,80,158,170,164,178,90,104,104,54,30,26,68,76,46,22,18,24,32,14,24,44,62,60,34,40,38,14,16,14,16,42,50,40,28,24,56,92,94,70,28,36,88,108,100,82,66,48,28,24,18,22,18,12,26,52,40,24,66,122,146,122,184,200,178,130,78,22,12,22,44,48,54,48,30,32,36,34,26,12,20,24,40,36,42,58,72,88,100,98,90,82,56,72,78,64,48,16,42,56,64,52,82,114,102,80,74,70,70,72,56,46,58,58,46,40,18,50,60,48,24,6,14,24,30,26,20,10,10,10,16,22,18,24,30,68,68,38,20,8,22,54,58,28,24,34,28,30,22,10,24,8,36,34,28,42,40,12,54,60,28,42,66,14,54,60,18,26,20,14,50,52,40,44,54,64,56,48,34,50,32,24,22,30,46,32,56,34,22,34,28,28,44,34,8,30,42,18,12,34,52,62,74,66,60,100,102,84,80,62,22,26,46,76,78,38,4,36,64,74,74,58,36,22,56,76,98,114,80,36,24,36,188
180,28,36,56,60,48,30,24,30,26,12,18,22,34,46,34,18,4,26,32,20,16,28,38,40,46,50,66,66,62,60,42,42,54,34,26,30,20,34,46,96,102,58,30,34,28,30,16,10,20,38,52,58,60,58,66,52,10,6,28,34,18,20,42,34,12,16,24,24,14,14,24,22,10,20,40,40,24,20,20,18,14,16,18,36,28,8,42,104,136,100,122,108,80,62,26,56,84,74,12,42,56,54,62,70,66,58,48,40,30,20,8,10,28,38,34,56,54,60,68,60,38,28,22,30,44,38,18,24,28,6,26,14,12,34,42,22,14,16,18,24,48,52,34,8,12,24,30,30,20,6,12,42,44,20,10,32,46,26,36,34,30,40,48,70,66,20,2,4,6,4,6,6,4,2,4,4,14,46,58,86,108,84,68,134,184,174,90,22,10,8,8,2,12,12,6,8,18,52,90,126,168,202,202,184,148,98,42,56,176,250,255,230,168,102,62,40,18,4,2,4,4,4,4,2,6,8,6,2,0,0,2,8,32,100,184,255,255,158,10,168,234,170,112,60,18,38,38,16,18,40,34,32,36,18,58,68,48,36,36,34,30,24,28,22,40,46,16,22,20,6,22,32,62,90,56,20,24,48,90,98,152,178,172,168,122,126,98,42,42,24,28,64,50,12,10,26,54,48,20,46,72,66,44,18,22,38,20,18,20,30,22,50,58,30,16,56,68,46,58,58,60,94,94,68,54,46,28,8,10,16,14,20,32,60,80,74,62,128,158,126,170,234,220,154,102,54,24,6,16,22,34,44,36,32,30,26,24,34,42,26,30,30,48,56,60,66,62,48,44,40,28,50,62,48,36,14,40,48,40,20,34,70,74,72,76,78,80,82,76,60,60,50,38,22,16,42,48,44,32,12,22,34,22,36,14,8,6,6,20,16,6,22,16,24,56,32,24,22,22,44,70,72,26,40,26,12,26,14,26,28,24,34,32,34,50,40,32,80,44,56,76,54,62,108,90,44,48,80,80,54,58,66,58,36,16,26,16,20,18,26,24,32,56,22,32,50,46,36,32,32,18,40,40,44,72,56,20,36,44,58,64,44,24,54,88,88,90,88,48,14,68,96,108,88,38,30,42,46,58,72,56,18,16,40,72,102,96,74,36,16,186
181,24,12,24,38,38,26,12,12,4,22,36,40,34,18,24,20,10,18,36,36,34,40,46,46,50,64,70,64,62,64,56,60,58,28,12,20,18,32,38,72,96,58,28,16,20,34,44,48,64,72,78,78,66,48,52,56,22,18,22,30,34,46,72,48,16,10,18,30,32,26,34,46,44,40,50,62,54,30,22,24,22,18,8,28,30,14,52,94,94,52,76,92,64,42,8,56,118,130,84,122,106,108,116,96,74,66,52,32,28,16,4,10,28,34,24,24,24,32,24,4,12,16,14,16,30,44,26,18,24,2,20,14,10,14,28,26,20,22,28,34,28,34,46,30,14,14,24,30,30,24,24,10,24,22,24,22,44,28,26,30,14,38,34,54,78,40,4,2,0,6,4,4,6,4,4,4,10,36,52,74,106,130,122,116,210,228,142,44,16,6,4,4,12,8,12,4,40,84,132,178,200,194,168,134,60,38,146,240,255,255,182,112,62,24,12,6,8,10,10,6,2,6,4,2,4,6,6,2,2,4,6,4,10,50,124,220,255,226,104,66,216,210,132,86,28,44,26,18,28,36,34,42,48,16,28,42,44,36,22,24,22,18,8,14,4,32,26,16,38,22,6,12,30,76,100,38,48,34,90,102,126,142,128,126,126,132,80,16,50,66,30,34,50,30,14,12,30,46,16,44,90,92,72,46,12,56,40,44,46,50,56,84,98,76,30,36,60,64,60,58,20,44,64,46,32,28,36,28,12,14,8,10,12,10,40,76,88,122,128,76,74,182,218,172,122,80,50,32,42,46,42,44,42,42,42,40,46,46,36,22,26,50,58,50,44,44,38,32,28,6,30,62,84,80,62,34,56,78,84,70,48,44,16,8,20,38,54,60,54,38,22,16,20,14,12,22,42,52,48,36,30,36,10,28,12,22,28,16,14,26,26,30,48,32,34,62,32,14,16,16,42,62,24,40,62,36,28,12,28,52,56,38,48,34,60,84,36,70,96,94,86,76,48,92,90,50,48,64,38,20,34,38,20,10,18,22,14,14,40,54,52,48,48,40,38,56,74,52,28,32,36,44,32,22,58,68,34,14,58,82,94,94,68,34,48,82,84,82,70,30,24,48,78,88,74,26,48,58,68,86,90,68,30,12,58,96,110,116,92,54,189
184,32,30,30,38,32,16,8,22,36,42,44,44,38,26,28,30,16,6,20,30,40,52,60,56,64,70,66,56,56,58,52,38,16,8,18,28,28,36,38,56,68,48,32,48,58,52,66,64,54,56,58,62,54,40,48,64,62,38,36,50,58,68,66,30,18,10,6,22,30,30,50,64,56,54,48,66,68,50,16,20,12,12,8,22,20,0,38,96,134,104,44,78,90,72,34,48,98,130,106,114,86,92,94,66,48,44,32,32,30,20,10,16,32,36,20,4,8,16,18,28,30,38,36,34,48,64,46,38,40,20,28,20,16,18,10,12,10,8,12,14,10,10,36,50,34,20,2,22,36,38,44,40,38,18,28,20,26,32,12,28,8,26,26,40,76,60,20,4,6,6,2,2,6,8,2,4,2,14,46,88,146,154,156,112,214,255,214,90,20,6,8,4,10,8,12,12,62,102,148,188,194,164,96,18,104,210,255,255,214,138,62,32,20,6,12,8,18,10,12,10,6,6,2,2,6,6,6,6,6,6,6,4,6,26,88,178,255,255,184,34,164,240,172,102,20,20,10,16,34,42,40,48,46,18,16,8,18,24,18,10,4,20,36,38,40,14,28,14,30,34,16,10,18,44,90,64,20,20,28,14,28,70,100,110,106,74,24,12,26,62,54,10,62,62,28,16,16,32,36,18,58,66,50,72,62,72,70,50,46,36,34,58,72,66,34,14,70,102,96,92,68,26,64,74,68,58,40,30,22,30,36,28,36,30,22,66,120,154,168,126,42,94,186,182,142,96,58,32,60,74,76,80,76,72,66,60,62,52,36,30,40,56,52,38,30,28,18,8,32,70,104,120,120,98,70,50,62,92,108,106,88,70,56,48,34,10,26,44,46,34,20,22,30,10,10,12,30,44,38,30,12,22,12,20,18,26,18,34,28,34,26,20,38,48,18,76,76,34,42,32,52,64,54,8,38,38,12,24,58,74,78,50,80,62,72,96,64,68,80,60,56,66,34,66,62,30,16,40,38,18,28,18,26,26,56,54,58,58,54,64,60,48,26,28,28,26,52,54,32,20,10,14,32,24,20,40,44,18,34,80,88,72,60,42,44,70,78,68,78,84,60,30,66,88,90,44,16,54,70,70,64,54,40,16,44,86,104,122,118,62,195
183,28,30,44,48,36,18,24,40,36,32,30,34,30,20,18,14,6,10,6,10,24,36,46,46,46,48,42,32,26,26,18,4,22,26,22,22,18,14,16,50,70,68,80,74,38,16,42,56,48,50,58,72,86,84,78,88,74,36,28,36,34,34,20,4,12,14,16,18,24,22,40,50,40,42,28,44,52,42,10,14,20,24,18,26,18,6,26,58,102,120,68,106,110,72,40,48,70,90,74,50,34,42,40,20,8,4,10,28,42,42,30,30,48,50,32,20,38,40,52,52,50,64,62,60,66,82,74,64,46,48,46,28,12,16,10,10,10,8,18,20,14,8,16,34,50,48,38,16,20,32,42,52,52,44,30,24,10,22,8,24,26,10,22,32,62,70,42,14,6,2,2,6,4,8,8,6,10,10,24,68,160,228,184,94,146,255,255,160,58,12,6,8,6,2,6,28,76,98,118,138,126,50,82,196,255,255,252,162,72,28,8,6,4,4,8,6,12,0,10,4,6,4,2,0,4,6,6,6,8,6,6,6,6,18,48,126,220,255,250,150,54,224,224,142,42,6,18,32,38,50,44,46,40,34,36,12,8,16,18,18,16,24,22,22,38,18,24,34,10,20,20,8,24,30,60,68,30,44,50,26,36,38,40,58,54,32,12,8,10,36,54,20,46,74,52,16,4,26,52,40,44,66,78,70,44,18,36,26,30,24,40,58,54,38,36,24,40,82,82,74,64,28,52,90,102,94,62,44,36,22,18,2,8,6,28,60,136,176,200,182,122,40,148,190,174,138,98,56,78,86,80,74,66,62,60,60,58,46,32,22,18,22,18,2,10,20,58,104,128,144,142,128,112,90,70,62,58,80,98,102,100,96,92,84,74,56,24,10,30,44,34,50,38,28,20,14,16,28,26,22,12,8,12,8,16,50,18,44,44,36,26,20,30,52,34,28,68,92,92,68,96,98,94,72,26,16,22,34,48,50,62,54,76,86,86,80,46,24,62,90,88,54,10,60,70,50,34,38,56,46,18,16,10,48,54,32,26,20,10,22,20,42,44,52,64,68,56,24,32,26,24,26,24,26,12,16,40,44,20,18,36,30,52,64,22,46,66,60,60,74,64,24,42,96,122,106,58,24,50,70,66,40,28,34,4,44,64,86,102,74,199
186,44,36,42,40,28,34,28,28,16,14,18,24,12,12,18,26,26,22,12,18,18,12,8,10,6,18,14,16,22,26,32,38,38,28,18,12,16,10,26,62,90,94,128,138,102,72,78,80,80,82,84,90,98,86,70,62,36,4,4,10,12,38,38,22,28,32,30,22,22,16,18,44,36,24,14,48,66,58,38,28,30,32,20,14,2,14,20,24,56,88,68,82,74,36,30,32,46,46,54,32,10,32,52,56,42,34,52,70,78,72,52,48,62,62,38,30,56,58,72,76,76,92,88,82,82,96,92,68,66,68,60,40,24,16,10,14,6,12,20,20,10,8,20,24,2,30,58,64,42,16,24,34,38,62,38,20,18,30,26,18,34,14,20,28,40,66,58,22,6,2,4,8,4,8,6,8,6,14,22,36,124,244,255,170,28,222,255,212,104,34,14,8,0,0,2,24,62,84,108,148,166,136,255,255,255,200,120,44,16,16,18,4,6,6,6,4,6,10,14,4,6,2,6,4,4,4,6,4,6,4,4,8,8,24,12,66,156,240,255,236,78,144,232,180,84,26,18,38,38,46,40,42,40,30,54,30,6,4,6,14,26,32,26,14,16,26,18,42,30,8,28,14,10,24,40,74,80,32,14,40,24,34,68,46,14,10,12,22,20,34,62,58,10,32,46,30,18,26,58,70,22,52,92,92,84,56,52,54,26,24,28,20,36,50,66,64,20,28,48,50,58,50,12,38,66,64,36,16,28,22,28,20,22,16,28,16,80,128,164,174,160,58,88,174,194,178,154,110,92,86,72,60,48,40,38,32,18,2,10,6,26,50,62,42,60,80,126,146,126,112,88,70,66,66,54,44,38,38,48,54,62,70,82,98,110,110,94,72,34,8,26,30,18,26,30,8,12,38,42,40,42,38,24,8,12,38,20,58,64,60,50,56,56,68,72,54,100,118,98,50,90,94,90,72,34,18,50,56,52,46,56,44,36,72,96,76,38,22,44,60,74,72,24,34,66,62,48,26,32,20,34,24,14,50,12,44,38,54,54,48,30,52,52,42,46,40,22,6,22,28,30,22,28,34,26,18,32,44,40,14,30,50,66,82,70,50,36,54,38,60,60,46,38,66,86,90,76,48,76,66,34,34,38,54,36,26,24,42,76,82,205
193,56,46,44,36,26,22,4,16,20,12,12,18,4,16,20,18,18,28,30,26,22,20,18,24,16,26,32,32,30,32,40,40,34,32,30,22,24,30,62,62,80,82,112,134,114,84,76,64,54,54,60,72,76,58,32,30,30,18,24,22,20,36,44,30,36,34,22,18,16,22,22,54,70,60,58,74,70,58,40,22,22,28,26,10,10,8,14,24,48,76,68,58,38,32,52,28,24,14,44,58,38,48,72,86,66,40,56,78,80,64,42,52,68,64,36,34,62,62,82,80,62,78,82,70,62,62,52,18,40,62,72,64,54,48,36,34,46,44,44,46,38,32,26,32,30,10,24,56,70,58,28,26,32,46,46,28,30,30,20,6,20,24,14,36,32,50,72,46,12,2,8,8,2,6,6,4,16,10,16,22,78,188,255,255,104,110,222,206,126,70,20,8,8,8,6,28,80,110,130,158,172,214,255,228,142,74,24,4,4,16,10,10,4,6,6,8,2,6,6,8,8,6,12,8,8,2,2,4,2,0,2,8,4,12,4,30,102,190,255,255,172,36,204,228,146,52,24,26,36,44,34,44,40,14,50,52,32,16,16,10,12,18,20,18,4,36,32,12,30,26,40,42,12,14,28,56,94,84,40,38,14,8,62,74,20,56,70,60,48,50,80,92,58,44,42,26,6,20,12,36,30,40,100,102,80,56,14,62,54,36,14,22,42,52,68,80,52,16,52,64,66,76,50,46,58,52,42,34,30,16,14,8,10,16,30,28,26,52,94,120,144,100,22,124,200,194,166,126,56,60,52,28,20,12,18,32,54,72,72,72,68,56,70,56,74,96,116,102,78,70,52,42,42,38,18,12,10,8,12,14,22,36,48,66,86,96,106,114,100,62,36,24,30,46,10,42,44,58,58,54,60,64,56,12,16,20,26,80,88,86,56,70,82,82,70,36,66,94,88,18,56,82,90,72,44,30,42,70,76,64,54,56,32,30,80,78,52,40,46,32,70,94,70,22,22,42,38,36,58,58,44,40,30,34,12,36,2,4,18,4,28,58,70,34,6,14,22,10,14,30,36,18,14,6,22,36,30,14,24,22,28,66,84,78,62,48,26,70,88,82,52,24,2,26,60,70,62,48,38,22,40,42,36,50,42,6,24,30,50,70,212
198,34,26,16,14,20,24,18,20,34,34,26,18,6,14,16,16,14,30,38,30,26,28,22,20,16,26,32,32,24,34,36,28,24,22,24,24,38,46,60,40,34,54,80,98,88,62,46,40,32,34,40,46,42,26,12,22,20,10,18,14,18,24,40,50,58,54,42,46,40,26,38,38,72,66,68,66,56,48,26,14,12,16,24,22,12,6,12,24,26,50,52,36,10,24,56,50,44,34,74,110,106,86,84,100,100,60,50,64,52,26,8,24,58,60,26,24,46,38,58,46,34,44,42,18,26,4,24,22,28,32,54,64,66,68,64,68,70,52,48,48,38,40,18,14,20,20,8,14,42,54,36,30,30,22,42,36,40,48,38,26,28,28,16,38,46,40,62,60,28,6,12,8,4,2,4,4,16,14,8,8,50,118,232,255,194,114,154,172,122,82,42,16,14,10,6,12,62,104,132,146,128,164,156,98,40,12,10,12,6,6,10,14,4,6,6,4,6,2,4,4,0,8,8,2,8,8,8,6,4,2,4,8,10,8,6,10,62,130,222,255,228,80,116,240,226,96,30,34,38,30,18,42,54,16,30,48,56,34,14,16,6,4,12,22,12,28,42,10,34,42,8,34,18,4,20,32,58,76,20,36,42,32,70,110,74,80,82,62,74,62,76,80,52,18,44,74,46,30,30,36,30,16,44,86,76,56,34,30,60,46,18,26,16,20,28,46,42,28,58,96,90,82,56,6,52,86,100,80,56,48,38,36,26,24,22,24,14,26,76,118,148,128,74,94,180,204,164,122,52,12,34,54,76,84,90,102,112,112,102,106,92,72,70,58,58,80,82,68,62,54,36,28,26,14,2,2,2,2,4,4,6,14,20,28,36,40,60,90,106,92,74,42,22,28,24,42,16,26,46,46,52,76,90,64,24,50,100,120,114,104,68,82,90,88,54,16,24,84,110,58,30,72,90,90,74,60,20,24,58,68,60,72,78,48,46,86,86,62,12,42,72,118,118,80,26,34,50,34,22,22,26,38,30,36,14,22,50,46,32,12,26,14,44,36,14,20,36,28,20,18,34,38,34,48,54,34,18,2,26,38,16,28,56,54,46,58,54,78,68,38,22,26,30,10,40,68,68,68,52,26,24,30,28,44,50,24,22,22,18,22,222
199,18,14,12,16,22,22,16,14,24,38,42,26,14,8,22,26,20,24,32,14,2,14,20,18,26,36,30,30,28,38,36,26,26,8,14,16,52,68,64,48,14,26,62,78,72,52,28,18,20,24,26,22,16,14,12,18,18,20,30,14,22,34,50,72,78,76,80,90,82,54,36,26,38,40,36,36,34,24,6,6,10,10,20,28,16,14,18,16,8,8,26,72,100,76,90,66,46,30,80,138,132,90,74,76,110,78,28,30,36,24,40,66,86,76,40,44,66,62,76,60,12,14,32,34,42,52,54,56,54,44,30,14,26,40,48,58,54,46,38,28,30,48,36,18,24,10,6,24,44,46,32,40,46,20,30,10,22,48,54,68,64,22,10,10,42,44,52,60,44,18,12,14,2,2,4,6,6,4,10,8,30,78,162,246,220,106,126,134,110,70,36,14,10,12,10,18,16,48,78,96,78,82,64,28,4,2,6,16,12,6,6,4,2,6,8,10,8,2,2,2,6,14,20,18,12,8,8,8,6,8,8,8,6,8,6,8,30,80,176,255,255,182,8,186,255,202,64,38,22,14,2,34,60,34,6,28,54,52,12,12,2,6,16,26,16,24,48,42,46,74,42,18,18,16,14,32,46,72,62,44,38,20,16,62,88,64,74,76,94,102,88,64,44,54,38,68,62,32,10,32,52,54,16,62,104,92,88,64,78,64,38,42,38,20,14,44,60,50,18,66,92,72,56,32,34,68,98,84,56,44,18,2,12,18,22,36,34,30,76,132,168,150,136,104,98,176,158,122,70,44,80,92,96,100,104,106,98,82,70,70,92,88,80,64,36,58,58,50,44,26,6,8,10,8,4,2,0,0,0,0,0,0,2,14,20,18,26,58,82,76,82,62,18,10,42,20,4,76,78,86,84,118,152,142,90,110,136,126,116,114,78,94,90,88,56,20,22,50,78,80,20,48,78,96,96,84,52,16,46,80,82,82,86,58,50,70,92,70,58,62,46,78,108,106,68,16,54,72,52,16,40,42,20,16,30,28,10,46,62,46,66,56,60,46,22,12,26,24,24,24,50,56,36,32,10,28,36,28,38,58,52,14,26,42,46,62,66,52,38,42,20,0,8,18,12,34,50,72,82,66,36,32,24,32,34,20,16,14,14,10,220
200,30,24,12,10,14,14,18,26,36,76,82,52,56,42,52,68,44,14,26,20,6,18,6,4,18,18,4,6,0,12,14,14,24,8,16,4,36,66,72,68,52,16,38,50,54,48,24,8,14,18,24,26,28,30,36,38,42,42,64,46,46,54,54,58,56,50,60,86,92,70,48,32,10,4,6,12,14,16,24,22,30,30,34,36,20,14,20,18,8,16,62,124,142,102,138,110,66,30,34,114,98,22,30,20,68,62,38,50,62,54,72,80,80,64,26,34,56,58,68,86,72,42,54,52,64,92,92,90,86,74,58,36,14,28,36,42,38,36,34,24,40,64,42,24,22,8,22,38,42,30,24,34,44,44,50,32,14,42,88,76,102,50,22,22,24,34,52,66,62,36,2,16,8,4,2,2,4,4,4,12,8,48,108,180,202,154,92,106,106,86,58,24,8,12,8,8,8,4,14,32,32,24,14,2,4,6,6,6,8,8,4,4,10,10,8,2,16,24,30,40,52,56,58,60,56,38,14,2,6,10,6,4,6,14,0,12,10,48,126,230,255,252,120,88,255,255,172,52,8,10,2,24,54,54,18,20,54,56,16,8,2,2,12,34,30,34,52,40,32,54,48,18,26,30,4,24,46,76,110,76,56,62,42,28,28,42,88,128,86,142,136,98,86,88,48,40,42,38,34,24,42,46,36,22,94,98,78,64,20,42,40,14,22,32,36,64,92,92,74,28,62,62,66,76,48,38,54,46,32,36,38,36,36,32,38,36,14,6,26,80,144,160,176,158,62,132,134,104,72,72,76,58,56,62,60,52,40,30,36,34,62,74,82,72,28,30,52,56,54,42,16,4,10,8,6,6,4,4,4,4,4,4,6,8,12,12,12,36,62,58,70,56,24,52,94,92,114,174,140,138,118,110,146,164,124,98,114,100,94,90,44,60,66,74,72,46,32,30,74,116,90,26,52,82,88,80,46,32,50,82,88,70,62,70,62,14,68,82,58,38,16,38,52,82,92,44,26,68,66,16,40,56,38,30,42,68,60,70,52,18,8,12,18,48,54,30,8,10,18,12,32,40,10,6,34,40,20,2,14,26,40,18,22,34,48,56,50,62,46,44,32,16,18,24,12,10,14,22,48,46,22,10,24,50,60,44,36,24,8,4,219
202,26,28,22,16,16,20,2,28,58,82,70,44,48,48,48,70,74,46,40,32,16,26,22,12,18,26,32,38,36,40,36,38,36,20,28,16,18,52,76,90,82,48,66,76,70,58,60,74,84,82,88,80,60,46,52,46,42,36,64,54,34,28,22,28,26,18,22,50,74,68,48,34,22,22,32,30,34,38,44,54,62,54,48,38,16,16,24,34,24,38,58,86,84,32,70,100,58,28,32,128,180,92,80,88,122,108,78,64,72,68,74,72,62,42,12,28,52,64,62,84,102,68,54,48,68,88,76,52,62,58,52,42,34,36,26,22,18,20,30,56,76,76,44,14,6,32,52,56,44,22,8,24,26,32,28,38,54,46,44,16,64,56,34,20,18,18,26,52,70,54,14,12,12,0,4,4,6,6,6,6,6,12,56,114,148,158,96,44,104,122,112,66,26,8,6,8,8,6,12,10,6,6,8,10,8,12,8,14,16,14,12,14,22,34,40,56,74,80,90,108,122,122,116,118,108,86,52,22,10,6,4,2,2,12,6,8,4,14,66,162,252,255,224,54,182,255,255,122,22,10,2,16,40,56,34,8,50,60,24,6,2,6,10,14,12,14,32,24,14,24,40,32,16,34,20,6,28,60,102,98,38,32,14,46,22,32,90,106,38,110,144,128,120,106,80,26,28,44,42,20,24,26,34,18,48,82,52,36,50,56,76,46,36,32,20,20,52,62,62,18,52,76,84,90,72,32,24,60,70,66,46,22,12,12,24,28,36,30,24,36,118,170,202,216,132,176,166,136,108,92,68,38,36,40,30,14,18,10,16,12,22,46,74,84,50,14,38,62,72,66,40,16,6,2,2,4,4,4,4,4,4,4,2,4,4,4,4,16,42,46,62,60,60,100,120,122,142,148,100,82,70,32,42,84,104,104,136,122,90,40,58,94,46,54,84,72,30,46,68,108,114,78,10,38,60,78,66,34,6,34,64,74,70,84,80,42,62,76,88,72,24,26,42,54,86,90,52,60,62,32,28,54,52,32,28,46,54,36,12,44,58,58,50,44,54,40,16,32,40,40,36,26,28,4,36,42,40,58,56,62,70,52,42,52,50,28,16,22,32,18,16,14,10,2,20,32,38,16,20,38,28,18,6,20,22,14,26,26,10,4,219
201,16,18,22,22,18,20,14,36,48,44,30,30,4,24,22,18,44,48,42,36,18,20,14,10,12,26,38,34,36,36,22,20,10,10,20,24,26,40,70,100,94,54,64,72,72,76,96,106,100,84,98,94,66,34,36,38,28,22,48,50,10,12,34,48,44,42,52,74,78,50,40,28,14,36,52,50,56,62,70,74,66,58,46,30,22,20,36,48,30,54,80,108,136,114,58,98,94,56,40,56,130,114,88,100,106,88,58,38,46,44,42,34,22,10,2,14,36,52,50,56,78,68,30,22,40,38,26,6,18,26,36,40,36,28,12,20,26,38,60,70,66,46,18,8,32,50,56,46,20,12,22,28,40,44,42,52,80,88,76,32,46,62,44,22,24,10,8,34,68,68,34,6,10,4,6,6,10,2,8,2,6,4,22,64,90,124,116,40,90,146,166,116,50,20,16,10,6,2,6,2,2,10,8,6,2,10,18,24,32,40,50,68,92,110,116,132,146,146,156,174,178,162,162,162,140,116,80,46,12,8,10,4,2,6,8,2,6,6,24,96,196,255,255,172,58,254,255,190,56,2,8,8,26,50,38,2,42,58,30,8,4,8,8,16,14,20,42,28,18,30,56,66,26,26,18,12,10,40,72,88,46,28,38,30,38,36,48,72,42,46,112,136,128,76,54,38,36,62,70,46,16,20,38,54,12,56,56,52,34,4,32,22,10,18,34,38,52,50,40,28,24,66,80,66,48,36,48,72,96,98,80,54,32,22,26,28,20,10,18,36,104,158,190,212,166,154,138,126,102,68,42,28,32,32,14,8,24,28,20,20,16,8,44,74,66,32,0,32,58,68,54,30,16,8,4,2,0,0,0,0,0,0,4,6,2,4,6,10,38,48,72,72,66,88,78,78,84,48,4,38,58,32,10,42,90,118,144,120,72,60,106,66,16,40,66,70,50,58,32,58,90,90,38,26,50,88,100,80,44,12,34,70,78,84,84,68,42,44,52,62,52,34,50,56,88,106,94,62,44,16,14,6,32,44,32,32,24,40,40,42,24,12,10,30,44,42,42,52,64,70,74,42,44,34,48,56,42,42,36,44,52,42,38,34,26,30,32,36,10,14,14,30,12,16,12,18,26,18,20,48,56,50,32,50,36,28,34,20,10,10,219
200,8,14,22,28,30,30,24,42,30,26,34,52,36,60,50,28,10,10,20,20,26,28,10,2,2,16,16,10,32,40,30,28,34,40,48,54,58,62,60,94,92,56,54,54,52,60,66,50,32,10,32,46,36,20,14,14,20,20,42,48,20,10,10,32,32,36,60,78,78,58,44,20,18,48,62,64,68,64,58,48,32,38,36,24,26,38,44,48,20,44,64,76,102,108,64,114,106,48,20,16,58,76,70,80,72,52,24,8,8,12,12,6,4,10,10,2,12,22,28,28,40,54,34,10,38,38,46,30,32,36,38,32,38,36,30,42,46,46,50,40,42,40,34,20,42,42,28,22,22,46,44,44,56,62,60,62,80,82,56,58,72,102,82,30,24,12,8,24,56,72,50,12,10,4,4,4,10,4,2,4,2,4,8,30,44,84,116,116,104,160,224,186,90,26,8,12,10,6,8,8,6,6,8,16,32,54,72,86,104,118,130,146,162,168,168,178,182,174,178,188,174,138,164,172,146,120,84,58,28,14,8,4,2,2,6,6,2,4,8,48,138,232,255,255,74,156,255,255,126,26,8,8,16,50,50,8,32,50,30,12,6,8,10,18,20,44,64,44,36,42,60,78,50,16,14,14,10,20,48,86,94,38,12,22,46,88,86,80,72,30,72,138,152,96,66,54,10,26,50,38,20,22,40,66,50,32,80,74,62,48,34,20,22,20,12,6,20,48,68,78,52,32,56,48,42,58,36,28,54,70,64,42,18,20,26,18,30,38,42,28,64,98,122,146,130,112,100,100,68,28,28,36,38,26,6,16,22,40,34,30,36,24,20,40,56,48,30,4,42,68,68,48,30,16,6,4,4,4,4,4,4,4,8,8,6,8,14,4,26,40,60,80,88,98,80,94,94,30,40,60,38,22,24,50,58,30,24,24,96,146,138,58,42,22,56,60,60,70,42,20,70,92,58,6,32,64,82,72,48,24,24,84,108,98,84,74,42,54,78,84,42,14,12,26,72,90,86,56,20,8,14,24,30,46,58,38,34,66,86,70,36,56,54,56,62,54,46,50,56,52,54,66,32,14,4,16,14,18,24,22,26,22,14,8,44,74,62,68,54,12,10,38,34,38,34,48,32,20,10,30,46,50,24,14,16,22,36,30,36,16,218
200,12,18,26,32,36,40,34,28,28,34,34,46,46,66,44,34,32,24,16,8,24,40,20,10,20,30,36,44,64,64,62,60,54,48,56,66,66,58,50,78,74,52,44,30,24,60,76,80,82,72,72,70,50,36,18,12,14,12,32,38,16,14,8,8,14,34,56,72,74,64,50,20,24,32,40,40,36,18,18,4,8,20,34,40,46,52,44,32,12,26,46,58,74,78,64,94,70,30,20,28,42,50,48,56,48,32,10,2,6,6,4,10,8,10,14,12,6,8,16,18,22,42,42,14,30,38,46,36,38,44,46,42,36,24,18,18,10,16,16,34,44,34,22,26,48,34,10,18,34,48,34,26,28,16,4,14,50,76,88,80,60,116,120,56,20,18,0,12,40,66,56,20,8,6,2,4,4,6,4,2,2,6,10,28,40,74,136,164,156,144,255,255,162,56,8,4,2,2,4,6,2,18,36,60,96,130,152,164,174,182,182,182,182,174,162,156,148,136,138,142,114,98,130,156,144,112,70,52,38,10,2,10,8,2,2,6,8,8,8,24,92,194,255,255,190,32,248,255,210,72,4,12,4,44,64,24,26,44,28,14,8,8,10,14,8,32,44,18,8,8,20,46,42,22,30,36,34,12,14,58,102,96,44,52,36,80,82,78,104,74,24,122,174,166,138,112,74,32,50,46,26,10,14,38,50,20,82,96,62,34,36,36,62,52,34,34,36,50,70,92,82,28,40,58,60,70,56,32,36,46,58,50,30,30,26,24,20,10,24,20,26,30,44,54,42,78,76,74,48,22,22,28,38,28,8,18,6,18,32,28,24,24,10,18,44,52,48,20,28,62,74,60,40,22,4,8,8,8,8,8,8,8,10,10,12,14,22,20,46,66,84,100,100,110,96,118,102,42,84,66,40,66,68,106,108,104,126,158,210,192,144,86,102,82,60,36,44,42,30,6,42,88,102,64,44,68,78,62,40,28,20,44,88,82,70,72,66,72,70,54,16,34,16,30,20,54,84,78,60,70,46,36,52,60,56,66,54,76,102,96,48,34,30,44,60,54,44,40,36,40,14,28,40,44,48,36,22,18,48,50,46,40,24,14,42,56,60,58,98,58,24,36,32,20,30,24,6,10,16,16,22,26,14,4,8,16,34,30,30,26,218
201,4,10,16,16,12,10,10,16,26,30,28,40,66,68,46,52,40,20,14,14,22,34,40,52,44,36,46,70,72,64,64,48,50,32,38,48,42,24,28,52,38,26,18,14,24,48,64,76,74,62,60,62,50,32,10,16,18,12,36,52,30,10,2,8,26,44,64,80,80,68,48,36,46,50,58,62,46,26,38,32,32,46,52,48,42,34,20,22,18,20,20,44,66,66,68,66,48,32,14,16,20,28,28,32,20,10,2,4,4,4,4,10,12,12,16,14,12,18,28,36,36,44,48,28,12,30,38,30,32,34,36,36,26,10,30,36,28,36,36,30,22,34,30,54,52,34,24,24,40,50,34,32,44,42,40,22,40,74,104,82,4,86,140,100,24,14,10,6,24,62,78,44,8,4,6,4,2,4,6,4,2,4,12,18,48,90,168,180,156,112,234,255,242,118,16,2,2,2,2,6,4,26,50,80,124,158,178,176,166,166,160,154,144,124,100,80,56,28,8,46,78,128,164,180,168,132,76,38,22,8,4,6,4,6,0,4,4,2,4,6,38,132,238,255,255,102,152,255,255,152,38,16,4,20,52,34,24,38,28,12,8,6,8,24,24,54,68,34,26,30,42,56,38,18,10,30,38,22,8,24,60,78,40,38,54,66,42,34,90,110,36,90,174,198,180,142,92,32,28,60,60,40,24,24,34,40,26,80,70,50,60,44,60,62,36,10,4,10,26,40,46,24,32,78,92,80,62,26,26,68,96,94,74,56,28,24,20,26,34,36,18,16,50,54,30,44,34,30,8,36,42,40,46,40,32,34,38,22,10,20,14,18,12,4,20,44,60,48,6,38,72,70,54,40,8,8,2,2,6,14,26,30,30,36,42,44,44,46,62,80,84,70,84,124,96,84,84,124,166,124,104,138,120,146,126,138,146,162,192,158,114,78,90,86,60,36,72,70,46,22,22,50,104,114,74,70,56,26,38,54,62,28,44,44,34,26,50,56,42,28,14,20,12,32,26,30,78,94,70,78,78,38,38,40,30,44,50,50,58,64,48,18,34,58,60,48,32,22,20,34,48,42,66,38,36,32,20,42,60,58,48,34,24,34,66,64,78,58,100,102,72,42,30,16,6,12,28,30,24,20,14,22,24,36,40,32,20,10,4,20,218
201,32,36,38,36,34,36,34,24,26,28,24,56,66,54,54,72,70,42,20,18,40,50,78,92,62,60,52,58,46,44,44,22,36,24,8,34,34,24,50,72,50,32,50,48,38,30,20,48,62,50,70,76,70,48,40,30,42,38,54,76,44,36,26,38,44,58,70,76,66,50,30,36,46,54,62,68,62,52,56,50,52,56,54,46,36,24,14,14,14,18,18,14,30,36,38,36,32,24,6,4,4,10,16,12,2,4,4,8,8,6,8,8,8,6,14,18,20,24,34,52,64,68,70,58,28,18,16,6,6,26,48,58,48,38,56,56,54,56,42,38,12,40,64,66,48,38,38,42,54,78,70,58,56,46,42,28,22,68,102,86,24,54,128,126,58,2,12,4,14,40,84,74,18,0,2,6,2,0,2,6,4,2,14,6,26,82,184,255,224,98,120,255,255,198,66,14,6,4,2,10,2,28,50,82,128,154,170,152,114,98,76,44,6,30,62,92,128,160,186,218,252,255,255,240,192,136,76,38,22,10,2,4,6,10,6,4,2,2,8,10,2,64,168,255,255,248,6,230,255,242,86,28,14,12,40,42,20,28,34,16,12,26,34,38,26,46,72,50,26,26,26,18,42,54,36,12,24,18,0,10,32,70,62,42,50,30,26,40,70,84,90,96,158,204,178,140,94,48,30,50,66,50,8,14,36,72,48,40,70,72,66,64,26,42,42,26,26,28,28,26,44,46,18,44,86,82,64,44,36,44,80,86,68,48,32,18,6,4,14,22,26,32,56,78,32,26,24,42,58,62,92,88,84,74,36,12,38,44,20,10,12,22,16,16,4,24,46,48,34,8,56,66,54,52,22,18,18,38,44,52,64,56,52,66,68,62,56,56,52,66,60,38,58,118,140,132,122,128,140,110,100,116,76,112,100,122,120,124,144,116,88,78,80,86,86,70,84,60,28,18,8,12,22,62,66,32,20,38,40,54,68,40,16,52,56,28,36,28,30,22,18,16,18,26,26,26,20,56,44,30,34,30,10,54,58,16,22,34,40,46,58,66,88,100,70,42,30,16,8,18,36,36,38,28,34,50,68,72,82,72,48,34,52,88,104,92,100,64,72,96,82,42,26,18,12,20,20,18,6,14,18,28,32,20,24,16,8,22,24,34,215
196,32,30,26,22,20,16,4,2,10,24,26,46,42,22,24,54,82,72,40,26,44,50,78,86,48,62,26,16,16,14,14,12,30,32,18,42,42,24,44,80,72,54,54,20,36,34,22,2,30,72,86,86,76,84,80,50,58,78,78,84,46,38,44,44,44,54,56,50,32,22,8,12,24,40,56,62,58,58,60,56,54,50,46,40,36,30,18,4,10,12,14,8,4,12,16,14,8,4,6,6,8,12,8,6,4,8,14,12,8,8,8,6,6,6,16,20,20,20,22,36,58,70,80,78,52,26,34,40,44,44,58,70,56,18,20,28,32,22,10,26,36,40,26,14,18,20,18,16,16,40,56,54,48,42,44,36,10,56,106,108,58,12,92,130,98,34,22,12,16,18,60,88,48,4,4,2,2,0,0,4,4,0,4,8,0,44,146,255,255,218,22,188,255,234,114,38,14,2,4,12,6,34,58,74,110,118,104,50,24,54,94,144,188,212,228,244,255,255,255,240,218,192,168,140,110,82,44,18,10,8,6,8,6,6,8,4,6,4,4,8,6,20,100,218,255,255,162,96,255,255,154,48,10,10,36,44,24,20,32,24,34,66,66,56,36,38,62,62,20,14,10,10,20,34,34,10,30,40,18,16,10,68,102,70,24,38,46,72,64,80,118,136,116,220,194,156,130,76,34,18,36,44,28,20,32,58,62,16,56,88,76,84,62,24,36,18,20,28,32,56,80,86,74,30,34,66,74,64,42,34,60,56,48,28,22,20,20,20,20,16,10,18,16,34,34,22,36,64,84,90,114,140,130,120,88,40,12,42,36,26,12,8,10,12,8,24,38,28,32,18,42,56,40,46,28,36,50,76,70,66,70,52,48,54,48,40,44,48,46,60,68,64,56,56,64,72,86,54,88,88,90,92,56,90,98,126,118,110,98,70,56,74,76,74,70,62,40,24,6,26,24,24,22,20,48,72,38,14,20,28,36,32,24,50,76,60,18,12,6,14,12,6,10,18,38,52,38,22,42,28,20,24,22,32,38,32,22,34,48,46,66,74,98,84,36,24,26,44,52,48,56,56,46,74,86,64,92,82,96,104,80,54,54,82,90,84,84,36,48,82,84,60,28,2,20,12,10,30,12,22,26,10,16,30,38,36,40,42,34,26,208
195,20,20,16,10,8,6,10,12,14,4,4,28,28,8,2,22,56,60,34,12,36,38,52,58,20,40,40,24,38,34,20,50,60,54,28,42,36,18,46,90,70,24,8,42,84,62,48,46,34,68,66,66,58,82,88,48,62,72,62,66,44,40,38,34,40,44,42,32,28,26,20,22,20,14,26,30,30,36,36,32,34,34,26,18,16,12,4,8,10,10,8,8,14,14,10,8,8,8,12,12,12,10,4,4,4,6,8,4,4,8,8,10,14,14,24,26,18,10,6,10,26,44,62,70,52,24,34,50,40,30,36,44,36,26,28,44,34,18,26,22,34,50,26,14,20,16,14,18,20,14,26,32,30,26,30,30,4,30,84,118,98,34,74,144,144,90,30,10,14,18,36,82,82,20,4,6,6,2,0,4,6,2,2,4,4,8,74,194,255,255,138,136,174,198,128,58,28,16,10,10,4,28,66,108,156,178,180,178,206,230,248,255,255,240,218,200,184,164,136,104,82,66,50,34,24,18,10,6,8,8,6,6,8,14,8,4,4,10,8,4,4,6,48,142,255,255,255,42,212,255,244,118,32,12,18,28,32,18,28,32,54,78,70,68,78,62,64,66,28,24,26,26,30,30,30,30,22,50,34,20,14,34,82,78,28,18,14,58,74,80,126,126,20,172,174,154,150,92,46,18,28,60,50,20,8,20,34,38,42,80,66,54,70,34,66,54,40,32,28,24,44,54,62,42,22,76,96,98,80,34,26,66,80,68,38,20,22,24,28,32,36,36,22,28,38,26,28,56,96,124,104,182,188,160,118,76,28,10,24,38,40,20,6,14,10,28,36,34,48,30,50,62,38,38,22,30,46,68,54,52,68,62,64,68,62,54,66,66,70,70,80,60,22,24,34,40,62,70,128,136,124,90,54,56,84,86,74,52,26,14,6,22,34,26,10,20,28,8,2,18,22,30,40,52,44,86,78,40,26,24,22,40,46,18,22,36,32,28,26,6,6,10,8,2,14,24,32,14,58,62,48,44,54,44,30,16,22,24,6,20,32,28,28,4,48,62,76,96,98,78,96,86,96,86,80,42,72,52,50,60,48,26,16,54,66,68,34,36,88,90,64,62,34,18,22,20,22,40,52,38,52,30,12,10,30,32,30,26,20,18,209
193,38,34,26,22,10,6,16,14,30,16,16,36,38,14,2,10,40,54,34,8,40,40,52,66,46,68,46,18,36,50,30,60,56,48,38,50,46,38,78,100,68,26,28,64,88,52,44,56,66,60,42,42,40,66,88,48,62,56,48,52,44,44,36,38,44,44,40,30,18,10,6,12,12,8,12,12,14,14,12,10,16,16,10,8,0,6,4,4,10,16,18,16,14,4,6,12,22,28,30,32,28,14,6,12,12,14,20,22,24,30,36,42,44,42,50,54,48,34,14,6,16,36,56,68,56,34,18,38,16,6,28,44,40,22,8,40,44,20,24,12,12,36,16,18,36,24,14,14,6,10,22,28,36,38,34,18,12,30,48,78,94,70,40,126,156,118,48,8,6,12,8,50,92,46,6,8,6,4,0,2,6,4,4,6,2,12,20,102,228,255,208,130,152,150,126,62,24,14,12,6,8,12,46,94,156,202,194,210,224,226,208,182,154,120,90,72,60,40,18,8,4,4,2,8,6,4,8,10,12,6,2,4,6,8,4,8,6,12,4,8,12,16,18,76,192,255,255,190,68,255,255,190,60,14,8,12,24,12,28,38,64,86,94,74,120,104,92,90,58,48,32,20,14,6,32,46,20,18,22,10,6,12,54,76,44,52,64,86,90,64,120,180,106,216,166,120,116,60,36,46,36,78,90,60,22,16,34,48,14,30,56,68,56,28,10,28,28,22,18,38,40,24,42,52,32,68,90,90,84,44,30,64,90,92,68,42,32,26,20,18,16,18,20,26,60,70,48,56,114,152,130,178,228,200,144,98,56,22,10,12,34,32,24,4,20,50,56,52,60,32,56,64,34,24,8,18,46,74,64,66,86,82,76,80,70,60,40,26,24,6,40,46,72,78,86,68,56,72,102,94,78,42,26,24,30,16,10,4,4,12,24,28,28,28,18,14,12,24,16,10,6,16,16,38,26,28,52,36,28,34,38,44,66,56,22,36,34,10,28,28,22,32,36,38,44,44,46,24,38,56,40,26,16,28,42,50,68,62,50,50,46,38,38,44,72,66,70,92,88,62,72,48,74,30,20,16,44,46,42,48,46,36,28,50,70,80,42,84,94,70,36,62,56,20,12,8,22,42,22,14,24,18,28,30,42,48,44,32,14,4,212
187,32,24,20,20,10,10,28,22,30,26,22,30,36,22,10,14,36,50,42,18,42,60,74,66,66,68,38,24,32,68,42,64,50,40,46,62,56,78,86,88,68,44,62,68,68,26,26,44,66,62,34,32,32,38,70,48,56,48,42,52,48,44,36,32,38,38,32,24,14,8,2,8,4,2,6,10,10,6,6,10,14,12,12,14,8,4,6,14,20,26,28,30,24,16,6,16,20,24,20,22,22,26,34,36,32,32,34,34,40,48,62,64,56,58,64,68,66,50,26,10,14,32,50,64,60,42,12,50,50,14,28,48,40,24,18,38,48,18,8,12,16,34,24,14,20,20,18,20,14,16,8,20,38,36,28,18,20,28,42,62,94,92,34,60,128,126,70,18,28,24,12,16,78,72,24,6,4,6,2,0,4,6,6,6,6,8,8,52,152,232,218,112,116,114,118,70,26,24,16,4,4,4,8,34,76,118,112,114,100,84,60,42,30,20,10,8,8,4,8,10,10,6,8,12,8,8,8,10,14,12,14,8,8,12,4,10,4,10,2,6,12,14,10,32,116,255,255,255,92,178,255,255,110,26,14,16,22,6,18,32,64,90,108,76,100,104,94,88,72,24,10,20,18,26,38,64,52,14,20,12,10,12,24,72,88,60,26,8,70,84,122,170,168,212,166,146,124,58,38,42,18,32,68,58,18,26,50,76,52,30,52,80,84,84,52,30,48,20,12,20,36,48,80,110,78,28,32,46,64,60,26,14,50,68,62,40,20,18,22,26,30,28,18,12,32,68,78,74,114,138,106,102,200,212,166,110,64,30,16,6,8,26,44,28,32,60,64,54,56,22,56,64,38,32,14,24,50,74,54,44,50,32,10,8,28,48,44,50,78,86,88,76,80,52,66,44,38,20,40,46,56,36,16,18,8,14,14,14,14,32,34,28,14,34,32,30,24,16,28,12,12,12,24,52,58,24,20,54,44,6,16,18,34,38,26,50,64,36,38,34,20,24,30,34,32,26,4,22,32,34,22,18,46,82,82,78,82,64,66,48,22,12,14,20,52,42,42,66,58,20,12,12,34,30,30,34,36,32,44,50,52,52,54,54,36,74,52,76,74,54,28,20,38,26,4,16,24,4,26,30,18,16,28,22,12,22,30,30,28,30,206
186,8,2,8,14,14,12,14,18,6,18,24,22,30,40,30,34,64,64,54,50,44,74,100,86,88,66,74,50,60,76,66,76,60,48,52,68,56,74,56,62,56,38,60,80,96,56,48,72,74,68,40,32,28,12,34,38,34,38,34,42,28,26,22,14,18,16,8,2,4,8,8,10,2,2,8,12,10,12,8,14,14,10,10,12,8,2,8,18,22,26,22,26,26,22,4,20,30,32,24,36,54,60,60,50,40,40,38,32,38,42,50,38,26,32,44,56,64,52,36,22,6,16,36,50,58,52,26,24,52,28,28,44,46,52,42,46,60,42,12,18,28,52,50,32,18,8,4,8,16,24,32,38,50,56,48,30,20,18,24,62,96,110,82,12,100,146,110,22,34,22,8,6,52,84,50,10,2,6,4,0,2,6,8,8,2,10,14,32,90,152,184,152,84,74,112,104,66,40,14,4,4,4,8,4,8,24,30,22,18,6,2,2,4,10,6,6,2,2,4,6,8,10,8,4,4,8,14,10,6,2,8,6,4,6,2,8,6,8,6,10,14,6,16,8,50,162,255,255,244,18,250,255,204,68,24,22,26,12,14,34,74,96,106,62,52,66,80,70,64,48,28,18,10,8,6,32,42,20,22,36,24,16,2,52,110,128,56,78,98,110,110,110,148,142,128,122,68,40,64,78,56,32,42,48,34,28,22,50,42,22,56,78,64,68,56,6,58,38,34,30,34,36,62,100,96,52,32,38,70,84,70,32,30,44,58,50,34,24,14,4,14,28,30,30,16,30,76,110,146,158,122,36,118,198,198,146,96,62,24,4,12,6,32,40,30,44,44,36,38,6,52,68,46,40,20,40,68,92,74,62,66,54,60,56,52,56,36,30,52,54,42,68,54,40,44,34,48,18,30,42,52,48,18,10,10,4,12,32,48,74,66,70,52,62,62,42,70,30,20,20,12,8,10,12,28,24,28,68,94,58,58,46,48,42,22,16,38,32,12,26,14,10,4,2,8,18,40,46,36,30,10,14,38,52,48,56,56,52,68,64,54,34,26,24,48,48,50,72,84,60,28,28,34,40,38,36,44,52,48,32,18,12,22,10,16,44,38,32,42,34,24,20,18,32,18,20,20,12,20,10,28,32,56,56,30,14,34,44,44,38,204
188,10,10,18,34,40,42,44,56,46,42,54,24,2,34,38,76,102,84,70,76,70,70,94,88,68,60,76,58,50,48,54,54,42,40,38,60,56,56,42,56,42,38,42,60,92,72,74,88,74,78,54,36,28,6,14,18,10,18,18,14,10,4,4,2,8,4,4,8,6,8,6,4,2,10,20,24,18,24,14,8,6,2,10,14,16,14,20,30,32,28,18,24,28,28,18,16,24,30,28,44,60,62,56,40,30,30,28,18,18,20,12,20,20,16,16,30,50,48,40,34,20,6,28,46,62,68,56,10,38,34,32,36,50,52,18,22,48,62,54,36,16,20,46,44,26,22,18,8,16,14,6,24,38,52,52,38,20,6,18,64,108,128,124,72,88,110,102,46,22,28,14,12,28,74,70,24,0,4,4,0,0,2,6,4,2,4,4,16,46,80,116,132,86,10,108,140,114,72,28,2,6,8,12,8,2,8,10,2,6,4,10,6,4,10,6,6,2,8,10,10,12,6,4,4,6,2,6,10,16,30,44,32,32,16,10,14,8,6,8,8,10,22,18,4,32,102,212,255,255,164,108,255,255,136,34,12,20,16,10,20,74,116,136,114,42,42,92,86,72,76,50,22,14,24,30,30,32,36,28,32,20,18,12,20,70,114,60,10,22,30,30,70,106,98,102,84,16,18,54,64,40,20,18,64,76,60,30,36,34,34,14,62,60,48,52,24,38,42,4,18,18,10,28,44,58,42,12,44,78,88,78,40,24,56,80,80,70,60,38,24,22,22,16,14,16,22,70,122,176,198,182,100,40,168,220,186,142,118,68,14,16,28,56,52,30,42,44,24,20,6,58,70,48,44,26,42,76,110,100,84,70,32,10,14,24,50,40,30,38,46,46,48,62,82,88,68,72,36,22,34,46,60,58,44,30,24,34,54,70,88,70,76,76,58,54,36,68,64,14,26,22,24,32,34,52,34,20,14,50,30,4,14,28,40,52,48,32,22,4,18,12,10,10,4,12,18,16,22,10,14,36,36,74,88,80,60,50,54,98,88,50,26,36,48,60,56,48,36,54,60,34,20,26,30,30,38,48,46,42,44,42,36,42,28,18,24,36,30,66,70,42,14,22,46,54,10,24,4,30,22,20,10,12,32,30,24,46,58,64,62,210
187,16,20,30,36,44,40,46,68,74,38,38,14,26,26,52,88,84,60,56,68,56,34,50,54,52,40,48,46,34,30,32,32,34,40,38,38,48,46,44,48,24,48,52,56,80,78,96,96,74,80,50,26,22,6,8,6,2,8,6,8,4,16,16,16,8,4,8,6,2,6,4,4,8,18,26,24,14,18,14,8,10,24,32,34,40,46,46,56,60,58,42,44,48,42,22,20,14,8,8,22,32,32,26,18,14,18,16,6,6,12,24,32,32,30,24,28,36,46,44,34,18,4,18,40,60,66,62,26,24,26,26,38,38,56,26,16,32,46,44,30,16,8,26,58,48,18,18,8,18,20,12,6,18,28,32,24,16,20,30,50,102,132,148,116,78,94,92,74,18,38,30,4,14,52,80,52,10,6,6,2,2,2,4,6,2,6,6,8,32,48,66,88,86,90,94,178,176,118,50,10,6,10,8,4,8,10,4,4,12,12,14,8,2,8,12,6,8,12,10,12,12,2,12,6,6,8,12,24,48,88,90,80,66,36,8,8,12,10,10,6,6,14,8,14,16,54,146,255,255,255,66,214,255,228,84,18,16,16,12,4,42,84,98,96,72,48,94,112,102,106,86,44,16,14,2,16,42,70,54,36,36,18,8,10,44,82,80,42,44,32,12,44,64,66,50,30,24,28,34,48,44,38,26,46,74,68,36,8,46,68,60,18,74,70,72,78,46,32,22,16,28,14,14,52,82,86,64,14,32,50,58,48,24,16,48,56,50,44,18,14,22,28,34,36,28,18,36,78,128,154,178,138,24,104,200,212,184,164,128,66,34,36,46,32,16,32,52,44,46,28,58,64,44,48,20,14,38,74,70,54,60,42,28,30,14,26,24,48,82,76,58,46,46,58,78,70,74,44,30,54,56,66,70,80,86,76,54,62,68,60,40,40,58,54,12,22,26,74,60,6,20,22,22,26,20,14,34,34,40,36,26,16,22,24,26,36,22,16,30,32,18,14,6,6,16,12,8,24,28,6,36,22,52,88,110,114,86,78,120,114,82,52,74,84,74,56,44,34,22,38,36,12,14,18,32,44,40,16,20,16,26,14,10,16,24,32,22,6,28,60,58,22,6,6,40,26,24,24,4,12,20,34,26,36,36,16,14,30,40,32,213
179,20,22,32,16,26,18,24,32,58,12,36,44,64,62,72,78,62,46,42,42,26,0,10,14,26,24,24,30,32,34,32,32,40,42,36,32,32,34,34,30,22,46,62,66,70,70,98,90,66,70,40,22,20,8,6,6,4,10,6,4,16,28,24,26,22,10,12,12,12,14,10,8,12,20,26,24,24,30,26,32,46,52,50,48,54,62,50,60,60,58,38,32,32,18,14,20,20,10,10,16,24,36,40,28,2,16,22,8,10,28,44,40,38,36,32,16,20,36,44,36,16,8,6,24,46,56,60,44,8,26,18,32,22,48,46,6,14,32,38,26,14,12,8,44,54,26,20,12,14,6,14,16,26,32,40,40,38,32,28,14,50,82,114,104,28,50,90,98,54,20,42,12,14,40,76,76,38,4,10,2,8,4,0,6,6,4,2,4,24,40,60,80,118,164,142,210,255,196,90,26,12,4,4,6,12,6,6,8,14,12,16,14,8,14,14,24,40,38,36,38,36,42,34,14,12,14,56,88,138,164,108,116,96,76,34,8,4,12,6,10,8,16,14,8,2,14,82,200,255,255,194,48,255,255,170,44,14,16,12,4,18,42,58,76,102,62,54,100,88,94,88,44,24,22,30,42,36,72,74,36,6,20,16,12,30,56,94,96,46,52,40,32,76,68,10,10,6,20,14,46,62,40,22,24,32,36,40,34,30,48,64,24,66,96,76,68,62,20,42,34,24,22,30,36,74,94,96,58,20,42,68,72,56,34,44,38,40,48,30,30,28,16,14,20,16,20,22,38,62,80,134,144,66,34,162,248,226,178,148,98,48,18,18,6,12,34,56,52,64,54,48,54,38,58,38,8,14,44,54,58,56,28,10,4,16,24,32,54,64,38,22,22,22,22,40,54,68,54,18,52,62,68,80,82,100,100,70,54,60,42,32,34,38,62,34,22,16,42,70,34,8,22,18,6,8,18,10,16,8,40,52,40,24,22,22,34,34,28,22,14,22,32,42,40,40,36,32,26,38,28,44,48,100,154,154,146,110,104,124,104,86,54,84,92,72,58,46,40,24,22,18,10,14,26,22,24,48,50,16,12,30,44,22,16,34,38,48,54,32,18,48,32,24,34,34,26,4,26,22,10,18,10,16,26,52,48,32,20,36,48,206
181,38,20,42,36,34,42,18,28,74,54,42,62,74,62,60,62,52,38,24,18,16,14,20,18,20,12,10,18,24,26,26,22,28,26,24,22,16,12,12,12,16,28,44,56,54,48,72,56,34,44,28,22,22,22,18,10,4,6,8,8,12,16,12,4,20,20,30,36,36,40,36,30,30,36,42,40,38,38,40,50,56,46,30,24,26,26,12,22,38,50,44,34,28,22,20,18,18,12,14,16,18,24,34,40,28,4,28,18,30,46,54,46,46,42,36,20,10,30,44,42,24,16,4,14,38,54,66,68,22,26,6,32,30,50,74,46,8,30,54,50,32,18,6,34,48,32,10,12,14,16,14,12,6,22,34,30,26,14,8,6,12,40,82,96,50,44,52,76,60,8,50,34,20,38,66,78,62,22,8,6,10,4,2,12,8,2,4,10,10,28,64,106,138,194,172,178,255,255,152,52,12,8,4,4,10,8,14,8,6,20,6,12,10,38,66,84,98,108,110,102,98,94,90,64,54,64,126,186,236,190,160,152,130,104,62,22,6,2,6,6,2,6,6,4,4,6,40,140,255,255,254,110,160,255,255,92,22,20,22,8,22,26,44,70,114,116,20,60,68,70,90,72,30,12,4,16,16,22,32,38,34,34,36,10,20,28,72,98,60,38,24,16,74,102,44,10,18,10,6,28,74,80,40,14,18,38,58,52,18,32,46,44,20,78,74,42,60,62,34,52,14,10,34,34,34,46,56,46,30,62,100,96,66,36,2,44,66,78,78,62,38,22,28,46,42,36,42,42,54,66,110,120,84,126,144,255,255,214,170,116,62,32,20,12,18,30,54,48,58,52,30,46,28,52,36,10,22,54,58,60,66,50,54,62,76,84,94,114,122,102,84,72,64,64,70,84,88,62,38,46,64,78,86,72,84,86,64,20,34,26,20,10,18,36,32,18,40,48,44,36,24,26,16,10,22,36,20,18,26,26,40,44,24,10,10,8,36,56,26,34,48,52,42,44,20,22,18,20,8,20,8,40,128,190,174,170,142,160,188,160,150,124,124,118,94,112,82,46,36,20,12,18,44,56,40,26,40,52,26,22,20,36,36,22,44,34,18,24,30,22,60,72,48,8,6,32,36,8,14,12,20,24,24,18,38,36,30,12,30,68,210
184,18,32,68,68,38,58,38,58,92,74,54,56,56,42,42,38,20,6,4,16,14,16,14,12,14,4,8,12,12,6,6,10,14,10,6,0,6,10,10,8,6,10,22,30,30,32,42,20,6,22,14,12,16,22,24,6,16,24,22,22,30,36,38,28,36,50,60,58,44,50,42,28,18,20,26,26,24,24,26,26,22,8,14,24,32,46,46,30,6,26,44,50,50,52,50,36,18,4,4,12,26,36,38,46,48,16,22,34,48,50,44,24,24,26,26,28,14,38,50,48,36,24,10,8,30,44,60,76,56,4,24,6,26,28,60,62,24,10,34,46,40,30,8,34,50,52,30,24,12,14,12,16,16,32,54,58,50,36,30,24,8,20,66,92,64,36,48,62,62,16,40,50,40,36,68,78,76,40,2,6,4,6,4,8,4,2,2,6,4,16,52,122,204,238,156,64,255,255,228,104,32,6,4,10,10,8,14,4,14,22,14,38,68,108,148,160,158,154,132,130,140,150,162,152,130,162,228,255,255,172,220,204,164,102,48,22,14,6,2,6,2,6,4,0,2,6,16,68,200,255,255,220,28,254,255,186,52,18,34,22,22,26,38,54,64,104,58,48,116,110,104,110,90,52,24,22,26,26,28,42,32,16,36,10,14,14,52,80,44,52,76,74,86,124,82,18,4,14,10,18,16,50,40,26,36,54,74,74,34,20,36,64,58,24,74,62,48,72,38,52,48,54,56,60,28,30,54,70,44,26,76,92,72,42,28,22,52,46,58,74,70,44,34,32,40,58,66,64,82,94,120,118,122,184,144,202,255,250,202,138,72,44,20,20,28,30,32,34,48,46,20,50,34,54,44,18,36,76,92,116,140,128,118,110,98,116,124,136,148,142,128,98,88,88,74,90,88,52,46,54,50,52,38,32,42,68,64,36,56,64,58,60,82,84,74,62,54,50,44,42,34,20,14,10,6,20,18,16,40,36,6,30,50,24,34,34,28,58,28,22,46,46,10,24,28,30,26,26,16,22,44,118,212,255,226,216,182,194,218,194,192,174,150,158,122,146,118,70,46,20,10,36,56,52,28,24,22,28,30,8,10,12,28,26,18,22,32,54,58,32,48,70,66,40,22,18,38,24,8,28,18,14,14,20,32,24,20,20,14,46,218
185,24,48,62,44,4,44,76,100,102,80,50,40,38,30,26,16,10,6,6,12,8,6,6,4,4,4,8,10,6,4,4,6,2,6,6,8,8,10,8,10,6,8,8,10,8,12,18,6,4,22,12,6,6,12,28,36,46,52,52,52,56,58,56,44,44,58,60,46,24,32,26,30,18,12,4,14,20,20,22,20,10,10,34,42,36,48,54,52,42,22,18,20,24,36,50,56,46,26,8,16,24,42,44,46,50,28,20,46,48,30,16,6,28,40,50,44,20,44,56,58,52,36,16,2,20,30,42,58,68,34,26,28,8,16,44,82,72,40,6,44,58,56,28,2,24,50,48,20,8,10,14,18,28,20,18,42,52,44,40,38,28,6,40,78,72,38,56,62,52,36,26,50,46,12,54,78,94,66,22,4,4,6,6,10,10,10,8,10,10,2,20,88,198,255,255,118,150,255,255,168,70,10,8,6,6,8,14,14,12,10,20,76,136,192,224,216,192,156,142,128,140,168,192,204,198,254,255,240,202,90,168,162,158,128,50,8,14,6,4,2,6,6,2,0,2,4,10,14,108,255,255,255,156,80,255,255,122,12,14,32,8,18,52,68,44,76,98,68,106,120,78,74,84,56,16,4,6,10,12,30,48,22,22,20,12,8,18,64,76,48,22,24,14,86,104,46,12,24,8,22,32,50,40,20,4,16,46,62,34,16,36,52,82,42,54,82,60,78,64,36,36,30,20,34,24,30,72,104,104,56,26,62,72,58,60,26,46,22,32,58,72,66,54,60,86,118,130,142,158,144,152,156,136,130,102,82,176,192,172,112,56,40,20,22,30,22,20,44,48,52,16,60,50,56,62,46,68,106,122,144,154,120,74,50,34,56,68,74,92,104,110,94,98,102,84,74,66,28,28,36,28,28,42,82,122,136,112,78,80,96,90,102,110,94,78,70,60,52,54,40,24,14,0,16,32,36,22,12,22,38,20,44,76,36,6,10,18,56,34,12,42,76,50,14,36,8,10,4,8,46,108,184,248,252,216,198,120,136,118,86,100,110,112,118,94,120,100,62,50,36,24,36,46,26,20,26,24,46,64,58,30,16,28,42,26,12,28,32,34,36,32,30,46,38,10,22,26,20,14,24,34,14,2,8,10,10,24,40,34,10,222
187,36,26,26,40,50,84,104,102,86,64,30,16,14,14,10,8,10,2,2,10,8,4,8,2,4,6,12,18,16,18,16,10,4,4,2,4,6,12,10,2,10,12,14,14,14,18,28,22,20,36,24,16,14,24,42,50,60,60,54,50,54,58,52,34,26,34,30,22,26,48,60,56,32,34,30,22,28,28,28,22,14,16,34,36,26,28,40,46,48,48,38,28,10,16,38,60,70,58,40,26,18,22,42,52,54,40,30,56,46,18,14,18,46,56,58,48,26,48,60,60,56,46,26,6,16,24,34,40,60,62,16,44,20,14,22,64,92,70,24,26,56,56,26,10,10,48,64,42,36,38,40,40,42,44,32,20,24,26,24,20,20,20,26,64,76,62,74,70,36,20,18,44,52,24,40,72,102,86,44,14,2,2,2,6,10,12,10,8,12,14,4,38,130,250,255,240,52,216,255,204,106,38,2,2,2,10,8,16,12,8,46,122,208,255,255,255,186,162,140,106,132,134,164,244,255,255,226,128,52,104,255,255,208,118,28,6,12,8,2,6,6,6,4,4,4,6,6,4,46,178,255,255,190,48,174,255,232,54,18,14,14,8,40,100,96,94,122,108,98,110,66,48,54,42,24,4,22,46,50,48,40,24,30,38,30,16,2,52,100,90,64,60,34,34,104,86,24,12,10,6,16,32,66,68,44,24,24,56,58,24,6,10,40,52,24,80,62,46,38,24,52,48,12,30,38,22,20,52,74,54,2,54,82,80,80,50,12,62,72,78,86,100,132,160,182,184,184,190,174,148,110,86,84,146,158,140,206,202,172,92,44,44,36,40,50,52,52,54,38,52,26,58,68,60,78,82,96,124,130,126,104,50,4,14,22,36,34,22,38,60,70,72,76,92,84,42,30,14,12,38,36,34,70,102,122,118,88,64,58,76,72,78,74,54,50,50,46,42,48,48,20,12,10,24,36,14,6,20,16,38,38,26,74,68,32,10,22,46,42,40,22,38,52,16,42,38,12,14,22,44,106,166,194,168,140,94,40,116,90,32,14,22,42,14,58,118,98,40,30,40,34,52,74,54,22,16,10,8,28,42,24,6,10,12,22,24,48,60,52,52,30,12,52,62,48,12,10,28,40,20,12,18,20,28,28,28,30,46,48,28,219
191,62,56,42,34,64,82,96,88,64,40,4,16,14,22,14,8,12,6,6,12,6,8,8,2,0,6,18,24,24,24,26,20,10,4,6,10,12,12,18,26,22,24,28,32,36,40,48,54,54,66,46,26,16,24,40,46,54,42,24,14,20,30,30,16,8,20,32,28,38,48,58,52,26,38,46,40,26,20,16,16,16,34,44,42,28,22,38,46,40,38,34,30,20,6,12,24,40,46,48,48,34,10,22,44,50,44,32,56,46,20,2,26,54,56,46,30,8,22,42,48,44,40,28,16,14,22,36,40,50,74,44,30,50,10,16,22,72,82,62,20,48,70,50,30,20,48,66,52,40,40,32,28,28,34,44,40,54,58,46,38,38,28,10,28,40,38,34,16,14,30,36,58,72,52,38,58,78,78,48,16,6,4,6,8,6,8,8,0,6,14,6,16,68,178,255,255,136,152,186,186,118,64,20,6,2,6,8,16,6,20,84,162,255,255,255,242,218,96,124,90,110,58,142,255,255,255,255,206,134,255,255,254,146,66,18,10,10,2,6,2,4,6,4,6,6,4,2,6,20,98,232,255,234,126,32,242,255,164,24,6,12,22,6,56,98,98,104,120,84,70,54,50,40,46,44,60,102,120,114,100,96,70,54,56,56,36,16,30,78,72,46,50,36,22,84,116,68,20,16,12,22,34,48,64,40,22,14,56,82,74,32,14,14,54,32,36,66,50,42,18,20,32,30,40,68,70,62,74,72,52,28,38,72,76,70,54,90,110,90,96,108,138,154,160,146,120,108,96,52,74,42,44,104,166,180,164,220,196,158,82,30,46,50,56,66,70,54,46,42,56,42,44,78,74,80,92,110,130,114,82,48,28,34,32,36,52,48,36,30,20,12,6,12,36,38,28,34,46,36,52,46,40,64,76,74,60,36,22,22,26,34,30,22,16,16,24,22,22,22,42,44,18,6,20,42,14,10,4,4,26,44,32,30,42,44,32,42,60,56,62,58,20,52,46,28,26,26,20,28,62,110,152,164,136,124,102,144,162,84,30,34,42,36,72,120,146,94,34,20,18,20,26,44,42,22,20,30,26,36,40,36,24,26,20,24,18,12,26,22,34,50,46,58,80,92,70,38,30,50,54,16,24,22,2,6,6,6,20,30,20,220
192,36,54,48,52,80,94,106,88,54,30,6,26,18,26,26,24,24,20,20,24,16,22,18,8,4,8,14,16,16,12,16,18,12,24,34,42,44,46,42,30,20,22,26,32,36,38,32,30,36,56,44,24,12,24,38,40,42,20,8,18,32,44,44,22,14,18,20,14,20,24,40,32,10,24,46,50,40,22,10,12,30,46,54,46,28,20,38,46,30,24,18,20,28,32,44,52,46,28,22,42,42,26,28,40,30,22,12,36,34,12,10,26,42,32,20,24,32,40,50,52,44,28,20,18,4,18,34,52,52,64,74,10,64,36,14,4,52,84,92,62,58,66,40,18,14,30,48,48,30,36,34,36,36,30,34,36,44,38,26,22,14,8,26,34,32,30,38,44,44,38,24,16,58,60,40,66,68,64,46,24,8,4,10,6,6,16,14,10,6,16,10,10,32,110,232,255,198,130,164,146,104,66,36,20,4,4,10,4,2,32,90,158,255,255,255,174,255,255,255,234,255,255,255,255,255,140,255,255,255,255,254,118,50,28,14,12,16,10,4,2,4,6,2,2,6,4,4,12,6,42,154,255,255,188,60,116,255,254,112,4,18,8,20,18,80,88,40,32,40,24,62,52,26,38,46,96,130,130,102,80,90,78,52,50,74,80,58,12,50,72,82,78,26,18,44,108,102,38,12,10,8,20,22,44,38,30,18,28,60,70,34,20,24,58,86,32,52,74,64,58,48,46,38,12,20,14,14,40,72,82,64,22,26,46,50,68,84,66,40,56,84,76,48,16,24,40,58,74,82,94,92,82,80,106,148,152,186,160,142,74,6,18,34,42,48,48,34,40,60,54,48,54,58,62,72,90,106,108,66,22,42,40,58,70,86,96,94,96,94,84,82,96,102,110,106,98,94,84,72,82,76,52,66,64,52,42,44,38,30,12,10,8,2,4,8,10,10,4,10,12,38,44,12,12,20,24,24,28,22,24,44,52,24,30,64,46,8,12,20,36,36,24,46,66,48,20,16,22,16,50,118,180,204,176,138,100,168,160,90,74,100,100,92,122,152,158,106,70,70,60,60,60,48,48,32,4,28,28,40,58,72,52,18,10,20,36,30,18,34,48,38,18,10,26,50,56,22,12,8,38,28,20,40,22,26,26,20,14,30,30,221
189,8,40,60,90,112,106,98,74,42,22,26,26,10,14,38,48,36,32,30,26,24,22,20,12,12,16,30,34,28,16,8,18,28,42,52,52,44,38,40,30,8,4,14,28,32,26,24,28,28,34,42,36,24,38,44,44,42,14,12,22,34,42,36,18,16,22,14,8,22,36,50,36,6,14,34,38,30,14,6,10,30,38,38,32,22,16,34,54,48,28,16,18,20,42,46,38,26,14,12,26,38,32,30,38,26,14,16,32,36,26,26,48,58,34,4,14,28,40,42,40,36,24,14,14,8,8,12,42,62,62,84,50,38,56,22,8,22,50,72,64,42,46,30,12,8,16,30,40,32,36,36,30,30,20,8,6,14,18,22,28,36,40,40,36,28,22,18,2,12,22,40,34,68,84,62,64,62,62,46,22,4,8,8,6,12,16,10,6,6,12,6,12,12,54,154,232,208,116,128,120,96,62,44,30,2,14,2,8,6,30,76,148,252,255,178,198,255,255,222,158,228,255,255,255,255,174,255,255,255,240,122,26,6,8,8,10,18,20,12,6,4,4,2,6,8,0,12,8,4,16,84,212,255,255,116,38,178,255,198,60,18,14,6,8,58,114,68,22,46,80,100,66,24,14,22,54,80,108,92,88,100,100,64,56,82,126,122,52,14,66,132,110,34,62,48,58,80,52,8,10,12,18,8,38,60,52,32,24,32,52,54,22,12,10,50,50,26,80,60,30,14,20,54,52,48,46,38,38,70,90,80,54,34,38,58,76,102,98,74,64,62,58,72,90,98,82,78,78,56,62,78,80,84,70,108,140,158,130,100,48,32,28,6,12,22,8,18,32,44,24,32,46,34,34,52,60,32,10,34,58,70,96,122,134,138,130,118,118,114,118,122,126,114,116,114,108,94,76,76,84,86,70,46,36,26,40,44,48,54,44,18,4,4,8,2,4,6,10,8,6,10,40,36,8,6,30,26,10,22,16,12,28,24,20,74,86,48,30,34,24,28,32,12,16,30,26,22,34,10,30,98,176,228,226,184,128,188,196,172,172,156,136,114,140,156,160,138,118,114,104,88,70,44,16,34,48,52,32,30,44,72,78,52,16,8,14,26,8,26,46,52,52,48,32,20,40,38,22,24,20,38,16,20,16,8,18,14,10,38,60,218
182,64,80,92,106,102,74,60,44,20,24,32,30,16,14,40,42,24,22,14,14,16,12,24,40,46,40,50,52,44,34,10,20,22,32,32,20,6,12,12,18,18,20,28,38,54,46,40,30,20,14,32,34,20,32,38,40,32,10,16,24,30,32,28,20,18,30,16,12,24,42,52,34,8,16,32,38,30,16,6,16,30,32,44,42,18,12,24,36,48,30,16,14,10,24,28,28,30,26,10,14,38,50,48,48,34,14,16,24,26,22,36,58,54,26,10,16,30,42,40,46,50,34,18,12,6,6,4,20,54,66,76,66,4,64,48,16,10,10,38,50,42,50,42,22,10,10,12,16,12,6,10,24,36,38,34,26,30,32,28,24,16,12,4,10,18,26,32,36,38,38,32,18,28,38,44,48,68,68,50,26,6,12,10,8,12,10,8,2,2,4,6,8,6,24,92,160,176,142,64,78,114,90,76,50,12,10,10,2,14,22,74,166,255,255,234,210,255,255,142,56,58,170,255,255,255,255,255,255,255,176,82,16,24,26,32,36,32,46,34,4,8,6,0,6,4,6,6,6,2,4,38,130,254,255,180,20,108,212,230,128,16,20,14,16,12,76,98,52,72,82,74,42,22,16,24,72,120,106,104,90,138,156,120,110,96,132,136,88,30,28,112,128,52,52,18,28,64,56,32,16,34,48,38,50,72,74,38,22,6,54,84,54,28,26,34,38,16,48,64,32,44,52,48,60,36,2,24,36,40,68,50,22,26,52,102,102,92,92,76,72,98,110,96,52,30,30,34,48,38,34,80,100,118,102,92,116,124,96,58,28,20,38,34,42,40,22,14,16,32,28,40,60,50,12,16,44,70,96,116,114,118,136,138,128,120,102,86,84,82,80,86,84,80,82,78,70,58,50,58,66,72,72,50,14,18,40,46,52,64,64,48,26,12,8,6,8,6,8,10,8,4,26,48,24,4,18,38,22,6,10,6,20,44,40,14,50,34,14,36,48,62,66,58,28,22,34,10,28,20,8,64,134,190,210,202,162,208,210,190,162,168,156,118,104,102,108,94,54,62,44,38,50,46,22,6,10,18,30,34,36,42,44,48,36,28,26,40,30,36,54,52,36,28,28,30,66,88,60,18,14,38,46,16,16,26,22,16,20,24,36,209
186,94,96,88,74,52,34,32,24,12,26,36,28,10,6,38,54,36,14,8,10,12,20,32,50,44,30,44,54,50,44,22,16,18,40,52,44,20,6,4,22,32,20,20,12,32,26,28,34,24,16,22,12,12,30,46,48,32,10,16,26,36,40,38,24,10,22,12,8,14,30,36,26,12,26,38,40,30,18,4,12,24,30,38,44,28,16,16,32,52,40,30,30,24,42,56,52,52,54,40,26,40,48,50,42,34,30,36,34,24,12,22,30,24,16,38,50,60,64,56,54,48,28,10,2,6,6,2,4,28,46,56,58,26,42,54,18,8,14,28,40,34,32,16,6,16,22,26,28,30,32,38,42,36,26,10,2,6,6,12,24,26,22,22,22,24,24,22,18,20,20,18,22,30,40,50,68,82,74,52,28,12,14,8,8,8,8,8,4,0,0,2,4,2,6,42,84,112,116,70,40,128,144,136,84,20,10,8,6,8,18,58,156,255,255,255,108,255,255,240,106,22,76,192,255,255,255,66,255,255,255,168,80,98,118,126,122,106,88,70,32,4,8,4,10,8,8,10,10,14,8,12,72,192,255,250,100,64,180,228,172,70,2,20,10,16,20,54,50,10,48,18,16,22,14,24,38,96,160,134,36,56,98,74,44,40,82,94,80,54,4,72,106,68,12,38,50,70,72,66,44,74,62,50,42,52,60,34,32,22,40,78,80,34,10,24,44,54,6,66,80,62,54,28,28,28,28,38,32,40,60,32,24,46,34,92,110,84,80,60,64,102,80,108,80,44,26,34,46,48,26,72,76,76,46,26,24,40,38,12,8,4,10,36,44,30,30,50,56,48,44,50,64,66,52,50,76,96,114,114,104,104,104,84,74,74,58,48,52,54,44,40,44,44,42,36,30,28,28,34,46,56,66,68,56,32,4,14,30,46,56,56,46,32,14,4,8,4,4,4,4,6,20,36,38,14,10,16,32,14,14,16,30,54,70,46,42,40,18,14,18,26,38,42,34,28,66,52,22,16,14,32,86,126,142,144,120,132,124,96,56,100,114,94,42,24,68,78,46,26,16,12,30,50,50,48,48,38,38,26,30,38,34,32,34,12,8,14,12,6,12,18,32,54,58,46,52,92,88,56,28,24,38,44,8,48,22,2,8,20,18,209
190,66,74,58,28,22,18,18,14,14,24,38,34,18,0,24,50,46,14,8,4,10,28,50,56,40,16,16,38,48,50,34,16,8,14,30,34,32,26,32,34,26,18,24,20,16,14,28,50,52,40,26,12,28,48,50,34,14,4,10,20,36,42,44,40,22,28,8,10,20,34,46,34,12,26,38,40,36,30,16,22,30,40,50,54,38,8,10,32,52,44,34,26,18,40,52,38,30,50,60,50,26,12,8,18,16,26,34,26,10,8,20,20,20,20,40,44,48,44,28,14,10,12,22,20,20,18,20,26,38,48,46,62,50,28,40,26,16,12,6,8,8,18,30,30,26,28,26,22,20,18,10,6,14,16,24,26,28,30,32,26,18,16,18,18,20,20,24,30,36,42,50,56,62,66,62,60,58,46,26,8,8,10,4,8,8,8,6,2,0,2,8,12,12,8,22,38,70,92,102,112,124,208,222,134,38,20,12,10,2,12,40,120,248,255,255,92,250,255,255,168,76,6,104,204,255,255,126,255,255,255,255,184,186,200,180,192,182,138,110,66,14,4,8,4,10,4,8,4,12,4,2,32,142,255,255,210,18,154,234,204,120,30,12,12,28,8,10,36,26,28,58,32,12,40,30,18,68,144,196,172,102,114,104,88,104,110,76,64,56,18,46,90,102,76,14,52,16,46,84,58,76,64,76,82,80,76,66,30,12,10,16,60,50,24,28,38,60,46,30,80,80,78,62,42,34,36,36,24,24,28,20,34,46,20,50,92,78,74,82,102,80,40,66,66,38,44,74,124,124,100,164,186,188,156,90,66,90,106,86,30,10,20,30,14,14,44,48,76,74,66,60,66,72,66,56,54,58,70,62,46,40,38,34,38,38,26,22,28,26,20,16,18,12,12,8,4,6,6,6,16,34,48,62,72,72,62,44,16,12,36,52,56,52,36,14,6,4,4,4,4,2,18,26,44,44,12,10,36,36,6,14,20,22,34,32,22,62,84,56,28,18,24,42,44,24,44,58,34,8,32,16,30,68,78,78,70,62,72,68,38,60,70,78,60,18,46,46,32,48,58,60,42,48,40,30,28,18,2,22,28,38,32,60,72,56,44,36,44,50,42,38,38,30,30,44,22,28,50,44,28,24,8,38,24,32,34,20,10,12,14,212
191,62,94,66,12,10,14,8,4,8,14,34,36,24,10,6,44,58,18,10,6,10,22,44,60,60,36,8,28,50,62,54,38,30,26,40,38,22,10,14,36,38,36,46,46,34,36,26,16,32,34,34,40,46,40,28,26,24,16,14,8,18,34,24,18,12,10,6,20,24,32,38,28,6,18,42,54,46,32,16,22,10,24,48,64,64,46,30,28,32,30,34,28,20,34,38,24,8,36,64,74,62,48,52,50,38,46,44,30,14,10,12,18,20,24,30,26,24,28,30,28,24,28,32,28,24,26,22,20,22,32,36,52,54,16,30,30,22,30,32,26,32,32,22,6,2,10,16,18,24,30,32,30,26,20,16,12,12,14,16,20,24,28,32,42,50,54,62,62,58,60,60,52,42,32,20,20,20,10,4,6,8,8,4,8,6,4,2,0,2,6,8,2,8,4,16,22,54,98,152,194,196,254,255,222,80,24,10,6,10,12,26,74,178,255,255,248,74,255,255,250,144,82,124,174,255,255,255,244,255,255,255,240,192,190,150,190,206,160,132,90,28,6,12,6,10,4,2,4,2,8,8,6,66,182,255,255,134,80,220,236,168,48,8,10,24,24,10,14,42,46,10,54,32,18,56,62,72,100,146,170,140,96,94,92,94,70,50,56,54,26,22,56,94,112,50,58,24,28,30,44,96,124,118,168,162,128,122,82,28,22,18,42,72,38,14,4,36,48,18,54,74,58,38,30,24,52,62,52,44,38,36,46,42,14,28,92,104,64,82,62,34,56,114,162,168,158,164,168,148,134,158,192,202,208,156,104,96,104,106,58,10,20,26,16,14,32,26,26,54,74,86,90,82,56,28,14,28,46,42,30,34,40,42,34,22,14,8,8,6,10,0,8,6,6,4,4,6,4,4,2,8,16,30,50,66,76,78,60,30,2,30,54,72,70,44,20,6,4,6,6,4,12,14,32,56,34,12,24,42,34,22,22,32,24,28,36,22,60,60,24,18,30,64,78,60,26,26,34,28,32,42,12,32,42,44,58,62,80,86,64,80,96,108,102,40,34,40,70,76,4,30,14,20,18,20,26,28,28,36,20,24,20,18,38,32,26,6,20,12,18,6,30,50,44,52,40,8,48,70,54,18,14,24,50,26,12,16,4,8,14,211
191,48,96,84,24,8,8,4,6,10,6,28,38,28,14,8,38,72,42,10,6,6,10,24,40,50,38,28,24,40,56,56,48,44,38,44,34,14,8,4,20,28,44,42,48,40,44,32,12,2,10,24,44,64,66,48,22,8,8,14,10,20,32,24,26,30,28,26,28,18,18,36,36,22,6,36,56,56,42,24,16,10,6,26,42,54,52,40,20,28,28,22,12,30,48,48,34,14,24,50,66,58,44,42,36,32,38,34,26,24,28,28,30,30,24,20,14,22,26,36,40,38,40,40,38,36,40,34,30,32,40,26,24,38,18,24,12,14,14,18,12,6,16,14,18,18,18,20,20,24,28,26,22,20,18,16,22,28,34,42,50,52,54,54,54,54,54,52,42,38,38,32,18,10,8,8,8,8,8,8,4,2,6,4,2,4,2,0,0,4,6,2,6,14,10,22,24,62,122,166,212,204,202,255,255,156,42,10,18,10,8,16,40,110,252,255,255,114,232,255,255,255,172,178,222,255,255,255,76,255,255,255,182,136,136,106,168,192,134,100,66,30,14,8,8,8,4,8,6,8,10,12,14,16,102,230,255,248,36,166,255,232,96,12,6,6,28,24,14,12,42,48,20,32,40,14,44,70,74,84,92,98,88,72,82,74,66,46,60,54,28,8,30,64,92,56,20,18,32,28,68,130,152,116,166,186,144,130,98,26,6,12,32,72,70,54,18,38,38,44,6,58,58,46,44,60,82,72,42,26,18,20,30,16,16,12,54,100,52,10,64,98,126,170,180,140,90,52,46,48,30,46,96,142,190,186,148,126,116,118,86,32,12,16,28,34,38,46,30,16,36,62,78,80,60,32,4,28,56,70,66,68,66,60,54,44,32,22,20,8,12,10,4,4,4,0,2,4,8,6,4,4,0,6,8,22,36,58,72,66,48,18,24,64,84,70,40,12,0,4,6,4,8,6,10,36,44,24,10,26,46,26,24,14,8,24,58,44,30,48,46,26,22,50,68,66,46,8,44,58,16,22,14,18,32,28,34,30,38,40,26,34,68,94,102,58,20,52,96,134,64,48,26,26,24,18,14,20,22,24,34,34,30,10,26,46,56,30,30,8,14,16,8,24,24,54,68,58,68,106,108,66,26,20,34,32,8,22,22,10,4,209
191,24,88,106,58,10,6,8,2,6,2,18,36,36,22,14,24,64,56,26,12,10,8,12,36,52,50,30,18,16,32,34,32,34,34,32,26,16,10,8,4,10,26,18,34,36,48,42,22,16,14,12,26,42,46,46,30,12,10,14,18,38,50,48,48,40,34,24,14,4,22,38,36,30,8,24,46,48,32,12,8,12,8,18,18,16,18,16,12,18,14,20,18,42,46,38,24,6,8,26,40,36,22,18,20,22,20,12,8,10,12,8,8,10,12,18,28,34,50,54,60,68,66,62,62,54,56,42,44,40,44,26,18,26,22,38,28,30,26,28,26,22,26,26,16,14,12,12,12,16,16,16,24,32,36,50,60,66,70,68,60,52,46,36,24,18,14,4,4,8,8,8,4,8,10,2,6,4,4,6,6,4,0,4,4,6,6,2,2,6,4,0,4,10,4,10,12,50,120,220,255,198,42,255,255,254,104,20,12,2,2,6,20,56,172,255,255,255,38,255,255,255,226,172,212,224,255,255,252,255,255,150,60,46,56,106,186,224,184,126,78,40,16,4,4,4,2,8,6,6,6,18,2,2,54,154,255,255,178,46,222,255,198,44,18,8,16,26,14,18,22,18,46,24,36,60,26,22,48,74,70,66,100,96,104,84,62,78,42,40,32,12,12,46,72,82,30,38,24,52,80,88,76,36,78,152,146,122,98,50,12,12,12,30,48,52,18,38,44,72,58,16,50,62,78,84,62,20,18,52,60,62,56,40,42,46,24,36,48,88,102,116,156,158,104,42,14,32,66,74,30,52,32,26,80,118,124,124,116,120,122,86,34,26,26,40,30,44,50,26,10,12,38,64,74,66,34,24,50,72,92,108,108,90,74,64,50,38,38,30,8,4,2,4,6,4,4,2,0,2,4,6,4,4,8,6,2,20,48,70,78,70,36,26,72,80,52,18,6,4,4,2,8,8,0,14,42,40,12,10,40,34,2,16,24,14,42,42,10,42,66,48,26,24,28,32,34,36,32,74,56,12,24,12,10,2,14,14,22,46,56,30,26,50,74,64,40,38,48,100,68,14,6,18,30,34,32,36,38,26,10,22,48,48,50,78,112,112,80,58,52,54,44,36,52,52,26,32,22,42,70,60,20,22,32,34,26,20,38,32,18,212
194,10,62,110,88,32,6,6,16,10,6,12,30,42,32,16,12,42,54,34,8,8,10,4,36,56,56,42,22,2,20,18,8,6,8,12,22,30,32,26,24,30,32,16,28,28,48,60,44,30,26,8,14,30,34,40,34,22,26,42,52,64,72,58,42,26,26,18,14,24,16,36,40,40,18,18,46,56,48,32,28,30,38,42,34,26,26,4,12,6,8,18,24,34,26,20,24,18,18,22,20,24,18,12,12,8,2,18,30,40,44,44,48,58,68,72,70,76,88,78,70,78,72,72,60,58,56,26,12,6,10,4,8,20,30,28,14,12,18,24,22,20,20,26,28,28,30,32,34,40,40,46,54,54,56,56,50,40,30,18,14,16,14,10,12,8,10,6,8,10,4,6,6,6,8,6,4,0,0,2,4,8,10,10,6,4,6,6,6,6,2,4,4,4,4,12,6,28,88,200,255,255,112,166,255,255,190,68,22,12,12,6,12,14,98,230,255,255,255,34,224,234,180,138,148,98,158,255,255,255,255,255,255,255,255,255,255,255,202,126,74,36,10,6,2,2,2,6,12,4,2,18,14,10,30,88,210,255,255,90,124,255,255,136,16,30,8,12,34,24,16,30,12,40,26,14,34,22,10,50,68,48,36,40,34,20,16,36,44,14,34,36,12,30,62,102,106,26,40,88,128,96,88,70,28,142,192,162,120,96,58,20,18,24,38,58,46,36,38,62,76,38,10,18,36,24,24,52,84,122,118,122,110,80,88,72,44,40,46,84,64,72,124,102,14,42,60,30,44,100,82,78,64,62,62,58,58,78,86,92,128,132,70,18,20,34,20,32,58,48,24,6,32,56,66,72,68,48,58,72,68,104,114,98,84,78,64,50,52,50,34,18,4,4,2,2,4,4,4,6,4,2,6,8,6,4,8,10,16,38,64,84,66,22,60,90,62,22,12,6,4,2,8,8,8,8,32,46,28,10,22,46,38,20,20,16,36,40,34,38,72,70,38,12,16,34,46,54,30,24,42,30,32,38,8,12,12,12,8,18,36,34,12,32,70,90,98,72,34,48,74,58,20,24,34,36,26,20,36,56,56,60,70,50,48,62,56,80,72,46,30,38,46,10,48,66,60,70,70,54,36,54,44,36,20,2,30,24,24,20,6,215
198,24,28,86,104,58,6,6,10,6,2,2,16,42,48,22,6,30,52,46,14,4,10,4,24,50,62,56,38,12,12,18,10,4,20,32,38,36,42,40,30,30,30,2,24,24,26,42,42,34,42,32,26,42,48,40,16,10,24,36,40,46,48,34,26,12,16,14,18,20,10,18,24,34,26,6,32,50,52,44,32,26,38,36,28,26,28,22,28,30,28,28,28,28,18,8,20,24,34,44,44,38,36,34,40,44,44,50,54,64,76,86,92,98,104,98,84,74,70,52,46,42,34,34,26,26,38,36,38,28,26,18,10,8,14,2,12,8,12,18,22,28,32,38,46,50,50,48,48,48,42,42,38,28,24,16,6,0,4,4,8,6,6,2,8,14,14,12,12,10,6,4,2,0,2,2,0,0,2,4,6,4,6,12,12,14,12,10,14,10,8,10,6,4,2,10,6,10,42,126,255,255,246,36,226,255,224,112,40,4,6,4,6,10,48,158,255,255,255,238,180,122,62,42,52,114,174,232,255,255,255,255,255,255,255,230,204,172,126,76,34,8,6,8,0,4,0,4,6,10,4,6,10,2,14,38,132,255,255,208,12,204,255,250,82,28,28,6,12,24,16,8,20,6,18,28,8,24,18,8,24,34,10,12,28,32,44,36,26,28,32,52,36,4,38,72,108,62,36,28,114,130,116,106,62,48,138,166,138,116,96,48,32,28,36,56,50,18,28,54,88,86,70,62,70,50,84,110,124,136,116,122,128,80,70,50,12,16,40,112,138,142,160,140,64,94,96,94,104,114,124,88,80,72,60,52,60,60,66,70,102,134,102,46,24,30,24,18,36,54,50,24,6,30,44,52,66,70,64,56,36,68,94,92,80,70,56,50,52,46,34,30,20,4,2,4,8,4,2,4,2,2,6,6,6,8,8,8,6,10,32,68,80,34,44,94,78,32,16,8,6,2,8,6,6,6,18,38,40,24,6,22,48,36,12,26,28,14,30,14,32,58,40,30,42,62,76,88,82,42,36,36,14,44,34,8,16,10,6,6,10,18,14,28,70,92,102,86,36,36,80,102,74,22,18,38,24,28,42,36,22,14,18,18,36,50,28,42,46,34,12,10,36,42,30,58,46,32,28,26,30,72,86,68,26,16,14,32,20,6,2,213
197,46,2,56,108,94,12,8,10,8,6,4,4,32,54,42,10,22,48,54,30,6,8,0,16,42,64,68,56,32,14,10,8,14,24,28,28,26,26,38,52,56,52,26,6,18,18,32,40,38,48,46,32,46,46,26,6,22,34,44,46,46,40,28,16,8,20,20,10,16,18,32,42,40,26,8,16,32,36,40,30,24,28,24,18,22,26,24,22,14,8,2,8,14,26,38,42,44,60,74,76,78,84,86,86,80,78,66,62,68,74,72,68,62,56,42,26,24,8,14,14,12,28,36,44,58,56,42,22,6,10,14,14,16,16,16,28,44,44,46,48,48,46,44,38,32,30,26,22,16,12,4,6,6,2,8,8,8,16,26,22,14,8,10,12,8,6,4,2,0,0,2,4,4,6,6,6,6,6,4,6,8,8,12,12,14,14,6,6,4,14,10,4,2,2,8,10,8,14,62,186,255,255,176,176,204,196,136,70,18,8,2,2,6,14,90,192,255,255,255,252,255,250,252,255,255,255,255,255,246,202,186,160,124,100,72,54,40,24,6,2,4,4,6,6,6,2,4,4,6,2,2,6,8,16,10,66,192,255,255,144,80,255,255,224,54,26,18,20,18,12,6,4,18,28,24,16,28,24,28,22,12,26,24,20,14,14,34,8,26,0,36,46,26,4,36,74,62,14,36,30,112,150,158,152,84,68,122,144,120,110,68,34,44,60,78,84,52,54,72,108,128,116,90,78,50,62,90,92,78,48,40,76,62,50,36,30,30,22,36,92,128,160,168,94,90,66,80,74,62,88,90,74,78,64,42,30,44,64,80,110,154,164,112,50,24,22,10,16,42,64,62,36,26,24,40,54,54,68,66,20,32,48,62,66,56,38,42,54,50,42,42,32,10,4,6,8,10,2,2,6,6,14,18,8,12,10,8,8,10,30,52,76,44,26,78,78,38,12,12,16,8,6,2,2,4,4,20,34,32,14,2,26,44,6,20,20,32,56,64,32,56,46,30,18,26,28,42,46,26,22,68,60,20,34,18,22,8,2,2,4,22,40,34,22,42,54,58,76,70,74,112,100,60,10,36,24,46,68,62,70,68,54,32,28,30,16,22,66,80,54,30,42,54,38,16,10,18,30,24,12,36,48,62,46,10,26,12,22,24,32,209
205,82,28,30,96,118,50,4,6,4,4,4,4,22,44,54,34,4,36,52,40,20,6,2,12,30,50,62,60,42,22,12,16,20,24,28,36,40,40,34,52,60,60,46,16,12,28,42,48,44,42,36,20,24,24,24,18,34,50,58,56,50,40,24,18,18,18,18,18,20,22,28,28,20,18,14,8,14,14,22,26,24,22,14,6,2,4,20,34,38,44,50,56,66,76,82,78,76,90,94,86,84,86,80,66,62,60,48,26,32,28,22,20,18,26,36,52,62,60,58,58,58,62,64,66,68,56,38,22,18,22,30,38,44,44,52,58,52,50,48,40,34,28,18,12,8,8,10,8,4,6,8,6,10,8,12,16,16,16,10,2,4,2,4,8,6,4,0,4,4,4,2,0,0,2,4,6,12,14,20,26,30,32,28,20,20,24,16,2,6,12,12,4,0,2,4,10,14,14,34,118,240,255,252,156,174,146,122,80,40,20,4,6,4,8,34,102,194,255,255,252,255,255,255,242,220,186,152,132,110,78,50,34,24,12,2,4,10,14,8,2,4,4,2,0,2,6,4,4,2,2,4,8,16,18,8,26,104,254,255,255,74,160,255,255,192,46,22,20,24,22,14,6,12,22,36,24,34,30,24,32,26,2,28,34,28,20,30,32,44,36,10,38,42,20,26,74,90,56,56,56,78,128,132,134,88,2,70,128,126,114,92,70,114,120,118,124,86,70,84,78,116,120,96,66,40,52,106,110,88,62,50,72,66,60,60,74,88,84,40,46,66,104,138,104,46,16,4,12,44,54,70,68,84,76,46,24,64,86,108,124,162,204,174,90,32,22,20,24,32,42,56,48,18,10,40,60,58,82,86,20,56,54,58,66,46,14,16,36,46,52,58,46,20,6,16,2,12,6,2,6,24,16,24,20,8,8,6,20,24,44,66,88,58,30,72,68,36,8,4,8,6,6,6,6,2,2,6,22,30,26,4,10,44,34,18,26,14,18,42,22,40,74,70,38,32,24,40,52,40,26,36,60,30,26,38,24,14,12,18,26,30,44,68,50,22,72,82,114,100,28,58,70,72,34,60,64,66,70,56,48,32,28,26,26,22,16,8,22,54,56,34,20,28,36,30,4,28,48,60,58,50,24,32,52,32,10,26,14,20,10,213
211,88,52,2,68,114,82,18,4,4,6,4,6,16,36,56,48,14,22,52,48,28,12,4,4,16,34,52,58,46,28,8,10,20,24,28,30,32,32,16,34,42,52,50,36,20,16,10,12,22,22,18,12,12,10,18,18,38,50,48,38,24,10,10,20,26,24,20,28,28,24,12,8,20,28,30,26,36,36,26,16,14,20,26,32,38,46,62,72,72,78,78,80,88,90,84,74,68,72,68,52,40,38,28,22,20,32,44,42,48,58,58,54,58,68,78,88,92,88,86,86,84,84,84,84,82,70,58,50,46,46,46,44,42,38,36,28,18,18,14,6,4,6,2,6,8,6,8,10,10,8,8,2,10,8,4,2,2,2,4,4,2,4,4,2,0,4,6,4,2,6,8,12,16,18,20,34,34,38,40,42,46,50,46,46,46,50,42,18,2,4,14,10,0,4,2,6,8,12,16,68,158,226,234,136,120,126,94,66,48,26,10,10,8,16,18,44,100,142,152,158,156,130,104,82,60,36,28,32,26,16,16,10,8,4,8,6,4,6,8,6,4,6,8,8,12,14,10,6,0,0,0,2,12,18,12,12,46,160,255,255,220,18,196,255,255,152,56,28,42,28,38,18,18,26,22,24,32,38,20,22,46,30,10,24,26,16,26,40,10,20,20,26,44,26,16,60,94,82,70,46,40,58,58,90,90,44,16,112,164,152,138,118,152,114,80,74,24,16,22,14,34,58,70,84,70,38,88,114,108,64,30,40,46,40,24,26,54,60,20,32,66,94,132,130,74,16,14,26,32,4,16,14,42,70,62,70,88,50,56,30,54,112,128,86,32,10,26,22,24,26,44,56,38,14,30,60,64,96,106,26,50,34,60,88,68,46,38,20,6,34,56,62,50,22,14,6,6,8,4,28,48,34,44,44,38,22,32,34,36,58,78,90,58,42,88,82,42,12,12,2,0,8,10,6,4,2,0,14,30,32,18,12,14,44,36,6,28,22,30,34,22,64,82,48,10,22,48,72,74,66,30,38,40,42,54,36,2,10,18,12,6,12,16,52,46,96,100,114,122,28,50,88,120,76,18,2,28,20,28,38,24,30,32,34,46,60,72,66,72,78,68,40,24,30,46,42,38,38,32,22,26,42,56,82,76,48,28,30,40,36,215
212,92,70,26,32,92,100,42,2,4,10,2,8,2,20,48,54,30,4,44,54,38,22,6,4,6,20,40,54,52,38,22,6,20,28,36,40,38,30,14,38,60,70,70,60,46,36,32,34,44,36,18,6,6,14,20,28,44,44,30,12,10,18,16,16,18,8,10,12,6,18,20,16,20,28,34,38,46,44,48,60,66,66,64,62,62,62,72,76,74,76,64,58,56,48,32,22,14,4,20,28,40,52,52,54,66,76,76,64,58,72,72,80,92,98,100,98,94,86,80,76,72,72,72,70,64,54,44,34,34,30,24,16,8,2,0,0,0,2,4,4,6,8,10,6,2,2,4,8,10,12,14,10,14,6,6,4,2,0,2,8,12,10,8,6,2,4,6,22,32,38,46,60,64,66,54,52,38,42,44,46,50,58,56,54,58,64,58,32,14,14,6,10,2,4,2,4,2,4,6,28,86,144,198,178,64,82,116,94,74,44,14,8,8,0,4,12,28,44,50,56,46,32,22,18,6,4,6,14,10,12,12,2,4,10,8,2,2,4,6,6,2,2,4,4,6,6,8,8,2,2,2,4,10,16,14,6,10,92,220,255,255,192,26,238,255,252,158,26,58,32,60,58,8,44,28,20,34,64,42,38,56,64,36,12,32,26,12,42,42,20,24,10,42,38,16,30,56,62,38,28,68,68,62,76,60,52,106,98,178,146,120,64,62,6,34,42,88,102,96,92,90,100,94,76,48,32,50,50,84,60,30,36,18,26,18,22,50,80,58,16,22,54,78,84,82,42,46,70,98,56,44,34,50,60,34,64,102,90,150,160,186,200,156,86,28,8,12,8,16,12,24,44,38,6,18,42,46,68,92,26,36,44,70,88,64,58,50,56,42,14,34,50,58,40,12,2,8,2,14,62,80,56,64,66,68,36,46,38,38,62,78,84,54,44,94,102,70,22,8,2,2,10,14,4,8,2,4,6,24,34,36,14,2,32,48,20,12,14,24,46,50,26,38,48,46,30,38,52,60,56,28,26,68,68,38,46,16,28,30,12,14,20,32,46,30,38,74,78,96,66,58,104,132,98,58,24,28,14,20,54,60,64,58,44,36,38,40,44,36,26,38,40,26,22,40,36,14,18,32,48,50,36,28,52,64,64,26,16,6,24,212
215,98,90,44,10,72,108,66,12,6,10,8,6,6,6,32,52,46,18,24,48,44,32,10,6,6,14,32,50,60,54,46,28,22,24,30,32,32,28,22,14,42,54,58,54,42,32,28,48,52,42,28,28,32,38,34,34,36,24,18,22,28,32,28,30,32,20,22,24,42,54,50,48,52,54,54,54,56,54,72,84,74,68,66,54,36,26,34,36,32,26,6,6,16,32,38,56,58,52,58,74,74,72,78,86,88,80,68,54,46,64,72,82,82,82,76,68,62,54,46,40,36,36,34,28,22,16,8,8,8,8,6,10,12,12,10,8,4,4,4,2,0,0,6,10,8,4,0,6,6,8,12,10,6,2,2,4,4,4,2,4,10,18,28,36,44,52,66,84,100,112,126,138,124,124,106,82,66,58,64,64,68,78,68,60,66,78,80,60,26,6,10,4,6,6,6,2,0,0,2,14,40,70,128,158,86,48,150,168,136,84,26,4,8,10,4,10,6,6,6,8,4,4,6,6,10,10,8,14,8,8,10,4,8,12,8,4,0,4,8,8,2,2,4,6,6,4,6,8,4,6,4,6,8,12,16,8,10,48,136,248,255,255,164,84,238,255,255,94,52,26,36,68,40,38,60,36,38,56,60,68,70,96,82,28,22,38,42,22,42,20,44,22,40,40,18,16,36,46,60,102,102,68,64,70,40,78,124,16,96,74,72,78,76,98,118,114,132,110,100,90,62,74,68,48,34,28,26,36,78,56,12,14,32,48,52,56,70,120,126,98,50,38,72,92,108,100,96,68,104,62,20,54,72,126,122,138,168,166,182,172,180,134,62,50,62,20,14,6,8,6,22,42,44,32,36,64,64,62,86,42,28,68,118,112,58,46,36,54,62,20,20,38,50,42,24,10,2,12,42,96,108,78,86,90,92,58,58,46,40,62,76,80,54,48,96,108,82,38,8,2,6,2,12,4,8,0,8,6,16,28,40,34,8,12,34,34,16,22,22,24,46,40,20,78,74,34,38,36,44,52,54,40,60,84,46,18,32,8,20,16,2,8,10,40,84,46,70,92,80,90,40,70,108,70,40,38,42,58,44,42,54,54,44,26,6,4,0,8,12,22,34,56,48,24,30,54,50,24,14,34,48,54,50,24,22,50,32,20,30,48,216
217,64,92,60,12,52,108,92,36,10,4,10,2,4,4,20,44,54,34,12,34,44,40,16,6,8,10,22,40,56,58,58,48,40,40,44,44,42,32,22,10,14,30,42,50,52,50,46,48,34,22,18,16,22,24,14,10,8,24,40,50,50,46,40,40,42,40,44,54,64,64,68,78,76,66,62,52,40,40,54,48,26,24,30,24,20,22,36,48,52,60,56,68,72,70,76,82,76,68,70,76,70,62,78,92,84,76,66,56,54,58,56,48,44,40,34,28,26,24,20,18,12,8,6,2,2,4,6,2,2,6,8,8,6,6,2,8,8,6,6,6,4,2,2,6,6,6,6,6,4,2,2,4,8,8,10,14,20,28,36,46,62,80,92,106,126,142,158,184,210,222,226,214,186,184,156,130,104,60,62,56,56,62,52,54,66,80,94,88,56,18,6,2,4,4,6,6,4,4,6,6,12,20,56,102,116,140,144,250,246,164,58,4,4,8,2,10,6,2,2,8,10,6,4,4,2,6,2,12,10,6,10,4,6,10,10,10,10,8,2,10,8,6,4,6,8,6,6,6,2,6,8,6,8,12,8,8,4,24,50,132,254,255,255,156,54,230,255,192,36,26,6,60,70,12,62,76,56,14,52,80,68,102,104,56,10,28,48,48,54,30,46,42,30,30,30,34,34,64,84,92,68,38,28,36,54,112,158,112,172,114,124,134,94,106,116,100,96,60,70,62,38,38,40,38,36,30,44,44,62,52,44,36,20,6,12,16,6,48,74,74,42,20,96,136,126,82,48,26,74,56,42,56,68,82,110,116,140,144,144,144,132,62,56,12,42,38,10,20,20,30,34,36,36,40,32,84,96,86,102,70,30,44,124,140,98,72,38,26,54,54,40,66,74,60,44,34,20,30,58,92,94,68,70,84,84,68,54,34,24,40,56,64,46,36,90,108,86,52,30,18,2,4,8,2,4,2,6,6,8,18,32,44,28,6,10,40,42,18,24,26,38,50,38,78,108,78,44,22,26,38,58,50,28,34,46,44,52,50,16,16,12,8,4,16,24,38,56,102,78,96,74,56,126,112,100,58,14,26,32,24,36,40,34,18,8,28,42,48,56,66,46,40,50,36,24,30,34,24,18,28,30,20,24,44,36,76,84,50,22,22,218
212,34,70,68,34,22,92,110,60,18,4,8,0,6,4,12,32,50,38,8,22,42,44,24,8,6,4,10,24,40,44,44,42,38,38,42,44,40,28,10,12,16,12,12,20,26,26,18,10,8,20,24,22,28,34,34,46,54,66,74,70,62,56,48,48,52,56,64,70,68,56,62,60,36,36,30,16,16,20,40,50,40,28,42,52,52,44,44,52,50,62,74,80,76,70,72,76,74,68,68,72,68,58,64,58,44,48,46,42,36,26,14,14,14,12,8,8,10,8,6,12,14,6,4,4,2,4,2,4,2,8,12,12,8,6,4,0,2,2,2,2,2,2,2,0,2,2,4,6,6,6,8,12,16,18,26,38,52,68,96,128,152,168,178,198,222,234,238,255,255,255,255,220,230,220,180,134,90,36,8,20,28,40,38,12,48,58,76,84,62,24,4,6,4,4,6,8,8,6,8,8,4,30,60,100,170,230,206,255,255,255,116,26,4,8,6,2,2,2,4,2,4,4,2,6,10,12,8,8,10,6,10,10,10,4,6,12,18,20,12,4,2,6,4,8,12,12,6,4,0,4,6,4,8,12,8,8,14,8,20,60,132,255,255,255,168,66,255,254,140,24,34,58,92,56,22,66,78,66,62,52,34,72,84,60,30,24,28,28,4,14,8,18,2,30,48,42,4,60,128,144,98,36,20,42,64,116,150,114,128,102,138,112,46,68,84,58,54,34,62,62,40,14,24,42,46,14,24,44,68,80,56,22,44,54,48,52,52,70,76,72,66,42,66,130,154,130,88,82,102,82,42,42,64,70,68,76,94,100,104,106,74,44,74,62,14,42,36,56,54,66,80,78,82,78,34,42,70,78,102,78,46,16,72,128,114,92,72,58,98,110,86,100,110,90,64,52,38,32,40,66,88,50,26,44,32,40,32,16,26,42,70,82,58,22,54,94,92,68,58,48,24,14,12,6,2,2,2,4,4,6,20,46,48,14,10,16,40,26,16,12,18,18,30,6,52,58,42,34,44,56,74,74,42,18,44,56,14,28,36,22,36,14,20,28,34,28,36,80,82,112,82,38,98,132,160,118,80,34,34,26,22,26,18,14,38,60,66,48,54,62,58,18,34,48,26,6,16,34,42,30,24,30,56,60,32,56,78,60,32,16,213
205,46,50,58,46,6,54,110,90,28,2,10,4,10,4,4,18,48,46,22,12,44,52,34,8,6,2,4,8,24,34,36,34,30,28,32,32,20,16,18,26,24,24,22,22,26,30,34,42,52,54,52,52,54,60,64,70,76,82,80,66,68,62,52,40,36,30,28,22,10,2,22,32,28,44,52,50,40,34,48,56,56,54,66,68,58,44,40,54,66,66,66,64,58,54,56,60,56,48,46,46,40,30,24,16,12,12,10,4,2,6,2,6,8,4,2,6,4,2,6,2,12,8,4,4,0,6,4,4,6,6,6,14,10,8,8,8,10,8,8,10,6,6,12,10,12,18,20,22,22,18,18,24,24,30,36,42,64,96,148,194,226,250,255,255,255,255,255,255,242,206,162,152,168,150,122,110,92,70,38,42,30,28,56,44,28,58,58,74,74,38,0,8,8,12,12,6,2,6,4,2,8,18,76,138,196,248,220,228,255,255,172,60,20,10,12,12,8,4,2,4,4,8,8,8,4,4,6,2,8,18,24,18,10,8,8,8,8,14,14,10,12,14,10,10,12,14,8,2,0,4,6,2,4,10,10,2,8,8,12,24,38,120,255,255,255,80,152,255,255,114,42,44,90,86,18,28,66,100,88,50,30,82,76,68,46,48,38,34,24,14,16,10,12,30,22,40,40,18,74,136,148,112,46,54,34,64,92,98,106,120,136,68,22,34,44,18,20,12,38,56,48,26,36,58,72,62,22,30,60,84,90,68,58,42,24,30,32,16,40,74,84,66,62,118,112,72,52,78,96,106,86,86,108,90,58,54,68,54,46,34,8,6,32,58,38,42,56,58,62,64,110,106,98,108,74,40,48,68,92,64,26,18,42,88,90,68,70,88,120,118,74,86,114,108,74,48,34,20,22,42,88,88,42,52,24,12,24,40,28,32,70,98,82,50,62,46,68,66,74,78,58,38,30,22,16,10,6,6,2,4,4,30,50,32,18,16,16,32,22,2,18,32,54,52,28,46,54,24,8,10,26,40,32,28,46,84,72,22,42,18,18,18,6,8,10,26,52,66,96,100,62,32,10,62,124,92,54,30,26,52,54,58,48,30,32,28,20,10,32,38,48,54,44,72,74,50,84,88,92,82,40,8,34,56,56,58,68,62,50,44,217
197,120,24,46,56,16,30,96,114,56,6,14,6,12,8,0,8,42,50,38,4,40,60,56,28,8,10,12,16,16,6,10,10,10,8,12,16,16,20,26,24,22,24,24,30,42,50,58,66,70,68,64,60,56,52,48,46,54,52,36,16,24,22,14,18,18,22,26,32,42,44,52,56,62,68,64,56,46,40,44,54,56,66,72,70,60,50,52,58,56,48,46,44,40,38,36,30,20,14,10,6,2,2,4,4,8,2,6,4,2,8,14,12,10,4,6,6,2,4,8,4,8,4,2,4,2,6,8,6,12,2,4,14,16,16,14,12,12,22,26,26,30,38,38,36,36,34,30,32,36,38,40,40,38,52,52,54,90,132,182,222,248,255,234,212,186,142,98,42,28,92,144,198,250,248,234,184,120,90,48,64,48,22,32,56,40,96,98,98,88,54,16,6,10,8,8,8,6,6,8,6,4,14,50,142,244,255,230,68,255,255,255,116,40,6,8,10,8,6,4,6,8,10,8,2,4,4,2,2,6,16,16,8,10,8,10,8,4,6,6,4,6,4,2,4,6,6,4,2,0,2,6,6,0,6,12,12,12,6,2,8,10,34,148,255,255,204,26,188,255,226,66,32,78,84,46,22,34,84,102,100,50,80,44,72,90,30,26,46,44,20,8,14,30,20,4,30,46,36,28,60,110,116,40,42,20,38,50,86,94,106,80,12,16,26,64,50,28,32,34,38,60,50,26,44,62,70,32,34,54,58,58,52,26,4,4,2,8,20,20,68,78,66,56,74,82,68,34,52,62,68,34,34,36,72,44,28,42,24,12,18,18,16,20,30,54,66,58,48,82,102,130,154,126,120,92,16,42,68,90,76,18,22,30,68,68,36,62,76,90,82,36,48,78,94,80,62,52,40,24,32,40,82,52,46,26,18,30,40,12,8,30,74,68,66,68,46,10,40,68,92,94,72,50,40,36,26,20,22,18,14,20,36,56,50,24,44,24,12,28,26,18,2,26,26,6,48,88,76,40,18,24,26,38,36,8,30,50,22,38,52,18,12,8,4,8,16,14,42,114,154,110,44,28,40,74,88,76,72,30,20,44,46,30,18,4,28,44,32,40,42,46,32,6,30,28,2,34,30,30,72,64,22,22,40,46,26,30,60,56,46,222
175,255,130,16,78,50,10,70,110,88,30,14,8,8,8,6,8,28,44,46,24,20,50,68,54,26,24,24,24,24,22,26,28,22,20,26,28,24,24,26,28,30,32,36,46,58,62,64,62,58,54,44,32,22,8,16,14,32,38,36,46,54,52,62,64,48,42,38,40,46,46,50,58,74,72,68,66,58,48,46,52,54,52,52,50,46,42,38,28,18,16,18,16,12,12,10,6,4,4,6,4,0,0,2,0,4,4,8,2,4,8,12,8,12,6,8,6,4,4,6,4,8,4,2,2,0,4,6,12,18,12,14,26,36,42,34,32,44,60,80,92,102,106,94,84,76,62,46,38,46,50,56,56,62,70,58,60,96,124,148,156,136,88,30,68,128,186,234,255,255,255,255,255,255,255,236,160,108,84,52,82,98,78,50,80,94,106,166,176,132,72,30,8,8,18,12,4,10,2,12,8,4,20,14,94,206,255,255,128,208,255,255,196,76,6,2,12,6,4,6,6,8,10,10,2,4,2,4,4,10,12,8,2,8,8,8,6,4,6,6,4,6,8,8,10,10,8,8,4,2,0,2,6,4,0,2,6,10,10,8,12,16,16,68,198,255,255,148,66,246,255,170,70,82,82,70,54,8,48,66,90,52,52,28,40,96,86,54,48,52,42,32,40,42,32,54,46,56,40,18,28,60,76,28,24,12,16,28,54,62,72,32,12,14,18,46,76,56,20,8,20,68,68,34,10,24,70,48,18,46,52,40,28,24,14,16,20,16,14,40,34,52,18,12,34,76,54,28,48,52,52,44,46,48,96,90,56,50,50,24,16,4,12,10,8,68,98,46,56,110,122,102,160,148,126,108,50,42,60,92,100,36,34,22,48,72,38,46,38,54,58,30,52,74,94,96,92,90,80,32,8,18,52,70,48,18,12,34,40,6,18,20,36,38,82,76,74,58,24,26,58,90,92,60,46,50,38,30,32,30,32,44,56,64,56,28,46,48,12,20,26,26,20,24,18,22,12,32,58,34,44,50,70,78,82,60,40,32,40,10,34,34,0,16,8,6,14,22,38,82,122,126,84,44,18,60,106,136,148,104,44,36,46,28,10,12,4,16,8,14,38,58,58,38,36,26,6,34,42,36,70,106,84,24,12,24,40,34,70,74,80,218
126,255,250,44,80,98,32,38,88,104,54,2,8,4,8,8,8,14,38,50,40,8,22,54,56,38,34,34,32,30,30,28,26,24,26,30,38,40,42,40,34,30,28,30,34,36,30,28,22,12,12,12,32,46,50,50,40,52,58,56,64,64,58,66,60,42,42,42,50,58,54,54,60,60,56,52,48,38,30,30,28,24,24,24,20,16,12,8,6,4,4,0,4,8,8,6,2,4,4,8,8,4,4,6,6,6,6,6,2,2,8,12,6,6,2,6,6,4,6,6,4,12,10,8,12,14,20,26,30,36,46,58,72,92,106,108,122,140,150,160,164,170,172,162,166,156,128,98,72,60,52,44,36,32,22,2,22,70,116,162,204,236,250,255,255,255,255,255,255,255,255,226,194,176,156,116,82,68,44,26,42,76,88,70,92,140,142,192,255,236,144,54,16,12,14,8,6,8,4,2,14,12,24,20,34,126,255,255,255,62,255,255,244,122,32,8,10,6,2,6,6,8,10,12,8,8,8,10,10,16,16,6,2,4,10,10,8,6,4,6,6,4,4,6,10,8,4,6,4,6,4,2,4,6,2,4,2,6,4,4,8,14,16,40,136,255,255,255,122,118,255,255,170,92,84,90,52,6,20,38,52,34,20,56,64,90,104,90,104,120,98,84,84,62,20,38,22,48,52,34,20,52,78,48,30,50,64,58,114,128,62,8,22,24,32,28,46,50,18,20,32,74,90,44,28,28,82,102,56,12,36,50,42,32,24,10,14,22,36,30,6,64,22,34,34,80,96,54,62,52,16,14,8,12,34,70,50,26,32,18,12,16,24,16,36,66,126,116,60,70,64,28,114,168,162,142,92,32,36,78,102,40,18,6,26,50,24,10,16,36,32,10,28,66,88,90,86,92,94,70,20,14,10,20,36,30,14,30,22,22,30,14,4,54,82,62,86,102,68,34,8,34,66,44,28,40,36,34,38,36,44,62,66,54,36,12,24,38,34,26,38,14,14,34,58,72,86,56,64,86,88,66,86,88,70,38,26,38,70,62,24,24,12,14,18,10,6,12,6,34,62,90,104,74,38,44,62,100,146,114,66,22,40,44,30,36,36,28,28,22,30,36,30,18,26,40,46,94,110,94,76,122,130,84,20,34,56,28,38,28,54,213
99,255,255,84,42,100,50,14,62,112,82,20,12,8,4,4,4,4,22,42,44,26,2,30,38,28,30,36,38,42,46,42,42,42,40,36,32,28,20,16,10,4,0,8,16,26,34,46,52,54,58,60,66,62,50,44,40,42,52,64,72,72,68,68,52,36,44,50,56,56,46,40,34,28,24,20,16,10,8,6,6,4,4,4,2,2,2,4,6,4,6,4,6,6,6,10,12,8,8,8,4,0,0,2,4,4,8,10,8,6,2,6,6,6,2,6,4,6,12,12,12,22,22,20,22,30,38,50,62,80,116,146,168,194,206,206,206,210,222,234,236,232,222,216,208,182,134,82,52,30,12,6,22,34,40,46,46,84,130,174,214,246,252,255,255,244,196,166,150,128,94,60,40,32,26,8,12,16,6,6,2,38,80,88,116,190,240,202,255,255,246,114,28,12,20,14,14,6,6,8,4,6,4,4,10,66,208,255,255,178,178,236,226,134,62,24,4,10,6,8,6,6,8,10,8,6,8,10,10,14,12,6,4,2,8,10,8,6,4,4,4,0,0,4,6,2,0,4,4,0,4,6,4,6,4,4,2,6,2,2,2,8,12,18,84,196,255,255,255,76,164,255,255,102,70,112,76,24,10,22,38,68,96,102,122,114,124,98,110,116,86,96,100,72,22,50,34,12,44,46,8,48,84,90,48,34,20,6,44,132,120,34,8,14,38,38,38,38,38,32,42,24,100,126,80,78,76,94,78,22,36,64,52,36,26,12,12,8,20,54,40,76,62,48,30,46,92,60,30,76,46,28,30,22,22,50,62,32,32,28,12,6,14,6,28,36,58,108,104,78,70,32,66,184,202,160,118,32,14,60,98,52,6,14,14,36,32,34,44,68,62,66,52,26,14,36,58,84,90,96,62,20,26,34,30,20,16,40,34,42,36,20,18,58,62,30,56,98,90,66,48,58,72,40,14,6,16,34,44,50,66,64,42,20,14,36,28,20,60,22,30,30,48,62,72,70,92,106,102,112,78,38,56,82,72,50,38,22,44,68,38,20,46,18,18,18,6,18,26,38,30,44,80,100,52,8,10,28,110,102,68,60,40,60,30,14,12,4,8,28,52,66,62,38,8,4,26,56,42,36,12,56,106,114,74,6,42,48,36,14,30,210
103,255,255,142,8,84,66,12,44,108,110,56,6,14,12,10,6,0,10,26,32,24,10,14,28,26,28,32,28,26,22,12,6,2,10,16,22,30,34,28,18,18,18,18,22,28,32,40,48,54,60,66,68,62,50,50,48,46,52,56,58,54,52,44,32,34,40,38,34,24,14,10,8,8,6,4,2,0,2,0,2,0,0,0,0,4,6,8,6,2,4,8,6,4,6,2,4,4,4,4,4,4,4,2,4,8,8,8,6,4,8,12,18,18,18,24,24,32,38,32,28,36,36,34,38,46,50,66,90,126,180,220,250,255,255,252,242,230,234,232,210,174,154,168,156,118,100,76,58,50,44,40,38,38,34,30,28,34,60,84,98,106,122,124,98,66,42,32,20,8,6,10,12,6,6,10,16,12,14,8,10,18,66,118,152,200,255,255,255,255,255,188,66,6,10,8,20,4,8,12,4,10,8,12,14,34,140,255,255,255,164,214,174,110,66,36,10,12,10,8,6,6,8,8,4,0,4,8,6,4,6,8,4,2,4,10,10,8,8,2,4,2,2,6,4,0,0,2,4,6,2,6,6,6,6,4,6,8,4,6,2,4,8,4,18,98,240,255,255,238,34,226,255,148,46,86,100,58,16,26,48,78,94,58,78,78,106,94,120,124,100,124,138,124,58,22,46,22,34,62,40,14,58,102,122,68,68,54,46,54,112,52,8,18,20,18,2,28,44,42,62,36,94,86,40,62,72,66,68,44,24,66,62,50,42,38,60,50,48,36,2,14,14,22,18,42,84,86,22,66,84,62,60,36,24,48,84,70,58,54,42,34,30,28,36,48,38,80,120,96,78,84,50,76,168,160,144,78,14,36,90,72,16,16,26,38,26,16,16,40,32,52,56,30,28,24,42,94,100,88,70,26,10,16,18,18,24,32,42,40,22,20,40,64,50,16,26,68,78,62,40,80,86,58,42,36,26,32,36,46,60,38,24,22,62,64,58,34,36,60,46,64,68,66,78,102,128,142,142,134,106,88,104,152,158,128,82,50,24,36,52,38,56,56,2,30,16,8,12,24,40,52,84,126,104,44,18,24,104,122,110,96,32,68,80,76,54,52,40,44,44,34,12,24,52,44,66,88,100,86,50,20,68,96,88,44,12,14,24,44,48,207
83,255,255,230,70,62,96,30,24,86,122,92,28,20,18,14,18,14,22,32,32,18,16,8,12,16,12,6,6,14,22,30,28,28,30,28,26,28,26,18,22,28,26,24,22,26,32,34,36,44,52,58,62,60,54,58,54,46,44,36,28,20,14,10,12,18,16,6,2,8,12,6,4,0,2,4,4,4,6,4,2,0,0,0,0,4,6,6,6,10,8,8,4,0,2,4,8,8,8,6,4,0,0,2,6,6,10,14,18,26,36,40,44,46,40,38,32,30,30,28,40,54,52,48,48,52,52,74,114,162,214,252,255,255,224,188,144,104,60,12,52,118,160,206,218,196,158,96,64,52,40,38,42,40,36,34,40,48,52,44,42,36,32,20,6,2,10,12,8,6,0,4,2,8,12,12,4,12,4,8,12,12,40,116,194,255,255,255,255,255,255,255,134,36,6,16,18,4,10,8,6,6,4,8,4,4,76,170,255,255,152,170,142,112,84,56,16,12,12,8,6,6,8,8,6,4,8,10,6,2,6,6,4,4,6,8,10,8,6,4,2,2,4,6,2,0,0,2,2,6,6,0,6,8,8,4,6,4,2,6,4,4,8,6,6,46,164,255,255,255,154,120,255,246,80,30,64,78,42,12,42,96,134,82,36,20,18,36,118,118,98,132,152,162,124,42,28,40,12,52,56,22,14,60,108,88,20,16,44,44,120,104,22,22,16,22,26,12,16,8,16,24,48,108,88,30,104,116,96,76,26,32,56,68,76,64,8,18,4,22,28,16,24,40,30,38,42,66,70,32,58,24,42,62,34,32,66,84,72,50,40,32,16,10,10,6,24,70,144,160,124,116,126,40,114,194,206,138,52,30,60,80,42,4,30,54,56,58,42,38,20,26,22,24,42,58,24,46,94,78,62,72,48,74,48,22,24,18,20,18,24,48,56,66,42,10,8,36,50,44,38,64,60,42,46,50,54,46,28,20,22,16,36,44,72,54,52,80,42,54,78,100,76,68,106,172,220,220,220,206,166,132,134,170,174,144,92,50,22,28,72,68,40,40,14,20,24,20,16,24,28,46,82,130,132,66,60,38,82,124,136,126,86,94,76,52,34,42,42,28,16,48,46,26,22,2,22,38,54,50,48,18,52,82,92,70,42,32,48,52,32,198
57,255,255,255,132,10,104,54,6,52,112,108,50,40,38,38,34,30,34,34,24,12,16,28,32,24,22,24,26,24,26,22,18,24,26,24,24,26,26,22,28,36,36,36,38,46,48,46,46,48,46,40,32,24,20,20,20,16,14,10,8,6,4,4,6,8,4,6,6,4,8,8,4,0,4,6,4,4,6,6,4,4,4,4,2,4,4,2,4,2,0,2,4,4,4,2,2,6,10,12,14,18,20,26,38,50,60,68,82,98,108,116,112,110,102,92,78,60,50,54,58,56,54,48,46,50,50,72,108,134,142,132,104,70,66,132,178,222,255,255,255,255,255,255,255,234,160,90,66,60,48,52,50,36,34,36,42,36,18,10,8,10,10,10,2,2,2,2,4,0,6,6,6,6,2,10,6,10,6,10,12,10,16,68,158,255,255,255,66,255,255,255,200,86,22,12,6,8,4,12,4,4,6,14,10,10,26,92,152,202,176,68,104,140,126,90,32,10,8,4,4,6,8,6,10,12,12,14,12,8,12,4,4,4,4,2,6,8,4,2,2,4,6,4,0,0,0,4,2,6,6,4,2,6,8,4,2,2,2,6,4,4,8,6,10,16,66,212,255,255,255,44,234,255,190,40,34,56,76,36,22,76,116,84,40,56,66,86,110,64,36,70,74,112,112,62,22,74,46,26,32,28,10,26,64,88,58,40,24,16,76,132,102,28,16,28,18,38,48,30,30,10,58,86,98,58,82,136,120,98,68,20,26,54,72,90,66,18,22,10,16,24,24,62,54,42,28,58,82,66,46,20,6,22,30,12,8,54,62,24,14,38,24,18,10,24,16,6,54,130,130,76,62,72,62,158,224,178,78,40,30,68,50,26,20,16,22,42,38,14,12,14,54,80,84,126,124,130,146,114,98,84,44,68,78,56,36,28,38,32,38,54,50,52,26,8,34,58,42,14,14,34,44,16,16,24,38,42,40,44,50,20,34,60,48,32,2,64,118,122,104,90,48,46,108,192,232,194,166,166,110,42,28,78,116,122,96,58,36,18,50,76,68,16,20,4,16,14,6,12,20,22,18,84,132,106,58,32,26,74,118,114,102,62,32,34,36,40,48,54,34,34,58,56,64,62,60,62,70,52,44,28,18,70,112,102,72,30,24,62,52,197
61,255,255,246,156,46,78,68,24,16,84,104,54,24,16,24,20,20,22,20,10,2,8,12,22,22,22,26,26,26,26,24,34,42,40,40,42,48,50,46,44,42,36,30,32,36,34,32,32,28,20,12,4,4,6,6,10,6,4,2,4,4,6,8,8,4,4,2,4,6,12,12,6,2,6,4,0,0,2,4,4,8,8,8,6,12,10,8,10,8,2,0,2,6,10,18,28,40,52,60,66,74,82,100,120,134,148,156,172,190,200,206,188,192,180,158,132,102,72,52,40,24,16,6,2,14,24,52,106,158,198,242,255,255,255,255,255,255,255,255,255,246,210,174,158,136,86,54,50,44,30,28,18,18,10,12,14,10,18,14,4,6,4,6,4,6,8,6,8,6,8,8,10,18,28,40,38,34,34,24,6,6,8,30,94,224,255,255,255,228,255,255,255,132,46,20,4,8,2,8,10,8,6,16,6,4,2,50,86,108,140,82,70,166,188,160,80,16,6,10,4,4,8,8,14,12,12,16,12,10,12,4,2,4,4,0,4,10,8,4,2,6,8,6,4,4,4,6,0,6,6,4,0,2,6,6,4,6,4,10,10,8,6,0,4,14,16,110,255,255,255,202,80,255,255,102,12,12,52,60,16,56,108,82,42,58,66,106,174,138,54,72,58,76,94,74,32,60,56,16,18,28,24,12,42,78,110,64,42,52,40,36,86,70,10,30,22,30,8,10,8,32,72,78,62,56,14,106,122,88,66,30,20,54,48,58,66,38,48,40,42,40,10,24,64,42,10,34,40,42,40,20,20,28,28,18,12,36,94,68,40,48,26,28,18,32,34,44,40,50,120,118,96,98,62,42,168,210,122,56,20,40,48,36,48,30,32,42,46,38,50,92,110,86,78,104,112,104,100,90,72,42,24,26,56,62,48,42,58,56,52,60,52,42,8,28,48,50,20,2,6,28,60,48,60,66,44,24,12,22,46,40,32,62,42,36,42,68,148,128,74,78,66,12,94,164,172,104,72,148,174,146,100,68,84,146,160,128,74,30,22,10,40,30,28,26,16,30,38,54,62,48,30,56,152,170,122,82,62,26,112,120,120,130,98,122,120,100,88,72,56,68,64,48,40,44,30,16,18,56,76,72,46,16,76,84,62,36,26,38,44,207
113,255,255,224,110,46,54,80,50,18,54,72,44,2,10,2,4,6,6,2,8,12,16,18,16,22,32,38,40,42,40,44,52,46,40,38,36,38,36,30,26,22,16,14,12,12,8,2,4,6,6,4,8,8,4,4,8,4,6,6,2,0,0,2,2,10,10,8,8,6,8,10,6,8,6,0,4,4,6,8,8,6,6,12,10,14,12,18,24,30,26,24,26,28,30,40,54,68,86,108,132,158,178,194,200,208,222,228,240,252,254,250,222,238,216,172,122,74,32,14,12,22,30,36,40,42,50,68,108,156,190,216,234,248,254,232,204,180,154,124,98,74,58,40,28,22,8,6,2,12,14,12,8,8,0,6,12,8,8,2,4,2,6,10,8,10,10,20,22,26,44,58,70,86,102,106,94,88,76,64,38,8,8,20,44,152,255,255,255,86,255,255,255,202,64,22,8,16,10,12,6,12,4,12,6,6,2,26,62,70,104,164,170,196,255,254,162,50,6,6,6,10,18,12,10,6,10,12,6,10,12,4,2,4,4,0,2,8,8,6,2,8,8,6,4,4,4,6,2,8,6,2,2,4,6,8,6,4,2,6,8,8,2,4,6,16,20,44,174,255,255,255,8,224,255,162,30,18,24,48,38,28,106,90,50,42,50,46,132,140,68,42,40,76,110,112,68,16,48,26,14,30,32,18,26,62,102,84,20,16,8,4,42,80,56,14,14,10,16,18,18,42,100,82,54,52,36,80,124,94,60,52,24,50,50,54,88,54,16,28,10,26,18,32,14,40,44,36,56,68,98,72,46,54,12,44,36,42,86,114,82,74,64,30,22,24,20,4,22,38,102,146,136,114,78,52,148,246,214,106,56,46,16,32,42,36,56,66,52,52,72,84,52,12,10,16,12,20,38,48,48,32,22,2,24,40,42,42,48,44,34,30,20,4,24,44,42,22,10,18,24,10,30,50,112,102,82,40,12,30,56,64,8,64,62,32,30,52,126,122,36,48,72,46,124,214,246,226,164,234,220,138,96,56,20,104,148,142,106,60,46,16,38,42,6,32,16,46,78,78,58,56,48,30,116,160,140,90,90,100,102,138,156,200,178,136,84,92,84,56,14,14,38,60,38,34,30,32,48,48,48,62,68,50,48,56,58,48,28,4,10,206
156,255,255,232,112,50,38,78,72,52,82,90,54,16,16,16,16,18,22,30,38,42,44,48,50,52,54,52,48,44,42,42,36,24,20,16,12,10,6,4,2,0,2,2,2,4,2,4,8,8,6,4,6,4,0,6,6,2,4,2,0,0,0,2,6,10,4,4,4,2,6,4,2,2,4,4,2,2,8,8,12,14,24,30,24,30,36,36,30,28,24,26,30,32,32,50,74,92,124,162,198,230,244,255,255,255,244,224,206,184,158,118,102,122,124,102,106,92,68,46,38,44,44,40,36,32,30,34,44,70,86,96,98,98,90,82,68,48,32,16,6,6,6,4,2,2,4,6,6,8,8,12,8,10,4,6,6,4,8,8,8,12,14,20,32,48,66,88,100,114,140,154,160,172,184,168,172,164,132,100,70,30,4,16,16,100,244,255,255,255,218,255,255,255,134,30,2,16,4,10,2,14,6,6,8,4,6,8,48,78,114,224,255,218,255,255,255,116,14,10,6,10,14,2,6,2,6,6,2,10,14,6,4,6,4,0,0,4,6,6,2,8,6,2,2,6,6,8,6,10,12,8,4,6,6,8,6,0,0,0,0,4,6,4,12,2,18,18,76,234,255,255,114,230,255,228,78,44,30,46,52,20,78,68,38,36,56,32,102,130,104,36,22,66,100,116,106,42,42,54,6,28,36,30,8,44,80,82,40,42,64,48,40,62,72,58,36,8,16,16,14,12,60,72,70,76,32,48,112,120,72,72,68,26,32,46,72,90,68,32,48,38,34,22,34,24,60,40,38,44,58,78,44,40,48,34,42,2,18,58,54,28,44,22,22,32,28,12,10,38,78,116,118,124,154,126,108,208,255,172,98,76,48,36,22,38,56,42,38,52,52,24,26,34,44,48,32,40,36,34,42,46,38,16,2,10,14,14,16,14,6,24,34,42,48,44,30,10,18,22,28,42,62,102,130,84,104,82,48,68,62,98,52,20,60,42,16,54,110,112,68,16,86,74,80,162,174,180,170,244,200,102,118,118,76,54,88,106,96,58,42,38,48,80,52,20,12,68,102,74,70,92,108,78,26,72,116,104,122,140,122,140,158,188,164,46,40,82,66,48,36,50,30,44,22,12,30,46,50,38,38,22,38,62,42,30,68,78,52,22,26,209
195,194,208,142,74,46,28,64,78,74,96,94,58,30,30,36,44,46,46,50,50,50,46,42,36,32,32,28,24,20,20,14,6,2,0,2,2,4,6,8,6,4,6,6,6,6,2,4,4,0,0,0,2,4,4,6,6,4,6,6,4,4,4,4,4,6,4,4,4,2,4,6,6,18,24,26,28,42,58,64,66,74,80,70,58,50,34,28,28,32,34,38,42,46,46,66,90,114,160,196,210,206,182,160,126,78,36,10,58,104,140,198,252,255,255,224,170,114,70,46,42,44,42,38,32,28,26,30,28,28,22,18,16,16,16,16,10,8,4,4,6,4,4,2,2,8,8,2,2,8,8,0,8,10,6,10,12,12,18,22,34,52,72,94,122,150,164,176,180,190,210,210,202,204,210,194,226,250,216,154,100,54,14,6,10,50,168,255,255,255,126,255,255,255,218,84,10,6,10,16,6,12,4,4,8,4,6,8,30,84,150,244,255,214,255,255,255,188,66,14,10,14,20,8,8,4,6,6,4,10,10,6,6,6,4,4,4,4,6,8,6,8,4,0,4,6,4,8,4,4,8,12,12,8,4,6,8,0,0,0,0,2,6,4,10,14,8,24,44,142,255,255,246,130,255,255,134,44,58,50,52,24,60,64,46,42,56,50,98,124,102,50,6,46,62,72,94,66,26,76,48,18,30,30,10,20,60,94,80,24,18,36,38,34,34,30,40,42,26,8,8,56,108,110,100,82,40,56,110,140,90,58,64,34,18,46,34,50,72,24,30,10,24,26,48,62,88,138,116,64,34,28,38,30,68,46,40,52,34,46,56,44,46,16,6,4,38,74,114,150,160,152,118,106,120,62,22,124,255,242,146,110,74,50,58,50,38,32,42,44,26,10,10,12,20,18,4,34,58,64,52,42,36,16,4,2,2,2,4,8,26,44,48,42,32,14,6,20,44,30,42,78,92,88,76,38,76,94,94,74,26,88,90,42,30,56,32,74,96,82,86,26,76,90,24,66,80,70,132,172,134,76,128,156,138,50,48,82,82,58,44,32,10,54,68,28,60,104,120,102,96,150,162,136,82,8,88,118,152,210,176,84,48,102,124,74,72,80,50,34,42,42,42,80,66,46,28,34,28,10,6,28,58,56,76,38,20,66,68,48,44,213
208,88,104,84,60,56,42,52,64,70,82,74,46,36,34,40,36,30,28,28,24,22,18,12,8,6,4,2,4,4,6,6,4,0,0,2,4,4,6,6,2,0,2,4,4,4,2,4,6,4,2,0,0,2,4,6,6,2,2,4,4,6,8,10,8,16,20,22,28,36,42,42,52,68,76,80,92,116,132,140,142,144,136,130,120,104,78,56,64,60,56,52,46,40,32,40,52,68,88,92,96,104,114,126,192,236,255,255,255,255,255,255,255,255,246,198,142,94,64,48,42,36,32,30,26,24,22,28,24,26,18,6,0,2,8,6,4,8,4,4,10,8,0,4,4,8,6,6,6,6,8,10,14,16,22,24,30,40,46,56,74,100,134,166,194,208,200,202,204,204,206,188,168,162,162,138,162,224,242,198,130,78,40,8,10,16,94,226,255,255,255,255,255,255,230,134,38,12,16,8,8,12,4,4,8,6,6,14,14,58,152,255,255,255,96,255,255,255,126,38,4,4,2,6,4,10,10,8,8,10,6,4,6,6,6,6,6,6,6,6,8,8,4,2,4,6,4,6,8,6,4,4,10,10,10,4,8,4,2,0,0,0,2,4,12,10,12,18,34,78,234,255,255,76,255,255,255,70,62,38,34,18,30,46,42,36,38,32,50,94,98,74,24,38,74,82,100,100,38,36,58,18,40,50,22,2,40,96,120,82,44,46,30,46,68,50,32,6,32,22,20,56,88,118,144,122,58,60,86,128,112,62,48,36,20,78,64,46,56,28,38,40,26,30,44,40,18,68,82,40,26,18,68,68,82,84,38,22,8,20,68,90,84,50,38,46,82,106,114,122,114,82,38,76,150,114,62,88,190,255,186,144,82,30,42,56,58,30,36,32,32,42,34,22,28,30,22,6,36,82,82,52,42,20,6,4,0,2,2,12,36,50,44,22,14,16,24,42,58,30,68,98,88,60,46,20,28,70,100,82,8,48,66,56,26,64,62,74,72,46,68,52,70,60,32,62,54,14,72,80,54,30,64,120,148,112,54,54,90,102,92,86,70,20,38,52,78,90,100,102,100,126,140,110,100,36,48,104,150,226,255,214,118,106,132,80,76,82,38,8,40,44,30,30,44,68,98,104,88,70,66,72,74,44,68,56,12,52,90,80,40,219
212,54,70,58,48,50,44,48,48,42,46,38,22,22,20,16,8,4,4,6,6,6,6,2,2,2,4,4,4,4,4,4,2,0,0,2,4,4,6,10,10,8,8,8,6,4,2,2,6,8,6,4,2,2,4,6,8,4,4,6,8,12,14,16,16,34,46,60,80,104,120,128,142,158,166,172,188,206,210,216,214,196,194,184,160,132,100,60,26,16,10,2,6,14,20,32,66,116,162,198,222,236,250,255,255,255,255,255,240,212,186,164,134,112,100,84,62,42,30,20,14,10,8,8,6,6,6,4,8,14,10,12,8,12,16,10,12,6,4,8,8,4,16,14,12,18,18,18,20,26,30,32,34,40,50,52,60,70,72,78,90,118,158,188,202,190,162,156,140,108,80,38,4,36,70,76,112,124,132,162,128,88,62,20,14,8,54,164,255,255,255,196,255,255,194,154,70,20,20,24,16,12,6,4,8,6,4,8,10,20,104,248,255,255,132,255,255,255,208,78,16,12,10,8,10,10,10,6,4,4,2,2,6,6,4,2,2,4,6,4,6,4,6,6,6,8,8,8,8,10,8,6,4,8,10,6,2,6,4,0,0,0,0,0,8,6,14,20,24,60,182,255,255,255,138,255,255,178,14,48,16,16,4,22,32,28,16,10,54,70,80,76,54,56,106,124,126,130,112,46,46,50,40,74,52,32,2,58,102,84,18,32,60,82,70,22,26,34,10,24,54,80,96,136,144,76,48,44,50,94,126,106,86,78,40,32,74,70,72,70,26,32,36,40,22,40,56,62,64,40,38,46,50,74,58,66,52,20,34,10,18,64,72,36,10,8,42,64,74,68,40,12,40,68,150,146,146,138,32,156,162,170,110,52,56,26,58,66,44,22,22,40,52,40,38,36,40,42,32,32,76,68,60,34,8,6,10,10,10,22,44,50,32,10,26,34,34,42,38,14,54,90,104,110,94,62,58,88,98,76,36,58,62,58,74,70,80,70,74,62,38,18,56,24,26,48,62,46,102,128,84,32,4,42,98,122,86,6,74,110,90,70,62,26,28,76,108,114,110,94,62,46,102,108,126,84,28,42,102,168,234,246,192,120,154,138,144,124,70,52,14,16,20,58,94,100,78,48,24,8,8,12,18,30,62,60,46,52,112,132,108,215
218,44,36,28,26,22,18,22,18,12,10,4,4,6,4,4,6,4,6,10,10,10,12,8,8,4,4,2,0,0,0,2,6,8,8,10,10,8,8,4,2,0,0,4,6,6,8,10,8,10,6,8,10,8,8,8,16,16,18,22,24,28,28,28,34,58,78,106,144,182,206,212,216,228,240,250,255,255,248,242,218,198,198,176,134,88,56,50,40,36,36,32,28,30,30,28,42,76,116,146,162,172,184,192,172,146,128,102,82,64,50,36,26,24,22,18,8,4,8,10,10,8,10,12,16,12,10,12,16,8,0,8,8,8,4,4,10,8,10,14,22,40,48,58,74,80,74,68,60,52,52,54,58,66,68,62,62,62,56,64,84,108,134,140,120,74,24,26,82,132,168,204,234,252,255,255,228,178,146,98,112,96,82,46,14,2,20,104,216,255,255,255,255,232,138,138,94,20,6,14,14,12,8,6,6,6,2,2,2,8,52,160,255,255,255,52,255,255,255,132,32,6,26,22,16,10,6,2,0,0,2,6,6,2,0,0,0,0,2,4,6,4,4,4,6,8,8,6,4,4,8,10,6,4,4,6,4,4,4,0,0,0,0,0,6,8,4,16,10,36,150,255,255,255,76,255,255,255,100,22,28,6,20,8,24,24,4,8,36,76,96,110,100,36,40,86,100,102,106,70,12,60,24,28,36,30,24,36,88,102,66,20,34,76,100,92,52,16,40,34,28,60,86,106,102,40,26,66,72,68,102,124,122,116,106,60,44,44,54,96,84,52,22,40,26,14,20,22,88,114,96,74,16,40,34,38,64,46,34,30,28,26,54,40,14,8,44,80,98,98,86,66,92,74,146,166,184,192,80,96,108,164,128,86,54,18,20,60,74,70,58,18,24,40,42,42,50,62,72,52,52,46,52,40,24,12,4,4,16,52,62,52,24,20,42,52,48,34,8,24,42,36,44,74,84,58,34,44,74,100,96,98,76,56,84,64,48,62,76,60,24,46,60,36,46,44,62,48,56,96,86,50,32,8,32,82,96,54,20,80,82,60,46,28,2,40,94,128,130,110,82,28,72,134,156,126,98,22,54,112,182,228,240,174,188,190,170,110,92,82,36,6,40,52,30,12,30,30,36,32,34,32,24,32,38,42,38,8,54,92,88,207
222,14,16,12,16,10,6,10,4,2,6,6,2,2,4,4,4,6,10,10,6,6,4,4,4,0,2,2,0,0,2,4,2,0,2,4,8,8,10,10,12,12,12,16,16,16,20,24,30,30,28,30,28,24,22,22,24,24,28,32,34,38,36,38,56,80,106,142,190,232,250,238,224,222,208,182,144,96,54,10,46,92,142,172,166,136,100,62,36,30,30,26,24,32,36,32,34,42,52,60,60,64,64,58,46,36,24,14,10,8,6,6,8,4,4,10,12,14,6,2,2,0,2,2,2,2,0,4,8,4,4,14,18,24,28,34,48,64,78,92,114,138,148,160,158,140,132,126,108,80,62,60,62,66,60,46,32,20,10,16,38,68,116,146,154,152,210,252,255,255,255,255,248,226,198,188,172,136,58,56,122,114,84,68,34,10,12,38,130,202,255,255,212,212,140,84,96,76,14,16,16,8,6,6,6,8,4,2,4,10,14,96,228,255,255,182,220,255,255,168,56,10,22,14,10,10,8,2,0,2,6,8,6,4,2,0,0,2,4,6,6,6,6,2,2,4,4,6,4,4,6,8,10,6,2,4,4,4,4,0,0,0,2,4,10,6,6,10,6,8,82,244,255,255,246,100,255,255,236,54,30,12,26,14,16,22,18,6,8,46,78,120,148,120,42,44,96,104,102,94,38,38,46,10,30,34,24,8,52,92,102,72,42,60,46,36,52,48,42,66,86,96,94,126,134,96,50,54,112,64,46,72,82,68,76,62,8,50,46,62,74,28,32,20,18,24,22,26,28,94,104,82,38,36,64,42,54,68,10,34,28,36,84,88,64,42,8,48,90,100,104,110,134,118,156,196,236,228,140,60,78,138,138,86,38,28,28,4,46,70,74,70,38,4,20,30,38,40,44,50,56,64,42,28,32,32,30,26,50,80,74,48,24,34,54,42,12,40,68,84,86,82,74,74,66,64,70,86,116,138,150,106,72,36,66,50,14,36,34,14,26,58,48,20,56,62,86,100,78,60,82,78,54,26,6,34,88,98,34,68,130,136,106,64,44,26,46,82,112,106,78,54,12,88,104,84,92,50,48,92,148,180,206,176,88,96,70,44,46,58,46,42,56,88,66,50,30,10,18,28,42,40,26,34,46,58,58,32,30,56,58,209
221,4,8,8,10,6,6,4,4,6,6,2,2,4,4,6,8,8,6,4,2,2,10,10,4,0,2,2,0,0,2,2,2,2,0,4,8,14,16,14,22,20,22,40,50,50,58,70,80,84,84,78,74,70,54,34,40,38,44,50,54,56,52,52,58,74,104,138,168,170,138,82,30,18,68,112,162,212,240,255,255,255,255,255,208,140,86,52,42,40,36,32,32,38,36,30,32,32,26,22,18,16,14,8,4,2,6,8,6,6,6,4,2,6,6,4,4,0,6,6,8,6,4,4,4,0,6,16,26,32,50,70,82,96,108,120,136,152,162,172,192,208,206,196,168,152,146,136,120,90,56,32,28,20,4,18,24,30,28,40,62,96,144,176,174,196,220,206,184,166,134,102,84,58,38,62,82,86,86,40,124,152,86,66,52,14,12,6,64,118,158,206,156,130,98,50,62,110,46,14,10,8,12,10,10,8,6,10,16,14,12,44,148,255,255,255,208,238,202,158,74,24,22,24,12,20,10,4,2,6,4,4,6,6,6,4,4,0,4,6,4,2,6,6,4,4,2,4,6,6,2,4,0,4,8,6,2,2,8,6,4,2,8,6,10,8,4,4,12,6,22,136,255,255,255,98,252,255,255,154,14,28,14,32,8,26,32,10,6,10,42,96,112,92,66,76,122,140,108,112,112,52,38,22,44,62,50,16,30,74,90,76,26,42,34,46,74,58,16,24,46,66,76,94,102,108,142,84,120,74,40,50,54,52,64,72,32,22,46,44,60,72,24,16,14,34,26,50,58,52,68,72,64,32,76,76,40,54,50,30,42,42,54,94,84,60,44,10,60,82,90,94,98,80,102,156,230,254,200,132,90,108,166,144,70,38,34,52,14,28,46,76,84,54,30,14,32,36,28,32,36,30,16,18,14,24,38,24,60,104,88,42,46,50,46,36,96,148,174,158,122,94,110,130,138,112,86,144,210,204,216,190,182,112,34,56,40,34,8,28,10,60,92,32,40,56,54,58,32,26,72,96,90,62,34,20,52,90,66,40,102,146,132,90,58,28,22,92,142,156,136,134,100,68,76,98,116,68,20,38,82,98,104,92,22,56,92,76,36,46,52,46,34,62,28,28,50,34,18,12,8,14,26,38,36,34,38,32,48,58,52,207
223,4,6,8,8,0,4,2,2,2,4,4,0,6,4,2,2,0,2,8,8,12,12,4,6,2,8,10,10,12,12,14,20,22,24,32,50,54,54,56,72,76,92,116,120,118,144,166,178,182,178,172,160,150,118,76,52,44,44,42,34,26,20,12,8,42,82,126,168,198,212,204,255,255,255,255,255,255,255,255,230,200,196,168,126,90,66,54,44,32,24,18,16,14,8,4,4,4,4,6,4,2,6,6,2,2,2,2,4,8,6,6,6,8,4,0,0,2,6,8,10,14,14,14,18,24,32,50,60,66,94,118,132,152,170,176,182,188,186,188,196,196,184,160,144,146,138,108,74,50,44,36,32,40,56,48,38,40,36,34,32,26,26,36,16,38,72,88,94,82,44,18,6,14,14,38,80,90,114,82,54,172,148,104,78,14,10,10,28,68,76,82,98,44,60,66,48,96,86,20,10,12,12,6,12,12,12,14,8,6,12,6,80,220,255,255,162,210,184,134,82,48,26,14,4,18,6,6,4,8,4,2,10,4,0,4,6,6,2,4,4,0,2,4,4,6,6,6,8,8,6,4,2,4,4,6,4,6,4,8,8,8,14,8,8,4,6,10,6,16,8,44,180,255,255,255,46,255,255,255,84,18,16,28,32,12,32,22,12,20,26,84,120,118,112,72,42,98,96,100,116,82,6,26,8,42,52,32,20,66,82,76,34,28,42,38,56,38,36,76,80,56,44,72,96,118,152,134,142,100,68,30,50,110,148,160,142,86,26,26,46,78,74,20,26,36,30,16,28,30,94,104,90,68,18,86,56,30,60,42,14,8,16,32,62,42,38,42,40,46,44,32,18,8,6,46,106,162,174,132,48,72,182,210,144,68,40,70,70,36,18,46,80,82,76,38,22,36,42,30,14,12,22,38,20,16,26,36,112,154,138,116,142,124,60,78,150,206,210,172,184,172,166,186,200,166,118,244,255,228,250,212,234,196,52,28,42,58,26,40,42,16,74,66,44,60,60,52,38,20,10,64,106,110,80,52,26,102,102,76,14,84,104,82,56,48,42,76,116,146,142,136,108,38,44,132,164,126,78,40,10,66,100,92,68,30,46,52,12,44,54,76,70,80,58,48,20,32,54,56,54,50,40,34,16,18,28,66,86,68,48,205
222,2,6,6,4,8,10,6,6,4,4,6,6,6,12,14,12,12,10,8,4,8,12,10,14,22,26,24,22,20,18,16,18,24,38,64,88,102,116,136,158,176,194,214,220,230,255,255,255,255,255,246,216,182,128,88,50,20,14,4,10,18,22,30,28,48,90,144,192,226,246,255,255,255,220,184,170,158,130,102,78,62,54,40,26,16,10,10,8,4,6,4,2,4,4,6,6,4,4,0,4,4,6,2,4,4,4,6,8,4,6,6,10,14,16,18,20,20,20,24,30,32,30,32,40,48,54,62,66,84,128,164,186,202,198,174,162,160,152,136,104,62,24,26,64,98,144,154,138,116,84,58,52,56,40,26,32,34,32,6,34,94,150,174,156,154,162,180,200,198,156,92,32,12,6,22,66,90,90,102,68,142,218,194,130,50,14,22,14,50,70,54,52,60,14,74,64,68,98,58,22,16,4,0,8,16,10,2,6,4,0,6,28,126,222,255,226,124,110,168,128,86,54,24,12,14,6,8,4,10,4,8,2,6,4,2,2,6,10,10,6,4,4,4,2,2,6,8,8,8,12,14,8,4,2,8,4,6,6,4,6,10,14,12,12,4,2,6,6,6,8,18,84,242,255,255,196,190,255,255,212,38,40,6,38,10,18,18,6,22,6,38,122,178,172,144,76,24,76,92,90,70,30,24,34,18,40,54,24,38,74,84,76,34,72,88,64,14,30,54,42,20,14,26,58,96,114,94,100,104,90,82,104,126,176,210,200,158,86,20,24,48,66,28,24,16,28,46,84,74,98,114,90,90,50,50,78,38,42,62,18,28,22,28,42,64,44,38,32,16,18,20,12,14,22,30,46,102,134,122,82,44,118,178,170,124,64,40,76,82,70,22,34,80,108,90,58,24,24,50,52,64,82,90,102,62,40,88,176,212,200,154,216,214,118,114,176,226,232,240,255,255,255,230,208,190,220,255,240,146,228,178,136,126,82,50,12,46,40,52,52,36,60,74,54,42,94,106,74,44,26,26,64,76,54,52,30,110,142,140,70,56,122,118,100,70,32,24,18,64,90,84,64,58,38,68,104,92,60,46,18,54,118,120,94,60,44,36,26,40,14,40,46,44,34,12,24,58,58,44,42,22,10,22,34,40,26,80,66,48,34,205
222,6,4,4,10,12,6,6,6,4,4,0,4,6,12,14,12,12,20,24,24,30,34,32,32,34,36,32,28,26,26,24,24,34,52,82,120,170,220,246,255,255,255,255,255,255,255,244,214,162,174,170,154,118,76,60,46,20,22,22,24,24,22,22,22,24,36,64,88,102,122,128,112,88,64,50,48,46,30,18,12,6,2,4,8,10,8,10,6,4,6,4,4,6,4,6,4,2,6,6,4,4,0,8,10,12,16,22,32,34,36,58,76,74,74,68,62,54,44,42,50,48,50,54,60,64,62,60,70,100,140,170,176,154,106,60,28,12,50,100,152,192,214,248,255,255,255,176,94,50,20,16,34,30,34,74,96,78,104,72,104,192,255,255,220,210,164,164,212,255,255,212,114,22,12,8,32,86,100,106,146,124,230,255,216,110,30,20,6,26,62,68,46,60,40,54,82,62,86,72,20,12,10,6,10,8,14,6,8,6,6,4,6,44,98,140,172,100,88,216,220,166,102,48,26,20,20,20,12,10,2,4,8,12,8,2,0,2,2,2,4,6,4,6,4,2,4,4,4,6,8,14,12,8,4,4,10,16,12,6,6,8,8,8,12,6,4,8,8,6,8,10,34,136,255,255,255,54,255,255,255,132,24,34,26,18,8,28,12,6,14,20,46,140,146,124,96,38,22,66,82,86,76,30,12,6,30,60,50,6,50,72,82,54,86,86,50,32,44,64,58,36,50,62,60,16,36,58,62,44,50,104,154,148,132,226,252,218,158,76,20,28,46,34,10,18,22,36,66,50,74,82,60,68,62,20,84,78,66,78,52,18,16,14,28,94,94,70,62,40,18,12,2,8,14,22,54,110,132,146,156,96,104,94,146,176,126,42,24,72,98,88,36,46,106,108,102,96,124,148,122,106,98,78,110,116,76,100,196,246,214,150,208,220,164,144,208,242,252,236,196,158,180,168,66,120,116,116,102,30,128,214,198,92,28,26,12,24,46,52,52,40,32,60,84,56,74,126,92,40,60,40,46,70,64,50,34,34,78,106,92,62,134,174,162,132,82,42,28,46,80,82,58,36,38,90,104,92,50,24,18,18,60,90,88,60,30,6,50,24,38,34,26,36,24,8,34,62,42,18,32,28,20,20,20,28,16,42,46,28,6,208
222,2,4,8,8,0,6,2,6,8,10,10,14,26,32,28,34,46,54,58,60,50,42,34,32,34,38,38,38,42,46,52,56,62,80,110,152,208,246,254,250,220,182,164,130,62,20,38,78,128,192,228,238,208,124,80,58,32,34,36,40,40,36,36,40,40,40,38,36,36,32,26,22,14,8,8,8,6,2,6,2,4,4,2,6,12,12,10,0,6,4,2,4,6,2,4,4,4,8,14,22,30,36,40,44,56,74,88,102,114,126,150,152,136,128,126,118,100,78,58,62,52,52,52,52,44,32,34,48,60,74,106,122,120,140,186,202,218,242,248,230,198,166,160,158,148,100,48,54,76,104,98,70,24,86,154,178,146,186,144,158,255,255,255,255,248,118,142,194,255,255,255,202,88,8,16,22,62,126,154,180,190,210,255,255,198,68,18,14,10,30,66,52,56,64,38,104,110,96,96,48,18,12,10,14,6,12,8,8,8,4,0,2,24,44,56,120,190,178,208,255,255,182,72,20,14,18,20,16,10,4,8,12,8,6,6,2,4,2,4,10,8,6,6,6,4,8,6,4,4,6,8,12,12,8,10,14,10,6,4,4,4,2,4,10,6,4,4,6,4,6,8,4,64,216,255,255,255,82,255,255,255,56,42,4,22,22,8,24,12,8,32,8,80,122,136,140,108,54,50,72,98,108,78,32,16,18,50,64,36,10,42,52,28,36,48,34,2,34,54,72,72,40,24,60,60,30,28,24,22,74,130,158,158,152,186,255,255,240,152,72,30,42,38,30,24,24,50,84,78,66,68,52,46,66,34,38,56,50,54,60,26,16,8,12,38,84,56,34,28,26,24,18,16,20,28,26,80,122,150,164,122,48,66,134,190,174,110,40,26,68,92,86,20,68,82,80,122,184,208,172,164,122,122,132,152,108,102,224,255,255,255,255,255,192,104,184,220,180,58,80,114,116,146,100,178,150,78,120,188,255,255,164,62,46,60,46,44,54,48,42,50,28,44,80,68,24,122,140,110,90,48,22,100,132,116,78,38,96,124,120,88,84,162,164,138,102,60,46,76,96,86,72,28,40,66,64,66,48,26,22,14,16,54,74,58,30,40,44,30,44,36,44,52,56,38,34,64,56,28,16,20,30,38,42,20,12,34,52,76,64,211
223,12,14,16,14,12,18,34,42,44,50,58,72,86,94,98,114,138,148,142,144,130,100,72,46,44,44,40,38,40,40,40,34,28,48,70,90,120,134,126,108,84,110,132,186,255,255,255,234,242,255,255,238,180,94,60,52,34,36,38,36,32,28,22,18,18,18,10,6,2,6,16,4,10,4,8,10,8,4,4,2,4,2,2,6,8,6,6,10,6,4,6,8,8,6,8,14,26,40,62,80,96,104,112,128,146,158,160,164,172,176,184,176,154,146,148,140,118,88,52,26,14,10,8,6,12,20,34,50,84,138,182,208,208,236,228,188,138,94,40,16,48,58,72,84,76,82,146,202,228,242,255,204,92,118,240,255,255,255,202,124,255,255,176,174,255,188,212,174,182,255,255,248,124,40,16,26,34,112,200,248,242,208,255,255,255,134,28,6,10,12,58,64,56,70,102,92,184,150,132,100,32,10,8,6,8,6,4,8,12,12,8,2,20,38,70,144,238,255,255,255,255,255,120,24,8,6,4,12,16,12,14,6,4,4,2,6,12,14,16,14,8,12,12,8,2,6,2,4,8,6,4,12,16,12,10,4,4,4,2,6,8,8,10,8,6,6,4,6,6,2,6,8,20,118,255,255,255,150,202,255,255,194,12,26,14,34,26,24,28,10,18,24,16,86,132,142,128,82,14,34,70,94,92,62,24,14,16,42,44,16,26,36,24,32,66,76,42,22,32,64,108,98,54,38,44,46,46,32,72,104,150,192,194,140,28,158,246,232,166,86,12,32,22,14,22,28,26,36,22,8,52,84,80,88,94,62,46,46,24,38,58,16,24,16,16,70,64,28,48,38,26,24,10,10,2,2,36,98,136,132,106,64,12,86,140,170,150,96,24,32,70,96,58,32,58,88,168,214,255,240,255,255,255,255,255,156,118,254,255,255,218,255,255,255,98,90,176,132,60,124,106,98,122,168,210,255,255,250,255,255,255,182,100,42,28,28,40,72,80,58,76,66,70,88,84,50,90,144,138,120,102,74,38,68,70,68,58,110,134,140,118,66,154,180,168,166,134,134,162,154,126,98,24,68,92,76,68,42,18,36,44,44,56,54,60,84,104,70,84,88,66,54,32,24,50,46,58,50,22,40,50,56,64,54,22,10,4,18,34,60,209
221,28,34,42,54,78,102,116,116,122,136,148,164,182,192,210,236,252,250,228,234,210,160,118,72,42,34,22,16,14,12,6,14,14,42,86,134,186,224,246,255,255,250,236,250,255,204,150,124,94,118,120,106,86,54,46,42,28,28,22,12,6,4,4,2,6,8,4,2,8,10,12,8,16,6,10,6,10,6,6,2,4,2,2,8,14,18,20,22,18,20,24,28,28,28,32,44,60,86,118,144,162,168,176,184,188,190,188,190,188,178,172,152,134,128,118,100,72,42,38,38,36,36,36,32,26,20,24,36,54,76,98,118,120,92,44,68,128,142,144,154,146,128,134,128,94,116,214,255,255,255,255,255,206,150,255,255,220,255,206,50,255,255,116,255,255,252,255,255,96,254,255,252,110,40,2,14,16,58,186,255,255,198,236,255,255,238,80,10,10,8,46,70,68,84,160,178,236,255,236,180,94,28,14,8,10,4,6,4,6,10,14,14,20,18,72,174,252,255,255,255,255,255,214,74,20,6,6,4,12,10,12,8,4,2,2,8,14,16,10,6,6,12,18,16,6,16,14,16,16,12,8,10,14,12,6,4,6,6,6,10,10,8,12,10,6,6,6,8,10,8,2,2,14,30,138,255,255,255,44,255,255,255,128,38,18,24,40,14,46,14,8,30,48,20,62,78,82,76,46,10,46,84,108,96,54,18,4,26,46,38,36,58,52,46,56,82,64,4,20,32,70,72,44,28,68,94,76,28,30,92,166,232,255,255,222,144,200,176,126,70,12,28,18,20,16,20,32,62,44,26,32,70,64,46,66,64,6,44,44,36,62,46,26,12,30,60,92,68,76,52,12,10,4,10,18,14,16,42,84,90,86,106,54,42,94,158,174,134,62,10,64,96,86,18,32,80,168,198,246,224,202,170,136,216,252,148,106,214,228,255,162,255,190,182,162,24,226,250,108,164,172,188,196,222,216,192,255,240,248,244,216,174,150,126,76,44,34,38,58,52,70,68,68,78,78,38,26,86,96,60,42,64,72,92,36,34,88,146,178,178,140,90,140,184,182,202,188,190,180,148,110,68,46,94,114,88,60,26,22,38,48,90,116,132,164,176,160,130,152,172,148,118,98,52,24,28,34,36,32,32,20,12,32,32,18,20,20,42,34,40,205
218,42,52,64,96,142,174,198,216,232,248,255,255,255,255,255,255,255,254,244,250,218,146,94,44,4,10,10,6,8,12,14,34,38,16,30,68,94,112,126,138,148,148,112,62,40,20,32,36,52,102,136,114,86,42,16,2,4,4,2,0,2,2,6,10,4,4,8,6,0,4,8,6,8,10,10,10,22,16,16,22,24,22,22,24,24,26,32,30,28,32,36,42,42,44,48,56,78,110,142,164,176,176,176,166,144,126,108,86,54,22,20,66,98,128,152,154,128,88,64,48,38,30,32,20,24,36,48,60,74,68,66,46,12,74,154,230,255,220,182,148,126,118,134,122,52,80,244,255,255,255,255,255,255,240,255,255,54,255,218,62,255,224,120,255,255,14,242,255,192,210,255,246,124,38,10,16,8,24,126,255,255,255,42,255,255,255,158,48,16,0,28,66,92,102,200,255,222,255,255,255,154,54,20,8,20,12,14,12,4,4,2,10,14,8,46,166,255,255,255,116,255,255,255,132,50,28,8,2,6,14,10,18,12,10,4,6,10,8,4,0,6,8,16,18,12,24,20,18,16,10,8,8,10,8,6,10,10,6,8,8,4,6,8,4,6,4,6,6,8,10,2,8,6,16,54,188,255,255,255,80,255,255,244,82,38,32,42,38,64,46,24,30,58,64,50,54,58,60,48,70,76,100,128,132,102,62,30,40,60,62,64,92,96,66,68,86,84,32,6,26,58,76,74,52,46,108,116,84,42,14,100,186,242,254,255,204,232,182,122,64,18,24,42,32,2,16,30,40,12,12,8,36,28,8,30,52,24,20,48,42,42,58,14,10,20,28,54,70,72,66,36,12,18,36,44,56,78,98,100,58,46,70,66,56,108,158,168,126,72,30,38,78,94,74,20,68,180,154,120,80,82,144,194,238,222,112,70,208,255,255,255,255,255,146,120,102,122,255,238,250,255,255,248,200,146,86,126,166,170,140,98,72,106,134,142,96,12,52,72,34,10,24,24,30,32,40,70,96,114,98,56,36,32,30,20,86,148,196,204,158,84,48,62,102,92,104,104,86,52,22,26,64,84,90,104,64,22,26,24,40,98,190,218,228,252,224,178,134,154,172,170,148,114,68,22,20,48,50,52,58,48,24,16,30,30,42,18,50,42,54,198
215,44,52,80,132,184,242,255,255,255,255,252,236,214,182,140,88,38,20,86,140,160,132,88,36,12,20,32,32,38,50,66,62,74,52,52,38,46,22,30,4,18,42,86,86,94,64,50,58,78,68,114,100,76,52,12,8,4,2,0,2,4,8,18,8,8,2,4,10,16,16,16,22,14,14,10,22,30,22,26,38,52,70,70,64,46,46,44,38,42,44,48,48,40,46,48,46,64,90,106,102,94,76,40,10,60,92,124,166,196,214,236,238,228,218,188,140,80,38,26,22,18,16,56,92,122,114,110,116,122,132,138,122,46,130,232,255,255,255,255,255,136,64,104,140,86,114,242,255,255,186,255,255,255,255,255,255,128,255,222,70,255,255,206,255,255,188,255,226,154,255,255,255,124,18,14,6,2,4,56,184,255,255,255,174,255,255,234,80,24,4,18,46,110,154,210,255,255,255,255,255,236,106,20,4,20,16,8,4,8,8,4,10,8,4,18,102,255,255,255,166,255,255,255,208,74,34,12,8,6,6,6,4,10,12,12,14,12,4,2,8,8,8,14,16,14,22,14,8,6,6,6,6,8,6,4,10,12,4,12,12,2,4,4,2,4,4,6,0,6,8,4,8,10,12,26,82,255,255,255,166,188,255,255,188,96,46,50,58,46,72,46,58,60,74,56,64,62,68,78,74,32,32,74,98,88,48,24,36,62,68,88,116,108,60,88,110,106,68,22,12,40,74,112,118,60,66,64,44,40,38,40,110,166,188,198,186,146,124,90,42,32,12,18,42,48,40,50,46,16,12,26,48,32,12,24,68,66,58,56,84,56,44,24,16,50,42,32,50,38,40,24,12,30,70,96,128,146,126,114,114,124,132,108,48,66,108,128,108,70,42,20,58,78,92,30,40,184,255,210,130,150,198,198,210,228,182,120,236,255,234,240,255,234,250,224,194,144,170,224,218,186,154,118,148,100,94,88,96,88,62,34,8,20,42,78,98,54,42,94,86,64,52,30,34,54,92,108,104,100,78,22,50,84,66,84,102,150,178,134,36,50,80,106,120,84,60,62,88,100,100,118,130,104,76,72,92,32,22,42,82,170,242,236,226,218,166,118,108,126,124,122,132,118,62,30,36,70,70,60,50,34,50,42,56,64,80,40,62,34,38,190
208,56,58,78,124,152,190,188,106,40,6,56,106,154,194,238,255,255,255,255,255,230,148,62,28,52,82,72,68,54,62,84,70,102,58,48,40,86,70,104,44,58,44,80,50,38,40,50,58,106,114,156,138,94,52,16,12,14,10,8,4,4,4,10,16,24,16,18,26,24,28,32,26,28,28,18,26,24,12,16,40,72,106,124,138,136,78,52,46,48,38,38,28,20,30,26,16,26,78,112,138,164,174,190,238,255,252,246,248,220,196,162,108,70,40,2,42,60,82,96,78,52,108,162,190,194,158,146,150,130,152,144,126,52,144,255,255,255,255,255,250,226,244,238,208,106,166,255,255,255,255,255,248,38,255,255,224,255,255,206,80,255,255,56,255,255,150,172,102,136,255,255,240,90,12,8,6,16,22,24,80,246,255,255,80,255,255,255,154,54,12,16,24,94,200,255,255,255,255,255,255,255,180,44,8,12,4,10,10,4,8,6,12,10,10,2,58,170,255,255,255,58,255,255,255,140,42,10,14,2,2,2,2,2,8,14,16,12,10,14,16,10,12,16,16,16,18,8,2,0,4,6,6,8,8,8,8,12,6,16,12,8,8,12,10,6,6,2,2,4,6,2,6,14,6,26,40,152,255,255,255,48,255,255,255,204,84,72,74,18,58,70,64,54,50,74,70,56,58,64,68,64,90,114,112,94,52,28,20,24,48,72,98,94,68,100,138,124,90,52,12,10,32,76,106,76,48,42,42,54,48,16,28,74,106,114,120,94,50,32,12,32,18,10,42,42,54,52,68,60,66,42,34,16,24,26,54,64,72,60,80,40,18,4,22,44,20,16,60,74,64,34,24,72,132,172,196,196,172,172,152,146,134,100,48,110,154,132,84,64,48,8,40,64,70,48,12,82,255,255,150,152,192,206,220,222,182,114,192,228,216,255,255,216,208,224,176,144,114,126,132,106,86,24,30,34,30,34,40,20,8,18,26,12,34,72,90,74,52,102,118,112,118,96,82,114,134,132,110,92,70,8,86,108,78,104,178,206,156,78,94,132,148,170,166,132,128,118,128,120,124,134,126,92,52,36,82,72,28,36,74,124,148,126,90,70,34,38,58,92,88,78,110,144,120,96,58,18,40,54,56,56,46,6,10,16,46,12,34,26,20,192
204,16,6,56,132,156,208,250,212,255,255,255,255,255,255,255,255,255,255,224,178,116,46,20,36,96,98,70,82,80,66,100,84,122,64,32,40,80,42,78,18,32,62,122,134,146,132,138,146,164,168,174,124,64,32,18,4,8,10,8,2,4,16,26,38,36,28,34,30,20,24,22,20,20,26,20,20,18,12,24,64,104,154,224,212,255,180,72,32,20,12,8,12,16,26,34,40,42,86,118,142,162,188,224,214,190,152,124,100,72,42,50,104,120,132,138,136,130,124,128,118,120,198,246,252,210,156,158,196,188,255,255,200,70,140,255,255,255,202,255,255,255,230,178,120,60,166,255,255,255,255,255,255,234,255,224,78,255,255,220,120,255,255,246,255,222,40,62,120,255,255,255,138,30,2,10,18,22,16,8,36,162,255,255,255,144,255,255,255,112,26,18,12,42,170,255,255,255,148,255,255,255,220,82,10,14,8,8,2,10,2,0,10,10,6,12,16,106,255,255,255,196,255,255,255,236,88,14,20,10,12,16,10,8,10,10,10,10,12,14,12,8,12,16,16,12,12,6,6,4,6,8,8,8,6,6,6,14,12,16,8,6,4,6,8,4,6,6,6,8,4,6,6,14,10,26,14,58,202,255,255,255,28,255,255,255,174,100,76,22,54,70,64,42,24,16,20,28,76,114,106,92,130,150,112,58,26,24,28,26,42,58,82,80,50,64,110,108,88,62,18,16,28,54,78,64,18,44,82,102,98,74,40,10,24,46,76,78,24,40,40,50,38,48,40,8,44,62,78,60,62,92,50,16,48,34,32,32,46,38,38,20,32,42,24,16,34,24,36,84,94,62,64,118,162,190,178,146,134,140,130,94,136,128,170,184,140,122,80,38,42,34,18,64,58,64,32,28,138,255,212,208,255,255,224,144,96,62,114,138,140,184,156,96,56,68,90,74,64,44,38,46,22,50,88,60,54,74,84,54,20,22,40,34,46,78,90,84,92,70,108,104,136,134,92,108,108,108,94,92,60,40,62,84,60,28,156,242,236,174,142,140,156,150,132,124,132,100,106,114,124,128,114,82,82,50,26,56,24,32,108,186,222,232,210,118,30,68,96,120,112,74,50,100,124,120,98,46,16,54,64,82,96,54,70,62,70,32,30,32,36,196
211,38,28,38,108,146,182,204,234,255,255,248,208,182,162,146,124,102,88,76,68,52,52,42,98,148,84,64,56,62,36,46,36,80,80,62,62,102,108,126,110,110,116,128,142,144,132,118,88,78,86,84,50,24,24,16,10,26,24,26,26,30,40,42,34,26,26,26,20,16,26,22,34,28,18,8,8,18,16,22,54,96,196,255,255,255,255,116,30,40,46,42,40,38,40,44,54,56,50,48,36,18,58,58,42,36,16,10,8,50,116,182,252,252,200,162,134,118,134,116,80,160,240,255,255,164,90,18,76,28,108,244,255,130,134,255,255,182,255,255,255,166,150,116,48,48,152,255,255,116,255,255,246,255,255,255,255,255,255,232,114,255,255,255,255,255,178,196,255,255,255,152,50,0,20,22,10,16,16,14,16,68,234,255,255,140,255,255,255,190,58,4,20,12,86,248,255,255,255,112,255,255,255,142,36,10,2,4,6,14,6,6,16,14,8,12,20,34,180,255,255,255,76,255,255,255,142,32,14,22,20,12,6,12,12,12,12,8,6,4,6,8,10,14,16,12,8,6,8,8,10,10,10,12,8,6,4,8,10,12,6,6,2,4,6,4,6,8,8,8,4,6,6,12,12,18,2,12,108,255,255,255,198,70,255,255,255,160,86,32,64,70,44,64,76,78,86,80,64,100,124,114,126,122,70,58,12,28,28,22,38,46,54,38,34,60,70,88,94,78,30,14,20,40,66,86,76,30,30,74,86,72,44,18,10,18,66,108,86,38,26,66,84,38,24,22,52,106,126,72,50,64,40,36,72,48,56,36,24,28,22,20,32,36,16,42,18,22,24,22,68,54,46,74,86,112,96,70,72,22,42,80,126,68,138,202,188,128,60,26,22,32,10,42,62,76,58,12,12,114,146,152,184,156,74,14,30,14,28,44,58,50,16,30,42,42,42,48,52,62,60,64,72,122,110,76,76,94,112,88,38,38,42,58,66,102,100,80,102,66,62,78,98,114,76,34,24,44,38,52,82,98,82,56,58,32,90,194,194,172,148,136,156,130,110,102,134,106,72,76,76,72,50,36,74,98,58,32,30,12,56,148,200,214,226,170,54,128,146,152,140,102,70,66,66,58,64,70,42,76,78,84,102,58,40,24,18,6,2,24,24,199
206,36,40,38,44,38,70,62,100,116,110,78,52,44,40,32,18,24,24,26,48,64,56,38,82,68,34,50,54,110,122,130,136,172,162,112,104,114,138,142,124,100,74,66,80,70,64,42,20,8,10,24,20,14,18,12,16,22,22,24,32,36,34,32,20,18,26,26,30,46,56,44,42,32,26,22,18,24,32,40,84,138,208,255,244,255,255,192,86,64,52,46,40,40,32,30,36,30,30,68,86,70,110,98,52,20,8,4,20,80,182,255,255,255,255,255,174,56,84,70,26,116,255,255,188,188,255,238,255,252,102,110,240,166,174,255,255,255,255,255,255,255,206,164,98,66,130,255,255,212,255,255,154,255,255,255,255,255,255,186,76,204,255,255,255,255,255,255,254,188,102,30,14,16,24,26,28,56,66,68,78,82,98,255,255,255,128,255,255,248,120,38,22,18,32,134,255,255,255,228,255,255,255,226,92,20,10,10,14,16,10,8,12,8,4,4,14,8,92,230,255,255,255,255,255,218,150,54,4,24,28,24,14,14,12,10,6,4,2,0,4,10,12,8,12,8,4,4,4,4,8,10,10,14,12,6,4,2,6,4,4,4,2,2,6,8,8,10,12,12,8,6,2,8,16,6,8,12,34,140,255,255,255,176,126,255,255,255,130,54,54,36,28,50,70,80,72,52,36,54,62,72,40,42,20,62,32,8,14,36,78,104,106,70,42,10,58,106,136,126,76,36,10,18,32,64,90,78,34,26,50,60,58,38,14,8,16,84,128,104,56,26,82,82,32,32,96,154,148,56,94,74,40,80,126,92,116,82,30,12,8,20,8,42,26,42,32,24,18,20,32,30,12,64,102,132,140,122,112,112,106,90,82,54,152,236,216,122,42,12,16,34,46,10,40,72,90,28,24,20,40,66,68,62,62,62,66,72,66,58,66,78,96,94,84,86,90,94,98,96,98,96,104,122,98,68,74,92,104,92,62,54,70,72,72,108,104,70,76,54,12,18,22,60,70,68,76,104,134,154,162,140,102,70,38,48,8,94,110,112,116,96,106,82,74,66,100,102,50,20,28,42,44,40,8,40,54,20,24,46,16,80,164,194,228,216,104,186,198,198,186,140,104,92,74,58,70,68,34,44,60,60,68,48,18,14,8,12,16,32,22,201
202,66,70,58,54,60,44,24,62,94,72,26,8,8,4,8,6,12,28,44,58,68,68,64,108,134,164,134,124,160,134,110,132,158,132,74,64,62,64,58,44,20,6,10,10,20,8,2,18,24,28,34,34,28,26,18,10,14,18,18,18,10,4,14,10,18,26,18,24,60,52,56,50,38,28,12,10,8,26,28,66,142,255,255,214,248,255,255,98,48,28,28,24,30,14,14,16,6,76,144,178,148,184,166,96,24,6,4,28,102,238,255,255,255,255,255,238,222,242,192,162,220,255,255,144,255,255,94,128,255,255,255,255,208,146,255,255,255,255,255,255,140,154,150,106,36,68,238,255,228,255,242,86,164,255,255,255,255,255,130,72,128,180,186,196,176,150,130,82,24,14,30,50,80,94,106,122,150,166,158,144,128,70,122,255,255,220,255,255,222,136,68,10,8,22,76,194,255,255,255,78,255,255,255,148,30,10,10,8,4,4,6,10,12,10,18,4,10,28,132,255,255,255,255,255,200,112,66,18,22,8,34,18,12,10,6,4,6,4,2,8,14,10,4,8,4,0,2,4,4,6,10,10,12,12,12,8,8,4,2,6,4,2,8,10,8,8,12,16,14,10,8,10,10,18,6,10,8,6,52,168,255,255,255,102,204,255,255,190,76,28,22,24,24,42,46,50,52,32,14,22,32,30,36,56,60,22,18,48,60,68,94,100,68,32,46,32,70,116,138,102,60,18,16,24,44,72,78,42,14,66,90,62,22,10,8,12,34,94,108,92,54,52,56,40,60,96,120,90,4,82,102,80,128,134,64,98,74,32,8,26,56,70,56,58,28,52,24,18,30,22,42,24,34,68,78,106,134,112,116,172,222,214,158,166,212,176,100,26,16,12,32,56,58,14,28,72,48,12,32,36,26,32,56,72,72,76,86,104,102,110,114,108,96,94,104,102,96,108,112,108,110,118,118,104,80,74,84,70,54,44,34,58,46,38,62,60,18,54,86,78,74,110,144,146,130,120,120,114,112,104,84,70,64,56,10,34,16,52,62,56,38,32,24,50,34,34,72,52,24,40,56,58,68,58,16,32,42,18,22,44,22,128,182,218,222,132,176,208,218,198,144,124,96,70,26,60,102,88,34,34,48,52,50,40,16,6,10,28,46,30,204
205,118,94,104,72,86,72,46,44,84,78,36,12,12,6,2,4,4,22,48,74,92,100,86,102,128,136,112,100,118,84,60,62,54,32,4,2,14,12,16,16,24,28,28,28,12,2,4,20,24,20,12,26,30,32,32,30,34,28,16,12,20,24,26,38,40,46,36,62,112,84,112,102,78,46,18,14,8,6,2,22,96,234,255,255,10,255,255,200,72,10,10,14,22,14,14,6,30,112,220,255,240,255,255,144,36,14,10,40,114,255,255,255,26,255,255,255,200,158,96,138,240,255,255,148,255,255,196,255,255,255,255,255,176,40,255,255,255,255,255,255,102,104,138,106,34,54,154,216,170,252,178,50,60,112,166,164,174,130,60,20,36,42,38,32,16,10,40,74,98,102,120,162,196,194,202,196,196,198,162,140,154,110,18,200,255,255,234,255,172,134,86,36,6,12,26,116,255,255,255,255,255,255,255,226,82,6,2,14,12,12,12,12,12,10,16,16,10,10,74,172,255,255,180,216,186,78,62,50,6,18,16,18,4,4,6,10,8,6,4,12,10,6,6,8,4,0,4,6,4,4,8,10,12,12,16,12,12,10,8,2,8,10,10,10,8,8,10,14,14,10,4,14,8,18,22,10,10,10,12,68,218,255,255,255,48,255,255,255,134,22,14,16,10,34,24,14,20,48,52,62,58,42,26,18,6,30,50,78,66,62,82,80,68,56,48,50,76,74,74,76,56,28,12,24,42,64,88,76,24,42,94,84,44,8,12,18,16,44,62,60,44,44,48,4,58,90,106,74,48,76,28,32,62,32,88,152,118,58,20,38,74,32,46,44,18,52,10,22,46,26,46,46,4,72,90,100,146,152,154,160,218,255,255,204,220,164,86,42,34,52,56,62,84,60,48,66,42,20,28,58,60,58,80,86,94,106,104,102,96,102,104,96,96,92,98,84,80,88,90,80,72,72,74,76,50,72,98,78,54,48,34,26,14,34,58,88,74,76,98,92,70,98,114,108,88,74,62,56,58,46,44,52,52,84,62,14,22,18,42,36,16,4,18,54,66,24,38,66,48,8,30,36,50,44,36,36,72,70,40,52,30,70,144,188,200,150,150,180,166,116,94,98,80,70,44,12,58,70,46,10,50,68,86,78,56,50,20,16,40,28,207
199,120,66,94,16,46,74,80,76,96,82,42,10,8,8,2,8,2,6,16,40,64,82,72,74,66,46,44,42,32,16,8,16,30,34,34,20,20,22,20,16,18,8,10,22,18,8,8,14,22,26,14,22,42,54,60,62,56,44,24,24,32,28,24,36,18,44,88,172,234,182,226,192,130,76,22,12,4,14,16,0,66,170,255,255,226,255,255,255,142,30,8,18,10,8,14,12,42,116,255,255,216,255,255,140,30,8,4,40,112,255,255,255,96,255,255,220,152,146,84,72,202,255,255,164,212,186,142,186,255,255,255,255,255,166,255,255,255,255,255,156,96,124,148,132,102,76,108,136,144,176,94,26,14,20,36,52,42,22,10,46,56,64,84,96,108,138,162,176,188,198,210,218,206,180,174,148,132,114,76,76,116,120,70,96,248,255,194,224,152,94,82,48,8,22,10,46,162,255,255,255,126,255,255,255,154,56,44,44,40,40,40,44,44,44,52,52,38,44,48,66,124,162,168,136,122,42,54,64,24,10,20,14,0,0,2,8,10,12,8,12,6,2,4,6,4,2,6,4,0,0,2,4,8,10,16,12,10,12,12,2,14,12,8,8,6,6,10,14,16,12,2,10,8,6,18,16,14,4,6,28,104,255,255,255,228,76,255,255,238,82,14,28,8,36,22,44,52,90,66,42,22,32,46,52,54,58,54,50,28,32,72,90,86,80,50,54,74,82,92,62,50,48,24,4,22,50,88,108,78,30,58,76,58,28,20,8,8,28,60,56,22,10,44,58,92,80,74,42,76,100,92,110,90,38,106,116,36,30,74,62,138,122,34,16,34,34,36,30,8,34,28,38,56,46,62,86,96,110,116,128,124,170,208,192,138,84,72,70,72,80,66,64,88,86,48,56,40,18,12,18,30,48,74,92,100,94,80,80,72,72,72,62,62,42,26,16,8,16,40,50,48,58,68,84,72,86,68,52,44,38,36,28,42,54,56,86,94,84,88,84,46,40,52,54,48,42,34,34,34,22,24,30,18,54,78,44,16,24,10,44,50,32,20,30,28,20,32,94,110,60,42,48,66,62,52,42,46,70,56,20,32,2,80,148,176,170,166,174,126,56,32,72,82,76,64,22,34,42,50,14,62,122,148,124,114,118,74,46,66,68,205
196,114,92,126,116,116,146,126,102,102,78,34,6,8,6,4,2,6,8,2,8,18,30,32,32,16,10,12,16,22,26,30,32,34,32,36,24,12,8,6,6,16,12,12,18,20,12,4,16,28,40,38,24,20,56,90,106,112,120,110,82,42,14,8,14,32,94,162,255,255,158,230,174,108,78,24,10,2,12,6,16,30,116,246,255,255,82,255,255,216,66,10,14,14,6,8,16,42,124,255,255,94,255,255,140,30,22,26,56,136,255,255,255,188,255,255,255,236,182,110,28,126,255,255,255,180,102,58,146,234,242,255,255,255,186,200,255,255,255,255,234,204,216,208,146,86,52,52,62,92,64,14,4,12,18,20,12,44,58,104,152,162,176,188,186,186,206,202,180,170,172,166,144,114,84,56,16,30,78,122,140,188,198,148,100,136,226,208,138,102,80,84,88,54,72,64,60,80,146,255,255,208,255,255,255,204,140,122,104,106,106,112,120,116,116,120,124,126,128,120,118,110,74,56,26,86,90,104,110,82,62,44,36,34,30,24,18,12,12,8,6,6,4,6,8,8,8,10,6,4,4,4,4,6,10,12,8,6,10,12,10,16,10,0,4,6,6,14,16,16,14,4,4,2,4,8,16,10,6,8,6,28,166,255,255,255,142,192,255,255,164,46,20,14,36,34,46,48,54,28,38,58,54,48,30,22,30,18,8,4,12,50,92,98,86,62,90,106,98,74,24,44,62,38,16,10,32,54,70,66,28,34,70,76,64,32,26,12,4,50,66,40,72,84,106,108,50,42,74,104,90,66,108,94,32,54,92,76,106,80,28,60,112,78,46,52,32,22,20,56,52,46,20,80,76,38,34,38,36,42,50,40,36,56,74,80,36,32,64,54,68,78,82,102,124,82,40,18,14,26,32,32,34,46,38,36,20,42,48,44,44,56,70,84,82,92,102,98,100,104,114,124,128,124,134,130,126,102,66,42,28,22,44,60,58,64,60,72,78,80,68,42,8,46,66,64,48,26,18,8,4,6,8,8,10,50,58,72,72,74,28,24,36,32,38,38,44,42,58,108,86,42,28,34,28,46,46,12,26,42,24,18,38,4,72,106,112,118,110,76,42,16,48,84,94,86,44,10,42,74,58,146,212,200,126,124,114,68,30,34,40,201
202,128,132,160,142,112,90,60,48,52,38,14,2,4,8,6,4,6,8,12,12,4,6,4,8,24,32,30,28,24,18,20,20,24,18,28,28,18,10,8,8,18,10,6,20,24,18,10,10,18,36,44,46,54,76,122,156,164,204,224,204,154,90,54,40,84,146,244,255,218,92,255,236,162,80,12,12,6,10,6,6,10,66,174,255,255,190,255,255,255,116,32,2,10,12,12,18,48,152,255,255,98,255,255,170,86,82,82,84,164,255,255,255,162,255,255,170,152,182,142,78,28,170,255,255,224,130,118,112,128,202,255,255,206,92,118,170,180,186,174,160,136,116,72,20,30,64,34,14,30,16,18,8,16,4,12,18,62,94,152,196,198,188,172,162,152,148,124,90,68,52,16,38,82,110,154,198,228,255,250,234,230,172,86,6,64,78,72,32,88,150,150,162,144,158,150,152,180,234,255,255,255,255,255,255,255,255,255,255,255,255,255,255,255,255,255,255,255,255,255,255,255,240,224,208,210,214,222,216,188,166,148,140,140,134,128,122,110,94,80,58,36,24,12,6,2,8,6,2,2,2,12,8,16,10,10,2,10,12,4,10,12,10,8,12,22,6,12,22,24,20,8,12,16,8,8,12,14,18,12,4,8,66,216,255,255,255,52,255,255,255,120,50,8,10,22,28,30,24,34,18,56,44,10,8,8,14,6,4,8,12,26,56,80,76,66,122,120,88,42,34,12,54,40,20,12,20,48,56,52,48,38,78,94,86,52,26,22,20,18,62,76,64,58,60,60,58,60,58,80,92,70,110,82,40,32,28,76,118,92,108,78,84,76,22,22,8,8,14,48,58,62,88,70,116,84,58,50,28,16,26,32,26,26,12,48,72,44,22,34,86,110,94,88,132,120,52,18,46,40,42,54,76,64,60,76,94,122,124,116,120,124,124,122,112,108,108,104,98,92,94,96,88,86,84,92,96,108,104,80,54,46,68,62,54,44,16,22,42,64,56,38,24,52,86,100,96,72,68,50,32,38,18,8,2,36,110,126,84,124,104,34,12,8,16,22,36,44,12,48,70,46,8,34,36,44,48,28,8,30,42,20,24,34,4,30,26,18,8,14,36,32,12,32,74,86,72,38,26,58,38,176,238,198,90,144,118,72,54,58,60,204
213,88,96,106,90,56,24,20,12,18,12,0,4,4,2,2,6,8,4,6,2,4,10,12,20,32,36,32,26,20,16,14,10,8,2,14,16,18,20,20,14,30,34,36,38,28,16,6,2,2,20,28,32,58,84,100,120,128,134,216,252,252,202,142,100,138,212,255,255,10,255,255,218,122,38,14,10,2,6,2,4,8,36,104,255,255,255,194,255,255,160,74,12,8,4,12,10,54,172,255,255,218,255,255,246,132,126,122,84,134,224,255,255,255,255,255,138,64,130,128,88,76,66,158,220,254,220,178,174,206,246,228,162,70,28,34,24,18,6,20,50,48,18,54,92,80,86,90,52,26,10,8,16,18,14,18,30,72,102,138,164,148,98,64,40,14,16,64,114,140,166,202,238,246,228,232,208,160,126,70,36,12,48,86,116,160,196,234,250,232,255,255,255,255,255,255,255,255,255,255,255,255,255,255,255,255,255,255,255,255,255,255,255,255,255,255,255,255,255,255,255,255,255,255,255,255,255,255,255,255,255,255,255,255,254,222,208,206,192,180,170,158,152,142,128,108,78,52,40,24,14,24,8,18,14,10,6,10,8,4,4,8,10,6,12,16,12,0,16,26,30,16,6,8,8,6,4,6,12,14,8,6,20,104,255,255,255,240,66,255,255,232,86,22,22,16,8,26,20,22,10,36,54,22,2,4,2,4,6,8,8,14,38,72,68,34,52,50,38,36,58,22,38,52,42,30,18,50,72,78,56,32,60,94,96,68,26,12,18,16,62,114,118,80,42,42,36,114,126,74,40,30,98,80,40,26,30,84,152,132,196,188,152,142,110,38,34,50,44,56,68,52,30,26,66,88,56,58,52,32,22,22,14,10,12,14,48,72,32,50,106,92,36,36,80,94,74,66,58,40,30,42,68,66,40,54,80,108,106,94,98,90,80,78,76,72,74,72,60,52,56,56,50,56,56,60,60,66,90,98,80,42,52,24,38,54,52,52,72,88,68,62,40,34,56,72,82,72,80,70,50,60,46,30,24,90,176,188,116,156,148,58,10,10,16,32,40,46,32,14,58,76,52,24,26,40,42,24,6,26,50,52,10,30,24,8,18,14,18,28,42,48,38,8,44,62,64,72,44,22,52,186,222,140,64,146,154,106,54,16,36,207
219,24,28,20,6,6,10,6,8,10,4,8,10,10,8,6,2,4,2,2,0,4,8,14,24,32,34,26,12,6,12,18,30,36,40,42,38,36,34,22,10,12,18,22,16,6,2,6,2,4,10,20,38,84,128,164,204,192,106,8,120,216,252,240,178,208,255,255,140,202,255,255,148,64,6,8,4,6,2,2,10,2,20,48,192,255,255,168,250,216,148,90,36,4,4,8,6,56,164,255,255,140,255,255,234,136,134,130,82,40,192,255,255,255,255,200,124,146,178,178,146,104,40,42,76,130,148,130,102,94,84,50,24,24,60,74,92,92,72,82,84,124,108,152,150,116,112,156,118,40,8,14,18,8,6,6,22,52,74,110,138,118,86,152,168,198,224,236,232,222,214,184,140,82,40,12,46,102,122,166,218,255,255,255,255,255,255,255,255,255,255,255,255,255,255,255,255,255,255,255,255,255,138,255,255,255,255,255,255,255,255,255,255,255,255,255,255,255,255,255,255,255,255,255,255,255,255,255,255,255,255,255,255,255,255,255,255,255,255,255,255,255,255,255,250,240,222,196,176,146,116,116,102,60,38,24,6,8,6,4,4,6,4,10,14,10,4,8,8,8,14,18,14,10,12,12,6,4,6,8,8,6,20,34,156,255,255,255,132,210,255,255,170,62,18,8,24,28,40,30,14,22,58,42,10,4,4,4,2,0,0,10,38,74,76,22,50,72,44,8,48,28,26,56,60,50,16,20,58,102,116,80,28,40,56,60,44,30,26,16,30,84,112,98,60,54,14,58,84,66,50,20,80,96,76,62,88,166,198,118,160,174,158,184,196,120,42,56,30,38,44,60,16,38,24,80,60,58,74,64,42,34,30,16,12,8,26,76,82,60,66,54,44,64,106,100,82,84,62,48,52,50,50,56,30,46,66,74,66,56,58,50,50,48,48,44,48,48,38,32,34,34,28,32,32,26,24,26,38,72,86,52,20,22,32,54,74,78,106,118,96,78,28,24,46,40,26,32,48,48,40,48,52,56,64,152,234,232,132,188,204,98,30,50,34,18,20,28,30,12,36,70,74,42,22,32,32,28,14,12,28,54,30,22,42,10,28,16,6,16,10,22,28,14,30,54,60,76,76,82,142,230,206,84,40,118,154,110,24,30,38,200
218,2,6,14,16,12,2,6,4,4,10,14,10,10,10,12,10,6,4,2,0,4,8,14,20,22,20,10,20,38,44,46,48,48,44,36,28,24,20,4,6,2,2,2,6,10,10,2,6,2,6,4,20,66,114,154,212,255,255,220,124,10,98,190,255,255,255,255,160,255,255,170,84,16,12,10,10,14,12,10,10,14,24,14,102,224,255,255,222,208,112,74,48,12,2,8,10,52,162,255,255,255,255,255,102,80,82,86,60,64,126,255,255,255,255,236,224,228,218,176,110,60,8,12,4,18,34,50,66,62,92,100,98,102,108,118,146,142,150,96,96,104,172,238,218,182,170,212,176,76,24,20,8,4,8,8,18,56,98,150,206,216,242,255,220,190,148,94,54,16,38,96,150,206,250,255,255,255,255,255,255,255,255,255,255,255,255,255,255,255,255,255,255,255,255,255,255,255,250,200,134,62,22,30,44,60,56,62,44,40,40,38,38,42,44,46,48,50,56,64,76,84,88,104,136,168,202,252,255,255,255,255,255,255,255,255,255,255,255,255,255,255,255,255,255,255,255,255,255,255,242,212,200,170,142,124,100,74,48,22,2,8,8,16,18,10,8,12,12,8,6,6,8,16,16,22,18,6,4,8,16,18,18,8,54,190,255,255,255,28,255,255,255,106,30,40,48,36,60,48,34,22,52,52,26,20,18,16,14,12,10,8,4,30,72,62,20,54,56,18,30,40,16,36,56,56,34,8,16,48,88,90,42,24,48,70,66,36,22,30,38,60,74,98,104,76,70,134,126,80,34,10,40,62,58,82,124,180,150,78,134,178,150,164,192,142,52,64,62,64,20,38,46,22,18,40,36,42,76,86,62,42,38,20,2,6,12,56,98,108,112,88,74,62,130,144,116,96,60,42,60,70,58,72,46,36,38,40,42,42,38,28,30,28,28,24,20,20,14,10,8,8,6,10,10,14,2,12,6,30,58,66,50,34,38,46,72,66,80,72,36,20,14,36,42,34,20,4,28,42,40,38,48,62,84,174,218,166,38,122,184,126,34,34,42,18,10,28,44,38,14,22,56,50,4,34,46,48,42,28,14,36,46,8,44,42,8,22,22,18,14,14,26,28,8,46,70,68,140,200,206,228,204,114,98,140,150,108,36,26,30,194
219,4,6,10,8,6,6,6,10,14,14,10,6,8,8,12,12,8,10,8,2,4,8,14,24,26,22,10,26,34,34,24,16,16,10,12,12,4,8,4,4,4,0,6,10,6,2,10,6,6,4,8,12,18,42,62,96,152,216,255,255,224,156,174,255,255,255,255,255,255,196,104,46,14,4,8,8,12,4,12,12,16,10,16,66,118,208,236,138,154,88,60,52,22,6,8,10,52,142,255,255,255,255,255,156,150,166,190,162,124,96,148,174,200,172,128,110,76,40,16,26,28,4,18,6,36,102,154,170,158,160,156,136,144,154,164,198,184,192,152,74,90,130,148,124,92,120,154,148,48,18,4,2,6,8,10,6,22,52,84,120,118,98,48,10,52,102,154,202,255,255,255,255,255,255,255,255,255,255,255,255,255,255,255,255,255,255,236,140,88,74,64,52,36,16,26,30,12,14,14,14,14,2,8,12,16,12,14,12,8,8,6,4,4,2,4,8,10,12,16,14,10,8,12,8,8,6,10,8,6,22,24,40,82,118,158,206,255,255,255,255,255,255,255,255,255,255,255,255,255,255,255,255,255,255,238,198,178,172,152,128,100,66,30,10,6,12,6,14,12,4,8,8,12,8,20,24,20,12,8,16,10,4,10,22,100,255,255,255,248,132,255,255,192,76,50,50,36,62,58,46,56,94,84,46,40,34,26,18,10,4,18,22,16,40,62,24,30,52,34,16,60,56,10,26,34,32,12,20,34,62,70,50,32,76,102,98,66,34,32,26,30,64,106,138,118,78,68,48,40,42,58,68,78,42,56,176,224,168,122,26,66,62,88,120,98,46,54,66,70,54,28,18,36,46,32,6,28,38,64,48,30,40,32,10,2,18,12,58,90,104,114,118,64,60,132,152,138,104,62,14,64,60,82,68,16,38,62,74,52,22,2,4,2,6,6,6,10,10,8,4,2,6,6,2,10,10,16,8,6,18,46,72,78,44,48,62,30,18,40,36,44,54,52,40,24,14,12,16,20,20,16,24,46,86,158,156,78,86,180,198,118,42,10,22,14,10,22,42,54,46,20,28,54,24,12,30,40,42,26,6,26,62,50,4,38,26,10,26,16,12,18,36,52,32,4,60,148,222,244,192,174,168,74,122,194,178,110,76,52,72,197
218,6,4,2,4,10,18,20,14,14,12,4,4,2,4,8,8,4,8,10,4,8,12,12,18,26,26,18,34,50,54,44,40,44,36,22,6,4,4,2,2,4,6,8,6,6,14,12,6,6,4,6,8,10,18,6,16,46,98,156,202,255,255,255,255,255,106,186,255,255,255,196,126,86,38,22,8,14,10,8,8,6,6,10,44,70,106,152,94,74,66,64,68,36,12,6,6,32,100,184,255,255,255,255,236,224,200,196,138,74,38,40,44,38,26,74,86,98,90,94,96,86,54,26,24,52,116,168,240,255,255,255,255,150,116,130,128,46,94,124,66,96,108,104,104,102,216,255,146,26,24,10,10,6,20,26,30,44,60,72,94,120,152,220,255,255,255,255,255,255,255,255,255,255,255,255,255,255,255,224,170,112,72,40,12,8,10,12,20,18,18,26,12,10,4,6,24,6,8,10,18,18,8,4,2,12,10,0,2,0,2,2,2,4,4,8,10,12,14,14,18,18,16,16,6,6,6,4,4,6,2,4,10,12,8,8,6,14,12,12,40,62,100,154,226,255,255,255,255,255,255,255,255,255,255,255,255,255,255,255,250,220,194,158,128,98,48,18,18,12,16,14,14,4,8,14,10,12,12,14,20,12,16,8,20,36,160,255,255,255,94,255,255,255,126,72,44,14,36,40,32,70,94,64,38,34,30,22,16,20,20,18,2,6,22,36,22,22,52,56,26,42,68,32,16,36,50,28,16,22,44,70,68,32,28,44,66,54,20,12,20,30,56,98,122,96,44,10,60,56,56,56,44,44,22,18,140,240,210,208,200,164,132,148,150,100,50,58,92,60,62,48,48,42,10,34,50,54,48,80,76,44,28,16,22,16,26,10,26,64,94,98,96,70,8,102,164,168,116,94,52,16,38,66,70,20,30,76,96,70,34,2,4,2,6,2,8,6,12,10,6,2,12,4,6,2,10,10,4,2,4,10,50,94,86,54,40,16,28,40,40,56,62,50,30,10,32,34,32,28,18,14,18,28,76,116,112,66,144,202,188,104,30,6,22,28,22,8,10,32,40,26,16,58,56,28,10,24,34,26,16,16,46,70,48,16,32,10,26,20,10,14,20,50,58,68,162,232,254,246,166,94,58,102,236,255,206,138,96,34,58,198
218,4,8,8,10,12,10,4,10,10,8,6,8,4,6,4,4,0,4,8,4,14,18,18,26,42,48,48,46,68,78,78,74,74,70,56,32,8,4,4,4,8,2,10,12,10,10,2,6,6,4,6,6,4,10,10,8,6,22,48,80,168,255,255,255,255,234,255,255,196,250,254,228,188,124,82,52,18,8,2,10,6,6,18,8,48,58,82,92,20,56,66,86,52,16,6,8,12,48,96,128,146,156,138,122,68,44,32,32,46,52,48,52,68,106,146,158,144,136,130,158,168,134,64,24,34,100,164,255,255,218,255,255,154,14,62,82,150,214,202,142,182,208,176,164,202,255,192,60,12,18,16,40,58,78,88,104,142,186,250,255,255,255,255,255,255,255,255,255,255,255,255,255,222,132,72,46,18,38,32,44,28,16,8,8,6,6,2,10,18,14,16,8,8,6,6,12,12,10,12,4,4,8,16,2,14,6,4,6,4,0,4,6,6,4,6,4,6,0,4,4,2,6,12,12,10,2,6,6,4,6,6,6,4,12,18,22,16,4,4,6,2,4,8,12,6,12,50,106,170,252,255,255,255,255,255,255,255,255,255,255,255,255,255,255,238,196,160,148,118,64,30,22,14,20,22,20,16,14,12,12,4,2,20,8,26,58,232,255,255,255,92,255,255,234,106,36,12,22,22,14,58,58,20,26,26,28,26,22,18,12,2,2,4,16,50,62,22,30,64,64,22,58,52,36,62,90,74,38,40,40,52,78,74,52,48,42,44,34,24,18,14,20,52,100,78,52,52,32,24,36,36,22,12,20,22,42,144,156,150,170,174,136,120,128,88,36,24,64,78,70,42,26,84,98,78,72,60,58,90,98,66,34,24,28,16,20,10,26,64,108,122,94,62,28,50,114,156,120,88,80,34,16,46,64,50,50,72,110,90,50,10,4,6,12,6,4,6,16,12,4,2,12,2,10,4,8,8,2,8,6,10,26,82,106,100,70,38,48,30,28,44,20,16,36,50,56,60,80,40,12,18,38,40,50,78,120,60,144,172,132,56,14,18,18,36,34,26,10,16,34,28,12,38,58,44,6,30,44,54,48,32,12,32,52,20,28,42,8,38,16,20,20,12,52,120,212,255,255,255,154,74,88,200,244,208,172,126,66,44,54,201
219,4,4,4,4,6,10,6,2,0,4,8,6,4,4,2,4,0,4,6,8,20,30,30,46,68,58,62,98,114,126,96,62,60,76,90,90,70,38,4,12,6,16,8,8,6,4,6,6,6,8,4,2,2,8,8,6,8,8,16,52,118,176,244,255,244,255,255,255,144,86,174,236,252,224,172,126,86,58,22,8,10,8,16,14,30,46,40,66,30,48,50,76,68,30,10,8,2,2,24,28,2,24,30,50,78,118,104,126,138,114,104,110,112,118,178,255,255,255,255,240,212,200,132,60,24,96,204,255,255,255,255,255,192,156,160,162,154,146,136,108,124,188,176,154,176,164,70,10,34,48,82,124,160,194,248,255,255,255,255,255,255,255,255,255,255,255,226,106,36,72,110,66,14,30,36,50,16,14,14,32,26,16,6,6,8,4,4,4,0,4,10,14,12,12,6,6,6,8,12,6,10,14,16,8,12,6,4,8,6,4,2,2,4,4,4,2,6,6,6,8,10,10,10,4,8,6,4,4,2,6,4,10,12,4,8,8,8,6,4,2,2,4,6,4,2,8,4,10,8,12,12,18,76,152,232,255,255,255,255,255,255,255,255,255,255,255,255,255,255,208,160,124,98,70,32,16,10,20,14,6,2,6,24,8,22,12,118,255,255,255,120,255,255,255,184,74,22,34,42,40,70,46,12,10,16,32,42,46,44,38,22,8,2,18,26,66,54,0,48,80,70,90,94,68,66,84,72,18,16,32,48,60,58,40,46,76,84,68,30,6,4,10,14,78,86,46,30,12,26,48,32,22,30,14,12,2,70,114,96,110,146,158,122,140,122,80,66,66,54,46,24,110,160,110,102,54,38,44,80,100,68,24,4,6,20,16,18,22,24,58,120,154,120,62,80,74,114,148,130,112,78,6,44,58,70,50,46,114,108,74,18,2,12,10,2,6,8,14,10,2,4,10,6,8,4,2,6,8,2,8,16,16,56,90,108,88,18,32,16,22,16,24,62,62,40,20,26,70,56,38,44,14,60,62,70,108,76,126,122,76,20,12,22,12,18,32,28,16,22,40,60,46,10,34,54,22,22,46,74,68,42,32,10,34,40,22,44,30,26,22,18,30,74,148,200,255,255,254,214,90,130,144,156,160,158,150,100,22,50,36,211
218,0,4,6,8,6,6,6,2,6,4,2,6,8,6,4,4,0,4,6,16,32,42,34,48,58,38,76,152,150,166,158,92,56,52,62,82,100,98,70,28,8,12,12,8,16,8,4,2,2,2,4,2,2,10,18,14,4,26,40,90,178,255,255,92,238,255,255,255,216,154,48,76,182,240,232,180,126,90,46,20,18,16,14,12,52,82,80,92,72,66,78,72,72,48,16,10,10,12,14,32,66,84,82,80,102,152,178,196,212,232,232,214,156,104,200,255,255,244,255,218,164,192,158,66,34,48,198,255,255,250,244,236,226,222,172,130,100,114,102,62,30,82,96,68,34,14,56,90,120,180,255,255,255,255,255,255,255,255,255,255,255,250,102,26,86,104,56,60,54,44,82,54,12,32,34,50,20,16,20,22,14,10,2,2,2,4,8,8,6,6,4,4,4,4,4,4,4,4,4,10,4,8,8,2,4,4,4,8,8,6,6,4,2,0,2,2,4,4,4,4,2,2,4,4,6,8,8,8,6,8,10,10,8,8,8,8,8,6,2,6,6,2,0,2,2,4,2,8,6,6,6,6,12,14,6,2,32,78,140,238,255,255,255,255,255,255,255,255,255,255,255,255,222,186,164,130,82,52,10,12,8,12,34,16,16,10,52,200,255,255,255,72,255,255,250,112,20,40,46,54,86,70,28,6,2,20,30,34,38,40,34,24,8,28,32,60,62,50,46,64,72,82,96,58,62,70,64,40,24,24,26,34,60,66,40,58,86,82,44,18,12,18,18,84,144,134,94,92,44,32,76,98,80,56,46,10,6,42,40,40,56,70,72,88,104,84,82,66,38,74,104,138,110,64,72,56,48,32,66,102,88,52,28,20,36,40,80,70,68,62,38,118,134,68,36,20,86,142,166,148,118,52,40,68,64,68,12,90,92,78,28,6,4,8,6,2,4,6,10,6,2,6,12,6,0,4,2,6,12,12,8,8,28,62,90,84,22,34,34,8,16,22,36,40,28,30,26,38,40,20,48,48,52,32,32,62,58,74,76,80,22,30,24,42,22,20,50,6,14,20,54,52,36,8,56,48,36,28,58,62,42,26,10,30,54,52,12,50,12,22,12,50,144,214,224,255,252,148,120,26,142,156,114,160,174,126,78,26,62,48,210
218,6,6,4,4,8,10,12,4,6,2,4,4,4,6,6,4,0,2,12,28,44,46,30,26,32,40,80,128,92,68,66,66,54,34,22,34,66,98,114,96,52,20,6,16,6,2,4,6,4,6,4,4,8,6,8,8,6,50,80,146,255,255,230,114,255,255,248,170,238,255,236,164,52,64,144,148,114,86,54,22,24,60,72,82,108,120,94,76,66,42,100,84,62,66,34,2,8,8,12,60,114,124,142,138,140,234,255,255,218,230,202,255,178,18,132,255,255,255,255,174,88,124,122,40,32,44,130,180,180,154,158,192,208,182,102,78,76,62,32,22,36,60,84,96,122,168,242,255,255,255,255,255,255,255,255,255,255,164,70,56,124,92,52,36,48,80,38,40,72,92,116,78,32,42,56,50,22,20,16,18,20,20,10,6,0,4,6,2,0,2,4,6,4,4,4,4,4,4,6,4,0,0,0,0,0,0,0,0,0,2,4,6,6,2,4,4,6,4,4,2,0,0,2,4,4,4,4,4,4,4,6,6,4,4,4,4,4,4,6,6,4,4,2,0,0,2,2,2,0,0,0,0,0,2,2,4,2,12,14,22,6,42,110,214,255,255,255,255,255,255,255,255,255,255,255,255,220,178,146,92,34,14,12,10,18,12,22,130,255,255,255,146,255,255,255,184,62,22,32,28,66,92,60,8,4,16,16,8,14,24,26,30,28,28,28,30,38,44,20,28,62,110,112,78,100,116,92,62,30,6,8,22,66,102,74,36,48,74,48,24,16,16,78,134,148,122,50,92,66,112,126,94,80,60,56,40,34,30,28,26,52,42,32,48,88,82,30,42,56,58,62,78,46,36,34,32,42,20,66,114,116,94,62,88,94,102,126,94,96,76,42,54,104,66,38,28,32,70,126,154,146,106,2,82,86,76,22,60,88,78,46,14,6,8,6,12,14,14,14,12,8,2,2,6,8,6,4,4,6,12,10,10,8,52,84,82,48,8,48,38,18,2,30,38,18,16,28,50,60,34,50,64,60,36,8,18,22,18,66,90,56,52,42,56,70,20,52,44,24,6,24,30,52,38,36,70,106,96,124,134,118,72,26,6,40,60,18,48,48,6,26,56,132,168,134,126,104,74,132,96,192,168,120,162,114,54,70,40,38,68,210
217,6,6,4,0,6,8,12,10,8,4,6,2,2,6,6,4,4,10,24,38,48,44,26,12,32,62,122,172,172,146,114,62,44,16,10,16,24,40,68,98,106,88,56,28,14,12,4,8,10,4,6,8,6,10,6,2,14,70,114,184,255,255,6,255,255,244,116,62,112,180,232,250,214,132,128,96,94,94,88,64,92,108,106,108,108,84,80,72,40,2,66,88,58,62,42,6,8,14,16,70,142,170,166,112,104,170,208,110,84,32,80,196,218,122,174,248,255,232,236,208,188,190,138,50,70,62,62,106,146,160,142,134,104,54,16,12,40,60,72,66,84,152,202,255,255,255,255,255,255,255,255,255,240,126,68,94,54,18,38,20,58,68,60,82,88,118,108,78,88,112,110,70,36,34,40,26,14,12,8,8,10,10,4,6,0,2,6,4,0,0,4,6,4,4,4,4,4,4,4,2,0,0,0,0,0,0,0,0,0,0,2,4,4,2,4,4,4,4,6,4,0,0,4,6,4,4,4,4,4,4,6,4,0,0,0,0,0,0,2,6,6,6,6,4,4,4,4,4,4,4,4,2,0,0,8,10,8,14,20,14,8,2,6,12,20,16,74,198,255,255,255,255,255,255,255,255,255,255,255,228,176,126,76,28,32,18,10,82,220,255,255,255,12,255,255,255,124,10,40,18,10,80,100,40,8,8,12,12,18,30,44,42,36,28,16,34,64,92,100,48,88,134,90,64,102,142,110,76,48,22,26,36,62,78,58,26,58,96,78,42,20,26,76,82,82,98,38,92,122,108,62,10,44,54,68,56,22,26,36,24,36,30,30,40,70,104,74,28,42,84,104,110,64,42,66,66,46,10,28,70,86,96,72,86,78,88,100,78,96,100,66,50,112,118,120,92,28,26,100,168,176,142,70,32,100,90,40,36,92,82,50,30,18,14,8,6,4,4,6,8,8,10,6,4,8,8,4,4,4,8,14,14,14,38,70,70,50,32,24,44,20,20,22,26,24,32,40,48,94,88,84,60,54,22,14,16,32,18,36,68,58,36,46,36,84,64,6,38,46,36,54,98,118,148,172,222,246,214,216,232,206,144,82,42,14,60,52,16,66,38,20,70,146,210,180,180,208,206,255,238,232,186,134,124,114,102,126,108,44,50,211
217,4,2,2,4,4,2,4,4,2,10,16,16,14,18,18,12,8,16,30,40,42,30,10,32,70,58,104,126,118,80,44,24,18,14,22,34,34,18,22,72,108,114,102,88,64,24,6,8,8,2,2,8,16,14,6,14,38,94,150,214,255,128,226,255,255,136,30,4,14,40,92,134,152,144,88,64,48,80,92,88,112,98,84,78,60,30,44,22,30,22,30,106,116,94,60,32,12,18,12,72,142,130,56,50,70,136,255,255,255,246,220,255,230,132,110,172,164,124,160,182,174,154,108,66,64,16,46,20,26,48,36,24,64,58,50,66,114,136,160,194,255,255,255,255,255,255,255,255,252,104,62,92,38,50,18,80,62,36,70,120,166,178,154,130,144,158,130,84,66,72,58,30,16,18,12,6,2,2,4,4,6,8,8,6,0,0,4,6,4,2,4,4,0,0,0,0,0,0,0,0,0,0,0,0,0,0,2,4,4,4,6,6,4,2,4,6,4,4,6,4,0,0,4,6,4,4,4,4,4,4,6,4,0,0,0,0,0,0,4,4,6,6,8,8,8,8,8,8,8,8,8,6,4,4,4,8,14,2,4,4,4,6,4,4,6,6,20,18,10,30,110,255,255,255,255,255,255,255,255,255,255,255,236,178,84,24,22,24,122,255,255,255,255,150,255,255,208,54,6,22,24,44,86,68,26,8,18,18,18,26,44,56,62,56,24,32,18,44,90,88,90,84,2,32,46,104,112,80,70,52,22,10,44,72,90,76,6,72,98,74,32,14,82,126,138,124,38,66,144,174,144,54,54,36,56,58,38,26,14,26,12,32,24,32,28,42,44,20,26,46,66,106,100,70,78,56,36,42,60,76,38,18,44,40,32,16,42,48,62,130,112,32,62,100,134,118,58,60,66,144,166,146,116,38,64,86,50,18,78,92,64,34,24,18,14,12,2,2,8,14,16,16,12,14,12,16,20,24,24,28,34,30,40,68,76,64,50,34,6,20,26,32,24,42,32,30,64,94,90,100,82,74,70,28,30,26,20,24,28,26,42,34,44,22,58,84,74,56,120,140,170,212,212,238,255,255,238,178,170,214,200,142,76,48,10,44,72,48,22,58,14,54,130,212,202,168,188,226,255,255,204,178,162,136,34,38,100,102,68,16,213
218,0,0,2,6,10,14,22,24,22,26,28,28,22,26,28,22,10,12,24,28,22,18,20,62,80,44,56,78,96,104,76,26,16,28,38,54,56,66,40,42,66,112,128,122,112,94,58,28,16,4,10,20,20,16,12,26,56,114,184,236,198,32,255,244,126,76,36,54,76,80,68,48,28,44,40,18,14,48,58,56,54,52,50,30,18,64,78,124,102,72,72,102,202,186,118,62,16,16,2,54,162,214,144,132,124,124,208,236,255,255,208,196,162,120,88,120,148,128,140,104,54,24,10,12,38,54,50,64,60,60,96,106,98,124,112,146,236,255,255,255,255,255,255,255,255,180,96,30,52,90,88,98,42,54,90,166,178,160,174,192,192,168,122,96,96,92,64,32,20,18,12,6,6,8,4,2,4,6,4,4,4,4,4,2,0,0,2,4,6,6,6,4,0,0,0,0,0,0,0,0,0,0,0,0,0,0,4,6,4,4,4,2,2,4,6,6,4,4,4,2,0,0,2,4,4,4,4,4,4,4,4,2,0,0,0,0,0,0,4,4,4,4,4,4,4,4,4,4,4,6,8,8,8,8,8,10,4,16,14,6,2,6,10,12,18,16,8,4,4,2,8,18,6,72,200,255,255,255,255,255,255,255,255,255,242,166,108,48,42,174,255,255,255,140,255,255,255,122,28,46,28,26,48,74,52,20,10,18,12,20,24,20,18,36,30,30,18,36,86,118,132,130,42,32,22,90,136,108,104,88,50,10,30,58,90,120,88,20,68,88,68,24,34,94,156,190,152,62,66,170,180,110,28,42,90,82,60,68,50,24,20,32,14,18,2,26,78,62,32,40,80,124,120,40,40,54,62,60,68,60,38,46,22,20,4,10,58,42,30,90,124,80,30,24,98,122,104,92,32,84,126,140,128,68,30,78,76,30,46,94,86,42,24,30,26,16,14,16,16,24,30,32,28,34,36,44,54,58,60,64,58,54,72,78,74,68,46,20,32,34,26,32,16,40,66,108,132,104,44,46,44,62,78,34,28,58,48,30,16,24,48,68,58,38,48,96,122,130,184,200,218,222,188,170,144,88,64,52,70,144,156,124,62,38,22,12,46,70,30,52,60,10,68,146,160,116,144,150,156,202,188,160,164,128,92,48,42,72,60,40,218
217,4,4,8,16,24,30,36,34,28,30,32,28,20,20,26,26,12,4,22,30,30,28,54,78,54,20,18,14,54,102,134,104,36,24,70,54,12,66,88,72,46,58,108,102,86,94,108,94,74,62,64,72,64,66,66,90,112,140,168,160,118,178,248,154,70,74,64,84,92,76,68,50,58,56,48,40,34,34,42,40,16,28,62,102,146,150,140,116,122,108,152,188,236,255,198,96,20,6,6,12,98,168,140,100,116,122,110,116,146,112,86,74,66,52,22,28,18,6,14,8,46,74,100,94,100,68,60,70,96,100,152,212,244,252,255,255,255,255,255,255,255,250,172,50,52,106,96,22,44,58,120,184,188,182,218,255,236,186,152,128,102,66,34,26,20,6,4,6,6,4,4,6,6,8,8,4,8,4,4,6,2,0,0,0,0,0,0,0,2,4,4,2,0,0,0,0,0,0,2,4,4,4,4,4,4,4,6,4,0,0,0,0,2,2,2,2,0,0,0,2,4,4,4,2,0,0,0,0,0,0,0,0,0,0,0,0,0,0,4,4,2,4,4,4,4,4,4,2,0,2,4,4,4,4,16,16,22,6,12,12,6,8,16,14,10,2,6,10,8,6,14,14,12,16,12,12,64,188,255,255,255,255,255,255,255,255,250,176,108,30,204,255,255,255,36,255,255,255,80,52,62,14,22,64,68,44,8,18,40,64,68,46,26,20,38,32,16,14,40,98,134,140,70,34,46,76,128,120,118,102,56,22,16,24,32,60,62,32,50,90,92,56,20,38,102,148,154,120,48,118,160,142,112,34,56,76,58,66,72,14,22,14,4,12,16,34,56,100,66,22,42,78,86,78,62,104,64,64,58,40,38,24,26,18,36,42,60,14,64,78,76,84,78,32,56,102,104,110,58,30,96,152,164,112,30,28,64,60,4,74,100,68,46,58,56,42,40,40,38,38,42,48,54,68,72,76,76,68,62,62,62,52,60,44,36,30,30,40,52,40,20,14,8,34,62,88,68,16,46,66,52,38,64,60,40,64,96,104,82,60,72,78,80,76,102,98,112,178,178,146,134,94,36,10,28,84,84,120,154,184,152,108,80,58,44,22,12,46,56,20,74,58,8,72,102,92,88,78,58,92,110,130,110,64,74,66,8,54,74,40,218
217,4,2,12,24,32,34,32,26,20,20,22,12,12,8,14,20,12,4,22,28,22,34,46,26,22,30,24,16,10,24,80,118,90,24,58,86,48,20,56,86,90,50,40,58,42,24,54,82,82,76,72,74,68,68,84,90,94,92,86,166,144,246,192,96,34,18,48,54,54,38,42,44,34,24,20,12,12,26,56,96,120,120,122,140,134,86,54,34,86,126,214,255,216,255,255,174,60,4,2,10,32,80,98,70,68,58,46,40,2,48,66,64,56,64,86,112,102,94,84,120,132,154,196,172,192,170,160,142,140,168,255,255,255,255,255,255,255,255,160,68,32,72,82,28,30,46,140,176,190,228,255,255,255,224,200,182,130,72,40,26,14,8,10,10,10,14,10,4,2,6,2,8,8,4,2,6,10,4,4,4,0,2,2,2,0,0,0,0,0,0,0,0,0,0,0,0,0,0,4,6,4,4,4,4,4,4,2,2,2,0,0,0,2,4,4,2,0,0,2,6,6,4,6,4,0,0,0,0,0,0,0,0,0,0,0,0,0,0,4,6,6,6,4,6,8,8,10,8,4,4,2,0,0,0,6,6,8,10,14,6,20,12,12,4,4,8,10,8,6,6,4,20,10,16,12,20,8,6,8,66,214,255,255,255,255,255,255,255,255,166,42,224,255,255,255,158,255,255,214,48,56,42,4,40,68,56,22,26,66,102,96,88,90,52,4,36,66,66,48,36,94,154,152,78,32,46,48,70,86,98,76,40,22,30,46,68,68,62,50,112,132,92,54,26,26,80,124,150,96,30,98,104,118,94,12,64,64,56,60,34,14,20,8,10,10,28,30,50,96,54,8,62,108,92,12,102,128,82,30,14,44,42,16,26,42,52,100,42,48,118,150,144,146,110,56,62,56,62,44,16,22,94,138,122,62,8,36,52,28,34,84,82,64,70,78,70,62,60,58,56,60,62,74,84,80,76,62,52,38,26,28,32,12,4,10,22,50,68,54,56,54,30,22,36,56,104,110,82,98,68,36,10,40,96,96,120,122,158,168,120,86,80,70,60,96,70,106,186,112,46,90,100,76,122,168,216,216,228,246,206,146,80,66,64,56,40,10,30,72,52,36,76,34,14,26,42,20,22,6,18,58,50,78,70,72,68,40,46,68,56,216
216,4,4,16,32,26,24,20,8,6,4,8,22,32,24,20,22,16,2,22,24,10,22,28,34,44,44,46,32,12,18,28,80,112,88,22,54,66,34,30,54,80,104,86,74,28,14,16,36,40,30,28,36,38,36,32,16,20,42,72,122,160,170,90,50,22,22,22,20,34,42,46,60,62,64,76,78,102,124,152,162,134,94,68,56,28,10,8,2,58,138,248,255,255,255,255,255,98,20,4,10,8,20,38,36,54,90,94,46,78,110,114,118,120,124,120,148,142,172,118,182,200,255,255,255,255,184,220,228,255,255,255,255,255,190,154,156,104,44,42,26,6,40,92,110,154,255,255,255,255,255,254,218,148,92,66,46,16,4,10,10,8,4,0,2,4,6,2,6,6,6,6,4,10,10,10,12,8,2,4,6,2,2,0,2,0,0,0,0,0,0,0,0,0,0,0,0,0,0,4,4,0,0,0,0,0,0,2,0,2,0,0,0,0,0,0,0,0,0,2,4,4,4,6,4,0,0,0,0,0,0,0,0,0,0,0,0,0,0,2,4,4,2,0,2,2,0,4,6,4,6,6,4,4,4,4,4,4,10,16,20,16,4,8,6,4,4,8,10,8,6,12,10,8,14,8,6,6,14,10,18,20,32,146,255,255,255,255,255,255,255,216,56,240,255,255,134,255,255,255,154,12,66,24,16,60,70,42,28,88,134,132,122,172,134,36,72,98,78,66,48,46,142,168,134,54,52,54,62,62,90,86,68,32,28,32,56,92,82,30,58,114,100,66,44,10,68,134,186,180,82,60,116,110,120,68,22,64,78,90,84,40,22,32,2,14,26,40,10,94,90,22,72,140,134,58,70,154,130,80,44,30,56,24,32,18,18,60,68,76,98,154,180,208,204,116,90,64,38,38,50,78,90,64,94,80,22,34,36,30,16,44,52,48,52,56,58,58,80,80,72,62,54,56,68,54,42,36,32,28,20,24,26,32,36,34,30,42,40,32,48,40,32,56,70,44,38,96,96,94,78,66,44,98,120,138,146,126,116,150,140,92,74,70,44,28,16,86,102,30,58,54,118,182,226,240,242,216,200,164,152,96,52,32,30,34,30,6,12,56,98,36,54,62,20,6,22,32,28,40,54,64,20,22,52,86,70,36,32,58,52,216
215,8,2,12,36,12,14,16,24,20,26,28,36,42,30,24,12,14,28,48,50,44,52,52,44,44,48,64,54,18,8,18,36,68,80,42,16,52,50,6,30,68,80,88,62,32,24,24,30,36,20,4,16,22,28,34,42,52,70,78,114,140,112,80,74,68,80,86,84,92,104,120,122,104,98,98,106,122,124,108,68,32,20,18,10,2,6,12,10,36,132,255,255,255,248,255,255,160,50,18,14,14,48,124,190,176,152,192,170,126,154,144,132,124,132,78,94,90,130,78,148,178,255,255,255,255,166,220,254,255,255,255,226,100,8,18,48,48,12,52,92,126,208,255,255,255,255,255,255,180,116,76,50,24,8,6,6,6,4,2,2,2,4,6,6,6,2,0,2,4,4,2,2,2,4,6,4,2,0,2,6,4,2,2,2,0,0,0,0,0,0,0,0,0,0,0,0,0,0,4,6,4,4,4,4,4,4,2,2,2,0,0,0,0,0,0,0,0,0,2,4,4,4,4,2,0,0,0,0,0,0,0,0,0,0,0,0,0,0,0,0,0,0,0,2,4,4,4,2,0,2,4,4,4,4,4,4,2,4,6,6,4,4,6,6,4,2,2,4,4,4,8,4,2,4,4,4,6,4,10,4,10,2,6,8,88,255,255,255,255,255,255,255,82,252,255,255,52,255,255,242,72,30,42,14,50,78,70,26,88,140,134,72,166,172,64,76,98,72,66,90,52,98,144,126,66,54,80,82,66,46,64,78,66,36,34,14,66,106,86,36,48,60,50,48,34,40,86,124,156,132,28,128,128,120,112,30,34,62,84,84,64,26,48,20,26,22,36,32,44,90,58,12,84,132,122,20,98,116,66,46,40,32,8,26,16,24,32,76,130,106,18,70,164,228,148,36,16,20,8,20,48,66,58,58,68,34,48,44,38,4,42,40,14,2,18,38,62,72,60,52,22,14,16,36,12,12,28,68,54,30,36,28,24,26,18,20,46,66,72,96,104,96,94,68,22,48,68,86,82,94,88,84,98,86,54,28,20,66,90,78,40,22,14,46,10,34,48,74,70,84,106,168,206,196,160,128,98,72,48,78,96,64,24,24,32,36,16,8,16,76,78,8,54,50,16,16,30,18,16,46,60,36,8,18,60,66,28,24,50,58,222
213,24,10,10,40,8,2,16,28,20,22,8,12,28,8,16,20,32,46,52,54,46,40,38,30,32,32,48,48,24,2,22,28,40,60,54,26,14,42,48,54,62,42,44,36,32,40,22,24,30,40,54,66,80,94,90,80,84,92,104,110,96,72,64,64,68,76,78,70,74,74,66,50,42,48,48,50,48,36,14,6,2,2,4,4,6,4,6,4,16,94,230,255,255,46,255,255,236,68,24,12,22,96,216,255,255,255,255,252,164,182,82,20,32,84,82,98,132,88,22,92,136,240,184,90,252,198,244,196,124,74,48,40,32,4,22,70,98,136,206,255,255,255,255,255,255,220,150,78,26,4,6,2,4,4,4,0,0,0,0,0,0,0,0,0,0,0,0,0,0,0,0,0,0,0,2,2,2,0,2,6,4,0,0,0,0,0,0,0,0,0,0,0,0,0,0,0,0,0,2,4,4,4,4,4,4,4,6,4,0,0,0,0,0,0,0,0,0,0,0,0,0,0,0,0,0,0,0,0,0,0,0,0,0,0,0,0,0,0,0,0,0,0,0,0,0,0,0,0,0,0,0,0,0,0,4,6,4,4,4,4,4,4,6,6,4,2,0,0,0,0,2,6,6,4,4,4,2,2,4,6,8,2,2,4,4,4,84,255,255,255,255,255,255,126,188,255,255,120,255,255,162,30,50,38,26,62,78,42,72,160,116,24,116,182,110,68,90,80,66,148,112,22,126,144,106,106,134,114,76,32,14,56,68,26,6,12,42,88,84,40,28,90,96,74,46,4,46,74,116,142,82,54,102,102,112,62,6,34,54,62,74,48,42,32,24,40,42,54,38,66,62,16,58,128,166,116,56,94,76,30,32,20,12,32,24,28,52,80,144,172,142,106,32,106,118,44,20,66,68,84,90,70,48,46,44,44,74,56,56,32,42,32,26,32,28,24,22,12,36,40,54,48,48,46,18,30,48,68,32,8,24,20,24,4,62,82,116,150,186,198,164,160,146,110,92,64,60,74,64,102,124,124,134,148,124,138,146,158,160,142,100,102,72,46,28,52,82,88,70,98,150,140,94,70,44,32,22,22,26,14,66,62,32,10,48,58,36,12,10,28,70,60,8,60,42,8,42,54,34,42,38,22,8,14,48,72,72,54,104,126,216
209,42,18,22,52,34,32,46,46,38,40,46,50,66,54,38,40,38,30,24,26,12,20,28,20,22,28,44,42,22,2,22,44,66,86,88,70,30,12,66,98,68,72,114,108,104,116,70,64,46,62,76,80,74,72,66,64,68,56,46,38,24,10,10,6,10,12,18,14,12,10,2,4,0,2,4,2,10,20,22,16,10,10,10,6,6,4,2,18,8,34,150,255,255,255,255,255,255,124,36,14,30,110,226,255,255,255,255,255,96,24,132,174,182,210,156,128,140,136,124,128,202,255,136,38,112,138,124,54,26,36,36,40,62,86,150,218,255,255,255,255,255,255,220,124,66,44,14,8,12,2,8,2,4,4,4,0,0,0,0,0,0,0,0,0,0,0,0,0,0,0,0,0,0,0,0,0,0,0,4,6,2,0,0,0,0,0,0,0,0,0,0,0,0,0,0,0,0,0,0,0,0,0,0,0,0,0,4,4,0,0,0,0,0,0,0,0,0,0,0,0,0,0,0,0,0,0,0,0,0,0,0,0,0,0,0,0,0,0,0,0,0,0,0,0,0,0,0,0,0,0,0,0,0,0,2,4,4,4,4,4,4,4,4,2,0,0,0,0,2,4,4,4,4,4,4,6,6,4,2,2,2,0,0,0,0,2,4,12,106,255,255,255,255,255,238,228,170,24,255,255,255,106,24,64,20,26,60,64,34,172,176,66,64,164,138,22,94,94,52,148,178,82,48,118,100,96,104,74,72,84,42,28,32,34,28,22,34,80,102,88,26,60,100,96,72,20,38,78,120,142,110,34,72,112,126,100,52,28,74,92,110,86,42,24,6,20,14,24,12,68,90,50,42,108,134,116,46,60,98,46,12,14,6,24,62,30,60,72,116,172,172,172,154,166,82,60,56,114,94,110,144,126,30,22,62,70,52,34,46,52,58,48,28,20,42,62,56,30,16,22,48,22,58,84,82,74,118,148,112,70,70,38,14,60,118,144,190,194,178,148,146,142,104,126,134,74,88,66,14,76,128,140,144,152,136,156,150,142,124,98,92,108,94,80,84,86,98,114,106,102,124,86,42,28,14,26,34,32,50,30,26,48,50,22,24,46,36,10,8,16,54,84,42,26,48,38,40,60,54,38,28,14,20,12,48,114,134,108,120,152,206
204,70,18,44,70,90,128,130,126,90,82,60,50,60,54,24,14,16,18,30,60,58,68,72,56,60,56,60,48,24,4,8,18,40,62,78,80,58,32,46,92,86,112,138,122,102,82,70,70,62,128,134,70,12,2,4,10,20,14,12,0,4,8,12,8,14,8,6,4,0,6,4,2,4,2,0,4,6,6,6,12,12,12,10,8,4,2,4,12,2,12,82,242,255,255,8,255,255,236,70,12,22,102,216,255,255,76,255,252,162,182,206,174,140,114,74,66,42,84,210,255,255,255,162,76,50,24,8,12,40,54,128,186,244,255,255,255,255,255,255,168,80,56,26,6,6,10,8,10,2,8,10,6,4,4,4,0,0,0,0,0,0,0,0,0,0,0,0,0,0,0,0,2,4,4,4,2,2,4,6,4,0,0,0,0,0,0,0,0,0,0,0,0,0,0,0,0,0,0,0,0,0,0,0,0,0,0,4,4,0,0,0,0,0,0,0,0,0,0,0,0,0,0,0,0,0,0,0,0,0,0,0,0,0,0,0,0,0,0,0,0,0,0,0,0,0,0,0,0,0,0,0,0,0,0,0,0,0,0,0,0,0,0,0,0,0,0,0,0,4,6,6,6,4,4,2,2,4,4,6,6,4,4,4,2,0,2,8,6,4,10,132,255,255,255,255,255,255,194,255,255,255,198,50,56,56,6,42,84,34,110,196,152,30,106,154,64,76,150,90,54,158,144,40,62,78,40,36,32,32,90,70,22,20,50,24,12,22,52,96,130,110,44,50,68,78,40,18,66,108,124,104,50,38,112,126,116,96,16,56,96,110,86,60,16,22,30,18,14,34,42,116,116,38,62,132,148,122,36,58,54,16,30,20,26,48,84,58,22,28,120,160,144,120,114,94,62,42,120,142,156,248,255,148,56,62,40,8,36,20,38,44,56,76,34,40,62,58,42,52,64,82,80,110,144,138,118,140,190,176,150,144,120,72,94,130,130,148,106,28,16,30,52,94,124,128,114,88,34,50,76,66,38,52,72,110,130,126,128,120,100,112,124,94,72,80,88,84,90,106,84,92,82,70,58,32,20,14,10,26,28,6,40,68,60,28,56,48,14,14,30,30,78,72,38,58,40,18,34,46,34,14,10,22,28,54,110,108,56,40,86,197
196,98,16,62,84,154,214,166,164,90,76,24,12,42,52,44,34,42,58,60,64,66,70,66,44,48,42,38,30,16,6,6,10,8,26,54,80,88,72,26,20,34,62,62,40,40,94,124,44,36,102,168,130,48,2,2,8,10,8,8,4,4,12,26,28,30,30,24,12,2,2,4,6,12,14,12,14,12,8,8,8,8,6,4,6,6,2,6,6,12,20,42,174,255,255,255,255,255,255,130,12,22,94,232,255,255,255,255,255,238,168,146,98,28,34,108,172,255,255,255,255,255,220,46,38,24,24,34,56,110,218,255,255,255,255,255,255,192,126,58,6,12,12,12,8,10,8,6,4,4,12,12,6,4,4,4,0,0,0,0,0,0,0,0,0,0,0,0,0,0,0,2,6,6,4,6,6,6,6,4,2,0,0,0,0,0,0,0,0,0,0,0,0,0,0,0,0,0,0,2,4,4,4,4,4,4,4,6,4,0,0,0,0,0,0,0,0,0,0,0,0,0,0,0,0,0,0,0,0,0,0,0,0,0,0,0,0,0,0,0,0,0,0,0,0,0,0,0,0,0,0,0,0,0,0,0,0,0,0,0,0,0,0,0,0,0,0,0,0,4,6,2,2,4,6,4,0,0,0,2,6,8,6,6,6,2,4,6,6,10,10,6,18,206,255,255,255,255,255,255,255,255,255,152,10,56,36,10,68,76,14,146,190,114,28,148,138,8,128,156,52,88,146,94,16,64,40,16,46,14,58,68,36,2,50,48,28,26,28,50,86,92,30,38,74,92,76,24,40,98,124,118,106,42,66,72,80,92,64,24,54,72,58,68,52,32,8,14,22,50,20,66,110,70,36,98,158,170,136,66,38,12,16,26,16,14,86,102,86,64,10,78,108,94,82,100,114,114,150,174,120,222,255,255,156,66,88,56,52,56,66,64,68,102,88,130,126,100,102,96,110,124,138,144,180,144,104,92,136,136,132,132,112,70,40,124,134,152,128,128,122,134,172,174,152,136,110,56,16,66,70,52,20,28,82,104,92,88,92,86,74,104,132,116,90,106,106,92,94,106,122,74,68,70,54,40,38,24,28,30,24,18,24,60,66,28,42,28,14,6,10,14,38,56,36,42,30,18,16,32,40,38,30,12,32,58,146,182,154,108,120,201
191,94,8,66,88,172,184,104,126,50,82,76,64,76,78,56,38,36,48,38,30,36,36,28,14,18,18,10,8,6,4,12,12,6,14,38,72,102,112,84,52,42,38,48,62,120,174,122,136,92,18,128,140,72,8,8,2,10,26,30,26,38,58,64,52,44,52,52,36,12,4,4,6,14,12,8,8,8,8,12,14,14,12,8,8,10,8,14,10,26,20,10,104,255,255,255,48,255,255,255,68,8,68,178,255,255,255,255,255,232,162,70,38,136,234,255,255,255,255,255,218,72,40,74,44,18,92,186,238,255,255,255,255,255,194,120,62,24,6,16,4,16,18,8,6,8,2,6,10,8,10,10,4,4,4,4,0,0,0,0,0,0,0,0,0,0,0,0,0,0,0,4,6,2,0,2,4,4,2,0,0,0,0,0,0,0,0,0,0,0,0,0,0,0,0,0,0,0,0,4,6,4,4,4,4,4,4,4,2,0,0,0,0,0,0,0,0,0,0,0,0,0,0,0,0,0,0,0,0,0,0,0,0,0,0,0,0,0,0,0,0,0,0,0,0,0,0,0,0,0,0,0,0,0,0,0,0,0,0,0,0,0,0,0,0,0,0,0,0,2,4,6,4,0,4,4,0,0,0,2,2,2,4,6,8,6,8,4,8,10,12,12,16,2,58,170,255,255,255,255,255,255,255,214,100,14,58,38,18,62,56,56,164,162,70,70,144,84,52,156,126,54,98,98,38,46,72,28,36,40,14,58,60,34,30,46,40,12,16,30,64,102,84,16,48,86,100,72,2,76,120,128,138,100,80,64,60,68,86,58,46,56,60,66,42,12,34,40,42,64,60,60,100,74,36,18,78,112,130,88,10,26,22,26,22,12,34,74,92,98,72,32,24,62,58,58,64,124,208,190,108,44,172,255,255,116,114,108,88,72,52,54,52,68,82,120,120,102,118,120,130,148,120,104,96,40,14,38,84,82,64,68,64,68,28,102,140,166,152,148,142,158,154,124,108,112,98,70,42,88,86,62,32,54,66,52,40,36,22,8,8,28,74,90,78,88,82,68,62,60,82,84,26,52,34,18,36,34,38,28,14,10,12,24,40,24,18,22,22,18,14,16,10,26,30,28,34,28,16,12,26,40,46,24,36,30,104,152,156,116,60,206
195,90,8,66,84,140,120,120,138,88,124,98,60,54,48,24,16,16,12,6,2,6,10,2,4,6,8,6,4,10,8,6,12,4,4,6,28,58,78,94,100,104,108,90,94,124,118,62,134,134,60,88,110,74,18,12,16,38,62,64,56,64,76,70,62,62,70,78,64,34,16,10,4,8,4,0,0,6,12,18,20,20,20,18,16,16,16,24,22,14,10,10,36,162,255,255,254,255,255,255,122,28,18,90,140,150,132,122,120,96,6,132,255,255,255,255,255,255,218,28,74,90,54,18,58,170,255,255,255,255,255,238,134,62,26,4,10,6,12,12,14,6,6,6,2,6,4,2,4,0,4,8,6,4,4,4,0,0,0,0,0,0,0,0,0,0,0,0,0,0,0,4,4,0,0,0,0,0,0,0,0,0,0,0,0,0,0,0,0,0,0,0,0,0,0,0,0,0,0,4,4,0,0,0,0,0,0,0,0,0,0,0,0,0,0,0,0,0,0,0,0,0,0,0,0,0,0,0,0,0,0,0,0,0,0,0,0,0,0,0,0,0,0,0,0,0,0,0,0,0,0,0,0,0,0,0,0,0,0,0,0,0,0,2,4,4,2,0,0,0,0,4,4,2,6,4,0,0,0,2,4,4,4,6,8,8,12,8,12,14,12,14,14,6,6,4,36,62,134,255,255,255,255,255,170,58,50,54,8,32,80,24,106,170,148,50,86,90,46,122,164,84,134,114,52,20,64,54,6,44,18,42,66,46,12,46,74,38,10,18,48,108,134,102,32,32,74,88,46,26,76,90,86,56,16,50,98,70,78,76,24,40,82,100,94,46,54,42,30,52,68,22,90,90,66,20,36,64,102,126,62,16,8,8,30,32,30,28,82,88,64,48,26,8,18,58,62,104,216,244,192,188,104,124,250,188,118,80,38,12,10,10,28,40,40,68,100,70,70,84,68,16,44,98,90,110,116,132,168,146,102,86,36,84,90,24,48,86,98,106,118,120,100,86,84,76,58,48,46,72,106,82,22,28,42,56,44,16,6,4,14,10,8,16,24,12,22,14,10,10,18,60,30,50,28,10,12,18,12,8,12,22,24,16,20,30,26,28,20,6,8,16,20,22,28,30,32,18,10,14,14,14,20,20,32,36,18,62,94,104,64,202
203,76,28,70,74,126,98,164,126,94,124,80,30,20,16,6,2,2,4,4,8,6,4,8,4,6,8,4,4,4,6,2,6,6,6,6,6,8,16,36,54,72,92,84,76,62,24,22,70,116,96,98,112,66,14,16,34,58,76,76,64,60,54,58,62,46,52,66,66,40,10,12,16,18,12,8,10,16,18,18,14,12,14,18,20,18,16,18,8,14,10,22,18,94,255,255,255,244,255,255,138,50,14,16,48,56,44,32,54,158,255,255,255,255,255,255,138,56,40,80,56,40,166,255,255,255,255,255,242,162,98,42,10,4,4,10,6,12,4,6,4,10,2,6,2,2,6,6,6,4,8,6,6,8,6,4,0,2,4,4,2,0,0,0,0,0,0,2,2,2,2,6,4,0,2,2,2,0,0,0,0,0,0,0,0,0,0,0,0,0,0,0,0,0,0,0,2,4,4,6,4,0,0,0,0,0,0,0,0,0,0,0,0,0,0,0,0,0,0,0,0,0,0,0,0,0,0,0,0,0,0,0,0,0,0,0,0,0,0,0,0,0,0,0,0,0,0,0,0,0,0,0,0,0,0,0,0,0,0,0,0,0,0,2,2,2,2,0,0,0,0,4,6,6,6,2,0,0,0,0,0,4,6,4,2,0,4,8,8,10,16,10,4,4,6,4,6,14,30,184,255,255,255,255,255,172,22,66,40,6,64,74,18,118,158,124,104,100,62,60,146,104,120,98,44,14,44,62,22,38,58,6,44,48,32,22,78,66,16,12,28,60,88,82,44,6,50,86,72,16,42,92,88,52,68,38,62,56,58,82,48,20,72,82,80,56,34,22,4,20,56,20,80,94,98,66,2,30,74,146,140,40,20,10,34,10,36,24,58,96,72,50,34,24,30,52,40,38,98,164,154,154,182,100,98,138,126,90,76,64,34,20,8,12,12,56,104,54,72,104,122,150,166,174,122,110,116,146,186,156,118,76,38,26,56,32,42,48,56,68,60,52,44,38,32,16,6,2,16,6,48,74,30,36,42,48,50,24,10,14,16,2,12,16,12,16,34,28,36,26,34,38,6,24,38,32,12,2,14,12,12,14,8,28,34,36,38,22,14,12,10,8,10,10,10,10,28,50,52,38,14,24,34,32,20,42,22,6,46,90,100,206
215,30,58,60,64,100,52,132,60,72,110,52,6,6,4,6,4,8,4,2,4,10,6,4,8,6,6,2,8,8,4,0,6,6,6,8,12,18,22,22,20,30,36,20,16,36,50,54,46,38,62,84,96,60,14,16,34,52,70,62,36,38,18,24,28,38,52,56,50,28,2,6,8,10,8,8,12,16,16,14,8,6,8,10,14,12,12,6,6,10,16,10,18,62,172,255,255,238,255,216,142,58,16,18,52,74,104,196,255,255,255,255,255,255,150,76,46,66,30,50,134,255,255,255,255,255,232,110,42,14,6,4,4,6,2,8,8,8,6,2,2,6,4,10,8,4,4,4,2,6,8,6,6,6,4,2,0,4,6,6,4,0,0,0,0,0,0,2,0,6,2,8,4,0,4,2,4,0,0,0,0,0,0,0,0,0,0,0,0,0,0,0,0,0,0,0,4,6,4,4,2,0,0,0,0,0,0,0,0,0,0,0,0,0,0,0,0,0,0,0,0,0,0,0,0,0,0,0,0,0,0,0,0,0,0,0,0,0,0,0,0,0,0,0,0,0,0,0,0,0,0,0,0,0,0,0,0,0,0,0,0,0,0,2,4,4,2,0,0,0,0,2,4,4,2,0,0,0,0,0,0,2,4,4,4,4,4,2,0,2,4,10,8,4,4,6,12,8,6,44,190,255,255,255,255,255,150,10,64,32,18,62,44,38,106,124,68,58,56,26,60,72,44,38,54,32,28,50,46,14,62,38,22,66,68,36,32,66,26,14,14,22,60,70,54,36,56,100,94,44,12,92,120,86,94,80,6,72,74,92,92,32,34,58,54,40,16,52,26,40,46,18,40,42,88,116,86,48,18,84,130,74,54,84,50,24,18,40,18,86,104,84,66,40,42,76,80,70,54,98,138,130,152,158,102,78,80,98,124,144,106,50,96,96,96,76,100,92,108,120,158,158,136,108,74,70,64,90,114,94,92,106,76,48,66,68,54,26,20,20,10,6,20,30,28,30,46,38,40,20,40,84,98,78,112,90,56,24,20,32,32,34,24,28,30,28,26,28,24,12,12,10,6,14,14,30,20,6,18,10,14,20,14,22,14,2,14,28,42,42,40,46,44,22,20,22,38,52,48,60,26,18,20,20,10,36,42,36,10,40,72,218
216,28,74,52,70,76,54,82,10,66,102,36,2,2,4,4,8,4,4,2,2,8,10,10,12,12,8,8,10,6,6,12,18,20,28,34,36,36,34,34,48,60,60,66,76,74,72,62,58,22,40,62,58,28,18,22,28,50,52,36,34,62,60,64,74,86,70,58,48,22,6,10,2,2,8,12,16,20,20,16,10,8,4,4,8,8,10,6,8,10,20,8,12,30,98,198,255,255,240,204,110,90,44,70,118,216,255,255,255,255,255,255,140,42,58,78,44,138,222,255,255,255,255,255,160,84,44,12,2,4,0,2,2,2,0,0,0,4,4,0,0,4,4,4,4,0,0,2,6,4,0,2,4,4,2,0,0,4,6,6,4,0,0,0,0,0,0,2,2,4,2,8,4,0,4,0,4,0,0,0,0,0,0,0,0,0,0,0,0,0,0,0,0,0,0,0,4,4,0,0,0,0,0,0,0,0,0,0,0,0,0,0,0,0,0,0,0,0,0,0,0,0,0,0,0,0,0,0,0,0,0,0,0,0,0,0,0,0,0,0,0,0,0,0,0,0,0,0,0,0,0,0,0,0,0,0,0,0,0,0,0,0,0,0,0,0,0,0,0,0,0,0,0,0,0,0,0,0,0,0,0,0,0,0,0,0,0,4,4,6,6,8,8,6,6,12,6,4,8,16,20,154,255,255,255,255,255,160,24,36,10,38,66,26,34,80,64,16,52,74,46,62,128,152,178,164,124,34,50,22,36,58,38,48,50,36,24,60,42,26,32,38,38,86,96,56,12,82,98,64,26,40,78,52,52,94,80,62,76,80,102,78,18,58,80,76,36,30,36,34,22,24,22,20,48,102,104,72,32,72,112,104,36,66,54,10,36,42,48,26,78,72,50,34,30,60,72,58,24,32,80,92,106,116,104,76,44,84,86,144,144,120,106,54,88,94,78,66,74,100,114,108,92,78,68,80,44,24,74,72,4,76,68,20,24,62,50,30,38,48,44,52,56,64,90,114,110,102,104,74,104,170,176,104,156,152,112,62,26,24,24,6,10,8,10,10,14,16,10,6,14,20,30,38,22,14,52,40,30,26,24,32,26,42,42,24,26,44,62,62,60,58,48,38,14,18,50,62,22,40,48,4,30,30,8,14,30,40,28,2,20,223
217,44,76,62,90,70,58,58,8,82,98,30,8,4,8,8,16,10,10,4,2,2,6,10,10,12,16,18,24,24,28,36,36,36,48,54,54,50,42,40,60,60,44,60,62,40,44,36,58,40,44,22,18,38,48,44,20,50,76,68,84,92,76,64,64,60,44,36,30,10,6,2,2,4,8,8,10,12,10,6,4,6,4,4,6,6,8,8,10,12,6,6,8,10,36,98,182,212,132,116,64,92,118,204,255,255,255,255,255,255,108,62,46,66,8,98,236,255,255,255,255,246,154,54,14,8,6,2,2,4,0,0,0,0,0,0,0,4,4,0,0,4,4,4,4,0,0,0,4,6,4,4,6,6,6,2,0,2,4,4,2,0,0,0,0,0,0,0,0,2,2,4,6,2,4,0,4,0,0,0,0,0,0,0,0,0,0,0,0,0,0,0,0,0,0,0,4,4,0,0,0,0,0,0,0,0,0,0,0,0,0,0,0,0,0,0,0,0,0,0,0,0,0,0,0,0,0,0,0,0,0,0,0,0,0,0,0,0,0,0,0,0,0,0,0,0,0,0,0,0,0,0,0,0,0,0,0,0,0,0,0,0,0,0,0,0,0,0,0,0,0,0,0,0,0,0,0,0,0,0,0,0,0,0,0,0,0,4,4,4,4,6,8,6,4,14,10,6,8,10,2,4,94,255,255,255,255,255,168,52,18,22,48,62,24,30,52,48,70,110,180,255,255,255,255,255,255,212,44,26,18,60,86,84,90,66,62,84,72,42,26,22,6,56,116,126,64,46,76,70,42,10,60,66,68,60,62,20,78,94,100,92,28,36,88,122,106,48,34,42,34,18,16,16,30,60,96,70,20,36,94,130,96,44,44,34,40,22,48,22,44,68,44,12,22,52,54,20,20,18,38,58,72,84,90,114,116,172,174,222,255,230,206,142,32,58,84,68,82,90,76,56,50,52,40,64,60,20,56,94,50,42,56,44,46,96,118,112,126,130,142,146,144,170,208,204,182,172,154,118,164,180,140,64,132,158,136,90,24,22,42,44,38,30,34,36,32,28,20,6,8,8,14,14,34,76,74,104,54,48,44,46,30,38,40,20,4,32,58,36,20,50,40,40,44,14,26,44,52,6,42,24,22,38,30,18,10,18,22,14,6,223
217,54,72,66,94,40,72,44,22,92,84,12,10,10,14,10,10,6,2,8,12,16,20,18,14,20,34,42,44,48,54,62,60,56,62,62,54,40,34,20,34,24,6,30,32,36,40,34,66,58,36,8,48,66,64,78,66,8,46,64,64,48,24,18,20,22,18,12,10,4,8,6,2,4,8,10,14,16,16,12,4,6,6,6,4,2,4,4,6,6,6,10,6,8,2,36,58,98,74,40,82,180,255,255,255,255,255,255,136,30,78,88,20,142,240,255,255,255,255,182,94,40,12,12,6,16,6,10,8,2,0,0,0,0,0,0,0,4,6,2,2,6,4,4,4,0,0,0,2,4,6,4,4,2,6,6,2,0,0,0,0,0,0,0,0,0,0,0,0,0,0,2,6,6,2,2,4,0,0,0,0,0,0,0,0,0,0,0,0,0,0,0,0,0,0,0,4,4,0,0,0,0,0,0,0,0,0,0,0,0,0,0,0,0,0,0,0,0,0,0,0,0,0,0,0,0,0,0,0,0,0,0,0,0,0,0,0,0,0,0,0,0,0,0,0,0,0,0,0,0,0,0,0,0,0,0,0,0,0,0,0,0,0,0,0,0,0,0,0,0,0,0,0,0,0,0,0,0,0,0,0,0,0,0,0,0,0,4,4,0,2,4,4,2,0,4,10,10,8,6,14,10,6,42,255,255,255,255,255,190,104,46,22,46,42,28,56,80,138,230,255,255,255,255,255,255,255,255,214,42,52,78,76,78,38,34,44,86,92,58,16,6,14,14,60,102,72,14,70,90,68,20,42,98,112,100,104,70,70,120,112,96,54,30,44,94,90,64,68,40,58,14,4,8,26,30,66,88,36,30,82,120,112,58,28,56,28,26,40,36,40,98,80,26,20,40,76,90,100,106,108,116,134,112,64,84,200,242,254,234,255,255,244,164,110,24,38,26,32,20,36,48,42,30,8,24,56,54,18,86,84,78,106,128,146,150,164,162,184,204,214,216,214,212,198,148,166,180,140,44,46,60,72,60,116,146,128,102,40,20,28,16,0,2,4,18,32,30,24,24,30,38,50,56,84,124,106,136,110,38,14,8,8,22,44,40,16,14,56,68,18,32,36,38,52,20,10,16,48,34,24,48,18,14,28,28,12,12,22,18,4,222
217,60,72,74,92,8,84,22,32,106,66,6,10,12,14,24,16,20,26,32,36,38,38,36,38,46,64,70,64,60,64,68,56,44,40,36,22,14,20,30,44,52,54,62,72,88,74,72,84,66,36,18,60,80,84,98,124,104,52,12,12,4,6,10,8,18,12,2,4,6,8,10,6,2,6,8,12,16,18,22,12,8,8,6,2,0,0,0,4,4,14,10,8,12,12,30,32,90,156,182,255,255,255,255,255,255,138,82,34,34,54,126,255,255,255,255,234,152,70,16,14,20,16,20,18,8,12,8,10,0,0,0,0,0,2,2,2,2,6,6,6,6,2,4,4,0,0,0,0,0,2,2,2,0,2,6,6,2,0,0,0,0,0,0,0,0,0,0,0,0,0,0,2,6,4,2,2,0,0,0,0,0,0,0,0,0,0,0,0,0,0,0,0,0,0,0,4,4,0,0,0,0,0,0,0,0,0,0,0,0,0,0,0,0,0,0,0,0,0,0,0,0,0,0,0,0,0,0,0,0,0,0,0,0,0,0,0,0,0,0,0,0,0,0,0,0,0,0,0,0,0,0,0,0,0,0,0,0,0,0,0,0,0,0,0,0,0,0,0,0,0,0,0,0,0,0,0,0,0,0,0,0,0,0,0,0,0,4,6,4,6,6,4,2,0,4,10,12,2,16,10,14,2,2,30,180,255,255,255,255,255,158,68,28,24,8,40,78,176,255,255,255,255,255,255,255,255,255,255,172,44,66,58,70,72,52,42,66,100,88,40,14,22,24,46,66,58,30,60,108,106,54,14,50,106,110,130,132,44,68,124,120,90,54,8,58,76,58,74,32,44,30,20,24,36,32,30,62,62,24,24,62,102,108,26,44,18,34,22,12,10,62,90,54,18,38,74,108,108,96,78,56,88,94,66,108,174,216,200,98,254,255,255,242,156,70,18,6,12,16,26,38,46,50,36,6,38,70,28,34,56,92,148,230,228,184,166,140,156,170,150,126,114,84,28,32,66,108,136,116,118,178,172,92,48,116,152,168,102,54,42,26,26,24,32,52,58,52,56,72,88,86,84,86,122,158,150,154,200,124,30,14,16,18,40,56,36,6,36,68,56,12,22,42,56,30,4,14,38,46,10,38,46,14,22,34,20,12,32,36,22,224
216,74,92,102,108,44,70,20,62,118,58,28,20,28,24,38,34,40,46,50,50,46,40,44,44,46,62,60,40,24,24,18,8,18,18,30,32,50,66,64,54,62,62,54,60,74,54,60,58,40,16,28,58,70,72,52,108,142,136,90,40,6,14,8,4,16,2,10,8,6,6,12,10,2,4,6,6,10,10,18,18,8,4,2,4,4,2,0,4,4,10,18,8,14,24,62,112,212,255,255,255,255,255,255,126,30,44,80,36,184,242,255,255,255,242,120,48,18,8,8,2,4,16,12,2,8,2,6,4,0,0,0,0,0,4,2,4,0,2,4,4,2,0,4,6,2,0,0,0,0,0,0,0,0,0,2,6,6,2,0,0,0,0,0,0,0,0,2,2,2,4,4,2,2,6,4,0,0,0,0,0,0,0,0,0,0,0,0,0,0,0,0,0,0,0,0,4,4,0,2,4,4,4,4,4,4,4,4,2,0,0,0,0,0,0,0,0,0,0,0,0,0,0,0,0,0,0,0,0,0,0,0,0,0,0,0,0,0,0,0,0,0,0,0,0,0,0,0,0,0,0,0,0,0,0,0,0,0,0,0,0,0,0,0,0,0,0,0,0,0,0,0,0,0,0,0,0,0,0,0,0,0,0,0,0,0,0,2,4,4,4,2,0,0,0,4,10,10,6,4,10,6,6,8,6,6,84,255,255,255,255,255,214,112,54,14,36,92,188,255,255,255,255,116,62,230,255,255,255,255,72,62,78,30,64,62,38,44,94,112,80,40,28,22,16,66,88,68,6,72,114,76,32,34,66,104,124,148,116,10,122,148,128,98,38,46,92,90,110,90,48,16,18,14,34,22,14,50,64,28,8,34,80,116,78,52,28,32,42,40,38,22,52,84,44,24,42,26,12,38,60,92,126,122,80,94,186,252,255,254,126,162,255,255,224,132,42,16,18,16,26,28,12,26,36,24,20,48,44,28,62,94,200,255,232,152,144,88,36,36,42,98,152,170,168,180,196,202,178,128,76,154,226,200,68,30,108,172,134,96,80,68,86,80,78,88,84,78,88,112,126,128,126,140,172,190,188,144,255,252,130,32,12,24,10,44,42,16,20,58,80,64,14,38,64,58,28,4,22,48,46,2,42,40,8,30,34,18,14,38,42,223
216,92,116,128,122,96,98,64,102,154,78,56,52,58,56,60,34,40,46,46,40,32,24,26,12,6,26,34,22,40,40,44,62,68,62,58,52,64,74,56,40,42,32,28,30,22,12,10,10,10,12,12,68,112,108,64,8,80,130,138,98,38,2,4,8,14,10,16,6,6,2,8,12,4,2,2,2,6,6,6,12,6,4,8,6,8,6,2,2,4,2,10,18,54,96,168,255,255,255,255,255,255,114,40,76,64,4,100,224,255,255,228,182,114,36,14,10,10,12,4,6,10,2,6,4,4,8,4,2,0,2,2,2,0,4,0,4,0,0,0,0,0,0,2,6,6,2,0,0,0,0,0,0,0,0,0,2,6,4,0,0,0,0,0,0,0,0,4,2,6,6,6,4,0,4,4,0,0,0,0,0,0,0,0,0,0,0,0,0,0,0,0,0,0,0,0,4,4,0,4,6,4,4,4,4,4,4,6,4,0,0,0,0,0,0,0,0,0,0,0,0,0,0,0,0,0,0,0,0,0,0,0,0,0,0,0,0,0,0,0,0,0,0,0,0,0,0,0,0,0,0,0,0,0,0,0,0,0,0,0,0,0,0,0,0,0,0,0,0,0,0,0,0,0,0,0,0,0,0,0,0,0,0,0,0,0,0,0,0,0,2,4,4,4,4,2,2,14,12,4,4,4,6,4,4,4,18,28,255,255,255,255,255,238,130,48,24,78,222,255,255,255,28,8,8,26,170,255,255,255,255,36,96,108,34,14,10,18,66,100,88,50,20,20,16,54,98,118,84,36,68,88,62,34,16,90,100,88,92,52,76,136,134,124,74,18,88,118,126,110,66,46,60,50,60,76,56,70,100,68,34,20,54,86,100,78,40,52,42,22,10,44,56,136,140,104,70,62,114,132,142,146,130,98,52,38,140,240,255,255,255,222,178,208,204,162,86,42,44,46,18,10,6,8,24,30,24,18,22,52,96,90,186,234,92,60,114,158,156,176,190,224,240,226,212,202,182,156,120,74,32,54,148,176,110,38,44,104,124,134,132,118,100,92,80,94,100,110,136,170,178,190,174,164,188,168,158,122,208,255,194,78,14,46,24,24,46,48,28,12,54,76,48,14,56,68,66,48,16,26,50,24,26,64,50,18,26,42,26,10,26,220
215,110,124,156,134,128,86,72,112,160,98,70,68,62,46,54,34,28,22,10,8,12,18,22,36,38,46,60,64,76,70,70,74,64,48,44,44,48,44,18,12,12,14,8,4,8,12,10,18,24,10,10,28,86,124,140,100,18,60,132,150,106,42,10,6,14,6,6,14,16,12,8,6,2,8,10,8,6,8,6,4,8,4,6,2,8,2,2,2,2,14,36,66,138,255,255,255,255,255,255,150,28,80,134,34,128,220,252,255,255,128,40,28,12,16,14,6,6,8,12,6,2,14,18,12,10,12,10,6,4,6,4,4,0,4,0,4,0,0,0,0,0,0,0,2,6,6,4,4,4,2,0,0,0,0,2,4,6,4,0,0,0,0,0,0,0,0,4,2,6,6,6,4,2,6,2,4,4,2,0,0,0,0,0,0,0,0,0,2,4,6,6,2,2,0,0,4,6,4,4,4,4,4,4,4,4,4,6,4,0,0,0,0,0,0,0,0,0,0,0,0,0,0,0,0,0,0,0,0,0,0,0,0,0,0,0,0,0,0,0,0,0,0,0,0,0,0,0,0,0,0,0,0,0,0,0,0,0,0,0,0,0,0,0,0,0,0,0,0,0,0,0,0,0,0,0,0,0,0,0,0,0,0,0,0,0,0,0,0,0,2,2,0,0,0,6,8,8,8,10,8,12,12,6,8,16,16,12,8,174,255,255,255,255,255,118,24,76,224,255,255,180,14,4,18,2,38,238,255,255,255,188,14,114,70,14,12,20,46,82,88,72,54,34,20,20,48,82,74,28,60,100,82,54,38,46,110,128,134,108,6,96,114,120,90,46,38,82,92,76,92,74,50,42,30,44,12,18,72,86,80,46,20,48,82,112,66,38,30,68,116,168,152,166,194,172,110,120,148,134,112,82,54,38,36,36,64,162,255,255,255,246,158,158,122,156,124,52,36,50,44,12,10,2,6,8,8,12,42,58,132,150,196,210,106,162,190,206,178,138,160,192,168,136,120,96,64,52,36,20,18,10,78,134,144,102,44,44,80,120,126,100,88,54,30,74,102,116,128,138,128,116,52,40,26,26,62,86,104,174,182,98,38,36,22,22,44,62,60,30,14,52,64,32,48,66,68,66,32,20,30,34,20,38,64,34,6,26,32,14,30,219
214,124,142,214,144,178,84,48,92,104,64,56,52,28,16,30,20,14,24,32,42,48,46,48,46,34,32,40,52,54,46,38,32,20,12,12,18,18,8,4,8,8,4,2,6,8,12,10,12,10,2,12,8,16,46,108,138,106,44,60,140,150,100,42,8,6,4,6,14,8,10,4,4,4,14,14,10,8,6,4,10,20,16,18,8,16,12,12,6,22,56,124,224,255,255,255,255,255,184,50,68,90,54,98,210,255,255,198,140,84,14,6,4,6,6,0,4,4,2,8,10,8,8,10,6,0,6,10,8,4,4,4,4,0,4,2,4,0,0,0,0,0,0,0,0,2,4,4,4,6,4,0,0,0,0,4,6,4,2,2,4,4,4,4,4,4,4,2,2,2,4,4,2,4,6,2,6,6,4,0,0,0,0,0,0,0,0,0,2,4,6,8,6,4,0,0,2,4,4,4,4,4,4,4,4,4,4,4,2,0,0,0,0,0,0,0,0,0,0,0,0,0,0,0,0,0,0,0,0,0,0,0,0,0,0,0,0,0,0,0,0,0,0,0,0,0,0,0,0,0,0,0,0,0,0,0,0,0,0,0,0,0,0,0,0,0,0,0,0,0,0,0,0,0,0,0,0,0,0,0,0,0,0,0,0,0,0,0,0,0,2,4,4,4,4,4,2,8,8,4,0,2,2,8,12,8,10,10,8,4,106,255,255,255,255,255,144,36,255,255,255,172,18,6,24,10,8,78,255,255,255,255,110,66,102,42,22,24,22,58,80,114,74,14,8,10,20,52,78,42,40,92,82,58,52,10,90,152,178,170,94,42,84,124,114,70,30,42,66,82,106,86,30,20,26,40,20,24,34,36,74,64,30,38,38,80,82,56,66,126,196,216,172,176,224,224,152,130,114,90,58,44,20,52,94,110,98,80,134,186,210,194,160,72,92,136,120,86,48,16,42,24,10,6,10,6,2,22,34,18,100,154,232,240,120,130,118,114,98,44,72,104,72,46,34,14,16,16,10,14,12,10,56,114,144,140,90,48,36,28,62,54,82,74,22,72,56,40,46,76,102,116,136,162,148,160,164,180,164,178,144,104,48,36,42,28,36,52,62,52,24,28,80,72,8,40,50,70,58,6,24,40,66,30,34,44,22,26,76,96,82,213
213,110,136,204,58,138,46,62,144,96,34,48,62,38,44,68,58,46,46,46,48,44,40,40,30,28,22,20,18,16,10,2,6,6,4,4,4,4,6,2,4,4,2,6,4,4,10,14,10,6,4,8,10,8,4,42,104,140,134,52,64,144,150,102,44,8,4,8,10,10,6,4,6,12,16,10,4,12,6,6,4,8,8,16,6,14,12,30,48,94,178,255,255,255,255,255,255,114,90,116,4,112,160,232,255,248,144,40,2,16,8,4,4,6,8,6,6,8,8,12,12,10,8,8,6,2,0,4,4,0,0,4,6,4,6,6,2,0,0,0,0,0,0,0,0,0,0,0,0,4,4,0,0,0,0,4,6,2,0,4,6,4,4,4,4,4,4,6,4,0,0,0,0,4,4,4,4,4,4,0,0,0,0,0,0,0,0,0,2,6,8,10,6,4,0,0,0,0,0,4,4,0,0,0,0,0,0,0,0,0,0,0,0,0,0,0,0,0,0,0,0,0,0,0,0,0,0,0,0,0,0,0,0,0,0,0,0,0,0,0,0,0,0,0,0,0,0,0,0,0,0,0,0,0,0,0,0,0,0,0,0,0,0,0,0,0,0,0,0,0,0,0,0,0,0,0,0,0,0,0,0,0,0,0,0,0,0,0,0,0,0,0,0,0,0,0,0,0,0,0,0,0,0,4,6,4,2,0,0,0,0,58,255,255,255,255,255,140,242,255,255,252,28,16,6,18,18,30,146,255,255,255,255,34,102,98,60,42,14,38,88,128,134,70,20,16,6,54,116,114,44,42,80,80,62,20,30,80,136,164,140,66,38,116,128,104,66,20,62,108,138,132,94,46,24,14,24,30,16,18,72,84,64,34,4,18,56,76,78,160,224,214,168,184,236,240,166,88,72,52,40,74,82,110,136,124,102,74,68,88,138,126,92,96,128,178,140,102,74,32,40,30,16,8,16,24,32,44,74,42,42,86,180,224,142,70,50,94,104,106,112,76,30,8,12,6,14,22,12,14,4,16,18,62,84,96,82,68,92,60,62,68,92,116,72,128,152,136,112,114,136,150,164,166,150,154,156,160,162,166,128,80,72,14,64,48,22,18,36,46,34,16,68,102,60,22,52,72,94,46,14,20,48,60,8,50,42,78,140,132,84,200
214,100,136,200,76,224,136,162,186,114,76,96,104,70,66,76,48,26,24,24,24,18,18,14,16,14,12,6,2,8,10,6,4,4,4,4,4,4,4,0,4,4,4,6,2,4,8,10,12,12,6,10,10,8,4,10,40,92,146,140,46,82,152,154,96,30,4,14,8,6,8,12,12,16,8,6,8,6,12,16,6,26,34,40,30,36,56,104,168,255,255,255,255,255,255,180,74,34,86,102,196,255,248,192,142,74,16,22,12,16,12,6,2,4,6,4,6,6,6,8,6,4,4,4,2,0,0,4,4,0,0,2,4,4,4,6,4,0,0,0,0,0,0,0,0,0,0,0,0,4,4,0,0,0,0,2,6,6,2,4,4,0,0,0,0,2,4,6,4,0,0,0,0,4,4,4,4,4,4,0,0,0,0,0,0,0,0,0,0,2,6,8,4,4,0,0,0,0,0,4,6,4,4,4,4,4,4,4,2,0,0,0,0,0,0,0,0,0,0,0,0,0,0,0,0,0,0,0,0,0,0,0,0,0,0,0,0,0,0,0,0,0,0,0,0,0,0,0,0,0,0,0,0,0,0,0,0,0,0,0,0,0,0,0,0,0,0,0,0,0,0,0,0,0,0,0,0,0,0,0,0,0,0,0,0,0,0,0,0,0,0,0,0,0,0,0,0,0,0,0,0,0,0,2,4,6,6,4,2,0,0,4,22,252,255,255,255,255,114,255,255,255,110,10,4,4,12,8,36,238,255,255,255,186,16,76,52,36,68,74,116,114,108,88,22,6,12,24,72,102,74,14,66,98,92,48,14,26,80,116,124,108,68,86,70,86,78,22,36,72,104,110,84,44,14,24,28,50,28,14,44,58,60,42,16,4,44,88,128,168,208,186,114,116,160,164,110,60,78,74,90,90,66,58,60,42,34,28,30,50,94,124,204,184,190,255,220,154,96,56,42,46,40,26,26,14,12,10,48,50,20,38,98,142,128,98,32,58,86,122,148,110,62,26,12,4,10,20,18,30,16,30,20,46,76,100,88,56,74,68,54,80,104,120,86,82,138,146,118,114,116,116,122,118,112,108,102,112,128,124,80,36,116,100,8,52,30,12,36,48,50,34,20,68,86,82,96,110,120,96,54,18,16,56,44,22,66,122,146,100,58,197
208,90,106,166,134,196,96,140,138,76,66,74,68,32,32,26,8,2,4,8,10,8,10,12,14,12,14,12,8,10,12,8,2,4,4,4,4,4,4,0,4,6,6,4,0,4,8,6,8,12,6,8,8,6,2,2,0,28,98,168,154,36,82,158,148,76,22,14,6,12,16,16,12,14,10,10,16,10,8,12,6,26,42,68,78,90,120,226,255,255,255,255,255,255,52,44,20,38,124,198,240,200,110,38,12,20,18,12,12,14,2,8,6,6,4,4,6,2,2,6,6,4,4,4,2,0,0,4,4,0,0,0,2,4,4,8,6,0,0,0,0,0,0,0,0,0,0,0,0,4,4,0,0,0,0,0,2,6,6,6,4,0,2,4,4,6,6,4,2,0,0,0,0,4,4,4,4,4,6,4,2,0,0,0,0,0,0,0,0,0,2,6,2,4,0,0,0,0,0,2,4,4,4,4,4,4,4,6,6,4,4,2,0,0,0,0,0,0,0,0,0,0,0,0,0,0,0,0,0,0,0,0,0,0,0,0,0,0,0,0,0,0,0,0,0,0,0,0,0,0,0,0,0,0,0,0,0,0,0,0,0,0,0,0,0,0,0,0,0,0,0,0,0,0,0,0,0,0,0,0,0,0,0,0,0,0,0,0,0,0,0,0,0,0,0,0,0,0,0,0,0,0,0,0,0,2,4,6,4,0,0,4,22,6,172,255,255,255,255,222,255,255,255,38,18,2,4,14,20,66,255,255,255,255,90,60,72,72,68,28,72,114,90,86,48,8,2,16,36,62,76,52,54,106,118,80,46,12,44,94,120,134,122,86,30,52,92,66,8,32,64,78,66,46,30,24,44,94,94,78,106,100,72,38,10,6,20,64,140,234,255,232,146,154,192,172,80,18,64,70,158,180,142,110,90,62,46,26,16,52,114,198,240,124,82,210,236,182,100,58,28,44,40,32,6,28,26,24,16,50,44,20,66,96,78,74,52,14,54,114,150,118,78,36,16,8,12,18,10,26,20,26,16,26,56,102,142,112,78,54,40,112,128,104,60,30,58,98,92,104,92,88,78,62,54,40,34,32,16,78,126,130,124,186,138,60,88,82,92,102,92,66,28,60,94,108,72,126,120,88,60,32,8,42,66,50,68,92,108,88,64,189
206,66,90,104,142,122,46,116,90,30,24,24,12,10,10,6,4,0,2,4,8,8,8,10,12,12,12,8,4,6,6,6,4,6,4,4,6,4,6,4,6,8,6,0,2,6,8,4,4,8,2,4,6,4,0,4,4,4,30,114,178,128,18,92,148,124,60,10,10,16,32,34,32,42,56,64,58,46,28,10,18,42,68,102,128,186,255,255,255,255,255,255,178,14,46,36,90,156,156,154,104,50,12,12,4,4,2,8,16,6,8,6,8,6,4,6,4,0,2,10,10,4,4,6,6,2,0,4,4,0,0,2,6,6,4,10,10,4,4,4,4,4,4,4,2,0,0,0,0,4,4,0,0,0,0,0,0,2,4,4,2,0,4,6,4,4,2,0,0,0,0,0,0,4,4,4,4,2,4,6,6,2,0,2,2,2,0,0,0,0,0,4,0,4,0,0,0,0,0,0,0,0,0,0,0,0,0,2,4,4,6,6,2,0,0,0,0,0,0,0,0,0,0,0,0,0,0,0,0,0,0,0,0,0,0,0,0,0,0,0,0,0,0,0,0,0,0,0,0,0,0,0,0,0,0,0,0,0,0,0,0,0,0,0,0,0,0,0,0,0,0,0,0,0,0,0,0,0,0,0,0,0,0,0,0,0,0,0,0,0,0,0,0,0,0,0,0,0,0,0,0,0,0,0,0,0,0,4,6,4,2,4,16,22,12,120,255,255,255,255,255,255,255,174,4,12,6,16,28,46,146,255,255,255,214,20,148,126,50,38,10,136,138,106,88,34,28,36,38,46,72,66,8,64,104,94,74,42,12,62,82,90,102,94,54,16,80,108,70,28,46,76,88,94,102,108,140,156,134,100,100,64,20,16,24,42,58,56,58,186,255,255,255,255,255,234,128,134,110,46,54,96,96,100,96,74,64,42,6,16,68,182,255,238,74,122,144,142,78,42,14,20,14,32,20,18,8,26,30,32,46,34,48,120,106,90,70,22,22,64,108,126,110,74,34,6,12,26,26,18,12,16,24,18,4,32,98,108,84,118,90,108,152,128,80,52,12,24,30,22,16,30,56,70,62,70,74,64,148,208,216,214,172,250,254,156,128,104,98,124,110,64,28,36,100,124,48,72,124,94,54,40,16,4,48,98,88,68,66,58,38,174
207,78,98,38,126,62,38,120,70,12,8,8,4,4,2,2,4,4,6,6,2,0,0,2,4,4,4,2,2,6,6,6,0,6,2,2,6,4,8,6,4,6,4,4,2,8,8,6,8,10,4,6,10,8,4,8,0,8,16,32,124,152,94,32,88,126,96,42,48,60,68,74,76,86,106,104,104,100,68,28,24,62,110,166,236,255,255,255,255,255,196,34,32,16,44,96,158,150,64,26,4,8,8,10,4,6,6,10,16,14,10,2,6,6,6,6,2,0,4,10,6,0,0,2,6,6,4,4,4,4,4,6,6,2,0,6,8,4,4,4,4,4,4,6,4,0,0,0,0,4,4,0,0,0,0,0,0,0,0,0,0,0,4,6,2,0,0,0,0,0,0,0,0,4,4,4,4,0,0,2,6,6,2,4,4,6,2,0,0,0,0,4,0,4,0,0,0,0,0,0,0,0,0,0,0,0,0,0,0,0,2,6,4,0,0,2,4,4,4,4,4,4,4,4,2,0,0,0,0,0,0,0,0,0,0,0,0,0,0,0,0,0,0,0,0,0,0,0,0,0,0,0,0,0,0,0,0,0,0,0,0,0,0,0,0,0,0,0,0,0,0,0,0,0,0,0,0,0,0,0,0,0,0,0,0,0,0,0,0,0,0,0,0,0,0,0,0,0,0,0,0,0,0,0,0,0,0,2,4,6,6,6,2,12,18,10,40,255,255,255,255,255,255,255,56,14,8,20,8,36,58,242,255,255,255,168,46,130,38,30,54,90,138,102,92,68,26,10,18,46,88,118,90,20,56,84,94,82,36,10,2,6,32,58,60,20,28,88,100,44,20,62,84,100,116,116,108,84,46,2,26,56,90,90,106,130,126,108,56,64,182,224,214,234,246,214,186,224,212,154,182,180,126,88,72,66,62,34,10,10,32,102,208,230,168,198,214,156,68,26,14,20,22,22,26,26,4,38,46,16,28,40,10,78,130,144,120,56,68,46,66,148,160,142,88,32,18,16,14,16,10,12,12,22,20,10,56,100,110,104,36,36,116,136,96,76,52,22,46,106,162,198,228,214,198,172,148,114,194,208,204,236,200,246,255,220,118,86,80,122,132,76,38,22,84,116,72,42,164,182,126,84,48,26,12,78,114,118,112,106,94,180
201,76,84,18,114,26,40,112,44,10,20,10,10,6,6,6,2,0,2,4,2,2,4,2,4,6,6,4,2,4,4,4,2,4,0,0,2,2,6,4,0,4,4,4,0,8,8,8,10,10,6,6,12,12,8,16,12,22,22,32,48,114,118,56,48,76,94,72,82,90,84,92,88,78,92,74,88,102,72,46,48,110,198,255,255,255,255,255,255,106,70,72,32,110,132,122,110,46,14,14,6,4,8,10,4,4,0,6,12,14,12,4,8,8,8,6,4,2,4,10,8,4,4,4,0,4,4,4,4,4,4,4,2,0,0,4,4,0,0,0,0,0,0,4,4,0,0,0,0,4,4,0,0,0,0,0,0,0,0,2,2,2,2,6,6,2,0,0,0,0,0,0,0,4,4,4,4,0,0,0,2,6,4,6,6,8,6,2,0,0,0,4,0,4,0,0,0,0,0,0,0,0,0,0,0,0,0,0,0,0,0,4,4,0,0,4,6,4,4,4,4,4,4,6,4,0,0,0,0,0,0,0,0,0,0,0,0,0,0,0,0,0,0,0,0,0,0,0,0,0,0,0,0,0,0,0,0,0,0,0,0,0,0,0,0,0,0,0,0,0,0,0,0,0,0,0,0,0,0,0,0,0,0,0,0,0,0,0,0,0,0,0,0,0,0,0,0,0,0,0,0,0,0,0,0,0,0,0,0,2,4,6,6,6,2,18,2,46,255,255,255,255,255,255,168,8,8,8,4,20,46,94,255,255,255,255,102,80,82,26,52,108,102,72,60,62,32,20,26,28,44,82,100,50,24,72,98,96,56,30,42,42,26,44,72,48,12,26,66,62,16,22,40,34,30,8,30,54,80,102,92,112,118,120,150,158,124,132,110,36,68,118,116,114,118,102,112,188,222,172,124,72,26,72,96,90,84,54,12,4,28,88,144,160,154,202,208,122,42,14,30,36,34,18,32,56,36,16,34,34,46,76,74,20,64,128,148,98,4,68,80,138,168,176,124,46,14,20,18,12,2,8,4,18,28,22,36,116,154,116,52,22,92,180,164,132,98,36,78,154,194,224,244,198,224,194,148,84,120,122,116,118,44,62,142,168,132,82,88,160,194,132,74,22,76,130,132,80,58,156,158,122,72,34,16,28,92,126,122,104,72,190
200,78,74,46,94,4,62,116,30,4,12,6,4,8,2,4,0,0,2,4,4,4,2,2,8,8,6,2,4,4,4,6,4,4,2,4,4,4,6,2,4,8,10,4,2,8,8,8,14,22,26,24,14,18,34,38,38,48,50,54,44,28,92,74,26,34,48,52,76,74,62,60,28,12,22,24,74,84,42,38,132,255,255,255,255,255,255,194,16,74,30,70,144,146,90,42,20,14,16,12,0,8,8,10,4,6,2,6,6,4,6,4,4,0,0,0,2,2,2,8,10,6,4,4,2,4,6,10,8,4,2,0,2,4,4,6,4,2,4,4,4,6,8,6,2,2,0,2,4,8,8,4,4,4,4,4,2,0,2,4,2,2,0,2,4,2,0,0,0,0,0,0,0,4,6,6,4,0,0,0,0,4,4,6,6,6,4,2,0,0,0,4,2,4,0,0,0,0,0,0,0,0,0,0,0,0,0,0,0,0,0,4,6,4,4,4,4,4,4,4,4,4,4,6,4,0,0,0,0,0,0,0,0,0,0,0,0,0,0,0,0,0,0,0,0,0,0,0,0,0,0,0,0,0,0,0,0,0,0,0,0,0,0,0,0,0,0,0,0,0,0,0,0,0,0,0,0,0,0,0,0,0,0,0,0,0,0,0,0,0,0,0,0,0,0,0,0,0,0,0,0,0,0,0,0,0,0,0,0,0,0,10,8,2,10,2,20,12,64,255,255,255,255,224,188,50,12,12,10,8,26,50,154,255,255,255,208,20,146,102,172,142,108,78,42,42,40,30,12,10,18,44,76,70,38,48,74,72,44,10,10,10,20,30,84,98,56,22,22,62,48,28,26,62,118,144,142,120,116,112,98,112,88,102,118,70,48,84,100,92,64,44,42,12,32,58,8,74,118,136,94,40,40,66,108,90,64,50,26,12,24,72,106,86,94,150,134,78,66,32,24,42,12,56,26,52,78,50,90,114,116,136,144,104,50,48,94,116,68,44,2,32,88,132,118,70,34,14,22,32,42,58,68,76,82,66,22,72,180,184,112,70,52,138,174,144,124,64,62,136,144,152,154,86,154,168,116,40,64,132,156,198,214,198,150,100,70,4,34,94,162,158,122,70,30,116,168,176,78,60,144,156,108,44,24,14,50,98,112,114,96,178
199,92,62,64,68,2,88,108,18,10,8,2,2,4,2,2,0,0,2,4,6,6,2,6,10,6,4,2,2,2,4,4,6,6,6,6,4,4,4,2,6,6,10,8,4,6,8,10,22,32,28,32,40,64,68,58,66,72,68,74,68,54,36,60,12,26,42,68,60,34,10,22,80,84,94,96,84,46,38,162,255,255,255,255,255,255,80,70,74,20,112,148,116,58,8,6,8,4,4,6,8,4,4,8,2,4,4,8,2,8,4,2,2,0,2,4,4,2,0,2,6,4,4,6,2,6,8,8,2,2,2,2,6,6,4,6,6,6,6,4,4,8,10,10,4,6,2,2,4,6,4,6,8,4,4,6,4,0,4,2,4,2,0,4,6,2,0,0,0,0,0,0,0,2,4,4,2,0,0,0,0,4,4,4,6,6,4,2,0,0,0,2,0,2,0,0,0,0,0,0,0,0,0,0,0,0,0,0,0,0,0,2,4,4,4,4,4,4,4,4,4,4,4,4,2,0,0,0,0,0,0,0,0,0,0,0,0,0,0,0,0,0,0,0,0,0,0,0,0,0,0,0,0,0,0,0,0,0,0,0,0,0,0,0,0,0,0,0,0,0,0,0,0,0,0,0,0,0,0,0,0,0,0,0,0,0,0,0,0,0,0,0,0,0,0,0,0,0,0,0,0,0,0,0,0,0,0,0,0,0,0,2,2,4,4,8,2,8,6,36,176,255,240,206,152,54,10,6,12,4,10,24,54,255,255,255,255,112,40,94,138,134,106,98,40,18,56,48,14,32,22,28,70,100,86,92,116,88,54,32,38,46,28,20,48,84,60,26,14,38,34,28,44,110,170,190,154,144,110,80,38,16,10,56,100,80,82,110,136,110,44,22,52,62,46,80,56,14,32,78,94,64,62,34,112,130,96,78,50,16,8,40,80,66,40,54,34,16,58,58,2,52,48,30,84,48,22,60,112,126,102,102,172,158,72,20,44,88,94,44,28,48,88,100,98,92,78,62,102,126,150,164,160,148,158,138,92,12,106,178,160,132,94,24,138,152,120,80,30,146,146,132,136,94,148,178,168,124,102,172,194,200,218,226,230,206,146,118,92,62,66,128,150,124,46,40,96,130,108,38,98,158,150,94,50,30,22,42,74,118,146,188
198,90,28,92,54,12,106,88,4,0,4,6,6,4,0,0,0,0,0,2,8,10,8,10,6,0,0,2,4,4,6,4,6,4,4,0,4,4,4,4,4,4,6,4,6,8,6,26,44,48,62,72,104,126,100,84,76,82,76,80,74,100,58,62,40,46,62,40,18,32,60,94,122,88,86,68,60,82,230,255,255,255,255,255,198,6,62,12,72,130,142,94,28,8,4,8,6,2,0,2,4,8,10,8,4,6,6,6,2,6,8,8,8,8,8,6,2,0,2,2,4,4,4,4,4,4,4,2,6,4,4,6,6,2,0,4,6,4,2,0,0,4,6,10,8,6,6,6,8,8,8,10,6,0,0,4,4,0,4,0,4,0,0,4,4,0,0,0,0,0,0,0,0,0,0,0,0,0,0,0,0,4,4,0,0,0,0,0,0,0,0,4,4,6,4,2,0,0,0,0,0,0,0,0,0,0,0,2,4,4,4,4,4,4,4,6,4,0,0,0,0,0,0,0,0,0,0,0,0,0,0,0,0,0,0,0,0,0,0,0,0,0,0,0,0,0,0,0,0,0,0,0,0,0,0,0,0,0,0,0,0,0,0,2,4,4,4,4,4,4,4,4,2,0,0,0,0,0,0,0,0,0,0,0,0,0,0,0,0,0,0,0,0,0,0,0,0,0,0,0,0,0,0,0,0,0,0,0,0,0,0,0,0,4,4,4,6,4,6,6,18,90,130,100,90,44,16,0,10,10,8,16,32,90,255,255,255,226,70,30,50,104,52,94,54,18,58,76,34,10,16,28,72,126,138,126,120,74,42,18,12,8,12,2,14,42,54,38,32,42,24,6,28,96,142,128,56,66,46,66,102,94,94,98,114,92,66,92,120,86,24,32,64,64,30,64,76,42,6,42,72,84,92,54,44,108,112,92,70,28,22,24,56,80,26,58,88,58,20,44,32,36,72,58,22,90,76,78,126,130,114,96,162,200,140,46,34,84,88,50,18,54,72,116,136,130,120,146,188,210,216,202,170,168,166,152,114,64,4,86,128,126,98,40,94,172,150,92,12,120,210,220,218,238,255,255,218,156,128,144,162,142,126,132,158,180,166,132,86,22,42,102,148,156,110,26,58,130,162,104,44,98,152,142,98,54,10,24,50,96,122,195
196,96,10,96,28,24,114,72,2,2,6,4,4,6,2,0,0,0,2,6,10,10,10,10,6,4,2,2,4,4,4,2,2,0,0,2,4,4,4,4,4,4,4,4,6,8,4,28,46,88,150,166,164,146,126,128,70,60,64,82,78,106,88,64,72,60,22,36,56,68,82,90,78,24,28,56,160,255,255,255,255,255,255,78,40,14,50,96,114,104,64,14,2,4,6,6,2,4,4,6,6,6,10,10,14,6,16,16,10,10,12,12,8,8,8,8,6,2,4,2,2,4,4,6,6,4,4,0,4,2,6,6,2,0,0,4,4,0,0,0,0,2,4,8,6,2,4,6,8,8,8,6,2,0,0,4,4,0,4,0,4,0,0,4,4,0,0,0,0,0,0,0,0,0,0,0,0,0,0,0,0,4,4,0,0,0,0,0,0,0,0,4,4,4,6,4,0,0,0,0,0,0,0,0,0,0,0,4,6,4,4,4,4,4,4,4,2,0,0,0,0,0,0,0,0,0,0,0,0,0,0,0,0,0,0,0,0,0,0,0,0,0,0,0,0,0,0,0,0,0,0,0,0,0,0,0,0,0,0,0,0,0,0,4,6,4,4,4,4,4,4,6,4,0,0,0,0,0,0,0,0,0,0,0,0,0,0,0,0,0,0,0,0,0,0,0,0,0,0,0,0,0,0,0,0,0,0,0,0,0,0,0,0,4,6,4,4,4,4,2,6,16,40,46,26,18,14,12,16,12,4,10,20,42,148,255,255,255,182,68,68,126,72,56,78,30,26,66,46,28,30,38,42,40,66,48,10,46,62,66,58,42,32,26,26,30,48,52,32,28,16,16,46,118,156,132,70,134,138,130,92,38,24,32,38,30,10,52,80,52,24,20,76,64,12,52,90,98,32,30,86,134,136,114,52,36,90,86,80,64,24,12,8,62,76,16,50,64,20,40,48,18,46,80,52,46,124,138,84,100,132,80,114,168,218,154,36,66,84,88,42,34,80,154,220,220,186,204,210,188,150,120,108,148,160,152,126,86,38,44,118,156,144,82,22,116,194,144,70,28,136,196,186,194,184,158,124,90,62,46,48,60,50,54,54,96,126,126,112,72,10,46,98,138,132,94,22,76,134,110,40,72,166,176,150,120,60,26,30,76,126,194
194,94,22,90,12,48,118,50,0,4,6,2,2,6,4,0,0,2,6,8,10,10,10,10,6,8,4,4,6,4,4,6,4,0,0,2,6,6,4,6,4,0,2,6,8,8,4,28,52,96,180,204,156,112,88,112,84,2,40,74,56,56,28,28,28,12,34,52,36,36,52,46,30,44,120,220,255,255,255,255,255,210,34,62,56,100,118,94,74,44,6,18,14,8,2,6,12,10,6,4,2,2,4,4,10,6,16,16,12,12,12,10,8,8,8,8,8,4,4,0,0,4,2,4,4,2,4,2,8,6,6,2,0,0,0,4,4,0,0,0,0,0,0,4,4,0,0,2,4,4,4,6,4,0,0,4,4,0,4,0,4,0,0,4,4,0,0,0,0,0,0,0,0,0,0,0,0,0,0,0,0,4,4,0,0,0,0,0,0,0,0,4,4,2,6,4,0,0,0,0,0,0,0,0,0,0,0,4,4,0,0,0,0,0,0,0,0,0,0,0,0,0,0,0,0,0,0,0,0,0,0,0,0,0,0,0,0,0,0,2,4,4,4,4,4,4,4,4,4,4,4,4,4,4,4,4,4,4,4,4,4,4,4,4,4,4,4,4,4,4,4,6,4,0,0,0,0,0,0,0,0,0,0,0,0,0,0,0,0,0,0,0,0,0,0,0,0,0,0,0,0,0,0,0,0,0,0,0,0,0,0,0,0,2,6,6,4,4,2,8,8,8,16,10,12,16,10,6,6,2,6,8,8,92,180,236,255,255,255,144,46,72,118,24,78,70,26,36,54,32,6,4,22,26,38,64,132,180,154,162,130,82,30,18,18,18,8,32,48,28,4,22,12,98,170,182,120,136,72,16,50,64,68,64,58,56,24,62,78,64,36,10,54,88,46,28,56,90,50,54,56,108,120,114,74,12,80,104,108,98,62,48,36,24,70,70,10,58,56,10,64,36,20,72,96,40,78,174,184,158,138,38,34,82,198,214,106,40,60,78,110,148,218,236,255,255,214,136,126,80,28,26,60,102,108,114,106,72,38,18,98,192,236,174,100,20,140,156,98,66,40,50,60,46,36,32,30,16,10,26,26,22,8,12,16,44,96,136,142,106,58,54,70,80,66,92,114,126,128,112,124,110,162,202,190,188,148,118,122,150,168,184
192,80,44,84,6,78,114,30,2,6,4,0,0,4,6,2,4,6,6,6,10,8,6,8,2,8,4,4,4,0,0,4,4,0,0,2,4,8,8,8,6,4,6,8,8,8,6,34,44,98,180,124,54,90,64,56,68,46,56,52,60,78,26,34,56,68,78,72,46,44,52,34,54,158,255,255,255,255,255,255,84,26,40,66,138,120,50,18,16,16,16,14,8,18,12,12,10,10,6,4,2,4,8,6,4,0,10,10,2,4,4,2,4,6,6,4,6,4,4,0,0,4,0,0,0,0,4,4,10,4,2,0,0,0,0,4,6,4,4,4,4,4,2,4,4,0,0,0,0,0,0,4,4,0,0,4,4,0,4,0,4,0,0,4,4,0,0,0,0,0,0,0,0,0,0,0,0,0,0,0,0,4,4,0,0,0,0,0,0,0,0,4,6,6,6,2,0,0,0,0,0,0,0,0,0,0,0,4,4,0,0,0,0,0,0,0,0,0,0,0,0,0,0,0,0,0,0,0,0,0,0,0,0,0,0,0,0,0,0,4,6,4,4,4,4,4,4,4,4,4,4,4,4,4,4,4,4,4,4,4,4,4,4,4,4,4,4,4,4,4,4,4,2,0,0,0,0,0,0,0,0,0,0,0,0,0,0,0,0,0,0,0,0,0,0,0,0,0,0,0,0,0,0,0,0,0,0,0,0,0,0,0,0,0,2,4,4,6,6,12,4,12,2,12,12,8,8,6,10,10,16,4,4,108,198,108,238,255,255,255,68,4,82,94,20,70,58,34,42,46,28,24,20,42,64,114,200,224,158,206,190,132,62,10,12,14,32,34,40,40,40,52,54,8,86,138,120,60,34,74,60,68,64,58,56,68,46,88,106,90,54,10,24,78,106,52,44,54,72,48,6,38,78,100,80,34,46,104,130,114,78,52,34,0,32,80,62,32,86,52,78,106,84,118,156,142,36,94,170,198,196,128,38,34,114,190,166,36,98,140,184,248,255,255,238,248,212,120,22,92,172,216,232,242,222,190,150,98,44,20,32,106,186,166,124,80,50,140,128,88,74,38,30,16,10,14,22,20,18,10,6,22,40,46,52,60,60,100,124,66,6,58,110,118,30,78,132,182,170,134,128,106,96,192,226,232,194,152,124,108,104,181
190,52,80,72,16,106,100,12,4,6,2,0,0,2,6,2,6,4,2,4,8,6,6,10,4,8,4,4,6,8,10,12,8,4,4,6,6,4,4,4,4,4,6,8,8,10,10,22,48,92,194,248,176,58,98,52,24,78,26,60,96,46,30,70,70,62,80,80,72,56,20,46,162,255,255,255,255,255,255,42,66,8,86,140,120,52,16,4,4,14,12,24,8,14,16,4,2,6,4,4,6,6,4,6,2,0,10,10,6,8,8,8,4,6,8,6,6,4,4,2,2,4,4,4,4,4,4,4,8,4,4,4,4,4,4,6,8,8,6,4,4,6,6,6,4,2,4,4,4,4,4,6,4,0,0,4,4,0,4,0,4,0,0,4,4,0,0,0,0,0,0,0,0,0,0,0,0,0,0,0,0,4,4,0,0,0,0,0,0,0,0,2,4,4,2,2,4,4,4,4,4,4,4,4,4,4,4,6,4,0,0,0,0,0,0,0,0,0,0,0,0,0,0,0,0,0,0,0,0,0,0,0,0,0,0,0,0,0,0,4,4,0,0,0,0,0,0,0,0,0,0,0,0,0,0,0,0,0,0,0,0,0,0,4,6,4,4,4,4,4,4,4,2,0,0,0,0,0,0,0,0,0,0,0,0,0,0,0,0,0,0,0,0,0,0,0,0,0,0,0,0,0,0,0,0,0,0,0,0,0,0,0,0,0,0,0,0,2,4,14,12,6,14,14,4,14,6,4,12,12,14,12,12,134,255,186,138,255,255,255,106,18,18,78,32,36,64,44,28,24,12,18,12,38,54,102,164,148,60,132,148,112,74,32,6,6,16,24,32,68,70,46,84,68,20,48,84,82,76,66,54,62,32,18,10,20,14,32,76,94,82,30,22,54,122,92,30,30,90,86,38,14,56,108,116,84,34,48,120,126,94,64,36,12,24,54,94,36,64,90,144,178,150,150,178,164,92,24,120,182,186,180,142,58,24,124,204,150,30,200,255,236,142,86,84,132,160,140,178,255,255,255,210,186,168,142,112,70,22,14,24,34,122,154,128,86,20,124,190,162,112,72,42,32,24,32,48,54,56,54,54,80,94,92,90,100,114,152,172,118,96,76,122,98,82,152,210,244,196,182,144,136,130,148,236,255,222,156,98,32,34,183
188,22,104,54,30,122,76,4,4,4,0,0,0,0,4,2,4,0,0,4,8,8,6,8,6,8,4,2,10,16,20,16,14,8,8,4,2,0,0,0,0,0,4,8,10,12,10,6,38,90,142,198,238,168,58,68,42,34,70,110,64,70,46,54,24,18,6,22,30,26,92,190,255,255,255,255,255,176,20,38,50,110,112,66,18,2,10,8,2,14,20,26,22,8,16,6,6,4,4,6,6,4,0,6,8,6,14,12,8,8,2,4,4,6,6,6,6,4,4,4,4,4,4,4,4,4,4,4,4,4,4,4,4,4,4,4,4,6,6,4,2,2,4,2,2,6,6,4,4,4,4,4,2,0,0,4,4,0,4,0,4,0,0,4,4,0,0,0,0,0,0,0,0,0,0,0,0,0,0,0,0,4,4,0,0,0,0,0,0,0,0,0,0,0,2,6,6,4,4,4,4,4,4,4,4,4,4,4,2,0,0,0,0,0,0,0,0,0,0,0,0,0,0,0,0,0,0,0,0,0,0,0,0,0,0,0,0,0,0,4,4,0,0,0,0,0,0,0,0,0,0,0,0,0,0,0,0,0,0,0,0,0,0,2,4,4,4,4,4,4,4,6,4,0,0,0,0,0,0,0,0,0,0,0,0,0,0,0,0,0,0,0,0,0,0,0,0,0,0,0,0,0,0,0,0,0,0,0,0,0,0,0,0,0,2,4,4,2,0,4,2,6,16,8,8,10,10,8,8,14,12,8,30,148,255,255,255,255,255,255,116,28,34,72,62,54,70,80,38,10,8,14,16,18,48,76,130,148,86,120,126,82,80,64,34,4,6,16,18,62,58,34,60,90,74,22,42,74,96,118,68,14,22,12,16,26,34,34,42,58,68,46,36,18,74,92,38,22,64,94,70,24,24,88,124,120,86,38,88,142,120,100,74,40,38,38,78,74,50,86,142,146,106,94,148,142,110,38,44,134,172,176,174,94,38,80,168,218,110,80,255,255,255,255,202,198,208,255,255,246,204,122,74,56,28,12,14,12,14,10,26,26,58,134,172,128,58,18,136,200,142,96,80,64,72,84,86,84,88,104,112,114,116,122,132,152,164,174,224,220,232,255,190,64,98,174,236,222,142,176,116,66,66,74,98,184,196,156,90,94,86,190
187,10,112,24,40,128,56,14,4,4,4,6,6,2,4,2,2,4,4,8,14,16,12,16,18,20,20,22,26,28,30,34,42,40,24,10,4,4,2,2,2,4,8,10,10,8,4,6,10,46,84,124,164,180,116,56,82,72,80,68,8,48,42,100,92,54,64,70,100,134,226,255,255,255,255,255,58,80,26,86,134,86,34,10,14,10,8,18,12,16,16,16,12,4,20,10,8,8,10,6,2,6,8,12,12,8,12,8,4,8,6,8,4,2,4,8,8,6,6,4,4,6,4,4,4,2,8,2,8,8,6,4,4,4,4,4,6,8,6,6,4,0,0,4,6,4,2,0,0,0,0,2,4,4,2,4,6,2,4,2,4,4,4,6,6,4,4,4,2,2,0,0,0,0,2,2,2,0,2,4,4,6,4,2,4,4,2,0,0,0,0,2,4,4,6,6,2,0,0,0,0,0,0,0,0,0,0,2,2,2,0,0,0,0,0,2,4,4,4,4,4,4,4,4,2,0,0,0,0,0,0,2,4,4,4,4,4,4,4,6,4,0,0,0,0,0,0,0,0,0,0,0,0,0,0,0,0,0,0,0,0,0,0,0,0,0,0,0,0,0,0,4,6,4,4,4,4,4,4,4,4,4,4,4,4,4,4,4,4,4,4,4,4,4,4,4,2,0,0,0,0,0,0,0,0,0,0,0,0,0,0,0,0,0,2,2,2,2,0,4,0,4,14,14,4,8,12,12,24,12,20,6,32,134,255,255,146,255,255,255,152,54,32,52,44,30,24,44,26,14,18,14,20,10,42,82,130,164,142,98,60,96,96,78,46,10,14,16,16,64,84,50,22,86,96,54,18,62,98,158,142,60,30,10,18,36,26,18,38,80,82,80,50,8,24,84,82,12,14,54,80,32,14,48,84,110,88,58,30,122,122,108,88,54,34,16,46,104,104,72,110,102,56,52,152,168,128,104,60,44,126,144,178,160,46,52,80,146,164,70,102,230,255,255,255,226,255,255,208,122,74,42,20,10,30,18,20,18,16,16,18,30,16,50,164,208,146,96,42,108,106,96,126,110,114,124,120,122,126,128,120,112,138,158,194,206,204,218,255,254,232,255,255,172,54,255,255,192,40,64,70,72,112,154,72,76,164,182,192,162,142,210
184,46,106,6,62,120,24,20,10,2,14,8,10,4,6,4,4,8,8,18,28,36,46,60,58,54,50,46,50,54,56,66,58,74,52,24,10,8,6,2,6,6,8,8,6,4,2,6,4,10,28,78,116,136,150,100,68,190,178,130,72,88,110,86,120,66,74,88,108,234,255,255,255,255,150,74,90,50,112,124,68,16,8,6,8,6,2,8,8,8,10,6,4,12,18,8,4,6,6,2,4,8,10,8,8,6,6,4,4,8,6,4,4,2,4,8,6,4,4,2,4,8,6,4,6,6,10,6,10,6,6,8,6,0,4,10,4,6,4,6,4,0,0,4,6,4,4,4,2,0,0,2,2,2,2,2,6,6,2,2,4,4,6,6,4,4,4,6,2,2,0,0,0,0,2,0,2,0,4,6,4,4,2,2,2,2,2,0,0,0,2,6,6,4,4,2,0,0,0,0,0,0,0,0,0,0,0,2,0,2,0,0,0,0,0,2,2,0,0,0,0,0,0,2,2,0,0,0,0,0,0,4,6,4,4,4,4,4,4,4,2,0,0,0,0,0,0,0,0,0,0,0,0,0,0,0,0,0,0,0,0,0,0,0,0,0,0,0,0,0,0,2,4,4,4,4,4,4,4,4,4,4,4,4,4,4,4,4,4,4,4,4,4,4,4,6,4,0,0,0,0,0,0,0,0,0,0,0,0,0,0,0,0,0,2,4,4,2,0,4,4,4,6,10,8,4,4,8,22,18,20,10,24,114,255,255,255,222,255,255,76,24,12,24,56,68,102,102,68,48,32,24,24,16,18,58,96,124,118,78,4,74,88,76,48,24,16,12,22,30,80,86,26,58,94,72,40,58,80,132,130,70,28,14,14,18,34,24,22,68,92,106,92,44,12,68,132,82,34,10,72,68,10,26,58,110,118,106,52,54,94,108,92,54,28,26,34,86,146,154,106,50,26,34,82,162,152,140,114,26,66,126,206,248,186,92,94,54,110,128,38,58,120,186,192,108,122,92,128,128,104,78,56,28,14,10,12,10,14,24,26,18,18,10,70,158,148,90,38,42,68,152,162,186,200,180,188,186,156,144,146,122,156,158,186,130,74,84,72,114,18,246,255,255,96,166,255,255,172,116,132,118,106,178,166,6,184,232,160,112,72,225
180,84,90,14,96,110,6,20,16,16,28,20,24,28,36,20,4,8,16,28,40,64,94,98,76,70,58,46,54,60,60,54,38,62,58,32,12,8,10,6,10,6,6,6,6,6,4,8,6,8,8,26,96,146,130,142,98,134,196,130,62,36,86,70,96,34,54,108,208,255,255,255,255,92,86,40,102,152,130,50,14,8,4,6,8,4,6,8,10,6,8,8,2,8,10,4,4,6,8,8,8,6,2,2,8,8,8,8,10,14,14,10,6,4,6,6,8,10,8,2,6,8,4,0,4,10,12,6,10,4,2,6,8,6,12,10,4,8,4,4,4,2,4,6,8,8,8,10,8,4,4,6,8,8,6,4,6,6,6,4,4,2,6,4,0,2,6,6,2,2,2,4,4,2,2,2,2,0,4,4,0,0,0,2,4,4,2,2,4,4,6,6,2,0,0,0,0,0,0,0,0,0,0,0,0,0,0,2,2,2,0,2,4,4,4,6,6,4,4,4,4,4,4,6,6,4,4,4,4,4,4,6,4,0,0,0,0,0,0,0,0,0,0,0,0,0,0,0,0,0,0,0,0,0,0,0,0,0,0,0,0,0,0,0,0,0,0,0,0,0,0,0,0,0,0,0,0,0,0,0,0,0,0,0,0,0,0,0,0,0,0,0,0,0,0,4,4,0,0,0,0,0,0,0,0,0,0,0,0,0,0,0,0,0,0,0,0,0,0,0,0,0,4,6,6,6,6,10,18,18,8,66,66,20,156,255,255,255,255,248,108,28,16,22,34,54,92,88,78,70,52,28,14,20,26,34,56,80,82,82,34,48,88,94,64,30,12,4,6,16,72,118,92,32,62,86,56,20,48,80,82,60,64,28,42,14,14,8,34,18,58,96,102,80,44,46,102,94,52,60,98,126,82,8,56,110,158,156,122,54,42,110,116,80,40,20,10,32,94,156,170,130,84,82,50,88,172,164,118,48,26,86,156,194,190,124,34,38,76,132,130,44,32,64,118,60,32,56,100,124,96,74,54,20,24,24,18,16,28,30,30,14,14,38,48,80,116,88,44,66,208,255,255,255,255,254,146,118,124,48,48,22,48,74,124,78,76,90,124,198,255,104,242,255,214,26,224,255,240,120,146,150,122,220,255,148,132,228,246,152,64,216
177,86,46,28,96,76,16,24,24,40,60,62,72,74,90,72,32,14,22,34,52,78,94,64,54,48,34,14,16,16,6,12,34,48,40,24,12,8,12,14,14,12,10,8,8,8,8,10,18,10,14,2,52,134,120,138,150,90,154,114,118,86,136,118,96,56,142,255,255,255,255,255,58,40,36,156,194,134,50,12,20,2,2,6,8,4,6,6,8,2,6,8,4,10,14,6,6,4,6,8,6,2,0,6,14,12,10,4,6,6,8,4,2,10,10,4,4,10,12,0,6,6,4,0,2,8,12,6,8,4,4,6,4,4,10,4,8,6,6,8,10,6,6,6,8,8,6,8,10,6,4,4,4,4,4,4,6,4,2,2,2,4,6,2,0,4,6,2,0,2,6,6,6,6,2,0,0,0,4,4,0,0,0,0,0,0,0,4,6,4,4,2,0,0,0,0,0,0,0,0,0,0,0,0,0,0,0,0,0,2,4,6,6,4,4,6,6,4,4,4,4,4,4,6,6,4,4,4,4,4,4,4,2,0,0,0,0,0,0,0,0,0,0,0,0,0,0,0,0,0,0,0,0,0,0,0,0,0,0,0,0,0,0,0,0,0,0,0,0,0,0,0,0,0,0,0,0,0,0,0,0,0,0,0,0,0,0,0,0,0,0,0,0,0,0,4,4,0,0,0,0,0,0,0,0,0,0,0,0,0,0,0,0,0,0,0,0,0,0,0,0,0,2,6,8,8,8,12,10,14,44,122,106,122,30,162,255,255,255,255,220,82,28,22,8,18,52,52,36,62,58,50,36,28,14,2,16,54,84,110,82,24,68,102,82,40,26,18,22,40,54,114,122,52,40,90,108,48,40,90,100,94,80,42,26,26,12,28,30,34,38,92,100,96,80,46,78,132,168,130,136,142,120,28,34,68,128,144,124,92,20,86,122,108,80,54,28,32,48,112,154,142,100,56,60,72,132,170,138,86,16,28,80,114,116,116,48,40,64,110,176,138,38,16,72,84,62,96,96,68,74,70,48,26,18,8,6,8,10,10,60,90,118,148,136,142,132,80,86,168,255,255,238,172,154,182,92,82,110,84,64,62,42,64,122,122,54,74,128,178,255,255,162,160,208,138,60,226,252,196,178,198,168,234,255,255,154,154,194,184,100,219
170,124,50,70,146,108,66,58,60,72,90,90,94,78,106,104,56,16,10,24,38,56,70,42,54,58,52,38,40,46,54,68,70,62,44,22,10,10,16,14,14,12,10,8,10,10,10,4,12,16,12,14,74,124,100,122,122,154,162,152,164,92,90,50,56,200,255,255,255,255,255,78,28,76,178,172,90,30,6,6,4,10,8,8,6,6,8,8,12,4,8,12,8,10,16,10,2,0,2,4,4,6,2,8,12,4,2,4,8,10,10,4,2,14,10,6,6,6,14,0,6,4,6,2,0,4,6,6,12,10,10,12,8,4,8,2,4,4,4,4,8,8,2,4,6,6,4,2,6,4,0,0,0,0,0,2,6,6,4,4,2,6,4,0,2,6,4,0,0,4,6,2,2,6,4,0,0,0,4,4,0,0,0,0,0,0,0,4,6,4,2,0,0,0,0,0,0,0,0,0,0,0,0,0,0,0,0,2,4,6,6,4,2,0,0,2,4,4,4,4,4,4,4,4,2,0,0,0,0,0,0,0,0,0,0,0,0,0,0,0,0,0,0,0,0,0,0,0,0,0,0,0,0,0,0,0,0,0,0,0,0,0,0,0,0,0,0,0,0,0,0,0,0,0,0,0,0,0,0,0,0,0,0,0,0,0,0,0,0,0,0,0,0,0,0,4,6,4,4,4,4,4,4,4,2,0,0,0,0,0,0,0,0,0,0,0,0,0,0,0,0,0,0,2,6,6,6,12,6,16,50,92,46,76,68,40,230,255,255,255,255,160,28,28,44,50,100,90,26,48,88,60,22,12,22,26,14,24,72,124,142,90,28,78,90,56,38,22,20,22,10,62,100,70,4,68,114,88,14,84,116,130,102,74,18,44,32,38,52,30,24,58,104,118,106,72,108,156,168,100,116,132,112,54,16,8,44,80,86,86,32,52,98,102,82,62,30,4,26,76,124,134,98,82,76,36,56,150,172,142,74,28,34,94,118,126,88,48,26,62,144,192,114,24,56,70,38,78,54,12,76,120,98,50,40,28,28,30,28,38,100,144,180,212,202,208,204,164,172,202,198,200,90,96,98,160,194,66,24,60,32,60,86,78,20,80,38,116,146,172,170,255,255,68,168,204,110,60,168,192,156,178,146,176,255,255,190,84,116,188,176,214
162,156,52,66,124,80,84,92,70,78,86,72,50,34,58,78,52,14,6,30,48,68,90,80,86,80,64,46,42,46,56,56,44,30,16,4,8,10,10,6,8,8,6,6,10,10,10,8,6,16,20,40,110,120,94,94,100,156,92,144,126,10,68,134,255,255,255,255,255,196,36,98,108,172,154,44,26,18,6,8,10,8,4,4,2,4,10,10,16,12,14,14,8,8,12,12,6,0,2,6,4,4,6,10,8,8,6,4,4,10,12,8,4,14,4,6,8,4,16,6,10,4,4,2,0,4,6,10,12,6,8,12,10,4,4,2,2,0,0,2,4,4,2,4,4,4,4,0,4,4,0,2,4,4,4,6,8,8,6,6,4,6,2,0,4,6,2,0,0,4,6,2,2,6,4,0,0,0,4,4,0,0,0,0,0,0,0,2,4,6,4,0,0,0,0,0,0,0,0,0,0,0,0,0,0,0,0,2,4,4,2,0,0,0,0,0,0,0,0,0,0,0,0,0,0,0,0,0,0,0,0,0,0,0,0,0,0,0,0,0,0,0,0,0,0,0,0,0,0,0,0,0,0,0,0,0,0,0,0,0,0,0,0,0,0,0,0,0,0,0,0,0,0,0,0,0,0,0,0,0,0,0,0,0,0,0,0,0,0,0,0,0,0,0,0,2,4,4,4,4,4,4,4,6,4,0,0,0,0,0,0,0,0,0,0,0,0,0,0,0,0,0,0,0,4,6,4,8,6,6,58,132,116,108,96,36,126,255,255,255,255,255,82,36,34,30,88,110,68,24,108,108,56,16,12,12,28,34,48,84,120,114,38,62,110,96,58,14,8,12,16,22,82,102,64,8,76,96,42,20,72,110,78,60,64,30,34,18,32,26,52,14,70,116,108,62,80,120,118,52,76,136,110,88,54,34,46,60,102,102,64,50,58,84,78,60,30,30,40,42,80,104,84,94,88,54,24,86,136,130,106,58,4,62,136,164,118,74,92,60,36,94,146,64,54,62,12,84,76,44,50,140,170,112,64,36,28,24,20,24,84,136,170,174,126,108,92,76,112,148,134,172,88,140,130,134,186,40,56,28,60,54,42,52,50,44,2,82,114,142,114,116,255,168,106,255,228,102,36,96,54,54,38,34,152,218,208,126,18,128,182,200
150,176,56,70,88,80,98,114,74,54,54,22,28,70,94,90,52,16,2,16,32,46,60,60,54,46,30,18,16,18,18,8,4,8,8,8,8,6,2,4,4,6,4,2,4,6,6,12,8,8,14,80,150,144,126,38,70,10,38,136,108,68,158,255,255,255,255,255,78,50,38,76,98,84,48,14,26,24,8,6,10,8,4,4,4,4,8,6,12,12,8,6,2,4,6,8,8,2,0,2,6,6,12,12,6,6,6,4,6,10,10,10,10,10,8,10,8,4,14,10,14,10,6,2,0,2,4,10,6,0,4,8,6,4,6,4,4,4,4,6,4,2,2,4,4,4,4,0,4,6,4,6,4,0,2,4,6,6,4,4,4,2,0,2,6,4,0,0,0,2,6,6,6,6,2,0,0,0,4,4,0,0,0,0,0,0,2,4,4,6,4,0,0,0,0,0,0,0,0,0,0,0,0,0,0,0,0,2,6,6,4,2,0,0,0,0,0,0,0,0,0,0,0,0,0,0,0,0,0,0,0,0,0,0,0,0,0,0,0,0,0,0,0,0,0,0,0,0,0,0,0,0,0,0,0,0,0,0,0,0,0,0,0,0,0,0,0,0,0,0,0,0,0,0,0,0,0,0,0,0,0,0,0,0,0,0,0,0,0,0,0,0,0,0,0,0,0,0,0,0,0,0,0,4,4,0,0,0,0,0,0,0,0,0,0,0,0,0,0,0,0,0,0,0,2,6,6,4,4,8,18,78,94,76,60,20,72,176,255,255,255,255,214,66,16,14,52,100,106,44,54,108,78,34,26,32,34,28,12,30,62,88,56,30,102,122,100,46,14,6,10,24,60,114,114,42,48,92,82,38,30,100,112,94,90,42,74,48,50,30,34,24,28,98,110,62,36,78,112,82,60,130,138,134,94,22,8,54,128,148,108,40,22,80,104,94,64,32,14,16,42,78,90,98,80,70,82,122,100,56,84,64,44,30,102,158,132,56,78,34,18,36,160,134,42,56,32,38,38,34,56,78,160,148,92,54,26,8,8,12,90,148,148,98,34,24,16,26,70,104,104,154,114,106,224,198,162,110,40,62,44,46,32,56,80,80,46,130,174,162,100,70,126,214,170,255,255,248,118,100,94,94,120,102,10,116,186,182,84,30,132,194
143,122,44,86,36,98,80,104,76,26,16,22,82,106,98,70,32,10,10,10,6,16,22,18,6,2,4,6,4,6,10,18,20,12,6,6,6,6,6,4,4,4,4,2,6,8,4,8,4,10,28,116,178,182,142,116,118,122,94,154,118,130,255,255,255,255,255,50,62,32,108,66,16,4,12,8,18,16,10,8,6,12,8,8,8,4,6,6,6,8,6,2,0,4,8,6,6,6,2,0,6,16,18,18,22,22,18,14,10,6,6,10,8,8,10,8,4,2,8,14,14,12,10,8,4,4,6,4,2,2,4,8,6,6,8,8,8,8,8,12,14,12,10,6,4,4,6,4,4,4,4,8,8,4,6,6,6,4,4,2,4,0,0,4,6,2,0,2,2,2,2,4,4,2,2,2,2,0,4,4,0,0,0,2,4,4,6,6,4,4,2,0,0,0,0,0,0,0,0,0,0,0,0,0,0,0,0,0,2,4,6,6,2,0,0,0,0,0,0,0,0,0,0,0,0,0,0,0,0,0,0,0,0,0,0,0,0,0,0,0,0,0,0,0,0,0,0,0,0,0,0,0,0,0,0,0,0,0,0,0,0,0,0,0,0,0,0,0,0,0,0,0,0,0,0,0,0,0,0,0,0,0,0,0,0,0,0,0,0,0,0,0,0,0,0,0,0,0,0,0,0,0,0,4,4,0,0,0,0,0,0,0,0,0,0,0,0,0,0,0,0,0,2,2,2,2,6,8,4,4,8,16,38,30,14,6,42,108,250,255,255,255,255,164,50,16,34,84,124,110,34,58,98,70,22,14,16,26,18,28,58,106,106,46,36,96,106,62,12,16,20,22,6,60,94,96,80,124,126,78,18,60,124,152,144,92,60,26,8,48,74,58,62,100,132,90,24,92,142,134,76,52,138,154,118,52,26,32,82,120,96,54,44,68,120,124,104,72,36,34,32,62,106,116,96,122,142,112,46,36,60,64,54,18,58,110,194,192,122,98,90,84,116,160,130,36,12,6,26,44,72,42,98,128,110,86,52,12,18,28,82,174,212,166,54,18,10,26,70,104,122,150,118,56,214,255,160,128,84,100,26,22,44,72,92,64,40,100,186,224,166,136,176,240,194,132,255,255,210,132,114,88,110,110,56,28,126,190,170,98,72,189
154,156,100,142,66,132,66,52,46,18,10,20,62,64,48,24,4,6,12,10,12,8,12,14,10,8,8,6,4,6,10,12,6,8,6,10,8,6,8,2,6,0,8,6,10,14,6,4,8,12,70,148,220,255,184,208,104,92,110,94,98,255,255,255,255,255,20,38,60,128,88,18,8,8,14,14,12,10,8,8,8,6,4,6,6,0,4,10,4,10,10,4,10,14,20,14,8,10,8,4,12,20,18,22,20,18,12,6,10,12,10,14,8,6,6,8,8,2,2,6,2,10,6,2,4,2,4,2,2,2,4,8,10,14,16,14,12,8,8,10,10,8,12,8,6,6,6,6,4,2,4,6,6,4,6,8,8,4,4,2,4,4,4,2,6,4,2,2,2,0,4,4,4,2,2,2,4,2,4,4,0,0,2,4,4,4,6,6,6,6,6,2,6,6,4,8,8,6,6,6,6,6,6,4,4,4,2,2,8,8,4,2,6,6,6,2,4,4,6,6,4,2,2,4,4,2,6,6,4,2,4,4,2,2,2,8,8,4,6,6,6,6,4,4,2,0,2,2,2,2,2,2,2,2,6,6,4,4,2,2,2,2,0,0,0,0,0,0,0,0,0,0,0,0,0,0,0,0,0,0,0,0,0,0,0,0,0,0,0,0,0,0,0,0,0,0,0,0,0,0,0,0,0,4,6,4,4,4,4,4,4,4,4,4,2,0,0,2,4,4,4,4,4,0,2,0,2,12,6,4,4,2,6,14,12,6,18,64,146,255,255,255,255,255,106,24,8,42,82,104,60,16,88,100,56,62,68,80,64,14,44,102,120,90,20,72,114,100,52,14,10,22,52,120,160,160,108,128,152,112,34,26,70,128,126,72,26,34,48,78,54,26,28,26,86,108,74,38,102,118,114,64,94,152,132,88,40,12,28,80,88,56,44,10,84,114,112,98,44,20,8,32,104,114,62,84,58,68,44,46,106,104,82,20,82,210,255,238,122,78,56,100,48,52,108,74,32,30,46,52,50,58,100,128,126,112,92,52,52,58,22,132,202,200,112,34,18,24,54,146,174,122,76,62,88,255,210,58,66,36,24,26,32,60,82,88,42,50,92,134,148,136,196,198,190,134,255,255,255,130,62,46,68,80,58,20,68,158,186,160,46,186
169,110,108,150,74,154,120,70,66,30,22,18,58,80,58,24,4,4,8,8,10,12,12,10,10,4,4,4,2,4,6,2,2,2,6,10,6,6,8,8,8,12,10,8,16,20,12,16,10,38,86,166,228,244,82,182,52,20,142,32,255,255,255,255,255,24,36,74,118,74,12,8,8,14,16,16,12,12,16,14,6,4,0,4,6,0,6,8,6,18,10,12,10,2,14,18,10,8,8,4,10,12,14,18,6,20,22,18,12,8,8,12,4,12,6,2,6,2,2,4,10,14,8,6,2,2,8,10,12,10,10,8,10,10,10,8,10,6,6,8,8,2,6,6,4,4,2,4,6,6,6,4,6,6,6,8,6,0,4,8,6,2,2,2,4,6,6,4,4,4,2,8,8,4,6,4,4,2,4,6,4,2,4,6,8,16,12,8,8,6,12,0,6,12,10,10,6,8,10,18,10,16,28,26,26,30,26,28,36,42,40,36,34,38,32,24,20,18,22,18,16,12,10,6,4,4,8,4,10,6,6,8,2,2,4,6,10,4,6,12,4,8,2,4,0,4,6,2,6,4,8,2,10,8,16,2,12,6,6,4,2,4,4,4,2,0,0,0,0,0,0,0,0,0,0,0,0,0,0,0,0,0,0,0,0,0,0,0,0,0,0,0,0,0,0,0,0,0,0,0,0,0,0,2,4,4,4,4,4,4,4,4,4,4,2,0,0,2,4,4,4,6,6,2,2,0,0,8,8,2,4,2,8,10,10,4,12,44,76,186,255,255,255,255,194,68,8,24,36,76,60,74,112,184,168,190,212,212,204,128,36,58,102,92,68,68,124,118,90,56,36,30,68,116,144,140,58,90,118,112,54,32,4,48,86,60,36,28,4,46,72,74,78,74,54,72,120,62,10,80,138,110,40,96,130,122,94,54,18,60,130,110,100,96,44,66,86,94,60,14,12,26,46,88,38,38,92,140,116,158,214,244,154,84,78,236,246,204,158,204,146,160,112,38,68,118,62,28,30,32,20,10,50,96,122,112,106,88,82,96,44,74,144,176,128,42,12,24,38,144,255,255,188,184,178,186,194,48,58,92,28,38,32,58,20,74,56,92,78,36,88,108,130,124,144,114,60,255,255,182,124,90,110,130,104,72,8,80,140,164,128,178
181,68,110,128,42,114,114,66,84,68,68,64,86,82,44,18,6,6,8,6,2,8,12,12,12,10,6,6,4,4,4,0,0,2,6,4,0,2,6,8,20,14,12,6,20,20,12,22,16,52,102,162,170,186,134,202,86,122,92,202,255,255,255,222,18,22,80,108,60,8,18,10,6,10,6,6,8,8,8,10,4,4,0,4,8,4,8,4,10,6,14,12,8,14,6,14,16,12,14,12,16,18,14,12,8,22,16,10,6,6,8,10,8,12,4,8,8,2,4,4,10,10,10,10,6,8,14,12,8,10,12,12,6,2,2,6,6,8,8,12,10,4,4,4,2,6,4,6,8,6,2,0,4,6,4,6,6,6,6,6,6,6,6,8,8,4,4,10,12,6,4,4,4,4,6,8,2,4,4,0,4,10,10,6,4,10,8,4,16,18,28,44,56,62,80,92,106,132,154,150,148,178,196,184,184,208,202,200,198,192,196,202,192,202,208,196,174,168,142,136,122,96,88,78,68,62,56,52,46,32,24,14,6,8,4,6,14,6,12,4,6,2,12,10,10,6,8,4,6,4,6,2,10,6,10,8,6,4,2,6,6,4,2,2,2,0,0,0,0,0,0,0,0,0,0,0,0,0,0,0,0,0,0,0,0,0,0,0,0,0,0,0,0,0,0,0,0,0,0,0,0,0,0,0,0,0,0,0,0,0,0,2,6,6,2,0,0,2,6,6,2,4,4,0,0,0,0,4,6,4,6,4,4,4,8,8,12,36,58,108,255,255,255,255,255,116,28,76,80,120,198,255,255,255,255,255,255,255,255,255,166,36,60,98,98,8,86,106,88,64,38,10,50,86,110,96,24,72,116,136,132,70,32,24,96,110,98,94,76,74,76,80,70,58,46,30,124,130,58,42,124,140,84,80,64,100,100,68,32,28,118,146,122,118,82,34,102,110,102,38,4,10,22,58,76,62,154,206,234,236,192,255,240,188,54,254,255,222,190,220,255,208,182,84,72,152,168,78,28,30,4,28,40,44,82,84,98,114,106,128,106,66,118,136,126,84,52,74,88,86,232,255,255,255,255,255,170,38,68,122,68,32,20,58,34,88,46,64,42,84,106,86,64,82,48,110,96,130,128,136,114,70,74,106,98,78,48,10,78,136,150,195
191,18,102,110,28,82,102,74,100,86,74,76,82,72,38,18,8,4,8,8,6,10,10,6,8,8,2,4,4,4,6,2,0,2,4,2,0,0,2,10,12,6,10,14,22,14,4,6,14,80,122,132,130,142,174,114,50,52,168,255,255,255,170,48,16,72,90,58,14,8,10,4,6,10,10,8,8,8,10,12,6,6,2,2,6,4,4,4,2,16,14,16,10,6,18,12,18,12,16,22,26,28,24,12,12,16,10,8,6,4,4,6,10,6,2,6,2,2,8,6,10,10,12,12,8,8,12,6,2,4,8,12,14,12,10,12,8,12,8,14,12,4,4,4,2,6,4,6,6,4,0,0,2,6,6,4,2,2,4,8,6,6,4,4,2,8,8,4,4,4,6,6,2,2,8,8,10,4,4,6,12,24,38,64,82,90,118,148,166,182,204,244,255,255,255,255,255,255,255,255,255,255,255,255,255,255,255,255,255,255,255,255,255,255,255,255,255,255,255,255,255,255,255,255,255,232,226,216,188,168,162,130,68,24,8,6,4,6,12,4,8,6,4,4,8,8,10,4,6,2,4,4,8,10,12,4,12,12,10,6,4,2,4,4,2,0,0,0,0,0,0,2,4,4,4,4,4,4,4,4,2,0,0,0,0,0,0,0,0,0,0,0,0,0,0,0,0,0,0,0,0,0,0,0,0,0,0,0,0,0,0,4,6,2,0,0,0,0,2,6,4,4,6,2,0,0,0,2,6,6,4,2,2,4,8,0,14,8,48,82,160,255,255,255,255,196,90,184,252,255,255,255,255,255,255,255,255,255,255,255,255,174,34,88,156,130,26,84,100,76,46,6,44,96,158,156,112,42,76,144,174,122,48,38,90,134,134,102,44,12,20,18,52,52,66,64,84,140,90,28,84,142,138,120,78,52,52,70,54,26,28,90,94,68,96,52,108,124,114,96,52,56,62,88,168,182,176,255,255,168,178,255,255,255,124,162,254,248,236,46,138,148,144,50,50,62,140,134,24,40,12,24,24,36,40,24,106,162,208,226,228,120,164,114,94,94,84,82,60,78,122,234,252,255,255,255,255,218,86,60,92,54,24,16,18,36,68,106,104,74,116,26,48,30,58,98,124,190,178,142,124,90,80,84,64,64,52,28,10,66,88,198
192,12,122,102,24,48,70,60,68,50,36,40,38,30,12,4,4,4,4,6,10,12,10,2,2,4,0,4,4,2,6,4,0,2,6,6,2,0,0,8,8,8,4,16,16,4,10,2,52,110,112,80,74,106,84,84,32,130,255,255,255,200,40,6,90,82,42,4,14,6,4,8,10,10,8,6,6,6,8,8,4,6,6,4,2,4,4,6,4,14,6,14,8,8,16,2,12,10,10,12,10,8,2,14,16,6,6,10,8,4,6,10,8,8,6,4,2,8,14,8,10,8,10,10,8,8,10,6,4,10,10,8,12,14,12,12,6,10,6,16,16,6,6,4,6,8,8,6,6,6,4,4,4,4,6,6,8,8,12,14,10,4,10,14,12,4,4,6,4,10,14,18,14,4,6,10,32,72,112,148,188,236,255,255,255,255,255,255,255,255,255,255,255,255,255,255,255,255,255,255,255,255,255,255,255,255,255,255,255,255,255,255,255,255,244,255,255,255,255,255,255,255,255,255,255,255,255,255,255,255,255,255,255,138,48,6,26,40,68,82,78,56,26,10,12,14,6,0,6,4,2,6,4,2,4,8,4,4,8,10,8,2,4,4,4,4,4,4,4,4,4,6,6,4,4,4,4,4,4,6,4,0,0,0,0,0,0,0,0,0,0,0,0,0,0,0,0,0,0,0,0,0,0,0,0,0,0,0,0,0,0,4,6,2,0,0,0,0,2,6,4,2,6,6,4,2,0,0,2,6,6,2,0,2,4,10,0,12,20,46,88,216,255,255,255,255,255,255,255,255,255,255,255,255,255,254,202,242,255,255,255,255,106,34,90,122,64,50,118,116,84,28,12,50,132,154,122,88,64,118,140,124,90,58,42,76,100,68,58,68,54,40,58,30,26,64,42,86,86,92,98,128,146,164,152,76,36,74,60,36,40,40,74,88,76,50,38,86,92,88,82,94,138,184,220,202,218,255,214,146,220,255,255,255,244,140,240,190,168,112,184,212,166,42,62,28,74,116,58,38,28,36,48,58,42,46,192,238,250,255,255,244,222,132,70,28,16,34,30,64,94,94,140,184,198,210,255,255,240,70,44,52,76,104,104,96,62,62,40,16,106,132,70,116,152,142,186,218,154,80,66,74,52,46,60,86,88,80,46,36,100,194
190,44,146,84,18,16,22,30,18,12,2,6,0,4,6,6,4,4,4,4,6,10,14,10,6,4,0,4,4,2,6,4,0,0,2,6,4,2,4,4,4,2,14,18,10,6,10,24,98,122,106,58,54,84,76,78,138,255,255,255,166,26,34,92,94,30,10,22,10,6,8,14,16,4,4,4,4,4,4,2,2,0,4,4,0,4,4,4,4,12,10,12,2,10,16,12,14,16,12,4,4,10,18,22,10,6,8,10,10,6,6,10,6,10,8,4,8,14,16,8,12,12,12,12,10,8,6,8,12,18,12,6,4,8,6,4,2,6,6,16,16,6,10,6,8,10,10,8,6,4,4,4,6,4,4,8,8,4,8,4,10,16,14,12,14,8,8,12,20,30,30,36,72,128,178,238,255,255,255,255,255,255,255,255,255,255,255,255,255,255,255,255,255,255,255,255,255,255,240,244,224,224,208,212,214,202,166,146,142,162,144,116,116,94,32,38,52,106,172,184,232,240,240,255,255,255,255,255,255,255,255,255,255,255,178,66,100,146,218,232,236,216,172,126,100,82,54,30,20,18,14,4,2,4,6,4,2,4,4,4,2,4,2,2,4,4,4,4,4,4,4,4,2,0,0,0,0,0,0,4,4,0,0,0,0,0,0,0,0,0,0,0,0,0,0,0,0,0,0,0,0,0,0,0,0,0,0,0,0,0,0,2,6,6,2,0,0,2,6,6,2,0,2,4,6,6,2,0,0,2,6,6,4,2,0,6,10,10,6,30,62,144,255,255,255,255,255,255,255,255,255,255,128,14,28,26,42,30,196,255,255,255,255,120,64,100,82,16,84,116,96,40,16,26,86,136,132,116,90,100,152,158,124,60,38,52,94,78,62,30,22,32,52,66,86,108,104,76,82,96,54,30,34,62,96,66,26,84,106,66,38,18,72,144,142,118,74,32,94,68,76,112,162,188,196,246,255,255,144,66,32,140,255,255,255,140,226,166,114,122,255,255,170,78,98,44,68,120,122,78,54,54,58,38,12,72,186,166,156,230,255,255,228,192,122,100,90,68,4,42,90,94,88,102,110,74,232,255,255,172,114,190,208,214,172,196,130,106,102,88,102,170,172,216,196,158,170,144,110,124,64,42,66,54,42,70,90,108,90,16,106,204
187,78,136,46,16,12,14,12,4,8,4,4,2,2,4,2,0,0,2,6,8,6,4,8,8,6,4,8,8,8,10,6,4,4,4,6,6,8,10,8,6,14,22,18,4,8,12,64,136,150,136,60,84,32,130,244,255,255,255,208,54,30,80,46,18,16,18,6,12,4,14,10,20,8,8,8,8,8,8,4,6,8,8,10,6,8,6,4,10,6,2,2,6,18,24,26,22,20,18,14,8,10,12,6,2,4,10,10,8,4,4,6,4,8,8,4,14,16,14,8,12,18,16,12,12,10,12,10,16,10,6,4,6,8,6,4,2,4,4,12,14,8,12,10,4,6,6,6,4,0,0,2,6,4,4,8,12,14,14,12,22,12,4,8,4,28,52,90,138,188,248,255,255,255,255,255,255,255,255,255,255,255,255,255,255,255,255,255,255,250,242,218,186,164,148,142,124,108,106,92,82,86,54,28,22,26,38,74,90,132,188,244,254,220,228,234,240,188,138,52,56,72,74,86,92,94,116,154,168,174,214,255,255,255,255,216,228,255,255,255,255,255,255,255,255,238,200,160,116,88,80,58,36,28,28,22,12,6,0,6,6,2,4,8,8,4,4,4,4,4,4,4,2,0,0,0,0,0,0,4,6,4,4,4,4,4,4,4,2,0,0,0,0,0,0,0,0,0,0,0,0,0,0,0,0,0,0,0,0,0,0,0,2,6,6,4,4,6,6,2,0,0,0,0,2,6,4,0,0,0,2,4,6,6,4,6,8,12,24,26,50,92,240,255,255,255,255,255,250,78,18,38,36,8,34,30,54,6,4,255,255,255,255,255,106,44,122,96,62,64,86,56,34,38,44,112,168,166,104,28,134,158,158,128,72,36,70,100,114,82,60,50,70,82,68,60,74,22,86,126,98,78,54,64,74,68,38,24,88,82,26,30,44,120,144,108,98,56,98,98,128,132,140,142,146,174,154,62,50,132,168,186,150,176,236,116,214,140,70,254,255,246,140,160,202,168,52,50,126,148,122,102,102,90,48,72,182,178,148,100,148,192,182,180,88,32,42,78,94,112,120,104,96,76,44,30,80,236,255,176,146,224,216,190,142,206,182,122,158,168,158,162,164,212,186,148,136,116,110,170,166,104,30,54,24,24,46,88,110,62,26,216
186,98,116,28,8,8,8,10,8,10,8,2,6,8,6,4,2,2,8,10,10,8,4,8,12,10,6,8,10,12,12,8,6,4,6,8,10,12,10,10,14,20,22,12,6,8,34,108,174,194,150,130,110,66,255,255,255,255,252,14,28,92,46,14,10,2,4,10,8,8,12,6,10,4,2,6,6,6,8,6,10,12,10,10,8,12,10,6,8,4,4,8,12,20,22,18,2,10,12,14,12,8,6,2,6,6,8,10,8,4,4,4,4,8,6,8,16,16,12,10,16,16,14,12,12,10,16,8,6,4,4,6,6,4,6,8,6,4,4,10,12,8,8,10,2,10,10,8,4,0,0,6,10,4,0,4,10,14,16,12,14,20,50,104,182,255,255,255,255,255,255,255,255,255,255,255,255,255,255,255,255,252,218,180,160,154,130,106,88,90,88,68,62,42,32,38,40,28,22,28,40,46,94,140,134,116,158,214,255,255,255,255,255,186,232,190,255,240,212,96,20,28,12,14,24,14,14,14,26,20,38,124,255,255,255,255,255,255,255,252,198,255,255,255,255,255,255,255,255,240,226,188,142,110,92,74,64,56,40,24,6,4,6,2,4,4,4,4,4,4,4,6,4,0,0,0,0,0,0,2,4,4,4,4,4,4,4,6,4,0,0,0,0,0,0,0,0,0,0,0,0,0,0,0,0,0,0,0,0,0,0,2,2,4,4,4,4,4,4,2,2,0,0,0,0,4,4,0,0,0,0,0,2,4,4,2,4,4,10,6,42,64,128,184,216,224,148,28,22,10,22,12,18,18,20,32,36,26,10,70,255,255,255,255,255,104,46,114,64,30,98,110,92,64,20,58,136,174,152,106,142,84,70,108,92,16,48,108,146,102,68,16,62,30,32,60,78,68,76,114,84,68,42,20,52,98,108,62,58,68,56,42,28,30,86,142,168,156,126,144,120,72,28,80,178,224,220,182,246,248,170,142,172,232,162,44,140,40,182,255,255,196,136,158,200,196,126,66,36,72,72,90,60,44,68,38,166,194,210,214,128,142,162,234,208,180,204,220,212,160,150,134,106,76,26,64,144,214,170,122,148,200,168,122,80,150,184,142,162,136,128,136,138,146,124,98,82,82,86,90,126,136,40,56,58,40,36,60,90,84,40,218
187,110,114,18,8,6,4,6,2,4,8,8,4,10,6,4,2,6,10,8,8,6,6,10,12,6,2,2,4,10,8,6,4,2,8,12,14,14,12,14,8,10,18,6,12,22,64,136,188,206,86,160,104,255,255,255,255,188,32,16,64,40,18,22,14,6,6,2,4,8,4,8,6,2,0,6,6,6,6,6,6,6,4,10,4,10,10,4,8,4,8,12,12,30,30,12,20,26,26,22,14,10,10,8,12,8,12,12,6,6,12,10,10,8,6,14,18,12,2,10,18,6,6,4,4,2,10,6,4,8,6,4,2,4,2,2,4,6,6,10,10,6,12,10,4,8,14,8,2,4,4,6,6,4,2,6,10,20,46,112,194,255,255,255,255,255,255,255,255,255,255,255,255,255,255,255,224,174,140,110,92,76,60,52,42,32,28,30,10,34,22,54,72,56,52,54,60,64,50,20,46,88,206,255,210,234,230,255,255,236,134,96,42,42,114,86,164,194,200,94,18,28,8,8,20,14,30,22,24,14,14,30,142,228,255,254,168,164,128,110,78,102,170,190,212,240,238,252,255,252,255,255,242,218,200,180,158,142,116,74,34,12,4,4,12,12,6,6,6,6,6,4,4,4,4,4,4,2,0,0,4,8,8,4,4,2,4,8,4,0,0,0,0,0,0,0,0,0,0,0,0,0,0,0,0,0,0,0,0,0,0,2,0,2,0,0,0,0,2,0,2,0,0,0,0,4,6,4,4,4,2,0,0,0,0,4,4,8,6,8,22,32,40,36,36,22,6,14,16,12,18,22,6,20,20,30,54,42,12,4,172,255,255,255,255,255,100,38,80,92,124,144,120,94,50,52,94,168,178,184,168,100,46,50,78,38,52,50,100,60,74,58,72,64,38,38,38,48,46,78,80,82,66,26,34,80,136,102,28,48,104,86,88,120,180,214,182,140,116,86,108,88,58,90,148,200,170,154,210,186,172,182,172,144,46,48,156,110,255,255,214,128,98,104,160,194,178,134,82,180,224,178,96,42,48,50,96,202,218,200,128,238,255,255,255,242,224,198,162,94,92,84,50,36,36,122,176,188,130,44,74,106,106,82,36,34,84,88,92,60,48,70,68,64,60,48,38,34,28,28,72,138,118,30,22,38,52,42,66,86,74,217
187,118,108,12,12,8,10,2,6,4,2,6,6,6,4,2,4,8,6,6,6,4,4,12,10,4,4,4,8,10,6,10,8,12,14,16,14,14,14,10,6,6,16,10,12,50,88,124,154,110,74,132,164,255,255,255,166,52,40,74,24,18,24,28,28,2,4,8,6,2,2,10,16,18,16,6,4,8,6,6,6,10,10,12,12,14,12,4,8,4,10,12,4,20,32,14,22,20,16,10,6,8,12,10,16,10,16,6,2,6,16,12,20,14,14,20,18,10,8,14,14,6,8,4,4,2,4,8,8,4,2,0,0,4,6,10,8,8,16,16,12,14,8,10,12,10,12,12,20,18,12,10,8,20,40,92,164,255,255,255,255,255,255,255,255,255,255,255,255,255,255,202,176,154,110,72,40,34,30,24,28,24,24,24,30,20,26,52,32,50,72,154,176,148,132,100,92,112,120,116,44,166,255,255,198,216,100,108,104,140,158,198,212,220,226,254,255,255,232,92,28,34,26,20,34,36,10,2,8,10,10,4,58,122,122,112,66,46,26,68,132,72,44,80,74,104,122,130,132,138,176,204,214,216,212,218,244,255,248,168,72,16,12,54,100,100,116,84,40,20,6,4,4,4,2,10,14,10,6,6,6,6,18,8,8,6,10,10,6,0,0,0,0,0,0,0,0,0,0,0,0,0,0,0,0,0,0,0,0,0,0,2,2,2,0,0,0,0,2,2,2,0,0,0,0,2,4,4,4,6,4,0,0,0,0,4,6,4,8,10,4,4,4,8,8,10,10,8,10,6,8,8,16,12,28,6,42,50,22,10,40,255,255,255,255,255,232,58,96,66,44,88,88,84,40,16,54,106,120,144,120,130,76,42,64,66,58,32,82,76,58,42,32,60,18,38,60,66,62,46,44,76,84,58,44,8,68,74,42,66,118,170,176,168,160,142,84,60,74,76,104,174,188,128,44,94,88,148,186,140,122,152,74,46,48,76,154,208,255,242,144,68,50,58,132,212,240,186,186,255,254,150,156,124,26,66,46,60,158,200,170,255,255,255,194,142,96,54,24,8,18,10,30,28,60,106,110,84,70,36,66,146,160,134,86,28,32,48,50,40,40,28,20,16,22,18,14,12,4,10,46,116,150,120,62,76,30,22,70,100,88,209
186,128,86,16,8,10,12,4,6,0,0,0,0,0,0,6,10,6,2,6,8,6,10,12,8,6,10,10,12,14,12,18,16,16,12,12,8,8,8,4,8,8,14,2,14,62,84,108,130,82,120,68,255,255,255,252,64,50,86,40,22,6,24,18,28,4,6,8,8,10,6,8,12,14,16,12,8,6,2,6,6,10,8,2,2,8,10,8,14,6,6,14,8,12,26,20,14,10,6,4,4,6,6,6,8,8,12,6,12,10,12,4,12,10,14,12,8,4,8,12,12,10,4,6,10,4,4,8,8,4,4,2,2,6,6,6,2,8,22,10,4,14,8,6,4,12,20,16,2,16,8,38,98,198,255,255,255,255,255,255,255,255,255,255,255,255,212,174,140,114,90,62,38,34,16,28,16,14,20,30,32,28,28,16,26,32,66,110,90,118,114,198,255,200,238,166,132,138,146,220,116,206,240,196,70,204,174,194,232,255,255,255,254,255,250,234,255,252,140,38,24,26,36,28,28,40,34,20,14,22,12,12,34,88,110,66,36,8,42,40,104,148,46,54,48,44,82,88,88,104,116,128,130,128,118,102,130,210,255,240,126,20,32,128,232,255,255,255,254,214,172,112,64,24,6,18,14,18,4,4,8,12,4,12,6,10,14,4,10,4,4,4,4,4,4,4,2,0,0,0,0,0,0,0,0,0,0,0,0,0,0,0,0,0,0,0,0,0,0,0,0,0,0,0,0,0,0,0,0,4,4,0,0,0,0,0,0,2,4,2,0,0,0,2,2,2,2,6,4,10,12,12,18,22,34,40,8,58,52,8,18,118,255,255,255,255,255,152,64,144,98,58,68,92,54,44,38,42,40,40,34,74,62,28,88,104,86,32,46,112,130,108,54,20,62,54,42,30,26,42,70,108,120,92,74,50,42,76,70,78,114,108,98,78,34,46,114,128,96,80,40,102,152,134,58,46,90,200,204,142,142,126,66,60,106,100,116,174,178,138,72,24,4,10,40,128,198,156,178,202,170,92,174,194,130,42,24,18,60,122,174,238,198,120,60,20,16,38,48,46,52,54,54,40,28,80,146,172,168,126,40,72,136,116,86,62,42,32,26,30,10,4,6,8,16,24,18,22,20,12,6,62,114,138,80,4,44,56,52,82,80,210
185,142,64,14,6,4,10,4,2,0,0,0,0,0,0,8,10,6,6,4,8,12,12,8,2,4,10,10,12,16,14,16,14,10,6,6,4,4,4,4,10,12,0,12,32,64,94,118,84,46,38,255,255,255,255,22,48,44,44,14,22,20,28,16,18,10,10,12,10,14,14,8,6,16,18,10,2,6,6,8,6,8,8,6,4,4,8,0,10,10,2,8,6,4,14,20,10,12,10,6,4,4,2,6,2,4,6,14,18,14,6,4,6,6,8,2,2,4,4,6,2,4,2,2,2,4,8,6,4,4,6,4,6,8,10,6,2,12,20,12,10,12,8,14,10,0,8,16,56,130,238,255,255,255,255,255,255,255,255,255,255,255,218,164,132,98,56,38,32,18,26,24,26,14,14,40,28,18,18,16,20,26,36,28,36,54,88,146,126,134,76,166,226,140,200,178,106,66,62,124,92,104,198,255,255,255,255,224,236,250,255,216,170,170,166,154,158,112,62,44,30,28,34,28,24,30,32,32,30,20,12,14,20,66,146,122,58,36,18,42,56,140,128,6,60,32,50,52,40,60,70,80,82,80,70,40,16,52,178,255,206,72,28,120,228,255,255,255,255,255,255,255,255,240,162,78,30,26,4,8,8,4,2,8,4,6,4,4,8,4,4,4,4,4,4,6,4,0,0,0,0,0,0,0,0,0,0,0,0,0,0,0,0,0,0,0,0,0,0,0,0,0,0,0,0,0,0,0,0,4,6,2,0,0,0,0,2,6,8,6,4,4,4,6,4,6,4,6,2,8,12,12,24,26,16,50,28,36,68,36,16,10,224,255,255,255,255,252,80,84,114,48,46,100,108,74,30,22,20,30,48,48,78,44,42,86,74,36,38,72,102,104,80,74,72,88,70,52,56,50,32,54,90,86,72,52,2,66,122,152,132,60,30,68,76,68,122,180,204,196,158,170,166,128,114,138,190,208,164,106,156,186,112,46,76,40,30,56,86,118,108,54,44,40,22,46,128,110,90,84,56,16,106,188,192,148,82,84,62,72,108,114,70,82,88,62,46,52,36,32,26,20,2,10,32,50,108,160,184,160,128,56,128,104,78,86,34,12,18,34,24,20,14,10,8,14,10,8,18,22,30,42,72,122,106,56,58,26,26,50,70,209
185,142,34,12,10,10,8,4,0,0,2,4,4,4,4,8,8,2,8,12,14,12,6,6,2,6,8,8,10,12,10,10,12,8,10,4,6,6,4,4,14,10,14,28,68,96,134,128,34,36,255,255,255,255,32,50,8,12,44,62,48,54,2,14,6,6,8,10,6,6,8,12,12,8,10,6,6,10,12,14,12,6,4,4,6,4,10,12,8,6,6,8,8,4,4,10,12,12,8,4,4,4,2,4,4,4,6,22,20,14,8,8,10,18,12,12,6,8,16,8,8,2,4,8,8,8,8,6,4,4,6,8,8,8,10,4,6,12,20,8,2,12,10,12,20,74,152,255,255,255,255,255,255,255,255,255,255,255,226,174,122,74,40,22,18,10,16,10,6,18,18,12,20,10,66,90,74,66,76,68,28,14,28,30,44,82,136,150,92,80,84,108,255,224,100,144,96,120,118,84,76,88,154,220,255,255,198,148,128,116,94,72,58,50,66,64,44,46,56,52,38,38,44,40,42,44,36,38,44,36,14,18,18,20,120,154,80,58,20,40,40,98,170,100,18,40,36,10,10,24,26,42,52,58,58,76,68,58,134,244,255,158,8,148,255,255,182,56,148,244,255,255,255,255,255,255,255,224,122,64,28,4,6,10,6,10,16,4,12,4,4,4,4,4,4,6,4,0,0,0,0,0,0,0,0,0,0,0,0,0,0,0,0,0,0,0,0,0,0,0,0,0,0,0,0,0,0,0,0,2,6,6,4,2,0,2,6,8,8,6,4,4,4,4,2,6,2,4,0,4,8,10,24,40,18,32,48,2,58,74,22,28,46,255,255,255,255,255,218,30,86,96,60,108,118,94,50,34,26,28,10,32,106,126,52,52,56,52,32,14,44,84,106,80,40,30,30,42,46,42,56,62,54,58,58,44,36,42,104,176,186,126,92,142,144,118,158,206,226,228,210,176,168,168,184,190,194,164,120,82,114,182,146,52,54,38,64,70,140,136,126,78,16,8,30,34,88,110,62,26,62,74,12,98,172,172,118,82,86,96,86,48,46,72,90,76,22,14,16,26,24,44,44,32,42,30,30,82,130,124,118,82,102,82,96,120,90,42,10,14,10,14,20,24,30,22,14,16,18,24,24,14,26,88,140,102,40,38,56,56,40,204
188,124,8,8,10,14,10,6,4,4,6,6,6,8,8,6,4,6,12,14,12,8,2,6,8,8,10,12,10,8,6,2,8,8,12,12,12,10,6,8,8,14,10,58,104,126,150,100,64,255,255,255,255,26,52,6,12,74,80,38,46,52,22,10,4,4,8,8,6,8,10,8,10,18,14,6,6,8,6,8,14,4,2,2,6,4,6,10,8,2,4,10,8,6,4,2,2,4,2,2,2,2,4,4,12,12,12,24,20,16,12,14,12,12,6,12,8,10,14,6,12,4,8,6,6,4,4,6,6,4,4,6,6,4,6,2,8,8,16,10,16,32,84,164,255,255,255,255,255,255,255,255,255,255,255,192,136,88,64,38,8,14,24,26,26,20,14,6,34,54,54,68,74,98,142,154,152,138,160,148,84,16,14,20,20,58,156,234,186,66,112,80,232,255,238,255,200,170,100,70,90,134,154,144,120,82,68,72,68,34,26,44,34,18,22,32,32,38,54,54,40,36,42,38,44,52,40,40,52,52,36,34,34,20,68,154,112,74,60,18,38,56,124,150,52,62,18,0,20,16,26,34,38,38,34,50,76,70,82,178,255,252,112,50,228,255,255,255,255,166,60,70,176,255,255,255,255,255,255,255,255,192,68,10,6,14,8,10,4,4,4,4,4,4,4,4,2,0,0,0,0,0,0,0,0,0,0,0,0,0,0,0,0,0,0,0,0,0,0,0,0,0,0,0,0,0,0,0,0,0,2,4,6,6,2,4,6,6,6,2,0,0,0,0,0,4,2,6,2,4,8,10,20,40,40,12,42,24,26,74,64,2,30,124,255,255,255,255,255,156,72,98,30,44,80,70,24,38,46,48,44,56,72,116,82,2,74,108,80,46,46,80,124,126,124,90,90,62,26,18,18,12,28,76,90,78,62,38,38,86,146,128,94,128,104,80,102,164,182,190,188,144,80,96,102,78,66,36,14,28,50,122,128,102,24,50,100,82,118,138,108,78,54,38,38,28,22,56,74,54,44,82,92,10,90,142,138,118,156,156,124,90,30,8,40,62,54,40,38,34,28,32,10,4,14,14,8,54,122,146,112,80,36,44,84,104,102,64,24,28,30,28,30,24,22,28,8,14,8,12,20,14,10,48,140,180,102,94,114,92,62,202
193,94,4,2,8,18,8,4,6,4,6,6,6,6,6,8,6,12,12,8,4,6,6,12,16,12,12,12,10,8,4,4,2,4,6,10,12,8,6,6,4,12,32,100,144,162,156,82,194,255,255,255,68,38,28,8,42,60,26,34,62,38,10,8,6,0,4,6,10,10,10,8,6,14,8,6,12,20,26,18,8,4,2,2,2,0,2,2,6,4,4,6,0,8,10,4,4,2,4,6,6,10,14,14,20,18,18,22,16,12,10,14,6,2,6,8,0,6,6,4,8,10,10,4,6,4,2,8,8,4,2,4,8,10,12,8,4,6,16,92,188,255,255,255,255,255,255,255,255,255,255,242,182,138,84,52,26,8,12,4,16,32,62,76,72,78,82,98,112,132,148,146,166,204,184,202,234,202,250,250,168,62,16,34,10,18,92,200,228,138,136,118,110,192,194,174,134,82,76,40,60,88,96,52,48,42,18,20,60,46,38,58,48,40,28,24,36,42,52,52,44,36,34,34,40,50,48,50,64,72,66,62,68,42,56,142,156,112,86,80,72,106,132,174,106,24,20,8,32,20,20,24,32,34,32,28,46,60,54,114,242,255,230,76,60,174,255,255,255,255,255,255,255,208,60,144,255,255,255,255,255,255,255,168,32,6,4,6,4,0,0,0,0,0,0,0,0,0,0,0,0,0,0,0,0,0,0,0,0,0,0,0,0,0,0,0,0,0,0,0,0,0,0,0,0,0,0,0,0,0,0,0,2,6,4,4,6,6,6,2,0,0,0,0,2,6,4,6,4,2,6,6,10,28,42,26,16,30,6,42,78,50,22,24,218,255,255,255,255,255,44,124,144,70,42,88,60,52,40,32,14,16,38,52,62,64,60,130,116,50,14,78,128,134,130,88,28,18,50,50,60,50,48,78,108,102,94,62,34,48,82,60,14,64,58,50,40,66,94,116,124,86,54,72,122,110,104,76,52,48,36,60,90,94,88,38,32,60,46,98,110,110,64,14,8,16,26,20,32,56,44,18,76,62,8,64,108,136,154,122,132,140,96,42,42,60,52,16,14,4,12,18,20,18,24,20,20,10,58,118,106,72,70,36,44,42,68,76,46,12,2,4,12,16,18,22,8,8,12,14,18,14,0,10,80,168,148,116,130,102,70,210
198,62,8,8,10,12,2,4,4,2,6,6,6,6,6,6,6,10,6,8,6,2,6,16,18,12,10,8,8,6,2,2,8,8,4,6,4,4,10,10,8,8,72,136,184,212,182,162,255,255,255,96,32,30,38,44,28,36,42,62,56,20,4,6,8,8,8,6,6,4,4,4,2,12,8,6,8,6,10,12,6,8,4,6,6,4,6,2,6,4,4,6,8,12,6,4,2,8,8,8,4,10,16,14,18,16,16,16,10,8,10,14,14,10,4,2,6,8,4,2,4,8,12,10,8,8,10,12,6,4,2,2,6,10,14,22,60,136,255,255,255,255,255,255,255,255,255,255,228,164,122,78,50,28,14,8,18,16,20,22,34,82,122,112,82,88,126,158,178,212,210,172,188,202,132,86,106,26,138,210,176,88,24,32,30,14,32,98,156,126,60,42,36,56,10,14,42,106,188,168,204,204,194,164,64,36,38,32,48,38,32,52,36,48,50,28,32,40,48,52,54,48,36,38,50,58,60,62,68,68,58,56,60,66,62,98,166,156,102,170,190,200,244,242,164,40,28,28,18,18,24,30,34,32,24,24,34,46,42,52,148,255,255,176,42,48,122,116,48,56,174,255,255,255,255,255,255,118,142,255,255,255,255,255,108,14,14,12,4,0,0,0,0,0,0,0,0,0,0,0,0,0,0,0,0,0,0,0,0,0,0,0,0,0,0,0,0,0,0,0,0,0,0,0,0,0,0,0,0,0,0,0,0,4,4,2,6,8,8,6,4,4,4,4,4,6,2,4,6,2,4,6,2,10,30,34,10,20,28,6,62,84,28,28,50,255,255,255,255,255,198,62,100,88,40,112,134,114,68,46,48,56,42,24,70,92,32,68,102,62,58,44,76,80,60,64,76,80,60,48,48,32,10,24,60,60,60,38,6,38,80,88,40,102,88,56,28,8,26,70,110,94,46,28,64,66,80,86,32,22,34,54,102,122,132,104,28,24,16,86,170,196,166,86,44,38,28,30,16,56,90,72,52,44,54,48,30,40,44,22,58,112,114,62,14,78,100,70,26,24,18,12,8,6,12,2,4,16,26,78,76,44,16,58,58,60,50,60,68,46,22,18,12,12,10,6,8,14,18,16,26,24,10,2,24,94,110,32,58,58,20,217
201,40,6,10,14,4,2,8,8,6,8,6,4,4,4,4,4,6,8,4,4,8,10,10,8,6,6,4,6,8,6,8,4,8,4,8,8,16,14,10,4,44,128,188,222,230,200,255,255,255,204,26,22,44,70,34,8,14,22,30,18,8,6,6,2,2,0,4,6,8,12,10,6,10,8,6,16,14,16,12,2,4,2,8,8,4,8,8,8,6,4,0,8,6,6,6,4,6,2,6,2,10,14,14,22,18,16,4,4,4,8,6,10,18,18,4,10,8,8,10,8,4,6,6,8,16,12,4,12,8,2,8,16,46,108,242,255,255,255,255,255,255,255,255,255,218,144,96,66,36,18,22,20,14,16,20,48,44,62,28,48,114,136,98,68,82,92,122,136,122,88,60,2,64,132,124,234,198,198,206,134,102,64,46,36,38,64,58,48,84,78,90,150,188,170,162,148,116,138,146,108,196,174,150,82,24,40,30,40,24,24,46,28,38,54,36,36,46,46,48,56,58,52,50,50,46,46,54,68,72,58,52,40,62,70,56,130,206,192,232,255,200,255,255,255,122,22,48,42,54,52,32,34,28,28,30,16,34,38,16,44,184,255,255,112,16,90,128,76,84,94,58,56,224,255,255,255,255,255,255,218,255,255,255,106,24,40,46,62,102,162,178,178,138,94,44,6,16,16,14,2,4,4,6,6,4,4,0,4,4,4,4,4,4,4,2,4,4,4,2,0,0,0,0,0,0,0,0,0,2,4,4,2,4,4,0,4,10,16,12,4,4,4,6,0,6,4,4,4,2,4,8,4,2,14,30,30,4,28,24,36,88,74,28,32,150,255,255,255,255,255,154,80,116,84,92,130,110,68,46,30,22,10,36,72,144,130,38,78,96,52,16,42,90,104,92,56,26,30,38,62,74,52,64,64,44,56,48,28,52,106,108,50,124,148,128,86,48,36,42,92,122,110,76,78,48,22,60,50,54,46,36,48,100,122,106,46,28,86,104,172,230,218,134,56,12,18,26,30,40,62,84,68,20,56,106,120,100,76,48,6,64,112,104,34,44,90,92,28,18,18,20,16,16,10,8,22,20,8,60,104,62,80,102,88,58,14,36,68,56,22,12,16,18,18,24,26,18,20,18,18,10,8,10,10,22,72,50,42,98,66,218
204,34,6,6,8,2,6,12,12,12,12,10,8,6,6,8,6,6,10,6,8,14,12,4,6,12,6,2,4,10,6,14,16,16,4,24,42,48,64,68,74,154,230,255,252,188,255,255,255,255,18,38,30,62,50,8,14,8,2,8,16,16,18,10,16,14,8,4,4,4,4,8,12,8,8,6,4,4,2,4,4,8,8,6,6,6,4,6,6,8,4,6,6,2,10,4,8,2,8,4,6,14,14,18,22,10,14,10,6,6,6,6,6,10,12,10,16,4,12,18,20,16,24,14,6,14,12,10,6,10,38,88,166,255,255,255,255,255,255,255,255,255,212,138,94,60,24,10,8,12,6,4,14,16,14,34,80,76,108,104,68,128,110,40,10,22,20,82,108,144,192,224,236,212,208,148,146,172,182,152,74,84,84,98,108,110,120,98,80,152,192,158,176,204,142,150,64,58,124,248,188,220,214,186,110,32,22,22,34,30,30,42,34,32,40,30,34,50,46,42,44,46,48,50,50,44,42,48,62,74,70,62,46,58,70,58,96,204,255,255,236,160,224,255,255,255,30,54,50,46,66,34,44,54,34,30,20,30,46,44,38,90,255,255,200,98,138,134,68,36,74,104,132,88,22,64,228,255,255,255,255,255,255,255,74,36,94,194,255,255,255,255,255,255,255,255,244,132,66,42,32,18,12,2,6,10,8,6,10,6,2,8,6,4,2,6,6,2,4,8,4,0,0,0,0,0,0,0,0,4,6,6,4,4,4,2,10,12,16,16,4,2,2,6,4,4,4,4,4,2,2,6,8,4,4,18,32,22,8,34,8,56,68,56,20,14,255,255,255,255,255,255,84,84,116,68,82,70,36,20,34,34,44,40,14,68,92,50,92,148,112,56,48,64,98,94,80,82,78,54,30,18,32,36,10,50,92,80,38,68,132,126,62,88,128,134,104,56,28,50,100,140,134,84,12,46,42,60,76,58,26,22,36,56,98,108,78,40,72,56,46,132,164,112,54,46,38,34,26,6,12,24,40,58,50,50,100,94,76,56,38,14,78,136,120,38,46,60,48,12,8,20,16,2,16,26,30,32,34,20,98,120,148,144,110,122,74,12,50,58,34,18,12,8,12,14,4,8,12,14,14,18,22,20,12,14,58,96,52,38,80,220
205,28,8,14,6,8,6,10,4,6,10,10,10,10,10,10,6,6,6,10,14,10,10,6,12,18,4,4,6,10,4,6,16,8,4,36,76,120,164,158,180,252,255,255,212,164,255,255,255,22,52,54,64,62,14,12,8,10,6,4,6,14,22,18,12,14,12,8,4,4,6,6,4,8,12,12,10,6,4,8,6,0,2,2,4,6,8,12,10,14,12,10,6,2,6,10,12,8,10,12,18,20,16,18,12,2,8,16,10,18,6,2,2,16,12,12,6,14,4,10,12,4,8,10,16,12,12,16,46,120,248,255,255,255,255,255,255,255,255,210,150,108,62,26,14,14,14,8,4,6,4,6,8,20,20,48,92,98,98,166,84,112,90,72,96,108,104,126,206,230,218,250,216,174,116,32,6,42,36,16,42,96,122,94,154,156,134,96,100,144,130,38,48,130,140,220,216,198,158,236,236,255,255,202,104,26,26,20,26,32,32,32,34,38,38,26,24,40,42,40,38,36,36,36,44,50,48,48,50,56,60,60,58,60,56,60,80,156,255,255,255,216,36,240,255,255,160,28,48,50,78,54,62,70,56,56,38,30,32,58,70,44,180,255,255,192,142,108,72,56,50,84,116,106,76,80,68,34,80,216,255,255,255,164,22,74,230,255,255,255,255,255,255,255,255,255,255,255,255,255,178,82,34,34,36,26,10,4,4,10,12,6,10,16,18,12,4,4,8,10,4,0,0,0,0,0,0,0,0,4,4,4,4,4,4,6,14,10,12,18,8,2,4,6,2,0,0,0,0,0,0,0,4,4,2,8,24,24,6,26,22,10,48,80,6,40,100,255,255,255,255,255,192,54,140,114,50,52,52,42,32,4,6,22,62,132,192,178,148,202,164,84,10,70,122,140,108,66,40,40,54,52,102,66,76,60,102,108,52,44,104,94,36,24,70,102,96,76,70,52,42,72,88,92,62,48,84,102,104,90,62,28,6,30,102,144,128,96,88,82,110,142,130,94,72,60,40,18,16,34,52,50,24,54,102,54,40,62,60,62,64,32,24,104,152,84,34,44,96,82,98,94,112,74,28,20,20,20,10,18,32,60,88,72,38,96,96,38,54,78,74,46,24,20,26,24,32,34,28,18,12,6,6,4,4,4,24,74,86,16,70,215
206,22,10,20,14,16,6,8,6,4,8,8,10,12,12,10,8,14,6,22,16,12,14,14,8,10,2,6,10,12,6,4,10,6,20,62,146,255,255,255,255,255,252,234,148,255,255,255,54,66,64,84,84,28,8,8,4,6,8,10,12,12,8,12,20,20,16,8,4,6,10,12,6,6,6,4,6,6,4,4,10,8,6,2,0,0,2,6,6,2,4,6,8,4,14,20,18,14,16,20,24,22,18,16,8,0,6,12,18,16,14,6,2,12,14,8,18,30,20,4,18,12,16,14,14,24,76,182,255,255,255,255,255,255,255,255,248,178,108,52,34,20,14,12,14,20,20,16,10,8,6,10,6,16,22,66,120,104,32,82,78,34,92,116,118,112,122,176,180,136,122,110,80,104,124,160,122,160,90,102,120,120,120,80,122,64,88,6,50,26,96,168,228,242,255,255,226,192,148,176,164,164,160,118,54,40,40,34,32,32,32,32,34,40,42,32,30,38,40,40,40,40,40,32,28,34,34,38,44,48,52,56,60,64,52,46,60,106,240,255,255,255,150,100,255,255,255,66,44,60,72,64,76,70,58,56,58,60,54,50,74,22,82,234,255,208,122,12,74,80,32,60,106,126,116,94,64,76,74,76,70,36,36,14,28,120,255,255,255,255,255,255,255,255,255,255,255,255,255,255,255,255,255,180,118,68,40,26,12,10,10,8,12,12,8,8,6,6,12,8,10,0,0,0,0,0,0,0,0,4,4,6,4,4,6,10,14,8,12,18,10,4,6,6,2,0,0,0,0,0,0,0,4,4,2,2,20,28,16,10,28,22,30,92,60,26,30,170,255,255,255,255,255,116,32,74,64,74,120,100,54,28,24,32,70,146,198,162,116,182,158,94,44,32,56,80,76,78,94,84,76,40,72,42,24,28,38,78,86,12,122,150,102,58,70,78,84,88,56,34,30,72,114,82,36,22,48,68,52,56,46,34,34,34,80,142,166,142,108,94,132,118,82,80,100,94,86,48,32,20,18,6,32,32,86,102,58,30,56,96,114,90,42,28,88,108,122,150,168,194,216,174,188,156,66,38,34,34,30,32,24,20,20,44,52,82,98,64,54,102,110,84,44,20,20,20,14,8,2,16,24,22,22,22,22,10,22,40,88,62,22,206
207,10,10,16,12,18,8,10,12,16,12,8,12,14,12,12,10,16,20,34,22,22,28,20,14,4,4,4,12,12,8,8,10,28,58,106,226,255,255,228,238,162,198,148,214,255,255,156,58,50,58,72,32,20,12,4,2,2,6,10,10,10,20,20,10,4,4,4,6,8,10,8,6,6,10,12,10,4,4,4,6,4,6,6,2,0,2,2,8,6,2,4,6,10,20,18,10,8,10,14,16,12,10,8,2,0,2,6,14,8,18,16,10,8,10,18,20,16,22,18,16,10,12,48,112,246,255,255,255,255,255,255,255,255,182,126,82,52,22,6,8,10,8,6,10,18,20,18,12,8,8,10,4,8,16,58,130,164,140,98,112,114,128,128,108,100,128,148,102,54,50,28,48,98,152,182,108,174,106,92,40,44,60,38,80,130,214,126,154,114,172,194,202,178,168,154,134,132,84,92,88,78,62,32,8,18,26,38,40,32,30,28,30,34,36,32,36,44,44,42,42,44,42,36,32,36,38,40,44,46,48,56,60,66,56,44,50,58,132,255,255,255,255,40,210,255,255,194,56,66,70,70,88,84,96,86,66,68,54,48,80,36,40,132,186,168,116,112,120,166,114,68,108,138,126,110,88,82,74,78,102,110,80,74,88,196,255,255,255,250,136,98,88,110,170,255,255,255,255,255,255,255,255,255,255,255,194,114,76,50,36,14,10,6,16,14,16,4,20,18,14,4,4,2,0,0,0,0,0,4,4,6,2,4,8,10,10,4,8,16,12,8,10,6,4,0,0,0,0,0,0,0,4,4,2,4,10,28,28,12,14,30,10,46,76,40,22,2,255,255,255,255,255,255,90,82,78,30,98,102,62,38,12,28,68,132,166,126,94,152,118,106,78,42,24,60,88,86,56,46,56,90,110,74,50,60,50,34,70,44,52,80,70,42,14,52,120,152,114,68,40,26,106,142,116,80,70,44,38,54,54,42,18,6,10,70,128,130,88,70,80,48,18,60,120,120,100,32,8,28,34,40,42,26,26,64,68,40,104,104,170,170,130,126,192,248,255,238,210,224,194,202,182,170,106,46,8,8,4,8,22,38,52,58,50,44,80,104,36,46,86,86,44,22,16,20,28,28,24,24,18,4,4,4,10,6,18,10,54,86,50,199
208,6,6,8,4,12,8,12,20,18,8,2,12,14,10,10,10,16,30,38,36,40,38,26,22,10,6,10,14,12,10,20,28,42,76,154,255,255,176,28,92,30,122,132,255,255,255,42,54,60,92,50,14,20,10,8,6,6,2,8,16,20,18,6,10,16,14,10,10,12,14,16,4,16,12,6,4,8,14,6,8,6,4,2,4,4,6,6,6,4,2,4,4,10,14,6,2,0,4,6,4,6,8,10,6,2,0,4,10,4,12,22,2,16,40,30,12,14,14,18,20,34,116,255,255,255,255,255,255,255,255,228,160,108,68,26,4,4,8,12,6,14,14,18,6,6,8,10,10,8,8,8,6,8,12,26,84,132,144,118,144,136,98,74,70,68,72,60,30,28,20,26,60,116,190,226,112,48,72,64,124,136,120,98,148,198,200,160,206,180,192,160,128,76,62,62,52,52,40,34,24,36,36,36,36,26,8,6,22,30,28,24,26,30,32,26,28,36,38,36,34,38,38,36,38,44,48,48,46,42,40,54,64,74,68,56,64,52,74,190,255,255,255,220,72,255,255,255,110,52,78,72,78,74,102,112,84,72,48,52,72,52,44,82,150,190,180,160,102,216,234,110,42,120,104,92,102,96,72,56,68,94,82,86,110,180,208,255,255,255,255,255,166,64,24,42,118,206,255,255,255,255,255,255,255,255,255,255,255,162,104,76,36,12,20,22,8,10,6,12,12,4,6,6,4,2,0,0,0,2,2,2,0,4,8,8,8,4,6,12,12,14,18,6,4,0,0,0,0,0,0,0,4,6,2,4,2,22,34,22,6,22,18,6,56,78,30,24,74,255,255,255,255,255,176,12,116,96,80,54,38,48,54,48,100,178,220,186,124,124,62,120,130,90,38,30,90,126,132,102,98,90,88,58,32,10,36,32,80,84,56,30,52,52,54,76,126,172,138,78,34,18,54,116,140,102,42,76,100,124,120,106,66,42,46,50,66,98,70,26,24,14,94,104,118,146,124,60,26,18,4,4,6,24,36,28,46,80,108,90,138,182,158,182,246,255,228,146,118,44,24,82,134,172,182,130,130,116,108,78,48,34,42,22,22,8,50,122,122,48,34,74,58,28,16,22,16,6,4,6,14,24,30,30,32,26,24,24,20,88,116,199
209,2,8,8,2,10,12,18,24,20,18,14,34,42,36,38,36,36,58,60,82,104,100,78,36,24,14,20,16,8,8,16,18,34,102,228,255,254,42,164,108,120,170,255,255,255,38,68,80,114,98,26,22,8,10,4,10,14,6,8,12,12,10,2,4,4,10,14,14,12,8,14,10,14,20,18,14,12,10,10,16,10,6,4,2,4,4,4,4,2,2,2,8,12,12,6,4,4,8,8,2,2,6,10,12,6,2,6,14,12,16,26,14,10,18,18,28,4,10,70,162,255,255,255,255,255,255,255,255,204,132,84,52,16,14,14,2,8,6,14,6,10,12,12,12,6,4,6,8,8,10,14,16,14,12,12,32,64,78,72,88,68,24,14,20,24,10,16,10,18,16,26,58,114,196,255,240,162,194,208,196,170,134,130,184,156,102,86,136,108,118,86,48,30,34,30,18,10,18,40,20,16,12,10,16,26,26,18,18,28,28,24,24,26,28,26,26,28,30,30,28,32,34,30,30,38,46,48,46,38,30,40,50,70,72,58,74,64,58,96,236,255,255,255,120,198,255,255,255,50,68,80,68,56,78,104,98,90,78,70,60,52,54,64,140,255,255,198,74,164,255,250,68,104,116,92,96,86,82,84,66,70,72,46,50,78,172,255,255,255,255,255,255,240,164,104,38,22,86,162,208,255,255,255,255,255,255,255,255,255,255,226,126,50,18,16,26,10,16,6,8,4,6,6,6,6,4,2,0,0,0,0,0,6,12,10,8,4,4,8,10,18,26,14,4,0,0,0,0,0,0,2,2,4,6,2,4,12,30,28,10,18,18,14,32,72,46,10,20,144,255,255,255,255,255,96,70,118,46,30,62,62,40,22,12,82,134,120,60,68,22,38,108,102,42,40,88,130,136,84,24,18,42,20,42,56,54,52,60,74,36,66,92,116,86,56,52,136,128,86,48,38,28,36,64,118,148,106,92,122,114,108,82,42,34,10,46,96,96,62,20,62,116,88,72,150,164,118,46,36,36,36,30,28,32,34,24,76,136,94,24,96,96,140,170,104,98,124,166,204,140,82,76,192,255,240,255,244,214,152,74,10,14,32,40,36,32,82,128,98,14,76,104,80,44,18,22,24,18,10,4,6,12,12,8,14,20,32,30,44,88,211
209,12,14,12,12,16,16,24,34,34,32,38,74,88,78,78,84,64,100,100,140,160,166,150,62,30,14,20,12,8,6,18,42,70,138,254,255,100,118,152,84,255,255,255,255,164,30,76,102,88,6,22,14,24,16,6,4,8,12,16,20,18,12,2,4,4,8,14,14,14,12,8,10,4,8,16,18,12,2,14,10,4,2,2,6,6,4,4,6,10,8,10,14,18,16,12,8,10,14,12,10,8,4,2,12,12,8,14,12,16,12,20,8,10,14,26,22,72,208,255,255,255,255,255,255,255,255,174,120,76,26,10,4,16,18,4,6,6,4,10,12,4,6,8,6,6,8,10,12,12,16,20,20,20,20,16,12,22,28,20,24,14,8,12,20,2,16,14,14,20,12,12,24,66,134,202,228,230,234,216,184,140,126,126,124,72,48,40,44,36,46,24,8,4,14,14,38,22,28,36,32,24,16,8,10,18,26,22,20,26,24,18,18,22,22,24,34,40,40,40,38,40,42,36,26,26,38,46,48,42,34,38,30,42,52,34,56,60,50,58,130,255,255,255,255,20,255,255,255,146,42,80,76,64,76,94,94,92,94,86,62,64,76,68,98,240,255,255,164,42,206,255,188,24,86,96,116,100,92,100,82,66,54,32,22,56,116,180,255,255,255,255,255,255,255,204,128,82,56,16,34,76,134,200,255,255,255,255,255,255,255,255,255,255,142,42,36,36,8,8,2,4,6,6,4,4,6,6,2,0,0,0,0,8,14,8,6,6,4,8,10,18,30,22,6,0,0,0,0,0,0,4,2,2,6,2,6,2,22,36,28,4,32,38,4,56,74,24,26,12,255,255,255,255,255,244,54,68,102,68,122,108,78,72,56,36,86,92,44,48,58,28,58,92,78,52,32,70,82,96,74,32,46,34,24,38,64,74,70,82,74,72,68,134,112,82,14,90,110,116,98,56,34,60,96,128,86,48,32,60,86,86,70,34,34,44,54,94,124,112,88,102,84,28,34,102,150,158,116,46,16,14,14,16,24,32,40,74,148,148,64,8,20,62,64,68,118,168,228,158,80,94,128,160,224,244,228,255,255,198,108,24,30,24,20,18,8,20,82,106,46,54,112,122,96,40,8,4,12,20,26,28,34,38,28,20,10,16,68,124,138,213
208,22,26,20,24,38,42,60,78,98,86,78,112,138,134,124,124,90,96,96,110,86,104,150,84,32,10,14,6,14,22,32,68,114,180,242,180,58,176,22,244,255,255,255,224,16,88,116,100,36,38,14,18,24,24,8,6,4,6,10,16,18,14,2,6,4,6,6,10,18,22,6,12,16,18,26,32,24,10,8,10,6,2,2,8,10,8,6,4,4,8,12,12,10,6,4,2,8,22,16,14,6,10,8,2,14,18,8,10,6,2,12,12,20,30,82,204,255,255,255,255,255,255,255,250,174,108,56,26,0,16,2,8,20,26,16,2,8,6,4,6,10,10,8,10,10,8,10,12,14,18,18,14,10,14,14,12,14,16,12,8,12,8,8,12,6,6,12,4,2,10,8,4,22,62,112,118,118,126,132,92,30,28,38,28,16,18,10,20,22,12,20,18,24,14,8,26,20,20,18,22,24,28,28,30,26,22,14,12,20,22,18,18,22,22,22,22,28,30,32,30,30,32,36,32,26,34,42,44,38,32,42,30,34,48,32,42,50,50,60,88,210,255,255,255,196,158,255,255,255,68,54,64,64,60,82,86,72,86,94,76,70,76,82,74,164,255,255,255,76,104,255,255,110,24,68,96,88,86,80,70,68,44,24,18,16,34,88,162,234,255,255,255,255,255,255,234,166,126,78,58,34,22,62,94,148,222,255,255,255,255,255,255,255,255,255,166,100,62,20,4,8,10,8,4,4,2,6,8,4,4,2,2,10,16,6,6,10,4,4,6,10,26,30,16,2,2,4,4,4,4,4,2,4,4,6,6,4,14,30,40,42,38,46,32,14,80,64,16,48,74,255,255,255,255,255,178,86,74,22,60,76,44,28,44,42,96,108,50,22,42,30,48,108,100,64,32,78,106,86,34,32,56,52,46,42,48,52,48,18,58,90,16,104,140,126,70,78,76,136,140,106,56,26,46,134,156,130,80,22,60,94,90,60,44,34,18,18,62,124,122,64,26,80,108,100,64,70,98,56,48,40,34,42,38,28,20,28,106,146,88,42,46,40,20,60,72,66,56,38,86,120,162,120,100,90,88,168,212,190,126,46,18,18,18,22,24,20,38,114,108,36,58,94,104,68,32,26,14,20,12,6,18,36,34,32,78,158,246,255,238,190
205,54,76,72,82,104,94,110,128,154,120,112,98,118,102,90,72,42,16,58,68,90,110,116,70,30,14,10,12,30,24,40,72,90,140,200,150,46,104,216,255,255,255,255,56,84,112,104,66,10,30,12,18,12,16,14,10,6,4,6,14,16,16,8,6,12,16,10,10,2,18,16,4,12,26,16,20,32,14,2,4,6,4,4,14,18,16,20,16,16,20,18,16,18,20,18,22,4,22,16,22,12,8,10,8,14,18,10,10,20,16,22,30,108,234,255,255,255,255,255,255,255,204,128,82,40,8,8,4,10,6,10,8,10,16,16,2,14,6,4,4,4,8,4,8,10,8,10,12,14,14,14,12,10,8,12,14,16,18,18,16,8,6,8,12,16,22,12,2,2,8,10,8,12,18,28,16,14,28,48,50,20,20,18,12,4,2,4,8,8,8,14,12,18,10,6,8,10,8,12,18,16,14,10,6,16,22,20,12,14,20,18,18,18,16,14,12,12,14,18,20,20,20,26,26,20,26,34,36,30,24,34,32,32,42,38,38,40,38,46,46,96,255,255,255,255,82,255,255,255,154,36,48,68,40,56,80,64,76,90,94,84,68,76,76,108,238,255,255,206,10,182,255,232,46,48,70,62,80,90,94,100,84,58,46,28,16,38,90,150,238,255,255,255,255,255,255,248,184,116,94,84,54,26,4,22,70,132,174,238,255,255,255,255,255,255,255,255,210,108,46,18,8,6,18,20,2,4,12,10,2,2,2,6,14,8,4,10,10,6,4,2,12,30,26,6,4,6,8,6,6,4,4,2,2,4,4,2,4,14,50,58,32,40,44,32,54,108,36,40,34,150,255,255,255,255,252,66,82,104,56,44,42,58,86,56,74,100,62,50,86,72,86,146,152,118,70,64,58,110,122,90,64,10,38,52,56,50,38,78,74,142,112,22,118,134,84,38,66,138,144,90,42,52,52,98,134,144,114,42,48,122,142,118,86,50,40,46,38,102,162,140,114,196,188,160,102,52,68,78,34,16,12,38,38,30,32,40,68,112,120,138,142,134,138,156,174,150,142,106,94,54,148,176,140,138,178,218,236,182,106,52,10,16,8,2,12,16,14,78,166,156,36,104,146,172,120,36,20,30,38,50,40,36,30,68,168,255,255,255,255,168
200,118,134,116,118,128,92,102,104,98,60,68,6,84,104,126,120,88,60,94,98,112,108,112,72,20,20,12,14,26,8,30,52,78,160,214,132,54,136,255,255,255,255,148,38,110,106,72,26,4,16,20,6,8,12,4,12,8,14,14,12,12,14,12,8,6,8,4,16,12,24,6,16,14,22,26,46,38,6,4,2,4,8,6,18,14,10,18,18,16,12,8,10,20,20,18,28,16,20,22,26,28,20,32,26,18,14,12,24,28,34,98,250,255,255,255,255,255,255,255,190,120,78,26,4,10,8,8,2,10,6,6,2,10,16,12,4,10,4,8,4,4,8,6,8,6,10,14,16,16,12,10,8,10,8,10,10,16,18,18,20,32,10,6,4,4,12,14,8,2,8,6,10,48,100,132,144,156,156,154,154,128,88,42,8,2,4,2,0,2,4,10,12,18,18,16,16,14,6,8,8,10,10,8,6,10,12,16,18,16,18,16,16,16,12,14,16,18,20,22,26,26,26,30,22,12,18,28,32,28,24,30,28,22,24,28,34,38,32,32,24,36,148,255,255,255,255,255,255,255,222,72,44,80,64,64,82,74,76,78,92,100,86,76,72,76,126,255,255,255,120,62,255,255,148,30,92,76,64,76,98,92,78,60,62,52,24,12,22,74,160,208,234,255,255,255,255,255,238,176,156,126,70,48,40,26,16,14,42,80,142,224,255,255,255,255,255,255,255,255,222,120,56,16,8,24,12,14,14,14,6,2,6,12,12,8,4,4,8,8,6,2,2,20,30,16,2,6,4,8,6,2,4,0,0,0,0,0,0,8,58,72,18,18,40,60,6,94,96,20,34,14,255,255,255,255,255,208,60,78,56,52,96,82,62,28,36,58,72,84,98,68,54,92,108,94,52,34,64,90,110,96,46,122,136,100,92,104,84,92,68,104,140,66,52,118,102,84,90,106,166,102,76,56,30,38,54,90,104,98,60,92,138,136,118,72,28,14,26,74,138,108,98,136,122,106,128,68,30,90,88,56,44,44,52,36,22,18,34,110,156,168,154,140,158,188,206,148,122,44,96,116,182,255,254,208,234,255,255,194,132,72,30,42,24,24,44,30,26,2,66,172,216,198,255,255,255,180,88,56,44,22,14,4,32,88,158,238,230,174,212,104
182,134,112,70,48,46,36,8,42,76,98,122,102,108,140,148,110,64,44,48,70,74,54,54,20,16,20,16,20,22,14,18,52,100,190,196,138,130,162,255,255,255,224,16,86,124,110,54,12,6,14,26,26,8,4,10,10,24,20,12,12,10,12,8,14,22,20,14,12,6,16,8,6,6,10,10,24,14,8,4,4,2,10,4,18,20,10,8,12,12,6,6,10,26,30,30,26,12,14,16,20,14,28,38,18,20,14,48,50,100,254,255,255,255,255,255,255,255,182,104,46,18,8,26,20,10,8,6,4,8,2,8,8,16,26,28,14,20,10,16,8,10,8,10,8,8,12,14,14,12,6,4,0,4,2,4,2,10,12,8,0,24,22,18,16,12,12,4,12,8,10,16,74,148,190,180,142,104,82,86,146,192,186,144,88,50,32,12,6,4,4,10,8,12,6,0,2,10,16,14,12,10,10,14,16,18,18,16,18,18,18,18,18,16,14,16,16,18,20,20,24,24,24,36,32,20,22,28,32,28,22,28,28,20,20,24,34,46,50,46,34,24,56,210,255,255,255,255,255,255,206,102,46,66,84,90,88,82,82,70,68,84,92,94,80,78,86,188,255,255,255,56,170,255,236,44,76,86,52,30,64,76,64,48,54,52,30,14,10,20,92,132,148,206,255,255,255,255,255,214,198,178,118,82,72,54,42,28,12,2,18,62,126,198,255,255,255,255,255,255,255,255,255,120,58,26,12,10,16,16,16,10,10,12,10,10,4,0,6,8,10,8,2,14,30,28,12,4,4,4,2,2,2,0,0,0,0,0,0,6,38,72,62,28,22,72,78,10,96,80,42,88,68,255,255,255,255,255,184,48,118,76,146,140,96,60,38,34,82,122,120,80,84,68,48,76,74,70,38,28,42,116,152,148,102,76,52,48,46,20,64,58,70,100,36,68,136,122,80,38,130,126,92,80,48,54,48,70,140,146,92,44,72,110,112,80,42,30,22,26,96,90,4,76,118,38,88,98,26,70,88,52,16,18,22,24,18,24,50,134,216,222,162,114,82,90,128,140,176,182,152,178,190,202,198,102,122,178,170,134,110,54,24,16,18,24,42,58,100,130,150,255,255,255,255,255,255,255,166,76,22,22,12,4,28,86,142,206,186,134,200,116
