164,78,52,32,30,30,64,78,110,118,130,120,86,54,66,64,40,26,18,16,16,16,14,10,12,18,14,24,56,66,66,56,60,106,166,190,182,188,202,255,255,242,40,80,116,136,88,18,12,6,10,20,34,20,16,6,20,16,14,10,6,4,12,12,8,16,12,8,4,4,10,4,0,6,2,2,14,14,14,8,8,8,14,16,28,24,8,0,4,10,10,6,2,10,8,10,4,2,8,28,20,10,10,20,14,10,24,52,114,255,255,255,255,255,255,255,178,116,62,12,14,18,24,18,4,6,10,6,4,2,6,14,12,12,20,30,24,22,14,20,20,16,16,16,10,10,12,10,10,6,6,2,2,4,4,6,2,6,8,2,2,14,20,16,10,4,2,10,16,4,30,96,176,200,144,40,54,96,96,106,48,56,136,176,166,144,136,110,74,42,22,14,4,10,8,0,2,4,8,12,14,12,14,12,14,14,12,6,8,14,14,14,16,12,10,12,12,14,16,14,16,18,16,28,32,24,22,22,24,22,18,24,28,24,20,18,26,40,48,46,50,54,50,92,236,255,255,255,255,238,164,100,68,42,68,72,72,76,86,72,54,62,74,92,82,96,104,108,255,255,255,238,108,210,244,94,12,80,104,62,62,80,70,54,60,66,54,38,28,16,60,102,120,168,214,230,255,255,255,255,255,255,238,196,162,124,98,90,68,30,8,6,20,42,112,206,255,255,255,255,255,255,255,255,255,154,68,14,4,18,28,32,20,10,2,6,2,4,2,4,8,10,6,6,22,30,24,8,2,4,2,2,2,0,0,0,0,0,0,6,6,34,62,50,56,58,112,80,40,140,202,204,224,186,255,255,255,255,255,112,78,70,108,88,46,28,38,38,90,150,172,120,64,28,46,122,144,104,54,58,80,108,90,106,90,66,72,74,74,54,38,40,40,86,94,18,114,156,128,118,136,80,94,100,66,24,16,42,120,184,170,94,18,106,132,120,86,56,34,32,32,78,46,46,102,94,24,132,86,14,64,66,44,28,34,42,26,12,8,74,196,255,240,238,254,255,252,242,202,128,72,40,18,64,126,92,112,178,136,82,68,42,40,52,94,116,170,244,255,255,244,255,255,255,244,255,255,255,218,80,32,18,2,8,14,68,132,160,194,202,200,167
161,40,56,64,22,8,44,66,82,64,48,32,12,10,12,10,8,16,24,22,22,24,10,6,14,12,12,68,142,174,170,178,118,152,172,184,188,204,234,255,255,118,18,90,132,138,48,32,8,4,8,14,26,16,16,8,24,6,14,18,16,8,6,4,8,16,10,4,2,6,4,12,14,20,10,6,10,6,16,14,16,24,22,24,26,18,4,6,8,8,4,6,14,16,12,12,16,10,34,24,10,12,14,40,34,30,114,216,255,255,255,255,255,255,164,82,48,14,4,6,6,10,20,26,22,16,10,10,10,12,16,14,8,4,6,14,18,12,6,10,16,16,12,14,14,12,10,8,6,2,6,6,8,12,6,8,4,8,10,6,6,8,10,10,8,4,12,24,10,66,122,184,206,118,32,166,204,158,128,164,186,148,66,30,80,104,144,166,166,154,132,90,44,14,2,6,4,4,0,6,14,18,18,18,18,16,12,6,10,12,14,14,16,14,10,8,8,10,14,14,12,14,14,18,24,24,22,20,20,20,18,24,34,36,30,22,22,28,36,32,34,38,38,58,116,192,226,180,132,118,74,82,84,34,54,56,56,64,88,90,74,72,72,80,60,82,118,92,174,255,255,255,202,255,234,80,40,46,118,100,72,82,76,58,56,62,56,50,50,34,34,54,82,126,168,196,226,255,255,255,255,255,255,255,255,255,255,222,184,132,88,50,14,2,14,48,104,190,255,255,255,255,255,255,255,255,255,146,48,24,32,40,48,30,8,6,2,4,0,0,4,8,8,4,12,26,30,18,6,6,6,0,2,0,0,0,0,0,0,10,10,8,64,66,70,82,128,172,100,188,242,112,120,44,196,255,255,255,255,226,42,106,108,52,50,60,56,40,42,84,116,86,50,84,66,118,170,148,76,26,26,98,144,164,148,106,74,34,10,38,38,18,18,70,112,68,60,158,146,174,118,52,14,50,52,38,30,36,54,122,146,104,54,78,124,140,116,80,50,34,32,48,106,34,48,90,66,72,146,82,42,80,70,34,20,26,18,42,26,16,114,184,194,204,246,226,206,158,92,14,86,134,182,184,208,188,160,255,255,255,186,118,64,46,102,162,244,255,255,255,218,194,222,206,178,80,255,255,255,134,26,14,28,46,94,186,194,82,68,152,170,172
168,62,66,48,12,32,68,76,66,36,14,14,10,14,8,10,14,22,30,20,12,16,14,14,22,28,60,152,255,255,255,255,222,130,132,120,148,250,255,255,202,62,34,110,148,102,28,36,12,10,14,24,24,6,8,16,18,4,2,4,12,10,2,6,10,8,8,10,14,14,14,18,8,14,16,12,6,6,16,10,12,28,16,10,4,4,8,10,4,2,4,8,8,2,12,20,14,16,30,30,40,22,24,28,150,255,255,255,255,255,255,255,172,116,36,18,12,4,6,4,4,6,10,16,18,20,20,22,18,14,14,10,6,4,4,6,10,18,12,16,6,10,6,8,12,10,8,6,2,0,2,8,10,16,8,8,4,8,10,8,2,8,8,10,10,12,4,30,100,162,172,150,76,64,180,188,84,22,34,16,60,128,166,150,110,72,22,30,80,136,172,174,146,118,96,70,52,36,16,10,4,6,8,14,20,24,22,16,16,14,16,18,18,18,18,14,12,12,14,16,14,12,14,16,20,24,24,24,24,26,24,22,28,34,34,26,18,24,32,28,34,28,18,42,84,134,144,66,36,44,52,56,106,44,34,62,62,58,74,84,86,90,86,82,48,56,94,84,126,254,255,255,255,254,176,66,44,32,76,96,68,78,76,58,48,46,38,26,30,36,18,20,44,84,134,196,250,255,255,255,255,255,255,255,255,255,255,255,255,255,255,168,96,64,16,12,10,42,132,204,255,255,255,255,255,255,255,255,214,104,58,44,64,54,20,8,0,4,0,0,4,8,8,6,0,16,32,26,8,4,8,4,2,0,0,0,0,0,0,10,8,8,62,100,114,78,36,114,136,58,255,255,255,255,255,255,255,255,255,255,178,48,46,66,118,138,84,40,28,54,76,78,80,72,32,42,96,120,88,46,46,76,116,130,84,34,46,62,46,38,28,10,20,30,88,100,50,82,120,138,150,120,50,20,76,46,6,4,12,58,120,122,76,44,52,104,110,80,42,22,44,34,102,88,12,72,114,46,102,120,42,58,98,76,42,32,18,14,34,42,60,90,106,126,118,94,126,56,46,134,194,255,255,224,194,214,194,232,255,255,255,198,90,18,88,160,214,202,156,112,94,60,60,198,255,255,220,255,255,202,58,42,76,102,164,198,102,6,78,116,90,197
173,48,62,54,46,38,68,76,46,26,12,8,6,16,12,20,12,18,24,18,10,14,18,38,34,52,116,214,255,255,254,255,240,86,44,100,136,255,255,255,92,10,100,168,138,26,50,40,12,6,16,20,8,6,6,16,20,6,2,2,10,20,16,10,12,6,8,14,16,16,16,8,24,16,6,22,22,16,12,4,8,16,4,18,16,16,18,14,10,8,6,10,12,12,12,10,22,6,28,56,34,40,74,255,255,255,255,255,255,255,255,168,74,20,18,6,10,12,12,10,10,8,4,2,6,10,12,12,4,2,4,4,6,8,10,8,22,38,20,32,14,4,6,0,6,8,4,2,0,2,4,10,6,12,6,2,0,2,4,8,4,6,4,6,4,30,82,138,178,170,108,2,112,190,178,76,32,86,110,128,146,120,30,76,146,166,162,154,124,48,34,88,112,124,134,136,144,150,132,88,50,40,30,14,8,10,14,16,14,14,16,18,18,16,18,18,14,12,14,14,14,12,10,12,14,16,16,16,20,26,26,24,18,16,22,24,20,20,28,28,28,30,14,40,70,124,196,136,106,78,12,28,80,96,48,42,56,50,44,48,64,80,80,86,72,72,84,72,94,162,255,255,255,120,28,102,98,54,48,114,86,90,94,78,64,58,48,22,12,24,28,24,26,44,148,242,255,255,255,255,255,255,255,254,255,255,255,255,255,255,255,255,255,180,108,4,18,10,14,60,132,198,255,255,255,255,255,255,255,255,148,76,78,66,18,6,4,2,0,2,6,6,8,6,10,6,26,32,14,2,4,4,0,0,0,0,0,0,0,10,6,10,20,68,132,170,150,134,146,136,178,218,228,166,122,124,255,255,255,255,255,146,108,110,102,156,120,62,32,42,38,94,120,100,66,76,78,84,94,60,36,26,38,92,92,54,26,52,56,72,68,34,54,34,40,92,116,56,46,26,64,100,70,44,106,112,64,56,58,42,122,174,144,88,26,60,102,98,66,38,30,6,30,88,52,50,102,118,8,92,72,42,80,74,38,34,48,58,56,42,36,32,26,2,20,34,62,102,70,112,226,255,232,234,154,134,112,158,208,255,255,255,124,14,90,168,192,160,140,144,168,180,190,222,255,255,255,255,236,174,78,96,114,108,112,64,38,104,158,134,38,200
175,88,100,90,92,102,122,94,44,14,4,8,14,26,16,16,10,18,20,24,18,10,14,42,52,110,232,255,255,255,52,182,192,48,38,158,255,255,255,146,48,62,162,162,66,20,24,14,18,8,18,6,20,14,10,8,18,22,10,8,8,14,18,20,16,6,10,12,10,12,6,28,24,18,18,22,30,24,12,14,14,2,18,24,22,24,22,20,22,24,26,22,16,6,14,14,32,36,48,58,62,132,255,255,255,255,255,176,142,212,202,118,20,28,28,8,8,6,4,4,8,14,10,4,18,14,8,4,4,6,10,8,6,26,30,44,78,94,70,96,58,8,8,10,10,8,4,4,4,4,4,8,4,10,10,8,6,4,4,12,14,6,14,30,72,132,160,174,138,34,74,164,188,142,64,28,44,74,84,118,154,228,255,222,106,26,76,124,172,184,128,82,56,14,28,60,82,140,180,166,134,124,116,98,76,58,46,30,14,6,4,12,18,14,6,6,6,4,8,8,8,8,4,8,16,22,14,4,6,14,14,20,22,16,14,12,12,12,14,8,18,52,102,170,208,234,234,144,114,146,66,18,36,122,88,18,44,52,44,34,40,66,68,62,68,78,80,70,74,106,182,240,232,164,224,210,255,194,46,96,96,92,102,100,80,80,72,36,42,42,40,18,20,134,218,200,142,106,52,50,204,255,255,255,255,255,255,242,60,196,255,255,255,255,234,108,18,2,4,4,22,64,120,202,255,255,255,255,255,255,255,212,156,86,28,8,4,4,4,4,6,4,6,4,6,10,10,38,38,8,2,6,6,2,4,4,4,2,0,4,4,6,10,22,68,112,130,136,128,96,52,24,12,10,4,6,74,255,255,255,255,255,68,56,52,68,88,56,20,32,60,110,156,138,88,94,74,64,78,94,60,32,48,82,118,90,76,92,88,66,34,14,24,26,24,82,154,150,98,76,66,108,92,40,70,116,92,30,26,28,62,124,140,112,46,50,118,138,124,92,58,38,32,50,90,12,66,120,80,90,112,30,64,82,64,56,40,8,20,32,34,46,64,70,60,46,58,96,60,124,255,192,188,206,206,14,112,160,60,196,255,255,200,94,62,136,218,246,246,255,255,255,255,255,255,255,255,212,170,130,100,144,110,88,74,30,44,136,184,96,106,192
189,102,102,82,72,80,84,46,14,4,4,6,14,14,4,2,8,18,12,10,12,4,26,66,108,222,255,255,248,46,224,255,178,24,100,255,255,255,224,96,24,104,180,98,14,18,16,18,28,22,22,10,20,10,12,6,8,16,12,4,4,6,10,28,30,18,22,18,10,18,14,18,20,30,34,22,22,22,12,22,20,20,14,14,16,16,12,16,26,24,34,34,34,34,38,38,50,88,178,255,255,255,255,255,255,255,100,84,108,178,176,98,6,14,18,18,6,6,4,2,6,6,14,12,12,20,36,28,22,40,42,60,84,118,108,138,180,186,146,186,132,36,6,10,6,10,12,8,2,8,14,20,12,6,6,10,12,8,4,4,20,54,86,120,152,154,112,52,50,152,182,160,96,26,10,20,46,96,160,206,166,94,200,255,255,255,202,80,40,128,134,122,144,142,128,114,100,58,28,78,96,126,140,144,136,124,120,118,98,80,68,40,8,10,10,12,8,6,10,6,2,6,4,4,2,14,20,16,10,12,14,10,6,10,12,16,14,18,34,64,118,186,238,238,186,124,60,78,70,136,90,22,2,90,128,60,18,36,40,34,24,50,66,48,48,64,70,64,62,82,132,204,255,255,255,194,255,255,184,18,82,76,82,102,82,92,92,42,44,40,40,12,94,204,182,88,42,8,140,255,255,255,255,255,255,255,255,255,255,255,255,198,255,255,255,236,102,32,10,10,8,10,20,82,136,202,255,255,255,255,255,255,255,146,28,8,6,4,6,8,6,4,8,4,0,8,10,24,50,28,6,6,10,6,2,0,4,4,2,0,4,8,6,6,10,16,20,14,14,12,12,4,12,10,6,2,10,34,214,255,255,255,252,82,86,58,54,56,48,52,46,74,112,102,60,60,62,50,14,82,92,36,32,78,138,140,80,18,18,26,20,36,40,42,72,42,122,140,86,68,52,50,108,94,40,34,78,72,44,32,22,62,108,108,106,28,68,90,92,56,20,2,8,24,112,114,36,60,100,120,140,86,148,114,76,70,46,70,74,64,58,60,50,32,22,22,24,64,66,128,255,255,226,54,216,112,84,232,252,180,234,238,212,186,96,56,68,174,234,218,212,186,148,108,84,206,255,126,44,102,156,156,126,116,92,78,82,144,100,48,184,184
197,46,44,30,22,18,4,10,12,2,4,6,8,6,4,4,10,10,6,10,12,30,86,138,214,255,255,255,76,146,255,178,36,36,255,255,255,255,122,54,40,152,170,60,24,24,6,6,22,26,36,8,12,14,6,12,14,6,10,10,4,2,10,26,36,26,22,12,6,14,24,32,28,36,34,14,18,22,14,10,10,28,24,12,12,14,8,26,42,34,30,18,22,40,60,70,144,255,255,255,255,255,255,255,255,194,98,100,142,182,156,68,14,12,18,18,18,12,10,14,14,14,24,22,46,90,90,76,76,108,118,122,178,186,154,156,154,130,96,164,146,56,4,6,8,4,6,12,10,4,4,10,8,6,12,14,4,8,6,26,96,168,192,166,110,34,38,124,186,174,118,46,2,12,6,14,20,50,116,208,255,255,192,158,255,255,255,255,250,100,16,40,70,112,144,146,158,184,148,102,80,40,6,36,60,74,94,130,152,160,164,144,100,56,28,4,20,16,10,10,14,16,10,22,48,62,78,98,110,110,100,90,90,98,114,130,140,154,168,198,234,246,204,92,36,134,188,212,186,148,52,32,28,60,124,104,14,24,32,36,28,40,54,54,54,62,70,62,58,74,92,148,255,255,255,134,242,255,255,70,78,88,86,106,88,102,108,60,24,34,38,36,152,198,98,26,6,98,255,255,255,255,210,168,146,116,142,158,255,255,255,255,106,255,255,255,200,102,20,16,8,6,4,20,56,84,126,200,255,255,255,255,255,236,44,4,6,2,6,4,6,8,8,6,2,8,12,6,32,38,12,2,8,6,4,6,10,6,6,2,2,6,6,2,6,12,12,6,6,2,2,6,4,6,6,6,12,6,22,198,255,255,255,108,70,28,66,96,78,58,36,32,74,90,70,106,122,132,80,12,80,74,28,40,54,88,62,56,66,60,60,42,6,26,76,66,56,86,72,54,54,26,78,140,124,38,72,90,40,16,16,38,72,150,140,110,148,144,142,110,66,50,50,64,72,132,106,20,126,194,204,186,246,244,142,110,64,52,32,16,10,10,24,30,32,28,30,30,28,104,216,255,255,166,174,128,90,142,244,200,220,124,112,156,154,84,74,104,58,34,36,64,46,8,40,28,156,176,94,86,124,124,110,98,48,60,102,118,124,172,252,175
201,10,8,14,18,24,24,24,18,12,12,14,14,12,12,12,18,18,16,16,12,48,116,202,255,255,255,68,94,196,132,90,32,136,255,255,255,158,82,18,82,172,136,40,24,34,10,12,16,4,26,20,10,8,10,8,18,12,12,18,14,6,8,6,18,20,16,8,10,2,12,20,28,40,30,20,20,26,30,20,12,20,28,24,18,20,28,36,28,30,38,30,44,46,80,234,255,255,255,255,255,255,255,232,172,128,124,150,150,124,68,10,6,4,6,16,24,36,54,52,52,68,102,112,122,126,104,94,102,134,138,110,118,92,46,20,58,118,132,180,138,46,12,4,4,6,2,8,8,4,16,14,4,4,14,16,24,12,36,116,214,242,154,70,76,118,146,162,120,60,32,18,14,6,20,14,12,14,32,80,186,255,255,255,250,182,255,255,255,255,254,146,72,16,36,60,76,108,134,154,170,166,144,116,96,82,60,24,48,84,128,160,166,154,134,102,48,24,16,16,24,54,78,90,108,148,194,208,186,158,142,132,138,160,196,222,224,218,210,210,172,72,58,184,248,250,222,192,210,124,88,148,140,164,202,168,56,18,34,34,42,50,38,44,48,48,60,58,56,68,82,104,246,255,255,255,46,255,255,216,22,86,96,108,94,104,104,76,54,50,40,70,176,148,50,16,32,178,255,255,170,138,168,180,176,182,186,140,56,112,255,255,255,118,255,255,255,144,52,22,8,4,2,26,74,88,50,62,144,255,255,255,255,255,60,2,12,4,6,2,4,8,8,6,6,10,6,8,16,34,30,10,6,4,2,6,6,2,4,2,0,2,6,8,16,14,24,8,6,4,6,6,2,4,2,10,14,20,16,12,255,255,255,152,64,68,44,100,88,58,32,10,28,56,78,102,50,92,76,6,48,104,102,96,130,174,178,158,116,90,108,96,106,76,36,2,26,36,40,34,48,56,44,82,114,56,56,116,88,38,30,30,36,148,198,176,182,168,144,98,48,36,28,18,6,42,94,56,120,214,240,222,255,255,255,140,60,10,26,34,36,32,26,22,20,12,30,34,16,50,166,255,255,255,186,206,142,90,116,160,134,52,42,82,158,140,140,150,110,78,52,62,36,4,12,12,56,142,210,196,112,48,22,72,60,68,84,84,94,170,204,162
201,18,16,18,18,20,22,14,12,16,16,18,18,18,20,20,26,28,26,24,30,88,172,255,255,255,58,78,136,142,184,184,74,226,255,255,228,90,34,20,124,178,88,14,12,30,12,18,26,2,14,12,16,18,6,6,16,18,10,18,24,20,10,10,12,18,22,22,12,16,28,24,26,32,22,26,24,28,38,38,22,18,34,28,16,20,30,14,14,6,28,34,58,54,178,255,255,255,255,255,220,142,104,88,86,84,86,94,54,22,4,18,14,32,62,78,86,110,146,142,140,130,162,162,126,88,52,38,36,58,42,28,60,102,146,184,184,158,170,162,102,30,18,8,10,12,10,14,12,6,10,4,8,12,12,12,4,68,140,220,232,106,82,214,212,158,120,72,26,10,10,22,22,14,18,16,28,24,16,8,30,144,255,255,255,255,222,254,255,255,255,255,255,154,60,10,14,14,20,46,78,106,122,128,142,160,168,178,166,122,68,12,62,122,160,192,170,116,104,112,138,168,174,162,170,178,148,90,54,46,32,18,32,50,74,74,46,14,12,38,86,190,255,255,210,130,64,46,132,178,176,255,255,255,255,255,166,28,14,24,28,46,30,38,38,30,42,44,42,52,64,66,122,255,255,255,188,186,255,255,128,24,74,92,90,100,94,84,70,60,56,92,158,110,48,18,50,170,252,198,138,138,154,156,160,170,168,166,156,94,90,255,255,255,255,255,255,180,62,22,6,4,2,30,72,70,34,60,96,166,236,255,255,255,80,10,12,2,2,0,2,6,6,4,10,12,4,8,4,20,38,24,8,4,2,4,2,4,8,4,2,0,4,14,22,16,28,20,4,12,10,4,2,6,4,2,6,10,12,14,252,255,255,178,82,128,74,72,52,62,38,22,50,52,70,130,192,236,242,234,255,255,255,255,255,255,255,255,255,255,255,255,255,255,255,255,255,255,255,255,255,255,255,184,168,136,70,126,118,58,10,42,80,82,106,116,114,68,32,18,58,64,56,58,56,60,76,70,126,254,188,198,238,255,255,204,84,30,22,14,6,10,26,40,62,84,90,64,54,0,108,188,255,255,178,210,144,106,66,16,50,56,38,40,118,184,220,232,200,136,78,26,14,32,30,40,48,68,168,252,216,130,56,96,102,134,130,62,72,86,116,158
200,18,16,10,10,6,18,8,6,16,14,12,14,18,22,14,12,26,42,64,98,174,254,255,255,166,64,24,84,178,214,230,106,158,255,255,208,48,22,66,186,164,46,2,14,26,8,10,38,26,22,2,6,20,8,12,20,18,16,22,28,34,30,10,8,8,16,24,20,28,30,16,14,16,10,18,26,20,28,42,34,24,38,36,18,14,24,10,20,24,16,20,38,100,255,255,255,255,255,148,92,58,32,32,18,6,12,20,50,48,46,58,60,88,114,114,104,126,164,154,146,100,80,70,46,48,64,64,72,80,56,130,156,164,170,146,112,78,66,56,46,22,16,10,8,10,2,10,10,16,24,36,32,32,38,50,94,168,210,198,60,146,252,230,134,64,30,8,8,12,8,16,16,10,14,14,8,8,8,8,10,20,76,190,255,255,255,255,132,255,255,255,255,255,158,54,36,12,24,8,14,2,20,32,48,72,96,128,164,184,184,168,132,66,22,86,132,120,108,122,136,130,100,66,38,40,100,152,176,168,154,140,152,172,210,228,224,218,222,234,255,255,198,112,44,20,12,8,72,198,255,255,255,255,255,255,255,94,14,20,14,28,24,40,38,28,36,40,38,48,58,74,78,218,255,255,255,22,255,255,232,46,68,102,106,110,96,88,80,72,72,120,174,116,54,12,48,176,255,222,120,110,138,134,156,176,152,154,136,110,44,202,255,255,162,255,255,224,90,28,8,10,14,16,74,102,86,80,80,82,182,255,255,255,76,18,8,2,4,4,2,4,4,0,8,12,8,4,10,6,34,36,20,8,0,6,6,6,8,2,4,4,4,14,22,18,24,32,18,10,8,6,6,6,2,4,8,18,2,12,255,255,255,182,82,122,100,50,18,72,96,148,216,255,255,255,255,255,255,255,255,255,255,255,255,255,255,255,255,255,255,255,255,255,255,255,255,255,255,255,255,255,255,255,255,255,255,255,255,248,154,92,48,22,20,34,76,126,126,146,168,142,136,76,30,4,50,96,132,255,255,200,56,255,255,250,112,68,60,48,38,46,64,88,112,112,82,60,64,40,48,106,110,178,170,134,76,28,18,56,18,48,80,26,12,82,160,242,255,234,132,40,46,44,38,42,24,10,48,172,204,140,56,146,198,196,150,116,150,178,204,190
199,16,16,10,16,10,22,16,10,16,14,12,14,18,24,22,38,80,126,170,194,222,238,226,188,84,158,70,150,96,146,168,100,126,255,255,188,22,8,132,220,120,24,12,20,30,6,8,16,38,36,6,6,20,16,32,38,32,32,32,26,28,28,14,6,10,6,12,18,26,18,4,4,8,6,16,16,10,12,26,34,30,34,34,24,18,22,24,32,28,14,46,116,255,255,255,255,238,108,50,10,16,34,36,40,68,62,70,112,104,102,112,86,90,92,64,26,32,80,64,42,78,58,100,74,96,82,38,48,54,16,114,118,82,56,26,26,14,16,12,28,26,14,4,2,14,38,66,96,124,142,138,144,144,140,152,182,196,154,22,162,255,192,76,20,14,20,20,10,2,12,14,6,8,16,12,0,6,6,18,14,12,14,44,112,254,255,255,255,255,144,255,255,255,174,92,72,78,36,10,16,24,16,6,14,18,14,4,24,64,104,154,192,196,168,120,74,56,40,52,66,80,96,130,164,194,206,194,170,150,144,132,132,132,158,170,164,158,148,142,130,92,52,24,14,28,26,18,36,142,255,255,255,255,255,255,255,234,34,16,20,16,20,40,40,40,42,42,38,48,58,70,68,128,255,255,255,255,182,255,255,120,54,110,124,122,102,84,82,92,76,124,228,180,56,10,22,146,255,255,184,132,130,114,142,172,160,174,150,106,88,255,255,255,138,255,255,234,106,54,20,10,14,4,32,60,62,68,80,28,122,255,255,255,58,16,12,6,6,6,4,4,4,0,6,8,4,4,12,4,20,40,34,16,8,0,4,4,6,2,8,4,4,16,34,20,12,36,32,20,12,4,8,4,2,4,2,8,8,58,255,255,255,66,56,116,144,160,172,238,255,255,255,255,255,255,255,255,255,255,255,255,255,248,98,26,88,128,204,208,206,194,188,200,222,255,255,255,255,255,255,255,255,255,255,255,255,255,255,255,255,255,255,255,180,146,168,184,180,180,146,124,132,90,50,34,36,60,120,228,255,255,194,140,255,255,154,68,58,42,18,20,60,90,102,82,68,74,84,74,24,58,96,72,60,8,58,54,60,18,52,52,124,112,116,96,96,122,255,255,224,134,86,56,36,50,62,40,20,106,184,158,112,204,202,140,84,80,114,132,146,222
197,8,14,12,14,14,24,18,14,20,20,16,14,22,30,46,90,164,255,255,255,255,242,204,90,92,128,114,200,152,180,246,216,222,255,255,122,24,42,172,188,62,28,14,28,36,28,4,16,24,32,16,16,24,18,42,50,36,36,32,26,22,22,18,8,4,12,24,32,30,22,16,4,8,14,14,2,18,20,14,22,32,30,26,22,16,10,14,36,58,108,220,255,255,255,255,255,255,174,118,38,42,74,118,144,154,132,140,172,130,102,70,64,12,38,46,66,76,144,156,90,86,14,44,20,42,104,98,148,156,120,174,90,30,6,2,10,14,20,8,18,10,18,22,56,98,132,158,176,186,182,156,160,154,148,126,118,60,46,184,238,166,62,22,12,18,2,14,6,4,10,10,6,8,10,2,4,12,20,12,0,4,4,4,22,64,184,255,255,255,255,255,255,255,70,98,118,178,104,12,26,24,22,28,36,28,14,8,14,6,16,44,96,138,156,170,166,146,144,148,152,164,168,164,140,104,72,46,34,34,20,14,16,16,24,24,18,24,32,16,14,12,14,20,12,18,20,18,16,54,242,255,255,255,100,255,255,255,136,10,20,18,20,36,32,44,42,36,30,40,52,44,38,66,216,255,255,255,40,255,255,246,46,66,102,112,104,82,72,104,78,88,230,255,126,20,10,88,246,255,255,228,148,102,112,124,132,154,178,164,255,255,255,255,196,255,255,196,86,56,38,8,6,4,6,14,18,26,26,28,150,255,255,255,30,6,10,4,2,4,4,4,4,2,4,4,4,6,12,12,6,32,38,20,12,4,2,2,4,4,8,8,12,12,38,34,10,30,34,24,16,4,8,4,8,4,4,6,6,164,255,255,255,154,246,255,255,255,255,255,255,255,255,255,255,255,176,62,146,120,114,74,255,255,255,255,255,255,255,82,56,60,72,84,88,72,66,60,54,70,255,255,255,255,255,62,250,255,255,255,255,255,255,255,255,255,255,194,132,78,68,72,86,88,54,16,28,20,36,166,255,255,255,198,254,190,126,50,42,66,62,64,76,92,98,74,82,106,118,112,72,52,100,88,78,80,88,48,46,40,74,108,120,136,150,162,152,92,168,255,255,255,228,160,82,46,26,14,10,70,172,194,110,140,108,74,20,4,10,4,18,219
198,14,18,10,10,10,18,14,12,18,16,6,8,28,38,78,178,255,255,255,230,152,120,52,92,156,102,140,192,136,255,255,102,255,255,255,48,10,106,198,140,18,18,4,10,20,32,32,6,20,22,6,6,8,12,38,40,26,24,28,44,36,24,16,4,14,14,12,14,12,18,18,12,14,30,40,22,32,22,12,30,34,26,34,38,34,14,68,144,255,255,255,255,255,255,216,255,255,255,218,90,74,136,190,212,166,132,76,72,26,40,28,38,18,14,16,24,22,62,118,64,22,82,62,72,100,98,92,86,42,86,164,96,26,10,8,8,6,24,4,18,46,78,122,164,170,164,138,102,60,22,28,40,40,60,72,96,150,196,200,128,40,12,6,18,14,2,6,8,10,16,18,14,12,10,4,0,14,8,4,2,2,6,4,12,10,36,132,242,255,255,255,255,196,14,114,94,202,170,32,10,20,22,20,30,36,38,16,20,16,12,6,14,30,44,64,82,84,84,86,82,72,60,46,36,20,8,10,8,14,20,10,4,12,24,26,20,18,28,28,32,32,22,16,12,12,20,24,18,20,104,255,255,255,255,255,255,255,255,42,18,24,16,26,16,34,36,32,26,32,44,42,38,38,102,255,255,255,255,188,255,255,94,42,90,106,110,100,86,112,94,70,176,255,220,88,16,32,128,238,255,255,255,246,226,206,208,212,244,255,255,255,255,212,255,255,255,176,70,54,50,26,12,6,4,8,6,14,28,66,208,255,255,255,10,14,10,4,2,4,6,6,2,4,4,0,4,4,6,14,12,16,38,28,12,6,0,2,4,2,6,2,6,0,32,40,54,142,184,158,46,12,8,0,4,4,4,4,76,255,255,255,255,255,255,255,255,255,255,255,255,255,255,255,112,255,255,255,255,255,255,236,255,255,255,38,168,255,255,94,56,82,124,118,128,88,78,70,78,255,255,255,255,255,255,255,255,255,142,255,84,174,255,255,255,255,255,255,255,250,124,92,88,120,86,58,48,48,20,74,186,255,255,206,255,234,102,44,60,66,48,60,76,92,68,16,52,52,58,94,80,24,72,166,174,94,66,106,78,88,150,124,22,78,124,216,242,148,30,198,255,255,255,198,108,32,50,54,30,36,88,162,76,44,96,108,56,48,54,48,38,214
198,28,20,6,12,4,10,14,12,6,14,8,6,22,44,130,255,255,255,222,116,78,46,108,152,98,78,82,112,142,255,178,198,255,255,152,20,32,154,196,108,20,26,20,12,10,16,30,28,24,26,12,8,8,8,26,30,26,58,78,50,22,20,14,8,10,4,10,20,16,14,16,14,18,16,36,36,44,30,24,34,12,46,78,70,62,122,255,255,255,255,255,255,255,150,60,240,255,255,255,210,124,158,134,84,44,118,122,118,114,66,6,40,68,120,160,158,168,86,74,52,96,88,78,20,78,66,112,120,156,204,186,100,34,10,10,4,4,18,18,56,132,188,210,164,78,6,64,118,152,168,184,182,174,180,180,180,176,144,80,22,4,8,10,4,6,10,6,8,8,10,12,12,12,12,14,12,16,4,2,4,6,8,6,2,8,8,26,82,146,182,180,108,4,84,120,32,142,170,92,38,18,14,8,18,18,24,10,14,12,8,8,8,4,8,6,8,12,10,10,10,12,4,6,16,16,16,12,4,12,8,8,14,12,22,30,30,22,18,20,16,22,14,16,26,22,12,14,24,34,52,176,255,255,255,18,255,255,255,130,14,18,12,26,18,30,32,28,24,28,36,44,44,42,54,162,255,255,255,255,255,250,118,12,74,112,116,96,94,110,94,72,124,234,255,212,106,32,28,102,208,255,255,255,255,255,255,255,255,255,255,255,242,226,255,255,255,112,64,52,50,42,32,14,8,10,8,6,4,94,255,255,255,255,24,12,2,2,4,6,12,10,4,2,6,4,6,2,2,10,12,4,30,34,16,2,2,2,4,2,8,4,4,8,18,34,152,255,255,255,248,28,2,8,6,2,26,48,172,255,255,255,255,255,255,255,255,255,255,255,86,144,224,178,255,255,255,255,252,132,255,226,255,255,255,152,255,255,255,38,70,102,72,24,52,42,64,72,128,255,255,255,255,255,255,138,255,255,255,255,255,255,255,255,100,255,255,255,255,255,255,255,255,254,174,98,84,68,48,40,120,192,255,206,186,134,22,46,124,148,114,50,34,122,134,88,76,52,36,42,50,60,54,118,204,204,84,64,92,104,182,244,172,32,62,186,255,255,255,100,84,174,166,136,92,44,44,34,8,14,20,76,86,54,108,130,84,40,26,20,26,215
192,14,22,20,22,18,20,28,18,14,22,24,22,26,68,148,255,255,134,74,216,186,120,110,86,18,52,102,28,166,122,120,255,255,255,108,14,62,174,166,70,26,28,38,36,32,24,22,16,10,34,40,28,8,16,26,14,46,76,56,12,0,16,6,18,12,12,20,18,4,16,16,2,18,30,6,18,34,24,22,4,32,46,70,178,255,255,255,255,255,255,255,255,255,255,124,104,210,255,255,255,118,82,34,78,180,200,162,116,144,78,166,186,164,184,164,144,154,90,38,46,74,50,126,152,164,182,206,188,164,152,124,80,38,12,10,8,4,40,110,192,228,186,78,48,134,180,194,182,156,130,116,100,96,98,94,78,54,26,12,14,12,14,16,12,6,8,4,6,6,8,8,6,8,8,10,6,10,6,4,2,4,8,6,6,8,6,16,14,50,80,110,114,188,222,178,104,202,255,242,168,76,38,6,18,24,18,12,14,6,2,6,14,14,12,8,6,2,2,8,16,12,4,6,12,10,10,10,12,18,16,8,16,16,14,16,22,22,18,14,12,16,10,10,22,24,14,14,16,34,42,82,255,255,255,255,255,255,255,255,62,6,4,18,24,30,30,26,26,30,32,32,34,50,56,90,255,255,255,255,255,210,90,50,24,94,112,78,86,114,96,76,92,166,250,255,230,144,70,4,62,138,216,255,255,255,255,255,255,255,255,76,255,255,255,255,224,80,64,52,50,52,50,32,12,6,8,2,40,128,255,255,255,250,14,16,10,8,4,6,8,4,4,4,8,4,2,2,4,10,14,2,30,36,16,2,2,4,6,4,12,6,4,12,4,16,216,255,255,255,255,238,12,6,6,28,60,46,108,255,255,255,255,255,255,255,212,255,255,255,216,255,255,255,255,255,255,255,255,255,255,255,255,255,192,255,255,255,255,80,98,110,82,66,48,44,60,54,136,255,255,255,255,255,60,255,255,174,255,255,255,244,212,255,255,198,104,200,255,255,255,255,255,255,255,255,164,114,76,44,18,72,126,140,70,68,126,172,156,174,124,52,44,102,156,120,42,34,38,62,78,74,48,22,132,222,202,88,70,94,112,160,206,140,48,90,188,255,255,252,210,255,255,180,80,32,72,106,86,60,36,48,104,92,20,76,62,70,52,46,50,218
189,18,28,14,18,26,20,16,12,22,24,16,12,42,72,112,255,255,240,154,170,82,6,46,42,98,180,124,134,128,126,255,255,255,255,32,24,106,210,154,40,16,6,14,20,34,40,44,18,14,10,30,32,16,20,22,6,36,30,20,8,4,12,24,34,18,18,18,6,20,24,26,20,22,34,26,24,34,22,36,28,56,82,248,255,255,255,255,255,255,184,100,74,222,255,255,164,162,255,210,206,152,60,34,98,142,102,54,20,108,202,255,200,176,34,50,136,138,66,16,62,104,48,132,172,124,118,114,86,64,58,36,8,26,46,54,58,88,156,234,244,132,34,176,228,206,164,96,40,14,12,12,8,0,10,14,12,6,4,2,10,12,12,12,8,6,8,4,4,4,4,6,4,6,4,8,10,12,8,10,8,8,10,10,6,10,6,14,10,14,34,98,174,255,255,234,220,208,255,255,255,216,82,32,22,24,10,12,10,4,8,6,2,4,4,10,18,18,14,2,16,20,38,46,34,16,8,14,8,12,24,10,16,12,10,12,16,14,12,14,16,16,12,10,20,24,18,20,8,18,30,32,164,255,255,255,58,255,255,255,168,12,2,6,18,24,26,24,28,34,34,24,28,44,40,42,124,255,255,255,164,38,76,100,34,64,120,104,98,116,106,84,70,96,154,228,255,255,218,134,64,8,44,78,112,138,148,138,102,18,168,255,255,255,255,255,104,66,64,58,52,54,56,44,26,12,6,10,48,88,234,255,255,255,112,6,4,4,6,8,10,12,10,8,6,2,0,2,8,14,14,12,36,34,16,4,2,4,2,6,16,8,14,24,6,2,234,255,255,255,255,255,56,8,18,42,26,16,92,234,255,255,255,136,255,255,255,255,255,255,82,255,255,255,202,255,255,255,82,255,255,255,112,255,255,228,255,255,255,255,90,80,94,146,88,68,72,22,56,255,255,134,230,150,255,255,255,255,255,140,255,255,255,255,255,188,255,255,255,255,96,255,255,255,255,255,255,255,255,190,126,108,36,80,64,110,200,198,148,178,166,94,76,76,104,112,96,76,62,86,110,122,100,50,46,162,228,202,124,62,100,52,108,154,126,68,78,192,252,210,216,255,244,116,24,56,72,84,98,60,26,32,110,170,86,46,72,72,30,22,14,219
184,86,38,10,10,24,10,8,22,32,30,22,38,30,34,110,242,255,255,64,104,180,194,136,68,178,108,78,168,150,182,255,255,255,130,22,62,158,230,138,36,12,10,18,16,20,24,40,36,32,14,26,26,12,4,18,8,26,32,28,14,14,12,30,24,20,4,10,26,38,28,22,18,28,44,26,14,18,10,18,18,88,255,255,255,255,255,255,252,154,70,10,64,142,204,255,246,255,255,255,128,54,84,76,68,80,76,82,86,140,186,222,24,134,122,134,138,76,32,82,192,255,204,255,206,62,8,40,50,64,70,104,128,138,142,138,144,174,198,166,38,138,238,226,148,82,42,8,10,2,12,14,18,10,14,14,14,14,20,16,10,4,6,6,2,2,6,4,4,4,0,2,2,4,4,8,12,10,8,12,12,12,12,14,14,20,18,22,14,8,16,74,184,255,255,12,122,74,130,255,255,255,128,30,24,14,10,12,22,28,24,24,22,14,12,14,20,14,14,12,28,66,86,58,76,48,8,16,6,10,20,16,14,12,10,12,16,12,8,12,12,12,12,8,12,14,12,24,16,20,24,24,66,252,255,255,255,255,255,255,255,68,4,8,16,18,18,16,20,30,32,16,22,36,36,38,50,122,200,188,142,200,176,242,150,22,106,110,90,90,92,88,70,58,80,120,186,255,255,255,214,164,120,98,80,86,106,166,255,255,255,255,255,255,255,86,80,72,64,60,50,50,56,50,36,20,8,8,46,84,206,255,255,255,255,56,14,12,6,6,6,4,16,12,2,0,0,4,10,12,10,20,40,30,12,8,0,4,2,6,12,4,18,10,16,4,166,255,255,255,255,255,54,14,6,18,20,36,52,50,14,72,62,255,255,255,255,84,255,255,130,255,255,255,255,255,255,255,255,255,255,255,255,255,255,98,172,210,255,255,152,142,76,54,86,70,46,98,134,255,212,255,192,255,255,255,255,255,255,255,255,255,255,255,255,90,255,255,255,255,255,255,236,212,255,255,255,255,255,255,254,154,92,56,96,112,164,102,116,188,232,144,72,36,96,140,124,52,28,60,36,62,90,74,20,116,236,255,248,118,120,82,92,94,152,136,60,90,212,194,184,218,156,68,98,82,46,14,70,64,56,64,54,130,130,20,114,134,118,72,64,214
166,166,32,16,26,40,30,38,78,84,80,90,82,48,8,44,98,202,252,226,180,152,170,154,70,86,116,72,50,78,46,218,255,255,48,18,70,178,212,96,50,24,20,20,12,16,26,16,18,12,10,20,18,10,6,16,8,22,30,36,24,2,18,28,8,22,14,18,36,38,22,20,30,34,16,22,30,46,92,148,255,255,255,255,255,255,214,124,170,156,120,106,86,126,206,216,255,255,255,200,158,140,114,78,46,58,60,72,88,118,134,222,110,118,110,122,106,104,148,230,255,255,255,255,255,184,122,158,140,146,176,200,184,150,118,94,80,66,30,78,196,255,202,102,34,8,6,8,20,22,18,16,26,24,18,14,12,8,6,10,6,2,6,4,4,0,2,2,4,6,2,0,2,6,6,8,8,4,4,8,10,12,12,14,14,12,16,20,14,16,20,62,156,255,255,255,196,136,230,218,255,244,118,22,12,32,54,56,68,66,56,58,58,44,32,22,6,12,4,36,96,120,92,48,72,58,18,16,8,8,10,18,18,20,16,16,20,16,12,18,12,6,10,8,8,8,8,14,24,28,10,32,56,120,255,255,255,130,255,255,255,178,16,6,10,16,14,14,18,26,28,12,20,30,32,48,42,78,168,230,255,255,255,255,255,106,68,100,90,96,100,110,100,70,64,60,74,132,188,230,255,255,255,255,254,255,255,255,255,255,255,255,255,212,88,72,78,80,76,62,48,50,56,54,46,32,18,6,34,70,112,255,255,255,255,252,10,14,8,12,14,10,12,8,6,4,2,8,12,10,6,28,44,24,6,8,0,4,2,2,4,8,8,16,8,12,56,255,255,255,255,255,38,4,14,62,100,114,240,255,255,255,255,255,255,255,255,255,255,255,156,230,255,255,255,82,255,216,255,255,255,255,255,255,255,255,255,255,255,255,246,104,188,130,70,74,90,120,90,255,255,255,144,255,255,255,255,255,255,255,255,112,255,255,128,255,255,255,255,255,255,255,255,255,28,218,255,255,255,255,255,255,255,114,80,114,172,100,20,152,255,248,158,104,72,108,170,130,86,62,22,18,36,58,70,46,140,210,196,106,112,116,110,92,54,96,108,36,96,150,110,84,104,70,38,110,114,60,86,36,48,76,54,66,102,76,74,140,142,96,28,212
151,212,78,58,80,72,64,92,138,154,134,152,136,142,72,150,234,255,255,250,90,118,142,122,124,176,176,152,80,84,52,248,255,242,30,34,78,194,184,38,36,24,28,22,20,26,36,20,16,20,22,22,14,12,10,32,18,38,40,24,12,40,36,30,10,24,16,14,22,22,18,30,40,22,18,50,54,112,240,255,255,255,255,255,255,182,156,36,82,132,140,162,158,202,246,255,255,255,190,168,146,138,122,102,84,48,24,12,56,82,96,130,84,20,106,170,168,172,222,255,255,255,255,255,255,255,244,190,140,112,110,90,30,28,58,76,102,128,158,192,196,140,60,20,14,10,4,6,8,8,10,10,10,12,8,6,10,8,4,10,8,8,10,8,8,2,4,4,4,6,6,4,6,8,6,4,4,4,4,0,4,8,10,8,4,6,4,4,2,8,10,26,80,182,255,255,255,190,176,255,255,220,104,84,72,118,120,110,112,102,94,100,108,106,94,88,72,46,56,96,118,78,12,56,80,60,26,14,16,10,10,14,20,22,16,16,20,16,10,18,16,8,12,10,6,8,10,6,12,26,18,18,46,60,226,255,255,255,140,255,255,255,66,10,14,20,16,14,22,32,32,14,16,22,22,42,36,48,124,255,255,255,255,255,255,255,26,124,120,126,120,128,122,92,72,58,48,58,74,90,116,148,172,196,250,255,255,255,255,255,240,170,100,122,106,76,70,78,82,68,56,60,62,58,52,42,28,16,6,38,48,94,255,255,255,255,116,12,20,20,2,8,10,14,8,8,8,14,16,10,0,32,40,16,2,8,0,4,2,4,6,6,14,12,14,14,6,78,226,220,212,74,16,70,130,138,80,234,255,255,255,255,255,255,255,255,255,255,226,255,255,88,255,255,168,255,242,255,255,255,255,255,255,106,255,255,255,255,255,255,194,110,144,206,164,150,134,128,96,60,255,255,255,255,255,255,255,255,255,255,38,166,255,255,255,255,255,255,255,255,255,255,255,255,172,255,255,180,255,255,255,255,255,255,176,80,104,132,74,30,206,252,164,96,42,80,158,178,106,22,66,78,88,96,110,78,62,112,152,84,100,140,160,132,92,62,68,74,68,90,114,74,56,154,124,22,70,70,30,40,74,108,86,44,54,152,78,44,78,88,70,218
140,255,172,166,174,142,108,114,144,180,140,122,144,180,110,178,216,255,224,124,102,112,142,212,230,80,92,78,24,12,112,255,255,204,4,36,112,232,166,22,32,30,38,36,34,38,40,28,10,10,22,32,26,16,16,24,2,34,50,28,42,48,28,26,28,40,48,38,24,24,28,38,36,28,50,68,132,255,255,255,255,255,255,255,140,128,236,130,18,52,86,112,128,142,144,160,148,114,62,84,86,104,106,104,96,76,76,86,78,104,136,158,150,142,80,24,22,40,112,236,255,226,64,255,255,255,255,238,84,80,98,130,178,198,176,168,168,146,132,114,72,22,2,4,8,12,8,8,8,8,10,10,8,8,10,10,12,6,2,10,4,10,8,8,10,4,8,8,8,6,8,8,8,8,8,6,4,4,6,6,4,0,4,4,2,6,2,4,8,10,4,4,4,44,118,176,210,122,96,158,100,16,114,172,176,166,140,122,112,102,102,108,122,134,132,136,146,140,120,100,44,42,104,116,88,50,22,6,16,8,12,10,12,12,6,8,12,10,4,10,10,8,14,12,2,6,10,8,16,18,26,14,20,32,116,255,255,255,255,255,255,255,152,20,26,20,18,14,20,32,34,18,12,14,16,36,40,38,74,252,255,255,214,255,255,255,108,78,110,116,104,112,114,94,80,74,58,52,58,40,10,12,24,52,90,106,110,116,100,86,106,92,80,106,120,96,82,78,62,60,64,66,66,56,48,42,32,12,18,14,6,18,130,255,255,255,255,52,4,22,12,10,2,4,2,8,12,16,14,4,6,32,36,12,0,8,0,6,2,4,0,6,12,14,10,14,6,16,12,6,12,60,116,164,120,40,64,255,255,255,255,255,150,255,255,255,126,255,255,255,255,255,72,255,255,255,255,146,255,255,255,255,255,64,30,40,36,26,40,66,76,62,46,84,100,94,76,76,60,28,2,72,236,255,255,255,174,255,255,255,255,255,255,255,255,255,255,255,255,255,255,255,255,255,255,255,255,255,124,128,255,255,255,255,255,255,70,70,58,50,122,150,114,98,70,40,50,106,116,122,66,66,86,104,112,98,34,74,150,114,122,174,184,152,162,70,66,62,46,18,24,98,74,62,136,108,36,28,60,56,36,42,56,48,36,128,180,76,50,84,92,220
118,255,242,218,190,182,132,52,76,94,4,16,34,104,116,182,212,172,140,160,124,52,190,170,122,164,236,186,140,156,255,255,255,104,26,52,150,246,130,46,40,28,28,28,22,38,44,38,30,26,20,32,30,22,20,10,6,20,38,28,42,34,16,22,30,28,50,62,56,40,36,20,24,32,92,198,255,255,255,255,255,255,134,188,246,42,208,198,82,12,20,18,38,52,62,52,28,22,10,20,24,56,62,56,78,76,88,116,110,132,156,178,210,248,242,226,186,184,248,255,255,255,146,36,238,255,214,248,188,134,142,144,144,122,86,80,66,36,28,14,6,8,2,4,4,6,8,6,8,4,6,8,10,4,0,6,6,2,10,10,0,8,4,4,6,4,8,6,10,6,2,4,10,10,6,6,6,0,2,2,2,4,4,6,2,4,8,10,8,4,2,6,8,16,68,144,226,160,118,148,12,124,190,206,202,180,112,64,44,36,38,40,42,54,102,158,200,222,214,136,70,126,126,86,44,22,12,6,10,12,12,10,10,6,2,6,14,16,8,6,8,12,18,22,12,8,12,16,10,14,8,18,12,22,60,208,255,255,255,255,255,232,184,58,24,20,16,22,22,26,38,34,22,14,12,24,36,40,44,154,255,255,255,18,255,255,255,28,78,98,94,102,102,88,80,76,64,48,52,58,34,12,38,62,84,88,92,96,104,96,100,112,84,80,100,88,84,88,58,46,54,58,64,56,48,44,36,22,14,18,24,18,40,158,255,255,255,186,18,18,0,8,8,2,2,8,12,16,10,4,16,38,34,8,2,6,2,6,0,2,8,4,6,14,6,16,10,10,8,10,60,144,168,236,254,255,150,255,255,182,255,142,255,255,255,255,255,232,255,255,255,255,212,130,255,255,218,128,46,78,100,110,84,72,38,42,46,36,20,8,2,14,14,16,20,38,40,32,24,20,20,6,8,16,12,14,22,24,94,234,255,255,255,255,255,255,255,255,255,255,255,255,255,255,255,255,255,255,255,255,255,255,222,255,255,255,255,124,8,82,158,188,134,64,90,76,40,90,132,94,36,74,48,26,78,100,58,50,138,136,72,96,88,16,124,86,22,82,108,94,58,72,100,78,58,72,72,30,36,94,96,50,64,54,30,6,86,82,38,112,124,212
113,134,130,44,8,72,96,78,102,156,138,126,90,84,208,255,230,50,70,134,122,62,130,188,186,255,255,220,164,194,255,255,238,30,18,62,180,244,110,50,46,22,10,16,8,34,42,34,46,26,10,12,26,30,26,6,8,24,24,18,38,32,22,26,28,20,24,26,50,70,52,42,66,126,255,255,255,255,255,255,178,94,28,78,216,154,108,218,120,26,14,16,8,4,8,10,8,8,2,10,4,10,10,8,6,16,36,62,78,102,120,136,160,188,202,218,214,230,255,255,255,255,204,134,255,255,255,236,102,84,68,40,22,16,12,10,10,10,6,10,12,6,4,2,2,0,2,0,4,4,6,4,6,0,2,6,6,8,12,8,4,6,4,4,4,4,6,2,6,8,6,10,12,6,8,8,8,4,8,10,8,8,6,8,4,6,10,6,4,4,6,4,4,10,20,80,218,234,170,142,42,142,162,116,86,140,144,98,48,18,6,12,12,74,140,168,172,164,200,174,138,112,52,12,10,14,6,8,8,10,10,10,8,4,0,2,8,18,18,8,14,10,14,22,20,12,12,20,16,4,6,8,10,14,24,94,210,255,255,255,255,196,120,100,4,24,18,20,24,20,34,40,30,18,12,16,24,30,26,66,255,255,255,255,255,255,255,150,54,104,104,110,102,88,88,74,72,62,38,50,56,30,30,26,58,82,88,86,108,90,66,108,108,88,84,82,88,90,68,48,46,52,60,56,50,48,40,30,12,12,20,26,16,62,255,255,255,255,60,16,4,4,12,2,2,6,12,20,16,8,26,38,24,8,4,2,2,2,2,4,8,6,12,24,24,10,2,18,38,106,160,186,255,255,255,255,255,255,255,255,170,255,188,158,255,255,255,255,255,255,255,255,108,156,150,188,230,158,54,6,14,32,18,16,2,10,18,6,12,10,10,6,6,6,2,2,16,16,8,10,8,10,16,22,24,22,8,2,10,16,16,84,92,80,255,255,255,255,255,255,255,255,255,255,255,255,255,206,255,255,255,255,255,204,255,255,255,255,240,122,122,106,58,42,60,88,60,50,162,190,126,56,10,14,34,84,88,38,46,96,58,114,154,112,30,98,60,28,70,78,40,54,78,114,110,64,34,82,78,26,44,54,44,4,54,84,98,90,50,84,116,202
126,178,188,164,156,174,162,118,102,114,74,78,152,255,255,255,170,172,46,78,160,128,38,118,132,156,120,54,42,110,255,255,110,14,20,90,210,238,86,44,42,36,16,16,14,28,28,12,24,38,26,26,16,18,30,6,6,24,26,34,42,34,24,24,24,28,34,22,30,44,60,116,160,255,255,255,255,255,244,98,36,50,36,58,162,142,66,180,86,10,10,8,6,8,8,10,4,10,4,6,6,6,4,4,6,12,2,12,14,36,46,56,70,86,106,118,108,126,184,255,255,255,234,204,255,255,255,146,74,76,74,42,16,12,14,6,0,2,6,4,0,0,2,2,2,0,2,2,2,2,6,4,10,8,4,4,6,4,8,6,2,4,4,4,4,4,6,2,6,10,6,12,12,2,8,10,8,6,10,8,4,6,6,10,14,14,12,6,8,10,10,4,6,4,14,40,128,188,112,38,96,130,140,134,92,12,90,158,154,102,62,80,132,156,134,78,28,96,158,154,158,96,16,12,2,10,6,8,10,10,10,4,0,8,6,8,6,6,18,12,8,6,6,12,16,14,10,14,16,12,8,4,8,12,12,46,114,152,120,122,110,58,66,128,58,12,12,12,16,20,30,34,30,26,22,22,26,28,24,44,148,255,255,255,28,255,255,255,34,90,102,106,98,92,98,76,76,86,66,70,72,44,16,8,28,58,72,68,112,116,78,96,104,98,86,92,102,92,74,54,46,54,58,52,48,48,42,30,18,18,12,16,16,50,134,255,255,255,255,14,8,10,8,12,10,8,10,18,18,10,28,32,18,4,2,0,0,0,0,2,6,8,8,20,4,14,14,46,158,186,130,255,255,255,255,255,255,52,255,255,255,255,255,106,255,255,255,255,136,140,255,255,250,200,144,84,58,50,36,30,26,16,12,8,8,8,10,6,6,0,0,0,2,4,4,4,2,6,4,2,2,4,4,6,8,8,10,14,16,14,12,8,16,4,36,98,54,38,255,255,255,156,255,255,255,255,108,255,255,255,255,234,132,255,255,255,255,255,255,255,255,212,160,132,76,66,68,54,112,148,138,56,60,62,84,142,152,110,54,80,84,48,120,120,48,88,128,58,34,74,58,44,56,44,70,76,52,78,108,124,64,12,22,36,58,54,40,28,74,20,64,200
144,230,220,162,120,104,86,40,20,60,120,206,255,255,255,118,146,166,90,144,154,236,184,74,46,90,124,102,72,98,252,234,80,8,52,130,236,208,30,30,22,54,36,20,32,28,26,16,18,16,10,18,30,26,14,8,14,18,22,38,38,24,14,4,8,14,30,30,24,30,112,186,255,255,255,255,255,168,20,136,154,154,118,174,230,116,124,200,94,22,18,8,4,10,12,12,8,8,2,6,6,4,4,6,10,10,6,8,10,12,14,28,30,24,6,46,48,40,72,150,255,255,255,255,255,255,206,170,140,134,114,66,28,12,8,12,6,4,6,2,0,0,0,0,0,0,0,0,2,6,6,4,6,8,4,4,8,4,4,6,4,6,4,4,6,4,8,2,8,8,4,14,12,4,6,8,4,2,4,4,2,2,2,2,8,12,10,4,6,10,6,10,14,20,20,10,34,98,90,96,126,64,94,136,168,152,66,72,168,220,188,192,176,114,30,66,134,152,130,110,182,158,54,4,8,10,8,10,14,10,10,8,6,6,2,0,2,2,6,8,6,4,4,8,12,14,12,14,18,16,12,8,12,16,16,24,84,142,88,24,8,28,10,112,118,28,24,20,18,22,36,36,30,28,26,24,28,32,28,28,88,255,255,255,255,214,255,255,184,30,92,98,88,100,106,86,70,64,62,80,90,68,36,8,36,38,50,54,98,116,100,104,100,98,84,86,94,90,82,58,42,54,60,52,48,46,42,36,26,22,12,10,16,42,88,236,255,255,255,126,8,14,12,10,14,6,8,14,16,12,30,32,16,4,2,0,0,2,4,2,2,8,10,6,18,0,56,176,226,66,44,255,255,238,255,255,255,255,56,255,255,255,255,255,204,255,255,255,220,214,114,70,74,46,28,20,22,26,16,16,4,10,14,6,20,24,6,16,8,0,0,2,6,6,4,4,4,2,0,2,6,6,4,4,4,4,4,6,10,10,8,12,20,20,4,14,30,28,92,255,226,236,255,255,255,138,255,255,255,255,255,255,255,255,255,46,138,255,255,255,255,255,212,224,208,122,72,46,18,80,150,124,62,30,42,84,108,104,78,20,116,78,58,96,90,8,124,108,44,40,82,78,44,44,50,50,78,82,8,72,90,50,34,70,110,90,34,34,72,86,48,206
151,180,104,48,28,32,20,28,78,140,218,255,255,255,94,110,132,166,250,194,74,160,192,128,66,42,34,66,132,250,255,228,54,34,76,146,234,172,22,36,32,54,42,16,40,26,20,28,30,22,16,14,34,38,34,26,24,20,28,36,26,16,14,12,14,26,32,22,38,134,250,255,255,255,255,255,158,40,196,255,255,255,214,172,112,38,188,172,54,4,10,12,12,10,6,6,10,12,10,8,4,4,6,12,10,8,8,4,4,16,52,92,108,120,132,86,72,82,102,136,194,255,255,255,255,220,126,104,120,114,84,38,10,6,2,8,6,4,4,0,0,0,0,0,0,2,4,4,6,6,2,4,2,8,10,4,8,4,2,4,4,8,4,4,6,2,8,2,6,8,8,12,8,2,4,10,6,2,4,6,6,4,4,6,2,8,8,6,2,10,10,2,12,2,24,2,18,42,96,132,96,20,20,42,106,172,176,110,164,236,255,255,142,60,122,154,122,72,44,54,146,180,106,18,10,8,8,12,14,6,8,8,8,8,10,12,8,4,2,6,4,0,0,4,6,8,8,8,14,16,12,8,12,16,16,14,46,118,130,44,24,26,54,36,134,84,8,22,24,18,30,34,32,28,26,24,26,30,30,16,38,150,255,255,255,128,255,255,255,52,74,98,76,96,110,116,100,62,46,56,76,90,98,48,48,34,48,38,60,80,84,84,82,88,78,80,84,78,80,68,46,50,56,48,44,42,38,34,26,24,22,4,26,52,74,142,255,255,255,255,30,12,18,12,12,4,8,12,10,12,32,30,10,0,0,2,4,6,6,6,6,18,4,6,18,62,160,218,46,178,104,255,255,255,92,255,255,255,255,255,255,255,255,255,255,255,255,255,152,84,42,36,52,40,18,4,2,8,4,4,2,12,6,12,8,14,16,6,8,0,0,4,6,2,0,4,4,0,2,6,6,2,0,2,4,4,4,4,0,4,4,12,14,10,10,6,16,18,10,14,22,104,255,255,255,255,255,255,255,255,255,255,255,255,72,255,255,255,56,255,255,255,255,186,255,255,182,130,102,110,120,120,66,76,100,78,30,68,72,56,78,140,46,82,128,94,40,122,60,38,88,116,92,54,34,8,60,118,114,84,44,68,84,36,38,98,100,62,44,78,90,189
155,102,26,30,10,22,48,74,160,238,255,255,216,114,122,128,206,255,228,4,152,186,190,164,174,204,184,198,255,255,255,132,28,36,76,140,220,148,30,54,22,40,36,14,40,26,14,20,24,32,18,14,12,20,44,52,38,22,24,22,6,10,20,30,28,18,6,46,136,255,255,255,255,255,255,126,46,78,194,228,80,212,172,96,64,154,188,112,14,10,8,8,6,8,2,2,4,6,6,2,2,0,4,10,0,2,6,8,8,30,112,242,255,255,240,176,142,152,140,134,104,184,255,255,204,94,82,76,66,42,20,6,12,8,0,10,6,4,6,2,0,2,4,4,2,6,6,4,4,2,0,4,2,14,10,2,6,4,0,2,4,8,4,4,4,2,8,4,4,2,4,6,4,0,2,10,10,4,4,4,4,2,0,4,0,8,10,10,8,12,12,6,4,16,18,4,12,42,96,128,80,16,30,18,28,84,144,160,212,206,156,255,196,148,170,96,20,4,4,18,92,154,122,36,8,6,4,8,8,2,6,8,4,10,14,14,12,6,8,6,2,0,0,4,4,4,4,2,10,16,12,6,8,14,14,14,16,58,124,102,24,34,46,30,92,120,34,8,18,14,18,24,30,28,26,24,24,28,32,24,18,72,236,255,255,255,255,255,255,112,32,86,56,64,84,110,126,102,76,66,66,82,106,64,40,46,60,46,54,52,72,76,74,82,78,84,88,78,76,76,58,52,56,48,42,42,38,36,26,16,28,28,8,52,72,92,182,255,255,255,244,18,10,4,2,4,8,12,10,12,30,24,6,0,0,4,6,4,2,6,8,12,18,16,66,144,196,198,255,255,255,142,255,255,255,90,255,255,255,255,255,94,255,255,255,255,86,16,18,26,56,68,28,14,2,8,6,8,6,8,6,8,14,4,6,12,8,12,10,0,0,4,6,2,0,4,6,4,6,6,2,0,0,2,2,0,0,2,2,0,0,4,8,4,12,20,12,20,20,10,12,14,50,86,134,255,255,255,152,246,255,255,18,122,255,255,255,255,255,250,255,255,255,255,252,255,255,212,120,18,100,168,148,76,32,6,8,40,62,68,30,66,82,56,140,152,84,68,128,70,58,92,86,38,48,58,40,66,98,102,68,32,76,118,86,6,64,40,18,92,120,171
171,48,14,12,14,66,122,204,255,255,255,212,56,68,56,110,255,158,116,188,234,255,255,246,254,240,164,136,186,216,130,54,32,54,96,158,226,134,30,42,40,30,32,24,44,42,22,24,36,30,12,12,16,52,42,34,24,4,6,16,24,36,42,60,30,24,40,142,255,255,255,255,255,226,102,28,14,102,232,255,255,198,100,86,100,96,96,50,2,6,10,12,12,10,4,2,8,12,10,6,6,2,4,10,6,4,8,8,10,70,200,255,255,255,168,66,62,42,6,42,98,196,236,164,48,0,6,26,20,8,4,12,6,4,4,10,6,4,6,6,4,6,6,6,4,6,4,4,4,4,2,4,6,12,6,4,8,8,4,4,6,6,4,6,6,4,6,4,4,6,2,4,6,4,4,6,6,4,4,4,4,2,0,4,2,4,8,10,10,10,8,0,14,14,4,2,8,36,84,138,102,12,24,24,70,118,162,172,200,214,136,232,206,138,116,50,4,14,16,12,72,140,122,42,8,4,0,4,4,8,12,8,2,8,4,4,10,12,8,2,0,0,0,4,6,6,6,4,4,12,10,4,2,8,12,16,20,36,90,118,40,32,16,66,24,112,76,18,8,12,10,14,22,24,24,24,24,26,30,36,24,30,108,255,255,255,255,255,238,108,22,54,36,26,40,54,54,40,40,44,48,72,110,80,48,60,62,38,44,40,72,86,82,78,78,90,96,82,68,70,64,60,64,56,48,48,44,48,42,14,18,38,16,28,40,46,84,255,255,255,255,82,10,8,4,6,10,14,12,14,32,22,4,0,2,6,4,0,0,6,4,2,12,80,196,194,242,255,255,255,255,255,255,255,255,255,84,255,255,255,255,255,188,184,62,32,16,44,58,30,10,34,32,30,10,16,12,6,8,12,10,16,12,8,18,12,10,4,10,0,0,2,6,6,4,2,2,4,4,2,0,0,0,2,4,4,4,4,2,0,0,0,6,12,2,16,8,12,28,24,32,20,4,4,8,142,255,255,255,200,255,144,255,255,255,255,255,255,156,255,255,94,255,255,255,255,255,255,255,96,70,116,150,114,48,50,58,82,108,114,98,68,84,54,70,126,158,70,112,96,38,72,110,66,34,26,6,20,26,48,54,50,44,70,126,86,6,48,70,114,152,182
181,16,4,20,56,122,206,255,255,255,248,158,62,176,90,170,192,132,182,216,248,255,196,114,112,52,24,10,108,238,168,36,8,84,148,200,238,112,8,16,46,26,28,36,42,58,38,18,40,50,38,20,44,62,28,40,46,34,38,40,46,54,56,42,22,82,182,255,255,255,255,255,164,70,26,6,10,56,136,194,250,250,182,94,46,150,202,158,68,22,12,12,12,12,10,10,18,18,10,10,8,4,2,8,12,12,12,10,10,88,242,255,68,255,255,112,108,136,156,156,166,150,102,42,12,12,12,16,6,6,8,4,6,6,4,12,10,6,4,4,4,4,2,2,2,2,4,6,4,6,4,2,6,6,4,6,12,10,6,6,8,6,6,8,8,4,2,2,2,6,4,2,4,4,4,6,6,4,4,4,4,4,4,6,8,6,4,0,4,0,4,12,22,10,8,8,4,24,86,144,140,52,18,72,136,152,142,90,180,255,255,255,174,84,134,122,62,36,30,32,104,170,118,28,6,4,0,4,4,10,10,4,6,8,8,16,18,10,4,6,6,4,4,6,8,8,8,6,4,12,10,6,2,2,8,6,10,26,68,122,84,32,32,46,26,74,98,44,8,14,8,8,14,22,22,20,22,22,22,30,30,32,58,164,255,255,255,255,186,52,40,46,48,52,66,92,98,80,66,38,32,16,78,76,38,44,36,14,32,30,50,70,82,72,66,80,92,84,66,56,56,64,68,58,48,48,46,54,62,28,6,30,28,10,4,6,22,114,255,255,255,255,20,8,8,8,10,14,12,18,36,22,2,0,4,6,2,0,2,10,12,8,80,242,248,138,255,255,255,255,24,255,255,255,255,255,255,255,255,255,255,255,216,52,34,68,54,32,20,10,28,2,18,30,16,4,12,8,4,8,10,4,6,102,162,168,94,6,6,0,0,0,2,4,4,6,4,0,0,0,0,0,0,0,0,0,0,0,2,4,4,4,8,6,16,6,12,8,8,8,12,28,34,14,4,14,28,255,255,255,255,142,255,255,66,255,255,255,255,255,255,255,220,255,255,255,250,255,255,255,144,16,72,132,106,32,26,28,60,90,94,58,54,130,52,44,120,174,182,172,74,116,172,132,78,58,50,54,60,54,28,64,90,48,38,80,60,6,40,102,160,197
175,24,22,50,112,194,255,255,255,236,82,96,20,106,64,118,214,156,134,152,152,122,76,48,96,112,80,46,66,160,160,56,12,106,182,212,204,80,24,16,42,22,10,20,16,38,38,16,22,44,46,20,44,24,30,62,46,30,48,52,58,58,46,26,92,226,255,255,255,255,255,120,34,6,6,14,12,8,24,46,114,174,182,158,94,96,218,255,182,102,78,44,12,14,20,14,20,10,6,10,14,14,8,4,6,8,14,12,32,158,255,255,122,255,126,12,14,76,82,80,54,20,26,16,6,14,14,8,4,6,8,4,6,6,10,14,6,4,2,0,2,4,4,4,2,2,6,4,0,4,6,4,6,6,4,6,8,2,2,6,6,4,4,8,8,6,4,4,2,4,4,2,4,6,10,10,6,4,4,4,4,6,8,12,10,12,6,4,2,4,8,12,10,6,6,8,6,12,78,142,170,112,88,140,148,80,30,104,208,222,204,216,160,60,34,122,150,118,48,52,142,168,88,18,2,4,0,2,6,6,6,4,2,4,8,12,10,4,4,2,2,2,4,4,2,6,8,6,4,14,14,14,14,12,14,10,8,8,28,96,116,32,32,44,32,42,104,88,12,12,12,16,8,10,14,14,20,22,18,18,24,38,46,80,180,255,242,130,32,18,36,28,92,94,96,110,86,44,36,24,48,22,42,54,32,38,36,16,36,36,30,58,84,70,64,78,78,88,116,122,138,172,178,154,114,82,66,54,66,46,10,32,38,8,8,18,26,28,168,255,255,255,142,4,4,8,6,12,8,28,34,12,0,6,14,10,10,10,8,10,6,24,206,255,90,84,255,255,255,255,255,212,255,255,255,156,255,255,255,255,255,138,22,32,90,56,10,30,34,46,10,36,38,14,22,14,22,16,20,20,24,0,8,150,110,124,88,10,6,48,146,146,142,38,6,4,12,4,10,10,8,10,10,6,6,6,6,6,10,6,6,6,10,4,14,12,6,8,8,2,6,4,16,10,10,6,8,10,116,255,178,250,255,56,255,255,196,255,255,255,255,255,88,198,255,255,255,238,255,255,255,220,88,116,112,72,92,58,28,14,48,78,80,114,132,44,132,182,200,174,104,152,222,198,144,80,26,12,10,24,48,70,110,124,94,42,60,86,88,56,30,210
175,50,56,84,184,255,255,255,198,32,140,144,178,214,236,122,112,70,50,76,54,70,64,12,10,34,48,62,134,224,190,70,32,108,184,200,170,78,48,46,42,24,18,30,32,32,14,18,12,30,40,8,38,6,54,66,44,28,54,54,56,56,48,90,192,255,255,255,255,244,112,16,8,6,6,10,12,8,12,12,22,72,118,160,194,164,140,255,255,224,210,148,66,10,10,6,12,2,2,4,10,16,16,12,12,14,10,32,148,255,255,255,255,255,144,132,130,184,190,108,34,6,10,6,12,18,12,4,6,8,14,10,2,2,6,4,2,4,2,2,4,6,2,4,6,6,6,2,0,2,4,6,6,4,4,4,2,2,4,6,2,4,8,6,6,8,4,2,2,4,6,6,6,6,10,6,6,0,0,0,0,4,6,6,2,8,6,6,2,4,6,6,4,4,8,6,14,4,38,92,152,160,124,94,24,70,132,176,160,92,70,120,150,136,86,18,120,176,160,100,160,134,62,16,8,10,14,16,8,6,6,4,2,0,4,8,10,6,2,6,4,10,10,8,4,2,6,6,4,12,8,6,8,10,16,22,20,18,12,38,106,78,72,124,122,128,172,160,54,10,14,12,4,8,8,10,16,22,20,16,12,24,38,42,96,142,136,162,208,166,192,78,94,150,170,204,198,176,132,70,84,56,64,82,44,24,54,64,46,20,24,70,120,108,102,116,78,130,228,255,255,255,255,255,255,255,238,146,98,78,42,34,38,42,22,22,24,16,32,255,255,255,255,38,14,6,14,8,8,22,24,2,6,8,20,8,8,16,6,16,16,174,255,162,160,38,255,255,255,255,255,255,255,255,98,255,92,255,255,242,48,50,68,50,18,24,6,34,44,42,46,30,108,156,152,64,10,12,22,18,24,8,44,104,102,196,82,14,14,112,254,160,212,62,6,4,38,90,84,68,36,12,8,8,8,10,8,12,16,10,12,2,8,6,6,4,2,8,8,2,2,6,6,10,10,10,10,4,10,68,68,204,255,255,255,255,255,255,255,166,255,255,90,36,138,255,255,255,240,226,255,255,230,48,180,124,50,26,34,20,66,100,78,22,88,114,162,160,136,136,124,132,228,224,164,80,62,74,74,56,54,48,36,44,52,64,138,204,228,255,180,207
171,42,50,138,255,255,255,232,10,78,120,240,252,120,184,164,94,18,108,108,84,120,150,110,114,148,144,144,184,202,138,42,34,120,192,200,148,52,24,36,42,38,34,28,26,20,6,18,14,30,48,32,34,24,40,42,32,34,56,56,52,62,50,116,255,255,255,255,202,102,22,18,16,6,2,2,4,4,4,4,6,36,98,162,232,232,134,202,255,255,255,254,130,34,4,10,8,2,2,2,0,6,12,8,8,16,16,70,255,255,255,98,255,188,24,18,32,74,214,200,88,20,6,8,14,8,6,6,10,6,8,12,8,0,8,8,6,4,2,6,8,12,14,12,8,4,2,0,0,2,4,6,4,0,0,2,4,8,10,4,2,6,4,6,8,12,12,8,6,2,2,4,2,2,8,8,6,0,0,0,0,4,6,6,6,10,12,8,4,6,8,10,8,12,8,10,14,20,54,78,102,166,184,144,134,160,144,98,56,30,34,40,44,108,154,116,42,60,132,166,146,84,36,4,0,10,6,14,14,2,2,4,6,4,0,4,6,6,8,2,2,8,4,4,4,0,2,6,4,12,10,8,8,4,4,14,16,28,16,8,64,116,154,255,255,255,255,255,138,28,10,10,14,10,10,10,12,18,18,18,12,14,36,26,62,136,180,255,255,255,255,255,78,74,108,166,194,214,196,138,88,66,88,126,116,84,30,52,46,64,112,136,180,152,140,152,104,255,255,255,255,255,255,255,255,255,255,255,255,154,88,40,32,62,72,82,74,84,110,180,255,255,255,128,14,12,24,6,6,18,26,12,0,10,6,16,16,8,14,6,138,255,232,180,255,255,255,255,255,255,255,255,255,255,255,180,255,255,160,48,32,118,92,24,8,30,24,52,60,50,56,62,255,228,255,92,12,10,60,182,178,154,40,56,94,80,16,14,10,108,200,190,230,44,12,24,174,228,202,102,28,24,4,42,52,52,14,14,2,8,4,8,8,4,2,0,0,0,0,0,0,0,0,0,4,8,8,14,16,30,6,12,255,255,255,255,255,255,255,255,78,94,70,54,30,96,255,255,255,180,140,255,255,255,36,120,72,74,50,40,86,130,138,102,54,132,218,176,72,70,82,68,144,224,184,112,54,28,10,16,24,48,70,70,84,148,214,255,244,255,255,179
172,36,86,248,255,255,255,74,80,64,116,176,142,168,170,138,174,214,226,178,168,196,170,106,92,120,132,126,132,132,88,28,28,146,255,224,124,12,32,18,40,48,48,46,46,38,20,32,30,20,40,40,40,44,50,54,62,40,42,52,30,20,136,255,255,255,255,186,72,16,22,24,24,16,30,46,54,56,60,48,68,134,226,246,200,128,172,174,100,66,154,186,110,28,10,10,2,0,0,2,2,6,8,4,20,6,6,84,200,255,255,255,255,252,166,158,200,160,58,214,140,32,6,14,10,2,10,6,10,4,4,12,12,4,4,8,6,4,6,8,8,6,8,6,2,0,0,2,4,8,10,6,2,0,2,6,8,10,8,6,8,6,2,2,4,8,10,8,8,8,6,2,2,4,8,8,8,4,4,4,4,6,8,8,8,12,14,8,6,8,8,10,18,14,8,10,32,84,100,92,62,126,206,214,178,144,92,60,42,20,38,40,10,38,130,188,200,202,210,166,122,78,32,6,6,12,10,10,14,20,22,14,2,6,4,6,6,4,6,4,2,6,4,6,6,4,4,4,2,14,12,6,6,4,2,4,8,24,26,6,34,128,220,255,255,255,255,255,255,74,18,12,16,10,10,8,10,16,16,16,18,20,28,16,28,108,232,255,255,255,255,255,255,42,26,72,88,112,138,130,84,54,78,114,140,162,134,76,48,218,255,255,255,188,138,124,222,255,255,255,255,208,158,160,255,255,255,255,255,255,180,82,88,126,168,152,140,108,158,184,222,255,255,255,48,8,18,8,8,28,28,10,2,12,8,20,8,16,10,102,255,255,174,255,255,255,255,255,212,255,255,255,255,255,202,255,255,138,106,70,146,94,24,20,14,22,24,42,28,56,46,100,214,96,255,100,8,0,158,255,255,255,48,58,44,26,102,90,70,64,146,204,114,16,4,44,144,102,182,138,34,2,58,178,174,200,68,2,14,22,22,12,2,2,4,4,4,2,0,0,0,0,0,0,2,6,8,10,8,24,16,22,12,212,255,255,255,255,255,200,38,54,54,48,62,64,56,255,255,255,104,114,255,255,255,122,138,48,8,26,24,52,72,84,46,86,226,255,255,136,22,36,72,202,226,178,142,104,86,82,76,68,56,32,52,118,156,172,90,106,136,150
162,52,190,255,255,255,150,94,90,120,164,186,255,255,240,240,255,234,196,124,98,80,40,46,22,34,62,52,44,62,70,30,50,208,255,214,110,28,32,8,24,32,32,34,42,38,18,26,34,10,16,38,32,48,50,46,64,62,70,108,122,255,255,255,255,255,255,255,194,90,74,88,88,84,100,118,130,128,142,138,174,224,208,74,80,188,255,255,255,255,255,255,130,30,4,8,4,4,4,4,0,6,8,8,8,34,44,88,198,255,255,255,255,158,114,102,166,220,68,164,150,36,6,18,4,10,12,4,8,4,6,10,14,10,4,4,8,8,8,8,4,2,8,10,6,4,4,6,8,10,8,6,4,2,6,6,6,6,2,8,10,2,0,0,0,2,4,4,6,8,8,6,6,8,10,6,10,8,8,8,8,8,8,8,6,10,8,2,2,6,6,6,14,8,8,42,96,114,76,26,38,102,132,168,164,146,130,118,88,70,98,124,104,114,142,182,208,208,160,82,90,126,94,46,18,10,8,10,2,4,8,16,12,10,4,6,4,4,6,2,0,4,2,8,8,6,6,2,8,14,8,6,10,6,2,10,10,16,26,14,8,92,255,255,255,255,255,255,255,180,32,12,10,6,8,4,6,12,14,8,10,22,22,20,12,54,208,255,255,255,255,255,255,170,10,38,56,70,86,90,52,18,36,58,70,106,122,98,216,255,255,255,255,255,144,36,255,255,255,128,190,255,255,255,255,255,48,255,255,255,255,150,162,210,202,166,156,72,116,102,88,255,255,255,255,14,2,4,4,26,10,16,8,6,20,6,12,16,38,255,255,30,255,255,146,255,255,255,255,255,255,255,162,166,255,250,252,255,202,152,62,42,30,12,12,10,32,106,226,254,252,88,208,244,234,42,2,2,164,255,194,255,94,32,8,200,255,255,182,20,56,44,22,32,22,34,126,150,194,84,12,10,76,176,34,152,82,12,16,76,100,112,54,6,2,2,6,6,4,2,0,0,0,0,0,2,6,6,20,12,28,20,10,8,66,255,255,255,214,32,16,50,28,34,52,72,100,44,255,255,255,76,138,255,255,204,74,74,72,68,42,30,42,86,102,62,114,224,255,214,94,36,42,152,236,224,174,114,74,36,4,12,36,48,68,170,222,226,248,198,108,146
168,92,255,255,255,242,72,74,66,152,84,154,244,186,142,98,92,72,12,40,32,66,64,84,76,80,98,72,54,72,74,36,56,194,248,156,92,44,50,6,12,28,20,20,34,40,24,20,38,22,28,46,24,46,54,50,62,60,60,140,255,255,255,255,255,255,174,255,255,188,114,136,112,100,90,88,84,76,76,90,112,92,38,190,255,228,172,136,158,168,192,148,64,12,4,2,4,6,6,6,2,6,8,8,14,12,28,68,110,122,136,110,50,30,16,22,116,200,68,170,160,38,2,18,2,10,4,4,6,6,4,6,12,12,12,10,12,8,8,8,0,8,10,10,6,6,4,4,4,4,2,4,4,4,6,4,6,4,0,8,8,0,0,0,0,0,0,0,2,6,8,8,8,8,6,2,4,4,4,4,4,4,4,6,4,6,2,0,0,4,6,10,12,8,30,70,88,42,36,84,106,98,56,60,82,104,120,128,126,118,122,142,154,154,154,132,108,92,128,122,42,54,102,110,90,64,42,16,12,14,8,8,14,12,12,12,10,12,8,4,2,4,2,8,6,0,6,10,12,8,6,12,12,8,6,10,8,12,18,20,2,28,204,255,255,255,212,255,255,255,94,30,14,10,8,2,4,10,14,4,6,20,14,30,30,20,122,255,255,255,40,255,255,255,56,30,40,58,74,92,64,20,20,34,26,30,66,150,255,255,255,224,255,255,216,60,255,255,238,100,255,255,255,255,255,255,255,255,255,255,255,255,126,108,36,56,74,38,74,52,38,188,255,255,255,152,22,2,14,18,4,4,2,10,8,10,0,20,136,255,98,202,255,255,255,255,255,255,255,255,90,255,255,255,248,255,186,255,255,60,24,30,44,32,16,10,38,192,255,255,255,78,76,82,30,76,74,56,120,232,255,238,40,2,32,246,188,208,212,42,12,74,246,236,232,46,40,44,44,4,24,28,72,176,184,210,52,20,8,64,68,90,76,10,6,12,16,12,12,8,2,0,0,0,0,4,6,18,16,8,8,22,20,4,16,20,56,102,66,34,30,78,78,50,38,48,84,96,68,255,255,255,70,106,255,255,192,68,70,68,42,26,58,84,70,42,36,112,200,206,174,118,132,90,88,174,160,92,60,72,76,64,70,66,54,114,214,190,140,204,255,138
158,140,255,255,255,96,80,36,202,255,146,186,152,130,146,102,110,142,124,106,74,44,20,52,44,48,62,46,44,82,82,26,50,202,248,166,118,62,90,32,38,58,32,16,30,50,46,26,40,40,62,52,34,40,54,54,56,48,124,255,255,255,255,255,255,255,255,162,255,194,96,12,34,56,68,84,118,130,120,114,120,130,208,222,146,60,38,38,48,66,66,42,14,2,6,4,6,4,6,6,2,4,8,2,4,12,10,18,36,54,68,80,64,62,82,140,206,184,34,222,146,26,4,14,4,8,6,6,6,8,4,4,8,8,10,8,8,8,8,6,4,8,6,6,4,6,2,2,4,10,10,8,4,4,4,2,4,4,4,8,8,4,4,4,2,0,0,2,4,6,8,8,8,4,2,2,4,4,4,2,0,0,0,2,2,2,0,0,0,2,6,14,14,18,38,56,62,64,116,108,70,30,4,8,16,36,52,56,74,88,72,64,76,86,70,52,30,20,52,106,124,74,20,82,138,176,184,124,38,8,2,12,6,0,4,6,8,14,12,10,8,4,4,8,4,4,8,10,6,2,8,12,8,12,10,8,6,14,14,20,14,10,82,255,255,255,255,255,255,255,188,28,6,8,4,0,2,8,14,10,6,14,10,20,40,10,38,226,255,255,255,210,255,255,196,14,30,26,52,98,98,54,32,40,44,28,62,198,255,255,122,100,255,255,242,104,255,255,164,138,255,255,255,192,200,255,255,255,255,255,255,255,52,86,138,166,122,86,68,50,64,98,255,255,255,255,52,16,24,14,10,12,8,4,4,10,10,50,255,255,192,255,255,255,255,108,255,180,255,255,255,255,255,234,255,158,255,255,140,8,42,42,48,52,10,8,6,230,255,255,255,164,32,26,216,255,255,194,54,94,120,36,14,10,56,222,252,255,178,6,12,156,255,196,255,80,26,8,82,202,178,156,20,56,88,48,14,12,12,76,84,124,74,6,4,14,14,8,12,8,2,0,0,0,0,4,6,8,24,6,18,10,14,8,10,6,16,140,134,16,62,74,126,74,42,30,38,90,104,112,255,255,255,36,88,255,255,204,32,88,108,86,106,154,136,94,62,70,164,192,148,90,102,98,54,82,126,124,88,64,36,12,24,50,66,108,138,142,116,156,255,125
156,200,255,255,142,90,106,88,255,255,184,248,230,224,156,122,108,96,38,38,68,68,104,128,116,108,104,78,78,94,64,26,56,214,255,208,128,64,94,64,64,78,42,8,14,42,50,24,24,32,64,36,40,20,32,38,52,118,255,255,255,255,255,136,128,255,255,254,186,116,120,144,148,146,136,124,124,142,144,148,150,158,152,86,18,10,6,10,20,16,12,6,8,8,4,2,6,4,8,8,4,6,8,4,10,4,6,54,154,255,255,255,248,166,134,148,120,54,172,210,90,10,6,10,6,4,6,2,4,8,6,6,4,4,6,8,2,8,8,6,6,12,14,12,4,6,4,6,8,8,12,12,6,4,4,2,4,4,4,2,6,8,8,8,6,2,0,4,6,4,4,4,6,4,2,6,6,4,6,6,4,2,0,0,0,0,0,0,0,2,6,8,6,16,48,70,70,90,82,38,8,10,6,6,6,6,22,18,22,26,28,18,22,12,18,12,6,10,12,30,80,124,110,62,170,255,255,255,255,140,44,18,16,14,10,6,4,4,6,8,10,6,4,6,2,4,8,6,4,4,6,6,2,12,14,10,6,16,16,14,32,12,14,144,255,255,255,126,255,255,255,80,8,6,2,2,4,6,12,18,14,20,8,20,36,16,12,96,255,255,255,126,255,255,255,58,54,40,46,74,76,42,24,24,40,24,56,244,255,255,64,104,255,255,210,74,255,255,220,140,255,255,255,86,36,114,255,255,255,32,255,255,250,126,120,128,100,136,130,114,146,144,146,255,255,255,255,8,16,4,6,2,4,6,2,8,8,192,255,12,255,160,218,255,255,255,255,255,255,255,255,192,255,255,244,255,255,120,58,8,28,54,26,52,108,100,58,192,255,255,255,52,6,42,255,255,255,208,54,38,12,180,224,218,36,112,128,144,42,6,6,154,255,255,255,72,2,22,252,255,255,192,26,14,18,90,128,126,52,50,36,66,24,8,8,12,8,4,14,10,2,0,0,0,0,2,4,6,6,14,10,8,16,16,22,8,26,48,180,150,90,48,76,52,58,82,38,46,134,124,130,255,255,255,48,108,255,255,190,120,62,24,68,76,54,40,16,36,118,198,160,102,80,60,70,24,170,176,110,102,94,88,78,82,132,212,255,255,255,255,255,122
149,255,255,255,38,126,116,94,255,152,68,112,102,44,28,52,88,142,160,190,174,150,174,172,142,110,86,54,54,68,46,8,38,210,255,190,98,56,80,30,44,64,36,26,24,32,36,26,54,56,42,28,38,22,26,6,106,255,255,255,255,255,152,62,62,142,255,255,102,78,164,122,84,60,54,36,26,34,40,44,50,50,34,20,14,16,6,0,10,16,22,20,16,12,10,8,12,8,8,8,4,8,8,4,6,20,20,64,206,255,255,255,255,255,120,18,78,154,192,124,32,8,6,8,10,4,4,8,10,6,2,4,2,0,2,4,4,10,10,6,2,6,8,10,6,10,14,8,4,4,4,10,10,8,8,4,4,2,2,4,4,2,6,6,2,4,8,14,12,8,6,6,6,6,8,4,4,6,0,4,6,6,2,6,6,12,12,6,4,14,18,10,6,6,26,42,26,38,14,8,6,12,8,14,6,8,12,16,6,12,4,6,6,4,4,4,2,2,6,4,10,66,122,180,236,192,255,255,255,255,255,120,42,20,22,26,14,18,14,6,12,4,8,2,8,6,6,8,2,2,4,6,12,14,6,12,6,12,18,12,22,20,6,60,255,255,255,255,255,255,255,202,34,6,10,8,10,8,12,12,6,16,24,16,18,22,16,46,182,255,255,255,172,255,255,218,14,54,48,64,76,50,26,14,30,14,26,252,255,255,62,104,255,255,210,24,255,255,255,66,255,255,255,136,84,40,160,255,255,228,255,255,255,112,38,42,28,86,86,102,106,84,60,190,255,255,255,108,12,6,10,6,14,8,6,14,80,255,252,255,252,28,72,40,160,255,255,255,255,98,255,255,255,255,255,255,40,92,52,14,18,38,44,244,255,255,250,68,156,190,78,0,12,46,255,255,255,236,32,18,118,255,216,255,82,66,56,34,158,154,126,90,230,255,172,20,22,46,238,188,255,238,32,26,76,255,255,255,96,36,46,18,64,70,62,18,6,10,10,8,4,6,6,4,4,2,2,4,6,4,6,2,6,12,10,22,10,20,48,154,198,144,30,40,66,102,64,26,32,138,92,170,255,255,208,72,192,255,255,116,78,132,144,148,136,114,94,82,72,174,166,94,118,96,146,134,226,255,224,138,84,36,22,56,144,255,255,255,250,176,148,110
152,255,255,148,62,36,92,102,240,56,128,96,102,144,158,196,232,226,204,190,156,136,146,136,96,80,76,48,42,64,56,26,54,238,255,178,84,30,72,22,52,76,24,30,40,40,30,52,72,48,50,50,38,26,22,70,255,255,255,255,255,150,54,2,10,48,116,218,200,124,255,255,138,24,16,18,20,18,2,10,10,2,2,12,14,8,6,4,8,6,2,4,8,12,14,12,8,8,8,6,2,4,4,8,0,10,10,50,202,255,255,128,110,176,146,142,142,138,88,28,4,8,10,10,12,12,8,10,16,6,6,2,0,0,2,6,6,8,10,10,8,10,10,10,4,16,14,6,2,6,6,4,10,8,4,0,2,2,2,2,6,6,8,6,4,6,8,8,2,12,10,4,4,6,10,6,8,8,4,0,2,4,4,4,6,12,8,24,18,28,18,16,18,4,16,10,8,8,6,8,4,6,10,14,10,12,12,8,16,4,6,8,2,4,2,6,4,6,8,0,6,8,44,130,255,255,255,186,255,255,255,255,238,114,44,22,30,30,14,24,10,6,6,8,16,12,6,8,2,2,2,8,12,8,6,6,8,10,14,2,10,12,10,14,134,255,255,255,88,255,255,255,96,6,12,10,8,4,12,4,4,20,20,16,20,28,26,30,90,255,255,255,194,255,255,255,114,24,32,46,72,76,40,22,30,6,18,224,255,255,96,96,255,255,255,28,255,255,255,62,255,255,255,214,84,62,100,255,255,255,255,255,255,200,50,38,26,28,34,50,24,14,56,68,255,255,255,238,4,2,8,2,12,2,56,122,248,255,56,255,74,112,54,90,78,66,46,255,255,255,255,162,255,160,255,196,14,130,56,18,22,10,48,255,255,255,255,68,40,20,174,214,220,68,166,180,228,58,2,10,152,255,194,255,124,18,22,224,255,255,250,44,64,64,20,74,84,66,206,214,255,118,18,2,130,255,24,255,132,30,20,126,255,220,188,44,14,24,10,12,12,12,12,8,8,4,2,4,4,4,4,2,2,14,18,24,38,10,24,38,140,158,108,98,88,74,66,34,54,42,106,42,255,255,255,68,106,178,255,255,132,144,120,110,96,54,36,14,16,64,112,54,52,216,255,240,255,255,255,178,70,56,46,82,172,255,255,164,44,120,140,125
140,255,255,98,76,78,96,150,182,126,204,176,178,232,246,255,246,188,142,102,58,32,38,50,30,18,44,48,42,64,52,12,28,214,255,208,90,20,60,34,70,94,26,8,30,38,28,36,34,12,50,66,62,24,54,242,255,255,255,252,134,64,6,8,4,22,30,148,255,232,98,255,255,124,48,20,4,4,12,4,14,0,0,2,4,8,10,6,2,4,6,2,2,6,4,2,6,10,12,8,4,6,8,12,22,22,32,46,152,255,255,255,255,122,200,156,64,34,8,2,6,2,6,10,10,12,16,16,14,2,6,4,0,2,4,8,8,6,6,4,2,2,4,6,10,14,6,4,6,0,6,4,2,4,4,6,6,2,2,2,2,2,6,6,6,4,6,10,18,10,4,8,6,6,8,4,14,18,14,10,6,4,4,16,14,6,24,4,10,16,2,8,16,6,22,8,6,26,28,22,14,14,6,2,4,14,4,10,14,4,4,4,4,4,8,6,6,6,2,0,0,0,4,30,96,254,255,255,255,94,255,255,255,255,234,96,64,14,4,28,14,22,22,18,12,4,6,4,0,2,2,4,10,8,4,4,4,6,8,8,10,14,16,12,48,255,255,255,255,255,255,255,200,26,14,10,8,18,12,2,6,16,16,12,12,20,20,12,38,146,255,255,255,250,255,255,184,26,30,40,46,70,66,34,12,24,28,182,255,255,170,48,255,255,255,114,152,255,255,194,248,255,255,255,114,84,140,255,255,255,188,255,255,226,58,32,48,28,10,10,12,52,80,50,130,255,255,234,16,14,4,10,22,10,94,208,255,166,255,255,54,136,54,68,32,18,108,255,255,255,255,210,255,255,255,86,92,102,14,32,36,16,68,255,255,255,255,20,12,124,255,255,255,126,36,48,22,110,110,92,114,232,255,230,44,2,34,255,184,244,255,78,10,50,255,255,255,108,48,104,72,14,32,36,92,255,255,255,86,12,16,184,200,118,172,54,24,6,90,110,110,44,22,12,8,2,2,2,2,0,0,0,0,0,0,4,28,40,4,12,54,140,214,100,80,50,88,60,30,8,74,98,16,255,255,255,12,104,214,255,255,122,52,24,16,62,60,78,88,92,86,46,52,254,255,255,255,255,255,230,110,24,12,80,186,226,202,148,255,255,255,161
128,255,255,114,152,146,70,196,194,224,230,236,220,255,200,138,114,46,16,30,40,28,40,72,62,22,22,12,14,34,44,20,44,218,255,244,112,56,84,38,52,62,34,22,30,26,22,6,30,24,48,86,70,38,222,255,255,255,255,106,58,4,18,12,8,14,2,32,222,255,224,130,255,255,150,26,8,8,4,20,18,4,4,2,0,2,4,6,4,4,6,4,6,8,6,8,10,12,14,8,4,6,8,10,16,4,18,40,56,92,132,194,234,132,252,255,120,32,8,12,8,0,2,8,10,12,16,14,10,2,4,6,4,6,8,10,12,8,10,8,8,6,6,4,10,8,2,2,6,6,4,4,2,8,8,8,6,8,2,2,2,0,2,4,2,2,6,14,8,8,12,8,10,10,8,2,0,4,4,8,12,4,6,6,12,6,18,12,10,16,0,6,12,14,18,8,60,116,110,120,98,58,14,16,12,10,14,6,6,4,4,4,4,4,8,6,4,2,0,0,0,2,6,10,16,46,150,255,255,255,255,152,255,255,255,255,202,90,38,22,14,22,12,12,2,6,4,4,4,4,4,4,6,12,4,6,6,10,10,6,10,14,14,14,4,118,255,255,255,56,255,255,255,82,6,18,22,14,2,8,8,12,14,12,12,20,20,18,30,60,255,255,255,255,255,255,148,70,16,54,42,50,66,58,16,14,26,108,255,255,255,36,226,255,255,255,56,255,255,255,94,255,255,255,162,72,186,255,255,255,174,255,255,200,52,32,38,46,46,34,10,44,60,40,255,255,255,188,10,18,14,10,10,12,96,218,182,172,255,74,110,74,58,74,14,54,255,255,54,255,82,232,255,255,42,68,102,62,86,234,255,255,70,255,252,255,116,16,12,142,255,106,255,178,26,14,168,255,255,248,48,96,108,20,48,46,48,228,255,255,212,10,6,86,255,92,236,142,52,24,108,255,236,186,30,56,120,84,12,20,48,146,234,255,180,32,14,40,154,84,132,50,20,10,18,14,4,2,2,0,0,0,0,0,0,4,4,34,32,6,20,86,255,212,88,10,98,116,26,20,20,82,114,76,255,255,255,58,80,255,255,255,148,62,76,60,42,58,22,22,86,102,126,255,255,255,50,255,255,255,162,80,56,58,192,255,255,255,255,255,255,199
114,255,255,112,138,86,74,106,172,170,156,166,114,90,18,54,96,74,70,54,56,34,24,40,44,28,14,2,14,30,34,16,40,198,255,246,120,50,98,70,56,40,42,48,42,22,24,40,36,18,80,80,46,170,255,255,255,255,110,46,28,20,6,14,2,8,16,6,78,250,255,202,68,255,255,114,30,8,16,6,8,4,4,2,0,0,2,6,8,6,8,8,8,10,10,12,12,10,8,2,0,2,4,6,6,20,16,16,20,36,76,142,238,148,142,236,108,26,14,6,8,2,4,6,8,10,12,8,6,6,4,4,4,6,8,6,10,8,10,6,8,8,8,4,4,6,4,2,2,4,4,4,2,10,10,10,6,12,10,2,4,2,0,0,4,8,10,12,6,14,10,10,18,16,6,8,16,20,18,8,12,2,10,2,12,4,12,18,22,10,6,28,48,62,50,70,184,255,255,255,255,206,82,18,18,6,12,10,4,4,6,6,4,4,8,4,0,0,0,0,2,6,6,10,24,8,40,112,255,255,255,255,236,255,255,255,255,255,148,86,38,6,0,12,12,12,10,6,10,6,6,8,4,10,10,4,4,10,8,2,8,18,22,28,6,36,240,255,255,255,255,255,255,244,32,6,18,6,8,12,6,6,8,8,10,22,28,16,22,36,126,255,255,255,255,192,80,110,28,64,58,46,68,46,4,44,50,32,255,255,255,148,98,255,255,255,240,255,255,248,16,255,255,255,194,68,255,255,255,255,222,255,255,172,44,28,14,24,36,24,20,24,36,86,255,255,255,38,8,12,2,6,4,8,56,224,166,255,214,102,164,62,54,28,48,142,255,255,255,255,255,100,255,128,16,62,54,34,160,255,255,255,166,114,140,78,86,84,70,112,255,255,255,68,8,8,255,255,192,254,48,42,18,196,255,255,88,96,128,146,14,26,30,152,218,172,255,60,50,8,220,255,186,162,70,28,36,118,194,170,48,50,74,112,48,4,28,58,136,114,172,78,14,20,12,4,12,10,2,0,0,0,0,0,0,2,6,14,38,22,24,26,118,202,146,64,70,126,88,18,6,12,86,94,198,255,255,196,112,62,255,255,255,124,12,26,40,72,64,58,38,42,102,240,255,255,255,226,255,255,180,82,70,30,130,242,252,255,255,194,136,217
93,255,182,70,60,64,140,76,96,38,40,94,98,72,76,66,84,58,28,26,30,34,46,46,26,20,22,20,24,36,44,28,48,222,255,255,110,18,76,90,76,36,36,54,50,18,38,42,36,44,68,46,82,255,255,255,255,148,64,26,12,24,14,8,8,6,22,24,32,106,194,255,184,174,255,192,32,14,12,24,12,10,10,6,4,4,8,8,12,6,4,6,8,12,12,10,8,4,2,0,0,0,0,2,6,14,8,44,116,188,222,220,196,102,192,190,128,52,14,8,6,4,6,4,4,6,6,2,2,4,4,4,4,4,6,4,6,8,8,6,8,6,6,4,2,6,8,4,2,2,2,0,4,8,8,6,2,8,12,4,2,2,0,0,4,8,6,4,2,12,10,10,10,8,8,10,8,2,14,8,8,4,12,6,16,32,26,40,80,124,150,176,204,206,186,80,255,255,255,255,255,255,192,40,8,10,16,6,4,4,4,4,2,4,8,6,2,2,0,2,6,6,2,12,16,8,6,28,52,178,255,255,255,255,84,255,255,255,255,255,170,74,14,10,16,14,16,10,14,4,6,10,8,10,12,2,0,6,4,2,4,12,16,28,20,16,122,255,255,255,190,255,255,255,120,18,28,20,10,24,4,6,6,6,16,32,36,20,12,22,64,176,240,176,88,30,62,132,72,56,62,56,76,56,42,68,36,36,130,255,255,255,54,168,255,255,255,255,255,254,42,238,255,255,178,62,255,255,255,156,255,255,255,140,42,30,6,16,30,16,26,22,4,255,255,255,146,14,32,16,16,6,12,20,96,255,52,255,32,166,136,124,94,52,22,240,255,112,255,142,255,166,255,255,124,44,16,10,208,255,52,255,242,30,26,162,255,255,254,36,128,160,68,26,26,30,234,255,255,246,24,22,92,255,206,255,128,52,72,255,255,255,255,255,255,255,255,255,255,255,255,255,255,240,52,28,34,255,255,255,124,36,34,18,98,98,84,16,64,92,82,22,0,10,14,4,10,10,2,0,0,0,0,0,0,2,10,2,16,34,40,48,34,102,188,126,42,70,74,76,50,18,12,128,38,255,255,255,90,128,120,255,255,226,68,48,34,38,26,18,36,40,50,172,255,255,255,226,255,212,126,60,50,122,100,110,104,68,30,20,18,219
79,250,58,40,60,206,210,154,176,148,134,130,128,72,38,30,32,46,44,58,64,54,50,46,40,42,40,30,22,26,30,18,16,168,255,255,108,22,68,90,88,32,10,34,54,30,32,12,60,58,28,46,255,255,255,255,150,72,28,22,32,8,14,10,8,6,2,4,14,44,68,178,226,30,255,198,50,10,6,8,12,8,6,4,4,4,8,4,10,6,2,6,6,8,8,4,2,0,0,0,0,0,0,2,8,12,34,136,255,255,255,255,112,20,84,192,244,220,134,44,6,4,6,2,2,6,4,0,4,8,8,6,6,8,4,4,6,4,4,6,8,6,6,4,2,0,6,6,4,0,4,2,4,8,8,6,4,8,10,4,2,2,0,0,4,10,8,6,8,10,6,6,12,8,6,12,18,10,12,14,20,38,64,54,64,106,100,90,194,255,255,255,255,255,255,110,236,255,232,114,244,255,200,56,2,6,2,6,8,6,4,4,4,6,8,8,4,6,2,4,6,2,0,4,16,6,18,26,20,28,122,255,255,255,255,255,255,255,255,255,255,255,126,46,22,8,16,18,12,6,6,8,12,12,8,4,4,10,8,2,2,10,12,18,14,18,44,220,255,255,255,255,255,255,204,26,34,16,2,22,6,12,12,14,24,36,38,30,22,16,28,102,152,106,120,196,168,255,206,36,62,60,64,58,52,50,26,32,56,212,255,255,218,20,172,255,255,255,255,160,24,255,255,255,128,28,200,255,255,255,255,255,255,120,34,36,14,18,32,18,28,36,122,255,255,255,26,38,22,16,4,6,14,12,122,238,68,232,255,232,70,98,120,14,82,255,255,255,255,255,194,216,40,255,250,86,112,76,186,255,255,255,110,4,6,255,255,255,255,82,38,10,152,220,224,96,128,136,180,56,2,12,110,255,222,255,182,255,255,255,255,255,255,255,255,255,255,255,255,255,255,255,255,255,255,255,208,196,156,255,162,20,22,130,255,250,226,58,14,14,32,30,30,32,30,28,14,4,4,0,0,0,0,0,0,2,6,10,6,24,70,20,46,34,178,190,90,58,32,78,100,40,72,100,132,60,255,255,255,80,128,255,255,255,144,30,56,70,82,70,40,34,30,74,192,244,255,255,255,230,112,54,84,88,64,42,52,72,68,80,82,207
69,132,100,52,144,255,152,84,80,68,60,48,54,34,40,58,72,82,72,78,86,76,68,66,54,46,44,30,30,12,26,20,10,126,255,255,120,38,96,102,94,44,16,12,52,56,28,48,72,56,8,230,255,255,255,184,74,20,12,20,14,4,10,2,2,4,2,30,76,136,194,228,134,202,255,208,32,12,8,8,4,2,4,4,4,4,6,4,8,4,0,4,2,4,4,0,2,4,4,4,4,4,4,8,10,24,76,182,255,255,106,166,118,44,46,78,146,246,255,160,32,2,6,6,6,6,4,2,4,8,6,2,4,8,4,4,6,4,4,6,8,8,8,2,2,4,2,6,6,4,10,6,2,10,10,8,8,10,8,4,4,4,4,2,2,8,10,8,2,6,8,8,20,36,48,46,52,48,56,104,138,178,216,192,150,156,184,194,174,255,246,174,152,162,255,154,206,255,255,255,255,255,224,62,10,16,8,0,2,4,4,4,6,10,10,8,4,6,4,6,4,0,0,6,14,8,10,14,6,10,10,76,216,255,255,255,255,64,255,255,255,255,255,228,118,34,12,12,4,6,4,8,12,12,4,6,6,10,10,2,6,14,16,16,8,16,14,80,255,255,255,255,255,255,210,100,6,14,8,14,14,12,14,18,26,36,36,24,6,10,14,58,132,152,228,255,255,255,255,180,58,72,56,52,46,48,44,44,50,62,254,255,255,206,42,60,136,132,112,22,134,255,255,255,100,14,150,255,255,255,255,255,255,64,34,40,50,50,56,40,52,106,255,255,255,168,6,16,8,4,4,4,10,12,164,170,80,255,255,255,152,108,226,250,255,255,48,255,32,178,255,246,255,255,112,255,255,255,74,255,255,192,8,14,20,255,255,255,255,36,12,62,255,248,255,114,40,34,14,120,134,102,70,164,208,255,255,255,255,255,92,255,255,255,255,255,255,255,255,255,255,255,146,255,255,255,255,255,254,254,84,14,12,174,194,126,246,88,16,14,122,198,212,100,2,24,22,4,4,0,0,0,0,0,0,2,8,6,2,4,54,50,36,10,94,166,112,44,74,60,72,60,38,46,122,106,162,255,255,246,116,42,255,255,255,102,64,48,22,4,32,54,70,88,138,144,196,222,206,220,130,68,38,126,132,96,56,46,26,34,8,199
59,52,108,82,204,212,32,56,70,98,126,112,100,108,116,106,106,114,104,100,90,66,58,54,36,24,20,10,22,10,14,20,8,130,255,255,154,46,80,112,116,72,8,26,16,38,44,68,76,44,140,255,255,255,228,100,24,4,8,4,12,16,14,20,18,26,54,118,174,188,144,54,146,255,255,108,8,16,6,6,8,6,6,6,8,10,12,12,12,8,6,10,10,10,8,2,4,8,8,8,8,8,10,14,6,18,66,152,255,255,255,255,206,156,178,176,172,30,250,255,136,20,6,10,0,8,6,4,4,10,2,6,2,10,10,2,4,6,2,4,4,10,10,2,4,2,4,6,4,4,8,4,10,8,16,8,8,0,4,8,8,6,4,4,6,14,10,4,18,18,24,42,56,92,182,218,234,172,110,236,255,255,255,255,252,98,128,122,26,255,255,255,255,255,255,196,72,224,255,255,255,255,120,32,12,10,14,6,2,2,2,4,6,10,8,10,8,8,10,6,2,2,4,4,6,4,20,20,2,8,10,4,52,158,255,255,255,255,255,190,255,255,255,255,255,172,68,30,16,12,10,18,8,10,14,4,6,8,6,6,10,20,22,18,8,14,10,32,108,202,172,164,184,126,134,162,66,14,8,8,14,12,12,10,14,24,32,30,32,18,22,36,94,188,255,255,255,255,255,255,44,68,52,48,44,64,72,72,74,70,68,242,255,255,255,160,100,76,86,160,255,255,255,255,84,58,18,156,255,255,255,255,116,46,38,84,98,124,122,104,158,255,255,255,255,22,6,4,10,6,2,2,6,28,156,56,255,255,255,255,255,255,255,255,255,255,255,255,255,160,238,58,122,255,166,255,255,255,120,110,68,96,228,238,102,198,236,255,118,10,4,86,255,118,255,134,6,24,142,255,255,196,255,255,255,255,255,180,255,255,255,255,255,255,255,255,255,255,255,255,255,255,255,255,255,255,196,255,255,255,255,120,28,154,240,255,224,38,4,40,202,166,188,118,22,4,26,44,50,50,14,8,8,6,6,4,8,2,6,6,20,30,12,20,6,98,138,84,42,66,62,24,70,46,74,180,26,230,255,255,94,90,202,255,255,246,18,60,84,92,88,88,66,44,68,88,96,54,126,168,102,130,66,54,106,86,34,42,74,96,90,212
47,40,58,24,200,86,74,116,152,160,162,144,146,164,158,124,114,116,94,70,44,24,22,18,6,6,18,20,26,10,12,18,16,118,255,255,170,10,40,80,116,116,56,20,16,26,46,74,64,86,255,255,255,255,124,40,6,10,10,10,18,18,10,34,80,124,174,200,154,40,86,192,230,188,102,24,12,4,12,2,10,4,2,2,2,2,4,6,6,4,6,8,14,16,14,8,4,8,8,6,6,6,10,10,10,8,60,114,192,255,255,244,240,255,238,204,255,255,50,255,255,78,16,18,8,18,8,8,10,12,6,6,8,8,16,4,4,6,2,8,6,4,12,4,8,6,4,4,2,4,8,6,14,6,10,2,6,6,16,4,14,18,12,10,4,8,6,50,84,60,80,130,112,136,255,255,255,255,122,224,234,122,42,106,178,44,162,142,172,230,255,255,255,255,234,146,70,56,92,86,82,42,8,2,6,6,6,8,6,6,4,4,8,10,4,8,8,6,4,4,4,6,6,6,10,14,14,8,4,6,2,6,14,18,102,255,255,255,255,255,128,255,255,255,255,255,255,136,66,30,26,10,6,18,24,16,16,12,10,12,20,24,20,18,16,26,16,6,56,110,64,26,38,84,32,154,128,22,14,8,12,14,16,16,22,28,32,30,8,16,20,24,64,170,255,255,255,222,255,255,176,26,72,60,72,76,70,70,72,64,60,46,198,255,255,255,255,255,255,255,255,255,255,130,72,60,48,48,34,66,100,84,48,18,32,106,168,166,178,118,255,255,255,255,144,14,14,12,12,4,4,2,6,76,122,72,255,255,246,255,255,255,255,255,255,255,255,20,255,255,255,255,190,92,255,255,255,255,64,10,46,255,255,255,172,66,94,40,88,114,96,56,240,230,255,34,8,12,216,206,136,255,255,255,255,255,255,255,255,255,230,114,74,108,124,126,140,164,140,134,70,94,190,255,255,255,255,255,42,255,255,255,255,22,72,106,30,4,10,56,180,166,255,152,12,22,14,78,42,70,30,6,4,14,2,8,2,6,4,6,8,22,26,2,26,44,160,148,50,80,100,46,28,76,62,178,130,86,255,255,255,180,176,255,255,255,106,50,62,46,30,16,42,94,118,158,150,84,126,122,80,128,166,46,58,104,100,84,80,56,28,223
50,64,118,74,158,40,178,208,220,210,200,172,152,136,112,72,56,48,20,18,8,6,6,16,18,22,18,22,24,16,18,12,16,84,255,255,182,28,62,74,66,84,66,28,8,20,56,78,52,255,255,255,255,142,44,8,16,20,20,24,44,76,102,134,156,160,138,58,60,166,204,174,108,52,16,8,6,8,14,6,8,4,4,6,8,8,8,10,6,4,6,4,6,12,14,14,6,12,10,4,6,4,6,4,8,10,20,34,42,74,118,128,134,106,58,36,152,255,172,252,255,118,10,6,10,10,6,2,4,12,8,8,6,10,8,8,4,2,12,14,8,6,14,12,8,10,10,6,2,2,6,12,6,12,16,8,4,18,4,46,58,52,60,72,72,58,28,138,174,162,230,255,224,96,226,255,180,255,186,180,255,224,255,255,255,158,178,162,184,86,112,118,100,68,68,54,26,2,12,6,14,6,4,4,10,10,8,0,4,6,6,6,8,4,0,4,6,4,8,8,8,6,2,4,10,12,10,10,4,4,8,6,14,12,16,90,198,255,255,255,255,255,144,255,255,255,255,255,246,104,34,20,6,6,8,16,10,12,16,18,18,14,12,12,8,12,18,16,28,96,98,8,38,58,52,96,158,68,2,14,14,10,12,12,16,20,18,22,20,22,10,8,34,84,255,255,255,128,255,255,255,94,58,74,72,60,54,50,32,12,6,6,32,122,226,255,255,255,255,255,255,255,108,64,92,78,64,130,194,190,120,64,50,30,22,84,108,22,82,180,255,255,255,158,10,0,0,0,0,0,0,4,8,100,98,80,255,255,255,255,255,255,255,255,255,255,255,230,255,255,94,210,255,198,242,255,255,202,8,20,90,255,118,255,216,32,16,166,255,255,255,16,110,92,40,38,34,28,176,255,255,255,255,174,255,255,255,255,172,110,34,58,48,18,76,60,36,102,78,66,70,94,98,124,48,158,255,255,255,255,128,255,255,255,66,26,84,136,134,50,86,124,124,44,4,12,38,44,50,56,26,12,14,0,12,2,6,6,6,8,2,20,32,26,26,14,132,192,88,36,80,70,4,82,56,118,156,16,162,255,255,188,186,255,255,255,255,64,62,100,126,114,154,202,196,242,236,164,255,255,164,76,136,96,100,142,102,58,44,64,70,215
42,118,84,160,116,160,246,214,172,168,136,86,56,42,24,10,20,22,34,36,24,12,18,26,34,28,20,12,14,20,36,20,16,70,255,255,238,54,86,110,66,60,62,36,18,52,100,82,134,255,255,255,178,60,8,8,12,18,44,96,156,182,166,132,70,18,88,164,202,184,116,46,4,14,16,8,8,10,4,6,6,6,4,6,8,8,8,14,12,12,14,16,8,6,6,8,8,14,8,2,4,2,6,4,16,18,8,8,10,8,26,22,10,16,16,30,114,255,228,170,255,120,32,16,6,6,8,6,12,12,18,12,8,10,2,6,16,16,14,4,8,4,16,12,6,6,6,4,2,0,2,8,6,8,6,10,4,10,84,210,234,210,138,164,180,238,114,182,204,218,255,242,255,148,255,255,255,255,246,100,230,238,240,178,162,110,96,102,90,22,28,36,12,4,8,0,8,6,8,12,4,4,2,10,12,4,10,4,2,4,4,4,8,4,0,4,8,8,8,8,8,8,6,4,6,12,14,8,4,8,8,6,14,10,2,28,42,130,255,255,255,255,255,92,255,255,255,255,255,255,170,74,44,26,8,16,2,10,12,8,2,14,20,16,14,8,4,8,8,68,122,50,56,10,98,20,168,128,28,12,14,8,8,8,10,16,18,14,16,34,14,2,40,50,144,255,255,255,116,255,255,254,48,70,80,64,40,56,48,12,4,10,10,18,60,76,92,122,140,98,74,120,152,172,160,162,212,255,255,255,255,142,50,44,50,58,134,124,54,255,255,255,160,0,2,0,0,0,0,0,0,4,6,106,74,104,255,255,255,255,255,255,255,255,255,255,255,255,32,255,255,164,255,255,124,162,138,52,98,108,92,255,255,255,90,8,8,255,255,255,255,62,34,32,138,224,214,86,156,255,255,255,255,255,255,255,126,76,68,132,60,18,90,30,22,118,98,98,48,92,28,102,70,66,110,70,78,84,255,255,255,255,255,255,255,114,255,255,255,82,38,32,8,42,60,58,30,26,48,34,28,10,4,10,8,4,6,6,4,8,4,8,20,44,8,44,70,208,172,48,68,84,8,72,60,56,152,82,74,168,250,156,120,122,255,255,255,230,154,164,156,170,242,255,255,255,255,188,255,255,250,164,214,184,144,212,204,156,98,82,60,206
33,82,72,168,130,206,194,106,44,48,32,40,52,64,70,58,48,34,28,20,20,8,16,20,20,20,16,2,8,10,30,28,28,50,255,255,255,46,54,100,84,76,70,40,40,112,144,40,255,255,255,236,92,6,18,12,28,76,160,206,184,94,22,82,136,168,170,146,112,64,12,12,12,6,6,14,10,2,10,8,0,2,0,4,6,4,6,12,12,10,12,14,12,6,8,2,8,8,0,8,10,6,10,6,12,8,2,6,6,14,16,14,18,6,8,68,250,255,100,255,255,116,16,6,8,4,2,8,14,20,14,6,6,6,8,8,12,12,4,4,10,8,20,10,16,14,14,10,4,2,2,10,4,12,18,4,4,16,158,255,255,255,196,126,200,255,255,164,130,96,104,80,255,255,126,255,255,255,250,106,72,80,72,58,30,12,28,28,26,18,14,6,16,12,8,12,12,10,8,12,12,2,6,8,8,6,4,8,2,4,4,4,8,6,2,4,8,8,8,8,10,12,10,2,10,10,14,14,10,6,6,10,6,6,6,22,18,24,92,238,255,255,255,255,255,104,255,255,255,255,255,255,168,94,40,14,4,8,8,2,6,10,24,20,14,8,2,16,16,20,108,114,26,74,58,64,108,186,88,20,14,12,12,10,10,12,12,22,26,28,14,8,36,34,68,255,255,255,210,255,255,255,76,58,72,68,54,68,54,10,8,8,8,24,44,54,96,126,154,178,210,240,240,255,248,212,255,255,220,255,255,240,128,122,118,100,44,10,255,255,255,255,24,4,6,0,0,0,0,0,0,4,12,118,68,90,102,200,180,255,255,255,255,255,255,255,222,255,255,255,255,255,255,255,58,44,112,255,255,255,40,180,174,132,20,16,18,255,255,255,255,26,6,34,255,218,255,102,255,255,255,255,255,255,164,134,80,106,48,66,120,60,88,50,70,128,102,122,48,142,106,104,42,88,136,108,30,44,118,104,255,255,255,255,255,255,220,66,255,134,22,12,110,255,228,190,32,14,12,12,20,28,30,22,6,6,8,8,0,8,8,4,4,42,28,38,8,152,200,72,52,124,86,74,28,30,116,134,24,102,146,136,54,36,196,255,255,255,188,170,140,166,206,210,196,154,78,54,148,194,174,162,192,126,70,128,168,156,86,16,42,204
34,26,128,56,84,80,72,92,74,96,86,90,70,68,56,40,28,24,46,50,36,20,24,38,34,20,12,2,6,6,20,34,22,18,198,255,255,76,72,88,56,50,50,40,90,168,142,114,255,255,255,118,22,20,8,48,138,224,228,126,20,142,190,190,162,112,54,12,16,16,4,12,10,12,12,4,8,10,6,2,2,0,0,4,4,0,2,2,2,0,4,8,10,6,10,8,6,4,4,10,10,8,12,8,6,10,4,10,12,8,10,8,14,10,24,132,255,255,166,255,232,46,8,10,10,4,2,10,10,10,8,6,12,10,16,10,20,14,6,4,12,0,20,16,20,16,14,6,6,4,6,8,12,22,10,8,8,22,154,255,186,255,255,192,224,28,206,72,118,234,255,255,255,234,66,98,128,140,98,34,28,32,10,60,82,86,80,96,100,72,18,14,8,18,12,16,12,8,12,4,14,8,8,4,2,6,4,8,8,6,4,4,8,8,6,8,10,10,10,4,4,12,14,6,10,2,8,12,14,12,4,8,4,4,4,16,18,6,14,50,178,255,255,255,255,255,84,226,255,255,255,255,255,255,150,54,22,8,8,6,10,4,12,16,16,6,4,18,12,12,64,148,74,78,38,86,12,168,154,38,14,16,16,14,16,20,20,24,10,14,20,16,34,32,40,148,255,255,255,78,255,255,244,38,86,84,64,62,56,20,16,46,86,114,124,190,214,200,206,238,255,244,255,246,255,180,160,42,180,255,188,184,168,146,134,162,158,255,255,255,255,46,8,2,6,0,0,0,0,0,0,4,10,114,48,70,255,255,255,255,255,255,255,255,96,255,144,255,255,190,255,214,255,178,6,20,255,255,220,255,132,60,34,106,255,254,160,148,255,255,152,4,8,54,255,152,255,255,255,255,255,255,255,44,90,74,52,44,66,20,164,56,84,116,96,220,170,70,150,188,58,44,32,100,92,180,176,108,184,126,82,255,255,255,255,255,255,255,255,40,16,10,188,222,128,186,48,2,28,90,94,86,44,22,20,8,4,8,4,4,8,8,4,20,46,8,36,78,196,146,28,50,46,40,10,12,58,134,34,64,84,74,38,50,72,255,255,255,136,102,78,62,54,112,152,170,198,255,255,188,56,50,76,22,34,36,90,124,108,104,104,215
32,144,196,118,110,62,90,102,84,82,66,42,28,44,46,40,46,52,52,36,10,10,20,14,22,14,4,6,0,12,22,32,16,12,118,255,255,146,76,100,72,32,50,66,122,154,36,255,255,255,206,134,84,76,94,192,242,212,60,128,224,210,136,82,40,8,12,4,22,18,6,6,4,8,10,14,12,6,10,8,6,0,0,4,6,2,2,8,8,6,8,12,14,10,10,12,4,4,4,10,10,6,8,10,6,6,8,4,2,6,8,12,14,10,30,130,255,128,255,255,70,0,4,8,8,10,10,18,16,16,58,110,118,114,102,66,30,10,4,4,8,6,8,8,8,6,2,2,4,8,6,2,18,12,14,8,10,22,160,255,255,255,255,176,255,252,230,206,176,162,206,204,196,96,34,18,14,8,18,24,2,4,74,168,190,146,116,100,132,124,34,16,12,8,6,14,16,8,12,4,8,12,8,4,6,10,12,8,10,4,2,2,6,8,8,14,14,10,12,10,8,8,10,4,4,6,6,4,6,12,10,2,6,6,10,8,12,18,14,8,46,138,255,255,255,255,255,248,255,96,255,255,255,255,255,186,60,18,4,8,8,10,14,16,12,4,4,18,8,26,10,102,162,26,88,24,86,78,186,98,18,16,16,16,20,26,26,24,20,24,36,42,34,24,40,76,255,255,255,232,255,255,255,82,70,86,72,54,72,64,102,178,212,214,250,248,198,146,122,80,72,46,112,108,128,110,54,166,255,255,140,4,48,44,44,66,156,255,255,255,106,10,14,6,4,0,0,0,0,0,0,0,18,132,44,54,255,255,255,255,255,255,218,242,255,255,48,98,142,18,164,218,184,20,20,14,228,255,255,255,88,10,36,255,255,255,198,34,74,64,56,106,110,48,190,184,60,255,255,242,255,255,154,190,164,34,74,62,76,78,142,64,14,72,34,60,26,124,255,116,154,24,18,100,154,255,255,255,255,255,255,170,172,255,255,255,255,255,68,14,24,24,174,200,255,188,18,20,50,128,64,104,64,22,4,20,8,4,6,4,2,2,2,4,50,28,38,6,138,150,44,62,60,36,14,18,40,170,128,54,96,56,6,44,32,110,255,255,236,76,92,76,114,138,180,202,212,255,255,168,178,162,90,80,64,46,58,110,136,82,42,223
28,222,152,120,110,60,54,44,24,28,44,68,96,104,82,58,46,36,24,24,16,28,34,18,14,20,6,6,10,8,14,36,34,4,66,255,255,255,68,92,86,50,52,82,156,156,255,255,255,255,142,150,140,146,190,224,130,20,176,248,184,76,14,12,4,12,8,22,14,4,6,6,6,4,2,4,8,10,8,4,6,0,0,2,6,6,4,10,6,6,6,10,10,4,2,8,6,2,4,12,10,2,4,4,2,10,16,18,10,4,8,14,12,14,42,146,255,204,248,255,108,36,14,10,14,16,2,18,16,84,208,255,246,255,230,198,134,56,20,10,12,6,2,4,4,4,2,2,4,8,4,2,18,10,16,6,6,12,98,246,255,255,192,70,168,216,204,184,106,54,58,40,22,30,46,70,82,76,38,12,12,16,88,188,170,120,70,50,92,90,40,8,16,4,4,2,8,6,6,8,8,8,16,8,12,16,12,8,10,2,0,0,2,4,4,12,14,10,10,8,6,4,4,2,2,6,0,6,8,8,8,6,4,4,12,6,10,20,18,14,8,14,102,242,255,255,255,255,255,255,255,168,255,255,255,255,86,26,4,16,0,6,8,18,12,14,18,20,40,58,74,20,148,122,56,64,74,34,164,162,48,16,16,18,22,26,24,20,36,42,38,42,24,20,36,38,118,255,255,255,58,255,255,202,26,102,120,82,66,140,180,200,194,170,142,100,76,74,84,150,162,178,134,140,88,80,124,228,255,172,88,120,108,118,160,82,255,255,255,160,28,20,14,14,4,0,0,0,0,0,0,0,28,118,32,112,255,255,255,255,255,255,255,255,255,255,64,116,156,84,90,94,92,255,255,188,158,255,255,198,10,4,54,255,220,255,244,32,20,94,255,206,224,34,78,68,255,255,255,255,255,216,52,152,144,104,52,116,124,126,80,192,164,120,224,162,92,72,184,132,108,46,102,82,255,255,255,255,255,255,255,255,220,122,255,255,255,255,255,178,188,86,90,106,152,24,12,12,66,112,86,144,66,8,4,12,4,4,0,4,4,6,6,8,36,42,24,20,106,168,76,66,64,14,34,38,66,132,184,44,122,52,20,50,36,48,255,255,255,84,68,40,40,74,50,26,56,140,146,12,102,132,112,32,18,4,30,126,196,178,136,211
31,214,36,82,48,30,68,88,86,88,92,104,116,94,52,32,20,4,24,38,30,30,30,16,14,10,4,12,12,8,2,18,40,24,18,255,255,255,54,74,62,42,46,100,168,204,255,255,255,222,84,16,48,60,62,42,128,210,222,152,46,14,12,10,0,8,6,8,12,10,6,4,14,10,10,8,6,2,4,6,4,0,2,4,2,2,4,6,2,2,6,8,8,6,2,4,4,2,6,16,14,8,10,12,18,18,12,18,16,8,8,6,8,2,22,116,255,255,148,216,206,158,96,22,12,18,32,58,112,244,255,244,108,124,120,216,255,164,68,10,2,2,2,2,2,4,2,6,2,10,12,2,14,6,6,20,18,16,26,84,104,114,60,10,16,40,34,28,4,28,44,42,62,98,144,192,156,180,116,30,10,26,72,194,176,142,168,156,124,86,42,10,2,6,2,6,8,4,2,2,2,2,12,14,12,6,2,6,12,4,2,2,4,4,4,6,12,12,8,6,6,4,6,8,4,2,2,4,6,8,6,10,6,6,14,10,16,14,14,14,14,4,32,78,178,255,255,255,255,255,255,255,255,255,255,255,84,26,4,20,16,20,40,78,96,80,60,46,144,240,236,234,68,130,100,140,166,158,196,240,116,14,26,28,26,28,26,18,24,18,14,30,20,28,52,38,30,240,255,255,255,255,255,222,42,110,188,178,148,174,132,94,114,92,66,90,96,94,156,228,204,234,194,156,146,190,226,242,214,122,36,68,98,96,112,208,255,255,174,18,16,8,6,4,4,0,0,0,0,0,0,4,32,116,60,24,255,255,255,255,255,255,255,255,255,255,24,90,154,84,36,30,255,255,255,255,40,104,80,52,130,132,44,255,240,255,98,4,14,158,255,110,254,62,24,62,255,255,255,255,255,74,54,134,126,116,46,110,36,38,92,190,142,94,142,134,30,26,68,255,255,255,255,158,255,255,255,255,255,255,255,255,255,186,254,255,255,255,255,255,255,120,48,70,8,84,100,100,62,44,98,88,20,10,8,6,4,4,2,2,2,2,2,4,16,40,6,22,88,194,132,48,56,22,42,44,118,56,200,6,128,80,18,24,62,74,64,255,255,255,56,74,90,124,86,168,150,218,255,164,96,78,58,26,14,40,56,100,210,216,138,199
53,124,40,98,68,84,122,130,122,104,80,76,72,30,6,18,24,26,26,28,30,22,22,12,14,16,20,24,28,24,26,20,46,26,10,204,255,255,22,92,70,48,30,82,116,255,255,255,228,128,146,154,146,140,148,188,198,162,110,36,10,12,2,10,8,8,6,6,2,6,6,4,6,2,2,4,6,4,2,0,0,0,2,2,2,2,0,2,2,4,6,4,8,8,6,6,4,2,2,12,12,8,10,16,16,4,4,10,14,10,10,8,4,2,20,76,178,252,192,70,98,198,240,200,126,128,152,196,254,255,148,116,255,254,200,38,184,255,208,112,34,2,6,4,12,16,16,14,10,4,20,18,14,0,6,8,14,14,8,20,28,22,4,10,18,48,70,70,70,114,156,144,132,154,168,148,100,164,122,50,4,36,66,174,210,180,170,122,64,36,24,12,12,16,8,16,10,8,2,6,0,6,12,10,14,14,8,14,16,6,4,4,6,4,4,4,6,8,10,8,2,0,0,12,16,10,6,4,8,6,4,14,12,2,8,4,16,14,4,10,22,16,10,20,42,132,222,212,208,230,255,255,255,255,255,204,40,34,28,74,92,88,152,244,244,212,164,62,255,255,255,255,255,104,204,255,255,255,255,255,255,70,30,22,26,38,32,24,22,22,24,28,16,20,34,12,12,124,255,255,255,255,255,130,118,90,208,178,98,68,40,132,218,188,138,138,152,120,174,234,170,130,180,126,198,236,230,216,178,100,26,10,40,40,60,255,255,255,36,8,6,0,14,8,2,0,0,0,0,0,0,4,20,80,18,108,255,255,255,255,196,255,255,255,255,255,32,46,126,30,4,44,255,255,255,255,54,30,82,255,255,255,92,126,98,84,42,50,58,130,248,255,216,18,4,224,255,255,255,255,46,52,22,84,90,80,94,28,74,114,108,26,82,34,114,52,52,78,255,255,255,255,255,255,255,255,255,255,255,255,255,255,255,180,106,255,255,160,255,255,255,178,22,10,116,255,238,230,54,40,30,10,22,18,22,12,2,6,2,2,0,2,4,6,10,44,20,26,46,178,142,8,52,66,98,38,106,34,238,72,118,80,28,18,26,42,46,255,255,255,118,74,28,74,18,98,62,74,138,118,48,46,34,30,62,32,22,26,72,144,98,199
62,36,98,114,108,146,158,142,122,80,58,24,44,42,36,42,42,22,8,4,8,4,6,24,36,32,32,36,38,22,26,16,26,12,12,118,255,255,120,106,98,74,36,50,112,255,255,250,82,36,60,92,112,112,114,106,76,44,20,8,16,10,6,4,4,4,4,2,4,6,2,2,6,6,4,4,2,0,0,0,0,2,4,8,8,4,2,6,8,4,2,2,6,8,8,4,2,2,2,6,4,2,6,10,6,4,4,4,4,0,0,2,4,6,6,32,82,140,176,196,144,38,118,206,196,192,206,202,124,48,226,255,255,172,255,255,124,76,232,255,172,32,18,14,38,28,38,12,12,4,2,10,12,10,6,6,18,6,18,16,18,10,18,54,120,188,216,190,154,156,192,138,104,94,50,36,108,168,124,44,6,10,24,58,92,84,82,54,22,18,6,4,6,10,6,12,6,12,6,8,10,10,8,4,8,12,14,16,10,4,4,4,4,0,0,4,6,4,14,18,12,6,4,10,12,12,10,10,10,4,2,6,18,12,10,2,4,4,4,6,6,8,22,22,22,38,64,70,46,52,108,130,114,138,54,84,146,150,92,168,244,216,255,255,255,255,252,98,255,255,255,255,255,172,184,255,255,255,255,255,255,190,26,18,28,36,18,12,10,20,24,16,10,22,40,26,12,48,182,255,255,224,150,20,152,120,190,196,54,58,178,202,242,200,140,152,178,166,222,254,156,58,102,122,200,186,144,134,86,46,52,16,34,26,255,255,255,206,4,14,10,8,14,10,4,0,0,0,0,0,0,6,18,64,2,106,255,255,255,255,255,255,255,255,255,255,40,88,168,148,154,76,255,255,255,220,6,2,178,255,154,255,134,44,40,84,220,202,134,60,132,164,62,10,10,255,255,154,255,255,158,156,78,110,62,24,38,72,54,70,128,94,255,255,140,48,200,226,255,255,152,98,255,255,255,255,255,255,255,255,255,255,255,216,48,56,255,255,255,255,242,64,8,8,152,255,80,255,112,38,12,84,128,120,74,30,4,2,0,2,2,2,0,4,2,30,32,24,14,164,156,20,6,40,92,54,116,76,232,140,116,88,16,18,28,18,34,60,255,255,214,36,88,128,92,162,194,204,172,98,98,96,126,68,80,100,64,140,176,164,122,206
64,96,152,158,170,182,136,88,60,16,36,24,28,36,36,34,18,10,8,12,16,26,38,48,44,32,20,10,4,10,20,10,26,28,14,56,255,255,255,70,84,76,78,48,248,255,255,132,28,6,6,8,10,4,6,8,8,4,4,12,8,10,16,8,14,8,8,6,4,6,6,8,8,2,0,0,2,4,4,4,2,4,8,8,8,8,4,6,4,2,0,0,2,4,6,6,4,4,4,6,6,6,8,8,4,4,4,4,4,0,0,4,8,6,6,4,16,48,72,138,212,226,178,106,66,62,86,114,216,255,255,182,78,30,112,204,255,222,62,238,255,208,98,126,168,180,196,152,70,8,18,26,6,4,0,4,10,8,14,4,12,18,30,98,182,210,166,148,114,48,122,122,114,104,34,60,66,98,90,34,16,24,10,12,6,14,10,12,14,14,12,12,10,10,12,12,6,10,2,8,8,4,2,2,4,6,8,8,2,6,6,6,4,0,0,4,4,6,8,12,10,8,6,10,14,8,4,6,6,6,2,6,16,24,6,14,14,12,6,10,6,6,36,32,32,20,44,76,52,54,124,204,188,204,234,255,255,255,255,244,255,230,212,255,114,255,226,84,230,255,255,255,255,204,182,255,255,255,255,255,255,255,66,26,20,24,14,12,6,16,22,16,8,14,24,30,26,18,76,206,198,58,66,166,150,182,150,140,144,216,255,164,204,214,160,196,222,212,214,198,118,66,68,106,120,78,40,40,38,42,70,52,50,146,255,255,255,24,4,14,10,22,0,16,4,0,0,0,0,0,0,6,16,64,8,255,255,255,255,255,255,255,255,255,255,255,108,255,255,255,255,154,196,174,220,30,38,30,160,255,255,255,62,2,14,226,255,236,152,34,22,26,10,26,30,255,255,124,255,176,120,160,160,116,138,112,100,58,12,70,12,255,255,255,255,255,226,255,255,240,255,104,255,255,255,255,255,255,255,255,255,255,255,255,58,158,255,255,224,255,255,18,26,22,128,255,255,255,46,16,22,132,98,108,62,26,8,0,0,0,0,0,2,2,4,16,36,22,14,138,176,46,60,72,78,50,80,124,154,194,92,126,24,48,20,6,12,18,255,255,255,96,142,142,126,134,158,160,138,156,180,136,176,164,106,116,160,240,168,120,48,203
60,106,138,144,150,124,48,14,44,48,54,28,0,6,10,12,12,16,22,28,34,42,40,30,16,2,22,32,32,32,24,14,16,26,8,22,255,255,255,12,78,58,88,74,255,255,230,66,10,2,6,16,22,20,18,14,22,20,10,6,6,2,12,12,12,8,8,8,6,4,4,8,6,6,2,0,4,6,4,6,4,6,8,6,6,8,6,4,8,6,4,4,2,0,2,6,6,4,6,6,4,2,4,4,4,6,6,6,4,0,0,6,6,6,4,12,8,10,12,40,104,168,198,202,202,204,208,240,230,156,70,16,10,16,28,50,134,255,255,86,180,255,196,204,244,255,255,255,238,80,18,14,12,18,16,12,2,6,4,8,8,8,42,108,168,172,152,234,194,112,154,152,88,160,106,132,122,162,160,56,12,26,6,18,4,10,6,8,6,12,12,4,4,6,6,10,6,6,8,10,2,6,4,4,2,0,2,4,6,6,6,6,2,0,0,2,2,2,4,12,16,6,4,8,14,10,6,16,12,6,8,8,10,20,14,4,30,50,46,36,24,50,134,136,142,90,138,255,255,255,255,255,255,255,255,255,255,255,255,162,182,36,98,232,218,234,146,44,190,255,255,255,255,250,104,255,255,255,82,255,255,255,166,18,10,20,22,20,12,24,26,18,16,24,24,12,38,24,12,122,202,114,232,255,255,222,96,120,178,230,188,88,116,172,164,172,166,130,116,96,58,58,58,54,38,36,44,38,48,70,126,182,212,255,255,255,138,4,12,6,12,12,14,2,4,0,0,0,0,0,0,4,18,72,6,255,255,255,255,255,255,255,255,255,255,255,120,255,255,255,255,226,76,60,46,255,248,206,82,255,255,198,8,6,34,216,174,255,176,18,12,4,6,12,22,255,255,255,255,110,120,232,62,204,142,118,66,82,58,172,255,255,255,255,255,255,255,216,255,255,255,255,255,80,255,255,255,255,255,242,255,255,255,228,110,164,174,255,222,255,255,220,216,160,44,128,178,88,8,30,42,112,104,176,78,16,10,2,2,2,0,0,2,2,4,16,42,12,26,114,182,60,68,44,24,38,50,98,102,200,70,148,28,64,38,34,22,36,228,255,255,132,160,136,112,116,104,100,90,148,128,80,106,170,100,30,124,162,88,146,94,186
57,84,108,98,68,44,48,80,52,54,16,18,36,42,34,40,36,34,46,50,46,34,12,8,24,40,48,42,32,30,22,6,24,28,4,6,156,255,255,104,104,76,74,212,255,255,142,30,10,10,14,24,20,8,4,8,6,6,8,10,12,8,6,8,8,10,8,6,6,6,4,6,4,6,4,0,4,6,2,4,8,6,4,6,6,4,6,2,4,4,4,6,6,2,4,4,8,8,4,4,4,6,10,10,6,6,8,6,2,0,0,6,6,4,8,8,4,6,6,2,8,28,44,62,80,80,64,62,44,20,16,14,6,12,16,4,22,132,255,255,168,54,28,16,118,164,60,160,255,228,136,64,2,12,4,12,16,8,6,6,2,10,12,78,164,188,178,194,130,86,90,92,252,255,170,166,140,208,188,62,12,16,24,16,6,10,14,10,6,6,2,6,2,4,4,10,8,4,10,2,6,6,4,6,4,2,6,6,4,4,6,4,0,0,0,0,0,2,6,10,18,12,14,6,6,4,14,16,10,16,10,12,4,10,10,16,46,96,156,172,158,134,255,255,255,255,222,255,255,255,255,255,160,255,164,244,224,255,255,114,170,222,255,255,255,220,214,160,132,154,166,136,114,82,8,212,255,255,255,148,255,255,255,60,6,10,18,32,28,32,26,18,20,24,20,24,22,14,16,60,174,224,255,255,255,255,244,226,174,158,110,56,52,82,86,72,50,22,44,38,24,42,40,24,24,28,10,58,180,255,255,255,255,255,255,255,42,32,16,14,12,18,16,12,10,0,0,0,0,0,0,2,16,84,14,255,255,154,255,255,255,255,194,88,255,255,90,255,255,255,255,144,6,18,255,255,255,255,52,100,88,52,180,176,68,160,146,255,42,16,6,16,8,18,22,255,255,255,255,140,72,40,140,168,78,36,40,76,104,255,255,255,220,255,255,255,255,255,255,255,255,255,255,255,255,255,255,255,255,255,255,255,255,152,192,132,42,255,255,255,255,255,255,200,62,52,34,78,140,108,78,22,48,86,12,6,14,8,6,6,2,0,2,4,4,12,40,6,26,88,160,48,40,60,46,64,52,64,68,186,34,170,42,62,32,38,40,50,74,255,255,218,148,116,106,106,80,84,46,48,30,52,70,126,120,50,146,146,72,82,182,180
49,78,92,86,68,62,74,52,20,46,48,54,44,46,42,52,44,44,44,32,12,12,28,36,42,42,30,12,8,14,26,18,16,16,20,16,56,255,255,255,66,116,62,255,255,234,62,2,12,4,14,18,10,4,12,8,6,4,6,16,14,10,6,6,6,12,12,8,4,4,4,4,2,4,6,4,6,8,6,8,10,4,2,4,4,2,4,6,4,2,0,2,6,6,8,6,6,10,4,10,10,8,6,12,8,6,8,6,4,4,4,6,8,6,8,8,4,8,10,8,6,4,8,8,10,12,4,8,10,6,6,8,22,18,12,16,14,28,98,174,226,228,184,200,206,255,255,198,32,200,255,212,70,4,12,6,8,10,8,10,10,20,12,8,54,80,64,44,36,28,28,198,255,255,152,130,118,202,196,82,20,14,8,8,10,10,10,8,10,8,6,2,10,8,4,2,4,6,18,10,6,2,2,6,4,4,6,2,0,4,6,2,0,0,0,2,4,6,6,4,14,14,6,34,40,42,22,14,8,10,10,8,8,16,22,18,52,172,255,255,255,200,255,255,255,255,248,255,194,140,220,255,255,255,180,255,255,255,255,255,214,216,198,148,182,222,184,148,80,36,16,2,8,18,12,62,255,255,255,176,255,255,255,178,16,20,24,30,24,16,6,8,14,20,14,24,12,8,34,24,108,255,255,255,156,255,255,188,84,94,68,34,10,12,12,22,28,20,38,18,6,22,26,16,26,44,168,255,255,255,255,255,255,255,255,88,6,8,26,4,16,22,18,16,10,0,0,0,0,0,0,2,18,80,32,255,255,255,255,255,255,255,255,255,255,255,46,255,255,255,242,26,14,52,255,255,255,255,40,28,32,255,255,255,112,96,96,50,48,40,20,20,12,0,8,255,255,242,255,84,66,84,108,206,255,255,255,255,255,146,255,255,255,232,255,196,255,255,184,255,255,255,255,255,56,255,255,200,62,255,255,138,122,154,152,60,90,255,255,255,255,128,255,254,46,12,68,255,242,220,76,30,30,28,24,28,28,14,10,6,2,0,0,4,10,8,36,18,40,68,148,116,104,112,104,72,58,76,122,218,10,180,92,86,44,22,28,32,22,255,255,255,90,44,36,4,38,64,74,76,102,82,84,78,102,52,90,148,152,26,144,195
38,40,50,80,66,50,24,28,78,80,64,46,20,22,28,36,26,22,4,30,54,62,50,38,30,14,6,20,20,22,26,12,6,10,20,6,12,255,255,255,66,108,178,255,255,134,26,14,4,8,12,8,12,8,2,18,16,16,14,10,2,4,6,8,6,10,12,10,4,0,2,4,4,6,8,8,8,8,8,10,8,0,4,4,4,4,0,4,6,6,2,0,2,4,8,8,8,18,16,16,20,16,6,6,8,6,8,6,4,4,6,6,6,2,2,4,8,8,6,2,6,2,14,18,8,6,14,20,10,10,12,4,22,14,12,16,12,8,18,38,72,108,110,114,82,110,184,255,255,122,170,255,232,96,40,4,4,6,4,4,2,10,18,12,6,4,14,20,22,8,112,255,255,106,154,46,122,255,234,62,8,10,12,10,2,6,2,6,4,2,6,10,2,16,26,24,28,18,8,6,6,6,6,6,2,4,6,4,2,6,4,0,0,0,0,4,6,4,0,6,6,24,42,84,90,100,94,92,96,68,20,8,12,8,16,42,126,255,255,204,255,210,255,255,255,255,124,202,255,255,255,255,255,255,255,255,255,230,148,138,108,66,40,8,4,40,40,24,6,26,8,16,24,28,20,12,186,255,255,255,104,255,255,255,54,18,16,16,18,12,8,10,26,36,28,22,8,18,26,12,62,255,255,255,228,255,255,255,122,26,64,40,24,40,36,50,46,56,42,22,18,26,32,34,64,202,255,255,255,255,255,248,188,144,60,12,8,4,14,6,6,18,24,6,8,0,0,0,0,0,0,2,16,88,36,152,255,255,255,255,255,255,255,255,144,234,96,84,64,116,24,150,154,66,255,255,255,178,8,12,132,255,26,255,172,42,26,54,130,134,92,6,18,6,6,255,255,14,255,182,208,182,28,255,255,255,255,255,255,255,255,255,194,255,72,255,255,255,255,78,255,255,255,255,255,255,192,182,255,210,100,62,108,46,40,108,148,255,255,255,255,144,255,122,4,14,104,244,38,255,132,40,36,14,116,96,78,16,14,8,2,0,2,12,10,6,40,28,46,58,170,152,72,54,62,10,44,50,72,216,36,222,152,124,88,38,34,24,30,255,255,255,106,82,78,100,100,96,88,50,24,16,18,42,112,162,86,52,128,110,6,212
34,10,30,34,30,38,36,54,68,52,32,8,6,6,20,14,8,32,56,64,58,42,32,20,4,8,18,16,6,8,18,16,6,4,28,2,6,82,255,255,216,78,255,255,204,68,8,22,12,16,10,8,8,10,14,14,24,14,4,6,4,4,4,2,4,10,10,8,4,0,2,4,2,2,2,4,8,8,6,0,4,10,8,6,4,6,4,0,6,12,10,6,10,10,6,10,16,12,10,2,18,22,14,4,8,16,10,2,8,8,6,8,16,22,10,6,8,6,12,8,2,12,12,16,20,18,12,10,8,8,8,10,10,12,0,8,10,4,10,10,4,12,4,8,2,12,38,98,234,255,174,146,255,216,184,110,24,8,8,2,8,16,16,14,10,14,6,20,20,42,208,255,176,174,126,148,255,255,162,14,10,8,14,6,8,8,6,10,18,14,18,36,54,78,122,130,136,90,16,10,4,2,2,6,8,4,4,12,14,8,2,0,0,2,4,4,4,6,4,4,16,40,62,120,116,96,180,210,246,204,144,92,46,10,30,86,180,255,244,98,244,88,255,255,255,255,255,242,255,255,244,134,90,116,108,116,74,22,14,6,18,32,12,10,8,42,54,38,26,6,18,24,32,48,66,42,86,255,255,255,255,255,255,255,176,36,30,6,24,42,44,58,82,86,62,36,22,16,18,36,28,118,255,255,255,42,255,255,255,18,56,42,42,40,44,60,24,64,42,24,34,24,22,46,156,255,255,255,255,156,88,42,14,16,10,2,2,2,10,4,6,4,12,4,2,2,4,4,4,4,4,4,10,60,26,26,255,255,255,232,144,138,68,162,102,192,110,72,46,32,255,255,255,188,152,142,162,16,34,38,120,255,254,255,72,10,6,80,100,90,86,24,18,20,2,182,255,255,255,255,158,38,126,255,255,136,255,255,62,255,255,255,255,255,255,255,255,46,255,255,104,255,255,255,255,255,62,168,158,255,110,74,108,76,94,94,120,255,255,255,255,192,152,28,38,44,100,234,250,255,46,6,8,74,108,54,82,22,14,8,4,2,6,12,6,12,48,24,50,54,188,150,46,88,94,56,58,118,56,188,44,255,186,144,132,68,28,16,14,190,255,255,200,82,50,26,16,14,30,72,96,100,88,76,66,106,132,34,100,160,98,217
40,24,76,104,108,84,48,32,52,58,36,22,10,14,12,10,42,64,56,34,16,4,8,14,12,12,14,6,4,8,18,20,8,8,32,8,10,18,255,255,255,112,255,255,130,34,18,38,24,14,12,12,12,12,8,4,4,8,4,10,6,4,6,4,10,8,6,6,4,4,6,6,2,2,2,4,6,10,10,4,2,4,2,2,2,6,4,6,12,8,8,10,16,10,4,2,18,12,8,6,10,12,18,4,4,4,16,6,18,16,24,66,62,70,64,28,4,2,6,10,8,6,12,4,8,14,12,4,2,4,0,8,10,2,10,14,14,6,2,6,6,10,6,2,12,14,8,6,82,240,255,188,42,126,242,255,174,30,8,16,10,10,6,16,10,16,4,18,18,112,255,255,48,146,70,26,255,252,48,10,10,12,4,10,8,4,14,50,68,92,112,150,166,178,255,255,255,232,72,20,12,10,8,8,12,2,10,20,8,6,4,2,2,4,6,4,4,2,10,16,16,32,50,82,52,18,128,106,150,200,255,250,116,62,50,80,132,226,255,255,255,184,255,255,255,218,182,152,124,84,40,22,12,26,14,6,6,8,10,28,40,18,14,32,22,12,42,50,32,26,76,130,210,255,255,255,255,255,255,255,255,248,255,255,255,255,255,255,255,255,255,255,255,255,186,112,42,18,48,82,56,78,252,255,255,255,255,255,255,102,68,54,70,58,26,6,44,64,24,14,34,34,26,56,255,255,255,236,64,28,18,4,12,14,8,4,4,6,10,6,4,8,4,4,2,4,6,4,4,4,4,2,6,40,46,44,154,255,255,144,52,66,32,126,180,148,204,40,30,104,255,228,255,238,34,52,62,255,255,255,20,255,222,182,4,12,10,82,116,164,112,14,6,14,16,44,255,255,255,255,14,132,166,255,255,255,255,255,142,255,255,255,255,255,255,255,255,255,255,255,255,222,178,104,22,48,38,232,66,244,126,216,144,42,60,122,104,255,255,255,255,118,40,252,246,210,16,94,126,76,2,4,12,72,78,136,96,26,16,6,4,2,4,8,14,4,56,18,48,60,160,164,48,64,68,30,40,66,32,200,38,255,192,160,134,96,66,44,24,96,255,255,228,30,64,80,76,84,104,110,96,66,38,26,36,60,106,128,68,178,164,217
42,100,124,126,110,68,78,28,30,48,40,24,22,24,10,40,58,48,18,2,6,8,12,20,16,12,16,12,10,8,20,18,10,10,24,14,6,22,210,255,255,186,255,206,72,8,22,34,14,12,14,8,2,6,4,2,6,4,12,6,6,2,6,2,12,16,12,8,2,8,12,8,6,2,6,10,8,10,12,8,4,8,10,4,6,6,4,10,12,16,14,8,14,8,10,10,18,20,10,4,4,10,20,12,16,24,24,12,28,32,72,162,142,148,132,92,30,10,12,2,6,4,8,10,10,14,12,4,2,2,6,4,2,6,6,6,6,6,6,6,6,6,6,8,10,2,12,6,14,92,202,255,255,204,64,254,255,212,144,124,94,78,50,6,18,16,12,12,34,212,255,152,196,60,120,146,255,146,6,8,12,18,10,20,38,40,54,152,254,220,164,190,152,92,154,168,248,255,128,28,40,38,30,14,18,22,10,18,10,10,8,4,6,6,4,2,10,8,16,14,8,20,54,100,106,116,200,188,128,102,156,255,160,144,120,62,92,222,254,252,210,106,112,124,72,34,46,22,8,12,14,18,14,6,10,8,16,28,32,32,10,44,46,58,38,100,228,255,255,255,255,255,255,255,255,255,255,255,255,255,255,146,255,255,255,255,255,255,255,255,255,255,255,255,255,255,255,255,255,255,222,112,74,255,255,255,82,255,255,220,96,142,120,144,148,118,110,92,74,82,100,100,80,146,255,255,255,70,12,14,12,8,2,0,0,0,2,2,6,4,4,6,2,2,2,6,4,0,0,2,6,4,8,28,82,62,80,58,56,36,58,62,20,38,174,62,255,28,10,132,255,255,255,158,8,10,248,255,255,255,106,118,84,38,186,190,108,50,22,88,26,20,16,8,20,2,255,255,14,255,255,54,60,144,255,255,255,255,255,255,255,255,144,255,255,255,100,255,255,255,228,160,255,255,255,255,132,255,100,255,48,124,160,152,128,114,178,255,255,255,255,48,176,255,248,250,102,50,38,56,178,174,120,40,24,80,24,8,0,10,4,4,4,6,8,6,56,22,48,66,148,152,100,112,124,16,26,130,32,210,14,255,188,192,138,100,86,102,88,18,255,255,255,112,112,90,66,54,32,10,34,72,90,116,120,90,88,86,48,100,170,203
34,126,102,72,44,16,54,32,22,30,32,40,40,8,38,62,50,22,4,6,6,10,16,20,14,10,14,10,10,6,20,18,10,14,12,22,10,18,90,255,255,255,228,138,30,24,22,6,8,12,6,4,4,8,16,14,14,8,4,8,4,10,6,8,4,10,10,8,2,8,10,8,8,4,6,8,0,10,12,10,6,6,12,10,8,6,6,2,10,4,14,12,14,18,4,16,8,16,14,6,16,22,38,34,50,58,84,100,124,136,152,230,174,198,170,162,94,6,10,14,12,8,10,14,16,16,12,4,2,2,4,2,0,2,6,14,10,2,4,4,2,2,4,8,4,8,10,8,22,10,38,98,190,255,255,98,122,198,212,224,238,250,216,120,30,16,6,8,90,255,255,36,184,84,38,255,246,34,62,64,78,72,62,62,94,124,122,224,255,208,204,34,60,146,208,255,172,186,134,106,198,188,172,50,12,10,18,12,2,8,6,2,4,6,6,8,8,8,10,12,6,12,40,58,68,92,150,178,230,255,222,188,42,122,166,176,128,16,62,26,98,60,10,22,24,24,20,10,12,22,10,8,12,30,44,50,48,28,32,50,40,132,255,255,255,255,255,255,255,255,255,255,255,255,255,255,242,180,148,96,48,10,36,28,36,62,98,102,124,172,216,250,255,255,255,255,255,255,255,255,255,255,255,255,255,255,255,216,255,255,100,154,146,150,160,156,142,130,116,136,142,114,106,232,255,255,164,18,16,12,8,4,0,0,0,0,4,2,8,4,4,8,2,4,6,6,2,0,0,4,6,6,12,10,84,72,50,28,66,48,72,38,56,32,178,86,230,92,36,108,255,255,255,40,12,18,255,255,255,255,44,30,44,255,255,255,182,26,42,30,22,28,12,10,16,8,144,255,255,255,255,82,28,140,158,255,255,140,250,255,255,255,255,255,255,255,210,132,100,182,70,255,255,255,255,255,255,154,70,174,120,132,56,94,34,48,255,255,126,255,255,18,188,255,255,255,68,24,24,198,255,255,162,26,34,40,32,44,46,6,20,14,8,6,4,6,74,34,58,68,188,164,60,56,128,2,56,66,68,242,54,255,168,196,134,90,76,132,156,72,255,255,255,102,62,44,60,76,92,102,104,100,88,78,38,20,48,122,156,74,44,188
20,58,22,48,62,56,56,16,48,64,58,40,8,36,62,54,22,4,8,4,4,10,14,12,6,10,12,4,6,4,20,20,10,18,12,24,28,6,8,255,255,255,255,92,20,20,10,14,34,16,12,14,12,14,10,2,6,4,12,6,10,10,22,12,2,10,10,12,8,8,6,8,8,6,4,6,10,16,16,10,10,12,18,18,14,14,14,6,8,12,20,10,6,20,28,34,22,28,30,34,44,52,64,90,98,130,226,242,228,222,156,152,68,122,154,200,146,26,10,6,6,6,10,10,8,8,4,4,2,2,6,6,2,2,2,10,12,4,6,6,2,0,0,4,0,8,8,8,4,10,18,12,14,130,255,255,208,130,76,46,72,160,255,255,152,32,6,44,210,255,222,146,108,194,112,255,102,150,166,156,166,154,170,130,150,158,106,100,222,100,216,122,122,148,126,244,92,124,172,240,255,255,255,180,64,18,26,18,10,2,2,6,8,10,10,8,4,6,8,12,4,4,22,28,42,26,44,86,140,216,204,146,160,124,28,84,168,106,186,188,200,160,106,108,52,16,8,14,24,16,6,8,22,22,6,30,40,42,220,255,255,255,255,255,255,255,255,255,255,206,100,24,16,20,12,16,12,10,12,18,18,10,10,16,24,22,14,22,30,28,26,28,26,24,28,8,54,126,210,255,255,255,255,255,255,255,255,84,255,255,216,114,158,138,126,112,114,122,122,140,120,94,122,255,255,255,150,20,24,8,8,6,4,2,0,0,4,0,8,4,4,8,0,2,6,2,0,0,0,4,4,10,4,10,70,108,66,34,128,50,72,26,118,146,90,120,214,186,44,84,104,112,20,194,208,128,208,255,255,134,18,26,70,255,104,255,226,58,36,22,38,32,28,8,20,6,16,255,255,166,255,255,36,72,170,136,255,255,255,255,250,255,255,86,255,255,86,190,72,94,255,255,98,255,246,255,255,255,26,196,110,72,50,34,132,222,255,255,255,255,255,146,134,224,255,158,6,8,26,224,168,255,204,18,22,6,72,46,74,18,20,14,12,10,6,10,98,22,78,70,194,108,58,142,162,50,84,100,62,212,130,255,118,172,94,36,44,84,170,140,255,255,255,170,144,106,92,76,64,38,4,32,54,74,104,128,130,114,170,178,84,181
12,40,42,52,48,40,20,40,66,56,24,16,50,62,48,24,10,12,4,2,8,16,14,8,4,8,12,6,8,6,20,16,10,12,28,12,40,4,4,94,255,255,255,104,34,24,14,16,20,4,6,12,16,12,8,12,22,32,36,24,4,16,6,14,12,6,10,14,14,8,4,6,6,4,2,6,12,14,10,0,14,12,12,20,12,8,8,14,10,18,8,12,22,56,92,80,66,44,82,132,150,132,108,112,102,134,224,152,106,62,84,74,138,76,78,168,146,26,12,8,2,2,4,4,2,2,6,6,2,0,2,6,6,6,6,8,8,4,4,2,0,0,0,4,2,8,2,8,14,14,14,8,6,14,74,142,192,218,218,254,255,216,6,238,255,184,56,152,255,255,118,176,124,38,210,174,255,255,255,198,96,84,108,118,38,48,68,78,228,176,88,150,90,84,52,80,116,82,130,90,152,56,216,160,80,24,14,6,6,6,6,6,8,10,8,2,4,6,10,12,4,4,6,8,30,24,22,4,26,36,60,86,138,188,210,146,150,16,174,112,140,114,108,172,118,48,54,40,34,20,38,24,28,42,90,255,255,255,255,255,255,255,255,255,204,80,8,22,26,28,26,28,10,22,36,20,2,16,18,6,12,4,4,16,12,16,8,8,20,14,6,4,14,18,4,26,14,22,14,20,18,20,104,230,255,255,255,114,255,255,255,255,66,68,120,126,92,72,80,94,80,68,100,255,255,255,198,36,22,6,6,4,4,2,0,0,4,0,10,8,8,10,0,2,6,2,0,0,0,4,4,10,6,2,38,104,22,34,100,128,122,96,138,76,60,136,132,232,38,20,14,12,255,255,255,255,90,90,96,42,82,90,78,255,232,255,102,10,10,40,30,28,32,4,18,22,6,116,255,255,188,255,255,58,28,40,255,255,255,255,255,255,255,202,24,28,58,96,214,134,255,255,172,255,255,255,255,255,255,208,60,42,42,82,100,255,255,28,255,255,132,212,46,104,108,30,46,52,62,168,132,255,60,8,14,36,62,18,62,22,24,20,8,4,6,30,108,16,74,100,188,86,64,96,56,22,50,126,78,230,210,255,80,190,114,34,36,26,108,162,138,255,255,110,114,92,18,46,62,82,106,112,100,92,88,64,28,8,60,112,122,175
17,68,28,32,16,32,60,68,44,4,34,60,62,40,14,4,8,8,10,10,30,34,22,14,12,10,8,4,8,10,24,18,14,8,32,6,42,12,12,12,255,255,255,255,52,14,8,10,12,12,12,8,2,16,38,72,78,72,68,70,56,16,16,6,10,8,6,6,8,6,6,8,6,6,4,6,8,4,8,18,20,12,10,18,18,2,10,18,38,30,32,72,92,162,230,198,188,90,158,230,206,176,124,56,30,16,170,152,200,178,240,206,174,176,202,248,134,12,10,14,8,0,4,6,4,2,4,2,4,4,4,6,8,10,8,6,4,0,0,0,0,2,4,4,4,8,6,14,10,2,2,4,4,14,4,20,46,64,70,94,182,255,255,144,255,255,212,255,255,255,255,255,150,214,255,70,255,158,164,122,88,76,30,98,116,148,170,124,132,176,248,255,255,178,144,44,152,128,208,168,255,255,255,204,84,10,8,8,6,4,2,4,6,4,6,4,2,4,12,12,4,4,6,16,10,22,14,16,14,6,14,36,50,68,134,142,110,110,220,158,148,44,16,100,126,100,106,102,78,26,58,46,202,255,255,255,255,255,255,255,255,94,20,22,30,12,16,26,10,14,4,10,6,18,14,20,8,22,8,14,10,14,2,4,12,18,10,6,6,8,12,14,10,8,12,10,18,12,4,6,14,8,22,26,34,14,12,28,204,255,255,255,255,255,255,38,90,106,88,78,76,66,62,234,255,255,255,34,10,2,2,6,6,2,0,0,4,0,12,10,10,12,0,4,6,6,2,0,0,4,6,8,4,4,6,82,38,48,8,48,30,114,92,70,54,92,66,208,130,36,30,82,255,255,255,255,32,46,58,255,255,255,80,156,164,124,6,2,18,42,20,42,24,8,18,14,24,10,228,255,255,255,255,255,42,78,82,192,255,255,255,255,146,110,60,74,18,82,144,26,255,255,210,250,255,255,255,255,255,255,36,28,32,126,255,255,255,255,255,255,168,255,82,38,28,206,244,255,80,102,102,66,12,22,6,42,48,52,70,24,16,8,4,6,8,52,114,42,70,142,212,78,56,98,64,46,32,146,106,246,255,255,104,222,170,96,10,14,64,156,110,255,255,64,42,102,120,112,94,74,60,36,6,24,46,72,96,110,120,126,108,170
25,24,16,42,54,70,76,48,4,44,60,48,22,6,6,4,8,8,14,30,50,44,30,26,20,14,4,4,8,10,24,18,14,12,20,12,30,42,14,16,104,255,255,255,100,34,52,86,80,70,62,38,8,32,78,114,80,78,46,62,102,92,36,6,2,4,8,10,10,6,6,4,4,4,4,8,8,12,24,34,30,24,34,28,44,24,26,58,94,86,106,162,108,138,182,112,194,118,144,142,14,100,98,50,62,104,148,182,232,188,192,142,110,132,152,118,26,22,18,18,8,12,6,6,6,4,10,6,6,4,6,8,8,10,10,8,6,4,4,4,4,6,6,4,4,8,10,2,12,6,6,10,16,6,14,2,14,8,12,20,12,94,255,238,82,255,152,255,255,255,255,255,255,255,246,255,255,230,248,194,22,96,50,114,154,134,80,84,134,255,216,70,162,84,72,96,112,182,222,144,170,168,192,112,30,6,6,4,2,6,2,4,6,6,6,4,6,10,14,12,6,6,10,14,10,32,42,22,30,20,4,22,20,16,28,30,46,88,178,176,140,138,116,50,84,120,130,120,92,84,255,255,255,255,255,255,255,184,32,4,16,14,16,26,28,14,4,16,12,8,14,12,14,6,4,6,14,0,14,16,16,10,2,6,12,4,14,14,16,14,4,2,6,10,8,12,10,8,16,18,8,24,12,10,26,12,14,20,12,64,234,255,255,255,255,255,255,186,52,92,76,84,50,158,255,255,255,26,6,6,6,4,2,0,0,0,4,0,12,8,8,12,0,4,2,6,4,0,0,2,6,4,4,4,4,54,66,32,42,112,196,196,120,36,100,54,92,214,244,30,24,116,255,255,255,234,12,16,190,255,150,255,164,78,56,62,228,234,176,26,6,30,18,12,6,18,20,14,0,255,255,255,255,255,255,86,216,212,182,112,80,80,60,126,80,46,64,14,84,100,244,255,255,255,244,255,255,255,255,255,66,68,18,255,255,255,255,255,255,88,136,128,6,8,92,255,158,255,136,56,40,12,128,162,136,26,20,48,38,14,8,6,4,0,4,80,110,60,54,216,182,8,18,62,52,40,18,118,172,158,255,255,184,210,160,106,50,50,88,138,86,255,255,88,58,118,92,24,22,60,74,84,100,102,102,96,72,58,34,34,136,181
28,22,36,60,82,72,38,10,52,62,42,14,6,2,4,18,26,26,34,46,48,32,24,30,26,20,12,6,6,8,20,22,16,14,14,20,6,38,12,8,8,255,255,255,255,80,110,118,98,98,118,110,42,50,104,92,36,88,40,32,42,106,106,42,6,10,10,14,10,8,4,6,4,4,8,8,20,34,82,124,108,82,64,72,94,84,20,92,130,96,128,156,118,24,188,88,62,82,32,144,192,218,136,86,78,102,104,104,104,64,58,50,36,40,32,6,8,6,10,8,8,12,10,8,6,2,4,4,2,2,6,6,6,6,4,6,6,6,4,2,0,2,2,4,4,2,10,8,6,8,4,8,16,4,16,20,16,12,10,16,66,210,255,204,255,255,104,255,255,255,148,255,255,255,174,170,255,196,88,226,102,136,90,190,138,46,10,20,86,255,255,255,255,218,170,166,128,80,66,28,26,42,32,8,22,12,6,2,8,12,6,10,14,8,2,4,10,10,10,8,8,14,12,8,42,98,92,92,68,66,54,26,8,20,34,6,20,20,54,60,88,94,88,136,156,108,132,188,255,255,255,255,255,255,226,56,10,8,16,28,18,8,6,8,8,8,6,2,16,12,14,8,10,4,8,6,8,10,12,4,6,6,12,10,10,24,22,12,14,14,12,8,18,10,8,14,4,6,18,12,26,24,10,8,22,14,14,8,30,28,28,90,124,255,255,255,255,255,255,255,255,72,58,182,255,255,255,6,20,2,8,8,4,4,6,6,12,8,18,16,12,28,4,10,6,6,4,0,0,0,2,2,4,4,12,40,86,10,40,114,106,66,154,104,106,92,138,56,222,102,28,64,255,255,255,54,8,10,198,255,255,255,114,20,30,230,255,255,238,50,22,24,14,30,34,16,20,6,8,20,255,255,255,176,255,255,150,140,58,14,108,176,144,106,52,114,116,86,62,120,22,255,255,255,255,255,255,255,255,50,18,68,255,255,255,255,255,255,84,28,60,16,12,10,108,255,196,255,126,10,14,94,255,198,210,40,30,32,6,22,14,12,10,6,12,128,90,102,30,255,136,48,6,84,30,30,26,90,160,48,255,255,255,254,182,108,32,32,78,112,42,255,255,98,90,58,142,122,106,118,100,84,70,42,16,20,64,74,90,112,126,202
26,36,46,78,84,32,16,48,58,40,18,8,10,8,30,50,48,40,40,36,24,8,2,10,16,16,12,10,8,8,20,24,14,12,16,24,24,20,26,14,6,88,255,255,255,98,38,18,36,22,64,144,112,68,120,52,94,130,68,100,66,20,114,92,16,8,4,12,4,10,2,6,6,2,14,10,18,64,208,255,250,196,52,84,86,164,70,120,134,82,124,104,130,100,150,152,70,128,138,122,108,52,24,34,44,60,82,48,24,14,18,16,6,4,4,10,10,6,4,4,6,2,4,4,4,2,4,4,4,6,6,4,6,4,2,6,4,4,4,6,4,4,4,4,6,2,8,6,4,8,2,6,14,4,12,12,12,6,32,104,255,255,126,172,255,172,192,255,255,255,255,255,255,255,106,54,178,255,156,202,158,192,134,196,132,40,12,14,40,128,208,188,182,102,78,80,52,8,4,6,2,14,12,8,22,18,8,4,14,14,22,20,8,8,8,4,12,16,14,16,14,8,2,20,84,128,148,168,214,188,136,118,114,50,6,14,12,20,12,12,30,40,36,126,238,255,255,255,255,255,255,255,100,8,6,16,10,8,4,12,8,10,12,8,8,18,14,12,6,18,6,8,10,6,8,4,8,10,6,10,16,8,22,20,8,10,18,8,8,38,70,62,12,18,56,154,144,86,12,12,22,32,8,6,6,24,42,66,44,24,52,134,172,162,98,76,255,255,255,255,255,255,255,255,255,255,150,20,4,18,20,10,2,2,4,12,8,6,6,26,14,24,4,8,14,4,2,0,0,0,0,4,6,6,8,22,74,46,22,66,150,128,126,60,74,108,180,172,128,158,18,64,74,96,30,218,214,164,142,255,255,194,14,4,32,228,255,255,255,18,6,12,48,74,64,50,12,20,24,12,18,255,255,255,132,255,255,255,144,62,110,188,106,190,136,38,140,114,58,110,88,60,255,255,255,255,255,255,255,134,255,255,255,255,255,255,255,192,20,56,22,134,160,148,98,170,222,198,20,14,6,132,212,214,252,34,20,14,18,16,22,6,8,10,56,200,44,140,90,224,92,80,42,50,36,56,60,54,216,152,255,255,255,255,255,166,68,26,56,78,20,255,255,126,130,74,102,120,64,32,8,34,62,92,104,118,124,100,84,62,38,218
27,44,56,76,50,12,34,28,32,28,10,6,10,30,52,52,32,16,10,2,8,14,16,18,18,16,8,8,12,10,22,24,12,2,8,16,16,6,32,14,24,6,255,255,255,255,48,72,84,126,64,76,142,86,110,18,130,102,22,72,98,66,66,124,52,10,10,12,12,10,6,6,4,10,16,8,34,78,248,252,220,218,46,82,94,174,176,114,82,66,56,20,162,88,56,106,100,104,32,62,54,96,170,162,176,148,72,12,4,14,12,2,2,0,0,0,0,0,0,4,4,0,0,0,2,6,4,6,10,12,12,6,2,2,6,6,4,6,6,6,6,8,8,4,6,6,8,6,4,6,2,16,8,10,8,8,6,34,130,255,255,112,206,255,148,130,255,182,136,255,255,255,255,198,68,28,152,255,255,255,255,202,208,180,128,30,14,4,14,32,56,40,36,18,16,10,2,4,8,2,8,8,2,6,6,6,6,10,12,6,6,10,16,12,6,6,6,14,12,12,14,10,6,22,60,96,112,180,196,255,184,200,255,166,66,46,18,16,26,24,24,14,42,255,255,255,255,255,255,228,18,8,28,10,6,18,8,8,2,4,10,6,8,8,18,12,12,14,4,14,14,8,10,10,12,16,2,6,10,10,4,22,18,4,16,4,14,16,8,202,204,212,34,18,68,114,74,122,140,82,34,16,18,2,2,20,30,32,22,22,138,194,150,92,30,52,26,60,134,252,255,255,255,255,255,255,28,16,12,4,18,4,6,6,2,10,4,10,6,16,18,18,6,14,16,0,0,0,0,0,0,4,6,4,10,10,42,58,26,10,26,50,132,152,106,36,26,84,70,186,126,34,44,22,255,255,255,255,48,110,102,42,60,64,64,174,188,255,88,12,16,6,62,12,62,32,12,6,2,12,4,8,200,255,255,255,158,255,255,255,255,234,148,255,140,94,144,118,84,116,78,66,92,140,86,188,255,46,224,255,255,255,255,255,255,255,238,62,32,74,130,255,255,255,40,86,104,38,50,58,50,100,160,226,116,8,26,2,26,4,20,6,4,10,132,212,94,110,174,210,126,94,128,40,20,32,58,66,246,255,255,255,226,255,255,206,150,92,50,58,10,255,255,202,106,122,42,96,56,98,114,102,104,104,80,50,18,18,52,74,84,211
25,56,54,56,22,20,12,18,44,56,40,12,14,36,44,34,20,24,24,26,26,22,18,14,14,14,4,4,12,10,20,22,12,0,4,12,14,2,24,38,16,10,68,255,255,255,104,40,36,88,140,70,30,38,34,98,150,78,4,26,80,98,6,120,94,8,16,2,18,2,10,2,16,16,6,16,12,100,255,252,212,255,104,136,140,18,102,22,78,164,198,104,78,174,134,60,42,138,255,255,192,92,140,90,164,176,68,6,10,8,6,4,2,0,0,0,0,0,0,4,6,4,2,0,2,6,4,6,6,4,8,4,6,6,2,2,2,4,4,2,4,6,6,4,4,4,6,6,4,4,0,16,4,14,16,6,32,144,255,255,68,255,255,180,62,255,255,34,140,104,124,255,232,78,18,16,88,255,255,255,142,52,88,76,74,30,12,4,6,4,8,14,14,14,12,10,8,6,6,6,6,10,8,8,36,66,90,76,60,28,10,10,4,18,12,16,16,22,8,4,18,20,8,18,72,124,214,255,124,118,66,106,214,184,110,136,138,78,24,38,44,192,255,255,255,255,255,80,18,22,16,36,18,14,10,8,12,8,2,8,18,14,24,12,14,16,10,28,32,16,18,8,18,26,16,10,8,14,16,8,16,10,78,100,62,12,14,10,40,188,46,236,54,4,72,148,84,78,116,100,48,32,18,34,34,28,38,54,26,94,242,226,116,54,28,48,42,18,36,72,62,84,136,184,162,142,96,80,30,14,6,8,14,18,2,12,6,8,6,56,100,100,48,12,6,0,0,0,0,0,0,4,2,6,2,2,30,66,72,30,8,88,146,80,162,140,108,94,114,116,216,46,12,50,255,255,255,255,60,44,46,255,255,255,124,82,82,62,4,14,28,32,38,60,58,2,24,18,8,6,8,12,10,94,255,255,255,255,106,255,255,255,255,255,112,62,86,134,62,50,22,22,102,142,255,255,255,255,255,255,255,255,255,255,255,172,32,22,32,40,240,255,148,255,126,58,40,118,250,222,140,48,76,90,30,16,14,18,24,12,22,4,10,34,206,94,198,6,234,222,192,110,180,82,40,44,104,134,114,255,255,158,114,255,255,255,255,242,140,82,26,255,255,255,150,170,48,110,122,130,76,46,6,40,48,78,94,100,100,90,72,198
17,54,46,42,12,18,8,24,26,52,50,28,4,36,52,48,38,36,32,28,22,16,12,12,8,8,2,6,8,4,14,20,14,2,4,10,14,8,10,30,30,8,2,224,255,255,255,42,20,20,96,126,100,84,106,114,82,18,22,6,54,116,58,90,124,40,12,8,18,12,12,4,18,8,16,6,10,52,222,255,238,238,64,110,192,144,170,142,114,104,166,156,242,242,255,244,102,255,255,214,208,60,116,156,212,214,58,6,18,6,0,2,4,4,4,4,4,4,4,6,8,10,8,4,6,6,4,4,8,8,8,8,6,0,6,4,4,8,8,4,6,6,6,4,4,4,6,4,2,2,0,2,12,10,4,22,118,255,255,72,255,255,168,0,202,255,152,194,68,92,216,255,126,6,4,6,20,58,70,70,18,10,24,26,18,2,6,8,4,4,2,2,4,6,6,8,10,10,10,2,14,18,10,14,64,184,255,255,255,192,102,40,22,26,20,16,10,10,4,8,14,22,18,14,26,52,120,255,255,198,226,190,214,76,124,160,220,182,110,238,255,255,255,255,255,178,12,16,14,14,18,2,10,6,14,4,6,12,6,10,12,2,20,12,16,10,14,12,22,6,14,8,20,4,16,8,12,14,6,8,26,8,130,84,176,26,26,22,48,172,192,178,6,6,26,50,98,158,196,120,26,18,28,56,12,32,26,38,104,228,255,148,64,64,50,50,64,54,46,16,12,34,68,158,255,255,234,140,86,120,72,22,22,10,6,16,14,4,6,110,196,204,150,4,2,0,0,0,0,0,0,2,2,4,6,2,6,44,82,32,26,92,142,100,92,112,76,62,92,36,206,176,42,90,255,255,255,255,12,12,142,255,220,255,176,36,32,48,226,238,230,54,8,36,18,10,22,10,4,14,6,2,10,16,36,200,255,255,255,255,20,255,255,255,255,255,255,255,255,255,255,255,255,255,255,255,255,255,234,255,255,255,255,255,72,72,42,52,28,46,202,255,255,255,36,6,32,244,226,200,158,56,52,38,46,76,70,24,8,16,8,8,4,90,204,56,134,178,190,102,168,134,190,72,24,168,104,244,108,255,255,52,52,200,255,255,255,255,255,160,78,255,255,255,114,108,18,92,140,148,96,116,84,82,90,88,72,44,16,18,42,199
8,44,28,30,10,24,18,34,22,36,34,28,10,16,24,22,16,16,12,8,8,6,6,8,4,4,6,4,4,0,12,18,14,4,4,8,12,16,10,12,30,12,6,42,255,255,255,196,20,20,14,34,68,60,70,42,2,40,62,60,38,78,76,68,126,58,10,14,12,16,10,4,18,14,16,6,8,12,92,166,152,136,32,46,104,110,118,96,50,32,82,224,255,94,194,230,134,150,220,255,255,168,124,158,194,166,26,2,18,6,2,2,8,4,4,4,4,4,4,4,4,8,10,6,4,4,6,2,6,6,4,6,4,4,8,4,4,8,6,2,6,6,6,2,4,2,6,6,2,0,0,12,4,14,28,90,255,255,104,255,255,164,6,92,255,255,74,136,128,36,255,244,58,6,16,18,8,6,8,10,12,10,12,6,6,8,4,4,10,10,6,4,2,4,6,4,6,8,10,8,10,10,24,22,116,254,255,236,255,255,255,255,164,94,54,16,8,8,4,8,22,26,16,12,14,38,36,66,110,130,174,186,170,116,154,114,56,176,255,255,255,255,255,192,2,6,10,10,16,10,12,12,8,10,2,4,4,8,2,8,14,6,12,6,8,8,6,22,18,6,8,14,20,22,16,18,14,54,72,70,60,56,100,108,214,160,40,26,10,46,14,48,64,56,26,22,52,58,70,20,16,8,2,54,68,44,18,50,154,226,172,62,26,40,40,36,50,64,44,20,10,12,16,16,46,132,255,248,106,80,148,172,94,14,14,4,18,8,2,114,202,170,232,16,2,0,0,0,0,0,0,0,4,6,8,6,10,10,48,44,24,80,126,116,66,124,42,164,64,82,72,150,138,68,255,240,255,76,20,10,152,255,255,255,140,8,4,204,255,254,255,76,30,22,28,114,136,102,22,14,22,14,24,4,16,8,16,180,255,255,255,255,255,190,74,214,255,255,255,255,255,255,255,255,192,56,255,255,255,255,255,255,178,8,12,50,130,220,255,174,116,200,255,108,12,18,64,198,162,255,162,8,20,40,124,70,94,42,18,10,10,12,32,186,104,170,14,216,58,76,170,134,60,94,40,192,28,255,255,255,255,36,12,84,142,184,255,255,255,255,146,76,255,255,138,26,64,44,100,176,156,76,42,28,6,18,44,72,84,82,78,211
5,16,8,24,28,48,44,44,44,40,36,20,6,20,16,8,6,10,12,14,10,2,2,8,4,4,10,8,8,4,16,20,14,4,4,6,10,22,26,16,22,14,12,22,144,255,255,255,86,6,2,14,6,14,12,30,50,106,108,104,92,116,84,50,98,48,22,18,8,10,16,10,14,12,18,20,4,8,32,66,60,44,16,10,16,24,26,20,10,14,38,232,255,238,218,176,130,138,222,255,230,150,104,78,90,62,4,12,20,14,8,6,8,0,0,0,0,0,0,0,0,2,6,4,0,2,4,4,4,6,4,6,6,6,10,2,2,4,2,0,4,6,6,2,6,2,2,6,4,0,2,14,14,28,112,244,255,148,255,255,200,12,32,176,255,166,164,24,126,200,255,108,14,22,8,2,0,8,6,6,24,18,8,8,16,16,8,12,10,8,6,6,2,2,6,4,6,8,10,6,12,12,4,22,86,232,255,255,72,206,255,255,255,255,255,216,90,50,32,10,16,14,6,8,14,26,36,6,6,30,36,60,76,104,174,186,255,255,255,255,255,252,28,20,12,4,4,8,16,16,26,6,18,10,2,6,14,24,14,8,8,8,6,8,2,162,255,255,255,255,255,152,48,34,22,20,22,122,106,148,44,26,88,240,160,218,86,100,116,34,28,20,56,70,86,50,100,106,102,44,28,16,12,10,28,44,48,98,170,194,144,60,32,20,16,40,40,36,42,38,20,10,16,10,12,22,76,198,200,90,86,172,156,108,46,14,8,4,10,100,255,86,214,30,6,0,0,0,0,0,0,0,4,4,8,8,6,6,16,52,44,26,80,124,28,78,144,88,148,148,104,34,136,60,116,36,124,210,228,200,98,255,255,228,16,18,20,204,255,255,255,84,18,24,164,255,255,250,30,2,12,2,20,22,12,4,4,4,6,106,255,255,255,255,255,255,255,255,255,255,255,255,255,255,255,255,255,255,255,255,68,94,96,24,24,64,255,255,255,170,62,88,54,92,166,160,72,130,158,196,36,12,10,46,100,88,138,50,16,22,22,4,140,204,60,142,144,162,14,32,44,50,50,66,78,222,178,230,255,255,170,28,12,28,20,40,106,242,255,255,216,114,255,255,255,34,38,38,40,52,98,70,72,76,86,92,96,90,66,36,18,218
9,34,50,50,52,56,42,28,30,18,20,14,6,14,6,4,8,10,10,8,2,4,8,10,6,4,8,8,10,6,16,22,16,4,4,4,8,18,30,2,24,28,2,16,16,255,255,255,255,36,4,16,24,26,56,64,114,158,94,78,50,64,10,100,100,20,20,22,10,6,14,20,16,10,8,20,4,2,6,12,14,4,12,10,4,8,6,6,6,12,18,132,255,255,240,248,216,156,154,110,58,48,34,28,16,4,2,4,10,6,8,2,4,4,4,4,4,4,4,4,2,0,4,4,0,2,6,2,6,12,10,12,8,4,14,6,4,6,6,2,6,8,8,4,8,6,2,4,4,0,4,12,12,68,236,255,220,244,255,214,38,8,82,255,255,62,178,134,58,255,232,40,4,28,14,8,10,8,10,18,4,24,4,18,12,14,2,8,10,14,6,4,2,0,2,4,10,14,12,8,8,4,4,18,74,172,255,255,255,255,134,194,255,255,255,255,255,214,158,82,20,6,8,2,24,18,36,8,8,12,14,18,24,90,255,255,255,255,255,176,8,4,28,30,10,8,12,8,4,20,12,20,14,12,14,12,20,22,14,10,10,20,12,10,220,255,255,255,242,255,255,255,106,70,36,36,50,118,32,84,38,30,138,172,180,196,22,50,90,106,78,34,82,38,72,94,72,48,110,92,76,70,54,18,26,2,32,84,184,255,255,216,98,42,44,18,30,46,60,64,64,38,14,36,12,8,44,38,132,130,84,108,84,194,255,98,36,6,16,14,226,134,180,54,6,0,0,0,0,0,0,0,4,6,4,10,8,4,8,42,62,10,10,94,100,20,86,92,160,22,22,60,66,190,40,74,226,255,255,255,46,108,96,24,88,100,58,172,220,255,178,20,12,48,230,154,248,226,36,12,6,14,60,64,32,10,10,12,10,16,14,4,50,188,255,255,255,255,255,255,255,255,255,255,255,255,212,70,20,48,160,132,146,56,16,58,255,198,255,252,42,22,64,255,255,255,78,62,78,38,38,48,42,46,56,94,66,8,18,20,14,74,192,56,68,255,255,255,255,232,16,44,108,46,136,70,255,98,255,255,26,12,20,36,16,20,46,126,255,255,242,224,255,255,255,92,96,16,94,46,104,126,96,76,60,34,8,26,62,84,86,213
15,32,54,46,34,22,16,14,20,12,8,8,12,14,0,2,8,10,10,6,2,6,8,6,8,4,4,4,10,8,14,24,18,4,2,2,4,6,22,20,4,38,14,22,20,70,255,255,255,208,62,68,82,100,146,144,132,78,48,98,70,78,108,124,66,4,2,12,12,2,8,14,20,8,6,14,10,12,20,8,12,4,16,12,4,14,6,4,4,4,14,58,138,164,164,166,116,68,44,6,8,8,12,6,12,10,8,2,4,14,6,4,6,4,6,8,8,6,8,10,10,4,8,6,2,2,2,4,6,6,10,12,8,2,8,8,4,4,10,6,4,8,14,8,8,6,10,10,12,8,6,16,50,192,255,255,176,255,232,28,2,24,190,255,206,150,90,160,206,255,128,18,8,6,12,2,6,2,10,2,20,30,10,22,10,12,10,14,12,8,8,10,4,0,0,4,10,12,8,4,6,8,10,10,14,32,46,142,255,255,255,255,240,168,112,248,255,255,255,226,132,98,70,12,6,2,20,12,6,8,28,22,255,255,255,255,255,255,46,2,8,2,10,4,8,10,2,6,10,4,12,8,30,40,24,12,2,16,10,56,76,30,22,36,255,255,186,255,255,255,255,255,78,56,62,38,22,80,72,72,42,102,194,40,220,110,72,36,66,48,94,64,40,96,122,138,68,122,42,62,104,138,110,66,58,36,28,6,70,142,248,255,255,232,130,54,14,18,34,44,62,72,52,2,46,16,68,38,8,36,114,208,80,14,170,148,134,68,10,12,86,94,124,130,16,12,12,4,8,8,4,6,8,4,4,0,6,6,4,18,58,60,10,22,84,66,40,12,60,34,38,44,114,100,204,30,255,255,255,255,60,18,30,255,255,255,226,88,84,124,18,12,22,80,168,160,255,114,28,20,4,38,68,60,42,2,2,10,8,14,32,28,6,14,8,16,14,10,4,10,16,14,14,6,8,12,8,20,28,46,90,64,78,142,170,100,255,220,255,108,8,12,104,255,10,255,162,48,24,60,194,170,140,12,40,40,22,16,6,12,40,134,108,14,255,255,255,255,255,255,190,178,38,116,146,204,255,255,255,255,26,16,18,20,26,10,34,88,234,255,226,255,66,255,255,36,72,56,56,48,94,174,124,56,56,80,94,100,104,92,66,198
18,14,36,30,10,14,8,4,14,10,2,8,16,16,8,8,14,8,6,8,4,6,12,2,8,6,6,6,10,12,22,24,16,2,0,0,2,6,10,22,18,18,30,8,6,10,148,255,255,255,98,120,110,146,150,62,26,98,156,136,92,94,106,80,30,14,14,14,12,10,12,16,14,2,6,10,6,2,18,10,14,6,10,12,14,16,14,12,12,24,16,10,42,54,44,40,20,6,4,8,2,8,8,6,4,6,14,16,14,22,20,8,8,8,10,8,8,6,6,4,14,12,14,14,2,2,2,4,10,8,10,6,6,6,8,0,6,4,4,10,14,10,10,12,10,6,6,14,18,20,32,96,220,255,255,108,255,255,52,32,28,94,255,255,90,206,108,38,255,246,54,4,0,6,6,4,2,8,18,12,6,6,6,8,16,28,54,66,80,78,46,8,8,4,4,8,10,6,6,4,6,8,6,4,4,0,4,26,70,152,255,255,255,255,255,218,122,98,244,248,255,255,232,146,68,22,30,22,16,18,174,255,255,255,255,255,96,16,6,10,12,2,14,0,10,6,4,8,4,12,26,28,16,8,18,10,90,255,255,255,255,255,40,102,255,194,255,255,232,255,255,255,38,58,92,32,34,66,52,18,26,52,156,150,182,108,54,58,62,116,60,64,88,78,142,114,92,124,74,42,48,112,48,78,90,72,118,140,86,20,44,154,255,255,255,240,110,32,30,14,16,58,62,56,6,68,28,68,16,48,64,74,54,60,108,18,112,150,92,76,40,124,58,166,18,6,12,10,6,8,10,4,6,0,2,4,4,2,0,2,24,60,32,6,42,94,90,6,42,46,74,58,82,70,194,230,252,255,255,255,26,22,116,255,255,255,246,42,54,8,212,255,255,68,110,112,64,20,14,14,36,44,42,82,40,4,6,12,8,16,24,12,18,20,14,22,14,8,2,10,16,18,16,2,6,16,12,20,52,46,94,140,255,255,255,98,150,154,114,34,38,50,138,255,255,255,58,8,16,120,188,110,154,38,16,14,8,6,12,26,102,136,44,192,255,255,255,255,246,255,255,255,255,232,78,255,140,255,255,58,10,16,12,28,16,14,22,62,202,255,234,255,108,255,255,96,76,52,98,134,100,204,206,146,88,82,60,34,12,26,52,201
10,46,66,58,24,20,14,14,18,14,10,8,14,12,8,4,8,6,6,8,10,6,10,4,4,4,6,4,8,8,24,30,16,0,0,0,0,4,6,12,14,6,22,24,6,10,4,255,255,255,255,30,18,54,46,140,160,148,116,60,28,22,32,22,16,14,12,10,14,16,16,16,4,2,10,6,10,6,12,10,10,14,10,6,8,6,28,10,26,10,10,16,4,6,4,12,4,6,4,2,0,0,0,4,6,12,16,14,10,10,14,12,8,4,12,10,6,14,4,2,14,16,8,12,8,6,6,6,4,8,10,12,8,2,6,8,2,18,16,12,12,14,4,12,12,14,18,14,24,98,196,255,255,236,130,255,255,96,12,28,16,174,255,178,156,22,134,250,255,132,10,4,2,6,6,8,12,10,22,14,8,8,8,28,92,156,158,164,158,184,124,34,14,8,10,14,10,2,4,8,8,8,12,14,12,4,4,12,8,18,60,116,172,214,234,255,255,255,142,78,124,244,255,255,255,202,110,68,84,255,255,255,255,255,146,6,16,14,8,22,6,14,14,14,16,4,8,16,14,32,12,10,4,14,82,255,255,255,255,255,255,255,8,84,255,148,255,255,255,255,255,255,104,60,64,118,76,142,94,60,48,124,200,62,132,62,84,34,48,56,100,24,68,18,78,32,84,70,42,76,72,156,68,132,118,80,130,122,174,140,150,62,28,134,254,255,255,206,94,54,40,64,18,44,56,68,106,132,62,68,76,82,38,76,96,46,58,26,128,186,142,78,60,120,44,6,4,2,6,12,6,12,2,0,0,0,0,0,0,2,6,42,60,22,14,64,134,74,16,52,42,66,58,88,48,214,222,82,122,38,38,8,122,255,255,255,232,18,22,154,255,255,255,172,40,36,20,178,202,192,44,12,36,38,14,10,12,18,26,6,4,18,16,6,8,8,4,6,14,14,6,14,8,26,36,50,46,10,36,30,44,174,255,92,255,196,58,44,50,202,208,180,42,174,220,158,10,6,22,128,160,222,154,10,6,4,18,16,22,94,134,28,146,255,255,150,255,74,255,255,255,255,255,255,238,210,255,255,255,36,16,2,14,8,8,16,22,42,154,255,255,255,116,255,255,64,10,38,126,56,12,80,156,130,54,36,64,76,86,102,106,211
7,6,40,58,38,16,10,10,8,10,4,2,8,6,4,0,4,4,6,6,4,6,8,2,0,0,2,2,6,4,20,28,16,0,0,0,0,2,6,10,12,4,16,28,14,4,6,52,255,255,255,134,124,130,158,152,98,64,38,14,14,4,12,6,4,8,6,2,8,10,10,6,4,2,6,4,4,2,10,14,18,22,10,10,12,18,12,8,12,20,12,12,4,6,10,12,4,6,4,4,2,0,0,6,14,12,2,20,24,16,6,8,0,8,16,26,14,4,8,10,14,20,8,4,8,12,14,16,4,6,2,4,8,4,8,12,6,14,6,28,26,28,16,10,8,26,82,156,238,255,255,234,62,212,255,255,96,16,10,8,86,255,255,22,90,208,70,255,238,44,10,4,10,8,6,18,24,28,38,26,46,22,12,52,186,255,178,122,76,152,134,36,10,6,10,10,6,6,4,6,8,2,2,4,8,6,4,6,2,8,6,18,38,56,64,120,202,255,255,255,236,148,72,186,255,255,202,255,255,255,255,255,255,90,10,14,12,2,6,8,14,10,20,16,4,4,12,26,34,42,30,20,26,20,248,255,255,184,255,255,255,254,38,38,255,255,108,255,160,166,255,255,255,30,66,22,50,86,18,68,46,74,160,34,46,76,86,62,100,116,34,40,94,140,58,96,50,96,80,78,84,66,146,72,70,42,22,44,10,62,144,180,154,72,42,160,255,255,255,180,66,34,26,30,58,6,42,44,30,42,42,16,22,4,104,126,30,70,132,12,142,58,46,120,110,28,8,10,6,6,12,6,10,0,0,0,0,0,0,4,6,4,46,52,8,32,52,106,86,64,58,52,82,82,124,98,255,255,60,30,62,82,50,255,255,255,66,26,14,210,255,28,255,255,230,6,200,255,255,255,74,42,30,28,66,72,48,22,4,18,16,14,10,14,8,6,6,6,4,24,24,198,255,255,96,34,48,40,12,2,20,174,255,255,255,78,16,14,176,255,252,220,88,66,60,32,126,124,78,80,82,156,58,16,18,8,22,10,60,160,36,114,92,255,255,255,255,255,255,255,255,255,255,255,255,255,255,255,52,26,30,18,12,6,24,20,32,56,140,216,255,255,112,255,255,138,34,30,66,90,102,58,108,160,106,104,102,78,62,46,16,221
12,54,26,30,20,8,8,12,10,16,8,6,10,6,8,4,6,4,8,6,2,4,6,2,0,0,2,2,6,4,20,28,16,2,4,4,2,0,4,8,12,10,6,24,22,4,6,16,98,255,255,255,110,46,48,26,14,16,24,22,18,14,14,14,8,10,12,6,12,16,12,6,8,10,6,2,4,6,8,10,2,20,22,10,12,6,10,2,6,12,10,2,4,4,2,2,2,4,4,6,6,4,4,10,18,18,10,8,18,16,6,8,2,12,6,20,20,12,6,10,20,20,14,10,8,6,6,12,8,6,2,2,14,16,12,10,14,4,12,4,4,8,32,78,152,254,255,255,255,150,12,158,255,255,200,58,22,32,4,48,194,255,166,174,102,130,242,255,142,18,10,14,28,26,10,46,80,116,122,142,148,142,42,48,158,158,40,88,98,154,124,38,10,6,6,2,2,6,10,8,12,8,12,12,10,4,6,10,6,12,16,18,18,12,24,38,42,62,176,240,255,255,255,255,255,56,255,255,255,255,255,58,18,8,8,2,26,14,10,12,10,14,16,14,8,8,18,20,66,92,92,170,170,110,248,255,128,255,255,150,148,52,24,34,240,255,255,255,255,255,255,255,255,146,84,84,48,84,88,76,14,48,140,62,34,88,64,82,36,64,88,84,136,100,44,88,90,66,68,30,36,24,136,94,58,16,90,76,128,72,38,44,142,182,170,96,24,146,255,255,212,102,58,82,88,44,14,62,46,48,16,24,30,24,44,136,188,102,96,146,102,42,168,202,186,54,10,22,14,22,14,2,10,0,0,0,0,0,0,4,4,10,4,46,50,48,18,50,176,82,48,80,68,162,18,204,84,216,196,50,46,18,46,94,94,32,98,112,110,164,255,176,54,255,255,38,255,255,255,255,106,42,20,174,255,255,180,12,12,18,10,2,16,10,20,26,14,8,10,12,166,255,255,255,126,64,40,42,226,212,206,86,255,255,216,12,14,10,255,222,255,255,44,16,22,166,255,242,130,76,68,90,14,28,24,24,24,58,146,90,122,255,255,255,255,255,255,255,255,255,255,255,255,255,178,255,255,212,8,20,28,26,12,14,28,10,28,48,118,192,255,255,122,255,255,222,118,66,74,50,84,166,108,255,194,96,44,52,72,88,114,209
19,62,46,52,44,26,16,12,8,18,10,6,12,8,10,6,10,6,8,4,2,4,4,2,0,0,4,2,8,4,20,28,16,4,6,6,6,2,2,6,12,14,6,14,24,12,2,24,10,172,255,255,255,102,8,10,14,14,14,12,14,14,10,14,14,12,12,4,10,12,10,8,10,8,6,4,2,6,4,12,22,28,42,38,42,30,8,2,10,6,12,6,2,4,2,2,2,0,0,2,4,4,4,4,10,20,22,14,4,10,10,4,14,14,2,6,14,16,18,24,16,4,4,4,2,4,6,6,10,12,6,4,2,6,8,8,12,16,20,28,40,104,196,255,255,255,254,94,160,255,255,255,236,110,12,18,24,16,16,58,255,255,48,132,188,38,255,254,34,44,58,94,90,104,40,88,160,166,130,156,140,206,94,30,170,255,150,220,172,140,94,30,8,8,10,4,2,4,10,12,16,12,16,14,12,8,4,12,20,14,8,16,18,14,10,6,8,14,18,66,92,156,255,255,228,255,255,255,255,182,36,16,12,10,16,8,24,16,8,16,0,4,6,4,14,24,36,10,46,44,104,255,255,255,116,255,216,255,255,255,255,198,18,36,108,255,255,255,255,255,255,116,255,152,56,90,78,98,8,16,44,80,124,98,54,80,94,122,90,122,30,84,132,134,38,82,90,54,50,32,84,94,10,50,52,24,94,60,98,76,82,30,32,36,106,152,172,74,90,200,255,255,174,72,38,40,64,108,84,10,68,36,22,22,8,20,104,212,120,48,70,106,108,118,242,140,18,8,12,2,10,10,6,0,0,0,0,0,0,6,14,8,16,16,76,70,38,30,148,188,100,132,94,84,60,58,122,86,110,198,66,68,66,22,22,255,255,255,255,66,255,255,255,255,224,62,255,255,255,255,30,8,48,255,255,255,182,34,10,38,162,236,222,102,34,26,22,4,10,12,255,255,248,255,108,18,32,218,255,255,255,68,112,112,20,120,122,108,176,238,255,164,4,16,26,224,120,236,162,28,40,18,68,60,50,16,72,146,74,228,255,255,255,255,255,182,255,255,255,255,255,124,255,255,255,255,255,20,24,16,22,24,18,20,24,8,42,76,122,216,255,255,72,255,255,255,160,120,20,116,182,184,54,220,246,192,144,128,114,94,82,194
21,38,34,38,30,18,20,6,4,14,8,6,10,6,6,2,12,12,10,6,8,10,6,2,0,0,4,2,8,4,20,28,18,6,4,2,6,4,0,4,10,16,16,4,24,22,8,2,14,4,255,255,255,255,62,12,4,12,8,10,16,18,12,18,20,12,8,4,12,14,10,2,2,8,6,4,12,32,56,100,158,204,218,206,206,182,110,32,8,4,12,14,10,12,10,6,2,0,2,4,4,4,6,4,6,6,16,26,32,38,52,46,34,26,16,16,22,18,6,8,6,8,4,6,2,4,6,6,4,6,4,2,6,2,10,22,38,76,136,176,224,255,255,255,156,82,255,255,255,234,150,96,26,18,14,14,20,16,32,166,255,202,136,74,198,190,255,66,100,100,106,112,80,130,82,62,126,70,48,84,104,190,94,20,68,180,164,166,110,46,22,12,14,8,10,4,4,4,8,12,12,8,10,4,4,8,10,4,6,14,16,10,8,6,8,10,6,18,26,6,12,20,84,255,255,255,255,234,38,16,10,6,18,10,20,8,22,8,18,6,20,14,14,12,28,34,16,26,42,38,186,255,255,255,230,255,255,255,255,255,255,174,20,40,136,255,255,255,255,255,170,255,255,142,50,98,78,140,64,44,76,66,116,112,120,134,128,84,118,102,28,52,100,98,74,88,10,72,16,20,100,76,82,56,52,84,44,192,52,142,136,114,116,68,62,68,174,172,24,22,112,206,232,178,74,8,48,100,50,66,34,18,42,84,80,36,40,128,220,158,52,124,144,80,156,214,114,46,10,16,16,4,6,0,0,0,0,0,0,6,6,18,6,4,44,80,54,22,58,122,112,92,58,32,14,56,36,72,74,114,255,164,26,16,60,255,255,255,255,198,102,238,130,232,255,218,170,242,226,80,46,40,100,255,194,255,216,14,8,126,255,255,255,94,26,48,16,130,168,168,184,255,255,255,10,10,12,255,244,255,255,108,36,24,184,255,255,168,118,158,168,48,24,38,56,194,136,255,98,2,14,32,54,30,42,68,136,40,166,255,255,122,255,255,255,255,255,220,255,255,255,255,255,118,255,255,86,66,26,18,14,24,28,28,18,18,46,76,94,255,255,255,40,255,255,255,6,136,100,128,98,104,148,138,126,170,150,78,20,18,40,197
22,22,14,4,2,6,10,6,6,12,6,8,12,8,8,4,8,14,12,8,12,10,8,6,2,2,4,4,8,6,20,30,20,6,2,0,4,4,0,4,6,14,24,8,18,24,14,14,14,14,16,255,255,255,255,20,12,16,6,8,18,18,8,10,16,12,8,6,12,14,12,4,4,6,24,60,102,154,198,230,236,202,156,158,222,255,255,224,82,24,8,6,4,8,4,4,6,4,6,6,4,6,8,16,50,108,166,204,212,198,200,196,174,150,146,152,156,148,116,82,68,60,38,28,22,14,6,8,16,46,64,72,88,116,144,178,230,255,255,250,210,148,70,166,255,255,255,238,98,26,14,10,16,12,12,16,2,6,92,255,255,34,78,206,54,255,220,60,86,60,36,10,26,66,74,54,178,168,144,146,168,168,68,20,16,46,76,70,26,20,8,4,12,10,8,2,4,4,4,10,6,4,8,8,6,0,10,14,22,20,14,12,12,8,6,12,8,16,14,26,16,116,255,255,255,255,142,36,34,12,12,4,14,16,20,10,18,12,14,10,24,18,6,6,30,148,255,255,255,128,66,255,255,255,255,255,255,238,255,255,140,255,255,255,46,255,255,255,255,255,255,255,255,96,58,112,116,118,54,46,42,16,68,88,86,72,62,34,74,90,80,46,50,42,72,102,72,42,40,54,84,90,70,78,40,58,134,108,170,76,202,144,172,16,74,56,66,162,104,102,76,24,130,218,212,80,44,74,34,70,38,6,66,90,90,78,92,102,218,255,162,50,76,36,70,108,188,198,62,2,2,4,6,0,0,0,0,0,0,4,6,6,10,6,2,22,44,32,14,38,78,122,60,34,50,60,108,124,96,84,168,255,236,106,60,255,255,162,255,255,252,158,255,255,255,255,66,112,70,126,194,250,90,218,234,255,54,14,10,200,255,140,255,126,26,20,230,255,255,255,60,236,210,92,60,66,68,240,255,255,226,18,6,30,255,226,255,250,64,72,32,160,220,214,48,142,116,154,16,8,18,26,56,18,102,192,62,112,255,255,74,255,255,255,255,255,255,255,255,255,255,255,32,255,255,244,152,122,40,22,20,18,28,26,20,26,38,62,92,255,255,255,6,255,255,255,255,112,132,70,70,154,156,116,44,50,80,118,126,114,112,208
24,14,10,12,10,10,14,14,18,20,14,12,10,6,8,12,6,8,10,6,6,2,4,6,6,6,4,4,6,8,22,42,34,6,4,4,4,6,2,4,2,2,20,20,2,18,16,20,2,2,2,82,255,255,255,232,2,12,14,16,22,16,6,16,10,6,12,8,18,22,10,8,32,92,154,222,254,218,154,58,58,132,192,212,196,24,238,255,255,104,20,10,8,16,6,20,14,10,16,12,6,22,62,144,226,255,255,204,142,118,114,140,160,178,212,214,228,250,255,248,228,214,196,168,150,130,114,146,206,255,255,242,236,236,226,222,208,132,14,78,146,230,255,255,255,158,72,16,10,6,2,8,8,10,14,20,6,42,194,255,158,140,126,210,255,255,104,116,82,78,110,112,100,100,92,36,80,112,76,72,60,36,6,18,14,42,52,46,14,12,8,8,4,2,6,4,2,6,4,4,2,4,2,4,6,14,18,22,14,22,20,10,20,20,34,40,26,14,4,22,166,255,255,255,255,36,34,32,6,8,14,2,6,8,2,4,6,10,8,22,24,24,16,70,255,255,255,255,255,255,116,255,255,222,255,48,255,255,255,255,255,255,255,255,78,6,254,255,255,255,255,120,18,4,6,16,24,34,20,18,14,18,18,18,26,20,6,8,14,18,12,32,24,6,16,82,124,98,78,114,134,82,72,140,120,100,154,48,94,22,54,124,106,80,100,30,40,76,74,110,180,136,32,100,206,196,70,34,42,26,40,24,62,82,22,30,160,168,182,182,255,130,88,50,118,94,28,198,214,72,10,8,12,8,6,10,10,4,0,2,2,4,2,6,4,6,16,30,38,32,50,164,180,58,100,30,168,108,120,28,72,44,252,255,76,255,255,255,255,255,255,218,255,100,255,255,28,4,180,255,255,255,76,120,114,46,64,76,76,154,255,255,255,36,8,6,255,255,255,255,112,52,34,178,255,255,180,136,174,220,72,2,2,52,255,178,255,148,12,6,88,255,134,236,88,60,66,32,62,70,68,36,68,156,204,54,160,124,255,255,255,255,255,255,255,255,255,244,255,255,132,62,255,255,166,255,255,172,82,14,4,40,32,30,20,34,30,62,102,255,255,150,34,226,255,255,255,134,98,108,90,62,36,70,122,46,100,128,114,50,26,221
23,16,20,14,4,4,12,16,14,12,8,2,6,8,2,8,6,6,4,2,2,2,2,4,4,8,6,6,10,4,8,38,46,6,10,8,2,6,2,6,4,6,8,18,10,6,14,24,16,0,4,2,132,255,255,255,136,16,14,4,16,22,8,12,6,6,10,6,12,22,42,114,202,255,255,242,108,62,164,230,242,230,210,230,255,255,204,146,255,255,100,10,10,18,12,32,18,14,2,12,42,140,252,255,234,96,46,158,198,188,172,152,132,132,122,100,76,38,14,62,88,126,170,204,234,244,222,246,255,238,148,122,72,26,44,90,156,236,255,255,238,216,142,66,20,8,8,8,6,16,14,10,10,14,6,6,10,110,255,255,54,46,255,52,255,255,38,98,118,128,120,70,54,46,36,26,22,16,20,18,12,28,74,86,88,132,144,154,102,14,18,12,6,10,12,10,6,10,20,20,14,10,6,8,16,18,4,8,8,18,16,12,48,84,130,120,110,28,32,255,255,255,255,230,18,44,46,2,4,10,14,2,2,2,10,10,24,24,42,44,36,34,234,255,255,255,255,255,236,255,255,112,255,255,255,255,255,255,114,255,112,255,255,255,22,54,34,22,28,24,24,36,10,12,16,2,24,32,22,20,10,12,10,10,14,26,12,14,12,4,8,14,14,10,18,20,8,26,34,80,130,126,84,72,32,28,90,68,46,86,140,26,88,56,116,20,110,30,50,46,94,168,102,20,84,204,156,78,40,20,46,46,42,60,18,26,156,98,136,30,148,255,152,114,132,88,196,54,172,198,118,42,32,8,26,12,14,10,6,2,2,2,4,4,6,8,8,24,52,34,10,62,180,134,56,68,130,94,42,94,100,196,78,255,255,66,62,255,255,255,164,156,255,255,255,80,74,46,255,255,194,255,172,44,38,152,255,255,255,44,202,214,110,22,18,38,255,255,255,255,16,10,58,255,255,255,226,62,56,16,122,208,208,78,198,170,230,20,6,16,106,250,154,255,80,10,18,60,134,100,84,106,242,196,22,48,246,255,106,255,255,220,255,124,255,255,255,255,255,255,160,255,255,66,216,255,255,255,162,16,24,56,32,40,28,36,16,54,148,255,255,106,6,84,255,255,255,255,70,160,76,8,38,30,62,80,148,234,204,114,128,209
21,14,22,16,10,4,8,12,10,10,8,4,6,6,4,2,4,6,4,2,0,0,2,6,6,10,8,4,8,6,10,38,56,10,12,10,2,4,4,12,4,4,4,12,14,8,4,16,16,16,20,10,22,188,255,255,255,44,4,14,10,24,4,8,10,4,4,6,10,58,236,255,255,252,78,128,255,255,216,140,88,50,20,14,98,230,255,255,184,255,255,100,10,24,28,12,4,18,30,40,132,255,255,100,138,255,255,244,178,140,144,154,170,194,212,198,152,118,144,156,160,150,140,74,18,46,16,40,104,164,254,255,232,228,224,214,210,184,122,66,48,30,6,10,8,4,16,14,6,2,6,6,4,4,12,4,44,206,255,134,168,154,255,255,255,180,26,38,42,44,32,14,14,8,16,22,26,34,28,26,6,70,168,202,182,180,136,164,176,70,6,2,10,12,6,6,12,8,6,10,12,14,14,14,14,8,2,4,14,12,10,22,72,194,255,238,214,90,255,255,255,255,172,14,50,32,6,8,8,8,6,2,4,18,8,0,18,8,30,18,36,12,255,255,170,255,255,255,255,255,255,46,255,255,255,255,88,255,255,255,255,255,255,170,72,60,18,6,10,12,16,20,18,26,20,28,18,10,12,20,30,14,12,18,26,20,20,20,24,24,22,18,14,8,2,6,12,20,22,20,14,34,116,118,140,140,98,88,36,48,112,10,106,94,100,52,106,140,64,6,14,146,150,188,108,68,132,172,116,24,52,58,34,62,62,70,52,110,84,24,92,202,255,255,162,26,92,88,52,64,166,102,40,30,26,18,8,18,6,6,6,0,0,0,0,0,0,6,30,40,14,14,58,92,74,88,112,116,48,100,72,36,216,40,254,244,255,192,18,58,38,22,255,216,148,70,128,144,255,255,255,255,48,24,36,255,255,255,255,90,50,28,128,255,252,128,255,255,255,140,14,12,118,255,110,255,198,4,14,94,255,255,255,98,78,90,50,66,88,98,92,214,210,196,4,2,8,68,112,36,114,250,134,150,90,255,255,255,255,255,255,255,255,255,255,255,255,206,255,255,214,255,122,234,190,216,255,255,255,102,42,48,24,52,42,38,18,36,234,255,255,54,28,44,68,255,255,255,124,124,148,84,92,136,142,142,100,218,228,164,82,192
21,14,18,12,8,6,8,8,6,10,8,4,8,12,12,8,6,2,0,0,0,0,4,6,6,6,6,2,8,18,26,48,70,18,10,10,4,2,6,12,8,2,4,10,14,14,6,20,26,24,12,24,20,16,255,255,255,255,12,14,26,24,22,10,10,12,4,10,32,210,255,255,204,224,255,255,240,108,30,14,36,34,14,18,20,36,218,255,255,182,255,255,255,154,76,26,8,28,16,94,255,255,42,255,255,204,104,20,2,6,12,18,20,20,62,194,242,178,162,52,70,124,210,164,20,160,170,154,168,160,122,44,30,62,40,16,60,68,32,10,20,26,12,2,12,20,8,8,8,8,10,2,6,14,8,30,106,255,255,120,220,255,164,255,255,66,16,2,10,12,18,12,16,28,80,112,130,154,152,176,78,74,146,188,106,102,56,118,112,76,32,8,8,6,6,10,8,6,22,20,12,14,12,4,8,10,12,34,22,14,46,34,78,204,146,128,206,255,255,255,255,58,22,52,40,8,8,4,4,10,10,10,22,10,4,62,88,64,18,54,36,46,255,255,255,255,255,255,255,255,255,18,60,255,255,255,255,255,255,255,220,40,18,4,12,6,14,8,16,18,20,16,6,16,18,2,10,14,16,16,14,8,4,8,6,2,4,4,4,8,12,16,24,28,32,36,30,22,16,26,30,32,6,34,72,142,118,86,88,58,44,106,94,20,36,92,20,132,46,32,108,126,58,120,230,124,22,156,210,148,78,48,18,52,34,14,18,30,120,196,255,255,255,255,255,64,66,22,58,108,40,150,88,4,16,14,14,12,14,4,6,0,0,0,0,0,0,6,6,36,42,22,26,36,64,104,144,120,38,42,104,112,86,160,68,36,150,255,194,26,70,82,62,118,128,255,255,255,194,255,255,180,38,24,74,255,234,255,255,22,8,72,255,255,255,156,116,172,132,56,178,176,140,255,255,255,60,4,8,178,255,98,255,152,24,14,126,255,222,164,16,108,134,76,18,16,20,82,156,148,150,20,174,178,104,255,255,255,255,255,255,255,255,255,192,255,234,255,255,96,255,86,242,202,134,124,255,255,255,232,76,24,16,40,54,50,30,30,255,255,255,22,34,54,72,192,255,255,255,76,154,152,144,126,80,56,90,66,78,100,110,195
23,16,24,12,4,4,10,10,8,12,8,6,10,12,12,8,8,4,4,4,4,2,4,6,8,8,10,6,12,22,20,34,76,30,6,6,4,0,4,6,6,4,2,4,10,16,14,18,36,14,22,4,10,22,44,255,255,255,255,16,28,14,8,22,22,24,10,12,50,255,255,128,255,255,234,126,26,28,84,158,160,136,36,6,20,2,48,252,255,255,44,255,255,255,255,244,164,68,36,210,255,102,255,255,122,26,6,6,12,4,14,14,18,36,100,192,154,88,180,172,170,66,218,255,176,255,102,70,108,124,242,255,255,255,134,160,144,144,94,50,58,74,88,72,36,2,12,12,18,20,30,16,24,14,22,50,190,255,216,222,68,255,156,255,194,10,42,34,28,80,98,104,38,62,134,194,200,204,186,248,148,14,186,255,132,234,196,162,116,52,24,6,10,8,4,8,6,12,20,8,6,14,12,4,8,8,14,22,6,14,24,22,54,192,232,86,255,255,255,255,84,28,54,14,6,2,2,2,10,10,10,4,10,6,52,150,68,102,210,208,188,30,255,255,28,255,255,176,255,255,255,255,150,255,255,255,255,24,20,16,24,22,22,12,2,10,24,34,18,14,6,4,6,14,8,8,22,26,6,26,8,12,8,10,0,8,4,6,4,4,2,2,4,6,6,8,6,14,34,50,48,16,16,36,24,22,50,110,148,56,80,42,54,64,10,96,38,96,70,24,108,126,116,86,154,255,158,16,136,206,150,48,16,60,38,54,44,138,255,255,255,168,42,255,255,255,18,60,6,62,24,60,148,116,22,8,14,14,6,12,4,0,0,0,0,0,0,12,14,10,26,44,44,44,40,46,150,186,60,48,14,72,32,66,38,54,24,108,255,255,178,38,28,60,255,255,246,255,72,190,122,52,218,254,94,255,255,255,74,6,20,156,255,26,255,194,2,22,122,255,255,255,30,238,232,170,38,84,78,142,255,255,255,10,16,14,206,242,160,222,70,40,32,20,40,52,132,242,208,32,136,170,44,96,54,255,255,255,180,255,255,255,255,58,255,255,255,255,132,255,72,158,144,104,100,108,134,255,255,255,156,20,16,22,38,42,36,94,255,255,236,14,46,66,78,72,255,255,255,255,102,154,150,80,186,198,170,162,70,164,144,216
23,20,24,12,4,2,8,6,4,8,6,4,4,8,12,6,12,6,4,4,6,6,4,4,8,8,16,16,16,36,48,46,90,42,4,4,4,0,4,4,4,6,2,2,2,12,16,26,14,36,26,20,12,6,16,78,255,255,255,164,24,28,8,10,18,18,18,10,48,255,255,140,255,228,60,22,18,74,255,255,255,255,84,10,8,26,0,46,228,255,255,255,78,174,255,255,255,255,246,255,255,240,255,130,12,4,12,20,14,12,6,16,32,38,88,226,255,218,170,92,108,64,178,238,114,214,44,96,76,68,166,146,176,192,40,98,86,108,74,110,132,210,214,198,70,12,18,62,90,66,80,48,26,20,36,108,255,255,76,255,168,166,255,255,60,112,116,146,134,255,250,255,178,38,142,156,64,62,116,190,122,52,108,220,176,206,126,70,36,20,18,8,14,16,8,12,16,22,24,14,24,40,24,16,12,22,16,12,18,10,6,18,56,146,164,255,255,255,206,20,4,24,12,6,4,4,8,6,10,2,18,10,12,40,68,68,60,255,255,255,255,18,84,255,255,92,255,255,255,255,160,255,255,112,90,202,146,58,32,28,14,10,10,26,22,22,32,22,6,10,6,8,10,4,10,4,10,24,8,8,12,2,10,4,6,8,2,6,2,2,0,2,4,6,8,6,8,10,10,14,36,48,42,28,8,20,32,12,92,122,194,128,120,76,72,14,52,52,22,20,78,168,46,152,92,76,186,160,10,162,255,108,72,32,50,60,124,255,255,156,120,148,126,54,255,255,255,40,64,42,54,68,70,214,158,10,24,18,8,20,4,0,0,0,0,0,0,12,2,18,8,22,42,56,54,14,44,136,112,108,100,10,78,54,28,56,16,82,38,186,255,188,160,80,255,255,255,255,26,36,84,255,255,255,138,148,178,130,36,74,100,130,255,255,255,18,40,30,255,255,222,255,162,102,94,80,255,255,252,62,192,204,90,12,14,16,190,234,255,184,2,10,28,90,104,140,198,88,112,208,112,98,146,106,148,182,255,255,255,255,255,255,255,255,156,255,255,124,255,48,176,114,90,68,34,84,102,150,255,255,255,86,8,28,32,22,28,196,255,255,102,8,72,68,96,100,200,255,255,255,82,162,255,156,220,102,54,112,20,150,148,214
20,14,16,10,6,2,8,6,4,6,4,4,4,8,12,4,8,6,2,0,2,4,4,4,10,6,8,16,28,60,82,70,114,54,2,2,6,2,4,4,2,6,4,2,2,6,14,18,30,6,46,22,8,4,2,6,146,255,255,255,66,16,38,18,12,6,12,16,26,238,255,255,255,255,255,56,10,172,255,255,255,255,112,10,12,12,10,22,26,144,255,255,255,255,234,126,62,230,255,255,120,255,254,28,16,22,10,18,10,16,12,8,24,36,46,102,152,172,200,186,160,100,214,255,255,255,146,178,118,146,255,255,255,255,94,152,144,118,70,38,102,226,188,255,114,10,76,212,255,255,255,206,116,74,44,194,255,246,254,88,204,86,255,138,102,200,184,192,98,200,116,222,186,44,140,232,176,208,224,208,108,36,18,68,70,68,42,14,16,8,10,10,14,24,16,8,12,24,34,58,114,148,140,122,46,2,2,10,18,14,14,16,24,238,255,255,255,180,34,26,28,8,26,18,8,12,6,8,6,10,10,20,54,64,28,52,255,255,255,255,255,8,6,222,255,255,255,255,212,255,255,255,210,64,120,28,10,8,8,6,20,12,22,12,10,6,4,12,10,4,14,6,6,10,12,4,28,14,6,28,34,30,4,14,14,6,0,6,4,2,2,4,4,6,10,12,10,12,6,6,2,16,26,40,44,56,14,44,38,10,86,82,76,74,100,114,102,54,50,36,108,32,72,24,86,116,14,184,172,16,250,255,74,176,236,242,255,255,252,130,186,36,126,110,106,255,255,255,38,82,80,78,170,38,180,94,26,20,18,16,4,0,0,0,0,0,0,8,14,10,4,10,8,16,52,60,60,106,128,132,148,134,30,22,12,56,40,98,134,110,98,98,186,255,152,82,208,94,10,30,212,255,40,255,244,66,36,114,255,255,255,8,255,255,196,44,26,80,255,255,255,255,48,8,14,255,255,255,244,56,42,34,64,156,164,100,114,136,186,46,40,76,116,126,76,22,102,106,255,255,252,214,70,30,84,148,255,255,255,255,255,255,255,255,255,126,255,255,110,92,66,78,104,58,44,56,98,142,255,255,255,250,94,24,50,22,34,255,255,255,42,22,88,26,122,76,22,255,255,255,214,132,218,150,78,72,222,210,126,198,190,198
20,12,18,14,8,6,12,10,8,12,10,6,4,6,8,0,6,6,6,2,4,8,8,4,6,6,0,4,16,44,54,40,112,60,8,2,6,4,4,4,0,4,4,0,0,2,8,8,22,22,10,20,16,6,10,16,12,242,255,255,255,48,10,24,8,4,20,20,10,92,255,255,178,255,255,220,34,200,255,255,255,255,78,26,6,14,4,22,18,30,74,40,74,160,255,255,255,255,196,152,255,255,124,18,18,12,12,4,8,8,12,20,12,16,24,16,16,20,46,80,78,68,102,152,158,132,120,172,152,152,168,224,214,168,84,134,154,80,154,92,144,222,142,246,102,24,138,252,254,148,255,254,208,178,62,255,255,86,250,194,174,255,255,12,60,82,54,84,102,204,244,255,208,68,46,122,102,108,86,54,20,4,4,8,14,16,4,20,16,4,20,46,52,50,42,54,92,142,182,208,255,255,255,255,230,68,4,12,4,18,24,36,208,255,255,255,134,36,14,50,8,8,14,16,4,8,12,18,6,10,14,60,60,14,66,255,255,216,255,255,236,70,84,68,255,255,255,255,178,36,224,224,210,100,92,28,8,16,18,14,6,14,16,8,6,4,4,2,8,10,2,24,14,4,6,8,26,18,132,168,148,48,4,14,0,16,10,6,4,2,2,2,0,2,4,10,10,4,14,14,8,4,2,8,4,38,50,40,16,30,40,24,42,68,62,14,26,96,52,64,88,56,98,68,114,80,76,88,206,184,20,255,255,196,255,255,255,178,78,182,60,198,74,18,104,44,255,255,255,32,36,24,134,110,122,224,98,22,12,6,6,0,0,0,0,0,0,4,2,8,6,2,8,4,16,44,82,84,60,84,122,194,126,54,22,78,72,70,6,18,74,50,126,130,255,255,255,186,70,28,200,255,255,255,88,34,24,255,255,255,255,112,62,44,106,255,246,242,158,255,255,198,32,20,12,255,255,255,255,28,12,20,254,255,255,122,38,36,48,90,144,118,50,40,88,102,108,255,255,255,255,220,76,32,24,138,98,255,255,255,255,254,120,70,18,255,255,224,144,120,92,80,44,16,34,52,56,134,222,255,255,255,230,82,48,40,94,255,255,252,28,18,92,22,138,70,2,164,255,255,255,98,72,110,70,106,252,252,222,248,232,185
22,14,22,12,8,10,10,8,10,12,6,2,0,2,6,2,6,6,8,2,10,16,16,12,16,18,8,6,14,44,80,106,124,48,12,6,2,10,2,8,4,4,4,0,0,2,2,4,12,14,10,14,12,10,16,18,18,32,255,255,255,255,18,38,8,6,24,0,18,4,94,255,255,170,255,255,30,166,255,255,255,236,38,22,54,52,36,44,38,56,214,255,255,255,74,86,242,255,255,255,255,204,30,4,24,18,20,10,6,8,16,18,20,18,4,12,6,8,2,6,6,16,18,24,24,18,38,58,54,38,36,52,58,54,52,68,54,34,94,88,158,250,228,240,92,26,106,222,255,236,208,114,70,112,110,255,216,252,18,248,136,255,196,144,102,140,166,182,178,124,164,174,104,20,6,18,26,14,8,12,12,6,6,2,8,18,10,30,12,22,142,234,218,210,172,136,184,255,255,255,172,230,150,255,255,142,24,16,26,32,18,154,255,255,255,150,30,18,36,14,10,10,4,12,12,20,18,12,12,22,70,76,16,64,196,255,255,255,255,255,255,255,48,86,128,255,255,255,255,58,34,62,42,14,6,16,20,14,8,6,4,10,4,6,16,40,56,50,20,6,24,18,22,12,12,18,2,64,255,130,198,36,16,18,10,14,2,2,2,4,24,70,72,48,12,16,12,16,6,6,2,4,8,6,2,16,20,46,68,60,24,52,70,12,92,42,42,104,54,130,120,68,86,70,42,96,8,58,38,164,134,42,255,255,255,136,80,154,148,80,255,78,158,98,86,70,180,255,255,248,22,14,60,172,76,194,156,46,20,4,6,2,2,4,6,6,2,2,6,8,2,6,8,4,2,4,30,46,36,52,82,146,146,154,116,22,122,92,22,68,124,52,124,124,116,104,255,255,255,208,94,146,224,156,34,10,20,255,255,255,255,60,8,28,255,255,255,254,108,180,118,6,114,166,90,255,255,255,146,18,18,36,238,134,255,96,48,48,32,14,50,62,106,56,62,240,255,196,255,255,255,255,255,154,34,182,255,244,255,255,255,148,66,252,255,255,255,255,255,136,104,68,58,60,54,34,26,76,168,232,255,255,255,194,32,46,186,255,255,136,44,46,110,30,136,70,20,60,255,255,255,244,102,158,90,44,255,255,192,198,178,167
22,8,24,22,10,6,4,12,12,10,6,2,0,2,6,6,10,18,14,22,34,34,32,28,30,40,40,26,26,10,70,100,70,26,10,4,4,8,6,4,4,4,4,0,0,2,4,4,6,12,10,2,8,16,16,8,12,12,50,255,255,255,255,16,10,10,22,12,16,28,134,255,255,110,255,255,26,136,150,168,142,44,94,192,220,222,190,216,196,130,255,255,255,255,255,132,16,112,178,166,128,46,16,10,10,4,10,16,8,22,14,10,8,10,10,2,4,24,16,8,12,12,14,16,12,6,2,4,8,10,12,4,2,6,6,14,12,14,32,34,66,108,118,96,38,38,100,150,210,250,216,194,178,126,230,255,76,222,232,124,255,255,90,106,88,96,100,118,100,38,14,4,14,8,2,8,12,20,8,6,18,12,10,38,34,48,28,26,0,64,255,255,255,255,255,228,150,240,140,142,206,255,255,255,255,126,32,24,42,42,180,255,255,255,166,10,30,10,36,14,8,10,8,4,2,8,22,6,10,84,92,26,24,70,174,255,255,255,255,255,255,255,42,108,224,216,255,255,230,106,78,16,24,20,30,30,6,8,8,6,4,10,8,4,14,84,50,92,18,18,12,16,42,74,50,12,4,110,192,172,234,30,6,8,10,8,16,22,20,12,118,170,150,84,8,12,0,16,14,8,10,14,10,0,4,8,10,2,24,58,82,46,30,62,10,48,80,154,144,32,74,52,80,32,50,6,112,54,66,42,146,138,36,255,255,255,96,54,172,255,190,164,204,222,254,250,188,255,255,255,156,18,24,168,204,158,110,106,58,14,10,4,2,16,8,0,8,6,6,4,4,2,0,2,2,0,8,30,48,58,70,108,128,98,136,208,174,72,64,172,198,124,38,80,164,152,122,104,172,194,255,255,176,108,122,30,18,224,255,255,178,28,40,52,255,255,255,255,26,10,52,104,176,192,154,146,170,184,50,28,20,30,218,216,226,42,12,168,255,255,255,255,126,216,255,255,222,168,255,255,255,255,255,255,255,255,255,255,116,255,255,80,255,255,255,255,172,255,255,255,186,96,36,48,20,12,16,46,96,140,200,255,255,255,104,58,255,255,255,126,4,46,100,68,152,62,26,16,216,255,255,255,104,66,74,80,250,234,120,78,102,158
23,0,18,26,18,6,10,18,20,24,28,28,28,28,26,30,30,36,36,48,48,40,32,26,22,28,42,56,60,16,44,36,26,12,10,10,12,12,12,8,4,4,4,0,0,0,0,0,2,6,8,6,6,18,24,4,10,6,20,108,255,255,255,198,22,26,40,84,148,255,255,255,226,255,255,240,32,78,100,110,250,255,255,255,255,255,255,255,255,250,255,255,198,255,255,182,32,2,6,6,12,14,14,8,10,12,8,10,22,18,0,6,4,4,6,2,12,22,6,14,6,6,4,4,6,6,6,10,6,0,2,4,8,10,10,12,2,4,4,12,18,16,22,14,8,16,28,16,40,62,76,94,90,102,255,230,255,124,212,140,255,236,18,24,22,30,30,40,8,10,16,20,12,8,12,22,26,56,80,102,112,106,192,255,246,212,102,12,18,82,246,255,230,255,208,98,44,204,255,255,255,248,255,255,236,74,38,2,22,82,255,255,255,172,24,40,8,42,28,6,10,6,10,14,16,12,8,12,92,158,60,40,108,130,34,255,255,208,255,136,255,255,255,255,255,224,120,112,174,66,12,24,46,44,14,8,10,10,26,60,56,16,12,4,8,66,56,90,12,12,8,154,240,184,100,16,8,112,196,226,120,10,6,14,8,10,14,6,12,16,142,84,130,98,6,2,10,4,16,4,8,12,6,6,2,6,4,8,4,22,46,62,76,28,68,60,16,110,176,110,76,54,50,56,70,64,72,6,66,90,26,154,152,68,255,255,255,88,130,128,60,146,216,242,154,66,68,120,255,255,255,64,22,46,88,88,56,158,176,66,14,14,12,8,12,8,6,10,6,0,0,0,0,0,0,4,2,6,20,40,56,86,112,48,6,94,188,142,94,86,88,118,46,76,136,28,2,28,60,60,74,240,182,252,255,252,255,255,255,255,255,138,22,34,255,255,255,150,4,14,10,152,220,224,160,42,40,30,22,40,114,116,62,64,66,42,255,255,255,255,255,255,255,255,188,114,174,98,134,255,255,255,255,255,255,255,255,255,255,86,242,255,255,255,138,190,200,255,255,255,255,150,36,40,26,26,30,42,74,130,148,242,255,255,172,68,255,255,255,98,34,72,112,102,178,44,24,32,82,255,255,255,114,92,120,194,255,255,146,30,168,130
22,8,18,18,12,12,20,34,48,52,50,44,40,40,42,40,28,22,24,26,20,8,6,10,6,10,8,34,70,22,82,148,182,108,24,14,16,10,16,12,4,4,6,2,0,0,0,2,2,6,10,10,0,14,22,20,8,6,16,10,152,255,255,255,168,202,255,255,255,255,216,40,255,255,218,202,255,190,176,255,255,255,255,255,152,198,114,66,98,70,208,255,255,255,255,172,32,6,4,2,8,8,6,8,8,16,16,26,18,18,6,10,8,12,16,12,18,8,14,6,14,12,10,6,2,6,10,8,6,4,4,4,6,8,10,8,8,10,10,4,4,10,8,2,10,26,22,10,18,12,4,2,78,255,255,32,244,136,146,255,255,108,20,16,12,10,6,12,16,2,20,34,48,112,136,118,118,194,255,255,255,255,255,255,255,255,212,44,20,56,255,255,255,255,255,242,214,206,198,202,138,64,84,72,22,14,34,20,146,255,255,255,146,12,30,10,38,22,4,6,8,12,20,10,24,0,14,62,160,20,52,255,255,255,255,104,255,255,255,255,255,255,255,255,255,140,92,156,40,16,14,34,44,10,6,6,8,14,72,100,120,50,12,20,20,32,34,26,10,16,26,255,184,230,90,8,20,48,60,74,16,8,24,24,150,132,116,18,12,14,138,128,182,58,14,6,8,10,16,18,12,8,12,8,4,6,4,6,8,4,10,22,58,98,62,22,78,46,68,122,78,84,102,86,90,150,34,28,98,36,128,30,124,98,126,255,255,255,150,138,128,78,14,130,196,212,224,182,116,255,255,255,14,34,24,78,120,62,158,132,106,48,14,12,8,10,14,6,6,0,0,0,0,0,0,4,6,8,6,10,22,54,92,118,68,26,64,138,248,238,138,72,66,60,48,64,36,32,68,68,98,132,44,50,98,255,255,255,255,255,255,255,255,255,255,255,255,255,255,92,6,74,130,34,148,58,34,42,255,255,255,255,255,255,255,238,255,255,200,255,255,146,255,255,42,186,72,52,138,140,255,255,255,214,160,255,255,255,66,255,255,255,186,254,154,255,202,178,255,255,255,184,68,48,46,30,42,60,64,102,114,158,255,255,214,164,255,255,174,46,58,66,60,142,196,22,8,18,24,255,255,255,182,72,42,124,255,255,68,104,140,113
21,6,14,20,20,18,22,42,46,30,18,6,2,2,4,4,10,8,10,16,22,34,44,38,36,36,42,2,58,74,204,255,255,255,124,10,12,10,2,4,4,2,6,6,4,2,0,2,2,6,10,12,6,4,12,26,14,10,12,26,6,226,255,255,255,255,255,255,118,58,176,255,176,66,255,255,255,255,255,255,255,170,174,170,214,204,228,255,242,208,220,255,255,250,148,100,30,8,4,8,6,6,14,12,16,8,48,130,116,120,50,12,6,24,10,6,10,16,10,8,10,2,6,8,8,4,0,2,6,8,6,4,4,4,4,4,10,16,12,14,10,4,10,8,4,16,18,14,4,10,14,18,196,255,148,255,168,220,52,255,248,20,6,8,12,18,16,30,40,82,144,112,148,255,252,250,166,255,255,255,206,160,170,116,224,255,186,50,32,6,138,255,255,255,255,174,150,106,50,30,6,12,14,22,116,116,128,116,255,255,255,255,10,14,30,26,42,4,14,12,26,70,48,20,14,12,50,136,28,36,255,255,255,200,255,255,120,255,255,255,255,255,240,255,255,246,144,42,18,42,30,14,10,14,6,12,10,4,76,86,88,70,8,16,10,84,100,100,2,16,46,255,126,255,62,30,10,14,6,20,14,12,24,124,255,194,198,14,10,8,62,58,70,14,8,8,8,38,22,40,6,10,2,2,6,2,2,2,6,10,10,6,16,22,66,82,36,68,50,58,106,102,84,66,12,100,58,44,120,54,32,78,64,100,84,174,255,255,244,114,84,222,255,255,216,162,132,92,106,12,255,255,255,26,30,50,148,126,30,100,212,112,6,16,16,6,14,4,2,0,0,0,0,0,0,2,4,4,14,10,4,14,42,86,116,118,106,64,84,160,134,50,60,46,22,110,60,62,26,34,30,70,36,140,228,255,255,255,255,255,176,255,255,255,255,255,255,255,255,255,255,106,255,255,255,255,184,164,255,255,255,192,140,255,255,255,255,255,255,255,255,255,255,255,255,158,94,46,48,116,80,255,255,255,255,255,246,255,255,255,255,108,255,255,255,255,132,58,255,255,255,240,124,74,58,38,22,26,18,32,56,126,255,255,228,255,255,255,106,32,48,64,68,196,160,6,8,14,18,150,255,255,255,124,104,104,152,255,172,212,254,121
24,20,22,22,22,22,40,56,40,8,8,22,30,28,34,28,32,28,30,32,34,38,36,26,26,22,40,44,2,98,238,255,176,255,255,24,8,24,18,10,10,0,2,4,6,6,2,2,4,0,8,12,8,2,2,12,22,2,18,6,10,24,252,255,255,255,42,242,255,184,94,146,170,255,255,255,156,255,154,246,255,255,255,255,255,255,255,90,66,98,98,76,86,34,6,22,10,8,4,8,8,10,12,12,6,18,164,255,216,230,116,74,56,30,40,36,18,14,16,14,10,2,4,4,4,6,6,10,12,10,8,2,0,0,0,4,10,10,8,12,12,6,12,8,10,14,4,8,8,6,6,50,255,255,120,255,128,194,255,255,98,28,28,40,56,108,184,224,214,248,254,206,62,160,66,166,20,182,126,98,174,248,255,255,255,255,190,46,28,30,28,74,78,86,62,32,26,18,20,18,10,12,14,50,156,144,186,255,255,255,255,32,14,56,20,32,14,14,22,56,206,146,132,38,6,34,114,58,88,255,255,178,255,255,255,210,114,118,255,255,255,255,255,255,220,128,12,32,38,30,12,16,4,16,16,8,4,10,48,90,60,54,24,16,110,255,208,194,12,6,44,250,192,218,10,22,12,12,14,12,18,8,22,196,162,234,198,16,6,8,10,20,14,18,6,6,112,116,90,30,10,4,6,6,2,2,2,6,8,2,4,4,6,10,14,70,116,30,90,74,6,36,68,104,18,70,150,50,80,28,60,58,20,50,154,46,255,255,255,242,255,255,228,124,60,12,46,54,42,76,80,255,255,108,32,36,68,86,136,78,128,154,58,20,12,6,6,4,6,0,0,0,0,0,0,2,4,6,6,4,8,4,8,12,22,54,104,130,96,88,148,190,206,84,24,94,20,140,130,156,48,8,136,164,255,255,255,255,255,255,255,255,255,255,255,255,255,255,255,255,255,152,255,255,255,255,255,112,255,255,255,255,255,255,170,255,255,255,255,255,114,255,255,204,255,194,34,82,84,56,186,124,255,255,224,255,255,255,255,154,74,154,252,86,255,255,116,38,150,255,255,255,164,84,62,56,34,30,38,42,54,255,255,255,14,255,255,150,80,16,46,60,8,170,90,4,12,14,18,70,255,255,255,170,66,40,88,214,214,255,255,144
26,16,16,16,20,34,48,54,32,18,20,20,16,6,8,2,10,14,18,20,18,12,6,6,24,10,14,54,62,26,222,255,234,255,255,74,14,34,20,20,10,0,0,0,2,6,4,2,4,6,4,12,12,8,4,4,20,24,10,14,6,20,18,218,255,255,255,255,150,20,90,108,216,214,114,255,255,255,255,182,255,255,232,116,160,162,172,244,208,255,255,230,68,6,4,20,18,6,4,4,2,6,4,10,4,50,224,232,128,180,98,130,112,108,160,170,112,44,30,22,16,8,2,4,4,6,10,14,10,8,10,6,4,6,8,10,10,4,4,8,8,8,12,6,8,8,6,6,6,10,34,194,255,255,244,170,255,94,255,160,90,108,130,156,172,255,255,255,255,224,116,168,112,176,224,246,130,255,255,255,255,255,255,206,176,110,66,26,14,12,10,20,14,6,22,26,14,28,24,4,6,14,4,42,164,138,255,255,255,255,32,12,62,14,54,20,10,10,62,255,255,255,180,32,30,136,102,70,14,255,255,255,255,160,255,255,255,255,36,255,255,255,255,208,60,40,20,46,50,14,20,28,36,48,36,10,16,6,16,22,20,18,18,12,255,255,238,198,8,10,12,98,66,52,32,12,12,116,134,118,20,14,20,182,142,255,90,6,8,6,2,10,14,10,28,40,210,82,148,36,12,4,2,4,4,4,6,2,6,8,6,6,2,6,10,10,74,114,64,66,124,32,62,128,88,80,116,48,78,118,136,148,106,28,86,112,46,255,255,255,142,64,42,22,54,34,58,56,66,18,106,255,255,255,64,28,28,26,112,154,8,184,224,72,8,10,8,14,6,0,0,0,0,0,0,4,6,4,4,6,6,0,6,6,2,2,26,68,112,106,84,132,212,188,100,132,140,132,64,194,86,86,118,138,255,255,255,255,255,255,255,255,255,255,174,255,255,255,255,255,255,126,255,255,255,255,255,255,255,255,255,255,92,255,255,255,134,255,252,255,255,255,255,198,255,255,96,92,184,64,56,64,196,255,255,255,255,255,60,114,72,136,198,120,255,255,122,44,66,244,255,255,206,92,56,44,28,24,42,18,138,255,255,255,255,255,255,70,62,32,60,76,54,178,72,14,20,26,26,28,246,255,255,166,100,124,98,164,168,134,190,168
27,16,20,12,20,40,52,52,34,12,8,22,28,24,30,28,36,38,30,16,6,8,10,12,20,8,18,10,46,64,58,255,255,255,255,64,6,22,20,12,8,0,0,0,0,4,4,4,2,8,2,8,10,8,4,8,10,16,10,10,6,24,32,8,234,255,255,255,166,136,148,174,106,180,255,255,255,200,110,116,204,86,116,140,250,126,168,255,112,194,228,255,106,18,12,20,22,8,4,4,4,0,4,10,10,50,204,244,212,130,60,120,122,255,255,255,255,216,120,58,64,60,46,26,6,6,4,2,2,4,6,4,6,12,16,14,8,2,4,8,8,14,14,12,4,2,10,8,2,30,128,255,255,72,255,162,255,206,252,148,255,248,255,255,206,210,226,46,188,200,152,152,152,96,154,166,116,150,168,170,162,160,90,20,14,6,8,6,16,2,2,16,6,20,12,14,10,20,14,18,0,20,14,30,112,255,255,255,255,4,10,70,44,56,34,10,8,54,255,255,192,255,206,18,118,174,62,126,96,255,92,255,255,255,255,156,142,255,255,212,80,214,246,64,58,14,74,30,20,10,18,16,36,24,48,6,10,10,154,146,128,26,30,6,255,182,255,152,4,10,8,30,34,8,4,22,88,255,156,192,12,18,10,126,114,136,24,8,6,32,120,124,82,12,24,46,162,122,178,18,6,12,6,2,6,4,8,14,10,6,6,4,0,8,8,20,8,42,118,120,78,160,18,74,60,102,162,46,110,136,68,86,60,102,14,120,162,136,255,255,56,24,12,34,32,44,76,20,40,8,66,28,255,255,184,46,20,18,36,84,76,66,232,246,60,8,10,4,4,0,0,0,0,0,0,4,8,4,4,8,8,8,4,6,6,6,6,10,14,54,52,40,104,184,134,156,255,252,248,178,42,16,84,120,255,255,170,255,255,255,255,255,255,255,255,255,255,255,255,255,255,255,255,110,255,255,255,255,255,255,255,255,255,255,255,255,255,255,255,255,255,255,255,255,255,166,58,130,206,114,88,255,255,255,255,255,86,80,110,64,74,138,150,108,255,255,80,42,52,168,255,255,255,122,92,70,30,44,42,68,255,255,255,64,255,255,178,88,28,8,56,52,132,186,48,8,18,28,26,20,88,255,255,255,116,82,36,54,112,114,30,196
26,24,26,22,22,36,54,64,60,50,38,26,16,12,8,12,24,38,36,24,10,8,8,2,12,18,18,12,50,88,144,188,122,124,192,54,12,2,8,6,8,0,0,0,0,4,6,8,4,6,4,4,6,6,2,12,12,12,16,16,14,8,10,16,36,255,255,255,255,254,102,196,116,200,176,20,140,168,255,255,255,230,140,192,255,255,152,238,232,160,255,255,98,6,10,10,12,16,8,6,2,8,10,10,18,46,154,206,188,122,136,108,16,214,180,142,255,236,166,232,240,220,166,112,78,52,56,50,28,12,8,12,8,8,6,4,8,4,2,4,4,10,4,10,6,6,8,18,14,100,255,255,255,255,255,255,28,255,136,255,168,160,156,154,162,146,255,255,255,255,232,186,198,134,60,52,50,32,32,34,28,20,12,24,2,12,10,10,16,2,10,18,12,16,10,4,26,20,20,10,22,18,28,10,202,255,255,255,104,8,44,58,38,68,6,8,18,212,255,255,226,255,152,86,238,40,162,84,62,255,255,255,255,255,255,255,255,164,255,255,158,230,46,48,26,78,56,8,6,20,12,16,60,34,40,12,6,114,255,224,254,34,4,4,255,176,255,52,12,6,12,92,68,38,12,20,158,214,174,206,2,8,10,22,52,56,20,4,8,150,238,182,120,12,14,54,132,130,80,18,10,10,12,32,36,10,8,10,6,4,6,4,8,12,18,12,8,8,34,170,148,90,178,40,34,156,255,88,82,62,134,146,46,116,64,76,216,114,255,255,255,50,24,22,22,16,80,42,34,38,48,46,226,255,255,28,38,20,38,88,128,210,44,216,160,42,4,2,6,6,4,4,2,2,2,2,4,6,6,6,4,4,4,6,4,12,10,8,22,10,14,8,38,94,106,134,236,254,186,132,144,68,82,76,56,255,255,255,255,255,30,255,255,255,255,255,255,255,255,255,255,255,255,255,232,255,255,255,255,255,38,255,255,255,255,255,255,182,255,255,255,255,255,255,255,168,98,54,214,255,255,255,255,255,64,12,50,108,106,52,36,126,158,150,255,255,52,40,34,126,255,255,255,154,130,110,56,60,62,222,255,255,190,255,255,255,176,132,18,48,124,44,198,140,8,20,6,28,40,16,34,255,255,255,182,96,104,102,158,130,66,187
30,28,22,24,26,30,22,26,26,26,28,22,24,28,24,18,6,26,26,16,6,4,4,4,6,10,8,28,76,114,198,255,255,255,255,255,48,12,6,2,6,0,0,0,0,2,4,8,6,2,4,4,2,6,6,10,6,8,10,12,18,8,6,6,4,58,255,255,255,255,176,255,255,255,64,234,182,154,255,178,255,255,26,230,66,178,96,152,255,255,255,216,50,2,8,18,16,16,8,4,2,8,4,4,18,10,36,72,68,104,154,132,116,255,255,255,255,160,120,232,218,255,255,202,180,255,255,255,176,104,62,44,26,14,10,12,10,4,6,12,10,16,8,10,12,16,4,14,30,180,255,255,255,255,255,255,255,255,104,244,78,244,240,255,255,255,198,210,194,134,76,72,58,38,92,100,52,14,4,4,10,8,6,8,4,6,6,4,10,8,10,2,12,16,14,22,24,6,10,16,26,4,48,80,255,255,255,90,6,12,32,30,64,32,12,8,94,255,255,58,255,255,24,255,142,190,108,26,40,255,255,255,255,255,255,88,255,88,255,255,218,24,54,52,78,36,12,10,12,18,26,4,22,22,28,30,28,232,255,202,255,10,10,4,144,126,120,48,20,14,162,255,222,94,12,20,160,206,222,134,12,8,10,10,16,24,28,18,32,252,120,220,130,4,10,6,32,14,16,14,12,30,150,124,138,6,14,22,6,10,2,10,2,6,8,8,12,12,12,54,178,168,100,210,40,174,134,182,130,112,98,62,122,198,32,150,64,190,20,255,255,142,72,38,34,52,44,28,86,166,116,78,116,255,255,255,10,18,46,58,70,140,192,72,170,158,16,8,4,6,10,8,8,10,6,6,6,6,6,4,4,4,2,4,4,6,8,12,2,10,6,6,8,8,28,50,78,104,116,132,204,154,70,34,100,255,255,255,255,255,255,255,222,255,178,255,254,255,255,255,255,255,255,255,255,255,255,255,255,255,255,255,255,255,255,255,255,242,68,255,255,255,255,255,255,16,255,255,255,255,255,255,222,76,76,34,60,84,88,44,20,110,126,136,255,228,52,26,26,90,242,255,255,234,146,134,76,74,188,255,255,164,196,255,255,255,208,62,64,92,146,104,240,82,14,4,2,12,44,20,6,255,255,255,255,104,84,64,38,134,102,173
31,80,86,76,64,60,58,60,52,38,30,22,24,26,18,10,18,38,32,18,6,4,4,6,8,22,18,30,74,110,184,255,255,255,255,255,180,4,8,6,10,0,0,0,0,0,0,4,4,0,0,0,0,2,6,6,4,6,0,12,16,12,4,4,16,20,30,255,255,255,255,255,255,255,92,255,102,118,255,255,255,255,118,202,255,255,255,158,164,144,152,52,18,20,14,16,12,12,4,0,4,8,8,12,26,30,32,40,36,12,38,40,66,120,186,226,196,152,242,255,174,94,104,122,194,255,255,255,255,222,220,140,96,126,88,22,18,14,16,12,6,8,2,10,12,6,16,10,60,250,255,255,255,86,255,255,255,246,146,252,224,255,198,255,255,174,66,46,24,38,112,116,126,208,172,208,114,22,12,2,4,6,4,6,10,4,2,6,10,12,10,16,22,12,10,12,4,6,16,6,10,18,100,255,255,255,168,12,12,42,24,32,34,4,2,6,184,255,152,255,255,190,160,236,138,182,70,78,74,36,255,255,255,216,255,255,255,255,255,232,68,78,62,64,28,4,38,44,58,18,10,148,218,184,46,18,18,222,255,255,238,10,6,4,40,90,56,26,4,38,255,158,240,104,18,14,92,160,124,84,14,16,28,172,150,136,30,16,50,224,26,254,52,8,4,12,8,10,2,18,14,74,194,78,142,14,8,6,4,14,6,12,8,0,0,0,0,0,0,0,48,186,168,118,188,124,182,78,70,96,76,162,58,120,104,212,214,255,198,176,255,255,38,72,32,36,44,52,152,126,56,72,102,226,255,255,114,14,12,30,34,44,40,110,62,246,70,10,14,4,12,8,8,4,4,2,4,4,4,0,0,0,0,0,0,4,4,2,6,4,2,2,2,8,4,4,10,30,44,34,80,150,140,136,126,54,255,255,255,255,255,255,160,255,255,255,242,255,255,255,255,255,255,255,255,255,255,255,255,216,255,255,255,255,255,255,255,96,118,100,48,106,200,254,252,255,255,255,255,158,170,180,76,62,60,28,74,104,104,62,38,134,156,168,255,224,44,2,10,44,130,255,255,255,184,122,74,212,255,255,96,138,246,255,255,172,104,50,50,112,86,200,236,42,10,10,10,8,36,32,18,116,255,255,255,62,78,86,106,142,224,182
20,116,98,70,52,50,54,46,24,20,14,14,18,14,2,14,30,36,28,12,2,4,4,6,10,14,20,36,68,110,174,234,255,255,255,255,255,22,6,16,10,0,0,0,0,0,0,4,4,0,0,0,0,0,2,6,6,6,4,8,14,14,8,4,8,18,22,86,255,255,255,108,255,255,140,255,255,255,210,255,255,255,200,116,160,170,122,36,8,18,12,24,24,34,14,32,12,12,4,2,4,6,14,24,54,80,148,138,140,58,52,52,28,16,12,18,32,82,170,236,255,255,154,130,202,255,118,216,70,162,255,188,168,190,206,68,4,14,10,12,10,16,10,16,2,6,12,18,104,255,255,255,255,255,255,255,255,158,116,196,216,188,78,68,46,30,24,18,18,122,254,234,224,134,44,144,124,36,28,12,2,4,6,6,8,4,8,12,14,16,14,20,6,6,14,6,12,12,18,6,20,74,255,255,255,255,6,32,54,56,30,40,12,8,10,26,248,220,216,255,255,38,255,8,250,10,132,100,102,128,132,60,255,255,255,64,255,255,255,136,136,76,112,8,8,22,56,30,52,30,66,255,228,255,80,28,18,210,255,255,184,6,12,18,94,74,40,24,32,70,248,128,255,38,8,4,30,96,86,62,12,14,160,255,214,180,10,20,44,246,58,200,26,10,6,18,68,64,18,10,22,94,130,180,138,8,12,6,10,20,2,16,8,0,0,0,0,0,0,4,10,50,202,168,160,168,32,160,124,140,54,106,104,174,144,255,255,255,255,255,255,255,255,100,60,24,42,78,134,40,14,4,28,74,255,255,255,18,10,44,6,88,112,46,88,174,242,92,6,16,12,10,8,8,14,10,6,4,4,0,0,0,0,2,4,4,4,6,6,2,0,0,2,4,2,8,4,18,32,24,22,46,64,64,62,46,18,28,170,250,220,180,156,255,255,255,208,136,255,255,255,255,255,255,194,242,162,255,255,255,255,255,255,255,255,255,236,182,92,72,255,255,255,255,208,190,226,240,130,100,164,106,20,48,58,22,48,104,108,48,62,112,192,240,252,166,86,6,16,20,72,174,255,255,255,108,182,255,152,68,106,40,255,255,144,44,14,52,54,188,126,255,188,18,20,18,4,16,20,50,16,22,255,255,255,156,134,116,100,66,136,203
6,32,8,24,32,30,44,42,56,48,40,34,30,30,40,40,32,26,18,4,4,6,4,2,8,14,22,34,52,98,176,248,255,252,255,255,255,46,2,12,6,0,0,0,0,0,0,4,6,2,0,0,0,0,0,2,6,8,6,0,8,14,12,2,10,20,10,10,60,255,255,255,255,255,80,130,188,196,126,136,154,138,86,36,8,14,4,16,6,2,8,24,20,34,18,26,6,14,8,6,4,6,18,64,122,180,242,182,226,218,224,188,102,102,90,56,16,20,20,42,92,158,170,160,222,255,255,255,194,128,198,100,80,58,170,76,4,14,34,92,110,104,64,32,22,10,6,28,208,255,184,255,255,255,255,255,255,112,38,60,64,8,36,62,106,112,130,82,30,108,208,134,162,102,114,164,94,26,22,10,6,6,4,6,8,10,12,12,10,10,12,4,16,4,26,10,16,18,10,12,12,255,255,255,255,30,2,2,34,22,58,40,4,6,6,78,190,182,255,238,2,255,172,214,124,106,52,98,24,184,144,94,255,255,255,255,255,255,94,200,54,170,56,8,4,60,86,12,62,36,162,255,96,255,46,24,14,78,228,182,130,18,12,156,255,255,166,30,24,96,255,140,210,10,6,4,18,24,14,34,10,4,255,188,255,192,4,16,8,182,138,158,34,6,6,202,248,244,70,26,16,88,98,142,42,6,16,12,30,22,4,6,2,0,0,0,0,0,0,4,10,2,60,252,134,206,114,176,122,116,34,64,42,76,255,255,104,60,255,255,64,255,255,98,138,140,146,156,142,54,32,24,6,108,94,255,255,146,14,24,32,114,128,44,68,70,232,194,20,14,10,10,2,8,14,8,6,4,4,0,0,0,0,4,6,4,4,4,2,0,0,0,2,6,4,6,4,4,12,20,12,6,4,4,2,28,42,34,20,66,134,114,80,48,128,158,156,112,84,188,172,164,255,255,255,255,126,114,152,150,30,20,36,18,28,32,26,54,126,232,255,255,240,90,96,84,216,232,162,150,88,70,26,36,78,40,4,90,140,88,86,62,74,118,52,164,182,34,18,14,48,72,228,255,255,116,255,228,120,50,255,122,255,255,108,50,30,78,102,206,120,255,255,18,30,14,10,8,16,44,42,44,255,255,255,136,60,24,56,86,134,205
5,82,94,86,76,72,78,70,72,62,60,50,40,36,44,30,22,14,8,2,8,6,2,6,6,8,14,32,54,110,202,242,255,255,126,255,255,164,18,6,6,0,0,0,0,0,0,2,6,6,4,2,0,0,0,0,4,8,8,4,2,10,12,8,6,14,14,6,6,16,252,255,255,255,82,44,32,52,30,16,20,34,28,32,24,28,18,12,6,10,10,8,8,16,22,16,10,16,12,8,6,6,16,70,130,142,110,54,98,255,255,255,244,190,184,142,104,74,46,44,30,4,48,58,62,124,170,178,255,246,255,146,168,188,204,54,2,40,194,255,255,255,204,98,54,46,36,76,255,255,134,255,240,255,255,255,148,6,68,76,72,94,178,212,244,228,255,208,60,98,255,255,228,212,116,96,68,34,30,14,4,6,8,8,8,10,8,8,10,12,14,8,4,22,14,6,2,20,30,26,162,255,255,255,60,18,6,6,26,34,60,14,6,14,8,80,164,166,168,38,214,255,146,200,104,138,42,94,88,112,96,148,66,255,220,140,190,54,132,52,116,108,60,60,188,255,242,100,26,16,162,255,204,255,6,12,10,6,50,54,52,6,22,255,255,248,192,16,20,28,188,116,156,6,8,12,178,214,206,60,18,22,255,114,255,86,10,4,4,56,70,64,20,20,74,255,120,238,70,18,8,44,64,66,12,8,10,62,106,100,50,8,2,0,0,0,0,0,0,8,14,8,8,96,255,66,236,24,154,104,104,255,255,255,255,112,255,255,255,255,255,255,255,255,62,98,126,124,104,54,54,76,106,94,134,255,255,255,6,28,28,60,64,132,140,10,148,152,84,10,18,6,2,16,12,16,4,4,4,0,0,0,0,4,4,4,4,0,0,0,0,2,2,4,2,2,6,4,6,2,6,8,6,10,12,10,10,14,10,4,10,20,30,36,50,52,48,26,30,66,92,36,62,140,146,92,60,42,46,44,26,8,24,10,42,46,82,74,78,142,166,200,160,148,166,28,204,255,255,122,40,44,36,10,82,78,24,58,134,110,48,16,54,88,46,92,174,78,8,18,62,58,144,255,255,90,196,102,134,190,255,202,255,255,114,50,40,66,38,198,150,255,255,30,18,20,24,16,4,20,34,38,232,255,255,255,154,124,144,118,114,187
13,102,76,50,44,38,38,28,18,22,26,22,16,8,10,6,12,8,4,4,6,4,4,10,10,12,12,24,62,106,186,232,255,255,136,255,255,255,2,16,6,0,0,0,0,0,0,0,2,4,6,4,0,0,0,0,2,6,10,8,2,6,10,14,12,14,14,8,18,4,16,255,255,255,255,116,8,24,24,26,30,26,14,4,6,4,20,10,2,4,16,14,4,8,8,4,4,12,10,10,12,2,12,66,150,162,174,166,192,248,96,110,180,156,104,182,242,255,124,116,130,130,76,20,22,14,16,62,134,144,142,88,108,114,76,8,14,88,252,255,170,255,255,255,214,120,66,220,255,255,255,122,255,144,255,255,176,192,244,200,186,86,188,140,58,34,108,150,68,6,118,222,118,78,94,18,30,28,20,4,4,8,10,8,8,12,4,6,10,16,18,4,10,14,10,12,8,10,52,176,255,255,255,142,26,22,18,32,16,34,18,16,4,14,8,64,84,70,42,88,255,58,255,52,112,42,98,54,96,128,60,104,86,204,130,232,190,84,30,88,58,54,20,28,255,255,255,128,12,4,118,255,172,220,16,6,6,110,114,118,10,16,0,255,158,255,152,4,12,10,68,84,66,22,18,112,255,166,248,56,10,14,255,168,255,50,14,16,48,148,124,66,12,24,114,246,162,255,34,10,6,8,6,6,24,8,10,108,112,116,70,4,2,0,0,0,0,0,0,8,14,8,18,8,140,255,82,255,44,94,255,255,255,255,255,74,255,222,255,255,255,14,255,255,176,92,44,46,44,60,128,206,210,224,212,255,255,255,158,6,46,62,68,168,90,154,84,160,184,52,18,6,8,22,8,14,2,4,4,0,0,0,0,4,4,4,4,0,0,0,0,2,0,2,0,0,2,2,4,2,4,6,14,8,18,12,20,6,10,2,16,8,8,6,6,10,14,24,34,30,18,36,16,14,16,12,2,12,8,18,12,18,20,40,42,46,60,58,60,160,224,222,154,138,208,50,156,255,255,160,34,32,32,6,50,110,56,34,92,86,54,36,30,64,48,104,124,96,16,26,42,110,255,255,198,22,88,88,86,244,255,162,255,255,62,34,28,68,98,178,44,255,228,14,16,12,10,32,14,12,32,36,84,255,255,255,112,54,26,28,58,189
20,60,14,18,16,12,16,14,14,22,20,10,12,10,6,10,2,4,2,6,8,4,8,4,8,18,22,38,74,102,178,234,255,255,186,255,255,255,70,4,4,0,0,0,0,0,0,0,0,0,4,6,2,0,0,0,0,2,10,14,8,2,8,18,12,14,8,12,10,14,6,36,255,255,255,255,182,4,24,14,30,32,14,22,22,10,10,8,6,4,6,20,6,12,6,4,2,8,8,8,14,4,12,32,104,136,138,146,202,255,255,255,178,216,56,192,90,255,112,255,255,255,174,132,118,112,56,28,10,20,12,30,60,44,26,10,16,62,214,255,255,204,24,144,212,120,36,255,255,80,255,236,255,212,255,192,255,255,182,152,196,74,186,206,200,190,222,192,28,126,158,142,190,130,222,114,24,10,12,8,10,8,2,4,14,18,8,10,2,8,14,10,34,54,78,136,116,96,106,255,255,255,255,22,16,8,30,26,30,44,2,6,14,4,14,10,10,16,14,252,255,156,204,30,144,52,134,78,90,96,42,46,54,86,190,255,58,70,124,84,74,96,76,70,255,20,255,108,14,20,30,178,152,164,28,18,134,255,220,196,10,2,16,255,140,255,54,2,14,28,64,58,40,0,10,178,250,248,255,38,20,6,128,192,168,38,6,16,240,255,255,112,22,16,106,246,196,184,12,24,20,26,56,44,20,8,6,100,60,148,68,2,2,0,0,0,0,0,0,2,6,4,14,12,24,240,255,226,255,32,255,255,255,255,255,255,255,255,255,38,255,176,255,255,255,140,148,90,66,82,190,244,196,174,184,162,255,255,255,12,36,72,126,248,158,82,80,150,194,76,14,6,18,12,6,8,2,4,4,0,0,0,0,4,4,4,4,0,0,0,0,2,2,0,4,4,2,0,2,4,4,8,10,10,20,14,10,18,16,14,2,4,18,16,10,4,0,4,16,4,18,10,10,4,2,10,12,8,4,22,6,14,18,20,34,36,44,48,50,140,246,255,160,84,206,88,80,226,255,160,44,48,52,42,20,68,48,32,70,70,84,88,54,70,84,68,120,146,70,36,174,255,255,255,138,58,98,140,164,196,54,255,255,255,34,22,16,48,206,255,112,255,118,12,0,6,10,20,16,10,38,48,38,255,255,255,96,100,130,142,138,210
25,52,14,18,12,12,8,12,12,16,18,14,14,18,16,4,8,4,2,8,8,2,4,4,8,26,14,22,54,92,150,228,255,255,255,126,255,255,194,10,6,4,4,4,4,2,4,4,4,0,2,6,6,4,2,0,0,2,2,10,10,4,4,6,12,18,12,10,26,14,8,8,26,255,255,255,255,255,16,8,16,30,28,30,32,8,8,10,14,14,14,24,20,6,6,10,12,12,10,8,8,8,8,2,10,16,16,28,32,102,188,242,220,206,134,255,236,255,92,255,162,255,184,226,236,255,232,188,146,70,22,8,30,18,6,16,26,68,114,240,255,255,255,216,255,148,154,255,194,255,66,255,52,255,255,204,28,126,152,150,162,148,76,170,146,108,94,64,66,254,255,254,148,20,146,128,52,26,12,4,10,14,14,24,76,80,76,48,46,50,94,108,132,224,255,255,255,255,226,255,255,255,46,18,8,28,30,12,46,28,14,6,10,8,8,4,4,22,136,255,24,208,106,92,176,82,168,68,194,116,22,30,132,80,220,22,122,56,108,38,38,38,16,56,255,90,255,62,10,6,24,50,10,56,12,4,255,255,255,206,8,16,4,186,194,180,66,14,14,196,238,224,62,22,16,184,228,255,166,4,14,14,18,40,34,32,12,14,255,140,255,106,10,18,68,170,122,106,2,10,30,210,152,172,18,10,14,108,58,136,20,6,2,2,6,6,6,6,6,8,4,10,14,2,16,82,255,162,255,158,255,255,255,255,255,255,255,255,255,108,255,178,10,255,255,254,255,238,188,140,220,198,78,36,70,50,255,255,255,120,40,20,40,192,194,104,56,118,148,120,30,0,18,10,4,4,4,6,4,0,0,0,0,4,6,6,4,0,0,0,0,0,0,2,2,2,2,0,2,4,6,4,4,18,12,16,16,2,4,8,12,10,10,6,6,12,8,6,8,16,6,6,12,14,14,10,6,8,14,14,14,12,12,2,14,32,60,42,36,88,208,255,190,64,190,128,96,226,255,156,38,18,24,46,16,50,44,24,46,72,96,104,72,54,18,72,130,156,98,255,255,255,255,170,86,40,108,194,172,58,255,255,255,194,54,34,82,222,255,32,255,255,50,10,14,12,8,18,18,6,42,62,12,255,255,255,148,96,78,52,18,220
11,102,50,6,18,14,6,12,14,10,12,10,8,12,14,2,4,4,10,12,6,4,4,4,2,28,30,30,62,96,138,192,255,255,255,76,255,255,255,6,6,10,10,8,2,4,10,4,4,0,0,2,4,6,4,0,0,2,2,6,6,4,4,8,4,18,6,6,10,4,8,6,2,2,206,255,255,255,255,46,18,36,16,6,18,28,16,16,18,10,6,14,16,4,6,8,4,4,2,48,126,132,120,44,4,8,8,20,24,10,38,62,100,80,76,180,184,174,226,255,198,224,72,142,126,198,255,255,255,180,54,8,28,42,24,44,24,14,44,46,78,110,170,162,156,24,255,255,136,255,255,255,255,255,204,255,255,255,255,174,180,146,8,118,106,122,50,10,74,222,150,112,124,166,168,94,38,20,8,10,12,6,6,66,166,132,156,128,192,202,255,255,255,255,182,110,86,186,255,255,255,26,8,16,16,50,24,28,26,2,10,2,6,6,6,8,4,24,255,255,196,94,48,108,126,72,112,150,246,170,132,182,84,255,100,172,72,94,56,16,14,16,14,26,255,242,255,90,32,22,198,202,188,38,12,16,255,220,255,186,12,18,10,58,96,80,48,16,48,255,152,255,86,34,6,120,214,118,156,10,6,48,204,168,148,12,12,56,255,118,255,44,6,14,0,66,34,28,16,18,148,255,166,200,10,8,10,58,36,50,20,6,4,16,28,20,14,10,10,12,8,6,14,10,12,6,156,255,38,255,255,255,255,255,255,255,255,255,255,255,255,138,150,254,255,255,90,210,216,170,186,128,26,20,26,16,62,255,255,255,86,74,50,46,128,144,70,38,132,246,174,28,10,12,12,10,10,4,2,0,0,0,0,2,4,4,2,0,0,0,0,0,0,2,4,4,2,0,0,2,4,4,2,14,14,10,10,6,4,4,10,10,8,12,10,4,4,2,2,6,4,8,10,12,4,8,2,12,10,2,6,12,10,8,8,22,38,48,52,72,152,255,186,28,156,138,76,224,255,132,54,34,60,58,10,26,46,20,38,60,58,44,18,38,72,46,82,102,255,255,255,255,140,74,108,88,132,190,124,255,255,255,255,156,58,32,84,152,118,242,255,174,6,2,8,10,0,10,18,6,30,64,38,255,255,255,248,182,142,124,124,201
5,94,68,20,12,22,12,14,14,6,8,10,12,16,16,6,4,8,10,4,4,8,6,6,4,16,20,22,62,104,144,178,252,255,255,186,255,255,255,84,6,2,20,20,4,20,14,14,6,0,0,0,0,4,4,0,0,0,0,4,4,0,0,4,2,4,8,12,10,8,4,16,16,18,4,144,255,255,255,255,106,4,26,30,18,22,28,26,22,14,14,22,26,20,8,10,6,10,60,244,255,255,255,255,98,48,34,24,12,4,4,26,34,24,8,24,50,38,130,255,255,208,236,194,158,192,138,96,255,200,56,36,120,214,194,190,112,102,116,76,14,4,10,28,34,166,255,255,255,138,255,48,255,255,72,164,128,168,80,56,58,124,222,255,255,255,164,14,58,238,255,232,255,178,88,76,36,22,22,12,10,6,8,78,180,92,138,114,190,176,255,232,255,68,168,220,255,130,255,255,226,14,2,14,26,38,16,40,14,6,4,0,0,0,0,12,18,148,255,16,255,102,64,12,42,130,144,106,102,112,104,194,188,255,118,120,58,124,180,86,14,12,10,6,112,174,142,52,22,76,255,174,255,20,12,16,255,255,255,164,18,10,30,132,96,56,16,18,112,255,80,255,44,14,26,30,164,106,134,12,4,230,255,255,178,16,10,58,255,114,224,10,10,20,38,100,68,20,14,22,202,160,255,202,14,6,10,28,28,20,46,12,14,46,32,34,8,14,8,12,14,10,4,10,4,8,22,212,208,180,66,255,255,255,255,172,255,255,255,255,156,72,144,24,255,255,255,62,88,82,70,50,30,18,34,30,12,255,255,255,26,54,30,16,80,164,94,64,56,126,222,86,2,14,8,4,12,6,4,4,2,0,0,0,0,0,0,0,0,0,0,0,0,0,0,0,0,0,0,0,0,0,0,0,0,0,0,0,0,0,0,0,0,4,4,0,0,2,6,6,4,4,4,6,10,10,8,4,8,10,8,18,14,6,22,40,54,60,48,66,152,255,204,24,142,142,44,214,255,140,68,62,56,18,12,10,56,32,6,76,86,68,56,50,30,44,134,255,255,255,248,68,28,44,104,108,112,126,255,255,255,255,146,74,42,76,188,255,180,254,228,80,10,6,6,10,2,8,12,6,22,36,30,210,255,255,192,146,128,104,68,189
2,72,60,28,10,20,22,12,8,10,10,8,8,14,18,16,6,4,8,6,4,4,2,4,12,16,22,28,60,92,140,186,248,255,255,255,86,255,255,255,4,12,34,14,6,10,30,8,8,0,0,0,0,4,4,0,0,0,0,4,6,2,0,2,2,2,2,8,10,8,4,14,6,26,14,16,82,255,255,255,255,255,12,20,42,12,8,20,2,10,14,16,16,22,28,66,96,94,114,255,255,255,255,255,255,236,196,64,24,22,10,30,16,20,4,16,14,26,6,66,94,128,216,226,224,255,255,255,255,218,34,60,224,255,255,255,170,212,246,220,98,96,102,42,54,255,255,26,255,218,255,255,255,88,84,128,128,172,98,116,255,255,234,250,66,255,190,24,28,86,188,186,178,78,38,42,28,30,42,56,60,72,26,72,172,58,98,56,178,138,255,255,255,255,188,222,84,255,255,255,20,10,8,4,20,30,30,36,6,4,2,0,0,0,2,10,12,255,255,192,124,204,132,54,72,190,136,112,102,152,62,28,255,40,156,104,114,162,255,255,76,10,6,24,90,54,38,32,28,152,255,138,255,12,4,12,106,255,172,146,14,10,152,246,198,106,20,28,126,255,130,255,16,12,16,22,36,38,72,2,12,255,214,255,198,8,8,22,198,118,162,30,20,18,204,192,190,58,34,6,184,180,232,82,8,8,8,18,66,26,40,20,22,40,10,46,8,4,12,12,10,10,2,6,4,2,10,104,255,46,242,228,255,255,255,255,255,112,210,255,255,255,255,216,255,255,255,76,12,12,20,18,32,26,32,18,12,84,255,255,255,48,30,34,36,78,106,52,92,156,136,110,26,4,6,16,10,4,4,6,4,0,0,0,0,0,0,0,0,0,0,0,0,0,0,0,0,0,0,0,0,0,0,0,0,0,0,0,0,0,0,0,2,6,4,0,0,2,4,2,0,2,4,10,14,12,8,6,6,10,10,6,14,16,24,38,46,48,44,70,136,234,212,68,134,146,4,218,255,178,66,54,28,12,6,18,48,36,30,60,48,40,40,40,84,255,255,255,255,98,46,64,50,86,104,106,108,130,255,255,255,38,50,46,48,92,112,178,136,178,138,28,14,12,0,12,4,8,14,6,10,18,16,162,255,255,174,46,46,50,88,196
4,102,74,20,4,12,22,18,8,8,12,16,16,12,6,12,10,6,8,4,2,4,8,10,2,12,22,26,54,92,142,184,222,226,255,255,102,255,255,255,68,18,22,12,18,22,18,12,8,0,0,0,0,4,4,0,0,0,0,2,6,6,4,4,2,0,0,2,6,10,8,10,24,8,22,10,20,8,250,255,255,255,255,48,10,22,8,24,20,8,10,12,24,80,132,224,234,226,112,255,255,255,255,182,236,255,255,255,212,198,92,38,32,10,12,16,8,24,10,16,22,6,50,74,72,108,178,192,196,108,6,54,184,255,78,206,18,118,124,162,222,230,255,106,162,255,255,255,118,255,32,255,198,254,255,184,242,255,255,92,214,118,164,216,255,255,168,32,12,6,18,52,18,24,50,110,142,124,154,208,188,160,46,46,158,160,52,40,94,148,208,255,255,150,66,52,255,255,255,126,12,6,8,6,16,16,34,24,6,0,0,0,0,0,2,6,118,255,30,160,255,255,255,88,46,166,186,255,162,112,126,212,192,148,34,202,166,255,86,204,138,54,6,198,255,255,130,16,18,172,255,208,255,8,18,14,12,74,72,76,10,16,255,190,248,104,8,16,72,255,162,228,36,4,46,214,168,174,32,10,10,255,196,255,130,20,12,12,76,90,96,32,22,80,255,102,230,34,20,10,102,134,116,70,4,10,52,174,98,70,48,14,14,50,36,54,12,14,20,2,12,8,4,6,4,2,2,12,170,222,216,255,178,255,255,130,134,218,255,255,180,194,255,255,4,255,255,255,18,16,16,42,34,48,6,22,32,14,255,255,255,16,4,24,14,82,132,88,102,14,50,130,68,8,10,18,6,0,0,4,6,2,0,0,0,0,0,0,0,0,0,0,0,0,0,0,0,0,0,0,0,0,0,0,0,0,0,0,0,0,2,4,6,6,2,0,0,2,6,6,2,2,6,12,10,10,10,8,10,12,6,4,16,26,30,32,44,44,42,70,114,228,230,88,124,160,34,166,255,255,110,46,32,22,26,16,30,34,54,62,72,82,138,255,255,255,255,100,52,52,60,82,68,82,102,82,94,255,255,255,40,52,98,66,78,50,34,80,64,88,58,6,4,14,8,16,8,6,16,8,8,16,14,84,255,255,194,42,24,84,106,211
5,106,54,10,18,10,12,20,14,14,16,12,10,4,0,10,16,16,18,16,12,8,4,6,4,10,22,24,46,76,120,182,230,246,255,255,192,216,255,255,202,6,6,6,22,10,14,8,8,0,0,0,0,4,4,0,0,0,0,0,2,4,4,6,6,2,0,0,2,8,10,10,8,20,22,8,24,10,20,134,255,255,255,255,184,26,18,18,26,16,22,10,86,188,254,255,255,255,255,118,206,255,248,150,56,40,198,255,255,255,255,162,158,100,28,12,10,8,12,10,14,4,16,6,6,2,20,8,18,8,24,26,164,255,255,255,146,214,210,58,255,204,255,128,255,255,36,255,210,255,255,255,248,255,255,116,140,92,248,44,236,255,255,222,232,166,64,18,16,12,32,82,98,88,176,255,255,255,186,160,174,182,44,44,86,178,124,66,72,76,88,38,14,8,2,142,255,255,244,6,4,6,6,16,16,10,24,4,6,2,4,4,4,2,2,4,232,232,255,212,255,255,255,74,52,108,148,40,148,255,22,255,68,108,170,100,44,232,202,204,96,42,42,255,255,255,132,18,20,144,255,192,218,14,10,32,142,114,92,16,24,30,255,58,255,56,6,10,16,144,154,136,28,26,162,255,210,224,40,18,16,248,255,255,134,30,2,56,182,152,100,0,8,112,210,164,240,6,6,4,42,94,86,58,12,12,158,202,130,136,18,4,0,26,28,30,8,4,8,16,16,6,4,4,2,2,4,12,48,255,106,255,128,88,255,255,255,255,255,255,255,255,22,255,255,255,255,255,54,40,40,62,40,72,30,44,22,24,166,255,255,174,56,52,32,74,132,60,74,74,60,136,84,8,12,14,8,0,0,2,6,6,2,0,0,0,0,0,0,0,0,0,0,0,0,0,0,0,0,0,0,0,0,0,0,0,0,0,0,2,6,6,4,2,0,0,0,0,2,6,6,2,2,10,12,14,10,8,10,14,10,8,20,22,20,24,44,54,62,60,100,246,255,108,86,156,50,118,255,255,156,76,30,8,12,14,14,34,64,52,182,255,255,255,255,255,66,102,44,30,62,118,92,82,78,62,255,255,255,88,24,38,90,44,122,46,20,36,36,52,28,8,10,12,14,12,8,6,18,10,8,22,18,32,255,255,255,76,76,176,188,209
7,108,40,28,10,10,10,14,8,12,22,26,18,4,2,2,4,8,12,14,14,12,8,2,4,18,26,32,60,84,120,170,182,230,255,255,236,40,255,255,255,24,4,10,20,12,14,12,8,0,0,0,0,4,4,0,0,0,0,0,0,0,0,2,4,4,4,4,4,4,6,6,12,12,14,6,26,14,18,8,54,255,255,255,255,255,64,22,2,20,36,8,70,138,140,150,100,110,220,255,255,112,44,132,106,198,248,2,162,236,242,255,255,255,170,192,128,40,0,4,6,10,8,4,10,12,38,20,30,28,22,12,36,84,102,96,92,124,132,194,255,162,255,80,255,255,255,96,255,34,255,255,255,204,255,206,230,208,255,130,64,88,94,70,48,42,78,68,70,108,250,255,255,255,234,255,148,204,106,136,222,196,48,30,20,76,136,102,98,58,28,6,12,14,10,255,255,255,46,10,8,6,6,20,10,22,10,10,4,4,6,4,6,6,2,78,255,42,255,255,255,255,255,255,255,255,255,255,255,216,230,120,170,104,174,4,64,172,82,116,68,42,66,255,64,255,86,10,14,42,234,158,170,32,12,186,255,228,146,16,6,12,255,148,255,62,18,10,22,58,20,48,30,8,176,240,150,255,255,255,255,255,255,255,255,255,255,255,255,242,108,20,12,114,220,132,168,6,6,12,20,34,26,26,8,20,178,68,236,90,16,2,6,4,2,10,14,6,8,18,6,8,4,0,2,2,2,12,6,255,255,224,255,142,255,255,238,255,190,255,255,255,255,255,255,192,255,255,96,6,34,38,22,64,74,30,16,32,34,255,255,255,92,46,20,24,100,140,46,54,38,102,144,94,8,2,12,0,0,0,2,6,6,4,2,0,0,0,0,0,0,0,0,0,0,0,0,0,0,0,0,0,0,0,0,0,0,0,0,4,6,2,0,0,0,0,0,0,0,2,4,2,0,2,2,4,6,12,16,16,12,6,20,24,18,20,38,68,64,34,76,244,255,156,56,150,86,84,255,255,230,114,56,26,8,12,20,90,220,255,255,255,255,255,40,92,128,58,50,10,94,132,80,46,96,255,255,255,84,6,0,32,86,38,94,14,16,16,24,40,14,10,10,2,16,6,10,10,30,18,10,22,16,10,255,255,255,100,86,134,200,190
12,110,36,46,24,26,22,26,22,12,12,18,20,18,20,24,24,24,26,24,22,22,18,18,22,32,38,50,90,120,156,188,182,255,255,255,255,170,255,255,255,176,6,14,2,12,2,4,2,0,0,0,0,4,4,0,0,0,0,0,0,0,0,4,2,4,4,4,4,4,4,4,14,6,6,14,20,2,6,12,2,8,200,255,255,255,255,236,10,18,30,32,48,162,242,255,255,255,255,214,154,148,76,255,246,140,198,138,222,236,130,192,255,255,255,255,255,132,120,62,16,2,6,8,18,32,52,34,36,32,32,26,22,24,26,20,16,20,30,176,255,250,184,246,255,72,255,255,255,255,255,148,255,255,255,248,148,164,172,80,6,18,20,42,66,124,224,248,252,210,255,255,192,202,86,204,246,255,255,184,168,116,28,16,18,10,22,40,36,26,10,8,18,16,92,255,255,255,18,8,8,4,4,18,6,30,6,10,8,4,6,4,6,8,8,218,255,154,94,255,112,255,192,255,255,255,255,255,255,255,255,64,74,240,102,30,255,255,255,206,14,4,64,255,136,255,50,16,8,52,90,12,66,18,10,255,238,255,156,12,2,4,222,228,240,66,14,24,150,134,118,34,64,236,255,255,255,255,255,255,255,255,255,255,255,255,255,255,255,255,214,20,22,76,216,138,144,18,16,48,204,150,144,18,18,18,172,50,184,12,6,12,8,10,16,18,12,6,8,4,14,10,4,2,6,4,4,12,12,94,255,76,255,224,255,136,255,255,255,255,255,216,255,36,255,228,255,255,255,44,22,22,8,14,50,22,20,28,44,255,255,255,24,68,60,64,28,160,158,38,92,26,74,130,32,6,12,0,0,0,0,2,4,6,4,0,0,0,0,0,0,0,0,0,0,0,0,0,0,0,0,0,0,0,0,0,0,0,0,4,4,0,0,0,0,0,0,2,4,6,6,2,2,4,4,4,8,12,10,8,4,4,12,16,14,20,44,68,74,62,76,214,255,172,22,164,178,50,218,255,255,138,56,34,18,132,255,255,255,255,255,255,102,76,148,138,74,2,28,46,72,98,48,176,255,255,255,88,12,10,14,22,50,24,46,12,20,12,10,20,4,4,4,20,14,6,10,22,42,26,18,16,12,14,255,255,255,68,36,62,56,176
18,86,10,34,24,16,44,76,64,58,44,44,42,44,50,44,42,48,46,40,40,40,32,34,34,36,40,50,100,140,170,182,204,255,255,255,255,255,44,255,255,255,34,8,2,8,8,14,8,0,0,0,0,4,6,4,2,0,0,0,0,0,0,4,2,4,0,0,0,4,6,2,10,8,14,2,12,4,2,4,8,2,6,92,255,255,255,255,255,80,24,10,14,36,76,110,168,255,255,255,232,210,138,255,158,255,254,146,230,106,226,172,246,154,134,255,170,255,255,224,122,134,92,26,30,18,28,54,40,42,42,24,16,16,4,12,16,24,34,48,106,116,80,255,212,255,100,255,26,255,255,48,116,140,136,84,22,6,20,42,110,106,104,212,255,255,255,246,224,144,168,255,255,255,255,232,252,234,110,44,30,26,10,6,12,12,4,10,6,2,16,32,26,26,255,255,255,88,8,8,4,2,2,14,8,26,8,12,12,14,22,14,12,12,18,255,164,255,208,255,156,255,255,255,255,252,255,154,255,255,118,144,46,134,84,176,255,250,255,196,4,14,30,255,188,230,64,10,16,230,174,190,42,24,6,255,136,255,130,14,6,10,68,110,100,44,16,94,255,116,156,255,255,255,255,255,100,174,255,255,255,255,255,255,255,255,170,96,255,255,255,255,255,36,122,92,68,26,34,180,255,178,172,22,14,12,150,90,122,32,10,10,50,104,86,54,10,6,6,6,16,8,4,8,8,8,8,10,14,4,255,255,255,38,255,190,255,222,255,34,255,255,255,255,255,255,255,255,255,34,20,36,12,14,26,26,8,26,6,108,255,255,114,40,190,124,144,38,118,112,124,64,44,86,96,36,6,4,4,6,6,4,4,2,8,4,4,4,4,2,0,4,6,6,4,4,2,0,0,4,6,6,4,4,2,4,4,2,2,2,6,2,4,4,2,2,2,2,2,2,4,2,2,2,2,2,4,6,6,6,4,4,12,16,10,20,48,74,78,72,84,186,255,198,62,118,192,98,156,248,240,134,84,218,255,255,255,255,255,255,222,114,116,110,144,104,46,8,42,70,56,62,160,255,255,255,86,6,2,6,12,22,24,30,36,22,12,14,12,16,12,8,12,18,4,4,8,18,22,12,4,2,14,2,255,255,255,160,102,86,68,185
19,64,16,20,14,34,84,100,70,62,56,36,30,32,32,18,22,38,28,30,26,26,24,24,20,20,24,18,60,126,162,100,174,216,228,255,255,255,190,255,255,255,184,8,14,2,14,4,8,0,0,0,0,2,4,6,6,2,0,0,0,0,2,4,4,2,0,0,0,2,4,8,8,10,12,2,10,8,8,2,8,4,8,12,8,184,255,255,255,255,255,32,18,20,36,26,18,12,92,194,238,186,255,255,255,255,255,84,255,196,250,104,64,158,220,255,122,166,216,178,255,255,255,98,44,122,246,255,240,202,164,132,102,52,6,28,32,40,76,60,78,90,218,242,255,255,255,255,255,255,148,50,34,30,28,70,138,158,156,182,232,162,158,255,255,255,88,128,134,222,196,255,255,244,158,82,52,26,10,6,4,6,8,6,12,12,4,14,12,8,24,30,12,146,255,255,255,6,12,14,10,4,10,10,12,16,6,6,4,28,20,12,10,14,90,255,30,255,255,255,255,224,255,144,255,255,255,255,255,252,158,255,246,254,128,52,255,68,255,140,10,12,26,118,176,130,60,18,114,255,124,228,36,12,20,255,255,250,142,10,14,16,36,20,28,18,6,90,255,255,255,255,255,120,255,255,255,255,255,255,255,255,255,255,255,255,255,255,255,255,160,255,255,255,255,44,26,20,26,230,140,255,152,16,10,12,56,104,80,40,14,20,186,168,156,64,14,10,4,4,10,2,2,2,4,4,2,14,10,12,156,255,90,236,255,124,255,255,255,255,255,255,255,255,255,255,166,255,255,80,42,28,20,14,22,16,10,12,24,22,255,255,255,90,150,82,138,36,46,42,32,40,48,82,170,104,10,8,8,10,2,12,4,6,8,4,4,4,6,4,0,4,2,2,0,2,2,2,4,2,4,10,8,6,8,6,2,4,0,2,6,8,4,2,4,2,4,2,2,2,4,6,4,6,8,6,6,4,4,6,4,2,10,18,20,36,54,70,70,50,60,150,255,255,116,76,172,94,96,240,255,255,255,255,255,255,255,202,58,6,128,112,102,104,108,64,74,28,50,32,20,132,255,255,255,68,16,4,4,4,10,12,8,10,14,8,16,12,4,6,2,6,6,10,10,10,18,20,18,28,20,10,10,12,255,255,255,102,40,46,72,177
18,68,24,26,18,50,72,64,24,16,20,14,8,26,42,30,26,32,20,22,18,20,16,16,16,12,16,30,56,86,134,46,132,200,250,212,255,255,255,72,255,255,255,32,16,16,8,14,4,0,0,0,0,0,0,2,6,4,0,0,0,0,4,2,4,0,0,0,0,0,0,0,0,4,8,6,2,4,4,10,6,6,0,4,14,10,78,255,255,255,255,255,196,18,10,22,30,24,8,18,34,78,172,255,255,255,255,255,192,76,104,158,255,255,255,255,238,255,255,146,255,255,255,148,180,255,255,255,255,255,255,255,255,255,255,255,255,255,255,255,255,255,255,255,255,194,255,176,255,255,36,36,42,64,72,146,228,208,206,102,78,18,38,116,240,255,255,224,226,248,142,28,26,20,2,22,32,24,10,6,14,14,14,10,10,4,20,10,14,20,24,20,42,255,255,255,86,22,12,14,10,4,8,2,14,10,4,4,12,26,10,14,4,20,206,255,154,226,76,255,255,255,255,255,255,255,206,255,255,52,255,112,82,100,156,162,255,255,255,188,8,10,50,104,48,50,46,22,200,255,200,226,4,14,10,136,255,182,128,14,12,86,100,92,26,16,20,255,255,255,255,88,255,255,255,255,232,8,124,84,248,246,176,134,206,126,94,255,255,255,255,255,38,255,255,255,136,16,8,212,140,210,98,16,12,10,24,38,22,18,12,40,220,24,214,42,4,12,6,12,10,8,8,8,6,4,4,6,10,2,46,255,140,255,255,255,255,255,255,255,255,255,255,255,255,234,38,255,255,255,58,22,38,18,28,18,8,6,28,32,255,255,255,48,136,148,116,52,74,60,50,58,44,86,88,126,14,6,10,16,12,10,2,4,4,0,0,0,4,4,0,4,8,6,4,4,2,2,2,8,8,2,10,10,4,4,4,4,2,4,4,4,6,0,6,6,4,6,8,10,6,4,6,4,6,8,8,6,6,8,10,10,14,16,14,16,28,50,80,74,70,106,210,255,144,80,192,174,176,255,255,255,255,255,255,120,30,40,38,50,154,156,102,124,64,76,48,72,46,30,174,255,255,224,36,14,18,8,10,4,12,6,2,4,6,6,8,8,14,16,10,12,14,12,4,2,8,18,12,14,20,10,12,12,255,255,255,78,216,178,148,163
15,82,12,24,26,56,84,92,62,46,44,42,36,32,42,42,52,62,52,52,50,50,46,44,42,24,18,22,26,68,108,20,128,62,222,66,255,255,255,158,255,255,255,216,2,6,10,8,6,0,0,0,0,0,0,0,4,6,2,0,0,2,6,2,4,0,0,0,0,0,0,0,0,4,6,6,6,6,4,10,12,6,12,14,12,10,10,10,142,255,255,255,255,255,138,16,10,20,16,24,32,14,16,36,90,134,212,255,255,255,255,255,216,156,255,255,94,180,150,255,255,255,134,130,255,255,255,255,255,255,255,255,255,255,255,255,255,255,255,255,255,255,255,255,255,255,255,255,255,255,255,255,255,255,255,255,255,255,255,255,172,104,78,102,222,255,198,120,146,154,96,50,46,12,32,12,6,26,22,22,20,20,8,16,16,14,12,16,26,8,14,26,30,255,255,255,12,8,10,8,6,4,8,4,12,8,4,4,14,12,8,4,4,20,255,170,255,64,255,255,162,214,255,255,255,255,255,255,255,178,150,255,168,232,230,64,242,255,255,176,16,28,226,218,196,58,14,22,200,255,222,255,8,16,8,6,80,64,86,12,20,226,138,208,10,66,255,255,255,46,255,255,255,255,46,118,114,84,56,50,204,36,148,106,52,132,120,118,98,60,255,255,255,255,204,255,255,226,12,168,214,168,108,26,20,62,178,130,84,22,12,40,184,130,180,8,10,12,10,10,2,4,4,6,4,0,0,6,4,10,6,255,255,250,114,255,255,255,255,255,255,255,126,255,255,255,76,255,255,255,46,16,34,22,10,22,22,12,18,22,176,255,255,74,12,0,2,10,92,42,42,26,60,122,54,114,50,12,24,8,12,10,6,6,2,0,0,0,4,4,0,2,0,2,2,4,6,8,12,16,6,10,8,8,10,4,4,4,4,4,4,4,4,2,4,4,4,10,6,2,8,4,6,4,2,2,6,8,8,8,10,16,18,14,24,50,56,56,70,68,46,86,198,255,255,255,255,255,242,174,156,134,104,56,30,54,76,20,28,82,156,208,88,142,28,12,48,100,58,246,255,255,188,38,14,18,22,14,18,16,8,6,4,4,4,4,6,6,6,2,6,4,2,8,4,8,2,6,14,6,8,22,22,18,255,255,255,134,255,122,128,159
15,110,26,32,26,54,90,108,88,64,56,50,38,32,34,34,34,46,42,38,40,40,36,36,34,26,20,28,34,82,122,74,160,124,214,255,255,255,255,255,104,255,255,255,58,6,6,8,6,0,0,0,0,0,0,0,2,6,4,0,0,4,6,4,4,0,0,0,0,0,0,0,0,4,4,2,4,4,2,6,8,6,10,18,12,12,6,12,10,20,244,255,255,255,255,255,96,18,12,4,46,12,10,34,30,48,44,66,152,250,255,255,255,255,255,255,34,14,112,254,110,208,40,232,255,255,255,28,32,14,8,36,80,116,140,158,196,255,255,255,255,255,255,255,255,255,255,255,255,255,255,255,255,255,255,255,255,255,255,255,255,255,255,255,255,255,255,255,255,255,255,255,255,156,22,34,16,18,26,10,22,30,30,42,86,98,112,150,208,255,255,255,255,255,255,222,10,16,8,4,2,4,6,6,8,6,4,2,20,12,6,14,16,58,255,40,208,255,255,255,255,255,255,255,154,255,255,255,230,250,114,222,56,182,94,28,44,168,174,126,12,86,255,132,238,58,6,8,130,255,222,252,20,18,18,74,52,30,20,8,36,255,140,255,104,255,255,255,255,255,255,234,90,102,48,72,46,58,80,46,144,64,198,86,146,70,96,86,30,48,104,108,252,255,255,182,255,255,255,66,172,146,88,18,12,220,214,176,100,2,16,50,132,70,96,8,8,10,24,24,16,4,4,6,4,0,0,6,4,8,8,104,255,16,255,255,255,255,255,255,24,255,255,255,255,255,66,255,255,255,14,14,16,26,12,18,26,26,4,34,30,255,255,255,28,12,8,12,70,80,14,36,92,66,60,124,116,40,10,6,10,6,2,6,2,0,0,0,4,4,0,2,0,2,4,8,12,14,16,24,28,44,48,40,28,20,14,6,6,4,4,4,0,4,10,10,8,10,14,10,0,4,0,6,14,12,6,6,10,10,6,10,16,10,22,44,40,38,56,66,52,66,132,255,255,255,255,226,194,50,64,58,28,42,54,48,50,16,26,54,120,210,58,154,62,44,36,88,255,255,255,140,16,4,10,18,4,22,12,14,6,4,4,4,4,4,4,4,6,14,12,12,6,6,8,8,6,6,30,14,8,28,28,28,255,255,255,96,224,152,158,165
22,126,56,58,34,42,68,80,64,52,42,28,22,22,20,14,8,12,12,6,8,12,12,24,42,22,8,12,10,58,114,114,110,198,190,255,106,130,255,255,118,255,255,255,255,6,10,2,4,0,0,0,0,0,0,0,0,4,6,2,2,6,4,4,4,0,0,0,0,0,0,0,0,4,6,2,0,0,0,6,12,10,16,8,12,12,20,44,34,34,10,68,255,255,255,255,255,255,70,26,26,36,50,78,58,16,12,22,8,42,74,162,255,255,255,142,6,34,216,255,234,255,50,255,255,255,46,28,26,16,10,12,14,12,14,16,20,14,16,26,22,26,6,4,2,12,8,22,28,86,130,178,200,184,196,246,255,255,255,255,255,255,255,255,255,255,255,255,255,255,255,255,255,255,255,255,164,156,216,255,255,255,255,255,255,255,220,255,255,255,255,255,255,255,255,84,18,24,12,4,2,6,2,8,6,0,2,6,16,16,4,4,34,134,238,202,254,255,218,255,255,255,255,255,255,255,202,130,22,172,132,116,156,255,42,80,138,116,60,28,16,92,255,142,255,22,8,16,26,214,166,160,50,20,140,168,132,62,12,4,14,255,98,255,255,255,255,255,255,255,40,116,60,86,92,46,50,52,255,255,255,255,255,255,255,186,156,146,90,80,96,92,184,92,255,255,255,255,255,255,48,22,18,20,16,244,28,255,56,22,8,20,90,56,74,16,14,14,84,66,78,4,4,4,2,0,0,6,8,10,12,24,255,202,255,178,136,62,26,228,255,255,255,255,255,208,122,64,255,255,158,30,30,34,6,12,22,22,8,42,34,255,255,255,28,26,16,20,56,88,136,142,172,142,48,72,122,78,12,10,4,2,6,4,4,0,0,0,4,4,0,4,4,6,6,8,10,10,10,22,34,42,50,62,62,56,48,44,34,22,18,18,18,18,16,16,18,16,10,12,12,8,10,12,10,4,2,4,14,20,20,30,48,68,102,134,134,124,122,120,88,34,134,234,162,100,52,114,200,102,62,50,38,76,40,20,46,42,10,64,76,222,84,190,90,18,190,255,255,255,88,20,12,12,6,6,14,12,18,6,8,6,4,4,6,6,6,4,6,8,0,8,4,4,8,8,8,10,28,10,18,26,30,64,255,255,255,36,178,234,140,173
27,106,50,70,42,32,46,48,32,30,28,20,16,16,12,8,4,6,10,4,2,10,16,34,50,44,58,62,58,100,136,136,74,194,10,255,255,136,255,255,255,62,255,255,255,80,10,14,10,0,0,0,0,0,0,0,0,2,6,4,4,6,2,4,4,0,0,0,0,0,0,0,0,2,6,6,2,0,0,2,4,12,10,12,22,20,46,50,46,26,8,18,4,80,255,255,255,255,255,255,68,118,255,250,212,128,164,158,98,8,18,4,18,44,34,10,8,44,180,255,108,255,40,255,255,178,6,38,14,12,8,6,2,6,8,12,14,12,14,30,30,18,2,6,6,20,14,10,8,14,18,18,20,28,22,22,4,4,8,10,16,18,16,32,66,98,142,192,250,255,255,255,255,255,255,255,255,255,255,255,255,255,255,255,255,255,255,180,255,255,138,142,255,255,140,16,20,6,10,4,2,8,2,10,4,4,2,4,22,18,6,16,18,222,120,234,255,255,255,255,255,255,255,255,94,255,255,216,108,88,98,254,114,255,168,240,255,255,148,12,20,110,255,110,255,28,8,20,22,38,24,56,32,14,250,140,214,52,2,18,12,255,255,255,255,255,255,255,255,26,76,70,46,32,104,144,42,255,255,255,52,202,204,152,255,255,240,124,182,248,96,46,94,56,120,255,255,255,255,255,255,88,34,24,22,238,38,202,22,6,8,18,18,32,44,2,4,58,138,68,86,4,4,2,0,0,0,2,26,16,34,6,252,255,236,255,42,74,255,255,255,255,202,255,255,60,128,58,255,255,255,54,36,14,14,20,22,16,12,24,32,255,255,255,36,38,38,32,48,116,76,78,58,78,30,68,106,76,16,12,6,6,2,4,4,0,0,0,4,4,0,4,2,6,10,12,12,12,10,12,26,24,22,24,44,54,52,56,62,52,34,24,36,46,50,50,50,54,50,36,24,20,26,38,40,38,54,74,90,96,98,114,146,154,130,114,102,90,86,84,38,28,154,186,52,0,14,86,200,128,54,42,58,64,48,22,70,50,68,70,24,230,48,126,94,255,255,255,146,30,10,0,6,4,8,8,6,14,8,12,8,8,6,6,6,6,8,2,2,8,10,6,2,8,8,8,8,8,28,10,22,16,24,122,255,255,255,164,160,192,186,167
21,148,10,56,46,34,42,36,22,28,26,20,16,14,10,8,4,8,16,12,12,12,22,32,44,40,58,54,52,86,106,100,90,124,202,156,255,122,168,255,255,84,255,255,255,255,6,10,10,0,0,0,0,0,0,0,0,0,4,6,6,4,0,4,4,0,0,0,0,0,0,0,0,0,2,6,4,0,0,4,6,2,16,2,14,12,46,54,62,24,4,14,34,14,8,102,255,255,255,255,255,255,255,226,210,255,252,255,140,60,40,6,8,22,22,8,12,32,164,255,255,255,242,255,255,26,20,12,10,6,4,8,8,12,10,8,16,10,8,8,4,14,4,12,4,8,8,10,24,16,8,6,4,26,16,24,22,10,14,12,12,10,4,18,18,24,14,18,16,8,32,76,10,186,255,255,255,255,255,255,132,34,144,240,255,255,255,158,255,255,255,255,255,160,22,24,18,8,10,2,6,8,6,10,2,4,4,4,26,14,16,22,30,255,34,224,255,246,255,254,244,255,255,255,255,255,255,128,218,32,116,255,255,255,124,255,188,255,146,6,16,24,255,216,255,56,8,24,154,100,110,12,10,8,244,98,255,88,4,18,4,76,255,255,255,255,255,198,132,174,124,34,74,112,72,154,174,255,255,255,255,255,255,255,255,255,255,88,106,156,62,56,36,56,160,164,255,255,255,255,255,238,16,6,8,190,110,164,42,14,8,66,126,122,66,8,8,62,80,108,84,4,6,4,2,4,4,4,20,16,24,4,106,255,46,255,62,255,255,255,255,255,255,255,255,92,82,80,255,255,255,40,12,26,16,12,18,12,16,26,20,114,255,255,86,42,46,16,48,78,136,140,68,76,66,46,86,84,26,10,8,8,8,2,2,0,0,0,4,4,0,4,4,14,16,16,16,16,12,10,12,28,32,18,8,20,18,20,36,54,32,12,36,48,48,50,60,66,78,72,46,28,44,58,62,68,84,94,94,86,74,72,88,72,24,14,60,52,30,36,20,8,152,184,58,14,12,70,202,172,64,24,44,32,40,72,74,60,92,58,72,194,128,188,255,255,246,76,8,8,12,12,2,6,4,8,10,14,14,8,6,6,6,6,4,4,6,4,6,8,6,6,12,14,12,18,14,14,20,36,34,40,12,174,255,255,218,34,24,126,208,156
10,186,42,48,48,40,54,50,34,44,38,20,8,18,30,18,0,6,6,6,10,6,10,12,20,18,20,14,16,40,62,96,144,46,255,80,255,255,114,255,255,255,80,255,255,255,204,10,10,6,6,6,6,32,32,28,4,4,4,4,4,2,0,4,6,4,4,4,4,4,4,4,4,4,4,4,4,4,4,0,12,16,8,10,12,6,18,42,32,16,14,16,36,14,36,16,18,146,255,255,255,255,255,255,52,150,90,232,94,184,220,136,58,12,0,10,14,24,48,114,136,152,255,255,255,12,24,16,10,6,4,14,8,4,12,8,10,8,18,10,6,12,18,16,14,16,8,6,4,6,14,12,14,10,34,6,26,14,4,4,10,6,12,6,4,12,8,12,20,14,230,255,255,100,8,150,255,255,255,255,255,255,255,255,255,255,255,124,255,255,255,255,255,158,20,26,4,4,4,2,8,6,6,8,2,6,4,10,24,4,12,20,106,255,86,255,255,255,255,255,148,166,100,255,255,255,255,70,255,80,164,104,204,216,112,255,86,255,84,12,14,14,114,184,150,34,26,146,255,174,136,6,4,8,252,224,214,132,24,22,24,255,255,255,255,255,232,22,148,74,94,10,116,144,68,104,255,255,255,255,214,42,44,255,255,72,255,186,106,72,74,90,66,26,108,112,78,255,255,255,255,255,98,10,12,100,138,134,50,12,20,196,158,172,56,16,10,66,92,80,46,4,6,4,2,2,0,0,6,10,18,12,24,255,204,255,84,255,255,198,255,255,255,255,255,255,255,255,255,255,255,28,36,30,4,10,20,20,10,38,24,36,255,255,208,24,36,50,56,24,38,136,100,118,18,82,48,104,54,10,16,6,12,6,6,0,0,0,4,4,0,2,8,22,20,14,16,22,20,20,26,24,16,26,16,16,22,24,10,38,22,8,28,22,8,12,20,12,22,40,34,16,38,44,38,38,54,52,30,24,16,6,44,44,14,20,32,32,24,26,22,26,138,200,50,4,12,66,190,200,94,70,62,24,14,50,12,78,74,48,100,255,255,212,212,128,22,4,12,24,14,16,6,2,2,8,2,12,12,6,2,2,8,12,6,6,10,10,10,4,4,10,12,10,4,8,12,24,4,52,30,46,22,206,255,255,210,134,150,148,118,161
9,222,110,80,66,38,46,52,38,46,48,46,26,16,30,22,8,8,2,8,4,12,6,12,12,16,8,10,14,34,56,72,130,108,154,220,212,255,126,200,255,255,60,178,255,255,255,38,4,4,8,8,50,42,20,26,8,2,2,0,0,0,2,2,2,4,4,4,4,4,4,4,4,4,4,4,2,4,4,8,8,18,10,4,10,10,6,8,8,8,12,32,36,28,28,10,8,12,14,128,255,255,255,255,255,58,255,192,180,144,200,255,255,92,68,96,94,52,20,12,26,44,255,255,210,10,22,4,10,8,14,12,8,6,10,14,6,6,12,6,14,16,14,2,0,4,4,4,0,2,8,12,12,8,32,36,36,18,8,12,16,4,20,12,18,20,4,14,14,144,255,255,255,210,14,140,255,255,255,255,255,255,255,255,234,192,160,132,78,180,255,255,255,106,10,4,6,4,4,10,4,2,2,6,10,4,6,16,20,8,0,20,154,218,192,214,255,255,152,255,255,255,255,255,78,255,255,156,200,94,214,74,8,6,18,255,214,255,166,16,22,48,94,72,28,22,18,224,220,224,142,8,8,4,120,254,228,136,38,14,136,255,255,255,255,255,146,36,90,140,74,34,116,54,164,102,255,255,255,255,192,40,66,255,255,166,255,162,74,132,84,82,12,150,120,42,42,38,255,255,8,255,255,6,8,26,16,28,18,14,68,255,62,230,42,18,6,12,32,26,24,8,8,6,4,0,4,4,4,8,18,2,16,222,255,174,120,255,255,255,250,194,255,255,142,255,255,255,166,255,255,78,26,28,2,20,26,14,2,26,34,40,255,255,255,44,74,6,80,12,54,142,128,68,98,90,32,62,78,14,14,16,26,8,6,0,0,0,4,6,4,6,20,26,10,2,14,26,24,24,26,16,8,18,14,14,10,12,26,42,18,10,24,20,12,16,20,22,38,44,22,16,28,20,14,14,32,22,2,24,26,28,52,40,26,42,36,38,34,16,8,14,136,202,48,10,8,36,160,224,142,84,44,36,42,52,34,94,134,190,255,255,255,86,28,6,6,6,16,12,2,8,8,6,16,10,4,10,10,6,10,10,6,6,6,12,14,4,12,10,4,6,14,10,6,6,22,8,12,62,48,44,24,242,255,255,104,30,14,52,122,183
11,255,110,98,94,64,58,48,30,40,40,52,50,28,22,20,16,22,14,2,12,10,4,10,4,10,12,18,16,28,42,64,100,126,32,255,66,255,182,58,255,255,206,38,255,255,255,216,14,14,12,74,80,42,48,22,6,4,2,0,0,2,6,4,4,0,0,0,0,0,0,0,0,0,0,2,6,4,0,8,18,16,10,42,98,92,64,10,10,6,16,22,16,42,20,2,14,18,22,22,42,82,255,255,255,255,255,110,218,188,132,66,255,144,202,255,255,222,138,134,78,194,255,255,60,14,16,20,12,14,4,2,16,8,14,16,26,20,30,58,38,18,8,4,4,0,0,0,0,0,0,0,0,0,0,0,0,0,0,4,12,6,22,16,14,16,8,10,6,255,255,244,255,208,12,134,255,255,176,255,142,255,255,158,100,40,16,14,48,202,255,255,255,30,12,4,14,8,8,4,2,4,4,0,10,6,14,24,20,14,2,26,172,140,232,130,106,255,255,255,90,82,30,255,255,255,190,255,242,162,180,52,6,8,10,255,255,255,146,24,32,194,138,170,44,10,22,232,202,236,188,2,2,8,10,66,68,26,26,24,255,255,130,255,255,108,106,46,32,56,132,66,50,84,82,98,255,255,255,255,255,255,255,255,255,255,255,146,78,154,130,210,158,208,72,114,80,40,32,255,255,255,255,182,82,214,178,112,14,22,76,232,126,202,6,12,8,6,12,6,10,4,4,4,4,6,6,6,8,2,8,8,16,122,255,88,206,234,255,255,255,255,255,255,255,255,255,255,44,255,255,156,44,30,8,24,22,10,2,12,52,30,255,255,255,48,52,76,48,30,20,104,166,162,84,58,96,88,108,34,8,24,6,16,6,0,2,6,12,16,14,20,24,6,12,10,16,24,20,16,14,10,8,14,12,12,10,12,34,26,10,14,22,24,22,18,12,14,28,30,6,34,20,14,28,18,28,34,8,26,16,28,68,42,28,28,18,32,26,4,28,40,162,214,68,12,28,12,128,252,178,56,28,52,48,14,124,255,255,255,242,190,94,10,6,2,0,0,2,6,8,10,10,4,16,2,8,10,4,4,12,12,18,16,6,4,14,16,6,14,8,4,10,10,8,16,24,10,14,16,44,20,34,255,255,255,170,132,154,154,158,210
22,242,18,50,70,68,80,66,30,38,32,14,20,38,42,34,20,22,30,18,4,6,8,4,14,12,12,12,10,28,38,58,100,110,60,178,190,255,255,152,255,255,255,62,126,255,255,255,126,2,56,92,24,74,28,4,4,0,0,0,0,2,4,4,4,0,0,0,0,0,0,0,0,0,0,0,4,6,4,10,12,24,104,255,255,255,68,6,6,12,16,32,26,30,4,6,28,32,48,32,32,42,28,144,255,255,255,255,255,116,255,255,255,92,255,255,226,176,174,250,208,255,255,255,4,6,12,16,12,8,6,16,2,12,8,22,36,54,150,124,130,42,14,4,4,0,0,0,0,0,0,0,0,0,0,0,0,0,0,2,6,4,8,6,6,8,0,6,48,255,214,255,255,100,12,72,255,255,70,255,255,176,242,218,224,160,60,14,48,212,255,255,178,10,18,18,10,16,8,4,6,4,4,0,8,4,16,26,14,14,12,16,222,72,252,24,164,76,255,255,255,255,255,255,176,170,160,255,144,250,144,46,16,16,42,112,52,126,78,16,102,255,160,194,16,28,4,162,255,174,184,16,8,2,6,24,16,18,14,228,255,255,255,255,106,82,20,6,30,110,50,112,138,64,92,128,52,255,255,255,74,255,255,78,255,255,255,112,74,150,110,130,52,170,72,82,92,26,98,126,255,255,255,255,255,236,198,124,2,6,64,230,112,154,18,6,6,38,70,60,14,4,4,4,4,4,4,10,8,12,8,8,28,70,255,64,255,74,160,114,128,58,20,78,208,232,72,230,36,255,255,236,54,22,10,26,30,20,12,12,34,24,252,255,255,50,40,82,110,64,30,58,40,44,104,94,60,144,118,48,16,6,12,10,4,4,8,14,18,20,18,16,2,22,12,16,26,24,20,10,6,6,10,16,14,12,14,32,36,8,6,18,22,22,16,6,4,28,48,22,30,42,18,8,30,16,20,38,18,24,30,42,62,24,6,26,12,24,22,16,36,22,146,204,82,22,24,4,90,255,238,90,40,70,210,255,255,255,255,168,24,8,26,2,8,10,6,4,4,2,2,4,10,24,40,22,10,6,4,4,8,4,4,10,10,12,12,20,12,12,8,2,8,8,6,24,18,18,34,38,24,40,18,255,255,255,180,116,90,48,10,217
27,182,44,42,50,44,62,82,50,50,64,32,12,30,46,46,34,32,46,42,20,16,12,18,14,26,18,8,8,28,42,66,128,128,104,24,232,82,255,202,68,255,255,226,48,255,255,255,255,44,68,50,84,78,28,16,6,0,0,2,4,6,8,6,2,0,0,0,0,0,0,0,0,0,0,0,2,4,6,8,2,14,255,255,255,255,184,130,112,84,60,44,40,48,22,10,20,36,32,44,12,10,12,20,28,204,255,255,255,255,255,96,218,88,255,236,255,84,82,168,174,255,255,255,18,10,4,8,2,4,4,12,22,12,12,14,58,36,98,40,126,26,20,2,4,0,0,0,0,0,0,0,0,0,0,0,0,0,0,2,6,8,6,10,8,2,4,6,138,255,102,202,22,12,10,34,255,255,184,255,255,255,82,66,192,255,206,130,78,186,255,255,104,14,6,20,14,12,14,2,6,4,4,0,6,6,14,26,6,16,18,12,254,8,248,255,255,255,255,255,255,255,255,246,198,178,112,255,70,248,142,88,36,10,178,255,255,120,24,44,130,255,234,255,24,32,8,58,222,164,164,16,14,24,40,22,20,24,26,255,255,255,255,255,90,128,66,40,38,108,124,94,16,78,80,96,128,34,255,255,255,255,255,255,255,255,166,255,214,118,158,114,122,162,122,34,164,98,30,144,255,255,248,255,255,255,255,100,6,14,12,108,96,108,28,12,42,184,108,124,22,4,4,4,4,4,4,12,12,24,8,10,26,52,255,42,255,58,116,20,52,86,94,116,92,255,255,255,72,255,255,255,58,8,2,16,26,22,14,16,24,14,134,255,255,40,102,86,60,76,14,74,110,100,70,108,90,104,122,66,18,18,10,8,6,6,8,12,12,12,12,4,22,20,14,46,44,30,24,12,10,8,16,22,12,24,30,36,24,8,18,22,24,22,16,6,20,46,42,10,54,42,24,22,22,18,24,42,24,4,28,54,46,14,16,24,14,22,18,30,50,48,150,208,72,14,22,12,60,228,255,158,234,255,255,255,255,152,58,18,16,8,24,4,6,8,8,10,12,10,10,6,40,118,122,124,70,4,4,4,6,8,8,6,2,10,14,16,0,16,8,2,0,4,8,22,24,14,20,26,36,26,34,255,255,255,52,48,96,124,140,199
28,174,58,52,52,42,54,50,12,18,56,28,6,28,46,20,2,10,36,42,28,24,38,56,38,52,50,48,52,70,84,114,176,196,174,138,136,178,246,255,108,255,255,255,64,100,255,255,255,158,50,32,66,40,2,4,8,4,4,6,6,4,4,6,4,0,0,0,0,0,0,0,0,0,0,0,0,0,2,6,4,14,255,255,255,255,255,255,255,255,255,228,222,232,194,150,148,156,134,160,102,70,46,38,22,6,18,232,255,255,255,255,255,52,252,255,200,162,90,164,255,255,255,255,22,14,4,4,8,4,6,12,142,148,164,16,44,58,126,114,120,22,12,18,6,0,0,0,0,0,0,0,0,0,0,0,0,0,0,0,4,2,12,4,10,6,8,10,196,202,188,156,18,6,6,14,255,255,255,60,98,234,218,162,84,124,230,230,244,255,255,255,12,8,16,4,8,2,8,6,6,4,4,0,4,4,14,28,6,20,20,38,226,56,218,255,255,102,214,255,255,255,255,255,200,255,22,236,22,176,174,240,152,12,255,226,248,150,22,20,140,255,144,255,12,16,6,22,54,4,52,12,8,96,80,90,2,22,184,255,255,255,255,108,148,70,124,22,44,62,170,108,126,40,40,110,114,166,255,224,88,126,255,255,255,146,122,166,255,78,186,44,84,78,166,84,168,52,60,86,58,255,255,255,188,255,255,2,10,16,4,20,24,46,4,20,104,220,120,146,12,4,4,4,4,4,4,2,8,6,22,10,12,26,255,146,255,28,158,36,76,112,74,72,48,255,174,255,142,255,255,255,56,18,8,8,18,14,8,10,18,16,78,255,255,136,74,58,62,70,30,70,136,30,68,62,98,22,124,116,36,2,12,12,6,6,8,14,16,16,16,16,22,6,40,60,46,30,24,14,16,16,18,24,12,32,36,26,10,12,20,26,30,26,18,0,32,46,12,44,62,36,22,30,16,6,28,74,32,22,52,40,36,14,18,30,16,20,6,18,28,42,144,228,74,2,12,12,34,204,255,255,255,255,222,94,22,10,10,8,12,22,14,16,12,8,10,10,8,6,6,8,58,110,40,92,74,14,10,2,4,10,10,8,12,16,10,4,16,16,4,10,10,8,20,24,12,22,20,26,36,6,54,255,255,255,202,156,148,100,56,183
29,212,94,124,138,160,164,146,112,130,140,82,72,120,114,106,66,80,100,90,70,64,64,66,46,56,54,64,66,76,84,114,170,206,190,242,178,124,42,255,112,46,255,255,238,12,164,255,255,255,34,40,64,34,16,14,4,0,2,4,2,0,0,4,6,4,4,4,4,4,4,4,4,2,0,0,0,0,0,8,12,24,255,255,176,255,224,156,176,230,232,232,238,255,255,255,255,255,255,255,248,226,192,200,200,170,146,128,130,154,255,255,255,255,255,86,196,255,255,255,255,255,255,255,12,12,16,10,4,8,10,6,152,18,160,22,10,4,2,16,12,18,2,24,6,0,0,0,0,0,0,0,0,0,0,0,0,0,0,2,4,6,20,28,16,4,4,20,220,206,255,134,22,4,10,20,255,255,255,44,22,122,176,208,255,160,34,98,252,255,255,255,2,18,10,14,4,6,4,8,2,4,4,2,4,4,16,24,4,26,22,50,198,94,162,232,255,255,255,255,255,255,255,255,255,255,114,180,120,202,130,160,162,32,255,110,255,134,8,8,48,255,222,255,34,18,42,142,112,96,34,14,18,156,88,212,24,4,255,255,242,255,202,32,154,112,132,122,72,108,40,80,182,255,52,48,30,255,255,255,234,255,255,255,255,255,156,206,46,220,130,218,120,190,102,54,98,140,52,72,78,255,255,252,250,255,255,20,14,4,66,134,114,58,22,16,100,170,160,150,4,4,4,4,4,4,4,8,16,18,14,8,6,38,224,176,255,126,190,126,42,66,108,64,42,255,220,255,226,255,255,255,36,22,18,12,24,26,14,12,24,26,12,255,255,200,62,20,58,32,32,22,118,118,84,44,68,50,60,120,54,14,2,10,2,4,6,14,20,22,24,18,10,12,30,40,32,10,6,6,12,12,8,14,12,40,36,8,10,20,28,34,32,22,10,20,46,30,16,52,50,26,14,18,22,30,58,74,22,22,42,20,32,28,4,14,10,22,26,32,28,26,128,210,74,12,6,16,10,122,190,222,160,60,16,8,16,12,20,20,14,12,26,18,4,0,4,6,6,8,10,8,44,114,108,144,76,4,8,8,4,8,4,0,4,12,16,10,14,4,16,18,16,14,28,38,26,30,18,42,46,46,150,255,255,255,202,68,38,100,134,194
22,228,164,248,234,218,182,136,124,110,116,90,60,74,50,74,56,98,96,66,44,32,22,10,6,6,14,16,12,12,20,26,70,106,72,86,152,70,138,232,255,124,255,255,255,78,52,255,255,255,255,22,30,50,8,4,10,4,6,6,4,2,0,2,4,4,4,4,4,4,4,4,6,6,2,0,0,0,0,8,24,38,255,255,226,255,106,38,22,26,30,44,40,78,110,104,118,110,154,184,218,232,196,198,192,218,234,168,132,128,122,192,255,255,255,255,255,255,255,255,255,255,255,255,18,14,16,14,2,10,16,12,152,166,172,22,12,4,4,2,6,20,18,12,6,0,0,0,0,0,0,0,0,0,0,0,0,0,0,4,6,24,50,46,44,12,12,16,154,136,190,50,32,12,6,16,255,255,255,58,48,24,52,76,228,255,216,158,64,255,255,192,4,16,12,14,4,8,6,12,8,8,6,4,2,4,16,22,4,24,32,58,148,84,90,100,108,20,118,184,255,255,255,255,220,212,162,132,226,222,166,178,120,52,255,64,255,72,12,4,2,120,130,118,12,4,124,208,116,114,24,16,16,176,124,146,44,16,255,255,255,255,16,84,58,28,76,220,102,102,124,206,162,242,96,128,255,255,164,255,255,255,255,255,255,255,255,90,140,230,255,36,120,194,255,150,34,94,90,48,44,255,255,46,255,248,255,84,6,8,228,176,182,56,6,18,90,160,94,114,2,6,6,4,4,4,4,8,6,4,2,4,2,72,202,182,220,216,114,120,84,100,80,38,76,255,255,255,250,184,255,255,30,30,34,18,38,28,8,16,30,24,32,255,255,255,56,26,50,40,68,56,48,52,28,48,62,52,16,126,84,8,6,2,12,2,2,2,10,14,16,14,12,16,32,58,68,50,24,12,16,12,6,12,18,46,34,10,30,28,34,36,26,8,8,46,48,6,24,34,40,18,10,12,12,18,48,44,16,40,28,14,44,20,14,20,28,52,46,56,72,104,232,242,76,6,6,14,12,20,30,32,2,8,8,12,8,16,76,96,88,76,62,22,8,4,2,2,4,4,6,20,24,46,58,44,14,12,12,8,2,4,6,10,12,8,2,4,4,4,26,26,20,10,22,24,14,26,16,56,14,40,255,255,255,204,130,168,158,144,124,214
15,172,94,166,84,42,26,12,40,44,84,66,86,100,106,84,40,82,60,36,26,24,34,24,28,28,30,20,34,30,38,64,102,88,86,154,242,190,174,92,255,150,60,255,255,226,28,146,255,255,255,174,48,74,32,8,4,12,14,4,4,10,18,18,14,6,2,2,2,2,0,4,6,10,4,4,8,8,4,12,4,42,255,255,255,255,164,162,162,142,138,152,142,118,98,84,102,108,70,16,34,40,26,60,56,74,112,112,92,50,26,62,96,255,255,255,255,255,255,255,255,255,255,198,4,8,6,6,12,10,2,18,22,16,8,10,6,8,2,6,8,2,4,10,6,0,0,0,0,0,0,0,0,0,0,0,0,0,0,4,6,24,44,30,34,2,8,14,68,26,66,28,6,16,16,6,224,255,255,198,154,144,70,8,74,122,180,255,255,255,255,104,14,10,14,2,10,14,10,8,4,4,4,4,2,6,20,22,10,22,34,58,78,34,222,255,255,166,182,194,174,164,158,218,86,212,164,96,178,82,26,14,14,32,255,202,255,110,6,4,54,78,40,24,24,20,190,144,172,98,12,18,12,82,146,124,50,152,255,255,255,255,110,38,64,88,56,170,182,90,76,188,188,255,84,44,255,255,255,255,255,50,255,255,255,172,255,230,80,170,58,255,210,255,76,158,156,80,70,130,88,60,255,242,255,255,255,108,4,52,255,34,238,22,32,2,44,128,78,98,14,6,10,24,24,6,6,6,8,6,8,4,4,76,204,240,172,220,94,80,40,68,36,54,92,255,255,255,255,170,255,255,78,28,28,10,48,32,10,16,42,30,22,255,255,255,32,30,24,24,38,28,74,54,82,52,22,44,34,90,160,84,2,10,12,0,4,8,4,2,4,6,14,20,22,36,56,68,68,62,56,44,34,26,16,34,34,12,20,12,24,28,12,16,38,58,26,18,20,30,40,18,16,8,18,24,36,34,40,52,22,2,46,22,30,36,60,94,146,188,200,210,236,166,42,10,2,10,20,14,18,30,16,10,4,20,142,255,255,255,200,44,42,42,20,8,10,6,6,10,10,10,12,10,28,26,24,10,12,6,2,4,6,8,10,10,10,12,12,4,20,14,10,8,20,20,28,22,14,34,36,78,255,255,255,228,100,154,82,12,42,211
15,250,172,255,220,198,202,178,192,182,190,136,142,124,136,100,88,134,120,102,100,74,52,36,8,10,18,6,18,6,10,24,56,72,50,50,144,144,212,164,255,255,42,255,255,255,62,24,160,255,255,255,14,66,26,20,12,6,12,18,20,14,8,8,20,24,20,16,10,10,8,12,10,18,12,12,10,8,12,4,12,20,234,255,112,236,255,190,108,80,46,36,86,134,156,176,186,206,230,236,194,160,124,108,104,92,88,74,48,38,38,50,54,42,24,52,58,56,76,186,255,255,255,68,6,14,10,4,8,6,6,6,10,10,6,8,8,8,4,0,2,2,4,4,2,0,0,0,0,0,0,0,0,0,0,0,0,0,0,2,4,14,38,38,28,8,8,0,58,6,58,18,6,4,12,18,122,255,255,168,158,254,178,20,38,16,46,144,255,255,255,56,12,12,10,4,16,12,20,20,8,8,8,4,4,8,22,22,6,30,26,86,92,64,255,255,255,192,184,196,66,74,42,118,126,172,136,88,132,70,22,10,10,26,248,255,255,94,14,46,232,160,156,44,16,6,210,128,214,126,6,8,10,6,18,16,20,255,255,108,255,122,242,94,84,34,2,88,142,38,70,126,136,112,96,102,255,255,255,255,255,112,255,255,255,172,255,254,164,102,234,150,255,255,128,10,255,118,98,32,120,144,255,255,255,255,255,116,10,66,230,74,206,26,24,10,22,76,64,56,18,12,40,50,54,20,4,4,6,4,2,8,6,44,176,255,138,226,208,255,255,255,255,255,255,255,255,255,255,140,255,255,114,30,28,10,38,40,26,6,34,20,10,255,255,255,32,28,30,44,40,44,102,50,10,96,76,28,82,64,154,120,4,6,6,6,2,4,4,2,4,4,6,2,6,20,30,40,54,64,66,66,72,70,44,50,38,16,36,36,40,36,18,22,30,24,10,16,22,26,32,24,26,6,20,22,30,44,60,62,88,88,114,124,148,162,178,186,184,172,148,126,102,48,4,8,6,4,6,22,14,16,10,8,96,255,255,255,112,200,222,86,46,22,6,0,6,4,8,14,12,12,10,4,16,18,12,12,12,6,8,4,2,4,6,2,6,4,8,14,20,12,16,4,16,16,40,48,36,22,14,142,255,255,255,182,96,216,255,172,126,193
12,255,90,248,238,226,234,210,202,150,166,124,84,88,102,74,66,94,88,76,92,84,78,46,34,30,26,18,24,20,26,42,106,144,90,132,230,228,164,72,134,255,255,146,255,255,192,8,32,255,255,255,255,32,8,24,22,8,18,12,4,6,6,12,8,14,16,18,16,16,16,20,14,12,4,8,16,14,6,0,8,12,60,250,255,255,255,255,255,255,255,255,255,255,255,255,255,255,220,122,68,36,56,112,124,130,158,174,172,164,152,120,78,50,34,42,50,64,70,90,124,164,114,14,12,10,12,2,2,0,0,0,0,0,0,0,0,0,0,0,0,0,0,0,0,0,0,0,0,0,0,0,0,0,0,0,0,0,0,0,0,0,0,0,0,0,0,2,60,14,68,18,8,26,28,14,80,255,255,92,56,160,190,48,26,26,26,32,232,255,255,34,10,16,14,6,56,46,42,4,6,4,4,0,4,8,22,22,18,30,10,88,46,108,255,255,255,255,255,255,255,255,255,116,144,146,92,8,80,58,16,8,6,22,60,98,122,56,14,126,255,170,204,16,6,4,150,238,136,148,14,12,4,10,10,12,16,255,255,255,255,132,255,120,144,136,110,146,56,58,50,78,68,56,110,136,255,255,255,255,255,255,255,255,255,255,255,224,174,102,160,255,255,255,255,250,255,255,255,98,26,184,255,255,255,255,52,52,12,68,255,58,212,16,18,10,54,84,66,18,14,6,42,26,46,24,8,4,4,6,4,12,10,6,116,246,122,216,255,255,255,255,226,130,110,116,255,255,255,138,255,255,184,32,16,6,24,48,38,12,36,24,14,255,255,255,24,14,4,18,26,20,48,58,86,102,118,46,88,64,142,130,6,6,10,4,4,6,4,2,6,6,6,10,8,6,12,6,8,16,28,34,54,72,68,54,44,30,38,52,70,80,68,48,44,32,22,28,48,64,70,62,64,62,82,88,92,112,142,140,170,160,152,166,170,164,146,114,76,40,16,10,10,8,4,6,4,8,4,10,30,26,56,232,255,255,108,196,255,255,194,20,8,16,6,6,8,6,10,12,4,16,10,6,10,16,14,10,14,10,8,4,2,4,8,10,10,4,8,36,26,24,10,12,4,10,28,30,40,24,28,196,255,255,194,162,218,136,255,236,98,189
6,255,255,136,44,14,66,108,84,64,90,90,58,52,60,52,42,64,66,44,46,60,92,78,22,6,6,16,18,14,8,10,26,62,36,22,78,108,164,160,102,255,255,158,250,255,255,62,14,108,255,255,255,255,22,4,14,20,48,38,36,50,60,54,34,26,22,20,16,8,4,6,10,12,6,4,4,6,6,14,14,14,14,248,255,255,184,30,98,192,255,255,255,255,255,255,255,255,255,255,255,255,255,255,255,255,255,255,226,158,120,88,50,40,58,68,64,78,90,104,118,154,138,10,14,14,6,10,8,0,0,0,0,0,0,0,0,0,0,0,0,0,0,0,0,0,0,0,0,0,0,0,0,0,0,0,0,0,0,0,0,0,0,0,0,0,0,6,46,20,62,6,18,16,26,10,26,255,255,255,240,254,194,26,28,42,76,82,214,255,255,18,10,10,8,80,194,148,106,10,8,4,6,0,4,8,22,20,20,30,12,106,24,92,255,255,255,255,255,255,255,255,255,255,255,54,226,148,166,46,48,18,12,94,182,160,84,22,22,146,255,178,224,10,12,8,52,196,140,126,36,6,20,8,4,24,20,255,255,255,255,92,136,212,102,142,46,122,56,36,60,140,128,86,68,210,40,255,255,255,255,255,255,255,255,255,255,124,150,120,255,255,176,255,255,180,255,255,255,108,116,126,255,255,255,255,20,36,22,20,208,158,172,56,18,34,214,130,166,24,8,10,44,34,52,24,8,8,4,6,4,12,12,14,134,250,126,232,255,255,255,255,255,255,255,255,255,255,164,116,255,255,255,104,18,16,14,46,60,72,52,16,16,255,255,255,40,52,54,18,26,14,18,22,112,98,100,114,92,38,116,140,16,10,14,10,8,10,10,8,8,2,10,4,6,20,10,18,4,4,4,4,6,18,24,22,18,18,16,22,40,60,70,66,64,56,46,42,54,68,76,76,76,78,90,98,98,98,100,102,108,88,68,54,34,16,6,12,8,4,6,8,6,4,2,6,4,4,14,2,30,40,174,255,255,184,255,255,194,102,12,18,6,14,4,4,8,6,10,14,8,12,12,6,4,0,4,4,6,12,6,4,6,8,6,8,8,6,22,26,10,28,26,14,12,12,28,2,8,32,28,255,255,255,122,76,166,190,60,170,194,204
5,236,255,255,248,232,134,54,78,64,66,90,82,58,60,56,40,62,74,50,34,54,126,126,58,52,50,62,62,60,56,70,106,120,104,172,254,255,255,244,255,188,255,198,78,255,255,204,12,18,150,255,255,255,128,26,14,18,32,12,22,16,18,28,48,58,58,58,58,54,52,48,44,48,42,26,8,4,6,10,10,10,14,90,255,255,255,255,255,255,255,255,255,255,255,255,214,118,12,132,218,255,255,255,255,255,255,255,255,255,255,255,255,255,255,255,255,255,228,154,110,146,96,22,2,20,12,2,8,0,0,0,0,0,0,0,0,0,0,0,0,0,0,0,0,0,0,0,0,0,0,0,0,0,0,0,0,0,0,0,0,0,0,0,0,0,0,10,52,68,130,174,150,98,110,126,112,255,255,255,204,204,132,50,82,170,158,154,170,255,255,26,4,16,12,188,182,140,108,8,8,2,8,0,4,8,22,18,30,26,10,144,26,108,255,255,255,255,255,255,255,255,255,255,255,56,255,228,255,226,250,126,44,255,255,255,102,10,10,160,255,134,255,10,14,8,22,26,34,28,16,28,28,16,18,10,12,255,255,255,255,148,116,40,56,90,134,124,70,30,74,144,134,40,68,186,140,80,255,255,255,255,255,255,255,236,255,134,130,96,255,14,255,255,255,255,255,230,255,255,80,90,255,255,255,255,54,68,4,20,42,80,76,24,14,104,255,110,184,6,16,2,34,26,30,16,8,14,6,8,4,10,4,28,148,244,142,242,252,255,255,255,226,144,32,80,88,30,66,112,255,255,255,255,192,52,92,172,224,212,210,128,26,255,255,255,36,32,50,28,36,28,42,20,126,140,38,90,26,148,200,255,52,2,6,10,12,14,14,10,4,4,12,4,8,8,10,10,2,10,10,10,10,10,8,2,10,8,2,6,2,8,14,16,16,14,12,16,18,26,30,30,28,28,20,20,16,16,12,10,8,8,4,4,6,6,4,8,6,2,2,6,2,6,6,6,4,4,6,6,22,58,206,255,255,255,255,50,16,20,12,14,8,10,6,4,8,6,12,14,10,12,6,2,4,6,0,8,12,8,4,6,10,4,16,20,6,8,12,22,38,18,12,20,8,4,18,22,40,30,100,255,255,255,130,116,164,255,228,198,174,218
3,246,255,170,100,96,166,82,74,54,28,52,62,40,50,50,24,36,50,40,22,24,100,134,90,80,78,76,70,66,58,64,92,94,90,154,170,178,198,106,255,212,255,255,166,194,255,255,88,22,28,218,255,255,255,100,30,16,34,76,62,62,72,66,54,46,34,22,10,4,12,16,14,18,26,24,20,8,14,22,44,52,28,24,52,255,255,255,255,255,255,255,255,255,255,255,255,255,255,255,255,255,255,255,255,255,214,124,16,104,182,255,255,255,255,255,255,255,255,255,255,255,255,16,8,10,10,14,8,0,0,0,0,0,0,0,0,0,0,0,0,0,0,0,0,0,0,0,0,0,0,0,0,0,0,0,0,0,0,0,0,0,0,0,0,0,0,12,112,248,255,255,255,255,255,255,255,255,255,255,255,255,255,255,255,255,255,255,255,255,255,48,28,8,22,166,76,255,74,4,10,2,8,0,4,8,22,10,18,14,6,140,16,112,255,255,255,255,255,255,255,255,255,150,255,62,255,132,180,132,208,154,84,255,102,255,96,20,24,78,255,196,242,22,4,42,150,120,88,16,32,14,14,18,16,6,6,255,255,255,255,92,134,76,44,82,80,18,110,62,38,180,48,68,54,84,66,58,122,148,132,80,88,62,255,26,255,134,108,255,255,255,255,255,180,255,255,255,255,234,108,230,255,255,255,255,122,200,22,96,142,116,50,28,16,108,174,172,162,14,20,8,18,12,8,8,12,8,4,6,6,8,4,24,136,220,140,216,158,154,144,80,68,38,56,32,34,68,86,128,255,255,240,255,255,255,255,255,255,255,255,255,188,255,255,255,50,62,10,62,16,8,24,4,82,152,40,140,74,222,84,255,76,12,2,4,4,4,10,12,10,6,6,16,16,16,26,16,12,6,6,8,6,6,8,4,4,2,8,12,6,6,6,4,4,6,4,8,6,4,6,6,4,6,8,8,4,4,0,2,0,4,10,4,8,16,18,12,2,2,2,4,0,2,4,4,2,4,10,10,6,32,192,255,255,186,80,26,14,16,14,6,14,8,2,4,14,8,8,10,4,8,2,4,4,8,8,4,12,20,10,10,12,6,26,22,18,2,12,14,26,40,16,22,24,12,16,30,46,28,204,255,255,255,168,136,122,188,255,32,255,212
6,220,222,138,234,236,255,78,74,46,18,34,46,36,52,58,38,42,44,46,40,14,52,96,72,62,62,44,38,40,26,24,42,42,40,92,102,118,134,82,154,255,116,255,112,224,255,255,216,52,12,52,255,255,255,255,156,4,18,12,30,14,24,44,52,60,62,64,70,72,74,68,58,50,52,48,30,16,24,18,26,10,26,24,10,12,20,44,72,82,98,142,154,168,230,255,255,255,255,255,255,255,255,255,255,255,255,255,255,255,255,255,255,255,255,255,255,166,66,58,154,255,255,12,16,8,2,8,4,0,0,0,0,0,0,0,0,0,0,0,0,0,0,0,0,0,0,0,0,0,0,0,0,0,0,0,0,0,0,0,0,0,0,0,0,0,0,16,130,180,90,102,86,180,192,202,240,80,255,255,255,255,255,255,255,255,255,255,255,255,255,92,86,70,54,126,144,136,8,4,6,2,6,0,6,8,22,16,10,22,22,142,32,132,255,255,255,146,196,110,182,196,216,255,255,72,255,204,255,255,255,184,114,255,40,255,46,16,24,8,142,146,112,32,18,168,208,164,92,12,4,6,16,10,6,4,10,255,255,255,255,138,56,110,104,32,130,54,78,38,38,72,140,92,70,36,36,234,255,255,255,255,90,255,255,255,255,108,255,180,255,146,255,255,224,255,255,255,255,212,146,244,252,255,255,255,94,255,52,238,160,196,76,6,14,110,198,106,132,4,20,4,22,10,8,8,10,6,8,2,4,8,4,20,136,220,140,188,162,148,134,82,34,12,72,102,72,68,94,176,255,255,150,255,255,255,255,255,152,174,232,255,255,236,255,255,14,50,30,54,32,40,54,6,58,162,70,158,32,232,74,255,82,14,2,4,6,6,6,14,24,24,46,54,54,34,32,46,12,8,14,6,8,6,8,6,6,10,10,8,8,4,2,2,4,10,12,8,2,0,2,4,8,8,10,12,16,10,6,6,4,6,8,8,4,8,10,10,4,2,4,2,0,0,0,0,0,4,20,4,16,26,50,86,94,30,88,38,12,8,22,8,8,18,8,0,10,10,8,8,2,4,10,8,8,10,16,24,20,10,22,2,16,12,24,16,16,12,6,14,14,12,24,16,30,30,20,56,28,24,255,255,255,166,30,30,82,118,194,146,192,186
1,216,255,255,182,88,134,48,90,76,58,58,64,54,56,56,58,68,50,54,66,20,10,50,40,30,40,22,18,30,18,20,20,30,42,82,122,138,128,112,6,255,132,255,255,162,255,255,255,72,26,2,100,255,255,255,255,170,4,22,24,12,10,8,16,12,8,2,4,12,16,22,26,24,26,18,4,10,18,30,54,62,58,38,28,24,8,14,8,6,22,22,10,16,30,4,8,16,22,46,66,90,122,174,218,234,250,255,255,255,255,255,255,255,255,255,255,255,255,255,255,255,255,4,4,2,4,10,10,0,0,0,0,0,0,0,0,0,0,0,0,0,0,0,0,0,0,0,0,0,0,0,0,0,0,0,0,0,0,0,0,0,0,0,0,0,0,16,126,224,216,234,255,255,255,255,190,120,102,76,30,52,102,146,200,204,255,255,255,255,152,54,64,84,36,44,72,32,4,2,4,2,6,2,8,6,20,14,10,26,18,152,38,138,240,255,140,6,90,18,255,255,212,174,255,92,255,224,255,108,114,46,60,255,140,255,74,6,2,86,104,62,20,26,16,224,112,210,94,6,6,10,2,12,8,8,8,255,255,255,255,170,118,156,108,12,86,58,42,66,42,54,98,200,255,255,255,255,255,255,255,255,255,255,255,255,255,30,198,46,255,255,255,255,255,255,255,255,255,134,255,190,236,255,255,255,118,250,12,255,46,255,46,12,12,48,164,70,106,30,8,30,42,44,10,4,8,4,6,4,4,8,2,28,152,218,150,216,202,140,132,84,36,8,88,42,84,124,68,226,255,198,72,94,166,168,164,112,34,64,96,180,255,106,255,255,44,54,42,36,16,16,74,16,58,126,72,50,96,184,26,230,120,26,12,6,2,10,20,28,34,78,152,120,130,28,24,32,26,12,10,2,8,8,8,2,10,6,2,4,6,6,4,6,8,6,0,4,2,0,0,4,6,4,2,6,6,6,4,2,2,4,6,6,4,2,2,2,2,4,6,4,2,0,0,0,0,4,14,12,10,14,10,34,112,54,78,80,46,6,18,10,2,8,10,2,8,6,6,8,4,12,8,6,10,12,8,20,26,6,22,16,12,14,12,18,6,16,10,14,14,24,20,20,18,20,16,40,6,68,255,255,255,82,154,188,212,172,130,148,172,177
12,255,212,70,112,156,82,24,82,90,84,82,54,32,38,38,66,68,16,32,66,12,2,44,32,26,40,36,38,34,10,34,22,8,38,70,162,212,208,182,136,118,255,74,255,68,112,255,255,206,52,34,28,76,255,255,255,255,252,54,12,4,8,2,8,4,8,6,6,14,20,12,10,6,6,6,8,4,4,6,6,2,10,2,2,8,12,4,6,8,6,18,18,32,22,14,10,8,12,14,16,10,12,10,10,8,10,12,2,10,16,28,40,58,92,118,150,202,242,255,255,255,136,2,2,4,2,10,8,2,0,0,0,0,2,2,2,0,0,0,0,0,0,2,4,4,4,4,4,2,0,2,4,4,2,0,0,0,0,0,0,0,2,2,2,2,4,20,58,68,84,68,140,255,252,236,255,194,118,66,36,46,62,94,126,116,128,116,92,94,94,112,102,146,132,52,26,22,20,4,6,2,4,4,6,6,20,12,16,14,10,176,84,198,56,255,255,255,154,255,255,255,255,255,255,52,220,164,188,8,14,24,6,255,255,255,62,18,80,255,192,198,36,24,22,230,130,206,90,8,10,4,6,16,8,2,8,255,255,255,255,102,50,72,126,28,40,118,152,74,132,158,156,182,255,232,255,255,255,255,255,255,255,74,255,255,255,98,120,124,166,255,255,255,255,255,255,255,255,252,46,152,255,255,255,255,152,196,76,238,108,230,8,10,12,12,66,86,80,36,14,80,90,102,30,2,4,12,4,2,6,6,4,48,174,194,152,192,144,172,130,40,12,16,40,18,28,86,14,236,255,146,130,94,76,62,30,22,24,44,58,78,196,148,255,255,36,58,26,58,38,24,64,56,84,48,16,84,142,116,36,176,138,32,18,16,6,24,32,20,4,54,100,60,132,74,42,40,26,4,2,4,2,2,2,4,4,8,10,10,8,6,4,4,2,4,4,6,2,0,0,4,6,4,2,6,4,4,4,4,6,2,2,6,0,4,4,4,6,20,96,132,128,80,106,106,56,4,10,0,4,10,14,34,74,80,12,78,80,16,16,18,14,20,12,14,6,10,4,6,6,10,12,20,12,20,18,24,20,12,20,24,16,24,14,22,18,10,8,20,26,12,12,20,22,4,12,14,10,224,255,255,230,255,224,202,230,176,150,160,204,207
25,255,255,255,255,255,118,40,50,64,56,116,144,104,122,186,212,148,130,136,154,106,78,116,98,96,98,96,90,88,78,38,14,20,74,140,164,234,255,255,255,96,255,220,255,228,160,255,255,255,112,66,30,6,32,255,255,255,255,255,72,8,6,10,16,16,2,4,8,16,12,8,6,4,2,2,4,4,2,2,4,4,4,4,4,6,6,10,10,12,16,16,2,16,16,8,4,4,4,6,10,10,10,6,6,8,8,4,8,8,6,4,6,8,8,10,10,8,4,4,4,2,6,6,6,4,2,6,4,2,0,0,0,0,2,2,4,2,0,0,0,0,2,4,2,0,0,0,2,2,0,2,2,2,2,0,0,0,0,0,0,0,2,0,2,2,2,34,32,26,36,30,18,66,26,28,116,140,136,164,144,152,156,152,118,98,110,44,8,54,58,64,112,166,202,50,10,14,28,6,2,2,4,4,2,10,22,16,26,14,4,162,52,150,250,255,255,255,66,255,255,255,150,255,255,100,220,164,212,2,18,20,60,114,12,108,30,4,174,255,162,208,26,16,2,156,204,178,86,12,10,4,8,4,6,8,8,255,255,255,255,152,74,134,114,58,30,108,84,48,114,54,164,90,255,255,255,255,255,255,255,255,255,255,255,255,182,40,116,162,122,238,255,255,255,255,255,164,108,116,116,110,255,255,255,255,16,48,74,255,66,232,34,12,10,42,80,24,50,12,16,96,70,114,36,4,6,6,12,6,6,4,4,56,160,158,160,184,74,66,48,32,12,24,20,20,6,90,26,255,255,70,190,148,78,46,30,18,16,60,48,48,174,162,255,255,86,26,20,36,18,52,12,36,60,10,20,88,56,114,144,136,112,28,8,18,4,24,20,10,42,62,130,130,118,44,10,12,6,2,2,2,4,4,4,2,4,4,4,2,0,0,0,2,4,4,2,4,4,4,4,4,6,4,6,2,4,4,2,0,2,2,2,2,4,8,10,6,2,28,214,255,255,255,255,255,255,2,8,8,6,4,8,18,40,74,104,10,98,54,10,22,4,34,8,18,12,14,20,4,8,12,2,10,4,12,8,8,10,26,24,12,20,16,42,4,16,4,6,4,24,26,22,16,20,28,16,10,78,255,255,255,176,168,146,76,188,174,255,178,44,215
29,255,104,194,146,114,72,72,46,52,104,254,255,192,202,255,218,178,174,164,164,146,114,122,104,78,64,64,50,74,92,46,18,50,120,114,70,102,144,216,255,200,166,255,52,255,42,102,255,255,234,80,16,22,38,74,250,255,255,255,255,34,8,18,4,18,18,16,8,8,12,8,8,0,0,0,0,0,0,0,0,0,0,0,0,0,0,0,0,0,0,0,0,0,0,0,0,0,0,0,0,0,0,0,0,0,0,0,0,0,0,2,4,4,4,6,6,4,4,4,4,4,4,8,8,6,4,4,2,4,4,4,4,4,4,4,2,2,0,0,0,0,2,2,4,4,4,4,4,2,0,2,4,4,2,0,0,0,0,2,4,4,6,6,2,2,6,38,20,24,66,94,58,134,146,168,255,255,255,242,178,180,126,58,24,34,80,112,110,138,150,146,168,198,238,44,6,22,16,12,2,4,0,0,0,8,18,18,24,20,4,160,74,150,255,255,255,255,255,255,255,255,255,226,255,64,255,160,255,18,26,10,200,212,248,70,16,18,192,240,224,218,16,20,8,44,120,116,74,10,4,6,8,4,2,12,6,255,255,255,255,70,96,100,80,54,76,40,78,76,94,72,150,16,88,48,255,255,255,96,255,226,255,246,216,192,120,58,144,144,160,244,176,112,56,196,194,206,64,148,36,28,255,255,255,255,64,84,18,206,158,182,32,6,12,158,100,116,34,16,10,90,82,114,32,6,2,6,12,4,0,2,4,54,190,156,214,196,68,108,198,255,250,218,58,18,30,40,52,255,255,62,186,162,138,116,54,8,72,114,86,72,166,120,255,255,84,58,52,22,50,12,40,48,72,56,102,100,90,120,60,54,162,88,2,16,2,26,24,24,34,18,4,4,0,6,6,2,0,0,0,0,0,0,0,0,0,0,0,0,0,0,0,0,0,0,0,0,0,0,0,2,6,2,4,0,0,0,0,0,0,0,0,0,0,4,4,0,0,30,228,255,92,156,166,255,255,10,2,6,4,2,4,4,12,32,86,88,44,124,58,24,12,32,24,22,18,8,22,10,2,18,18,26,4,8,12,22,32,26,18,16,20,22,30,22,30,18,14,10,12,6,2,10,6,26,30,30,198,255,255,255,255,122,196,126,174,36,255,255,136,194
71,255,62,66,48,22,44,76,56,58,138,244,226,114,104,80,70,50,52,42,52,34,34,42,60,54,42,56,36,48,92,40,26,76,78,64,82,82,62,130,220,202,6,255,162,255,255,250,255,255,255,102,40,20,20,34,16,112,255,255,255,255,160,16,10,16,8,8,10,14,12,8,8,0,0,0,0,0,0,0,0,0,0,0,0,0,0,0,0,0,0,0,0,0,0,0,0,0,0,0,0,0,0,0,0,0,0,0,0,0,0,2,4,4,4,4,2,0,0,0,2,10,18,18,14,14,12,12,12,12,12,12,12,12,12,16,16,10,8,8,8,8,10,12,8,4,4,4,2,0,0,0,0,0,0,0,0,0,0,2,2,2,4,6,6,4,4,28,24,52,80,64,22,98,68,86,246,255,255,255,255,255,255,255,255,255,255,255,255,255,255,224,136,138,152,10,8,20,16,14,18,4,0,0,0,6,18,24,20,20,0,150,90,166,255,255,255,255,255,255,255,255,255,36,255,46,255,128,255,204,212,130,255,186,255,92,8,0,210,255,168,255,30,24,12,54,48,44,10,4,0,4,6,4,0,12,4,236,255,12,255,178,88,74,74,74,112,70,152,82,104,82,50,142,70,62,255,255,255,255,255,255,255,255,255,255,255,14,188,50,122,68,104,70,106,255,214,168,44,76,76,122,255,34,255,152,28,120,16,72,92,98,30,14,100,255,146,158,10,6,12,60,70,62,24,2,12,14,8,4,6,6,8,24,220,132,238,140,255,255,255,255,255,255,255,255,72,20,70,255,255,226,188,132,152,186,126,82,120,120,80,96,212,84,255,255,144,60,46,58,54,8,20,28,10,76,208,88,120,48,116,58,100,94,2,18,6,20,22,24,30,18,6,8,4,2,6,6,2,2,2,0,0,0,0,0,0,0,0,0,0,0,0,0,0,0,0,0,0,0,0,2,4,4,4,0,0,0,0,2,4,4,2,0,2,6,4,0,0,4,124,254,255,255,255,255,255,12,6,4,0,2,2,2,6,16,38,102,96,82,158,66,26,6,8,6,26,10,28,8,10,22,8,20,16,18,18,16,10,8,10,28,2,24,14,6,12,14,4,6,10,14,22,28,32,30,24,22,255,255,255,150,255,214,116,100,222,172,212,118,68,184
120,142,64,72,64,42,54,62,48,64,162,255,255,170,214,204,255,218,170,160,192,176,164,148,156,130,118,128,106,34,90,62,82,98,8,86,68,38,38,80,176,182,90,198,255,78,255,60,98,255,255,226,90,52,18,20,32,14,124,255,255,255,255,214,12,18,20,12,16,6,4,4,4,0,0,0,0,0,0,0,0,0,0,0,0,0,0,0,0,0,0,0,0,0,0,0,0,0,0,0,0,0,0,0,0,0,0,0,0,0,0,2,8,10,8,8,6,4,4,4,6,14,18,16,12,14,12,10,12,12,12,10,10,12,12,14,18,18,14,12,12,14,18,18,20,16,16,16,14,12,12,12,10,8,8,8,8,8,6,6,10,12,10,4,4,4,4,20,6,22,84,86,52,142,166,248,255,255,255,255,170,32,46,90,162,188,255,255,255,255,255,255,255,255,255,10,14,8,12,14,20,6,2,2,0,4,16,28,24,24,4,152,90,168,255,255,255,255,255,255,255,238,255,255,255,48,255,68,255,92,124,80,255,128,255,78,14,6,98,255,238,255,28,26,72,192,130,112,4,6,6,2,4,4,2,14,12,92,255,255,255,255,182,78,186,36,114,102,62,54,114,112,84,140,134,120,255,255,255,86,255,255,255,126,180,255,255,58,96,194,136,202,90,36,212,116,208,142,52,84,220,255,255,255,255,30,24,96,62,180,146,64,8,22,136,200,158,176,8,18,16,14,40,16,18,6,8,10,4,8,12,4,16,42,255,100,255,116,255,255,58,255,255,174,255,255,255,82,34,255,255,255,234,90,132,186,142,136,118,86,34,38,226,98,255,255,62,12,46,22,24,20,26,28,20,80,212,134,62,140,30,64,92,100,14,16,6,10,14,22,22,12,2,8,4,0,2,6,6,2,4,0,0,0,0,0,0,0,0,0,0,0,0,0,0,0,0,0,0,0,0,2,4,4,2,0,0,2,4,6,6,6,6,4,6,6,2,0,0,10,10,14,48,138,168,146,70,20,26,16,4,4,6,2,6,10,18,62,168,110,110,156,54,12,12,2,18,14,22,6,20,10,4,10,20,14,10,6,6,16,14,22,22,12,12,14,22,14,4,10,10,16,24,18,16,22,18,162,255,255,255,190,112,126,54,62,168,174,140,100,54,196
127,40,52,62,42,24,66,76,60,78,138,255,255,255,255,250,242,242,208,178,180,180,158,142,140,126,114,134,134,40,86,104,130,82,84,22,98,68,86,132,255,252,128,86,255,170,242,216,220,255,255,255,102,46,18,2,18,32,24,100,255,255,255,255,170,16,42,24,4,4,8,12,12,0,0,0,0,0,0,0,0,0,0,0,0,0,0,0,0,0,0,0,0,0,0,0,0,0,0,0,0,0,0,0,0,0,0,0,0,0,0,4,4,6,4,6,6,4,4,4,2,10,14,10,4,2,2,0,2,0,2,2,2,2,0,2,4,8,6,4,4,6,8,6,12,12,14,16,16,16,16,18,18,16,16,16,16,18,18,18,16,20,20,18,12,12,10,12,8,24,24,22,14,36,62,94,194,255,255,255,255,255,255,176,8,126,218,255,255,255,255,236,255,255,246,18,10,8,2,10,14,8,4,4,0,4,14,30,10,28,18,144,104,172,255,255,255,255,255,78,255,255,255,255,255,38,255,176,246,178,236,114,255,100,255,28,6,14,10,146,154,158,12,10,188,226,176,126,10,4,6,6,2,6,4,4,20,20,255,255,255,255,108,94,80,86,106,60,80,74,80,82,154,16,208,44,220,255,255,255,255,255,255,255,255,255,255,86,24,100,144,246,52,134,124,180,78,88,42,144,12,255,255,255,255,172,166,60,242,222,220,82,18,18,138,255,142,188,10,18,16,6,28,12,20,4,6,12,10,12,8,8,22,66,255,6,255,255,255,255,255,255,255,255,255,38,255,255,54,255,255,255,180,30,116,200,158,88,92,72,40,20,202,36,255,255,66,26,36,30,18,10,38,28,8,54,138,124,102,88,76,30,34,136,34,8,6,2,8,14,10,4,2,6,6,2,0,4,8,2,4,0,0,0,0,0,0,0,0,0,0,0,0,0,0,0,0,0,0,0,0,0,0,0,0,0,0,4,6,4,2,2,4,4,4,2,0,0,0,16,4,20,8,14,36,20,14,24,30,28,16,2,6,4,2,6,4,6,80,186,82,150,156,44,16,4,14,10,14,16,10,2,16,26,18,14,4,8,6,6,28,8,24,10,10,16,24,10,4,10,16,20,18,12,12,18,34,255,255,255,255,84,48,84,82,54,46,40,34,40,62,185
134,60,64,80,46,6,38,60,56,66,80,122,166,172,148,118,112,126,122,100,82,80,82,74,72,64,54,86,120,94,40,60,66,20,116,10,80,26,22,8,156,255,154,20,252,255,160,255,208,112,255,255,206,60,50,22,12,24,52,12,14,244,255,255,255,255,120,54,20,4,8,8,12,0,0,0,0,0,0,0,0,0,0,0,0,0,0,0,0,0,0,0,0,0,0,0,0,0,0,0,0,0,0,0,0,0,0,0,0,0,0,4,2,4,4,4,2,0,0,4,4,12,16,12,6,4,4,2,4,6,8,6,6,8,6,6,6,10,8,8,8,8,10,8,4,4,4,2,0,0,0,2,6,8,8,8,8,10,12,14,12,14,16,18,18,16,12,6,12,18,20,18,10,16,2,16,28,28,26,255,255,255,255,255,255,255,255,255,255,255,255,255,255,255,234,14,10,18,14,4,8,6,4,4,0,4,12,18,4,18,18,122,152,162,110,255,255,116,176,255,255,255,255,255,234,162,255,214,255,216,66,102,255,170,255,66,6,14,86,88,72,28,18,24,222,80,248,76,6,2,4,8,2,6,10,10,14,18,255,255,2,255,240,118,88,78,208,130,118,68,76,40,196,42,158,62,58,224,255,255,78,255,255,255,255,166,255,96,94,76,72,110,176,66,134,190,216,142,104,234,255,255,210,255,162,110,206,32,255,62,255,68,8,6,54,214,104,144,34,20,12,60,38,32,20,10,8,6,8,8,4,4,18,112,255,96,255,255,255,255,255,142,210,6,255,255,255,255,136,255,255,255,214,158,42,108,178,130,80,54,48,84,252,60,255,255,156,6,24,24,26,22,22,14,6,18,74,76,44,150,62,42,52,160,74,6,4,8,6,8,4,2,2,2,6,6,2,4,8,6,6,4,4,4,4,4,4,4,4,4,4,4,4,4,4,4,2,0,0,2,4,4,4,4,2,0,2,6,4,0,0,0,0,0,0,0,0,0,0,16,6,30,6,12,18,18,6,16,8,24,24,14,2,4,4,2,6,6,12,104,184,50,212,192,64,10,16,12,14,14,2,6,22,14,14,16,14,20,16,12,30,12,16,32,36,42,20,20,14,16,22,32,22,10,12,2,160,255,255,255,210,128,82,58,60,146,182,100,104,56,94,161
137,50,42,80,74,34,22,26,58,84,76,68,58,46,46,54,70,82,78,72,54,48,68,72,74,72,58,92,144,116,68,96,102,128,142,66,122,120,140,160,242,255,138,74,116,255,40,255,218,255,255,255,255,92,58,32,20,6,24,38,10,28,255,255,255,255,255,74,44,30,4,10,6,0,0,0,0,0,0,0,0,0,0,0,0,0,0,0,0,0,0,0,0,0,0,0,0,0,0,0,0,0,0,0,0,0,0,0,0,0,0,4,4,4,2,0,0,0,0,4,4,8,12,10,4,0,0,0,0,4,6,4,4,6,4,2,6,10,10,10,10,10,10,8,4,4,4,4,4,4,2,2,4,4,4,4,4,2,2,4,8,4,0,4,8,8,10,18,14,14,4,10,10,10,8,10,32,62,40,255,255,255,90,142,255,255,255,255,255,144,120,154,156,138,60,22,28,20,38,10,10,4,4,4,0,4,12,18,4,20,20,126,178,152,182,242,255,255,255,255,204,255,255,104,124,202,248,255,255,255,6,28,255,255,255,60,10,98,255,236,230,30,12,8,238,138,222,112,2,2,0,8,8,6,10,8,2,10,104,255,255,255,255,28,54,38,244,114,144,92,56,60,116,38,110,50,170,255,255,255,255,255,255,255,255,255,186,146,84,44,46,154,166,30,154,255,158,132,78,80,255,255,255,255,144,168,190,100,255,142,255,6,8,6,10,92,100,92,30,16,106,136,136,52,0,4,6,14,12,6,12,6,8,168,255,160,252,255,255,255,255,6,156,82,255,255,255,255,218,255,168,255,114,92,130,108,112,50,60,54,76,130,240,148,255,255,142,20,18,8,26,36,18,18,26,52,68,90,72,94,12,64,58,144,122,12,6,12,14,8,2,0,0,0,2,6,6,0,4,4,4,4,4,4,4,4,4,4,4,4,4,4,4,4,4,6,4,0,2,6,6,4,4,6,4,0,4,6,2,0,2,2,2,0,0,0,0,0,0,8,20,10,16,12,20,30,12,2,8,10,20,20,10,2,8,2,6,10,12,34,148,210,28,226,156,22,2,16,8,12,8,4,24,18,20,6,36,24,30,28,34,12,6,58,40,70,28,46,48,50,8,24,12,10,30,92,255,255,255,255,148,80,118,104,170,242,192,234,60,8,30,165
143,64,36,50,64,58,44,46,54,88,64,46,46,50,52,54,60,58,50,58,46,26,46,60,74,84,78,116,182,174,162,158,142,122,94,46,68,100,134,144,172,194,110,60,38,255,255,255,255,210,120,255,255,174,66,42,22,8,12,14,18,14,44,152,255,255,255,122,16,54,24,18,2,8,10,10,4,2,0,2,2,2,4,4,4,2,2,2,2,0,0,0,0,0,0,0,0,0,0,0,0,0,0,0,0,0,0,0,0,0,0,2,2,2,2,0,0,0,0,2,4,8,10,8,6,2,2,2,2,14,8,4,2,6,4,8,4,6,8,4,4,6,8,4,0,2,2,2,2,4,6,6,6,4,4,4,6,10,10,18,10,6,2,4,8,12,8,8,24,16,6,6,8,12,8,12,46,48,38,255,255,255,102,58,64,96,188,255,255,156,24,2,10,8,28,10,40,30,14,22,12,6,2,6,4,8,14,18,6,28,20,106,232,120,240,48,20,170,64,72,80,102,255,255,255,255,198,255,238,255,14,30,74,108,102,14,22,206,255,226,252,10,16,8,150,206,156,112,26,24,48,64,50,6,2,8,10,10,10,255,255,62,255,255,68,96,116,168,84,80,66,218,182,100,86,68,255,255,238,255,255,255,255,255,194,255,255,42,160,94,168,94,66,90,208,54,136,140,86,255,255,255,255,255,30,22,24,104,255,112,224,42,6,2,58,66,36,30,12,18,126,94,152,66,16,12,8,12,10,10,8,16,30,246,232,255,236,255,255,162,255,255,255,255,255,255,255,255,255,255,36,255,106,138,62,86,140,172,152,116,120,104,196,255,255,234,66,20,16,14,36,26,40,16,58,40,36,90,30,58,34,80,74,114,130,20,14,14,20,10,2,4,4,4,2,2,6,6,2,0,0,0,0,0,0,0,0,0,0,0,0,0,0,0,0,4,6,4,6,6,2,0,0,4,6,4,8,8,4,4,4,2,2,2,4,4,2,0,2,12,4,16,8,24,26,14,18,4,6,6,12,20,22,8,8,6,10,8,14,16,74,206,222,64,196,102,16,18,10,28,16,12,22,6,8,10,22,6,32,26,18,12,22,54,8,58,16,40,18,40,2,22,22,22,22,255,255,255,255,54,210,118,160,174,96,140,44,142,74,50,54,176
146,68,78,70,66,52,30,42,42,66,36,18,36,66,64,46,60,84,64,54,70,52,24,32,58,64,64,74,124,136,114,82,84,54,34,24,48,60,76,70,78,90,76,74,80,178,255,114,255,120,220,255,255,255,118,80,44,8,20,22,10,6,4,10,96,255,255,255,255,255,90,18,24,26,8,18,10,8,10,4,2,2,2,0,2,2,2,0,2,0,0,0,0,0,0,0,0,0,0,0,0,0,0,0,0,0,0,0,0,0,0,4,4,4,2,0,0,0,0,0,0,4,10,12,8,0,4,4,6,14,8,2,12,14,16,20,20,8,4,8,10,12,4,4,4,6,2,4,4,10,16,16,16,12,10,14,12,8,4,4,12,6,2,6,12,2,4,4,16,22,4,12,4,10,6,14,32,74,62,255,255,255,76,44,54,62,140,255,255,86,14,10,20,18,22,4,18,28,20,16,12,6,2,4,4,10,14,30,14,44,22,52,255,18,208,150,255,160,46,16,54,110,255,255,255,255,146,255,142,255,94,114,182,152,22,28,18,232,230,255,252,8,2,12,70,158,112,66,26,40,150,94,124,10,4,6,12,4,22,92,255,255,255,255,64,34,98,148,66,58,72,134,64,96,108,28,255,255,255,255,255,170,255,255,255,255,255,130,136,255,104,204,58,130,136,84,144,148,202,255,255,255,255,18,26,36,6,26,210,158,152,66,12,22,186,120,160,14,10,18,126,116,114,86,12,12,6,8,20,14,8,18,20,255,120,255,128,158,255,255,192,255,255,255,82,255,255,170,255,255,220,255,96,96,22,146,156,90,104,130,114,104,174,255,255,100,42,18,6,14,14,40,18,38,36,40,38,42,86,10,56,2,58,110,122,24,6,22,22,2,8,6,4,6,4,0,2,6,4,0,0,0,0,0,0,0,0,0,0,0,0,0,0,0,0,2,4,4,4,2,0,0,0,2,2,4,8,8,4,4,2,4,2,2,2,2,2,0,4,8,8,4,18,2,18,8,10,10,8,6,16,14,26,30,8,8,8,6,8,8,18,96,184,152,72,200,104,34,10,48,24,30,20,8,8,4,18,18,12,24,24,16,26,60,28,68,20,58,36,24,14,18,16,28,22,255,255,255,82,154,196,255,162,110,74,158,202,218,134,60,86,175
143,58,74,72,80,66,28,6,30,60,46,24,30,48,56,48,48,84,86,42,52,82,44,18,40,64,80,52,46,58,34,26,46,38,42,42,58,50,50,58,86,92,34,70,98,32,255,255,255,255,255,126,255,255,192,94,74,38,8,18,14,6,10,22,110,255,255,255,255,255,255,72,32,14,6,20,10,8,14,12,6,6,8,6,4,2,2,4,2,0,0,0,0,0,0,0,0,0,0,0,0,0,0,0,0,0,0,0,0,0,0,4,4,6,2,0,0,0,0,0,0,2,8,14,12,4,8,10,4,14,6,14,14,20,22,10,16,26,24,12,4,16,24,24,20,24,30,24,18,8,6,16,4,8,0,4,6,4,16,10,14,12,10,8,0,10,10,2,10,18,16,6,4,6,4,20,16,22,10,158,255,255,84,64,74,56,234,255,255,18,14,16,12,6,2,0,4,12,16,12,10,4,6,2,0,8,12,32,8,40,26,10,255,58,242,255,255,255,200,230,255,255,255,255,255,255,68,255,114,255,255,255,246,255,50,26,8,220,255,200,250,16,20,20,78,50,30,40,28,18,152,48,138,4,8,4,2,6,16,16,255,255,192,255,255,92,90,136,218,182,160,176,98,52,164,128,255,214,255,255,255,255,255,255,255,255,255,255,56,244,192,98,200,206,82,58,116,96,255,255,255,255,190,20,44,26,10,4,60,100,88,44,20,86,255,122,180,16,4,12,76,148,90,72,16,16,4,14,16,14,8,6,66,255,42,255,18,24,154,255,255,255,255,255,255,255,255,94,255,255,255,255,166,174,134,122,132,114,76,28,28,128,170,255,255,118,78,18,14,34,30,38,26,16,22,48,86,68,48,68,118,30,52,146,102,30,18,24,12,8,8,2,0,4,4,0,0,4,4,0,0,0,0,0,0,0,0,0,0,0,0,0,0,0,0,0,0,0,0,0,0,0,0,4,2,4,4,6,4,6,6,2,0,2,4,4,2,2,6,2,4,2,10,16,4,10,12,8,12,14,20,8,12,36,32,8,6,6,6,6,10,38,94,172,140,110,198,94,40,62,20,42,26,18,8,12,10,10,6,16,26,46,28,34,6,52,34,6,28,16,22,12,4,26,172,255,255,255,124,172,114,200,162,88,146,102,114,98,82,140,68,171
153,142,76,18,68,50,36,32,30,52,42,24,18,30,30,44,56,56,78,74,52,66,82,56,30,50,82,82,42,28,4,14,36,24,14,12,26,14,50,84,102,108,70,122,140,64,142,255,120,255,70,138,255,255,255,72,94,64,24,16,22,18,22,28,122,255,220,255,255,255,255,255,255,102,16,14,24,6,8,8,2,0,2,2,0,0,4,2,4,0,0,0,0,0,0,0,0,0,0,0,0,0,0,0,0,0,0,0,0,0,0,2,2,2,0,0,0,0,0,0,0,0,4,10,10,4,8,6,6,0,8,14,64,255,255,255,255,255,255,255,255,255,255,236,192,136,94,52,18,4,10,20,10,16,16,6,10,18,6,6,12,16,22,18,10,8,12,12,14,16,18,8,2,2,0,28,28,16,14,86,255,255,136,54,44,40,255,255,255,22,16,22,8,2,0,0,2,8,12,8,4,2,6,4,0,8,14,34,10,30,12,20,238,104,255,255,255,255,255,255,255,255,234,255,255,255,68,255,255,156,144,255,255,255,40,32,14,116,255,206,228,6,18,132,255,216,110,26,22,60,162,120,136,16,10,14,16,12,10,30,56,255,255,156,255,255,40,186,38,255,36,116,36,104,116,220,255,255,255,255,255,255,255,255,255,255,255,92,130,140,224,242,90,204,164,98,62,255,255,255,255,255,146,144,64,6,18,104,146,114,24,24,20,124,228,116,206,10,10,2,16,102,70,88,20,6,16,6,14,6,2,6,194,255,186,255,180,255,255,255,255,94,255,255,160,86,200,32,255,255,255,255,212,172,138,162,204,124,92,62,30,154,86,255,255,112,130,12,12,38,36,58,8,42,6,34,130,50,22,104,86,52,28,154,84,18,16,12,4,4,2,0,0,4,6,2,2,6,4,0,0,0,0,0,0,0,0,0,0,0,0,0,0,0,0,0,0,0,0,0,0,0,0,4,2,4,2,4,4,4,2,2,2,2,0,0,0,4,6,6,4,4,8,20,18,32,6,24,26,2,20,8,16,20,24,20,14,4,8,0,16,6,44,100,216,116,124,162,88,34,30,56,10,24,12,18,12,18,12,22,18,42,40,20,8,16,54,68,30,30,20,6,10,118,255,255,255,154,30,128,198,126,220,170,132,70,64,168,255,240,178,174
101,255,255,224,44,54,22,42,52,64,42,36,110,140,110,70,128,150,102,62,100,130,102,58,90,136,84,100,156,126,112,86,94,114,106,100,100,104,120,178,174,202,238,250,182,84,20,255,255,174,234,196,162,255,255,124,88,84,46,10,20,16,16,14,84,252,255,255,255,82,255,255,255,255,104,10,12,12,4,8,8,8,6,2,0,0,4,2,4,0,0,0,0,0,0,0,0,0,0,0,0,0,0,0,0,0,0,0,0,0,0,0,0,0,0,0,0,0,0,0,0,0,4,10,10,4,6,16,6,12,6,16,255,255,255,160,122,164,204,254,255,255,255,255,255,255,255,255,255,255,255,255,255,255,255,255,252,184,182,170,114,16,22,20,8,10,4,12,14,16,18,6,6,8,8,22,22,40,32,60,255,255,214,88,60,54,255,255,255,8,18,2,6,0,2,4,4,0,4,6,4,0,4,4,0,6,12,38,30,50,18,16,194,188,220,255,255,255,255,255,255,255,248,255,255,255,228,170,255,255,216,255,255,255,14,18,22,24,168,162,140,26,14,255,255,255,150,12,8,26,108,70,62,10,16,10,20,12,18,42,66,92,255,255,255,255,255,150,88,210,34,118,34,98,122,160,255,255,255,208,255,255,252,255,255,255,234,66,38,84,118,92,226,94,116,18,255,255,226,255,255,86,24,100,72,14,30,238,160,202,50,4,6,126,246,128,194,22,2,10,12,16,16,26,6,16,4,12,6,2,8,22,255,168,255,82,255,255,255,154,255,255,255,255,255,54,255,214,255,255,255,255,255,134,114,208,214,170,158,120,88,174,24,255,255,106,118,22,18,10,60,16,42,34,30,12,92,90,84,44,106,34,100,238,178,4,6,4,4,4,2,2,2,2,6,6,6,6,2,0,0,0,0,0,0,0,0,0,0,0,0,0,0,0,0,0,0,0,0,0,0,0,0,2,2,2,0,0,0,0,0,4,4,6,2,0,0,4,6,6,10,6,8,44,44,58,26,44,22,24,14,20,4,28,4,10,22,10,6,8,8,10,10,18,124,208,84,118,168,34,52,24,20,14,6,6,20,30,10,8,20,20,22,30,14,32,20,60,20,18,8,28,70,255,255,255,255,132,48,164,148,76,216,230,106,168,82,114,194,152,138,172
17,234,255,255,132,54,26,30,20,52,70,180,255,255,255,255,255,255,255,255,255,255,248,206,255,255,255,184,246,148,154,124,172,198,156,164,156,154,164,196,144,160,200,255,150,80,62,188,255,74,255,200,234,255,255,255,78,90,70,30,4,4,2,8,36,255,255,255,255,255,255,255,255,255,255,142,8,8,6,6,2,0,2,4,2,0,2,2,2,0,0,0,0,0,0,0,0,0,0,0,0,0,0,0,0,0,0,0,0,0,0,0,0,0,0,0,0,0,0,0,0,0,2,8,10,4,4,16,8,10,8,48,255,255,255,255,255,255,255,255,255,255,255,250,176,136,92,40,44,116,172,210,252,255,255,255,255,255,255,255,204,4,16,30,10,10,8,8,18,18,16,2,8,8,6,10,12,12,44,14,255,255,255,114,76,66,255,255,220,8,6,8,4,2,6,6,6,4,0,4,4,0,4,6,2,4,8,40,40,46,60,14,142,255,126,126,255,255,255,255,255,255,255,255,255,255,255,28,255,86,54,255,255,255,44,28,4,104,122,98,12,20,44,255,112,255,140,2,14,6,38,34,22,14,2,6,14,12,28,138,172,218,172,255,255,255,255,255,88,138,40,44,28,12,12,124,74,255,255,255,255,255,255,255,255,255,38,122,94,72,106,80,32,176,66,255,255,118,255,255,80,124,116,138,52,18,64,255,62,255,40,10,6,70,240,98,144,36,10,12,32,28,14,12,8,8,10,10,8,6,24,102,255,12,255,255,255,246,255,255,255,255,254,255,255,222,255,255,255,255,255,255,255,148,152,255,255,255,232,186,132,206,126,255,255,72,94,30,30,38,26,36,42,16,8,58,82,74,100,98,120,138,124,138,178,12,2,8,4,4,4,0,2,0,2,4,4,2,0,0,0,0,0,0,0,0,0,0,0,0,0,0,0,0,0,0,0,0,0,0,0,0,0,2,2,2,0,0,0,0,0,4,4,6,4,0,0,2,6,2,6,8,6,44,32,38,26,24,12,26,12,24,4,36,8,10,14,20,4,8,4,2,2,6,28,126,200,68,168,208,74,6,4,10,8,2,18,28,14,12,28,38,40,62,24,56,26,52,6,6,14,18,222,255,255,255,110,126,255,255,210,158,224,255,244,120,42,136,250,255,150,170
107,255,146,255,255,10,60,46,32,28,76,255,255,255,255,255,255,255,255,255,240,224,152,174,230,188,190,102,152,32,64,2,72,58,18,26,16,6,42,72,88,104,228,255,140,54,76,86,255,255,255,255,236,160,255,255,122,90,88,62,36,12,4,10,10,188,255,255,134,255,255,255,255,255,255,255,255,80,10,14,20,12,10,2,4,2,2,2,2,0,0,0,0,0,0,0,0,0,0,0,0,0,0,0,0,0,0,0,0,0,0,0,0,0,0,0,0,0,2,2,2,0,0,4,8,6,4,2,14,20,20,74,255,110,255,156,118,146,200,244,255,255,255,255,255,255,255,255,255,255,255,255,255,255,255,255,255,255,212,255,255,38,10,20,4,10,2,8,4,16,16,4,6,4,2,0,8,8,44,6,255,255,255,104,72,60,255,255,176,8,2,4,4,2,4,4,6,4,2,6,4,0,2,6,4,4,8,30,68,6,66,20,78,255,44,154,255,255,255,255,255,255,255,255,255,255,190,136,255,46,96,255,255,255,26,22,106,255,218,240,6,22,6,255,118,255,90,2,14,20,40,18,2,26,12,18,10,4,16,144,92,178,126,255,255,255,255,255,255,255,96,56,38,70,64,28,26,128,10,114,114,148,224,102,188,174,78,154,72,94,60,50,124,255,255,255,255,255,255,140,102,176,168,70,30,26,72,248,68,255,6,16,6,6,102,124,126,32,14,60,114,92,46,20,2,10,8,6,12,22,10,188,255,168,128,255,84,255,255,102,255,255,255,94,255,255,100,255,255,234,114,255,255,240,255,255,255,255,255,255,212,255,255,255,86,86,158,116,18,24,28,8,22,24,36,102,26,44,128,60,56,66,136,218,168,12,0,8,2,6,2,4,2,0,0,0,0,0,0,0,0,0,0,0,0,0,0,0,0,0,0,0,0,0,0,0,0,0,0,0,0,0,0,4,4,6,2,0,0,0,0,4,4,6,4,0,0,0,2,4,10,16,6,48,52,42,18,16,20,14,10,22,14,34,28,4,6,26,20,6,6,8,6,10,8,42,138,202,96,228,255,64,18,12,4,8,4,22,20,12,16,24,46,32,16,32,36,8,34,30,8,98,255,255,255,255,255,255,255,100,196,160,94,54,130,100,150,150,58,40,130,174
161,255,255,255,255,46,64,44,58,58,78,255,255,100,156,136,168,192,218,190,170,158,116,138,194,238,222,134,184,144,222,180,250,212,246,208,188,200,216,220,234,202,255,255,58,62,94,70,255,255,28,255,76,180,255,255,255,84,92,78,58,28,10,22,12,52,255,255,255,255,255,255,100,255,255,255,255,255,8,20,14,16,16,10,2,6,4,2,4,0,0,0,0,0,0,0,0,0,0,0,0,0,0,0,0,0,0,0,0,0,0,0,0,0,0,0,0,2,6,4,4,2,2,6,10,10,6,10,8,18,20,20,255,148,255,230,34,24,18,16,20,26,22,12,18,20,12,28,74,116,148,200,255,255,255,255,255,255,255,255,255,232,16,6,8,10,4,8,8,18,16,6,2,6,6,4,10,16,36,16,255,255,255,76,70,86,255,255,128,10,6,2,2,2,4,6,4,0,6,6,2,0,0,4,4,4,6,16,46,24,46,32,10,255,64,255,255,255,255,255,255,255,255,255,116,174,255,255,188,194,92,52,240,198,14,18,255,255,255,255,22,18,32,232,220,216,94,4,20,126,170,162,30,12,12,18,10,4,10,118,178,90,122,12,255,255,255,72,255,255,255,40,102,116,42,74,162,110,176,170,106,46,90,126,10,130,226,132,214,48,82,255,255,255,255,255,255,255,126,12,255,252,255,92,8,18,74,255,88,244,54,14,2,42,50,20,34,12,10,84,84,96,56,16,12,2,6,4,10,8,28,255,156,255,255,255,255,255,116,118,104,40,255,255,255,255,138,255,255,80,60,178,248,240,255,255,174,138,238,255,255,212,255,255,54,28,82,196,182,84,58,42,14,6,64,88,44,56,36,60,78,68,98,118,90,12,0,8,4,6,6,4,6,0,0,0,0,0,0,0,0,0,0,0,0,0,0,0,0,0,0,0,0,0,0,0,0,0,0,0,0,0,0,4,4,6,6,2,0,0,0,4,2,6,2,2,4,4,2,4,4,10,12,16,36,30,14,10,8,12,14,26,10,26,22,18,14,16,26,24,10,4,10,4,6,12,38,156,255,68,234,210,46,10,28,34,36,14,34,22,12,6,18,26,38,10,14,44,24,28,60,255,255,255,46,255,255,255,124,255,255,255,255,255,208,126,84,154,250,246,255,159
161,255,255,255,255,132,60,12,22,80,100,255,255,255,255,255,255,255,255,255,255,255,255,255,255,255,255,255,255,236,255,180,232,188,208,172,190,208,196,180,200,202,174,110,22,50,94,76,112,255,255,244,255,178,120,255,255,112,72,80,66,46,22,4,6,4,190,255,255,255,255,255,255,70,130,255,255,255,255,170,14,14,30,20,4,4,6,2,6,10,10,8,4,4,4,2,0,0,0,0,0,0,0,0,0,0,0,0,0,0,0,0,0,0,0,0,0,2,4,4,4,4,4,10,14,10,0,2,12,10,38,46,255,255,255,255,20,18,8,8,10,8,16,10,2,8,10,2,18,30,30,22,216,255,255,255,48,106,255,255,255,255,20,12,18,14,6,2,2,14,12,4,0,2,4,8,14,18,16,12,255,255,250,96,68,134,255,255,46,10,8,8,4,0,2,0,2,2,4,4,4,2,0,4,6,6,2,26,36,12,34,30,18,224,184,240,26,255,255,255,48,162,92,255,255,255,255,238,16,255,4,204,164,80,28,20,255,236,255,228,12,4,2,100,178,142,78,12,42,255,180,242,44,22,12,22,16,4,14,60,142,58,136,30,6,212,255,255,255,255,255,255,255,62,90,96,210,52,118,114,70,52,90,160,114,90,198,132,100,255,255,255,255,32,255,255,255,70,4,24,255,60,255,82,10,20,14,208,174,170,70,8,26,162,116,136,22,6,16,94,84,92,72,16,6,12,4,6,8,8,144,255,76,255,255,255,200,255,255,255,196,78,255,255,255,255,255,255,255,10,18,90,108,96,148,132,66,38,142,255,255,126,255,255,98,124,150,40,88,136,188,186,170,128,18,86,40,34,28,68,108,100,60,200,138,10,4,6,8,8,14,4,6,0,0,0,0,0,0,2,2,2,0,0,0,0,0,0,0,0,0,0,0,0,2,2,2,0,0,0,0,0,0,4,4,2,6,6,2,2,4,4,2,4,2,4,8,8,4,4,4,8,14,12,6,16,30,12,14,12,22,38,12,32,8,4,4,0,10,22,22,12,8,4,2,4,10,60,208,255,32,250,238,44,38,6,22,6,34,10,20,4,8,44,34,28,34,30,8,38,255,255,255,255,255,255,68,255,255,242,204,172,136,188,218,110,255,255,255,186,204,131
164,255,255,255,255,204,62,54,12,44,92,238,255,255,255,255,250,255,234,184,186,242,216,182,140,148,164,160,166,156,106,62,98,82,70,58,70,84,72,72,94,90,54,40,26,36,74,94,16,255,255,58,255,194,255,255,255,236,60,84,76,58,34,22,6,8,50,255,255,255,2,255,255,255,255,255,255,255,255,255,255,104,22,16,22,22,4,6,8,12,10,8,4,4,4,4,2,0,0,0,0,0,0,0,0,0,0,0,0,0,0,0,0,0,0,0,0,2,4,4,2,4,4,8,18,14,4,6,8,12,38,32,255,255,255,255,16,16,14,12,2,14,22,6,16,8,6,10,6,18,14,22,255,255,255,255,74,12,255,255,255,255,16,8,14,14,8,4,4,12,14,6,0,0,4,10,12,14,12,24,255,255,194,128,50,172,255,255,10,14,6,10,6,0,2,2,2,2,4,4,6,4,0,2,4,4,2,30,36,28,34,30,18,144,255,104,236,42,82,255,255,255,255,255,255,255,255,152,134,255,112,240,120,32,22,38,255,255,255,230,14,8,14,70,58,22,28,18,96,255,92,255,44,18,8,8,8,6,10,34,132,110,96,66,86,78,78,255,255,255,172,255,255,255,255,255,66,250,152,92,114,88,132,112,116,246,255,255,255,255,255,124,255,255,255,255,30,12,6,34,255,34,255,46,14,12,6,56,110,102,48,14,110,255,144,144,14,8,4,60,110,50,68,20,4,8,4,6,18,18,255,255,255,254,255,255,255,244,200,255,255,255,255,162,255,255,255,255,255,26,6,18,20,8,62,62,40,22,64,146,158,255,255,255,94,132,166,178,144,78,34,134,204,228,168,72,32,26,80,48,34,146,110,150,142,18,6,10,2,8,2,10,6,0,0,0,0,0,0,2,0,2,0,0,0,2,4,4,2,0,0,0,2,4,6,6,8,8,8,6,4,2,2,6,6,0,2,6,4,2,4,2,4,4,6,8,8,8,6,6,12,12,8,4,12,6,22,30,18,8,8,26,28,30,12,16,6,14,20,24,18,8,6,8,6,2,2,22,58,188,255,32,255,176,18,22,18,6,32,14,16,10,8,34,14,24,16,18,22,136,255,255,255,204,255,255,255,198,255,196,38,28,16,54,136,255,255,238,150,110,68,145
124,255,255,255,255,255,74,102,66,54,70,98,148,186,138,84,90,80,40,34,36,40,70,64,36,30,46,60,70,74,56,54,66,56,54,52,46,24,34,38,30,24,36,16,2,32,60,90,82,132,255,246,255,220,255,166,255,255,110,86,84,80,52,34,22,12,4,100,255,255,255,226,255,255,255,255,194,255,255,255,255,255,238,42,8,22,22,6,8,10,8,8,6,8,0,4,2,4,4,2,0,0,0,0,0,0,0,0,0,0,0,0,0,0,0,0,0,0,0,0,0,4,6,4,14,14,2,8,10,14,14,18,254,255,224,255,12,20,10,16,4,16,6,22,6,14,12,6,12,14,14,18,255,255,170,255,208,16,255,255,255,255,10,12,22,10,10,4,2,10,14,10,2,0,4,12,14,16,14,24,255,255,178,128,60,212,255,255,22,14,4,8,6,0,0,0,0,0,0,0,4,4,0,0,0,0,4,22,48,32,36,28,30,40,255,52,250,112,255,255,255,174,255,255,255,255,174,102,250,182,255,222,242,22,14,24,188,255,255,190,26,6,154,255,244,134,30,14,102,255,158,255,4,8,2,4,10,22,14,10,62,52,12,130,118,164,66,20,226,255,255,255,255,232,255,255,255,255,255,255,255,255,255,255,255,255,255,255,255,78,255,255,255,255,110,20,12,6,10,16,255,188,252,134,8,16,58,94,72,18,12,18,130,194,144,164,16,18,6,22,94,88,82,6,12,8,0,10,18,92,255,72,255,94,72,184,255,255,255,255,86,255,255,255,255,42,255,255,214,14,22,16,16,20,42,72,36,22,48,48,10,255,255,255,56,122,46,70,128,158,178,170,58,174,108,132,92,98,64,50,110,144,78,126,140,18,12,6,10,6,6,8,6,0,0,0,0,0,0,2,2,2,0,0,2,6,6,6,4,0,0,2,6,6,4,8,10,10,10,10,8,6,4,4,8,2,0,4,4,2,4,2,4,4,2,4,4,8,10,6,6,12,10,10,12,6,6,10,14,12,10,10,14,12,8,24,18,12,14,20,20,16,6,6,8,12,16,8,14,70,230,255,28,255,154,28,24,26,42,24,34,22,10,34,30,34,26,22,78,255,255,255,246,92,86,255,255,202,255,255,255,80,78,136,255,255,255,64,96,60,164,171
35,255,126,255,255,255,82,96,72,70,40,38,34,40,72,46,58,58,32,34,22,28,38,38,24,24,14,30,62,74,56,40,62,42,26,22,32,34,10,28,16,16,22,54,32,20,58,70,74,14,255,255,255,255,255,240,255,255,220,86,82,92,64,38,28,24,12,10,196,255,255,255,255,255,255,255,255,255,60,72,255,255,255,255,255,40,20,22,16,30,26,2,12,4,4,4,2,0,2,2,0,0,0,0,0,0,0,0,0,0,0,0,0,0,0,0,0,0,0,0,0,2,6,0,14,16,4,6,12,6,12,10,142,255,50,255,36,10,20,8,12,10,22,6,20,14,12,16,6,8,16,26,244,255,134,255,255,12,232,255,138,255,90,26,8,4,2,4,2,8,10,10,4,0,2,16,14,20,16,26,255,255,158,130,74,242,255,255,10,8,2,4,2,0,0,0,0,0,0,0,4,4,0,0,0,0,4,12,46,36,12,24,28,22,255,198,255,204,255,255,255,255,255,255,255,255,190,48,252,34,255,50,255,60,10,8,54,186,166,116,14,22,255,255,255,156,8,8,62,255,148,206,14,20,10,100,136,110,26,14,14,10,54,102,52,80,86,18,16,54,255,255,255,255,255,255,24,255,255,255,255,255,255,255,255,88,255,255,255,255,255,255,148,70,102,106,18,12,20,16,180,255,178,116,44,22,216,170,194,38,8,26,152,252,128,180,18,14,6,14,10,26,8,6,6,6,6,16,2,244,255,252,255,58,44,52,68,74,255,255,255,255,255,255,255,255,255,255,78,2,34,6,20,24,32,54,30,40,40,54,110,255,255,142,98,90,20,28,74,82,130,255,48,255,120,56,94,108,62,50,66,30,30,132,136,22,8,16,12,2,6,6,8,0,0,0,0,0,0,0,0,0,0,0,2,4,4,6,4,0,0,2,4,2,0,6,6,6,4,4,4,8,12,8,2,6,2,4,4,4,8,2,8,8,6,6,2,4,10,14,8,8,0,8,8,8,8,2,4,20,4,14,24,22,26,12,12,22,28,16,14,28,24,20,6,14,18,8,8,4,76,224,248,78,255,108,14,14,26,6,18,14,10,12,24,12,2,76,255,255,255,255,166,212,88,54,255,255,242,228,255,255,196,238,255,255,44,152,194,222,172,157
16,255,255,255,255,200,40,44,46,62,58,50,34,16,32,40,52,46,10,42,40,2,54,42,14,28,32,24,28,40,56,32,40,24,34,120,130,90,120,166,178,152,176,184,198,172,210,255,250,166,140,255,230,255,168,128,255,255,255,96,76,76,84,70,20,36,108,160,144,142,255,255,255,255,255,255,255,255,255,204,244,255,255,255,255,255,86,10,4,4,16,24,16,6,6,6,8,4,4,2,0,0,2,2,2,0,0,0,0,0,0,0,0,0,0,0,0,0,0,0,2,2,6,4,12,16,6,0,10,16,6,20,32,255,122,255,182,12,8,4,18,4,24,6,14,2,10,18,18,12,4,14,112,255,255,255,255,18,104,255,96,255,186,18,6,6,4,4,2,8,8,8,4,0,0,12,14,20,16,22,255,255,142,122,56,242,255,255,2,0,4,2,2,0,0,0,0,0,0,0,4,4,0,0,0,0,4,8,34,34,18,32,30,24,156,255,128,255,255,255,255,202,255,164,255,255,255,255,255,160,202,188,208,178,10,8,72,84,64,44,28,26,255,96,255,142,4,16,8,140,106,118,24,22,78,255,214,254,40,24,16,12,48,114,70,84,56,38,10,6,20,32,174,255,255,255,255,255,255,255,255,255,255,255,255,255,255,255,255,255,68,18,18,208,255,255,160,18,6,20,40,98,96,112,38,76,255,124,234,42,6,12,56,240,114,154,8,8,12,20,20,14,14,4,6,6,10,8,94,255,58,255,114,255,255,255,255,255,255,255,255,142,255,255,22,255,255,255,16,4,32,4,14,8,34,36,24,20,38,94,236,255,255,50,98,38,14,6,6,26,66,238,184,255,100,180,174,62,114,116,60,80,68,98,114,24,16,10,6,14,2,10,8,0,0,0,0,0,0,0,0,0,0,0,2,4,4,4,2,0,0,2,6,6,4,8,8,6,4,4,2,2,4,8,4,4,2,4,6,6,8,6,10,4,4,6,6,4,8,12,10,6,6,8,4,10,14,16,10,20,14,16,28,16,28,10,12,6,8,6,8,14,4,28,16,4,26,16,20,6,12,80,254,250,100,250,74,30,18,14,8,16,16,26,40,28,56,255,255,255,255,164,58,140,188,102,26,255,255,255,138,255,255,255,255,64,230,252,158,120,94,154
30,255,255,255,255,52,46,32,62,64,70,124,120,70,96,100,124,174,150,156,128,232,232,168,168,174,174,152,170,206,254,214,206,152,144,255,244,255,244,255,254,182,255,250,255,255,255,255,255,255,66,255,255,42,255,212,206,255,255,216,106,126,124,188,200,198,255,255,255,255,255,255,255,255,255,148,198,140,244,236,192,60,236,255,255,255,255,255,150,28,12,10,22,14,4,14,10,0,0,0,2,4,6,4,4,0,0,0,0,0,0,0,0,0,0,0,0,0,0,0,4,2,8,4,8,14,6,4,12,10,8,18,24,255,255,255,255,12,8,28,46,32,22,24,18,26,24,20,20,22,18,14,62,255,255,255,255,22,52,255,255,255,255,24,12,6,10,2,4,8,8,8,4,0,0,6,4,6,14,10,255,255,144,112,46,246,255,255,4,6,2,8,4,0,0,0,0,0,0,0,4,4,0,0,0,0,4,6,30,34,22,26,44,10,34,255,50,255,255,255,255,255,255,255,255,255,255,255,255,184,14,255,26,244,88,134,255,255,210,14,12,44,255,136,255,92,8,12,6,28,28,36,10,30,180,255,196,255,6,12,18,4,8,84,80,64,62,42,188,182,98,6,10,10,4,80,176,255,255,255,255,255,255,255,255,255,132,28,18,6,26,12,10,188,230,192,244,20,12,70,190,144,74,34,20,88,255,98,255,16,12,4,0,100,122,98,26,8,28,40,40,16,14,4,10,14,4,4,254,255,250,255,255,255,255,255,255,255,255,255,255,255,255,146,236,255,255,112,44,16,26,2,10,24,20,16,6,8,88,94,255,255,255,18,92,12,18,10,10,10,58,138,168,136,22,96,182,196,106,68,130,74,46,98,100,18,8,2,8,16,8,4,4,0,0,0,0,0,0,0,0,2,4,4,4,4,4,4,2,0,0,0,2,4,2,2,2,0,0,0,2,6,8,10,2,6,2,2,4,2,6,4,14,10,6,0,6,10,8,8,6,2,4,8,10,20,24,16,10,28,42,36,10,32,26,14,0,20,18,22,14,0,22,24,32,16,12,10,12,16,20,22,100,244,186,154,255,76,22,14,32,28,14,32,14,20,255,255,255,255,208,124,196,80,120,200,118,30,238,255,255,88,168,184,54,238,255,118,44,82,156,165
35,255,255,156,84,34,62,62,76,40,80,255,255,255,255,255,255,255,255,255,206,255,255,255,255,255,255,255,248,255,255,255,255,255,200,255,170,242,106,62,126,72,116,92,76,58,80,54,255,255,92,150,255,255,255,154,255,255,255,255,255,255,255,255,255,255,255,124,86,118,255,255,255,255,255,255,116,42,80,70,36,18,122,255,255,255,255,255,255,255,238,12,22,14,24,14,18,8,8,6,6,4,0,4,4,0,0,0,0,0,0,0,0,0,0,0,0,0,0,0,4,2,10,6,6,14,8,8,6,8,6,16,24,255,255,255,255,8,20,212,255,255,255,255,255,255,255,255,255,230,164,112,60,255,255,255,255,28,10,255,255,255,255,26,14,10,14,4,6,6,8,8,6,2,0,6,6,6,14,4,255,255,134,114,62,238,255,236,8,4,8,6,6,0,0,0,0,0,0,0,4,4,0,0,0,0,4,8,34,38,14,6,52,26,14,244,236,255,62,255,150,255,255,255,255,255,255,255,174,172,114,184,196,188,255,255,255,255,202,20,6,20,255,255,255,122,8,6,124,210,182,60,30,20,170,255,255,255,14,2,8,14,8,28,76,48,48,218,255,255,112,22,6,2,6,8,8,8,14,10,6,8,10,16,10,20,36,40,40,22,10,18,8,118,255,242,210,14,28,255,255,255,110,8,16,72,255,70,255,54,16,6,16,28,14,24,12,14,58,66,96,32,10,6,12,14,12,102,255,60,255,116,255,255,164,255,255,255,68,255,255,255,255,114,255,255,255,10,38,26,28,18,2,34,10,20,30,38,138,48,255,255,248,18,86,18,26,10,10,14,32,36,40,20,8,14,70,138,216,196,52,66,134,244,200,72,8,16,22,20,6,4,4,0,0,0,0,0,0,0,0,2,2,2,4,4,4,6,6,4,4,4,4,6,6,4,2,0,0,0,4,6,4,6,6,8,2,2,6,4,8,6,10,14,14,8,0,8,8,6,4,4,2,4,6,10,10,6,18,36,52,54,36,28,18,18,18,16,20,6,26,38,34,16,26,20,14,12,10,2,14,8,28,100,255,208,170,255,88,30,40,20,22,20,80,255,255,255,255,182,64,4,104,194,104,134,232,144,16,210,255,255,244,4,238,255,72,182,194,160,134,133
41,255,255,10,66,38,44,46,60,44,90,255,255,255,255,255,255,255,255,255,196,255,114,188,170,116,130,124,60,70,102,104,138,204,112,206,34,176,138,194,142,138,172,230,255,248,198,255,255,232,134,102,255,255,214,255,236,90,255,255,255,255,255,255,255,255,110,255,255,255,255,255,144,255,255,255,16,26,4,16,26,144,255,255,255,255,255,255,255,255,255,255,255,138,14,24,4,14,14,12,4,2,6,4,2,0,0,0,0,0,0,0,0,0,0,0,0,0,0,2,6,4,10,8,6,14,10,8,10,4,12,28,22,255,255,255,255,10,34,226,255,255,255,255,255,255,255,255,255,255,255,255,255,255,255,255,255,84,20,255,255,255,255,34,22,4,16,2,6,6,8,6,6,4,0,6,4,2,10,6,255,255,92,114,66,182,255,255,10,6,4,8,6,0,0,0,0,0,0,0,4,4,0,0,0,0,4,8,28,52,22,12,36,50,24,116,255,66,255,255,255,255,255,255,255,255,255,96,78,94,166,10,255,162,255,255,128,255,182,12,10,6,128,230,178,96,18,52,255,240,255,78,16,18,152,255,246,192,10,6,12,74,72,86,36,12,14,228,130,255,98,8,6,4,8,4,2,8,16,38,138,136,94,14,8,8,38,120,136,98,12,16,12,44,54,82,104,24,30,255,178,255,118,16,10,18,248,212,236,60,4,20,118,82,82,10,20,24,68,56,102,52,6,2,6,8,32,255,255,255,252,56,255,255,255,255,190,255,255,255,255,255,255,176,255,255,182,28,30,30,22,26,34,30,2,8,22,120,96,54,255,255,140,80,84,14,10,8,10,8,8,12,12,10,12,6,16,48,98,170,192,220,116,162,255,228,186,74,14,14,8,2,4,0,0,0,0,0,0,0,0,2,4,6,6,4,2,2,4,4,4,6,8,8,6,4,4,4,4,2,4,6,8,10,2,10,6,6,8,6,8,16,12,4,10,10,4,6,12,10,10,8,4,2,6,16,26,16,20,52,58,44,60,22,44,20,34,10,6,16,24,12,12,18,20,20,12,12,12,6,8,10,24,38,122,255,214,212,255,86,30,18,18,96,255,255,255,255,224,72,42,2,6,106,208,106,116,230,144,14,174,255,255,255,220,214,106,194,54,44,184,161
70,255,255,124,70,28,54,62,50,64,94,255,255,255,255,252,244,255,255,255,178,255,226,248,230,255,196,106,64,122,196,214,255,236,220,176,112,118,174,24,76,16,182,255,182,198,156,220,178,255,255,255,24,255,194,255,78,255,255,255,84,255,130,255,255,255,255,218,255,255,255,255,110,255,255,176,8,30,26,72,122,208,255,255,190,255,255,144,246,255,255,255,255,255,255,144,10,14,8,16,18,8,16,14,2,2,4,6,6,4,4,2,2,2,2,4,4,6,6,8,8,10,12,12,12,10,10,14,18,8,20,20,12,164,255,102,255,80,32,218,255,255,255,255,255,255,255,255,255,202,94,26,130,216,255,255,255,76,26,255,255,255,255,6,8,8,16,12,4,4,6,6,6,4,2,4,4,8,10,10,255,255,46,100,42,150,255,248,10,8,6,4,6,0,0,0,0,0,0,0,4,6,2,0,0,0,4,6,14,40,44,16,22,30,24,12,255,164,255,130,255,255,255,120,255,255,255,214,64,12,134,148,162,255,94,152,48,255,156,12,12,20,80,72,28,40,16,118,255,112,255,32,6,18,54,158,124,108,16,14,122,255,255,204,132,146,68,206,150,242,48,14,18,16,20,28,24,18,4,134,255,255,234,10,6,18,64,116,80,120,30,16,64,254,192,182,14,18,56,255,40,255,88,10,6,4,86,148,144,66,10,76,184,110,100,8,16,16,60,100,90,44,2,6,10,16,160,255,92,255,84,58,84,255,255,255,255,132,255,112,250,236,170,255,255,255,38,20,42,42,24,30,48,22,22,8,40,150,54,182,255,255,40,56,14,8,14,10,8,20,4,4,14,2,4,14,14,6,30,66,86,188,255,208,120,50,192,230,146,46,6,4,6,4,4,2,2,6,6,6,6,0,0,2,6,10,8,2,4,4,2,2,2,2,4,6,2,4,4,0,4,2,6,12,10,8,0,4,4,2,0,12,18,10,14,12,0,14,16,8,8,6,6,12,12,8,10,8,12,32,64,38,38,16,32,6,28,8,22,18,20,28,32,22,6,12,20,30,18,4,8,8,16,18,24,128,255,186,255,255,100,38,100,255,255,255,255,178,78,22,20,6,10,26,104,196,144,58,194,144,16,130,255,255,136,224,152,90,178,255,255,202
115,62,255,255,62,24,42,82,76,74,68,214,255,255,255,255,255,255,255,255,255,255,255,255,255,208,40,90,126,148,118,136,150,94,255,50,130,68,230,248,70,46,212,182,188,255,192,255,220,182,254,255,136,255,255,180,255,246,184,255,255,255,255,255,255,255,190,44,30,255,255,255,254,255,255,96,18,14,72,255,255,255,92,255,255,255,246,8,16,62,255,255,228,255,255,255,255,212,128,10,20,16,20,34,20,18,6,6,12,10,4,10,2,10,10,14,4,6,4,10,12,6,16,6,8,50,48,50,18,2,14,10,6,60,255,255,255,255,210,62,56,166,254,255,255,255,255,255,255,255,255,255,255,255,255,255,255,62,20,188,255,128,255,74,6,8,10,6,8,4,8,8,6,2,4,4,4,10,8,14,255,255,42,98,48,200,255,255,16,4,8,2,6,0,0,0,0,0,0,0,2,6,4,0,0,0,2,2,6,28,50,30,16,24,18,16,160,255,126,255,62,74,255,255,128,86,255,255,234,94,64,118,48,255,250,236,255,255,196,6,6,210,255,255,118,24,18,120,255,186,255,20,16,14,18,46,38,46,22,8,255,255,255,144,72,90,94,62,94,110,22,16,16,118,180,152,56,8,14,130,255,158,255,18,6,14,56,138,110,80,10,18,234,255,250,204,8,8,4,255,246,255,134,6,6,46,78,52,38,22,14,118,182,158,130,14,30,6,30,64,56,24,8,10,20,58,255,158,255,132,255,255,255,116,255,255,255,255,255,144,224,255,34,255,255,210,14,40,52,46,38,42,48,12,22,12,62,98,86,255,255,255,28,36,4,4,8,2,12,8,8,8,20,10,12,20,18,12,4,10,24,50,122,156,184,214,110,76,212,218,142,70,10,8,6,4,4,4,10,2,6,0,0,2,4,4,6,6,6,6,4,2,4,8,10,6,6,10,8,6,6,8,8,4,10,6,6,6,6,8,8,6,8,8,14,8,8,12,6,8,18,16,14,18,8,14,26,28,18,12,44,30,20,4,24,28,34,18,12,6,20,14,14,14,10,28,30,56,50,20,6,18,14,14,30,36,176,255,190,255,255,58,255,255,255,255,110,30,20,12,16,20,28,24,20,80,180,162,32,170,132,58,88,255,255,162,116,140,206,255,186,216
137,202,255,255,44,50,36,60,58,50,72,106,206,254,198,214,224,184,180,232,242,255,226,180,255,200,18,166,94,184,230,255,255,52,255,104,176,248,96,230,52,90,255,132,228,255,255,255,255,234,255,255,156,192,255,120,255,166,255,216,255,255,255,255,122,44,74,76,56,255,255,255,255,255,255,24,26,50,134,255,255,255,255,98,255,255,36,58,86,146,255,255,255,128,255,255,255,255,255,255,98,20,20,26,46,38,32,32,18,12,2,12,4,8,6,8,12,2,4,10,8,4,10,2,40,255,255,255,20,16,2,18,18,16,255,255,114,255,255,255,255,255,255,255,255,255,255,255,236,152,58,36,126,222,255,255,136,24,16,104,255,40,255,146,16,20,10,14,6,2,8,8,4,0,4,4,8,8,10,20,255,255,72,100,82,255,255,196,8,12,6,4,2,0,0,0,0,0,0,0,0,4,4,0,0,0,0,2,4,18,34,28,8,34,32,32,14,255,114,255,156,255,255,80,255,255,255,255,255,255,255,255,255,120,194,56,154,180,170,28,46,255,255,255,142,4,6,100,255,184,255,16,4,4,124,138,130,34,14,22,255,240,255,214,142,26,92,70,34,18,2,10,24,255,255,255,72,8,2,106,255,216,234,14,2,6,94,84,56,46,24,20,255,242,255,196,16,6,10,222,255,255,128,12,12,166,126,152,28,2,8,124,204,130,210,12,14,22,4,6,14,10,14,10,44,230,252,218,234,255,255,255,255,255,184,255,255,255,255,255,255,158,255,255,255,50,34,70,36,48,52,60,32,10,8,36,144,28,18,255,255,128,56,22,16,10,14,20,14,18,14,14,2,14,12,12,10,4,6,8,12,8,12,20,52,134,194,182,66,94,196,226,156,46,4,4,8,22,16,12,8,4,4,4,8,8,4,4,4,4,4,0,0,4,4,4,8,4,4,8,6,4,8,6,6,4,2,4,4,6,8,10,4,2,8,4,8,14,12,4,16,6,12,14,18,24,28,24,20,12,14,22,8,10,6,18,16,16,28,12,14,8,10,8,16,32,20,34,46,30,8,12,2,4,16,2,38,204,255,148,255,255,255,255,255,182,68,0,10,4,12,28,26,50,26,20,74,182,168,46,224,192,74,82,255,255,255,86,255,255,200,211
148,255,255,255,32,62,50,48,50,32,70,74,70,112,92,58,76,82,68,90,100,82,80,134,255,255,76,224,156,255,255,242,255,214,255,255,255,255,255,255,192,166,255,182,255,255,255,255,255,255,255,210,90,70,255,255,255,255,255,192,255,255,158,74,54,28,52,68,112,255,255,228,255,255,255,12,84,255,255,236,255,255,255,255,192,70,38,222,255,255,255,255,255,188,255,170,255,255,255,255,255,255,255,86,46,22,10,18,30,22,20,20,12,4,10,6,12,12,12,2,4,2,10,16,114,255,255,255,54,10,12,12,12,10,78,255,255,255,168,84,48,52,112,154,178,234,255,255,255,255,255,255,255,255,255,255,255,255,255,255,255,72,255,150,20,10,8,6,2,2,6,10,6,0,2,8,6,2,8,34,255,255,78,70,80,255,255,108,18,6,8,6,2,0,0,0,0,0,0,0,0,4,6,2,0,0,0,4,8,14,24,30,24,28,34,38,44,184,255,92,242,255,255,255,255,255,255,234,255,255,255,255,255,110,120,100,46,72,110,16,40,255,36,255,88,10,14,22,230,162,176,40,4,102,255,238,255,26,8,26,255,255,255,134,86,96,64,72,42,48,14,20,80,255,70,255,46,16,8,34,168,104,124,14,14,84,255,192,204,38,8,8,255,182,255,178,8,14,6,32,122,110,86,8,62,255,128,202,28,0,8,58,255,100,170,28,8,12,10,20,12,14,10,8,148,255,62,255,255,255,232,202,108,255,255,66,255,255,255,255,255,114,255,255,202,54,62,50,22,56,66,56,12,12,2,132,170,108,228,255,255,42,90,44,52,20,14,6,28,14,20,14,20,10,10,12,20,6,16,18,10,4,18,20,16,34,70,134,200,188,76,116,234,246,196,74,2,20,12,16,16,6,2,6,8,4,8,2,4,4,6,2,0,4,6,6,6,6,4,6,6,2,8,6,6,4,0,0,0,4,6,10,8,10,12,10,4,6,8,16,0,14,14,4,12,16,14,20,4,32,16,14,16,20,18,10,12,8,22,8,2,6,16,12,12,36,42,32,22,36,24,6,4,12,10,14,10,54,230,255,184,255,255,255,255,255,255,244,104,24,18,38,26,18,30,22,18,60,212,255,255,255,255,112,124,250,255,92,158,255,255,205
160,255,255,255,120,36,50,42,78,56,36,66,56,76,116,96,64,72,64,66,90,76,74,132,255,255,255,255,255,255,255,255,255,244,255,255,216,216,210,200,255,248,255,128,82,80,66,72,66,148,82,124,138,134,168,255,176,255,168,188,255,255,255,84,68,46,50,70,214,255,255,20,255,255,224,60,255,255,255,255,114,255,255,255,110,60,255,255,255,255,255,112,114,210,138,255,230,255,255,255,255,255,255,255,255,255,118,24,22,14,10,22,16,14,8,6,14,12,12,6,6,6,14,10,206,255,255,255,132,34,32,6,12,22,18,34,216,255,255,255,255,255,255,255,255,255,255,255,255,190,134,80,8,68,122,180,240,255,255,255,255,255,255,80,14,4,2,14,6,2,2,10,10,2,0,8,6,2,0,80,255,240,56,40,62,255,255,32,12,6,12,6,4,0,0,0,0,0,0,0,0,2,6,4,0,0,2,8,4,2,24,42,32,2,20,24,14,36,255,138,255,192,255,102,255,230,255,255,160,255,255,255,104,168,32,188,108,140,108,14,54,255,58,255,40,16,10,6,54,64,68,34,8,248,255,255,255,28,26,8,144,210,210,92,54,110,66,204,234,150,36,16,100,255,156,255,12,24,6,12,62,46,54,14,6,222,255,222,230,12,8,8,255,255,194,255,32,4,80,160,130,46,30,36,92,255,122,254,8,4,14,12,122,144,132,24,10,12,16,6,18,6,2,80,255,98,255,60,255,255,255,255,255,255,255,255,255,232,255,255,152,255,255,255,30,38,54,56,38,72,94,62,12,12,58,150,62,108,255,255,204,66,102,30,56,40,18,22,6,26,2,16,22,20,32,2,18,4,10,6,4,12,2,12,8,6,26,30,66,154,224,166,66,136,255,244,104,48,6,14,12,12,10,8,4,4,4,2,2,2,6,6,2,2,4,2,4,8,4,4,4,0,6,4,4,2,0,0,0,4,4,6,6,12,12,14,6,6,8,10,20,10,10,12,4,42,34,16,6,14,12,8,16,18,10,6,10,4,14,4,4,8,10,14,16,4,18,18,18,42,54,28,18,12,24,12,8,18,70,228,255,255,255,255,150,255,255,255,255,255,90,22,24,26,2,12,54,255,255,255,255,255,255,255,255,255,188,134,255,156,72,166
183,255,232,255,255,4,46,28,44,62,32,54,70,54,74,86,62,66,76,54,66,96,96,72,144,255,248,192,242,142,144,46,92,70,72,108,126,128,128,120,150,128,184,184,252,255,240,202,244,255,230,255,255,255,255,255,236,122,190,255,106,255,255,148,62,60,56,72,255,255,255,210,255,255,114,156,255,255,198,214,255,255,212,64,78,255,255,255,244,255,255,134,255,164,255,248,255,255,255,255,255,255,255,255,255,255,255,255,255,74,28,22,14,4,12,16,10,2,4,6,10,10,12,8,255,255,216,255,238,38,34,8,6,12,6,16,4,14,4,14,26,50,92,136,178,242,255,255,255,255,255,255,255,255,255,255,255,255,255,255,255,255,255,20,16,6,12,8,4,2,2,8,10,4,0,4,4,6,4,150,255,208,64,12,70,255,246,6,6,10,4,2,4,0,0,0,0,0,0,0,0,0,4,6,2,2,6,4,8,12,24,44,42,12,16,38,12,20,122,255,88,126,255,255,255,255,255,74,255,255,255,106,26,84,140,52,206,34,176,78,24,255,188,255,108,18,14,154,255,212,78,10,16,246,255,255,255,8,8,12,44,80,68,32,12,8,255,255,255,180,12,26,68,255,160,248,14,6,12,100,164,106,44,6,10,255,255,255,204,12,16,2,100,255,196,222,76,30,252,255,255,108,4,16,84,255,122,238,24,8,6,6,4,20,34,32,14,20,16,6,20,10,76,246,234,182,166,255,255,255,255,255,255,86,255,255,255,255,156,160,230,255,255,130,24,20,66,56,48,114,106,38,8,8,62,118,80,90,255,255,40,92,144,78,36,6,22,12,22,16,42,18,48,84,82,112,64,20,2,14,10,16,14,20,8,8,8,12,8,42,112,166,255,255,132,152,202,200,116,30,16,10,6,4,2,2,4,4,2,0,2,6,6,2,0,4,2,6,2,2,4,2,4,0,0,0,0,0,0,4,6,0,6,8,8,12,8,10,18,16,16,10,8,10,28,78,62,72,24,20,24,14,8,18,16,10,8,8,18,2,10,14,2,4,8,22,28,38,24,14,36,28,24,20,10,18,4,16,24,48,232,255,255,234,255,255,58,255,255,255,255,255,82,50,24,76,255,255,255,255,255,255,255,255,255,220,72,255,255,254,186,132
190,255,255,255,255,60,46,32,20,52,62,36,54,52,66,164,168,138,66,186,196,162,186,255,220,126,255,255,255,255,255,255,255,126,76,255,216,194,255,255,255,255,255,255,255,252,255,255,160,154,255,255,255,255,255,84,255,142,255,160,255,255,255,255,82,70,48,68,255,255,255,255,255,255,94,255,255,188,255,255,255,255,54,82,255,255,255,202,224,255,74,164,255,255,152,255,255,224,255,255,34,44,178,255,255,255,255,255,255,255,255,255,142,26,10,0,20,28,16,4,6,14,14,10,255,255,168,255,255,20,0,16,8,18,24,12,12,4,6,20,20,8,10,14,20,8,10,6,10,12,4,26,64,98,136,190,238,255,255,255,255,182,22,12,6,18,8,6,4,4,2,8,8,4,0,0,0,8,2,218,255,112,64,22,100,255,214,8,14,2,6,6,4,0,0,0,0,0,0,0,0,0,2,6,4,4,6,2,8,4,12,36,42,20,10,38,30,12,20,214,138,220,252,255,255,122,255,255,255,184,32,50,14,36,110,92,90,158,50,160,54,178,242,206,72,22,46,255,255,255,118,28,14,238,255,255,255,18,8,8,74,66,54,14,2,24,255,184,255,202,12,18,4,166,162,162,30,10,44,255,216,255,62,14,18,255,255,255,255,30,10,4,38,68,130,158,66,26,255,166,255,128,16,4,28,230,176,176,44,6,6,30,30,38,16,6,2,20,10,26,14,30,172,190,100,255,64,255,255,255,255,255,234,255,255,255,255,255,255,38,255,255,255,42,26,56,68,8,94,124,78,18,12,18,46,76,16,255,255,255,122,96,182,22,58,40,32,48,6,32,24,22,42,62,60,96,86,86,104,88,12,8,14,12,2,0,6,4,8,8,16,40,108,206,222,136,22,112,188,182,104,36,14,8,10,6,6,8,4,0,0,2,6,4,2,6,2,6,4,4,6,4,6,4,4,4,2,0,0,2,6,4,6,8,8,8,4,8,12,20,20,8,14,16,28,80,40,40,32,20,18,6,24,22,22,22,16,8,12,6,6,12,2,12,20,14,18,8,14,20,8,28,66,66,24,12,14,10,4,40,42,255,255,255,120,255,255,255,28,255,255,255,255,255,128,255,255,255,255,162,255,255,160,255,255,255,255,255,54,255,218,138
