512 512
183 182 180 178 180 184 188 190 190 190 191 192 190 188 190 196 198 202 206 206 206 207 207 207 208 207 208 207 202 198 195 190 188 191 192 194 200 203 202 202 206 206 206 206 207 206 206 205 204 205 206 205 204 202 201 201 196 195 194 195 196 198 202 204 205 203 199 195 197 202 206 207 210 210 210 206 204 202 202 203 204 203 200 196 193 194 196 198 204 204 205 202 196 194 195 194 195 200 201 197 195 197 198 197 201 201 202 203 204 204 203 201 194 191 189 189 190 192 196 201 202 205 207 205 202 201 202 203 199 201 202 200 198 198 201 202 200 207 212 211 204 197 197 199 197 196 200 207 211 210 209 208 212 210 207 203 200 201 204 206 215 215 215 214 214 213 213 214 214 214 213 213 215 215 207 198 187 176 170 175 186 202 215 214 213 216 216 215 215 215 213 209 204 200 195 192 193 197 200 202 204 206 209 211 209 208 210 212 214 211 212 216 216 212 213 217 217 218 218 216 216 216 215 214 216 215 215 214 212 208 188 164 148 131 133 155 173 186 196 196 197 196 198 193 180 176 182 185 187 187 188 189 184 180 184 193 201 205 206 204 199 193 188 184 181 179 186 194 189 176 175 183 183 183 177 180 185 171 160 170 176 184 197 204 206 206 200 196 192 194 194 193 197 201 198 191 191 189 187 187 189 191 192 192 188 188 189 195 201 201 196 191 181 180 177 177 182 190 194 195 193 197 200 200 200 203 205 206 208 200 197 202 204 200 200 204 207 208 211 215 216 212 207 203 202 202 202 205 209 212 213 213 212 211 210 209 209 210 211 212 216 217 217 218 220 221 222 223 223 224 224 225 225 225 225 225 224 224 225 226 226 226 226 225 225 224 223 222 219 214 210 207 202 204 204 205 206 211 215 218 212 214 214 213 213 215 217 219 217 210 206 208 209 208 208 211 217 213 208 205 210 215 213 207 206 206 203 202 205 207 199 187 177 173 171 175 183 197 207 208 206 204 204 206 209 209 205 199 194 195 194 190 185 185 188 192 193 189 190 198 201 200 201 205 202 200 198 200 206 210 208 203 205 209 209 207 203 196 186 177 170 163 160 165 170 172 173 174 173 175 178 179 176 177 187 196 203 201 195 188 180 175 173 173 183 191 197 200 202 204 204 201 
184 182 178 175 176 181 186 188 192 189 187 186 184 184 188 193 196 200 204 206 207 208 208 208 209 208 209 208 203 200 199 196 194 201 203 202 200 199 200 203 204 204 204 204 204 204 203 203 203 203 204 205 205 204 201 201 200 197 195 195 196 196 198 202 208 209 208 205 204 206 208 210 212 213 212 210 206 204 203 204 203 203 203 201 198 196 195 196 201 199 199 198 193 186 185 190 189 194 196 193 190 193 196 198 201 201 201 202 203 203 203 203 197 194 193 194 198 201 204 208 208 207 207 206 203 199 199 202 202 202 204 206 205 202 201 202 203 204 206 208 208 205 200 197 199 199 201 207 210 211 212 214 210 211 209 206 203 202 203 204 212 214 215 214 214 214 214 214 213 214 214 213 215 215 209 201 185 170 159 160 172 193 210 213 215 217 217 215 215 215 212 208 201 194 185 178 177 179 181 182 186 187 190 194 195 197 199 200 200 199 202 207 209 207 209 212 214 216 216 215 215 216 216 215 215 215 215 215 215 213 197 177 154 139 129 142 165 181 188 195 198 196 197 195 185 177 177 180 185 186 188 188 184 182 185 191 199 202 204 203 200 196 192 188 190 189 192 197 194 185 182 186 190 187 180 177 176 164 155 160 173 180 190 197 201 204 202 199 192 192 193 194 199 203 202 198 196 192 187 186 188 189 187 185 181 181 183 189 197 200 197 194 184 182 180 181 186 191 196 198 197 201 203 203 203 204 206 206 203 199 196 198 201 202 201 201 207 208 209 213 216 215 210 205 203 202 202 202 205 209 212 213 213 213 213 214 215 217 219 221 221 221 220 221 222 223 223 223 223 223 223 223 224 224 225 225 225 225 225 225 225 225 225 225 225 225 225 224 221 217 213 210 202 203 204 205 206 209 213 217 214 213 213 213 212 209 210 212 213 207 203 203 205 206 208 210 218 217 215 212 212 213 209 203 196 196 194 193 196 197 187 176 165 155 153 162 171 181 194 201 205 201 200 203 207 207 205 203 205 204 201 195 189 187 189 191 194 193 193 196 198 200 200 199 194 193 194 195 200 204 205 203 204 207 209 208 204 196 185 178 171 165 163 169 177 181 183 183 182 181 182 184 184 185 194 203 208 206 202 195 187 182 180 180 191 197 203 205 207 208 207 204 
186 183 178 176 178 182 185 185 191 188 185 184 184 184 187 192 195 199 203 206 207 208 208 207 208 207 208 207 203 202 202 200 198 205 207 204 200 197 196 199 201 202 204 204 203 203 204 205 203 204 205 206 208 206 204 202 201 196 192 192 192 192 195 200 207 211 214 212 209 207 208 209 211 212 213 211 207 204 202 202 203 204 206 205 199 192 187 186 196 195 192 192 187 174 170 179 187 191 194 194 192 193 198 203 204 204 203 203 203 204 205 207 206 203 201 203 206 209 210 211 212 207 204 205 203 198 197 200 203 202 205 212 212 206 202 202 204 202 202 206 211 210 205 200 199 199 200 205 207 210 211 213 211 212 212 209 205 202 203 203 208 212 216 214 214 215 215 214 213 214 215 214 215 215 211 206 189 168 149 144 156 181 204 212 215 217 216 215 215 215 211 206 197 187 173 165 162 164 166 167 171 172 173 175 178 181 182 183 184 184 186 191 192 194 199 204 210 213 215 215 215 216 216 216 214 214 215 216 216 216 207 193 165 150 129 130 155 172 180 192 197 196 195 197 192 180 174 176 184 187 189 188 186 185 186 187 192 196 199 200 199 197 194 190 197 196 197 198 196 191 186 184 185 184 180 174 168 161 155 152 163 171 182 191 198 205 205 203 197 195 194 196 200 204 205 204 200 192 182 179 181 185 186 184 182 183 184 190 197 201 201 200 193 188 184 183 183 183 187 192 195 199 202 203 202 202 203 203 202 202 199 197 199 203 202 198 205 206 207 210 215 217 213 208 204 203 202 202 203 206 209 211 212 213 214 216 218 221 222 223 223 223 223 223 223 223 224 224 225 224 224 224 224 225 225 226 226 226 225 225 225 225 226 226 226 225 225 224 223 220 216 213 204 203 203 205 205 206 210 215 218 213 211 213 211 207 207 211 217 214 209 206 207 209 211 213 217 220 220 217 213 209 204 200 186 185 182 181 185 185 176 164 154 139 139 155 168 176 190 203 207 203 202 205 208 209 209 211 210 206 200 192 184 182 183 185 188 191 191 189 192 198 198 194 194 196 197 197 198 201 205 207 206 207 210 212 209 201 191 185 182 179 177 181 189 195 196 194 189 187 187 189 192 196 203 210 214 213 210 205 199 193 191 190 196 200 203 205 207 208 206 202 
186 185 184 184 186 188 187 184 189 187 186 189 190 189 190 193 196 199 203 204 205 206 205 203 205 202 203 203 201 200 200 197 198 200 199 197 199 198 194 193 199 201 203 203 202 201 201 202 203 204 205 207 208 209 206 202 199 192 187 187 188 188 193 201 204 208 212 212 208 205 204 205 207 209 211 210 208 204 201 200 203 203 206 205 197 185 177 175 188 191 189 189 186 172 166 176 191 194 199 202 202 201 204 209 207 207 206 204 203 204 207 210 212 210 208 209 210 211 210 210 210 206 202 201 201 200 199 199 202 202 205 211 213 210 205 203 202 202 203 206 209 209 208 207 200 199 199 202 205 207 208 208 210 212 212 209 205 202 202 203 204 210 215 214 214 215 215 213 213 215 215 215 215 215 213 211 199 176 150 137 145 168 194 211 213 215 215 214 215 215 211 206 197 185 168 157 153 154 156 156 159 160 160 160 162 165 167 168 170 170 169 167 166 171 181 190 203 209 214 215 215 216 216 215 214 214 215 215 215 215 211 202 180 160 136 129 144 161 174 188 194 196 195 196 197 188 176 174 183 187 190 190 189 189 187 184 188 192 196 198 200 199 196 192 196 198 198 196 195 193 188 181 176 179 182 177 169 165 161 152 152 163 176 188 198 206 208 206 203 199 195 196 197 198 201 204 199 192 185 182 185 189 190 190 190 190 189 193 198 202 204 204 199 192 185 181 177 174 179 186 193 197 201 202 202 202 203 203 207 208 205 201 200 202 202 200 199 203 206 208 212 217 216 211 206 204 202 202 204 205 206 207 210 211 212 214 216 218 218 218 221 221 222 223 223 223 223 223 225 225 224 224 224 225 225 225 225 225 225 225 225 225 225 226 225 225 225 224 224 222 219 215 209 204 201 204 205 205 208 212 219 216 213 212 212 212 213 216 220 220 217 211 207 207 209 211 212 215 217 215 210 205 200 196 186 181 175 174 179 182 175 166 157 143 143 161 175 182 193 203 204 205 205 205 205 207 210 212 207 202 195 188 182 182 184 186 188 192 193 190 191 196 199 197 200 202 202 200 198 200 203 206 207 206 207 210 211 206 199 195 193 192 191 193 198 203 203 201 202 200 197 196 197 200 204 209 216 217 217 213 207 203 200 198 194 195 197 199 201 203 201 198 
187 187 187 189 192 193 190 186 189 187 188 192 194 193 192 194 196 198 201 202 203 204 202 200 201 197 196 197 197 198 196 192 195 195 191 190 194 195 191 189 194 196 198 199 197 195 195 195 198 200 203 205 208 210 207 204 199 191 185 185 185 187 195 202 205 207 209 209 206 202 200 199 200 203 207 208 207 204 202 200 203 204 206 205 198 186 177 175 180 190 192 192 193 186 180 186 195 197 202 209 211 209 209 211 209 209 207 204 203 204 207 210 210 211 211 210 209 208 207 207 205 205 202 198 199 203 203 199 201 203 204 206 210 213 211 207 204 203 202 203 204 205 207 209 206 203 199 199 202 204 204 203 206 208 210 210 208 205 202 201 201 207 213 214 214 216 215 214 214 215 216 215 215 215 215 214 208 187 160 141 141 158 184 205 211 213 215 214 215 216 213 209 201 191 177 167 161 158 156 155 155 157 156 154 154 156 157 158 157 151 142 135 132 140 162 181 193 202 212 214 215 216 216 214 215 214 215 215 213 214 213 208 192 169 145 134 132 148 171 183 190 197 197 195 198 194 183 176 180 185 190 192 194 194 190 185 189 192 195 199 202 203 199 195 191 196 198 197 196 196 192 185 180 184 189 184 174 171 168 156 147 157 169 181 193 202 206 207 206 200 195 193 193 193 197 202 200 198 196 195 195 194 193 192 190 189 188 190 194 198 200 202 199 192 185 180 175 174 181 189 195 200 205 207 207 207 208 207 211 210 208 205 200 198 200 203 197 202 207 209 212 215 217 216 212 208 204 202 204 206 206 205 207 208 210 212 214 216 217 218 220 220 221 222 223 222 222 222 223 223 223 223 223 223 222 222 221 222 223 223 224 224 225 225 224 225 225 224 225 224 221 217 213 205 200 202 204 205 207 210 215 218 217 213 212 215 216 214 211 214 215 210 203 201 202 203 207 210 213 214 212 206 198 192 189 182 173 172 179 187 185 180 174 161 157 167 179 187 194 196 194 201 204 200 197 201 205 206 206 204 200 196 193 193 193 193 195 197 197 195 192 193 197 201 199 200 199 196 195 197 199 200 205 202 201 204 208 209 205 201 199 201 202 203 206 211 214 214 218 213 207 201 197 197 201 206 213 216 217 214 210 207 204 201 194 193 193 194 197 200 199 198 
186 187 186 187 189 191 189 187 190 188 189 192 193 192 193 195 195 197 198 199 200 201 199 196 197 192 190 191 191 192 191 187 187 190 188 186 187 187 184 184 185 186 189 190 190 190 191 192 191 194 198 201 206 210 210 207 201 196 190 187 187 191 197 203 205 205 206 205 203 198 194 192 191 195 201 204 205 203 202 201 203 204 205 205 202 195 189 185 184 195 200 200 202 201 197 197 199 200 205 211 214 213 211 211 210 209 207 205 204 205 207 209 209 210 210 207 204 202 200 198 195 200 199 194 194 200 201 196 200 203 204 203 207 213 215 212 208 205 201 200 202 204 204 204 209 205 200 197 198 200 201 200 200 203 207 210 210 207 203 200 201 204 209 212 215 215 215 215 215 215 216 216 216 216 216 216 212 199 174 153 147 154 175 196 208 212 215 215 216 217 216 213 211 205 198 192 189 185 180 177 174 175 173 168 165 163 160 156 142 124 103 89 86 102 138 169 186 198 210 213 214 216 216 214 216 214 215 215 213 214 215 212 202 177 158 141 127 137 163 178 186 195 198 195 196 197 189 179 176 182 188 193 196 197 195 190 186 187 189 193 198 200 198 194 189 193 197 197 198 199 196 192 186 186 188 184 177 175 172 162 150 151 157 168 179 191 200 205 206 201 197 195 193 193 198 202 206 204 200 195 191 189 189 190 184 185 184 185 189 193 197 200 200 195 190 185 181 179 184 191 194 200 206 208 208 208 208 207 207 205 205 204 199 194 196 202 198 202 206 209 210 212 215 217 217 212 206 203 203 205 206 206 202 203 204 206 209 213 215 217 218 219 220 220 221 221 220 220 222 222 222 221 221 221 221 221 222 222 222 223 224 225 226 226 224 225 225 224 225 226 223 218 214 206 199 199 203 205 208 210 212 219 220 214 212 214 212 206 205 210 213 212 207 203 202 203 207 209 214 218 218 213 203 195 190 184 177 176 183 192 195 194 188 180 175 176 183 192 198 196 192 201 205 201 198 202 206 207 209 209 208 205 200 196 191 188 190 190 192 192 189 188 192 199 196 196 195 195 196 199 200 199 205 204 203 204 209 212 211 208 206 206 206 208 210 214 219 222 219 214 206 197 192 192 198 203 207 211 215 214 211 209 206 203 200 198 194 193 195 198 200 201 
187 187 186 186 187 189 189 187 189 188 189 192 193 193 194 197 196 196 196 196 197 198 196 192 190 186 184 183 182 184 187 186 181 185 186 185 187 187 184 184 181 181 181 181 182 183 185 186 183 188 193 196 201 207 208 206 203 200 195 191 191 194 198 201 202 202 203 203 200 195 191 190 188 193 199 204 205 205 204 204 204 206 206 205 204 203 198 193 192 199 204 205 206 208 206 203 203 204 206 208 209 209 208 208 207 205 204 203 203 204 206 206 207 208 206 202 199 196 192 189 187 193 196 193 194 198 200 198 198 201 203 203 206 211 214 215 213 209 204 202 202 203 202 201 206 206 203 200 198 199 199 198 196 198 202 206 209 208 205 202 202 202 206 211 215 215 215 216 216 215 216 216 217 216 216 216 214 207 188 171 161 161 174 192 205 211 215 216 215 217 217 215 216 216 214 213 212 210 207 205 202 201 198 194 190 184 174 165 143 117 92 79 79 95 130 163 187 200 212 214 214 215 216 214 216 214 216 216 214 214 215 214 209 193 172 151 134 131 148 168 180 189 197 197 195 197 194 185 177 180 186 192 196 198 197 195 184 183 183 186 193 198 198 196 192 193 195 197 199 199 197 196 188 183 180 179 179 179 173 165 154 145 142 151 166 181 193 202 206 205 203 200 196 195 197 200 206 203 198 191 186 184 186 188 186 187 186 187 189 193 196 200 204 202 199 193 186 182 181 182 187 193 200 204 205 205 205 204 204 204 204 205 201 196 196 199 202 200 201 203 205 206 209 214 218 216 212 209 206 205 206 206 204 204 203 202 203 206 208 210 213 214 215 216 217 218 218 218 219 218 217 215 215 216 217 217 220 219 218 218 218 220 222 224 224 225 225 223 225 226 223 218 212 206 200 197 200 205 209 212 212 219 221 217 213 213 212 208 211 212 216 218 216 210 206 207 207 208 211 216 219 216 208 202 195 194 192 191 193 198 202 204 200 198 196 194 196 202 205 201 198 201 205 205 204 204 206 209 209 209 209 205 198 192 187 184 184 185 187 189 189 188 191 194 197 197 197 198 200 202 202 201 202 207 209 208 209 213 213 210 203 199 197 200 204 206 210 214 214 210 203 197 192 192 195 198 203 209 214 214 213 214 212 209 205 200 194 190 189 192 195 197 
187 188 188 187 187 188 188 187 187 187 190 195 196 195 196 199 198 197 196 195 195 195 192 189 185 181 179 178 175 178 183 185 179 183 184 187 193 194 190 187 185 182 177 174 172 172 173 173 177 182 187 190 195 200 202 202 201 202 198 193 193 196 199 198 199 200 202 203 200 195 193 193 191 195 201 206 209 209 208 208 205 207 207 204 204 204 200 192 194 197 203 206 207 209 211 207 206 206 206 203 201 201 202 203 201 200 198 198 199 201 201 201 203 203 201 199 198 197 193 188 185 190 195 197 197 199 202 203 197 199 202 204 205 207 211 215 214 213 210 206 202 200 201 202 201 205 207 205 202 200 198 197 196 196 198 201 205 208 207 205 203 201 204 211 215 214 215 217 216 216 215 216 217 217 216 216 217 213 198 184 174 169 177 193 202 209 214 215 214 215 216 215 217 216 215 214 214 213 213 214 214 214 212 210 210 205 191 178 164 143 124 121 121 127 149 173 192 205 216 216 214 215 216 214 216 214 216 217 214 214 214 213 214 205 184 161 145 130 136 158 175 183 195 199 195 196 197 191 179 181 185 191 194 196 196 196 187 185 183 186 193 201 204 202 199 196 195 198 200 198 197 197 190 181 175 177 183 181 173 164 154 139 131 141 161 176 190 200 207 207 206 202 197 194 194 194 199 200 199 197 194 190 189 188 192 193 192 192 192 194 197 200 204 205 203 197 189 183 178 174 183 189 196 200 203 205 205 205 208 209 210 210 208 204 200 199 203 198 194 197 198 199 203 210 216 218 218 215 210 206 205 205 209 207 204 202 201 202 202 203 206 207 209 212 214 215 216 216 215 213 210 208 207 209 211 213 216 214 211 210 210 213 216 218 223 224 223 222 223 225 222 216 209 206 201 196 197 204 211 215 215 219 221 218 214 214 216 217 216 214 216 220 219 211 205 203 203 203 204 208 212 212 209 206 203 207 210 208 205 205 208 211 210 211 214 213 209 209 209 204 201 197 198 203 203 199 200 205 208 208 206 202 197 194 193 193 191 193 195 196 197 197 196 195 198 199 200 200 201 202 201 199 196 205 211 208 206 209 209 206 198 192 189 193 199 203 207 210 216 214 210 204 199 195 193 192 202 209 215 216 217 218 217 215 207 201 192 186 183 185 189 192 
188 187 186 186 187 188 188 187 189 189 189 193 194 194 195 198 194 195 195 193 194 192 187 180 179 173 169 170 173 177 181 184 185 188 192 195 200 203 199 193 190 180 173 171 167 167 169 170 174 176 180 185 189 193 194 195 196 194 193 196 198 196 195 201 199 200 202 206 208 207 203 200 200 203 207 210 211 211 211 210 204 204 204 205 208 208 206 202 199 200 199 199 204 211 211 207 204 197 196 194 187 189 196 197 190 193 197 199 198 198 200 202 202 202 201 200 196 192 192 194 195 198 201 203 204 204 204 204 200 197 198 202 204 205 209 215 214 214 212 208 203 199 197 196 194 196 201 205 206 203 201 198 196 195 196 198 200 204 207 204 202 205 202 203 213 217 215 215 216 216 215 216 217 217 217 216 214 216 210 199 188 178 178 189 203 208 216 218 215 215 217 215 216 217 217 215 214 215 215 214 217 217 213 207 202 196 184 172 166 157 147 145 152 164 182 196 208 212 215 215 215 216 217 217 216 216 215 215 214 214 214 214 212 211 198 177 156 137 132 143 168 185 185 196 200 190 196 194 186 182 183 188 195 201 199 191 190 189 188 189 193 198 203 205 201 196 193 194 198 200 198 197 194 188 181 183 191 187 177 173 163 153 128 127 157 173 179 197 201 204 204 199 194 193 194 193 196 200 203 202 199 195 190 186 189 191 188 186 188 186 185 191 199 201 202 200 193 184 179 178 187 191 197 201 206 209 208 208 208 208 208 207 206 204 198 193 196 194 192 183 183 190 196 203 215 220 220 216 217 215 211 210 207 207 206 204 202 200 200 200 202 204 205 206 209 212 212 210 208 205 200 197 197 200 204 207 208 205 204 201 199 201 208 216 215 217 218 218 220 221 219 217 211 206 199 194 197 205 213 218 217 217 216 217 219 216 213 215 214 210 209 211 213 211 207 203 203 204 204 207 213 218 217 213 211 212 213 213 209 206 208 212 212 210 212 215 213 208 205 206 200 195 192 197 202 203 201 198 204 206 209 206 202 201 199 194 196 192 195 196 195 197 198 192 193 195 195 193 196 200 198 192 195 198 202 205 207 207 207 207 196 190 186 188 194 200 208 214 219 215 214 212 202 191 189 196 199 204 208 210 212 215 215 213 203 201 193 186 186 186 187 189 
183 183 184 185 188 189 189 188 189 187 185 187 188 190 195 199 197 197 195 192 191 190 187 183 178 174 171 172 175 179 182 185 188 193 199 202 206 208 205 200 189 178 170 169 169 169 170 169 169 171 175 180 184 187 189 190 191 190 189 191 196 195 195 199 200 200 202 206 209 210 208 207 207 207 209 212 214 214 213 211 206 205 205 205 207 210 209 206 206 201 197 199 203 205 206 205 198 190 182 179 176 180 186 188 187 191 194 198 198 199 201 203 202 203 204 204 201 198 199 200 204 206 208 208 208 206 204 203 201 197 197 201 203 203 206 211 211 211 211 210 206 201 196 193 193 195 198 201 204 205 204 204 199 197 198 199 201 205 205 200 200 201 201 203 210 215 216 215 216 216 215 216 217 217 217 216 217 217 211 205 200 190 183 185 193 200 211 217 215 215 216 215 217 218 217 216 216 217 217 215 212 212 207 196 184 175 168 164 155 152 153 161 175 189 201 207 211 214 216 216 216 216 217 216 216 216 215 215 214 214 214 214 213 213 205 189 169 146 133 136 152 174 182 193 199 194 196 192 188 185 186 190 194 199 200 196 189 188 188 189 192 194 196 197 199 196 192 193 197 200 200 198 196 192 185 181 184 185 180 173 167 157 135 132 154 168 177 194 200 204 207 205 200 197 196 196 198 202 206 205 200 193 186 181 182 184 185 186 187 185 186 191 197 201 205 204 199 192 187 184 184 185 189 195 199 204 206 206 205 205 204 203 203 201 197 193 191 189 184 172 169 176 184 198 207 216 219 218 219 217 215 213 208 208 208 206 204 203 202 202 197 199 201 202 202 202 201 200 193 191 189 188 190 195 200 204 205 202 199 195 192 193 200 207 210 211 212 213 215 218 218 216 211 206 200 196 198 205 212 216 217 217 214 214 217 217 214 215 212 212 212 212 214 216 213 209 209 209 208 208 211 216 218 219 212 210 210 210 210 208 206 207 209 208 208 211 213 211 207 203 206 199 193 195 203 209 208 205 206 202 201 203 203 201 196 191 188 185 187 189 189 192 192 186 184 189 192 193 194 199 202 203 201 201 202 205 209 209 206 202 199 191 183 181 187 197 206 210 215 214 212 207 199 194 193 194 195 196 198 203 211 217 218 216 213 210 199 190 187 184 184 188 
179 178 178 180 183 185 186 186 186 184 182 183 185 188 193 197 196 197 196 193 191 189 187 183 180 178 177 178 180 183 186 190 187 193 198 201 204 205 203 200 192 179 171 172 173 174 173 170 171 173 175 178 180 181 182 183 188 189 187 188 191 192 192 193 202 202 202 206 209 212 213 213 211 209 208 210 212 214 213 211 208 206 204 203 206 209 210 209 201 190 183 187 194 196 199 203 197 187 174 169 172 177 182 186 191 193 198 200 202 203 203 204 203 205 208 210 209 207 208 209 213 213 213 214 214 211 207 204 202 198 196 199 201 202 203 207 210 210 210 210 209 204 198 194 194 195 197 200 203 204 205 205 204 200 200 199 199 202 203 200 197 196 198 202 206 212 216 215 216 215 215 216 216 217 217 217 216 216 213 210 207 197 184 177 180 188 202 213 215 215 216 216 217 216 215 215 216 217 215 211 205 199 189 180 170 160 154 152 148 156 170 184 198 210 215 215 216 217 217 217 217 217 217 216 216 216 215 214 214 214 214 214 214 215 212 202 184 160 139 132 137 160 179 188 195 197 194 190 188 188 190 192 193 198 202 201 193 192 192 193 194 195 196 196 201 199 197 195 197 201 202 200 199 197 190 180 176 181 182 174 166 162 152 152 165 171 178 190 199 204 209 211 206 200 197 198 196 199 203 204 200 192 185 182 181 182 187 191 189 189 192 194 196 202 207 208 204 197 189 185 176 175 179 187 193 197 200 202 203 204 204 203 204 205 204 201 194 188 179 162 154 154 167 186 200 210 217 220 221 220 218 217 215 213 211 209 207 204 201 199 195 197 198 197 195 194 192 190 188 186 183 181 185 190 197 201 206 203 198 192 188 188 193 199 200 202 203 205 207 210 211 210 207 204 201 199 201 206 212 216 219 218 213 211 214 215 213 213 212 215 216 213 214 218 219 215 209 208 206 205 206 208 213 218 210 207 204 207 211 211 207 204 204 204 205 208 215 219 214 205 205 200 192 190 196 204 206 204 204 196 194 197 196 191 189 186 187 184 186 189 192 195 195 191 184 186 189 191 194 198 202 206 202 199 197 201 208 209 205 199 194 187 178 177 183 193 200 202 207 212 213 210 206 206 201 194 190 191 195 202 210 217 219 219 218 214 205 194 187 182 181 186 
181 179 176 176 178 181 184 185 183 183 182 185 187 189 191 193 194 196 198 196 193 190 187 184 183 183 184 186 187 188 191 194 193 197 200 201 202 203 202 199 195 183 176 176 177 176 174 170 170 170 171 172 173 175 177 179 184 189 189 188 190 192 193 195 204 203 203 205 208 210 212 212 209 207 205 205 207 209 210 210 207 206 203 202 203 206 208 207 197 183 174 177 185 191 196 201 199 192 179 174 181 186 189 195 202 203 204 206 207 206 205 204 204 206 210 213 213 212 213 214 214 214 213 214 214 213 208 203 203 199 197 199 201 202 203 205 209 208 207 207 206 204 201 199 195 195 197 199 201 202 203 203 207 203 200 197 195 197 200 200 195 193 197 201 202 209 216 215 215 215 215 216 216 217 217 217 215 217 216 212 206 196 181 170 167 174 191 209 215 216 217 217 217 216 215 215 216 215 210 204 195 183 172 164 158 152 150 152 163 177 195 205 210 214 217 217 218 217 216 216 217 217 217 216 216 215 215 214 214 214 214 214 215 215 213 208 196 173 150 136 133 148 172 183 190 195 189 189 186 188 192 195 195 199 204 203 200 199 197 196 197 199 200 201 201 203 201 197 196 199 201 201 201 200 195 184 176 181 187 182 179 176 171 169 172 178 189 199 199 201 206 210 208 201 195 194 194 194 198 202 202 198 192 189 186 183 188 191 188 188 191 190 190 196 203 205 203 197 187 181 175 173 176 185 192 195 199 202 207 207 207 206 206 208 208 207 198 189 175 158 145 143 153 175 194 205 213 216 219 218 216 216 216 214 212 209 206 203 198 195 193 194 193 191 189 188 187 185 187 185 182 181 184 191 199 204 208 206 201 196 191 190 193 195 195 195 196 198 201 203 204 204 206 203 201 200 202 206 210 214 216 217 212 209 211 214 214 215 213 215 215 212 212 214 217 217 208 205 204 204 203 203 208 214 213 209 206 208 211 212 208 203 200 203 205 206 214 221 217 207 196 193 188 184 186 193 199 200 192 189 189 190 188 188 191 192 192 190 189 190 192 194 194 191 187 183 182 187 195 198 199 199 197 194 193 196 202 206 205 202 193 190 186 186 187 189 192 195 201 210 216 217 218 215 205 192 186 190 196 202 206 210 215 218 218 215 208 201 193 184 183 189 
184 181 178 177 179 181 184 185 184 185 186 189 191 193 193 193 196 198 198 197 195 193 191 190 189 190 191 193 194 194 196 199 202 201 201 200 201 201 199 197 195 185 179 178 175 171 169 167 158 159 160 161 165 170 175 179 182 190 193 192 193 197 200 204 206 205 204 205 206 207 208 208 204 202 200 199 200 203 207 209 205 204 203 202 203 206 207 206 200 190 179 176 182 192 199 202 200 198 190 187 194 197 199 206 210 210 211 211 210 208 205 203 204 206 210 213 214 213 214 215 211 211 210 210 211 210 206 200 201 198 196 199 202 204 204 205 205 206 206 204 203 202 202 203 197 197 197 198 199 199 200 201 203 201 201 198 193 193 197 199 195 192 196 200 200 206 214 216 215 215 216 216 216 216 216 217 217 218 218 215 208 199 180 162 152 158 178 201 215 217 217 216 218 217 216 217 218 214 205 196 181 169 158 152 148 149 160 173 191 203 213 215 214 215 216 216 218 216 215 215 217 217 216 216 216 216 215 215 214 214 215 215 215 214 215 213 205 187 162 143 133 137 161 177 187 193 186 189 184 186 192 197 199 204 205 202 202 201 199 198 198 198 199 199 196 200 202 198 194 195 198 200 201 198 197 191 182 183 189 188 184 185 185 184 183 186 194 200 198 197 199 205 207 202 196 193 196 195 197 203 207 205 199 194 186 179 179 181 180 181 182 179 182 188 196 201 202 200 193 186 185 180 179 185 191 194 199 204 207 207 206 204 202 203 203 202 200 189 176 159 149 145 151 169 187 200 209 213 216 214 209 208 208 206 205 203 202 200 196 194 191 190 187 184 184 184 183 182 180 181 183 187 192 198 205 209 211 210 208 204 201 199 199 199 199 197 195 195 197 200 203 205 206 204 202 201 202 203 207 210 212 214 212 209 211 214 217 221 214 212 211 210 209 209 212 218 216 210 205 203 202 203 208 213 219 216 212 210 210 208 203 198 193 199 202 202 207 213 211 203 190 187 182 180 184 193 198 198 195 193 191 188 185 188 191 190 189 187 183 182 183 184 184 185 185 179 177 184 193 197 196 196 196 195 194 195 198 202 205 207 205 201 198 197 191 183 184 191 201 206 211 216 217 213 202 191 185 187 191 195 199 203 209 214 218 218 215 209 202 194 190 194 
183 182 181 182 184 185 185 184 189 190 190 192 194 196 197 196 199 199 197 197 196 197 197 198 197 198 200 200 200 200 201 202 203 201 198 196 196 197 196 195 193 187 183 180 171 166 164 164 158 158 159 161 165 171 179 184 188 196 199 198 199 201 205 209 207 206 205 205 204 205 205 205 198 197 195 193 194 198 203 207 205 205 204 204 205 207 208 206 203 198 189 182 187 198 206 207 205 205 202 201 202 202 204 209 213 214 214 214 212 209 204 202 202 204 208 212 213 211 210 211 209 209 207 204 204 205 201 196 194 193 194 198 202 205 206 207 205 206 207 206 205 203 203 204 205 204 202 199 196 194 195 196 196 196 199 199 194 192 195 197 197 195 195 198 199 203 210 214 215 216 216 216 216 215 216 216 217 216 216 215 213 207 184 159 142 142 162 192 210 216 216 215 217 217 217 217 217 212 201 191 174 159 145 145 154 167 183 198 211 212 214 214 215 216 216 215 216 215 214 215 216 216 216 216 216 216 215 215 215 215 215 215 216 215 217 218 211 199 176 154 137 129 146 169 185 190 187 191 185 186 192 198 203 207 207 203 201 201 201 200 200 198 195 193 193 197 200 199 195 194 196 199 202 199 198 195 187 181 181 182 176 181 188 193 196 196 195 195 199 196 197 202 208 208 203 199 197 197 198 202 206 205 198 189 180 174 171 174 177 181 182 181 185 190 196 201 205 206 202 196 192 185 179 178 181 186 194 200 200 202 202 200 199 200 201 201 206 196 186 172 162 155 152 162 179 191 203 210 213 210 204 200 197 197 196 195 194 192 190 189 188 187 184 181 180 181 182 181 186 190 196 202 207 210 213 215 217 218 218 215 212 211 209 207 204 200 195 193 194 196 200 203 201 199 199 201 203 203 206 210 212 214 213 212 213 212 214 220 216 210 207 208 208 207 212 219 221 214 204 196 194 197 203 208 213 214 213 210 206 203 198 194 187 190 193 196 202 208 209 205 198 189 180 177 184 193 196 195 198 193 188 185 185 189 187 179 181 181 178 177 180 181 183 187 186 185 185 188 191 193 194 197 200 201 200 198 197 199 204 209 209 204 200 196 187 178 181 191 198 200 204 208 212 211 206 202 194 190 187 192 199 206 211 213 218 221 219 215 211 203 198 198 
186 185 185 186 188 189 188 186 191 192 192 193 195 198 198 196 197 196 195 196 197 199 200 202 201 200 200 202 202 200 200 201 201 199 198 196 196 196 197 198 197 193 192 188 178 172 170 170 169 170 170 171 173 178 185 189 195 199 201 200 201 200 202 206 206 204 203 202 202 202 203 204 199 196 193 192 194 199 205 208 208 208 208 206 207 208 207 206 204 202 197 192 194 202 208 210 212 210 210 209 204 202 204 206 210 211 212 211 208 203 199 197 198 200 206 210 211 207 204 203 201 202 199 195 195 196 193 189 185 186 190 196 201 204 206 208 207 207 207 207 205 204 204 203 208 208 206 204 199 196 193 192 191 190 193 196 194 193 196 197 200 198 195 195 199 201 205 212 215 216 216 216 215 215 215 216 216 215 216 216 215 213 195 169 145 138 148 177 200 212 215 217 216 216 216 216 216 210 200 191 179 163 154 162 179 196 206 213 216 214 212 214 215 215 215 215 216 215 215 216 217 216 215 216 216 216 216 216 215 216 216 216 216 214 217 218 215 208 190 169 149 131 134 157 176 186 189 192 189 189 193 199 204 209 211 207 202 202 202 202 201 199 196 194 195 195 198 201 200 197 196 199 202 201 199 196 192 182 176 175 180 182 181 185 194 199 198 199 197 196 196 200 206 210 207 202 195 196 196 196 199 201 197 190 182 178 174 175 182 185 186 189 189 192 196 198 203 207 205 200 192 186 178 174 174 181 189 195 197 200 202 202 202 203 204 204 210 204 198 188 178 166 154 155 166 180 190 197 203 202 197 194 190 190 190 190 188 188 187 187 187 188 188 185 183 184 187 190 202 206 211 215 218 219 221 222 223 225 224 223 222 221 219 217 211 207 202 199 197 195 196 197 195 195 198 201 204 204 206 209 210 211 211 213 214 210 211 217 214 209 204 203 204 206 210 215 218 210 199 188 184 188 194 199 205 210 213 211 207 203 198 194 186 183 184 191 201 207 208 207 201 193 183 180 183 187 189 189 190 185 184 186 188 190 187 180 182 184 182 182 186 186 188 195 193 194 194 193 190 190 193 197 201 200 199 197 196 198 202 205 205 203 199 194 188 184 186 189 194 198 203 208 213 215 214 212 204 198 194 197 204 210 213 214 214 219 218 215 214 211 206 204 
193 191 190 190 191 192 191 191 189 192 192 194 196 197 196 193 192 192 193 196 199 200 200 200 197 196 197 198 198 196 195 196 194 194 194 194 193 193 195 198 206 203 202 199 189 182 180 180 176 177 178 179 180 184 189 193 195 198 198 198 201 200 200 203 203 202 200 199 199 201 203 205 204 200 196 195 199 205 209 212 212 212 210 208 207 207 206 204 204 204 201 198 198 201 205 207 216 212 213 211 202 199 202 200 204 205 206 205 201 196 192 190 193 196 203 208 209 204 199 197 191 192 190 186 185 187 185 182 178 181 187 194 199 203 206 208 209 207 204 203 202 202 202 201 201 204 208 209 206 200 195 192 191 187 187 190 192 194 198 200 201 201 195 193 199 200 202 210 216 216 217 216 215 214 215 216 214 216 220 218 215 216 205 184 155 140 142 166 190 206 215 220 217 217 217 217 216 212 203 194 184 178 179 189 204 213 215 216 215 215 217 219 217 215 215 218 216 215 216 217 217 216 215 217 217 216 216 216 216 216 216 216 216 213 214 216 215 213 200 182 162 138 130 148 168 182 191 193 194 192 194 199 203 210 213 211 203 202 201 201 201 200 199 199 197 195 197 203 203 198 195 196 198 201 199 197 197 189 181 179 185 186 182 186 197 200 195 192 193 193 193 196 201 206 204 199 192 195 193 189 192 200 202 198 190 189 181 179 184 184 183 188 187 188 188 191 197 203 203 199 191 188 182 177 178 184 192 196 201 204 207 206 204 204 204 204 206 204 203 196 188 173 157 152 155 166 175 182 189 192 190 188 184 185 186 187 187 188 190 192 188 193 196 193 190 192 197 202 212 214 216 218 219 221 224 226 225 226 225 224 224 224 223 220 221 218 215 212 208 202 197 195 196 196 199 203 204 201 201 204 204 203 205 211 215 211 211 218 210 205 199 194 196 201 205 206 212 207 196 185 181 184 190 194 206 212 218 217 212 206 200 195 191 182 179 188 200 205 204 202 195 192 188 185 182 181 185 188 195 191 193 195 192 186 182 178 187 191 189 188 190 186 186 193 197 197 195 191 189 190 194 196 197 195 194 193 195 198 200 201 206 208 205 200 197 196 193 186 192 200 209 213 217 219 216 212 205 202 201 203 205 206 207 209 211 216 217 214 216 218 215 212 
197 196 196 196 196 194 190 187 189 190 191 193 196 198 197 195 193 192 191 193 194 194 196 198 196 196 195 194 194 196 194 191 191 192 191 190 190 193 199 204 211 210 208 203 196 191 187 184 182 181 181 182 185 188 190 191 191 195 195 195 196 196 195 198 198 198 197 197 198 202 205 206 210 206 204 205 205 206 210 214 214 213 213 211 208 206 207 208 209 211 210 207 206 204 202 202 209 206 207 207 201 194 191 189 192 198 204 203 197 191 189 189 188 194 202 207 206 202 195 192 181 186 186 180 177 181 184 181 182 183 185 188 192 195 198 200 200 197 197 197 195 194 196 201 202 204 206 207 207 206 200 193 190 185 184 188 191 192 193 197 199 198 196 193 194 199 203 204 213 216 217 216 214 215 215 215 214 216 217 217 218 216 208 198 171 155 152 164 185 203 210 216 214 218 218 216 219 218 210 204 198 198 201 209 214 217 217 217 214 215 215 216 215 215 215 215 214 215 216 215 215 215 216 217 218 217 216 216 217 216 216 216 215 216 216 216 217 216 208 198 171 150 134 133 149 178 195 195 195 197 199 200 202 209 214 212 212 208 201 198 200 200 198 199 196 195 194 198 201 201 195 189 197 198 200 200 196 194 188 181 185 182 181 182 188 197 194 183 181 187 187 188 194 198 199 203 197 194 193 195 198 201 204 206 196 187 180 173 169 175 186 188 184 184 185 189 193 199 203 205 197 193 188 183 182 183 187 191 201 202 204 204 202 200 200 201 198 202 202 197 187 174 162 155 144 147 161 171 182 190 189 185 186 188 192 193 195 199 203 206 206 202 199 198 196 196 201 208 213 219 224 225 224 224 225 225 225 225 225 225 225 225 225 225 224 222 221 221 218 212 205 202 199 199 201 205 192 195 196 199 196 199 202 207 211 214 213 211 205 199 192 190 192 192 198 207 207 207 204 196 185 179 183 190 205 210 215 218 217 211 202 194 187 182 182 189 195 196 197 199 200 203 200 192 184 182 184 189 197 198 198 195 193 189 185 182 186 182 181 186 186 180 180 183 190 193 195 193 191 190 191 192 199 198 199 202 204 202 202 202 206 209 210 207 202 197 194 192 199 207 213 214 213 214 216 216 209 208 206 204 202 203 206 209 209 216 220 219 220 220 219 221 
198 196 195 194 194 193 190 188 186 185 187 193 196 195 194 195 191 189 188 191 194 194 194 193 194 194 192 190 190 191 191 188 187 189 190 189 188 190 197 203 208 211 211 208 201 194 188 184 184 184 184 185 186 188 190 191 193 195 194 195 198 197 194 194 191 189 188 188 191 197 204 207 214 212 211 211 212 212 213 215 215 214 213 211 208 206 206 207 209 211 211 210 207 200 198 202 203 203 205 202 191 179 178 185 183 189 196 198 195 191 189 190 193 198 206 210 210 205 199 195 185 185 184 181 181 182 184 186 183 184 186 187 189 191 192 193 193 191 191 192 191 193 197 204 202 204 206 206 206 203 198 193 192 186 183 185 188 189 192 196 194 196 195 192 191 196 201 205 211 215 217 217 215 215 215 215 215 216 216 216 217 217 211 204 189 171 163 167 183 200 208 214 214 217 216 215 218 219 216 215 212 210 211 215 217 217 216 217 217 216 216 215 214 214 214 215 215 216 216 216 216 216 216 217 217 217 218 218 217 216 216 217 216 217 216 215 217 217 212 204 184 162 141 132 141 166 189 198 201 201 200 200 201 207 214 214 213 209 202 198 200 200 199 199 195 194 194 198 203 203 199 194 197 197 200 200 197 195 190 182 174 176 178 178 179 185 187 182 177 178 181 186 194 197 202 209 206 201 197 196 196 197 200 202 201 191 183 179 177 179 186 191 191 190 190 192 195 200 205 209 208 200 192 187 181 176 177 182 191 193 197 198 198 198 199 199 199 203 204 203 196 184 168 157 136 134 148 163 176 187 191 196 197 199 202 205 210 212 214 215 215 211 208 205 202 200 204 211 217 221 225 226 225 224 225 225 225 225 225 225 225 225 225 225 225 223 223 224 222 217 211 209 199 199 199 202 197 202 196 189 196 195 194 198 204 208 204 196 192 190 183 178 180 186 196 206 205 207 206 196 183 177 183 192 199 204 209 212 213 209 203 197 199 196 192 186 183 185 193 201 205 211 210 201 191 185 185 190 193 196 198 194 189 186 185 186 180 178 180 187 191 189 189 190 196 198 198 196 194 194 195 196 203 203 204 205 204 201 199 199 202 207 210 208 204 202 203 203 200 204 209 211 211 211 213 215 216 216 215 213 210 209 210 212 215 220 222 220 220 219 218 219 
199 197 194 194 193 192 191 189 187 185 188 197 201 199 197 199 193 189 187 190 194 195 193 191 193 192 189 188 188 189 188 186 185 188 190 189 187 188 194 200 205 209 212 209 204 197 190 186 186 186 186 187 187 188 189 190 191 191 189 191 196 195 190 187 184 181 180 180 184 192 201 208 212 214 214 213 213 214 214 212 215 214 212 210 207 204 205 207 209 210 210 208 200 187 182 187 194 198 200 199 189 173 170 181 177 184 193 197 197 194 193 194 199 203 209 213 212 207 201 197 192 187 185 187 187 186 190 196 195 195 194 193 192 191 189 188 187 186 186 187 188 191 198 205 205 207 207 206 204 201 198 195 193 190 189 191 191 189 186 185 178 185 192 195 194 194 199 202 207 212 217 218 216 215 215 216 215 216 216 215 216 217 215 211 202 187 177 174 183 199 207 213 216 218 217 215 217 217 217 220 219 218 217 218 218 217 217 218 218 217 216 215 215 215 216 216 217 216 216 215 215 214 213 213 213 215 218 218 217 217 217 218 217 218 216 215 216 218 215 212 198 177 153 136 132 148 176 195 204 202 201 200 201 205 211 215 214 211 203 199 200 200 199 200 199 197 197 202 207 208 204 201 196 196 199 201 200 198 194 187 174 176 182 184 179 178 180 182 169 163 169 182 191 194 202 211 207 202 197 193 191 192 195 199 204 197 190 188 188 185 187 194 194 193 190 188 189 193 199 204 210 201 193 189 183 175 175 181 189 192 196 201 202 203 204 204 206 207 207 207 203 192 173 160 139 132 143 161 174 184 191 201 205 207 210 214 217 220 220 220 221 219 216 212 207 203 205 210 217 221 225 226 226 225 226 226 225 225 225 225 225 225 225 225 226 225 225 226 226 221 216 213 205 204 200 197 193 196 188 175 180 178 175 178 188 196 196 190 181 181 175 171 176 185 194 201 204 203 201 196 190 185 185 187 191 196 203 210 214 214 210 207 202 200 192 181 176 183 196 206 209 212 209 204 200 193 186 183 184 191 196 194 189 187 188 190 184 183 186 191 196 195 195 193 193 195 197 196 195 196 196 195 205 207 207 204 199 197 196 196 198 203 208 208 206 207 209 212 209 208 209 213 215 213 214 217 218 220 221 218 215 212 211 211 211 215 216 215 217 218 217 218 
201 199 196 194 193 192 190 189 191 190 195 203 206 205 204 204 200 195 190 191 194 196 196 194 193 192 191 190 191 191 190 189 189 191 192 190 188 188 191 194 198 203 207 205 200 195 190 186 183 181 180 180 182 184 184 184 187 186 183 185 191 191 187 185 182 181 178 178 181 190 200 207 209 211 212 210 210 211 211 209 210 209 208 207 204 203 203 205 210 212 211 205 195 181 173 175 186 195 198 201 200 187 177 183 184 191 199 204 204 202 202 204 205 208 211 213 211 208 203 200 202 196 192 194 195 195 198 204 207 205 203 200 196 191 187 185 184 183 183 185 189 195 201 207 208 208 207 204 200 198 196 196 194 193 194 196 195 190 183 179 174 181 191 198 198 197 197 199 203 209 216 219 217 216 215 216 215 216 216 215 215 216 217 216 209 200 192 183 185 194 201 209 215 217 217 217 218 217 216 218 218 217 217 216 216 216 217 218 217 216 215 215 215 216 216 216 216 213 211 210 208 205 203 202 205 208 212 215 217 218 218 218 217 218 217 215 216 217 217 216 208 191 168 146 130 133 159 185 199 201 200 200 201 203 208 213 215 212 204 199 200 199 199 201 202 199 199 203 207 208 205 202 194 193 197 200 201 201 198 193 184 183 187 190 184 178 177 177 161 154 159 174 182 187 197 201 203 200 196 192 190 191 195 198 203 204 198 193 192 184 181 188 188 188 186 183 182 186 193 198 205 201 197 194 189 182 182 184 188 192 197 202 206 206 206 206 208 206 204 204 202 195 179 167 154 145 152 167 179 188 194 203 208 210 212 215 217 219 220 220 224 223 222 219 212 206 206 208 212 215 220 224 226 226 226 226 226 226 226 226 226 226 226 226 226 225 225 226 226 223 218 214 203 202 196 186 177 176 170 163 161 166 169 171 176 182 185 184 174 172 168 171 181 190 191 192 198 199 201 204 203 198 189 183 188 193 202 211 217 218 216 214 207 202 192 183 180 184 192 198 205 208 206 204 203 199 188 182 183 190 197 198 195 192 191 191 194 194 193 191 190 190 189 187 185 188 192 195 197 198 198 197 201 204 205 202 198 198 200 202 201 206 210 211 211 213 214 214 216 214 213 214 216 216 216 217 214 217 219 219 214 211 208 207 207 210 212 213 217 218 217 218 
200 199 197 195 193 191 189 187 192 195 200 203 206 209 208 204 204 201 197 196 197 198 197 195 194 194 194 196 197 197 195 193 194 194 194 192 189 187 187 186 190 197 201 199 195 190 186 181 173 169 166 168 173 178 180 179 184 184 182 182 188 190 188 189 185 184 182 182 184 191 199 204 209 211 211 207 206 206 206 205 201 200 200 201 201 201 203 206 211 216 214 207 199 191 182 178 184 197 202 204 208 202 191 190 194 200 206 210 211 211 211 211 212 213 214 214 214 212 210 208 208 205 200 198 198 200 204 206 209 207 204 200 195 190 185 183 184 182 183 188 194 201 206 209 209 207 203 199 195 193 194 196 195 195 195 195 196 194 191 186 185 187 192 197 200 199 199 200 201 206 213 218 219 216 215 215 214 216 217 216 215 216 216 216 213 208 205 193 184 185 189 199 210 214 215 216 218 218 217 218 217 218 217 216 216 215 216 216 216 215 214 213 212 210 208 206 207 203 200 197 194 189 186 185 192 197 205 210 216 219 219 217 217 217 217 216 216 216 217 216 214 202 183 159 135 127 143 169 193 200 201 200 201 202 206 213 215 213 206 201 201 199 199 201 200 197 197 202 206 206 204 202 196 194 196 199 201 202 201 197 192 184 182 185 183 179 174 170 164 157 158 165 171 181 192 194 203 203 201 198 194 194 196 198 200 206 202 192 187 180 177 180 184 185 186 186 186 188 195 200 205 207 206 200 193 188 184 180 179 183 190 196 200 201 201 200 200 200 200 201 203 199 190 182 174 165 167 173 184 196 201 205 209 212 215 217 217 217 220 221 222 224 225 223 218 211 208 207 207 211 216 222 225 225 226 226 226 226 226 226 226 226 226 226 225 225 225 226 226 224 219 215 203 198 191 182 174 165 162 163 160 168 176 177 176 173 170 168 160 160 163 175 187 188 184 184 192 200 209 213 210 202 192 187 190 193 199 207 213 215 215 215 210 202 194 191 189 188 190 194 201 209 213 209 206 201 196 193 193 196 198 199 199 198 195 193 197 198 195 189 184 182 182 182 184 188 192 196 200 204 206 206 200 204 207 207 206 206 208 210 209 212 215 217 219 219 216 213 214 215 214 210 212 216 215 211 212 215 218 219 216 212 210 208 213 216 216 217 220 220 217 218 
199 198 197 196 193 191 189 187 192 196 201 201 203 207 205 200 201 201 201 201 201 200 197 194 195 194 196 198 199 198 195 193 194 193 192 190 187 185 182 180 183 191 196 195 191 187 181 175 168 163 160 162 169 175 179 179 181 182 180 181 185 188 189 192 188 187 187 188 190 195 200 204 209 209 207 202 199 197 196 196 194 193 194 196 199 201 205 208 213 218 216 209 205 200 192 186 189 202 208 206 207 204 199 198 201 204 209 212 214 214 214 214 213 212 212 213 213 214 213 213 209 209 204 199 196 200 202 203 208 205 203 199 195 191 188 186 190 188 188 191 196 202 205 206 208 205 201 197 194 193 196 200 201 203 204 205 205 203 196 189 184 183 188 197 203 202 199 199 199 202 210 216 218 217 215 215 214 216 216 216 216 215 216 216 215 212 210 196 181 175 177 187 203 211 215 215 217 217 216 217 217 218 218 217 217 216 215 213 214 212 209 206 203 198 193 190 188 184 181 178 173 168 166 167 178 187 198 208 214 219 219 216 217 217 217 217 216 216 216 215 215 210 194 172 145 127 132 152 185 197 202 201 201 202 205 213 215 213 207 202 201 199 199 201 201 198 199 206 210 210 208 208 204 199 198 200 201 203 203 201 196 185 178 178 182 183 180 172 168 162 157 156 163 178 193 197 205 207 207 203 197 194 193 193 195 203 202 193 187 184 183 184 186 188 191 191 191 191 194 197 202 208 209 201 193 188 181 173 174 178 185 191 196 200 201 200 199 201 203 206 208 207 201 196 189 182 182 181 187 198 204 205 208 212 216 217 215 215 217 220 219 221 223 223 220 215 211 208 207 208 213 219 223 224 225 225 226 226 226 226 226 226 226 226 225 225 225 225 227 226 221 216 208 198 189 182 178 164 160 164 169 170 172 172 169 163 158 157 151 156 167 180 187 183 180 184 193 199 206 209 209 204 196 189 189 190 193 199 206 210 214 217 212 205 201 199 196 191 193 199 206 213 214 211 211 210 206 204 198 197 195 194 197 199 200 199 198 199 197 191 185 184 186 189 190 192 195 198 202 208 213 216 208 209 211 212 211 208 207 208 210 211 214 216 218 217 211 205 208 213 214 210 212 217 217 212 217 218 220 221 220 218 215 212 215 216 216 217 219 218 215 217 
200 200 198 197 195 193 191 190 194 195 198 197 199 201 199 195 196 199 200 201 202 202 198 194 195 193 193 195 195 193 189 188 186 187 186 185 183 179 176 174 179 186 190 190 188 187 182 176 173 170 168 168 173 178 181 183 181 181 178 179 184 188 188 190 189 189 190 192 196 200 205 207 210 208 205 200 195 191 190 191 193 192 193 196 200 203 207 211 214 218 216 211 208 203 197 194 198 205 210 209 208 206 205 205 208 210 212 213 213 213 213 213 212 212 212 212 214 214 214 213 209 208 206 199 195 196 198 199 205 204 201 198 195 192 189 189 193 193 192 193 195 198 201 203 206 203 199 198 197 197 200 203 203 207 210 211 210 207 197 187 174 173 180 194 203 203 199 197 200 201 206 213 218 217 216 216 215 215 216 216 216 215 216 216 216 212 210 195 177 163 159 167 190 206 216 216 216 216 216 216 216 217 217 216 214 211 206 201 198 195 191 187 183 179 174 170 167 164 162 160 156 151 152 155 167 180 196 207 212 217 218 216 218 217 217 217 217 217 216 216 216 214 205 186 161 135 126 136 168 190 201 201 202 202 203 210 214 213 208 203 202 199 199 201 202 200 201 209 213 213 212 212 208 201 198 199 200 202 204 203 200 192 184 180 183 190 187 178 173 167 156 150 157 171 184 192 198 203 205 202 196 192 190 190 193 197 202 200 195 191 190 187 184 186 189 189 188 187 188 188 194 200 204 200 194 188 182 176 178 180 184 190 196 201 205 205 203 205 206 207 209 208 204 200 196 192 195 192 192 199 201 204 206 210 214 216 215 213 214 215 217 218 220 221 220 218 214 211 206 206 209 214 219 221 224 226 225 225 225 225 225 225 225 225 224 224 223 224 225 224 219 214 205 194 182 173 171 156 153 160 175 172 171 173 171 166 165 169 163 171 182 191 195 192 188 190 195 197 201 204 208 208 202 195 190 190 193 199 206 210 215 218 222 217 211 206 200 196 197 200 210 213 210 207 212 216 212 208 201 200 198 195 195 200 206 208 204 204 204 200 194 190 191 195 195 198 200 201 203 208 213 215 215 210 207 208 208 205 204 207 211 213 215 216 217 214 207 201 200 206 211 211 215 219 221 219 221 220 220 220 220 219 216 214 212 213 212 212 214 213 213 217 
201 201 200 199 197 196 195 195 194 192 194 195 196 194 193 192 195 197 197 199 202 203 200 196 194 191 190 191 190 187 184 182 178 180 182 182 178 175 172 171 179 184 187 185 186 188 187 183 180 179 177 176 177 179 182 185 182 181 178 180 186 188 188 189 188 189 192 195 200 206 210 211 213 210 207 204 198 192 191 193 195 195 195 198 202 206 210 214 214 216 215 214 212 206 202 203 205 204 208 211 211 212 211 209 212 213 214 214 213 212 212 213 214 214 214 215 215 215 214 213 211 209 206 201 196 194 195 198 201 200 197 194 191 188 186 186 189 191 192 192 192 197 202 206 202 199 197 197 198 199 202 205 203 205 206 205 206 205 198 189 175 172 176 189 200 201 200 200 200 200 204 212 217 218 216 216 216 215 215 215 216 216 216 217 220 214 211 196 174 154 142 146 174 197 215 217 217 217 217 217 218 218 216 212 208 201 192 184 178 175 171 167 165 161 158 155 154 152 151 150 146 143 146 151 161 178 197 208 212 214 217 217 219 218 217 217 218 217 217 217 217 219 214 200 176 145 126 127 150 180 199 202 204 203 201 205 213 213 208 203 202 199 199 201 199 197 199 206 211 210 209 209 206 198 194 194 195 198 201 201 200 197 193 186 185 190 188 178 180 174 159 149 153 160 169 178 189 195 200 199 195 192 192 192 194 195 204 208 202 193 187 180 175 178 181 183 184 183 184 184 190 196 201 202 198 191 186 184 180 181 183 187 193 200 204 206 204 204 203 201 203 203 202 199 192 192 201 202 200 200 201 204 207 210 215 218 218 216 214 212 217 218 219 220 221 221 217 214 206 204 205 210 216 220 224 227 225 225 225 225 225 225 225 225 224 223 222 221 222 221 215 209 201 193 183 169 166 152 155 168 177 178 184 190 188 181 182 188 188 195 199 200 204 205 199 197 191 198 205 207 207 208 208 207 197 197 201 207 211 212 213 215 220 217 211 206 205 207 208 206 207 212 210 206 208 213 215 215 209 210 209 203 199 202 208 213 212 211 209 207 200 193 190 192 197 202 205 206 206 207 209 210 216 206 199 201 204 204 208 214 216 219 221 221 219 215 209 204 191 197 205 211 215 218 221 223 221 219 217 216 217 217 214 211 215 215 212 211 212 211 212 217 
200 199 197 196 194 193 191 189 189 191 193 194 192 187 185 185 188 194 200 201 200 199 196 194 185 185 187 186 181 180 180 177 176 178 180 181 178 174 173 174 180 185 184 185 191 191 186 186 189 183 181 182 183 184 185 182 183 181 177 177 187 194 191 188 192 193 196 201 207 213 216 218 215 213 209 204 200 197 197 197 198 200 202 203 205 207 209 210 212 212 212 212 211 210 209 209 211 212 212 212 211 211 212 212 213 213 213 213 214 214 214 214 214 214 213 214 215 216 216 216 216 212 208 203 198 194 193 196 198 198 198 196 193 189 190 193 196 197 200 202 201 198 196 196 195 194 194 193 191 190 194 198 198 199 200 201 204 205 198 190 180 175 173 179 191 201 203 200 200 201 200 204 214 217 215 218 215 216 216 216 216 217 217 216 219 217 214 203 181 155 139 135 159 185 210 217 216 216 217 216 216 218 216 212 206 197 183 172 162 160 157 154 150 149 148 149 149 151 155 159 164 170 177 182 189 194 202 210 214 216 217 217 216 218 218 217 216 216 217 217 216 218 217 209 193 164 133 117 136 159 190 198 198 202 203 206 211 211 209 204 201 200 200 199 200 195 195 202 210 209 206 205 200 201 199 195 194 197 200 201 201 200 194 182 175 176 178 177 175 172 164 152 142 143 155 167 180 194 202 206 207 204 197 195 196 196 199 205 205 197 187 182 177 174 178 184 186 187 189 191 194 196 200 205 205 200 192 187 181 175 172 176 185 192 197 197 200 200 200 200 201 202 205 207 202 197 197 203 201 195 195 199 201 206 215 221 222 220 216 214 217 216 218 219 218 220 220 216 210 207 203 205 211 216 221 226 224 226 225 224 223 220 217 218 217 215 214 213 213 214 211 204 202 199 194 180 172 170 173 183 194 194 198 203 198 190 192 201 198 207 213 212 210 209 205 200 199 203 209 212 212 210 211 213 211 208 203 203 205 204 205 210 215 214 210 205 203 207 211 211 209 210 211 212 212 215 219 223 218 213 210 209 205 201 204 210 215 213 209 202 198 198 197 196 202 206 209 209 207 207 206 206 207 206 203 200 199 202 207 211 219 221 222 221 215 207 201 199 189 190 197 207 214 217 220 222 221 217 214 214 216 217 218 219 221 219 217 218 216 214 214 215 
195 194 193 192 191 190 189 188 189 189 190 191 188 184 182 182 184 188 194 197 198 196 193 190 180 176 178 182 181 179 178 176 174 176 180 182 181 178 177 177 182 190 192 193 196 193 187 187 191 188 188 191 192 194 193 189 185 187 184 183 190 195 196 195 197 197 200 204 209 214 217 219 218 216 213 210 205 203 203 204 205 206 207 208 209 210 212 213 213 212 211 211 210 211 211 211 212 213 213 213 212 212 213 214 213 213 213 214 215 215 215 214 215 214 214 215 217 218 219 219 221 218 214 209 203 198 197 198 200 201 203 203 201 196 194 195 198 200 203 203 200 196 191 188 189 189 189 189 189 188 188 190 192 194 196 199 202 204 200 194 179 173 169 174 186 198 202 201 198 200 200 202 209 216 217 216 215 216 216 216 216 217 217 216 217 217 217 211 194 170 147 134 146 170 198 211 215 217 218 218 217 218 217 211 204 192 176 164 150 150 151 152 154 159 164 168 174 179 185 190 195 199 203 206 208 210 212 214 215 216 217 218 218 219 219 217 217 217 217 216 217 217 218 215 204 180 151 130 125 144 176 194 201 205 203 203 207 209 209 205 201 199 195 191 192 193 195 198 202 206 206 204 205 205 202 198 195 196 199 201 200 201 198 187 179 177 180 182 175 169 161 150 135 128 143 163 178 193 202 206 206 204 197 193 192 192 193 198 200 197 191 187 190 183 182 188 189 188 189 189 188 191 196 201 204 202 196 190 178 175 174 179 186 193 198 200 201 203 204 205 206 206 207 208 205 199 196 198 196 191 187 186 194 200 209 216 221 222 220 218 217 215 216 217 218 220 219 214 211 208 203 204 212 216 219 224 221 221 217 214 214 212 210 212 210 208 208 208 208 210 209 204 201 198 195 188 186 184 178 181 192 197 204 207 205 202 204 209 213 217 222 223 221 217 213 211 210 209 210 212 210 206 206 208 210 211 206 202 202 203 204 207 214 217 217 215 212 212 213 214 213 213 213 212 212 213 216 219 218 213 208 205 203 201 202 205 212 211 209 205 204 206 207 207 213 214 214 211 208 205 203 204 203 205 202 195 191 194 199 201 208 211 214 214 209 201 195 191 184 187 197 208 216 220 220 219 219 220 219 217 217 220 221 220 218 215 213 212 210 208 207 208 
194 193 192 191 191 190 189 189 191 189 188 189 187 182 180 181 181 184 190 195 196 193 189 187 179 173 175 182 184 181 179 177 179 180 183 185 184 180 178 177 185 194 197 196 196 190 183 183 186 189 195 199 201 203 201 195 190 194 193 191 194 199 200 202 200 201 203 206 210 213 215 216 216 215 214 212 210 209 209 210 211 211 212 213 213 213 214 214 213 212 211 210 210 211 213 214 213 213 213 212 212 212 213 214 214 214 214 215 216 216 215 215 215 214 214 215 217 219 220 221 221 219 217 213 207 202 200 200 206 207 208 208 204 198 193 192 197 201 203 202 200 197 193 189 194 191 189 189 189 188 186 186 188 191 194 197 201 204 202 198 188 179 170 171 180 191 198 199 197 198 199 199 203 213 218 215 216 216 216 216 216 217 217 216 217 216 218 217 208 186 160 141 146 164 189 206 213 216 216 217 217 219 218 213 206 195 180 169 163 165 168 174 180 187 194 198 203 207 211 215 217 217 218 218 218 217 217 216 215 216 217 218 218 218 218 217 217 218 217 216 220 216 218 218 211 196 169 139 120 128 158 186 199 203 200 203 203 207 208 206 202 198 191 184 185 190 193 194 199 207 208 203 204 203 201 198 194 192 194 198 197 199 198 192 184 180 182 186 181 172 163 152 130 117 131 157 169 185 197 201 203 203 197 193 190 190 191 195 200 203 200 196 193 182 178 181 183 183 183 184 180 184 188 193 198 201 196 189 184 181 179 181 185 190 195 201 202 203 204 204 204 203 203 203 204 198 193 193 191 186 178 172 180 189 201 210 218 223 224 222 221 218 217 217 218 221 220 214 211 207 202 203 211 215 217 221 218 217 212 208 209 207 205 206 207 205 205 204 201 202 202 199 192 190 189 186 188 190 185 188 198 207 214 214 214 216 219 219 222 222 223 226 224 220 216 215 216 212 210 211 210 207 207 210 213 218 215 208 206 208 209 210 213 217 221 220 215 210 210 212 213 213 212 210 209 210 212 214 219 215 210 207 207 208 209 208 212 212 210 209 209 213 215 216 217 215 212 208 203 197 194 196 190 196 195 187 184 189 195 196 202 207 212 213 208 200 191 185 184 191 200 209 216 221 220 217 216 220 220 214 211 215 217 216 216 214 212 211 209 208 208 209 
192 191 190 189 189 190 189 189 193 190 189 191 189 184 181 182 182 183 189 195 197 194 189 187 181 177 179 184 185 184 181 177 184 186 188 188 185 180 178 179 188 197 198 194 191 183 177 179 181 188 197 202 204 208 207 200 195 200 200 198 200 201 203 206 204 205 206 208 210 212 214 214 214 213 213 212 211 212 212 213 213 213 214 214 213 213 213 214 213 213 212 212 212 212 213 213 213 213 214 214 214 214 213 213 213 213 213 213 214 214 213 212 212 212 211 212 214 217 219 221 219 219 217 215 210 205 202 200 208 209 210 208 203 196 192 191 194 198 200 198 198 199 197 192 193 190 186 186 185 185 185 186 189 192 196 199 201 202 201 198 191 181 169 164 168 178 188 195 199 196 198 199 199 208 217 215 216 217 216 216 216 216 217 216 217 217 216 216 213 199 177 157 157 168 186 202 211 213 214 216 217 218 218 216 213 207 198 190 195 197 201 206 209 212 215 217 216 217 218 218 217 216 216 216 215 215 216 216 216 216 217 217 217 217 216 216 217 218 218 216 220 215 217 219 214 207 184 151 128 123 142 172 191 199 200 204 202 205 206 203 200 196 188 181 176 181 185 189 198 206 205 198 200 199 199 198 194 190 191 194 196 197 198 195 188 181 178 178 178 169 162 154 136 123 136 158 165 182 194 198 204 207 204 199 193 193 194 196 202 207 204 199 187 179 174 175 177 180 183 182 185 188 191 193 200 206 204 198 195 189 181 177 178 182 190 196 199 199 199 198 198 199 201 203 204 202 197 193 189 182 171 160 162 173 190 204 213 220 222 222 225 222 220 218 217 219 218 214 210 205 199 201 210 215 217 219 218 216 209 204 203 200 196 196 195 194 195 195 192 193 194 193 192 194 197 193 194 196 196 203 206 214 219 218 216 220 222 222 222 221 221 221 221 218 214 212 214 213 212 211 210 210 211 213 215 221 220 214 211 208 207 210 208 211 215 217 213 208 207 210 213 213 212 211 211 212 213 215 221 220 216 213 214 215 214 210 209 208 206 207 208 210 212 212 212 207 203 201 195 187 184 186 179 185 188 185 183 188 195 197 204 209 214 215 211 203 193 186 192 198 204 208 211 216 218 217 215 217 215 210 209 212 215 216 220 219 217 215 213 211 211 212 
186 185 185 185 186 188 188 189 195 193 192 192 190 185 181 180 181 182 188 194 198 196 193 190 183 184 186 187 185 187 185 180 186 189 192 191 188 184 186 190 192 201 202 196 190 181 175 176 180 187 197 203 205 210 211 206 202 205 205 204 205 206 207 209 210 210 211 212 213 214 214 215 214 213 213 213 213 213 213 213 213 214 215 215 214 213 213 213 213 214 214 215 214 214 213 212 214 216 218 219 219 217 214 212 210 210 210 210 210 210 209 207 204 204 204 206 208 212 216 219 220 221 220 219 214 208 204 201 202 207 210 209 203 197 194 193 192 196 199 198 197 198 195 190 190 188 186 186 186 186 188 190 189 193 197 200 201 200 199 196 190 181 170 161 161 170 185 198 202 197 198 201 199 203 213 216 216 217 216 216 216 216 217 216 217 217 215 214 214 209 192 176 168 172 184 199 210 213 215 218 217 217 218 218 218 217 214 211 214 215 217 218 218 218 218 218 218 218 218 217 217 217 217 218 216 216 217 218 218 218 218 217 217 217 217 216 217 219 218 216 219 214 217 219 216 214 199 173 143 124 127 153 182 198 200 203 202 204 205 203 200 195 185 176 164 168 175 185 194 199 200 198 200 200 201 202 199 194 193 194 199 197 197 196 192 182 173 166 170 164 161 156 150 146 154 167 173 187 196 200 206 211 211 207 197 196 193 193 197 201 200 196 189 186 183 179 178 185 189 186 188 189 189 190 196 205 206 203 198 190 180 174 174 178 185 190 195 196 198 199 200 202 205 207 207 208 205 197 188 178 163 150 146 160 180 197 209 217 220 221 224 223 223 221 217 215 213 208 205 202 197 200 209 215 218 221 218 215 206 198 196 192 188 187 187 188 192 196 196 198 203 204 199 203 208 204 202 201 198 204 207 212 217 219 218 218 219 220 221 222 221 218 219 220 217 211 211 215 216 211 208 209 210 209 211 214 216 215 211 203 201 204 205 207 212 216 216 213 211 212 216 217 217 217 217 218 219 220 219 220 218 214 213 212 207 201 201 199 197 199 203 206 208 208 210 206 201 199 194 185 180 181 179 183 187 189 188 188 192 196 202 206 209 209 207 203 198 193 198 203 208 208 209 212 216 218 216 213 212 214 215 215 217 220 222 222 219 217 212 209 207 206 
186 185 185 186 188 190 192 193 195 196 196 193 190 186 183 180 180 183 188 193 198 201 199 196 189 193 195 192 189 192 193 187 191 193 196 196 193 191 193 198 196 204 205 199 194 185 176 176 182 188 197 203 206 211 212 209 209 211 210 209 211 212 211 212 212 213 214 214 214 214 214 215 213 213 213 213 214 214 214 213 215 215 216 216 215 214 214 214 216 217 218 219 219 217 215 213 213 215 217 219 218 215 211 208 205 205 205 205 206 205 204 202 197 198 198 200 203 208 214 217 221 222 222 220 216 211 205 200 198 204 209 209 204 197 192 188 188 193 198 200 201 201 197 192 192 190 190 190 190 188 187 187 187 190 194 198 198 198 197 196 192 183 174 164 159 166 182 197 204 200 200 202 200 199 207 215 216 217 217 216 216 216 216 216 216 217 216 216 216 213 204 193 182 181 186 197 207 212 216 218 218 217 216 217 218 219 219 219 217 218 218 217 216 217 218 219 218 218 219 219 219 218 217 217 217 217 216 217 218 219 220 220 218 219 218 217 217 218 218 216 220 219 219 218 216 216 208 189 163 134 120 136 169 194 199 200 200 202 204 203 201 195 184 174 163 165 174 184 190 192 198 205 203 203 204 205 203 198 194 193 196 195 194 196 195 189 177 168 178 176 173 169 167 169 171 173 183 191 195 197 202 207 208 206 198 194 189 188 191 197 200 201 195 194 190 183 178 183 187 185 181 181 180 180 186 195 199 199 195 189 183 179 178 180 184 189 193 196 201 203 203 203 204 205 205 207 206 200 190 178 163 150 144 155 171 192 205 213 219 224 222 223 226 225 219 214 210 204 202 199 195 199 209 216 219 223 219 215 206 199 197 194 192 193 197 197 201 204 204 206 211 213 208 207 208 204 203 202 197 200 205 210 216 222 222 219 219 220 218 219 217 213 214 218 216 210 206 212 215 212 208 209 209 208 207 210 213 217 217 210 207 210 211 213 216 220 221 219 216 213 216 217 218 219 219 219 218 218 212 213 213 212 211 209 203 196 195 191 191 196 205 211 213 213 214 211 207 203 198 190 183 182 183 184 188 193 194 192 193 197 201 203 203 202 202 203 203 201 200 206 211 213 212 213 217 218 218 213 213 218 219 216 214 215 216 218 218 216 212 209 206 204 
188 187 186 186 187 189 190 191 191 195 195 190 188 189 188 185 185 190 195 197 202 207 208 205 202 202 203 200 197 198 200 197 199 199 201 201 200 198 199 201 200 207 206 200 197 189 181 180 189 191 198 206 208 211 213 211 213 214 212 212 214 213 212 214 212 213 214 214 213 213 213 213 213 213 213 214 215 216 215 214 215 216 217 216 215 214 213 213 215 217 219 220 219 217 215 213 211 212 213 214 214 210 206 202 201 201 201 203 203 203 202 201 198 198 198 199 201 206 212 216 219 221 222 221 217 213 207 202 199 203 207 207 203 197 190 184 186 189 194 198 201 202 200 198 192 189 187 187 187 185 182 181 185 187 190 193 195 196 196 196 194 187 179 169 162 163 177 190 204 204 203 201 200 198 203 212 217 216 217 216 216 216 216 216 216 216 217 218 217 215 210 205 198 190 187 190 199 206 213 217 218 217 217 217 218 218 218 218 217 218 218 218 217 218 219 220 218 218 218 218 218 217 215 215 216 216 215 216 217 218 218 218 215 217 217 216 217 218 218 218 219 220 219 216 216 216 210 202 181 151 131 128 149 180 194 199 199 201 202 202 202 198 190 181 175 173 174 180 185 190 197 205 202 202 202 201 201 198 194 190 191 193 194 196 197 195 187 178 184 183 181 176 176 181 184 183 191 192 190 192 197 201 203 205 201 196 191 190 192 197 202 206 201 195 190 183 177 177 181 182 182 181 180 181 185 191 196 199 198 195 191 187 182 180 182 184 190 194 199 201 201 200 200 201 202 204 205 203 197 187 174 164 155 154 162 180 196 205 214 222 222 222 224 223 218 215 211 205 200 198 196 200 210 216 221 225 222 220 214 208 206 202 199 200 200 198 199 202 201 204 209 212 218 215 214 209 209 208 201 203 205 209 215 219 220 219 219 220 214 212 208 204 205 208 208 206 201 204 208 212 212 211 211 212 209 213 216 219 222 219 215 216 214 215 216 217 217 218 215 212 214 215 216 217 218 217 215 214 211 210 211 213 216 214 207 201 193 188 186 194 205 212 214 214 212 210 206 203 199 195 188 186 185 185 188 193 197 199 200 201 203 205 206 204 204 206 205 202 199 203 208 213 214 213 213 215 218 214 213 214 215 213 210 209 212 216 219 219 217 215 212 210 
187 186 184 182 182 183 183 184 183 190 191 185 184 188 190 187 193 199 203 203 206 213 215 211 212 208 207 206 202 201 202 202 202 201 202 205 206 205 204 205 206 210 206 200 198 193 186 186 195 196 202 209 211 212 214 213 212 214 212 212 214 212 210 212 212 213 214 214 213 212 213 213 213 213 214 216 217 217 217 216 215 215 216 215 214 212 211 211 210 211 213 214 214 213 211 209 211 211 212 212 211 208 203 200 198 199 200 201 203 203 202 201 203 203 202 201 202 206 211 214 217 220 221 222 220 217 211 207 200 202 203 203 203 200 193 187 188 187 189 192 196 197 198 199 194 189 185 186 189 189 188 186 185 185 187 190 192 194 196 197 200 196 189 181 173 172 183 194 202 208 205 199 199 198 201 208 217 216 217 216 216 216 216 216 217 216 216 217 217 215 212 210 204 193 183 180 188 199 210 217 218 217 218 219 219 219 217 217 218 219 219 219 218 217 217 217 218 218 217 216 217 217 217 217 218 217 217 217 217 215 213 211 210 213 215 215 215 218 219 220 215 218 217 213 216 219 215 213 194 171 145 125 132 163 187 201 199 200 200 200 202 202 197 190 186 177 170 170 179 187 193 195 200 200 199 197 198 198 194 188 190 195 197 197 196 195 190 183 172 174 173 172 177 186 194 194 196 193 189 191 198 202 205 209 208 203 198 196 195 195 198 202 208 196 189 185 179 176 180 185 185 183 182 183 186 190 195 199 204 201 197 190 181 175 173 176 184 188 193 196 197 198 201 203 204 206 208 209 206 199 187 177 162 153 153 168 185 194 205 215 223 220 218 216 213 213 212 207 200 199 196 200 210 217 221 227 225 226 222 216 211 203 196 195 194 191 193 197 200 206 214 218 220 222 225 221 217 210 200 199 205 208 210 210 210 213 215 215 212 207 201 199 199 200 202 205 201 199 204 213 216 212 212 217 213 218 218 216 218 217 212 208 208 209 209 207 208 213 215 214 215 216 218 220 220 219 216 215 217 214 213 217 221 219 211 204 191 184 182 188 200 206 206 205 204 203 200 197 196 195 191 188 186 188 189 191 197 203 204 202 206 210 212 211 209 207 202 196 195 196 202 208 210 208 207 208 217 216 213 211 212 215 215 215 213 219 223 224 222 220 216 213 
179 184 186 181 178 180 182 181 177 184 189 187 186 190 194 197 198 201 204 207 210 213 216 215 215 213 209 207 206 206 206 206 207 208 209 209 210 211 211 211 211 211 210 207 202 198 197 197 204 203 207 210 210 213 214 212 212 212 213 212 211 213 214 216 215 213 212 211 212 212 213 213 213 213 214 216 218 218 216 215 216 213 210 209 208 208 204 201 204 205 208 211 209 207 206 207 208 211 213 213 211 210 206 203 199 198 199 202 204 203 204 206 206 205 205 205 204 205 208 211 218 220 221 223 222 219 213 208 201 198 202 203 197 195 194 184 183 185 189 195 199 199 199 200 199 192 188 190 189 186 183 184 184 186 188 191 194 196 199 201 204 201 198 192 183 177 180 187 198 206 208 202 199 200 200 203 212 217 218 216 215 216 217 216 216 217 218 216 217 217 215 212 203 194 180 166 169 186 204 214 216 219 219 218 219 218 216 217 217 218 221 220 217 218 219 216 219 217 216 216 215 214 215 218 218 216 220 214 212 212 203 194 202 206 213 217 218 216 217 219 218 218 217 217 216 216 216 216 204 182 159 137 123 142 175 192 200 198 199 201 202 202 199 192 188 180 166 164 174 178 180 191 197 200 201 201 204 207 204 200 196 196 196 196 199 199 195 189 179 171 173 176 173 180 193 197 192 196 196 194 196 204 209 207 208 206 202 195 190 189 192 194 202 202 196 191 193 189 183 182 187 185 183 180 177 178 183 190 199 199 194 188 182 179 179 180 186 189 195 200 202 203 204 205 209 208 208 209 207 200 192 188 163 154 152 156 167 180 193 204 211 215 217 215 214 214 212 209 206 209 203 202 211 215 217 226 225 227 224 216 208 199 194 194 194 197 198 200 205 213 219 220 224 225 226 223 218 212 203 197 201 202 203 203 200 200 203 208 209 204 201 200 197 195 199 206 204 198 199 207 214 214 213 215 218 215 212 212 213 214 213 212 210 211 211 210 211 215 219 219 220 218 217 217 217 216 215 215 218 215 211 210 213 213 203 191 184 173 174 186 193 199 203 200 193 194 197 197 193 192 193 190 188 187 189 192 193 193 199 206 203 201 203 207 207 203 202 204 202 201 201 205 211 214 213 210 217 218 216 214 214 217 218 216 216 218 220 221 222 219 212 206 
181 186 188 184 179 178 181 182 178 186 192 192 192 196 200 202 205 207 209 210 211 213 215 214 212 211 210 209 210 210 211 211 210 211 212 213 213 214 214 214 214 214 213 210 207 204 204 204 210 209 212 214 213 215 215 212 212 213 214 213 213 214 215 216 217 216 213 211 209 209 209 210 210 210 211 212 213 213 212 211 209 207 204 203 203 203 201 198 199 201 205 208 209 207 207 208 208 210 211 211 210 208 206 203 201 199 198 200 203 204 207 209 212 211 210 208 206 205 208 211 217 219 221 223 222 220 215 211 203 197 199 202 199 197 196 191 188 187 188 190 194 196 198 200 197 193 189 190 190 188 187 189 189 189 190 193 197 199 201 201 202 201 200 196 187 180 182 187 193 203 207 203 199 197 197 200 208 213 217 216 215 217 217 216 217 218 218 217 217 218 217 214 205 192 171 151 150 167 193 211 217 219 219 217 218 218 217 217 219 218 220 221 219 219 219 216 211 210 209 208 208 208 209 211 217 214 217 213 202 191 182 185 194 199 207 213 217 218 218 217 218 218 218 217 217 217 217 217 212 195 170 147 129 127 153 186 197 198 199 201 202 201 197 195 192 184 169 163 169 175 180 187 200 204 206 205 204 207 206 203 196 192 192 196 199 197 194 192 184 180 183 185 180 181 189 194 192 193 194 193 193 195 200 204 203 202 199 195 191 189 192 195 204 207 205 196 191 186 179 174 180 180 180 179 177 177 182 187 197 200 199 194 188 184 182 181 183 185 189 195 200 204 204 202 202 203 205 204 203 200 192 184 167 160 150 137 143 168 185 196 208 212 215 214 214 215 216 214 213 213 205 203 211 214 216 226 224 225 222 217 212 203 197 196 193 194 196 198 203 209 215 217 219 219 219 219 215 209 202 198 196 195 194 193 191 191 196 201 205 201 198 196 194 193 196 201 204 202 203 206 212 215 217 217 216 217 216 214 215 218 220 219 217 214 212 213 214 213 216 220 217 213 210 209 210 211 210 208 211 211 210 210 211 207 195 182 176 165 167 181 188 191 195 194 185 184 185 188 187 189 190 188 189 190 192 195 194 195 199 205 204 203 204 209 211 210 208 208 209 205 201 203 208 213 215 214 214 216 217 215 213 212 213 213 210 212 215 217 219 219 215 210 
184 187 188 183 175 172 174 177 180 188 196 198 199 201 204 205 209 210 211 210 211 213 212 211 212 211 210 210 211 212 213 213 212 213 214 214 215 214 214 214 213 213 212 211 209 208 208 209 212 210 212 215 215 216 217 215 213 213 213 213 213 213 213 214 216 215 212 208 204 203 204 205 206 207 207 208 209 209 209 208 206 204 202 202 203 203 203 201 200 200 201 202 202 201 202 204 208 210 211 210 210 209 207 205 206 202 198 199 203 207 211 214 216 215 213 210 206 204 206 210 215 218 220 222 223 221 218 214 208 200 197 200 202 199 198 198 189 187 185 186 191 195 199 202 199 197 193 190 187 186 187 187 187 186 186 190 195 198 200 200 201 202 202 200 192 185 184 188 194 204 210 208 202 195 193 198 203 210 216 217 216 217 217 216 218 218 218 217 218 219 218 217 211 197 172 147 135 147 176 204 215 219 219 217 219 219 217 218 220 217 217 220 219 217 213 208 200 198 193 190 190 193 198 201 204 206 206 200 186 168 159 168 177 190 204 212 216 218 218 216 218 218 218 217 217 217 217 218 217 211 186 160 140 122 133 171 192 198 197 198 202 201 197 198 191 187 179 169 166 170 178 183 192 198 202 202 201 202 202 201 196 190 189 195 199 197 196 198 189 184 180 178 174 172 180 190 193 192 193 195 193 190 195 203 205 205 204 202 197 193 194 197 201 207 208 200 189 184 180 173 179 182 185 186 184 182 185 189 197 203 206 203 196 189 184 181 177 182 186 190 194 198 200 199 196 199 199 197 198 199 193 184 169 162 145 120 121 148 169 182 201 207 211 211 212 216 219 220 218 215 206 204 210 213 216 225 222 224 219 213 208 199 190 187 180 179 181 185 190 196 202 206 210 209 209 210 208 203 198 197 189 187 185 183 183 186 193 200 205 203 200 197 197 198 201 203 207 209 209 208 211 216 219 219 218 220 219 215 214 216 219 220 218 211 207 211 211 207 210 217 216 213 208 205 208 213 213 210 213 214 215 213 208 198 179 165 159 147 147 158 165 169 175 177 173 170 172 180 184 187 189 189 191 195 199 200 199 199 202 206 207 207 207 209 212 212 209 207 205 200 196 197 202 208 212 213 208 211 215 216 214 211 212 214 211 213 215 217 220 222 221 218 
185 184 183 179 172 168 171 176 185 193 201 204 204 205 206 206 209 210 210 209 210 212 212 211 211 210 210 211 211 212 212 211 213 213 213 214 213 213 212 211 212 212 212 211 210 210 210 211 212 210 212 215 215 217 217 215 212 210 209 208 208 208 208 209 211 211 208 203 199 197 199 202 206 207 207 207 207 207 207 207 206 205 204 205 208 209 208 207 206 203 199 197 196 196 198 200 206 209 211 211 212 212 211 209 208 203 198 197 202 208 213 214 216 214 212 208 204 202 204 208 212 215 219 222 223 222 219 216 211 205 197 197 201 202 200 202 194 189 186 185 189 193 197 201 201 201 198 190 185 185 185 185 187 186 185 187 190 193 195 196 199 201 203 202 196 190 188 189 194 201 207 207 201 193 189 193 199 206 214 217 217 217 216 216 217 217 218 217 217 218 219 219 218 207 185 158 135 135 162 191 209 217 219 218 219 219 218 219 219 216 217 219 215 209 202 192 181 177 175 176 178 177 177 178 182 186 184 173 163 151 140 148 165 186 207 215 215 216 217 218 218 218 217 217 217 217 218 218 216 219 200 174 154 133 129 146 181 195 197 194 201 203 199 200 186 184 180 168 155 156 169 179 183 190 197 199 199 200 200 200 199 194 192 195 198 197 197 198 192 184 174 170 169 167 173 185 193 192 194 197 195 194 198 205 209 209 209 207 201 194 192 195 193 197 204 201 191 189 189 183 184 187 191 192 188 184 183 184 190 198 206 205 199 191 185 182 176 183 188 188 188 191 194 196 195 195 193 189 188 187 183 179 163 152 137 120 117 135 156 176 198 203 208 211 213 216 220 222 216 214 206 202 207 212 215 220 220 221 214 205 198 186 176 172 171 169 170 175 179 183 189 194 200 197 198 202 202 197 195 196 188 186 183 184 186 192 201 208 210 210 208 206 207 210 212 212 213 215 216 215 214 217 219 220 219 218 217 214 212 211 214 218 219 211 206 208 208 206 211 218 219 219 215 209 209 214 216 215 213 214 213 208 197 180 160 145 138 128 132 143 149 152 158 160 155 153 159 171 178 183 186 188 192 197 202 201 199 198 199 200 204 206 206 205 206 208 207 205 199 198 196 197 200 205 209 212 210 211 214 217 217 215 214 215 216 217 217 218 219 222 222 222 
187 182 179 177 174 173 177 183 192 198 205 208 208 207 208 208 208 209 210 210 211 212 213 212 211 211 211 211 212 213 212 212 213 213 213 213 213 213 213 212 212 212 211 211 210 210 210 211 213 211 213 215 215 216 216 212 209 205 203 201 200 200 201 204 207 207 205 201 198 197 201 204 210 211 210 209 206 204 204 204 203 203 204 207 210 212 212 211 208 206 202 199 198 197 198 200 200 203 207 210 212 215 215 214 209 204 199 198 203 209 212 213 215 212 209 205 201 199 201 204 207 212 217 222 223 222 219 216 211 209 199 194 198 203 203 203 203 197 190 185 185 188 193 198 199 201 199 192 187 188 189 189 191 191 190 190 189 190 193 194 197 199 202 203 201 195 193 194 199 202 204 205 203 195 190 192 193 201 210 215 216 216 216 216 216 216 216 216 217 217 218 219 219 214 200 174 144 132 150 176 201 212 220 220 219 219 219 221 220 218 219 219 211 200 183 169 161 156 154 158 160 157 157 159 159 157 152 146 147 142 137 150 175 193 211 216 215 216 217 218 217 217 217 217 217 217 217 218 216 219 210 188 164 144 133 133 162 188 200 197 199 201 200 202 195 186 177 168 156 155 169 182 183 189 196 201 203 202 201 198 199 197 195 194 194 195 196 195 196 188 179 178 178 174 173 178 191 194 196 196 195 197 199 200 204 205 207 207 201 194 190 190 192 192 199 204 198 194 192 187 182 184 188 189 186 181 178 177 183 191 200 202 200 195 190 187 184 185 185 183 183 185 186 185 184 180 175 171 165 161 162 166 155 147 141 132 128 140 159 179 198 202 208 210 212 215 219 221 212 212 207 200 203 209 212 211 214 213 206 198 188 178 171 170 173 171 172 176 179 180 184 188 189 186 188 193 195 193 193 195 191 189 189 191 196 203 212 219 219 220 219 217 218 221 222 220 220 221 222 222 220 217 217 220 218 213 211 214 214 212 215 220 224 219 214 210 209 210 214 219 217 221 220 212 207 208 212 213 213 213 210 203 187 169 150 137 121 120 132 147 151 152 153 150 149 150 160 173 179 180 184 188 188 193 197 197 195 194 193 193 198 203 204 203 203 206 209 209 205 205 205 203 202 204 209 212 217 214 214 216 219 218 215 212 213 214 214 213 213 216 219 219 
191 186 181 178 178 179 183 188 196 201 207 209 207 206 207 208 208 209 211 210 211 212 212 210 211 211 211 212 214 215 216 216 213 213 213 213 213 213 213 214 210 210 210 209 208 207 206 206 208 206 208 212 213 215 215 211 207 202 198 197 196 196 198 202 206 206 205 203 200 201 205 208 214 215 214 211 206 202 200 200 202 203 205 208 212 214 214 214 210 207 204 203 201 198 196 196 194 198 202 206 210 214 216 216 211 207 202 201 205 211 213 213 213 209 204 201 198 196 197 199 206 210 216 220 222 222 219 217 212 210 202 195 195 202 205 204 208 202 194 187 184 186 194 201 201 203 201 197 193 192 194 194 194 195 195 194 192 194 197 200 199 201 204 205 204 203 202 202 206 205 202 202 201 194 187 186 190 196 206 212 216 216 217 217 215 215 216 216 216 216 217 219 218 217 210 188 159 141 149 168 194 208 218 219 219 219 219 221 219 219 221 217 205 188 162 138 127 131 142 150 153 149 145 142 128 112 106 117 134 144 155 180 198 206 213 214 216 217 218 217 217 217 216 216 216 217 217 217 218 216 214 203 175 150 137 132 142 175 199 202 200 198 198 202 203 192 182 178 175 171 174 181 187 191 196 200 201 199 193 189 186 188 189 188 189 192 195 196 199 192 185 183 179 175 173 173 186 193 196 194 193 195 195 191 199 202 206 207 205 201 196 193 195 193 198 205 205 198 191 186 178 180 184 189 190 188 186 185 189 195 202 206 206 202 197 193 187 180 172 169 171 172 169 164 160 156 154 152 148 144 148 155 159 159 158 148 145 156 170 182 198 201 204 206 208 210 212 213 210 210 206 200 199 203 204 200 203 203 198 190 182 176 172 174 175 174 175 177 178 179 181 183 182 180 182 187 191 192 194 196 194 192 192 195 200 207 214 220 223 224 225 223 223 225 225 223 225 224 225 226 224 219 217 218 220 214 212 215 216 214 216 220 222 222 217 210 205 206 209 210 210 216 218 213 207 207 210 213 218 217 213 203 187 168 149 137 124 127 140 152 152 153 153 148 153 157 169 179 181 180 183 183 184 187 193 196 198 197 197 198 201 205 208 207 206 208 211 213 210 210 207 202 198 197 201 205 212 210 209 210 214 217 215 211 210 211 211 210 211 215 218 220 
192 190 186 183 182 185 189 193 202 204 207 208 205 203 204 206 210 211 212 212 212 213 212 211 211 211 211 213 215 217 218 218 215 214 212 211 210 209 209 210 208 208 207 207 205 204 202 201 200 200 204 209 212 214 214 210 206 201 197 197 197 198 200 204 208 207 206 204 203 203 206 209 216 217 217 213 208 203 200 200 201 204 208 211 215 217 217 217 212 208 205 204 201 199 197 197 198 200 202 204 207 212 214 215 211 208 205 203 207 212 215 214 212 207 202 199 198 198 199 200 206 211 216 219 220 221 220 218 214 210 206 200 193 198 204 204 207 204 199 193 189 190 197 204 205 205 204 201 198 197 197 198 196 197 198 198 198 199 201 203 203 204 204 204 203 203 202 202 199 199 196 195 196 191 185 182 191 197 205 212 216 217 217 216 215 215 216 217 217 216 217 219 219 218 214 201 178 161 161 170 192 205 214 216 219 220 219 219 218 218 219 213 200 178 142 108 92 123 159 179 183 177 160 142 118 82 66 87 124 156 178 204 213 213 213 214 215 217 217 216 217 217 216 216 216 216 217 217 218 215 216 211 192 165 146 138 136 159 185 199 201 198 197 200 198 195 185 181 182 178 175 177 188 190 193 194 191 185 178 174 172 175 179 182 183 186 191 196 199 193 189 182 171 168 172 171 178 188 195 194 193 194 193 190 198 203 207 209 210 208 203 197 194 194 194 199 204 201 191 186 184 184 186 191 195 194 193 192 193 196 201 205 208 207 201 195 186 174 163 160 162 160 156 154 150 149 150 151 149 149 153 158 168 171 174 164 161 172 180 188 201 200 200 201 202 203 205 207 208 205 202 199 194 193 194 193 190 190 185 181 180 177 176 178 178 180 182 184 186 187 187 186 188 189 191 194 197 200 202 202 200 198 196 198 203 207 213 217 221 223 225 225 224 224 224 224 225 226 226 226 225 224 221 218 219 218 215 213 213 214 214 214 215 217 216 210 204 203 204 205 208 212 217 217 215 213 213 214 216 216 213 205 190 171 152 143 141 145 154 157 155 158 161 156 160 166 177 184 184 183 183 183 188 189 193 199 201 200 199 200 200 204 208 209 208 207 209 210 210 208 203 198 194 193 196 198 203 207 208 207 210 216 217 214 212 214 214 212 212 215 219 221 
189 190 189 187 188 191 197 202 208 209 210 208 204 202 203 205 212 214 215 215 216 216 215 214 212 212 211 211 213 215 217 217 215 213 210 207 204 203 202 202 207 207 206 206 204 202 200 199 201 200 204 209 212 214 213 209 206 201 198 199 200 201 202 206 208 208 206 204 203 203 205 207 214 216 217 214 209 205 203 203 202 204 209 214 218 219 219 219 212 207 203 201 202 202 204 206 205 206 205 205 206 210 212 213 208 206 203 202 205 210 214 214 214 208 203 202 203 204 205 206 208 212 216 218 219 221 221 220 219 211 208 204 192 193 202 204 207 207 205 202 196 194 197 202 205 205 204 204 202 200 200 202 204 203 202 201 201 202 202 202 204 203 201 199 197 196 196 195 193 195 195 196 200 199 195 193 196 200 206 213 217 218 217 216 215 215 217 218 218 217 218 220 219 218 217 209 193 177 171 174 192 204 211 214 218 221 219 218 220 220 219 212 200 176 133 92 93 138 185 205 212 211 196 176 143 94 63 81 130 177 202 214 214 214 215 215 215 214 215 217 217 217 217 216 216 216 217 217 215 218 216 213 206 182 154 140 140 148 168 192 203 200 198 197 200 202 190 179 179 178 178 183 189 190 191 191 185 177 170 166 170 171 176 181 181 179 184 192 197 195 196 187 169 166 173 172 172 183 194 197 196 196 196 196 198 203 208 208 210 210 203 195 188 191 188 189 199 203 196 192 193 191 189 191 192 190 186 183 183 186 190 197 203 204 199 192 188 178 169 164 160 155 154 157 160 162 164 164 163 164 165 165 169 173 178 175 175 183 190 198 205 202 200 199 200 201 204 205 206 199 197 198 192 186 187 191 179 179 177 177 181 184 183 184 188 192 196 198 200 203 202 199 203 204 205 207 209 212 213 211 210 206 204 204 207 210 213 216 218 220 224 226 225 224 225 227 224 227 226 223 224 227 224 217 214 218 216 209 208 212 212 209 212 216 219 216 211 207 208 210 215 216 219 222 221 218 214 212 214 215 215 211 199 181 165 155 150 157 167 170 167 173 176 170 173 179 190 197 196 198 197 195 197 195 195 199 198 193 190 190 191 194 200 204 205 205 204 205 209 207 203 200 199 199 199 200 203 210 214 211 210 215 219 217 215 216 216 213 212 213 216 218 
182 190 196 198 199 204 208 208 212 213 212 209 206 206 206 207 216 217 219 218 218 216 214 213 212 209 207 207 210 213 215 217 215 212 208 203 200 199 201 202 202 206 207 208 209 207 204 205 207 205 204 205 208 209 208 206 204 200 197 198 200 202 205 207 209 210 207 204 205 206 209 214 217 217 216 213 208 204 201 200 201 204 207 211 216 221 221 218 217 211 205 204 203 202 204 207 206 206 205 205 206 207 209 210 208 206 205 206 208 210 210 210 206 202 199 199 200 202 206 209 209 213 216 218 219 220 220 218 219 218 212 206 200 194 197 206 206 206 206 203 200 199 200 202 206 206 206 206 205 205 204 204 205 203 201 198 197 197 198 199 195 196 196 196 196 196 197 198 201 201 203 204 204 203 202 202 198 202 207 213 216 218 217 216 215 216 216 217 218 218 218 218 218 216 217 215 206 197 189 184 190 201 209 213 220 221 218 218 221 218 217 215 203 178 140 98 103 150 185 207 216 218 212 196 167 131 96 98 139 181 202 215 215 213 213 215 214 213 214 219 218 217 216 216 217 218 217 215 216 215 216 217 212 199 171 145 140 144 157 178 199 202 200 198 196 202 199 187 183 190 195 193 196 194 194 196 194 185 168 154 155 157 166 174 173 168 171 179 193 197 199 192 181 174 179 187 179 186 191 194 197 198 196 193 194 195 201 203 202 205 204 195 190 192 194 195 197 204 203 194 188 185 182 180 182 185 186 185 186 183 189 197 198 200 202 199 187 181 176 173 170 169 170 169 169 173 169 167 168 163 161 171 175 182 188 189 191 196 202 202 204 207 205 201 201 206 206 202 204 201 199 197 193 189 186 186 181 182 184 189 192 194 199 203 206 209 212 212 212 212 214 215 215 215 217 218 219 219 219 219 216 215 212 208 206 207 210 213 212 215 219 222 224 225 225 224 225 226 226 225 225 225 224 221 215 217 217 214 211 210 211 212 213 215 220 223 218 210 208 211 208 211 213 215 217 217 212 207 211 214 215 213 206 197 185 176 171 176 187 197 200 195 187 183 187 189 197 208 215 211 205 208 203 199 194 192 191 191 192 194 192 193 195 201 207 207 205 207 209 209 208 206 206 207 204 199 201 206 212 213 212 211 214 218 215 211 210 212 211 208 207 209 
185 193 203 208 210 211 212 212 214 214 214 210 207 205 206 207 213 216 219 218 217 216 214 212 207 204 202 202 206 209 212 215 214 213 211 208 205 203 205 206 203 207 209 210 212 210 208 209 205 204 204 205 208 209 208 206 203 201 199 200 202 203 205 208 210 211 208 205 205 206 208 213 217 218 217 214 210 206 204 203 203 205 208 211 215 219 219 216 214 208 204 204 203 202 204 207 213 212 210 207 204 202 201 201 201 200 200 202 205 208 209 209 205 202 200 201 204 206 210 213 217 219 221 221 220 221 221 220 221 220 213 207 201 194 194 202 203 204 205 206 205 205 206 207 207 207 206 205 204 203 201 201 198 197 196 195 195 195 195 195 198 199 199 199 199 200 201 202 203 203 204 204 204 204 204 204 206 208 213 216 219 219 218 217 216 216 217 217 218 218 218 218 219 218 219 218 212 206 198 191 186 193 200 207 217 219 218 221 220 219 218 217 207 186 153 112 101 139 174 203 215 217 216 204 192 160 119 102 128 169 193 207 211 209 209 208 208 208 209 212 218 218 217 216 216 217 217 216 218 216 216 217 215 206 181 156 140 140 151 171 191 200 202 201 197 196 196 195 191 188 193 200 196 195 194 193 193 187 172 155 144 145 151 158 157 156 165 179 189 195 199 196 185 178 176 177 175 182 189 193 195 191 187 188 190 191 198 204 205 208 208 205 199 195 194 195 196 200 202 200 191 187 181 178 179 183 187 189 194 191 195 201 202 206 210 208 193 188 181 173 172 179 183 179 169 168 167 171 173 166 164 174 182 189 198 199 199 202 208 210 207 206 206 206 207 208 208 208 204 203 202 202 198 193 188 187 191 193 197 202 205 207 211 215 214 217 219 219 219 219 220 220 221 222 223 224 224 224 224 223 222 220 217 213 210 207 207 207 208 211 214 218 221 223 224 224 225 226 226 225 225 226 224 222 218 216 215 215 212 209 209 211 210 210 213 216 214 208 204 203 204 205 207 211 216 218 215 211 211 213 216 217 213 206 198 193 192 194 200 208 211 209 203 199 194 193 199 206 210 208 204 204 204 200 198 197 197 196 197 198 199 201 202 206 210 211 210 212 213 214 213 210 207 203 198 194 193 198 204 208 208 209 211 214 218 213 210 210 210 209 208 209 
189 195 206 214 217 215 214 215 215 216 216 213 208 205 204 206 209 215 219 217 216 217 216 213 207 203 200 200 203 206 210 213 213 213 213 210 206 203 201 201 204 208 210 210 212 211 210 213 211 209 208 208 208 207 204 201 197 196 196 197 197 197 200 202 208 209 207 205 206 206 209 213 219 220 218 215 209 205 202 200 201 203 206 209 214 218 219 218 218 214 211 210 208 207 209 213 217 217 215 210 204 199 196 196 199 199 199 202 205 207 208 208 205 203 202 205 208 211 215 218 219 220 221 220 219 219 219 219 218 217 213 206 202 196 195 200 205 206 208 209 209 208 207 206 203 203 202 201 200 198 197 196 196 196 196 197 198 198 199 199 201 201 202 201 201 201 201 202 204 205 206 207 209 210 212 213 214 216 218 220 220 220 218 217 217 217 217 218 218 218 218 218 217 217 218 217 214 212 204 193 181 180 183 198 212 216 216 220 218 219 218 218 212 199 172 134 106 123 155 189 208 213 219 215 199 175 136 105 113 146 174 192 199 195 188 181 183 192 203 210 216 217 217 216 215 217 218 217 219 217 217 217 217 215 195 172 144 136 142 163 181 195 202 200 200 196 195 197 194 188 188 194 198 199 196 190 189 188 179 168 152 150 154 162 164 163 169 180 186 193 199 198 191 185 177 171 176 180 180 182 187 184 181 185 186 191 197 204 210 209 208 210 204 194 190 192 192 194 200 204 196 192 188 186 186 185 188 191 194 193 195 197 198 204 209 208 197 190 184 180 181 188 192 187 184 178 174 176 173 165 162 166 169 178 189 195 193 193 197 202 208 205 206 211 212 210 211 216 212 210 207 204 201 197 195 195 197 200 205 211 213 215 217 220 221 223 224 224 224 224 224 223 225 225 225 226 226 226 225 225 226 224 222 219 216 213 210 208 208 209 211 214 217 220 223 225 225 226 226 225 225 226 225 223 222 216 214 216 215 210 208 210 205 206 208 211 214 214 209 205 207 207 208 212 219 223 222 218 214 213 215 217 216 211 207 205 202 201 203 208 213 211 206 202 190 189 194 201 204 208 210 205 207 205 203 203 202 200 200 200 197 201 200 200 202 204 205 207 207 207 208 207 204 199 196 195 190 193 198 203 207 209 209 209 220 217 213 211 211 212 212 212 
190 193 203 213 216 215 215 217 215 217 217 214 210 206 205 205 207 215 220 218 217 218 218 215 211 207 202 201 201 203 206 209 210 211 212 209 205 201 199 199 203 206 206 206 207 207 209 214 216 215 213 212 210 206 201 198 200 199 199 199 198 197 200 204 204 206 205 204 206 208 210 214 220 220 219 215 210 204 201 199 201 202 203 206 210 214 217 217 217 214 212 209 206 205 208 212 217 218 217 213 207 202 200 200 204 204 204 206 207 208 207 206 205 204 204 206 209 212 215 216 217 217 217 217 216 216 216 217 215 215 212 208 206 200 198 200 206 206 206 206 207 205 203 201 200 200 200 199 200 200 199 199 201 201 201 201 202 202 203 203 203 203 204 204 204 205 206 206 208 209 211 213 215 216 218 218 217 218 219 219 219 218 217 217 217 218 218 218 218 218 218 217 216 216 217 216 214 213 203 188 173 161 160 181 206 215 216 218 216 219 218 219 215 209 188 155 121 114 134 174 198 210 216 214 199 178 141 97 85 108 138 163 171 172 169 164 167 179 192 199 213 216 217 217 216 217 218 218 218 218 217 216 217 218 208 189 158 138 135 152 172 190 200 196 201 200 196 194 194 194 191 186 194 199 199 195 192 190 186 181 174 169 167 172 177 179 179 178 186 193 199 199 197 192 183 176 184 185 178 176 183 180 173 171 173 184 192 198 206 206 204 205 204 194 189 190 189 191 198 204 203 199 195 193 191 189 190 194 197 198 198 198 200 204 208 208 204 193 190 194 196 192 190 186 177 169 162 156 149 146 143 139 153 161 173 182 184 184 188 194 205 204 206 210 211 210 213 219 219 217 214 210 207 204 202 201 198 200 206 211 213 213 215 217 222 223 224 224 225 225 224 223 224 224 225 225 225 225 224 224 226 226 224 224 223 221 219 216 212 210 209 210 212 215 220 224 225 226 226 225 225 226 226 224 225 220 216 217 216 213 210 209 207 208 209 211 217 221 219 214 210 209 208 211 217 221 222 221 215 211 210 213 214 212 209 208 207 206 208 213 217 216 210 205 199 195 199 204 205 215 221 214 210 208 205 203 201 199 197 196 191 196 195 193 196 200 203 206 202 201 202 204 204 202 201 202 198 198 199 204 210 214 213 211 216 216 215 213 212 212 212 211 
191 192 199 211 217 216 216 218 215 216 217 215 211 208 206 205 205 213 219 218 217 219 218 216 214 209 203 199 198 198 200 203 206 207 208 208 205 203 202 203 200 202 201 199 202 204 208 214 215 215 215 215 214 211 206 203 202 201 200 200 198 198 201 206 204 207 207 206 208 209 211 214 216 218 219 217 213 208 205 204 205 204 203 203 205 207 210 211 213 212 209 206 204 204 208 212 217 219 219 217 212 208 207 207 208 208 209 210 210 210 209 208 207 207 207 208 209 211 212 212 214 214 214 213 213 213 213 214 214 215 212 209 207 203 199 200 202 201 201 202 203 203 202 201 202 202 203 204 204 204 205 205 204 203 202 201 201 201 202 203 205 207 208 210 211 213 214 216 216 216 217 218 219 218 217 217 217 218 218 218 218 218 218 217 218 218 218 218 218 218 217 217 217 218 219 217 215 215 204 188 163 141 135 160 192 211 216 216 218 220 219 220 217 214 202 174 139 114 117 150 181 198 201 197 193 171 134 87 62 76 109 138 148 151 151 145 151 167 186 196 210 214 218 218 217 217 218 218 216 218 218 215 215 217 213 202 175 147 132 140 159 183 198 199 198 200 198 194 195 199 198 192 191 193 198 202 201 196 191 188 185 180 174 173 178 185 185 181 185 194 199 200 199 197 190 182 182 186 183 178 178 173 161 152 156 169 179 187 199 204 203 203 205 200 197 194 191 194 199 202 208 203 196 193 191 191 195 201 204 204 204 203 205 207 208 208 211 201 198 200 198 191 183 177 159 150 145 143 139 136 134 133 142 147 156 166 171 175 183 191 201 204 208 207 207 209 213 215 218 220 221 220 217 211 204 200 199 201 203 207 208 209 212 215 218 220 222 223 224 225 225 223 224 224 225 225 225 225 225 225 226 225 224 225 226 226 225 223 218 214 211 208 207 208 214 219 224 226 226 226 226 226 226 225 225 224 220 217 216 217 214 209 212 213 212 211 214 219 218 215 206 204 203 205 208 212 215 217 217 211 207 209 214 214 213 212 216 215 216 219 224 224 219 214 205 198 196 195 193 203 211 206 207 206 203 201 199 197 195 194 194 199 198 196 198 202 206 210 205 204 205 207 209 208 205 203 196 192 191 195 204 211 211 209 208 211 214 213 211 210 209 209 
191 191 195 207 216 217 216 216 214 216 216 216 213 210 207 206 204 209 215 217 217 217 217 217 214 209 203 198 196 195 198 201 201 202 203 203 202 201 201 201 200 201 198 197 200 204 209 214 213 214 216 217 217 214 210 206 200 199 198 197 196 196 200 204 209 211 211 210 211 210 210 212 214 216 219 218 215 210 207 205 205 203 202 203 204 205 207 210 212 211 210 208 207 209 213 216 219 220 220 218 215 211 210 210 210 211 212 213 213 213 212 211 212 212 210 209 209 210 209 208 209 209 208 209 208 207 207 209 207 209 207 206 206 203 201 203 204 203 203 203 204 205 205 205 203 204 205 205 205 205 206 206 204 204 203 204 205 207 208 210 212 213 214 215 215 215 216 217 216 217 218 219 219 218 216 215 217 217 217 217 218 218 218 218 217 217 218 218 218 218 217 217 217 218 219 218 217 217 208 195 165 137 123 142 176 202 216 218 219 220 219 220 218 217 211 191 160 123 105 117 143 168 174 175 173 155 133 98 74 81 104 127 136 140 140 138 145 165 189 204 211 215 218 218 218 218 218 218 216 217 218 216 214 216 215 209 191 162 136 133 146 170 193 203 198 199 199 198 196 194 197 200 198 192 191 197 201 200 196 195 186 188 188 185 186 192 194 192 188 193 198 201 201 199 193 187 175 180 182 177 168 162 154 146 149 161 173 184 196 204 206 205 206 205 203 197 192 194 197 195 206 205 202 200 200 202 204 206 205 204 200 201 204 205 204 207 210 207 202 192 185 182 173 160 154 146 144 149 149 140 136 141 139 139 142 149 157 164 176 184 195 203 207 205 204 208 211 210 217 220 222 222 219 214 208 203 199 198 197 197 198 200 205 210 213 216 219 221 223 225 226 225 224 224 225 225 225 226 226 226 225 225 224 224 225 225 225 225 224 221 216 211 206 204 209 215 223 225 226 226 226 227 226 225 224 225 223 218 216 218 216 211 212 212 210 208 209 213 215 214 207 205 204 204 207 210 215 219 224 218 212 211 213 216 215 213 215 214 214 215 218 220 219 216 211 203 196 190 188 198 208 209 206 205 204 202 201 201 200 198 197 200 198 194 193 193 194 196 199 200 202 204 206 205 201 195 190 187 185 189 197 204 208 208 209 212 216 217 215 212 211 212 
193 190 193 201 211 216 216 214 216 216 216 216 215 212 208 205 203 206 211 216 216 216 216 217 216 211 205 200 196 196 198 200 201 200 200 201 201 201 199 199 202 202 199 197 201 204 206 209 212 213 216 218 217 214 210 206 203 202 201 202 203 203 206 210 212 215 214 212 212 209 207 209 212 215 219 219 217 212 208 205 206 204 205 206 207 208 209 212 208 209 209 208 208 210 213 215 218 219 219 218 215 213 211 211 212 212 213 212 212 211 210 209 209 208 206 204 203 203 201 199 200 199 198 199 199 199 202 205 202 205 204 204 205 205 205 207 208 208 207 208 208 208 208 208 206 206 206 207 207 207 208 208 209 209 210 211 213 214 216 217 216 217 217 217 216 215 215 215 215 216 217 217 218 218 218 217 217 217 217 217 217 217 218 218 217 217 217 218 218 217 217 217 217 217 218 217 216 217 213 205 182 151 128 132 155 187 211 217 219 219 218 220 218 218 217 205 182 147 115 103 118 141 151 158 156 148 143 129 117 121 131 139 147 154 163 169 175 187 198 206 215 218 219 218 218 218 218 218 219 217 218 217 215 216 216 212 204 180 151 135 135 153 179 200 203 200 199 200 197 192 193 198 202 197 191 192 195 198 200 200 193 196 198 199 198 198 199 200 193 193 195 199 201 201 196 192 180 175 179 180 169 162 159 153 148 152 165 181 193 200 204 206 205 204 203 197 190 189 191 190 200 203 206 207 210 211 209 204 201 197 190 191 197 198 199 205 203 204 201 190 180 177 167 152 149 150 148 149 150 144 138 142 147 146 146 148 154 161 173 180 185 195 202 202 203 206 209 208 215 218 220 220 219 217 213 210 202 198 192 188 186 188 195 201 206 210 215 217 219 221 223 224 224 224 224 224 225 225 225 225 225 225 225 225 224 224 225 225 227 225 223 217 209 203 205 212 222 224 227 227 226 227 226 225 224 226 225 221 218 218 218 216 211 210 209 208 209 213 216 218 216 212 208 208 209 212 216 219 224 222 218 211 210 213 214 213 212 213 212 212 213 216 217 217 208 202 196 189 188 194 199 203 208 208 208 206 205 204 201 198 192 193 190 187 186 182 179 182 189 194 196 197 199 203 201 196 197 197 196 196 199 204 210 215 215 214 215 218 217 214 213 215 
197 192 191 195 207 215 217 215 218 216 216 217 217 214 208 203 204 204 209 215 218 215 215 218 217 212 206 200 197 196 197 200 201 201 202 204 207 209 207 206 206 205 201 199 202 202 202 203 208 211 214 217 217 215 210 207 203 203 204 206 208 208 211 214 213 216 215 213 212 208 206 207 209 213 219 221 220 216 213 211 210 209 210 212 212 210 210 211 209 210 211 212 212 213 215 215 216 216 216 216 215 214 213 212 213 212 212 210 207 205 203 202 200 200 197 194 192 192 191 188 193 191 190 192 193 195 199 204 206 209 208 207 207 207 207 210 205 206 207 208 209 209 210 210 211 211 212 212 213 214 215 215 217 217 217 216 216 215 214 213 214 215 217 217 217 217 218 218 218 218 218 218 217 217 217 217 217 217 217 217 217 216 216 216 216 217 217 217 217 217 217 217 219 217 218 217 216 218 217 212 198 166 135 127 140 171 201 213 218 217 217 219 217 217 221 211 193 170 140 116 120 137 140 145 143 142 150 151 155 168 175 176 187 191 199 203 208 211 215 218 219 220 220 218 217 218 219 218 221 217 217 219 217 217 217 214 210 194 166 140 130 139 165 192 207 202 199 199 200 199 196 194 196 199 200 196 194 196 199 201 204 198 195 196 196 193 194 198 198 194 192 195 200 202 200 198 193 179 184 192 183 171 164 154 142 139 153 173 185 191 200 204 203 201 200 196 188 186 188 189 195 199 202 202 205 209 206 200 192 184 175 176 185 186 188 198 198 199 202 199 189 180 167 154 148 162 160 151 155 159 156 153 154 155 154 155 157 163 171 175 175 186 197 201 203 205 208 209 209 214 220 223 223 221 216 211 208 201 192 184 180 182 189 196 200 205 210 213 215 217 220 221 225 225 225 225 225 225 225 225 224 225 226 226 226 225 227 228 226 226 225 220 209 201 202 208 221 224 227 227 227 227 226 225 226 226 226 224 221 218 218 221 216 214 212 212 214 216 219 221 221 215 208 206 207 208 210 212 216 219 217 209 206 210 214 214 210 212 213 212 212 214 216 216 217 214 208 200 197 195 194 198 210 211 210 208 205 202 197 192 185 185 184 185 186 182 180 183 190 196 198 196 198 205 208 206 202 204 204 201 197 199 206 213 216 212 210 212 213 211 210 213 
196 191 191 194 200 212 220 214 217 217 216 216 216 216 211 206 203 204 206 211 216 217 217 217 216 214 210 205 200 198 198 199 199 200 202 204 206 208 209 209 207 204 201 198 198 200 203 205 209 209 210 212 213 211 206 202 202 203 204 206 209 211 213 214 217 216 215 212 210 210 210 210 212 215 218 220 220 218 216 214 210 211 212 213 214 214 215 215 215 215 215 215 215 214 215 215 214 214 213 210 208 207 206 204 203 202 203 204 203 201 196 192 189 188 186 184 184 185 187 188 190 190 191 193 195 199 204 207 211 210 209 208 207 207 207 207 206 207 208 209 211 213 214 215 217 217 217 217 217 217 217 216 216 216 216 215 214 214 215 216 219 218 217 217 218 219 218 218 218 218 218 218 218 218 218 217 217 217 217 218 218 217 216 216 215 214 215 216 215 215 217 220 218 218 218 218 217 216 215 215 207 186 157 135 139 166 192 206 217 218 219 218 218 219 219 218 205 191 169 151 144 147 154 160 166 173 181 188 193 200 205 208 213 215 217 218 218 219 220 220 218 218 218 218 218 218 218 218 219 218 218 217 217 216 215 213 215 205 187 152 133 133 146 174 199 208 203 198 197 196 198 196 195 193 197 199 195 196 199 198 202 202 200 197 195 192 190 189 195 191 189 192 198 201 202 201 192 186 180 180 184 181 170 160 155 154 159 165 175 186 191 202 198 201 199 197 188 184 186 182 184 187 192 195 196 199 197 190 181 176 169 166 173 185 194 197 204 204 207 208 201 192 180 170 161 162 171 170 173 169 168 161 166 163 161 159 158 163 167 167 173 179 189 197 201 203 205 209 210 210 212 216 218 218 215 213 209 200 195 186 178 179 182 188 195 203 207 207 211 216 218 220 222 224 224 223 223 225 225 224 225 226 223 223 227 226 223 228 226 226 224 220 213 202 200 206 217 224 225 224 226 227 226 226 225 226 227 226 224 221 219 217 221 212 209 213 215 213 213 218 221 215 207 202 200 200 201 202 207 211 215 214 208 206 210 217 215 214 213 214 214 214 218 222 221 215 209 203 192 183 185 190 199 205 210 200 200 205 198 195 196 195 192 192 191 189 187 185 189 194 198 198 200 205 208 208 207 204 199 194 192 195 201 205 210 214 213 209 211 216 215 209 
204 196 191 191 196 208 218 217 217 217 216 216 217 216 213 209 204 203 205 209 215 216 217 217 217 216 213 208 203 201 200 200 201 202 204 205 208 211 213 214 216 212 208 203 200 200 201 202 203 204 206 208 210 209 207 204 204 205 208 211 214 216 218 218 217 216 213 212 211 211 211 212 215 217 219 221 221 220 218 217 214 214 215 216 216 216 216 216 214 213 213 212 211 210 208 207 207 207 206 202 200 198 196 194 193 193 194 195 196 195 192 190 188 187 187 187 187 189 191 192 193 194 195 197 199 202 206 208 209 209 209 210 210 211 211 211 213 214 215 216 217 218 219 219 218 218 218 218 217 217 216 216 215 216 217 217 217 217 217 218 220 219 218 218 219 219 219 219 218 218 218 218 218 218 218 218 219 218 218 218 217 216 215 214 214 214 215 216 217 216 218 220 218 218 218 218 218 217 216 215 213 200 178 159 155 169 187 201 212 215 217 218 218 218 218 216 215 206 192 183 181 185 191 196 203 207 211 213 215 217 219 219 216 217 218 218 218 218 218 219 219 219 219 219 219 219 219 218 218 218 218 218 218 217 215 214 214 211 202 175 148 131 131 150 181 200 203 199 197 194 195 194 196 194 193 193 192 193 196 196 199 200 201 200 197 194 192 191 199 196 194 193 195 198 200 200 196 188 181 181 187 188 182 175 174 162 157 158 166 178 186 195 198 194 188 187 180 174 176 174 170 173 179 185 191 198 199 194 181 176 171 172 178 187 192 193 194 195 199 202 198 193 187 180 168 170 175 173 172 172 175 173 173 171 167 164 162 160 159 159 160 162 172 188 199 205 208 210 206 207 208 211 215 216 216 214 206 200 196 184 177 182 186 190 195 202 204 205 208 211 213 216 222 225 226 225 223 224 225 225 225 225 223 224 227 226 226 228 226 226 223 219 211 201 200 207 217 223 225 224 225 225 225 226 226 226 226 226 225 222 220 218 220 216 212 210 209 209 210 211 215 213 209 204 202 204 206 206 213 217 221 221 216 213 214 218 214 213 213 213 212 210 210 211 214 216 209 202 196 185 180 187 196 204 212 209 209 211 203 203 202 200 195 191 188 185 182 180 180 183 188 193 196 198 200 202 205 204 202 201 201 202 203 204 210 214 216 213 213 216 216 213 
210 200 192 189 193 203 214 218 217 217 216 216 217 217 215 212 206 204 204 207 213 216 217 217 218 217 215 212 207 204 202 200 201 202 204 205 209 213 216 218 215 212 208 203 200 198 198 199 199 201 204 207 208 208 207 206 205 207 211 215 218 220 221 221 219 217 215 214 214 215 215 215 215 216 217 218 219 218 216 215 216 216 216 216 215 215 214 213 210 208 206 205 204 202 199 197 196 196 195 192 190 189 188 186 187 188 191 194 197 197 195 193 190 191 192 193 195 197 199 200 202 203 204 205 207 209 212 213 214 214 214 215 216 217 218 218 218 218 218 219 219 219 220 220 219 219 219 219 218 217 216 216 214 215 217 218 218 218 218 218 216 217 217 217 217 217 217 218 219 219 219 218 218 218 218 219 216 215 214 213 213 212 210 209 210 210 211 214 216 216 216 217 218 218 218 219 218 218 217 217 218 209 195 180 170 172 187 202 209 213 217 218 219 220 219 218 219 215 210 207 208 211 213 215 218 220 221 220 221 222 222 220 219 219 219 218 217 217 217 218 219 219 219 218 218 218 217 217 218 218 218 218 218 218 216 215 216 215 213 192 163 137 125 134 155 183 195 198 198 192 191 194 197 196 191 189 190 192 193 196 194 197 201 201 198 194 192 191 198 199 197 193 192 195 200 202 201 195 188 188 192 193 188 183 178 162 158 158 161 172 180 186 186 178 171 173 170 166 169 169 164 166 173 182 191 203 206 202 194 185 177 175 178 182 185 186 184 187 193 198 198 197 194 190 177 172 169 171 171 179 180 178 180 178 172 164 160 150 144 146 149 150 159 180 196 204 205 203 204 206 207 207 210 215 216 214 208 205 201 187 179 185 189 191 199 205 207 207 208 208 209 213 219 223 226 225 223 223 224 225 225 221 220 222 223 224 226 225 223 223 220 215 208 199 198 206 217 224 227 225 225 225 225 227 227 226 226 226 226 224 221 219 217 218 215 209 207 211 213 212 217 219 218 212 207 206 206 205 211 213 217 218 216 210 208 207 211 212 211 210 209 210 208 207 208 219 215 208 207 195 186 192 192 201 212 215 216 214 208 210 200 198 194 190 188 188 187 187 186 187 191 198 202 201 201 204 207 207 207 208 208 206 204 202 206 211 215 215 212 212 214 215 
212 202 194 191 192 199 210 218 217 217 217 216 217 218 217 215 208 205 203 204 211 215 216 218 217 217 216 214 210 207 203 201 199 200 202 204 208 212 216 219 217 215 211 207 204 203 203 203 201 203 206 207 207 207 207 208 207 209 213 217 219 220 219 219 220 218 216 216 218 218 217 215 214 214 214 215 215 214 212 211 211 211 210 210 209 208 206 205 202 200 197 195 195 193 191 189 189 190 191 190 189 190 190 188 189 192 196 201 204 205 202 200 200 200 202 204 206 208 210 211 211 212 213 214 215 217 218 219 220 219 219 219 219 219 219 219 218 218 218 218 218 218 218 218 220 220 219 219 218 218 217 216 215 216 217 217 218 217 217 217 218 218 219 219 219 219 219 220 220 219 218 218 217 215 215 217 213 213 211 210 209 208 207 204 204 204 206 211 215 217 217 215 218 218 218 219 218 218 218 218 219 213 206 197 184 178 187 201 206 211 216 219 219 220 220 220 220 219 219 219 219 220 219 218 217 218 217 217 219 221 221 219 219 219 218 217 217 217 218 218 218 218 218 218 217 217 216 216 218 218 218 218 218 218 217 216 216 217 216 203 180 154 134 128 137 163 180 192 198 190 188 191 193 197 193 188 188 188 189 195 191 192 196 198 198 195 191 190 191 195 196 192 190 194 200 204 203 200 198 196 195 191 185 181 177 167 166 157 147 155 164 167 172 167 162 167 170 170 176 176 173 173 178 186 195 204 207 202 197 187 178 177 180 183 186 188 186 187 193 202 204 205 202 197 190 182 171 171 168 176 173 171 169 169 161 156 156 149 145 153 160 165 175 188 200 207 206 203 203 205 205 205 208 212 214 212 212 207 203 190 181 186 188 191 206 211 214 215 214 210 209 213 215 220 224 225 224 225 225 226 225 217 216 218 217 221 225 223 220 221 217 211 204 197 197 204 214 223 227 226 225 225 225 227 227 226 225 226 226 226 223 220 215 218 217 212 209 213 215 214 216 218 220 216 208 202 200 200 202 205 209 213 215 211 206 202 213 214 213 210 210 212 212 212 216 224 224 216 209 196 184 182 181 193 204 209 211 209 205 206 201 199 197 195 194 195 196 197 197 196 198 201 203 203 204 206 213 212 211 208 204 199 195 193 199 202 207 210 208 206 208 212 
215 208 198 193 192 196 205 216 216 217 217 215 215 216 216 215 210 207 203 204 207 213 216 218 217 217 217 216 213 210 205 203 199 200 201 203 207 211 215 218 222 220 216 213 209 207 206 205 206 208 209 210 209 209 210 211 211 213 215 217 218 218 217 216 217 216 215 216 216 216 213 211 212 211 211 210 210 209 208 207 201 200 200 200 201 201 201 200 197 195 191 190 191 191 191 190 192 194 195 195 197 199 199 199 197 199 202 206 209 210 209 208 211 212 213 215 216 217 218 218 218 218 219 220 221 221 222 222 221 221 221 220 219 218 217 217 217 217 217 218 218 218 218 218 219 219 219 219 219 218 218 217 217 217 217 217 217 218 218 218 218 219 219 219 218 217 217 217 216 214 212 210 207 204 204 207 207 208 208 205 204 203 201 198 198 199 203 208 214 218 219 217 217 218 218 218 218 218 218 218 218 216 215 211 199 186 183 188 199 207 216 218 218 218 219 220 219 219 220 220 221 221 221 220 221 220 219 219 220 222 222 220 219 219 218 217 217 217 217 217 218 219 219 218 218 217 217 216 218 217 218 218 219 219 218 217 215 218 217 211 198 178 152 127 127 142 156 181 196 189 183 185 187 196 197 191 187 182 182 188 187 186 188 194 198 197 194 192 187 193 196 193 191 193 200 204 203 203 202 196 189 182 179 178 172 167 165 148 134 146 159 163 171 172 171 175 179 183 190 188 186 184 186 190 195 200 200 195 196 189 183 182 183 182 181 181 181 179 184 191 198 202 201 195 183 178 168 165 155 162 165 170 170 173 168 165 169 165 163 172 177 186 194 195 198 203 206 205 203 204 205 205 208 212 215 214 213 204 200 192 182 182 183 189 205 212 218 221 220 215 211 212 214 217 221 223 225 226 225 224 221 210 207 209 210 216 221 219 216 217 214 208 201 195 195 201 210 219 225 225 225 225 224 225 227 226 225 226 227 227 224 222 218 217 217 215 212 210 209 211 208 208 212 214 209 200 198 201 202 205 210 216 221 221 217 212 213 215 216 215 212 212 213 214 213 214 220 217 203 193 186 174 176 192 202 207 211 212 210 206 210 208 205 202 199 196 196 196 196 196 194 192 193 197 200 200 202 204 205 204 202 199 199 199 201 201 205 210 212 211 212 216 
217 214 203 195 191 193 201 213 216 217 217 216 215 216 216 215 214 208 205 204 206 211 215 219 218 218 218 218 216 214 210 207 203 204 204 205 208 212 216 218 221 220 218 215 213 211 209 208 212 213 214 214 213 214 215 216 215 215 215 215 214 213 213 212 213 213 213 213 213 211 209 206 204 203 202 202 203 203 202 201 195 194 194 195 198 200 202 202 199 197 195 194 195 197 198 198 200 202 203 203 205 207 207 207 209 209 209 210 212 214 216 217 217 218 219 219 220 220 221 221 220 220 220 221 221 221 221 221 221 221 220 219 218 217 217 216 217 217 217 217 218 218 218 218 218 218 218 219 219 218 218 218 218 217 217 217 217 218 218 218 218 217 216 214 213 211 208 206 203 198 193 190 186 184 187 191 194 198 200 198 195 194 192 189 190 193 197 203 210 216 218 218 217 217 217 217 218 218 218 218 219 217 216 213 203 189 177 170 182 196 211 219 219 218 219 220 218 218 218 218 218 219 219 219 219 219 219 218 219 221 221 219 220 220 219 218 218 217 217 216 218 218 218 218 218 217 216 216 217 217 217 218 219 219 218 217 216 218 216 214 209 199 176 146 126 127 134 164 187 189 186 183 185 195 200 196 189 182 180 181 179 176 178 187 195 198 197 196 194 197 199 198 195 195 198 202 207 208 204 194 181 173 173 175 169 167 164 149 143 157 168 171 182 185 186 189 191 195 200 196 192 188 189 193 196 201 203 199 199 192 184 179 177 175 174 174 176 172 174 180 189 196 199 195 183 173 162 156 151 158 165 170 179 185 186 185 186 184 182 186 188 198 202 197 193 197 204 206 204 204 205 207 211 215 219 221 219 207 203 195 183 178 177 183 200 209 217 222 223 218 211 210 211 215 219 222 225 226 224 222 213 204 197 198 202 209 213 214 210 212 211 204 199 192 190 195 207 217 223 224 226 226 225 226 226 226 225 226 227 227 225 224 221 217 216 217 215 210 209 211 210 209 213 218 217 211 207 208 208 210 213 218 222 223 221 216 207 209 212 214 213 211 211 212 208 205 215 218 204 199 195 180 175 192 201 208 216 218 218 211 210 208 205 201 198 196 196 196 199 199 196 191 192 198 203 203 199 202 205 207 208 207 208 209 202 200 201 208 213 214 215 218 
212 214 207 197 192 191 196 207 214 216 217 216 215 216 216 216 216 212 207 205 206 209 214 219 219 219 219 219 218 217 213 211 209 209 209 209 211 214 217 219 220 220 219 219 218 217 216 216 215 215 214 213 213 213 214 215 213 211 209 207 206 206 206 207 208 207 207 206 205 204 202 202 195 194 195 197 199 201 201 200 197 196 195 197 200 204 206 207 203 203 203 203 204 206 207 207 208 209 210 210 211 213 214 213 219 219 218 218 218 219 221 222 220 220 221 221 221 221 222 222 222 221 220 220 221 221 221 220 221 221 221 220 219 218 218 217 216 216 217 217 217 217 218 218 217 218 218 218 218 218 218 217 217 216 215 215 214 213 212 210 210 207 203 199 196 191 186 182 178 171 164 159 157 159 167 175 180 188 193 193 192 191 189 187 186 189 193 198 205 212 217 217 217 217 217 217 217 217 217 217 217 217 215 210 202 187 168 152 153 174 201 217 219 219 219 220 221 221 220 220 219 219 219 220 219 220 220 219 220 221 222 221 220 219 219 219 219 219 218 217 217 217 217 218 217 217 216 216 217 217 217 218 218 218 217 216 217 217 213 214 213 210 204 181 147 133 126 147 170 184 190 182 183 190 199 199 194 189 183 175 172 170 173 184 194 199 199 200 201 200 200 201 199 196 198 201 209 210 208 198 185 175 172 171 178 176 175 165 161 168 171 175 192 193 194 200 201 200 204 200 195 191 191 193 196 202 205 204 197 191 183 176 174 177 181 183 183 179 180 185 192 200 205 204 202 184 171 162 164 167 171 170 172 181 189 193 195 198 199 199 202 206 208 204 200 199 202 205 201 199 199 203 208 212 217 223 223 212 209 198 184 180 177 179 194 204 212 216 218 214 206 201 202 207 214 218 220 221 221 219 212 204 195 194 201 205 206 208 208 212 211 207 200 192 189 193 204 213 218 220 223 225 225 226 226 226 226 226 226 226 226 226 224 219 215 216 217 215 213 214 215 215 217 219 222 220 215 210 207 208 209 210 214 216 216 214 207 205 207 213 216 213 210 211 216 212 218 219 209 200 191 178 172 183 186 197 207 210 214 210 204 203 201 199 198 199 202 205 208 207 204 200 198 200 204 206 209 209 208 208 207 206 204 202 195 192 193 199 205 209 212 213 
205 211 208 199 194 190 193 201 213 215 216 216 215 216 217 216 217 213 208 206 205 208 214 219 220 219 219 219 219 218 215 213 213 213 213 212 214 216 218 219 217 217 217 216 216 215 214 213 214 212 210 209 208 208 208 208 207 205 202 199 197 198 200 201 202 201 200 199 197 196 197 197 194 194 195 199 203 206 206 206 204 202 200 201 204 208 210 211 207 208 210 211 212 212 213 214 215 217 218 218 219 220 221 220 219 220 221 221 221 221 220 220 220 220 221 221 221 222 222 222 223 222 221 221 221 222 221 220 221 221 221 220 219 218 217 216 217 217 217 217 218 218 218 218 218 218 218 218 218 217 217 217 216 215 214 212 210 207 204 201 190 185 179 175 170 164 157 152 151 143 135 131 131 137 149 161 177 187 196 198 197 198 197 196 185 188 191 197 204 212 217 219 216 216 216 216 216 216 217 217 214 218 220 215 206 187 157 131 127 154 189 211 218 218 218 219 218 218 218 219 218 218 219 219 220 221 221 220 219 220 220 219 218 218 218 219 221 221 220 219 218 218 219 219 219 219 218 217 217 217 217 218 218 218 217 216 216 216 215 218 216 214 216 202 176 150 129 136 153 175 187 178 181 184 193 198 196 194 186 172 171 170 176 186 196 201 202 204 202 197 196 198 198 196 196 200 201 207 211 206 196 184 176 172 180 180 180 172 170 173 178 189 197 195 196 205 207 204 207 205 199 194 191 191 192 197 200 201 199 197 191 184 180 182 185 185 185 184 186 189 193 199 204 204 196 183 176 168 171 172 179 180 175 184 195 199 201 206 209 206 211 209 209 210 206 199 196 197 195 192 191 196 200 204 210 218 219 212 209 197 185 184 182 182 188 199 206 209 211 207 197 190 192 199 208 213 215 217 218 218 217 211 199 197 205 206 204 206 212 216 216 212 205 197 193 197 200 208 212 214 219 222 223 224 225 225 226 226 226 226 226 227 227 221 215 214 216 217 215 213 211 213 213 212 217 220 214 203 201 202 203 205 209 215 218 218 217 211 209 216 219 216 212 213 214 213 214 214 210 197 183 175 176 180 177 188 200 203 211 212 208 206 204 201 200 202 207 210 211 207 204 202 197 193 195 199 202 198 196 197 201 203 203 201 197 194 194 200 207 213 216 217 
196 203 205 202 195 191 193 193 208 216 219 215 214 217 217 214 217 215 211 207 204 205 212 217 220 220 219 218 218 217 217 217 217 216 216 216 217 217 216 215 214 214 214 214 214 213 211 209 207 206 204 203 202 201 200 200 200 198 195 192 191 192 195 196 198 199 200 201 201 202 202 203 198 199 201 203 205 207 208 209 206 207 208 209 210 212 213 214 217 218 218 218 219 219 219 219 221 221 221 221 221 221 221 221 220 220 221 220 219 219 220 221 222 222 221 221 222 223 222 222 223 222 221 221 221 221 221 221 222 220 219 221 221 219 218 218 215 215 217 219 219 219 217 215 215 215 214 213 213 214 214 216 212 212 212 209 209 206 197 188 176 164 151 144 140 133 128 126 119 121 122 121 123 135 154 168 189 195 202 205 200 195 193 194 193 181 188 197 199 207 214 220 216 216 214 214 217 217 215 216 219 215 217 221 211 193 165 123 116 132 175 204 213 217 218 218 218 219 220 220 219 219 220 221 221 220 220 220 220 220 218 217 216 217 218 219 220 220 220 219 219 219 220 220 219 219 218 218 217 217 217 217 218 218 218 218 217 217 216 216 216 215 214 213 193 165 133 129 135 148 172 179 179 178 192 197 198 199 189 186 176 171 179 187 187 199 211 209 202 198 197 197 198 201 204 203 202 203 203 203 202 197 187 177 183 183 180 182 186 186 187 197 201 197 195 200 205 206 205 203 203 197 188 185 188 190 193 199 200 196 192 192 191 188 187 189 187 189 184 178 184 190 193 197 191 180 173 174 179 181 187 194 191 190 197 204 203 207 212 211 209 208 208 209 208 202 194 188 191 191 183 182 193 199 203 213 218 213 207 196 188 178 185 182 189 200 204 200 196 194 190 186 188 192 200 208 213 215 216 217 213 212 207 201 203 209 210 207 211 215 215 216 210 202 203 203 204 205 206 207 210 215 219 220 222 223 225 224 225 226 227 226 226 221 214 211 214 218 219 217 215 211 208 210 215 216 215 214 209 209 208 209 211 214 218 223 223 217 210 208 212 215 215 212 213 213 211 208 207 205 194 183 182 180 179 186 200 208 212 214 213 212 209 206 205 203 201 204 206 205 201 196 191 188 190 193 198 194 188 185 191 200 204 204 204 206 204 204 209 213 217 222 
174 191 204 205 198 190 189 190 204 212 219 216 215 217 217 215 218 216 212 209 205 204 209 212 218 218 218 217 216 215 214 214 212 211 211 212 213 214 214 214 212 212 211 211 210 208 205 203 201 199 197 196 195 195 196 197 199 197 195 194 195 197 199 201 205 205 205 205 205 206 207 207 205 206 208 209 211 213 214 214 215 215 215 216 217 218 219 220 221 221 221 221 222 222 222 222 221 221 221 221 220 220 220 220 220 221 221 221 220 221 221 222 223 222 221 222 222 223 223 222 223 222 221 221 222 222 222 221 223 222 221 221 221 219 216 214 217 215 214 213 213 213 211 211 209 209 210 211 211 209 209 208 208 208 206 203 202 198 188 177 160 146 132 125 125 126 128 131 139 147 157 166 170 177 185 192 201 204 209 211 209 205 199 196 191 177 178 184 193 207 213 216 217 218 216 216 217 216 215 216 219 217 218 221 215 204 182 143 116 119 151 185 206 217 218 215 218 219 219 219 219 219 220 220 221 220 220 220 220 220 218 217 216 217 218 219 220 220 220 219 219 219 219 219 219 218 218 217 217 217 217 217 217 218 218 218 218 218 217 217 217 216 215 214 207 181 149 129 121 128 157 177 173 179 188 190 193 197 192 189 185 179 182 186 187 195 205 204 206 202 199 198 198 201 202 198 196 198 201 202 202 197 187 179 181 184 184 184 187 193 196 199 197 196 195 195 197 200 200 198 199 193 187 185 186 184 191 205 205 202 198 194 190 186 184 184 186 185 186 185 183 189 193 190 194 189 183 178 177 179 184 187 185 183 188 196 200 203 206 208 206 206 206 204 205 203 193 183 184 182 173 168 176 187 198 209 215 213 207 200 190 182 187 186 189 197 200 196 195 191 186 183 188 192 198 203 205 207 211 216 211 213 213 211 209 208 209 210 214 216 213 214 211 207 211 212 211 206 202 201 202 205 211 216 217 219 221 221 222 223 223 222 222 219 213 208 209 214 217 216 215 213 212 215 217 220 221 222 213 210 207 207 210 212 216 219 217 215 211 207 209 214 216 214 213 213 213 212 213 211 203 194 182 183 184 188 192 194 200 209 215 214 208 204 204 203 201 202 203 202 201 198 195 194 197 199 201 200 195 190 190 194 202 207 206 205 200 197 202 207 212 218 
125 160 193 206 205 195 188 191 198 208 217 217 216 216 216 216 217 217 214 211 207 204 206 208 214 214 215 215 214 214 213 213 213 212 211 211 211 211 211 210 209 208 208 207 206 204 201 199 196 195 193 193 194 197 200 202 203 202 201 200 201 202 204 205 211 211 210 210 210 211 213 213 214 215 216 217 218 219 219 219 220 220 220 220 221 221 222 222 222 222 222 222 222 222 222 222 222 222 222 222 221 221 221 221 220 220 220 219 219 219 219 220 220 220 220 220 221 221 222 222 223 222 221 221 221 221 221 220 219 219 218 218 218 216 212 209 208 206 204 200 197 196 194 193 196 198 202 203 205 204 202 201 200 200 198 198 198 195 185 175 163 154 146 145 153 162 171 178 181 187 196 202 205 208 211 213 212 214 216 216 216 214 206 198 192 175 165 165 179 197 209 216 215 218 217 216 217 216 215 216 216 216 216 218 216 212 196 164 124 114 133 167 197 214 217 217 218 219 219 219 218 218 219 219 221 220 220 219 219 219 218 217 217 217 218 219 219 219 219 219 218 218 218 218 218 217 217 217 216 217 217 217 217 218 218 218 219 218 218 218 218 217 216 215 209 194 170 139 118 114 131 157 168 178 179 183 192 196 195 193 189 184 183 186 189 191 194 195 196 192 189 189 190 195 198 194 190 193 197 200 200 196 188 180 179 181 180 176 179 192 202 202 198 199 195 189 189 197 202 201 204 203 198 193 189 187 191 200 202 202 200 195 190 187 186 184 184 181 188 191 184 191 199 192 193 187 176 168 171 180 183 181 184 182 182 191 199 201 202 206 206 208 207 205 208 210 201 189 179 173 165 161 168 182 195 202 210 212 206 205 193 185 187 189 187 192 193 193 193 188 183 180 181 184 188 191 193 197 203 209 214 215 217 218 215 211 210 213 216 216 211 212 211 212 219 222 220 211 203 201 199 199 205 213 212 215 217 218 219 220 220 218 214 213 211 207 208 213 219 221 215 214 214 213 212 211 214 218 218 210 201 197 198 202 207 211 215 216 214 209 208 212 215 215 214 213 212 214 216 214 207 202 193 188 183 181 179 178 188 204 206 209 207 203 204 205 203 202 205 206 206 204 202 198 196 195 199 195 187 181 178 182 195 205 209 207 201 197 200 203 207 213 
99 142 187 207 210 201 190 193 194 204 215 218 217 215 215 215 216 216 217 214 210 206 205 206 210 210 211 211 210 210 209 208 207 206 205 203 203 203 203 203 206 206 206 206 205 204 203 202 198 198 197 197 199 202 204 206 207 207 207 207 208 209 210 210 214 214 214 214 215 217 218 218 219 219 220 220 221 221 221 221 221 221 221 221 221 221 221 221 222 222 222 221 221 220 220 220 222 222 222 222 221 221 221 221 222 222 222 221 221 220 220 220 222 221 221 222 223 223 223 222 222 221 220 219 219 219 218 217 217 216 214 209 206 203 196 191 186 184 181 178 174 173 171 171 170 177 186 191 195 197 198 198 200 201 203 203 205 203 199 194 190 187 185 190 196 202 207 210 212 213 215 214 214 213 216 218 215 217 217 216 217 216 209 200 192 173 153 142 155 179 198 216 214 216 215 214 216 217 216 217 214 215 214 215 214 216 206 181 147 127 131 160 188 207 213 219 218 218 219 218 218 218 218 219 219 219 219 218 218 217 216 216 217 217 217 218 218 219 219 219 218 218 218 218 217 217 217 217 216 216 216 217 217 217 218 218 219 218 218 218 218 218 217 216 218 208 190 157 128 110 106 126 162 173 169 180 196 194 194 193 188 184 176 175 180 180 181 186 183 178 177 178 184 193 198 195 191 191 193 197 200 198 191 184 174 170 171 170 169 179 194 199 200 200 196 191 191 197 202 203 203 208 201 185 180 183 185 185 197 202 203 198 193 191 188 185 191 188 190 189 181 184 189 185 189 185 175 168 171 180 184 182 187 188 186 189 197 201 202 207 208 210 209 207 210 212 206 197 183 176 168 164 160 165 179 190 205 211 206 207 194 187 184 188 187 191 194 195 196 192 187 186 182 182 183 186 188 192 198 202 216 214 214 214 214 213 211 211 217 215 209 209 211 214 223 226 225 217 210 206 203 202 206 212 212 213 214 214 214 215 214 212 208 208 209 211 211 212 217 223 217 214 211 208 204 202 204 206 209 202 194 190 192 200 209 216 221 223 223 218 213 212 215 218 215 212 211 212 212 210 206 203 203 191 178 176 176 175 184 200 201 211 215 212 211 210 208 207 208 207 205 202 198 193 191 190 193 186 178 174 173 177 188 197 206 208 207 205 206 206 207 210 
103 140 186 206 209 205 193 193 191 199 210 217 218 215 215 217 216 216 217 215 211 207 205 204 207 207 207 206 205 204 202 202 202 202 202 202 202 204 205 206 207 207 208 208 208 208 207 207 206 206 206 206 206 207 208 208 211 211 213 214 216 217 218 219 218 218 220 221 221 222 222 222 221 221 221 221 221 221 221 220 221 221 221 221 221 221 222 222 223 223 223 222 221 221 221 220 220 220 220 220 221 221 221 221 221 221 221 221 220 220 220 219 221 221 220 221 221 220 219 218 220 219 217 217 216 215 213 212 207 204 197 189 181 175 169 165 162 160 156 150 144 141 139 140 155 168 183 193 197 199 201 202 204 206 208 208 208 208 208 207 208 208 209 213 216 215 214 211 216 216 216 215 214 214 214 214 214 216 215 214 215 216 212 205 187 171 140 109 117 154 186 207 214 216 214 213 216 218 216 216 214 217 215 216 216 217 213 194 172 149 143 161 185 204 210 219 217 217 218 218 217 217 218 218 219 219 219 218 217 217 216 216 217 217 217 217 218 218 218 219 218 218 218 218 217 217 217 217 217 217 216 216 217 217 218 218 218 218 217 218 218 218 217 216 220 214 203 174 143 118 104 113 148 167 170 176 189 191 194 193 190 183 168 160 164 165 168 176 176 170 167 171 179 191 200 201 195 191 190 194 199 200 196 191 179 171 175 181 177 176 188 199 199 198 196 196 196 195 195 195 196 202 195 177 170 174 181 185 197 204 207 202 196 192 187 181 183 186 184 181 180 180 181 184 185 187 186 179 171 169 174 180 184 190 189 186 192 197 200 204 207 206 206 205 204 203 201 198 185 178 172 164 153 150 168 188 196 208 206 208 197 189 183 186 187 193 197 200 201 197 194 196 190 189 188 186 184 185 192 199 209 211 211 209 209 210 209 206 213 212 207 208 211 216 224 226 226 222 216 210 208 210 214 216 216 215 213 210 208 208 206 204 208 207 211 217 217 211 210 215 217 213 207 204 201 197 194 194 194 193 191 190 189 194 204 212 218 220 221 220 212 206 207 213 217 213 211 211 210 209 208 207 204 194 182 180 181 178 181 192 199 212 219 214 208 203 202 203 204 202 198 193 191 191 195 198 195 191 187 185 182 180 184 190 200 206 210 210 209 205 204 207 
83 118 171 198 207 209 197 190 190 194 204 213 218 216 216 218 216 217 217 215 210 207 205 204 203 203 203 203 203 204 204 204 207 207 208 208 208 209 211 212 209 210 210 210 210 210 210 211 210 211 212 213 214 215 215 215 217 217 218 219 220 221 221 222 220 221 222 223 223 222 221 220 221 221 221 221 221 221 221 221 221 221 221 221 221 221 222 222 223 222 222 222 221 221 221 221 221 221 221 221 222 222 222 222 221 220 220 220 220 220 219 218 219 219 217 217 217 217 215 214 216 215 213 212 211 210 208 207 203 195 183 170 156 146 141 139 132 132 131 129 128 130 135 139 159 174 190 199 203 205 206 206 205 206 208 210 210 211 213 215 214 214 215 216 217 218 217 217 214 215 216 216 216 216 215 215 213 215 216 215 215 216 215 212 195 178 134 81 73 120 169 195 212 216 215 214 217 218 216 215 214 217 215 217 217 218 216 205 194 172 161 168 188 204 209 216 216 216 217 217 217 217 217 218 219 219 219 218 217 217 217 218 217 217 216 216 217 217 218 218 219 218 218 217 217 217 217 217 217 217 216 216 216 217 217 218 217 217 217 217 218 218 217 216 214 214 212 192 164 132 111 107 129 161 177 175 179 187 195 196 191 186 173 163 163 164 163 168 163 155 154 160 169 181 193 199 196 190 186 189 195 198 197 195 190 181 180 185 181 176 184 198 203 199 196 195 193 191 192 194 193 197 197 188 178 170 175 189 196 203 208 205 200 195 188 182 174 180 179 180 185 186 185 191 192 190 187 180 171 165 170 178 177 183 184 182 184 189 196 199 200 201 202 203 201 200 201 203 196 185 176 171 164 158 164 177 185 202 204 206 201 192 185 185 184 189 192 196 197 195 194 197 188 190 190 184 177 177 188 201 204 213 218 213 209 209 209 207 210 211 207 210 214 218 226 226 228 225 220 214 213 218 223 224 222 220 216 210 207 205 203 200 207 209 215 223 223 216 210 207 212 207 203 200 195 187 176 169 171 173 174 172 170 175 188 200 210 213 217 218 213 206 206 209 217 215 214 213 213 213 214 214 209 203 191 182 176 171 174 181 194 204 209 205 199 195 194 197 197 199 200 199 198 197 200 203 201 200 196 189 181 177 181 188 198 205 209 208 205 199 196 198 
57 88 150 186 203 213 201 191 190 189 196 209 215 214 213 215 214 214 213 212 209 207 207 206 203 203 204 204 206 207 208 209 209 209 210 210 209 209 210 211 211 212 213 213 212 213 214 214 214 215 217 219 220 221 221 221 222 222 222 222 221 221 221 220 221 221 222 222 221 221 220 220 221 221 221 222 222 222 222 221 221 221 221 221 221 221 221 222 221 221 221 221 221 221 221 221 222 222 222 221 221 221 221 221 222 221 219 218 217 215 213 211 210 211 211 212 213 214 214 213 209 208 207 206 206 205 203 202 192 181 166 152 135 122 119 122 128 133 140 148 155 163 172 178 179 190 200 204 206 208 209 208 214 213 213 214 216 218 219 219 217 218 217 216 215 215 215 216 217 217 216 215 215 215 216 216 214 215 216 216 217 217 216 215 207 191 154 93 56 85 140 182 203 212 216 216 217 217 216 216 214 216 214 216 216 215 217 212 205 192 182 177 185 197 203 212 215 215 216 216 216 216 217 218 218 218 218 217 217 216 217 218 217 217 216 216 216 217 218 218 218 218 218 217 217 217 217 217 218 217 217 216 216 216 217 217 217 217 217 217 218 218 217 216 218 219 218 210 184 148 120 100 114 145 176 180 178 184 191 195 191 190 182 173 172 172 170 170 158 149 147 155 162 172 185 193 198 193 188 188 192 195 196 197 194 187 178 174 174 172 177 186 200 199 197 193 191 192 196 199 194 195 194 190 180 166 167 178 189 196 202 204 202 199 194 190 183 183 184 185 185 184 184 184 196 191 185 182 180 177 178 181 177 177 180 182 181 184 192 198 197 201 204 204 203 204 206 207 209 201 187 178 174 164 154 154 172 192 200 200 202 194 189 185 183 186 187 188 190 191 191 193 189 193 195 191 184 184 195 206 211 218 224 222 217 213 212 212 211 214 212 214 218 221 227 226 227 223 219 216 216 219 223 227 225 222 218 214 211 209 206 202 204 211 218 222 225 223 211 198 198 196 196 196 190 175 156 143 140 146 154 159 161 168 184 196 208 214 221 222 221 219 216 214 215 216 216 214 213 215 215 214 214 211 198 181 172 170 172 175 189 194 197 198 198 196 194 195 192 197 202 204 201 196 195 196 197 196 192 184 178 177 180 183 193 199 203 204 204 200 197 197 
60 85 146 182 196 213 203 192 191 187 192 204 212 210 208 210 210 210 210 208 208 208 208 209 211 211 210 209 209 209 210 211 209 211 212 213 213 213 214 215 215 216 217 218 218 219 220 221 221 221 221 221 221 220 220 219 220 221 221 221 222 222 222 222 222 222 222 221 222 222 222 223 221 221 221 222 222 222 222 222 222 222 222 222 221 222 222 222 222 222 222 222 222 222 222 222 220 220 219 219 218 218 217 217 213 211 208 205 203 199 196 193 191 192 195 197 200 203 204 204 203 203 202 201 201 200 199 197 193 183 174 165 156 150 155 164 171 177 185 191 196 201 205 208 209 213 215 214 215 218 219 218 218 216 214 215 217 218 216 214 214 215 217 218 217 217 216 216 214 214 214 214 214 215 215 216 215 214 215 217 218 217 216 216 212 200 181 129 67 61 111 166 194 207 215 217 217 216 216 217 215 216 213 216 216 214 217 216 206 203 196 182 179 185 194 207 214 215 216 216 216 216 217 218 216 216 217 216 215 215 216 217 217 217 216 216 216 217 218 218 218 218 217 217 217 217 217 217 218 217 217 216 216 216 216 217 217 217 216 217 218 218 217 216 219 216 213 216 199 168 142 113 107 126 166 184 184 182 181 189 196 193 184 174 172 177 181 181 171 159 157 164 169 173 184 193 204 199 194 192 192 193 196 199 195 196 185 174 177 180 178 177 185 194 199 197 195 198 200 200 201 197 188 180 174 168 167 172 185 190 197 201 202 200 197 195 187 179 183 185 178 180 184 178 182 185 187 188 186 182 178 176 183 176 180 188 184 183 193 199 198 205 208 204 202 205 205 201 200 202 189 174 166 157 149 153 161 184 195 194 203 195 191 185 188 190 187 185 190 193 194 194 204 205 207 206 203 202 206 211 221 222 224 225 223 218 215 215 215 219 217 218 220 222 227 225 223 217 215 216 216 215 218 224 221 220 217 214 213 212 209 206 202 213 219 218 221 223 207 185 184 187 192 195 190 172 148 131 132 144 160 170 173 175 183 189 202 212 220 220 221 224 220 211 213 216 217 213 211 212 211 207 211 211 200 186 180 181 178 175 180 182 183 189 195 193 186 184 189 193 196 194 189 185 186 188 186 187 187 186 187 187 183 178 183 190 196 203 209 210 207 207 
113 117 144 176 195 205 206 196 191 188 190 200 208 211 210 209 209 208 208 207 208 209 209 210 209 209 210 211 212 213 214 214 216 217 217 218 219 219 220 220 221 221 221 220 220 220 221 221 222 222 221 221 221 220 220 220 220 221 221 222 222 222 222 222 223 222 221 221 222 222 223 223 220 221 222 222 222 222 222 222 221 223 223 222 222 224 225 224 224 222 221 221 221 220 219 218 217 215 212 208 207 204 203 201 196 193 188 184 180 175 169 165 163 167 172 181 187 194 199 201 202 203 205 206 207 208 208 208 206 202 197 193 192 194 197 199 203 205 209 212 215 216 217 218 216 215 216 216 216 216 216 216 216 215 215 215 215 216 216 216 218 217 215 215 214 215 216 216 215 216 215 214 213 212 210 208 205 208 209 214 216 216 216 215 212 212 184 158 104 51 83 140 177 206 214 212 219 217 215 219 216 215 213 214 215 216 216 215 213 205 200 183 167 167 176 191 209 218 215 214 217 217 217 217 215 216 215 215 214 215 216 218 217 217 216 216 216 216 217 217 218 217 217 216 216 216 216 217 218 217 216 216 216 216 216 216 216 216 216 216 216 216 217 217 216 219 217 217 211 190 157 124 113 126 154 173 181 184 183 189 191 198 191 181 182 181 181 188 183 168 158 160 165 170 181 193 201 202 197 191 190 193 196 200 200 197 190 181 179 183 186 186 183 190 196 198 197 197 196 194 195 197 188 179 178 174 166 165 177 189 194 201 209 206 196 196 188 176 175 178 176 178 183 182 177 181 188 188 183 186 187 180 184 184 179 181 186 179 177 187 196 195 199 201 199 198 199 198 196 198 199 192 180 171 163 155 158 163 187 197 196 197 192 191 195 192 193 197 198 196 200 206 213 213 212 211 209 208 209 211 220 222 225 226 225 223 222 222 223 225 226 226 227 227 226 223 220 217 216 217 216 214 215 218 217 209 211 215 211 213 214 207 207 210 216 217 217 219 210 190 180 180 188 196 192 179 165 155 147 158 175 186 185 178 175 176 188 201 213 216 217 219 217 211 211 212 214 213 208 200 199 203 210 218 214 206 194 187 185 169 164 170 172 171 178 175 167 172 180 188 190 188 191 190 185 186 191 191 193 197 197 192 185 181 182 189 198 205 207 207 206 206 
156 153 167 189 199 205 208 201 196 193 195 202 208 210 209 210 208 208 208 208 210 211 212 213 215 215 216 217 218 218 219 219 220 221 221 221 221 222 222 222 221 221 221 221 221 221 221 221 220 220 220 220 220 219 219 219 221 221 222 222 222 222 222 222 222 221 220 220 221 221 221 221 222 222 222 222 221 221 221 220 222 222 222 220 219 220 220 218 217 216 216 216 216 216 216 215 212 209 204 199 191 185 178 173 171 168 162 157 152 147 142 138 135 143 156 172 185 197 204 207 207 207 209 210 211 211 212 212 214 213 212 212 212 212 213 214 215 216 216 217 217 217 217 217 217 217 216 215 215 214 214 214 216 215 214 215 215 216 215 215 215 215 215 215 215 214 214 213 210 209 206 202 200 196 192 189 192 197 203 207 211 216 217 216 214 213 197 173 128 68 62 107 163 194 212 217 218 215 214 214 217 215 214 214 215 216 216 215 216 207 199 179 152 139 150 176 199 215 217 217 216 214 214 216 215 215 215 214 214 214 216 217 217 217 216 216 216 216 217 217 218 217 216 216 216 216 217 217 218 218 217 216 216 215 215 215 216 216 216 216 216 216 217 217 217 221 217 214 212 203 174 132 107 112 141 175 187 185 183 188 192 199 194 185 185 184 184 190 184 177 170 167 166 169 176 184 194 201 200 192 190 192 196 199 203 201 196 187 180 178 179 180 180 184 189 195 199 201 198 195 197 203 198 187 176 166 162 165 172 186 193 197 204 206 201 199 191 185 177 175 178 180 182 187 183 184 190 195 198 199 198 194 189 189 181 175 177 178 177 179 189 190 196 199 198 200 201 199 206 205 202 193 180 168 155 143 139 146 169 184 186 189 190 193 196 197 200 202 201 202 205 208 209 209 207 205 203 205 210 214 216 219 223 225 225 225 225 225 225 226 227 225 224 223 222 219 217 216 217 220 220 217 214 213 202 197 201 208 211 218 221 214 206 205 210 216 218 217 209 193 183 180 188 202 205 195 183 176 165 177 189 195 191 182 176 176 189 197 205 210 215 221 221 218 209 211 213 211 202 194 196 202 209 217 216 212 203 193 187 171 155 151 146 146 159 167 166 176 180 188 193 196 200 198 193 193 192 192 195 197 196 193 191 191 187 189 194 201 206 209 209 209 
195 189 193 201 203 206 208 206 203 201 202 208 213 213 213 213 212 213 213 215 216 217 219 219 221 221 222 222 223 223 223 224 222 222 222 222 221 221 221 221 221 221 221 220 220 221 221 221 220 220 220 220 220 220 220 220 221 221 222 222 222 222 222 222 223 223 222 221 222 222 222 222 222 221 221 221 222 222 221 220 221 221 220 217 216 217 217 216 217 217 216 215 214 213 212 212 206 201 193 182 171 160 151 146 136 135 135 135 135 136 137 137 146 153 166 180 193 203 208 210 211 212 213 214 215 215 215 215 216 216 216 217 217 217 217 217 218 217 216 215 215 216 216 216 217 217 216 215 215 215 214 214 214 214 214 214 215 215 215 214 216 215 214 212 210 205 201 198 194 192 187 181 178 175 171 166 169 177 190 199 208 215 217 216 215 214 209 187 157 98 55 78 141 176 205 217 217 215 217 216 217 215 214 214 215 216 215 215 219 210 200 178 141 110 115 150 185 208 215 217 217 215 216 217 215 215 215 214 214 214 216 217 217 216 216 216 216 216 216 217 217 217 216 216 216 217 217 217 219 218 218 217 216 215 215 214 216 216 216 216 216 216 217 217 218 219 216 215 213 211 191 150 105 94 121 166 191 193 189 191 193 200 197 190 190 189 189 195 191 184 174 165 163 167 174 180 186 198 202 196 190 191 194 198 201 201 198 189 178 171 171 175 182 182 185 190 193 195 197 199 194 194 189 182 176 167 163 165 165 179 190 192 196 202 202 197 190 192 185 181 187 186 183 188 184 180 177 182 191 195 196 198 187 188 182 173 174 182 184 180 193 196 202 205 204 205 205 200 197 193 188 182 172 163 150 135 138 140 153 171 176 178 186 188 192 198 204 206 206 208 208 208 206 206 205 202 201 203 208 212 214 217 221 224 225 225 226 226 225 227 226 223 220 218 217 216 216 215 217 221 220 212 203 199 195 191 194 201 209 221 227 221 213 207 207 214 216 214 205 195 186 179 184 199 205 198 190 185 188 197 206 208 203 195 187 181 185 192 202 212 219 224 225 225 217 216 213 207 197 188 187 192 196 204 210 214 209 201 192 177 153 141 132 136 156 170 172 181 183 188 192 197 199 192 186 185 181 183 187 189 189 190 193 197 193 190 189 194 202 209 213 213 
208 204 205 208 209 210 211 210 213 212 213 216 218 218 217 218 220 220 220 220 221 221 222 222 222 222 223 223 223 223 223 223 221 221 221 221 221 221 221 220 220 220 220 220 220 220 221 221 220 220 220 220 220 220 220 220 220 221 221 221 222 222 221 221 223 222 222 220 221 221 222 221 221 219 217 215 215 213 209 206 205 205 204 205 207 209 213 214 210 209 209 208 207 206 205 205 201 194 182 169 158 150 144 142 143 147 152 158 164 171 176 180 189 192 197 203 208 211 213 214 215 216 216 217 217 217 217 217 220 219 217 216 216 216 216 217 216 216 216 216 216 217 218 218 216 215 214 215 215 216 215 215 213 213 213 213 213 213 212 211 209 206 202 197 192 185 179 176 173 170 164 159 155 153 148 144 142 153 171 190 204 211 214 216 216 213 213 196 176 133 80 78 126 167 195 210 217 215 216 219 217 215 214 214 215 215 215 215 217 213 207 187 151 109 99 127 171 198 212 216 218 217 218 216 216 216 215 215 215 215 216 216 216 216 216 215 215 216 216 216 216 216 216 216 216 217 217 218 218 218 218 218 217 216 215 214 216 216 216 216 216 216 216 216 217 214 216 219 214 210 198 170 117 87 100 147 184 200 198 195 196 201 200 197 196 194 194 198 201 190 177 168 166 169 175 180 185 197 204 202 197 192 193 199 202 202 201 195 185 177 177 181 185 187 191 194 192 190 194 199 200 193 182 175 168 161 156 156 161 172 185 191 194 201 204 200 190 192 185 180 182 181 178 180 180 175 168 170 182 188 190 196 191 189 186 181 179 184 187 183 188 192 198 200 200 200 197 190 180 174 169 167 166 165 154 140 139 129 127 148 163 171 185 185 189 195 202 208 210 212 211 209 207 207 206 204 203 202 202 202 212 216 221 225 226 225 225 225 225 225 224 220 216 214 215 216 219 219 223 226 223 213 202 196 195 190 191 196 206 221 227 223 219 211 207 208 211 209 202 196 194 185 187 196 200 196 190 186 194 202 210 213 212 209 199 189 186 192 202 211 215 217 221 225 220 214 205 198 189 181 174 171 186 193 204 214 215 210 202 189 167 151 138 140 158 172 175 183 186 186 188 191 191 186 182 182 187 191 195 197 198 199 202 206 202 196 191 194 202 211 217 219 
212 211 213 216 216 216 217 217 219 219 219 221 221 220 220 221 221 221 221 221 221 221 222 222 222 222 222 222 222 222 222 222 222 222 222 222 222 222 222 222 221 221 221 221 221 221 221 221 221 221 220 220 220 220 219 219 220 220 221 221 221 221 220 220 222 220 218 216 215 215 213 212 211 209 206 204 202 199 195 191 186 185 184 188 192 196 200 203 203 203 204 204 205 205 206 206 204 199 190 182 175 172 173 173 184 188 193 198 202 206 209 212 214 215 216 217 219 219 219 219 219 219 219 219 220 220 219 219 222 220 219 217 217 217 218 219 216 215 216 216 217 217 216 214 216 215 214 214 214 214 213 213 212 211 209 208 208 206 205 204 201 197 189 180 172 165 160 157 149 147 144 142 141 140 137 134 138 145 161 183 199 205 211 217 215 213 213 205 187 160 124 98 124 165 187 202 216 215 212 218 216 215 214 214 214 214 214 214 214 214 213 199 173 132 102 107 148 182 206 214 218 215 216 215 217 217 216 216 216 216 216 216 216 215 215 215 215 215 215 216 215 215 215 216 216 216 217 217 216 217 217 217 217 216 216 215 215 216 216 216 216 216 216 216 216 214 216 219 213 211 205 181 138 96 90 127 170 201 205 197 197 199 201 200 199 197 196 199 196 187 179 173 168 163 165 171 180 187 195 200 198 190 187 193 199 200 202 199 192 183 179 181 180 186 195 201 199 195 194 194 197 192 184 171 155 147 150 157 162 167 178 188 194 200 207 207 201 194 188 181 174 176 181 179 177 180 177 177 186 193 196 199 203 196 192 190 184 179 180 183 179 182 189 194 194 196 193 186 181 172 166 164 167 171 164 152 147 128 117 135 152 164 183 187 193 194 198 207 212 214 215 216 211 210 208 207 206 203 199 196 208 213 220 224 226 226 226 225 226 225 222 218 214 213 215 218 219 222 226 228 225 218 211 206 197 194 193 197 208 220 226 224 217 213 203 199 201 203 200 196 192 190 192 195 195 193 189 182 184 195 207 211 213 213 208 201 196 194 194 199 204 208 215 221 220 215 207 199 190 180 171 166 185 191 204 214 217 217 209 200 185 166 150 145 156 170 179 190 191 187 186 189 191 193 196 198 204 205 205 205 205 206 207 208 201 195 190 189 194 203 211 215 
217 219 219 219 219 220 220 221 222 222 222 222 222 221 221 221 221 221 221 221 222 222 222 223 222 222 222 222 222 222 222 222 222 222 222 222 223 223 223 223 222 222 222 222 221 221 221 221 222 221 221 221 220 220 220 219 221 221 221 220 220 220 219 219 219 217 213 210 205 200 194 191 189 186 182 178 174 169 165 162 154 154 158 167 178 188 196 201 206 207 208 209 209 210 211 211 210 209 206 204 203 204 205 207 210 212 215 216 217 217 217 217 218 218 219 220 221 221 220 220 219 219 219 219 219 219 219 219 217 217 218 218 218 218 219 219 218 217 217 217 217 216 214 213 213 212 211 210 211 210 209 208 207 206 203 201 200 198 196 195 194 189 179 167 156 148 146 145 142 144 147 151 155 160 163 163 167 165 169 181 194 202 209 216 215 214 214 213 197 179 159 125 132 165 182 197 213 214 212 215 215 214 214 213 213 214 214 214 213 214 215 208 191 154 113 95 121 162 194 212 216 213 216 219 218 217 217 216 216 216 216 216 215 215 215 215 215 215 215 215 215 215 215 215 215 216 216 216 216 216 216 216 217 217 216 216 215 216 216 216 216 216 216 216 216 217 216 215 213 216 212 189 158 115 95 112 151 191 205 202 199 198 200 202 201 198 197 197 194 189 183 176 165 154 156 164 174 178 185 194 196 190 185 189 194 196 200 201 196 187 178 173 174 178 185 192 197 199 197 193 189 185 179 167 152 146 152 158 162 164 170 178 185 191 198 204 204 195 193 190 181 183 189 185 181 184 182 179 181 187 193 198 204 197 193 192 186 178 179 186 184 184 190 196 198 200 198 194 185 177 171 169 171 176 172 162 157 139 129 137 146 159 179 189 198 196 196 201 206 209 214 218 216 214 212 211 210 208 205 202 205 210 217 223 226 227 227 227 228 224 219 215 212 213 216 221 223 225 227 228 225 221 217 215 205 203 202 205 211 217 219 219 210 210 203 192 192 194 192 188 186 191 197 198 194 191 187 179 179 192 206 211 210 212 212 212 202 193 188 193 203 211 217 220 222 222 219 210 197 184 176 174 178 181 195 204 210 215 211 206 194 181 170 163 167 181 193 204 202 194 190 189 191 197 204 207 202 201 200 198 198 200 201 201 196 192 187 185 186 193 201 207 
222 223 220 219 221 221 220 222 222 222 222 221 221 221 221 221 222 222 222 223 223 223 224 224 223 223 223 222 222 222 222 222 221 221 221 221 221 221 221 222 221 221 221 221 220 220 219 219 219 219 219 219 218 218 218 218 218 218 218 217 217 216 215 215 215 212 207 199 190 180 170 163 162 159 154 149 144 141 139 138 137 139 148 163 178 193 204 210 210 211 211 212 211 211 212 213 212 213 214 215 215 216 217 218 218 219 220 220 220 220 220 220 220 220 220 220 220 219 218 218 218 218 218 217 217 218 218 218 217 217 218 218 218 218 217 217 218 216 213 212 211 210 207 205 198 198 197 199 201 202 202 201 201 199 197 196 195 195 194 194 187 183 176 165 157 154 156 160 171 176 181 188 193 197 201 201 196 189 182 180 187 198 205 209 214 214 213 214 206 194 183 161 152 170 184 197 205 211 216 213 214 213 213 213 213 213 214 214 216 214 216 212 201 174 132 105 114 151 184 205 214 214 217 220 219 218 216 216 216 216 216 215 215 215 215 215 215 215 215 215 214 214 215 215 215 215 215 215 216 216 215 215 216 216 216 216 215 215 216 216 216 216 215 215 217 218 215 215 215 217 215 201 177 140 110 104 128 169 193 204 201 197 198 202 202 199 197 195 199 197 192 184 173 164 162 165 169 176 183 191 198 198 193 192 194 199 203 203 201 194 185 178 176 178 180 184 191 200 202 198 197 188 179 170 161 156 152 145 156 163 166 170 177 183 189 197 199 196 196 195 190 185 183 183 184 181 179 175 170 174 184 192 198 199 195 191 190 185 182 186 187 183 185 191 194 197 198 198 189 184 181 180 183 187 187 178 165 149 142 141 143 158 178 194 199 199 199 198 199 203 208 212 217 217 216 216 215 213 212 212 209 213 218 221 223 224 225 226 226 220 214 211 210 212 218 223 229 228 226 223 221 218 215 213 208 205 201 201 202 202 202 206 203 208 202 192 190 188 185 185 187 193 201 204 200 197 193 189 186 194 201 205 208 211 214 214 205 196 188 190 199 208 214 218 218 221 220 212 199 186 179 177 170 173 187 194 202 214 212 211 206 200 197 188 184 193 202 209 207 198 191 187 185 191 198 197 196 198 198 197 199 201 203 202 200 197 192 189 189 194 202 209 
220 223 221 220 222 222 222 222 222 222 221 221 221 222 222 221 222 222 223 223 223 223 223 222 222 222 222 222 222 222 222 221 222 222 222 221 221 221 221 221 219 219 219 219 218 218 217 216 214 214 214 214 214 214 215 215 215 215 215 214 213 212 211 211 207 206 199 190 177 162 148 139 137 136 136 138 141 147 153 157 169 170 175 186 195 203 207 210 211 213 214 215 215 216 218 219 218 219 219 219 218 218 219 220 220 220 220 220 220 220 219 219 220 219 218 218 218 218 219 220 219 219 219 219 219 219 219 219 218 217 216 214 213 212 211 211 208 206 201 197 192 187 182 179 178 178 180 184 189 194 195 195 195 194 192 192 193 195 196 196 196 194 190 185 182 184 192 199 201 205 210 211 211 211 210 208 198 192 181 172 178 194 202 203 215 212 210 211 211 204 195 190 175 179 190 200 195 204 219 208 213 213 213 212 212 213 214 214 215 211 215 215 208 192 157 129 126 154 177 199 213 215 216 216 218 217 216 216 216 216 215 215 214 214 215 215 215 215 214 214 214 214 214 215 215 215 215 215 216 216 215 215 215 215 216 216 215 215 216 216 216 216 215 215 216 216 215 218 216 211 214 215 198 166 127 103 111 146 178 201 202 196 197 202 202 199 196 194 195 195 192 188 183 176 166 157 159 169 177 182 192 197 194 188 192 197 201 200 199 196 190 184 181 187 191 191 195 203 206 204 203 193 184 178 171 167 157 141 149 163 169 171 179 186 190 198 206 207 200 196 195 184 176 182 183 178 180 181 175 173 184 191 198 207 202 192 193 190 181 177 183 176 176 183 187 192 197 199 196 195 194 195 198 202 201 194 190 168 160 150 146 160 176 192 197 203 205 200 197 200 204 204 211 214 216 217 215 213 213 214 216 218 220 220 220 220 221 222 221 215 209 206 208 212 219 226 221 218 213 210 208 207 204 202 200 195 188 186 185 182 185 193 195 203 202 195 193 187 185 187 185 188 197 204 202 200 201 201 198 194 192 196 204 211 211 209 211 202 190 183 184 191 203 211 214 216 216 211 202 193 186 183 173 176 190 195 204 219 219 219 219 215 211 196 184 187 193 197 201 194 188 183 181 188 195 191 198 201 205 205 206 207 207 206 202 198 193 189 188 193 201 207 
223 222 220 220 221 223 223 222 222 222 222 221 221 221 223 223 224 224 223 223 224 223 222 220 223 223 223 222 222 222 222 222 220 219 220 222 221 216 217 219 217 217 218 215 210 209 209 205 203 198 198 200 199 202 208 211 209 209 207 206 205 204 203 203 203 202 196 186 173 161 153 149 153 161 170 174 178 185 192 196 204 205 208 211 214 215 216 216 219 219 219 219 219 219 219 219 219 219 219 219 218 218 218 218 220 220 219 219 220 220 220 220 219 219 218 218 219 219 219 219 220 219 218 218 218 217 216 215 212 211 209 204 200 197 194 190 188 184 180 176 172 166 162 160 159 162 167 173 179 187 192 195 196 195 197 201 200 199 201 200 201 201 203 199 197 198 201 204 206 211 210 208 210 210 209 208 201 196 190 174 170 181 200 201 211 214 210 212 213 207 200 194 193 183 187 196 195 201 211 215 212 212 211 210 212 213 213 211 212 212 212 214 213 203 178 157 144 155 178 200 210 214 216 215 218 215 214 216 216 215 215 216 214 214 214 214 214 215 216 216 214 214 214 214 214 214 215 215 215 215 215 216 216 215 214 214 216 215 214 215 215 216 215 214 216 215 215 215 216 216 215 214 211 187 152 115 98 119 161 191 202 201 197 195 200 202 199 197 196 194 199 196 182 172 162 150 146 162 174 177 179 188 193 189 189 190 195 202 206 203 196 190 182 182 185 189 196 204 205 199 193 190 185 179 175 172 169 166 170 169 169 173 176 179 185 191 196 201 203 200 194 191 185 179 186 186 182 182 184 180 180 188 194 202 209 203 191 191 189 178 173 180 176 173 183 189 191 199 202 204 205 203 203 204 205 206 197 190 173 161 160 159 165 179 196 203 207 205 202 200 200 199 204 207 213 218 221 220 219 219 218 216 215 218 221 217 217 223 221 208 198 200 203 212 220 216 211 201 190 185 189 198 196 186 181 177 190 180 151 150 161 163 166 193 203 196 193 188 185 193 191 185 190 203 210 207 203 199 191 187 185 190 197 202 206 208 211 197 187 183 181 186 198 202 212 217 221 222 218 212 204 199 188 184 176 182 198 210 215 221 220 216 200 189 188 186 187 197 201 198 196 193 191 194 200 200 205 203 201 200 200 197 195 195 194 198 193 195 200 198 201 205 
221 221 221 221 222 222 221 221 223 223 222 222 221 221 221 222 222 221 223 224 225 225 224 223 223 222 221 220 220 219 219 219 218 217 216 215 212 210 208 209 205 201 198 196 192 191 187 180 177 172 171 174 178 186 195 198 204 204 205 204 205 207 207 207 210 209 207 202 196 191 188 187 194 199 203 204 205 208 212 214 216 217 218 219 220 221 221 221 220 220 220 219 219 219 219 219 219 219 219 219 219 219 220 220 220 220 220 220 219 218 218 218 217 217 217 217 218 218 218 218 217 217 216 216 215 214 213 211 207 204 200 193 188 182 176 172 169 166 163 159 154 149 144 141 145 148 158 172 185 194 200 201 202 202 204 203 201 201 204 203 203 197 191 184 181 180 180 182 185 193 202 209 211 208 207 210 208 199 189 184 169 172 181 194 206 211 209 210 212 208 203 195 196 188 184 188 193 197 202 212 209 210 211 211 211 211 212 211 211 212 212 213 215 211 197 183 170 170 181 197 206 209 214 218 217 215 215 216 217 215 214 215 216 215 215 214 214 214 214 214 214 214 214 214 214 214 214 214 214 214 214 215 215 215 215 215 216 216 215 214 215 214 214 213 215 215 215 215 216 216 215 214 212 203 176 137 102 101 134 172 194 202 199 194 199 202 199 197 195 198 199 198 194 184 172 164 162 163 164 168 176 187 194 196 191 191 194 200 205 205 199 193 186 183 186 193 198 201 200 196 188 188 188 188 189 186 180 176 178 180 182 178 168 160 163 171 180 190 197 198 196 194 189 183 184 186 184 180 175 167 169 181 193 199 207 206 196 189 186 179 175 179 181 180 183 190 198 201 205 206 206 203 202 201 201 200 195 190 178 168 158 148 151 167 186 200 212 214 211 206 201 196 199 201 208 215 220 224 225 221 218 217 214 212 215 218 216 215 204 196 184 176 182 201 216 212 202 185 172 170 167 164 167 172 155 153 163 157 134 128 138 150 162 182 192 194 199 194 187 192 193 190 192 201 210 214 210 203 196 196 192 188 186 189 197 203 212 207 203 196 186 183 193 202 213 220 225 223 221 219 210 201 189 184 176 177 189 202 210 215 220 219 211 203 199 194 193 199 202 196 196 201 200 199 202 205 201 196 191 191 193 194 196 198 199 200 194 200 209 208 206 205 
221 221 222 221 221 220 220 220 220 220 220 220 220 221 220 220 220 220 221 223 222 222 220 220 219 219 218 217 217 217 218 218 219 217 214 210 204 199 192 186 185 178 173 168 162 156 151 146 139 136 138 146 159 177 190 194 204 204 205 206 206 207 209 209 209 210 211 210 209 210 212 214 214 216 217 217 216 217 218 218 219 219 219 219 218 218 218 218 220 220 220 219 219 218 218 218 219 219 219 220 220 220 220 220 218 219 220 221 221 220 221 222 217 216 215 214 214 214 214 214 213 212 212 211 210 207 205 204 203 197 189 179 167 157 151 151 153 151 149 148 151 156 161 163 171 172 183 193 198 203 206 206 207 209 209 202 194 191 196 201 200 192 178 165 161 161 163 161 167 173 185 197 207 210 209 210 210 203 191 184 166 157 160 181 195 208 209 209 211 210 207 201 196 192 183 182 192 194 197 208 208 209 211 211 210 209 210 212 212 213 212 212 213 213 208 202 196 179 171 180 192 203 211 216 215 214 214 216 216 215 214 214 215 215 214 214 214 214 213 213 214 213 213 213 214 214 213 213 213 213 213 213 214 214 215 215 216 215 214 214 214 214 213 212 215 215 214 215 215 215 215 214 214 212 194 160 121 97 112 145 182 200 202 194 197 201 200 199 195 200 197 197 203 195 180 177 168 160 158 166 178 185 191 197 195 192 192 198 204 207 203 198 194 189 192 201 205 204 201 198 191 188 185 185 189 191 191 189 189 192 193 183 166 151 148 152 166 178 190 196 197 196 190 184 179 182 182 178 172 165 168 179 188 192 202 207 200 191 187 184 178 178 183 183 178 183 193 194 200 202 202 201 201 201 200 199 202 196 185 175 162 150 154 169 178 194 211 217 216 213 209 203 195 192 198 207 213 219 218 210 208 206 200 195 197 205 210 211 196 179 163 162 171 187 200 202 191 174 154 135 123 120 125 131 149 133 132 137 129 113 119 146 179 186 186 187 193 192 192 201 197 195 195 199 208 219 219 210 198 194 188 183 185 194 205 211 214 216 214 203 187 177 181 192 202 212 218 217 218 219 211 199 190 186 184 186 193 205 214 215 218 218 216 211 203 196 195 197 196 191 194 202 204 203 203 204 205 198 191 189 191 194 196 197 203 203 198 203 210 210 210 208 
222 223 223 222 220 219 220 220 221 221 221 222 223 222 220 219 220 220 219 219 219 219 218 216 215 214 213 212 212 212 212 212 212 212 209 204 195 183 167 154 145 141 139 136 129 126 127 128 131 131 138 150 166 185 200 202 208 208 209 209 210 211 211 211 212 213 214 216 217 217 219 220 218 218 218 217 217 218 218 218 219 218 218 218 218 219 219 219 220 219 219 219 219 218 218 218 218 218 219 219 219 219 218 218 217 217 215 214 212 210 208 207 201 201 200 201 202 206 208 210 206 206 205 204 202 200 199 198 198 191 182 172 161 153 153 158 163 168 175 182 188 193 196 197 202 205 208 205 198 197 200 201 209 210 208 197 187 182 184 192 188 178 149 127 123 135 146 144 141 146 159 179 197 209 212 209 208 205 199 181 165 142 142 157 180 200 208 208 210 209 209 203 196 193 185 179 184 190 195 201 209 210 212 212 210 209 210 212 212 213 213 212 212 212 208 204 199 177 158 158 170 188 205 212 211 211 212 213 214 214 215 215 213 213 213 214 214 214 214 214 213 213 213 213 214 214 214 213 213 213 212 212 213 214 215 215 213 213 213 213 213 213 213 213 214 214 214 214 214 215 214 214 214 215 205 181 147 110 102 123 162 192 205 197 196 199 199 202 198 199 195 197 204 199 189 184 171 165 163 169 175 177 184 191 193 192 191 194 200 204 204 202 199 195 197 203 206 207 205 201 194 186 178 174 177 183 189 192 192 190 186 177 161 143 131 126 144 160 176 187 193 195 190 185 182 182 181 182 180 177 177 182 191 195 202 208 205 199 194 191 183 179 179 181 178 177 184 191 195 199 202 202 202 203 203 203 207 201 192 183 173 163 163 169 170 184 200 211 217 219 215 209 197 190 193 200 202 203 202 193 189 193 196 195 193 196 203 206 191 164 145 145 160 176 184 190 175 161 142 128 125 128 132 135 155 139 128 130 136 128 129 154 181 190 193 194 198 195 194 201 201 199 197 197 205 218 223 218 204 196 186 181 182 187 196 203 212 215 210 198 186 174 171 179 192 202 210 213 215 215 209 200 189 183 186 193 196 205 213 214 219 218 219 215 207 202 201 200 189 191 197 200 204 209 209 203 205 199 195 193 195 197 198 199 199 202 198 200 199 199 205 210 
223 222 222 221 220 220 221 221 218 218 219 219 219 216 214 213 212 210 208 207 207 210 212 213 212 211 210 208 207 206 205 205 204 205 203 197 186 173 155 142 129 128 131 134 135 140 149 153 160 161 170 180 190 200 207 206 210 210 211 213 215 216 217 217 217 217 219 220 219 219 218 218 222 220 219 219 219 219 218 218 219 219 218 218 219 220 221 221 219 219 219 219 219 219 218 218 218 217 217 216 214 213 211 210 210 207 204 201 199 196 192 189 186 185 184 185 188 193 198 200 200 200 200 200 198 198 199 199 196 194 190 186 182 180 184 191 196 199 201 204 202 200 198 198 199 205 206 199 190 182 183 189 199 204 201 186 169 156 160 174 177 160 117 88 95 127 148 142 116 112 129 160 188 203 210 211 208 208 205 187 168 132 118 122 158 188 206 208 208 207 209 205 199 193 188 176 169 179 190 194 209 211 212 212 211 211 211 211 210 211 211 212 213 212 209 206 192 173 147 132 137 165 193 207 211 211 212 212 212 213 214 214 212 213 213 213 214 213 213 213 212 211 212 213 214 215 214 214 214 213 212 212 212 213 214 214 213 213 213 213 213 213 213 213 213 213 214 214 214 214 214 214 213 217 214 201 171 129 103 106 135 174 200 201 197 194 196 201 203 196 196 199 200 203 201 193 184 179 172 169 168 171 177 184 188 190 191 193 196 200 204 204 198 195 195 196 200 205 205 200 200 193 184 179 180 184 190 194 197 193 186 176 162 142 124 113 119 136 159 176 188 193 191 186 189 186 186 188 186 183 181 180 188 193 196 197 199 198 193 188 187 183 177 179 184 179 180 195 196 202 207 207 205 204 205 205 204 204 202 192 182 171 165 158 165 175 190 204 215 219 215 209 202 191 190 197 196 189 181 174 163 169 173 169 169 182 197 201 184 154 119 97 113 148 171 184 174 154 136 137 147 147 145 149 157 170 165 147 153 166 170 180 181 190 194 197 201 201 201 204 207 204 202 202 206 216 225 225 215 206 197 191 183 178 186 197 206 209 203 193 183 172 166 170 186 193 202 208 208 205 200 197 187 180 185 195 198 203 211 215 214 214 215 214 209 205 200 195 187 191 197 201 206 213 215 208 207 204 198 195 193 190 190 191 195 198 197 198 194 192 203 208 
221 219 220 219 219 218 216 214 212 211 209 208 206 205 201 198 194 190 185 183 185 191 196 200 205 205 204 204 204 203 203 202 204 206 206 201 193 183 172 165 164 162 164 167 172 182 189 189 185 184 190 198 204 211 213 213 215 215 215 216 216 217 218 218 216 217 218 218 218 218 217 217 219 217 218 219 220 219 218 218 219 218 218 218 218 218 218 219 218 218 218 218 217 217 217 217 216 214 212 208 204 199 195 193 190 187 182 179 177 174 171 168 163 163 165 170 178 187 194 196 202 202 203 202 203 204 205 205 205 206 207 206 206 208 208 208 207 200 194 190 186 181 181 184 187 193 192 185 172 148 140 155 178 195 199 177 141 115 132 165 177 156 108 91 119 166 188 172 127 99 101 144 183 200 208 212 210 209 205 203 172 136 100 90 134 171 199 208 209 208 209 208 202 193 188 174 155 158 178 186 201 208 212 211 210 211 212 210 211 210 210 210 212 212 210 208 194 170 130 98 98 135 179 202 211 212 213 212 211 212 213 212 213 213 214 214 213 212 211 210 211 211 211 212 214 215 214 213 213 212 212 211 211 212 213 213 213 214 214 213 212 211 211 211 213 213 213 213 213 213 214 214 214 215 213 210 196 159 119 98 113 148 185 200 199 194 195 199 205 196 197 199 197 202 206 200 192 185 177 170 168 170 174 176 184 190 194 195 195 199 203 205 198 194 191 190 194 202 205 201 204 198 191 185 182 183 189 196 201 201 197 189 175 158 140 129 118 133 155 173 187 192 190 186 186 185 187 188 182 178 177 176 178 184 184 184 190 195 192 188 190 187 177 177 186 179 177 191 194 200 207 208 206 205 205 205 203 207 208 198 185 177 172 162 170 173 181 194 209 215 215 212 205 195 188 191 190 176 160 152 131 134 133 125 132 162 188 190 174 144 111 88 99 128 150 171 183 169 148 138 148 155 153 155 164 191 200 182 178 192 202 212 209 207 201 196 198 204 209 213 216 213 212 212 213 219 227 230 223 212 202 198 195 191 196 204 200 201 197 186 175 163 156 157 169 173 180 185 183 179 176 177 178 177 186 202 210 211 213 214 208 208 208 207 205 199 188 181 178 178 185 195 202 206 211 212 208 205 200 194 189 185 185 186 195 196 197 201 199 197 204 204 
217 216 215 213 210 206 200 195 194 192 188 185 182 178 173 170 160 156 151 151 158 170 184 191 202 202 203 204 205 205 204 204 206 207 208 207 203 197 192 192 194 193 191 188 187 192 194 190 188 181 182 193 201 208 215 217 218 217 217 217 216 216 215 216 218 218 218 219 220 220 220 220 218 217 218 220 221 219 218 218 218 218 217 217 216 216 216 216 214 214 213 213 212 211 211 210 210 208 203 196 188 180 174 171 169 167 164 160 156 154 153 152 151 153 159 169 181 192 199 203 207 208 208 208 207 205 204 204 205 206 207 207 211 213 207 200 186 175 169 170 171 167 166 170 179 188 186 174 143 89 73 105 150 173 184 163 123 99 123 171 179 158 113 106 145 190 207 186 145 107 101 141 182 203 210 211 210 208 206 208 187 156 113 83 105 147 183 203 208 209 210 208 205 196 187 171 145 128 142 167 186 201 212 211 208 211 212 209 211 210 210 210 210 209 209 208 204 178 135 91 77 107 156 190 206 209 212 212 211 212 212 210 212 213 213 213 213 212 210 210 211 210 210 211 213 214 212 211 211 210 210 210 211 211 212 212 213 214 214 213 212 211 211 211 212 212 213 213 212 212 213 214 215 212 210 212 210 189 146 112 104 125 161 189 193 192 195 198 204 202 199 197 194 195 198 198 190 184 178 173 168 164 164 167 179 187 193 194 193 196 199 200 195 189 185 186 190 199 205 204 202 197 191 183 175 172 178 187 193 197 201 198 189 176 164 158 147 155 166 177 188 193 192 188 183 182 185 185 178 175 177 176 177 184 183 184 192 198 198 199 190 188 181 178 181 179 178 182 189 195 201 204 205 205 203 201 202 201 200 194 185 181 178 169 167 166 171 186 201 210 215 219 207 202 191 188 191 177 155 142 120 123 131 137 144 165 185 186 172 152 141 137 149 156 150 160 179 188 177 160 166 184 193 196 188 194 205 206 203 206 213 224 227 224 219 214 208 204 204 208 219 218 219 219 218 222 224 223 222 210 196 192 194 198 200 199 196 190 182 171 160 153 151 148 156 159 162 163 163 164 165 166 172 177 187 200 213 217 213 211 208 206 196 187 186 179 169 164 160 161 170 181 190 197 205 208 205 202 198 196 194 192 192 193 194 194 197 203 200 197 201 197 
214 212 210 207 203 193 183 175 163 160 155 150 146 141 135 131 129 126 123 129 141 163 183 194 205 206 207 207 206 204 202 201 197 198 201 203 199 195 195 199 197 200 200 191 183 183 184 179 189 176 172 181 192 202 211 217 215 215 215 215 216 217 217 217 219 218 217 217 217 218 218 219 220 219 219 220 219 215 213 214 212 212 212 212 212 211 211 210 211 211 210 209 208 206 206 205 205 201 195 187 177 168 160 156 152 154 156 157 158 161 166 170 181 182 185 190 198 203 206 207 208 209 210 209 205 201 197 194 190 190 190 193 203 209 203 190 170 153 141 145 151 152 156 162 176 190 188 173 126 50 31 79 126 141 146 138 117 102 126 171 178 154 105 97 130 167 184 164 136 116 120 152 183 204 212 208 209 208 212 206 203 182 142 93 82 127 167 194 205 208 210 207 209 200 187 168 136 101 104 140 174 195 211 210 207 210 211 208 208 209 211 212 211 209 209 210 207 195 166 116 76 87 134 176 201 205 209 211 211 212 211 209 211 211 212 213 213 212 211 211 211 210 210 211 212 213 211 209 209 209 209 210 210 211 212 212 212 212 213 213 212 211 212 213 212 212 213 212 212 212 213 215 213 215 216 215 211 200 167 133 102 109 138 173 184 188 195 197 207 211 203 195 194 189 188 195 192 185 179 171 161 151 153 160 170 179 187 188 188 190 191 191 189 179 175 180 186 194 201 204 204 203 199 191 180 172 174 180 189 194 200 204 200 193 184 177 174 174 176 180 187 191 193 192 189 184 186 186 181 179 181 177 179 185 185 184 191 195 196 200 189 187 186 182 179 184 187 180 190 193 198 202 204 204 200 196 193 187 186 187 184 182 174 160 152 154 164 184 201 208 212 216 207 209 196 190 199 191 164 147 141 140 156 171 171 174 189 198 189 172 161 156 173 186 173 173 177 198 202 191 191 198 208 220 217 204 207 215 220 224 223 223 227 226 228 226 214 199 199 207 214 216 218 218 217 220 218 212 212 207 195 186 188 196 202 201 191 177 164 155 150 152 153 148 156 159 160 159 163 171 176 176 184 191 191 195 209 218 216 213 205 199 178 161 156 151 144 146 145 153 164 171 180 195 205 204 213 209 204 201 198 194 190 187 190 191 195 199 193 188 193 189 
207 209 207 203 191 179 164 139 131 131 128 127 127 129 133 136 143 147 154 159 166 178 189 198 198 201 198 194 196 198 195 190 188 193 198 191 200 199 182 193 199 188 189 185 170 172 182 178 179 173 173 184 198 207 214 217 216 218 218 217 216 216 217 218 221 217 217 218 216 215 216 216 212 214 217 218 217 216 213 213 212 209 203 199 202 208 207 204 208 205 205 204 202 204 203 199 201 201 195 185 178 172 165 163 170 176 185 189 195 199 200 205 203 207 207 205 203 202 201 205 208 210 210 198 195 180 177 179 180 174 177 185 194 204 199 177 146 90 68 84 122 148 166 180 188 203 196 172 129 69 46 78 119 129 117 87 75 93 135 173 180 158 104 68 95 142 157 150 137 131 141 170 199 208 208 208 210 208 207 208 203 193 162 116 83 98 143 186 203 209 210 212 205 210 192 170 134 74 58 100 151 183 204 212 207 211 207 210 210 209 209 210 209 208 208 209 209 199 184 144 94 76 106 152 190 204 211 209 211 210 210 214 211 211 211 210 210 210 211 211 209 209 209 210 211 211 210 209 209 209 209 210 210 211 211 212 210 213 213 212 210 211 211 210 212 212 212 212 212 213 213 213 213 212 215 213 210 212 195 165 123 105 107 140 167 183 196 194 208 209 206 196 185 181 182 182 183 183 176 167 163 162 162 164 171 180 190 189 183 182 182 179 177 172 171 170 177 188 195 201 201 201 200 198 190 184 185 191 192 196 202 205 205 203 198 195 195 186 185 189 187 187 190 188 191 197 195 188 181 172 174 186 183 186 185 182 182 184 187 192 181 177 176 176 178 186 191 184 190 193 200 202 202 203 195 184 178 170 167 171 168 159 156 160 155 163 174 185 196 207 214 217 214 207 202 198 192 196 189 155 147 150 156 167 183 198 208 212 206 194 185 188 200 209 213 213 205 205 209 215 215 212 212 217 221 218 216 219 223 225 225 225 226 228 226 221 214 203 196 198 204 205 209 212 213 209 205 203 198 200 196 190 194 207 214 212 202 181 158 149 154 164 171 172 176 177 175 174 177 179 183 190 191 196 199 200 205 214 215 209 204 188 170 152 138 133 135 135 139 148 160 169 178 190 201 206 214 212 209 205 199 192 185 181 183 181 187 194 193 191 191 192 
203 200 198 202 192 178 168 153 144 149 156 163 169 177 182 186 189 191 194 195 197 198 198 200 199 193 189 188 190 191 191 190 176 182 190 187 193 192 177 184 192 187 191 190 180 182 190 189 199 195 195 201 207 211 213 216 219 218 218 217 217 217 217 216 216 213 213 213 211 211 211 210 213 213 215 215 214 214 212 212 210 203 195 186 178 184 195 201 201 201 202 203 202 203 203 201 201 204 203 200 200 197 197 201 205 208 212 212 214 213 210 210 203 198 194 189 188 188 185 187 196 200 196 181 171 164 161 157 159 155 163 178 191 199 193 174 122 59 50 93 151 179 193 206 208 210 200 173 131 93 92 122 138 140 111 64 51 88 142 176 179 159 114 82 101 136 148 144 139 149 167 191 206 210 210 211 207 206 205 206 205 201 178 141 91 81 116 165 191 204 211 210 210 210 203 182 147 89 45 58 121 168 193 207 208 209 210 210 211 210 209 210 209 208 207 208 211 210 196 163 121 84 88 129 171 196 211 208 209 212 211 209 211 211 210 210 209 209 209 209 208 208 208 209 209 209 209 208 209 209 209 209 210 210 211 211 210 212 212 211 210 210 210 210 211 211 211 212 212 212 213 213 215 214 217 215 212 215 206 184 147 109 108 118 137 172 187 193 203 206 206 198 189 181 176 173 173 178 178 172 167 167 170 177 182 185 190 191 187 184 181 177 174 165 161 160 169 182 189 197 201 202 202 200 193 186 182 183 186 191 197 201 203 204 204 203 196 189 185 185 184 186 190 193 195 197 193 186 179 170 168 177 185 187 183 179 180 182 184 187 183 180 181 184 182 180 181 182 178 183 193 199 199 195 183 171 156 150 143 143 151 156 149 139 146 161 179 192 200 205 209 211 216 209 204 201 195 198 199 181 170 171 179 194 207 215 219 223 217 211 209 214 222 227 228 228 224 222 223 226 226 223 222 222 211 212 212 213 217 222 223 220 223 225 225 219 211 202 193 186 191 190 193 198 200 197 191 187 184 186 187 189 195 205 213 218 208 191 173 167 167 170 179 189 191 192 188 187 189 192 195 201 208 208 205 199 200 207 212 213 209 196 181 167 152 139 136 140 142 150 162 170 173 178 187 195 204 208 210 206 201 197 192 186 192 190 194 198 196 196 196 196 
210 207 206 210 205 193 188 180 181 187 196 203 206 208 210 212 214 213 213 213 210 203 196 191 199 184 177 179 177 177 180 181 169 175 187 189 192 192 181 185 195 197 202 203 198 199 205 206 213 211 211 214 216 215 215 217 218 216 214 215 216 216 214 212 212 212 211 211 210 212 212 210 210 211 213 213 215 214 212 211 206 197 186 165 143 155 184 196 199 200 203 205 205 205 206 207 207 209 210 210 209 207 210 217 215 218 218 217 216 214 206 197 188 179 180 176 171 169 174 185 187 182 176 166 146 140 142 145 135 128 129 147 173 196 190 167 112 65 84 139 181 189 195 207 213 210 202 171 125 106 134 166 171 164 131 84 68 107 158 184 196 184 150 124 129 147 155 154 163 179 199 208 209 208 208 207 207 207 204 204 205 205 193 167 117 77 91 141 178 203 213 213 210 206 212 197 174 131 67 42 96 157 186 206 210 209 212 209 211 210 209 210 209 207 207 208 207 212 204 181 150 98 75 104 153 184 206 207 208 209 208 209 210 210 209 209 208 208 208 208 208 207 207 207 207 208 208 208 208 208 208 209 209 210 211 211 210 211 211 210 209 210 210 210 211 211 211 211 211 212 213 213 214 214 216 215 212 215 214 203 177 131 111 98 108 147 176 191 202 205 203 195 189 184 180 179 181 186 189 187 184 182 185 192 194 187 185 186 184 181 177 173 168 161 161 163 171 180 187 196 203 205 205 203 199 192 185 179 177 181 187 192 197 201 203 204 204 196 185 178 177 180 189 199 197 199 196 188 178 168 167 174 181 183 179 175 178 181 180 179 182 179 180 185 187 181 179 184 182 182 187 192 191 185 175 164 149 147 141 136 139 143 137 126 128 151 178 196 204 205 208 211 216 213 208 205 198 195 201 199 192 191 199 213 222 222 221 224 219 219 220 224 225 225 224 223 227 225 222 222 223 222 219 216 201 204 205 205 210 219 222 220 219 220 221 216 206 201 192 177 182 179 179 184 189 190 187 183 176 177 182 190 196 201 208 215 219 205 193 188 185 183 190 203 205 208 203 198 199 202 206 210 216 217 216 210 206 207 211 215 215 207 194 182 166 145 137 145 153 159 168 176 177 178 184 193 197 207 213 209 205 204 199 192 199 196 197 198 197 199 201 199 
205 208 206 206 204 201 200 193 201 207 213 217 217 216 216 217 219 217 215 211 207 201 193 188 185 171 170 176 175 179 188 190 180 183 197 201 202 205 202 203 208 212 214 214 213 212 213 216 214 213 214 215 216 215 217 219 216 214 212 211 211 211 210 208 208 210 209 206 207 209 207 206 206 209 214 216 216 217 215 213 209 201 185 147 112 126 169 191 204 207 209 210 212 211 210 212 211 214 214 208 203 200 203 210 211 214 215 215 214 211 200 181 165 141 144 151 160 158 163 174 179 171 157 137 112 128 153 166 168 160 148 144 160 184 186 168 113 57 61 104 143 162 179 193 205 203 200 174 132 120 152 185 199 188 168 140 125 144 177 196 199 192 177 164 166 175 180 184 196 205 211 212 210 209 207 204 207 208 202 202 200 200 196 179 145 96 83 118 162 194 207 212 213 207 212 205 189 162 101 49 63 128 172 196 207 209 210 210 209 208 208 208 208 206 206 207 207 211 207 196 174 128 94 108 149 175 198 207 209 205 205 211 209 209 208 208 207 207 208 208 208 207 206 205 206 207 207 207 207 207 207 208 208 209 210 210 210 211 210 210 209 209 210 210 210 210 210 210 211 212 213 213 214 213 214 215 212 214 215 212 197 167 124 98 94 117 157 184 196 202 199 192 191 192 192 194 191 192 192 195 198 197 194 196 202 193 186 184 184 185 184 179 170 166 171 170 171 174 181 194 201 205 205 203 201 198 191 184 181 181 185 193 199 204 205 205 208 204 193 181 178 177 183 195 201 202 194 180 164 159 168 182 181 181 174 168 172 178 179 179 180 179 176 179 187 187 183 184 187 182 184 189 191 189 182 173 162 158 153 150 144 136 130 128 133 156 184 203 208 206 207 209 211 215 213 211 203 193 197 201 203 202 207 214 217 214 214 216 220 221 221 221 219 217 217 217 215 215 212 210 210 212 209 206 195 195 193 195 202 211 214 214 213 210 212 209 199 196 191 177 177 173 172 177 185 190 191 191 194 194 198 205 208 208 210 213 222 214 206 204 201 198 202 208 213 218 216 208 204 205 207 211 213 216 220 219 214 209 208 210 215 216 205 190 176 155 146 156 168 173 180 184 187 187 190 193 202 213 220 219 215 212 207 202 198 196 196 195 195 199 203 201 
202 203 198 200 200 197 198 195 195 202 211 217 218 218 217 218 219 218 216 212 207 201 194 190 186 180 184 189 187 193 203 204 201 202 211 215 214 217 217 217 216 218 217 215 218 216 214 216 214 212 210 210 211 213 215 216 216 215 212 210 208 207 208 208 205 208 207 204 204 202 199 199 205 210 214 217 217 219 218 215 217 208 192 152 104 101 146 188 208 213 213 213 215 214 212 214 213 216 212 202 193 189 193 201 211 216 214 216 215 210 194 165 126 76 78 111 151 170 181 190 189 182 151 109 89 138 187 197 194 170 141 136 155 176 169 148 107 47 47 87 129 155 175 188 198 198 195 181 161 150 168 193 211 201 194 183 171 177 194 206 207 205 201 200 202 205 209 212 213 211 210 210 211 210 207 204 199 199 193 189 186 186 188 183 168 129 99 110 153 186 198 212 212 212 210 208 199 180 138 76 49 95 155 184 204 210 206 209 208 207 207 208 208 207 207 207 209 207 208 204 189 160 133 130 154 176 196 205 209 206 203 208 207 207 207 207 207 208 208 208 208 207 205 205 206 207 207 207 207 207 207 207 208 208 209 209 211 210 210 210 210 210 210 210 209 209 209 209 210 211 212 213 214 212 213 215 215 215 215 215 209 195 151 113 96 96 127 172 186 197 198 193 195 197 197 201 199 197 195 196 201 200 195 193 196 191 187 184 185 191 192 186 181 174 173 166 162 164 171 185 194 200 204 203 201 201 195 189 183 182 184 193 202 207 206 204 204 206 201 194 188 183 182 189 196 195 190 177 160 155 162 171 175 172 161 154 159 170 177 181 179 186 183 179 186 191 185 180 191 185 185 190 193 191 183 174 175 165 160 162 160 152 143 140 143 161 185 203 210 208 206 206 204 214 215 214 208 198 198 200 205 207 208 207 207 207 207 206 205 206 205 204 203 203 203 204 204 205 203 200 198 199 199 196 192 187 186 192 201 206 208 209 207 201 203 203 193 190 190 184 181 178 179 186 194 201 205 207 212 213 215 216 218 218 214 211 215 214 214 211 209 209 208 209 213 220 221 214 208 204 203 206 208 210 214 216 214 209 207 207 213 219 214 200 187 172 163 168 185 195 204 203 201 200 198 195 201 207 215 218 216 211 206 203 197 195 195 195 195 201 205 204 
205 197 187 194 196 187 187 192 191 199 210 216 218 217 216 216 217 218 218 215 210 205 200 197 203 203 207 207 203 206 212 211 217 216 218 218 216 217 218 218 216 216 213 213 215 216 214 215 214 211 208 208 209 211 213 214 215 214 213 210 208 208 209 210 208 212 211 208 206 198 194 198 203 209 215 216 216 218 219 218 219 212 201 172 122 92 125 184 205 215 217 215 218 217 214 215 215 215 209 193 174 161 169 187 206 213 212 215 213 207 188 149 89 50 84 133 178 193 206 217 207 193 155 107 90 137 180 185 175 124 76 81 123 159 166 159 116 78 96 137 160 161 166 177 189 195 196 192 184 176 183 204 211 209 210 205 199 201 207 212 214 213 212 211 211 211 211 211 213 209 206 205 202 195 189 187 178 177 169 166 165 168 180 185 181 162 133 123 154 183 195 210 207 213 208 213 207 195 170 119 60 72 132 172 197 211 208 209 209 208 208 209 209 208 208 209 212 206 209 208 197 183 166 156 162 184 198 200 206 209 205 202 206 206 206 206 207 208 208 209 207 206 205 205 206 207 207 207 206 206 206 206 207 207 208 208 210 209 209 210 211 210 209 209 208 208 208 208 209 211 212 213 213 212 212 214 216 216 214 214 213 205 182 135 108 95 101 148 178 194 197 193 195 196 197 204 202 202 198 194 194 193 190 190 185 186 188 187 189 196 196 189 185 176 170 165 163 167 171 178 190 197 204 205 205 203 198 193 182 178 178 187 197 203 204 203 205 206 204 199 193 188 188 192 194 190 186 178 166 162 163 163 163 160 154 154 165 175 181 183 177 189 194 190 190 193 189 183 190 185 182 184 185 187 185 179 182 179 175 176 180 180 173 166 157 167 184 201 210 209 206 203 201 209 210 211 207 199 198 196 197 201 202 199 197 198 197 195 195 196 195 194 193 194 194 193 189 191 190 186 183 182 182 181 180 176 178 190 200 203 204 206 205 201 203 203 197 194 195 195 190 190 193 199 207 214 217 220 218 220 221 220 222 224 220 213 210 216 219 215 210 208 207 207 209 216 218 214 208 202 199 202 201 204 209 214 216 214 211 209 213 221 221 211 199 186 177 176 192 209 222 221 214 210 205 199 196 200 206 212 214 210 203 198 193 193 195 198 198 202 207 207 
198 187 174 181 188 181 182 190 192 198 209 217 219 219 218 217 218 218 219 218 217 214 212 210 209 212 214 214 213 214 216 217 216 216 213 215 215 214 215 214 215 213 212 212 214 214 215 215 214 212 210 207 207 208 208 209 208 208 208 209 210 213 212 213 213 217 213 208 202 186 177 183 194 202 212 216 216 217 217 217 215 215 206 191 150 102 107 160 193 211 218 215 217 218 215 217 216 213 206 187 152 126 141 177 205 213 212 215 213 206 187 143 83 68 126 172 195 193 198 207 209 192 165 132 114 128 151 154 138 114 96 107 138 164 174 179 153 119 129 148 164 162 164 173 188 197 204 204 197 195 202 212 211 213 214 213 213 213 213 213 211 210 210 210 209 208 206 202 196 193 189 185 179 171 165 162 157 157 151 151 153 158 174 187 187 184 165 148 159 181 191 203 208 213 208 210 209 202 184 153 92 65 104 155 185 201 211 209 207 206 206 207 207 206 206 207 209 205 210 208 202 196 188 183 175 190 197 196 203 208 205 203 206 206 206 206 206 207 207 208 207 206 206 206 206 207 207 207 206 206 206 206 206 206 207 207 209 208 208 210 211 210 208 208 208 207 207 208 209 210 212 213 212 212 212 212 215 214 213 214 212 211 202 166 131 108 95 118 161 184 193 192 195 196 197 206 197 199 193 185 184 186 187 189 192 192 195 197 198 201 201 196 186 179 174 169 171 177 178 183 191 196 203 206 206 206 203 198 190 184 181 186 195 201 205 207 207 206 204 200 192 190 192 191 198 188 180 171 163 168 176 178 169 164 161 167 181 187 185 183 171 178 189 195 193 191 190 187 181 181 181 181 182 190 196 196 194 197 198 196 198 201 200 195 192 191 195 201 206 204 200 196 196 200 201 205 203 196 196 193 193 195 195 192 187 183 182 181 181 182 182 180 179 180 181 180 183 184 184 183 180 180 180 181 177 176 178 186 193 196 198 199 203 206 209 210 208 207 206 205 197 195 197 202 208 214 218 221 223 225 226 225 227 229 227 222 215 216 218 217 213 210 207 207 207 212 215 217 214 206 201 203 201 205 211 217 223 224 220 217 216 219 221 218 210 201 194 192 198 210 222 223 218 213 207 203 200 203 207 212 217 214 203 192 182 182 188 195 195 198 202 205 
195 189 176 181 194 197 200 205 205 207 214 218 219 219 217 217 218 217 216 215 216 217 217 216 217 217 216 215 215 212 210 213 210 212 209 210 213 212 213 212 214 212 212 212 211 213 215 215 214 213 212 207 203 201 200 199 199 200 202 206 212 216 215 215 216 218 210 201 187 164 150 155 181 195 209 217 217 219 216 214 215 221 211 198 171 116 95 131 181 205 216 213 216 217 215 217 216 212 206 186 142 109 131 180 207 215 212 215 212 205 185 139 77 51 93 127 155 171 191 202 204 200 190 160 143 142 156 154 153 154 150 152 168 186 194 197 181 163 169 171 178 181 187 192 203 205 213 212 207 211 216 212 214 213 210 210 216 212 208 212 203 202 199 194 189 187 183 176 174 170 165 159 157 155 154 151 146 149 146 149 154 158 175 189 197 200 194 174 171 186 195 199 209 210 209 206 211 211 197 184 142 87 99 150 177 188 207 199 201 200 200 201 200 199 199 200 199 199 202 201 199 196 191 197 187 192 193 194 201 203 204 210 206 206 206 206 206 206 206 207 206 206 205 206 206 207 207 206 206 206 206 206 206 206 206 206 208 207 208 210 211 209 208 207 207 207 207 207 208 210 212 213 214 215 214 212 214 214 213 215 212 216 211 190 154 119 103 95 136 168 187 193 200 198 195 202 194 195 188 182 185 194 198 198 201 198 199 201 200 199 199 198 192 185 179 170 169 177 183 190 192 194 199 201 203 206 205 203 197 189 184 185 190 196 203 208 205 204 207 205 196 191 188 182 182 178 178 175 169 172 181 182 181 170 160 164 177 180 174 171 168 164 176 191 191 185 184 185 179 187 192 191 188 191 197 194 201 202 203 203 206 209 211 210 207 200 193 193 196 196 194 192 190 190 193 203 202 195 196 195 196 194 193 189 182 175 173 175 177 179 179 178 178 181 185 186 190 191 192 193 194 194 195 197 196 195 194 193 194 196 198 198 199 208 213 214 217 217 213 209 205 200 197 200 207 215 221 224 225 226 226 226 226 227 226 225 218 212 210 215 219 217 212 211 213 214 217 223 225 216 210 210 210 212 215 218 222 225 225 222 216 214 218 222 219 214 214 214 217 219 222 225 225 220 213 208 199 202 204 207 212 211 196 178 168 169 178 188 190 191 196 201 
201 198 195 197 203 210 214 215 215 216 218 219 219 219 219 219 218 218 218 218 219 219 219 218 217 216 214 212 211 211 210 209 210 209 207 208 210 211 212 214 214 212 210 208 210 212 214 215 216 216 214 212 210 208 200 191 183 180 184 191 200 208 211 211 215 212 207 193 171 140 133 161 188 206 216 215 215 219 218 216 218 216 215 207 190 142 99 103 159 196 212 215 216 212 216 216 215 215 204 180 137 109 134 184 208 210 208 209 208 202 176 134 71 44 75 121 145 165 180 195 198 206 201 188 174 163 156 160 163 160 160 172 189 205 211 207 198 201 203 205 209 209 211 214 212 208 209 212 210 213 215 211 212 211 210 211 212 210 202 195 182 175 171 169 166 166 163 160 156 157 157 152 148 149 150 151 156 160 170 177 179 187 197 202 210 204 196 190 183 180 187 195 194 201 198 193 192 194 189 176 143 89 75 120 163 178 181 183 181 180 179 178 177 177 177 177 176 177 179 179 179 176 174 172 175 174 176 181 185 191 195 195 198 199 201 202 204 206 205 205 208 207 205 205 206 207 207 206 205 205 206 206 208 206 205 208 207 208 209 209 209 209 208 208 210 207 206 207 209 211 211 212 210 211 212 212 211 212 213 215 211 214 210 206 182 143 115 101 102 145 183 190 192 196 192 194 197 190 189 189 185 188 197 199 198 198 199 201 201 202 202 201 200 191 182 180 186 192 195 196 194 189 194 202 205 208 208 202 195 192 187 184 186 192 198 202 203 202 203 203 200 190 180 175 172 168 168 178 187 186 186 192 181 170 168 170 168 167 166 162 170 176 180 184 187 184 181 184 188 186 191 192 180 174 183 193 196 201 205 205 205 206 207 205 205 205 200 193 189 193 191 182 177 174 181 193 197 197 199 201 200 203 196 188 187 187 187 190 192 192 193 195 196 197 199 200 204 207 209 209 210 211 212 211 209 210 211 210 207 204 204 204 205 209 214 222 224 221 221 215 204 200 197 198 203 208 214 219 221 227 224 225 229 226 226 228 217 202 198 201 209 215 214 215 216 217 219 221 224 223 217 210 206 209 211 212 218 223 224 222 217 215 215 219 221 221 220 221 221 220 223 225 225 225 220 212 206 203 200 200 205 197 175 168 153 166 180 188 192 196 200 203 
212 211 211 213 217 219 219 218 216 217 219 219 219 219 219 219 219 219 218 219 219 219 218 217 216 214 212 210 209 208 208 207 206 206 205 206 208 210 212 214 216 215 213 212 214 215 216 216 216 216 215 213 211 207 197 185 171 160 158 165 177 190 200 206 208 202 196 178 148 133 147 179 199 212 219 216 216 218 217 216 217 218 216 212 200 161 120 109 148 185 204 212 216 213 214 214 213 213 202 176 129 91 114 170 192 194 192 195 197 194 173 139 87 82 121 154 160 162 170 186 191 204 210 207 201 191 182 181 181 183 191 202 210 217 215 209 214 213 211 210 210 213 212 209 204 198 198 204 208 209 210 211 212 211 210 210 211 207 199 190 174 162 156 157 155 152 152 151 154 155 157 160 165 173 179 182 193 195 202 207 206 205 204 200 195 191 186 180 172 167 168 172 172 178 175 173 172 170 162 146 111 52 22 54 102 130 137 131 131 131 130 129 129 129 129 130 126 128 130 133 135 136 137 137 140 141 144 150 158 165 172 175 172 174 177 177 179 182 186 189 195 198 202 205 207 207 206 205 208 208 206 206 210 209 207 209 208 208 210 211 210 208 208 208 212 210 208 206 206 207 210 212 210 211 211 211 211 211 211 211 213 213 211 212 200 170 136 107 97 119 158 183 192 198 196 194 195 192 190 189 187 189 196 200 200 200 200 201 201 201 201 201 196 192 187 186 191 197 200 200 197 191 194 200 204 206 207 203 195 189 181 176 178 184 192 198 200 201 201 203 203 196 185 177 172 169 165 167 178 189 195 199 183 173 170 171 169 165 156 144 149 163 172 179 186 188 185 182 177 180 181 182 181 175 178 191 193 196 200 201 202 203 204 203 205 205 202 196 189 187 183 173 170 171 176 183 190 200 206 205 205 205 200 194 192 193 196 200 207 207 208 209 209 209 210 211 211 214 216 216 216 218 218 217 217 218 219 220 218 215 210 207 211 213 214 219 220 218 219 212 209 202 195 194 196 201 207 212 212 218 217 221 224 225 227 225 215 196 188 192 204 214 213 211 211 212 214 217 221 223 219 214 209 209 210 213 219 223 224 223 222 218 215 217 221 222 219 217 219 217 217 219 221 223 222 215 213 205 198 198 204 196 168 150 146 157 174 192 200 200 201 206 
219 219 220 221 221 221 219 218 218 218 219 219 218 218 219 219 220 219 219 219 219 219 218 217 214 212 209 207 206 206 207 207 207 208 208 209 210 212 214 217 217 217 217 216 217 217 217 216 216 216 216 215 214 209 199 189 178 161 152 150 155 162 177 187 194 187 182 155 129 138 169 195 209 217 219 218 217 218 217 218 216 220 216 215 209 184 152 127 145 176 198 208 215 214 214 213 214 213 200 170 118 70 85 143 175 178 178 184 188 189 180 160 121 119 145 162 162 164 169 183 197 208 215 216 215 211 205 203 203 205 210 213 212 212 212 209 205 204 204 201 197 202 209 208 198 195 192 197 207 212 213 214 208 208 207 207 208 204 195 185 169 155 149 155 159 161 166 171 182 187 193 199 202 203 202 201 203 196 192 191 189 188 185 180 184 177 164 148 135 128 125 124 118 115 102 91 83 74 64 51 33 12 4 9 15 18 19 16 14 14 14 13 13 14 14 15 17 17 18 20 22 24 26 27 37 42 50 60 73 88 100 107 125 133 144 151 155 159 164 168 169 170 172 173 175 181 190 196 199 203 203 205 208 210 208 208 210 209 209 209 209 210 210 210 206 207 208 207 207 207 208 208 210 210 210 210 211 211 211 210 214 212 212 216 214 196 163 123 102 98 131 172 187 193 192 190 194 195 193 190 188 188 192 198 199 199 199 200 200 200 200 200 201 199 193 186 187 194 200 203 199 193 193 196 200 204 206 204 205 199 189 179 177 180 186 191 203 204 205 206 208 204 192 182 172 167 160 160 169 181 188 190 184 178 175 173 169 160 146 132 135 149 157 158 167 178 179 175 173 178 172 173 185 182 177 185 192 194 197 200 202 202 203 204 202 203 203 200 191 185 178 169 172 171 175 182 190 203 210 209 211 206 203 199 196 197 203 207 213 214 216 216 216 215 216 216 218 220 222 222 222 223 224 223 224 223 224 225 226 223 217 212 214 213 210 214 213 210 210 202 200 196 193 194 198 201 204 206 208 213 214 217 219 221 224 216 203 181 171 176 195 214 217 215 211 212 213 216 221 224 223 221 214 212 211 216 220 223 225 225 227 222 216 215 220 223 221 216 218 215 214 216 219 223 223 218 214 210 205 196 194 186 162 148 146 155 173 194 203 198 196 199 
218 218 218 218 217 217 217 217 219 219 218 218 217 217 218 218 219 219 219 219 219 219 218 217 213 211 208 206 206 208 210 211 213 214 215 215 215 215 217 219 217 217 218 217 217 216 216 215 217 216 216 215 216 216 210 205 199 188 177 165 153 151 155 157 165 162 154 129 120 154 187 201 214 217 216 216 217 217 216 217 217 220 214 216 212 198 180 155 156 178 197 205 212 214 214 214 213 212 199 175 133 88 97 145 159 163 165 174 183 189 191 185 168 166 172 178 183 192 197 206 209 214 216 213 213 214 213 211 206 202 201 205 209 210 206 201 192 188 194 197 190 187 187 183 175 177 172 177 197 210 211 210 209 209 209 210 209 207 200 194 183 174 175 185 191 197 201 204 201 204 204 202 197 192 186 182 182 176 171 168 160 146 128 113 101 91 73 51 36 27 22 19 14 11 2 0 0 0 2 0 0 0 4 5 0 0 1 1 1 1 1 1 1 1 2 2 1 1 1 1 1 1 1 1 0 0 0 0 1 3 6 9 8 15 26 39 51 66 80 90 114 123 136 146 152 156 160 162 170 177 181 182 188 196 201 206 208 209 210 210 210 209 208 207 206 207 207 207 208 209 209 209 209 208 208 209 211 212 212 212 213 214 214 216 212 207 185 147 111 90 106 149 177 189 192 195 196 200 197 192 190 188 189 197 199 199 199 200 201 201 201 201 205 203 197 187 184 190 197 202 199 194 190 191 195 199 203 204 204 201 196 188 183 184 189 194 203 206 207 205 206 204 194 183 173 164 162 171 181 187 191 193 193 188 184 178 165 145 129 120 129 139 142 143 155 171 178 177 168 173 171 174 182 182 177 181 187 185 186 192 196 197 198 201 202 202 204 204 198 191 182 173 162 156 161 178 191 202 212 218 216 208 206 203 197 198 205 208 213 217 220 220 220 220 220 220 219 221 222 223 223 223 224 224 226 224 223 224 226 226 223 220 214 211 207 208 205 202 200 192 190 189 190 195 201 205 206 206 207 210 212 214 213 216 218 207 188 168 159 166 188 212 220 221 216 215 215 217 220 223 225 225 222 216 213 215 218 220 222 225 226 223 217 214 216 221 222 219 219 216 216 218 219 223 224 222 218 214 207 188 176 167 153 146 143 156 174 192 199 197 195 194 
218 218 219 218 217 218 219 220 219 218 217 216 216 217 217 217 218 218 218 219 219 219 218 217 214 211 209 207 209 212 215 217 217 218 219 218 217 216 216 218 217 217 217 216 216 215 215 215 218 216 215 216 217 218 217 215 213 210 203 189 176 166 154 140 128 117 102 94 116 161 191 207 216 216 216 215 217 216 214 215 217 218 214 216 213 204 198 180 174 185 198 205 210 214 214 214 212 212 203 187 162 132 133 162 158 164 168 179 190 196 202 203 196 201 207 207 209 213 213 215 211 214 216 215 214 213 209 200 193 191 191 193 189 188 189 190 185 169 168 179 180 177 170 159 151 152 153 169 194 207 207 208 209 210 210 208 208 208 206 204 202 201 205 208 208 206 200 194 192 190 184 178 172 163 151 140 112 95 76 59 43 31 20 13 7 8 4 1 1 1 2 1 5 7 4 7 7 4 7 6 10 6 3 2 3 7 6 3 4 4 4 4 4 4 4 4 5 5 5 5 5 5 5 5 3 4 4 3 2 1 2 3 3 3 1 1 1 1 1 3 9 14 23 35 50 71 92 106 126 139 153 161 169 175 180 184 188 193 200 206 210 210 210 210 211 210 207 204 205 207 208 208 208 207 206 207 209 211 212 212 214 216 216 215 212 214 204 173 133 101 91 119 161 185 189 197 200 204 202 196 196 193 195 202 204 204 203 204 203 203 202 202 198 201 200 193 189 191 196 199 200 197 192 190 193 197 201 205 202 202 199 191 183 180 183 188 195 200 202 200 199 199 193 187 182 172 172 181 187 190 191 189 191 185 182 180 168 146 129 126 112 119 125 132 148 164 171 174 158 163 173 177 175 177 182 184 187 182 182 186 193 196 199 202 204 202 204 206 203 197 188 179 164 155 158 173 186 198 210 217 220 214 212 210 201 199 204 205 212 217 222 222 221 221 221 221 220 221 222 223 223 223 223 224 226 225 224 224 226 226 226 226 220 214 206 204 200 197 198 192 194 193 193 195 199 204 207 207 204 207 208 210 208 211 212 200 181 166 164 173 190 209 218 221 217 216 214 214 215 218 221 223 224 217 212 212 213 215 219 223 223 224 221 215 213 216 220 222 219 216 217 217 217 220 224 225 225 212 195 173 159 152 138 128 134 156 177 190 198 205 203 197 
218 219 219 219 219 218 217 217 216 216 215 215 215 215 215 215 217 217 217 218 219 219 218 217 215 212 209 208 209 211 214 216 215 216 217 217 217 216 216 217 218 218 218 216 215 215 216 217 217 216 216 216 217 217 216 214 215 215 213 207 202 194 170 143 108 79 61 74 114 154 183 206 210 216 216 217 219 217 215 217 216 216 216 218 215 210 205 197 185 188 197 203 208 213 212 213 213 213 206 198 188 175 171 182 187 193 194 202 210 209 210 210 207 211 211 207 204 204 204 203 208 211 216 216 213 211 203 189 174 166 163 171 177 175 172 166 165 152 154 168 176 174 168 161 155 150 158 183 204 207 207 213 209 209 209 207 207 208 208 207 208 203 199 193 188 186 182 175 161 147 123 101 81 61 38 22 15 7 4 4 3 3 3 3 4 5 5 5 6 9 8 5 1 5 5 7 5 2 4 3 2 3 5 5 4 3 2 3 4 4 4 3 3 3 3 3 2 2 2 3 2 2 2 2 1 2 2 3 3 3 3 2 0 1 4 7 7 5 3 1 4 4 3 0 0 0 4 8 21 38 57 79 101 123 144 158 170 173 175 179 181 187 195 202 205 206 208 207 209 210 209 206 207 207 206 207 208 209 210 211 214 215 213 214 215 218 214 193 157 120 87 93 137 174 188 198 203 206 204 200 199 201 206 211 209 208 206 206 204 202 201 200 197 199 199 194 190 189 192 196 203 204 199 193 195 198 201 206 206 205 201 191 181 176 177 180 189 196 200 200 200 200 199 198 191 183 179 176 176 183 183 174 179 175 175 181 181 165 149 146 130 133 135 142 157 168 175 180 162 162 170 178 180 185 188 185 186 183 180 184 192 199 202 205 204 201 202 204 202 198 189 179 175 168 164 167 176 192 205 208 220 218 217 213 205 200 200 200 207 214 220 221 220 220 219 218 222 222 223 225 225 224 225 226 225 225 226 227 226 226 226 226 225 219 208 202 195 194 200 198 199 200 202 202 203 204 204 203 206 210 209 210 208 207 206 196 180 170 176 189 201 213 216 218 217 215 213 212 212 213 217 221 223 219 214 213 213 215 219 223 224 227 226 221 216 215 219 223 219 215 214 214 213 215 220 222 220 202 184 163 148 143 134 126 141 165 187 198 204 210 207 198 
218 218 218 218 217 216 214 213 215 215 214 214 215 216 215 215 217 217 217 218 219 218 217 216 214 211 207 204 203 204 206 207 208 209 211 213 216 217 217 218 217 218 218 217 216 216 217 218 217 216 216 216 216 216 215 214 217 217 216 216 214 207 184 158 116 83 75 96 123 147 168 186 193 203 209 212 216 217 217 217 215 215 217 216 216 214 207 204 194 189 195 199 204 212 211 213 212 212 211 210 207 206 206 207 210 215 210 211 216 212 209 207 211 209 203 195 187 187 192 191 195 199 207 210 209 210 201 185 166 129 98 105 135 162 167 162 160 164 177 190 196 190 180 171 174 171 181 199 206 204 205 208 210 208 207 204 203 199 196 191 185 178 175 166 148 122 94 72 53 43 27 14 10 12 12 12 7 5 8 13 11 9 8 6 6 6 5 2 3 3 4 4 5 7 5 5 4 3 6 5 4 4 1 2 4 3 2 4 4 4 4 4 4 3 3 3 3 3 2 2 2 1 1 1 3 3 2 2 3 3 2 2 7 5 3 2 0 1 2 2 2 3 4 5 4 3 2 2 2 0 0 0 3 15 31 46 75 94 121 145 159 168 174 177 182 190 198 202 203 206 207 206 205 206 208 209 209 210 210 211 213 214 211 215 218 216 214 206 175 135 95 83 112 159 188 201 206 205 204 201 200 205 212 214 211 210 208 206 203 200 199 198 201 199 198 195 191 187 189 193 202 205 201 194 193 193 196 202 200 200 198 193 189 186 186 187 190 194 201 204 204 204 205 206 195 187 182 178 176 183 185 176 178 179 178 181 185 176 164 159 158 157 151 150 159 168 174 176 175 173 173 179 185 184 180 177 176 174 174 177 187 195 200 200 200 199 201 203 202 200 193 184 172 165 159 160 168 185 200 205 213 218 218 214 208 200 195 193 204 213 221 222 221 222 222 221 222 222 223 225 225 224 225 227 224 225 226 226 227 226 225 225 227 223 213 205 197 195 202 203 200 204 208 207 205 202 199 197 205 211 211 213 212 206 201 195 185 177 185 201 212 218 217 219 220 218 216 214 213 213 217 221 224 223 220 215 213 215 218 220 224 226 227 226 221 217 217 219 221 216 214 215 213 213 213 212 202 185 171 149 134 136 142 146 163 178 195 208 213 210 206 201 
219 218 217 216 216 216 216 215 214 214 214 214 216 216 216 215 217 217 217 218 218 217 216 214 213 209 204 200 197 197 197 197 199 200 203 208 213 216 217 218 216 217 218 218 217 217 217 217 217 216 215 215 216 216 217 218 217 216 216 216 213 207 191 172 135 107 113 132 136 147 156 158 171 184 196 203 209 214 215 217 216 215 217 212 214 217 206 205 200 190 192 193 199 210 211 215 213 212 214 214 209 210 214 209 208 211 201 199 204 202 200 199 196 197 195 188 173 167 174 174 174 181 194 204 208 211 204 188 156 133 119 124 142 160 175 180 181 186 190 197 206 209 203 195 191 194 203 206 203 206 210 207 203 199 193 189 187 180 170 161 140 114 83 63 45 31 23 18 22 26 28 23 15 13 15 17 12 9 10 13 10 6 5 4 5 5 6 6 6 5 5 5 3 7 4 5 5 4 6 3 3 4 3 3 6 5 3 4 3 4 4 4 4 4 4 4 4 3 3 3 3 3 4 4 4 2 1 0 1 3 2 1 2 2 3 3 3 2 2 3 4 3 2 3 3 4 3 2 2 3 3 4 3 1 1 2 0 3 16 31 50 79 110 133 151 160 170 172 177 185 196 202 203 206 209 211 212 212 212 213 213 215 212 216 217 211 212 213 196 155 116 86 90 135 176 190 206 203 202 200 197 204 213 213 213 211 209 207 204 201 200 199 199 198 201 203 199 191 188 191 195 201 196 188 186 185 185 192 198 197 196 195 194 193 190 188 190 193 200 204 205 203 203 203 202 189 186 187 182 181 182 175 172 180 180 178 182 180 173 171 173 172 165 161 168 175 179 177 177 184 182 179 178 167 161 170 170 170 171 175 186 196 200 198 197 199 204 205 205 205 201 193 179 165 160 165 171 180 193 204 207 216 218 213 210 201 192 190 198 208 217 219 219 221 221 220 222 221 222 224 225 224 224 227 226 225 225 225 227 227 227 227 228 226 219 212 202 198 205 205 203 205 206 201 196 194 192 191 198 207 208 212 215 207 201 198 195 183 189 206 217 220 217 218 222 220 218 216 213 213 216 221 223 225 222 216 212 212 213 213 220 220 222 225 223 217 213 212 223 218 217 219 218 213 208 202 190 171 153 131 119 129 147 162 177 181 195 213 219 212 209 211 
218 218 219 219 218 217 216 215 215 216 216 216 216 215 216 216 217 217 217 218 218 215 212 209 209 201 199 200 189 173 177 192 198 198 198 198 200 204 212 218 221 216 213 216 219 217 216 216 216 217 218 217 216 216 216 217 215 221 215 216 211 201 184 155 121 135 151 165 172 167 155 149 154 159 170 185 194 200 208 215 214 216 216 213 214 214 208 202 196 186 187 195 198 203 212 212 212 212 210 211 211 205 200 200 203 201 193 185 184 181 183 187 183 183 184 180 154 110 102 127 155 167 175 193 203 203 208 196 182 174 169 169 170 174 186 201 202 196 198 206 212 215 213 207 211 209 210 210 203 197 194 194 187 178 169 158 136 108 82 66 52 37 27 32 39 37 30 25 27 35 38 29 17 12 15 19 11 10 9 9 9 8 7 6 5 5 5 4 4 4 4 4 4 4 4 4 4 4 4 4 5 5 5 5 5 5 5 5 5 5 5 4 4 4 4 4 4 4 4 4 4 4 4 4 4 4 4 4 4 4 4 4 3 3 3 3 3 3 3 3 2 2 2 2 2 2 2 1 2 2 2 2 2 2 2 3 3 2 1 0 0 0 7 15 44 65 98 125 145 157 166 173 183 189 198 207 214 213 212 216 212 214 215 216 218 215 211 211 204 181 131 98 83 114 159 185 201 203 200 194 195 203 209 210 210 212 212 210 208 207 205 202 200 198 199 201 200 194 190 188 187 184 191 183 176 179 183 194 201 203 204 202 202 197 184 173 177 184 195 202 201 203 204 200 205 191 175 172 178 177 175 176 179 182 184 183 182 185 186 180 188 184 184 181 178 186 192 190 190 187 182 176 167 154 152 160 163 166 167 172 183 193 197 200 202 200 202 198 196 198 196 197 190 178 172 175 174 175 180 187 200 208 219 216 207 204 197 183 197 204 215 222 222 218 219 222 223 224 224 225 225 225 225 225 226 226 226 226 225 225 227 228 229 226 223 216 206 198 200 206 208 205 204 200 194 194 197 197 199 205 205 205 211 212 206 203 198 197 198 204 215 221 219 214 220 219 223 214 209 215 213 211 218 219 224 220 213 210 206 207 214 218 222 224 223 221 216 212 215 221 220 216 217 209 188 174 167 142 136 131 115 125 153 162 174 195 205 211 218 212 209 210 
218 218 218 218 218 217 217 216 215 216 216 216 215 215 216 216 217 217 217 217 216 213 209 207 207 203 200 197 182 167 164 173 186 191 196 198 199 198 201 204 211 216 219 219 216 214 215 217 216 216 215 216 216 216 215 215 212 216 213 209 205 193 166 136 128 154 180 194 200 194 181 170 156 152 155 167 182 195 205 210 211 213 214 213 212 208 200 191 192 184 179 184 196 202 208 213 211 211 210 210 209 202 194 192 187 192 186 166 156 155 148 135 149 168 177 168 148 125 119 133 154 160 170 193 203 200 209 206 195 186 178 178 185 194 205 214 212 210 211 211 210 213 216 215 206 203 200 197 193 186 172 158 133 115 91 72 54 45 50 55 54 45 38 38 44 44 36 28 28 33 33 24 15 11 12 13 8 8 7 7 7 6 5 4 5 5 5 4 4 4 4 4 4 4 4 4 4 4 4 4 5 5 5 5 5 5 5 5 5 5 5 5 5 4 4 4 4 4 4 4 4 4 4 4 4 4 4 4 4 4 4 4 4 4 4 4 4 4 4 4 2 2 2 2 2 2 2 2 2 2 2 2 2 2 2 2 0 1 3 5 4 2 2 4 0 3 5 13 35 68 105 131 152 168 178 180 187 198 208 212 218 216 211 208 211 214 213 214 207 189 157 113 92 92 137 174 196 198 200 192 191 197 201 212 211 212 211 209 208 207 205 202 201 198 196 195 193 188 183 179 181 182 180 178 174 173 183 192 200 202 202 199 200 198 190 183 182 185 193 199 201 204 207 205 191 181 166 160 165 174 185 195 197 195 194 189 182 180 182 181 183 179 179 180 181 187 195 198 193 185 172 165 159 152 153 162 156 164 170 173 181 187 191 195 192 193 196 189 186 189 187 189 194 182 175 172 167 166 171 177 193 201 213 219 213 202 193 187 195 204 214 219 220 220 221 221 221 222 222 223 223 224 224 224 225 225 226 226 225 225 226 227 226 227 225 217 207 201 200 200 205 203 203 204 202 202 201 199 197 204 206 203 202 201 200 201 202 200 199 203 212 219 217 212 214 216 222 217 213 214 211 214 218 217 222 221 216 209 204 209 211 218 224 226 226 224 218 210 213 221 222 217 214 204 182 164 154 135 132 129 117 127 154 164 181 203 211 212 220 222 217 210 
217 217 218 218 218 218 217 217 216 216 217 216 216 216 216 217 217 217 217 216 214 210 206 204 204 205 206 202 194 187 187 191 188 191 195 195 194 194 194 196 203 210 215 215 215 217 217 214 219 217 216 216 217 218 217 216 217 218 214 203 195 176 139 117 142 173 199 208 210 211 203 193 182 173 166 170 180 192 201 207 216 212 205 200 197 193 190 188 185 185 179 181 196 201 202 210 212 213 211 210 206 194 180 173 163 171 165 139 120 128 138 132 138 168 187 182 174 171 170 176 169 173 176 193 201 202 213 214 209 205 201 202 206 212 215 215 216 213 211 211 209 209 204 193 195 188 178 165 143 120 92 69 54 52 58 64 57 48 48 51 57 53 45 40 41 44 36 26 20 22 20 15 10 8 7 6 6 6 5 5 5 5 4 3 5 5 5 4 4 4 4 4 5 5 5 5 5 5 5 5 5 5 5 5 5 5 5 5 5 5 5 5 5 5 4 4 5 5 5 5 5 4 4 4 5 5 5 5 5 5 5 5 4 4 4 4 4 4 4 4 4 4 4 3 3 3 3 3 2 2 2 2 2 2 2 2 3 2 2 3 3 2 1 0 1 1 2 1 0 3 8 12 49 86 126 148 163 174 181 184 199 206 213 216 217 213 210 211 214 202 183 142 107 81 108 152 183 194 202 196 195 196 194 208 211 211 210 209 208 208 206 203 197 196 193 193 196 197 194 191 178 178 163 162 163 160 176 187 194 199 203 204 204 202 193 186 183 183 189 198 202 203 202 198 183 178 167 160 165 176 189 200 205 198 193 188 179 175 176 177 179 176 172 172 173 173 177 184 186 186 182 176 166 153 151 159 166 170 168 165 169 176 184 189 182 179 181 176 173 176 181 192 194 188 183 179 171 169 171 173 181 193 208 218 218 208 197 194 192 202 213 217 218 221 221 219 221 221 222 222 223 224 225 226 224 225 225 226 225 225 226 226 224 228 227 219 210 205 200 195 202 202 204 204 201 198 195 191 193 196 198 196 193 195 200 200 203 200 198 200 206 211 212 209 206 209 218 220 220 215 211 216 212 211 219 221 213 198 184 184 191 204 215 221 223 224 219 212 209 215 221 219 214 206 186 165 160 150 150 149 139 142 159 168 180 197 201 205 216 221 218 211 
217 217 217 217 218 218 218 218 217 217 217 216 215 215 215 216 216 216 216 214 211 207 204 202 204 211 215 212 206 203 200 198 196 196 196 195 195 195 195 195 196 199 203 207 212 217 218 215 216 215 215 215 215 215 214 214 215 214 211 198 187 165 135 133 167 192 209 211 210 213 211 209 201 195 188 185 185 188 194 199 200 197 194 191 189 186 185 186 171 179 182 184 190 197 203 211 211 214 212 211 207 193 173 160 161 165 170 156 138 141 155 158 164 182 194 195 188 180 177 179 193 199 200 203 205 210 216 211 212 215 216 212 209 210 211 210 214 208 199 194 195 197 191 179 161 136 113 95 77 64 62 66 66 61 64 69 62 51 49 52 50 47 37 28 24 26 22 16 10 10 9 7 6 7 6 4 5 5 5 5 5 5 4 4 5 5 5 5 5 5 4 4 5 5 5 5 5 5 5 5 5 5 5 5 5 5 5 5 5 5 5 5 4 4 4 4 5 5 5 5 4 4 4 4 5 5 5 5 5 5 5 5 4 4 4 4 4 4 4 4 5 4 4 4 4 4 4 4 3 3 3 3 2 2 2 2 5 2 0 0 1 2 2 3 6 6 6 4 2 1 2 2 1 3 12 36 70 105 140 166 173 180 189 200 209 208 208 213 216 209 197 173 129 97 88 123 165 190 199 198 200 194 193 200 208 210 211 210 210 209 208 206 205 203 199 197 199 202 200 196 180 176 158 155 160 161 170 183 190 197 203 207 207 203 195 189 179 176 181 192 199 203 203 201 191 181 164 153 156 167 181 194 201 194 188 184 178 176 175 172 175 176 173 172 175 174 176 184 187 188 184 176 166 155 155 163 169 172 171 170 174 177 176 175 182 174 175 175 170 168 176 196 200 199 198 192 179 171 167 162 166 186 200 207 214 212 202 194 193 200 208 214 218 218 218 218 222 222 222 222 223 224 225 226 224 224 225 225 225 225 225 225 223 225 224 218 211 205 200 195 198 200 206 208 203 200 198 196 186 182 183 185 187 194 201 198 206 205 202 203 205 208 210 210 202 206 212 218 222 214 204 203 197 190 190 186 179 170 159 159 172 188 206 214 218 223 222 217 211 210 216 220 218 212 200 181 180 179 182 182 172 167 171 175 186 190 189 198 209 212 214 213 
218 218 218 218 217 217 217 217 216 216 215 214 213 212 213 213 215 215 215 213 210 205 203 203 204 214 221 220 216 210 202 193 194 193 195 199 203 203 198 192 189 189 193 198 203 206 211 217 215 216 217 216 215 214 214 215 215 212 207 193 175 151 138 156 183 198 209 211 210 208 205 205 201 199 197 192 190 189 190 193 190 189 187 184 181 180 184 188 183 185 189 183 174 183 198 203 208 211 210 210 210 201 183 169 178 177 183 184 176 179 186 185 187 190 198 207 209 203 200 204 204 210 211 210 209 211 210 201 207 211 212 206 200 198 203 206 204 199 191 180 166 154 136 117 93 79 71 72 73 73 78 81 68 61 61 66 61 48 40 37 30 24 17 11 8 7 6 4 6 6 6 6 6 6 6 5 5 5 6 6 6 5 5 5 5 5 5 5 5 5 5 5 5 5 5 5 5 5 5 5 5 5 5 5 5 5 5 5 4 4 4 4 4 4 4 4 4 4 4 4 4 4 4 4 4 4 4 4 4 4 4 4 4 4 4 4 4 4 4 4 5 5 5 5 5 5 5 5 5 5 5 4 4 4 4 4 1 2 3 4 4 4 3 2 0 0 2 3 4 3 3 3 2 1 0 0 0 7 35 68 109 143 166 171 180 200 211 210 213 213 209 194 160 122 89 99 143 182 194 199 199 190 196 197 203 208 212 213 211 210 209 208 207 205 202 199 199 201 200 196 186 178 166 160 166 169 166 179 186 191 199 202 204 203 201 198 194 184 181 186 193 200 205 206 199 188 172 162 159 159 168 182 193 194 195 191 184 182 180 173 173 179 177 175 179 180 179 182 191 187 181 177 175 168 164 166 170 175 177 178 182 183 178 175 177 175 177 174 167 165 171 185 197 200 203 197 184 173 165 157 168 181 191 200 212 214 205 197 195 196 202 212 217 216 216 219 222 222 221 221 221 222 223 223 223 222 222 221 220 219 219 218 219 217 215 213 208 202 199 199 200 201 206 208 204 200 194 188 177 172 173 177 181 191 197 194 202 204 206 206 204 203 203 203 204 204 204 209 213 205 191 179 169 163 161 155 156 158 153 150 166 184 205 215 219 223 224 221 219 211 212 218 220 217 210 198 193 197 203 205 199 192 190 190 202 200 194 198 204 208 215 217 
217 217 217 217 217 216 215 214 211 211 211 210 209 208 209 209 213 214 215 213 210 207 206 206 211 217 221 221 220 220 215 209 195 192 190 196 204 207 203 197 190 183 180 186 193 197 201 205 211 213 215 215 212 210 211 212 213 207 200 185 164 144 145 167 186 194 201 202 201 197 193 193 197 195 192 191 189 186 185 185 186 186 185 183 183 188 196 202 209 201 196 182 161 161 182 194 207 210 209 208 211 209 198 189 190 190 195 196 195 202 210 210 207 206 208 211 213 211 210 210 211 208 205 205 203 205 206 203 203 205 206 202 193 185 183 186 189 171 147 124 110 102 91 79 83 85 86 80 76 79 83 82 74 60 52 48 39 26 18 13 10 7 5 7 6 3 2 4 5 6 6 6 5 5 5 5 4 5 6 6 5 5 5 5 5 5 5 5 5 5 5 5 4 4 4 4 4 4 4 4 5 5 5 5 5 5 5 5 4 4 4 4 4 4 3 3 4 4 4 4 4 4 4 4 4 4 4 4 4 4 4 4 4 4 4 4 4 4 4 4 5 5 5 5 5 5 5 5 5 5 5 5 5 5 5 5 2 4 5 5 3 3 3 2 3 3 2 2 2 2 2 1 6 4 3 3 4 3 1 1 12 33 75 126 158 168 179 196 207 215 222 208 189 149 110 90 113 163 189 204 204 194 198 194 199 205 211 213 212 209 206 203 201 202 203 204 204 205 204 203 196 184 174 160 159 163 158 168 176 182 193 201 205 206 205 202 200 191 183 183 187 196 202 203 200 196 190 182 169 155 157 170 180 190 200 198 191 188 185 180 175 180 179 176 176 177 174 171 178 183 187 189 186 174 162 156 171 180 185 185 185 184 182 182 172 176 178 168 163 170 177 185 192 196 202 200 190 181 175 169 171 173 180 196 210 212 208 207 198 194 197 207 213 213 214 219 219 219 219 218 218 218 218 219 218 216 215 213 212 211 210 209 213 209 207 207 205 201 201 204 206 202 203 205 203 196 184 172 172 173 177 181 183 189 196 198 192 194 198 202 202 198 194 192 200 196 193 196 194 187 179 165 153 151 153 152 157 163 158 154 169 185 203 214 218 221 222 222 222 212 208 211 217 218 215 210 208 209 214 216 213 212 212 210 209 209 200 195 198 208 218 217 
217 217 217 217 215 213 211 210 208 208 208 207 206 207 208 208 212 214 215 214 212 209 210 211 219 218 217 216 217 219 218 217 205 197 190 190 198 205 206 203 195 186 178 180 188 195 195 193 200 202 204 204 202 200 200 200 196 195 188 183 169 160 171 185 193 196 197 194 194 192 189 190 191 190 187 185 184 182 181 181 181 188 195 200 203 209 212 212 215 207 198 181 150 134 153 185 202 209 210 208 210 210 206 202 197 202 208 209 207 207 207 206 206 205 205 204 201 201 203 203 207 201 196 189 185 190 194 196 190 190 190 187 169 147 137 138 126 111 100 96 97 99 97 89 85 94 98 86 71 66 66 63 45 32 23 18 12 7 5 4 4 4 5 6 7 5 5 6 5 5 5 6 5 5 4 4 4 5 6 6 5 5 5 5 5 5 5 5 5 5 5 5 5 5 5 5 5 5 5 5 4 4 4 4 4 4 4 4 4 4 4 4 4 4 4 4 4 4 4 4 4 4 4 4 4 4 4 4 4 4 4 4 4 4 4 4 4 4 4 4 5 5 4 4 4 4 4 4 5 5 5 5 5 5 5 5 5 6 5 2 1 3 5 5 3 3 2 2 1 1 2 2 1 3 2 0 2 5 4 4 1 1 1 18 60 114 153 174 184 199 211 210 206 176 141 106 96 133 174 198 206 203 196 195 196 202 209 212 212 207 200 193 195 200 206 209 207 202 198 198 199 191 179 165 156 156 159 163 169 177 190 200 205 206 203 201 190 184 179 177 181 190 199 200 202 201 195 183 168 153 154 164 170 181 194 199 195 191 188 183 176 175 177 178 178 178 177 173 167 177 186 187 181 169 159 155 161 175 186 191 191 186 178 175 178 181 183 173 168 173 177 183 185 190 198 199 192 185 178 171 169 165 171 186 199 205 208 206 200 195 195 200 205 206 208 211 212 212 212 212 212 212 211 211 208 207 205 204 204 205 205 204 206 206 206 206 206 206 208 210 209 205 205 206 204 200 192 182 178 183 186 186 186 185 187 191 185 183 184 189 193 192 189 186 190 184 182 186 174 168 175 170 159 157 159 160 166 175 178 182 186 193 202 209 214 217 220 221 220 216 208 204 211 217 217 216 219 214 216 218 217 221 224 221 211 210 202 197 198 206 217 215 
216 216 217 216 214 212 209 208 206 206 207 206 206 207 208 209 212 214 216 215 213 211 213 215 213 212 213 216 219 218 216 215 211 202 192 189 194 200 202 200 197 195 190 186 188 195 197 196 196 197 199 199 199 197 195 194 192 194 188 187 181 179 192 194 192 198 195 191 190 190 187 186 185 189 190 189 188 188 192 195 205 209 210 209 211 214 213 209 213 212 202 181 138 101 115 162 193 204 210 208 209 210 209 208 204 201 200 205 208 203 195 194 194 193 194 193 186 184 189 192 182 183 180 167 159 165 166 162 171 170 169 161 135 104 93 97 88 86 90 95 97 98 97 94 85 85 83 71 53 37 29 24 15 8 6 6 4 3 5 6 5 6 5 5 4 5 6 6 6 5 5 6 7 6 5 5 5 6 6 6 5 5 5 6 4 5 5 5 5 5 5 5 5 5 5 5 5 5 5 5 4 4 4 4 4 4 4 4 5 4 4 4 4 4 4 4 4 4 4 4 5 5 5 5 4 4 4 4 4 4 4 4 4 4 4 4 4 4 4 4 4 4 4 4 4 3 3 3 4 4 4 5 5 5 5 5 4 5 5 3 4 6 6 4 3 3 4 4 3 3 2 2 2 4 2 2 3 2 1 2 4 1 1 4 0 3 44 97 150 172 186 206 207 199 168 128 94 109 154 180 199 209 194 198 195 200 206 211 211 206 194 184 182 189 200 206 203 195 190 190 192 195 188 182 170 164 171 166 173 178 188 196 200 202 201 200 196 189 179 170 169 178 189 191 194 199 198 190 179 167 159 159 175 178 189 200 201 196 189 182 180 173 175 180 178 177 177 174 166 175 184 188 187 179 169 163 157 167 176 182 187 187 180 175 183 180 184 182 172 160 153 157 165 172 184 191 189 184 179 173 174 172 177 185 193 205 210 203 202 198 194 194 197 201 202 201 203 204 204 204 204 204 203 203 200 199 198 198 200 203 204 205 203 207 209 208 209 213 216 216 215 213 211 207 200 196 194 191 190 194 192 189 187 179 173 175 173 166 161 167 176 181 180 178 186 178 178 182 162 153 172 176 165 166 176 186 195 204 209 218 209 206 204 207 210 213 218 222 221 222 212 202 207 215 216 215 218 210 211 214 213 220 225 219 221 212 205 206 204 205 213 215 
214 218 214 216 211 207 211 204 208 206 207 210 211 214 215 212 212 214 214 211 208 208 208 208 210 208 207 209 213 217 216 215 213 209 202 196 193 194 199 204 198 201 202 203 200 196 193 191 192 195 198 197 195 193 192 191 194 193 191 191 193 198 201 201 200 199 198 197 197 197 199 199 203 203 202 201 202 204 208 211 214 214 214 213 213 212 212 212 209 214 203 187 154 92 84 139 183 205 208 211 207 210 207 207 198 189 186 190 196 198 189 177 179 174 174 180 177 163 165 184 171 158 150 111 95 150 157 136 136 130 123 116 105 95 95 101 101 94 89 90 96 102 95 83 69 60 45 29 17 11 8 7 7 7 7 6 6 6 6 6 6 6 6 6 6 6 6 6 6 6 6 6 6 6 6 6 6 6 6 6 5 5 5 5 5 5 5 5 5 5 5 5 5 5 5 5 5 5 5 5 4 4 4 4 4 4 4 4 4 4 4 4 4 4 4 4 4 4 4 4 4 4 4 4 4 4 4 4 4 4 4 4 4 4 4 4 4 4 4 4 4 4 4 4 4 4 4 4 4 4 4 4 4 4 4 4 5 5 5 5 5 5 5 5 5 5 4 4 4 4 4 4 2 2 2 2 2 2 2 1 4 3 2 2 1 1 2 2 47 103 155 175 192 205 187 156 120 94 125 168 196 205 206 198 196 196 202 208 211 204 188 174 165 173 192 208 203 190 182 182 189 201 200 186 175 167 166 172 173 176 185 191 193 199 201 194 196 195 186 177 175 177 183 191 198 202 202 199 193 183 167 153 160 175 181 192 202 198 199 196 187 180 171 171 179 177 171 172 168 165 175 187 191 187 175 159 149 156 173 182 180 183 186 180 181 184 181 177 176 166 155 149 151 151 163 174 175 176 177 176 181 185 185 185 191 199 204 206 199 196 192 194 198 197 196 200 197 200 192 190 196 196 196 201 195 194 196 196 202 210 209 209 212 207 213 215 210 212 213 216 218 208 201 199 195 190 196 206 202 203 203 197 186 174 162 155 155 157 159 162 167 172 174 173 179 186 182 172 169 169 171 178 186 193 201 206 211 215 219 221 221 215 210 210 212 216 220 222 219 222 219 210 204 208 215 218 215 213 209 206 209 214 218 220 220 218 211 204 205 210 215 221 
212 216 214 217 212 207 211 208 212 210 211 213 213 215 217 215 212 211 210 207 204 202 202 203 204 203 203 206 212 216 217 216 209 206 200 195 192 192 196 198 206 210 210 206 202 200 196 191 190 192 196 199 199 200 201 202 202 203 204 205 208 211 213 213 213 213 213 212 211 212 213 214 213 213 213 212 212 214 216 218 215 214 214 214 213 213 212 212 212 212 210 197 173 117 81 107 163 197 203 206 206 210 205 194 168 167 165 165 169 179 176 165 163 162 167 178 180 171 168 173 170 157 140 100 86 121 131 129 108 103 101 102 102 99 98 97 95 92 89 84 77 71 61 50 24 20 13 7 4 5 6 7 7 7 7 6 6 6 6 6 6 6 6 6 6 6 6 6 6 6 6 6 6 6 6 6 6 6 6 6 5 5 5 5 5 5 5 5 5 5 5 5 5 5 5 5 5 5 5 5 5 5 5 5 5 5 5 5 4 4 4 4 4 4 4 4 4 4 4 4 4 4 4 4 4 4 4 4 4 4 4 4 4 4 4 4 4 4 4 4 4 4 4 4 4 4 4 4 4 4 4 4 4 4 4 4 5 5 5 5 5 5 5 5 4 4 4 4 4 4 4 4 3 2 2 2 2 2 2 2 3 2 2 2 2 2 2 2 0 9 50 111 158 183 189 183 147 122 102 145 181 199 201 204 193 193 197 202 206 206 190 170 164 169 185 202 201 188 179 175 186 199 204 195 184 175 176 181 188 188 187 186 187 192 196 193 194 195 190 183 180 179 184 194 197 202 204 200 194 184 169 156 156 169 178 189 199 201 200 193 186 178 171 171 178 179 176 176 173 170 178 185 187 186 181 173 160 160 168 177 177 177 178 176 181 185 184 180 180 177 167 160 148 138 146 171 185 183 178 173 170 178 190 194 192 201 204 195 200 195 193 199 203 204 201 199 192 190 189 191 195 199 204 203 197 195 197 199 205 213 210 210 213 209 212 210 206 204 200 198 194 196 196 189 188 193 198 200 214 214 208 194 183 174 167 162 166 170 175 181 185 187 183 179 175 180 178 175 174 173 175 183 201 206 211 214 216 219 221 222 226 221 215 212 211 212 216 219 220 220 219 214 209 206 210 215 216 214 211 208 210 214 218 220 220 219 212 203 201 203 208 215 
208 213 214 216 212 206 209 210 212 210 211 212 209 210 213 213 209 207 205 204 201 198 199 202 201 200 202 205 211 215 217 216 213 211 205 200 197 194 194 193 204 211 213 205 198 196 192 185 192 194 200 207 213 214 215 216 212 214 215 215 216 217 217 216 214 215 215 214 213 213 214 215 213 213 213 213 213 213 213 213 214 214 214 213 213 213 212 212 213 208 214 205 189 144 86 77 144 191 203 207 209 209 200 182 158 111 94 126 157 157 153 158 181 180 184 190 193 191 188 183 176 157 134 110 113 115 103 97 98 104 110 109 103 98 97 98 90 83 71 54 36 26 18 10 6 5 3 4 5 7 8 8 7 7 7 6 6 6 6 6 6 6 6 6 6 6 6 6 6 6 6 6 6 6 6 6 6 6 6 5 5 5 5 5 5 5 5 5 5 5 5 5 5 5 5 5 5 5 5 5 5 5 5 5 5 5 5 5 4 4 4 4 4 4 4 4 4 4 4 4 4 4 4 4 4 4 4 4 4 4 4 4 4 4 4 4 4 4 4 4 4 4 4 4 4 4 4 4 4 4 4 4 4 4 4 4 4 4 4 4 4 4 4 4 4 4 4 4 4 4 4 4 4 4 4 4 4 3 3 3 2 2 2 2 2 2 2 3 2 7 0 8 65 131 162 166 163 142 113 123 162 188 206 207 195 192 194 197 204 209 197 174 165 164 176 193 198 190 177 167 173 189 202 202 194 186 187 195 198 198 192 185 186 191 195 199 198 199 196 188 180 171 172 179 191 198 203 202 197 188 175 164 160 168 174 185 195 200 202 192 190 183 177 176 178 180 180 176 177 172 174 183 191 194 189 178 171 163 162 171 177 177 178 182 175 181 186 189 191 191 182 169 164 157 160 169 174 176 171 159 169 175 191 198 193 199 201 186 192 186 188 195 199 202 204 200 202 194 195 198 196 202 208 204 197 190 189 191 199 208 208 210 216 216 214 205 198 190 178 176 165 171 170 165 168 183 196 199 215 217 215 205 196 191 187 183 183 185 189 193 196 196 192 186 187 188 188 189 190 186 186 193 203 206 210 211 213 215 217 217 225 222 218 213 209 208 212 217 221 218 219 220 214 206 206 212 220 220 218 215 215 217 219 220 222 221 213 199 191 191 197 206 
203 211 214 214 210 205 202 198 202 201 203 204 202 202 206 208 208 205 205 206 205 201 202 206 208 207 206 209 213 216 217 216 218 216 213 208 203 197 192 190 194 199 200 192 183 180 176 173 188 187 193 205 216 218 216 216 216 217 217 215 214 214 214 213 213 214 214 214 213 213 213 213 213 213 213 213 213 212 211 211 212 212 212 212 212 212 212 212 211 208 213 208 195 163 109 73 107 168 195 204 207 207 203 182 147 86 55 87 137 166 179 187 192 201 211 211 203 201 201 194 173 149 117 96 98 90 97 105 101 104 108 107 103 94 83 72 56 44 29 15 6 6 7 3 9 8 8 7 7 7 6 5 7 7 7 6 6 6 6 6 6 6 6 6 6 6 6 6 6 6 6 6 6 6 6 5 6 6 6 5 5 5 5 5 5 5 5 5 5 5 5 5 5 5 5 5 5 5 5 5 5 5 5 5 5 5 5 5 4 4 4 4 4 4 4 4 4 4 4 4 4 4 4 4 4 4 4 4 4 4 4 4 4 4 4 4 4 4 4 4 4 4 4 4 4 4 4 4 4 4 4 4 4 4 4 4 4 4 4 4 4 4 4 4 4 4 4 4 4 4 5 5 4 4 4 4 4 4 4 4 2 2 2 2 2 2 2 2 3 0 3 5 0 23 83 130 126 115 120 113 140 173 196 203 202 195 194 195 199 209 203 186 170 164 169 185 197 196 182 167 165 176 192 202 200 193 192 197 199 203 197 190 190 191 194 201 199 201 201 196 189 179 176 181 186 194 203 204 200 192 180 171 165 162 167 178 186 196 203 200 200 192 187 183 178 179 180 173 177 171 168 176 189 197 194 185 175 165 157 163 174 176 176 181 174 175 184 193 196 198 194 182 179 180 181 176 171 174 169 154 155 163 181 193 191 191 193 190 192 186 189 195 194 199 206 204 204 196 196 194 193 198 200 198 192 181 177 176 182 191 194 201 206 209 208 194 184 174 161 160 163 162 163 165 170 181 196 209 214 215 214 209 203 200 197 196 201 202 203 205 206 206 200 195 196 196 198 200 200 197 195 197 204 208 213 213 213 214 215 216 221 221 220 216 210 208 213 219 221 219 221 224 219 210 208 212 222 223 223 221 219 218 218 217 217 217 206 190 180 178 186 197 
195 208 215 209 205 199 183 175 189 190 195 198 197 199 204 207 211 208 209 213 213 210 210 214 215 214 214 214 216 217 217 217 216 216 215 212 206 199 192 187 193 192 191 186 178 175 176 179 187 181 182 194 209 216 215 214 215 216 217 215 215 215 215 214 212 212 213 213 214 213 213 213 214 214 213 213 213 212 212 212 211 211 211 211 211 212 212 212 212 212 208 209 201 179 139 86 82 143 187 204 209 206 205 188 167 139 120 122 142 167 185 194 207 205 207 205 200 197 183 161 133 108 89 86 98 98 104 98 100 100 96 86 73 59 41 28 16 10 5 4 5 10 11 8 6 6 6 6 7 7 7 6 7 7 7 6 6 6 6 6 6 6 6 6 6 6 6 6 6 6 6 6 6 6 5 5 6 6 6 5 5 5 5 5 5 5 5 5 5 5 5 5 5 5 5 5 5 5 5 5 5 5 5 5 5 5 5 5 4 4 4 4 4 4 4 4 4 4 4 4 4 4 4 4 4 4 4 4 4 4 4 4 4 4 4 4 4 4 4 4 4 4 4 4 4 4 4 4 4 4 4 4 4 4 4 4 4 4 4 4 4 4 4 4 4 4 4 4 4 4 5 5 5 5 5 4 4 4 4 4 4 4 4 4 3 3 3 2 2 5 2 0 2 0 6 28 61 62 76 101 122 162 181 202 206 198 194 192 194 201 205 200 183 171 166 176 191 199 191 177 167 172 185 198 203 199 194 193 198 204 202 195 192 189 191 198 201 203 203 202 198 188 181 182 184 192 200 205 202 195 184 175 168 159 163 173 180 190 200 207 206 198 191 184 175 175 177 174 175 173 168 169 179 190 196 200 187 179 169 167 173 176 174 175 178 173 176 185 189 195 200 198 194 187 188 192 188 180 163 145 129 137 152 174 188 183 184 197 195 187 188 190 187 192 198 194 190 188 187 183 187 189 183 188 179 169 165 161 165 173 178 187 193 201 205 194 184 175 164 167 174 173 178 186 189 190 198 208 212 206 201 199 198 198 202 209 211 213 216 219 220 218 211 204 201 204 207 208 208 209 208 204 209 215 220 220 217 216 217 218 220 222 224 221 215 212 216 221 221 222 223 224 221 216 214 215 220 223 225 224 222 220 217 215 216 217 210 196 188 186 193 201 
190 207 214 206 201 191 167 156 182 185 194 201 203 205 210 214 215 214 216 218 219 216 216 218 218 218 217 216 216 218 218 218 215 215 216 215 212 205 199 195 196 191 189 187 186 186 194 203 195 184 178 186 203 215 218 216 216 217 217 215 215 215 213 210 207 207 207 209 211 213 213 212 212 211 210 210 210 210 210 210 210 210 211 211 211 211 212 212 211 213 205 210 207 192 162 104 74 115 169 199 209 207 209 199 184 176 175 181 180 183 196 206 209 205 202 195 180 156 120 89 85 84 88 91 90 92 101 97 90 84 69 48 28 16 10 7 7 7 8 9 8 7 7 4 7 6 6 6 7 8 8 8 7 7 7 6 6 6 6 6 6 6 6 6 6 6 6 6 6 6 6 6 6 5 5 5 5 5 5 5 5 5 5 5 5 5 5 5 5 5 5 5 5 5 5 5 5 5 5 5 4 4 4 4 4 4 4 4 4 4 4 4 4 4 4 4 4 4 4 4 4 4 4 4 4 4 4 4 4 4 4 4 4 4 4 4 4 4 4 4 4 4 4 4 4 4 4 4 4 4 4 4 4 4 4 4 4 4 4 4 4 4 4 4 4 4 4 4 4 4 4 4 5 5 5 4 4 4 4 4 5 5 4 4 4 3 3 2 4 0 0 7 4 1 3 0 4 17 15 47 100 138 168 188 202 201 198 193 191 195 202 208 194 179 166 167 180 194 198 190 173 170 179 195 205 205 199 193 197 203 204 199 194 190 191 196 204 206 204 202 198 189 178 173 181 187 194 201 204 202 193 185 178 168 171 177 182 189 196 206 204 198 189 180 172 172 176 179 179 178 172 171 181 192 199 202 198 192 184 176 173 174 174 171 176 172 172 177 181 187 195 199 203 199 199 198 192 184 163 139 131 125 120 141 171 177 176 189 187 179 178 181 181 184 184 178 175 176 177 169 173 172 161 169 163 158 158 157 161 169 174 181 192 202 212 207 198 191 184 187 185 190 196 200 202 204 206 208 212 206 201 200 200 203 210 218 217 219 221 222 223 224 221 217 216 217 221 221 220 223 222 216 208 215 221 222 220 219 220 221 223 223 224 223 218 215 215 217 219 221 221 220 220 219 218 217 220 223 226 227 226 224 221 219 221 225 222 214 208 204 203 206 
194 207 214 205 199 187 165 161 184 188 199 209 211 212 215 218 218 218 218 219 219 218 218 218 218 218 217 216 216 216 218 218 217 217 217 217 216 214 210 208 199 196 193 191 192 198 207 214 201 189 180 183 198 212 217 216 216 215 213 210 210 209 205 201 203 202 202 205 210 214 214 213 213 212 211 211 211 211 210 210 208 208 209 209 210 210 211 211 209 209 206 208 207 202 180 132 79 90 141 184 203 207 212 209 203 199 197 194 196 203 208 203 197 186 167 140 111 89 79 82 91 97 102 105 103 101 84 67 53 39 22 10 7 7 8 6 8 7 8 9 6 6 8 7 8 7 6 5 6 5 5 4 7 7 7 6 6 6 6 6 6 6 6 6 6 6 6 6 6 6 6 6 6 5 5 5 5 5 5 5 5 5 5 5 5 5 5 5 5 5 5 5 5 5 5 5 5 5 5 5 4 4 4 4 4 4 4 4 4 4 4 4 4 4 4 4 4 4 4 4 4 4 4 4 4 4 4 4 4 4 4 4 4 4 4 4 4 4 4 4 4 4 4 4 4 4 4 4 4 4 4 4 4 4 4 4 4 4 4 4 4 4 4 4 4 4 4 4 4 4 4 4 5 5 5 4 4 4 4 4 4 4 5 5 4 4 4 3 0 6 4 0 3 3 0 2 0 7 4 13 66 110 160 178 192 203 202 194 192 192 196 207 202 190 176 170 175 191 200 198 183 178 182 197 205 208 205 198 196 198 203 203 199 195 195 193 200 204 204 203 203 200 191 185 180 183 188 195 203 205 200 193 185 178 177 175 181 189 191 200 200 198 191 184 179 175 177 185 184 183 178 175 184 193 196 199 198 195 192 182 170 168 172 170 171 175 175 173 175 182 190 194 198 202 204 197 189 188 178 158 150 137 120 124 148 164 171 178 180 178 177 179 179 180 179 176 166 162 166 159 157 161 155 162 167 165 168 168 173 182 185 188 195 197 207 209 205 203 200 200 202 206 210 210 212 216 218 217 220 220 217 210 205 205 209 211 218 219 219 218 219 222 223 223 223 221 224 225 222 223 223 218 211 216 221 224 224 225 225 225 223 222 220 220 219 217 217 217 219 219 220 220 220 221 221 220 222 224 225 225 225 225 223 220 218 223 224 221 218 211 205 202 
203 208 214 205 198 187 171 177 188 192 204 214 216 215 216 217 218 219 218 217 218 218 219 218 217 217 217 216 215 215 217 218 217 216 215 214 215 215 214 213 213 213 210 205 205 209 212 213 208 198 189 189 200 212 216 214 214 210 205 202 202 203 201 198 195 193 193 198 205 210 211 210 212 211 210 210 210 210 208 207 206 206 207 207 208 208 209 209 207 207 211 207 203 207 191 161 112 95 137 178 201 207 209 211 211 208 209 210 207 205 196 185 162 138 106 93 91 87 83 89 93 101 99 91 82 74 42 25 12 10 8 7 6 7 7 8 11 7 5 6 5 6 7 5 5 5 5 5 7 8 8 7 7 7 7 6 6 6 6 6 6 6 6 6 6 6 6 6 7 6 6 6 6 5 5 5 5 5 5 5 5 5 5 6 5 5 5 5 5 5 5 5 5 5 5 5 5 5 5 5 4 4 4 4 4 4 4 4 4 4 4 4 4 4 4 4 4 4 4 4 4 4 4 4 4 4 4 4 4 4 4 4 4 4 4 4 4 4 4 4 4 4 4 4 4 4 4 4 4 4 4 4 4 4 4 4 4 4 4 4 4 4 4 4 5 5 4 4 4 4 4 4 5 5 4 4 4 4 4 4 4 4 5 5 5 5 5 4 4 3 3 2 0 2 4 3 6 0 1 4 15 72 124 164 180 202 205 194 192 191 192 202 206 200 190 180 179 192 202 204 198 191 193 203 207 209 207 200 196 196 203 207 202 197 193 187 195 202 203 203 205 206 199 194 186 184 186 192 201 204 200 193 180 177 173 164 173 186 187 194 199 201 197 193 189 180 178 187 184 187 182 173 175 182 190 201 204 200 201 192 173 169 175 175 174 184 179 168 171 181 190 196 201 198 200 201 197 192 186 176 155 153 145 132 132 150 168 176 176 181 182 179 175 173 174 178 165 155 164 159 156 169 174 182 187 185 186 185 190 198 196 195 194 188 196 204 205 210 209 209 213 214 216 219 220 219 219 219 217 223 221 208 201 204 209 209 215 218 221 222 222 222 221 220 225 219 222 226 223 221 223 221 216 218 220 222 223 224 223 221 223 220 218 219 221 222 222 221 223 221 221 224 225 224 224 225 224 224 223 222 222 222 221 218 215 220 223 224 224 219 211 206 
214 217 211 201 200 187 177 192 198 195 207 217 217 217 216 217 218 217 217 217 217 218 219 219 218 217 216 216 217 217 216 216 217 216 216 215 214 213 212 211 211 212 210 209 210 208 205 206 205 203 200 199 203 211 216 216 211 207 202 196 192 193 196 197 188 191 195 199 204 210 212 211 209 209 209 209 209 209 209 208 206 206 206 205 206 207 208 209 207 210 209 208 209 208 197 183 154 125 142 177 196 206 210 213 212 209 205 201 192 178 154 131 99 82 74 85 94 93 90 92 100 90 74 54 37 23 12 7 9 8 8 8 7 8 8 8 8 7 7 7 7 7 7 8 7 7 7 7 6 6 6 6 6 6 6 6 6 6 6 7 6 6 6 6 6 6 6 6 5 6 7 6 5 5 5 6 5 5 5 5 5 5 5 5 5 5 5 5 5 5 5 5 5 5 5 5 5 4 4 4 4 4 4 4 4 4 4 4 4 4 4 4 4 4 4 4 4 4 4 4 4 4 4 4 4 4 4 4 4 4 4 4 4 4 4 4 4 4 4 4 4 4 4 4 4 4 4 4 4 4 4 4 4 4 4 4 4 4 4 4 4 4 4 4 4 4 4 4 4 4 4 4 4 4 4 4 4 4 4 4 4 4 4 4 4 4 4 4 4 4 4 3 3 3 3 2 1 4 0 1 6 14 62 131 166 178 199 206 194 190 193 193 204 205 203 195 192 194 198 209 211 198 203 205 209 209 211 203 197 192 195 201 205 201 192 191 188 197 204 205 208 209 202 192 184 182 181 187 195 201 203 203 189 185 187 187 182 182 185 185 196 203 203 195 188 183 181 183 186 182 176 171 176 182 183 194 197 202 202 198 190 174 166 171 177 173 175 174 169 174 186 191 196 199 198 192 187 186 182 176 165 158 154 152 151 153 159 161 163 165 172 173 179 185 181 179 177 177 179 181 182 185 190 196 195 192 193 198 206 214 213 205 199 200 203 209 215 214 213 218 213 214 216 216 217 218 217 216 220 218 218 214 204 200 204 209 215 219 220 221 224 223 221 222 222 220 219 218 218 218 216 215 215 216 216 220 225 225 223 223 222 221 221 224 226 227 225 223 221 222 222 219 221 224 223 218 218 211 211 219 224 221 218 217 216 218 220 223 224 222 219 217 
215 217 210 201 199 187 180 196 197 196 209 217 216 217 216 217 216 216 216 217 217 217 218 218 218 217 216 216 217 217 217 217 215 215 214 213 212 211 210 209 208 206 205 203 202 200 199 197 199 201 204 207 210 214 217 216 213 208 199 193 192 194 198 199 197 199 201 203 207 210 211 210 209 209 209 208 208 208 207 206 205 205 205 205 206 207 207 208 208 209 207 206 209 210 204 196 179 159 159 176 193 211 213 205 202 198 192 181 154 121 96 82 83 75 76 89 100 98 87 78 67 50 28 12 7 8 8 8 9 8 8 8 8 8 8 8 8 7 7 7 7 7 7 8 7 7 7 7 7 6 6 6 7 6 6 6 6 6 6 7 6 6 6 6 6 6 6 6 6 6 7 6 5 5 5 6 5 5 5 5 5 5 5 5 5 5 5 5 5 5 5 5 5 5 5 5 5 4 4 4 4 4 4 4 4 4 4 4 4 4 4 4 4 4 4 4 4 4 4 4 4 4 4 4 4 4 4 4 4 4 4 4 4 4 4 4 4 4 4 4 4 4 4 4 4 4 4 4 4 4 4 4 4 4 4 4 4 4 4 4 4 4 4 4 4 4 4 4 4 4 4 4 4 4 4 4 4 4 4 4 4 4 4 4 4 4 4 4 5 4 4 4 4 3 3 3 0 3 0 1 2 0 12 43 126 170 184 196 204 193 195 193 201 206 209 204 198 196 197 204 203 210 205 191 198 202 201 206 197 193 196 203 206 206 200 195 191 198 204 205 205 206 202 196 185 179 175 179 189 199 203 205 197 196 191 181 170 170 176 181 191 199 202 196 190 183 176 174 183 180 180 176 177 181 179 182 187 195 199 197 188 171 160 160 174 174 176 178 173 172 178 185 189 193 195 191 183 179 180 182 178 176 173 167 159 157 156 152 147 152 163 173 188 200 193 182 184 181 181 186 192 196 198 200 204 200 198 199 202 211 215 211 204 202 202 208 215 216 213 213 216 214 212 213 215 214 211 208 214 218 219 209 192 182 188 201 215 219 218 216 216 216 216 218 215 215 216 218 218 219 220 221 219 221 221 221 222 226 225 222 224 221 220 220 222 222 221 220 213 211 211 214 218 221 222 222 221 216 213 214 219 221 220 217 214 215 216 218 221 223 223 222 
216 216 208 201 196 184 182 198 197 200 212 218 217 217 216 219 216 216 217 217 217 217 217 217 216 216 215 215 215 216 215 215 214 214 211 209 207 206 205 205 203 198 198 197 192 192 192 188 195 200 208 211 212 211 212 211 214 209 202 197 199 203 207 208 208 209 209 208 209 211 210 209 209 209 208 207 206 206 205 205 204 204 205 205 206 206 207 207 207 207 206 206 207 208 207 204 198 184 179 191 197 196 199 199 198 175 147 121 89 65 66 81 83 83 84 87 87 76 55 37 23 15 6 4 6 9 8 5 9 8 8 8 8 8 8 8 8 8 7 7 7 7 8 8 7 7 7 7 7 6 6 6 7 6 6 6 6 6 6 6 6 6 6 6 6 6 6 6 6 6 6 6 5 5 5 6 5 5 5 5 5 5 5 5 5 5 5 5 5 5 5 5 5 5 5 5 5 4 4 4 4 4 4 4 4 4 4 4 4 4 4 4 4 4 4 4 4 4 4 4 4 4 4 4 4 4 4 4 4 4 4 4 4 4 4 4 4 4 4 4 4 4 4 4 4 4 4 4 4 4 4 4 4 4 4 4 4 4 4 4 4 4 4 4 4 4 4 4 4 4 4 4 4 4 4 4 4 4 4 4 4 4 4 4 4 4 4 4 5 5 5 5 4 4 4 4 0 2 1 2 5 1 0 3 25 113 161 180 196 196 195 189 197 203 209 208 204 197 194 194 201 190 182 172 166 173 182 200 200 195 194 195 194 195 192 185 189 195 200 201 201 200 201 201 196 187 178 178 187 197 201 205 201 194 185 177 173 170 174 182 183 194 200 200 198 191 183 178 179 176 180 178 177 179 174 172 187 193 195 191 184 174 166 166 172 176 180 183 180 175 176 184 192 194 194 190 181 174 175 179 177 176 174 172 173 174 163 146 141 141 153 163 175 190 195 197 193 191 191 195 202 206 207 208 211 208 204 199 199 206 214 215 207 204 202 204 208 209 207 204 205 203 203 201 196 191 191 195 200 204 201 191 181 174 179 194 201 210 215 216 219 222 223 224 223 224 224 222 220 218 219 220 221 224 224 218 214 218 221 216 218 216 215 216 218 221 221 220 214 208 206 212 216 216 219 225 223 222 217 212 216 223 223 219 217 216 215 217 220 222 223 222 
216 214 206 200 192 180 183 197 195 202 215 219 217 217 216 219 218 218 218 218 217 217 216 216 217 217 215 213 212 212 212 211 209 209 207 203 201 200 200 201 200 194 195 195 189 190 193 188 195 201 208 210 207 204 204 205 209 210 210 209 209 211 213 213 213 212 211 210 210 210 209 209 209 209 208 208 207 207 206 205 204 204 205 205 206 206 206 206 206 206 206 208 207 206 206 206 202 204 191 186 189 191 188 172 145 112 79 71 73 69 70 81 96 91 79 64 49 33 18 6 5 5 7 7 8 8 9 10 8 8 8 8 8 8 8 8 8 8 7 7 7 7 8 8 7 7 7 7 7 7 7 6 7 7 7 6 6 6 6 6 6 6 6 6 6 6 6 6 6 6 6 6 6 5 5 6 5 5 5 5 5 5 5 5 5 5 5 5 5 5 5 5 5 5 5 5 5 4 4 4 4 4 4 4 4 4 4 4 4 4 4 4 4 4 4 4 4 4 4 4 4 4 4 4 4 4 4 4 4 4 4 4 4 4 4 4 4 4 4 4 4 4 4 4 4 4 4 4 4 4 4 4 4 4 4 4 4 4 4 4 4 4 4 4 4 4 4 4 4 4 4 4 4 4 4 4 4 4 4 4 4 4 4 4 4 4 4 4 5 5 5 5 5 4 4 4 5 3 2 1 1 3 4 1 2 15 82 150 179 185 188 201 194 200 204 206 203 194 186 176 164 154 145 130 113 130 148 167 197 198 193 188 182 184 188 183 183 186 191 198 199 199 201 203 205 195 185 181 186 194 201 205 207 198 186 183 181 167 163 172 179 190 198 203 205 201 192 186 176 169 174 177 175 177 176 175 178 188 196 196 193 184 176 170 167 177 181 182 181 176 174 180 194 194 192 189 184 180 180 182 188 187 184 180 180 179 159 132 111 104 121 147 165 177 190 204 197 197 199 200 201 204 207 210 212 211 207 200 195 202 210 212 202 196 191 188 187 188 186 183 178 178 178 177 170 164 168 176 186 191 186 179 177 171 173 186 196 210 218 219 222 225 225 224 225 225 224 222 221 220 219 218 218 220 220 211 203 205 213 214 213 213 214 214 217 221 222 222 220 212 207 210 213 213 218 225 222 223 220 215 215 221 223 221 220 218 217 218 220 222 222 221 
216 213 204 200 190 180 187 196 193 204 217 218 216 216 214 218 218 218 217 216 215 214 213 212 214 214 212 208 206 205 204 203 201 201 201 199 196 196 198 200 202 196 198 200 195 197 201 196 199 204 208 209 204 198 195 195 200 206 213 216 214 212 211 210 213 212 210 210 210 210 210 210 209 209 209 208 208 208 208 207 204 205 205 206 206 206 206 206 206 205 206 208 208 206 206 208 201 203 186 179 178 164 139 108 69 62 59 67 74 72 74 86 81 66 45 28 16 9 7 8 7 9 10 9 6 6 8 11 8 8 8 8 8 8 8 8 8 8 8 7 7 8 8 8 7 7 7 7 7 7 7 7 7 7 7 7 7 6 6 6 6 6 6 6 6 6 6 6 6 6 6 6 6 6 5 5 5 5 5 5 5 5 5 5 5 5 5 5 5 5 5 5 5 5 5 5 5 4 4 4 4 4 4 4 4 4 4 4 4 4 4 4 4 4 4 4 4 4 4 4 4 4 4 4 4 4 4 4 4 4 4 4 4 4 4 4 4 4 4 4 4 4 4 4 4 4 4 4 4 4 4 4 4 4 4 4 4 4 4 4 4 4 4 4 4 4 4 4 4 4 4 4 4 4 4 4 4 4 4 4 4 4 4 4 4 4 4 4 5 5 5 4 4 4 4 4 5 3 4 2 0 0 3 1 5 0 3 49 130 175 175 193 199 202 202 204 202 194 181 159 135 98 49 18 10 33 77 145 174 190 191 183 176 177 185 185 179 179 185 193 200 200 201 203 202 194 186 180 181 187 197 204 203 203 200 193 184 167 159 164 177 187 196 202 206 202 191 183 176 166 171 178 178 179 180 183 176 183 192 195 193 189 182 175 166 176 178 174 174 173 171 174 184 189 192 191 193 197 199 198 202 205 203 193 182 173 154 130 105 81 90 121 153 175 190 201 196 197 198 197 197 198 202 205 209 210 210 203 196 198 201 199 200 185 173 168 167 169 168 161 156 151 150 153 156 157 160 165 184 197 200 192 181 166 165 180 191 205 215 217 220 223 223 223 223 221 218 217 217 215 213 210 211 211 211 204 193 192 202 214 215 216 215 213 213 216 220 222 220 215 210 208 209 212 218 224 222 223 222 218 215 215 218 222 222 220 218 217 218 220 222 223 
215 212 202 197 186 180 192 195 192 206 218 216 216 217 213 216 215 214 213 212 210 209 208 208 207 208 205 201 198 198 198 196 196 198 199 199 198 198 201 205 207 204 205 207 205 207 210 207 209 210 212 210 203 194 187 182 187 196 205 211 213 212 212 211 212 210 209 210 211 211 211 211 209 209 209 209 209 210 209 209 205 205 206 206 206 206 206 206 206 205 205 207 208 208 208 208 203 195 179 163 133 96 68 56 59 55 52 65 80 75 63 59 40 25 11 7 8 7 8 9 9 9 10 11 11 10 8 7 8 8 8 8 8 8 8 7 8 8 8 7 7 8 8 8 7 7 7 7 7 7 7 7 7 7 7 7 7 6 6 6 6 6 6 6 6 6 6 6 6 6 6 6 6 6 6 5 5 5 5 5 5 5 5 5 5 5 5 5 5 5 5 5 5 5 5 5 5 4 4 4 4 4 4 4 4 4 4 4 4 4 4 4 4 4 4 4 4 4 4 4 4 4 4 4 4 4 4 4 4 4 4 4 4 4 4 4 4 4 4 4 4 4 4 4 4 4 4 4 4 4 4 4 4 4 4 4 4 4 4 4 4 4 4 4 4 4 4 4 4 4 4 4 4 4 4 4 4 4 4 4 4 4 4 4 4 4 4 4 4 4 4 4 4 4 4 4 4 2 3 5 3 3 4 3 1 3 0 1 30 103 166 173 194 201 201 205 202 196 181 148 87 24 0 6 3 0 13 69 141 181 192 185 176 169 173 173 177 174 178 187 196 198 198 199 199 195 188 179 177 179 191 201 198 206 206 197 189 181 172 164 169 180 190 198 204 201 191 182 181 171 174 179 180 181 181 186 183 183 188 190 190 191 189 183 172 177 177 174 174 177 177 177 178 188 196 197 199 205 207 206 200 200 197 189 181 175 160 143 126 96 87 98 124 158 183 192 198 197 196 196 197 200 201 201 207 209 210 206 200 199 195 186 190 165 147 144 149 157 157 149 148 148 152 159 165 169 175 180 192 206 215 210 195 177 170 179 176 192 206 213 219 221 218 217 219 216 213 211 210 207 202 198 198 198 195 189 180 172 180 199 214 217 216 212 209 213 219 223 222 221 217 211 208 211 216 220 225 225 224 222 216 212 216 222 225 223 219 215 214 216 219 222 
215 210 197 191 178 175 190 188 187 203 215 211 212 213 208 211 211 210 208 206 205 204 204 204 202 204 203 199 198 199 200 199 201 203 205 205 205 206 208 212 212 211 211 211 211 212 212 211 213 211 211 210 206 197 188 182 182 186 192 199 208 213 215 213 212 210 210 211 212 211 211 212 209 209 210 209 209 210 209 209 207 206 206 205 205 205 206 206 206 206 205 205 207 206 203 199 192 175 146 104 68 50 48 54 56 61 63 68 68 48 23 17 12 6 3 6 10 11 7 5 10 8 5 5 7 7 7 7 8 8 8 8 8 8 8 7 8 8 8 8 8 8 8 8 8 7 7 7 7 7 7 7 7 7 7 7 7 7 6 6 6 6 6 6 6 6 6 6 7 6 5 5 6 6 6 5 5 5 5 5 5 5 5 5 5 5 5 5 5 5 5 5 5 5 5 5 5 4 4 4 5 5 5 5 5 5 5 5 4 4 4 4 4 4 4 4 4 4 4 4 4 4 4 4 4 4 4 4 4 4 4 4 4 4 4 4 4 4 4 4 4 4 4 4 4 4 4 4 4 4 4 4 4 4 4 4 4 4 4 4 4 4 4 4 4 4 4 4 4 4 4 4 4 4 4 4 4 4 4 4 4 4 4 4 4 4 4 4 4 4 4 4 4 4 4 4 6 5 3 3 1 1 0 0 5 3 3 4 0 12 81 150 168 186 197 203 203 198 185 146 58 3 0 4 1 5 8 15 89 156 186 190 188 173 170 168 174 172 173 180 188 194 197 198 202 200 196 188 182 180 186 193 204 208 209 203 195 187 174 159 161 172 181 190 200 203 198 195 190 184 180 173 175 176 173 177 177 176 183 192 194 196 193 186 186 181 180 181 183 183 183 182 174 180 188 193 198 199 196 193 190 183 179 176 175 176 169 158 139 119 115 115 121 144 167 180 199 201 202 201 201 202 203 202 205 206 207 206 203 204 196 183 175 146 129 133 143 157 165 162 166 172 181 185 188 192 198 204 205 209 215 217 210 196 183 178 175 187 198 204 207 206 203 203 205 204 202 200 199 195 188 184 177 180 175 170 166 155 158 179 205 212 217 214 211 213 218 221 224 225 223 217 211 208 211 215 221 223 225 224 219 214 215 218 224 223 221 218 214 214 216 219 
214 208 193 184 170 168 185 180 180 197 208 204 205 207 201 203 208 207 205 203 202 202 202 203 204 207 207 204 203 206 208 207 208 211 213 213 211 211 213 216 214 215 213 212 214 212 210 210 212 208 206 210 211 207 200 196 186 184 183 188 202 211 213 210 213 211 211 212 213 211 211 211 210 210 209 209 209 209 209 208 207 206 205 205 204 205 205 206 205 206 206 206 206 201 192 183 161 112 75 55 46 45 45 60 76 71 55 45 38 17 5 10 9 9 10 10 9 9 10 11 6 7 9 10 10 9 8 7 8 8 8 9 8 8 8 7 8 8 8 8 8 8 8 8 8 8 7 7 7 7 7 7 7 7 7 7 7 7 6 6 6 6 6 6 6 6 6 6 7 6 5 5 6 6 6 5 5 5 5 5 5 5 5 5 5 5 5 5 5 5 5 5 5 5 5 5 5 4 4 4 5 5 5 5 5 5 5 5 4 4 4 4 4 4 4 4 4 4 4 4 4 4 4 4 4 4 4 4 4 4 4 4 4 4 4 4 4 4 4 4 4 4 4 4 4 4 4 4 4 4 4 4 4 4 4 4 4 4 4 4 4 4 4 4 4 4 4 4 4 4 4 4 4 4 4 4 4 4 4 4 4 4 4 4 4 4 4 4 4 4 4 5 5 5 5 5 2 6 6 4 4 3 2 3 2 0 6 3 5 1 2 55 142 169 188 200 201 200 188 148 43 4 5 2 4 4 2 11 27 113 162 183 195 182 176 176 174 171 172 176 185 193 198 201 201 203 203 198 191 185 185 189 201 200 207 210 196 181 171 166 158 167 174 183 196 204 207 207 197 194 182 166 166 170 166 168 173 168 173 182 187 194 197 193 199 186 183 188 186 181 179 177 165 165 170 181 192 191 184 177 174 170 170 171 172 175 180 180 172 155 155 151 139 145 163 177 197 204 209 206 201 199 201 203 203 203 203 204 205 208 200 185 174 148 136 143 155 173 191 196 189 193 200 205 209 212 213 212 217 212 213 216 211 200 188 178 181 185 187 187 189 191 194 199 199 197 194 189 182 174 166 162 154 161 157 154 157 149 150 170 197 209 219 219 214 213 214 215 220 223 224 221 213 207 208 213 212 217 222 223 220 216 213 211 217 220 222 221 218 216 217 218 
214 205 188 182 151 167 183 173 177 191 196 195 200 200 198 205 204 205 205 206 206 207 208 208 211 211 211 212 213 214 216 217 217 216 215 215 216 216 216 215 215 213 213 213 212 212 211 210 209 209 208 208 209 209 210 210 196 187 179 180 188 199 208 214 213 212 211 211 209 208 209 211 210 211 209 207 207 208 208 206 208 206 206 206 205 206 207 204 208 206 205 200 194 189 167 127 79 49 40 50 55 52 54 68 67 47 25 13 11 9 8 9 8 8 9 9 9 9 9 9 7 8 8 9 9 10 10 10 9 9 9 9 8 8 8 8 8 8 8 8 8 8 8 8 8 8 8 8 8 8 7 7 7 7 7 7 6 6 6 6 6 6 6 6 6 6 6 6 6 6 6 6 6 6 5 5 5 6 5 5 4 5 5 5 5 5 5 5 5 4 4 4 6 5 5 5 5 5 5 5 4 4 4 4 4 4 4 4 4 4 4 4 4 4 4 4 4 4 4 4 4 4 4 4 4 4 4 4 4 4 4 4 4 4 4 4 4 4 4 4 4 4 4 4 4 4 4 4 4 4 4 4 4 4 4 4 4 4 4 4 4 4 4 4 4 4 4 4 4 4 4 4 4 4 4 4 4 4 4 4 4 4 4 4 4 4 4 4 4 4 4 4 4 4 4 4 4 4 4 4 4 4 4 4 2 2 2 2 2 2 2 2 31 126 176 183 204 204 186 139 39 3 3 0 1 9 1 9 13 51 141 176 193 189 178 170 177 171 167 176 179 187 206 204 205 203 202 198 187 176 177 186 197 199 204 205 204 199 187 174 160 163 171 182 195 206 209 208 198 189 177 167 164 166 169 172 176 175 178 178 183 193 196 200 202 201 197 188 183 175 163 149 145 146 155 171 180 175 168 165 164 169 168 166 170 177 183 187 185 187 176 166 163 158 160 174 191 198 208 211 208 205 205 203 204 205 205 205 211 215 209 198 183 158 150 159 165 176 191 197 201 209 213 212 214 214 213 212 214 214 214 215 214 210 203 197 184 183 179 173 179 184 185 200 201 192 184 179 176 173 168 164 165 173 176 173 174 175 173 171 194 208 220 218 211 209 209 211 218 220 222 221 216 207 202 205 209 216 223 222 219 220 218 209 216 218 221 222 219 213 210 212 
213 202 184 169 139 158 173 168 181 192 194 194 199 201 199 204 210 210 211 211 212 213 213 213 215 214 214 214 215 216 217 217 216 216 215 215 216 216 215 215 215 213 213 213 212 212 211 211 209 209 208 208 209 209 210 210 204 199 189 180 180 189 201 209 211 212 212 211 211 210 210 210 211 211 208 207 206 207 208 207 210 209 209 208 205 206 210 209 208 204 200 191 172 139 97 67 47 30 36 57 68 64 51 48 31 20 10 7 10 9 8 8 9 9 9 10 10 10 10 10 9 9 9 9 10 10 10 10 9 9 9 9 8 8 8 8 8 8 8 8 8 8 8 8 8 8 8 8 8 8 7 7 7 7 7 7 6 6 6 6 7 7 7 7 7 7 7 7 6 6 6 6 6 6 5 5 5 6 5 5 5 5 5 5 5 5 5 5 5 5 4 4 6 5 5 5 5 5 5 5 4 4 4 4 4 4 4 4 4 4 4 4 4 4 4 4 4 4 4 4 4 4 4 4 4 4 4 4 4 4 4 4 4 4 4 4 4 4 4 4 4 4 4 4 4 4 4 4 4 4 4 4 4 4 4 4 4 4 4 4 4 4 4 4 4 4 4 4 4 4 4 4 4 4 4 4 4 4 4 4 4 4 4 4 4 4 4 4 4 4 4 4 4 4 4 4 4 4 4 4 4 4 4 4 2 2 2 2 2 2 2 2 3 18 107 168 182 205 198 143 50 11 2 2 4 0 10 3 9 19 91 156 180 197 187 183 174 171 172 174 177 183 194 204 203 201 201 200 193 183 181 183 190 195 203 208 208 205 197 185 176 168 166 176 190 199 202 204 201 195 186 177 173 171 172 173 175 175 179 177 181 190 196 202 202 202 198 190 182 172 153 136 128 128 135 149 162 165 164 164 155 165 173 178 185 193 196 198 196 199 193 182 173 161 162 177 189 198 206 208 206 203 204 205 205 205 203 202 206 211 209 202 196 174 164 164 166 174 184 188 200 209 214 214 215 216 215 215 217 215 214 216 218 216 209 203 197 193 188 178 179 184 183 193 207 202 195 189 186 185 185 185 185 191 194 195 195 192 191 192 195 207 220 222 214 207 207 211 212 215 219 223 222 215 207 205 210 208 214 222 224 224 222 218 211 216 222 222 212 200 196 200 
214 202 189 169 146 169 180 183 196 202 201 201 207 210 208 211 215 215 216 216 217 217 217 218 218 217 217 216 216 216 217 217 216 216 215 215 216 216 215 215 215 213 213 212 212 212 211 211 210 209 208 209 210 209 210 210 212 208 201 186 176 177 189 199 210 211 212 211 210 211 211 209 210 209 208 207 206 206 206 207 208 206 206 205 205 207 205 200 198 194 180 156 118 69 37 33 36 34 48 59 57 44 26 18 9 6 5 8 12 11 9 9 9 9 10 10 10 11 11 10 10 10 10 10 10 10 10 10 9 9 9 9 9 9 9 9 8 8 8 8 8 8 8 8 8 8 8 8 8 8 7 7 7 7 7 7 7 6 6 6 7 7 7 7 7 7 7 7 6 6 6 6 6 6 5 5 6 6 5 5 5 5 5 5 5 5 5 5 5 5 5 4 6 5 5 5 5 5 5 5 4 4 4 4 4 4 4 4 4 4 4 4 4 4 4 4 4 4 4 4 4 4 4 4 4 4 4 4 4 4 4 4 4 4 4 4 4 4 4 4 4 4 4 4 4 4 4 4 4 4 4 4 4 4 4 4 4 4 4 4 4 4 4 4 4 4 4 4 4 4 4 4 4 4 4 4 4 4 4 4 4 4 4 4 4 4 4 4 4 4 4 4 4 4 4 4 4 4 4 4 4 4 4 4 3 3 2 2 2 2 2 2 1 0 15 81 152 186 197 174 75 10 0 4 6 0 4 2 5 7 30 119 169 188 196 185 179 177 176 165 168 178 184 199 201 201 201 203 202 195 187 183 185 191 201 207 208 207 202 193 184 172 167 174 184 190 198 205 203 200 195 188 180 176 173 172 170 172 178 176 177 185 191 199 200 201 200 194 184 168 142 120 107 109 119 136 151 155 155 155 162 173 180 185 193 199 202 206 202 202 193 181 162 143 144 162 181 193 201 203 203 200 199 203 199 200 199 198 200 206 207 205 200 188 181 175 168 171 178 180 194 204 211 213 215 215 216 217 217 215 213 215 218 217 212 206 195 193 191 185 186 194 199 207 213 214 210 203 199 199 201 202 201 203 208 212 213 212 213 216 207 206 209 216 220 216 213 213 213 216 219 223 225 219 209 198 204 203 209 219 223 223 222 220 211 213 215 212 202 191 191 197 
207 197 191 172 160 186 189 196 210 213 212 211 216 218 216 217 216 216 216 216 217 217 217 217 217 217 216 215 215 215 215 216 216 216 215 215 216 216 215 215 215 213 213 212 212 212 211 211 211 210 209 209 210 210 210 210 210 211 208 199 184 175 179 186 204 210 213 211 208 210 210 208 209 208 208 209 208 205 205 206 210 207 204 200 198 200 200 195 179 160 127 92 55 28 26 37 40 38 44 40 26 15 8 9 10 9 9 11 12 10 10 10 9 9 10 10 11 11 11 11 10 10 10 10 10 10 10 10 9 9 9 9 9 9 9 9 8 8 8 8 8 8 8 8 8 8 8 8 8 8 7 7 7 7 7 7 7 7 6 6 7 7 7 7 7 7 6 6 6 6 6 6 6 6 5 5 6 6 5 5 5 5 5 5 5 5 5 5 5 5 5 5 6 5 5 5 5 5 5 5 5 5 5 5 5 5 5 5 5 4 4 4 4 4 4 4 4 4 4 4 4 4 4 4 4 4 4 4 4 4 4 4 4 4 4 4 4 4 4 4 4 4 4 4 4 4 4 4 4 4 4 4 4 4 4 4 4 4 4 4 4 4 4 4 4 4 4 4 4 4 4 4 4 4 4 4 4 4 4 4 4 4 4 4 4 4 4 4 4 4 4 4 4 4 4 4 4 4 4 4 4 4 4 4 3 3 3 3 2 2 2 2 3 7 1 7 61 135 183 176 130 46 6 1 0 6 0 8 4 10 6 64 143 176 193 185 172 166 164 157 160 176 187 193 202 203 203 203 203 199 188 179 180 185 196 203 204 205 203 198 188 184 182 184 184 186 194 204 204 204 200 190 181 175 171 169 166 171 180 181 182 189 193 199 199 202 203 199 191 174 146 121 107 110 121 138 151 152 147 143 152 162 171 176 185 192 197 202 205 203 198 184 159 133 130 145 165 184 194 197 200 196 194 200 199 202 203 201 200 202 205 206 199 192 186 180 172 169 170 170 187 198 208 212 215 215 216 218 221 219 218 219 221 221 218 215 206 199 196 191 186 191 198 208 215 220 221 215 212 213 214 213 216 214 215 218 220 221 223 222 210 199 193 201 215 218 212 205 207 211 215 219 221 218 207 194 183 190 202 210 215 221 224 221 218 210 204 201 195 187 186 189 
205 195 192 174 173 195 189 198 213 216 216 215 217 217 216 216 215 215 215 215 215 215 215 215 216 215 215 214 214 214 215 215 216 216 215 215 216 216 215 215 215 213 212 212 212 212 211 211 211 210 209 210 210 210 210 210 210 210 212 210 198 182 175 179 193 203 212 212 210 210 209 207 208 207 206 205 205 204 206 208 208 206 203 194 187 184 181 177 138 94 57 37 26 27 34 37 42 27 19 14 9 9 8 11 10 10 9 9 8 8 10 11 9 10 10 10 11 11 11 11 9 9 9 9 10 10 10 10 9 9 9 9 9 9 10 10 8 8 8 8 8 8 8 8 8 8 8 8 8 8 7 7 7 7 7 7 7 7 7 7 7 7 7 6 6 6 6 6 6 6 6 6 6 6 5 5 6 6 6 6 5 5 5 5 5 5 5 5 5 5 5 5 6 5 5 5 5 5 5 5 5 5 5 5 5 5 5 5 5 5 5 4 4 4 4 4 4 4 4 4 4 4 4 4 4 4 4 4 4 4 4 4 4 4 4 4 4 4 4 4 4 4 4 4 4 4 4 4 4 4 4 4 4 4 4 4 4 4 4 4 4 4 4 4 4 4 4 4 4 4 4 4 4 4 4 4 4 4 4 4 4 4 4 4 4 4 4 4 4 4 4 4 4 4 4 4 4 4 4 4 4 4 4 4 4 4 4 4 3 3 3 3 0 5 1 7 1 36 136 162 151 95 21 4 1 3 2 1 2 3 12 20 88 166 181 193 179 167 162 167 164 168 184 187 201 203 202 199 197 194 187 178 176 179 188 195 199 204 206 204 199 201 201 195 187 184 189 195 203 204 200 190 182 177 176 174 178 182 191 194 197 201 200 202 201 201 200 199 196 183 163 144 135 136 143 153 160 155 147 140 135 148 162 174 187 195 200 204 206 206 206 198 174 144 133 140 155 177 190 194 198 194 192 197 201 204 205 202 197 196 198 200 208 197 186 180 174 168 167 166 182 193 205 212 216 217 216 218 219 219 219 219 219 220 220 221 222 208 200 188 176 175 185 200 210 216 221 221 221 224 224 222 223 219 218 217 218 221 217 206 196 187 181 185 198 206 203 195 193 198 208 214 217 218 210 197 182 189 201 211 216 222 224 222 223 214 204 198 192 182 176 174 
206 196 190 175 182 198 192 203 214 216 217 217 216 215 215 215 216 216 216 215 215 215 215 215 215 215 214 214 214 214 215 215 216 215 215 215 215 216 215 214 214 213 212 212 213 212 211 211 211 210 209 209 210 210 210 210 213 210 211 213 205 191 180 179 183 195 206 211 210 207 205 203 202 201 197 193 193 198 204 208 207 202 198 190 179 167 144 122 79 37 18 29 34 37 37 29 29 13 7 7 8 10 7 8 9 9 9 9 8 8 9 11 9 9 9 10 10 10 10 9 9 9 9 9 9 10 10 10 9 9 9 9 10 10 10 10 9 9 9 9 9 9 9 9 8 8 8 8 8 8 7 7 7 7 7 7 7 7 7 7 7 7 7 6 6 6 6 6 6 6 6 6 6 6 5 5 6 6 6 6 6 5 5 5 6 5 5 5 5 5 5 5 6 5 5 5 5 5 5 5 5 5 5 5 5 5 5 5 5 5 5 5 4 4 4 4 4 4 4 4 4 4 4 4 4 4 4 4 4 4 4 4 4 4 4 4 4 4 4 4 4 4 4 4 4 4 4 4 4 4 4 4 4 4 4 4 4 4 4 4 4 4 4 4 4 4 4 4 4 4 4 4 4 4 4 4 4 4 4 4 4 4 4 4 4 4 4 4 4 4 4 4 4 4 4 4 4 4 4 4 4 4 4 4 4 4 4 4 4 4 3 3 6 0 2 5 1 0 34 130 134 114 60 10 1 3 3 0 1 3 10 7 35 127 171 192 196 178 165 172 162 154 173 184 193 197 199 197 196 196 193 189 180 179 182 187 192 200 206 206 207 208 204 197 189 184 184 184 197 200 199 194 192 192 193 192 197 198 203 202 203 203 197 194 195 192 188 188 189 188 180 171 169 170 175 181 181 171 157 147 152 161 171 182 192 198 203 208 204 203 205 199 180 158 149 151 163 179 190 194 196 196 194 196 200 202 204 202 197 195 197 201 211 205 197 188 176 168 172 179 178 186 195 205 213 215 214 215 213 215 216 216 215 216 219 221 221 206 194 180 172 173 183 201 209 214 218 219 219 218 214 209 203 199 200 203 205 209 201 184 178 166 154 156 171 185 189 186 187 191 205 214 215 217 211 198 193 185 190 206 215 218 219 221 224 220 212 203 194 187 182 179 
200 194 185 174 187 197 192 206 216 215 217 218 216 216 217 216 216 216 216 216 215 215 215 215 216 215 215 214 214 215 215 216 216 215 215 215 215 215 215 214 214 213 212 212 213 212 211 211 210 209 209 209 209 209 209 209 212 210 208 209 207 200 191 183 183 190 199 203 203 199 196 194 190 190 186 180 181 191 200 204 208 201 191 175 156 129 92 57 34 22 25 38 40 33 24 20 11 6 9 10 9 11 10 11 11 11 10 11 11 11 10 9 10 10 10 10 10 10 10 9 9 9 9 9 9 9 9 9 10 10 10 10 10 10 10 10 9 9 9 9 9 9 9 9 8 8 8 8 8 8 7 7 7 7 7 7 7 7 7 7 7 7 7 7 6 6 6 6 6 6 6 6 6 6 5 5 5 6 6 6 6 6 5 5 6 6 5 5 5 5 5 5 6 5 5 5 5 5 5 5 5 5 5 5 5 5 5 5 5 5 5 5 4 4 4 4 5 5 5 5 5 5 5 5 4 4 4 4 4 4 4 4 4 4 4 4 4 4 4 4 4 4 4 4 4 4 4 4 4 4 4 4 4 4 4 4 4 4 4 4 4 4 4 4 4 4 4 4 4 4 4 4 4 4 4 4 4 4 4 4 4 4 4 4 4 4 4 4 4 4 4 4 4 4 4 4 4 4 4 4 4 4 4 4 4 4 4 4 4 4 4 4 0 5 0 0 6 3 1 40 96 101 82 26 1 4 1 6 2 5 2 10 12 61 142 172 186 177 162 158 160 160 170 184 186 191 197 199 200 201 201 200 190 182 179 181 186 194 202 201 202 201 200 197 192 186 183 184 189 195 199 200 200 203 203 201 202 199 199 195 192 192 184 181 179 174 170 172 179 188 190 189 188 189 193 198 200 191 178 168 174 177 176 178 184 189 195 202 206 205 204 196 184 174 173 173 183 189 192 192 195 199 201 198 199 201 205 206 203 199 199 203 200 207 207 198 183 175 175 182 169 174 180 193 206 212 213 215 216 217 217 217 216 217 219 221 219 211 197 180 176 177 179 191 201 206 213 217 215 205 193 184 173 167 172 182 189 194 190 174 167 151 138 139 152 166 174 177 181 183 197 209 211 215 213 203 190 176 175 189 200 208 216 221 222 223 219 210 202 197 192 189 
199 195 186 178 192 197 192 208 216 213 214 216 214 216 217 216 216 216 216 215 215 215 214 214 216 215 215 214 214 214 215 215 216 215 215 215 215 215 215 214 214 213 212 212 213 212 211 211 210 209 208 208 208 208 208 208 209 209 206 204 205 205 198 187 189 190 192 194 193 191 188 187 181 184 182 177 179 190 199 201 201 194 178 148 110 75 39 13 22 34 39 36 31 19 9 8 10 9 13 11 7 10 9 9 11 10 9 9 11 12 11 10 11 11 11 11 11 10 10 10 10 10 10 10 9 9 9 9 10 10 10 10 10 10 9 9 9 9 9 9 9 9 9 9 8 8 8 8 8 8 7 7 7 7 7 7 7 7 7 7 8 7 7 7 7 6 6 6 6 6 6 6 6 6 5 5 5 6 6 6 5 6 5 5 6 6 6 5 5 5 5 5 6 5 5 5 5 5 5 5 5 5 5 5 5 5 5 5 5 5 5 5 5 4 4 4 5 5 5 5 5 5 5 5 4 4 4 4 4 4 4 4 4 4 4 4 4 4 4 4 4 4 4 4 4 4 4 4 4 4 4 4 4 4 4 4 4 4 4 4 4 4 4 4 4 4 4 4 4 4 4 4 4 4 4 4 4 4 4 4 4 4 4 4 4 4 4 4 4 4 4 4 4 4 4 4 4 4 4 4 4 4 4 4 4 4 4 4 4 4 4 4 3 3 3 3 0 7 1 2 22 60 62 53 12 3 1 0 3 0 1 6 9 17 102 154 176 184 173 156 172 185 174 180 185 191 197 201 202 202 201 200 193 182 175 176 181 191 199 199 197 196 200 202 197 187 184 188 185 191 198 201 202 202 198 193 192 187 186 181 181 182 177 175 162 160 157 163 175 188 196 199 197 195 196 199 202 200 194 189 177 176 173 173 180 187 195 202 203 205 206 199 189 186 188 187 202 198 194 191 194 202 205 199 190 194 199 202 198 191 188 188 194 202 205 200 194 184 171 163 161 165 171 184 201 212 215 218 218 217 216 215 214 215 215 216 219 217 204 184 182 181 172 173 186 194 207 215 213 199 183 172 158 150 156 172 181 189 190 180 167 159 154 156 157 157 165 175 166 167 182 198 205 214 219 212 204 193 185 185 191 202 214 219 219 224 224 217 210 202 188 177 
198 190 178 179 194 194 193 215 216 216 216 216 216 216 216 216 216 216 216 217 217 216 216 216 213 213 213 213 214 214 214 214 215 215 215 214 214 214 214 214 214 214 214 213 212 212 211 210 212 208 201 203 209 207 202 200 203 200 200 198 194 199 201 195 186 191 193 189 186 185 185 183 184 189 183 188 192 195 200 195 190 164 129 93 55 25 21 30 40 41 35 23 12 9 11 13 10 10 10 10 10 9 9 9 11 10 10 11 11 10 10 11 10 10 10 10 10 10 10 10 11 10 10 9 9 10 10 11 11 11 10 10 10 9 9 9 9 9 8 8 8 8 7 7 9 9 8 8 7 7 7 6 8 8 8 7 7 7 7 8 7 7 7 7 6 6 6 6 6 6 6 6 6 6 6 6 6 6 6 6 6 6 5 5 5 5 5 5 5 5 5 5 5 5 5 5 5 5 5 5 5 5 5 5 5 5 5 5 5 5 5 5 5 5 5 5 4 4 4 4 4 4 4 4 4 4 4 4 4 4 4 4 4 4 4 4 4 4 4 4 4 4 4 4 4 4 4 4 4 4 4 4 4 4 4 4 4 4 4 4 4 4 4 4 4 4 4 4 4 4 4 4 4 4 4 4 4 4 4 4 4 4 4 4 4 4 4 4 4 4 4 4 4 4 4 4 4 4 4 4 4 4 4 4 4 4 4 4 4 4 4 4 3 3 2 2 1 1 1 2 0 13 27 29 17 4 1 4 3 0 5 0 8 11 36 122 167 182 183 185 181 193 196 193 191 191 195 202 204 200 197 198 188 182 175 176 185 193 197 201 200 203 202 202 205 202 194 189 185 189 193 195 196 193 183 173 166 173 174 171 170 166 165 174 156 160 162 165 177 192 201 200 195 194 187 188 198 198 194 199 187 182 171 164 168 185 194 196 203 201 200 200 199 192 192 201 206 206 204 198 194 195 201 207 197 190 188 193 192 182 173 169 181 190 196 196 195 190 179 171 174 174 174 187 199 205 211 214 210 210 209 206 200 198 201 208 211 218 218 209 195 185 173 165 178 192 200 208 216 202 180 173 154 149 150 161 180 194 195 191 185 189 191 189 184 180 178 177 173 176 179 185 198 210 217 218 214 204 188 176 179 192 209 219 221 224 224 221 216 208 198 189 
197 190 177 182 196 194 196 215 216 216 216 215 215 216 216 216 216 216 216 217 217 216 215 215 213 213 213 213 213 213 213 214 214 214 214 214 214 214 214 214 214 214 214 213 213 212 211 211 205 208 205 201 199 197 194 194 194 192 193 190 188 195 198 193 190 188 184 179 179 182 187 190 196 204 202 202 198 193 190 180 151 116 70 35 25 26 33 37 34 28 20 13 11 11 12 11 10 10 10 10 10 10 10 10 10 9 9 10 11 10 10 11 11 11 11 10 10 10 10 10 11 10 10 9 9 10 10 11 10 10 10 10 9 9 9 9 8 8 8 8 8 8 7 7 9 9 8 8 8 7 7 7 8 8 8 7 7 7 7 8 7 7 7 7 6 6 6 6 6 6 6 6 6 6 6 6 6 6 6 6 6 6 5 5 5 5 5 5 5 5 5 5 6 5 5 5 5 5 5 5 5 5 5 5 5 5 5 5 5 5 5 5 5 5 5 5 4 4 4 4 4 4 4 4 4 4 4 4 4 4 4 4 4 4 4 4 4 4 4 4 4 4 4 4 4 4 4 4 4 4 4 4 4 4 4 4 4 4 4 4 4 4 4 4 4 4 4 4 4 4 4 4 4 4 4 4 4 4 4 4 4 4 4 4 4 4 4 4 4 4 4 4 4 4 4 4 4 4 4 4 4 4 4 4 4 4 4 4 4 4 4 4 4 4 2 2 1 1 1 2 1 4 10 12 10 5 2 2 1 0 3 1 8 5 12 63 147 172 180 190 187 200 210 200 193 190 191 197 200 198 197 197 199 197 192 191 197 202 204 206 206 208 206 205 205 200 191 186 188 192 195 195 194 187 173 160 153 156 155 162 175 180 178 178 180 179 176 176 184 195 201 200 192 185 184 188 194 198 199 197 186 179 170 165 166 176 185 190 198 202 204 203 204 199 192 192 196 202 204 199 193 193 197 201 206 201 193 185 180 175 171 168 164 179 194 199 197 188 174 167 164 171 178 186 194 199 203 203 198 191 182 178 177 178 184 191 208 214 219 215 203 191 180 172 166 181 198 208 213 208 192 178 174 175 179 187 198 207 210 212 209 209 209 210 211 209 201 193 184 180 177 180 190 202 213 219 212 204 191 179 180 188 198 207 217 220 221 218 216 213 205 195 
195 188 175 187 197 193 201 216 216 216 216 215 215 216 216 216 216 216 216 217 216 215 215 214 213 213 213 213 213 213 213 213 214 214 214 214 215 215 215 215 213 213 213 213 213 212 211 211 205 201 195 190 185 178 177 182 186 181 180 182 180 181 185 188 185 181 179 182 184 187 193 199 205 207 203 204 204 190 163 132 95 67 33 19 24 34 36 32 24 17 10 9 11 12 11 11 9 10 10 10 11 11 11 12 10 9 10 11 11 11 11 12 12 12 11 11 10 10 10 9 11 10 10 9 9 10 10 11 10 10 10 9 9 9 9 9 8 8 8 8 8 8 8 8 9 9 9 8 8 8 8 8 8 8 8 7 7 7 7 8 7 7 7 7 6 6 6 6 6 6 6 6 6 6 6 6 6 6 6 6 6 6 5 5 5 5 5 5 5 5 5 5 6 6 6 5 5 5 5 5 5 5 5 5 5 5 5 5 4 4 4 4 4 4 4 4 4 4 4 4 4 4 4 4 4 4 4 4 4 4 4 4 4 4 4 4 4 4 4 4 4 4 4 4 4 4 4 4 4 4 4 4 4 4 4 4 4 4 4 4 4 4 4 4 3 3 3 3 3 3 3 3 4 4 4 4 4 4 4 4 4 4 4 4 4 4 4 4 4 4 4 4 4 4 4 4 4 4 4 4 4 4 4 4 4 4 4 4 4 4 4 4 4 4 3 2 2 2 2 2 3 0 0 2 5 6 4 3 2 1 2 1 4 4 8 29 118 166 182 187 185 194 210 205 194 189 186 191 197 201 201 201 205 208 206 204 205 204 202 203 201 204 203 202 203 202 197 195 191 193 195 196 196 189 173 159 155 161 167 173 184 190 190 189 185 180 177 178 187 196 200 201 195 183 182 184 184 192 198 194 193 187 179 175 171 171 179 189 192 202 206 206 208 206 195 187 191 198 203 200 193 189 191 193 205 206 200 185 170 164 156 148 154 163 177 193 198 190 181 178 166 171 172 171 177 184 186 183 176 169 163 160 158 162 176 190 204 211 217 216 206 190 175 165 167 171 188 204 208 214 214 204 204 207 210 213 214 217 221 224 226 222 219 220 221 218 206 194 185 175 171 174 182 193 205 213 219 216 205 192 186 182 188 200 208 216 222 222 222 220 208 194 
193 185 174 189 196 192 206 216 216 216 215 215 215 215 216 216 216 216 216 216 216 215 214 213 212 212 213 213 214 214 214 214 214 214 214 214 214 215 215 215 213 213 213 213 212 212 211 211 207 198 180 167 164 164 165 167 181 181 179 173 171 174 179 180 178 176 178 186 189 192 196 202 208 210 204 194 181 154 110 74 39 33 33 39 38 28 18 16 15 12 11 13 12 10 10 12 10 10 11 11 11 11 12 12 11 10 11 13 13 12 12 13 13 12 12 11 11 10 10 9 11 10 10 10 10 10 10 11 10 10 9 9 9 9 9 9 8 8 8 8 8 8 8 8 9 9 9 9 9 9 9 9 8 8 8 7 7 7 7 8 7 7 7 7 6 6 6 6 6 6 6 6 6 6 6 6 6 6 6 6 6 6 5 5 5 5 5 5 5 5 5 5 6 6 6 5 5 5 5 5 5 5 5 5 5 5 5 5 4 4 4 4 4 4 4 4 4 4 4 4 4 4 4 4 4 4 4 4 4 4 4 4 4 4 4 4 4 4 4 4 4 4 4 4 4 4 4 4 4 4 4 4 4 4 4 4 4 4 4 4 4 4 4 4 3 3 3 3 3 3 3 3 4 4 4 4 4 4 4 4 4 4 4 4 4 4 4 4 4 4 4 4 4 4 4 4 4 4 4 4 4 4 4 4 4 4 4 4 4 4 4 4 4 4 4 3 2 2 2 2 1 1 2 3 4 4 3 3 3 3 2 2 1 6 22 35 65 131 169 177 183 188 195 209 197 191 186 189 196 203 205 205 204 206 206 204 199 190 186 189 195 200 201 199 199 198 198 199 196 195 195 197 200 196 185 174 168 177 184 183 182 184 184 184 185 180 176 180 188 194 197 197 199 188 181 178 177 185 195 197 204 199 193 186 177 171 175 184 188 198 202 202 205 206 199 193 191 195 200 202 197 190 189 191 202 210 210 197 179 167 154 142 160 154 160 178 190 188 181 176 172 167 159 149 147 154 157 159 157 155 154 154 151 154 167 181 197 206 214 216 214 206 191 177 176 167 175 193 203 210 219 222 221 221 219 219 220 221 220 220 220 220 220 221 221 219 212 205 195 184 179 179 182 190 198 200 208 209 204 193 181 168 170 187 193 204 213 214 213 209 197 183 
191 181 174 191 194 193 211 216 216 216 215 215 215 215 216 216 216 216 215 216 215 214 214 213 211 212 213 213 214 214 214 214 214 214 214 214 214 214 214 214 213 213 213 212 212 211 211 211 203 202 181 153 145 155 163 165 174 186 183 168 167 181 185 178 183 180 181 186 188 190 195 202 203 201 192 174 148 111 61 24 22 27 37 42 33 16 9 11 12 11 12 14 13 11 10 12 12 12 11 11 11 11 11 11 11 11 11 13 14 13 13 14 13 13 12 12 11 10 10 9 11 10 10 10 10 10 10 11 9 9 9 9 9 9 9 9 8 8 8 8 8 8 8 8 9 9 9 9 9 9 9 9 8 8 8 7 7 7 7 8 7 7 7 7 6 6 6 6 6 6 6 6 6 6 6 6 6 6 6 6 6 6 5 5 5 5 5 5 5 5 5 5 6 6 5 5 5 5 5 5 5 5 5 5 5 5 5 5 4 4 4 4 4 4 4 4 4 4 4 4 4 4 4 4 4 4 4 4 4 4 4 4 4 4 4 4 4 4 4 4 3 3 3 3 3 3 3 3 3 3 3 3 3 3 3 3 2 2 2 2 2 2 2 2 3 3 3 3 3 3 3 3 4 4 4 4 4 4 4 4 4 4 4 4 4 4 4 4 4 4 4 4 4 4 4 4 4 4 4 4 4 4 4 4 4 4 4 4 4 4 4 4 4 4 4 4 3 3 2 2 0 3 5 4 2 1 2 2 0 1 2 5 1 4 27 44 36 71 138 176 191 190 185 201 202 197 191 190 195 200 202 201 202 201 199 196 186 169 162 168 181 191 198 199 199 198 199 203 203 198 193 193 197 199 196 191 185 185 182 176 174 176 175 171 178 174 171 175 183 190 195 198 197 194 184 176 179 184 193 205 205 203 200 188 176 169 169 172 182 190 195 198 202 204 203 203 192 189 193 202 200 190 185 188 192 202 209 204 193 179 168 159 153 147 150 165 181 190 186 175 156 142 131 120 118 127 138 153 149 151 157 166 171 175 180 185 200 209 215 216 220 221 210 193 184 175 174 188 202 209 214 222 218 217 217 217 219 220 219 218 218 219 218 218 218 217 215 211 196 187 184 184 186 196 202 195 192 191 188 185 178 165 161 170 178 188 194 193 193 194 188 180 
189 177 178 193 192 196 214 216 216 215 215 215 215 215 215 216 215 215 215 216 215 214 214 213 211 212 213 213 214 214 214 214 214 214 214 214 213 213 213 213 212 212 212 212 211 211 210 210 205 202 188 169 153 149 161 179 170 176 176 175 179 182 185 186 192 191 193 195 196 197 200 202 198 185 163 126 90 62 33 18 34 35 32 24 17 14 13 12 13 10 9 10 13 13 13 12 13 12 12 12 11 10 10 10 11 10 11 13 13 12 12 13 13 13 12 11 11 10 10 9 11 10 10 10 10 10 10 11 9 9 9 9 9 9 9 9 9 9 9 9 9 9 8 8 9 9 9 9 9 9 9 9 8 8 8 7 7 7 7 8 7 7 7 7 6 6 6 6 6 6 6 6 6 6 6 6 6 6 6 6 6 6 5 5 5 5 5 5 5 5 5 5 5 5 5 5 5 5 5 5 5 5 5 5 5 5 5 5 4 4 4 4 4 4 4 4 4 4 4 4 4 4 4 4 4 4 4 4 4 4 4 4 4 4 4 4 4 4 4 4 3 3 3 3 3 3 3 3 3 3 3 3 3 3 3 3 2 2 2 2 2 2 2 2 3 3 3 3 3 3 3 3 4 4 4 4 4 4 4 4 4 4 4 4 4 4 4 4 4 4 4 4 4 4 4 4 4 4 4 4 4 4 4 4 4 4 4 4 4 4 4 4 4 4 4 4 4 3 3 3 1 2 2 1 1 3 2 2 2 1 0 4 3 4 30 56 47 28 105 171 190 191 183 191 201 200 197 194 194 198 199 198 202 198 193 188 175 156 147 153 168 183 194 200 202 201 202 205 204 198 190 187 190 196 200 202 198 190 181 172 166 169 172 170 172 169 168 169 175 183 192 199 195 201 193 183 184 185 190 203 202 204 201 190 179 171 167 164 174 182 191 197 203 204 206 210 195 186 186 194 193 179 170 169 176 188 202 206 202 192 180 171 150 149 151 155 168 191 200 188 159 129 108 95 96 111 124 143 156 167 183 196 204 208 211 213 213 218 219 216 219 222 213 198 189 183 176 178 191 205 212 217 215 217 218 218 216 215 216 218 220 217 212 209 209 209 206 202 187 178 180 189 197 208 207 190 179 169 164 170 171 162 153 148 154 163 173 179 184 188 187 183 
187 174 183 196 191 201 217 215 216 215 215 215 215 215 215 216 215 215 215 216 215 215 214 214 212 212 213 213 213 212 212 211 213 213 213 213 213 213 213 213 212 212 212 211 211 210 209 209 209 203 197 191 177 161 161 176 169 167 171 186 193 184 182 195 195 197 199 200 202 204 198 191 183 157 115 61 24 18 24 41 34 27 18 11 10 13 13 10 13 12 9 10 13 15 14 11 13 12 12 11 11 10 10 10 11 11 11 13 13 12 12 12 13 12 12 11 11 10 10 9 10 11 11 11 11 11 11 10 10 10 10 10 10 10 10 10 10 10 9 9 9 9 9 9 9 9 9 9 9 8 8 8 8 8 8 7 7 7 7 8 7 7 7 7 6 6 6 6 6 6 6 6 6 6 6 6 6 6 6 6 6 6 5 5 5 5 5 5 5 5 5 5 5 5 5 5 4 4 4 4 4 4 4 4 4 4 4 4 4 4 4 4 4 4 4 4 4 4 4 4 4 4 4 4 4 4 4 4 4 4 4 4 4 4 4 4 4 4 4 4 2 2 2 2 2 2 2 2 2 2 2 2 2 2 2 2 2 2 2 2 2 2 2 2 2 2 2 2 2 2 2 2 4 4 4 4 4 4 4 4 4 4 4 4 4 4 4 4 4 4 4 4 4 4 4 4 4 4 4 4 4 4 4 4 4 4 4 4 4 4 4 4 4 4 4 4 4 4 3 3 3 3 1 1 2 3 3 2 5 4 1 1 5 8 36 78 70 37 98 161 186 190 188 193 199 203 204 200 197 198 199 198 199 198 193 186 175 160 152 154 174 184 193 197 200 200 198 199 202 196 187 182 183 190 198 203 199 192 186 176 164 162 169 170 176 177 177 174 175 180 188 194 200 204 201 192 185 183 186 192 200 202 201 196 188 180 171 164 164 175 186 194 200 204 205 207 199 190 183 183 178 167 157 154 169 183 200 209 211 206 191 179 169 158 151 150 157 178 195 195 186 156 131 112 108 117 124 140 174 191 209 215 215 215 217 217 218 219 219 218 220 222 218 212 196 183 174 170 173 188 203 205 211 212 213 212 209 207 207 208 206 204 202 198 197 197 194 190 182 165 166 183 198 213 208 186 163 142 136 143 150 150 143 131 130 139 152 168 181 189 192 190 
186 172 187 198 192 205 218 214 215 215 215 215 215 215 215 215 215 215 215 216 216 215 214 214 212 213 213 213 212 211 210 209 212 212 212 213 213 213 213 213 212 212 212 211 210 209 209 208 210 211 206 198 193 185 168 155 165 172 179 189 197 193 187 191 194 196 194 190 193 196 188 175 146 104 57 24 20 32 34 37 24 17 12 15 16 14 13 15 11 14 16 15 14 15 14 11 12 12 12 11 11 10 10 10 12 12 12 14 14 13 12 13 12 12 12 11 10 10 10 9 10 11 11 11 11 11 11 10 10 10 10 10 10 10 10 10 10 10 10 10 9 9 9 9 9 9 9 8 8 8 8 8 8 8 8 7 7 7 7 8 7 7 7 7 6 6 6 6 6 6 6 6 6 6 6 6 6 6 6 6 6 6 5 5 5 5 5 5 5 5 5 5 5 5 5 4 4 4 4 4 4 4 4 4 4 4 4 4 4 4 4 4 4 4 4 4 4 4 4 4 4 4 4 4 4 4 4 4 4 4 4 4 4 4 4 4 4 4 4 4 2 2 2 2 2 2 2 2 2 2 2 2 2 2 2 2 2 2 2 2 2 2 2 2 2 2 2 2 2 2 2 2 4 4 4 4 4 4 4 4 4 4 4 4 4 4 4 4 4 4 4 4 4 4 4 4 4 4 4 4 4 4 4 4 4 4 4 4 4 4 4 4 4 4 4 5 5 4 4 4 2 3 3 2 1 1 2 1 1 5 5 1 5 10 38 90 102 91 131 170 197 195 191 197 203 210 213 208 201 198 197 196 196 200 196 188 181 172 165 164 174 181 185 191 198 201 202 203 205 199 190 183 181 185 193 199 202 194 191 184 171 168 171 171 168 174 178 177 177 182 189 194 203 201 203 197 183 182 186 184 197 197 200 200 196 185 173 165 156 168 179 186 193 200 201 200 202 193 182 174 168 163 157 154 167 182 195 204 210 211 200 185 178 151 140 149 155 166 184 195 189 178 174 156 142 143 149 168 187 200 212 215 218 220 217 212 217 215 215 216 216 215 215 217 212 189 180 179 169 178 196 196 202 202 200 199 199 198 195 193 193 194 193 187 180 174 170 168 164 138 133 156 183 208 211 195 160 136 129 138 142 151 154 144 130 134 146 166 186 199 208 210 
183 173 192 196 192 211 220 217 216 218 216 213 214 215 214 216 214 216 216 214 212 212 211 211 209 209 209 209 209 208 207 206 200 204 209 211 212 212 213 214 212 211 211 210 210 209 209 209 211 206 210 210 199 188 177 161 151 165 177 185 190 189 179 167 183 186 187 181 183 177 168 144 87 43 24 36 42 39 31 18 14 14 15 15 14 14 14 14 13 13 13 14 14 14 12 11 11 11 10 10 11 11 12 12 12 13 13 13 13 12 11 10 12 12 12 11 10 9 9 9 9 10 11 11 11 10 9 8 12 12 11 11 9 9 9 10 12 11 10 10 9 9 9 9 8 8 8 8 8 8 8 8 7 7 8 8 8 7 7 7 8 8 8 7 7 7 7 7 5 6 6 6 6 6 6 5 6 6 6 5 5 5 5 5 6 6 5 5 5 5 5 5 4 4 4 4 4 4 4 4 4 4 4 4 4 4 4 4 5 4 4 4 4 4 4 4 4 4 4 4 4 4 4 4 4 4 4 4 4 4 4 4 2 2 2 2 2 2 2 2 2 2 2 2 2 2 2 2 2 2 2 2 2 2 2 2 2 2 2 2 2 2 2 2 2 2 2 2 2 2 2 2 2 2 2 2 2 2 2 2 2 2 2 2 2 2 2 2 3 3 3 3 3 3 3 3 4 4 4 4 4 4 4 4 4 4 4 4 4 4 4 4 4 4 4 4 4 4 4 4 3 3 3 2 2 1 1 1 0 7 3 0 5 7 24 54 102 117 151 182 203 197 196 195 199 202 199 196 196 196 194 194 195 195 195 193 191 187 182 177 168 172 179 190 197 200 201 202 200 200 195 186 178 179 188 197 201 199 203 198 183 176 173 170 177 169 174 174 169 173 181 187 197 201 200 201 195 185 188 187 188 202 204 199 196 188 172 166 158 163 173 183 192 196 199 201 201 203 196 179 162 153 153 154 150 176 189 191 201 208 202 197 183 166 155 151 161 168 169 183 193 193 186 180 165 161 173 175 190 198 206 211 215 214 213 213 216 216 214 217 217 213 215 215 218 212 195 184 180 184 189 186 180 187 188 183 181 181 178 178 175 183 173 172 162 148 152 143 138 133 116 131 167 195 212 213 183 158 143 145 153 162 162 153 143 128 142 174 198 212 217 224 
179 177 195 196 195 213 217 213 214 215 214 213 214 214 214 217 215 216 216 214 211 209 204 200 199 200 201 202 201 200 198 197 195 199 205 209 211 212 213 214 212 211 211 210 210 209 209 209 209 210 210 210 207 195 177 167 143 139 160 175 183 184 174 171 176 186 183 174 171 162 126 80 42 33 41 53 47 32 19 9 15 15 15 15 14 13 14 14 12 12 13 13 14 13 12 11 11 11 11 11 11 12 12 12 12 13 13 14 14 13 12 12 13 12 12 11 10 10 9 9 9 10 11 11 11 10 9 8 11 11 11 11 10 10 10 11 11 10 10 9 9 9 9 9 9 9 9 9 8 8 8 8 8 8 8 8 8 8 8 7 8 8 8 7 7 7 7 6 6 6 6 6 6 6 6 6 6 6 6 5 5 5 5 5 5 5 5 5 5 5 5 4 4 4 4 4 4 4 4 4 4 4 4 4 4 4 4 4 4 4 4 4 4 4 3 3 4 4 4 4 4 4 4 4 4 4 4 4 4 4 4 4 2 2 2 2 2 2 2 2 2 2 2 2 2 2 2 2 2 2 2 2 2 2 2 2 2 2 2 2 2 2 2 2 2 2 2 2 2 2 2 2 2 2 2 2 2 2 2 2 2 2 2 2 2 2 2 2 3 3 3 3 3 3 3 3 4 4 4 4 4 4 4 4 4 4 4 4 4 4 4 4 4 4 4 4 4 4 4 4 4 4 3 2 2 1 1 0 0 4 1 2 8 4 7 25 60 104 153 188 192 198 196 196 193 194 190 185 186 187 188 191 192 194 197 198 197 193 185 179 169 172 178 189 196 199 200 201 199 200 199 191 181 178 185 193 208 208 206 197 185 177 170 164 170 170 174 174 175 177 176 184 187 196 201 209 207 197 192 187 187 193 199 201 197 192 185 175 170 168 169 176 186 195 202 206 205 206 200 186 172 163 162 161 169 167 172 183 195 203 205 204 197 187 178 165 164 170 170 174 183 190 185 184 178 166 168 172 175 189 200 204 208 213 215 217 216 217 216 220 220 217 219 218 215 211 195 183 181 182 178 165 159 157 148 158 158 148 159 161 158 167 161 159 153 145 155 159 151 154 142 125 146 180 196 213 201 178 160 155 160 170 175 171 151 132 135 158 186 208 215 215 
176 184 198 195 201 218 218 216 212 213 211 209 209 207 208 213 214 215 214 212 209 203 195 188 190 193 196 197 196 195 193 193 194 198 203 208 210 212 212 212 211 211 210 210 209 209 208 208 207 213 210 209 211 199 179 171 152 139 159 173 184 193 185 188 192 193 185 172 152 119 71 39 32 40 48 44 31 18 13 12 15 16 16 15 14 13 13 14 12 12 12 13 14 14 12 11 12 12 12 12 12 12 12 12 13 14 14 15 14 14 13 12 13 12 11 11 11 11 10 9 10 10 11 11 11 11 10 9 11 11 11 11 10 10 11 12 11 10 10 10 10 9 10 10 10 10 10 10 9 9 9 9 9 9 9 9 9 8 8 8 8 8 7 7 7 7 6 6 6 6 6 7 7 6 6 6 6 6 6 5 5 5 5 5 5 5 5 5 4 4 4 4 4 4 4 4 4 4 4 4 4 4 4 4 4 4 4 4 4 4 4 4 3 2 2 2 4 4 4 4 4 4 4 4 3 3 3 3 3 3 3 3 2 2 2 2 2 2 2 2 2 2 2 2 2 2 2 2 2 2 2 2 2 2 2 2 2 2 2 2 2 2 2 2 2 2 2 2 2 2 2 2 2 2 2 2 2 2 2 2 2 2 2 2 2 2 2 2 3 3 3 3 3 3 3 3 4 4 4 4 4 4 4 4 4 4 4 4 4 4 4 4 4 4 4 4 4 4 4 4 4 4 4 3 2 2 1 1 0 3 3 10 21 15 6 9 26 75 129 171 185 196 194 191 190 191 185 178 177 180 186 193 197 198 200 201 200 197 189 182 169 168 173 183 192 198 201 202 200 203 205 200 190 183 186 193 201 208 206 195 185 176 168 163 167 173 174 172 179 178 170 177 182 193 201 210 209 196 184 172 177 179 192 203 201 202 200 190 186 176 167 170 181 193 200 204 205 204 200 194 184 175 172 171 171 155 158 178 191 202 210 206 205 192 184 175 164 161 160 165 172 187 186 184 183 171 168 176 179 188 196 202 209 213 216 219 218 220 219 222 220 214 212 208 207 208 200 195 190 179 157 129 115 116 114 131 151 150 157 171 169 179 182 181 177 164 159 165 165 174 174 151 146 166 184 205 215 200 183 174 173 183 191 191 171 154 151 159 179 204 215 218 
169 185 192 186 196 212 211 213 209 207 203 200 198 195 197 205 212 213 213 211 208 201 193 187 190 193 197 199 199 198 198 199 201 203 206 208 210 210 209 208 209 209 209 209 209 208 208 207 207 210 209 209 208 198 181 174 152 154 168 176 192 205 202 199 198 193 173 143 93 52 27 34 48 47 34 18 13 13 14 18 15 15 15 15 14 13 13 14 12 12 12 13 14 14 13 12 12 12 12 13 13 12 12 12 14 15 15 15 14 13 12 11 13 12 10 10 11 12 10 8 10 10 11 11 11 11 10 10 10 11 11 10 9 9 10 11 11 11 11 11 11 10 10 10 11 11 10 10 10 9 9 9 9 9 9 9 9 8 8 8 8 8 7 7 7 7 6 6 6 6 7 7 7 7 6 6 6 6 6 5 5 5 5 5 5 5 5 5 4 4 4 4 4 4 4 4 4 4 4 4 4 4 4 4 4 4 4 4 4 4 3 3 2 2 2 2 3 3 3 3 3 3 3 3 3 3 3 3 3 3 3 3 2 2 2 2 2 2 2 2 2 2 2 2 2 2 2 2 2 2 2 2 2 2 2 2 2 2 2 2 2 2 2 2 2 2 2 2 2 2 2 2 2 2 2 2 2 2 2 2 2 2 2 2 2 2 2 2 3 3 3 3 3 3 3 3 4 4 4 4 4 4 4 4 4 4 4 4 4 4 4 4 4 4 4 4 4 4 4 4 4 4 4 4 3 2 2 1 0 2 4 16 30 27 14 10 16 41 89 133 174 188 194 190 194 196 190 181 176 177 186 196 199 200 199 197 197 197 194 189 179 174 172 179 190 198 203 205 204 206 208 206 197 188 185 188 191 204 208 200 193 184 176 175 168 170 171 169 174 175 167 169 179 189 198 203 201 188 172 157 163 173 190 203 204 207 206 199 188 176 166 167 177 187 194 197 201 200 201 200 196 187 180 177 161 155 157 171 183 198 206 204 206 194 187 177 165 159 159 158 152 170 179 183 184 177 176 184 192 190 191 200 211 214 213 217 216 219 217 219 214 204 196 186 181 183 178 176 174 165 148 125 102 116 127 132 164 179 162 179 171 172 171 168 174 169 158 168 176 187 197 197 173 161 182 194 211 210 205 197 194 201 209 211 194 181 173 167 174 191 204 214 
161 182 185 179 193 203 199 203 203 201 196 191 189 187 191 199 210 212 214 213 209 204 200 196 198 201 204 205 205 205 206 208 209 209 209 209 209 209 208 207 208 208 208 208 208 207 207 206 210 206 208 210 201 193 183 173 160 178 176 183 202 208 203 195 186 172 136 80 29 18 18 34 36 31 16 9 15 18 15 15 13 14 14 14 14 14 14 15 13 13 13 14 15 15 14 13 12 12 12 12 13 13 12 12 14 14 14 14 14 13 12 12 13 11 10 10 11 12 10 9 10 10 10 11 11 11 10 10 12 12 12 11 10 9 10 10 11 11 11 11 11 11 10 10 11 11 10 10 10 9 9 9 9 9 9 9 8 8 7 7 8 7 7 7 7 6 6 6 6 6 7 7 7 7 6 6 6 6 6 5 5 5 5 5 5 5 5 5 5 5 4 4 4 4 4 4 4 4 4 4 4 4 4 4 4 4 4 4 3 3 3 3 2 2 2 2 2 2 2 2 2 2 2 2 2 2 2 2 2 2 2 2 2 2 2 2 2 2 2 2 2 2 2 2 2 2 2 2 2 2 2 2 2 2 2 2 2 2 2 2 2 2 2 2 2 2 2 2 2 2 2 2 2 2 2 2 2 2 2 2 2 2 2 2 2 2 2 2 2 2 2 2 2 2 2 2 3 3 3 3 3 3 3 3 4 4 4 4 4 4 4 4 4 4 4 4 4 4 4 4 4 4 4 4 3 2 2 2 2 2 2 10 22 21 11 6 11 22 57 101 152 178 195 200 198 202 199 188 178 174 180 191 195 197 196 194 196 199 200 199 195 184 175 177 187 197 204 207 206 205 205 205 200 192 185 182 187 200 205 203 200 192 181 176 166 162 167 168 169 175 172 168 173 181 191 195 193 185 169 158 156 176 191 198 203 203 200 198 184 174 167 169 176 183 190 195 201 202 205 207 204 195 184 178 163 163 160 161 175 188 196 202 201 203 197 180 167 170 167 150 151 155 172 188 188 178 174 177 189 187 182 188 200 208 211 214 211 214 213 215 209 197 183 169 159 159 156 159 158 150 142 132 99 111 131 132 156 177 160 159 167 164 162 160 172 175 165 178 184 198 208 217 200 169 168 178 197 211 218 214 209 212 218 220 216 201 187 175 173 179 188 200 
150 175 179 178 193 196 187 192 194 194 190 186 188 191 196 202 210 213 215 214 212 209 208 207 207 208 209 209 209 209 210 211 211 210 209 208 208 209 209 209 208 208 209 209 208 208 207 207 210 204 208 209 195 184 179 171 179 192 178 186 204 202 199 188 166 121 73 30 16 32 28 23 16 15 11 12 19 18 13 15 13 14 14 14 14 14 15 15 15 15 15 15 15 15 14 14 12 12 12 12 12 13 13 14 13 13 14 14 14 14 14 14 12 11 10 11 11 12 11 10 11 11 11 11 11 11 11 11 12 12 12 11 10 10 10 10 11 11 11 11 10 10 10 10 11 11 10 10 10 9 9 9 8 8 8 8 8 7 7 7 7 7 7 7 7 6 6 6 6 6 6 7 7 6 6 6 6 6 6 5 5 5 5 5 5 5 5 5 5 5 4 4 4 4 4 4 4 4 4 4 3 3 3 3 3 3 3 3 4 3 3 2 2 2 2 2 2 2 2 2 2 2 2 2 2 2 2 2 2 2 2 2 2 2 2 2 2 2 2 2 2 2 2 2 2 2 2 2 2 2 2 2 2 2 2 2 2 2 2 2 2 2 2 2 2 2 2 2 2 2 2 2 2 2 2 2 2 2 2 2 2 2 2 2 2 2 2 2 2 2 2 2 2 2 2 2 3 3 3 3 3 3 3 3 4 4 4 4 4 4 4 4 4 4 4 4 4 4 4 4 4 4 4 4 4 3 2 2 2 1 0 2 9 10 6 4 6 16 33 76 123 172 193 202 198 203 201 192 181 172 174 182 194 198 201 199 200 203 204 203 198 187 175 173 180 189 199 204 204 203 203 206 207 202 193 186 188 193 197 200 202 194 180 171 167 160 169 174 173 179 178 172 172 175 185 189 189 183 168 160 157 174 184 190 200 201 197 199 192 184 176 174 174 177 186 194 201 205 207 207 205 197 185 177 168 169 162 164 177 183 187 199 201 207 202 191 179 173 169 155 168 155 167 188 190 180 173 177 178 185 182 175 184 199 207 209 212 214 213 214 211 196 179 162 158 158 155 159 156 144 135 127 104 101 116 140 153 170 181 163 157 158 163 163 170 169 159 166 181 201 212 210 211 184 148 157 181 202 217 213 207 205 208 213 221 213 204 186 174 170 175 194 
143 167 173 177 192 186 174 180 188 191 189 187 192 200 205 209 212 214 214 213 213 212 212 211 210 210 210 209 209 209 209 209 208 208 208 208 208 208 209 209 208 208 209 209 209 208 207 207 207 207 208 203 187 173 165 163 176 173 165 178 193 196 185 162 115 54 25 20 32 37 24 14 12 14 13 13 14 14 13 17 14 15 15 15 15 14 15 16 16 16 15 15 15 15 14 13 13 12 12 12 12 13 15 15 15 15 15 15 15 15 14 14 12 12 12 12 12 12 12 11 13 12 12 11 11 11 11 12 12 12 12 11 10 10 11 11 12 12 12 12 11 11 10 10 11 11 10 10 10 10 10 10 9 9 9 8 8 7 7 6 7 7 7 7 6 6 6 6 6 6 6 6 6 6 6 6 6 6 6 5 5 5 5 5 5 5 5 4 4 4 4 4 4 4 4 4 4 4 4 4 4 4 4 4 4 4 4 4 4 4 3 2 2 2 2 2 2 2 2 2 2 2 2 2 2 2 2 2 2 2 2 2 2 2 2 2 2 2 2 2 2 2 2 2 2 2 2 2 2 2 2 2 2 2 2 2 2 2 2 2 2 2 2 2 2 2 2 2 2 2 2 2 2 2 2 2 2 2 2 2 2 2 2 2 2 2 2 2 2 2 2 2 2 2 2 2 3 3 3 3 3 3 3 3 4 4 4 4 4 4 4 4 4 4 4 4 4 4 4 4 4 4 4 4 4 4 3 2 1 2 1 1 3 5 5 5 5 11 19 48 89 143 176 193 199 202 202 196 189 179 175 178 191 199 203 202 201 202 202 200 194 188 178 174 176 182 193 201 204 204 205 207 211 209 199 187 183 184 190 199 202 199 191 183 177 172 175 177 178 179 173 172 168 168 176 182 188 187 174 169 166 166 169 179 192 199 201 203 203 195 185 178 172 170 178 187 196 202 205 204 201 199 191 181 175 177 179 182 183 183 188 196 207 209 204 200 185 162 158 159 156 152 160 171 180 183 181 188 176 181 178 173 178 190 199 204 212 215 213 216 216 204 187 167 159 157 152 155 153 143 134 123 107 94 96 132 149 159 173 160 154 155 156 155 158 160 158 162 169 187 197 193 197 184 146 134 157 183 199 198 193 191 195 204 213 215 214 198 181 171 172 189 
154 176 180 185 196 185 171 176 185 190 190 189 197 207 212 213 213 213 213 212 213 213 212 209 208 208 208 208 208 208 208 207 206 207 208 208 208 208 208 209 208 208 209 209 209 208 207 207 205 210 207 196 183 162 150 153 169 157 163 178 186 188 160 116 56 15 23 36 37 24 15 15 14 14 14 14 15 14 13 12 16 16 16 16 15 15 15 15 17 16 16 15 15 15 14 13 13 13 12 12 12 14 16 17 19 19 18 17 16 14 13 13 12 13 13 13 12 12 12 13 14 13 13 12 12 12 12 12 11 12 12 11 11 11 11 12 13 13 13 13 13 12 12 11 11 11 11 11 10 10 10 10 9 9 9 9 8 7 7 6 7 7 7 7 6 6 6 6 5 6 6 6 6 6 6 5 6 6 6 5 5 5 5 5 4 4 4 4 4 4 4 4 4 4 4 4 4 4 4 4 4 4 4 4 4 4 4 4 3 3 3 3 2 2 2 3 2 2 2 2 2 2 2 2 2 2 2 2 2 2 2 2 2 2 2 2 2 2 2 2 2 2 2 2 2 2 2 2 2 2 2 2 2 2 2 2 2 2 2 2 2 2 2 2 2 2 2 2 2 2 2 2 2 2 2 2 2 2 2 2 2 2 2 2 2 2 2 2 2 2 2 2 2 2 2 2 3 3 3 3 3 3 3 3 4 4 4 4 4 4 4 4 4 4 4 4 4 4 4 4 4 4 4 5 4 4 4 4 1 3 2 1 1 2 4 5 4 5 14 25 62 106 157 183 201 203 203 202 197 188 182 181 183 193 199 198 197 199 199 198 202 198 189 183 178 180 190 198 206 207 207 206 208 205 192 178 167 168 181 194 196 197 200 198 188 185 179 175 178 171 160 165 162 156 166 176 190 196 188 188 178 160 159 174 185 195 203 204 204 195 186 177 169 164 171 179 189 198 202 201 200 201 198 190 190 193 201 197 182 181 192 195 203 212 203 190 169 143 141 145 132 153 163 153 163 177 174 178 178 172 167 172 178 184 191 201 209 211 210 216 220 213 197 178 155 157 157 163 163 150 130 108 108 95 92 119 151 158 152 156 157 155 151 148 150 153 154 154 160 170 175 180 173 168 158 124 132 160 180 185 184 186 193 206 213 217 217 207 197 188 179 185 
169 181 181 200 206 197 184 181 188 190 188 186 191 200 208 212 213 211 211 210 210 210 211 211 209 208 208 208 208 208 207 207 208 208 208 207 207 207 208 208 210 208 207 208 208 206 206 207 210 205 204 192 168 146 115 138 163 144 163 183 167 152 113 45 17 30 38 31 19 13 13 15 14 15 16 16 15 15 16 16 15 16 16 16 15 14 15 16 18 15 13 14 17 18 17 15 14 14 13 13 13 15 16 18 20 18 16 15 14 14 13 12 10 12 13 14 13 12 12 12 12 11 10 12 12 11 11 13 12 12 12 12 13 13 14 14 14 12 13 13 11 11 12 10 12 12 11 11 10 10 9 9 9 8 8 7 7 7 7 7 6 6 6 7 7 7 6 6 7 6 5 4 5 6 6 6 5 6 6 5 5 4 4 5 2 5 5 4 4 5 4 2 5 4 3 5 5 2 1 3 6 2 2 3 2 2 4 3 2 0 3 1 5 0 1 4 2 2 4 5 3 2 3 2 4 1 3 4 2 1 3 3 2 2 1 4 4 2 2 2 5 2 2 2 2 2 2 3 2 1 2 3 2 1 2 5 1 1 2 2 3 2 2 2 2 2 2 2 2 2 2 2 2 2 2 2 2 2 2 2 2 2 2 2 2 2 2 2 2 2 2 2 2 2 2 2 2 2 2 2 2 2 2 2 3 3 3 3 3 3 3 3 3 3 4 4 4 4 3 3 3 4 4 4 4 4 4 4 2 2 1 1 2 2 3 4 5 5 9 14 36 82 133 171 195 199 202 200 197 193 182 179 177 189 191 189 185 181 189 200 203 203 195 187 177 173 183 189 201 202 204 204 200 193 182 171 158 168 172 188 199 202 208 202 195 179 175 170 165 168 166 165 167 168 168 172 184 194 194 191 170 161 156 165 179 192 200 202 199 202 188 176 177 170 166 177 182 189 202 204 198 205 209 197 188 187 197 185 184 174 171 192 201 202 209 184 149 130 126 140 146 146 162 162 168 168 187 175 176 173 169 164 164 171 184 195 196 205 205 211 218 216 204 179 171 157 157 155 158 162 142 120 100 105 107 102 139 163 143 158 161 155 154 146 135 143 157 155 171 162 165 169 155 148 148 129 110 132 159 172 181 190 195 203 209 214 218 217 210 196 184 177 
180 187 186 205 209 202 191 188 191 193 194 193 195 202 207 210 213 212 211 210 210 210 209 209 209 208 207 207 208 208 207 207 208 208 208 207 207 207 207 208 207 206 207 208 207 205 204 205 205 205 199 189 165 145 130 147 159 158 177 174 153 105 37 20 28 32 30 23 16 14 15 16 15 16 17 17 16 16 17 17 15 16 16 16 15 15 15 16 15 15 14 14 15 15 16 16 14 14 13 13 13 14 15 16 19 17 15 14 14 14 13 12 11 12 13 13 12 12 12 13 12 11 11 12 12 12 12 14 14 14 14 13 13 13 13 13 15 13 13 14 11 11 12 10 12 11 11 11 10 9 9 9 9 8 8 8 7 7 8 8 8 7 7 7 7 7 7 7 3 5 6 8 8 7 5 4 6 6 6 6 6 5 4 3 6 7 6 5 5 6 5 4 3 2 2 3 4 4 5 7 4 5 9 10 8 9 10 8 14 12 16 10 10 9 12 4 7 5 6 6 5 5 6 4 3 2 3 3 2 2 3 1 2 3 3 3 2 2 4 4 2 1 2 3 2 1 1 2 2 1 1 2 1 0 0 2 4 3 3 3 2 2 1 1 2 2 2 2 2 2 2 2 2 2 2 2 2 2 2 2 2 2 2 2 2 2 2 2 2 2 2 2 2 2 2 2 2 2 2 2 2 2 2 2 3 3 3 3 3 3 3 3 3 4 4 4 4 4 4 3 3 3 4 4 4 4 4 4 2 2 2 1 2 2 3 4 1 3 9 12 23 54 101 151 182 198 204 200 198 194 184 170 160 154 159 160 148 149 167 183 201 208 201 189 175 165 175 187 193 196 201 203 199 192 180 166 159 162 176 185 195 203 197 198 193 182 179 175 174 180 179 182 179 179 176 172 175 186 191 191 186 176 167 169 174 181 188 193 198 203 200 192 188 185 178 172 183 189 199 205 204 203 202 203 188 194 184 165 173 158 139 166 182 200 211 180 155 134 99 96 120 129 147 157 153 155 172 177 173 171 170 172 172 173 179 187 190 193 198 205 212 211 199 187 165 156 156 159 166 172 163 149 133 140 147 133 139 149 138 148 152 149 151 148 142 150 161 162 178 168 150 151 160 149 137 136 127 132 145 157 170 178 179 189 201 208 215 219 216 210 200 194 
190 189 190 208 211 207 200 195 201 204 204 203 203 207 210 210 213 212 211 211 210 209 208 208 208 207 207 207 208 208 207 207 208 208 207 207 207 207 207 207 205 205 206 207 205 204 203 204 204 204 190 182 164 155 159 167 159 173 174 162 109 40 19 26 33 28 20 15 14 15 16 17 15 16 16 17 16 16 17 17 15 16 16 16 16 15 16 16 14 16 17 17 15 14 16 18 16 16 16 16 16 17 18 18 17 16 15 14 13 13 13 12 13 13 13 12 12 12 12 13 13 12 12 13 13 13 13 14 14 14 15 15 14 14 13 13 15 13 14 14 11 11 12 10 12 11 11 10 10 9 9 9 9 9 8 8 8 8 8 8 6 5 5 5 5 6 7 8 8 7 6 4 4 5 7 9 4 4 4 4 5 6 7 7 4 3 4 5 7 8 10 12 18 19 22 24 28 34 38 39 40 44 48 48 47 51 55 53 52 46 52 52 50 51 55 45 46 41 38 34 29 25 23 19 18 17 17 14 11 10 8 3 2 3 4 3 1 1 3 4 3 3 4 4 3 2 2 4 3 3 3 3 3 2 3 5 2 2 1 1 1 2 2 2 2 2 2 2 2 2 2 2 2 2 2 2 2 2 2 2 2 2 2 2 2 2 2 2 2 2 2 2 2 2 2 2 2 2 2 2 2 2 2 2 2 2 2 2 2 2 2 2 4 4 4 4 4 4 4 4 3 3 3 4 4 4 4 4 3 2 2 2 2 2 3 3 4 1 3 7 15 29 67 120 170 196 198 187 182 180 164 136 88 71 77 75 53 48 94 164 183 197 197 192 186 176 174 178 187 194 202 205 202 198 186 171 163 160 168 171 182 196 197 203 201 196 192 186 184 185 183 188 182 180 175 167 163 173 187 190 187 180 175 176 176 178 184 192 202 204 208 206 197 190 180 166 171 181 190 198 205 202 199 204 201 176 175 160 129 132 144 148 168 179 204 198 170 141 109 90 106 123 138 159 150 148 151 162 174 169 168 171 173 173 177 183 176 182 191 188 199 213 199 183 175 172 168 169 170 174 181 180 170 176 187 181 163 148 137 136 149 151 152 150 147 149 154 157 168 173 151 140 149 145 140 146 140 142 150 160 175 185 187 193 200 208 215 218 219 216 207 197 
191 185 193 210 213 210 209 206 209 211 212 211 211 212 212 212 213 212 212 211 210 209 208 207 208 207 207 207 208 208 208 207 208 208 208 207 207 207 207 207 205 206 206 205 204 203 204 205 204 198 185 177 170 170 177 173 160 163 161 103 38 20 30 43 26 20 14 14 16 16 16 16 14 15 15 15 15 15 15 15 15 15 16 16 16 16 15 16 15 17 18 17 15 15 17 19 16 17 17 18 19 19 20 20 16 15 15 14 13 13 13 13 14 13 13 12 12 12 13 14 13 13 13 14 14 14 14 15 13 14 15 16 16 15 15 14 16 14 14 14 12 11 12 10 12 12 11 10 10 9 9 9 9 9 9 8 7 7 7 6 8 8 8 8 6 6 6 6 4 6 8 8 7 6 5 5 6 6 6 6 6 8 12 15 26 26 30 37 42 46 51 56 66 70 73 76 81 89 93 94 96 96 98 97 96 101 106 107 104 97 99 104 100 91 91 92 88 84 83 83 79 76 74 71 60 58 56 49 43 41 35 26 13 5 2 1 2 4 2 4 4 4 3 3 3 2 2 3 2 2 2 2 2 2 3 3 1 1 1 1 2 2 2 2 2 2 2 2 2 2 2 2 1 1 1 1 1 1 1 1 2 2 2 2 2 2 2 2 2 2 2 2 2 2 2 2 2 2 2 2 2 2 2 2 2 2 2 2 2 2 2 2 4 4 4 4 4 4 4 4 3 3 3 3 4 4 4 4 3 3 2 2 2 2 2 2 5 3 2 5 13 18 45 95 147 185 190 175 152 128 100 61 12 1 4 7 5 0 19 92 152 183 197 199 202 193 180 172 181 190 200 204 202 202 196 184 182 176 161 164 173 181 199 202 210 210 202 191 185 179 175 180 173 171 170 165 160 168 183 192 201 199 200 200 193 186 187 193 203 202 206 208 198 184 173 166 167 177 186 190 195 196 189 183 175 161 158 147 116 116 117 120 155 163 185 195 164 133 127 110 105 127 139 159 151 147 145 159 179 176 172 173 175 178 181 183 173 151 152 158 174 185 176 181 174 178 176 179 175 175 191 199 198 198 208 218 200 169 147 135 135 141 145 148 151 149 148 153 156 165 161 150 140 145 158 157 161 170 176 172 176 188 191 196 200 207 211 213 216 216 206 194 
190 184 199 215 215 213 215 213 211 212 213 212 212 212 212 211 212 211 211 211 211 210 209 208 208 207 207 207 208 208 208 207 208 208 208 208 207 207 207 207 206 207 206 204 203 203 204 206 200 188 184 175 175 184 182 170 163 156 112 37 13 28 29 30 19 15 15 17 18 16 16 17 14 14 15 15 15 15 15 15 15 15 15 15 16 15 15 15 14 15 16 15 15 15 16 18 18 18 18 18 18 18 18 17 16 16 15 15 14 14 14 14 15 14 13 12 12 13 14 15 14 14 14 14 15 15 15 15 14 15 16 16 17 16 15 15 16 14 15 14 12 12 12 10 13 12 11 11 10 10 10 10 10 9 9 8 7 6 6 5 3 5 7 8 7 7 6 7 6 7 8 7 5 5 6 8 10 17 27 37 45 57 67 75 80 81 87 95 101 104 109 114 120 124 126 126 129 132 133 132 138 133 132 133 132 133 135 134 135 135 132 131 125 113 109 115 119 118 121 123 119 112 108 105 105 103 100 94 88 85 80 70 44 20 5 2 4 10 13 25 19 13 7 5 5 5 3 3 4 4 3 2 2 2 3 2 2 3 3 3 3 2 1 1 1 1 1 1 1 1 1 1 1 1 1 1 1 1 1 1 2 2 2 2 2 2 2 2 2 2 2 2 2 2 2 2 2 2 2 2 2 2 2 2 2 2 2 2 2 2 2 2 2 3 3 3 3 3 3 2 3 3 3 3 4 4 4 4 4 4 4 3 3 3 3 3 3 5 7 5 8 11 33 74 108 139 129 91 45 13 10 1 0 2 7 6 18 17 7 30 104 159 193 200 199 188 176 167 173 182 194 198 200 203 202 195 181 170 152 156 171 185 207 211 208 210 199 188 180 173 172 177 175 173 175 177 174 173 183 195 208 210 214 213 203 191 186 187 195 198 201 202 200 188 178 178 173 172 180 186 184 185 179 164 159 158 136 120 111 103 84 89 110 140 174 186 170 141 118 111 123 146 155 157 148 141 147 162 174 175 175 175 179 184 186 183 163 133 128 129 140 151 146 160 160 168 170 177 178 174 185 191 209 213 216 226 225 194 164 144 140 153 163 171 177 171 164 166 166 162 165 168 156 159 175 174 180 187 190 177 173 179 185 194 195 197 199 203 212 219 214 203 
187 185 204 214 215 212 214 214 211 212 212 212 211 211 211 211 212 211 211 211 210 210 210 209 208 207 207 207 208 208 207 207 208 208 208 208 207 207 206 206 207 206 205 203 202 203 204 204 195 182 177 167 175 189 186 168 161 119 44 18 33 33 24 17 18 17 18 19 17 15 16 19 15 15 15 16 16 16 16 15 16 15 15 16 16 16 15 14 16 15 15 15 15 16 18 19 21 21 20 19 18 17 16 15 16 16 16 15 15 14 14 15 15 14 13 12 13 14 15 16 15 16 16 16 16 16 16 15 17 17 17 17 16 16 15 14 16 14 15 15 12 12 13 11 13 13 12 11 10 10 10 10 10 9 9 8 8 7 6 5 9 10 10 10 8 7 8 8 8 9 12 15 21 32 44 54 73 81 93 101 108 115 123 129 132 134 138 142 144 145 147 150 153 154 155 154 153 153 152 150 152 147 147 149 150 150 146 140 136 139 131 121 110 104 96 93 98 104 120 130 131 129 130 129 126 125 125 123 119 118 116 109 83 49 25 12 16 30 40 59 55 46 36 29 24 19 13 9 6 6 5 3 2 3 3 2 1 1 2 2 2 2 2 2 1 1 1 1 1 1 1 1 1 1 1 1 1 1 1 1 2 2 2 2 2 2 2 2 2 2 2 2 2 2 2 2 2 2 2 2 2 2 2 2 2 2 2 2 2 2 2 2 2 2 3 3 3 3 2 2 3 3 3 3 3 4 4 4 4 4 4 4 4 3 3 3 3 5 4 2 5 11 21 44 58 50 19 1 1 2 9 5 4 2 9 6 7 15 11 10 49 112 163 186 193 189 180 171 174 180 191 199 203 207 208 205 194 172 157 149 160 177 186 197 203 206 197 190 183 177 180 181 186 188 188 190 186 178 179 191 197 202 207 206 199 190 183 181 182 196 201 201 205 205 196 191 184 169 172 181 175 171 167 156 140 126 110 102 99 110 116 114 113 119 157 164 152 140 125 140 152 168 175 167 163 150 152 152 152 157 161 164 170 179 184 183 168 145 129 100 98 121 129 144 155 159 160 168 176 179 184 189 202 218 221 224 228 210 178 154 151 167 181 191 195 186 173 170 179 183 182 181 179 181 191 192 195 194 197 194 190 186 184 194 193 193 192 196 207 217 219 215 
186 187 207 212 213 210 211 211 212 212 213 212 212 212 211 211 212 211 211 210 210 209 209 209 208 207 206 206 207 207 206 206 207 207 207 207 207 206 205 205 205 205 203 202 202 203 202 199 186 174 160 158 180 187 176 144 110 45 20 24 33 31 12 20 19 19 19 18 17 16 17 18 16 16 16 16 17 17 16 15 17 16 16 17 17 16 15 14 17 16 16 15 15 17 19 21 23 22 21 20 18 17 16 16 16 17 17 16 15 14 14 15 15 14 13 13 14 15 16 16 17 18 18 17 17 18 17 16 18 17 17 17 16 15 15 15 16 14 15 15 12 13 13 11 13 12 11 11 10 10 10 10 9 9 9 9 9 8 8 7 6 6 5 5 6 10 16 20 35 44 59 74 87 101 113 122 131 136 143 149 153 157 161 163 163 165 166 165 164 164 165 166 163 162 162 162 160 158 157 157 153 150 145 138 137 141 136 125 115 108 101 92 73 73 67 51 78 89 112 128 129 125 124 126 125 124 126 127 125 124 124 122 110 81 61 43 44 59 67 85 93 86 77 69 62 53 42 36 26 23 19 14 11 9 7 6 5 4 3 2 1 2 2 3 2 2 2 2 2 2 2 2 1 1 1 1 1 1 1 1 2 2 2 2 2 2 2 2 2 2 2 2 2 2 2 2 2 2 2 2 2 2 2 2 2 2 2 2 2 2 2 2 2 2 2 2 2 2 2 2 3 3 3 3 3 3 4 4 4 4 4 4 4 4 4 4 4 3 2 0 4 11 10 15 4 6 3 2 6 5 5 7 11 0 1 7 10 15 16 11 18 67 119 157 182 192 194 188 182 181 186 194 201 207 210 208 194 174 162 156 163 176 181 191 200 204 202 202 195 188 188 182 186 195 193 187 185 175 173 185 195 200 204 204 201 196 188 181 183 192 203 206 208 212 204 189 183 168 162 164 161 157 156 155 146 136 123 115 120 127 133 131 137 130 155 164 143 130 136 155 175 185 188 187 188 174 163 150 139 144 152 160 167 172 178 182 166 146 138 124 116 117 118 136 163 167 172 177 191 200 200 208 202 216 222 220 218 207 181 162 163 179 194 205 210 206 197 192 192 207 204 198 199 202 207 208 212 208 212 214 211 199 184 187 190 190 191 195 203 211 216 217 
187 189 209 211 214 212 212 212 210 210 212 213 213 212 210 210 213 211 210 209 209 208 209 209 207 206 206 206 206 206 205 205 207 207 207 206 206 205 205 204 203 203 202 201 202 202 199 195 174 164 144 155 185 180 156 100 34 22 26 34 25 18 21 21 19 18 17 16 17 18 18 17 16 16 15 16 17 17 16 15 18 17 17 17 18 17 15 14 15 15 15 14 13 15 19 22 20 20 19 18 17 17 16 16 16 17 17 16 15 14 14 15 15 14 13 13 15 16 17 17 18 19 19 18 18 19 18 17 17 17 16 16 16 16 16 16 16 14 15 15 13 13 14 12 13 12 11 10 10 10 10 10 8 8 9 9 10 9 9 9 8 11 17 27 42 60 78 89 110 118 129 139 145 150 158 163 169 169 170 171 172 171 171 171 169 171 171 168 166 167 168 168 166 163 162 162 160 156 155 157 157 153 139 120 114 123 122 109 89 68 66 73 54 62 63 43 60 78 105 127 129 125 127 128 122 120 122 124 121 120 120 119 116 102 94 74 70 80 81 92 108 104 101 97 92 83 75 70 64 60 51 41 33 26 21 17 16 13 9 5 2 1 1 1 2 2 2 2 2 2 2 2 1 1 1 1 1 1 1 1 1 1 1 1 1 1 1 1 2 2 2 2 2 2 2 2 2 2 2 2 2 2 2 2 2 2 2 2 2 2 2 2 1 2 2 2 2 2 2 1 3 3 3 3 3 3 3 4 4 4 4 4 4 4 4 4 1 3 7 4 3 5 3 3 7 2 0 0 5 6 3 7 3 9 5 4 10 10 12 13 10 41 79 121 154 176 194 195 185 177 176 183 192 200 204 204 196 189 174 178 181 177 183 180 195 202 207 212 206 196 192 179 177 192 189 178 177 172 170 183 189 195 200 203 206 206 199 190 192 189 202 211 206 207 200 179 159 155 144 141 149 156 161 167 171 156 147 143 154 158 160 143 144 169 163 162 149 131 155 174 195 202 204 204 196 180 164 150 144 149 162 176 179 173 172 177 183 163 148 133 129 138 149 166 181 191 204 206 213 215 209 218 219 217 221 215 203 192 178 169 174 186 200 207 210 212 209 205 207 209 208 214 214 211 214 214 214 213 215 213 210 201 185 181 180 183 189 196 201 207 213 217 
187 192 212 215 209 212 211 210 211 211 211 212 212 212 212 212 212 212 211 209 209 208 208 208 207 207 207 207 207 206 206 206 208 207 206 205 204 204 203 203 202 204 200 200 205 204 193 186 171 152 136 163 176 153 107 41 15 35 35 19 17 22 23 24 18 18 18 18 18 18 18 18 16 16 16 16 16 16 16 16 16 16 15 15 16 16 15 14 16 16 15 14 13 14 18 21 19 17 16 16 16 16 15 14 14 17 15 14 15 15 15 18 15 14 14 15 16 17 16 15 21 19 18 17 17 18 18 18 16 16 16 16 16 16 15 15 14 17 16 15 14 12 11 13 12 13 10 8 11 10 8 9 9 9 8 8 10 11 15 22 48 60 78 99 116 132 143 148 153 161 168 170 173 179 181 179 180 178 176 174 174 175 175 174 174 171 171 168 164 171 172 158 148 150 151 148 151 147 143 162 161 148 127 97 80 86 91 83 76 66 62 76 80 74 82 87 79 99 121 132 132 129 126 124 125 122 120 121 122 122 121 121 123 111 98 94 83 81 91 86 94 110 112 104 101 96 88 87 79 76 72 66 60 54 49 46 39 34 22 11 5 4 3 1 6 5 3 1 2 1 1 2 3 3 1 1 0 1 2 1 2 1 0 3 2 1 2 3 2 2 2 2 2 2 2 2 2 2 2 2 2 2 2 2 2 2 2 2 2 2 2 2 2 2 2 2 2 2 2 2 2 2 2 2 2 2 2 2 2 3 4 4 4 4 4 4 4 4 2 2 2 2 2 2 2 2 2 2 2 2 3 4 5 7 6 2 4 11 14 14 13 10 65 102 127 162 189 190 184 164 161 176 187 195 202 200 200 200 197 200 205 198 189 188 196 202 209 212 204 190 180 177 180 186 191 189 184 181 180 180 187 187 194 201 205 213 210 198 190 189 187 188 188 186 180 173 156 152 145 140 137 143 158 173 173 164 147 149 160 164 170 174 162 166 157 159 159 152 168 190 204 205 209 210 207 195 176 161 161 171 186 194 188 175 167 168 178 175 167 152 144 154 178 200 208 212 216 220 220 220 221 223 219 218 216 207 193 181 176 170 167 179 187 197 207 212 212 213 213 212 213 215 215 215 216 218 219 218 217 217 216 210 198 188 185 193 199 198 197 201 205 208 
186 195 213 214 209 213 211 211 211 211 211 212 212 212 212 212 211 211 211 210 209 209 208 207 206 206 207 206 206 205 205 205 206 205 205 204 203 203 202 202 202 203 202 200 202 200 191 183 171 156 162 170 153 115 41 14 24 33 29 19 20 22 22 26 18 18 18 19 19 18 18 18 20 20 19 17 16 15 15 15 17 16 15 15 15 15 14 14 15 16 16 15 14 15 17 19 18 17 16 16 16 16 15 14 14 16 15 14 16 15 15 18 17 16 16 17 17 18 18 17 19 19 18 18 18 19 18 18 16 16 16 16 16 16 15 15 13 14 12 11 13 12 11 12 8 10 10 11 13 13 11 13 7 11 14 22 38 58 83 102 122 132 145 155 161 168 175 178 180 182 184 184 181 182 183 181 177 177 176 177 178 178 177 175 177 172 169 163 157 161 162 150 133 120 134 136 137 138 128 144 159 146 116 77 63 84 100 96 97 96 96 109 111 109 114 111 112 123 132 134 132 131 130 128 129 126 124 122 121 119 118 118 118 112 99 89 83 81 84 85 85 101 112 106 98 99 98 90 87 85 83 79 74 70 66 65 73 68 50 25 7 1 5 8 20 29 29 17 9 6 3 1 2 1 1 5 5 2 2 3 0 3 5 3 0 0 1 5 2 2 2 2 2 2 2 2 2 2 2 2 2 2 2 2 2 2 2 2 2 2 2 2 2 2 2 2 2 2 2 2 2 2 2 2 2 2 2 2 2 2 4 4 4 4 4 4 4 4 3 2 2 2 2 2 2 2 2 2 1 2 3 4 5 8 9 5 3 7 12 15 12 15 30 83 112 139 162 185 184 176 175 180 185 192 202 205 207 207 206 208 209 202 192 186 190 197 204 206 203 197 191 187 180 180 182 185 186 185 186 188 181 183 191 198 201 206 204 195 189 181 170 164 164 168 169 169 164 155 142 130 123 126 138 151 163 162 157 166 183 189 183 172 167 166 176 174 174 184 190 203 212 213 214 214 213 207 192 178 185 193 205 208 200 184 172 167 163 168 171 168 168 178 194 204 216 217 218 217 216 215 216 216 213 212 211 207 199 190 181 171 167 167 177 193 203 213 218 217 220 218 217 218 217 216 216 217 217 215 214 213 214 212 206 200 194 195 194 190 188 193 201 209 
185 200 215 212 211 213 210 212 211 211 211 212 212 212 212 212 210 210 211 210 210 208 207 206 206 206 205 205 205 204 203 203 204 204 204 204 203 203 202 202 202 202 202 201 200 198 190 180 165 154 175 156 118 40 10 12 25 25 21 20 23 21 18 24 18 19 19 19 20 20 19 19 19 19 18 17 17 17 16 16 17 17 16 16 15 15 14 13 14 15 16 16 15 15 15 16 18 17 16 15 15 15 15 15 14 15 14 14 17 17 16 17 16 16 17 17 17 17 17 18 18 18 18 19 19 19 18 17 17 17 17 16 16 15 15 14 15 15 13 12 14 12 9 9 13 14 12 11 11 8 9 15 25 44 68 90 112 133 151 164 167 173 179 182 183 185 186 187 186 182 185 186 182 182 185 182 180 180 180 181 182 181 179 177 178 172 165 153 143 146 151 146 113 92 102 115 117 120 118 125 133 130 119 105 97 109 124 128 128 132 135 141 141 142 143 137 141 142 140 136 134 134 133 131 129 128 126 124 121 118 118 120 116 116 106 90 87 83 77 84 84 91 107 111 103 103 104 94 99 97 93 88 82 78 73 71 68 68 58 37 12 2 6 13 41 60 71 64 55 49 36 22 12 4 1 2 4 2 1 1 3 2 0 0 2 4 3 1 1 1 1 1 1 1 1 1 2 2 2 2 2 2 2 2 2 2 2 2 2 2 2 2 2 2 2 2 2 2 2 2 2 2 2 2 2 2 2 2 2 2 3 4 4 4 4 4 4 4 2 2 2 2 2 2 1 2 2 1 1 1 2 3 4 10 12 9 4 3 10 15 17 15 12 44 101 122 144 176 193 195 189 180 179 188 200 209 209 208 208 208 206 201 193 182 181 190 197 202 206 208 204 197 191 181 175 176 177 175 175 177 167 170 180 190 197 204 207 206 195 186 173 165 164 169 172 173 176 164 147 134 129 133 146 158 161 167 171 179 189 198 197 183 171 166 182 184 180 189 192 196 209 211 210 206 207 208 201 191 194 201 211 215 211 199 183 173 168 173 177 178 183 190 200 205 213 214 214 210 209 209 210 209 209 208 211 214 215 211 200 186 177 166 177 196 202 213 222 219 220 217 215 215 215 214 213 213 215 215 214 213 215 216 215 213 197 191 188 187 188 192 199 208 
185 206 216 211 212 213 210 211 211 211 211 212 212 212 212 212 210 210 210 209 209 208 207 206 206 206 205 204 204 203 202 202 203 203 203 204 203 203 202 202 201 199 202 202 196 192 185 175 165 171 166 129 56 8 15 28 19 19 20 25 28 21 16 20 20 20 20 21 21 21 21 21 18 17 16 16 16 16 16 16 17 17 16 16 15 15 15 14 14 15 16 16 15 15 15 15 16 16 15 15 15 15 15 15 14 15 14 15 18 18 16 17 16 17 18 17 17 17 18 19 18 18 18 18 18 18 18 17 17 17 17 16 15 15 14 13 15 13 10 9 11 12 12 17 10 10 8 11 22 36 58 78 102 122 142 157 168 174 176 179 191 191 190 189 190 190 186 182 189 184 186 188 184 184 183 175 173 172 173 177 182 183 183 182 180 175 167 149 132 132 142 147 118 103 90 109 118 117 131 126 136 133 133 139 145 150 151 152 153 155 156 155 152 153 153 148 150 148 144 139 138 138 136 134 132 130 128 126 123 121 120 121 115 117 116 98 90 86 76 80 86 82 94 109 110 104 100 98 97 95 93 90 85 81 78 76 65 67 64 50 27 7 3 7 30 65 93 94 88 83 79 75 59 50 35 19 4 0 1 7 1 3 6 4 1 0 1 4 1 1 1 1 1 1 1 1 2 2 2 2 2 2 2 2 2 2 2 2 2 2 2 2 2 2 2 2 2 2 2 2 2 2 2 2 2 2 2 2 2 2 3 3 4 4 4 4 4 3 2 1 1 1 1 1 1 1 2 1 1 1 2 3 5 8 13 12 6 2 6 13 21 14 14 14 71 113 132 160 188 200 197 182 180 184 188 194 203 201 203 202 199 201 199 189 184 189 196 204 210 212 207 200 185 175 166 165 170 173 175 177 180 180 184 189 194 199 203 205 208 197 180 166 165 173 182 188 181 175 169 166 162 159 160 163 174 185 196 205 204 208 210 195 175 171 173 189 185 175 184 188 198 204 205 203 205 209 209 204 197 199 204 209 213 210 199 187 182 181 181 182 185 191 195 198 200 205 209 207 207 209 210 210 216 214 215 218 219 216 204 190 187 178 183 196 200 208 216 215 216 214 212 213 214 215 215 214 215 217 217 218 219 220 219 217 201 189 180 183 191 195 198 203 
188 210 215 211 214 213 210 211 211 211 211 211 211 211 211 211 211 210 209 207 207 207 207 207 206 205 205 204 203 203 202 201 202 202 202 203 203 202 202 202 201 199 203 202 192 184 176 164 164 168 132 64 10 17 22 26 18 23 29 33 31 23 19 20 20 20 20 21 21 21 21 20 20 19 17 16 16 15 14 13 16 16 16 16 16 15 16 16 15 15 15 15 14 14 15 15 15 15 15 15 14 14 15 15 15 16 15 16 19 19 17 18 19 19 20 19 18 18 19 21 18 18 17 17 17 17 17 17 16 16 16 16 15 14 14 13 14 16 15 14 14 10 10 14 13 25 41 63 84 106 130 151 158 169 177 182 187 190 193 196 190 189 187 185 185 186 186 183 188 185 186 186 184 183 177 166 164 162 164 173 182 185 184 183 182 183 177 158 137 130 140 151 142 136 113 125 137 136 147 138 140 151 158 160 163 167 165 163 161 158 159 157 154 154 154 154 151 150 147 144 142 142 140 138 139 135 131 130 128 125 122 120 116 115 121 107 91 87 80 77 79 78 84 98 109 101 96 100 97 96 94 91 87 85 83 82 80 74 70 63 44 18 4 2 7 25 48 72 93 103 102 97 94 98 96 84 66 45 23 10 4 0 0 1 3 0 1 3 2 2 2 2 2 2 2 2 2 2 2 2 2 2 2 2 2 2 2 2 2 2 2 2 2 2 2 2 2 2 2 2 2 2 2 2 2 2 2 2 2 2 3 3 4 4 4 4 3 3 1 1 1 1 1 1 1 1 2 1 1 1 2 2 4 6 10 12 9 3 4 8 17 17 15 11 27 88 117 140 182 196 190 171 168 175 185 198 199 200 204 204 202 208 210 202 194 192 194 202 208 208 203 199 182 177 172 171 177 183 185 184 184 182 182 186 194 202 209 214 213 206 193 181 179 187 197 202 204 196 187 182 178 175 177 182 190 196 204 212 212 212 211 200 186 183 174 183 182 165 168 181 190 200 208 209 209 213 216 214 209 204 199 199 206 213 208 201 191 189 193 199 200 196 193 194 195 204 211 213 212 213 215 215 220 217 218 218 218 216 208 199 189 189 188 188 194 198 205 213 218 217 217 217 218 220 220 219 215 217 219 218 219 219 219 217 214 196 182 184 193 199 200 201 
192 212 214 211 214 211 210 211 210 210 210 211 211 210 210 210 211 210 209 206 206 206 207 207 205 205 204 203 202 202 202 202 201 201 201 201 201 201 201 201 200 201 202 198 188 177 166 157 164 139 68 10 10 17 23 20 23 29 35 34 28 23 21 21 19 19 19 20 20 19 19 19 20 19 17 17 17 17 16 15 15 16 16 16 16 16 16 16 16 15 15 14 14 14 15 16 15 15 15 15 15 15 15 16 16 18 17 17 20 20 18 19 19 19 19 19 18 19 19 21 19 18 17 16 17 17 17 17 16 16 16 16 15 15 14 14 14 14 11 11 14 19 27 37 69 89 115 138 157 167 174 180 186 191 193 193 192 190 187 188 189 189 187 184 182 184 186 187 178 176 172 171 171 167 159 154 138 136 142 158 175 184 186 184 181 185 185 173 155 145 149 160 165 159 150 148 157 160 149 140 142 153 165 170 171 168 165 169 165 160 163 161 158 157 155 156 154 153 151 148 146 144 143 142 141 137 134 134 133 130 126 124 122 117 121 114 97 92 86 77 71 79 81 90 102 101 97 100 98 97 95 92 88 86 84 82 82 74 70 69 60 36 14 2 1 7 18 29 39 50 68 89 107 114 117 116 115 111 100 89 63 37 9 0 3 5 2 0 2 2 2 2 2 2 2 2 2 2 2 2 2 2 2 2 2 2 2 2 2 2 2 2 2 2 2 2 2 2 2 2 2 2 2 2 2 2 2 2 2 2 3 3 3 4 4 4 3 3 1 1 1 1 1 1 1 1 2 2 1 1 1 2 3 4 7 10 10 6 4 4 9 16 19 16 12 48 103 130 150 179 194 193 189 184 183 191 201 206 212 211 209 210 210 205 197 189 184 189 197 202 202 203 198 196 192 187 184 184 182 178 184 184 179 178 184 192 197 203 201 201 194 186 183 188 195 199 204 206 207 207 200 188 178 173 183 189 195 204 202 200 204 202 193 188 183 173 173 170 161 176 189 201 212 214 212 212 212 212 213 206 196 191 198 209 213 211 210 209 214 219 216 206 199 197 198 206 214 218 217 215 215 216 215 214 216 217 217 218 217 212 199 199 193 188 191 194 201 211 219 220 220 219 219 220 219 219 215 216 216 215 215 217 218 218 220 207 196 196 205 212 212 210 
197 212 212 212 213 210 211 210 210 210 210 210 210 210 210 209 210 209 208 207 206 206 206 206 205 204 203 202 202 201 201 201 202 201 201 200 200 200 201 202 199 201 199 190 179 166 152 148 152 96 15 14 16 16 18 23 26 28 31 29 23 21 21 21 20 20 20 20 19 19 19 18 19 18 17 17 19 19 19 18 16 16 17 16 16 15 16 16 16 15 15 14 14 15 16 16 15 15 16 16 15 16 17 18 18 20 19 19 20 20 19 21 20 19 18 18 18 19 20 20 19 19 18 18 18 18 17 16 15 15 16 16 16 16 16 15 16 14 16 26 46 69 95 116 145 158 171 179 186 191 193 196 193 195 194 193 192 190 191 195 191 186 179 172 169 168 166 163 165 160 151 149 149 140 135 144 116 113 120 141 166 182 188 189 182 185 185 181 172 161 159 164 169 161 163 161 159 160 145 128 144 141 144 159 174 174 167 167 170 165 169 166 162 163 158 157 158 157 155 152 150 146 145 145 143 141 141 141 140 136 133 132 128 127 123 120 113 99 87 74 59 61 65 76 93 102 102 98 93 93 93 91 90 88 87 87 83 79 76 76 73 57 28 6 2 3 10 23 31 24 19 24 36 63 99 122 131 133 135 136 132 105 60 21 3 1 1 2 3 3 3 3 3 3 3 3 2 2 2 2 2 2 2 2 2 2 2 2 2 2 2 2 2 2 2 2 2 2 2 2 2 2 2 2 2 2 2 2 2 2 3 3 3 3 4 4 4 3 2 1 1 1 1 1 1 2 2 2 1 1 1 2 3 3 4 7 9 9 6 3 5 13 23 19 19 20 72 118 133 163 190 204 201 188 183 187 195 204 210 209 207 204 201 201 198 188 179 179 189 200 207 210 208 204 197 190 183 179 176 175 168 173 173 173 181 190 197 204 207 206 197 183 178 186 198 206 210 210 208 204 194 180 171 169 172 185 193 201 203 200 202 203 199 194 190 176 174 179 173 175 182 193 207 213 212 209 207 208 208 205 201 197 199 205 210 212 220 222 224 226 224 216 208 201 199 202 208 214 215 213 212 214 214 213 215 215 213 214 215 212 207 201 198 198 198 198 203 208 213 216 218 217 216 216 216 216 216 217 216 215 216 218 219 218 219 216 210 206 209 217 219 217 
200 212 210 212 213 209 211 210 210 210 209 210 210 209 209 209 209 209 209 207 207 206 205 205 204 204 202 202 202 201 201 201 203 202 201 200 200 201 202 203 200 203 195 183 170 150 136 134 110 26 10 11 18 18 23 28 27 24 25 25 21 21 22 20 21 21 21 21 20 20 19 19 21 19 18 17 18 18 17 16 16 17 17 17 15 15 15 16 15 15 15 15 15 16 16 15 15 16 17 16 16 16 17 19 18 21 20 20 21 20 20 22 21 20 19 18 19 21 21 21 19 19 19 19 19 18 16 15 15 16 16 16 17 17 17 17 24 37 59 91 122 144 161 174 176 187 193 195 198 200 199 197 196 197 195 193 192 188 189 195 192 181 168 163 165 166 160 152 141 135 125 127 132 124 126 148 139 130 129 144 166 181 187 187 189 187 183 181 177 167 160 161 158 150 151 156 145 140 138 110 98 118 136 153 169 175 173 176 171 168 171 165 163 168 163 161 161 160 158 157 155 152 150 149 149 149 149 148 144 139 136 135 131 135 123 125 126 105 84 69 39 29 36 62 85 101 105 96 101 100 97 95 92 89 86 85 81 80 77 75 76 72 45 18 9 2 5 24 40 39 31 31 17 15 17 32 61 95 129 149 148 123 77 31 8 5 7 4 3 3 3 3 3 3 3 3 2 2 2 2 2 2 2 2 2 2 2 2 2 2 2 2 2 2 2 2 2 2 2 2 2 2 2 2 2 2 2 2 2 2 3 3 3 3 3 4 4 4 2 2 2 2 2 2 1 2 2 2 2 1 1 2 3 3 3 5 8 10 8 3 3 11 18 20 16 13 30 97 125 149 180 203 204 187 175 174 182 194 200 201 202 199 198 202 204 196 185 179 188 203 210 212 214 203 192 184 176 169 168 172 171 181 181 179 183 190 194 201 202 203 196 182 174 179 190 197 204 203 203 200 192 184 180 181 183 189 185 188 199 205 209 209 216 208 194 185 174 170 173 157 165 173 189 201 205 205 204 207 210 212 214 211 206 203 203 205 207 214 220 220 222 222 214 203 195 195 199 208 212 211 212 215 214 214 216 218 217 219 221 219 205 191 195 206 204 202 206 204 209 213 216 216 216 217 217 217 218 219 219 219 219 221 220 218 219 221 213 201 198 207 216 218 
204 209 212 211 210 211 211 209 209 209 210 209 209 209 208 208 208 209 207 206 207 206 204 204 205 203 202 202 202 201 199 200 203 200 200 201 196 198 199 196 201 197 186 168 152 140 125 110 35 10 7 17 16 19 30 30 25 25 25 25 24 23 21 19 21 20 20 20 20 21 21 22 18 18 17 16 15 16 16 16 16 16 16 16 15 15 14 14 15 14 14 14 15 16 15 14 16 16 15 15 15 17 18 19 22 23 22 20 18 19 20 21 21 23 20 18 19 20 20 22 19 20 18 16 17 16 15 17 19 17 16 17 19 22 35 53 95 118 146 164 174 184 192 197 199 198 197 197 197 197 198 199 198 195 194 193 187 180 184 194 195 182 164 154 153 151 149 151 134 143 139 138 149 154 155 163 167 157 157 163 166 173 179 176 176 178 176 168 175 170 146 141 140 127 116 121 128 132 135 130 109 116 133 156 173 179 177 175 174 173 172 171 170 169 167 165 167 165 162 161 159 158 157 156 153 152 152 151 150 147 143 140 137 137 133 131 126 121 99 59 32 8 14 26 64 99 107 103 101 107 99 94 95 88 83 82 84 86 79 77 73 75 70 31 14 5 8 29 34 43 39 36 28 21 23 17 9 12 27 55 89 95 67 22 6 6 9 15 17 21 35 50 43 30 21 6 4 5 7 5 1 3 4 2 5 0 1 4 2 2 4 3 3 2 2 2 3 3 3 2 2 2 2 2 2 2 2 2 2 2 3 3 3 3 4 4 4 6 6 4 1 2 3 3 1 1 1 1 1 1 1 1 1 2 2 2 5 8 9 7 0 8 9 13 19 10 19 51 117 126 162 190 190 190 172 171 183 194 198 197 201 202 201 203 210 209 199 188 186 194 204 207 205 199 189 178 177 182 183 181 182 182 187 190 188 189 195 200 200 201 192 179 170 169 177 187 195 198 202 202 202 199 195 189 185 188 192 194 199 208 211 209 208 207 198 184 175 173 166 156 151 159 178 195 201 209 212 210 214 214 216 217 213 204 195 190 202 206 212 217 223 225 220 213 197 195 195 201 216 218 211 217 215 217 214 213 218 217 214 217 212 206 206 216 220 213 205 201 203 210 217 221 220 220 220 221 222 221 220 220 219 219 219 218 215 216 214 208 201 202 210 219 
205 210 212 211 210 211 211 209 207 207 208 208 208 208 207 207 207 208 207 206 205 205 204 203 204 202 201 202 202 201 200 200 198 199 201 200 193 189 186 184 187 178 163 148 130 124 128 49 9 8 11 14 17 24 29 28 27 26 25 24 24 24 23 23 24 24 22 21 19 19 18 18 19 19 18 17 17 17 17 17 15 15 15 16 16 16 16 16 17 16 16 16 16 15 15 14 16 16 15 15 16 17 19 19 22 22 22 20 19 20 21 20 20 19 18 20 23 20 16 17 16 16 15 15 19 20 18 17 16 19 22 29 44 69 106 138 156 170 185 192 195 199 200 200 199 199 198 197 197 197 198 198 198 196 195 193 185 173 171 176 188 178 164 160 163 163 160 159 163 171 173 174 182 181 174 172 166 171 176 170 172 167 169 167 162 159 162 158 158 158 139 121 125 117 112 124 139 150 155 149 145 146 154 166 175 179 178 178 177 176 175 174 173 171 169 168 170 168 166 164 162 161 160 159 160 159 158 156 154 151 148 145 142 140 138 137 134 130 114 81 38 4 0 10 41 82 109 110 106 110 103 100 98 92 90 90 84 84 81 84 80 80 79 54 29 22 22 31 38 46 47 42 40 30 26 21 17 16 11 16 4 12 8 4 8 10 17 32 67 98 132 150 147 133 109 77 49 26 10 10 10 7 5 3 2 1 3 4 3 3 3 0 1 2 2 1 1 2 3 4 2 2 2 2 2 2 2 2 2 2 3 3 3 3 4 4 4 6 6 4 2 2 3 2 1 1 1 1 1 1 1 1 1 2 2 2 4 7 8 8 3 6 6 13 22 13 8 21 79 124 141 158 190 195 191 189 184 190 196 201 207 208 207 208 203 200 189 178 175 184 195 202 205 203 200 195 192 191 187 183 181 176 182 191 187 179 181 188 198 196 184 170 166 167 172 178 187 197 208 211 214 213 205 193 181 178 178 184 193 202 206 206 204 205 201 190 180 173 166 159 160 165 178 194 203 209 213 213 214 213 210 208 209 208 201 194 195 203 211 216 219 222 222 221 211 200 204 207 209 215 214 207 212 216 213 211 213 212 211 213 219 219 221 227 230 224 211 202 204 210 216 219 219 218 219 220 219 218 217 216 216 216 216 215 217 217 217 215 208 203 206 214 
205 208 210 208 208 209 210 209 209 209 208 207 207 206 206 206 206 206 208 206 203 204 205 202 203 201 201 202 202 200 200 200 199 199 201 198 192 177 163 157 161 154 143 131 113 126 85 9 2 13 18 19 26 29 27 27 27 26 25 25 25 25 25 25 23 22 21 20 20 20 20 20 19 19 18 18 18 17 17 17 16 16 16 16 16 16 16 16 17 17 17 17 16 15 16 16 17 17 17 17 18 19 20 21 22 22 22 21 21 22 22 20 22 20 18 18 21 19 20 25 17 19 18 17 18 19 17 19 24 34 56 91 130 159 172 180 188 194 200 202 203 205 204 202 201 200 199 198 198 198 198 198 199 197 197 195 185 170 162 161 176 174 171 171 176 176 174 175 186 189 192 196 197 191 176 162 163 165 170 163 166 145 149 165 150 133 143 153 147 146 146 142 148 149 150 158 163 169 176 173 168 170 175 183 187 184 180 178 180 179 178 177 176 175 173 172 172 171 169 167 166 165 164 163 164 163 161 160 157 155 152 151 149 146 142 142 141 140 132 112 69 24 4 5 20 57 101 112 114 114 107 106 102 96 95 92 91 87 85 91 86 81 85 73 54 45 38 34 38 45 52 48 45 37 32 25 24 23 16 13 12 8 2 2 4 6 32 74 127 162 187 191 192 193 185 166 145 116 85 58 32 11 9 14 11 7 4 2 1 4 6 4 4 6 7 4 3 3 1 0 2 2 2 2 2 2 2 2 2 2 3 3 3 3 4 4 5 7 7 5 2 2 2 1 1 1 1 1 1 1 1 1 1 2 2 1 3 6 8 9 9 5 2 8 18 17 11 10 34 100 127 137 183 201 205 198 190 188 192 201 204 203 201 199 201 192 174 159 154 166 184 198 207 210 211 209 201 192 184 176 174 168 171 179 178 174 179 186 198 202 196 181 172 169 171 175 189 201 210 212 212 209 197 181 180 175 175 182 190 194 199 204 206 208 209 202 191 179 172 170 177 179 183 191 199 203 206 211 209 209 206 203 206 212 210 203 199 204 208 209 213 218 224 225 221 204 201 199 195 198 196 191 194 204 210 213 214 214 213 215 217 222 224 224 225 222 210 196 198 202 208 213 215 215 215 216 215 214 214 215 217 218 218 218 217 215 217 220 214 204 201 205 
207 209 209 208 207 209 210 209 209 208 207 207 205 204 204 204 205 204 206 205 202 203 204 200 202 202 201 201 201 200 199 199 202 201 196 193 184 156 125 111 120 128 123 112 112 99 20 4 11 15 19 26 33 30 26 27 26 26 26 27 27 26 24 22 20 20 20 20 20 20 21 21 19 18 18 17 16 16 16 17 17 17 17 16 16 16 16 15 16 17 17 17 16 16 17 19 19 19 19 19 20 21 21 22 22 22 22 22 23 24 22 20 18 21 22 20 18 15 14 17 17 18 18 18 19 21 31 44 76 107 143 167 178 185 192 200 201 202 202 201 201 202 202 200 203 202 201 200 199 199 199 199 199 198 199 199 191 179 170 167 173 181 186 188 189 188 190 195 200 198 199 201 197 189 171 151 128 146 156 148 151 149 147 143 157 143 153 164 152 146 158 168 173 179 181 183 182 183 189 186 186 184 184 185 185 185 185 187 183 182 181 180 179 178 177 176 176 174 172 171 170 169 168 167 166 165 163 162 160 158 157 156 153 151 146 147 146 145 144 133 99 53 14 2 9 38 85 110 120 118 113 112 107 103 102 95 98 94 92 96 88 81 86 83 73 58 44 28 30 35 51 56 55 49 44 35 29 27 25 26 19 10 3 4 4 8 43 92 139 177 200 210 215 212 209 204 197 184 166 146 118 90 60 37 18 12 9 8 6 4 3 1 1 2 2 1 3 4 3 0 2 2 2 2 2 2 2 2 2 2 3 2 3 3 4 5 6 7 7 5 4 3 2 0 1 1 1 1 1 1 1 1 1 2 2 2 2 4 7 10 10 6 3 5 10 17 20 17 12 54 110 132 159 191 201 194 179 172 178 192 198 201 204 204 197 187 168 155 153 166 185 199 208 211 212 208 199 187 176 171 165 168 178 186 187 188 186 181 187 197 199 189 182 180 182 186 185 196 203 205 206 206 200 191 181 181 184 189 192 195 203 210 211 211 214 211 201 187 180 181 186 190 188 185 189 193 199 208 205 209 211 209 210 214 215 214 211 206 198 194 200 211 218 218 214 197 179 169 172 167 160 170 176 192 210 219 221 220 219 220 217 220 220 216 216 217 211 201 192 193 198 205 212 215 215 214 217 217 217 218 220 221 221 221 221 218 219 221 218 209 201 198 
208 209 209 207 207 208 209 209 208 206 206 205 205 203 203 204 204 203 202 201 200 200 200 198 201 202 202 201 200 199 199 198 196 196 192 187 172 143 113 102 108 119 109 103 110 41 1 9 15 12 20 29 30 27 28 28 26 26 26 27 27 25 23 21 23 22 21 20 19 18 18 18 20 19 17 16 16 16 17 18 17 17 17 17 16 16 16 16 16 16 17 17 16 17 18 20 19 19 19 20 20 21 21 22 22 22 22 22 23 24 23 21 17 21 19 15 16 18 18 18 16 18 21 24 34 54 93 130 156 171 185 191 199 201 203 204 204 205 204 203 202 203 204 203 203 203 202 201 200 200 200 200 199 199 201 202 199 193 187 184 185 194 200 202 201 200 201 206 207 202 202 203 196 189 175 154 136 140 142 145 147 165 169 161 162 171 181 181 171 168 176 180 188 189 187 190 191 193 195 187 193 191 189 188 187 186 187 188 186 185 183 182 182 181 180 179 180 178 177 175 175 174 172 171 170 169 168 166 164 163 162 162 158 156 152 152 151 149 150 145 129 90 35 5 1 20 61 102 123 124 120 118 116 113 115 106 102 99 98 99 93 90 91 88 80 60 39 16 14 19 42 61 67 57 48 44 41 35 30 26 27 21 16 18 21 25 45 74 126 160 184 199 213 213 214 220 219 211 200 187 178 169 148 123 92 63 34 21 16 13 8 3 5 4 3 2 2 3 5 6 3 3 3 2 2 2 2 2 2 2 2 2 3 3 4 5 6 7 7 6 5 4 3 1 1 1 1 1 1 1 1 1 1 2 2 2 2 3 6 9 8 7 7 6 6 13 19 16 13 19 73 117 133 168 191 193 190 181 183 191 194 197 203 204 206 199 185 174 171 178 184 189 200 204 207 204 197 190 184 179 188 187 189 189 189 191 192 189 192 196 193 185 182 179 173 168 172 181 191 199 204 206 208 207 198 195 191 186 185 190 199 205 209 207 209 208 202 192 185 185 185 191 186 175 175 184 198 211 211 212 214 214 213 212 214 216 213 205 191 181 183 194 199 199 192 179 158 142 146 149 146 154 173 188 207 218 217 214 214 215 215 215 213 211 212 215 215 212 198 195 195 204 214 219 219 218 221 221 220 219 219 219 217 217 217 216 215 216 217 214 206 198 
209 209 209 208 207 208 208 208 206 205 204 206 205 202 202 203 202 203 200 197 197 193 192 198 199 200 201 200 199 198 198 197 193 194 191 178 154 128 115 119 137 123 108 99 70 9 8 12 16 21 30 33 27 27 30 27 28 27 26 25 24 24 23 22 23 23 22 21 19 18 17 17 21 20 18 17 17 17 18 19 15 16 16 16 17 17 17 17 17 17 17 17 17 17 18 19 19 19 19 20 20 20 20 20 21 22 22 22 22 23 22 21 18 19 16 13 17 20 18 18 25 22 28 60 102 139 163 180 187 196 202 204 206 207 205 204 201 202 203 202 201 202 204 205 202 202 201 201 201 201 201 201 200 200 200 202 203 201 199 198 199 203 204 204 205 205 203 203 204 200 202 203 200 195 184 167 148 136 137 165 166 175 171 170 176 188 192 194 194 190 193 195 197 197 194 196 194 193 195 190 190 190 192 192 192 189 186 184 187 186 185 185 184 184 183 182 181 180 179 178 177 176 175 174 174 174 172 170 168 166 166 166 164 164 160 160 159 155 155 152 150 122 67 23 2 5 34 82 121 131 128 123 121 121 121 116 111 108 105 101 97 96 94 90 87 70 42 15 4 4 27 52 69 64 53 52 49 42 38 33 26 25 22 22 25 32 46 60 76 113 141 168 191 201 208 212 216 217 220 216 209 203 195 187 167 149 124 91 53 27 18 18 4 4 6 7 5 2 3 6 3 3 3 3 3 2 2 2 2 2 2 2 3 3 4 5 6 7 7 6 6 6 4 1 1 1 1 1 1 1 1 1 1 1 2 2 2 2 4 7 10 9 7 5 4 10 16 16 16 13 32 92 124 150 180 197 199 192 189 191 195 203 211 214 215 210 199 187 182 184 182 179 188 196 204 207 207 204 200 194 190 187 192 198 195 187 181 177 174 181 187 190 192 187 176 171 162 171 185 197 205 207 210 211 210 199 182 171 170 178 187 192 202 202 202 204 202 197 191 187 184 187 181 167 165 177 196 209 215 211 209 209 210 208 207 208 208 205 194 180 175 179 183 183 169 161 156 144 143 162 170 163 171 177 188 194 190 189 197 204 211 211 211 212 214 216 218 219 210 202 197 202 211 217 219 220 218 218 217 217 217 216 215 214 213 214 214 215 220 223 218 210 
209 208 208 207 207 206 206 206 204 202 201 203 201 196 195 196 194 198 193 189 187 177 176 191 196 198 199 198 197 198 198 197 196 192 186 167 135 111 116 130 147 113 97 71 19 7 5 13 22 34 38 33 31 31 28 26 29 28 26 26 25 24 23 22 22 22 22 21 20 20 19 19 20 20 20 20 19 19 18 18 15 15 16 16 16 17 17 17 17 17 16 17 18 19 19 20 20 20 20 21 21 20 20 20 20 22 22 21 20 21 21 20 15 18 19 21 21 17 18 25 40 72 110 142 165 179 189 198 204 208 208 206 206 205 201 199 204 204 205 204 202 201 201 201 202 202 202 202 202 202 202 203 203 203 202 202 204 204 203 202 203 205 202 201 204 205 203 201 205 204 205 204 204 203 195 186 176 174 170 178 182 196 194 191 197 198 195 200 201 194 197 199 193 195 196 198 194 191 197 197 196 194 191 188 188 190 191 191 189 188 187 187 187 186 185 185 184 183 182 181 180 180 178 177 177 177 176 174 172 170 169 169 168 171 166 166 166 161 159 156 151 136 101 52 11 2 17 57 107 130 135 132 129 127 127 123 121 117 112 106 103 102 98 94 95 88 62 29 4 1 13 34 68 71 65 62 54 44 44 39 34 34 34 29 27 28 33 39 52 76 98 122 151 172 192 203 211 212 216 220 219 218 215 210 205 194 184 170 148 115 71 36 22 12 4 6 7 4 3 4 5 5 5 4 4 4 4 3 2 2 2 2 3 3 5 6 6 7 7 7 7 7 5 3 1 1 1 1 1 1 1 1 2 1 1 2 3 2 3 6 10 10 8 5 4 7 13 20 18 18 15 55 108 134 162 192 209 204 192 184 188 197 201 202 205 205 198 188 186 191 190 184 181 194 206 212 215 215 206 196 186 182 184 187 185 183 183 183 179 186 195 201 203 191 177 170 160 170 183 195 205 212 213 212 202 189 173 167 169 175 183 191 196 200 203 205 208 208 202 193 183 177 173 168 165 173 186 196 207 206 205 205 206 207 207 206 209 211 204 188 176 176 178 177 165 163 169 168 169 184 186 178 162 156 157 159 154 159 177 191 210 213 216 218 219 220 221 222 218 208 198 196 200 206 212 217 215 215 216 217 218 219 219 219 218 219 220 220 221 219 216 212 
208 207 206 206 206 204 204 204 200 198 197 197 194 187 184 184 183 190 184 178 175 161 160 182 193 196 198 197 196 197 197 197 192 184 179 163 133 118 132 151 128 101 80 34 3 5 6 19 25 36 31 26 35 33 24 28 27 27 28 28 28 26 23 21 24 23 23 22 21 20 19 18 19 19 20 21 21 19 18 17 16 16 16 16 16 16 16 16 16 15 15 16 18 21 21 21 21 21 22 22 22 21 21 20 19 21 21 20 19 19 20 20 19 19 19 20 20 25 51 83 121 153 177 185 191 202 207 209 208 209 206 204 206 207 204 206 202 202 203 203 203 203 203 203 203 203 203 203 204 204 204 205 204 205 205 204 205 205 204 203 201 204 203 201 203 205 205 206 206 206 204 202 202 203 201 197 189 193 191 195 203 202 197 202 199 202 200 202 198 199 205 196 199 197 195 200 199 196 199 197 196 195 194 193 194 193 191 189 191 190 188 187 188 188 187 187 189 188 187 186 185 184 183 182 179 179 179 178 176 174 174 174 170 173 168 168 169 165 162 158 159 155 139 89 28 7 5 35 89 125 139 139 138 135 134 132 128 122 118 112 110 110 105 103 97 102 79 46 13 5 6 21 57 68 68 67 63 56 54 44 43 36 28 26 28 29 32 33 46 55 68 93 120 141 164 182 197 203 211 212 213 219 223 221 218 216 209 198 190 183 162 138 85 53 22 10 11 8 3 3 5 5 5 5 4 4 4 4 2 2 2 2 3 3 5 6 5 7 8 8 8 8 6 3 1 1 1 1 1 1 1 1 2 1 1 2 3 2 2 4 5 10 13 11 6 3 8 18 22 17 11 22 80 116 139 180 195 194 180 170 180 193 198 199 201 207 205 197 192 194 190 181 183 196 209 213 215 214 201 186 177 182 188 189 190 195 195 190 193 190 190 198 205 198 183 174 166 174 180 185 193 203 203 198 203 192 182 179 176 173 177 185 193 201 207 209 214 217 211 200 177 166 165 171 171 173 179 183 194 202 207 206 207 211 214 214 215 216 209 193 181 179 178 174 172 176 182 187 194 189 177 181 153 140 135 134 131 140 165 185 206 212 216 216 216 218 219 217 222 210 197 191 191 196 206 215 218 218 219 220 222 223 223 222 219 218 217 214 206 196 190 189 
205 204 204 199 204 198 196 193 191 186 176 188 182 178 163 166 173 176 182 175 169 169 167 178 188 198 197 194 198 196 191 194 191 181 162 148 132 125 148 135 112 91 51 13 0 8 18 26 34 35 33 30 30 32 32 30 26 27 28 28 27 24 23 22 21 22 21 21 22 24 23 19 16 17 21 26 26 20 17 17 17 17 16 16 17 19 19 18 17 17 18 18 18 18 20 21 20 19 24 26 21 21 23 19 25 16 17 26 19 21 22 20 20 22 22 29 51 88 130 159 181 187 196 203 207 207 207 207 207 206 205 206 207 207 205 203 202 204 204 203 203 204 203 202 204 203 203 203 203 204 205 205 206 205 205 206 206 205 204 202 203 202 203 203 204 203 204 206 205 205 205 204 203 203 204 204 203 204 204 203 201 200 201 202 202 202 202 202 202 201 200 199 201 199 198 197 197 198 199 200 197 196 195 195 196 195 194 193 191 191 190 190 190 189 189 189 189 188 188 187 186 185 184 184 183 183 183 181 179 177 177 177 176 176 175 174 171 169 167 167 161 163 153 125 74 20 3 15 62 114 144 141 144 141 136 142 129 126 123 122 118 114 112 112 106 106 99 79 38 6 5 8 28 66 72 71 63 60 54 48 47 40 34 32 31 29 29 31 38 41 54 73 91 111 135 155 174 185 196 205 210 217 220 221 219 222 224 220 212 206 196 185 169 145 105 59 30 19 14 6 2 6 7 4 4 3 3 4 4 2 1 2 2 2 4 6 5 6 7 8 8 8 8 7 2 1 1 2 3 1 1 3 1 1 1 1 1 1 1 1 3 16 15 8 9 5 5 16 26 20 17 15 34 98 121 157 180 192 192 189 187 190 196 198 208 212 212 203 196 193 190 184 184 189 198 206 208 205 199 194 188 185 191 198 197 191 192 194 194 189 186 190 198 200 192 184 181 183 171 176 188 191 199 206 204 205 202 195 184 178 176 178 189 198 207 210 208 206 204 203 186 183 173 179 197 188 191 190 191 205 216 215 211 212 215 215 211 212 210 199 183 169 166 169 171 172 176 181 176 186 166 170 158 142 134 135 140 146 161 187 201 215 214 214 218 215 215 218 220 218 212 194 189 198 200 212 223 224 218 220 221 218 216 214 210 214 209 196 177 159 156 167 
200 196 193 186 189 182 182 182 176 173 165 178 176 178 165 168 180 182 187 183 182 182 180 187 192 198 197 194 196 195 192 194 181 184 175 151 122 123 120 114 97 65 28 7 4 11 21 29 34 34 33 31 30 30 30 29 29 28 27 27 27 26 24 23 21 21 20 19 20 21 20 18 20 19 20 23 21 17 16 17 17 17 16 15 17 19 20 20 18 19 19 20 20 22 24 25 26 20 20 21 18 20 23 22 19 23 19 18 16 23 23 25 19 33 57 91 133 166 184 191 201 203 207 208 207 206 206 206 208 207 206 206 207 206 204 202 202 203 204 203 203 204 204 203 204 204 204 204 205 205 206 206 207 207 206 207 207 206 205 204 208 205 202 201 201 201 202 203 207 206 204 203 204 204 202 197 193 189 185 186 191 198 202 205 202 202 201 200 200 201 202 202 201 200 200 199 200 200 199 198 197 196 196 195 195 195 194 193 192 192 192 191 191 190 190 190 190 190 189 189 188 187 187 186 184 184 184 183 181 180 180 180 178 178 177 175 173 171 168 167 165 169 165 149 107 54 20 19 54 95 133 146 150 147 141 141 134 132 131 129 127 123 119 117 114 110 107 97 62 19 4 5 15 50 69 77 67 64 62 64 54 48 41 39 38 34 33 33 33 33 42 58 70 85 106 126 148 166 186 195 203 209 213 212 220 219 220 222 223 223 218 211 197 185 175 157 117 67 31 18 14 7 3 6 10 7 3 4 5 4 3 2 2 4 4 5 6 6 7 7 8 8 8 8 4 2 1 2 2 2 2 3 1 1 1 1 1 1 1 1 3 14 16 13 13 7 1 5 19 20 24 19 13 57 118 132 164 189 200 196 189 188 196 201 212 215 214 208 199 190 180 173 169 177 187 194 200 203 203 203 208 204 199 191 183 181 182 178 186 179 171 173 186 199 201 195 186 178 166 162 177 193 201 211 210 211 209 203 188 172 164 164 179 187 197 202 205 206 207 206 200 188 195 199 213 214 203 195 195 202 208 208 205 205 207 208 209 207 205 197 183 162 146 140 144 143 150 159 160 175 168 168 171 168 163 164 167 174 184 198 203 214 213 215 218 217 220 222 218 219 228 212 181 180 184 188 202 214 216 217 214 212 214 215 218 208 196 175 149 140 128 103 
182 179 178 173 177 172 174 176 170 171 166 179 182 188 181 183 191 191 193 192 194 196 191 194 195 196 196 195 194 193 192 192 188 180 159 137 121 123 109 103 66 30 4 3 10 17 27 35 34 34 34 33 31 29 29 30 30 27 25 24 25 25 24 22 23 22 21 20 20 21 20 18 22 20 20 20 19 16 16 18 17 17 16 15 16 19 21 21 21 21 20 20 19 20 22 23 25 20 21 22 19 16 18 18 12 17 15 23 28 26 22 35 58 97 140 167 180 190 201 213 211 211 210 207 205 205 205 207 207 207 206 206 207 207 205 204 202 204 205 204 203 204 204 204 204 205 205 206 206 207 207 207 207 207 207 207 208 207 206 205 209 206 202 202 203 203 203 204 203 205 205 205 204 198 187 178 173 170 167 166 170 178 188 195 201 201 201 202 202 201 200 200 203 202 202 201 201 200 199 198 198 197 197 197 197 196 195 195 195 194 194 193 193 192 192 191 192 192 192 191 191 190 190 189 186 186 186 185 184 183 183 183 181 180 178 177 176 174 172 170 168 167 166 164 147 106 68 52 76 97 127 150 155 153 151 147 143 142 139 136 134 132 129 125 119 116 111 110 90 46 13 2 5 33 65 83 75 70 62 64 58 52 47 44 42 37 34 33 35 33 39 52 61 71 89 106 125 145 167 177 186 199 210 214 215 218 221 221 219 218 221 223 220 215 204 188 176 157 115 72 36 24 11 6 6 5 5 7 5 4 3 3 3 5 5 6 6 6 6 7 7 8 8 8 6 4 2 1 2 1 2 2 1 1 1 1 1 1 1 1 3 7 10 13 15 13 7 3 9 22 25 19 16 18 81 120 141 174 201 206 191 177 184 196 206 206 207 206 200 190 178 173 176 181 187 193 203 212 216 215 212 203 189 175 166 168 172 170 174 177 175 174 180 194 204 205 193 176 166 157 170 193 201 211 213 210 206 199 186 171 166 167 174 181 191 199 205 209 211 211 211 194 198 198 206 216 210 197 194 195 198 202 204 203 204 206 208 208 210 206 187 162 143 137 130 130 140 154 164 184 193 192 199 201 190 182 185 196 206 209 218 221 220 222 222 220 224 225 225 215 216 208 165 143 144 161 173 193 203 209 212 213 215 213 211 204 198 181 153 139 131 115 
164 164 169 170 178 174 178 182 183 187 185 192 194 200 196 198 197 197 195 195 198 198 194 195 195 193 194 194 191 190 190 189 190 181 163 144 124 96 95 85 38 11 1 8 15 24 34 37 35 35 35 36 33 29 29 32 29 26 24 24 24 25 24 23 26 24 23 22 22 22 21 20 20 19 19 20 19 17 17 18 16 17 17 16 17 20 21 21 22 21 20 19 18 18 19 20 20 21 23 22 19 16 17 17 15 19 20 25 24 33 62 102 145 164 185 196 205 210 209 207 208 208 206 204 203 204 206 207 206 206 206 207 208 208 208 207 205 206 206 206 205 205 206 206 205 205 206 207 207 208 207 207 207 206 206 207 207 207 206 205 206 205 205 205 205 204 204 204 203 205 207 206 196 182 169 162 160 166 170 167 161 161 170 179 187 189 194 199 202 202 201 202 202 201 199 199 200 201 201 201 198 198 198 199 198 198 197 196 196 196 195 195 194 193 193 193 194 194 193 193 193 192 192 192 189 189 188 188 187 186 185 185 182 180 179 179 180 179 177 175 173 170 170 173 168 147 123 109 116 121 132 147 157 160 158 155 152 151 147 141 138 139 136 133 124 126 117 114 108 79 36 4 5 20 58 79 79 77 66 60 61 56 51 48 45 40 37 35 36 33 38 48 54 61 77 93 105 124 147 163 174 185 195 201 207 211 214 217 222 223 220 218 218 222 222 213 202 192 176 157 119 78 42 28 17 2 0 6 6 7 6 5 4 5 6 6 7 6 6 6 6 7 8 9 8 6 3 2 1 1 1 1 1 1 1 1 1 1 1 1 3 1 5 12 17 20 16 6 3 16 35 32 40 27 52 111 127 155 181 195 187 170 176 191 200 201 204 206 206 202 194 186 190 187 183 189 202 212 213 209 208 194 180 172 165 164 170 174 178 184 187 186 184 190 199 205 198 180 171 167 174 188 194 198 198 200 203 204 201 190 179 172 171 176 184 195 204 209 211 210 211 204 190 190 196 206 217 206 191 188 191 202 210 210 209 211 212 212 214 212 197 177 165 163 157 160 162 170 184 193 203 206 211 213 195 181 182 196 212 215 222 222 218 219 215 211 213 207 205 196 188 192 165 127 104 117 140 170 195 207 213 215 217 214 218 217 201 180 163 153 155 167 
161 162 169 174 183 178 182 188 194 200 198 199 197 199 196 198 197 198 194 194 196 195 194 194 196 192 193 193 186 178 176 176 183 176 166 146 122 95 84 57 24 9 5 12 20 33 42 36 36 35 36 36 34 30 30 33 27 27 27 27 26 25 25 25 25 23 22 21 21 21 20 20 21 20 20 20 19 18 18 20 17 18 19 19 20 21 22 21 20 20 19 19 20 21 22 22 22 23 20 16 17 20 20 18 18 17 13 15 25 75 134 175 182 198 208 209 209 210 211 212 208 208 207 206 205 205 205 206 207 206 207 208 209 209 209 209 208 208 208 208 208 207 207 208 205 206 207 207 208 208 208 207 207 207 206 207 207 207 206 206 206 207 207 206 204 203 203 204 209 205 201 194 180 166 164 169 184 189 191 188 178 169 164 163 168 169 174 180 188 193 199 204 203 203 202 201 201 200 199 199 200 201 201 201 200 199 197 197 198 198 197 197 196 195 195 195 194 194 194 193 193 193 192 192 192 191 190 189 188 187 187 186 184 182 181 181 182 182 180 178 177 177 178 177 170 160 150 143 137 139 137 144 159 166 161 159 158 157 153 147 145 143 140 137 131 137 126 120 120 102 65 29 19 26 58 72 78 84 78 68 67 62 57 53 50 46 43 41 38 36 38 42 46 52 66 79 94 102 119 135 146 154 166 177 186 198 202 203 209 216 221 225 225 218 219 226 226 217 202 189 175 159 124 75 40 30 21 5 6 7 9 10 8 6 5 5 7 6 6 6 6 7 8 9 9 7 5 3 2 2 1 0 1 1 1 1 1 1 1 1 3 0 6 15 21 28 27 15 8 12 58 74 67 60 55 68 112 135 161 185 194 191 195 200 202 209 213 214 215 215 208 197 191 183 175 178 188 199 203 202 205 197 191 188 183 181 183 185 186 185 185 185 185 185 192 200 201 192 184 188 189 185 189 188 202 205 203 201 204 206 195 183 165 168 175 186 196 202 204 204 202 208 194 191 196 204 215 216 198 191 191 201 209 211 211 212 216 210 206 208 205 196 190 188 195 200 192 191 201 196 195 202 194 197 187 172 168 176 191 203 207 211 212 212 207 199 190 175 159 160 154 159 152 127 94 80 107 150 189 209 215 212 216 215 211 209 193 181 182 184 177 171 
168 167 173 176 181 174 178 186 193 199 199 198 196 196 194 197 194 197 192 192 194 192 194 194 195 193 191 187 173 156 147 149 163 158 153 135 126 129 78 32 13 6 5 12 25 41 46 36 35 34 34 34 32 30 31 32 26 27 28 28 27 25 25 25 24 23 22 22 22 21 21 22 24 23 21 19 18 18 19 21 18 21 22 22 22 22 22 21 20 20 20 20 21 21 21 21 24 23 18 16 20 22 16 12 4 18 38 61 80 129 175 198 204 211 212 210 210 210 208 206 209 209 209 209 208 208 207 207 209 209 209 209 209 209 209 209 210 208 207 208 209 209 208 208 207 207 207 208 208 208 208 208 209 208 207 208 208 208 207 207 206 207 207 205 204 205 207 208 207 198 187 176 166 161 173 189 204 200 197 197 197 193 183 174 170 167 164 165 166 170 178 186 195 197 201 202 202 201 202 203 203 203 204 203 202 200 199 198 199 199 199 198 197 197 196 196 195 195 195 195 194 194 194 193 193 192 191 190 189 189 187 187 188 186 185 184 184 184 182 181 180 179 180 180 177 171 159 145 144 151 145 142 157 167 166 166 163 162 160 157 155 151 145 141 137 140 133 129 127 117 95 73 51 53 73 78 81 85 86 75 70 66 61 56 53 49 46 45 44 42 42 42 44 51 60 68 73 68 66 71 72 75 87 99 114 138 159 175 190 200 204 212 215 222 225 219 217 223 222 212 204 189 176 157 115 71 43 29 11 9 11 14 13 9 6 6 7 6 6 6 6 7 8 9 9 9 7 4 3 2 1 1 1 1 1 1 1 1 1 1 5 0 2 10 19 33 41 37 31 19 44 67 49 41 31 20 46 87 132 171 195 202 200 191 194 206 213 214 214 214 207 197 186 178 172 172 177 188 199 208 204 208 210 203 195 191 188 181 177 176 179 182 182 179 184 194 206 207 201 211 209 194 194 190 197 206 211 211 213 211 192 171 165 166 170 179 189 197 201 203 203 209 206 197 195 202 200 216 211 202 195 195 200 204 207 208 209 207 206 209 209 208 209 211 214 219 209 202 202 195 180 181 165 169 171 157 145 143 151 171 186 200 209 212 206 192 173 153 145 135 135 143 142 135 126 103 96 135 174 203 214 212 211 207 206 186 175 175 178 193 202 196 
173 172 177 178 181 172 176 185 191 195 196 196 197 196 195 197 192 196 190 192 194 190 193 191 190 190 185 174 155 127 114 118 139 149 155 145 138 118 49 16 5 3 6 18 34 44 42 37 34 34 33 31 31 31 31 31 27 27 27 27 27 26 25 24 24 23 23 24 24 23 23 24 22 22 22 20 19 19 20 21 20 22 23 21 20 21 20 20 20 20 20 20 21 21 19 18 22 23 21 23 26 21 17 21 31 76 121 144 142 158 182 208 213 216 214 211 211 211 211 212 209 209 209 209 209 210 210 210 210 210 210 210 210 210 210 210 210 206 204 206 209 209 208 208 208 208 208 208 208 208 208 208 210 209 208 208 208 208 208 207 205 206 206 206 206 208 205 201 191 182 172 169 171 179 190 201 195 189 184 184 188 194 197 197 190 185 180 175 169 165 166 170 175 178 183 187 189 193 199 203 200 201 203 203 203 202 201 201 201 201 200 200 199 199 199 198 198 198 198 197 197 196 196 196 195 194 193 192 192 191 190 189 189 189 188 187 186 186 185 184 188 183 182 182 181 178 161 138 143 149 150 147 151 163 172 173 169 167 165 164 163 157 152 148 143 143 139 138 134 129 120 102 83 77 75 75 81 83 89 79 76 71 65 60 56 51 47 45 45 45 43 42 44 48 46 41 31 25 18 16 12 10 18 28 36 46 59 83 118 148 176 202 205 211 222 225 221 222 224 225 220 210 203 197 176 144 102 61 40 28 20 20 18 11 6 7 6 6 6 6 6 7 8 8 8 10 9 6 3 3 2 1 1 1 1 1 1 1 1 1 4 1 0 3 11 24 33 35 33 18 4 8 4 1 1 5 3 40 88 142 187 205 201 186 180 191 203 207 208 207 204 199 188 179 175 176 179 183 197 209 213 217 217 206 191 184 179 172 175 178 185 187 184 180 183 190 202 210 213 218 217 204 194 190 194 202 205 202 202 204 197 185 179 175 173 176 183 193 200 206 211 212 213 206 193 195 193 209 217 209 197 189 191 200 206 208 208 212 215 216 215 214 216 219 217 218 213 201 187 189 163 146 138 138 153 145 134 124 115 132 159 188 205 210 206 191 170 151 142 134 140 148 155 152 156 138 122 143 167 196 211 208 202 195 189 175 176 185 187 195 203 200 
175 174 181 184 188 178 182 191 195 197 197 196 198 195 193 194 192 196 190 193 195 190 192 188 185 187 178 163 139 106 89 96 136 148 149 145 142 79 27 18 6 7 14 31 43 40 34 35 34 34 33 30 30 32 33 31 30 28 27 27 29 29 27 26 22 22 23 25 25 24 24 25 17 19 22 23 23 22 21 20 20 22 22 20 18 18 18 18 18 18 19 21 23 23 22 21 20 23 25 29 28 21 28 47 107 155 177 170 158 173 191 209 215 213 209 208 212 212 210 210 211 211 209 209 209 210 210 211 209 209 210 210 210 211 211 212 208 204 201 205 209 209 208 207 209 209 208 208 208 208 209 209 210 209 208 208 208 208 207 207 206 206 206 206 206 204 194 185 174 171 168 174 189 200 203 199 196 191 181 168 160 165 181 195 203 202 201 198 190 179 173 173 171 172 171 170 168 171 178 183 194 196 198 200 201 201 202 203 202 202 202 201 201 200 200 200 199 199 199 198 198 197 197 197 195 194 193 193 194 193 192 192 189 189 189 189 188 187 188 188 186 184 183 176 166 160 145 125 128 136 151 153 147 159 174 173 174 169 167 167 166 160 156 155 154 152 146 143 139 139 132 111 99 80 59 56 72 81 97 90 83 79 73 66 60 56 50 47 46 48 47 45 47 45 31 15 8 5 3 3 9 23 44 61 72 84 87 80 71 66 91 132 183 194 211 222 222 220 221 220 222 224 223 210 195 191 168 132 79 56 35 28 22 11 5 5 6 6 6 6 7 7 7 8 6 10 10 7 3 2 3 2 1 1 1 1 1 1 1 1 2 3 3 3 4 6 6 5 2 6 5 0 2 7 0 3 3 3 22 84 155 189 190 178 177 186 198 205 207 206 207 208 198 188 184 188 190 190 199 208 212 211 210 202 189 183 186 191 191 190 189 189 189 189 187 186 190 202 213 210 212 205 185 182 180 190 198 197 198 203 205 202 191 183 175 173 177 187 197 205 207 208 205 211 192 185 194 198 214 209 197 187 188 201 210 212 218 219 219 218 218 218 215 210 210 208 212 201 182 198 168 137 119 118 139 142 138 128 99 103 142 180 203 211 211 200 182 169 165 175 174 166 187 189 197 181 159 168 178 197 204 198 192 189 186 188 183 185 204 216 206 192 
188 189 192 195 196 195 196 198 196 197 195 195 194 193 192 192 193 191 190 189 189 192 192 188 182 173 160 124 105 99 99 125 150 150 150 138 89 37 18 9 6 3 26 40 39 40 38 39 35 34 31 31 35 35 31 30 32 30 28 28 28 28 27 26 22 22 23 25 26 25 22 20 20 20 23 26 26 23 22 24 26 22 19 19 17 15 14 16 16 13 17 18 19 17 25 21 26 28 31 32 38 48 67 96 139 166 175 180 174 180 193 211 213 211 210 211 211 211 212 213 211 212 209 208 212 214 211 210 210 210 206 211 214 204 202 203 199 192 186 190 203 210 210 211 211 210 208 207 207 208 208 209 210 210 210 210 209 208 208 209 208 205 204 202 196 185 177 175 163 173 188 199 205 204 202 200 200 196 189 174 156 141 144 155 174 191 200 197 204 203 192 192 187 179 176 174 170 164 163 174 172 174 178 182 186 189 192 195 199 199 200 203 203 201 199 199 198 198 198 197 197 196 196 196 199 197 194 193 193 193 192 191 193 192 190 188 188 189 188 186 187 180 168 154 142 133 128 126 119 130 149 152 149 152 162 177 175 174 173 168 166 168 162 158 159 156 152 149 148 146 140 133 112 81 39 24 36 66 94 93 91 82 81 73 65 63 54 49 52 55 46 45 47 30 12 4 7 4 5 14 37 72 100 110 129 144 144 147 134 113 78 55 101 165 195 209 223 221 223 222 223 222 222 222 219 208 190 175 145 98 74 58 32 8 3 6 5 5 5 6 7 7 8 9 8 7 8 12 8 2 1 4 2 1 0 0 0 1 1 1 2 3 3 3 2 2 2 2 2 2 2 2 2 2 2 3 2 1 4 13 85 166 187 196 193 191 196 203 210 216 218 216 210 198 196 195 194 192 191 196 205 211 208 208 206 200 199 195 199 193 190 188 185 187 183 171 181 191 198 195 205 200 193 183 186 180 187 202 206 206 208 208 200 190 173 163 166 176 186 195 202 203 203 203 202 193 189 197 199 208 188 183 197 201 209 218 216 213 210 208 208 206 204 203 204 206 206 202 200 198 179 153 111 97 120 149 150 129 122 112 136 167 180 198 199 199 198 199 200 209 210 202 201 210 215 213 195 174 180 189 183 180 182 183 175 173 180 196 212 221 209 184 
196 196 198 200 200 198 198 199 197 197 196 195 194 193 193 192 191 190 190 190 190 192 190 183 172 160 125 105 102 103 125 156 144 150 148 112 51 23 19 4 7 10 32 43 41 41 37 38 37 37 34 31 33 33 32 34 30 29 29 28 28 28 28 29 26 26 26 27 27 26 25 24 22 23 25 27 26 24 24 24 26 24 20 19 18 16 15 15 14 12 15 15 15 19 28 34 27 32 51 83 113 130 145 165 176 187 183 185 186 196 205 215 213 213 213 213 212 211 211 211 209 211 210 210 211 207 203 203 205 204 198 200 197 188 185 184 175 169 165 175 196 210 211 210 210 210 210 209 208 206 206 205 209 208 208 206 206 206 207 208 207 200 191 183 179 177 176 176 189 194 200 203 204 202 201 201 206 205 203 194 179 157 131 113 124 139 166 188 201 204 200 202 202 202 198 190 187 182 174 172 169 168 168 169 172 175 176 176 182 184 189 194 199 201 202 203 199 198 197 197 198 198 198 198 194 195 197 197 195 192 190 190 190 190 189 187 185 184 182 179 166 155 141 133 133 137 140 142 139 145 155 155 150 150 158 171 176 174 172 169 169 170 166 165 163 161 157 154 153 151 145 139 123 85 32 7 14 42 80 97 93 86 85 78 71 69 58 54 54 53 48 51 43 18 5 6 1 1 18 49 80 105 125 137 150 161 171 181 179 168 138 100 51 80 156 200 206 221 225 222 221 221 221 221 219 212 201 193 183 165 127 83 45 15 5 3 5 5 5 6 6 7 8 8 7 7 9 11 9 4 2 4 2 1 1 1 1 2 1 1 2 2 3 3 2 2 1 1 2 2 2 2 1 2 2 2 3 9 4 0 11 95 174 202 201 195 196 204 209 214 217 218 205 201 198 198 205 207 197 196 195 212 215 214 220 213 199 192 187 188 189 185 180 181 180 176 177 187 200 197 200 201 205 199 187 184 193 205 208 207 208 208 204 184 166 166 175 181 193 207 207 207 206 209 212 209 199 194 190 179 193 167 164 201 200 202 207 205 203 203 204 205 205 206 204 207 207 205 205 202 187 163 132 108 117 136 152 163 147 136 141 167 174 176 187 191 193 215 220 219 218 217 211 207 209 216 206 188 180 174 168 165 161 163 167 173 187 201 207 207 194 175 
200 199 199 200 200 198 196 196 195 195 195 195 194 193 193 193 193 191 191 189 187 186 179 169 157 128 86 80 84 114 139 146 145 152 129 71 28 14 7 7 7 20 39 45 44 42 37 40 37 38 36 33 33 32 32 36 29 31 31 31 29 29 30 31 29 29 28 27 26 26 26 27 26 27 28 28 27 27 26 25 26 25 22 18 17 16 14 12 6 9 14 14 16 22 22 38 45 74 114 155 185 193 196 201 196 200 195 198 204 211 215 216 213 214 215 215 214 213 211 209 210 210 207 205 204 198 193 193 192 192 183 181 177 170 168 167 172 168 167 178 197 208 209 209 207 208 209 209 208 208 209 210 209 209 209 207 208 210 210 207 198 181 167 165 171 178 186 193 205 206 206 206 203 202 204 205 202 204 205 205 203 190 161 134 94 86 105 136 162 181 192 201 202 206 205 202 203 203 198 193 187 182 177 175 174 172 168 165 163 164 169 176 184 189 195 199 202 200 199 199 200 200 197 195 190 185 179 173 170 169 169 170 171 170 167 161 156 153 150 148 142 136 131 135 148 162 173 178 167 157 151 146 144 146 153 167 178 177 175 174 175 172 170 171 167 166 163 161 159 156 151 146 142 110 54 11 3 21 63 97 102 96 93 85 79 75 65 61 57 55 52 52 36 11 2 4 4 8 35 72 95 105 117 128 142 148 164 177 185 191 180 143 86 38 93 170 198 216 219 218 222 221 221 221 215 207 202 200 191 189 179 148 78 12 6 3 6 5 6 6 6 7 7 8 7 8 10 10 9 7 5 3 2 1 1 1 2 2 2 1 1 1 1 2 4 5 4 2 3 2 2 1 1 1 1 1 4 0 0 8 0 46 161 206 205 190 185 193 204 208 211 211 217 212 211 215 225 219 199 195 197 206 214 216 215 207 194 195 184 182 178 178 187 193 192 188 188 182 186 189 194 202 212 210 202 190 185 192 201 206 205 198 202 199 192 189 192 197 200 206 215 215 214 215 217 216 206 191 191 155 153 155 153 169 186 199 201 203 204 205 206 208 210 211 210 210 210 206 205 206 194 176 154 134 129 147 154 166 166 176 167 163 170 165 173 188 197 211 210 212 214 212 209 207 208 210 209 206 195 175 163 156 152 163 171 174 182 188 189 187 176 162 
200 198 197 197 197 196 194 192 194 193 193 193 192 193 192 191 190 188 187 187 188 187 176 162 131 108 101 103 97 122 126 138 149 140 105 49 23 12 2 8 8 28 43 45 46 42 38 44 34 37 36 35 35 33 32 34 31 32 33 32 31 30 30 30 31 30 29 27 25 25 27 29 29 31 32 30 29 31 30 28 26 26 22 17 15 15 12 9 12 9 9 9 11 18 19 52 103 147 182 197 206 211 214 213 211 215 213 216 217 216 216 213 214 214 212 210 210 208 203 197 200 199 192 185 184 185 183 182 179 179 172 172 176 174 177 178 193 194 194 197 204 206 208 211 210 211 210 209 207 207 208 210 208 209 210 209 211 210 203 195 176 161 158 173 189 195 202 209 205 206 206 205 203 203 204 207 205 207 206 205 209 210 198 183 156 100 58 58 92 133 160 179 194 201 202 205 205 202 203 206 206 203 199 197 195 191 185 180 170 167 165 165 167 171 177 181 193 194 194 194 193 189 183 179 180 170 158 151 151 154 158 159 157 155 149 141 135 133 133 133 129 139 155 170 180 184 185 185 183 163 142 124 117 117 132 159 175 179 177 178 180 176 173 174 169 169 167 165 162 160 155 151 145 136 91 35 6 8 42 79 102 102 99 92 86 79 72 68 61 60 55 49 31 13 6 0 2 15 44 73 87 93 105 116 127 135 151 160 173 182 190 170 134 53 36 119 189 206 216 219 222 221 222 221 214 203 197 198 211 202 196 187 124 21 5 3 6 6 6 6 6 6 7 7 7 9 10 9 9 10 7 3 2 1 1 2 2 2 1 1 1 1 1 2 5 7 6 3 3 2 1 1 1 1 2 1 3 3 3 3 3 54 170 206 204 193 189 193 201 208 213 214 210 212 219 219 215 209 198 194 199 193 196 192 188 191 178 159 165 169 166 161 162 164 168 176 185 189 194 194 196 201 208 209 199 190 184 187 196 203 205 202 202 210 212 209 210 215 217 219 216 214 215 212 209 209 204 192 188 172 131 123 126 132 168 185 201 205 209 210 211 211 210 210 210 208 204 200 200 204 200 190 184 169 144 162 172 169 179 180 182 165 166 160 164 175 187 188 198 204 207 204 205 210 210 207 210 214 212 195 175 162 158 168 172 177 186 189 186 178 167 158 
199 197 196 195 196 196 195 192 193 192 191 191 192 191 190 189 188 186 184 183 182 178 162 142 117 88 86 106 104 108 100 124 140 125 104 56 13 8 8 2 16 37 45 43 45 41 39 44 37 38 36 35 36 34 32 32 34 34 33 34 34 34 32 31 33 33 32 30 28 29 31 33 32 34 34 33 33 35 34 32 27 27 23 18 15 14 12 9 12 8 7 9 9 14 25 75 148 188 209 212 215 219 222 217 218 219 217 218 217 212 215 212 213 210 205 198 196 193 185 175 176 183 180 170 169 177 183 185 185 184 178 183 191 195 201 204 206 210 210 208 207 207 207 211 209 210 211 210 210 209 209 210 212 212 212 212 211 204 190 177 160 165 179 197 208 210 207 207 206 207 207 207 205 205 206 206 209 209 207 205 206 208 207 205 189 176 133 71 36 42 75 117 159 183 198 205 203 198 203 204 203 204 205 206 207 205 203 200 197 192 185 178 171 164 162 161 171 173 175 174 171 166 162 160 156 154 154 155 159 163 165 166 165 164 160 154 151 151 153 154 158 168 181 188 188 185 182 181 184 171 147 110 75 59 82 129 164 178 178 178 181 177 177 176 171 171 170 167 164 162 158 155 145 148 122 69 23 3 21 61 93 103 103 97 92 85 78 74 67 64 57 50 31 12 5 0 1 13 41 69 83 88 100 112 118 134 146 153 168 173 183 179 136 72 21 85 172 201 218 221 221 220 221 222 218 209 205 206 214 223 208 193 153 27 1 8 6 6 6 6 6 6 7 7 7 9 9 8 9 11 9 5 2 1 1 1 2 2 1 0 1 1 1 2 6 8 8 6 2 1 0 0 1 2 2 2 2 5 5 0 1 85 185 210 213 210 207 203 198 202 207 207 207 198 198 187 175 176 165 145 129 113 107 100 87 78 69 60 55 61 58 52 53 53 57 66 73 87 94 103 122 142 154 164 178 172 169 175 189 201 206 209 217 216 217 220 220 211 204 205 200 198 201 204 202 203 203 198 190 187 151 110 101 116 146 183 198 202 206 207 207 206 204 202 198 195 192 192 196 204 207 203 196 191 166 168 184 180 184 169 171 174 164 155 162 154 158 161 179 188 200 207 210 212 215 218 220 215 217 208 186 170 163 166 182 193 204 204 197 189 186 189 
198 197 195 194 195 196 195 192 192 191 190 191 191 190 188 186 189 186 181 175 169 162 146 127 110 90 97 115 81 74 98 115 124 135 113 49 9 6 9 6 29 46 46 44 45 41 40 41 43 42 37 34 36 35 33 33 37 36 36 37 38 37 35 32 32 32 31 31 30 31 32 33 32 34 34 35 36 36 35 34 30 28 23 19 16 15 13 11 8 5 6 6 9 17 46 103 166 199 215 222 223 219 220 216 217 213 211 212 210 205 207 202 202 200 193 187 186 186 178 167 165 180 186 178 175 183 193 199 196 190 183 191 205 209 213 214 209 211 209 208 211 211 209 209 209 209 210 210 208 206 203 201 202 201 200 200 195 186 172 163 167 187 203 207 207 210 209 205 208 208 207 206 205 205 206 208 206 205 205 207 209 208 209 209 209 199 184 155 106 43 21 51 115 160 189 199 199 200 208 203 202 203 205 205 204 204 204 204 206 204 202 198 190 180 171 167 164 166 167 166 163 162 162 164 169 175 183 188 190 190 191 193 191 192 191 188 187 187 186 186 189 189 187 187 187 187 187 188 182 182 166 121 58 13 26 80 147 175 182 181 181 178 180 177 175 174 172 169 167 166 162 159 156 156 142 102 51 7 6 46 83 106 112 107 101 92 85 78 73 67 59 56 38 10 2 3 5 7 30 62 79 83 91 101 105 123 133 143 162 170 175 173 132 66 20 74 160 199 213 217 221 219 219 221 220 218 217 218 210 223 220 201 147 16 2 8 6 6 5 5 6 6 7 7 7 8 8 8 9 11 9 7 3 2 1 1 1 1 1 0 2 2 2 1 5 9 10 8 3 2 0 0 1 2 2 2 2 0 3 7 8 130 207 218 220 215 210 202 198 197 190 180 174 151 141 127 102 80 56 37 29 17 5 5 1 0 2 4 0 0 0 0 0 2 1 1 0 0 0 3 7 10 15 31 50 63 83 111 140 161 178 192 203 207 207 202 198 192 188 189 179 178 185 197 205 208 208 207 206 188 167 133 107 108 135 175 192 196 198 200 202 203 199 194 188 183 184 189 195 204 209 208 190 184 184 173 180 179 176 175 169 178 169 166 166 153 149 139 146 169 195 208 212 215 217 217 217 209 213 209 191 176 173 179 201 211 214 212 211 211 216 222 
196 196 195 193 193 194 193 191 191 190 190 189 189 188 186 184 181 176 166 152 142 139 134 124 105 99 111 118 90 86 104 102 135 147 90 25 10 7 4 17 40 51 47 46 47 43 43 40 44 43 38 35 37 36 34 35 41 41 41 41 40 37 35 33 30 31 31 32 33 34 34 33 33 33 34 36 37 36 34 33 32 28 23 20 17 15 13 13 15 12 9 11 25 40 79 125 169 198 208 218 220 214 216 212 212 205 205 202 199 188 192 187 191 193 191 188 189 193 189 181 175 186 191 187 185 186 190 195 188 180 173 188 207 209 210 209 212 212 209 208 212 213 210 208 211 208 203 199 193 185 178 174 178 177 177 178 175 171 169 171 191 204 212 207 203 207 211 210 208 208 206 205 205 205 207 208 209 209 208 209 209 209 208 208 205 208 205 191 173 145 104 80 124 168 186 186 182 188 204 202 207 208 208 207 205 202 201 200 202 203 206 208 204 199 193 190 184 184 183 182 182 183 185 187 192 195 198 200 199 198 198 199 195 195 194 192 191 191 189 187 188 187 188 190 192 191 188 184 185 188 183 150 90 24 5 37 112 162 182 183 182 179 183 179 180 178 175 172 170 169 166 163 162 158 153 129 83 27 3 22 69 104 117 115 109 99 91 82 78 72 61 61 50 21 4 5 4 3 16 41 61 75 89 97 105 116 125 140 151 163 161 146 102 35 10 77 160 197 210 214 219 219 219 220 220 221 221 221 232 222 217 197 116 8 8 2 5 5 5 5 6 6 7 7 7 8 8 8 9 9 10 10 5 3 2 1 1 1 1 0 1 2 1 0 3 8 10 9 5 3 1 0 1 2 2 1 3 4 5 0 28 163 218 210 204 193 182 174 166 155 134 115 82 58 35 17 5 0 0 5 2 0 11 48 63 82 95 57 8 7 10 9 5 4 5 5 4 6 5 3 1 14 23 19 3 2 0 1 15 35 64 95 130 159 181 187 186 181 170 160 168 173 183 196 208 211 209 209 209 202 182 161 129 118 143 155 188 192 196 201 206 207 199 190 182 177 177 182 189 197 203 204 196 179 176 169 173 176 168 172 178 183 185 185 176 167 149 129 131 155 179 190 198 208 209 205 207 207 212 210 203 191 186 198 203 213 218 218 222 222 219 218 
197 197 195 193 192 192 192 190 190 188 188 187 187 186 184 182 174 164 144 119 102 102 104 101 101 118 124 110 115 110 105 142 165 138 54 5 9 6 5 20 45 52 47 48 49 46 46 41 39 40 39 38 39 38 36 36 44 45 46 44 40 36 33 32 31 31 33 35 37 38 37 35 33 32 33 36 37 34 32 32 32 27 22 20 17 14 13 14 15 19 26 40 66 77 101 118 143 178 192 207 217 215 210 194 188 180 181 180 178 172 184 184 191 196 198 196 198 203 202 195 185 186 184 183 182 176 171 172 171 162 159 183 206 211 212 211 211 213 210 208 210 211 208 208 198 192 186 179 174 169 165 162 164 163 166 170 171 174 185 198 208 207 207 210 210 209 208 208 209 209 209 207 206 206 206 207 205 208 210 209 208 209 209 208 212 205 210 207 197 186 174 166 161 186 185 175 167 172 200 209 205 207 209 211 210 208 205 203 205 204 205 206 206 204 203 204 204 203 202 202 202 203 203 203 200 196 194 195 198 199 196 192 196 196 194 192 192 193 193 191 192 192 191 191 190 189 188 187 188 185 184 175 133 61 10 15 73 141 175 182 183 181 186 181 183 180 176 173 172 172 169 165 161 159 163 152 113 56 11 10 50 95 115 116 112 103 96 86 81 78 64 63 60 37 13 4 3 2 5 14 31 58 82 89 102 112 121 135 132 140 128 98 53 20 18 96 171 196 211 211 216 218 220 220 221 222 222 220 217 222 213 183 91 0 5 5 5 5 5 5 6 6 7 7 8 7 7 8 8 8 10 11 6 4 2 1 0 1 1 1 0 2 1 0 2 8 10 10 6 4 1 1 1 2 1 0 3 0 3 4 64 153 187 189 171 160 147 127 96 63 34 15 5 4 1 10 64 97 75 52 16 1 72 174 169 153 168 124 25 14 11 14 18 23 22 13 12 17 9 4 42 143 172 122 101 64 17 1 2 1 0 0 6 29 61 94 126 146 161 172 166 177 187 196 204 205 202 204 203 206 197 187 161 144 159 176 186 191 199 207 214 213 201 188 176 170 169 173 180 189 196 198 200 194 174 165 158 170 171 164 174 196 199 191 185 171 134 130 129 130 139 157 175 190 201 209 209 212 212 212 219 209 193 201 202 215 217 212 212 212 211 213 
197 195 192 194 192 190 192 188 191 187 188 186 189 183 182 177 163 130 105 86 89 109 107 108 127 131 127 140 132 115 137 165 163 124 39 11 7 4 15 33 48 49 49 47 46 47 47 46 42 40 37 35 35 36 37 39 41 46 47 40 34 33 33 31 31 33 33 32 32 35 36 33 32 31 28 28 31 31 29 31 30 25 27 24 23 20 13 22 36 60 98 122 131 125 110 118 109 121 160 193 203 206 196 186 171 162 179 181 190 183 188 194 192 192 194 192 186 191 199 199 185 187 163 176 175 167 163 173 173 176 184 194 203 210 212 212 211 212 212 210 210 207 198 189 178 176 173 172 172 176 180 182 187 186 187 191 196 201 206 208 207 207 207 208 209 210 209 209 209 209 209 208 208 208 208 208 208 208 209 209 209 209 208 207 208 207 207 208 209 205 198 192 192 182 184 173 160 164 193 205 207 209 212 211 208 208 206 202 204 205 206 205 203 203 204 204 205 204 204 205 203 201 199 199 199 198 199 199 198 195 195 196 196 197 197 197 196 194 194 194 196 194 193 194 193 191 190 191 189 188 186 182 163 103 33 4 34 106 169 182 186 183 186 182 183 180 178 176 175 173 171 169 166 166 160 155 140 91 43 26 54 88 118 122 117 109 100 96 92 82 73 70 64 53 32 11 3 2 2 6 10 22 40 58 72 87 96 99 99 86 61 40 12 13 55 129 180 200 206 208 213 216 219 221 220 219 220 221 221 222 205 171 64 0 9 5 6 6 5 5 5 7 7 6 7 8 8 9 8 8 9 10 11 6 1 1 1 1 0 0 2 2 1 3 0 8 3 38 57 23 1 2 3 1 2 1 2 5 5 38 113 157 167 162 139 100 61 41 11 5 9 1 6 4 2 102 202 190 122 149 101 0 62 183 117 78 73 49 26 26 22 22 32 36 27 16 22 23 13 8 105 208 158 69 73 144 112 15 4 83 97 47 21 10 1 0 20 45 77 128 156 177 178 184 200 198 193 201 204 211 204 198 192 169 166 197 189 188 193 194 199 196 200 193 174 180 187 188 185 185 192 199 206 207 196 174 155 149 153 156 161 170 188 195 188 184 174 156 128 117 118 138 162 181 198 207 213 219 218 216 217 215 201 189 194 199 207 206 211 214 207 215 
191 194 191 192 193 190 192 189 187 188 190 182 186 186 183 171 148 105 79 75 95 115 112 115 124 131 135 134 121 131 159 159 151 97 23 8 8 5 17 40 51 53 53 51 50 48 46 44 43 43 42 39 37 35 37 38 43 41 36 32 32 34 32 29 31 32 33 34 34 35 35 33 35 35 30 27 27 25 25 27 25 28 38 35 27 22 30 55 106 134 159 170 171 157 129 101 104 89 113 156 184 192 184 180 183 182 199 201 210 200 196 185 182 180 174 163 161 173 186 189 183 182 166 174 187 189 185 189 201 201 202 206 209 212 213 213 212 212 213 212 205 190 176 166 166 174 184 194 201 205 206 206 208 207 207 208 209 211 212 212 208 208 208 209 210 210 210 209 210 210 209 209 209 209 209 209 208 209 209 209 209 209 208 207 209 208 208 209 211 210 206 202 187 179 174 164 161 174 191 191 206 207 209 212 212 209 205 204 206 206 207 205 205 204 205 205 205 205 204 203 202 200 201 203 200 200 200 199 199 197 196 195 198 198 199 199 198 197 196 196 196 195 194 195 194 192 191 192 192 193 188 186 178 138 68 12 10 68 140 176 187 185 186 186 184 182 179 177 176 175 173 171 170 169 164 163 156 126 92 79 79 95 111 117 120 117 107 99 95 86 77 73 71 64 49 33 15 8 1 1 2 5 12 18 27 35 40 40 37 26 12 5 13 44 100 156 185 196 203 207 210 213 216 219 219 220 220 221 221 214 196 158 47 1 6 7 5 5 6 6 7 8 7 7 7 8 8 8 8 8 9 11 10 6 1 1 1 1 1 0 1 3 0 4 3 3 4 58 127 86 23 1 2 4 1 2 0 13 11 43 85 100 101 72 36 6 1 26 23 6 7 50 75 16 16 161 199 94 1 89 124 21 12 144 166 147 145 62 20 22 30 36 32 23 21 24 21 32 31 4 57 167 118 48 6 69 125 20 59 192 150 100 112 116 41 8 2 0 3 10 43 81 131 165 171 181 187 197 209 213 217 214 199 182 180 187 192 179 170 181 188 202 200 200 201 192 185 183 186 190 196 202 209 209 201 181 162 150 148 147 145 156 174 185 188 194 193 184 164 144 136 154 178 194 204 208 204 208 211 212 213 210 202 190 184 197 199 209 215 214 219 218 
188 195 190 188 190 187 187 186 185 186 188 182 183 183 179 167 153 107 98 103 110 134 141 127 131 131 119 109 121 143 150 136 114 58 9 6 7 8 22 48 51 53 55 54 54 52 49 46 39 42 43 42 39 37 38 40 43 38 33 31 32 34 33 31 34 34 34 36 36 34 33 32 31 32 31 28 27 25 24 26 29 28 30 36 58 89 115 137 137 163 176 188 193 184 156 108 95 91 109 135 161 183 188 185 188 195 209 211 219 208 196 169 143 155 158 156 162 179 190 195 187 183 173 178 201 210 210 210 215 216 216 216 216 215 215 214 214 213 209 198 179 165 164 171 188 196 205 211 212 212 211 211 210 210 210 211 211 211 210 209 210 210 210 210 211 211 210 210 210 210 210 210 209 210 210 210 209 210 210 210 209 209 208 208 209 208 207 209 211 212 210 208 191 160 133 138 143 141 143 161 186 199 209 210 212 208 206 208 207 207 205 205 206 206 205 205 204 203 203 203 202 200 199 199 199 201 201 200 199 199 198 196 199 200 200 200 199 198 198 198 197 196 196 196 196 194 194 194 192 195 189 189 187 170 113 38 9 31 105 160 185 186 185 185 185 183 181 180 179 177 175 173 174 171 167 166 163 153 134 120 112 108 109 116 122 121 111 102 102 94 85 79 75 71 64 56 38 25 11 4 2 1 2 3 5 6 6 5 3 1 5 16 46 95 150 178 187 193 200 204 206 209 212 216 218 220 221 221 218 211 195 158 82 9 4 3 4 4 5 6 6 6 6 7 8 8 8 8 8 8 10 11 8 5 1 1 2 1 1 1 0 4 0 2 5 1 3 59 147 158 92 14 0 4 0 3 17 8 12 21 27 31 14 5 6 35 91 158 151 40 1 79 175 77 0 137 159 22 4 79 145 93 0 98 192 128 111 84 58 38 34 48 49 38 31 31 23 39 24 54 78 57 92 122 102 48 33 5 107 204 119 35 52 105 75 4 1 24 36 13 5 1 15 58 106 155 176 196 198 205 208 198 191 194 190 175 174 158 156 170 183 205 206 214 212 201 189 180 176 178 186 195 200 205 206 195 177 155 139 130 154 154 158 171 192 207 206 196 175 158 155 174 196 204 204 202 197 196 200 205 207 210 209 202 188 196 200 213 219 219 225 218 
183 195 191 187 191 187 186 187 188 182 184 186 183 178 177 172 160 145 123 107 112 112 108 123 137 119 99 99 121 133 121 113 76 29 7 9 8 17 34 55 53 54 54 53 53 53 51 48 40 42 44 43 40 39 39 40 41 39 37 36 33 32 32 34 38 36 35 37 35 32 30 30 28 29 27 24 24 21 19 21 21 17 23 54 113 166 185 186 189 185 179 180 182 178 164 135 122 122 141 157 161 165 173 186 196 204 208 208 210 197 184 152 129 152 167 177 181 188 186 189 183 173 155 174 203 213 216 215 213 216 217 215 212 207 204 201 200 197 188 174 162 163 180 197 210 212 214 212 208 207 208 210 206 206 207 209 210 211 211 210 211 211 211 211 211 211 211 210 211 210 210 210 210 210 210 210 211 211 211 211 210 210 209 209 210 209 209 209 211 211 210 208 195 176 117 100 127 132 107 115 147 184 205 205 206 208 207 208 208 206 204 204 205 205 204 204 202 200 200 203 204 202 195 190 194 200 202 201 200 200 200 197 199 200 201 201 200 199 199 199 198 198 197 197 197 196 196 196 192 195 190 191 187 182 152 80 19 5 64 136 178 186 186 187 185 184 182 181 181 180 177 175 176 172 170 167 164 160 147 129 116 101 95 106 121 126 120 114 107 99 91 84 77 73 70 65 63 52 36 23 14 7 4 4 4 4 3 4 10 21 42 64 102 141 170 178 184 192 197 199 203 205 209 213 217 220 221 221 218 210 205 182 149 58 4 5 7 6 5 5 5 4 6 8 8 8 8 8 9 9 10 11 7 4 0 1 2 1 1 1 0 5 0 0 1 3 2 30 110 158 113 24 0 5 6 8 2 10 11 15 17 16 14 16 115 175 191 210 153 49 8 1 127 160 13 61 166 98 10 63 166 182 35 36 169 153 139 175 183 90 28 37 54 45 36 34 41 35 8 69 165 99 45 60 172 170 30 31 172 186 122 114 39 1 17 8 24 148 160 101 57 24 2 1 3 34 84 130 166 179 185 192 202 197 180 171 156 140 151 159 184 203 212 218 213 197 179 169 172 179 181 182 194 196 199 196 188 173 160 153 158 160 163 169 185 198 205 208 187 176 176 193 210 215 207 197 194 189 197 206 209 216 221 215 202 191 200 207 213 220 214 213 
165 185 188 187 188 185 184 185 186 179 180 183 177 177 180 178 176 161 131 103 94 87 95 124 123 105 105 109 106 111 113 108 63 18 9 12 11 25 46 63 58 56 53 51 50 50 48 46 47 47 46 44 41 39 38 38 41 39 38 35 31 29 31 34 39 36 34 35 33 29 27 28 28 26 23 23 26 25 25 29 28 39 57 92 143 187 211 215 208 194 191 187 180 170 152 139 156 163 179 183 178 176 176 183 185 191 195 198 203 195 190 168 141 158 168 181 186 190 183 185 163 139 110 154 193 209 211 205 201 203 202 196 190 186 183 182 180 177 173 171 177 191 204 210 209 210 211 211 211 211 213 213 211 211 211 211 212 213 213 213 211 211 211 212 211 211 211 211 211 210 210 210 210 210 211 211 212 212 212 212 211 211 210 210 212 212 212 212 213 212 211 209 202 184 160 137 118 135 132 105 132 174 202 205 207 208 205 205 204 202 201 201 202 203 203 203 202 201 201 202 201 194 187 183 189 197 203 202 200 200 201 199 200 201 202 202 201 200 200 200 198 199 198 198 197 197 197 197 197 195 192 195 188 187 176 127 49 3 33 100 161 184 187 187 186 184 183 183 182 181 178 176 177 173 173 170 166 166 157 138 109 78 62 79 108 128 128 117 107 101 95 89 82 77 75 71 72 68 60 51 43 34 29 27 24 27 29 35 51 71 94 113 142 158 170 174 182 187 192 196 200 202 206 211 216 219 220 220 221 213 212 207 189 141 31 6 7 6 6 7 7 6 7 9 8 8 8 8 9 9 10 11 5 3 0 1 2 1 1 2 1 2 1 2 0 4 3 6 47 70 45 9 6 6 2 4 12 12 19 21 30 22 3 14 144 165 136 164 79 15 19 4 31 167 104 2 83 157 128 131 195 206 60 0 98 158 143 126 128 71 27 22 33 46 50 44 40 30 16 3 55 130 137 147 204 194 30 54 201 144 59 113 59 7 12 4 117 201 143 62 92 113 56 2 5 0 4 23 74 127 163 167 178 191 187 174 159 141 146 146 171 195 203 205 205 195 182 172 177 186 189 187 186 193 206 214 211 195 177 164 165 171 174 174 178 185 195 204 203 194 190 197 209 219 218 209 199 194 202 211 213 217 220 214 209 188 187 193 200 209 208 211 
151 176 187 186 184 181 180 178 174 168 166 167 161 173 178 172 163 137 114 88 66 79 104 107 115 127 132 122 109 113 121 115 62 13 5 10 12 28 52 66 59 56 53 50 50 51 49 46 46 45 44 42 40 39 38 38 44 40 34 31 31 32 34 34 38 35 33 32 30 28 26 26 23 22 23 28 31 30 35 46 64 109 143 156 168 189 212 218 220 208 207 197 189 190 183 186 185 198 208 200 197 202 197 191 197 197 196 195 192 184 178 165 162 161 153 162 162 166 154 151 130 97 65 117 165 190 189 183 180 181 179 173 171 173 177 179 180 184 187 192 202 212 215 212 212 211 211 212 213 213 212 211 213 212 211 211 211 212 212 212 211 211 212 212 211 211 211 211 211 211 210 210 210 211 211 211 212 212 212 212 212 212 211 211 212 212 213 213 214 213 212 211 212 212 202 188 169 153 153 170 163 183 200 207 210 204 195 194 193 192 192 192 194 196 198 198 203 204 204 199 189 181 179 181 190 197 203 203 201 200 201 201 202 203 204 204 203 202 202 202 199 199 199 198 198 198 198 197 200 194 192 198 192 191 187 158 94 23 7 56 132 178 189 185 186 185 184 184 184 182 179 177 178 175 175 173 169 170 164 150 108 58 25 41 87 125 133 119 117 110 104 99 90 83 79 76 72 70 68 67 67 66 65 65 64 71 77 85 98 115 129 139 146 156 166 174 179 180 187 195 196 199 204 209 213 216 218 219 220 222 214 219 210 186 104 8 4 3 4 7 8 7 6 7 7 7 8 9 10 10 10 10 4 2 0 1 2 1 1 1 2 0 2 6 1 1 3 2 1 5 0 1 6 4 8 13 23 27 33 99 156 147 120 43 21 29 2 114 159 63 12 10 0 80 185 60 2 42 116 158 175 121 24 3 14 16 8 5 11 22 27 17 10 22 28 19 24 20 16 6 1 9 42 90 132 82 8 32 138 140 100 111 85 28 4 82 183 187 110 44 65 180 144 22 1 7 16 1 0 19 67 121 157 174 178 175 169 158 148 144 147 175 186 195 201 206 206 196 188 185 185 184 193 197 202 207 205 196 181 171 178 182 186 187 185 186 191 196 208 208 207 200 195 201 212 215 210 205 204 205 202 204 207 206 209 196 180 186 195 200 215 217 
140 165 180 178 170 169 172 168 161 151 145 149 145 160 166 158 141 131 101 79 77 83 92 105 132 154 143 125 123 126 122 107 48 9 5 8 13 32 61 64 58 57 55 54 55 55 52 48 43 43 43 42 41 40 40 41 45 41 35 31 33 38 39 37 39 38 36 33 30 29 26 23 21 20 23 29 35 41 63 91 146 185 201 190 174 176 199 213 218 219 218 212 210 208 204 204 215 213 217 216 212 206 200 205 204 201 202 198 193 189 182 176 161 155 143 149 146 154 142 133 99 72 56 78 109 140 147 158 171 175 178 178 182 189 195 197 202 206 210 212 213 213 214 214 213 212 211 211 212 213 214 215 213 213 212 212 213 214 214 214 211 212 213 213 212 212 212 212 211 211 211 211 211 211 212 212 211 211 211 212 212 212 212 212 211 211 212 212 212 212 211 211 213 210 204 194 184 163 162 179 192 190 189 191 191 187 182 180 178 178 177 177 178 179 182 184 189 191 191 188 182 179 184 190 197 200 203 204 203 201 202 203 204 205 205 205 204 203 202 202 200 201 200 199 198 199 199 197 198 194 195 197 194 194 190 178 131 69 26 45 112 162 186 188 188 187 186 186 186 184 181 178 178 176 175 174 171 170 168 162 124 63 12 14 59 112 138 133 127 120 113 106 96 90 85 80 78 75 71 68 68 70 73 75 81 88 96 101 111 119 127 135 140 148 161 169 172 176 184 189 191 195 201 206 210 213 216 218 218 223 218 222 222 199 174 58 8 4 3 5 7 6 5 6 6 7 8 10 11 11 10 9 4 2 0 1 2 1 1 1 1 0 2 5 3 1 4 4 0 5 5 6 5 14 30 35 25 14 116 219 206 137 125 98 23 4 3 21 135 162 44 23 5 1 116 90 8 7 9 24 29 30 17 18 5 8 13 9 9 3 1 6 7 4 6 11 12 3 10 4 9 4 0 0 3 6 9 3 19 42 86 129 141 38 29 171 201 90 97 162 178 201 149 22 11 95 136 36 2 0 0 25 73 124 154 165 168 162 153 150 145 165 182 196 210 212 213 207 196 182 173 170 177 182 191 199 203 201 190 177 179 190 208 211 198 192 198 206 213 217 220 211 192 185 194 205 212 212 208 200 194 194 200 204 209 210 197 192 195 200 216 219 
118 142 158 155 145 147 156 154 158 139 129 139 136 148 152 148 138 115 94 99 100 86 99 132 144 144 129 121 114 115 114 82 25 6 10 11 15 39 70 63 61 60 59 59 59 58 51 45 45 47 49 47 43 41 41 43 40 41 39 35 36 40 41 39 42 43 41 36 32 30 25 21 18 16 19 30 45 71 122 173 193 206 214 218 196 166 181 209 216 223 215 217 220 217 220 220 216 218 219 215 217 222 218 220 217 212 214 207 201 202 194 191 186 181 168 168 155 162 148 135 93 77 79 63 68 97 118 150 184 192 200 204 209 214 215 213 219 216 214 216 217 214 213 213 213 213 213 213 213 214 214 214 213 213 213 213 213 213 212 211 211 212 213 213 212 212 212 213 212 212 212 212 212 212 212 213 211 211 211 211 211 212 212 212 212 213 213 212 212 211 212 212 212 214 217 207 189 155 158 182 191 180 170 163 163 169 171 167 167 167 167 166 165 165 168 170 169 169 172 177 183 190 197 203 204 203 203 204 204 202 202 203 204 205 205 205 204 203 202 202 200 201 201 199 198 199 199 197 195 197 200 195 193 196 192 188 166 133 94 83 117 147 177 192 189 188 188 187 187 185 182 179 178 177 177 177 175 172 171 171 155 92 30 9 35 88 129 136 133 124 117 111 101 95 91 88 79 79 78 73 68 66 69 71 78 84 91 99 106 110 119 131 143 147 154 161 165 176 184 182 188 192 199 204 208 211 215 217 221 213 221 222 217 215 199 134 18 10 4 4 6 6 6 8 6 7 8 10 12 11 10 9 3 2 0 1 2 1 0 1 0 4 1 0 4 4 4 1 5 3 0 9 22 34 34 18 7 15 165 208 98 33 101 131 99 57 10 0 36 171 130 28 35 35 30 59 62 23 9 3 8 5 5 5 3 9 4 3 3 6 5 4 5 4 2 3 2 11 0 7 1 5 5 7 8 9 2 5 0 0 0 13 40 12 25 150 136 5 13 164 154 97 45 10 100 197 186 47 1 43 42 3 0 31 86 139 160 154 154 155 165 171 191 197 206 210 214 206 186 167 168 181 179 182 185 190 197 203 201 193 196 201 217 222 211 201 200 196 208 205 208 207 196 188 191 199 205 213 214 207 199 197 199 204 209 217 219 198 194 202 203 211 
113 120 131 134 128 133 148 157 161 146 149 150 146 143 137 129 115 109 123 121 90 83 106 119 118 116 104 98 92 93 80 42 13 11 10 13 21 47 69 67 65 59 63 60 59 59 51 53 50 48 47 46 44 45 45 43 44 41 38 37 39 41 42 43 43 44 43 44 40 30 22 24 24 24 32 44 84 144 184 202 210 220 222 218 205 178 173 194 216 216 216 217 217 218 218 219 216 217 218 218 217 217 217 217 217 219 218 216 216 213 209 207 202 200 198 196 192 191 183 171 145 103 91 87 78 105 147 176 188 195 204 210 212 211 212 213 214 214 214 213 213 213 213 214 213 213 213 212 213 213 213 214 212 212 212 213 214 214 213 212 212 212 213 213 212 212 213 213 213 212 210 211 213 214 213 212 211 211 211 212 212 212 213 213 211 211 210 210 210 211 211 212 214 213 211 210 199 176 171 187 196 182 159 143 141 147 157 167 166 170 167 170 168 171 159 147 140 136 146 169 189 203 207 207 205 204 203 203 204 204 204 204 206 206 205 206 206 205 202 201 203 203 203 202 201 200 200 199 198 197 197 197 197 196 195 194 179 170 153 145 150 158 171 188 193 187 189 191 187 186 186 183 180 179 179 178 177 176 174 173 163 135 63 6 18 67 111 140 137 130 123 115 105 102 97 88 88 81 78 77 71 67 67 68 74 81 85 93 97 115 118 124 137 144 151 157 166 172 178 183 188 192 197 202 206 210 213 215 215 216 218 217 216 218 203 178 81 5 7 5 8 0 8 4 7 7 8 8 10 12 10 7 1 1 1 1 1 1 1 1 0 4 0 7 0 1 8 0 2 5 8 23 36 33 93 93 18 4 94 173 139 191 221 168 137 171 62 5 2 63 116 61 57 45 30 21 16 12 9 6 9 4 5 4 0 2 4 1 2 2 2 2 2 2 2 2 1 1 1 2 2 2 2 2 4 4 4 5 5 6 6 6 2 6 5 25 22 3 17 148 126 9 7 88 201 200 89 10 104 181 153 84 28 1 3 45 101 146 153 157 173 185 194 193 195 198 203 204 198 184 178 181 188 181 178 187 204 214 212 207 188 198 199 212 219 204 195 191 194 196 209 204 203 209 198 197 206 208 212 214 211 206 207 211 208 206 206 197 185 187 197 202 
126 128 136 146 148 149 159 168 169 165 169 166 156 137 112 98 78 112 124 108 101 102 99 96 97 89 74 74 78 81 66 27 12 10 9 13 27 56 75 70 65 61 62 60 59 58 53 53 57 49 46 47 49 49 46 39 44 42 40 40 42 44 45 45 47 47 42 37 38 37 32 29 39 34 55 103 160 190 201 214 221 217 215 219 211 182 170 189 212 213 214 216 217 218 219 219 217 218 218 218 217 217 216 217 215 217 217 218 220 219 218 218 221 217 214 210 207 209 204 194 174 134 94 91 122 148 156 166 180 188 199 207 210 211 213 215 214 214 214 213 213 213 213 213 213 213 213 213 213 213 213 214 213 213 213 213 214 214 213 212 212 212 213 213 212 212 213 213 213 212 211 211 213 214 213 213 212 212 212 213 213 213 213 213 212 212 211 211 211 212 212 213 210 212 212 211 208 197 190 197 190 178 160 149 144 142 144 151 162 162 166 171 166 157 146 143 132 135 149 170 190 204 207 204 205 204 203 204 204 205 205 204 206 205 205 205 205 205 204 203 204 203 203 203 202 201 200 200 198 198 197 197 197 196 195 194 188 175 165 168 174 170 171 184 192 190 190 189 187 188 187 184 182 181 180 180 179 177 175 174 169 153 101 38 9 32 87 132 144 137 128 120 112 108 101 94 93 85 81 78 74 72 74 75 71 76 82 90 95 112 116 124 132 140 147 153 161 169 175 182 186 190 195 199 204 207 211 213 215 215 217 216 214 216 206 187 137 37 2 1 5 7 6 7 6 7 7 7 10 12 9 6 1 1 1 1 1 1 1 1 2 2 4 0 12 2 0 8 3 18 35 28 45 146 224 206 45 1 11 79 151 165 137 88 149 227 135 37 67 39 31 34 15 10 6 6 9 8 6 5 2 2 2 3 6 6 2 0 2 2 2 2 2 2 2 2 1 2 2 2 2 2 2 2 3 3 3 3 4 4 4 4 4 9 1 5 9 11 4 58 67 23 62 197 203 114 20 122 199 183 79 93 116 77 11 0 20 68 134 146 157 184 185 196 193 192 204 210 204 205 203 187 180 181 184 192 200 205 206 206 189 183 194 204 213 214 199 193 190 199 211 214 215 216 215 214 198 194 194 201 208 209 206 205 199 194 197 200 193 184 189 200 
143 150 159 166 169 168 169 174 180 170 166 156 137 111 82 69 87 105 110 115 130 119 92 83 87 90 88 87 85 80 63 28 10 8 10 16 34 64 77 68 68 66 61 62 61 57 56 54 52 51 53 53 46 41 42 43 44 43 43 44 46 47 47 47 48 48 46 43 37 32 38 52 47 75 127 173 193 204 215 211 203 210 215 214 201 176 176 201 214 215 216 217 217 217 217 217 217 218 219 218 217 216 216 217 216 217 217 218 219 219 219 220 217 220 221 219 215 217 216 209 194 153 98 100 153 179 180 186 187 193 203 210 211 212 213 213 214 214 213 213 213 213 213 213 213 213 213 213 213 213 214 214 214 214 213 213 213 214 213 213 212 212 213 213 212 212 213 214 213 212 211 212 213 214 214 213 212 212 213 213 213 213 214 214 214 213 212 211 211 212 213 213 210 214 213 210 213 212 204 196 181 174 169 166 161 149 139 135 138 153 162 153 145 141 141 136 145 149 158 168 181 198 206 204 205 205 204 204 205 206 206 205 206 205 204 204 204 205 205 205 204 204 204 204 203 202 201 201 200 199 198 198 198 197 196 195 193 180 170 173 177 172 168 172 187 193 192 188 189 191 189 186 185 184 183 182 181 179 177 176 175 166 136 77 16 7 57 112 143 141 133 124 119 113 106 100 97 91 88 87 81 75 71 68 74 76 80 87 91 105 110 119 126 135 142 148 156 164 173 180 184 187 193 198 202 205 208 211 213 214 216 216 214 212 206 195 169 102 11 8 7 6 4 1 6 6 7 7 9 11 9 5 1 1 1 1 1 1 1 1 3 1 2 5 0 2 5 3 27 45 22 45 177 217 195 119 55 30 14 1 18 92 152 199 228 205 109 61 43 31 5 9 10 6 4 4 5 4 3 3 0 4 2 1 4 1 0 4 2 2 2 2 2 2 2 1 2 2 2 2 2 1 1 1 1 1 1 1 1 2 2 2 5 6 2 3 4 10 1 3 17 7 55 177 135 21 137 198 176 128 71 9 70 105 27 0 0 0 42 103 144 157 164 168 185 193 205 214 220 214 196 178 176 169 165 171 184 195 201 202 196 182 190 200 209 220 209 196 195 201 205 214 217 214 214 210 204 193 186 191 202 211 214 214 206 197 192 196 197 192 194 206 
150 171 180 177 176 176 173 172 164 168 153 135 123 88 56 66 88 90 109 137 147 135 116 109 104 104 102 97 92 81 53 19 10 9 14 21 42 70 76 65 71 71 62 64 63 57 59 55 55 49 48 50 48 45 44 42 45 45 45 47 49 49 48 46 45 46 43 38 38 41 48 57 88 149 186 197 209 212 202 181 179 190 190 182 177 175 185 204 217 217 217 217 216 216 216 215 217 217 218 218 217 217 217 217 219 218 218 218 217 217 216 214 212 213 216 219 217 215 213 208 194 162 132 154 188 199 201 199 203 207 212 214 214 213 212 212 214 214 213 213 213 213 213 213 213 213 213 213 213 214 214 214 215 214 213 212 213 213 213 213 212 213 213 213 213 212 213 214 213 212 212 213 214 214 214 213 212 212 212 212 213 213 213 213 214 213 212 211 210 211 212 213 213 216 213 209 212 215 204 188 175 173 175 178 175 165 149 136 123 118 123 125 132 129 141 152 165 165 165 165 170 187 202 207 206 205 205 205 206 207 206 206 206 205 205 205 205 205 205 205 204 204 204 204 203 203 202 202 201 200 199 199 199 198 197 196 196 190 178 169 170 176 174 167 179 192 194 189 191 192 190 189 187 186 185 184 183 181 179 177 179 172 156 113 47 6 33 86 131 141 138 128 125 121 113 109 96 93 92 91 87 82 76 70 79 77 81 86 90 99 105 115 122 131 138 144 153 163 171 179 181 184 190 196 200 204 206 209 211 213 216 217 216 212 205 199 187 166 63 4 3 3 7 4 6 6 7 7 9 10 8 4 1 1 1 1 1 1 2 2 1 4 6 3 0 8 5 27 48 35 7 38 189 184 108 147 191 74 10 44 7 49 135 154 126 60 19 16 7 16 19 15 10 7 4 3 3 3 3 3 2 3 3 1 0 0 1 4 2 2 2 2 1 1 1 1 2 2 2 2 1 1 1 1 1 1 1 1 1 1 1 1 4 2 4 8 4 3 6 5 4 3 8 38 18 56 189 187 56 74 125 17 3 26 8 6 11 6 3 14 74 132 154 146 163 193 205 201 210 210 192 177 170 175 182 187 188 189 194 201 208 202 191 197 205 212 218 205 201 199 198 204 207 205 205 205 209 202 195 194 198 204 212 217 212 210 203 201 208 205 194 189 
154 173 180 175 174 176 173 171 168 153 141 118 91 81 81 86 86 112 144 149 134 127 119 104 103 93 88 81 70 50 28 12 10 10 18 25 47 74 77 72 73 72 64 65 64 58 60 56 56 50 49 50 49 49 50 49 48 48 48 50 51 50 48 46 45 43 42 43 44 50 74 104 159 185 207 219 216 215 198 154 116 145 169 176 179 187 201 216 215 214 214 214 214 215 216 216 216 216 217 217 217 217 217 218 219 218 219 219 218 219 214 204 195 189 193 201 203 201 196 191 183 169 170 200 215 213 216 205 212 212 214 214 213 213 212 213 214 214 213 213 213 213 213 213 213 213 214 214 214 214 214 214 215 214 212 212 212 213 213 213 213 213 214 213 213 212 213 213 213 213 213 213 214 214 214 214 212 212 212 212 212 213 213 213 214 213 212 211 211 211 212 213 213 213 212 210 213 214 204 190 174 172 173 175 175 173 160 143 117 91 82 93 124 137 154 165 166 165 165 164 166 180 198 207 206 206 206 206 207 207 207 206 206 206 207 207 206 206 205 204 204 204 204 204 203 203 202 202 202 201 200 200 200 199 198 198 194 196 188 174 170 179 179 169 172 187 194 191 193 193 191 191 190 189 187 186 184 183 181 179 176 177 171 146 88 27 25 72 118 139 144 133 128 127 121 117 107 101 97 94 91 90 85 79 81 78 84 87 92 97 105 116 120 128 135 142 152 162 168 174 180 184 190 194 199 202 206 208 211 212 213 216 218 214 209 206 209 192 142 26 1 10 6 7 6 6 7 7 9 10 7 3 1 1 1 1 2 2 2 2 1 5 4 2 9 3 28 41 34 13 11 1 44 140 184 224 180 76 128 186 84 18 39 46 8 4 15 9 19 8 11 4 1 0 1 4 5 2 1 1 3 0 1 4 2 3 5 0 2 2 2 1 1 1 1 0 2 2 2 1 1 1 1 1 2 2 2 2 1 1 1 1 1 3 1 0 1 1 8 4 7 8 1 2 6 7 75 122 99 55 43 19 6 5 18 100 140 102 53 8 1 49 126 144 143 157 179 196 197 199 199 192 183 184 185 186 182 184 194 205 212 213 195 187 193 202 216 219 201 189 191 191 197 204 203 213 211 213 213 211 205 200 199 201 212 217 212 206 208 203 186 171 
170 173 173 173 175 174 169 164 150 124 116 107 93 96 92 75 105 127 140 134 123 109 95 85 75 61 62 64 52 27 10 17 8 7 19 28 51 76 79 80 73 71 66 66 64 60 59 57 53 53 54 51 47 48 54 57 51 50 50 50 50 49 47 44 38 42 44 45 54 81 131 176 194 211 215 217 222 213 194 183 167 161 157 164 182 198 209 216 215 215 215 215 215 215 216 216 216 217 217 218 217 217 217 218 219 217 219 219 219 219 207 187 142 154 173 187 186 182 183 183 182 190 198 208 216 216 217 217 214 214 214 213 212 213 213 214 214 214 214 213 213 213 214 214 213 214 214 214 214 214 214 214 215 213 212 212 212 213 213 213 213 214 214 213 213 212 212 213 212 213 213 213 214 214 214 214 213 213 213 213 213 213 213 213 214 213 213 212 212 213 213 214 213 211 211 212 211 211 205 193 173 169 172 174 172 169 158 139 112 94 80 88 117 144 160 165 164 164 165 164 166 178 198 207 207 206 206 206 207 207 206 205 206 207 208 208 207 205 204 204 204 204 204 204 203 203 202 202 203 202 201 200 200 200 199 198 196 195 190 180 171 175 179 176 170 181 191 193 194 193 192 192 192 190 189 187 186 185 183 181 177 180 176 164 130 72 53 82 116 135 143 136 129 128 125 120 116 110 105 100 98 98 92 83 86 83 90 90 94 97 104 112 119 126 133 141 151 159 165 169 178 182 188 193 197 199 204 206 212 213 211 213 217 217 215 216 214 210 183 102 8 8 1 6 6 6 7 7 8 10 7 3 1 1 1 1 2 2 2 2 5 0 1 2 9 24 36 37 88 143 115 81 2 18 145 185 119 170 233 206 116 70 56 15 8 12 13 17 6 10 10 3 8 5 3 4 3 2 1 1 3 0 2 2 0 0 2 0 2 2 2 1 1 1 1 1 1 1 1 1 1 1 1 1 1 1 1 1 1 1 1 1 1 2 0 0 3 0 0 0 6 7 8 9 4 3 1 23 113 152 49 4 9 15 63 205 178 100 95 64 23 0 28 108 136 142 152 171 193 205 207 209 202 194 186 186 188 190 193 197 204 205 198 180 182 195 203 222 212 189 186 185 199 214 209 216 215 217 219 216 209 200 192 189 203 210 213 210 207 199 188 181 
180 175 173 174 173 168 157 144 117 104 77 75 102 93 68 84 124 125 115 109 107 83 60 61 58 45 45 53 56 41 14 9 7 7 22 35 58 80 78 82 74 70 70 68 67 64 59 59 61 54 49 48 52 58 59 52 49 48 47 46 46 44 42 40 33 45 47 52 91 150 189 202 219 216 219 217 215 220 216 208 202 190 180 180 183 188 199 213 215 216 216 217 217 217 216 216 217 218 219 218 218 217 217 217 218 217 219 218 218 217 197 166 126 156 188 197 190 190 197 200 203 213 221 219 217 215 211 214 216 215 214 213 213 213 213 213 215 214 214 214 214 214 214 214 214 214 214 215 215 215 214 214 214 213 213 213 213 214 214 214 214 214 214 214 213 212 212 212 212 212 213 213 213 213 213 213 213 213 213 213 213 213 213 213 213 213 213 213 213 213 213 213 212 210 211 212 210 210 206 195 178 170 171 172 164 156 147 135 128 121 118 125 129 135 146 163 164 168 169 166 168 183 202 209 207 206 206 206 207 206 205 205 206 207 207 207 206 205 204 204 204 204 204 204 204 203 203 202 203 202 201 200 200 200 200 199 200 196 195 187 176 174 181 184 172 176 186 194 195 193 193 193 193 192 190 189 188 186 185 184 181 180 176 174 160 127 107 112 126 132 137 135 129 125 121 115 105 102 100 99 102 104 101 92 90 88 96 92 96 96 101 107 116 124 131 138 147 156 163 168 174 178 185 189 193 196 201 203 208 212 211 211 217 218 216 219 216 221 196 167 48 3 5 8 5 6 6 6 8 9 6 2 1 1 1 2 2 2 2 2 4 0 8 4 31 53 29 110 226 208 122 176 103 0 4 77 207 228 181 114 61 28 4 15 26 15 8 4 7 1 9 14 9 5 1 0 0 2 3 4 1 5 2 2 10 8 1 2 2 2 2 2 2 2 2 2 1 1 1 1 1 1 1 1 1 1 1 1 1 1 1 1 1 0 0 5 2 0 0 3 0 1 3 2 3 6 0 2 5 67 48 9 76 128 59 154 127 8 1 113 120 13 1 15 90 135 143 132 162 202 214 216 213 198 182 173 170 172 180 189 193 196 201 190 185 191 192 202 211 191 181 184 200 212 210 212 211 209 208 206 204 201 196 192 193 201 212 218 215 210 203 196 
174 173 174 171 165 162 145 121 89 64 63 84 91 70 63 87 89 103 102 90 83 74 64 63 61 60 63 59 62 54 25 8 10 11 29 45 68 85 76 79 76 70 74 71 69 68 59 60 60 60 58 53 52 58 61 57 45 44 42 41 40 39 37 35 44 44 61 106 157 191 208 219 220 217 220 216 217 220 213 218 216 207 198 188 177 171 178 190 209 211 214 217 218 218 218 217 219 220 220 219 218 217 217 217 216 215 218 219 218 218 195 158 160 188 212 211 204 211 218 215 222 212 217 218 216 218 213 213 215 214 213 213 214 214 214 214 215 215 214 214 214 214 214 214 214 214 214 215 215 215 214 214 214 213 213 213 214 215 214 214 215 215 215 214 213 212 212 212 212 212 213 213 213 213 213 213 212 212 212 212 212 212 212 212 211 212 212 212 213 213 212 212 210 209 211 212 210 213 211 199 188 172 167 165 152 142 140 137 145 160 163 156 140 143 143 144 158 168 174 171 173 190 205 206 207 206 206 206 206 206 205 204 206 206 206 205 204 204 205 206 205 205 205 205 204 204 203 203 204 203 201 201 200 200 200 199 196 196 199 194 180 177 180 180 176 173 182 195 196 194 194 192 194 193 191 190 189 187 186 185 184 181 182 179 169 159 148 138 140 132 132 135 129 122 117 112 103 98 93 90 93 101 101 95 89 88 97 92 97 97 102 107 114 124 131 137 145 153 162 169 171 175 181 187 191 194 198 200 203 211 212 211 216 216 214 217 218 211 218 193 119 16 7 1 5 5 6 6 7 8 5 1 1 1 1 2 2 2 2 3 5 3 1 37 63 24 82 214 214 90 88 207 178 112 83 8 78 148 93 55 35 5 18 17 8 1 6 5 12 5 6 5 7 5 3 3 5 4 2 1 0 5 0 8 41 36 7 0 2 2 2 2 2 2 2 2 1 1 1 1 1 1 1 1 1 1 1 1 1 2 2 2 1 0 2 2 0 4 2 0 4 0 1 5 2 5 3 7 2 1 30 11 85 207 57 30 131 116 4 74 152 28 1 3 9 73 123 131 135 164 193 209 206 188 174 178 188 191 187 182 186 196 203 208 196 187 189 177 179 175 170 175 182 187 199 204 205 204 204 205 207 209 208 205 200 202 208 209 209 217 218 209 
174 175 169 172 160 142 125 90 64 52 78 83 87 98 95 80 78 97 97 89 78 78 70 69 77 71 65 65 60 40 17 6 5 13 34 55 70 84 85 80 76 73 71 69 67 64 63 63 61 62 51 53 56 61 52 51 44 46 38 34 33 30 32 34 48 61 110 169 193 206 224 219 219 218 217 216 217 217 217 217 220 220 215 209 194 166 157 172 191 197 205 212 219 221 220 218 220 220 219 220 220 220 218 217 216 218 215 217 217 204 173 133 138 187 193 190 195 194 208 215 217 216 217 217 216 214 213 213 214 214 214 213 213 213 214 215 214 214 214 214 214 213 214 214 215 215 216 216 215 215 215 215 214 214 214 214 214 214 214 215 215 214 214 213 213 212 212 211 212 212 213 213 212 212 211 210 212 212 212 212 212 212 211 211 210 211 212 213 213 213 212 211 211 212 212 210 210 213 212 209 197 179 158 146 142 142 148 155 173 171 171 170 163 151 142 140 141 151 163 174 186 197 205 209 208 207 207 207 206 206 207 207 206 206 206 205 205 204 204 203 205 204 203 203 204 204 204 203 204 203 203 203 203 203 202 200 199 199 195 198 193 178 174 176 170 176 174 186 197 195 195 189 191 191 190 191 190 189 187 186 185 188 182 180 178 166 154 141 125 128 131 145 144 138 136 123 110 103 96 94 98 105 103 94 87 86 87 92 98 102 102 101 112 124 125 133 145 145 144 147 142 144 152 163 177 186 189 199 198 209 209 210 212 216 220 211 217 211 219 206 168 67 1 9 2 7 5 7 8 4 2 2 2 0 0 8 0 1 1 3 4 0 19 58 57 4 46 193 165 113 218 202 114 124 177 100 62 93 44 8 13 28 11 7 3 8 7 6 14 11 14 0 2 1 8 2 3 7 7 0 0 6 1 9 30 9 1 3 1 3 26 54 24 0 1 4 4 1 1 4 1 4 3 0 1 0 4 1 2 5 0 1 0 0 1 1 1 1 1 1 1 1 1 1 1 2 3 3 5 8 16 0 24 125 137 37 87 194 91 3 53 26 9 6 0 9 58 126 137 126 152 179 200 206 194 186 188 186 188 189 190 200 210 213 206 191 171 156 157 158 166 154 161 182 187 204 204 206 210 211 212 218 221 218 221 211 197 194 195 200 208 206 
170 168 161 163 149 126 99 69 69 80 77 90 119 130 120 100 106 109 99 89 84 81 69 62 64 60 54 52 47 30 13 4 8 12 34 59 78 90 88 83 77 74 71 68 66 63 62 63 60 61 54 53 57 59 52 50 41 43 37 31 28 27 23 24 43 103 166 198 211 218 220 221 217 217 218 218 218 218 218 218 217 219 215 210 195 164 140 137 164 166 178 198 214 219 218 218 220 220 220 220 220 220 219 218 219 219 220 216 205 169 117 92 147 177 177 175 177 171 185 205 214 216 217 216 215 214 213 213 214 215 215 214 213 213 213 214 214 214 214 214 215 215 215 215 216 216 216 215 215 215 215 215 214 214 214 214 214 214 215 215 215 215 214 214 213 213 212 212 212 212 212 212 212 212 212 211 212 212 212 212 212 212 211 211 211 211 212 213 213 213 212 212 210 209 209 209 212 213 210 206 198 181 160 150 151 157 165 169 171 176 177 171 168 165 154 141 137 138 151 174 195 204 206 209 207 209 210 209 206 204 204 203 205 205 206 206 206 205 205 204 205 204 203 203 204 204 204 204 205 204 202 202 202 202 202 202 201 200 195 196 194 182 170 153 148 146 155 178 194 194 194 195 192 191 191 191 191 190 188 187 185 188 184 182 181 173 157 133 101 86 103 136 158 150 150 141 137 127 115 108 106 109 108 101 91 85 81 86 96 100 97 98 102 112 115 128 142 128 106 92 80 71 69 82 108 133 157 181 194 199 204 212 209 207 215 212 211 211 208 210 179 113 22 1 9 1 5 9 5 9 1 1 2 1 3 0 0 9 0 2 0 18 63 52 30 47 31 33 108 192 223 123 1 5 49 119 104 35 9 28 31 16 6 3 11 7 5 4 16 15 6 9 12 52 29 5 6 1 0 2 2 2 6 18 8 2 6 3 6 1 37 47 13 0 4 0 2 25 27 10 11 0 1 5 2 0 1 0 0 0 0 3 1 1 1 1 1 1 1 1 1 1 1 1 1 2 2 3 7 2 0 3 0 27 91 133 182 220 117 9 26 13 14 7 8 1 7 57 122 136 120 135 170 207 216 207 198 187 181 179 180 189 197 202 201 194 175 155 145 141 145 141 141 160 184 203 218 219 221 219 216 216 215 211 209 211 192 165 153 165 181 179 
171 173 167 158 125 94 68 57 72 75 71 108 131 125 112 114 101 95 85 75 72 61 50 43 48 46 40 34 32 21 10 4 5 8 35 63 80 88 84 81 80 77 74 71 68 65 64 65 61 61 59 56 61 59 55 52 47 40 37 29 24 22 16 26 63 127 186 208 220 222 218 220 217 218 218 217 217 217 218 220 218 217 206 188 174 156 143 142 144 142 155 186 210 218 219 221 220 220 220 220 220 220 219 218 221 210 215 215 199 151 114 138 176 192 196 197 195 178 171 187 211 215 218 216 214 214 214 213 215 215 215 215 214 213 213 213 214 214 214 215 215 216 216 216 216 215 215 215 215 215 214 214 214 214 214 214 215 215 216 216 215 215 214 214 214 214 213 213 213 213 212 212 212 212 212 213 212 212 212 212 212 212 212 212 212 212 213 214 214 213 213 212 212 209 209 211 214 211 205 200 193 186 177 173 173 175 176 175 173 178 175 166 164 169 166 157 154 151 158 177 198 207 208 208 207 208 207 205 204 205 206 205 204 204 205 205 204 205 205 204 204 204 203 203 204 204 203 203 205 204 202 201 201 202 202 203 201 201 196 195 195 190 169 135 95 82 105 153 185 192 189 193 193 192 192 192 192 190 189 188 187 189 185 183 183 181 164 132 69 30 52 106 153 152 154 150 144 138 131 123 118 117 116 110 105 100 93 92 97 89 76 74 86 99 107 124 131 98 53 27 9 8 11 19 26 40 80 123 164 187 200 208 208 203 199 196 196 197 194 185 178 139 62 0 5 3 5 7 4 8 0 0 2 0 4 1 2 3 0 2 5 56 57 45 156 193 158 115 32 53 126 159 102 38 84 99 32 2 31 36 11 7 2 6 5 3 3 3 6 10 2 4 34 74 26 0 3 2 8 33 64 24 3 8 8 0 0 0 1 1 21 6 0 5 5 0 17 53 41 1 1 1 4 2 19 10 3 5 3 0 2 2 1 1 1 1 1 1 1 1 1 1 1 1 1 1 2 2 0 2 12 8 1 0 3 40 107 115 46 20 25 24 19 8 10 8 1 2 59 127 130 108 134 181 212 206 182 176 181 178 179 183 185 188 198 203 193 177 159 143 137 145 144 156 187 199 208 210 211 210 208 206 205 204 206 191 183 163 132 138 161 150 
161 163 163 138 103 68 56 65 62 60 81 100 96 95 88 88 75 65 61 56 58 47 44 42 41 40 34 26 25 21 11 5 5 15 48 73 85 89 83 84 83 80 77 74 72 68 67 67 63 60 62 59 66 61 59 53 50 40 40 32 25 27 40 75 102 129 166 205 217 213 216 217 215 215 213 210 206 205 206 208 205 198 181 167 165 170 176 184 177 171 178 199 215 219 219 220 220 220 220 220 221 220 219 218 217 219 222 211 201 187 180 205 208 214 216 216 216 197 173 177 209 215 217 215 213 215 215 213 215 215 216 216 214 213 212 212 214 215 215 215 216 216 216 215 215 215 215 215 214 214 213 213 214 214 214 215 215 216 216 216 214 214 214 214 214 214 214 214 214 213 213 212 212 213 213 214 213 213 213 213 213 213 213 213 213 213 214 214 214 214 213 213 213 210 210 211 208 200 194 192 190 196 202 201 197 191 186 181 180 179 176 172 169 171 177 183 185 186 184 181 187 197 205 208 207 209 210 208 209 210 208 205 205 204 205 204 204 204 203 203 204 204 203 204 204 204 204 203 205 203 202 201 201 202 202 202 201 201 197 195 195 197 179 141 62 22 39 106 165 191 191 198 193 193 192 191 191 191 190 188 190 188 185 184 182 183 174 146 77 16 20 71 131 149 154 152 144 140 136 130 122 122 121 118 119 117 110 105 94 67 40 33 63 90 109 124 116 69 19 1 8 28 53 70 63 37 25 28 90 154 193 194 195 188 174 169 183 188 185 170 172 154 110 38 0 7 7 4 7 3 0 3 3 0 0 7 0 0 3 1 49 67 29 150 241 174 49 159 184 11 2 91 126 108 85 7 24 87 36 11 10 3 6 7 8 4 6 17 8 7 2 3 26 23 2 1 5 0 1 46 80 28 1 0 9 1 29 29 14 10 5 0 2 0 1 6 7 15 8 4 0 3 6 22 56 29 1 0 1 3 7 3 2 1 0 0 0 1 1 1 1 1 1 1 1 1 1 1 3 7 0 5 8 5 8 0 5 17 20 27 22 28 4 26 14 16 12 3 4 60 124 128 115 135 177 203 189 178 187 184 183 184 185 188 198 208 209 203 179 153 135 137 138 148 172 184 195 197 200 201 201 200 201 204 205 202 183 171 166 156 148 146 
168 162 154 114 80 43 40 49 49 55 81 78 58 56 66 58 63 49 46 47 56 53 56 55 48 46 38 29 27 23 12 5 6 18 56 77 88 94 84 83 82 79 76 75 73 70 67 66 63 59 61 61 67 62 60 53 52 46 50 44 47 73 109 159 163 143 122 159 194 200 207 199 198 198 197 194 189 185 185 185 183 175 170 178 194 205 208 208 208 207 209 215 219 220 219 219 220 219 219 220 220 220 219 218 219 222 220 215 212 215 216 216 219 217 221 220 219 200 173 177 210 215 218 215 213 215 216 214 215 215 216 216 215 214 213 212 214 214 215 215 217 216 216 215 214 214 214 214 214 213 213 213 214 214 215 215 215 216 216 216 214 214 214 214 214 214 214 214 214 214 213 213 213 213 214 214 214 214 214 214 214 214 214 214 213 214 214 214 214 214 213 213 211 210 209 206 198 191 191 195 200 208 213 212 208 205 202 199 192 190 191 192 190 188 192 200 203 206 202 191 184 187 195 200 207 208 208 206 204 204 206 207 207 206 206 205 205 204 203 203 204 204 203 204 204 204 204 203 203 203 202 202 203 203 202 201 200 200 198 197 194 198 192 167 103 26 3 58 135 182 191 193 193 192 191 191 191 190 189 188 191 188 186 186 181 181 180 165 118 44 10 37 98 146 155 149 151 146 140 132 122 120 122 122 119 119 117 108 82 39 12 8 33 81 116 128 106 49 9 5 24 78 128 154 154 125 77 29 21 88 159 183 176 166 159 159 174 184 175 176 165 170 149 103 20 0 8 5 8 1 3 4 2 2 0 2 0 5 4 17 72 37 57 207 203 48 18 200 217 58 5 10 77 84 13 26 92 84 4 2 13 10 14 5 3 1 0 8 48 83 43 15 9 4 5 0 0 4 6 36 20 0 5 3 0 12 78 70 6 3 2 4 5 14 10 3 12 7 3 2 0 1 1 21 20 9 0 3 3 8 25 27 2 1 1 1 2 2 2 1 1 1 1 1 1 1 0 0 5 0 3 2 0 4 0 4 7 18 26 21 29 22 17 13 20 23 17 12 1 5 69 126 128 112 126 173 198 194 193 193 188 187 188 196 206 210 210 207 180 163 151 146 148 151 154 166 181 191 199 203 208 209 210 215 214 221 204 188 191 189 166 138 
158 152 139 98 68 42 49 51 45 79 87 72 54 43 66 64 67 59 60 62 64 60 60 57 52 50 42 34 31 23 10 3 4 14 52 75 90 99 84 80 85 80 77 76 76 73 69 66 67 62 65 67 69 65 63 56 57 50 51 56 89 138 176 208 206 179 119 121 164 182 192 186 186 189 192 193 192 189 186 185 183 182 188 203 216 219 216 213 213 216 218 220 219 220 220 220 219 219 219 220 220 220 219 218 222 217 213 223 221 214 217 217 219 216 218 217 208 187 171 187 212 215 217 215 214 214 215 214 214 215 216 216 215 214 214 214 214 215 215 216 216 216 215 215 214 215 215 214 214 214 213 213 214 214 215 215 216 216 216 216 214 214 214 214 214 214 214 214 214 214 214 214 214 214 214 214 214 214 214 214 214 214 214 214 214 214 214 214 214 214 214 213 211 211 208 202 196 194 200 208 211 212 212 211 211 212 210 207 207 206 205 206 207 208 207 206 208 208 207 204 197 189 186 187 193 195 201 207 208 207 206 207 207 207 207 206 206 206 205 205 204 204 204 203 204 204 203 203 202 202 203 204 204 203 202 201 200 200 198 198 194 195 198 188 156 68 4 23 97 165 188 189 192 192 191 191 191 191 190 189 189 188 187 190 184 180 183 177 149 83 20 13 60 126 153 152 149 145 142 137 128 125 126 124 121 119 118 106 68 23 3 4 21 81 126 135 105 43 7 8 45 125 175 185 183 176 144 88 22 29 100 170 175 170 174 175 182 181 173 172 168 175 175 155 77 0 5 7 3 3 1 3 2 0 2 0 2 3 3 56 68 13 17 126 165 130 175 226 153 16 20 83 86 3 27 100 65 1 1 9 1 16 14 3 1 4 3 1 70 110 31 0 1 7 8 23 24 10 9 14 10 1 0 4 1 13 45 24 0 5 5 2 37 79 35 4 2 5 2 1 10 9 3 10 1 1 3 5 0 1 13 11 3 2 1 2 3 4 3 2 1 1 1 1 1 1 0 0 0 8 0 0 4 4 10 7 2 3 36 32 26 35 27 27 25 25 24 14 8 1 16 68 129 127 105 119 173 204 201 194 186 178 177 187 198 201 202 201 185 176 168 164 170 169 158 161 177 194 205 211 217 217 214 216 218 212 214 205 188 193 180 124 
155 153 125 90 60 52 61 53 57 115 112 85 74 76 92 81 81 78 77 77 65 60 54 48 43 42 36 31 28 20 9 5 7 15 55 81 98 105 90 89 92 86 78 77 78 77 72 68 70 68 71 75 69 67 64 61 59 54 61 90 140 182 204 214 211 208 178 156 162 175 186 201 204 207 211 214 215 214 212 211 205 206 212 216 215 214 215 216 219 221 223 222 221 219 218 218 219 218 219 219 220 220 219 218 219 223 223 219 213 205 197 199 204 204 203 196 188 179 184 206 215 216 216 215 214 214 214 214 214 215 216 216 215 215 215 215 214 215 216 216 216 216 216 215 214 214 215 215 215 215 215 215 214 214 215 215 215 215 215 215 215 215 215 215 214 214 214 214 215 215 215 215 215 214 214 214 213 213 213 214 214 214 214 214 214 214 214 214 214 214 214 213 212 213 211 206 203 205 210 214 213 211 209 209 211 211 209 206 212 211 208 206 207 211 210 207 209 207 207 210 208 200 190 184 171 165 169 187 204 209 205 203 206 206 207 207 207 207 206 206 205 204 203 204 204 204 203 202 203 203 203 204 205 204 202 201 201 202 198 199 197 195 198 196 174 112 33 9 57 133 184 193 193 191 191 191 191 191 192 191 189 190 188 189 186 180 181 179 167 126 57 12 33 89 141 156 145 144 144 143 136 131 128 126 127 120 123 111 64 18 3 5 25 86 128 137 113 51 8 3 39 122 171 182 189 197 183 138 60 11 50 137 178 190 194 194 200 190 185 177 186 183 195 188 140 42 3 6 1 2 2 1 2 0 4 3 6 1 29 74 35 4 2 4 40 90 148 197 134 61 70 110 19 13 90 60 19 10 6 4 5 10 9 4 1 1 3 8 47 42 1 6 3 1 13 87 75 16 3 6 3 3 6 4 4 17 10 1 4 1 0 1 52 69 11 1 7 2 10 43 54 14 6 7 9 1 2 1 1 10 11 1 1 1 1 3 4 4 3 1 0 1 1 1 1 1 1 1 0 0 2 0 2 2 0 5 6 3 5 32 32 46 41 31 34 21 20 23 21 6 1 16 79 124 122 104 133 181 195 183 175 171 171 177 186 192 195 197 202 188 171 168 171 170 169 163 178 197 208 209 212 210 204 204 201 200 187 176 170 162 146 121 
149 141 99 79 58 74 78 58 84 112 110 103 98 100 92 89 87 76 65 63 54 55 45 35 27 28 27 25 23 16 8 8 8 15 60 88 102 105 92 97 97 88 79 77 79 78 73 70 71 71 73 79 67 66 63 62 63 70 93 142 186 205 216 222 223 210 208 188 175 184 196 213 221 221 222 222 223 222 220 218 220 219 220 218 215 216 218 215 217 216 217 218 219 218 219 220 218 218 218 219 220 219 219 218 219 216 219 214 206 175 139 149 168 183 190 187 189 193 203 214 217 216 215 215 214 213 213 214 214 215 215 215 215 215 215 216 214 215 216 217 217 217 217 216 214 214 215 216 216 216 216 216 214 214 215 215 215 215 215 215 216 216 215 215 215 215 214 214 215 215 215 215 215 214 214 213 213 213 213 213 213 214 214 214 214 214 214 214 214 214 213 213 212 214 213 211 211 214 214 212 211 210 210 211 211 210 211 212 209 209 209 210 209 208 208 210 208 210 208 207 209 210 202 191 172 139 114 127 158 186 201 207 204 205 205 206 206 206 206 206 205 205 203 204 204 204 203 202 203 203 203 204 204 204 203 202 200 203 198 200 201 197 197 196 190 155 72 9 20 93 165 186 193 191 191 191 192 193 193 192 191 193 187 185 185 180 180 178 176 156 93 19 14 51 122 153 155 151 148 144 135 130 128 126 127 118 124 115 65 18 4 3 33 89 124 136 121 63 13 2 30 109 162 181 184 187 185 161 82 20 25 101 172 196 195 203 204 200 192 198 199 205 201 204 180 100 5 6 4 0 4 2 1 4 1 0 4 6 72 54 3 13 20 11 0 0 15 52 159 150 120 49 10 126 91 13 22 27 4 7 2 4 6 17 32 28 13 8 16 5 5 0 3 1 13 72 33 1 4 0 2 27 73 43 4 6 8 3 0 1 5 5 26 15 1 5 1 0 13 79 56 3 5 2 0 12 36 28 6 6 7 2 0 0 0 2 4 4 2 0 0 1 1 1 1 1 1 1 3 0 0 2 1 1 6 3 8 5 3 6 23 38 39 33 37 39 22 24 35 22 8 1 21 93 135 112 93 130 174 178 178 183 188 192 195 198 202 203 209 202 190 196 184 170 177 162 158 180 191 192 199 200 198 200 193 182 157 139 128 126 123 110 
151 122 95 64 62 81 74 61 93 117 104 99 98 83 83 80 70 60 50 39 31 31 28 21 12 14 17 23 24 18 10 4 7 14 59 89 102 110 102 94 96 84 80 85 83 76 74 75 81 85 80 72 69 68 64 59 68 96 149 189 202 215 224 220 220 223 217 203 181 161 171 202 221 217 221 222 220 220 219 220 219 219 219 219 218 218 217 217 217 218 218 217 217 217 218 218 216 217 218 219 219 219 218 218 218 218 217 220 204 163 129 123 131 156 186 202 206 212 218 219 217 217 216 216 215 214 213 212 216 216 215 215 215 215 215 215 214 214 215 215 216 215 215 214 213 214 216 216 216 215 216 216 215 215 216 216 216 215 215 214 215 215 214 214 214 215 216 216 218 216 214 213 214 214 213 212 216 215 213 213 213 213 214 215 216 211 211 214 216 212 210 210 213 213 214 214 209 210 216 210 213 213 212 212 214 212 210 215 209 209 208 208 209 209 209 208 209 208 207 208 208 208 208 209 196 178 127 84 92 127 163 190 199 204 202 199 208 207 198 208 204 204 206 205 202 203 204 204 203 203 204 203 202 201 202 203 202 202 201 200 200 199 197 196 196 173 124 31 5 50 135 179 193 191 195 194 193 195 192 190 192 190 188 186 186 185 183 182 178 170 138 62 7 28 87 139 155 153 150 146 143 135 126 123 127 120 123 119 74 20 3 5 24 83 127 131 131 82 23 5 12 78 150 174 178 185 189 163 101 17 10 72 159 192 196 199 202 204 197 203 203 207 204 201 192 151 59 0 0 4 1 1 1 4 0 5 6 34 86 24 12 11 24 19 20 13 3 2 21 120 94 0 75 163 73 16 33 13 3 10 0 0 2 13 93 95 21 4 5 3 4 3 6 1 14 17 1 2 2 0 1 43 78 22 2 0 2 3 35 49 16 10 7 3 5 1 1 1 15 33 4 2 0 4 2 42 91 36 1 3 5 1 11 22 15 3 7 0 3 1 2 3 2 2 2 1 0 1 1 1 1 1 1 1 1 1 4 9 7 0 9 21 31 45 47 30 32 19 23 25 15 7 3 39 104 126 108 96 122 181 192 201 201 203 212 213 213 214 211 215 201 181 194 173 128 145 136 147 168 191 199 200 205 200 188 166 136 116 112 121 128 125 
140 107 83 64 72 79 62 66 101 104 92 84 87 80 63 54 43 39 33 28 23 22 21 16 11 10 13 16 18 13 7 2 4 6 52 90 104 107 100 99 102 89 83 85 83 79 78 78 85 83 83 79 69 63 64 66 89 139 186 206 215 222 222 218 223 218 218 220 198 158 149 174 214 218 221 219 218 219 218 224 219 219 219 219 219 219 218 218 217 218 217 217 217 217 218 218 217 217 218 219 219 219 219 218 215 221 218 213 211 204 190 182 168 170 188 210 219 220 219 214 217 217 217 216 215 215 214 213 216 216 216 215 215 215 215 215 214 214 215 215 215 215 215 214 214 215 216 216 216 215 215 216 216 216 215 215 215 215 215 215 215 215 215 214 214 215 215 216 214 214 214 214 214 214 213 212 214 214 213 213 213 214 214 214 212 217 213 208 210 211 210 212 209 217 210 208 216 212 208 216 209 213 214 214 214 212 209 212 209 209 208 208 209 209 208 208 209 207 207 208 208 208 208 209 205 207 192 151 97 58 80 130 174 182 201 205 200 203 204 202 208 205 205 204 202 202 202 202 203 203 203 203 202 202 202 203 203 202 201 200 199 198 197 195 196 188 154 76 13 20 90 159 189 191 193 195 195 193 192 192 192 190 188 187 187 186 184 182 183 175 158 96 32 21 64 115 148 151 149 145 142 136 129 124 119 124 125 120 86 33 5 2 12 65 114 132 136 106 46 5 3 49 121 165 176 178 183 163 91 17 4 55 144 186 195 198 198 204 203 207 205 203 194 190 191 177 67 3 3 2 0 3 0 5 0 33 25 71 59 5 6 25 35 17 16 14 18 21 73 99 15 20 87 52 6 24 23 8 6 0 2 3 6 13 100 55 3 0 2 3 28 67 44 15 7 6 6 1 2 3 5 31 19 0 0 3 1 10 80 72 22 0 3 3 7 21 23 10 11 4 5 0 2 3 4 22 33 9 2 3 0 7 57 59 19 1 6 7 1 6 2 4 3 0 0 0 2 1 1 1 1 1 1 1 1 1 1 5 8 5 7 11 28 58 46 37 34 18 20 25 20 10 2 7 59 117 128 102 99 134 198 207 219 211 214 212 207 211 202 199 190 181 185 177 134 99 110 131 153 178 204 213 208 208 185 156 125 115 123 142 157 160 
128 94 66 53 68 66 49 70 89 80 78 63 58 55 35 34 21 22 25 26 23 23 23 21 13 11 12 14 15 12 8 4 7 9 53 95 107 112 104 103 102 91 86 86 83 81 81 80 81 87 86 76 66 61 70 86 134 185 214 214 219 222 219 221 221 219 218 222 214 184 155 149 183 201 219 219 219 221 217 220 219 219 219 219 219 219 219 219 217 218 217 217 217 218 218 218 218 218 219 220 220 220 219 219 221 223 221 218 216 216 215 213 195 165 164 195 215 216 218 218 217 217 217 217 216 216 215 215 216 216 216 215 215 215 216 216 215 215 215 216 216 215 215 214 215 216 216 216 217 215 215 215 216 216 215 215 214 215 215 215 215 215 215 215 215 215 215 215 213 214 215 216 215 214 213 213 211 211 210 211 213 214 213 212 212 216 214 213 215 212 209 213 211 214 213 212 214 210 206 208 208 214 214 212 213 213 210 210 209 209 208 208 209 209 208 207 208 207 207 208 208 208 208 209 211 208 206 200 171 119 70 46 84 134 174 183 197 204 199 203 203 200 200 202 203 203 202 204 203 203 203 203 204 203 202 202 202 202 201 200 199 198 196 195 192 196 178 125 36 3 45 134 183 193 191 193 195 190 192 191 192 190 189 188 188 187 184 182 180 175 173 137 80 53 75 113 141 151 154 148 143 139 133 125 118 128 125 123 105 52 11 2 6 44 97 129 136 120 63 7 3 24 91 149 168 169 173 146 77 18 7 55 142 186 195 193 194 198 200 203 203 203 192 192 190 151 35 0 5 4 0 1 5 5 1 25 59 74 17 10 11 31 32 16 12 14 16 46 113 40 7 75 53 1 6 16 16 5 7 15 8 3 4 24 48 10 0 8 4 1 42 108 36 3 0 4 4 22 39 9 4 16 4 2 0 3 2 9 45 20 1 0 5 1 29 87 48 10 8 1 3 2 14 3 16 10 2 1 0 1 5 6 33 26 5 2 0 1 16 38 20 8 2 4 4 1 0 0 1 1 1 1 1 1 1 1 1 1 6 8 4 1 13 47 35 38 37 23 20 22 23 17 11 1 19 73 118 123 105 95 154 206 209 214 206 202 201 198 195 198 197 196 193 185 149 90 69 81 138 188 204 205 200 203 190 166 147 152 167 182 194 199 
113 81 46 38 51 50 47 62 57 50 56 44 35 34 28 36 25 26 31 33 31 28 27 24 17 16 15 15 15 13 10 6 8 15 56 99 112 120 112 104 95 91 90 89 86 84 83 82 78 90 84 73 66 62 85 130 179 208 218 216 222 220 216 222 218 222 218 214 218 211 186 164 159 176 205 218 218 221 218 215 218 218 218 219 219 219 219 219 217 218 218 218 218 218 219 219 219 219 220 220 220 220 220 220 220 217 218 221 220 218 216 213 196 155 149 187 211 214 216 220 217 217 217 217 217 217 217 216 217 216 216 216 216 216 216 217 216 216 216 217 216 216 215 215 215 216 216 216 217 216 216 216 216 215 214 214 213 214 215 216 215 215 215 215 215 214 214 213 213 214 216 216 215 213 212 212 215 215 214 213 214 215 214 213 216 215 214 212 212 211 210 209 212 210 215 213 205 194 186 182 197 207 212 210 211 214 212 210 209 209 208 208 209 209 208 207 208 207 207 208 208 208 209 209 210 208 204 201 202 190 147 95 37 47 94 147 176 189 196 204 202 202 201 202 204 204 202 204 203 202 202 203 204 204 202 201 202 201 200 200 200 199 197 196 192 194 186 158 77 13 16 85 161 191 192 192 192 190 194 189 191 190 190 189 189 187 184 181 180 175 174 159 128 110 118 130 134 147 155 149 141 139 134 124 124 125 118 122 115 71 25 4 3 19 60 107 126 122 69 19 3 8 69 132 159 168 167 125 57 13 9 64 149 187 191 191 197 195 198 200 203 205 198 201 185 77 0 0 4 3 4 0 3 0 3 3 51 43 10 6 26 21 22 25 12 19 35 101 93 0 35 87 21 10 16 6 4 5 2 43 80 55 14 10 7 3 0 0 0 5 34 46 1 0 4 4 3 74 80 14 2 1 7 1 14 15 8 14 12 1 4 6 0 1 25 50 5 1 3 2 6 53 66 32 5 10 7 2 2 2 7 12 5 0 3 6 2 1 19 30 14 2 0 2 3 2 2 2 1 1 1 1 1 1 1 1 2 0 2 5 7 2 2 17 27 40 43 34 23 16 21 22 27 5 1 34 92 125 120 97 98 171 192 200 202 197 204 198 197 206 206 207 207 190 158 123 110 83 121 168 185 192 194 200 199 190 190 198 206 211 215 217 
92 62 32 36 40 40 55 60 45 41 44 42 37 37 39 41 40 37 37 37 32 29 25 20 18 17 15 14 13 12 8 4 3 10 49 100 116 124 115 107 95 94 96 94 88 85 88 88 87 83 78 73 68 73 120 179 204 215 220 223 224 221 218 219 220 221 219 218 219 215 206 199 164 152 180 212 216 219 222 217 218 218 219 219 219 219 219 220 218 219 219 219 219 219 220 220 220 220 220 220 220 220 220 220 221 219 217 215 214 213 205 194 184 164 169 198 217 221 219 215 218 218 219 219 219 219 218 218 217 217 216 216 216 216 217 217 217 217 217 217 217 216 216 215 215 215 215 216 217 216 216 216 216 215 214 213 213 213 214 215 214 215 215 215 215 214 213 213 212 213 215 214 213 212 212 213 216 216 214 212 212 214 213 211 214 214 215 211 206 211 214 208 200 201 204 206 197 158 124 133 157 183 205 210 211 212 211 210 209 209 209 209 209 209 208 207 208 207 207 208 208 209 209 209 202 207 213 211 206 204 191 167 120 54 20 50 110 163 182 186 195 200 200 199 200 201 201 204 202 202 202 203 204 204 202 201 201 201 200 200 200 200 199 198 194 193 193 181 129 53 15 39 121 174 194 194 191 190 196 189 191 190 190 189 189 186 183 180 182 178 175 168 151 142 142 136 131 141 150 148 138 135 131 122 123 118 112 117 116 90 48 12 5 3 21 62 90 96 52 16 6 5 60 123 153 162 153 104 39 5 11 75 153 184 188 194 196 193 198 201 200 199 199 201 150 20 0 10 1 0 3 3 4 4 6 22 67 23 3 16 46 45 16 17 29 22 51 112 34 3 73 91 45 22 4 4 1 2 1 52 138 58 4 1 4 2 23 34 13 13 14 1 4 2 0 1 10 54 31 1 1 1 6 21 77 48 5 6 5 0 0 4 9 18 40 30 19 24 12 1 7 51 35 1 0 7 2 8 55 39 5 7 10 3 0 1 7 7 6 4 0 2 3 1 1 3 5 2 1 1 1 1 1 1 1 1 1 0 1 2 10 13 4 2 22 43 46 38 28 22 21 18 23 16 3 10 54 105 124 107 86 107 173 193 210 207 210 212 208 208 205 204 209 197 169 158 138 118 134 161 184 191 185 197 213 212 213 216 216 218 220 219 
79 47 26 36 36 44 72 74 61 61 58 59 53 47 49 45 44 38 37 35 30 26 24 19 16 14 13 11 11 11 7 3 4 4 39 100 119 122 114 110 100 97 97 96 90 87 89 92 89 78 77 73 71 109 170 203 216 220 224 225 220 220 222 218 222 220 220 222 222 218 213 210 171 140 164 210 219 218 221 221 220 220 220 220 220 220 220 221 219 219 219 219 220 220 221 221 220 220 220 220 220 220 220 220 219 219 220 218 204 183 172 173 169 172 179 187 196 208 217 216 218 218 219 219 219 219 218 218 217 216 216 215 215 216 217 217 218 218 218 218 217 216 216 215 215 214 215 216 217 217 216 216 216 215 214 213 213 213 214 215 215 215 215 215 215 214 213 213 213 214 214 215 214 214 214 214 213 214 215 214 213 216 215 213 213 207 206 211 203 182 172 177 169 158 182 206 189 133 87 88 117 157 196 211 212 210 210 211 210 209 209 209 209 209 208 207 207 207 207 208 209 209 209 209 215 206 204 205 205 206 205 198 181 147 81 22 20 59 110 157 177 195 202 199 201 200 200 203 201 201 202 202 203 203 202 201 202 201 200 200 201 200 199 198 195 194 197 190 170 112 69 67 98 155 190 197 193 191 196 190 191 190 189 189 188 185 181 178 177 177 176 173 160 147 140 129 125 131 144 148 140 132 127 121 117 114 112 113 111 106 78 32 7 3 5 17 34 41 20 2 5 7 61 124 152 154 145 107 47 25 39 104 164 184 188 193 193 192 197 199 196 195 204 192 80 0 7 6 0 2 1 4 0 6 1 34 74 7 16 26 33 42 16 8 18 22 104 98 1 31 93 70 76 57 9 1 0 0 7 51 82 6 1 5 2 0 75 89 23 4 2 8 2 8 10 5 9 16 2 1 4 0 1 34 67 21 1 1 14 54 96 136 161 169 183 182 175 161 155 150 144 132 84 35 4 1 3 29 78 45 4 1 2 2 20 35 16 9 4 8 3 2 1 3 7 5 0 2 1 1 1 1 1 1 1 1 0 0 2 0 6 16 10 1 12 32 37 30 30 36 26 17 23 29 17 1 16 69 107 114 93 72 127 200 212 212 208 205 206 198 200 198 197 199 189 180 167 146 152 168 177 182 193 212 217 216 214 210 207 210 211 206 
68 45 37 38 39 60 86 85 76 78 71 66 59 50 49 44 39 33 30 27 25 21 19 16 12 10 9 8 9 10 8 5 7 5 35 100 120 127 118 116 106 97 94 96 95 93 92 90 81 78 76 78 103 159 202 212 220 222 224 221 218 219 222 221 221 220 220 218 218 216 204 190 170 158 181 213 222 220 217 220 220 220 220 220 220 220 220 221 219 220 219 220 220 220 221 221 220 220 220 220 220 220 220 220 220 218 216 206 176 132 116 128 163 170 171 168 170 178 197 216 218 218 218 219 219 218 218 218 217 216 215 215 215 216 217 217 218 218 218 218 217 216 215 215 215 215 215 215 217 216 216 215 216 215 214 214 214 214 215 215 215 215 215 215 215 215 214 214 214 214 215 215 215 213 211 210 211 215 216 213 209 206 202 198 202 197 184 190 194 156 122 131 119 107 153 200 198 175 153 146 138 170 199 210 212 211 211 212 210 210 210 210 210 209 208 207 207 206 207 208 209 209 209 209 205 207 210 209 204 205 208 208 200 184 162 107 40 10 33 71 125 158 184 192 198 201 198 200 201 201 202 202 201 201 202 202 202 202 201 200 200 199 198 197 194 194 197 193 188 162 138 138 124 151 179 194 196 192 192 192 190 189 188 187 186 184 180 177 173 176 177 177 167 151 134 108 88 93 119 143 143 130 124 119 114 111 108 108 105 107 96 63 24 8 4 2 3 7 7 4 1 19 74 128 153 153 155 138 101 87 100 144 176 185 189 189 191 193 194 196 195 194 193 146 20 0 4 0 2 5 2 2 5 2 7 40 35 47 140 54 17 33 25 15 9 31 111 41 2 56 48 11 61 68 9 24 34 13 13 30 18 5 9 0 2 10 77 54 1 1 2 1 18 63 47 10 1 10 9 2 0 4 8 20 2 1 58 108 165 189 197 180 153 136 122 116 115 105 125 142 161 183 193 179 152 100 42 20 15 0 3 4 0 5 54 75 26 4 2 5 5 11 7 3 9 6 0 4 1 1 1 1 1 1 1 1 1 0 3 0 2 8 7 4 3 14 23 27 34 42 25 24 36 28 23 8 5 26 67 110 94 77 79 162 195 205 201 193 193 193 196 199 196 201 205 192 201 168 167 190 194 191 194 195 201 202 203 201 199 202 202 198 
59 49 55 42 44 79 87 80 76 72 63 54 52 50 44 40 35 28 23 22 15 13 11 9 7 7 5 3 5 8 9 7 4 6 34 97 119 134 129 120 107 96 91 98 102 100 95 89 80 78 68 88 149 191 207 224 222 222 220 221 225 220 217 220 221 220 221 218 210 199 185 173 172 190 211 217 218 219 217 220 220 220 219 219 219 219 220 220 218 219 219 219 220 220 221 221 220 219 219 219 219 219 219 219 217 219 213 201 186 161 149 157 166 170 171 174 170 158 172 204 218 218 218 218 218 218 218 217 217 216 215 215 215 216 217 217 217 217 217 217 217 216 215 214 216 215 215 215 217 216 215 214 216 216 215 215 215 215 215 215 216 216 216 215 215 215 215 215 213 213 213 213 212 209 205 202 203 207 207 199 188 179 168 161 181 192 166 162 192 171 128 128 150 143 170 194 206 205 191 190 194 207 213 212 213 214 212 210 210 210 210 210 210 210 208 207 207 206 207 209 209 209 209 209 210 209 206 204 204 206 205 203 208 205 193 171 131 63 12 10 35 88 136 164 185 197 199 202 200 201 202 201 200 200 202 203 203 202 201 200 200 199 197 196 195 197 197 194 190 181 168 173 168 159 168 187 197 194 189 192 190 189 188 186 185 182 179 176 177 182 176 175 171 160 130 85 37 48 89 132 142 130 122 118 114 109 102 103 101 98 97 89 65 24 13 8 4 1 6 3 14 44 96 134 148 149 160 154 159 146 148 166 175 181 186 183 182 185 185 188 189 181 157 73 0 8 1 5 6 0 4 2 3 3 9 44 5 102 249 113 15 81 38 38 125 134 82 10 19 61 11 24 32 19 5 73 113 40 1 1 12 3 1 5 5 9 36 9 1 3 4 0 26 83 23 1 4 2 0 27 47 16 1 15 78 151 199 206 164 109 69 43 15 11 3 7 5 0 4 15 23 28 52 94 140 186 186 154 76 5 0 1 2 6 31 21 3 1 4 0 15 52 48 11 1 7 4 0 1 1 1 1 1 1 1 1 3 0 2 2 1 3 4 7 1 5 19 36 42 40 19 32 28 26 34 18 4 13 37 75 96 87 72 96 177 199 199 198 197 204 198 210 215 212 216 198 190 187 183 196 209 201 189 185 191 195 202 204 203 206 211 212 
46 59 63 44 59 85 77 83 70 64 55 50 43 36 28 24 23 17 10 7 8 9 9 6 7 7 7 6 7 9 8 8 4 3 30 86 132 130 130 124 112 102 95 96 97 98 94 88 74 69 81 133 189 208 217 226 222 222 222 222 220 219 218 218 217 216 211 201 188 181 183 191 205 211 218 221 219 217 218 220 219 219 219 219 218 218 218 218 217 217 218 218 218 219 219 220 221 220 219 219 219 218 218 217 218 219 217 213 210 207 200 192 183 196 210 216 205 175 158 175 207 219 217 216 221 217 216 218 217 215 215 217 217 215 217 220 216 217 218 217 217 217 216 214 216 216 217 217 217 217 216 216 214 220 216 216 216 213 215 215 218 215 216 215 214 213 210 218 213 209 210 207 203 204 187 155 161 189 205 182 149 142 141 132 172 188 178 171 191 198 188 189 197 198 200 205 211 214 214 213 215 214 212 212 213 213 213 212 212 211 211 209 209 209 209 209 207 207 208 209 209 209 208 208 207 207 206 205 205 205 205 205 206 204 204 196 178 147 92 31 6 13 49 99 147 179 189 197 196 203 200 198 199 201 203 202 201 201 201 201 199 197 195 194 192 194 195 196 195 184 172 171 181 172 165 172 189 195 192 191 191 190 188 187 186 184 183 181 179 181 177 178 171 168 145 81 24 12 50 115 136 130 127 120 114 106 97 91 90 91 90 87 82 73 46 31 21 23 22 30 51 91 122 138 142 150 153 162 167 170 172 173 180 183 179 175 165 165 169 174 170 150 74 6 2 2 2 2 2 2 2 2 3 2 14 30 8 136 231 57 92 213 65 39 219 208 75 1 82 93 49 53 15 2 5 92 84 9 0 4 3 13 70 55 9 13 4 6 3 0 4 3 21 30 0 4 7 0 3 64 67 1 30 148 210 203 142 88 24 6 28 23 20 21 24 11 35 23 19 34 34 14 2 1 3 40 88 156 195 142 56 9 1 12 12 1 2 5 0 1 19 42 21 0 0 6 2 8 20 8 1 3 4 0 0 3 1 1 1 1 0 2 5 8 4 2 10 32 38 41 33 26 14 18 40 32 7 5 23 49 87 87 61 62 118 188 206 208 209 216 217 210 212 212 203 200 179 176 188 200 215 215 191 180 181 194 205 210 216 221 222 223 
50 61 50 44 66 80 68 64 53 46 38 31 27 21 15 12 13 10 9 6 7 8 8 7 7 8 8 8 10 10 7 4 5 2 26 88 129 129 129 118 119 110 102 99 98 98 94 88 78 76 119 173 201 219 224 220 225 223 220 219 219 219 217 214 205 197 186 180 182 191 204 214 218 220 221 220 219 218 219 220 219 219 219 219 219 219 219 219 217 217 218 217 217 218 218 219 221 220 219 218 219 218 217 217 216 218 219 217 218 218 216 211 219 219 220 221 216 199 155 151 194 213 216 215 218 216 216 217 215 215 214 214 214 215 216 216 218 218 217 216 215 216 216 214 215 215 216 217 217 217 217 216 215 218 214 215 215 215 219 217 212 212 213 213 215 215 217 206 198 199 200 188 180 194 178 126 99 146 191 189 159 150 162 172 179 197 193 186 202 211 206 206 212 211 211 213 214 214 213 211 213 213 213 213 212 212 212 212 212 212 211 210 209 208 209 209 207 207 207 208 208 208 208 208 208 207 206 205 204 205 205 206 204 203 206 205 199 188 158 118 51 16 7 27 65 117 160 179 193 197 195 199 200 196 197 200 200 200 199 199 198 196 195 194 191 191 193 194 193 186 175 169 178 176 166 166 184 192 191 192 191 190 189 188 187 185 183 182 177 177 173 178 176 174 163 121 45 6 24 80 120 138 130 120 107 102 98 93 86 84 85 85 89 90 85 82 75 72 74 85 104 119 137 135 138 152 148 153 157 164 170 172 176 181 182 178 153 139 155 165 150 68 5 3 2 2 2 2 2 2 2 2 1 6 22 17 4 166 205 99 161 228 70 77 231 169 29 0 95 99 73 77 15 1 14 58 21 1 6 3 0 29 111 52 4 3 2 4 22 40 16 5 11 9 3 0 0 3 8 40 24 77 156 213 154 80 35 30 27 16 23 23 40 32 27 16 44 27 28 38 31 16 20 28 7 8 1 12 75 160 193 145 42 0 8 5 3 1 6 3 13 6 4 1 2 0 2 13 12 9 4 1 1 3 2 0 1 2 2 1 0 1 3 5 7 0 4 26 47 49 39 27 26 29 37 39 14 9 9 26 54 74 43 53 75 159 207 211 211 210 207 205 205 196 193 190 172 166 173 197 212 216 205 183 187 201 213 218 219 217 214 215 
41 50 34 47 75 70 52 36 33 26 18 16 15 13 9 7 9 10 12 10 10 9 9 10 10 11 10 10 11 12 9 5 7 3 22 85 131 137 138 124 113 109 104 99 100 99 92 84 75 96 158 200 212 223 223 222 219 220 221 218 213 204 197 192 187 186 185 190 200 211 220 223 222 220 219 218 219 220 220 220 219 220 220 220 220 220 220 220 218 219 219 218 217 218 218 219 220 219 218 218 218 218 217 217 217 219 220 219 220 222 222 220 219 216 217 218 216 207 152 143 188 211 219 217 217 217 218 217 218 219 216 214 214 216 217 216 217 217 216 215 215 216 215 213 214 215 216 216 217 217 217 217 216 215 213 216 215 216 218 208 206 203 203 197 196 200 218 200 180 172 165 149 150 188 194 151 127 151 186 203 199 197 203 204 202 213 212 209 214 215 213 214 216 215 215 215 214 214 213 212 212 213 213 213 211 210 211 213 212 212 211 211 209 208 208 209 207 206 206 207 207 207 208 209 209 208 206 204 204 205 206 207 207 206 206 204 201 201 192 173 131 66 21 9 9 33 83 127 166 187 195 197 200 202 204 197 200 199 198 197 197 197 195 193 192 192 192 193 193 191 181 169 172 182 172 160 173 190 194 193 191 190 189 188 187 186 184 183 184 181 175 179 175 170 166 145 83 20 6 39 90 130 129 121 119 107 100 95 88 88 89 88 87 86 94 100 104 102 109 113 119 126 122 127 136 138 145 126 124 137 156 172 176 177 178 176 165 160 168 164 95 18 0 3 2 2 2 2 2 2 2 2 1 2 28 23 1 58 111 135 158 176 149 187 232 117 1 35 92 25 22 94 83 18 13 14 13 4 0 1 2 29 62 1 1 4 5 2 69 93 19 4 1 5 8 9 14 8 6 15 93 176 151 118 48 45 24 43 60 25 16 15 11 30 27 24 26 12 13 26 30 25 22 31 16 25 23 10 1 15 94 185 169 48 1 11 13 37 37 12 9 4 6 0 2 1 7 9 2 5 4 0 0 1 2 1 1 2 2 1 0 0 1 2 12 2 2 14 42 42 34 22 15 25 37 39 20 5 5 22 29 52 40 38 45 98 188 201 196 190 187 186 185 169 167 158 147 138 146 176 192 200 201 173 169 183 197 206 208 206 204 206 
33 34 25 46 63 51 37 19 23 17 13 14 17 17 15 14 15 16 16 13 11 10 10 11 15 14 12 11 12 12 11 9 4 1 11 63 128 138 139 127 117 115 108 102 101 94 82 73 83 138 190 210 220 220 217 225 221 221 216 205 192 183 182 184 192 200 210 216 220 223 221 218 218 217 217 218 220 221 220 219 219 219 219 219 220 220 220 220 220 221 220 220 219 218 219 220 219 218 218 218 219 219 219 218 219 220 220 219 218 219 219 218 215 214 219 219 208 182 148 156 198 215 219 218 217 216 218 216 219 218 217 215 215 215 216 216 214 215 216 216 218 218 216 213 215 215 216 217 217 217 217 217 215 215 215 217 215 217 212 188 156 163 190 184 169 168 200 200 173 158 144 134 148 191 214 199 182 187 200 210 208 210 214 212 213 211 212 215 215 212 213 216 211 212 213 213 212 212 214 215 212 213 213 212 211 211 211 212 212 212 211 211 209 208 208 208 207 206 205 206 206 207 208 209 208 208 206 205 205 205 206 206 207 206 205 203 199 200 201 195 180 152 91 36 14 4 11 45 95 141 178 189 191 195 201 201 200 199 198 197 198 198 197 195 195 193 193 192 191 194 187 173 164 180 179 162 161 181 194 191 191 190 189 188 187 186 185 183 179 179 176 177 175 168 166 157 118 54 9 15 64 116 129 123 112 101 98 97 90 86 85 81 90 86 94 96 100 97 105 102 98 102 97 106 117 112 118 90 76 95 131 163 172 170 169 169 174 176 175 128 31 2 6 4 2 2 2 2 2 2 2 2 3 3 25 18 6 0 6 0 9 23 39 83 151 85 5 58 113 6 6 94 75 5 1 0 1 20 35 23 9 17 16 5 2 4 1 3 73 62 1 1 2 3 9 67 43 2 0 87 212 176 68 37 40 54 27 28 32 29 37 18 24 36 12 48 56 31 22 17 45 38 33 34 33 18 19 41 38 3 2 45 160 190 75 1 43 86 30 0 1 6 2 8 22 10 6 5 3 1 1 1 1 1 0 1 1 1 2 1 1 0 0 1 9 6 3 6 29 40 40 36 26 27 36 31 34 9 7 13 20 32 41 31 38 47 132 183 182 173 175 168 162 145 136 121 124 121 131 157 171 177 180 163 164 170 179 190 197 199 200 203 
33 26 33 44 40 34 33 24 27 24 23 25 27 27 24 23 20 18 15 10 8 6 7 8 15 13 12 11 12 12 11 9 2 3 6 39 124 140 137 127 122 118 109 103 100 87 72 66 101 177 210 220 227 220 219 224 225 212 193 182 179 185 196 206 215 219 222 220 218 219 220 219 219 220 220 221 220 219 219 218 219 219 219 219 220 220 220 221 221 221 221 220 219 219 219 219 219 218 218 219 220 220 220 219 218 219 220 220 219 219 219 218 221 217 216 216 196 148 150 186 212 218 216 217 217 215 217 215 215 214 215 217 216 215 215 218 214 215 215 215 216 217 216 214 216 216 217 217 217 216 216 215 215 218 217 216 215 218 208 176 112 131 194 195 165 146 167 184 181 177 167 167 182 202 212 213 210 213 220 219 212 212 217 216 213 206 204 207 206 211 216 215 213 213 214 213 212 212 213 215 214 213 212 212 212 212 211 211 212 212 211 211 210 209 208 208 207 206 205 205 205 206 208 209 207 207 207 207 207 206 205 205 206 205 205 205 202 202 202 201 202 181 163 114 47 14 8 3 19 50 94 144 178 190 196 196 199 199 198 197 197 199 198 196 194 192 193 191 188 193 192 183 163 166 176 171 157 167 187 191 190 189 188 187 187 185 184 183 177 180 177 177 175 170 167 162 141 89 22 6 40 92 127 123 115 109 106 101 90 85 89 90 88 87 94 87 81 74 76 72 70 58 75 73 83 95 85 80 74 95 123 145 149 148 148 147 162 171 155 50 4 4 0 5 2 2 2 2 2 2 2 2 5 7 32 16 14 79 81 67 47 36 36 23 73 63 1 34 42 2 23 71 14 1 3 2 1 62 114 38 3 1 6 5 3 10 5 6 27 21 2 4 2 0 14 72 20 1 50 198 200 85 42 42 58 8 31 25 38 41 39 5 30 22 6 36 35 15 30 34 54 32 37 32 63 27 15 26 10 12 25 1 14 148 200 76 18 28 0 6 3 1 5 55 62 19 2 3 5 6 7 8 7 4 1 0 0 1 2 2 1 1 1 1 3 11 5 2 13 35 42 42 30 31 36 27 36 13 5 7 18 26 32 32 30 33 66 160 163 151 159 155 150 142 133 129 131 135 150 160 165 165 159 161 166 167 171 181 198 207 210 214 
32 30 51 54 38 40 42 39 38 36 34 35 34 29 25 23 19 15 11 7 5 5 6 9 10 12 11 12 12 11 9 8 3 6 7 24 114 148 141 132 115 113 109 105 98 77 62 66 115 179 207 219 222 217 223 211 201 186 173 179 195 210 218 220 224 221 218 216 217 220 221 220 220 220 220 219 218 218 219 220 219 219 219 219 220 220 220 220 220 221 220 220 218 217 217 218 219 218 218 219 220 221 221 220 218 219 220 221 221 221 220 219 216 215 215 209 183 129 160 217 218 218 214 217 217 215 218 216 216 215 215 214 213 212 215 218 216 217 216 215 215 217 217 217 217 217 218 217 217 216 215 215 216 220 217 215 215 218 210 184 144 152 207 211 187 167 166 183 199 206 203 201 212 215 212 215 218 215 214 213 213 216 213 201 197 195 193 189 192 207 217 210 215 215 216 215 214 213 214 215 215 213 212 211 212 212 211 210 211 211 211 211 211 210 210 210 207 207 206 206 206 206 207 208 207 207 208 208 208 207 205 205 206 206 205 203 202 201 199 199 201 201 194 169 129 67 20 16 18 18 20 53 104 151 183 193 196 198 198 197 196 198 197 195 193 193 193 192 189 191 193 192 173 157 168 179 164 157 175 191 189 188 187 186 185 184 182 181 181 181 179 175 172 170 166 160 155 123 50 7 10 52 107 126 119 114 105 97 91 86 81 78 66 65 63 57 53 50 52 50 45 37 51 56 66 77 78 87 110 131 138 131 129 133 138 139 156 147 79 10 2 9 6 3 2 2 2 2 2 2 2 2 0 4 29 12 36 156 175 182 188 163 178 190 119 27 4 41 20 13 28 26 1 1 1 6 7 65 80 11 1 2 5 7 72 63 14 10 1 5 3 0 3 4 19 23 1 9 157 211 108 29 30 40 64 23 61 29 35 41 9 12 24 13 13 10 21 20 39 74 37 34 41 45 49 33 58 68 49 33 23 34 2 9 147 203 79 1 3 3 4 0 5 41 20 1 3 5 1 18 28 18 4 2 3 1 0 1 1 2 2 2 1 1 2 12 6 1 3 30 38 37 25 32 36 31 29 25 6 9 21 30 29 27 23 28 25 118 160 152 156 161 160 160 160 168 166 171 188 188 182 171 158 165 169 169 171 181 201 215 219 222 
27 44 68 65 52 52 50 47 43 41 37 34 28 23 17 16 14 13 10 7 7 7 9 12 9 12 13 12 11 10 10 8 2 3 3 11 87 146 140 132 118 117 114 112 98 74 73 97 144 175 192 204 205 203 207 192 176 175 182 200 218 223 221 217 220 218 218 220 222 222 220 219 218 218 218 218 218 218 220 221 219 219 219 219 219 220 220 220 218 219 220 219 218 217 216 216 218 218 218 219 221 221 221 220 220 219 219 219 220 220 219 218 217 219 221 211 186 142 162 211 213 217 217 218 216 216 220 216 218 216 207 193 186 191 199 203 211 214 216 216 216 217 217 217 217 217 217 217 217 216 215 215 216 220 216 215 216 216 214 202 194 191 213 215 211 207 202 210 211 217 216 212 217 218 216 215 213 212 216 215 213 215 211 198 168 173 179 182 187 203 214 211 214 214 215 215 215 214 214 215 214 214 212 211 211 210 210 209 211 211 211 211 211 211 211 211 208 207 206 207 207 207 207 208 207 208 208 208 207 207 206 205 203 205 204 204 206 206 204 205 202 204 198 187 179 146 87 54 77 73 41 9 17 67 136 178 193 197 199 197 196 197 197 196 194 193 192 192 190 186 185 192 184 162 161 175 170 156 163 183 188 187 186 185 184 182 180 179 177 174 174 171 169 171 168 163 159 147 90 29 3 24 84 124 125 121 106 100 102 94 73 59 46 39 32 34 36 41 46 58 57 59 51 65 70 68 82 89 126 148 150 138 138 144 151 162 148 76 1 8 2 1 5 2 2 2 2 2 2 2 2 2 4 11 35 15 0 11 25 113 211 73 51 100 104 23 1 40 24 11 14 2 12 7 8 1 7 36 17 0 1 2 1 20 102 51 1 0 2 0 14 41 18 6 8 4 8 68 215 138 40 36 14 27 27 9 46 25 29 57 9 29 31 5 22 26 29 48 49 84 41 47 35 16 39 145 216 201 188 144 54 25 26 10 17 167 183 45 1 4 3 2 15 21 2 0 6 0 1 19 28 15 0 0 3 3 1 1 1 1 1 1 1 1 0 6 8 3 6 29 46 46 38 35 34 28 34 47 12 1 21 30 34 25 26 20 14 64 164 178 169 177 171 173 179 178 179 183 197 204 197 183 174 171 177 178 176 179 192 204 208 210 
30 59 72 64 57 54 50 43 38 35 31 25 19 13 10 9 11 12 11 10 8 9 12 14 11 14 14 12 9 10 11 12 9 5 3 5 63 142 138 131 123 120 116 113 101 89 113 160 184 192 191 189 189 184 181 176 178 188 205 219 223 219 218 221 222 220 220 221 220 218 219 222 220 219 219 220 220 220 219 219 219 219 219 219 219 219 219 219 218 219 220 219 218 217 216 216 218 218 218 219 221 221 221 220 219 217 216 218 220 221 220 220 218 217 219 212 197 169 159 185 204 214 219 219 214 215 219 213 214 210 191 161 149 159 172 176 202 208 215 218 218 217 217 216 216 217 217 217 217 216 215 215 215 219 215 217 218 214 215 215 208 212 217 216 216 218 215 219 214 213 215 214 211 209 206 202 195 201 212 218 217 215 208 195 167 171 184 197 202 204 211 215 215 215 215 215 215 214 213 213 213 214 214 212 210 208 209 209 210 211 211 211 211 211 211 211 208 208 207 208 207 207 207 207 208 208 208 207 207 206 206 206 203 205 204 202 205 205 203 203 200 198 201 200 196 183 157 145 146 154 130 86 57 74 131 176 192 197 200 198 196 197 198 196 193 192 189 189 188 178 175 185 189 172 158 162 168 157 154 170 187 186 185 184 182 181 179 178 178 171 173 171 167 168 165 161 159 155 120 60 22 29 71 113 129 122 98 81 84 78 61 53 35 32 27 36 36 39 50 76 90 83 71 78 80 83 87 106 127 149 156 154 157 153 156 176 122 21 1 4 3 5 4 2 2 2 2 2 2 2 2 2 0 9 21 5 14 29 0 97 216 42 1 21 88 30 1 25 14 1 0 7 4 66 83 21 5 7 11 3 3 0 3 16 44 2 4 4 2 2 42 70 11 1 0 6 0 151 204 65 24 46 10 32 29 22 59 26 22 21 12 39 56 21 70 47 21 36 21 15 44 50 50 5 71 222 199 98 107 189 189 62 42 40 1 44 203 142 8 49 46 14 7 1 6 2 0 1 8 9 6 1 1 3 2 0 2 2 1 1 1 1 0 0 1 4 11 2 5 18 43 46 30 26 35 19 30 45 15 2 15 29 31 36 29 20 16 28 142 182 165 171 163 170 179 161 154 154 169 193 190 182 183 167 166 170 168 167 176 187 194 198 
52 67 69 57 51 50 44 35 29 24 22 19 11 5 7 10 9 11 14 15 13 13 14 15 13 12 11 13 10 8 9 10 8 0 4 0 43 130 142 130 124 120 121 124 107 107 154 197 214 213 210 203 195 192 192 194 208 212 217 220 220 219 218 218 219 219 219 219 219 220 220 220 220 220 220 220 219 219 219 219 219 219 219 220 220 219 219 219 220 220 219 219 218 218 216 216 218 218 217 218 219 219 219 219 217 217 218 217 218 218 218 218 219 219 218 216 209 198 185 176 181 189 203 215 218 214 211 211 201 180 156 151 168 182 176 159 168 194 214 216 215 218 218 217 218 216 219 217 216 220 217 213 217 216 217 219 219 216 214 215 216 216 215 213 213 213 212 211 215 210 205 207 204 199 192 176 169 186 204 214 217 213 211 212 193 194 200 209 213 212 212 214 212 214 215 214 213 214 215 214 214 214 213 212 211 210 209 209 212 212 211 211 210 210 210 210 211 209 208 206 206 206 205 205 208 208 208 208 208 206 205 205 202 202 203 203 204 204 203 202 203 202 202 199 196 199 191 184 189 190 180 171 163 161 175 190 194 198 196 199 191 195 192 183 176 170 180 186 175 143 124 151 176 180 156 128 134 133 128 156 177 186 182 178 180 177 177 175 176 175 172 169 167 166 162 158 159 159 142 109 71 60 86 111 124 128 104 71 61 71 61 64 58 51 49 46 56 56 51 78 101 108 102 91 96 109 116 121 132 150 156 153 159 165 164 163 80 9 3 3 1 4 3 4 2 2 2 2 2 2 2 2 3 9 18 1 69 187 156 176 214 160 144 157 116 21 0 29 8 2 1 1 11 119 86 5 3 2 7 11 38 31 3 9 13 6 0 1 1 1 41 31 1 4 1 2 42 200 152 37 21 42 10 49 37 26 37 35 34 42 47 48 42 24 45 29 42 40 37 96 150 153 130 24 51 219 131 0 0 44 203 168 48 30 31 1 106 214 88 64 38 2 4 3 2 16 35 24 15 8 4 3 0 1 2 3 2 1 1 1 0 1 1 1 1 3 7 7 1 15 39 40 39 45 33 23 25 47 22 3 12 28 26 32 30 30 25 15 71 168 170 162 150 155 166 150 147 141 163 177 183 181 167 178 174 166 168 161 150 174 188 198 
61 68 67 56 50 43 32 25 17 13 14 16 12 9 11 11 15 15 15 15 14 14 14 16 12 9 9 8 6 4 6 9 3 2 2 2 27 112 146 137 132 124 123 119 111 133 181 209 221 221 220 218 216 215 216 217 216 217 219 219 218 218 219 220 219 219 219 219 219 220 220 220 220 219 219 219 219 219 219 219 219 219 219 219 219 219 219 219 219 219 219 219 219 218 217 217 218 218 218 218 219 219 219 218 217 217 218 217 218 218 218 218 217 218 219 219 217 212 205 200 182 174 170 178 187 189 183 178 166 165 169 186 210 220 205 183 171 171 180 201 219 219 215 216 216 211 215 216 215 217 217 221 217 216 216 217 216 215 216 218 215 215 215 215 214 209 202 198 200 200 181 173 185 182 173 179 175 189 206 215 217 217 218 216 211 210 211 216 216 213 212 213 212 213 214 212 212 213 214 214 213 213 212 212 211 211 210 210 212 212 211 211 210 210 210 210 209 209 209 208 207 207 206 206 211 210 208 207 206 206 207 208 205 204 204 202 201 201 203 205 204 203 202 199 200 200 196 198 193 197 199 191 190 196 196 199 191 190 194 190 176 176 177 154 134 145 165 180 171 100 49 85 138 169 160 121 70 58 66 111 158 184 183 179 179 173 174 174 173 172 170 168 167 166 164 160 164 159 148 134 115 111 116 103 109 118 108 76 56 60 67 83 81 65 62 60 66 71 69 87 106 112 110 106 113 126 133 138 148 146 155 154 157 161 164 118 27 0 6 4 4 6 2 1 2 2 2 2 2 2 2 2 3 3 18 9 19 93 123 101 113 120 133 175 126 17 1 21 1 0 5 1 19 72 25 1 0 4 1 48 106 36 3 2 6 5 12 19 10 7 12 10 0 2 0 2 76 215 106 26 28 42 17 30 13 28 18 32 40 38 50 33 37 39 24 47 46 2 99 231 214 196 203 47 0 174 186 59 18 0 123 228 93 21 49 14 24 186 179 32 4 0 3 5 1 49 80 24 4 5 5 0 9 8 8 2 1 1 1 1 1 1 1 1 1 0 5 8 0 10 35 42 43 47 35 23 23 52 39 3 8 28 28 29 26 27 26 21 22 115 156 158 162 166 173 170 160 159 171 173 180 186 178 177 178 170 162 170 169 178 191 206 
63 61 54 47 39 28 17 15 8 6 9 15 16 15 15 14 18 16 15 14 14 14 13 11 9 7 5 5 4 4 6 8 4 6 2 5 11 86 149 143 139 130 127 115 117 158 203 216 220 220 220 220 220 220 220 219 220 220 219 218 216 217 218 220 218 218 218 219 219 219 220 220 219 219 219 219 219 219 219 219 219 219 218 218 218 218 219 219 217 218 219 219 219 219 219 218 218 218 218 218 219 219 218 218 217 217 218 217 218 218 218 218 218 218 219 220 221 220 217 215 202 189 176 173 174 173 169 166 174 191 210 220 221 220 216 213 200 182 164 169 197 219 221 214 212 209 212 214 217 220 215 215 219 218 218 217 216 215 217 219 218 217 214 209 196 179 167 163 187 190 176 170 190 189 178 190 191 198 210 216 213 215 216 212 217 215 214 217 216 213 213 214 214 215 214 213 212 213 214 214 212 212 212 212 212 212 212 212 212 211 211 210 210 210 210 210 209 210 210 209 208 207 207 207 206 206 207 207 206 206 205 205 207 203 201 203 205 205 203 202 198 205 206 200 203 202 201 202 197 200 199 191 189 195 190 170 160 163 185 180 148 132 144 126 90 122 152 164 154 97 54 86 118 157 172 139 61 18 15 54 125 174 182 177 178 172 174 173 173 172 170 167 167 167 165 163 155 155 162 154 127 119 123 106 86 94 100 79 61 63 87 111 101 80 80 82 85 95 98 106 114 118 119 121 128 136 141 145 146 144 150 158 158 165 146 63 0 0 6 1 3 2 0 2 2 2 2 2 2 2 2 2 5 9 17 1 31 31 4 1 1 1 1 27 87 18 6 32 44 39 39 12 14 26 4 6 1 6 1 53 82 1 0 2 2 4 52 49 7 6 4 2 3 5 3 1 113 218 69 19 54 66 11 17 34 25 34 21 33 30 20 11 106 118 32 36 12 5 131 231 114 111 164 113 27 48 182 174 103 75 178 235 104 19 31 25 0 120 212 57 3 5 1 2 2 34 40 1 3 0 1 8 37 24 11 2 1 1 1 1 1 1 1 1 3 0 5 10 2 7 31 45 39 39 32 23 20 45 48 4 3 29 33 28 25 25 26 26 24 96 171 164 171 177 179 185 188 190 189 187 193 202 197 188 184 184 174 192 199 191 194 203 
59 52 41 32 26 15 8 10 12 9 12 17 19 19 20 19 17 17 15 13 13 10 8 6 5 5 5 6 7 7 8 9 9 7 1 7 3 57 144 148 139 136 129 114 131 180 211 219 220 220 219 219 217 216 215 214 216 217 218 218 217 217 217 218 217 217 218 218 219 219 219 219 218 219 219 219 219 220 220 220 219 219 218 217 217 218 219 219 218 218 218 219 219 219 219 219 217 217 217 218 218 218 218 217 217 217 218 217 218 218 218 218 220 219 218 218 219 218 218 217 219 214 209 204 201 199 200 203 211 216 219 218 217 218 219 220 219 207 179 156 166 190 199 193 186 169 170 190 214 218 213 217 216 216 216 217 217 217 217 217 218 217 216 209 193 176 171 172 196 197 198 198 201 193 177 180 188 190 204 214 212 213 218 215 213 212 212 214 215 214 214 216 214 215 215 213 213 214 214 213 213 212 212 212 212 212 212 212 212 211 211 210 210 210 210 210 210 210 210 209 207 205 206 206 207 208 208 207 207 208 207 206 205 203 202 204 205 203 202 202 204 204 199 191 195 198 196 181 181 190 182 159 137 156 171 131 74 94 142 162 136 114 127 127 108 124 150 161 157 148 145 156 151 167 187 169 112 33 3 15 87 156 177 175 178 175 177 174 173 172 170 168 167 166 164 163 163 158 159 157 135 118 112 94 79 70 81 83 88 94 105 106 112 99 100 104 108 115 116 121 119 122 126 127 131 132 134 137 136 147 142 151 150 155 100 20 4 5 2 1 3 0 1 4 2 2 2 2 2 2 2 2 4 3 17 8 134 186 20 32 30 38 39 52 92 12 1 59 131 129 66 6 0 8 5 2 11 7 7 25 22 0 5 3 0 4 64 36 1 0 5 4 5 5 7 0 131 208 63 24 38 21 14 17 66 37 47 51 30 40 17 96 165 194 179 104 24 3 103 205 178 228 184 181 182 43 37 169 196 219 230 193 79 53 47 39 1 51 209 107 0 7 8 9 9 20 7 3 3 1 1 5 29 13 0 4 1 1 1 1 1 1 1 0 3 0 4 11 3 5 27 43 33 31 28 29 26 33 47 14 0 29 38 31 29 28 26 25 15 63 173 178 184 195 196 199 202 202 197 205 212 214 215 208 188 192 194 210 217 208 196 186 
56 52 39 25 17 12 10 15 22 18 17 17 15 16 19 18 15 14 13 10 8 7 6 6 5 6 10 12 12 12 11 9 9 3 2 4 1 28 125 155 141 138 127 121 157 202 216 223 219 220 220 218 216 216 216 217 215 216 217 218 217 217 216 216 216 217 217 218 218 219 219 219 218 218 219 219 219 220 220 220 219 218 218 217 217 218 218 219 219 219 219 220 219 219 219 218 218 217 217 218 218 219 218 218 218 218 218 218 218 218 218 218 219 219 218 218 219 219 218 218 219 218 218 220 221 220 220 220 221 218 215 217 221 223 220 216 218 218 207 188 173 168 172 177 170 159 152 159 185 209 214 219 215 214 214 214 216 217 217 217 217 217 217 217 209 201 202 208 212 209 215 217 199 168 157 171 169 174 196 213 212 212 216 216 215 214 214 216 216 215 215 215 213 214 214 214 213 214 213 211 213 213 213 213 212 212 212 211 211 211 211 210 210 210 210 210 210 210 210 209 207 206 207 208 209 209 207 204 203 205 207 207 205 206 206 204 199 195 193 193 200 197 187 169 173 186 191 160 115 125 142 113 77 110 136 106 58 83 115 145 143 141 151 163 157 139 147 165 168 175 182 182 182 180 183 179 153 73 19 7 45 127 170 178 178 176 178 173 171 169 167 166 165 163 162 161 163 161 157 158 151 128 93 57 36 50 94 113 111 108 117 117 117 117 119 119 121 119 118 125 123 125 128 130 131 132 136 137 137 132 118 115 106 102 43 0 5 1 0 5 4 1 4 0 2 2 2 2 2 2 2 2 2 5 18 1 105 206 136 165 167 175 177 181 157 25 1 36 86 89 16 0 2 0 2 57 81 24 6 11 12 1 0 2 4 13 32 1 1 4 0 4 4 2 6 0 127 202 54 27 32 6 22 29 49 52 43 36 45 47 113 213 231 169 142 219 98 7 18 177 234 184 48 51 231 174 5 1 62 104 110 67 66 67 32 29 17 21 193 143 3 50 60 23 3 8 3 0 0 11 10 5 8 2 0 3 1 1 2 1 1 1 1 1 1 0 3 9 3 3 23 37 31 32 27 32 36 29 42 18 0 26 41 33 33 32 28 25 20 36 158 193 196 202 203 205 212 212 206 215 219 215 217 212 188 182 195 207 217 219 201 179 
49 49 39 25 20 18 20 23 25 21 17 13 9 10 12 11 11 10 8 6 3 3 5 7 9 11 14 14 14 13 11 7 7 3 6 3 3 9 92 157 151 140 126 138 183 215 219 223 217 218 218 216 214 214 215 217 217 217 217 216 215 215 216 216 215 216 217 218 218 218 218 218 218 218 219 219 219 219 220 220 219 218 218 218 218 218 218 219 219 219 219 220 220 219 219 218 219 218 217 218 218 219 220 219 218 218 219 218 218 218 218 218 219 219 220 220 219 219 218 218 217 217 218 219 219 217 215 214 217 220 223 221 217 214 216 220 219 221 220 216 206 195 190 194 200 200 189 169 166 179 194 211 219 218 216 214 215 216 216 215 218 215 214 216 217 215 214 215 214 217 216 214 185 139 136 163 151 167 196 215 215 212 213 212 214 214 215 216 215 215 214 214 215 215 215 215 215 215 214 212 214 213 213 213 212 212 211 211 211 211 211 210 210 210 210 210 210 210 209 209 209 208 208 208 205 207 208 206 205 206 205 203 206 205 204 203 202 193 173 155 178 193 161 99 95 134 167 142 85 73 120 119 99 120 124 123 134 152 152 164 168 176 179 189 192 178 175 183 188 185 183 185 182 183 175 181 172 119 48 5 16 88 154 179 177 174 174 172 169 167 166 166 165 163 161 161 154 162 158 155 153 132 84 32 8 24 83 126 135 131 127 119 119 124 123 120 120 118 119 127 124 126 129 131 131 137 136 128 114 76 67 52 43 30 9 2 1 0 1 6 0 4 7 0 2 2 2 2 2 2 2 2 1 9 20 1 74 209 157 129 131 107 87 66 93 25 2 11 29 24 1 8 2 0 9 99 78 6 1 2 4 8 50 45 8 13 10 1 4 8 0 5 6 1 4 1 103 205 41 16 25 20 41 42 45 22 68 52 79 41 117 219 138 54 103 229 162 31 2 39 177 187 127 170 244 171 18 43 18 4 26 56 28 59 29 15 23 4 172 177 14 72 51 8 1 1 6 13 38 27 12 9 10 7 1 4 3 3 2 2 1 1 1 1 1 1 3 10 5 3 20 37 41 46 36 36 44 40 46 22 1 22 44 37 35 33 31 26 26 18 126 207 214 214 218 222 217 218 210 208 204 200 202 195 194 173 183 193 208 220 212 195 
37 41 37 29 26 27 26 27 20 15 11 8 6 7 9 6 7 6 5 6 6 9 10 11 14 14 14 13 13 12 10 7 6 6 8 2 6 2 47 136 158 141 135 164 201 219 222 218 220 219 218 217 216 215 215 215 218 217 216 215 214 215 215 215 215 215 216 217 218 218 218 218 218 218 218 218 218 219 219 219 218 218 218 218 218 218 218 218 218 219 219 220 220 220 220 219 219 218 216 216 217 219 220 220 219 219 219 219 219 219 219 218 220 220 220 220 219 218 217 216 217 218 219 219 219 219 220 221 221 219 217 217 217 217 219 221 221 221 218 216 218 220 217 214 223 216 212 207 189 162 161 192 210 214 216 216 215 215 216 215 215 214 214 216 219 220 219 217 213 221 212 200 163 133 143 148 143 173 204 216 215 217 218 215 212 212 213 214 214 214 214 214 216 216 214 213 214 215 215 214 213 213 213 212 212 212 211 211 211 211 210 210 210 210 210 210 209 209 209 209 210 209 206 204 197 201 203 203 204 207 206 204 205 204 201 201 201 186 151 118 162 182 134 59 64 99 137 139 132 120 157 176 174 175 162 171 178 194 191 190 192 191 189 188 187 194 189 186 188 184 180 183 182 184 177 182 182 153 88 20 9 50 123 169 176 175 172 172 169 168 167 167 165 162 160 160 159 160 155 154 155 149 109 48 7 14 65 118 132 132 124 120 117 118 118 116 112 115 123 125 124 125 127 127 128 128 110 83 56 24 20 10 7 1 1 5 2 2 3 4 0 4 3 1 2 2 2 2 2 2 2 2 0 6 20 1 35 212 75 2 1 2 3 1 39 36 1 18 17 7 0 0 0 5 17 57 17 1 10 1 0 32 94 41 2 2 6 6 9 11 2 4 7 2 4 2 66 205 64 7 51 34 14 46 101 163 159 182 211 60 3 167 186 205 223 208 190 86 27 1 22 126 178 204 175 82 21 66 40 33 46 61 46 24 30 38 32 0 163 190 29 55 11 0 6 1 0 33 77 29 2 1 5 0 6 11 5 4 3 1 1 1 1 1 4 0 2 12 7 1 20 43 55 57 46 42 45 48 54 31 1 21 52 46 37 30 30 26 25 17 91 205 218 212 208 207 201 202 197 194 194 196 198 195 203 189 187 187 200 211 217 212 
33 38 38 36 34 30 25 23 14 9 5 5 6 9 7 3 5 5 7 11 15 17 16 14 14 14 12 10 10 10 10 8 6 8 5 1 7 1 10 106 157 140 146 185 210 219 227 219 219 217 216 216 216 216 215 213 214 214 214 215 215 215 214 214 214 215 216 217 218 218 218 217 217 217 217 217 218 218 218 218 218 218 219 219 219 219 218 218 218 218 219 220 220 220 220 220 218 216 215 214 216 218 219 220 219 219 220 219 219 219 219 219 219 219 220 220 219 218 218 218 219 217 214 215 217 219 219 218 220 218 218 221 221 218 216 216 218 220 221 221 221 218 217 221 215 218 221 220 216 191 159 152 191 201 211 215 216 216 217 217 215 218 219 218 216 215 216 217 216 219 210 189 151 155 184 153 156 192 219 218 213 216 216 211 215 215 215 215 214 215 216 216 215 213 211 209 209 212 213 213 212 212 212 212 212 212 212 212 211 211 210 210 210 210 210 210 209 209 209 210 210 207 202 198 185 186 184 182 185 194 201 203 202 206 205 198 188 169 137 107 147 162 134 118 155 148 153 169 165 183 189 192 195 190 191 192 193 195 193 189 196 188 191 187 187 187 183 185 186 183 182 182 179 176 179 174 184 171 138 68 13 23 92 157 175 178 173 172 169 168 167 167 164 159 156 156 156 154 156 159 153 155 137 90 21 4 32 94 125 137 128 123 117 111 114 116 107 112 124 118 123 124 124 123 121 110 75 30 11 9 3 1 5 7 2 0 2 1 0 4 2 5 0 3 2 2 2 2 2 2 2 2 4 3 9 4 4 110 87 26 29 15 13 25 59 35 2 12 13 6 9 35 50 11 5 22 6 1 0 2 5 38 63 3 3 2 3 1 33 32 10 1 2 0 4 0 36 202 110 7 49 63 45 14 159 237 117 62 186 106 0 31 209 211 88 55 148 208 149 25 28 3 19 63 47 38 35 74 61 82 28 23 43 24 53 40 22 12 173 194 30 31 4 2 0 6 0 28 35 3 1 2 4 0 22 32 6 5 3 1 1 1 1 2 4 0 1 13 7 1 18 48 53 49 41 37 31 37 47 32 1 22 61 56 40 28 28 23 27 23 60 180 199 201 199 198 198 195 195 197 199 202 205 208 207 213 203 191 197 197 214 216 
39 40 37 30 25 22 22 22 18 10 6 7 9 6 6 5 5 11 16 16 16 17 17 15 13 13 12 12 11 12 10 7 4 7 7 1 5 4 2 67 157 147 168 196 217 216 221 221 217 217 217 216 215 214 213 213 211 214 216 214 213 214 215 214 215 216 217 217 218 218 218 218 217 218 218 217 217 217 218 219 219 220 220 219 219 219 218 218 218 215 219 220 221 222 218 221 219 218 217 216 215 216 219 222 218 223 220 217 220 214 222 219 214 216 220 221 218 219 220 218 217 217 217 216 216 216 218 220 219 219 219 218 218 219 219 219 219 219 219 219 218 218 218 218 218 220 219 218 218 211 191 170 170 173 182 201 220 218 211 217 217 216 219 219 216 216 221 218 216 222 198 163 139 173 178 158 176 211 218 216 219 214 214 218 215 212 216 214 217 219 208 208 201 203 193 180 184 205 216 213 212 213 211 214 214 211 212 209 208 209 210 210 210 210 209 209 210 211 210 208 207 207 200 193 173 180 172 146 153 172 174 190 199 204 206 195 181 159 139 139 169 178 172 177 195 195 190 191 195 194 194 197 197 194 194 196 194 190 190 192 189 187 188 188 187 184 181 177 181 185 186 186 191 194 197 189 186 195 172 119 36 23 60 125 161 168 170 168 177 177 178 180 180 177 171 166 162 158 154 148 146 155 149 127 57 10 12 53 111 138 119 128 116 112 105 103 108 115 118 118 120 122 121 122 113 77 30 8 7 6 4 3 2 2 2 2 2 2 2 3 3 2 2 2 2 2 2 1 1 1 1 1 1 4 10 13 1 9 31 29 38 25 24 9 34 45 4 6 20 2 35 124 65 7 5 4 9 5 13 14 3 25 34 0 2 1 6 4 19 13 0 0 0 0 4 0 2 164 153 26 38 24 51 12 140 208 107 122 163 169 132 20 72 204 105 0 1 105 194 70 75 19 19 62 29 63 49 52 96 83 22 61 61 41 50 36 17 24 190 184 21 4 11 5 8 14 14 14 9 2 3 3 1 3 19 8 3 1 1 3 1 1 2 2 3 0 2 14 6 0 17 40 48 46 32 36 36 23 44 35 0 26 75 58 46 35 29 25 25 22 35 155 195 194 196 200 201 201 204 209 214 217 217 216 214 212 208 191 176 189 211 216 
41 36 27 20 14 10 14 19 17 13 11 10 9 5 4 7 11 14 17 16 16 16 16 15 12 12 11 11 10 12 10 7 5 8 7 2 4 3 0 42 148 159 183 205 220 220 221 216 216 215 214 214 214 214 214 214 215 214 213 213 214 215 214 212 214 215 216 217 218 217 217 216 217 217 217 217 216 216 217 218 218 218 218 219 219 218 218 218 221 220 219 216 216 218 218 219 219 216 215 216 217 218 218 219 219 218 218 217 219 213 218 208 205 205 208 215 220 219 217 217 217 217 217 216 216 217 218 219 219 219 219 218 218 218 219 219 220 220 219 219 219 219 218 218 219 220 219 218 221 221 213 202 187 175 159 166 197 215 218 220 217 219 220 217 214 216 217 214 216 213 185 144 149 181 159 160 193 216 217 215 218 215 215 215 216 214 214 210 196 192 197 187 175 176 171 147 152 190 209 210 210 209 211 211 209 212 215 214 209 210 210 211 210 210 209 209 209 210 209 207 207 206 202 196 189 188 177 164 167 148 134 171 193 194 198 196 191 185 178 181 192 197 192 194 203 203 200 197 197 197 196 194 195 197 195 191 195 196 194 188 185 189 188 181 180 186 196 199 193 181 167 159 136 110 90 74 57 46 35 17 13 2 7 16 12 15 25 28 33 41 52 62 74 93 116 132 148 158 170 174 168 166 161 150 102 30 4 36 88 133 141 122 124 120 115 113 115 119 122 123 124 128 132 127 100 52 13 5 6 5 3 2 2 2 2 2 2 2 2 3 3 2 2 2 2 2 1 1 1 1 1 1 2 0 5 20 13 14 23 15 18 12 14 15 26 58 19 1 14 1 53 105 21 1 4 4 1 56 90 40 4 1 8 2 0 1 1 6 11 5 0 2 2 4 0 10 0 71 206 82 22 32 31 6 25 148 199 199 158 112 202 163 0 134 237 68 0 12 35 62 63 15 22 46 50 66 16 50 103 34 60 62 56 28 29 61 14 54 215 147 8 9 1 50 85 32 5 6 9 3 1 4 5 7 15 5 0 0 0 0 1 1 1 1 1 1 3 12 7 7 19 29 53 51 37 31 30 32 57 31 2 33 85 63 48 38 34 34 27 18 25 133 193 203 210 215 217 217 217 218 219 217 214 212 202 200 198 188 176 181 196 202 
34 25 17 12 6 4 10 19 18 16 13 11 7 2 5 10 16 17 16 15 15 15 15 14 12 11 10 10 9 10 10 7 5 8 6 4 3 4 0 14 103 169 193 211 217 218 216 216 216 215 214 214 215 215 213 212 214 213 212 213 214 214 214 215 213 214 216 217 218 217 216 215 218 217 217 216 215 216 217 218 219 217 218 220 220 219 219 220 218 222 220 219 219 221 224 220 221 220 218 217 216 215 217 220 218 215 217 217 218 211 210 197 178 189 198 209 218 219 216 219 218 218 218 218 218 218 219 219 219 219 218 218 218 218 218 218 220 220 220 220 219 219 219 219 220 219 218 217 219 221 222 221 222 205 175 157 166 179 184 187 196 202 211 219 221 219 217 216 218 201 164 143 178 185 147 165 210 219 217 215 216 213 214 213 208 207 204 203 168 152 179 178 165 179 191 159 149 184 203 211 207 200 211 213 208 210 208 208 210 210 211 211 211 210 209 209 208 209 209 207 206 206 204 200 200 199 195 188 185 162 146 172 174 169 174 182 193 201 198 194 194 200 199 200 200 198 199 195 197 193 191 193 194 194 193 194 190 186 187 190 190 192 197 199 196 171 135 102 69 39 18 6 2 0 0 0 0 0 2 2 2 2 5 4 0 1 5 5 0 0 2 1 0 0 1 3 14 25 48 75 104 133 161 178 154 95 16 8 70 129 153 143 141 139 136 133 130 129 131 133 141 141 142 135 97 39 6 6 5 4 3 2 2 2 2 2 2 1 2 3 3 2 1 2 1 1 1 1 1 1 2 2 1 0 4 22 22 9 22 25 20 19 19 18 18 57 31 2 12 15 33 33 1 7 1 1 3 78 71 4 0 4 1 12 50 50 18 11 10 4 0 4 2 3 0 3 0 12 169 146 21 35 32 41 1 1 66 66 25 39 191 227 35 14 141 86 13 21 13 45 55 23 144 167 142 109 38 41 71 52 37 21 47 30 24 21 24 126 233 92 0 7 1 59 67 6 1 2 4 4 44 50 16 5 10 3 0 4 1 0 2 3 0 1 2 2 3 18 7 5 21 45 52 64 44 29 43 41 55 28 0 39 94 70 55 46 45 47 30 20 17 108 194 210 216 217 217 215 212 208 205 202 198 196 191 191 194 194 188 182 183 187 
20 17 14 13 10 10 13 18 17 13 9 6 3 4 8 14 17 17 16 15 15 14 13 12 12 11 10 9 10 10 9 7 4 5 6 8 4 3 3 0 49 164 198 215 217 218 212 220 213 213 213 214 215 214 212 211 212 213 214 215 213 211 213 216 214 215 216 217 217 217 216 215 218 217 216 216 216 217 218 219 219 217 217 220 220 218 218 220 218 221 218 219 219 218 220 216 218 218 217 217 215 212 211 212 210 209 202 192 194 188 186 185 159 175 183 193 212 220 219 220 219 219 219 220 220 220 220 220 219 219 219 218 218 218 217 217 220 220 220 219 219 219 219 219 220 219 218 218 217 216 218 220 220 222 210 193 180 173 168 168 162 166 180 203 215 213 213 221 215 186 138 150 181 160 158 194 214 209 204 202 199 197 202 205 199 189 182 187 158 138 173 195 189 196 204 186 173 185 192 191 170 161 187 204 208 214 210 210 211 211 211 211 210 210 209 208 207 209 209 207 206 206 206 204 206 200 206 205 199 198 193 191 179 165 158 159 172 192 189 174 175 189 191 193 199 196 197 198 195 195 194 194 193 191 185 182 180 189 198 201 195 172 126 80 33 17 2 0 0 0 0 0 2 9 11 6 6 7 5 2 5 4 4 7 9 5 2 1 7 5 4 7 10 11 8 4 1 4 3 0 0 3 27 51 87 104 56 12 44 108 151 158 154 152 150 150 151 150 148 147 156 154 154 145 102 41 7 8 3 3 2 2 2 2 2 2 2 1 2 3 3 2 1 2 1 1 1 1 1 2 2 2 0 2 2 16 20 2 20 34 27 15 31 26 10 40 41 1 8 14 7 6 5 1 2 5 11 46 11 0 9 9 1 20 90 51 6 0 0 5 8 7 5 0 4 3 3 0 64 196 100 14 32 36 16 4 67 188 182 208 237 146 54 30 12 41 11 26 52 23 41 138 214 137 99 198 188 51 59 61 21 41 41 40 28 22 50 186 207 46 3 1 8 40 17 0 2 0 0 3 66 44 1 0 2 3 7 13 6 0 3 4 0 1 3 1 3 23 6 2 21 56 44 51 35 26 42 35 47 21 0 48 99 72 57 50 53 57 41 27 16 81 186 200 202 206 203 202 199 196 195 196 197 196 198 202 207 212 211 198 185 180 
12 17 20 19 18 18 17 15 12 6 4 4 6 10 13 16 16 15 15 15 15 14 13 12 13 12 10 10 10 10 9 6 4 3 6 11 5 0 6 0 14 119 201 213 217 218 211 215 210 211 212 212 212 213 213 213 213 213 214 215 214 212 211 212 215 215 215 215 216 216 216 216 217 217 217 217 217 218 219 220 219 216 216 218 218 217 217 218 219 218 216 218 219 217 217 216 215 215 213 211 209 207 202 198 195 197 179 157 164 161 165 182 174 174 171 184 210 221 219 219 219 219 220 220 220 220 220 219 219 219 219 219 218 218 218 218 219 219 219 219 219 219 219 219 220 219 219 220 220 219 219 220 215 219 220 216 212 206 200 199 185 167 158 174 202 219 219 212 198 165 131 159 160 130 160 191 201 185 179 181 178 175 175 179 184 175 176 190 190 176 181 201 202 203 200 197 179 163 169 172 144 132 161 191 205 214 211 213 211 211 210 210 210 209 208 208 208 209 209 207 206 206 207 207 208 197 203 208 204 207 206 200 198 187 178 169 174 187 175 151 161 177 174 178 197 197 194 200 197 194 192 191 190 189 195 201 203 185 148 96 43 9 0 0 2 1 5 10 10 5 3 5 5 4 2 2 5 3 4 10 4 6 4 5 6 4 5 11 6 7 7 6 5 5 6 7 5 7 7 9 11 8 1 0 0 0 12 11 21 85 155 180 173 169 163 158 158 160 162 162 163 164 166 157 114 47 7 5 3 3 1 1 1 2 2 2 2 1 2 3 3 2 1 2 1 1 1 1 1 2 2 2 1 3 0 9 21 4 10 16 23 4 39 49 23 44 60 14 3 3 6 10 3 47 64 15 6 17 7 5 0 0 2 23 55 4 1 6 0 0 12 10 3 0 3 4 0 0 3 115 192 55 22 20 33 15 1 68 124 118 122 45 59 46 5 21 19 53 38 5 24 196 132 87 151 220 239 90 53 45 17 35 16 43 51 16 118 236 135 36 63 25 9 15 7 6 0 5 1 13 38 1 1 6 2 0 13 17 8 0 3 3 0 2 0 2 7 23 5 7 23 44 44 30 25 28 23 29 60 19 2 64 99 69 57 48 51 56 50 32 14 58 173 184 185 195 196 198 200 201 204 209 212 213 215 218 219 221 220 208 188 174 
16 23 26 23 21 20 16 11 6 5 5 7 12 15 15 14 15 14 15 16 15 13 11 11 12 12 10 10 11 10 9 6 5 2 7 10 6 0 5 3 0 54 187 210 214 214 214 212 213 213 212 211 211 211 211 211 207 207 208 210 214 217 216 213 214 214 214 214 214 215 215 216 217 217 216 217 218 219 219 219 218 217 216 216 217 218 217 216 219 216 219 218 217 213 200 195 206 210 206 192 180 181 187 191 183 189 179 160 173 173 177 199 199 190 187 203 219 219 215 220 219 219 219 219 220 220 219 219 219 219 219 219 219 219 218 218 219 219 219 219 219 219 219 219 220 218 218 219 220 220 220 220 224 220 216 217 219 219 220 220 221 206 182 159 161 192 209 201 178 133 120 151 148 150 176 185 143 129 138 163 179 181 176 180 195 194 197 195 201 187 162 168 173 183 185 195 180 157 172 188 178 163 177 198 207 211 208 210 210 210 210 210 209 209 208 208 208 208 208 207 206 206 207 207 204 206 204 203 206 205 202 204 198 202 205 197 194 195 177 155 166 172 162 168 186 188 186 190 189 195 190 183 195 206 180 138 76 27 0 0 3 0 2 11 6 4 2 3 4 3 5 8 6 4 2 5 8 4 1 4 0 5 6 5 5 4 2 2 0 2 5 6 5 4 6 8 5 7 8 5 4 6 11 13 10 7 6 3 8 12 39 107 154 168 180 179 170 165 166 168 172 171 172 170 136 64 10 2 2 2 1 1 2 2 2 2 2 1 2 4 4 2 1 2 1 1 1 1 1 1 2 2 0 3 0 4 18 11 6 5 5 5 25 33 30 41 40 29 0 12 5 1 20 128 93 8 3 5 9 7 29 29 9 18 15 1 4 1 3 3 7 8 0 5 0 0 1 8 0 4 142 193 40 8 20 37 10 7 1 1 70 51 33 19 20 35 16 33 6 14 6 125 202 198 201 111 92 180 109 29 23 39 30 33 41 66 218 201 33 13 46 17 1 5 3 10 17 13 10 15 17 1 9 1 2 2 12 13 5 0 0 1 1 2 0 1 12 24 3 7 31 47 46 37 29 31 21 35 62 18 1 82 102 78 65 51 47 48 50 36 20 51 175 184 180 193 205 210 214 215 217 219 220 219 217 216 212 208 206 200 185 169 
25 27 27 23 18 14 10 6 5 6 10 14 15 16 15 15 14 13 14 15 12 8 9 10 10 11 10 11 11 11 10 7 5 2 7 6 9 2 3 5 2 15 128 201 213 212 216 212 209 208 208 211 213 211 206 201 195 199 201 201 206 213 216 215 213 213 214 214 215 215 215 216 216 216 216 217 218 218 217 216 215 216 215 213 215 218 217 214 212 209 215 203 199 199 175 164 186 195 192 173 160 166 180 188 187 193 199 192 203 205 205 215 212 209 212 221 224 218 216 220 220 219 219 219 220 220 220 219 220 220 220 220 220 220 219 219 219 219 219 219 219 219 220 220 219 219 218 217 218 219 219 218 217 216 219 221 220 218 217 214 214 221 207 158 125 151 184 183 134 73 57 93 119 170 198 195 166 151 161 184 196 189 179 187 197 210 221 214 211 183 134 119 157 167 170 185 197 193 200 207 209 203 206 212 213 212 211 211 211 210 210 210 209 209 209 209 209 208 207 206 206 206 206 206 202 209 205 201 205 206 205 205 201 204 205 199 199 202 192 186 186 181 175 176 174 170 173 175 181 193 207 202 162 94 33 1 1 1 6 10 7 3 2 2 6 4 3 5 8 8 4 1 4 5 4 2 3 7 6 3 5 5 5 4 7 11 10 7 11 8 5 4 4 6 7 7 11 6 7 10 9 10 10 4 10 2 12 10 4 8 5 3 22 69 128 166 184 189 184 176 183 179 175 178 152 72 9 2 2 2 2 2 2 2 2 2 2 1 2 4 4 2 1 2 2 2 1 1 1 1 1 1 1 3 2 2 11 17 6 10 20 33 34 15 33 35 31 50 5 11 7 3 38 102 28 1 5 0 1 48 105 53 3 9 9 5 4 2 4 9 8 3 3 0 0 0 7 0 1 3 14 144 168 46 22 23 27 62 29 50 14 20 31 35 27 35 31 21 20 16 11 35 189 171 77 67 175 253 95 18 38 33 27 14 50 199 227 85 2 15 9 1 0 3 1 27 77 51 8 1 7 8 4 1 5 7 10 7 2 0 0 2 2 2 2 1 17 25 2 10 43 52 42 48 31 32 27 36 45 5 11 108 110 89 73 57 50 52 50 42 30 54 183 197 187 194 215 220 221 219 216 215 213 210 206 202 200 197 194 195 191 180 
28 26 24 21 15 8 5 4 5 11 15 16 14 14 14 16 13 13 13 12 8 5 5 7 8 9 9 11 12 11 9 7 4 3 7 4 12 7 3 5 5 1 52 179 209 208 206 197 194 195 200 208 214 212 201 192 186 196 201 197 195 202 211 214 213 214 215 216 216 216 216 216 216 216 216 217 217 217 215 213 210 212 211 208 210 215 215 211 200 195 203 185 187 202 183 174 177 186 187 179 180 192 199 196 201 200 212 210 216 220 218 218 220 221 221 218 217 220 222 218 222 221 220 220 220 221 221 220 220 220 220 221 221 220 220 220 220 220 220 220 220 220 220 220 219 220 220 218 218 220 220 218 219 220 221 218 215 217 220 217 217 213 196 161 144 176 191 164 114 53 28 72 116 183 214 211 199 178 176 182 181 167 162 182 213 215 216 211 213 201 170 161 179 193 194 194 207 214 210 214 207 213 214 214 211 209 211 209 211 211 210 210 210 210 209 209 209 207 206 205 205 205 204 204 207 197 196 202 199 198 205 202 205 202 200 197 204 205 199 202 199 190 190 189 165 152 162 162 192 183 133 53 2 0 4 3 5 4 4 2 0 3 6 4 2 3 4 3 3 4 5 4 4 2 4 5 4 4 5 4 7 4 5 7 5 3 4 5 4 4 5 6 6 6 5 4 6 2 9 12 4 3 10 10 8 3 6 6 6 13 12 9 14 22 33 53 94 145 179 192 189 186 180 182 150 61 0 4 2 3 2 2 2 2 2 2 2 1 2 4 4 2 1 2 2 2 2 1 1 1 1 1 3 2 0 1 8 20 5 8 45 43 56 15 26 27 48 61 36 0 11 15 17 37 1 7 1 5 0 62 76 10 1 1 0 6 47 75 23 1 12 2 0 1 2 0 0 2 4 0 0 12 134 196 87 7 64 54 27 36 39 23 59 40 47 30 23 13 44 16 10 2 42 149 179 213 214 144 34 23 42 28 9 67 192 236 123 3 9 16 3 2 5 4 1 29 68 11 1 0 4 1 23 57 20 5 9 4 2 2 1 2 3 2 0 4 23 19 2 23 52 34 45 44 28 38 24 33 41 1 35 136 118 92 72 59 56 64 55 48 34 51 184 205 194 198 208 210 210 204 200 199 198 196 199 194 197 200 197 202 207 201 
26 23 22 19 8 3 5 6 14 15 17 16 17 16 15 12 10 9 8 6 5 5 4 4 6 8 9 10 11 11 10 7 3 3 4 5 7 8 4 0 9 0 10 112 195 196 191 194 187 186 187 196 211 213 199 186 191 209 212 203 198 192 196 213 214 215 214 216 218 216 215 217 217 215 215 217 213 213 210 190 188 205 205 200 195 205 222 209 194 184 192 178 178 204 201 188 175 182 194 206 206 212 206 206 205 206 214 219 218 218 220 221 220 220 220 220 220 220 220 220 221 221 221 221 221 220 220 220 220 220 221 221 221 220 220 220 221 220 220 219 219 219 220 220 220 219 219 218 218 218 219 219 223 212 220 220 215 219 217 215 214 186 165 168 195 208 199 160 121 106 79 106 160 196 214 215 210 175 128 142 175 169 165 173 207 211 215 215 212 209 204 200 209 209 210 211 212 212 212 211 211 212 212 212 210 208 209 212 208 206 209 213 212 208 208 210 209 208 208 207 205 203 203 204 201 191 180 182 192 194 194 199 203 203 199 199 199 199 203 199 200 193 199 194 168 139 154 136 90 30 0 1 4 4 6 2 3 4 5 4 3 4 4 4 6 0 5 6 3 5 8 1 4 8 4 0 6 5 0 8 3 2 8 6 8 2 7 6 5 7 4 1 11 6 3 8 4 12 3 9 3 9 6 10 7 12 9 9 13 9 9 19 33 42 48 45 41 52 76 97 131 177 202 184 108 21 0 7 2 2 0 1 4 1 3 2 0 0 1 1 9 5 0 5 1 1 1 1 1 1 1 1 2 2 0 0 4 11 13 10 24 20 7 10 15 27 20 32 35 9 0 18 11 6 4 2 1 5 3 43 21 0 4 2 3 6 76 56 1 0 2 3 6 5 11 1 0 7 0 3 6 0 0 108 191 135 69 10 46 36 39 20 83 23 30 69 22 28 41 10 13 18 14 1 43 73 54 47 32 35 46 14 108 214 232 120 4 10 15 16 10 2 1 5 7 26 23 1 1 4 4 2 43 56 6 1 1 0 5 6 3 2 4 1 2 6 41 7 5 34 59 50 46 35 27 41 22 56 34 1 56 161 137 107 80 66 57 59 54 50 35 53 182 215 204 188 187 195 197 196 195 195 196 200 203 207 212 216 217 217 218 218 
27 21 17 13 6 5 8 10 14 15 17 18 17 14 10 6 5 5 5 5 5 5 6 6 7 8 9 9 10 11 10 7 3 3 3 4 6 7 5 1 1 9 1 43 164 194 203 194 207 199 187 187 200 207 197 183 192 209 215 211 206 195 192 206 215 216 215 215 217 217 215 216 215 216 217 220 218 214 194 159 155 189 203 201 188 189 208 207 189 180 176 167 183 210 206 196 189 201 206 211 204 203 195 190 189 204 218 220 219 219 222 222 220 220 220 220 220 220 220 220 221 221 221 221 221 221 220 220 219 219 220 220 220 220 220 221 221 220 220 219 219 220 220 221 220 220 219 218 218 219 219 219 214 224 217 217 220 216 217 209 180 154 165 198 216 213 187 142 156 158 139 158 192 205 216 216 211 182 144 165 206 209 200 192 207 210 213 214 214 213 212 209 210 211 211 212 212 212 211 211 211 210 210 212 214 213 212 209 210 208 207 206 208 212 212 208 211 209 208 207 206 204 204 205 193 186 173 154 148 166 180 176 178 197 200 204 201 198 197 202 197 203 195 193 188 109 43 12 3 0 5 11 2 0 3 2 2 3 4 3 3 4 3 2 3 9 6 1 0 3 3 5 3 0 5 6 3 5 6 3 4 5 0 4 3 11 4 9 5 2 28 23 1 10 3 36 50 1 9 2 12 15 5 11 6 9 14 21 22 12 13 27 39 49 54 49 47 50 47 40 41 70 91 90 45 1 0 0 0 9 3 2 2 2 1 2 1 4 1 2 1 4 0 4 1 1 1 1 1 1 1 1 0 1 1 1 4 9 14 16 5 13 26 19 14 12 12 12 23 33 1 12 4 5 12 45 73 17 11 13 8 4 0 2 1 12 29 0 3 6 5 0 5 22 10 1 0 2 1 0 0 5 0 0 51 155 197 104 57 40 9 25 87 45 13 52 16 23 47 3 38 25 15 34 22 1 28 58 4 33 74 152 237 212 103 8 1 7 11 0 0 26 54 29 14 18 11 3 0 1 2 5 27 12 1 5 5 0 3 8 5 2 1 0 1 25 40 1 5 34 50 56 39 39 41 42 28 50 20 2 96 167 152 129 96 78 70 60 53 48 38 50 175 218 211 191 182 189 193 198 204 207 210 214 219 221 222 222 220 216 213 211 
24 20 15 10 5 6 10 10 9 13 16 18 18 14 9 5 4 5 6 6 7 8 8 8 8 9 9 9 9 10 9 7 3 3 3 4 6 7 6 3 0 7 0 3 95 192 205 206 210 208 197 187 188 193 193 190 203 213 215 213 210 197 190 198 215 218 216 214 216 218 216 215 215 218 217 217 218 217 196 158 155 194 213 208 186 174 187 194 198 197 187 180 192 201 200 199 203 205 188 190 196 196 181 163 173 202 220 218 218 220 220 221 220 220 220 220 220 220 220 220 221 221 221 221 221 221 220 220 218 218 219 220 220 221 221 221 221 221 220 220 220 220 221 221 220 220 219 219 218 219 219 219 217 220 216 218 217 217 206 174 150 164 193 217 217 202 163 132 167 164 153 182 213 214 218 216 213 209 195 203 217 214 213 209 212 213 214 214 213 214 214 213 212 213 213 213 212 212 211 210 214 213 211 210 209 209 210 210 208 208 210 211 208 208 210 209 209 207 206 206 205 203 202 202 203 196 187 160 138 152 162 142 155 184 187 190 196 200 195 196 197 192 211 179 89 7 1 3 1 2 4 3 0 3 5 0 3 4 4 4 5 6 4 2 2 3 6 1 9 0 4 5 7 2 5 7 2 4 7 3 2 8 10 4 4 6 2 1 8 13 77 14 5 4 2 16 6 30 53 5 7 11 12 6 11 6 8 14 11 10 26 48 54 53 53 52 50 48 48 49 51 56 38 21 12 8 11 8 0 1 0 3 0 2 5 3 1 2 1 1 6 6 0 1 1 1 1 1 1 1 1 1 1 1 2 2 2 6 12 18 10 21 28 62 29 37 12 22 36 45 14 0 12 2 18 130 98 14 3 1 11 7 15 25 10 16 16 5 3 1 3 1 8 9 1 4 4 0 2 5 4 0 4 4 0 11 91 172 189 137 44 18 30 26 7 41 10 38 40 33 17 27 26 44 34 3 27 48 61 152 211 237 172 57 0 4 3 3 12 4 3 64 90 23 2 1 3 9 11 22 11 11 18 10 3 3 1 1 5 7 3 0 2 3 1 42 26 3 24 45 59 74 54 32 29 29 38 46 4 11 135 161 156 143 109 91 82 60 55 46 44 45 147 208 208 189 173 184 198 213 221 219 216 219 219 217 215 212 209 204 200 198 
17 16 13 9 5 7 9 6 5 8 13 16 18 16 12 10 9 9 9 10 10 9 9 9 9 10 9 8 8 9 9 7 3 3 3 4 5 7 7 7 6 0 4 3 25 153 206 207 206 213 212 203 197 195 201 208 212 216 214 213 214 204 194 194 211 217 217 214 215 217 216 215 216 220 217 214 215 219 211 188 178 206 217 213 200 189 195 202 209 215 208 198 176 161 172 186 210 192 146 147 171 188 186 173 175 206 221 217 218 220 219 220 220 220 220 220 219 219 219 219 220 220 221 221 221 220 220 220 219 219 219 220 221 221 221 220 221 220 220 219 220 220 221 221 220 220 219 219 219 219 219 219 221 213 218 217 217 208 169 139 161 204 218 217 211 185 149 161 182 154 152 191 218 216 215 214 215 219 215 216 216 213 216 213 215 215 215 213 213 212 212 212 213 213 214 214 213 212 211 211 211 211 212 212 210 202 192 185 199 204 209 208 207 210 211 206 207 206 206 208 208 207 205 205 207 200 200 191 176 176 172 150 160 177 177 168 173 183 200 209 208 186 102 6 0 6 2 5 8 6 2 1 2 2 2 2 3 4 4 4 6 7 6 3 5 6 0 12 6 3 7 3 6 10 5 3 6 3 1 2 8 1 3 46 1 4 9 4 0 21 10 4 2 6 8 8 17 27 17 0 8 3 3 13 19 12 9 9 10 21 46 65 62 58 58 59 55 49 53 61 59 49 58 69 46 25 21 6 12 7 2 7 0 0 3 0 3 0 2 1 25 23 0 0 1 1 1 1 1 1 1 1 2 1 1 1 0 1 7 14 3 16 30 44 39 41 25 19 28 42 34 1 3 4 22 103 37 0 2 5 1 35 109 64 3 0 2 8 1 7 11 4 15 1 4 3 2 2 0 0 0 0 1 0 6 5 1 14 83 165 186 158 123 80 43 55 23 12 9 35 20 18 37 37 75 79 127 177 226 216 168 88 15 4 2 8 14 8 1 2 3 60 48 0 2 1 1 3 64 53 12 4 0 5 4 2 4 6 6 4 2 3 3 0 17 43 1 6 37 48 69 78 49 29 31 36 62 43 1 49 161 159 161 156 132 123 115 90 67 50 51 39 100 186 192 183 171 183 199 215 220 213 207 209 207 204 201 200 200 200 200 199 
8 10 10 9 5 6 9 7 5 7 12 15 18 17 15 14 14 14 13 13 12 11 11 10 10 10 9 8 8 9 9 7 4 3 3 4 5 6 8 9 5 1 3 1 1 73 189 204 208 211 211 212 211 209 210 216 213 214 211 211 216 211 198 190 206 214 217 214 214 215 215 215 214 219 217 217 216 217 217 207 201 213 216 216 216 212 214 219 217 217 214 204 159 129 149 170 193 183 149 155 175 189 199 202 196 215 221 217 221 221 219 221 219 219 219 219 219 219 219 219 219 219 220 220 220 220 220 219 220 220 220 220 221 221 220 220 220 220 219 219 219 220 220 221 220 220 220 219 219 219 219 219 217 221 217 214 213 174 135 153 199 221 215 213 204 161 136 179 180 154 178 210 214 217 215 218 216 215 213 215 215 215 217 215 214 213 213 213 213 213 213 214 213 213 214 214 213 213 212 211 209 208 209 213 210 189 153 128 154 178 196 201 206 213 212 208 207 206 206 207 207 206 205 205 204 200 200 203 203 199 193 187 191 188 174 146 156 175 184 152 111 26 0 1 3 2 4 2 0 0 0 2 5 2 0 3 1 2 3 3 5 6 6 3 6 3 8 2 5 3 6 5 1 7 2 4 8 6 6 4 4 15 1 39 20 10 6 5 6 6 9 0 9 5 0 4 2 2 6 5 1 11 3 4 8 12 15 15 23 41 60 65 67 67 64 60 60 61 57 50 48 59 54 48 58 67 50 19 25 26 13 1 5 2 2 7 2 0 2 1 33 51 3 1 1 1 1 1 1 1 1 1 2 0 0 2 0 0 3 8 13 15 29 20 36 12 12 20 39 44 35 35 3 9 30 33 0 2 0 7 2 50 89 12 2 7 4 3 44 81 35 5 10 8 8 1 1 1 4 0 2 2 0 0 0 0 0 0 0 4 53 121 169 180 184 182 157 138 145 134 140 136 160 181 202 204 209 183 126 60 7 0 2 5 11 8 20 6 17 12 9 34 14 4 2 1 2 15 59 21 0 2 2 0 11 33 13 6 1 1 4 3 1 2 33 29 5 37 47 35 44 46 40 41 31 36 78 34 2 97 170 159 163 162 156 155 149 132 93 62 55 38 59 165 181 183 183 186 187 192 198 198 197 200 199 199 199 201 205 208 210 211 
4 5 8 7 5 7 11 12 10 11 12 16 17 15 14 14 14 13 13 12 11 11 11 11 9 10 10 9 9 10 8 6 4 3 3 4 4 5 7 9 4 5 2 1 3 14 121 211 208 208 206 209 212 211 210 212 214 209 201 201 205 203 194 187 204 212 215 214 213 213 213 215 216 217 214 217 218 217 218 215 216 218 217 217 218 217 216 218 221 215 217 213 174 144 157 168 179 188 186 201 207 208 210 214 214 220 219 218 220 220 218 221 219 219 219 219 219 219 219 219 219 219 219 220 220 220 219 219 221 220 220 220 221 221 220 219 220 219 219 219 219 220 220 221 220 220 220 220 219 219 219 219 215 223 216 210 186 141 152 195 218 217 213 214 185 146 145 174 149 154 199 217 211 219 219 218 217 217 218 219 215 211 212 216 215 214 213 215 215 214 213 213 213 213 213 214 213 213 212 211 211 209 208 209 205 185 156 133 127 127 133 158 187 191 193 207 208 207 207 206 204 202 202 203 206 209 203 200 203 201 198 204 204 189 190 189 188 151 89 8 0 0 10 7 1 2 1 1 4 6 2 0 1 3 2 1 2 4 4 4 5 6 6 5 5 7 3 1 7 1 7 2 6 1 1 8 3 11 27 16 5 24 5 25 59 20 9 10 8 2 14 16 15 19 9 6 10 10 1 5 7 4 6 6 1 6 9 11 24 46 63 68 67 66 64 64 66 65 60 55 56 49 57 62 52 54 62 56 23 14 43 42 6 1 2 0 0 3 0 0 18 60 7 0 1 1 1 1 1 1 1 1 2 0 0 2 2 1 2 4 12 9 4 25 34 24 17 59 39 19 15 32 18 3 9 23 11 1 1 4 5 31 21 1 0 0 2 4 67 73 15 0 1 4 1 25 47 8 1 6 1 7 1 0 3 5 2 5 6 3 0 0 8 32 66 91 129 151 162 166 172 169 147 131 105 77 41 11 0 8 2 7 7 4 8 1 16 72 64 18 7 6 6 7 1 4 7 16 28 2 3 2 8 0 14 24 7 1 0 5 4 1 3 21 43 3 5 35 40 36 37 36 47 53 28 43 75 10 13 139 168 161 162 159 160 164 158 148 120 78 60 46 36 141 181 186 193 190 180 176 185 196 201 203 206 208 211 214 217 218 218 218 
9 8 10 12 11 12 15 16 16 14 14 17 17 14 13 13 12 12 10 10 9 10 10 11 9 10 11 10 10 11 9 7 4 3 3 4 3 3 5 8 6 4 2 7 5 0 41 166 205 210 211 209 211 211 208 207 210 198 189 190 193 190 190 193 207 211 211 211 213 212 212 215 217 217 212 215 218 218 220 220 217 215 218 218 216 218 218 218 218 216 218 217 198 179 179 183 199 206 210 219 218 220 217 219 219 219 218 218 219 218 219 219 220 220 220 219 219 219 219 219 219 219 219 220 220 220 220 219 220 219 219 220 221 222 221 219 220 220 219 219 219 220 221 221 221 220 220 220 219 219 219 218 218 217 209 188 152 152 196 217 215 214 218 205 161 147 178 174 141 174 208 216 213 216 218 213 218 215 214 215 219 219 214 216 217 215 214 215 215 213 212 212 213 213 213 213 213 212 211 211 210 210 210 209 206 202 199 196 165 127 96 114 149 144 145 177 191 195 201 205 206 204 204 205 202 208 204 199 201 201 200 205 198 201 206 186 110 29 2 3 6 0 1 4 1 2 4 6 0 4 6 3 0 0 2 3 4 6 7 5 4 5 6 6 6 2 90 156 161 160 63 18 14 8 4 10 5 15 36 24 18 4 1 57 49 26 18 31 29 5 8 6 11 22 11 13 15 37 20 15 11 1 4 1 5 8 4 3 14 28 45 61 57 61 68 73 69 61 57 58 55 56 53 53 58 58 52 54 56 44 33 21 20 32 1 4 1 2 1 0 1 39 12 0 1 1 1 1 1 1 1 1 2 0 0 2 3 2 2 2 10 14 10 11 19 26 21 37 17 9 22 13 36 24 3 25 18 40 79 32 1 11 10 3 7 0 1 6 38 13 0 6 4 0 10 63 67 13 0 0 5 1 1 9 0 0 0 0 0 2 8 9 0 0 5 3 0 2 2 7 5 0 7 2 1 0 0 7 7 1 7 25 23 4 5 2 15 100 49 0 5 0 4 18 50 39 19 10 9 4 6 0 0 4 15 7 0 0 1 5 2 1 11 39 25 2 28 45 43 32 37 33 40 48 46 76 55 1 60 165 166 164 164 164 160 161 156 152 138 98 69 61 22 102 179 181 188 193 187 180 187 203 212 212 218 219 220 220 219 216 214 213 
15 12 14 19 19 18 18 17 17 14 15 17 17 14 13 14 14 13 11 10 10 10 11 12 9 10 11 10 11 11 9 7 4 3 3 3 3 2 4 7 10 7 0 3 3 2 4 77 196 206 208 205 207 210 203 194 196 184 181 190 193 188 191 201 211 210 209 209 213 212 212 214 213 218 215 216 218 216 218 218 220 216 219 219 215 218 219 217 218 222 220 215 210 205 205 213 216 217 219 220 215 222 218 217 219 217 219 220 218 219 221 220 220 220 220 220 220 220 220 220 219 219 219 220 220 220 220 220 219 218 218 219 221 222 221 220 220 220 220 219 220 220 221 222 221 221 220 220 219 219 219 218 217 215 199 151 137 186 219 217 217 216 212 186 137 138 187 166 152 199 212 215 216 211 216 217 216 218 218 214 216 216 212 218 217 214 213 214 214 213 212 213 213 213 213 213 212 211 210 210 210 209 209 210 210 208 207 208 195 186 159 142 129 97 97 142 153 164 180 194 201 202 203 204 202 203 202 201 201 200 199 199 204 202 140 64 0 0 4 3 1 5 2 1 3 4 3 5 5 0 0 3 4 4 4 4 5 7 7 4 2 2 4 5 1 123 189 77 30 95 180 39 12 17 8 12 15 16 26 19 9 17 13 32 16 10 3 29 1 42 25 2 6 2 39 25 13 14 23 24 10 26 11 4 7 7 2 1 4 1 9 30 54 66 72 68 66 70 72 70 66 57 52 50 56 59 52 48 48 51 54 37 13 66 37 13 7 0 6 4 0 12 18 1 1 1 1 1 1 1 1 1 2 1 1 1 1 1 1 0 2 9 13 7 14 21 23 24 23 22 18 16 31 41 12 4 20 114 118 11 7 2 2 9 18 34 13 9 23 4 0 1 1 2 18 34 1 1 8 2 5 2 16 16 0 4 0 5 2 3 0 0 4 6 2 4 5 0 4 0 1 7 0 2 1 10 4 3 8 14 18 46 15 5 0 5 20 51 7 0 1 4 1 24 93 28 1 2 4 5 3 23 10 7 7 7 2 4 2 0 3 9 21 37 4 85 184 197 135 46 38 27 35 31 46 77 20 7 124 167 160 161 164 169 159 159 158 154 144 113 77 70 12 66 171 171 176 194 196 186 187 203 216 220 216 216 213 209 204 200 198 198 
17 15 16 19 20 17 18 20 18 16 16 16 15 13 13 14 11 11 11 10 9 9 10 11 11 10 10 10 11 11 9 7 3 3 3 3 3 3 4 4 7 7 4 1 1 3 5 4 126 206 196 194 191 190 188 175 177 186 198 206 208 207 208 211 211 211 211 211 211 212 213 213 215 214 214 215 215 214 216 219 216 215 216 217 217 216 216 218 218 216 216 218 218 217 216 216 218 218 218 217 217 217 217 217 215 217 218 218 218 218 220 221 221 219 220 221 221 220 220 222 220 218 218 220 221 220 220 220 220 220 221 221 221 221 221 221 220 221 221 220 219 221 223 225 220 222 222 219 217 217 218 219 215 201 154 135 177 214 217 216 213 219 202 165 140 173 162 130 177 208 217 214 217 215 215 215 216 214 215 216 215 214 215 215 212 220 214 212 214 212 214 216 213 213 213 213 212 211 210 210 210 209 208 207 207 207 208 209 210 207 200 190 177 164 152 146 132 126 147 170 181 180 195 204 204 206 203 200 198 202 198 218 170 68 7 0 2 6 0 4 0 2 2 1 2 4 4 1 3 3 5 5 6 13 7 7 6 0 2 16 28 0 17 0 31 201 44 0 7 0 8 26 13 24 16 13 15 9 19 17 23 33 34 52 2 15 15 28 3 11 9 23 23 16 33 37 3 2 21 21 42 32 5 21 21 2 12 4 3 5 5 1 0 28 48 59 68 64 68 60 69 63 61 51 49 52 75 50 53 48 49 57 35 20 19 32 26 10 1 1 4 17 45 6 1 8 1 0 4 2 0 3 1 1 1 1 1 1 1 1 0 7 12 9 8 15 26 35 21 23 26 16 14 43 47 3 2 47 39 0 5 5 0 18 111 87 11 2 5 9 4 5 10 6 21 15 0 6 11 1 3 1 15 8 0 1 2 0 4 0 2 0 0 4 1 5 3 3 4 0 7 4 3 4 3 0 4 6 7 13 9 4 18 45 45 13 20 17 4 1 1 0 1 34 65 3 5 3 1 1 40 48 8 2 0 4 6 5 3 3 3 17 38 2 62 219 190 107 100 58 88 70 32 19 76 46 1 62 165 168 161 163 164 162 161 160 159 159 151 116 84 74 12 53 171 184 182 191 196 185 175 182 196 205 205 201 199 200 199 197 198 201 
10 9 11 16 18 17 17 18 17 16 15 15 14 12 12 13 12 12 11 11 10 9 10 11 12 11 11 10 11 12 10 8 3 3 3 3 3 3 4 4 6 6 5 2 1 3 4 4 32 157 201 175 185 180 169 185 194 200 208 213 213 211 212 214 213 213 212 212 213 214 214 215 217 216 217 218 217 216 217 219 220 218 217 217 214 214 218 224 216 214 214 216 217 216 215 216 218 217 217 217 217 217 217 217 219 217 216 215 216 217 219 221 219 218 219 221 222 220 219 219 219 217 217 219 220 220 220 221 221 220 220 220 220 220 220 219 223 220 220 222 224 222 220 220 220 220 220 221 224 226 217 206 189 154 143 173 207 220 219 212 212 210 186 144 165 197 160 154 197 216 218 215 215 214 215 215 216 216 213 211 214 214 214 216 214 211 207 203 193 196 210 211 212 212 212 212 211 211 211 211 210 210 209 209 208 208 208 207 206 207 207 206 202 198 192 189 166 144 152 150 127 152 162 178 195 199 196 199 197 210 187 108 44 8 1 4 3 5 0 2 7 3 0 1 2 2 3 5 1 7 3 10 8 1 11 4 10 48 114 191 135 0 21 4 41 191 15 0 9 23 10 3 12 24 31 10 9 5 24 17 13 9 30 57 20 43 20 5 10 8 2 44 1 12 3 18 19 28 43 11 36 11 6 18 20 14 21 43 4 12 0 2 7 1 3 28 56 68 64 64 68 63 59 62 53 50 61 47 46 42 36 30 41 39 28 11 33 24 21 22 1 6 28 12 1 0 2 4 0 2 6 0 1 1 1 1 1 1 1 1 1 1 7 12 9 6 15 29 26 30 34 32 29 24 47 44 6 1 7 5 1 0 5 40 95 32 1 8 2 0 28 88 60 3 5 6 12 0 1 6 11 15 3 0 3 0 1 3 0 8 2 6 0 0 0 0 2 0 0 6 0 6 1 2 0 8 2 1 4 9 1 0 44 110 49 1 1 3 13 7 8 14 17 21 18 1 1 1 2 1 31 24 1 3 4 3 0 7 1 2 10 31 17 3 125 221 45 0 62 199 207 186 126 57 79 8 16 135 176 162 162 163 163 161 161 161 161 159 153 124 97 59 5 45 174 195 182 195 180 169 168 171 184 185 198 198 199 201 204 206 209 211 
7 4 7 12 15 15 14 15 16 15 14 14 13 12 12 13 12 12 11 11 10 10 11 11 12 11 11 11 11 12 10 8 3 3 3 3 3 3 3 4 5 6 6 4 2 2 4 4 0 60 184 200 197 194 196 202 208 210 213 214 213 212 213 215 214 214 213 213 213 214 216 216 215 214 215 216 216 216 216 217 217 214 213 216 217 216 214 215 217 216 215 216 217 217 217 217 218 217 217 217 217 217 217 217 216 215 214 215 218 219 219 219 221 219 219 221 222 222 221 221 222 220 219 219 219 219 219 219 220 219 218 218 220 221 220 220 221 218 217 221 223 222 221 222 219 220 219 217 215 207 188 171 156 156 185 215 215 211 217 219 220 202 168 137 165 167 140 171 209 215 214 215 215 213 215 213 214 217 214 212 215 215 211 211 204 183 179 184 174 180 204 209 211 211 211 210 210 211 211 212 210 210 210 210 209 208 207 207 208 209 210 210 209 206 203 201 192 197 182 155 148 139 126 123 139 171 178 187 206 139 35 1 1 0 4 2 0 3 2 6 0 3 5 4 4 5 1 0 2 8 11 1 10 8 1 58 170 182 135 65 25 13 12 0 2 144 174 148 151 164 183 75 32 17 28 33 20 32 45 15 22 1 34 40 28 30 17 19 21 20 17 14 16 25 12 29 28 9 6 12 26 9 17 47 31 24 20 30 32 42 28 11 3 4 4 1 4 32 43 62 53 56 51 64 52 49 44 33 40 36 42 32 30 34 37 16 6 8 28 46 28 21 11 14 3 4 2 0 1 1 0 2 1 1 1 1 1 1 1 1 2 0 2 9 9 6 10 18 34 29 34 22 34 31 17 54 62 5 3 19 10 5 7 17 32 1 7 1 0 1 61 102 38 15 1 7 1 29 76 34 0 7 8 2 0 1 2 3 8 0 0 4 0 4 5 3 3 6 0 2 8 0 4 11 5 12 16 3 4 1 3 3 54 87 8 1 8 1 6 33 75 24 6 9 4 7 0 1 8 7 27 10 1 3 3 0 4 8 4 8 29 15 6 0 92 197 89 99 204 214 73 79 216 119 23 1 79 173 163 170 165 163 161 161 163 164 163 160 149 129 110 55 8 36 159 193 186 185 173 179 186 170 168 188 202 209 214 215 217 220 222 221 
12 9 6 9 12 14 14 15 17 15 15 15 13 12 12 13 12 12 11 10 10 10 11 11 12 11 11 11 11 12 10 8 3 3 3 3 3 3 3 4 4 6 7 6 3 2 3 3 9 0 92 213 209 206 213 208 210 210 211 210 210 211 212 213 214 214 212 212 212 214 215 216 217 217 217 217 217 216 216 217 217 216 215 215 217 220 220 219 218 218 217 217 217 217 218 218 218 218 218 218 217 217 217 217 217 216 216 218 219 220 220 219 221 219 217 218 220 221 222 222 221 220 219 218 218 217 217 218 221 220 220 220 220 221 221 222 222 221 220 218 217 217 217 217 220 218 209 194 175 163 159 161 176 202 219 219 217 217 216 215 210 187 150 164 183 142 141 192 211 213 214 217 215 215 219 212 213 210 210 207 204 210 215 212 200 166 156 175 179 183 203 210 211 211 210 210 210 210 211 212 210 210 209 209 209 208 208 207 207 207 208 208 207 206 204 203 204 210 203 191 191 175 163 130 130 147 164 126 74 23 1 10 6 2 2 0 3 5 0 4 0 4 7 4 0 0 5 10 8 9 11 3 0 7 0 85 192 0 4 0 0 18 4 11 7 2 68 81 45 24 61 197 43 17 6 10 26 2 29 11 20 16 33 45 33 33 5 28 28 37 20 4 36 43 11 22 31 3 18 10 7 1 22 30 16 29 30 7 26 13 30 43 34 6 1 4 6 1 8 42 52 62 56 58 47 53 53 51 38 38 30 34 37 39 34 43 20 13 5 23 28 17 29 36 7 5 0 0 4 1 0 6 1 1 1 1 1 1 1 1 2 2 0 2 9 15 15 10 13 51 38 38 51 41 13 38 58 39 14 3 17 29 8 10 13 2 0 0 3 2 45 68 77 99 16 1 6 90 108 21 3 1 8 0 14 24 5 7 2 0 6 0 3 2 1 2 1 0 5 0 1 22 86 51 4 5 15 1 2 7 8 2 35 26 0 4 4 1 1 69 69 3 1 2 4 5 32 37 7 5 15 5 2 2 0 1 3 3 2 32 24 5 5 10 1 114 191 227 207 59 0 130 228 92 3 28 142 176 171 167 167 164 161 161 164 167 165 161 155 135 108 45 5 24 138 197 187 183 193 191 190 178 158 178 203 214 222 220 216 215 213 209 
18 14 12 12 14 16 16 16 18 17 15 15 14 12 13 14 12 12 11 10 10 10 10 11 12 11 11 10 11 12 10 8 3 3 2 2 3 3 3 3 4 6 7 7 4 2 2 3 4 1 9 118 212 203 207 206 208 208 209 208 209 211 212 212 213 213 212 211 212 213 215 216 217 217 216 216 216 215 215 215 216 219 220 217 215 217 216 213 218 218 217 216 216 217 217 217 218 218 218 218 218 218 218 218 219 218 217 215 215 216 218 220 221 220 219 219 220 221 221 221 217 217 217 217 217 218 218 219 218 218 219 218 217 217 218 219 216 219 221 220 222 223 219 210 192 171 150 146 155 171 190 205 215 222 215 211 222 223 215 216 202 167 136 177 184 146 166 212 214 215 214 213 208 210 217 210 202 188 188 185 176 192 213 212 208 183 169 185 199 200 206 211 212 212 211 210 210 210 210 211 209 209 208 207 207 208 208 209 207 207 206 206 206 206 207 207 206 202 204 207 198 207 192 190 185 194 112 18 6 3 3 1 0 0 1 1 5 4 0 2 9 1 0 4 7 4 2 4 8 30 22 46 58 3 8 10 195 55 14 90 39 0 9 11 6 29 19 4 0 0 33 205 59 1 13 18 13 24 4 19 14 14 21 18 33 32 14 8 35 14 1 25 30 29 12 31 32 3 20 22 14 15 10 15 14 36 13 8 8 30 20 20 23 41 44 15 6 0 8 1 22 38 46 45 38 39 43 45 41 30 32 45 34 38 41 38 42 29 8 18 14 19 53 44 23 1 1 4 1 4 4 1 1 1 1 1 1 1 1 1 0 4 2 0 6 17 17 8 5 40 29 37 45 43 29 32 30 44 39 16 1 12 7 3 3 9 20 42 20 16 25 61 57 42 11 5 15 71 41 1 0 0 0 9 83 68 10 4 4 8 2 1 9 4 8 10 4 4 4 2 1 73 100 10 0 3 2 7 42 75 33 13 7 9 8 0 0 8 10 56 20 0 6 0 0 5 60 42 1 3 2 1 6 13 3 7 5 12 32 24 16 115 163 125 29 2 43 83 55 101 188 232 138 12 7 111 180 160 168 172 167 164 161 161 165 167 164 159 152 137 104 31 8 16 129 208 206 191 197 189 175 161 144 157 190 202 210 207 202 199 197 194 
20 18 17 18 20 20 19 17 19 17 16 16 14 13 13 14 13 12 11 10 10 11 11 11 12 11 11 10 11 12 10 8 3 3 2 2 2 3 3 3 4 5 6 7 5 2 2 3 0 9 0 17 153 210 211 208 207 208 208 208 209 210 211 210 212 212 211 211 212 214 215 216 214 215 216 216 217 217 216 214 213 210 207 207 211 217 221 221 218 219 219 217 217 217 218 218 218 218 218 218 218 218 218 217 219 221 221 221 219 218 219 220 215 216 217 218 218 218 218 216 219 220 221 219 219 219 219 219 218 219 220 221 221 221 222 223 219 219 218 214 211 203 185 167 136 135 148 177 206 218 218 217 222 217 216 218 216 216 217 218 196 146 154 175 139 145 189 208 204 204 202 199 193 198 211 210 192 176 178 180 171 188 212 210 211 209 196 199 212 213 210 210 212 212 211 210 210 209 210 210 208 208 207 206 206 207 208 209 211 210 207 205 203 202 201 201 204 206 202 206 205 204 205 213 180 79 10 7 11 4 6 2 3 7 4 0 0 3 3 3 0 5 9 6 4 7 11 12 5 7 2 52 189 28 5 2 127 165 159 176 78 13 19 2 0 54 198 93 102 130 185 139 37 14 16 18 44 27 13 20 6 10 10 31 22 31 14 1 26 23 16 15 4 11 21 12 19 17 12 15 19 47 10 15 25 21 32 8 4 13 47 47 32 14 16 33 46 4 3 5 1 7 25 37 49 43 38 30 24 40 49 38 42 40 39 36 43 48 29 3 7 35 25 48 40 10 2 1 0 3 1 2 1 1 1 1 1 1 1 1 0 2 3 1 1 6 10 11 11 5 17 24 29 32 36 32 17 16 29 52 21 3 4 9 0 10 115 102 19 1 6 4 18 2 29 12 11 31 24 13 9 7 1 26 77 33 1 0 0 0 20 75 41 9 11 0 4 0 1 3 3 62 49 1 6 3 1 3 78 73 11 0 0 5 0 28 45 19 13 17 16 3 0 0 3 14 49 13 0 6 0 2 10 19 2 1 6 28 21 9 156 233 138 141 168 56 13 5 42 168 185 106 15 1 67 162 158 167 171 165 166 165 163 163 165 166 162 157 143 136 95 17 14 15 121 207 224 204 185 182 167 151 156 163 176 183 190 193 193 194 195 197 
22 21 21 21 21 20 20 18 19 17 16 16 14 13 13 14 14 13 11 11 11 12 12 11 12 11 11 11 11 12 10 8 3 2 2 2 2 3 3 3 4 3 5 7 6 4 4 4 3 4 1 0 46 171 207 210 205 207 208 207 207 209 209 208 210 210 211 211 212 214 215 216 216 218 218 217 214 211 205 200 185 174 167 168 173 181 199 216 216 218 219 218 218 219 219 219 218 218 218 217 217 217 217 217 219 217 215 212 208 206 206 206 212 214 215 214 215 218 220 221 216 218 219 218 218 218 218 217 221 220 219 219 220 219 217 215 214 205 194 185 177 166 153 143 169 185 207 220 220 216 217 221 219 214 219 219 214 218 218 202 166 135 178 165 126 166 208 199 189 191 190 192 190 193 207 214 204 193 195 201 199 205 215 213 209 215 209 208 212 211 211 210 211 211 210 210 210 209 209 209 208 208 207 207 207 207 207 208 207 207 207 206 204 204 205 205 207 198 200 205 205 204 209 141 31 2 6 11 3 6 0 3 1 3 1 0 2 5 5 0 2 4 5 6 10 12 6 1 27 14 8 0 162 104 1 1 69 190 57 0 1 12 0 10 8 0 45 103 127 110 50 8 5 6 2 8 0 0 0 4 6 0 2 5 0 0 6 6 4 4 0 17 7 3 4 14 29 23 20 13 32 22 1 16 14 0 30 54 15 7 28 56 32 22 24 26 36 14 7 1 6 0 3 13 33 44 41 30 24 30 43 38 43 54 60 41 50 39 53 34 5 20 20 24 39 29 22 5 0 2 0 5 1 1 1 1 1 1 1 1 1 0 2 2 1 0 4 9 4 11 17 30 39 27 39 27 24 36 19 49 57 25 2 9 0 32 127 83 91 37 1 7 21 109 92 18 4 3 9 8 9 3 2 29 32 0 1 2 5 1 53 107 25 1 5 1 1 23 54 34 6 9 13 3 0 1 2 4 68 34 3 2 2 3 8 80 62 7 0 2 7 1 12 11 5 10 23 10 0 3 2 1 8 8 3 9 30 20 1 148 221 99 0 35 210 198 183 92 9 16 41 32 1 29 128 156 147 164 172 171 167 167 167 167 167 165 161 156 148 139 67 9 11 12 93 183 206 212 188 172 170 176 187 180 171 172 179 192 200 203 205 208 
23 22 20 20 18 18 19 19 19 17 16 15 13 12 12 14 14 13 12 12 12 13 12 12 12 12 11 11 12 12 10 9 3 2 2 2 2 3 3 3 3 2 3 6 7 5 5 5 1 3 0 6 0 74 196 207 204 207 208 206 206 208 209 209 209 209 210 211 212 213 214 215 215 215 213 207 199 189 177 168 169 168 172 173 157 143 159 187 213 216 217 217 217 218 219 218 217 217 217 217 217 217 216 216 211 202 188 176 169 168 171 172 180 181 181 179 180 186 193 197 205 209 212 213 214 217 218 218 215 211 205 203 201 197 190 185 173 164 158 160 165 174 190 205 212 217 219 217 217 220 220 218 218 218 218 215 215 219 211 192 146 148 171 133 145 195 212 200 187 190 194 203 203 199 209 218 218 211 207 211 215 213 211 213 214 213 210 213 212 207 210 211 209 210 210 210 210 209 209 208 208 208 208 208 208 207 206 206 204 205 206 206 204 203 203 203 204 205 202 200 205 216 133 11 0 17 7 3 0 5 6 0 4 2 0 4 3 0 3 1 8 5 8 10 3 15 72 134 53 2 7 2 61 176 10 1 9 183 83 0 44 128 126 14 7 5 0 2 0 0 13 14 0 6 0 2 4 6 3 4 3 7 5 2 7 8 3 5 4 2 0 0 2 4 3 2 7 16 8 11 29 38 15 13 37 3 24 27 28 22 20 5 11 15 32 32 33 24 22 33 13 7 5 2 13 37 42 32 34 39 37 42 42 53 54 54 50 78 58 61 44 1 43 48 24 27 46 30 2 2 2 1 1 1 1 1 1 1 1 1 3 1 0 0 2 3 3 2 10 14 8 3 35 51 22 19 34 61 39 41 43 60 52 7 3 12 45 36 138 103 4 0 68 139 42 1 2 4 4 24 76 47 11 13 9 5 2 2 0 2 52 53 1 4 1 6 2 96 91 19 2 1 9 5 9 28 15 15 20 6 1 1 3 0 16 71 15 1 1 3 1 24 69 34 5 5 5 3 5 3 3 1 7 3 20 49 24 2 5 146 189 60 46 168 220 116 89 196 109 42 57 11 13 112 110 108 148 156 167 169 168 169 171 170 169 166 161 157 149 137 43 19 13 13 53 142 184 198 189 175 182 190 188 192 180 178 185 205 218 220 219 221 
23 23 21 19 19 19 18 16 14 14 13 13 13 13 12 12 13 13 13 12 12 12 12 12 14 12 11 12 13 13 12 13 5 1 3 3 2 3 2 3 4 3 3 4 6 7 6 4 3 4 3 2 1 0 99 205 206 206 204 205 204 210 206 214 211 209 211 212 208 212 217 214 214 202 188 179 160 163 175 185 201 206 216 216 206 183 156 144 176 213 215 216 218 214 221 214 216 215 216 212 220 215 210 196 174 165 161 166 175 181 180 179 178 173 165 162 162 161 160 163 167 168 173 180 185 190 191 186 178 164 156 159 162 165 166 167 169 177 193 205 207 214 219 216 217 214 213 215 217 218 218 218 219 216 213 217 215 214 200 165 146 186 159 105 157 212 209 211 199 203 207 214 213 211 214 211 218 215 215 210 211 215 212 210 209 208 200 200 211 213 209 212 212 211 209 209 210 210 209 208 210 209 208 209 209 206 203 203 203 207 197 208 202 200 201 193 202 202 200 202 201 112 10 4 11 5 1 3 4 2 1 2 3 1 4 0 2 4 7 8 6 6 13 1 50 172 173 120 195 67 2 5 1 163 94 2 2 114 179 142 185 146 85 15 23 14 6 5 7 7 6 5 7 5 7 7 9 8 3 8 6 5 4 6 6 4 4 6 7 6 6 6 5 5 4 4 2 1 3 7 8 9 20 32 33 36 31 53 3 24 17 8 23 5 12 40 25 24 18 35 35 29 1 6 3 11 27 25 36 31 30 41 37 51 54 50 51 97 67 52 64 41 7 21 19 7 10 50 31 5 0 7 1 0 2 4 2 1 1 1 1 1 1 1 1 1 1 1 4 6 6 7 14 23 25 22 43 50 58 39 27 33 53 60 16 1 1 4 9 17 3 6 49 93 16 11 12 6 0 83 133 35 0 0 5 9 9 26 16 11 14 13 0 2 3 0 8 104 54 4 3 2 0 14 90 76 9 3 6 5 7 1 4 4 15 37 4 0 6 2 3 26 62 7 1 2 3 0 14 23 9 6 9 29 51 15 0 3 2 6 126 179 186 222 104 1 1 191 187 69 18 4 93 113 83 87 123 147 169 168 168 172 181 168 172 161 162 161 155 125 32 19 13 18 26 63 156 184 201 186 186 184 186 191 197 177 183 191 211 222 205 209 
21 21 20 18 18 19 18 17 15 15 14 14 14 13 13 12 13 12 12 12 12 12 12 12 14 12 11 11 11 12 11 11 6 1 3 3 2 3 2 3 4 3 3 4 6 6 6 5 5 0 3 0 6 2 11 127 214 203 204 210 206 210 213 204 211 211 212 211 211 215 211 196 180 162 147 156 172 196 207 219 217 222 215 220 220 213 194 153 128 175 213 220 213 218 220 211 215 212 218 219 208 204 172 157 163 179 199 212 216 214 213 212 210 207 205 204 200 194 189 187 186 176 173 162 162 157 164 162 162 160 167 180 186 191 199 205 211 216 216 214 216 217 216 215 214 214 217 218 216 214 216 218 214 218 218 217 219 210 181 131 158 175 129 121 184 215 214 210 217 214 217 214 210 211 211 213 209 211 211 213 215 213 203 191 195 191 180 181 201 215 213 212 210 209 208 208 210 212 213 213 210 209 207 206 205 206 207 209 208 202 207 212 201 192 175 175 190 202 217 197 58 0 1 19 7 3 1 2 3 1 1 2 1 3 2 5 6 9 3 20 9 8 15 120 191 97 5 0 117 152 2 8 0 66 173 2 0 30 139 94 27 3 0 13 9 6 4 5 7 7 6 5 3 6 7 2 1 1 1 1 2 2 2 2 2 1 1 2 2 3 4 5 6 7 8 8 12 7 4 3 2 2 10 19 10 28 30 25 19 46 33 3 30 35 17 52 8 16 42 20 39 20 15 14 2 1 7 24 39 42 45 43 52 42 56 44 54 51 64 50 60 77 71 16 9 11 9 18 29 41 20 0 9 0 3 4 0 0 0 2 1 1 1 1 1 1 1 1 0 6 9 7 5 11 20 26 31 34 51 38 26 16 34 81 51 25 25 1 6 12 25 11 20 28 21 18 18 2 6 98 77 5 6 2 2 6 82 101 24 3 2 10 4 6 9 12 8 54 26 0 5 7 0 26 123 22 2 0 1 6 15 61 47 16 4 5 8 2 0 1 1 29 37 1 1 3 0 2 23 28 1 7 49 56 10 34 101 64 37 1 3 56 178 192 61 29 159 227 115 23 4 80 98 81 71 67 83 123 156 172 171 177 178 174 167 165 161 166 156 112 21 13 14 21 19 17 104 189 207 214 194 187 182 187 185 171 161 173 191 192 196 192 
21 21 19 17 17 18 18 17 16 15 14 14 14 13 12 12 12 12 12 12 12 12 12 11 11 11 11 11 12 12 14 15 7 1 3 2 2 3 1 2 3 3 3 4 4 5 6 6 0 5 9 1 0 9 0 29 159 217 200 204 207 207 209 210 211 211 212 210 211 209 183 146 127 152 171 193 212 219 212 212 211 218 216 217 213 216 220 191 129 126 174 212 216 215 211 219 216 213 207 214 207 174 144 165 203 212 219 218 215 214 215 215 214 214 215 205 186 183 195 205 199 204 203 186 178 183 192 189 202 205 212 215 213 213 214 214 215 216 217 215 215 218 218 217 217 213 211 213 216 217 217 217 217 216 217 215 211 203 159 141 180 170 114 146 205 212 217 214 213 209 215 211 210 213 206 209 208 209 203 209 216 209 194 170 159 169 173 177 193 206 209 210 211 210 209 209 209 209 208 207 209 208 207 206 206 205 204 203 199 207 202 192 208 184 146 143 181 204 157 65 0 17 14 2 3 3 3 2 2 2 2 3 0 5 4 0 1 8 7 9 9 10 1 181 105 0 0 22 180 97 1 23 6 0 167 101 0 10 4 0 6 11 7 4 4 6 6 6 5 5 4 3 0 1 1 3 2 3 5 0 0 2 2 1 0 0 1 1 0 0 1 1 2 3 3 4 3 4 8 12 12 9 5 3 5 12 22 21 29 24 13 19 12 38 30 19 16 32 53 16 41 35 38 50 5 9 4 1 24 32 39 49 45 50 63 69 66 53 63 60 61 72 121 102 0 10 27 31 11 20 29 17 0 7 6 0 2 9 0 2 1 1 1 1 1 1 1 1 0 2 4 7 7 10 14 17 28 41 48 31 40 39 29 43 46 55 62 25 5 1 15 20 1 10 24 21 44 21 5 42 35 13 7 7 1 19 118 43 0 1 6 5 6 74 66 9 5 5 16 6 1 4 3 41 65 10 4 2 5 1 45 94 20 0 1 2 2 19 27 26 11 8 8 8 1 1 4 2 7 20 31 59 32 2 1 56 217 187 172 114 49 1 3 120 174 178 223 119 16 2 48 86 58 57 58 57 55 90 142 158 174 181 177 178 169 169 164 167 159 94 18 16 14 25 25 5 41 154 200 220 196 178 163 161 166 166 160 165 172 176 197 195 
23 23 20 17 17 18 18 16 15 14 13 13 13 12 11 10 12 12 12 12 12 12 12 11 11 11 11 11 10 12 15 17 9 2 2 2 2 3 1 2 2 3 3 3 3 4 5 7 8 3 1 6 2 1 11 0 49 179 216 200 206 208 202 209 208 210 212 210 209 198 149 91 154 198 211 214 214 210 214 214 212 211 216 214 213 217 215 213 198 145 132 142 164 193 206 214 213 223 215 209 181 133 164 213 214 215 213 212 214 217 217 215 212 210 205 185 155 149 168 183 194 216 204 174 150 183 199 199 196 199 195 185 185 200 208 202 196 201 210 215 211 212 215 213 217 218 218 217 214 213 215 218 216 212 217 218 206 187 124 150 199 170 137 184 214 209 211 212 216 213 213 214 217 213 198 188 179 179 169 184 204 209 204 179 157 177 193 198 201 205 209 213 209 209 209 210 211 211 209 207 210 209 207 207 208 208 205 202 201 205 195 205 194 186 165 168 180 110 9 0 7 13 2 2 2 3 3 3 3 4 4 2 7 4 0 9 34 14 1 3 9 1 1 53 195 44 107 183 179 150 20 1 11 1 45 72 13 19 5 14 1 0 11 8 6 8 8 4 2 3 3 2 3 1 0 3 1 0 3 0 0 2 3 1 1 1 2 1 1 1 1 1 0 0 0 0 2 3 5 7 9 11 11 9 1 2 4 7 20 28 24 52 37 23 34 19 18 19 34 17 41 53 18 23 52 20 1 4 2 24 40 39 49 52 51 44 54 51 72 96 118 129 123 133 77 2 15 18 16 14 25 30 13 1 1 6 2 0 4 0 1 1 1 1 1 1 1 1 3 0 0 4 10 11 10 9 9 38 34 43 57 36 38 29 44 42 31 53 41 20 1 3 8 3 13 88 109 27 1 17 18 18 1 8 6 22 66 4 7 7 0 0 48 131 38 2 1 6 2 14 57 40 11 29 23 3 1 0 0 4 51 48 0 2 5 1 0 60 61 7 0 9 0 1 6 8 4 5 33 50 51 13 4 24 23 1 157 160 84 162 188 160 83 1 50 182 129 0 1 65 88 57 47 41 37 48 53 59 104 156 176 180 177 176 176 171 168 165 151 61 15 19 13 23 28 11 10 85 171 194 195 177 161 153 168 184 192 182 172 188 207 215 
23 22 20 17 17 18 17 16 15 14 13 13 12 12 11 10 12 13 13 13 13 12 12 12 13 13 12 10 9 11 14 18 12 2 2 2 2 3 1 2 2 3 3 3 2 3 5 6 12 2 1 0 8 0 4 5 0 78 200 208 201 206 212 203 207 208 208 209 210 198 146 83 178 214 215 211 213 210 209 178 168 199 218 214 218 218 210 217 210 193 166 131 114 127 151 168 187 200 216 200 148 142 204 217 214 214 216 219 218 214 211 211 216 210 207 196 178 171 173 170 182 205 188 152 128 165 181 176 174 178 166 142 145 175 190 180 180 196 203 203 206 198 194 207 211 213 215 216 214 212 213 216 214 213 213 216 202 161 122 168 168 131 147 199 213 211 204 212 211 204 183 193 213 211 200 177 162 166 159 177 199 211 216 199 193 201 208 211 210 208 210 212 210 209 208 208 208 208 206 205 208 206 205 204 204 204 204 204 203 196 208 199 201 198 190 192 100 10 6 4 9 2 7 8 4 4 4 3 4 6 4 2 3 1 17 14 29 0 33 95 13 5 10 2 111 191 152 33 2 122 181 80 1 28 4 2 11 7 2 7 9 8 0 5 3 4 2 0 0 2 3 2 3 4 3 2 0 0 4 6 0 1 1 0 0 1 2 1 1 1 1 1 1 1 2 2 3 3 0 0 0 4 7 9 12 13 10 2 1 15 15 38 2 31 19 48 19 34 29 23 36 23 13 32 54 39 33 3 7 1 25 65 37 48 56 55 50 72 98 141 124 107 105 105 127 70 1 13 14 31 20 16 37 24 2 4 2 0 5 2 1 1 1 1 1 1 1 1 5 2 0 1 2 3 8 13 9 12 44 39 41 44 37 53 46 48 37 58 56 71 39 7 9 0 8 69 57 3 1 0 1 15 78 61 18 16 7 8 0 0 4 0 42 100 1 6 5 3 1 74 124 41 1 1 8 7 8 29 21 7 17 12 0 3 4 0 2 48 34 2 2 0 0 9 13 8 21 52 43 23 3 19 36 23 38 3 42 195 99 168 227 146 164 125 4 19 2 8 56 80 49 44 54 35 36 37 52 60 71 131 169 180 179 178 176 170 171 166 133 33 15 20 19 31 25 7 4 23 115 172 190 193 182 171 185 203 204 194 175 191 203 213 
20 20 19 17 17 18 18 16 15 14 14 13 13 13 12 11 12 13 13 13 13 13 12 12 12 13 13 12 12 15 21 26 14 3 1 2 2 3 1 2 2 2 3 3 3 3 4 5 1 11 7 0 2 6 2 5 4 6 108 213 211 198 213 205 208 206 206 207 211 207 174 131 148 184 207 208 210 210 181 108 102 184 218 215 215 210 215 218 215 219 208 198 183 164 155 149 145 151 167 150 120 166 213 217 216 213 213 216 217 215 217 220 216 211 211 211 211 211 207 197 192 203 203 182 179 191 198 184 174 185 182 163 165 192 204 193 178 204 193 183 194 173 159 192 216 218 217 208 197 194 201 210 212 210 209 208 186 121 147 194 168 136 171 202 202 199 177 184 190 180 148 164 198 210 213 192 185 192 193 201 207 210 215 208 211 211 211 211 210 208 209 210 213 211 208 207 207 207 206 205 204 201 201 205 205 202 202 203 201 201 200 201 207 208 200 79 5 0 6 16 1 8 3 1 4 3 2 3 4 5 3 2 4 5 14 10 0 29 200 152 5 3 6 6 11 193 51 0 13 0 54 80 8 45 16 12 0 7 5 3 2 5 7 0 1 1 1 1 1 2 1 0 0 2 3 0 3 7 0 0 4 1 0 1 2 2 2 2 0 1 1 1 1 1 1 1 0 0 2 2 2 2 1 0 2 2 14 10 6 1 3 14 12 24 10 20 29 8 21 36 21 15 18 22 9 26 36 25 0 2 2 43 77 39 59 63 68 75 120 128 93 93 99 109 115 139 68 1 12 10 20 6 22 48 14 1 6 4 0 4 1 1 1 1 1 1 1 1 1 1 2 1 0 0 3 9 13 23 23 21 29 41 61 43 41 50 37 34 54 47 32 46 41 17 5 1 3 10 10 6 4 58 143 51 2 1 3 5 5 32 20 13 17 18 2 7 15 2 4 87 87 1 2 7 1 1 69 88 21 2 8 5 9 1 5 3 12 24 4 1 8 1 5 12 23 35 41 25 4 6 14 37 45 41 37 32 0 91 229 203 113 2 5 54 62 17 10 55 84 43 52 48 35 32 38 37 46 60 71 95 149 175 179 184 172 170 170 168 102 23 21 18 19 39 24 6 5 5 62 167 195 216 206 192 194 203 182 179 171 180 192 197 
20 20 19 18 18 18 17 16 15 14 13 13 13 13 12 11 12 12 13 13 13 12 12 11 11 12 13 13 13 17 26 32 16 4 2 2 3 3 1 2 2 2 3 3 3 3 3 3 2 8 3 10 3 1 6 2 5 0 22 149 209 203 201 203 209 205 206 208 212 214 202 181 125 130 187 214 215 206 160 94 131 194 214 212 217 215 217 211 208 218 213 209 209 211 210 198 177 145 113 106 143 204 211 212 220 218 216 216 217 216 214 212 216 215 213 211 212 214 217 215 215 211 214 207 213 211 214 203 200 207 210 203 201 208 210 201 202 218 201 190 197 171 155 187 208 215 213 188 156 144 159 180 191 196 209 200 155 114 164 173 142 150 188 187 183 182 168 171 190 189 168 177 202 212 217 209 206 210 214 214 212 210 210 210 210 212 214 213 210 210 212 210 208 207 207 208 207 205 202 199 187 174 170 184 201 207 204 204 202 206 200 198 204 200 85 0 5 4 15 2 1 7 1 3 4 2 2 4 5 3 3 5 10 19 5 0 55 208 114 0 5 15 1 7 6 81 186 4 13 6 1 28 9 0 9 0 11 2 7 4 3 4 0 1 3 2 2 3 2 1 0 0 4 0 3 0 3 2 0 8 10 3 0 2 4 2 1 2 1 1 1 0 0 0 0 0 1 0 0 1 1 0 1 2 2 2 10 7 16 14 10 1 7 6 9 21 1 28 27 23 14 15 30 35 25 13 26 41 29 4 4 1 45 98 93 106 118 138 137 108 93 114 132 129 120 136 122 36 0 17 7 10 10 19 27 18 3 0 0 0 1 1 1 1 1 1 1 1 0 0 1 3 3 2 1 0 5 8 7 11 20 28 50 41 65 33 38 43 29 47 49 27 48 71 65 30 9 3 0 9 0 53 76 5 8 1 1 4 61 113 33 4 7 0 10 1 16 19 11 38 42 9 10 2 4 4 100 57 1 10 0 3 4 43 45 12 1 5 8 4 1 19 22 26 28 8 3 1 143 125 52 57 41 28 47 34 12 1 172 154 24 36 40 45 17 17 77 91 62 70 53 38 33 30 27 42 43 41 67 84 112 150 168 179 173 168 167 158 66 21 22 13 16 34 22 6 8 8 34 139 197 223 216 205 189 194 172 150 153 164 177 185 
22 22 21 19 19 19 17 15 14 13 12 12 12 12 12 11 12 12 12 13 13 12 11 11 13 13 13 12 11 15 22 27 17 5 2 2 3 3 1 2 2 2 3 3 3 3 2 2 6 5 7 3 2 4 1 2 1 6 0 32 168 211 202 207 208 205 209 211 208 210 211 205 163 87 138 198 211 201 173 163 194 208 213 210 216 217 210 217 213 209 204 195 194 208 217 214 214 197 176 167 193 211 218 215 212 216 217 215 214 215 216 214 211 215 215 213 213 213 213 214 218 214 215 219 218 218 217 214 217 212 213 216 215 215 215 214 215 215 209 210 209 190 183 202 216 213 206 187 168 156 160 169 167 182 207 180 126 153 189 146 120 176 214 193 189 191 187 185 197 211 211 211 216 213 212 214 214 211 212 211 211 211 209 212 211 213 213 209 206 211 209 201 201 201 201 198 192 181 169 161 161 132 118 139 176 198 204 203 201 199 194 202 213 88 0 8 3 8 3 6 6 2 4 4 4 2 3 6 5 2 4 9 20 4 5 66 207 78 3 3 18 9 37 20 1 1 159 100 1 23 19 9 3 8 7 8 4 1 0 2 0 1 3 5 2 0 1 2 1 0 1 4 5 0 5 1 2 0 6 60 12 3 0 1 3 0 0 1 0 1 1 1 1 1 2 2 4 0 0 0 2 1 1 1 1 1 0 1 6 8 16 20 1 1 15 22 9 28 30 30 11 14 13 48 22 32 43 30 39 29 2 1 2 48 115 125 126 116 97 90 111 135 113 101 109 106 126 127 20 0 15 8 8 21 56 39 6 4 3 1 1 1 1 1 1 1 1 1 1 2 2 1 1 1 2 1 2 7 11 9 15 21 36 38 58 43 45 69 34 54 33 27 43 60 46 83 71 34 24 2 6 0 6 13 7 5 10 0 95 79 2 3 0 2 8 65 91 31 3 6 13 14 8 3 4 8 73 26 1 2 6 0 12 88 30 1 6 8 19 24 28 34 12 8 2 7 26 3 78 216 128 51 44 30 35 33 13 4 43 197 92 58 46 13 41 112 139 99 79 67 50 42 39 35 37 36 42 48 52 67 79 120 155 165 178 163 163 140 52 25 21 19 26 34 20 3 7 3 11 85 183 206 209 207 177 185 178 124 127 143 152 167 
21 22 22 18 16 16 17 17 14 14 13 13 13 13 12 12 12 14 14 14 12 10 9 8 9 8 14 13 14 17 13 7 2 5 4 4 4 0 2 4 2 3 3 3 3 3 3 3 3 4 4 5 5 4 1 0 3 0 10 0 51 186 210 206 209 207 208 210 205 214 210 207 168 74 119 205 213 200 187 183 211 211 213 210 202 203 207 204 197 209 197 140 119 176 203 212 214 215 215 214 212 211 212 213 215 216 211 214 220 217 213 212 211 213 213 215 213 214 218 212 216 215 215 215 215 216 216 217 215 215 215 216 216 217 217 218 214 215 216 214 212 212 213 215 213 216 211 206 207 204 197 197 192 201 201 150 106 170 164 129 150 201 213 206 209 208 208 207 213 212 215 214 213 215 213 214 211 213 211 212 211 209 212 211 209 211 213 212 207 210 198 163 150 158 166 173 183 157 114 120 162 165 126 137 172 196 206 200 203 192 206 206 96 6 6 3 3 15 3 0 7 4 4 3 6 5 0 7 1 5 12 19 12 9 1 58 196 39 3 89 174 24 20 1 4 1 11 33 35 18 0 4 10 6 6 2 2 3 4 1 5 4 0 2 1 2 26 6 0 0 2 6 1 1 5 1 6 0 35 56 0 6 0 4 2 0 2 0 3 0 0 15 21 3 2 1 4 0 3 0 2 0 2 3 0 2 2 1 0 2 7 11 17 4 1 4 10 14 38 42 26 41 17 19 24 43 23 14 29 24 19 5 5 0 62 103 102 103 104 122 149 137 100 100 115 126 145 163 131 8 3 7 7 3 36 31 14 6 1 3 0 4 1 1 2 1 0 0 1 1 1 1 1 1 1 1 2 0 2 7 10 14 23 30 16 38 63 45 29 52 57 37 54 25 36 60 64 54 51 45 42 16 6 1 2 4 8 8 24 26 5 6 1 6 9 126 67 1 0 3 3 13 40 44 15 3 22 8 4 9 5 3 15 24 16 16 18 12 4 8 1 0 8 7 26 61 72 25 1 64 212 117 66 78 23 60 134 103 2 47 69 26 6 82 134 139 160 137 94 65 54 42 42 42 38 43 39 41 46 62 74 84 119 158 171 166 167 100 50 26 24 26 26 40 16 5 3 13 7 39 156 186 197 190 183 188 173 124 114 150 145 158 
22 23 23 20 18 17 17 16 15 14 13 12 12 13 12 12 10 10 11 9 7 7 6 5 7 5 5 5 12 17 10 3 7 4 3 0 1 5 2 0 2 2 3 3 3 3 3 3 3 3 4 5 5 4 2 0 3 3 3 3 6 74 197 209 203 207 213 210 216 207 192 169 127 104 166 209 209 207 187 196 199 200 193 180 157 165 170 167 163 184 190 97 76 140 165 209 214 215 214 214 213 213 213 214 212 216 215 213 212 212 214 215 215 214 214 213 213 217 219 217 212 213 213 214 215 216 216 216 215 215 215 215 215 216 216 216 215 216 216 215 214 214 215 216 218 219 214 211 215 215 212 213 209 212 191 135 145 181 151 114 172 210 218 213 214 211 209 209 216 210 213 212 210 212 212 214 218 215 210 211 209 208 211 205 203 204 204 207 208 210 185 135 71 101 138 153 164 167 154 161 189 189 186 184 195 201 203 209 204 213 203 85 0 0 5 4 10 4 5 4 3 5 4 6 1 0 10 3 6 8 26 9 14 18 12 1 80 193 109 193 66 12 1 60 55 6 27 34 0 3 5 13 12 3 4 2 2 4 0 2 0 0 2 4 1 1 16 5 0 6 0 0 8 31 3 0 3 0 29 13 3 0 0 2 1 3 0 9 3 1 6 39 26 0 0 4 0 7 0 1 1 3 0 1 1 2 2 1 0 0 2 5 4 24 16 1 8 3 14 29 28 9 47 38 30 41 17 30 13 26 29 27 1 11 0 75 114 128 134 146 143 137 143 152 157 155 152 134 155 97 0 10 5 20 2 16 22 22 6 4 4 2 0 6 0 0 5 0 1 1 1 1 1 1 1 1 3 0 0 2 5 8 16 23 16 14 20 52 61 66 79 50 38 26 55 50 48 48 54 41 71 68 24 46 31 7 2 0 11 1 1 13 7 4 16 37 15 13 9 9 3 5 36 42 6 10 10 11 17 7 8 10 7 7 7 8 1 17 97 152 135 74 18 33 77 61 43 51 25 2 57 208 129 65 107 208 243 143 33 12 5 42 130 171 125 130 172 165 128 88 72 46 46 45 39 40 38 44 47 57 64 69 84 147 150 161 155 72 40 19 19 28 32 47 13 1 5 5 9 15 108 173 194 197 200 192 173 137 135 150 123 129 
22 22 22 20 18 17 14 13 11 9 7 6 6 6 6 6 6 6 6 5 4 3 2 3 3 4 3 3 11 15 11 14 8 1 5 3 1 7 0 2 2 2 2 3 3 3 3 3 3 3 4 5 6 5 3 2 0 6 1 0 1 4 112 209 216 196 207 196 179 165 146 136 151 178 209 207 197 208 201 174 130 145 146 137 115 138 144 135 152 155 167 132 143 172 180 206 215 214 214 214 214 215 215 214 214 212 213 213 212 213 214 213 212 212 215 213 214 216 215 214 215 215 216 216 216 216 216 215 215 215 215 215 215 215 215 214 216 215 215 215 215 216 217 217 215 215 211 210 214 215 214 216 219 207 153 113 169 182 149 146 197 211 212 210 213 214 215 216 211 210 212 209 213 218 211 207 205 205 198 189 183 188 180 150 147 175 202 214 212 212 198 163 106 126 160 170 173 189 193 196 203 209 200 201 210 200 196 206 200 212 144 3 3 6 7 15 8 3 1 3 6 6 4 8 7 1 5 1 6 45 18 1 27 50 2 8 1 84 222 65 1 1 112 217 67 30 33 12 5 9 7 6 3 0 3 3 1 3 0 21 13 2 4 0 2 6 0 1 3 4 0 4 72 24 2 10 0 3 1 1 0 7 3 0 0 4 5 0 3 2 3 28 9 0 1 4 0 5 0 2 0 4 0 2 1 1 2 1 0 0 0 0 2 0 15 20 4 2 18 9 24 26 35 19 41 34 14 27 11 3 13 42 24 6 2 3 79 110 119 135 149 162 162 162 143 145 131 126 119 140 50 2 8 8 13 8 22 45 25 8 0 0 0 1 2 2 2 0 1 1 1 1 1 1 1 1 3 0 0 0 2 4 8 14 33 22 27 16 33 61 43 38 38 52 46 57 58 67 52 50 61 37 41 59 66 42 85 161 177 168 82 2 1 3 0 3 0 0 0 5 1 9 3 3 0 10 4 9 0 6 35 35 35 7 2 5 14 149 246 168 138 208 138 30 58 42 22 35 49 18 4 60 185 196 236 175 84 23 23 21 70 137 159 178 122 137 182 180 159 109 80 54 48 45 37 35 34 41 43 45 51 52 77 116 148 180 116 45 37 21 25 33 40 49 10 3 5 3 10 5 63 170 204 214 213 216 196 153 145 153 120 112 
21 22 21 20 18 16 14 11 7 5 4 3 3 3 3 2 5 5 5 5 5 5 7 8 7 8 6 2 5 10 22 47 40 16 2 5 2 2 0 4 2 2 2 2 3 3 3 3 2 3 3 4 5 5 5 4 1 2 5 0 9 0 8 124 187 170 147 142 135 137 141 181 193 201 195 156 133 171 190 149 83 86 112 140 132 132 145 160 180 177 190 191 201 214 214 208 215 214 213 214 215 215 214 213 215 210 212 210 206 210 214 213 213 214 218 215 215 216 213 217 215 215 215 215 215 214 214 214 214 214 214 214 214 214 214 214 214 214 213 214 215 217 216 216 216 215 213 214 213 212 212 214 208 185 136 144 180 153 125 171 212 212 210 210 211 210 209 208 209 215 212 204 203 191 178 190 194 182 162 146 139 145 137 101 110 152 194 209 203 203 207 197 187 187 198 201 199 206 208 206 202 205 202 203 195 198 204 201 220 117 14 3 6 4 3 10 2 6 5 4 1 3 12 5 5 4 4 9 37 10 1 102 187 183 119 20 9 0 104 186 20 126 203 51 36 32 4 1 10 7 3 3 5 5 4 2 2 0 0 20 18 0 0 0 2 0 3 2 3 2 0 19 78 5 0 0 5 0 7 4 0 4 0 0 15 58 4 1 2 3 0 7 1 1 3 2 4 0 7 2 0 2 2 3 1 1 1 1 2 1 1 0 0 5 1 6 25 17 2 2 14 11 16 15 26 13 10 41 25 17 15 8 31 10 4 3 21 105 126 155 166 160 143 131 119 110 109 108 102 121 130 35 3 9 5 4 34 27 24 25 24 1 7 0 0 5 0 2 1 1 1 1 1 1 1 1 1 0 1 2 2 2 3 5 1 13 18 29 19 18 49 49 48 58 28 50 63 43 43 42 37 37 55 37 33 92 232 220 108 115 210 139 19 44 139 130 129 107 51 6 1 4 3 47 52 3 4 2 27 169 196 205 196 168 84 54 42 217 150 8 2 66 217 119 53 42 40 38 43 41 21 1 50 161 87 23 10 15 38 106 135 127 124 101 110 151 183 176 174 130 87 65 52 45 37 34 33 37 39 38 45 55 73 116 165 175 84 31 29 19 27 28 37 35 3 4 4 6 7 12 32 153 203 212 206 204 195 167 154 147 124 120 
24 24 23 22 20 17 14 10 4 4 4 5 6 7 7 6 6 7 7 8 8 9 11 12 13 11 10 3 2 4 25 66 92 55 3 1 0 1 4 0 2 2 2 2 3 3 3 3 3 2 3 4 5 5 5 5 4 0 4 8 0 4 0 17 106 135 97 114 165 183 172 185 193 162 160 104 66 112 145 155 118 117 149 174 175 163 177 189 196 194 208 212 206 215 212 218 215 214 213 213 214 214 213 212 212 213 211 189 179 195 207 210 212 215 215 213 214 213 212 217 214 214 213 213 213 214 215 215 213 213 214 214 214 214 214 214 213 212 212 213 214 216 215 214 216 215 215 215 212 212 213 214 211 155 135 191 202 155 140 198 214 211 211 211 210 211 210 211 204 198 181 180 193 169 142 161 185 154 132 132 137 149 164 161 172 187 202 210 208 208 213 207 207 205 208 208 208 205 202 206 202 200 206 207 191 167 175 192 141 20 0 6 0 6 17 5 3 2 8 4 4 19 18 2 8 3 3 25 17 3 101 211 58 19 41 9 1 12 1 116 208 183 29 38 26 1 5 15 3 0 1 4 6 4 1 2 0 0 3 5 11 0 0 6 3 3 44 8 0 5 0 12 31 1 0 0 6 4 0 4 6 0 2 0 50 44 3 2 0 3 2 7 7 0 0 1 0 11 9 3 1 1 2 1 1 1 1 1 2 2 2 1 4 0 1 3 9 22 17 1 7 7 10 27 40 20 21 28 21 12 19 23 3 29 13 1 1 50 134 135 135 116 104 103 110 110 109 105 114 108 129 123 13 3 24 16 1 3 14 46 35 1 2 3 1 0 2 0 1 1 1 1 1 1 1 1 1 1 2 3 2 2 1 2 6 3 3 12 28 28 19 32 43 54 33 62 44 48 67 58 50 74 42 33 18 152 234 73 3 0 110 204 25 94 237 156 152 170 200 119 32 26 35 189 209 58 45 28 41 221 126 38 34 126 218 74 4 204 126 36 39 0 90 218 84 47 50 48 27 29 32 21 19 25 23 5 45 101 145 150 119 113 91 57 91 153 182 178 179 154 108 79 57 47 43 41 39 38 42 42 50 49 88 146 173 145 51 37 24 16 27 24 38 23 3 6 3 9 4 13 13 100 179 190 192 191 197 187 178 173 159 143 
26 26 24 21 20 16 11 6 1 2 4 6 9 10 10 9 10 11 12 12 13 13 13 14 13 9 12 10 6 2 10 36 97 75 15 2 0 5 8 0 2 2 2 2 2 3 3 3 3 3 2 3 4 5 5 5 3 1 2 5 1 7 12 0 5 102 158 159 184 193 161 161 178 134 123 113 120 149 157 172 176 186 198 190 203 210 205 175 156 175 176 204 217 215 211 216 214 214 213 213 214 213 213 213 212 214 201 162 154 185 197 194 209 211 205 208 216 214 213 214 215 215 215 214 214 213 213 213 212 212 213 214 214 214 214 214 213 212 212 213 214 215 215 214 214 212 213 213 212 213 214 211 192 121 133 186 173 141 169 213 211 208 206 201 199 195 172 154 159 166 157 161 194 195 170 173 200 180 167 170 172 180 199 205 213 211 207 209 209 207 209 204 205 209 206 204 208 207 202 202 202 205 202 203 197 162 176 141 8 0 10 2 0 18 4 2 7 0 0 0 40 53 10 5 1 7 24 19 8 15 211 54 0 21 5 25 46 1 2 1 77 27 53 16 1 14 11 10 7 1 3 4 5 5 1 3 1 1 1 0 4 8 2 3 1 58 57 0 3 0 2 2 13 1 3 5 0 1 5 10 0 5 5 0 52 0 4 0 2 2 1 1 3 2 1 0 7 46 5 1 1 1 1 1 2 1 1 0 0 1 1 1 0 0 2 0 0 10 17 25 3 12 8 12 24 15 43 47 18 25 21 29 16 26 28 3 6 0 80 122 102 110 103 104 103 119 115 126 113 115 105 155 76 3 5 6 9 12 10 24 24 26 7 0 8 0 3 0 1 1 1 1 1 1 1 1 2 2 1 1 1 1 1 2 2 0 5 3 1 12 17 10 15 27 48 31 53 69 87 56 37 50 35 32 2 162 200 27 62 93 90 81 8 71 225 53 5 3 132 220 64 22 56 220 197 190 51 30 0 186 136 2 9 0 170 164 0 141 197 44 47 0 40 224 108 38 36 61 46 49 56 45 23 19 52 103 151 156 145 126 124 118 93 86 96 154 184 183 173 170 134 87 61 49 47 44 40 37 45 46 45 57 133 157 176 107 33 38 29 23 30 31 43 19 5 5 1 9 7 10 11 46 156 188 189 196 208 201 194 192 189 168 
27 26 23 20 20 16 12 6 1 1 2 4 6 7 6 6 6 8 10 12 12 12 11 11 9 7 12 14 13 9 5 11 56 57 17 6 1 6 4 3 2 2 2 2 2 2 3 3 4 3 2 3 3 4 4 4 7 6 2 0 6 1 0 6 1 24 146 184 144 178 187 152 148 150 152 172 193 196 192 183 190 201 199 181 197 214 204 169 124 158 158 187 212 212 219 207 213 213 214 214 213 214 214 214 214 212 197 167 167 191 187 179 207 201 175 180 198 204 212 210 211 212 213 214 214 213 212 212 212 212 213 213 213 213 212 212 212 212 212 213 213 214 213 213 215 213 215 215 214 216 211 199 153 121 168 178 131 128 184 194 184 188 187 175 174 167 129 96 117 148 164 161 177 197 196 195 201 203 202 203 202 206 213 209 206 209 209 212 209 206 210 209 208 209 203 202 206 208 207 203 202 203 206 204 194 197 172 57 6 2 2 0 19 3 6 4 3 4 4 36 81 57 3 7 4 19 38 7 1 47 194 14 7 22 132 176 173 124 6 27 14 65 6 1 12 23 5 1 3 0 4 5 11 15 6 2 5 0 0 11 0 5 2 1 1 84 28 0 8 0 4 1 5 5 7 0 3 5 60 5 1 2 2 2 19 12 0 3 4 0 4 6 1 4 6 0 17 43 2 0 0 2 1 3 1 2 2 1 1 0 0 1 2 3 2 3 0 0 1 24 37 2 7 15 10 10 13 26 25 31 60 37 46 22 13 22 0 3 7 116 107 108 113 103 112 109 117 125 119 119 119 122 138 11 1 10 13 12 2 15 31 51 38 0 2 0 1 3 1 1 1 1 1 1 1 1 2 2 1 1 1 2 2 2 2 5 0 3 6 3 5 4 5 20 28 17 43 70 56 39 36 45 40 37 1 109 206 36 34 159 220 141 0 77 228 208 198 172 228 194 25 14 118 227 32 178 146 17 0 135 189 65 49 4 97 207 26 8 180 177 93 83 171 252 88 32 44 68 67 39 23 16 49 115 158 165 162 152 141 131 127 115 101 87 119 164 187 181 173 174 150 103 67 55 52 43 37 36 47 45 48 102 146 162 158 67 51 28 28 28 27 38 39 9 1 1 3 7 11 11 14 22 134 196 213 211 216 218 210 186 187 196 
26 25 23 21 21 19 14 9 6 6 4 4 4 3 2 2 3 5 7 11 12 12 11 11 11 9 11 12 14 22 20 19 24 30 5 1 1 6 0 7 2 2 2 2 2 2 2 3 4 3 2 2 3 4 4 4 9 0 4 6 1 2 1 2 5 0 38 133 153 176 194 192 170 182 195 192 199 203 167 121 159 193 190 158 163 197 200 177 148 138 157 189 214 212 211 212 211 213 214 214 214 214 215 215 214 211 209 197 198 200 183 180 200 180 130 130 158 175 199 200 200 202 206 210 213 214 213 213 212 212 213 213 213 212 211 210 211 212 212 212 212 212 212 212 213 212 214 214 213 212 201 180 120 114 169 159 118 158 205 167 142 153 153 137 146 170 166 157 173 182 194 189 189 205 212 209 211 212 209 212 212 210 212 209 206 210 208 209 209 207 209 205 206 204 206 210 205 201 205 203 206 197 202 199 207 194 53 1 2 4 4 11 17 4 1 2 1 5 28 94 90 25 8 1 5 50 12 13 1 6 192 112 54 190 161 26 11 185 95 46 55 1 5 15 14 10 7 5 5 4 7 0 2 10 4 1 0 0 11 56 15 0 0 1 4 49 1 4 0 4 0 1 2 5 1 5 0 44 49 0 5 0 8 0 5 3 2 0 4 0 18 40 6 0 0 0 15 5 2 2 0 5 1 2 0 1 3 3 2 2 2 2 1 0 1 4 0 7 0 2 28 42 1 4 4 6 19 62 40 28 46 27 30 20 4 53 16 0 1 38 137 94 111 112 111 106 113 118 112 111 118 115 137 102 0 3 14 9 13 23 25 15 59 34 2 2 0 0 1 1 1 1 1 1 1 1 0 1 2 3 3 3 2 1 5 0 3 5 0 0 3 5 4 2 5 14 16 25 27 34 38 56 22 29 14 17 191 157 48 63 222 155 7 69 222 84 69 174 211 55 37 9 165 220 152 187 228 94 0 73 216 66 27 1 109 233 39 2 12 134 205 211 229 139 57 55 52 14 12 23 58 112 156 172 163 156 157 153 136 132 129 124 104 88 129 171 185 177 185 181 159 121 77 65 60 44 37 39 50 44 80 122 141 172 109 56 60 29 22 31 26 45 32 5 1 6 5 5 10 13 11 13 106 190 208 215 210 205 205 176 175 186 
29 28 26 23 21 19 17 15 13 12 10 9 10 8 5 4 1 4 7 10 12 11 10 11 10 12 13 12 18 26 36 54 54 62 25 3 4 1 3 2 2 2 2 2 2 2 2 2 3 3 3 3 3 3 4 4 4 5 5 4 2 1 1 2 2 2 0 26 157 211 193 180 166 174 198 182 148 186 152 75 131 183 192 172 139 148 177 185 174 168 184 207 213 212 213 211 210 212 213 213 213 214 215 215 215 214 213 210 211 212 204 201 201 195 179 157 158 182 182 150 156 165 187 192 200 205 196 202 207 213 210 210 212 211 213 211 211 212 212 213 214 212 210 213 211 213 214 210 212 211 180 142 83 67 86 112 136 187 207 166 144 164 171 143 150 191 204 206 206 209 209 210 213 211 209 211 208 209 209 209 209 209 209 209 207 208 209 210 209 208 208 207 209 205 204 206 204 203 202 200 203 196 204 199 212 91 0 7 6 2 7 12 7 3 4 3 3 10 75 96 61 12 6 1 55 26 6 5 8 0 35 156 170 96 0 0 10 198 95 34 5 0 13 20 2 5 2 4 1 5 4 1 6 0 9 0 7 0 52 75 1 0 5 0 2 23 18 2 0 3 1 15 31 0 4 0 0 43 22 0 4 0 4 6 4 0 9 0 2 0 61 20 3 0 5 0 1 2 6 2 0 1 1 14 8 0 6 0 0 1 2 1 1 1 1 1 1 1 1 1 2 25 48 2 5 13 71 32 32 34 21 2 38 29 7 19 40 12 3 0 93 125 95 116 111 109 104 117 113 119 131 128 120 153 41 0 10 4 11 3 6 16 22 32 19 3 0 4 3 3 0 0 2 2 1 2 1 1 2 2 2 2 2 2 2 2 1 1 1 2 2 3 1 2 2 2 2 5 9 12 18 32 33 36 32 0 32 160 208 225 221 78 0 72 232 36 0 26 204 112 25 38 225 164 126 115 131 215 47 16 210 137 103 135 234 191 39 31 19 1 29 34 36 42 39 19 19 49 101 131 145 153 172 173 158 162 159 146 137 125 127 125 107 108 131 172 187 185 182 181 175 147 90 77 62 51 47 48 43 68 106 121 143 144 63 53 37 19 30 34 41 62 16 0 8 5 4 4 7 11 8 11 58 167 190 191 187 195 192 186 175 173 
31 27 22 19 17 17 13 13 10 10 9 8 9 8 6 5 2 6 8 11 11 11 10 11 8 9 11 12 21 30 44 68 102 128 102 28 0 1 2 6 2 2 2 2 2 2 2 2 3 3 3 3 3 3 3 4 4 4 5 4 3 2 2 2 2 3 10 0 46 175 199 118 91 166 197 183 138 159 172 112 106 157 187 195 174 172 194 206 210 203 207 214 211 211 212 207 210 212 213 213 213 214 214 214 216 207 214 215 213 214 216 217 215 213 213 210 206 202 186 163 148 147 161 174 176 155 139 164 184 192 201 207 208 211 216 209 212 213 211 209 210 210 209 211 211 209 214 216 211 198 169 110 46 8 42 101 161 204 198 170 161 187 203 197 201 208 205 214 211 211 207 206 211 198 182 190 207 208 210 210 209 210 209 210 209 209 209 209 209 208 206 206 206 205 204 202 202 203 202 200 199 200 201 218 134 5 2 2 1 4 8 8 4 4 5 4 2 40 73 79 29 12 0 37 51 1 7 22 5 9 1 0 0 0 4 42 180 145 9 6 0 25 14 0 4 2 5 8 7 0 0 3 3 13 5 6 8 0 72 49 1 5 0 3 1 4 8 0 6 1 1 72 26 0 2 7 0 13 26 0 0 5 1 0 6 10 2 0 1 17 52 6 1 0 2 2 4 6 0 0 4 1 16 54 3 0 0 1 1 1 4 0 1 1 1 1 1 1 1 1 0 2 29 43 1 10 22 9 23 12 10 49 41 52 13 15 26 33 0 5 8 128 119 114 113 126 119 113 124 147 142 139 136 149 117 12 9 8 6 10 9 12 2 8 54 10 0 4 0 1 0 0 2 3 2 3 1 1 2 2 2 2 2 2 2 2 1 1 1 2 2 2 2 2 3 2 2 3 6 9 1 12 20 16 18 11 0 0 28 66 43 47 20 37 172 66 43 1 113 191 30 70 249 83 9 4 2 165 152 0 113 199 194 186 177 77 63 50 59 17 3 4 6 17 33 49 89 139 153 153 154 165 181 178 166 163 159 148 143 132 132 129 108 105 130 174 185 184 190 189 180 166 131 84 66 67 47 49 68 96 113 103 136 85 31 36 17 28 37 32 54 49 15 2 3 4 7 4 4 11 12 11 33 125 180 190 188 193 197 205 194 181 
20 16 11 8 8 8 6 4 2 3 5 5 5 4 4 4 6 8 11 12 11 11 10 11 9 8 11 12 20 29 45 72 104 151 156 65 1 7 1 3 2 2 2 2 2 2 2 2 3 3 3 3 3 3 3 3 4 4 5 5 4 3 2 2 4 4 0 4 1 36 149 145 114 177 203 199 163 168 192 179 171 186 192 207 207 205 211 210 212 208 209 208 205 211 216 211 210 212 213 213 213 213 213 212 215 208 207 197 209 214 214 209 217 215 212 210 211 210 204 196 198 182 172 174 173 141 118 143 172 158 168 192 189 181 198 209 209 208 210 212 214 212 211 211 217 211 211 212 213 196 145 98 74 44 69 121 174 205 205 194 195 208 213 210 210 212 211 212 215 210 192 177 186 182 165 175 204 206 208 209 209 210 210 210 210 209 209 208 208 206 205 205 200 204 204 201 203 203 200 198 201 209 196 135 25 0 8 1 3 11 12 5 2 4 4 3 3 58 74 34 7 0 7 66 8 15 19 28 6 11 15 11 40 168 146 202 115 8 1 1 21 35 1 5 5 4 0 15 8 3 3 0 77 27 0 2 1 2 39 51 1 1 3 0 3 1 6 8 0 3 29 72 0 3 0 4 0 12 14 4 2 0 7 16 72 0 3 4 0 8 56 3 1 1 4 0 0 1 1 13 0 0 25 21 0 4 0 2 0 0 5 0 1 1 1 1 1 1 1 1 0 3 0 38 43 1 7 17 47 45 17 40 35 32 9 33 85 65 10 2 0 54 140 116 116 115 117 110 134 137 140 139 144 144 167 64 0 10 1 8 19 3 47 15 42 32 2 0 0 2 3 1 1 2 1 1 1 1 2 2 2 2 2 2 2 2 1 1 2 2 2 2 2 3 3 2 1 2 3 5 7 1 3 3 1 10 14 10 3 12 29 37 7 2 24 39 42 16 3 54 33 16 107 77 77 51 11 12 64 14 0 20 10 14 2 18 28 17 9 15 25 43 70 88 90 85 98 125 138 146 166 182 179 170 165 162 163 153 143 131 134 139 127 128 146 174 187 184 184 184 180 175 160 112 75 63 53 81 99 91 106 110 113 44 24 27 19 26 33 37 64 39 3 4 6 5 7 5 3 10 16 14 13 95 176 199 205 209 210 220 217 202 
5 4 3 4 5 6 5 3 4 6 6 6 5 5 6 7 9 9 12 12 11 11 10 10 10 11 12 15 20 26 42 69 101 145 167 94 6 3 0 2 2 2 2 2 2 2 2 2 3 3 3 3 3 3 3 3 3 4 5 5 5 4 3 2 3 2 0 3 4 0 16 120 176 199 205 207 189 195 206 198 208 214 210 212 211 211 213 208 208 208 209 207 206 211 215 212 210 212 213 213 212 213 212 210 204 203 188 170 202 202 198 209 209 212 213 213 213 210 210 213 212 205 198 197 204 191 171 178 177 146 155 187 177 163 187 211 214 211 209 210 208 206 208 210 208 212 212 210 209 183 124 145 152 104 101 164 198 202 211 208 213 212 213 214 209 208 214 211 213 206 180 145 156 181 180 184 201 203 206 208 209 211 211 211 210 209 208 207 205 205 204 203 204 206 204 202 204 204 202 202 197 205 166 35 3 4 2 9 7 14 11 3 3 4 2 3 18 55 25 3 6 2 58 30 8 6 31 30 17 23 47 4 6 69 120 40 19 19 3 19 39 0 8 1 4 0 0 12 5 3 1 37 81 8 0 3 4 0 10 27 5 3 0 1 11 40 0 4 0 0 20 41 0 0 3 0 6 0 1 2 4 5 0 74 36 0 8 0 2 0 34 10 2 1 2 0 21 20 0 2 5 0 26 8 0 5 0 0 0 0 2 2 1 1 1 1 1 1 1 1 3 1 1 0 54 27 2 25 45 19 30 24 27 19 11 124 175 168 155 0 0 4 120 133 133 125 114 114 138 137 141 139 138 140 157 139 13 9 8 6 11 7 28 30 9 49 44 4 1 2 3 2 0 1 1 0 1 1 2 2 2 2 2 2 1 1 2 2 2 2 2 2 2 2 3 2 1 1 1 2 2 2 5 5 2 1 0 2 8 1 3 9 12 12 12 16 16 11 5 12 33 1 5 45 40 21 24 8 16 22 11 3 9 6 14 8 9 15 28 39 59 75 94 97 83 75 93 119 142 157 172 180 179 178 174 158 164 158 146 132 138 148 148 154 158 158 179 189 182 185 187 177 169 133 79 64 79 107 104 80 102 135 96 47 38 26 26 28 27 49 81 68 8 0 6 8 5 7 5 8 13 15 7 80 182 206 214 221 214 215 213 205 
5 8 12 14 14 14 14 13 15 15 14 12 11 11 12 14 10 12 11 12 11 10 10 10 11 10 12 15 19 28 45 73 106 143 169 130 24 0 2 4 2 2 2 2 2 2 2 2 2 3 3 3 3 3 3 3 3 4 4 5 5 5 3 3 3 1 0 5 0 8 2 10 140 214 211 202 210 204 207 211 201 209 211 208 206 206 211 209 210 209 211 211 210 209 210 209 210 211 212 212 212 212 211 209 192 181 168 159 182 161 157 186 197 188 190 202 208 206 207 209 210 211 213 211 209 209 204 202 191 174 182 199 188 185 205 211 208 212 208 193 182 191 205 207 211 209 210 212 201 146 112 175 190 129 120 190 211 212 211 210 211 208 201 201 195 178 183 201 208 208 195 163 162 193 204 200 202 204 207 209 209 211 211 211 210 209 207 207 205 205 204 203 206 204 200 199 201 200 199 201 204 197 75 0 4 5 8 1 7 9 4 1 4 3 1 5 23 24 1 5 1 41 63 1 13 22 31 5 8 46 33 19 1 3 1 48 46 1 9 46 17 2 1 5 0 9 30 0 4 0 0 53 56 0 5 4 4 4 0 2 4 7 0 4 67 66 0 0 1 0 8 44 4 0 1 3 0 12 17 0 1 7 0 72 10 5 0 5 2 3 0 7 4 2 0 12 75 27 0 2 5 0 6 4 0 1 1 0 8 9 0 1 1 1 1 1 1 1 1 1 0 4 2 3 1 60 18 1 25 23 26 13 51 7 36 197 23 0 165 90 1 0 41 155 135 146 142 140 140 153 143 148 137 141 139 174 76 0 12 6 2 9 11 18 42 27 45 9 1 0 0 2 0 2 4 1 1 1 2 2 2 2 2 2 1 1 2 2 2 2 2 2 2 2 2 2 2 1 2 2 3 6 2 0 5 3 2 3 4 0 9 0 3 1 5 5 5 4 11 11 6 7 5 4 4 5 4 9 7 2 11 10 10 3 7 18 20 32 24 42 66 85 106 104 81 70 87 108 143 164 167 166 173 177 172 156 161 162 155 144 145 148 147 150 153 145 166 188 185 187 183 171 171 144 93 80 96 116 107 94 122 154 105 48 35 24 20 39 44 43 74 70 14 0 2 4 3 8 8 6 9 11 3 56 171 198 200 206 200 195 193 187 
12 19 25 25 23 23 21 20 21 20 18 15 13 13 14 16 11 11 12 11 11 10 10 10 12 11 12 13 18 29 47 76 95 138 174 166 65 1 3 2 2 2 2 2 2 2 2 2 2 2 2 3 3 3 3 3 3 3 4 5 5 5 4 3 0 7 4 0 4 4 5 1 25 144 212 205 198 207 208 200 210 207 206 204 208 206 208 208 207 206 207 209 210 208 208 210 209 210 211 211 211 212 211 209 197 180 180 178 178 153 140 143 157 164 184 190 185 196 207 200 205 204 211 215 210 211 216 215 209 204 208 210 199 201 215 210 213 213 192 148 125 150 183 193 202 199 207 215 179 103 127 177 154 116 145 197 202 211 192 189 197 206 182 161 167 159 158 189 207 213 215 205 191 196 206 206 206 207 209 210 209 210 209 209 210 209 208 207 207 207 205 204 205 202 203 205 203 202 198 192 210 110 0 7 3 0 3 5 10 6 1 2 5 2 1 4 7 1 12 2 7 75 12 14 23 45 20 19 18 32 38 12 33 18 70 43 0 9 37 8 25 19 18 17 8 86 36 3 3 3 6 13 63 6 1 0 1 0 9 8 1 3 7 3 80 17 2 5 2 5 1 2 3 2 3 1 10 76 18 0 6 0 0 64 16 0 2 2 1 0 12 1 5 3 0 31 64 1 2 4 1 3 0 4 3 0 1 1 23 20 1 0 1 1 1 1 1 1 1 1 0 2 3 0 1 15 71 4 5 4 8 103 175 7 40 189 12 0 60 182 7 0 0 117 163 132 153 149 143 148 151 160 164 159 164 169 159 12 5 4 4 16 23 34 60 40 11 29 7 0 0 2 0 1 4 1 1 1 2 2 2 2 2 2 1 1 2 2 2 2 2 2 1 2 2 2 2 2 2 2 3 0 1 7 2 0 3 5 3 6 1 3 7 1 6 2 7 4 6 3 0 4 14 0 4 3 10 1 7 9 8 7 13 9 8 14 18 28 30 39 53 82 112 116 90 70 77 92 129 162 170 172 178 176 177 176 161 166 161 152 148 143 138 139 147 155 169 183 188 182 179 179 167 134 99 91 94 111 117 116 145 168 112 34 27 26 27 29 33 30 69 37 4 3 4 2 3 5 8 7 10 12 5 27 133 180 186 188 185 188 191 189 
20 24 27 26 24 23 22 20 20 18 16 14 13 12 12 11 12 12 12 12 11 10 11 11 12 13 14 14 18 29 44 69 96 135 172 181 110 8 1 0 2 2 2 2 2 2 2 2 2 2 2 3 3 3 3 3 3 3 3 4 5 5 4 4 1 6 0 8 0 5 0 6 1 20 128 212 207 200 204 200 202 202 210 207 209 204 205 207 210 209 208 209 211 209 208 210 209 210 210 209 210 212 211 209 211 204 210 209 205 198 182 163 153 173 193 168 134 161 197 187 174 192 206 209 206 207 210 206 215 212 210 211 205 203 209 209 205 204 193 164 142 147 155 148 172 193 211 205 136 95 159 170 106 100 155 177 175 178 161 164 178 199 192 168 179 190 185 200 208 206 202 209 196 178 190 203 207 208 209 209 209 209 209 209 209 208 206 207 208 207 206 204 205 201 204 202 197 202 200 183 117 23 9 0 1 0 6 7 10 4 2 4 3 1 1 2 1 6 2 0 56 58 7 11 17 22 37 1 17 16 32 35 25 26 47 2 3 30 21 6 15 8 10 1 20 98 17 0 2 0 4 0 23 8 1 3 4 3 51 4 5 1 2 3 67 11 0 0 0 6 4 5 12 0 10 0 53 65 0 1 0 8 0 14 19 0 7 3 0 29 39 0 4 3 3 27 37 1 5 0 4 4 0 7 3 1 3 2 30 14 1 1 1 1 1 1 1 1 1 1 3 2 0 1 3 2 46 60 2 2 4 184 79 0 0 157 103 0 28 176 39 2 4 29 181 145 147 145 153 148 167 182 198 193 199 178 207 85 3 6 7 11 12 22 56 45 41 47 16 2 0 4 0 0 2 0 1 1 2 2 2 2 2 2 1 1 2 2 2 2 2 2 2 2 2 2 2 2 2 3 2 3 2 3 1 4 11 0 1 6 1 3 2 4 3 3 2 4 3 10 4 5 0 8 9 4 8 7 6 3 16 6 16 8 6 19 15 23 25 26 54 84 115 118 92 68 72 87 132 160 163 166 172 173 180 178 165 169 162 156 152 144 141 143 147 163 167 178 187 187 184 172 138 97 85 95 94 106 120 140 153 151 89 28 30 29 33 21 17 49 80 26 0 3 5 7 3 2 8 7 10 15 16 14 100 170 188 191 195 199 207 210 
24 26 27 23 22 22 20 18 19 18 16 16 15 14 13 12 12 12 12 12 11 11 11 12 10 14 17 18 22 30 42 63 96 127 168 191 158 29 5 3 2 2 2 2 2 2 2 2 2 2 2 2 3 3 3 3 3 3 2 3 4 5 5 4 7 0 2 4 2 0 8 1 3 0 7 102 200 207 200 201 203 202 206 197 203 205 208 207 205 207 206 206 209 210 209 209 209 209 209 209 210 212 211 210 213 214 214 210 212 215 205 201 191 190 201 182 155 181 195 153 120 167 188 180 180 195 207 209 206 211 209 210 212 210 210 209 216 204 204 206 198 189 177 163 178 208 207 181 107 127 172 137 103 143 184 139 119 139 162 166 174 191 214 204 197 207 206 210 208 195 169 178 177 154 174 201 206 207 207 208 208 208 209 209 206 205 205 206 207 207 205 203 203 194 189 178 171 186 193 175 24 1 4 4 2 4 1 10 4 0 1 3 0 1 4 3 4 1 0 17 74 25 29 4 4 57 17 2 18 19 29 30 29 51 17 1 20 24 3 10 2 2 2 2 16 94 5 1 2 1 2 2 1 9 3 7 0 65 59 1 5 4 0 3 31 24 0 9 0 0 19 22 0 4 1 0 52 18 0 1 1 2 4 0 5 6 1 4 1 94 28 0 2 2 0 7 22 2 0 2 3 0 24 10 0 4 2 0 25 0 0 1 1 1 1 1 1 1 1 1 1 0 5 0 5 2 0 75 30 0 11 170 60 6 0 91 155 2 26 191 50 3 1 0 121 201 176 167 160 156 164 198 204 208 203 196 207 158 3 4 3 6 3 10 31 24 47 38 20 2 0 4 1 0 3 3 1 1 2 2 2 2 2 2 1 1 2 2 2 2 2 2 2 2 1 1 2 2 2 2 1 5 0 3 7 0 1 2 4 0 3 6 0 3 2 3 6 4 5 2 7 4 9 5 1 7 3 4 8 7 6 11 7 10 13 10 16 28 21 30 39 73 109 118 97 74 76 93 127 158 166 166 168 172 183 175 169 171 164 161 159 152 148 150 153 155 152 166 179 185 170 120 78 76 83 82 86 118 132 146 152 109 60 36 35 23 17 36 58 80 55 10 0 5 2 2 6 2 10 6 7 14 27 12 94 169 192 202 215 216 216 219 
10 17 25 26 24 21 20 23 20 18 18 17 16 16 14 13 13 13 12 11 10 10 11 11 11 11 15 15 19 27 42 63 85 126 161 186 182 71 0 4 1 2 0 2 4 1 2 3 2 2 2 2 2 2 3 3 3 3 3 4 4 4 4 4 5 4 3 2 2 1 1 2 3 2 3 0 74 181 208 197 200 201 203 202 205 206 205 206 207 206 205 207 209 210 209 208 207 209 206 211 212 209 213 210 210 210 210 214 210 214 209 211 211 207 211 209 203 199 200 164 135 163 172 154 158 155 159 167 191 201 209 212 210 208 207 208 211 206 210 211 208 209 207 203 206 199 211 145 113 185 181 96 106 192 206 182 158 179 193 193 193 203 207 208 209 206 207 210 203 186 140 145 172 182 183 196 201 206 209 210 209 205 205 209 197 184 192 201 194 197 196 176 184 170 140 146 130 153 195 106 1 1 4 2 0 7 12 6 1 1 2 2 2 2 2 2 3 2 0 63 46 12 40 9 26 37 32 22 47 49 29 19 62 37 2 11 31 8 11 3 7 0 1 6 0 60 28 1 4 0 2 14 19 0 1 4 2 85 42 0 4 0 4 3 0 8 8 0 3 0 86 23 3 0 11 0 25 41 0 2 2 3 0 13 8 0 5 0 19 77 0 7 2 1 0 3 5 4 2 4 0 19 70 0 0 3 2 0 14 0 3 1 3 0 2 3 2 0 0 4 3 3 2 0 0 1 4 6 60 7 0 109 162 0 0 55 178 2 43 140 21 26 6 1 30 196 202 201 185 185 184 199 208 201 200 202 194 204 72 1 15 19 4 9 10 40 35 33 26 18 4 1 3 2 0 1 2 2 2 2 2 2 2 2 2 2 2 2 2 2 2 2 2 2 2 2 2 2 2 2 2 2 2 2 2 2 2 2 3 3 3 3 3 3 3 4 4 4 4 4 4 5 5 5 4 5 6 7 8 9 9 9 11 10 10 11 13 19 28 36 43 71 110 108 103 79 78 90 131 155 162 169 168 175 177 178 176 164 169 171 164 162 156 158 148 144 146 166 178 150 88 67 73 65 79 92 89 114 137 147 103 57 40 27 18 27 36 55 69 58 27 3 3 6 3 5 5 4 6 7 7 12 15 13 62 156 181 200 202 207 209 201 
5 11 20 24 24 23 21 21 18 17 18 17 17 15 13 11 12 12 11 10 10 11 11 11 10 10 13 14 20 28 44 64 90 121 150 182 192 130 8 2 4 3 4 3 0 4 4 2 2 2 2 2 2 2 3 3 3 3 3 3 4 4 4 4 5 4 4 3 2 2 2 2 0 4 0 9 0 43 164 211 196 198 199 205 200 199 207 201 203 204 205 206 209 210 211 211 210 211 210 204 186 174 188 211 215 209 215 208 207 211 211 213 212 210 211 208 211 211 213 193 184 188 174 154 157 148 131 118 157 193 211 208 208 205 200 207 204 209 212 212 210 209 210 210 211 212 182 104 130 187 154 92 154 205 210 206 201 208 208 205 208 210 213 189 165 185 211 208 208 202 172 157 176 202 199 198 205 208 207 205 205 209 208 203 188 168 182 185 160 161 152 101 138 159 152 162 159 192 151 13 1 2 4 2 1 7 11 6 1 1 2 2 2 2 2 2 4 8 13 80 17 23 31 16 32 10 51 40 37 77 14 41 76 4 1 47 29 21 6 6 2 4 1 0 1 4 12 12 4 8 3 86 4 1 3 1 0 55 43 0 0 8 2 0 15 1 5 4 2 32 69 3 0 2 0 4 0 32 7 3 2 1 28 69 2 8 0 3 19 53 3 1 0 4 1 1 7 2 8 0 1 59 35 0 2 1 0 8 0 6 3 1 2 3 8 4 2 2 0 3 1 2 2 1 1 1 2 4 48 47 2 9 161 150 76 175 127 9 9 9 25 32 18 0 4 132 210 207 203 202 201 198 205 209 205 199 197 204 148 5 7 26 3 24 3 21 19 30 48 57 17 0 6 0 2 7 1 2 2 2 2 2 2 2 2 2 2 2 2 2 2 2 2 2 2 2 2 2 2 2 2 2 2 2 2 2 2 2 3 3 3 3 3 3 4 4 4 4 4 5 5 5 5 5 5 5 5 6 6 7 7 8 12 11 11 14 17 22 27 32 42 67 103 112 106 87 81 93 135 157 162 170 175 181 179 178 171 167 175 171 159 154 149 150 137 144 164 160 107 65 50 64 61 66 73 96 104 109 140 87 26 9 12 18 22 20 18 33 49 41 17 2 3 5 2 4 4 4 6 7 7 10 11 9 54 147 168 181 186 189 188 189 
1 9 18 24 26 24 22 20 19 18 19 18 18 16 14 13 12 12 11 11 11 11 12 12 11 10 14 16 20 30 43 62 81 113 139 177 201 183 45 1 4 0 3 5 0 7 3 0 2 2 2 2 2 2 3 3 3 3 3 3 4 4 4 4 4 4 4 4 3 3 2 2 11 0 3 0 6 0 12 126 208 199 197 195 204 205 193 204 203 203 203 203 204 205 207 210 203 208 201 190 131 91 138 173 198 200 208 209 212 213 208 215 217 210 210 214 217 206 207 213 214 210 201 191 195 190 176 160 166 198 210 207 200 167 152 175 188 185 181 198 210 207 210 212 212 203 148 105 157 165 110 106 194 214 211 203 200 204 211 205 190 164 168 151 124 157 201 209 204 205 206 198 200 214 206 207 205 201 204 209 205 205 207 207 188 163 178 192 166 158 154 123 146 186 186 184 204 200 65 0 2 2 3 2 2 7 8 4 2 2 2 2 2 2 2 2 6 0 69 51 13 1 10 33 13 7 67 42 42 37 26 63 22 0 27 31 13 44 39 8 4 2 1 3 1 8 6 1 8 0 41 76 4 0 7 1 5 5 40 5 0 0 7 21 37 0 3 2 0 30 75 0 6 0 3 5 5 5 4 1 6 0 93 37 0 0 2 4 0 39 11 1 7 6 0 27 19 0 0 8 0 44 12 0 2 2 1 0 0 12 7 1 1 7 12 4 0 4 2 0 0 1 2 2 1 1 1 1 4 50 12 0 8 101 128 77 10 15 33 3 27 33 13 6 0 54 207 203 206 203 206 202 204 208 204 200 203 197 203 47 3 3 7 3 8 2 22 44 28 28 31 3 0 5 0 0 1 1 1 1 2 2 2 2 2 2 2 2 2 2 2 2 2 2 2 2 2 2 2 2 2 2 2 2 2 2 2 2 3 3 3 3 3 4 4 4 4 4 5 5 5 5 6 6 7 7 7 7 7 7 8 8 9 9 11 15 20 25 29 32 42 64 98 117 110 92 80 91 131 160 169 173 176 177 174 177 180 171 169 161 156 153 148 145 155 158 128 81 53 53 51 66 61 72 76 91 103 122 103 27 0 0 3 12 15 5 3 17 25 21 8 2 5 4 2 4 4 4 6 7 7 9 8 5 43 146 174 175 181 186 188 196 
3 13 23 25 26 25 22 20 19 20 19 18 16 15 15 14 12 12 12 11 11 11 11 11 14 12 15 16 20 28 40 58 80 113 133 167 203 195 107 3 4 0 0 6 0 4 1 2 2 2 2 2 2 2 3 3 3 3 3 3 3 4 4 4 4 4 4 4 4 3 2 2 0 8 6 0 4 5 3 2 75 180 211 194 195 199 204 207 203 203 202 205 207 206 206 205 189 185 206 176 119 97 115 146 158 158 176 212 200 209 213 206 210 212 210 207 210 210 209 210 206 208 210 209 209 208 207 203 201 208 206 206 195 150 129 156 183 160 154 186 192 179 195 209 210 192 116 120 170 150 103 151 195 191 195 190 172 168 197 204 173 139 154 166 157 177 199 207 214 205 210 211 203 204 206 212 209 201 199 195 189 195 205 204 195 174 173 188 188 181 185 195 197 202 204 199 209 109 2 9 1 1 1 2 3 5 5 1 2 2 2 2 2 2 2 3 0 13 78 22 27 95 51 28 13 26 58 36 23 19 36 62 0 11 45 9 1 35 70 30 7 0 5 0 13 30 1 3 6 0 53 57 1 3 0 4 3 0 4 5 4 8 0 66 28 0 4 0 0 8 58 9 0 5 2 1 17 10 6 2 8 0 64 33 5 4 5 2 6 2 9 2 1 5 17 73 5 1 0 4 0 17 23 0 2 0 2 0 20 6 4 2 0 5 9 2 0 3 1 0 0 1 2 2 1 1 0 0 2 31 48 1 7 1 2 9 22 41 15 120 178 170 100 0 2 2 166 204 206 204 204 205 199 203 203 202 201 195 203 120 1 8 10 5 3 15 25 31 36 8 13 17 4 0 6 0 1 1 1 1 2 2 2 2 2 2 2 2 2 2 2 2 2 2 2 2 2 2 2 2 2 2 2 2 2 2 2 2 3 3 3 3 4 4 4 4 4 4 4 5 5 5 5 6 8 8 7 7 7 8 9 9 8 10 11 15 20 26 30 34 45 63 98 120 116 94 81 88 116 151 168 172 177 176 177 183 175 174 177 169 162 155 157 159 147 85 46 59 65 66 61 66 69 73 82 91 99 104 43 2 0 6 12 22 19 3 5 11 14 11 6 4 5 3 1 5 4 4 6 8 7 9 10 7 26 139 187 184 180 190 202 211 
5 16 26 26 24 23 23 22 21 20 18 16 14 14 14 14 13 13 12 11 11 10 10 10 12 11 15 17 20 27 37 54 84 109 131 163 199 203 173 34 0 6 0 3 1 0 1 5 2 2 2 2 2 2 3 3 3 3 3 3 3 3 3 4 4 4 4 4 4 4 3 2 3 0 0 2 5 5 5 2 0 35 147 210 198 198 201 192 202 202 203 205 204 193 179 170 153 163 184 179 187 182 164 158 134 141 126 154 162 176 201 211 208 213 210 210 211 212 210 208 211 209 210 212 209 210 210 207 210 210 205 203 199 184 174 180 196 171 172 192 163 140 178 207 206 154 102 166 184 108 93 183 168 131 153 182 163 141 176 200 193 178 189 197 204 212 205 208 205 204 205 210 207 205 204 183 172 178 175 159 160 190 209 199 203 196 178 175 189 194 196 206 203 205 197 204 190 21 0 0 1 1 1 2 4 5 2 0 2 2 2 2 2 2 2 2 1 58 58 1 90 208 31 21 19 16 10 7 6 16 65 18 1 40 13 1 2 3 25 22 21 6 2 5 91 45 0 6 3 2 22 68 1 4 0 2 0 10 4 3 3 0 12 85 7 0 5 0 3 2 10 15 6 1 5 27 76 8 5 3 6 0 67 32 0 0 6 2 1 10 1 2 5 2 37 50 0 1 4 0 7 6 12 3 3 0 2 28 39 0 0 3 2 1 4 0 0 2 0 0 2 2 1 1 1 1 1 1 1 1 91 17 1 15 31 36 82 41 100 181 17 39 192 52 3 0 93 207 199 202 201 200 193 199 208 201 195 201 191 182 24 2 4 12 6 1 14 24 12 29 41 19 5 0 2 1 1 1 1 1 1 2 2 2 2 2 2 2 2 2 2 2 2 2 2 2 2 2 2 2 2 2 2 2 2 2 2 2 3 3 3 3 4 4 4 4 4 4 4 4 5 5 5 5 6 5 5 5 5 6 8 8 11 13 13 15 17 23 31 36 43 58 99 118 122 97 86 88 108 144 164 171 180 179 179 179 180 179 173 161 171 166 136 92 52 43 49 73 67 60 63 73 76 76 85 97 93 40 8 0 0 3 12 26 15 3 9 4 11 8 5 5 5 2 3 6 5 4 6 8 8 9 11 10 17 117 183 187 173 183 199 209 
6 19 28 26 22 23 23 23 22 21 20 17 15 14 15 15 16 15 15 14 13 12 12 11 12 11 15 16 21 28 39 56 77 93 126 160 182 201 195 81 0 2 3 3 3 0 2 2 2 2 2 2 2 2 3 3 3 3 3 3 3 3 3 3 3 4 4 4 4 4 3 3 6 0 3 2 2 5 3 2 5 1 10 98 192 207 198 202 200 200 202 205 199 183 161 147 128 138 107 134 189 178 182 167 161 170 135 117 134 141 170 172 174 203 204 208 211 209 211 211 211 208 206 210 207 210 207 203 206 206 206 204 204 206 207 204 205 194 201 199 152 135 177 205 189 114 117 171 142 101 152 199 162 115 135 179 177 158 180 198 209 209 208 204 211 213 204 210 206 210 202 192 186 181 183 162 117 144 164 162 166 194 211 204 206 205 197 191 194 201 201 199 196 207 195 212 128 6 7 3 3 3 2 2 6 4 1 2 2 2 3 3 3 2 2 2 4 62 14 2 174 130 27 40 14 8 5 60 60 66 48 5 25 53 4 8 9 7 14 3 0 4 2 27 109 6 0 2 4 1 0 28 12 0 2 2 18 50 0 3 0 2 0 81 16 0 1 0 1 0 5 3 1 18 1 60 50 4 0 0 2 0 1 13 3 0 6 1 41 49 3 3 8 0 32 40 3 0 3 3 1 0 0 2 1 5 3 49 14 0 2 1 3 0 1 0 1 2 0 3 3 2 1 1 1 1 1 1 7 5 49 67 1 8 20 141 166 134 190 72 0 0 103 142 0 5 31 194 194 195 198 192 194 191 202 201 196 197 191 208 84 1 12 22 1 11 1 39 46 18 32 20 7 1 0 5 1 1 1 1 1 1 2 2 2 2 2 2 2 2 2 2 2 2 2 2 2 2 2 2 2 2 2 2 2 2 2 2 3 3 3 4 4 4 4 4 4 4 4 4 4 5 5 5 5 5 5 5 6 7 8 9 10 12 13 14 16 25 34 40 41 52 94 111 120 98 87 80 96 131 160 169 177 174 178 175 183 179 180 174 148 85 49 34 40 51 52 68 73 65 63 82 89 87 87 86 47 1 0 3 7 3 8 17 5 0 7 3 9 5 3 4 4 3 4 6 5 3 6 9 8 9 12 12 15 92 162 178 164 167 178 190 
12 24 31 27 22 25 25 22 21 21 21 18 16 14 14 14 14 14 14 13 13 12 11 11 10 10 13 12 16 25 36 57 82 91 118 149 174 203 204 149 23 0 5 2 4 3 1 0 2 2 2 2 2 2 3 3 3 3 3 3 3 3 3 3 4 3 3 3 3 3 4 4 0 1 7 0 0 4 0 3 3 3 4 0 50 152 207 200 200 198 200 204 204 196 185 179 177 157 123 117 146 151 171 167 164 177 176 142 140 155 167 114 132 180 165 167 194 207 211 210 208 211 209 212 207 209 204 204 204 203 203 203 202 201 201 201 203 200 206 200 176 171 188 196 152 113 184 192 100 94 183 210 191 167 174 194 201 198 204 209 206 206 209 209 209 207 195 185 190 189 170 134 123 130 151 161 137 162 189 198 198 200 205 208 203 202 206 207 202 201 204 202 207 195 205 196 37 3 2 0 2 4 2 3 6 3 0 4 2 2 3 3 3 3 2 1 42 62 2 38 209 43 1 99 161 1 2 176 133 45 26 0 47 13 1 10 1 37 49 0 3 3 0 19 77 6 4 0 2 0 1 1 6 6 1 4 75 37 0 0 5 2 5 32 23 2 0 0 2 13 16 0 5 0 0 50 52 49 92 121 133 147 148 132 122 94 58 30 85 10 0 8 1 3 12 47 0 3 0 0 0 20 12 0 0 7 4 42 0 0 5 0 2 0 3 1 1 3 1 4 2 1 1 1 1 2 1 1 1 0 5 81 28 0 68 177 4 0 124 142 0 11 27 191 29 0 2 144 206 197 198 191 195 188 194 201 199 193 191 206 133 1 28 0 5 15 2 7 28 51 31 19 38 6 0 3 1 1 1 1 1 1 1 1 2 2 2 2 2 2 2 2 2 2 2 2 2 2 2 2 2 2 2 2 2 2 2 2 3 3 4 4 4 4 4 4 4 4 4 4 5 5 5 5 6 6 6 7 8 8 9 9 8 11 12 13 17 25 33 38 39 48 83 105 117 107 90 72 76 111 148 164 172 172 182 176 176 170 147 100 61 21 30 42 51 63 68 72 57 59 73 78 95 87 71 43 2 3 0 5 0 0 6 13 9 3 5 4 6 3 3 4 3 4 6 4 6 5 8 10 9 9 12 12 10 80 148 167 165 165 166 176 
18 28 33 28 25 28 26 21 17 18 18 17 14 12 10 10 10 10 9 9 9 8 8 8 7 7 9 6 8 18 31 54 60 58 63 97 151 191 206 197 74 0 5 0 1 3 1 5 2 2 2 2 2 2 3 3 3 3 3 3 3 3 3 3 4 3 3 3 3 3 4 4 5 2 0 3 4 2 1 3 4 4 1 4 1 11 88 190 209 202 197 198 202 204 208 212 208 205 198 173 152 158 182 124 93 154 162 122 156 194 174 130 151 157 105 133 189 183 181 207 204 209 207 209 205 206 198 198 195 200 199 197 201 201 199 201 201 200 204 204 206 206 194 187 110 120 187 150 85 144 210 211 205 209 207 203 209 209 204 209 209 204 204 201 192 194 183 143 151 166 167 133 136 158 177 190 194 203 206 204 206 207 206 204 206 203 200 200 202 203 201 198 197 197 207 148 13 2 2 5 1 4 2 2 5 2 0 5 2 2 3 4 4 3 1 1 74 37 0 114 197 27 1 183 110 0 37 203 84 41 0 15 31 3 3 3 21 98 59 0 4 0 8 0 58 19 0 5 1 0 27 18 1 0 6 0 84 23 5 2 1 1 0 2 5 6 4 1 9 52 0 2 0 34 105 171 201 200 172 151 143 123 125 138 158 171 192 190 166 94 18 3 0 4 3 7 6 7 0 0 32 54 0 2 2 0 2 32 11 0 0 0 0 1 6 2 1 4 2 3 1 1 0 1 2 2 1 0 2 4 0 58 72 0 77 152 4 2 35 191 22 0 1 136 126 0 0 76 208 198 197 197 189 196 195 196 196 199 190 196 186 23 0 8 17 21 23 9 20 20 24 13 18 10 9 0 1 1 1 1 1 1 1 1 2 2 2 2 2 2 2 2 2 2 2 2 2 2 2 2 2 2 2 2 2 2 2 2 3 4 4 4 4 4 4 4 4 4 5 5 5 5 5 6 5 6 6 7 7 8 8 8 11 12 12 13 16 23 27 29 38 46 75 104 119 121 99 75 80 107 142 160 171 172 178 161 131 89 58 53 57 23 30 49 52 76 66 62 66 72 71 72 89 71 41 3 1 4 4 1 2 5 5 6 7 2 0 6 5 3 4 5 4 6 7 4 8 6 9 13 11 10 11 11 9 87 156 170 178 183 177 184 
19 31 30 28 30 29 21 13 7 8 9 11 11 9 5 3 6 3 2 4 4 4 4 5 3 5 4 1 2 13 32 46 31 33 57 64 100 175 206 206 146 24 0 5 3 2 3 3 2 2 2 2 2 2 2 2 3 3 3 3 3 3 3 3 3 3 3 3 3 4 4 4 3 3 2 1 1 1 2 3 0 4 2 1 6 1 5 37 144 201 210 197 202 204 203 208 204 210 205 203 196 189 184 154 136 157 150 106 143 176 154 157 185 156 127 175 189 131 148 181 179 176 197 206 207 198 214 216 211 212 210 207 204 203 201 199 201 194 199 202 199 208 197 161 128 178 177 102 98 187 215 206 207 205 207 207 202 202 203 200 188 178 186 185 139 130 161 150 139 163 191 188 197 202 202 205 205 205 199 207 205 206 206 207 204 205 205 204 200 203 202 200 196 202 194 43 3 1 3 0 3 3 3 4 4 1 1 2 2 2 10 6 7 4 5 13 76 13 1 66 179 182 136 197 43 0 109 175 31 24 1 38 30 16 15 39 39 105 15 3 4 0 5 4 6 20 6 4 1 17 72 1 2 0 2 3 62 44 0 7 2 5 0 5 5 0 3 2 34 42 2 59 152 199 179 119 57 29 12 1 1 0 1 0 0 2 17 57 106 173 179 125 36 0 1 6 5 7 4 0 61 28 0 1 0 5 0 5 11 0 3 0 2 27 22 1 1 2 0 3 0 0 0 0 0 0 0 0 5 0 5 21 95 0 19 178 48 0 0 146 117 85 168 143 93 1 2 28 189 199 198 195 190 189 191 196 196 197 196 192 204 70 0 3 29 58 12 20 13 16 18 10 13 26 14 1 3 0 0 1 0 2 3 1 1 1 1 1 1 2 2 2 5 3 3 3 2 3 3 3 0 1 3 3 2 1 1 2 4 3 3 4 5 5 4 3 5 4 4 4 4 5 5 5 6 6 6 7 7 8 9 10 6 10 13 12 14 15 22 29 34 43 65 102 121 116 97 81 90 107 141 159 155 132 99 75 55 52 55 57 53 29 34 49 56 81 68 65 72 68 78 83 67 25 1 2 1 0 2 4 3 4 4 4 4 4 4 5 7 6 5 5 6 6 6 5 4 9 9 8 11 10 8 11 16 106 186 189 183 185 186 177 
18 32 33 31 30 27 18 10 3 4 7 8 9 9 8 6 6 4 3 4 4 4 3 4 3 3 4 4 5 12 26 37 19 20 58 51 54 141 199 210 197 79 0 4 2 0 8 0 2 2 2 2 2 2 2 2 2 3 3 3 3 3 3 2 3 3 3 3 4 4 4 4 4 4 2 1 1 1 2 2 6 3 3 3 4 1 0 5 3 79 166 209 202 199 209 200 207 203 206 209 208 208 207 203 195 189 173 140 143 137 126 136 140 141 157 194 193 159 172 181 138 119 175 199 193 204 137 123 145 150 157 167 178 191 200 204 207 210 216 217 219 224 195 143 186 221 199 138 162 213 208 201 203 199 201 198 183 167 168 178 160 164 168 161 133 134 167 168 172 175 200 205 201 204 207 202 201 210 208 205 205 206 204 204 205 201 202 205 206 204 201 195 198 200 121 2 0 3 6 0 3 3 3 4 3 1 1 2 3 4 8 5 6 5 0 41 59 1 7 0 1 49 106 159 186 119 199 120 47 1 34 78 61 53 36 1 5 97 42 0 5 0 1 1 7 8 3 5 1 49 43 2 1 0 1 0 9 30 10 0 7 0 10 7 0 0 5 0 17 84 164 210 149 53 10 0 1 4 12 5 32 18 21 33 15 0 0 3 1 0 55 141 192 129 39 3 0 0 7 1 59 12 0 9 1 1 5 0 8 4 1 4 8 62 1 1 0 1 7 1 1 1 1 1 1 1 1 1 1 3 0 6 91 31 1 120 134 9 83 159 177 137 72 22 11 20 1 4 146 217 196 193 192 191 193 197 198 198 197 193 198 127 0 10 9 6 7 7 9 19 19 16 5 31 35 3 3 2 3 3 1 0 1 1 1 1 1 1 1 2 2 2 2 2 2 2 2 2 2 2 4 3 3 3 3 3 2 2 3 3 3 3 4 4 4 4 4 5 5 5 4 4 5 6 7 7 7 7 7 8 8 8 10 10 8 6 8 12 22 34 35 44 60 85 110 120 107 87 92 86 83 83 76 63 51 42 55 62 57 56 61 30 27 58 51 70 58 62 76 74 74 65 21 4 1 7 3 1 3 1 3 4 4 4 3 3 4 5 4 4 3 4 4 5 5 5 5 7 7 7 9 9 9 11 11 119 198 199 177 163 171 163 
14 32 36 33 31 26 20 12 5 6 7 10 12 12 11 11 11 9 8 9 9 7 7 7 8 5 7 9 10 12 23 35 25 2 25 29 22 100 181 206 211 147 25 1 3 3 3 2 2 2 2 2 2 2 2 2 2 3 3 3 3 3 3 2 3 3 3 3 4 4 4 4 4 4 3 2 1 1 2 2 3 0 3 3 0 3 4 1 1 1 22 105 193 212 201 202 202 201 209 202 202 211 208 209 211 203 202 198 188 163 146 133 86 75 130 192 211 206 208 192 112 144 193 163 188 128 1 0 0 1 5 10 18 28 35 39 48 61 77 85 98 114 106 75 124 147 136 115 163 193 197 208 202 194 189 187 172 153 157 180 181 181 171 176 186 193 205 203 195 199 199 195 195 202 200 203 198 201 202 203 210 208 202 205 203 204 209 206 201 198 201 201 197 212 77 0 1 0 2 2 3 3 3 4 3 1 1 2 3 7 5 5 6 5 1 73 34 17 13 0 2 2 0 0 39 102 137 72 35 1 93 39 27 28 2 3 1 30 56 4 3 2 1 28 24 0 3 2 1 56 67 0 0 3 6 0 1 9 4 6 5 7 41 5 1 4 0 12 124 217 142 31 1 1 12 16 24 36 43 17 19 94 11 25 51 18 14 20 8 6 0 0 42 144 199 72 6 2 3 2 32 43 0 0 2 0 0 19 3 0 7 0 20 35 0 4 3 0 1 2 2 2 2 2 1 1 1 1 2 1 5 0 50 73 0 37 166 171 148 64 21 5 1 9 80 29 1 1 98 206 196 199 196 193 194 196 197 198 199 196 207 174 9 7 8 5 9 3 3 36 11 26 21 8 22 8 0 0 1 3 1 0 2 2 1 1 1 1 1 2 2 2 1 2 2 2 2 3 3 3 4 2 1 1 2 3 3 3 4 4 4 4 4 5 5 6 4 5 6 6 5 4 5 6 4 4 5 6 7 7 7 8 5 6 8 11 16 18 24 33 43 44 59 86 112 113 87 61 46 46 42 53 55 52 56 54 57 65 60 62 71 36 24 60 60 60 60 74 77 71 56 12 1 1 3 6 1 2 5 1 3 3 4 4 3 3 4 4 3 3 3 3 3 4 5 5 6 5 6 8 7 8 11 11 13 126 196 197 163 135 152 158 
14 34 37 32 32 30 25 19 14 14 14 15 16 16 15 15 17 16 15 15 15 14 14 14 12 7 5 7 7 9 21 37 35 10 15 55 60 72 151 206 208 204 92 0 2 2 0 5 2 2 2 2 2 2 2 2 2 2 3 3 3 3 2 2 3 3 3 4 4 4 4 4 4 4 3 3 2 2 2 2 4 0 6 3 0 1 4 3 8 3 0 1 38 129 200 209 204 202 206 203 207 212 206 211 214 207 208 213 211 206 198 183 149 116 151 201 210 207 209 190 172 187 189 153 161 40 0 11 6 5 3 1 1 1 1 2 0 0 2 0 0 0 1 0 1 7 3 0 13 21 34 43 56 52 53 65 74 74 86 109 132 139 146 172 195 194 194 199 204 210 210 218 216 207 193 203 206 201 203 202 204 205 204 206 207 203 204 202 205 203 203 197 198 190 45 3 8 0 2 2 3 3 3 3 2 2 1 2 2 7 4 7 7 2 14 82 8 8 58 103 35 14 13 0 1 1 8 49 5 10 69 1 42 22 0 1 6 5 16 5 3 6 12 75 10 7 0 5 1 23 74 2 0 1 1 2 7 8 0 3 1 14 69 3 2 3 29 168 203 61 2 4 35 27 23 24 35 3 24 13 11 12 29 6 25 3 24 33 3 34 2 6 1 1 67 191 116 2 1 0 8 20 0 3 2 0 41 35 0 1 0 3 8 20 2 2 2 0 6 1 2 2 2 2 1 1 1 1 4 0 5 0 9 95 9 0 39 21 0 7 18 1 32 169 157 2 7 4 46 202 202 195 199 194 192 193 194 197 200 199 194 194 51 2 6 9 5 9 9 18 16 11 3 7 23 18 3 0 0 2 1 0 2 1 1 1 1 1 1 2 2 2 2 2 2 3 4 5 5 6 5 4 3 2 3 3 3 2 3 4 4 4 4 4 4 5 3 4 4 5 5 5 5 5 7 7 7 8 8 9 10 10 14 13 11 13 17 19 24 32 39 41 49 44 40 26 14 8 34 49 48 59 57 53 59 58 63 62 62 70 73 41 24 51 60 64 61 77 75 37 12 3 3 3 4 2 0 3 6 1 3 3 4 4 3 3 4 4 3 4 5 5 4 4 5 6 7 4 8 10 6 7 13 13 14 120 183 193 168 140 153 164 
21 40 40 34 33 33 32 27 23 23 21 21 20 20 19 19 19 19 18 18 18 17 16 15 8 4 3 4 4 6 18 36 47 22 15 76 127 89 122 197 209 215 169 36 2 3 4 1 2 2 2 2 2 2 2 2 2 2 3 3 3 3 2 2 3 4 4 4 4 4 4 4 4 4 3 3 2 2 2 2 3 1 3 2 4 4 0 3 4 2 2 6 0 0 56 143 201 205 202 200 208 210 210 215 212 212 212 210 209 211 209 213 208 191 199 209 207 206 205 170 139 165 177 178 91 0 11 3 5 5 4 3 3 3 3 4 7 4 4 8 10 7 6 9 4 3 0 7 0 0 2 0 0 0 0 0 2 0 0 1 0 0 1 11 19 21 33 48 57 74 87 101 123 180 212 207 200 203 209 207 201 202 200 193 189 179 182 176 164 138 131 127 116 85 6 0 4 1 2 1 3 3 3 3 2 2 2 2 2 7 5 8 6 0 33 59 1 80 196 153 76 16 145 150 68 1 32 38 1 31 39 6 44 4 0 6 7 7 2 0 10 0 42 76 1 4 0 5 5 0 21 11 3 1 0 17 22 0 2 6 0 4 97 28 0 56 195 155 42 3 17 7 16 34 14 1 16 21 25 1 51 60 67 48 3 2 33 16 14 17 7 57 1 17 6 26 179 156 0 5 5 0 10 5 1 8 65 2 4 2 0 2 1 19 5 1 2 3 0 13 1 1 1 1 1 1 1 1 1 2 0 2 3 81 42 0 0 13 31 17 7 69 200 126 1 23 9 1 11 176 206 197 196 192 191 193 193 197 199 198 186 207 96 0 6 1 8 4 10 6 17 31 38 15 26 25 14 5 0 2 2 1 1 1 1 1 1 1 1 2 2 2 1 2 2 3 5 6 6 7 11 12 12 11 9 7 5 5 4 4 5 5 4 4 3 3 4 3 3 4 5 6 5 4 8 7 6 5 5 6 7 7 7 9 10 15 21 23 26 32 39 43 42 8 0 0 6 8 26 51 51 59 56 60 66 64 66 66 63 67 71 45 26 53 66 72 69 54 23 0 2 3 3 2 1 2 3 5 5 1 3 3 4 4 3 3 4 4 5 5 6 5 4 4 5 6 6 4 9 11 7 7 13 14 22 117 172 181 177 170 170 172 
27 45 46 40 38 38 36 29 26 25 24 22 21 20 19 19 19 19 18 17 17 17 16 15 8 7 6 9 8 9 22 37 50 43 29 40 90 63 69 163 208 207 206 115 1 1 5 2 2 2 2 2 2 2 2 2 2 2 2 3 3 2 2 2 4 4 4 4 4 4 4 4 4 4 4 3 3 2 2 2 0 1 1 0 4 3 1 15 11 7 1 2 11 3 0 3 56 151 215 214 204 201 197 190 197 208 205 204 211 215 205 205 210 214 210 205 208 208 196 148 101 147 183 156 23 0 11 1 3 3 3 4 5 4 4 5 5 4 3 4 5 4 2 0 2 6 1 8 6 9 5 4 3 9 9 7 8 9 8 6 7 4 3 2 0 0 0 0 1 0 0 0 1 33 95 144 176 171 150 143 126 110 95 87 69 114 179 179 116 35 17 32 35 0 0 6 1 0 0 4 2 4 3 2 1 2 2 2 3 7 6 6 4 0 50 26 1 195 98 1 2 102 195 75 203 74 50 21 1 51 12 27 98 23 1 0 34 41 4 2 3 0 22 93 1 5 0 3 1 3 0 8 6 5 2 56 9 4 0 1 8 2 40 24 53 210 129 3 5 12 16 31 30 2 21 19 17 2 53 176 191 195 185 198 149 2 56 35 47 23 1 43 13 42 0 0 6 153 167 6 27 10 3 0 3 8 47 0 4 0 4 0 1 0 4 2 6 0 7 29 1 1 1 1 1 1 1 1 0 8 0 1 1 45 86 0 10 13 9 6 141 163 167 73 3 32 14 8 0 139 199 200 193 190 191 195 196 198 198 195 196 205 136 3 9 12 14 2 1 13 47 28 49 38 20 24 18 7 0 1 3 2 2 1 1 1 1 1 1 2 2 2 2 1 2 4 5 6 7 7 10 13 16 17 16 14 13 13 10 9 8 8 8 8 8 8 8 7 6 6 7 7 6 6 6 6 6 7 9 11 12 14 18 26 32 38 45 47 47 48 55 49 45 11 6 5 5 1 23 52 55 63 62 70 66 60 66 76 62 57 73 58 33 66 63 72 40 5 1 0 0 1 1 0 1 3 4 2 2 4 3 4 4 4 4 4 4 5 4 5 5 4 4 4 5 5 6 5 8 11 9 8 10 12 38 140 188 189 197 204 185 166 
21 44 49 45 41 38 36 30 29 26 25 24 22 22 21 19 19 20 19 18 18 19 18 16 14 13 14 17 17 19 27 38 55 58 34 9 56 88 81 131 200 213 208 174 48 0 0 8 2 2 2 2 2 2 2 2 2 2 2 3 3 2 2 2 4 4 4 4 4 4 4 4 4 4 4 4 3 3 2 2 3 5 4 0 0 0 0 14 5 0 5 0 0 6 8 6 0 12 71 153 220 207 156 144 189 186 164 181 201 210 213 213 203 209 208 206 208 202 203 186 173 167 197 114 0 6 7 2 3 2 2 3 3 2 2 3 3 4 5 3 0 5 9 8 4 7 5 2 3 5 3 7 3 3 5 4 0 0 2 2 2 4 7 4 1 5 7 6 3 9 6 14 23 4 0 1 60 73 30 21 19 20 15 22 26 94 176 186 142 88 98 123 45 1 6 6 3 2 2 2 2 4 3 2 1 2 2 1 4 7 6 4 3 8 63 4 21 197 38 31 2 55 80 1 102 161 34 0 10 52 11 36 52 58 8 5 89 31 2 0 0 4 2 65 20 0 2 0 0 21 5 0 1 3 3 72 6 3 2 3 0 3 0 44 208 125 0 3 26 16 23 12 32 1 43 42 0 36 200 126 28 7 10 45 184 154 50 36 75 29 9 36 28 12 38 6 2 2 171 155 29 4 0 2 4 0 41 20 0 3 0 6 4 10 1 1 4 0 31 13 0 0 0 1 1 1 1 1 1 5 3 1 0 13 99 8 7 0 33 166 143 0 135 125 11 24 21 4 1 95 209 186 194 191 192 195 196 198 198 195 192 193 177 25 1 14 7 9 14 8 16 17 25 9 35 34 18 6 0 0 2 1 2 3 1 1 1 1 1 2 2 2 2 2 4 5 6 7 7 7 7 9 13 16 17 17 16 16 17 14 10 9 11 14 15 15 14 15 14 12 9 9 10 11 14 15 17 20 23 26 28 29 35 41 40 35 37 42 45 46 46 43 48 15 6 0 3 8 20 48 55 62 62 74 68 69 71 77 59 53 74 70 35 50 46 19 1 2 4 4 6 3 3 3 2 2 4 1 2 6 4 4 5 5 4 4 5 5 4 4 3 4 5 5 6 6 8 6 6 10 14 11 8 9 51 166 209 211 214 211 188 155 
10 37 49 47 44 40 36 30 31 28 26 25 23 22 21 19 20 21 20 19 19 20 19 17 18 17 18 20 21 23 29 37 43 70 51 21 48 106 83 71 167 210 210 201 146 15 2 3 2 2 2 2 2 2 2 2 2 2 2 2 2 2 2 2 4 4 4 4 4 4 4 4 4 4 4 4 3 3 3 3 3 0 0 0 4 6 1 1 7 0 3 3 0 5 3 0 5 1 4 12 67 123 138 170 173 152 126 178 207 194 199 207 212 205 206 208 211 204 206 206 203 203 208 77 0 5 0 5 5 3 3 4 4 2 3 4 2 0 3 5 2 2 3 0 4 0 6 2 4 3 5 5 6 2 7 14 9 4 5 4 4 1 1 2 6 5 1 5 5 0 2 9 11 2 10 2 29 105 83 75 92 124 130 138 151 159 173 168 181 186 194 182 43 1 6 0 1 3 3 2 2 4 3 1 1 2 2 1 4 8 5 2 2 19 70 0 6 185 91 3 6 1 1 1 124 151 1 4 26 52 14 8 3 5 1 13 94 7 0 3 4 4 0 5 12 6 1 3 16 42 0 4 3 3 1 58 44 0 1 5 7 0 25 194 155 6 30 1 6 53 52 2 55 33 10 2 0 125 175 0 12 15 6 0 24 224 88 6 16 21 46 1 47 25 49 2 20 13 15 192 108 1 5 3 0 2 13 9 1 0 6 0 36 27 3 3 0 5 3 14 0 0 0 1 1 2 2 2 2 0 0 1 5 0 77 38 0 50 200 149 40 14 105 159 10 3 18 7 0 60 205 196 198 194 193 194 194 198 200 198 191 194 196 51 1 10 3 3 11 14 2 14 39 15 24 17 21 8 2 4 2 0 1 2 1 1 1 1 1 2 2 2 2 4 5 6 7 8 8 8 9 10 12 14 17 17 15 13 20 15 10 8 11 16 18 19 21 23 23 19 13 11 14 17 18 20 23 26 28 29 29 28 29 38 39 34 35 41 43 43 48 51 55 12 2 2 4 3 13 43 57 64 62 74 68 78 81 73 58 56 72 75 30 15 6 1 3 5 0 1 6 1 3 3 2 2 6 4 2 4 4 4 5 5 4 4 5 5 4 3 3 4 6 7 7 7 10 8 5 10 19 15 7 7 60 173 197 197 193 185 180 161 
9 32 55 50 46 41 42 35 36 34 29 24 22 26 27 20 20 18 18 20 21 19 16 17 18 17 17 18 18 21 27 33 41 58 69 35 18 57 78 69 126 205 210 206 196 96 0 5 3 2 3 0 0 7 14 6 1 1 2 2 2 2 2 2 2 2 2 2 2 2 2 2 2 2 2 2 3 3 3 3 1 3 1 3 1 0 2 3 3 2 0 2 8 7 2 1 5 0 6 7 0 5 42 140 203 177 170 198 182 154 173 188 193 211 205 206 205 206 208 206 200 211 201 37 3 4 0 4 0 3 1 0 5 0 7 1 0 4 3 2 0 5 0 3 2 2 2 2 2 2 2 2 2 2 2 2 2 2 2 2 4 0 4 5 0 1 6 2 2 4 7 114 55 0 5 0 50 191 192 154 162 199 206 205 207 205 204 194 206 197 162 117 13 4 0 2 4 1 0 3 4 3 3 3 2 0 1 2 5 7 2 9 0 43 46 1 3 61 206 99 34 18 14 83 209 76 2 0 34 56 24 3 5 0 3 0 97 43 0 1 0 6 0 5 3 5 7 0 60 36 0 1 1 3 0 11 28 0 0 5 4 0 157 173 33 57 11 3 35 16 12 32 6 65 19 23 18 127 161 13 10 23 37 0 21 222 86 12 53 22 15 8 26 14 17 5 13 21 0 53 206 54 0 5 3 4 0 7 2 3 1 15 64 0 5 3 1 1 4 6 1 1 1 1 1 1 1 1 1 2 2 0 1 4 40 62 0 31 108 136 160 177 160 182 162 171 117 0 3 32 187 203 199 194 192 195 198 199 199 198 195 191 205 75 0 19 6 4 5 23 6 2 37 50 29 13 18 20 4 4 0 0 0 4 1 1 1 1 1 2 3 3 2 6 8 7 7 10 11 11 13 14 12 13 16 15 13 13 16 12 10 10 12 14 15 15 18 17 16 15 12 11 14 18 21 20 23 30 28 27 34 31 32 37 37 41 41 40 47 50 49 46 48 14 2 5 0 5 10 36 59 73 75 69 71 73 76 70 64 54 59 43 6 2 3 3 3 2 2 2 2 2 2 1 2 2 0 3 5 3 5 4 3 2 3 4 6 7 4 4 4 4 5 7 7 6 5 14 5 6 20 11 6 10 59 161 177 177 178 182 181 182 
11 47 66 58 49 42 43 37 39 34 32 31 30 26 22 20 22 20 20 19 20 19 18 19 20 20 19 20 19 22 27 32 41 52 73 57 13 58 128 112 95 168 214 210 213 157 26 0 2 2 4 0 12 11 1 2 2 2 2 2 2 2 2 3 2 2 2 2 2 2 2 2 2 2 2 2 2 3 3 3 4 9 0 4 0 4 4 1 3 4 4 7 10 7 3 4 0 7 5 0 7 17 2 7 72 167 218 214 175 163 175 133 169 209 200 181 186 199 201 206 207 210 174 4 0 5 10 1 2 5 4 4 3 0 2 1 4 0 1 0 11 2 5 0 2 2 2 2 2 2 2 2 2 2 2 2 2 2 2 2 2 0 3 4 0 1 4 1 3 1 72 101 70 0 6 1 31 195 200 136 114 152 192 199 201 206 203 204 202 180 140 42 4 2 1 0 1 2 2 2 4 3 3 3 2 1 1 4 6 7 4 7 0 47 35 1 5 0 53 156 180 170 186 169 62 32 8 4 44 28 13 2 4 4 0 3 31 43 0 2 3 0 36 19 0 1 3 0 63 31 2 2 2 1 5 1 0 0 6 7 0 83 207 65 8 31 15 13 14 1 35 23 56 28 25 30 5 42 206 111 20 10 8 41 170 209 58 1 48 3 7 35 44 7 2 20 14 13 14 0 112 181 2 1 3 0 19 0 6 5 3 28 50 0 7 0 4 3 2 3 2 2 2 2 2 2 1 1 1 1 2 1 0 3 25 59 6 0 2 1 4 18 14 27 45 74 56 1 5 15 169 201 197 193 192 195 198 199 199 199 197 183 205 104 2 15 13 5 3 11 6 5 38 25 25 45 8 19 9 0 0 4 6 1 1 1 1 1 1 2 4 4 6 7 7 6 7 10 12 13 15 15 13 13 16 16 14 15 12 10 9 9 12 15 17 18 18 19 16 13 11 14 16 16 17 21 22 27 28 29 36 34 37 41 41 45 45 43 46 45 47 52 50 17 1 0 4 6 3 32 63 73 74 76 79 79 89 78 58 21 3 3 0 3 4 4 4 3 3 4 4 4 4 3 5 7 5 5 5 4 6 6 5 4 3 3 3 4 6 5 4 4 5 6 6 6 9 8 6 8 7 11 14 5 78 171 186 189 193 198 203 210 
22 63 68 62 55 52 51 40 40 37 35 35 32 27 24 24 22 23 21 18 17 18 19 18 19 19 20 21 20 22 27 31 40 55 66 73 36 36 86 84 66 140 213 208 206 191 93 0 2 0 1 15 20 10 3 5 2 2 2 2 2 2 3 3 2 2 2 2 2 2 2 2 2 2 2 2 2 3 3 3 9 0 1 3 24 30 5 0 2 4 4 4 5 2 1 3 2 8 2 1 1 3 2 9 1 14 99 185 212 209 185 157 177 201 200 144 138 181 170 176 200 219 126 3 7 3 3 4 0 0 2 3 0 2 0 6 7 8 4 20 6 2 1 3 2 2 2 2 2 2 2 2 2 2 2 2 2 2 2 2 1 1 1 2 2 2 2 2 4 2 74 1 1 5 8 0 21 173 203 170 135 125 161 183 189 203 201 204 199 198 181 50 0 2 3 0 0 2 3 1 4 3 2 3 2 1 2 5 8 6 5 4 0 55 18 3 7 12 0 0 21 51 31 0 33 51 1 6 89 43 9 7 3 2 0 1 1 11 5 6 3 16 55 0 10 0 4 0 28 67 0 2 0 2 2 1 0 5 1 1 21 193 114 1 15 10 18 19 21 13 46 26 32 27 33 8 5 2 53 174 184 180 179 196 154 66 42 4 31 7 32 39 52 40 8 44 24 20 14 5 10 187 98 0 3 49 46 5 0 0 0 12 39 4 2 0 4 0 4 6 2 2 2 2 2 2 2 1 4 2 1 1 0 8 16 72 0 17 15 41 18 11 7 0 5 0 23 28 0 10 148 205 194 192 191 194 196 198 198 199 199 191 201 145 0 11 14 22 24 0 8 19 9 1 19 21 39 30 13 2 3 1 3 0 1 1 1 2 3 4 6 6 8 6 4 5 8 9 12 14 15 16 13 13 16 16 14 15 9 8 8 10 12 15 18 19 19 19 15 10 11 17 18 15 17 23 22 25 28 29 33 33 45 45 41 43 45 46 50 48 48 58 52 20 2 0 7 6 4 23 58 71 73 82 81 81 62 27 9 2 4 9 2 0 2 3 2 2 2 4 4 4 5 1 1 3 4 5 5 4 6 6 6 5 4 4 3 3 7 6 5 4 5 5 5 5 13 8 11 11 3 11 16 8 105 186 201 206 210 214 214 217 
27 70 62 58 57 55 53 44 39 41 37 29 28 30 29 26 25 26 25 20 18 20 21 19 16 18 21 22 21 22 28 31 39 59 59 71 58 16 35 93 92 99 176 210 208 204 172 68 0 6 0 20 11 2 3 3 2 2 2 2 2 2 2 2 2 2 2 2 2 2 2 2 2 2 2 2 2 2 2 3 0 3 3 55 121 9 1 5 2 2 0 0 3 3 3 6 2 11 13 9 2 0 1 4 6 7 0 20 106 197 227 209 192 217 184 145 163 180 157 161 196 219 95 1 2 5 3 5 5 6 3 3 0 7 1 0 1 18 15 48 12 10 0 2 2 2 2 2 2 2 2 2 2 2 2 2 2 2 2 2 2 3 1 1 3 3 2 3 4 23 39 1 8 3 7 1 12 156 213 205 191 167 161 157 159 181 196 202 199 207 162 11 0 3 4 1 0 3 3 0 4 3 2 3 2 2 4 5 9 6 6 2 6 61 5 4 38 38 10 0 0 1 5 15 44 49 0 25 63 22 3 0 1 1 3 28 32 0 7 2 0 46 71 0 4 5 0 5 3 23 8 2 7 1 0 11 0 1 2 0 108 196 49 2 8 3 30 1 21 12 34 10 5 30 21 5 14 1 3 8 64 81 78 69 3 31 78 0 14 70 1 32 40 11 12 29 17 3 45 2 0 89 182 58 77 70 4 0 4 5 2 1 19 11 0 3 1 1 25 7 1 1 1 1 1 1 1 1 4 1 0 2 0 10 8 77 16 1 33 30 28 24 19 19 0 31 90 10 12 2 125 204 192 191 191 192 194 196 197 197 194 195 194 165 13 3 6 25 23 11 3 11 16 24 15 9 47 27 11 4 7 0 0 3 1 2 2 3 4 5 7 8 6 3 3 6 10 10 12 14 15 15 14 14 17 16 12 13 8 8 9 11 12 15 17 19 18 16 11 9 13 19 20 16 18 22 19 23 29 27 30 34 45 45 40 41 44 45 50 48 46 54 50 18 2 1 6 4 6 11 52 80 83 71 36 17 3 1 6 2 0 5 5 4 1 1 2 2 4 4 4 5 4 9 14 12 5 3 5 4 6 5 5 5 5 6 6 6 7 6 4 4 4 4 5 6 10 11 14 14 11 14 11 22 135 202 215 214 211 208 202 198 
27 72 69 65 64 57 55 51 45 48 41 33 34 35 33 30 29 29 27 24 21 21 20 18 13 17 19 20 20 21 24 26 34 43 55 65 68 33 21 85 93 56 129 204 213 213 208 153 15 7 5 14 9 1 0 0 2 2 2 2 1 1 1 1 2 2 2 2 2 2 2 2 2 2 2 2 2 2 2 2 8 3 0 131 144 54 37 30 26 21 14 12 14 11 5 3 3 6 12 1 1 6 3 0 1 3 6 2 0 34 119 198 227 208 195 185 192 195 171 189 201 199 85 0 5 4 2 0 0 0 0 4 9 0 5 2 3 4 0 7 0 0 5 0 2 2 2 2 2 2 2 2 2 2 2 2 2 2 2 2 2 3 1 0 2 2 2 4 1 53 49 0 4 5 6 3 3 136 217 201 208 201 174 162 157 153 168 174 193 215 129 3 3 3 2 2 2 2 2 1 4 3 2 3 2 2 4 6 10 5 5 2 14 59 1 5 126 195 164 159 144 123 114 59 58 40 0 38 52 38 28 20 4 5 1 65 47 5 3 1 1 29 99 5 0 2 0 2 1 0 2 1 7 2 14 1 0 1 4 17 183 97 25 7 13 49 21 9 17 0 8 67 3 34 22 32 35 28 1 5 29 1 0 50 15 16 84 35 16 59 51 21 49 1 38 53 0 9 21 21 13 10 182 100 104 61 1 2 0 0 5 4 2 6 3 7 0 28 43 2 1 1 1 1 1 1 1 1 1 0 0 5 0 7 1 62 34 1 33 26 23 27 19 30 1 39 196 35 1 0 97 211 193 192 191 192 193 195 196 197 196 191 193 176 38 1 7 15 10 17 1 1 26 42 18 19 24 25 25 8 1 0 3 1 1 2 2 3 4 5 7 8 5 3 4 10 15 14 14 15 16 17 16 16 18 15 10 10 8 8 10 12 14 16 17 19 18 13 9 11 17 21 21 20 18 19 17 25 33 28 32 39 39 44 44 46 46 45 47 43 44 48 52 17 1 4 1 4 4 13 47 50 26 10 1 6 2 6 6 3 5 6 0 0 3 3 3 5 5 6 6 6 3 20 33 26 9 3 5 5 5 5 4 4 4 5 7 7 6 4 4 5 5 4 5 7 7 9 13 13 12 18 9 27 137 191 203 198 189 185 184 182 
29 71 72 66 65 55 47 40 41 40 33 30 33 27 20 22 27 26 21 16 14 13 12 10 8 10 11 10 10 10 12 12 15 24 40 33 49 45 13 36 91 69 83 177 212 210 209 188 70 0 3 14 12 0 4 3 1 1 1 1 1 1 1 1 2 2 2 2 2 2 2 2 2 2 2 2 2 2 2 2 0 1 3 93 130 95 63 61 71 66 58 57 59 54 44 38 42 37 45 33 23 14 9 17 8 4 3 1 14 7 1 40 132 209 222 212 206 193 164 140 155 202 63 0 9 2 5 3 4 2 6 0 0 77 8 0 1 0 1 1 5 0 9 0 2 2 2 2 2 2 2 2 2 2 2 2 2 2 2 2 2 2 3 2 1 1 2 2 1 57 23 1 5 1 6 4 1 108 215 200 205 204 186 197 178 148 155 154 171 187 70 0 4 0 0 1 3 2 1 2 4 2 2 3 2 2 4 7 10 6 4 1 18 46 5 6 9 28 53 82 96 120 153 131 43 16 0 39 53 38 36 59 4 2 10 83 15 2 0 5 1 4 61 7 3 0 4 0 16 18 0 3 0 4 44 1 4 7 0 81 192 24 2 3 6 35 1 9 37 11 62 1 63 4 32 41 27 28 77 84 11 56 140 196 137 20 19 8 116 19 69 23 7 43 30 23 38 17 10 27 23 4 133 141 59 81 5 1 3 3 1 0 17 0 4 8 0 35 34 0 1 2 2 2 2 2 2 2 2 1 2 4 0 4 4 53 39 2 6 46 42 50 23 11 8 9 164 52 1 1 62 198 195 194 191 191 193 196 198 197 197 191 191 194 46 1 8 16 12 1 8 9 6 14 17 12 20 27 32 12 1 2 3 0 1 1 1 1 2 3 5 5 4 4 7 12 15 17 17 16 16 18 18 18 20 16 10 8 8 8 10 13 16 18 19 19 17 11 9 14 20 23 23 23 22 21 20 29 34 31 35 39 38 45 45 47 47 47 51 49 51 52 59 22 3 4 0 6 4 3 13 8 1 3 0 0 3 4 2 4 6 0 0 9 4 4 4 5 5 5 5 6 6 15 21 16 6 5 7 4 5 4 3 3 3 4 5 6 5 3 4 6 6 5 7 9 12 8 14 10 3 16 10 33 117 158 177 183 182 181 191 193 
22 56 59 40 38 33 25 17 20 21 15 14 20 15 7 9 22 15 9 6 7 6 6 7 5 6 6 4 4 5 5 3 4 17 19 4 19 41 35 35 104 96 52 134 206 210 212 206 142 37 2 9 9 1 4 4 2 2 2 1 1 1 1 1 1 1 1 1 1 1 1 1 1 2 2 2 2 2 2 2 1 10 10 102 105 78 70 71 70 69 66 69 74 73 69 67 73 74 70 56 55 51 52 50 42 46 30 29 30 30 44 38 29 91 162 189 165 132 86 65 136 222 70 4 1 5 6 0 0 0 2 5 8 5 5 1 2 5 1 2 0 2 2 3 2 2 2 2 2 2 2 2 2 2 2 2 2 2 2 2 1 1 6 8 3 2 3 0 1 25 4 0 0 13 0 4 0 81 210 202 205 211 206 210 202 176 173 161 152 152 32 3 3 0 0 1 3 2 1 1 4 2 2 2 2 3 4 7 9 8 4 1 19 27 12 8 30 12 1 1 2 1 1 0 65 3 5 49 29 5 1 3 0 0 21 101 13 0 2 2 0 5 0 11 0 10 0 23 36 0 6 5 0 0 44 21 0 2 1 149 136 4 32 7 7 1 7 22 31 19 26 3 92 67 18 27 8 74 223 119 0 170 172 45 187 159 24 19 43 11 1 117 14 77 46 5 50 22 5 10 7 7 54 189 42 103 10 0 6 2 2 40 23 2 2 4 1 17 24 3 1 1 2 2 2 2 2 2 5 3 2 1 1 2 19 49 64 0 11 16 20 28 10 23 11 0 162 61 2 8 46 202 196 194 190 189 192 197 199 198 195 190 188 199 67 1 4 18 9 1 14 12 4 9 10 12 20 18 22 15 2 2 0 3 1 1 1 0 1 1 2 3 4 5 6 8 11 14 16 16 16 18 18 18 19 15 10 8 11 10 12 15 18 19 19 18 12 12 12 15 20 24 24 23 24 25 25 32 33 34 39 36 42 46 44 43 43 46 52 51 50 48 47 17 5 3 2 4 5 5 4 1 0 3 4 1 0 2 2 0 0 6 9 1 4 4 4 4 4 4 4 4 8 3 2 2 2 6 7 3 5 4 4 4 4 4 4 4 5 4 5 8 8 7 8 11 14 12 15 11 3 10 14 73 142 156 168 189 203 204 211 214 
14 51 54 21 12 9 13 12 13 18 13 9 19 21 14 12 20 12 4 4 5 6 7 10 8 9 9 7 8 9 8 6 14 13 16 25 30 53 59 18 45 79 70 98 179 207 212 204 201 139 23 0 12 12 1 5 2 2 2 2 2 1 1 1 1 1 1 1 1 1 1 1 1 1 2 2 2 2 2 2 5 0 11 87 74 60 58 56 67 66 64 63 66 66 65 68 63 72 68 68 75 61 62 53 52 53 53 47 42 39 33 27 23 20 22 34 30 31 35 52 93 120 35 0 2 1 0 4 3 4 0 1 0 0 2 2 0 2 2 3 1 4 0 3 2 2 2 2 2 2 2 2 2 2 2 2 2 2 2 2 1 1 10 13 5 3 5 0 3 15 8 3 1 0 3 8 1 45 176 194 200 204 205 204 204 201 200 186 158 144 20 0 2 2 2 2 2 2 1 0 2 1 1 2 2 3 4 7 8 10 4 0 17 13 17 9 33 31 32 54 16 22 21 29 56 5 7 43 16 8 2 2 5 0 3 105 24 0 4 0 4 0 10 7 3 3 2 51 19 6 0 0 5 0 4 10 2 3 16 191 67 1 8 21 15 27 0 53 42 0 1 23 62 21 11 17 2 152 138 0 63 203 13 2 50 221 58 51 6 59 4 58 12 30 85 57 21 8 61 18 25 0 17 193 75 102 40 1 4 2 13 69 0 8 2 0 3 7 35 4 1 1 1 1 1 1 1 1 1 1 2 1 2 1 23 37 66 0 11 29 37 39 16 25 1 1 138 76 0 14 33 178 195 192 188 187 191 197 199 198 199 190 197 193 119 14 8 13 7 11 16 16 10 28 10 6 17 19 29 26 5 3 0 2 2 1 1 1 0 0 2 2 1 3 3 2 4 10 13 13 15 17 16 16 18 14 10 8 14 13 14 16 19 19 18 16 8 12 14 14 18 24 24 20 21 24 27 31 32 37 44 36 42 47 44 42 41 40 42 38 36 31 21 3 1 2 5 1 1 5 3 4 4 0 2 5 0 0 15 31 25 18 17 1 5 5 5 4 4 4 4 4 6 2 5 9 7 4 3 4 4 4 5 5 6 6 5 5 5 4 6 10 10 7 8 11 9 15 15 13 12 7 17 124 195 177 171 195 215 214 213 211 
14 54 61 36 23 26 22 21 19 33 31 25 32 33 25 23 28 22 16 15 11 9 12 11 13 13 9 8 11 12 11 14 18 31 30 35 50 65 58 23 17 80 94 61 139 202 204 206 202 197 94 0 12 15 0 6 0 9 5 0 3 4 6 7 3 2 1 1 0 1 1 1 0 1 2 2 0 0 2 4 3 1 7 27 34 32 37 32 34 36 32 34 43 44 43 50 47 47 53 58 57 52 54 60 58 58 55 50 47 45 41 37 26 24 20 13 7 7 8 5 3 0 2 5 0 6 5 1 2 2 2 2 2 2 2 2 2 2 2 2 2 2 2 2 2 2 2 2 2 2 2 2 2 2 2 2 2 2 2 2 2 2 2 2 2 2 2 2 4 16 3 3 2 3 1 1 3 20 155 175 173 177 205 207 207 200 207 199 194 148 17 0 1 2 4 0 3 6 1 1 3 2 2 4 2 2 5 8 10 9 2 2 18 26 3 150 92 6 34 46 10 33 47 27 46 0 12 28 16 7 2 3 1 0 0 35 34 0 1 4 3 27 9 3 2 0 1 56 21 0 6 1 0 1 2 0 5 0 64 194 37 1 3 32 17 21 10 2 3 15 32 28 33 4 18 29 2 138 151 0 68 197 14 0 61 217 72 52 9 83 3 7 17 37 4 67 22 2 31 18 23 0 5 160 119 17 23 1 5 0 24 44 0 6 5 0 2 5 0 6 2 0 0 9 7 0 2 0 3 1 1 0 2 1 6 29 65 0 7 14 23 7 28 19 17 10 116 110 0 4 34 168 198 190 193 183 191 197 198 202 197 195 192 195 116 0 1 8 7 8 6 4 15 26 14 25 17 13 14 24 38 3 3 1 0 1 2 2 2 2 2 2 1 1 1 2 4 1 1 4 8 9 12 16 18 16 12 9 10 11 14 17 19 17 13 9 11 12 14 17 21 24 23 22 24 27 30 33 38 43 41 36 40 41 41 39 32 24 15 10 3 3 2 1 1 1 1 2 2 2 11 6 0 6 2 0 17 61 97 71 21 7 8 6 6 6 6 4 5 6 7 6 4 5 6 7 8 7 4 2 5 5 5 5 6 6 6 7 7 5 5 8 8 6 7 11 7 16 16 10 12 15 31 146 205 209 174 182 201 205 203 192 
11 58 86 60 61 59 61 48 50 57 52 43 46 46 40 38 37 33 27 28 25 23 23 14 9 9 7 6 10 10 9 10 9 22 29 21 20 29 27 22 15 47 101 88 108 181 209 205 208 200 160 43 0 2 4 9 7 2 4 7 8 6 3 3 7 7 6 5 4 4 4 4 3 4 4 4 3 3 3 3 2 3 4 8 78 134 113 102 88 79 67 54 43 36 28 19 23 18 15 16 24 29 31 32 28 29 32 34 35 35 31 28 27 28 28 24 19 20 24 26 27 33 6 4 0 2 0 4 2 2 2 2 2 2 2 2 2 2 2 2 2 2 2 2 2 2 2 2 2 2 2 2 2 2 2 2 2 2 2 2 2 2 2 2 2 2 2 2 2 16 2 3 0 3 2 3 0 22 152 175 156 157 193 210 206 203 202 203 216 148 3 8 3 0 5 0 7 0 8 5 3 2 2 4 2 2 5 8 9 2 8 5 26 13 0 187 85 17 19 1 14 36 1 26 48 3 5 15 5 6 1 2 3 4 11 1 7 3 7 0 26 70 0 1 1 3 0 28 47 5 0 2 6 2 1 6 4 0 104 169 14 1 38 59 3 5 29 17 1 11 10 13 38 5 37 17 0 49 206 103 33 187 129 56 201 175 78 38 6 101 1 56 66 152 82 18 103 30 18 15 52 18 0 136 150 1 11 0 2 0 11 65 3 0 0 3 0 0 7 3 3 2 2 11 8 0 2 1 2 1 2 2 3 1 3 26 62 3 14 86 129 137 163 171 177 163 151 81 1 11 34 155 197 193 188 190 190 192 197 202 198 195 196 197 106 1 9 2 3 1 7 8 5 11 10 27 35 3 22 37 27 1 0 3 0 1 1 1 0 1 2 3 3 2 1 0 0 0 2 3 3 3 3 5 7 8 7 6 6 7 9 13 16 17 16 14 12 12 13 16 18 20 19 18 22 24 25 24 25 27 24 19 16 14 10 7 5 3 2 2 3 2 1 1 0 1 1 1 4 0 4 3 4 1 8 51 72 55 41 19 3 5 8 5 5 5 5 4 4 6 7 7 3 4 4 5 5 5 4 3 4 5 5 5 5 5 6 7 4 8 10 7 6 8 8 6 4 12 9 8 13 15 56 169 203 205 175 151 167 175 188 188 
5 39 78 80 87 76 73 61 66 65 60 53 49 47 44 41 38 37 32 31 31 30 23 8 5 7 5 5 7 7 5 6 3 8 13 5 4 14 17 33 25 40 134 139 81 138 202 209 203 205 200 149 34 0 10 3 9 2 8 5 2 6 5 5 6 5 5 5 5 5 6 6 4 4 3 4 5 5 4 3 7 3 6 0 62 157 175 175 184 179 177 169 156 153 148 133 124 117 102 85 71 61 46 30 30 26 18 9 5 5 7 8 12 12 15 18 17 19 23 25 28 32 3 1 7 7 1 0 2 2 2 2 2 2 2 2 2 2 2 2 2 2 2 2 2 2 2 2 2 2 2 2 2 2 2 2 2 2 2 2 2 2 2 2 2 2 2 2 1 13 0 0 1 9 7 1 0 0 123 183 165 173 197 205 206 208 207 196 208 146 1 0 3 1 0 4 3 27 0 2 2 2 2 4 2 2 5 9 11 4 1 2 28 7 9 163 139 142 126 123 141 133 110 64 24 1 15 36 7 3 1 5 1 0 0 15 4 1 6 0 50 46 0 4 0 0 5 3 26 4 1 0 1 1 0 2 3 0 130 150 4 42 37 38 1 31 46 1 15 22 15 35 28 9 57 6 11 2 44 171 182 174 213 196 157 28 23 40 43 45 3 101 185 157 166 0 172 168 18 13 1 42 0 99 174 1 5 6 0 0 4 32 14 1 0 3 0 34 6 0 1 0 2 9 6 0 1 0 2 1 2 1 3 1 4 27 59 0 7 135 132 98 69 48 28 16 1 16 12 7 34 155 181 195 187 191 184 191 198 195 197 190 190 197 115 4 9 6 6 10 10 11 11 8 5 38 27 11 18 19 24 4 0 4 1 1 1 1 1 1 1 3 1 1 2 1 0 1 4 1 1 0 0 0 0 2 3 3 2 2 2 3 5 7 7 6 7 6 6 8 9 10 9 8 7 9 8 7 6 7 5 1 2 1 1 0 1 1 1 2 2 2 1 0 0 0 1 1 0 6 1 18 12 27 93 103 34 10 1 1 1 7 6 4 4 5 5 4 4 6 7 7 4 5 4 4 4 5 6 6 4 5 5 4 4 4 6 7 6 11 13 11 9 10 8 6 9 13 6 8 10 7 76 171 183 184 177 150 146 165 194 203 
5 5 20 42 51 59 68 77 71 66 63 60 55 52 49 44 43 44 38 36 35 34 27 11 7 9 8 9 12 12 10 11 14 17 18 18 29 40 50 70 51 23 77 105 59 95 179 205 207 206 208 199 128 9 4 7 5 7 11 14 15 17 18 19 13 12 10 9 7 6 5 4 8 7 6 5 5 5 4 4 8 2 10 4 3 47 91 93 113 122 137 146 150 158 169 169 175 180 183 181 177 176 170 163 137 130 116 98 82 67 56 49 36 23 12 9 6 5 4 4 8 9 2 1 3 0 3 8 2 2 2 2 2 2 2 2 2 2 2 2 2 2 2 2 2 2 2 2 2 2 2 2 2 2 2 2 2 2 2 2 2 2 2 2 2 2 2 2 7 11 1 2 3 0 0 0 7 0 125 222 199 199 209 203 203 197 192 188 210 151 11 2 3 3 7 1 41 38 1 3 2 1 2 4 2 2 5 8 7 5 1 5 34 4 8 147 105 110 122 122 113 129 150 92 26 1 32 58 6 12 17 0 6 0 55 36 2 2 1 0 35 73 0 3 3 2 1 0 0 3 9 0 0 5 2 0 3 0 157 122 1 23 1 11 16 1 31 9 6 19 13 27 54 5 53 24 0 6 1 0 34 66 41 18 45 99 1 0 35 34 51 178 8 30 150 2 4 188 72 36 8 8 1 87 181 7 9 4 0 6 0 0 12 5 8 0 21 55 0 2 1 0 1 5 3 0 0 0 3 1 1 0 2 1 8 33 66 0 1 0 0 6 2 16 6 29 18 22 9 1 39 135 158 179 189 197 192 188 185 180 184 194 197 194 133 8 8 18 16 3 7 14 3 4 9 26 35 39 35 30 41 5 5 2 3 3 3 3 2 2 2 2 2 1 3 3 1 1 4 1 3 2 1 1 2 2 2 1 4 3 1 1 1 2 2 2 1 2 1 1 2 2 2 2 0 1 2 1 1 2 2 1 0 1 3 5 6 5 3 2 2 1 1 1 0 0 1 1 3 3 3 1 9 76 100 24 0 0 4 6 4 6 6 7 4 5 4 3 4 5 6 6 5 5 5 5 4 5 5 6 5 5 5 3 4 6 6 6 10 8 10 13 13 9 7 9 8 9 9 16 13 23 115 177 184 183 193 190 160 174 205 217 
1 11 28 34 22 27 57 79 79 71 69 69 61 56 54 48 47 49 44 39 37 37 35 20 18 19 18 18 21 21 19 21 23 34 33 40 52 61 77 92 77 28 21 86 105 85 140 197 207 208 209 201 190 78 0 1 2 4 0 4 10 4 6 12 17 17 17 17 17 17 17 17 15 14 12 9 5 4 5 7 0 6 3 8 1 0 10 10 12 22 26 31 41 46 55 67 80 90 103 113 123 134 146 155 166 169 173 175 175 174 171 169 160 146 132 120 104 85 71 61 56 43 0 6 7 0 2 2 2 2 2 2 2 2 2 2 2 2 2 2 2 2 2 2 2 2 2 2 2 2 2 2 2 2 2 2 2 2 2 2 2 2 2 2 2 2 2 2 3 18 36 41 41 20 33 38 19 22 115 210 207 213 218 213 200 178 162 184 220 137 0 4 0 1 1 8 57 2 4 5 2 1 2 4 2 2 5 8 6 2 6 4 38 6 8 197 58 3 4 0 3 4 1 42 39 1 45 86 31 58 58 0 7 18 96 21 1 5 4 0 10 65 6 0 7 0 2 17 2 3 2 1 4 5 0 3 1 0 171 124 1 3 8 27 23 24 1 1 11 16 4 28 53 32 19 39 25 30 22 2 14 6 30 3 15 99 8 38 15 0 98 136 3 55 165 18 3 133 93 26 32 5 0 80 187 5 30 0 0 7 1 15 3 2 6 0 41 32 0 4 3 0 1 3 2 3 2 2 3 1 1 0 2 1 9 35 59 1 13 18 10 36 35 9 32 37 17 18 12 3 40 132 131 136 167 187 184 157 141 146 150 178 196 177 131 3 7 11 12 12 2 4 7 4 1 20 41 33 8 19 84 28 0 4 4 4 5 5 5 4 3 2 6 2 2 3 2 1 2 4 3 3 3 3 3 3 2 1 2 1 1 1 2 2 2 2 4 3 2 1 1 2 2 2 3 5 5 4 3 4 4 4 2 2 2 1 0 0 1 1 2 1 1 1 1 1 1 1 3 0 3 6 7 19 21 8 13 8 7 3 3 7 5 4 5 6 5 3 3 5 5 5 4 5 5 5 4 4 3 3 7 6 4 3 5 8 8 5 8 5 5 9 12 10 8 9 5 5 13 17 8 54 161 196 206 206 210 220 189 173 192 211 
5 31 76 83 71 51 71 86 77 69 66 66 59 56 56 50 48 47 43 41 37 36 37 31 27 28 25 24 26 25 23 25 22 34 32 41 52 59 76 83 88 61 33 96 140 74 90 181 200 206 207 211 204 169 65 2 0 9 3 0 1 1 3 4 0 0 1 2 4 6 7 8 9 10 9 6 3 2 5 8 14 19 13 6 9 5 0 0 2 4 0 0 2 0 0 3 3 4 7 13 17 22 31 40 55 59 64 70 80 91 100 104 119 122 135 148 153 153 155 156 166 130 7 1 0 3 3 1 2 2 2 2 2 2 2 2 2 2 2 2 2 2 2 2 2 2 2 2 2 2 2 2 2 2 2 2 2 2 2 2 2 2 2 2 2 2 2 2 7 41 66 62 73 78 102 93 78 56 36 39 38 55 67 78 85 80 90 125 156 103 14 12 5 5 0 17 19 0 0 4 2 2 2 4 2 2 4 7 8 5 1 0 32 6 7 132 42 34 30 10 35 33 3 80 68 0 42 75 6 27 33 0 0 29 94 13 1 2 3 2 1 1 12 3 3 0 32 29 3 1 0 0 1 2 0 2 0 6 165 129 10 19 47 23 11 39 14 1 30 26 17 23 14 42 17 11 18 17 19 2 82 17 28 35 6 94 44 45 17 1 64 160 0 51 157 0 0 184 55 11 41 53 0 81 187 9 60 11 1 5 45 23 2 0 1 2 22 30 2 1 3 0 2 1 1 3 2 2 2 1 2 1 2 1 8 33 61 0 23 37 43 14 10 27 6 8 28 32 8 3 44 117 105 104 132 144 145 123 110 119 127 137 159 160 128 4 8 1 19 10 10 16 3 3 9 15 49 16 20 31 68 20 1 3 3 4 4 5 5 5 4 3 3 5 5 6 9 6 2 4 1 1 0 0 0 1 2 2 0 0 0 0 0 0 0 0 3 2 2 2 2 2 2 2 2 3 2 2 1 1 2 2 3 2 2 2 1 2 2 2 1 1 1 1 1 1 1 1 0 10 0 0 5 3 17 33 11 2 0 2 7 8 3 5 5 6 5 4 3 5 5 4 5 5 6 6 6 5 3 2 6 6 5 4 6 9 9 6 6 7 7 6 9 14 13 8 7 7 16 11 5 91 190 211 215 219 212 211 204 162 163 185 
1 12 42 58 77 77 90 90 79 72 69 67 63 62 61 57 55 51 47 47 42 36 40 38 33 33 30 28 28 27 24 25 26 28 29 35 46 57 67 74 86 75 31 39 88 71 56 133 198 201 207 205 206 200 171 81 12 0 5 2 0 6 0 0 3 3 3 2 1 0 0 0 0 1 1 1 0 1 3 4 1 2 7 2 0 6 3 2 2 3 1 3 6 7 4 2 4 2 0 0 0 0 0 0 1 2 2 1 2 4 5 7 12 13 22 30 36 46 59 67 84 76 0 4 1 2 0 6 2 2 2 2 2 2 2 2 2 2 2 2 2 2 2 2 2 2 2 2 2 2 2 2 2 2 2 2 2 2 2 2 2 2 2 2 2 2 2 2 5 26 26 12 23 49 74 60 65 71 51 34 28 18 11 10 6 2 5 8 14 23 21 18 22 14 12 9 2 5 3 3 2 2 2 4 2 1 4 6 5 7 0 2 32 3 0 3 33 33 43 18 30 40 1 66 55 0 40 66 1 1 2 1 0 15 99 15 4 1 0 4 2 9 2 9 1 3 59 18 0 3 1 3 0 3 3 2 2 3 161 111 0 3 35 0 13 15 14 1 13 13 14 28 5 1 63 20 21 37 132 175 128 68 0 60 156 199 1 80 29 27 0 147 139 89 157 48 168 197 42 1 28 60 0 105 175 12 55 25 1 14 69 3 4 0 1 4 0 34 7 1 1 0 6 3 0 2 0 1 2 1 2 1 2 1 9 34 64 1 6 53 37 16 21 20 22 1 19 23 2 9 58 120 97 102 112 114 114 112 112 113 116 110 123 150 137 16 8 3 15 14 9 15 10 3 4 17 23 10 14 22 52 24 3 5 4 4 4 4 6 7 8 8 9 18 13 6 11 10 2 2 1 1 1 0 1 1 2 3 3 3 3 2 2 2 1 1 0 0 1 1 1 1 0 0 1 0 0 1 1 2 2 2 0 0 1 2 2 1 1 1 1 1 1 1 1 1 1 1 4 0 3 1 4 8 5 25 11 7 6 5 6 5 3 10 5 6 5 4 4 5 5 5 7 6 6 7 8 8 5 3 3 6 7 6 6 9 9 7 6 9 10 8 10 13 13 10 9 11 16 10 24 140 204 211 203 204 196 187 192 169 161 176 
12 29 33 23 29 61 86 91 84 79 75 71 69 66 62 59 60 54 49 51 45 35 38 39 32 34 32 30 31 29 26 27 29 25 33 33 38 50 60 74 81 91 52 12 58 106 58 79 182 205 204 206 210 199 209 183 84 7 1 6 2 6 0 6 3 3 3 4 4 4 4 4 3 3 2 2 3 3 2 1 2 5 1 4 4 1 1 5 4 4 7 6 0 4 7 0 3 3 4 4 4 6 5 4 3 4 4 2 1 2 2 1 2 0 0 1 0 1 1 1 1 0 2 4 2 4 0 4 2 2 2 2 2 2 2 2 2 2 2 2 2 2 2 2 2 2 2 2 2 2 2 2 2 2 2 2 2 2 2 2 2 2 2 2 2 2 2 2 8 10 3 12 9 13 21 19 30 42 47 47 46 38 47 40 35 33 29 29 25 20 23 20 19 22 9 3 3 0 1 3 2 2 3 4 2 1 3 6 7 2 3 4 41 9 10 11 32 40 29 10 51 123 78 37 43 2 38 46 1 9 0 3 7 0 33 28 1 3 3 2 40 5 3 0 7 0 59 15 0 2 0 4 0 2 2 2 1 0 148 130 0 12 0 5 5 45 1 38 9 1 39 9 12 3 74 94 0 149 170 64 181 181 158 208 165 113 35 44 22 11 11 6 114 157 173 180 131 17 51 1 15 27 0 126 162 5 22 3 0 32 48 0 1 5 0 0 1 6 16 2 1 1 11 7 1 2 0 2 3 1 1 0 1 2 12 39 55 1 12 29 28 22 24 15 24 16 22 9 6 14 54 122 97 104 99 108 105 105 110 110 102 110 110 139 135 18 0 8 19 10 8 20 11 4 7 14 11 23 26 46 58 29 14 5 6 5 4 5 7 10 12 13 31 40 23 2 4 6 0 1 0 1 2 2 2 1 0 0 0 1 1 1 1 1 2 2 1 2 2 2 2 2 1 1 2 2 1 1 2 2 2 1 3 2 1 1 1 2 3 4 0 0 0 0 0 0 0 0 0 5 0 4 4 0 9 10 21 15 8 2 5 8 3 3 5 5 5 4 4 5 6 6 7 5 3 5 7 8 5 3 1 6 9 7 5 7 9 8 8 7 9 13 12 8 9 12 10 12 13 10 43 172 195 190 181 174 173 169 172 196 198 206 
24 91 97 70 67 78 90 87 93 85 85 80 66 65 65 54 45 38 46 47 34 37 43 30 30 28 25 21 19 19 25 32 33 26 29 22 16 25 35 54 58 78 75 23 21 71 55 43 134 195 196 204 208 200 204 202 176 104 29 2 5 2 4 1 0 3 0 2 5 3 6 1 2 2 2 2 2 2 2 2 2 2 2 2 2 2 2 2 2 2 2 2 2 2 2 2 2 2 2 2 2 2 2 2 2 2 2 2 2 2 2 2 2 2 2 2 2 2 2 2 3 2 2 1 1 2 2 2 4 3 3 3 3 3 3 4 2 2 2 2 2 2 2 2 1 1 1 1 1 2 2 2 1 1 2 2 2 2 2 2 2 2 2 3 2 2 1 0 8 6 6 4 2 6 10 7 16 23 28 30 24 30 23 29 36 22 37 38 33 39 46 46 40 48 19 0 3 0 0 5 3 2 2 2 2 2 5 7 5 2 7 1 51 18 8 19 185 108 1 70 189 128 167 119 8 1 35 59 1 5 1 2 2 0 4 2 4 11 1 41 67 6 0 2 3 0 27 33 0 1 2 2 1 0 1 1 4 0 114 150 1 8 45 8 11 27 1 36 31 12 22 64 15 22 13 34 8 191 66 1 74 211 139 47 3 2 28 23 20 61 0 32 21 0 1 0 28 20 23 91 0 25 0 160 131 0 5 3 3 12 61 0 6 0 4 6 0 11 3 3 4 0 30 12 0 2 0 3 1 1 2 1 3 0 21 38 58 2 13 7 14 17 21 18 15 6 27 13 2 10 69 118 78 91 101 101 106 110 107 110 102 99 103 134 133 8 9 9 12 7 7 9 19 10 13 23 15 22 37 34 27 44 7 7 8 6 4 7 10 11 6 2 2 2 2 1 1 1 1 1 1 1 1 1 1 1 1 1 1 1 1 1 1 1 1 1 1 1 1 1 1 1 1 0 1 1 1 1 1 1 1 1 1 1 1 1 1 2 2 2 12 41 26 16 25 31 0 2 2 2 2 1 0 2 4 5 13 26 11 4 9 3 2 6 12 6 5 7 5 4 4 4 4 3 4 5 5 3 3 5 7 6 7 13 9 2 6 7 5 5 6 9 9 8 8 10 13 11 9 17 92 159 160 142 155 163 152 140 175 207 208 215 
28 93 115 108 105 103 103 94 90 87 82 65 42 41 44 33 15 16 28 30 15 15 23 19 12 11 13 11 8 10 19 28 28 28 21 6 2 10 13 18 33 77 81 46 13 69 120 64 79 174 194 202 204 203 207 193 202 189 149 46 0 4 2 4 11 0 2 5 1 0 0 4 2 2 2 2 2 2 2 2 2 2 2 2 2 2 2 2 2 2 2 2 2 2 2 2 2 2 2 2 2 2 2 2 2 2 2 2 2 2 2 2 2 2 2 2 1 1 1 1 1 1 1 2 2 2 3 3 2 2 2 2 2 2 2 2 1 2 2 2 2 2 2 1 2 2 2 2 2 2 2 2 2 2 2 2 2 2 2 2 2 2 2 2 2 2 2 2 13 10 17 16 3 8 21 20 12 19 11 4 11 6 1 11 12 12 9 21 25 25 37 32 39 53 10 1 6 0 9 0 3 2 2 2 2 2 4 7 9 4 2 7 36 15 9 133 158 13 2 140 139 0 29 168 15 0 31 64 1 8 2 4 0 47 18 5 7 0 6 55 36 1 8 4 3 3 1 10 1 2 2 2 1 1 1 1 2 1 85 173 10 3 40 4 31 19 13 10 2 27 17 25 31 1 17 20 11 191 78 1 80 192 6 46 2 3 6 34 36 51 0 22 62 6 61 6 86 37 33 16 17 69 0 191 87 1 18 0 0 0 33 20 0 9 1 0 26 9 0 5 1 2 20 11 0 4 0 4 2 1 2 2 1 1 12 42 48 0 9 17 20 17 27 10 23 19 18 18 13 11 75 117 67 84 94 101 103 108 110 97 96 100 95 127 116 25 24 10 9 23 16 2 15 7 5 21 3 27 29 22 3 18 20 4 8 6 4 6 9 9 5 2 2 2 2 2 1 1 1 1 1 1 1 1 1 1 1 1 1 1 1 1 1 1 1 1 1 1 1 1 1 1 1 0 1 1 1 1 1 1 1 1 1 1 1 1 2 2 2 2 6 64 71 71 120 108 2 0 0 1 1 1 1 1 3 3 3 13 23 7 3 9 0 5 8 4 6 9 7 4 4 3 8 5 3 4 5 6 7 9 8 7 6 12 10 5 9 8 8 7 7 8 8 7 6 7 13 13 8 51 161 178 159 138 168 175 147 132 150 189 201 193 
71 105 115 110 104 100 104 99 95 92 85 56 22 14 19 16 4 6 16 18 8 7 13 16 6 9 12 10 7 8 19 31 27 27 13 4 6 12 14 10 34 67 81 69 20 28 85 50 38 127 185 197 205 207 210 201 201 202 197 148 27 0 8 3 0 4 6 2 4 3 0 5 2 2 2 2 2 2 2 2 2 2 2 2 2 2 2 2 2 2 2 2 2 2 2 2 2 2 2 2 2 2 2 2 2 2 2 2 2 2 2 2 1 1 1 1 1 1 1 1 1 1 2 3 3 4 4 4 4 4 4 4 4 4 4 4 2 2 2 2 2 2 2 2 2 2 2 2 2 2 2 2 2 2 2 2 2 2 2 2 1 1 1 1 2 2 3 3 9 5 18 21 8 17 37 37 72 89 94 81 66 66 54 35 33 25 21 11 11 15 5 13 16 19 0 0 1 3 4 3 3 2 2 2 2 2 4 7 9 1 5 1 42 22 1 172 73 10 0 151 96 2 21 164 23 3 23 87 8 4 8 0 1 64 27 0 0 6 0 51 79 7 1 0 0 2 3 0 2 2 3 2 2 1 1 1 6 0 42 187 45 5 2 10 5 2 29 47 8 4 34 32 5 23 27 35 19 190 95 12 100 205 43 38 30 40 57 0 48 51 33 44 50 9 14 15 63 34 28 34 23 0 42 207 38 11 30 1 2 7 0 8 2 6 2 19 48 0 4 1 0 4 7 9 0 4 0 2 3 1 1 3 0 3 4 53 31 0 2 18 47 75 84 53 5 16 8 23 12 5 108 111 59 77 71 86 110 109 103 88 84 81 100 128 105 33 11 3 3 7 13 9 8 8 7 1 33 50 10 9 28 41 40 5 8 6 4 5 7 7 4 2 1 1 2 2 2 1 1 1 1 1 1 1 1 1 1 1 1 1 1 1 1 1 1 1 1 1 1 1 1 1 0 0 1 1 1 1 1 1 1 2 1 1 1 1 2 2 2 2 0 2 3 26 47 43 5 2 1 1 1 1 2 1 1 1 6 8 23 30 10 2 8 0 5 3 6 9 6 4 4 4 9 6 4 5 6 8 9 10 10 9 6 9 10 8 11 9 7 8 8 8 9 10 10 9 13 16 8 73 189 204 197 169 173 184 151 150 154 175 185 183 
120 126 122 115 109 108 110 102 96 93 87 63 26 11 19 28 26 22 22 23 22 19 21 23 23 22 23 20 14 11 20 31 28 20 12 22 23 20 28 26 48 58 73 79 41 6 44 65 43 82 179 194 201 203 203 201 199 195 207 187 151 76 14 4 13 5 1 3 2 0 6 0 2 2 2 2 2 2 2 2 2 2 2 2 2 2 2 2 2 2 2 2 2 2 2 2 2 2 2 2 2 2 2 2 2 2 2 2 2 2 2 2 2 1 1 1 1 1 1 1 1 2 4 5 7 6 6 6 6 6 6 6 6 6 6 6 5 4 4 4 4 4 4 5 3 3 3 3 2 2 2 2 2 2 2 2 2 2 2 2 2 2 1 1 1 2 2 3 8 2 7 9 1 8 19 17 31 70 98 116 118 122 118 129 141 147 134 121 122 102 98 95 73 38 1 4 1 3 0 8 3 2 2 2 2 2 4 7 11 0 7 1 47 16 0 173 94 0 0 154 101 0 29 173 8 0 14 98 27 46 62 0 33 99 14 3 4 5 0 13 66 16 0 4 0 2 29 6 2 2 2 2 2 1 1 1 1 2 14 173 88 1 5 63 16 3 9 16 46 22 22 48 1 58 23 8 4 150 192 180 182 185 189 188 216 211 42 12 30 0 76 39 0 66 7 0 32 72 1 64 20 7 116 175 3 1 23 12 0 0 13 1 8 3 0 49 43 1 1 3 1 0 1 6 2 2 0 1 3 0 1 4 0 7 5 66 26 0 9 117 188 161 151 171 186 69 10 14 9 5 134 117 62 63 67 85 88 84 93 86 81 81 80 125 96 1 5 4 8 12 6 4 15 13 6 10 29 48 22 24 33 18 20 5 7 5 4 4 5 5 2 2 0 1 2 2 2 2 1 0 1 1 1 1 1 1 1 1 1 1 1 1 1 1 1 1 1 1 1 1 1 1 1 1 1 1 1 1 1 2 2 2 1 1 1 2 2 2 2 2 5 5 0 8 0 2 4 1 3 1 1 1 1 2 1 0 4 1 6 33 31 8 9 4 5 3 5 6 4 3 6 7 6 7 7 7 7 8 8 8 11 12 7 7 9 7 10 9 7 8 9 10 11 14 13 11 11 10 33 106 168 198 208 180 164 185 172 180 181 183 187 196 
126 125 121 118 113 113 111 99 101 98 94 80 61 50 58 65 67 60 52 53 55 53 50 48 45 40 39 34 25 14 13 22 22 8 13 31 20 11 22 16 28 55 73 83 61 17 38 76 56 43 129 182 191 199 204 203 208 203 198 203 200 186 104 9 0 7 4 1 2 1 2 3 2 2 2 2 2 2 2 2 2 2 2 2 2 2 2 2 2 2 2 2 2 2 2 2 2 2 2 2 2 2 2 2 2 2 2 2 2 2 2 2 2 2 2 2 2 1 1 1 1 2 4 5 7 7 7 6 6 6 6 5 5 6 6 6 7 7 6 6 6 6 7 7 7 7 7 6 6 6 6 6 5 5 5 5 5 5 4 4 5 4 4 3 3 3 4 4 8 4 0 0 0 1 0 0 1 0 0 7 45 62 57 54 57 75 85 101 124 129 152 157 166 93 2 0 6 5 5 0 2 2 1 2 2 2 4 6 10 4 3 1 35 24 2 109 180 10 10 191 62 9 165 143 1 6 5 86 44 14 7 4 34 102 1 0 0 6 3 0 8 6 2 10 0 38 33 2 1 1 1 2 2 1 1 0 0 6 0 122 158 3 9 27 13 29 3 37 11 29 3 20 7 58 17 16 5 15 50 40 35 36 40 40 76 58 31 34 5 25 20 50 0 21 51 36 27 14 43 1 0 6 188 113 11 32 10 4 0 50 30 0 5 3 0 30 49 2 0 5 5 0 4 5 3 1 2 2 4 0 0 3 0 8 13 73 14 1 110 175 22 0 3 0 60 193 66 7 14 15 146 99 51 56 57 67 82 77 70 82 80 81 75 122 88 4 1 8 8 14 9 7 11 10 6 13 4 9 14 39 40 15 35 13 6 5 4 4 4 3 1 1 0 1 2 2 2 2 1 0 1 1 1 1 1 1 1 1 1 1 1 1 1 1 1 1 1 1 1 1 1 1 1 1 1 1 1 1 2 2 2 2 1 2 2 2 2 2 2 2 2 0 4 0 1 12 2 12 5 3 1 0 1 1 1 1 1 1 2 8 36 30 1 7 5 4 5 6 3 4 7 7 6 9 10 8 7 8 8 7 9 13 8 7 8 5 6 8 8 9 9 10 12 12 11 10 21 11 78 154 168 176 183 179 177 189 193 193 186 186 189 185 
133 129 127 122 113 115 116 111 106 104 98 93 89 92 91 86 78 72 68 66 65 62 58 55 53 48 45 41 29 10 6 9 8 0 15 27 10 4 12 3 7 43 75 77 78 36 13 79 120 66 79 173 197 198 201 201 201 207 199 192 204 201 189 93 14 5 12 3 2 5 0 7 2 2 2 2 2 2 2 2 2 2 2 2 2 2 2 2 2 2 2 2 2 2 2 2 2 2 2 2 2 2 2 2 2 2 2 2 2 2 2 2 3 2 2 2 2 2 2 2 0 1 3 6 6 6 6 6 6 6 6 6 6 6 6 6 7 6 6 6 6 6 6 7 7 7 7 7 7 7 7 7 7 7 7 7 7 7 7 7 7 7 6 6 5 5 5 5 3 5 1 0 5 3 1 5 3 11 8 14 162 213 183 175 134 111 90 56 21 14 24 38 51 31 2 7 4 2 1 5 2 1 1 2 2 1 4 6 7 7 5 0 35 38 0 8 133 182 190 144 1 60 138 29 36 1 2 74 53 17 2 0 24 105 14 5 5 0 4 4 6 5 1 1 0 70 12 1 1 1 1 1 2 2 1 0 0 3 0 50 194 47 9 26 33 10 12 44 3 26 12 1 41 45 14 7 35 17 19 15 3 2 3 0 0 107 16 16 19 38 27 7 4 82 3 78 43 10 34 31 4 69 202 27 6 66 27 0 16 75 3 5 1 1 5 2 40 7 2 1 3 0 7 1 1 0 3 2 4 1 1 1 0 4 25 70 0 5 175 59 9 34 15 8 2 87 142 0 16 27 161 97 74 55 48 47 54 69 72 70 72 76 91 130 80 45 1 5 2 2 6 10 2 9 10 1 4 14 11 27 38 7 34 15 4 5 5 4 3 3 1 1 1 1 1 2 2 2 1 1 1 1 1 1 1 1 1 1 1 1 1 1 1 1 1 1 1 1 1 1 1 1 1 1 1 1 1 1 2 2 2 2 2 2 2 2 2 2 2 2 9 0 1 8 6 7 4 5 8 5 2 1 0 1 1 2 3 5 2 2 18 38 28 6 6 4 6 7 5 5 6 5 8 11 11 7 6 9 9 8 7 12 8 8 11 5 5 8 7 6 6 8 10 10 11 11 9 30 118 175 193 186 186 196 199 178 184 192 179 172 178 160 
136 131 131 126 117 113 112 110 111 104 99 96 97 97 93 84 84 81 79 75 69 67 65 60 55 48 44 40 27 10 4 11 10 9 24 27 19 19 23 21 23 42 70 72 90 67 17 74 113 72 37 126 187 190 196 203 208 205 210 207 195 202 197 190 135 56 7 9 3 0 5 0 2 2 2 2 2 2 2 2 2 2 2 2 2 2 2 2 2 2 2 2 2 2 2 2 2 2 2 2 2 2 2 2 2 2 2 2 2 2 2 2 3 3 2 2 2 2 2 2 1 1 4 5 6 6 6 6 6 6 5 5 5 5 6 6 6 5 5 4 4 5 5 6 6 6 6 6 6 6 6 6 7 7 7 7 7 7 7 8 7 7 7 7 7 7 7 6 3 3 1 1 1 0 0 2 3 4 6 3 140 211 201 207 203 199 164 144 46 2 4 0 3 0 2 0 3 13 2 4 2 1 1 2 2 1 4 6 9 2 5 1 36 40 0 1 4 34 43 11 14 4 0 41 53 5 1 72 72 3 1 9 1 40 22 0 2 3 8 44 5 1 3 2 0 54 13 2 1 1 0 1 2 2 2 1 5 0 0 4 152 133 1 4 10 1 23 80 1 5 30 12 1 39 34 16 28 14 134 78 17 65 168 196 123 60 49 41 18 44 16 24 14 50 6 2 79 40 18 67 0 181 128 0 4 4 6 0 38 59 0 0 1 4 0 7 6 15 3 2 0 18 12 0 0 0 2 0 2 1 2 0 2 1 40 63 0 7 169 57 15 56 29 20 0 81 148 5 19 43 164 89 87 81 57 43 46 52 62 74 71 89 93 135 61 34 12 2 5 10 1 2 7 10 5 17 13 27 17 12 47 23 34 33 3 4 5 5 4 2 1 1 1 1 1 1 2 2 2 2 2 2 2 2 2 2 2 2 2 2 2 2 2 2 2 2 1 1 1 1 2 2 2 2 1 1 1 2 2 2 2 2 2 2 2 2 2 2 2 2 0 12 0 0 1 1 9 3 7 6 4 2 1 0 1 1 0 0 0 6 5 27 55 31 8 6 7 7 5 6 7 5 8 10 9 7 8 12 10 5 6 10 6 11 17 9 7 11 11 6 4 6 9 10 12 16 6 86 152 175 205 210 202 191 188 160 147 176 176 169 175 165 
142 132 132 130 123 119 115 115 119 112 107 108 104 96 91 91 90 85 81 76 70 70 70 64 63 57 52 46 34 18 19 30 27 25 34 33 35 36 35 49 47 65 76 82 87 82 38 12 61 73 45 85 173 188 197 205 204 206 200 203 204 203 202 198 205 169 38 0 18 3 5 3 2 2 2 2 2 2 2 2 2 2 2 2 2 2 2 2 2 2 2 2 2 2 2 2 2 2 2 2 2 2 2 2 2 2 2 2 2 2 2 2 2 2 2 2 2 2 2 2 3 3 4 5 6 6 6 6 6 6 5 5 5 5 6 6 6 5 4 4 4 4 5 6 6 6 6 6 6 6 7 7 6 6 6 6 6 7 7 7 5 6 6 7 7 7 7 6 5 0 1 4 1 2 5 2 1 19 21 1 103 206 192 191 190 190 176 158 32 1 0 6 1 10 1 0 5 4 10 3 2 1 1 2 2 1 4 6 5 8 0 3 19 61 1 20 6 12 32 36 21 26 45 25 36 17 0 56 75 1 9 0 1 3 8 1 10 1 44 80 2 2 2 4 0 29 45 0 1 1 1 1 3 3 2 2 0 4 1 0 61 197 43 12 25 12 2 14 8 43 5 17 54 18 35 27 15 117 228 79 6 195 127 73 218 106 1 76 24 24 13 72 24 45 65 1 12 39 21 33 90 202 25 0 7 4 0 0 15 58 0 2 3 3 3 1 4 1 5 7 0 41 17 1 2 1 2 0 0 1 4 0 4 0 52 58 0 0 98 183 38 21 6 1 10 152 91 0 9 78 155 71 59 63 62 79 82 68 66 58 78 85 104 136 42 6 4 4 6 2 8 21 7 1 5 19 9 19 40 17 40 22 22 37 2 4 6 6 4 2 1 1 1 1 1 1 1 2 2 2 2 2 2 2 2 2 2 2 2 2 2 2 2 2 2 2 1 1 1 2 2 2 2 2 1 1 2 2 2 2 2 2 2 2 2 2 2 2 2 2 5 0 5 6 2 3 4 6 6 6 6 3 1 0 0 2 3 0 5 1 1 10 27 51 12 8 6 4 3 6 8 6 6 8 8 7 11 15 10 1 5 9 5 13 21 14 9 13 19 11 6 8 10 9 12 18 57 169 187 176 192 215 204 172 172 167 127 154 173 174 176 176 
145 138 134 126 126 118 120 118 122 113 109 104 101 100 100 97 93 86 82 79 73 72 71 68 65 58 57 51 48 38 41 42 43 36 39 33 37 41 48 50 55 58 74 77 85 97 64 15 66 131 102 51 138 186 196 199 203 205 206 204 201 201 202 202 203 183 52 3 8 9 7 3 1 0 10 0 2 3 2 4 2 2 1 1 1 2 2 3 2 2 2 2 2 2 2 2 2 2 2 2 2 2 2 2 2 2 2 2 2 2 2 2 3 3 2 2 2 2 2 2 2 2 3 4 6 7 6 6 5 4 1 6 5 4 7 3 5 6 6 4 3 5 6 6 6 6 6 6 5 5 6 6 4 8 3 9 4 4 5 5 4 8 5 7 7 3 5 7 5 4 1 0 1 1 1 1 8 0 9 2 62 190 191 188 192 186 184 157 18 0 0 2 2 2 1 1 1 2 4 5 2 2 1 1 1 1 3 4 12 4 0 3 14 69 13 19 0 19 27 24 27 32 15 141 90 12 0 36 78 1 3 1 5 10 0 8 2 0 71 49 3 0 4 1 2 7 12 7 11 1 0 23 7 0 3 0 1 5 2 0 3 144 131 2 33 14 31 6 9 4 47 31 70 32 19 3 30 200 93 0 73 203 16 0 117 191 50 38 9 25 95 0 1 49 19 32 57 21 18 23 206 116 1 6 12 1 2 0 1 34 22 0 4 0 6 28 10 0 4 0 0 29 16 0 3 1 3 2 4 2 0 2 9 8 71 28 0 4 0 97 187 157 128 133 179 134 5 9 3 104 158 71 75 56 40 52 71 99 101 89 90 84 101 128 21 8 8 9 1 15 5 5 12 6 7 10 14 16 15 46 13 24 23 31 0 4 7 5 1 0 1 2 3 2 1 1 1 1 2 3 2 2 2 2 2 2 2 2 3 3 2 2 2 2 2 2 2 2 2 2 2 2 2 2 3 3 3 4 4 4 4 3 3 3 2 2 3 3 3 4 3 1 4 7 5 4 5 5 6 6 4 6 5 1 0 3 1 0 2 3 0 3 12 22 44 13 4 5 0 8 11 5 12 10 9 9 9 9 9 10 8 5 5 12 16 7 2 10 10 5 5 6 5 11 17 7 107 200 208 179 171 195 203 174 164 169 163 164 183 189 180 175 
142 144 143 136 131 121 121 124 125 114 106 105 108 108 103 96 100 97 83 80 87 76 66 73 67 65 58 50 51 47 45 46 43 39 42 37 40 43 48 54 58 68 70 72 90 98 90 42 40 92 67 26 85 172 183 192 201 204 206 204 201 201 201 202 202 176 83 119 126 44 0 8 5 6 3 3 0 6 4 0 2 2 2 2 2 2 2 2 2 2 2 2 2 2 2 2 2 2 2 2 2 2 2 2 2 2 2 2 2 2 2 2 3 2 2 2 2 2 2 2 2 2 2 3 6 6 6 5 6 5 6 6 0 6 3 0 2 2 3 4 5 5 4 4 5 5 6 6 6 5 3 2 6 4 6 3 4 6 6 4 8 6 6 6 3 8 6 5 6 4 1 0 1 1 1 1 2 5 9 0 36 175 186 175 182 174 183 140 7 0 7 0 2 1 1 1 1 2 3 4 2 2 1 1 1 1 3 4 12 8 5 5 5 66 12 5 105 47 22 43 22 1 4 138 134 1 7 16 94 41 17 2 67 19 0 0 5 3 53 58 0 5 0 0 0 3 11 7 4 8 12 44 0 6 0 3 5 0 7 9 0 31 192 82 1 5 51 20 55 2 11 19 25 25 64 5 29 201 44 0 122 173 0 2 101 187 60 50 3 42 71 33 54 8 13 46 24 71 2 154 179 7 0 7 7 0 2 0 1 0 9 7 3 2 12 57 1 6 0 5 2 21 25 6 4 0 0 1 5 3 0 4 1 7 88 3 1 16 11 0 22 89 109 98 41 14 45 8 3 146 156 81 74 64 62 58 61 78 86 98 99 97 109 124 23 24 4 7 5 1 11 5 6 13 6 13 21 18 26 25 39 11 41 27 0 3 5 4 1 1 2 2 2 2 1 1 1 1 2 2 2 2 2 2 2 2 2 2 3 3 2 2 2 2 2 2 2 2 2 2 2 2 2 2 2 3 3 4 4 4 3 3 3 3 3 3 3 3 3 4 3 3 4 5 6 4 4 6 3 8 7 5 6 6 3 0 1 1 2 3 0 0 7 14 32 41 12 8 7 3 19 6 8 9 9 9 8 8 9 9 12 7 5 10 15 10 5 6 4 15 8 12 12 9 6 30 134 188 195 177 148 148 174 187 185 187 190 189 183 189 192 171 
152 151 139 137 133 129 124 120 117 115 110 111 110 108 103 106 99 96 91 85 81 81 75 67 67 70 63 56 52 52 47 48 46 45 45 44 45 49 48 56 61 74 75 72 87 91 97 69 17 41 81 62 37 133 186 188 196 201 205 204 202 202 203 204 212 176 162 210 208 132 38 7 7 6 1 10 5 0 6 5 3 3 3 2 2 2 2 1 2 2 2 2 2 2 2 2 2 2 2 2 2 2 2 2 2 2 2 2 2 2 2 2 2 2 2 2 2 2 2 2 2 2 2 3 5 6 5 5 3 8 4 3 4 0 0 5 0 0 0 3 4 1 0 0 2 0 0 0 1 4 6 7 6 2 7 3 4 5 1 3 3 2 7 10 3 9 4 7 6 5 2 0 1 0 0 0 7 8 4 7 21 155 184 174 175 170 178 108 0 1 8 0 1 1 1 1 1 1 2 2 2 2 2 1 1 1 3 4 11 7 6 6 0 60 22 1 168 123 23 26 138 37 0 85 150 15 5 3 62 88 64 53 100 4 0 5 8 0 13 70 3 3 6 1 15 23 0 1 3 0 15 27 0 1 5 0 0 3 1 3 3 0 86 196 47 3 5 15 87 10 4 23 38 26 60 6 14 186 125 11 191 141 5 19 187 171 18 12 0 82 7 28 97 33 28 42 1 28 117 207 18 8 11 11 0 6 0 0 5 10 3 2 4 0 38 50 2 0 4 2 1 0 11 3 0 3 2 3 0 1 2 5 1 38 74 0 8 0 3 20 1 2 0 0 5 61 15 0 8 173 151 102 93 76 76 71 80 88 85 96 91 104 127 117 20 36 1 3 7 3 21 11 1 13 12 10 13 47 12 36 46 12 40 20 0 1 3 2 2 2 2 2 2 2 2 1 1 2 2 2 2 2 2 2 2 2 2 2 3 3 2 2 2 2 2 2 2 2 2 2 2 2 2 2 2 3 3 3 3 3 3 3 3 3 3 3 3 3 4 4 1 3 3 3 7 4 2 6 5 8 8 5 8 8 5 2 2 1 1 3 1 0 2 5 10 42 32 15 8 9 19 7 4 7 8 7 6 8 9 9 14 10 9 10 11 12 11 7 2 9 10 5 8 4 10 85 155 165 174 183 167 157 178 206 202 186 191 196 159 149 179 174 
100 109 121 143 135 125 128 128 122 117 109 112 112 110 104 109 105 95 97 98 87 83 84 75 74 69 65 66 49 45 44 49 46 44 40 42 41 45 38 45 48 50 55 58 79 88 94 93 30 20 60 48 21 95 186 183 190 197 204 206 205 205 205 206 203 195 151 169 171 147 183 140 48 4 9 3 3 5 0 0 2 2 2 2 2 2 2 1 2 2 2 2 2 2 2 2 2 2 2 2 2 2 2 2 2 2 2 2 2 2 2 2 2 2 2 2 2 2 2 2 2 2 2 3 5 5 5 4 8 2 10 2 3 39 125 125 122 116 111 104 91 75 65 63 42 35 25 15 9 4 0 0 0 13 0 1 3 0 6 12 1 5 4 11 6 7 2 9 6 5 2 0 1 1 1 1 9 3 0 10 11 132 182 172 169 170 167 68 1 5 1 1 1 1 1 1 1 1 1 1 2 2 2 1 1 1 2 3 12 7 2 6 0 47 43 2 116 156 5 1 187 73 0 41 168 38 10 1 44 49 7 95 78 6 0 0 1 3 4 7 11 0 0 1 59 51 1 1 2 0 2 12 0 1 3 0 1 5 4 0 0 1 0 122 192 35 37 27 43 27 13 5 46 11 46 1 1 58 183 212 177 58 38 179 204 57 1 69 16 35 36 21 0 52 47 44 5 92 219 54 1 18 47 29 5 0 4 2 46 17 1 2 0 3 32 47 1 2 4 0 6 0 4 2 0 3 3 1 2 3 1 4 1 66 38 3 1 94 170 163 144 99 43 0 35 66 19 0 48 191 157 114 102 91 92 92 104 100 97 106 102 101 138 100 26 39 4 5 6 2 3 17 8 1 11 7 5 13 16 31 38 32 33 27 0 1 1 2 2 2 2 2 2 2 2 1 1 2 2 2 2 2 2 2 2 2 2 2 3 3 2 2 2 2 2 2 2 2 2 2 2 2 2 2 3 3 3 3 3 3 3 3 4 3 3 3 3 3 4 4 1 4 2 3 11 8 3 6 11 8 4 7 10 6 3 7 3 1 0 3 3 1 2 2 1 17 37 34 13 3 7 9 4 6 7 5 6 10 12 10 12 14 17 13 8 13 18 14 11 13 12 11 9 9 68 153 188 189 191 189 178 169 179 204 216 185 172 180 149 132 167 172 
16 17 49 122 142 131 127 124 122 121 115 110 89 77 78 95 88 67 60 77 78 54 47 66 58 37 40 54 31 20 25 30 30 24 18 23 24 28 18 20 33 22 15 44 74 88 89 102 62 5 50 107 81 54 143 184 185 193 202 206 207 206 207 207 211 199 141 51 48 91 198 210 178 60 2 5 7 2 6 3 1 1 1 2 2 2 2 2 2 2 2 2 2 2 2 2 2 2 2 2 2 2 2 2 2 2 2 2 2 2 2 2 2 2 2 2 2 2 2 2 2 2 2 2 4 5 5 4 8 0 5 2 9 160 63 18 32 37 49 63 73 80 90 99 114 116 121 125 126 121 113 107 102 88 84 73 63 36 30 53 1 9 0 4 7 7 5 7 6 4 1 0 2 1 2 2 3 1 1 8 4 111 182 166 160 162 159 48 2 5 0 4 1 1 1 2 2 1 1 1 2 2 2 1 1 1 2 3 12 15 5 3 3 29 59 1 67 181 0 1 118 120 55 122 197 71 14 0 25 51 3 67 99 1 5 1 0 3 1 2 1 8 0 4 77 26 1 4 0 3 0 7 6 0 1 0 4 2 5 0 30 7 0 0 136 188 29 1 54 4 17 30 22 17 17 17 13 3 30 66 30 1 17 85 76 27 40 22 15 50 5 37 11 50 9 2 104 223 68 2 8 16 7 3 9 1 7 12 65 5 0 4 0 2 5 44 10 7 0 1 1 7 3 4 2 0 1 1 3 2 0 11 9 71 9 0 113 171 40 32 75 144 175 44 25 54 1 0 95 199 163 170 107 102 98 110 129 122 124 123 113 99 150 71 18 20 7 7 7 15 1 9 10 1 11 1 20 5 46 37 11 17 46 63 3 2 1 2 3 3 2 1 2 2 2 2 2 2 2 2 2 2 2 2 2 2 2 2 3 3 2 2 2 2 2 2 2 2 2 2 2 2 2 2 3 3 3 3 3 3 3 3 4 4 3 3 3 3 3 4 3 5 2 5 14 13 6 8 13 8 4 7 10 6 3 7 3 2 0 2 3 2 2 2 4 4 17 41 30 3 4 8 8 8 7 6 7 11 12 10 10 13 16 11 5 12 17 13 4 13 3 19 8 40 149 193 206 203 178 145 145 153 158 174 190 182 166 175 180 179 187 170 
107 47 12 72 131 134 129 126 119 124 121 106 50 21 29 61 56 23 20 47 49 26 22 37 35 6 11 32 17 8 18 22 14 3 2 7 8 11 5 3 24 25 11 57 79 81 91 98 82 24 40 101 76 28 103 176 183 190 198 203 205 207 206 205 205 209 179 48 2 46 162 208 207 177 76 9 0 6 1 2 2 2 2 1 2 2 2 2 2 2 2 2 2 2 2 2 2 2 2 2 2 2 2 2 2 2 2 2 2 2 2 2 2 2 2 2 2 2 2 2 2 2 2 2 4 5 5 5 1 11 2 3 28 146 5 2 0 0 1 2 0 0 0 4 1 1 2 8 19 31 42 48 67 76 90 98 104 142 180 64 0 3 3 3 6 6 8 4 5 4 1 0 2 2 2 2 3 1 4 12 3 89 170 161 156 151 156 41 1 2 1 2 1 1 2 2 2 1 1 1 2 2 2 2 1 1 2 3 6 17 9 0 3 13 66 0 27 198 111 148 153 182 163 124 64 46 40 0 5 73 16 39 65 19 4 4 0 1 56 14 0 6 7 7 67 13 0 2 0 0 0 0 7 1 2 2 2 6 0 1 49 28 0 1 7 128 183 79 7 17 20 11 21 32 25 36 36 18 39 2 41 1 48 18 27 25 26 19 13 69 28 39 11 0 12 139 215 70 3 8 1 4 18 4 0 8 0 24 63 0 0 0 2 0 0 12 13 0 5 0 8 13 0 0 2 0 3 3 0 0 5 2 42 69 0 36 198 38 4 1 5 0 71 196 71 14 2 0 145 196 181 180 127 121 112 140 168 165 157 135 112 109 161 42 14 21 20 5 3 16 11 4 5 6 8 9 30 18 11 21 12 17 25 28 4 2 1 2 3 2 2 2 2 2 2 2 2 2 2 2 2 2 2 2 2 2 2 2 3 3 2 2 2 2 2 2 2 2 2 2 2 2 2 2 4 3 3 3 3 3 3 3 4 4 3 3 3 3 3 3 2 3 1 4 11 11 6 7 7 9 7 7 10 10 5 2 6 3 1 1 2 1 1 1 5 2 5 18 42 44 14 0 9 8 6 6 6 7 8 8 9 9 8 5 5 10 11 6 13 13 9 13 14 97 171 181 197 190 153 116 132 148 142 137 151 178 187 198 210 207 198 174 
161 103 22 42 121 140 132 129 129 122 115 102 40 5 12 41 41 8 15 41 35 23 25 26 29 11 14 24 19 12 23 31 28 15 22 25 23 24 28 26 29 46 41 76 84 79 97 101 109 60 2 39 84 60 54 152 180 185 192 197 201 206 207 207 203 206 206 132 26 10 101 195 202 199 202 137 39 10 2 10 4 4 3 2 1 2 2 3 2 2 2 2 2 2 2 2 2 2 2 2 2 2 2 2 2 2 2 2 2 2 2 2 2 2 2 2 2 2 2 3 2 2 2 2 4 5 6 6 4 9 2 0 0 143 45 0 8 8 8 7 7 6 7 7 6 6 6 5 3 1 0 0 0 2 1 0 0 0 78 176 33 0 7 7 5 4 7 5 6 5 2 1 2 1 2 2 3 0 1 9 2 78 158 154 153 146 145 28 0 2 2 0 1 1 1 1 1 1 1 2 2 2 2 2 1 1 2 2 4 13 9 2 4 3 63 18 0 122 150 94 38 20 4 0 18 10 55 3 0 52 33 40 19 7 1 4 0 53 69 1 6 0 1 2 45 36 4 3 0 0 11 9 0 9 0 4 6 1 7 2 18 25 11 5 1 0 113 217 97 70 19 3 32 18 49 7 1 58 19 20 65 3 94 20 55 7 10 93 9 15 10 47 36 47 177 190 43 0 7 1 5 62 34 0 3 0 0 15 64 2 0 2 1 5 6 1 1 2 7 0 30 19 0 0 1 4 0 1 5 1 4 1 66 39 0 113 125 1 35 21 19 9 2 117 129 1 0 19 170 184 192 171 153 154 153 175 189 189 179 160 132 132 158 31 30 40 35 18 10 1 6 8 5 1 1 27 14 9 13 16 36 36 14 15 4 2 1 2 3 2 2 3 2 2 2 2 2 2 2 2 2 2 2 2 2 2 2 2 3 3 2 2 2 2 2 2 2 2 2 2 2 2 2 2 4 4 3 3 3 3 3 3 4 3 3 3 3 3 3 3 2 1 2 3 5 5 6 8 5 7 7 8 11 10 6 4 6 6 4 2 1 0 1 2 1 1 6 1 29 62 34 8 6 6 7 9 8 6 7 10 9 9 6 6 10 11 9 8 19 8 13 7 59 142 147 126 133 156 164 157 172 182 184 180 168 186 200 203 192 182 175 159 
160 133 35 18 109 141 135 130 134 124 122 116 51 19 30 63 67 45 47 71 69 46 43 60 63 60 61 54 51 43 53 66 59 46 59 59 53 51 61 60 57 67 71 78 80 82 96 101 110 89 33 40 99 94 27 101 177 181 186 192 198 205 208 209 206 209 204 186 77 12 27 129 206 201 203 213 124 3 2 0 6 5 4 2 1 1 2 3 2 2 2 2 2 2 2 2 2 2 2 2 2 2 2 2 2 2 2 2 2 2 2 2 2 2 2 2 2 2 3 3 2 2 1 2 4 6 6 6 5 1 6 12 0 122 78 0 7 6 5 4 5 7 6 4 6 6 6 6 6 6 8 9 13 13 14 1 10 9 0 151 97 2 3 5 5 6 6 7 7 5 2 1 2 1 1 1 5 7 2 5 3 91 163 149 146 144 128 7 1 5 0 1 1 1 1 0 1 1 2 2 2 2 2 2 1 1 2 2 9 8 8 8 5 0 56 38 3 0 0 4 21 8 17 21 41 104 58 31 0 25 66 24 22 2 4 7 0 97 49 1 0 3 1 2 2 13 4 2 3 0 53 20 1 1 0 2 2 2 4 1 14 37 4 2 4 4 0 56 187 187 50 14 1 13 18 34 37 66 25 13 66 14 25 10 33 29 1 75 36 54 4 45 132 215 137 16 1 7 2 8 12 82 20 2 2 2 3 0 30 27 0 2 2 2 19 10 4 2 3 0 24 6 1 4 0 3 0 3 2 2 0 23 80 0 5 142 153 55 26 22 24 13 1 135 120 1 0 66 188 177 182 176 178 175 175 185 185 194 186 175 149 147 156 40 31 19 25 55 36 28 21 6 1 8 5 5 20 13 8 20 19 33 46 37 3 2 1 2 2 1 2 4 2 2 2 2 2 2 2 2 2 2 2 2 2 2 2 2 3 3 2 2 2 2 2 2 2 2 2 2 2 2 2 2 4 4 4 3 3 3 3 3 4 3 3 3 2 2 3 3 4 3 5 5 1 2 7 11 8 4 4 10 13 7 5 10 5 7 7 4 2 2 2 4 1 4 2 6 5 25 52 33 4 6 10 15 13 8 11 17 8 11 10 10 14 12 11 16 13 16 18 36 151 192 170 119 97 144 187 201 208 208 219 215 203 183 177 167 151 155 156 131 
163 155 48 8 88 142 137 126 130 133 125 118 102 82 89 105 98 101 92 99 94 98 86 91 89 89 85 81 79 74 70 71 66 63 62 65 70 69 72 68 70 79 83 79 83 83 85 102 113 104 55 10 48 83 71 59 147 184 181 190 196 201 205 202 209 201 207 204 161 45 1 46 155 205 210 177 72 55 82 22 1 10 8 2 0 6 0 4 1 4 6 4 2 2 2 2 2 2 2 2 2 2 2 2 2 2 2 2 2 2 2 2 2 2 2 2 2 2 2 2 2 2 1 1 3 6 6 5 8 2 6 9 0 86 105 0 12 0 8 8 2 6 2 6 7 5 3 4 6 7 7 6 0 102 176 15 4 9 0 118 129 0 8 7 1 2 8 5 6 5 3 2 1 1 1 2 3 3 1 8 7 103 157 141 138 142 110 1 5 4 0 4 1 1 1 1 1 1 1 1 1 2 2 2 2 2 2 1 9 9 17 3 5 1 29 57 17 26 32 21 46 57 10 9 166 156 25 39 1 0 70 15 3 1 4 3 0 75 52 1 0 6 1 1 5 3 8 4 0 28 74 6 5 1 0 3 2 4 1 0 13 22 4 1 2 3 2 0 16 119 185 175 81 35 1 4 79 3 44 55 1 49 34 21 3 27 28 43 2 71 137 198 175 58 5 0 10 0 5 0 12 84 6 3 4 5 0 2 5 9 5 4 0 20 52 0 6 0 5 0 14 30 6 1 0 1 4 2 0 3 0 59 63 0 0 26 118 172 163 98 18 4 6 185 53 3 1 107 188 177 185 181 179 173 180 191 193 195 196 189 176 182 108 15 28 4 10 10 18 44 43 42 48 21 9 5 10 19 14 15 16 9 40 38 4 3 2 3 3 1 1 2 2 2 2 2 2 2 2 2 4 3 3 3 3 3 3 3 2 2 2 2 2 2 2 3 3 3 3 3 3 3 3 3 4 4 4 4 3 3 4 4 3 3 3 4 5 5 4 3 2 3 4 5 5 4 4 4 8 5 5 4 8 9 4 5 5 6 5 5 5 4 2 1 1 2 0 2 6 6 28 63 39 0 15 7 9 4 8 11 5 8 5 11 17 12 12 19 9 20 21 122 196 212 209 177 123 145 194 210 212 214 217 211 222 195 155 120 129 141 133 145 
124 98 34 3 82 140 138 144 126 135 132 132 121 125 112 116 116 105 104 106 101 100 102 96 93 95 93 87 83 80 76 74 70 71 70 67 71 70 73 78 75 77 78 87 82 85 93 97 101 117 85 17 57 146 121 46 108 176 179 185 193 198 201 208 205 211 207 206 202 125 32 3 49 153 169 72 39 112 169 152 68 0 0 6 8 5 3 1 4 0 0 1 4 3 2 4 2 2 2 2 2 2 2 2 2 2 2 2 2 2 2 2 2 2 2 2 2 2 2 2 2 2 1 1 3 5 6 5 4 8 1 8 1 56 127 2 6 8 2 7 4 4 15 3 1 5 8 8 5 3 5 8 5 80 201 53 0 8 7 77 159 5 2 7 5 3 6 6 6 5 4 2 1 1 1 2 4 4 1 7 7 101 151 133 135 137 97 0 4 4 1 3 1 1 1 1 1 1 1 1 1 2 2 2 2 2 2 1 6 12 13 4 9 0 10 73 18 7 1 44 176 184 127 147 157 2 27 52 1 1 48 52 0 4 5 0 0 35 62 1 5 0 5 10 24 8 0 2 3 25 72 0 3 2 4 0 4 0 4 5 1 1 4 10 30 14 1 14 0 0 32 108 180 184 123 79 40 1 12 33 1 27 1 1 10 46 118 121 172 202 157 70 5 0 6 4 0 2 2 2 4 75 26 0 2 0 3 4 5 5 4 5 2 42 38 0 3 2 2 2 4 13 2 1 1 5 2 5 1 8 3 94 21 7 10 0 2 5 70 145 180 110 123 168 1 0 13 149 184 185 180 179 178 179 177 188 192 196 193 187 182 192 74 9 33 3 0 10 15 20 24 43 47 40 37 22 9 12 28 37 12 16 39 36 7 5 1 0 2 5 3 0 2 2 2 2 2 2 2 2 3 3 3 3 3 3 2 2 2 2 2 2 2 3 3 3 5 5 5 4 4 3 3 2 4 4 4 4 3 3 3 4 4 4 4 4 4 4 3 2 1 2 4 4 4 3 4 4 4 5 8 5 6 6 3 7 7 10 11 8 4 1 0 2 0 4 2 1 4 2 10 31 58 20 1 8 13 7 11 12 10 12 10 11 14 15 13 8 11 14 72 162 203 216 217 206 181 128 141 189 212 213 212 209 192 174 140 119 131 128 128 171 
34 5 4 12 94 150 154 140 146 143 130 130 123 132 121 120 113 106 105 103 103 104 105 98 96 91 88 91 90 84 79 79 79 74 76 75 78 76 71 81 76 77 77 81 82 84 88 91 104 105 105 49 27 81 81 31 53 153 172 183 186 189 201 197 207 199 208 204 211 194 95 11 32 113 104 61 144 162 133 167 170 106 30 4 4 6 7 2 7 4 2 3 4 3 2 1 3 3 3 2 2 2 2 2 2 2 2 2 2 2 2 2 2 2 2 2 2 2 2 2 2 2 2 1 3 5 6 5 4 10 2 5 2 20 142 8 4 8 3 3 8 4 1 8 5 5 6 5 5 5 7 9 0 49 197 73 1 7 2 54 181 19 0 6 6 4 5 5 6 5 4 3 1 1 1 1 5 4 1 6 7 99 143 125 127 129 83 0 2 3 1 2 1 1 1 1 1 1 1 1 1 2 2 2 2 2 2 1 5 12 10 8 9 2 0 66 37 5 1 172 101 1 132 185 13 14 16 46 27 0 8 74 2 11 0 9 3 5 7 10 7 2 0 74 53 0 0 2 1 9 47 4 6 0 2 0 2 9 5 0 0 2 7 16 27 29 6 0 6 6 2 1 16 76 139 168 195 174 154 135 131 135 146 157 174 186 193 166 113 46 0 1 4 4 2 0 0 9 0 2 0 19 42 7 6 0 1 32 18 0 5 1 0 31 48 0 4 5 0 5 3 0 2 2 1 4 0 4 4 0 49 76 0 7 20 22 17 13 0 0 28 86 139 43 0 5 61 183 177 189 179 181 179 183 176 187 191 190 189 187 184 179 35 13 22 0 5 4 4 12 7 21 75 33 17 34 29 32 25 15 44 43 29 41 6 4 2 4 2 0 1 6 2 2 2 2 2 2 2 2 3 3 3 3 3 2 2 2 2 2 2 2 3 3 3 3 6 5 5 5 4 4 3 3 3 4 4 4 3 3 4 4 4 4 3 4 4 4 3 3 1 3 3 3 2 3 3 4 3 5 9 6 5 8 6 7 8 8 7 6 6 6 4 3 0 4 4 1 4 3 2 7 31 65 21 9 13 9 9 20 13 12 7 7 12 7 5 15 7 55 142 176 182 205 216 212 214 185 137 135 182 207 195 201 178 142 132 143 143 148 158 157 
15 41 28 35 124 157 156 154 146 138 131 135 132 124 126 121 117 113 110 113 101 108 104 95 98 95 94 94 94 90 84 80 86 72 79 73 73 79 72 71 70 78 79 66 86 88 82 99 97 99 112 85 15 22 60 48 25 113 172 176 180 189 196 204 200 206 208 211 204 213 190 68 121 203 185 147 195 196 161 136 182 201 168 116 29 0 9 4 3 7 6 2 0 3 5 4 2 2 2 2 2 2 2 2 2 2 2 2 2 2 2 2 2 2 2 2 2 2 2 2 2 2 2 1 2 4 5 5 6 3 8 2 1 3 140 31 0 3 9 3 5 9 2 3 8 6 4 4 5 5 4 3 2 23 187 109 1 10 5 23 176 39 1 5 3 5 6 5 6 5 4 3 1 1 1 1 3 2 0 5 4 96 137 120 116 122 73 2 2 1 2 3 1 1 1 1 1 1 1 1 1 2 2 2 2 2 2 1 5 8 11 13 4 6 1 29 71 2 6 181 61 0 63 197 39 18 1 40 40 4 0 45 35 0 0 3 0 4 9 2 2 6 11 104 22 5 0 5 1 5 21 8 1 0 0 3 51 12 0 0 8 2 1 13 20 14 14 11 0 0 3 3 1 0 0 6 37 62 95 120 128 132 120 107 85 52 26 0 0 0 5 10 1 1 39 17 0 0 8 2 0 0 16 9 5 1 17 62 12 0 3 1 0 5 44 5 1 5 0 3 6 0 2 3 0 2 0 2 3 6 81 16 5 3 2 24 7 14 6 6 0 3 15 0 5 0 123 185 180 187 182 178 182 183 181 187 189 182 188 184 173 147 9 20 7 0 8 2 6 3 9 17 56 9 1 15 31 49 30 13 10 39 20 22 9 4 1 3 6 4 2 2 2 2 2 2 2 2 2 2 3 3 3 3 3 3 3 3 2 2 2 2 2 3 3 3 4 4 4 4 4 5 5 5 3 3 4 4 3 3 4 5 2 2 3 3 4 4 5 5 4 4 4 3 2 2 3 4 5 4 8 6 8 13 9 6 7 5 4 5 7 7 6 4 0 3 2 0 3 5 4 5 8 40 61 6 7 14 12 11 12 8 12 10 6 14 15 6 52 139 195 189 174 185 203 210 211 216 186 145 136 165 169 163 154 130 134 158 167 177 178 153 
29 114 129 119 163 163 149 149 147 140 143 135 127 127 125 118 120 106 103 114 108 104 99 97 92 96 100 95 88 85 78 66 77 69 81 53 43 59 59 35 34 52 41 36 51 51 32 38 46 96 116 114 47 7 46 67 36 53 155 173 178 190 179 194 205 199 182 166 168 177 199 125 107 204 179 167 198 197 184 188 195 200 205 200 166 55 0 5 3 3 5 8 8 3 0 0 2 2 2 2 2 2 2 3 2 2 2 2 2 2 2 2 2 2 2 2 2 2 2 2 2 3 2 1 2 4 5 5 5 0 9 4 4 1 126 69 6 4 0 8 2 0 11 3 2 4 7 9 8 7 7 7 5 12 163 134 0 8 7 8 160 65 1 5 3 4 6 6 6 5 4 3 1 1 1 1 3 1 2 4 3 92 130 116 111 115 64 1 2 1 3 2 1 1 1 1 1 1 1 1 1 2 2 2 2 2 2 1 4 7 12 14 5 6 7 0 77 5 0 120 156 0 2 157 106 92 186 150 27 20 0 13 58 7 10 1 9 39 2 0 0 5 9 97 14 2 0 4 6 0 2 7 3 6 0 38 89 3 0 5 0 2 4 4 21 14 7 4 0 16 0 2 3 7 1 5 0 0 0 3 0 0 5 1 2 1 0 4 6 3 2 0 0 5 61 71 0 5 0 1 8 20 4 1 0 1 34 75 1 4 0 4 4 2 9 14 0 4 6 4 5 0 1 3 1 0 6 0 5 47 61 0 21 127 128 136 130 125 104 117 120 105 68 5 3 31 171 176 183 184 182 179 181 180 187 184 188 183 189 169 173 114 1 22 5 0 0 6 6 4 8 17 8 4 4 1 9 16 45 52 31 12 26 30 3 6 5 3 2 3 3 1 2 2 2 2 2 2 2 2 3 3 3 3 3 3 3 3 3 3 3 3 3 3 3 3 4 4 4 4 4 4 4 4 3 4 4 4 4 4 4 5 3 3 3 3 3 4 5 5 4 4 4 3 3 4 5 6 7 5 10 9 7 11 9 6 4 7 10 8 4 2 4 8 5 3 0 0 2 1 1 3 4 11 35 59 9 12 20 9 14 14 9 10 22 13 8 41 140 192 206 213 197 181 180 203 213 213 212 196 145 124 131 138 118 138 171 190 178 168 170 164 
34 108 179 168 157 161 159 155 151 146 149 124 96 119 108 104 98 91 71 69 98 62 40 63 61 48 51 63 61 51 39 28 31 46 70 25 10 30 45 9 30 43 11 26 24 31 12 6 21 97 107 118 87 14 43 125 99 26 99 169 163 161 181 155 158 188 142 119 134 111 138 77 27 68 112 182 203 208 202 204 198 200 199 189 172 162 132 60 22 6 0 4 6 1 2 11 2 2 2 2 2 3 3 3 2 2 2 2 2 2 2 2 2 2 2 2 2 2 2 2 2 3 2 1 2 3 5 5 3 6 3 7 8 0 96 102 0 9 6 3 19 18 0 2 3 1 0 0 0 0 0 0 0 0 123 159 12 1 0 3 139 97 0 6 8 2 4 6 5 5 4 3 1 1 1 1 3 3 3 4 2 88 121 108 109 106 57 0 2 2 3 0 1 1 1 1 1 1 1 1 1 2 2 2 2 2 2 1 0 11 11 11 11 2 6 0 57 51 0 36 188 38 56 147 205 156 77 10 39 29 3 0 32 41 0 0 70 75 0 7 0 3 0 63 39 0 2 2 0 6 14 3 2 5 0 58 66 1 2 1 0 3 7 1 4 8 8 1 54 37 0 4 0 1 2 0 8 2 8 0 7 2 1 1 4 0 6 1 4 0 3 5 6 0 7 48 13 3 7 0 41 42 0 7 1 4 14 76 9 2 2 0 2 2 0 5 2 4 0 18 4 1 0 2 2 0 5 0 4 83 10 3 5 176 153 81 101 101 182 116 122 109 3 8 0 98 184 173 180 182 178 182 179 179 189 180 185 189 184 156 184 71 5 27 5 3 2 6 2 8 3 3 1 3 0 5 2 16 10 33 41 49 34 13 4 1 0 3 2 0 0 5 2 2 2 2 2 2 2 2 3 3 4 4 4 4 4 4 3 3 3 3 3 3 4 4 4 4 4 4 4 3 3 3 3 4 4 4 4 3 4 4 5 5 4 3 3 3 4 4 3 4 4 4 4 5 7 7 5 5 15 14 4 4 6 8 5 7 9 8 7 6 8 10 6 3 2 2 2 0 0 3 4 8 13 51 63 12 13 6 17 14 8 9 16 5 39 135 194 201 202 216 209 201 176 179 198 218 216 212 195 152 117 118 136 165 184 177 167 162 148 133 
40 75 167 170 165 165 159 161 154 148 144 122 66 51 36 28 41 47 22 23 78 47 15 44 34 9 12 35 41 28 19 14 8 35 58 12 8 22 54 34 51 48 23 32 39 53 33 48 40 99 106 108 117 49 17 76 58 16 54 149 118 61 100 84 67 131 160 137 156 165 136 32 4 17 133 213 199 201 207 203 204 197 187 169 87 98 170 176 170 101 28 0 1 7 5 2 4 4 4 3 3 3 2 2 2 2 2 2 2 2 2 2 2 2 2 2 2 2 2 2 2 3 3 1 2 3 5 5 3 9 1 5 7 0 58 127 2 8 2 2 99 181 162 159 141 128 109 90 73 56 40 30 17 3 98 172 19 0 12 0 104 124 0 4 7 2 5 6 5 5 4 3 2 1 1 1 3 3 4 5 3 88 112 100 100 99 61 0 3 1 3 1 1 1 1 1 1 1 1 1 1 2 2 2 2 2 2 1 0 9 11 11 14 5 4 3 15 72 3 0 144 205 165 105 18 3 9 28 33 37 4 2 5 73 51 27 91 21 8 0 4 0 5 6 19 7 2 2 3 65 30 0 0 4 0 25 39 1 2 3 5 0 3 4 0 0 3 0 72 21 0 7 5 5 3 2 1 0 3 6 0 0 8 2 1 8 0 14 12 1 2 0 2 5 3 1 8 4 9 12 92 23 0 1 4 5 0 48 27 0 9 0 3 11 10 0 7 5 0 24 11 0 3 0 3 0 1 3 56 70 7 8 1 13 174 90 0 89 178 0 9 34 0 1 16 148 174 177 180 180 176 176 181 182 185 181 184 185 169 167 166 27 13 21 3 4 9 4 6 0 3 3 3 0 2 1 0 1 6 11 22 26 59 67 29 11 2 2 7 4 0 1 2 2 2 2 2 2 2 2 3 3 3 3 4 4 4 4 4 4 4 4 4 4 4 4 4 4 4 4 4 3 3 3 2 3 4 4 3 3 3 3 6 6 5 4 3 3 4 5 3 4 4 4 4 4 4 5 4 3 16 16 5 3 7 11 8 5 4 6 11 13 11 8 5 3 4 4 1 1 2 3 2 5 4 9 58 61 5 4 12 6 20 11 9 69 143 191 206 208 208 209 207 218 196 176 173 198 212 214 214 198 162 113 139 188 188 146 140 145 140 161 
69 52 151 177 169 163 170 157 156 149 143 146 88 22 30 28 34 34 18 28 61 55 26 22 41 34 41 52 51 51 52 48 47 62 68 19 22 21 63 70 49 46 60 53 83 80 34 69 73 83 85 80 115 78 10 37 96 70 29 100 139 80 58 77 95 120 187 194 190 210 168 35 3 46 170 206 200 205 206 200 201 198 150 67 59 115 176 199 200 199 176 124 60 15 0 2 6 5 5 4 3 3 2 2 2 2 2 2 2 2 2 2 2 2 2 2 2 2 2 2 1 3 3 1 1 3 4 5 3 6 5 1 7 1 34 149 5 5 9 1 16 47 60 76 98 107 121 134 144 151 157 160 163 153 158 179 32 3 8 0 70 139 2 1 3 2 8 4 5 4 4 3 2 1 1 1 3 2 4 5 5 88 109 95 90 95 69 5 4 0 1 3 1 1 1 1 1 1 1 1 1 2 2 2 2 2 2 1 2 3 12 13 10 11 6 3 3 69 33 0 26 48 7 0 32 58 15 12 30 18 34 2 1 24 82 62 107 33 0 5 2 5 0 1 7 3 6 0 30 99 0 2 7 0 0 8 21 5 4 0 0 9 34 10 13 11 1 8 41 8 5 1 3 1 6 0 6 3 0 0 26 52 0 3 1 1 0 17 39 1 2 4 1 0 33 8 2 2 1 13 104 13 2 2 2 2 2 1 13 4 2 3 14 37 1 4 0 4 0 15 18 0 4 0 3 3 0 15 84 0 2 26 16 0 27 192 101 173 81 1 80 62 2 0 83 185 170 175 175 173 179 174 185 185 182 185 182 176 154 189 125 3 12 1 4 4 5 6 4 5 4 5 0 4 1 2 5 2 3 4 5 4 25 45 39 48 39 11 0 0 5 2 2 2 2 2 2 2 2 2 3 3 3 3 3 3 4 4 4 4 4 4 5 5 5 5 3 3 3 4 4 4 5 5 2 3 3 3 3 2 2 2 5 5 5 4 3 3 5 6 5 5 5 4 3 1 1 2 5 0 12 17 8 7 10 13 9 8 7 8 10 9 8 6 6 5 6 3 0 0 2 0 1 3 6 10 10 68 62 10 7 16 15 8 68 165 205 207 208 215 212 209 209 209 208 199 180 176 195 208 210 211 209 167 135 156 179 160 149 167 184 202 
115 30 111 180 172 166 173 161 159 150 158 150 127 98 102 96 91 95 92 87 83 79 61 80 89 62 52 48 42 68 61 60 84 91 49 15 46 31 18 53 60 29 58 96 90 46 0 18 46 27 34 65 111 112 37 28 76 65 27 55 147 108 91 139 173 180 195 199 205 204 141 14 5 72 187 199 202 209 199 199 181 168 179 139 121 181 202 200 194 196 189 179 180 135 73 13 4 1 2 9 6 3 12 3 4 1 2 6 4 3 3 2 2 2 3 2 2 3 5 4 0 8 1 4 2 5 1 3 0 8 2 3 2 4 5 147 52 1 0 0 2 0 3 0 0 0 0 0 1 10 22 32 47 59 73 58 17 1 4 0 42 154 8 0 7 3 3 4 5 5 3 2 1 1 1 2 1 1 4 2 9 91 104 90 89 90 57 4 1 2 1 2 1 1 1 1 1 1 1 1 1 1 2 2 2 2 2 2 4 5 7 11 11 8 5 5 4 20 67 4 2 7 9 126 179 177 157 26 20 32 28 19 0 4 67 2 61 58 1 2 0 0 14 32 5 2 5 0 40 84 0 2 3 0 3 1 6 2 3 11 0 60 80 5 38 30 6 3 13 4 7 1 1 1 5 14 6 0 3 2 45 78 0 0 7 0 1 16 18 8 7 4 0 41 65 2 2 5 0 3 95 30 4 4 3 5 0 10 0 2 3 0 34 28 0 6 0 0 5 1 8 1 4 0 2 5 1 69 29 0 0 9 21 18 2 22 158 155 8 57 71 3 2 8 151 165 176 176 170 169 172 175 180 189 188 177 184 170 151 194 77 6 13 11 6 8 2 4 6 5 0 4 4 0 2 2 6 2 2 1 3 6 3 3 9 23 42 46 30 6 1 2 3 5 2 2 3 1 0 6 3 2 2 2 1 1 3 3 3 3 4 4 4 4 3 3 4 5 5 4 3 3 4 4 4 4 4 3 3 3 3 3 3 4 3 2 3 5 6 6 4 3 7 4 0 3 4 5 6 7 9 9 8 6 8 11 5 6 10 10 6 5 6 5 5 7 8 7 4 2 1 1 1 0 7 1 9 17 71 66 8 14 17 69 174 208 207 206 213 213 207 209 210 205 207 211 208 186 174 195 209 215 221 210 174 135 147 149 169 199 207 215 
137 33 82 173 178 169 172 169 166 163 160 150 151 139 139 141 134 131 134 133 122 119 111 122 99 44 54 46 11 36 28 24 57 84 43 11 55 36 6 30 69 39 36 99 72 21 23 21 35 42 35 88 97 119 74 8 54 120 93 36 102 153 156 177 181 183 189 195 199 195 106 3 6 99 202 204 204 202 200 185 71 80 151 180 177 197 202 195 194 202 170 69 77 126 161 110 47 68 15 0 3 1 8 7 7 4 2 1 0 1 4 3 2 3 6 6 4 1 0 2 4 3 1 0 0 4 26 4 7 6 3 6 4 3 0 47 147 83 29 18 16 7 3 0 1 0 0 0 2 2 0 0 0 0 1 2 0 5 11 1 24 147 35 1 2 2 12 2 4 5 3 2 1 1 1 2 2 0 4 2 9 87 94 87 83 80 39 0 1 3 2 2 1 1 1 1 1 1 1 1 1 1 2 2 2 2 2 2 2 2 5 9 11 9 7 7 2 2 75 28 21 6 77 183 23 0 157 160 11 4 6 30 4 0 17 28 1 36 9 2 4 6 88 40 0 0 0 3 13 73 3 1 1 1 0 6 6 6 0 4 0 81 45 1 13 14 17 9 1 2 1 6 6 0 59 25 2 3 6 0 18 48 0 3 0 0 6 1 5 6 1 6 4 84 42 1 3 3 6 1 23 44 0 1 5 0 31 11 0 3 0 1 31 48 0 1 7 0 0 0 0 5 0 0 8 1 39 62 0 1 49 115 54 13 25 1 18 178 115 68 24 2 0 76 176 176 173 167 164 167 174 180 187 184 181 185 179 165 177 171 28 17 13 1 7 2 10 6 1 4 8 0 0 0 0 0 1 0 4 1 0 1 3 9 6 6 12 25 41 44 29 11 1 0 5 4 0 3 6 0 3 2 2 2 3 3 3 2 3 3 4 4 4 4 3 3 4 5 5 4 3 3 4 5 5 4 4 4 4 4 4 4 3 3 3 2 3 4 5 5 4 1 3 3 1 3 6 9 8 5 4 6 9 9 8 7 6 5 8 9 7 6 7 5 5 10 14 13 8 3 2 3 5 0 0 3 4 3 25 77 60 10 27 125 208 206 213 215 205 213 212 214 216 210 209 210 211 208 190 178 194 209 209 212 207 182 141 122 159 203 217 211 
147 39 72 176 180 179 172 172 162 167 165 156 160 154 144 143 143 135 135 140 131 130 126 119 95 40 55 48 12 40 24 2 39 90 73 36 66 56 41 60 63 35 65 93 78 76 81 87 85 88 104 106 108 115 102 42 35 99 86 18 59 157 170 178 182 184 183 191 194 180 64 2 20 129 204 201 196 198 192 166 134 70 88 148 193 203 204 199 182 161 180 117 68 163 132 60 105 194 167 51 5 12 1 14 10 9 11 10 5 4 3 0 3 1 0 3 2 1 2 7 2 3 2 5 2 20 126 15 0 0 3 4 6 5 4 0 24 88 110 113 108 122 119 104 99 92 81 71 60 47 33 24 16 6 0 0 0 2 2 0 3 152 46 0 4 8 0 6 4 5 3 2 1 1 1 1 3 0 4 2 10 82 80 79 77 68 19 0 1 3 2 2 1 1 1 1 1 1 1 1 1 1 1 2 2 2 2 2 2 2 4 8 12 12 10 9 5 0 35 57 9 0 114 149 1 0 24 202 54 53 173 81 20 0 1 32 22 19 7 5 5 16 101 9 5 3 3 0 5 30 11 2 1 2 7 55 14 0 11 0 2 61 32 1 7 21 32 5 0 8 2 5 2 19 99 11 2 0 0 6 7 27 5 0 6 1 1 46 13 1 3 0 1 100 23 4 6 3 0 4 1 12 5 6 3 13 52 5 4 0 4 0 7 52 11 0 3 3 3 0 3 0 6 2 0 27 65 1 0 46 187 122 174 92 11 20 0 13 181 78 8 7 8 151 177 175 169 164 162 166 174 181 185 183 189 187 163 149 195 126 7 30 4 16 7 11 4 9 2 0 5 3 2 7 1 6 5 0 1 1 2 4 2 3 2 4 6 7 14 27 40 47 25 7 1 1 4 5 4 2 2 2 0 1 3 3 2 1 3 3 4 4 4 4 3 3 4 5 5 4 4 3 4 5 5 4 4 4 4 4 5 5 3 4 4 3 3 3 4 3 8 4 5 7 5 5 7 8 11 7 5 6 9 9 7 6 6 4 6 8 7 8 7 4 5 8 11 11 8 4 2 2 0 2 8 6 0 9 6 29 80 75 64 70 145 183 205 210 211 214 206 209 217 216 214 213 215 214 211 178 164 190 209 215 213 207 161 132 133 151 179 205 
159 51 63 172 181 183 175 173 175 167 169 165 159 161 156 148 148 152 150 147 137 132 131 126 119 79 66 62 57 88 89 76 83 109 107 90 100 99 96 96 83 75 97 100 114 117 111 101 98 105 115 111 110 111 122 74 19 28 59 36 22 108 166 168 178 182 182 187 192 157 30 5 33 154 202 203 209 160 74 138 185 164 174 195 200 199 198 184 125 61 100 141 132 125 84 129 138 124 128 90 142 146 66 2 0 0 1 5 5 5 8 8 6 5 4 4 5 3 2 2 3 5 2 7 0 41 193 26 0 8 6 2 6 2 5 4 0 10 0 3 5 17 24 37 45 54 70 86 99 106 111 114 108 111 112 107 96 82 72 69 123 139 7 0 5 0 9 4 4 4 3 3 1 1 1 1 3 0 3 0 17 80 71 72 77 64 6 0 3 2 2 0 1 1 1 1 1 1 1 1 1 1 1 2 2 2 2 2 4 3 4 7 12 14 12 10 9 9 0 67 24 5 59 192 26 2 5 79 174 195 110 18 34 15 1 1 46 23 1 4 1 16 89 2 1 0 5 2 0 1 12 2 2 1 48 91 7 0 1 7 0 23 20 2 0 8 9 7 20 9 1 0 1 37 74 1 11 0 6 1 1 4 9 2 3 3 43 71 0 1 1 6 1 58 72 1 1 0 3 2 13 0 6 0 1 31 66 0 2 0 3 1 1 16 9 6 1 1 0 8 2 2 0 2 5 57 26 7 8 192 84 3 70 180 1 3 3 1 22 17 1 0 82 178 162 166 166 162 160 165 176 183 188 183 188 171 158 162 187 63 18 30 13 18 12 7 1 5 7 2 0 4 0 5 0 1 2 1 6 5 2 2 0 4 3 3 3 5 2 5 20 37 42 58 40 6 1 0 0 7 5 3 2 2 2 3 2 2 3 3 3 4 4 4 4 4 4 4 5 4 4 3 4 4 4 4 4 4 4 4 5 5 4 5 5 4 3 4 3 2 4 4 3 5 4 4 7 4 10 9 8 7 6 5 5 6 5 4 6 7 7 8 8 6 7 5 4 6 8 9 6 2 5 1 3 2 3 3 6 3 21 100 172 110 45 75 130 175 196 212 213 209 212 215 218 215 213 208 191 136 102 135 178 191 195 170 148 151 152 153 152 166 
183 86 29 128 181 182 178 179 184 169 169 171 166 167 166 160 154 156 147 144 148 142 136 134 133 116 108 114 122 128 117 112 118 114 115 112 101 102 102 105 110 103 107 103 103 93 93 101 66 69 107 83 71 89 102 70 11 25 55 37 7 65 157 172 175 175 181 179 186 123 7 5 57 183 201 196 172 130 73 65 107 165 204 209 196 196 169 115 61 65 114 158 99 43 144 218 191 89 45 150 198 201 162 125 104 62 21 2 0 3 6 5 4 5 4 2 0 0 2 3 5 1 2 0 2 71 198 54 0 8 5 2 5 3 0 5 6 3 4 6 5 4 0 0 0 1 1 0 0 0 2 7 16 25 32 42 56 68 82 96 85 18 1 0 6 5 4 1 4 4 3 3 2 1 1 1 1 1 3 0 31 85 71 70 75 59 1 2 4 0 2 0 1 1 1 1 1 1 1 1 1 1 1 2 2 2 2 3 3 2 2 5 10 13 12 10 2 9 0 22 56 0 1 167 110 6 117 179 124 27 3 13 23 31 1 1 7 43 6 1 4 4 73 28 0 3 0 0 6 15 4 0 5 0 80 78 0 6 0 4 3 3 8 3 3 1 1 70 58 9 7 7 0 9 67 8 0 4 0 5 2 17 4 1 6 0 80 47 2 11 0 1 1 4 62 20 3 3 0 42 32 3 3 0 1 17 67 4 0 6 0 8 3 1 1 6 1 3 1 2 2 0 8 2 43 53 0 0 111 153 1 0 75 208 135 107 86 55 54 1 3 24 163 163 161 166 164 156 155 167 181 188 185 185 186 168 165 183 152 24 22 40 17 5 3 3 5 3 2 10 3 0 1 8 12 4 4 1 2 2 4 6 1 2 5 1 0 3 6 4 4 8 16 49 54 32 22 12 0 0 4 4 4 4 4 3 3 3 3 3 3 3 4 4 4 4 3 4 4 4 4 3 4 4 4 4 4 4 4 4 5 5 5 6 6 5 4 5 4 3 1 5 3 4 5 10 18 10 9 8 7 5 4 5 5 5 5 4 6 8 6 6 8 7 10 8 6 8 12 13 11 7 7 1 0 0 9 0 0 11 4 17 145 210 158 77 41 68 120 165 202 215 211 210 216 213 210 198 122 46 27 45 95 146 172 149 132 161 195 200 161 131 
190 142 22 67 172 183 184 182 175 178 174 175 176 167 166 159 165 161 160 150 149 150 147 130 122 128 122 102 105 120 100 81 90 112 117 93 62 73 60 68 66 39 66 71 39 59 41 75 63 45 80 24 11 35 32 53 66 9 54 117 58 26 127 161 169 170 176 174 175 88 3 6 84 188 201 201 155 106 141 143 143 202 201 198 211 157 111 132 95 139 145 111 76 96 131 160 129 81 156 205 189 186 191 190 197 188 165 118 51 4 0 3 2 4 7 7 5 3 2 1 2 2 2 1 1 97 210 86 0 2 3 5 1 8 4 3 8 0 7 4 5 5 4 10 2 3 6 9 9 8 5 3 0 1 1 2 2 1 0 2 0 0 10 2 6 0 2 5 4 4 4 3 2 1 1 1 1 2 4 2 50 86 74 72 70 55 1 4 3 0 2 1 1 1 1 1 1 1 1 1 1 1 1 1 2 2 2 3 2 1 1 4 9 13 14 12 12 8 10 0 47 21 0 37 191 179 172 50 2 12 26 34 20 20 24 0 3 14 34 4 2 1 20 25 7 8 0 2 75 40 0 2 7 0 51 65 0 4 6 0 0 6 6 5 5 5 8 115 48 0 5 1 4 3 16 15 2 3 7 0 56 16 3 6 2 0 81 61 0 2 3 3 5 1 1 14 5 7 5 87 31 0 3 4 3 0 33 15 1 6 0 2 3 10 1 0 0 4 9 1 3 0 6 32 57 14 0 53 218 36 0 30 186 94 93 119 156 63 1 10 0 106 175 163 163 162 157 152 158 172 184 189 184 189 184 180 171 182 104 18 32 52 5 3 5 9 9 7 0 6 10 2 12 8 27 21 9 6 7 2 2 6 1 0 2 4 3 0 0 2 4 5 2 2 14 35 42 34 20 9 1 1 1 2 3 4 4 4 3 3 3 3 3 4 4 4 3 4 4 4 4 4 4 4 4 4 4 4 4 4 4 5 5 6 6 5 5 6 6 5 4 8 3 5 6 11 22 17 10 7 4 4 7 10 9 7 5 5 7 8 5 6 8 7 7 9 11 12 11 10 10 9 6 1 7 3 1 8 0 3 8 11 22 166 222 187 140 62 34 62 116 177 204 208 215 213 186 131 40 22 47 31 28 61 106 143 154 189 212 187 156 138 
185 181 66 30 150 190 187 181 177 187 181 175 178 173 172 138 109 120 155 125 85 109 125 79 57 103 85 33 35 67 61 24 72 119 125 84 48 76 32 18 33 4 18 50 17 46 20 20 69 47 25 18 11 25 16 57 102 36 38 93 50 4 101 158 160 167 172 171 156 53 3 10 111 199 184 142 162 121 116 207 212 201 203 196 165 104 112 148 95 133 86 82 177 213 137 45 84 169 197 189 196 189 190 191 188 189 194 195 180 143 95 58 20 5 0 0 6 7 4 4 3 7 1 7 0 105 216 108 3 5 5 7 0 4 7 2 5 6 7 0 3 4 3 0 6 3 0 0 0 2 3 3 2 3 3 1 1 3 7 8 10 3 0 5 5 7 0 2 4 4 4 3 2 1 1 1 1 2 2 5 62 79 69 69 66 49 2 2 3 1 2 1 1 1 1 1 1 1 1 1 1 1 1 1 2 2 2 3 2 2 2 3 8 12 14 12 9 6 4 4 7 57 0 1 83 80 3 16 30 25 10 15 31 21 18 17 0 0 22 28 1 6 0 6 8 0 0 33 119 25 0 2 5 0 6 49 6 0 4 3 5 34 1 4 0 5 9 98 22 0 10 4 3 3 6 7 2 1 0 33 89 10 0 0 9 1 33 84 0 0 2 0 2 25 8 1 0 0 22 85 12 0 0 0 1 0 1 12 6 3 5 7 14 5 0 4 4 0 3 10 0 4 13 49 6 8 1 14 113 183 71 147 128 0 2 1 19 15 5 0 34 162 169 159 159 154 151 155 165 175 183 187 191 184 176 180 177 162 84 25 40 33 8 9 21 10 12 8 4 4 8 4 10 6 17 18 11 21 28 15 4 2 3 7 2 3 2 2 3 4 2 0 9 4 7 10 15 30 40 35 15 10 4 1 2 3 5 4 3 3 3 3 3 4 4 5 3 4 5 5 5 4 5 5 5 5 4 4 4 4 4 5 4 5 5 4 4 6 6 6 4 7 0 4 3 2 13 11 10 8 5 4 6 9 9 8 7 5 6 7 6 7 8 6 4 7 10 10 8 6 8 10 23 11 4 6 0 4 0 2 4 4 15 38 184 225 205 178 118 56 25 62 123 175 195 176 110 43 25 94 148 124 66 26 42 84 125 175 191 153 143 159 
192 188 108 22 132 194 180 182 181 181 181 178 181 175 157 73 40 59 120 87 42 105 129 36 41 125 86 17 17 39 52 16 90 128 130 85 46 93 47 37 76 42 45 76 45 71 59 67 77 43 65 76 83 82 77 107 115 57 9 47 44 15 98 161 152 167 172 169 137 23 1 10 78 138 119 94 107 117 154 204 201 206 194 118 81 69 118 134 112 68 52 110 187 178 99 93 174 202 195 197 196 192 196 189 186 187 190 190 189 194 195 188 161 100 35 6 0 0 0 5 6 2 4 6 4 118 202 145 0 5 0 4 9 1 5 4 1 9 2 5 9 3 4 7 3 4 4 4 3 3 3 3 2 2 5 5 3 5 4 0 3 1 7 1 5 4 2 5 4 4 4 3 2 1 1 1 2 1 1 5 67 68 61 63 64 46 4 0 3 2 3 1 1 1 1 1 1 1 1 1 2 1 1 1 1 2 3 3 3 2 2 2 5 9 10 9 8 12 6 6 4 39 27 0 0 10 51 24 26 26 9 6 37 19 25 37 6 0 5 25 25 15 27 5 2 2 1 59 88 1 6 0 0 5 0 12 14 1 9 0 58 62 3 2 2 2 1 62 16 2 3 5 5 0 17 2 2 7 0 66 89 1 5 2 0 4 1 24 22 4 5 1 47 53 0 5 5 1 1 87 23 0 8 0 0 10 4 0 3 5 0 30 23 1 1 1 0 5 0 2 4 14 55 7 5 2 4 0 0 57 174 206 34 2 1 56 68 3 0 6 127 164 160 154 158 150 149 158 168 173 180 188 185 180 183 177 175 132 87 48 27 8 12 27 7 17 4 6 4 8 5 5 2 24 14 13 24 26 27 19 19 23 11 1 8 4 3 4 3 0 0 7 0 5 4 4 7 11 21 37 44 30 14 4 2 3 3 1 3 3 3 3 3 4 4 5 4 5 6 6 5 5 5 6 6 5 5 5 4 5 5 5 3 4 3 3 3 5 7 7 6 7 2 11 9 1 10 10 6 8 8 4 1 2 5 7 9 6 5 6 7 8 8 5 7 7 7 7 8 10 12 14 16 36 5 1 4 1 0 4 10 4 9 2 52 190 210 213 200 164 110 54 29 67 107 96 35 27 90 169 202 206 166 114 47 25 55 104 138 137 150 183 
185 198 149 41 86 183 181 180 182 179 187 180 177 177 157 67 45 50 89 77 50 112 135 56 50 118 86 39 51 79 77 52 90 130 137 111 73 78 84 98 119 82 102 120 99 113 121 120 105 93 115 117 121 122 121 127 120 41 23 127 83 22 114 153 153 156 166 168 107 4 5 7 27 89 106 35 96 175 209 203 203 202 156 99 65 94 158 146 75 113 190 162 84 67 113 186 203 201 191 195 193 194 194 190 189 190 190 186 183 182 186 186 191 186 175 144 93 46 15 0 1 0 0 5 0 120 199 175 55 17 13 3 0 0 4 0 0 0 0 0 1 0 0 0 1 1 3 3 4 6 5 3 5 2 2 6 7 5 5 6 4 3 4 4 1 2 4 4 4 6 5 4 3 3 3 1 4 4 0 16 68 64 61 62 65 39 1 1 3 1 1 1 1 1 1 1 1 1 1 1 1 1 1 1 1 2 3 4 3 2 1 3 6 8 9 10 9 14 10 5 5 1 50 18 10 32 66 11 44 30 23 15 16 19 10 29 8 9 4 0 29 54 18 5 0 4 0 28 93 0 3 0 3 0 2 5 1 5 6 1 90 42 2 0 3 1 2 14 32 6 0 8 1 68 34 0 4 3 0 48 106 2 4 2 2 5 1 7 4 7 5 1 85 50 0 5 4 1 0 22 31 3 2 3 0 14 7 0 3 2 0 24 27 0 5 0 2 0 3 1 18 41 8 0 35 132 123 46 10 0 0 114 191 109 25 89 12 2 0 80 168 155 157 157 149 145 148 164 172 176 181 178 184 177 175 169 151 118 82 38 50 1 2 2 0 12 9 6 9 6 1 9 4 10 15 15 23 15 11 19 25 36 50 3 4 8 7 5 3 2 2 4 3 2 3 4 4 3 6 10 23 35 41 33 16 3 1 4 3 6 0 5 4 0 3 2 3 3 3 4 5 6 5 5 4 4 3 3 5 6 5 4 4 3 3 4 5 6 7 7 4 7 8 6 3 3 5 6 5 7 8 7 4 4 5 8 4 6 6 7 8 7 6 7 7 4 8 8 10 11 9 14 30 104 96 8 1 2 5 2 2 0 7 9 8 65 197 217 214 214 199 169 90 32 28 19 31 110 171 205 218 213 211 199 157 85 29 36 72 110 155 193 
197 191 180 94 36 137 191 185 186 180 171 184 183 172 167 111 82 99 126 121 90 133 141 131 120 135 138 117 122 139 136 123 123 137 134 130 125 125 126 132 127 119 124 125 125 128 127 122 134 127 115 123 123 125 122 123 108 14 25 73 31 31 130 151 153 152 152 162 72 5 1 27 94 97 54 35 145 202 198 208 181 127 131 109 127 155 144 72 59 155 211 154 67 119 194 202 197 196 197 196 196 192 193 194 194 190 184 191 188 191 190 183 184 180 179 189 183 182 153 95 47 32 8 4 16 133 195 167 161 164 163 130 104 102 76 50 54 86 70 65 53 46 36 28 20 16 8 2 0 0 0 1 0 0 1 1 0 1 2 0 4 1 0 2 3 5 3 1 2 3 3 2 2 2 3 3 1 5 1 50 70 65 62 62 59 42 5 2 2 1 1 5 1 1 1 1 1 1 1 1 1 1 1 1 1 2 3 3 3 2 1 2 5 7 10 11 5 11 15 6 7 3 21 45 6 11 3 21 34 34 18 19 14 11 21 16 44 24 0 6 1 41 8 4 3 0 6 0 42 18 0 3 0 7 47 7 3 0 0 5 90 43 0 2 3 0 0 4 6 12 0 0 24 93 10 4 2 0 3 2 80 21 1 0 5 3 32 11 0 0 4 3 103 25 0 6 0 0 10 5 4 4 8 2 8 29 7 4 0 0 2 3 39 9 0 0 7 0 4 12 31 12 0 55 188 111 119 108 3 7 5 0 31 171 115 12 4 0 32 160 165 155 156 152 141 145 149 159 169 181 187 177 170 167 176 178 119 72 53 46 37 1 8 7 16 7 2 4 3 3 1 9 8 19 25 22 18 33 15 26 37 49 53 6 5 2 6 10 8 9 7 0 0 3 0 0 5 4 1 7 9 18 26 32 35 28 11 1 5 5 2 2 3 3 7 6 4 3 3 4 5 6 5 4 5 4 3 4 5 5 5 5 3 3 3 4 5 6 6 6 6 8 8 6 4 4 5 5 5 5 5 5 4 4 5 6 10 4 9 13 7 4 5 3 7 12 9 5 12 10 17 49 126 179 199 92 0 6 0 4 1 1 2 5 5 16 84 209 217 216 215 199 166 139 96 43 107 173 211 217 216 215 221 216 207 181 125 66 33 42 92 149 
191 191 192 140 31 110 185 181 178 178 181 178 175 175 164 159 158 166 164 160 152 163 160 157 162 150 152 148 150 146 142 143 145 146 145 142 142 136 134 131 134 132 127 117 131 127 124 132 124 132 124 128 123 126 125 128 87 18 66 70 11 55 141 147 149 152 133 105 52 21 15 54 166 154 121 152 195 203 200 199 147 100 175 107 151 140 82 144 173 128 85 78 142 207 199 199 201 199 197 201 194 197 189 191 191 193 189 192 192 186 184 186 180 195 182 177 188 182 180 194 189 169 140 150 155 156 147 150 119 164 193 158 123 155 158 73 126 187 170 178 171 167 157 151 146 139 128 115 103 93 85 79 62 49 41 33 22 17 13 7 1 0 2 5 2 2 3 3 3 3 4 3 4 2 0 0 3 2 10 61 56 62 57 52 56 45 8 0 2 3 1 1 1 1 1 1 1 1 1 1 1 1 1 1 1 2 3 3 3 3 2 2 3 6 9 12 9 10 11 6 7 6 1 38 36 7 16 16 26 26 21 13 31 28 21 15 26 51 25 0 3 1 41 26 0 3 2 2 3 9 4 5 0 56 76 1 2 5 0 0 40 39 2 3 0 4 5 24 3 0 8 0 43 107 1 5 0 4 5 0 12 19 0 10 0 30 72 0 5 1 9 1 70 59 6 0 5 0 0 13 7 0 12 0 25 48 0 4 1 0 3 0 12 5 8 0 0 9 12 32 7 1 2 159 107 0 0 0 78 131 17 8 1 10 24 7 8 5 123 158 149 151 147 150 143 149 154 164 174 180 178 160 161 161 178 162 78 82 60 60 16 8 9 1 14 9 5 6 4 6 4 7 3 9 12 3 9 20 24 18 35 19 29 7 0 6 6 8 16 11 3 6 6 6 4 3 2 0 0 5 2 7 9 18 35 44 33 18 3 0 4 7 6 2 1 6 4 4 4 4 5 5 5 4 6 4 3 4 5 4 4 6 3 3 4 5 6 6 5 5 6 7 7 5 4 4 4 4 7 6 5 5 6 7 7 7 6 2 12 15 5 5 12 8 11 13 9 6 17 40 93 163 185 196 192 200 81 0 10 0 9 1 2 4 7 6 11 103 216 211 194 174 194 202 166 136 179 211 219 214 212 214 221 219 218 220 204 163 101 37 27 63 
197 188 191 169 44 84 184 182 186 183 181 178 181 150 97 87 115 142 117 142 143 136 113 102 125 139 114 119 130 128 135 135 134 114 128 136 121 121 126 133 126 122 139 131 123 127 130 129 137 132 140 125 122 129 128 128 65 13 107 122 23 76 148 136 143 132 91 41 24 24 33 70 112 184 189 193 188 190 163 165 181 140 123 107 94 45 98 209 214 118 61 163 206 203 201 197 198 195 201 191 196 193 195 194 194 187 193 192 195 187 185 191 189 186 151 138 148 162 183 134 125 176 182 175 167 99 101 192 137 116 181 121 63 117 170 98 128 175 158 168 165 164 164 169 164 163 161 160 159 155 150 146 146 137 133 128 118 113 101 85 75 63 49 31 14 5 5 7 7 6 5 6 5 5 5 4 1 2 38 61 51 64 51 44 52 50 15 0 2 4 1 0 1 1 1 1 1 1 1 1 1 1 1 1 1 2 2 3 4 4 4 3 2 4 8 11 12 12 7 11 5 7 1 7 42 20 16 2 20 41 33 29 44 10 11 3 6 22 36 5 0 6 0 30 20 1 5 12 18 3 4 4 4 87 56 1 4 4 4 2 4 22 2 6 3 1 53 31 4 0 0 4 16 104 9 4 0 0 2 1 3 5 2 6 0 76 34 0 0 6 0 2 12 35 11 0 2 0 25 17 1 3 0 2 19 61 3 0 3 0 2 5 3 0 0 8 3 22 37 6 4 7 5 179 62 16 12 41 186 158 154 24 17 50 10 8 12 87 158 137 141 147 145 141 148 153 161 173 173 163 158 151 161 166 174 107 119 80 69 46 0 10 9 11 13 15 5 0 3 6 8 12 9 12 15 8 8 30 22 28 37 35 23 6 0 1 5 2 7 31 40 21 1 3 6 4 2 5 3 0 2 3 2 4 14 29 37 42 25 9 4 1 3 7 1 2 5 5 4 5 5 5 5 4 7 4 3 4 4 3 4 7 4 4 5 6 6 6 5 4 6 7 7 6 5 6 6 5 7 6 5 5 6 8 8 8 6 6 9 9 5 9 11 5 6 2 10 37 93 155 184 186 190 190 193 203 187 56 4 6 2 0 4 4 2 8 10 13 129 198 178 196 198 188 179 193 211 215 210 215 220 218 220 219 212 214 214 213 197 142 74 31 
188 192 192 180 73 35 147 185 176 183 173 180 162 79 56 72 48 80 62 115 64 69 34 27 101 68 22 74 73 47 52 65 57 27 77 104 51 40 57 97 68 49 64 94 68 64 99 110 80 81 118 139 132 134 132 126 58 7 52 39 13 101 141 145 147 111 58 39 0 1 9 44 79 154 178 182 190 186 105 120 185 153 173 106 94 155 137 117 93 85 171 204 198 202 207 200 199 199 200 201 202 202 197 195 195 186 190 186 177 184 177 174 190 164 113 167 120 60 134 124 60 122 120 79 97 55 81 171 159 98 167 160 97 76 146 135 129 153 157 168 169 165 160 157 154 150 147 145 143 140 136 134 131 130 128 117 114 122 121 110 82 67 49 33 19 12 7 4 8 9 8 10 13 19 23 26 31 35 66 60 47 56 47 49 46 52 27 1 1 1 0 3 1 1 1 1 1 1 1 1 1 1 1 1 1 2 2 2 5 5 5 3 2 3 6 9 7 11 11 14 5 8 9 0 15 38 18 10 21 17 13 27 33 17 2 42 5 19 23 124 22 1 1 0 20 17 15 75 26 1 0 4 0 67 77 1 2 1 1 2 2 9 2 5 4 10 93 11 1 5 2 0 1 47 25 2 3 1 0 38 16 1 0 1 0 80 38 2 6 2 2 4 1 2 9 7 3 7 52 6 1 2 0 5 0 48 20 0 2 0 1 2 2 4 5 2 23 21 1 4 4 0 0 167 89 0 7 52 91 1 160 115 34 35 2 0 53 148 137 126 132 133 137 145 148 159 169 176 167 152 156 165 170 174 142 91 118 68 93 13 12 12 4 10 4 7 8 9 5 4 7 10 6 4 11 9 6 3 31 39 35 49 20 0 8 5 0 0 0 0 20 61 52 18 1 1 3 0 0 7 2 4 3 1 3 7 18 31 42 36 28 4 1 2 4 7 5 5 5 5 4 4 5 5 6 4 3 4 4 3 4 6 5 5 5 6 7 7 6 5 7 8 8 7 7 8 8 7 4 4 4 4 5 6 6 7 8 9 3 4 9 10 11 17 21 37 89 146 175 184 185 189 192 200 204 203 205 179 39 0 3 9 0 1 3 1 11 7 24 128 208 200 179 183 193 206 216 216 216 222 223 218 219 222 219 217 216 215 217 213 171 116 
189 193 189 186 120 15 103 186 184 181 177 182 163 61 14 13 28 74 35 49 56 78 11 45 122 41 20 95 46 1 11 60 71 11 44 70 12 6 13 37 36 80 28 12 8 3 34 53 35 36 66 133 126 125 132 121 30 35 94 34 33 128 144 138 144 110 47 43 9 3 10 51 93 158 173 180 179 189 137 104 106 72 72 56 184 219 187 64 81 183 205 202 204 200 196 201 202 200 198 192 172 150 166 189 158 124 134 175 118 102 112 133 196 156 106 183 165 88 95 154 88 105 115 118 131 73 94 167 124 117 183 168 144 152 168 175 167 166 168 160 161 161 160 154 157 151 146 145 143 138 134 131 126 122 119 115 92 58 34 27 11 6 4 5 4 4 8 9 4 14 25 35 44 57 63 66 68 69 60 58 46 48 47 49 42 45 26 0 1 3 2 2 1 1 1 1 1 1 1 1 1 1 1 1 1 1 2 2 4 5 6 5 3 3 4 6 7 7 12 7 8 11 5 5 0 15 34 14 16 3 41 68 32 23 43 28 12 33 1 129 173 6 3 0 7 12 44 69 6 0 3 1 0 23 76 3 1 3 0 8 28 7 4 3 0 17 98 9 1 0 7 0 1 1 14 0 7 4 30 71 0 1 0 8 0 33 75 1 2 0 6 1 14 4 0 0 2 14 60 2 6 0 7 0 0 12 12 4 3 0 4 2 5 2 0 15 17 5 15 7 13 27 2 71 200 23 0 0 0 0 163 119 14 1 0 26 140 135 110 100 126 149 134 139 151 165 172 173 170 163 165 168 165 160 113 83 86 56 66 0 7 6 10 10 7 6 10 2 4 1 4 7 7 8 21 23 52 108 18 39 17 26 14 1 2 0 3 6 2 4 6 0 30 69 52 7 2 8 0 0 3 2 2 3 5 2 3 8 25 33 45 41 25 8 0 1 5 5 5 5 4 4 5 5 5 5 4 4 3 4 5 6 5 5 6 6 7 7 6 6 4 6 7 6 6 7 7 7 5 5 5 6 6 7 7 7 8 12 10 10 12 3 11 40 103 141 173 177 183 190 188 191 200 198 198 210 210 215 158 31 1 7 0 3 3 6 1 8 3 38 162 184 178 199 217 221 214 219 221 219 218 220 221 220 220 214 219 222 215 217 217 203 
200 188 190 194 150 31 83 179 177 170 181 180 180 137 85 73 109 124 94 70 115 133 63 67 110 61 50 102 82 75 73 98 96 40 55 67 16 15 40 59 31 42 24 33 15 17 68 59 34 36 60 133 133 132 120 93 18 48 81 19 37 115 121 130 135 122 60 32 31 24 24 67 130 174 169 181 183 185 193 177 125 63 93 124 127 146 78 59 159 189 203 193 194 189 179 172 154 145 161 161 143 80 130 181 121 155 125 136 116 84 79 104 187 173 101 154 154 104 118 145 117 151 172 166 169 161 167 171 138 156 173 177 178 173 168 167 170 165 164 158 162 161 158 152 151 145 143 142 140 136 131 127 128 113 108 113 93 38 4 5 9 6 7 10 11 17 29 38 53 63 68 65 61 64 63 58 58 57 49 56 50 49 48 44 43 39 24 1 2 4 2 0 1 1 1 1 1 1 1 1 1 1 1 1 1 1 1 1 3 4 5 6 5 4 4 4 10 6 8 6 8 11 1 8 5 2 29 32 5 2 7 19 43 47 41 22 23 15 3 0 122 177 16 1 4 1 1 12 4 6 0 0 12 0 12 13 4 1 1 60 55 2 0 3 2 1 75 22 1 5 0 5 5 15 0 0 7 0 65 56 0 3 3 0 1 1 29 12 0 9 0 37 33 0 4 7 0 8 71 13 1 9 2 0 8 1 0 2 4 0 5 5 0 10 21 20 4 7 21 37 45 24 4 0 94 194 101 37 25 118 179 20 2 2 13 111 136 116 108 109 105 128 136 142 154 169 169 168 169 167 164 157 173 132 130 154 68 56 20 0 5 8 9 3 1 6 9 7 6 2 4 2 2 2 13 9 35 128 18 8 53 46 5 0 2 4 0 0 4 3 1 4 1 0 46 80 43 2 2 8 3 3 0 1 5 4 2 2 9 9 21 47 54 34 12 1 5 5 5 5 4 4 5 6 3 6 6 4 3 6 6 5 6 5 5 6 7 7 7 6 2 5 6 5 4 4 5 5 7 6 6 7 10 10 8 6 7 7 4 11 28 53 97 141 177 181 179 175 184 195 193 196 198 216 204 207 204 211 215 142 16 1 5 5 0 5 0 3 9 7 47 173 212 206 212 211 219 218 219 217 217 224 225 221 222 216 215 215 217 224 225 214 
169 190 193 190 172 45 44 164 184 183 181 177 176 178 175 178 173 166 166 157 163 151 84 53 86 111 107 129 135 130 112 141 102 67 96 126 92 75 109 130 95 77 92 114 97 88 119 111 70 82 112 130 105 88 69 52 26 16 28 26 13 32 28 25 30 38 12 2 5 9 3 34 71 73 83 87 90 107 118 110 49 55 178 198 99 16 81 88 122 134 172 192 106 125 178 110 76 72 82 174 158 116 109 153 123 129 109 157 171 144 169 153 183 184 151 113 135 168 173 182 180 188 180 182 181 182 179 176 168 175 174 172 166 173 177 164 170 162 154 154 159 154 152 156 155 148 142 137 134 130 124 122 116 108 99 103 97 54 13 7 6 9 21 39 53 64 71 75 65 72 69 57 51 55 60 58 49 46 55 48 39 39 39 42 43 40 30 7 1 0 1 2 1 1 1 1 1 1 1 1 1 1 1 1 1 1 1 1 2 3 5 6 6 5 4 4 7 7 8 14 4 7 8 8 2 8 0 32 18 8 12 46 40 11 29 35 3 17 1 1 1 99 177 33 4 2 8 3 11 7 0 3 0 2 6 4 1 9 8 85 31 0 4 0 2 0 26 29 1 1 6 0 47 18 4 0 7 1 52 79 0 5 2 4 0 9 0 3 4 6 4 49 21 2 0 1 4 1 31 37 2 0 0 3 3 5 6 0 0 3 4 4 11 19 1 10 8 14 16 22 22 15 8 12 2 43 148 163 162 147 26 0 8 3 90 123 102 83 89 83 92 106 129 132 153 168 167 160 156 152 153 155 147 116 166 161 72 23 0 6 5 9 7 16 7 8 1 8 0 1 6 5 11 15 25 15 21 28 9 32 45 35 3 3 3 2 3 3 2 3 4 4 2 6 0 10 59 74 36 1 1 5 4 0 1 3 2 4 1 6 6 17 34 42 46 33 4 5 5 5 4 4 5 6 3 7 8 4 4 7 8 5 6 5 5 5 6 7 7 7 3 6 8 7 4 4 5 6 7 5 4 7 10 11 8 4 2 15 40 77 115 152 172 178 176 170 182 189 189 197 202 199 208 205 211 211 219 211 213 209 101 12 2 0 5 2 3 3 5 10 8 67 199 214 215 213 220 215 217 218 216 219 220 221 222 220 218 220 221 218 216 221 
89 175 197 186 181 85 8 111 184 181 185 174 181 178 171 176 175 171 167 162 165 129 26 18 38 66 64 139 142 68 38 107 100 23 53 129 111 35 75 144 143 139 152 142 137 139 134 116 99 80 61 37 16 3 38 39 2 1 7 44 39 89 80 23 51 90 44 2 3 3 44 93 80 57 18 62 92 84 37 54 109 95 94 120 55 107 188 114 86 93 154 143 63 93 162 142 110 146 119 191 148 114 131 174 167 144 155 184 186 178 182 185 181 190 180 164 169 182 184 178 176 178 182 181 176 174 171 172 173 175 170 169 170 168 166 163 158 156 158 155 145 154 138 114 100 72 72 123 127 131 114 116 108 103 93 94 94 76 28 2 5 7 21 60 80 71 67 66 59 60 58 57 50 48 54 54 49 46 47 47 43 42 39 36 38 40 39 5 4 1 2 2 1 1 1 1 1 1 1 1 1 1 1 1 1 1 1 1 2 2 5 8 8 6 5 6 6 10 13 12 9 6 7 7 6 5 3 5 34 18 12 22 36 7 0 33 0 94 170 12 0 110 169 41 32 10 0 0 4 8 10 0 15 56 14 0 2 2 6 95 18 1 7 1 4 0 2 5 9 1 1 24 71 5 0 1 4 0 10 62 10 0 0 0 3 21 6 1 2 3 4 86 14 0 2 0 3 1 2 9 1 8 0 6 19 0 2 2 0 3 11 5 4 7 5 10 9 21 36 1 10 13 8 23 12 1 0 7 32 0 2 8 1 81 109 90 87 88 74 73 99 103 103 140 157 165 157 151 140 144 149 150 109 106 184 116 48 14 6 8 8 8 4 4 6 3 3 11 4 7 4 7 6 6 9 36 16 12 19 33 32 29 1 6 5 4 3 1 0 3 5 1 3 7 2 0 0 22 62 65 21 5 2 5 2 1 1 3 3 4 4 4 11 23 41 54 52 21 2 4 5 3 4 4 1 1 9 5 5 10 6 7 3 4 5 5 6 6 6 5 4 6 9 12 7 3 4 8 8 4 5 8 7 7 4 30 45 86 145 161 170 170 183 170 176 183 191 197 193 202 205 208 215 209 215 209 185 186 207 203 159 58 7 6 2 1 3 4 3 5 13 3 88 214 214 215 214 218 218 214 220 214 223 219 219 221 217 222 223 222 225 217 
96 166 195 190 188 146 40 40 157 190 177 177 177 180 173 173 167 167 164 166 165 115 42 79 105 70 21 100 93 10 6 59 96 23 62 120 37 0 23 135 157 147 141 113 90 71 52 29 8 8 0 0 0 2 46 42 3 4 5 57 43 95 94 21 75 123 38 2 5 0 90 144 142 98 40 129 162 143 68 111 199 146 23 30 119 195 192 142 102 138 146 137 148 159 169 188 173 192 179 191 187 166 183 189 186 180 184 186 181 184 183 171 184 182 177 178 179 175 174 180 181 175 176 175 168 172 172 164 174 172 174 170 167 165 161 160 158 151 155 153 143 142 106 42 19 18 15 72 124 119 116 104 108 98 89 86 83 76 45 10 6 4 9 44 71 71 66 61 58 54 51 57 54 49 50 45 44 43 44 42 40 40 38 33 36 38 38 12 4 1 3 3 1 1 1 1 1 1 1 1 1 1 1 1 1 1 1 1 1 1 4 7 8 7 6 6 7 9 11 11 9 7 8 8 9 12 2 1 11 25 15 3 7 9 97 16 5 2 140 126 110 189 28 8 12 24 24 5 0 2 6 7 34 59 5 0 6 0 2 68 48 1 0 2 1 11 20 2 4 3 0 48 84 0 4 0 0 7 1 11 11 5 9 0 31 40 0 5 2 3 0 67 41 3 5 3 2 7 2 0 1 3 0 22 21 0 6 0 12 6 28 5 3 11 23 26 10 16 29 19 12 27 26 6 18 10 14 17 45 3 4 1 73 99 83 86 84 100 76 70 88 94 112 133 151 148 152 148 158 148 153 125 138 149 173 79 51 2 0 12 9 6 10 9 0 3 6 0 9 4 4 6 3 11 11 3 10 10 32 15 44 38 1 2 0 4 2 1 7 1 0 5 1 1 1 7 6 0 5 26 79 60 13 0 7 2 0 2 4 2 0 3 7 6 17 41 58 63 43 10 0 2 6 6 11 6 2 0 3 6 6 4 4 6 5 3 4 8 9 7 5 7 6 4 3 6 9 10 6 5 8 17 28 46 83 136 156 157 169 172 172 170 177 183 183 193 192 201 205 195 212 193 205 214 210 214 136 82 135 181 167 144 63 2 2 5 6 0 0 3 5 10 12 117 218 212 218 210 220 221 216 217 221 219 221 213 224 221 214 216 196 170 
181 200 187 188 191 181 109 15 76 167 179 180 177 175 175 172 170 164 171 168 157 131 118 156 162 125 75 86 79 82 85 73 68 39 69 97 74 76 41 88 96 68 39 21 13 1 2 1 3 5 1 3 7 1 16 49 28 28 40 50 20 25 24 19 19 24 12 2 3 10 21 36 41 34 12 45 52 48 17 35 86 59 36 125 191 190 189 174 182 192 187 184 195 192 184 191 189 191 187 183 188 185 181 180 181 180 180 178 176 179 179 172 170 174 173 172 173 171 170 172 171 167 172 174 170 166 168 169 169 162 164 162 162 164 159 159 157 147 150 149 144 147 115 29 10 21 7 40 113 115 110 97 96 86 82 81 77 75 61 12 8 5 5 27 52 53 43 36 21 20 33 52 52 46 48 46 43 43 42 40 38 39 38 31 32 35 37 19 3 1 3 1 1 1 1 1 1 1 1 1 1 1 1 1 1 1 1 1 1 1 2 5 8 8 7 7 7 7 7 8 8 8 9 8 9 8 5 8 1 14 15 8 3 0 160 160 0 1 0 112 190 13 12 37 3 145 69 9 1 2 2 1 8 12 5 6 0 4 1 6 24 3 10 0 1 49 26 1 0 1 0 31 86 3 0 3 6 0 0 8 4 4 7 0 72 32 0 5 3 0 4 9 34 6 1 0 2 7 4 7 2 1 3 16 47 0 8 6 14 10 2 10 3 10 6 9 26 55 41 26 36 13 15 12 5 2 52 30 0 8 2 60 93 77 73 74 74 84 76 64 77 98 117 144 155 152 153 145 142 163 135 132 180 171 109 52 10 2 12 3 6 4 9 9 1 5 8 0 4 4 6 5 6 15 24 11 20 16 26 35 40 49 40 24 18 10 3 1 2 6 5 0 3 2 8 0 0 8 0 0 1 40 83 48 1 7 15 0 0 5 2 0 5 5 3 8 26 54 58 38 20 8 0 3 4 5 5 7 7 6 6 4 5 9 9 5 5 9 9 3 9 8 8 7 5 4 8 14 14 26 65 102 123 145 165 169 167 168 171 175 178 183 184 189 194 200 202 188 195 215 210 178 167 213 215 207 123 86 135 155 182 195 180 50 0 5 0 8 8 0 7 5 17 11 143 225 212 221 211 218 218 220 212 224 222 215 220 223 215 181 131 107 
192 191 186 189 193 186 168 75 10 104 178 180 179 173 177 176 171 164 172 170 167 163 164 161 162 153 158 156 142 155 155 145 143 137 124 104 90 61 21 21 25 41 71 98 84 25 1 2 5 0 4 1 8 10 5 58 82 34 26 96 123 108 109 108 111 81 11 4 0 34 98 96 94 102 109 99 99 100 105 103 103 110 150 182 175 173 182 186 183 180 183 188 187 184 185 188 184 184 183 189 179 183 168 181 178 174 172 174 174 169 168 172 167 173 171 163 164 171 171 166 164 166 162 163 167 163 162 164 163 165 160 157 162 162 156 154 157 148 145 142 139 144 134 68 14 17 7 15 63 103 96 96 88 85 82 80 78 74 69 24 2 4 0 6 18 16 8 5 1 2 18 44 46 41 46 43 42 40 40 40 38 36 35 33 32 34 36 28 2 1 3 1 1 1 1 1 1 1 1 1 1 1 1 1 1 1 1 1 1 0 1 4 7 9 8 7 8 6 5 6 8 9 9 8 9 2 9 14 3 1 11 18 6 2 0 148 178 0 113 187 23 15 22 3 105 195 31 15 18 16 3 1 3 8 6 7 6 5 5 7 10 2 8 0 17 87 12 1 0 2 6 0 52 30 3 0 4 0 26 4 0 0 2 0 76 38 2 2 2 7 1 0 0 15 0 5 7 25 1 5 0 1 3 2 6 6 11 18 6 5 7 7 39 24 11 29 30 42 19 6 38 21 28 16 23 44 58 0 8 0 55 101 73 63 83 77 77 75 85 86 100 123 138 164 156 145 139 137 136 143 116 166 141 136 80 45 5 9 5 3 3 4 2 4 8 4 3 9 7 15 12 8 17 12 21 28 40 8 47 36 46 89 103 88 70 58 52 37 10 1 3 3 11 11 12 5 6 5 1 8 3 2 7 53 69 20 1 8 5 5 5 3 3 0 0 5 1 16 36 54 59 36 12 5 4 5 4 1 7 9 3 7 4 7 6 3 2 5 8 9 7 2 3 15 24 35 66 98 110 134 152 155 163 165 167 169 174 178 176 180 181 184 196 188 184 169 174 177 153 202 208 187 136 150 166 185 166 179 208 205 206 195 206 168 38 2 0 3 2 3 6 4 6 17 26 163 220 209 222 217 219 218 217 218 219 223 221 220 200 161 146 143 
192 184 198 186 190 193 190 152 37 32 141 182 180 177 177 174 176 178 175 165 170 160 163 163 156 165 164 159 156 156 139 114 87 72 36 23 0 27 89 100 140 143 145 138 96 21 2 13 18 35 54 85 107 32 36 136 110 23 56 147 152 148 145 139 145 104 10 3 1 67 136 144 150 156 154 160 168 165 158 169 167 173 164 168 176 171 179 178 180 178 179 183 184 182 181 183 179 180 183 176 172 170 169 174 173 176 172 166 166 166 164 164 171 167 163 162 161 160 160 160 155 157 156 158 159 149 136 116 113 153 157 151 156 155 153 148 149 148 142 141 140 134 133 101 28 8 12 12 29 91 97 95 89 84 72 69 71 63 65 40 12 10 6 3 6 4 1 4 7 0 7 30 39 40 41 37 39 34 35 39 35 30 31 32 34 33 35 33 4 0 4 2 1 1 1 1 1 1 1 1 1 1 1 1 1 1 1 1 1 1 1 3 6 9 9 8 8 6 4 5 8 10 10 8 8 6 6 8 6 4 5 7 13 5 2 0 117 194 187 35 1 29 5 50 192 41 16 18 15 42 33 5 1 1 1 11 12 8 13 25 11 1 0 0 28 98 14 1 0 8 0 0 3 14 2 2 0 35 55 3 6 2 6 2 34 65 5 1 2 2 4 6 6 0 9 1 16 61 2 1 3 7 4 13 7 4 1 7 7 4 24 31 25 45 13 3 3 21 16 32 13 25 15 19 76 25 6 3 1 60 110 61 54 70 56 60 68 71 76 98 113 122 142 145 140 139 132 117 134 114 136 167 145 91 80 11 3 1 5 12 5 5 2 3 7 3 1 7 3 6 3 3 19 8 5 12 7 5 28 27 70 143 126 117 106 101 94 83 60 23 1 4 1 16 51 62 41 27 23 12 10 6 5 1 24 69 51 11 7 1 2 3 3 7 8 0 6 3 7 25 46 56 42 21 4 0 11 6 0 4 3 8 3 3 5 7 10 16 28 40 56 61 80 106 119 124 139 161 160 160 162 168 172 171 169 175 175 180 184 188 174 155 184 167 154 180 135 160 142 141 166 192 186 154 167 202 206 213 221 219 216 154 158 204 112 17 3 5 0 6 1 0 4 8 14 40 182 228 212 220 214 210 223 217 219 223 218 183 130 133 171 167 
199 194 187 191 192 184 183 187 108 1 79 177 181 180 176 172 171 174 176 169 170 167 171 164 163 160 142 115 89 65 32 24 9 1 0 4 3 71 145 130 99 76 47 31 40 46 75 101 123 132 147 155 98 18 112 150 71 12 123 151 141 144 140 142 137 75 0 3 6 94 143 136 138 146 149 154 151 155 154 158 162 159 169 164 165 176 171 170 176 173 176 179 180 182 182 179 182 178 176 173 175 169 171 166 165 168 165 161 160 161 159 157 161 153 152 155 153 152 152 151 157 151 156 158 110 57 39 24 42 113 152 147 142 148 151 145 142 144 138 142 145 132 129 123 55 11 12 10 11 57 92 84 86 80 66 62 64 56 54 47 11 3 2 2 1 3 1 5 10 9 14 28 37 35 36 33 37 32 33 36 34 31 32 34 32 30 31 33 7 0 3 2 1 1 1 1 1 1 1 1 1 1 1 1 1 1 1 1 1 1 1 2 5 8 9 8 7 6 5 6 8 9 10 9 8 9 2 9 8 11 1 3 7 12 11 0 5 94 32 15 60 23 9 141 172 27 5 9 1 167 126 25 27 1 7 1 0 7 8 6 5 5 4 3 6 103 23 2 3 0 0 8 12 4 1 8 0 59 35 1 4 2 4 3 1 38 7 2 4 0 18 20 0 0 3 0 10 56 9 6 6 9 7 13 5 3 9 8 9 23 11 16 9 26 9 21 19 13 4 28 12 15 15 43 19 17 5 1 54 84 56 55 53 61 61 62 68 69 76 89 103 122 137 136 131 132 122 122 108 136 165 176 151 78 42 4 5 0 7 0 7 3 8 8 2 7 11 2 6 3 7 9 20 20 12 13 13 6 18 28 141 166 155 131 127 117 111 110 105 86 46 6 4 1 31 79 91 79 73 67 49 50 43 39 22 14 46 71 26 9 4 5 0 0 3 2 5 3 2 1 11 38 52 44 19 14 15 18 29 29 23 40 45 49 62 79 91 101 117 133 141 144 150 157 161 161 163 166 170 174 177 177 174 174 163 180 177 188 194 195 183 152 154 102 137 216 163 166 182 155 168 194 219 211 215 227 215 197 207 212 213 148 146 178 169 104 13 1 7 0 1 8 3 4 9 8 61 197 212 218 217 218 220 214 208 196 175 115 75 111 154 166 
148 114 74 131 190 191 194 189 160 34 30 144 183 180 178 174 174 171 177 175 172 163 145 114 74 67 54 37 6 1 1 1 6 1 7 0 1 10 43 40 44 60 87 107 136 149 155 154 154 138 143 139 58 52 155 129 22 67 151 150 156 137 142 134 135 45 5 3 9 112 146 141 151 141 151 149 149 150 160 152 158 157 155 163 164 164 165 164 166 174 171 169 177 177 172 176 173 168 164 174 173 167 164 161 166 159 156 159 158 153 150 151 147 147 149 147 144 150 151 144 146 145 148 150 96 22 8 20 18 70 135 144 132 141 141 139 140 137 131 134 132 124 118 120 80 19 5 9 7 28 83 88 82 74 64 65 61 57 52 47 24 6 6 7 5 11 16 21 26 34 33 36 37 31 31 32 33 32 33 32 30 30 31 29 29 28 27 33 13 0 2 1 1 1 1 1 1 1 1 1 1 1 1 1 1 1 1 1 1 2 1 1 2 6 8 7 7 7 7 7 8 8 9 10 9 6 5 13 10 7 4 8 8 6 15 11 7 0 0 10 18 0 140 117 98 210 98 2 103 187 23 16 26 26 14 7 3 1 0 2 10 5 7 7 1 45 44 1 0 8 0 42 12 4 2 0 2 58 52 4 0 0 0 4 3 0 6 2 8 4 56 6 2 5 5 1 1 18 8 11 2 3 7 10 4 6 5 15 7 6 4 25 24 8 30 45 3 18 27 9 17 39 74 26 1 1 5 39 54 57 40 55 58 45 57 62 68 63 78 75 83 111 121 126 122 113 107 129 106 172 169 158 105 71 1 4 4 3 1 7 9 4 8 8 2 8 14 5 4 4 6 3 15 21 5 18 40 4 8 55 163 179 162 161 150 144 145 138 127 130 111 65 10 5 2 27 94 130 110 101 94 92 91 84 83 78 66 69 96 51 8 2 10 6 0 4 0 4 6 4 5 13 29 46 46 42 84 138 130 117 131 128 132 136 145 153 156 155 158 163 166 168 168 168 171 175 177 177 176 173 167 166 166 166 128 140 190 201 198 200 211 206 185 128 165 212 215 205 216 211 213 204 212 218 196 198 189 161 173 209 215 202 171 202 204 203 91 4 0 8 0 1 4 0 6 13 15 87 219 211 203 196 181 169 169 172 167 149 153 171 177 186 
20 9 25 106 189 193 189 186 185 93 5 97 186 183 184 176 171 170 150 117 89 59 44 51 75 105 119 146 74 1 8 0 2 4 12 30 55 80 106 122 146 154 170 162 160 159 155 155 154 145 153 111 18 113 158 84 23 121 152 151 150 148 136 143 122 30 1 1 38 133 144 143 138 147 148 144 149 149 151 154 155 154 158 162 160 170 165 162 170 165 168 171 166 171 174 167 165 164 170 164 164 157 161 157 160 154 150 150 148 148 146 142 136 136 141 139 135 138 140 134 126 144 136 138 122 52 10 16 15 26 104 132 124 136 130 134 134 129 125 127 120 122 117 119 100 32 9 13 4 10 56 83 77 64 59 62 52 55 47 43 37 8 3 2 0 11 27 44 38 45 33 26 31 31 32 35 28 30 30 25 21 24 25 18 30 28 27 34 20 2 4 3 1 1 1 1 1 1 1 1 1 1 1 1 1 1 1 1 0 2 1 0 1 4 7 7 8 8 9 9 8 7 9 10 13 3 12 6 10 3 11 2 4 3 7 10 24 26 9 5 0 96 208 30 0 42 180 119 184 51 7 4 18 3 152 91 24 11 1 2 0 0 8 3 4 1 13 10 11 0 33 78 4 0 2 2 0 23 82 3 3 2 2 5 13 4 2 1 0 17 61 6 1 5 5 8 13 7 7 2 6 5 9 32 20 12 37 1 17 37 20 22 34 4 21 33 5 19 15 8 29 69 9 2 5 8 30 45 40 38 38 48 55 42 56 55 64 71 75 81 79 86 106 105 102 116 121 102 127 180 165 68 78 25 2 4 3 0 5 0 11 8 2 1 5 3 3 10 3 9 4 5 32 36 5 35 29 17 9 90 197 179 179 171 163 163 161 156 147 147 147 143 104 24 1 4 35 111 146 138 135 126 112 104 102 106 106 98 98 120 87 24 2 7 6 4 4 3 0 2 6 0 2 22 45 51 31 105 192 175 156 173 163 165 168 171 171 172 173 175 173 175 179 183 182 178 177 179 160 107 138 158 97 106 102 91 178 202 212 208 211 215 212 211 209 218 220 214 222 190 171 193 193 192 146 149 159 139 131 187 217 211 216 214 213 221 196 66 4 3 3 0 3 4 4 4 13 13 119 193 175 170 168 186 203 213 212 218 218 214 219 215 
71 120 153 185 195 190 194 190 188 155 35 19 139 177 148 124 95 64 30 8 53 116 141 172 186 174 157 118 55 6 13 48 68 90 118 144 159 166 167 167 164 168 162 162 165 164 162 157 156 158 153 66 56 158 140 30 65 160 150 149 149 149 142 142 109 17 3 3 62 143 146 138 139 140 145 147 148 150 153 153 152 160 159 156 155 166 160 161 161 160 162 159 164 164 154 162 161 161 163 161 153 151 151 151 151 149 143 139 139 136 136 138 133 127 130 127 132 122 133 130 125 127 122 126 132 83 15 9 13 12 59 126 113 123 123 125 129 123 116 116 118 118 112 106 110 57 13 8 6 7 27 73 72 65 60 56 46 41 42 44 36 17 5 5 3 3 19 38 32 29 26 28 30 31 28 25 24 17 11 10 6 2 5 11 26 27 29 31 24 8 0 2 1 1 1 1 1 1 1 1 1 1 1 1 1 1 1 1 1 2 1 1 0 1 4 5 7 7 7 7 8 8 8 8 8 9 8 8 7 7 6 6 7 6 1 4 20 21 10 6 0 108 75 7 9 1 9 174 108 1 18 26 1 58 207 44 20 29 26 4 2 4 4 2 3 1 2 9 3 3 13 14 5 3 6 1 6 1 23 20 1 4 3 23 13 1 7 3 4 9 0 3 13 9 2 5 6 1 4 1 7 21 26 19 27 33 23 28 28 34 8 26 17 18 18 3 8 18 3 39 40 2 0 1 9 28 35 39 40 36 39 32 46 44 52 52 69 64 77 77 71 75 84 98 94 116 92 127 153 166 150 91 68 6 6 5 0 12 0 4 5 3 8 5 4 6 1 2 5 2 4 5 6 15 25 25 40 21 7 145 203 183 186 179 177 177 178 174 171 166 159 163 164 120 46 5 1 33 109 157 156 148 132 141 138 137 134 124 128 127 140 135 55 3 4 9 4 0 3 0 4 2 4 2 9 27 41 23 71 170 192 173 176 183 175 181 180 187 184 185 182 179 182 178 165 158 131 162 128 101 174 181 134 93 174 152 175 204 214 214 209 211 217 220 220 215 204 203 193 155 130 170 175 169 167 166 182 193 164 174 221 220 208 211 181 177 190 154 37 7 3 2 3 0 5 2 5 18 16 138 210 199 217 216 221 216 221 214 221 220 219 224 
193 193 199 199 197 195 198 193 192 156 55 2 39 57 31 9 5 1 1 5 85 167 154 124 100 72 54 63 87 111 135 154 166 167 169 166 165 166 169 170 167 170 165 166 171 165 160 165 157 162 124 33 125 165 82 26 136 156 157 154 157 147 145 146 97 5 1 7 86 149 146 142 139 144 150 149 147 149 152 151 158 157 151 153 150 151 158 158 155 153 155 152 151 157 158 153 152 149 152 154 152 150 149 145 134 136 136 137 137 134 127 124 128 121 122 120 121 117 126 115 113 115 115 114 125 96 31 8 12 13 26 96 118 113 122 114 118 117 115 114 113 110 107 105 102 76 20 8 5 10 8 55 65 58 54 53 45 41 38 37 35 23 7 2 4 3 11 28 31 28 25 23 23 20 15 11 6 5 3 3 3 3 5 7 21 24 25 27 23 9 0 3 1 1 1 1 1 1 1 1 1 1 1 1 1 1 1 1 1 1 1 1 0 1 2 4 6 7 7 7 8 7 7 7 9 9 9 8 7 6 7 7 4 7 4 3 8 7 6 9 8 0 0 15 32 1 123 185 18 41 7 11 3 164 128 13 17 30 3 19 36 8 9 4 0 7 2 2 4 7 4 9 8 8 5 7 6 6 1 8 4 9 7 5 7 5 9 5 5 0 11 0 9 6 2 0 3 6 10 25 7 37 51 7 25 18 3 35 27 28 12 49 49 21 3 25 26 11 30 39 0 0 8 24 32 33 33 36 35 36 41 35 48 44 50 48 58 60 72 67 60 59 73 81 96 79 138 194 178 192 167 102 10 0 7 2 1 14 9 4 7 4 7 5 7 11 7 9 6 18 22 3 28 40 1 18 23 9 28 145 209 186 183 186 187 187 181 181 180 175 174 173 169 178 143 61 14 2 26 107 170 169 168 161 160 162 141 148 145 148 143 157 156 94 25 0 6 4 3 1 2 0 2 5 1 11 17 42 24 34 138 201 185 190 191 185 192 186 182 166 144 153 116 100 88 124 155 125 153 133 147 150 180 172 198 211 198 224 220 216 204 191 211 197 178 197 148 139 170 164 144 155 193 188 212 216 214 223 211 211 218 206 183 161 150 153 160 172 152 30 0 5 5 4 2 3 3 13 7 41 179 220 218 219 216 213 216 222 219 220 219 212 
191 199 205 196 187 177 150 119 94 72 32 7 7 1 5 8 2 1 4 1 27 58 65 76 92 116 151 174 181 178 177 177 164 166 167 167 169 172 173 173 173 168 169 170 171 172 170 171 170 155 62 65 166 138 31 92 171 153 164 155 157 153 148 142 71 0 3 21 117 152 146 148 144 148 152 152 151 154 156 152 156 150 151 156 156 156 157 150 149 157 149 147 153 149 145 147 146 147 145 133 116 100 78 55 51 61 66 70 86 107 118 121 114 117 118 119 117 107 112 114 108 108 108 102 113 107 53 9 8 17 10 55 105 105 115 101 105 106 108 107 104 101 100 100 97 93 38 7 3 10 2 42 67 58 51 48 44 38 34 31 31 28 11 1 4 1 3 16 17 14 12 8 7 4 2 0 2 3 3 0 0 3 4 4 22 27 26 26 25 11 0 3 1 1 1 1 1 1 1 1 1 1 1 1 1 1 1 1 0 1 1 1 0 0 1 2 5 6 8 8 8 7 7 8 9 10 9 8 7 6 7 8 5 8 9 5 2 1 4 9 6 11 8 16 8 72 220 54 24 23 50 9 53 209 49 26 25 31 2 42 22 13 19 15 30 12 4 6 2 2 1 2 3 3 2 1 1 12 1 1 4 4 3 0 2 2 0 2 1 6 2 3 1 1 8 19 18 17 30 44 60 38 35 24 20 9 18 23 24 13 12 25 22 19 45 21 14 23 10 6 13 16 12 21 30 25 24 23 32 36 41 33 42 40 47 47 54 52 56 73 63 69 77 80 76 134 198 188 189 166 142 20 0 9 8 5 4 1 2 3 5 3 6 6 9 10 5 5 8 21 1 14 6 6 22 5 19 18 30 107 185 189 187 187 178 185 184 187 183 176 179 179 173 180 184 159 83 8 1 24 107 169 177 170 169 167 167 168 165 157 166 160 161 174 147 58 4 4 9 3 0 3 9 0 6 0 3 8 31 25 17 99 197 200 160 177 167 129 130 102 130 125 53 80 94 124 193 156 186 185 180 180 208 211 206 217 218 209 207 205 185 143 183 156 95 172 179 172 183 197 202 204 216 214 219 215 215 203 189 210 220 223 188 139 162 195 198 213 223 134 14 1 0 7 1 2 1 0 15 6 65 201 216 217 213 217 214 225 217 216 221 226 
195 178 143 119 95 90 95 113 134 173 148 33 1 1 2 0 15 28 56 78 105 134 154 176 189 188 182 177 178 180 176 169 174 174 174 173 173 174 174 173 176 165 173 175 169 178 178 166 160 120 39 133 174 83 38 148 166 160 167 159 158 159 154 139 38 1 5 43 139 149 148 154 154 151 151 153 156 158 157 151 155 153 158 152 148 157 148 146 148 155 146 146 151 139 139 150 140 116 82 45 21 14 15 13 8 8 9 13 18 26 50 78 106 120 111 105 109 103 99 106 106 106 101 94 99 107 73 17 3 7 6 23 79 101 103 97 98 97 96 95 93 92 90 89 87 85 51 7 2 4 9 32 68 58 51 44 39 34 32 29 28 29 19 5 3 2 1 6 7 5 3 1 0 2 3 5 1 3 6 8 11 14 18 19 25 30 26 25 27 16 1 1 1 1 1 1 1 1 1 1 1 1 1 1 1 1 1 1 0 0 1 1 1 0 0 0 3 5 7 8 9 8 8 9 10 9 8 8 8 8 8 7 8 7 8 8 4 4 5 4 8 14 17 3 0 60 67 9 2 6 31 4 169 131 29 20 9 27 25 3 7 12 4 43 43 20 10 5 13 11 10 12 11 3 7 4 1 3 7 9 0 6 6 5 0 9 4 7 4 1 11 14 13 36 17 21 24 16 21 13 42 42 11 24 14 54 15 53 60 38 19 33 54 49 44 15 9 14 7 2 6 15 19 21 22 21 26 33 27 34 39 32 38 36 42 43 48 58 70 60 63 71 69 65 105 196 185 183 178 166 49 1 7 10 3 7 9 0 2 10 5 3 4 5 6 6 3 4 11 14 1 15 17 14 3 12 36 18 21 37 144 187 188 182 185 180 177 178 180 182 182 180 180 178 177 176 168 100 13 1 9 91 167 180 172 173 168 173 166 169 172 167 162 156 165 171 108 15 0 9 10 0 4 4 0 11 7 1 5 27 28 8 63 124 119 155 173 84 81 65 120 184 129 154 187 172 204 205 204 208 208 220 214 213 219 209 175 176 180 134 180 171 171 186 158 186 213 216 214 221 209 214 214 202 197 217 213 155 129 191 218 219 223 206 210 223 224 211 216 205 89 5 7 1 2 3 3 2 8 13 3 95 214 217 218 223 213 215 221 222 218 221 
76 69 104 130 158 186 200 211 209 186 140 31 0 30 62 101 127 148 171 183 192 193 188 184 183 183 182 178 177 181 179 176 173 175 175 174 173 176 179 180 174 170 175 178 175 176 173 166 153 71 87 175 158 34 99 169 163 165 162 161 157 153 154 112 13 4 4 71 150 149 153 157 159 153 152 156 157 154 152 150 145 155 151 149 145 151 143 145 148 143 143 145 135 136 145 122 70 38 12 9 12 10 8 7 7 7 6 8 9 8 8 13 50 85 105 107 104 100 98 95 96 99 90 89 88 94 86 33 10 3 4 10 49 83 84 86 90 89 87 84 82 82 81 80 77 72 43 8 5 4 5 24 60 53 46 42 33 31 29 27 26 25 24 14 0 2 6 2 2 1 2 4 4 6 8 10 13 13 17 23 25 22 23 25 25 28 23 22 26 19 5 0 1 1 1 1 1 1 1 1 1 1 1 1 1 1 1 1 1 1 1 1 1 1 0 0 1 3 6 8 9 9 10 10 9 7 6 7 10 10 8 5 7 5 5 7 6 7 6 2 7 4 5 19 3 2 8 5 60 142 7 49 203 46 1 32 35 35 15 33 5 17 31 3 14 33 32 11 42 28 11 7 19 21 15 14 14 13 18 19 24 6 9 29 18 7 23 39 28 26 26 12 12 21 38 17 36 12 44 28 28 38 31 41 7 13 11 5 32 33 19 6 52 30 2 10 3 1 9 10 14 15 30 26 19 21 18 22 22 32 41 38 41 37 38 36 58 56 43 49 65 69 58 86 195 184 183 181 182 81 3 3 6 4 4 5 7 10 9 5 7 6 3 3 3 3 8 11 8 11 11 37 13 1 14 20 33 19 18 9 79 187 185 185 182 176 184 185 183 185 179 179 177 176 177 179 181 172 110 28 4 1 75 150 174 175 169 167 173 165 161 166 164 165 161 164 177 132 57 1 4 4 0 8 1 4 3 6 5 1 8 36 18 21 61 167 191 160 145 170 150 211 202 198 207 208 214 212 213 214 196 195 212 219 216 205 128 106 182 159 181 216 203 220 223 214 222 220 221 221 182 179 176 158 168 215 216 188 175 204 220 224 218 190 201 204 182 165 161 186 164 59 5 9 2 4 3 6 1 6 11 15 133 228 212 216 220 215 220 222 221 217 
5 54 195 207 192 178 156 139 114 106 113 102 38 91 188 183 187 190 182 180 185 185 187 191 184 185 184 180 179 181 180 177 177 180 182 181 180 180 180 180 174 181 173 174 180 172 171 179 129 56 149 183 84 40 162 175 165 165 164 159 157 153 140 55 1 4 3 94 156 155 159 156 157 153 156 159 157 153 152 152 152 154 138 151 154 149 149 145 143 146 145 143 143 139 106 49 14 9 8 11 15 24 37 45 51 49 35 20 12 10 7 5 4 24 70 104 106 97 102 95 89 91 85 88 81 80 84 47 6 8 9 6 19 59 81 73 74 76 77 75 73 72 73 76 75 64 23 4 7 7 2 33 54 51 46 42 34 28 27 24 23 20 26 18 0 0 7 1 1 4 7 10 13 14 14 16 29 24 22 24 23 20 21 26 27 27 24 23 23 21 9 0 1 1 1 1 1 1 1 1 1 1 1 1 1 1 1 1 1 1 1 1 1 1 1 0 1 2 4 6 9 10 10 10 8 6 5 7 10 11 9 6 6 7 6 5 6 6 6 7 2 4 4 8 9 8 12 1 22 151 184 179 128 1 38 13 38 9 7 5 10 17 33 23 15 36 35 9 28 15 18 12 38 28 2 31 48 27 6 18 24 26 35 24 13 19 39 20 28 25 22 2 15 17 18 31 3 24 48 10 14 16 21 14 29 16 3 31 41 40 7 14 0 4 6 5 6 17 6 18 22 11 21 17 17 28 25 29 27 34 39 39 40 37 36 37 42 44 46 43 60 49 72 192 190 187 178 184 121 1 1 6 7 2 8 6 3 10 6 1 4 5 3 6 5 1 5 7 10 5 15 34 45 46 18 18 7 60 52 13 24 139 198 185 180 176 183 183 178 180 181 182 169 182 174 179 177 180 176 116 32 8 0 48 132 170 174 160 163 164 164 163 153 161 158 163 166 136 134 99 12 17 16 3 2 0 2 4 5 4 3 6 21 34 14 70 177 200 194 204 210 196 211 210 204 218 206 193 173 187 170 128 161 208 216 221 196 171 205 221 212 220 221 222 215 199 201 217 222 225 197 165 184 177 185 215 220 227 228 221 200 205 190 131 149 187 146 120 151 187 191 165 57 6 2 1 5 0 7 3 7 12 32 169 223 212 219 222 217 211 226 221 
1 27 123 127 116 114 130 147 164 179 188 193 95 80 147 68 116 168 193 195 193 188 187 184 193 189 182 176 176 183 185 183 186 185 181 178 179 183 184 184 178 186 173 174 177 173 176 162 72 102 176 139 29 111 183 162 169 167 169 165 160 154 101 11 3 2 12 114 158 158 158 157 155 155 158 160 159 159 154 147 132 125 142 148 149 145 149 145 144 149 145 142 144 108 41 7 13 9 17 41 73 104 120 120 118 114 111 103 74 32 10 11 15 4 18 61 99 96 96 93 90 86 84 85 75 74 75 58 10 8 7 4 4 33 69 70 65 66 67 67 65 63 62 62 59 39 8 3 6 5 10 46 53 49 46 40 34 29 26 21 21 20 24 20 7 6 10 9 15 16 18 22 22 23 24 24 27 23 20 19 19 21 26 31 27 26 26 25 20 19 14 3 1 1 1 1 1 1 1 1 1 1 1 1 1 1 1 1 1 1 0 0 1 2 1 1 1 1 1 4 7 9 9 8 8 7 6 7 8 10 10 10 6 10 8 5 7 6 5 10 6 7 6 0 5 14 9 16 0 3 39 122 192 151 80 14 10 24 28 26 21 18 5 28 4 12 20 22 22 15 29 6 6 40 51 40 23 16 12 16 14 16 24 23 10 21 17 3 4 15 4 23 47 31 24 18 24 43 6 11 18 22 2 15 15 11 21 40 18 40 3 1 4 14 2 1 15 16 11 20 14 17 23 19 18 19 20 31 32 33 33 33 35 34 34 39 36 36 45 46 55 70 184 190 182 178 183 155 12 0 8 1 6 2 5 6 4 4 5 9 1 4 2 8 7 1 5 4 10 2 7 7 25 38 14 25 10 130 129 19 11 58 187 187 189 191 189 198 191 183 189 178 191 178 182 176 173 179 177 183 134 24 7 10 27 98 157 171 163 166 170 158 152 167 168 160 171 166 116 175 152 47 10 5 12 1 8 2 0 6 4 6 10 15 37 17 46 177 224 209 206 208 215 191 185 177 147 166 114 146 173 151 170 213 223 215 215 215 202 212 215 194 200 156 175 168 182 219 217 218 227 219 213 221 221 221 216 186 187 198 158 128 150 138 126 183 202 191 203 217 206 226 168 31 5 4 8 0 2 0 9 11 11 54 192 215 210 216 219 214 221 196 
55 92 124 151 179 195 201 208 203 201 199 194 133 23 21 4 28 94 130 143 154 164 183 193 187 191 190 184 184 188 188 186 188 186 184 183 185 186 186 182 179 182 178 182 172 176 176 118 57 158 166 73 55 169 173 168 172 165 163 167 156 141 46 1 7 1 23 127 157 157 155 160 160 159 158 157 160 163 151 133 49 62 154 154 149 147 143 145 149 138 143 144 115 52 8 16 13 24 67 117 136 127 121 125 123 125 117 112 114 100 55 14 5 10 7 26 85 92 88 93 91 79 81 77 70 71 69 69 44 5 3 6 5 6 31 50 67 64 60 60 60 58 51 45 33 4 3 5 5 0 22 50 49 44 41 36 32 30 28 25 22 25 25 23 20 15 17 21 26 25 23 22 21 21 23 23 21 22 24 23 23 23 22 20 20 19 24 24 16 18 19 8 1 1 1 1 1 1 1 1 1 1 1 1 1 1 1 1 2 1 0 0 1 1 1 1 2 0 0 2 6 8 8 7 8 8 7 6 7 8 11 14 6 10 6 4 10 7 2 6 7 8 3 5 5 0 11 1 10 8 0 2 28 135 93 5 25 21 30 18 18 30 3 1 7 17 5 6 8 21 37 8 20 0 23 36 39 29 28 15 12 6 8 35 20 40 11 24 32 25 43 31 24 14 47 16 32 33 10 22 9 27 26 16 20 39 33 5 9 1 20 21 10 4 10 18 22 11 17 12 13 20 12 14 25 21 18 25 29 29 29 32 34 31 30 34 34 37 47 43 66 183 196 179 177 177 169 25 0 8 0 4 1 9 6 3 5 3 5 6 7 6 0 4 7 5 14 16 17 8 4 12 6 4 20 9 38 185 183 47 7 25 128 200 190 197 172 157 124 116 171 188 186 182 187 188 187 188 184 179 95 16 4 3 13 93 175 173 176 174 179 169 175 175 173 176 174 181 152 136 196 186 87 17 5 8 5 3 6 2 0 4 1 2 13 36 24 25 136 209 208 211 203 158 131 131 149 198 186 189 206 214 214 216 218 202 152 146 184 174 174 151 184 158 163 201 213 221 223 223 208 191 178 196 190 167 178 152 157 156 149 121 153 191 181 200 220 223 219 219 217 205 212 129 20 5 0 7 4 1 4 3 9 12 86 207 217 210 215 219 218 178 
188 206 205 202 204 210 198 204 204 200 197 197 161 24 9 38 17 31 36 20 51 90 163 192 196 190 197 188 193 193 182 192 193 183 183 180 168 167 167 145 136 141 188 176 183 182 176 79 107 181 163 49 98 174 174 173 176 167 164 166 164 80 6 3 3 2 30 139 155 159 154 160 162 160 155 158 153 128 110 123 109 69 115 161 150 143 146 146 147 143 141 136 69 13 13 13 16 77 128 121 125 124 122 130 120 118 111 112 112 118 103 55 7 8 7 11 44 89 90 84 85 78 74 72 69 68 68 66 59 23 2 6 10 1 2 15 29 37 43 41 39 36 25 12 4 4 6 2 2 17 37 40 41 36 37 37 33 31 30 25 23 24 23 21 22 24 25 24 21 19 20 22 21 20 22 21 23 22 21 21 22 23 23 22 20 22 22 20 20 21 17 11 1 2 3 1 1 1 1 0 1 1 1 1 1 1 1 1 1 1 1 1 1 1 1 1 1 1 0 0 1 4 7 9 6 5 5 6 8 9 8 7 8 7 7 6 6 6 7 7 7 8 7 6 7 7 5 2 5 7 12 11 1 1 5 10 17 28 40 40 13 15 8 18 14 41 33 9 2 9 1 8 32 6 9 9 52 12 4 16 43 6 25 27 11 20 32 26 34 15 28 9 37 20 17 3 12 30 24 12 8 6 29 22 46 24 7 7 10 7 7 11 15 11 14 11 14 11 14 11 14 17 19 19 18 19 22 24 23 23 29 32 32 34 30 34 36 47 37 68 188 195 180 183 172 177 49 3 2 6 7 4 11 16 3 3 8 3 6 9 6 5 8 8 6 2 8 31 23 21 6 13 5 10 21 16 96 217 199 120 21 12 49 173 200 164 92 77 18 51 177 195 188 193 191 191 193 193 158 69 12 7 7 59 130 179 187 185 182 184 185 184 184 185 185 183 188 189 172 142 175 182 185 132 37 4 7 4 2 2 3 2 0 5 3 5 28 41 17 82 202 219 208 181 162 183 209 214 218 216 217 217 212 218 224 204 126 113 170 176 180 192 212 220 214 225 220 220 223 225 200 128 114 141 134 134 189 170 161 170 202 198 210 219 213 216 222 217 212 196 177 132 171 179 104 11 8 0 3 3 2 0 10 17 13 122 223 218 211 220 217 205 
127 154 205 209 201 197 208 202 203 200 193 173 98 8 17 71 53 51 56 51 77 122 155 190 193 188 192 192 189 194 199 192 186 180 166 161 108 125 154 97 74 98 176 186 180 182 158 63 154 183 149 32 69 73 50 130 180 174 169 171 118 7 6 3 7 0 43 155 157 159 162 154 155 159 156 157 116 42 29 80 151 134 123 148 154 152 154 145 141 143 135 122 37 12 11 9 64 137 134 122 123 118 114 126 122 127 121 117 116 117 113 94 24 6 6 6 25 82 92 80 81 80 78 77 72 67 65 63 64 45 20 2 0 5 6 2 3 6 8 7 7 6 4 0 2 0 2 8 19 32 38 31 38 36 35 34 33 30 29 27 23 24 23 21 22 23 24 22 21 18 19 21 19 19 20 20 20 20 19 19 20 20 20 20 21 23 22 20 20 22 18 13 2 2 3 2 2 1 1 1 1 1 1 1 1 1 1 1 2 2 1 1 1 1 1 1 2 1 0 0 1 3 5 6 7 6 6 7 7 8 8 8 8 7 7 7 6 6 6 6 7 8 7 6 6 7 6 3 3 5 2 3 13 17 14 11 17 1 1 26 29 7 5 26 15 16 15 7 23 23 23 10 47 14 1 14 11 20 25 13 8 11 21 15 43 20 56 20 15 27 15 7 3 37 12 23 34 10 7 27 41 4 22 34 11 6 3 3 7 8 8 6 10 10 12 15 13 14 12 10 11 13 16 18 18 19 23 26 30 31 30 27 32 24 29 35 38 38 77 199 192 184 175 176 173 55 0 6 4 0 12 11 8 13 9 3 6 7 5 10 0 6 5 1 4 13 8 1 6 37 26 39 9 6 9 33 166 201 205 187 64 4 30 113 199 183 171 147 30 119 195 185 200 189 195 201 188 116 34 12 10 35 111 178 192 191 195 188 189 191 193 192 190 190 190 190 186 196 188 136 162 195 186 197 186 68 7 10 6 5 10 0 0 9 4 1 3 20 41 27 46 188 228 210 215 221 215 215 209 205 191 168 172 202 218 219 193 195 201 205 225 222 228 220 227 188 183 220 220 221 220 158 136 119 155 184 216 216 205 217 223 215 216 226 219 231 217 177 141 124 145 117 147 199 192 85 2 10 5 0 5 5 5 9 12 29 160 219 214 217 214 216 
26 37 104 160 194 195 201 195 179 167 152 115 36 13 8 66 67 80 128 179 186 194 196 199 188 201 191 193 177 146 151 158 143 162 127 122 98 73 108 136 130 170 179 193 194 192 146 56 165 197 92 15 136 135 57 71 168 176 164 120 31 6 1 9 7 6 62 159 158 158 162 159 162 153 153 98 105 69 26 85 130 158 153 153 154 150 146 147 142 147 136 100 17 14 13 23 102 134 122 128 117 124 131 125 122 123 114 113 120 116 111 105 48 9 12 9 13 74 99 91 89 85 77 71 70 66 62 61 60 61 51 30 12 3 3 2 2 2 3 5 5 4 4 6 2 5 15 25 32 37 37 31 35 36 33 31 33 30 28 28 25 24 23 21 21 22 22 21 22 19 19 20 18 18 20 19 19 19 20 20 19 19 20 21 21 22 20 18 19 21 18 16 3 1 0 2 2 1 1 3 1 1 1 1 1 1 1 1 2 2 2 1 1 1 1 1 2 1 1 0 0 1 2 3 6 7 7 7 7 7 8 9 8 8 8 8 7 7 6 6 7 7 7 6 6 7 6 5 6 7 3 5 6 1 23 65 16 16 19 13 15 17 31 7 12 46 21 13 36 18 7 43 17 44 31 16 10 12 12 9 15 2 19 31 31 27 6 6 37 3 13 16 30 0 14 31 35 16 7 14 27 1 6 1 3 6 6 5 6 9 12 13 8 9 9 16 11 15 12 10 13 15 16 17 17 17 19 22 20 27 14 25 20 24 29 28 27 50 114 163 185 191 182 183 66 0 6 1 7 1 1 7 5 10 15 5 5 11 5 12 7 6 7 9 6 1 4 19 2 17 17 19 26 14 7 78 213 202 200 204 131 101 146 142 168 207 204 95 16 94 109 161 202 198 194 196 203 146 45 19 13 51 137 203 193 201 196 197 196 196 196 198 197 196 196 195 197 194 199 173 154 189 190 195 189 193 126 19 1 1 4 3 6 0 7 4 7 1 12 42 37 30 148 212 192 208 185 167 168 150 157 158 167 206 223 216 223 222 228 228 213 208 193 181 185 141 133 195 221 216 227 209 172 180 210 217 221 223 206 200 215 214 163 198 223 219 217 192 140 151 192 194 202 207 221 200 65 0 6 1 1 5 4 0 12 11 47 195 218 210 216 217 
37 79 75 54 58 85 103 143 141 130 139 134 117 116 43 41 120 145 172 200 199 191 193 190 188 139 132 152 140 120 145 116 124 120 123 169 143 131 156 186 199 191 174 149 126 163 171 65 124 142 74 68 117 183 169 126 114 100 93 58 7 1 44 72 3 0 79 173 161 157 159 147 147 118 88 106 69 125 123 139 125 123 153 157 150 154 149 147 138 144 135 83 16 10 9 30 114 129 127 133 133 129 125 127 122 126 126 125 124 117 115 116 64 5 3 5 12 77 97 90 87 85 77 73 75 72 65 62 57 56 54 49 38 21 11 7 2 1 2 1 1 0 3 5 16 23 32 37 34 33 34 37 32 35 32 30 34 30 26 29 25 24 23 23 23 22 21 20 24 21 22 23 21 20 20 19 19 20 21 21 20 20 21 22 21 21 19 17 17 18 17 16 7 2 0 2 2 0 0 3 1 1 1 1 1 1 1 1 2 2 2 1 1 1 1 1 2 1 1 1 1 1 1 1 5 6 7 7 7 7 8 9 8 8 8 8 8 7 6 6 7 7 7 6 6 7 7 6 7 8 4 3 6 1 1 6 2 13 19 18 29 15 15 10 6 18 9 26 22 11 9 19 18 19 29 32 22 7 23 41 13 7 25 34 14 29 29 9 32 29 9 19 20 1 17 3 15 12 1 8 11 6 9 4 5 6 11 15 14 9 7 8 10 9 8 12 9 13 13 12 16 17 17 16 15 15 16 16 21 20 31 17 21 22 32 25 75 83 59 73 118 154 184 94 5 0 8 7 2 4 11 4 2 8 12 6 6 8 4 9 3 5 5 8 9 9 11 13 18 12 5 3 9 13 20 161 207 206 202 203 187 153 209 201 167 196 207 129 112 149 174 198 206 203 204 208 203 206 162 67 16 17 82 196 209 191 203 198 202 199 198 201 203 201 199 197 196 201 199 191 155 178 197 195 193 160 189 166 61 1 4 7 3 4 4 2 0 3 7 5 36 32 18 87 177 195 161 124 165 177 198 215 222 219 217 227 224 217 208 198 167 159 142 139 148 151 141 179 214 212 219 217 221 223 219 224 195 163 171 140 158 159 99 146 212 217 221 214 219 219 219 219 216 223 217 221 175 39 0 7 0 0 4 5 5 17 5 85 213 213 217 212 
93 86 86 90 47 56 91 142 150 158 174 182 200 211 128 26 98 177 168 166 187 178 149 140 142 97 86 104 160 124 139 141 188 166 172 198 194 192 197 180 132 144 147 60 66 175 201 121 40 79 159 150 63 160 183 120 69 53 28 55 60 29 140 101 0 8 97 165 166 172 130 93 86 91 82 83 80 142 148 113 29 82 152 143 146 153 142 150 137 137 138 90 18 10 9 21 106 135 130 123 125 128 128 129 123 107 90 78 71 75 84 88 44 6 9 7 18 79 93 91 88 87 80 75 71 68 63 59 59 61 60 54 52 51 45 37 27 25 22 18 17 21 25 29 33 34 35 36 36 32 32 35 31 35 33 31 33 30 26 28 26 25 24 24 25 23 22 21 23 20 22 24 21 20 20 18 18 19 20 20 19 19 19 20 21 20 18 16 15 15 15 16 10 4 0 1 3 0 0 3 1 1 1 1 1 1 1 1 2 2 2 1 1 1 1 1 1 1 1 1 1 1 1 1 2 4 6 7 7 6 7 7 8 8 8 8 8 8 7 6 7 7 7 7 7 7 7 7 4 5 9 9 6 5 7 7 6 1 7 1 1 13 21 11 7 11 3 11 35 17 15 13 44 6 9 38 17 21 9 13 4 16 20 34 0 21 44 14 27 41 5 5 28 2 8 6 16 16 7 11 6 1 4 5 8 7 9 13 14 12 10 9 12 9 11 9 11 10 13 10 14 14 15 15 15 16 17 17 22 17 14 21 29 17 15 121 167 123 85 56 54 129 119 7 6 6 0 13 7 3 20 9 1 5 3 7 7 1 3 4 1 7 2 1 7 17 19 2 15 9 18 23 22 7 82 203 198 203 204 205 211 159 177 212 184 178 207 203 214 217 216 192 189 200 202 208 203 201 209 185 91 18 19 98 186 201 199 202 204 203 203 204 204 204 203 204 203 204 205 202 162 172 202 205 205 181 148 183 185 106 8 4 8 2 2 0 4 8 1 5 5 35 46 26 48 166 227 189 212 221 218 212 201 206 215 191 161 197 165 142 160 143 156 180 193 212 209 211 217 221 222 199 178 204 217 226 202 150 156 150 153 166 176 181 211 219 213 223 219 216 218 223 210 199 167 166 186 130 18 6 8 1 0 5 1 4 19 11 118 227 203 215 
109 86 90 128 162 178 182 193 201 201 201 206 195 195 175 30 59 161 88 85 106 117 143 147 129 132 121 163 185 192 177 189 196 194 200 189 150 180 198 151 48 82 165 155 78 158 188 156 19 92 196 175 96 90 146 76 64 1 5 7 68 86 136 79 0 11 121 161 133 147 110 92 119 63 150 129 108 88 94 119 71 35 80 134 154 149 151 144 147 136 139 107 18 8 15 12 82 134 121 122 125 134 113 79 55 31 16 10 10 16 14 9 8 4 11 4 23 85 93 90 94 89 85 81 75 74 70 60 57 59 56 47 45 49 51 49 46 46 43 39 37 38 41 41 37 37 33 32 33 32 30 33 31 33 33 32 32 30 28 29 27 25 24 26 27 25 22 21 21 19 21 23 20 19 19 17 18 19 19 19 19 19 19 19 20 20 18 16 15 15 15 15 12 7 2 1 2 1 0 2 1 1 1 1 1 1 1 1 1 1 1 1 1 1 1 1 1 1 1 1 1 1 1 1 0 2 3 6 6 6 6 6 8 8 8 8 8 8 7 7 7 7 7 8 8 6 7 8 10 1 4 12 9 5 5 3 5 3 4 4 6 10 1 7 8 10 7 9 9 3 11 13 26 15 10 11 5 25 2 11 16 5 33 32 15 3 6 7 13 28 8 4 13 13 5 9 2 5 7 2 8 4 11 6 12 11 8 5 9 15 16 12 12 8 13 9 12 8 12 7 13 13 13 13 14 16 16 17 16 17 20 29 13 29 142 185 162 189 169 70 64 100 12 15 0 16 7 11 17 4 7 6 3 5 1 9 8 0 5 3 5 6 3 7 6 6 15 12 15 7 11 11 18 14 174 211 202 201 203 200 207 196 168 200 201 169 197 217 186 164 211 189 95 176 222 206 211 208 200 207 200 104 25 19 77 170 196 200 201 205 207 207 207 208 211 211 195 170 160 201 186 163 199 202 204 209 194 197 207 207 146 31 3 10 11 1 5 0 1 4 1 16 21 44 27 47 153 237 217 212 218 218 166 142 165 144 106 167 178 153 210 190 201 220 218 220 219 223 220 205 189 174 122 176 224 218 225 202 180 201 206 210 225 214 218 186 169 198 217 195 188 180 168 158 139 119 153 195 101 8 6 5 0 2 2 8 11 17 21 161 219 218 
146 127 135 160 200 215 214 206 204 211 200 170 128 166 204 64 19 139 97 107 109 113 152 141 178 199 211 200 185 147 169 197 192 194 187 150 57 156 199 178 118 50 102 193 126 140 133 125 96 70 170 194 153 65 71 89 72 2 1 8 76 71 138 77 2 16 139 133 74 153 143 102 81 105 167 161 64 44 43 79 129 102 110 150 152 137 142 148 146 137 135 121 44 9 14 10 45 117 127 133 130 98 43 12 8 4 5 5 7 6 3 11 13 10 9 7 42 103 105 95 90 87 88 82 68 70 73 67 69 62 54 54 56 56 51 45 49 47 45 46 43 40 37 35 34 38 35 32 32 31 29 31 31 30 31 31 29 29 31 30 30 27 25 27 28 25 21 20 21 18 19 21 18 18 19 18 20 20 20 20 20 20 19 18 18 19 17 17 16 16 16 16 16 10 5 2 2 3 1 1 1 1 1 1 1 1 1 1 1 1 1 1 1 2 2 2 1 1 1 1 1 1 1 1 1 1 1 3 5 7 7 7 7 7 7 7 7 7 8 8 7 7 8 9 8 6 6 8 6 11 10 3 3 10 10 6 7 3 6 8 0 3 6 5 3 4 5 16 2 8 7 6 6 3 25 22 14 8 4 10 6 15 17 36 15 16 4 9 6 1 6 7 3 4 4 3 6 1 4 8 13 4 9 11 4 7 9 10 12 13 9 4 13 10 10 10 9 9 10 8 14 13 12 12 13 14 14 14 19 15 17 8 45 161 194 145 161 194 169 126 62 51 28 20 7 5 4 10 10 2 6 0 5 4 5 9 7 4 6 5 0 5 3 7 9 13 20 3 8 14 7 19 9 85 204 200 201 198 203 207 204 207 175 170 216 192 168 213 174 89 147 136 54 102 200 214 208 207 208 204 203 124 34 30 15 103 200 201 201 205 206 209 211 210 203 192 160 144 123 181 207 177 199 215 205 203 209 192 184 177 181 161 57 3 5 5 2 10 4 0 8 1 3 10 46 44 23 110 199 215 211 219 200 144 141 180 189 195 208 180 220 220 223 223 216 221 223 225 222 180 132 133 164 170 209 216 222 228 215 221 219 225 219 221 215 159 152 183 184 136 125 153 150 149 185 181 190 219 196 72 10 4 4 6 0 4 4 10 18 43 196 219 
207 192 187 187 200 194 191 196 160 137 154 169 123 135 160 80 9 142 168 147 166 193 199 192 201 181 148 181 165 56 58 176 175 94 127 89 32 123 198 198 166 110 161 191 181 161 141 171 186 93 99 191 185 116 27 36 88 79 62 84 80 106 164 40 0 39 157 134 73 117 107 154 149 146 107 130 120 47 52 105 129 155 151 153 146 152 142 146 140 139 142 138 91 15 10 16 10 52 127 131 80 25 7 8 10 24 48 68 80 54 14 9 5 8 9 6 28 77 90 94 98 93 85 55 18 20 49 64 62 66 68 62 58 54 51 48 48 42 39 43 41 36 36 40 35 39 35 30 36 35 29 28 31 28 30 30 26 29 33 32 32 29 26 27 28 25 20 19 22 18 18 19 17 18 20 20 20 19 19 19 19 19 18 17 17 18 17 17 18 16 16 16 18 12 6 2 2 4 2 1 1 1 1 1 1 1 1 1 0 1 1 1 2 2 2 2 2 1 1 0 0 0 1 1 2 1 0 1 3 7 8 9 7 7 7 7 7 7 8 9 7 7 8 10 9 6 6 7 8 10 5 7 16 10 1 7 7 9 5 10 10 4 8 4 5 3 4 0 7 4 2 4 6 2 7 1 2 5 9 4 6 3 1 7 1 4 6 5 5 6 3 5 5 4 10 8 5 11 7 10 4 11 10 10 11 8 9 15 15 10 9 12 14 11 6 9 3 9 9 10 12 11 10 11 13 14 14 14 20 11 15 87 176 176 153 179 194 145 128 63 29 59 40 21 1 6 1 6 2 4 7 3 4 1 9 5 2 7 4 6 4 8 2 4 7 16 31 18 19 14 15 17 32 173 213 199 201 204 198 207 211 209 199 143 133 96 92 194 219 129 56 54 76 118 210 213 209 211 211 191 118 47 20 42 117 180 202 208 206 207 205 208 214 208 185 159 159 148 180 209 203 204 212 211 209 205 208 185 149 171 148 164 183 111 12 7 6 1 2 2 1 4 2 7 4 34 58 30 72 189 228 209 217 206 192 216 222 216 214 216 214 207 210 196 148 185 217 219 224 201 150 142 195 213 214 228 222 221 225 226 222 220 221 223 220 203 175 147 156 171 129 149 183 201 221 218 220 211 227 172 38 10 0 3 4 1 1 8 14 10 79 216 
208 193 167 189 171 116 184 188 109 85 110 185 178 135 163 141 15 86 200 211 194 200 202 206 193 101 57 119 187 153 71 118 168 104 177 155 111 158 203 193 202 171 177 181 124 182 192 194 188 157 71 158 193 151 31 0 11 61 100 112 130 174 127 49 23 44 166 170 135 98 147 151 137 147 38 24 72 112 120 155 154 145 150 158 150 149 148 143 141 149 138 138 138 66 8 17 14 8 41 68 14 8 12 21 75 113 135 130 100 49 12 8 12 6 4 7 10 14 26 44 50 38 25 10 3 1 7 35 64 65 64 61 59 59 55 50 46 52 47 50 37 42 36 37 39 38 37 38 37 35 30 27 29 32 30 31 30 30 34 32 33 33 31 28 27 25 23 21 18 16 18 20 21 20 18 19 16 16 18 19 20 20 20 19 21 19 17 16 17 18 17 17 13 16 7 0 1 3 1 2 1 1 1 1 1 1 1 1 1 1 1 1 1 1 1 1 1 1 1 1 1 1 1 1 1 1 0 0 1 2 4 5 7 7 7 7 7 7 7 7 8 8 8 7 7 7 6 6 10 11 11 11 10 9 8 8 8 9 9 8 7 6 7 8 8 7 7 6 6 5 5 4 5 5 5 5 5 5 5 5 5 6 5 4 5 6 5 3 5 9 5 8 6 9 6 10 9 8 9 9 7 8 11 10 14 15 13 10 9 10 11 12 6 11 12 10 11 12 10 8 9 11 8 11 13 12 14 16 3 27 136 198 186 169 163 165 113 72 77 23 27 61 56 13 5 4 3 4 5 5 3 0 6 3 7 0 5 1 0 7 9 19 12 7 4 9 10 24 11 13 24 12 88 201 205 196 201 202 206 205 204 210 205 184 64 18 25 136 216 199 157 172 196 214 216 215 215 206 164 82 31 18 72 155 206 207 209 208 206 213 212 215 204 172 166 157 160 194 217 208 212 207 182 190 207 211 206 209 179 182 196 198 201 219 154 35 3 4 3 2 5 1 3 0 7 5 28 57 39 60 176 226 212 220 228 218 213 206 193 211 185 136 164 158 109 125 208 221 219 221 215 211 212 218 223 218 215 223 186 189 209 223 222 217 222 214 187 164 189 221 205 164 180 217 219 215 215 214 209 227 142 25 3 3 4 2 4 0 10 17 16 121 
186 142 119 193 182 100 144 206 167 175 174 187 195 198 204 200 87 15 141 207 197 200 204 197 193 153 84 92 185 152 83 100 189 182 194 196 203 199 184 103 108 147 94 100 74 172 194 192 187 189 115 83 162 81 2 2 11 99 171 171 187 136 107 166 140 85 155 179 176 174 142 149 86 114 80 66 121 138 166 149 154 157 155 145 152 150 147 151 148 142 153 138 133 123 49 7 11 17 5 15 18 13 6 49 104 95 80 49 15 6 10 10 6 26 26 6 4 9 7 4 5 4 4 7 8 6 21 54 74 69 63 62 60 57 52 48 47 50 46 48 41 45 40 40 43 40 37 36 36 35 33 31 28 30 29 31 30 27 30 29 33 33 31 30 27 26 24 23 23 20 19 19 19 19 19 20 18 18 18 19 20 20 19 18 21 20 20 19 19 18 16 15 16 17 11 4 1 2 2 2 1 1 1 1 1 1 1 1 1 1 1 1 1 1 1 1 1 1 1 1 1 1 1 1 2 1 1 0 1 1 3 3 7 7 7 6 6 7 7 8 7 7 7 8 8 9 9 9 9 10 11 11 11 10 10 11 10 10 9 9 9 9 9 9 9 8 8 8 8 7 7 7 8 8 8 8 8 8 8 8 8 6 8 11 8 4 6 13 13 12 10 12 9 9 10 12 10 8 9 11 10 11 12 10 12 12 10 8 8 9 10 9 10 10 8 6 6 8 11 13 7 13 7 10 14 13 12 2 74 169 199 186 177 160 95 32 49 42 15 24 44 65 65 3 4 5 6 6 4 3 7 13 7 3 3 3 9 8 9 0 7 13 13 19 15 23 21 5 15 6 20 20 171 212 198 209 204 199 204 210 207 208 209 204 142 43 31 64 183 210 214 213 219 226 178 179 213 154 52 26 19 87 191 210 202 211 211 207 212 215 215 185 160 170 152 177 212 216 207 220 199 160 164 163 175 215 214 212 208 212 202 199 191 203 198 149 62 6 12 5 0 4 8 8 0 4 4 10 53 43 32 141 216 207 187 201 165 148 203 172 175 160 177 193 202 156 174 218 219 222 225 221 201 156 200 187 172 162 143 131 178 208 221 215 216 219 214 210 215 222 220 210 215 221 216 219 216 212 213 210 213 103 16 7 4 0 2 6 1 5 32 32 
154 163 125 161 211 166 162 201 193 201 188 130 177 209 205 203 166 31 50 177 205 199 203 205 209 179 72 78 163 156 136 190 210 178 164 194 194 206 142 24 26 65 123 58 74 159 182 188 183 188 154 39 23 4 7 7 61 178 177 186 150 53 118 180 137 89 168 157 142 159 120 87 102 61 127 147 169 160 154 163 154 161 159 149 154 155 152 147 150 155 136 134 128 142 110 55 12 10 10 12 6 12 8 15 17 12 7 8 11 6 5 12 52 94 99 63 32 12 2 9 4 8 3 6 22 41 63 80 73 67 63 64 61 57 54 54 54 53 49 47 45 46 43 41 43 40 36 35 36 36 34 32 32 32 28 31 30 26 28 29 30 30 30 30 29 29 28 27 25 22 20 19 19 19 21 21 20 19 18 19 21 20 19 18 20 21 21 21 19 18 16 16 18 17 14 8 2 0 3 2 1 1 1 1 1 1 1 1 1 1 1 1 1 1 1 1 1 1 1 1 1 1 0 0 2 1 1 1 1 1 1 1 5 6 6 7 7 7 7 7 8 8 8 8 8 8 8 8 9 10 11 11 11 10 10 11 12 11 9 9 10 11 10 9 9 9 9 9 9 9 9 9 10 10 10 10 10 10 10 10 8 10 11 9 10 11 9 5 11 5 10 13 12 9 12 11 12 9 10 12 13 14 13 9 9 9 8 7 8 9 9 8 10 6 7 10 10 9 7 4 12 5 11 16 15 0 27 123 194 191 178 172 130 56 54 63 24 6 31 25 47 86 71 0 4 5 7 6 3 3 9 17 3 6 9 8 2 0 15 5 10 26 4 4 26 25 21 40 1 13 11 92 213 204 199 207 208 201 204 210 207 206 210 210 196 92 27 25 127 211 209 162 174 189 91 147 215 195 120 41 20 72 187 209 208 217 201 224 216 207 165 148 181 178 192 213 212 211 212 179 159 194 199 152 168 207 206 212 218 201 160 151 170 172 182 141 159 104 10 4 11 0 2 0 3 3 5 7 7 50 54 23 105 201 119 157 181 168 218 190 200 213 213 217 226 201 205 229 218 225 199 182 188 147 156 160 133 147 191 184 194 214 221 215 215 217 218 221 222 216 221 223 220 221 217 215 217 210 218 214 217 208 68 11 4 4 5 2 5 1 17 13 
158 193 179 182 186 179 191 188 163 174 164 88 153 208 205 203 200 112 3 116 206 197 198 208 206 201 178 186 178 208 184 134 117 93 168 210 199 193 92 79 136 125 155 178 173 190 194 188 175 128 46 9 1 2 4 15 52 157 182 150 48 1 12 73 119 155 160 84 92 68 140 123 93 121 171 163 162 158 155 161 163 157 153 159 146 153 151 105 82 104 143 142 143 129 134 124 93 49 19 14 10 7 7 8 5 7 5 6 15 24 49 86 115 122 117 107 103 85 65 60 45 58 58 65 81 87 89 77 69 70 71 68 61 57 57 59 56 54 53 49 48 46 44 42 43 41 38 38 39 38 35 32 37 34 30 32 32 28 30 32 31 31 30 29 29 28 28 28 24 22 22 21 20 21 21 21 22 20 19 19 20 21 20 18 20 21 21 19 17 17 18 20 17 16 17 12 2 0 1 1 1 1 1 1 1 1 1 1 1 1 1 1 1 1 1 1 2 1 1 1 1 1 0 0 1 1 1 1 1 1 0 0 1 3 5 8 8 8 7 6 6 6 7 7 7 8 8 8 9 10 10 10 9 8 8 9 12 11 10 10 10 10 10 10 9 9 9 9 9 9 9 9 10 10 10 10 10 10 10 10 10 11 9 8 9 13 12 8 16 3 7 10 12 9 15 12 13 11 11 13 12 12 11 7 8 7 7 7 9 11 11 8 10 6 7 9 8 10 13 11 6 12 15 1 3 76 171 197 179 193 164 99 56 95 97 96 73 71 80 43 49 143 37 1 5 5 4 3 4 5 7 7 7 6 7 6 6 3 12 5 1 7 9 9 14 11 13 34 10 17 43 189 204 196 209 203 207 205 205 205 206 210 210 203 206 160 53 21 56 172 207 173 127 94 70 197 207 219 209 154 54 19 62 161 208 213 215 199 206 182 119 160 205 202 216 210 220 212 172 165 200 183 157 192 215 215 206 213 208 185 147 129 151 161 179 175 163 212 159 29 1 11 10 4 2 10 0 5 4 13 38 58 22 77 168 170 208 205 215 228 223 224 222 195 203 211 196 200 159 156 173 115 148 199 178 194 191 195 218 223 223 219 214 217 221 217 213 216 220 215 219 216 214 222 222 216 212 219 215 217 205 225 174 44 8 1 1 0 2 6 7 15 
182 205 190 191 154 142 149 124 133 104 140 157 153 189 202 202 203 161 26 67 199 203 202 200 176 147 164 182 115 199 210 170 70 88 208 192 195 195 143 179 204 201 199 202 198 185 150 102 43 4 6 3 7 3 52 92 36 88 148 44 2 2 32 122 132 139 152 74 76 19 69 166 170 174 165 168 167 161 173 166 162 157 157 89 70 65 118 56 60 53 103 131 146 146 135 141 137 130 104 78 66 50 37 28 32 35 52 70 85 110 125 118 117 116 119 121 118 115 113 106 99 100 95 97 93 81 84 84 75 79 78 69 61 59 60 60 56 55 55 53 50 49 49 48 46 44 43 42 41 40 37 35 37 35 31 35 34 30 33 34 34 33 31 29 27 27 27 28 26 25 23 21 21 21 21 21 21 19 18 19 21 22 21 20 19 20 21 19 17 17 18 20 16 14 18 15 5 0 1 2 1 1 1 1 1 1 1 1 1 1 1 1 1 1 1 1 1 1 1 1 1 1 1 1 0 0 1 1 1 1 1 0 0 1 2 4 6 6 6 6 5 5 6 7 8 9 10 10 9 10 10 10 9 8 8 9 10 11 10 9 8 8 9 10 9 9 9 9 9 9 9 9 10 10 10 10 10 10 10 10 12 6 7 12 9 3 11 28 27 9 8 8 10 9 17 14 14 12 13 12 9 8 8 6 6 6 6 7 9 12 12 9 4 7 9 9 7 7 6 5 10 3 3 35 141 197 185 187 194 115 54 92 116 53 21 19 53 55 69 72 90 74 0 6 5 7 5 1 2 6 6 1 6 5 11 8 13 7 5 13 10 14 23 8 9 17 10 15 31 6 120 221 198 200 210 204 204 207 208 205 207 213 213 205 209 204 119 21 22 102 203 217 210 134 43 102 146 196 215 210 165 78 21 53 133 191 190 171 180 154 179 211 214 219 210 220 200 161 183 203 167 169 204 211 211 209 212 216 209 200 171 142 167 200 199 203 205 203 210 182 60 2 7 6 6 0 8 1 5 0 3 38 64 32 53 179 223 212 220 218 217 198 189 173 125 150 158 160 143 126 170 172 131 179 209 215 224 223 223 216 223 216 214 220 222 217 216 222 222 218 220 220 222 222 216 218 215 221 215 212 213 208 228 141 21 8 4 3 1 2 4 5 
135 176 172 165 168 118 142 187 159 169 195 207 200 211 208 205 202 190 56 48 187 208 200 197 92 29 140 210 100 94 147 187 177 159 202 199 200 194 201 203 193 186 158 129 93 56 21 1 1 16 42 96 111 22 139 203 113 15 34 1 3 36 138 140 54 76 111 100 62 89 151 170 172 173 172 173 162 176 140 150 167 162 152 82 39 30 97 103 39 59 112 125 127 109 62 95 146 140 136 142 141 129 123 117 115 123 131 131 124 124 126 122 125 116 116 118 111 110 110 102 100 100 98 94 86 75 76 76 78 78 72 63 62 67 68 63 59 59 57 59 54 53 51 51 50 47 44 42 40 39 40 39 36 35 33 37 36 32 32 31 32 31 29 28 28 29 30 31 30 29 27 23 20 20 21 22 21 20 20 20 21 21 21 21 19 21 22 22 19 17 16 16 16 16 18 17 9 2 1 3 1 1 1 1 1 1 1 1 1 1 1 1 1 1 1 1 1 1 1 1 1 1 1 1 0 0 0 1 1 1 1 1 2 1 0 0 1 4 6 8 8 8 8 8 8 8 8 8 8 9 9 10 9 10 10 11 11 11 11 10 8 8 10 11 9 9 9 9 9 9 9 9 10 10 10 10 10 10 10 10 10 7 8 13 11 5 9 18 19 8 7 9 11 11 14 11 13 11 12 11 7 6 7 5 5 6 6 6 8 10 10 9 8 8 5 7 12 11 8 8 5 29 111 178 183 180 193 136 74 28 34 46 8 27 20 29 42 38 32 43 73 1 15 0 5 9 9 3 1 5 7 6 4 4 12 4 8 4 5 26 29 6 11 6 10 23 16 5 6 39 191 208 202 205 208 207 206 209 210 208 206 207 210 213 209 212 182 51 23 42 148 214 198 145 143 170 192 212 215 214 215 194 117 48 28 60 117 161 161 202 217 209 219 212 212 181 168 203 191 158 181 209 210 217 212 214 214 209 208 216 208 200 208 211 212 213 206 218 158 158 220 101 7 5 11 5 0 4 1 9 5 1 21 55 52 29 141 210 204 186 198 150 131 170 133 116 169 184 194 203 213 217 207 193 226 223 212 219 228 220 217 219 221 220 218 217 219 220 219 219 219 218 223 220 212 217 219 214 217 214 209 216 214 216 101 19 1 2 5 0 0 10 
115 171 203 182 200 174 193 206 212 211 212 205 207 201 204 202 198 208 76 35 178 207 197 202 129 47 129 164 156 110 158 194 208 210 195 200 192 171 154 122 104 60 29 6 4 1 7 27 73 126 168 195 143 56 61 122 56 1 5 3 36 147 180 174 137 117 67 144 190 175 177 171 173 153 167 162 82 95 85 36 78 150 169 131 42 78 98 133 96 91 107 34 83 102 30 45 90 134 137 128 132 132 132 139 130 129 125 128 131 121 117 125 124 114 115 118 114 110 108 110 97 96 94 87 86 92 88 80 81 79 74 69 70 75 75 72 67 66 60 63 56 59 54 56 53 53 50 46 41 41 42 43 38 39 36 36 36 34 34 31 28 28 28 29 30 31 33 33 32 32 30 26 24 24 24 23 23 23 22 21 21 20 21 23 20 21 22 22 20 18 16 16 15 17 17 18 14 5 0 3 1 1 1 1 1 1 1 1 1 1 1 1 1 1 1 1 1 1 1 1 1 2 2 2 1 1 1 1 1 1 1 1 2 1 0 0 0 2 4 5 9 9 9 8 8 7 7 7 8 8 9 9 9 9 10 11 11 10 10 9 8 8 9 10 7 7 7 8 8 8 8 9 10 10 10 10 10 10 10 10 7 10 11 10 11 14 9 1 6 6 6 11 11 12 10 10 11 9 11 12 9 9 8 5 6 7 6 5 6 7 8 7 4 10 10 12 12 1 1 18 86 161 188 175 191 148 80 25 19 25 22 10 29 38 15 47 16 29 12 79 49 1 0 19 5 7 9 7 5 4 6 8 12 2 1 1 8 10 14 18 16 16 8 17 45 27 9 18 9 130 218 204 206 208 212 211 210 211 211 210 208 204 207 214 210 210 212 122 39 22 89 203 212 210 225 221 218 210 223 214 213 207 210 151 55 26 46 91 195 215 209 217 220 203 169 179 209 180 152 195 222 207 214 214 210 209 213 213 214 214 210 215 205 195 213 174 158 174 135 112 178 222 143 25 1 10 6 0 3 3 1 9 1 10 48 54 29 102 188 162 123 176 154 153 197 204 210 212 217 217 219 215 217 217 216 225 226 222 213 218 216 217 219 219 218 221 221 218 218 219 221 216 217 221 219 220 217 219 216 215 214 209 217 222 202 63 3 2 1 3 4 4 
194 197 204 211 206 213 207 206 204 205 200 207 203 209 207 202 203 207 110 28 183 213 205 211 198 117 121 174 200 195 180 173 150 132 107 78 59 29 11 4 0 0 0 11 42 75 113 166 187 193 185 140 84 140 32 76 52 2 6 31 141 178 179 180 183 143 159 181 177 163 183 168 68 52 139 164 71 49 103 49 94 118 179 159 141 138 115 111 75 142 132 66 71 138 72 32 70 119 134 134 132 132 132 134 131 125 131 135 125 126 130 124 120 120 115 113 117 117 112 113 102 93 94 92 95 99 91 86 91 89 86 83 79 76 74 72 70 68 59 65 58 64 59 62 57 58 57 54 50 46 46 47 43 43 37 35 34 35 37 34 30 30 31 31 31 31 30 30 31 32 33 31 28 27 25 23 23 24 24 22 20 19 20 23 21 21 21 20 19 19 19 19 15 18 17 16 17 6 0 2 1 1 1 1 1 1 1 1 1 1 1 1 1 1 1 1 0 1 1 1 2 2 2 2 2 1 1 0 0 1 1 1 1 1 2 2 2 1 1 1 4 5 6 7 8 9 10 10 8 9 9 9 8 8 8 9 11 9 7 7 8 8 8 8 5 6 6 7 7 8 8 9 10 10 10 10 10 10 10 10 9 10 10 9 10 11 12 12 9 13 8 11 8 12 10 16 9 7 9 12 12 12 10 6 8 8 8 5 5 6 6 6 5 14 9 1 3 21 85 164 179 175 159 144 103 20 18 25 20 10 23 42 14 22 37 56 39 7 49 122 73 7 7 4 5 3 5 11 10 4 2 5 6 3 4 9 11 9 20 11 16 20 10 13 18 2 18 28 66 197 208 205 208 210 207 208 210 212 211 210 212 211 210 212 214 207 215 191 76 32 31 144 219 211 213 152 121 141 161 216 213 219 210 211 168 83 24 39 128 194 217 219 187 156 196 205 174 169 205 219 208 213 214 214 214 206 215 215 210 213 211 207 164 132 144 120 123 161 150 138 164 213 220 179 53 4 4 6 5 0 6 0 6 3 10 51 61 22 83 185 176 194 209 212 216 219 212 224 215 219 216 220 223 219 222 220 219 224 224 219 222 217 218 221 220 217 217 217 220 212 217 220 216 216 217 219 216 222 217 216 216 219 212 214 226 167 42 7 4 0 2 1 
209 212 211 212 210 210 215 213 214 214 213 209 217 211 214 207 204 196 80 6 129 178 162 145 129 96 94 84 72 45 31 23 7 0 3 2 0 6 9 31 49 62 107 145 170 193 195 193 186 191 129 24 105 197 108 30 12 5 1 49 172 181 186 182 182 190 184 187 132 46 143 152 54 59 76 175 155 76 120 125 113 103 150 167 162 149 54 32 31 108 166 129 95 149 133 107 144 142 136 136 134 136 141 138 138 135 137 134 134 131 126 127 120 130 127 113 121 116 110 113 106 100 99 101 99 93 92 97 90 88 84 84 83 80 77 72 69 67 67 69 68 66 58 61 55 59 60 55 50 49 49 48 43 43 41 41 44 42 35 33 37 34 30 30 32 34 32 29 36 31 29 32 35 33 27 25 20 21 23 20 19 22 19 21 21 28 16 22 26 13 15 18 15 14 14 10 3 3 5 3 1 1 1 1 1 1 1 1 1 1 1 1 1 1 1 1 0 0 1 1 1 1 2 2 2 1 1 1 1 1 1 1 1 1 1 1 1 1 1 1 1 2 3 4 6 8 11 12 9 9 9 9 8 7 7 6 4 3 6 8 7 8 10 8 8 7 7 5 5 6 8 9 7 9 9 7 7 9 10 9 8 10 12 12 11 9 8 7 9 9 10 10 10 10 11 12 10 11 6 7 6 20 17 8 5 12 8 6 5 3 9 7 3 3 0 29 86 159 185 176 164 138 89 33 27 13 18 6 20 21 20 44 27 40 45 36 4 53 94 93 128 2 1 1 5 4 6 8 18 10 5 3 7 0 8 7 7 17 11 14 6 6 9 18 19 11 33 20 151 214 200 204 205 213 210 213 211 213 212 210 211 214 214 212 212 210 206 211 149 33 23 67 193 226 166 96 190 196 109 155 217 213 212 213 214 182 104 33 32 87 183 170 164 205 192 165 190 214 219 212 209 215 206 210 218 211 210 213 213 212 212 212 175 113 102 163 185 195 208 200 204 212 206 223 208 84 8 4 9 3 1 4 1 3 11 11 43 58 33 53 190 231 220 216 221 213 221 216 216 219 220 220 218 219 220 220 218 222 223 218 216 220 223 222 219 218 217 216 216 218 219 218 216 215 217 219 217 219 220 219 216 213 213 215 215 221 135 21 5 5 1 3 
209 215 199 197 204 182 170 163 156 157 145 143 139 119 99 101 89 56 22 11 15 31 17 6 0 5 2 1 0 2 14 20 35 49 63 87 120 119 138 139 69 103 182 200 199 194 190 190 196 194 128 85 172 185 141 14 7 11 89 69 110 196 190 186 177 184 191 177 65 11 71 154 127 89 91 169 150 88 82 128 82 57 154 168 166 165 107 83 132 109 164 148 148 156 148 152 139 148 145 143 147 144 150 143 140 143 138 135 134 135 123 128 136 129 127 119 130 114 116 120 115 113 114 114 110 103 98 99 96 101 89 83 85 84 84 81 72 73 72 76 71 66 66 66 68 64 59 59 59 58 55 52 47 47 43 40 42 41 39 40 38 33 28 28 31 33 32 30 30 31 34 35 33 30 30 30 30 28 25 19 20 27 22 23 27 24 19 17 19 19 16 4 4 8 11 10 3 2 4 4 1 1 1 1 1 1 1 1 1 1 1 1 1 1 1 1 0 0 1 1 1 1 2 2 2 2 1 1 1 1 1 1 1 1 1 1 1 1 1 1 2 2 2 2 3 4 6 6 10 10 10 10 9 7 5 4 8 7 9 10 8 8 7 5 6 7 7 7 7 7 6 4 8 9 9 8 8 10 10 10 9 10 11 11 11 10 9 9 10 10 10 8 8 8 8 8 9 8 7 13 6 6 5 8 11 11 11 10 14 6 0 2 10 55 103 156 187 171 160 113 79 39 24 13 17 26 39 15 16 29 46 15 30 62 11 16 27 66 56 52 32 4 6 3 5 2 8 9 5 2 6 3 5 5 5 2 16 3 24 13 2 9 1 6 23 18 14 120 207 210 207 205 208 210 206 208 212 211 211 211 211 211 211 212 215 214 216 221 194 101 118 147 169 215 172 104 199 220 105 121 215 219 211 210 214 208 194 129 45 32 52 115 200 179 158 201 218 215 212 217 214 214 203 173 173 193 207 213 210 212 213 209 212 186 182 199 210 205 204 212 171 179 204 165 194 226 121 14 1 7 4 2 7 3 0 6 4 24 59 44 35 158 225 219 215 213 216 224 211 220 217 219 217 217 218 218 217 220 219 213 214 218 221 220 218 217 217 216 218 218 218 217 216 216 218 220 218 219 219 218 216 214 214 214 217 217 211 89 11 5 0 0 
89 77 67 44 41 40 25 13 11 4 8 6 0 8 6 0 3 0 12 7 7 26 36 51 65 77 90 106 129 136 160 172 176 142 180 128 135 129 142 165 26 76 182 193 194 191 193 190 187 201 167 114 187 192 68 3 1 72 193 165 64 157 170 139 139 134 171 185 142 138 112 163 166 126 157 113 104 31 29 89 156 84 150 177 162 174 158 157 167 159 165 165 157 157 159 159 156 161 152 145 148 141 149 143 150 141 139 143 138 142 139 139 136 126 132 117 104 125 132 119 122 124 126 124 119 111 106 105 101 102 96 90 86 88 93 85 79 79 76 76 70 62 65 63 63 63 63 63 57 52 52 57 50 50 48 47 46 45 41 40 37 32 29 31 34 35 33 32 30 31 33 33 34 35 33 31 30 25 24 21 20 22 19 22 22 14 21 17 8 15 12 0 0 3 12 13 6 3 3 5 1 1 1 1 1 1 1 1 1 1 1 1 1 1 1 1 0 0 1 1 1 1 2 2 2 2 2 2 1 1 1 1 1 1 1 1 1 1 1 1 2 2 1 1 1 2 2 3 11 10 9 8 8 9 8 9 8 7 9 10 9 10 12 11 8 7 6 7 8 10 10 9 7 8 8 7 8 9 9 8 8 9 9 9 9 9 9 10 5 8 10 11 11 12 10 7 11 12 9 11 9 15 15 15 13 8 13 2 0 0 32 75 123 145 138 167 154 107 70 39 19 22 9 11 3 35 1 3 24 17 19 41 53 6 15 41 72 65 27 19 2 10 2 0 3 9 7 5 3 2 1 4 4 9 7 6 25 7 38 27 13 12 3 23 30 7 54 220 217 199 199 199 206 209 208 208 212 210 210 212 210 207 208 212 213 209 211 212 219 168 190 229 191 192 218 159 136 136 123 192 216 208 219 211 210 221 218 204 161 64 26 48 96 158 213 217 217 215 214 219 213 212 215 177 117 175 205 216 214 215 213 212 211 212 212 213 208 189 200 199 123 144 169 78 139 208 225 158 39 3 7 3 0 11 7 3 6 3 9 52 52 29 136 225 219 213 220 213 217 211 217 214 218 217 218 218 218 219 217 211 214 217 220 220 219 219 219 219 219 218 216 215 215 216 218 219 219 218 218 218 218 218 216 215 215 219 225 190 47 8 6 3 
11 8 12 25 29 34 40 46 64 76 80 88 99 105 119 129 129 144 153 84 10 118 192 186 197 203 204 203 210 141 183 206 193 96 159 96 41 53 79 193 58 52 124 169 200 196 197 197 193 196 185 137 128 91 5 9 4 87 171 152 58 49 140 146 156 164 163 163 186 142 112 108 109 91 120 77 124 78 110 118 157 148 161 170 168 175 164 164 162 165 167 153 160 164 156 157 155 154 155 154 151 149 155 155 149 148 155 148 141 134 140 128 128 134 98 113 54 107 122 124 130 132 132 126 122 117 115 114 106 98 101 102 89 92 97 79 84 82 83 80 74 74 77 73 70 66 65 67 68 64 58 55 55 54 52 51 53 48 40 38 36 34 34 38 38 35 33 33 32 33 32 32 35 38 35 30 31 26 31 31 23 16 14 21 17 5 11 16 5 3 7 5 2 5 13 16 10 4 2 3 2 2 1 1 1 1 1 1 1 1 1 1 1 1 1 1 1 1 1 1 1 1 1 1 2 2 2 2 2 2 2 2 2 2 2 1 1 1 1 1 1 1 1 1 1 2 2 3 0 3 9 14 16 14 11 8 15 12 10 9 6 7 9 8 10 9 7 7 7 5 5 6 9 9 8 8 8 8 8 7 8 8 8 8 8 9 9 9 11 10 7 4 4 7 8 8 8 13 12 11 12 15 11 8 2 0 5 22 66 109 142 150 132 111 80 80 39 26 22 27 12 2 8 25 5 14 20 40 33 52 35 24 2 35 55 79 96 26 8 3 1 1 10 3 12 5 10 18 4 16 19 5 7 6 6 4 8 5 11 15 7 15 7 44 31 14 134 216 201 210 201 204 207 212 210 207 212 212 212 212 210 208 208 211 218 216 217 215 219 197 170 211 209 187 210 219 208 199 221 218 219 218 210 215 216 218 208 214 213 125 39 36 31 109 210 209 213 219 216 210 214 217 219 187 186 214 204 206 213 218 214 213 212 213 207 157 169 183 157 181 136 112 164 145 141 210 203 220 189 55 7 14 3 1 1 1 0 6 6 11 41 70 23 111 223 220 211 219 217 215 217 218 218 217 219 218 217 218 217 213 215 218 220 220 219 220 220 220 218 217 215 215 216 217 217 217 219 218 217 217 220 221 220 217 221 222 211 226 149 21 3 5 
153 149 149 178 178 179 180 182 182 212 182 205 202 190 214 206 211 206 206 185 43 54 197 213 208 196 205 204 203 110 119 214 203 113 129 154 122 157 130 182 161 135 152 189 206 197 198 197 199 193 201 195 139 16 6 7 44 22 103 150 150 50 139 206 193 183 109 129 187 92 120 147 62 132 82 95 168 166 178 184 179 181 178 177 177 168 174 167 172 173 162 164 161 163 165 161 158 152 159 157 148 156 155 156 157 152 147 137 154 146 145 93 41 70 72 35 26 90 106 128 134 137 136 130 126 123 122 119 114 105 103 106 99 97 96 83 89 89 91 80 74 75 71 73 75 74 71 69 71 70 65 58 62 60 54 51 51 49 43 41 39 38 39 40 38 34 32 34 31 34 35 34 34 35 34 33 30 27 29 21 8 3 1 4 16 7 0 11 11 1 9 10 3 2 7 11 7 3 2 1 2 2 2 1 1 1 1 1 1 1 1 1 1 1 1 1 1 1 1 1 1 1 1 1 2 2 2 2 2 2 2 2 2 2 2 2 1 1 1 1 1 1 1 1 1 2 2 3 6 3 1 1 3 8 14 18 14 12 12 11 9 10 12 10 6 8 10 11 11 9 10 13 11 10 9 9 10 10 9 9 9 9 9 9 9 9 9 8 8 9 10 9 9 9 10 10 11 11 11 11 9 1 1 11 26 69 117 127 132 141 128 81 57 62 40 13 20 18 10 7 26 11 53 43 21 31 20 35 36 62 11 3 45 71 77 61 41 9 2 1 8 8 0 12 3 7 4 8 11 20 16 13 5 4 6 8 9 17 10 22 5 20 4 15 12 13 151 220 204 216 209 211 210 213 210 208 213 215 216 213 211 211 212 212 208 206 211 217 215 218 178 187 220 194 191 215 222 218 220 201 173 196 217 216 210 215 209 218 195 95 35 35 47 145 212 213 213 215 219 209 212 216 214 196 166 154 164 204 213 213 213 209 207 214 207 138 115 156 156 180 195 169 190 204 207 208 206 204 222 210 92 9 10 5 2 6 3 0 7 0 7 36 54 36 75 214 225 205 215 214 217 217 217 216 217 217 214 216 217 216 215 217 219 219 218 219 219 219 218 217 216 217 219 219 218 217 220 219 217 216 218 221 219 216 217 218 214 213 225 106 9 8 
221 157 86 168 120 108 216 118 91 197 111 87 105 155 214 210 204 206 211 199 149 34 39 137 195 207 203 204 211 149 64 115 169 170 172 193 181 208 197 203 202 204 203 204 194 196 201 192 198 193 193 196 101 3 3 68 184 100 85 203 200 120 73 178 191 159 86 175 153 139 98 87 124 189 173 179 183 186 177 179 177 177 177 176 172 177 169 171 135 165 112 147 170 163 161 169 164 155 158 158 158 156 136 128 123 84 85 134 150 147 152 71 4 18 65 77 56 110 114 138 137 140 140 134 130 128 124 120 119 115 103 104 111 105 99 100 88 88 84 86 82 86 80 89 75 78 76 69 64 64 65 65 63 62 57 54 55 50 45 43 47 47 45 42 38 36 36 38 35 34 32 32 35 37 35 33 39 36 32 15 1 6 7 2 2 11 1 5 7 2 14 17 3 0 1 4 4 5 5 3 3 2 2 1 1 1 1 2 1 1 1 1 1 1 1 1 1 1 1 1 1 1 1 1 1 1 1 1 2 2 2 2 2 2 2 2 2 1 1 1 2 1 1 1 1 1 1 1 0 1 3 4 6 6 5 4 20 18 19 18 14 11 9 6 7 8 9 10 9 9 15 23 11 9 8 9 10 10 10 10 9 9 8 8 9 9 8 7 6 7 9 12 11 8 8 11 3 1 1 4 33 64 99 126 156 159 153 114 76 66 54 38 28 38 27 24 25 0 4 32 22 13 13 3 18 28 15 90 22 1 33 55 66 87 41 12 18 3 5 7 0 7 9 17 3 0 4 7 1 8 14 5 8 10 4 6 11 5 4 6 9 11 17 9 64 118 77 169 217 204 211 211 213 213 211 213 211 215 216 212 211 212 212 210 217 210 211 215 211 217 206 171 209 220 189 205 218 194 124 102 77 106 191 219 214 216 210 212 209 174 96 32 37 112 192 217 219 210 218 215 208 213 217 213 138 101 144 209 209 202 217 217 212 213 216 200 148 167 213 202 205 211 211 207 215 204 208 217 202 215 222 126 17 8 14 2 1 3 6 0 7 6 27 67 42 49 183 229 217 215 207 220 218 216 216 216 215 216 219 218 215 218 219 218 218 219 220 219 218 218 219 220 221 221 220 218 220 220 218 215 215 217 217 215 213 215 216 217 220 208 68 4 
207 124 18 55 78 103 155 41 41 131 101 71 72 140 200 190 211 204 202 214 213 174 85 17 77 183 209 204 204 199 187 186 198 206 205 204 209 205 200 197 205 201 197 201 200 203 199 197 199 191 187 168 32 1 48 165 195 177 71 155 194 185 74 130 203 194 138 108 119 178 166 177 184 179 189 174 183 184 177 188 183 190 174 175 176 129 74 138 111 77 60 136 160 168 177 164 164 162 157 157 157 95 61 56 100 68 64 158 140 137 160 108 69 124 126 139 147 138 141 140 140 142 142 139 136 133 127 123 121 116 109 110 111 108 104 97 101 94 66 91 98 92 81 86 89 82 74 72 73 74 71 67 65 65 61 59 59 55 50 50 52 52 50 45 43 43 42 40 38 33 30 31 35 36 35 31 36 33 31 15 0 4 6 0 0 8 5 3 1 1 13 16 9 5 3 2 2 6 8 4 3 3 2 1 1 1 1 2 1 1 1 1 1 1 1 1 1 1 1 1 1 1 1 1 1 1 1 1 1 1 2 2 1 2 2 2 2 2 2 2 2 1 1 1 1 0 0 0 2 2 2 1 2 2 2 2 1 2 7 12 14 17 20 20 13 12 11 10 6 5 9 16 14 10 8 9 10 10 10 11 10 9 8 8 8 9 10 10 7 2 1 3 3 5 16 28 35 63 95 118 151 157 147 132 104 81 68 47 31 28 13 52 55 19 16 16 1 15 32 17 6 37 14 26 47 21 39 42 3 31 67 68 72 19 14 4 3 6 6 6 11 6 0 4 4 10 9 5 9 7 7 8 5 9 1 6 19 8 11 9 10 14 12 38 208 225 176 137 203 211 214 214 215 214 211 215 212 212 213 212 211 211 211 210 213 211 213 219 219 214 219 183 165 178 114 166 229 162 80 98 103 104 127 212 218 208 224 210 215 216 192 110 45 32 88 183 210 213 211 212 212 216 217 213 168 127 157 200 214 213 216 210 217 206 210 213 207 209 210 208 212 201 210 206 205 208 211 210 212 209 208 225 164 41 1 9 3 2 0 8 10 1 4 17 60 55 39 160 228 210 218 213 219 215 214 216 217 219 219 216 215 217 218 218 218 220 220 220 219 219 220 220 221 221 220 220 220 221 219 214 213 215 217 217 224 216 220 220 208 229 161 39 
209 134 140 159 176 148 126 154 181 143 160 178 189 185 184 194 210 208 211 206 204 213 210 126 14 89 203 206 208 204 209 207 205 209 202 203 198 205 205 205 202 202 207 200 197 201 193 197 196 192 192 89 3 10 114 200 187 193 123 82 190 198 160 67 173 188 189 182 182 187 186 179 178 189 185 188 184 188 191 166 174 176 184 177 180 100 23 39 111 108 55 153 151 168 170 158 163 171 164 165 165 62 50 85 151 139 69 141 119 135 159 149 154 156 160 156 145 145 146 143 143 144 143 142 140 137 133 129 123 109 118 123 103 102 104 75 67 55 11 65 96 93 85 86 90 86 83 81 77 73 73 76 70 71 66 60 57 56 59 63 49 51 50 48 47 49 45 39 39 35 35 34 31 29 31 35 38 34 39 29 9 1 1 4 12 6 7 5 0 4 6 5 14 10 6 3 1 5 7 3 3 3 2 1 1 1 1 2 1 1 1 1 1 1 1 1 1 1 1 1 1 1 1 1 1 1 1 1 1 1 1 2 1 1 1 2 2 2 2 2 1 1 1 1 1 1 1 1 1 2 2 2 2 3 3 3 6 3 3 3 1 3 5 5 11 13 18 24 24 20 19 20 20 16 12 12 12 11 11 11 14 12 10 9 11 13 14 15 27 29 41 58 69 76 90 106 111 113 109 94 90 66 47 38 34 29 37 22 13 19 6 88 83 3 4 5 29 31 32 44 27 38 14 43 34 29 14 2 29 42 70 41 36 16 3 4 3 5 1 4 3 5 9 6 1 2 8 7 14 11 10 7 15 16 6 11 20 15 8 9 11 16 13 113 214 209 223 158 155 219 208 213 212 217 213 216 214 212 212 214 215 212 211 213 215 216 213 213 220 214 218 221 131 53 32 81 203 212 109 93 67 70 77 199 216 219 213 214 213 214 216 206 137 57 27 65 160 212 213 212 213 211 212 219 204 184 185 177 206 215 209 212 210 216 212 206 212 209 217 209 206 210 215 203 211 210 207 211 209 212 208 202 228 187 63 5 12 5 6 0 1 4 3 4 9 53 63 33 124 225 218 211 218 212 211 214 217 219 217 212 213 215 216 216 217 218 219 219 219 219 219 219 219 220 220 221 219 221 220 215 212 216 219 221 218 218 216 215 220 215 222 125 
209 203 204 211 212 207 207 214 213 211 209 210 212 213 213 212 210 208 208 210 209 204 205 209 97 24 177 212 206 207 197 207 207 199 201 206 202 201 204 203 202 212 204 185 201 200 198 202 194 201 162 22 1 44 176 192 190 189 188 77 137 202 191 105 92 198 188 192 187 187 191 183 191 181 173 182 186 106 137 133 62 86 144 188 178 98 111 147 132 167 152 137 150 159 78 81 161 170 168 168 165 118 79 167 171 160 149 150 161 168 164 158 160 155 157 161 157 160 149 155 148 152 145 145 142 136 141 136 122 133 116 116 118 104 63 53 3 6 7 13 53 89 90 94 86 87 86 83 81 81 76 73 81 73 69 67 65 64 63 59 58 55 54 55 52 47 44 45 43 41 36 35 35 36 35 33 37 31 34 33 22 5 0 10 19 13 3 9 6 0 8 0 6 8 4 4 10 6 2 9 3 6 8 6 3 0 1 2 1 2 2 2 1 1 1 1 1 1 1 1 1 1 1 1 1 1 1 1 1 1 1 1 1 1 2 2 2 3 3 3 2 2 1 0 0 0 1 2 2 2 1 1 1 1 1 2 3 0 2 5 4 3 4 4 5 4 3 3 5 8 12 14 23 17 15 17 20 26 28 25 33 34 23 37 29 19 24 30 48 56 69 79 78 56 63 69 83 38 34 33 45 16 15 13 14 15 13 10 4 17 10 0 7 23 22 33 17 30 7 40 17 21 33 17 3 7 17 50 48 43 23 11 7 3 3 5 7 8 8 3 0 11 4 4 5 8 2 7 13 14 19 10 11 4 14 19 8 23 19 21 14 14 96 181 177 213 217 196 143 196 221 211 213 217 212 216 213 215 217 217 214 211 211 213 216 214 215 218 220 219 218 218 194 77 41 29 144 229 171 105 125 153 185 205 216 214 221 218 215 217 214 213 214 158 67 27 50 123 200 218 208 210 213 212 212 146 120 113 198 216 212 211 211 213 213 211 211 212 213 211 214 212 212 212 208 206 211 211 212 209 214 215 205 215 214 93 7 12 3 5 0 7 1 4 4 9 32 60 28 95 220 220 214 210 218 215 216 216 218 213 213 213 214 214 216 217 219 220 218 219 219 217 216 218 220 221 219 222 223 221 218 217 217 217 217 219 218 214 213 214 213 210 
210 212 212 209 209 211 210 208 212 211 210 210 211 212 212 212 210 208 209 211 211 208 208 211 173 28 114 216 199 209 209 204 204 198 202 201 203 201 210 206 173 132 138 99 200 203 201 195 197 192 110 4 3 110 198 195 188 194 195 152 74 179 203 172 57 153 201 187 190 193 175 186 159 106 99 129 186 75 99 173 76 107 118 194 188 162 176 149 147 182 102 76 63 137 106 71 97 167 169 169 168 170 169 169 170 170 172 174 173 170 163 158 161 168 164 157 158 165 156 164 153 149 150 151 143 145 150 134 143 128 135 133 76 67 19 75 61 6 61 52 41 96 90 91 92 90 87 85 84 84 81 77 77 72 71 70 67 64 60 54 63 58 50 45 45 49 50 48 47 44 41 40 43 42 38 35 26 37 25 8 6 10 12 0 3 4 4 15 11 0 9 11 0 8 7 2 4 2 5 16 9 10 12 10 6 3 2 4 1 2 2 1 0 0 1 2 1 1 1 1 1 1 1 1 1 1 1 1 1 1 1 1 1 1 2 2 2 2 3 3 2 2 2 1 1 2 3 5 2 1 1 1 1 1 2 2 2 0 1 3 3 3 3 2 7 6 5 4 3 4 4 5 2 2 5 6 4 4 6 5 4 7 3 16 13 7 10 15 22 21 18 20 28 17 21 30 21 17 15 17 12 19 20 5 4 6 1 9 8 32 6 8 16 20 31 15 1 10 32 14 49 39 18 2 21 42 44 60 39 39 12 5 6 5 8 2 6 0 3 4 6 6 7 16 21 11 4 4 4 15 7 11 1 18 18 12 21 13 21 14 5 57 221 215 156 212 212 216 171 164 212 217 213 216 216 214 215 216 217 218 216 213 213 215 217 216 216 218 218 216 215 215 215 151 48 35 70 196 219 215 219 221 216 222 214 219 213 216 215 214 218 213 211 217 173 91 35 36 102 189 216 209 207 218 208 168 119 133 190 209 217 212 214 203 189 184 191 204 214 216 212 208 206 210 210 211 212 206 204 215 207 202 215 212 216 223 122 20 13 5 5 0 9 6 4 0 5 32 55 35 56 194 224 217 208 213 220 222 214 215 212 213 214 216 217 218 219 219 218 220 221 220 219 220 221 221 218 221 222 220 218 218 218 219 218 216 215 214 213 213 215 217 
210 214 213 208 208 213 213 209 212 212 211 210 210 211 211 211 211 211 211 212 212 211 210 209 202 62 63 209 208 206 204 205 207 215 207 191 195 131 113 190 168 93 140 89 178 210 203 201 197 181 58 1 29 162 193 194 199 195 195 203 98 106 213 199 116 57 191 189 185 180 72 138 167 88 65 81 195 161 88 146 159 184 188 147 118 154 130 56 139 185 109 41 63 104 119 84 109 179 176 176 180 178 174 178 177 178 178 174 169 167 169 171 169 166 162 162 165 166 155 154 159 154 151 155 148 150 136 150 148 130 77 61 21 0 0 45 116 61 75 112 101 94 98 95 97 93 88 85 86 87 85 81 79 79 79 75 68 67 66 64 61 64 68 67 60 54 53 53 56 51 44 42 36 24 11 5 24 29 13 1 1 16 27 2 3 5 2 12 15 5 4 3 1 13 16 11 10 10 11 18 12 13 13 12 8 5 2 2 1 1 1 1 0 0 1 2 1 1 1 1 1 1 1 1 1 1 1 1 1 1 1 1 1 1 1 2 2 2 2 2 2 2 2 2 2 3 4 5 1 1 1 1 1 1 1 2 1 0 1 1 1 3 4 0 5 5 5 5 4 4 3 3 3 6 10 10 7 5 5 6 2 3 3 10 8 6 5 8 6 7 8 9 21 15 6 10 5 20 10 8 13 6 1 4 5 12 33 4 2 12 31 37 20 19 28 22 44 27 8 24 27 2 23 47 33 34 38 15 1 22 8 10 1 1 5 2 9 6 13 5 7 2 5 9 11 11 13 21 12 17 2 9 12 4 19 15 8 14 18 8 19 131 185 203 180 157 224 213 210 145 195 217 211 215 215 216 216 216 217 218 217 215 216 217 217 217 217 218 217 215 214 214 219 199 92 39 44 129 214 216 219 218 222 206 209 220 220 217 219 217 216 218 212 215 220 193 111 39 27 83 182 211 215 206 218 207 189 200 195 196 209 215 212 212 205 191 178 176 185 193 208 219 214 207 214 207 196 210 210 212 214 212 209 214 213 212 231 150 27 15 4 7 5 0 2 6 8 0 18 52 42 46 171 231 210 219 213 211 219 211 213 213 213 214 216 218 218 218 217 220 222 221 221 221 221 221 220 222 222 219 217 216 216 216 217 216 217 219 218 214 214 216 
213 210 210 212 212 210 211 214 212 212 212 211 210 210 210 211 211 212 212 211 212 213 211 207 210 117 27 169 215 205 208 205 171 161 179 139 146 51 71 114 190 165 193 194 174 163 186 197 196 158 32 1 59 183 201 201 196 198 197 195 175 69 133 135 106 38 129 193 191 103 36 47 163 190 114 152 199 198 186 161 200 143 168 140 63 170 159 42 98 165 169 117 168 146 158 164 177 182 176 185 182 177 183 169 176 176 175 174 173 173 173 174 170 166 167 167 159 161 165 164 157 163 159 150 158 150 145 82 46 55 75 47 5 37 66 36 112 127 109 102 111 109 105 97 102 98 91 88 88 89 87 87 83 82 80 75 72 74 75 70 65 65 64 63 62 59 57 53 42 28 16 11 12 14 22 28 31 10 0 8 2 8 22 8 1 6 2 7 18 22 17 7 14 21 23 21 21 19 16 16 15 14 14 12 10 7 2 1 1 1 1 1 1 1 1 1 1 1 1 1 1 1 1 1 1 1 1 1 1 1 1 1 1 1 1 1 2 2 2 2 3 3 3 2 1 2 3 3 2 2 2 2 1 1 1 1 1 2 3 2 1 3 5 1 2 2 3 4 4 4 4 4 4 4 2 3 5 6 4 4 8 6 7 6 4 7 4 6 8 7 12 7 9 9 1 2 7 1 7 6 11 3 14 12 11 28 4 19 46 9 8 37 16 16 22 25 29 33 11 8 12 35 45 42 30 16 10 2 11 19 1 5 6 9 8 4 2 6 14 9 7 2 5 7 5 12 5 16 10 10 10 10 18 9 14 4 11 9 17 38 120 178 166 149 202 146 193 218 219 174 154 215 214 213 215 214 217 216 216 217 217 217 217 218 216 217 218 218 217 216 216 216 216 215 164 50 36 56 182 211 217 203 122 117 136 175 218 218 213 222 215 216 220 209 207 217 204 131 56 26 69 158 209 211 204 210 164 127 112 147 220 210 215 211 209 214 217 208 187 168 169 185 188 214 210 196 217 209 212 212 210 213 213 209 216 217 207 232 170 41 11 7 5 8 2 6 0 0 1 11 39 56 26 122 233 214 214 212 216 214 215 213 212 212 215 217 218 219 216 219 220 220 220 220 220 219 220 222 222 220 218 219 221 221 216 216 218 221 222 219 216 214 
217 211 210 214 214 208 208 214 213 213 213 212 211 210 210 211 211 212 211 209 211 213 210 206 214 152 14 142 213 201 214 201 188 142 86 148 145 159 203 197 188 149 161 196 126 93 185 200 195 154 15 0 103 202 194 191 198 199 191 199 197 130 30 160 201 167 106 194 189 137 155 152 180 200 195 178 187 144 176 88 99 73 144 207 113 121 196 123 114 165 192 182 179 188 191 187 188 182 192 181 181 184 180 187 179 177 177 178 179 178 175 172 171 175 172 166 165 166 166 162 167 154 158 161 138 129 91 27 109 73 34 114 62 43 116 120 120 119 114 106 110 109 98 103 106 102 98 93 91 91 90 90 90 86 84 83 86 88 82 70 68 71 72 62 51 38 22 11 16 18 25 37 43 44 44 46 44 12 0 6 4 0 8 20 6 16 18 19 24 27 25 22 23 21 18 19 19 17 15 16 17 16 15 13 13 10 7 3 1 1 1 2 2 2 1 0 1 1 1 1 1 1 1 1 1 1 1 1 1 1 1 1 1 1 1 1 1 1 1 2 2 3 3 2 2 2 3 4 3 3 3 3 2 2 1 1 2 4 7 4 0 1 4 2 2 1 1 1 1 1 1 2 5 4 1 1 6 7 5 6 3 2 5 0 2 5 5 5 5 0 7 3 0 8 8 6 4 11 10 9 7 27 21 27 4 18 14 9 23 30 10 67 9 43 24 8 23 2 17 17 27 22 22 31 16 1 3 1 7 9 5 4 3 7 3 12 4 5 8 16 7 0 1 11 16 15 2 5 11 15 18 7 10 17 4 23 11 10 0 98 225 204 173 156 179 166 153 210 208 214 129 189 220 215 218 212 217 216 217 218 218 217 218 219 216 218 219 218 217 217 217 217 217 217 209 106 35 31 121 218 218 115 114 204 170 101 166 220 214 215 218 216 216 213 206 210 214 205 163 70 47 43 111 186 219 208 180 139 155 190 211 208 215 212 209 209 210 212 214 214 200 181 185 203 212 215 193 150 171 203 219 210 219 213 212 207 213 211 224 196 59 2 12 3 8 1 5 9 6 1 5 23 63 45 94 215 219 211 214 206 214 214 213 214 216 218 218 218 217 219 219 218 218 219 219 219 221 222 221 219 217 218 219 219 220 221 219 217 217 219 215 208 
214 213 213 214 213 212 212 213 213 213 212 212 211 211 211 210 209 209 209 208 210 212 211 208 209 167 20 111 214 205 205 202 206 203 188 209 191 195 206 204 161 79 122 187 196 120 187 201 204 134 17 27 118 200 196 194 197 199 199 199 202 185 74 137 188 131 61 182 201 206 195 181 206 158 165 121 176 133 137 124 74 113 118 199 170 169 196 193 194 194 186 191 190 193 187 191 190 189 169 175 189 185 184 179 182 181 178 177 177 177 179 180 174 179 169 167 181 170 165 172 170 165 149 92 29 83 99 24 128 127 19 91 146 131 125 127 133 120 116 122 120 115 114 102 108 105 101 98 96 93 93 93 95 94 94 91 88 88 87 82 68 45 24 18 17 20 32 50 53 53 54 58 59 54 51 50 47 35 9 0 5 6 7 32 23 28 33 34 33 27 24 27 24 21 19 20 19 16 16 18 17 15 14 14 14 12 9 6 2 1 2 2 2 2 1 0 1 1 1 1 1 1 1 1 1 1 1 1 1 1 1 1 1 1 1 1 1 1 1 1 1 2 2 2 2 3 4 5 4 4 4 4 3 3 2 2 4 5 7 5 0 1 3 2 3 3 2 1 1 2 3 3 2 6 5 3 6 3 0 4 2 5 6 2 3 2 4 1 4 3 9 10 6 18 18 11 4 16 15 2 37 21 18 45 12 23 15 33 22 29 32 28 29 40 5 11 15 38 40 18 20 21 6 1 1 6 14 9 8 3 7 4 9 9 0 5 0 8 6 12 5 9 14 20 14 10 14 8 15 23 13 4 6 15 20 3 14 12 89 167 195 207 199 212 172 159 144 189 215 219 168 140 212 218 216 217 217 217 218 219 219 217 218 219 218 219 219 218 217 217 216 215 215 212 217 177 64 37 49 167 224 110 128 225 224 93 141 223 217 213 219 214 209 209 205 213 211 212 213 188 113 36 25 72 168 215 204 168 176 198 205 210 209 209 210 212 212 212 211 211 214 208 210 212 216 177 142 186 144 160 204 208 214 209 210 215 208 214 210 222 215 75 10 11 2 3 4 0 6 7 3 7 19 52 47 66 199 217 201 217 211 213 216 218 219 219 218 217 219 220 220 218 218 219 220 220 219 221 222 220 220 220 220 220 220 222 217 208 200 193 179 164 
210 212 213 213 213 215 214 213 213 212 211 211 212 212 210 209 209 209 209 209 211 212 211 210 212 193 51 49 193 213 202 205 208 207 161 184 206 144 197 217 192 164 117 126 203 166 197 203 190 135 161 182 125 159 202 202 199 202 198 199 205 181 48 121 159 110 53 178 205 181 194 123 132 98 97 137 108 116 132 189 163 193 191 192 197 203 188 191 198 185 201 192 188 189 190 167 149 189 121 168 196 178 193 187 181 182 183 183 181 180 179 180 177 180 176 172 176 170 176 174 162 144 109 80 44 54 152 94 46 49 68 135 150 137 143 135 140 129 128 123 119 116 113 125 113 109 106 105 103 100 98 97 97 97 98 93 86 85 89 91 72 42 31 53 71 67 64 71 74 69 61 58 57 57 56 53 47 49 22 6 18 21 23 34 30 29 35 38 37 34 32 31 25 23 23 23 21 18 18 16 15 15 13 13 13 12 10 8 4 3 1 1 1 2 1 1 1 1 1 1 1 1 1 1 1 1 1 1 1 1 1 1 1 1 1 1 1 1 1 1 0 1 2 2 2 3 4 5 4 5 5 5 6 6 6 6 8 5 5 6 2 2 2 1 4 4 3 3 3 4 5 5 5 12 10 6 8 4 0 6 2 6 5 1 3 0 6 2 7 13 4 2 0 5 5 5 24 15 3 31 15 8 12 22 4 30 13 30 22 40 26 12 15 1 27 32 47 21 18 9 8 9 3 5 7 0 0 4 19 22 26 11 9 1 2 13 15 28 20 7 0 3 9 0 6 7 12 10 9 17 8 8 19 12 14 9 1 81 231 199 177 214 208 180 145 107 159 148 213 212 218 135 180 217 215 219 216 217 219 220 218 216 216 218 219 220 220 218 218 218 217 215 216 213 217 208 117 40 30 105 213 201 121 119 113 113 191 216 210 218 217 211 215 217 206 198 213 207 213 215 206 136 62 26 46 152 209 135 87 132 173 208 212 212 213 215 215 212 210 209 208 208 212 205 162 154 187 169 154 190 220 209 213 214 211 212 219 214 215 210 220 231 89 6 10 9 5 6 4 0 6 4 2 5 43 61 45 177 233 209 210 212 215 217 217 217 218 218 222 222 221 219 219 220 220 221 216 219 221 221 219 218 215 212 201 195 184 175 176 188 198 202 
213 212 213 214 214 211 210 210 213 212 210 211 212 212 210 209 211 210 210 210 211 211 211 211 203 217 113 15 160 205 208 207 209 180 79 104 169 143 115 158 176 165 136 181 210 191 142 137 156 122 205 213 130 159 202 200 207 205 210 200 168 76 91 200 210 163 84 189 190 195 194 155 75 156 116 181 160 154 194 200 197 198 190 198 198 190 197 200 190 200 191 191 194 144 90 165 136 96 81 166 178 195 182 192 193 191 189 186 184 184 182 181 183 179 182 173 171 183 170 97 69 65 61 156 170 70 59 163 149 144 158 159 155 148 141 142 140 138 127 126 131 125 119 120 118 114 111 111 112 110 105 103 106 101 99 100 99 98 96 93 91 87 83 82 81 79 75 74 77 73 67 63 65 67 64 57 61 57 42 43 42 39 45 33 34 33 39 38 33 37 37 31 32 27 21 16 16 18 18 14 16 14 14 14 14 14 12 10 6 4 1 0 0 1 2 2 1 1 1 1 1 1 1 1 1 1 1 1 1 1 1 1 1 1 1 1 1 1 1 1 0 1 1 1 1 1 1 2 3 4 5 6 7 7 7 7 12 5 4 6 4 3 3 1 5 5 4 4 3 3 2 2 7 11 6 3 6 3 0 3 0 5 2 2 7 3 20 17 1 21 8 5 6 6 5 14 22 17 20 21 30 18 57 21 50 15 20 33 41 2 5 13 29 34 20 14 17 21 6 3 5 2 7 11 8 9 8 1 6 8 8 1 17 6 6 0 4 12 10 3 5 4 15 9 6 14 7 22 17 19 13 7 24 16 6 2 71 171 170 216 211 152 141 142 173 192 199 149 183 219 223 181 145 214 218 210 215 217 219 220 217 214 215 217 220 221 220 219 219 220 219 217 218 216 215 219 177 59 43 44 161 220 209 188 179 214 216 225 215 215 214 221 216 209 214 208 212 214 215 209 214 217 154 76 29 33 114 174 186 187 200 211 211 210 211 214 216 214 212 210 210 209 187 149 173 182 142 165 206 213 206 215 214 207 216 212 215 221 210 219 214 215 226 115 6 9 8 0 4 4 5 1 7 2 5 36 60 54 146 228 210 212 213 213 212 214 217 220 222 223 221 220 220 221 221 220 220 221 219 211 201 190 178 171 181 190 204 216 221 220 216 212 
212 208 211 210 212 213 206 212 213 212 212 213 212 211 210 211 210 212 213 212 211 211 211 210 205 211 177 32 117 214 213 206 212 129 96 141 122 165 141 167 203 202 200 139 130 190 119 107 205 131 83 85 53 178 210 200 179 138 106 77 80 126 202 208 178 79 138 201 185 192 200 186 165 202 200 199 206 204 200 198 199 204 204 198 196 206 197 181 206 191 195 196 190 90 40 69 163 137 90 165 184 196 180 185 128 113 127 178 187 183 190 181 183 186 181 184 169 131 169 54 67 179 72 73 171 162 129 155 162 167 163 158 157 153 147 144 142 140 134 133 135 129 128 135 127 116 107 109 116 114 107 105 108 102 104 99 99 102 94 95 93 85 89 87 75 75 83 82 78 80 69 70 73 69 70 67 69 62 58 55 49 44 44 46 43 41 38 36 36 34 31 34 30 30 28 24 24 23 20 15 13 15 14 12 12 14 13 10 12 9 4 1 1 3 3 2 2 1 1 1 1 1 2 2 1 1 1 1 1 1 1 1 1 1 1 1 1 1 1 1 1 1 1 1 1 1 1 1 3 3 2 2 2 3 5 6 9 6 6 7 4 5 8 10 4 2 4 10 16 1 17 1 9 3 0 10 1 7 4 5 10 4 5 3 5 10 37 8 18 18 36 3 4 19 29 8 28 35 14 24 28 15 17 23 48 4 11 6 9 20 21 35 19 17 17 22 5 3 8 5 7 6 5 1 4 11 8 4 4 11 5 4 7 17 10 6 9 10 5 2 3 10 17 9 8 6 8 15 24 42 7 17 7 12 1 34 163 164 145 214 218 170 94 114 180 215 224 151 136 218 212 218 142 183 215 214 217 217 217 217 212 220 218 218 218 220 221 219 218 219 218 216 217 219 213 215 210 130 38 27 73 197 216 227 225 210 186 156 186 214 216 212 219 214 209 215 216 217 216 213 213 213 203 190 100 30 21 82 177 217 208 209 210 212 212 214 214 212 215 211 212 164 149 180 178 153 179 214 208 210 213 212 211 212 214 216 210 206 211 219 218 211 215 225 127 10 8 3 3 0 3 3 6 1 6 3 25 60 43 135 234 208 212 220 211 216 223 220 220 221 221 222 224 226 221 215 204 192 187 180 177 187 186 207 218 220 219 207 210 205 166 150 
212 209 213 209 209 212 209 212 212 211 211 213 213 212 212 213 212 213 212 211 211 211 211 209 213 210 204 63 73 214 201 204 206 176 196 212 207 205 218 178 118 179 213 132 102 138 192 135 192 203 42 1 15 88 113 90 88 107 136 168 206 220 194 134 77 155 206 197 198 198 204 199 203 199 206 195 201 203 204 203 202 185 147 173 182 115 137 109 185 198 193 202 176 86 160 170 160 203 199 187 161 190 163 136 111 116 121 114 196 189 183 187 181 181 172 138 171 97 80 158 70 70 57 89 178 164 176 159 166 168 165 161 159 157 151 146 148 147 141 138 138 133 129 133 114 115 115 117 119 118 116 117 112 107 105 101 101 103 101 101 100 92 87 82 86 84 87 85 85 86 77 77 75 68 68 63 67 62 58 54 55 53 52 50 47 44 39 34 34 34 31 35 25 28 28 25 21 20 20 17 9 9 13 14 12 12 13 12 12 11 7 5 2 2 2 3 1 1 1 1 1 1 2 2 1 1 1 1 1 1 1 1 1 1 1 1 1 1 1 1 1 1 1 1 1 1 1 1 2 2 2 2 3 3 4 4 6 6 12 16 14 12 11 9 10 6 13 18 14 11 13 6 0 3 17 6 2 29 8 18 30 6 7 2 11 12 0 22 24 27 34 11 23 19 21 34 30 7 41 43 11 4 26 5 5 5 19 18 24 25 22 24 15 8 9 7 5 1 9 3 0 3 4 5 10 9 6 12 5 9 10 11 4 12 11 7 4 10 8 7 10 12 14 10 5 14 10 6 13 15 3 26 18 15 61 189 191 183 206 213 212 211 132 195 223 180 176 132 64 202 214 213 185 144 212 218 214 216 213 217 218 216 215 215 217 219 220 219 218 219 218 217 219 221 212 215 219 192 93 99 123 167 216 201 146 98 54 107 190 217 218 209 218 219 211 216 216 217 215 212 213 215 213 207 207 124 45 16 60 152 217 213 214 206 214 218 208 209 222 202 165 167 191 168 157 200 216 205 208 210 211 210 211 212 214 216 206 182 166 178 203 217 218 216 230 148 13 13 9 8 3 5 4 6 4 5 5 14 53 45 114 229 214 221 219 214 220 220 223 223 220 213 204 196 187 180 174 186 195 217 218 211 232 219 218 224 170 163 171 192 194 146 
211 209 213 210 208 212 211 211 211 210 211 213 214 213 214 215 213 212 211 210 211 212 212 210 207 213 210 85 48 195 203 202 188 208 166 181 200 94 128 173 78 159 208 182 124 149 214 187 165 123 34 2 7 12 119 175 203 217 206 191 163 118 91 105 167 210 202 200 201 201 193 202 200 201 199 206 200 191 173 191 202 121 139 122 155 77 75 62 138 209 195 194 191 173 167 170 190 149 195 195 135 123 110 140 190 84 122 137 159 169 194 184 190 196 178 18 79 193 83 84 159 87 108 172 173 172 167 168 168 165 164 163 162 162 158 151 152 151 146 142 140 137 132 131 124 127 125 119 117 116 116 117 111 111 108 110 111 109 109 106 99 101 97 90 96 89 87 91 90 91 87 87 81 75 73 68 68 73 70 66 64 59 52 50 53 48 41 37 35 34 32 33 34 30 30 32 29 20 17 21 8 2 7 13 11 11 12 10 10 9 8 6 2 0 0 2 1 1 1 1 1 2 2 2 1 1 1 1 1 1 1 1 1 1 1 1 1 1 1 1 1 1 1 1 1 1 1 1 1 1 2 3 3 3 3 3 2 1 5 8 7 7 8 7 8 4 14 20 10 20 8 13 10 35 7 19 16 5 12 0 12 10 5 10 18 18 1 29 41 3 12 21 19 19 20 7 5 26 6 14 5 1 11 16 19 27 14 6 17 12 15 12 7 6 6 3 6 2 8 3 6 5 2 9 18 12 6 12 6 7 12 13 1 3 6 3 20 28 23 15 11 14 17 9 9 8 10 11 6 16 19 30 14 6 134 165 147 218 210 210 217 211 203 161 189 193 102 124 142 130 199 219 218 142 177 217 215 219 214 217 219 214 217 217 217 219 219 218 218 219 219 219 215 222 217 212 208 222 176 194 224 182 182 209 173 175 117 143 227 210 215 215 210 217 220 219 217 217 214 211 211 213 215 215 214 210 158 75 16 39 125 194 211 213 205 210 211 218 189 155 176 195 153 164 214 217 215 212 211 211 210 209 210 210 211 212 209 206 199 186 171 169 186 208 212 236 171 17 1 9 4 1 0 2 4 0 9 6 12 56 57 133 219 221 216 225 225 220 203 198 189 178 175 182 196 206 214 221 224 224 220 208 194 196 173 198 156 196 184 155 218 196 
211 209 212 213 211 213 213 211 212 211 212 214 214 214 214 215 211 211 210 210 212 214 213 210 208 207 213 123 29 183 204 143 127 196 152 130 208 141 92 161 175 149 213 183 156 133 95 49 73 117 117 25 1 20 146 202 160 125 102 102 106 139 182 211 208 196 199 201 208 203 213 208 203 192 204 174 203 119 81 158 196 91 199 138 135 173 141 178 169 198 203 198 204 117 87 62 148 138 131 207 189 147 55 139 207 144 133 186 178 180 190 126 70 121 101 41 55 99 175 121 164 190 180 181 166 164 171 171 168 164 165 165 163 163 162 154 153 152 149 145 143 140 135 132 134 131 124 119 121 121 118 118 115 117 112 115 115 110 112 106 103 109 105 100 95 90 89 97 88 87 91 90 83 78 76 68 75 76 72 69 68 65 60 62 57 56 47 43 43 37 33 31 36 30 28 32 32 25 19 14 11 1 2 10 10 11 12 8 9 9 7 6 2 0 1 1 1 1 1 1 1 2 2 2 1 1 1 1 1 1 1 1 1 1 1 1 1 1 1 1 1 1 1 1 1 1 1 1 0 1 1 2 2 2 2 2 5 2 2 2 1 4 9 9 4 0 8 13 5 17 5 10 13 25 2 19 27 14 25 12 7 9 14 17 16 30 14 20 17 12 4 2 14 8 1 4 7 8 11 6 9 12 17 13 18 21 6 9 22 8 4 0 3 12 5 7 2 4 4 9 8 4 2 8 9 7 8 6 3 5 7 11 4 8 10 12 16 33 25 8 7 14 16 10 5 19 5 3 26 16 28 11 59 164 185 152 205 214 204 206 209 220 164 94 169 218 205 156 215 150 57 118 190 181 142 209 212 213 217 217 216 216 219 218 217 218 219 219 218 218 219 220 221 219 222 224 215 217 201 170 211 211 170 205 219 218 173 69 106 117 183 221 214 217 218 216 217 216 215 214 213 211 212 214 215 206 213 192 106 33 30 94 182 210 207 211 218 171 156 185 177 150 188 214 206 212 213 212 212 210 209 208 209 210 211 211 215 215 217 218 214 199 180 166 183 195 220 180 31 8 9 1 11 0 0 8 0 5 5 9 48 66 104 220 210 191 173 171 164 176 193 206 213 217 221 224 221 215 221 223 214 201 126 131 114 143 185 174 154 162 215 222 
214 211 211 214 215 213 213 212 214 213 213 214 214 213 213 214 211 211 211 211 213 214 213 210 212 209 213 152 18 175 216 172 111 170 193 156 208 189 149 179 165 123 92 92 46 84 153 101 138 231 206 78 0 6 40 96 120 139 173 196 210 213 214 204 207 205 208 212 203 205 169 153 201 147 97 116 209 166 146 101 134 158 110 119 187 208 199 205 204 196 198 198 201 143 62 129 93 167 99 112 133 199 177 188 187 200 195 194 195 188 194 153 44 55 92 41 142 135 178 185 178 167 173 172 178 177 177 170 170 167 168 168 164 164 163 157 156 154 151 149 146 145 140 136 137 130 124 127 131 127 120 118 124 123 113 112 109 105 110 106 111 113 107 107 91 95 95 101 94 92 96 94 86 83 79 72 82 78 74 75 77 72 64 63 63 64 55 51 50 43 41 35 31 33 32 29 30 31 22 7 10 6 8 12 13 12 13 11 11 9 6 6 4 4 3 1 1 1 1 1 1 1 2 2 1 1 1 1 1 1 1 1 1 1 1 1 1 1 1 1 1 1 1 1 1 1 1 1 1 1 1 1 1 1 2 2 4 2 3 4 3 5 7 6 5 3 4 6 5 8 5 4 8 5 8 1 6 9 6 1 11 13 1 12 13 11 24 6 1 2 8 6 1 7 18 28 19 22 22 8 9 11 16 18 14 7 4 4 7 0 6 8 3 12 2 3 1 2 4 10 4 4 9 10 0 2 18 10 5 10 2 4 8 10 4 11 7 1 15 17 1 11 34 8 3 20 25 21 8 22 13 31 182 217 212 215 209 205 213 206 212 216 210 158 105 166 160 200 209 202 77 19 39 83 66 187 213 205 215 219 215 218 216 217 217 218 220 219 218 217 218 220 222 214 211 215 214 213 222 184 181 221 202 175 218 185 96 90 124 155 199 211 214 218 210 216 216 215 216 217 217 215 214 215 214 213 211 216 199 133 46 25 74 159 210 202 154 170 201 167 154 197 214 214 213 206 207 214 212 209 208 209 211 212 213 214 215 213 213 216 220 221 214 205 183 173 167 194 170 29 1 15 0 7 0 0 4 0 17 0 10 47 32 94 187 174 191 197 207 212 219 224 224 221 220 219 216 222 197 170 168 214 185 145 173 159 212 198 192 207 213 220 
213 216 212 213 216 212 214 216 215 214 214 215 214 213 212 213 213 213 212 212 213 214 213 210 211 203 218 176 25 134 229 159 102 146 188 170 151 118 96 92 99 127 155 187 138 138 219 151 55 131 117 85 29 0 5 100 214 219 209 203 206 196 200 196 187 192 190 152 211 176 103 182 209 160 51 118 166 179 130 116 177 204 189 197 166 174 137 178 205 200 199 199 197 187 109 125 123 184 172 168 191 193 193 194 196 189 191 190 193 172 122 164 175 68 154 155 170 187 175 180 178 186 170 173 182 175 172 175 170 169 170 170 169 168 167 164 161 155 153 151 147 145 144 140 140 134 129 130 131 125 120 122 126 125 118 116 114 112 114 113 111 116 114 117 102 104 100 102 98 97 100 96 91 91 86 81 87 86 88 87 79 73 70 68 70 74 63 61 58 51 50 45 40 35 35 35 31 20 11 6 2 12 19 18 14 11 13 15 11 8 4 3 4 6 4 2 2 2 1 1 1 1 1 2 2 2 2 2 2 2 2 2 1 1 1 1 1 1 1 1 1 1 1 1 1 1 1 1 1 1 1 0 0 1 2 2 1 0 1 1 0 2 4 1 5 6 3 3 9 5 11 5 5 7 8 3 9 18 9 6 10 4 13 1 4 10 5 10 17 18 15 11 6 7 11 17 6 17 10 20 4 4 9 1 6 1 9 6 3 1 5 2 2 4 3 3 13 4 4 2 7 5 9 12 0 3 21 9 10 15 1 1 11 13 1 7 5 10 5 6 10 9 14 20 19 11 8 33 11 8 33 196 213 202 202 213 202 218 199 184 154 196 223 205 178 151 192 219 168 211 176 40 22 20 24 118 214 211 213 219 214 217 213 219 217 218 220 220 219 217 218 220 218 222 224 220 214 214 214 213 172 204 225 183 180 223 194 209 216 215 217 212 216 220 211 212 217 216 216 216 217 216 215 215 214 215 207 213 214 213 161 68 20 38 120 146 171 198 165 177 208 215 208 206 213 214 211 208 215 212 211 211 212 211 211 213 212 214 215 216 217 218 220 221 222 219 206 186 192 177 43 2 10 10 0 1 6 9 8 5 6 15 33 34 89 224 223 215 210 211 212 215 217 219 220 222 218 219 205 200 208 218 213 199 216 213 217 223 216 223 221 204 
199 217 214 211 215 213 214 217 214 213 214 215 215 213 213 214 213 213 212 211 212 214 215 215 214 208 214 202 73 38 161 182 134 106 93 84 101 136 158 205 215 226 208 186 114 56 112 94 129 161 176 206 137 8 10 34 176 204 202 204 200 207 202 162 78 187 166 56 126 150 96 186 138 179 150 193 177 198 179 198 157 119 123 183 117 67 62 115 212 206 199 199 197 205 189 172 194 202 202 199 199 195 198 190 143 150 206 201 180 103 127 179 186 173 157 197 187 182 189 183 186 180 181 171 179 180 175 172 172 173 171 171 175 173 169 168 164 157 155 154 148 145 147 145 143 140 134 131 131 129 128 132 126 124 126 124 124 124 121 121 114 120 119 115 117 111 103 102 98 98 99 93 93 96 90 90 93 89 91 86 76 80 83 73 78 85 75 74 71 61 63 57 51 40 36 38 32 15 3 1 2 21 27 20 17 15 13 14 12 8 3 1 3 6 6 5 2 2 2 1 1 1 1 1 2 2 2 2 2 2 2 2 1 1 1 1 1 1 1 1 1 1 1 1 1 1 1 1 0 1 1 1 1 1 1 1 3 1 1 0 0 2 4 2 2 5 3 2 8 6 11 7 8 1 10 3 31 82 20 28 11 18 21 9 8 5 4 7 1 12 11 8 12 5 5 15 11 0 10 0 3 4 3 8 3 0 4 2 4 3 8 3 3 3 5 10 18 6 4 0 8 3 0 11 7 0 8 2 7 12 3 6 15 21 13 15 14 14 6 4 6 6 11 14 3 8 10 17 12 31 122 195 206 207 201 212 216 133 149 221 198 146 127 155 219 214 189 204 139 182 194 95 28 31 19 41 170 216 211 215 213 218 215 219 215 217 220 221 220 217 218 220 217 218 219 214 215 221 209 221 196 171 188 140 125 205 216 212 218 207 211 217 210 210 217 219 218 218 217 215 214 214 214 213 211 218 213 215 214 209 210 184 96 26 27 85 165 154 185 216 212 213 212 207 212 211 203 216 215 212 211 212 211 209 209 210 215 216 217 217 216 215 215 215 220 221 221 224 208 228 193 44 1 9 5 6 0 0 0 3 0 4 12 31 36 88 223 222 210 210 212 216 218 216 214 214 222 222 221 215 223 217 211 224 212 223 220 209 200 205 170 139 
183 214 215 210 216 214 215 216 213 212 213 214 215 214 214 215 212 212 211 210 211 214 218 219 220 218 207 188 87 9 65 100 106 139 178 203 218 219 210 176 149 121 110 121 138 168 189 203 157 205 219 201 197 69 1 7 81 198 206 200 206 205 200 218 141 160 120 79 120 130 144 122 137 178 210 178 160 187 155 191 102 184 169 119 188 97 160 121 199 197 202 202 210 199 203 203 198 199 193 195 202 201 191 71 48 67 117 187 191 192 200 188 187 198 189 154 192 189 181 188 178 189 178 188 185 179 183 176 178 179 174 173 177 174 166 164 166 158 158 157 150 148 151 151 150 150 145 140 138 135 132 130 133 128 130 125 124 127 123 127 128 123 110 97 124 116 105 99 106 106 105 97 100 103 96 99 95 87 90 91 89 93 77 41 79 91 84 86 82 70 71 62 57 56 48 37 35 34 21 4 11 30 29 19 20 21 14 13 13 9 4 2 4 7 8 10 3 2 2 1 1 1 1 1 2 2 2 2 2 2 2 2 1 1 1 1 1 1 1 1 1 1 1 1 1 1 1 1 0 0 1 2 2 2 1 0 0 0 1 2 1 3 3 0 0 4 4 2 3 4 3 4 0 0 8 3 65 169 69 65 18 4 7 8 7 7 3 4 4 7 5 0 6 3 5 0 1 6 0 5 6 2 0 5 5 6 3 5 9 0 5 4 8 8 4 13 8 4 3 8 7 7 2 19 21 0 2 10 8 9 5 7 8 14 8 4 10 4 12 15 4 18 32 10 15 5 9 13 26 161 207 197 212 214 209 191 216 138 166 202 184 198 165 206 186 200 180 164 105 162 205 163 39 25 24 21 102 206 209 213 214 221 217 214 214 216 219 222 220 218 218 221 221 215 221 218 217 218 212 215 218 163 73 42 37 167 215 216 209 214 212 214 218 215 213 212 214 217 218 216 214 215 216 215 216 213 217 208 213 215 218 210 199 128 46 30 42 155 217 212 212 209 212 217 212 209 213 208 209 207 208 210 210 209 209 212 218 217 216 217 217 217 220 223 222 217 222 213 214 218 223 174 46 2 11 1 8 2 4 2 5 2 5 6 36 41 85 218 219 218 217 219 218 217 216 217 216 215 216 223 218 224 219 203 204 219 183 153 182 217 185 118 
95 201 215 215 214 209 217 215 215 213 208 215 214 208 214 211 209 210 213 219 224 222 205 186 147 122 113 114 121 159 182 206 222 219 201 191 148 119 119 116 137 164 189 214 218 212 205 217 107 75 184 199 201 170 29 6 10 135 214 197 209 210 187 168 145 143 160 197 219 187 197 196 126 120 139 191 65 95 77 147 137 136 128 130 204 178 198 211 203 202 206 199 205 202 189 202 199 196 202 200 186 176 198 101 119 155 108 109 197 196 190 202 191 167 192 119 108 194 190 164 186 188 189 187 184 182 184 185 182 185 173 178 174 171 174 174 169 166 164 160 154 154 155 151 154 149 149 149 141 132 130 130 126 132 133 131 131 134 132 127 128 118 118 57 61 96 67 113 110 109 107 108 111 106 104 112 113 98 99 96 84 99 34 2 34 67 93 83 80 83 70 73 63 59 60 45 48 32 36 24 20 28 35 27 21 23 18 14 14 10 9 10 8 6 8 9 7 6 5 2 0 0 1 2 0 1 1 1 1 1 2 2 2 2 2 2 2 2 2 2 0 1 1 1 1 2 2 1 1 1 1 1 2 2 2 2 1 1 1 2 1 2 2 2 1 1 1 1 1 2 3 4 5 8 3 1 147 213 81 26 0 3 4 2 1 2 2 1 3 4 4 2 1 3 4 4 3 0 3 5 2 4 4 4 2 0 11 12 5 6 5 1 1 5 0 11 11 3 8 4 0 6 3 12 5 18 0 7 7 7 10 27 21 5 8 3 8 32 23 20 6 20 34 2 11 6 13 87 177 191 208 210 198 181 204 164 147 193 160 134 160 213 225 195 126 147 139 174 188 197 209 211 108 20 23 27 38 159 217 206 208 217 218 212 216 217 219 222 222 219 217 218 221 219 217 217 216 214 214 215 215 206 108 36 30 82 204 211 212 215 206 213 217 219 216 218 219 215 214 216 216 214 214 217 215 216 216 215 214 214 212 210 205 210 154 63 17 56 143 210 216 199 216 211 209 213 208 212 211 205 210 209 208 211 213 212 218 210 216 221 212 213 220 219 219 220 215 219 219 222 211 162 180 66 2 6 8 2 2 3 1 4 2 5 10 26 33 77 210 223 209 223 219 217 216 219 218 218 222 217 206 221 173 158 149 178 198 129 152 211 211 166 
21 154 218 208 212 219 212 207 212 215 213 215 213 207 218 225 224 218 203 177 144 116 105 105 135 160 190 218 223 217 202 187 161 124 122 126 134 174 196 215 219 221 216 209 200 208 213 215 169 46 148 217 202 207 133 13 13 22 161 192 167 172 196 150 149 209 197 185 153 105 152 194 99 95 95 213 139 120 124 134 205 152 140 200 209 203 209 200 199 207 202 206 192 204 203 199 200 196 156 160 140 61 164 216 151 139 94 119 201 199 195 132 90 128 168 199 98 84 96 101 190 188 186 186 186 186 186 184 189 176 183 180 177 179 175 172 170 168 167 165 162 161 158 153 151 148 150 150 146 141 142 143 138 139 137 133 132 133 131 126 122 124 82 57 6 27 111 113 107 109 108 108 113 117 115 111 114 111 106 108 108 88 54 59 59 39 62 91 89 82 80 77 74 74 65 70 54 45 40 34 33 29 31 29 25 26 20 17 18 14 11 9 8 10 11 9 7 6 3 2 1 1 2 3 1 1 2 2 1 1 1 2 2 2 2 2 2 2 2 2 1 2 2 1 1 1 1 0 2 1 1 1 2 2 2 1 1 1 0 1 1 2 1 1 1 1 1 1 1 2 3 3 10 11 12 26 111 147 74 5 0 2 3 2 1 2 2 1 3 5 6 5 4 4 5 4 9 4 5 3 0 2 4 8 6 1 4 4 4 9 8 5 7 8 1 3 2 0 7 8 7 5 6 9 5 5 6 9 0 12 1 20 28 8 11 7 8 21 15 1 18 15 1 12 18 12 74 171 203 208 208 205 121 119 142 199 160 138 209 203 214 216 204 217 151 123 183 194 212 214 207 219 175 51 27 29 15 92 210 212 210 213 213 217 219 218 219 221 221 219 218 218 219 217 217 218 218 216 216 217 209 225 186 63 32 32 138 214 205 217 214 213 213 215 217 217 218 215 214 216 217 214 214 216 214 213 211 210 212 214 213 210 212 212 214 171 83 17 39 116 196 218 208 208 204 208 213 209 209 214 211 207 206 211 216 212 213 216 217 215 211 218 221 218 217 220 221 224 219 220 217 192 173 214 86 7 9 7 0 1 7 0 5 2 8 1 32 36 68 207 223 221 218 210 223 212 211 213 179 144 167 217 166 139 120 141 211 181 138 156 207 218 
18 117 218 221 214 210 215 208 208 222 221 219 221 212 188 160 127 107 96 111 141 171 199 220 222 221 206 182 145 126 109 39 59 170 193 209 218 218 205 209 213 208 203 208 210 211 204 205 195 191 150 170 201 203 213 83 3 13 34 134 174 188 201 211 176 192 203 123 145 64 161 210 146 110 152 160 195 178 218 199 203 218 208 208 196 200 198 199 206 203 200 205 203 202 214 194 179 198 97 33 115 77 61 166 178 123 152 197 192 165 197 123 45 93 167 176 177 100 128 195 193 191 188 186 185 185 184 183 183 181 180 174 172 180 180 172 174 171 169 169 167 167 164 158 159 157 157 155 150 148 148 146 146 144 140 137 136 136 132 128 127 115 78 71 55 73 113 125 121 120 116 113 117 125 124 116 117 115 107 110 96 24 26 60 73 90 94 91 91 90 88 81 89 69 51 43 65 61 50 43 48 34 33 32 29 28 25 26 21 18 16 13 11 11 12 7 7 5 2 1 2 2 1 0 2 2 2 2 1 1 1 2 2 2 2 2 2 2 2 2 2 3 3 1 1 2 1 0 2 1 1 1 2 2 2 1 2 1 0 1 2 2 1 0 1 1 1 1 1 2 2 2 4 7 7 3 1 12 26 5 1 2 3 2 1 2 2 2 0 3 5 4 2 2 2 2 5 2 3 2 5 5 0 3 0 0 4 5 5 2 0 9 8 10 8 4 5 4 8 12 12 6 1 2 5 12 15 2 2 4 10 5 4 18 20 8 7 1 6 14 10 44 60 1 8 133 184 174 199 209 210 210 155 119 163 116 193 191 210 213 212 208 218 221 186 181 228 220 209 212 208 205 217 106 25 22 37 34 151 209 208 214 214 210 220 219 218 219 220 219 219 220 220 218 217 218 218 217 217 217 215 210 217 123 48 32 64 187 214 212 217 215 212 214 217 217 217 215 215 217 217 215 214 214 216 212 208 207 211 215 214 210 204 213 205 211 187 103 44 33 80 173 212 207 210 218 206 209 208 210 204 208 210 210 215 213 213 216 213 218 214 214 214 223 217 219 223 225 220 219 221 220 168 186 231 97 9 7 10 1 1 3 2 2 4 10 10 33 35 61 194 221 214 228 209 135 140 192 209 172 151 220 215 155 170 187 188 209 198 206 201 203 
23 120 217 201 212 215 222 226 223 211 180 151 128 107 102 111 147 176 206 220 224 220 199 176 149 136 126 132 150 184 202 138 29 176 222 205 207 208 212 212 203 215 212 206 211 212 210 216 213 212 197 132 113 157 142 116 34 4 8 89 216 212 200 210 177 128 107 113 222 108 116 176 197 191 206 195 213 205 202 200 202 203 200 200 212 202 201 211 200 208 198 205 204 188 149 119 161 202 199 112 126 204 156 172 200 209 192 165 185 109 97 205 128 54 119 104 174 206 192 191 190 190 191 189 185 183 184 186 183 182 175 183 183 181 172 183 177 173 170 169 167 167 167 164 161 161 161 159 153 153 152 149 148 145 143 142 142 138 134 130 129 48 28 20 32 101 135 135 127 123 123 123 120 122 123 118 125 118 114 112 81 14 32 42 10 92 113 102 106 95 87 93 78 66 11 7 36 44 49 58 55 43 43 39 31 28 24 17 5 6 10 14 14 12 10 8 8 6 3 3 3 3 2 0 2 2 2 1 1 1 1 2 2 2 2 2 2 2 2 2 2 3 3 2 1 2 2 1 2 1 1 2 2 2 2 1 3 2 2 2 2 2 1 1 2 1 1 1 1 2 1 1 2 1 4 5 5 5 4 1 1 2 2 2 2 2 2 2 3 6 7 7 5 3 4 5 4 3 2 4 13 14 4 3 15 3 0 8 21 14 1 8 3 3 6 4 8 3 4 12 18 11 13 10 16 14 16 14 20 4 14 11 1 5 11 12 29 21 2 10 12 26 18 24 138 192 204 212 219 203 214 211 215 186 145 148 204 215 211 213 218 211 214 213 215 216 212 206 215 206 199 166 187 171 48 24 35 15 77 201 212 211 218 214 218 218 218 218 219 220 220 221 222 220 218 218 218 217 216 216 221 202 216 195 82 42 34 115 216 207 212 216 213 217 213 216 216 216 216 218 218 216 214 213 218 215 210 209 212 215 214 210 221 206 214 210 210 207 136 54 26 59 158 209 209 206 212 212 215 211 209 210 203 207 212 214 211 212 208 213 212 222 219 219 223 219 219 220 221 221 219 225 206 152 209 238 119 12 6 10 6 0 7 5 2 7 1 9 53 32 43 173 236 207 216 166 163 157 192 225 174 192 236 214 213 214 218 222 217 189 166 174 
32 106 231 226 222 206 172 146 114 106 99 113 152 183 205 229 229 222 202 172 144 130 130 135 162 184 206 218 226 215 214 205 62 53 197 219 206 208 211 204 210 209 205 203 208 208 201 189 174 163 145 66 148 177 197 214 171 27 5 18 117 201 204 204 208 202 127 155 216 192 178 196 203 213 208 206 211 202 199 209 205 205 205 211 204 205 204 203 212 203 209 186 195 182 58 101 132 170 211 189 114 185 205 200 179 187 185 52 56 99 26 86 197 140 132 189 199 188 190 196 187 189 191 191 189 187 188 190 182 175 173 167 171 182 174 179 176 173 173 171 168 167 168 167 165 164 164 161 156 154 154 151 153 151 149 149 148 143 139 137 133 113 19 10 109 130 132 132 125 126 132 134 127 125 125 122 122 117 115 116 113 99 100 59 63 108 109 105 110 107 106 94 94 86 24 14 14 3 55 73 57 53 52 43 36 35 20 4 2 4 13 21 17 13 11 12 8 6 4 5 6 6 5 3 2 1 1 1 1 2 2 2 2 2 2 2 2 2 2 2 1 2 2 2 2 3 3 2 2 2 2 2 2 2 2 1 2 3 3 2 1 0 1 2 2 2 1 1 2 2 1 1 2 5 3 1 6 6 0 9 3 2 2 2 2 2 2 2 4 5 6 6 4 3 4 6 6 5 3 2 10 12 4 5 2 9 7 0 5 10 3 5 6 1 5 6 14 3 4 18 23 1 12 1 22 9 1 10 6 20 7 13 13 3 17 17 5 23 3 15 12 8 57 139 194 209 219 169 167 222 206 207 209 209 204 214 213 218 213 214 213 214 206 217 217 194 211 215 141 121 107 183 130 196 61 27 22 25 28 144 217 210 216 217 218 218 218 218 219 220 219 218 221 220 219 218 217 217 217 216 216 215 212 221 149 47 46 52 172 216 210 212 214 216 214 213 217 217 218 218 218 217 214 212 218 217 214 213 214 216 214 212 208 212 213 217 209 213 211 167 70 20 43 125 196 211 208 203 205 203 212 213 200 211 209 206 214 214 217 220 211 214 218 221 225 221 218 216 222 222 217 219 228 173 166 216 230 141 20 6 6 8 0 2 4 5 9 7 7 19 40 56 173 230 217 221 173 152 171 224 222 216 212 208 208 199 193 157 149 164 166 217 
49 46 155 148 110 103 111 122 156 188 220 232 235 221 187 165 135 124 127 149 173 188 205 221 221 217 214 211 213 208 208 216 164 23 104 205 212 208 209 214 220 214 222 220 214 212 201 167 176 170 70 26 135 134 129 180 221 136 14 4 17 132 214 201 197 210 203 209 203 205 214 202 209 206 205 199 196 214 208 209 215 209 205 212 209 202 207 211 200 191 123 120 183 205 188 67 95 150 127 190 202 190 200 212 170 99 184 169 66 150 182 109 178 203 208 201 189 195 201 187 194 192 191 192 193 191 189 187 185 179 172 168 178 181 190 178 177 176 177 176 172 170 169 168 170 167 166 163 158 156 158 157 156 154 153 152 152 149 147 146 153 148 128 58 103 147 137 133 134 139 141 133 128 130 131 127 119 127 119 110 109 119 125 116 110 119 108 106 111 116 114 90 83 42 50 45 56 50 78 75 70 66 59 50 48 46 26 10 7 10 21 27 23 16 16 16 5 4 4 5 6 7 7 6 3 2 1 1 1 2 2 2 2 2 2 2 2 2 2 2 1 2 2 1 2 3 3 3 2 2 2 2 3 3 2 1 2 2 2 2 1 0 0 1 2 2 1 2 3 3 2 1 5 9 0 2 2 1 1 3 4 3 2 3 3 3 2 3 2 2 2 2 2 1 2 3 3 6 11 8 7 6 2 5 17 3 0 9 22 14 2 12 9 5 9 15 27 8 6 17 24 8 7 2 14 33 6 7 10 27 15 7 8 12 20 7 7 16 6 23 15 21 149 230 207 178 112 110 73 160 203 216 212 209 215 209 209 211 207 220 204 213 221 176 200 154 131 182 166 85 113 147 168 165 163 61 24 34 14 66 196 218 212 212 218 218 218 218 219 219 217 214 216 218 219 218 217 217 218 218 216 216 210 212 206 85 48 40 98 212 216 210 216 212 219 213 217 218 218 216 216 217 215 213 215 216 215 215 215 216 216 214 215 216 215 206 213 213 201 216 183 117 37 21 91 155 157 192 213 205 203 212 207 214 207 208 209 208 211 211 211 211 216 217 222 223 219 219 222 221 218 216 215 225 158 196 226 233 172 39 6 15 6 0 3 4 0 7 3 14 64 57 42 149 229 211 198 204 219 219 202 167 128 164 213 179 118 116 120 178 186 172 
49 51 108 132 165 199 217 228 235 214 190 161 132 118 117 132 166 190 211 217 216 219 216 208 215 209 210 211 205 213 213 201 209 148 142 209 214 208 205 202 183 165 144 122 134 172 208 212 205 136 98 69 113 161 156 111 164 224 117 15 8 21 143 207 203 199 208 201 202 206 201 206 207 206 209 215 215 196 188 173 160 141 141 128 124 144 204 196 215 144 53 117 132 207 212 177 95 121 174 205 204 199 110 79 117 51 39 186 172 133 205 205 196 195 194 193 201 197 192 199 198 196 192 192 192 191 188 186 193 185 181 190 195 180 156 185 181 178 180 180 175 172 173 171 166 163 166 168 165 163 165 166 157 156 154 155 156 157 153 149 149 135 145 136 153 143 142 145 141 141 135 129 129 131 127 123 127 129 114 120 127 126 112 112 115 122 119 121 115 103 108 116 53 1 19 16 36 104 90 91 86 81 74 66 62 46 22 17 1 10 23 29 27 23 22 17 5 5 6 5 6 6 6 7 5 4 2 2 2 2 2 1 2 2 2 2 2 2 2 2 1 2 2 1 2 3 3 2 2 2 2 3 3 3 2 1 4 2 1 1 3 3 2 0 3 2 1 2 3 4 2 1 0 3 2 8 2 2 4 5 6 4 3 4 4 3 2 3 5 4 4 6 7 5 5 5 5 7 16 14 9 10 8 8 0 12 17 2 4 14 8 1 4 4 5 14 31 7 4 7 7 8 15 10 1 24 10 8 11 2 10 8 8 18 18 29 24 10 21 11 29 110 198 173 194 213 139 132 172 142 209 206 207 210 217 217 217 211 218 215 195 155 203 151 189 151 90 121 153 152 203 196 200 199 224 140 36 25 30 36 130 211 211 215 217 217 217 216 217 218 217 214 209 215 219 220 218 218 219 219 219 216 219 211 217 147 59 46 49 157 214 212 216 211 220 215 215 217 216 214 215 217 217 214 214 215 214 214 215 216 217 216 214 211 207 211 209 209 215 206 213 204 137 50 35 41 31 109 194 218 203 207 208 209 209 217 212 214 211 205 220 211 209 217 220 223 219 222 222 218 222 217 215 227 191 158 217 214 203 144 50 1 11 4 5 2 7 2 0 4 1 13 27 23 122 227 220 218 222 212 206 202 166 163 225 218 154 161 197 196 221 205 
174 205 219 229 230 209 198 170 138 125 130 145 166 189 205 221 222 218 215 213 212 211 212 215 210 215 208 213 211 215 215 215 202 223 216 151 158 213 209 160 25 45 63 66 55 29 95 206 208 159 144 129 142 174 210 191 96 161 222 106 5 5 27 155 211 199 197 204 204 208 214 209 205 198 171 147 136 130 134 148 171 173 187 186 180 186 210 164 113 201 118 47 161 144 142 199 208 211 211 187 145 192 156 55 138 172 122 151 206 207 187 196 200 192 200 199 197 198 202 197 193 194 193 192 189 189 189 191 186 187 196 153 150 180 93 175 185 181 179 180 177 175 174 173 167 166 171 175 170 164 161 161 161 161 160 160 162 161 155 146 151 153 150 138 150 139 145 147 144 137 130 136 144 137 124 121 126 136 125 125 123 124 124 131 126 122 118 122 122 122 123 117 89 59 66 28 45 107 102 97 87 87 88 86 73 35 2 4 12 24 38 38 32 28 21 7 9 10 10 10 10 9 7 7 7 5 3 2 2 2 2 1 2 2 2 2 2 2 2 2 1 2 2 1 1 2 2 1 2 2 2 3 3 3 1 0 7 3 0 2 5 6 4 0 3 2 1 2 4 4 3 1 6 2 1 1 1 9 0 3 7 4 3 4 4 3 2 3 3 2 3 6 7 6 4 3 5 0 5 3 2 9 11 9 4 9 11 3 3 6 4 6 6 8 2 9 28 6 9 8 16 1 25 16 10 2 16 5 14 23 18 11 16 8 3 19 21 17 16 55 137 205 202 101 129 99 164 157 187 224 209 216 213 214 214 214 189 188 162 216 218 201 165 91 179 172 162 220 193 200 224 193 204 214 206 201 78 27 36 33 52 193 210 215 215 215 215 214 217 219 218 216 206 213 220 222 220 218 218 217 217 217 212 214 216 206 107 36 36 89 204 216 212 211 214 217 214 216 215 212 213 217 218 216 215 215 214 213 215 217 217 216 217 212 213 215 210 208 209 210 211 205 211 165 78 30 32 23 100 200 208 209 208 208 211 210 211 203 209 217 201 122 130 211 219 222 215 222 221 216 224 216 225 212 228 165 188 219 192 172 183 81 10 17 5 2 3 2 7 0 6 6 40 23 18 92 221 219 216 221 220 231 218 171 205 225 213 208 216 207 217 197 
221 213 180 153 126 114 131 155 176 200 219 222 224 228 230 217 215 214 212 209 215 209 195 206 214 210 211 214 199 106 92 184 220 207 216 74 103 214 217 147 14 140 219 207 207 152 21 115 211 168 194 202 214 215 206 212 194 110 143 208 111 10 11 29 159 212 213 202 188 178 157 133 130 137 139 155 185 204 210 215 215 216 219 205 211 141 176 219 134 124 215 123 73 138 190 209 189 178 175 212 134 103 207 175 93 184 213 196 206 204 191 204 196 202 198 199 197 199 196 193 196 193 196 190 190 194 188 194 189 90 116 166 104 87 67 164 176 182 181 179 179 178 179 170 173 172 171 151 170 171 171 163 163 160 158 163 157 156 156 162 160 152 144 152 153 145 147 153 147 143 148 136 143 134 120 135 132 101 91 120 128 139 136 129 129 124 125 134 123 126 119 62 38 50 96 97 119 115 110 97 102 103 99 84 93 85 49 7 21 63 62 50 36 44 36 4 2 2 21 17 15 14 13 8 10 9 7 4 1 2 2 1 1 3 3 2 1 1 3 4 1 2 2 2 2 2 2 1 2 2 2 1 1 2 4 6 2 4 1 3 9 6 1 3 0 3 4 3 3 3 2 1 4 4 4 2 1 3 6 8 0 3 5 4 3 3 4 5 6 7 7 5 4 3 5 6 8 2 6 0 6 7 3 1 7 7 10 7 5 10 10 0 3 11 14 4 6 9 3 10 12 3 37 9 20 5 22 5 11 15 12 16 17 5 17 13 4 42 105 201 210 140 214 123 104 161 172 205 211 210 215 186 202 195 162 170 122 211 160 159 186 172 209 158 186 216 211 206 226 180 198 165 171 217 209 213 154 40 32 21 12 114 214 209 215 217 217 220 213 218 218 218 217 216 218 221 220 218 218 221 216 218 217 213 212 212 184 51 40 29 140 222 210 207 218 216 214 216 217 217 217 216 215 214 212 215 216 215 215 214 214 216 212 212 212 213 213 213 211 210 214 211 205 214 188 111 81 35 26 105 195 210 207 205 207 211 203 210 212 182 100 38 34 131 212 215 218 219 225 220 224 221 223 218 226 214 151 208 229 208 177 223 106 4 13 3 7 1 3 0 4 7 16 12 25 19 72 212 227 218 219 224 225 213 217 204 214 200 158 169 173 200 
133 107 83 133 179 218 221 223 221 218 205 201 183 156 138 162 206 217 209 216 212 150 25 65 199 215 208 216 187 27 25 63 148 213 219 96 81 213 209 170 27 166 204 206 202 216 57 65 210 218 210 211 206 209 204 211 208 203 129 124 135 33 5 11 31 130 140 121 121 131 157 178 192 203 211 214 216 207 203 210 212 181 148 135 179 173 88 173 204 78 166 208 198 216 173 110 140 171 90 183 220 112 137 216 191 187 196 203 198 197 206 197 201 195 196 200 197 200 196 200 198 205 190 196 196 191 187 190 179 69 47 65 166 120 62 143 156 188 185 184 180 181 184 176 171 173 138 36 127 179 142 160 166 166 166 157 171 82 44 101 131 161 149 148 154 148 155 149 146 143 141 143 134 136 138 131 42 47 61 60 131 126 126 137 133 122 139 120 131 144 96 18 104 68 49 129 114 113 120 110 103 103 108 118 55 67 50 18 34 72 65 68 56 60 33 25 21 16 6 25 26 25 21 15 10 7 10 12 5 4 6 1 1 1 2 2 2 2 1 1 1 2 2 2 2 2 2 1 2 2 2 2 1 2 3 5 3 4 1 1 6 4 2 5 4 5 5 4 4 4 4 2 3 4 5 4 3 4 5 7 1 2 2 1 1 2 2 1 3 5 7 7 6 6 6 7 4 2 5 2 8 11 5 5 11 5 5 6 2 2 6 7 5 9 10 4 6 9 7 11 10 13 6 13 25 13 7 3 11 4 15 3 3 3 10 23 93 173 192 141 190 125 170 176 143 229 220 215 202 225 145 120 164 205 205 161 109 204 221 149 148 178 214 216 222 208 203 110 148 183 169 89 147 204 203 217 199 109 165 128 64 35 171 219 215 216 210 221 219 219 216 215 218 219 220 219 218 218 218 218 222 221 219 213 213 217 209 119 48 71 118 194 219 217 214 218 215 217 218 217 216 215 213 211 212 215 215 215 216 216 216 219 215 214 212 212 212 212 211 211 213 209 211 209 205 209 202 107 40 28 92 196 206 209 205 211 213 205 151 66 32 34 43 44 122 218 218 215 223 214 225 222 223 224 220 226 186 175 223 218 212 217 233 124 11 11 5 4 1 5 0 5 0 8 5 30 27 56 191 229 218 212 215 203 161 162 208 198 141 143 128 205 
185 198 149 127 124 143 187 209 211 196 76 48 68 76 80 42 88 205 214 211 206 49 84 78 55 184 217 214 193 51 136 167 48 105 213 107 66 205 213 165 25 151 222 218 224 170 16 105 215 209 207 212 204 203 216 202 206 206 213 190 148 120 69 4 11 7 92 197 203 211 218 205 210 210 207 208 211 205 203 211 187 101 158 151 89 168 176 111 116 126 204 205 191 129 99 61 167 215 169 109 126 88 165 209 201 209 202 206 205 206 200 197 199 198 205 195 196 198 189 174 153 136 182 198 191 196 194 194 172 61 119 136 136 203 180 184 190 187 177 182 187 180 179 178 173 173 105 99 106 90 137 170 164 166 163 158 167 100 1 41 70 140 156 153 153 144 149 152 148 140 147 145 149 143 131 128 47 46 58 23 113 135 134 137 138 147 140 136 144 138 112 56 49 29 59 143 127 124 127 122 121 119 121 114 29 35 19 0 54 93 86 86 76 62 11 3 28 23 22 40 29 20 27 27 20 15 11 7 3 1 2 1 3 2 2 3 3 2 1 1 2 2 2 2 2 2 2 2 2 2 2 2 2 2 3 3 5 5 2 2 4 4 4 8 6 6 5 3 3 4 4 3 2 4 6 6 6 5 4 4 6 5 3 3 5 7 6 3 2 4 5 6 6 6 7 9 0 6 9 5 4 6 2 11 10 5 6 10 8 5 6 7 6 6 5 7 6 5 8 7 22 1 9 7 1 11 5 6 13 6 21 10 19 57 51 134 213 209 192 172 156 83 139 218 193 211 154 174 164 147 204 160 163 124 210 222 191 202 208 216 218 218 210 211 216 214 212 96 89 140 190 172 174 213 209 210 223 146 168 225 201 143 107 208 220 215 217 218 216 216 220 216 219 221 220 217 217 220 220 217 219 217 220 214 214 215 218 178 157 210 204 171 207 212 220 219 215 216 217 216 215 214 212 210 212 215 214 214 215 215 215 218 214 213 213 212 212 211 210 209 211 209 215 212 206 203 221 201 117 33 26 86 193 210 201 208 200 113 55 25 26 81 94 37 41 118 208 217 220 221 216 221 222 220 223 222 226 156 198 226 222 202 205 208 122 17 8 5 4 2 4 1 6 4 1 1 21 27 41 174 196 154 184 180 127 136 206 227 173 151 174 174 
220 123 61 103 123 84 91 188 223 184 37 114 222 223 230 138 17 169 218 215 114 61 228 222 83 68 197 217 201 48 129 229 186 78 65 50 74 204 215 178 17 71 149 128 96 31 61 189 215 204 211 207 204 211 200 211 211 207 211 208 210 213 203 88 4 5 33 151 212 197 193 212 202 205 206 208 210 208 209 219 135 125 201 141 58 53 193 200 192 209 211 204 197 194 206 173 90 190 207 195 155 184 201 203 205 201 204 199 197 204 197 199 201 202 196 212 206 183 195 134 80 130 210 192 199 195 192 193 189 156 194 196 192 183 193 188 185 180 187 180 182 183 186 182 183 138 124 144 156 161 167 175 176 168 165 166 70 7 51 85 147 163 155 142 156 158 143 145 147 152 148 149 140 140 145 75 86 92 64 75 129 134 140 149 132 135 140 135 133 74 43 90 91 100 138 130 134 132 128 128 125 126 123 131 85 37 13 24 87 106 102 93 91 53 27 25 13 5 39 56 55 52 43 21 9 11 2 0 7 5 1 9 5 4 2 2 2 2 2 3 2 2 2 2 2 2 2 2 2 2 2 2 2 2 2 2 5 4 3 3 3 2 4 8 5 6 6 5 3 4 4 4 2 4 6 7 6 5 4 3 4 3 2 1 4 7 6 4 3 3 4 4 4 4 6 8 18 16 4 6 13 20 8 6 4 3 4 6 9 10 7 2 7 6 6 13 8 3 9 3 9 9 9 14 21 21 10 2 9 16 1 32 130 149 78 213 200 199 218 211 216 178 153 210 153 207 157 102 160 96 190 191 159 146 206 217 214 212 209 215 212 211 212 213 219 217 199 136 196 209 195 220 223 217 209 212 212 201 118 199 219 230 160 167 225 213 219 215 214 213 221 221 219 219 218 217 218 221 221 219 219 219 225 218 218 215 217 210 163 208 223 180 185 222 213 217 214 215 215 214 214 214 213 212 213 215 213 212 213 212 211 213 210 211 213 214 214 212 208 206 211 210 206 205 219 205 198 210 198 111 32 29 80 193 210 170 87 35 24 38 126 199 204 116 41 34 122 208 220 219 221 223 219 221 218 224 224 194 161 218 221 198 178 120 165 130 35 7 8 9 0 7 1 0 6 10 12 14 30 33 124 190 193 160 184 140 166 194 220 210 222 217 
117 60 191 224 227 230 204 220 214 194 48 104 169 138 116 40 71 201 215 198 34 85 167 147 91 7 64 187 213 66 108 225 211 211 119 17 58 210 211 188 56 15 37 40 52 106 197 217 208 211 209 204 214 214 219 207 209 209 202 203 206 197 204 203 90 8 6 24 143 211 197 199 205 208 210 209 209 206 204 203 191 103 52 91 83 96 146 187 215 208 202 206 206 210 203 215 144 131 214 203 217 202 205 207 205 199 206 199 202 202 208 209 197 201 199 128 154 103 131 216 184 108 181 196 199 200 195 194 192 196 194 190 188 194 206 134 153 191 191 186 182 183 185 184 151 42 66 76 62 155 174 175 176 170 168 157 137 134 92 115 160 158 159 159 164 160 150 156 159 164 150 146 155 150 115 32 7 40 103 148 141 148 145 151 145 145 142 145 102 29 47 15 58 121 141 136 144 140 141 149 139 130 129 70 55 77 63 83 123 113 110 113 93 16 26 44 55 64 84 66 36 11 3 1 0 2 3 10 18 13 6 7 2 2 2 2 1 1 2 4 2 2 2 2 2 2 2 2 2 2 2 2 3 2 2 1 3 2 3 4 2 1 4 5 4 7 10 8 6 5 6 7 3 4 5 5 5 4 4 4 4 4 4 3 4 6 7 6 4 4 5 6 6 4 4 5 5 11 6 6 2 4 1 4 9 8 4 2 5 10 13 15 8 6 9 17 10 5 14 9 3 11 5 18 9 11 10 19 13 25 105 180 215 74 157 207 195 212 145 147 189 192 83 147 110 122 225 164 202 202 185 211 204 218 212 212 220 212 216 212 211 217 209 210 210 208 215 205 217 212 213 214 211 211 215 215 208 216 153 149 222 208 209 136 201 222 206 215 219 215 218 222 220 217 216 218 220 220 221 222 222 220 224 216 219 219 217 223 179 174 220 208 174 208 211 213 215 215 214 213 213 214 215 214 214 215 213 211 213 212 210 211 209 211 213 215 214 212 210 208 209 212 219 210 212 213 207 202 203 194 118 39 29 81 124 60 33 32 51 152 202 205 213 207 118 47 40 115 204 213 223 219 220 219 221 223 218 228 168 184 221 224 211 141 171 205 178 45 8 10 7 3 2 3 2 0 1 9 15 28 22 103 184 171 215 189 191 211 216 191 188 212 
46 137 228 211 161 103 108 108 197 211 66 38 105 101 17 45 192 220 221 99 18 62 74 88 101 114 70 53 179 102 124 221 209 206 215 163 159 201 210 216 189 188 199 200 211 224 210 209 212 204 210 212 205 208 179 181 214 212 199 198 205 75 109 208 199 94 2 3 25 136 213 202 208 207 204 203 206 209 209 205 211 191 151 151 185 216 213 211 208 202 208 207 209 206 206 203 206 200 207 205 200 204 205 202 206 209 208 204 214 195 161 174 198 125 188 124 89 120 67 172 212 160 172 205 201 194 202 189 184 197 189 197 188 126 151 131 97 186 173 191 187 181 179 182 179 126 135 113 78 176 171 172 175 171 148 54 73 67 94 146 166 166 160 168 169 162 164 159 156 160 148 161 162 154 39 15 72 112 141 136 148 158 155 147 139 148 148 149 118 66 32 36 123 158 138 142 145 149 144 142 137 140 84 27 40 14 61 123 131 131 118 117 115 93 89 37 9 84 82 31 0 1 4 3 1 0 3 14 12 8 6 0 5 3 4 6 6 2 1 2 2 2 2 2 2 2 2 2 2 2 2 2 2 2 2 1 4 2 5 7 4 3 5 5 2 6 9 7 5 4 5 6 4 4 4 4 4 4 4 5 5 7 7 6 4 5 6 6 3 4 7 10 10 6 3 2 6 7 3 8 9 10 9 3 11 10 7 6 6 5 11 24 7 4 8 13 7 8 17 16 4 6 14 14 11 4 7 22 29 170 226 225 128 79 179 138 139 154 96 104 181 223 162 148 191 157 205 213 208 215 212 218 217 218 218 212 217 213 207 218 211 210 213 216 214 213 214 204 207 223 209 217 215 212 222 208 213 215 207 119 199 227 219 166 150 226 209 215 214 219 218 217 221 217 216 219 220 218 219 222 222 218 222 217 220 221 215 219 216 167 201 221 187 180 216 211 217 216 214 213 213 215 215 214 215 216 213 213 215 214 211 211 212 213 213 213 213 213 213 214 222 209 213 209 207 212 209 205 213 206 201 123 40 27 32 26 30 91 182 207 205 208 207 212 200 122 42 32 141 224 219 220 221 214 227 220 223 224 211 158 216 224 231 213 214 225 233 202 53 4 12 5 5 0 7 6 7 2 3 19 25 25 72 200 234 208 183 205 186 149 173 141 
47 94 218 228 173 128 6 58 200 210 66 120 228 226 154 45 159 215 173 51 152 216 202 217 220 226 205 153 192 190 203 215 213 222 218 221 229 224 218 211 208 216 195 187 182 160 166 204 213 205 206 213 210 168 13 42 180 212 198 211 201 58 66 212 199 204 99 17 9 21 133 210 198 202 206 208 203 202 205 208 210 212 214 213 210 207 212 206 204 213 204 214 205 209 209 202 208 202 205 205 198 208 204 203 208 188 162 176 196 119 155 124 168 165 129 205 122 187 182 177 202 205 200 196 193 198 192 200 200 192 173 152 182 171 132 75 68 170 178 189 184 189 189 184 181 184 186 170 170 181 182 178 181 175 173 104 17 32 165 168 167 174 171 170 164 160 163 156 164 158 169 162 156 144 146 134 89 114 163 152 158 156 149 153 152 151 163 86 63 172 165 124 134 153 158 157 154 158 149 146 142 156 116 40 24 45 126 133 136 136 130 137 129 118 117 68 19 36 9 0 3 1 0 6 3 5 2 5 9 3 1 12 21 14 10 11 9 7 4 3 2 2 2 1 1 2 2 2 2 2 1 1 2 2 2 2 5 2 5 8 5 5 7 4 3 4 5 4 3 3 3 2 4 4 3 3 4 4 5 6 3 5 5 4 3 3 3 2 4 3 6 10 10 6 4 4 1 3 7 8 3 1 13 8 4 6 5 4 5 2 3 11 9 3 7 7 4 9 13 14 8 2 8 7 2 42 137 103 47 134 141 181 55 182 149 119 125 154 198 98 151 166 206 185 217 221 218 206 210 219 218 218 210 218 216 210 210 215 217 214 216 210 219 211 208 216 215 217 218 218 211 217 208 215 206 215 209 211 216 171 142 219 222 210 134 187 220 214 209 218 219 216 219 218 218 219 218 218 219 220 223 221 224 224 223 224 217 216 225 187 171 228 211 161 202 217 215 215 214 213 215 216 216 214 215 216 213 213 215 213 209 208 213 213 213 212 212 212 214 215 209 213 216 212 213 212 205 209 207 212 208 206 135 42 21 47 140 203 205 213 207 205 212 211 224 205 94 41 71 200 223 223 221 216 222 227 218 224 229 182 174 218 219 230 190 173 193 185 183 91 14 10 6 4 1 5 1 0 12 1 16 30 21 73 179 177 188 175 169 152 147 138 
151 41 76 129 130 75 79 185 220 211 102 140 217 207 214 155 160 214 190 196 214 210 222 209 207 215 206 221 221 224 216 207 188 155 142 127 102 88 121 204 211 110 49 45 48 53 36 63 175 216 207 202 210 65 36 58 44 177 215 197 215 101 33 197 201 202 200 113 10 14 12 120 212 202 200 205 207 207 207 205 206 210 209 205 210 213 210 207 208 202 215 200 209 206 208 209 204 205 207 207 209 200 204 210 165 104 169 94 163 101 192 169 117 210 152 197 199 197 199 204 198 198 201 200 198 199 197 197 192 206 130 55 71 91 167 180 164 189 196 188 186 187 189 187 185 181 180 178 177 178 175 176 181 151 119 146 134 119 171 177 172 175 181 167 165 170 163 170 166 168 163 166 57 36 44 74 126 155 166 161 164 158 161 158 157 164 136 36 52 80 114 163 159 168 163 160 156 161 156 150 155 135 66 47 68 112 120 142 137 143 141 132 130 132 125 66 7 1 5 0 7 6 0 1 27 44 24 13 30 14 1 33 38 27 18 13 13 9 7 6 2 2 2 1 1 2 2 2 3 2 1 1 2 2 2 2 4 0 3 7 3 4 5 2 6 5 3 2 3 4 3 1 4 4 3 4 4 5 6 6 5 6 7 6 6 7 7 5 5 3 3 7 7 5 5 7 14 6 4 5 6 6 20 7 7 13 7 1 6 10 6 3 12 6 10 6 4 9 7 8 8 5 4 33 88 183 194 68 174 206 148 43 121 213 210 99 153 214 209 166 148 194 211 214 210 208 214 212 218 216 214 210 215 213 210 219 216 220 209 215 215 217 211 208 215 211 213 212 214 216 215 210 217 214 215 211 213 207 218 211 127 198 219 222 163 129 220 215 216 213 214 220 215 219 220 218 217 220 221 220 222 218 221 221 218 220 220 219 212 219 167 143 135 71 163 218 212 212 213 214 217 218 217 215 215 215 212 211 213 210 205 203 211 212 213 212 212 211 212 213 220 215 211 210 213 215 210 211 214 208 208 205 208 127 65 156 215 202 210 210 210 215 214 212 212 222 158 50 42 136 217 221 224 215 230 221 223 224 227 224 163 202 226 218 154 187 215 181 168 196 90 15 14 4 6 0 4 5 3 6 4 7 29 17 39 134 226 187 159 197 169 210 
216 186 129 104 102 147 205 218 209 211 207 209 214 221 217 225 230 219 225 222 217 209 213 198 214 220 208 215 175 131 206 185 54 39 18 4 43 90 136 211 214 75 24 178 213 226 152 1 120 223 205 217 158 23 176 212 44 40 189 209 215 129 19 189 225 207 215 222 130 16 10 11 100 199 203 200 209 205 205 205 208 205 210 207 207 204 206 207 207 211 211 210 205 204 212 206 217 208 210 193 187 208 151 195 193 97 114 144 199 169 117 134 186 207 209 201 200 202 196 200 204 200 196 202 202 201 198 195 192 203 176 51 135 170 168 195 200 190 191 190 187 193 186 185 185 180 186 179 182 177 186 175 161 169 88 39 124 174 174 183 176 177 175 170 169 172 173 171 174 161 176 179 136 37 14 140 160 165 167 164 165 165 163 173 166 163 128 126 167 128 101 155 166 163 165 167 164 163 160 152 169 68 61 142 41 88 163 143 139 141 144 145 144 110 37 0 2 2 2 8 0 0 33 58 87 80 6 8 22 51 14 21 30 23 35 34 20 21 19 11 11 10 11 5 2 4 1 3 2 3 1 2 4 3 0 3 3 0 1 4 3 2 3 2 7 6 4 1 3 5 5 3 5 2 1 1 2 7 9 5 7 7 4 2 3 3 5 11 3 0 9 6 9 4 5 9 12 3 7 5 4 14 8 5 9 11 6 4 6 7 5 4 1 8 6 14 9 7 12 11 18 22 3 127 216 219 121 18 177 220 180 44 180 209 206 187 190 213 211 214 219 219 210 213 209 214 212 207 219 214 211 212 211 212 212 211 212 210 216 210 216 216 210 212 213 212 215 213 219 210 212 214 212 213 213 214 205 219 184 181 165 140 224 217 219 117 183 220 216 223 213 216 214 217 219 218 218 219 220 219 218 219 214 220 221 215 219 218 209 220 213 94 33 29 84 204 211 211 217 218 211 214 219 211 212 215 214 214 214 212 212 206 210 210 211 212 218 211 216 217 212 212 215 211 214 215 209 211 212 209 213 212 208 205 201 206 208 207 206 209 207 213 209 212 211 213 208 98 39 67 201 222 222 222 223 224 223 221 222 225 196 161 220 224 171 171 172 201 198 173 198 145 23 9 13 2 2 4 3 5 2 4 9 15 30 27 108 190 201 212 225 222 
213 217 220 221 231 224 227 219 226 221 222 214 211 183 172 155 122 109 118 192 215 229 132 51 114 194 217 220 143 34 183 208 181 196 148 18 156 235 214 206 217 102 32 154 145 115 60 30 163 210 203 208 65 8 87 81 29 10 49 187 222 154 8 93 144 136 112 77 159 148 23 6 5 80 191 211 203 209 207 215 209 212 207 200 204 214 210 211 208 205 202 206 212 207 209 206 169 161 198 178 81 128 83 122 215 152 137 221 209 203 198 208 208 197 204 207 201 203 202 199 205 194 209 190 199 201 195 201 197 190 190 125 189 200 197 194 195 192 194 191 189 182 182 197 195 185 181 183 185 190 180 184 155 111 52 78 173 178 184 174 173 174 174 173 174 175 174 169 168 172 143 103 157 158 87 158 172 170 170 170 177 177 174 159 162 174 119 52 96 160 172 166 167 170 164 163 156 161 160 163 170 130 70 102 54 99 147 147 146 147 154 127 44 1 0 4 0 6 4 0 31 75 109 115 104 110 71 13 0 48 50 34 48 53 52 41 37 37 16 2 9 11 12 11 4 8 2 4 0 3 3 1 1 2 3 5 2 2 5 6 4 4 5 2 1 2 2 2 3 5 6 6 1 3 7 7 3 4 7 5 5 7 6 7 7 5 3 5 3 6 10 2 9 5 0 2 4 9 6 3 9 13 11 7 16 4 6 12 4 3 8 6 8 10 8 9 0 10 0 9 14 36 108 124 119 174 66 112 127 129 51 83 214 202 212 210 209 211 207 208 205 214 214 208 219 211 207 224 202 208 219 213 216 211 218 203 205 218 207 211 212 221 213 216 218 209 202 216 213 218 207 207 218 196 118 186 162 178 147 152 218 124 193 217 222 174 129 217 204 211 224 218 218 219 220 218 217 218 219 218 219 220 216 216 218 219 221 217 217 213 219 179 58 46 45 146 215 207 215 207 215 215 205 217 213 211 222 220 210 198 197 221 218 215 212 205 208 210 216 210 210 216 218 210 209 210 217 213 214 211 215 215 213 210 206 209 212 206 206 215 215 213 209 205 216 211 162 67 41 44 139 224 221 219 219 221 222 221 221 222 229 174 186 228 223 192 183 212 224 222 228 229 172 47 2 17 4 6 0 2 9 0 9 6 18 34 29 82 209 235 224 213 
218 217 214 211 215 195 143 121 111 162 204 215 188 49 33 55 72 85 116 204 215 217 126 4 13 61 178 231 145 23 176 215 214 218 173 28 150 217 215 212 213 110 2 46 71 56 0 97 222 209 222 138 17 104 120 119 165 154 44 45 185 189 47 38 52 65 92 105 170 208 151 31 10 9 72 184 212 203 208 203 206 206 208 212 210 209 197 208 213 217 209 212 195 176 210 161 76 142 202 222 132 133 170 129 205 208 195 202 209 201 202 203 208 202 201 201 198 199 206 200 199 196 193 199 116 174 200 195 193 198 198 196 194 197 191 195 195 198 186 196 176 107 91 114 144 184 186 187 181 183 180 175 176 173 153 127 174 183 180 183 175 175 173 172 171 172 175 177 177 156 59 72 42 111 167 174 176 178 174 177 184 174 175 172 167 137 40 24 76 125 178 166 169 171 161 167 163 170 163 169 110 88 82 90 142 165 157 162 151 150 76 13 53 70 25 0 8 0 16 68 123 152 128 128 114 112 110 66 52 83 94 83 83 75 68 63 53 29 7 40 30 9 5 9 17 7 1 6 9 3 1 1 5 4 1 1 1 2 3 1 0 4 7 4 3 5 5 5 3 3 4 4 2 4 8 8 3 3 5 4 6 7 5 5 6 4 3 6 0 15 19 2 6 9 6 9 0 10 15 8 4 8 8 8 1 6 4 3 10 12 8 9 8 5 0 19 60 83 105 42 0 102 220 231 135 11 22 149 222 206 50 117 212 215 202 207 212 212 208 219 211 215 211 218 211 208 215 210 216 221 215 217 214 216 222 210 225 208 209 222 208 198 209 187 207 207 115 180 222 215 214 214 218 164 97 108 186 159 70 165 209 177 140 214 216 211 125 179 228 219 217 218 220 220 219 217 217 218 218 217 220 220 219 211 213 222 220 215 217 213 210 220 116 50 45 80 199 216 214 210 214 212 210 213 214 216 211 210 221 155 74 108 155 180 214 218 216 213 214 210 211 203 209 217 216 211 218 208 214 211 215 215 215 213 209 211 210 212 214 215 207 205 221 219 205 144 52 47 46 101 190 222 222 220 220 221 223 223 223 222 220 211 157 210 226 227 220 223 220 215 218 221 231 197 72 6 10 6 11 0 0 8 1 5 3 14 29 18 44 158 207 174 
200 191 190 217 163 52 87 134 125 65 146 217 172 27 100 224 222 220 220 213 207 217 140 16 130 96 33 160 162 28 165 218 208 215 177 33 137 218 207 207 218 130 13 173 222 216 94 32 156 216 189 60 105 220 219 222 213 221 188 132 182 210 187 192 200 211 217 220 219 216 221 174 32 2 9 47 163 213 205 207 203 214 206 202 209 208 210 212 184 183 216 172 96 161 203 218 105 118 176 188 199 175 209 211 203 203 215 201 205 209 204 204 202 199 204 199 202 206 194 210 210 203 125 169 172 99 196 206 196 202 197 197 195 194 192 196 191 193 196 198 113 81 60 87 152 188 183 187 189 176 189 94 37 56 72 167 179 177 183 180 172 174 178 179 176 175 177 180 190 160 86 53 50 143 175 175 177 175 176 180 177 174 176 181 183 121 87 70 106 173 171 170 169 168 168 171 162 162 164 169 139 2 52 98 140 155 168 151 116 26 4 25 160 177 115 6 6 47 122 114 44 63 46 112 138 131 125 119 111 105 89 93 94 88 75 71 69 48 9 26 34 2 3 0 24 3 4 3 3 11 14 5 1 3 6 2 4 4 6 6 3 5 6 4 0 2 3 4 3 3 4 4 5 3 3 3 2 3 5 3 5 5 3 3 5 4 4 7 6 6 7 0 4 7 3 2 9 3 10 7 1 12 5 5 6 18 10 3 13 9 0 4 9 56 77 135 185 193 188 178 127 77 135 156 99 41 48 87 110 144 68 186 207 202 209 206 208 212 217 207 214 213 212 206 220 221 222 211 213 210 212 195 207 202 143 136 171 219 147 138 188 128 220 142 191 196 109 100 171 214 215 209 224 126 111 137 121 211 134 188 202 213 128 174 217 229 185 125 220 213 218 214 219 218 217 216 218 219 218 217 219 219 221 211 211 221 217 215 215 221 213 215 186 67 44 35 132 222 213 214 214 209 220 209 214 206 218 213 220 209 127 59 43 49 76 108 157 192 208 216 220 223 219 217 217 198 186 212 214 211 213 213 214 214 209 211 213 213 211 210 211 210 213 180 104 38 36 36 122 208 219 218 223 222 222 223 225 225 225 224 219 226 185 168 224 223 226 226 228 222 221 217 216 230 220 100 13 11 2 5 5 4 0 4 11 2 8 23 37 54 111 203 
162 173 212 187 30 118 225 223 220 205 199 215 189 30 44 85 151 214 209 213 213 224 157 27 191 217 125 32 50 22 156 221 213 207 206 32 115 222 212 211 223 133 36 176 217 216 202 99 131 215 209 174 209 211 202 203 208 202 212 214 213 204 206 209 209 207 202 207 157 114 107 177 187 55 2 5 32 143 208 196 202 202 202 217 212 203 214 134 131 128 158 208 80 138 189 196 188 124 150 187 214 205 214 203 211 201 203 210 198 201 208 200 200 208 199 205 204 204 202 164 148 189 189 114 127 109 187 196 200 201 196 194 198 202 194 196 197 194 195 190 179 144 103 113 184 197 189 185 187 198 180 170 103 33 135 189 186 180 185 176 184 183 183 183 180 179 180 182 127 130 165 125 125 164 181 183 182 172 177 184 171 187 183 178 111 76 90 117 147 169 169 171 169 164 173 172 169 168 164 140 75 36 54 125 163 178 128 43 7 73 143 63 70 108 42 38 127 168 68 14 83 28 51 77 133 142 129 124 123 122 111 114 99 99 92 86 90 85 49 40 44 34 41 20 36 21 21 7 11 6 9 14 7 0 0 5 4 0 1 6 6 4 4 4 1 1 2 3 4 2 2 2 5 2 2 3 3 4 5 4 2 4 4 6 8 6 3 5 8 0 5 10 5 6 6 8 3 6 7 15 12 15 3 7 7 1 0 2 5 24 67 109 154 169 187 185 173 179 108 195 207 190 132 72 49 37 132 217 164 63 16 179 220 209 211 208 209 214 212 217 210 218 208 217 186 161 152 182 181 169 224 138 200 120 162 195 113 196 156 135 163 74 182 178 160 173 97 147 135 198 219 210 208 183 200 220 185 205 220 209 216 221 183 123 219 211 221 131 171 225 213 218 217 216 216 218 219 219 218 218 218 217 222 215 213 219 216 218 222 218 217 212 216 134 38 38 56 187 217 208 216 213 215 212 217 216 216 212 217 218 209 210 189 151 101 58 50 53 77 108 158 184 172 140 114 70 47 147 216 212 214 212 213 215 211 213 214 212 208 210 216 214 209 166 54 41 39 85 208 221 218 217 220 222 223 223 223 224 224 225 226 222 227 161 203 224 216 224 214 223 227 216 222 212 223 230 127 23 15 8 4 2 6 5 0 10 6 5 12 41 19 81 
222 214 221 113 33 209 213 206 214 231 220 222 194 35 61 169 203 226 225 221 208 222 152 20 168 216 225 159 27 10 143 215 206 218 208 76 142 222 209 211 214 202 182 218 205 208 213 218 218 185 115 194 213 207 215 206 206 204 212 209 204 206 217 207 205 202 221 172 18 100 159 82 220 199 71 1 8 13 125 214 215 204 214 188 141 160 228 157 90 108 112 212 159 112 135 195 213 206 212 206 205 209 199 203 199 209 207 195 208 205 209 206 201 198 196 206 203 204 210 123 68 82 129 177 171 186 197 206 198 196 200 206 190 196 189 196 198 198 193 113 152 189 180 167 188 187 186 188 198 131 98 127 175 130 168 181 177 185 185 183 173 174 176 181 185 185 179 174 56 145 71 9 153 186 186 180 181 183 180 184 180 185 177 188 65 149 140 46 184 179 172 175 171 169 180 172 177 180 173 135 39 67 71 165 160 70 17 50 135 173 188 124 0 28 90 114 55 136 125 67 61 115 118 151 147 149 142 133 130 125 130 126 117 111 114 112 108 95 89 93 94 88 85 73 72 68 58 50 48 24 19 32 32 18 10 9 20 7 0 1 1 0 0 0 5 4 4 4 4 3 3 4 2 2 5 7 4 3 5 6 5 6 5 6 8 6 4 5 3 5 11 8 0 8 7 0 4 12 0 1 16 4 0 2 15 28 57 97 133 152 166 181 164 175 177 175 144 144 68 136 160 199 210 204 139 25 177 201 226 98 53 52 109 209 214 205 209 220 198 192 215 218 174 172 214 166 125 210 208 153 160 115 205 124 160 222 121 158 211 146 222 161 176 215 180 198 199 219 208 212 209 217 216 211 209 209 219 216 215 216 217 213 227 133 167 220 220 190 126 216 210 217 218 217 218 219 220 219 218 218 217 218 221 219 216 217 217 221 224 217 212 210 212 200 76 39 37 107 213 215 212 217 213 214 210 218 210 213 218 213 215 220 221 222 219 207 183 131 90 60 45 55 54 26 27 55 67 145 216 213 214 212 213 215 212 213 209 210 211 212 208 207 218 209 169 88 35 45 127 204 212 218 219 221 224 223 223 224 225 225 221 223 227 209 153 217 231 220 224 226 218 227 224 223 220 223 228 153 34 32 17 4 4 0 4 6 7 5 18 9 26 21 
213 217 217 142 19 140 211 226 217 149 130 198 204 48 79 191 162 133 123 178 218 216 170 38 165 220 203 222 179 124 183 215 218 208 214 210 211 210 211 215 214 212 220 208 217 210 212 211 189 44 82 198 206 215 205 210 213 211 206 214 208 218 203 209 213 211 213 166 42 40 109 108 148 190 214 104 7 7 9 87 164 197 207 129 159 179 148 204 108 152 161 178 207 198 209 210 203 203 202 201 204 208 210 204 204 204 207 206 201 204 196 203 207 207 211 117 137 198 214 170 77 160 176 195 208 199 202 196 202 190 199 196 203 192 200 198 194 198 179 74 60 104 86 167 197 190 190 194 195 63 96 35 89 163 181 183 186 170 187 188 190 189 185 180 179 182 184 186 129 81 50 52 174 178 182 187 180 190 183 183 186 179 171 151 140 87 72 111 175 179 177 173 174 181 188 175 173 173 181 176 182 178 141 80 16 51 140 184 187 150 74 27 103 148 196 91 1 7 70 162 127 160 155 163 161 149 152 148 148 136 136 135 135 129 127 123 122 105 105 100 109 96 89 94 91 91 81 86 76 72 72 67 61 64 60 43 57 41 28 25 22 21 18 13 1 0 0 1 0 0 0 1 5 2 4 6 4 3 5 6 5 5 3 4 7 6 4 7 6 7 3 1 0 8 0 2 3 7 28 13 34 38 72 103 129 156 170 170 174 169 165 173 179 187 100 115 123 149 128 158 191 198 185 213 156 93 204 202 193 49 66 140 107 107 204 220 205 210 205 141 215 225 199 139 218 221 135 196 216 218 137 112 216 201 135 108 125 208 214 206 209 218 211 221 220 220 212 212 214 214 210 212 218 225 224 214 213 199 199 220 211 209 213 193 117 217 215 222 133 150 221 210 218 217 217 218 218 217 217 218 216 219 218 219 217 216 220 220 219 221 216 216 216 221 147 45 46 50 167 220 212 216 215 212 211 216 213 216 216 213 217 215 217 215 210 210 214 221 223 173 48 27 83 131 163 192 197 219 213 212 215 213 214 215 212 213 211 209 209 212 207 209 212 214 218 196 119 45 38 96 193 221 219 222 223 223 224 226 226 225 228 222 219 235 170 172 227 222 220 227 229 225 219 196 188 165 157 174 188 69 8 15 12 5 2 0 1 0 3 6 18 26 
218 212 210 205 97 21 69 88 61 43 148 220 201 66 32 53 68 69 83 168 219 212 207 187 205 216 212 211 214 216 217 215 214 212 210 212 216 220 218 213 213 214 212 214 212 211 214 215 75 52 213 212 212 207 214 214 209 217 212 215 212 208 216 209 208 207 206 225 159 37 108 107 136 195 186 210 131 13 75 167 163 109 206 152 129 122 45 185 194 193 216 202 211 209 207 206 210 205 203 207 205 198 207 205 203 207 204 204 202 202 206 209 193 208 183 96 142 122 158 205 168 208 208 207 190 202 201 198 197 202 193 195 198 191 192 196 196 196 173 158 160 123 147 199 190 200 191 195 185 164 134 70 138 187 192 170 82 28 51 74 102 128 159 178 187 192 194 194 195 171 145 168 184 185 178 184 187 181 181 181 178 186 181 66 79 94 130 189 183 179 182 179 179 179 176 182 190 180 173 183 185 113 27 25 110 176 186 175 99 29 76 146 148 51 146 116 19 59 87 164 169 163 168 168 158 158 163 151 155 160 150 153 153 144 139 140 146 120 128 129 123 117 118 117 114 110 104 108 100 82 82 94 96 95 93 89 76 67 65 68 72 72 63 50 50 48 44 39 30 21 20 23 11 3 0 2 3 6 6 4 0 1 3 7 10 7 3 3 3 6 12 30 25 8 19 79 91 46 99 85 128 157 170 165 165 159 165 172 174 184 189 182 185 190 132 64 71 132 196 195 198 196 199 210 100 118 214 209 166 9 115 234 240 124 42 167 227 208 219 155 157 182 203 148 181 219 179 185 220 220 211 207 214 214 214 211 215 220 214 216 212 215 210 218 209 213 216 212 218 225 221 205 190 190 172 208 128 105 154 218 213 216 213 219 139 108 200 218 199 119 204 216 216 215 215 216 216 215 216 219 215 220 215 216 216 216 222 218 221 218 220 216 214 216 206 94 42 37 103 210 219 212 211 214 213 209 209 216 217 211 214 217 214 215 216 216 208 212 189 82 30 96 205 220 213 216 218 211 212 212 217 216 216 217 213 214 214 214 211 211 208 216 211 210 205 217 205 146 56 32 75 176 219 221 221 222 224 226 226 223 222 226 226 216 224 161 199 232 223 208 183 171 151 160 168 189 207 217 229 223 105 9 11 10 3 2 5 2 4 2 3 9 
215 218 209 212 210 161 108 102 132 192 220 218 207 182 197 205 212 215 218 218 216 214 215 217 211 208 212 209 209 213 215 211 214 208 216 228 192 132 189 217 212 213 218 213 215 215 216 166 38 175 218 213 211 211 211 212 210 211 211 211 210 210 210 210 208 211 209 209 214 198 140 77 176 101 166 186 212 127 142 234 230 127 86 211 156 134 169 205 204 212 203 203 208 205 209 208 208 208 209 199 207 200 206 204 205 207 203 209 203 193 212 138 107 166 194 190 155 112 150 211 202 202 201 201 200 199 199 199 200 198 199 201 203 190 204 196 201 174 54 112 131 170 203 191 192 200 191 162 134 153 88 142 181 194 145 42 1 4 1 2 0 0 20 38 56 77 111 133 162 185 208 199 196 196 180 184 186 180 176 184 188 175 180 96 35 128 169 175 178 177 186 180 177 184 186 184 183 182 195 162 60 20 92 172 196 182 131 53 61 146 189 182 181 111 31 118 164 185 173 170 170 170 169 172 167 173 131 108 152 112 172 129 148 159 150 158 150 142 155 139 147 132 128 147 134 126 123 119 107 106 118 118 109 98 98 93 97 90 92 84 85 89 93 91 93 97 83 90 87 90 77 82 68 73 66 85 89 38 1 6 34 62 27 42 63 7 3 46 80 115 110 145 132 11 36 163 177 78 106 174 155 159 157 162 168 170 182 179 189 176 182 194 189 196 169 104 187 199 185 193 199 196 210 199 66 167 209 215 112 77 106 162 178 109 134 88 133 221 221 190 139 162 195 211 205 213 213 218 212 214 219 213 215 213 216 207 215 213 214 212 216 210 213 219 213 211 216 217 197 147 174 185 138 89 161 212 155 133 147 145 210 215 210 215 213 72 51 109 180 126 150 217 213 214 209 224 215 213 221 215 215 216 215 214 215 217 219 219 217 226 218 216 220 215 216 174 61 43 47 159 222 210 215 210 213 212 212 213 215 215 214 212 216 213 217 211 217 195 86 25 100 200 217 204 219 214 210 218 217 211 215 215 217 218 211 214 214 214 212 211 211 211 211 212 211 207 214 207 90 40 44 57 173 220 227 220 222 223 228 223 228 222 225 224 229 194 144 161 160 161 168 184 205 223 227 224 226 219 213 224 235 141 20 13 11 2 2 1 3 4 5 5 
215 219 213 210 217 220 221 227 232 215 214 213 214 223 213 217 213 214 215 216 215 214 214 214 224 222 210 211 207 213 205 216 213 226 193 107 29 9 123 223 215 212 214 212 215 209 215 122 77 217 204 214 217 218 213 212 211 211 211 210 208 209 209 209 210 213 215 206 204 217 188 119 113 171 107 47 107 188 146 158 147 45 3 57 157 203 220 202 206 198 207 206 198 203 203 206 212 202 209 207 206 212 197 207 208 206 207 201 208 211 217 158 124 149 100 179 167 173 214 203 202 202 201 200 200 200 200 200 207 195 200 197 196 204 197 194 196 199 84 91 170 176 197 194 200 190 200 132 98 137 48 80 191 90 12 1 6 9 8 3 10 8 6 5 0 11 65 83 28 48 65 102 140 169 200 202 194 195 195 183 194 162 49 38 87 139 178 180 183 183 177 185 190 189 177 178 196 168 86 25 74 166 196 196 156 63 45 131 191 185 174 186 170 186 136 137 187 171 176 171 180 178 183 170 178 186 100 35 60 73 168 34 76 178 138 101 157 162 102 57 86 143 130 99 125 140 132 136 134 142 127 129 130 122 126 134 127 128 109 114 122 122 101 108 100 101 106 96 112 101 105 125 137 120 122 82 33 5 31 93 133 153 111 3 12 55 119 139 152 151 152 156 54 3 4 43 34 74 160 164 165 173 163 171 179 178 186 185 141 98 85 172 192 194 200 188 192 196 193 201 202 204 213 156 61 206 215 206 83 190 197 91 37 182 229 204 101 114 211 219 222 216 225 212 219 213 214 212 216 212 212 212 210 213 212 213 214 220 219 215 215 217 215 213 196 199 204 222 127 149 139 156 231 151 164 221 212 172 134 116 212 221 220 201 219 165 29 14 41 40 76 203 210 213 217 215 214 215 218 215 213 215 217 217 218 219 219 218 220 220 219 217 217 212 219 207 122 34 37 64 196 213 206 221 214 214 213 213 214 214 214 213 215 212 213 217 180 84 31 114 204 218 209 208 216 213 216 216 211 215 214 218 212 213 214 210 217 211 210 216 212 207 210 210 207 221 190 111 51 38 53 138 203 223 222 222 226 222 224 225 226 222 222 218 231 227 189 176 203 217 230 232 226 223 223 225 219 218 221 219 219 240 183 43 6 15 6 8 1 0 1 7 
218 214 216 217 213 213 213 208 203 217 225 221 219 221 208 220 214 214 213 214 215 215 213 212 185 108 136 217 211 211 216 217 184 103 26 7 64 137 195 212 209 209 211 211 216 209 220 83 102 221 210 211 207 207 215 205 212 212 211 210 209 210 211 212 210 213 216 212 205 207 212 212 222 97 57 164 204 182 139 175 143 55 4 0 6 59 140 199 213 205 203 202 207 205 197 214 208 214 200 211 206 206 210 201 206 210 200 188 121 141 152 202 193 131 137 192 213 212 203 202 204 203 202 202 202 202 203 203 195 206 203 203 201 193 198 208 136 62 109 125 177 200 198 193 193 191 202 189 121 115 116 92 51 1 3 12 1 2 6 17 0 1 0 0 6 96 215 206 103 48 93 59 44 42 52 66 100 137 159 178 196 190 181 138 114 176 183 176 187 182 183 186 176 179 195 185 106 29 2 52 185 206 177 85 45 106 188 192 188 182 187 185 186 184 193 187 180 184 185 189 171 189 178 185 179 191 104 87 89 97 76 31 19 101 122 78 189 174 116 40 93 174 68 30 93 136 72 142 115 103 146 141 148 136 135 129 142 142 136 163 143 133 129 129 130 129 122 128 148 147 144 117 74 44 10 3 42 105 143 153 122 65 18 74 141 162 155 143 158 168 177 101 3 5 7 1 23 158 174 168 173 184 183 186 185 190 157 174 132 59 66 110 170 193 193 205 200 204 204 200 207 210 216 107 57 132 147 131 88 219 217 212 124 94 196 230 223 125 85 197 217 211 223 207 208 213 211 218 215 214 213 216 221 214 211 215 220 209 209 169 213 216 215 220 181 139 231 215 134 207 196 100 211 202 153 225 222 192 173 212 200 182 200 210 215 211 95 26 36 23 30 147 215 211 216 209 214 216 217 215 213 215 217 218 219 220 219 217 218 217 221 220 218 212 215 219 173 55 99 130 159 221 217 214 214 214 214 213 212 212 213 214 213 215 221 177 67 23 113 211 213 209 214 218 212 212 218 215 217 223 215 214 215 215 213 221 208 217 212 211 209 206 211 206 211 172 85 41 32 69 156 224 220 220 218 222 225 222 221 226 227 226 231 227 223 227 224 224 224 223 221 220 222 224 223 221 226 221 217 226 212 213 236 213 85 14 6 12 7 1 5 0 
220 212 213 216 214 215 218 214 216 203 142 178 208 211 217 213 216 215 214 215 216 215 214 212 102 3 36 173 227 211 178 84 16 15 68 151 209 223 214 209 204 212 214 213 214 212 222 84 87 222 204 220 211 214 203 218 211 211 211 211 210 211 212 213 213 211 204 202 212 214 210 206 207 150 118 208 183 55 67 151 232 202 126 48 6 0 14 45 123 186 213 206 200 195 199 204 207 202 213 208 201 201 208 214 207 183 213 207 92 83 115 140 193 194 210 207 202 200 203 205 204 204 203 203 203 203 204 205 204 200 206 196 201 205 199 190 182 152 143 148 197 201 199 200 196 199 192 187 208 183 84 11 2 8 9 2 6 74 144 135 114 76 49 31 1 40 141 149 67 134 232 202 203 180 142 108 89 59 41 29 60 107 130 176 170 181 200 191 181 184 181 181 191 197 140 53 5 112 173 111 84 124 49 79 176 201 176 191 185 187 190 188 185 192 184 170 190 185 185 186 185 192 188 189 183 184 169 179 174 141 138 168 145 118 98 45 108 168 163 108 45 159 52 63 150 172 100 33 78 123 168 162 175 131 42 59 142 124 66 74 121 158 145 153 158 172 167 149 112 55 41 18 44 70 98 144 169 172 117 58 30 60 148 179 162 164 126 97 186 180 141 15 1 4 15 11 134 195 182 178 184 179 182 187 201 136 71 140 199 148 135 184 175 208 196 197 199 198 211 211 213 205 210 95 194 220 169 33 136 222 202 215 215 129 91 177 217 221 149 75 165 226 204 219 217 217 215 208 218 208 211 213 185 194 213 178 201 127 151 119 215 208 216 217 218 127 164 181 182 138 117 151 216 215 217 193 170 169 198 198 87 114 106 175 219 210 169 32 30 35 26 69 198 211 205 213 213 215 217 212 214 215 215 215 216 217 217 216 215 219 221 218 219 216 213 210 208 145 197 229 171 185 219 219 215 216 216 215 213 212 213 215 215 219 170 53 33 119 210 218 203 209 217 212 212 219 216 214 212 214 218 211 215 218 212 214 223 213 207 215 206 200 211 210 155 67 29 28 76 178 212 207 217 216 221 221 220 223 222 224 224 221 225 232 227 219 223 227 226 224 223 225 228 229 227 225 220 224 226 224 223 221 218 223 231 133 25 10 8 12 10 1 
210 218 221 217 216 217 215 212 216 202 41 65 205 221 214 219 216 216 216 216 215 214 214 213 188 52 12 63 145 83 18 13 95 172 217 221 213 205 206 213 211 216 216 216 210 210 215 131 55 210 218 205 209 213 209 214 209 210 211 211 210 210 210 210 211 214 222 218 205 210 217 207 211 216 198 200 71 97 197 214 126 169 229 197 133 65 23 4 4 34 82 148 191 210 215 202 206 199 204 208 212 208 203 176 183 108 106 209 115 166 216 207 207 202 201 205 202 212 196 209 203 203 202 202 202 203 203 203 202 202 203 203 199 206 205 155 121 152 176 198 200 195 193 198 194 193 201 200 150 50 0 5 10 9 0 26 121 188 187 190 185 191 182 165 147 117 89 50 18 58 70 93 127 167 193 212 223 207 177 66 62 131 80 16 41 66 103 133 166 193 193 193 155 55 14 0 36 183 204 156 1 55 157 201 188 181 193 189 188 183 185 190 192 164 100 105 149 189 182 151 195 169 164 179 186 192 207 198 193 194 195 196 195 198 177 139 132 182 147 87 103 175 87 85 135 193 169 55 171 181 173 173 178 155 85 74 142 163 51 96 160 178 186 175 143 98 63 35 14 45 101 148 175 179 171 140 113 63 34 87 149 193 175 141 153 124 79 89 197 173 48 1 12 9 1 92 191 180 177 186 183 188 194 138 116 179 91 83 144 172 198 192 204 198 202 212 204 218 209 203 208 219 186 40 158 218 181 72 196 216 211 214 206 228 170 76 154 226 226 172 85 145 227 211 208 201 215 225 202 211 226 147 107 169 207 191 129 83 98 71 193 221 218 210 221 170 131 168 206 217 212 218 213 217 223 170 102 158 92 227 159 165 167 113 204 208 211 99 30 42 31 22 135 214 207 215 209 213 215 212 215 216 215 214 215 216 216 214 213 222 214 215 217 217 219 211 216 182 160 209 207 176 210 215 216 217 218 218 216 215 215 216 216 217 160 45 124 217 217 205 216 214 216 209 214 218 211 218 216 217 220 213 218 212 222 213 205 209 216 211 202 213 197 135 54 27 44 95 197 207 209 212 217 218 224 223 220 224 223 221 222 226 221 224 228 224 222 219 222 225 227 229 227 224 222 220 225 222 226 217 220 224 211 221 223 234 174 47 11 14 7 2 
218 219 214 212 216 214 212 216 213 217 102 36 206 217 212 211 214 216 217 216 214 213 213 214 212 160 16 17 13 16 82 179 213 223 208 209 214 213 215 212 214 211 208 217 209 209 213 193 39 124 225 211 211 202 214 211 211 212 213 212 211 210 210 209 213 206 207 212 209 205 210 218 209 202 212 215 171 118 186 136 37 88 115 175 215 204 146 78 22 4 1 5 32 82 131 170 202 217 213 199 198 218 204 139 73 152 101 148 196 196 202 203 203 204 207 206 203 203 206 202 204 204 204 204 204 204 203 203 205 200 209 200 198 204 189 195 205 173 172 197 196 201 199 193 193 206 178 91 16 0 8 12 3 6 76 177 195 176 188 179 178 185 189 183 197 195 192 192 178 156 130 99 54 60 57 59 82 118 138 53 169 220 204 40 0 0 3 16 25 59 97 78 20 7 3 7 5 40 62 71 136 190 195 191 187 196 188 187 192 194 189 193 182 83 112 132 150 208 99 39 153 176 82 46 140 177 114 106 158 190 176 174 190 186 192 202 198 190 198 189 197 192 187 168 181 192 181 151 191 182 184 185 192 170 100 54 118 199 85 145 179 141 107 46 43 98 47 46 173 203 198 182 147 72 43 34 49 89 167 198 191 148 166 53 71 115 174 128 175 96 1 11 15 0 59 187 186 186 194 193 201 184 140 95 88 179 192 127 152 191 196 212 207 203 200 215 215 188 110 171 223 216 122 106 140 138 72 80 215 215 214 214 211 211 224 187 89 121 212 235 191 43 107 222 209 222 156 142 159 142 231 187 84 157 219 219 194 88 190 140 179 228 213 219 212 217 223 221 211 217 218 214 214 212 218 212 107 119 109 174 209 118 122 162 202 202 208 186 56 16 39 28 60 196 217 212 208 215 214 217 215 216 216 217 217 218 216 213 212 218 212 220 217 214 218 215 218 213 158 197 220 183 186 221 215 215 216 217 217 216 215 215 211 218 210 171 209 215 215 216 210 208 217 216 212 216 214 215 217 194 122 121 196 208 212 212 210 218 212 209 216 188 106 39 37 38 112 198 208 216 211 215 220 217 219 224 224 224 225 223 223 230 224 221 227 226 227 232 230 225 222 223 226 228 228 227 223 224 219 217 224 223 219 227 218 212 233 214 84 16 18 7 
218 213 211 217 221 217 213 215 217 219 169 34 178 218 209 223 215 216 217 216 214 213 213 214 209 211 124 12 6 89 225 215 211 206 207 213 211 209 218 209 216 212 208 214 210 213 216 221 165 41 106 218 220 211 212 211 213 213 214 213 212 212 212 212 210 218 214 210 218 213 205 211 207 209 209 205 227 211 193 152 180 13 111 168 82 135 211 206 177 122 66 26 6 0 0 23 58 97 123 140 138 154 219 217 143 161 217 197 209 207 203 205 208 206 200 205 197 203 207 202 206 206 207 207 207 206 204 204 201 207 200 203 207 137 123 111 164 177 203 199 196 197 192 200 206 148 84 32 1 11 9 0 17 125 188 184 183 188 186 194 193 181 184 184 190 193 193 183 192 196 199 201 207 189 162 135 115 90 54 22 62 127 72 1 7 1 5 8 9 3 0 3 1 8 8 1 0 20 91 179 196 189 192 180 191 187 185 191 190 191 194 187 200 127 46 14 135 134 33 64 35 188 149 107 214 140 39 123 174 178 55 71 165 196 190 188 192 192 182 198 192 194 197 206 190 189 198 202 195 194 193 193 181 199 167 159 198 148 65 70 35 8 0 3 150 221 193 52 137 125 70 42 39 69 122 170 181 188 209 160 136 66 157 103 72 137 147 210 146 14 12 3 6 24 159 193 188 184 195 181 130 72 157 205 169 110 196 213 206 208 205 207 209 213 216 176 184 203 162 150 207 210 88 193 219 221 104 120 226 212 207 213 220 218 207 220 208 101 97 153 125 140 86 78 204 226 164 93 153 74 192 221 133 123 148 198 220 192 199 223 214 219 210 214 215 214 213 212 218 207 216 216 218 216 215 224 172 178 213 171 215 208 203 219 214 212 209 213 114 21 41 34 22 128 211 209 210 212 214 220 216 216 216 216 218 219 217 214 214 214 217 224 215 215 214 214 212 219 189 169 219 207 175 211 215 214 213 214 216 217 216 214 212 221 213 220 229 208 214 209 217 212 214 214 214 220 218 210 221 183 56 29 150 220 209 214 210 208 210 219 200 100 17 36 29 104 223 215 208 209 223 214 216 218 215 223 226 221 226 224 221 220 219 224 231 229 223 226 224 225 227 228 226 224 224 227 229 225 224 230 221 217 224 216 218 222 213 222 235 132 20 12 
212 216 220 216 211 216 220 214 212 219 211 59 103 222 213 210 216 216 216 216 215 214 214 214 211 213 201 72 6 37 174 220 209 213 213 208 216 212 213 214 222 224 218 213 210 214 213 211 219 194 75 63 158 216 217 211 211 211 211 211 211 213 214 215 215 211 211 211 211 212 212 208 208 215 213 208 208 212 208 224 189 136 186 155 93 166 196 205 209 212 209 185 128 81 49 7 0 2 147 219 203 126 130 202 222 183 198 210 203 204 211 201 206 208 205 203 209 202 207 206 206 206 207 208 207 205 204 203 203 202 205 201 193 94 116 59 134 172 201 198 197 199 210 191 98 117 197 193 72 2 2 68 168 193 195 190 189 188 194 190 192 191 192 191 194 190 194 192 193 189 190 192 183 185 195 201 208 203 190 179 157 125 86 60 32 29 0 0 4 0 10 9 10 3 3 12 85 166 194 187 185 188 188 192 194 190 196 188 194 196 191 195 190 193 178 161 188 160 167 196 141 142 130 129 212 121 64 118 188 180 134 97 137 202 194 187 203 130 39 138 132 186 185 149 201 200 196 190 186 199 200 204 205 185 159 114 58 27 1 0 3 5 12 7 64 159 118 12 14 54 95 147 181 201 189 194 196 191 147 107 49 94 87 154 153 214 200 184 42 4 10 12 5 122 194 185 192 194 177 173 145 117 127 184 199 198 196 204 208 205 212 208 206 213 202 113 149 170 215 187 190 180 84 213 218 209 92 172 217 221 215 212 215 216 216 214 217 221 129 39 178 237 221 83 61 178 219 137 201 172 170 219 205 168 201 218 210 216 221 211 215 212 221 214 211 221 215 217 212 220 214 217 214 218 223 216 216 215 218 219 210 216 220 214 210 214 209 213 201 66 21 34 22 54 189 208 212 205 214 217 217 216 214 213 215 218 218 217 219 213 221 220 210 223 216 217 216 212 218 166 193 228 176 168 218 215 212 214 217 220 218 216 219 218 217 215 213 219 206 214 213 215 215 217 218 211 210 217 217 220 129 32 86 204 207 213 210 211 215 207 210 179 91 39 24 71 163 210 211 214 212 214 211 224 220 224 224 219 225 221 223 222 227 224 220 224 224 227 226 224 224 226 227 226 225 225 224 228 224 221 222 220 221 225 219 216 223 216 213 236 181 57 
199 222 215 214 220 215 217 215 215 212 216 144 23 172 218 215 216 216 214 216 209 216 214 216 216 207 218 188 42 9 66 189 216 211 214 214 213 212 221 189 154 150 176 217 218 209 214 214 212 213 214 167 61 90 204 214 211 219 211 213 214 208 213 214 213 212 214 210 218 208 219 210 212 205 214 215 213 203 214 212 209 221 160 89 86 200 212 206 204 204 201 214 213 202 187 158 116 72 136 208 197 88 2 58 135 195 209 196 203 206 207 202 203 205 205 203 203 205 205 204 203 209 203 208 201 204 208 204 210 200 203 207 198 176 150 119 161 207 203 195 198 213 158 57 34 124 208 197 69 12 137 189 192 186 189 196 194 192 193 192 196 195 192 199 189 188 198 188 190 189 197 189 190 186 192 190 191 189 191 193 197 199 195 189 176 159 136 100 62 40 4 0 0 6 63 149 180 186 181 186 193 187 192 195 188 193 189 193 200 193 192 192 195 192 200 198 193 198 202 189 198 192 188 193 196 166 133 132 179 172 108 87 129 196 186 202 140 57 60 59 118 101 97 159 205 189 196 204 199 189 165 123 73 37 11 1 2 5 8 15 7 2 4 0 5 37 80 125 165 190 205 200 193 197 195 172 88 118 148 131 59 172 173 192 183 187 198 80 3 12 13 3 86 195 183 197 182 177 184 108 184 216 154 181 211 202 203 207 210 210 210 216 211 217 214 189 176 123 151 227 226 126 123 221 225 176 80 213 212 214 216 217 216 213 217 217 210 219 223 169 136 192 183 69 13 44 182 214 190 212 216 210 207 219 223 215 214 215 211 217 213 219 214 213 212 215 216 218 214 216 219 219 215 215 212 222 216 223 214 209 223 211 216 214 217 217 214 202 196 123 18 29 30 28 125 214 210 207 217 214 214 214 215 215 215 215 213 209 209 214 217 217 218 221 219 215 216 213 216 210 153 128 79 91 212 211 213 214 217 220 218 219 214 221 217 213 212 119 82 187 215 215 211 224 210 213 211 215 216 211 194 76 35 149 215 208 212 209 209 213 210 214 206 129 44 33 49 133 205 211 212 220 217 217 218 220 221 220 220 222 222 223 224 225 225 224 223 222 227 225 226 227 227 225 226 228 225 226 226 226 224 222 220 219 215 219 220 217 217 221 223 221 
173 211 217 213 215 215 220 217 213 220 213 206 65 68 213 215 213 218 217 219 213 217 214 213 210 217 203 216 168 34 66 186 218 213 214 210 209 216 149 37 10 3 23 102 192 224 208 214 215 212 216 225 175 20 85 212 211 207 215 220 207 218 212 216 215 217 208 223 164 125 159 203 209 212 212 206 214 218 205 202 208 207 211 191 201 207 203 210 208 204 210 204 188 82 102 178 228 196 140 149 135 81 5 2 5 61 176 215 203 199 205 204 206 206 204 203 205 207 206 205 207 208 203 209 204 204 203 204 203 207 207 175 135 134 136 194 191 198 194 209 210 104 51 148 191 118 76 49 60 162 202 193 190 189 192 195 194 193 195 196 197 201 194 188 198 198 189 196 198 190 187 195 190 199 189 188 189 194 193 191 190 186 178 184 186 182 197 195 184 175 129 115 62 137 190 179 191 191 191 187 187 206 193 190 190 197 191 193 187 194 192 192 193 192 188 192 192 200 184 200 194 193 195 188 194 196 203 198 188 198 174 169 196 193 193 191 156 179 197 139 144 93 120 198 204 197 161 119 78 46 8 4 1 0 14 8 13 4 0 0 6 30 73 110 160 183 205 204 198 186 197 188 200 155 173 205 61 48 97 172 173 182 196 187 191 201 133 5 6 14 8 43 192 197 184 167 198 135 151 158 106 207 210 210 203 215 212 205 217 218 217 209 218 214 220 226 180 150 211 209 216 86 174 219 228 138 120 228 206 222 210 219 219 217 217 214 217 212 213 222 182 92 32 19 30 38 46 138 220 211 208 208 214 214 210 218 213 212 215 210 220 216 212 218 216 217 221 215 211 220 209 211 214 216 218 215 214 213 216 215 210 217 210 220 198 146 193 179 114 126 65 16 29 30 38 186 214 211 210 215 212 214 216 216 215 215 214 212 213 216 218 217 218 220 219 216 216 214 209 222 166 54 39 37 155 221 211 215 217 214 214 220 218 212 215 219 221 137 36 114 223 211 210 213 210 212 217 216 213 215 218 137 29 81 200 208 216 211 216 208 216 213 206 216 94 42 36 23 121 212 218 212 215 215 217 220 221 221 222 224 224 224 224 225 225 225 225 224 226 226 226 227 226 225 225 227 227 227 227 226 225 223 222 222 219 221 221 220 219 219 219 219 
188 216 216 210 213 217 220 213 219 217 211 215 173 32 150 227 216 219 206 211 220 212 216 216 211 215 211 213 207 185 214 217 211 210 222 217 216 203 52 7 110 159 49 4 73 197 215 213 207 215 212 208 222 148 4 129 218 214 208 212 209 213 214 207 207 218 215 174 88 112 76 188 216 225 209 209 217 210 212 213 211 211 215 210 213 209 200 206 209 210 209 212 89 69 110 107 167 78 118 147 220 216 154 50 6 3 36 173 207 195 198 202 209 206 204 204 207 208 207 206 206 206 205 206 205 207 201 205 198 203 217 138 107 209 124 113 222 191 210 185 71 102 194 214 200 128 20 107 207 202 186 198 194 194 193 194 195 197 196 195 193 193 190 191 189 195 196 194 194 193 200 190 187 194 191 194 192 199 187 193 181 184 197 190 185 189 181 187 184 190 96 90 149 164 97 115 171 127 112 180 191 152 174 200 201 196 200 202 203 201 200 187 197 187 202 189 195 189 196 185 197 192 188 188 197 190 189 199 190 191 199 192 190 203 194 185 199 200 190 215 213 203 180 110 75 54 19 24 144 159 73 3 13 10 7 3 0 17 49 86 136 173 193 205 202 187 186 193 193 193 149 169 117 43 102 179 112 144 201 175 197 200 187 193 202 153 27 9 16 10 17 170 196 203 128 96 153 180 150 136 176 210 210 210 209 211 215 217 151 128 205 221 218 214 218 207 219 224 210 225 181 82 209 218 214 96 173 221 218 213 218 218 216 217 221 215 215 220 220 212 219 193 101 27 38 43 25 25 114 205 214 212 211 213 214 213 214 216 218 215 208 220 217 214 212 209 214 214 218 216 211 223 218 210 217 219 222 214 194 220 231 213 213 221 155 84 146 214 194 144 156 23 35 45 21 110 217 205 208 209 210 214 216 216 215 216 216 215 217 218 219 217 217 219 219 217 215 219 211 217 218 111 44 41 80 208 209 216 218 213 217 217 214 219 218 210 219 202 75 48 181 213 215 214 215 216 194 206 212 208 220 192 61 31 158 214 204 214 210 210 214 209 207 116 44 30 33 90 180 217 213 216 212 213 216 219 221 221 222 224 225 225 225 224 225 226 227 227 225 227 227 227 226 226 226 226 226 226 225 225 223 223 223 222 222 221 222 223 222 218 216 217 
217 222 212 212 217 216 215 212 213 218 213 213 221 111 49 210 216 213 218 215 216 212 218 215 215 212 212 214 217 224 209 216 214 212 173 204 211 195 49 16 176 234 184 41 6 139 216 211 219 215 211 216 206 222 117 7 159 218 214 210 212 214 206 214 219 216 217 103 144 94 139 167 106 178 220 217 209 211 214 207 211 214 200 215 207 211 197 200 206 203 212 154 34 136 41 169 88 47 85 118 192 159 206 192 57 13 3 57 201 202 208 206 208 205 204 207 208 207 206 206 205 207 209 202 203 209 202 204 206 199 195 201 150 125 123 171 202 199 129 76 151 211 207 175 60 45 177 204 197 192 198 204 197 197 196 195 195 194 194 196 196 196 193 194 201 192 197 190 203 188 175 192 191 187 196 186 198 187 189 191 189 192 187 189 191 191 192 186 177 182 58 55 189 100 162 148 124 132 106 169 97 139 181 168 143 149 190 176 178 153 157 192 195 206 198 199 203 201 193 189 192 197 205 189 194 191 190 189 193 195 190 199 194 189 192 198 206 206 177 131 86 62 42 58 97 159 142 74 210 221 146 0 1 3 25 56 115 155 193 198 199 190 184 189 183 193 200 198 208 122 92 185 178 64 131 138 174 191 194 194 190 198 195 192 191 49 6 13 17 11 125 211 200 206 183 162 157 114 214 206 218 208 209 212 217 213 205 206 109 151 153 184 226 216 218 218 217 221 214 226 131 119 219 218 185 90 209 219 215 221 210 221 217 217 216 220 218 211 215 217 202 215 213 147 38 22 36 40 19 92 190 212 205 207 212 219 214 214 207 218 221 213 213 220 212 219 207 219 218 207 213 203 206 213 218 192 154 200 146 144 166 209 220 211 218 185 146 126 211 144 179 86 25 35 37 35 178 216 210 216 210 213 216 216 216 217 217 217 218 218 218 218 218 218 218 217 207 221 218 205 221 184 63 46 47 142 216 208 215 216 219 214 220 221 212 215 215 224 147 31 110 220 208 211 220 173 55 100 218 209 203 210 131 30 86 208 214 213 208 215 218 195 95 27 41 26 103 206 213 208 210 210 210 211 214 217 219 219 221 223 226 226 225 225 225 226 227 228 224 227 228 227 227 228 228 226 226 225 224 224 223 223 223 223 220 221 222 223 222 219 216 215 
216 215 212 216 219 211 211 218 216 216 217 217 208 194 51 102 216 213 214 220 215 217 212 216 217 214 218 214 211 208 217 213 226 134 15 107 212 210 75 7 130 210 223 99 1 111 224 209 211 213 213 217 212 207 209 44 68 220 210 211 211 213 213 215 212 214 219 199 136 162 155 61 150 183 173 202 212 208 211 214 216 217 207 211 207 205 207 211 209 203 214 198 149 121 148 169 105 127 90 169 102 146 82 180 201 42 9 10 103 204 197 204 206 205 206 209 210 206 205 206 208 206 210 203 203 204 200 204 207 200 216 207 215 188 200 214 175 79 108 194 209 204 131 51 112 206 204 202 197 201 204 193 194 195 198 198 192 190 193 198 198 194 191 200 197 188 201 191 107 75 69 196 194 193 191 197 192 194 189 183 194 194 189 189 186 194 186 194 192 176 170 141 149 142 94 111 144 132 90 130 96 188 211 115 121 122 191 106 166 52 106 187 116 120 151 170 113 142 202 194 189 172 161 193 197 200 198 188 194 189 192 189 204 209 188 158 113 60 47 54 80 125 174 208 223 213 205 67 42 84 31 49 88 133 172 198 200 192 188 181 190 191 196 199 203 193 150 108 137 148 101 168 118 164 177 207 193 199 193 197 201 195 202 207 111 5 19 11 1 97 206 198 201 206 206 215 154 174 214 209 210 218 214 223 209 208 192 165 220 182 139 181 222 230 216 222 217 201 214 221 98 161 224 224 132 118 221 216 218 210 223 217 217 220 216 217 219 222 219 207 216 217 203 217 160 46 17 43 35 23 55 164 224 204 211 213 212 213 214 209 216 214 214 211 213 211 218 190 201 228 158 110 162 223 212 192 81 144 200 69 124 145 214 212 220 165 129 139 212 199 217 155 32 23 27 26 101 220 206 206 212 213 214 215 217 219 218 216 216 216 217 219 219 218 217 217 216 219 217 218 209 211 130 50 44 63 193 210 210 217 216 217 216 217 215 224 215 212 198 71 48 177 223 210 212 204 85 36 168 215 208 221 198 62 34 158 221 208 205 217 176 76 34 42 39 125 210 206 204 211 210 215 209 210 213 217 219 220 221 223 226 226 226 226 226 226 226 226 222 225 227 226 227 228 229 227 228 226 225 224 224 225 225 225 218 222 224 222 222 222 219 214 
214 216 216 217 217 215 216 219 221 215 217 213 210 217 160 19 133 226 207 214 216 215 215 217 216 216 215 215 223 216 219 212 215 80 4 116 220 220 135 1 54 196 211 127 2 107 218 205 210 218 201 217 209 211 224 158 26 165 220 209 214 208 218 209 216 218 207 218 227 210 79 161 218 154 100 124 209 223 211 212 205 212 212 211 208 208 209 204 210 205 217 206 216 217 216 201 194 196 203 98 107 198 88 171 220 167 21 8 22 181 203 207 203 206 209 210 209 206 205 207 210 201 206 207 207 202 204 207 209 176 136 169 137 124 212 134 55 148 206 207 191 75 51 164 211 189 193 196 198 201 197 199 195 190 192 196 194 196 198 193 202 181 170 153 186 103 97 179 93 79 101 119 190 191 179 191 189 180 186 194 188 184 187 190 189 185 197 193 192 193 201 190 184 195 171 173 200 134 134 192 131 108 190 133 163 112 99 116 179 150 95 175 29 71 193 91 173 104 152 210 158 55 113 166 127 85 122 189 192 204 184 171 126 80 46 44 60 113 170 188 220 219 213 173 128 85 41 34 65 118 165 183 193 200 190 183 188 189 194 189 194 196 201 178 138 178 92 168 119 137 155 95 135 210 198 196 205 196 201 203 198 201 211 164 22 19 13 12 52 190 205 206 211 209 209 208 220 221 212 212 214 214 223 184 212 167 196 136 175 219 202 220 224 213 219 217 218 219 222 191 86 215 213 218 94 175 227 216 221 218 210 218 216 222 219 219 213 211 210 224 222 210 213 206 210 193 82 22 29 28 28 35 135 223 212 211 215 220 218 222 211 220 216 207 193 218 151 139 146 178 159 104 149 161 205 216 159 155 230 149 190 182 210 218 220 215 199 215 215 211 216 202 82 31 28 35 31 161 223 218 213 214 214 215 217 218 217 214 214 214 216 219 220 217 216 217 216 210 210 213 211 217 200 79 37 31 113 222 211 215 218 216 210 217 223 217 219 216 224 141 32 99 211 210 213 222 154 35 96 212 218 197 178 76 25 77 197 213 212 206 191 97 44 60 161 208 204 207 215 205 209 211 210 211 214 218 220 221 222 224 225 226 227 227 227 226 225 225 222 224 225 225 226 227 228 228 228 226 224 224 223 224 224 224 220 225 225 222 222 224 221 216 
220 219 216 213 217 219 217 217 212 220 216 219 212 213 222 88 27 166 221 215 213 215 222 210 218 217 215 216 215 214 209 217 214 109 3 98 218 217 186 37 11 160 229 104 0 120 218 209 214 213 219 215 212 217 201 218 73 60 208 219 215 214 207 217 212 210 215 215 209 211 186 200 153 111 202 109 189 172 207 214 219 211 206 214 210 212 209 214 211 215 204 205 207 206 206 217 215 212 212 186 122 115 139 141 167 219 98 4 13 85 213 198 203 207 209 208 206 206 207 208 207 200 204 207 206 204 211 200 199 190 174 138 114 149 93 85 187 216 211 139 55 97 196 200 193 201 195 200 202 196 198 193 196 191 195 195 190 199 200 184 179 160 56 123 203 83 33 63 144 139 191 187 177 193 193 170 190 192 199 203 192 201 189 199 197 191 195 195 185 195 178 179 185 194 189 192 194 197 210 197 201 195 194 190 206 182 142 188 149 97 103 151 115 130 134 95 169 88 162 200 170 146 96 160 173 60 168 179 154 101 65 16 23 94 143 184 211 219 202 193 146 103 53 34 49 81 136 168 172 113 140 196 190 189 193 194 194 193 192 191 200 198 172 85 109 81 165 101 86 126 211 211 209 200 204 204 203 206 206 197 205 205 196 55 5 20 21 26 174 221 195 209 205 204 221 210 204 217 217 212 229 196 193 190 162 214 165 159 205 225 221 219 218 218 222 219 219 212 225 133 115 219 216 198 78 197 228 204 191 218 147 221 218 219 215 226 226 213 218 217 212 219 217 209 212 213 196 97 22 24 34 33 16 90 209 212 223 193 156 159 199 208 213 214 134 193 121 202 221 114 195 188 185 104 196 220 213 194 210 217 216 219 211 217 211 217 217 213 214 214 196 225 159 35 37 27 21 86 209 208 214 215 215 215 215 216 215 213 215 213 215 219 220 217 215 217 217 220 222 211 214 211 214 146 47 41 48 182 216 212 220 212 220 214 217 215 220 216 215 196 70 47 183 228 211 226 202 73 40 115 101 54 39 32 45 62 168 214 210 216 207 200 154 183 216 218 205 216 206 218 213 212 213 214 216 220 221 220 221 222 225 226 226 227 227 226 226 225 224 224 225 226 226 226 227 228 227 225 223 223 222 223 222 221 223 224 224 223 223 224 222 219 
215 213 214 216 218 219 215 217 218 211 216 214 213 211 212 199 40 41 200 217 216 220 214 217 213 222 214 211 220 214 218 209 215 164 25 16 137 212 187 37 6 128 218 183 138 192 206 220 164 187 214 208 217 214 212 216 183 20 121 226 212 208 218 208 208 213 208 211 208 213 222 216 156 124 133 154 86 107 152 221 214 208 216 210 214 211 212 210 211 207 212 217 209 200 217 206 208 208 202 209 226 184 96 163 89 162 192 31 6 24 158 212 203 206 206 204 203 205 207 207 207 207 209 204 203 207 214 186 118 197 203 219 151 24 26 204 219 171 80 60 162 210 197 193 197 196 199 196 198 197 194 200 191 197 209 200 182 190 198 182 98 191 186 96 194 116 138 189 177 200 191 185 189 193 175 23 93 219 132 101 121 164 193 144 174 163 192 197 188 201 190 184 185 188 185 190 189 188 185 191 187 198 189 186 190 202 201 191 196 178 183 192 198 190 190 149 103 147 193 189 170 127 100 173 120 29 47 49 0 60 177 157 61 184 215 198 161 121 75 43 44 71 118 170 216 218 144 161 28 69 151 207 192 193 189 186 192 197 200 195 192 196 201 128 68 103 120 178 177 201 204 198 203 205 204 206 202 207 204 208 200 216 105 6 25 24 10 120 212 201 215 211 214 213 211 213 217 220 203 217 143 132 112 182 187 186 231 225 221 220 213 222 217 218 221 217 219 207 218 86 139 228 235 127 109 164 137 197 176 119 136 213 212 215 221 218 216 221 214 211 216 214 212 214 212 210 216 206 130 34 22 25 71 88 77 194 218 163 91 138 189 219 214 226 166 138 178 136 135 116 211 187 137 180 213 216 212 213 214 217 213 217 214 217 217 212 218 212 208 217 209 210 203 101 159 132 57 15 145 223 213 216 217 216 214 214 213 213 216 214 215 219 219 216 215 217 219 218 212 218 218 214 218 207 86 50 45 101 222 209 215 212 217 216 218 220 214 216 210 220 140 35 98 175 150 119 80 35 21 33 54 75 101 143 180 192 203 214 216 208 212 213 217 217 210 211 217 213 213 215 211 216 216 216 218 220 220 218 218 218 225 225 226 226 227 227 227 227 227 225 226 228 227 226 227 230 228 226 224 224 224 224 223 222 223 221 221 223 224 223 222 222 
215 212 217 220 217 215 211 213 217 210 218 213 214 212 216 214 170 22 100 218 215 213 215 217 213 214 215 216 216 215 214 213 214 214 109 5 12 59 59 13 5 152 217 214 223 205 216 174 21 86 212 211 215 213 212 214 225 117 30 188 214 215 216 210 217 215 205 210 213 215 212 212 221 211 206 125 125 201 157 130 190 216 209 211 213 214 208 213 211 211 210 209 209 209 210 210 208 208 209 207 215 165 67 163 117 181 218 104 6 6 90 211 198 207 205 201 207 201 209 206 204 209 206 204 200 211 170 74 177 218 187 95 4 8 6 81 135 51 101 199 208 199 199 203 203 198 197 198 196 201 205 203 212 153 105 156 172 100 198 213 145 99 206 156 174 204 199 189 201 194 197 191 181 198 138 12 39 91 1 65 148 49 59 95 79 90 92 148 100 64 99 162 177 190 188 197 202 193 192 191 193 187 195 196 187 193 191 188 190 199 192 187 186 185 197 194 201 199 197 193 175 132 87 59 15 4 1 0 2 111 211 207 71 67 103 53 40 64 107 155 187 178 190 143 90 141 34 115 129 16 117 157 191 189 196 192 197 205 193 196 198 205 196 205 144 195 193 202 208 198 202 208 208 209 198 208 205 211 200 206 217 143 13 22 22 7 91 211 206 211 214 215 214 210 217 231 210 215 189 176 186 133 204 181 220 218 217 220 212 226 217 219 217 216 219 219 219 226 194 58 113 143 154 69 169 136 95 122 200 179 172 200 213 216 212 223 216 215 215 216 215 214 215 218 214 210 209 214 215 161 30 86 221 229 146 80 212 222 109 146 206 211 206 210 210 167 215 203 186 207 218 218 220 221 216 212 211 213 214 214 215 217 219 220 213 213 213 214 216 216 211 207 215 160 152 236 195 145 93 197 217 215 220 216 207 218 214 213 215 214 214 215 215 215 217 219 217 219 218 215 213 215 215 214 160 50 45 54 171 219 218 215 218 215 218 215 215 215 211 219 193 65 26 32 38 47 69 99 136 162 191 213 215 218 217 213 212 213 213 213 214 214 214 216 213 214 215 215 213 212 214 217 215 218 219 219 218 219 220 221 222 223 224 225 226 227 226 222 225 226 227 226 225 225 226 227 225 224 225 227 228 226 224 223 224 222 222 224 224 223 223 224 
213 224 216 212 215 215 215 220 208 215 218 214 217 213 215 212 221 135 19 132 219 212 212 213 214 215 215 216 216 215 214 214 211 213 209 127 33 6 6 9 96 208 209 212 211 215 190 39 9 110 215 214 210 215 214 211 211 206 53 78 215 203 79 36 91 205 214 212 212 220 211 217 208 221 211 194 238 165 138 186 111 215 222 216 207 210 214 210 209 210 211 211 211 211 211 211 210 207 213 217 208 220 170 98 116 119 188 188 17 5 45 188 209 204 204 202 210 206 203 203 201 207 201 211 202 211 120 62 218 139 46 1 11 18 12 1 53 162 211 208 200 199 198 199 194 198 206 210 206 182 134 123 170 101 173 107 164 134 82 120 190 163 191 203 201 189 198 198 193 195 193 199 188 197 108 101 124 32 59 89 212 60 79 205 43 45 36 154 151 4 139 113 109 194 147 62 88 175 200 188 184 195 189 191 191 198 191 198 190 179 207 205 187 195 199 198 177 146 109 74 29 5 0 2 1 10 12 11 5 2 41 57 29 53 88 130 176 195 176 188 199 134 49 176 20 58 65 32 179 80 68 127 200 195 197 202 202 190 208 202 197 204 195 205 209 200 209 202 207 205 209 207 201 203 206 212 208 207 205 214 177 41 21 24 20 48 189 213 206 213 213 216 214 219 219 158 200 153 198 148 185 204 201 224 217 222 222 223 225 211 224 221 218 220 225 212 200 227 145 114 230 222 120 51 213 147 183 216 200 220 226 221 212 223 223 219 218 217 218 218 217 215 216 217 215 214 216 207 212 221 173 98 199 216 151 22 165 225 178 121 134 191 205 202 218 220 215 216 216 219 216 209 206 208 211 213 209 212 215 216 216 217 217 216 215 215 214 215 215 214 210 207 217 201 110 191 220 223 167 129 226 213 217 215 215 215 216 219 214 214 214 216 217 217 217 218 217 219 219 215 212 213 213 212 206 90 52 39 97 213 214 210 220 215 215 211 212 215 211 214 218 137 88 125 154 184 213 220 220 219 221 209 208 212 208 208 213 213 206 212 213 214 219 209 215 214 214 215 214 214 214 216 215 217 219 218 217 219 220 221 223 224 225 224 224 225 225 224 227 227 226 225 224 224 224 224 226 225 225 227 228 226 225 226 224 223 223 225 225 223 222 223 
216 221 209 215 218 216 212 213 216 217 213 214 221 213 213 214 213 210 77 33 181 227 217 212 215 215 215 215 215 215 214 214 218 210 214 209 199 147 103 152 209 208 211 201 210 198 64 5 82 214 211 211 210 214 214 215 213 219 138 11 174 115 30 125 32 63 203 217 215 208 213 213 215 208 217 214 212 144 135 158 136 161 122 176 216 211 212 212 207 208 210 212 212 212 211 211 210 216 210 204 208 212 182 114 36 15 161 208 76 3 16 144 206 195 206 207 208 205 199 204 209 208 198 199 200 211 181 153 83 7 8 17 10 3 17 103 202 202 197 197 205 206 198 203 212 201 203 151 198 134 92 114 124 134 121 120 143 194 132 175 192 207 195 201 191 202 201 190 193 192 191 193 194 189 184 189 188 193 151 156 197 113 168 172 80 134 45 178 151 41 199 86 95 218 82 25 139 193 188 190 187 81 101 104 194 150 173 192 191 200 139 112 107 119 123 63 37 8 1 1 1 9 18 9 7 1 1 0 16 46 86 137 173 204 207 202 189 195 84 78 207 216 61 120 144 90 219 136 178 197 195 205 195 205 201 195 200 199 205 205 200 202 207 206 207 202 200 208 203 205 212 206 208 211 216 201 216 213 210 206 85 34 21 22 13 151 222 203 213 218 212 225 215 220 209 158 167 214 167 149 197 232 222 219 218 222 220 218 214 224 222 209 225 183 194 142 187 231 99 71 202 215 131 98 226 211 220 213 220 221 220 223 220 218 215 216 220 219 218 218 217 217 218 219 217 218 217 217 213 209 223 164 55 112 132 106 74 218 211 206 216 214 221 226 208 221 216 217 216 213 214 216 214 212 212 211 211 214 216 216 216 216 216 214 216 215 215 215 215 213 211 209 210 223 164 134 225 212 215 127 184 223 212 216 221 213 214 217 214 213 214 217 219 218 217 217 216 219 219 216 213 214 214 212 224 169 52 51 50 153 222 217 219 214 215 212 212 217 215 214 215 208 211 227 221 221 212 210 208 210 207 206 213 220 216 219 217 214 211 217 214 213 220 216 216 214 213 214 215 215 214 215 215 217 217 216 216 218 220 220 222 224 226 225 223 223 224 224 227 227 226 225 225 225 224 224 227 226 227 228 228 227 227 228 226 225 225 225 224 223 223 224 
216 216 213 219 212 215 216 221 219 215 213 214 217 214 213 214 211 212 197 30 90 218 208 218 214 214 214 214 215 215 215 215 211 216 214 208 211 221 224 222 213 211 210 212 214 95 9 6 64 198 203 204 208 210 216 206 207 216 215 81 31 2 111 237 173 38 55 190 224 214 215 212 215 213 213 211 220 211 165 164 145 64 169 84 191 227 214 212 210 210 210 211 213 213 212 211 214 204 214 216 208 210 213 146 82 177 180 211 135 11 1 100 223 194 201 208 200 206 212 198 201 202 205 204 209 224 158 85 43 9 13 14 6 51 148 210 201 196 195 206 197 198 212 193 188 208 138 133 104 184 70 108 198 202 158 167 205 208 210 200 202 195 192 200 200 198 189 204 194 191 196 199 192 200 194 194 189 192 199 193 188 204 195 188 179 200 163 178 171 131 195 114 58 152 41 38 159 187 188 189 68 4 72 64 68 84 210 203 203 131 99 110 68 62 84 7 1 1 11 11 7 2 0 0 10 35 74 129 182 193 186 168 205 190 184 195 185 189 184 53 106 115 127 109 198 174 192 203 202 193 201 202 198 200 200 201 202 205 195 208 197 206 198 204 203 214 205 210 206 206 212 202 213 197 200 218 168 209 212 132 184 202 126 2 108 199 180 221 214 216 216 212 219 221 205 218 141 204 230 227 222 217 219 223 220 225 221 214 232 194 214 123 149 206 170 102 195 210 75 144 125 112 33 154 222 218 219 223 221 218 216 217 216 216 217 221 220 218 216 215 215 217 219 222 216 224 212 212 217 206 214 221 79 140 234 211 67 175 224 213 217 215 209 216 216 216 217 213 220 214 216 219 216 214 214 212 215 216 215 214 214 216 217 216 214 214 214 215 215 213 213 213 216 207 214 113 194 212 220 180 126 222 213 215 216 215 212 213 215 213 213 216 218 218 217 217 216 218 219 217 217 218 217 214 209 202 105 45 41 89 198 218 213 212 216 217 214 216 218 217 218 214 216 208 209 216 216 215 215 215 215 217 218 172 165 157 182 207 219 208 209 215 212 213 215 214 213 215 215 215 214 214 215 216 217 216 216 218 220 220 220 222 225 227 226 225 223 222 227 226 225 225 226 227 227 226 226 227 229 229 228 228 228 229 228 227 226 225 224 224 225 227 
215 217 216 214 213 220 212 216 214 213 222 216 210 218 216 211 218 210 222 121 21 176 219 211 214 214 214 215 215 216 216 216 218 218 210 216 216 207 208 203 207 211 211 220 107 9 28 37 2 107 214 209 213 210 212 215 216 211 215 199 76 62 177 213 216 183 85 43 141 208 216 213 211 212 216 213 209 209 214 218 160 106 84 167 102 131 210 210 216 213 212 212 214 215 215 213 211 219 209 209 211 202 217 157 200 198 151 193 183 27 7 42 179 219 211 189 198 206 201 204 210 203 204 213 204 89 95 183 200 110 1 18 99 192 209 189 195 201 202 213 209 206 146 134 115 182 121 183 137 142 184 168 208 201 209 207 205 197 192 199 201 200 200 198 200 195 199 196 199 190 194 198 199 185 194 194 201 191 194 199 197 185 197 184 197 188 194 188 190 202 188 189 177 165 151 111 130 202 199 128 64 80 72 48 42 108 96 87 40 55 159 13 1 1 63 90 1 14 0 0 12 21 64 113 153 191 198 196 115 159 94 105 203 189 198 191 197 190 204 144 72 132 192 208 199 205 199 196 204 200 196 202 199 206 203 202 204 205 199 203 219 200 210 210 209 191 211 210 215 208 205 165 114 182 141 177 127 216 150 82 222 238 183 54 186 79 132 211 192 184 225 215 220 225 198 148 162 222 208 218 221 222 224 218 224 195 203 133 136 113 219 119 98 141 221 187 201 160 112 232 222 190 63 202 221 215 221 215 217 222 224 220 219 221 223 221 220 219 217 216 216 218 219 219 219 219 215 210 214 220 216 226 145 118 220 224 126 103 220 206 212 227 210 206 220 214 219 222 223 218 218 216 212 214 217 214 216 216 214 212 212 215 217 217 213 213 214 215 215 213 214 216 210 211 223 175 133 225 211 225 133 174 222 214 212 216 213 215 216 214 213 215 217 217 217 217 218 218 218 217 219 221 218 214 210 227 167 112 184 182 164 214 213 212 213 217 216 214 216 217 214 218 207 212 216 213 219 214 212 213 209 213 137 67 34 42 50 75 147 214 219 210 218 216 214 214 214 215 215 213 213 215 215 216 216 215 216 218 220 220 220 221 223 226 227 226 224 222 227 226 225 225 227 227 227 226 225 228 230 230 230 229 229 228 228 228 228 227 226 226 227 228 
218 216 212 211 222 219 210 221 223 215 215 218 213 217 213 213 205 217 208 198 40 93 223 208 214 214 215 216 216 217 217 217 215 212 211 211 213 213 211 216 214 206 223 128 9 30 163 160 18 27 149 218 207 204 209 216 212 216 214 220 215 210 213 207 210 218 216 166 53 69 192 212 212 217 216 212 213 213 216 207 227 165 173 144 171 129 167 226 212 212 213 213 214 215 215 214 213 208 209 213 212 204 220 210 89 112 164 182 206 55 1 7 42 103 166 214 214 195 196 206 203 200 213 164 82 54 101 235 219 134 24 152 209 196 196 208 217 203 201 145 91 185 134 87 90 110 181 114 125 187 213 202 204 206 198 206 201 202 201 199 199 198 199 200 195 195 199 193 190 199 206 200 195 204 201 211 172 188 198 197 194 191 197 198 193 197 190 197 196 191 193 192 195 195 192 190 192 184 210 198 210 165 54 14 12 34 48 95 117 79 166 10 4 1 49 125 3 6 42 102 128 186 205 183 198 117 35 130 140 62 15 162 197 193 192 201 189 194 194 206 211 210 206 191 200 200 199 200 200 206 201 202 208 212 200 205 208 203 212 187 140 156 156 151 162 143 164 212 207 210 224 155 88 99 179 89 85 184 47 13 101 133 51 156 227 125 69 106 81 187 227 216 217 221 215 222 226 227 223 230 205 207 190 111 200 214 139 94 184 115 200 141 198 200 203 227 232 123 140 220 222 154 88 218 211 221 217 224 223 215 215 218 224 219 219 219 219 220 220 220 220 219 218 216 220 211 222 220 215 210 214 214 201 85 192 223 192 62 196 219 219 213 212 223 217 217 218 216 215 217 218 216 214 217 218 215 214 214 214 213 214 215 215 214 215 214 214 216 215 213 213 215 218 217 211 220 135 190 219 219 193 118 211 220 217 216 212 213 217 214 213 214 216 216 216 217 218 219 217 216 218 220 217 213 213 215 197 170 215 221 181 192 215 217 211 214 217 214 214 215 214 218 215 220 212 213 196 225 219 215 211 181 55 29 64 131 116 55 28 119 207 216 211 210 213 213 215 216 215 213 213 214 214 215 215 215 216 218 220 219 223 221 221 223 225 225 225 225 228 227 226 225 225 225 225 224 225 228 230 230 230 229 228 227 224 227 229 228 227 227 226 225 
215 216 215 215 216 210 224 208 205 218 209 216 217 212 213 216 214 215 210 219 115 18 167 225 213 214 215 216 216 216 215 215 216 216 220 212 216 219 207 211 204 217 163 24 5 145 222 209 108 3 44 193 210 214 220 207 217 220 210 211 218 214 214 218 209 203 199 206 115 0 48 217 209 208 213 218 213 218 211 213 210 222 190 95 149 126 197 214 202 207 212 214 213 212 211 212 213 207 216 213 211 213 205 211 99 152 235 112 181 158 71 17 1 2 21 80 146 201 215 204 204 215 138 86 176 215 128 89 105 106 189 211 193 202 203 172 131 174 192 156 90 190 215 92 156 171 188 207 204 209 196 203 197 208 202 204 206 199 204 197 200 198 200 198 195 205 202 197 197 198 197 202 216 169 162 168 106 189 204 194 197 201 197 188 194 192 189 202 194 188 186 187 192 187 203 196 195 174 122 77 41 40 64 109 143 174 201 220 232 144 118 159 77 86 144 76 119 177 206 192 213 122 145 81 146 93 6 7 116 204 82 131 206 197 198 201 201 199 200 197 196 201 197 211 199 202 210 196 201 172 196 211 196 170 214 189 161 211 210 178 88 157 112 173 88 130 126 216 209 208 214 157 141 167 174 197 197 101 11 25 21 2 114 214 130 172 209 132 151 225 215 225 226 227 224 220 180 190 211 165 110 220 206 101 92 156 211 142 221 205 209 222 228 221 219 219 212 80 188 224 227 102 127 238 218 221 218 219 217 218 221 215 218 218 223 222 218 220 220 220 220 221 219 217 217 216 222 216 220 218 221 211 232 113 136 227 215 96 131 229 218 220 212 213 213 223 218 218 220 221 218 214 215 215 214 214 214 215 215 215 215 216 215 213 217 215 215 217 217 214 213 215 214 208 215 220 188 136 216 220 225 137 165 221 220 215 211 212 216 215 215 216 216 216 216 217 217 219 218 216 217 218 217 214 221 214 224 171 181 220 207 162 203 218 214 213 218 216 215 216 218 209 215 215 218 195 89 105 199 208 227 163 47 34 159 224 220 185 66 30 145 215 206 218 213 213 213 215 215 213 212 212 213 214 215 215 216 218 219 218 222 221 220 222 223 223 224 225 227 227 227 226 225 224 225 225 226 228 228 228 229 229 228 226 226 229 230 228 226 226 227 226 
216 215 217 218 211 215 217 118 156 223 217 214 214 212 219 213 215 215 210 220 175 20 105 223 213 213 214 215 215 214 213 212 217 213 216 213 210 213 212 210 218 191 32 8 120 224 207 219 223 77 0 99 214 206 182 213 218 209 220 215 212 211 216 192 86 30 58 40 36 77 115 207 215 214 212 211 215 214 220 211 210 214 221 198 179 209 219 213 194 203 214 217 214 211 210 213 206 214 207 213 210 209 209 208 204 197 193 41 87 145 202 175 123 54 4 0 8 48 105 174 176 108 131 200 215 208 125 16 129 211 212 212 195 173 215 79 95 181 219 219 165 138 211 200 204 213 203 201 207 195 205 203 207 204 199 208 198 208 196 203 204 204 191 200 202 196 203 198 202 198 205 155 117 191 161 94 88 207 196 200 197 195 198 199 196 198 191 188 191 194 204 197 188 168 122 77 45 34 59 97 140 172 203 219 218 195 172 122 83 49 35 103 138 134 100 130 132 103 124 88 93 47 21 2 112 89 76 154 111 178 203 183 194 201 197 198 199 202 199 202 197 204 203 206 202 202 196 196 103 146 106 188 166 80 141 216 130 190 216 218 122 133 208 217 139 209 157 195 214 216 214 211 218 223 211 222 165 31 21 25 18 78 208 209 146 30 90 208 239 230 225 219 181 161 210 186 146 212 232 118 95 177 206 121 186 187 207 231 217 221 222 219 215 221 216 224 186 94 218 219 211 68 188 225 215 221 220 217 220 216 219 217 224 219 221 220 218 218 217 216 218 221 222 221 221 217 219 216 215 220 218 214 220 180 81 208 232 166 88 214 214 223 216 218 217 210 216 217 215 218 217 219 223 219 213 214 217 217 216 215 216 217 216 214 218 215 215 218 218 216 215 216 213 215 214 219 223 137 186 218 219 202 116 215 216 214 214 219 216 215 216 218 217 216 215 216 215 218 219 217 216 218 219 218 213 220 211 214 157 208 217 176 183 215 218 213 217 214 216 218 214 219 219 209 222 161 39 45 182 222 217 181 43 50 185 212 212 221 166 40 57 187 221 209 214 212 212 214 216 214 212 210 212 213 214 214 216 218 218 217 220 220 222 224 223 221 221 223 226 227 227 227 226 226 227 228 227 228 227 226 227 229 228 226 231 232 230 226 224 226 228 229 
221 216 209 214 215 225 165 60 78 181 216 219 218 213 217 212 216 214 216 210 217 85 54 216 218 209 217 219 215 215 212 215 215 214 213 213 214 214 214 213 197 67 11 61 204 195 178 154 136 64 7 17 49 37 11 112 217 214 210 215 212 216 222 154 6 92 172 178 192 214 221 214 213 213 214 213 212 212 214 215 213 215 218 219 218 216 214 213 220 221 204 185 218 214 205 217 214 213 210 214 211 206 208 209 206 219 141 123 202 192 47 164 183 182 151 74 24 8 1 26 26 65 208 218 193 86 67 187 217 201 178 187 156 32 170 172 76 172 183 202 207 198 211 192 183 205 203 205 206 201 208 201 207 203 201 206 205 203 201 202 199 204 192 199 203 189 205 203 178 146 178 154 44 71 176 203 121 188 200 202 195 192 195 196 198 201 208 210 194 160 119 74 48 43 54 82 120 167 216 220 217 206 165 122 71 59 34 47 96 101 147 203 119 1 147 193 18 125 63 96 99 0 140 111 126 164 182 204 209 200 194 203 194 199 201 199 199 203 203 201 206 204 202 199 199 201 203 205 104 119 72 193 186 87 87 129 170 113 142 177 192 181 216 210 210 206 218 210 212 217 215 215 213 209 216 191 48 26 24 22 32 205 186 80 55 162 203 211 189 163 209 186 142 206 142 185 154 201 180 194 182 189 200 222 228 222 222 221 218 220 223 220 216 227 211 236 128 123 226 226 165 70 227 215 217 218 219 217 219 217 220 220 218 221 220 218 218 217 216 221 224 224 220 220 216 216 218 220 219 217 216 217 217 220 92 159 225 218 88 156 228 209 215 220 215 217 217 218 219 217 216 217 218 217 214 213 215 216 217 216 216 215 216 217 214 213 218 216 215 216 211 214 214 213 218 217 216 197 123 217 214 229 152 156 229 214 211 217 219 215 213 215 216 214 214 216 215 217 218 217 216 217 217 217 222 209 212 227 184 174 225 211 174 209 214 220 212 217 223 214 214 215 214 214 219 138 34 90 208 218 218 181 45 59 189 214 204 216 208 87 28 130 211 210 213 213 213 212 212 213 214 215 211 211 214 218 218 215 214 216 219 221 223 223 223 223 224 224 226 226 227 228 228 227 226 226 223 225 227 227 226 226 228 230 232 231 231 230 229 229 230 231 
209 214 219 213 219 193 87 63 79 174 226 212 210 213 219 214 210 214 210 213 217 135 19 174 218 215 215 211 213 215 210 219 216 215 215 215 215 215 215 214 134 1 13 13 30 24 5 13 4 9 30 43 43 74 94 117 201 214 217 215 214 207 217 190 23 133 232 209 216 209 209 212 213 213 214 214 213 213 213 214 214 214 214 214 213 213 214 215 208 154 94 111 207 198 221 211 211 217 214 204 207 208 207 216 210 204 202 219 223 112 85 48 96 220 228 207 132 11 14 2 0 11 42 85 40 95 198 216 208 205 112 75 86 97 111 200 153 141 182 214 217 184 155 189 127 216 206 205 206 205 198 210 206 203 205 196 205 196 203 201 199 198 197 208 192 214 166 150 80 29 111 179 61 149 144 194 206 191 194 184 197 207 214 214 199 165 121 82 51 47 65 112 157 179 212 213 211 204 166 123 79 59 42 58 109 99 158 213 123 47 59 155 149 16 1 124 107 81 71 102 216 154 184 205 195 202 194 194 200 198 193 198 200 201 201 200 200 202 202 201 204 203 201 201 203 206 209 211 135 133 152 141 191 125 204 170 191 171 182 198 218 213 219 212 214 213 213 214 221 214 209 216 207 220 218 89 31 40 29 23 165 189 160 204 177 137 202 188 125 159 128 202 146 215 138 198 201 158 187 225 218 229 229 216 222 217 215 218 220 222 220 216 221 213 212 223 103 183 229 224 120 127 228 221 213 220 224 222 225 221 220 222 220 223 215 223 226 229 218 224 216 199 215 224 217 217 218 221 221 218 216 216 216 223 159 102 223 224 142 97 223 212 218 214 219 218 216 218 219 217 216 217 218 217 215 214 215 216 216 216 215 215 215 216 216 214 217 217 210 214 221 215 211 215 216 213 211 231 136 167 221 215 216 135 200 216 213 215 218 215 214 216 216 215 215 218 215 217 218 216 216 217 217 216 217 219 213 212 217 166 197 202 137 179 215 209 218 211 215 213 211 215 219 217 216 141 40 67 208 216 214 199 67 39 172 215 213 204 222 117 25 83 213 215 213 214 214 214 215 214 214 214 212 212 213 214 214 214 215 216 218 219 220 221 222 223 223 224 227 226 226 226 226 226 226 227 223 224 226 227 228 228 229 229 230 231 231 230 229 228 227 227 
217 210 214 212 217 126 67 72 129 219 206 218 217 214 211 217 213 216 211 208 214 176 15 104 222 208 211 219 214 209 222 211 216 216 216 216 215 215 214 215 205 90 45 59 71 89 124 135 155 175 179 195 208 214 227 227 221 204 211 212 212 215 214 216 94 22 186 224 211 211 214 215 212 212 212 214 213 213 213 212 215 214 214 213 212 214 216 217 184 131 68 140 153 182 217 209 216 212 215 211 208 212 208 204 209 205 209 196 203 184 226 94 113 176 125 104 103 123 166 152 89 12 1 4 7 95 162 120 172 226 197 108 145 160 189 189 217 213 216 131 113 188 141 85 115 191 185 200 197 211 211 202 199 206 206 205 206 203 197 206 210 207 186 105 136 121 180 111 38 132 110 206 177 209 201 192 190 206 209 215 210 174 125 77 50 54 76 111 146 190 210 222 217 199 167 129 76 44 29 58 91 98 181 185 73 89 56 123 25 158 199 43 94 47 124 80 122 111 139 198 193 198 201 195 199 198 199 196 202 202 199 202 203 202 201 201 201 202 202 202 205 203 203 203 206 208 209 209 196 184 220 189 204 216 212 221 212 221 219 213 213 213 212 218 214 217 214 216 218 214 214 219 218 216 136 31 31 28 21 109 226 192 138 119 159 211 219 228 120 139 144 195 196 155 181 221 225 226 230 214 220 221 216 224 220 224 223 218 216 216 219 220 227 235 233 192 54 152 202 227 83 175 219 215 222 211 218 218 217 219 213 219 228 222 222 220 216 171 205 235 183 113 163 210 217 217 219 222 221 219 216 215 219 217 220 83 181 227 196 62 187 221 216 215 218 214 216 219 220 217 216 217 217 216 216 216 216 215 215 215 215 215 214 214 211 215 213 209 221 220 205 213 214 215 215 215 214 225 190 125 214 218 223 163 144 222 216 218 218 216 216 217 216 215 216 218 215 217 217 217 216 216 216 216 215 214 218 216 220 209 102 60 41 87 215 211 217 213 215 220 214 213 219 209 219 173 37 49 187 212 211 211 87 34 153 219 208 213 216 121 26 77 206 207 211 212 214 215 215 214 213 212 212 213 213 213 213 214 215 215 217 217 218 220 222 223 224 224 225 224 223 223 223 224 225 226 223 223 225 227 229 230 229 228 228 229 230 230 228 226 225 224 
213 222 210 218 174 67 72 97 204 223 211 215 218 213 215 212 209 207 211 204 212 207 50 71 213 211 220 213 213 209 217 214 215 215 216 215 214 214 214 214 210 213 206 213 219 227 227 213 216 217 212 218 213 205 210 173 55 98 214 211 215 213 209 214 214 65 54 204 216 211 215 216 212 212 212 213 215 213 212 211 213 213 214 214 215 215 216 216 215 234 157 147 102 123 146 214 212 215 210 206 208 207 205 211 208 204 214 217 204 162 118 57 15 59 176 199 223 228 203 179 92 36 74 38 36 200 221 197 67 110 173 175 209 211 198 202 199 202 210 107 67 70 177 154 168 203 201 208 208 203 208 208 205 202 199 200 206 218 219 194 127 173 210 89 183 165 113 208 124 194 191 189 194 197 199 205 198 179 133 91 39 25 93 124 170 193 214 226 218 190 161 105 71 52 46 56 83 131 183 178 89 79 62 157 22 62 8 125 128 71 73 86 145 156 212 193 203 203 204 197 194 191 199 197 202 200 210 202 200 197 197 201 202 201 202 203 203 202 204 206 207 206 206 206 208 208 208 207 203 219 206 208 214 210 206 213 212 213 215 219 213 216 216 213 214 215 218 217 211 218 219 211 226 187 43 38 34 24 63 199 230 227 235 210 149 203 225 223 195 195 218 212 224 229 231 219 220 218 220 217 217 222 223 217 215 219 215 214 225 231 226 221 190 140 113 57 109 167 132 90 67 216 227 216 217 217 220 225 224 222 223 227 209 197 213 220 146 140 178 207 193 94 122 149 218 219 220 222 220 217 216 217 222 209 228 131 121 237 234 115 121 224 210 219 216 214 219 216 220 217 216 217 217 217 217 217 216 215 214 214 215 215 214 213 216 216 218 221 214 211 217 217 216 215 213 216 217 202 231 149 162 227 208 212 121 195 220 217 218 217 217 218 216 215 216 218 216 217 217 217 217 217 217 216 220 219 217 209 209 223 160 46 42 48 162 218 207 214 215 207 215 215 212 207 218 210 75 28 123 228 210 211 111 25 126 218 211 211 220 104 36 91 222 213 211 211 213 215 216 215 213 212 211 214 215 214 214 216 216 213 217 217 218 220 222 224 225 224 223 222 222 222 223 224 225 226 224 224 226 227 228 229 229 229 227 229 230 229 228 226 225 224 
216 208 220 208 97 62 68 95 186 216 217 207 214 212 214 213 217 214 217 214 207 218 87 35 202 212 210 214 213 215 207 217 214 215 215 215 214 214 213 213 217 209 213 210 210 210 203 212 214 206 210 211 208 216 219 163 31 18 140 219 209 210 215 206 216 201 43 79 219 209 213 214 212 212 213 213 214 214 213 211 211 212 214 215 215 215 214 214 212 215 212 197 98 152 210 213 211 210 207 209 205 209 219 210 201 178 137 87 43 8 1 13 2 57 196 180 125 91 85 92 128 193 210 194 138 153 194 158 15 1 16 69 135 179 212 209 208 199 206 124 136 200 179 209 210 201 202 204 213 208 206 201 198 218 215 212 190 142 162 208 90 68 121 198 92 106 159 200 200 186 205 208 202 180 139 102 61 17 48 151 137 56 189 231 212 200 148 105 84 48 49 69 122 152 189 198 214 200 203 171 17 83 43 89 126 45 141 90 190 173 150 187 193 195 194 195 191 188 193 197 199 198 198 209 199 193 204 199 201 203 205 207 202 203 205 206 206 205 206 208 208 208 208 210 211 212 211 210 211 209 205 215 204 214 212 216 214 205 213 220 217 216 221 216 219 213 217 216 215 218 215 215 208 71 33 41 24 31 184 193 140 198 203 133 223 219 213 226 226 224 223 225 221 217 208 223 219 212 223 223 221 219 212 225 224 232 234 223 194 147 106 89 94 128 171 81 189 239 238 67 101 226 218 206 222 220 218 215 210 196 181 211 151 165 170 185 134 208 91 116 209 155 228 213 219 220 222 221 218 215 217 219 215 221 223 183 79 157 159 77 60 202 215 218 218 221 219 213 219 217 216 217 217 217 217 219 217 216 215 215 216 216 215 214 220 226 157 157 215 221 216 211 213 215 212 211 213 212 218 211 115 198 233 221 168 151 219 213 216 216 217 217 217 216 217 219 217 217 217 218 218 217 217 217 214 219 218 215 213 203 218 105 54 49 68 201 215 213 219 213 210 219 209 217 208 218 158 42 62 159 226 215 95 24 127 222 210 218 189 62 37 138 215 211 212 211 212 215 216 215 214 215 211 214 214 213 214 216 215 213 218 218 218 219 222 223 223 223 220 221 222 223 224 224 225 225 225 226 228 227 226 227 228 230 228 229 229 229 228 227 227 227 
218 207 222 136 57 53 64 65 101 202 219 211 211 212 208 214 211 211 208 216 207 219 170 16 124 227 207 217 215 215 215 215 215 215 215 215 216 216 215 214 209 215 216 214 217 208 212 211 208 213 217 212 214 206 213 222 141 9 25 181 222 204 213 217 211 216 192 28 98 223 210 213 213 214 214 214 213 212 213 213 213 214 215 215 214 214 215 216 218 214 215 206 217 177 198 216 217 214 217 219 205 180 137 83 41 21 4 5 10 13 15 14 4 22 63 107 120 158 192 215 216 204 88 177 226 167 155 113 47 14 5 0 3 33 77 143 188 206 206 196 195 211 208 208 209 203 210 207 203 208 207 212 201 170 174 195 121 180 131 159 104 93 130 173 194 178 214 205 204 195 149 109 64 28 11 0 6 2 135 228 235 120 60 131 71 42 63 93 128 166 190 211 216 212 199 199 194 196 187 215 130 44 130 45 179 160 193 190 189 204 199 198 195 199 196 199 195 204 199 199 206 200 200 196 203 200 205 203 203 202 202 201 205 207 209 209 208 208 208 209 208 209 210 211 213 213 212 212 214 202 214 218 214 210 216 211 218 219 222 216 217 212 216 219 221 216 218 217 222 213 217 226 126 34 32 42 29 130 227 208 172 127 78 128 221 220 225 212 214 218 220 222 208 208 225 218 225 217 214 212 221 227 237 226 200 157 110 91 97 119 155 190 225 234 243 183 111 170 135 35 142 235 226 220 219 214 206 225 196 119 130 214 127 219 196 141 205 157 149 191 225 221 216 223 221 221 222 221 218 216 218 221 223 216 208 225 120 29 28 21 27 149 229 217 216 219 215 219 219 217 216 217 217 217 218 219 216 217 216 216 216 216 216 215 213 140 79 67 112 186 222 216 216 215 216 211 211 221 206 228 166 76 138 194 220 139 193 214 213 213 215 216 217 217 218 219 217 216 216 218 218 217 217 217 218 215 215 213 214 219 214 178 53 47 42 134 216 211 206 210 214 214 212 213 209 211 213 129 34 48 119 113 53 36 146 217 211 219 209 148 89 191 222 219 211 209 210 213 215 214 214 214 213 213 212 211 212 214 215 215 217 217 217 218 219 220 221 221 219 220 222 224 225 224 224 223 225 226 228 227 225 225 228 230 229 229 229 229 228 228 229 230 
206 226 177 63 59 73 107 72 68 121 207 216 211 214 211 211 214 215 212 211 211 208 218 73 26 182 219 209 211 213 219 217 216 215 214 215 217 217 216 214 215 209 211 214 220 209 213 222 213 209 212 211 213 213 214 214 212 105 5 61 205 214 209 216 217 213 217 141 6 135 225 212 213 214 216 214 213 211 212 213 215 215 215 214 214 214 215 216 216 216 212 215 215 216 230 214 204 176 137 83 45 25 6 12 15 13 12 14 3 16 44 83 126 168 200 207 220 216 215 200 206 140 91 212 207 190 168 225 211 156 106 37 2 2 4 7 37 95 162 199 215 203 204 198 199 210 200 200 217 210 189 213 108 142 128 183 125 199 158 137 173 196 223 211 214 200 152 119 71 45 7 1 6 14 18 17 15 1 31 115 110 46 33 77 126 82 124 152 199 198 198 197 200 202 205 208 201 213 196 190 208 113 109 183 196 195 197 191 200 206 199 196 210 203 197 205 204 200 199 199 197 204 197 204 205 208 204 206 204 205 210 212 209 210 210 208 209 211 210 208 210 211 213 214 212 211 211 212 205 219 212 213 210 217 217 215 212 216 215 214 226 223 215 213 218 219 219 216 219 213 219 169 43 29 28 26 82 208 222 214 229 227 194 215 222 214 223 222 227 221 219 221 110 191 219 216 204 233 231 236 214 173 139 102 94 112 149 191 219 231 236 237 222 204 168 127 55 64 98 148 215 197 180 212 226 188 108 169 219 226 136 209 192 154 149 194 235 219 223 227 218 225 224 218 222 221 221 221 220 219 219 221 213 222 216 222 180 45 31 36 22 92 215 219 212 214 214 222 218 217 217 218 218 218 218 220 216 216 217 217 216 216 216 216 195 77 69 89 70 82 139 207 209 215 217 212 214 212 212 210 219 99 16 52 136 122 128 222 212 213 214 215 216 217 218 217 216 215 215 217 218 217 217 217 218 221 220 209 218 213 209 210 107 46 50 58 170 225 213 212 216 210 212 208 216 210 217 208 133 62 26 28 36 81 209 215 215 210 221 221 210 218 210 215 213 210 210 214 216 214 213 214 213 211 210 212 213 213 214 215 216 216 217 217 218 218 219 220 221 222 223 224 224 224 222 222 225 225 227 227 226 227 228 229 229 230 230 230 229 229 230 230 
214 206 97 68 62 170 215 106 58 71 142 222 214 213 206 215 211 213 218 212 216 211 210 195 35 40 196 222 208 216 217 214 215 214 213 214 217 218 216 213 213 216 212 215 212 213 217 175 209 210 212 213 216 223 221 208 213 197 54 5 109 217 212 213 212 213 209 215 85 22 183 218 213 215 217 216 212 211 212 214 213 214 215 214 214 213 213 213 218 225 231 218 204 171 132 108 61 56 149 151 47 10 9 8 7 20 42 85 131 172 200 209 213 213 205 206 210 203 203 211 215 75 85 190 214 88 145 199 100 224 211 189 158 93 26 3 1 1 11 59 121 177 207 212 206 204 204 205 181 132 115 133 172 100 89 143 168 120 136 215 221 195 161 137 87 43 20 5 8 0 14 21 14 9 3 2 7 26 58 87 121 177 203 221 215 74 121 148 151 128 207 201 149 174 184 160 194 118 132 184 181 204 215 203 210 204 206 203 205 199 207 209 203 201 206 205 198 202 193 200 207 200 203 205 201 208 200 209 209 209 207 204 210 210 207 205 209 213 212 207 210 213 215 216 214 213 214 215 214 217 212 215 214 212 211 219 220 221 220 219 214 214 217 223 219 219 219 214 212 219 210 65 36 27 30 37 184 227 212 218 216 222 226 221 224 219 220 222 219 216 231 190 61 66 160 103 186 194 142 92 67 118 142 182 217 231 244 240 227 210 176 137 101 83 103 134 181 208 228 235 195 126 160 123 238 199 96 112 163 218 203 194 229 222 226 223 219 223 225 217 225 215 223 220 224 221 220 222 223 222 220 219 221 219 216 221 220 99 34 29 35 54 180 219 211 217 218 216 217 217 217 218 218 218 218 220 215 216 218 217 216 216 217 217 218 200 121 70 72 65 74 107 195 218 213 208 215 211 209 208 216 189 45 31 24 23 51 187 214 214 214 214 216 216 215 214 216 214 214 216 218 217 216 217 219 216 219 219 217 213 213 221 186 64 53 37 104 215 213 210 209 213 208 218 215 212 213 214 215 185 158 143 160 199 215 215 215 218 210 216 217 213 217 216 216 213 214 218 220 217 215 215 212 210 211 215 217 215 213 214 215 216 217 217 217 218 219 221 223 224 224 224 224 223 222 221 224 224 225 226 228 228 228 228 230 230 231 231 230 230 230 230 
216 146 61 57 126 221 210 198 93 54 75 165 217 209 213 218 215 211 219 205 213 215 207 218 152 14 62 203 216 208 213 217 213 220 215 216 224 217 213 218 215 219 218 220 217 196 72 17 128 216 213 207 203 147 118 214 206 222 168 17 25 132 220 210 212 213 211 216 181 12 114 222 205 211 214 214 212 217 214 214 211 212 211 209 223 222 223 228 204 172 138 108 93 103 136 183 139 143 246 231 143 8 37 78 131 162 197 215 219 214 208 205 205 205 206 208 209 208 208 207 209 204 142 171 153 85 228 97 35 141 119 197 176 194 186 137 74 22 9 0 3 29 61 115 175 202 200 215 186 68 110 109 166 129 174 185 213 211 171 127 81 40 12 12 8 3 16 14 12 12 2 4 8 28 75 106 149 180 206 214 219 211 206 203 161 94 173 215 147 149 225 213 114 203 150 128 195 85 147 184 94 195 133 176 151 189 153 212 179 211 180 171 204 201 196 203 200 203 208 209 208 210 203 210 206 207 208 208 209 210 210 208 211 210 210 213 212 210 211 214 213 214 213 211 212 215 216 215 210 219 211 220 218 213 215 217 219 218 221 213 220 219 220 222 220 216 222 215 217 215 94 39 32 30 25 146 226 212 213 221 222 219 222 222 221 223 220 218 219 225 207 169 163 140 86 114 187 66 145 162 97 208 244 238 232 211 182 136 103 85 100 115 164 198 190 218 238 174 119 197 232 144 131 137 187 213 163 227 212 217 229 208 218 222 220 224 224 224 223 222 221 222 222 223 221 222 223 222 221 220 221 222 218 217 220 216 224 160 45 32 43 29 122 227 212 218 218 214 214 225 217 215 221 216 214 218 214 216 214 213 217 215 213 216 215 216 217 164 84 73 88 69 79 140 218 219 214 207 209 209 210 223 122 23 43 32 21 118 219 206 213 210 214 216 215 216 215 215 216 218 218 216 215 215 217 217 215 214 214 215 212 210 214 138 47 44 48 173 222 205 209 211 218 216 211 212 215 213 212 210 221 223 215 217 219 214 221 211 218 221 212 215 214 220 216 220 213 220 219 215 216 216 214 217 217 215 216 216 215 216 215 216 217 217 215 214 216 219 223 223 224 225 225 226 227 227 224 226 230 229 226 228 228 225 226 235 229 231 233 226 229 232 
173 66 55 79 202 217 214 217 178 79 56 72 185 225 214 213 209 213 209 217 216 212 213 204 219 162 35 50 193 217 213 208 213 217 218 217 211 217 217 214 216 221 182 178 231 202 75 9 32 176 213 216 166 18 8 136 227 185 102 17 4 68 203 217 216 208 215 213 213 70 33 210 220 200 210 209 209 216 214 206 215 218 225 225 206 177 140 111 92 108 139 173 216 246 235 221 134 54 167 160 126 154 199 216 215 218 215 208 206 206 205 206 205 206 207 208 208 208 208 209 209 212 220 213 191 216 175 108 157 1 156 135 52 104 155 217 194 179 120 59 22 2 3 2 23 118 137 135 212 175 98 148 151 217 179 133 88 77 115 99 23 7 14 9 11 12 1 3 8 16 70 102 151 186 202 212 210 201 207 196 202 197 202 206 186 175 213 208 147 93 139 192 127 126 112 170 211 173 103 152 95 95 92 165 118 168 21 158 128 164 114 133 154 215 205 205 211 212 139 197 194 203 210 196 207 205 206 209 210 209 209 210 214 212 210 212 211 210 211 215 218 217 216 215 215 217 216 215 216 222 218 210 218 218 217 224 220 219 216 219 220 221 221 220 222 220 224 213 221 147 23 42 38 11 95 233 210 214 217 219 221 217 220 222 222 223 221 218 223 216 231 155 76 116 182 233 78 93 251 252 173 103 194 143 103 92 97 123 163 199 219 236 239 168 122 173 233 174 99 121 173 211 184 227 190 216 213 209 222 185 212 175 186 229 227 216 221 223 223 222 220 220 222 224 222 223 223 223 222 221 222 222 219 220 216 215 222 200 77 29 49 31 63 196 217 211 211 220 222 217 216 219 214 220 228 213 215 217 217 217 217 216 215 217 216 215 212 219 200 122 66 71 75 81 102 188 224 210 213 211 208 211 189 57 37 35 33 46 178 213 208 208 213 218 218 216 218 216 215 215 215 215 216 218 217 217 216 215 215 215 213 209 215 198 90 49 34 105 210 220 216 209 210 214 211 219 214 211 213 214 212 209 216 210 206 215 210 213 217 211 210 217 212 214 214 210 219 218 222 218 215 216 215 217 216 214 216 217 216 216 212 213 216 217 216 214 215 217 222 222 222 223 225 226 227 226 231 228 227 225 222 225 229 228 230 229 229 228 228 233 235 227 
85 60 70 172 221 210 215 208 222 155 61 59 101 203 211 212 207 218 206 206 211 213 206 220 210 213 193 48 30 155 211 213 216 212 214 221 215 219 215 217 217 214 198 121 135 212 193 44 12 67 199 214 208 134 9 30 99 24 3 36 122 191 214 209 209 213 214 207 212 166 17 128 225 204 213 210 212 214 225 227 218 181 128 104 94 107 136 179 214 231 240 216 177 135 95 76 90 138 167 173 207 216 216 208 208 208 204 204 211 215 213 212 207 208 208 208 207 207 209 210 207 209 204 212 220 205 205 212 194 131 177 54 126 184 199 203 205 205 211 204 159 100 45 4 43 197 210 171 96 168 148 121 121 79 68 117 56 133 232 234 138 7 6 8 10 30 59 98 141 184 209 213 204 200 203 191 200 205 197 208 207 200 203 210 207 208 200 201 207 185 167 206 192 153 189 220 202 144 106 183 170 122 128 166 149 156 119 55 109 133 147 183 183 203 213 205 215 163 35 177 138 181 159 142 219 211 206 206 207 208 212 218 214 212 212 213 212 211 213 215 219 217 217 217 218 217 217 217 216 219 217 222 219 216 223 216 220 213 230 214 221 219 221 220 221 214 206 225 191 42 45 33 23 46 200 190 221 209 225 226 223 218 219 222 222 221 219 215 219 216 126 78 99 135 210 178 66 104 133 181 97 44 85 119 149 181 227 227 227 229 218 212 215 215 191 160 165 189 157 221 197 212 227 223 222 222 204 97 186 209 156 110 163 216 219 227 220 222 224 223 220 220 222 225 222 222 221 221 221 221 220 220 218 223 220 219 214 223 136 34 44 42 27 142 222 213 214 219 217 216 217 222 220 215 217 212 216 216 218 219 216 216 216 215 214 214 215 214 222 222 169 95 70 80 72 73 145 204 216 214 214 206 226 135 26 43 32 18 93 212 208 212 211 213 218 215 218 216 215 215 215 215 216 218 216 217 217 216 216 216 213 210 206 221 159 36 43 38 162 215 204 218 208 209 220 217 217 211 211 211 216 213 214 207 216 223 228 220 225 214 214 222 214 211 222 165 122 223 210 212 231 216 215 216 214 213 216 217 215 215 215 214 216 217 217 216 217 219 221 220 220 222 225 227 227 226 227 225 228 232 231 230 229 226 229 230 230 230 232 228 226 234 
70 66 130 217 216 214 211 214 215 220 133 67 59 106 213 226 221 218 225 222 211 221 220 214 218 214 215 196 56 8 155 217 211 209 213 218 219 216 210 220 218 155 144 125 129 206 224 156 23 19 117 222 224 172 42 15 3 36 116 193 221 212 208 215 213 212 211 218 213 221 94 21 180 224 209 222 218 200 150 129 105 103 127 170 204 237 240 216 177 145 107 87 95 122 162 198 225 227 223 218 213 213 209 212 208 210 209 209 213 211 206 204 211 211 210 210 210 209 209 209 208 212 213 209 208 205 209 215 210 221 181 101 134 204 207 204 205 195 206 208 206 213 194 159 107 194 221 169 13 6 43 9 59 198 222 237 176 95 179 175 64 15 53 91 141 141 198 213 218 203 194 206 205 205 208 217 206 204 207 202 214 206 211 204 210 201 211 204 208 220 207 211 214 221 215 207 204 211 217 208 210 192 186 192 193 173 191 149 149 193 94 40 136 211 202 213 205 90 65 94 196 92 105 198 210 209 211 213 213 211 212 214 212 212 213 216 215 214 213 214 217 216 216 219 219 218 218 220 222 221 217 226 217 217 218 222 222 227 222 220 218 215 226 214 211 217 234 209 68 25 39 34 23 178 152 73 238 235 176 208 225 222 221 224 223 221 222 219 218 204 161 107 110 184 224 68 160 236 173 61 37 191 225 232 146 145 197 220 218 223 223 225 225 226 185 144 174 220 226 219 221 224 220 219 216 228 210 104 85 163 229 117 165 204 220 222 222 223 224 223 222 221 223 224 222 221 220 220 221 221 220 219 222 221 221 222 210 217 194 61 40 51 35 82 209 216 216 215 217 223 215 217 221 217 218 223 216 214 217 219 216 218 219 215 215 211 217 217 212 217 216 202 129 68 77 78 63 96 183 219 211 203 205 200 67 27 35 41 33 161 221 207 213 210 213 217 216 216 216 216 216 216 216 216 216 216 217 217 217 216 214 212 209 216 200 78 46 33 80 199 210 213 216 210 220 214 218 214 218 216 214 207 217 213 191 148 134 150 184 221 218 201 216 218 143 48 52 187 224 211 208 219 216 216 213 211 214 215 214 213 218 216 215 216 217 217 218 219 219 220 220 222 224 226 227 228 229 226 228 231 229 228 230 230 231 228 229 230 225 230 236 223 
54 82 193 209 216 216 217 220 215 224 223 97 71 77 123 186 192 178 165 197 225 212 217 211 210 208 216 220 183 43 32 186 217 213 214 214 216 213 216 222 136 97 108 138 209 215 218 224 123 15 31 129 120 19 12 41 111 198 216 216 216 207 212 212 213 210 216 204 199 213 195 42 47 175 179 130 93 51 115 176 205 228 243 222 186 140 106 91 104 132 168 199 219 226 225 224 214 210 203 213 218 210 211 217 213 213 211 211 213 213 213 215 213 212 210 211 212 211 208 206 213 205 205 216 203 210 206 211 208 205 212 214 189 207 201 212 202 209 203 211 223 218 203 182 81 38 103 73 19 5 1 17 32 71 135 160 122 23 59 106 134 176 196 217 217 92 183 214 170 126 119 158 205 135 139 142 193 207 190 211 190 205 203 214 206 209 218 215 216 207 218 224 219 209 209 216 216 212 208 210 207 206 213 213 213 214 209 210 209 213 200 194 219 210 212 216 200 154 184 123 216 86 169 195 201 207 213 213 213 214 215 214 212 212 214 216 217 216 215 215 218 217 218 221 220 219 219 222 215 214 221 216 219 223 211 227 221 216 216 215 221 218 222 216 221 217 181 107 50 19 34 15 124 224 84 132 133 168 181 206 222 223 221 225 225 223 229 225 210 137 133 170 181 200 168 76 225 216 230 79 145 240 216 215 164 186 218 155 206 188 204 213 196 214 216 226 232 232 215 222 220 227 220 219 228 218 214 146 213 185 209 230 223 223 224 223 225 224 223 223 223 222 222 222 223 223 222 222 223 223 222 220 226 221 218 218 215 212 223 117 38 43 44 45 158 220 210 216 218 222 219 215 215 218 221 211 216 212 213 215 214 216 216 210 212 217 213 212 219 217 213 219 217 165 90 68 77 76 71 128 211 223 209 218 160 27 35 31 26 79 209 206 215 212 210 218 215 216 216 216 216 216 216 215 215 216 217 218 217 215 214 213 215 211 215 165 54 33 25 139 225 201 219 217 211 218 213 217 215 216 212 221 209 126 56 33 42 51 44 95 181 229 202 115 45 51 156 209 221 222 218 216 217 218 214 212 214 215 213 213 216 215 214 215 215 214 214 214 217 219 221 222 223 224 227 230 230 227 228 230 227 225 227 229 227 232 226 231 230 224 233 232 
67 171 233 226 214 205 203 186 181 165 128 89 64 71 53 78 83 84 71 110 204 221 207 215 220 219 146 207 228 158 1 100 216 210 208 217 221 217 220 216 191 102 94 220 224 220 210 206 208 86 8 14 1 43 110 189 223 213 211 209 206 215 209 205 202 206 216 218 225 210 181 66 9 27 29 7 4 22 188 237 187 141 108 90 96 123 175 204 218 229 227 221 218 213 214 211 205 215 220 211 211 214 211 212 212 211 208 210 213 212 209 210 214 212 211 212 212 211 208 205 207 207 217 206 207 207 208 207 205 215 210 208 207 203 219 204 222 224 212 174 129 93 71 69 125 165 198 218 196 133 32 1 5 2 3 18 3 69 185 234 229 210 200 200 178 89 200 220 109 173 209 104 202 74 140 90 171 190 116 223 75 140 246 129 175 214 138 152 179 220 192 149 162 208 213 209 208 216 205 209 205 218 210 217 226 217 226 208 208 218 212 217 212 216 210 207 211 219 217 220 207 206 215 204 209 214 216 211 209 213 218 218 215 214 214 215 216 217 218 218 218 218 219 219 219 218 219 220 224 222 225 220 215 213 227 217 226 224 224 225 223 220 216 226 212 142 176 171 190 156 39 69 207 136 202 213 196 148 219 224 220 224 220 224 222 221 227 219 234 225 200 148 147 233 72 153 225 226 141 52 211 220 227 183 151 129 218 135 221 139 215 214 153 120 194 203 196 207 226 215 226 226 225 226 224 225 218 222 226 223 222 223 215 228 223 218 225 224 222 222 223 222 221 220 222 222 222 223 223 223 222 221 221 223 221 215 218 216 217 184 44 31 42 34 93 220 212 214 215 220 217 219 219 216 217 219 218 217 216 214 214 214 212 207 215 214 213 212 215 213 210 208 211 223 203 133 75 74 68 77 98 167 214 218 202 86 26 27 29 35 143 222 211 209 214 214 216 217 216 214 214 216 217 216 215 216 217 218 217 215 214 215 216 216 218 207 93 43 79 98 188 215 210 216 212 218 210 214 217 212 214 224 153 43 48 137 196 184 131 44 64 135 81 25 88 189 224 220 213 220 214 217 219 220 217 214 216 216 214 214 214 214 215 217 216 213 210 209 214 218 221 221 221 221 226 230 226 225 228 231 229 229 229 228 230 232 228 233 231 226 232 227 
74 129 140 127 119 99 86 82 71 59 58 61 67 52 61 61 61 65 69 73 140 212 219 215 202 196 132 125 190 196 96 16 181 223 209 210 214 221 220 227 219 202 165 214 214 220 210 216 217 181 46 27 108 191 226 208 207 212 211 215 207 206 213 221 230 201 171 150 106 58 22 13 22 30 9 15 9 8 60 105 93 127 163 189 217 227 225 221 216 219 209 211 216 216 216 210 219 208 215 219 209 212 220 215 213 213 210 211 212 210 209 214 212 212 212 212 211 210 209 208 212 214 204 207 212 207 207 208 213 202 204 216 213 221 203 194 148 101 77 81 110 151 190 228 234 232 215 182 144 99 50 65 89 55 11 1 12 8 37 100 145 195 219 210 198 115 124 191 145 132 141 133 203 107 114 99 226 165 128 217 81 96 134 42 164 222 63 119 194 222 117 134 122 125 219 209 211 215 218 216 209 166 165 203 174 194 197 209 219 209 217 208 219 207 219 212 215 215 209 215 210 214 222 208 213 217 219 218 216 216 215 213 218 217 216 216 217 218 218 218 217 218 218 217 217 218 219 220 217 214 211 220 216 223 229 230 213 223 221 210 215 219 218 225 160 183 136 45 40 142 165 151 109 117 132 107 153 239 218 224 220 226 220 222 222 220 222 207 146 204 230 116 196 170 65 218 216 211 55 144 226 224 217 224 182 208 214 152 141 179 228 232 155 189 229 211 113 144 213 222 191 211 220 230 226 224 224 223 221 222 226 215 226 223 223 222 224 223 223 223 222 222 221 221 220 221 222 222 222 222 221 221 218 225 225 218 217 219 212 220 91 32 42 38 46 179 220 213 219 220 213 216 221 221 221 217 226 229 228 224 226 228 227 226 226 225 216 217 224 220 214 220 218 212 220 221 170 100 84 76 79 78 126 199 231 175 34 28 25 32 59 190 215 204 216 212 216 217 216 215 215 216 217 216 216 216 217 218 217 215 215 217 211 218 208 224 167 139 217 202 155 215 209 212 218 214 213 212 215 216 216 214 119 33 90 217 214 221 228 133 31 30 37 124 216 224 211 212 222 219 216 225 218 220 219 216 218 218 216 216 215 215 216 217 216 213 211 211 212 215 218 219 219 220 224 227 230 226 224 224 225 229 231 228 236 224 232 227 221 236 222 185 
69 60 55 55 62 51 57 72 70 71 67 74 98 107 117 137 150 162 175 196 207 215 216 225 191 154 151 128 202 221 194 42 36 192 218 215 215 211 165 157 229 225 218 218 215 215 215 215 209 215 182 183 222 218 211 213 213 213 212 221 224 217 194 159 103 56 29 15 14 16 20 18 13 9 15 32 92 134 166 184 214 226 224 220 213 218 213 212 209 220 215 211 212 215 218 211 213 225 215 210 214 215 212 219 216 220 222 222 217 210 208 216 211 212 213 212 209 208 210 212 211 204 214 207 211 199 197 206 209 216 218 201 161 132 141 58 51 139 180 210 236 232 220 188 144 105 80 66 91 131 184 218 218 195 154 95 31 7 3 2 10 50 100 168 207 223 210 204 210 175 168 216 201 204 227 154 204 176 173 195 152 151 100 129 182 193 86 164 204 220 101 87 73 191 214 217 215 210 215 215 207 92 126 211 168 82 141 204 215 217 216 216 215 215 215 214 217 216 217 211 215 216 209 221 216 214 213 214 215 216 217 219 218 218 218 218 219 220 218 217 215 218 219 218 218 221 223 224 217 220 221 220 221 222 135 187 179 135 230 118 209 226 216 226 158 203 42 17 16 24 180 153 147 84 160 142 98 224 220 221 221 228 221 224 225 224 224 204 140 125 95 87 214 74 151 231 230 136 54 218 224 213 226 219 226 225 223 228 213 224 222 218 174 218 225 213 138 226 231 142 116 180 223 217 194 219 230 220 220 225 219 226 228 218 225 222 223 224 224 224 223 222 223 223 220 222 223 224 223 222 223 223 224 223 221 219 219 218 218 217 159 41 45 41 27 119 218 215 220 214 219 221 214 228 210 144 141 150 152 150 157 161 166 170 173 173 189 200 194 191 194 192 203 203 204 211 223 203 105 85 84 84 73 94 168 227 128 24 31 28 15 117 224 208 211 215 213 216 217 217 217 217 216 213 217 216 218 218 217 215 216 219 219 211 211 217 202 156 214 222 175 181 218 212 216 215 214 215 217 218 208 222 143 41 69 200 214 211 214 202 80 33 113 222 216 210 221 215 219 214 218 221 217 220 219 217 218 218 217 217 217 216 215 215 213 212 212 214 212 213 215 216 217 219 223 225 226 224 226 228 229 229 222 211 220 229 229 222 241 208 153 190 
74 79 84 100 128 123 147 162 179 183 191 203 213 219 221 223 227 224 218 224 218 219 212 119 119 109 153 213 215 210 216 193 57 48 170 220 212 226 136 119 151 172 221 219 216 215 213 212 215 209 215 218 208 209 224 226 226 214 198 165 115 72 41 24 14 16 19 20 15 17 21 45 87 101 18 76 223 224 220 212 211 216 212 214 218 214 214 217 215 214 227 94 137 244 101 115 232 116 183 235 167 126 151 156 215 152 142 187 185 211 226 187 210 214 212 211 208 210 215 207 209 201 208 200 213 211 216 214 192 153 88 38 62 184 211 182 103 229 223 187 159 109 80 66 90 131 177 208 226 221 208 203 201 202 214 216 190 140 81 36 8 1 6 22 55 124 183 219 220 231 224 207 213 210 207 219 210 212 218 209 212 217 216 195 202 211 156 156 195 215 160 207 145 183 219 216 211 210 218 215 206 180 139 141 233 129 211 221 217 217 217 216 216 216 217 217 218 215 216 218 216 211 211 215 214 219 214 211 221 222 217 219 219 214 213 220 216 224 226 219 219 231 209 198 219 216 174 219 224 214 220 222 221 213 79 78 174 149 85 107 221 217 216 231 134 165 165 63 40 128 167 156 231 224 198 147 219 224 222 219 225 220 225 223 230 224 219 225 238 225 180 223 164 69 224 225 214 57 150 231 217 221 223 225 223 223 223 221 224 221 228 221 220 228 227 202 190 232 210 113 170 218 230 132 157 134 198 230 224 223 224 223 226 220 223 223 222 223 220 223 227 220 218 222 223 224 223 219 218 221 224 224 221 222 222 220 217 219 219 214 214 69 34 37 21 47 207 212 216 213 225 216 215 209 115 93 83 69 73 74 81 80 67 82 77 66 80 88 92 87 86 82 86 93 102 107 107 101 86 75 80 82 88 73 68 129 176 55 19 36 29 43 184 213 212 214 216 220 211 215 215 219 217 217 215 216 218 218 217 217 217 218 218 208 216 211 217 180 187 219 209 162 210 219 211 215 217 215 214 214 219 213 198 76 36 150 222 219 206 222 149 33 116 215 209 218 215 214 215 223 217 216 226 218 217 218 218 214 216 217 219 217 215 212 213 213 213 212 217 214 218 218 214 216 222 223 227 218 226 224 228 234 183 166 173 210 231 236 201 157 205 233 
195 194 218 219 220 228 220 225 223 221 218 217 216 212 212 212 214 209 220 211 205 215 222 145 61 133 200 220 211 210 216 212 205 73 85 209 215 170 178 188 190 199 217 212 217 216 218 218 206 216 219 223 228 217 186 157 131 90 36 12 10 17 19 16 7 24 29 41 66 124 165 193 215 227 148 11 102 228 212 214 211 216 217 214 213 222 209 220 215 215 206 86 86 99 41 146 187 67 96 215 152 107 134 130 149 160 191 193 160 135 134 154 217 208 216 213 215 203 205 205 209 208 214 224 205 176 129 76 29 7 17 3 61 208 230 185 37 97 78 64 92 130 171 201 227 228 218 206 204 206 207 211 205 206 204 200 205 218 213 187 123 75 25 3 9 3 31 90 138 160 190 209 213 212 206 211 206 212 209 206 216 212 208 216 211 215 221 220 209 219 218 214 218 213 214 213 219 216 218 215 205 147 128 161 197 132 203 211 218 218 217 217 217 216 215 214 219 216 215 217 217 215 214 216 218 218 222 223 219 218 222 226 217 217 230 221 216 207 198 207 211 203 101 122 215 202 77 130 219 231 220 217 231 190 70 108 74 179 114 116 193 199 226 189 47 48 161 195 172 158 140 213 224 211 228 239 219 224 228 224 224 220 227 228 218 224 227 222 217 218 233 222 77 157 224 230 139 67 213 222 220 225 226 222 226 225 224 222 223 221 223 221 225 223 223 223 228 218 207 141 180 222 203 125 133 127 211 226 222 229 221 224 221 230 231 224 220 223 228 223 214 224 227 225 222 223 223 222 222 222 223 222 221 221 222 219 216 217 217 213 222 146 23 28 73 48 130 228 215 224 217 221 220 108 75 92 84 87 105 97 83 83 79 77 93 76 81 80 82 80 75 86 79 81 85 84 79 74 74 77 72 72 75 88 96 59 101 123 27 23 33 17 83 214 208 210 211 217 215 219 212 215 223 215 216 216 216 217 217 217 217 216 216 216 216 210 211 218 167 208 216 180 168 219 211 215 213 217 212 211 215 218 219 155 38 80 204 208 216 210 203 90 36 171 221 213 215 219 219 209 213 223 219 220 219 213 218 214 219 218 221 210 212 220 218 213 212 207 210 220 223 216 216 221 222 220 224 228 220 234 215 167 188 228 221 166 202 185 164 217 227 230 
219 219 209 213 219 218 210 215 216 215 214 216 216 214 214 216 215 213 211 217 218 213 209 225 134 190 220 211 213 218 213 216 216 213 206 223 205 105 118 97 162 241 217 214 210 213 217 221 233 211 198 161 132 127 119 138 176 197 51 5 4 17 12 30 75 105 167 198 219 226 212 212 218 199 222 116 13 97 204 225 222 210 214 225 216 212 219 217 212 216 186 124 171 105 141 169 119 129 105 145 143 90 74 208 128 169 217 207 226 94 133 233 211 210 208 204 206 212 222 219 207 184 131 96 55 28 10 3 18 22 27 18 2 47 89 55 62 112 158 194 221 230 217 213 205 209 208 207 210 211 208 206 209 208 209 207 202 203 208 210 220 213 172 117 67 22 3 4 25 141 169 124 192 222 220 208 210 210 212 218 211 209 210 216 215 216 211 207 216 210 216 214 216 216 218 217 219 215 216 216 217 214 206 228 211 205 215 207 219 217 218 218 218 217 214 213 217 216 214 215 216 217 216 215 219 218 226 224 215 223 224 204 219 203 188 185 101 77 188 173 140 176 116 251 236 166 68 93 110 213 221 215 231 178 141 226 211 181 227 216 221 218 211 74 34 36 19 51 129 180 223 224 220 220 222 226 222 222 217 223 228 226 219 226 230 224 222 222 225 217 232 150 69 226 229 207 60 150 235 220 226 226 224 223 221 222 221 221 222 225 222 228 218 226 222 221 221 226 226 234 210 228 195 201 199 161 229 223 227 218 225 225 222 224 182 223 219 219 220 230 225 220 221 218 223 222 223 224 224 223 223 223 222 222 223 220 217 217 217 213 217 197 72 172 224 158 63 213 224 217 216 220 227 194 122 82 97 92 87 77 79 86 88 99 93 76 82 79 80 89 74 79 78 73 72 76 75 69 71 77 81 71 85 69 77 76 171 211 68 32 43 28 32 159 210 217 216 216 211 217 218 211 221 217 218 217 215 215 216 217 216 215 217 215 216 219 214 222 189 172 216 225 182 203 215 211 214 214 216 215 215 213 215 211 82 32 140 220 217 213 215 151 42 100 219 209 210 217 217 224 228 221 214 222 218 217 219 217 221 216 214 220 218 214 214 214 213 213 221 211 210 217 218 220 222 220 219 225 229 200 157 204 229 225 206 163 147 172 222 222 229 230 
216 217 220 216 210 217 218 214 211 211 211 213 214 213 213 215 213 220 212 204 200 221 219 217 211 212 216 213 216 217 210 216 213 213 212 200 216 204 199 147 176 166 210 232 221 223 215 172 127 111 116 139 177 221 231 240 222 171 43 30 68 109 151 197 219 222 224 214 204 209 211 214 211 207 203 224 135 26 39 129 200 220 213 216 213 213 208 213 218 213 211 210 209 222 203 196 187 227 223 187 180 233 168 186 216 140 148 203 214 148 202 212 210 216 226 220 218 197 161 115 66 34 13 14 18 24 26 18 13 16 5 32 69 100 143 192 222 223 225 219 211 210 208 216 211 214 214 210 209 210 213 215 209 210 214 214 213 212 211 207 211 208 215 221 213 170 106 26 98 243 235 191 53 112 172 215 217 212 208 209 205 220 220 210 211 213 211 217 215 211 215 222 216 216 216 214 217 218 217 214 209 222 221 207 213 214 222 223 217 217 217 218 219 219 218 217 218 219 217 215 216 219 219 218 221 218 222 219 215 226 222 195 124 235 93 202 195 86 219 219 100 198 121 135 145 159 116 208 164 187 225 225 217 217 222 227 224 227 222 218 217 224 119 24 38 40 30 96 226 230 221 215 223 227 230 214 226 224 227 224 223 220 234 225 211 214 236 228 222 221 223 82 165 228 227 133 68 233 216 224 228 222 223 225 225 225 222 222 220 223 216 223 220 225 220 225 233 218 225 220 227 220 224 232 229 219 226 221 224 226 228 223 223 136 104 200 168 214 233 203 221 222 224 223 226 222 221 223 224 223 223 225 223 222 223 221 217 218 218 215 220 217 101 177 231 227 77 156 227 223 219 217 217 218 226 170 92 89 83 86 75 84 152 218 191 196 204 197 186 199 189 185 185 180 178 181 178 169 164 164 154 162 151 143 133 177 216 225 143 24 35 35 29 71 209 211 212 214 213 211 223 215 214 217 218 218 216 216 216 216 216 216 219 212 215 222 216 209 222 168 185 175 113 150 222 218 215 213 211 214 218 216 209 217 151 34 69 198 213 206 220 206 78 45 180 227 213 211 206 178 140 179 221 211 223 219 208 177 208 216 218 214 212 217 220 217 212 211 216 215 218 221 218 217 217 216 221 229 193 175 211 231 228 194 170 221 223 215 228 229 202 230 
217 216 190 214 218 215 218 214 221 218 216 214 213 211 212 214 216 205 218 202 83 135 192 212 216 207 214 216 215 216 214 218 214 219 199 111 132 165 202 232 193 67 41 95 126 109 105 130 158 204 228 243 219 181 138 97 92 104 142 187 223 196 125 212 214 205 175 216 216 213 212 216 216 221 220 203 217 214 105 1 130 230 203 211 214 218 214 219 216 210 214 219 210 214 215 214 224 218 131 168 198 178 232 169 197 219 212 210 206 218 217 216 224 195 167 139 95 51 18 10 17 27 24 13 20 15 7 29 63 104 148 192 215 223 224 211 209 211 214 213 214 212 210 209 211 214 216 214 211 211 214 216 217 215 213 213 214 213 213 214 206 216 211 207 209 220 221 198 133 145 177 95 1 3 38 70 137 187 217 224 216 213 208 216 217 211 214 220 211 223 219 212 225 219 215 219 221 218 216 217 222 221 214 222 216 223 218 216 218 218 217 218 219 221 221 221 220 222 222 219 218 220 222 221 222 218 219 221 219 219 221 221 104 196 112 163 252 127 161 238 150 186 221 173 196 217 215 229 231 229 223 222 228 216 226 213 224 221 214 214 226 172 36 36 47 19 68 214 220 220 216 224 219 220 223 227 222 222 224 220 225 228 219 232 219 137 118 178 213 233 141 85 227 222 218 62 158 234 218 223 225 220 227 225 225 225 222 224 220 223 217 220 213 226 236 218 178 227 225 225 223 227 227 221 219 222 227 222 221 227 224 229 155 131 123 171 185 168 197 146 220 223 212 224 225 222 221 223 224 223 223 224 221 220 221 220 217 217 218 216 217 234 153 101 215 236 143 74 223 217 216 221 217 223 216 225 206 126 89 76 87 82 82 165 230 223 217 224 217 221 220 217 219 222 226 225 222 219 222 226 225 225 223 222 224 221 210 210 208 61 33 22 27 23 130 223 207 209 220 212 218 221 216 213 218 218 218 217 215 215 216 218 218 217 215 213 214 217 218 209 106 45 31 78 195 208 215 212 209 215 215 216 213 211 208 85 33 150 223 204 222 231 146 31 86 155 136 94 63 47 32 79 211 216 211 180 87 54 119 209 219 217 219 216 210 212 218 215 215 215 212 216 224 221 219 227 223 168 168 214 220 223 181 173 220 217 232 235 212 167 189 227 
205 86 128 236 207 213 220 215 213 212 212 213 214 212 213 215 214 216 226 184 127 143 102 222 211 212 212 211 213 214 211 214 212 209 225 209 218 191 176 179 141 104 53 110 160 204 228 242 227 185 148 119 84 106 140 164 202 224 227 214 223 135 118 148 148 179 206 215 219 218 212 215 216 210 217 225 211 218 212 40 25 191 230 210 211 212 216 212 218 219 218 211 216 208 206 227 201 105 136 87 159 133 158 145 216 211 205 211 218 205 187 155 99 113 130 57 17 16 21 29 19 14 16 34 49 94 141 186 217 216 222 202 202 213 209 214 213 214 212 209 214 213 217 217 215 213 214 214 212 214 216 215 212 215 216 218 216 209 209 216 222 217 201 223 150 201 215 214 222 183 164 136 76 26 10 2 4 37 85 145 192 221 221 217 206 211 217 215 217 218 213 220 212 218 222 224 217 217 216 218 219 214 217 215 220 219 228 217 220 220 219 219 219 221 221 222 220 223 223 221 219 221 222 222 218 221 221 221 221 219 222 230 184 99 101 194 220 204 203 222 230 223 218 231 227 224 220 220 223 214 224 215 222 223 219 228 224 208 217 223 210 66 34 32 34 26 176 218 216 219 219 222 224 228 220 222 228 227 224 227 227 221 234 213 155 117 102 138 206 212 69 186 226 228 130 81 226 215 225 224 226 222 226 226 222 222 220 225 222 223 225 218 241 199 167 224 139 215 230 228 230 221 230 222 226 228 218 229 229 222 231 219 218 233 205 172 222 121 130 215 230 217 223 221 222 221 222 224 225 224 223 222 221 221 222 222 218 219 220 219 216 221 213 79 197 230 197 58 181 229 217 212 218 216 216 220 221 229 167 103 85 91 97 79 122 197 222 219 219 213 211 221 217 219 218 215 212 212 212 210 211 212 211 220 204 217 210 209 224 138 78 124 52 27 40 197 227 207 215 216 214 219 219 214 216 218 219 217 215 214 217 219 215 220 219 213 218 217 208 226 164 54 61 63 133 221 212 213 213 218 212 209 213 212 223 163 35 62 196 203 170 147 81 30 28 21 29 51 73 114 158 181 209 219 218 190 83 51 56 84 191 213 215 213 220 214 207 219 213 210 218 220 211 217 223 211 163 169 218 226 218 163 121 181 231 226 227 205 154 195 232 223 
126 118 123 152 183 210 218 218 217 217 218 218 216 212 211 211 212 222 194 166 144 128 189 222 204 210 211 214 214 210 211 212 227 216 203 188 153 126 100 107 142 185 234 240 219 182 151 109 81 91 124 162 187 224 223 228 216 207 212 214 194 202 212 217 196 205 223 206 221 219 210 218 216 217 218 212 217 214 217 157 24 36 170 222 219 215 212 208 213 198 212 223 229 222 209 211 153 130 161 140 127 130 88 207 212 221 198 168 121 66 41 3 82 219 215 224 60 6 9 21 46 79 121 176 203 218 225 209 164 210 215 213 207 214 195 187 222 214 219 217 218 212 213 214 220 216 217 217 215 216 218 215 212 218 213 207 214 222 216 209 196 208 163 154 89 179 191 203 210 224 229 222 216 182 128 67 34 10 5 17 39 86 155 200 226 223 216 213 213 210 218 219 220 224 219 217 214 222 219 216 220 220 218 224 221 219 215 222 219 220 221 220 219 220 221 222 220 220 220 220 220 220 220 220 218 223 223 219 220 223 221 217 221 219 216 227 225 223 223 221 217 225 229 214 222 216 222 219 221 222 225 226 219 219 225 214 216 223 218 222 110 20 33 54 35 126 240 221 214 219 223 219 220 223 228 223 223 219 230 218 222 221 226 208 132 79 144 208 246 143 93 232 217 210 59 169 233 221 222 225 227 226 222 226 226 226 222 226 222 216 223 202 113 172 154 142 80 177 206 225 224 230 220 223 227 224 228 220 226 223 221 229 226 221 230 223 224 199 228 195 211 225 224 224 221 223 224 223 223 224 224 223 223 222 224 223 220 220 222 222 217 213 232 123 124 221 227 118 109 226 210 226 209 222 219 212 217 216 217 207 133 71 83 91 75 92 161 220 225 214 220 210 217 216 215 215 218 220 217 212 212 216 219 211 220 214 214 213 210 209 122 210 209 160 82 106 216 216 209 215 216 216 218 218 216 217 218 217 216 215 217 219 216 216 219 219 221 210 212 212 223 114 39 36 49 193 204 212 208 213 215 215 215 214 217 209 80 37 62 59 29 26 37 72 96 129 171 194 210 217 222 219 217 209 215 216 216 115 37 46 73 164 220 212 211 216 213 213 221 214 214 214 216 225 202 154 185 223 212 215 143 105 172 216 220 226 188 165 210 232 219 228 
192 222 209 170 217 219 220 211 215 214 212 213 214 216 219 223 224 217 80 152 225 208 221 211 212 209 207 213 214 220 224 209 154 141 135 50 130 184 228 235 230 189 139 97 73 81 88 16 36 200 232 224 222 217 213 215 216 217 218 204 104 136 162 134 181 228 211 219 213 218 220 218 219 220 215 212 217 218 212 218 202 88 9 85 185 228 214 212 217 93 52 102 134 189 227 224 213 228 228 232 218 216 205 169 119 87 50 12 4 16 18 12 112 222 215 180 57 65 117 158 198 211 219 217 210 209 213 127 112 151 161 210 225 185 72 143 229 205 214 217 221 217 214 216 218 215 218 219 214 216 220 219 219 215 211 215 218 211 211 224 114 111 169 185 119 166 220 210 215 213 208 215 213 220 219 212 174 120 60 21 13 5 20 43 102 173 209 227 223 213 215 214 218 216 214 224 219 217 214 221 223 215 223 211 217 219 224 215 217 219 221 221 220 220 221 223 221 220 220 221 223 223 222 221 226 221 221 223 219 219 221 220 219 228 220 218 223 218 226 222 226 219 221 225 223 225 224 223 223 224 221 222 221 224 222 222 216 208 228 156 37 49 42 29 83 219 151 202 239 227 220 224 226 227 219 224 228 226 225 218 224 224 226 141 222 238 161 195 214 73 171 227 236 124 88 232 220 226 225 222 223 226 224 221 223 224 220 225 221 213 225 196 96 109 115 193 130 165 200 220 225 226 225 230 224 224 225 225 225 227 228 217 222 230 216 227 221 228 218 221 226 226 225 220 222 224 224 221 220 223 225 225 223 222 223 223 219 219 221 222 210 219 223 198 90 208 230 173 71 210 229 214 216 217 216 223 217 219 215 218 222 166 90 86 83 76 82 120 196 224 216 217 220 219 218 218 216 215 214 215 215 216 212 215 210 215 217 212 211 230 145 127 228 213 229 117 166 228 218 211 217 215 217 219 215 216 216 216 216 217 217 218 220 216 215 219 215 220 211 211 212 192 71 39 33 104 221 207 212 206 214 215 211 211 214 222 163 46 52 83 116 151 180 204 215 222 217 213 210 212 207 210 213 209 219 215 210 224 145 53 36 51 132 213 221 211 218 216 210 217 210 217 223 181 159 198 223 225 196 112 103 187 220 222 225 168 167 218 230 230 221 230 
116 86 200 231 217 214 216 222 211 220 215 214 218 218 212 171 168 205 173 144 199 212 207 204 212 218 224 214 187 147 107 51 138 215 215 131 164 209 148 102 65 73 96 140 188 217 212 197 57 65 208 212 216 216 216 216 214 223 216 216 171 182 215 121 196 214 220 216 219 219 217 219 217 217 216 215 215 217 216 214 215 222 133 18 29 116 198 225 208 72 90 145 97 34 126 158 175 192 177 145 133 115 103 120 131 26 12 24 20 26 14 11 29 114 149 146 182 222 219 220 217 209 211 206 220 208 207 196 161 153 98 208 190 182 200 145 159 199 211 220 221 214 221 214 217 222 217 216 215 221 216 216 214 219 220 213 220 208 215 223 141 74 105 168 224 220 215 212 215 216 221 212 210 213 216 211 220 221 208 153 81 36 18 12 15 30 66 119 182 217 229 219 217 218 217 220 216 222 215 222 216 216 218 219 219 219 220 222 220 218 218 219 221 221 220 222 223 222 221 221 221 222 222 221 222 221 221 222 222 220 220 220 219 226 218 226 226 218 228 223 226 225 220 219 230 222 223 226 221 223 225 227 217 220 222 220 215 226 195 54 29 39 35 56 199 237 149 57 127 196 228 223 226 224 222 227 226 224 226 222 220 223 223 168 86 193 235 237 125 90 229 223 205 54 177 228 223 223 224 226 224 227 218 226 224 237 227 217 220 218 222 228 106 109 140 161 229 223 228 222 223 220 229 224 225 226 226 225 227 224 223 224 225 224 223 223 223 222 222 224 225 226 225 223 224 223 223 223 223 222 222 223 223 223 221 221 222 221 221 224 218 217 219 227 103 150 230 219 86 157 230 213 224 215 218 220 216 216 220 217 216 231 194 118 72 90 75 88 103 157 220 223 213 219 217 217 215 220 214 217 216 217 214 213 215 216 214 213 211 217 219 105 188 218 217 196 112 212 218 217 213 215 219 217 217 218 217 216 217 217 216 218 217 219 221 220 218 214 213 212 210 216 128 45 49 51 171 216 207 212 212 213 213 213 215 216 210 174 190 212 220 225 209 213 217 211 215 209 210 214 207 214 219 226 212 219 216 215 225 170 70 35 41 103 198 220 215 209 210 216 214 218 176 160 204 222 212 173 121 127 197 220 223 226 221 201 218 224 223 229 223 229 
123 104 211 216 212 217 223 213 218 218 217 216 211 226 182 127 95 119 161 205 209 215 221 220 202 162 108 61 39 20 8 18 187 226 221 105 19 78 104 137 180 204 227 229 215 207 213 221 192 24 133 228 212 213 217 216 223 214 218 218 230 225 198 207 213 222 219 211 214 216 216 220 216 217 216 215 216 217 217 215 216 207 225 201 121 25 37 170 184 110 168 198 192 62 85 94 48 24 3 58 140 180 206 236 230 79 7 7 15 41 76 122 171 206 204 225 220 208 215 207 213 208 210 222 157 132 213 223 220 155 207 153 118 172 172 209 184 217 220 213 218 215 215 224 225 214 213 218 216 220 219 211 219 199 178 219 218 221 219 218 177 163 226 219 208 211 208 221 218 210 220 215 219 217 214 214 209 215 208 227 218 188 147 77 29 15 15 18 37 77 142 201 223 213 227 226 218 217 220 218 218 219 220 219 219 219 219 220 220 219 219 220 222 221 221 222 223 223 222 222 222 223 223 222 224 223 222 222 222 221 220 221 227 223 218 223 225 220 224 226 226 223 218 224 219 226 226 222 222 225 217 221 225 223 225 218 219 221 94 36 46 38 29 152 222 86 76 112 123 187 223 221 221 222 222 224 224 222 223 224 226 216 146 148 150 145 203 222 66 184 233 233 116 90 240 222 220 225 222 224 224 224 233 227 207 142 202 244 222 224 221 227 135 199 242 229 220 218 225 229 226 231 223 226 227 223 223 227 227 225 224 225 226 225 224 224 224 223 223 224 225 226 225 224 225 223 223 223 223 222 222 223 223 223 221 221 223 221 220 223 221 220 215 229 176 100 221 232 154 88 224 227 216 213 230 220 221 217 220 220 213 217 224 222 161 85 74 92 85 68 118 202 223 221 219 226 215 216 220 218 217 218 215 212 214 215 214 215 215 212 225 174 118 229 209 224 149 146 224 214 218 215 220 215 217 218 216 215 217 217 216 217 215 215 216 216 216 214 213 213 212 209 194 76 43 39 94 211 207 216 206 219 212 218 217 212 213 221 214 212 217 211 204 215 214 212 215 216 209 213 214 215 184 158 192 216 221 211 205 222 203 105 38 29 70 171 212 224 212 217 213 164 177 215 227 204 165 175 189 215 219 229 190 192 220 223 227 223 224 226 224 225 
197 211 217 216 219 221 215 216 212 215 219 219 218 211 205 193 195 185 124 228 207 176 119 87 46 15 7 11 21 16 0 19 61 142 135 145 179 206 225 228 218 217 214 211 213 217 217 216 226 93 71 222 216 218 220 216 217 225 215 220 210 217 223 216 217 222 218 214 217 218 215 218 216 217 216 216 216 217 217 215 219 213 212 217 222 207 107 25 82 190 176 164 94 117 157 141 40 61 132 122 122 162 134 66 43 22 48 96 146 197 218 225 220 208 217 214 211 215 215 212 212 217 213 221 133 87 133 195 199 225 232 173 124 165 111 175 232 217 216 218 219 220 215 214 212 224 219 221 221 216 215 209 227 139 164 168 196 215 213 222 220 229 218 205 222 220 215 213 222 219 217 219 220 216 223 216 221 218 221 210 208 225 227 225 188 122 55 27 12 16 23 42 98 156 143 200 222 216 220 217 219 221 221 220 219 220 220 219 221 220 220 222 223 222 222 223 224 223 223 223 223 224 224 223 224 223 223 223 223 222 223 224 222 220 226 227 226 225 222 227 224 225 234 227 226 222 226 218 221 226 224 228 223 224 221 214 221 138 23 46 34 35 107 240 209 179 124 114 207 232 219 230 222 222 224 223 225 223 220 225 219 207 226 254 217 194 245 135 115 232 222 192 62 195 218 228 226 229 220 223 222 228 206 228 198 90 104 129 209 215 227 223 210 221 221 225 224 229 222 223 223 223 222 225 226 223 225 229 227 226 226 226 227 226 226 226 226 225 224 224 225 225 225 224 225 223 223 224 223 222 222 223 224 223 221 221 224 222 220 221 221 217 214 218 221 88 185 224 212 80 186 224 224 226 217 216 213 213 215 220 223 215 214 220 228 193 120 68 96 96 79 101 159 221 217 215 226 218 216 220 216 218 216 212 213 214 214 216 217 216 219 223 116 175 228 218 209 109 195 216 217 220 217 217 217 218 216 215 217 216 215 217 216 215 215 215 216 215 216 216 211 207 222 138 43 42 41 159 219 205 215 210 208 215 216 220 210 218 216 215 214 211 212 212 217 219 210 214 215 216 213 220 134 41 86 208 210 208 224 214 209 221 133 36 37 51 125 172 93 138 125 46 167 223 196 132 163 227 230 223 223 182 147 206 226 214 231 220 215 230 222 224 
216 224 216 222 225 205 219 215 220 221 211 214 211 229 227 231 213 87 92 103 48 16 19 9 15 13 17 12 12 45 77 126 175 193 222 220 218 214 208 216 214 214 213 212 213 215 214 211 223 141 34 206 214 214 214 219 214 184 210 224 217 216 216 220 213 217 217 217 220 219 215 216 216 216 216 215 215 215 215 213 212 219 212 221 213 216 226 103 0 141 195 188 91 159 36 27 155 165 241 199 77 103 61 63 121 163 206 221 219 215 213 206 212 220 215 219 212 222 216 208 214 218 210 140 226 183 106 141 213 214 213 222 225 187 171 213 223 213 223 223 211 217 223 214 215 218 212 222 212 212 236 152 168 137 186 82 89 213 223 215 213 209 213 218 217 218 221 217 216 216 220 217 220 220 209 222 224 206 214 219 210 171 167 210 219 217 215 170 95 31 20 17 165 220 185 132 218 227 214 220 218 221 221 219 220 222 223 221 222 221 221 223 223 222 222 223 224 223 223 223 224 224 224 224 224 223 223 224 224 224 224 224 221 223 226 221 220 224 224 225 220 226 226 220 222 223 220 225 224 223 222 224 223 224 213 223 182 50 41 32 24 65 217 154 119 113 179 204 196 227 220 220 226 222 223 224 227 225 219 226 222 135 127 164 80 157 221 70 189 225 240 105 115 243 222 220 218 223 236 229 218 134 131 216 235 107 91 131 142 220 230 224 229 225 225 223 224 224 227 227 228 218 232 226 225 225 227 224 226 226 226 227 226 226 226 227 227 225 224 223 224 224 224 224 225 224 223 224 224 222 223 224 223 222 220 221 224 223 220 221 223 220 221 214 228 138 123 231 226 122 124 231 216 218 218 221 220 224 219 216 218 218 216 220 219 226 223 172 93 81 90 82 71 121 195 227 220 214 211 216 215 218 217 214 214 214 215 217 217 224 212 223 185 107 229 209 231 156 133 223 214 220 214 220 218 219 218 216 218 217 216 218 219 217 216 216 217 216 216 215 210 218 210 203 87 49 49 81 207 209 217 210 213 212 213 217 215 210 215 220 227 221 212 222 208 211 211 219 215 214 210 221 211 70 34 152 216 216 218 213 218 209 213 168 71 28 48 35 23 31 27 29 50 118 114 120 187 222 217 218 163 163 217 227 217 229 214 220 229 219 223 228 
222 216 214 212 216 217 213 218 215 219 218 225 222 171 152 110 42 13 12 5 8 22 20 8 11 19 59 119 160 200 220 225 231 221 208 212 215 212 213 219 213 214 215 216 218 218 217 214 225 191 25 115 230 216 216 217 232 164 126 218 215 223 213 215 218 218 217 216 216 215 215 217 214 216 216 215 215 216 215 214 222 216 217 219 220 207 231 130 35 47 74 103 29 30 99 147 198 167 86 69 91 142 204 221 228 221 206 209 217 211 213 217 211 211 215 216 219 214 211 214 229 177 129 93 110 227 218 222 227 217 218 217 214 222 225 222 218 216 211 217 221 217 216 214 217 216 226 207 225 189 80 115 73 152 133 139 200 220 221 215 225 214 212 215 215 222 221 222 222 221 226 215 212 222 231 220 212 214 224 219 183 77 146 215 220 213 213 227 235 205 142 47 171 237 224 128 214 222 217 218 218 220 220 219 220 223 223 222 223 221 221 223 223 222 222 223 224 223 223 223 224 225 224 224 225 224 225 226 226 224 222 223 219 222 220 223 225 226 227 223 226 225 225 224 227 229 220 223 223 223 221 219 223 215 222 214 75 40 45 34 32 185 237 81 220 207 91 220 232 221 224 221 227 222 221 224 225 224 224 231 190 231 229 165 146 242 122 102 234 234 181 67 194 226 227 233 236 221 166 204 227 103 223 232 215 138 165 249 230 221 221 227 221 220 227 223 227 225 227 216 222 223 227 224 224 225 226 223 225 226 226 226 226 226 226 227 227 225 224 223 223 224 224 224 225 224 224 224 224 223 223 224 222 222 220 221 224 223 220 221 221 222 220 220 229 192 78 209 239 196 78 209 225 216 221 220 213 211 215 218 219 217 215 217 215 215 221 226 198 125 65 96 89 78 80 143 210 221 221 215 214 218 219 216 216 215 215 217 220 223 218 215 224 128 164 230 212 220 116 193 221 212 219 218 218 219 218 217 218 217 216 218 217 216 216 216 216 215 213 212 212 218 209 221 157 49 51 35 146 228 204 208 211 213 216 212 216 214 223 181 128 163 218 211 219 210 213 216 210 219 215 210 228 140 27 78 214 219 207 218 219 210 213 218 188 91 35 41 36 36 70 48 33 26 40 158 227 209 206 147 175 224 220 215 220 221 221 224 219 218 227 220 
210 229 215 212 210 227 218 228 227 200 168 124 87 141 159 98 19 20 12 10 11 15 45 99 131 182 206 218 221 211 211 213 158 181 222 216 217 216 215 215 218 218 216 214 213 214 215 217 205 223 89 35 213 216 216 205 161 138 117 140 203 218 215 220 217 218 218 216 215 215 216 217 213 215 217 216 216 217 217 217 213 222 215 216 210 229 189 113 177 186 28 2 100 145 194 152 91 44 83 192 231 223 213 218 207 217 212 213 216 212 214 211 222 223 211 214 219 217 220 215 176 134 98 195 157 208 219 217 215 220 213 217 219 214 219 215 217 221 218 219 217 212 218 219 219 210 225 194 141 229 144 133 194 175 223 223 224 219 218 225 220 215 220 224 219 217 218 218 217 221 226 219 229 201 145 137 210 150 201 232 235 106 139 208 215 221 220 198 109 96 235 122 31 111 60 135 230 222 215 226 220 220 220 221 221 222 222 222 223 222 222 223 223 222 222 223 224 223 223 224 224 224 224 223 227 226 226 227 226 223 222 222 220 222 221 225 222 215 220 222 227 226 228 228 227 231 221 228 223 225 226 220 219 220 229 130 40 40 43 28 147 230 180 161 109 111 122 225 220 225 220 225 224 225 223 225 223 223 229 226 150 115 165 159 236 213 69 195 230 225 97 128 240 223 220 195 123 191 177 107 233 174 124 131 142 227 221 222 226 226 228 224 229 222 222 227 227 226 228 230 217 235 218 224 228 225 225 228 224 225 225 224 225 226 226 225 226 225 224 223 223 224 224 224 226 224 224 224 224 223 223 224 222 222 220 221 223 222 220 222 221 221 217 220 223 229 106 109 165 137 35 162 235 210 217 211 220 214 214 216 215 220 222 216 220 221 220 213 223 219 176 96 82 82 85 151 223 218 211 220 215 220 220 219 219 218 216 218 220 215 220 219 222 197 104 212 217 224 179 127 221 213 220 215 218 219 217 216 218 217 216 218 215 215 216 217 217 215 214 213 215 210 214 208 208 93 35 39 60 196 213 198 211 217 213 217 213 211 220 160 32 63 199 210 199 213 216 211 214 214 213 216 216 203 64 33 139 219 217 214 212 213 210 205 218 215 120 32 37 115 215 162 36 35 46 66 159 213 165 187 225 218 212 219 224 216 215 180 191 229 213 222 
214 216 219 230 229 201 182 137 98 92 120 70 114 249 233 214 25 7 32 87 122 170 210 215 217 207 206 208 207 219 194 109 74 100 196 213 218 217 216 218 218 214 212 217 223 224 217 210 215 212 195 35 94 219 221 202 191 209 231 215 217 220 215 214 214 216 218 217 216 217 218 215 214 216 218 217 216 217 217 216 222 209 216 216 222 207 111 229 150 62 35 94 241 185 151 42 23 111 232 219 211 209 212 209 215 219 216 216 214 212 216 217 211 215 214 219 215 218 175 213 205 153 92 201 233 217 209 220 222 215 213 226 216 215 213 220 217 218 219 210 213 228 225 213 200 222 133 220 164 142 236 164 217 227 217 212 219 217 219 220 217 219 224 210 218 223 211 227 226 201 165 152 178 208 121 162 245 182 136 194 188 201 120 156 226 211 229 195 63 137 232 87 13 17 25 195 225 210 222 217 222 220 219 222 223 221 221 222 225 224 223 223 223 222 223 224 224 224 224 224 225 225 224 223 226 224 224 225 225 224 225 226 221 221 224 222 226 233 233 235 222 223 224 187 229 211 208 221 191 228 219 221 223 226 167 44 41 41 27 87 243 105 54 231 212 187 225 226 221 221 225 227 222 229 224 226 223 225 225 192 111 57 155 196 229 111 110 237 226 177 65 212 221 213 176 98 75 218 238 145 122 235 202 172 223 225 222 222 224 226 221 228 222 227 226 224 220 224 225 225 226 223 230 228 231 225 225 226 224 225 224 223 224 226 225 223 225 225 225 224 224 224 225 225 226 224 224 225 224 223 223 224 223 223 221 221 222 220 219 222 226 221 222 221 219 239 177 77 190 199 112 79 186 223 229 217 209 217 220 216 214 218 218 215 218 219 214 218 217 214 230 200 125 92 184 235 223 222 215 219 217 221 220 219 219 219 218 219 218 212 219 223 219 226 138 144 226 209 229 129 178 219 216 217 217 218 216 215 217 217 216 217 215 216 217 218 217 216 215 215 220 213 215 210 219 176 59 51 23 120 220 208 220 220 208 214 217 213 215 205 100 29 122 222 205 213 209 213 212 193 215 217 211 223 148 44 63 206 209 214 208 214 220 211 211 205 228 155 139 218 216 180 139 106 33 46 42 133 209 224 211 214 213 211 223 219 155 75 77 171 236 217 
225 215 185 153 111 85 95 139 183 218 251 177 89 178 173 103 92 157 200 212 223 215 210 204 202 210 208 216 208 133 78 67 78 60 142 223 216 214 214 218 217 217 217 216 216 215 216 217 216 212 227 136 107 220 159 202 219 226 209 215 216 218 215 220 218 217 217 214 212 216 217 213 216 218 219 217 215 215 214 213 217 219 210 218 215 152 105 90 68 160 96 151 223 102 0 18 181 175 216 226 216 209 219 214 214 212 212 217 217 215 216 214 220 219 220 210 232 123 115 190 234 225 216 211 217 219 223 217 215 223 223 214 218 222 218 218 220 214 220 222 224 201 185 227 145 112 112 127 230 186 213 230 218 216 216 225 220 218 224 220 218 218 215 228 217 218 241 176 183 174 117 143 102 234 224 129 210 223 152 139 204 224 233 224 165 232 210 127 199 227 211 58 26 32 68 203 216 221 222 221 223 219 219 223 224 221 221 224 225 224 224 223 223 222 223 224 225 224 224 225 225 225 224 223 224 222 222 223 224 226 229 231 228 225 228 211 212 217 177 147 174 219 146 165 163 194 99 137 120 234 221 222 221 197 69 48 46 50 49 208 179 103 150 98 173 235 218 224 225 222 230 221 221 230 221 225 225 227 215 154 145 174 158 235 191 49 211 229 229 97 128 230 233 133 153 249 164 125 230 227 170 214 229 236 224 226 226 221 230 226 228 222 221 224 227 224 227 222 227 232 215 174 233 220 226 224 228 224 225 224 223 223 224 226 225 222 225 225 225 225 225 225 225 226 226 225 224 225 224 223 223 224 224 224 222 221 221 219 218 222 221 217 219 221 216 217 211 148 223 245 209 41 38 81 131 182 221 221 215 214 219 220 217 220 215 220 220 219 220 223 212 226 216 212 220 218 220 219 223 217 218 221 220 218 219 219 219 220 217 216 222 224 219 218 212 97 207 217 219 199 117 218 212 223 216 217 216 215 217 216 215 217 216 217 218 218 216 214 214 215 213 217 212 214 206 222 105 40 58 77 191 221 213 217 216 215 217 212 213 228 160 40 61 183 212 203 214 201 111 70 178 215 212 209 209 89 25 138 219 210 213 217 209 216 214 209 212 214 226 201 209 202 214 217 134 52 38 39 92 198 222 209 214 216 206 129 61 56 50 57 139 214 
118 91 97 124 163 212 237 238 205 161 117 80 80 138 134 179 226 217 208 209 209 205 207 211 210 220 210 155 83 70 73 67 102 157 218 210 215 218 214 217 211 217 220 216 215 217 217 214 217 213 218 217 231 186 103 140 161 167 162 223 222 214 218 217 216 220 217 215 210 216 212 214 217 212 214 221 215 220 220 213 219 209 219 224 107 90 65 118 229 156 176 111 44 94 70 0 47 74 99 150 189 222 221 213 213 218 217 217 216 218 221 216 215 218 223 195 190 209 89 134 167 190 216 222 216 216 220 219 219 221 218 217 225 215 220 219 219 218 214 227 228 100 98 171 231 115 190 206 211 230 219 218 219 216 221 217 219 222 218 220 228 229 211 182 210 126 170 128 187 234 105 142 154 163 225 191 212 220 169 140 175 185 151 135 169 226 143 184 224 218 195 63 43 22 87 219 219 222 220 220 223 224 224 223 222 222 222 223 223 224 224 223 223 225 225 223 223 225 224 222 222 224 224 221 227 225 229 225 226 226 224 156 153 229 190 113 180 225 206 131 206 206 147 254 155 198 149 173 117 213 223 219 220 84 37 48 45 42 170 250 211 220 253 210 189 218 230 222 221 227 225 220 226 222 231 220 224 222 94 137 146 138 236 206 125 92 167 210 168 46 222 107 198 236 112 207 234 141 191 235 231 226 227 225 225 222 230 224 225 226 220 225 225 226 226 226 235 231 202 204 225 143 220 229 225 222 227 226 226 225 224 223 224 224 224 223 222 224 226 226 224 222 224 227 224 225 225 224 223 224 225 224 225 221 222 227 218 219 222 215 222 224 218 226 221 216 227 184 109 136 89 37 38 24 26 46 92 159 205 229 224 218 213 217 222 213 225 226 216 218 220 223 220 221 220 218 218 221 220 217 219 219 219 219 219 220 219 219 222 221 221 221 213 218 226 162 133 227 213 224 125 157 224 212 214 220 212 219 216 213 216 216 214 215 217 217 215 211 212 215 217 216 214 215 210 224 165 129 204 207 155 211 218 213 217 216 218 208 214 212 211 96 29 114 219 205 208 214 128 17 96 215 206 207 216 172 49 60 194 215 214 216 218 213 211 217 210 221 186 144 197 214 213 201 170 171 74 27 31 78 168 220 224 181 96 58 44 45 65 53 53 99 
152 193 235 247 222 182 138 97 89 122 153 193 229 229 241 225 206 218 212 208 212 209 212 215 217 166 95 64 76 80 84 145 202 232 213 219 211 218 219 216 214 217 218 216 215 216 217 216 217 214 212 216 211 191 174 129 121 132 222 216 213 219 212 222 220 219 209 220 216 214 215 214 209 217 212 212 218 213 208 215 215 239 190 42 24 108 191 246 145 98 98 70 170 229 127 129 123 63 44 27 24 61 172 219 216 217 211 217 216 214 219 212 222 215 216 224 120 149 221 141 155 208 230 214 213 221 219 216 215 213 220 225 211 216 227 213 214 220 230 145 202 184 152 96 167 227 199 230 220 219 222 220 220 220 219 219 221 224 219 206 151 203 198 49 188 221 146 90 217 225 189 213 235 211 213 241 176 222 87 97 81 191 209 119 163 233 216 225 214 224 194 37 34 24 117 227 216 218 220 224 223 224 224 224 223 222 223 223 222 223 223 222 222 224 224 223 226 217 228 228 221 229 220 222 204 230 174 225 190 202 190 151 212 183 212 178 164 171 241 177 155 238 165 160 132 220 186 216 223 214 219 229 118 30 43 41 29 127 233 161 209 242 135 173 230 225 219 222 227 224 221 228 225 223 225 227 219 241 125 155 220 72 115 172 204 185 187 160 41 152 238 190 103 194 104 171 233 228 222 224 221 227 228 226 219 231 228 222 229 230 221 229 225 224 223 228 178 194 232 173 157 92 205 203 223 225 229 224 225 224 224 224 225 224 224 223 223 224 225 226 224 222 223 226 223 224 225 224 224 225 225 224 221 225 229 210 201 224 221 224 222 226 222 217 221 218 225 217 185 127 56 24 29 40 55 48 41 24 63 116 175 206 230 224 223 224 212 216 222 218 220 219 226 220 218 221 220 216 218 225 221 220 220 219 219 219 219 220 218 219 217 220 221 214 218 217 110 200 219 223 197 101 215 211 212 218 213 213 214 215 215 217 214 217 218 216 215 215 215 214 216 215 214 212 214 219 213 164 212 222 186 167 224 218 219 206 212 215 215 209 217 169 47 57 181 209 209 203 194 69 37 180 222 213 212 189 70 44 122 220 208 218 218 223 218 210 226 159 138 202 220 215 187 137 174 223 197 113 39 28 54 127 157 66 41 38 49 132 187 121 57 44 
227 200 158 112 93 97 126 182 213 230 226 215 224 199 163 200 212 210 207 215 208 214 224 192 111 67 75 74 67 130 192 223 219 212 210 217 216 217 215 213 218 217 216 215 215 216 217 218 216 222 211 213 139 179 238 229 207 225 219 217 217 218 219 216 211 214 223 213 212 216 217 215 222 211 212 212 211 220 213 228 207 123 23 85 177 229 231 124 13 52 146 218 238 154 92 161 181 225 217 192 137 56 0 88 205 221 222 226 222 214 221 218 213 218 155 133 125 139 178 236 229 226 223 221 220 217 215 216 225 215 218 217 225 220 219 224 229 157 179 213 124 223 165 142 213 219 221 224 219 218 223 218 221 218 220 222 222 209 219 217 155 125 84 142 124 223 239 180 211 225 224 160 200 233 129 148 79 178 196 101 180 113 230 219 182 225 222 220 217 225 156 41 40 31 154 230 216 221 221 218 224 224 224 224 224 223 223 224 223 223 223 222 222 223 224 223 228 221 223 211 200 201 166 230 146 223 142 116 154 151 209 161 185 88 215 177 177 127 226 219 193 228 231 190 194 222 231 221 229 214 230 164 87 147 78 32 67 219 221 167 134 104 75 209 233 227 221 222 224 222 221 227 225 215 227 229 220 172 156 101 131 123 135 212 74 30 70 177 137 199 230 228 197 131 167 223 216 230 218 228 222 225 233 221 229 225 229 223 223 219 231 228 229 221 220 230 128 156 154 225 211 129 189 214 226 226 222 226 224 224 224 225 225 225 224 223 226 225 226 226 225 224 224 225 223 224 224 224 225 226 225 223 223 232 182 104 130 220 215 223 220 220 225 216 222 221 220 232 220 189 224 178 90 47 30 46 49 34 48 44 37 78 134 185 218 231 225 222 220 216 223 225 222 224 222 218 220 226 223 214 221 221 221 220 218 218 219 220 220 222 219 214 218 219 212 232 165 117 230 211 218 147 141 230 214 215 219 212 214 217 213 217 214 218 218 216 216 218 218 214 212 215 219 215 219 209 222 184 178 221 218 168 201 215 208 221 213 217 214 213 214 218 92 18 107 215 211 218 228 134 29 84 144 118 91 54 30 41 46 188 219 210 205 197 205 216 161 146 209 220 212 166 129 196 217 216 207 217 151 48 38 42 36 46 55 70 161 220 224 220 148 67 
96 94 128 164 192 226 234 219 214 222 220 226 157 142 151 128 229 219 216 212 223 203 134 90 76 74 79 106 171 226 221 214 208 219 218 223 221 224 222 220 219 216 214 215 216 215 215 217 212 217 223 205 102 194 206 128 206 202 218 221 213 211 219 218 220 220 220 223 212 222 208 215 212 214 221 222 214 205 200 123 39 53 168 226 230 194 61 23 124 221 240 234 119 131 197 168 103 199 217 223 228 215 143 56 23 92 127 147 197 228 223 212 222 218 217 156 134 227 220 218 224 213 213 217 214 214 218 219 216 221 223 231 221 211 179 218 220 216 131 158 118 202 232 231 224 224 219 214 227 218 215 219 217 222 219 221 221 221 224 227 162 162 152 206 221 214 219 223 195 221 161 145 154 203 191 102 183 138 224 159 158 207 228 218 231 223 220 219 212 229 127 31 35 31 174 222 214 223 223 219 224 224 224 225 224 224 224 224 224 224 223 223 223 224 224 225 220 228 225 221 111 67 174 246 157 186 198 155 177 94 217 181 151 169 228 207 177 214 225 194 187 240 167 138 188 133 221 224 214 230 201 94 228 236 214 59 186 243 133 168 225 188 198 237 216 225 228 224 221 224 224 222 226 228 222 228 105 124 161 127 229 215 175 169 14 39 2 85 194 170 232 222 237 242 235 222 223 227 225 229 231 220 219 229 223 228 227 227 225 236 218 225 225 224 226 238 163 148 134 134 211 242 219 226 220 219 227 227 225 224 224 225 225 225 225 224 225 224 223 224 224 223 223 224 224 224 223 223 225 226 225 222 227 178 102 95 81 188 235 217 224 213 224 219 221 223 220 223 214 183 116 149 175 206 153 83 42 34 35 38 45 46 27 76 113 135 192 226 227 224 218 217 218 217 220 223 223 220 220 222 221 222 221 219 217 216 218 220 223 221 222 218 213 223 214 213 221 118 174 228 224 218 107 199 219 211 219 216 215 218 215 218 216 218 219 217 217 218 217 215 216 215 218 215 219 214 212 218 162 203 219 195 174 220 219 219 216 213 216 218 207 217 159 33 37 166 189 158 126 61 34 34 14 28 46 64 102 139 155 207 200 153 155 158 193 216 198 213 220 205 141 147 209 221 215 214 212 212 217 181 71 44 48 41 86 190 221 215 207 222 225 181 
188 214 227 231 224 207 210 219 224 185 154 207 176 104 110 108 192 209 220 220 167 85 64 81 60 102 168 225 229 224 223 220 226 219 206 189 187 167 183 216 217 214 214 216 216 214 214 215 217 213 205 216 187 139 119 165 215 79 106 230 220 216 223 212 177 182 213 220 223 218 217 214 224 206 190 169 170 169 42 30 134 225 237 205 124 32 92 203 231 173 125 177 87 105 177 164 183 223 219 207 216 213 229 206 120 66 49 44 38 78 157 228 218 223 220 225 204 213 219 219 214 229 225 215 219 219 214 218 225 222 224 186 143 206 183 138 241 183 203 163 194 225 217 216 220 213 228 224 216 227 218 223 224 222 216 221 215 217 215 230 218 200 240 189 147 213 186 174 178 178 199 136 115 99 228 183 231 217 220 235 233 226 228 217 220 219 219 223 215 222 89 23 29 47 200 223 215 217 222 226 224 224 224 225 225 225 224 224 224 224 223 223 223 224 224 225 222 225 216 243 149 151 166 204 212 185 227 184 235 225 214 195 170 209 226 165 149 198 194 142 164 156 188 125 166 139 224 220 219 224 80 51 196 239 176 166 225 194 230 165 117 226 231 223 225 224 225 227 226 226 225 223 220 224 223 248 128 143 237 101 169 228 109 190 131 56 58 181 151 194 232 230 222 221 222 225 227 226 226 223 228 232 226 225 229 233 224 226 222 224 225 226 227 225 222 234 183 143 241 225 220 221 226 224 226 232 221 225 226 225 224 224 224 225 225 225 223 222 222 223 224 223 223 223 225 225 224 223 225 226 224 221 223 115 104 105 90 134 223 218 226 218 220 216 221 222 222 220 216 204 129 185 225 218 226 216 183 129 80 39 50 37 81 218 209 153 115 111 151 210 234 231 222 220 219 222 222 219 217 218 221 222 221 219 217 217 219 221 219 215 218 229 218 218 217 214 222 194 57 111 169 222 176 140 221 210 213 215 214 218 219 218 218 217 218 220 218 214 214 217 217 213 219 218 217 220 209 228 194 155 219 223 181 205 213 207 212 210 216 216 209 213 211 90 34 54 39 28 22 43 55 82 121 146 181 203 219 218 224 215 214 208 221 224 213 203 212 210 211 175 167 219 218 211 211 218 211 214 211 215 203 94 37 119 209 220 214 215 218 216 212 227 
221 215 215 208 219 228 213 219 166 138 182 130 203 154 141 206 197 224 181 115 71 67 85 68 76 168 209 196 170 164 144 112 114 108 82 85 83 64 189 218 215 214 214 216 215 213 213 214 213 229 207 104 116 188 210 217 213 205 90 63 180 223 197 222 92 35 71 77 108 165 165 161 126 149 167 136 154 100 107 211 218 190 115 37 53 173 229 211 222 201 106 177 115 193 189 229 225 220 216 219 217 218 209 229 229 213 217 204 136 41 14 68 165 200 220 225 232 216 219 216 220 220 214 211 218 221 220 221 218 216 225 127 103 187 232 154 98 131 203 234 223 217 221 224 226 215 219 218 224 218 224 219 220 211 223 218 225 216 226 206 222 223 223 136 174 136 211 129 172 134 233 173 141 192 228 223 223 221 224 219 218 223 219 230 222 220 221 224 215 215 75 25 31 79 221 224 220 215 220 223 224 224 224 225 225 225 225 224 223 222 222 223 223 223 223 224 220 221 225 222 208 216 224 210 224 205 206 234 223 205 178 121 185 134 195 148 235 142 152 155 234 113 220 116 184 227 225 217 234 127 37 46 55 77 96 227 203 119 137 177 92 200 234 219 229 224 224 227 226 226 226 223 225 224 219 136 128 153 135 151 236 163 58 152 171 177 188 140 164 230 225 223 226 231 222 227 232 227 220 231 223 225 226 219 223 218 214 242 211 166 243 225 223 230 228 228 224 219 226 222 222 229 223 219 226 224 227 226 226 225 223 222 223 224 225 225 224 223 223 224 225 224 224 225 225 225 224 223 224 225 224 222 225 193 96 99 96 103 199 230 216 224 219 212 226 220 218 222 226 184 200 226 222 214 214 219 220 228 220 167 98 45 83 206 229 240 228 198 147 110 130 166 214 226 230 222 217 220 225 226 221 221 221 220 219 219 220 222 218 221 214 224 223 215 218 218 216 229 128 26 31 79 132 78 199 217 209 213 213 218 220 215 218 217 218 221 219 213 213 218 216 214 221 220 214 213 216 211 221 170 200 215 179 151 223 214 211 209 214 214 214 210 219 172 56 44 75 101 153 177 199 214 219 216 220 212 215 217 206 220 220 216 179 160 155 165 155 159 219 217 225 211 216 209 217 215 218 209 210 209 213 212 166 213 214 215 215 214 213 220 222 219 
215 214 221 219 203 157 148 217 120 203 241 135 174 229 203 227 209 120 86 71 68 85 78 75 78 87 86 82 66 66 65 57 54 60 72 84 73 145 223 218 213 214 215 215 214 212 213 214 220 188 126 115 113 149 218 215 215 214 221 120 20 127 222 219 131 133 176 124 22 150 183 197 136 198 212 103 19 4 125 188 122 11 33 149 228 233 221 128 147 187 160 141 229 215 217 221 218 218 215 217 215 218 228 173 127 197 223 219 230 206 142 88 54 34 69 100 162 210 224 215 218 219 225 221 215 220 223 215 221 222 227 230 103 164 232 214 181 230 222 221 220 216 224 217 217 224 220 222 217 220 222 217 227 227 225 219 203 219 233 156 174 243 233 139 191 125 193 198 138 180 234 229 224 231 220 224 223 222 224 222 224 217 226 220 225 232 225 215 228 209 55 38 27 104 222 215 223 218 222 220 224 224 224 225 226 226 225 224 223 222 222 224 224 223 222 223 226 230 222 223 227 222 219 178 108 142 214 135 161 120 216 108 139 141 214 137 211 119 190 179 145 167 235 204 221 222 220 230 170 44 45 51 29 44 229 139 163 247 178 151 204 229 218 237 222 224 228 226 222 226 228 222 217 231 131 140 106 118 174 219 228 81 154 235 198 142 50 150 243 224 222 230 223 227 228 228 220 232 222 229 232 224 226 238 228 231 207 119 164 100 168 232 225 227 226 219 229 230 219 228 230 224 226 231 219 226 228 221 226 225 224 223 224 224 224 224 225 225 225 226 225 224 225 226 224 224 224 222 223 224 225 224 226 221 122 82 96 90 151 223 212 219 221 216 226 219 215 220 224 209 174 118 110 194 227 215 220 221 218 233 226 202 135 87 109 169 213 233 238 220 181 134 113 141 186 223 233 223 215 215 219 219 219 219 220 220 221 221 220 225 215 215 223 217 219 213 217 223 202 64 40 26 22 21 128 214 211 212 214 216 217 213 218 217 217 219 219 215 215 216 219 218 216 215 212 213 223 216 215 214 124 72 62 47 190 211 210 211 212 214 215 209 211 217 177 189 210 226 219 217 219 213 212 211 208 219 207 205 217 211 213 211 203 198 216 211 218 207 213 206 211 218 215 215 210 212 209 215 217 212 210 214 223 214 219 210 216 224 221 217 224 217 
217 226 198 203 156 101 166 228 184 142 128 138 215 215 224 186 77 88 63 66 76 64 68 71 65 70 62 65 80 93 90 113 92 65 73 71 114 221 218 210 213 215 216 214 212 212 213 214 222 158 96 133 204 227 215 216 219 212 212 237 159 17 150 250 112 126 202 200 65 106 152 133 117 41 41 8 21 25 25 100 64 101 211 232 189 191 237 131 84 123 139 169 219 211 225 217 221 219 219 215 221 220 225 163 70 178 214 208 216 219 232 231 213 152 92 71 28 50 175 228 216 219 216 218 223 216 213 222 217 226 219 226 201 170 225 220 232 221 216 225 217 224 221 222 223 221 217 220 223 221 222 236 200 202 167 218 137 195 241 213 124 175 164 216 148 177 220 227 230 236 217 216 224 215 227 223 221 218 221 221 229 229 223 229 175 147 184 220 223 169 33 45 36 133 230 215 225 220 225 220 224 224 224 225 226 226 225 223 223 222 223 225 226 224 223 224 227 221 223 226 220 228 221 234 158 175 246 128 170 132 203 161 214 179 216 208 161 182 228 228 221 232 225 226 222 221 219 212 61 41 54 45 34 175 196 67 155 138 249 236 233 224 230 223 230 225 226 228 225 226 228 224 226 223 100 143 89 101 166 227 142 64 229 220 244 145 74 231 224 222 232 221 227 224 228 223 227 221 233 222 228 234 223 170 156 157 220 162 126 210 127 194 226 230 220 230 225 219 232 224 225 227 225 223 230 225 224 227 226 225 224 224 225 225 224 223 224 223 224 224 223 222 222 224 223 224 223 222 222 224 225 226 220 232 182 94 100 99 106 208 223 212 223 221 220 219 219 218 220 223 165 101 199 208 219 221 219 218 219 215 216 221 232 215 162 112 101 131 181 227 237 233 209 164 117 113 154 204 229 229 217 217 217 218 219 220 220 220 220 217 219 219 223 216 221 216 213 216 226 145 32 38 43 37 49 200 212 213 216 214 214 216 217 217 217 217 218 219 217 215 214 220 213 217 219 216 204 212 206 216 170 40 46 43 105 218 205 215 214 211 215 216 214 209 218 214 213 209 211 210 211 212 208 208 210 211 218 215 210 212 213 215 220 217 215 220 209 218 213 218 210 212 215 208 216 210 213 211 206 211 217 214 209 216 213 214 224 211 216 218 216 226 
217 139 129 194 230 222 129 197 223 217 203 224 215 218 219 208 114 59 61 76 83 87 96 107 121 151 160 188 204 200 212 220 134 69 71 86 204 219 213 212 225 219 203 217 215 216 216 216 211 207 220 176 188 216 210 220 218 212 216 210 225 169 54 164 120 139 193 108 76 186 214 141 61 7 17 36 12 23 22 75 180 230 227 210 204 133 188 163 139 235 220 222 237 142 187 230 218 214 217 225 211 144 191 200 159 96 136 212 223 214 214 218 219 232 230 229 188 53 18 161 237 221 217 214 219 219 222 221 217 221 223 218 225 228 217 220 219 220 222 222 222 221 222 223 225 214 224 224 211 226 184 141 148 177 173 151 204 121 166 173 183 138 198 224 230 227 225 220 220 222 223 226 220 221 220 224 225 229 233 232 192 153 154 211 119 171 152 169 243 131 16 36 25 156 232 221 223 221 223 220 222 225 224 221 220 223 225 224 223 224 225 224 222 225 226 222 224 224 225 226 225 224 225 227 204 153 235 196 215 210 209 224 225 227 228 229 232 230 223 221 223 218 227 220 218 219 221 115 34 45 47 41 125 239 206 156 79 85 207 226 230 223 229 223 225 228 227 226 228 228 226 227 233 197 184 179 113 153 229 230 72 156 235 223 212 77 164 236 216 231 228 222 224 229 221 233 228 224 226 232 206 197 181 118 239 213 148 233 165 204 235 218 230 222 226 225 227 220 226 232 228 225 225 228 229 227 225 225 226 226 226 227 227 226 224 223 225 224 224 223 222 225 226 224 226 223 220 222 224 225 224 223 227 221 215 117 97 96 88 163 228 224 222 222 214 224 218 221 221 224 182 143 94 151 219 220 219 218 220 222 219 218 220 220 232 228 202 151 108 112 157 201 232 241 223 191 147 122 139 189 225 228 220 215 218 215 212 219 218 216 219 219 217 219 218 215 216 212 218 212 72 39 39 43 18 127 222 206 214 219 208 221 218 217 217 219 218 216 216 216 217 218 216 214 214 215 215 214 212 208 219 135 31 48 46 164 212 210 211 211 220 208 218 213 212 216 220 215 208 209 214 213 221 220 220 220 216 212 213 217 225 213 212 219 214 216 212 216 214 214 212 210 210 212 212 211 207 212 214 213 216 217 214 212 216 217 217 215 214 217 219 221 
197 132 153 136 178 218 200 203 222 208 220 216 214 214 216 219 204 160 161 188 198 208 209 222 226 221 232 218 210 220 222 186 74 83 73 181 222 204 224 219 191 105 96 192 221 212 231 147 82 114 94 173 221 219 222 211 207 215 208 211 215 222 185 21 57 182 199 98 109 147 58 16 11 23 18 8 3 52 160 228 226 195 182 232 237 203 162 201 219 224 228 161 131 139 123 188 222 228 214 215 172 141 136 49 196 183 211 226 216 220 222 219 218 216 225 209 233 188 46 18 122 205 230 230 220 216 217 223 222 219 219 216 219 222 219 229 220 220 221 221 220 220 221 221 220 227 224 223 207 135 107 104 69 182 217 144 228 149 151 200 233 228 220 222 218 225 219 223 221 221 223 215 222 231 230 217 222 177 159 225 130 135 116 180 193 147 173 164 227 115 145 142 48 192 223 220 225 220 221 216 222 224 224 222 221 223 224 223 223 224 225 224 222 225 226 222 224 224 224 225 225 224 225 226 225 217 224 231 226 227 226 226 225 226 224 223 226 225 222 223 222 232 223 217 222 231 170 51 55 49 46 83 221 217 228 233 230 182 180 225 226 226 222 230 228 228 226 227 228 227 230 236 187 123 107 91 152 193 234 151 84 231 220 231 140 83 224 226 224 228 223 233 226 225 232 220 228 231 224 168 101 199 216 115 195 215 129 215 228 216 228 224 223 221 226 224 226 226 224 222 227 225 224 226 226 225 224 225 226 226 225 225 226 226 225 225 221 230 229 225 223 225 222 226 223 223 222 225 225 227 223 221 224 217 234 148 79 110 95 121 222 220 222 220 222 225 229 219 217 222 201 141 188 224 207 227 219 217 220 223 221 220 222 221 219 217 225 237 228 186 133 98 103 172 214 237 238 221 133 58 101 157 207 224 225 216 214 222 221 215 215 215 217 221 221 217 216 218 212 221 158 34 53 44 35 48 180 217 211 211 221 214 217 216 217 218 217 216 215 216 217 218 217 216 216 216 215 213 211 207 217 188 67 42 37 76 208 209 207 213 208 219 210 213 212 211 144 159 221 221 216 201 182 158 128 99 73 62 78 103 146 204 223 208 212 217 219 214 214 214 213 211 211 213 213 212 209 212 210 207 210 214 215 216 213 215 215 214 215 216 217 217 
217 231 186 120 159 229 219 220 209 223 213 219 219 214 213 217 215 229 225 225 218 213 216 207 207 208 214 218 216 215 211 96 49 65 138 226 213 225 202 144 79 72 67 107 214 210 215 205 112 66 201 229 215 212 221 213 219 210 208 207 202 210 224 139 29 37 122 99 63 14 6 18 17 18 8 42 127 221 219 204 214 214 146 160 153 190 232 231 191 161 212 223 119 170 223 201 233 176 120 153 141 116 131 130 214 221 232 222 215 222 221 223 222 221 209 222 217 221 220 137 58 36 90 147 209 226 218 221 221 218 220 221 224 225 219 219 222 222 221 222 222 223 223 222 223 219 221 222 229 204 63 202 168 191 234 221 214 231 236 230 222 223 223 224 221 220 221 225 219 236 233 233 233 188 160 192 189 145 196 135 213 84 129 147 229 164 162 222 191 174 235 248 159 184 229 219 217 226 223 228 221 224 225 223 222 224 223 222 225 225 226 225 223 226 227 223 225 224 224 225 225 225 225 225 225 231 219 225 224 227 221 220 224 225 223 222 224 224 224 226 225 222 221 222 225 200 64 53 39 51 46 183 229 215 219 225 219 240 233 239 226 225 228 224 223 224 225 229 230 226 227 235 108 138 103 193 99 161 231 54 170 232 227 208 52 167 241 222 230 221 229 229 223 228 226 228 201 172 217 225 196 145 227 211 159 143 177 222 227 232 222 229 227 225 226 221 226 232 220 225 226 225 225 225 224 223 223 225 225 224 224 224 225 225 226 226 225 225 220 222 228 220 217 227 228 226 224 223 223 222 223 223 220 229 225 195 99 99 100 92 187 229 218 223 224 218 226 217 220 226 198 211 238 155 188 226 220 218 219 223 222 222 222 221 220 220 218 216 223 233 233 223 176 118 92 136 182 238 169 36 37 41 60 110 174 212 222 224 216 213 212 218 220 218 217 217 223 209 221 217 221 94 34 48 47 23 101 217 208 214 215 213 217 216 217 218 217 216 215 216 216 217 217 216 216 216 215 213 213 215 210 217 142 38 46 28 145 217 208 211 212 210 215 213 214 209 100 38 123 117 91 56 38 33 35 48 68 79 75 66 46 56 156 215 214 212 219 213 213 213 212 211 212 213 214 213 212 213 208 203 206 211 215 218 213 214 215 215 216 218 217 216 
139 191 192 187 220 216 213 215 219 218 217 214 212 227 211 217 217 213 217 220 218 213 223 218 214 216 209 214 218 218 130 62 59 113 217 221 216 178 88 77 84 68 103 178 222 217 217 212 211 129 209 211 218 219 213 219 209 209 212 217 210 212 223 101 176 135 8 5 10 20 30 25 6 20 87 201 234 181 207 145 190 226 203 140 195 203 213 225 123 217 138 87 208 210 235 214 185 209 125 198 125 184 217 229 224 218 218 218 223 221 214 221 216 222 222 220 219 214 216 227 222 157 88 31 38 157 233 212 221 220 221 218 218 223 224 219 223 222 221 222 224 225 224 224 224 219 230 223 225 228 213 210 236 223 221 224 221 229 222 221 218 221 220 225 224 228 233 212 229 184 141 153 216 142 101 175 211 132 205 125 215 186 233 211 206 199 228 235 191 109 224 210 134 195 224 220 226 221 219 218 221 224 226 225 225 226 225 223 225 225 226 226 224 226 227 224 225 224 223 224 225 226 225 224 224 224 232 218 228 228 224 229 223 226 226 225 227 225 224 227 226 220 221 218 225 89 25 36 44 37 147 231 221 225 225 224 229 226 223 219 232 227 225 229 222 224 226 229 229 225 225 229 195 139 91 117 90 228 140 90 235 222 238 122 91 238 222 229 221 231 228 222 226 225 226 228 133 158 175 223 246 175 180 235 235 232 230 228 231 220 225 226 224 226 230 228 214 206 234 218 225 226 227 226 224 223 224 225 224 223 223 223 224 224 224 224 224 228 230 218 229 226 228 221 221 222 223 224 225 224 223 222 225 223 222 224 142 100 97 96 129 228 214 224 223 220 221 224 221 217 219 160 90 141 208 218 220 217 220 223 223 223 223 220 220 222 225 225 220 216 218 223 229 239 200 151 118 101 59 32 38 43 46 44 46 72 131 190 217 230 225 211 208 217 221 213 219 216 214 209 217 168 36 42 46 40 37 174 221 215 212 223 217 217 218 217 218 217 217 217 216 216 215 215 215 215 214 213 215 216 207 209 204 82 43 47 62 199 211 209 211 210 216 215 214 224 172 38 37 41 46 91 120 146 175 193 204 211 210 204 156 55 19 118 215 216 208 213 212 212 212 211 212 214 214 212 213 214 211 206 209 212 214 216 214 214 214 213 215 217 218 216 
204 211 180 216 166 174 236 219 217 190 211 218 219 211 213 216 216 227 217 183 207 220 204 216 210 215 217 210 231 163 67 76 101 211 229 184 105 67 84 73 73 143 218 216 213 206 208 237 192 200 219 221 211 217 210 216 212 218 209 210 201 219 168 112 135 98 12 13 20 22 36 6 35 162 225 214 187 193 133 208 131 131 173 235 189 161 103 215 186 141 131 117 226 189 164 208 152 172 220 125 138 217 226 218 222 219 220 221 222 221 218 219 222 216 221 222 221 223 218 217 218 231 225 205 84 20 163 228 217 218 220 220 217 219 224 225 222 221 220 220 222 222 222 221 221 227 223 222 229 215 224 220 216 222 224 219 229 218 220 226 230 219 229 220 234 202 157 157 229 157 154 207 134 200 99 213 228 194 152 195 226 241 197 212 110 155 141 213 191 35 67 53 103 240 213 220 225 224 227 228 221 223 226 226 226 226 226 225 226 225 226 226 224 226 227 225 225 224 224 224 225 226 225 224 221 225 223 225 224 220 227 225 221 225 226 225 226 224 223 225 222 219 219 231 145 35 49 38 37 102 227 217 221 220 229 228 225 229 231 224 221 232 223 225 226 229 227 224 225 228 229 230 235 236 235 169 193 230 75 182 231 226 202 61 185 231 227 224 231 229 231 233 195 144 204 235 212 182 191 134 219 225 217 225 223 222 223 226 225 229 232 221 229 235 210 216 219 136 226 230 223 226 228 227 225 224 224 225 224 224 224 224 225 224 223 222 226 226 228 225 220 218 221 218 228 227 226 224 222 223 224 226 223 218 220 235 183 104 106 95 101 197 226 219 224 225 219 220 217 223 233 168 115 163 175 224 222 219 221 225 223 223 223 220 225 220 219 223 227 225 222 220 221 219 222 233 232 197 139 95 54 49 43 42 48 52 52 51 85 140 192 223 229 218 216 214 213 220 218 220 211 226 101 38 49 36 28 93 217 208 218 218 217 218 217 217 217 218 217 217 217 216 214 214 215 214 214 214 215 210 212 205 215 168 39 49 41 121 213 203 211 215 214 214 210 211 210 89 18 151 215 213 219 220 220 218 213 209 210 214 221 192 74 23 129 223 213 216 212 213 213 213 214 215 215 213 211 214 212 209 212 214 214 215 215 214 211 210 211 215 216 216 
191 137 161 98 185 137 166 146 191 213 216 210 216 215 223 214 220 198 125 145 131 219 217 209 219 216 208 221 202 80 73 75 168 208 120 69 77 74 71 133 201 231 216 217 213 143 133 131 98 208 214 211 218 216 221 216 221 207 209 211 217 197 87 115 29 5 21 20 21 19 7 81 177 235 173 167 103 220 173 157 222 203 227 225 130 137 100 143 204 201 197 246 153 142 119 147 252 142 202 228 222 223 218 223 218 218 222 222 216 220 224 221 219 219 225 219 217 224 221 217 218 220 215 226 223 48 56 215 222 219 216 225 228 222 221 222 222 222 221 221 221 220 219 218 225 217 229 226 221 226 224 226 225 228 225 226 217 228 220 225 224 200 152 144 193 187 75 149 219 227 129 169 141 225 188 229 228 222 206 240 146 129 105 163 160 191 152 170 174 39 27 17 138 229 213 221 224 227 220 218 222 223 225 226 226 226 226 226 226 225 226 226 225 225 227 225 224 225 224 224 224 225 225 224 229 226 224 229 227 223 230 224 223 226 225 224 224 223 223 225 219 215 232 185 62 51 49 40 72 216 223 229 221 229 224 221 228 228 226 234 225 226 226 229 224 229 228 225 227 231 230 228 224 226 225 235 239 129 109 235 217 240 105 93 237 222 225 230 235 228 199 239 146 218 161 130 240 205 160 141 226 230 224 225 227 229 225 229 223 227 224 230 211 214 220 155 180 130 207 206 221 224 226 226 224 223 223 222 226 226 226 226 226 225 223 222 223 224 217 226 218 229 226 232 221 221 220 219 218 220 221 222 215 225 211 226 220 124 102 92 97 141 237 215 223 220 221 216 220 224 218 186 171 217 227 227 224 222 224 226 225 224 224 223 222 228 228 221 219 225 226 221 219 223 226 212 212 223 231 221 186 131 69 38 44 53 51 42 38 38 49 106 172 203 224 231 220 217 214 219 210 224 178 46 41 36 38 35 156 222 213 213 215 216 217 216 216 217 217 218 218 216 215 215 215 215 215 216 213 212 213 212 210 216 95 31 46 45 169 217 210 215 217 211 213 213 221 170 80 156 220 210 214 215 214 211 210 212 214 215 206 209 178 57 63 196 216 216 213 214 214 214 215 217 216 214 210 214 212 210 213 215 215 216 216 215 212 210 210 214 216 217 
135 70 144 135 226 185 126 196 219 218 215 215 220 220 208 227 218 178 110 95 106 140 190 219 215 212 211 222 126 76 74 68 118 91 70 75 69 106 192 224 216 212 217 202 183 225 214 150 190 228 215 215 218 220 211 214 211 215 209 214 209 78 17 8 16 16 24 14 9 9 40 226 195 176 114 98 96 154 232 205 225 227 199 165 223 104 182 190 191 231 178 178 187 86 121 129 163 223 222 217 223 221 220 218 224 221 221 223 219 218 222 219 223 220 213 218 223 220 219 218 223 219 223 225 221 121 33 203 221 223 215 218 225 223 223 221 221 222 223 223 222 221 220 220 225 232 218 224 224 227 219 219 221 222 220 222 223 225 221 226 235 168 102 123 115 236 120 152 175 219 196 172 219 217 174 162 213 192 69 160 202 110 139 92 202 114 150 234 133 22 37 37 172 231 220 212 228 221 227 225 223 224 224 225 225 225 225 226 226 224 225 226 224 225 226 225 223 225 225 224 223 224 225 224 227 219 226 221 223 226 224 225 226 227 225 223 224 223 222 224 221 224 214 72 61 53 45 32 173 230 216 222 230 226 221 230 229 228 225 227 229 225 229 223 221 227 228 228 229 229 227 227 229 230 226 228 213 73 182 235 235 193 59 195 229 225 230 229 178 221 170 176 199 143 212 96 171 231 202 239 224 223 231 227 232 223 223 224 225 230 221 231 168 128 179 201 199 113 183 204 221 224 225 225 224 224 224 223 227 226 225 226 226 225 224 223 215 228 222 223 225 224 203 199 222 224 229 234 234 230 225 222 221 224 224 218 233 180 86 98 96 102 205 223 219 218 226 224 225 220 225 142 179 141 226 223 225 223 225 227 224 224 225 224 222 220 222 227 226 220 219 225 224 222 223 226 226 217 215 219 230 225 211 173 108 54 34 38 41 50 39 37 46 68 122 168 208 222 216 218 218 202 226 117 38 42 36 22 73 207 214 220 215 217 217 216 216 218 219 218 218 216 215 216 217 215 215 216 214 217 209 214 211 210 177 58 39 32 82 213 205 217 213 213 208 217 207 216 222 215 206 214 217 219 214 208 211 220 218 210 219 221 210 95 33 145 227 211 212 214 214 215 216 217 216 213 212 216 214 211 213 216 215 215 215 215 215 213 213 214 215 215 
228 108 93 229 215 220 237 215 218 213 219 216 217 216 221 171 158 214 214 128 158 213 212 220 216 217 222 151 60 70 68 82 65 71 75 87 168 224 218 209 214 214 213 82 108 162 181 186 233 213 216 215 216 209 217 209 210 205 226 196 80 15 19 29 22 12 4 55 157 141 16 107 219 176 88 133 224 195 222 228 206 175 238 152 174 225 191 228 228 126 153 82 181 165 150 229 203 222 222 219 218 223 220 225 220 222 221 220 219 219 221 219 221 221 221 220 219 220 220 221 219 230 215 214 221 233 98 47 190 220 225 220 221 221 222 217 218 220 222 223 223 222 222 223 225 220 227 230 228 220 224 223 223 225 221 232 226 222 229 220 220 241 95 153 138 175 211 152 182 204 173 145 204 137 148 130 177 203 74 76 156 160 224 209 212 232 219 228 106 29 37 50 203 218 218 222 223 224 219 223 224 224 224 224 224 223 224 225 225 223 225 226 224 224 225 224 223 225 226 224 223 224 225 224 223 231 224 227 220 230 223 231 224 226 224 223 224 222 219 220 219 225 129 38 48 68 42 122 232 223 224 223 222 224 229 224 227 229 229 230 226 231 224 231 226 228 228 228 227 225 227 232 227 224 221 239 126 100 238 221 235 113 106 230 225 227 196 229 140 113 163 81 195 183 155 159 218 231 231 223 232 228 225 229 225 225 230 226 229 225 225 234 209 116 115 107 183 233 216 230 222 224 225 224 224 225 225 224 226 225 224 224 224 224 224 224 226 220 222 227 225 146 100 111 115 121 134 153 176 198 215 225 229 232 230 228 229 220 108 95 110 106 163 235 217 221 220 218 222 220 233 151 158 113 142 182 225 223 225 226 223 223 225 225 223 224 223 221 221 225 227 225 221 224 221 221 218 221 220 223 217 213 216 228 228 201 143 90 53 41 28 46 49 36 83 145 119 164 223 215 217 218 212 198 68 43 41 32 27 140 220 211 216 217 218 216 217 219 220 219 216 215 215 217 217 215 214 214 213 217 210 213 214 201 217 117 40 41 37 157 222 208 210 212 217 209 215 219 205 223 214 214 216 214 215 217 218 216 215 215 213 212 214 106 30 125 225 214 211 213 214 214 215 216 214 212 215 219 217 214 215 216 214 213 211 214 215 215 213 213 213 212 
215 205 182 213 215 219 212 214 217 218 212 216 210 221 208 95 101 181 210 210 202 215 213 215 217 217 184 85 82 69 91 85 72 80 147 215 229 212 212 214 213 222 212 173 124 77 107 208 218 213 215 213 216 215 206 212 222 206 119 33 17 30 23 19 7 29 134 208 218 222 166 22 123 237 208 171 220 217 170 127 189 154 167 136 151 233 221 215 226 157 90 185 118 191 215 215 220 218 219 222 222 219 220 222 218 223 222 224 225 213 220 219 220 221 220 218 219 220 222 221 221 221 217 222 202 181 159 27 78 230 215 223 223 217 225 219 221 221 222 224 224 222 220 220 223 224 223 221 222 224 224 222 221 224 229 226 219 230 223 226 226 222 183 152 179 217 213 164 201 213 134 112 231 198 85 121 150 206 139 229 186 221 228 226 224 215 221 221 74 33 34 77 218 213 218 219 220 224 224 225 225 221 226 220 226 223 224 221 222 222 225 219 225 223 218 225 226 227 223 222 224 224 227 224 226 226 220 227 224 225 224 224 225 226 226 225 222 222 223 214 233 168 42 46 53 44 85 216 220 224 225 224 223 224 226 227 226 226 226 226 225 226 227 229 231 230 231 228 228 231 227 226 229 218 229 206 56 195 228 230 186 49 197 244 173 220 182 157 246 155 189 201 183 237 225 238 225 230 224 219 233 230 224 230 223 224 228 226 230 223 223 229 225 109 198 227 210 225 228 220 228 220 226 221 229 227 223 226 223 226 225 225 225 230 218 229 226 224 226 220 130 78 106 107 100 108 100 92 96 97 106 130 140 163 182 192 198 219 145 84 105 96 115 217 221 224 215 222 223 217 228 214 179 206 209 218 224 218 228 223 220 229 224 224 225 225 224 223 223 225 225 224 224 222 221 222 223 223 223 224 220 220 218 216 216 220 224 225 190 140 75 56 34 50 217 237 222 96 193 226 213 215 209 227 145 32 48 42 35 47 197 215 211 216 223 212 221 219 214 217 217 216 215 216 215 214 214 216 213 219 218 210 208 212 210 204 70 38 44 69 202 211 216 213 215 213 214 217 217 214 214 216 218 216 215 216 218 218 215 212 213 222 195 78 32 143 228 213 215 213 210 211 214 216 215 213 214 216 218 218 216 213 213 214 212 215 213 209 213 214 213 216 
212 217 215 215 219 216 220 215 214 222 215 215 228 194 215 212 121 103 135 216 230 228 213 214 214 203 87 71 82 80 73 80 126 203 220 212 215 211 220 208 220 197 144 133 168 194 201 224 214 216 211 218 219 206 217 217 152 54 19 24 15 12 6 19 102 195 213 208 213 211 226 190 42 166 223 223 228 130 121 122 123 192 174 173 224 220 221 217 220 228 148 104 158 219 222 222 221 218 218 220 220 218 218 220 223 216 219 218 219 226 219 219 216 213 223 212 224 220 226 217 226 217 229 181 46 24 24 17 56 210 227 220 220 226 227 222 222 221 221 222 222 222 222 224 225 224 223 223 223 224 223 221 228 225 221 222 224 218 226 226 223 230 226 159 180 240 162 102 153 201 245 143 191 223 167 228 205 213 220 226 230 225 224 218 223 222 218 207 49 29 36 113 225 218 220 220 221 223 221 221 220 218 218 229 219 222 237 231 226 216 231 234 223 225 221 222 221 219 227 232 225 220 225 232 224 225 226 226 228 228 223 223 223 224 223 222 220 225 222 227 203 63 47 50 43 57 183 232 220 223 225 224 223 225 225 225 226 226 226 227 227 227 228 229 230 229 231 228 227 230 228 228 220 222 236 120 110 240 217 237 89 109 189 200 126 214 243 159 181 214 193 239 227 223 229 221 230 222 231 231 224 228 241 214 231 231 228 225 225 227 227 227 229 208 223 226 228 212 221 225 224 224 227 232 220 231 223 224 229 223 218 225 223 223 229 223 226 217 236 188 133 136 105 97 102 97 94 95 98 101 103 103 101 95 98 95 102 125 104 95 102 107 97 171 233 218 222 221 225 226 229 218 233 228 226 226 227 222 224 222 224 222 218 229 226 226 225 224 224 225 225 223 224 222 221 222 223 222 222 223 222 223 222 220 218 218 217 215 220 229 217 184 119 59 131 211 188 98 203 219 223 217 209 214 203 75 35 39 43 22 126 222 222 210 216 222 221 214 222 216 217 216 215 216 216 216 216 218 217 213 213 215 212 207 207 211 145 37 29 25 122 220 214 213 211 212 212 215 217 218 214 210 217 216 216 216 217 217 216 215 212 199 114 40 59 194 215 218 215 213 211 211 213 214 214 212 216 215 215 214 213 212 213 213 210 216 214 220 208 214 209 160 
218 214 217 214 220 206 212 220 219 218 221 208 175 115 157 186 213 179 214 156 115 185 207 216 210 111 67 79 78 66 105 181 219 215 214 215 218 213 207 217 205 67 130 202 96 180 225 213 215 205 210 211 216 218 170 74 11 5 20 21 2 22 84 171 195 116 136 231 214 218 214 229 116 62 226 215 233 201 95 139 135 180 232 225 221 221 219 224 219 221 220 194 225 226 221 224 222 219 217 219 220 218 218 219 217 222 217 223 219 218 221 225 236 229 232 220 221 215 215 226 216 217 221 59 46 144 140 136 190 223 219 219 212 219 220 221 223 222 223 223 222 222 223 225 225 223 222 223 225 224 223 222 221 224 222 229 226 230 215 234 210 210 170 144 144 160 240 184 166 139 237 204 198 233 227 221 225 224 227 223 223 226 224 226 218 221 220 186 36 34 34 137 230 219 218 219 220 222 220 221 230 98 114 185 138 206 127 134 204 231 185 166 220 231 228 232 238 229 226 223 224 224 226 219 223 219 223 225 217 223 230 227 221 229 223 225 223 223 214 228 109 52 41 57 41 151 234 217 222 223 225 225 225 226 225 224 226 227 227 228 228 228 229 229 230 229 231 228 227 230 228 230 227 232 205 67 204 227 234 174 49 203 222 89 125 159 190 235 180 225 223 233 228 224 227 226 228 226 224 225 237 215 138 166 155 198 229 225 226 219 232 226 223 226 226 226 225 227 227 221 219 235 220 219 229 225 221 221 224 229 223 224 224 221 227 222 226 229 221 227 226 221 215 207 190 169 152 141 126 120 112 94 98 88 99 97 104 108 106 115 97 97 110 112 191 226 224 220 222 224 218 227 224 228 219 220 228 225 224 225 227 227 223 221 226 227 226 225 225 225 224 222 224 222 221 222 222 221 221 221 220 221 222 222 221 220 218 215 216 215 216 225 233 210 163 142 134 172 224 213 217 220 214 210 232 146 30 44 24 36 47 184 204 221 213 222 221 217 220 217 219 217 217 217 217 217 218 219 218 212 212 217 215 206 207 215 204 81 112 166 145 190 214 217 214 216 214 212 214 218 216 212 217 217 217 216 216 216 216 217 168 65 29 44 172 217 211 215 215 214 213 213 212 212 212 212 216 215 214 213 213 214 213 212 217 212 214 207 219 214 138 62 
209 216 217 217 214 216 213 215 212 218 203 208 163 68 71 153 196 226 221 143 123 87 172 228 212 101 61 73 85 154 227 221 210 217 212 212 208 207 212 212 206 172 152 121 111 207 214 213 213 214 213 221 188 131 58 4 18 27 16 7 49 133 158 207 191 119 75 146 193 218 217 224 188 46 196 210 137 194 213 134 190 220 224 225 220 220 218 223 220 215 226 226 214 224 220 222 224 220 218 219 220 220 220 220 220 218 223 218 217 223 220 219 164 150 156 205 233 226 222 210 220 235 141 13 156 235 228 236 232 215 217 226 221 226 226 222 222 224 225 225 223 222 222 222 224 221 220 223 224 223 223 223 225 223 221 226 218 227 173 118 168 128 180 149 208 127 221 165 140 201 234 224 229 223 217 228 220 227 219 225 222 221 225 220 222 221 234 161 34 41 40 165 229 218 217 218 219 222 224 228 204 65 69 50 138 105 183 173 114 195 42 127 198 173 112 134 164 222 191 224 227 225 226 227 224 226 224 230 224 231 223 221 225 224 224 220 224 223 243 134 43 45 60 51 104 223 223 223 224 225 225 226 228 228 226 224 227 227 228 229 229 229 228 228 229 227 230 228 228 230 227 228 222 237 115 48 169 212 244 87 111 239 225 185 165 222 196 221 233 229 231 223 224 231 226 218 229 231 231 234 189 219 131 205 223 138 217 224 227 231 225 228 233 224 231 221 221 220 220 239 230 203 216 221 221 228 221 229 221 228 224 225 222 222 223 227 221 231 218 225 232 224 226 223 233 226 231 230 221 216 204 185 167 146 138 112 106 97 94 100 97 96 115 89 94 162 223 233 221 222 225 222 226 226 226 229 217 222 230 233 222 219 227 224 225 226 226 225 225 225 223 221 223 222 221 222 223 222 221 222 219 221 221 222 223 225 224 223 223 221 218 218 213 222 227 223 225 230 215 228 221 219 216 212 210 211 84 29 16 23 25 106 230 209 221 215 221 221 218 218 221 219 218 217 217 217 217 217 215 216 217 216 214 211 211 213 213 169 201 222 213 157 218 211 213 215 216 214 214 216 217 216 216 216 216 216 216 216 216 216 195 75 89 177 213 213 213 218 216 216 216 214 213 212 212 212 214 214 214 213 214 214 213 211 215 207 212 220 200 103 46 52 
219 216 206 213 210 219 216 214 228 163 109 185 229 197 141 217 220 215 220 155 113 126 218 187 230 192 97 124 206 228 211 211 214 202 207 212 210 223 230 214 208 215 208 200 214 221 206 212 215 220 212 123 124 194 209 102 12 11 25 127 219 112 115 195 235 200 137 218 220 215 210 219 199 41 184 208 189 226 223 230 227 222 219 218 214 225 222 220 223 221 216 222 226 221 214 228 223 220 218 219 221 221 221 221 217 221 215 220 222 219 214 112 13 50 70 42 85 183 221 230 212 225 59 75 223 220 216 219 218 222 222 218 224 219 218 224 222 224 225 224 223 222 221 221 224 221 221 223 223 222 222 224 226 224 224 223 227 231 217 90 136 74 196 161 116 186 233 227 236 232 218 229 224 223 224 221 223 221 230 224 227 226 221 219 220 215 232 120 17 31 42 191 226 218 220 221 221 224 226 231 180 127 195 23 180 106 217 174 98 230 153 115 201 232 130 75 199 164 100 128 217 221 181 225 222 238 217 227 233 224 230 227 226 219 225 226 220 230 171 49 52 38 37 61 209 234 218 224 225 225 225 227 228 228 226 225 228 228 228 229 229 228 227 227 229 226 228 228 229 231 226 226 238 200 56 134 151 124 115 53 201 230 225 222 198 228 238 227 229 230 223 231 225 231 223 231 221 220 170 198 139 147 238 133 175 130 228 226 225 228 220 226 222 228 225 227 224 236 226 179 113 159 234 223 225 221 234 183 199 219 218 231 226 226 225 222 223 225 230 220 220 227 223 226 225 227 224 222 221 225 229 228 234 229 232 221 213 201 179 169 150 117 101 105 104 101 117 193 233 232 225 219 221 205 217 227 234 231 222 221 224 224 225 224 224 225 225 225 225 225 224 221 223 221 221 223 223 223 222 223 223 223 222 221 222 224 224 223 219 223 219 219 223 217 216 220 215 217 225 219 211 223 219 217 214 228 148 104 145 76 31 22 171 226 214 220 218 221 221 216 221 219 218 216 217 217 217 217 215 219 220 217 214 214 213 211 219 204 166 214 214 181 170 224 209 209 212 216 218 217 216 217 216 215 215 216 217 217 216 214 219 209 214 218 211 215 222 214 216 217 217 215 213 211 211 212 212 213 213 212 211 212 213 212 217 207 221 179 83 40 55 46 
211 211 215 222 217 214 228 220 203 193 98 94 167 160 225 212 213 210 134 120 114 213 215 141 149 181 204 211 215 206 204 209 212 221 224 209 205 158 108 104 62 26 33 51 80 162 224 222 232 137 87 27 163 242 235 114 0 82 106 176 209 199 103 145 156 189 206 220 211 215 220 223 180 25 184 228 221 220 214 220 216 218 221 217 222 219 223 221 218 221 221 218 216 218 222 220 222 220 219 219 220 221 221 220 221 212 226 220 214 227 199 37 51 209 220 183 97 36 64 157 232 108 37 205 226 226 219 224 220 219 217 222 232 222 221 223 223 224 224 223 223 224 224 224 224 223 223 224 223 222 222 224 224 230 226 220 222 222 233 173 196 211 196 234 226 229 223 221 220 225 225 225 225 227 222 223 225 221 223 220 220 228 223 227 223 223 229 101 28 42 70 216 221 218 223 224 223 224 223 225 211 211 225 156 218 164 118 123 207 169 176 97 155 254 117 147 252 104 75 115 233 135 64 192 222 146 229 170 188 204 184 221 224 229 225 228 230 210 73 35 47 53 40 166 235 215 222 229 225 224 224 226 227 227 225 225 228 228 228 229 229 228 227 226 229 226 228 228 229 230 225 226 231 113 84 254 252 185 14 121 242 215 231 223 237 227 228 225 225 222 229 227 223 227 221 210 230 243 159 102 196 112 159 224 157 215 233 215 229 227 228 220 227 228 227 224 203 155 185 199 184 133 228 212 197 231 177 113 188 241 226 217 221 223 226 224 228 222 223 226 229 223 226 226 220 225 222 220 223 222 219 224 219 217 221 222 224 229 228 231 233 211 142 100 113 117 103 109 147 202 220 235 217 172 168 179 168 210 226 221 228 227 219 226 223 224 224 224 225 225 224 222 223 222 222 223 224 223 223 223 223 223 222 222 222 223 222 220 219 222 225 212 224 227 220 223 219 223 223 219 218 225 216 224 210 215 210 118 221 223 185 132 94 220 218 219 220 218 221 218 219 219 217 216 217 219 219 218 218 219 219 219 217 215 213 214 212 213 181 183 214 212 167 199 218 211 208 212 217 217 216 217 215 215 215 216 217 217 215 213 217 216 211 220 212 211 219 215 215 216 216 215 212 211 211 212 215 216 215 211 210 212 214 214 211 214 157 76 48 64 43 71 
214 219 214 210 218 219 202 119 169 212 226 160 125 205 218 211 220 148 89 193 213 214 154 121 77 191 215 208 208 210 216 216 200 178 123 84 36 27 153 211 174 25 5 11 3 11 109 182 98 100 178 179 72 147 110 57 145 209 100 132 141 174 206 144 185 222 220 216 216 222 211 220 198 45 152 226 214 218 225 216 217 216 218 215 225 224 223 218 225 222 218 222 223 225 220 222 221 221 220 220 220 220 220 219 221 221 221 221 213 220 225 106 32 193 217 227 227 178 78 27 38 40 172 231 220 190 222 222 226 222 224 221 217 221 230 223 224 224 223 223 224 225 224 222 219 222 225 224 222 222 222 223 224 226 221 222 226 227 215 222 217 238 225 223 223 223 225 228 226 222 224 224 217 223 228 221 224 227 224 222 229 220 228 220 219 222 213 77 39 36 97 222 218 217 223 223 222 225 222 220 223 237 218 235 227 230 226 229 232 197 137 157 223 225 144 191 236 103 154 116 146 59 106 115 208 18 100 78 183 110 119 119 220 226 223 218 199 93 33 38 50 45 125 239 221 224 227 226 225 224 225 226 227 226 226 226 228 228 227 228 229 229 228 228 229 226 230 229 228 228 227 230 196 60 80 141 195 120 50 200 229 227 226 227 225 227 231 225 224 224 235 228 232 232 215 113 162 170 228 160 183 234 209 228 229 227 223 227 229 225 223 230 228 225 217 233 143 126 150 177 232 198 141 222 194 192 196 214 152 187 211 209 225 227 223 221 230 221 227 220 225 229 224 221 223 227 226 228 228 224 221 222 222 221 226 227 228 224 221 223 224 219 229 165 102 102 110 101 89 163 227 222 219 233 193 102 196 217 230 219 222 230 225 227 223 224 224 224 224 225 224 223 223 222 222 224 224 223 223 223 222 222 221 221 222 224 223 221 223 218 229 222 218 217 214 222 221 222 220 222 221 224 226 211 216 223 229 155 133 225 222 228 165 146 225 210 224 219 220 222 220 220 218 216 218 221 221 219 221 220 218 218 218 217 216 216 214 224 208 158 209 213 185 175 218 215 212 211 213 215 217 217 216 216 216 216 216 216 215 214 212 221 215 209 215 213 215 214 214 215 215 214 213 212 212 213 215 217 216 213 212 213 212 209 206 138 51 39 51 45 87 188 
201 215 214 213 216 219 205 115 92 188 163 199 228 215 211 209 214 204 177 152 212 161 128 107 159 214 205 206 214 199 172 114 49 25 10 9 5 74 229 216 210 77 108 72 17 28 14 73 161 227 214 221 107 3 110 137 147 217 187 195 187 91 218 230 229 211 218 209 220 220 215 216 229 78 106 229 209 217 218 221 218 224 221 221 217 222 220 223 221 220 226 218 219 221 218 224 221 222 222 221 220 220 219 219 217 219 219 224 220 213 225 195 36 139 234 207 218 230 220 176 139 185 228 227 161 136 231 220 218 220 224 225 229 223 219 224 223 224 225 225 227 227 223 218 212 219 224 223 222 222 223 222 226 223 226 223 223 224 233 220 224 220 219 226 223 226 222 224 220 227 226 224 223 230 219 227 224 227 221 226 222 227 223 222 218 223 201 47 32 11 118 236 220 218 223 221 222 229 227 224 223 222 223 215 224 218 224 220 221 232 238 238 220 222 239 224 225 200 233 180 94 169 141 86 162 99 112 50 213 92 221 109 187 234 212 142 154 172 109 49 38 85 227 217 217 225 227 225 226 225 225 227 227 226 226 228 228 227 227 228 229 230 229 229 228 227 231 229 226 227 228 235 96 127 226 144 112 33 120 234 222 224 228 226 226 227 229 228 228 225 209 162 156 222 229 141 123 111 154 202 208 226 228 223 224 218 227 226 222 223 230 224 225 226 224 218 215 177 194 152 141 241 205 227 201 187 212 222 233 162 216 227 221 224 227 227 226 227 222 223 229 219 226 227 225 223 226 227 224 222 224 226 226 224 226 222 227 224 225 224 224 226 221 230 206 131 106 99 155 227 223 219 227 219 130 215 221 196 216 231 222 224 225 225 225 225 225 224 224 225 225 223 224 223 222 224 224 223 222 222 225 223 221 220 221 224 225 224 219 224 221 219 222 223 222 220 226 219 216 171 220 220 221 222 217 218 212 227 118 192 218 216 221 122 196 223 216 221 219 223 222 222 219 217 219 221 221 219 221 222 219 215 216 220 220 216 216 211 222 186 173 217 210 165 200 209 217 217 214 215 216 216 216 217 217 216 215 214 215 217 218 218 218 220 215 218 215 217 215 215 215 215 214 213 213 214 212 214 214 213 213 212 206 199 121 35 49 46 40 110 202 211 
