512 512
3 -1 -7 -12 -14 -12 -9 -4 1 -4 -15 -22 -22 -16 -11 -10 -9 -8 -6 -1 3 4 4 4 4 4 4 4 5 9 16 22 28 37 40 27 4 -10 -7 -2 -5 -8 -8 -9 -10 -10 -10 -8 -6 -7 -6 -1 4 5 2 4 10 9 4 1 -2 -8 -12 -5 10 24 34 36 28 17 11 10 10 10 11 12 10 7 5 2 -1 2 11 18 17 8 -2 -8 -13 -19 -21 -17 -18 -29 -32 -24 -22 -23 -20 -18 -18 -15 -7 0 1 -1 -3 -4 -4 -3 1 7 11 13 16 22 30 34 32 28 21 10 3 3 1 -6 -9 -2 6 7 11 21 24 15 4 3 3 -9 -18 -8 13 23 12 1 5 9 5 0 -1 4 13 13 3 2 8 11 10 4 -3 -8 -9 -5 -1 0 1 3 3 0 -2 0 2 1 0 2 7 6 -7 -25 -43 -55 -52 -37 -20 -5 4 5 3 1 0 -1 -3 -6 -13 -25 -40 -54 -64 -71 -76 -77 -75 -75 -74 -67 -56 -47 -45 -49 -52 -48 -41 -35 -28 -21 -18 -17 -13 -9 -7 -5 -3 0 3 2 -1 -1 1 5 12 22 36 41 33 18 -13 -38 -34 -26 -22 -9 1 0 0 8 13 2 -14 -17 -10 -4 -2 -2 1 5 2 -5 -9 -10 -8 -3 4 11 15 21 32 35 25 17 22 30 26 20 21 18 7 -12 -28 -28 -27 -28 -20 -18 -25 -26 -19 -7 5 8 1 -5 -3 3 7 10 17 23 20 11 2 -3 -5 -10 -19 -26 -28 -27 -25 -22 -15 -5 4 10 11 10 12 15 13 8 8 12 15 15 13 12 10 6 3 -4 -11 -8 -7 -12 -8 2 1 -5 -3 -2 -6 -6 1 9 11 8 4 1 -3 -10 -14 -11 -5 0 4 8 13 19 24 28 32 31 23 16 13 11 9 7 4 1 -1 -3 -5 -6 -5 -3 -1 1 3 3 0 -3 -4 -4 -3 -1 1 4 7 8 9 11 12 9 2 -2 -1 0 -2 -6 -7 -2 2 -1 -3 -2 -8 -20 -27 -25 -18 -13 -14 -17 -15 -8 -3 -1 5 16 25 23 9 -6 -14 -22 -34 -39 -37 -36 -37 -41 -45 -46 -53 -66 -67 -56 -53 -57 -49 -28 -12 -11 -14 -12 -9 -6 2 19 35 36 28 21 15 9 3 0 5 12 8 -4 -8 -4 -8 -21 -29 -26 -20 -20 -23 -21 -12 -4 -4 -5 -1 3 3 0 -1 2 5 8 12 18 27 35 38 37 33 25 19 22 29 31 29 26 22 22 26 28 28 28 28 29 29 26 23 21 19 16 13 12 
10 3 -5 -8 -8 -9 -13 -12 -5 -9 -22 -28 -24 -17 -14 -14 -13 -12 -9 -2 3 4 3 1 0 0 0 1 6 16 28 37 44 53 54 35 4 -18 -21 -17 -17 -15 -10 -10 -13 -12 -7 -3 -3 -4 -2 5 13 15 11 10 12 5 -6 -12 -17 -23 -24 -13 8 33 55 61 46 24 11 7 6 8 13 16 13 7 1 -3 -2 7 22 30 19 -7 -32 -41 -37 -39 -45 -42 -48 -74 -85 -63 -40 -33 -26 -16 -13 -11 2 15 15 10 5 0 -2 1 10 26 42 48 50 56 63 64 55 44 32 11 -4 -2 -1 -10 -16 -7 6 9 19 41 48 31 10 5 3 -16 -30 -13 22 41 30 12 8 8 1 -8 -10 -2 9 11 5 8 18 22 17 6 -4 -14 -20 -12 -1 1 2 6 6 1 -2 1 5 4 1 4 16 22 4 -35 -81 -113 -112 -83 -45 -13 3 4 1 0 0 -2 -7 -15 -30 -55 -84 -107 -122 -131 -136 -137 -135 -137 -142 -139 -125 -113 -112 -116 -116 -110 -104 -100 -91 -74 -59 -47 -32 -20 -12 -6 -3 0 4 3 -3 -4 1 8 18 39 75 94 82 51 -14 -72 -75 -62 -50 -24 -4 -3 -2 17 32 12 -21 -29 -15 -2 1 1 8 14 3 -19 -33 -34 -27 -15 0 14 22 34 55 61 43 26 33 48 38 15 6 7 1 -26 -50 -42 -38 -54 -57 -54 -56 -49 -30 -5 16 24 18 7 4 9 12 16 30 42 34 10 -15 -29 -30 -26 -26 -28 -25 -21 -20 -19 -13 1 19 35 41 35 28 20 1 -20 -24 -11 3 8 9 10 6 -2 -8 -14 -13 0 1 -13 -12 3 1 -12 -12 -10 -15 -15 -2 15 22 18 10 4 -2 -12 -21 -22 -16 -8 0 8 17 27 36 42 44 40 31 25 23 19 13 9 7 6 5 2 -1 -3 -3 -1 1 4 7 6 1 -3 -4 -3 0 3 4 5 7 10 16 22 24 20 9 -1 -3 -2 -7 -16 -18 -5 8 1 -7 -5 -12 -28 -36 -26 -4 11 8 -3 -5 3 9 7 9 26 43 39 12 -18 -31 -43 -68 -83 -84 -83 -83 -87 -91 -92 -103 -123 -118 -87 -71 -74 -60 -26 -4 -3 -6 -5 -3 3 20 44 55 44 25 9 -3 -12 -20 -24 -15 0 -5 -26 -29 -16 -19 -33 -31 -17 -9 -15 -28 -29 -11 6 4 -2 5 17 22 21 23 33 48 61 66 68 77 88 89 79 64 49 40 45 61 70 65 55 48 50 59 68 73 73 71 65 52 37 26 21 19 15 9 5 
9 14 24 34 36 25 5 -10 -12 -8 -1 11 20 18 9 2 -1 -3 -5 -7 -8 -9 -13 -17 -19 -22 -23 -18 -9 -1 3 7 8 -2 -14 -15 -8 -9 -23 -31 -23 -12 -6 -5 -8 -10 -8 -4 0 3 5 8 13 18 16 6 -6 -19 -29 -32 -32 -29 -19 -11 -10 -2 14 22 14 -2 -14 -19 -19 -14 -6 1 4 0 -8 -10 -4 3 10 10 -9 -41 -68 -73 -55 -39 -37 -35 -37 -54 -66 -45 -10 5 15 33 41 36 35 36 29 23 18 9 3 6 16 33 53 62 61 57 49 38 24 12 5 -5 -16 -17 -8 0 -2 -6 -3 1 7 19 29 28 17 5 -3 -8 -10 -6 4 17 30 29 12 -1 -9 -17 -19 -17 -18 -16 -5 5 10 11 7 1 -3 -11 -21 -16 -4 0 1 3 2 -1 0 3 5 5 2 4 18 38 44 17 -35 -82 -102 -93 -59 -22 -8 -8 -7 -4 -1 -1 -4 -9 -19 -39 -64 -83 -94 -99 -101 -104 -107 -111 -121 -131 -132 -129 -128 -126 -121 -121 -135 -156 -162 -143 -114 -83 -51 -27 -11 -2 0 0 0 -1 -3 -3 -1 0 2 18 55 90 98 75 22 -40 -75 -75 -55 -32 -15 -6 -3 12 36 33 3 -15 -9 2 7 11 19 21 4 -23 -39 -39 -31 -18 -2 10 15 18 25 30 20 5 9 23 15 -18 -41 -28 -4 -5 -13 1 5 -31 -67 -69 -54 -35 -13 7 21 31 36 27 13 4 -7 -13 -1 14 12 1 -8 -13 -10 0 11 22 32 33 25 15 8 12 26 42 50 40 20 -4 -35 -60 -63 -45 -24 -14 -9 -5 -5 -8 -11 -5 14 31 30 14 1 0 1 -9 -22 -21 -16 -17 -11 6 20 21 14 7 2 -1 -6 -15 -22 -21 -14 -8 -4 0 3 2 -4 -7 -3 2 6 7 4 1 0 2 6 7 5 3 2 2 1 0 0 0 0 0 0 0 1 2 1 0 0 3 11 19 22 23 20 6 -6 -6 -7 -14 -19 -10 8 11 2 -2 2 9 13 18 31 47 49 32 13 5 4 -3 -13 -8 5 6 -9 -27 -33 -33 -42 -59 -72 -74 -68 -59 -49 -40 -38 -42 -33 -8 8 5 1 2 4 12 16 7 -2 3 19 25 11 -8 -21 -27 -26 -22 -20 -21 -18 -8 -7 -19 -24 -16 -8 1 19 32 30 16 -3 -12 -5 7 8 -1 -3 9 26 41 55 70 88 104 107 97 88 85 80 76 77 73 61 52 53 53 41 30 33 45 59 71 79 82 79 59 22 -7 -20 -24 -23 -22 -23 -24 
7 18 35 49 52 41 22 5 -4 -1 13 29 37 33 21 10 3 -3 -9 -14 -16 -18 -23 -27 -31 -39 -44 -38 -26 -20 -24 -25 -24 -39 -56 -50 -28 -15 -22 -32 -30 -25 -23 -22 -25 -31 -36 -34 -24 -15 -9 -4 3 11 12 5 -7 -19 -26 -28 -26 -17 -3 2 -6 -15 -17 -14 -14 -21 -31 -39 -41 -35 -24 -12 -3 0 -2 -4 -2 0 0 -1 -8 -23 -37 -48 -48 -26 -5 6 24 40 39 32 29 28 37 57 69 62 46 32 23 19 14 6 1 2 7 12 19 30 35 27 12 -2 -11 -18 -20 -13 -13 -20 -10 12 16 2 -4 -1 -7 -15 -3 21 30 19 6 2 -2 -13 -22 -15 8 27 27 14 -4 -18 -22 -24 -30 -32 -24 -15 -7 3 10 8 -1 -12 -21 -20 -11 -3 1 2 1 1 3 4 4 3 1 4 16 39 65 68 38 -10 -56 -81 -70 -38 -19 -13 -7 -3 0 4 8 12 15 16 14 7 -6 -23 -38 -50 -59 -63 -70 -83 -94 -99 -100 -102 -112 -137 -177 -216 -230 -205 -151 -100 -68 -42 -18 -5 -1 0 -2 -3 0 1 -1 -5 -9 -1 25 63 88 81 55 1 -66 -80 -51 -34 -22 -3 3 4 24 43 32 5 -10 -7 4 17 29 30 15 -3 -12 -15 -13 -3 11 20 21 9 -7 -5 1 -1 4 16 18 3 -9 4 28 35 32 39 40 5 -42 -57 -50 -38 -23 -10 3 18 27 20 4 -12 -28 -37 -29 -12 4 26 50 60 53 39 31 31 30 24 14 1 -9 -10 -3 9 18 15 3 -13 -28 -32 -24 -12 -2 5 11 16 19 20 19 22 30 34 34 26 5 -11 -4 0 -15 -16 -5 -5 -9 -3 14 28 29 20 9 3 2 -2 -12 -20 -21 -19 -17 -16 -17 -19 -20 -18 -14 -11 -8 -4 -2 -4 -7 -8 -7 -5 -4 -4 -5 -8 -12 -16 -18 -15 -10 -7 -5 -4 -4 -5 -5 -2 0 2 8 15 18 22 24 10 -7 -10 -6 -6 -12 -16 -6 13 17 7 10 26 29 9 -9 0 16 10 -12 -29 -36 -39 -40 -37 -27 -14 -8 -13 -23 -19 -5 -12 -30 -33 -19 7 36 61 78 82 70 53 45 37 12 -23 -35 -15 -3 -19 -35 -31 -21 -18 -15 -8 2 17 33 41 39 33 28 25 24 18 1 -11 0 18 21 15 7 -3 -11 -17 -23 -21 -14 -20 -31 -26 -2 29 52 63 72 86 94 86 72 67 72 87 104 101 78 49 23 5 -7 -11 -3 12 26 36 45 52 51 33 0 -26 -38 -42 -39 -33 -26 -19 
2 6 9 11 12 11 10 9 6 6 10 12 12 12 11 6 -2 -10 -17 -20 -20 -21 -24 -28 -33 -41 -48 -47 -40 -35 -36 -40 -42 -42 -43 -45 -46 -44 -40 -42 -52 -58 -56 -52 -48 -44 -41 -42 -44 -39 -30 -21 -9 4 14 16 13 13 10 2 1 9 13 9 1 -11 -22 -25 -24 -29 -40 -52 -59 -54 -40 -25 -13 -4 2 3 2 1 -1 4 20 37 44 28 6 15 37 49 72 105 112 81 43 26 27 36 45 43 28 14 10 8 5 4 4 3 0 -5 -7 -1 2 -8 -23 -34 -41 -49 -48 -30 -19 -24 -21 -5 1 -6 -6 -1 -9 -23 -17 10 32 34 24 10 -7 -21 -25 -21 -16 -1 21 22 3 -16 -26 -28 -29 -33 -37 -33 -18 2 16 16 4 -8 -15 -21 -20 -9 0 1 2 6 6 3 3 4 4 6 12 26 54 83 87 58 6 -45 -67 -54 -28 -11 -2 3 5 10 19 33 55 84 115 136 138 122 100 81 66 58 49 32 12 -8 -28 -59 -114 -186 -256 -302 -307 -261 -176 -102 -66 -43 -21 -9 -4 -1 -1 0 3 2 0 -2 -5 0 17 46 71 78 73 29 -46 -76 -56 -39 -27 -7 4 0 6 30 40 16 -14 -19 -6 11 25 31 30 18 -3 -19 -24 -19 -8 2 7 -1 -17 -18 -6 4 13 23 33 40 38 30 26 28 33 39 42 29 -6 -45 -70 -78 -73 -57 -32 -7 7 9 5 -4 -14 -17 -13 0 24 46 55 47 25 5 -2 -7 -17 -21 -23 -30 -35 -34 -27 -14 1 12 17 17 17 19 20 16 10 12 19 23 24 23 20 13 1 -6 0 5 -7 -23 -18 -3 -1 -3 0 0 -8 -13 -1 22 36 31 17 5 -1 -1 -1 -10 -25 -32 -32 -31 -27 -20 -12 -8 -9 -9 -9 -10 -9 -9 -11 -12 -12 -11 -10 -11 -13 -15 -16 -15 -13 -12 -11 -8 -4 0 2 0 -2 -1 0 1 6 13 15 15 15 7 -7 -14 -9 -2 -2 -11 -13 6 19 11 4 3 -10 -36 -50 -39 -17 -2 -3 -15 -26 -28 -24 -20 -9 11 27 27 13 5 10 12 9 10 20 44 78 107 127 137 116 70 41 33 13 -21 -35 -20 -8 -15 -23 -21 -18 -12 6 29 50 65 67 53 30 13 4 -3 -2 1 -10 -25 -20 -7 -12 -23 -25 -19 -10 -7 -14 -19 -13 -10 -16 -18 -4 22 43 51 53 56 59 57 50 50 64 75 69 54 33 6 -17 -27 -26 -27 -30 -23 -9 4 15 22 23 22 20 9 -9 -21 -23 -17 -4 8 
0 -1 -5 -12 -17 -14 -5 1 2 3 3 0 -2 1 7 8 1 -9 -18 -23 -24 -24 -26 -33 -41 -45 -49 -55 -58 -52 -38 -35 -44 -39 -25 -22 -27 -30 -27 -30 -46 -60 -67 -68 -60 -49 -41 -43 -51 -49 -41 -35 -26 -12 1 9 19 32 35 28 25 23 12 -2 -12 -19 -23 -24 -25 -29 -34 -39 -43 -40 -30 -18 -7 2 9 11 8 5 2 6 29 61 77 69 51 42 46 51 61 83 91 68 40 26 14 0 -5 -3 -5 -9 -11 -13 -11 -5 -1 -1 -6 -12 -13 -14 -21 -31 -40 -49 -60 -69 -66 -48 -29 -21 -20 -18 -12 -8 -9 -8 -7 -11 -13 -5 12 28 32 23 9 -2 -7 -11 -20 -21 -5 10 12 2 -12 -19 -20 -25 -35 -38 -30 -15 1 10 10 6 -2 -16 -22 -12 -2 -1 1 6 6 2 1 4 6 5 5 11 34 74 106 108 73 16 -30 -42 -27 -10 0 4 3 6 15 31 61 102 145 180 200 206 204 198 188 177 168 158 140 109 69 17 -55 -132 -190 -215 -207 -175 -127 -74 -32 -10 -2 -1 -3 -3 -1 1 2 2 3 4 3 3 10 31 64 92 95 63 4 -55 -78 -63 -43 -26 -6 1 -1 14 34 26 -2 -17 -13 -2 8 17 28 22 -9 -35 -46 -47 -36 -20 -6 2 0 -8 -9 0 9 14 24 35 26 -3 -24 -14 13 26 27 30 11 -44 -96 -114 -105 -82 -52 -23 0 18 28 25 15 7 0 2 15 18 5 -15 -32 -36 -28 -19 -14 -10 -9 -13 -18 -19 -15 -3 18 39 51 51 43 27 1 -22 -30 -27 -20 -13 -9 -9 -11 -16 -23 -23 -14 -3 0 -7 -14 -7 4 -5 -20 -25 -29 -33 -27 -6 18 30 31 24 10 0 0 -1 -9 -18 -28 -38 -42 -40 -36 -32 -28 -25 -24 -24 -22 -18 -16 -16 -17 -20 -25 -30 -31 -27 -22 -16 -10 -12 -18 -21 -21 -17 -11 -5 -1 0 -1 -2 1 6 7 3 0 1 -4 -14 -13 -2 6 3 -3 3 13 13 4 -7 -16 -16 -8 -3 8 30 43 35 21 12 2 -6 -4 9 26 37 40 36 34 49 69 71 58 53 69 91 113 139 142 110 76 58 42 25 13 5 7 18 22 14 8 10 14 22 32 32 18 -3 -22 -35 -43 -45 -38 -25 -17 -19 -24 -22 -14 -10 -5 7 17 18 12 2 0 15 25 17 10 17 29 30 15 -5 -15 -13 -12 -16 -13 -8 -11 -14 -15 -17 -19 -21 -25 -32 -35 -27 -13 0 13 25 31 35 37 26 5 -15 -28 -28 -17 -7 
4 5 5 0 -7 -9 -5 -4 -7 -4 4 10 12 12 13 14 10 1 -8 -15 -20 -24 -27 -33 -42 -45 -46 -53 -59 -52 -32 -20 -25 -26 -14 4 20 26 22 12 -1 -20 -44 -62 -70 -72 -73 -70 -59 -49 -45 -44 -43 -39 -31 -18 1 20 28 26 23 18 4 -14 -22 -20 -15 -11 -11 -10 -4 1 1 0 2 8 16 22 25 22 14 10 6 2 12 31 38 35 29 17 14 20 24 35 46 41 30 20 0 -28 -46 -46 -38 -34 -35 -36 -34 -28 -21 -19 -24 -28 -27 -29 -33 -31 -25 -23 -29 -37 -40 -34 -15 5 8 2 8 12 -3 -13 -7 -2 -9 -18 -11 8 23 31 32 21 2 -11 -12 -15 -18 -1 22 27 16 1 -9 -13 -18 -27 -34 -32 -18 1 14 16 6 -9 -14 -7 -2 -2 1 5 5 2 -1 0 3 3 1 5 24 57 93 113 100 59 16 -10 -18 -13 -5 -3 -6 -6 0 10 25 45 67 86 100 114 131 147 156 157 159 168 174 160 126 97 85 81 93 120 127 96 51 25 23 26 22 12 2 -2 -1 0 0 1 4 6 4 0 -1 13 53 94 100 84 49 -23 -81 -78 -54 -38 -14 4 1 5 27 35 17 -2 -9 -9 -7 -3 7 14 6 -9 -21 -25 -16 3 21 32 31 14 0 2 4 1 6 15 8 -19 -38 -21 11 19 10 9 -2 -46 -91 -98 -78 -58 -40 -19 3 22 31 27 16 2 -15 -27 -26 -16 -4 6 9 5 -1 4 22 32 31 25 14 5 1 4 18 37 48 45 32 10 -25 -51 -50 -43 -39 -31 -21 -14 -11 -6 4 14 20 26 34 33 15 3 3 -15 -40 -48 -49 -50 -44 -27 -3 23 42 43 27 8 -2 4 17 15 0 -16 -31 -43 -51 -53 -50 -47 -42 -34 -28 -23 -18 -19 -27 -37 -46 -52 -53 -48 -40 -32 -28 -33 -43 -51 -53 -48 -40 -27 -11 -5 -7 -8 -7 -5 -5 -10 -12 -3 1 -10 -16 -5 10 16 11 4 6 11 8 6 19 37 37 22 18 31 40 31 14 -1 -14 -26 -36 -36 -23 -2 22 41 60 92 121 119 89 61 56 69 92 123 146 139 106 71 47 36 22 -6 -16 2 9 -7 -17 -11 -5 -5 -8 -11 -11 -5 7 13 10 10 13 19 29 30 13 -2 3 13 18 20 18 12 5 -8 -17 1 21 13 -5 -11 -9 -14 -32 -53 -63 -58 -48 -45 -47 -39 -18 1 15 25 24 8 -18 -32 -23 -9 0 10 23 35 43 42 29 11 -8 -28 -44 -49 -44 -38 
3 1 0 0 -1 -3 -3 -1 1 2 2 3 4 4 4 1 -4 -5 -6 -10 -15 -24 -36 -44 -47 -52 -56 -50 -38 -29 -21 -6 9 16 25 39 52 60 55 42 26 -1 -27 -43 -56 -63 -64 -57 -46 -46 -49 -47 -49 -54 -53 -43 -31 -21 -5 15 21 8 -4 -6 -8 -8 -1 13 31 44 46 44 44 40 32 26 24 25 26 19 4 -6 -6 2 13 22 30 33 24 4 -15 -19 -7 9 17 14 -1 -23 -41 -60 -78 -74 -55 -51 -57 -48 -30 -20 -20 -23 -22 -19 -20 -22 -18 -12 -12 -11 1 18 26 23 25 35 36 26 20 18 6 -11 -15 -9 -11 -19 -16 -4 7 19 27 21 4 -12 -19 -27 -39 -34 -9 16 25 18 8 2 -3 -12 -23 -31 -30 -15 2 6 5 2 -13 -22 -10 2 1 -2 0 1 -1 -1 1 3 3 1 9 40 81 105 99 65 22 -4 -10 -7 1 5 0 -4 -2 0 1 5 9 9 11 20 30 41 55 62 59 53 49 46 39 47 93 158 216 260 281 263 206 139 87 48 19 6 4 4 6 7 5 3 -1 -3 -1 -1 -2 2 24 65 96 100 76 18 -51 -78 -53 -32 -29 -9 2 -7 6 29 29 10 -8 -12 -3 7 3 0 14 23 19 11 3 5 19 32 30 13 -4 -9 -4 2 4 9 18 17 11 21 36 32 24 29 34 11 -44 -71 -50 -39 -41 -29 -16 -6 0 -3 -7 -9 -15 -27 -30 -11 18 40 48 39 17 3 8 13 7 -1 -10 -26 -38 -34 -20 -4 12 24 23 9 -6 -10 -6 -7 -11 -8 3 12 14 15 16 16 14 13 20 23 6 -16 -24 -27 -44 -71 -80 -67 -53 -38 -13 13 27 33 39 36 24 16 13 12 11 6 -6 -21 -32 -39 -42 -41 -40 -38 -32 -26 -26 -33 -43 -54 -65 -71 -70 -63 -52 -45 -48 -54 -59 -67 -74 -71 -55 -39 -34 -32 -27 -22 -20 -19 -14 -7 -3 -2 -5 -10 -9 1 14 21 14 -4 -12 1 15 13 12 18 11 -8 -23 -24 -12 0 -1 -11 -16 -19 -27 -31 -19 7 31 47 61 73 82 81 62 38 28 34 44 52 65 75 61 29 11 12 3 -23 -40 -31 -13 -9 -22 -32 -24 -11 -2 6 18 34 43 44 41 34 30 28 28 31 21 -1 -12 -10 -11 -16 -15 -12 -19 -29 -32 -32 -26 -15 -13 -20 -21 -19 -26 -36 -43 -45 -38 -24 -10 3 15 26 42 51 34 2 -15 -14 -15 -20 -21 -15 -5 4 11 9 1 -1 -5 -12 -16 -23 -30 -32 
-17 -18 -15 -7 1 4 4 5 5 -3 -18 -29 -29 -19 -7 -2 -2 -2 -5 -11 -16 -19 -21 -24 -27 -29 -29 -20 -5 1 -1 8 28 44 55 58 55 56 57 45 17 -11 -23 -20 -14 -12 -13 -19 -31 -42 -45 -43 -45 -50 -51 -47 -44 -43 -32 -10 3 -3 -8 -1 3 1 3 15 36 54 59 59 58 48 34 25 21 20 18 12 3 -5 -5 3 13 24 38 49 42 14 -15 -24 -19 -17 -16 -17 -34 -64 -88 -97 -95 -83 -68 -60 -52 -36 -17 -5 -4 -5 0 3 0 2 11 16 12 11 25 49 66 64 53 46 40 27 11 6 6 -5 -15 -13 -11 -15 -18 -16 -12 -6 4 13 13 1 -18 -31 -35 -37 -32 -15 5 18 24 23 14 5 -1 -8 -13 -12 -12 -15 -11 -6 -14 -24 -17 -2 1 -3 -2 0 0 0 0 1 2 1 4 21 51 81 94 74 25 -19 -35 -30 -13 2 4 1 0 0 2 6 8 8 10 14 13 4 -5 -11 -26 -59 -96 -109 -90 -60 -23 38 107 163 210 230 200 139 81 37 9 2 5 5 5 5 4 3 -2 -5 -2 0 1 1 7 36 78 101 92 53 -12 -70 -77 -54 -41 -21 0 -1 -3 10 23 18 5 -1 2 10 11 6 7 13 16 10 -6 -23 -28 -18 -5 -3 -11 -16 -9 4 9 11 24 38 35 19 10 16 27 38 53 53 17 -21 -31 -36 -40 -32 -23 -12 2 10 12 11 9 5 2 10 24 29 23 9 -10 -27 -36 -35 -29 -24 -25 -34 -40 -36 -27 -13 7 26 36 37 37 30 8 -14 -23 -21 -14 -5 2 0 -9 -17 -23 -25 -20 -14 -15 -27 -39 -40 -54 -89 -106 -94 -73 -52 -32 -12 3 16 32 41 39 25 7 5 13 15 11 5 0 -11 -27 -33 -34 -40 -47 -53 -59 -69 -82 -87 -84 -78 -68 -56 -45 -40 -43 -47 -51 -60 -71 -74 -63 -51 -50 -50 -44 -37 -32 -26 -15 -2 4 1 -2 0 3 4 4 5 3 -9 -20 -12 5 7 -3 -10 -12 -12 -18 -25 -13 13 27 26 24 22 14 3 2 16 35 44 34 15 5 9 15 9 -5 -11 -9 -13 -17 -6 8 6 -3 1 11 4 -16 -21 2 28 26 6 -10 -19 -15 3 20 23 11 -4 -16 -27 -31 -30 -28 -22 -22 -36 -47 -42 -33 -29 -24 -12 3 14 10 -12 -25 -12 3 0 -10 -10 -3 -7 -25 -42 -42 -25 -8 -2 -2 1 7 8 2 -2 1 -3 -25 -50 -60 -49 -26 -7 2 9 22 31 27 19 11 -3 -15 -17 
-36 -35 -31 -24 -17 -12 -8 -7 -12 -20 -29 -36 -34 -23 -11 -2 5 7 4 -2 -9 -9 0 7 10 19 29 31 28 24 22 19 15 18 23 22 16 12 17 20 10 -2 -4 6 20 24 15 1 -9 -14 -20 -28 -37 -45 -48 -44 -33 -24 -25 -29 -26 -18 -18 -16 0 7 2 1 7 21 38 47 41 24 8 2 5 9 8 8 11 8 0 -6 -5 4 16 20 1 -34 -54 -50 -47 -52 -43 -27 -28 -49 -79 -87 -67 -53 -51 -35 -9 2 3 7 14 17 13 8 7 14 27 40 51 59 62 64 66 60 50 44 38 27 13 5 5 2 -6 -11 -12 -15 -23 -26 -20 -14 -6 8 19 17 5 -3 -3 -6 -14 -17 -10 3 16 26 28 22 14 5 -3 -9 -14 -17 -23 -27 -18 -13 -20 -16 -3 1 -1 -2 -1 -1 -2 -1 1 4 5 5 17 44 68 63 19 -41 -78 -77 -53 -24 -5 -1 -1 2 2 -3 -5 0 6 6 -1 -18 -45 -72 -93 -110 -127 -134 -116 -88 -57 3 84 147 177 171 131 79 40 20 11 8 7 4 0 -2 -1 0 -1 -2 -1 0 0 2 8 24 57 92 104 81 26 -46 -98 -87 -45 -27 -11 7 -1 -8 6 21 24 13 -3 -5 13 26 19 13 15 13 3 -12 -26 -25 -6 10 12 5 0 5 12 15 22 32 24 -12 -39 -22 5 10 16 45 82 82 39 3 -11 -17 -11 3 22 41 43 29 18 13 4 -2 1 5 1 -10 -17 -21 -29 -27 -6 10 10 14 20 10 -2 4 19 32 43 47 40 13 -31 -61 -66 -59 -52 -45 -34 -25 -20 -17 -16 -14 -7 6 21 20 -2 -27 -53 -84 -115 -130 -111 -78 -57 -38 -12 9 17 21 26 29 29 25 21 20 19 14 5 -8 -22 -28 -30 -39 -55 -70 -78 -80 -79 -75 -69 -61 -50 -39 -30 -21 -12 -12 -23 -35 -44 -52 -60 -64 -62 -60 -58 -54 -50 -43 -34 -26 -17 -6 7 16 14 5 -3 -3 3 1 -11 -20 -17 -7 -3 -6 -1 15 21 12 11 27 43 42 28 16 6 -9 -26 -31 -13 5 -2 -20 -29 -19 3 11 -5 -25 -30 -27 -27 -19 8 33 28 12 14 15 -2 -20 -18 1 17 17 -4 -35 -49 -39 -31 -36 -38 -35 -34 -34 -33 -26 -15 -10 -9 -14 -28 -33 -23 -12 -8 -2 20 39 29 4 -13 -12 0 3 -10 -20 -15 -16 -30 -41 -40 -33 -35 -44 -39 -19 -7 -1 21 46 37 -1 -33 -48 -47 -31 -10 6 16 31 49 53 45 29 6 -13 -19 -15 
-10 -18 -29 -36 -37 -31 -21 -17 -19 -17 -12 -8 -5 -7 -15 -19 -13 -2 9 13 8 2 1 7 20 36 49 53 47 39 36 32 23 14 5 -5 -14 -17 -12 1 16 22 24 28 30 26 16 7 2 -5 -17 -31 -42 -47 -47 -41 -26 -9 -4 -12 -18 -14 -11 -6 7 11 4 -2 -3 3 13 16 9 -2 -15 -25 -26 -20 -12 -4 2 1 -6 -12 -15 -13 -5 -8 -35 -68 -86 -85 -72 -56 -38 -17 0 2 -9 -8 11 20 19 32 49 49 40 35 33 27 16 8 8 14 24 36 47 54 56 52 42 31 24 23 25 24 15 6 6 6 0 -6 -7 -7 -13 -17 -13 -12 -14 -10 0 11 19 19 10 1 -4 -8 -11 -10 -6 5 21 22 8 -8 -22 -27 -18 -10 -18 -25 -18 -16 -24 -20 -6 -1 -3 -3 -1 -1 -2 -1 1 0 -3 3 17 25 25 16 -13 -58 -93 -98 -74 -36 -7 3 5 5 0 -6 -7 -4 -3 -11 -27 -46 -74 -110 -131 -125 -107 -90 -71 -34 29 100 153 165 139 101 67 43 27 13 3 1 3 3 1 0 -1 -2 -2 -2 -1 0 0 2 6 14 37 73 100 98 61 -2 -64 -81 -56 -39 -27 -14 -16 -15 -4 10 20 17 7 5 15 29 40 42 36 28 22 19 17 14 15 25 29 16 1 -2 4 12 21 31 31 8 -17 -9 19 37 52 86 128 128 83 50 39 21 0 -8 0 17 25 15 0 -9 -18 -28 -27 -12 6 18 25 26 15 5 10 14 10 12 12 -4 -20 -19 -8 4 14 14 2 -15 -33 -46 -48 -40 -33 -32 -27 -13 2 9 11 12 16 28 43 46 28 -2 -32 -61 -95 -121 -118 -90 -60 -41 -25 -10 -1 3 6 15 25 24 17 12 7 -2 -15 -22 -20 -22 -32 -43 -51 -55 -57 -50 -33 -25 -27 -27 -23 -15 -6 2 10 13 9 3 -4 -14 -29 -46 -58 -63 -63 -60 -58 -58 -55 -43 -25 -10 3 13 13 4 -5 -7 -4 -3 -9 -18 -20 -12 -3 1 5 10 9 1 -6 -2 14 19 2 -13 -16 -20 -33 -44 -38 -19 -4 -5 -11 -7 4 11 4 -15 -27 -22 -16 -12 7 31 34 8 -22 -27 -27 -44 -61 -58 -39 -33 -46 -52 -50 -53 -56 -46 -22 1 14 16 10 7 9 9 11 15 5 -19 -32 -21 -5 -4 -11 -15 -19 -27 -34 -34 -26 -14 -5 -7 -13 -5 10 13 -3 -30 -51 -58 -47 -18 14 43 69 73 43 -1 -26 -23 -11 -9 -18 -22 -11 6 17 24 34 37 23 5 -1 2 
18 11 0 -10 -15 -14 -9 -6 -4 4 15 22 23 16 1 -8 -3 4 9 14 16 16 19 27 37 47 55 58 54 46 40 43 47 34 13 -2 -11 -15 -15 -7 9 23 28 22 7 -8 -14 -23 -43 -56 -61 -64 -58 -44 -29 -21 -15 2 17 16 13 20 32 34 22 12 6 -3 -12 -18 -20 -22 -26 -29 -34 -42 -46 -40 -25 -13 -10 -8 -5 -6 -10 -12 -12 -10 -5 -5 -19 -38 -39 -20 -5 1 16 41 61 74 82 79 74 76 75 66 54 43 32 20 8 1 2 5 8 13 19 23 24 16 0 -9 -12 -14 -11 -6 -7 -10 -6 -1 0 1 4 6 2 -8 -16 -17 -18 -22 -20 -6 15 25 17 7 0 -8 -15 -19 -19 -14 -5 2 2 -7 -22 -30 -22 -10 -9 -12 -10 -12 -20 -20 -9 -1 -1 0 2 1 -1 -3 -3 0 4 10 17 16 9 1 -21 -62 -101 -112 -90 -48 -10 5 4 2 3 4 5 7 3 -14 -38 -64 -93 -115 -120 -109 -83 -38 22 91 154 180 164 121 68 27 8 5 4 -2 -7 -6 -2 -1 -2 -1 0 0 1 2 1 1 3 4 2 2 16 46 80 98 84 41 -20 -68 -70 -48 -31 -24 -21 -14 -11 -6 7 18 23 21 13 14 28 34 28 21 16 13 12 4 -6 2 14 8 -9 -19 -14 -2 5 11 26 35 25 17 30 53 73 97 121 115 83 64 57 35 1 -25 -33 -21 -2 4 -5 -11 -9 -14 -17 -1 26 47 53 43 19 -9 -29 -37 -36 -35 -43 -54 -57 -53 -43 -27 -8 8 12 15 24 19 3 -6 -9 -9 -3 7 13 12 8 2 -5 -7 -3 7 14 5 -8 -14 -22 -39 -58 -63 -53 -41 -33 -27 -23 -26 -33 -34 -30 -27 -25 -23 -20 -18 -19 -19 -20 -29 -42 -48 -45 -40 -36 -33 -29 -18 1 19 28 31 32 29 25 29 39 47 49 41 23 5 -7 -19 -31 -38 -40 -38 -31 -19 -7 0 4 6 1 -10 -19 -24 -24 -16 -8 -8 -9 -1 15 22 9 -9 -16 -16 -22 -30 -20 6 19 10 -2 -9 -15 -19 -20 -6 22 35 28 13 -2 -11 -17 -27 -33 -24 -17 -23 -28 -23 -14 -22 -45 -51 -43 -42 -45 -42 -33 -29 -27 -18 -18 -32 -34 -15 5 12 11 5 -10 -26 -36 -42 -39 -22 -11 -25 -38 -27 -10 -9 -23 -32 -26 -17 -16 -25 -33 -24 1 27 44 59 74 68 26 -28 -53 -44 -29 -20 -4 21 35 26 6 -10 -17 -17 -19 -29 -43 -49 -39 -20 -1 18 39 55 57 48 38 33 
9 13 19 23 22 15 5 5 18 28 30 29 28 27 22 17 16 10 2 4 14 27 41 52 57 60 61 57 52 47 40 36 32 16 -5 -18 -23 -24 -22 -16 -4 13 22 9 -18 -36 -36 -34 -42 -48 -47 -42 -31 -14 5 16 20 28 37 39 37 39 47 43 23 11 7 -2 -13 -21 -26 -32 -39 -41 -42 -47 -49 -42 -28 -15 -8 -3 3 7 7 4 0 4 26 51 50 27 16 26 33 28 31 55 86 98 85 68 60 54 47 43 39 31 21 10 -1 -7 -8 -8 -7 -4 -2 -5 -10 -14 -18 -21 -27 -36 -38 -33 -29 -30 -31 -24 -13 -4 4 10 11 3 -8 -8 -3 -3 -4 -1 8 22 34 33 19 0 -18 -29 -31 -33 -36 -26 -7 2 -5 -16 -18 -9 3 4 -5 -11 -15 -21 -19 -8 0 3 3 1 -2 -5 -5 -1 2 0 2 13 28 32 6 -44 -93 -118 -107 -68 -27 -6 -4 -5 -1 4 7 7 1 -14 -34 -56 -79 -96 -97 -69 -12 59 127 173 177 137 82 42 21 8 -2 -7 -8 -8 -7 -5 -4 -4 -3 -1 1 2 2 3 4 4 4 4 3 5 18 39 66 93 96 66 7 -60 -85 -59 -29 -17 -7 1 -2 -5 1 14 27 27 14 4 4 9 14 15 9 -4 -19 -29 -30 -21 -6 2 -5 -16 -17 -8 -1 2 16 36 33 5 -12 -9 -1 24 63 89 90 66 26 -2 -9 -19 -31 -25 -1 22 28 21 14 9 3 4 15 24 19 0 -21 -41 -60 -62 -46 -34 -34 -32 -25 -24 -24 -13 9 35 54 62 61 44 11 -22 -38 -34 -21 -16 -21 -22 -21 -24 -28 -30 -28 -11 17 33 43 56 60 40 -3 -42 -57 -53 -40 -28 -26 -34 -48 -63 -71 -69 -63 -56 -49 -42 -33 -25 -23 -28 -35 -38 -35 -28 -21 -14 -1 23 54 79 86 75 58 45 41 50 65 76 82 79 65 49 35 18 -2 -18 -26 -25 -16 -11 -15 -15 -7 1 0 -9 -15 -16 -15 -9 2 9 5 -2 3 13 6 -15 -25 -20 -19 -23 -15 12 37 31 1 -25 -32 -26 -22 -17 -1 17 21 6 -17 -33 -38 -41 -48 -51 -47 -44 -47 -46 -31 -10 -2 -14 -27 -24 -11 -5 -11 -7 11 13 -3 -14 -10 -5 -20 -41 -44 -40 -44 -49 -50 -49 -39 -20 -4 6 9 1 -12 -19 -17 -6 11 24 23 6 -15 -20 -2 29 53 58 52 34 -1 -33 -37 -22 -20 -35 -43 -36 -25 -13 8 29 26 -1 -28 -36 -28 -19 -17 -14 1 23 42 57 69 71 58 42 
10 17 27 34 35 29 17 13 22 27 23 18 17 19 18 12 3 -6 -9 -3 9 23 36 45 46 41 37 35 31 24 16 7 -2 -8 -12 -16 -19 -17 -8 2 13 31 44 36 17 6 6 18 36 43 41 38 34 34 38 43 45 39 33 32 27 16 9 6 1 -3 -6 -11 -16 -19 -19 -18 -20 -24 -27 -27 -23 -16 -9 -1 9 16 18 17 14 8 2 4 20 46 64 62 50 41 36 37 44 56 74 74 47 25 15 5 1 3 3 -1 -9 -18 -23 -24 -24 -22 -17 -13 -15 -25 -38 -44 -41 -39 -46 -57 -61 -57 -51 -51 -55 -46 -27 -13 -5 1 7 10 8 5 6 9 9 8 6 13 33 42 35 21 3 -13 -26 -37 -44 -42 -29 -11 0 0 -4 0 14 16 -1 -12 -12 -20 -27 -17 -3 2 1 -1 -3 -4 -4 -4 -6 -9 -6 7 29 50 51 22 -27 -77 -104 -93 -59 -27 -8 -2 -4 -4 -2 -4 -9 -15 -19 -17 -15 -18 -4 47 119 171 179 151 101 46 8 -2 1 0 -3 -5 -6 -4 0 2 0 -3 -3 -1 0 1 3 4 5 6 5 4 3 3 9 22 46 80 103 96 52 -23 -80 -78 -49 -22 2 14 16 12 7 10 17 21 22 16 6 5 11 14 11 2 -10 -14 -12 -15 -10 8 17 8 -3 -3 4 9 12 22 24 -5 -40 -43 -24 -14 -10 9 36 41 20 1 -4 -6 -12 -14 1 26 39 28 8 0 -8 -23 -27 -18 -12 -14 -13 -11 -17 -15 2 14 22 31 28 15 1 -5 6 27 45 47 34 18 -7 -40 -58 -53 -42 -38 -36 -28 -17 -8 -2 1 4 15 37 62 88 109 108 74 13 -46 -76 -80 -74 -64 -54 -49 -50 -58 -66 -65 -59 -55 -53 -47 -37 -27 -17 -7 1 2 -1 3 16 42 77 100 109 110 101 84 66 54 52 58 66 75 83 85 80 68 52 39 28 15 -1 -17 -27 -34 -39 -33 -17 -2 5 3 -2 -5 -8 -9 -1 10 6 -11 -20 -14 -7 -13 -24 -26 -20 -13 -10 -6 1 -4 -27 -54 -66 -62 -57 -56 -48 -25 -3 0 -10 -18 -19 -20 -34 -57 -63 -46 -29 -21 -8 16 32 24 8 0 -8 -22 -33 -32 -27 -28 -24 -8 6 3 -16 -31 -27 -14 -5 2 8 11 20 32 41 55 58 32 -4 -20 -12 4 16 20 17 7 -6 -13 -12 -7 0 5 1 -8 -8 1 3 -9 -24 -31 -32 -28 -14 12 47 73 70 44 19 12 19 23 15 0 -7 1 13 27 47 62 59 46 
39 37 35 32 29 27 26 20 9 6 8 8 7 3 -4 -14 -24 -25 -16 -3 8 12 11 7 0 -7 -10 -9 -10 -16 -22 -27 -31 -27 -17 -11 -12 -12 -3 18 45 64 73 75 71 66 64 66 71 75 75 70 61 51 42 35 25 10 0 1 3 -5 -17 -21 -18 -17 -20 -22 -20 -15 -8 4 15 13 7 10 19 25 24 23 26 27 23 16 8 0 -6 -5 6 25 46 55 41 16 1 10 29 36 39 31 7 -8 -16 -29 -36 -35 -34 -37 -44 -49 -49 -45 -38 -30 -22 -17 -19 -29 -43 -57 -67 -69 -69 -72 -74 -71 -64 -60 -58 -47 -30 -18 -12 -7 -1 6 10 3 -8 -12 -10 -6 -6 -11 -11 2 22 36 36 22 2 -13 -23 -35 -42 -32 -11 5 11 13 17 16 1 -10 -8 -14 -23 -15 -2 2 2 0 -3 -4 -3 -4 -6 1 11 12 16 41 76 84 49 -11 -68 -92 -76 -41 -7 9 5 0 0 -1 -2 1 7 18 42 82 131 172 190 174 128 72 29 13 14 15 8 -1 0 5 3 2 6 7 4 0 -1 2 3 2 3 4 4 4 4 3 -1 -7 -10 -3 20 56 90 105 87 27 -44 -75 -63 -29 2 17 26 23 11 4 4 12 23 24 13 4 2 3 5 9 16 20 12 -3 -4 13 24 15 -1 -11 -9 1 6 15 30 26 5 3 20 13 -14 -19 -1 9 1 -12 -18 -16 -17 -23 -22 -10 0 -4 -12 -14 -25 -45 -46 -20 12 32 44 50 40 27 22 14 12 17 9 -10 -28 -36 -29 -13 2 6 4 8 8 -2 -9 -9 -10 -9 0 10 18 22 20 16 13 9 11 33 66 91 94 67 18 -39 -83 -102 -109 -108 -94 -74 -58 -51 -50 -47 -40 -33 -26 -15 -1 6 9 24 42 46 43 47 62 83 97 94 80 64 51 45 44 41 35 31 31 37 46 52 54 57 65 73 77 72 53 23 -8 -24 -21 -11 -1 5 2 -8 -18 -25 -33 -38 -28 -8 2 -3 -9 -13 -19 -24 -35 -48 -44 -31 -33 -42 -38 -31 -34 -43 -50 -52 -53 -48 -30 -6 15 25 22 14 8 8 1 -26 -44 -32 -15 -13 -16 -14 -6 11 27 22 -8 -37 -41 -28 -15 -2 18 32 21 -4 -14 -1 21 37 43 43 36 23 17 26 40 45 35 14 -4 -8 -4 -5 -13 -21 -23 -18 -10 -8 -17 -23 -10 10 18 23 42 58 37 -4 -17 -1 15 20 23 31 38 41 44 49 51 42 23 2 -12 -19 -23 -19 -10 1 24 52 63 59 
44 44 43 39 31 20 10 2 -5 -7 -4 0 2 0 -3 -7 -13 -16 -15 -13 -14 -17 -17 -17 -18 -18 -22 -29 -28 -22 -26 -36 -37 -31 -27 -25 -21 -10 7 28 51 64 64 64 70 73 67 58 51 46 44 45 45 37 22 5 -10 -18 -21 -21 -19 -20 -26 -31 -30 -26 -23 -20 -13 -2 6 17 34 42 45 48 42 30 23 23 23 21 20 16 5 -3 0 9 21 36 50 55 41 10 -18 -25 -18 -14 -12 -10 -16 -32 -51 -65 -66 -52 -37 -35 -42 -45 -40 -36 -34 -26 -17 -15 -18 -24 -34 -51 -67 -65 -57 -61 -66 -57 -41 -28 -17 -14 -21 -30 -35 -35 -33 -31 -32 -37 -40 -40 -40 -38 -28 -18 -18 -14 -1 14 29 35 25 8 -6 -20 -31 -28 -15 -8 -7 -4 -2 0 0 -8 -14 -11 -14 -20 -12 -1 2 0 -2 -1 -1 -4 -4 1 4 6 10 22 58 97 98 64 12 -37 -52 -38 -20 -9 -3 4 6 5 14 29 41 55 86 136 176 176 138 88 47 17 1 3 9 7 2 0 0 -2 -4 -1 1 -3 -6 -3 2 5 6 4 1 2 4 2 0 -1 0 2 -2 -3 10 36 73 98 92 60 -5 -75 -86 -37 7 18 23 28 21 6 -3 1 11 23 31 21 0 -10 -5 3 10 13 7 -3 -11 -9 3 8 -8 -26 -23 -10 3 13 24 40 42 29 16 5 -3 -12 -17 -14 -26 -52 -57 -43 -39 -45 -48 -44 -27 -4 3 -5 -9 -6 -3 6 30 53 53 38 19 -11 -38 -33 -11 -7 -19 -32 -39 -39 -37 -28 -7 13 22 29 36 36 27 10 -6 -6 6 10 8 6 -1 -10 -14 -22 -29 -12 15 31 35 33 24 -14 -77 -117 -117 -102 -80 -53 -37 -30 -19 -6 5 15 28 45 62 73 71 58 49 50 51 51 58 61 53 50 49 39 27 20 16 12 7 3 4 8 12 17 24 35 49 62 75 84 81 64 40 23 17 15 14 -1 -29 -40 -39 -44 -50 -47 -36 -24 -8 7 2 -19 -34 -41 -47 -50 -51 -52 -46 -39 -33 -12 15 22 1 -28 -40 -29 -9 2 11 26 35 30 16 5 1 -3 -7 -12 -25 -39 -41 -28 0 36 56 42 9 -14 -15 2 27 47 50 37 18 1 -3 6 8 -1 0 7 -2 -20 -34 -35 -19 -4 1 2 2 -1 -9 -14 -11 -6 3 18 25 16 1 -5 5 24 41 51 54 48 32 19 22 33 35 22 5 0 7 15 24 37 41 24 -4 -23 -26 -22 -18 -9 5 16 25 37 52 64 
20 20 19 16 11 4 -4 -10 -16 -22 -18 -7 -3 -6 -4 1 -3 -12 -18 -20 -21 -23 -25 -23 -15 -12 -20 -29 -29 -22 -21 -27 -27 -21 -18 -19 -18 -9 6 14 17 27 35 39 45 44 32 24 27 28 25 24 22 15 4 -5 -9 -12 -14 -13 -12 -15 -24 -36 -46 -50 -48 -42 -31 -15 0 15 34 49 58 60 49 31 18 13 11 10 11 10 4 -1 2 11 20 29 39 43 29 0 -20 -30 -40 -39 -34 -37 -51 -75 -83 -75 -73 -63 -43 -30 -24 -19 -11 -3 2 7 10 8 5 3 -1 -10 -21 -26 -24 -20 -18 -15 -3 12 17 10 -6 -25 -39 -48 -55 -60 -63 -61 -53 -46 -42 -34 -16 2 5 -1 -7 -8 0 9 10 6 2 -5 -14 -18 -18 -20 -21 -21 -23 -17 -6 -10 -21 -17 -11 -16 -16 -7 0 2 2 2 0 -1 1 -3 -10 -6 3 10 33 80 119 117 74 16 -19 -26 -26 -22 -12 -4 -4 -3 9 29 54 83 109 124 122 97 56 22 7 5 6 3 -5 -12 -11 -6 -6 -8 -4 1 0 -3 -3 0 2 1 1 4 7 7 4 1 1 2 5 10 7 2 7 22 50 78 90 81 30 -48 -86 -61 -15 15 28 31 22 6 -6 -7 2 17 30 25 6 -6 -5 -1 0 -2 -5 -7 -12 -13 0 14 11 -1 -8 -8 1 7 9 21 27 4 -29 -35 -26 -38 -59 -56 -41 -44 -57 -58 -49 -39 -33 -27 -3 32 44 30 21 22 12 -4 -3 17 28 17 6 -5 -19 -14 4 13 13 10 7 2 -6 -6 11 39 56 51 42 33 8 -28 -52 -53 -45 -42 -39 -32 -26 -23 -21 -22 -20 -8 8 23 34 41 38 2 -65 -110 -105 -78 -50 -22 5 30 48 57 64 75 88 95 95 97 95 75 54 48 44 35 31 30 26 28 33 31 23 13 4 -1 -2 -2 0 3 4 5 10 16 18 22 33 46 55 58 57 45 23 9 2 -9 -14 -10 -24 -43 -39 -35 -43 -48 -38 -24 -39 -69 -73 -64 -63 -64 -63 -55 -33 -16 -14 3 31 34 8 -19 -23 -18 -24 -32 -31 -18 0 10 11 15 32 49 38 -8 -56 -68 -43 -3 38 70 79 63 38 17 6 2 3 13 14 0 -7 0 14 12 -19 -42 -32 -10 4 10 6 -4 -4 4 12 18 19 14 6 7 20 32 40 43 33 14 -1 -9 -11 -1 17 28 28 29 43 52 37 16 2 -10 -22 -25 -11 14 39 53 52 39 23 14 12 13 15 17 20 21 15 9 14 24 
7 2 -5 -9 -10 -6 2 3 -7 -15 -7 10 15 7 5 8 1 -10 -14 -10 -2 -1 -12 -20 -17 -17 -22 -24 -25 -26 -24 -22 -21 -15 -7 -6 -12 -18 -19 -19 -17 -4 13 24 28 23 14 11 15 19 20 17 9 1 -3 -3 -5 -14 -20 -14 -5 -7 -22 -41 -56 -65 -68 -65 -55 -38 -16 2 14 28 36 34 32 28 14 1 1 2 -2 -4 -5 -7 -7 -4 -2 -2 0 -4 -28 -60 -72 -65 -53 -38 -30 -35 -53 -75 -71 -52 -52 -54 -42 -23 -3 10 16 25 36 36 29 25 23 22 22 27 28 12 6 23 32 26 32 49 53 46 35 19 1 -17 -34 -46 -49 -46 -43 -38 -27 -11 5 13 13 10 4 -4 -12 -15 -7 5 13 18 18 11 0 -13 -29 -52 -67 -51 -19 0 -3 -14 -15 -14 -18 -14 -2 6 6 2 1 3 3 0 -4 -7 -5 7 28 64 107 120 92 43 2 -13 -13 -7 1 1 -3 -5 -6 3 29 60 78 77 61 38 17 4 1 6 11 9 3 -1 -1 1 3 6 8 5 1 0 -1 -5 -11 -16 -16 -7 4 6 3 3 5 7 8 6 1 -3 -1 10 30 62 95 100 68 8 -61 -96 -68 -10 23 21 9 1 -6 -12 -7 5 10 10 8 4 1 1 3 6 9 10 12 17 23 29 37 32 8 -6 -3 5 13 18 22 7 -22 -22 -2 -4 -35 -61 -48 -28 -49 -78 -66 -33 -16 -8 10 29 36 30 14 -7 -25 -34 -34 -15 19 38 45 59 63 40 18 23 35 33 18 -1 -15 -20 -15 7 33 34 24 18 0 -27 -42 -44 -44 -40 -29 -14 0 10 14 18 24 23 25 41 60 63 45 16 -20 -53 -61 -46 -32 -18 14 53 73 75 76 82 86 81 69 60 61 66 65 56 43 29 17 12 12 9 5 5 6 5 4 3 1 0 0 0 0 0 0 2 7 12 16 22 30 37 42 39 28 15 -5 -16 -5 -5 -39 -72 -77 -85 -104 -108 -93 -76 -73 -83 -87 -77 -71 -71 -58 -34 -21 -19 -16 -14 -10 2 16 19 7 -18 -45 -54 -46 -31 -11 11 32 49 61 61 30 -25 -59 -46 -8 22 34 36 39 49 55 40 9 -23 -39 -29 -12 -8 -11 -5 12 17 5 5 16 25 40 55 55 38 18 9 9 12 17 21 19 17 24 32 27 7 -13 -21 -23 -26 -28 -22 -9 4 19 39 60 65 41 8 -8 -4 2 -2 -4 9 31 48 56 56 49 36 21 11 5 -4 -13 -15 -12 -9 -9 -11 
12 10 5 0 -3 -3 0 7 16 23 31 38 40 40 39 37 33 23 10 2 2 6 7 3 -3 -6 -4 0 2 0 -1 3 7 8 7 4 -1 -10 -23 -34 -37 -30 -19 -11 -4 3 7 5 -3 -11 -16 -18 -17 -18 -23 -26 -28 -35 -41 -38 -30 -26 -29 -34 -35 -35 -38 -40 -37 -28 -15 -9 -11 -6 0 -3 -6 -6 -11 -19 -21 -20 -19 -17 -15 -13 -11 -6 1 3 -4 -22 -48 -75 -96 -96 -69 -40 -23 0 25 24 4 -4 2 8 14 24 35 44 51 53 48 37 23 12 8 11 16 31 50 47 40 48 54 54 59 74 87 83 68 50 27 2 -18 -30 -34 -33 -31 -24 -9 6 13 16 19 15 4 -9 -19 -18 -6 6 14 27 40 40 26 0 -34 -63 -72 -54 -17 15 21 5 -13 -24 -28 -21 -6 5 7 4 2 2 1 0 -1 -4 -6 2 23 50 81 107 103 63 14 -17 -25 -16 -3 2 4 5 0 -4 1 12 22 26 20 7 -2 -2 2 3 1 -1 -2 0 4 7 7 5 0 -10 -19 -25 -33 -43 -52 -55 -48 -36 -24 -12 -1 6 7 5 4 4 3 0 -2 4 22 53 89 109 97 44 -41 -107 -106 -58 -17 -2 0 0 -4 -14 -17 -6 6 10 8 4 0 -2 1 11 21 22 20 19 18 20 25 19 -2 -14 -10 1 14 24 33 40 38 33 37 38 15 -19 -32 -36 -61 -86 -80 -58 -46 -37 -28 -24 -15 -6 -7 -15 -22 -23 -20 -11 13 43 57 58 49 20 -8 -14 -11 -11 -19 -35 -49 -53 -49 -37 -16 4 18 27 29 25 18 6 -5 -5 3 16 28 31 29 30 28 15 4 8 24 39 43 49 57 44 23 15 11 8 14 28 40 43 41 37 31 27 24 25 35 47 54 52 40 24 7 -9 -19 -22 -18 -8 2 6 5 4 4 4 4 4 4 4 4 4 5 7 8 10 16 23 25 21 16 7 -19 -55 -82 -98 -104 -113 -125 -118 -106 -107 -109 -99 -76 -61 -66 -69 -55 -28 -1 4 -20 -40 -36 -28 -10 31 69 68 24 -23 -42 -40 -26 -5 16 35 52 55 39 20 3 -9 -10 -6 -6 -7 -6 -10 -8 14 41 43 12 -23 -34 -23 -4 13 22 24 23 30 49 59 46 20 3 1 -2 -17 -35 -37 -23 -5 9 14 11 3 -2 1 0 -11 -18 -11 2 6 0 -3 2 13 28 40 44 49 53 40 21 15 18 18 13 5 -1 4 15 20 16 6 -7 -20 -31 -38 -37 -27 -14 -6 -4 -4 
5 8 9 5 0 -4 -7 -1 18 37 40 29 26 36 37 32 39 45 38 25 15 13 15 13 8 10 20 30 34 32 29 30 31 25 17 12 6 -7 -29 -50 -56 -50 -44 -40 -35 -27 -20 -27 -48 -67 -76 -72 -57 -43 -39 -38 -32 -28 -30 -33 -30 -20 -7 3 7 9 9 6 1 -4 -9 -13 -13 -12 -15 -22 -28 -31 -31 -36 -49 -54 -47 -36 -24 -14 -8 -2 9 18 13 1 1 7 -5 -28 -30 -10 8 31 72 98 80 56 59 62 55 53 58 66 70 65 53 38 21 9 10 21 34 47 61 67 59 48 47 53 52 48 50 48 39 27 12 -3 -14 -17 -15 -14 -9 5 23 34 30 20 12 0 -15 -27 -33 -29 -15 0 10 18 21 19 19 20 16 14 17 11 4 10 19 16 3 -10 -20 -22 -14 -1 7 5 0 -3 -3 0 3 2 -2 -2 6 22 48 81 96 67 7 -45 -64 -52 -30 -16 -7 1 4 3 -1 -6 -6 -2 -2 -6 -8 -7 -6 -7 -8 -8 -8 -9 -13 -21 -31 -38 -43 -52 -63 -73 -85 -98 -107 -104 -88 -70 -52 -30 -8 5 5 0 -2 -1 2 3 -1 -2 6 26 61 96 108 79 8 -72 -113 -96 -50 -15 -2 0 -3 -11 -15 -8 2 8 10 8 3 -1 0 3 3 1 0 -1 -4 -5 -1 2 -1 -7 -10 -6 4 16 28 45 54 34 9 6 10 0 -23 -35 -28 -28 -45 -65 -70 -56 -50 -48 -24 2 14 17 13 8 3 -5 0 26 37 19 -3 -21 -39 -48 -42 -30 -18 -11 -13 -17 -17 -17 -8 20 43 45 44 45 30 -3 -30 -34 -26 -18 -11 -9 -12 -17 -23 -27 -27 -19 1 31 63 96 125 125 93 58 44 44 36 22 17 19 18 11 0 -6 -2 3 8 20 34 42 41 30 11 -13 -33 -39 -32 -18 -6 -1 0 1 3 4 4 4 4 4 4 2 -1 -1 0 0 3 9 11 5 -8 -23 -39 -58 -84 -107 -95 -70 -62 -39 -9 -13 -48 -84 -97 -91 -85 -75 -41 7 29 7 -34 -56 -44 -10 30 62 74 61 31 6 -5 -11 -14 -11 -4 6 19 29 26 14 16 35 41 17 -19 -38 -31 -10 10 20 25 32 38 39 33 21 14 22 36 39 28 26 44 52 31 -7 -39 -51 -50 -44 -36 -28 -17 0 18 31 39 27 -2 -11 0 13 26 37 47 51 45 36 32 38 47 44 27 14 18 24 14 -4 -6 4 -1 -17 -23 -19 -10 0 3 0 -5 -5 2 4 3 7 10 7 2 0 
-7 -3 3 5 1 -3 -5 -4 6 19 16 -1 -6 2 0 -6 4 24 38 38 28 16 6 3 6 11 20 29 31 27 21 18 16 9 2 -1 -5 -16 -35 -52 -56 -50 -44 -40 -36 -34 -37 -46 -59 -71 -76 -69 -53 -36 -24 -21 -21 -17 -14 -17 -19 -10 8 22 25 27 34 38 33 19 2 -6 -5 -9 -20 -32 -44 -54 -57 -57 -61 -62 -55 -41 -23 -7 5 11 15 20 20 23 43 67 68 44 24 27 32 27 36 63 76 69 62 53 41 36 40 46 46 40 30 17 6 3 10 24 39 43 40 45 42 23 12 15 12 3 1 1 -1 -3 -3 0 3 9 18 21 21 24 27 25 14 2 -4 -12 -22 -26 -24 -16 -1 15 28 37 39 38 42 49 49 43 32 11 -5 0 14 17 9 -2 -15 -24 -22 -11 0 3 0 -3 -3 -1 1 3 2 -2 -3 5 24 48 61 40 -14 -66 -89 -80 -52 -26 -12 -7 -4 -1 -1 -3 -2 2 4 4 3 -1 -9 -15 -15 -17 -25 -36 -51 -71 -90 -103 -111 -116 -121 -129 -139 -146 -146 -134 -110 -83 -56 -31 -12 0 1 -3 -3 -2 1 4 1 -3 -4 4 32 71 97 93 50 -24 -93 -107 -65 -20 1 4 0 -5 -7 -3 1 5 10 10 5 1 0 -1 -3 -3 2 9 11 10 14 25 32 23 8 1 2 9 20 33 34 7 -28 -35 -11 11 6 0 17 21 -14 -57 -65 -41 -21 -10 7 27 40 40 28 11 -6 -20 -22 -6 7 -1 -10 -3 0 -8 -8 3 18 30 31 20 6 -4 0 23 38 30 21 15 -7 -37 -53 -54 -49 -44 -37 -27 -22 -26 -29 -20 -5 9 26 52 85 115 136 139 111 66 40 38 32 14 4 8 12 6 -6 -13 -10 -8 -12 -8 4 17 29 31 19 0 -17 -26 -26 -20 -13 -8 -5 -3 -1 0 0 0 0 0 0 -1 -2 -1 -1 -1 4 10 11 12 8 -10 -22 -14 -14 -33 -31 0 21 19 11 -2 -32 -72 -100 -104 -89 -56 -9 23 14 -19 -37 -32 -18 0 15 21 23 25 26 20 5 -14 -33 -44 -42 -29 -9 9 16 20 37 57 55 31 10 4 8 19 28 30 34 48 69 77 59 27 -1 -8 7 25 33 29 21 18 13 -1 -16 -20 -10 6 16 16 13 14 23 40 59 60 38 23 27 39 46 40 30 28 29 23 18 21 23 12 -11 -29 -26 -9 -3 -11 -11 -1 -2 -6 2 6 5 11 21 27 26 25 27 24 18 14 8 0 -5 -5 
1 3 5 7 8 8 9 10 7 0 -10 -21 -28 -32 -35 -35 -27 -9 9 18 19 14 5 0 0 -2 -4 -5 -9 -16 -21 -24 -28 -30 -30 -28 -27 -33 -42 -46 -45 -44 -42 -36 -26 -17 -16 -14 -4 4 5 2 0 1 6 6 -5 -13 -14 -14 -13 -8 -1 6 14 22 31 40 43 36 24 13 2 -11 -22 -31 -44 -57 -61 -52 -38 -31 -27 -18 -5 7 15 17 13 9 10 19 34 48 58 61 52 38 29 18 9 22 47 58 53 40 25 14 9 8 8 6 1 -4 -7 -6 0 8 15 15 10 13 16 5 -9 -17 -23 -24 -18 -13 -11 -7 0 8 16 25 35 40 34 20 4 -10 -19 -20 -16 -15 -13 -4 7 16 23 28 35 47 58 61 57 46 26 -3 -35 -51 -41 -15 7 11 1 -7 -10 -18 -24 -18 -6 2 4 4 2 -2 -3 0 1 -1 -1 3 10 16 16 2 -34 -81 -114 -114 -80 -35 -6 -1 -6 -7 -6 -6 -5 -3 -1 -2 -8 -20 -39 -58 -71 -81 -92 -104 -115 -125 -135 -146 -155 -156 -152 -150 -151 -148 -136 -119 -97 -68 -38 -19 -13 -9 -5 -2 1 1 1 3 4 2 -1 1 16 48 83 102 87 25 -59 -108 -93 -45 -9 3 3 -2 -9 -10 -5 1 6 7 4 1 0 2 7 12 18 25 28 29 33 40 41 28 11 1 -2 2 12 23 30 26 7 -8 6 35 45 38 36 27 -9 -46 -53 -42 -28 -17 -12 -1 12 14 6 -8 -22 -29 -31 -25 -1 24 35 43 44 27 8 5 10 11 6 -7 -27 -42 -41 -27 -11 -1 2 -1 -8 -11 -9 -13 -21 -22 -14 0 13 17 16 19 23 24 27 38 55 72 89 104 102 74 38 14 2 -5 -9 -8 -5 -5 -9 -16 -22 -23 -22 -22 -18 -7 9 22 23 13 -3 -18 -27 -29 -24 -16 -8 -3 -3 -4 -4 -4 -4 -4 -4 -4 -4 -5 -7 -7 -4 -1 -1 0 -1 -15 -31 -30 -24 -30 -30 0 31 18 -10 -18 -21 -24 -16 0 18 44 65 59 36 20 18 19 9 -11 -28 -28 -7 20 34 26 5 -12 -23 -29 -27 -17 -2 18 42 59 64 58 45 34 28 28 28 14 -4 -1 25 52 62 54 35 16 0 -12 -10 11 39 48 35 28 35 41 39 35 39 46 45 39 31 21 15 18 27 40 45 27 7 4 4 -4 -12 -8 2 4 0 -4 -10 -21 -35 -47 -49 -35 -14 2 10 15 23 31 31 21 10 8 16 24 25 17 1 -11 -16 -20 -24 -24 -16 -7 
9 11 12 13 16 20 25 24 8 -13 -24 -26 -33 -45 -45 -34 -24 -18 -14 -7 3 10 11 6 -3 -13 -22 -29 -36 -42 -44 -49 -56 -52 -41 -35 -36 -39 -39 -32 -24 -27 -35 -34 -19 3 21 34 48 61 64 53 34 19 16 16 7 -3 -6 -3 1 0 -5 -7 -1 9 19 29 38 42 38 28 16 6 3 3 -5 -16 -18 -10 1 6 6 8 13 18 21 18 6 -4 1 16 25 29 43 60 51 20 7 14 21 32 43 45 42 34 21 8 -2 -7 -7 -3 3 7 8 8 7 5 3 3 4 4 6 6 -4 -19 -25 -24 -24 -23 -22 -20 -16 -12 -7 -3 1 9 12 2 -12 -17 -11 -9 -18 -22 -14 0 14 22 23 18 11 8 6 3 4 7 6 -7 -29 -43 -43 -31 -15 -4 2 4 1 -9 -18 -15 -5 2 4 5 4 -1 -4 -3 0 2 2 7 13 10 4 -6 -35 -84 -132 -146 -113 -57 -12 4 2 1 2 2 2 -1 -9 -21 -38 -62 -90 -117 -138 -148 -152 -154 -152 -147 -142 -139 -135 -128 -120 -113 -107 -97 -81 -69 -59 -36 -11 -3 -9 -14 -8 2 6 4 1 2 5 5 5 7 15 40 77 107 108 61 -19 -91 -112 -72 -22 2 8 1 -15 -22 -12 -1 3 4 3 1 0 -2 -5 -4 -1 1 2 2 3 5 4 -4 -15 -22 -23 -18 -9 2 20 43 50 34 21 25 29 32 42 38 9 -22 -45 -70 -85 -78 -63 -47 -30 -17 -10 -7 -5 -4 -11 -15 11 47 54 37 13 -15 -36 -41 -38 -33 -30 -33 -41 -48 -49 -44 -27 -1 14 16 24 33 26 10 -5 -13 -10 0 12 20 19 11 -2 -15 -19 -12 1 10 19 42 69 74 49 14 -5 -6 -5 -6 -3 4 8 2 -13 -21 -15 -12 -14 -9 5 19 24 17 0 -17 -29 -33 -27 -16 -4 2 -1 -4 -4 -4 -4 -4 -4 -4 -5 -8 -12 -16 -19 -21 -24 -27 -26 -23 -30 -44 -49 -41 -18 11 28 36 50 67 74 79 97 123 144 147 123 89 76 80 73 43 8 -5 -5 -7 -2 18 46 56 41 30 31 29 20 8 -2 3 26 42 39 33 41 56 53 30 8 -5 -14 -17 -8 12 32 42 46 51 50 34 16 16 33 50 54 50 52 59 55 37 20 17 27 37 38 30 15 -2 -15 -8 7 -10 -38 -41 -29 -14 4 19 26 29 27 18 5 -5 -7 -21 -51 -58 -33 -4 8 9 20 30 20 3 -10 -16 -12 -6 -4 -3 -2 -6 -15 -23 -27 -24 -13 -3 
-1 -3 -4 -4 -3 -1 -1 -7 -15 -18 -17 -18 -31 -49 -52 -42 -31 -18 -5 -2 -7 -10 -7 -12 -28 -32 -29 -38 -50 -49 -42 -41 -40 -34 -25 -19 -19 -18 -11 -2 1 -7 -18 -13 5 15 22 40 55 55 53 51 40 26 13 4 3 1 -4 -2 10 18 10 2 8 17 25 35 44 48 46 38 26 19 17 17 20 24 26 24 24 30 33 28 21 15 7 -2 -11 -18 -13 1 14 29 46 55 48 29 14 11 14 20 26 26 20 12 5 2 3 4 4 5 7 7 6 6 6 7 9 15 21 17 12 13 8 -6 -15 -18 -23 -22 -14 -9 -9 -7 3 12 14 19 29 32 21 1 -17 -30 -38 -34 -24 -21 -24 -26 -24 -21 -23 -31 -38 -36 -24 -9 3 13 17 3 -27 -49 -41 -12 9 10 3 -6 -21 -28 -17 -5 0 3 3 2 1 0 2 5 4 4 11 17 21 24 8 -32 -80 -115 -115 -79 -32 -4 1 1 2 1 1 1 -5 -17 -34 -59 -89 -117 -136 -140 -136 -133 -129 -119 -103 -86 -70 -51 -28 -1 34 71 96 101 85 56 29 14 6 -1 -2 -1 -2 1 3 0 -3 -2 2 3 5 20 51 90 116 97 24 -63 -114 -105 -56 -21 -11 -4 -4 -11 -12 -6 1 2 0 2 1 -5 -11 -18 -24 -23 -17 -17 -23 -28 -23 -7 -2 -13 -21 -20 -15 -7 8 27 30 6 -28 -45 -33 -9 8 20 23 -3 -56 -100 -111 -97 -70 -39 -11 16 38 42 31 20 10 -2 -2 17 31 19 -5 -20 -31 -42 -39 -23 -9 -1 5 7 -1 -12 -7 17 39 45 43 35 12 -19 -43 -51 -45 -37 -33 -27 -19 -19 -24 -28 -29 -19 3 21 24 18 20 33 25 -5 -21 -21 -19 -12 3 18 26 23 10 0 -3 -6 -8 -8 -4 8 19 20 14 0 -20 -32 -30 -21 -11 -4 -1 1 0 -4 -10 -20 -28 -29 -30 -34 -38 -43 -45 -40 -36 -31 -11 19 36 27 23 49 77 85 83 90 106 114 108 102 110 126 138 138 119 88 68 66 61 41 24 24 30 28 18 17 38 66 78 67 42 17 -4 -23 -34 -33 -25 -14 -6 0 16 39 50 35 6 -6 4 11 4 5 28 54 62 55 51 50 35 10 -1 13 33 34 21 13 18 26 21 15 23 32 34 29 15 -5 -24 -33 -29 -20 -20 -29 -29 -12 7 19 28 31 27 15 -6 -22 -21 -21 -40 -57 -48 -23 -8 -6 -1 5 0 -12 -21 -22 -16 -6 7 21 29 26 22 19 11 5 1 -5 
-25 -27 -28 -27 -25 -24 -25 -25 -20 -15 -15 -20 -30 -39 -42 -42 -41 -32 -17 -11 -17 -25 -27 -33 -49 -56 -48 -39 -35 -31 -26 -22 -18 -14 -8 1 9 14 19 20 18 20 24 31 33 20 9 19 35 40 46 56 60 56 41 22 16 21 21 16 18 26 29 29 32 33 33 35 35 32 30 28 24 23 24 25 31 41 46 44 42 44 45 39 28 17 7 -1 -7 -13 -15 -12 -2 17 31 32 31 30 21 10 4 3 9 13 7 0 -2 1 7 11 10 6 3 1 0 2 7 13 19 27 35 36 33 31 26 17 8 1 -1 7 22 34 37 34 33 35 36 38 42 41 26 -5 -41 -60 -54 -41 -34 -33 -37 -45 -54 -55 -48 -43 -37 -26 -15 -4 8 16 14 -1 -28 -51 -46 -18 2 2 -3 -6 -18 -32 -28 -11 0 0 -1 2 4 3 2 3 2 -4 -4 9 30 56 71 57 14 -47 -95 -99 -67 -31 -10 -1 3 2 -1 0 1 -5 -18 -38 -61 -84 -101 -98 -80 -61 -39 -9 23 52 80 108 135 163 194 218 225 214 181 126 68 30 14 7 3 1 0 3 5 1 -2 -1 -1 -2 -3 0 21 62 106 123 88 6 -83 -120 -90 -42 -12 3 4 -8 -18 -13 0 4 0 -5 -18 -31 -28 -19 -20 -29 -30 -20 -15 -14 0 21 27 16 2 -6 -6 -2 4 13 15 1 -24 -40 -25 -5 -11 -13 0 -14 -67 -108 -99 -67 -39 -13 9 27 41 40 23 5 -6 -19 -35 -33 -10 10 19 33 42 26 12 16 20 20 20 13 -4 -17 -16 -1 22 38 37 20 -4 -23 -32 -32 -29 -27 -25 -21 -13 -4 5 12 13 14 22 36 42 22 -7 -17 -21 -36 -55 -63 -54 -39 -24 -7 10 21 24 18 3 -9 -12 -12 -10 -3 3 7 14 11 -6 -18 -18 -17 -17 -15 -15 -20 -31 -41 -46 -52 -56 -55 -56 -58 -56 -54 -52 -42 -28 -16 0 22 48 70 91 107 91 64 62 73 76 71 72 81 86 89 93 92 91 86 69 55 54 61 63 46 26 18 9 -3 -5 13 41 46 19 -14 -32 -36 -35 -31 -20 0 21 31 28 22 23 27 21 11 13 19 14 5 6 18 25 14 3 7 9 -4 -21 -22 -8 0 -2 0 19 47 62 63 59 49 35 21 7 -8 -20 -31 -33 -12 -1 -22 -42 -42 -41 -43 -37 -31 -29 -31 -41 -52 -55 -47 -37 -35 -29 -13 1 4 -4 -11 -7 2 6 4 4 13 26 28 15 4 3 1 -6 -13 -22 -32 
-24 -23 -21 -18 -14 -11 -7 0 2 -7 -17 -20 -20 -20 -19 -20 -28 -37 -36 -26 -20 -23 -27 -27 -31 -42 -40 -17 3 4 -1 2 8 10 12 17 22 23 19 16 22 36 46 40 20 0 -10 -12 -3 23 51 66 72 72 64 49 40 49 59 51 33 26 37 45 38 31 27 20 11 2 -4 -4 2 10 20 31 40 46 49 51 50 45 41 38 32 25 20 14 6 0 -4 -6 -3 5 14 16 10 5 3 2 3 4 5 6 5 4 5 7 8 7 5 4 3 2 3 5 8 12 16 19 22 28 35 38 36 32 26 23 29 36 41 45 43 32 14 2 5 12 10 2 -3 -6 -14 -18 -12 -12 -17 -15 -10 -14 -30 -42 -40 -32 -24 -17 -11 -1 15 28 28 13 -10 -30 -40 -36 -21 -10 -10 -10 -10 -22 -31 -16 -1 -2 -1 1 0 0 0 0 0 -2 -5 0 21 59 99 110 79 20 -41 -76 -74 -46 -17 -4 -1 2 4 5 6 4 -1 -7 -11 -8 4 22 47 81 118 152 179 198 213 222 224 221 209 188 165 142 117 90 59 28 8 1 1 4 5 2 0 1 4 5 1 2 5 1 9 37 77 118 126 64 -41 -110 -107 -55 -9 0 -8 -17 -23 -17 -4 4 2 -12 -35 -54 -50 -27 -17 -29 -32 -13 0 2 8 10 9 8 -2 -16 -20 -16 -12 -2 17 33 32 21 21 28 21 5 -2 -13 -50 -88 -84 -55 -41 -34 -24 -19 -14 -6 -3 -10 -20 -26 -32 -33 -14 20 46 57 54 32 5 -9 -13 -17 -23 -34 -47 -50 -48 -43 -25 -1 11 11 14 22 25 17 3 -6 -2 8 11 12 15 15 11 3 -7 -8 1 0 -17 -34 -39 -45 -70 -92 -86 -69 -56 -40 -16 10 27 28 18 7 -2 -5 -1 2 -1 -3 0 0 -4 -5 -3 -6 -14 -20 -26 -37 -51 -59 -57 -52 -49 -46 -42 -39 -37 -39 -45 -45 -35 -29 -34 -33 -13 23 58 68 49 26 26 46 56 54 69 95 98 87 81 64 49 52 53 47 48 58 58 36 10 -3 -8 -12 -14 -8 11 34 39 23 11 13 12 2 -1 15 40 53 42 17 2 5 12 11 3 -6 -13 -20 -28 -24 -5 5 0 -2 9 21 15 -2 -9 -4 8 26 44 59 71 73 59 36 14 -3 -19 -36 -44 -49 -54 -45 -39 -49 -56 -53 -52 -59 -63 -55 -42 -33 -29 -31 -41 -43 -23 0 9 9 10 10 -1 -15 -12 7 15 1 -12 -10 -7 -12 -18 -20 -22 -26 -27 -25 -24 -24 
-12 -12 -12 -11 -7 -2 1 6 10 5 -1 0 2 0 -2 -3 -9 -17 -17 -10 -6 -9 -13 -9 0 4 5 9 15 17 12 15 31 38 32 24 16 9 6 11 21 26 20 3 -19 -35 -38 -36 -28 -1 29 43 49 54 53 46 44 52 60 56 41 29 31 36 33 29 24 15 4 -6 -13 -17 -16 -10 -1 10 23 33 36 35 32 29 27 23 17 11 6 3 2 3 4 5 6 6 7 7 4 2 3 5 7 6 1 -2 -1 0 -1 -3 -4 -5 -7 -9 -10 -10 -11 -12 -10 -5 1 2 -1 3 13 22 27 26 19 17 26 31 27 19 9 0 -8 -14 -14 -11 -13 -15 -6 10 19 18 13 3 -8 -13 -14 -13 -13 -14 -12 -7 -2 -1 -4 -4 4 21 36 28 -2 -38 -66 -72 -54 -25 -8 -9 -11 -18 -31 -26 -9 -1 2 3 1 0 -1 -2 -1 0 0 -1 3 28 72 107 112 87 43 -5 -35 -34 -21 -16 -14 -8 -2 1 7 20 38 61 85 119 163 189 201 213 217 212 204 191 171 151 132 111 89 69 53 40 29 21 15 9 4 1 -1 -3 -5 -8 -9 -5 0 3 3 4 4 -2 0 17 51 97 114 78 6 -73 -111 -88 -48 -25 -11 -6 -13 -16 -12 -8 -7 -14 -27 -43 -54 -50 -41 -32 -17 -5 -8 -18 -22 -20 -12 -4 -8 -21 -29 -26 -19 -12 4 25 30 15 -4 -7 2 4 6 10 1 -16 -24 -30 -42 -43 -35 -26 -9 11 23 20 9 4 1 -1 12 35 48 34 2 -19 -33 -46 -45 -34 -27 -23 -16 -14 -21 -25 -12 12 28 41 56 52 26 -5 -29 -38 -31 -18 -12 -15 -21 -27 -30 -28 -24 -17 -4 6 0 -16 -28 -41 -67 -100 -117 -105 -77 -51 -30 -10 6 18 27 26 16 5 -2 -4 -3 -2 -5 -11 -14 -12 -8 -6 -10 -15 -16 -21 -31 -39 -44 -49 -56 -61 -60 -56 -53 -55 -62 -65 -58 -46 -33 -15 5 20 33 50 70 76 67 63 58 48 51 65 67 53 35 16 0 -5 -1 3 4 7 13 14 7 0 3 13 19 20 25 39 50 47 35 22 14 3 -15 -20 -8 3 0 -13 -20 -14 -4 -1 -3 -4 -4 -6 -11 -8 9 25 31 35 44 51 43 19 -4 -12 -7 5 14 17 19 14 -4 -26 -39 -44 -54 -68 -74 -79 -86 -78 -58 -42 -32 -24 -18 -16 -14 -8 -1 4 7 4 -7 -4 22 37 25 2 -14 -15 -10 -10 -13 -14 -18 -26 -31 -30 -24 -12 4 14 15 13 12 13 15 16 
-32 -31 -28 -24 -18 -10 -4 3 12 16 15 13 12 10 4 -1 -3 -6 -7 -2 6 12 14 14 22 37 38 22 13 19 21 19 26 34 33 25 18 20 33 41 34 26 17 -1 -21 -32 -32 -28 -21 -8 6 14 19 28 38 44 46 46 48 49 42 32 28 31 36 36 31 23 13 4 -2 -5 -7 -7 -3 4 11 15 15 12 10 11 11 8 4 0 -3 -3 1 7 13 17 16 10 1 -3 3 12 20 26 26 18 5 -7 -14 -16 -17 -20 -23 -24 -26 -33 -40 -41 -39 -37 -34 -27 -17 -9 -2 6 14 22 26 23 15 2 -7 -2 5 3 -2 -2 2 -2 -14 -19 -17 -15 -9 1 6 0 -10 -13 -12 -12 -11 -5 6 11 8 8 11 9 -1 -11 -12 -5 4 6 -8 -39 -69 -74 -48 -10 8 2 -1 -1 -16 -29 -19 -3 2 2 1 0 -1 -2 -1 0 1 -1 -8 -3 32 84 122 124 87 33 -9 -22 -16 -10 -4 1 -1 -4 3 22 51 90 132 169 194 200 192 175 151 124 99 79 61 44 27 11 2 -1 -2 -3 -5 -4 1 7 10 8 3 -2 -4 -4 -4 -3 0 3 3 0 -4 -6 -3 6 29 71 112 121 76 -16 -99 -114 -72 -27 -5 -1 -5 -10 -12 -11 -10 -14 -23 -43 -72 -83 -67 -41 -27 -29 -29 -22 -16 -10 1 13 16 8 -4 -7 -2 -3 0 15 22 3 -36 -60 -50 -29 -8 26 73 101 85 47 20 7 -1 0 13 33 50 49 34 21 8 -5 -10 -7 -2 -4 -4 9 12 -4 -10 5 16 18 23 19 4 -7 -3 16 38 52 51 33 4 -24 -41 -45 -43 -39 -32 -27 -24 -20 -14 -4 7 13 20 35 38 17 -10 -34 -60 -93 -119 -113 -84 -56 -37 -25 -15 -3 10 19 21 13 -4 -20 -26 -25 -23 -21 -18 -13 -7 -1 2 1 -2 -10 -24 -39 -51 -60 -68 -75 -76 -67 -51 -34 -22 -12 3 18 32 52 69 69 57 49 53 54 39 22 16 17 15 8 3 1 -1 -3 -12 -23 -18 -4 -2 -12 -11 7 15 4 -2 5 7 -1 -9 -9 5 20 12 -13 -27 -28 -32 -37 -32 -16 1 8 5 4 10 16 21 27 31 31 28 19 11 18 28 28 23 12 -7 -27 -42 -50 -49 -39 -29 -27 -29 -30 -31 -36 -40 -38 -39 -47 -55 -55 -50 -45 -27 0 9 -1 -7 -3 -1 -5 -11 -12 -3 12 25 37 48 46 27 -1 -24 -29 -16 -2 -6 -22 -23 -4 8 4 4 14 24 29 28 22 13 4 -4 -10 
-24 -23 -19 -12 -5 2 10 13 14 21 22 12 6 7 4 -4 -6 -3 -4 -4 7 25 36 36 41 56 56 36 24 32 42 39 31 29 31 32 35 45 60 61 42 29 26 20 13 6 -3 -6 -1 1 1 4 8 13 22 37 48 46 42 43 44 41 33 28 30 32 30 24 16 8 3 1 -1 -1 1 5 9 9 6 4 6 8 8 8 7 5 3 4 10 17 23 27 26 19 9 2 2 7 13 17 14 4 -8 -20 -29 -32 -32 -32 -33 -35 -37 -44 -54 -56 -52 -48 -43 -34 -23 -11 3 13 18 21 23 21 12 -7 -25 -21 -6 2 4 3 -2 -12 -20 -18 -7 5 10 7 2 -1 -2 3 12 17 17 13 8 2 -5 -8 -7 -7 -11 -15 -14 -7 2 10 12 -4 -30 -39 -22 3 16 15 11 9 -4 -27 -29 -10 0 1 2 1 0 -1 -2 -2 -2 -1 0 3 20 58 104 124 99 51 8 -14 -14 -4 5 7 3 -3 -4 5 23 50 83 101 94 81 66 46 30 20 13 9 7 5 4 5 7 7 5 5 7 6 3 4 8 11 12 10 7 7 7 4 1 0 0 0 4 10 7 2 12 44 95 135 119 35 -69 -116 -85 -33 -11 -11 -11 -10 -7 -1 1 -5 -16 -31 -49 -56 -43 -29 -35 -43 -21 10 17 16 21 28 33 28 13 1 -3 -8 -9 5 23 22 -4 -21 -3 25 44 72 123 158 131 83 60 37 10 -3 -5 2 15 23 18 2 -17 -32 -40 -35 -16 8 33 54 55 33 13 11 14 6 -12 -29 -42 -51 -52 -41 -20 -3 1 2 6 6 0 -10 -21 -26 -22 -10 6 17 19 16 12 8 9 20 30 24 5 -15 -30 -46 -64 -73 -68 -51 -35 -25 -11 -2 -3 5 20 22 6 -16 -31 -36 -32 -24 -16 -9 -3 3 9 11 5 -4 -12 -19 -23 -22 -17 -8 4 14 24 36 46 55 67 73 65 53 46 42 35 22 5 -6 -9 -12 -6 11 15 1 -9 -11 -12 -12 -18 -27 -22 -5 2 -10 -19 -7 6 3 -4 -6 -10 -20 -32 -37 -22 5 17 10 2 3 8 8 7 15 30 39 32 18 13 17 24 30 31 27 20 2 -22 -26 -14 -8 -13 -26 -42 -53 -59 -63 -58 -40 -16 0 4 5 9 14 14 11 11 8 -3 -5 3 2 7 27 34 17 0 -5 -12 -26 -41 -46 -31 1 35 48 39 31 27 18 4 -6 -4 4 3 -7 0 24 32 17 1 -7 -10 -5 2 2 -3 -10 -20 -29 
8 7 5 4 4 5 7 2 -4 3 6 -3 -2 13 23 21 21 27 25 17 22 41 56 64 71 72 65 55 48 49 58 62 53 42 38 41 48 53 51 43 33 24 18 19 26 29 24 23 26 18 9 10 10 7 10 23 36 36 31 32 33 28 22 17 12 11 11 7 1 -3 -5 -6 -4 -1 1 4 8 10 8 6 7 8 7 5 4 3 1 2 7 13 18 20 18 13 8 1 -9 -16 -19 -20 -22 -27 -33 -37 -37 -36 -34 -30 -28 -28 -27 -25 -24 -24 -25 -27 -27 -23 -17 -11 -5 1 6 9 13 16 12 2 -9 -14 -12 -7 -2 -4 -17 -28 -28 -25 -17 -1 12 17 22 23 13 5 4 4 2 -7 -22 -28 -23 -23 -27 -27 -23 -17 -10 1 14 25 32 26 3 -21 -31 -22 3 21 17 6 -3 -19 -29 -17 -3 0 1 1 0 -1 -2 -2 -3 -1 7 13 16 33 71 106 107 69 15 -26 -38 -27 -12 -3 1 0 -3 -3 0 6 16 21 16 10 5 0 -2 0 4 5 2 0 1 3 3 -1 -7 -8 -3 -2 -6 -7 -4 -1 1 0 -3 -2 0 0 -1 -2 1 4 8 14 7 -4 -1 15 53 107 132 96 10 -79 -109 -75 -34 -17 -13 -12 -10 -3 6 13 18 26 32 20 -2 -20 -32 -30 -8 13 13 7 3 1 7 11 2 -15 -24 -19 -10 2 23 45 53 52 59 72 79 86 107 126 111 80 57 22 -15 -31 -36 -37 -28 -8 6 2 -7 -13 -17 -11 10 34 43 37 27 14 -6 -25 -28 -22 -24 -31 -35 -38 -45 -49 -38 -18 1 21 40 45 31 9 -10 -20 -18 -8 2 6 2 -8 -18 -22 -20 -13 2 21 33 38 45 48 26 -21 -59 -65 -55 -43 -23 -6 -4 -3 3 6 4 -1 -7 -13 -17 -14 -6 0 3 6 11 15 17 22 31 38 40 41 45 50 49 40 30 24 22 23 26 41 58 49 29 23 26 24 12 -1 -8 -10 -7 0 5 4 1 -7 -24 -40 -50 -55 -54 -47 -35 -29 -36 -40 -26 -2 11 9 7 5 -2 -4 3 19 42 57 56 47 38 29 17 7 8 15 13 2 -6 -7 -4 0 1 -5 -15 -24 -32 -35 -25 -6 7 7 2 -8 -27 -41 -38 -19 5 20 24 20 14 15 18 18 24 33 31 24 19 11 8 18 33 39 32 19 6 -4 -12 -16 -8 10 26 26 11 1 5 15 16 4 -8 -7 2 5 3 1 -2 -11 -27 -39 -37 -22 -4 9 18 22 20 17 
4 2 -5 -15 -23 -29 -34 -39 -39 -29 -24 -27 -18 5 23 34 49 60 56 43 38 48 59 69 76 65 53 53 49 40 42 50 45 33 29 37 49 52 43 35 33 23 9 7 17 30 38 43 44 34 24 22 17 9 9 13 13 11 10 11 9 2 -2 -1 0 0 0 -1 -4 -6 -6 -5 -2 1 5 10 12 12 12 9 3 0 -1 -3 -5 -8 -11 -15 -21 -23 -21 -20 -19 -17 -16 -14 -12 -15 -21 -26 -28 -29 -31 -31 -28 -24 -20 -16 -12 -9 -7 2 16 20 14 5 -3 -8 -11 -13 -13 -9 -2 7 16 22 25 22 9 -8 -20 -19 -5 6 4 -1 -7 -21 -32 -30 -22 -12 5 17 10 -5 -15 -14 -5 2 2 -3 -10 -19 -27 -29 -24 -15 -5 9 30 49 60 63 51 27 5 -7 1 19 15 -2 -6 -9 -20 -19 -6 -1 -1 0 0 0 0 1 1 -1 0 3 5 13 35 64 73 43 -11 -56 -68 -51 -26 -8 -1 2 6 7 4 -1 -6 -5 1 4 5 7 6 1 -4 -5 -2 -2 -7 -10 -8 -4 -1 1 2 2 2 0 -6 -16 -27 -33 -31 -23 -14 -9 -6 -1 6 4 -7 -9 -10 -12 -2 13 41 86 123 130 76 -34 -116 -111 -54 -11 -3 -9 -13 -9 6 28 49 68 74 43 -10 -43 -41 -26 -25 -28 -19 -14 -21 -26 -18 -5 -5 -16 -17 -3 7 6 9 26 47 37 1 -10 1 16 40 67 84 78 49 11 -16 -22 -19 -17 -8 13 32 37 35 29 14 -2 -5 13 29 16 2 4 -3 -20 -21 -3 10 10 9 8 -2 -14 -13 5 30 47 51 39 12 -18 -40 -46 -39 -33 -31 -28 -24 -19 -13 -8 -5 -1 12 36 62 82 96 96 61 -4 -62 -86 -83 -72 -56 -31 -10 -13 -28 -32 -22 -6 6 6 -1 -1 3 4 4 5 9 16 27 44 60 64 54 36 19 5 -10 -23 -29 -26 -15 -1 11 25 44 59 66 65 53 33 13 1 -3 -10 -26 -42 -42 -28 -19 -20 -29 -46 -58 -59 -62 -65 -51 -29 -28 -42 -34 -1 20 17 18 27 29 27 17 4 8 20 15 -2 -12 -18 -31 -46 -45 -26 -7 0 -2 -3 0 3 3 -1 -7 -3 8 7 6 20 35 38 34 20 -7 -27 -33 -30 -23 -22 -27 -33 -36 -33 -28 -21 -5 16 27 23 16 12 4 0 15 36 38 26 22 28 34 34 27 14 -3 -16 -25 -34 -33 -21 -14 -22 -35 -31 -9 5 -4 -21 -22 -8 1 -2 -5 4 19 31 39 42 40 37 
-30 -15 -8 -19 -32 -35 -35 -42 -49 -42 -26 -14 -6 6 25 43 49 44 39 37 32 28 32 41 47 41 30 29 33 31 29 32 34 34 33 34 41 48 47 43 36 23 19 23 26 39 58 65 59 48 34 19 10 7 5 2 -3 -4 0 -2 -6 -1 6 9 8 1 -7 -9 -6 -3 -1 0 0 1 4 8 10 8 5 4 0 -12 -24 -28 -27 -28 -36 -44 -46 -46 -43 -39 -39 -39 -34 -24 -13 -5 -2 -5 -7 -3 1 0 -6 -10 -8 -3 1 3 9 20 28 29 27 22 11 -3 -14 -15 -8 -4 -1 8 18 23 24 20 5 -13 -19 -19 -18 -6 6 1 -10 -16 -17 -13 -10 -9 -3 10 19 14 8 9 8 5 6 6 0 -5 -7 -7 -4 2 11 23 39 57 75 86 79 52 17 -9 -13 3 13 6 1 0 -13 -26 -18 -2 3 0 -2 0 2 1 1 3 1 -3 0 9 19 24 21 6 -34 -85 -104 -79 -41 -17 -5 4 7 5 3 -1 -5 -4 -1 3 8 7 2 0 -4 -7 -3 -3 -7 -9 -11 -9 0 8 7 7 8 -4 -18 -32 -60 -76 -61 -39 -18 -1 1 -4 -3 0 -3 -7 -5 0 1 6 26 57 91 113 96 20 -81 -121 -83 -32 -8 -8 -10 -5 3 17 33 44 44 19 -25 -51 -50 -52 -60 -50 -26 -10 -4 2 15 31 39 35 23 13 7 4 8 18 31 25 -11 -37 -28 -11 -7 4 31 38 20 15 18 9 3 11 17 17 26 38 37 19 -7 -28 -40 -33 -3 21 27 38 52 42 16 7 14 16 9 -7 -30 -47 -48 -30 -3 12 11 5 0 -5 -11 -15 -17 -18 -14 -5 4 11 15 19 22 18 16 25 39 54 73 74 40 -2 -44 -87 -107 -100 -85 -68 -47 -32 -29 -27 -17 -5 5 15 27 35 27 12 3 -5 -8 1 14 27 35 28 9 -9 -19 -23 -19 -9 -5 -1 15 32 37 32 30 38 48 49 36 19 2 -14 -21 -30 -47 -64 -75 -74 -63 -45 -30 -28 -26 -23 -33 -43 -31 -6 0 -18 -29 -17 2 10 10 17 23 9 -13 -27 -30 -21 -13 -14 -16 -17 -21 -25 -22 -8 12 24 22 13 5 0 -3 -3 0 9 20 17 2 -9 -10 -9 -19 -33 -43 -51 -47 -40 -45 -49 -49 -58 -68 -60 -40 -27 -21 -7 11 16 12 8 3 -5 -15 -17 -3 9 1 -11 -7 6 6 -6 -7 4 6 -8 -24 -26 -13 -1 -4 -11 -3 10 10 2 2 15 27 26 17 9 6 10 16 13 0 -12 
-18 -2 10 5 -9 -15 -11 -11 -16 -12 5 23 31 34 43 52 47 34 27 25 17 5 3 6 6 9 12 17 28 35 36 35 35 38 38 33 31 35 38 36 29 23 28 36 39 49 65 69 61 51 38 22 12 9 4 -1 -2 0 4 3 1 8 16 18 17 10 -2 -11 -14 -14 -14 -13 -12 -12 -13 -15 -16 -17 -19 -21 -25 -34 -44 -47 -43 -39 -42 -47 -45 -39 -32 -25 -22 -21 -15 -9 -8 -6 -4 -4 -3 2 9 12 9 1 -5 -4 0 7 19 30 34 33 31 26 14 -1 -10 -9 -4 -2 0 4 8 12 15 15 5 -11 -14 -10 -12 -7 7 11 4 -1 -4 -7 -7 -4 0 5 11 15 16 13 5 -2 0 9 15 15 13 14 18 20 19 15 13 23 42 55 51 29 -1 -24 -30 -17 3 10 3 -6 -17 -29 -29 -15 -3 -1 -1 2 3 1 2 6 6 2 3 11 17 14 5 -13 -54 -108 -137 -119 -72 -30 -6 4 2 -4 -5 -3 -1 1 1 0 3 6 6 7 5 -7 -23 -31 -32 -33 -35 -35 -31 -21 -11 -7 -7 -23 -58 -94 -112 -99 -72 -52 -32 -10 2 1 -5 -4 3 4 6 10 4 -1 6 28 64 91 96 66 -20 -109 -119 -66 -21 -7 -3 1 0 -2 4 16 24 19 -2 -25 -39 -47 -46 -29 -4 15 26 29 29 36 48 48 24 -5 -14 -4 7 11 19 34 39 34 39 39 14 -12 -15 -9 -8 1 12 4 -15 -24 -22 -20 -16 -6 0 -5 -15 -22 -25 -24 -4 34 54 50 45 31 -3 -28 -24 -13 -11 -19 -35 -48 -51 -44 -27 -7 7 17 27 34 32 18 0 -11 -12 -3 11 18 11 -1 -8 -11 -14 -16 -10 4 18 24 24 16 -30 -107 -141 -114 -85 -73 -57 -34 -16 -6 2 9 17 31 47 50 35 16 2 -10 -14 -8 -4 -3 0 3 3 2 3 2 2 8 10 8 10 10 4 -2 -6 -13 -17 -12 -7 -2 2 -9 -32 -51 -62 -69 -77 -82 -74 -54 -34 -22 -15 -14 -20 -25 -23 -11 5 8 -6 -19 -12 7 13 8 5 -1 -7 -9 -7 7 28 39 34 22 17 21 18 7 8 15 7 -12 -30 -40 -39 -32 -27 -26 -22 -15 -16 -27 -39 -50 -66 -75 -71 -68 -56 -41 -46 -53 -48 -52 -68 -72 -58 -42 -33 -22 -8 2 8 10 12 8 -10 -24 -15 -1 -8 -24 -25 -10 5 14 27 44 49 31 2 -13 -4 16 27 17 0 1 12 13 3 -7 -9 -9 -15 -25 -30 -25 -14 -6 -6 -10 
18 13 9 3 -12 -27 -28 -13 6 18 29 42 48 45 39 37 39 36 26 14 5 -3 -12 -15 -12 -6 3 12 19 24 27 26 22 20 20 20 18 14 12 11 9 8 10 17 28 38 44 43 35 27 22 20 18 14 12 10 6 3 2 4 5 1 -4 -4 2 5 -1 -14 -28 -35 -35 -32 -28 -26 -28 -32 -35 -34 -30 -31 -36 -36 -32 -27 -22 -16 -7 -5 -13 -21 -28 -32 -29 -23 -17 -10 -4 -4 -8 -9 -6 -2 3 12 20 14 -1 -8 -1 14 26 33 38 38 31 20 8 -2 -6 -7 -9 -8 -5 -2 3 10 18 24 22 6 -11 -6 11 17 26 38 28 6 -15 -30 -29 -16 -2 4 7 15 15 3 -4 2 11 13 9 1 -5 -3 3 6 3 -4 -6 3 17 29 34 29 17 2 -9 -6 8 17 7 -14 -24 -26 -30 -25 -10 1 4 3 1 2 5 4 2 3 5 8 13 21 24 6 -32 -80 -126 -140 -105 -49 -12 -1 -1 -2 0 3 4 6 6 -3 -9 -2 3 -6 -21 -41 -65 -80 -91 -100 -97 -84 -72 -65 -55 -48 -52 -68 -110 -158 -158 -121 -92 -66 -39 -21 -7 3 1 -5 -3 1 2 2 3 4 5 18 57 98 106 90 37 -65 -125 -92 -37 -10 -7 -8 -4 -4 1 13 19 30 38 15 -19 -26 -20 -23 -20 -8 1 0 -10 -15 -8 0 -5 -19 -21 -9 -3 -3 9 29 42 43 29 12 -4 -28 -41 -26 -9 -10 -9 -4 -19 -45 -46 -25 -11 -3 10 23 25 17 11 7 6 21 38 26 -4 -17 -20 -29 -28 -12 7 21 24 17 7 -2 -1 18 43 56 53 39 21 -2 -24 -32 -35 -37 -31 -22 -19 -29 -41 -40 -39 -42 -31 -10 -3 -1 16 15 -42 -125 -160 -134 -102 -78 -50 -32 -24 -16 -6 9 27 41 41 27 14 6 -2 -6 -5 -6 -10 -14 -16 -11 -3 -4 -15 -32 -53 -67 -67 -62 -62 -66 -65 -59 -58 -63 -63 -53 -42 -33 -19 -17 -39 -60 -71 -75 -68 -55 -42 -30 -17 -7 -6 -7 0 8 4 -1 14 35 32 9 -3 7 18 14 9 17 22 14 7 11 22 30 24 4 -7 -2 -7 -25 -28 -17 -15 -23 -35 -42 -33 -17 -12 -17 -16 -3 10 5 -22 -59 -89 -101 -102 -104 -108 -111 -114 -116 -109 -94 -87 -93 -91 -68 -40 -23 -14 -3 13 29 36 32 26 21 12 7 14 20 16 13 21 30 26 16 8 -4 -19 -30 -32 -22 -5 -4 -22 -24 -7 3 -4 -18 -20 -15 -17 -20 -19 -15 -5 13 33 45 
10 -5 -17 -22 -29 -37 -36 -15 15 30 37 45 45 36 25 18 15 11 4 -2 -4 -6 -10 -10 -6 -3 1 5 6 6 4 4 8 8 5 3 0 -4 -8 -10 -9 -7 -3 4 13 21 25 22 12 4 2 4 7 8 9 8 0 -11 -18 -20 -21 -24 -27 -27 -24 -21 -23 -31 -40 -44 -40 -30 -19 -14 -16 -20 -23 -23 -20 -16 -12 -7 0 9 18 24 29 32 25 5 -21 -41 -48 -44 -37 -27 -13 -4 -1 2 8 15 20 24 24 15 1 -7 -1 13 21 20 16 12 7 0 -7 -12 -14 -15 -17 -15 -9 -3 3 9 15 22 29 22 -1 -10 4 16 24 32 25 8 -7 -17 -18 -12 -4 5 17 29 26 4 -13 -13 -11 -12 -11 -13 -19 -24 -26 -25 -23 -19 -11 0 12 24 34 35 24 11 2 -3 2 10 4 -14 -27 -31 -32 -26 -12 1 5 1 -2 -1 -1 -2 -1 0 0 2 9 25 46 57 50 13 -55 -110 -114 -79 -38 -12 -1 3 4 4 5 5 0 -7 -10 -11 -20 -41 -68 -95 -117 -130 -133 -128 -123 -124 -128 -133 -131 -124 -134 -152 -158 -161 -161 -145 -108 -55 -11 2 -4 -7 -3 1 1 -1 -2 -1 0 1 3 7 33 82 111 109 83 13 -82 -120 -75 -24 -14 -17 -7 5 11 6 -7 5 27 7 -42 -63 -49 -44 -56 -54 -38 -26 -23 -25 -22 -9 5 7 1 -3 -3 2 12 23 26 7 -29 -50 -51 -55 -55 -33 -8 -1 3 10 7 -2 -4 6 20 30 39 44 37 20 5 -11 -32 -32 -7 9 8 16 32 32 24 29 42 48 42 26 6 -12 -19 -4 23 40 40 28 14 -2 -15 -12 -11 -27 -44 -48 -39 -29 -28 -35 -47 -57 -58 -50 -36 -23 -21 -33 -51 -73 -102 -121 -111 -79 -49 -35 -26 -14 -4 5 17 23 15 6 2 -5 -11 -9 -10 -17 -18 -20 -32 -46 -57 -69 -83 -91 -93 -98 -100 -96 -97 -102 -101 -91 -83 -84 -81 -68 -55 -44 -28 -19 -27 -37 -40 -34 -18 2 18 24 26 33 39 43 53 63 60 47 42 48 48 33 15 8 9 11 10 6 3 -2 -13 -23 -20 -6 0 -10 -20 -22 -24 -25 -19 -7 8 19 16 4 1 11 22 22 14 11 7 -15 -57 -103 -134 -147 -150 -147 -145 -150 -155 -154 -147 -135 -125 -118 -100 -69 -41 -25 -14 -1 13 27 33 27 19 11 -2 -10 -2 8 3 -11 -16 -10 -7 -17 -30 -29 -23 -25 -30 -30 -22 -14 -15 -17 -9 5 13 11 7 11 19 18 10 4 4 13 29 43 
4 -16 -29 -22 -7 4 13 27 40 41 38 38 34 25 17 9 0 -4 -3 -1 -1 -1 2 2 -1 0 3 4 4 2 -2 -2 1 0 -3 -5 -6 -5 -5 -6 -5 -4 -3 0 4 7 8 7 5 4 3 1 0 -1 -5 -11 -19 -30 -40 -47 -51 -51 -47 -41 -36 -32 -29 -27 -25 -21 -13 -1 11 15 11 2 -10 -18 -19 -16 -11 -3 8 19 28 34 37 37 32 21 5 -9 -15 -16 -16 -20 -27 -26 -15 -2 10 22 31 29 17 8 3 -1 1 5 3 -2 -6 -11 -16 -19 -20 -20 -21 -25 -28 -23 -12 -3 1 3 5 8 17 23 7 -14 -10 9 19 29 43 39 19 -3 -20 -26 -23 -14 0 14 18 10 4 6 8 10 15 18 13 -2 -20 -29 -28 -23 -17 -10 0 15 31 38 34 26 14 -5 -17 -11 -1 -2 -12 -25 -35 -34 -23 -10 -3 -3 -3 -3 -6 -8 -7 -5 -5 -5 0 12 35 70 100 91 30 -47 -95 -96 -63 -27 -2 7 3 2 7 8 4 4 4 -8 -34 -72 -116 -147 -159 -162 -152 -133 -128 -143 -160 -170 -181 -197 -211 -201 -158 -113 -88 -60 -19 11 21 14 0 -6 -2 2 -1 -4 -3 -1 0 0 0 -1 6 39 84 104 98 68 -16 -106 -108 -47 -5 -2 -7 0 10 15 11 0 -6 -14 -36 -49 -34 -20 -28 -33 -22 -6 3 1 -5 -4 10 23 18 -1 -13 -9 -5 1 15 14 2 3 10 1 -24 -33 -14 5 9 7 12 20 12 -3 -5 2 11 17 14 2 -14 -27 -40 -48 -29 8 32 41 48 43 22 10 11 11 6 -7 -27 -45 -52 -44 -25 -4 13 22 24 25 23 12 -6 -26 -42 -51 -55 -54 -57 -74 -93 -109 -130 -140 -118 -81 -61 -48 -11 27 18 -19 -31 -19 -14 -16 -12 -5 -2 -2 0 -4 -14 -11 -5 -14 -22 -19 -26 -40 -41 -43 -52 -63 -76 -81 -76 -60 -39 -32 -35 -38 -47 -61 -70 -75 -83 -88 -82 -68 -53 -38 -22 -7 4 10 18 33 51 66 74 71 64 67 75 80 85 88 82 68 55 50 52 50 33 9 -2 0 -6 -22 -24 -10 -5 -12 -12 2 20 29 21 3 -2 8 13 9 12 29 39 25 0 -12 -4 5 2 -7 -21 -46 -81 -108 -115 -123 -131 -107 -68 -51 -56 -70 -88 -100 -95 -76 -51 -31 -24 -24 -18 -10 -9 -9 -9 -12 -16 -23 -36 -44 -35 -20 -16 -24 -30 -21 -4 4 7 19 29 21 2 -11 -11 4 20 14 1 4 17 22 11 1 3 3 -5 -16 -24 -21 -9 1 
20 8 -3 2 22 40 47 47 42 33 25 19 12 6 5 4 -1 -2 2 4 3 1 -1 -2 0 3 4 6 10 13 16 14 5 0 -1 -2 -1 1 5 5 -3 -8 -8 -8 -9 -12 -16 -18 -17 -16 -15 -12 -9 -8 -10 -15 -22 -32 -41 -45 -47 -46 -39 -29 -22 -18 -11 -2 6 15 22 26 30 31 26 14 -3 -18 -26 -25 -17 -7 3 11 16 20 24 24 19 17 20 22 18 7 -6 -22 -39 -43 -34 -21 -7 7 19 22 17 15 16 15 13 9 2 -5 -12 -21 -28 -28 -25 -25 -29 -31 -26 -19 -13 -8 -4 -1 1 3 8 16 13 -5 -14 -1 12 23 43 48 31 7 -15 -22 -13 -3 2 7 15 25 30 31 34 34 32 35 36 26 12 6 9 10 4 1 5 15 32 48 54 52 41 15 -11 -15 -4 0 -10 -25 -35 -37 -31 -19 -8 -2 2 1 -5 -8 -7 -5 -5 -7 -6 -2 10 45 90 109 84 23 -43 -74 -62 -34 -10 1 1 1 4 5 5 10 9 -10 -43 -92 -155 -202 -208 -179 -138 -110 -104 -113 -128 -158 -218 -280 -286 -219 -121 -28 55 112 118 79 31 5 2 4 2 -2 -4 -4 -4 -4 -3 -2 -3 -1 0 10 54 93 88 63 19 -59 -112 -77 -8 17 1 -12 -5 20 44 35 22 42 65 55 27 13 11 5 0 3 4 -7 -26 -42 -43 -28 -19 -26 -30 -21 -11 1 20 34 43 47 41 26 -4 -31 -25 -3 2 -6 -6 -3 -19 -41 -41 -27 -13 1 15 22 13 2 -2 -12 -12 16 41 34 16 2 -16 -27 -24 -11 5 13 11 4 -4 -11 -10 5 26 41 46 45 30 -11 -54 -71 -72 -80 -101 -124 -141 -152 -154 -153 -160 -161 -137 -87 -25 31 77 105 105 84 55 26 4 -8 -15 -19 -21 -25 -31 -32 -25 -14 -6 -12 -27 -37 -51 -68 -72 -69 -65 -62 -57 -40 -16 4 15 19 17 8 -4 -17 -31 -48 -64 -68 -64 -57 -42 -22 -7 5 18 27 35 45 54 57 53 50 52 58 65 67 64 59 52 47 44 39 38 41 33 12 -4 -5 -4 -12 -13 1 12 12 9 9 19 36 35 12 -4 -5 -12 -27 -29 -12 7 9 -7 -22 -21 -5 11 11 -2 -20 -37 -45 -42 -41 -37 -8 24 29 16 0 -21 -31 -12 16 32 29 11 -6 -14 -21 -31 -37 -33 -20 -8 -5 -7 -9 -9 -3 5 6 2 4 16 31 42 46 39 19 -7 -26 -31 -20 -4 -5 -18 -22 -11 2 0 -13 -22 -24 -26 -30 -31 -26 -17 -10 
23 28 28 27 34 44 46 42 36 24 10 -1 -10 -15 -14 -6 4 8 8 7 5 2 -2 -3 -1 0 2 7 12 17 22 20 11 3 -3 -8 -12 -15 -14 -12 -14 -16 -16 -17 -20 -25 -32 -41 -47 -44 -35 -24 -14 -9 -8 -9 -12 -17 -20 -17 -12 -8 -4 0 2 2 5 12 19 22 21 21 23 25 24 17 7 -4 -13 -14 -7 4 13 17 19 20 21 21 16 11 13 16 13 6 -3 -9 -10 -13 -19 -22 -19 -12 -4 3 9 16 21 20 16 13 10 2 -10 -20 -25 -22 -13 -7 -9 -11 -7 -4 -6 -10 -10 -4 3 8 9 12 21 14 -9 -14 -2 7 16 27 33 29 18 12 16 22 22 19 23 34 40 37 34 31 25 25 30 33 35 35 34 32 26 18 10 6 13 27 34 25 5 -14 -29 -35 -28 -20 -24 -27 -18 -15 -17 -11 -2 3 3 0 -3 -3 0 2 0 -3 -3 -1 4 22 59 102 124 103 45 -10 -31 -29 -23 -14 -3 2 -1 -6 -6 -2 -6 -23 -50 -96 -165 -232 -232 -130 -2 70 87 66 9 -72 -174 -277 -306 -227 -91 46 150 187 150 80 22 -2 -1 2 -1 -4 -2 -1 -3 -4 -4 -3 -2 0 -1 0 31 80 100 83 52 -3 -76 -99 -57 -9 3 -7 -11 -4 13 29 38 60 88 78 30 1 6 4 -12 -29 -48 -69 -87 -98 -100 -87 -66 -51 -43 -34 -18 0 12 23 29 11 -16 -20 -15 -28 -39 -26 -10 -7 -9 -14 -25 -32 -24 -10 0 13 34 50 47 29 13 1 -13 -9 14 19 4 -1 3 0 -2 11 33 50 58 55 40 21 10 15 31 43 42 29 1 -42 -78 -89 -90 -101 -116 -126 -130 -121 -101 -81 -64 -49 -38 -12 42 94 122 130 130 118 83 42 13 -9 -27 -36 -41 -48 -54 -46 -29 -23 -18 -16 -35 -59 -70 -78 -89 -91 -82 -63 -34 -5 17 26 27 33 37 33 29 24 11 -2 -1 8 10 7 12 25 32 32 34 34 30 28 25 16 4 -1 5 14 23 28 23 14 11 15 19 19 17 17 21 23 13 1 5 15 12 1 -1 2 -6 -22 -26 -11 2 -3 -17 -29 -41 -47 -41 -30 -10 15 26 19 8 6 10 12 11 10 10 9 12 34 71 92 79 46 24 24 28 31 44 60 61 44 24 10 -4 -11 -9 -12 -10 6 20 24 25 22 12 8 15 21 17 7 2 7 14 9 -6 -20 -32 -43 -51 -55 -49 -34 -28 -33 -29 -11 4 5 0 -1 -1 -3 -4 -3 1 6 
-2 14 29 36 41 48 54 54 46 31 13 -2 -11 -15 -15 -6 10 18 18 19 19 16 14 12 7 3 0 -3 -3 0 3 5 5 -1 -12 -24 -34 -40 -44 -38 -21 -13 -14 -14 -16 -20 -24 -27 -27 -23 -17 -11 -6 -5 -7 -7 -5 -3 1 8 15 18 17 14 10 7 5 6 9 7 1 -2 0 5 10 12 12 12 12 9 4 6 15 22 23 21 20 17 9 1 -4 -4 4 17 30 39 40 30 13 -3 -13 -16 -15 -13 -10 -4 2 3 0 -1 2 4 2 -2 -2 6 19 29 31 24 13 6 0 -7 -9 -3 6 15 18 15 22 21 -6 -24 -15 -4 3 20 42 53 47 31 15 9 11 11 15 26 33 31 28 32 36 33 29 30 33 30 20 14 14 6 -10 -22 -27 -27 -26 -33 -43 -40 -30 -20 -3 17 28 28 23 14 5 3 5 5 1 -2 -1 1 4 7 7 5 4 4 4 10 36 83 125 128 86 32 -2 -17 -23 -18 -5 3 -1 -5 0 1 -8 -17 -27 -58 -116 -155 -107 23 148 212 235 234 198 134 46 -64 -140 -119 -11 109 161 131 74 34 13 3 -4 -10 -9 -3 0 1 2 1 -1 -2 -1 -3 -4 3 16 53 104 112 74 31 -23 -87 -99 -48 -2 7 -3 -13 -1 25 27 14 16 22 17 10 5 -5 -20 -39 -63 -83 -91 -85 -72 -63 -50 -35 -36 -45 -39 -21 -5 15 29 9 -25 -28 -10 -16 -39 -36 -11 7 10 6 8 10 4 3 6 9 20 30 25 4 -14 -21 -38 -48 -23 9 21 32 47 42 23 11 8 6 0 -10 -23 -36 -42 -33 -13 3 5 1 -1 -6 -13 -24 -44 -60 -54 -29 -1 22 38 49 62 72 64 47 44 58 81 104 114 104 83 59 31 5 -14 -26 -32 -34 -33 -28 -27 -35 -31 -20 -33 -58 -60 -59 -81 -93 -79 -48 -7 26 40 44 54 70 81 85 89 91 82 74 82 92 90 81 76 77 73 65 61 56 47 37 26 12 -3 -14 -18 -14 -3 7 6 0 3 7 5 6 2 -5 5 23 21 -1 -9 6 6 -16 -24 -16 -21 -36 -37 -20 4 20 19 7 -1 4 10 6 11 33 48 40 18 -2 -11 -6 10 30 45 54 63 78 100 113 102 78 68 78 88 87 84 85 82 72 66 65 58 51 46 31 15 8 -1 -15 -26 -33 -39 -40 -30 -15 -8 -14 -25 -24 -13 -11 -13 -7 2 3 -7 -21 -23 -4 11 3 -9 -4 12 21 21 20 18 12 3 -5 -8 -8 
-30 0 35 57 68 74 72 59 44 33 20 8 6 9 8 10 19 25 26 25 21 14 9 7 2 -7 -16 -21 -20 -16 -11 -5 -3 -8 -18 -30 -38 -38 -34 -30 -22 -10 -1 6 12 12 11 17 23 17 1 -12 -17 -20 -21 -16 -9 -4 0 5 11 16 17 12 8 8 5 3 7 11 14 14 7 0 -2 -1 1 3 3 1 0 -1 -2 0 6 13 13 11 14 11 3 2 7 15 27 35 32 23 13 4 -6 -16 -20 -18 -13 -7 1 7 3 -8 -16 -19 -21 -19 -11 -1 8 17 27 28 17 7 1 -3 -4 -3 -1 5 18 27 26 25 16 -8 -16 -4 2 10 26 38 41 32 13 0 1 5 10 19 27 30 28 28 30 24 12 2 -4 -8 -12 -19 -28 -32 -32 -31 -29 -26 -21 -11 2 13 25 33 37 49 66 64 39 19 10 4 2 2 1 0 1 2 1 1 4 6 3 -2 -5 -2 18 59 106 128 106 54 6 -15 -17 -10 0 2 -2 0 5 1 -2 5 8 1 -14 -11 39 91 107 115 135 167 199 209 201 177 120 67 66 89 84 48 15 2 1 1 -5 -12 -7 4 5 1 0 1 4 5 0 -6 -6 -2 6 32 80 113 91 43 0 -54 -92 -72 -21 9 8 -3 1 26 41 27 20 45 68 60 36 17 8 8 8 -7 -40 -67 -72 -66 -52 -39 -46 -66 -75 -60 -25 12 34 40 36 29 36 40 16 -7 -10 0 12 15 13 5 -13 -26 -26 -26 -25 -13 -3 -7 -12 -8 -6 -15 -15 11 35 32 17 2 -18 -39 -46 -38 -30 -28 -34 -45 -45 -38 -35 -23 -1 10 13 28 46 47 38 40 52 63 77 86 78 70 68 55 43 41 38 43 64 94 109 100 82 53 27 22 17 4 1 6 0 -13 -17 -15 -12 -8 -8 -17 -27 -31 -33 -26 -2 27 49 69 88 101 110 116 117 112 105 103 108 112 109 105 102 96 87 77 70 67 66 66 59 39 16 0 -10 -20 -30 -31 -23 -12 -2 3 3 1 0 0 -1 -2 0 5 10 5 -6 -4 4 2 -7 -13 -12 -9 -8 -2 19 44 48 32 21 16 5 -6 -11 -6 6 9 -5 -20 -19 -7 10 34 66 101 125 129 124 125 137 158 167 145 116 107 104 93 87 99 114 109 97 87 65 36 5 -23 -36 -35 -29 -27 -33 -43 -45 -30 -10 -5 -11 -11 -4 6 19 33 46 48 31 8 -4 0 13 18 5 -11 -7 8 7 -7 -11 -5 -9 -27 -43 -48 
-9 16 52 78 85 77 60 41 27 20 15 11 11 12 11 8 6 9 13 11 5 0 -4 -10 -20 -30 -35 -34 -29 -24 -18 -10 -4 0 3 4 3 4 10 7 -4 -1 10 19 28 32 34 32 22 12 0 -12 -17 -19 -18 -14 -9 -2 3 5 7 9 10 9 9 10 8 6 8 11 15 18 14 7 2 1 3 4 3 2 3 2 -4 -10 -9 -3 -3 -4 2 5 6 8 5 1 1 10 23 25 18 7 -10 -29 -42 -42 -32 -22 -12 -3 -2 -9 -17 -24 -29 -24 -13 -4 3 10 19 28 32 28 20 12 5 1 0 2 13 25 22 20 22 3 -17 -16 -13 -10 1 17 33 40 34 21 11 8 7 6 8 9 4 -7 -19 -24 -24 -24 -25 -27 -28 -27 -23 -16 -8 0 8 15 21 29 35 35 34 29 21 23 34 41 39 33 25 15 8 5 4 4 4 3 0 -2 0 2 -1 -4 -2 2 13 39 76 104 100 55 -6 -39 -40 -26 -11 -6 -1 5 2 -3 2 16 29 47 70 68 37 -1 -23 -12 10 35 74 125 192 237 199 96 9 -27 -33 -26 -18 -19 -24 -27 -27 -25 -23 -15 -2 3 1 0 1 2 0 1 3 -1 2 17 46 84 94 59 8 -33 -63 -71 -45 -8 12 9 -8 -9 22 50 50 47 57 56 36 20 13 15 28 30 3 -46 -89 -103 -99 -95 -94 -89 -74 -53 -29 -5 15 37 53 43 23 16 10 -4 -15 -14 -11 -20 -31 -33 -36 -42 -36 -23 -16 -4 18 36 36 25 22 15 -3 -3 17 20 0 -18 -33 -47 -46 -26 1 24 33 26 19 12 4 14 40 48 36 37 43 42 57 89 104 82 46 24 19 27 29 13 9 30 51 65 80 92 91 80 67 44 20 16 23 27 28 25 18 8 3 11 18 19 23 21 5 5 34 60 79 94 96 98 110 116 108 99 92 84 75 69 73 78 75 72 71 67 59 50 46 47 50 53 49 34 12 -9 -24 -34 -38 -38 -37 -30 -17 -7 -6 -6 -2 -1 1 5 3 -1 4 14 11 -1 2 15 11 -5 -7 -1 -8 -20 -18 -3 7 1 -14 -29 -40 -45 -46 -39 -21 -4 1 -4 -9 -6 6 27 59 97 129 151 159 149 141 153 162 143 119 106 85 58 41 41 47 41 33 32 28 20 9 -2 -1 12 25 31 31 24 13 11 18 23 25 24 22 28 37 38 30 15 -4 -23 -38 -44 -35 -18 -13 -22 -25 -11 0 -9 -18 -14 -11 -18 -29 -35 
26 27 41 60 63 46 30 23 16 13 15 14 7 -2 -6 -11 -17 -11 -3 -4 -4 2 5 -3 -16 -24 -27 -28 -28 -26 -21 -15 -7 5 18 25 23 14 3 0 5 9 10 10 12 17 24 26 20 16 15 10 1 -8 -15 -21 -23 -16 -7 -6 -12 -18 -20 -16 -8 -3 0 3 3 1 -1 0 6 10 9 7 5 4 3 1 -1 -3 -5 -7 -9 -10 -7 -1 5 13 21 23 21 20 21 28 39 43 36 18 -7 -31 -48 -50 -39 -29 -23 -17 -13 -11 -9 -7 -3 4 13 23 31 35 36 37 36 29 19 9 1 -3 -2 0 -2 -2 1 3 6 4 -8 -15 -8 1 10 23 33 34 27 12 -5 -13 -16 -19 -22 -26 -29 -32 -33 -28 -18 -6 2 4 3 7 17 22 22 21 20 19 17 15 14 14 13 14 20 29 38 48 57 55 43 29 17 9 5 5 6 5 4 3 1 0 0 -1 -1 2 5 13 33 53 54 24 -30 -77 -88 -64 -36 -20 -7 -1 -3 0 6 16 42 83 121 107 15 -81 -105 -74 -39 -11 28 77 127 160 131 28 -80 -124 -114 -90 -73 -77 -102 -124 -117 -84 -52 -31 -13 -1 2 -1 -5 -3 3 8 10 8 4 6 26 61 91 82 27 -27 -53 -63 -58 -30 -1 10 4 -12 -4 27 30 0 -15 -3 10 14 3 -15 -13 12 39 36 1 -29 -43 -45 -35 -21 -8 -7 -17 -15 2 22 37 30 -9 -37 -28 -26 -40 -45 -46 -53 -52 -39 -28 -20 -11 6 21 20 27 48 45 14 -9 -15 -23 -28 -6 25 33 28 25 22 14 6 10 22 32 34 22 6 4 15 27 35 38 36 32 33 48 71 81 73 53 30 24 28 21 10 -1 -15 -21 -13 4 15 7 -9 -13 -1 6 1 10 32 36 24 28 41 39 34 32 30 31 33 35 43 59 73 82 86 85 81 74 67 61 55 50 48 48 46 40 36 38 38 34 31 29 27 25 28 35 38 40 42 37 22 1 -14 -19 -24 -30 -31 -27 -19 -8 0 1 0 0 0 1 3 5 12 15 2 -5 5 10 1 -8 -15 -27 -38 -45 -40 -16 5 0 -12 -12 -14 -17 -9 7 24 37 35 16 1 3 18 38 60 87 111 116 97 68 51 53 64 73 60 25 0 -13 -28 -32 -12 4 3 11 25 35 42 42 37 31 25 24 26 17 -2 -14 -11 -3 -2 -6 -6 -1 0 -11 -26 -28 -27 -39 -51 -51 -39 -22 -14 -21 -18 7 20 11 1 3 13 17 14 
15 5 5 16 21 17 15 14 10 10 13 14 11 4 -3 -11 -15 -7 1 1 2 8 13 14 14 10 2 -7 -17 -23 -24 -22 -16 -7 1 3 -1 -10 -21 -20 -8 -5 -11 -16 -17 -10 4 22 38 42 36 25 8 -11 -25 -26 -16 -7 -3 -6 -15 -21 -20 -19 -21 -19 -12 -4 3 7 7 7 9 9 7 4 -1 -7 -12 -13 -11 -13 -18 -20 -20 -17 -8 3 13 23 27 21 14 13 16 18 19 23 26 22 12 2 -3 0 9 15 16 14 8 0 -7 -8 -1 8 15 19 21 22 19 11 1 -8 -14 -16 -17 -19 -18 -17 -20 -17 -6 6 17 21 12 3 6 8 4 3 4 -1 -12 -22 -27 -27 -25 -22 -17 -12 -9 -3 8 16 20 24 27 29 31 29 22 18 19 20 20 20 19 18 20 24 29 36 43 49 54 53 46 37 25 12 2 -3 -3 0 4 6 5 3 1 0 -1 -5 -9 -9 -8 -4 9 21 14 -14 -61 -117 -138 -103 -52 -21 -11 -12 -11 -4 2 12 41 89 136 141 58 -70 -134 -115 -70 -31 3 27 42 65 57 -31 -152 -220 -215 -183 -161 -154 -161 -169 -155 -116 -76 -48 -25 -9 -1 2 1 1 4 5 4 5 3 1 15 53 99 111 67 -2 -53 -73 -67 -41 -19 -8 7 12 3 1 11 13 -12 -32 -14 11 16 8 3 19 57 96 110 94 70 64 77 80 50 9 -9 -7 1 18 41 47 27 14 20 4 -36 -57 -52 -48 -56 -65 -58 -37 -25 -17 -6 -7 -10 1 9 -2 -16 -22 -28 -29 -13 16 40 50 55 56 45 27 17 16 18 20 10 -5 -9 -8 -6 9 27 30 44 75 82 57 34 29 24 5 -24 -59 -83 -85 -97 -120 -121 -110 -95 -74 -65 -71 -74 -54 -22 -6 2 12 14 13 23 42 55 55 46 37 37 45 53 49 35 30 34 35 31 24 16 16 24 25 21 21 23 22 17 13 11 9 7 5 4 3 2 6 15 23 31 42 51 53 47 34 16 -3 -19 -30 -34 -29 -16 -4 0 0 0 0 0 2 6 13 20 16 8 9 14 13 4 -6 -10 -11 -15 -11 14 44 54 43 27 15 6 2 5 14 27 31 16 -6 -18 -13 4 24 43 56 57 47 33 24 24 27 27 24 18 9 0 -9 -5 26 51 43 30 29 28 23 17 10 1 -12 -23 -25 -32 -47 -52 -43 -31 -30 -41 -48 -41 -26 -13 -2 13 24 18 0 -14 -11 5 14 6 -6 -4 9 16 13 10 12 13 10 
3 -11 -20 -13 -2 4 8 8 3 1 4 8 11 11 6 -4 -11 -8 -1 3 5 7 9 15 23 22 11 -4 -19 -31 -38 -37 -30 -24 -18 -10 -4 0 4 1 -12 -25 -35 -41 -38 -26 -10 4 15 23 27 27 23 16 10 11 17 19 16 11 6 4 7 5 -6 -8 -1 4 8 10 8 1 -7 -6 2 9 13 13 13 15 13 3 -11 -24 -35 -40 -36 -28 -19 -11 -10 -14 -15 -11 -6 -3 1 8 17 26 32 37 42 42 38 37 37 31 21 12 5 3 8 15 17 12 5 -2 -12 -20 -22 -24 -27 -27 -25 -24 -23 -20 -15 -9 -1 10 20 23 15 1 -11 -20 -26 -27 -24 -21 -20 -16 -8 -2 4 11 17 24 31 34 32 28 23 17 13 12 13 15 18 22 27 34 41 47 52 53 49 45 44 43 39 31 22 16 12 7 0 -6 -8 -6 -2 1 3 4 3 1 0 -1 -3 -3 0 3 3 2 5 7 -2 -28 -80 -144 -173 -144 -83 -30 -9 -8 -3 3 5 10 27 65 115 143 97 -23 -124 -143 -108 -75 -69 -60 -34 -16 -26 -89 -190 -256 -254 -224 -200 -176 -154 -141 -125 -99 -73 -51 -29 -11 1 7 6 2 1 -1 -4 0 1 -5 -4 20 68 109 103 43 -32 -78 -79 -50 -21 -8 -1 9 7 -2 10 33 29 -1 -22 -17 10 38 44 40 52 85 116 113 81 56 61 74 55 17 0 1 3 12 30 45 49 41 29 21 8 -14 -33 -51 -84 -116 -115 -92 -75 -63 -44 -26 -22 -18 1 20 22 10 0 -2 -4 7 33 42 34 27 23 24 30 37 41 41 35 28 23 12 1 13 39 50 59 71 57 14 -25 -54 -88 -110 -119 -129 -130 -120 -118 -121 -118 -122 -126 -113 -91 -72 -57 -43 -26 -7 -1 -11 -15 -5 2 6 21 40 54 62 62 53 37 21 10 2 -7 -15 -20 -22 -21 -18 -14 -11 -8 -4 0 3 3 0 -3 -3 -2 -3 -4 -3 -1 0 1 4 11 24 39 51 58 55 40 20 -1 -22 -38 -43 -36 -22 -8 -1 1 3 3 2 4 8 16 25 21 9 10 21 18 11 20 25 15 4 5 19 33 28 5 -12 -20 -30 -40 -40 -26 -6 3 -9 -26 -26 -9 10 22 34 49 55 51 46 46 50 51 52 51 35 7 -21 -33 -20 -2 3 2 2 -1 -7 -11 -14 -19 -20 -14 -9 -10 -14 -14 -7 3 5 -4 -11 -9 2 19 32 35 31 19 -3 -23 -26 -12 3 6 -10 -30 -23 -2 5 0 -7 -11 -12 
1 -11 -24 -20 -4 5 3 -2 -4 -4 -1 6 12 13 9 1 -11 -20 -17 -7 -2 -3 -1 6 10 8 1 -10 -21 -29 -32 -33 -35 -36 -33 -24 -12 -1 6 3 -9 -21 -30 -33 -26 -13 -3 -3 -7 -2 10 20 27 32 34 25 8 -1 -4 -7 -7 -4 -1 5 15 21 23 23 18 9 0 -10 -18 -14 -1 11 19 23 24 22 15 5 -4 -13 -24 -34 -36 -29 -20 -13 -8 -3 5 14 18 15 10 9 13 21 30 36 39 36 29 28 30 28 24 21 20 22 27 29 23 12 1 -10 -22 -30 -32 -33 -34 -33 -33 -35 -35 -33 -30 -25 -18 -9 1 9 12 7 -4 -11 -12 -12 -9 -1 8 13 14 16 20 22 21 22 26 24 16 11 10 11 14 18 22 28 35 39 41 43 43 41 41 40 35 31 28 23 16 6 -5 -8 -4 -4 -7 -7 -4 0 3 3 0 -2 -1 0 0 -1 -2 0 4 7 8 9 12 16 21 11 -33 -93 -137 -145 -112 -56 -13 3 7 6 4 6 15 42 90 134 123 28 -106 -198 -209 -181 -165 -146 -114 -80 -38 -17 -48 -99 -131 -141 -138 -128 -116 -103 -84 -53 -15 5 0 -3 2 5 6 4 1 -2 -5 -3 1 -2 -8 0 32 80 110 82 7 -63 -91 -73 -27 4 0 -2 9 13 8 8 26 38 15 -18 -21 5 30 39 44 50 57 71 74 56 44 50 57 45 18 1 0 7 17 28 38 23 -12 -15 4 -9 -47 -70 -81 -93 -96 -89 -75 -57 -36 -12 2 4 15 38 46 31 16 8 -8 -16 3 22 27 30 38 49 53 46 34 22 13 12 12 2 -8 0 25 46 36 -3 -34 -48 -70 -92 -95 -87 -66 -32 -13 -19 -18 -17 -48 -89 -117 -124 -107 -79 -54 -42 -31 -11 -4 -16 -21 -13 -15 -22 -10 12 31 44 46 38 24 11 2 -12 -34 -52 -57 -51 -40 -33 -32 -28 -20 -13 -7 0 6 6 2 0 0 0 1 4 7 5 -1 -3 -1 2 8 16 25 36 44 41 26 3 -22 -39 -42 -31 -14 -4 0 3 4 3 2 1 4 16 20 9 6 16 19 15 16 14 3 -13 -27 -28 -16 -7 -10 -15 -19 -28 -38 -39 -27 -2 23 25 9 -3 0 13 21 24 29 30 22 11 8 18 33 43 43 25 -12 -48 -65 -64 -48 -27 -16 -11 -6 -3 1 7 10 13 18 17 11 2 -12 -26 -35 -32 -17 -5 -1 2 7 8 -4 -22 -34 -44 -54 -57 -51 -38 -23 -18 -21 -14 2 12 10 2 -1 2 
4 -8 -24 -32 -22 -6 -4 -7 -2 0 -1 5 13 14 8 0 -11 -24 -25 -13 -7 -9 -6 2 7 8 7 2 -5 -8 -9 -13 -20 -27 -30 -26 -17 -11 -12 -9 0 0 -6 -7 -4 -3 -9 -15 -13 -6 3 10 12 13 14 11 6 4 5 10 17 20 19 21 28 31 28 23 14 0 -13 -18 -16 -10 -1 8 14 15 11 6 3 3 7 10 8 3 0 -4 -12 -11 -1 8 16 21 19 12 5 1 1 5 12 17 17 16 16 16 14 10 7 5 4 5 6 3 -5 -15 -24 -33 -43 -51 -56 -60 -61 -58 -56 -53 -45 -41 -43 -40 -31 -20 -7 8 21 26 26 26 25 23 21 21 24 24 19 15 13 12 12 12 12 14 19 25 32 40 47 52 55 53 46 40 35 28 19 10 3 -2 -3 -1 -1 -3 -3 0 2 1 -1 -3 -4 -4 -4 -3 0 1 -2 -4 -3 -1 -1 -2 -1 0 -1 -3 -3 0 4 14 37 62 65 32 -32 -100 -126 -90 -33 -2 2 -2 -3 0 6 24 65 120 150 107 -18 -159 -230 -227 -196 -165 -136 -74 37 148 197 167 90 23 2 17 51 84 92 76 54 37 24 14 6 2 3 3 1 3 5 1 1 4 1 1 15 52 101 114 66 -15 -83 -103 -67 -12 11 6 8 15 3 -17 -11 18 32 12 -20 -33 -20 7 32 41 44 64 90 96 79 60 60 60 34 2 -10 -4 7 16 26 24 -5 -28 -17 -9 -27 -33 -14 -8 -32 -56 -51 -32 -22 -13 1 7 7 14 19 11 -4 -19 -33 -40 -28 2 34 57 72 73 51 17 -10 -31 -47 -46 -37 -35 -30 -23 -16 1 -1 -35 -60 -62 -71 -76 -45 -7 12 26 36 31 25 27 18 -7 -39 -63 -66 -55 -45 -48 -52 -40 -26 -20 -16 -14 -18 -21 -15 -8 -4 1 10 23 34 32 13 -14 -44 -71 -84 -81 -69 -57 -48 -39 -30 -24 -20 -15 -7 0 1 -1 -3 -3 -1 0 0 -1 -2 0 2 -1 -6 -6 0 13 31 43 44 32 8 -17 -30 -25 -13 -5 1 3 2 2 1 -1 0 8 16 15 9 8 16 17 2 -10 -12 -14 -19 -19 -7 14 31 31 21 12 5 2 4 12 27 40 35 11 -7 -5 2 -1 -9 -12 -17 -29 -37 -29 -9 7 13 11 -2 -17 -25 -35 -36 -17 1 10 17 21 24 26 23 12 -6 -22 -31 -38 -53 -79 -102 -99 -70 -45 -38 -39 -35 -24 -20 -17 0 16 16 2 -16 -20 -3 18 23 14 10 17 21 18 18 22 
19 4 -19 -37 -32 -12 -1 3 7 4 1 6 13 13 3 -5 -8 -16 -19 -9 -2 -5 -5 3 10 12 11 8 5 2 -2 -3 -2 -3 -2 6 19 27 25 22 21 17 12 9 4 -9 -27 -34 -24 -13 -7 -2 1 2 2 5 11 17 25 36 45 47 44 35 23 18 16 11 3 -7 -15 -19 -18 -11 0 11 19 23 24 23 22 25 31 34 30 21 12 2 -6 -4 5 14 18 15 7 -3 -11 -15 -14 -8 1 9 11 10 9 5 -2 -12 -23 -31 -35 -39 -45 -49 -53 -60 -67 -71 -74 -74 -70 -70 -71 -67 -59 -47 -33 -19 -7 0 3 4 7 15 23 21 12 11 16 19 19 18 19 23 28 29 28 29 32 35 36 40 48 53 53 49 42 33 23 14 9 9 10 9 8 8 7 6 6 4 0 -4 -6 -3 3 5 2 0 0 -1 -4 -7 -8 -7 -4 -2 -3 -4 -4 -3 -1 2 3 -1 -4 -4 -2 10 36 76 112 103 38 -54 -118 -113 -66 -26 -10 -9 -8 -5 -3 9 40 83 133 162 116 10 -78 -119 -129 -124 -103 -39 74 204 302 326 278 220 202 212 234 252 237 181 112 62 35 20 9 1 -2 0 2 6 10 4 1 8 10 7 10 31 75 113 99 28 -56 -106 -98 -41 10 15 4 6 14 13 -3 -15 -3 21 24 0 -19 -12 8 33 52 45 35 39 32 12 7 22 27 6 -17 -19 -5 12 28 47 46 18 18 47 54 43 37 19 -28 -71 -73 -53 -46 -43 -26 -11 -11 -14 -11 -9 -17 -29 -32 -32 -34 -23 -4 9 19 21 5 -23 -52 -78 -95 -94 -82 -73 -60 -46 -41 -28 -1 18 13 -6 -20 -24 -2 42 50 26 33 64 71 59 58 59 46 24 5 -7 -20 -43 -66 -64 -41 -19 -9 -10 -10 -13 -23 -22 -9 4 16 26 31 33 29 10 -20 -49 -67 -70 -64 -57 -51 -44 -37 -33 -32 -30 -24 -13 -1 3 1 0 -1 -3 -4 -4 -3 1 6 7 4 3 7 10 12 21 32 30 12 -10 -24 -23 -12 -3 2 4 3 1 0 2 5 7 13 20 16 7 14 26 20 10 10 15 17 15 18 32 45 38 20 8 0 -9 -19 -27 -22 -1 9 -6 -22 -20 -7 -4 -11 -10 -7 -13 -21 -21 -12 3 23 40 45 41 25 -11 -42 -32 3 22 24 22 15 3 -11 -27 -45 -56 -52 -39 -34 -43 -52 -49 -35 -21 -20 -28 -24 -1 25 41 52 65 67 43 7 -12 -4 15 19 1 -17 -18 -10 -5 -2 2 
10 3 -10 -27 -33 -15 4 5 3 3 1 1 6 12 11 5 -1 -9 -17 -15 -4 3 3 1 3 11 18 19 15 8 1 -4 -5 0 7 13 20 29 37 35 22 11 7 1 -9 -14 -14 -14 -14 -17 -22 -22 -17 -14 -15 -13 -5 4 11 17 24 29 26 20 15 8 3 -1 -3 3 8 5 1 -1 -1 4 13 23 31 30 24 25 28 28 27 25 21 19 23 25 25 27 25 17 8 -2 -13 -20 -25 -29 -28 -24 -23 -28 -35 -39 -38 -35 -36 -43 -55 -68 -77 -80 -80 -79 -76 -69 -57 -46 -40 -35 -29 -23 -14 -2 6 15 25 24 19 15 10 8 6 0 -5 -3 2 6 12 19 24 31 40 44 43 41 40 39 36 32 29 27 23 15 6 0 -3 0 6 5 1 2 8 13 13 12 11 8 5 3 1 0 0 0 0 0 1 3 3 -1 -6 -8 -9 -10 -9 -9 -10 -7 1 7 6 3 2 3 2 1 13 47 95 124 96 19 -50 -77 -70 -43 -16 -3 -1 -3 -1 4 18 51 103 165 200 176 106 41 14 17 47 98 160 232 290 308 296 278 262 242 218 195 167 129 90 53 20 2 -2 -1 0 0 0 0 1 2 1 2 4 1 -1 12 48 97 114 68 -7 -75 -112 -89 -26 16 14 0 2 13 12 -6 -20 -9 15 20 5 -5 -6 4 22 23 8 -5 -14 -24 -35 -29 -9 -8 -21 -23 -13 3 21 36 44 35 13 16 49 64 48 32 23 5 -26 -56 -66 -59 -44 -28 -21 -17 -11 -6 -9 -17 -23 -37 -56 -62 -56 -52 -52 -50 -50 -60 -75 -83 -88 -95 -86 -55 -31 -20 -6 7 30 63 75 64 59 61 54 59 79 88 92 103 104 87 74 68 58 41 21 2 -23 -44 -53 -57 -47 -25 -12 -12 -10 -7 -17 -29 -28 -17 -5 3 8 15 19 14 6 -9 -27 -39 -48 -50 -42 -33 -33 -36 -31 -23 -19 -15 -8 -2 -1 -4 -5 -2 -1 -2 0 0 -5 -3 6 5 1 3 2 2 6 11 10 -3 -17 -22 -16 -7 -7 -8 -3 0 1 3 3 3 9 18 20 13 6 13 23 14 7 16 17 3 -6 2 13 10 -5 -22 -36 -48 -59 -66 -62 -42 -14 1 -8 -20 -11 7 11 6 5 6 2 -2 5 24 44 52 53 45 11 -32 -52 -49 -34 -13 -5 -15 -15 -6 -8 -5 7 10 11 17 22 27 26 14 3 2 5 5 5 12 28 41 39 27 11 -8 -25 -34 -37 -34 -20 -7 -13 -26 -19 0 0 -16 
25 15 0 -19 -33 -24 -3 4 1 1 0 -2 1 9 18 17 5 -6 -15 -19 -11 1 4 0 3 15 26 29 25 19 11 3 1 4 6 5 5 11 22 32 35 31 25 13 -2 -7 -5 -8 -18 -27 -32 -33 -29 -22 -15 -8 1 9 15 20 25 29 26 19 12 2 -5 -5 0 10 18 21 21 14 4 1 6 14 20 21 19 19 19 17 18 22 23 21 18 13 7 1 -5 -14 -25 -32 -35 -37 -43 -53 -60 -64 -68 -73 -77 -76 -70 -59 -47 -42 -44 -47 -49 -48 -40 -29 -20 -11 1 8 7 11 18 21 24 27 25 18 10 4 5 10 13 15 13 14 25 32 32 32 33 35 36 34 30 27 25 22 17 11 6 1 -4 -4 0 3 5 8 13 19 21 15 7 5 7 7 5 3 1 0 0 1 3 4 4 5 6 5 4 3 1 -1 -4 -7 -9 -10 -8 -4 -2 -1 4 6 2 1 2 4 4 -1 0 20 67 126 152 122 60 -3 -42 -44 -26 -10 -3 -1 2 0 0 29 85 146 207 247 237 208 201 213 236 251 249 245 231 202 180 159 127 100 79 59 42 27 14 5 0 -3 -2 3 6 4 1 -3 -5 0 2 0 1 -1 -4 2 25 74 124 124 63 -32 -118 -144 -96 -26 6 1 -11 -14 -7 -1 -5 -17 -22 -15 -10 -11 -14 -18 -13 5 18 15 7 1 -10 -15 -3 7 4 -7 -16 -13 -2 7 17 18 -8 -21 14 56 74 92 108 82 16 -45 -66 -59 -50 -37 -26 -31 -40 -38 -37 -44 -51 -67 -91 -100 -89 -71 -56 -43 -31 -30 -36 -31 -20 -19 -17 -1 4 -10 -17 -15 -7 12 34 55 79 92 74 51 60 76 69 62 71 78 74 64 51 36 16 -13 -43 -59 -70 -88 -87 -55 -21 -4 1 -1 -12 -29 -43 -44 -33 -18 -2 4 -2 0 7 1 -6 -6 -12 -20 -19 -17 -23 -29 -28 -26 -25 -20 -11 -2 2 -1 -5 -4 -1 1 2 -2 -8 -6 1 2 -1 -1 0 -2 -5 -2 3 0 -5 -8 -10 -8 -8 -10 -9 -7 -3 1 1 0 2 8 14 14 5 0 7 8 0 -9 -19 -28 -35 -35 -24 -9 -2 -8 -16 -17 -18 -19 -14 -3 18 38 35 16 7 12 13 6 2 2 -3 -14 -21 -19 -9 2 6 4 -10 -35 -49 -50 -46 -26 -2 8 18 28 32 45 60 58 43 25 13 10 4 -14 -36 -46 -36 -18 -14 -24 -27 -13 2 1 -4 2 11 7 -12 -27 -19 4 15 8 6 16 17 6 
51 33 6 -16 -28 -31 -17 2 4 0 0 1 3 7 15 19 12 1 -8 -13 -11 -5 -1 2 7 13 20 26 27 23 15 8 7 8 7 7 12 20 28 33 33 31 27 19 7 -7 -18 -27 -34 -32 -25 -21 -18 -10 3 12 14 18 27 34 36 35 32 24 12 4 3 8 15 19 20 18 12 4 -3 -6 -4 -1 1 8 18 20 16 11 6 2 -3 -10 -19 -28 -35 -40 -44 -51 -62 -70 -72 -72 -72 -72 -72 -72 -72 -70 -64 -56 -48 -38 -26 -15 -5 2 6 13 24 35 43 47 48 48 49 51 51 49 46 40 32 23 16 16 21 28 35 40 43 45 46 44 41 38 32 26 23 18 11 8 8 7 4 0 -2 -3 -5 -3 4 11 15 15 12 4 -5 -5 -1 -1 -4 -6 -4 0 3 4 3 1 0 0 2 3 -2 -8 -13 -18 -20 -21 -24 -25 -21 -17 -14 -7 1 2 -4 -7 -3 0 1 3 5 7 8 17 47 95 144 159 113 38 -8 -21 -25 -20 -9 -1 3 3 1 14 52 103 162 217 248 251 237 221 206 186 159 132 110 89 68 47 28 16 8 1 -4 -8 -10 -6 1 4 3 1 0 -1 -3 -4 -3 -1 1 3 5 6 6 6 14 47 102 136 104 17 -78 -145 -153 -102 -41 -7 -2 -14 -20 -9 5 2 -19 -31 -24 -19 -18 -18 -23 -17 1 12 12 9 8 9 16 27 25 4 -17 -20 -9 9 28 35 33 32 36 50 71 87 77 38 -1 -29 -49 -53 -52 -55 -63 -86 -103 -94 -78 -71 -65 -63 -74 -81 -72 -50 -19 12 34 46 47 39 34 31 16 -10 -32 -51 -68 -68 -55 -37 -11 21 53 70 62 34 7 -2 7 30 51 60 60 55 42 23 -4 -47 -80 -89 -98 -112 -106 -69 -26 -3 -5 -18 -22 -19 -23 -31 -28 -13 0 2 4 15 18 9 9 20 23 17 13 8 2 -3 -14 -28 -33 -26 -14 -3 5 6 0 -5 -3 1 -4 -13 -12 -9 -11 -5 1 -6 -12 -13 -16 -19 -18 -13 -7 -2 0 2 5 3 -3 -6 -3 3 5 1 -2 1 7 10 9 2 0 14 14 -10 -22 -12 -8 -16 -10 15 36 38 30 24 19 15 13 10 10 18 24 14 -10 -26 -20 -10 -10 -15 -18 -23 -39 -53 -37 1 21 31 47 40 16 -2 -16 -13 15 48 56 44 44 44 26 12 5 -5 -9 -5 1 1 -11 -24 -21 -5 0 -13 -22 -15 -1 14 33 52 57 41 14 -7 -14 -8 7 15 4 -8 0 17 
30 23 12 -1 -17 -30 -24 -6 1 1 2 1 2 8 16 20 16 6 -7 -16 -14 -7 -2 1 2 5 13 22 26 22 13 3 -5 -8 -7 -4 0 5 12 14 10 10 13 15 15 12 8 2 -4 -4 -2 -5 -9 -7 2 11 14 16 20 22 20 14 7 6 9 10 12 18 25 27 22 11 -2 -12 -19 -23 -24 -24 -24 -21 -15 -14 -19 -24 -28 -33 -39 -44 -48 -54 -62 -66 -66 -67 -69 -71 -71 -67 -59 -50 -42 -33 -26 -22 -15 -4 9 22 32 38 40 42 47 53 60 68 74 76 76 75 73 72 71 68 64 58 50 45 43 41 39 37 35 33 32 29 22 16 12 8 4 0 -3 -1 5 7 5 4 4 4 3 1 0 0 0 1 2 1 -1 -4 -6 -3 2 3 1 0 1 4 6 4 1 -1 -5 -10 -10 -11 -18 -23 -27 -31 -32 -32 -34 -38 -40 -39 -33 -21 -8 -1 -6 -11 -5 0 1 2 2 4 8 14 28 60 107 133 105 47 9 -6 -16 -15 -5 2 5 7 10 15 27 58 103 137 147 136 113 86 61 42 27 18 16 14 8 5 8 7 1 -3 -4 -3 -2 -3 -4 -4 -4 -5 -7 -9 -10 -7 -2 0 0 0 1 4 7 8 12 28 62 102 115 81 7 -85 -147 -141 -90 -36 -9 -14 -21 -16 -6 3 -2 -14 -18 -21 -20 -17 -25 -29 -20 -8 1 2 -2 -11 -18 -8 2 -5 -15 -13 0 15 30 48 61 55 34 17 15 18 17 22 22 -12 -62 -87 -95 -104 -107 -106 -99 -76 -44 -18 -2 7 8 2 -1 5 15 24 30 40 51 45 30 19 5 -12 -21 -24 -29 -30 -20 0 24 45 59 71 73 42 2 -12 -6 2 -2 -10 -12 -14 -22 -28 -31 -42 -45 -26 -3 9 9 4 4 3 -9 -19 -15 -10 -14 -22 -24 -17 -10 0 17 27 27 23 18 14 9 15 32 39 39 36 21 0 -12 -17 -22 -19 -9 -1 3 3 2 2 -7 -23 -28 -29 -31 -21 -12 -17 -22 -22 -25 -29 -26 -18 -13 -12 -9 -1 6 6 2 0 1 3 3 0 -2 0 6 12 12 2 -6 4 14 9 6 13 17 12 10 22 39 41 22 -4 -20 -29 -40 -47 -44 -29 -12 -13 -34 -41 -17 1 -2 -8 -5 4 7 6 13 33 52 56 51 39 14 -21 -46 -45 -27 -6 2 0 5 7 0 -1 7 16 26 40 55 65 64 53 41 33 27 21 17 20 28 33 33 26 10 -11 -30 -41 -45 -44 -33 -20 -23 -33 -27 -11 
23 27 24 13 -5 -24 -27 -14 -4 0 1 -3 -6 -3 4 11 14 9 -2 -13 -18 -13 -4 0 -1 1 8 16 22 21 15 7 -3 -9 -10 -9 -8 -7 -4 6 22 31 34 37 37 35 31 27 27 26 20 12 6 6 12 19 23 22 16 8 0 -8 -15 -16 -10 -4 1 6 7 2 -7 -13 -15 -19 -25 -31 -35 -35 -33 -39 -54 -63 -64 -62 -58 -55 -53 -52 -52 -54 -58 -58 -52 -43 -34 -26 -17 -8 1 13 27 38 45 47 44 43 45 47 49 52 56 65 78 84 85 86 84 80 76 71 65 61 60 59 55 48 41 35 30 28 26 20 12 4 -2 -4 -4 -4 -4 -4 -4 -5 -7 -6 -2 0 0 1 3 5 6 7 9 7 1 -3 -3 -1 0 2 6 8 8 7 4 1 -1 -5 -12 -20 -27 -34 -44 -53 -54 -47 -37 -29 -27 -31 -35 -36 -38 -43 -46 -42 -33 -22 -8 5 8 2 -2 -1 -1 -2 -1 1 3 3 8 34 78 111 103 53 -8 -42 -40 -23 -8 -2 -4 -5 0 4 6 18 37 49 49 41 31 21 11 1 -5 -5 -3 -1 0 0 0 -1 -3 -3 -1 0 -1 -3 -3 -1 0 0 -1 -2 -2 -2 -2 -2 -1 1 3 5 7 5 3 9 30 77 130 144 88 -15 -104 -149 -136 -75 -24 -16 -28 -36 -29 -4 14 7 -14 -34 -40 -34 -33 -42 -44 -27 -4 8 8 -7 -27 -24 -8 -2 -4 -5 0 6 14 32 44 27 -9 -34 -34 -25 -12 11 9 -40 -90 -100 -91 -82 -59 -27 -4 13 37 64 78 81 81 71 52 33 13 -8 -22 -18 1 16 23 25 17 1 -13 -17 -19 -28 -33 -23 -2 17 24 23 23 17 -2 -29 -55 -65 -55 -41 -33 -24 -12 7 34 58 79 99 118 135 121 67 18 1 3 4 -2 -7 -8 -8 -9 -9 -5 4 9 2 2 12 8 -9 -17 -4 17 31 43 51 45 28 10 -5 -17 -22 -18 -7 5 9 4 -5 -20 -39 -50 -52 -47 -34 -24 -24 -26 -25 -25 -27 -25 -18 -15 -20 -24 -19 -9 -2 0 -1 -4 -5 -2 -1 -2 0 5 10 12 10 4 1 9 19 15 -1 -10 -15 -30 -37 -21 0 0 -18 -26 -25 -30 -32 -24 -6 19 36 34 21 12 13 18 18 13 12 19 24 12 0 14 19 -1 -8 -20 -52 -59 -44 -37 -31 -20 -7 -2 4 26 41 44 46 42 36 35 37 38 31 9 -18 -28 -18 -10 -14 -17 -13 -11 -16 -23 -25 -20 -16 -23 -35 -35 -20 -6 -4 -4 1 
27 38 34 16 -4 -22 -29 -20 -7 -1 0 -2 -6 -7 -4 5 15 14 7 -3 -14 -14 -5 2 4 5 9 16 23 27 27 23 18 14 9 4 1 0 -1 2 12 21 27 32 34 31 25 27 37 39 33 28 26 28 31 32 30 22 8 -7 -19 -25 -26 -27 -26 -20 -14 -14 -20 -27 -32 -36 -40 -44 -48 -50 -48 -44 -41 -46 -59 -66 -64 -57 -45 -31 -19 -13 -12 -11 -8 -4 3 15 27 36 43 47 49 54 62 67 70 75 76 67 52 39 34 40 54 65 69 70 67 61 55 49 44 40 36 32 29 27 23 17 12 8 6 6 4 0 -4 -7 -9 -9 -6 -4 -4 -3 -1 0 0 -2 -6 -7 -4 0 2 2 4 8 9 5 1 -1 -1 2 4 3 0 -5 -12 -19 -25 -33 -44 -56 -69 -84 -99 -112 -121 -121 -113 -99 -79 -60 -49 -49 -54 -57 -59 -59 -54 -45 -37 -30 -19 -6 4 6 0 -4 -5 -5 -2 0 0 0 4 18 40 61 65 31 -40 -96 -94 -59 -25 -5 -2 -5 -4 -3 -5 -5 -4 -4 -4 -3 0 4 6 6 6 4 1 0 0 1 3 4 4 4 3 0 -4 -5 -2 0 0 1 2 1 0 -1 -3 -4 -3 0 3 4 4 3 2 2 12 51 114 161 147 67 -40 -129 -156 -113 -51 -15 -13 -26 -26 -5 20 24 4 -20 -38 -49 -54 -62 -63 -43 -14 9 21 21 14 10 14 20 17 5 -5 -2 14 26 18 -12 -48 -62 -48 -32 -22 -10 -12 -22 -14 4 14 22 42 70 88 89 89 95 93 83 73 60 44 26 6 -9 -14 -8 6 18 19 7 -12 -31 -46 -50 -49 -59 -75 -78 -61 -36 -17 -14 -25 -34 -42 -56 -67 -61 -35 0 35 67 95 113 124 137 142 131 122 121 96 38 -15 -29 -11 5 4 -1 1 7 11 14 22 30 23 7 5 12 1 -25 -38 -33 -22 -7 11 26 33 27 9 -8 -16 -19 -18 -10 0 2 -5 -21 -41 -57 -71 -74 -62 -51 -45 -40 -38 -34 -28 -25 -22 -22 -28 -32 -29 -23 -16 -7 1 3 0 -3 -3 -1 0 1 3 5 9 16 15 3 2 15 14 -6 -18 -18 -24 -31 -21 6 29 34 31 29 25 20 18 21 31 46 56 37 -3 -17 -3 10 9 0 -3 -9 -35 -55 -35 -10 -5 12 23 1 -15 -11 -8 0 18 36 40 32 32 35 31 24 15 6 0 0 6 6 -11 -33 -37 -22 -10 -21 -41 -40 -23 -4 15 33 50 48 20 -7 -16 -5 16 28 28 25 
-3 18 28 17 -1 -19 -32 -29 -14 -4 0 2 1 0 1 8 18 20 14 5 -5 -11 -7 2 7 8 9 13 20 27 31 34 37 36 31 24 17 12 8 2 -3 1 12 24 34 39 41 41 36 28 20 15 15 16 16 14 6 -8 -24 -38 -46 -47 -43 -38 -36 -35 -35 -39 -44 -46 -43 -46 -60 -67 -62 -53 -43 -34 -29 -25 -19 -17 -17 -12 -2 10 20 25 27 34 45 51 54 59 64 66 64 61 60 59 57 57 58 65 78 78 64 49 39 39 47 49 40 33 30 25 20 17 16 16 15 11 5 1 0 -1 -4 -5 -2 0 0 0 0 1 2 0 -3 -3 -2 -3 -4 -3 -1 -2 -5 -5 -4 -4 -3 -1 0 0 -1 -4 -7 -9 -13 -19 -25 -30 -36 -48 -64 -78 -90 -105 -123 -139 -154 -172 -190 -200 -196 -177 -151 -128 -106 -82 -62 -51 -48 -48 -47 -46 -45 -42 -40 -39 -34 -23 -10 -2 -1 -3 -4 -4 -4 -4 -4 -4 -2 1 0 1 6 -10 -65 -133 -161 -127 -64 -16 2 3 1 2 6 6 2 -2 -6 -8 -6 -4 -4 -1 2 1 -1 -2 0 3 3 2 4 7 8 7 4 0 -4 -7 -6 -3 -2 -2 -2 -2 -2 -2 -2 -2 -3 -4 -4 -1 2 -4 -6 17 65 131 190 180 85 -28 -103 -124 -91 -29 6 -3 -17 -14 6 25 29 22 -4 -40 -59 -62 -56 -39 -16 5 20 35 43 32 23 28 27 12 -4 -2 16 26 21 6 -13 -25 -28 -15 14 34 46 71 93 83 58 57 75 86 92 95 86 70 57 47 37 28 20 12 7 10 21 24 13 5 -4 -21 -29 -19 -3 6 6 -2 -14 -22 -20 -6 15 41 53 34 9 6 20 25 17 8 12 39 78 103 113 128 132 115 97 79 57 34 9 -10 -12 -6 -9 -18 -19 -10 -2 2 13 30 37 35 32 23 8 -8 -24 -37 -40 -33 -25 -18 -10 -9 -22 -39 -45 -39 -29 -22 -20 -19 -18 -23 -29 -33 -45 -51 -44 -46 -52 -45 -32 -21 -12 -6 -6 -13 -23 -28 -26 -25 -25 -19 -9 -1 3 2 -1 0 2 0 -3 -1 7 16 18 8 -1 5 16 19 16 17 24 26 22 28 51 70 63 40 22 10 -5 -20 -25 -18 -5 -3 -20 -35 -30 -9 7 3 -8 -6 1 -3 -4 8 21 25 21 9 -13 -38 -51 -40 -20 -4 10 6 -13 -20 -16 -11 -2 11 24 36 44 44 39 31 21 15 17 23 25 20 15 16 21 24 20 5 -18 -36 -44 -41 -27 -11 -5 -9 
-39 -13 11 16 7 -11 -31 -35 -20 -8 -4 -1 0 1 3 6 12 16 13 6 -3 -8 -5 1 5 5 4 6 11 16 20 27 35 37 34 29 23 16 9 0 -10 -11 -4 4 11 16 19 17 8 -4 -14 -19 -21 -24 -28 -31 -34 -41 -52 -62 -65 -60 -52 -46 -45 -48 -52 -57 -61 -58 -48 -40 -38 -35 -26 -13 0 10 16 23 31 31 26 24 26 30 33 34 36 45 58 66 66 62 61 62 61 60 60 59 56 54 54 50 44 44 46 43 36 27 18 13 11 9 8 7 6 6 5 6 9 8 4 1 1 2 0 -2 -1 1 3 4 4 3 1 0 0 0 0 0 0 0 0 0 0 0 -1 -3 -4 -4 -4 -5 -7 -9 -13 -20 -30 -43 -56 -76 -105 -129 -145 -158 -172 -188 -203 -211 -213 -220 -230 -231 -216 -187 -153 -115 -75 -43 -19 -2 8 15 21 14 -8 -21 -23 -24 -22 -15 -5 0 -2 -4 -4 -5 -7 -7 -5 -8 -10 1 11 11 6 -21 -81 -153 -191 -161 -94 -39 -10 -2 -3 -3 -1 0 1 2 0 -2 -1 1 4 7 8 6 1 -3 -3 -3 -6 -7 -3 4 11 14 13 9 3 1 3 4 5 7 7 4 1 0 0 -1 -3 -4 -4 -3 -3 -5 0 14 33 77 151 202 179 91 -15 -95 -110 -61 -17 -13 -24 -33 -23 4 28 37 15 -20 -31 -22 -11 -3 4 12 21 29 24 5 -6 0 7 3 -5 -12 -15 -1 25 46 53 40 14 8 32 53 68 89 93 69 54 61 58 45 46 58 57 41 32 32 29 21 8 -6 -14 -15 -8 1 7 17 24 20 18 28 40 42 41 45 45 34 20 15 22 36 45 47 50 58 66 62 52 30 1 3 31 52 66 86 96 90 77 52 38 46 41 9 -23 -35 -39 -47 -51 -47 -44 -42 -32 -15 2 16 19 12 12 19 15 -9 -35 -43 -45 -49 -48 -48 -59 -73 -74 -62 -47 -39 -38 -34 -25 -10 11 20 10 3 2 -12 -29 -23 0 15 22 27 25 19 13 0 -21 -36 -41 -38 -28 -17 -10 -7 -5 -2 1 0 -3 -2 4 13 19 13 -1 -6 6 21 21 11 8 9 -2 -12 3 25 18 -10 -27 -33 -41 -49 -47 -32 -12 11 24 11 -2 7 19 17 8 9 21 21 2 -3 6 -10 -31 -21 -15 -47 -80 -80 -67 -53 -28 -7 -5 -7 -4 1 10 25 42 51 46 36 35 35 16 -13 -25 -13 -2 -14 -32 -36 -28 -20 -22 -26 -24 -24 -28 -29 -21 -7 0 -2 
-59 -40 -10 11 11 0 -20 -37 -26 -4 3 -1 -2 2 1 -2 3 11 13 6 -6 -12 -10 -5 1 3 0 -2 -1 4 14 24 29 29 28 27 22 11 -3 -15 -22 -23 -21 -19 -17 -17 -21 -27 -32 -36 -39 -41 -44 -49 -55 -57 -54 -53 -56 -59 -59 -54 -47 -43 -39 -33 -27 -21 -15 -8 -1 5 12 19 23 24 24 25 29 34 38 44 49 47 40 33 29 35 50 59 60 60 58 53 49 49 50 48 45 43 39 33 30 24 11 6 9 8 4 0 -3 -1 5 6 2 1 4 5 2 1 3 4 4 3 1 0 1 3 2 -3 -4 2 6 4 2 1 -2 -3 1 6 8 5 -3 -9 -10 -12 -16 -19 -19 -17 -13 -11 -15 -16 -16 -20 -23 -34 -59 -93 -133 -172 -202 -218 -225 -230 -230 -229 -224 -201 -172 -152 -130 -95 -57 -18 18 32 37 41 32 20 19 25 13 -14 -19 -13 -18 -19 -8 2 0 -6 -10 -9 -3 -2 -5 -2 1 0 13 33 35 18 -29 -98 -145 -147 -107 -58 -27 -11 -6 -8 -10 -7 -2 0 0 1 3 5 5 2 1 2 0 -6 -13 -16 -14 -9 -4 0 3 5 7 8 8 9 10 9 8 8 8 6 2 0 -1 -2 -1 1 4 5 2 3 8 10 13 23 57 120 156 117 28 -64 -124 -125 -75 -28 -23 -35 -28 -7 16 30 33 32 20 12 16 5 -11 5 33 31 9 -6 -12 -12 -1 15 19 3 -19 -26 -12 22 61 76 58 32 23 24 34 64 85 77 72 69 44 18 6 5 14 17 11 15 25 17 -8 -27 -36 -44 -41 -19 6 22 39 58 61 45 29 22 24 28 11 -18 -33 -40 -41 -37 -33 -17 12 41 56 59 70 83 71 45 36 38 36 39 47 44 28 11 7 18 24 6 -30 -52 -45 -42 -61 -73 -64 -55 -51 -39 -19 -5 -5 -2 4 8 17 9 -11 -21 -36 -62 -80 -78 -67 -60 -58 -58 -53 -41 -30 -24 -18 -8 8 29 39 28 15 14 11 5 8 13 20 32 39 44 48 34 2 -28 -45 -51 -49 -39 -28 -22 -17 -11 -7 -6 -4 0 2 3 6 5 -5 -14 -8 9 18 12 -1 -17 -31 -34 -27 -15 0 10 9 3 -2 -6 -9 -5 11 36 53 43 13 -11 -11 5 13 4 -4 -8 -24 -31 -10 11 16 23 22 -3 -28 -36 -27 -13 -2 15 31 35 32 29 25 14 1 -5 -7 -9 -12 -18 -30 -45 -53 -51 -50 -61 -78 -82 -61 -28 -4 13 34 48 41 25 17 17 23 32 
-113 -75 -22 12 14 0 -19 -35 -32 -12 3 3 1 2 0 -1 4 11 14 10 -1 -13 -21 -21 -12 -5 -5 -8 -11 -10 -4 0 -3 -7 -6 -3 -4 -9 -15 -19 -20 -21 -22 -22 -24 -29 -35 -42 -49 -52 -52 -52 -52 -51 -48 -42 -35 -31 -27 -19 -10 -5 -3 2 10 16 20 25 32 38 40 41 44 48 48 41 33 30 31 35 43 52 58 58 51 42 37 41 50 51 45 41 40 39 36 31 24 17 13 10 5 0 -2 0 3 3 1 -1 -2 0 4 8 10 7 3 3 4 4 3 1 0 0 0 1 2 2 3 5 6 4 2 4 6 3 -3 -5 -4 -7 -12 -16 -19 -22 -26 -30 -34 -35 -32 -29 -29 -31 -33 -34 -32 -30 -32 -34 -34 -42 -65 -94 -123 -155 -183 -192 -178 -150 -117 -83 -41 18 83 131 153 155 143 122 96 71 56 51 44 28 11 8 1 -29 -50 -50 -40 -25 -16 -9 1 5 2 1 2 -1 -5 1 8 1 1 19 41 68 79 38 -45 -119 -137 -102 -51 -14 -5 -8 -3 3 3 2 3 4 4 4 2 -2 -3 0 2 -1 -6 -8 -7 -4 -1 -1 -3 -3 -1 1 3 3 1 0 -1 -2 -1 0 0 0 -1 -3 -3 0 4 7 8 8 5 1 3 4 12 54 105 113 64 -26 -118 -156 -108 -40 -22 -23 -23 -24 -11 9 32 54 54 38 21 -3 -24 -18 0 7 13 17 11 3 5 16 15 -3 -21 -33 -33 -12 21 43 42 26 13 13 24 45 66 75 66 38 11 1 -11 -31 -34 -25 -25 -21 -8 -6 -15 -22 -31 -41 -27 5 21 23 29 37 34 17 1 -2 2 3 -3 -18 -34 -41 -46 -41 -12 17 30 33 29 25 24 29 26 1 -18 -14 -8 -10 -7 -4 -11 -14 -15 -16 -4 4 -16 -42 -46 -49 -74 -98 -93 -70 -50 -34 -16 -4 0 9 11 6 12 14 4 -9 -27 -48 -61 -59 -45 -29 -22 -28 -37 -40 -40 -37 -26 -17 -12 12 44 46 24 13 16 15 8 -1 -4 7 24 44 61 59 35 -3 -35 -53 -64 -63 -49 -36 -30 -25 -21 -19 -16 -13 -14 -18 -17 -11 -12 -21 -23 -11 4 12 11 3 1 5 3 7 33 57 51 32 18 9 1 -7 -6 0 5 10 -1 -26 -31 -10 7 5 -1 -2 -4 -2 18 51 73 64 34 19 17 -1 -25 -37 -34 -10 19 27 19 14 12 0 -19 -30 -29 -21 -15 -13 -7 2 5 1 0 2 -7 -26 -38 -30 -5 20 35 37 20 -5 -19 -21 -13 -1 
-256 -169 -63 6 28 13 -8 -19 -30 -28 -10 4 5 -1 -1 3 4 7 12 14 9 -5 -22 -30 -27 -22 -17 -14 -14 -14 -15 -16 -16 -17 -19 -21 -23 -23 -21 -20 -21 -23 -25 -28 -32 -36 -39 -41 -43 -44 -43 -39 -30 -16 -2 7 12 17 24 32 38 39 37 40 47 47 41 37 36 38 41 47 58 63 60 56 52 48 44 45 51 52 48 45 42 38 35 30 22 17 16 15 13 12 12 10 6 4 4 3 1 0 0 0 0 -1 -3 -3 -1 -1 -3 -5 -7 -7 -5 -4 -5 -5 -2 0 0 0 0 0 0 0 -1 -5 -8 -6 -6 -10 -12 -15 -24 -31 -32 -38 -54 -73 -86 -91 -91 -86 -77 -65 -51 -40 -36 -40 -49 -54 -51 -50 -51 -47 -44 -45 -48 -51 -49 -38 -19 10 56 114 167 209 242 268 295 318 318 285 232 170 110 75 58 52 62 67 49 20 -4 -36 -84 -107 -82 -45 -24 -14 -4 6 10 7 1 -2 -1 -3 -5 -2 -4 -2 26 74 122 121 39 -70 -139 -132 -72 -23 -6 -3 -1 -1 -3 -4 -4 -4 -5 -5 -2 0 -1 -3 -4 -3 -1 1 2 1 0 -1 -3 -4 -3 -2 -3 -5 -7 -7 -6 -6 -5 -4 -3 -1 0 -1 -2 -1 0 2 5 6 7 8 8 8 8 22 63 111 113 40 -58 -126 -138 -96 -44 -24 -40 -47 -29 -6 16 33 46 43 20 4 -5 -31 -56 -51 -32 -26 -30 -32 -30 -26 -27 -36 -43 -38 -25 -14 -8 -3 4 3 -7 -8 -8 -19 -14 20 41 22 1 1 -9 -38 -52 -37 -17 -6 6 23 34 27 7 -7 -6 2 11 22 25 13 0 -4 -8 -14 -19 -15 13 30 14 8 8 -2 6 19 7 -17 -23 -14 -22 -37 -35 -38 -51 -45 -27 -26 -31 -23 -11 -4 -6 -9 4 23 23 -3 -41 -66 -75 -85 -88 -67 -44 -38 -28 -11 6 22 26 21 18 14 -5 -29 -37 -28 -19 -22 -26 -26 -28 -35 -49 -66 -75 -69 -52 -28 -3 17 40 56 43 16 8 17 17 3 -11 -11 8 37 61 70 57 25 -6 -26 -44 -57 -51 -38 -35 -34 -30 -26 -24 -25 -28 -35 -40 -31 -18 -17 -21 -16 -1 8 7 12 18 9 -8 -14 -3 16 23 4 -25 -44 -50 -48 -46 -43 -29 -6 8 2 -10 -10 0 7 5 2 8 22 33 40 54 62 49 31 11 -27 -77 -105 -88 -51 -27 -15 -10 -9 -3 5 4 -3 -3 6 19 32 40 37 24 11 5 2 -5 -22 -48 -58 -35 -2 12 4 -12 -26 -35 -39 -39 -37 
-274 -190 -81 -1 37 35 16 -3 -25 -30 -14 2 4 -4 -6 -4 -4 3 15 20 17 5 -12 -24 -30 -31 -28 -25 -23 -21 -21 -22 -21 -21 -26 -34 -40 -43 -44 -39 -29 -23 -21 -20 -19 -15 -9 -7 -8 -5 0 6 16 26 32 34 35 40 47 51 51 48 43 38 36 36 36 37 40 43 44 47 52 52 48 44 39 33 29 27 25 24 23 20 16 12 8 5 4 4 3 0 -4 -7 -8 -5 1 4 4 4 4 4 4 5 6 5 3 2 1 -2 -5 -6 -5 -3 -1 1 2 1 0 -1 -3 -4 -5 -8 -11 -13 -15 -18 -22 -25 -32 -46 -58 -67 -79 -97 -116 -126 -132 -142 -153 -159 -160 -159 -150 -127 -100 -80 -64 -51 -44 -39 -33 -25 -13 0 11 24 44 75 118 165 212 254 283 302 313 310 291 263 230 198 172 147 124 97 67 48 34 26 32 40 35 19 2 -32 -96 -147 -146 -109 -58 -18 -8 -8 -6 -6 -3 2 4 -2 -11 -13 -16 -17 4 47 98 131 108 27 -57 -88 -71 -43 -16 3 3 -2 -2 -3 -4 -5 -6 -6 -6 -5 -5 -7 -9 -10 -8 -3 1 0 -3 -5 -6 -5 -3 -2 -3 -4 -4 -5 -6 -5 -3 -2 -3 -4 -3 -1 -1 -2 -1 1 2 2 3 4 5 7 8 17 51 106 137 104 24 -80 -171 -164 -79 -42 -54 -36 -7 -1 5 13 15 7 -18 -35 -40 -61 -81 -83 -88 -93 -88 -76 -56 -34 -19 -15 -20 -27 -28 -20 -8 4 14 7 -23 -48 -54 -59 -64 -48 -18 1 10 12 2 -13 -19 -10 6 16 28 48 43 8 -13 -14 -33 -54 -36 -3 14 16 15 17 14 11 14 15 15 10 -5 -16 -18 -19 -19 -21 -30 -34 -21 -4 -4 -8 4 10 -6 -19 -15 -11 -11 -4 7 13 13 14 22 36 49 40 6 -18 -20 -29 -58 -79 -79 -67 -41 -15 3 17 20 11 1 -1 -8 -20 -19 -7 2 4 6 1 -19 -41 -57 -66 -66 -60 -55 -36 -3 8 6 12 18 17 10 7 6 -3 -14 -14 2 26 45 54 53 44 32 19 4 -10 -17 -18 -20 -24 -27 -29 -31 -33 -36 -43 -49 -40 -16 4 5 -2 5 16 12 3 -8 -28 -51 -66 -68 -53 -32 -33 -51 -65 -65 -49 -29 -9 13 32 43 38 17 -1 0 9 7 -2 -5 -3 -3 0 14 42 59 31 -16 -46 -63 -70 -60 -48 -40 -13 19 30 29 28 26 22 20 19 17 15 9 -5 -22 -32 -39 -53 -64 -66 -67 -65 -55 -34 -7 13 25 27 15 -3 -19 -29 
-86 -69 -34 -3 18 29 22 2 -21 -32 -23 -5 3 -1 -2 0 -2 0 9 15 15 9 -3 -16 -25 -29 -32 -35 -37 -40 -43 -44 -43 -40 -37 -36 -34 -29 -23 -16 -9 -4 0 4 9 16 24 32 39 45 50 51 47 40 32 28 31 38 47 55 59 59 57 49 35 31 38 43 44 42 38 34 29 24 20 16 12 9 7 5 4 4 4 3 1 0 0 1 3 4 3 0 -3 -4 -5 -7 -8 -8 -8 -6 -2 0 0 1 3 4 5 6 5 4 2 0 2 3 2 2 0 -5 -11 -14 -13 -13 -15 -17 -20 -25 -30 -36 -47 -63 -86 -116 -144 -162 -171 -177 -182 -186 -192 -201 -211 -218 -218 -202 -165 -120 -78 -47 -31 -19 -6 5 15 26 36 40 43 59 91 132 176 216 248 262 247 212 172 144 132 113 82 55 37 24 13 7 7 5 -2 -6 -2 9 21 15 -7 -38 -110 -199 -223 -171 -98 -42 -13 -8 -11 -10 -3 4 4 -1 -3 -1 -3 -5 3 27 69 125 161 128 49 -14 -40 -39 -22 -4 -2 -6 -5 -4 -4 -4 -4 -5 -6 -5 -4 -5 -7 -8 -7 -4 -1 -1 -4 -6 -5 -4 -3 -1 0 0 0 -1 -2 -1 0 1 2 0 -3 -3 -2 -2 -1 -1 -2 -2 -2 -1 1 3 4 14 43 84 121 128 89 6 -94 -135 -95 -51 -36 -26 -18 -14 -7 0 1 -16 -57 -92 -102 -103 -97 -84 -81 -86 -84 -69 -44 -17 7 21 15 -6 -22 -20 -4 15 31 30 1 -25 -15 3 -15 -48 -47 -19 -2 0 8 22 19 -4 -22 -27 -23 -13 -23 -54 -67 -55 -48 -45 -23 6 23 27 24 17 4 -6 0 5 -13 -28 -29 -44 -55 -42 -24 2 31 32 0 -31 -30 -11 7 23 17 -10 -23 -17 -10 -5 -2 -4 -4 -5 -15 -18 2 24 26 23 22 -2 -59 -106 -100 -69 -46 -22 -1 10 15 8 -7 -10 -2 6 16 26 32 37 47 52 39 19 0 -19 -35 -44 -44 -36 -24 -19 -25 -30 -22 -9 -10 -18 -17 -15 -16 -12 0 13 18 19 27 41 46 40 38 40 32 19 11 0 -16 -31 -42 -49 -54 -48 -32 -18 4 29 26 -4 -26 -19 -3 -7 -24 -36 -45 -59 -78 -92 -89 -68 -44 -33 -33 -28 -13 2 11 18 29 33 13 -16 -24 -9 4 2 -5 -13 -20 -15 2 22 33 22 3 -1 3 -5 -26 -38 -23 11 38 38 17 -1 -3 0 -5 -17 -31 -41 -40 -26 -6 1 -9 -12 0 12 10 -11 -39 -50 -34 -2 30 44 33 10 -10 -21 
-72 -80 -65 -37 -7 20 19 -3 -21 -35 -37 -20 -2 4 6 7 4 2 2 2 2 2 -1 -11 -23 -29 -31 -31 -28 -24 -20 -13 -3 5 12 18 21 25 31 29 19 15 16 17 20 24 29 37 46 53 59 62 59 52 44 39 39 41 44 47 48 47 46 41 31 28 32 34 30 21 13 9 8 7 5 3 1 0 0 0 0 0 0 0 0 1 3 4 3 1 1 2 2 3 4 2 -2 -4 -4 -2 2 4 4 2 -3 -7 -7 -5 -3 -2 -4 -8 -10 -11 -15 -20 -23 -26 -30 -30 -26 -25 -27 -29 -32 -36 -39 -44 -59 -87 -122 -159 -196 -219 -219 -213 -212 -208 -201 -194 -184 -168 -147 -111 -57 -13 13 28 32 32 32 29 23 20 22 24 25 35 57 80 96 108 113 103 84 63 43 26 13 7 6 7 9 7 -2 -9 -9 -7 -5 -5 -5 4 24 33 23 -6 -94 -223 -284 -229 -138 -73 -25 -2 0 1 3 3 -1 -4 0 5 6 8 10 17 46 105 163 167 113 46 5 -10 -14 -12 -9 -8 -7 -5 -4 -4 -4 -3 -1 0 0 -1 -2 0 4 5 2 -1 -4 -6 -6 -6 -5 -2 1 1 -1 -2 -1 0 0 1 3 3 0 -3 -3 -2 -2 -3 -5 -5 -4 -3 -1 0 0 -4 -2 30 85 128 129 85 13 -66 -97 -49 -1 -19 -46 -30 -2 10 11 4 -16 -44 -62 -67 -70 -74 -81 -89 -87 -74 -60 -44 -18 8 13 -4 -23 -28 -18 1 23 44 54 47 44 51 36 -4 -24 -9 4 1 3 10 2 -20 -35 -38 -40 -36 -16 0 -14 -38 -29 -3 3 6 18 26 25 15 1 -23 -45 -44 -39 -25 1 4 0 11 17 25 41 36 -3 -44 -47 -32 -29 -22 -16 -29 -45 -43 -32 -30 -33 -33 -27 -24 -34 -38 -16 20 41 39 32 26 8 -25 -50 -61 -62 -40 -14 3 18 18 4 -8 -11 -9 -5 1 6 14 28 35 31 29 20 -8 -39 -51 -36 -24 -26 -10 6 -3 -15 -15 -12 -17 -22 -17 -7 3 11 14 10 6 14 29 36 36 44 59 62 51 39 26 7 -13 -28 -38 -44 -36 -13 7 25 42 40 13 -26 -44 -33 -27 -31 -33 -41 -67 -108 -140 -142 -116 -87 -78 -87 -93 -83 -64 -48 -37 -22 -6 -6 -21 -33 -25 -2 11 10 6 6 15 30 36 35 43 44 25 2 -18 -43 -55 -40 -27 -26 -32 -46 -56 -53 -45 -40 -32 -21 -11 1 17 35 43 43 54 65 56 31 1 -23 -33 -28 -12 4 7 -6 -26 -41 -47 
-190 -186 -144 -82 -24 18 22 3 -14 -35 -46 -33 -15 -7 -7 -8 -8 -10 -13 -12 -7 0 6 2 -10 -15 -12 -6 3 13 22 27 28 29 31 31 27 22 20 19 18 19 20 19 18 21 26 29 32 37 44 51 55 55 53 50 46 42 37 30 22 16 11 8 10 11 8 4 0 -4 -7 -6 -2 0 1 3 4 4 4 3 1 0 0 0 0 -1 -2 -3 -6 -8 -7 -4 -1 0 1 4 7 8 7 4 1 0 0 1 2 -1 -7 -11 -14 -20 -27 -34 -40 -40 -37 -35 -31 -25 -21 -26 -38 -43 -42 -42 -41 -40 -40 -45 -63 -92 -122 -151 -182 -202 -196 -170 -138 -104 -61 -9 42 88 126 133 108 85 67 48 38 35 31 30 33 29 23 25 32 39 44 44 40 37 29 13 1 0 7 12 8 3 1 1 3 5 7 6 1 -1 3 7 7 8 19 44 70 74 32 -79 -207 -245 -186 -107 -51 -17 3 9 4 -1 -1 0 -1 -3 -3 -1 -2 0 24 73 127 158 137 71 9 -21 -28 -23 -13 -8 -8 -7 -5 -4 -3 -2 -3 -4 -4 -3 -2 -1 3 5 2 -1 -3 -5 -6 -4 -2 -2 -1 0 -1 -2 -1 0 0 1 2 2 2 0 -3 -4 -4 -4 -4 -3 -2 -2 -1 0 0 -2 1 23 71 128 148 117 49 -44 -103 -72 -6 3 -25 -28 -11 2 11 29 48 48 36 24 5 -28 -63 -80 -77 -69 -69 -70 -57 -28 0 5 -8 -21 -25 -17 1 27 52 50 15 -14 -17 -22 -39 -36 -10 4 0 -10 -16 -10 3 7 -7 -17 4 35 25 -20 -43 -36 -31 -29 -16 5 21 27 30 25 6 -6 1 13 18 16 10 14 26 18 5 14 29 29 17 -1 -26 -42 -35 -28 -39 -45 -35 -30 -31 -22 -10 -5 -2 6 20 47 80 85 67 64 70 35 -48 -106 -98 -62 -36 -17 7 21 16 0 -16 -28 -39 -45 -40 -26 -15 -10 -1 14 23 17 4 1 12 19 18 29 46 47 32 17 15 13 4 7 18 24 25 20 11 4 3 6 13 23 31 35 38 40 36 28 21 16 11 5 -1 -8 -6 11 23 25 33 33 -3 -52 -72 -64 -47 -38 -52 -93 -149 -194 -206 -185 -152 -127 -113 -100 -82 -62 -42 -22 -4 13 33 44 32 9 0 9 16 14 15 22 27 31 44 60 50 9 -25 -34 -43 -53 -55 -68 -78 -64 -43 -32 -31 -36 -37 -18 14 36 36 20 3 -2 7 17 14 -1 -12 -14 -18 -25 -28 -28 -27 -24 -21 -22 -29 -37 
-102 -114 -99 -68 -34 3 18 11 -3 -25 -40 -36 -27 -26 -30 -30 -27 -27 -28 -23 -10 3 12 21 29 31 28 25 23 22 24 22 15 14 17 19 19 16 13 15 21 25 28 31 33 36 39 41 42 40 36 32 27 22 19 16 14 14 12 9 7 5 3 3 5 4 -1 -5 -4 0 5 7 3 0 1 3 4 4 4 4 4 4 4 3 2 2 1 -1 -2 -1 0 1 3 4 4 2 -2 -5 -7 -10 -14 -17 -19 -23 -30 -38 -48 -59 -70 -82 -92 -101 -108 -104 -91 -79 -68 -56 -46 -44 -48 -48 -45 -43 -41 -39 -38 -39 -42 -43 -35 -19 -1 22 57 103 148 183 215 246 269 280 280 258 208 153 104 67 52 51 51 50 48 39 27 23 26 24 12 1 0 4 7 6 1 -3 -4 -3 -2 -4 -7 -8 -7 -4 0 4 4 -1 -1 6 9 6 7 26 60 108 164 137 -23 -182 -204 -134 -74 -36 -6 6 1 -4 0 5 3 -3 -6 -5 -7 -8 9 35 66 109 115 54 -23 -62 -58 -35 -14 -5 -4 -4 -4 -3 -1 -3 -9 -11 -9 -8 -8 -7 -5 -3 -1 0 0 -1 -2 -1 0 -1 -2 -2 -2 -1 0 0 0 1 2 2 2 1 -1 -3 -4 -3 -1 -1 -2 -1 0 0 0 5 12 10 28 84 130 138 104 21 -73 -103 -48 12 14 -19 -40 -23 10 30 40 42 42 53 62 52 33 19 14 11 -4 -25 -32 -13 19 34 28 11 -8 -14 -3 12 29 40 14 -21 -15 -2 -29 -66 -62 -25 3 9 13 24 29 28 22 -1 -26 -29 -18 -16 -35 -53 -52 -48 -39 -17 5 21 36 48 38 15 12 7 -15 -20 -21 -37 -38 -20 3 31 55 57 31 10 3 -12 -9 8 0 -15 -12 -5 0 12 17 9 8 15 11 4 23 51 46 21 6 -15 -55 -87 -90 -69 -48 -31 -5 14 15 10 9 1 -20 -34 -27 -11 -5 10 44 63 71 87 99 94 71 55 53 41 33 44 49 38 29 27 26 31 36 32 24 15 5 -6 -19 -26 -16 2 5 -8 -13 -6 -2 0 6 15 23 26 25 13 0 7 7 -8 -2 9 -21 -75 -98 -79 -47 -26 -30 -63 -109 -143 -145 -111 -59 -15 4 -2 -21 -35 -28 -7 7 15 36 58 48 14 -5 1 7 1 -5 -7 -14 -15 5 27 30 21 22 28 12 -22 -56 -84 -90 -62 -26 -16 -31 -42 -35 -24 -19 -23 -35 -47 -55 -59 -58 -50 -34 -9 19 28 4 -33 -55 -58 -46 -19 14 37 42 38 
197 108 7 -34 -34 -19 7 16 6 -7 -22 -31 -26 -16 -15 -20 -22 -22 -21 -16 -5 5 10 16 22 24 25 26 25 24 23 23 27 30 30 33 38 40 39 38 38 36 32 30 30 29 28 29 30 26 17 9 3 -2 -4 -5 -6 -5 -3 0 3 4 5 7 7 3 -2 -2 2 6 10 8 1 0 2 1 0 0 1 2 3 6 7 5 6 11 13 11 9 5 1 0 -1 -4 -8 -13 -20 -29 -40 -50 -58 -66 -73 -84 -100 -113 -124 -136 -148 -161 -174 -183 -184 -174 -153 -127 -103 -81 -62 -46 -31 -19 -9 -1 5 12 19 31 55 87 124 170 227 279 305 307 299 288 274 257 237 211 183 162 139 103 69 50 40 33 30 25 14 8 7 3 -3 -8 -11 -8 -2 -3 -6 -5 -3 0 2 -1 -5 -5 -4 -5 -8 -14 -23 -31 -33 -30 -23 -12 -5 -3 -1 5 31 77 146 208 127 -77 -190 -167 -100 -40 -14 -8 0 1 1 7 6 -1 -5 -6 -3 0 2 13 32 52 55 12 -60 -105 -105 -75 -30 -1 -1 -4 1 3 0 -5 -9 -10 -10 -10 -9 -6 -3 -1 0 0 0 0 -1 -3 -4 -3 -2 -3 -4 -4 -4 -4 -3 -1 0 -1 -2 -1 0 -1 -3 -4 -4 -4 -4 -5 -7 -6 -1 0 -3 -3 5 40 103 148 140 84 3 -61 -70 -33 -1 -5 -22 -20 2 25 34 35 37 39 49 72 87 74 46 24 9 -5 -10 -1 15 30 30 13 -3 -6 1 12 25 38 41 31 28 36 29 -8 -43 -36 -6 15 22 16 0 -9 -1 -1 -21 -30 -7 13 -7 -39 -44 -34 -26 -7 18 23 17 19 9 -18 -32 -32 -31 -22 -10 -24 -50 -36 2 18 21 30 26 14 20 20 4 2 4 -20 -46 -38 -19 -18 -19 -15 -17 -23 -29 -38 -38 -7 35 46 33 29 26 -3 -56 -85 -58 -25 -12 3 15 27 36 30 27 32 30 27 36 59 81 81 74 82 94 87 57 33 27 18 10 17 30 38 40 42 45 48 51 47 36 20 1 -14 -23 -22 -11 -1 -4 -18 -30 -34 -38 -41 -26 -5 5 16 25 21 10 -1 -10 -20 -25 -17 -14 -35 -60 -58 -32 -6 8 19 34 40 38 52 81 99 85 35 -28 -69 -73 -54 -35 -24 -14 -3 -1 -9 -15 -14 -9 -9 -26 -51 -58 -42 -12 26 64 88 86 69 37 -24 -80 -98 -101 -99 -88 -89 -98 -85 -56 -42 -49 -54 -42 -32 -36 -36 -27 -15 10 46 66 54 23 -10 -34 -36 -19 0 14 26 34 36 
356 253 117 38 5 -8 11 28 25 20 10 -5 -10 -3 2 -1 -6 -8 -6 0 7 12 15 16 16 18 24 31 35 36 35 36 40 40 36 33 33 34 32 28 24 20 16 13 11 8 4 0 -3 -4 -4 -4 -4 -4 -3 0 2 2 3 3 1 0 0 0 -1 -4 -6 -5 -4 -4 -5 -4 1 4 3 0 -3 -4 -5 -5 -2 0 -2 -6 -8 -8 -10 -15 -20 -23 -24 -24 -24 -24 -25 -28 -34 -45 -61 -82 -107 -132 -155 -169 -171 -174 -183 -193 -202 -209 -215 -220 -216 -193 -152 -104 -61 -27 -3 10 15 19 27 35 40 45 52 64 87 119 153 188 221 238 228 202 177 153 127 104 84 65 49 38 29 17 7 3 -3 -13 -18 -15 -9 -4 -1 -2 -6 -7 -3 2 3 -1 -7 -10 -10 -10 -10 -12 -16 -22 -33 -46 -59 -75 -92 -100 -90 -69 -51 -39 -25 -8 1 3 17 44 89 165 173 26 -150 -198 -134 -60 -19 -2 1 -3 -8 -6 0 1 -1 -4 -2 2 -1 7 23 21 7 -30 -103 -163 -165 -121 -61 -14 3 3 -1 -7 -10 -8 -5 -5 -7 -7 -5 -3 -1 0 0 0 0 0 -1 -3 -4 -3 -2 -3 -4 -4 -4 -3 -1 0 1 2 1 0 -1 -3 -5 -6 -5 -3 -2 -4 -7 -6 -1 0 2 12 11 13 59 115 118 70 5 -53 -73 -40 0 11 6 -4 -3 18 37 45 44 30 22 34 53 62 47 16 -7 -19 -29 -36 -27 0 14 4 -5 -4 -1 8 21 29 40 40 17 0 3 2 -17 -35 -32 -10 9 8 -6 -16 -7 18 33 26 9 -7 -19 -32 -37 -25 -16 -10 6 18 18 16 18 10 -16 -26 -10 -2 5 17 10 2 12 29 48 66 75 62 43 33 2 -32 -32 -33 -57 -65 -53 -51 -44 -26 -18 -18 -15 -2 13 25 48 65 58 42 13 -36 -92 -124 -100 -63 -50 -30 0 23 31 35 50 58 48 40 45 44 28 13 3 -2 2 10 14 5 -10 -12 -5 1 11 26 37 40 37 34 34 28 16 1 -15 -23 -19 -6 7 14 14 4 -17 -45 -72 -81 -61 -30 -4 22 38 32 8 -21 -28 -16 -14 -13 6 17 -1 -19 -8 25 60 96 138 158 144 128 116 97 68 25 -20 -46 -54 -58 -55 -41 -25 -11 6 11 -6 -18 -15 -17 -38 -60 -53 -27 -3 26 64 91 84 56 26 -24 -85 -124 -148 -159 -141 -108 -74 -45 -31 -22 -9 12 37 44 32 23 22 24 32 39 35 29 35 38 20 0 -7 -9 -9 -3 5 8 
318 275 195 107 42 12 15 34 47 50 45 33 20 12 12 14 15 18 23 29 32 34 37 40 45 48 47 45 43 40 38 35 27 21 19 15 10 7 5 3 1 0 0 0 1 2 1 -2 -6 -7 -5 -4 -3 -1 0 1 2 2 2 1 0 0 0 0 1 3 3 1 0 -1 -3 -1 3 1 -3 -3 -1 -1 -4 -5 -4 -7 -13 -19 -24 -28 -31 -31 -27 -22 -21 -24 -27 -28 -27 -30 -42 -58 -78 -107 -142 -176 -203 -222 -233 -229 -213 -196 -178 -155 -131 -105 -76 -51 -27 -2 20 33 36 36 36 35 33 32 31 29 28 31 41 57 76 92 97 91 81 71 60 46 29 13 3 -1 -4 -4 2 5 1 -3 -4 -5 -7 -8 -7 -5 -4 -3 -2 -3 -5 -7 -8 -7 -7 -11 -21 -39 -58 -72 -84 -97 -113 -129 -140 -148 -157 -159 -145 -117 -84 -57 -32 -9 2 6 9 32 81 136 182 119 -71 -188 -164 -105 -43 -1 -1 -4 -1 -3 -1 2 2 1 0 -1 -2 5 17 16 0 -36 -114 -201 -220 -167 -99 -44 -7 6 1 -5 -4 -1 -1 -2 -2 -2 -2 -2 -2 -2 -2 -2 -1 0 0 -1 -2 -2 -2 -2 -2 -1 1 3 3 2 3 5 6 4 0 -3 -5 -5 -2 0 0 0 0 0 0 2 4 1 -4 -3 23 78 115 78 -22 -105 -105 -37 22 34 23 12 8 12 23 32 33 32 31 30 39 56 53 24 -2 -15 -30 -48 -47 -18 11 15 3 -6 -8 -5 4 17 28 23 -6 -40 -53 -38 -21 -28 -38 -31 -18 -7 5 10 0 -6 2 5 -8 -19 -13 -15 -34 -36 -27 -35 -39 -15 9 10 21 44 39 27 33 27 14 19 19 -6 -29 -15 19 35 45 48 28 14 2 -25 -29 1 10 -10 -12 2 11 16 21 25 21 11 -1 -20 -37 -39 -34 -37 -54 -73 -83 -100 -117 -106 -85 -64 -34 -15 -3 20 37 37 37 40 30 5 -19 -28 -30 -33 -30 -19 -6 -5 -16 -20 -15 -8 0 8 14 14 10 6 -1 -13 -26 -34 -34 -27 -17 -7 4 13 10 -12 -45 -72 -81 -75 -66 -47 -10 27 48 47 23 -9 -24 -16 -10 -16 -10 11 16 0 -6 15 48 76 99 126 151 150 123 93 75 64 46 19 -10 -32 -35 -17 5 20 35 42 30 13 -4 -24 -40 -47 -47 -48 -53 -46 -14 27 52 50 36 12 -43 -109 -144 -132 -84 -27 14 26 15 5 13 28 27 13 3 -11 -29 -32 -28 -30 -26 -4 30 51 39 4 -28 -36 -19 6 23 28 
207 192 146 86 44 23 20 38 62 73 69 56 42 34 32 36 44 48 48 47 44 41 39 35 30 28 27 24 21 19 17 13 6 1 0 0 -1 -3 -5 -6 -5 -4 -4 -4 -4 -3 -1 0 0 0 0 0 1 3 4 2 -1 -2 -3 -3 -1 -1 -3 -2 2 5 5 2 0 1 2 0 -5 -12 -20 -25 -27 -34 -46 -57 -65 -69 -68 -60 -50 -41 -29 -22 -25 -28 -29 -32 -36 -40 -42 -42 -47 -63 -89 -115 -131 -137 -134 -124 -108 -80 -40 4 49 94 134 172 199 193 162 126 91 60 39 31 32 33 30 27 25 23 21 21 23 23 20 17 16 15 13 10 5 1 -1 -3 -3 0 3 2 -3 -7 -6 -2 2 5 5 0 -7 -8 -6 -7 -9 -11 -13 -17 -25 -37 -53 -72 -93 -116 -136 -146 -150 -157 -166 -173 -176 -175 -176 -184 -189 -170 -125 -73 -36 -20 -11 -1 4 18 55 110 184 196 72 -77 -130 -108 -68 -32 -9 1 9 12 5 0 0 0 -1 -3 -3 0 8 21 30 23 -24 -112 -181 -177 -122 -67 -28 -5 6 12 11 5 3 3 2 3 4 3 0 -3 -4 -3 -2 -3 -3 -2 -3 -5 -6 -4 -1 0 1 2 2 2 1 1 4 6 5 3 0 -2 -1 0 0 0 0 -1 -3 -3 -8 -15 -4 11 16 40 93 110 33 -81 -135 -100 -19 42 52 33 17 14 26 41 44 41 38 43 55 50 28 9 1 -1 -6 -18 -26 -13 14 31 24 4 -6 -4 -1 6 19 26 17 1 -4 5 14 13 6 -7 -26 -33 -15 7 0 -33 -54 -48 -33 -24 -26 -35 -45 -47 -36 -30 -31 -17 2 4 6 21 28 22 14 2 -14 -21 -22 -43 -78 -88 -68 -46 -25 -2 6 7 16 19 16 24 30 17 4 5 7 6 5 -2 -17 -48 -92 -121 -123 -99 -57 -21 -8 -7 -20 -76 -137 -137 -100 -64 -36 -28 -24 -9 8 23 34 35 23 6 -5 -7 -5 -3 -4 -14 -31 -36 -23 -12 -7 -1 2 1 0 0 -1 -5 -12 -21 -30 -33 -26 -11 4 14 21 21 8 -17 -45 -53 -38 -31 -39 -39 -19 7 24 37 41 22 -8 -26 -30 -30 -19 10 30 20 -3 -18 -15 4 25 56 93 100 85 78 87 98 86 46 2 -16 -10 -1 -3 -8 3 25 32 9 -26 -47 -52 -61 -88 -107 -101 -83 -46 4 43 61 65 63 42 4 -22 -21 -3 18 30 29 17 -3 -17 -24 -35 -44 -45 -38 -22 -7 -1 2 10 25 43 56 52 26 -6 -21 -13 8 28 38 
73 81 77 63 51 42 39 47 61 69 65 51 36 29 29 32 34 33 30 25 20 16 13 10 6 3 1 -1 -3 -4 -5 -5 -2 0 0 1 3 4 4 3 1 0 1 3 3 1 0 1 3 3 1 0 0 -1 -3 -4 -4 -4 -4 -4 -4 -5 -7 -7 -7 -11 -16 -21 -26 -30 -35 -40 -44 -50 -59 -69 -80 -92 -104 -119 -135 -143 -137 -118 -98 -83 -68 -57 -55 -54 -49 -43 -37 -31 -26 -20 -12 -9 -8 1 20 50 83 124 176 212 232 251 267 279 289 290 273 242 199 150 105 69 47 37 32 28 24 21 20 19 17 18 20 17 10 3 0 1 4 3 -4 -6 -1 4 6 4 -1 -5 -6 -7 -7 -5 -4 -4 -4 -5 -8 -13 -19 -24 -29 -35 -39 -45 -58 -76 -100 -127 -148 -159 -163 -168 -176 -178 -170 -158 -148 -141 -135 -129 -126 -124 -106 -70 -44 -35 -21 -4 0 2 25 70 140 223 220 92 -25 -57 -62 -49 -17 -6 -8 -2 0 -1 0 -1 -4 -6 -5 -8 -7 16 51 87 107 63 -47 -136 -143 -98 -47 -14 -1 1 -2 -2 4 7 6 7 8 6 1 -3 -4 -4 -4 -4 -4 -4 -4 -5 -7 -7 -4 -1 -1 -2 -1 -3 -7 -6 -3 0 3 4 4 2 -1 -1 0 0 0 -1 -3 -5 -10 -12 -1 8 4 14 59 109 99 6 -99 -130 -73 11 46 32 13 6 17 33 36 32 26 20 17 16 21 26 14 -12 -31 -33 -32 -35 -21 9 19 -1 -20 -19 -10 0 17 38 50 46 34 18 6 16 35 38 23 3 -11 -10 -1 -6 -23 -48 -73 -74 -54 -32 -26 -39 -40 -22 -10 -1 18 36 34 18 8 -10 -36 -35 -23 -27 -23 -7 -5 -15 -17 -9 -1 18 41 42 45 54 34 0 -8 -12 -39 -55 -51 -45 -40 -40 -47 -56 -67 -80 -83 -63 -20 25 53 57 23 -51 -120 -132 -98 -55 -21 -4 -3 -13 -15 2 19 25 28 28 22 16 15 18 15 -4 -34 -47 -32 -15 -6 0 3 3 0 -1 -1 -7 -15 -20 -22 -18 -7 5 15 26 32 28 23 25 29 24 14 7 -3 -10 -7 -4 0 9 17 12 -17 -49 -56 -42 -20 3 24 36 23 -10 -29 -21 -10 -11 -13 -7 3 17 41 67 80 72 44 7 -27 -49 -59 -57 -40 -15 1 -5 -21 -29 -30 -39 -66 -79 -61 -43 -25 2 32 57 73 95 112 100 70 36 9 7 23 33 24 0 -21 -30 -23 4 34 59 81 85 74 66 64 62 55 44 32 19 2 -17 -27 -22 -8 4 
42 53 54 46 41 39 39 40 39 38 34 25 17 14 14 11 6 4 4 4 4 3 2 2 1 -1 -3 -4 -4 -4 -4 -2 2 4 4 5 7 8 9 10 9 8 8 7 5 3 1 2 5 5 4 3 1 0 -1 -1 1 1 -1 -4 -7 -8 -8 -10 -15 -23 -33 -45 -63 -86 -107 -120 -127 -133 -140 -150 -163 -173 -176 -183 -197 -199 -181 -151 -117 -88 -68 -47 -23 -9 -3 3 9 16 22 27 39 63 98 139 179 214 241 258 264 260 249 232 210 186 165 144 121 103 87 69 53 40 30 23 17 13 11 9 8 8 8 3 -6 -6 2 7 8 9 10 9 7 5 4 4 2 -5 -14 -17 -14 -12 -14 -17 -19 -22 -25 -26 -26 -30 -39 -47 -53 -59 -63 -63 -63 -72 -93 -119 -139 -143 -134 -126 -119 -100 -68 -33 -1 29 56 78 81 47 -1 -30 -38 -33 -19 -6 -1 2 20 56 105 192 251 179 57 -11 -41 -43 -22 -10 -13 -14 -9 -4 -2 -4 -6 -5 -4 -7 -8 6 38 90 146 144 41 -100 -168 -140 -76 -28 -12 -12 -5 6 8 6 6 5 4 3 1 -1 -3 -4 -3 -1 -1 -3 -4 -4 -4 -4 -4 -4 -4 -4 -5 -7 -8 -8 -8 -6 -1 3 5 4 0 -1 0 0 0 0 0 -1 1 5 -1 -9 0 25 53 93 129 92 -17 -108 -110 -44 12 24 10 -3 2 15 19 16 9 -6 -16 -3 19 21 -9 -50 -69 -62 -57 -68 -65 -36 -12 -13 -28 -36 -32 -21 -2 22 38 32 4 -26 -39 -35 -23 -5 17 26 9 -20 -36 -30 -22 -35 -55 -50 -21 1 -4 -30 -51 -50 -41 -35 -18 16 35 28 29 27 10 14 29 22 16 33 46 31 6 0 7 20 36 36 33 36 19 -13 -19 -6 -13 -28 -28 -18 -8 -1 6 14 17 13 9 11 23 45 69 80 68 40 3 -37 -57 -47 -20 11 23 5 -18 -24 -18 -7 12 30 34 29 26 27 27 22 12 -4 -20 -23 -16 -8 0 6 8 9 7 -4 -16 -19 -14 -5 6 15 19 20 16 10 14 33 57 63 52 47 44 34 15 -11 -24 -25 -23 -15 -25 -55 -69 -59 -43 -34 -18 14 28 8 -15 -19 -18 -32 -47 -39 -20 -10 -3 17 52 75 56 4 -45 -62 -48 -28 -19 -12 7 32 48 46 31 16 10 0 -25 -41 -40 -34 -15 14 40 70 101 119 117 87 50 45 66 76 61 34 10 -2 9 44 80 87 65 40 21 7 2 1 -6 -17 -21 -18 -21 -38 -59 -68 -62 -52 
42 41 29 18 18 18 16 16 14 12 9 3 1 3 3 2 3 4 5 7 8 8 8 7 5 4 3 1 0 0 0 -1 -3 -4 -4 -4 -4 -4 -3 -1 0 0 0 -1 -3 -5 -7 -8 -8 -7 -5 -5 -7 -7 -5 -5 -7 -9 -12 -15 -17 -19 -20 -22 -27 -34 -47 -70 -102 -138 -170 -190 -197 -201 -209 -220 -229 -230 -223 -211 -197 -177 -143 -100 -56 -16 12 25 29 30 30 29 26 24 25 28 37 60 95 130 157 172 177 168 144 123 107 89 72 57 44 33 25 20 16 11 5 0 -3 -4 -4 -4 -5 -8 -10 -8 -5 -8 -14 -12 -4 2 4 2 -3 -3 3 1 -9 -17 -23 -29 -34 -45 -62 -69 -66 -60 -53 -48 -46 -46 -46 -47 -48 -49 -49 -46 -43 -45 -52 -55 -55 -58 -56 -41 -16 24 76 117 149 181 207 230 252 256 227 167 83 3 -34 -32 -27 -23 -9 1 10 37 81 146 215 213 124 35 -6 -24 -31 -15 -1 -8 -11 -7 -5 -4 -4 -3 -1 2 4 5 19 57 111 142 100 -8 -101 -118 -84 -44 -18 -5 6 13 10 4 1 0 0 0 -1 -3 -3 -1 0 0 0 0 -1 -3 -4 -3 -2 -3 -4 -5 -7 -6 -3 -4 -7 -7 -4 -1 1 2 0 -2 -1 0 0 -1 -3 -2 5 8 -2 -7 6 24 46 89 142 147 61 -68 -139 -118 -49 6 13 -3 -6 4 10 8 0 -4 12 36 47 40 22 4 -11 -26 -39 -45 -44 -30 -1 22 19 -1 -12 -6 5 18 33 37 20 -4 -19 -35 -55 -57 -28 10 25 16 0 -13 -15 -1 20 26 1 -28 -28 -26 -46 -65 -69 -69 -63 -40 -12 10 32 52 55 36 17 17 19 11 3 -18 -53 -66 -50 -31 -14 4 10 11 19 20 13 16 20 6 -10 -10 -2 7 23 37 40 47 58 63 64 71 88 93 83 85 77 28 -18 -26 -9 15 24 17 -2 -30 -46 -42 -29 -9 15 28 32 35 37 42 52 46 18 -1 -7 -11 -11 -8 -3 1 -4 -18 -28 -26 -16 -3 10 23 31 22 1 -14 -13 0 15 29 40 41 31 10 -26 -66 -84 -74 -51 -25 -14 -26 -44 -56 -56 -42 -18 10 30 32 23 17 19 20 10 -6 -19 -23 -18 -3 23 41 33 7 -19 -29 -19 -6 -5 -9 -1 23 45 48 37 29 33 15 -37 -68 -72 -72 -53 -18 14 46 87 136 171 161 122 97 88 77 62 43 19 -5 -16 -8 1 -8 -24 -29 -29 -29 -25 -20 -19 -17 -6 5 6 -3 -19 -32 -33 -27 
13 13 9 7 9 9 7 4 1 -1 -3 -4 -2 2 3 2 3 5 7 7 5 4 2 -1 -1 0 0 0 0 0 -1 -2 -1 0 -1 -4 -7 -8 -8 -9 -11 -12 -12 -12 -12 -13 -16 -22 -28 -29 -28 -27 -25 -23 -20 -19 -22 -24 -24 -25 -28 -31 -32 -36 -43 -48 -59 -82 -114 -150 -182 -202 -206 -198 -182 -159 -128 -89 -51 -7 41 64 69 72 68 58 46 34 25 23 24 24 24 25 28 31 34 41 51 58 59 57 55 50 41 31 22 16 13 11 9 8 7 3 -3 -8 -11 -10 -5 -1 0 0 0 0 0 0 0 1 2 -1 -8 -15 -20 -25 -30 -34 -39 -48 -63 -81 -99 -115 -127 -135 -138 -134 -122 -105 -86 -68 -57 -52 -49 -47 -43 -36 -26 -13 -2 4 10 23 45 73 106 144 182 213 233 244 247 239 223 205 190 168 134 97 42 -22 -49 -39 -35 -33 -15 -8 -12 6 51 100 162 209 165 79 33 -4 -43 -31 -3 -9 -12 -5 -4 -4 -4 -3 -1 2 1 -4 4 31 79 137 160 117 36 -28 -55 -46 -17 1 -1 -6 -3 -1 -2 -1 0 -1 -3 -4 -4 -3 -1 0 0 -1 -3 -4 -4 -4 -3 -1 -1 -3 -4 -3 -1 -1 -3 -5 -7 -6 -2 0 -1 -2 -1 0 0 -1 -3 -3 -2 -3 0 8 4 -5 25 94 157 174 106 -26 -134 -157 -100 -26 3 -4 -8 -2 3 2 -4 -6 5 22 36 51 70 72 35 -19 -46 -41 -37 -36 -13 19 24 5 -4 1 2 2 14 33 44 41 34 31 20 2 -1 15 33 45 47 35 29 46 70 66 14 -42 -44 -16 -10 -21 -24 -24 -27 -18 10 33 32 33 35 3 -28 -17 -5 -12 -8 -4 -24 -43 -39 -29 -9 23 28 16 26 33 7 -17 -19 -31 -49 -51 -43 -28 -5 20 45 70 90 102 106 108 116 126 127 122 104 57 14 -1 -2 2 8 22 24 -2 -28 -37 -43 -43 -24 -1 14 21 21 23 33 43 42 30 11 -9 -22 -26 -24 -23 -28 -35 -38 -32 -18 -3 10 11 -6 -30 -53 -67 -66 -58 -53 -44 -31 -35 -55 -78 -106 -130 -129 -101 -63 -30 -6 6 -2 -20 -22 -10 -6 -7 3 20 31 40 59 77 62 9 -41 -50 -28 -9 -6 2 24 29 3 -37 -68 -73 -57 -40 -31 -23 -11 4 20 33 38 23 -6 -20 -24 -29 -17 10 33 59 97 134 149 124 73 29 -1 -15 -9 -3 -10 -24 -35 -37 -43 -45 -24 1 17 27 30 28 24 22 23 24 22 16 8 2 0 0 
2 -1 0 2 3 7 8 3 0 0 0 0 0 2 6 8 8 7 4 2 2 -1 -8 -10 -4 0 0 0 0 0 0 -1 -4 -6 -3 1 -4 -14 -16 -14 -15 -15 -16 -25 -37 -42 -45 -54 -67 -79 -82 -78 -73 -61 -43 -33 -34 -38 -42 -45 -47 -48 -48 -48 -46 -43 -45 -54 -66 -72 -67 -54 -30 11 59 100 137 175 208 236 258 259 234 192 142 92 52 33 32 33 31 30 31 31 28 26 26 24 20 16 12 8 4 3 5 3 -2 -3 -1 0 0 -1 -3 -5 -7 -7 -4 0 3 5 6 4 2 3 2 -3 -8 -13 -19 -26 -38 -55 -71 -83 -94 -107 -119 -127 -134 -144 -158 -172 -179 -174 -159 -141 -122 -104 -85 -62 -41 -27 -20 -13 1 15 19 20 24 33 52 77 106 135 158 173 178 168 149 134 113 86 67 51 36 27 24 27 17 -21 -57 -56 -35 -24 -14 -6 -8 0 25 50 80 124 128 70 18 -9 -31 -35 -18 -3 -3 -6 -8 -9 -5 -2 -5 -11 -13 -12 -8 12 55 116 173 180 116 32 -13 -20 -13 -5 -7 -12 -10 -9 -7 -2 -1 -3 -2 0 -2 -4 -4 -4 -3 0 3 3 1 -1 -3 -4 -4 -3 -1 -1 -3 -3 0 2 0 -4 -7 -5 0 -1 -5 -5 -3 -1 -1 -3 -6 -7 -3 1 1 -1 12 60 128 170 142 34 -99 -162 -127 -57 -7 8 -5 -17 -8 6 9 3 -7 -2 23 40 38 25 -7 -53 -75 -60 -46 -56 -62 -39 -13 -11 -22 -31 -26 -5 18 34 43 41 28 19 19 20 19 16 11 1 -5 6 23 38 53 63 71 73 55 29 15 8 -3 -13 -18 -19 -7 14 24 21 19 18 6 -4 5 15 18 31 41 22 -6 -16 -9 16 43 39 20 20 12 -23 -39 -29 -39 -56 -48 -34 -21 8 47 77 91 90 80 72 81 106 133 145 123 88 55 6 -40 -46 -17 13 27 25 10 -11 -32 -47 -49 -36 -14 7 21 27 28 30 28 12 -6 -11 -14 -24 -26 -19 -25 -45 -55 -45 -25 -5 -3 -30 -70 -108 -137 -144 -122 -91 -85 -100 -109 -94 -71 -104 -175 -196 -177 -164 -132 -66 -9 12 10 3 8 20 8 -23 -31 -3 29 40 40 35 13 -25 -54 -57 -46 -37 -31 -14 7 7 -8 -33 -65 -78 -70 -54 -32 -13 8 40 74 96 98 87 69 29 -23 -39 -24 -9 12 37 54 49 23 9 2 -25 -49 -45 -24 -1 16 23 21 14 10 17 26 22 14 10 1 -15 -27 -28 -18 -3 9 24 32 18 -2 -13 
1 -3 -1 2 1 -1 -3 -2 2 4 4 3 0 -3 -2 1 0 -2 0 4 7 7 5 4 3 0 -4 -7 -9 -11 -11 -11 -15 -20 -23 -27 -35 -44 -49 -51 -58 -71 -83 -93 -102 -110 -123 -139 -152 -164 -168 -159 -140 -112 -85 -65 -50 -43 -41 -38 -31 -22 -17 -9 5 17 31 51 79 117 157 193 225 250 263 263 255 245 236 220 198 184 166 134 101 75 57 45 36 29 23 18 15 11 5 2 2 1 0 1 3 4 3 1 0 0 0 -1 -4 -6 -5 -6 -9 -8 -5 -3 -1 -1 -4 -7 -8 -9 -11 -13 -16 -20 -25 -33 -43 -53 -66 -83 -101 -120 -139 -152 -157 -157 -154 -152 -152 -152 -152 -147 -134 -115 -86 -50 -20 1 16 24 28 35 43 42 33 28 29 29 24 14 4 -2 -7 -21 -45 -62 -61 -48 -30 -12 -5 -9 -7 11 29 32 35 23 -28 -74 -73 -48 -28 -12 -4 -2 5 17 25 39 56 33 -15 -32 -23 -33 -37 -13 -7 -12 -8 -5 -5 -7 -9 -12 -10 -5 -7 0 31 85 153 192 158 80 22 -7 -22 -21 -8 1 -2 -6 -4 0 1 -2 -3 1 5 4 0 -3 -4 -3 -1 0 0 0 -1 -3 -4 -4 -4 -5 -7 -7 -4 -1 0 -1 -3 -2 2 2 -3 -6 -6 -6 -6 -6 -5 -3 -4 -6 2 11 6 13 64 137 169 108 -29 -143 -162 -110 -39 6 2 -17 -11 6 12 9 6 13 27 38 40 33 27 23 7 -22 -46 -57 -56 -36 -2 15 0 -20 -20 -1 21 33 36 32 15 -8 -12 2 6 -7 -22 -37 -43 -21 13 42 65 79 100 122 110 76 50 16 -41 -90 -107 -107 -96 -63 -21 2 14 34 37 16 11 21 15 2 -7 -27 -46 -40 -28 -16 16 36 19 6 11 1 -11 3 10 -5 -13 -7 2 14 31 43 43 32 15 2 5 17 38 67 76 66 30 -37 -87 -86 -50 -10 25 49 48 23 -8 -31 -45 -46 -31 -7 19 39 42 28 10 -6 -21 -27 -20 -14 -19 -36 -60 -80 -99 -111 -93 -51 -31 -50 -85 -126 -155 -162 -165 -164 -147 -142 -162 -154 -121 -134 -185 -206 -191 -166 -130 -85 -42 -6 18 22 16 20 23 7 -11 -3 27 45 34 11 0 2 -6 -34 -66 -76 -56 -25 1 24 44 41 9 -24 -37 -29 -7 16 34 52 76 95 92 76 58 18 -38 -65 -65 -58 -39 -16 2 9 11 29 44 29 9 5 6 13 36 63 67 48 39 38 15 -21 -47 -55 -53 -50 -43 -30 -12 2 15 44 68 56 23 -1 
-7 -2 4 4 -2 -9 -11 -9 -8 -8 -7 -5 -3 -4 -9 -13 -15 -14 -8 -4 -5 -6 -5 -6 -12 -17 -19 -20 -20 -19 -17 -13 -8 -11 -26 -47 -63 -76 -100 -123 -136 -155 -176 -187 -196 -212 -228 -240 -249 -248 -236 -208 -159 -108 -78 -57 -32 -17 -9 -1 5 13 21 24 26 37 62 99 145 193 232 250 242 218 192 171 151 128 106 85 66 54 44 31 19 12 9 7 5 4 3 1 -1 -3 -4 -3 -1 0 1 4 7 8 8 4 -3 -3 3 6 4 2 4 3 -5 -11 -13 -16 -19 -20 -20 -22 -26 -27 -26 -28 -33 -39 -43 -42 -43 -57 -79 -103 -131 -156 -165 -156 -142 -132 -123 -108 -80 -42 -9 17 37 48 62 75 74 65 55 47 47 51 39 8 -19 -27 -17 -4 -10 -44 -93 -129 -143 -148 -156 -163 -159 -140 -99 -50 -17 -3 2 13 27 24 19 17 -22 -92 -124 -96 -58 -29 -11 -9 -4 11 24 24 22 17 -13 -35 -27 -31 -42 -32 -18 -10 -2 0 -7 -13 -9 -1 2 2 -1 -4 8 50 115 172 173 93 -10 -65 -67 -45 -20 -6 -6 -5 -1 0 0 -1 -4 -4 1 3 1 0 -1 -5 -10 -9 -4 -3 -4 -3 -1 -2 -6 -8 -8 -8 -9 -10 -8 -3 2 3 1 0 -1 -3 -5 -7 -8 -7 -4 -2 -2 -2 -3 -3 -1 3 31 95 154 155 69 -70 -166 -161 -87 -17 8 0 -8 -4 3 4 6 9 3 21 66 85 86 94 69 2 -45 -39 -16 -9 1 20 22 7 -8 -13 -4 13 26 35 39 33 33 40 30 5 -9 -8 -7 -6 4 26 53 74 86 87 84 89 81 34 -38 -103 -141 -145 -122 -89 -53 -18 7 18 20 8 -13 -15 -8 -20 -43 -54 -48 -36 -31 -33 -20 10 22 7 2 15 14 8 22 22 -6 -15 -7 -10 -11 -9 -10 -9 -9 -13 -20 -14 9 29 44 42 9 -27 -41 -49 -55 -32 11 42 53 49 35 8 -29 -54 -56 -45 -28 -11 -12 -29 -39 -45 -63 -85 -83 -55 -38 -56 -91 -118 -137 -143 -127 -102 -79 -68 -81 -110 -149 -202 -260 -293 -275 -213 -163 -178 -203 -166 -124 -138 -138 -63 2 -18 -50 -35 -5 15 26 29 30 31 16 -5 4 38 55 45 32 24 6 -23 -39 -29 -7 8 28 68 93 73 23 -29 -53 -47 -35 -23 -16 -13 2 21 21 9 6 14 22 11 -11 -16 -13 -15 -8 18 56 75 62 43 26 3 -17 -21 -2 29 44 34 19 11 -1 -20 -36 -41 -32 -14 1 14 25 24 23 31 40 43 33 18 
5 7 7 2 -6 -9 -6 -5 -7 -7 -4 1 5 3 -4 -9 -8 -8 -14 -20 -23 -24 -25 -28 -31 -32 -32 -32 -31 -29 -28 -27 -24 -23 -30 -46 -72 -112 -164 -211 -235 -239 -238 -242 -251 -253 -237 -210 -185 -161 -131 -93 -49 -9 13 17 16 16 17 19 19 17 16 14 12 17 32 56 82 104 121 121 100 77 62 53 47 38 26 17 11 5 0 -4 -7 -8 -8 -6 -3 -3 -3 -1 -1 -3 -4 -4 -4 -3 -1 0 0 -2 -6 -9 -11 -14 -19 -24 -28 -33 -39 -48 -59 -65 -66 -65 -60 -50 -40 -37 -41 -44 -45 -48 -52 -55 -55 -49 -44 -53 -70 -87 -104 -108 -89 -57 -24 10 49 92 135 174 204 221 227 221 190 129 62 19 3 7 22 27 10 -22 -53 -72 -70 -57 -60 -95 -160 -214 -218 -182 -151 -154 -173 -181 -163 -117 -57 -7 10 3 5 22 23 0 -41 -103 -145 -139 -100 -49 -15 -7 -5 6 21 22 13 11 -2 -26 -34 -30 -32 -29 -11 1 3 2 -3 -7 -5 1 4 4 2 -4 -6 10 44 82 86 20 -78 -137 -132 -87 -45 -27 -22 -17 -13 -12 -10 -4 1 -2 -8 -9 -6 -2 0 0 0 -1 -3 -4 -4 -3 -1 0 -1 -3 -4 -5 -8 -10 -8 -4 -1 -3 -9 -11 -8 -6 -6 -5 -3 -2 -3 -4 -4 -5 -6 -5 -3 1 16 55 114 162 143 31 -104 -162 -123 -46 5 9 -6 -9 2 13 12 1 -8 4 34 57 69 66 40 12 1 0 -11 -31 -35 -18 0 1 -11 -20 -17 -2 18 36 47 48 44 39 32 25 21 21 15 -8 -36 -50 -41 -9 31 55 54 38 17 -5 -32 -73 -126 -158 -147 -117 -83 -46 -16 0 5 3 -6 -13 -8 6 22 33 27 8 -7 -15 -12 8 30 37 38 40 28 6 -3 -5 -22 -45 -51 -44 -37 -28 -16 -6 1 6 9 20 38 48 54 59 60 57 41 0 -46 -60 -43 -12 22 46 54 38 -2 -39 -56 -63 -72 -83 -95 -108 -110 -95 -77 -74 -83 -79 -57 -44 -67 -116 -141 -123 -100 -104 -111 -103 -100 -105 -126 -156 -162 -149 -143 -109 -51 -63 -111 -87 -23 -7 -14 18 50 36 10 0 -1 8 24 33 34 31 15 -8 -10 16 45 51 31 2 -19 -24 -17 -9 -4 -1 8 23 24 11 -7 -40 -76 -89 -83 -72 -58 -41 -26 -15 -7 -3 -2 8 35 49 33 16 8 0 -4 5 27 40 36 32 25 -3 -30 -22 -4 3 17 31 22 7 9 14 13 10 9 10 8 4 3 8 10 -6 -29 -29 -6 14 
7 4 1 -1 -2 0 3 1 -5 -7 -5 -4 -8 -17 -24 -28 -33 -41 -52 -60 -58 -47 -35 -29 -29 -31 -33 -36 -40 -45 -50 -54 -55 -50 -47 -55 -75 -107 -144 -181 -206 -198 -168 -137 -104 -61 -13 33 74 103 123 131 119 94 69 47 30 24 25 29 34 35 33 32 31 30 33 38 39 34 25 22 24 18 10 9 10 7 2 0 0 -1 -3 -2 3 8 11 8 0 -4 -3 -1 1 2 1 -1 -4 -7 -10 -16 -23 -29 -35 -37 -38 -48 -64 -78 -88 -99 -115 -126 -126 -124 -122 -115 -102 -84 -67 -57 -52 -49 -47 -46 -44 -36 -26 -23 -22 -12 6 30 60 94 129 156 174 191 208 215 202 176 153 135 124 117 85 27 -31 -73 -84 -65 -38 -26 -37 -65 -101 -131 -134 -113 -105 -148 -231 -281 -243 -149 -83 -104 -182 -229 -210 -149 -82 -32 -4 1 2 22 36 22 -18 -90 -168 -197 -153 -80 -27 -8 -10 -7 5 13 11 10 5 -30 -67 -60 -43 -34 -10 6 5 4 5 6 3 -3 -7 -7 -4 -1 -1 -1 5 5 -10 -40 -102 -175 -196 -149 -83 -40 -20 -12 -11 -14 -14 -8 -2 -3 -8 -8 -5 -3 -2 -2 -1 -2 -6 -7 -4 -1 1 3 4 4 3 0 -3 -5 -6 -5 -4 -6 -9 -8 -5 -4 -4 -3 0 0 -5 -6 -3 -3 -4 -4 -3 -2 3 29 86 152 173 105 -25 -134 -159 -101 -23 12 0 -18 -13 8 14 -1 -4 0 4 34 66 69 67 68 50 10 -31 -52 -55 -47 -29 -12 -9 -19 -28 -21 1 17 20 19 7 -12 -14 1 11 17 25 18 -3 -22 -31 -24 -4 17 22 3 -20 -25 -24 -46 -96 -149 -175 -162 -124 -80 -41 -14 1 15 26 22 22 38 56 63 45 15 2 -4 -21 -27 -5 19 23 23 27 13 -11 -8 4 -15 -29 -15 -7 1 16 21 17 15 19 19 18 35 59 71 78 73 32 -24 -56 -72 -74 -48 -9 17 24 25 19 -3 -27 -45 -74 -114 -140 -154 -163 -146 -117 -107 -105 -87 -59 -45 -59 -106 -178 -232 -220 -165 -115 -82 -72 -75 -54 10 77 98 85 64 71 115 113 77 111 181 189 121 42 18 30 36 35 35 30 25 32 35 26 11 -4 -2 24 53 61 50 38 23 -12 -53 -68 -55 -37 -33 -39 -35 -23 -29 -57 -75 -73 -70 -60 -44 -43 -49 -38 -18 -14 -14 5 24 17 -2 -8 -7 -12 -13 -3 11 24 29 17 -8 -20 -6 5 3 13 34 38 22 14 21 26 21 6 -12 -22 -26 -27 -19 -12 -27 -55 -59 -32 -7 
-7 -12 -13 -10 -6 -7 -15 -25 -34 -41 -48 -57 -65 -70 -76 -87 -103 -120 -134 -140 -132 -112 -88 -64 -45 -37 -35 -33 -33 -35 -37 -37 -32 -23 -15 -11 -7 3 21 46 70 86 102 130 173 217 241 238 222 212 205 186 150 103 63 42 32 27 26 26 25 25 27 25 19 16 14 9 5 1 -6 -7 -2 -1 1 7 9 5 1 0 0 0 0 0 -1 -3 -3 -3 -5 -5 -4 -5 -6 -5 -4 -5 -9 -17 -29 -44 -61 -78 -91 -100 -109 -120 -131 -138 -141 -144 -149 -153 -153 -149 -139 -121 -98 -76 -61 -46 -26 -14 -10 -5 4 15 23 27 36 62 99 138 179 210 215 199 170 127 78 33 -8 -41 -55 -56 -55 -55 -64 -82 -121 -184 -215 -183 -123 -70 -53 -95 -179 -232 -198 -117 -71 -96 -140 -117 -13 100 143 84 -47 -166 -198 -142 -72 -36 -14 4 11 16 38 57 30 -47 -157 -222 -188 -113 -47 -10 -3 -3 4 16 17 9 1 -36 -95 -110 -81 -55 -33 -12 -3 -2 1 6 4 -3 -7 -10 -11 -7 -2 2 8 5 -13 -47 -123 -220 -257 -204 -115 -46 -9 3 2 -4 -9 -9 -9 -8 -3 1 2 0 -4 -8 -12 -13 -10 -8 -7 -4 0 2 1 0 -1 -2 -2 -4 -7 -8 -8 -6 -1 3 3 0 -4 -7 -8 -7 -5 -4 -4 -4 -5 -5 -2 0 0 8 45 115 176 164 58 -82 -167 -157 -81 -11 4 -11 -16 -3 8 3 3 -1 -9 16 53 70 78 75 49 9 -20 -31 -42 -49 -35 -10 5 0 -14 -16 -4 4 0 -9 -26 -44 -42 -22 -5 10 32 47 49 40 21 5 4 17 33 42 45 49 55 53 36 -11 -76 -101 -83 -55 -29 -12 -2 6 12 16 21 20 11 4 -5 -25 -43 -53 -71 -81 -58 -25 -11 -1 19 21 0 -2 14 5 -12 -8 -1 6 17 21 16 10 8 2 0 24 53 58 53 49 25 -5 -18 -41 -66 -61 -37 -16 -1 14 24 13 -14 -35 -60 -108 -152 -182 -216 -239 -255 -264 -226 -144 -80 -64 -70 -91 -145 -209 -227 -191 -135 -64 5 30 30 49 83 98 89 70 90 185 248 218 200 243 268 217 131 70 35 12 11 33 51 54 56 58 59 53 32 14 21 47 66 67 65 63 47 21 5 -10 -37 -53 -52 -48 -45 -48 -63 -82 -97 -111 -117 -118 -128 -137 -125 -90 -51 -23 3 32 43 26 6 -11 -32 -42 -40 -29 -15 -21 -48 -62 -54 -49 -42 -24 -12 -6 10 23 21 20 17 1 -23 -43 -51 -43 -27 -17 -7 1 -1 -5 -10 -19 
-24 -25 -28 -33 -42 -59 -82 -97 -100 -107 -122 -136 -146 -154 -163 -179 -201 -217 -224 -218 -194 -157 -118 -82 -51 -35 -27 -17 -9 -5 -4 -1 5 11 22 42 68 102 148 202 245 255 239 220 210 201 179 147 113 80 57 49 43 35 35 38 34 28 23 15 6 -1 -5 -3 2 2 -2 -2 2 5 7 2 -9 -11 -4 3 5 2 0 -1 -3 -4 -4 -6 -11 -16 -19 -20 -20 -21 -23 -25 -28 -30 -30 -31 -33 -40 -57 -80 -105 -129 -146 -156 -161 -161 -161 -165 -169 -166 -157 -148 -139 -124 -98 -64 -31 -8 4 14 25 31 32 33 33 28 22 24 35 50 67 88 112 118 88 31 -35 -90 -122 -131 -129 -129 -125 -108 -85 -74 -82 -117 -212 -343 -397 -327 -213 -128 -88 -109 -172 -197 -134 -41 -1 -6 8 82 181 235 225 176 97 -9 -80 -72 -31 -6 0 2 4 3 23 62 83 62 -25 -136 -186 -158 -92 -33 -3 5 7 13 18 11 -4 -35 -104 -174 -174 -125 -83 -43 -11 -5 -7 -2 0 -2 -1 -2 -5 -8 -11 -9 -1 16 31 10 -60 -154 -219 -213 -149 -76 -29 -9 -2 -1 -3 -5 -9 -10 -4 0 0 -1 -3 -6 -10 -10 -6 -5 -7 -7 -5 -5 -8 -11 -12 -11 -9 -7 -6 -7 -8 -6 -1 3 3 0 -4 -7 -8 -7 -5 -4 -4 -5 -7 -7 -4 1 -1 -12 -2 57 149 202 152 24 -105 -168 -139 -67 -22 -9 -7 -6 5 16 10 -7 -22 -25 -9 13 22 22 21 14 -3 -27 -50 -56 -38 -13 2 1 -9 -16 -18 -16 -16 -25 -36 -40 -36 -22 -2 10 12 17 22 10 -18 -41 -43 -30 -11 19 56 86 110 135 159 158 120 73 34 9 1 1 4 -1 -14 -15 -9 -15 -27 -28 -20 -23 -35 -42 -48 -46 -27 -2 21 30 22 17 12 -1 -7 -5 -17 -35 -34 -27 -22 -12 -2 0 -7 -12 -11 -10 -5 5 18 36 47 37 6 -35 -65 -69 -55 -32 1 25 31 28 4 -22 -31 -55 -96 -133 -164 -177 -162 -131 -99 -71 -56 -54 -41 6 82 138 120 31 -58 -64 20 114 139 106 98 141 180 173 133 119 163 208 199 173 170 177 170 139 101 66 34 16 13 23 42 57 65 63 47 23 2 2 16 14 3 12 43 65 50 8 -37 -69 -83 -88 -87 -76 -71 -89 -116 -138 -159 -175 -176 -162 -142 -112 -64 -19 6 27 49 45 14 -12 -24 -41 -73 -96 -99 -106 -119 -120 -115 -114 -104 -83 -68 -58 -36 -12 -6 -6 -1 3 5 7 8 5 -4 -9 1 16 22 14 -10 -35 
-28 -31 -39 -50 -69 -99 -130 -160 -188 -205 -217 -230 -242 -254 -263 -265 -261 -255 -242 -214 -170 -113 -60 -25 -5 5 10 11 8 3 -2 -10 -23 -28 -16 5 26 53 92 124 138 145 134 95 47 8 -19 -21 -10 -30 -61 -64 -50 -32 -9 6 4 0 -1 -2 -1 -1 -3 0 6 4 -2 -4 -3 0 4 6 6 6 5 2 -5 -14 -18 -20 -24 -25 -24 -24 -25 -27 -30 -32 -30 -29 -32 -35 -38 -42 -45 -46 -47 -54 -68 -86 -106 -124 -138 -147 -146 -130 -107 -89 -73 -50 -21 17 57 76 79 80 76 64 51 40 30 27 28 23 8 -12 -30 -45 -57 -64 -63 -46 -18 -6 -27 -78 -139 -184 -198 -178 -144 -118 -101 -80 -47 -21 -23 -74 -202 -351 -392 -313 -234 -213 -199 -155 -100 -56 -19 7 6 -6 -2 20 29 9 -15 -11 27 62 63 35 12 12 8 -5 -7 4 16 44 111 165 133 -4 -145 -172 -122 -64 -22 -3 1 6 20 20 -1 -32 -101 -207 -251 -193 -113 -54 -16 -6 -8 -6 -5 -8 -9 -4 3 4 -3 -8 -3 16 53 99 115 50 -74 -163 -164 -107 -53 -28 -16 -6 -1 -2 -7 -10 -9 -8 -7 -4 -1 0 1 2 0 -3 -4 -5 -7 -9 -12 -15 -15 -13 -10 -6 -4 -4 -4 -4 -5 -6 -4 -1 0 1 4 4 -1 -3 -2 -3 -4 -4 -2 0 -1 2 11 28 76 145 172 107 -26 -136 -160 -116 -63 -27 -8 -2 17 38 23 -5 -23 -47 -54 -28 -5 2 5 -3 -32 -66 -77 -67 -55 -43 -32 -28 -30 -37 -47 -49 -47 -55 -57 -44 -34 -28 -13 2 8 18 27 18 -9 -39 -57 -59 -47 -23 14 58 100 139 171 196 201 159 90 35 6 1 11 18 11 0 -5 -6 -3 5 10 7 4 4 3 2 2 5 20 27 10 8 23 12 -4 13 14 -16 -26 -27 -31 -23 -11 -9 -20 -33 -49 -72 -75 -45 -8 11 7 -20 -57 -73 -63 -45 -33 -25 -9 7 22 38 29 15 32 43 18 4 21 45 98 154 136 64 22 32 66 121 196 260 274 213 106 21 19 106 190 203 182 184 218 238 184 86 60 115 149 127 85 61 66 83 103 103 57 -4 -31 -24 -7 10 21 22 15 -3 -35 -56 -45 -28 -31 -38 -21 9 14 -9 -45 -90 -121 -120 -92 -50 -26 -34 -49 -61 -80 -92 -74 -36 -9 4 25 39 17 -10 -2 16 12 -2 -16 -51 -115 -171 -192 -189 -171 -147 -126 -104 -91 -91 -79 -50 -31 -17 6 17 19 27 34 32 20 2 -14 -17 -11 -12 -23 -35 -46 -56 
-37 -32 -33 -47 -75 -109 -155 -211 -243 -245 -239 -231 -217 -193 -163 -125 -77 -32 5 27 32 29 25 15 -2 -11 -21 -34 -35 -32 -39 -55 -64 -56 -50 -45 -20 -9 -17 -3 6 -7 -12 -25 -57 -69 -56 -45 -38 -34 -35 -30 -16 -6 -3 -3 -3 1 3 1 0 2 6 9 7 0 -4 -7 -14 -18 -17 -18 -19 -13 -7 -9 -13 -15 -18 -21 -26 -38 -55 -64 -54 -39 -38 -39 -33 -32 -34 -36 -36 -32 -34 -39 -36 -31 -34 -40 -39 -35 -34 -24 3 40 80 118 152 176 192 205 211 208 186 142 90 44 16 7 6 7 -4 -30 -59 -89 -104 -102 -107 -119 -114 -91 -65 -43 -48 -94 -188 -311 -373 -322 -203 -87 -9 29 43 49 33 -8 -50 -81 -101 -112 -133 -186 -254 -267 -178 -48 20 17 4 -8 -56 -135 -186 -196 -184 -130 -28 80 133 115 68 25 -2 -8 -3 1 2 17 69 139 168 93 -60 -160 -146 -79 -27 -5 4 8 18 33 23 -8 -77 -203 -289 -253 -155 -79 -33 -7 -1 -6 -9 -4 -2 -4 -3 -2 -3 -4 -2 6 32 96 172 172 56 -95 -169 -142 -75 -27 -10 -7 -5 -6 -2 5 0 -7 -9 -11 -11 -6 1 1 -4 -5 -4 -5 -8 -10 -9 -8 -7 -5 -3 -2 -2 -2 -2 -4 -7 -6 -4 -5 -5 -2 -1 -2 -1 -1 -3 -3 0 2 0 -4 -5 3 11 7 24 95 174 174 71 -75 -177 -178 -110 -43 -11 -3 11 25 20 -4 -33 -53 -62 -55 -31 -11 -11 -19 -18 -11 -9 -16 -26 -25 -18 -23 -39 -55 -69 -77 -74 -66 -61 -59 -53 -45 -34 -17 -1 16 37 54 57 46 30 14 1 -2 8 31 66 104 132 156 164 129 81 42 4 -15 -10 6 31 48 38 19 6 -6 1 23 24 12 4 -12 -36 -49 -43 -34 -36 -36 -23 -12 -1 24 35 18 2 -4 -6 -8 -10 -15 -35 -66 -96 -119 -120 -96 -79 -83 -75 -52 -36 -15 2 -4 -14 -12 -7 2 17 28 37 32 31 73 100 87 94 106 107 124 141 128 105 109 136 162 181 197 206 220 232 195 122 92 136 191 181 124 87 94 111 92 59 57 72 70 44 13 3 14 25 27 18 -4 -27 -43 -53 -51 -40 -29 -30 -50 -71 -83 -78 -44 -12 -4 7 32 50 46 16 -36 -79 -74 -23 36 75 88 82 69 55 49 54 62 75 85 81 69 43 4 -19 -12 -1 -6 -28 -66 -105 -144 -177 -174 -143 -113 -84 -57 -45 -46 -43 -30 -17 1 26 40 41 34 19 -2 -26 -42 -47 -47 -42 -35 -29 -29 -31 -25 
-45 -47 -41 -33 -42 -56 -67 -78 -71 -40 4 50 95 142 185 217 240 261 273 259 213 141 71 21 -19 -50 -68 -72 -64 -53 -46 -54 -69 -64 -54 -49 -31 -30 -54 -53 -38 -40 -32 -14 -8 1 21 36 49 71 85 78 59 35 12 4 10 13 11 8 4 1 -1 -5 -12 -17 -17 -18 -23 -27 -30 -32 -29 -23 -19 -19 -16 -8 -5 -7 -15 -37 -69 -103 -121 -104 -68 -44 -39 -38 -32 -26 -21 -15 -13 -15 -9 10 32 57 88 118 148 180 205 217 221 222 219 204 180 146 100 63 33 -3 -36 -61 -77 -73 -53 -44 -65 -104 -133 -144 -146 -141 -134 -128 -104 -69 -49 -42 -46 -90 -206 -327 -328 -195 -25 91 145 157 128 84 44 17 53 152 208 159 66 -25 -145 -249 -220 -78 23 27 12 20 8 -50 -104 -127 -123 -73 19 116 166 148 91 33 5 2 -3 -13 -16 -5 23 76 139 141 20 -134 -177 -123 -61 -21 1 8 15 37 56 55 24 -72 -212 -276 -215 -125 -66 -23 -2 -2 -1 6 9 3 -5 -8 -7 -6 -7 -2 21 64 122 169 134 -7 -142 -170 -116 -46 -8 -6 -7 -2 0 0 0 -2 -7 -12 -14 -12 -9 -9 -10 -9 -8 -9 -12 -13 -9 -4 -1 0 -1 -2 -2 -3 -4 -5 -5 -3 -4 -7 -7 -6 -8 -9 -6 -5 -5 -2 0 0 -2 -2 1 1 1 2 17 70 144 186 141 15 -115 -187 -165 -87 -36 -20 -17 -11 4 4 -15 -33 -54 -75 -67 -34 -8 7 29 55 67 63 47 27 15 8 -5 -23 -40 -53 -58 -57 -62 -71 -66 -53 -43 -29 -14 -2 14 34 49 49 33 11 -6 -12 -12 -6 14 45 77 94 85 61 38 16 -6 -16 -10 5 26 39 27 5 -13 -33 -35 -7 14 8 -7 -23 -40 -49 -50 -44 -32 -25 -15 2 4 -11 -14 -14 -32 -37 -23 -16 -22 -40 -68 -104 -136 -154 -167 -164 -136 -110 -97 -73 -26 23 45 30 3 -10 -14 -4 13 17 27 26 10 45 111 132 123 114 100 105 136 148 126 108 120 154 193 213 197 186 206 212 173 116 101 126 130 99 55 12 -2 15 16 -2 -10 -7 -5 -10 -12 -9 -14 -20 -10 -3 -30 -71 -93 -100 -96 -82 -77 -90 -102 -105 -102 -78 -34 5 26 36 48 62 65 54 44 50 64 79 111 143 144 129 117 110 101 87 84 93 90 72 49 13 -25 -35 -19 0 5 1 9 11 -14 -36 -34 -23 -15 -11 -8 -11 -32 -59 -62 -45 -28 -5 16 19 14 11 6 2 2 -1 -4 0 13 22 21 24 
7 -2 3 27 49 66 103 156 197 230 268 299 313 314 309 300 284 262 238 211 167 101 32 -6 -22 -54 -74 -70 -74 -76 -60 -52 -65 -66 -42 -23 -25 -23 -17 -21 -7 27 53 77 101 105 101 113 134 148 144 116 74 35 10 3 2 -6 -12 -8 -2 -3 -12 -24 -29 -25 -24 -26 -22 -16 -17 -18 -13 -12 -16 -16 -11 -7 -6 -11 -26 -47 -80 -144 -205 -188 -107 -48 -31 -21 -8 3 8 8 15 25 28 37 63 96 122 146 179 198 186 162 136 110 85 57 19 -25 -66 -98 -111 -117 -126 -125 -107 -88 -90 -111 -128 -147 -170 -164 -144 -148 -170 -185 -180 -145 -88 -46 -36 -63 -103 -68 62 185 214 170 126 108 84 45 18 0 28 158 301 316 227 136 60 1 -3 44 71 61 69 114 174 192 129 42 5 32 104 180 202 144 58 10 -1 -5 -8 -8 -11 -9 12 57 125 167 98 -60 -170 -167 -101 -34 1 10 7 17 63 114 164 163 17 -162 -194 -125 -68 -27 -2 4 7 4 2 3 1 0 -1 -3 -4 -5 8 44 90 150 171 69 -88 -164 -142 -82 -32 -12 -9 -7 -10 -13 -8 -5 -6 -6 -7 -9 -11 -10 -7 -7 -9 -12 -14 -12 -8 -5 -4 -4 -4 -4 -4 -3 -2 -2 -3 -6 -8 -7 -5 -4 -3 -2 -3 -4 -4 -4 -4 -3 -1 1 4 6 6 7 9 27 79 149 172 110 -8 -139 -196 -151 -79 -32 -19 -17 -11 -1 10 8 -4 -10 -4 17 49 74 82 84 94 102 81 32 -6 -10 -2 -6 -17 -26 -35 -41 -38 -30 -27 -30 -29 -16 3 15 19 24 31 25 -4 -39 -57 -60 -58 -49 -31 -7 17 32 37 29 -1 -32 -38 -25 2 27 25 11 4 -2 -10 -18 -30 -33 -19 -14 -22 -24 -18 -17 -30 -32 -9 9 19 31 22 -13 -29 -20 -27 -43 -47 -44 -50 -67 -78 -89 -101 -101 -110 -125 -109 -80 -88 -114 -100 -47 7 34 25 -2 -20 -16 4 20 25 26 18 16 67 145 175 170 173 174 148 100 62 50 63 98 131 132 102 68 48 53 74 75 53 35 33 35 23 -15 -55 -59 -50 -52 -46 -28 -17 -20 -27 -28 -23 -23 -23 -16 -31 -68 -91 -104 -114 -110 -95 -80 -75 -80 -87 -82 -51 -12 -2 -16 -15 17 61 100 133 144 120 88 88 110 120 119 111 98 91 91 89 88 91 84 65 38 5 -17 -9 19 47 73 97 112 98 54 26 36 49 44 34 21 -7 -42 -59 -60 -52 -23 7 18 28 44 51 52 58 56 39 22 20 30 35 31 
14 26 28 28 51 90 127 169 212 230 226 213 189 160 138 126 117 103 84 63 39 11 -19 -43 -62 -77 -72 -58 -54 -42 -18 1 9 13 29 44 45 60 82 79 76 89 95 104 120 116 103 92 75 70 70 56 36 21 15 7 -7 -17 -22 -24 -24 -25 -28 -31 -27 -18 -18 -22 -17 -12 -14 -19 -22 -16 -5 3 8 11 10 4 -3 -15 -61 -154 -229 -208 -120 -43 2 22 27 31 35 33 33 39 41 41 40 30 17 15 24 30 27 21 15 9 1 -14 -51 -106 -162 -202 -195 -154 -124 -110 -87 -65 -76 -114 -151 -186 -198 -139 -43 19 32 4 -59 -114 -111 -68 -35 -28 -26 -2 31 25 -22 -56 -58 -43 -26 -17 -6 3 30 115 210 247 233 214 238 283 280 221 146 95 93 149 241 292 251 175 143 169 210 213 165 90 28 -1 -14 -17 -5 1 -8 -16 -15 11 73 148 161 51 -98 -156 -115 -53 -16 3 5 6 38 97 180 244 176 -20 -165 -159 -93 -44 -13 -1 0 -2 -6 -7 -6 -6 -6 -6 -5 -7 -8 9 56 130 183 147 35 -58 -86 -77 -48 -15 -8 -20 -17 -4 -4 -8 -8 -8 -8 -7 -5 -3 -2 -4 -9 -13 -12 -9 -7 -6 -7 -8 -7 -6 -6 -5 -4 -3 -2 -4 -6 -5 -4 -3 -1 -1 -3 -4 -5 -6 -4 -1 0 -1 -3 -6 -7 -3 -1 7 45 115 186 182 70 -67 -161 -183 -124 -55 -27 -22 -24 -17 9 40 64 76 71 60 65 91 115 115 97 82 67 32 -7 -21 -12 2 9 3 -5 8 31 32 6 -22 -27 -14 0 9 12 17 31 41 31 6 -19 -37 -42 -32 -16 -3 4 17 41 50 27 -6 -25 -31 -21 3 19 17 1 -26 -47 -37 -6 6 -9 -25 -35 -39 -31 -21 -22 -24 -15 -10 -16 -10 12 21 13 15 19 -2 -29 -37 -32 -21 -6 9 22 32 35 17 -27 -66 -69 -54 -42 -18 16 35 28 8 -5 -11 -6 16 34 37 21 -4 11 71 117 123 107 78 39 3 -18 -16 9 35 41 23 -9 -34 -43 -42 -36 -34 -45 -59 -59 -51 -53 -61 -65 -69 -73 -70 -59 -46 -35 -31 -41 -53 -51 -45 -40 -26 -19 -34 -54 -69 -80 -78 -58 -29 -3 18 32 37 46 56 45 16 -8 1 46 93 126 141 133 113 93 83 89 102 103 85 64 53 47 37 28 36 58 69 50 14 -9 -4 29 70 91 94 87 66 52 68 91 90 73 60 51 35 13 -3 -1 18 38 50 56 59 61 53 34 20 7 -5 -2 12 22 22 
-28 -24 -30 -33 -16 13 39 54 58 59 59 55 48 39 30 24 21 18 10 -2 -9 -9 -7 -17 -31 -14 20 37 46 65 85 101 114 110 101 98 95 108 129 121 95 78 63 59 69 63 45 30 13 2 -5 -14 -16 -9 -3 -4 -6 -6 -10 -20 -30 -32 -25 -21 -22 -19 -19 -24 -29 -39 -47 -40 -22 -6 5 11 13 18 21 25 37 39 10 -59 -145 -185 -138 -45 23 45 41 36 37 34 28 26 26 22 3 -30 -58 -69 -68 -53 -26 -12 -11 -7 -7 -21 -60 -138 -259 -370 -372 -252 -104 -11 20 19 9 -23 -107 -196 -173 -16 140 208 212 155 55 -28 -67 -79 -81 -64 -47 -78 -144 -193 -190 -140 -93 -73 -61 -46 -16 49 126 158 139 128 144 177 262 364 375 279 164 91 65 104 199 276 280 243 224 220 190 125 56 17 8 5 -3 -15 -27 -35 -45 -60 -72 -62 -13 78 170 163 37 -79 -98 -74 -48 -15 9 12 13 45 110 194 225 92 -122 -202 -146 -81 -33 -10 -11 -9 -9 -11 -9 -7 -4 -1 -1 0 -2 -4 26 89 163 221 204 111 20 -25 -30 -13 -3 -10 -14 -10 -10 -11 -9 -7 -4 -1 0 0 0 -2 -6 -7 -5 -4 -4 -4 -4 -4 -5 -6 -6 -7 -8 -5 -1 -2 -3 0 2 1 0 -2 -6 -8 -8 -7 -5 -4 -3 -1 -2 -7 -8 0 6 4 14 57 140 200 159 58 -60 -163 -168 -103 -59 -37 -20 -3 23 49 69 79 69 46 32 41 61 63 39 14 9 12 6 -1 10 36 53 54 52 51 40 9 -31 -57 -59 -47 -34 -20 -7 1 13 30 39 36 23 5 -4 4 17 20 12 3 10 36 58 59 41 10 -21 -28 -16 -15 -27 -46 -60 -49 -26 -17 -26 -46 -68 -79 -70 -44 -15 -2 3 14 7 -10 2 25 18 7 17 13 -3 -4 8 22 32 54 80 81 82 92 77 45 35 49 54 42 31 27 22 10 -6 -24 -28 -3 24 35 32 13 -2 12 43 54 28 -18 -51 -59 -61 -64 -59 -55 -63 -77 -86 -87 -83 -82 -85 -82 -80 -88 -95 -91 -83 -69 -55 -62 -68 -54 -44 -49 -52 -48 -54 -68 -68 -57 -50 -37 -8 11 4 -3 1 9 23 45 71 102 132 141 128 107 87 62 25 -6 -3 35 74 91 97 94 68 38 34 50 64 59 36 10 -8 -19 -27 -24 -5 18 24 8 -14 -22 0 42 70 77 87 101 102 104 123 140 135 114 97 82 52 22 10 6 13 31 38 32 32 27 6 -6 -8 -10 -5 6 15 19 
-11 -41 -61 -51 -42 -49 -41 -25 -29 -29 -15 -4 2 3 0 -4 -4 3 11 14 14 18 27 43 77 119 137 127 114 106 96 103 128 124 92 69 57 54 59 54 35 15 1 -1 7 11 5 -1 -3 -10 -21 -27 -25 -19 -17 -15 -7 0 1 -4 -10 -10 -3 3 4 6 8 5 -11 -36 -45 -32 -14 -2 2 1 1 6 14 24 36 48 68 76 11 -102 -129 -57 3 25 29 24 23 22 17 14 12 1 -24 -64 -112 -141 -130 -85 -34 -10 -7 -4 -6 -21 -60 -152 -275 -318 -229 -78 53 131 164 157 121 70 -12 -84 -65 23 82 72 -3 -137 -243 -235 -162 -107 -74 -35 18 80 124 118 66 2 -43 -61 -56 -36 2 84 178 195 137 81 64 96 170 246 270 218 133 77 67 92 138 174 173 148 125 102 65 20 -13 -27 -37 -54 -67 -81 -106 -124 -133 -140 -138 -115 -58 32 144 218 171 52 -22 -42 -37 -22 -8 2 6 30 77 153 241 206 8 -155 -160 -98 -42 -8 -3 -4 -1 0 1 3 5 7 8 11 7 -3 11 49 113 205 247 181 83 31 2 -17 -9 5 -5 -21 -18 -11 -9 -6 -1 2 2 1 -2 -4 -3 -1 0 0 0 -1 -3 -4 -5 -6 -6 -7 -8 -6 -4 -5 -4 1 5 3 -2 -5 -7 -8 -8 -8 -7 -5 -3 -2 -3 -5 -6 0 9 7 2 19 72 150 191 146 43 -86 -170 -146 -80 -36 -11 4 13 17 24 36 42 37 21 0 -13 -16 -18 -33 -47 -29 0 13 24 39 45 47 50 34 3 -19 -28 -32 -43 -53 -46 -28 -8 7 15 21 28 26 8 -12 -23 -21 -11 -5 -5 -8 -6 12 42 62 59 42 18 -8 -29 -39 -30 -10 5 3 -26 -61 -76 -80 -75 -55 -31 -11 5 7 8 35 57 43 23 21 17 7 8 7 -6 -18 -19 -7 10 35 67 84 91 110 142 167 168 143 97 46 9 -2 5 7 -5 -23 -32 -25 -12 1 14 17 3 -15 -18 -13 -26 -55 -71 -69 -71 -84 -96 -101 -104 -106 -102 -95 -93 -97 -100 -96 -92 -97 -108 -114 -109 -92 -74 -68 -54 -27 -17 -28 -36 -34 -33 -35 -33 -23 -12 -2 24 53 61 68 81 87 90 96 105 108 103 99 87 67 59 56 36 -2 -22 5 39 44 39 34 19 -1 -11 -6 8 18 11 -10 -28 -38 -45 -47 -39 -19 4 15 10 -1 0 24 58 81 98 116 113 95 104 138 157 143 114 88 59 21 -19 -46 -48 -29 -11 -9 -14 -17 -17 -12 -2 8 12 13 17 22 
-28 -60 -83 -74 -59 -60 -53 -29 -15 -13 -8 -1 3 4 2 -2 -3 2 12 25 39 54 69 81 98 117 117 106 98 81 60 54 57 45 18 3 -1 -7 -10 -9 -10 -16 -18 -15 -13 -7 -1 -1 -1 0 -3 -10 -16 -21 -26 -29 -30 -26 -16 -4 9 18 19 22 30 32 25 12 -16 -56 -76 -65 -46 -29 -13 -5 -5 -6 -2 1 5 26 74 138 132 9 -105 -110 -60 -14 10 11 10 13 13 12 6 -9 -30 -77 -160 -219 -191 -106 -39 -14 -8 -6 -9 -17 -40 -94 -116 -11 149 214 172 107 74 71 67 54 61 85 63 -31 -125 -178 -211 -213 -175 -120 -75 -36 29 113 195 272 297 239 138 38 -30 -51 -36 -3 40 91 140 160 132 72 31 44 82 122 150 133 81 37 20 23 33 36 27 10 -13 -40 -62 -74 -85 -103 -128 -152 -165 -168 -168 -168 -164 -151 -132 -103 -52 13 97 195 225 148 45 -11 -28 -29 -16 -4 -1 12 44 100 191 243 133 -68 -161 -128 -76 -32 1 4 -3 -4 -4 -4 -4 -4 -3 -1 -2 -2 6 23 66 140 199 182 109 50 7 -23 -19 0 1 -9 -8 -4 -4 -4 -4 -4 -3 -2 -3 -2 2 3 1 0 0 -1 -3 -4 -4 -5 -7 -8 -8 -8 -8 -8 -6 -1 2 -1 -6 -7 -6 -7 -7 -5 -4 -3 -1 -2 -4 -3 -5 -7 -4 -4 -6 -1 21 86 171 192 135 27 -106 -165 -117 -56 -24 -7 -2 -2 4 8 3 0 -13 -41 -59 -53 -34 -20 -11 6 30 47 49 42 38 34 25 16 10 16 34 42 25 0 -12 -12 -3 10 18 23 30 33 25 8 -11 -24 -27 -20 -5 8 9 6 12 19 21 28 29 16 -1 -22 -33 -19 13 43 48 22 -13 -22 5 48 74 64 35 4 -22 -18 20 45 30 12 17 9 -17 -22 -21 -33 -32 0 47 76 92 121 142 144 159 193 218 216 183 119 48 2 -14 -18 -26 -34 -40 -50 -51 -37 -21 -11 -13 -28 -43 -49 -53 -63 -79 -93 -99 -99 -97 -95 -94 -95 -95 -92 -91 -91 -87 -82 -76 -71 -72 -75 -72 -64 -56 -45 -33 -28 -32 -38 -40 -34 -13 12 24 35 54 65 70 74 70 68 69 64 57 53 53 52 48 46 43 38 38 44 48 35 13 8 16 20 15 5 -3 -11 -22 -28 -17 6 17 8 -5 -15 -22 -20 -10 8 34 52 51 36 16 10 32 66 93 112 115 92 65 61 71 75 67 52 39 24 2 -17 -26 -19 -1 4 -14 -40 -54 -48 -27 -7 -3 -9 -8 0 
-38 -37 -43 -39 -7 31 49 53 49 34 18 9 6 6 5 4 2 -3 -5 4 24 47 65 69 61 51 40 37 38 22 4 -5 -16 -24 -30 -28 -19 -18 -21 -19 -14 -11 -7 -7 -12 -9 -1 1 2 8 9 -4 -23 -39 -51 -59 -61 -55 -40 -15 12 26 25 24 27 19 -3 -34 -79 -131 -165 -152 -101 -56 -25 -3 4 0 -9 -15 -3 24 55 111 148 67 -89 -160 -111 -45 -14 -7 -6 -1 4 6 1 -8 -16 -49 -123 -174 -135 -51 -3 5 2 -1 -4 -8 -18 -35 -33 -1 13 -26 -74 -82 -67 -48 -14 46 130 194 164 39 -74 -108 -45 112 249 261 188 127 121 169 253 308 265 159 90 79 77 65 53 51 64 80 101 126 109 52 18 11 9 27 50 40 13 -10 -33 -46 -54 -69 -85 -98 -115 -137 -152 -158 -167 -178 -176 -160 -146 -139 -128 -111 -91 -68 -49 -36 -16 19 74 153 211 180 88 23 -8 -20 -10 -3 -8 -9 17 63 135 239 244 79 -73 -97 -85 -67 -35 -29 -34 -32 -32 -33 -35 -36 -36 -40 -42 -34 -28 -19 10 53 104 132 99 36 -8 -22 -22 -18 0 15 8 0 0 -1 -4 -7 -8 -7 -4 -1 1 2 1 0 -1 -2 -1 0 0 -1 -3 -5 -7 -8 -8 -7 -4 -1 -1 -3 -5 -6 -5 -4 -4 -4 -4 -3 -1 1 5 9 5 -4 -8 -7 -3 0 10 50 124 185 171 96 -25 -146 -163 -104 -46 -5 12 7 -4 -14 -25 -32 -39 -43 -29 1 25 40 52 51 48 50 39 20 18 28 32 34 32 25 27 38 46 38 13 -9 -17 -15 -5 11 27 42 51 43 21 -5 -23 -22 -4 9 3 -1 10 18 15 9 -7 -32 -46 -44 -31 -11 13 41 65 74 65 44 32 38 39 15 -21 -40 -55 -77 -60 -15 -5 -20 -16 -12 -18 3 29 27 17 23 43 61 76 93 106 108 108 122 149 176 177 125 43 -21 -49 -52 -48 -45 -52 -66 -61 -38 -22 -15 -9 -5 -10 -24 -35 -44 -63 -85 -91 -82 -73 -68 -65 -63 -59 -50 -38 -22 -5 3 11 27 41 48 54 61 67 70 54 16 -16 -26 -27 -28 -13 18 38 52 74 84 73 61 54 39 19 6 2 6 13 19 24 24 22 21 17 16 27 38 24 -9 -22 0 27 32 23 17 10 -1 5 34 57 56 44 36 34 31 24 20 27 42 52 43 12 -14 -2 39 79 113 140 138 98 45 14 19 36 39 35 29 17 5 -7 -14 -8 -7 -33 -72 -94 -90 -68 -45 -37 -41 -39 -29 
20 46 69 68 75 105 118 105 89 68 38 13 2 1 4 5 2 -1 -2 1 9 19 27 31 28 16 2 -6 -9 -14 -23 -28 -27 -26 -26 -25 -20 -14 -9 -4 -3 -5 -9 -14 -14 -9 -4 1 8 14 17 17 11 -5 -34 -69 -96 -105 -94 -70 -43 -21 -9 -3 -3 -14 -32 -67 -123 -167 -156 -94 -30 6 11 1 -1 4 3 2 6 14 35 81 136 112 -33 -156 -140 -70 -27 -7 -8 -12 -5 -2 -1 1 -9 -31 -54 -56 -24 10 10 -7 -17 -21 -20 -24 -35 -41 -57 -111 -177 -203 -179 -124 -76 -53 -20 53 142 208 211 135 51 42 102 181 239 245 208 170 143 138 200 283 287 233 194 186 182 153 100 51 29 34 52 62 43 12 -1 -7 -12 -9 -7 -18 -43 -76 -111 -138 -154 -164 -169 -170 -170 -167 -158 -144 -133 -129 -117 -90 -63 -38 -10 24 67 97 107 107 90 76 81 94 124 139 89 18 -17 -34 -48 -48 -49 -61 -59 -28 25 102 149 70 -69 -121 -102 -98 -109 -108 -104 -105 -109 -115 -118 -117 -117 -122 -124 -120 -119 -112 -95 -77 -59 -36 -27 -53 -73 -69 -68 -62 -45 -34 -31 -27 -21 -15 -9 -6 -8 -7 0 2 -2 -3 -1 0 -1 -3 -4 -3 -1 2 4 0 -3 -2 -3 -1 1 -3 -6 -4 -1 2 4 1 -3 -3 0 1 -2 -5 -6 -4 -1 -4 -10 -8 -1 1 2 13 59 139 177 141 58 -73 -174 -147 -61 -17 -8 -8 -22 -29 -21 -22 -13 5 8 15 32 36 28 22 18 15 11 6 8 25 45 46 39 45 56 62 62 46 12 -20 -29 -18 -4 8 16 18 22 27 18 -7 -29 -34 -28 -21 -17 -13 -3 13 19 -4 -40 -70 -88 -78 -37 26 73 70 52 50 44 31 23 0 -43 -72 -79 -62 -25 -14 -31 -37 -30 -29 -28 -8 16 27 36 30 -9 -47 -45 -17 5 17 27 32 28 24 29 40 50 46 16 -28 -53 -48 -43 -56 -78 -91 -78 -50 -23 -1 15 26 30 24 6 -7 0 13 23 34 41 42 47 58 66 69 73 79 85 92 99 107 117 124 125 124 128 133 124 95 60 36 25 18 12 13 25 45 58 59 54 42 29 17 1 -13 -20 -21 -16 -10 -4 0 -2 0 1 -5 1 13 -4 -46 -70 -56 -19 13 27 32 31 23 17 22 41 60 56 35 21 13 -1 -15 -16 -3 12 15 3 -13 -15 7 43 77 101 107 85 44 14 12 28 44 47 37 21 -1 -26 -43 -53 -74 -97 -105 -98 -69 -39 -25 -15 -9 -8 -8 
73 96 124 122 100 86 73 56 45 36 21 7 1 2 6 7 6 7 10 13 12 8 5 2 -4 -11 -16 -20 -21 -16 -14 -18 -20 -20 -18 -17 -16 -10 -2 5 9 9 5 4 8 8 5 5 8 11 15 23 28 17 -14 -59 -110 -152 -169 -161 -137 -102 -65 -41 -41 -54 -67 -99 -132 -104 -13 63 77 62 36 7 -4 -2 3 7 3 1 21 62 117 144 73 -52 -108 -85 -45 -14 -5 -9 -9 -10 -8 -5 -17 -37 -54 -66 -62 -52 -61 -77 -81 -75 -61 -49 -35 -2 51 100 114 87 28 -34 -67 -66 -38 15 91 172 212 182 128 108 112 127 161 183 165 125 85 78 128 175 173 152 135 121 99 60 12 -28 -45 -30 -8 -9 -15 -10 -7 -6 -2 -5 -15 -24 -45 -82 -120 -152 -163 -151 -140 -135 -122 -101 -80 -58 -30 2 35 69 99 134 171 195 216 224 209 175 116 49 -2 -28 -19 5 -11 -64 -100 -118 -133 -135 -133 -139 -152 -156 -149 -142 -135 -178 -285 -344 -304 -261 -266 -276 -277 -278 -281 -285 -284 -281 -280 -283 -287 -287 -283 -272 -256 -238 -228 -221 -205 -198 -193 -180 -168 -151 -137 -136 -135 -127 -119 -114 -107 -95 -82 -67 -48 -30 -15 -4 1 0 -3 -1 5 6 2 4 11 11 8 7 4 4 6 3 -2 -3 0 7 14 12 4 -3 -8 -10 -8 -8 -13 -15 -11 -8 -10 -11 -11 -9 -5 -5 19 90 165 181 129 18 -115 -166 -117 -57 -26 -7 -6 -14 -9 -3 8 18 6 -10 -7 1 2 4 4 2 4 7 9 12 18 26 39 62 80 79 64 42 17 -6 -14 -6 1 3 4 0 -4 -5 -15 -33 -45 -47 -44 -36 -23 -17 -17 -3 17 14 -6 -23 -34 -41 -43 -20 27 57 62 50 24 18 30 16 -24 -56 -78 -91 -66 -25 -21 -33 -19 2 2 -7 -14 -27 -38 -36 -39 -58 -57 -33 -25 -23 -14 -11 -16 -23 -27 -23 -6 17 26 8 -20 -36 -50 -69 -78 -75 -73 -69 -39 8 35 39 39 38 30 27 43 69 89 103 113 115 117 122 121 112 103 96 90 91 94 92 91 93 90 84 85 92 100 103 94 74 52 42 38 23 12 14 12 11 16 16 13 6 -8 -25 -42 -53 -54 -51 -46 -38 -31 -21 -11 -5 0 -2 -22 -57 -83 -83 -56 -20 -1 -1 -6 -9 -14 -19 -7 19 29 16 -1 -12 -18 -18 -13 -8 -3 7 17 11 -7 -11 7 23 21 13 5 -7 -18 -21 -11 11 28 37 38 14 -18 -32 -40 -66 -99 -106 -84 -50 -16 14 33 33 24 20 
75 85 95 91 71 45 24 14 11 8 4 0 -3 -3 -1 2 5 5 4 3 1 -1 -3 -6 -11 -16 -19 -20 -20 -18 -13 -10 -9 -4 2 3 2 4 8 11 14 20 27 30 27 20 12 5 1 2 7 12 12 5 -3 -10 -31 -75 -124 -159 -177 -171 -138 -103 -91 -96 -113 -143 -124 -10 104 125 87 46 20 11 6 -1 -1 1 2 7 14 36 88 156 172 87 -24 -68 -55 -29 -7 1 -5 -9 -7 -9 -20 -43 -87 -146 -178 -164 -139 -127 -117 -100 -78 -42 21 106 201 270 256 169 74 4 -35 -36 -12 17 58 111 158 186 189 175 168 180 186 155 94 38 11 12 19 14 1 -19 -35 -28 -17 -28 -47 -57 -62 -50 -22 -7 -2 0 -8 -13 -13 -15 -18 -23 -30 -40 -56 -75 -78 -57 -33 -14 12 51 93 122 149 184 209 214 208 199 180 141 94 60 35 0 -45 -82 -101 -112 -133 -164 -190 -214 -247 -280 -309 -344 -380 -409 -440 -474 -495 -485 -422 -335 -330 -441 -567 -630 -651 -663 -667 -664 -661 -659 -656 -653 -651 -646 -640 -640 -641 -636 -625 -609 -593 -576 -553 -528 -505 -480 -448 -413 -381 -344 -300 -262 -231 -208 -196 -184 -166 -154 -152 -146 -135 -128 -120 -100 -70 -43 -24 -13 -9 -5 3 11 10 6 7 5 1 0 1 4 7 2 -6 -2 4 0 -8 -13 -14 -11 -5 -4 -7 -6 -3 -4 -10 -9 -1 1 12 54 127 186 171 92 -25 -146 -169 -93 -31 -11 -7 -11 -5 11 14 9 7 -2 -11 -6 2 3 0 -3 -5 -7 -7 -3 9 28 36 24 10 10 19 24 21 12 -4 -18 -20 -15 -6 12 29 26 6 -17 -35 -45 -47 -34 -9 6 9 16 33 48 45 26 6 -10 -35 -62 -59 -26 -3 1 12 26 25 14 -2 -33 -77 -115 -127 -112 -99 -95 -72 -34 -19 -35 -47 -50 -65 -52 -1 15 -12 -26 -23 -26 -28 -21 -15 -15 -13 -9 -9 -4 11 19 3 -27 -47 -44 -26 -17 -26 -35 -19 16 36 38 33 24 28 38 39 45 59 71 81 88 89 85 79 73 68 63 57 53 52 51 49 48 48 51 55 54 54 62 72 70 53 38 30 13 -12 -31 -41 -44 -46 -41 -25 -16 -16 -17 -21 -29 -40 -49 -53 -51 -42 -36 -33 -22 -21 -40 -61 -83 -100 -91 -54 -13 5 -2 -15 -21 -22 -19 -10 5 24 36 30 14 7 10 8 3 5 17 30 25 5 -8 -4 4 -1 -12 -16 -22 -32 -33 -23 -7 10 23 29 27 13 -14 -37 -46 -57 -60 -45 -36 -19 16 30 11 -10 -16 
25 27 26 17 3 -6 -7 -1 7 6 -1 -5 -7 -7 -5 -3 -1 1 2 1 0 0 0 -3 -9 -13 -15 -15 -10 -1 8 17 26 33 37 35 28 22 20 16 9 10 17 18 12 5 0 -1 1 2 4 10 21 36 55 81 104 103 66 -5 -87 -147 -178 -186 -175 -165 -173 -168 -84 54 123 99 57 22 -1 -2 1 -2 -2 1 3 2 2 18 65 146 203 160 55 -13 -28 -25 -14 -2 1 0 -1 -5 -8 -1 4 -19 -62 -100 -122 -122 -106 -83 -54 -6 77 191 292 300 210 122 100 110 104 85 66 44 28 30 53 89 115 116 99 73 42 15 -6 -24 -33 -47 -77 -89 -72 -63 -79 -97 -102 -106 -105 -97 -100 -91 -48 -8 2 -4 -9 -8 -4 -3 -4 -1 6 18 34 52 78 111 145 175 196 202 196 192 185 163 125 77 33 -4 -41 -80 -120 -155 -190 -240 -298 -344 -375 -407 -455 -507 -541 -562 -585 -610 -636 -665 -686 -691 -687 -672 -636 -563 -420 -233 -137 -218 -383 -498 -532 -526 -520 -519 -516 -513 -512 -511 -510 -508 -505 -508 -517 -527 -535 -540 -543 -548 -557 -566 -579 -601 -626 -647 -660 -662 -653 -633 -599 -555 -510 -466 -427 -385 -336 -297 -266 -239 -220 -203 -186 -170 -150 -125 -105 -95 -81 -54 -28 -12 -2 2 0 -2 0 2 0 -8 -16 -13 -4 3 7 5 -3 -8 -8 -10 -11 -7 -1 3 4 3 2 5 11 23 65 135 175 143 39 -96 -167 -135 -73 -37 -16 -1 11 24 25 16 8 -6 -18 -14 -6 -4 -4 -3 -1 0 0 9 29 41 32 5 -20 -24 -11 3 9 4 -14 -31 -34 -27 -14 7 31 48 54 44 22 2 -10 -8 7 19 19 13 16 28 32 22 3 -12 -7 8 8 -5 -16 -6 29 54 50 24 -21 -71 -98 -95 -88 -98 -120 -133 -115 -72 -36 -26 -30 -33 -35 -25 1 14 -5 -27 -33 -42 -48 -38 -27 -24 -20 -13 -11 -7 9 27 30 16 2 -9 -31 -53 -50 -24 -1 11 27 43 38 23 24 29 24 24 31 31 30 38 45 45 44 43 40 36 32 28 26 27 26 23 24 29 31 25 18 20 31 43 50 42 17 -8 -27 -44 -57 -66 -74 -78 -71 -50 -22 2 15 12 -4 -18 -24 -26 -25 -30 -38 -38 -45 -72 -100 -112 -112 -97 -60 -13 22 32 23 12 5 0 -2 5 23 41 44 30 15 6 -3 -9 -5 6 15 16 6 -9 -14 -4 7 7 1 -3 -4 -5 -5 0 11 21 26 32 17 -39 -95 -101 -63 -26 -11 -5 -1 -1 -5 -13 -27 -42 
-4 -4 -6 -11 -14 -10 -1 5 4 -1 -7 -10 -8 -6 -7 -8 -7 -5 -3 -1 0 0 0 0 -1 -2 -1 3 12 23 32 38 40 41 41 36 27 17 9 4 1 0 0 -1 -4 -7 -7 -2 3 1 -1 4 16 39 71 105 145 184 190 150 85 6 -89 -183 -249 -286 -291 -215 -64 55 79 53 25 2 -10 -9 -5 -7 -11 -8 -3 -5 -5 4 29 90 165 181 120 47 6 -11 -13 -5 1 0 -4 -1 22 81 167 216 177 69 -29 -55 -39 -18 6 38 94 183 275 301 251 199 188 189 169 122 66 27 7 -2 -1 7 7 -12 -37 -57 -72 -82 -90 -94 -89 -81 -94 -126 -129 -97 -81 -106 -152 -184 -186 -172 -149 -108 -59 -29 -23 -17 -2 8 9 5 5 19 45 82 131 181 211 211 196 173 136 90 46 7 -36 -81 -121 -161 -203 -264 -344 -409 -465 -526 -581 -625 -654 -676 -690 -675 -636 -588 -542 -511 -496 -482 -457 -427 -388 -342 -306 -273 -229 -170 -97 -36 -15 -27 -42 -47 -50 -49 -43 -40 -39 -37 -37 -39 -41 -44 -47 -49 -53 -60 -68 -76 -83 -99 -128 -156 -187 -231 -286 -343 -387 -428 -478 -525 -566 -597 -616 -633 -649 -653 -641 -621 -592 -550 -498 -443 -396 -351 -300 -251 -208 -177 -157 -137 -115 -98 -84 -63 -37 -14 -1 1 0 5 13 10 -2 -9 -7 -2 0 -2 -7 -12 -14 -12 -7 -1 4 5 6 12 11 0 13 75 150 172 115 -3 -130 -172 -113 -45 -7 17 28 33 33 29 27 21 15 16 19 19 17 15 13 11 9 3 -2 8 23 23 8 -8 -15 -11 2 8 -4 -20 -27 -26 -16 -6 -2 13 35 40 24 3 -9 -17 -23 -19 -16 -24 -29 -18 2 21 30 32 50 72 66 39 14 8 20 28 28 20 -9 -46 -54 -52 -82 -115 -120 -103 -78 -55 -31 -25 -46 -44 -9 -1 -21 -15 4 -2 -23 -44 -56 -52 -38 -25 -16 -6 1 1 7 25 42 46 42 22 -22 -57 -59 -39 -22 -14 3 25 34 34 37 36 23 10 2 -4 -1 11 21 23 22 22 21 17 10 4 2 3 3 0 -1 3 7 6 1 -2 2 15 35 43 27 4 -17 -37 -49 -51 -47 -38 -25 -12 -2 3 6 10 10 1 -13 -22 -25 -31 -39 -43 -50 -66 -75 -59 -32 -18 -18 -14 3 19 22 15 4 -9 -20 -20 -8 12 27 21 3 -14 -26 -29 -22 -14 -8 5 12 -2 -21 -22 -3 12 9 6 8 3 -6 -7 6 26 31 5 -41 -91 -127 -127 -102 -76 -43 -6 5 -9 -7 16 19 1 
1 3 4 5 6 4 1 -3 -9 -12 -12 -11 -9 -9 -11 -11 -9 -8 -7 -4 -1 0 0 2 5 5 5 8 11 13 16 16 11 8 8 8 7 3 -3 -4 1 3 0 -4 -6 -4 1 4 2 0 1 3 4 9 22 40 68 106 141 169 183 150 59 -70 -211 -316 -324 -209 -67 -10 -3 2 -4 -6 0 4 5 1 -2 -2 -6 -7 2 9 20 52 104 138 110 49 8 -8 -11 -8 -6 -4 0 9 38 108 220 303 272 176 123 117 116 112 102 86 83 108 148 168 152 118 83 52 23 0 -8 -7 0 6 0 -16 -45 -86 -122 -142 -146 -138 -133 -136 -138 -131 -125 -139 -145 -112 -70 -59 -73 -83 -89 -88 -49 5 17 -3 -8 2 3 0 -3 -8 -6 8 30 59 92 107 85 37 -9 -44 -78 -117 -166 -235 -320 -399 -464 -526 -587 -635 -663 -672 -667 -652 -621 -568 -503 -442 -390 -337 -268 -190 -124 -80 -60 -55 -46 -22 7 22 19 11 9 10 10 9 5 5 11 11 7 8 11 12 11 9 8 7 5 4 4 4 5 6 5 4 4 4 5 7 9 10 7 -1 -13 -25 -37 -58 -90 -130 -181 -243 -304 -365 -428 -481 -531 -577 -606 -620 -622 -613 -591 -551 -490 -417 -350 -290 -235 -191 -160 -145 -137 -126 -111 -86 -53 -24 -8 -2 1 2 3 3 -2 -8 -8 -6 -7 -9 -11 -11 -8 -3 2 2 -3 -2 15 54 115 167 168 87 -64 -171 -151 -74 -20 9 23 26 28 32 39 52 61 55 43 35 29 22 13 5 0 -10 -21 -14 7 22 18 -1 -17 -13 12 33 30 13 1 -4 -3 4 10 15 17 9 -9 -30 -46 -54 -52 -41 -29 -23 -21 -9 21 53 70 73 58 22 -9 -21 -39 -60 -60 -49 -28 13 55 76 86 73 22 -18 -21 -7 0 -7 -6 -3 -20 -29 -9 5 3 15 29 18 0 -11 -22 -26 -14 4 14 14 7 -2 -5 2 15 25 27 32 44 40 7 -34 -51 -42 -34 -23 8 35 42 39 28 7 -16 -27 -23 -12 -2 2 1 -1 -4 -2 5 6 5 7 7 5 5 4 1 4 10 9 3 3 12 26 36 28 4 -21 -34 -26 -2 21 35 43 42 28 10 -2 -8 -9 -5 -4 -10 -16 -23 -35 -44 -42 -25 13 59 76 50 11 -10 -9 -1 -1 -9 -20 -31 -36 -30 -15 1 8 3 -8 -17 -18 -13 -9 -2 15 29 23 1 -15 -8 5 3 -4 -9 -16 -24 -26 -16 -2 -8 -45 -83 -101 -105 -95 -82 -61 -15 29 41 30 29 43 41 24 
0 -1 -2 -1 -2 -9 -19 -23 -18 -13 -11 -8 -5 -5 -7 -7 -5 -4 -4 -3 -2 -3 -4 -3 -1 -2 -7 -14 -23 -31 -36 -38 -37 -35 -30 -19 -6 2 3 1 1 3 4 3 2 4 8 7 1 0 2 0 -4 -7 -7 0 14 31 60 105 144 150 119 54 -40 -107 -86 -16 2 -44 -81 -88 -80 -56 -30 -14 -4 4 9 5 -5 -5 3 6 16 32 52 77 68 25 -8 -21 -20 -13 -9 -5 -1 8 39 99 187 266 265 215 200 196 167 132 100 65 34 30 42 27 -12 -50 -82 -95 -92 -85 -71 -55 -38 -24 -18 -19 -34 -65 -131 -244 -336 -323 -222 -128 -98 -103 -83 -26 24 47 56 52 45 57 77 89 105 100 51 4 -7 -1 0 -6 -12 -16 -23 -33 -42 -53 -70 -93 -125 -174 -246 -334 -418 -489 -547 -590 -625 -647 -639 -603 -557 -500 -428 -353 -272 -192 -132 -88 -53 -27 -11 -4 1 5 7 8 9 8 3 1 0 -6 -9 -6 -4 -9 -15 -12 -6 -1 -2 -11 -11 -2 1 0 0 0 -1 -3 -4 -5 -7 -9 -11 -12 -13 -15 -16 -12 -5 -4 -6 -3 3 5 1 2 9 10 7 3 -1 0 1 -8 -26 -48 -79 -125 -190 -272 -352 -422 -491 -555 -606 -641 -653 -635 -596 -538 -463 -390 -318 -252 -205 -171 -147 -131 -111 -78 -40 -15 -7 -5 -5 -8 -9 -3 5 6 1 -4 -6 -5 -5 -10 -12 1 14 20 55 118 151 114 6 -117 -160 -102 -24 13 17 10 10 16 25 45 58 48 32 24 18 9 -1 -9 -13 -8 0 -3 -4 4 2 -13 -24 -17 6 27 30 17 0 -13 -17 -13 -9 -7 -2 9 20 21 11 -4 -17 -18 -4 12 19 27 48 63 60 53 32 -7 -32 -31 -32 -45 -45 -29 -13 15 65 112 133 147 163 148 108 73 44 22 12 24 46 37 12 14 29 22 -4 -27 -37 -35 -33 -32 -22 -7 -1 -7 -13 -13 -12 -10 -2 10 18 23 31 29 -1 -43 -62 -54 -45 -41 -22 7 20 21 19 0 -29 -41 -32 -17 -6 -1 1 3 3 3 5 5 5 7 7 6 8 6 -1 0 6 7 4 0 -3 4 22 32 24 6 -7 -3 17 32 34 43 53 45 22 -6 -28 -27 -4 12 13 13 6 -17 -32 -17 14 47 81 99 81 39 5 -2 6 9 6 0 -9 -16 -15 -8 4 20 25 14 3 -1 -5 -6 1 11 25 36 28 7 -8 -7 1 -1 -8 -11 -17 -29 -42 -60 -86 -101 -99 -97 -90 -53 10 69 98 91 76 69 53 28 15 15 
2 -3 -8 -11 -11 -8 -6 -7 -8 -7 -5 -2 2 4 3 1 0 0 0 -1 -4 -7 -9 -10 -10 -13 -21 -33 -46 -57 -67 -71 -67 -62 -53 -36 -17 -3 3 1 -4 -4 1 6 8 7 4 1 0 -1 -3 -4 -4 -2 5 11 9 7 16 32 44 58 84 106 111 135 190 190 95 -19 -109 -162 -158 -123 -86 -58 -37 -16 -3 0 -1 -1 -5 -12 -1 14 17 32 40 14 -18 -34 -31 -16 -3 3 1 6 31 61 93 134 148 118 87 64 29 -5 -22 -30 -38 -43 -47 -55 -65 -85 -118 -135 -126 -122 -127 -116 -86 -51 -22 -4 1 -19 -70 -128 -168 -173 -132 -62 5 47 80 120 135 124 124 135 139 139 150 169 157 90 20 0 -1 -15 -28 -42 -60 -72 -86 -114 -150 -198 -271 -362 -451 -519 -571 -612 -630 -612 -556 -476 -389 -317 -258 -185 -99 -36 -9 7 23 31 26 15 8 5 3 2 3 3 -3 -11 -10 -1 6 5 -2 -5 0 6 6 3 3 1 -5 -4 4 7 5 2 -1 -1 1 3 4 4 4 5 6 5 3 2 3 5 7 9 8 2 -5 -9 -7 -3 -3 -1 4 3 -5 -13 -15 -11 -3 3 1 -3 0 8 13 10 -4 -32 -79 -143 -218 -302 -393 -485 -564 -625 -666 -669 -636 -586 -518 -432 -347 -277 -223 -184 -157 -140 -124 -95 -55 -25 -13 -3 9 15 15 12 9 5 0 -2 0 5 -1 -14 9 77 133 138 86 -32 -140 -137 -71 -25 -5 -5 -7 -4 -1 11 19 15 13 13 10 5 0 -3 -4 -1 2 2 12 29 29 9 -11 -22 -24 -17 -14 -22 -36 -51 -59 -52 -38 -29 -14 16 47 60 51 30 7 -5 1 13 17 15 16 25 33 30 31 35 21 1 -3 -6 -8 8 12 0 14 55 88 117 150 151 118 79 48 29 12 13 49 71 47 12 -21 -65 -87 -73 -60 -51 -40 -33 -24 -14 -14 -23 -23 -9 3 7 14 29 45 44 19 -6 -13 -13 -24 -41 -40 -33 -32 -16 0 6 11 -1 -25 -37 -34 -24 -14 -8 -3 3 7 6 1 -3 -4 -3 -1 -1 -1 2 3 0 -4 -4 1 4 4 6 14 28 39 38 28 20 21 23 20 18 12 -5 -25 -39 -46 -44 -31 -15 -3 10 16 2 -8 14 45 54 56 63 56 31 9 6 15 20 19 14 6 0 -2 -1 6 20 25 13 -2 -13 -25 -30 -25 -22 -11 11 20 5 -21 -24 0 13 14 18 13 -11 -46 -82 -111 -123 -125 -124 -104 -44 48 121 124 76 47 53 47 21 19 41 
0 1 3 4 4 5 7 6 3 4 7 7 3 0 2 3 1 0 0 -1 -5 -12 -20 -24 -27 -33 -30 -30 -63 -105 -104 -69 -46 -45 -52 -59 -60 -47 -23 -1 6 -5 -13 -4 6 4 -3 -6 -3 3 6 4 1 1 5 5 3 5 2 -4 -12 -15 -9 -1 59 185 273 263 187 76 -43 -126 -159 -166 -149 -115 -88 -65 -37 -14 -3 0 -4 -9 -7 -1 0 -1 -1 -12 -23 -22 -25 -23 -8 -1 -1 -1 -1 5 8 -4 -20 -27 -35 -52 -74 -101 -121 -120 -103 -94 -102 -99 -79 -82 -158 -277 -321 -258 -176 -136 -113 -72 -36 -13 18 45 88 177 251 234 146 78 89 139 155 127 90 69 73 99 127 142 148 142 107 48 -2 -28 -43 -62 -90 -121 -152 -197 -271 -363 -444 -497 -532 -563 -571 -525 -437 -343 -260 -184 -107 -31 29 48 29 10 13 21 20 15 3 -9 -9 -5 -3 -2 -3 -3 1 5 5 3 1 -1 -5 -8 -6 -3 0 0 -4 -3 2 7 12 11 7 8 9 6 4 4 3 1 1 3 4 4 4 5 7 8 9 11 12 10 6 5 7 7 5 5 7 2 -8 -8 -1 5 9 8 5 3 0 -4 -8 -10 -8 -4 -2 -2 1 6 8 5 -13 -56 -114 -187 -279 -376 -477 -569 -631 -662 -664 -629 -563 -488 -402 -312 -242 -197 -164 -129 -94 -66 -39 -9 11 13 12 11 3 3 9 6 0 -5 -2 36 109 157 133 37 -88 -148 -119 -66 -28 -13 -17 -23 -19 -12 -12 -12 -4 7 14 17 21 25 23 13 1 -2 7 22 31 24 4 -24 -56 -67 -52 -49 -59 -58 -48 -28 -3 13 24 37 46 33 -7 -43 -50 -39 -24 -13 -9 -6 -9 -3 18 11 -16 -17 -8 -20 -26 -9 5 13 17 7 5 37 74 94 108 117 124 114 87 73 68 61 58 52 29 -15 -69 -106 -103 -75 -51 -36 -27 -21 -15 -11 -8 -1 5 5 -2 -15 -19 -7 17 47 62 57 54 49 17 -34 -68 -69 -54 -32 -6 4 4 9 -2 -25 -33 -31 -21 -5 -2 -10 -9 0 5 6 4 1 1 2 -1 -2 3 4 1 -2 -5 -2 6 10 10 18 34 41 32 13 2 12 20 6 -14 -29 -37 -29 -12 -8 -18 -24 -26 -23 -4 16 24 34 54 66 49 22 12 11 2 -8 -4 9 15 3 -6 -4 -16 -30 -26 -10 9 14 0 -22 -42 -48 -41 -31 -20 -7 6 9 -5 -21 -14 10 18 12 5 -29 -92 -136 -151 -156 -131 -90 -67 -30 27 54 55 55 40 21 15 12 17 30 
-3 0 4 7 7 5 4 4 5 7 8 5 -1 -3 0 2 1 0 -1 -4 -9 -17 -25 -27 -25 -22 -17 -25 -63 -108 -120 -94 -59 -38 -33 -41 -56 -66 -64 -49 -25 -6 2 2 -4 -9 -7 -3 -2 -1 1 2 1 -2 -7 -13 -13 -8 -13 -25 -37 -61 -100 -104 -3 154 243 255 237 183 109 34 -50 -120 -150 -140 -109 -75 -46 -29 -19 -12 -7 -3 -12 -26 -35 -42 -36 -33 -41 -34 -23 -22 -16 -9 -7 -8 -13 -12 -12 -36 -65 -75 -78 -74 -82 -129 -176 -194 -215 -227 -187 -123 -85 -83 -112 -164 -193 -157 -102 -86 -80 -51 -32 -22 17 80 149 204 225 210 174 141 128 129 120 100 80 53 26 25 50 68 59 30 -6 -31 -49 -88 -145 -206 -273 -340 -405 -469 -518 -523 -481 -418 -347 -269 -184 -96 -14 38 49 39 29 25 18 7 -1 -7 -12 -15 -13 -9 -13 -18 -12 -3 0 0 0 -1 -4 -7 -7 -5 -4 -2 -2 -5 -4 -3 -3 -3 -3 2 6 6 7 5 0 1 5 6 6 5 4 4 3 1 0 0 1 3 4 4 4 3 1 0 2 7 12 14 11 7 8 10 9 7 5 4 5 7 7 2 -4 -4 -2 -3 -5 -6 -4 -1 -1 -3 -5 -6 -3 2 3 1 -2 -17 -54 -111 -195 -308 -422 -517 -588 -630 -646 -625 -560 -467 -370 -284 -211 -158 -131 -118 -95 -57 -23 -1 10 6 -9 -23 -17 1 6 14 57 120 143 97 -12 -123 -137 -81 -41 -22 -17 -24 -27 -32 -32 -16 -4 2 7 10 16 21 19 13 7 -3 -18 -27 -23 -17 -25 -43 -59 -68 -61 -48 -46 -38 -16 0 9 18 21 20 21 16 0 -18 -29 -31 -27 -21 -12 2 11 -3 -28 -47 -75 -91 -68 -28 19 68 85 69 54 36 11 9 28 39 37 38 54 65 57 53 65 74 54 8 -33 -57 -67 -57 -39 -38 -42 -27 -10 -10 -21 -32 -30 -20 -19 -25 -38 -59 -70 -65 -48 -7 43 64 54 25 -15 -54 -85 -90 -70 -49 -19 10 13 6 0 -8 -13 -14 -10 -2 1 -1 0 1 0 1 0 -4 -5 -2 -3 -7 -5 0 3 1 -5 -7 -4 -3 -3 6 18 21 18 6 -12 -13 -3 -5 -5 9 23 31 34 24 3 -9 -16 -33 -41 -26 -5 12 34 51 34 -1 -14 -7 -7 -20 -26 -12 5 6 2 -3 -16 -24 -25 -21 -3 14 10 -11 -25 -26 -24 -11 3 7 14 22 15 -9 -19 1 11 -3 -19 -48 -99 -138 -146 -129 -80 -27 -8 1 14 15 32 64 53 15 11 29 25 5 
-4 -4 -4 -3 0 3 5 6 4 2 2 1 1 2 2 2 1 0 -2 -8 -15 -20 -22 -21 -11 10 20 16 26 43 33 -2 -28 -27 -16 -15 -25 -44 -68 -80 -64 -28 -3 -4 -9 -3 0 0 4 1 -5 -3 3 6 3 1 0 -5 -18 -43 -70 -111 -153 -100 42 145 177 172 163 174 184 164 114 52 -9 -48 -51 -37 -30 -21 -8 -17 -39 -54 -68 -77 -71 -57 -37 -21 -31 -38 -20 -16 -24 -14 -1 3 2 -6 -22 -47 -78 -114 -137 -128 -132 -184 -227 -215 -198 -200 -160 -72 -7 27 103 210 246 180 83 27 8 -1 -5 1 27 68 103 121 128 134 143 141 110 71 59 61 48 20 -7 -24 -38 -53 -67 -90 -130 -182 -242 -316 -406 -485 -517 -496 -442 -378 -312 -233 -143 -59 11 55 60 36 19 22 20 1 -26 -51 -63 -53 -32 -23 -33 -39 -27 -17 -16 -16 -15 -13 -12 -9 -3 0 0 0 0 0 0 1 3 4 4 4 4 4 4 3 1 0 0 0 0 0 0 0 0 0 1 3 4 3 1 1 3 4 4 4 3 1 0 1 3 4 4 4 4 4 4 4 4 4 4 4 4 4 4 5 7 8 7 5 4 4 5 5 2 0 0 0 0 0 -1 -2 -1 1 5 10 11 1 -25 -79 -165 -267 -380 -489 -568 -611 -631 -614 -532 -412 -306 -241 -200 -160 -133 -108 -66 -31 -12 -3 -4 -6 -4 9 41 104 169 164 59 -93 -168 -135 -78 -34 -3 6 -5 -29 -39 -18 -1 -3 -6 -4 0 3 4 0 -7 -13 -22 -26 -13 6 14 1 -21 -49 -83 -83 -66 -58 -40 -28 -25 -16 -4 5 11 21 36 41 24 -2 -17 -13 -2 -1 -6 -28 -59 -56 -41 -45 -39 -1 51 88 92 67 39 16 -11 -33 -33 -25 -29 -37 -41 -35 -32 -46 -49 -31 -15 -6 -1 -1 -3 -4 -4 0 9 12 -1 -27 -52 -61 -54 -55 -72 -83 -85 -88 -90 -82 -57 -21 13 35 36 16 -8 -24 -38 -56 -67 -60 -35 4 28 19 15 17 -1 -11 -11 -16 -10 4 4 -6 -10 -10 -10 -10 -8 -4 0 0 -4 -5 -3 -1 0 -1 -4 -10 -10 3 13 14 18 18 -4 -28 -26 -12 1 15 22 13 -6 -20 -27 -31 -32 -43 -62 -58 -32 -7 10 11 -1 -17 -32 -36 -29 -31 -43 -39 -14 18 28 9 1 2 -15 -27 -17 -3 -11 -46 -79 -91 -83 -58 -31 -13 0 9 9 -3 -18 -17 -1 4 -6 -11 -16 -27 -15 23 54 74 83 64 35 24 20 6 -12 -18 -1 25 28 12 
-4 -4 -4 -3 0 3 5 7 7 5 3 1 0 -1 -2 -2 -3 -4 -6 -12 -19 -22 -21 -18 -3 28 53 69 99 132 133 96 50 20 2 -10 -14 -16 -24 -39 -56 -65 -61 -44 -17 5 7 -1 -3 -2 -2 -3 -4 -4 -4 0 3 -3 -17 -42 -75 -105 -93 2 113 144 113 73 56 78 118 153 172 164 127 72 17 -22 -40 -44 -49 -63 -78 -87 -90 -82 -57 -46 -52 -28 1 -3 -17 -21 -17 -9 1 8 8 2 -12 -41 -83 -111 -111 -96 -69 -54 -60 -39 23 68 67 60 75 111 162 208 217 189 163 147 109 52 24 29 29 34 68 113 139 130 98 62 24 0 -2 -14 -43 -61 -63 -72 -102 -142 -193 -266 -343 -407 -456 -470 -434 -361 -280 -202 -111 -25 19 19 1 -11 -9 -1 -10 -41 -68 -70 -58 -56 -71 -88 -88 -67 -39 -23 -25 -27 -18 -11 -9 -8 -7 -5 -3 -1 0 0 1 3 4 3 1 1 3 4 4 4 4 4 4 3 1 0 0 0 0 0 0 0 0 0 0 -1 -2 -1 0 1 3 4 4 3 1 0 0 1 3 4 4 4 4 4 4 3 1 0 0 0 0 0 0 3 8 9 8 8 8 8 8 7 5 4 4 3 1 0 0 5 11 4 -10 -16 -11 -3 -1 4 14 13 -4 -50 -142 -270 -402 -512 -596 -647 -641 -571 -471 -371 -275 -205 -172 -139 -88 -40 -18 -19 -17 2 37 89 160 197 139 -2 -144 -182 -121 -48 -4 20 21 -5 -31 -35 -20 -7 -1 4 7 9 12 15 17 17 13 13 28 51 65 50 9 -35 -73 -82 -63 -51 -47 -41 -34 -19 5 24 27 22 21 14 -9 -33 -40 -28 -12 -8 -13 -12 -4 -2 -11 -25 -32 -27 -16 -2 6 -4 -18 -20 -17 -19 -27 -33 -28 -20 -23 -28 -33 -51 -65 -53 -23 12 38 41 28 15 8 17 35 30 7 -12 -27 -42 -60 -65 -59 -69 -75 -65 -67 -69 -36 9 36 63 83 75 49 18 -18 -61 -84 -70 -53 -36 0 30 35 21 -1 -16 -21 -18 -11 -9 -11 -8 -1 1 -1 -2 -1 1 4 4 -1 -4 -4 -3 -1 -1 -4 -8 -10 -8 -3 5 13 12 -1 -17 -22 -10 7 12 4 -6 -11 -20 -47 -78 -86 -74 -55 -28 -8 -1 10 17 11 -4 -25 -36 -27 -23 -36 -42 -29 1 19 2 -25 -50 -80 -107 -126 -139 -148 -160 -179 -184 -158 -117 -78 -50 -29 -6 14 16 -8 -30 -20 4 19 38 61 78 113 164 197 211 203 152 85 44 8 -43 -71 -61 -46 -34 -13 6 
4 3 1 -1 -3 -3 -1 0 0 -2 -6 -9 -12 -14 -14 -13 -10 -8 -9 -12 -16 -17 -12 -5 8 33 57 73 85 83 55 25 16 10 6 17 31 31 13 -18 -53 -78 -82 -68 -52 -40 -20 -4 -6 -5 1 -1 -8 -13 -11 -7 -11 -21 -30 -47 -75 -71 12 118 146 101 48 16 0 -4 13 45 76 102 110 85 39 -7 -39 -65 -89 -90 -75 -66 -61 -48 -25 -8 -4 8 22 -8 -60 -62 -33 -22 -17 -9 -4 3 15 21 9 10 32 45 87 164 208 206 200 203 173 104 69 96 127 129 120 121 135 144 124 77 42 23 -10 -31 -11 21 32 13 -22 -46 -47 -42 -47 -60 -85 -125 -172 -221 -267 -322 -389 -427 -416 -363 -280 -178 -63 24 49 35 17 11 10 -4 -30 -63 -97 -113 -114 -119 -132 -137 -119 -88 -66 -60 -53 -36 -19 -9 -5 -4 -4 -2 2 4 3 2 4 5 2 0 1 3 4 4 4 3 1 0 0 0 0 0 0 0 0 0 0 0 0 0 0 -1 -3 -4 -4 -4 -4 -3 -1 -1 -3 -4 -4 -4 -3 -1 0 -1 -3 -4 -4 -4 -4 -4 -4 -3 -1 0 0 0 0 0 0 1 3 4 5 7 8 8 8 9 11 12 11 9 8 8 8 4 -2 -1 3 4 5 7 8 5 -1 -3 1 8 10 -1 -19 -70 -188 -343 -485 -585 -641 -643 -575 -468 -359 -263 -202 -174 -132 -62 -12 -2 8 47 115 183 199 116 -50 -165 -145 -72 -25 2 5 -6 -13 -28 -30 -12 5 13 12 10 13 23 34 37 33 24 16 17 21 24 21 11 4 2 13 11 -19 -34 -32 -28 -18 -8 -1 10 29 43 35 5 -27 -41 -33 -12 11 35 50 41 22 3 -27 -61 -77 -69 -46 -18 3 13 20 23 11 -10 -13 5 16 17 22 22 9 3 9 6 0 10 34 52 48 31 20 23 36 48 46 21 -19 -39 -28 -17 -14 -14 -25 -38 -38 -21 11 47 70 69 48 15 -24 -51 -54 -54 -64 -59 -24 14 25 17 3 -20 -33 -22 -12 -16 -15 -4 3 2 -2 -5 -7 -8 -9 -9 -8 -10 -14 -18 -21 -24 -28 -28 -29 -39 -41 -26 -13 -9 -1 5 -1 -2 7 13 12 6 -3 -23 -59 -89 -93 -75 -47 -23 -16 -16 -4 15 26 18 -6 -27 -32 -23 -15 -26 -44 -43 -35 -47 -87 -137 -171 -197 -230 -247 -220 -168 -136 -124 -104 -75 -46 -26 -15 -1 18 33 25 -7 -23 -5 22 52 92 123 146 180 209 225 226 191 134 97 69 21 -18 -33 -44 -41 -13 15 
0 0 0 -1 -4 -8 -12 -17 -22 -24 -24 -24 -25 -26 -26 -23 -15 -8 -5 -4 -3 1 8 17 24 25 27 38 54 63 58 36 5 -15 -15 5 31 41 30 6 -26 -61 -83 -84 -79 -76 -64 -42 -22 -9 -2 -3 -11 -16 -13 -9 -13 -27 -42 -60 -80 -55 33 97 74 15 -23 -35 -43 -59 -68 -54 -24 0 14 20 12 -9 -34 -51 -53 -45 -37 -31 -18 9 40 81 114 96 48 -19 -96 -122 -95 -59 -29 -15 -13 -5 21 61 95 112 112 104 115 162 215 234 223 202 162 105 68 71 97 120 128 113 76 41 21 7 -7 -22 -33 -35 -36 -39 -40 -46 -67 -94 -105 -101 -111 -151 -211 -277 -335 -375 -395 -378 -307 -207 -120 -58 -2 50 73 61 31 -6 -46 -77 -92 -104 -126 -149 -159 -152 -125 -92 -80 -84 -75 -49 -26 -16 -11 -6 -5 -6 -3 0 -1 0 3 3 1 1 3 3 1 0 0 0 0 1 3 2 -2 -4 -4 -4 -4 -4 -4 -3 -1 0 0 0 0 0 0 -1 -3 -4 -4 -3 -1 -1 -3 -4 -4 -4 -4 -3 -1 0 0 -1 -3 -4 -4 -4 -4 -4 -4 -3 -1 0 0 0 0 0 0 0 1 3 4 4 4 4 4 5 7 8 8 9 11 12 12 6 -1 6 17 17 10 5 2 -4 -10 -13 -13 -8 -1 2 0 3 10 -2 -50 -141 -267 -409 -545 -630 -634 -569 -449 -313 -216 -160 -115 -72 -29 28 91 155 207 186 63 -96 -164 -116 -41 6 14 9 4 -16 -29 -19 -2 8 7 0 -7 -12 -12 -2 14 23 20 15 18 34 47 48 45 25 5 -9 -37 -56 -58 -54 -41 -24 -7 14 36 57 70 53 10 -28 -40 -27 -7 12 35 65 96 97 43 -35 -84 -93 -70 -17 34 53 52 47 40 26 12 14 20 15 9 5 -14 -37 -36 -16 14 49 72 65 26 -5 5 32 51 55 44 31 26 10 -11 -3 1 -18 -19 -2 -7 -29 -30 -10 13 31 40 39 33 27 4 -41 -64 -46 -19 2 25 37 17 -18 -35 -30 -22 -19 -12 -5 -8 -12 -13 -16 -20 -24 -27 -27 -27 -32 -40 -47 -52 -56 -60 -57 -52 -59 -61 -45 -27 -13 7 27 27 9 -7 -9 -7 -22 -56 -76 -61 -38 -25 -18 -17 -19 -15 -19 -39 -40 -20 -9 -17 -39 -60 -54 -32 -41 -70 -91 -105 -107 -115 -145 -165 -159 -147 -127 -85 -37 -14 -14 -14 -12 -9 -3 -2 -4 3 21 29 7 -23 -27 -5 26 65 101 115 120 128 141 161 172 162 134 100 72 38 -6 -29 -15 8 16 
-4 -4 -4 -5 -9 -16 -23 -28 -31 -31 -29 -28 -26 -22 -20 -18 -12 -5 0 4 9 17 26 38 42 19 -8 -11 7 35 65 75 50 14 -15 -28 -17 7 29 36 20 -15 -51 -66 -59 -53 -67 -79 -68 -56 -52 -50 -52 -55 -57 -63 -70 -72 -65 -45 -13 45 104 101 47 -6 -43 -62 -65 -64 -63 -56 -44 -38 -36 -30 -26 -29 -37 -42 -31 -3 31 62 89 108 109 108 110 85 38 -19 -99 -167 -157 -87 -32 -10 -4 -4 7 41 88 108 96 94 100 106 115 108 91 82 74 56 26 -7 -21 -9 3 4 -4 -30 -60 -81 -90 -82 -58 -43 -60 -81 -84 -91 -132 -199 -251 -280 -312 -345 -354 -328 -277 -218 -161 -103 -29 49 83 53 3 -28 -49 -71 -93 -119 -153 -183 -187 -166 -144 -127 -105 -78 -49 -23 -9 -6 -2 2 -1 -4 -3 -2 -3 -5 -6 -5 -3 -1 0 -1 -2 -1 0 0 0 0 0 0 0 0 0 0 0 0 0 0 0 0 0 -1 -3 -4 -4 -4 -4 -4 -4 -3 -1 0 0 0 0 0 0 0 0 0 0 0 0 0 0 0 0 0 0 0 0 0 0 0 0 0 0 0 0 0 0 0 0 -1 -3 -4 -4 -4 -4 -3 -1 0 1 3 4 4 4 7 13 14 6 -5 -9 -3 6 11 12 9 2 -5 -9 -8 -5 -4 -1 5 6 4 2 -33 -128 -267 -422 -557 -625 -591 -479 -350 -238 -159 -108 -55 6 80 162 206 165 19 -136 -165 -90 -15 26 33 11 -11 -22 -22 -13 -4 -2 -14 -36 -51 -44 -18 13 32 27 8 -1 15 41 52 44 13 -28 -43 -43 -56 -64 -54 -34 -12 3 9 10 4 -5 -6 -13 -32 -43 -38 -28 -15 13 52 80 74 33 -17 -52 -73 -77 -50 -7 26 39 37 35 31 12 -5 -1 5 -1 -7 -15 -44 -67 -39 10 31 23 3 -20 -36 -29 0 31 44 34 15 3 1 8 19 17 5 9 23 18 -10 -36 -37 -18 7 30 45 52 42 0 -51 -70 -61 -49 -28 6 26 18 -4 -27 -43 -46 -40 -34 -34 -38 -39 -37 -36 -37 -41 -46 -51 -57 -62 -66 -67 -63 -58 -56 -55 -51 -44 -36 -25 -7 15 33 40 33 16 0 -5 -2 -2 -10 -13 7 36 46 36 13 -17 -29 -33 -58 -81 -82 -67 -50 -47 -56 -62 -65 -76 -87 -107 -138 -129 -78 -44 -35 -24 -5 18 42 69 99 109 81 35 -3 -20 -22 -21 -14 -3 7 7 -17 -41 -32 -2 32 69 87 73 56 57 78 110 128 105 59 37 25 0 -15 -8 0 -4 
-4 -3 -2 -5 -11 -17 -22 -23 -21 -19 -17 -15 -11 -6 -3 -2 -2 0 4 8 12 18 27 27 8 -16 -26 -19 -9 -4 6 29 48 38 7 -22 -34 -25 -6 12 29 41 32 5 -12 -13 -19 -37 -55 -63 -64 -61 -55 -55 -63 -73 -73 -59 -35 9 71 134 156 107 43 8 -19 -39 -40 -31 -26 -32 -37 -26 -12 -7 -2 10 26 46 71 90 99 105 108 97 67 35 26 32 22 -19 -107 -210 -226 -145 -66 -25 -4 -1 -3 11 42 63 58 41 30 36 36 0 -45 -60 -55 -53 -59 -77 -99 -102 -87 -86 -101 -104 -113 -145 -166 -164 -161 -154 -140 -139 -150 -177 -238 -310 -350 -369 -376 -328 -228 -128 -59 -15 23 38 19 -1 -15 -44 -97 -161 -208 -229 -228 -209 -186 -165 -135 -94 -56 -32 -18 -7 -3 -6 -4 6 12 9 3 -2 -3 1 5 4 1 1 3 3 1 0 0 0 1 1 -1 -1 0 0 0 0 0 1 3 4 4 4 4 4 4 2 -2 -4 -4 -4 -4 -4 -4 -2 1 1 0 0 0 1 3 3 1 0 0 1 3 4 4 3 1 0 0 0 0 0 0 0 0 0 0 0 0 0 0 -1 -3 -4 -4 -4 -5 -7 -8 -7 -5 -4 -3 -1 0 0 0 2 5 4 -1 -3 3 10 11 7 2 2 6 7 5 3 2 -2 -7 -5 -3 -4 -4 -3 0 -6 -47 -146 -302 -476 -603 -623 -534 -390 -256 -179 -117 -22 84 176 204 115 -54 -162 -148 -88 -19 21 11 0 -9 -19 -17 -10 -7 -19 -46 -69 -70 -48 -17 0 -10 -35 -51 -44 -10 32 61 69 45 26 25 6 -12 -16 -19 -20 -19 -17 -14 -12 -12 -12 -23 -48 -67 -67 -56 -43 -21 8 27 34 40 36 5 -25 -33 -40 -32 3 30 30 18 13 5 -13 -11 6 8 5 9 -3 -29 -31 -15 -4 6 18 26 7 -34 -49 -34 -13 4 6 -8 -5 19 25 30 43 22 -35 -86 -107 -106 -93 -69 -37 -8 9 15 15 9 -2 -18 -42 -52 -29 -7 -2 8 9 -15 -45 -57 -52 -54 -64 -65 -61 -59 -57 -56 -57 -60 -65 -69 -69 -66 -59 -47 -34 -24 -24 -26 -12 3 8 21 43 54 48 41 39 29 9 -4 7 39 66 76 75 59 35 6 -39 -79 -88 -89 -112 -137 -133 -104 -74 -59 -56 -60 -65 -62 -75 -112 -107 -37 27 50 65 95 129 151 171 207 219 165 83 16 -21 -31 -28 -16 -5 8 23 9 -24 -32 -15 4 21 26 9 -7 -7 6 29 43 43 36 23 24 33 20 -5 -15 -11 
-8 -4 -6 -9 -15 -16 -12 -12 -8 -5 -1 10 20 26 25 15 4 -1 -5 -11 -12 -8 -8 -17 -31 -39 -37 -28 -17 -10 -8 2 26 44 42 19 -15 -34 -24 -2 22 57 86 82 48 12 -5 -14 -25 -28 -26 -27 -28 -29 -32 -28 -15 -3 12 43 94 130 114 69 33 14 8 10 14 23 34 40 46 53 59 65 74 89 106 120 122 104 77 55 36 16 3 -6 -5 13 23 21 -28 -149 -226 -180 -88 -29 -5 1 -3 -2 7 12 -6 -47 -76 -71 -50 -47 -74 -103 -114 -120 -117 -103 -110 -138 -133 -112 -134 -168 -213 -292 -298 -207 -174 -211 -228 -241 -265 -273 -251 -210 -173 -141 -104 -70 -45 -24 -5 3 -7 -30 -72 -137 -197 -221 -220 -222 -227 -208 -157 -104 -69 -46 -25 -7 3 7 8 7 4 0 -1 2 3 2 3 4 3 2 3 5 7 8 7 4 1 0 0 0 0 0 0 0 0 0 0 0 0 0 0 0 0 0 0 0 0 0 0 0 0 0 0 0 0 0 0 0 0 0 0 0 0 0 0 0 0 0 0 0 0 0 0 0 0 0 0 0 0 0 0 0 0 0 0 0 0 -1 -3 -3 -1 0 0 0 0 -1 -3 -4 -4 -4 -4 -4 -4 -3 -2 -2 2 10 13 8 2 2 6 8 8 9 11 11 9 7 3 -1 1 4 -1 -8 -10 -5 5 8 -12 -90 -247 -436 -587 -632 -542 -385 -243 -140 -34 90 171 170 59 -103 -167 -119 -48 4 25 16 -3 -19 -24 -16 -9 -19 -46 -80 -106 -98 -56 -20 -21 -44 -60 -58 -26 31 73 82 70 48 34 29 16 -3 -20 -35 -40 -28 -18 -10 16 35 25 1 -25 -48 -54 -38 -16 5 31 64 96 98 45 -19 -37 -35 -39 -20 14 32 42 48 40 15 -14 -19 -6 -7 -14 -7 -11 -34 -34 -1 38 62 54 12 -39 -63 -54 -42 -34 -9 18 21 14 7 3 14 13 -28 -85 -124 -141 -147 -134 -102 -68 -36 -6 21 49 66 47 4 -23 -24 -14 -5 -1 -2 -11 -22 -29 -37 -44 -49 -53 -59 -74 -80 -70 -63 -56 -48 -49 -48 -39 -27 -7 12 18 20 18 15 24 29 23 21 22 26 27 11 -12 -27 -35 -25 22 76 92 81 65 39 0 -47 -97 -127 -122 -107 -103 -105 -99 -81 -63 -52 -33 -7 -12 -33 -23 -7 1 39 98 141 166 179 176 166 161 154 131 87 39 8 -4 -4 0 1 5 22 34 16 -17 -27 -11 -2 -7 -13 -27 -39 -35 -28 -20 1 25 34 33 30 25 13 6 16 
-12 -7 -5 -3 -8 -10 -1 8 16 18 19 25 29 32 32 21 3 -12 -23 -31 -35 -38 -43 -44 -39 -37 -39 -37 -26 -10 1 1 1 14 26 18 -6 -24 -22 -1 31 59 75 74 53 23 -2 -17 -22 -19 -11 -3 3 12 23 32 37 44 59 79 104 112 93 80 76 69 72 81 85 91 102 110 108 99 93 93 97 100 97 80 48 24 18 16 8 -1 0 4 1 7 32 75 102 33 -107 -174 -122 -51 -23 -14 -8 -7 -22 -68 -120 -139 -144 -154 -142 -106 -91 -108 -122 -120 -100 -63 -40 -53 -74 -71 -69 -104 -173 -247 -257 -196 -147 -164 -226 -265 -262 -219 -130 -38 5 12 20 18 -7 -43 -78 -110 -143 -185 -231 -261 -269 -247 -194 -136 -95 -65 -34 -9 1 3 7 9 5 2 2 2 3 5 6 4 1 0 1 3 3 0 -2 0 3 4 3 1 0 0 0 0 -1 -1 1 1 0 0 0 0 0 0 0 0 0 0 0 0 0 1 3 4 4 4 4 4 4 2 -1 -1 0 0 0 0 0 0 0 0 0 -1 -3 -4 -4 -3 -1 0 0 0 0 0 0 0 0 0 0 0 0 0 0 0 0 0 0 0 1 3 4 3 1 0 -1 -3 -4 -4 -4 -2 1 1 2 5 3 -2 -2 2 4 3 1 1 3 5 7 7 2 -3 -2 -1 -2 0 2 0 -1 2 1 -1 1 -42 -180 -382 -558 -612 -530 -375 -209 -60 81 184 174 27 -126 -140 -81 -31 10 17 -5 -25 -34 -32 -19 -9 -22 -50 -70 -73 -54 -25 -15 -27 -44 -47 -23 18 49 56 52 41 36 50 55 34 -2 -34 -46 -38 -27 -21 -5 21 41 48 36 8 -6 4 12 15 25 41 57 59 34 -15 -50 -48 -42 -35 -10 19 38 39 28 12 -12 -22 -7 3 2 10 11 -9 -20 -12 4 26 41 35 9 -19 -28 -28 -35 -32 -13 -2 2 8 3 4 31 56 48 3 -65 -123 -130 -82 -29 -7 -3 -5 -2 21 41 30 3 -15 -24 -24 -15 -9 0 15 20 11 -1 -16 -38 -54 -57 -50 -36 -18 -3 -2 -10 -12 -5 6 21 31 27 26 27 17 10 4 -13 -37 -59 -73 -77 -70 -65 -63 -45 -14 14 46 77 80 57 22 -8 -20 -30 -39 -23 15 46 51 38 24 13 -6 -19 -7 -5 -2 37 55 33 53 119 151 138 112 85 63 43 37 53 58 42 22 6 -3 -8 -9 -7 2 24 33 7 -22 -21 -8 0 6 -2 -15 -18 -22 -19 -6 6 20 18 -2 -11 -12 -12 -5 
-23 -16 -5 1 1 -3 1 14 18 16 14 6 -6 -12 -7 -3 -12 -26 -32 -30 -31 -36 -34 -30 -32 -30 -22 -15 -10 -5 1 3 3 7 12 15 12 -1 -21 -21 11 37 34 13 -2 -3 -8 -13 -7 0 13 40 67 83 92 91 82 84 93 95 89 77 66 60 59 63 67 67 65 63 62 57 46 41 44 46 43 34 21 9 2 0 0 0 1 2 1 4 2 3 34 82 140 141 -6 -161 -154 -72 -28 -11 -1 -7 -40 -97 -183 -288 -326 -259 -183 -157 -132 -72 -9 24 36 46 70 95 73 26 8 -13 -34 0 0 -106 -182 -170 -141 -103 -59 -29 -8 6 4 -15 -36 -51 -83 -150 -232 -289 -303 -286 -254 -215 -164 -104 -53 -20 -3 2 1 0 0 0 0 0 0 0 0 0 0 0 0 0 0 0 0 0 0 0 0 0 0 0 0 0 -1 -2 -1 0 0 0 0 0 0 0 0 0 0 0 0 0 0 0 0 0 0 1 3 4 4 4 4 4 4 3 1 0 0 0 0 0 0 0 0 0 0 0 0 0 0 0 0 0 0 0 0 0 0 0 0 0 0 0 0 0 0 0 0 0 0 0 0 0 0 0 0 0 0 0 0 0 0 -1 -3 -4 -4 -4 -4 -4 -4 -4 -4 -3 -1 0 0 0 0 2 6 8 8 8 7 5 5 3 -3 -4 -1 1 3 3 2 -43 -185 -392 -573 -616 -495 -300 -114 38 144 127 -21 -136 -130 -68 -8 17 3 -17 -31 -37 -20 12 23 9 -9 -34 -56 -51 -25 -10 -25 -51 -59 -38 8 53 73 78 84 92 95 76 30 -12 -28 -29 -15 6 13 20 35 37 15 -18 -40 -42 -30 -14 1 11 16 22 32 30 4 -21 -28 -28 -19 0 4 -2 5 15 20 15 6 14 25 26 29 22 1 -9 3 28 54 74 70 25 -26 -36 -23 -23 -20 -10 -13 -7 19 44 67 92 99 80 52 22 -5 -14 -7 -7 -29 -52 -51 -26 15 34 17 -1 -26 -50 -44 -31 -17 -1 8 19 21 13 4 -4 8 19 14 24 33 20 3 -13 -23 -20 -13 -8 -3 5 18 23 1 -31 -56 -91 -132 -168 -183 -158 -133 -126 -95 -41 -14 -1 33 53 46 38 45 69 95 109 112 114 119 121 113 95 73 52 31 18 31 61 76 70 62 62 62 52 36 21 9 0 -8 -6 11 26 26 11 -11 -27 -29 -16 -5 -6 6 30 28 -3 -26 -16 11 28 34 33 24 13 5 3 7 10 2 -22 -52 -70 -70 -63 
-32 -19 -8 -8 -9 -15 -30 -39 -39 -36 -34 -37 -44 -48 -42 -29 -21 -21 -17 -6 0 -1 2 10 15 15 13 10 5 1 0 9 28 42 49 50 40 17 -11 -32 -43 -44 -45 -57 -72 -79 -78 -58 -27 -15 -5 26 58 68 62 57 56 55 50 39 25 13 5 1 1 3 5 7 7 4 0 -2 -1 0 1 3 1 -8 -19 -22 -15 -9 -8 -7 -5 -3 -1 -1 -6 -6 13 47 101 142 68 -96 -175 -122 -47 -11 -3 -7 -19 -47 -135 -293 -379 -298 -155 -55 15 76 119 151 160 133 109 116 117 78 19 -36 -58 -19 -11 -84 -123 -89 -37 2 20 18 2 -24 -60 -104 -151 -195 -237 -269 -276 -255 -220 -163 -89 -44 -22 -2 8 7 0 -4 -2 0 0 0 0 0 0 0 0 0 0 0 0 0 0 0 0 0 0 0 0 0 -1 -2 -1 0 -1 -2 -1 0 0 0 0 0 0 0 0 0 0 0 0 0 0 0 0 0 0 0 0 0 0 0 0 0 0 0 0 0 0 0 0 0 0 0 0 0 0 0 0 0 0 0 0 0 0 0 0 0 0 0 0 0 0 0 0 0 0 0 0 0 0 0 0 0 0 0 0 0 0 0 0 0 0 -1 -3 -4 -4 -4 -4 -4 -4 -3 -1 0 0 0 0 1 3 4 5 7 8 8 8 8 8 5 0 -1 0 0 0 0 0 3 -3 -62 -209 -417 -582 -584 -425 -233 -102 -17 -3 -87 -140 -98 -37 2 19 10 -11 -24 -18 12 45 51 23 -20 -54 -54 -17 15 6 -34 -73 -79 -40 18 57 68 66 59 53 51 39 21 9 -1 3 19 24 28 41 46 31 1 -29 -45 -43 -28 -6 13 24 33 45 50 26 -16 -40 -46 -42 -20 8 31 49 58 58 40 12 4 5 2 6 -4 -28 -26 6 37 49 52 47 14 -31 -42 -21 -7 0 1 -19 -27 3 42 66 85 97 102 126 150 117 31 -32 -41 -46 -62 -64 -54 -34 -12 -13 -32 -37 -29 -30 -30 -21 -21 -27 -14 10 27 35 31 23 11 -2 -8 -14 -19 -29 -53 -77 -89 -91 -83 -63 -41 -23 -11 -24 -58 -90 -121 -146 -146 -134 -132 -124 -99 -72 -44 -7 16 10 8 28 56 81 102 120 133 136 127 112 97 85 76 69 70 74 73 81 96 101 94 78 51 22 9 5 -3 -12 -19 -23 -23 -16 0 14 12 -2 -12 -10 -2 1 1 13 32 34 16 -3 -2 18 36 46 47 35 17 1 -9 -11 -13 -27 -53 -80 -93 -87 -76 
-44 -22 -10 -20 -28 -47 -94 -119 -101 -79 -66 -56 -49 -43 -35 -19 -1 8 18 34 45 47 46 49 54 54 47 35 21 9 3 5 12 23 37 43 35 17 -5 -25 -47 -71 -82 -80 -80 -78 -59 -33 -29 -49 -62 -48 -19 0 0 -1 6 9 6 1 -4 -7 -8 -8 -9 -10 -8 -3 1 0 -4 -4 1 3 1 0 -1 -3 -4 -6 -10 -12 -11 -9 -7 -4 -1 -1 2 1 -4 14 63 135 150 9 -163 -174 -83 -22 -6 -1 13 26 52 91 76 3 -24 37 110 130 113 99 86 60 35 14 -26 -92 -157 -186 -163 -108 -71 -48 -14 5 1 -20 -55 -90 -122 -164 -221 -270 -291 -286 -255 -197 -128 -70 -32 -11 -1 5 9 9 6 1 -4 -5 -2 0 0 0 0 0 0 0 0 0 0 0 0 0 0 0 0 0 0 0 0 -1 -3 -3 -1 0 0 0 0 0 0 0 0 0 0 0 0 0 0 0 0 0 0 0 0 0 0 0 0 0 0 0 0 0 0 0 0 0 0 0 0 0 0 0 0 0 0 0 0 0 0 0 0 0 0 0 0 0 0 0 0 0 0 0 0 0 0 0 0 0 0 0 0 0 0 0 0 0 0 0 0 0 0 0 0 0 0 0 0 0 0 0 0 0 0 0 0 1 3 4 4 4 3 1 1 3 4 5 7 8 8 7 5 4 2 -1 -3 -2 -6 -77 -265 -481 -581 -534 -422 -299 -176 -121 -128 -117 -81 -24 23 23 1 -20 -33 -18 34 78 69 22 -30 -51 -22 25 47 28 -19 -57 -55 -16 27 42 25 3 4 22 36 36 20 -2 -11 -3 9 18 32 53 67 61 38 8 -17 -22 -9 8 20 28 36 39 18 -21 -43 -50 -52 -37 1 44 62 60 51 27 -3 -16 -13 -9 -5 -6 -25 -46 -42 -13 32 67 70 55 26 -5 -13 -10 -16 -15 -9 -23 -32 -20 -4 24 69 106 119 118 109 88 55 14 -26 -76 -132 -155 -140 -92 -50 -54 -39 8 18 5 -4 -22 -39 -38 -28 -30 -36 -32 -37 -47 -46 -60 -79 -75 -73 -84 -99 -118 -133 -134 -118 -99 -84 -62 -44 -45 -54 -58 -52 -23 11 21 39 71 70 37 20 17 -8 -39 -45 -24 5 31 63 95 110 111 108 103 96 87 78 69 62 65 73 75 78 86 78 50 32 34 38 32 18 6 2 -3 -9 1 20 28 24 18 16 12 8 12 16 19 28 35 29 14 6 13 26 32 26 11 -6 -18 -21 -17 -13 -12 -14 -17 -18 -19 
-43 -21 -12 -25 -40 -72 -126 -139 -98 -61 -37 -14 2 11 17 23 29 36 43 49 55 58 55 48 43 43 40 28 15 8 6 2 -5 -2 12 26 33 32 27 19 1 -25 -35 -18 7 33 72 85 41 -14 -52 -66 -48 -17 1 2 0 0 0 1 3 2 -4 -13 -22 -27 -26 -19 -9 -2 -1 -3 -5 -8 -11 -12 -11 -8 -5 -5 -7 -7 -5 -4 -4 -3 -1 0 5 2 -9 8 55 123 166 82 -88 -165 -110 -34 -1 8 29 77 181 337 424 351 197 94 70 72 57 16 -30 -64 -107 -194 -312 -379 -346 -247 -128 -47 -19 0 2 -23 -50 -90 -157 -232 -287 -304 -289 -252 -200 -144 -85 -31 -1 4 2 0 -5 -8 -7 -4 0 4 8 8 3 0 0 0 0 0 0 0 0 0 0 0 0 0 0 0 0 0 0 0 -1 -3 -3 -2 -3 -4 -3 -1 0 0 0 0 0 0 0 0 0 0 0 0 0 0 0 0 0 0 0 -1 -3 -4 -4 -4 -4 -4 -4 -3 -1 0 0 0 0 0 0 0 0 0 0 0 0 0 0 0 0 0 0 0 0 0 0 0 0 0 0 0 0 0 0 0 0 0 0 0 0 0 0 0 0 0 0 0 0 0 0 0 0 0 0 0 0 0 0 0 0 0 0 0 0 -1 -3 -2 2 4 3 1 0 0 0 3 9 11 9 8 7 5 3 2 2 -2 -4 5 -12 -120 -312 -462 -472 -423 -374 -277 -181 -138 -106 -58 -9 16 12 -8 -32 -37 6 67 85 51 -9 -56 -54 -5 53 70 33 -17 -39 -22 15 36 22 -3 -8 5 23 29 16 -1 -12 -8 10 18 17 24 34 31 6 -19 -25 -28 -28 -11 15 37 50 54 46 29 13 -2 -16 -25 -15 9 20 18 7 -10 -22 -24 -9 10 17 20 10 -14 -26 -13 22 62 90 104 94 52 9 -7 -16 -20 -9 -16 -43 -59 -57 -36 8 59 84 80 77 83 74 35 -17 -60 -101 -161 -212 -185 -106 -65 -49 -24 -18 -30 -43 -52 -55 -65 -85 -103 -104 -88 -83 -89 -91 -111 -133 -126 -110 -94 -80 -78 -83 -85 -82 -74 -55 -24 14 44 58 71 90 99 99 111 129 135 122 88 42 6 -14 -33 -44 -34 -12 16 51 73 71 68 70 69 69 74 82 85 83 85 88 85 87 99 99 69 34 26 32 33 28 22 20 17 11 10 17 26 30 24 9 -4 -4 2 -2 -7 7 29 34 18 1 1 12 22 26 22 14 11 18 36 64 92 106 97 69 44 
-4 -4 -7 -15 -28 -48 -62 -51 -26 -5 17 40 52 51 46 40 35 36 34 27 26 30 28 19 14 14 12 7 1 -1 2 4 4 5 10 22 40 58 72 66 37 16 13 26 56 91 120 115 71 28 -7 -35 -37 -17 2 7 3 -5 -14 -19 -21 -27 -39 -45 -41 -40 -40 -31 -15 -1 3 0 -4 -7 -8 -8 -7 -6 -7 -9 -11 -11 -9 -7 -6 -6 -5 -6 -10 -11 -8 2 34 93 151 130 -13 -155 -165 -92 -31 3 36 85 153 233 286 275 216 149 91 31 -30 -88 -164 -259 -351 -409 -395 -304 -174 -51 34 56 32 -9 -68 -129 -186 -243 -285 -292 -260 -203 -140 -85 -41 -11 8 14 3 -10 -11 -3 4 4 0 -3 -5 -7 -8 -6 -2 0 0 0 0 0 0 0 0 0 0 0 0 0 0 0 0 0 0 0 -1 -2 -1 -1 -3 -4 -3 -1 0 0 0 0 0 0 0 0 0 0 0 0 0 0 0 0 0 0 0 -1 -3 -4 -4 -4 -4 -4 -4 -3 -1 0 0 0 0 0 0 0 0 0 0 0 0 0 0 0 0 0 0 0 0 0 0 0 0 0 0 0 0 0 0 0 0 0 0 0 0 0 0 0 0 0 0 0 0 0 0 0 0 0 0 0 0 0 0 0 0 0 0 0 0 -1 -3 -3 -1 0 0 0 0 0 0 0 0 1 3 4 4 4 4 1 -2 2 5 3 5 1 -35 -119 -203 -243 -287 -304 -252 -181 -118 -83 -47 4 23 10 -11 -29 -20 24 64 67 33 -18 -46 -23 31 67 59 25 -1 -3 12 31 36 19 -5 -13 4 24 28 23 9 -7 -6 2 4 8 23 39 35 12 -14 -34 -43 -31 2 37 60 69 71 69 49 19 3 -10 -26 -29 -19 -6 0 4 8 4 11 31 39 39 36 27 19 11 2 9 37 66 77 50 1 -21 -17 -19 -17 -4 -12 -39 -53 -50 -37 -14 19 50 52 27 15 32 51 62 55 -11 -114 -172 -149 -91 -64 -66 -58 -44 -42 -41 -39 -51 -68 -79 -92 -97 -92 -99 -112 -114 -110 -92 -54 -17 9 25 32 33 24 11 1 -4 15 53 85 113 133 130 122 126 121 103 96 95 75 46 39 52 57 45 32 28 23 18 22 22 11 0 1 19 47 72 80 73 68 65 59 57 58 45 19 5 7 16 27 33 32 25 13 -1 -9 -2 12 15 3 -9 -11 -11 -13 -12 -1 16 24 19 10 4 2 5 12 19 22 18 15 28 59 94 110 92 50 15 
40 15 0 -5 -11 -7 25 52 40 30 40 49 49 39 25 15 14 15 8 -1 -1 6 8 2 -3 -3 -1 -1 -5 -8 -5 1 5 3 -2 0 15 38 58 68 74 82 82 76 79 83 69 51 50 52 39 14 -6 -11 -9 -8 -13 -28 -44 -51 -51 -49 -48 -48 -50 -54 -53 -42 -26 -14 -9 -6 -2 0 0 0 0 -2 -7 -12 -15 -16 -16 -15 -13 -12 -12 -13 -17 -10 3 -4 4 55 130 181 113 -34 -105 -82 -37 -8 12 51 98 125 129 119 105 71 1 -89 -182 -277 -361 -389 -349 -264 -143 -29 33 53 39 3 -34 -103 -208 -281 -302 -287 -237 -165 -94 -43 -14 3 9 1 -9 -12 -10 -5 0 0 -4 -5 -4 -3 -1 0 -1 -2 -1 0 0 0 0 0 0 0 0 0 0 0 0 0 0 1 2 1 0 0 0 0 0 0 0 0 0 0 0 0 1 2 1 0 0 0 0 0 0 0 0 0 0 0 0 0 0 0 0 0 0 0 0 0 0 0 0 0 0 0 0 0 0 0 0 0 0 0 0 0 0 0 0 0 0 0 0 0 0 0 0 0 0 0 0 0 0 0 0 0 0 0 0 0 0 0 0 0 0 0 0 0 0 0 0 0 0 0 0 0 0 1 3 3 1 0 0 0 0 0 0 -1 -2 -1 0 0 0 -1 -3 -2 2 4 5 7 8 6 5 9 4 -11 -12 -1 6 9 -10 -46 -88 -185 -279 -261 -178 -114 -67 -13 16 10 -1 -17 -30 -10 39 78 82 49 9 -1 20 57 85 81 57 32 16 18 27 21 -2 -16 -1 23 31 24 2 -25 -31 -18 -5 8 32 62 80 68 28 -9 -28 -29 -13 8 24 25 21 22 0 -33 -34 -24 -33 -38 -19 9 32 51 55 35 20 23 27 33 31 8 -20 -35 -29 -5 19 39 58 49 11 -9 1 7 12 29 17 -21 -35 -27 -19 -13 -8 -3 4 12 21 44 91 121 113 105 69 -32 -114 -101 -56 -45 -33 -3 8 -6 -25 -38 -31 -20 -41 -65 -57 -50 -47 -10 36 63 88 106 111 113 115 109 87 52 4 -42 -49 -15 30 70 91 97 102 96 83 76 70 61 52 40 38 59 65 37 11 2 -10 -21 -14 -4 -1 -1 -4 -5 1 15 23 14 9 14 9 0 5 19 24 13 1 2 11 16 11 3 -3 -12 -19 -11 9 24 25 19 12 4 4 13 19 21 25 26 17 3 -10 -17 -15 -8 -3 -8 -18 -15 7 37 57 54 31 8 
70 37 0 -10 -2 13 55 88 66 36 31 30 25 17 6 -1 -2 -3 -5 -7 -6 -1 3 3 0 -3 -3 0 3 1 -5 -6 -3 -3 -5 -7 -7 -2 6 20 43 61 68 71 64 36 -2 -14 14 52 70 57 25 2 -3 -6 -18 -32 -44 -57 -66 -59 -38 -32 -45 -44 -31 -25 -22 -16 -10 -10 -13 -12 -9 -8 -8 -7 -6 -7 -8 -9 -12 -15 -15 -13 -11 -9 -5 3 7 5 10 31 91 194 236 146 30 -20 -22 -11 -1 15 32 37 33 18 -26 -108 -205 -296 -372 -399 -345 -220 -85 2 36 40 21 -33 -114 -196 -261 -294 -282 -236 -179 -120 -61 -18 -1 2 3 4 2 -1 -4 -4 1 2 0 0 -1 0 4 5 3 3 5 4 -1 -4 -3 -1 0 0 1 2 1 0 0 0 0 0 0 -1 -2 0 2 0 -2 -1 1 2 1 0 0 0 0 0 0 0 0 0 0 0 0 0 0 0 0 0 0 0 -1 -3 -4 -3 -1 0 0 0 0 0 0 0 0 0 0 0 0 0 0 0 0 0 0 0 0 0 0 0 0 0 0 0 0 0 0 0 0 0 0 0 0 0 0 0 0 0 0 0 0 0 0 0 0 0 0 0 0 0 0 0 0 0 0 0 0 0 0 0 0 0 0 0 0 0 0 -1 -3 -4 -3 -1 0 0 0 0 0 -1 -3 -3 -1 0 1 6 7 0 1 6 3 3 6 4 -1 -9 -23 -88 -228 -350 -339 -218 -124 -79 -19 23 14 -5 -22 -29 5 59 94 94 62 21 10 48 87 89 70 41 17 12 18 17 1 -19 -24 -6 16 15 -2 -19 -33 -26 -5 9 21 34 38 29 14 -5 -23 -31 -28 -13 12 27 25 28 39 35 7 -19 -34 -40 -18 18 40 43 37 29 14 2 1 -2 -9 -18 -31 -43 -42 -24 0 23 43 62 62 26 -5 2 11 2 -1 -4 -19 -26 -19 -12 -10 -14 -20 -18 -11 -2 24 55 69 91 117 93 23 -31 -52 -63 -64 -48 -29 -17 -1 12 12 19 40 54 63 82 96 108 128 131 117 107 107 118 128 125 105 66 28 6 -5 6 31 45 55 60 48 33 26 23 18 8 -1 -3 -3 -3 4 8 -3 -16 -17 -12 -8 -2 5 12 14 5 -4 -5 -4 -8 -18 -23 -20 -21 -22 -9 5 -1 -14 -12 -2 -1 -6 -7 -5 -2 5 16 28 35 32 22 13 10 6 1 4 9 5 -6 -23 -44 -47 -27 -12 -14 -17 -13 -12 -16 -11 6 25 42 54 59 
45 26 -3 -11 -2 10 37 56 41 22 17 11 5 4 2 -2 -7 -10 -7 -3 -3 -4 -3 0 2 0 -2 1 6 6 1 -4 -6 -5 -4 -6 -11 -15 -16 -17 -21 -24 -19 -12 -17 -34 -51 -54 -31 12 51 61 40 15 6 4 -2 -11 -23 -34 -38 -31 -14 1 11 22 27 20 9 2 0 -3 -8 -8 -6 -7 -8 -7 -5 -4 -4 -5 -7 -8 -7 -6 -6 -3 3 1 -7 0 14 25 64 150 233 217 106 10 -14 4 6 -17 -34 -46 -73 -128 -219 -321 -387 -385 -324 -235 -127 -29 25 35 8 -44 -114 -199 -272 -304 -295 -241 -151 -71 -25 -7 -1 4 6 5 3 -2 -6 -1 5 6 6 4 4 8 9 8 8 6 0 -6 -7 -4 -2 -3 -3 -1 0 0 1 2 1 0 0 0 0 0 0 -1 -2 0 2 0 -2 -1 1 2 1 0 0 0 0 0 -1 -2 -1 0 0 0 0 0 0 0 0 0 0 0 -1 -3 -4 -3 -1 0 0 0 0 0 0 0 0 0 0 0 0 0 0 0 0 0 0 0 0 0 0 0 0 0 0 0 0 0 0 0 0 0 0 0 0 0 0 0 0 0 0 0 0 0 0 0 0 0 0 0 0 0 0 0 0 0 0 0 0 0 0 -1 -3 -3 -1 0 0 0 0 -1 -3 -3 -1 0 0 0 0 0 0 -1 -3 -4 -4 -4 -3 0 3 4 5 9 11 5 -1 -7 -9 -1 -2 -20 -101 -269 -417 -408 -261 -139 -72 -5 28 19 -1 -20 -13 26 68 86 66 22 -6 0 29 55 31 -21 -37 -29 -13 7 5 -12 -21 -11 13 29 31 19 -4 -11 0 5 2 3 8 6 -5 -22 -40 -49 -42 -19 13 44 65 73 72 49 -5 -46 -51 -45 -31 -7 11 12 8 5 -14 -29 -22 -17 -8 6 6 -11 -42 -66 -58 -29 -4 23 37 4 -43 -45 -25 -23 -6 19 5 -28 -44 -46 -40 -27 -25 -39 -51 -46 -19 29 75 97 114 125 96 29 -41 -89 -111 -106 -73 -18 47 86 69 46 68 88 87 107 126 114 93 77 67 59 53 52 51 57 67 61 50 44 30 24 30 26 18 15 10 -1 -14 -21 -21 -23 -32 -33 -22 -15 -8 -9 -39 -74 -72 -37 -7 -1 -11 -21 -24 -23 -18 -19 -26 -24 -24 -27 -20 -12 -8 0 9 10 4 -2 -1 5 7 5 4 5 6 5 3 0 -3 -13 -31 -40 -40 -37 -27 -15 -10 -11 -17 -29 -36 -29 -15 -6 -4 -4 -8 -18 -25 -22 -8 17 44 60 
5 -3 -7 -7 -11 -5 13 16 9 14 16 7 1 0 2 2 -3 -4 -1 0 -1 -4 -7 -8 -7 -5 -4 -5 -6 -5 -4 -6 -9 -12 -18 -24 -27 -28 -27 -27 -36 -48 -50 -54 -64 -63 -60 -59 -41 -8 25 41 30 5 -13 -11 3 7 3 9 25 38 43 53 69 70 55 37 20 5 -5 -6 -2 -1 -4 -8 -11 -13 -14 -12 -9 -7 -4 -1 -1 -3 -5 -5 -5 -9 -11 -9 -6 8 41 96 168 199 147 66 6 -30 -46 -53 -76 -140 -230 -321 -399 -417 -339 -204 -81 -4 23 7 -29 -76 -142 -222 -284 -295 -261 -199 -126 -63 -24 -8 -2 0 0 1 2 1 0 0 1 2 1 0 0 1 2 1 0 0 0 1 2 1 0 1 2 1 0 0 0 0 -1 -2 -1 0 0 0 0 0 0 1 2 0 -2 -1 0 0 0 0 0 0 0 0 0 0 0 0 0 0 0 0 0 0 0 0 0 0 0 0 0 0 0 0 0 0 0 0 0 0 0 0 0 0 0 0 0 0 0 0 0 0 0 0 0 0 0 0 0 0 0 0 0 0 0 0 0 0 0 0 0 0 0 0 0 0 0 0 0 0 0 0 0 0 0 0 0 0 0 0 0 0 0 0 0 0 0 0 0 0 0 0 0 0 0 0 0 0 0 0 0 0 0 0 0 0 0 0 0 0 0 1 3 4 5 6 5 4 5 4 -2 -4 1 2 -14 -89 -265 -459 -475 -309 -167 -88 -16 16 6 -13 -20 -5 23 44 40 14 -20 -44 -43 -47 -83 -130 -155 -144 -97 -32 6 8 -5 -24 -34 -23 -12 -11 -6 -7 -14 -19 -27 -26 -2 29 38 19 -10 -29 -29 -18 -6 14 35 28 -5 -31 -40 -44 -37 -30 -38 -34 -10 17 33 28 7 -15 -25 -15 9 19 6 -14 -43 -63 -51 -35 -30 -27 -19 -6 -5 -15 -12 6 22 34 32 3 -26 -28 -20 -18 -15 -14 -26 -37 -23 11 45 68 78 82 85 68 14 -48 -83 -89 -72 -43 -13 20 51 66 64 56 52 60 75 79 67 57 60 59 39 6 -21 -22 4 29 30 15 -3 -18 -24 -23 -31 -42 -41 -43 -52 -64 -84 -101 -100 -88 -75 -65 -71 -86 -95 -100 -91 -69 -52 -37 -24 -20 -16 -5 5 7 8 14 18 15 8 5 11 19 25 30 22 -7 -31 -27 -18 -20 -20 -20 -25 -30 -30 -24 -17 -17 -31 -51 -53 -35 -25 -25 -9 15 28 33 16 -16 -21 1 14 10 2 -8 -18 -21 -14 0 13 19 
0 -9 -12 -13 -22 -18 0 3 3 16 20 11 4 1 2 6 8 8 7 4 1 -2 -6 -7 -4 -2 -5 -12 -18 -20 -21 -23 -24 -25 -30 -38 -43 -43 -39 -34 -36 -42 -40 -39 -44 -39 -31 -28 -17 0 11 7 -13 -36 -47 -39 -17 11 40 60 67 66 61 59 59 52 40 27 13 1 -5 -4 -1 -1 -2 -2 -3 -4 -4 -4 -4 -3 -1 0 -1 -3 -5 -7 -9 -9 -3 1 -6 -8 10 45 101 145 119 48 -18 -69 -103 -148 -233 -342 -422 -414 -324 -211 -105 -15 41 48 -3 -98 -192 -250 -275 -275 -241 -173 -92 -30 -3 2 4 4 0 -1 0 0 0 0 0 0 1 2 1 0 0 1 2 1 0 0 0 0 1 3 3 1 1 3 3 1 0 0 -1 -2 -1 0 0 0 0 0 0 0 0 -1 -2 0 2 1 0 0 0 0 0 0 0 0 0 0 0 0 0 0 0 0 0 0 0 0 0 0 0 0 0 0 0 0 0 0 0 0 0 0 0 0 0 0 0 0 0 0 0 0 0 0 0 0 0 0 0 0 0 0 0 0 0 0 0 0 0 0 0 0 0 0 0 0 0 0 0 0 0 0 0 0 0 0 0 0 0 0 0 0 0 0 0 0 0 0 0 0 0 0 0 0 0 0 0 0 0 0 0 0 0 0 0 0 0 0 0 0 0 0 1 3 4 4 4 4 4 8 11 7 4 1 1 -3 -55 -216 -445 -536 -405 -219 -104 -48 -14 2 -12 -24 -14 4 10 -10 -52 -106 -162 -211 -237 -267 -303 -282 -217 -131 -34 7 -16 -57 -85 -80 -58 -44 -40 -45 -45 -33 -26 -21 -2 33 63 62 38 11 -9 -15 -9 8 22 9 -6 10 21 -8 -38 -43 -42 -34 -10 25 55 67 62 33 -13 -35 -22 -6 -7 -13 -17 -26 -32 -26 -14 0 22 47 55 29 -1 4 17 21 24 12 -9 -9 6 4 -7 -6 1 3 1 10 31 43 46 58 77 68 8 -73 -140 -174 -158 -117 -95 -72 -7 54 64 63 66 55 40 34 36 37 37 39 30 4 -22 -30 -18 -5 -9 -25 -48 -79 -104 -111 -112 -125 -142 -144 -140 -151 -176 -188 -168 -135 -115 -115 -123 -108 -71 -52 -56 -64 -62 -37 -6 12 24 33 33 31 36 38 30 19 11 4 -4 -8 -6 -4 -13 -40 -69 -73 -53 -39 -38 -33 -26 -23 -17 -6 3 12 17 5 -11 -17 -22 -25 -13 3 12 22 22 5 -7 -1 10 17 19 13 5 0 -3 -4 -4 -4 
-3 -10 -12 -12 -17 -9 4 -3 -6 9 14 4 -3 -5 -6 -2 5 6 1 -4 -8 -12 -16 -16 -11 -9 -15 -26 -36 -42 -45 -48 -51 -49 -43 -41 -42 -38 -29 -18 -9 -5 1 9 14 22 31 29 20 12 2 -12 -31 -51 -63 -63 -47 -9 38 64 58 37 19 13 15 12 7 6 3 -1 0 2 1 1 3 5 7 9 10 7 3 2 2 2 1 -1 -3 -4 -5 -5 0 5 2 -4 0 10 29 48 21 -36 -82 -143 -243 -371 -462 -443 -343 -211 -77 7 28 16 -16 -75 -154 -228 -268 -253 -192 -122 -67 -24 7 14 2 -6 3 11 4 -1 0 0 0 0 0 0 0 1 2 1 1 2 1 0 0 0 0 0 1 3 4 3 2 3 4 4 3 1 0 0 0 0 0 0 0 0 0 0 0 0 0 1 3 3 0 -2 -1 0 0 0 0 0 0 0 0 0 0 0 0 0 0 0 0 0 0 0 0 0 0 0 0 0 0 0 0 0 0 0 0 0 0 0 0 0 0 0 0 0 0 0 0 0 0 0 0 0 0 0 0 0 0 0 0 0 0 0 0 0 0 0 0 0 0 0 0 0 0 0 0 0 0 0 0 0 0 0 0 0 0 0 0 0 0 0 0 0 0 0 0 0 0 0 0 0 0 0 0 0 0 0 0 0 0 0 0 0 0 0 0 0 -1 -2 -1 0 0 5 11 10 7 -2 -11 -4 3 -21 -155 -404 -560 -486 -284 -128 -57 -10 7 -7 -19 -17 -11 -21 -64 -149 -259 -383 -512 -597 -606 -541 -405 -241 -112 -39 -23 -45 -66 -61 -32 -17 -36 -57 -54 -32 -10 -1 2 10 21 28 25 6 -20 -30 -19 -4 12 35 55 58 35 -10 -51 -57 -37 -24 -13 8 29 38 32 15 -11 -32 -28 -8 2 7 23 17 -21 -34 -12 14 37 55 56 28 -3 -8 -13 -26 -23 -15 -22 -33 -31 -20 -8 12 48 82 90 87 98 112 108 80 38 -2 -35 -77 -148 -219 -228 -169 -101 -57 -21 6 16 22 22 6 -16 -26 -21 -13 -5 8 18 11 -10 -32 -50 -52 -49 -74 -113 -142 -158 -160 -161 -174 -193 -206 -206 -189 -162 -139 -126 -107 -69 -31 -8 1 -7 -30 -50 -52 -39 -20 -4 3 4 3 0 -2 -4 -12 -20 -19 -14 -15 -25 -36 -43 -49 -53 -62 -82 -92 -66 -26 -8 -3 -3 -11 -18 -16 -5 9 21 24 11 -11 -22 -16 -7 -4 -2 6 17 16 -4 -22 -15 6 17 16 10 1 -6 -7 -3 2 
-5 -9 -13 -16 -15 3 16 2 -4 8 7 -4 -5 -4 -9 -12 -13 -16 -20 -24 -28 -31 -32 -34 -37 -38 -41 -48 -54 -56 -57 -57 -52 -43 -31 -19 -12 -6 4 16 28 37 42 50 61 67 70 69 56 36 17 0 -18 -41 -67 -85 -81 -55 -22 3 11 5 -3 -6 -6 -7 -6 -1 3 5 7 6 2 1 3 5 8 11 13 12 7 4 4 3 1 0 0 0 -1 -3 -4 -2 3 7 8 7 -5 -29 -56 -114 -230 -366 -451 -438 -345 -227 -117 -32 14 12 -30 -107 -200 -256 -259 -223 -165 -103 -43 0 15 15 14 14 12 6 -3 -7 -3 0 0 0 0 0 -1 -2 -1 1 2 1 1 2 1 0 0 0 0 0 0 0 1 2 1 0 1 3 3 1 0 0 0 0 0 0 0 0 0 0 0 0 0 0 1 3 2 -1 -1 0 0 0 0 0 0 0 0 0 0 0 0 0 0 0 0 0 0 0 0 0 0 0 0 0 0 0 0 0 0 0 0 0 0 0 0 0 0 0 0 0 0 0 0 0 0 0 0 0 0 0 0 0 0 0 0 0 0 0 0 0 0 0 0 0 0 0 0 0 0 0 0 0 0 0 0 0 0 0 0 0 0 0 0 0 0 0 0 0 0 0 0 0 0 0 0 0 0 0 0 0 0 0 0 0 0 0 0 0 0 -1 -3 -4 -4 -4 -3 -1 0 -1 -3 -2 5 11 8 2 2 3 -12 -107 -325 -529 -529 -335 -154 -78 -27 -1 -6 -6 -1 -2 -36 -138 -312 -482 -544 -503 -474 -505 -498 -387 -227 -91 -22 -13 -30 -51 -55 -41 -34 -43 -49 -38 -18 -8 -11 -17 -16 -3 4 -10 -35 -49 -39 -27 -14 27 62 56 44 45 24 -17 -38 -38 -31 -19 -7 -2 -6 -4 8 9 4 9 16 18 25 32 16 -13 -27 -23 -5 24 46 44 23 1 -16 -27 -21 -2 4 -19 -41 -24 10 35 63 92 103 87 61 51 48 32 7 -6 9 38 33 -35 -125 -173 -150 -86 -45 -30 -10 -2 -10 -15 -16 -18 -25 -29 -21 -6 10 20 13 -16 -59 -79 -81 -118 -163 -170 -151 -129 -123 -127 -124 -116 -100 -67 -23 12 23 21 31 65 104 109 73 27 -7 -37 -65 -68 -48 -27 -16 -18 -25 -27 -28 -35 -42 -44 -46 -54 -67 -77 -82 -89 -94 -92 -101 -122 -114 -62 -9 11 6 -10 -26 -27 -13 1 14 30 30 7 -11 -11 -11 -9 3 11 17 19 0 -24 -22 0 16 17 6 -10 -21 -21 -11 0 
-6 -14 -26 -37 -38 -19 -7 -19 -21 -10 -12 -20 -18 -16 -22 -27 -29 -32 -36 -39 -40 -39 -36 -37 -42 -41 -37 -35 -31 -24 -18 -12 -2 8 16 25 34 39 42 44 47 53 52 51 58 57 52 55 50 31 14 7 4 -7 -28 -51 -69 -79 -79 -61 -28 0 12 9 -1 -5 -1 4 6 5 5 5 2 1 3 4 5 6 6 8 9 6 2 -2 -4 -3 -1 0 1 1 -4 -8 -5 -4 -15 -30 -55 -105 -183 -300 -409 -429 -350 -212 -81 -11 8 0 -35 -105 -195 -258 -267 -231 -166 -92 -32 -2 -1 -3 2 -4 -15 -12 -1 2 -5 -9 -4 0 0 0 0 0 -1 -2 -1 0 1 3 3 1 0 1 2 1 0 0 0 0 0 0 0 0 0 0 1 2 1 0 0 0 0 0 0 0 0 1 2 0 -3 -3 -1 1 2 1 0 0 0 0 0 0 0 0 0 0 0 0 0 0 0 0 0 0 0 0 0 0 0 1 3 4 4 4 4 4 4 3 1 0 0 0 0 0 0 0 0 0 0 0 0 0 0 0 0 0 0 0 0 0 0 0 0 0 0 0 0 0 0 0 0 0 0 0 0 0 0 0 0 0 0 0 0 0 0 0 0 0 0 0 0 0 0 0 0 0 0 0 0 0 0 0 0 0 0 0 0 0 0 0 0 0 0 0 0 0 0 -1 -3 -4 -3 -1 0 0 0 1 4 4 1 2 4 0 -6 -5 2 6 -42 -220 -468 -550 -394 -211 -121 -68 -27 -6 5 13 -1 -99 -262 -316 -207 -86 -60 -134 -296 -414 -334 -158 -37 21 27 -11 -51 -54 -34 -31 -44 -50 -43 -28 -19 -14 1 22 34 27 3 -24 -40 -32 -4 20 33 40 52 66 45 -11 -52 -61 -57 -45 -23 3 27 45 58 59 31 -4 -14 -16 -23 -18 -11 -22 -28 -14 6 26 40 53 56 32 16 25 35 41 42 18 -21 -32 -15 5 14 6 -9 -25 -51 -80 -87 -65 -28 14 61 105 134 135 82 -19 -101 -117 -98 -62 -11 15 16 16 16 13 3 -9 -15 -15 -7 10 23 14 -20 -62 -105 -147 -162 -138 -95 -51 -17 9 42 83 115 127 131 140 150 137 93 60 67 94 113 107 64 -2 -52 -69 -65 -56 -56 -67 -77 -78 -73 -68 -66 -68 -73 -83 -96 -111 -125 -132 -137 -131 -125 -145 -160 -124 -59 -16 1 2 -6 -10 -8 0 17 37 45 33 9 -13 -27 -26 -11 2 12 19 13 -1 -11 -9 3 11 10 1 -13 -22 -22 -18 
-7 -18 -35 -51 -57 -47 -41 -49 -48 -40 -41 -45 -44 -43 -47 -45 -34 -29 -32 -34 -32 -28 -24 -19 -12 -3 6 13 21 31 39 44 48 52 55 55 53 51 48 41 36 37 32 27 28 19 8 9 7 -7 -14 2 29 47 53 40 0 -47 -79 -79 -46 -12 0 0 2 5 7 8 6 2 0 1 3 3 1 0 -1 -2 -2 0 4 3 -2 -5 -6 -5 -3 -2 -1 2 2 -3 -12 -32 -64 -108 -192 -312 -399 -407 -333 -212 -93 2 54 52 2 -79 -162 -216 -223 -187 -127 -64 -15 6 7 7 8 3 -6 -8 -5 -4 -4 -3 -1 0 0 0 1 2 1 0 0 0 0 0 1 3 3 1 0 1 3 3 1 0 0 0 0 0 0 0 0 0 1 2 1 0 0 0 0 0 0 0 0 1 2 0 -3 -3 -1 0 0 0 0 0 0 0 0 0 0 0 0 0 0 0 0 0 0 0 0 0 0 0 0 0 0 1 3 4 4 4 4 4 4 3 1 0 0 0 0 0 0 0 0 0 0 0 0 0 0 0 0 0 0 0 0 0 0 0 0 0 0 0 0 0 0 0 0 0 0 0 0 0 0 0 0 0 0 0 0 0 0 0 0 0 0 0 0 0 0 0 0 0 0 0 0 0 0 0 0 0 0 0 0 0 0 0 0 0 0 0 0 0 0 0 0 0 1 3 4 4 4 1 1 9 9 2 1 -1 -4 -1 -1 1 11 -15 -150 -393 -548 -452 -254 -129 -63 -24 -3 14 18 -37 -108 -79 -14 -2 2 -2 -76 -241 -354 -280 -130 -15 49 48 22 6 -6 -15 -26 -39 -38 -21 -3 6 14 33 57 67 53 20 -18 -27 -12 -8 9 34 27 6 0 -8 -33 -53 -60 -54 -28 14 60 82 80 70 26 -32 -52 -51 -59 -61 -53 -55 -53 -34 -11 11 29 55 73 51 35 46 42 22 8 -11 -49 -85 -91 -65 -44 -58 -89 -107 -111 -113 -102 -72 -36 11 77 140 188 232 248 189 70 -31 -68 -51 -10 26 43 37 17 2 1 0 -12 -23 -22 -6 17 28 18 -13 -50 -61 -40 -7 27 72 131 169 174 179 187 184 177 168 151 127 88 35 8 26 61 80 58 21 2 -28 -71 -101 -116 -114 -96 -80 -77 -77 -79 -91 -111 -130 -141 -152 -161 -156 -148 -131 -104 -99 -112 -105 -71 -30 5 22 17 0 -18 -23 -10 9 26 32 16 -11 -27 -35 -41 -31 -11 4 13 9 -13 -33 -30 -11 9 19 14 2 -8 -14 
-8 -20 -32 -54 -71 -50 -37 -47 -47 -53 -66 -63 -53 -48 -39 -29 -25 -20 -11 -2 5 11 15 21 29 31 36 49 58 61 65 68 63 52 43 41 42 39 29 17 11 9 8 7 4 0 -3 -7 -11 -11 -10 -4 16 49 84 92 57 3 -44 -71 -73 -55 -27 -4 5 6 4 -2 -9 -11 -8 -3 3 4 -2 -7 -8 -7 -7 -6 -1 1 1 2 2 3 1 -1 2 2 -5 -23 -48 -83 -161 -293 -424 -471 -392 -227 -78 -3 28 45 22 -55 -145 -205 -208 -150 -77 -35 -14 6 17 11 -1 -3 6 7 -2 0 10 13 11 11 12 10 6 4 4 3 1 0 1 2 1 0 0 0 0 0 0 0 1 3 4 4 4 3 1 0 0 0 0 -1 -3 -3 -1 0 0 0 0 0 0 0 0 -1 -2 0 3 3 1 -1 -2 -1 1 2 1 -1 -2 -1 0 0 0 0 0 0 -1 -3 -4 -2 1 1 0 0 1 3 4 2 -2 -4 -4 -4 -4 -4 -4 -3 -1 0 0 0 0 0 0 0 0 0 0 0 0 0 0 0 0 0 0 0 0 0 0 0 0 0 0 0 0 0 0 0 0 0 0 0 0 0 0 0 0 0 0 0 0 0 0 0 0 0 0 0 0 0 0 0 0 0 0 0 0 0 0 0 0 0 0 0 0 0 0 0 0 0 0 0 0 0 0 0 0 0 0 0 0 0 0 -2 -5 -3 2 6 10 13 15 9 -3 -6 -5 -3 -8 -97 -316 -512 -482 -278 -122 -60 -12 14 1 -32 -45 -16 2 -5 0 1 -16 -95 -263 -331 -209 -68 12 45 34 15 7 -5 -17 -23 -29 -14 17 24 15 15 25 31 16 -12 -29 -30 -30 -30 -17 8 32 46 53 42 4 -29 -37 -31 -15 12 38 45 34 15 -7 -26 -38 -35 -23 -15 -8 -8 -25 -44 -39 -14 17 47 66 73 61 31 -1 -36 -81 -115 -125 -130 -122 -95 -82 -94 -108 -110 -94 -65 -46 -36 -19 11 58 118 189 243 241 205 149 63 -6 -27 -25 -8 19 33 27 15 8 3 -2 -5 -6 4 26 43 52 51 43 53 80 95 89 86 106 131 142 141 128 112 101 85 60 40 31 18 1 -1 20 52 73 67 33 -18 -73 -109 -109 -90 -61 -28 -23 -46 -69 -83 -89 -87 -82 -72 -51 -25 -2 15 39 63 42 -12 -34 -16 6 11 0 -17 -32 -35 -27 -17 -3 12 13 -6 -29 -41 -41 -28 -13 -6 4 15 3 -23 -30 -18 -1 13 13 -3 -20 -27 
-9 -22 -39 -70 -87 -63 -46 -35 -15 -23 -43 -40 -28 -20 -9 2 8 14 23 32 39 43 43 42 39 32 31 39 44 41 38 37 31 20 11 11 17 17 8 1 -1 -3 -1 0 -3 -1 3 0 -4 1 3 -4 -4 12 36 56 65 54 19 -32 -74 -78 -47 -16 -4 1 2 -3 -6 -5 -4 -2 2 2 -3 -8 -10 -8 -5 0 8 13 14 11 6 8 14 14 7 -7 -29 -70 -145 -253 -368 -441 -426 -317 -158 -13 65 66 19 -63 -153 -192 -179 -149 -102 -41 -4 -1 -2 -1 -2 0 3 3 0 1 7 7 1 -2 0 4 8 9 6 4 3 1 0 0 1 2 1 0 0 0 0 0 0 0 0 1 3 4 4 3 1 0 0 0 0 -1 -3 -3 -1 1 3 4 4 4 4 4 4 2 -1 0 3 3 1 -1 -2 -1 1 2 1 0 0 0 0 0 0 0 0 0 0 -1 -3 -2 1 1 0 0 1 3 4 2 -2 -4 -4 -4 -4 -4 -4 -3 -1 0 0 0 0 0 0 0 0 0 0 0 0 0 0 0 0 0 0 0 0 0 0 0 0 0 0 0 0 0 0 0 0 0 0 0 0 0 0 0 0 0 0 0 0 0 0 0 0 0 0 0 0 0 0 0 0 0 0 0 0 0 0 0 0 0 0 0 0 0 0 0 0 0 0 0 0 0 0 0 0 0 -1 -3 -4 -4 -4 -1 1 -4 -6 -2 1 4 6 4 3 0 -7 -9 -6 -1 -52 -245 -482 -522 -345 -164 -65 1 20 7 16 18 1 -3 -4 0 4 -26 -138 -277 -263 -140 -42 26 44 25 7 0 -2 -12 -28 -32 -15 4 5 -4 -4 4 4 -6 -16 -27 -33 -25 -15 4 46 86 95 82 56 12 -22 -28 -24 -21 -18 -7 6 10 20 33 26 15 18 18 16 22 14 -10 -21 -15 3 20 31 50 48 15 -15 -48 -102 -145 -152 -146 -139 -129 -118 -102 -79 -65 -56 -26 8 30 51 65 68 76 110 150 151 134 115 65 14 -9 -22 -23 -10 6 16 16 12 9 8 6 0 -3 3 16 38 65 87 102 103 81 44 6 -21 -12 30 57 53 38 25 16 11 8 6 7 5 8 30 60 83 87 65 33 1 -27 -36 -35 -35 -15 15 19 7 5 19 45 72 96 115 128 145 157 160 165 147 83 16 -5 3 7 -3 -19 -24 -23 -28 -29 -16 8 28 24 -2 -19 -21 -28 -26 -6 15 29 33 17 -9 -14 -3 -4 -27 -59 -76 -75 
-3 -5 -14 -30 -21 -4 6 36 59 46 27 24 30 37 36 33 38 42 42 42 42 40 38 36 30 25 22 17 12 8 4 0 -2 -1 0 0 0 -1 -2 -1 0 0 -1 -2 -1 0 1 3 3 1 1 3 3 1 0 16 53 80 71 22 -40 -75 -75 -52 -22 -4 1 2 5 9 5 -2 -4 -5 -4 -2 -4 -7 -5 0 1 0 -1 -2 0 0 -7 -20 -36 -59 -106 -189 -316 -446 -474 -361 -195 -65 10 28 5 -42 -114 -186 -207 -160 -86 -29 -1 6 4 2 3 4 4 4 5 7 7 7 9 9 7 5 3 1 0 0 0 0 0 1 3 4 4 3 1 0 0 0 0 0 0 0 0 0 0 0 0 0 0 0 0 0 0 1 2 1 0 1 3 4 4 4 4 4 4 3 1 0 0 0 0 0 0 1 2 1 0 1 2 1 0 0 0 0 0 0 1 3 3 1 0 0 0 0 0 0 0 0 0 0 0 0 0 0 0 0 0 0 0 0 0 0 0 0 0 0 0 0 0 0 0 0 0 0 0 0 0 0 0 0 0 0 0 0 0 0 0 0 0 0 0 0 0 0 0 0 0 0 0 0 0 0 0 0 0 0 0 0 0 0 0 0 0 0 0 0 0 0 0 0 0 0 0 0 0 0 0 0 0 0 0 0 0 0 0 0 0 0 0 0 0 0 0 0 0 0 0 0 0 0 0 1 3 3 1 0 0 0 0 -30 -186 -443 -550 -417 -224 -77 39 117 114 47 5 10 5 -10 -10 -19 -67 -207 -323 -249 -106 -8 50 50 25 23 13 -24 -42 -51 -58 -36 -15 -9 1 24 54 63 36 -8 -35 -31 -12 5 18 35 57 77 76 38 -7 -31 -46 -54 -41 -12 18 45 68 76 63 40 18 -2 -15 -12 -5 -10 -22 -27 -19 -9 -5 1 12 16 1 -34 -78 -117 -142 -148 -144 -135 -113 -82 -56 -35 -10 18 47 73 87 86 79 74 68 64 64 46 -2 -47 -59 -50 -37 -27 -27 -28 -23 -21 -17 -11 -15 -21 -24 -31 -38 -31 -6 29 71 108 108 66 17 -20 -48 -54 -36 -19 -8 1 4 6 12 16 12 4 -1 3 15 27 34 38 41 43 46 43 36 41 45 40 53 82 98 97 96 108 130 145 140 128 133 149 154 153 162 143 69 -2 -26 -6 23 27 17 3 -12 -16 -8 10 32 40 19 -12 -30 -45 -44 -16 8 14 22 21 -4 -21 -27 -43 -66 -80 -75 -64 
-23 -9 12 34 73 93 88 101 107 89 74 69 68 68 64 49 31 23 21 20 19 17 16 14 11 10 8 4 0 -4 -6 -4 -1 0 0 0 0 0 0 0 0 0 -1 -2 -1 0 0 2 5 5 4 4 4 3 1 6 24 49 69 61 13 -46 -81 -75 -39 -10 0 -2 -6 -3 -2 -6 -9 -8 -1 6 4 -5 -9 -5 -3 -9 -20 -28 -28 -29 -40 -67 -116 -190 -289 -388 -444 -410 -283 -138 -36 17 7 -68 -150 -183 -174 -142 -92 -44 -9 9 9 6 7 6 2 1 2 2 3 4 4 4 4 4 4 3 1 0 0 0 0 0 0 1 3 4 4 3 1 0 0 0 0 0 0 0 0 0 0 0 0 0 0 0 0 0 0 1 3 3 1 0 0 0 0 0 0 -1 -3 -3 -1 0 0 0 0 0 0 1 2 1 0 0 0 0 0 0 0 0 0 0 0 1 3 3 1 0 0 0 0 0 0 1 3 4 4 4 4 4 4 4 3 1 0 0 0 0 0 0 0 0 0 0 0 0 0 0 0 0 0 0 0 0 0 0 0 0 0 0 0 0 0 0 0 0 0 0 0 0 0 0 0 0 0 0 0 0 0 0 0 0 0 0 0 0 0 0 0 0 0 0 0 0 0 0 0 0 0 0 0 0 0 0 0 0 0 0 0 0 0 0 0 0 0 0 0 0 0 0 0 0 0 0 0 0 0 1 3 4 4 3 1 0 0 0 -11 -128 -384 -549 -473 -276 -67 131 228 154 42 -2 -3 -2 -9 -5 -14 -108 -271 -306 -187 -73 -7 8 -7 -20 -38 -59 -58 -38 -32 -30 -11 5 9 18 39 49 26 -11 -34 -37 -29 -21 -13 2 25 44 53 60 56 26 -17 -40 -29 -5 15 35 50 48 33 15 -2 -18 -26 -16 2 10 5 -4 -10 -12 -9 2 19 32 29 6 -27 -58 -75 -71 -57 -47 -46 -54 -68 -62 -30 -11 -9 -6 -3 -1 5 18 26 22 16 -5 -54 -102 -124 -120 -94 -64 -49 -40 -30 -30 -32 -26 -20 -12 -4 -8 -22 -28 -13 7 28 61 78 60 23 -18 -51 -63 -55 -41 -25 -10 -3 -1 4 11 15 16 15 13 14 22 35 42 36 29 35 41 34 36 52 53 49 70 96 104 106 111 114 116 113 98 88 92 102 115 123 107 52 -28 -83 -68 -8 28 15 -12 -20 -17 -16 -13 -3 5 -8 -49 -83 -75 -54 -45 -33 -13 4 15 11 -23 -63 -77 -68 -53 -44 -43 
-34 -20 4 40 85 88 59 56 63 60 58 53 41 32 28 18 5 -1 -3 -5 -7 -8 -9 -10 -9 -8 -8 -8 -8 -8 -8 -6 -2 0 0 0 0 0 0 0 0 -1 -2 -1 0 0 0 1 3 4 4 3 2 2 1 -2 -2 13 48 81 73 18 -43 -71 -62 -33 -7 2 0 -4 -7 -8 -8 -8 -8 -7 -6 -5 -1 2 1 -3 -17 -43 -70 -88 -94 -130 -243 -383 -465 -453 -345 -179 -44 11 9 -37 -110 -167 -176 -136 -78 -31 -1 13 13 2 -10 -9 1 5 3 2 1 1 2 1 1 1 -2 -4 -4 -3 -1 0 0 0 0 0 0 0 0 1 3 3 1 0 0 0 0 0 0 0 0 0 0 0 0 0 0 0 0 0 0 0 1 3 4 3 1 0 -1 -3 -4 -4 -4 -3 -1 0 0 0 0 0 0 0 0 1 3 3 1 0 0 0 0 0 0 0 0 0 1 2 1 0 0 0 0 0 0 1 3 4 4 4 4 4 4 4 4 4 3 1 0 0 0 0 0 0 0 0 0 0 0 0 0 0 0 0 0 0 0 0 0 0 0 0 0 0 0 0 0 0 0 0 0 0 0 0 0 0 0 0 0 0 0 0 0 0 0 0 0 0 0 0 0 0 0 0 0 0 0 0 0 0 0 0 0 0 0 0 0 0 0 0 0 0 0 0 0 0 0 0 0 0 0 0 0 0 0 0 0 0 0 1 3 5 7 7 5 4 4 2 4 -5 -97 -313 -526 -512 -284 -9 225 267 127 16 -7 -1 -2 -7 -11 -29 -139 -297 -283 -140 -44 1 -2 -34 -36 -14 -16 -24 -22 -24 -10 5 0 -12 -15 -7 -6 -19 -35 -46 -50 -46 -33 -11 16 41 70 107 118 79 21 -18 -34 -29 -6 13 16 11 7 7 9 15 28 41 54 69 74 61 37 16 5 1 5 22 44 63 81 97 107 106 92 67 35 1 -31 -65 -94 -95 -72 -46 -27 -16 -10 -2 10 25 47 59 42 3 -43 -81 -90 -69 -47 -34 -25 -24 -26 -17 2 16 20 11 -12 -32 -33 -11 20 31 24 21 14 -11 -39 -51 -49 -40 -24 -7 3 5 3 4 9 16 20 15 9 15 34 65 84 66 36 5 -36 -62 -54 -31 -11 12 42 69 87 95 91 85 80 64 41 25 24 27 7 -27 -51 -77 -106 -112 -85 -52 -48 -66 -76 -67 -49 -37 -26 -9 0 -23 -59 -58 -38 -31 -23 -7 5 18 27 3 -35 -49 -43 -43 -62 -84 
-4 -4 0 27 59 49 25 21 18 15 19 17 3 -7 -7 -5 -2 0 -1 -4 -7 -8 -8 -8 -8 -8 -7 -5 -4 -3 -2 -2 -2 -2 -1 -1 -2 -1 -1 -3 -3 -2 -2 0 2 1 0 0 0 0 0 0 0 0 0 3 5 4 19 52 72 54 11 -34 -64 -58 -29 -5 1 -9 -18 -22 -26 -32 -45 -58 -53 -30 -7 0 -9 -19 -27 -45 -81 -141 -218 -302 -396 -455 -404 -256 -96 8 23 -16 -55 -98 -132 -121 -74 -29 -8 -4 -3 -1 -2 -8 -12 -9 -3 1 1 -1 -2 -2 -3 -4 -5 -6 -5 -4 -4 -4 -3 -1 0 0 0 0 0 1 3 4 4 4 4 4 4 4 4 4 4 3 1 0 0 0 0 0 0 0 0 0 0 0 0 1 3 3 1 0 -1 -3 -4 -3 -1 0 0 0 0 0 0 0 0 0 0 1 3 4 3 1 0 1 2 1 0 0 0 0 0 0 0 0 0 0 0 0 0 0 0 0 0 0 0 0 0 0 1 3 4 3 1 0 0 0 0 0 0 0 0 0 0 0 0 0 0 0 0 0 0 0 0 0 0 0 0 0 0 0 0 0 0 0 0 0 0 0 0 0 0 0 0 0 0 0 0 0 0 0 0 0 0 0 0 0 0 0 0 0 0 0 0 0 0 0 0 0 0 0 0 0 0 0 0 0 0 0 0 0 0 0 0 0 0 0 0 0 0 0 0 0 0 1 3 4 4 5 7 7 5 6 0 -10 -7 -63 -257 -479 -479 -237 30 194 185 73 8 -2 -5 -16 -21 -13 -56 -218 -322 -228 -86 16 67 49 29 33 -3 -56 -59 -41 -33 -25 -20 -23 -23 -8 17 25 4 -26 -50 -58 -45 -19 9 38 70 89 81 53 21 -9 -42 -57 -38 -16 -2 18 43 67 84 99 112 108 94 86 77 53 17 -10 -23 -39 -51 -39 -1 60 132 196 234 236 211 170 122 78 43 18 3 -2 5 19 26 25 24 17 4 6 29 58 82 90 69 29 -3 -16 -16 -14 -11 -4 -4 -7 -2 2 3 0 -12 -25 -28 -6 32 49 43 31 15 4 12 11 -21 -46 -45 -29 -11 -4 -7 -16 -23 -18 -11 -14 -20 -15 3 28 43 27 -8 -38 -57 -65 -55 -35 -25 -21 -8 12 23 17 1 -21 -45 -58 -60 -60 -57 -61 -94 -130 -135 -137 -156 -173 -166 -133 -98 -81 -79 -70 -45 -26 -18 -4 11 22 19 -12 -33 -20 -7 -11 -13 1 22 34 28 11 0 -5 -18 -34 
-16 -14 -15 7 30 21 16 22 13 2 4 6 0 -2 1 2 3 4 4 3 1 0 0 0 0 0 0 0 1 2 2 2 0 -2 -1 -1 -3 -3 -2 -3 -3 -1 0 1 2 1 0 -1 -3 -3 -2 -3 -4 -4 -4 -1 3 -2 -9 3 35 61 54 14 -29 -49 -48 -38 -34 -42 -50 -57 -66 -72 -82 -94 -86 -56 -29 -14 -9 -22 -48 -81 -136 -230 -353 -433 -400 -280 -135 -16 35 16 -31 -75 -100 -83 -45 -18 -2 6 6 3 3 4 5 8 11 9 1 -3 0 1 0 -1 -3 -4 -5 -5 -2 0 0 -1 -3 -4 -4 -2 2 4 4 4 4 3 1 1 3 4 4 4 4 4 4 3 1 0 0 0 0 0 0 0 0 0 0 0 0 0 0 0 0 0 1 2 1 0 0 0 0 0 0 0 0 0 0 -1 -2 -1 0 1 3 3 1 1 3 3 1 0 0 0 0 0 0 0 0 0 0 0 0 0 0 0 0 0 0 0 0 0 0 0 1 2 1 0 0 1 3 4 4 4 4 4 4 3 1 0 0 0 0 0 0 0 0 0 0 0 0 0 0 0 0 0 0 0 0 0 0 0 0 0 0 0 0 0 0 0 0 0 0 0 0 0 0 0 0 0 0 0 0 0 0 0 0 0 0 0 0 0 0 0 0 0 0 0 0 0 0 0 0 0 0 0 0 0 0 0 0 0 0 0 0 0 0 0 0 0 0 1 3 4 4 3 1 -1 -9 -10 -30 -196 -425 -434 -226 18 150 105 23 1 4 9 7 -6 -28 -106 -267 -325 -204 -74 3 27 1 -22 -25 -34 -39 -35 -45 -44 -22 -2 13 31 57 72 53 11 -29 -50 -50 -37 -21 -7 3 2 0 8 14 3 -21 -42 -48 -33 -1 37 72 97 107 105 92 66 34 5 -18 -39 -62 -80 -92 -106 -114 -101 -56 20 104 170 204 209 198 180 161 143 126 126 135 111 61 19 -8 -20 -18 -9 -3 -4 -7 4 48 110 143 134 101 54 14 -5 -3 16 24 9 -6 -8 1 14 19 13 8 -1 -3 33 70 66 43 31 39 27 -29 -76 -88 -73 -44 -23 -14 -12 -11 -9 -8 -9 -11 -10 -5 -4 -3 0 -11 -19 -6 -2 -19 -33 -37 -37 -30 -22 -35 -75 -119 -157 -190 -200 -179 -145 -120 -110 -113 -120 -126 -144 -168 -181 -178 -155 -116 -77 -57 -53 -42 -27 -20 -9 9 23 9 -44 -87 -86 -68 -52 -31 -11 6 32 51 49 47 56 62 61 
-22 -13 -6 12 22 8 4 12 6 -7 -10 -7 -4 2 6 4 1 0 0 0 0 -1 -3 -2 1 2 2 1 0 0 0 0 0 0 0 0 -1 -2 -1 0 0 0 0 0 0 0 0 -1 -3 -4 -4 -5 -7 -8 -8 -10 -11 -11 -20 -23 5 46 58 40 15 -18 -50 -65 -67 -66 -66 -70 -75 -70 -63 -61 -52 -35 -25 -25 -27 -42 -90 -173 -272 -358 -411 -380 -226 -42 46 32 -17 -67 -95 -89 -63 -21 12 13 2 1 5 6 6 4 1 3 10 13 7 2 5 8 7 5 3 1 1 3 4 4 4 3 0 -3 -4 -2 2 4 4 3 1 -1 -3 -3 -1 0 0 0 0 0 0 0 0 0 0 0 0 0 0 0 0 0 0 0 0 0 0 1 2 1 1 3 3 1 0 0 0 0 0 0 0 0 0 -1 -2 -1 0 -1 -1 1 1 0 1 3 3 1 0 0 0 0 0 0 0 0 0 0 0 0 0 0 0 0 0 0 0 0 0 0 0 1 2 1 0 1 3 4 4 4 4 4 4 3 1 0 0 0 0 0 0 0 0 0 0 0 0 0 0 0 0 0 0 0 0 0 0 0 0 0 0 0 0 0 0 0 0 0 0 0 0 0 0 0 0 0 0 0 0 0 0 0 0 0 0 0 0 0 0 0 0 0 0 0 0 0 0 0 0 0 0 0 0 0 0 0 0 0 0 0 0 0 0 0 0 0 0 0 0 1 3 0 -2 4 3 -4 3 -20 -187 -401 -406 -218 -7 99 65 9 -4 0 1 -13 -22 -37 -163 -315 -286 -165 -72 0 6 -14 35 73 29 -15 -26 -22 -6 12 22 26 33 43 40 12 -22 -40 -42 -36 -30 -31 -39 -38 -15 14 24 14 7 -4 -29 -31 -4 23 37 35 21 2 -20 -44 -66 -81 -86 -84 -80 -91 -117 -128 -119 -95 -53 2 60 100 109 99 85 78 89 116 145 146 107 57 10 -28 -44 -42 -33 -21 -6 4 4 10 46 104 142 150 133 81 24 -4 -1 21 31 7 -25 -31 -18 -4 -2 -16 -35 -52 -50 -15 25 50 64 49 -2 -50 -71 -83 -90 -78 -48 -17 2 12 15 9 1 -3 -4 -7 -14 -16 2 30 35 28 32 15 -42 -90 -94 -74 -46 -25 -35 -75 -118 -150 -176 -187 -168 -130 -99 -75 -46 -30 -33 -25 -7 -14 -56 -94 -87 -67 -77 -92 -86 -65 -39 -8 27 47 44 22 -23 -71 -85 -61 -28 -14 -8 15 42 56 61 52 25 0 
-10 -17 -13 10 16 2 8 19 10 1 -3 -5 -2 -1 -2 -1 0 0 1 4 6 5 4 0 -7 -9 -7 -4 -2 -3 -5 -6 -4 -1 -1 -3 -4 -4 -3 -1 1 4 6 3 -1 -1 -1 0 2 -8 -23 -20 -8 -11 -25 -34 -37 -37 -37 -43 -38 -5 31 37 19 -1 -25 -51 -62 -56 -47 -39 -24 -11 1 24 34 19 -5 -36 -82 -154 -243 -327 -388 -380 -273 -119 4 54 24 -48 -95 -89 -57 -28 -5 8 6 2 0 -4 -6 -5 -3 -2 -1 0 -1 -2 1 4 2 0 0 0 0 0 1 4 6 5 3 1 1 3 5 6 5 3 1 0 -1 -3 -4 -3 -1 -1 -3 -4 -4 -5 -7 -5 1 3 1 -1 -3 -3 -2 -1 2 4 3 1 0 0 1 2 1 0 0 0 0 0 0 0 0 0 0 0 0 1 3 4 3 1 0 0 0 0 0 -1 -3 -3 -1 0 0 0 0 -1 -2 -1 0 0 0 0 0 0 0 0 0 0 0 0 0 0 0 0 0 1 3 4 4 2 -2 -4 -4 -4 -4 -4 -4 -3 -1 0 0 0 0 0 0 0 0 0 0 0 0 0 0 0 0 0 0 0 0 0 0 0 0 0 0 0 0 0 0 0 0 0 0 0 0 0 0 0 0 0 0 0 0 0 0 0 0 0 0 0 0 0 0 0 0 0 0 0 0 0 0 0 0 0 0 0 0 0 0 0 0 0 0 0 0 0 0 0 0 0 0 0 0 0 0 3 4 1 4 1 -10 -9 -40 -172 -318 -327 -195 -33 35 16 -2 -3 -5 -6 -9 -21 -68 -210 -312 -225 -83 12 74 96 102 113 94 49 19 3 -1 8 10 -2 -11 -10 -6 -6 -13 -15 -8 -8 -11 -7 -2 4 11 25 47 56 43 17 -9 -22 -23 -20 -23 -44 -78 -112 -126 -113 -100 -95 -94 -93 -71 -56 -67 -59 -37 -24 -7 17 37 40 30 11 -17 -28 -7 28 70 91 62 18 -19 -49 -50 -25 -12 -16 -16 -15 -8 19 52 70 84 98 91 69 47 23 0 -9 5 16 -6 -41 -58 -54 -52 -71 -103 -113 -89 -64 -41 -3 37 46 12 -13 -1 -1 -18 -25 -27 -23 -12 -10 -20 -28 -34 -46 -62 -72 -68 -52 -22 27 78 98 75 29 -30 -81 -86 -64 -49 -30 -10 -18 -40 -54 -67 -77 -83 -73 -39 -4 27 57 91 147 194 185 128 64 22 -4 -23 -40 -67 -79 -55 -19 18 58 91 93 41 -34 -71 -60 -32 -12 -3 6 22 41 50 42 23 6 
-11 -21 -19 3 9 2 12 18 10 8 6 1 1 0 -2 -1 0 0 2 6 7 5 4 0 -7 -9 -7 -5 -4 -5 -6 -6 -6 -5 -4 -4 -4 -4 -3 -1 1 4 6 4 1 0 0 -5 -11 -10 -14 -26 -36 -45 -53 -57 -61 -62 -57 -58 -58 -37 -4 13 6 -11 -33 -52 -52 -33 -8 20 53 75 85 89 66 16 -36 -101 -199 -314 -407 -419 -332 -189 -37 54 42 -19 -67 -85 -71 -33 1 9 4 -1 -6 -2 5 4 3 2 -2 -3 0 2 -1 -5 -3 1 1 0 -1 -3 -3 -1 0 1 2 1 -1 -2 0 3 5 5 2 0 0 -1 -3 -3 -1 -1 -3 -4 -4 -4 -4 -5 -7 -5 1 3 1 0 -1 -2 -1 1 3 4 3 1 0 0 1 1 -1 -1 0 -1 -2 -1 0 0 0 0 0 0 0 1 3 4 3 1 0 1 2 1 0 -1 -3 -4 -3 -1 0 0 0 0 0 0 0 0 0 0 0 0 0 0 0 0 0 0 0 0 0 0 0 0 1 3 4 2 -2 -4 -4 -4 -4 -4 -4 -3 -1 0 0 0 0 0 0 0 0 0 0 0 0 0 0 0 0 0 0 0 0 0 0 0 0 0 0 0 0 0 0 0 0 0 0 0 0 0 0 0 0 0 0 0 0 0 0 0 0 0 0 0 0 0 0 0 0 0 0 0 0 0 0 0 0 0 0 0 0 0 0 0 0 0 0 0 0 0 0 0 0 0 0 0 0 0 0 1 3 2 -2 -2 -5 -11 -6 -21 -98 -185 -201 -136 -43 3 6 3 -2 0 -1 -9 -19 -115 -283 -301 -161 -46 36 90 79 81 107 84 35 0 -17 -16 -12 -14 -15 -4 24 53 64 63 58 43 28 28 37 39 27 20 32 41 25 6 5 2 -11 -23 -37 -63 -98 -130 -142 -132 -112 -75 -33 -9 3 25 58 75 70 54 38 28 18 2 -19 -37 -45 -42 -29 -7 16 30 29 12 -11 -33 -47 -46 -43 -39 -25 -13 -3 21 47 45 26 8 -3 12 32 25 -3 -27 -23 12 41 24 -22 -58 -69 -67 -70 -87 -103 -87 -46 -10 9 14 14 14 16 22 22 4 -25 -45 -52 -62 -81 -106 -131 -145 -148 -142 -124 -92 -50 -2 58 98 83 49 25 -14 -54 -55 -38 -23 2 27 33 37 63 89 86 70 67 73 90 126 166 197 214 217 214 194 142 90 67 39 -15 -56 -60 -45 -17 16 34 36 17 -17 -42 -55 -58 -42 -20 -13 -9 5 24 45 63 71 
-11 -10 0 16 13 9 16 10 1 0 -1 -3 -3 -1 0 0 0 0 0 -1 -3 -4 -5 -5 -2 0 0 -1 -3 -4 -4 -4 -4 -4 -3 0 3 4 4 2 -2 -4 -3 0 2 1 1 -5 -20 -27 -32 -56 -90 -107 -97 -78 -71 -75 -75 -66 -62 -66 -57 -31 -19 -35 -45 -30 -9 10 34 61 76 77 74 64 35 -35 -142 -258 -350 -385 -363 -275 -127 2 41 3 -54 -89 -88 -54 -13 5 1 -5 -4 -1 0 1 4 7 9 7 0 -3 -1 0 1 3 4 5 7 7 5 3 1 0 -1 -2 -1 0 0 0 0 0 0 -1 -3 -3 -2 -3 -3 -1 0 -1 -3 -3 -1 0 0 1 3 3 1 1 2 2 3 4 5 5 2 0 0 0 0 0 0 0 0 0 0 0 0 0 0 0 0 0 0 0 0 0 0 0 0 0 0 0 0 0 0 0 0 0 0 0 0 0 0 1 3 4 3 1 0 0 0 0 0 0 0 0 0 0 0 -1 -3 -4 -4 -4 -4 -4 -4 -3 -1 0 0 0 0 0 0 0 0 0 0 0 0 0 0 0 0 0 0 0 0 0 0 0 0 0 0 0 0 0 0 0 0 0 0 0 0 0 0 0 0 0 0 0 0 0 0 -1 -3 -4 -4 -4 -4 -4 -4 -3 -1 0 0 0 0 0 0 0 0 0 0 0 0 0 0 0 0 0 0 0 0 0 0 0 0 0 0 0 0 0 0 0 0 0 0 0 0 0 0 1 3 4 3 2 3 4 3 4 -7 -50 -94 -93 -49 -5 7 0 -2 -2 -4 -5 -14 -46 -156 -263 -207 -82 -16 7 11 20 41 41 16 -10 -31 -38 -24 -1 12 27 63 100 116 107 79 47 23 10 5 4 3 -1 -4 1 12 21 22 16 9 4 -3 -18 -38 -49 -48 -42 -24 11 54 87 89 84 93 84 63 51 37 17 3 1 -10 -27 -25 -27 -38 -22 -3 0 12 24 32 33 3 -40 -51 -40 -28 -3 19 27 38 40 6 -40 -52 -32 -8 2 -6 -23 -40 -30 18 52 32 -26 -70 -75 -73 -86 -102 -100 -68 -22 3 5 11 8 -12 -16 -23 -56 -81 -89 -102 -121 -140 -162 -179 -180 -166 -139 -104 -68 -39 -22 -2 24 34 23 9 -9 -43 -65 -49 -28 -8 50 111 146 189 226 230 198 143 106 108 133 148 135 120 127 143 141 111 74 40 2 -28 -46 -60 -62 -46 -17 17 46 62 56 20 -34 -71 -72 -53 -31 -11 6 25 40 37 25 
-17 -17 -4 11 5 6 19 12 1 -1 -2 -1 -1 -2 -1 0 0 0 -1 -3 -4 -4 -5 -6 -5 -3 -1 1 3 4 3 1 0 0 0 0 1 3 4 2 -2 -4 -3 -2 -2 -1 0 2 -6 -43 -94 -128 -137 -130 -118 -96 -64 -49 -56 -65 -72 -78 -72 -57 -49 -42 -17 18 37 39 40 45 42 26 2 -31 -81 -175 -305 -404 -413 -315 -153 -16 32 2 -49 -76 -75 -60 -34 -8 1 -3 -4 0 1 1 3 4 4 5 7 7 5 5 8 10 9 8 8 8 7 5 4 4 3 1 -1 -2 -1 0 1 3 3 1 0 0 0 -1 -3 -3 -1 0 0 0 0 0 0 0 0 1 3 3 1 1 3 4 5 7 8 6 2 0 0 0 0 0 0 0 0 0 0 0 0 0 0 0 0 0 0 0 0 0 0 0 0 0 0 0 0 0 0 0 0 0 0 0 0 0 0 0 1 3 3 1 0 0 0 0 0 0 0 0 0 0 0 -1 -3 -4 -4 -4 -4 -4 -4 -3 -1 0 0 0 0 0 0 0 0 0 0 0 0 0 0 0 0 0 0 0 0 0 0 0 0 0 0 0 0 0 0 0 0 0 0 0 0 0 0 0 0 0 0 0 0 0 0 -1 -3 -4 -4 -4 -4 -4 -4 -3 -1 0 0 0 0 0 0 0 0 0 0 0 0 0 0 0 0 0 0 0 0 0 0 0 0 0 0 0 0 0 0 0 0 0 0 0 0 0 0 0 0 2 5 5 4 4 3 1 -3 -14 -28 -32 -22 -7 2 5 8 7 2 -6 -12 5 -7 -128 -233 -175 -76 -41 -33 -43 -33 7 18 1 -17 -25 -11 14 29 29 27 37 50 42 5 -40 -65 -63 -47 -32 -24 -23 -20 -3 25 41 32 14 5 10 23 36 47 55 65 86 100 78 39 21 22 23 17 7 5 12 11 -2 -12 -3 14 10 -13 -40 -57 -47 -21 14 56 81 87 76 38 -9 -31 -32 -30 -20 -9 -3 8 22 22 4 -16 -23 -12 6 8 -10 -29 -32 -9 31 55 40 2 -34 -68 -73 -59 -88 -114 -83 -35 0 23 33 21 -19 -79 -140 -176 -183 -181 -175 -162 -141 -116 -102 -100 -91 -68 -48 -40 -32 -17 8 38 52 42 31 11 -41 -75 -63 -33 21 100 162 184 179 158 126 90 60 42 37 41 44 44 43 41 41 44 46 38 21 7 -8 -29 -47 -61 -57 -22 19 45 42 -4 -67 -96 -92 -84 -64 -36 -19 -14 -19 -32 -44 
-19 -19 -5 4 -2 7 20 10 0 -1 -2 -1 -1 -2 -1 0 0 -1 -3 -4 -4 -4 -4 -5 -6 -4 -1 1 3 4 4 3 1 0 0 -1 -3 -4 -4 -3 -1 0 -1 -3 -4 -3 -1 -2 -3 -14 -64 -128 -140 -100 -68 -60 -36 1 -3 -38 -40 -13 -10 -22 -15 -2 7 14 15 12 10 6 -7 -25 -58 -127 -221 -316 -391 -391 -294 -149 -9 59 23 -54 -93 -81 -51 -22 3 14 8 -1 -2 4 9 8 5 3 1 0 -1 -1 3 6 6 8 10 9 8 7 5 4 4 4 3 1 0 0 0 0 1 3 3 1 0 -1 -3 -4 -3 -1 0 0 0 0 0 0 0 0 0 0 0 0 0 0 1 3 4 4 4 3 1 0 0 0 0 0 0 0 0 0 0 0 0 0 0 0 0 0 0 0 0 0 0 0 0 0 0 0 0 0 0 0 0 0 0 0 0 0 0 0 0 -1 -2 -1 0 0 0 0 0 0 0 0 0 0 0 0 0 0 0 0 0 0 0 0 0 0 0 0 0 0 0 0 0 0 0 0 0 0 0 0 0 0 0 0 0 0 0 -1 -3 -4 -4 -4 -4 -4 -4 -4 -4 -4 -4 -4 -4 -4 -4 -5 -7 -8 -8 -8 -8 -8 -8 -6 -2 0 0 0 0 0 0 0 0 0 0 0 0 0 0 0 0 0 0 0 0 0 0 0 0 0 0 0 0 0 0 0 0 0 0 0 0 0 0 0 0 0 0 0 0 0 0 0 0 1 4 6 5 3 1 -3 -3 8 15 6 -9 -15 -10 -6 -5 -2 4 5 -2 16 53 -33 -244 -316 -194 -60 -3 -27 -58 -25 20 29 17 1 -6 -3 1 -2 -13 -24 -29 -42 -81 -129 -150 -130 -88 -51 -26 -15 -15 -10 8 30 37 20 -2 -7 9 44 88 117 116 93 57 11 -31 -53 -62 -58 -38 -25 -21 -16 -17 -21 -19 -9 12 26 7 -19 -26 -26 -7 29 51 65 71 52 21 -9 -39 -54 -49 -45 -42 -33 -22 -2 30 41 9 -27 -27 1 17 3 -16 -29 -35 -12 33 70 80 65 50 33 -7 -60 -98 -100 -62 -12 7 -11 -52 -109 -162 -202 -226 -221 -183 -135 -102 -69 -24 19 45 43 16 -10 -15 -10 -6 12 59 111 129 108 66 11 -40 -52 -33 -16 13 50 56 41 28 20 17 9 -7 -22 -25 -15 -7 -8 -9 4 34 54 51 48 48 37 21 7 -21 -66 -97 -94 -66 -39 -40 -69 -101 -117 -118 -114 -113 -115 -113 -101 -80 -62 
-20 -16 4 8 0 12 20 8 -1 -2 -1 0 0 -1 -2 -2 -3 -4 -3 -2 -3 -3 -1 -1 -2 -1 0 0 0 0 0 0 0 0 0 -1 -4 -7 -8 -7 -5 -4 -4 -4 -4 -4 -4 -5 -1 14 22 1 -35 -45 -11 9 -15 -24 -9 9 26 30 26 32 49 59 54 40 28 21 13 -6 -45 -101 -175 -268 -342 -352 -302 -194 -64 -2 -15 -52 -71 -54 -28 -15 -10 -8 -9 -7 2 10 9 6 8 8 5 3 0 -4 -7 -6 -2 0 0 0 0 0 0 0 1 2 1 0 0 0 0 0 0 0 0 0 0 0 0 -1 -3 -3 -1 0 0 0 0 1 3 4 4 4 4 3 1 0 0 0 0 0 0 0 0 0 0 0 0 0 0 0 0 0 0 0 0 0 0 0 0 0 0 0 0 0 0 0 0 0 0 0 0 0 0 0 0 0 0 0 0 0 0 0 0 -1 -3 -4 -3 -1 0 0 0 0 0 0 0 0 0 0 0 0 0 0 0 0 0 0 0 0 0 0 0 0 0 0 0 0 0 0 0 0 0 0 0 0 0 0 0 0 0 0 0 -1 -3 -4 -4 -4 -4 -4 -4 -4 -4 -4 -4 -4 -4 -4 -4 -5 -7 -8 -8 -8 -8 -8 -8 -6 -2 0 0 0 0 0 0 0 0 0 0 0 0 0 0 0 0 0 0 0 0 0 0 0 0 0 0 0 0 0 0 0 0 0 0 0 0 0 0 0 0 0 0 0 0 0 0 0 0 0 1 4 6 5 4 3 2 2 -1 -7 -9 -6 -4 -4 -5 -7 -4 4 4 6 35 32 -118 -288 -237 -69 11 1 -39 -44 -1 33 36 19 -4 -18 -24 -22 -19 -31 -50 -69 -98 -131 -148 -138 -107 -68 -30 -2 10 13 17 24 25 9 -17 -35 -30 5 58 101 101 53 -4 -41 -58 -58 -53 -53 -51 -43 -38 -43 -48 -40 -19 -5 7 34 42 29 19 2 -4 5 7 16 25 18 8 -6 -36 -62 -64 -57 -43 -23 -11 1 29 45 16 -28 -45 -34 -27 -45 -71 -89 -96 -78 -29 33 80 99 106 74 4 -29 -46 -77 -64 3 53 30 -52 -140 -194 -210 -199 -170 -125 -66 -6 52 112 166 202 205 174 124 76 45 22 10 26 59 81 77 63 46 3 -41 -44 -29 -24 -23 -21 -15 -7 -7 -15 -20 -16 -8 -5 -14 -31 -44 -46 -38 -25 -20 -25 -19 6 36 58 60 26 -40 -108 -149 -143 -96 -49 -39 -79 -134 -158 -161 -156 -139 -114 -81 -41 -10 
-19 -9 16 16 7 19 19 4 -2 -2 -1 0 0 -1 -2 -2 -3 -3 -1 0 1 2 2 3 3 1 0 -1 -4 -7 -9 -9 -6 -4 -4 -4 -4 -4 -4 -4 -4 -4 -4 -4 -4 -5 -7 0 11 24 71 124 108 42 13 15 -18 -55 -25 50 73 29 14 43 58 64 67 60 56 45 9 -39 -95 -185 -311 -427 -454 -347 -150 9 41 -7 -69 -104 -80 -25 4 3 2 0 -9 -11 0 12 11 3 1 2 2 1 -1 -3 -4 -3 -1 0 0 -1 -3 -4 -5 -5 -3 -2 -2 -2 -1 0 0 -1 -1 2 4 4 4 4 2 0 2 4 4 4 4 4 4 5 7 7 5 4 4 4 4 3 1 0 0 0 -1 -3 -4 -3 -1 0 0 0 0 0 0 0 0 0 0 0 0 0 0 0 0 0 0 0 0 0 0 0 0 0 0 0 0 0 0 0 0 0 0 0 0 0 0 -1 -3 -3 -1 -1 -3 -4 -4 -4 -4 -4 -4 -4 -4 -4 -4 -3 -1 0 0 0 0 0 0 0 0 0 0 0 0 0 0 0 0 0 0 0 0 0 0 0 0 0 0 0 0 0 0 -1 -3 -4 -4 -4 -4 -4 -4 -4 -4 -4 -4 -4 -4 -4 -4 -3 -1 0 0 0 0 0 0 -1 -3 -4 -4 -4 -4 -4 -4 -3 -1 0 0 0 0 0 0 0 0 0 0 0 0 0 0 0 0 0 0 0 0 0 0 0 0 0 0 0 0 0 0 0 0 0 0 0 0 0 0 0 0 0 0 1 3 4 4 6 7 -1 -11 -10 -1 5 4 6 13 10 -3 -5 8 21 56 111 68 -74 -129 -75 -25 -2 -2 -16 -8 22 42 35 12 -5 -11 -12 -12 -15 -25 -37 -41 -39 -43 -45 -35 -26 -19 -8 2 4 -4 -10 -8 -11 -25 -42 -48 -30 7 40 47 32 15 -6 -34 -44 -27 -10 -2 10 14 -4 -27 -35 -28 -12 12 40 60 55 27 -3 -28 -38 -24 -6 9 29 43 36 7 -32 -59 -57 -37 -19 -8 0 8 17 19 -1 -38 -70 -86 -96 -113 -119 -99 -70 -32 19 68 95 93 79 63 39 -2 -53 -75 -39 26 79 94 58 6 -26 -38 -44 -51 -15 77 157 193 194 177 161 146 119 78 42 20 8 3 10 36 58 51 28 -10 -65 -97 -82 -60 -52 -36 -21 -18 -24 -38 -48 -47 -44 -49 -58 -67 -77 -82 -82 -83 -77 -71 -76 -59 -8 40 52 20 -41 -116 -179 -195 -164 -113 -76 -90 -144 -184 -188 -158 -104 -54 -18 13 34 
-14 -4 18 19 14 22 15 -1 -4 -1 0 0 0 0 -1 -2 -1 0 0 1 3 3 2 3 4 3 1 -2 -7 -12 -16 -16 -11 -8 -7 -4 -1 0 0 0 0 0 -1 -3 -5 -6 -6 0 17 41 74 116 145 119 26 -46 -38 -10 16 49 61 42 20 14 14 13 2 -12 -12 -17 -52 -118 -212 -320 -395 -380 -272 -129 -9 29 -19 -66 -67 -39 -11 -1 3 4 3 13 23 18 9 6 3 -2 -3 -1 -1 -2 -1 0 0 1 4 6 5 4 4 3 1 -1 -3 -3 -1 -1 -2 -1 0 -1 -1 2 4 4 4 4 2 0 2 4 4 4 4 4 4 4 4 4 4 3 1 1 3 3 1 0 -1 -3 -4 -4 -4 -3 -1 0 0 0 0 0 0 0 0 0 0 0 0 0 0 0 0 0 0 0 0 0 0 0 0 0 0 0 0 0 0 0 0 0 0 0 0 0 0 0 0 0 -1 -3 -4 -4 -4 -4 -4 -4 -4 -4 -4 -4 -4 -3 -1 0 0 0 0 0 0 0 0 0 0 0 0 0 0 0 0 0 0 0 0 0 0 0 0 0 0 0 0 0 0 -1 -3 -4 -4 -4 -4 -4 -4 -4 -4 -4 -4 -4 -4 -4 -4 -3 -1 0 0 0 0 0 0 -1 -3 -4 -4 -4 -4 -4 -4 -3 -1 0 0 0 0 0 0 0 0 0 0 0 0 0 0 0 0 0 0 0 0 0 0 0 0 0 0 0 0 0 0 0 0 0 0 0 0 0 0 0 0 0 1 3 4 4 4 4 4 4 4 3 -1 -4 -3 -3 1 12 11 1 7 22 56 131 207 207 114 31 17 23 26 22 20 38 56 51 28 5 -6 -12 -12 1 8 9 28 56 63 46 21 -7 -29 -31 -17 -4 -2 -3 1 3 -3 -17 -33 -38 -28 -9 9 22 36 39 21 2 -2 -3 -2 16 33 28 11 -3 -12 -5 11 18 34 37 9 -11 -30 -47 -36 -20 1 36 58 51 27 -10 -49 -58 -49 -44 -35 -23 -24 -18 11 17 -21 -69 -86 -70 -57 -52 -39 -28 -22 -3 33 66 73 76 72 21 -26 -36 -57 -79 -50 28 116 194 242 234 185 135 107 106 120 126 110 81 59 44 23 8 4 -6 -11 -7 -13 -15 16 63 71 39 15 -16 -70 -92 -80 -71 -62 -61 -70 -73 -70 -72 -84 -98 -102 -92 -83 -92 -115 -135 -141 -127 -120 -150 -167 -127 -61 -10 13 -5 -66 -120 -135 -128 -101 -50 -13 -31 -81 -109 -96 -51 2 45 80 102 
-13 3 17 10 12 24 18 7 5 7 3 -4 -4 -2 -2 -2 -1 2 1 -6 -11 -12 -12 -12 -12 -13 -15 -16 -16 -17 -19 -28 -40 -35 -19 -9 -5 -3 0 2 0 -3 -4 -4 -4 -3 -1 2 7 21 48 73 90 92 44 -32 -53 -16 9 1 -2 4 -29 -71 -63 -46 -54 -69 -84 -103 -134 -220 -353 -415 -321 -123 32 67 12 -59 -76 -49 -15 9 13 7 7 9 5 6 13 13 5 -3 -5 -4 -5 -6 -6 -4 0 4 7 7 6 7 6 2 0 -1 -4 -6 -4 -1 0 -1 -3 -4 -3 -2 -3 -3 -1 0 -1 -4 -7 -4 4 7 5 2 -2 -4 -3 1 5 5 4 3 1 0 0 -1 -3 -4 -4 -4 -3 -1 0 -1 -3 -3 0 3 3 1 -1 -1 2 4 3 2 3 4 4 2 -1 -1 0 0 0 0 -1 -2 -1 0 -1 -3 -4 -3 -1 1 3 3 1 0 0 0 0 -1 -3 -4 -4 -3 -1 0 0 0 0 0 0 0 0 0 0 1 2 1 0 0 0 0 0 0 0 0 0 0 0 0 0 0 0 0 0 0 0 0 0 -2 -6 -8 -8 -8 -8 -8 -8 -6 -2 0 0 0 0 0 0 0 0 0 0 0 0 0 0 0 0 0 0 0 0 0 0 0 0 0 0 0 0 0 0 -2 -6 -8 -8 -8 -8 -8 -8 -8 -8 -8 -8 -8 -8 -8 -8 -7 -5 -4 -4 -4 -4 -4 -4 -3 -1 0 0 0 0 0 0 0 0 0 0 0 0 0 0 0 0 0 0 0 0 1 3 3 1 2 5 4 -1 -6 -7 -9 -8 3 6 0 -2 -14 -49 -28 120 245 207 112 62 39 25 12 1 -7 -15 -14 -8 -10 -16 -17 -15 -8 8 32 66 100 110 70 -1 -44 -47 -31 -13 0 9 7 3 14 24 11 -17 -37 -37 -20 5 33 63 80 74 51 22 5 -6 -18 -14 -9 -19 -27 -28 -24 -16 -10 4 27 31 16 1 -20 -29 -9 9 17 27 25 12 -1 -22 -43 -49 -43 -35 -30 -26 -16 11 41 35 -11 -50 -48 -22 -23 -45 -44 -47 -57 -36 5 42 61 54 34 17 10 -1 -42 -74 -43 39 136 215 248 226 194 177 135 74 27 -3 -11 -5 -6 -13 -14 -11 -13 -14 -10 -16 -24 -12 25 76 101 85 56 24 -15 -51 -83 -106 -106 -104 -111 -111 -109 -114 -120 -113 -102 -105 -116 -145 -175 -180 -180 -167 -158 -184 -185 -132 -63 17 78 83 59 32 14 20 46 72 76 37 -19 -25 19 63 88 107 127 
-16 11 19 7 12 18 5 -4 -3 -2 -4 -6 -5 -4 -1 3 3 3 1 -8 -18 -27 -40 -51 -53 -51 -48 -45 -44 -45 -47 -53 -59 -50 -31 -17 -9 -4 0 2 0 -3 -4 -3 -1 0 1 1 -2 1 19 42 50 43 40 11 -65 -107 -85 -61 -51 -45 -55 -71 -66 -49 -48 -65 -94 -152 -253 -356 -374 -262 -74 69 83 12 -58 -80 -48 -10 4 1 -5 -3 0 0 -1 -6 -10 -7 -4 -6 -6 -3 -3 -4 -3 -1 2 6 8 6 3 3 3 1 0 0 -1 -1 1 1 0 0 0 -1 -2 -2 -3 -3 -1 0 -1 -4 -7 -5 1 4 4 3 1 0 1 3 3 1 -1 -2 -1 0 0 0 0 0 1 2 1 0 0 0 0 0 1 3 4 4 2 0 2 4 3 2 3 4 3 1 0 0 0 0 0 0 0 0 0 0 -1 -3 -4 -3 -1 0 0 0 0 0 0 0 -1 -3 -4 -4 -3 -1 0 0 0 0 0 0 0 0 0 0 0 0 0 0 0 0 0 -1 -3 -3 -1 0 0 0 0 0 0 0 0 0 0 0 0 0 0 -2 -6 -8 -8 -8 -8 -8 -8 -6 -2 0 0 0 0 0 0 0 0 0 0 0 0 0 0 0 0 0 0 0 0 0 0 0 0 0 0 0 0 0 0 -2 -6 -8 -8 -8 -8 -8 -8 -8 -8 -8 -8 -8 -8 -8 -8 -7 -5 -4 -4 -4 -4 -4 -4 -3 -1 0 0 0 0 0 0 0 0 0 0 0 0 0 0 0 0 0 -1 -3 -3 -1 0 2 5 4 1 1 2 0 -3 -4 -4 -7 -8 1 1 -40 -133 -203 -136 6 75 53 11 6 12 -7 -37 -65 -85 -84 -64 -46 -34 -23 -19 -15 6 37 63 78 76 45 -4 -30 -25 -13 -8 -8 -8 -12 -13 5 27 25 1 -22 -29 -14 20 49 57 55 50 31 0 -13 -7 -10 -15 -12 -12 -25 -41 -49 -47 -28 3 46 75 60 30 2 -21 -19 -5 2 10 27 41 46 38 4 -30 -37 -29 -16 3 16 25 47 61 46 20 9 17 21 -4 -51 -82 -80 -59 -26 21 62 93 129 128 79 38 3 -45 -62 -21 29 62 103 123 101 65 15 -31 -46 -46 -44 -38 -26 -6 7 5 4 8 13 14 12 11 9 29 62 56 35 32 2 -63 -123 -162 -185 -190 -175 -173 -177 -154 -135 -129 -121 -119 -115 -111 -100 -68 -46 -19 28 3 -90 -133 -108 -40 62 142 156 121 83 72 77 88 96 67 6 -32 -27 1 25 28 22 
-10 21 22 13 24 21 2 -8 -14 -19 -19 -18 -22 -27 -23 -12 -4 -4 -7 -9 -17 -37 -64 -81 -77 -64 -54 -50 -51 -53 -54 -46 -31 -24 -21 -14 -7 -3 -4 -6 -4 -2 -2 -2 -2 -2 -3 -7 -2 10 6 10 34 36 25 23 -14 -69 -74 -48 -20 8 37 57 46 21 -6 -51 -129 -244 -357 -362 -218 -37 53 29 -35 -71 -63 -29 -2 6 4 1 -1 -3 -3 -2 -3 -4 -4 -3 -1 0 0 1 3 5 7 7 5 3 1 1 3 4 5 6 6 7 8 7 4 0 -2 0 4 6 4 2 2 1 0 0 1 3 4 2 -2 -3 -1 1 3 5 7 5 -1 -3 -1 1 2 2 3 5 7 8 8 7 5 4 4 5 7 7 5 4 4 4 4 3 1 -1 -2 -1 0 -1 -3 -2 1 1 1 3 3 1 1 2 1 0 0 0 0 0 0 -1 -3 -3 -1 -1 -3 -4 -4 -3 -1 0 0 0 0 0 0 0 0 0 0 0 0 0 0 -1 -2 -1 0 -1 -4 -7 -8 -6 -2 0 0 0 0 0 0 -1 -3 -4 -4 -4 -4 -4 -4 -3 -1 0 0 0 0 0 0 0 0 0 0 0 0 0 0 0 0 0 0 0 0 0 0 0 0 0 0 0 0 0 0 0 0 0 0 0 0 0 0 0 0 0 0 0 0 0 0 0 0 0 0 0 0 0 0 0 0 0 0 0 0 0 0 0 0 0 0 0 0 0 0 0 0 0 0 0 0 0 0 0 0 0 0 0 0 0 0 1 3 4 4 3 2 2 1 0 -4 -8 6 36 50 14 -73 -184 -239 -182 -97 -62 -48 -22 -9 -19 -33 -45 -57 -69 -72 -59 -33 -8 6 13 21 30 36 36 29 18 3 -13 -23 -25 -19 -9 -2 0 3 16 37 50 42 18 -4 -10 5 21 12 -1 1 -3 -17 -29 -23 -2 2 6 23 9 -27 -46 -48 -30 3 33 48 32 -12 -45 -60 -69 -43 1 28 61 94 104 93 48 -12 -43 -38 -16 2 11 12 10 24 56 81 85 77 74 38 -52 -96 -67 -39 -14 19 48 79 103 108 80 23 -20 -43 -66 -66 -33 -2 26 50 33 1 -14 -31 -41 -39 -34 -22 -5 11 17 14 15 19 18 12 2 -12 -28 -33 -14 17 37 26 -32 -126 -211 -258 -281 -271 -208 -143 -113 -80 -41 -23 -5 23 42 55 54 52 78 117 167 177 77 -51 -107 -93 -12 98 156 151 118 90 91 117 133 120 89 29 -40 -61 -37 -18 -20 
-22 3 -8 -22 -9 -7 -13 -11 -18 -32 -43 -53 -64 -71 -65 -44 -21 -12 -12 -12 -17 -30 -43 -46 -38 -27 -18 -12 -9 -6 0 10 18 15 5 -2 -5 -9 -16 -19 -14 -9 -7 -5 -4 -4 -5 -7 -6 -3 -3 -2 4 11 18 27 40 47 32 19 40 79 105 106 79 26 -44 -150 -297 -397 -354 -185 -20 27 -35 -111 -122 -77 -20 13 9 0 0 0 0 -1 -2 -1 0 -1 -2 -1 1 3 4 4 4 4 5 7 6 2 0 2 6 8 7 4 1 0 -1 -2 -1 -2 -5 -3 3 6 3 0 1 1 0 0 1 3 5 4 0 -1 -1 -3 -4 -3 -1 0 1 3 5 7 7 5 4 5 7 7 5 5 6 5 4 4 4 4 4 4 3 1 1 2 1 -1 -2 -1 0 -1 -2 -1 0 1 3 4 4 3 1 0 0 0 0 0 0 0 0 0 0 0 0 -1 -3 -4 -3 -1 0 0 0 0 0 0 0 0 0 0 0 0 0 0 0 0 0 -1 -3 -5 -7 -7 -5 -4 -4 -4 -4 -4 -4 -4 -4 -4 -4 -4 -4 -4 -4 -4 -4 -3 -1 0 0 0 0 0 0 0 0 0 0 0 0 0 0 0 0 0 0 0 0 0 0 0 0 0 0 0 0 0 0 0 0 0 0 0 0 0 0 0 0 0 0 0 0 0 0 0 0 0 0 0 0 0 0 0 0 0 0 0 0 0 0 0 0 0 0 0 0 0 0 0 0 0 0 0 0 0 0 0 0 0 0 0 0 0 0 0 0 1 4 6 5 4 4 3 -1 -1 18 53 81 75 22 -67 -166 -234 -246 -192 -101 -40 -20 -13 -2 5 -2 -18 -34 -32 -9 15 25 21 9 0 3 17 32 39 32 8 -20 -32 -23 -5 9 16 20 26 39 55 57 36 5 -27 -43 -23 3 16 26 28 30 26 7 -5 -11 -14 -9 -14 -35 -47 -38 -25 -19 -21 -27 -44 -79 -104 -98 -73 -36 2 31 58 81 87 68 31 -7 -30 -35 -33 -33 -30 -23 -15 10 53 86 90 76 42 -12 -47 -54 -51 -41 -21 -3 10 25 32 37 34 3 -32 -49 -74 -98 -77 -33 -2 22 36 39 49 47 10 -21 -14 3 3 -3 -2 2 5 3 -7 -26 -55 -91 -121 -128 -107 -69 -38 -38 -71 -117 -167 -195 -160 -109 -67 17 71 55 52 49 33 34 49 75 72 39 46 92 146 215 226 107 -25 -66 -42 33 119 164 163 141 130 139 157 175 179 134 44 -32 -57 -40 -14 
-47 -32 -44 -53 -47 -57 -66 -54 -43 -48 -60 -71 -78 -77 -68 -49 -25 -10 -2 2 2 7 19 29 32 32 32 33 36 42 51 58 56 43 24 7 -4 -11 -16 -17 -14 -11 -9 -7 -6 -6 -6 -2 -3 -13 -10 -10 -25 -18 4 16 57 103 83 55 61 66 58 26 -26 -97 -211 -356 -439 -378 -212 -59 -6 -46 -108 -118 -67 -14 7 6 -3 -8 -7 -4 0 3 4 4 4 4 4 4 4 5 7 6 2 0 0 1 3 3 1 1 2 1 -1 -2 -2 -3 -3 -1 -1 -3 -4 -3 0 2 1 0 0 -1 -2 -1 0 0 1 3 4 4 3 1 -1 -3 -5 -5 -1 3 4 4 5 5 2 1 3 3 1 1 2 1 0 0 0 0 0 -1 -2 -2 -3 -3 -2 -2 -1 0 -1 -2 -1 0 0 1 2 1 1 2 1 0 0 0 0 0 0 0 0 0 0 0 0 1 3 3 1 0 0 0 0 0 0 0 0 0 0 0 0 0 0 0 0 -1 -3 -4 -4 -4 -3 -1 0 -2 -6 -8 -8 -8 -8 -8 -8 -7 -5 -4 -4 -4 -4 -4 -4 -3 -1 0 0 0 0 0 0 0 0 0 0 0 0 0 0 0 0 0 0 0 0 0 0 0 0 0 0 0 0 0 0 0 0 0 0 0 0 0 0 0 0 0 0 0 0 0 0 0 0 0 0 0 0 0 0 -1 -3 -4 -4 -4 -4 -4 -4 -4 -4 -4 -4 -4 -4 -4 -4 -3 -1 0 0 0 0 0 0 0 0 0 0 0 0 0 0 0 0 0 1 3 3 2 3 5 4 -1 -3 0 8 18 13 -16 -86 -193 -267 -245 -154 -68 -7 27 36 44 49 35 6 -17 -20 -12 -7 -8 -16 -22 -13 11 41 71 85 60 14 -15 -17 -4 10 19 19 10 7 20 34 27 -4 -37 -47 -31 -2 30 54 60 55 38 0 -30 -29 -25 -27 -14 -8 -25 -39 -43 -47 -56 -58 -53 -55 -64 -59 -28 -10 -9 0 4 9 14 2 -6 -3 -7 -21 -35 -39 -32 -19 -3 21 51 73 72 51 18 -1 10 -5 -48 -63 -58 -46 -26 -1 31 42 26 20 28 8 -44 -89 -99 -56 -1 21 25 20 18 20 -6 -43 -51 -37 -24 -20 -22 -25 -25 -25 -31 -46 -74 -114 -155 -184 -190 -173 -148 -129 -105 -56 -25 -34 -9 30 24 38 62 21 -23 -31 -52 -76 -67 -20 23 36 51 75 101 158 220 177 44 -56 -88 -52 39 121 151 141 121 112 130 166 175 135 62 -21 -83 -97 -81 
-67 -52 -44 -32 -30 -59 -85 -81 -64 -54 -53 -51 -38 -19 -9 -9 -7 0 7 12 19 35 58 72 69 59 49 42 41 44 47 46 39 27 13 1 -5 -4 0 1 -2 -3 -1 -1 -2 -2 -2 2 0 -10 -8 -14 -40 -43 -21 19 89 113 68 42 31 3 -20 -57 -147 -276 -385 -403 -287 -116 -29 -53 -107 -119 -84 -29 11 15 0 -9 -8 -5 -4 -3 0 4 6 7 10 12 11 8 5 4 5 5 2 0 -1 -3 -2 2 5 4 -2 -6 -5 -3 0 4 8 7 0 -3 0 2 1 1 4 6 5 3 1 0 0 1 3 5 6 5 4 4 4 3 0 -2 -1 0 0 -1 -2 -1 0 0 0 0 0 0 0 0 0 -1 -3 -4 -4 -4 -4 -4 -4 -4 -4 -3 -1 0 -1 -2 -1 0 0 -1 -2 -1 -1 -2 -1 0 0 0 0 0 0 0 0 0 0 0 0 1 3 3 1 0 0 0 0 0 0 0 0 -1 -3 -4 -4 -4 -4 -4 -4 -3 -2 -2 -2 -2 -1 0 0 -1 -3 -4 -4 -4 -4 -4 -4 -4 -4 -4 -4 -4 -4 -4 -4 -3 -1 0 0 0 0 0 0 0 0 0 0 0 0 0 0 0 0 0 0 0 0 0 0 0 0 0 0 0 0 0 0 0 0 0 0 0 0 0 0 0 0 0 0 0 0 0 0 0 0 0 0 0 0 0 0 -1 -3 -4 -4 -4 -4 -4 -4 -4 -4 -4 -4 -4 -4 -4 -4 -3 -1 0 0 0 0 0 0 0 0 0 0 0 0 0 0 0 0 0 0 1 3 3 2 4 4 -4 -23 -53 -73 -63 -39 -30 -51 -116 -194 -221 -175 -84 -6 27 27 29 40 38 16 -17 -43 -45 -26 -7 4 9 14 25 40 57 65 48 13 -19 -35 -32 -18 -6 -4 -11 -13 5 34 46 28 1 -19 -36 -33 -2 28 33 14 -5 -16 -23 -9 7 7 18 29 10 -25 -48 -54 -53 -43 -26 -10 -4 -8 -10 -24 -36 -27 -25 -24 -5 16 30 35 21 -9 -31 -29 -14 2 16 24 29 35 34 20 12 28 40 17 -15 -34 -55 -58 -34 -2 36 57 57 56 52 31 20 14 -26 -34 4 20 9 -10 -31 -40 -33 -48 -86 -94 -63 -35 -26 -21 -18 -18 -17 -19 -36 -66 -88 -95 -96 -88 -75 -74 -73 -45 -7 -9 -39 -29 -6 -23 -10 13 -27 -58 -50 -35 -22 -13 -3 0 2 22 48 57 79 112 50 -82 -138 -105 -34 32 57 46 20 4 30 88 122 113 69 -2 -71 -99 -89 
-69 -60 -41 -17 -21 -60 -90 -86 -63 -42 -28 -12 15 43 51 36 16 6 2 4 16 32 47 54 48 36 25 18 16 15 11 4 -2 -4 -4 -4 -4 -2 3 5 2 1 3 4 4 3 2 -1 -4 -1 -6 -28 -55 -72 -66 -22 17 -5 -32 -30 -35 -51 -81 -155 -293 -418 -400 -228 -35 47 11 -58 -85 -61 -19 4 -2 -11 -6 3 5 4 4 4 3 2 3 6 10 11 8 4 1 0 0 1 2 1 0 -1 -2 2 9 10 6 4 4 4 5 7 8 5 1 3 7 7 4 3 6 9 10 9 6 2 0 1 4 5 2 0 0 0 1 3 4 4 4 4 4 3 1 0 0 0 0 0 0 0 1 3 4 3 1 0 -1 -2 -2 -2 -2 -3 -3 -1 0 -1 -2 -1 0 0 0 -1 -3 -4 -4 -3 -1 0 0 0 0 0 0 0 0 0 0 0 -1 -3 -4 -3 -1 0 0 0 0 0 0 0 0 0 0 0 0 0 0 0 0 1 3 3 0 -2 -1 0 0 0 0 0 0 0 0 0 0 0 0 0 0 0 0 0 0 0 0 0 0 0 0 0 0 0 0 0 0 0 0 0 0 0 0 0 0 0 0 0 0 0 0 0 0 0 0 0 0 0 0 0 0 0 0 0 0 0 0 0 0 0 0 0 0 0 0 0 0 0 0 0 0 0 0 0 0 0 0 0 0 0 0 0 0 0 0 0 0 0 0 0 0 0 0 0 0 0 0 0 0 0 0 0 0 0 0 0 0 1 4 6 4 0 -2 -2 -11 -38 -63 -57 -29 -14 -24 -66 -140 -207 -214 -152 -80 -32 -5 4 14 30 35 16 -18 -35 -19 7 24 28 21 13 8 3 3 10 7 -14 -40 -52 -43 -25 -11 -4 1 15 41 59 50 20 -19 -51 -50 -21 7 26 34 35 39 39 35 35 31 18 10 4 -19 -46 -56 -46 -21 4 23 37 21 -32 -73 -71 -45 -18 3 30 64 79 66 32 -12 -42 -45 -33 -18 -5 -3 -9 -5 12 21 25 41 59 73 69 32 -10 -27 -14 12 25 40 65 48 -7 -17 14 16 -13 -44 -54 -28 9 30 16 -21 -29 -29 -56 -77 -70 -52 -31 -7 3 2 9 22 25 13 0 -4 -8 -14 -17 -21 -27 -32 -18 -10 -61 -87 -42 -32 -30 9 2 -34 -37 -26 -30 -48 -51 -45 -54 -57 -48 -57 -62 -15 5 -73 -150 -152 -115 -82 -67 -69 -81 -83 -58 -8 52 91 81 31 -24 -51 -49 
13 7 10 18 2 -35 -59 -57 -38 -17 -1 15 37 57 59 41 17 1 -6 -5 4 13 14 9 4 0 -3 -4 -4 -5 -9 -15 -17 -12 -5 -1 -1 -3 -3 -1 0 0 0 1 2 1 0 -5 -4 6 -9 -39 -59 -85 -98 -75 -73 -95 -73 -49 -58 -85 -164 -293 -398 -372 -200 -17 40 -8 -42 -31 -13 -1 7 3 -10 -12 -7 -3 5 9 8 7 5 3 1 2 5 5 3 1 0 0 -1 -1 2 3 1 0 1 5 10 15 21 22 17 12 7 1 -3 -3 1 7 10 8 4 2 5 10 11 9 7 5 4 4 4 2 -1 -1 0 1 3 4 5 7 8 8 8 9 10 9 7 4 1 1 3 3 2 3 4 4 4 4 4 3 1 0 -1 -2 -1 0 0 -1 -2 -1 0 -1 -2 -1 -1 -3 -3 -1 -1 -2 -1 0 0 0 0 0 0 -1 -3 -4 -4 -4 -4 -3 -1 0 0 0 0 0 0 0 0 1 3 4 4 4 4 4 4 2 -1 -1 1 2 1 0 1 2 1 0 0 0 0 0 0 0 0 0 0 0 0 0 0 0 0 0 0 0 0 0 0 0 0 0 0 0 0 0 0 0 0 0 0 0 0 0 0 0 0 0 0 0 0 0 0 0 0 0 0 0 0 0 0 0 0 0 0 0 0 0 0 0 0 0 0 0 0 0 0 0 0 0 0 0 0 0 0 0 0 0 0 0 0 0 0 0 0 0 0 0 0 0 0 0 0 0 0 0 0 0 0 0 0 0 1 2 2 4 7 5 2 5 5 -8 -25 -26 -11 -2 -14 -43 -100 -182 -239 -229 -157 -71 -13 5 14 38 58 56 31 -5 -28 -23 -10 -7 -11 -16 -19 -11 14 40 49 32 -3 -29 -33 -19 2 14 12 5 5 6 -7 -38 -75 -87 -63 -34 -15 20 70 95 94 81 46 17 3 -29 -51 -42 -46 -67 -70 -44 2 47 81 97 56 -32 -80 -72 -52 -21 11 28 40 44 34 11 -20 -46 -58 -57 -46 -31 -23 -22 -12 16 43 61 81 109 135 110 41 6 4 -1 5 13 6 -11 -51 -98 -96 -84 -84 -44 -45 -101 -92 -32 0 3 -12 -41 -46 -27 -30 -52 -55 -35 -17 -12 -7 10 37 61 69 47 9 -3 7 17 24 14 -23 -39 -17 -32 -75 -68 -37 -55 -77 -43 -10 -18 -42 -62 -71 -57 -38 -50 -85 -120 -135 -135 -122 -60 -29 -105 -173 -170 -144 -116 -93 -76 -56 -37 -19 13 51 78 85 63 17 -23 
92 62 53 68 62 46 32 12 0 -3 -4 -4 -3 2 9 10 2 -8 -12 -12 -11 -8 -4 -2 -4 -7 -7 -5 -4 -5 -7 -6 -2 0 -1 -3 -4 -4 -4 -1 3 0 -5 -5 -5 -6 -4 2 4 -5 -21 -45 -76 -123 -152 -113 -80 -73 -28 -18 -91 -186 -305 -404 -337 -133 13 22 -39 -72 -45 -7 6 7 10 10 6 6 6 2 2 4 4 3 1 0 0 2 3 -2 -6 -2 6 11 11 8 6 6 5 4 5 6 7 12 16 12 5 0 -3 -4 -5 -7 -6 -1 4 6 4 1 1 1 -2 -5 -4 1 3 1 1 2 1 0 1 5 10 12 12 11 7 3 3 3 1 2 4 3 3 4 4 3 1 -1 -3 -3 -2 -3 -4 -4 -3 -1 1 1 -2 -4 -3 0 3 3 1 1 2 0 -4 -6 -4 -1 0 -1 -2 -1 0 0 -1 -3 -3 -4 -6 -3 0 0 1 2 -1 -3 0 0 -1 2 1 -6 -9 -3 1 -4 -7 -6 -7 -6 -3 -4 -9 -10 -5 1 3 -2 -2 3 2 2 7 9 5 2 2 3 3 1 3 5 1 -1 2 3 1 -1 0 5 6 2 0 3 6 3 0 0 0 0 1 2 0 -2 0 2 0 -2 2 5 0 -3 -1 1 2 1 0 0 0 0 0 0 0 0 0 0 0 0 0 0 0 0 0 0 0 0 0 0 0 0 0 0 0 0 0 0 0 0 0 -1 -3 -4 -4 -4 -4 -4 -4 -4 -4 -4 -4 -4 -4 -4 -4 -4 -4 -3 -1 0 0 -1 -3 -4 -3 -1 0 0 0 1 4 6 4 1 0 -1 -5 -9 -8 -4 -7 -22 -60 -131 -201 -218 -169 -91 -33 -10 1 16 34 43 29 -5 -37 -46 -47 -54 -66 -71 -47 -4 33 56 62 44 6 -27 -41 -37 -20 -8 -7 -18 -41 -60 -66 -74 -82 -75 -63 -43 -14 20 56 73 62 32 0 -27 -44 -42 -32 -22 -9 -9 -26 -32 -11 30 69 68 25 -19 -45 -54 -47 -28 -10 -7 -2 13 11 4 8 -7 -34 -46 -51 -43 -19 -6 0 27 58 63 52 51 49 25 -4 -34 -47 -31 -23 -15 -13 -63 -120 -132 -115 -80 -45 -20 -11 -28 -48 -36 -16 -20 -21 -25 -35 -41 -56 -67 -58 -49 -51 -44 -31 -16 11 43 58 53 36 17 10 10 29 51 32 -5 -6 26 3 -59 -46 -32 -58 -27 12 5 -13 -43 -72 -58 -26 -13 -28 -80 -113 -122 -144 -112 -37 -55 -150 -189 -157 -104 -51 -14 -2 -6 -10 -2 26 71 102 91 37 -24 
89 54 43 59 63 67 69 50 27 16 15 10 -5 -17 -18 -11 -4 -4 -7 -9 -11 -12 -9 -2 2 0 -3 -3 -1 -1 -2 1 5 4 0 -3 -4 -4 -4 -4 -5 -7 -7 -6 -8 -11 -11 -7 -7 -18 -28 -40 -60 -72 -63 -42 -25 6 25 -27 -153 -322 -425 -343 -135 13 18 -40 -65 -41 -9 3 5 8 11 10 7 9 15 13 3 -1 0 0 0 0 1 0 -4 -6 -6 -4 -1 2 7 9 6 4 4 4 3 0 -3 -3 -3 -7 -11 -11 -7 -2 -1 -3 -4 -3 -1 0 0 0 0 -2 -6 -8 -6 -2 0 0 2 7 10 9 8 8 8 8 7 6 5 2 1 0 -4 -4 -2 -1 1 1 0 0 -1 -3 -4 -3 -2 -3 -4 -4 -3 0 4 6 4 1 0 1 3 4 4 1 -4 -4 1 6 7 3 -2 -3 -1 0 1 3 3 0 -4 -3 5 10 8 5 5 6 4 0 -4 -7 -7 -4 -1 1 5 7 4 7 17 21 19 20 21 25 35 42 42 35 30 32 28 17 14 15 15 15 13 13 13 9 4 2 3 3 1 1 1 -1 0 3 4 3 1 2 6 6 1 -2 0 2 0 -3 -3 -1 -1 -3 -3 -2 -4 -7 -6 0 5 5 4 3 1 -1 -3 -3 -1 0 0 0 0 0 0 0 0 0 0 0 0 0 0 0 0 0 0 0 0 0 0 0 0 0 0 0 0 0 0 -1 -3 -4 -4 -4 -4 -4 -4 -4 -4 -4 -4 -4 -4 -4 -4 -4 -3 -1 0 0 0 0 -1 -3 -4 -3 -2 -2 -1 0 0 1 1 -1 -1 1 2 0 -3 -6 -9 -12 -25 -70 -143 -199 -196 -139 -75 -28 -5 -2 6 15 -1 -43 -96 -141 -157 -165 -186 -181 -129 -63 -7 31 40 21 -15 -48 -56 -50 -48 -41 -26 -21 -34 -47 -49 -44 -34 -25 -25 -24 -5 8 0 2 7 -1 -3 -4 1 33 64 70 74 73 39 -13 -44 -32 -1 17 35 48 27 -13 -41 -54 -55 -43 -15 24 51 63 74 68 28 -13 -28 -27 -11 9 14 12 23 28 10 -17 -65 -90 -73 -108 -158 -132 -83 -37 -6 -26 -47 -74 -142 -152 -97 -76 -52 -18 -38 -56 -27 -9 -12 -4 5 -3 -23 -40 -49 -59 -70 -67 -53 -42 -29 -10 11 30 28 7 -7 -6 24 80 129 140 136 170 169 71 -19 -44 -45 -35 -24 -17 -6 -8 -19 -7 19 41 42 -11 -81 -96 -74 -72 -49 -2 -26 -96 -126 -105 -64 -44 -53 -60 -50 -32 -1 41 72 84 73 48 
71 46 34 30 28 41 56 57 54 57 63 62 48 28 9 -2 -1 2 2 2 0 -5 -10 -10 -6 -4 -4 -3 -1 0 0 0 0 -1 -2 -1 0 -1 -3 -8 -14 -12 -6 -6 -9 -10 -11 -15 -16 -22 -39 -38 -9 58 126 98 50 65 30 -89 -249 -376 -319 -116 11 -6 -54 -55 -24 2 10 8 5 3 2 3 4 4 4 3 1 0 0 1 3 4 3 -3 -7 2 12 8 -5 -11 -3 7 9 9 11 12 11 9 6 -1 -8 -8 -5 -4 -4 -3 -1 3 7 5 -1 -5 -4 -1 1 3 4 5 6 5 5 7 7 6 7 9 11 10 6 2 -2 -2 2 4 4 3 1 0 0 0 -1 -2 -2 -2 -2 -2 -1 0 1 2 2 3 4 4 4 3 0 -3 -5 -7 -7 -3 3 6 5 4 3 0 -3 -2 4 6 -1 -7 -7 -4 1 7 10 9 4 -3 -3 4 10 15 25 39 51 62 72 80 97 124 142 143 146 164 179 181 184 194 201 201 196 191 195 196 192 201 200 180 168 156 136 118 104 92 80 68 61 60 54 43 37 32 19 5 1 5 6 -2 -8 -4 3 3 -1 2 7 7 4 1 1 3 5 6 4 2 3 4 3 2 3 2 -2 -5 -5 -2 0 0 0 0 0 0 0 0 0 0 0 0 0 0 0 0 0 0 0 0 0 0 0 0 0 0 0 0 0 0 0 0 0 0 0 0 0 0 0 0 0 -1 -3 -4 -4 -4 -4 -4 -4 -2 2 3 1 0 0 1 3 3 0 -3 -3 -1 0 0 0 1 2 2 3 3 1 0 -1 -3 -7 -15 -23 -41 -102 -193 -236 -193 -104 -35 -24 -45 -56 -59 -92 -193 -339 -439 -460 -474 -511 -493 -359 -187 -82 -30 3 21 26 6 -26 -45 -47 -32 -11 2 10 16 13 9 2 -15 -33 -55 -57 -40 -27 -3 30 57 67 68 71 70 74 78 65 46 21 -24 -68 -70 -36 8 52 74 68 38 -9 -47 -56 -33 -2 27 72 100 90 74 37 -19 -41 -39 -38 -17 5 -9 -16 17 22 -31 -80 -127 -177 -166 -140 -148 -133 -84 -19 44 67 26 -73 -157 -153 -110 -74 -48 -59 -94 -105 -64 -21 -11 1 22 27 6 -24 -51 -75 -80 -74 -79 -64 -30 -9 7 27 45 51 51 50 75 150 229 271 292 310 262 112 -12 -49 -62 -50 -22 -4 18 34 21 2 -2 7 5 -46 -78 -44 -20 -2 56 87 41 -20 -39 -29 -24 -31 -37 -34 -24 -11 8 39 72 86 83 
31 14 17 21 21 38 62 72 72 72 72 70 60 41 22 9 2 1 3 3 0 -3 -5 -6 -5 -3 -1 0 0 1 2 1 0 0 0 0 0 0 -1 -4 -5 -3 -5 -10 -11 -7 -2 -1 -9 -29 -47 -33 23 102 145 100 33 -5 -98 -273 -386 -292 -76 37 7 -42 -53 -34 -7 5 4 0 -3 -5 -7 -7 -5 -5 -7 -6 -3 -2 -1 1 3 3 1 0 2 8 13 10 3 1 5 9 10 12 16 20 22 21 19 10 -4 -7 -2 -1 -3 -3 0 5 8 5 0 -2 -1 1 3 4 5 7 8 8 8 8 7 3 -1 0 5 10 11 9 7 5 4 4 3 2 2 1 0 0 1 2 0 -2 -1 0 0 0 1 3 3 1 0 -1 -4 -5 -1 3 4 2 -2 -4 -4 -2 2 5 5 1 -3 -3 0 2 1 0 0 0 3 14 31 52 71 82 99 125 146 163 184 213 246 270 283 294 312 335 348 354 362 363 356 351 355 368 383 384 364 343 345 361 356 333 328 336 329 316 310 305 296 284 274 259 237 222 208 186 167 151 128 93 49 14 -2 -5 0 2 -2 0 7 9 5 2 3 4 4 3 2 3 3 2 4 8 9 2 -7 -9 -8 -6 -2 1 3 3 1 0 0 0 0 0 0 -1 -3 -4 -4 -4 -4 -4 -4 -3 -1 0 0 0 0 0 0 0 0 0 0 0 0 0 0 0 0 0 0 0 0 0 0 -1 -3 -4 -4 -4 -4 -4 -4 -2 1 1 0 0 0 0 1 2 1 -1 -3 -3 -1 0 0 1 3 3 2 2 1 -1 -4 -1 6 -3 -21 -31 -63 -138 -204 -203 -139 -75 -66 -110 -183 -262 -343 -450 -558 -609 -616 -604 -588 -589 -536 -379 -214 -103 -23 43 92 88 23 -37 -45 -25 -7 4 17 39 60 75 78 36 -37 -79 -87 -64 -14 27 66 96 90 66 37 5 -11 -14 -22 -28 -27 -35 -55 -59 -33 9 54 94 120 114 74 28 3 4 9 9 27 48 35 3 -17 -33 -50 -53 -53 -52 -40 -36 -53 -66 -79 -105 -103 -119 -174 -163 -132 -141 -137 -127 -74 13 32 35 69 41 -18 -27 -16 -6 -10 -45 -80 -57 -1 18 10 7 12 15 5 -23 -80 -147 -181 -178 -149 -113 -78 -26 34 73 82 69 41 43 109 193 238 242 265 292 227 110 25 -34 -55 -39 -20 3 17 -6 -36 -53 -56 -17 18 -11 -45 -7 59 97 127 141 115 67 37 38 41 25 4 -7 -15 -16 0 18 18 6 
-5 -1 20 27 21 31 54 61 46 35 35 36 32 21 10 3 -2 -3 -1 1 3 4 3 1 0 0 0 0 0 1 2 1 0 1 3 3 1 0 0 1 4 5 -1 -8 -8 -3 3 1 -22 -42 -35 -9 44 92 78 33 -6 -92 -266 -408 -329 -110 12 4 -37 -45 -21 3 11 6 1 -1 -4 -6 -6 -6 -5 -5 -7 -6 -3 -3 -4 -3 -1 -1 -3 -3 -2 -3 -5 -5 -1 2 1 2 6 8 8 8 7 4 0 -3 -3 -1 1 3 4 4 5 7 7 4 1 0 1 4 7 7 6 7 7 6 7 8 7 4 2 3 4 6 9 9 8 7 5 4 3 2 3 3 1 1 3 3 2 2 2 3 4 4 3 2 2 0 -4 -7 -9 -11 -9 -1 7 10 8 3 -2 -5 -5 0 7 9 5 0 -3 3 24 55 92 129 164 202 239 272 298 315 334 357 374 385 396 405 411 416 415 409 402 392 381 379 378 360 342 339 337 329 323 325 336 341 328 313 291 253 240 267 293 310 332 351 356 349 343 344 346 342 332 320 309 299 286 248 168 77 18 2 14 31 50 68 63 39 17 7 8 9 4 0 2 3 0 -3 -3 -1 -3 -6 -2 4 7 8 6 1 -3 -4 -4 -4 -4 -4 -4 -4 -4 -4 -4 -4 -4 -4 -4 -4 -4 -3 -1 0 0 0 0 0 0 0 0 0 0 0 0 0 0 0 0 0 0 0 0 0 0 0 0 0 0 0 0 0 0 -2 -5 -5 -4 -4 -4 -4 -5 -5 -2 0 -1 -2 -1 0 0 1 4 7 7 5 4 3 1 -1 2 11 10 -7 -34 -77 -132 -188 -227 -245 -291 -398 -537 -625 -610 -512 -380 -296 -278 -243 -170 -184 -339 -434 -330 -159 -38 25 46 39 5 -34 -51 -46 -35 -24 -6 24 61 82 70 22 -37 -57 -48 -23 17 33 36 42 30 7 -18 -39 -45 -40 -32 -21 3 31 32 7 -3 27 77 120 145 140 104 55 12 -15 -25 -26 -24 -12 0 -3 6 24 7 -26 -41 -55 -71 -75 -97 -142 -142 -117 -136 -137 -105 -136 -208 -236 -214 -166 -111 -54 -12 9 39 68 78 80 55 11 -13 -20 -15 -4 6 19 24 21 27 37 29 -4 -75 -174 -234 -240 -239 -236 -191 -114 -57 -21 8 26 24 12 19 65 126 142 140 181 215 181 108 34 -8 6 45 83 103 84 51 26 -6 -10 45 77 56 70 112 131 153 170 142 72 7 -16 -9 -5 -20 -43 -58 -53 -26 6 23 25 
-12 7 26 21 10 11 20 23 13 4 2 2 0 -3 -4 -4 -4 -4 -3 -1 1 4 7 6 2 0 0 0 0 -1 -2 -1 0 0 1 2 1 -1 -3 -1 3 1 -4 -7 -6 -2 -1 -11 -35 -49 -42 -23 19 52 32 0 -47 -204 -363 -292 -82 15 -25 -66 -45 -10 10 15 6 -1 2 7 5 1 1 3 4 4 3 2 2 0 -2 -1 0 0 -2 -3 -2 -6 -10 -7 -1 3 3 6 14 16 11 4 -3 -9 -15 -14 -4 3 4 5 6 5 5 6 5 3 1 1 4 7 8 8 9 11 11 9 8 8 6 6 11 12 8 4 2 2 1 0 0 1 3 3 2 3 4 4 4 4 4 3 2 3 4 4 3 1 0 1 2 0 -3 -2 3 7 8 8 7 6 7 10 13 14 18 32 61 105 153 204 258 304 344 379 406 427 443 445 434 430 429 420 408 396 385 371 352 337 326 310 286 259 238 227 219 207 201 207 209 192 162 138 139 148 123 76 50 41 24 17 41 87 141 183 204 214 223 238 257 269 279 293 303 311 322 317 267 181 101 59 65 104 157 199 199 168 134 106 85 66 45 27 18 15 11 5 2 2 0 -2 -1 1 3 3 1 0 0 -1 -3 -4 -4 -4 -4 -4 -4 -3 -1 0 0 0 0 0 0 0 0 0 0 0 0 0 0 0 0 0 0 0 0 0 0 0 0 0 0 0 0 0 0 0 0 0 0 0 0 0 0 -2 -6 -7 -5 -4 -4 -5 -7 -6 -2 0 0 -1 -2 -1 0 1 3 5 7 8 7 5 4 1 -1 4 3 -12 -26 -46 -106 -215 -364 -530 -651 -670 -602 -494 -364 -211 -71 -1 10 5 18 24 -83 -275 -359 -279 -152 -69 -35 -17 -5 -9 -25 -36 -33 -18 2 23 50 66 41 0 -27 -47 -45 -34 -35 -30 -23 -20 -15 -9 -7 -1 9 20 44 65 78 94 87 42 1 -10 -6 9 23 25 22 10 -16 -49 -60 -38 -23 -12 28 72 92 90 51 -13 -45 -52 -74 -92 -96 -111 -132 -153 -176 -155 -85 -30 -14 -55 -134 -158 -131 -102 -48 0 33 105 165 165 121 64 35 25 10 -34 -80 -76 -50 -34 -18 0 7 -2 -16 -40 -110 -215 -274 -251 -195 -140 -94 -73 -62 -37 -5 2 -20 -23 18 57 52 53 103 141 122 85 77 104 141 166 168 143 104 82 81 80 91 122 145 144 137 137 127 103 88 79 48 3 -18 -18 -30 -54 -69 -62 -34 6 48 76 
-9 10 16 0 -10 -12 -13 -7 0 1 0 0 0 -1 -2 -1 0 0 -1 -3 -4 -3 0 2 1 -1 -3 -4 -4 -5 -6 -5 -4 -4 -4 -3 -2 -4 -7 -7 -6 -8 -10 -8 -4 -3 -11 -30 -49 -66 -79 -53 -4 5 -35 -111 -243 -367 -308 -98 30 9 -41 -37 -6 12 13 5 -1 0 3 5 7 7 5 5 7 7 4 3 5 5 5 6 5 3 0 1 6 5 1 0 2 7 11 14 17 16 12 7 1 -4 -6 -4 0 4 6 5 3 1 1 2 1 0 1 4 7 8 7 7 11 15 15 12 10 10 8 8 11 9 5 2 -2 -3 -1 0 0 0 1 2 2 3 4 3 1 0 0 0 0 0 0 -1 -2 -1 1 4 7 8 8 9 9 3 -6 -9 -2 15 36 65 108 154 206 267 327 381 424 456 475 475 463 448 428 402 376 353 338 330 312 282 256 239 224 203 176 155 146 139 124 107 99 89 72 62 48 28 23 22 1 -37 -76 -105 -128 -161 -183 -174 -188 -211 -175 -108 -42 11 38 52 66 78 82 88 106 129 146 159 179 214 245 244 214 178 170 192 217 248 281 290 277 255 226 192 159 127 96 76 63 49 37 27 19 15 11 5 0 -4 -5 -1 4 6 5 4 4 4 4 4 4 3 1 0 0 0 0 0 0 0 0 0 0 0 0 0 0 0 0 0 0 0 0 0 0 0 0 0 0 0 0 0 0 0 0 0 0 0 0 0 0 0 -1 -3 -4 -4 -4 -4 -3 -1 0 0 0 -1 -3 -3 -1 0 0 0 1 3 4 4 4 4 1 -8 -17 -19 -13 -27 -105 -245 -400 -496 -474 -343 -175 -60 -12 18 26 1 -13 -12 -17 -3 -3 -115 -283 -344 -283 -177 -73 9 61 69 38 -1 -21 -15 2 17 33 47 43 31 24 2 -25 -52 -81 -74 -42 -17 14 46 59 61 52 37 49 73 68 49 34 5 -28 -43 -46 -43 -39 -30 -8 10 3 -22 -36 -22 2 18 44 82 87 58 27 -16 -62 -85 -96 -102 -83 -54 -57 -70 -53 -14 37 106 164 160 86 -12 -70 -90 -87 -31 69 158 187 163 135 133 143 122 53 -43 -113 -120 -92 -65 -51 -44 -29 -7 18 39 28 -24 -87 -120 -114 -73 -19 3 3 15 52 80 73 42 6 5 9 -13 -7 36 65 76 90 106 122 132 135 136 127 111 123 155 153 142 159 161 141 132 119 96 102 134 133 77 11 -20 -24 -27 -31 -33 -34 -23 10 44 
4 13 11 -2 -5 -3 -6 -7 -6 -5 -1 4 6 3 -2 -2 1 0 -4 -6 -6 -6 -4 -2 -3 -4 -4 -5 -7 -8 -8 -7 -5 -4 -5 -6 -6 -6 -6 -9 -13 -13 -11 -7 -3 -7 -20 -44 -69 -90 -96 -47 -1 -38 -137 -293 -419 -339 -117 6 -15 -41 -17 6 7 2 -4 -7 0 8 5 -1 1 3 1 1 3 3 1 2 6 8 7 6 6 4 1 -1 -2 -1 -1 -4 -6 -3 4 6 0 -4 -4 -4 -3 -1 1 2 2 3 4 3 1 0 0 0 0 0 1 4 7 8 7 7 10 12 11 9 9 10 9 6 2 -1 -3 -3 -1 1 4 5 2 0 0 1 3 4 4 3 0 -3 -4 -3 -1 0 0 -2 -5 -4 0 4 7 9 12 10 3 8 32 75 138 210 274 334 394 437 467 489 490 474 455 428 389 349 312 281 254 224 194 169 153 144 129 107 92 87 82 70 53 38 31 30 25 16 16 22 23 9 -39 -102 -128 -114 -106 -133 -196 -254 -249 -217 -202 -173 -158 -171 -152 -105 -59 -23 -11 -13 -11 -9 -14 -17 -10 1 7 10 20 57 129 208 253 247 220 195 165 160 197 234 256 269 268 258 249 242 231 212 184 153 123 95 74 63 57 46 29 13 2 -3 -4 -2 2 4 4 4 4 4 4 3 1 0 0 0 0 0 0 -1 -3 -4 -4 -4 -4 -4 -4 -3 -1 0 0 0 0 0 0 0 0 0 0 0 0 0 0 0 0 0 0 0 0 0 0 -1 -2 -2 -3 -4 -4 -3 -2 -2 -1 0 0 0 -1 -3 -3 -1 0 0 0 0 1 3 4 1 -5 -3 6 5 -8 -32 -83 -151 -191 -166 -87 -17 11 6 -6 -3 7 9 -3 -5 -1 -6 0 -32 -146 -265 -304 -253 -156 -51 39 73 43 -10 -49 -58 -45 -29 -16 -4 20 53 80 96 71 18 -23 -45 -37 -6 38 77 87 73 41 -1 -16 0 -6 -32 -36 -30 -32 -33 -31 -29 -24 -6 27 55 57 44 22 -3 5 22 14 9 -2 -45 -76 -81 -110 -134 -107 -62 -16 47 103 128 145 174 199 195 165 133 141 137 60 -1 -17 9 85 141 154 140 129 136 133 105 52 0 -26 -23 6 34 24 -15 -36 -9 42 70 89 116 112 85 79 90 106 134 158 157 148 134 115 100 62 15 -10 -43 -77 -61 -3 53 80 80 73 66 72 103 133 134 117 106 111 127 133 118 98 86 79 75 74 76 74 51 4 -38 -49 -36 -16 -9 -22 -32 -20 0 
8 16 18 7 -3 0 1 -3 -4 -5 -5 -2 0 1 3 3 2 2 0 -3 -4 -4 -4 -4 -3 0 3 3 0 -2 -1 1 2 0 -4 -8 -10 -9 -8 -9 -9 -8 -9 -4 5 -4 -30 -50 -65 -83 -65 -18 -37 -141 -275 -370 -303 -100 15 -11 -46 -23 17 18 1 -4 -3 0 4 6 4 1 0 0 0 -1 -3 -3 0 1 -1 -2 -4 -6 -4 -1 0 -1 -2 -2 -3 -5 -8 -9 -5 -5 -13 -19 -19 -15 -9 -5 -5 -7 -6 -4 -6 -6 -1 3 6 7 3 1 4 7 8 6 1 2 8 6 1 0 0 1 4 3 -3 -5 -4 -3 0 2 1 -2 -1 5 5 3 3 -2 -3 1 1 0 -4 -6 -1 -1 -5 -4 -1 -1 -3 -2 4 14 32 79 153 223 294 371 436 481 504 501 481 461 431 387 346 310 271 231 197 166 133 104 85 71 57 47 39 28 19 11 10 21 13 -24 -50 -50 -48 -48 -43 -45 -34 4 19 -14 -79 -157 -210 -212 -187 -168 -162 -162 -136 -64 -1 24 67 88 48 30 32 20 14 13 6 -2 -4 -10 -20 -21 -14 -10 -9 8 55 110 155 178 151 107 71 27 27 84 129 144 156 171 186 201 210 212 211 206 195 181 169 156 138 113 77 41 19 9 2 1 9 11 4 -1 -2 -3 -3 1 6 6 2 -1 -2 0 2 1 -1 -4 -4 0 0 -2 0 2 1 0 0 0 0 0 0 0 0 0 0 0 0 0 0 0 0 0 0 0 0 0 0 0 0 0 0 0 0 0 0 -1 -3 -4 -4 -4 -4 -5 -7 -8 -7 -4 -1 0 0 0 0 0 1 2 3 2 -11 -28 -38 -36 -21 -11 -6 -5 -11 -12 -10 -14 -8 13 12 -11 -21 -16 -5 -1 -64 -173 -220 -219 -195 -120 -38 1 -11 -57 -85 -75 -58 -46 -36 -18 30 93 140 165 150 94 35 -2 -13 -1 22 36 30 5 -19 -24 -26 -26 -11 1 6 18 15 -11 -34 -44 -36 -12 22 60 78 63 28 -15 -53 -72 -84 -96 -90 -83 -86 -76 -74 -89 -86 -50 8 65 100 107 110 132 151 151 154 148 129 99 35 8 49 92 121 131 113 90 85 86 82 74 58 57 82 110 129 123 79 16 -33 -27 39 99 115 113 121 162 221 233 199 179 176 159 121 90 77 68 51 15 -23 -57 -89 -82 -28 15 16 -3 -22 -26 -8 24 57 78 68 40 40 59 62 51 41 36 34 32 23 16 24 41 40 11 -6 9 22 8 -19 -37 -41 -38 
3 15 17 5 -6 -4 -2 -2 2 2 -2 -4 -3 1 6 4 -2 -1 3 3 2 1 -3 -6 -4 0 2 1 -1 -2 -1 -1 -4 -7 -8 -9 -10 -10 -10 -8 -4 -1 -1 -2 -3 -12 -30 -35 -26 -1 43 16 -114 -277 -381 -297 -95 15 2 -32 -21 4 11 10 3 0 5 9 7 2 1 6 13 16 13 5 -3 -6 -4 -2 -3 -5 -7 -9 -10 -8 -4 -1 1 3 4 4 3 -1 -7 -10 -10 -11 -11 -8 -5 -4 -5 -7 -7 -6 -7 -5 1 4 6 9 9 9 12 13 10 7 4 2 2 0 -2 -1 0 0 1 1 -2 -3 -1 0 0 -1 -3 -6 -7 -6 -10 -11 -5 -5 -7 -8 -12 -10 -3 4 10 10 8 6 4 10 26 59 118 200 290 374 442 484 505 503 474 432 391 345 293 253 219 181 149 125 100 69 42 30 26 24 25 26 23 22 21 8 -8 -21 -29 -27 -36 -75 -127 -147 -125 -103 -90 -86 -85 -51 -16 -35 -96 -160 -184 -151 -96 -40 31 94 124 159 197 202 217 239 217 169 106 44 19 18 12 10 20 21 8 -2 -3 -4 -6 -2 13 27 35 48 42 18 0 -34 -56 -18 28 35 37 61 82 86 91 105 127 149 164 174 182 198 217 208 157 86 30 9 15 36 70 99 96 64 33 16 5 0 1 1 4 12 13 7 5 4 2 7 12 7 -1 -3 3 8 4 0 0 0 0 0 0 0 0 0 0 0 0 0 0 0 0 0 0 0 0 0 0 1 2 1 0 0 0 0 1 1 -2 -4 -4 -4 -4 -4 -5 -7 -8 -6 -2 0 0 0 0 3 7 1 -9 -9 -7 -8 -6 -8 -11 -3 6 2 -10 -12 -7 -4 0 4 8 -1 -16 -13 -1 6 -20 -99 -162 -167 -159 -148 -111 -53 -13 -4 -6 -14 -25 -25 -11 11 41 79 112 120 111 87 49 16 -9 -18 -17 -18 -11 -2 7 18 2 -28 -19 16 38 51 50 18 -23 -41 -35 -24 -15 0 15 12 -9 -51 -119 -168 -170 -151 -111 -46 0 3 -15 -50 -93 -109 -92 -63 -26 14 49 85 112 114 106 104 72 30 35 62 115 166 152 110 74 49 41 47 71 99 111 125 154 172 162 128 85 43 1 -40 -45 13 86 132 153 164 168 156 134 101 65 39 17 10 12 -3 -19 -26 -33 -30 -18 -5 6 0 -31 -68 -79 -58 -27 4 31 46 47 40 31 20 15 15 12 11 11 6 0 3 19 47 72 73 59 43 16 -20 -46 -53 -46 -36 
2 17 11 -1 2 3 1 3 2 0 0 0 0 0 0 -2 -6 -6 -1 3 3 0 -4 -6 -5 -5 -7 -8 -8 -9 -11 -13 -14 -12 -8 -5 -4 -4 -4 -3 -3 -2 3 -1 -15 -20 -18 -21 -16 37 73 -33 -236 -381 -336 -145 -19 -24 -37 -6 12 -1 -11 -5 1 3 4 5 7 7 5 6 10 11 8 5 4 3 1 1 3 4 4 2 -2 -4 -4 -5 -6 -3 3 7 7 1 -10 -14 -7 -1 -1 -3 -4 -3 0 2 -1 -5 -4 1 6 7 3 0 3 8 10 8 4 2 5 4 -4 -5 1 6 7 4 0 -1 2 4 3 1 -1 -2 -2 -1 -1 -6 -11 -9 -3 -2 -8 -9 -1 5 8 8 1 -3 6 29 73 146 237 326 408 482 536 539 493 446 398 334 270 216 178 154 126 92 71 58 37 19 14 10 5 8 17 26 29 24 17 14 12 0 -26 -57 -82 -92 -79 -80 -140 -200 -189 -149 -128 -113 -114 -127 -111 -72 -26 25 65 96 134 175 215 257 277 264 255 258 240 223 217 167 85 29 13 19 26 25 21 22 21 11 -3 -12 -11 -12 -10 11 17 4 6 -6 -28 -28 -41 -53 -22 11 18 32 46 50 68 83 85 87 90 94 97 103 117 133 132 95 38 6 16 62 137 213 254 247 217 184 138 84 39 11 2 6 10 5 -1 0 3 3 -2 -6 0 7 3 -4 -5 -4 -4 -4 -4 -4 -4 -3 -1 0 0 0 0 0 0 0 0 0 0 0 0 0 0 0 0 0 0 0 0 0 0 0 0 0 0 0 0 0 0 0 -1 -3 -3 -1 0 0 0 0 0 0 0 0 0 0 0 -1 -2 -1 -1 -3 -4 -4 -4 -4 0 11 22 20 -1 -20 -15 2 14 -39 -159 -195 -150 -151 -144 -64 35 99 91 28 -19 -24 -2 25 35 36 38 28 13 11 5 -23 -48 -51 -46 -30 12 62 86 75 37 -15 -50 -49 -33 -24 -19 -31 -60 -68 -56 -44 -36 -29 -7 18 15 -15 -54 -84 -88 -66 -33 12 52 46 10 -18 -32 -40 -49 -54 -36 18 81 113 122 124 97 54 27 34 75 96 104 119 91 41 22 18 4 -7 9 51 93 118 126 118 101 90 91 87 61 16 -17 -4 44 101 140 133 85 37 17 7 -12 -33 -43 -44 -47 -49 -44 -35 -13 31 81 106 94 66 23 -26 -34 -17 -10 7 27 29 25 19 9 2 -1 -5 -12 -17 -16 -13 -13 -12 0 28 65 79 47 -3 -35 -42 -38 -33 -21 -6 
8 24 14 0 3 2 -2 -1 0 0 0 0 0 0 0 -1 -3 -4 -4 -3 -2 -3 -4 -3 -1 -2 -6 -8 -8 -9 -11 -12 -11 -9 -6 -2 0 0 0 -1 -6 -9 -2 -2 -18 -28 -28 -28 -5 28 -18 -175 -342 -337 -145 -3 -10 -42 -26 11 21 0 -19 -16 0 8 8 8 9 11 12 7 -4 -11 -10 -5 0 3 4 3 2 3 4 3 1 1 2 0 -3 -3 0 3 3 -1 -8 -12 -9 -5 -4 -4 -4 -3 0 2 0 -3 -2 3 8 9 4 -2 -2 3 5 2 -1 -2 1 3 -1 -3 -1 0 -1 -2 -2 -1 2 4 3 0 -3 -4 -5 -3 1 -2 -7 -8 -6 -1 7 13 9 0 -4 7 41 102 182 272 366 445 502 528 511 455 379 316 274 232 183 142 114 84 48 28 24 15 10 13 12 7 -4 -16 -19 -17 -11 1 13 20 24 23 16 7 -15 -55 -93 -103 -72 -41 -50 -93 -132 -117 -86 -58 -33 -56 -77 -32 83 223 292 265 224 219 227 234 225 193 172 168 159 151 138 100 54 28 24 26 25 21 16 15 16 14 10 8 9 5 2 24 48 42 28 9 -16 -17 -22 -55 -52 0 32 24 17 28 38 40 41 43 44 45 46 26 -6 4 52 84 71 30 1 6 55 146 241 297 312 309 303 281 237 189 131 61 10 -6 0 8 6 2 3 4 3 1 -1 -3 -4 -4 -4 -4 -4 -4 -4 -3 -1 0 0 0 0 0 0 0 0 0 0 0 0 0 0 0 0 0 0 0 0 0 0 0 0 0 0 0 0 0 0 0 0 -1 -3 -3 -1 0 0 0 -1 -3 -4 -4 -4 -4 -4 -4 -4 -3 -2 -2 -2 -3 -4 -3 -1 4 15 21 8 -13 -19 -1 15 -9 -102 -195 -177 -123 -111 -76 7 74 70 21 -16 -35 -47 -40 -25 -19 -18 -25 -27 -5 16 7 -17 -30 -26 -5 27 53 60 47 18 -21 -57 -72 -64 -51 -45 -34 -16 -14 -26 -32 -30 -22 1 38 64 61 38 15 9 24 50 68 73 84 110 138 147 127 89 57 57 96 140 138 100 86 96 81 44 15 14 38 28 -13 -36 -50 -52 -41 -38 -39 -25 13 62 81 56 23 5 14 53 92 100 86 71 55 47 55 61 44 9 -27 -50 -49 -40 -38 -34 -27 -24 -15 2 11 21 46 77 95 91 81 70 48 26 9 -8 -15 -11 -10 -14 -17 -19 -18 -12 -6 -6 -9 -5 5 13 18 23 34 51 54 25 -19 -41 -25 1 4 -10 -21 
19 23 9 1 5 3 -1 -2 -1 0 -1 -3 -4 -4 -4 -2 1 -1 -7 -11 -10 -5 0 2 0 -2 -2 -4 -6 -5 -5 -7 -8 -8 -7 -4 -2 -2 -1 -1 -5 -6 0 -5 -29 -50 -58 -47 -4 -16 -164 -335 -331 -142 15 33 -2 -3 27 42 31 13 0 -5 1 5 5 6 5 5 6 5 3 0 -3 -4 -5 -7 -9 -9 -6 -3 -1 1 2 3 7 9 5 0 -3 -4 -4 -3 -2 -5 -9 -8 -4 -2 -3 -3 -1 1 3 4 5 7 8 7 5 6 10 12 11 8 5 5 8 8 3 -1 -4 -7 -8 -7 -4 -2 -3 -4 -3 -2 -3 -4 -4 -4 -2 3 7 6 0 -3 5 11 16 51 121 206 296 390 476 526 527 492 435 368 299 231 173 129 94 63 35 16 8 4 -3 -6 3 9 5 3 5 -4 -31 -56 -66 -68 -58 -32 -4 13 20 21 25 38 40 16 -23 -49 -33 28 107 128 76 51 66 81 87 62 48 88 154 215 245 223 175 144 127 109 90 69 54 48 51 55 45 33 30 31 32 31 29 31 34 29 23 24 27 25 15 4 -1 13 46 53 29 15 3 -16 -30 -54 -72 -43 -3 -6 -12 2 1 -3 4 12 20 29 38 44 41 36 56 96 106 62 1 -58 -114 -127 -73 31 138 212 261 298 333 365 366 321 249 170 96 41 9 -3 -1 3 -1 -9 -6 3 5 4 4 4 4 4 4 3 1 0 0 0 0 0 0 0 0 0 0 0 0 0 0 0 0 0 0 0 0 0 0 0 0 0 0 0 0 0 0 0 0 0 -1 -2 -1 0 0 -1 -3 -4 -4 -4 -4 -4 -4 -3 -2 -2 -1 0 0 0 -1 -2 -5 -10 -5 9 13 -1 -19 -20 -5 7 -25 -137 -215 -169 -124 -110 -57 -8 -6 -28 -44 -52 -54 -47 -39 -30 -20 -16 -5 27 61 70 48 14 -4 -1 4 1 0 -6 -20 -20 -15 -13 3 26 35 41 53 43 12 -9 -12 -5 10 36 64 78 76 67 64 76 97 111 117 132 160 185 188 164 128 108 111 120 128 122 93 65 59 63 64 41 0 -8 -21 -70 -87 -73 -64 -43 -12 6 12 27 58 76 56 9 -37 -49 -12 48 92 104 90 71 69 75 61 22 -19 -47 -57 -41 -13 6 13 16 20 28 37 36 27 18 15 21 34 46 60 69 37 -13 -39 -55 -55 -31 -10 0 6 9 14 22 26 19 8 9 17 19 16 14 15 29 43 21 -10 -7 14 20 2 -20 
27 17 2 0 2 -2 -2 -1 -3 -4 -4 -4 -5 -7 -8 -5 0 0 -5 -10 -11 -7 -1 1 -2 -4 -4 -5 -6 -4 -1 -2 -6 -8 -9 -10 -9 -7 -5 -4 -1 3 -2 -16 -35 -57 -71 -56 -52 -163 -347 -382 -202 -20 17 -4 10 39 49 33 11 9 13 6 -2 -4 -4 -4 -5 -7 -8 -4 4 7 5 4 4 3 0 -4 -6 -4 -1 1 3 4 5 7 6 1 -4 -6 -5 -3 0 1 -2 -3 -1 0 0 0 1 4 8 11 11 9 8 8 8 9 10 8 6 6 6 6 6 6 4 0 -4 -6 -5 -4 -3 -2 -3 -4 -3 -1 0 0 1 1 0 2 5 8 15 32 57 114 217 324 420 496 528 513 465 404 339 273 207 147 100 67 47 27 3 -9 -13 -21 -27 -20 -1 -1 -25 -41 -53 -61 -60 -71 -86 -101 -127 -138 -117 -76 -32 -2 9 8 14 39 70 89 83 56 40 80 163 219 215 177 160 143 93 52 46 78 115 120 101 76 63 60 46 29 25 25 22 16 16 22 21 21 28 33 31 27 28 32 33 29 27 32 37 34 24 19 17 12 26 44 36 29 23 -11 -36 -34 -48 -59 -38 -17 -7 2 6 7 8 9 13 19 23 35 47 37 38 77 114 102 46 -28 -121 -220 -273 -254 -196 -126 -41 65 174 258 325 387 430 432 391 325 240 133 36 -3 5 13 3 -6 -1 4 4 4 4 4 4 3 1 0 0 0 0 0 0 0 0 0 0 0 0 0 0 0 0 0 0 0 0 0 0 0 0 0 0 0 0 0 0 0 0 0 0 -1 -2 -1 0 -1 -2 -2 -2 -1 0 0 0 0 0 0 1 2 1 -1 -3 -5 -9 -16 -18 -6 10 10 -9 -32 -31 -3 14 -50 -181 -218 -153 -127 -127 -83 -16 28 29 4 -13 -13 -2 17 32 37 38 39 47 56 42 1 -39 -55 -51 -38 -17 14 50 81 95 84 61 43 26 13 13 7 -17 -37 -38 -30 -21 -17 -12 15 52 72 71 61 52 58 88 123 148 158 146 114 75 47 32 16 1 -5 -13 -24 -13 26 60 62 21 -34 -45 -45 -63 -56 -33 -8 22 36 28 16 17 35 47 22 -27 -59 -49 -3 51 90 108 117 131 138 114 65 22 0 -4 5 22 37 37 27 22 16 4 0 1 -3 -3 15 50 69 67 64 33 -15 -40 -52 -48 -20 8 23 28 25 21 19 18 14 4 -3 -6 -11 -14 -11 -4 20 57 71 63 56 58 62 52 35 
29 10 -3 -2 -4 -6 -2 -2 -4 -4 -4 -4 -4 -4 -5 -6 -5 -4 -3 -2 -3 -4 -4 -4 -4 -5 -7 -7 -6 -6 -4 -1 -1 -3 -6 -10 -11 -8 -4 -3 -2 -2 -18 -41 -56 -73 -82 -68 -112 -273 -356 -211 -39 0 -12 -2 18 20 5 -14 -22 -10 3 4 1 0 -1 -4 -7 -8 -8 -7 -5 -3 0 5 11 16 19 15 5 1 2 1 0 0 0 1 2 1 -1 -2 0 3 4 3 1 1 3 4 5 7 9 11 13 15 15 11 6 5 8 9 5 -1 -5 -4 0 3 2 0 2 4 4 4 4 3 0 -3 -4 -3 -1 1 4 7 8 8 4 -1 12 57 135 235 331 421 499 528 509 464 405 335 256 188 141 104 71 44 21 3 -5 -3 -2 -13 -32 -50 -63 -72 -78 -83 -91 -108 -132 -144 -150 -163 -149 -134 -167 -190 -169 -124 -67 -18 11 16 8 12 41 89 124 116 82 72 92 127 161 144 104 68 10 -18 -12 -30 -39 -5 28 27 15 19 29 33 36 36 34 30 20 17 24 29 31 32 28 21 21 23 21 26 37 44 46 45 45 47 48 38 29 50 69 53 23 -19 -60 -73 -77 -79 -53 -8 11 -2 -13 -11 -5 2 9 13 16 17 16 19 30 61 110 131 91 27 -28 -87 -147 -198 -252 -303 -318 -287 -224 -125 9 144 256 353 438 492 487 398 245 100 21 2 0 -1 2 4 4 4 4 4 4 3 1 0 0 0 0 0 0 0 0 0 0 0 0 0 0 0 0 0 0 0 0 0 0 0 0 0 0 0 0 0 0 0 0 0 0 -1 -3 -3 -1 1 2 2 2 1 0 0 0 0 1 2 2 2 1 -1 -2 -2 -5 -13 -20 -16 1 14 5 -20 -33 -12 20 16 -76 -189 -180 -138 -153 -115 0 99 112 57 -2 -28 -15 10 21 21 11 -12 -23 -7 3 -19 -57 -80 -69 -31 11 52 90 105 96 69 27 -11 -31 -43 -50 -43 -40 -48 -51 -49 -46 -38 -22 -2 10 7 -1 -2 5 15 30 55 78 81 59 20 -20 -50 -60 -51 -44 -42 -41 -42 -27 10 40 51 36 -6 -9 25 18 -15 -29 -23 -5 10 6 -14 -28 -22 -7 3 3 -9 -24 -21 7 53 102 126 122 109 95 79 57 33 13 -3 -7 2 7 0 -7 -11 -17 -17 -13 -14 -15 -2 25 51 61 52 42 34 18 2 -9 -17 -16 -6 1 -1 -8 -14 -15 -9 -1 -2 -9 -12 -10 -5 0 7 31 73 98 88 72 71 72 67 
24 4 -7 -3 -3 -4 -1 -1 -1 -1 -3 -4 -4 -4 -4 -5 -6 -4 0 3 3 -1 -6 -7 -5 -5 -6 -4 -2 -3 -4 -1 4 4 0 -3 -3 0 4 5 4 -3 -27 -55 -78 -102 -110 -130 -244 -338 -228 -48 18 10 9 20 11 -16 -34 -35 -25 -10 -1 1 5 8 7 4 2 2 1 1 2 2 2 2 3 4 4 4 4 4 4 2 -2 -4 -3 -2 -2 -1 1 3 5 6 3 -1 0 4 6 5 4 5 8 10 10 11 12 10 5 3 7 10 8 4 0 -1 3 7 6 2 1 4 8 10 8 3 -3 -6 -4 -1 0 2 6 9 11 19 46 104 199 316 421 492 530 515 449 381 311 233 172 132 100 69 43 24 10 2 -2 -2 9 19 5 -32 -67 -78 -73 -79 -105 -133 -150 -166 -179 -174 -165 -158 -115 -44 -10 -24 -46 -50 -35 -14 2 15 21 10 6 36 74 77 45 6 -22 -24 1 5 -36 -63 -72 -115 -153 -143 -110 -65 -14 20 30 28 27 30 28 21 25 35 32 25 26 28 30 34 35 32 29 29 35 47 56 54 45 39 40 41 47 47 33 53 82 53 1 -50 -122 -177 -168 -118 -62 -9 12 3 5 11 10 12 14 12 10 7 7 18 26 35 74 119 114 71 27 -15 -36 -22 -14 -58 -143 -243 -337 -388 -383 -322 -208 -57 102 234 316 325 253 135 41 10 14 14 7 4 4 4 4 4 4 3 1 0 0 0 0 0 0 0 0 0 0 0 0 0 0 0 0 0 0 0 0 0 0 0 0 0 0 0 0 0 0 0 0 0 0 0 -1 -3 -3 0 3 4 4 4 4 4 4 3 2 2 1 1 2 1 0 0 -1 -6 -14 -16 -5 10 11 -4 -18 -17 -3 11 -23 -139 -214 -164 -113 -99 -48 21 43 13 -30 -61 -67 -55 -46 -39 -35 -41 -38 -11 18 22 -1 -28 -27 1 26 42 48 30 4 -14 -34 -52 -49 -39 -35 -17 2 3 -3 -8 -10 -6 2 7 2 -15 -31 -32 -21 -9 -5 -10 -18 -26 -27 -14 8 18 8 -10 -36 -45 -17 12 22 42 73 74 54 36 14 13 5 -50 -95 -103 -87 -56 -34 -29 -28 -21 -5 27 62 66 30 -14 -32 -25 -7 13 18 14 29 53 52 24 -11 -40 -51 -40 -24 -16 -11 -6 -3 -1 1 2 2 6 16 24 11 -8 14 51 52 34 11 -19 -34 -28 -18 -13 -12 -11 -9 -3 7 12 13 15 16 14 8 1 12 44 53 20 -14 -13 11 28 
18 1 -4 -5 -6 -1 0 -3 -4 -3 -2 -3 -4 -5 -6 -6 -5 -3 -3 -2 1 -1 -6 -6 -3 -3 -3 -1 0 -2 -5 -3 0 -2 -2 -3 -9 -10 -12 -12 -6 -19 -52 -84 -102 -106 -118 -220 -358 -297 -99 -2 6 18 34 25 2 -13 -19 -13 0 5 0 -3 0 1 0 1 4 7 10 9 2 -1 -1 -6 -12 -13 -11 -7 -2 -1 -2 -2 -2 -3 -6 -7 -5 -4 -3 0 3 2 -3 -4 1 2 -2 -3 0 3 4 7 12 13 10 3 -4 -3 1 2 6 11 8 3 3 3 3 4 3 2 -1 -5 -6 -7 -5 4 11 8 3 5 13 34 82 174 300 417 502 534 509 455 390 313 229 160 110 73 46 28 19 16 13 5 0 -5 -20 -32 -25 -5 3 -19 -52 -67 -67 -67 -63 -72 -91 -77 -52 -34 3 48 73 109 165 176 140 81 13 -27 -40 -41 -32 -29 -38 -32 2 8 -40 -88 -115 -144 -168 -158 -130 -97 -46 -41 -93 -96 -50 -18 0 19 33 30 24 23 19 21 27 29 32 34 34 32 31 34 39 45 47 44 42 43 43 41 41 42 39 35 36 39 41 45 59 69 31 -45 -122 -184 -205 -180 -111 -30 12 23 35 42 29 17 13 1 -13 -13 4 18 14 5 19 78 127 104 51 14 4 13 31 61 71 36 -46 -168 -299 -408 -470 -472 -418 -313 -177 -56 5 12 12 21 34 48 59 82 129 166 154 112 66 26 10 13 16 10 2 3 5 5 4 -2 -2 3 2 2 5 5 3 1 0 1 3 4 3 1 0 0 0 0 0 0 0 0 0 0 0 0 0 0 0 0 3 10 14 10 4 4 7 6 1 -3 -4 -3 -1 0 -1 -4 -6 -6 -10 -16 -14 -3 9 6 -11 -29 -39 -26 -16 -73 -183 -203 -136 -118 -107 -67 -34 -18 -36 -55 -50 -44 -46 -42 -26 -10 0 16 47 74 70 35 -3 -18 -15 -12 -14 -21 -33 -38 -21 7 23 33 43 46 54 55 30 3 -9 -17 -23 -22 -19 -21 -37 -63 -78 -74 -61 -45 -26 -2 33 70 87 77 49 18 -6 -19 -7 21 32 30 37 43 37 25 4 -18 -39 -76 -115 -128 -110 -76 -40 -6 12 15 23 39 59 69 47 -3 -53 -77 -74 -62 -49 -31 -2 29 45 34 1 -29 -46 -38 -6 10 6 6 9 8 0 0 11 10 6 14 20 23 39 66 77 54 12 -22 -33 -23 -4 11 16 16 17 20 21 18 17 17 12 5 1 -4 -8 0 10 0 -29 -47 -31 -3 
13 3 1 -3 -5 1 1 -5 -10 -10 -7 -7 -7 -6 -7 -8 -7 -6 -6 -6 -6 -5 -5 -5 -4 -5 -4 -1 0 -1 -3 -8 -14 -11 -3 -7 -26 -47 -63 -67 -70 -95 -124 -142 -141 -100 -127 -279 -305 -136 -13 6 7 17 18 6 2 4 1 1 8 10 8 10 12 10 5 0 -3 -4 -4 -5 -5 -2 0 -1 -3 -3 0 1 -3 -7 -7 -3 2 4 3 3 5 5 4 4 2 -2 -4 -2 1 -1 -5 -4 0 4 5 6 9 8 5 0 -4 -1 0 -4 -5 -4 -1 7 9 -3 -15 -16 -13 -13 -15 -12 -2 6 8 7 7 13 28 59 119 220 351 463 518 524 486 401 302 222 159 114 84 52 24 8 -3 -8 -4 3 4 0 -1 -7 -29 -55 -70 -60 -30 -14 -14 -12 -10 -8 4 36 87 142 179 192 204 212 177 123 119 156 161 105 24 -40 -70 -85 -102 -104 -93 -86 -70 -58 -91 -134 -139 -138 -143 -109 -34 31 83 142 161 121 77 50 29 19 16 15 22 26 25 32 32 22 22 29 33 33 31 29 30 35 39 41 42 40 36 35 40 46 46 43 37 36 47 47 53 88 97 53 -15 -87 -149 -184 -159 -78 3 37 34 31 27 22 20 16 16 17 15 15 21 26 25 54 112 126 96 77 61 29 10 28 50 61 72 62 22 -57 -178 -320 -448 -528 -532 -435 -276 -123 -22 20 53 130 251 383 500 567 565 510 416 301 192 103 48 32 29 21 12 5 0 -1 3 6 5 4 1 -4 -4 -1 -1 -3 -3 0 4 5 2 0 0 0 0 0 0 0 0 0 0 0 0 1 2 1 2 8 12 8 2 1 2 1 -1 -3 -4 -4 -3 -1 -1 -4 -6 -5 -6 -11 -14 -10 2 10 0 -22 -36 -20 5 -16 -120 -220 -193 -135 -148 -143 -65 18 55 48 15 -10 -12 1 19 32 33 20 8 11 11 -11 -46 -66 -59 -44 -28 -1 27 46 65 79 71 51 26 1 9 29 9 -31 -50 -43 -28 -30 -43 -44 -40 -50 -67 -73 -59 -24 15 49 84 105 91 47 -3 -31 -29 -21 -19 -15 -12 -21 -30 -11 16 23 20 5 -9 -8 -16 -32 -37 -27 -7 15 28 25 15 2 -10 -7 8 11 -10 -36 -46 -43 -33 -20 -10 5 34 60 55 31 14 0 -3 7 0 -16 -10 -1 -11 -21 -22 -28 -33 -8 50 96 101 94 95 75 30 -4 -15 -11 0 9 10 7 8 9 4 -3 -8 -11 -14 -17 -16 -12 -11 -6 18 42 30 -8 -28 -22 
2 -3 -8 -10 -9 -7 -4 -1 0 -2 -6 -8 -9 -10 -9 -8 -9 -7 -1 -3 -10 -7 -2 -5 -8 -7 -4 -1 -1 -1 1 -3 -9 -5 -2 -9 -32 -82 -132 -154 -162 -169 -166 -156 -129 -107 -195 -275 -164 -16 27 25 32 27 1 -7 2 4 1 1 4 9 16 18 12 7 4 1 -1 -3 -5 -4 1 4 5 8 9 6 4 3 1 0 0 1 3 5 7 8 9 11 12 10 4 0 3 6 5 5 7 9 10 9 8 6 1 -2 0 5 10 11 6 1 -2 -7 -7 0 3 0 2 4 -2 -4 0 3 6 9 9 11 29 79 171 299 433 522 538 484 389 299 222 159 117 83 50 24 11 8 7 5 4 3 0 -1 3 8 10 5 -12 -44 -87 -107 -79 -28 23 64 88 98 99 125 174 197 210 217 191 143 78 15 -1 25 34 13 -28 -86 -99 -78 -108 -149 -126 -91 -95 -76 -23 10 39 86 127 143 144 150 162 186 215 209 165 110 60 27 14 15 21 24 24 24 24 24 25 25 23 24 26 26 27 28 28 32 40 42 38 34 31 32 37 43 44 39 38 46 60 86 138 176 143 59 -25 -96 -151 -134 -45 25 42 35 35 39 34 35 42 39 25 15 27 47 46 40 78 139 162 150 105 44 15 21 40 54 62 58 42 40 49 26 -53 -172 -283 -316 -237 -107 -24 21 105 251 420 544 586 583 602 639 651 625 553 441 320 215 123 52 30 35 31 23 11 -2 -2 5 7 5 7 14 16 9 2 -2 -6 -6 -2 0 0 0 0 0 0 0 0 0 0 0 0 0 0 1 3 4 4 4 3 0 -4 -5 -2 0 0 0 0 0 0 0 0 0 -1 -4 -7 -7 -2 12 17 -4 -22 -18 0 5 -50 -173 -233 -170 -149 -148 -56 48 104 94 35 -11 -14 5 11 5 -3 -17 -39 -68 -96 -115 -121 -108 -77 -36 6 46 86 108 89 45 7 -17 -35 -52 -57 -48 -46 -56 -61 -46 -17 4 11 10 6 -4 -24 -36 -21 8 29 38 40 32 6 -19 -31 -48 -59 -50 -44 -49 -43 -24 -8 11 41 63 56 34 32 60 86 71 26 -5 -14 -20 -17 -9 -14 -25 -39 -45 -20 24 51 38 5 -11 -18 -30 -35 -20 13 52 69 48 19 -19 -64 -76 -76 -88 -81 -51 -21 -8 -11 -11 -7 0 24 55 60 39 27 28 14 -10 -23 -30 -34 -30 -23 -20 -20 -22 -26 -27 -24 -18 -10 -5 -3 1 3 3 17 40 40 8 -30 -51 
5 -3 -10 -12 -11 -8 -4 1 5 3 -2 -6 -11 -14 -13 -11 -11 -11 -7 -6 -9 -7 -5 -8 -7 -2 -1 -3 -4 -4 -4 1 9 3 -15 -28 -58 -136 -228 -274 -257 -207 -166 -130 -97 -176 -286 -196 -34 24 35 48 50 25 -1 -6 -3 0 5 10 11 8 3 -5 -13 -14 -9 -3 2 6 10 9 2 -2 -1 -1 -3 -4 -3 1 6 8 6 2 0 0 -1 -3 -2 2 4 3 2 4 10 15 14 13 15 16 16 14 11 8 3 0 2 8 14 13 6 -1 -2 6 10 -1 -15 -17 -9 -1 4 8 11 9 4 15 54 127 235 357 468 531 522 452 350 255 184 126 75 41 24 14 7 6 11 13 12 11 9 7 5 4 5 9 16 22 24 17 -5 -34 -36 13 75 104 105 106 121 139 137 117 106 95 65 28 -19 -83 -122 -108 -87 -85 -82 -79 -86 -75 -50 -46 -28 -3 -18 -11 73 161 205 241 259 230 178 143 138 149 157 147 117 78 45 29 29 31 27 24 24 24 25 28 31 30 26 24 25 28 31 32 32 30 26 23 22 23 25 29 36 42 44 41 37 40 49 72 127 195 223 173 69 -34 -116 -144 -92 -10 36 40 40 43 41 43 40 36 43 45 44 43 29 17 44 109 153 138 77 8 -30 -26 11 47 63 71 69 58 49 48 49 49 38 6 -12 -9 -10 18 110 218 283 298 275 256 275 326 406 502 581 620 606 536 435 329 227 139 77 44 27 17 11 5 2 2 1 0 0 2 6 6 -2 -8 -4 0 0 0 0 0 0 0 0 0 -1 -2 -1 0 1 4 6 5 4 5 6 3 -3 -5 -2 0 0 0 0 0 0 0 0 0 0 -2 -7 -9 -3 10 16 4 -14 -31 -28 8 24 -63 -208 -238 -158 -114 -92 -29 21 15 -23 -59 -63 -45 -34 -26 -17 -17 -29 -53 -78 -89 -85 -68 -41 -13 11 31 45 45 23 -12 -38 -51 -52 -36 -21 -14 4 23 12 -20 -28 6 50 69 64 52 41 24 3 -9 -17 -25 -29 -27 -19 -9 1 12 20 15 -4 -18 -9 12 24 32 53 76 77 63 64 84 99 86 36 -22 -53 -60 -49 -33 -27 -16 -1 4 9 27 54 70 55 9 -45 -76 -71 -45 -22 -7 0 -28 -91 -138 -160 -187 -193 -164 -133 -87 -22 21 32 32 31 20 4 -1 -12 -37 -46 -28 -8 -14 -42 -64 -67 -53 -31 -17 -17 -18 -11 -4 1 8 15 19 21 21 15 8 11 24 32 17 -20 -53 
10 4 -2 -4 -4 -4 -3 -2 -5 -9 -9 -8 -9 -11 -11 -9 -9 -14 -20 -19 -15 -16 -18 -15 -7 1 2 -3 -6 -5 -5 -8 -11 -18 -32 -51 -85 -138 -189 -213 -196 -157 -131 -93 -119 -257 -253 -71 25 13 13 26 16 1 1 2 -1 0 4 7 6 0 -8 -10 -4 0 0 -1 -4 -7 -8 -5 0 0 -4 -7 -7 -4 0 3 4 4 4 3 1 0 0 -1 -3 -3 -1 0 2 6 10 12 10 8 9 10 9 7 5 3 1 0 1 4 7 7 5 -2 -8 -2 0 -10 -14 -9 -12 -17 -10 0 12 33 74 162 298 430 512 535 495 398 280 184 128 95 67 42 20 5 -3 -5 -1 4 8 11 12 11 9 8 8 6 4 8 17 32 58 85 96 80 61 78 109 116 105 100 109 110 86 57 40 23 3 -6 -12 -44 -87 -105 -99 -83 -36 41 56 24 58 126 142 118 98 98 120 146 158 157 146 129 112 95 76 72 85 81 54 24 7 11 26 33 28 23 21 21 23 25 27 29 30 30 31 33 35 35 33 30 26 25 26 26 28 33 39 41 39 39 40 40 39 46 78 144 219 223 128 12 -75 -133 -127 -51 18 42 48 51 57 68 71 59 48 48 46 36 31 31 36 62 82 57 -1 -59 -92 -86 -33 38 77 78 71 71 65 55 53 55 56 55 57 63 69 68 45 12 -4 -8 0 34 70 90 132 211 297 379 454 519 579 601 545 438 327 223 135 83 58 35 12 1 -1 -7 -12 -9 -4 3 14 17 9 4 3 1 0 0 0 0 0 -1 -3 -3 -1 0 1 3 3 1 1 5 9 8 4 1 0 0 0 0 0 0 0 0 0 0 1 1 -4 -9 -7 -3 0 8 10 -11 -30 -12 18 -1 -117 -237 -209 -144 -153 -130 -66 -24 -12 -23 -35 -39 -36 -20 3 17 22 30 44 58 61 41 3 -25 -29 -23 -19 -18 -15 -8 1 20 50 70 65 49 49 58 46 13 -15 -21 -8 15 34 32 7 -29 -61 -76 -71 -53 -32 -3 45 81 82 74 56 19 -10 -13 -3 5 6 1 5 23 41 50 54 51 43 35 2 -53 -83 -70 -35 -6 7 16 30 37 25 11 21 44 42 -1 -61 -103 -112 -103 -100 -106 -109 -122 -168 -206 -204 -197 -186 -145 -95 -56 -17 10 11 4 2 -1 -11 -27 -42 -50 -46 -22 19 37 9 -27 -42 -32 -7 11 14 14 21 26 23 16 9 3 -2 -3 0 0 -7 -7 12 28 13 -16 
6 2 0 0 -1 -4 -6 -7 -10 -12 -10 -5 -3 -6 -7 -7 -8 -11 -21 -27 -28 -37 -36 -19 -10 -7 -3 -4 -7 -7 -6 -14 -27 -28 -32 -65 -103 -96 -40 23 37 -8 -48 -83 -187 -234 -106 9 24 28 35 19 -8 -8 5 6 5 4 -1 -7 -10 -8 -4 2 9 11 8 3 -3 -9 -14 -10 2 6 2 1 3 5 7 4 -3 -5 -3 0 3 4 5 6 4 1 0 1 3 4 3 1 0 0 1 2 0 -3 -5 -6 -4 -1 0 -1 -3 -3 0 2 -1 -10 -21 -21 -4 13 14 14 21 26 66 177 326 451 518 515 447 348 244 161 115 85 52 21 4 1 3 3 1 2 9 11 3 -1 1 4 7 8 8 7 6 6 7 19 49 85 111 117 105 88 74 66 65 63 51 33 18 11 10 10 14 28 48 65 46 -19 -31 30 73 91 101 97 110 148 153 141 158 165 141 113 93 73 57 51 47 38 26 18 18 24 29 29 25 16 3 -1 9 16 17 19 21 23 24 23 22 24 27 28 28 28 28 29 32 35 35 33 32 33 36 40 45 51 54 53 49 44 51 100 190 242 196 88 -26 -124 -163 -106 -13 42 54 51 57 69 77 74 61 54 45 32 38 47 38 36 47 36 -5 -54 -96 -112 -83 -18 39 53 50 63 72 63 48 34 36 56 71 76 84 72 -2 -124 -222 -250 -224 -167 -101 -47 -5 34 79 139 211 285 365 452 533 584 585 538 450 328 200 108 70 52 25 11 16 18 8 -2 4 13 9 4 4 4 3 1 0 0 0 -1 -2 -1 0 0 0 0 0 0 1 4 8 10 8 4 1 0 0 0 0 0 0 0 -1 -2 -1 0 -2 -7 -11 -9 0 10 11 -2 -19 -24 -16 -2 -34 -156 -237 -193 -151 -138 -80 5 63 71 41 6 -5 8 26 45 69 95 117 124 108 62 -8 -63 -75 -58 -32 -2 32 66 88 95 92 77 59 46 27 1 -15 -26 -46 -57 -39 0 28 18 -20 -59 -86 -91 -69 -35 -9 11 41 79 96 63 -4 -60 -79 -72 -67 -61 -45 -39 -40 -25 5 32 38 21 -1 -15 -35 -67 -82 -59 -21 9 23 12 -2 -2 -6 -20 -28 -23 -13 -9 -23 -57 -96 -124 -137 -150 -161 -140 -107 -102 -88 -29 8 -9 -32 -57 -84 -103 -118 -115 -91 -60 -37 -33 -31 -19 -9 3 31 61 63 35 4 -8 -3 7 16 17 9 3 0 -5 -12 -19 -24 -28 -27 -21 -20 -15 12 47 60 53 
2 -2 -3 -1 -2 -7 -11 -13 -15 -17 -16 -13 -17 -26 -31 -34 -33 -29 -35 -46 -61 -83 -78 -43 -21 -16 -13 -12 -10 -6 -4 -3 -5 -14 -36 -83 -126 -98 2 98 100 15 -62 -167 -248 -155 -22 19 40 69 62 27 10 9 2 -1 6 7 1 -4 -6 -4 0 1 -1 0 3 4 5 6 5 3 2 5 11 14 13 10 5 -1 -6 -7 -5 -3 0 3 4 4 4 2 -1 1 6 7 4 2 3 4 4 4 2 -2 -5 -7 -6 -2 -1 -5 -10 -11 -8 -6 -8 -8 3 17 15 3 6 38 109 221 350 456 505 477 385 280 201 145 98 60 33 13 -5 -12 -6 -1 2 3 -1 -7 -10 -8 -5 -3 0 4 7 8 9 12 15 13 6 6 21 43 61 70 65 42 14 3 10 15 4 -10 -7 5 9 13 31 56 86 124 146 136 123 129 134 122 111 120 127 103 74 82 105 103 87 64 35 26 32 28 12 1 12 25 19 11 7 3 6 13 15 13 12 13 16 19 20 20 21 21 19 19 21 22 22 23 24 25 28 31 32 32 31 29 28 31 42 54 57 57 56 48 41 53 101 180 225 170 49 -70 -151 -150 -71 11 50 56 54 53 55 65 73 69 53 38 39 41 32 34 64 94 87 39 -25 -75 -103 -82 -11 46 66 66 53 45 50 47 40 51 60 46 26 0 -56 -156 -267 -328 -333 -302 -242 -166 -102 -64 -32 10 66 123 164 206 270 354 444 525 580 580 515 399 261 146 75 34 14 14 15 5 -5 -4 4 8 8 8 8 8 7 4 1 0 0 0 0 1 3 3 1 0 1 4 8 10 9 6 2 0 0 0 0 0 0 1 1 -2 -3 0 1 -4 -10 -7 4 9 4 -3 -11 -20 -14 7 13 -55 -179 -207 -146 -122 -93 -12 60 74 34 -11 -19 -8 -6 -7 2 24 46 56 57 47 20 -23 -53 -40 -4 33 69 90 86 54 8 -17 -17 -13 -18 -29 -32 -34 -42 -31 10 55 70 49 22 -4 -33 -42 -31 -15 4 18 21 19 7 -26 -61 -72 -66 -62 -61 -57 -47 -33 -22 -6 25 55 58 31 -10 -43 -47 -37 -38 -44 -50 -46 -29 -25 -33 -34 -28 -24 -29 -31 -12 21 39 20 -25 -64 -82 -92 -92 -48 32 86 107 133 139 77 -30 -125 -191 -231 -240 -210 -153 -90 -36 -6 11 24 26 23 27 46 63 49 11 -27 -49 -47 -28 -15 -19 -22 -16 -9 -4 1 6 7 7 12 17 17 17 24 39 52 
-5 -8 -10 -8 -8 -13 -16 -18 -23 -27 -30 -36 -46 -59 -70 -75 -70 -61 -64 -76 -95 -118 -112 -70 -32 -17 -13 -12 -10 -6 -3 -2 -12 -33 -49 -63 -67 -24 56 72 -8 -81 -143 -225 -203 -77 -1 21 40 40 10 -5 15 14 -5 -5 -1 1 7 12 13 8 1 -1 1 2 3 5 7 8 7 2 -4 -2 7 14 14 8 0 -3 0 1 0 -1 -3 -4 -4 -4 -5 -7 -7 -3 5 12 12 9 8 9 10 9 7 5 3 -1 -5 -5 -5 -8 -12 -13 -9 -3 1 4 13 20 18 46 136 259 388 507 554 488 366 259 180 123 84 51 21 4 0 -1 0 4 4 1 1 4 6 3 -3 -4 1 5 7 9 11 12 13 15 17 19 17 11 10 15 19 17 10 3 -4 -9 -7 0 7 10 13 16 9 2 11 35 72 118 169 209 195 151 131 117 111 113 92 59 38 28 25 34 34 16 5 3 6 14 17 15 18 24 24 18 10 6 9 15 19 19 17 15 12 11 14 16 17 22 29 32 32 32 32 32 32 29 23 22 27 31 32 32 32 30 29 32 33 34 38 37 30 28 57 147 243 230 120 1 -103 -155 -117 -33 32 60 64 58 56 62 64 58 51 48 51 52 49 47 65 111 137 108 50 -10 -72 -95 -51 11 49 59 57 58 57 55 56 45 27 17 7 -17 -58 -98 -145 -219 -279 -294 -277 -235 -178 -123 -82 -56 -36 -13 20 64 106 147 203 270 344 436 537 593 564 465 331 195 84 28 21 18 3 -4 3 8 8 7 6 7 8 6 2 0 0 0 0 1 3 2 -1 0 4 7 8 8 8 6 2 0 0 0 0 0 0 1 2 0 -2 0 2 -1 -7 -13 -12 3 19 20 3 -20 -21 2 18 -7 -108 -205 -192 -153 -133 -79 -23 -9 -37 -66 -61 -48 -51 -57 -46 -14 19 36 40 38 28 7 -8 0 16 25 32 29 4 -28 -39 -27 -22 -27 -11 25 49 59 60 40 23 32 45 42 28 17 14 5 -19 -41 -40 -27 -31 -40 -34 -21 1 22 15 -14 -32 -33 -26 -6 14 27 49 72 73 39 -22 -65 -49 -2 12 -19 -64 -90 -77 -41 -16 -11 -6 10 23 26 31 44 54 47 25 1 -19 -20 12 59 110 163 172 112 59 25 -55 -145 -203 -232 -227 -189 -132 -75 -28 2 15 15 10 7 2 9 30 28 -3 -42 -72 -75 -52 -23 -5 2 7 13 20 27 31 30 24 17 9 -13 -56 -96 -104 -91 
-16 -16 -20 -23 -22 -29 -41 -49 -55 -70 -81 -74 -71 -87 -112 -113 -94 -76 -58 -57 -58 -43 -39 -43 -29 -10 -8 -9 -4 -10 -19 -18 -24 -51 -78 -65 -11 57 83 7 -87 -125 -172 -181 -95 -4 40 51 38 9 -12 -12 -4 5 13 9 -3 -3 5 8 6 2 0 -1 -2 -2 -2 1 8 14 12 0 -11 -9 5 20 21 8 -2 -1 5 6 2 1 4 7 7 4 1 2 5 4 0 -1 2 3 0 2 12 14 6 5 6 6 3 -12 -11 4 3 0 2 6 14 16 18 49 139 284 429 521 531 457 348 250 173 116 73 39 13 -4 -8 -2 4 9 14 10 0 -3 -3 -2 4 9 8 6 6 5 4 4 5 8 10 10 10 10 12 13 9 5 3 1 -3 -5 1 5 0 -3 5 11 6 2 1 -1 -2 8 36 72 102 121 123 103 67 34 29 34 25 20 20 12 11 18 13 11 20 18 7 3 12 19 14 9 7 9 17 26 28 21 13 9 9 11 12 12 12 13 15 17 19 21 23 24 23 22 24 26 25 25 27 28 28 29 31 32 29 27 31 30 26 29 35 40 58 116 204 261 217 85 -52 -143 -148 -68 11 42 53 52 51 55 44 37 47 58 58 53 58 61 58 84 142 171 123 36 -37 -100 -111 -43 18 34 43 51 45 41 41 25 9 10 12 2 -15 -34 -71 -128 -172 -202 -230 -239 -223 -190 -149 -111 -82 -59 -34 -6 20 41 67 110 158 204 269 371 490 570 576 514 388 230 114 64 39 12 -3 1 5 2 -1 -3 -2 3 5 1 -2 -2 -3 -4 -3 -2 -3 -3 0 3 4 6 11 12 6 1 1 4 5 2 2 3 0 -1 -1 -4 -6 -6 -10 -19 -13 12 23 18 11 -7 -22 -8 14 14 -34 -152 -224 -187 -153 -140 -105 -53 -7 9 -4 -20 -21 -10 9 31 50 54 37 14 2 3 1 -15 -27 -27 -30 -34 -26 -9 5 15 28 41 43 37 37 46 44 12 -26 -36 -12 28 53 64 69 35 -30 -67 -74 -73 -55 -24 14 63 102 100 61 14 -24 -40 -29 -7 11 14 3 -2 12 25 22 15 17 54 90 67 19 -23 -39 -7 31 36 25 23 30 28 14 10 24 35 18 -19 -39 -22 13 31 36 40 29 -9 -46 -40 -30 -55 -84 -85 -65 -56 -49 -33 -20 -7 -6 -11 -11 -17 -21 -12 10 36 36 -1 -32 -39 -37 -14 20 28 16 11 8 -2 -12 -21 -26 -29 -51 -103 -172 -224 -225 -195 
-35 -43 -57 -70 -76 -83 -88 -90 -95 -106 -108 -88 -64 -55 -63 -54 -30 -16 3 20 40 69 66 29 5 2 -3 -7 -5 -9 -15 -22 -25 -15 -20 -39 -29 -13 -56 -117 -135 -155 -167 -105 -19 28 46 44 26 7 7 7 -8 -5 10 10 6 3 -2 -4 -3 0 4 2 -6 -10 -11 -10 -4 2 3 2 2 1 2 4 0 -6 -6 -1 3 3 0 -1 4 11 15 14 12 14 16 14 9 7 11 16 13 1 -6 -8 -10 -4 5 6 4 2 -4 -9 -4 8 15 13 19 66 161 293 438 528 515 429 318 210 133 92 59 23 -1 -7 -5 -4 0 5 3 -1 -5 -8 -3 3 3 1 1 3 3 2 3 4 4 4 4 5 6 7 9 8 7 9 8 5 4 10 16 8 -1 -3 -8 -13 -13 -8 -1 1 1 4 6 5 3 5 4 -10 -25 -36 -37 -15 9 14 9 4 0 -1 4 3 2 11 13 13 12 4 5 9 5 3 4 5 7 7 6 8 12 12 8 9 14 15 12 10 11 10 7 7 9 11 12 13 15 17 19 20 20 20 21 23 24 26 27 27 30 27 21 22 27 30 35 60 126 225 265 188 61 -52 -116 -101 -35 20 43 43 35 31 31 39 53 64 64 57 55 59 56 61 115 179 163 75 -6 -76 -118 -77 -6 25 26 28 44 59 54 48 51 49 38 21 7 -12 -48 -83 -109 -146 -191 -220 -228 -219 -191 -148 -104 -69 -47 -40 -39 -26 -2 19 49 92 130 169 225 314 429 529 585 553 418 252 130 67 35 11 -1 6 16 11 1 2 8 8 4 0 -1 0 -2 -2 0 -2 -4 -3 -1 2 9 15 12 5 2 3 4 4 5 4 0 -1 -1 -4 -6 -5 -6 -9 -3 9 12 14 20 8 -23 -36 -16 16 26 -60 -196 -206 -149 -148 -115 -21 61 81 39 -3 -7 13 32 36 37 38 21 -11 -32 -40 -55 -74 -82 -75 -60 -35 10 67 101 86 46 8 -26 -48 -52 -44 -37 -48 -74 -88 -62 1 58 80 65 14 -47 -76 -65 -38 -1 31 46 72 97 87 47 -3 -48 -69 -63 -52 -41 -33 -36 -35 -13 31 74 97 110 128 153 148 101 49 14 2 4 3 -8 -21 -26 -25 -27 -28 -13 6 -9 -64 -115 -128 -123 -126 -125 -122 -110 -71 -45 -17 51 102 114 124 136 123 85 42 9 -2 -5 -3 2 1 6 7 6 45 92 63 -15 -64 -87 -92 -63 -27 -13 -17 -30 -39 -36 -24 -19 -42 -91 -156 -209 -231 -266 -320 
-94 -99 -103 -105 -106 -101 -87 -77 -74 -61 -44 -28 1 38 63 70 68 59 54 70 94 103 91 63 28 2 -3 -3 -10 -9 -3 -6 -9 -8 -18 -36 -35 -54 -112 -149 -185 -215 -165 -57 19 37 36 27 8 -1 4 8 2 -8 -9 1 8 1 -10 -13 -7 1 3 3 4 2 -1 -4 -8 -11 -10 1 14 11 -5 -20 -24 -16 -5 1 1 0 -1 -3 -3 1 7 12 15 14 10 7 6 7 8 11 13 4 -9 -13 -13 -17 -16 -20 -26 -13 -6 1 20 19 20 68 166 306 449 523 498 404 298 209 138 92 56 20 -2 -8 -6 -2 1 3 3 1 0 0 1 2 1 1 3 3 1 1 4 5 4 6 9 11 12 11 9 7 6 7 7 6 7 8 9 14 19 13 1 -4 -3 -2 -4 -7 -6 -2 1 3 -2 -26 -65 -99 -120 -135 -145 -142 -121 -88 -55 -28 -10 -4 -3 -1 0 0 1 4 8 12 15 16 14 8 0 -3 1 5 7 7 5 4 5 9 13 14 14 13 12 12 11 10 12 15 16 17 19 21 22 19 14 12 13 16 20 23 24 23 20 16 13 14 18 20 18 18 21 28 69 164 271 310 253 153 48 -37 -42 12 43 50 47 39 49 62 62 60 64 69 65 56 49 45 65 126 175 140 50 -27 -85 -96 -35 29 46 40 42 51 50 48 50 48 42 32 20 6 -12 -34 -59 -87 -121 -156 -181 -193 -187 -158 -126 -109 -94 -70 -45 -28 -19 -15 -9 6 27 56 100 152 210 290 397 503 559 523 406 267 152 74 28 10 8 8 9 9 7 7 7 5 6 8 5 2 2 0 -3 -4 -3 -1 1 6 12 11 4 -2 -3 0 1 -1 -1 0 0 0 0 0 0 0 -9 -23 -14 11 25 24 -1 -41 -45 -5 22 -2 -112 -218 -197 -153 -133 -66 17 47 12 -34 -39 -18 -12 -19 -13 5 8 -14 -38 -42 -35 -35 -43 -42 -16 26 62 83 87 58 -9 -79 -108 -97 -87 -88 -76 -55 -50 -61 -58 -18 39 66 38 -7 -36 -61 -53 -12 11 21 28 23 17 14 1 -22 -38 -47 -58 -65 -60 -41 -14 10 25 48 69 72 80 72 65 84 73 36 3 -35 -59 -51 -36 -36 -40 -32 -19 -11 3 18 8 -33 -85 -128 -156 -161 -141 -102 -53 11 74 112 163 215 218 195 187 190 162 106 62 35 26 26 21 23 30 28 14 3 19 8 -89 -190 -218 -208 -182 -127 -72 -46 -34 -20 -8 -2 -9 -30 -47 -65 -83 -89 -122 -181 
-140 -124 -96 -67 -46 -31 -16 3 28 55 68 66 72 93 114 108 79 55 43 48 60 62 52 33 9 -10 -11 -8 -15 -17 -14 -3 10 -9 -34 -24 -30 -77 -106 -142 -201 -194 -107 -14 36 50 47 30 11 5 10 15 10 0 0 5 1 -7 -11 -12 -10 -5 -1 5 13 14 12 11 8 5 5 5 2 -1 -5 -9 -7 -1 3 2 -1 0 3 3 2 3 4 7 11 9 3 -3 -9 -15 -19 -21 -16 -1 8 6 -1 -13 -21 -20 -17 -11 5 23 33 67 165 319 460 516 492 410 293 185 110 64 35 16 -1 -13 -14 -8 -1 0 -4 -4 0 3 5 9 15 17 14 11 10 10 8 6 8 9 6 5 8 10 10 9 6 3 0 -2 -1 0 1 3 4 1 -3 1 10 15 15 12 8 0 -8 -3 8 1 -35 -85 -123 -136 -124 -94 -72 -83 -116 -136 -127 -99 -69 -48 -28 -7 4 3 -1 0 3 2 -1 -1 1 4 8 9 7 7 10 13 13 12 12 13 15 15 14 14 13 12 12 13 15 16 16 17 19 20 21 22 21 19 18 20 23 23 21 19 15 10 10 17 26 32 34 33 25 15 35 114 239 350 389 345 240 113 25 8 28 50 61 63 69 72 63 51 50 60 66 59 52 52 53 90 169 198 123 20 -51 -81 -50 5 39 42 17 3 18 33 37 35 29 23 16 11 8 -1 -18 -40 -66 -93 -115 -138 -161 -166 -152 -132 -114 -95 -71 -53 -45 -35 -25 -17 -7 1 11 37 86 142 187 244 351 480 554 528 420 286 171 90 31 -6 -9 2 7 10 12 11 8 6 6 5 3 0 -3 -5 -6 -4 0 6 13 14 8 1 -3 -4 -5 -5 -2 0 0 0 0 0 0 0 -13 -37 -36 -9 20 45 44 1 -35 -13 31 64 37 -99 -183 -145 -129 -124 -73 -23 -23 -58 -68 -52 -48 -50 -36 -7 24 45 53 61 65 37 -3 -12 8 30 35 22 -4 -39 -67 -75 -72 -64 -45 -28 -15 18 50 40 0 -22 -3 30 36 21 17 12 -6 -20 -32 -45 -48 -40 -22 9 45 64 56 23 -19 -43 -44 -28 -6 9 15 23 42 38 -3 -40 -51 -19 31 32 -11 -49 -54 -24 9 17 12 11 14 22 38 53 58 63 76 78 66 59 52 58 77 95 126 151 163 162 126 81 69 87 95 81 63 40 22 10 -8 -22 -35 -50 -64 -99 -123 -96 -105 -202 -284 -284 -239 -171 -96 -42 -9 8 8 1 8 23 24 29 46 67 131 219 
-80 -64 -34 -1 19 26 34 56 89 114 113 87 61 52 56 51 34 21 11 7 5 3 5 4 -2 -10 -12 -15 -33 -54 -63 -53 -30 -6 19 26 -17 -80 -124 -159 -151 -83 -10 29 45 57 47 19 6 6 8 11 10 6 6 4 -3 -1 7 9 5 2 5 9 8 5 4 4 3 1 2 3 0 -1 0 0 2 6 8 6 3 5 11 15 14 9 4 0 -3 -4 -4 -2 2 3 0 -5 -4 2 -5 -15 -6 8 8 8 12 4 -12 -21 35 207 413 516 489 394 279 181 120 79 39 5 -10 -12 -10 -5 -1 0 -1 -2 -2 -1 3 7 8 10 15 20 21 17 14 16 17 14 13 12 7 5 6 6 6 5 3 1 0 -1 -2 -2 -2 -1 1 -1 -4 4 15 14 6 1 0 6 12 2 -19 -50 -91 -111 -87 -30 32 73 89 76 29 -34 -89 -121 -130 -124 -108 -85 -58 -31 -6 7 5 2 1 0 0 0 1 4 9 14 16 15 13 11 9 9 12 14 14 14 13 12 13 13 10 8 8 8 9 10 10 14 20 20 17 16 16 16 15 13 11 10 12 17 24 30 32 33 36 41 47 61 113 213 309 325 255 155 56 2 15 40 45 49 57 59 54 47 44 44 45 47 57 69 61 65 126 194 187 120 48 -7 -32 -26 9 47 50 33 32 39 39 36 34 35 35 28 17 8 -9 -36 -59 -76 -92 -108 -132 -165 -181 -172 -167 -174 -170 -147 -115 -88 -76 -65 -40 -14 0 9 15 26 71 141 198 257 351 460 530 522 430 285 162 100 55 13 3 13 22 25 18 7 0 -1 1 1 -1 -3 -4 -3 0 5 10 12 11 7 3 1 -3 -5 -2 0 0 0 0 0 0 0 -7 -18 -13 6 29 56 67 43 0 12 111 194 199 109 -62 -159 -149 -147 -140 -79 -1 42 40 15 -1 8 23 37 63 95 109 93 56 7 -37 -57 -58 -54 -52 -46 -33 -17 11 45 60 54 50 53 47 38 39 37 12 -25 -38 -14 27 58 83 99 61 -9 -55 -69 -50 -24 -9 19 73 117 109 52 -15 -51 -58 -51 -38 -30 -28 -30 -11 15 -1 -28 -39 -29 17 47 23 -11 -19 -4 17 28 28 27 24 8 -4 18 72 133 179 214 251 257 211 163 123 63 26 17 -4 -16 -20 -40 -64 -72 -56 -38 -38 -39 -36 -43 -61 -91 -139 -200 -237 -238 -228 -173 -91 -95 -197 -278 -256 -166 -71 -11 5 2 3 5 7 5 -5 24 103 165 193 214 
15 14 17 19 12 3 4 18 36 48 46 28 6 -8 -9 -7 -7 -6 -9 -13 -17 -16 -7 -2 -1 -3 -13 -35 -77 -129 -160 -150 -117 -83 -52 -26 28 51 -54 -148 -108 -31 7 22 41 56 40 10 -2 -3 -5 -6 -3 3 5 -1 -5 3 13 15 10 4 4 3 -3 -5 -3 -1 -1 -2 1 8 14 14 7 -1 -2 3 8 10 11 15 20 22 18 10 4 -1 -5 -4 0 5 10 11 8 8 11 3 -14 -16 2 12 -1 -22 -28 5 71 146 244 361 418 364 261 180 115 60 24 4 -3 -2 2 6 12 18 19 14 6 4 9 12 11 8 5 4 5 10 14 10 6 9 14 14 10 8 8 7 5 4 3 2 3 5 7 7 5 4 4 4 5 5 4 6 6 1 -1 4 11 15 5 -30 -77 -110 -111 -68 14 102 149 139 118 123 134 113 53 -14 -61 -91 -116 -134 -138 -123 -94 -62 -34 -13 3 10 7 3 4 10 17 21 21 18 14 10 8 9 11 13 14 13 13 14 13 10 6 5 7 7 6 7 7 8 12 13 11 9 9 10 9 12 20 24 23 20 18 19 21 24 29 35 36 33 49 93 132 136 122 101 51 3 2 22 34 41 44 46 53 62 62 50 38 38 48 57 61 65 91 154 225 243 194 127 62 15 11 38 63 59 43 39 38 34 33 35 37 37 35 30 11 -18 -36 -47 -69 -99 -145 -225 -310 -367 -406 -430 -428 -405 -361 -294 -225 -171 -129 -94 -61 -31 -12 0 12 30 67 123 178 241 336 441 508 490 394 279 178 94 35 14 21 32 31 17 4 0 0 0 0 0 0 0 0 1 5 11 13 10 7 4 1 0 0 0 0 0 0 0 0 2 3 -3 -9 -5 15 53 94 115 90 43 56 88 67 16 -119 -284 -321 -266 -190 -89 24 96 80 18 -7 13 31 33 36 45 49 31 -6 -33 -48 -70 -91 -87 -53 -20 5 54 105 122 118 102 70 31 -3 -25 -28 -18 -19 -39 -52 -29 32 92 131 153 120 47 -2 -17 -4 19 29 34 52 67 46 5 -23 -40 -54 -61 -58 -49 -39 -32 -18 18 44 29 1 -26 -28 23 64 52 15 -20 -33 -24 -13 -11 -14 -21 -24 -2 52 118 167 197 221 222 185 129 70 -1 -69 -119 -161 -158 -116 -109 -151 -204 -219 -185 -138 -89 -47 -32 -44 -87 -153 -208 -235 -235 -216 -174 -87 15 38 -50 -137 -135 -81 -28 -5 -11 -22 -32 -62 -100 -88 -21 65 142 163 134 
46 40 30 14 -6 -20 -21 -15 -14 -15 -12 -8 -6 -7 -6 -8 -13 -13 -12 -10 -11 -13 -10 -13 -17 -18 -37 -77 -132 -195 -233 -222 -173 -109 -50 3 54 27 -88 -136 -85 -30 2 27 45 36 12 0 -4 -7 -12 -16 -10 0 1 -3 -2 0 0 1 3 3 0 -3 -3 0 5 10 11 10 12 12 8 7 6 2 1 4 6 7 11 15 14 8 2 -2 -5 -4 -1 1 3 4 3 -2 -10 -11 -4 1 9 24 26 8 -2 16 88 239 404 483 446 331 212 145 113 73 32 12 7 4 1 1 3 5 8 12 16 19 19 16 14 14 12 8 5 4 4 5 3 -6 -12 -7 2 6 4 4 8 8 5 3 1 0 1 5 9 9 7 5 4 5 6 3 -2 -4 -3 1 9 14 6 -22 -62 -93 -106 -88 -30 43 97 101 54 4 -18 -5 41 93 125 123 94 60 23 -23 -71 -108 -128 -129 -115 -97 -77 -59 -45 -26 -3 8 4 2 6 9 11 13 15 15 13 12 12 12 13 15 15 14 15 16 16 16 15 14 15 15 13 12 12 13 15 15 13 14 20 26 27 23 18 17 20 28 34 27 19 25 45 58 35 7 17 39 39 11 -16 -3 33 50 46 43 51 64 67 58 49 46 41 37 50 63 73 123 210 265 252 183 88 26 8 12 32 42 38 35 32 28 24 20 17 19 27 30 19 3 -8 -30 -82 -159 -241 -318 -398 -473 -531 -570 -589 -596 -601 -597 -558 -474 -370 -272 -181 -111 -70 -31 -2 -4 -6 27 85 139 177 226 331 459 508 445 332 227 145 87 53 41 35 21 9 4 0 -1 0 0 0 0 -1 -3 0 9 14 11 6 4 4 3 1 0 0 0 0 0 0 1 3 -3 -23 -40 -36 -12 28 71 76 -17 -168 -249 -251 -235 -230 -289 -376 -372 -284 -166 -43 27 12 -44 -76 -68 -45 -31 -29 -27 -14 -3 -8 -11 -6 -13 -36 -47 -21 16 43 74 90 70 37 10 -18 -41 -42 -25 -5 3 -5 -20 -33 -28 10 66 106 117 105 71 31 1 -17 -12 2 2 -5 -4 4 20 37 26 -7 -35 -45 -35 -15 9 24 36 57 46 0 -43 -60 -17 49 61 18 -36 -59 -45 -25 -21 -18 5 28 35 46 72 101 110 93 79 70 27 -25 -60 -127 -200 -227 -208 -154 -122 -147 -214 -275 -266 -190 -101 -39 -12 -12 -37 -72 -85 -84 -83 -65 -33 20 115 207 193 81 -21 -64 -52 -25 -26 -52 -76 -98 -107 -64 -4 25 53 92 113 
28 29 31 31 26 19 17 16 7 -4 -8 -4 1 -1 -6 -9 -8 -6 -4 1 1 -5 -12 -24 -32 -35 -56 -95 -142 -192 -219 -191 -117 -51 -8 32 -8 -135 -166 -86 -27 4 38 65 54 4 -26 -15 -3 -2 -6 -11 -6 4 5 4 8 5 -2 -1 7 12 9 2 -4 -3 4 10 12 12 12 2 -15 -14 2 14 18 15 7 2 4 4 -1 -8 -14 -16 -15 -12 -9 -7 -3 3 7 7 4 -3 -8 3 27 41 28 18 58 185 378 516 524 435 309 182 87 49 35 12 -6 -5 4 8 10 12 10 6 2 1 4 8 12 11 4 1 3 4 5 7 9 6 -5 -16 -19 -12 -3 0 -1 0 5 7 4 1 0 1 3 4 4 4 3 1 0 0 0 0 -1 -3 -2 3 4 -13 -50 -92 -116 -106 -67 0 83 131 109 42 -15 -42 -70 -111 -131 -95 -11 73 122 140 142 127 90 37 -14 -55 -86 -104 -117 -128 -130 -118 -98 -73 -45 -29 -22 -13 -4 4 12 16 14 12 12 13 14 14 15 16 16 16 15 14 14 13 13 13 10 8 9 13 17 18 19 16 10 11 16 18 16 16 22 26 24 19 7 -16 -37 -47 -59 -70 -67 -40 8 18 -17 -18 15 33 36 32 31 38 41 40 45 56 60 54 52 53 60 93 134 161 161 88 -23 -67 -44 -6 33 54 54 51 47 39 31 25 17 10 12 19 19 14 3 -38 -117 -200 -246 -254 -257 -262 -246 -210 -176 -161 -176 -222 -293 -381 -467 -500 -440 -305 -172 -102 -53 -3 10 -2 3 33 79 135 182 233 333 445 473 399 286 186 109 61 34 12 -1 -4 -3 -1 0 1 2 0 -3 -6 -6 2 10 9 3 2 5 4 1 0 0 0 0 0 0 -3 -3 4 -2 -28 -64 -104 -129 -128 -103 -94 -158 -220 -195 -146 -113 -108 -187 -321 -391 -324 -180 -76 -46 -53 -67 -72 -59 -40 -31 -23 3 34 45 44 50 57 44 17 2 8 19 14 2 -8 -21 -24 -2 32 52 52 41 31 31 30 8 -29 -45 -14 18 13 16 16 -15 -42 -58 -62 -56 -56 -52 -18 49 101 100 65 21 -19 -40 -36 -16 4 9 1 11 24 -9 -43 -47 -39 -5 19 3 -26 -35 -15 7 20 34 46 47 40 37 35 21 0 -20 -23 -6 -19 -38 -26 -65 -146 -187 -180 -130 -69 -44 -89 -187 -232 -176 -90 -33 -3 17 30 42 61 96 139 141 130 167 224 274 290 237 133 35 -18 -40 -57 -70 -75 -56 -8 28 54 85 76 27 -8 
62 64 64 64 70 81 76 51 25 8 -1 -6 -10 -12 -14 -12 -8 -9 -8 -11 -11 -2 -3 -15 -36 -67 -117 -175 -178 -121 -51 10 30 8 -16 -68 -186 -242 -150 -44 -5 21 62 69 28 -7 -10 1 4 -1 -4 2 12 12 3 3 12 12 6 4 5 7 8 4 -3 -4 0 4 7 5 -4 -11 -10 -5 6 20 24 17 11 14 15 2 -10 -11 -14 -21 -22 -18 -19 -21 -15 -9 -10 -4 11 16 16 24 34 40 60 116 202 308 381 342 234 158 122 87 47 17 -2 -14 -13 -4 0 1 3 5 8 8 2 1 9 12 6 1 0 -4 -7 2 3 -16 -29 -33 -43 -57 -66 -56 -27 -2 8 11 11 7 1 -3 -3 -1 1 2 2 4 7 7 4 1 2 7 7 -1 -9 -20 -47 -84 -105 -108 -91 -30 53 110 123 96 48 15 16 24 7 -47 -127 -191 -201 -153 -68 16 68 99 130 137 112 82 47 7 -26 -52 -80 -113 -130 -122 -112 -107 -98 -84 -68 -52 -37 -23 -12 -6 1 10 13 8 3 2 1 0 0 0 0 0 0 4 11 11 6 4 5 7 8 10 13 12 8 6 8 11 11 6 -3 -21 -59 -109 -151 -162 -123 -81 -79 -63 -16 7 -10 -34 -27 4 23 28 27 19 21 35 41 46 55 55 50 49 56 68 88 111 93 1 -119 -183 -158 -74 7 48 55 53 56 51 43 40 30 22 28 30 19 12 -9 -67 -123 -132 -106 -79 -49 8 110 231 308 339 366 374 332 229 61 -152 -378 -496 -401 -223 -116 -57 -13 -1 -6 -4 15 46 75 112 175 259 354 421 394 299 216 144 63 5 -10 -6 -4 -4 -3 0 2 1 1 2 -2 -7 1 16 15 2 0 6 5 0 -3 -4 -3 -1 0 -2 -2 5 8 -6 -40 -84 -117 -128 -111 -65 -26 -16 -9 1 1 -4 -43 -163 -336 -444 -372 -194 -57 19 36 6 -18 -13 9 34 54 70 80 81 80 74 58 27 -16 -40 -35 -29 -22 10 48 67 79 90 86 59 26 8 10 15 -12 -59 -80 -74 -72 -73 -51 -21 -13 -23 -45 -70 -58 -14 10 19 47 78 80 51 2 -43 -64 -65 -56 -45 -38 -37 -32 -7 13 1 -22 -46 -49 -29 -25 -15 7 11 17 31 27 5 -17 -28 -30 -35 -48 -57 -54 -44 -25 8 36 47 48 3 -88 -142 -103 -9 41 33 -1 -56 -87 -90 -83 -56 -18 37 112 182 239 278 269 224 204 221 251 282 252 148 50 -29 -91 -104 -80 -58 -42 -14 17 51 87 83 22 -42 
85 82 72 61 60 68 60 34 12 1 -3 -7 -11 -8 -4 -5 -10 -13 -9 -11 -11 -3 -7 -25 -58 -120 -191 -206 -135 -7 129 164 78 11 -33 -158 -271 -211 -86 -35 -9 25 51 40 9 3 10 12 12 10 6 6 8 4 2 5 4 4 6 3 -2 -2 4 11 15 15 12 9 8 7 3 4 13 16 14 14 12 10 12 17 18 8 -3 -4 -3 -7 -11 -13 -17 -20 -20 -24 -26 -10 21 39 36 51 115 219 333 420 461 422 288 139 59 64 94 88 57 24 2 2 13 14 4 -1 2 1 -3 -1 3 5 2 -11 -25 -27 -21 -26 -39 -45 -59 -85 -103 -115 -129 -139 -137 -109 -55 -8 10 10 6 5 6 4 -1 -7 -12 -12 -7 -3 -3 -6 -8 -6 -1 3 -3 -26 -59 -88 -104 -99 -72 -21 44 93 116 105 61 17 0 12 36 60 84 93 56 -47 -190 -293 -303 -240 -143 -44 37 88 108 116 121 118 104 86 69 37 -8 -51 -89 -111 -119 -121 -115 -107 -105 -100 -85 -69 -51 -29 -10 2 8 8 2 -4 -6 -4 0 3 4 2 0 5 13 13 5 -3 -7 -5 1 3 -1 -7 -11 -15 -24 -44 -78 -120 -156 -161 -132 -84 -16 40 48 33 19 11 -1 -31 -43 -18 7 17 17 12 18 33 40 39 37 38 42 47 51 51 66 93 81 7 -98 -183 -204 -153 -66 7 34 36 43 47 47 45 36 30 28 19 13 9 -29 -84 -88 -51 -27 0 72 178 270 316 320 311 309 316 346 394 419 359 164 -149 -410 -415 -246 -115 -53 -10 11 7 -3 -9 4 44 80 99 148 259 378 414 348 225 105 31 2 -5 -5 -4 -3 -2 -2 0 2 2 -1 -6 -1 13 18 9 2 4 4 1 0 0 1 2 1 0 -1 -2 -1 -2 -8 -15 -18 -13 -8 -11 -8 0 -5 -9 -2 0 5 -6 -114 -330 -466 -348 -102 56 81 40 4 -2 11 28 38 37 37 47 51 49 57 47 1 -43 -45 -10 23 60 104 104 57 11 -9 -8 -6 -17 -30 -32 -32 -40 -51 -56 -54 -51 -41 0 53 61 25 -10 -8 21 32 21 16 28 33 6 -24 -25 -17 -18 -12 0 1 -1 -1 17 62 73 30 -27 -82 -88 -58 -68 -68 -34 -30 -41 -46 -55 -61 -60 -56 -50 -37 -24 -17 -13 -7 26 54 50 68 84 42 -29 -60 -20 57 132 164 113 18 -56 -106 -123 -92 -31 59 158 200 187 183 170 117 72 77 129 149 89 1 -80 -128 -133 -121 -102 -79 -45 9 39 13 -27 -50 -63 
46 39 29 21 16 10 1 -5 -6 -5 -2 0 0 1 3 3 1 1 2 -1 -10 -27 -51 -76 -114 -189 -237 -183 -71 49 116 77 13 -22 -107 -216 -212 -118 -47 -14 17 48 48 28 17 8 1 3 9 15 16 7 -5 -7 5 10 1 2 10 10 6 6 12 20 26 26 19 9 3 6 16 24 26 25 19 10 8 13 13 6 4 9 8 1 0 2 -3 -18 -28 -21 -14 -14 -5 4 16 50 101 194 335 476 562 566 508 396 253 145 92 86 109 114 80 32 8 11 17 16 12 6 -4 -10 -8 -7 -9 -16 -35 -58 -69 -70 -71 -77 -94 -120 -138 -139 -138 -133 -114 -94 -74 -49 -26 -11 -6 -9 -12 -7 2 6 4 2 3 2 -2 -4 -6 -8 -3 5 4 -12 -46 -95 -135 -136 -94 -30 29 87 135 126 76 30 1 -4 7 14 17 34 71 125 174 162 62 -105 -286 -385 -356 -259 -167 -86 -13 33 66 98 113 118 133 146 128 88 57 30 -1 -27 -48 -70 -95 -120 -137 -137 -124 -104 -77 -47 -20 0 10 9 6 8 12 12 5 -10 -31 -48 -62 -78 -90 -94 -91 -87 -87 -89 -95 -109 -127 -142 -150 -159 -172 -170 -137 -69 22 109 171 197 175 104 25 -15 -22 -26 -34 -26 -1 11 13 23 28 25 33 42 39 39 44 46 44 42 45 67 102 103 46 -44 -124 -154 -103 -12 40 51 50 50 52 49 46 40 22 11 19 9 -34 -59 -39 -13 -2 35 122 204 207 141 85 66 48 41 74 131 210 309 370 263 -69 -371 -370 -205 -94 -39 -17 -13 -7 -4 -4 -7 -10 6 48 108 208 333 391 331 186 57 7 -2 -1 2 2 0 -2 -2 -3 -4 -2 3 3 -1 5 15 12 2 -1 1 3 5 6 5 3 0 -4 -7 -7 -2 6 10 7 3 2 1 -1 -3 -4 -4 -5 -3 1 -4 -14 -99 -295 -351 -162 6 33 -1 -33 -37 -30 -29 -27 -10 23 50 64 86 109 93 42 -2 -22 -12 15 31 33 18 -3 -20 -41 -49 -45 -30 0 23 41 50 22 -23 -39 -35 -26 12 67 89 69 34 -4 -27 -20 -8 -16 -21 3 39 73 97 99 82 60 49 49 48 46 50 65 78 51 -3 -75 -149 -151 -135 -148 -131 -97 -76 -59 -41 -25 -14 -5 8 22 28 24 18 16 17 22 36 61 104 146 126 53 9 43 122 189 203 122 13 -57 -102 -96 -49 -1 33 35 20 21 32 23 -5 -20 1 57 93 48 -33 -78 -98 -104 -74 -27 0 -3 -37 -88 -124 -122 -99 
14 7 -3 -10 -11 -11 -17 -21 -17 -14 -12 -9 -6 -3 -3 -4 -5 -8 -11 -11 -12 -26 -54 -97 -155 -169 -102 -33 7 34 3 -30 -18 -58 -159 -197 -130 -67 -41 -8 24 48 42 20 13 8 9 10 0 -1 8 12 8 2 0 1 5 11 15 15 12 9 7 9 15 16 10 1 -5 -2 8 19 27 30 25 16 16 23 23 14 6 6 4 -5 -9 -8 -13 -17 -13 -14 -21 -22 -15 -15 -1 103 285 437 491 452 381 324 267 200 146 121 119 123 113 82 40 8 1 2 -4 -9 -10 -16 -33 -45 -44 -51 -73 -95 -101 -91 -83 -88 -98 -102 -105 -103 -84 -57 -36 -2 55 97 105 81 34 -3 -9 -1 2 2 1 -1 -1 3 10 11 4 3 8 13 17 9 -17 -61 -114 -142 -115 -43 28 72 103 108 77 46 26 9 1 4 13 14 6 6 19 55 124 203 257 239 95 -154 -385 -477 -419 -291 -174 -94 -40 -6 22 52 71 87 112 134 143 138 125 110 90 64 38 5 -37 -70 -94 -114 -123 -117 -102 -75 -38 -17 -13 -14 -22 -38 -58 -67 -72 -103 -149 -175 -172 -152 -133 -127 -132 -143 -161 -182 -197 -201 -195 -178 -136 -55 49 135 178 186 180 175 149 67 -39 -108 -130 -125 -97 -51 -9 14 24 34 37 30 29 31 29 32 39 41 38 37 41 56 107 183 197 107 -22 -114 -128 -65 16 55 58 57 54 49 52 49 35 28 19 -9 -31 -21 -9 -10 10 55 90 81 26 -37 -73 -85 -93 -95 -87 -68 -19 74 188 275 209 -91 -348 -299 -130 -56 -36 -14 -1 2 2 -4 -19 -27 -12 34 98 171 279 356 268 91 6 1 3 4 3 1 -1 -3 -4 -3 1 5 2 -3 4 17 15 3 -1 0 1 3 3 1 0 -1 -3 -5 -6 -1 10 18 17 10 4 0 -3 -3 -2 -2 -2 -2 -7 -13 -5 -3 -54 -94 -45 7 8 -8 -27 -37 -33 -24 -18 -7 17 48 74 73 43 15 2 1 -13 -53 -79 -95 -108 -97 -97 -109 -96 -83 -89 -89 -77 -64 -41 -4 18 6 -13 -16 -11 -1 16 35 40 15 -30 -57 -46 -23 -16 -17 16 96 161 167 147 127 94 57 37 32 28 12 -3 2 8 -1 -13 -78 -175 -188 -189 -208 -150 -72 -29 0 19 27 27 24 20 19 17 5 -10 -18 -13 12 55 119 192 201 141 99 72 64 114 161 124 29 -34 -63 -78 -61 -55 -82 -86 -63 -50 -43 -22 1 -4 -13 25 88 111 81 32 -2 -4 12 19 12 -10 -46 -83 -106 -100 -78 
-5 -8 -13 -17 -15 -9 -8 -11 -11 -12 -15 -14 -10 -9 -12 -16 -19 -22 -25 -24 -24 -38 -69 -111 -147 -120 -14 72 60 -31 -106 -88 -59 -84 -92 -70 -51 -26 -9 0 30 49 27 3 -1 1 7 10 4 0 2 7 10 7 -2 -3 9 13 10 13 18 17 9 6 12 16 15 12 10 13 19 23 25 26 24 22 25 30 31 23 11 6 4 -1 -6 -8 -9 -2 8 -3 -20 -24 -27 -20 35 180 357 426 361 239 143 108 94 80 79 82 83 75 47 15 -3 -8 -8 -18 -41 -62 -73 -84 -106 -128 -129 -115 -116 -132 -126 -87 -49 -33 -30 -28 -16 13 55 97 128 141 147 161 158 113 49 6 -3 4 8 8 7 6 6 4 1 3 9 12 14 16 5 -29 -76 -118 -122 -58 40 113 138 122 88 50 17 4 4 5 8 10 8 11 20 19 9 5 24 85 181 283 351 303 81 -228 -456 -521 -457 -328 -193 -96 -34 -1 -2 -5 16 43 65 88 109 123 130 134 138 139 131 106 62 7 -49 -96 -129 -140 -127 -109 -100 -103 -117 -132 -139 -139 -134 -121 -99 -72 -46 -27 -18 -18 -22 -25 -27 -26 -19 -6 10 31 70 130 185 196 156 95 44 32 51 41 -30 -145 -261 -314 -267 -161 -65 -9 11 17 21 23 24 21 18 21 25 24 22 24 29 28 53 147 232 204 80 -58 -138 -123 -47 15 39 47 48 46 49 49 42 33 17 -4 -11 0 3 -8 -5 13 14 -12 -44 -63 -67 -73 -78 -70 -74 -83 -76 -50 24 125 170 46 -195 -268 -152 -57 -14 4 0 -3 0 5 9 10 14 38 86 120 137 194 210 100 10 5 6 2 1 0 -1 -2 -2 -2 0 1 -3 -5 2 12 14 8 2 0 0 0 0 -1 -3 -3 -1 0 0 2 7 12 15 11 1 -5 -6 -4 0 3 4 1 2 13 7 -10 33 103 91 40 40 70 74 36 -8 -22 -18 -22 -38 -51 -68 -119 -171 -170 -161 -202 -279 -361 -423 -467 -501 -511 -514 -524 -514 -491 -487 -506 -534 -549 -532 -494 -447 -397 -365 -336 -290 -250 -222 -174 -112 -76 -67 -62 -46 -21 8 38 58 74 98 115 101 60 21 -13 -48 -62 -54 -50 -54 -44 -12 10 37 61 -17 -144 -202 -198 -149 -75 -23 -3 5 7 2 -9 -23 -36 -48 -60 -65 -55 -34 0 51 109 168 193 152 109 95 76 43 8 12 20 -11 -37 -66 -118 -162 -170 -136 -93 -57 -23 2 18 27 34 39 51 86 111 93 62 39 28 44 71 79 62 34 22 49 91 
-7 -6 -8 -10 -7 -1 2 -1 -6 -9 -10 -8 -7 -11 -16 -15 -9 -11 -26 -49 -75 -99 -120 -121 -95 -61 -14 4 -68 -140 -127 -99 -78 -27 11 -6 -34 -19 6 24 58 60 23 0 -4 -1 0 5 20 20 6 0 3 6 3 5 15 17 15 20 26 26 19 10 6 7 10 15 20 22 20 16 13 11 12 19 24 22 21 21 16 9 6 6 4 2 4 1 -10 -15 -13 -11 -8 23 104 192 229 200 143 100 67 39 23 18 13 0 -10 -17 -29 -38 -40 -43 -49 -59 -75 -89 -93 -93 -102 -120 -119 -79 -38 -29 -27 -3 35 61 62 50 52 78 112 135 143 124 85 65 58 44 30 18 5 -4 -6 -5 -1 3 2 -6 -20 -29 -29 -32 -37 -44 -65 -95 -118 -104 -24 88 150 131 85 55 25 2 4 8 5 5 7 8 7 5 1 -4 -2 3 0 7 46 116 231 377 448 334 35 -305 -496 -474 -327 -174 -73 -31 -20 -5 5 -5 -11 2 20 31 39 54 75 103 133 147 144 126 88 35 -17 -63 -100 -112 -110 -113 -115 -105 -84 -62 -32 24 92 138 151 144 136 135 139 150 168 188 205 213 213 219 223 192 131 73 34 15 10 7 20 61 64 -41 -225 -373 -395 -292 -139 -31 9 12 7 12 19 19 20 21 19 18 20 24 28 34 50 102 189 230 156 7 -106 -121 -67 2 45 58 58 54 49 45 41 30 22 25 18 -3 -8 5 1 -27 -47 -44 -37 -42 -53 -66 -71 -64 -65 -63 -51 -50 -39 -11 12 8 -64 -135 -110 -46 -15 -8 -6 -8 -8 3 27 56 75 59 39 65 83 75 55 10 -6 7 5 -1 -3 -3 -1 0 0 0 -1 -4 -6 -4 0 4 9 11 7 3 0 -3 -4 -3 -2 -1 2 4 2 -1 1 8 15 14 5 -1 -3 -3 0 2 2 1 -4 -7 1 13 90 194 162 77 66 81 73 36 -8 -48 -91 -127 -167 -236 -309 -375 -447 -513 -570 -626 -673 -713 -745 -752 -752 -745 -698 -651 -654 -669 -662 -650 -647 -653 -671 -702 -734 -757 -768 -765 -760 -764 -755 -698 -603 -504 -405 -309 -230 -167 -106 -46 -11 -10 -20 -31 -54 -87 -111 -126 -140 -139 -111 -64 -24 -2 22 52 67 86 98 37 -52 -100 -100 -62 -37 -38 -41 -40 -36 -36 -46 -65 -85 -92 -76 -47 -21 4 36 51 45 76 106 70 37 25 -1 -26 -18 16 25 17 -12 -80 -147 -188 -188 -134 -55 3 23 24 29 34 19 -2 11 45 60 59 55 66 103 125 113 99 106 140 195 241 
-10 -6 -5 -8 -10 -9 -7 -6 -7 -7 -6 -8 -11 -13 -16 -21 -29 -45 -77 -120 -150 -146 -113 -76 -31 35 73 35 -38 -54 -36 -45 -10 25 -37 -79 -38 -9 6 50 77 54 21 10 9 10 6 3 15 19 9 3 4 7 9 15 24 29 30 28 22 15 11 4 -6 -8 -2 8 17 18 11 4 1 -1 2 10 12 6 2 7 12 7 3 6 7 5 7 12 14 13 10 22 60 122 184 175 102 40 14 16 11 -11 -22 -22 -31 -46 -54 -62 -76 -89 -95 -95 -86 -70 -55 -41 -24 -3 14 15 7 16 42 61 58 41 33 30 12 -10 -9 21 51 53 37 25 19 9 0 4 16 20 9 -1 -1 -10 -29 -47 -69 -96 -122 -137 -139 -139 -139 -139 -139 -123 -81 -2 95 142 115 48 -3 -7 8 12 8 3 -3 -5 -2 1 4 5 2 1 6 12 11 6 6 23 67 152 296 449 497 372 124 -80 -122 -77 -58 -71 -71 -40 -10 1 10 15 11 3 -6 -10 -7 3 21 48 83 114 131 134 126 102 66 43 35 35 47 68 90 113 140 162 174 174 160 143 134 129 124 126 137 150 158 156 145 132 112 75 35 15 16 22 21 13 22 71 129 131 35 -132 -281 -313 -212 -80 -3 15 9 11 17 21 28 28 22 21 24 28 31 41 52 68 132 211 204 90 -51 -120 -86 -8 47 67 66 58 48 40 38 31 27 45 58 36 12 12 1 -42 -88 -103 -85 -59 -50 -54 -59 -70 -73 -64 -57 -59 -87 -122 -138 -119 -67 -39 -36 -28 -27 -24 -12 -6 -7 -4 14 42 59 64 50 25 21 -20 -89 -68 -11 -6 -9 -4 -4 -3 -1 0 0 0 -1 -3 -3 -1 -2 -3 5 14 13 8 4 0 -3 -3 -1 0 1 2 -1 -7 -8 -1 7 11 11 8 4 1 0 0 -1 -1 0 -1 -1 27 132 216 144 24 -35 -68 -96 -115 -140 -199 -285 -382 -482 -568 -636 -673 -686 -687 -646 -572 -507 -449 -357 -224 -96 10 53 -27 -151 -203 -193 -182 -188 -198 -214 -243 -280 -320 -359 -410 -470 -508 -535 -596 -665 -684 -682 -691 -688 -648 -564 -457 -345 -237 -162 -136 -131 -128 -143 -156 -134 -100 -69 -28 12 28 31 47 64 80 128 161 109 29 -32 -69 -58 -40 -36 -23 -7 -4 -21 -45 -62 -67 -58 -42 -31 -25 -14 -2 -11 -14 9 1 -25 -35 -33 -3 26 46 81 95 71 31 -37 -121 -161 -135 -92 -67 -45 -26 -29 -45 -47 -34 -16 16 57 82 99 108 94 75 62 67 97 124 128 120 
-3 -1 -1 -5 -11 -14 -12 -9 -9 -10 -11 -14 -16 -16 -16 -27 -56 -96 -152 -216 -250 -229 -170 -103 -16 74 77 51 99 113 77 102 112 -12 -159 -147 -44 -4 6 40 52 29 12 13 17 20 17 2 -10 -6 6 13 13 12 12 16 26 35 36 26 10 -2 -5 -3 -3 -1 7 17 25 26 19 10 2 -4 -3 2 1 -6 -10 -5 1 -1 -2 2 2 -1 2 13 31 55 88 145 208 232 185 62 -52 -88 -82 -59 -31 -24 -46 -83 -113 -125 -125 -126 -129 -121 -97 -70 -44 -14 15 35 50 70 93 100 74 30 7 15 12 -29 -78 -101 -105 -105 -84 -39 -4 4 -3 -5 3 7 4 0 -2 -2 -3 -14 -40 -69 -96 -120 -136 -146 -152 -154 -153 -148 -136 -118 -90 -35 49 124 137 85 31 13 8 0 0 6 6 5 6 5 4 3 0 -3 0 10 15 8 1 1 0 1 11 41 110 221 377 530 564 429 233 94 -6 -84 -116 -96 -38 7 16 15 18 22 22 15 5 -2 -3 2 14 35 64 96 125 146 154 149 143 146 155 162 162 150 122 84 50 33 32 31 18 8 13 16 14 16 20 24 25 20 14 13 15 15 12 8 3 5 14 30 93 201 252 155 -49 -220 -247 -149 -47 -3 8 14 19 22 26 24 18 17 20 24 26 24 19 32 95 183 223 165 23 -100 -113 -52 4 32 42 44 41 35 35 35 28 41 78 87 50 11 -8 -37 -103 -169 -169 -107 -55 -36 -29 -37 -43 -58 -98 -137 -199 -276 -279 -173 -28 53 41 3 -13 -19 -17 -6 0 0 5 14 16 16 15 -2 -33 -99 -146 -85 -13 -4 -6 -3 -1 0 0 0 0 1 1 -2 -3 -2 -5 -6 3 12 12 8 4 0 -2 -1 1 0 -3 -3 -3 -6 -8 -5 1 7 10 8 5 3 1 -1 -4 -4 0 1 -3 50 132 82 -46 -127 -182 -222 -256 -315 -413 -526 -611 -655 -650 -603 -544 -412 -176 15 70 36 -27 22 287 573 658 640 605 431 184 64 50 57 71 81 75 57 53 55 36 46 204 458 538 390 194 -13 -241 -424 -546 -636 -708 -759 -764 -699 -578 -434 -298 -191 -117 -74 -44 -13 2 -1 -6 -13 -18 -15 9 63 132 192 198 150 85 20 -16 -15 4 27 41 34 8 -22 -43 -53 -59 -62 -61 -58 -51 -23 20 20 -18 -48 -61 -45 -30 -22 17 71 103 99 81 40 -21 -50 -82 -151 -202 -195 -150 -103 -65 -40 -21 -3 4 33 92 114 95 65 28 12 10 4 3 -2 -18 -32 
2 -4 -6 -2 -5 -10 -9 -7 -6 -8 -10 -8 -8 -14 -20 -36 -89 -171 -234 -246 -202 -140 -100 -37 60 102 86 102 135 133 158 187 96 -69 -139 -82 -23 2 35 51 30 6 3 3 3 11 18 14 -1 -9 -5 -3 -4 1 10 11 9 16 16 -2 -17 -16 -10 -5 2 7 6 1 -1 3 5 1 -4 -11 -22 -28 -25 -21 -17 -11 -9 -4 9 18 21 16 14 39 99 206 337 417 408 307 140 -43 -204 -262 -198 -115 -67 -53 -74 -113 -151 -153 -116 -77 -44 -23 -6 11 8 2 9 8 -4 3 36 56 39 -16 -66 -60 -50 -75 -95 -86 -56 -12 24 19 -1 0 8 7 1 2 8 5 -8 -26 -49 -83 -117 -127 -119 -105 -78 -37 3 27 35 37 42 57 85 118 141 127 72 17 -6 3 16 10 -2 -3 2 6 10 12 12 10 5 0 -3 -2 1 1 0 0 -1 1 4 3 20 72 149 250 360 386 262 94 -3 -50 -81 -81 -43 -5 4 6 13 15 16 20 18 11 8 6 -1 -7 -1 18 40 60 76 82 85 88 83 71 58 45 29 14 4 -2 -6 -10 -12 -8 1 8 13 18 18 16 20 27 30 27 21 14 6 3 11 20 15 7 38 140 257 259 102 -116 -245 -203 -83 -11 11 15 13 12 11 10 12 16 18 18 20 21 22 27 48 116 204 225 148 33 -42 -46 -7 23 33 37 42 51 52 46 43 44 69 106 94 39 3 -17 -64 -135 -190 -206 -190 -160 -134 -120 -128 -163 -222 -306 -383 -402 -308 -89 120 169 95 22 -11 -22 -21 -12 -2 2 -1 -5 -4 -12 -22 -23 -50 -116 -138 -67 -3 8 6 3 1 -1 -1 1 0 -2 -1 0 1 1 -2 -4 -3 5 15 11 1 -1 0 -1 -2 0 2 1 3 3 -3 -10 15 103 153 92 22 6 5 0 -1 -1 -1 1 39 161 202 22 -156 -212 -271 -372 -468 -542 -593 -580 -514 -429 -320 -217 -35 334 669 699 578 509 342 150 237 375 239 24 -56 -20 47 68 56 65 99 113 87 62 64 60 38 122 407 627 514 305 332 466 380 129 40 118 66 -172 -415 -587 -696 -720 -655 -531 -354 -169 -52 -9 -18 -37 -41 -50 -53 -37 -9 35 90 159 214 188 139 108 40 -10 -17 -24 -32 -28 -6 -1 -10 8 29 18 -14 -39 -39 -11 43 86 73 12 -58 -87 -73 -64 -63 -40 3 35 51 71 94 76 -17 -140 -212 -201 -151 -101 -47 -1 26 36 30 32 58 77 45 -12 -41 -48 -48 -46 -42 -39 -35 -21 
-21 -16 -12 -5 -1 -3 -3 -5 -7 -1 -1 -9 -7 -2 -13 -49 -122 -209 -233 -160 -45 27 43 59 73 60 59 65 57 102 146 74 -52 -127 -100 -26 0 9 43 58 33 14 16 13 7 5 5 10 14 13 10 3 -6 -7 1 4 -4 -19 -36 -42 -30 -13 -7 -7 -2 2 0 -5 -10 -11 -9 -4 5 5 -12 -31 -38 -35 -28 -24 -18 11 48 56 43 43 83 190 338 454 511 498 420 293 119 -45 -184 -296 -298 -214 -140 -105 -89 -59 -22 17 59 92 113 100 53 5 -33 -65 -97 -127 -137 -113 -68 -30 -14 -28 -49 -31 14 45 58 78 116 151 148 92 30 6 5 6 3 2 9 6 -27 -79 -127 -148 -124 -70 -7 55 105 140 162 173 176 173 164 155 151 139 105 55 15 3 2 -1 0 4 6 5 4 3 3 7 11 12 11 10 9 4 -1 0 2 0 -3 -6 -4 1 1 16 54 94 124 130 81 1 -40 -39 -21 -11 -34 -44 -16 1 1 4 6 4 2 3 5 7 5 -1 -3 1 5 5 5 7 7 4 -2 -8 -7 -2 4 14 20 15 4 -3 1 8 9 11 19 25 23 17 15 17 16 13 13 15 15 13 14 17 21 24 27 71 178 257 190 -11 -202 -244 -149 -43 6 12 9 11 9 8 12 15 15 14 17 25 34 30 23 66 167 264 301 248 127 25 -7 6 31 47 49 51 49 43 44 44 59 101 128 106 59 20 -15 -59 -124 -205 -264 -287 -298 -310 -334 -366 -399 -439 -439 -342 -149 90 248 216 88 6 -20 -22 -21 -20 -14 -8 -7 -8 -5 4 1 -29 -67 -111 -112 -41 5 5 2 1 3 4 5 5 2 -1 -1 2 3 1 0 -1 -2 3 10 7 0 0 2 1 -1 -1 2 2 3 8 1 -15 31 211 372 307 126 23 4 5 4 1 9 31 68 107 28 -171 -342 -455 -541 -589 -547 -421 -304 -214 -76 113 187 109 193 452 418 55 -114 108 273 88 -130 -123 -42 -38 -114 -152 -64 30 68 77 50 13 9 30 44 61 59 37 54 9 -158 -297 -259 23 240 203 324 589 591 456 399 260 -39 -316 -480 -574 -624 -605 -504 -371 -239 -151 -121 -96 -61 -23 12 40 74 112 141 135 91 49 11 -47 -96 -107 -89 -49 -1 48 84 85 64 42 23 8 5 17 37 66 85 63 4 -59 -83 -86 -115 -134 -96 -34 23 108 195 202 138 60 5 -6 7 14 9 -4 -15 -14 -6 -7 -11 5 8 -31 -65 -72 -57 -21 5 15 23 23 
-27 -11 -10 -16 -13 -13 -15 -15 -15 -8 -5 -14 -16 -9 -16 -33 -53 -63 -20 48 84 105 112 76 27 -4 -47 -81 -25 58 25 -94 -193 -211 -131 -40 -1 15 33 40 25 17 23 28 28 20 9 -1 -4 7 21 24 16 7 4 5 -3 -28 -45 -34 -12 0 1 3 7 6 7 13 11 -1 -8 -6 -2 4 7 -1 -14 -21 -21 -16 -4 8 21 62 151 275 388 433 420 385 325 272 249 226 141 12 -68 -125 -190 -209 -165 -96 -40 7 66 113 123 119 113 87 16 -91 -160 -159 -145 -132 -96 -57 -34 -15 -4 4 18 40 97 159 174 163 161 154 126 89 53 26 13 10 9 2 -17 -58 -116 -149 -128 -60 22 82 123 150 155 143 127 112 99 94 90 78 60 39 19 9 10 12 11 9 7 5 4 4 4 4 5 6 6 7 8 7 6 6 5 3 1 0 1 3 4 3 2 4 12 28 47 43 -8 -96 -159 -138 -92 -113 -167 -159 -96 -44 -17 -1 7 4 6 15 14 6 0 2 9 10 6 2 -2 -4 -5 -6 -5 -3 -1 0 3 8 8 5 7 12 10 6 9 12 12 12 13 15 16 13 8 8 10 10 11 13 14 13 16 20 20 41 122 238 261 123 -91 -239 -225 -109 -21 4 4 7 10 11 13 15 16 16 16 20 25 25 30 52 119 238 338 337 230 89 -4 -16 16 40 40 33 38 46 45 41 49 79 127 157 138 90 39 -3 -39 -88 -152 -215 -270 -319 -355 -374 -371 -322 -221 -70 126 293 321 200 56 -13 -23 -21 -25 -28 -26 -19 -8 1 3 -2 -17 -35 -44 -18 32 31 -3 -11 -8 -6 -1 3 2 -2 -2 2 3 1 -1 -2 -1 1 3 0 -6 -5 -1 1 2 2 3 1 -1 1 -1 2 2 -9 14 132 336 451 329 112 9 1 1 17 35 28 0 -113 -315 -491 -589 -600 -488 -233 112 404 432 202 97 317 489 313 104 25 -219 -497 -474 -214 111 168 -116 -157 115 213 161 140 111 68 62 81 62 25 25 35 33 44 84 76 -159 -395 -230 69 15 -242 -264 4 317 367 153 29 145 295 247 63 -55 -102 -218 -422 -593 -666 -628 -509 -357 -197 -82 -33 -23 -14 2 3 23 73 51 -35 -82 -112 -128 -101 -47 8 42 86 118 82 17 -23 -33 -29 -23 -20 -18 0 39 74 71 20 -48 -73 -56 -69 -100 -74 7 82 127 159 175 166 151 143 127 86 30 -20 -60 -80 -70 -50 -36 -12 24 28 -2 -19 -10 15 28 36 44 27 
-23 -6 -4 -12 -12 -14 -17 -9 -6 -17 -14 -1 -10 -25 -19 8 65 136 160 125 63 7 -3 25 22 -47 -119 -106 -33 -34 -120 -205 -264 -227 -99 -14 13 41 61 49 20 5 5 8 13 18 19 10 -3 -3 7 13 14 13 10 4 -4 -5 4 10 4 -3 3 17 23 17 11 9 2 -10 -16 -18 -23 -22 -15 -12 -13 -17 -22 -22 -25 -41 -22 109 335 529 585 500 348 205 101 51 53 88 125 121 103 112 90 7 -72 -88 -43 14 54 66 47 23 4 -18 -60 -131 -167 -116 -28 41 69 50 15 0 -9 -29 -31 5 56 95 112 95 65 57 54 36 10 -16 -35 -45 -51 -67 -103 -144 -151 -93 12 110 157 150 116 73 34 13 10 8 -1 -4 0 3 3 0 -4 -2 7 12 11 8 5 4 4 4 3 2 3 4 4 4 4 6 9 9 8 7 5 4 5 6 5 4 3 1 1 6 15 24 19 -55 -181 -219 -174 -202 -286 -295 -217 -109 -38 -24 -20 -6 7 12 8 -1 -7 -5 0 1 -2 -6 -12 -17 -13 -2 6 0 -23 -38 -25 -4 6 7 7 11 13 9 6 7 8 8 8 9 11 11 10 11 11 10 12 16 18 13 6 6 11 21 67 181 280 229 23 -193 -255 -165 -57 -7 2 3 5 8 12 16 19 19 17 18 19 18 19 22 54 131 194 192 130 33 -37 -37 0 32 50 55 52 52 52 42 32 45 83 133 172 171 136 91 48 8 -28 -59 -91 -122 -141 -136 -95 -7 114 237 334 353 259 113 16 -15 -24 -29 -30 -30 -28 -21 -10 -1 2 -2 -10 -2 38 159 285 214 51 -4 3 3 -2 -5 -9 -11 -5 2 3 1 0 1 3 4 3 -2 -8 -8 -4 0 2 1 1 1 1 3 -2 -10 -8 -4 -32 -75 10 217 275 134 20 5 17 19 7 -4 -31 -124 -248 -323 -314 -120 271 607 733 688 487 217 -4 -45 199 337 38 -236 -162 -16 -4 -1 219 387 99 -190 -96 9 107 383 507 297 65 22 67 81 62 55 53 3 22 215 213 -101 -202 117 445 273 -78 40 231 73 -48 -73 -247 -327 -163 -2 192 475 553 353 62 -229 -479 -625 -647 -565 -420 -280 -187 -143 -120 -73 -1 33 -1 -68 -127 -133 -99 -67 -29 10 43 60 47 16 -21 -48 -53 -51 -61 -70 -63 -43 -2 54 90 84 53 37 36 10 -34 -46 -18 17 52 83 102 127 151 150 124 77 16 -29 -50 -62 -53 -30 -8 27 69 87 55 7 -6 -5 0 5 -9 -20 
-79 -45 -15 -6 -7 -9 -9 -4 -6 -21 -22 -12 -17 -17 7 46 111 164 120 17 -79 -156 -142 -60 -45 -74 -54 -29 -62 -116 -134 -144 -170 -131 -34 16 31 62 80 61 32 11 -4 -12 -13 -9 -4 7 21 21 13 9 8 6 0 -6 -5 5 15 12 -3 -13 -6 9 15 9 1 -5 -12 -19 -21 -17 -16 -23 -27 -19 -7 0 5 6 12 48 121 224 324 377 368 323 251 148 60 0 -41 -45 9 119 225 275 260 183 75 -9 -33 -19 -12 -25 -45 -56 -58 -48 -26 -10 -2 14 48 84 84 39 -13 -51 -102 -175 -194 -119 -41 -9 -4 -23 -46 -54 -61 -80 -101 -116 -125 -130 -136 -142 -135 -92 -5 90 145 139 95 55 26 5 -3 -1 5 7 5 4 3 2 4 8 12 12 7 4 5 5 2 1 3 4 3 1 0 1 2 2 3 6 9 9 8 8 8 8 8 9 12 16 17 13 7 3 3 14 47 86 77 0 -57 -48 -84 -177 -189 -111 -44 -22 -15 -6 -5 -10 -14 -17 -17 -16 -15 -12 -9 -8 -8 -8 -7 -5 -9 -25 -46 -54 -40 -16 2 7 5 6 10 10 6 5 7 8 8 8 8 7 7 9 9 7 7 10 12 14 13 8 12 16 25 98 232 281 141 -88 -232 -216 -110 -26 4 7 5 5 8 11 13 14 13 12 11 13 18 17 23 52 77 56 -18 -110 -161 -135 -58 17 56 52 32 29 37 37 30 30 43 75 126 169 188 184 162 134 111 94 83 84 97 131 196 277 345 379 352 242 99 7 -20 -25 -30 -30 -27 -26 -24 -18 -10 -5 -4 0 7 24 85 222 395 398 189 36 11 8 5 4 3 2 4 5 2 0 0 1 3 3 1 -3 -8 -8 -4 -1 0 0 1 3 1 -2 0 -4 -7 1 -50 -206 -341 -323 -187 -51 9 12 7 -1 -5 10 18 10 -3 -26 -22 145 415 443 226 -15 -163 -104 -64 -276 -273 140 163 -242 -152 318 435 278 265 336 135 -230 -256 -2 136 186 215 129 -7 -75 -50 19 59 62 38 -9 -76 -133 -24 168 188 197 375 391 189 189 177 -86 -102 103 -6 -252 -224 53 409 577 440 292 335 352 138 -172 -413 -583 -672 -642 -499 -325 -199 -120 -60 -22 -10 -20 -48 -59 -61 -70 -58 -35 -25 -28 -29 -26 -28 -22 2 20 6 -27 -48 -38 7 72 127 152 150 117 73 61 52 8 -47 -69 -36 33 100 135 129 94 64 57 50 30 9 0 8 20 25 31 41 56 46 -8 -54 -72 -68 -56 -51 -38 
-115 -74 -28 -13 -21 -25 -27 -38 -51 -60 -69 -78 -68 -31 -3 4 -2 -22 -45 -93 -144 -116 -57 -58 -52 27 97 67 -21 -52 -18 -10 -42 -48 -19 4 20 44 58 46 25 9 -3 -10 -11 -9 -8 0 13 12 2 -2 -1 -1 -4 -2 5 2 -10 -15 -9 0 4 2 -1 -4 -10 -17 -19 -17 -16 -17 -21 -23 -11 11 27 41 66 109 203 347 434 379 235 128 109 122 117 105 96 69 43 50 101 184 253 282 253 189 152 134 90 35 0 -25 -44 -56 -62 -50 -12 53 88 37 -34 -63 -75 -95 -124 -161 -220 -295 -313 -242 -156 -111 -109 -124 -133 -141 -153 -163 -158 -136 -110 -91 -75 -47 3 75 147 173 134 67 18 -3 -7 2 16 21 15 13 21 23 16 9 5 4 5 5 2 1 3 3 1 0 1 2 2 2 1 0 1 3 4 4 4 4 4 5 7 8 8 8 9 12 15 15 12 9 9 25 73 174 294 303 193 130 168 172 86 9 -9 3 6 -16 -42 -55 -58 -55 -50 -47 -43 -35 -27 -17 0 13 8 -19 -55 -73 -62 -38 -20 -9 1 6 4 2 6 12 13 12 12 12 12 12 12 10 6 5 6 5 5 7 7 12 16 8 10 21 26 58 157 266 246 54 -176 -263 -180 -59 -4 0 1 5 8 11 11 9 8 8 9 13 19 22 26 42 65 51 -38 -164 -248 -234 -134 -23 30 33 36 45 52 56 51 42 39 40 47 77 126 173 209 232 242 243 248 268 296 324 351 363 343 281 178 70 3 -17 -26 -39 -36 -25 -24 -24 -20 -17 -16 -15 -12 -5 14 35 67 144 287 417 331 103 -6 -10 -3 6 11 9 2 -3 -4 -3 0 3 4 3 0 -5 -9 -7 -2 0 0 0 0 2 -1 -6 5 14 4 -3 -28 -164 -399 -528 -402 -153 -12 6 8 33 64 77 145 329 493 507 370 66 -307 -575 -620 -375 -70 38 31 -105 -325 -115 263 6 -385 -170 251 305 52 -124 -116 -232 -480 -560 -569 -643 -582 -309 -90 -85 -131 -98 -54 -55 -64 -39 -62 -282 -481 -347 -66 17 -138 -238 -131 -54 -113 -148 -93 18 116 87 75 294 431 187 -118 -156 115 462 461 182 -10 -124 -292 -492 -621 -604 -467 -305 -184 -93 -23 19 48 46 -3 -70 -117 -119 -103 -84 -38 33 90 97 65 32 16 7 1 4 18 42 68 84 83 77 80 87 86 59 6 -38 -52 -17 62 116 101 30 -37 -38 14 57 66 55 29 -2 -27 -45 -49 -25 10 -3 -56 -80 -77 -57 -14 13 
-95 -73 -45 -44 -61 -62 -57 -71 -95 -116 -132 -135 -115 -80 -65 -89 -120 -125 -114 -95 -62 -28 -29 -32 48 145 141 87 65 56 32 -8 -40 -37 -21 -10 7 31 38 17 2 4 8 13 18 19 15 4 -10 -15 -12 -7 -1 4 8 12 13 5 -8 -9 9 28 28 14 5 6 4 -5 -8 -4 -7 -18 -25 -19 0 21 40 79 154 280 444 554 532 371 149 -3 -37 -6 43 87 104 107 123 158 207 241 233 197 159 138 131 118 100 87 70 46 24 -3 -26 -30 -14 28 45 -11 -85 -129 -148 -153 -170 -209 -247 -252 -251 -290 -313 -286 -244 -188 -135 -110 -94 -68 -31 10 42 64 88 117 144 155 135 90 46 22 14 8 2 1 4 6 6 7 8 7 5 4 4 4 4 3 2 4 6 5 4 4 4 3 2 3 4 4 4 4 4 2 -2 -4 -3 0 3 5 7 5 -1 -3 -1 -1 -2 -1 2 15 50 107 171 224 217 152 162 238 210 79 -24 -57 -67 -81 -92 -99 -101 -98 -96 -96 -96 -93 -85 -72 -55 -43 -44 -57 -67 -52 -14 19 26 14 5 7 9 6 7 13 16 15 13 12 12 11 9 8 8 8 7 5 5 7 6 3 1 2 7 13 21 34 86 198 281 207 -3 -166 -175 -94 -23 3 8 11 12 13 14 13 11 8 7 9 11 15 18 24 50 74 39 -65 -180 -229 -179 -71 20 62 75 76 72 66 58 50 42 34 28 31 46 70 103 141 172 197 223 246 261 259 234 189 136 75 8 -31 -33 -29 -36 -40 -34 -31 -32 -28 -22 -21 -23 -22 -16 -11 2 23 37 69 139 292 396 248 52 -6 -10 -7 -2 -2 -7 -10 -8 -4 1 6 8 6 0 -5 -5 -3 -1 0 0 0 -1 -2 -3 -3 3 10 6 -2 -3 -50 -161 -217 -148 -47 3 43 95 103 59 114 394 669 665 528 443 169 -319 -576 -570 -363 116 375 216 37 -199 -346 -54 113 -212 -494 -495 -499 -615 -561 -244 -100 -318 -523 -527 -483 -423 -281 -136 -84 -110 -154 -163 -138 -116 -88 -38 -50 -217 -435 -547 -632 -737 -598 -281 -305 -517 -359 -32 141 211 161 232 435 224 -184 -103 240 360 355 294 139 127 328 372 86 -258 -489 -595 -552 -419 -272 -142 -42 30 58 39 -11 -78 -107 -81 -34 18 70 114 120 69 -5 -53 -59 -46 -46 -56 -53 -25 17 45 53 60 86 124 128 84 37 15 17 45 86 97 41 -54 -109 -86 -19 40 55 19 -35 -72 -85 -73 -40 12 54 41 3 -20 -15 15 32 
-133 -130 -123 -130 -143 -131 -106 -88 -85 -111 -131 -118 -103 -101 -101 -99 -96 -89 -51 36 86 43 22 74 100 60 10 0 11 2 -45 -110 -114 -46 4 10 18 43 44 14 5 16 25 33 34 25 10 -1 -1 8 17 18 13 10 13 9 -2 3 15 18 22 28 27 21 21 28 28 18 10 5 -5 -16 -21 -21 -12 14 71 183 342 470 482 394 301 223 95 -49 -94 -53 -2 34 51 79 109 122 135 136 116 82 57 61 75 81 91 99 84 68 63 51 48 61 76 92 94 79 56 20 -12 -21 -32 -75 -110 -63 -46 -191 -341 -354 -268 -133 -14 47 84 121 148 158 151 145 144 130 110 90 56 17 -1 1 5 7 7 4 2 4 8 8 4 4 7 8 7 4 0 -2 0 3 4 4 4 4 5 6 5 5 7 8 7 5 5 4 -1 -4 -4 -4 -3 0 3 3 2 2 0 -4 -7 -6 -1 2 3 19 51 73 61 29 24 57 65 -8 -107 -165 -173 -141 -110 -104 -104 -101 -101 -106 -115 -121 -119 -120 -131 -136 -121 -82 -25 30 67 76 56 26 7 5 9 8 6 7 8 7 5 4 4 3 1 1 4 7 7 4 2 3 3 -4 -7 9 16 3 4 16 45 137 284 379 311 126 -34 -89 -48 5 16 13 14 13 12 12 11 7 4 6 10 16 18 17 37 96 149 120 12 -111 -173 -130 -28 46 63 57 52 48 46 47 48 43 35 35 35 23 8 5 14 30 47 54 55 50 25 -12 -33 -29 -23 -33 -46 -52 -45 -25 -23 -37 -36 -27 -22 -20 -20 -18 -13 -6 -9 -10 8 20 46 160 345 361 161 28 4 -8 -8 -4 0 1 -1 -1 1 4 6 4 0 -3 -3 -1 0 0 0 -1 -2 -3 0 5 -4 -10 3 10 4 3 5 0 6 32 70 102 87 20 -39 92 361 292 -121 -305 -64 235 272 142 -70 -343 -252 211 362 189 43 -210 -356 -97 100 -85 -388 -584 -605 -418 -152 -26 -27 -29 -17 -16 -34 -62 -73 -53 -41 -67 -86 -80 -69 -56 -40 -14 -3 -45 -161 -327 -404 -276 -112 -198 -443 -518 -438 -341 -204 -56 94 110 -208 -508 -256 232 215 -176 -293 -24 376 649 576 263 72 24 -144 -418 -575 -535 -363 -173 -58 -11 19 46 43 15 8 14 16 21 30 26 -12 -55 -55 -37 -46 -61 -66 -59 -26 26 69 82 77 87 116 127 102 65 33 9 -3 -5 6 16 -4 -46 -71 -58 -18 21 30 11 -11 -25 -25 -12 19 81 111 62 12 -9 -28 -30 
-126 -166 -187 -179 -164 -138 -95 -46 -16 -6 4 7 -14 -62 -104 -113 -103 -48 64 119 68 27 42 28 -52 -129 -143 -124 -122 -139 -182 -207 -133 -26 17 23 36 46 34 21 19 19 24 24 18 11 7 16 24 21 17 15 15 18 17 8 0 2 12 21 21 15 15 19 20 23 31 39 32 8 -6 1 11 20 37 88 216 376 456 407 274 155 105 108 92 9 -69 -66 -26 -10 -2 15 29 41 53 45 21 10 8 10 23 44 57 54 56 65 68 75 88 98 109 130 158 186 202 195 176 161 157 163 161 143 110 22 -88 -101 -17 53 72 83 104 120 114 91 72 61 48 32 17 6 1 -1 -2 -1 1 4 6 5 3 0 -3 -4 -4 -3 0 3 3 0 -4 -4 0 1 0 0 0 1 3 5 6 3 -1 1 7 9 5 1 0 0 0 0 0 1 3 3 1 -2 -6 -8 -7 -4 0 3 6 14 33 54 59 50 39 29 8 -42 -116 -176 -188 -155 -103 -63 -45 -38 -35 -34 -35 -49 -91 -146 -190 -204 -164 -76 19 78 87 65 37 16 3 -1 4 9 8 6 6 4 2 4 7 6 1 1 7 10 11 12 10 6 5 5 5 8 7 5 8 12 28 85 213 377 455 365 172 15 -34 -10 10 8 11 14 9 10 17 17 12 12 15 18 22 24 29 67 161 234 166 -6 -135 -158 -92 -3 37 40 39 37 39 45 44 38 34 29 29 28 12 -9 -22 -27 -28 -32 -37 -41 -40 -31 -33 -34 -21 -21 -36 -40 -28 -20 -22 -21 -15 -13 -15 -16 -15 -13 -12 -12 -16 -17 -12 -16 2 61 197 342 267 79 9 5 -4 -8 -2 0 0 1 -2 -5 -3 1 -1 -7 -9 -4 1 0 -2 -1 0 -1 2 5 2 -1 -4 1 4 -2 0 5 23 68 98 132 203 172 34 -49 -100 -181 -126 137 316 350 465 507 269 -106 -381 -259 83 200 186 54 -197 -216 -48 18 -13 -56 -84 -84 -64 -45 -30 -26 -32 -32 -23 -8 -3 -12 -16 -13 -19 -33 -33 -24 -22 -20 -18 -9 4 7 2 -8 -10 -15 -62 -166 -319 -465 -433 -227 -226 -495 -591 -433 -261 -160 -310 -578 -410 180 551 353 -15 3 359 617 546 226 -154 -442 -545 -458 -270 -99 -9 42 83 80 41 -9 -47 -53 -37 -14 3 11 23 38 32 -4 -39 -36 3 49 87 91 56 16 -9 14 55 42 -9 -52 -74 -72 -50 -14 39 63 24 -18 -24 -10 18 49 60 48 33 20 1 0 19 9 -28 -55 -68 -70 
10 -42 -67 -37 -1 10 22 42 62 103 133 114 56 -42 -141 -200 -173 -36 66 49 27 33 -20 -119 -185 -212 -212 -185 -153 -152 -185 -171 -77 -6 4 15 43 51 34 23 16 9 8 5 1 2 12 30 34 13 -4 3 20 27 14 1 5 7 8 17 21 18 18 21 20 14 7 9 20 27 29 44 68 93 163 297 422 432 318 189 108 51 14 18 47 36 -26 -55 -38 -25 -13 -6 -6 -2 -2 -2 1 0 1 5 -2 -12 -12 -10 -2 11 22 44 66 77 92 113 133 153 170 182 193 202 218 255 278 210 115 125 187 194 143 66 4 -13 -3 6 2 -7 -5 -3 -10 -9 -5 -10 -12 -6 -1 0 0 0 0 0 -1 -3 -3 -1 0 0 0 1 3 4 4 4 3 1 0 0 0 1 2 2 2 0 -3 -2 3 6 4 2 3 4 5 7 7 5 4 3 0 -4 -6 -5 -2 1 2 0 -5 -11 -8 22 84 135 121 61 11 -15 -36 -57 -79 -100 -97 -64 -31 -16 -2 10 -1 -37 -79 -113 -135 -128 -87 -30 21 45 35 13 4 3 1 0 3 9 10 7 5 2 0 1 4 7 7 8 11 10 10 14 14 9 7 10 10 2 -3 5 10 7 12 37 92 177 269 298 222 97 3 -19 0 9 8 6 5 11 18 19 17 15 13 13 16 18 16 24 92 207 232 103 -79 -180 -144 -39 31 48 44 40 44 47 39 36 40 29 17 19 23 23 20 6 -18 -32 -35 -38 -29 -10 -11 -28 -36 -32 -29 -27 -23 -27 -25 -11 -6 -10 -15 -18 -17 -16 -16 -18 -14 -6 -12 -19 -11 6 68 232 318 171 20 -9 -4 1 0 -2 -1 -1 -5 -9 -6 -1 -4 -9 -8 -3 1 0 -2 0 2 3 2 1 4 11 14 0 -3 8 18 63 104 96 177 437 680 604 250 -144 -451 -359 109 353 161 0 227 515 457 230 -33 -332 -324 -107 -59 -94 -126 -183 -174 -86 -19 -5 -13 -15 -11 -4 1 -5 -10 -9 -9 -12 -12 -10 -10 -7 -3 -3 -12 -17 -10 -7 -6 -8 -14 -18 -21 -16 -6 1 10 16 3 -50 -84 -66 -196 -441 -393 -124 -118 -308 -354 -218 147 494 310 -229 -340 182 611 515 304 333 368 133 -243 -493 -505 -332 -135 -46 -12 12 0 -21 -45 -59 -34 16 78 129 114 48 7 -2 -1 6 10 12 25 24 -19 -66 -82 -57 -1 27 8 -25 -45 -27 7 36 73 99 91 47 -18 -65 -65 -23 24 40 27 -1 -42 -78 -65 -19 -18 -51 -57 -47 
120 118 118 133 149 132 94 74 79 84 64 20 -44 -128 -202 -203 -120 -49 -36 15 110 98 -28 -117 -124 -99 -69 -45 -38 -50 -61 -48 -23 -9 0 19 46 55 34 13 14 15 5 4 4 3 9 9 8 14 22 22 7 -9 -10 -3 2 9 19 26 27 24 20 18 18 16 9 -2 -5 17 62 95 125 220 370 462 407 260 131 42 -15 -34 -28 -19 -14 -5 11 15 2 -4 -1 0 -1 -3 -5 -4 1 4 3 1 -1 -3 -3 -2 -4 -6 -2 6 14 25 39 51 63 78 89 92 95 108 130 158 186 156 77 108 237 256 150 52 6 -6 -4 -2 -1 2 3 1 0 -1 -2 -1 0 0 -1 -2 -1 0 1 2 1 1 2 3 6 7 4 0 -2 -1 1 2 1 0 0 0 0 0 1 2 1 1 3 3 1 1 3 4 4 5 6 5 4 4 4 6 9 9 7 5 4 5 6 0 -6 0 5 16 64 119 111 36 -29 -21 35 76 65 6 -66 -110 -105 -67 -44 -62 -93 -101 -77 -35 12 43 36 2 -22 -19 -10 -7 -2 3 4 4 5 7 7 4 0 -3 -5 -7 -6 1 10 12 7 4 5 7 8 7 6 7 8 7 5 4 4 4 4 17 39 51 72 100 96 52 -8 -41 -22 9 9 -1 6 15 14 14 18 19 17 16 15 13 12 21 58 147 248 213 7 -176 -196 -104 -5 38 40 42 48 45 41 42 40 39 40 40 38 30 16 4 -5 -15 -21 -23 -28 -34 -31 -29 -36 -38 -36 -37 -37 -31 -21 -15 -16 -18 -17 -16 -17 -19 -19 -15 -10 -8 -7 -6 -11 -11 17 125 290 286 108 9 7 7 -5 -11 -6 -4 -4 -4 -4 -4 -5 -5 -2 0 0 0 0 0 0 3 3 -1 -1 -2 -1 -1 -2 28 93 119 90 199 488 611 414 191 126 9 -306 -545 -513 -388 -206 84 247 206 184 200 106 -134 -306 -262 -185 -151 -108 -71 -47 -33 -23 -21 -21 -12 -9 -5 4 -2 -6 2 3 0 0 0 0 0 -1 -1 2 4 3 1 -1 -3 -4 -6 -10 -12 -13 -15 -16 -16 -16 -9 2 0 -28 -65 -51 -20 -170 -415 -365 -65 183 160 -222 -376 105 496 279 -116 -292 -190 113 274 107 -167 -393 -504 -422 -248 -140 -115 -113 -90 -50 -18 9 44 84 100 63 0 -39 -49 -54 -65 -75 -69 -46 -13 -5 -33 -46 -43 -16 36 49 25 12 7 7 30 43 40 50 40 -6 -58 -90 -81 -36 8 22 11 -10 -34 -38 -4 28 19 3 9 
115 154 162 134 114 96 59 17 -3 -15 -60 -111 -146 -187 -193 -110 -34 -49 -23 89 154 129 80 50 42 65 94 88 51 1 -34 -31 -13 1 17 36 52 44 11 -3 17 26 14 12 11 8 13 8 -2 0 7 7 -3 -11 -5 5 8 12 20 26 26 20 12 3 -4 -3 2 3 5 24 64 121 241 410 471 368 214 94 -9 -107 -144 -121 -114 -133 -112 -33 38 50 29 16 11 4 -3 -8 -12 -11 -5 -2 -1 0 0 1 2 5 9 7 3 -2 -8 -9 -10 -19 -26 -15 9 30 35 31 38 57 82 114 167 230 246 213 174 134 98 74 52 31 17 7 -3 -7 -3 -1 -2 -1 0 0 0 0 0 0 0 0 1 3 3 3 5 4 0 -3 -4 -3 0 2 2 2 1 1 2 1 1 2 1 1 4 6 4 2 2 1 0 0 -1 -2 -1 0 0 2 5 5 3 0 -3 -3 -1 3 10 12 4 1 24 54 37 -19 -44 -10 54 104 114 82 18 -64 -137 -170 -176 -169 -142 -95 -29 46 105 109 57 -14 -62 -59 -24 2 6 5 6 6 7 7 6 5 2 0 0 0 0 1 4 5 3 3 4 4 5 7 8 9 10 9 8 8 8 8 8 14 33 51 42 11 -1 11 -5 -44 -41 -5 10 8 12 15 15 18 20 20 19 17 16 16 15 20 42 103 204 243 125 -68 -180 -159 -68 5 32 39 47 51 52 45 29 30 43 50 49 35 9 0 12 9 -5 -14 -27 -42 -44 -39 -38 -37 -36 -35 -31 -24 -17 -15 -19 -22 -19 -15 -14 -15 -17 -17 -14 -9 -3 3 1 -7 6 73 241 369 254 65 -5 -9 -5 -5 -4 -2 -1 -1 -4 -6 -6 -5 -2 0 0 0 0 1 3 2 1 5 9 -4 -15 5 35 88 126 51 -29 136 336 104 -253 -88 306 291 36 -215 -439 -378 -54 107 -147 -473 -420 -218 -164 -118 -66 -55 -32 -13 -10 -14 -20 -19 -13 -7 -1 3 1 -9 -20 -19 -4 7 4 0 0 -1 -3 -4 -4 -2 1 1 0 -1 -3 -4 -4 -5 -7 -8 -8 -9 -11 -12 -12 -9 -10 -11 2 4 -15 -19 -57 -167 -199 -157 -287 -557 -587 -132 345 156 -330 -315 -93 -219 -353 -218 -51 0 -74 -264 -456 -478 -350 -218 -164 -161 -109 -27 -6 -11 8 5 -27 -41 -36 -24 -15 -24 -45 -56 -45 -3 52 54 6 -25 -25 7 48 54 34 -2 -36 -41 -37 -40 -40 -17 21 28 3 -23 -32 -14 19 43 54 51 29 23 52 62 20 -28 
56 78 74 44 27 25 13 -14 -44 -71 -105 -147 -160 -107 -15 32 22 47 109 106 50 47 83 85 56 22 -3 -27 -66 -110 -116 -67 -14 12 27 39 45 33 14 13 20 20 15 12 10 9 11 12 9 -2 -12 -7 11 27 30 24 19 19 21 22 19 12 4 -4 -12 -17 -13 3 32 79 142 252 386 412 316 195 103 28 -80 -218 -296 -263 -195 -144 -71 25 76 56 16 -3 -8 -11 -11 -8 -5 -4 -5 -7 -7 -4 0 3 4 6 8 7 6 3 -1 -6 -26 -59 -91 -112 -105 -76 -58 -64 -74 -67 -24 93 260 334 258 166 125 99 88 74 45 21 9 3 -1 -1 0 0 0 0 0 0 0 0 0 1 3 4 4 3 1 1 2 0 -3 -4 -4 -3 -1 1 3 4 3 2 2 1 -1 -2 0 4 6 5 3 1 1 2 1 -1 -3 -4 -3 -2 -3 -3 -1 0 0 0 -1 -3 -3 2 5 0 -3 -1 2 4 -4 -19 -22 -7 15 36 61 83 74 16 -96 -225 -282 -221 -106 -16 51 92 87 60 26 -16 -52 -59 -31 -1 6 5 7 8 7 5 4 3 2 5 10 11 8 4 0 -2 -1 0 0 0 1 3 4 5 7 8 8 8 8 8 9 9 21 51 53 13 -6 18 26 -10 -39 -25 1 12 13 10 11 17 20 19 17 15 14 15 15 11 16 58 150 245 233 80 -84 -137 -92 -18 29 38 41 52 61 59 47 39 35 33 42 54 54 43 27 15 10 5 -6 -20 -21 -17 -22 -27 -27 -23 -16 -13 -18 -21 -17 -13 -13 -14 -13 -11 -10 -10 -9 -9 -8 1 10 11 19 65 181 351 370 161 10 4 14 14 6 0 0 0 -1 -4 -7 -6 -2 0 0 1 3 4 4 1 1 8 5 5 16 34 85 106 20 -68 -98 -232 -387 -298 6 324 401 331 459 550 243 -195 -453 -639 -794 -716 -441 -222 -123 -64 -16 -13 -29 -24 -12 -3 -2 -6 -8 -3 0 -6 -3 3 1 7 8 -3 -4 0 -1 -3 -4 -4 -4 -3 -1 0 -1 -3 -3 -1 0 1 3 4 4 3 0 -3 -4 -7 -12 -11 -8 -10 -18 -14 6 -1 -18 -62 -282 -533 -447 -219 -214 -291 -303 -251 -119 -72 -218 -273 -18 331 482 355 29 -322 -489 -397 -208 -128 -144 -140 -106 -85 -79 -50 5 38 43 57 70 48 0 -31 -22 15 66 83 28 -37 -63 -45 19 59 23 -32 -63 -80 -73 -51 -29 2 37 74 94 70 15 -34 -54 -35 19 66 70 51 43 25 -40 -113 
62 17 -16 -16 -8 -9 -18 -34 -80 -139 -146 -123 -80 22 89 71 80 122 96 1 -77 -97 -92 -98 -125 -155 -156 -146 -167 -191 -142 -49 -8 -1 15 28 31 24 27 35 19 6 10 9 7 7 5 2 2 12 17 7 2 15 38 46 32 21 18 12 5 0 -4 -12 -20 -14 5 31 79 179 325 427 393 259 140 82 47 7 -13 -16 -51 -103 -113 -64 15 75 83 46 6 -8 -8 -7 -5 -3 0 1 -1 -2 -2 -1 0 0 1 2 0 -1 2 5 7 -3 -43 -133 -226 -231 -177 -138 -127 -127 -118 -92 -21 110 214 202 127 78 67 63 47 27 10 -2 -5 -1 4 5 2 1 2 1 0 1 3 3 2 3 4 4 3 1 0 0 -1 -3 -3 -2 -2 -1 0 1 3 4 3 1 0 -1 -3 -4 -2 2 3 1 0 0 1 3 4 4 4 3 1 0 0 0 0 1 3 5 7 7 5 3 -4 -12 -6 3 -3 -8 3 9 -3 -13 -14 -14 -6 14 25 4 -43 -102 -147 -132 -52 34 66 44 10 -3 -2 -6 -18 -26 -17 -3 3 4 4 4 3 1 -1 -2 1 7 11 11 7 1 -3 -3 -1 0 0 0 0 0 0 2 6 8 7 5 5 7 8 6 7 22 40 35 12 4 18 14 -20 -34 -13 8 11 7 8 13 17 17 15 13 13 15 16 10 8 34 99 205 283 235 102 -3 -40 -22 12 25 23 30 42 54 68 67 52 42 47 59 61 49 33 28 28 21 10 -1 -7 -10 -14 -18 -18 -13 -11 -16 -26 -29 -18 -9 -9 -11 -14 -15 -12 -7 -1 -4 -14 -12 3 21 42 71 115 235 382 321 113 9 -5 -2 2 0 0 -1 -2 -2 -3 -3 -1 0 0 1 3 3 1 4 4 -9 -15 2 33 72 88 91 198 364 367 7 -497 -482 -54 41 -10 343 704 656 401 72 -276 -475 -423 -220 -59 -5 -7 -22 -36 -35 -18 -7 -3 1 0 -4 -7 -5 -3 -6 -4 1 1 1 -2 -7 -4 0 -1 -2 -1 0 0 -1 -3 -4 -4 -3 -1 0 0 0 0 0 0 0 0 0 0 -3 -6 -7 -16 -21 -13 -13 -20 -14 3 10 -25 -72 -110 -308 -593 -459 28 137 -87 -96 -12 39 298 620 627 447 328 141 -184 -441 -422 -229 -143 -182 -187 -130 -69 -12 57 111 115 74 26 2 0 1 -5 -13 -9 9 0 -50 -80 -72 -30 30 29 -21 -53 -58 -26 14 28 32 38 60 85 79 40 -17 -72 -85 -46 1 29 27 1 -19 -26 -30 
80 23 -13 -10 -11 -33 -67 -121 -178 -213 -220 -139 -9 22 -16 21 87 35 -85 -136 -138 -174 -205 -190 -181 -184 -162 -113 -65 -46 -40 -23 -12 -5 15 35 38 24 18 22 10 3 13 15 15 14 7 10 17 13 2 -1 13 30 30 16 5 0 -6 -14 -20 -23 -24 -30 -28 -3 21 70 203 362 428 371 249 134 53 7 1 27 95 212 271 187 71 23 13 4 -6 -8 -1 6 9 11 11 7 2 1 4 7 7 5 3 1 -1 -3 -4 -3 -2 -2 -3 -21 -74 -162 -209 -140 -47 -26 -41 -34 0 39 93 159 165 91 25 1 1 17 20 10 2 -2 -1 1 2 2 2 2 3 4 4 4 4 4 4 3 2 3 4 3 1 -1 -3 -2 2 4 4 4 4 4 4 3 2 2 1 -1 -3 -4 -4 -3 -1 -1 -3 -4 -4 -2 2 4 4 4 3 1 0 -1 -2 0 4 7 8 7 4 0 -5 -8 -3 0 -8 -9 5 16 11 -2 -9 -19 -42 -58 -51 -18 44 107 134 105 40 -7 -20 -14 -3 8 13 10 9 12 13 9 4 1 0 0 -1 -4 -6 -4 0 2 1 0 -1 -3 -3 -1 0 0 0 1 2 2 2 2 3 4 3 1 1 4 6 10 13 13 27 39 20 -2 14 32 4 -30 -24 0 7 4 6 9 11 12 12 13 14 14 16 19 18 16 41 133 272 354 304 170 49 -13 -19 -2 2 -3 -4 -6 -5 3 12 24 41 55 59 51 41 41 39 26 12 -2 -18 -26 -21 -16 -16 -17 -20 -22 -22 -23 -24 -23 -21 -21 -23 -23 -21 -18 -11 -5 -9 -13 -3 14 31 40 56 119 278 383 228 32 -8 0 -1 -2 -3 -4 -4 -4 -4 -3 -1 0 1 2 1 0 0 3 1 -3 5 30 96 123 121 331 648 693 592 520 153 -401 -647 -447 59 384 186 -114 -108 -38 -91 -79 16 33 -8 -29 -36 -28 -1 26 31 18 1 -13 -14 -3 7 6 4 9 5 5 19 14 -1 0 2 0 1 3 4 4 5 4 -1 -4 -3 -1 0 0 0 -1 -3 -4 -4 -3 -1 0 0 0 -3 -7 0 10 6 -9 -18 -17 -22 -19 -3 -1 -7 -80 -271 -409 -296 -65 12 55 253 357 259 136 -66 -253 -93 277 307 -78 -415 -436 -257 -133 -158 -199 -131 -14 57 93 98 55 -5 -41 -49 -50 -56 -65 -71 -47 -2 4 -24 -54 -76 -48 5 4 -25 -21 7 26 21 5 -5 -13 -19 -16 -6 -2 -14 -40 -63 -51 -4 31 33 38 66 92 
12 5 0 -13 -34 -58 -103 -171 -225 -234 -189 -101 -53 -83 -72 -21 -44 -102 -144 -166 -159 -141 -119 -89 -51 -15 -4 1 42 79 48 -1 -1 20 41 61 60 32 2 -2 4 9 20 23 23 21 11 13 24 25 17 13 22 32 24 1 -18 -26 -31 -36 -39 -40 -39 -22 5 27 97 242 377 400 307 189 101 43 15 -2 -4 28 80 138 179 182 152 84 -13 -90 -115 -89 -42 -15 -4 6 11 11 8 7 10 12 10 6 3 1 -1 -5 -9 -8 -4 -2 -3 -15 -54 -52 41 125 136 105 89 111 131 139 134 103 70 39 12 0 -10 -11 -2 0 -2 1 5 5 3 2 3 3 2 3 4 3 1 1 2 1 1 3 4 3 1 -1 -2 0 3 5 7 7 5 5 6 5 4 3 1 0 -1 -2 -2 -2 -1 -1 -3 -4 -4 -4 -4 -4 -4 -4 -4 -4 -4 -6 -8 -6 -3 0 2 0 -4 -8 -10 -7 -2 -1 0 9 20 33 39 16 -16 -43 -76 -92 -65 11 130 248 300 242 113 4 -56 -65 -29 11 29 30 33 38 25 5 -1 0 0 -1 -3 -4 -4 -3 -2 -4 -8 -11 -10 -4 3 6 5 4 4 4 4 4 4 4 4 3 2 2 1 1 3 3 2 11 33 46 34 14 8 15 8 -19 -24 -3 7 6 5 4 7 10 10 11 11 10 12 18 19 15 28 75 180 308 333 231 101 7 -26 -13 -7 -20 -30 -37 -46 -49 -46 -37 -17 10 33 36 23 20 21 14 8 1 -9 -17 -17 -11 -10 -16 -22 -21 -12 -10 -21 -28 -27 -25 -23 -22 -23 -27 -26 -12 -2 -4 -5 -4 -2 5 10 41 162 328 321 133 15 -5 -8 -4 -4 -4 -5 -7 -8 -6 -2 0 1 2 1 0 1 2 4 6 38 124 143 100 269 526 376 -7 19 401 572 302 -207 -457 -281 -225 -453 -523 -378 -249 -139 -34 -9 -29 -37 -25 -5 -8 -11 -1 0 -1 -1 0 5 7 4 -2 -1 5 7 51 124 118 46 5 0 0 1 3 4 4 4 3 1 0 0 0 0 0 0 0 0 0 0 0 1 3 4 3 -1 -2 4 3 0 7 8 0 -11 -23 -25 -17 -6 4 -10 -141 -389 -432 -182 71 351 454 5 -403 -253 -106 -156 58 296 158 -131 -364 -428 -294 -167 -167 -197 -154 -69 -10 2 -20 -38 -28 -7 -4 -26 -54 -60 -31 29 75 48 -16 -81 -137 -125 -77 -56 -53 -71 -81 -59 -44 -45 -51 -54 -39 -6 32 57 45 2 -24 -19 -5 21 68 106 114 
-18 -10 -10 -21 -54 -97 -144 -193 -212 -156 -42 2 -17 22 55 -27 -124 -120 -84 -87 -83 -29 23 45 72 91 78 48 19 5 2 -5 -1 22 50 64 48 27 16 5 5 9 6 3 1 4 12 12 12 18 17 16 16 3 -12 -14 -13 -18 -32 -46 -52 -51 -40 -7 40 110 259 399 377 249 143 69 19 2 -3 -2 0 -3 8 37 75 113 129 104 29 -75 -147 -148 -108 -73 -46 -19 3 14 14 11 10 7 4 6 9 9 5 -1 -3 -4 -8 -7 -16 -51 -94 -78 22 79 34 -4 7 24 41 55 46 16 -7 -9 -5 -1 2 -2 -6 -4 -1 0 0 1 4 4 0 -1 0 0 -1 -2 -1 1 3 5 6 4 1 1 3 3 2 3 4 4 3 1 1 3 3 1 -1 -2 -1 0 -1 -2 -1 0 0 -1 -3 -5 -8 -9 -6 -4 -4 -4 -4 -5 -7 -9 -10 -8 -4 -1 0 -1 -4 -6 -2 4 2 -3 1 12 29 53 61 24 -43 -87 -84 -49 8 86 160 198 201 177 129 62 -15 -73 -86 -63 -21 28 58 49 20 4 3 4 4 2 -1 1 6 6 1 -3 -5 -6 -5 -3 -2 -1 1 0 -3 -3 0 3 4 4 4 5 8 11 12 11 8 3 2 5 14 39 49 18 -18 -25 -12 -14 -32 -26 -2 8 2 -8 -9 -4 1 6 9 10 9 10 18 26 26 36 81 143 162 104 23 -15 -6 29 53 56 51 36 19 3 -12 -18 -12 0 7 3 -6 -16 -20 -7 10 15 2 -15 -14 -10 -17 -18 -20 -43 -70 -93 -119 -133 -126 -101 -68 -48 -38 -30 -27 -18 -8 -9 -13 -5 -2 -11 -16 4 75 221 343 244 57 -5 -4 -2 0 1 -4 -14 -13 -3 1 -2 3 9 1 -5 -2 1 1 11 76 145 57 -55 68 122 -134 -155 123 159 172 432 493 74 -402 -552 -515 -397 -202 -41 6 -32 -61 -38 -7 10 26 32 6 -30 -32 -8 12 14 13 17 9 -5 -5 0 6 33 48 22 2 1 0 25 101 150 94 17 -2 6 8 3 3 6 6 8 6 0 -2 1 5 4 6 8 2 -2 -2 0 -2 -8 -5 2 1 -2 0 -1 -5 -6 -9 -7 3 5 -58 -150 -132 -102 -116 20 36 -196 -11 422 256 -197 -231 -33 20 -100 -315 -427 -302 -122 -132 -239 -237 -149 -55 15 45 56 63 54 30 5 -2 14 45 76 65 0 -88 -167 -187 -135 -93 -114 -138 -122 -84 -46 -25 -11 6 20 38 67 93 105 92 33 -44 -83 -74 -35 10 35 
-17 -27 -39 -45 -76 -134 -180 -170 -76 26 50 54 122 205 187 100 53 26 -1 -4 8 20 16 6 5 -6 -25 -38 -61 -75 -52 -22 -7 5 25 43 39 32 33 21 10 6 -5 -12 -14 -10 4 9 4 -2 -7 1 11 -2 -24 -27 -16 -11 -21 -37 -46 -50 -51 -37 46 222 361 343 227 120 53 13 -4 -5 -2 3 2 2 8 6 14 42 68 79 51 -34 -136 -189 -188 -171 -136 -78 -26 -2 2 3 3 1 1 4 8 10 8 7 11 13 5 -17 -78 -189 -271 -223 -103 -70 -117 -134 -130 -140 -116 -61 -22 0 2 -5 -8 -9 -4 -1 -1 3 6 3 -2 -4 -3 -2 -3 -3 -1 1 3 4 4 5 7 8 6 2 0 1 3 3 2 3 4 3 0 -1 2 3 1 -1 -2 -1 1 2 1 0 0 -1 -3 -4 -4 -4 -5 -5 -2 0 0 0 0 -1 -3 -3 -2 -2 0 2 1 0 0 0 0 -2 -7 -6 1 1 5 23 36 21 -20 -38 -2 54 97 115 100 72 59 72 93 83 41 -16 -75 -104 -73 5 61 51 19 7 6 10 14 10 1 -5 -5 -4 -4 -3 0 4 6 4 -1 -4 -3 -4 -7 -6 -2 1 3 4 4 4 4 5 7 8 9 13 17 9 -2 14 35 14 -42 -92 -110 -109 -98 -63 -21 -2 3 4 -3 -6 -1 4 8 10 9 7 11 17 14 20 41 49 27 -40 -129 -160 -103 2 87 118 123 125 126 114 91 71 52 36 28 21 7 -20 -41 -29 -5 0 -16 -35 -45 -52 -53 -37 -40 -109 -214 -301 -363 -411 -433 -405 -332 -246 -162 -88 -49 -41 -27 -13 -22 -24 -12 -16 -19 -17 -3 84 234 269 127 19 4 -5 -3 3 0 -4 -7 -3 2 3 2 -4 1 10 2 -9 4 87 154 59 -28 -38 -260 -519 -291 233 288 -210 -545 -425 -64 214 50 -284 -308 -142 -24 6 -27 -37 -2 14 3 1 17 24 14 13 61 125 101 31 1 -7 -6 2 2 2 19 -7 -90 -102 -33 9 10 37 114 136 65 9 0 -1 24 75 85 54 28 8 3 9 5 -1 -2 -3 -5 -7 -5 0 2 1 -2 -2 -2 -6 -4 -2 -4 -1 -3 -9 -9 -8 -9 -4 7 -23 -67 -131 -358 -411 -9 291 309 372 265 -143 -332 -143 15 20 -70 -261 -378 -277 -128 -142 -248 -257 -127 44 132 110 45 -4 -19 -18 -22 -26 -25 -13 11 5 -43 -92 -124 -127 -118 -134 -143 -110 -58 -4 40 60 63 54 39 30 27 28 33 11 -67 -160 -208 -197 -156 -127 
-11 -9 -20 -65 -132 -188 -195 -115 6 47 34 87 140 115 95 108 78 7 -40 -46 -43 -60 -83 -101 -109 -104 -106 -115 -106 -73 -35 -11 -7 -9 5 27 32 17 3 5 13 15 12 8 5 4 5 5 1 6 18 19 11 4 5 8 1 -10 -13 -20 -31 -41 -48 -17 88 223 257 181 109 53 5 -6 -3 -1 3 3 1 1 5 5 -4 -17 -42 -71 -71 -54 -68 -121 -179 -207 -181 -111 -47 -16 -2 5 3 1 2 1 0 1 3 8 3 -11 -10 -22 -91 -183 -166 -11 86 51 18 17 -9 -69 -118 -99 -41 -7 0 -3 -5 -1 2 2 3 4 5 6 4 0 -4 -5 -2 0 1 3 6 9 9 7 4 0 -3 -3 -1 -1 -3 -3 -1 0 0 1 3 5 6 4 2 2 2 3 5 6 6 6 5 2 -2 -3 -1 1 5 7 3 0 0 0 0 1 3 5 6 5 4 4 3 2 3 4 0 -8 -8 3 7 -7 -25 -29 -10 29 72 104 122 125 109 68 27 18 11 -3 16 61 83 71 43 8 -7 13 37 35 15 0 -2 1 -1 -6 -7 -5 -5 -7 -8 -7 -4 -2 -1 2 4 2 -1 -1 0 0 0 -1 -2 0 3 2 -3 -7 -7 -4 2 8 9 7 1 -3 13 21 -39 -162 -285 -332 -265 -147 -60 -24 -11 4 9 6 6 6 6 6 7 8 7 7 10 14 28 45 26 -64 -219 -331 -295 -148 -7 55 77 106 130 139 134 113 81 57 54 63 66 52 26 5 -15 -53 -92 -106 -104 -94 -70 -50 -84 -199 -349 -464 -522 -546 -562 -580 -592 -552 -440 -295 -166 -87 -42 -17 -23 -51 -70 -72 -71 -74 -85 -57 71 215 185 46 -7 -5 -4 -4 -4 2 -2 -6 -2 4 1 -8 -1 5 -1 -2 57 151 119 111 374 589 335 -177 -404 -345 -287 -190 -153 -277 -273 -125 -152 -225 -89 41 3 -53 -40 -9 -2 -12 -16 -18 -20 -22 -21 28 141 196 107 14 -7 -9 30 131 179 102 21 -22 -54 -41 -14 -7 -5 -9 -60 -125 -91 -10 9 9 74 157 129 34 -6 -5 1 23 48 37 12 8 1 -7 0 5 4 3 1 0 0 0 0 0 0 0 0 0 -1 -3 -4 -8 -17 -21 -6 -11 -163 -407 -390 -108 -36 -183 -152 -39 -41 -22 20 24 21 -49 -239 -383 -279 -98 -114 -230 -228 -98 31 52 -2 -33 -35 -40 -50 -70 -92 -83 -29 38 77 66 10 -57 -82 -64 -69 -69 -31 -6 7 13 5 -5 -21 -44 -58 -59 -64 -69 -79 -139 -219 -234 -212 -215 
-32 -17 -26 -94 -175 -205 -148 -58 -38 -43 -2 1 -71 -125 -111 -87 -118 -157 -153 -130 -119 -119 -104 -88 -86 -83 -86 -94 -79 -42 -12 -3 -2 17 45 49 27 0 -10 3 19 24 24 24 23 21 19 16 9 9 21 29 26 20 19 22 18 6 4 2 -5 14 85 178 195 111 33 20 14 -8 -17 -14 -10 -11 -20 -33 -45 -50 -47 -44 -55 -88 -132 -150 -97 18 125 143 78 23 6 3 3 2 4 5 2 0 0 1 2 1 0 -2 -4 0 -1 -12 5 95 257 350 272 174 156 160 145 79 -26 -73 -39 -7 -2 -4 -4 2 5 3 2 2 4 6 4 0 -4 -5 -1 3 4 4 4 4 3 0 -3 -4 -3 -2 -3 -5 -7 -6 -2 0 1 3 5 6 5 2 -2 -3 -1 1 3 5 7 8 7 5 3 1 1 3 6 8 6 4 4 4 4 5 7 8 8 8 7 5 4 4 4 6 8 6 5 1 -19 -46 -59 -52 -15 64 150 190 177 135 88 54 33 14 2 2 9 36 94 155 186 177 121 39 -16 -23 -10 -3 -1 0 -1 1 11 19 16 8 1 -3 -5 -7 -7 -6 -6 -5 -3 -1 1 2 1 0 -1 -2 -2 -2 -2 -3 -3 -1 0 0 1 4 4 1 16 40 21 -101 -308 -450 -428 -289 -133 -38 -6 4 7 6 4 1 1 4 6 9 11 6 4 6 14 38 57 19 -105 -247 -301 -240 -120 -25 18 33 38 54 77 81 67 55 56 75 105 121 109 65 -18 -125 -212 -226 -165 -89 -38 -40 -115 -231 -324 -341 -278 -174 -87 -85 -198 -369 -513 -542 -406 -205 -85 -61 -65 -93 -144 -155 -122 -97 -109 -110 -13 163 254 153 25 5 5 -6 -7 -11 -6 4 3 -4 0 11 -2 -15 -4 50 146 113 79 373 647 483 289 346 97 -507 -655 -160 321 367 63 -268 -220 51 89 -28 -72 -47 -9 5 -5 -8 12 19 -11 -28 -22 -2 -7 -71 -87 -36 -7 -2 45 167 226 125 -2 -40 -17 22 71 83 51 -6 -102 -137 -69 -14 0 14 6 -34 -54 -42 -25 0 30 93 154 112 29 1 5 14 17 8 2 0 -3 -4 -3 -1 0 0 0 0 0 0 -1 -3 -5 -9 -5 6 7 12 -4 -119 -321 -526 -690 -680 -379 -65 25 16 14 34 46 41 -29 -221 -366 -266 -75 -65 -189 -238 -154 -56 -31 -21 8 19 6 -19 -43 -43 -6 59 130 164 128 48 -12 -21 -22 -39 -55 -73 -87 -88 -82 -72 -64 -61 -51 -32 -24 -31 -21 16 23 -38 -108 -132 
-20 -38 -81 -146 -185 -175 -115 -67 -74 -53 -30 -123 -245 -257 -217 -196 -178 -169 -152 -111 -68 -26 16 30 12 -2 -9 -17 -13 1 7 5 13 42 66 57 36 20 8 6 8 8 10 15 19 18 12 7 3 0 7 18 20 17 14 12 17 30 47 66 112 218 370 459 349 68 -161 -188 -123 -81 -65 -72 -79 -80 -85 -95 -111 -125 -133 -138 -147 -155 -124 -36 79 183 245 261 259 248 202 121 49 13 0 -4 -3 -3 -3 -1 0 0 0 -2 8 27 22 18 90 243 346 301 189 118 98 95 93 70 16 -19 -12 -1 -1 -3 -2 3 6 4 1 1 3 4 4 3 0 -2 -1 1 2 3 4 2 -1 -4 -6 -5 -4 -4 -5 -6 -5 -3 -1 1 3 3 2 2 1 -1 -3 -3 -1 0 0 1 3 4 4 4 4 4 4 5 6 6 7 8 8 8 8 8 8 7 6 6 4 1 1 2 2 1 0 1 -4 -26 -57 -70 -53 -17 31 87 133 149 139 121 106 93 74 59 70 94 97 90 114 161 196 203 157 58 -34 -67 -54 -29 -8 1 3 3 0 -2 1 7 10 8 4 2 1 -3 -6 -4 -1 0 1 2 1 1 2 -1 -5 -4 0 4 6 4 -1 -5 -5 -1 5 5 8 38 86 95 -8 -206 -355 -342 -205 -68 -6 2 0 -1 -3 -4 -3 -1 0 4 7 3 4 5 -1 14 65 131 145 35 -139 -235 -185 -66 -5 6 21 32 35 31 20 16 27 44 59 76 83 41 -64 -179 -244 -249 -190 -80 4 -8 -95 -167 -159 -73 78 272 439 515 476 295 -15 -334 -479 -382 -206 -123 -126 -146 -154 -136 -94 -67 -60 -50 -4 136 308 308 130 12 1 3 -1 -7 3 11 6 0 -5 -4 -1 6 25 101 130 29 143 371 111 -383 -340 215 460 74 -386 -444 -153 -4 -169 -157 129 197 -6 -93 -27 20 26 8 -7 -9 -3 49 162 229 166 38 -109 -186 -112 -24 -4 -1 1 -40 -109 -90 -25 -16 -9 94 238 223 82 -10 -38 -18 17 28 22 6 -53 -135 -121 -37 -1 -4 13 36 20 -4 -9 -7 6 39 79 74 27 1 0 1 3 4 3 1 0 0 0 0 0 -2 -6 -1 6 -8 -26 -22 -4 4 -38 -175 -333 -314 -136 -14 7 -2 -1 18 40 56 57 -22 -228 -363 -226 -31 -63 -230 -274 -136 17 64 57 51 37 20 18 27 31 39 71 98 92 75 49 20 4 -39 -104 -126 -106 -77 -50 -26 -4 11 24 35 57 89 97 130 194 166 49 -31 
-20 -49 -99 -139 -136 -94 -54 -52 -29 27 3 -92 -164 -168 -120 -78 -46 -21 -2 17 31 48 60 57 47 39 34 30 22 9 -2 -6 -5 1 9 13 22 26 8 -5 0 2 2 8 15 16 8 4 9 11 16 22 18 15 15 17 27 38 56 123 263 422 516 506 391 157 -128 -268 -221 -139 -110 -115 -115 -102 -85 -69 -61 -66 -79 -88 -83 -47 34 130 187 189 158 134 146 166 146 86 30 7 3 0 -3 -4 -3 -2 -2 -1 0 5 8 -8 -8 35 79 111 113 72 36 17 7 -4 -25 -30 -4 21 16 3 0 1 1 -1 0 1 -1 -1 0 1 3 5 7 6 2 0 1 2 1 -1 -2 -2 -2 -1 -1 -2 -1 0 0 0 0 1 2 2 2 1 0 0 0 0 0 0 0 0 0 0 1 3 5 7 7 5 3 2 3 4 4 4 4 4 4 4 4 3 1 0 0 1 2 -1 -3 -2 -12 -32 -39 -18 22 59 74 63 46 44 59 80 95 103 107 110 119 135 147 142 120 99 91 90 91 79 35 -25 -67 -75 -63 -51 -33 -12 -6 -9 -5 4 9 10 9 8 8 8 8 6 2 1 1 -1 -1 -1 -2 -4 -7 -4 4 10 10 5 0 -3 -4 -2 4 6 -1 14 83 207 281 151 -107 -269 -245 -123 -41 -22 -12 -4 -3 -1 0 0 1 1 -1 1 10 16 7 5 46 143 242 206 9 -187 -223 -118 -25 4 15 21 24 26 22 17 19 19 12 14 19 -16 -95 -151 -147 -137 -122 -43 36 28 -37 -75 -43 39 178 353 456 472 494 517 437 171 -201 -411 -335 -161 -82 -56 -12 11 -3 -27 -29 -12 15 103 268 376 264 61 -8 0 -5 -3 2 0 -2 1 -3 -10 0 8 58 129 39 -101 -102 -136 -220 -38 275 229 10 -3 33 -38 -193 -308 -128 169 89 -166 -158 -48 -7 25 25 -7 -18 -10 -22 27 211 297 158 -2 -69 -51 18 69 70 47 -6 -126 -199 -125 -25 -1 0 32 39 -8 -38 -24 -3 39 151 227 145 25 -22 -31 -25 -2 23 19 -12 -82 -150 -109 -19 11 1 1 18 23 11 4 5 8 11 11 8 4 1 0 0 0 0 -1 -3 -6 -6 -1 -4 -14 -14 -4 10 13 -13 -15 23 30 20 41 54 36 32 41 44 38 -40 -222 -335 -214 -40 -74 -236 -256 -90 50 64 37 10 -17 -23 -10 -8 -21 -23 -5 33 85 116 119 112 60 -30 -78 -62 -19 17 41 59 63 55 50 48 64 106 121 115 128 79 -34 
-48 -60 -91 -97 -55 19 55 37 80 159 129 61 59 82 95 90 88 107 121 100 55 21 -4 -21 -21 -15 -6 3 1 -8 -9 -2 -1 -6 -1 17 35 38 29 28 33 26 13 11 19 24 19 16 25 35 43 40 23 16 21 27 30 34 76 196 341 406 354 253 216 234 174 18 -92 -103 -65 -11 23 38 57 80 101 111 109 101 101 126 153 139 89 46 31 34 44 53 49 30 10 -1 -4 -4 -4 -3 -2 -2 -1 0 0 0 1 5 11 12 -4 -38 -65 -68 -60 -59 -73 -97 -107 -62 30 74 40 5 -3 -1 1 -3 -5 -3 -2 -1 0 0 1 4 8 8 4 3 4 2 -1 -1 0 0 0 1 3 4 5 7 8 6 2 0 0 0 -1 -3 -4 -2 2 4 4 3 1 0 0 1 3 5 7 8 7 4 1 -1 -3 -4 -3 -1 0 0 0 1 2 1 0 0 0 1 2 2 5 9 7 7 24 52 71 70 48 15 -8 -7 9 22 27 41 68 79 69 62 71 81 66 38 20 13 30 67 80 45 -13 -73 -131 -161 -140 -77 -14 9 -1 -10 -6 0 4 7 9 11 12 10 5 1 0 0 0 -1 -3 -3 -1 1 4 7 7 4 1 1 4 5 4 7 5 3 38 135 257 273 97 -146 -254 -183 -63 -7 -1 -2 -1 0 1 5 10 7 1 4 9 13 12 4 15 78 194 260 151 -68 -212 -193 -78 -6 -7 -6 17 40 50 42 27 22 21 16 16 -6 -54 -69 -42 -23 -14 14 38 37 25 10 -2 10 72 146 158 134 170 285 393 363 110 -224 -341 -199 -18 85 129 131 93 48 27 33 56 93 190 336 367 199 33 -10 -12 -6 -4 -7 -5 0 7 12 9 23 103 102 -50 -158 -346 -624 -487 51 299 41 -166 -12 233 207 -87 -123 117 72 -186 -219 -68 -2 -14 -13 -11 -9 -5 1 6 2 -43 -125 -134 -66 -24 -4 100 257 249 96 -24 -80 -61 -10 6 7 14 -54 -200 -208 -75 -8 -9 39 146 158 55 -8 -17 -8 50 143 162 85 9 -34 -44 -25 -6 -4 -4 -12 -52 -67 -28 -1 2 6 8 7 4 0 -2 -1 0 0 0 1 3 -2 -9 -6 -4 -3 0 -2 -1 1 -16 -52 -46 4 41 75 90 74 44 13 15 45 52 -46 -245 -337 -196 -29 -65 -207 -212 -89 -19 -31 -52 -62 -69 -75 -77 -71 -58 -13 59 92 87 87 87 76 46 6 -3 18 30 25 15 0 -22 -41 -58 -72 -67 -62 -81 -95 -84 -71 
-38 -71 -110 -88 -7 83 97 82 118 128 110 129 176 184 134 96 82 59 28 -3 -24 -35 -57 -84 -94 -84 -61 -41 -32 -24 -6 12 14 14 30 46 43 32 39 54 49 30 13 7 12 17 17 16 21 30 37 30 9 0 7 18 38 88 190 311 347 271 161 85 79 168 276 234 91 19 37 93 129 129 121 119 124 131 134 137 144 143 116 61 10 -5 3 10 10 3 -4 -5 -4 -5 -4 -2 -3 -4 -4 -3 -2 -2 -1 -3 -7 1 2 -27 -78 -171 -263 -265 -203 -145 -119 -107 -62 25 97 91 38 5 -3 -2 -1 -4 -5 -2 0 -1 -3 -3 0 3 5 5 2 1 3 4 4 5 6 4 0 -2 1 6 8 9 11 9 3 0 0 -1 -3 -4 -4 -1 5 7 5 4 4 3 1 1 3 4 4 4 3 1 -1 -3 -4 -4 -4 -4 -3 -1 0 0 0 0 0 0 0 -1 -2 0 5 12 22 38 59 69 52 22 2 -6 -6 -2 -2 -3 5 13 12 12 15 14 8 3 6 9 6 5 7 19 48 70 57 3 -94 -220 -310 -297 -201 -97 -31 -8 -8 -9 -6 -2 0 1 3 4 4 2 0 1 1 0 -1 -1 2 3 1 0 1 3 4 3 4 6 5 11 18 10 8 49 163 276 209 -37 -240 -244 -121 -28 -2 -1 -1 1 4 8 11 11 12 12 0 -9 -3 -2 -5 26 128 246 225 39 -161 -227 -136 -23 19 24 25 27 26 19 11 12 13 10 20 21 -2 -12 -4 11 31 26 5 16 53 62 26 -21 -52 -60 -46 -20 9 64 166 247 184 -33 -228 -216 -49 70 96 99 91 79 83 102 118 117 131 227 355 303 99 -1 -2 -2 2 0 1 6 2 1 7 77 139 0 -132 -62 -109 -392 -575 -585 -624 -502 -28 374 300 -44 -63 234 164 -153 -147 12 30 0 -12 -31 -14 51 100 89 51 -30 -206 -290 -157 -24 -2 -5 53 112 58 -14 -33 -41 -4 117 211 154 38 -48 -102 -79 -25 -8 -1 -5 -83 -173 -131 -33 -6 0 95 213 164 36 -10 -15 1 54 100 85 40 10 -16 -27 -17 -8 -4 0 2 0 -4 -6 -4 -1 0 0 0 1 3 6 -1 -13 -6 1 -7 -13 -15 -6 10 -23 -90 -88 -29 15 33 36 44 38 20 45 85 61 -62 -250 -317 -146 19 -64 -241 -255 -144 -67 -27 13 32 18 -4 -9 -1 28 76 98 102 100 61 35 40 2 -51 -61 -61 -70 -72 -68 -65 -73 -96 -142 -210 -249 -253 -251 -195 -99 
-43 -96 -117 -80 7 73 63 65 82 32 0 44 69 29 -12 -22 -41 -74 -110 -137 -135 -118 -108 -111 -117 -106 -74 -39 -18 -7 -1 -1 -2 2 15 24 21 26 34 26 11 2 10 23 17 5 10 27 46 54 32 3 -2 2 -1 5 58 181 317 348 256 148 79 41 39 78 140 152 71 -24 -43 4 45 47 38 31 24 24 29 39 50 47 30 16 13 13 9 2 -6 -13 -18 -19 -15 -8 -2 -3 -7 -6 -3 -2 -3 -4 -3 -2 -7 -17 -16 -13 -59 -161 -254 -293 -270 -186 -76 13 75 118 114 62 18 4 2 3 3 0 -4 -3 3 3 -2 -3 -1 0 0 0 -1 -3 -4 -3 -2 -3 -4 -4 -3 0 3 4 3 2 3 4 4 4 4 4 3 1 -1 -2 -1 -1 -3 -3 0 4 7 9 9 4 -3 -6 -4 -2 -4 -2 6 7 1 -3 -4 -3 0 4 2 -7 -9 -1 2 -6 -13 -9 -1 4 14 25 25 22 13 -2 -2 7 11 12 10 6 12 16 1 -7 0 6 4 -3 -3 1 2 2 -1 -4 6 34 69 93 88 9 -174 -360 -409 -318 -179 -75 -29 -16 -20 -20 -6 -7 -14 -5 0 2 7 3 -4 -3 3 5 2 1 1 -4 -10 -9 -1 5 4 4 7 8 11 10 2 21 105 235 265 83 -165 -267 -195 -77 -14 4 11 12 11 10 3 1 5 3 -3 -6 2 12 12 19 69 180 256 155 -63 -202 -186 -78 12 34 24 19 21 13 -3 -8 -3 0 8 26 30 14 2 -1 -5 -8 -11 5 61 95 63 -8 -96 -136 -94 -48 -42 -29 25 97 113 13 -139 -189 -101 -13 11 14 23 42 64 81 84 74 55 87 226 326 215 43 -6 2 0 -2 2 3 -2 0 35 123 97 -66 -89 13 66 32 -102 -319 -562 -648 -362 29 -3 -140 152 339 72 -91 -13 17 3 4 -14 -32 -15 103 287 298 126 -32 -127 -117 -36 0 3 4 -68 -213 -232 -103 -22 -15 30 150 202 106 -3 -44 -31 27 112 143 89 -11 -147 -183 -78 -12 -13 -3 -1 -65 -122 -80 -27 -19 24 164 254 159 28 -20 -19 4 41 66 49 17 2 -5 -4 2 6 7 5 4 3 0 -2 0 3 2 0 0 -2 -2 -3 -9 -2 12 -22 -85 -103 -83 -31 31 49 43 29 6 19 54 38 -80 -246 -264 -99 1 -113 -268 -233 -60 62 107 116 108 99 86 74 61 62 93 100 79 62 -12 -97 -119 -152 -182 -148 -89 -54 -32 -12 -20 -64 -132 -196 -229 -217 -158 -73 -6 
-61 -93 -81 -32 18 8 -19 17 34 -17 -63 -67 -61 -80 -113 -143 -160 -150 -136 -133 -130 -121 -100 -78 -69 -66 -55 -37 -22 -12 -11 -17 -23 -30 -23 -2 8 14 20 17 13 11 17 24 17 11 19 35 48 48 32 12 1 -3 3 35 125 257 319 250 139 69 25 -2 4 26 60 97 52 -76 -159 -132 -56 -14 -8 -12 -16 -13 -1 9 4 -2 -1 5 12 10 6 6 5 4 1 -4 -6 -5 -5 -6 -5 -3 -1 -1 -2 -1 0 -4 -3 5 2 2 38 114 164 117 20 -28 6 74 110 100 59 16 1 4 6 5 5 6 3 1 4 5 3 1 0 0 -1 -2 -2 -3 -5 -7 -8 -8 -8 -6 -1 3 3 1 -1 -3 -3 1 6 6 2 0 0 0 0 -1 -3 -3 -2 -3 -3 0 4 4 -1 -4 -4 -4 -3 -2 -3 -2 2 3 1 0 0 0 0 -2 -1 3 -5 -17 -17 -13 -10 -8 -4 0 -6 -4 5 -5 -10 0 3 8 14 13 11 5 -2 -2 0 -1 -4 -5 -1 2 -1 -3 -3 -6 -4 0 -3 1 28 75 152 247 248 65 -226 -438 -447 -305 -160 -80 -32 -12 -16 -14 -11 -7 2 5 4 0 -6 -7 -4 -1 0 0 -1 -4 -7 -7 -3 4 6 4 5 1 -3 0 0 4 44 154 264 209 -20 -228 -250 -133 -35 -2 8 13 10 2 -2 0 -1 -4 1 7 12 18 18 19 37 110 226 237 83 -100 -184 -141 -52 -6 3 10 21 20 6 -11 -12 5 13 32 62 52 16 -22 -67 -79 -48 -3 69 134 112 12 -111 -188 -158 -81 -41 -28 -11 11 17 -18 -91 -141 -112 -48 -15 -16 -13 13 35 35 19 -5 -30 -24 85 227 198 55 -3 -1 -5 -3 0 0 32 86 140 138 -10 -108 -31 42 48 43 52 47 -11 -145 -254 -293 -290 -86 51 -156 -233 -62 -6 -35 -22 -12 -8 -2 -5 60 159 112 -1 -40 -38 5 111 198 163 63 -64 -165 -120 -29 -1 7 13 -43 -147 -144 -54 -17 -10 87 238 239 100 -16 -63 -41 16 60 70 40 -69 -203 -180 -60 -8 3 19 21 -15 -45 -30 -17 -12 60 178 194 96 19 6 7 7 13 13 10 6 -1 -4 -2 1 -1 -3 1 2 -1 -1 -5 -12 -16 -16 -2 9 -13 -60 -81 -24 48 41 17 16 -15 -33 3 36 11 -115 -267 -233 -31 47 -96 -222 -143 20 99 105 88 71 52 32 14 -9 -13 -18 -29 -6 -28 -142 -217 -208 -184 -139 -61 9 41 41 18 -34 -92 -114 -85 -18 61 134 184 
-97 -108 -97 -45 -14 -49 -56 -11 -36 -104 -125 -138 -144 -144 -170 -189 -182 -150 -101 -59 -37 -29 -18 -4 -1 -10 -22 -32 -33 -23 -10 -2 -5 -16 -11 11 18 11 15 26 28 26 20 8 6 17 24 17 7 10 18 11 -9 -11 32 126 248 309 244 132 66 26 -2 -2 -1 -6 17 72 108 63 -62 -160 -145 -72 -23 -9 -4 -1 -3 -2 0 0 0 1 3 5 7 6 2 -1 -2 -1 1 2 1 2 5 5 4 4 4 4 4 6 12 17 11 12 75 204 315 330 227 60 -42 -27 15 17 3 -2 -1 1 3 4 5 7 9 8 3 1 2 1 0 1 3 4 4 3 2 2 1 0 0 2 6 6 2 1 2 0 -3 -2 2 2 -2 -5 -5 -2 1 2 1 1 3 4 3 0 -3 -8 -13 -8 3 8 5 1 1 -3 -13 -16 -12 -7 -1 1 -4 -11 -6 9 10 0 -3 -2 1 3 0 -1 -3 0 8 -5 -22 -19 -11 -1 5 1 -1 1 -4 -10 -5 0 0 0 0 -1 -3 -4 -4 -3 -1 0 0 0 0 15 60 154 304 390 266 -30 -338 -496 -444 -283 -142 -71 -41 -16 -6 -10 -11 -15 -19 -11 -1 -1 -4 -2 0 -1 -2 1 6 6 1 -2 -1 0 0 -1 -3 -4 -4 -7 14 96 225 273 109 -153 -272 -190 -63 -10 -7 -4 -2 -8 -4 2 1 1 4 7 8 7 4 3 9 47 150 258 246 111 -25 -78 -56 -14 8 8 6 15 20 2 -8 9 16 41 98 103 45 -16 -78 -126 -101 -29 46 121 120 35 -70 -176 -197 -119 -61 -58 -65 -74 -64 -25 -22 -54 -57 -30 -14 -21 -28 -17 0 3 -4 -20 -37 -32 -13 -26 -48 -19 10 4 -2 3 9 7 23 94 166 64 -112 -98 4 47 33 -6 -18 7 71 193 148 -155 -179 41 -131 -413 -296 -84 -42 -29 5 22 24 16 18 -21 -164 -236 -123 -14 0 33 179 278 167 20 -39 -37 13 80 103 58 -12 -125 -195 -116 -21 4 9 22 -3 -63 -69 -37 -16 18 132 243 189 58 -37 -72 -34 13 27 26 -5 -139 -245 -160 -39 -5 3 32 53 20 -17 -19 -14 8 64 105 78 28 7 6 6 2 -1 -2 -1 0 0 0 0 0 0 -3 -14 -20 -2 10 -22 -63 -54 -26 -14 9 22 10 -5 -1 23 36 -12 -153 -261 -181 -6 47 -93 -227 -157 -20 32 24 -12 -40 -51 -60 -65 -54 -10 25 25 44 -1 -156 -255 -229 -129 -31 12 10 -2 3 7 13 58 138 207 243 267 288 
-107 -116 -126 -110 -97 -94 -63 -67 -146 -188 -166 -168 -190 -179 -134 -89 -67 -46 -12 16 27 26 26 28 26 20 9 -3 -7 0 10 15 21 26 26 30 38 46 42 15 -7 4 20 18 15 18 19 6 -3 8 3 -14 -13 16 105 239 313 260 143 59 22 -3 -10 -3 -2 3 -2 8 87 163 117 -38 -162 -155 -75 -18 1 4 -7 -19 -12 -4 -3 -1 0 1 3 3 1 1 3 4 4 4 4 5 7 8 7 5 4 4 5 10 8 -3 4 25 40 63 97 116 72 -41 -116 -93 -45 -23 -6 9 6 0 1 4 7 9 11 10 5 1 1 3 4 4 5 7 8 7 6 6 5 3 2 3 4 3 1 1 3 4 3 1 -1 -3 -4 -5 -6 -4 0 2 1 0 1 3 2 -2 -6 -8 -5 1 6 7 3 -2 -3 0 3 4 3 2 3 3 0 2 5 1 4 11 8 2 -3 -3 -4 -6 8 4 -35 -69 -96 -102 -64 -26 -14 -13 -8 4 6 -1 -2 0 0 0 0 0 -1 -3 -3 -1 0 0 0 1 2 6 11 19 75 217 392 436 231 -140 -444 -514 -407 -247 -120 -60 -28 -10 -13 -16 -13 -6 4 6 4 4 1 -3 -3 1 6 6 0 -5 -5 -4 -3 0 3 3 2 -2 -1 40 152 260 203 -24 -229 -250 -130 -29 -5 -10 -12 -7 -2 -5 -5 1 6 8 7 4 0 -5 -7 13 95 238 344 328 212 70 -17 -16 12 13 5 10 13 10 11 0 -11 26 98 125 80 15 -62 -155 -179 -114 -29 45 76 51 -27 -134 -178 -135 -77 -53 -80 -126 -110 -37 15 28 20 3 -14 -19 -18 -24 -26 -21 -9 6 21 20 -101 -273 -237 -72 0 7 6 1 -2 -4 -29 -31 -6 -79 -125 -27 37 -1 -22 -1 5 23 119 197 21 -158 8 88 -107 -140 -40 -45 -59 -29 32 160 251 190 65 -91 -241 -200 -58 -5 -2 8 -7 -79 -122 -76 -23 -10 65 221 240 97 -25 -75 -53 4 41 45 30 -53 -203 -228 -101 -9 -2 11 63 58 -16 -44 -27 -11 53 171 210 123 19 -49 -71 -40 -8 5 18 -35 -158 -186 -86 -10 -9 2 54 78 46 5 -6 4 10 7 3 2 1 0 0 0 0 0 0 1 -3 -15 -17 -6 -9 -44 -102 -127 -76 -4 37 44 13 -14 5 50 60 -37 -201 -260 -132 31 28 -153 -273 -199 -101 -61 -50 -45 -34 -34 -16 25 65 90 83 72 85 72 -24 -128 -122 -71 -69 -75 -57 -16 54 147 247 314 318 279 242 229 
-140 -134 -117 -96 -99 -74 -24 -58 -137 -156 -128 -97 -81 -53 -3 37 60 61 50 43 35 23 9 5 15 20 12 1 -4 -2 0 -4 -7 -6 -2 15 35 44 38 12 -7 9 31 31 22 20 26 29 16 -10 -23 -12 13 76 205 306 263 136 51 29 18 2 -5 -6 -2 4 0 -2 37 118 183 132 -37 -156 -134 -56 -15 -2 5 -2 -6 -3 -1 0 0 0 1 3 4 5 7 8 7 6 7 8 8 7 4 1 0 1 3 3 -3 -12 -15 -12 -10 -18 -42 -59 -42 -8 12 13 12 13 4 -4 0 5 7 9 11 12 12 10 6 3 2 3 4 4 4 5 7 8 7 5 4 4 4 3 0 -3 -3 -1 1 3 4 3 0 -3 -5 -6 -6 -6 -4 -2 -2 -1 0 0 -1 -4 -7 -7 -5 -3 -3 -6 -8 -7 -4 4 15 19 14 5 -1 -1 -1 0 1 -1 -2 -12 -21 -6 4 -16 -40 -46 -37 -38 -92 -203 -291 -283 -208 -122 -51 -15 -7 -3 1 1 0 1 3 3 1 0 0 0 0 0 0 0 1 3 3 -8 -19 -4 24 64 166 326 448 399 113 -278 -521 -507 -348 -186 -92 -59 -33 -8 -3 -9 -11 -8 -4 -2 -3 -4 -3 -1 1 2 0 -3 -4 -4 -3 0 4 8 11 11 4 11 83 220 292 163 -105 -282 -238 -97 -12 1 -7 0 6 -1 -4 0 3 4 2 -2 -5 -3 5 10 38 135 262 316 246 103 -7 -34 -18 -9 -14 -15 -11 -3 -3 -28 -42 -14 54 124 122 56 -33 -159 -260 -256 -183 -105 -37 10 -4 -66 -107 -98 -63 -49 -89 -142 -131 -60 15 55 40 0 -15 -3 0 -10 -11 -9 -12 -4 19 -15 -202 -337 -191 -19 -2 -9 4 6 -1 2 6 7 -38 -108 -73 33 90 47 -17 3 43 68 144 88 -129 -87 111 90 21 32 5 -41 -45 -27 22 198 352 240 32 -90 -119 -37 64 84 56 5 -151 -274 -172 -34 -4 0 41 62 8 -27 -29 -31 8 117 218 170 48 -43 -103 -81 -18 11 29 49 -18 -132 -101 3 22 8 57 123 89 1 -37 -22 4 69 155 131 39 -21 -68 -74 -34 0 19 9 -48 -98 -80 -31 -7 -8 -7 6 14 9 2 0 0 0 0 0 0 0 -1 -7 -17 -11 18 21 -51 -112 -66 6 38 47 31 6 -3 12 40 26 -80 -206 -209 -81 32 -25 -223 -302 -192 -74 -8 23 37 50 50 41 34 40 52 60 120 225 243 139 2 -78 -81 -63 -50 -4 86 181 242 243 198 147 108 86 
-136 -122 -76 -39 -38 -2 56 53 31 28 30 50 64 65 64 58 59 49 26 9 -2 -8 -13 -14 -9 -7 -10 -14 -14 -11 -11 -13 -22 -43 -44 -8 17 13 12 19 22 24 27 25 18 16 25 37 20 -20 -26 -2 57 184 290 268 159 67 33 22 5 4 8 2 2 2 10 22 23 45 107 131 34 -101 -126 -56 -9 -2 9 17 12 8 7 5 4 4 5 7 7 5 4 5 7 8 8 7 5 3 1 0 0 0 0 -1 0 5 3 -20 -70 -130 -163 -151 -77 37 77 15 -36 -26 -8 -6 -1 5 7 8 8 7 6 5 2 0 -1 -3 -3 0 2 3 6 8 7 5 3 2 2 1 -2 -5 -4 -1 1 2 1 0 0 0 -1 -2 -2 -3 -4 -3 -1 0 0 0 0 -1 -2 -1 0 -2 -5 -5 -2 3 7 4 -3 -3 2 2 0 2 3 -2 -14 -27 -25 -19 -48 -105 -137 -145 -170 -180 -125 -63 -100 -237 -353 -367 -304 -196 -81 -13 -1 -9 -7 1 3 2 3 3 1 0 0 -1 -2 -1 0 1 3 3 1 5 8 1 2 11 26 93 235 408 491 331 -51 -419 -567 -502 -349 -205 -104 -38 -8 -8 -13 -13 -9 -6 -6 -4 -2 -3 -4 -3 -1 0 0 0 0 1 3 5 7 9 8 14 54 168 317 344 187 -46 -180 -137 -35 9 8 5 6 4 1 -1 -2 -2 -4 -8 -11 -12 -7 3 20 62 115 128 80 11 -35 -52 -39 -14 -10 -22 -24 -20 -28 -35 -32 -28 18 119 169 113 20 -83 -216 -327 -355 -303 -196 -81 -14 -8 -25 -31 -36 -57 -76 -68 -26 44 112 125 67 6 -7 -3 -9 -11 -6 -10 -25 -21 -7 -117 -296 -252 -57 15 -3 -9 -3 2 4 7 33 83 41 -43 -4 53 55 43 -8 -34 -2 81 138 -29 -156 28 130 79 140 142 28 -21 -18 -9 13 23 -37 -109 -80 -28 -18 64 236 276 134 -11 -103 -107 -28 23 21 14 -45 -188 -227 -102 -10 -6 20 113 145 58 -21 -31 44 200 367 513 620 655 616 592 632 642 612 586 503 314 118 23 -8 -23 10 126 222 159 26 -28 -15 18 65 89 65 15 -44 -70 -44 -10 3 7 12 8 -1 -2 0 0 0 0 0 0 0 -2 -4 -2 -5 -11 7 35 14 -39 -54 -37 -24 -7 30 52 25 -9 11 60 23 -126 -241 -201 -65 16 -92 -268 -229 -55 35 44 30 27 17 -13 -29 -34 -20 39 128 202 234 214 125 23 -26 -29 0 41 74 94 86 49 13 -5 -20 -37 
-89 -53 -5 8 20 70 107 112 124 132 115 97 81 58 36 15 -3 -16 -28 -34 -32 -29 -24 -20 -23 -26 -25 -22 -16 -8 -1 6 4 -20 -33 -10 11 13 18 32 34 15 1 9 24 27 18 2 -15 -18 -4 43 161 289 283 164 72 34 13 -6 -16 -6 8 9 3 0 1 0 -1 -1 -12 -14 9 19 9 9 14 3 -6 3 9 7 5 4 4 4 4 4 4 3 2 3 4 4 4 3 1 0 0 0 0 0 0 -1 -3 -4 -12 -57 -166 -289 -325 -242 -102 -7 -20 -105 -167 -155 -86 -20 1 -1 -2 -1 -1 -2 -1 0 -1 -3 -4 -4 -3 -1 0 1 3 4 4 3 1 -1 -2 -1 0 0 -1 -2 -1 0 -1 -2 -1 0 1 3 4 4 3 2 2 1 0 0 1 3 4 5 6 4 2 4 6 3 -4 -12 -14 -5 4 1 -13 -30 -43 -49 -54 -77 -100 -85 -100 -214 -316 -327 -333 -320 -202 -62 13 64 88 36 -38 -51 -25 -5 1 -1 1 5 5 4 4 4 3 1 0 -1 -3 -3 -1 1 2 1 0 3 6 0 -8 -9 -5 17 76 179 331 482 471 186 -236 -525 -566 -449 -297 -170 -81 -32 -11 -5 -10 -12 -7 -3 -2 -5 -10 -9 -2 3 4 4 3 1 -1 -3 -4 -3 0 6 21 87 239 400 454 324 82 -58 -53 -10 12 5 -3 1 0 -5 -7 -9 -10 -10 -11 -18 -23 -11 11 36 50 26 -35 -107 -162 -170 -115 -36 0 -12 -22 -22 -28 -27 -24 -33 -14 71 164 169 94 12 -89 -224 -323 -310 -191 -74 -8 37 47 24 -4 -16 29 132 240 315 329 250 116 26 -2 -14 -15 -9 -13 -19 -20 -21 -72 -246 -335 -166 -22 -15 -3 10 2 -2 -1 -2 18 5 -22 153 336 184 -32 -44 4 -15 -33 58 58 -114 -82 49 -77 -169 -2 113 76 78 97 67 13 -152 -315 -221 -44 1 3 68 136 82 -16 -48 -36 2 89 183 164 56 -53 -119 -87 -21 2 7 6 -75 -198 -116 161 417 611 735 759 693 582 462 368 350 359 371 448 549 581 576 626 666 575 378 185 24 -107 -120 -46 -18 -21 48 184 221 109 9 -10 3 20 27 19 16 21 9 -5 -1 2 0 0 0 0 0 0 0 0 2 2 -10 -23 -15 3 -12 -65 -100 -86 -39 21 50 34 29 44 57 50 -33 -179 -264 -190 -43 -11 -146 -249 -171 -63 -28 -39 -62 -64 -54 -38 -32 -27 31 110 167 210 196 145 101 49 19 16 -7 -36 -42 -45 -57 -65 -67 -73 -81 
-58 13 66 49 57 93 71 42 47 42 16 -6 -4 0 -12 -24 -33 -43 -51 -55 -56 -54 -49 -42 -35 -31 -31 -30 -23 -10 5 10 6 -1 -11 -11 9 39 52 42 23 -1 -11 10 39 44 22 -9 -21 -18 -3 99 253 279 177 85 35 6 -10 -7 6 0 -8 -2 0 0 -2 -19 -47 -78 -112 -101 15 148 151 60 6 -3 -8 -6 -1 -1 -3 -4 -4 -3 -2 -3 -3 -1 0 0 0 0 0 0 -1 -3 -4 -4 -4 -4 -4 -5 -5 -9 -31 -59 -75 -85 -84 -58 -24 -15 -31 -60 -115 -171 -152 -69 -12 -1 -3 -4 -4 -3 -2 -2 -1 -1 -2 -1 0 0 0 -1 -3 -4 -4 -3 -1 -1 -3 -2 2 3 0 -2 -2 -3 -5 -5 -1 3 5 7 8 7 4 2 3 4 3 1 1 4 7 6 1 -3 -5 -7 -11 -21 -35 -43 -39 -32 -38 -63 -102 -146 -183 -183 -131 -102 -144 -149 -82 -77 -148 -161 -102 -61 -51 -19 94 265 382 385 306 194 85 20 7 11 7 0 0 3 4 4 4 3 1 0 -1 -2 0 2 1 0 0 -5 -7 3 6 -1 -3 -1 5 37 117 255 431 521 375 21 -339 -534 -538 -422 -274 -152 -70 -23 -6 -4 -3 -1 -1 -5 -10 -9 -1 5 5 4 3 0 -3 -5 -7 -6 1 6 7 28 113 257 373 381 250 56 -50 -38 1 3 -9 -4 -1 -4 -6 -10 -12 -11 -9 -6 3 10 7 15 37 27 -51 -186 -303 -309 -209 -85 -14 -7 -15 -14 -14 -23 -35 -40 -38 -7 87 191 194 108 28 -40 -109 -124 -67 -3 56 118 117 51 -3 1 72 221 392 463 401 244 81 3 -17 -33 -39 -37 -42 -41 -39 -82 -227 -365 -271 -70 -5 -2 9 5 2 2 1 5 23 -41 -33 354 648 389 90 82 113 189 356 309 -20 -180 -22 -4 -180 -218 -172 -124 26 253 338 187 -22 -176 -193 -76 -3 3 15 -18 -149 -221 -125 -22 -5 10 115 187 97 0 -28 -35 8 93 128 75 -3 -27 133 469 731 758 560 233 -92 -359 -543 -642 -693 -700 -676 -643 -598 -542 -481 -361 -109 222 516 689 676 431 81 -86 -48 -4 4 19 12 -30 -48 -29 -16 -4 66 159 152 57 -2 2 8 0 -2 0 0 0 0 0 0 3 6 3 2 -1 -21 -37 -19 -5 -43 -83 -57 6 34 13 5 28 22 16 48 39 -63 -194 -235 -145 -18 -22 -199 -298 -187 -70 -38 -32 -19 1 14 40 61 71 85 86 105 136 131 119 111 66 -16 -84 -100 -80 -51 -28 -18 -12 2 18 
-52 32 72 58 71 61 5 -19 -28 -50 -62 -64 -62 -65 -76 -77 -68 -68 -76 -77 -66 -51 -42 -35 -23 -13 -9 -8 -7 -4 2 3 -5 -12 -26 -21 13 30 35 34 25 17 7 3 9 14 7 -9 -25 -20 56 201 276 199 93 45 18 0 -3 2 5 -2 -11 -14 -15 -21 -39 -73 -112 -121 -76 16 124 178 135 50 -1 -8 -1 0 -3 -4 -4 -5 -7 -8 -9 -10 -10 -9 -7 -7 -7 -6 -6 -3 1 0 -3 -4 -5 -7 -9 -10 -6 1 10 49 150 268 307 232 130 111 152 170 115 -10 -122 -132 -62 -10 -4 -5 0 -2 -5 -2 -1 -2 1 6 5 0 2 4 -2 -4 -2 -2 0 3 2 0 2 5 7 6 3 2 2 0 2 10 11 8 5 0 -1 3 6 4 2 0 -4 -9 -6 3 -3 -16 -23 -33 -41 -54 -112 -184 -181 -113 -79 -133 -215 -249 -252 -223 -135 -54 -40 -47 17 147 232 260 305 307 190 70 70 152 228 272 265 178 72 18 6 7 6 4 5 5 2 -2 -3 0 4 5 3 3 4 3 1 -1 -3 -1 3 -2 -12 -11 -2 -2 -9 -3 29 88 193 358 502 471 215 -140 -423 -544 -508 -372 -217 -104 -43 -20 -11 -3 -6 -12 -8 -1 2 0 -3 -3 0 1 -3 -8 -11 -11 -7 -4 -1 11 39 85 123 157 168 85 -29 -65 -33 -1 2 -1 2 3 1 0 0 3 10 17 21 16 6 6 26 49 12 -107 -236 -295 -247 -132 -42 -4 7 5 -4 -21 -44 -60 -63 -53 -4 100 205 230 178 118 81 65 72 117 198 242 178 57 -15 -19 17 112 239 304 256 134 35 -10 -36 -64 -94 -107 -100 -94 -116 -232 -422 -417 -174 -16 0 2 -1 -6 -3 -2 -4 5 4 -40 25 242 274 172 333 475 284 298 621 528 65 -36 157 155 81 39 -116 -182 -6 182 164 29 -56 -80 -48 62 185 178 72 -60 -191 -167 -45 2 5 9 -25 -110 -133 -53 -4 -20 40 185 193 83 169 486 746 696 350 -97 -485 -676 -678 -616 -538 -461 -416 -388 -347 -350 -402 -449 -531 -656 -729 -696 -536 -223 168 498 638 517 253 64 14 -27 -151 -214 -121 -24 -7 4 55 90 56 -1 -21 -7 8 29 49 33 9 7 7 0 -1 3 3 0 -2 -2 -9 -16 -6 7 -6 -36 -33 1 12 10 17 -10 -52 -25 48 67 7 -84 -170 -173 -65 -5 -126 -295 -271 -106 8 51 70 83 76 59 54 36 15 -8 -28 15 60 62 76 66 3 -53 -63 -34 5 37 62 75 84 95 
-15 10 4 21 47 5 -53 -74 -88 -100 -99 -96 -102 -112 -115 -107 -90 -72 -62 -54 -37 -21 -13 -7 -1 5 12 18 17 7 -5 -7 -5 -15 -29 -16 6 0 -7 8 36 51 37 9 -9 -9 -5 -5 -7 45 185 273 217 125 58 12 3 5 -1 -10 -15 -8 -7 -28 -61 -97 -131 -139 -102 -25 71 147 163 116 53 17 4 1 3 1 -3 -3 -1 0 0 -1 -3 -4 -5 -6 -6 -8 -10 -10 -10 -6 1 3 0 -2 -2 -4 -7 -7 -5 3 27 70 137 213 245 228 209 200 194 189 180 111 -46 -147 -106 -36 -12 -8 -5 -6 -6 -4 -5 -5 -4 -4 -4 -4 -4 -2 2 3 0 -4 -5 -1 2 0 -2 0 4 5 3 4 7 5 2 2 0 -1 0 4 10 4 -10 -15 -12 -7 -2 2 -5 -31 -53 -56 -65 -95 -104 -89 -145 -283 -345 -242 -103 -65 -97 -93 -30 14 12 35 83 85 84 168 274 296 270 239 169 87 44 48 74 83 65 31 7 1 -3 -5 0 6 8 7 4 0 -4 -4 2 5 3 2 0 -3 -4 -4 -4 -5 -7 -6 -1 2 0 -2 2 2 -7 5 58 149 295 464 525 378 68 -257 -467 -523 -457 -319 -181 -92 -41 -22 -20 -11 -6 -13 -17 -14 -11 -9 -7 -6 -8 -10 -9 -10 -16 -20 -14 -1 11 20 15 9 33 42 -8 -57 -49 -15 2 3 3 4 5 7 9 12 17 16 1 -13 -8 8 27 66 116 113 10 -141 -224 -191 -88 2 26 5 -19 -25 -25 -39 -54 -55 -42 4 110 228 284 291 287 281 289 322 337 281 158 33 -16 -16 -22 -16 13 56 68 35 8 -3 -13 -43 -109 -151 -129 -115 -214 -417 -487 -290 -72 -9 -7 -9 -9 -2 -2 -4 -1 17 2 -42 35 83 -38 74 425 472 250 216 286 123 -81 3 180 214 215 151 1 -44 -15 -113 -238 -165 -27 -3 4 150 293 203 39 -47 -79 -23 74 107 66 7 -99 -183 -115 -26 -8 6 30 11 28 254 569 627 279 -230 -575 -653 -543 -369 -205 -61 51 91 78 81 114 117 98 78 27 -48 -142 -297 -510 -674 -690 -470 11 502 685 521 218 5 -68 -55 -16 2 7 6 -47 -138 -144 -63 -15 -15 2 35 43 30 14 3 2 5 3 -3 -3 2 1 -3 -5 -6 -6 1 5 -19 -45 -30 9 43 44 8 -6 7 30 55 37 -26 -109 -168 -146 -97 -114 -217 -287 -174 -11 48 47 35 19 -11 -41 -65 -70 -57 -65 -70 -40 -5 22 49 45 8 -4 19 42 55 57 41 20 12 
-24 -52 -64 -7 20 -39 -112 -156 -159 -150 -146 -133 -113 -93 -78 -67 -52 -26 0 10 7 2 4 11 14 14 14 15 15 11 2 -2 3 -5 -17 -11 4 21 23 9 9 24 28 18 10 3 -7 -9 25 132 248 234 128 59 23 -5 -12 -8 -8 -16 -33 -58 -83 -103 -116 -116 -93 -36 43 109 136 118 75 36 8 -5 0 8 7 2 1 3 4 5 7 8 8 7 6 6 4 0 -3 -4 -4 -4 -4 -4 -4 -4 -3 -2 -2 -2 -2 2 12 25 41 62 87 114 120 83 36 22 56 69 -12 -89 -78 -33 -3 0 -7 -2 3 1 5 10 3 -8 -8 -1 -3 -7 -2 -1 -6 -8 -7 -5 -4 -5 -6 -5 -4 -3 -1 1 3 5 0 -11 -11 -4 1 8 2 -23 -43 -49 -56 -67 -67 -36 -15 -61 -121 -152 -185 -214 -180 -78 -6 -35 -110 -129 -55 73 176 222 251 236 157 114 131 133 101 82 92 94 80 68 57 38 16 2 -3 -6 -8 -4 2 1 -6 -10 -6 0 2 2 3 4 1 -3 -3 -1 -1 -4 -7 -8 -8 -6 -1 4 6 4 0 -3 -3 0 4 6 6 7 14 41 108 231 396 509 445 203 -93 -346 -512 -536 -428 -276 -146 -67 -27 -6 2 4 -2 -10 -9 -8 -12 -13 -8 -2 -1 -2 -3 -7 -11 -11 0 21 23 -4 -10 18 12 -33 -49 -24 1 6 2 1 3 4 5 6 6 10 12 3 -3 4 11 29 108 208 190 31 -156 -242 -168 -44 5 9 12 10 11 9 -3 -9 -4 6 24 79 178 269 314 328 336 321 254 138 24 -28 -35 -38 -64 -123 -155 -125 -66 -22 -15 -17 -7 1 -4 -11 -17 -96 -292 -413 -283 -80 -3 0 0 0 0 0 0 -2 -4 12 21 -7 -99 -283 -240 102 173 76 279 393 83 -243 -205 4 -14 -153 -81 123 193 108 -46 -219 -225 -81 -8 -7 11 23 -54 -124 -79 -25 -11 59 221 267 124 -3 -64 -62 -4 25 27 26 -35 -69 178 497 387 -101 -512 -596 -439 -172 46 62 -13 -37 -17 12 28 20 -16 -37 -31 -26 -5 38 81 93 41 -82 -291 -551 -661 -410 125 558 548 229 24 20 64 112 117 49 -47 -101 -68 -13 -1 -3 6 -11 -38 -21 0 -7 -10 0 3 -2 -1 3 3 1 -2 -8 -16 -8 10 0 -34 -40 -9 7 -1 -6 5 12 8 24 33 -5 -63 -130 -178 -149 -101 -142 -260 -271 -133 -45 -59 -95 -110 -105 -121 -149 -157 -152 -144 -150 -146 -113 -85 -43 -2 -16 -42 -42 -31 -24 -35 -56 -68 -69 
-78 -96 -75 -24 -33 -92 -136 -151 -134 -113 -96 -69 -41 -18 -2 6 12 21 27 25 17 10 10 18 26 24 17 12 9 10 15 13 2 -18 -56 -66 -18 27 38 26 10 14 20 15 5 -17 -43 -37 57 200 241 164 76 14 -8 -1 -5 -12 -24 -59 -104 -134 -136 -108 -53 17 87 134 144 119 70 25 1 -10 -13 -7 3 8 4 -1 -1 0 0 1 3 4 4 6 11 13 11 10 7 3 3 1 -5 -7 -4 -1 1 4 6 7 9 8 6 5 3 5 14 13 -6 -15 -9 -13 -35 -49 -26 7 15 11 11 8 1 1 3 4 10 13 10 6 3 1 0 -4 -11 -11 -5 2 8 7 1 -2 -1 0 0 0 0 0 1 2 -2 -5 1 5 4 -3 -41 -121 -190 -177 -124 -127 -168 -157 -87 -54 -97 -163 -207 -196 -121 -2 142 265 280 174 80 100 179 221 204 166 122 81 81 90 56 22 25 26 9 3 5 0 -6 -5 4 8 2 -1 -1 -3 -4 -4 -3 -1 0 0 1 2 1 -1 -3 -3 -2 -4 -7 -8 -7 -4 0 2 2 2 1 1 2 2 2 4 9 8 -1 -5 10 67 175 326 471 485 313 51 -206 -426 -545 -515 -386 -227 -100 -46 -29 -7 8 6 0 -3 -5 -5 0 6 7 8 11 8 0 -6 2 26 36 6 -20 7 26 -18 -61 -42 -6 1 -1 0 0 0 1 4 6 6 7 9 7 0 -9 -10 36 148 230 154 -47 -201 -199 -101 -21 10 12 3 3 12 14 8 -2 -7 -6 2 28 62 89 106 104 59 -12 -80 -126 -119 -111 -131 -163 -237 -294 -258 -156 -61 -28 -39 -46 -10 70 115 40 -173 -341 -250 -63 3 1 0 0 0 0 0 0 2 1 -1 4 7 -161 -529 -663 -549 -608 -593 -261 -99 -238 -272 -74 110 1 -235 -210 27 141 55 -80 -149 -79 47 97 78 26 -110 -249 -191 -50 -1 -2 48 123 80 -12 -32 -28 -15 73 183 152 33 30 274 522 298 -253 -554 -430 -174 -44 -7 21 45 36 -12 -33 -23 6 61 60 14 -29 -34 29 71 54 51 68 64 75 39 -202 -542 -639 -273 326 565 320 99 161 234 130 6 -27 -14 3 32 57 44 10 -21 -34 -28 -14 -3 -2 -6 -5 0 0 -2 -1 1 1 -4 -11 -9 6 13 -16 -59 -65 -35 2 19 7 -5 -12 3 32 18 -17 -62 -123 -120 -68 -83 -208 -336 -290 -160 -123 -135 -138 -149 -174 -202 -234 -243 -210 -180 -169 -163 -161 -144 -109 -88 -97 -119 -127 -112 -90 -72 -58 -50 
-48 -57 -29 -42 -109 -126 -86 -49 -26 -5 17 35 47 55 60 58 46 30 14 1 -7 -10 -9 -1 10 11 7 5 3 3 8 5 -6 -21 -78 -115 -57 -2 4 14 30 32 23 13 -8 -44 -70 -30 115 240 205 107 47 5 -9 6 6 -38 -100 -134 -123 -73 -7 55 103 131 137 115 74 34 4 -11 -10 -2 5 8 4 -2 -5 -5 -3 -3 -4 -3 -1 0 1 5 9 9 8 8 7 5 3 0 -3 -3 0 4 7 9 10 8 4 1 1 1 -4 -10 -11 -5 3 3 -3 -25 -101 -140 -20 108 98 35 1 -3 -2 -5 -6 -8 -13 -14 -4 7 6 -2 -3 -1 -6 -8 -4 0 3 4 4 5 6 5 4 3 0 -3 -5 -6 -1 9 11 4 2 -6 -50 -168 -292 -247 -92 -44 -118 -190 -172 -82 -9 13 27 70 96 78 112 225 290 241 146 79 57 57 55 49 27 -11 -25 -20 -22 -13 3 2 -7 -8 -6 -7 -8 -6 1 8 7 1 -3 -2 3 5 0 -4 -2 0 0 1 3 3 0 -2 -1 -1 -4 -7 -7 -4 -1 -2 -5 -3 4 10 10 4 -3 -6 -5 -4 -2 2 4 13 49 137 285 443 504 390 162 -75 -293 -470 -555 -522 -392 -229 -109 -54 -29 -11 -3 -1 0 0 2 7 11 11 7 3 0 -8 -10 10 38 30 -20 -37 3 10 -44 -69 -39 -12 -5 -4 -4 -3 -2 -2 -1 -7 -15 -7 1 -2 -2 1 19 93 202 212 68 -100 -171 -128 -40 -2 -4 6 20 20 7 -4 -1 5 5 3 -12 -49 -87 -112 -135 -164 -207 -232 -216 -208 -203 -199 -209 -202 -188 -167 -135 -114 -110 -115 -118 -91 -24 6 -129 -332 -310 -119 -12 4 2 0 0 0 0 0 0 4 13 18 6 3 40 25 -107 -277 -430 -504 -530 -600 -536 -267 -55 -52 -124 -95 -44 -114 -178 -113 -49 -46 22 218 323 189 11 -111 -136 -46 14 14 10 -34 -152 -203 -106 -16 -3 -3 70 138 68 36 264 517 306 -184 -385 -251 -93 -57 -41 -51 -46 33 52 22 20 -18 -38 12 33 32 45 57 63 53 38 64 97 43 2 33 31 -66 -325 -592 -394 244 563 334 66 -50 -89 -55 -21 -13 50 169 193 91 2 -14 1 8 15 26 25 12 0 -4 -4 -3 0 3 4 3 0 -11 -10 12 3 -50 -77 -35 29 63 56 26 -8 -9 28 32 -7 -41 -63 -71 -48 -35 -101 -267 -350 -237 -146 -139 -126 -125 -128 -123 -124 -108 -64 -18 -11 -55 -105 -139 -131 -69 -34 -61 -93 -86 -44 -2 21 30 
-7 17 56 17 -53 -42 19 60 69 74 82 80 67 51 41 32 16 -3 -17 -23 -23 -20 -15 -13 -14 -10 -3 1 0 -4 -6 -5 2 5 -42 -96 -57 8 19 10 -1 -5 3 4 -20 -57 -64 -2 98 131 84 37 10 2 -5 -42 -89 -133 -147 -92 7 93 135 140 121 82 37 5 -9 -9 -1 6 9 11 10 3 -6 -9 -4 1 1 0 0 0 0 0 0 0 0 0 0 -1 -3 -5 -7 -6 -2 0 1 3 5 7 8 5 -1 -3 1 7 10 8 5 4 4 -1 -17 -49 -113 -119 32 154 104 21 -8 -7 -2 -2 -1 -3 -9 -11 -8 -6 -8 -9 -3 5 8 6 1 -5 -8 -4 5 11 10 8 6 2 -1 -4 -7 -5 5 13 7 -2 -1 0 -7 -22 -39 -17 50 89 62 -18 -86 -42 83 181 233 257 219 110 36 66 116 106 59 25 19 16 -7 -39 -59 -67 -80 -94 -77 -29 -3 -4 5 13 11 9 7 4 1 3 6 2 -3 -2 2 3 -1 -5 -5 -3 -1 2 6 8 8 6 3 3 3 1 -1 -3 -4 -4 -4 -1 6 11 11 6 -1 -4 -3 -1 0 3 7 3 1 27 95 222 388 484 426 250 52 -126 -306 -481 -575 -517 -354 -193 -88 -38 -17 -6 -1 -2 -4 -2 0 -2 -4 -2 0 -2 -7 -2 28 53 14 -48 -28 26 -1 -64 -62 -21 -6 -8 -8 -8 -8 -9 -10 -5 4 9 6 -4 -6 1 5 43 146 216 143 -29 -180 -204 -105 -9 30 40 27 8 2 -3 -11 -34 -72 -97 -122 -156 -180 -194 -205 -210 -223 -229 -207 -197 -187 -161 -118 -12 101 113 18 -100 -155 -148 -129 -109 -95 -172 -339 -361 -169 -15 6 -2 -1 0 0 0 0 0 0 -3 -5 3 3 22 210 511 676 712 680 598 525 321 -15 -149 -77 -128 -196 -57 -17 -188 -220 -82 2 18 63 141 123 13 -43 -49 -35 63 201 201 92 -45 -194 -184 -54 1 2 13 -23 -120 -121 129 445 301 -231 -436 -220 -8 20 -4 38 39 19 -1 -50 -40 -29 -45 -59 -110 -119 -40 80 123 37 -8 23 46 58 85 120 104 79 92 61 -159 -508 -448 165 512 189 -161 -136 -18 3 -6 33 67 20 -23 -15 -5 13 59 88 64 24 8 7 2 -2 -2 -1 2 5 6 4 -6 -8 8 7 -33 -67 -48 -13 -1 4 9 5 -5 6 26 10 -8 -4 -15 -30 -35 -53 -160 -298 -259 -130 -83 -66 -35 4 52 110 160 181 199 195 130 47 -23 -48 -13 11 -5 -26 -22 15 55 73 76 
0 65 109 89 63 65 75 79 72 64 54 33 7 -14 -25 -27 -24 -21 -18 -12 -4 3 9 4 -9 -7 2 2 -3 -6 -5 -3 -1 -3 -34 -96 -96 -22 17 9 -4 -1 18 21 -8 -27 20 106 115 21 -54 -72 -77 -68 -73 -125 -167 -134 -41 64 134 140 99 52 20 -1 -9 0 11 10 3 -1 -4 -7 -9 -10 -8 -3 4 7 3 0 0 -1 -2 -1 -1 -5 -9 -8 -5 -4 -5 -8 -11 -10 -5 -1 0 1 3 4 4 5 5 1 -3 -2 2 3 1 -4 -6 5 7 -15 -31 -10 43 63 26 0 2 2 0 4 8 8 9 -1 -38 -86 -108 -94 -71 -49 -22 -4 2 3 1 1 5 8 6 3 1 0 0 -1 -2 0 4 4 -1 -2 -1 3 36 140 250 221 118 105 173 203 157 117 126 159 183 174 131 71 26 11 7 -3 -13 -11 1 1 -27 -87 -141 -136 -108 -94 -71 -37 -16 -9 -1 4 5 8 10 8 4 1 1 2 0 -3 -5 -6 -6 -6 -5 -3 -1 1 4 8 11 10 6 4 5 7 7 3 -2 -3 0 3 4 3 2 3 3 -2 -6 -4 -3 1 11 14 12 10 27 81 166 313 469 475 341 239 190 51 -218 -484 -580 -467 -261 -102 -32 -9 0 0 -4 -6 -4 -1 1 1 0 3 -2 -19 -12 32 47 -2 -30 6 19 -33 -67 -42 -14 -8 -8 -9 -11 -13 -15 -12 -10 -15 -18 -21 -17 -3 4 21 95 202 217 77 -119 -216 -153 -31 33 34 11 10 32 14 -54 -120 -163 -200 -225 -213 -176 -141 -107 -71 -39 -35 -55 -53 -61 -70 -24 67 166 185 100 2 -33 -16 17 19 -108 -358 -445 -240 -49 -3 4 -1 -3 0 0 0 0 0 0 -1 2 10 9 -13 -97 -206 -134 200 411 253 144 200 99 -49 -34 -6 -21 -9 -78 -149 -67 15 15 9 -15 -143 -258 -175 -41 -5 6 124 254 177 27 -41 -77 -55 40 102 75 22 -74 -154 -25 287 337 -115 -429 -286 -120 -89 -76 -14 31 6 -2 -7 -20 19 9 -17 5 -10 11 79 121 106 39 15 -5 -58 54 413 695 729 663 471 214 89 -90 -447 -413 164 438 200 17 -3 -1 12 -13 -118 -173 -94 -14 -6 2 43 62 28 -11 -13 3 9 5 0 -3 -3 -1 0 0 -3 -11 -10 2 -2 -19 -15 6 20 24 14 1 -2 31 73 42 -2 4 13 1 -16 -28 -82 -213 -243 -67 65 69 75 95 129 172 192 193 191 186 167 126 83 58 46 43 38 19 -5 -17 -14 -11 -14 
23 77 81 60 62 55 34 16 3 -5 -17 -38 -56 -62 -60 -51 -33 -14 0 9 13 17 21 17 9 8 8 0 -7 -3 7 16 15 0 -28 -93 -127 -66 -13 3 22 29 29 26 26 78 208 308 245 79 -49 -109 -129 -141 -152 -135 -79 13 106 140 105 46 10 0 -4 -2 8 15 9 -3 -4 2 1 -3 -2 3 7 6 1 -2 -1 0 0 -1 -3 -4 -4 -5 -7 -6 -3 -2 -1 -1 -4 -6 -4 -1 0 1 2 1 0 1 0 -7 -13 -11 -5 -1 1 4 7 10 13 24 71 93 6 -79 -64 -17 8 6 -4 -2 -1 -7 -12 -36 -106 -194 -234 -213 -181 -141 -79 -33 -8 8 9 3 -1 -3 -3 -2 -2 -1 0 0 0 -1 -3 -5 -3 5 4 0 37 131 219 194 85 49 114 180 185 136 73 41 44 37 5 -19 -31 -55 -73 -53 -13 12 12 -3 -17 -47 -90 -87 -34 17 25 -2 -10 4 5 -1 -2 0 3 2 -3 -7 -5 2 6 2 -7 -12 -9 -5 -3 -1 0 0 1 3 4 4 4 4 5 6 5 3 0 -1 2 3 0 -3 -4 -2 2 0 -6 -6 -4 0 9 15 16 11 -1 0 42 136 281 436 519 523 521 510 389 129 -138 -253 -198 -90 -26 -4 4 4 0 -1 2 3 0 -6 -12 -11 -18 -45 -56 -16 40 36 -22 -40 -9 -17 -63 -65 -27 -8 -8 -9 -11 -12 -12 -12 -19 -29 -26 -19 -16 -10 -3 5 41 138 225 188 54 -70 -108 -52 15 19 -22 -46 -38 -43 -73 -101 -120 -133 -126 -95 -66 -41 11 95 162 157 108 78 56 35 43 64 71 71 77 92 99 86 93 58 -157 -364 -288 -89 -8 -9 -9 -4 -1 0 0 0 0 0 0 0 5 2 -18 -44 -178 -451 -562 -317 -150 -391 -644 -546 -228 -28 -19 -41 -40 -58 -87 -63 52 215 244 110 -47 -187 -204 -83 -6 -4 3 -12 -108 -160 -87 -21 -7 34 145 187 83 -17 -58 -54 123 330 90 -329 -297 -70 -31 -71 -79 -39 -8 -21 -49 -50 13 89 99 105 159 131 53 14 -79 -129 -29 48 -6 -49 193 541 501 259 302 536 516 262 139 -44 -420 -340 230 411 197 139 144 72 -22 -92 -67 -15 -9 -4 1 -33 -70 -59 -22 -2 -2 -1 4 4 0 -3 -4 -4 -4 -4 -11 -12 3 9 -7 -17 7 28 13 -8 -20 -24 10 50 31 -11 -20 -6 12 26 13 -19 -116 -207 -96 51 58 32 26 42 41 -7 -48 -65 -50 -1 32 55 63 26 -3 -4 -19 -56 -92 -106 -102 -97 
98 72 17 -16 -12 -11 -26 -44 -57 -63 -62 -62 -67 -63 -44 -27 -18 -5 14 26 26 23 19 15 11 2 -3 -1 -3 -6 -2 9 11 1 -12 -65 -115 -74 -14 4 13 19 29 40 63 156 295 351 278 164 73 6 -32 -47 -39 21 103 141 127 77 20 -9 -9 -2 0 2 2 -4 -9 -7 -1 4 7 8 8 7 5 2 -3 -5 -2 0 1 3 2 -2 -4 -1 4 3 -1 -1 1 2 1 0 0 -1 -3 -5 -7 -8 -7 -7 -9 -8 -6 -7 -8 -7 -4 1 4 -1 -1 30 107 158 67 -79 -127 -102 -59 -18 -1 -11 -25 -36 -75 -140 -180 -153 -87 -59 -99 -154 -150 -85 -24 -3 -1 2 3 2 1 1 3 1 2 9 6 -1 -4 -6 2 12 10 3 13 48 82 74 27 0 8 24 27 16 2 -21 -34 -34 -50 -75 -106 -146 -153 -108 -51 -10 5 0 12 53 85 88 90 101 88 42 8 2 -1 -2 -1 -4 -5 -1 1 -1 -1 1 3 3 1 -1 -2 0 3 3 1 -1 -3 -4 -4 0 7 9 5 -1 -4 -5 -8 -7 -1 1 0 1 1 -2 -3 -2 -5 -8 -6 -5 -7 -7 -7 -6 -3 1 18 45 99 227 391 476 471 485 557 609 548 373 184 64 15 0 -3 -4 -10 -14 -25 -49 -72 -76 -53 -39 -79 -162 -206 -151 -39 23 -39 -135 -142 -117 -120 -100 -50 -17 -16 -22 -20 -17 -15 -12 -5 -1 -5 -8 -11 -18 -22 -16 7 76 196 280 252 142 27 -25 -8 11 -26 -101 -134 -99 -42 10 41 53 58 61 67 55 45 89 157 193 177 129 119 142 141 104 46 16 29 57 78 76 48 -53 -202 -200 -68 -9 -4 3 1 2 2 0 0 0 0 0 0 -1 -4 -22 -50 24 300 552 501 260 156 270 330 219 79 7 -15 -39 -52 -47 -36 -16 109 301 272 82 -38 -82 -43 49 114 97 22 -109 -234 -180 -46 0 0 28 45 -10 -46 -28 -18 23 198 235 -95 -284 -133 -11 20 50 59 35 9 16 5 13 80 87 60 72 68 42 21 -15 -20 121 336 416 304 123 106 75 -297 -675 -677 -239 341 457 207 76 -118 -395 -151 348 403 242 130 24 -40 -47 -2 61 98 91 41 -32 -71 -48 -11 1 -1 0 2 1 0 -1 -2 -1 0 1 -1 -6 -1 2 -20 -40 -34 -18 6 20 3 -20 -23 1 22 5 -18 -21 -11 10 25 35 -17 -180 -245 -112 -23 -50 -75 -70 -72 -101 -134 -150 -137 -102 -57 -25 -9 4 -11 -35 -46 -86 -132 -122 -82 -56 
102 44 -9 -28 -33 -47 -65 -75 -82 -82 -65 -42 -27 -14 0 9 13 14 16 20 22 18 11 7 -1 -14 -19 -16 -16 -20 -19 -17 -18 -13 -8 -43 -105 -88 -8 29 28 24 24 29 70 166 229 203 152 124 116 114 114 124 142 155 146 110 57 9 -11 -6 0 -4 -8 -6 -5 -6 -2 4 2 -3 -2 0 -1 -3 -4 -3 -1 0 0 0 0 0 0 0 0 1 2 0 -2 0 3 4 4 3 1 0 -1 -4 -7 -8 -8 -8 -6 0 3 -2 -8 -10 -9 -7 -3 1 8 34 90 152 150 54 -69 -151 -179 -158 -121 -115 -133 -154 -176 -160 -64 89 208 216 134 16 -92 -140 -124 -68 -13 3 -2 -2 -6 -14 -11 -6 -4 2 11 16 7 -3 -1 -1 -3 1 6 14 20 11 -2 -6 -14 -33 -56 -69 -62 -74 -122 -142 -120 -113 -116 -99 -75 -50 -27 -12 -1 14 43 96 148 149 112 79 56 33 9 -6 -10 -8 -7 -10 -10 -4 2 3 0 -4 -5 -1 5 8 6 5 6 4 1 -1 -3 -4 -4 -2 2 5 5 2 0 -1 -3 0 7 7 2 -1 -2 0 4 7 5 0 -1 -4 -12 -12 -2 8 15 15 6 3 24 77 148 192 190 202 286 412 493 442 275 110 14 -21 -27 -42 -69 -83 -105 -164 -207 -177 -104 -59 -121 -299 -430 -377 -205 -55 -40 -178 -336 -384 -334 -235 -119 -35 -11 -15 -19 -24 -22 -18 -13 -6 -8 -9 -5 -5 -5 2 13 41 134 269 342 302 162 5 -54 -18 11 -28 -79 -58 24 112 155 147 127 113 116 113 81 57 72 113 135 128 137 165 167 131 71 14 -5 -1 8 24 -34 -203 -269 -132 -11 6 3 1 -4 -4 -1 0 0 0 0 0 0 3 0 -12 -8 10 78 256 314 28 -124 185 496 478 217 12 -17 -21 -31 -10 3 8 30 -31 -130 -103 -33 -21 22 183 287 175 22 -66 -87 -24 34 46 36 -12 -115 -161 -81 -9 -3 68 212 106 -171 -172 -35 3 8 -13 -28 -45 -70 -11 59 90 87 7 -26 -29 -74 -21 16 35 338 680 702 615 494 166 -148 -180 -113 -180 -406 -533 -155 317 249 61 47 -191 -344 80 369 95 -115 -74 -18 -1 41 169 230 122 11 -13 -7 5 20 24 19 9 -1 -3 -1 0 0 1 3 3 -3 -14 -10 1 -12 -29 -28 -3 43 55 25 1 -3 31 56 19 -14 -12 -14 -20 -6 21 20 -124 -314 -263 -98 -36 -19 -15 -7 18 26 18 -11 -48 -36 -7 4 27 34 6 -9 -7 -20 -28 -7 21 
27 -16 -46 -47 -56 -83 -96 -88 -80 -70 -48 -16 16 33 30 25 27 20 6 0 2 2 -5 -13 -17 -20 -25 -28 -24 -17 -12 -11 -4 6 7 -24 -103 -113 -17 48 53 41 13 -2 62 161 168 93 38 30 44 69 95 109 109 90 57 30 10 -6 -12 -8 0 3 -1 -4 -3 -1 -1 -2 -1 -1 -3 -4 -4 -3 -1 0 0 0 0 -1 -4 -7 -7 -4 -1 -3 -8 -7 -2 1 3 6 9 7 2 1 2 1 0 -1 -3 -3 -1 0 0 0 0 0 0 -1 -3 -2 5 21 50 88 125 131 81 -6 -96 -155 -171 -168 -170 -159 -88 49 188 245 213 169 172 180 106 -42 -159 -162 -82 -13 4 -9 -22 -27 -24 -12 -1 -1 -2 4 8 7 2 -6 -9 -2 9 13 9 3 -5 -26 -72 -130 -172 -169 -124 -97 -115 -117 -75 -48 -24 36 70 52 26 6 -4 5 12 29 69 80 57 33 15 6 3 3 5 3 -2 -4 -4 -4 -3 -3 -6 -7 -4 0 4 8 11 9 2 -2 -2 -2 -1 0 0 -2 -3 2 8 10 8 6 7 4 -4 -7 -5 -5 -5 -2 0 5 11 5 -3 -1 3 3 1 -5 -7 5 12 13 18 23 41 54 44 47 68 85 106 109 44 -59 -123 -115 -76 -92 -168 -217 -216 -248 -277 -210 -126 -93 -110 -183 -251 -258 -204 -88 20 -35 -250 -416 -443 -369 -218 -76 -13 -4 -10 -15 -13 -10 -11 -11 -9 -6 -1 5 12 9 -7 8 81 166 216 211 128 -11 -115 -110 -34 12 0 10 91 163 162 132 127 132 133 154 161 116 64 50 74 109 121 111 101 87 46 -4 -13 3 3 -19 -136 -298 -269 -95 -5 1 0 -5 -10 -7 -2 0 0 0 0 0 0 2 4 1 -2 -39 -232 -502 -635 -715 -760 -674 -575 -432 -191 -29 12 48 112 148 124 63 -76 -265 -256 -82 1 0 34 122 100 -19 -43 -28 -31 37 150 154 65 -21 -98 -93 -24 6 4 71 159 24 -166 -86 72 82 -6 -66 -39 -8 -21 -32 -28 -52 -103 -37 185 239 75 -29 -88 -6 288 328 21 -86 115 188 -130 -315 105 502 411 140 48 165 168 34 13 -58 -282 -170 147 75 -74 -32 -4 -5 17 41 5 -53 -55 -31 -9 44 102 92 40 6 -3 -1 0 1 2 1 0 2 1 -6 -4 5 -3 -23 -19 2 -1 -13 -8 -6 -12 17 51 19 -16 0 11 -6 -19 -14 8 -24 -155 -190 -68 26 66 78 83 124 166 165 111 56 51 82 91 60 48 52 61 117 146 89 34 21 
-22 -60 -92 -98 -100 -104 -91 -59 -29 -15 -7 7 25 36 36 27 14 6 0 -5 -8 -15 -26 -33 -28 -19 -14 -7 3 9 7 8 17 15 8 -15 -98 -136 -48 27 37 37 19 16 82 144 117 49 7 -4 -2 2 4 2 -4 -7 -3 -1 -3 -4 -4 -5 -7 -8 -8 -7 -5 -3 -2 -3 -4 -5 -5 -2 0 0 1 3 4 3 1 -1 -4 -7 -7 -4 -1 -1 -3 -4 -3 -1 1 4 7 5 -1 -4 -3 -2 -3 -4 -4 -3 -1 0 0 0 0 0 0 3 7 4 -2 -1 9 27 49 84 131 156 144 105 64 51 69 112 166 197 183 121 44 17 63 136 169 119 -11 -144 -180 -127 -84 -92 -125 -159 -158 -98 -27 -3 -11 -13 -6 -1 0 1 4 6 3 2 7 8 -2 -32 -81 -118 -121 -87 -37 7 56 83 68 42 20 19 28 13 -4 -9 -15 -13 -5 0 5 7 2 -4 -3 3 8 10 9 7 5 4 4 3 0 -2 -2 -2 -1 1 3 5 7 6 1 -2 -2 -2 -1 0 0 1 3 4 4 3 -1 -4 -2 -4 -10 -8 -2 1 4 5 0 -4 -3 -4 -3 6 12 7 -3 -7 -2 -1 -13 -24 -20 -9 -19 -46 -48 -43 -73 -134 -178 -158 -158 -278 -398 -361 -228 -148 -170 -214 -189 -130 -100 -83 -70 -67 1 178 311 251 95 36 100 165 107 -71 -247 -326 -266 -133 -44 -15 -4 6 8 3 0 0 0 0 0 0 3 5 0 8 44 77 70 30 -10 -52 -117 -153 -95 19 105 138 133 115 119 137 154 168 172 177 172 128 70 49 63 76 63 31 7 -13 -24 -23 -28 -26 -23 -83 -232 -283 -139 -17 -6 -11 -11 -14 -5 5 3 0 0 0 0 0 0 1 2 0 -3 112 322 198 -182 -324 -317 -341 -393 -374 -196 -44 33 206 427 449 256 52 -97 -167 -103 -7 26 23 -8 -124 -227 -154 -31 -2 -12 44 120 77 -8 -30 -27 -14 7 18 15 58 101 -2 -95 -37 -3 -35 -40 24 102 100 86 57 1 -39 -1 221 474 593 522 247 14 -16 -17 -84 -66 9 128 431 367 -229 -319 249 685 723 398 23 -31 48 53 25 -156 -263 0 176 74 15 21 21 -9 -123 -196 -116 -27 -13 -7 26 50 22 -9 -4 2 0 0 0 0 0 -1 0 3 1 1 8 4 -15 -20 -16 -35 -49 -24 8 -7 -27 8 22 -4 4 23 17 9 5 5 1 -62 -94 2 79 93 103 104 123 156 154 127 122 124 125 133 109 73 86 126 160 166 113 20 -55 
-30 -40 -61 -81 -82 -61 -30 7 40 46 30 11 1 5 13 9 -4 -9 -10 -16 -23 -27 -26 -21 -14 -1 16 27 31 29 19 12 8 -1 -4 -12 -79 -150 -94 2 24 18 14 52 130 141 77 26 5 -1 -2 -8 -14 -16 -14 -13 -16 -15 -8 -1 2 -1 -8 -12 -9 -5 -4 -4 -3 -2 -3 -4 -4 -3 -1 0 1 3 4 3 0 -2 -2 -3 -3 -2 -2 1 5 4 2 2 1 0 0 0 -1 -3 -3 -2 -2 -1 0 1 3 3 2 2 1 0 0 1 3 2 -3 -7 -7 -3 4 24 66 117 160 183 188 192 203 206 175 106 34 -1 0 10 14 28 75 133 141 57 -80 -175 -186 -165 -171 -202 -225 -202 -130 -55 -9 3 -8 -16 -15 -10 -1 4 0 -5 -4 2 14 32 56 92 137 150 114 102 144 142 44 -54 -82 -81 -87 -84 -55 -21 -8 -7 1 6 -1 -4 -2 -2 1 6 7 3 -2 -3 0 3 4 2 -4 -6 0 4 4 3 1 0 -1 -3 -3 -1 0 0 0 0 0 1 2 1 0 -1 -3 -3 0 5 10 9 0 -9 -10 -3 5 4 1 9 14 1 -21 -36 -39 -26 -13 -33 -77 -111 -107 -72 -78 -176 -281 -289 -267 -325 -387 -336 -257 -284 -348 -332 -255 -145 -36 20 60 148 188 96 8 11 107 298 430 384 247 121 85 183 279 206 16 -170 -254 -186 -70 -10 5 12 12 2 -7 -11 -10 -7 -9 -13 -12 1 20 15 0 27 61 12 -100 -178 -193 -144 -22 112 179 170 111 58 75 129 152 149 133 104 83 67 44 32 34 30 11 -10 -22 -30 -38 -65 -119 -170 -210 -281 -332 -224 -52 1 -7 3 5 3 5 0 -2 0 0 0 0 0 0 -3 -10 -10 -2 75 323 556 603 626 670 690 680 554 301 79 1 45 138 119 -8 -59 -62 -66 21 180 229 121 -14 -149 -182 -70 0 2 13 0 -79 -122 -62 -14 -8 1 1 -2 2 15 11 -33 -38 -21 -96 -131 -26 50 69 78 60 51 56 139 405 622 503 337 454 562 357 -23 -278 -101 259 150 -221 -36 472 279 -401 -564 -226 -51 -275 -442 -196 59 54 26 -61 -200 -51 153 131 149 184 102 -3 -88 -101 -42 4 28 26 -26 -83 -84 -43 -9 1 1 2 1 0 0 0 -2 -4 -4 -5 -3 -3 -15 -28 -32 -31 -27 -8 29 25 -22 -14 19 5 -1 18 26 28 24 10 -4 -69 -137 -57 70 104 99 93 88 90 85 84 99 93 72 77 72 30 21 55 69 79 81 18 -65 
-33 -18 -14 -22 -16 12 40 51 51 42 18 -13 -33 -36 -33 -30 -27 -27 -28 -31 -34 -27 -12 3 15 25 32 32 28 22 10 -3 -10 -5 2 -3 -52 -148 -143 -22 37 17 22 97 163 130 55 13 -4 -8 -7 -10 -11 -7 1 7 5 0 -4 -7 -8 -7 -6 -7 -7 -5 -3 -2 -3 -4 -4 -3 -2 -2 -1 0 -1 -2 -1 0 -1 -2 0 3 3 0 -2 0 3 4 4 4 3 1 -1 0 4 4 1 0 1 4 7 7 5 4 4 3 1 0 0 -1 -2 1 6 6 3 2 2 0 0 13 36 57 69 69 59 43 27 18 15 10 -1 -11 -10 -3 14 69 156 201 145 41 -12 7 60 95 48 -71 -156 -145 -83 -28 2 7 -1 -8 -8 -5 -5 -5 -4 -6 1 36 94 145 168 147 99 76 72 34 -70 -165 -153 -112 -114 -91 -38 -3 6 -4 -14 -10 1 8 10 7 3 2 -1 -3 0 1 2 6 7 4 0 -1 2 4 4 3 1 -1 -3 -4 -3 -1 0 0 0 0 0 0 0 -1 -2 1 7 10 9 4 -3 -4 -2 -4 -7 -8 -9 -7 1 7 5 -3 -17 -52 -115 -149 -110 -86 -179 -322 -356 -257 -161 -203 -348 -392 -281 -180 -152 -157 -138 -3 170 186 80 46 128 208 228 260 284 217 126 100 121 143 142 127 107 51 4 72 218 277 166 -46 -220 -230 -110 -16 1 -6 -9 -11 -15 -18 -15 -10 -9 -11 -11 -16 -16 -2 0 13 48 18 -104 -223 -250 -161 1 135 174 143 94 55 52 80 87 67 43 21 15 20 20 16 14 11 9 12 0 -38 -124 -239 -320 -380 -438 -448 -325 -130 -29 -14 -2 6 3 11 12 -2 -4 0 0 0 0 0 0 -3 0 12 5 -71 -104 123 394 432 368 287 179 77 29 28 -33 -197 -357 -377 -233 -59 -2 -10 97 265 230 59 -36 -70 -51 43 140 137 67 -28 -134 -121 -21 14 -1 -2 -1 -10 -9 -29 -58 -56 -55 -51 -35 12 78 56 -32 -30 28 72 100 151 324 319 -71 -383 -167 312 429 93 -340 -434 -209 -140 -166 -17 241 299 -36 -449 -697 -812 -760 -529 -233 -57 -54 -44 -27 -109 -51 117 163 187 150 33 -36 -47 -11 54 106 98 52 0 -40 -30 -4 3 6 7 5 3 1 0 1 0 -2 -1 -2 -1 1 -9 -22 -11 25 46 38 40 50 31 13 16 3 -7 11 24 23 21 16 18 -22 -126 -110 41 108 90 86 83 69 60 45 11 -27 -49 -53 -33 -20 -43 -58 -54 -23 31 53 43 
-68 -43 -11 15 37 55 59 38 5 -14 -24 -33 -36 -37 -41 -42 -36 -32 -28 -18 -6 6 15 23 31 29 17 7 3 0 -4 -8 -5 9 13 7 -18 -125 -201 -99 18 31 62 138 148 84 24 -3 -4 -3 -6 -4 -2 -3 -5 -2 5 4 -4 -10 -11 -8 -5 -4 -5 -6 -5 -3 -2 -3 -4 -3 -1 -1 -3 -4 -4 -4 -4 -4 -3 -1 1 3 3 1 -1 -3 -3 -1 0 1 3 4 4 4 4 2 -3 -6 -4 1 6 7 5 4 4 4 4 4 3 2 3 5 7 6 1 -3 -5 -7 -6 -1 1 -3 -6 -4 0 2 2 4 5 -2 -14 -17 -3 12 14 20 53 112 170 194 179 172 200 227 225 160 9 -143 -180 -112 -37 -3 6 5 -2 -6 -6 -7 -9 -11 -10 5 38 65 62 36 23 22 -11 -73 -124 -120 -86 -86 -76 -20 18 17 14 15 8 -3 -9 -8 -6 -7 -7 -5 -4 0 7 7 1 -1 2 5 8 8 3 0 -1 -2 -1 -1 -2 -1 0 -1 -2 -1 0 0 0 -1 -3 -4 -3 2 9 8 -3 -21 -36 -32 -17 -5 3 4 -3 -7 -5 -9 -15 -9 -8 -58 -168 -230 -166 -121 -231 -382 -415 -337 -216 -79 8 22 88 238 322 253 182 276 416 418 308 215 193 187 151 118 140 182 160 104 70 36 6 0 5 2 -5 29 141 258 231 59 -136 -237 -180 -67 -14 -10 -14 -10 -6 -4 0 2 0 -4 -6 -8 -10 -8 -9 -6 25 62 44 -31 -103 -130 -89 2 71 76 41 13 4 1 -4 -16 -25 -12 6 6 2 0 -5 -10 -13 -37 -110 -215 -324 -395 -409 -407 -404 -343 -180 -35 0 2 6 -3 -6 1 2 1 1 0 0 0 0 0 0 -2 -3 2 5 -68 -134 -119 -279 -553 -668 -686 -701 -652 -405 -96 -7 -105 -238 -249 -114 -18 1 23 35 -49 -151 -106 -25 -28 -3 144 258 170 24 -50 -58 -8 28 24 11 5 6 1 -2 -59 -117 -45 3 -11 46 67 29 78 232 390 489 574 491 82 -253 -247 -100 108 187 151 252 259 -79 -555 -658 -198 355 380 -51 -224 5 124 -50 -228 -205 -96 -89 -108 -38 31 18 -57 -34 90 104 -13 -116 -92 -24 -14 20 140 205 105 -2 -19 -12 -1 18 26 19 11 5 1 0 0 0 3 6 2 1 9 9 -3 -2 33 79 93 73 48 47 59 56 39 10 2 30 41 19 2 3 9 -8 -100 -141 -21 66 47 22 -2 -30 -40 -49 -76 -90 -82 -74 -38 20 21 -29 -65 -62 -17 57 115 
-59 -39 -2 35 51 43 22 -6 -34 -47 -44 -31 -15 -10 -19 -27 -25 -17 -2 21 43 51 43 30 20 9 -5 -14 -15 -11 -4 0 4 8 1 -1 -2 -94 -223 -178 -39 26 87 141 105 43 16 2 -1 -2 -5 0 6 6 -2 -11 -13 -12 -10 -5 -1 -2 -6 -7 -5 -4 -4 -3 -1 0 -1 -3 -4 -5 -7 -7 -5 -5 -7 -7 -4 0 3 4 4 3 0 -3 -4 -3 -1 0 1 3 5 4 -2 -7 -10 -12 -9 -5 -2 2 4 4 4 4 4 4 4 3 1 0 0 0 -1 -2 -1 2 4 -2 -12 -14 -6 6 14 15 8 -6 -12 -1 12 12 0 -9 -7 -2 6 26 58 88 104 96 75 83 133 184 163 39 -117 -181 -132 -67 -26 -2 3 2 4 2 -1 8 15 8 0 1 6 8 8 0 -35 -90 -77 46 102 33 25 78 74 27 3 9 9 2 2 3 0 -3 -3 1 6 6 0 -8 -16 -22 -21 -13 -4 -1 -4 -5 -4 -3 -1 1 3 3 1 -1 -2 -1 0 0 0 -1 -3 -3 0 3 2 -7 -23 -46 -71 -86 -93 -92 -76 -48 -20 -8 -7 -1 -2 -23 -57 -98 -144 -163 -141 -120 -66 71 153 74 13 120 297 369 321 311 335 303 273 264 230 186 150 119 93 64 34 3 -3 21 27 10 -4 -7 -7 -10 -16 -13 -6 2 69 206 295 213 -8 -195 -211 -108 -22 5 2 -1 1 3 4 2 -5 -14 -19 -13 -9 -16 -8 6 27 99 187 182 64 -78 -154 -125 -46 3 12 7 -13 -37 -35 -30 -36 -20 -5 -14 -13 -10 -20 -31 -55 -125 -247 -360 -371 -301 -246 -204 -150 -91 -39 -10 1 2 -3 -3 3 -3 -10 -1 3 0 0 0 0 0 0 3 0 -20 -25 -75 -236 -338 -342 -378 -399 -360 -281 -190 -99 -14 11 -14 -49 -44 25 110 134 66 -74 -230 -226 -83 -7 0 32 74 14 -76 -63 -34 -25 22 82 87 40 -2 -13 -6 -2 -69 -138 -4 126 75 82 114 23 62 415 593 323 176 289 120 -357 -422 111 370 -47 -377 -25 487 457 -30 -496 -625 -507 -519 -634 -446 -68 122 195 201 49 -49 -38 -31 38 73 31 16 27 51 8 -113 -141 -60 -3 3 8 21 -15 -62 -53 -31 -26 1 63 80 36 8 3 -1 -1 0 1 5 6 -1 -2 6 5 -4 5 32 38 23 14 -6 -28 -18 9 21 10 17 53 60 24 -8 -14 -8 4 -55 -154 -135 -70 -60 -75 -86 -85 -80 -64 -42 -19 2 21 42 79 113 78 5 -47 -55 2 65 
5 0 0 1 -6 -15 -18 -16 -14 -17 -16 -4 4 -2 -8 -7 0 19 37 41 38 33 26 14 1 -5 -6 -6 -5 -2 0 -2 -3 -1 -2 -4 -1 -42 -157 -184 -65 44 104 113 61 9 -2 2 -5 -8 -5 -4 -4 -5 -7 -13 -19 -13 -4 -3 -4 -3 -2 -2 0 3 3 1 0 0 0 -1 -2 -1 -1 -3 -5 -6 -4 0 4 7 7 5 4 3 1 0 -4 -8 -4 1 4 3 0 2 2 1 2 -1 -7 -9 -3 2 4 8 4 -2 -5 -6 2 -1 -15 -14 -3 1 0 4 9 7 1 -4 -8 -11 -12 -11 -8 -6 -5 0 5 5 5 5 0 -6 -8 -5 3 7 1 -3 4 4 -2 10 29 58 118 157 87 -54 -143 -156 -124 -59 -2 6 -5 1 8 11 15 8 -7 -9 1 7 8 -9 -64 -112 -45 91 120 88 114 123 66 18 5 -6 -8 5 9 6 6 6 11 7 -13 -33 -49 -62 -88 -117 -103 -49 -9 -2 -3 -3 -2 4 5 1 -1 -6 -10 -7 -2 0 0 -1 -3 -2 3 6 3 -4 -9 -13 -25 -52 -80 -97 -140 -196 -194 -153 -113 -66 -26 -1 4 -27 -73 -86 -30 37 31 37 190 405 476 376 254 220 252 248 169 102 86 93 108 98 53 7 -4 0 -8 -12 -6 -1 -10 -28 -35 -33 -22 1 16 21 31 49 57 38 57 172 309 309 126 -90 -197 -166 -81 -31 -15 -2 21 37 44 52 58 56 43 26 10 -2 -10 -22 -18 43 165 248 175 -11 -175 -204 -101 -14 4 10 0 -26 -45 -43 -21 -9 -17 -23 -18 -16 -20 -31 -86 -197 -286 -279 -191 -101 -57 -35 -16 -2 0 -5 -3 -1 -3 0 3 -2 -3 1 1 0 -1 -3 -4 -4 -4 -2 -1 -13 -10 -20 -259 -484 -264 47 124 104 73 32 7 16 3 -18 -11 28 189 348 256 57 -75 -126 -65 3 23 32 12 -71 -168 -142 -42 -2 -3 6 20 12 -6 -17 -20 -11 -4 -68 -171 -57 156 114 -17 4 30 8 89 77 -119 -220 -47 299 220 -279 -376 -234 -445 -723 -567 16 422 358 68 -320 -567 -589 -453 -156 23 56 148 132 2 -9 47 69 55 1 -8 60 72 7 -73 -110 -46 12 22 42 22 -92 -182 -121 -23 1 -3 15 26 5 -10 -10 -5 2 2 1 3 2 -1 -1 2 3 -1 -6 -10 -16 -28 -43 -45 -35 -49 -69 -41 -3 7 32 63 56 35 18 2 -3 4 -46 -157 -179 -114 -71 -49 -26 -8 5 28 57 76 81 80 72 66 78 69 5 -66 -74 -30 6 
22 -7 -40 -63 -76 -71 -46 -16 6 17 21 19 7 -8 -6 11 25 34 34 21 6 -1 0 0 -5 -7 -3 1 3 4 1 -3 -3 1 5 1 -3 -9 -82 -147 -63 66 113 87 41 6 -14 -15 -11 -9 -8 -8 -8 -7 -3 2 3 0 -4 -6 -4 -1 -2 -4 -2 0 0 0 -1 -3 -4 -3 -1 0 0 -2 -6 -7 -4 -1 0 -1 -2 -1 -1 -2 -1 3 8 7 -2 -12 -14 -10 -7 -3 1 1 2 5 4 0 -3 -3 -2 -4 -7 -6 -8 -13 -19 -37 -53 -54 -43 -21 -2 2 -2 -5 -5 1 7 4 -3 -6 -3 0 0 2 0 -8 -9 0 9 11 7 0 -6 -8 -5 1 0 -1 7 6 -4 -1 38 119 188 150 16 -108 -179 -169 -88 -20 4 9 8 5 2 -3 -4 1 0 -5 -9 -37 -101 -117 -23 25 -17 26 105 83 17 -3 6 2 1 8 5 -2 -8 -29 -64 -83 -90 -117 -146 -154 -179 -221 -198 -105 -33 -12 -10 -9 -6 -6 -7 0 8 5 -3 -4 0 2 1 -1 -3 -3 0 2 -2 -9 -10 -5 -3 0 8 1 -30 -61 -100 -177 -212 -140 -62 -40 -28 -8 20 76 172 234 199 173 227 258 227 205 177 135 106 67 30 11 9 18 14 4 4 5 2 -12 -22 -12 -11 -22 -21 4 39 48 26 -12 -55 -104 -175 -264 -344 -416 -479 -480 -382 -205 -72 -127 -332 -530 -630 -637 -603 -572 -543 -505 -462 -415 -351 -262 -170 -96 -36 14 47 59 56 61 119 225 248 105 -88 -181 -136 -32 21 18 22 26 8 3 20 20 8 9 11 17 24 -5 -96 -199 -207 -117 -39 -13 -3 -1 -10 -13 -3 4 3 4 4 1 -2 -3 0 0 -1 -1 -3 -4 -4 -4 -4 -5 -8 -12 5 37 -62 -247 -235 -97 -36 -16 -11 -52 -53 30 46 -4 -14 35 153 155 2 -50 -30 -42 27 195 273 165 -1 -130 -148 -60 -8 -7 0 -14 -66 -86 -46 -8 5 4 6 -20 -193 -202 136 219 -10 -103 -67 -164 -365 -230 212 328 87 186 542 257 -363 -214 234 27 -479 -654 -387 -5 119 62 1 -28 17 40 -34 -25 12 -22 55 123 69 -3 -23 10 47 118 79 -74 -113 -69 20 178 244 142 14 -65 -74 -26 2 5 11 8 -34 -67 -44 -19 -12 -5 -1 0 -1 -5 -6 1 4 0 5 13 -11 -37 -17 0 -12 -17 -13 -1 14 9 12 47 66 46 33 34 33 28 6 -45 -122 -135 -57 9 41 64 77 85 87 84 76 59 37 12 -19 -36 -26 -32 -61 -71 -66 -60 
-30 -55 -73 -75 -74 -67 -45 -18 3 19 24 13 -4 -11 -1 20 33 23 5 -3 -5 -7 -7 -5 -5 -7 -8 -8 -8 -6 -2 1 3 2 2 3 -1 -4 -57 -162 -139 15 87 55 17 -1 -13 -16 -9 -8 -10 -7 -1 2 0 1 4 -3 -10 -5 1 0 -1 -1 -5 -7 -4 -1 -1 -4 -8 -7 -2 -2 -4 -5 -6 -5 -4 -3 -4 -8 -6 1 3 2 4 5 9 15 8 -3 -6 2 10 6 5 7 5 4 2 -3 -7 -6 -10 -19 -14 -5 -7 -20 -49 -92 -121 -112 -83 -46 -12 -4 -7 -1 4 4 5 7 8 7 3 -1 -1 -1 -2 -1 -1 -3 -4 -2 2 4 4 4 4 4 4 5 4 -1 -4 -2 11 52 123 185 187 109 -26 -149 -191 -159 -123 -108 -86 -57 -30 -3 13 7 -7 -6 -19 -74 -109 -35 70 32 -43 17 83 49 5 -6 -8 -5 -6 -17 -24 -29 -40 -83 -176 -212 -155 -125 -126 -86 -49 -79 -112 -90 -49 -22 -25 -31 -14 -8 -14 -12 -10 -4 4 5 4 4 3 1 0 -2 -6 -7 -5 -4 -4 1 14 45 80 88 107 139 96 -16 -84 -89 -103 -127 -112 -46 53 155 215 194 127 96 99 78 36 20 25 19 7 -3 -11 -14 -10 -4 -4 -9 -14 -15 -12 -6 5 20 34 40 16 -63 -180 -308 -445 -572 -662 -717 -752 -774 -777 -761 -756 -746 -652 -438 -206 -131 -252 -458 -610 -660 -660 -668 -694 -707 -708 -714 -716 -704 -680 -644 -592 -520 -418 -294 -179 -74 53 211 330 271 48 -127 -136 -25 74 89 92 110 119 113 88 63 55 64 76 80 74 31 -57 -116 -88 -30 -8 -7 -5 -3 -1 0 0 0 -1 -2 -1 0 0 -1 -2 -2 -3 -4 -3 -1 0 1 3 3 -3 -14 -7 33 51 12 -22 -35 -46 -35 -7 -3 -11 35 62 11 -7 16 -82 -248 -219 -68 -11 -16 58 198 179 35 -37 -78 -75 39 157 158 80 17 -20 -27 -5 10 11 4 -2 0 -153 -290 0 239 97 -14 2 -100 -456 -594 -345 -291 -462 -339 195 436 -57 -381 -32 220 26 -337 -471 -251 -61 113 359 448 377 194 13 -58 -92 -72 -41 -79 -79 -62 -78 -49 101 254 96 -162 -131 -25 37 157 164 30 -46 -42 -20 40 131 150 79 10 -21 -22 -8 3 0 -5 1 3 -3 -5 -1 4 8 10 11 15 18 18 31 52 35 5 25 54 33 -3 6 45 63 52 41 47 65 65 30 -17 -85 -113 -33 51 73 70 63 52 29 -3 -34 -58 -73 -82 -87 -79 -46 4 20 -30 -92 -115 
-82 -72 -52 -31 -15 -5 -3 -3 -1 -2 -8 -16 -17 -4 14 24 22 11 0 -4 -5 -8 -11 -9 -4 -3 -5 -5 -4 -5 -4 -2 -5 -8 1 11 6 3 -36 -180 -235 -74 45 32 2 -16 -16 -4 -4 -8 -4 0 2 -1 -7 -11 -10 -4 3 4 -4 -10 -2 7 4 0 0 -1 -2 -2 -3 -2 1 0 -3 -3 0 3 4 4 2 -2 -2 2 3 1 2 1 -3 -2 2 8 9 5 1 -5 -3 5 7 2 -9 -21 -27 -30 -34 -43 -66 -91 -100 -107 -112 -124 -145 -131 -102 -77 -37 -4 8 10 9 8 10 14 15 12 8 4 1 0 0 0 0 -2 -6 -6 -2 1 2 1 0 1 3 4 2 -2 -3 -5 -13 -9 23 74 131 178 176 88 -49 -151 -194 -209 -215 -201 -147 -67 -15 -9 -4 9 -22 -102 -115 -3 49 -11 11 88 69 -6 -46 -58 -69 -68 -54 -50 -69 -99 -112 -116 -153 -170 -94 6 56 87 125 132 76 -6 -58 -95 -147 -160 -103 -39 -7 -2 -12 -11 1 5 3 1 0 0 -1 -4 -6 -4 -1 -1 -2 3 16 37 54 70 111 143 155 191 188 85 -37 -112 -146 -133 -68 6 22 -20 -49 -34 -11 -7 -16 -21 -12 -3 -5 -8 -6 -4 -10 -24 -35 -43 -46 -25 14 40 16 -86 -242 -411 -564 -679 -756 -785 -766 -722 -674 -619 -528 -415 -327 -266 -209 -159 -114 -68 -29 -7 -13 -24 -25 -46 -83 -103 -115 -146 -187 -222 -265 -336 -426 -511 -576 -622 -662 -683 -673 -628 -530 -347 -55 185 154 -40 -137 -84 31 112 128 129 139 145 140 124 107 106 114 106 88 60 11 -26 -20 -3 -5 -8 -4 -1 0 0 0 0 -1 -2 -1 0 0 -1 -2 -2 -3 -3 -1 0 1 3 4 1 -1 -1 -8 -4 -2 -20 1 44 40 32 48 23 -39 -30 26 16 1 -26 -178 -260 -131 -18 -3 10 11 -89 -208 -154 -22 14 12 119 248 195 54 -18 -28 -3 21 21 7 -1 -3 -7 -72 -281 -241 164 252 43 14 52 -132 -429 -419 -130 133 251 149 55 -13 -379 -581 -268 9 56 9 -83 40 416 598 423 321 485 477 130 -60 -29 -72 -96 -39 8 -29 -43 165 292 15 -215 -119 -14 -4 -81 -178 -135 -44 -24 -24 56 170 141 25 -31 -35 -10 25 39 25 8 7 7 1 1 4 2 11 21 4 -9 26 47 9 -11 -9 0 22 8 -27 -32 1 42 52 41 39 52 73 79 60 23 -61 -120 -69 -21 -28 -40 -52 -62 -73 -86 -91 -83 -71 -53 -22 9 44 92 111 58 -27 -77 
-74 -35 5 29 45 47 24 -7 -26 -35 -35 -24 -1 23 30 20 4 -5 -4 -1 -1 -4 -7 -5 1 3 1 1 2 0 -3 -4 -8 -11 2 16 7 0 -6 -111 -242 -181 -32 12 2 -5 -11 -13 -17 -16 -10 -9 -10 -7 -1 1 -1 1 6 6 0 -7 -11 -7 2 3 -3 -7 -7 -4 0 1 -1 -1 1 4 7 8 8 6 1 -4 -7 -8 -8 -8 -8 -5 -4 -11 -13 -6 -5 -15 -22 -21 -21 -21 -21 -24 -28 -38 -60 -82 -86 -97 -154 -212 -218 -199 -155 -79 -38 -61 -94 -85 -39 -1 8 4 3 5 7 8 8 7 4 1 0 1 3 3 1 0 0 -1 -3 -4 -4 -3 -1 0 0 0 0 1 5 8 3 -6 -9 -12 -1 66 163 209 178 116 71 29 -45 -134 -186 -162 -83 -17 0 -26 -80 -125 -86 -19 -75 -115 -3 56 -26 -115 -144 -144 -148 -153 -150 -131 -114 -116 -101 -32 55 72 51 85 121 94 80 115 77 -46 -128 -175 -233 -249 -190 -97 -24 8 15 14 8 2 -2 -4 -4 -4 -4 -3 -1 0 0 0 0 3 13 25 21 12 34 67 103 169 193 140 94 64 13 -41 -65 -70 -103 -142 -132 -104 -95 -72 -29 -10 -6 5 6 3 1 -7 -15 -12 6 29 32 -28 -173 -374 -571 -710 -776 -789 -757 -664 -522 -373 -244 -142 -65 -14 9 13 10 11 15 13 15 20 16 9 3 7 16 12 9 18 25 25 22 20 20 20 19 4 -32 -86 -166 -266 -377 -503 -623 -670 -581 -348 -100 -47 -139 -135 -3 108 131 119 109 105 112 121 122 111 96 92 93 85 64 34 9 -3 -6 -6 -6 -5 -3 -1 0 0 0 0 0 0 0 0 0 0 0 0 0 0 1 2 1 0 3 2 -18 -31 -20 -23 -38 -27 -18 -7 56 87 28 8 57 44 -18 -60 -89 -71 21 145 180 94 -41 -183 -188 -62 -3 -7 9 28 -25 -104 -85 -37 -29 -6 26 25 5 -2 4 5 -11 -190 -375 -57 331 201 -21 -20 57 -5 -114 38 279 188 -241 -409 -102 -48 -305 -260 -21 95 42 -86 71 303 69 -163 49 432 562 281 6 -52 -33 -23 -35 22 62 111 293 216 -142 -147 88 107 -10 -140 -164 -61 1 2 6 9 -52 -119 -78 -21 -18 -1 36 46 27 8 2 1 1 0 -3 2 13 12 3 4 5 -8 -51 -95 -73 -41 -53 -39 -11 -11 20 57 34 5 5 12 23 44 61 41 -44 -124 -118 -104 -110 -96 -81 -67 -48 -27 -2 27 52 72 92 103 104 111 117 89 23 -34 
-6 20 40 43 42 34 9 -22 -37 -31 -15 7 30 38 25 5 -7 -9 -4 1 0 -4 -6 -4 0 2 2 3 3 1 -1 -1 -2 -4 1 7 3 -2 4 -41 -205 -280 -137 -24 -15 -9 -8 -14 -8 -1 -5 -11 -14 -11 -5 -6 -16 -23 -23 -15 3 16 9 -3 -4 -4 -8 -11 -11 -8 -3 0 -1 -1 1 4 7 7 4 0 -2 -2 -6 -12 -10 -4 -6 -8 -7 -8 -4 -3 -10 -32 -66 -74 -53 -39 -55 -96 -126 -121 -100 -93 -95 -90 -98 -108 -89 -60 -19 59 109 74 33 31 23 1 -9 -4 0 0 -1 -2 -1 -1 -3 -3 -1 0 1 3 4 4 4 2 -2 -4 -3 -1 0 0 0 0 -1 -2 0 5 11 13 8 6 6 6 34 93 148 183 202 215 210 141 0 -140 -173 -100 -49 -81 -147 -161 -88 -49 -75 -35 17 -71 -231 -297 -251 -164 -95 -78 -93 -80 -28 21 43 74 143 130 0 -81 -72 -61 -42 6 -5 -69 -71 -18 15 2 -24 -23 -11 -9 -7 -3 -3 -4 -4 -4 -4 -4 -3 0 1 -2 -3 -1 0 1 5 5 5 8 0 1 19 30 38 54 88 140 169 145 85 16 -40 -59 -54 -72 -100 -92 -59 -40 -38 -33 -20 -10 -19 -24 8 27 -39 -197 -414 -626 -759 -792 -757 -660 -489 -289 -136 -53 -10 10 14 15 21 25 11 -15 -24 -9 0 -8 -9 -5 -7 -1 3 -6 -11 -6 0 -5 -16 -12 -2 -6 -18 -21 -7 10 15 15 18 19 16 -6 -67 -169 -289 -321 -206 -104 -177 -340 -371 -214 -35 62 105 107 82 67 72 76 70 68 78 102 116 83 23 -10 -9 -4 -4 -3 -1 0 0 0 0 0 1 3 3 1 0 0 0 0 0 0 -1 -2 -1 0 1 0 -15 -28 -7 2 -48 -94 -83 -48 -15 28 48 21 27 47 10 -14 -11 3 152 360 312 89 -54 -92 -38 32 67 68 34 -71 -202 -177 -53 3 5 -2 -3 -4 -4 1 -6 -12 1 -50 -312 -406 71 408 167 -44 13 13 -262 -600 -750 -762 -636 -378 -148 -35 -1 1 11 -27 -94 -99 -92 -73 24 212 178 -168 -150 212 197 -12 -30 -13 -31 -12 63 269 395 24 -366 -197 69 68 -33 -91 -53 21 53 51 45 -15 -129 -127 -26 10 0 3 9 4 -2 -4 -9 -8 0 0 -5 6 19 8 0 17 16 -6 -19 -32 -21 -17 -37 -6 27 10 33 72 46 23 23 4 -20 -15 18 31 -13 -67 -68 -65 -73 -46 -1 33 57 75 86 91 92 88 75 52 20 -8 -12 -1 -9 -33 
49 40 28 15 0 -15 -27 -32 -23 -1 22 35 34 23 9 -2 -7 -7 -4 -4 -12 -19 -16 -11 -9 -5 0 3 4 4 4 4 2 0 -4 -5 5 5 1 -5 -123 -293 -262 -101 -26 -11 1 -2 -8 -11 -12 -5 -1 -10 -28 -49 -62 -59 -54 -49 -29 -1 14 9 -3 -7 -5 -4 -4 -4 -3 -2 -3 -4 -3 0 2 -1 -8 -14 -12 -5 -7 -14 -10 -1 -3 -15 -27 -26 -26 -51 -73 -98 -154 -175 -130 -90 -100 -146 -177 -153 -95 -50 -30 4 71 129 157 167 157 144 144 149 154 129 62 5 -8 0 3 0 -3 -3 -1 0 0 1 3 4 4 5 7 7 5 3 1 0 0 0 0 1 3 2 -1 -2 -5 -9 -7 -2 -2 -2 -1 -5 0 17 33 49 61 76 127 186 136 -60 -238 -248 -167 -157 -249 -322 -306 -247 -108 77 120 11 -100 -121 -67 6 53 50 30 33 69 128 149 114 73 -12 -169 -256 -208 -147 -108 -36 54 109 127 166 236 252 182 95 35 4 -4 -4 -3 -2 -1 -1 -2 0 3 4 2 -3 -6 -4 -1 -1 -3 -9 -1 20 9 -11 -6 -2 2 12 28 64 101 112 95 72 84 112 89 34 4 -26 -75 -98 -94 -87 -58 -3 40 9 -140 -380 -619 -764 -788 -712 -554 -350 -164 -46 0 10 13 8 -6 -14 -6 5 1 -8 -5 3 5 0 0 8 1 -11 -6 0 0 0 8 20 13 2 7 5 -5 -7 -3 2 3 7 11 4 0 0 -1 11 24 27 26 14 1 -19 -112 -321 -554 -655 -579 -386 -162 7 89 106 87 70 69 59 54 89 122 90 26 -5 -6 -2 2 4 3 1 0 0 0 0 1 3 3 1 0 1 3 3 1 0 -1 -3 -4 -3 -1 2 -3 -22 -14 12 -1 -19 17 50 -15 -63 -23 -37 -31 45 48 19 3 22 118 109 -31 -65 -33 -41 14 185 306 212 41 -73 -105 -41 3 -1 13 18 -6 -18 -7 -3 -10 -4 10 5 -116 -404 -379 146 407 187 12 31 54 -81 -264 -339 -309 -186 -92 -28 47 62 6 -70 -57 -9 -176 -278 37 151 -217 -444 -118 304 220 9 13 28 -9 -48 152 474 250 -326 -438 -229 -153 -111 -54 -39 -3 113 221 176 48 -48 -67 -14 8 -4 8 14 -9 -29 -22 -9 -7 -3 3 4 3 10 21 11 -1 23 51 34 22 40 34 18 19 3 -37 -34 48 108 86 67 61 33 3 -9 6 36 38 18 29 38 16 19 59 84 82 69 48 25 5 -14 -37 -60 -78 -93 -89 -49 -1 21 
39 16 -3 -12 -26 -41 -41 -26 -3 21 35 30 12 -1 -1 1 -3 -6 -9 -17 -26 -29 -24 -18 -15 -11 -4 2 4 3 2 1 0 1 -5 -6 13 18 5 7 -41 -236 -354 -202 -47 -25 -37 -57 -71 -67 -45 -15 4 -5 -38 -69 -72 -50 -38 -52 -66 -54 -24 -4 -1 0 4 7 7 5 3 0 -3 -3 -1 -1 -4 -9 -16 -24 -27 -23 -23 -28 -25 -15 -12 -31 -64 -77 -86 -112 -104 -69 -66 -88 -103 -96 -75 -45 -2 34 40 40 52 73 127 176 183 178 148 100 92 117 114 62 12 7 13 6 6 8 5 3 2 4 6 5 4 4 5 7 7 6 7 7 5 4 4 4 4 4 4 2 1 5 5 -2 -5 -2 -2 -9 -12 0 11 3 -9 -8 -5 -10 -4 24 37 1 -48 -67 -89 -156 -245 -316 -343 -282 -110 72 135 146 187 192 144 78 9 -40 -40 8 59 79 75 63 54 48 23 0 15 35 27 34 110 179 159 119 134 166 140 73 22 3 3 2 2 3 1 1 3 4 4 4 2 -3 -7 -7 -5 -6 -10 -6 -6 -23 -26 -17 -22 -18 -3 6 12 2 -10 5 30 52 101 149 131 97 95 49 -57 -117 -112 -77 -34 -78 -256 -510 -722 -781 -693 -517 -300 -113 -13 5 -1 7 4 -14 -16 -4 3 1 -1 1 -3 -10 -10 -4 2 -2 -8 0 8 11 13 4 -1 3 1 0 6 12 13 8 2 1 4 4 -4 -8 -7 -8 4 15 4 -7 -8 -9 -11 -10 -1 4 0 -27 -151 -363 -524 -579 -566 -475 -298 -103 30 78 73 55 43 46 37 -2 -21 -6 3 3 4 3 1 0 0 0 0 0 0 0 0 0 0 1 3 4 3 1 0 -1 -3 0 4 1 -4 -16 -14 7 10 45 121 147 82 -9 -40 -24 34 108 92 18 14 31 -83 -277 -276 -96 -5 -11 37 148 130 1 -52 -57 -42 38 165 211 112 21 2 -7 -10 -6 0 1 -8 -9 -2 -146 -469 -410 195 537 292 61 125 174 134 65 -55 -61 45 95 70 24 -11 5 58 46 -113 -402 -492 -280 9 304 310 -25 -192 -68 21 -24 -19 198 506 396 -218 -515 -243 -61 -98 -69 -8 0 14 87 119 38 -35 -52 -41 1 84 144 95 21 -12 -24 -13 2 5 5 5 2 3 17 20 0 9 52 45 -6 -8 12 12 16 11 -22 -61 -21 105 158 100 51 36 32 42 46 38 43 40 23 39 65 54 27 11 -1 -19 -43 -65 -79 -87 -86 -81 -77 -60 -40 -24 17 78 118 
-1 -12 -18 -23 -35 -37 -21 4 27 34 25 13 6 2 -3 -10 -15 -18 -25 -31 -26 -18 -19 -21 -17 -11 -6 -3 -1 0 0 -2 -3 -3 -6 -7 1 11 3 -2 -6 -141 -340 -314 -141 -75 -84 -83 -84 -87 -79 -53 -17 -5 -27 -41 -13 27 34 7 -35 -70 -63 -23 2 5 4 7 9 5 2 3 2 -2 -3 -6 -15 -22 -45 -86 -91 -59 -44 -56 -66 -41 -8 -23 -66 -91 -96 -94 -62 15 81 63 -11 -35 24 114 171 164 116 80 67 59 70 84 70 56 49 35 33 38 26 2 -7 4 10 5 4 7 8 7 4 1 1 2 1 1 3 4 3 2 3 5 6 5 3 1 0 0 0 1 2 2 3 3 0 -2 0 8 9 -1 -3 -6 -10 -3 2 2 -34 -112 -109 48 207 199 64 -44 -16 75 90 89 121 109 78 100 132 59 -84 -138 -104 -75 -62 -32 7 6 -10 -3 29 123 247 284 227 176 148 107 75 65 47 22 17 26 21 3 -10 -13 -7 -3 -9 -12 -3 8 8 0 -2 1 1 1 3 2 -4 -10 -11 -8 -22 -62 -87 -76 -57 -48 -40 -21 -3 -6 -13 -6 -3 5 32 51 53 62 78 54 -25 -87 -108 -188 -384 -624 -778 -767 -607 -365 -143 -23 8 7 -5 -17 -13 0 7 6 -2 -6 1 -1 -12 -7 5 4 3 6 1 -1 2 -7 -9 2 -2 -5 5 8 -5 -20 -16 -11 -14 -9 -6 0 11 3 -7 -9 -7 1 -3 -12 -14 -12 -3 5 10 14 3 4 18 15 25 47 11 -123 -308 -465 -544 -525 -432 -318 -185 -29 58 -5 -133 -155 -64 1 5 -2 -5 -2 2 1 1 -1 -5 -5 -6 -2 10 10 4 4 0 -3 -1 0 0 0 0 1 1 -3 -7 -13 -22 -12 8 11 -5 -49 -72 -55 -49 -45 -48 -17 40 19 -1 -4 -135 -243 -143 -26 -2 8 4 -92 -226 -189 -58 -19 -18 68 199 177 39 -27 -21 -3 11 24 28 6 -6 6 5 -9 -160 -464 -418 125 512 435 144 -45 -32 14 36 77 92 31 28 62 23 26 43 11 -19 -207 -537 -549 -232 -143 -442 -596 -315 -21 14 51 343 663 485 -199 -600 -360 -48 16 4 4 5 11 13 -50 -159 -161 -61 -4 -9 24 127 150 51 -20 -31 -20 5 18 12 5 3 0 4 34 35 -9 12 67 54 16 -7 -26 -12 9 19 24 -6 26 139 178 125 70 41 32 30 25 23 25 17 2 15 52 46 -23 -87 -102 -96 -91 -85 -78 -64 -40 -11 19 48 73 87 94 114 141 
-8 -18 -27 -32 -29 -12 9 24 28 19 10 9 8 -1 -18 -32 -34 -32 -31 -25 -13 -2 1 -2 -4 -3 -3 -6 -6 -1 2 0 -2 -5 -8 -10 -12 -4 0 -10 -4 -39 -230 -368 -240 -76 -23 4 27 8 -43 -69 -54 -28 -22 -16 16 46 55 53 29 -22 -53 -33 -2 6 1 -1 2 2 -1 -2 -2 0 5 8 2 -26 -99 -184 -187 -109 -46 -44 -77 -81 -44 -26 -41 -68 -87 -67 -18 35 76 79 61 61 85 107 91 42 -3 -28 -26 2 26 29 15 5 11 12 3 -3 -1 6 8 1 -2 1 0 0 3 4 3 0 -2 -2 -3 -3 -2 -3 -3 -1 1 3 3 1 -1 -3 -3 -1 1 3 3 0 -2 -1 -1 -3 -2 -4 -5 -1 -5 -1 8 0 -15 -56 -141 -186 -84 115 218 142 7 -6 167 363 413 359 260 122 31 24 33 -12 -77 -41 75 147 128 52 -7 -19 -8 4 17 67 144 169 128 84 70 58 26 2 -3 -1 2 -6 -13 -5 8 12 6 0 -5 -10 -13 -13 -6 5 7 3 5 8 8 7 3 -1 0 -12 -38 -59 -105 -170 -182 -140 -108 -104 -85 -37 2 11 -6 -19 -11 -4 9 29 27 36 7 -182 -431 -608 -711 -683 -481 -212 -42 -1 -3 -6 -8 -5 0 5 8 2 -7 -6 6 15 8 -5 -9 -7 -4 -1 -3 -4 1 2 0 2 2 -4 -6 -6 -12 -13 1 14 12 9 4 20 61 52 11 1 32 106 119 42 -11 -12 18 27 3 -5 3 18 37 54 46 15 19 62 95 100 65 -34 -193 -369 -511 -584 -564 -469 -386 -378 -362 -225 -64 -10 -2 11 8 1 0 -1 -2 -2 1 4 -1 -8 -6 0 2 2 -1 -4 -3 -1 0 0 0 -3 -7 -4 1 -3 -19 -17 15 -15 -102 -130 -86 -34 -35 -78 -136 -147 -42 43 10 -29 -61 -66 28 159 194 107 -15 -155 -191 -81 -7 2 9 -5 -105 -188 -110 -17 -11 -6 29 55 38 10 1 -3 -6 -3 -7 -148 -471 -562 -120 393 464 263 114 8 -54 2 63 4 -41 3 18 16 3 5 66 47 -146 -414 -641 -767 -670 -388 -136 22 198 508 725 429 -261 -667 -468 -112 -8 -33 2 94 147 112 40 -66 -133 -74 -9 -1 1 10 -33 -105 -83 -23 -12 -11 4 17 14 2 -6 -5 21 60 37 -16 -1 23 29 36 5 -3 25 25 29 17 -24 42 154 157 136 132 104 76 43 4 -8 2 7 -7 -6 34 40 -23 -80 -85 -61 -25 10 32 50 68 85 99 99 92 82 57 36 36 
-9 -15 -26 -28 -12 8 17 8 -8 -10 -2 4 2 -9 -21 -26 -23 -16 -8 0 7 12 15 14 9 4 0 -4 -6 -5 -3 -1 0 -1 -3 -4 -4 -1 6 -1 -8 -5 -122 -328 -313 -94 36 61 80 77 33 -31 -75 -69 -28 14 32 23 20 35 39 16 -22 -35 -10 9 5 -4 -4 3 2 -5 -3 6 7 7 14 -1 -56 -111 -109 -47 13 15 -41 -106 -116 -61 6 25 5 13 27 7 6 49 90 68 -5 -48 -52 -67 -109 -143 -111 -34 7 4 1 4 2 0 0 0 0 0 0 0 0 0 0 0 0 0 1 2 1 -2 -6 -8 -7 -5 -2 2 4 3 2 2 2 3 4 4 4 3 2 2 2 2 2 2 1 -6 -4 6 -2 -6 0 -13 -65 -157 -191 -80 83 148 87 -26 -106 -46 122 236 282 279 200 93 27 9 41 138 229 231 190 180 177 125 48 8 -1 -2 6 21 38 39 23 14 12 7 2 -1 -3 0 6 4 -3 -6 -3 2 1 -3 0 5 2 -7 -10 -2 3 0 -2 -4 -6 -4 -1 -1 -4 -3 7 19 -3 -91 -172 -170 -163 -194 -172 -98 -52 -33 -14 -9 -18 -17 -10 7 8 -97 -305 -496 -571 -508 -339 -141 -18 4 -7 -7 -5 -5 -2 -1 -2 1 6 6 0 -8 -7 3 0 -3 2 -8 -9 7 4 -8 3 11 -2 1 8 -4 -1 13 8 -6 -6 -1 -11 -12 7 88 165 93 -1 -11 4 17 30 88 114 46 6 14 10 2 -2 -9 -3 7 2 17 64 96 82 48 28 28 21 -27 -108 -204 -329 -486 -612 -586 -368 -111 10 11 -4 -4 1 0 -5 0 6 5 5 5 2 -3 -5 -1 -3 -8 -4 0 0 0 0 0 0 -1 -3 -1 5 4 -7 -13 1 1 -19 9 95 139 90 26 -16 -27 28 87 46 -21 -20 7 152 367 331 115 -33 -94 -55 15 52 64 47 -33 -161 -160 -46 5 1 -1 6 0 -13 0 4 -8 -1 4 -2 2 -96 -395 -610 -417 82 489 549 350 109 -52 -105 -70 -71 -91 -42 7 31 49 40 34 76 89 -45 -176 -123 4 176 428 670 675 194 -482 -737 -465 -125 -18 -25 -34 36 206 258 120 -17 -75 -57 6 46 53 41 0 -87 -120 -50 1 3 2 2 2 -1 -6 -4 1 36 56 2 -4 45 41 35 56 37 4 -11 -6 10 -34 -60 69 168 98 74 120 119 104 76 28 -1 2 6 -42 -85 -45 2 -8 -38 -35 8 61 93 94 83 74 61 39 12 -13 -33 -52 -69 -78 
-35 -24 -17 -13 -4 4 0 -16 -29 -27 -17 -7 2 7 10 14 16 16 17 19 19 16 13 11 9 6 1 -4 -7 -7 -4 -1 0 0 0 -1 -2 1 10 19 7 -10 -43 -216 -359 -218 -22 28 25 52 80 54 -2 -23 21 74 72 33 7 11 27 28 1 -26 -19 0 4 -2 -5 -1 1 0 5 9 -2 -15 -7 24 68 98 92 71 57 50 36 -1 -31 -3 70 122 130 87 -32 -139 -127 -33 23 -57 -193 -221 -145 -72 -50 -57 -43 -7 5 -4 -4 -2 -7 -7 -2 0 0 -1 -3 -4 -4 -4 -4 -3 -1 0 -1 -2 -1 0 0 -1 -2 0 3 4 2 -1 -1 0 0 1 2 2 2 1 0 0 1 3 3 1 0 7 3 -14 -9 -2 -14 -67 -174 -207 -58 134 175 86 -19 -99 -85 26 67 31 55 105 96 47 7 -1 43 149 230 183 75 34 57 66 42 20 8 -1 -4 -3 2 9 11 10 10 8 4 1 0 0 1 4 5 -2 -19 -46 -75 -79 -50 -17 2 5 -2 -6 -6 -9 -13 -12 -6 2 8 9 5 15 42 69 105 129 103 40 -32 -78 -82 -81 -102 -123 -107 -55 -2 28 12 -116 -390 -655 -666 -435 -192 -50 9 14 -10 -23 -8 3 0 0 3 3 2 5 10 12 10 7 2 -10 -4 22 23 10 6 3 14 23 7 -3 1 -6 -13 -3 3 -1 44 85 31 -11 -2 -10 4 15 -36 -55 -21 -2 -22 -84 -68 27 40 0 -22 -30 -14 15 31 14 -19 -41 -27 39 113 132 93 45 27 32 25 12 32 66 36 -57 -108 -74 5 70 72 45 28 7 1 7 -1 -4 0 0 -2 -5 -3 23 66 62 15 -8 -4 0 0 0 0 0 0 2 4 2 0 -4 -16 -27 -24 -13 -3 8 36 79 104 96 62 32 26 56 64 10 -14 7 77 90 -31 -79 -43 -32 9 164 311 235 54 -49 -58 -13 5 6 17 24 3 -38 -31 0 6 1 -2 -1 -5 -9 -3 -44 -240 -541 -632 -350 87 453 612 479 240 136 98 43 6 -53 -55 8 -11 -10 40 81 187 308 395 559 746 682 307 -256 -716 -739 -410 -88 27 5 -17 -3 42 65 -7 -76 -70 -56 -37 54 180 178 71 -19 -62 -38 -4 -4 1 14 8 -8 -9 1 5 18 50 13 -55 3 83 79 74 73 32 -20 -36 12 55 1 2 140 169 58 37 99 144 171 165 119 60 31 17 -84 -193 -158 -78 -46 -36 -17 23 56 55 25 -5 -25 -46 -67 -81 -85 -78 -65 -54 -49 
-58 -41 -21 -7 -1 -1 -5 -11 -17 -20 -17 -10 0 12 24 34 38 35 30 26 20 14 11 9 7 4 0 -3 -4 -3 -1 1 2 1 0 -1 -3 -1 9 19 10 -4 -2 -95 -309 -348 -153 -22 -3 18 56 87 87 72 76 79 47 8 -9 -2 24 42 22 -17 -30 -16 -2 -1 -7 -9 -5 -2 -1 1 1 -2 -4 19 91 165 160 87 33 49 106 133 117 96 83 86 98 42 -114 -228 -203 -119 -71 -93 -135 -130 -84 -17 68 119 98 50 14 2 6 4 -1 -2 -3 -4 -4 -4 -4 -4 -4 -5 -7 -7 -5 -4 -4 -3 -2 0 5 7 4 2 2 0 -3 -4 -4 -4 -4 -4 -3 -2 -2 -1 0 1 2 2 2 1 0 0 1 3 -1 -11 -55 -161 -206 -64 134 185 97 1 -71 -122 -48 80 63 18 68 82 33 4 -1 4 14 33 54 40 9 4 15 18 10 1 -3 -3 -2 -3 -2 2 3 2 3 4 4 4 4 -2 -14 -17 -6 5 -15 -96 -216 -275 -220 -128 -68 -36 -9 10 8 -2 -6 -4 0 4 8 11 12 10 9 22 73 164 220 190 154 157 121 31 -66 -141 -149 -101 -91 -185 -382 -629 -766 -653 -355 -93 0 0 -5 -9 -11 -1 8 -2 -8 -1 -3 -7 -5 -3 -1 2 5 8 9 6 5 0 -4 4 7 -4 -7 1 -4 -3 11 9 1 3 12 7 24 77 71 28 16 10 -7 -84 -157 -92 -5 4 -15 -30 -48 -107 -122 -53 -12 -15 -20 -16 -2 16 21 21 56 108 116 81 57 52 44 37 41 45 32 8 -2 19 62 116 178 203 148 86 86 88 49 14 8 2 -2 6 4 -2 0 28 99 120 51 3 0 0 0 0 0 0 0 1 1 -3 -5 -4 -10 -23 -34 -26 -10 -8 -46 -76 -53 -43 -27 -1 3 22 76 82 24 17 -66 -280 -305 -125 -12 0 31 151 178 40 -38 -38 -35 25 160 233 148 42 7 7 10 -2 -8 1 0 -10 -7 -2 -10 -12 -15 -113 -365 -624 -683 -446 -12 354 535 624 649 606 535 452 411 430 456 475 514 576 674 752 700 517 173 -323 -737 -848 -629 -263 -26 36 41 28 21 27 -10 -130 -201 -114 -19 -1 4 59 101 35 -32 -45 -51 -28 36 80 59 18 -9 -15 -1 6 0 29 50 -15 -21 70 70 -12 -68 -85 -47 6 20 56 75 14 70 205 154 38 31 92 177 242 270 249 164 81 31 -91 -226 -201 -103 -29 16 3 -41 -76 -88 -84 -78 -77 -77 -72 -61 -42 -15 14 37 49 
-50 -40 -23 -9 -2 2 10 19 19 10 1 -2 -3 -1 7 15 18 17 14 9 6 7 8 6 2 1 3 4 4 2 -2 -2 1 1 0 -1 -4 -5 0 2 3 6 -1 -28 -185 -385 -305 -75 3 -14 -11 21 52 56 38 19 1 -25 -45 -46 -31 -11 -8 -21 -26 -19 -9 -4 -8 -13 -10 -3 -3 -9 -6 6 7 6 39 99 115 62 16 26 68 95 86 65 40 21 33 37 -6 -51 -65 -82 -84 1 130 184 146 100 109 145 133 65 11 2 5 1 -1 0 -2 -4 -4 -3 -1 0 0 -1 -3 -5 -6 -5 -3 -2 -3 -1 4 5 3 1 0 -1 -3 -4 -4 -4 -3 -2 -2 -2 -2 -1 0 1 3 3 1 0 0 -6 -2 12 -1 -47 -136 -182 -45 152 183 78 0 -37 -94 -108 -34 -11 -53 14 120 92 15 3 15 14 6 1 7 8 -1 -9 -7 2 2 -4 -3 4 8 7 5 3 1 -1 -2 -1 1 3 3 1 -2 -8 -13 -15 -30 -75 -141 -212 -273 -302 -279 -196 -109 -76 -54 -15 4 4 1 -7 -15 -17 -13 -8 5 20 24 48 88 103 131 178 154 81 59 70 19 -160 -455 -721 -803 -672 -369 -89 -1 -8 -10 -13 -12 -4 -1 -3 -2 1 0 -3 -3 -1 0 -1 -3 -3 1 4 3 5 -4 -18 -11 -3 -3 -2 -10 -22 -12 3 7 39 74 51 31 45 6 18 111 90 22 20 3 -26 1 41 51 40 13 -10 -33 -57 -44 -7 4 4 0 -29 -49 -30 -4 18 55 81 62 28 21 27 25 27 43 50 24 -8 -12 -4 -9 -9 34 105 161 152 79 66 124 117 48 7 -1 -4 -3 1 -2 -11 22 74 51 7 0 0 0 0 0 0 0 0 -1 -3 -2 3 5 -3 -20 -16 1 -31 -78 -69 -46 -47 7 83 39 -54 -30 58 60 0 -107 -199 -131 -25 -2 1 3 -92 -243 -217 -69 -3 -4 58 194 202 70 -18 -29 -11 19 86 118 58 14 14 15 15 7 -3 -6 -2 -7 -94 -325 -587 -692 -617 -436 -188 34 201 387 537 576 567 586 564 465 328 152 -60 -340 -644 -826 -808 -621 -336 -97 -2 5 -6 61 193 206 99 -30 -146 -131 -29 8 11 28 -4 -110 -147 -71 -5 9 8 37 57 23 -13 -16 -2 3 -2 19 68 33 -50 -3 65 23 -53 -118 -118 -22 43 25 24 0 -41 81 199 106 12 7 35 100 153 185 212 192 118 53 -41 -166 -165 -64 17 54 17 -70 -132 -126 -75 -35 -19 -4 17 38 55 66 71 73 75 
1 -3 1 12 21 24 27 35 38 27 13 5 -3 -9 -8 -6 -7 -9 -11 -12 -10 -6 -2 0 -1 1 6 8 8 6 2 0 0 0 0 -2 -7 -11 -10 -4 4 6 7 15 -59 -290 -407 -227 -45 -5 -4 -6 -1 2 -11 -23 -31 -57 -81 -87 -88 -73 -34 -1 2 -11 -18 -13 -8 -10 -9 0 4 -6 -14 -7 3 7 20 45 47 22 8 6 8 16 13 3 0 3 20 69 141 169 123 62 48 113 209 232 181 123 84 75 67 28 -1 -3 -6 -8 -5 -3 1 4 3 1 0 0 0 0 0 -1 -2 -1 0 0 0 0 -1 -3 -3 -1 1 3 2 -1 -1 0 0 0 0 1 2 2 2 1 1 2 1 0 -1 -1 -3 -15 -46 -121 -170 -44 164 205 89 5 -9 -56 -108 -29 65 -7 -63 31 86 41 3 0 0 -5 -1 3 2 5 12 9 -1 2 9 8 6 7 6 1 -4 -5 -2 -1 -3 -3 -2 -3 -3 0 4 6 0 -11 1 68 173 193 39 -191 -338 -331 -270 -262 -234 -145 -74 -43 -23 -10 -6 -6 -4 -3 4 18 12 -6 -6 9 34 50 45 65 117 66 -198 -520 -659 -585 -385 -156 -21 5 -1 -2 4 8 8 14 17 3 -11 -7 2 5 10 15 14 7 -1 -3 2 6 2 80 317 546 623 527 284 96 40 17 11 11 9 45 89 84 37 -8 7 65 92 73 66 87 71 20 3 13 27 47 48 42 70 97 73 44 20 -9 -11 -8 -13 -22 -38 -44 -43 -50 -47 -33 -30 -18 15 39 31 9 8 23 19 0 0 9 -4 -16 30 103 115 87 78 75 80 74 25 -8 -3 2 -1 -35 -77 -47 5 7 -1 0 0 0 0 0 0 0 0 0 0 3 8 6 -6 -16 -13 -24 -48 -54 -29 20 49 21 -62 -105 -83 -24 59 36 -47 -25 66 173 221 128 -16 -158 -206 -92 -6 -12 -10 -3 -77 -177 -137 -39 -19 -20 58 192 206 86 4 -1 5 2 10 19 9 0 0 0 -2 -49 -204 -438 -630 -708 -717 -694 -629 -572 -549 -532 -533 -560 -621 -712 -785 -818 -798 -680 -473 -237 -34 71 66 13 -19 -23 78 215 146 4 -54 -82 -40 66 148 141 67 -43 -122 -78 -7 0 -2 10 -14 -61 -58 -25 -2 6 -2 4 55 76 -6 -39 27 35 -3 -17 -30 -33 -6 29 77 72 -39 -31 151 190 65 7 9 9 16 23 40 92 146 131 87 23 -114 -165 -69 -1 15 19 -5 -35 -29 14 47 58 70 80 81 73 55 34 18 10 
40 31 31 44 51 43 30 24 22 16 10 5 0 -3 -3 -1 0 -2 -6 -7 -5 -3 0 2 1 1 3 5 6 5 4 3 1 0 -1 -3 -6 -10 -11 -1 12 8 0 2 -10 -141 -380 -397 -160 -14 -2 -11 -15 -14 -33 -61 -79 -88 -76 -54 -50 -45 -7 32 26 -3 -19 -16 -6 -3 -4 -6 -6 0 2 -1 -2 -2 2 10 9 2 4 3 -3 2 6 -2 0 14 15 43 135 206 202 175 148 128 114 79 49 44 33 19 10 -1 -1 2 -3 -1 4 2 2 4 4 4 4 4 4 3 1 0 0 0 0 1 3 1 -5 -8 -7 -4 0 3 4 3 2 3 3 2 2 2 3 4 4 3 1 0 0 0 -1 0 -5 -31 -101 -184 -112 108 201 110 19 -4 -31 -105 -132 -22 68 29 43 106 69 14 0 -14 -15 -6 -2 1 -4 -9 2 11 7 6 6 2 -1 -3 -4 -4 -3 -1 0 0 -1 -3 -5 -7 -7 -5 -3 0 3 8 34 102 200 269 270 212 95 -64 -226 -342 -351 -281 -218 -168 -109 -54 -18 -2 3 -1 -13 -17 -7 -1 -4 -3 -4 -9 8 -24 -212 -488 -652 -575 -326 -94 2 3 -17 -18 0 8 10 11 0 -13 -7 7 10 7 8 11 12 12 9 0 -10 -13 -8 -6 108 414 564 361 216 384 477 253 65 45 34 27 33 21 6 9 4 -2 16 -21 -89 -69 -3 25 45 84 48 -26 -49 -13 62 71 29 33 67 63 47 52 30 7 11 1 -23 -47 -95 -164 -191 -143 -64 -5 20 16 9 22 44 52 43 21 -14 -25 1 4 -23 -1 79 110 54 8 74 172 148 68 24 7 13 -4 -80 -103 -25 13 1 0 0 0 0 0 0 0 1 3 2 -2 -3 -2 -6 -19 -24 -1 0 -47 -61 -20 -26 -80 -64 -7 -7 -16 48 92 25 -26 112 352 354 133 -18 -75 -59 15 78 97 61 -23 -152 -197 -98 -13 -1 13 41 -11 -90 -53 3 3 -1 9 41 44 9 -7 -5 -6 -8 -4 0 -4 -34 -120 -241 -362 -486 -584 -633 -661 -670 -642 -585 -509 -404 -275 -149 -45 14 36 77 102 56 2 -11 4 -9 -95 -153 -99 -32 -15 5 121 225 134 -2 -58 -59 -18 24 44 32 9 -24 -46 -24 3 2 -9 1 33 60 11 20 304 602 598 362 116 3 -29 -55 -38 48 31 -79 50 247 159 12 -6 14 21 3 -11 1 36 89 111 93 41 -99 -184 -110 -57 -45 7 46 38 21 31 54 59 45 28 7 -21 -49 -69 -78 -80 
31 28 26 29 30 22 15 13 10 8 5 -2 -6 -4 0 1 -2 -2 1 1 -1 -2 -1 2 4 1 -2 0 2 1 0 -1 -2 -1 -1 -2 -1 -1 -6 -8 1 9 1 -14 -11 -34 -231 -439 -324 -102 -49 -65 -76 -82 -93 -117 -110 -48 22 56 63 67 71 58 26 4 0 -2 -4 -1 0 -5 -9 -6 1 -1 -10 -15 -13 -7 -3 -3 -5 -3 -1 -5 -6 -2 0 -2 -3 20 79 133 145 122 83 51 26 3 -7 -7 -5 -8 -12 -8 -2 -1 -2 0 4 6 3 -1 1 6 7 5 6 8 4 -2 -3 0 2 1 1 2 2 4 6 4 0 -2 1 4 3 4 6 4 2 4 9 9 4 5 5 -2 -7 -7 -3 -2 -21 -90 -179 -136 59 170 103 17 0 -8 -67 -117 -56 15 -50 -68 62 113 50 9 5 -1 -5 -1 -3 -3 2 -1 -12 -13 -4 -6 -6 5 2 -7 -6 -1 7 10 4 0 0 -1 -3 -4 -4 -3 -2 -4 -7 -5 5 20 36 80 183 309 364 284 152 75 3 -114 -218 -251 -212 -149 -109 -82 -43 -9 1 -3 -3 -2 -4 -3 10 -4 -176 -493 -717 -679 -425 -156 -26 -6 -9 -1 1 -4 1 5 -3 -7 0 0 -1 9 27 37 27 15 2 -15 -5 41 54 25 11 24 243 377 -49 -512 -624 -529 -262 -40 22 43 43 28 17 -19 -47 -26 32 96 90 -24 -110 -72 -20 -35 -49 -13 25 47 35 22 62 58 -35 -81 -27 44 99 94 53 57 46 12 11 -1 -44 -97 -163 -217 -207 -143 -87 -49 -13 16 27 29 37 36 21 -5 -26 2 36 12 -6 21 72 103 54 9 52 99 86 41 9 5 -15 -8 50 45 13 14 6 1 6 4 1 2 1 2 2 -3 -6 -5 -4 -13 -28 -22 -5 -13 -35 -28 -3 5 20 36 25 -12 -22 60 85 -16 -47 -42 -105 -100 -30 -18 -11 124 310 288 103 -31 -74 -37 3 8 17 29 -20 -152 -189 -70 16 11 -3 12 27 12 0 4 5 6 6 -6 -23 -24 -5 4 -2 3 9 7 -2 -10 1 6 -2 2 6 6 7 2 11 26 -5 -45 10 117 132 67 -62 -206 -172 -47 -7 -7 10 44 10 -71 -71 -36 -26 20 113 138 62 -11 -35 -15 14 18 7 -1 16 60 33 -10 254 633 603 343 202 160 165 117 -8 -36 1 -84 -77 173 274 106 -8 -7 -3 -3 -1 2 12 30 51 64 61 31 -56 -116 -62 -8 -11 -1 21 7 -40 -70 -60 -43 -51 -70 -80 -81 -79 -74 -63 -52 
-18 -14 -12 -10 -6 -4 -2 1 3 4 0 -7 -10 -8 -5 -5 -6 -4 0 2 0 -3 -4 0 6 5 1 0 1 3 4 2 -1 -1 0 0 1 2 -2 -10 -12 -1 8 1 -4 0 -72 -310 -450 -269 -93 -89 -104 -116 -107 -54 3 57 93 93 86 87 78 49 20 11 12 9 5 6 7 8 7 2 4 5 0 -2 -1 1 3 2 -4 -7 -8 -10 1 11 -5 -24 -19 3 26 39 34 18 7 0 -7 -6 -4 -9 -7 -1 0 -3 -11 -15 -11 -8 -5 -1 -3 -6 -3 3 5 1 -3 -3 -3 -6 -7 -4 -1 0 1 4 7 8 7 3 -3 -6 -5 0 5 3 3 10 13 7 -2 -6 -5 -3 0 7 18 17 -9 -54 -129 -206 -151 58 196 138 29 -15 -21 -43 -100 -82 73 119 -7 -6 95 85 29 5 1 4 -1 -5 -4 -9 -15 -13 -9 -4 0 -5 -11 -15 -26 -49 -70 -57 -23 -7 -5 -4 -4 -4 -3 0 3 3 2 2 0 -4 -5 -1 1 10 42 101 181 249 311 370 338 202 53 -55 -120 -190 -242 -215 -158 -100 -44 -21 -18 -14 0 4 -105 -354 -605 -687 -532 -256 -49 9 -4 0 9 0 -6 -3 -4 -5 -2 -4 -1 13 20 21 12 5 11 12 51 194 442 614 451 146 31 55 147 2 -357 -349 -191 -335 -448 -242 -29 37 51 13 -25 -30 -17 -2 -2 5 51 71 66 87 43 -22 -40 -82 -38 56 42 -21 -69 -44 19 54 41 20 24 -9 -11 36 47 46 87 103 53 13 -35 -112 -187 -246 -243 -159 -62 -22 -24 -18 4 21 32 28 -3 -12 8 5 -14 -38 -52 -4 22 -35 -47 13 74 89 72 52 14 -1 25 32 10 -1 4 6 2 6 10 2 -3 -1 0 0 0 0 1 1 -9 -23 -15 -1 -20 -43 -26 5 19 35 56 46 -5 -1 93 101 -101 -351 -341 -129 -20 -7 35 142 183 61 -27 -35 -47 -1 139 261 206 48 -53 -58 -7 2 -11 7 29 19 -29 -42 -14 -4 -4 -5 -1 10 15 10 -8 -18 -14 -13 -10 -7 -2 7 3 -2 1 0 -4 -7 -8 -10 -15 -31 -85 -80 117 288 199 22 -90 -109 -29 27 31 43 39 -65 -180 -129 -28 -4 -9 18 53 21 -21 -20 -14 -13 -5 3 3 10 38 47 -20 49 344 254 -339 -606 -190 402 650 578 367 176 23 -109 51 304 227 44 1 5 -8 -15 -2 9 13 22 34 51 40 -9 -46 -46 9 57 37 -8 -48 -69 -87 -115 -131 -120 -89 -68 -54 -30 -2 23 41 50 
-41 -41 -36 -28 -19 -13 -15 -16 -10 -6 -7 -8 -7 -5 -4 -2 2 3 2 3 4 4 3 2 3 4 4 3 2 3 4 3 1 0 0 0 0 -1 -2 -3 -5 -2 6 9 4 -2 -3 -127 -398 -430 -164 6 22 22 47 93 113 94 62 36 23 20 19 16 13 11 9 8 8 9 11 9 3 1 3 4 5 5 0 -3 -1 -4 -8 -5 -1 -2 -7 -9 -5 -2 -4 -6 -4 0 3 3 0 -3 -3 -1 0 0 0 1 0 -7 -13 -10 -2 1 -3 -5 -2 -1 -2 0 4 6 3 1 5 7 3 -3 -6 -5 -4 -3 -2 -5 -10 -10 -5 -2 -3 -2 -2 -9 -10 2 10 4 -6 -9 -7 -8 -10 -9 -16 -52 -118 -185 -211 -118 97 229 153 32 0 13 0 -61 -113 -65 16 -9 -9 92 112 43 2 -3 -5 -6 -4 -6 -3 3 -3 -9 -3 -2 -11 -20 -57 -117 -135 -131 -140 -114 -59 -26 -13 -8 -9 -10 -7 -1 4 5 3 4 8 10 8 3 -3 -7 -4 12 42 82 126 167 199 221 246 237 126 -28 -122 -184 -260 -296 -246 -160 -98 -43 -60 -281 -606 -766 -623 -308 -72 -1 -5 -6 3 6 3 5 10 11 8 1 -6 -6 2 15 13 2 -1 -12 34 260 561 661 497 228 56 18 3 -34 -115 -13 351 570 600 647 563 292 80 17 37 57 53 77 73 21 -36 -65 -44 2 55 58 10 2 36 44 16 -17 -14 -10 -41 -12 49 24 -32 -49 -64 -50 27 74 68 62 64 89 121 126 93 46 -8 -89 -170 -224 -218 -153 -80 -37 -37 -40 -14 19 16 -34 -82 -78 -55 -44 -51 -62 -21 41 34 -34 -58 3 97 141 97 -2 -56 -16 8 -5 -2 -2 -7 -5 -2 -2 -1 0 0 0 0 0 0 2 -3 -22 -27 -9 -7 -33 -58 -37 15 33 28 40 34 -34 -21 132 129 -60 -95 7 29 12 13 -74 -245 -255 -95 -11 -19 36 203 279 162 26 -39 -35 17 112 186 128 33 2 -14 -19 -6 0 3 10 11 2 0 6 4 4 6 0 1 2 -3 1 0 -6 5 17 23 38 33 3 -21 -33 -25 28 113 83 -44 -73 -52 -42 20 140 204 127 9 -106 -143 -58 -8 -2 18 6 -58 -96 -51 -2 3 -7 -5 5 10 37 55 -10 -68 -6 36 -115 -232 -13 356 401 135 187 477 331 -51 -65 222 298 109 6 10 1 -7 -3 7 14 13 4 10 50 46 -16 -44 -50 -32 10 11 -31 -58 -24 4 -41 -85 -65 -15 28 53 63 74 88 91 84 
6 -3 -17 -25 -22 -15 -12 -9 -4 -2 -1 -1 -2 -1 0 0 0 0 -1 -2 0 3 3 1 0 0 1 2 1 0 0 0 0 0 0 0 0 -1 -2 -3 -4 0 8 12 7 -1 -4 -26 -204 -446 -337 -9 112 120 137 106 65 39 13 -6 -9 -3 -1 -1 2 3 1 -1 -2 0 3 3 2 2 0 -2 -1 -1 -4 -8 -10 -9 -8 -3 10 17 5 -6 3 13 11 5 2 5 9 7 3 3 4 3 1 0 0 -2 -5 -4 2 9 12 10 3 -1 3 2 -6 -10 -6 3 10 11 10 10 6 -2 -8 -11 -12 -9 -3 0 0 0 1 3 6 6 2 1 -3 -15 -23 -20 -14 -9 -5 -15 -51 -114 -188 -233 -224 -161 -23 159 246 178 63 1 -6 1 -24 -84 -75 22 1 -111 -55 71 63 4 -9 0 3 6 6 -5 -15 -18 -16 -21 -28 -17 -6 -21 -77 -155 -175 -121 -69 -47 -28 -10 -4 -5 -7 -7 -5 -3 0 2 1 0 0 1 2 1 0 1 2 2 4 10 20 33 46 78 156 221 209 197 192 111 -23 -160 -230 -201 -189 -301 -506 -683 -657 -420 -180 -49 -8 -7 -4 0 2 -3 -11 2 18 11 -3 -4 7 19 21 19 11 -14 -17 -7 65 333 397 -24 -459 -627 -443 -116 -9 -37 -250 -359 -2 251 154 89 297 470 249 -8 -57 -8 31 16 1 0 15 24 1 -8 4 -22 -17 49 88 94 25 -27 61 105 51 28 3 -63 -76 -56 -69 -33 34 36 19 35 -3 -41 9 54 102 139 100 35 -23 -100 -191 -240 -201 -116 -55 -21 -11 -17 -13 -8 -9 -8 -16 -22 -12 -2 -4 2 44 57 -5 -51 -42 13 66 50 37 55 41 14 -3 -6 3 -4 -7 6 6 0 0 0 0 0 0 1 3 -4 -23 -27 -1 18 -10 -51 -24 33 35 38 67 22 -57 6 136 135 50 19 59 77 5 -139 -224 -143 -40 -16 -4 22 16 -6 110 220 113 -5 73 281 319 129 -15 -31 -4 16 46 63 36 14 0 -10 -6 -5 2 8 6 4 0 4 4 -6 12 118 235 187 54 11 23 11 -6 1 14 2 -100 -226 -179 -40 7 -13 36 173 173 23 -62 -68 -43 25 102 108 50 -3 -47 -53 -18 -5 -11 -5 0 -4 28 75 32 -50 -43 -122 -348 -192 412 745 377 -342 -610 -217 183 96 -97 90 313 203 36 10 16 5 -3 1 12 19 16 10 17 35 19 -17 -35 -78 -91 -27 0 -6 36 79 73 10 -52 -35 19 60 81 73 52 34 15 -2 
43 36 20 4 -1 3 6 6 7 7 5 4 3 2 3 3 1 0 -1 -2 -1 -1 -2 -1 0 0 -1 -2 -1 0 0 0 0 -1 -3 -3 -1 0 -1 -3 -3 0 5 9 7 0 -5 0 -52 -289 -491 -324 -43 44 35 19 2 -8 -16 -20 -15 -7 -6 -8 -6 -4 -5 -6 -5 -4 -3 1 7 9 5 1 -1 -3 -5 -6 1 16 20 7 -2 2 3 -1 2 7 6 1 -2 -1 0 0 1 3 4 4 4 4 4 6 10 12 9 0 -9 -10 -4 1 2 2 -1 -6 -7 -4 -1 -5 -13 -13 -9 -8 -7 -5 -3 -3 -5 -3 1 -2 -10 -13 -9 -9 -10 1 8 1 -2 -1 -15 -53 -115 -194 -258 -271 -227 -130 2 129 218 221 122 29 22 29 5 -26 -74 -120 -59 67 57 3 72 113 51 5 -2 -11 -19 -11 -2 -16 -56 -96 -108 -119 -128 -83 -18 8 9 -6 -19 17 71 67 26 7 5 3 1 0 -1 -3 -4 -4 -4 -5 -8 -10 -7 -1 4 4 -2 -9 -14 -15 -10 1 14 30 39 46 101 176 220 252 267 246 182 26 -278 -604 -705 -504 -200 -33 -2 -4 -7 0 10 5 -7 -1 12 0 -12 -2 5 2 5 15 38 61 89 149 136 45 -39 -64 -125 -350 -344 -57 40 -15 -8 23 -96 -381 -569 -594 -610 -629 -334 137 168 -20 -61 -52 -37 -64 -86 -41 1 5 -35 -52 -10 6 -15 -11 11 -14 -27 20 43 22 6 8 4 6 32 22 -8 -7 -40 -88 -54 0 -24 -75 -82 -56 -19 30 86 134 131 70 -14 -97 -163 -188 -141 -72 -47 -57 -57 -35 0 24 8 -21 -13 20 25 16 34 84 115 58 -47 -90 -58 24 112 122 67 13 -1 7 7 10 10 2 -1 0 0 0 0 0 0 -2 0 6 -5 -21 -4 26 15 -42 -57 -12 16 36 49 47 14 -64 -47 82 108 21 -14 5 -7 -57 -64 0 75 115 96 14 -98 -99 24 83 45 20 68 63 -61 -101 -40 -22 -16 89 240 225 84 6 1 14 9 5 15 12 13 18 7 1 6 -3 59 235 264 89 -20 -37 -33 32 154 216 144 3 -162 -203 -79 -10 -10 10 38 -5 -111 -103 -33 -22 -19 52 159 135 23 -40 -63 -38 11 25 17 15 13 37 76 47 90 344 539 344 -196 -499 -303 -227 -427 -260 270 343 -110 -308 -29 305 299 80 -1 11 7 4 1 2 7 9 4 2 13 13 -28 -54 -44 -70 -65 20 61 56 64 33 -21 -53 -88 -98 -62 -30 -23 -35 -59 -82 -98 -106 
33 37 40 37 31 25 18 11 8 7 5 4 4 4 4 4 3 1 0 0 1 2 1 0 0 0 -1 -2 -1 0 0 0 0 -1 -3 -4 -3 -1 -1 -2 -2 -3 -2 3 5 1 -2 -10 -9 -83 -371 -540 -304 -50 0 -5 -8 -10 -10 -8 -5 -4 -6 -9 -9 -7 -5 -3 -1 0 0 -3 -8 -8 -5 -3 0 2 -2 -10 -17 -24 -30 -30 -23 -11 1 5 3 4 5 2 0 0 0 0 0 0 0 1 3 4 3 3 9 17 18 11 1 -5 -3 -5 -14 -12 -3 -2 -7 -12 -17 -18 -10 0 5 5 5 7 7 1 -6 -5 0 3 3 2 3 0 -7 -9 -10 -16 -30 -66 -128 -216 -301 -311 -222 -64 100 200 229 217 163 73 8 -6 -4 -2 4 -7 -66 -92 -22 -18 -74 10 115 73 -7 -37 -51 -70 -79 -64 -35 -33 -78 -121 -125 -119 -115 -80 -30 4 63 137 147 121 120 100 44 8 3 4 3 1 -1 -3 -5 -7 -8 -8 -9 -11 -10 -5 1 8 13 9 -2 -11 -15 -15 -12 -7 -6 -9 9 43 72 114 196 258 115 -240 -495 -455 -264 -96 -17 -14 -9 9 9 -1 -8 -4 3 1 0 4 7 10 17 24 21 7 -6 -16 29 278 448 236 -52 -226 -48 420 651 585 327 83 16 -10 29 227 324 211 232 393 296 2 -73 -2 25 44 69 52 2 -12 -25 -49 -66 -62 -38 -6 -11 -47 -45 -34 -11 -14 -85 -86 -22 -22 -20 10 7 16 75 92 7 -33 -5 -5 -3 -18 -43 -5 38 23 8 29 67 113 112 41 -44 -130 -194 -192 -138 -71 -27 -33 -61 -71 -47 9 44 32 15 12 4 14 74 117 63 -37 -44 11 22 53 83 45 10 0 -5 1 0 -7 -4 0 0 0 0 0 0 -2 -4 1 5 -7 -26 -31 -18 -5 -49 -115 -102 -71 -67 -17 31 -30 -111 -72 56 117 31 -52 -35 -19 -19 118 340 335 133 -25 -143 -226 -279 -240 -60 40 -38 -197 -235 -94 10 11 18 108 161 77 -6 -20 -11 12 103 202 158 62 25 9 4 -1 -5 4 47 45 -84 -135 -48 -16 -28 66 220 211 70 -36 -93 -77 3 89 124 89 -10 -145 -158 -54 -4 -6 5 34 19 -38 -37 -20 -32 -13 30 44 21 5 31 72 40 105 469 721 625 562 407 -127 -636 -787 -443 238 455 -76 -541 -331 171 348 157 -2 -11 -5 -3 3 7 7 3 -4 -11 -23 -27 -23 -53 -60 -19 -26 -33 40 105 71 -4 -49 -82 -79 -46 -59 -100 -121 -122 -109 -94 -83 -69 -54 
19 27 34 34 27 19 14 9 4 2 3 3 2 2 1 2 5 4 2 3 5 7 6 2 0 0 1 2 1 0 0 0 -1 -2 -1 -1 -2 -1 0 0 -3 -8 -7 0 6 8 7 3 2 -3 -131 -410 -482 -230 -28 5 -3 -6 -4 -5 -7 -9 -12 -14 -13 -10 -5 -1 1 2 1 -1 -1 3 6 2 -7 -20 -39 -71 -122 -174 -200 -193 -169 -131 -67 -13 -1 0 6 8 8 8 8 6 2 0 -1 -3 -4 -4 -4 -3 -2 -4 -8 -15 -27 -39 -48 -49 -38 -25 -19 -19 -18 -12 -5 -2 -1 3 6 5 3 1 -2 -1 6 7 3 5 9 6 -4 -11 -22 -57 -103 -142 -182 -225 -256 -223 -99 62 202 270 249 182 115 63 16 -8 8 12 -13 -15 -13 -61 -118 -58 40 -40 -108 24 91 -9 -87 -97 -93 -84 -74 -62 -33 0 13 19 35 62 75 51 18 5 35 105 135 99 60 40 20 2 -4 -4 -3 -1 -1 -3 -5 -6 -5 -4 -3 -1 -1 -3 -4 -3 -1 1 2 -1 -6 -8 -8 -5 -4 -11 -14 -1 9 18 -18 -235 -549 -644 -411 -123 -10 0 -1 2 7 7 2 -5 -6 4 9 -6 -13 4 15 12 16 23 13 17 19 -27 -90 -2 263 299 78 -151 -126 187 131 -175 -154 -23 -7 -9 -26 -30 122 351 463 364 -53 -431 -300 -55 -27 -44 -60 -65 -47 -42 -45 -55 -65 -78 -111 -105 -50 -43 -74 -52 -20 -40 -80 -83 -59 -45 -3 37 11 0 34 23 -10 -7 -35 -55 44 116 37 -31 29 89 35 -49 -48 32 85 57 12 -17 -70 -135 -156 -112 -37 3 -14 -49 -49 -6 15 6 27 60 57 33 29 73 116 68 -1 -40 -85 -57 40 93 71 22 -3 -9 -6 4 4 0 0 0 0 0 0 1 -2 -7 -2 -1 -25 -52 -42 -12 -30 -71 -60 -32 -35 -28 -1 -6 -25 -42 -15 102 158 77 9 4 23 150 278 260 204 89 -81 -168 -59 179 242 96 -77 -179 -125 -9 28 17 27 -9 -150 -196 -88 -12 -7 38 201 279 135 7 -18 -24 4 85 151 119 -22 -210 -245 -101 -9 -4 -5 20 8 -86 -112 -57 -27 -17 74 222 203 50 -75 -131 -79 -5 24 33 26 -22 -101 -102 -34 -1 0 2 -1 -8 -3 29 60 10 70 422 518 10 -432 -162 468 713 485 112 -168 -363 -579 -684 -457 18 304 178 -17 -21 11 2 2 12 21 20 8 -5 -11 -13 -9 -37 -94 -78 -20 -41 -101 -86 -4 33 -14 -48 -12 68 124 70 -45 -110 -107 -63 -15 14 34 50 
13 14 12 5 -4 -6 0 4 2 0 -1 -3 -4 -4 -3 0 3 4 5 7 8 7 5 3 2 2 2 3 3 1 1 2 0 -2 -1 0 0 0 0 -1 -5 -10 -10 -3 6 11 11 8 -2 -11 -17 -175 -453 -440 -167 -20 -8 -5 -3 -7 -10 -9 -7 -7 -10 -10 -5 -1 -1 -3 -4 -2 1 -2 -15 -39 -73 -113 -152 -175 -176 -163 -146 -157 -216 -264 -232 -135 -47 -13 -7 -2 1 3 3 0 -3 -4 -4 -4 -4 -5 -6 -12 -36 -79 -130 -173 -195 -198 -194 -179 -153 -141 -146 -152 -147 -127 -101 -77 -58 -45 -35 -26 -18 -10 -5 -6 -15 -34 -56 -71 -82 -100 -126 -154 -185 -216 -229 -214 -175 -99 19 157 272 311 264 162 64 17 7 0 -6 0 2 -5 -2 -1 -35 -108 -124 -29 -6 -61 20 129 88 -10 -56 -53 -26 10 25 10 5 40 95 125 124 135 144 93 26 8 13 25 46 42 8 -12 -5 -1 -7 -8 -4 -1 0 -1 -4 -5 -2 1 4 7 6 0 -7 -15 -22 -18 -6 2 4 5 7 6 1 -2 -7 -12 6 -48 -334 -656 -624 -307 -72 -22 -25 -9 -1 -3 -5 -13 -9 7 7 -3 -5 4 14 7 2 6 10 76 252 353 213 43 -45 -223 -158 173 157 -115 -219 -158 -310 -462 -129 303 341 138 -23 -289 -536 -482 -425 -534 -599 -459 -207 -69 -56 -88 -117 -92 -57 -45 -25 -14 -42 -78 -82 -72 -41 -25 -61 -80 -68 -48 -26 -34 -53 -50 -35 -18 -13 -2 7 -3 -1 13 4 -32 -15 54 76 15 -87 -132 -83 -3 32 1 -7 46 86 87 52 -8 -75 -126 -113 -44 4 18 21 -4 -21 -4 17 41 61 58 62 96 146 182 98 -13 2 2 -15 62 134 104 32 1 0 -1 -1 0 0 0 0 0 0 3 5 -2 -8 -4 -2 -12 -26 -26 -2 8 -30 -45 10 30 -22 -23 66 117 54 10 90 184 151 47 6 -63 -204 -83 274 321 94 40 233 337 152 -18 -56 -83 -56 69 185 157 47 -84 -177 -123 -24 5 4 36 44 -52 -107 -60 -19 0 98 280 292 121 -47 -163 -137 -29 35 67 65 -20 -171 -202 -86 -5 2 9 70 72 -35 -78 -56 -55 -23 96 193 139 29 -60 -107 -59 -3 2 2 -2 -23 -17 68 132 58 -50 79 291 30 -405 -330 14 191 248 403 525 199 -313 -477 -320 12 263 143 -75 -85 -36 -15 6 12 18 27 26 15 3 -2 5 13 -44 -101 -49 -2 -73 -203 -238 -151 -48 -5 5 62 125 132 94 32 -11 -3 44 88 101 98 96 
5 5 0 -6 -7 -6 -7 -11 -15 -14 -12 -10 -5 -2 -4 -6 -4 1 5 5 3 1 1 4 6 4 2 4 6 6 10 14 8 1 2 3 1 -1 -2 -1 0 -2 -7 -8 0 8 7 2 0 2 6 -39 -259 -495 -392 -117 -4 -5 -11 -11 -7 -4 1 10 7 -1 0 -2 -9 -6 0 -4 -22 -64 -114 -160 -194 -180 -123 -44 49 129 178 178 116 -6 -156 -227 -157 -54 -15 -8 -7 -8 -6 -10 -12 -10 -12 -9 -1 -8 -37 -94 -163 -203 -206 -179 -137 -109 -104 -114 -136 -166 -193 -207 -215 -227 -235 -225 -206 -195 -180 -155 -132 -116 -113 -132 -173 -218 -242 -241 -230 -217 -204 -192 -166 -102 -10 69 128 192 253 260 198 112 36 -7 -9 2 1 -5 -1 -2 -12 -9 -4 -25 -77 -112 -26 63 -47 -108 48 124 60 35 44 51 68 84 86 66 29 15 47 78 71 50 43 29 1 -9 -10 -23 -33 -26 -8 1 0 3 4 0 -3 -3 0 2 0 0 4 5 5 7 5 -4 -14 -18 -13 -14 -18 -8 -6 -14 -24 -33 -18 3 1 -10 -103 -387 -627 -493 -174 -19 -15 -20 -10 -6 -3 1 1 1 4 3 -1 0 11 22 18 16 13 38 235 527 613 573 508 268 46 -157 -258 50 246 28 -209 -97 310 590 644 537 309 110 49 4 -162 -355 -441 -370 -194 -48 0 5 8 12 25 28 18 11 9 12 10 10 17 12 0 1 8 13 3 -18 -13 2 -8 -47 -86 -88 -62 -53 -67 -31 41 70 90 92 37 -13 -8 11 -53 -116 -83 -55 -27 5 2 20 66 108 121 85 18 -46 -100 -110 -66 -12 20 1 -22 -13 -12 -18 -6 13 69 131 104 109 157 88 -8 -39 -65 -76 -1 109 110 37 5 4 1 -1 4 8 5 1 0 0 1 1 -2 -3 0 -1 -13 -19 -13 -21 -50 -82 -77 -47 -37 -5 47 86 82 -11 -62 37 161 169 52 -172 -362 -366 -263 -120 -17 28 39 -80 -175 -82 12 5 60 265 355 186 -1 -87 -74 -1 49 67 56 -8 -162 -252 -143 -25 -4 3 94 169 51 -63 -43 -30 -22 99 266 247 88 -57 -154 -116 -22 4 4 11 -28 -137 -166 -66 5 2 17 96 121 38 -20 -40 -58 -26 38 61 39 18 28 91 123 30 -71 -63 -157 -378 -252 251 639 454 -222 -682 -462 194 508 261 -21 13 240 215 -75 -207 -134 -61 -26 -8 4 25 34 21 7 -2 3 18 5 -56 -74 -13 20 -53 -248 -357 -248 -93 12 57 54 31 17 47 68 40 12 13 40 49 20 3 
-7 -4 -3 -4 -1 1 -3 -9 -12 -10 -7 -3 2 4 1 -4 -5 -3 -1 0 -1 -2 -1 2 4 2 0 -1 -2 0 4 8 7 2 2 3 1 -1 -2 0 3 3 -1 -5 -3 2 3 5 5 1 -3 -3 -66 -323 -522 -335 -64 -2 -8 4 6 8 5 -4 1 8 6 1 0 0 -23 -76 -142 -207 -236 -195 -98 17 118 180 201 199 187 200 243 238 106 -118 -245 -171 -46 -2 -5 -3 -5 -15 -16 -11 -1 -4 -29 -79 -160 -210 -178 -83 35 130 176 181 170 152 126 106 99 94 73 32 -10 -43 -81 -124 -162 -193 -215 -226 -224 -219 -213 -193 -150 -99 -59 -18 32 87 148 200 222 217 199 163 105 48 11 -6 -6 -1 -7 -17 -14 -8 -8 -4 2 8 1 -44 -130 -140 -10 24 -69 -27 86 81 34 52 94 101 81 52 37 33 11 -17 -23 -5 10 8 2 -8 -38 -71 -82 -93 -114 -105 -46 8 15 6 2 -3 -7 -6 1 10 16 16 10 3 -3 -8 -9 -4 4 11 8 -1 5 10 -11 -53 -95 -98 -59 -5 24 -138 -513 -711 -472 -109 8 -27 -27 -5 1 -10 -12 -4 -3 1 6 7 16 21 28 39 24 14 127 415 568 285 -186 -271 144 359 146 -54 -226 -118 217 156 -170 -259 53 227 -65 -393 -378 -126 4 8 12 17 24 14 -16 -22 -3 10 14 4 -11 -15 -12 -9 -10 -14 -11 -8 -17 -21 -14 -10 -6 4 14 18 16 15 19 22 7 -17 -25 -47 -98 -104 -40 -20 -23 29 35 -7 4 52 48 28 56 44 10 0 -38 -21 19 20 52 62 45 23 -46 -118 -114 -46 5 19 20 20 10 -10 -17 -14 -29 -44 -26 0 97 196 100 -51 -78 -84 -102 -34 81 123 74 24 14 8 6 7 0 -4 -2 -1 -3 -1 3 2 -3 -7 -7 -14 -29 -25 -2 -21 -96 -112 -37 9 -26 -45 -6 -11 -81 -123 -6 178 183 54 -62 -222 -390 -293 -38 -5 -196 -291 -136 29 47 14 76 151 34 -88 -63 -34 -24 75 260 302 148 -24 -142 -133 -35 15 24 26 -24 -143 -191 -100 -7 6 9 147 243 89 -47 -62 -53 -5 88 178 164 64 -74 -151 -79 -6 -3 -5 3 -22 -92 -102 -43 -13 -13 11 60 66 27 52 143 138 18 37 201 233 -19 -444 -521 -62 284 21 -381 -263 84 138 24 -85 -56 170 208 -16 -150 -186 -204 -142 -52 -2 17 26 26 13 -1 -4 8 25 -2 -65 -75 -33 4 -17 -185 -364 -294 -80 66 108 60 0 -20 -11 -2 -33 -87 -115 -114 -106 -103 -110 
-8 -8 -8 -8 -7 -4 0 4 6 5 4 4 3 1 0 -1 -3 -4 -3 -1 0 0 -1 -5 -8 -5 -2 -3 -4 -1 5 8 6 2 -1 -2 -1 -1 -3 -4 -3 -1 0 -2 -6 -6 0 1 -3 5 12 3 6 -82 -365 -498 -259 -29 2 -3 2 0 -1 -5 -2 5 2 0 1 -37 -139 -257 -292 -204 -70 63 174 201 157 101 59 34 13 9 48 137 208 111 -134 -262 -173 -51 -7 -10 -14 0 3 -13 -18 -18 -65 -161 -204 -99 74 181 215 202 165 141 139 143 149 168 184 160 113 103 134 151 142 134 102 35 -15 -20 -2 31 92 162 209 219 206 195 191 188 178 148 97 52 30 15 3 1 0 -4 -7 -7 -5 -4 -4 -5 -5 2 6 -4 -21 -67 -117 -55 28 -43 -65 85 137 56 19 28 37 34 19 -1 -7 -7 -16 -22 -28 -34 -31 -9 3 -25 -82 -148 -179 -155 -116 -91 -66 -32 -9 -5 -5 -3 -1 -1 -3 -4 -4 -4 -4 -4 -6 -10 -10 -4 1 -3 -8 1 -6 -21 -20 -81 -176 -176 -90 -60 -221 -518 -634 -387 -89 -8 -20 -10 1 -2 -5 -1 3 0 -1 5 4 -1 2 7 5 5 11 -1 160 403 118 -462 -616 -384 -98 44 46 40 -135 -248 82 269 -9 -385 -596 -638 -635 -527 -302 -119 -57 -35 -7 0 -5 -8 -8 -13 -20 -21 -20 -21 -23 -15 -9 -20 -23 -14 -12 -18 -21 -17 -15 -20 -25 -24 -21 -18 -13 -8 -4 0 5 12 18 19 13 -11 -59 -101 -109 -85 -74 -47 20 22 3 7 22 73 48 -33 -31 42 59 3 -1 55 124 127 46 -25 -72 -83 -47 -1 27 33 23 15 36 62 5 -77 -44 9 33 173 340 257 46 4 18 -41 -44 39 83 48 15 17 11 -4 4 15 7 1 1 0 0 0 0 0 0 -4 -12 -14 -8 -9 -27 -44 -40 -36 -44 -43 -37 -13 24 1 -59 -28 97 199 197 99 -3 -24 22 -8 -165 -206 -57 60 89 67 -16 -175 -259 -135 -1 17 9 125 245 127 -25 -44 -34 -18 76 213 207 78 -96 -239 -173 -36 0 5 35 32 -89 -162 -77 -8 -7 29 165 240 121 -6 -67 -86 -20 57 85 77 22 -82 -125 -52 0 -1 3 -2 -15 9 94 151 72 -81 -86 249 659 755 632 309 -224 -616 -646 -317 215 646 549 -93 -481 -275 75 159 -44 -172 -136 -153 -223 -209 -121 -41 11 20 11 13 12 15 18 18 -17 -72 -62 -19 6 14 -53 -232 -318 -176 2 77 48 -25 -82 -114 -103 -76 -83 -114 -150 -139 -76 -50 
8 6 1 -3 -4 -3 -2 -2 -2 -3 -4 -4 -4 -5 -7 -7 -4 -1 0 0 0 0 -1 -5 -8 -5 -1 -1 -2 3 14 19 13 4 -2 -3 -1 -1 -3 -5 -5 -2 -1 -5 -9 -8 -2 6 11 7 5 6 -3 -6 -128 -419 -481 -201 -10 -8 -12 -15 -19 -4 -2 -5 -2 -4 -22 -98 -246 -298 -121 110 222 222 156 77 23 -8 -26 -26 -15 -18 -16 22 106 211 170 -71 -270 -286 -201 -113 -50 -10 10 17 -5 -50 -135 -177 -31 155 194 137 64 12 -1 8 14 12 10 8 -16 -83 -154 -156 -91 -21 52 119 114 43 14 75 133 143 144 140 100 37 12 26 24 -12 -48 -51 -26 -9 -14 -16 -9 -2 8 12 5 -3 -6 -5 -3 1 -2 -11 -7 -12 -48 -116 -118 22 96 39 74 164 117 15 -10 0 -1 -7 -9 3 16 -2 -49 -93 -117 -136 -145 -111 -55 -18 -14 -61 -102 -53 29 47 7 -24 -17 -3 -1 0 4 6 3 -5 -15 -16 -6 0 1 5 9 5 -9 -23 -18 -13 -28 -33 -27 -29 -33 -34 -119 -402 -705 -653 -286 -24 -2 -38 -27 -3 5 4 4 9 9 9 13 6 1 34 65 36 -16 -36 -24 -28 -102 -144 -112 0 334 530 305 76 27 15 -50 -247 -251 25 85 -143 -359 -320 -135 -21 14 -2 -9 5 9 -3 -15 -16 -13 -9 -8 -17 -18 -5 0 0 2 -2 -5 -1 1 -2 -3 0 1 -2 -5 -8 -12 -17 -23 -28 -31 -34 -32 -17 2 16 27 26 1 -28 -54 -87 -96 -61 -34 -44 13 96 51 0 -11 -39 -10 8 -16 -12 34 71 48 71 128 82 -13 -83 -112 -78 -32 -16 0 12 0 -5 0 8 62 158 214 214 273 354 244 56 3 -7 -53 -62 13 69 39 4 -1 4 6 6 6 0 -2 0 0 0 0 0 0 3 0 -18 -27 -10 7 -5 -37 -66 -57 -31 -25 24 87 75 -24 -107 -49 33 81 145 130 27 -48 -52 -57 -70 29 223 277 136 -66 -226 -186 -38 9 11 30 20 -113 -227 -127 -11 -10 22 203 323 173 2 -72 -127 -82 56 151 129 58 -83 -216 -139 -21 -2 -4 31 57 -37 -121 -74 -16 -15 38 169 186 72 -16 -78 -94 -32 15 19 16 20 45 104 128 17 -116 -96 -39 3 175 295 351 554 635 298 -277 -488 -60 265 -134 -598 -413 54 187 -13 -165 -165 -127 -102 -143 -210 -184 -79 -3 10 3 12 26 28 19 0 -62 -113 -57 5 6 12 14 -97 -298 -338 -196 -75 -28 -40 -86 -106 -55 40 84 30 -33 -16 41 80 
7 5 3 1 0 -1 -3 -4 -4 -4 -4 -5 -6 -5 -5 -5 -1 3 4 4 3 1 1 4 7 7 3 -4 -8 -5 2 11 14 6 -1 -1 0 0 0 -1 -2 -1 -1 -4 -7 -7 -4 11 21 -2 -20 -2 6 -6 -25 -203 -481 -437 -135 2 -9 -5 -2 -15 -18 -14 -12 -7 -14 -60 -148 -112 101 219 168 81 11 -20 -49 -114 -139 -79 -18 1 9 -1 8 123 255 207 -30 -272 -373 -338 -259 -191 -122 -46 -9 -78 -164 -63 140 175 76 12 -3 2 7 -1 -12 -10 -4 -14 -29 -34 -37 -54 -91 -109 -68 -30 -63 -133 -152 -97 -53 -65 -96 -128 -192 -260 -247 -168 -120 -127 -124 -89 -60 -47 -50 -73 -78 -50 -22 -2 11 8 -6 -16 -14 -9 -10 -13 -10 -11 -59 -130 -89 5 -36 -57 80 147 68 -7 -29 -19 -11 -44 -87 -65 -14 -7 -46 -116 -167 -176 -163 -125 -64 9 75 114 129 133 136 120 70 22 6 4 -1 -4 -4 -4 -4 -5 -7 -7 -6 -7 -8 -8 -7 -4 0 6 -2 -12 8 13 7 65 151 61 -307 -620 -557 -264 -58 -28 -23 6 9 4 4 5 9 12 7 3 1 8 36 69 62 38 130 202 89 3 -166 -343 24 540 506 -4 -320 52 442 289 75 -112 -397 -350 -80 3 0 15 10 -10 -16 -6 -3 -9 -16 -21 -19 -12 -6 0 8 11 6 -2 -8 -9 1 11 5 -3 -4 -3 0 3 3 2 3 3 1 -1 -4 -6 -6 -5 -3 -10 -29 -44 -41 -20 5 21 21 -3 -42 -78 -84 -44 14 30 -8 -35 0 50 37 -17 -39 -15 -15 -54 -80 -12 110 138 90 16 -63 -93 -43 10 -2 -19 -30 -51 -27 57 170 260 242 117 6 117 317 221 -10 -59 -1 16 -8 26 90 67 13 4 -5 -13 1 5 0 0 0 0 0 0 0 5 10 1 -14 -21 -23 -25 -23 -33 -71 -81 -29 13 15 19 31 28 3 -39 -24 92 205 215 105 6 -7 -28 6 93 56 -27 -68 -122 -108 41 198 196 85 -100 -260 -181 -36 -4 -10 24 93 23 -107 -71 -5 -19 36 244 351 195 -7 -139 -157 -59 32 74 65 0 -132 -212 -119 -11 7 -1 27 65 19 -50 -50 -33 -23 6 32 43 91 153 125 14 -93 -104 -11 83 42 -244 -395 -232 -84 213 555 629 472 1 -494 -709 -712 -403 47 197 38 -87 -72 -70 -86 -65 -56 -134 -199 -130 -38 -5 3 9 15 16 14 -21 -114 -151 -63 10 20 17 8 -33 -203 -384 -349 -187 -45 43 63 58 85 137 154 105 50 39 45 60 
-12 -10 -5 -1 0 0 0 0 0 1 2 1 1 3 4 3 2 3 4 4 4 3 2 3 5 7 7 6 8 14 24 29 20 6 -1 -1 0 0 0 0 -1 -2 -1 0 -1 -3 -5 -12 -8 15 14 -6 -1 1 -8 -44 -258 -499 -376 -77 13 -4 8 3 -8 -14 -19 -10 10 45 99 99 14 -38 -28 -20 -14 -37 -172 -355 -353 -162 -22 6 -2 -12 -2 27 113 241 282 207 65 -90 -196 -249 -273 -260 -227 -227 -148 54 135 59 6 -2 2 11 8 -1 3 14 14 12 39 114 200 219 154 65 -3 -29 -7 44 74 44 -9 -53 -73 -63 -62 -77 -70 -40 -25 -40 -42 -29 -63 -98 -105 -151 -172 -99 -23 -2 -11 -36 -62 -69 -55 -34 -18 -16 -28 -48 -116 -129 24 80 -52 -65 52 58 -16 -66 -106 -116 -113 -157 -213 -184 -91 -10 31 29 29 56 78 61 24 16 52 123 171 140 83 53 34 15 0 -2 7 7 -3 -11 -15 -15 -12 -13 -22 -28 -22 -13 -14 -18 -11 -1 -3 -3 2 10 44 92 3 -318 -549 -398 -100 23 -1 -15 -4 1 3 1 -2 0 3 2 -1 -4 -5 13 30 -18 -52 195 562 493 143 5 -35 -273 -266 58 -146 -588 -665 -432 -3 189 117 56 -74 -162 -98 -37 -23 -21 -4 7 -11 -25 -25 -26 -24 -14 -6 -5 -7 -9 -7 2 4 -1 8 13 1 1 7 -1 -7 -2 3 3 2 1 -1 -1 0 1 3 4 4 1 -6 -11 -14 -20 -28 -35 -38 -27 -7 11 23 2 -52 -89 -107 -122 -87 -47 -46 -11 12 -24 -18 5 -59 -96 -39 -45 -81 4 97 75 -5 -84 -94 -2 47 10 22 60 71 110 152 87 -54 -121 -108 -34 189 365 226 15 -29 -17 -38 -44 41 116 68 7 7 8 0 4 4 0 0 0 0 0 0 -2 -3 2 2 -14 -34 -39 -25 -3 -7 -37 -59 -83 -73 5 65 48 16 19 1 -19 34 98 132 150 123 53 -89 -288 -316 -131 -10 -27 1 208 367 224 14 -109 -146 -63 22 68 78 15 -162 -293 -180 -12 29 8 73 178 94 -57 -79 -75 -68 42 222 265 128 -26 -131 -120 -26 7 1 16 -10 -117 -156 -61 2 -3 13 44 72 108 121 48 -82 -154 -94 52 123 89 76 -81 -352 -150 262 152 -267 -469 -261 40 -88 -437 -348 74 199 3 -103 -66 -42 -29 -18 -28 -24 -38 -126 -182 -120 -35 7 14 -1 -4 6 -41 -133 -119 -27 10 27 34 3 -19 -95 -274 -325 -163 12 123 168 149 110 54 -4 -17 -13 -32 -56 -69 
-11 -8 -3 2 3 1 0 0 0 0 0 1 3 4 4 3 0 -2 -1 0 0 0 -1 -4 -6 -3 4 11 17 28 44 44 24 8 2 1 2 1 0 0 -1 -2 -1 1 2 -1 -7 -18 -17 4 20 17 1 -1 2 1 -71 -329 -493 -288 -46 -9 -25 -9 1 -6 -8 -2 19 90 226 199 -92 -249 -137 -20 3 -55 -186 -254 -163 -51 -15 -9 -7 0 5 -7 15 95 197 298 352 322 232 109 -45 -223 -355 -296 -42 126 71 3 11 14 1 -7 -3 6 9 5 6 16 32 70 126 164 176 167 117 71 113 221 271 210 139 113 108 128 178 222 206 142 94 84 87 64 5 -37 -58 -102 -125 -82 -24 -1 -30 -116 -212 -248 -212 -149 -99 -61 -41 -83 -157 -99 42 26 -28 53 89 -13 -101 -124 -142 -139 -98 -66 -61 -58 -37 8 67 125 164 187 191 142 62 5 -2 33 56 45 25 10 4 6 4 -4 -8 -7 -4 -2 -5 -11 -17 -37 -80 -120 -122 -78 -23 3 3 -1 8 11 -7 -7 7 -98 -400 -584 -388 -98 10 -3 -13 -4 -12 -16 -7 -6 -5 1 0 -6 -2 12 35 31 -20 -14 246 523 275 -117 -101 3 -3 -104 -315 -291 -71 -13 -123 -401 -528 -276 -64 -43 -20 1 -7 -5 2 -7 -19 -14 -8 -8 -6 -4 1 8 6 -3 -9 -6 -4 -7 -6 -1 6 3 -4 10 24 13 2 7 11 5 0 1 1 0 -1 -3 -4 -5 -7 -8 -9 -8 -2 3 -1 -13 -23 -30 -38 -32 -6 25 34 8 -48 -74 -52 -55 -72 -82 -69 -32 -10 -24 -52 -21 29 -6 -81 -88 -2 91 85 7 -103 -141 2 145 175 207 253 239 111 -58 -88 10 85 68 76 246 331 153 -19 -55 -46 -52 -65 -12 59 54 16 -4 -12 -9 -2 0 0 0 0 0 0 -5 -12 -8 2 6 3 -8 -28 -37 -25 -49 -106 -114 -86 -40 -2 8 11 -10 -28 -56 -93 -65 16 89 169 238 146 -69 -135 -49 7 16 45 73 -22 -124 -91 -46 -31 47 231 316 175 2 -166 -226 -87 10 33 53 0 -144 -232 -137 -13 7 -10 82 209 128 -9 -31 -40 -31 39 125 134 64 -33 -113 -93 -23 19 59 80 71 47 -3 -87 -20 251 353 238 130 53 24 54 41 -223 -345 -62 -158 -530 -547 -438 -271 -56 84 231 247 85 -10 -8 -29 -53 -40 -18 -8 -32 -51 -74 -155 -191 -128 -51 -12 -7 -11 -18 -87 -154 -84 -5 -10 -10 0 -4 -1 -8 -107 -210 -140 11 101 132 106 33 -46 -117 -142 -115 -102 -107 -110 
8 8 8 8 7 3 -2 -4 -4 -5 -6 -5 -4 -3 -1 0 -1 -3 -3 -1 -1 -3 -4 -2 1 1 0 -1 -2 0 3 6 9 8 4 2 2 1 0 0 0 0 0 0 0 -2 -7 -3 1 -7 -3 6 1 -5 -7 -10 -9 -111 -397 -513 -254 -28 -7 -7 1 1 9 8 1 40 151 200 7 -248 -245 -88 -17 -25 30 194 263 135 9 -14 4 10 -4 -9 -15 -26 -21 1 63 161 233 261 249 170 81 116 208 168 53 -3 -7 6 10 -1 -7 -4 -8 -18 -12 7 14 10 8 12 31 66 80 60 72 125 142 112 95 122 143 128 142 187 176 107 66 90 106 75 70 85 74 73 75 44 5 -21 -48 -82 -117 -146 -161 -168 -159 -103 -60 -118 -116 46 68 -102 -104 75 117 12 -43 -19 13 19 46 132 204 175 86 23 23 72 99 86 67 43 19 0 -7 2 6 6 4 -6 -7 2 -6 -30 -43 -39 -33 -40 -65 -104 -144 -168 -199 -264 -301 -244 -128 -35 0 2 -2 -10 -13 2 -107 -434 -591 -344 -67 11 -8 -18 -6 -6 -1 7 2 -1 4 8 2 -4 6 31 38 5 37 310 519 108 -494 -482 -117 56 82 49 -198 -286 124 296 99 -1 -118 -182 -118 -88 -59 -13 -2 -13 -17 -9 -9 -14 -7 7 6 -1 0 2 -1 -4 2 13 12 3 3 3 -8 -9 65 134 78 12 2 1 0 -5 -7 -4 -1 0 0 0 0 1 3 7 9 2 -6 -6 -3 -2 0 1 -2 -17 -38 -32 -2 27 39 14 -39 -52 -11 -11 -18 29 32 -13 -27 -17 15 60 58 32 25 56 110 93 -15 -159 -183 -1 183 238 219 117 -43 -81 40 116 62 -8 -53 -14 209 318 132 -17 -18 -15 -53 -26 95 118 38 3 3 -3 -3 0 0 0 0 0 0 0 1 2 1 1 3 2 -9 -28 -46 -55 -52 -50 -60 -79 -75 -18 22 11 44 58 2 -5 -10 -35 28 129 207 273 242 130 48 8 -58 -251 -370 -208 -24 20 13 87 222 166 1 -55 -60 -43 54 198 239 133 -54 -237 -216 -42 21 1 9 21 -47 -140 -102 -22 -9 -9 88 202 135 15 -30 -23 37 81 96 93 43 -22 -74 -92 -80 15 336 608 452 141 1 -25 -14 13 -60 -347 -465 -219 8 132 97 -62 12 298 397 212 58 41 14 -10 5 9 0 -7 -21 -47 -78 -145 -223 -204 -122 -56 -14 -15 -49 -113 -126 -46 3 9 10 -7 -16 -8 -1 -53 -186 -227 -116 -29 11 16 -37 -57 -81 -158 -180 -158 -147 -130 
5 8 8 1 -6 -6 -1 1 -1 -1 0 0 0 0 1 2 3 5 5 2 -3 -8 -11 -11 -11 -9 -2 2 2 -12 -51 -77 -52 -10 7 7 1 -4 1 5 3 2 1 0 0 0 0 1 -2 -6 -7 -7 2 3 -9 -11 -6 -14 -173 -468 -482 -183 4 15 5 6 8 -1 -12 1 42 103 56 -137 -201 -88 -19 13 137 285 266 113 13 -20 -44 -49 -39 -35 -38 -45 -110 -244 -284 -167 -35 58 158 279 382 387 253 84 10 -2 -11 -14 -14 -6 5 4 -1 -6 -12 -9 2 9 6 2 -1 -4 3 10 14 19 17 14 23 45 52 36 31 46 52 40 40 53 38 21 51 78 95 155 185 119 39 5 15 85 180 209 153 73 24 3 -61 -157 -92 63 12 -80 23 135 120 89 97 118 142 135 105 116 154 132 62 13 0 11 18 8 -5 -8 -5 -1 4 3 -2 -4 -4 -6 -7 -17 -75 -166 -212 -197 -166 -135 -131 -208 -303 -271 -138 -87 -144 -167 -116 -49 -11 -5 -16 -21 6 -86 -402 -575 -349 -75 10 8 -15 -10 7 3 3 5 7 6 2 0 -3 9 34 39 8 -22 40 253 171 -308 -302 236 436 206 41 5 -90 -337 -401 -95 85 45 -14 -48 -16 10 2 -8 -15 -10 -8 -7 1 2 1 0 -3 22 51 28 -2 -2 9 11 1 1 6 7 5 34 116 121 31 -4 5 2 -4 -5 -2 -1 1 -1 12 50 60 29 8 7 7 6 5 2 1 2 3 1 -3 -10 -22 -36 -50 -43 -8 27 28 -2 -35 -33 -13 -8 27 61 69 51 -16 -46 12 56 -3 -57 -7 55 54 -17 -174 -267 -163 -53 -70 -119 -87 51 149 70 -70 -95 -49 -2 163 408 380 109 -20 -13 -25 -26 15 46 41 24 11 6 4 5 3 1 2 0 -3 -2 2 3 -1 -6 -7 -4 0 -1 -13 -24 -22 -23 -38 -65 -79 -98 -104 -14 57 29 7 18 31 34 -24 -115 -74 86 191 208 189 165 83 -102 -181 -84 -13 7 21 -22 -157 -239 -141 -30 -4 5 129 300 209 4 -75 -120 -109 -1 106 125 63 -69 -206 -173 -44 6 9 16 3 -56 -73 -4 45 27 3 4 -15 -52 -66 -54 30 173 215 -25 -321 -104 319 305 160 101 28 150 372 156 -345 -339 -27 -9 -41 157 393 444 334 207 105 23 1 18 34 44 35 9 -7 -25 -64 -103 -164 -219 -185 -93 -27 -6 -60 -132 -85 -4 22 38 39 16 -7 -13 -6 -22 -149 -268 -219 -134 -90 -55 -33 -17 -30 -90 -118 -99 -105 -113 
1 4 6 3 -3 -5 -1 3 4 4 3 1 1 2 2 0 -5 -7 -8 -15 -21 -21 -21 -23 -26 -30 -31 -21 -3 -7 -46 -70 -45 -11 -1 -5 -4 3 2 -3 -2 0 0 0 0 1 3 0 -7 -10 -6 4 8 4 0 -1 -1 -1 -26 -217 -490 -441 -145 -6 -6 3 9 10 12 -17 -77 -127 -91 26 84 48 13 24 67 85 35 -31 -78 -139 -200 -203 -182 -190 -175 -114 -151 -328 -402 -306 -177 -62 13 74 141 152 89 19 -9 -7 -1 -2 -6 -8 -9 -10 -6 4 8 1 -3 -1 4 14 19 6 -10 -10 -10 -15 -13 -8 -2 1 1 6 6 0 0 3 5 5 3 9 20 22 39 85 102 62 24 22 46 103 177 217 207 182 158 86 -47 -87 21 37 -80 -50 106 124 62 69 90 87 88 89 61 19 4 -2 -12 -8 -1 4 12 10 0 -4 -7 -6 -6 -20 -32 -35 -29 -11 1 -24 -115 -286 -426 -393 -271 -181 -115 -71 -44 13 113 210 238 177 86 24 7 14 26 40 -85 -438 -631 -384 -82 4 6 1 -2 -5 -5 3 5 1 -6 0 9 2 5 35 50 16 2 29 -37 -250 -204 209 517 534 289 18 -29 98 153 -68 -325 -265 -88 -55 -44 3 17 -4 -17 -17 -7 4 3 0 -1 -3 -4 -4 -2 16 34 20 7 10 0 -6 33 63 26 -3 1 24 -1 -80 -68 -15 -2 0 0 4 11 19 14 8 48 106 87 21 -3 -2 1 10 8 1 1 2 0 -1 1 4 5 -4 -20 -36 -51 -41 14 50 4 -42 -48 -67 -58 -1 28 41 53 22 15 0 -43 -52 -55 -5 77 78 -13 -190 -317 -227 -62 49 142 181 122 66 113 180 196 172 108 175 374 314 69 -14 -5 -59 -132 -84 27 55 27 12 10 4 4 8 2 1 6 2 -2 -3 -3 -1 0 -1 -2 0 -5 -24 -36 -35 -40 -56 -68 -92 -128 -125 -96 -32 49 97 127 87 -21 -64 -49 -80 -65 35 113 173 237 219 137 108 83 20 -14 -92 -246 -241 -70 26 26 19 -10 -124 -198 -106 -3 2 -26 0 86 108 45 -57 -139 -77 22 28 19 17 -81 -190 -120 -14 6 91 293 441 382 193 77 131 229 200 136 60 -272 -552 -199 328 362 227 354 652 774 498 -66 -467 -375 -35 310 484 344 153 150 214 185 113 69 37 28 29 18 6 -8 -17 -24 -40 -91 -188 -211 -135 -76 -40 -86 -156 -98 -26 -1 22 34 25 -3 -13 -4 0 -72 -217 -253 -156 -73 -12 43 32 10 29 36 -7 -89 -143 
3 1 2 6 7 1 -9 -14 -15 -19 -24 -27 -28 -27 -25 -24 -26 -30 -33 -34 -32 -29 -26 -23 -21 -25 -36 -34 -18 -9 1 18 15 -1 -3 -4 0 9 1 -6 -3 -3 -3 -1 0 0 0 0 -1 -2 -1 1 3 5 7 3 2 0 -12 -59 -282 -512 -375 -85 6 -16 -27 -55 -115 -188 -248 -223 -1 281 286 78 -22 14 27 -85 -237 -280 -273 -300 -312 -280 -260 -246 -213 -183 -122 -22 36 -7 -56 -34 -5 -2 -3 1 8 13 11 4 -5 -7 -1 -8 -21 -15 -1 4 2 1 1 -1 2 2 -2 0 0 0 3 4 3 1 -2 -4 -2 0 -1 -3 -5 -7 -10 -8 0 1 -1 4 11 15 14 10 5 0 3 15 29 46 64 82 79 -9 -127 -59 101 72 -1 66 121 66 12 11 18 23 29 23 3 -9 -13 -13 -2 4 -8 -22 -27 -35 -57 -87 -100 -102 -146 -216 -221 -145 -56 -2 14 9 2 -44 -120 -114 -47 -22 9 133 266 272 202 203 256 240 144 36 -10 -1 20 -25 -307 -561 -389 -92 14 30 10 -21 -13 3 3 3 7 11 3 -2 0 -2 44 91 34 -15 53 98 -7 -294 -395 114 459 -2 -393 -127 377 587 371 143 52 -50 -90 -41 7 4 -18 -22 -11 -2 -1 -5 12 44 34 8 4 1 4 -17 -53 -33 5 9 -2 65 163 114 26 9 0 -34 -120 -144 -54 5 3 -7 -4 9 10 3 2 7 21 17 -14 -19 -2 1 0 3 1 -1 2 4 -1 -3 0 -1 -1 0 -2 -11 -27 -44 -45 -9 40 40 -8 -50 -85 -88 -52 -14 21 35 25 -10 -14 -1 -44 -66 4 87 81 -29 -214 -283 -139 6 50 41 38 112 211 214 137 52 -46 -100 71 299 221 38 2 -12 -64 -61 32 110 92 34 1 -9 -6 -1 1 4 5 2 0 0 0 0 0 0 0 1 2 -1 -11 -24 -33 -43 -56 -30 2 -51 -117 -90 -12 8 -18 -28 -4 48 44 -2 -2 21 20 30 64 96 149 215 224 217 345 536 601 514 292 69 -7 -15 -144 -322 -258 -69 1 2 -6 -47 -119 -134 -64 -19 -28 -20 -10 20 89 114 55 -28 -56 -40 118 512 781 699 642 683 491 208 68 -56 -109 18 60 -252 -519 -203 299 568 659 393 -65 -189 -64 -30 87 376 513 333 70 6 85 173 217 179 108 56 27 11 -7 -22 -18 -8 -23 -60 -95 -129 -158 -149 -74 -46 -143 -174 -86 -22 4 29 44 26 -5 -8 -8 -15 -38 -158 -236 -118 22 85 112 109 103 112 94 12 -93 -163 
-4 -5 -5 -2 -1 -5 -12 -21 -30 -35 -36 -36 -37 -38 -38 -34 -25 -21 -21 -16 -10 -5 3 7 6 7 2 -12 -24 -9 61 133 122 56 15 10 4 -7 -3 6 4 -1 -3 -3 -1 0 0 -1 -2 -2 -3 -3 0 5 11 9 -1 -2 0 -1 -71 -334 -537 -375 -154 -156 -237 -283 -300 -272 -160 39 241 289 102 -153 -241 -145 -77 -207 -393 -425 -316 -186 -123 -116 -90 -22 20 3 87 313 418 322 171 48 0 -2 -3 1 6 7 3 2 -1 -12 -15 -15 -17 -10 -4 -6 -6 2 10 10 5 -6 -13 -3 8 9 7 4 -1 -6 -8 -7 -5 -4 -4 -4 -5 -7 -8 -7 -6 -8 -9 -4 4 8 5 -1 -8 -11 -3 3 -4 -8 -2 1 -28 -110 -128 -2 51 -47 -23 128 139 36 -17 -17 -10 -5 -2 -9 -10 2 -5 -24 -43 -83 -113 -106 -105 -138 -194 -248 -268 -270 -315 -375 -342 -207 -70 -11 -15 3 99 262 380 348 254 191 157 167 192 157 87 61 67 54 16 -5 -9 1 -72 -365 -556 -347 -66 12 6 2 -8 -4 2 -2 -6 2 13 10 11 6 -2 37 70 10 45 334 604 610 398 74 -316 -462 -210 -65 15 384 509 165 -21 10 -53 -79 -9 16 -10 -29 -22 -3 2 0 -4 -8 14 54 54 16 -8 -9 -3 -14 -30 -16 -1 -5 15 108 133 15 -32 -1 4 -20 -53 -43 -11 5 2 10 81 128 55 -13 -8 -3 -42 -95 -81 -20 5 3 -1 -3 8 8 -2 -1 5 6 1 -3 -3 1 5 3 -6 -15 -32 -57 -44 12 53 33 -37 -80 -53 -41 -83 -81 -59 -67 -31 27 26 -20 -56 -22 40 32 -65 -233 -281 -147 -30 33 78 69 2 -80 -142 -171 -157 -148 -108 125 309 178 10 -21 -17 -9 17 40 62 80 60 25 7 -5 -1 5 -3 -1 2 0 0 0 0 0 0 -2 -4 -1 2 -2 -12 -28 -50 -64 -49 -19 -28 -90 -155 -168 -109 -22 51 47 -22 -12 25 -6 -26 -43 -98 -65 22 15 80 402 765 767 528 534 658 473 190 215 379 423 415 344 175 34 -8 -37 -62 23 90 26 -28 -14 173 522 733 767 734 588 361 210 328 494 162 -368 -418 50 476 347 19 -65 -38 -11 62 60 -240 -529 -269 93 -129 -623 -779 -484 -24 323 439 294 3 -161 -79 38 54 79 145 145 91 59 31 4 -10 -19 -23 -27 -42 -65 -71 -58 -67 -58 13 -28 -169 -164 -63 -3 16 13 -2 -29 -29 -5 2 -1 -6 -84 -175 -107 13 45 39 52 86 101 65 14 -10 -26 
8 7 6 7 6 2 -3 -13 -22 -20 -12 -5 0 3 3 1 1 3 6 11 17 25 33 37 36 31 21 -2 -29 -17 69 202 274 190 48 -7 -10 -9 0 0 -2 0 -1 -2 -1 0 0 0 -1 -3 -4 -4 -3 1 7 12 5 -5 8 18 6 -113 -416 -606 -473 -342 -363 -288 -92 48 119 166 117 -39 -217 -386 -461 -379 -227 -106 -71 -65 15 137 182 143 145 185 181 163 201 264 249 181 119 56 12 -1 -3 -3 -2 -4 -7 -8 -5 -2 -27 -83 -108 -76 -35 -13 0 6 3 0 -3 -9 -6 2 0 -6 -10 -12 -11 -8 -4 -3 -6 -7 -5 -4 -4 -4 -3 -4 -9 -12 -11 -8 -4 -3 -7 -7 -1 5 13 12 -2 -9 -7 -13 -70 -130 -10 171 117 -30 7 112 86 16 -1 -2 -8 -14 -18 -22 -31 -62 -103 -109 -118 -187 -233 -181 -137 -188 -240 -226 -188 -140 -60 31 73 49 8 -12 -16 3 70 204 325 307 213 159 124 76 44 28 -1 -13 9 -1 -65 -106 -89 -108 -324 -587 -477 -141 -3 7 10 -15 -21 0 14 7 10 38 35 3 -2 3 22 57 4 10 334 534 241 8 48 41 -71 -365 -463 88 647 488 -163 -482 -290 -127 -82 -24 -10 -26 -23 -7 8 9 -1 -5 -6 -4 -13 -31 -22 -10 -4 9 5 39 92 55 2 -1 9 -25 -97 -89 -37 -16 3 7 2 11 8 -9 -9 49 140 128 38 -1 -3 -2 -22 -45 -25 -3 -5 -7 3 21 25 12 0 -3 0 0 -1 -1 -2 1 6 8 7 6 5 -12 -45 -43 13 44 10 -34 -61 -80 -61 -10 -8 -22 1 19 30 34 2 -53 -38 36 43 -71 -218 -183 -30 1 -74 -164 -221 -209 -160 -125 -100 -69 -63 10 247 326 126 6 25 6 -76 -116 -26 100 109 39 7 5 -2 -5 -2 0 0 0 0 0 0 0 0 -2 -3 2 8 8 1 -11 -28 -58 -85 -89 -71 -37 -47 -95 -87 -31 6 -4 -19 -17 -42 -37 19 20 23 64 13 -99 -12 321 320 -201 -604 -482 90 456 341 443 718 695 627 692 684 459 193 97 267 613 652 346 149 120 316 562 400 96 120 453 620 344 104 -20 -317 -483 -538 -563 -116 354 245 64 74 32 -20 28 28 -216 -542 -721 -767 -592 -170 239 451 429 203 -67 -281 -341 -167 1 14 16 83 138 126 87 45 19 20 23 13 -2 -8 -8 -8 4 49 96 45 -110 -173 -94 -39 -21 -10 -18 -39 -61 -37 -3 5 4 2 -40 -162 -215 -144 -94 -91 -70 11 102 120 112 129 132 
19 16 11 7 5 -1 -11 -19 -20 -12 0 12 22 27 28 26 23 24 27 29 31 30 26 24 19 14 21 23 2 -27 -43 23 162 188 82 5 -4 12 15 0 -4 0 0 -1 -2 -1 0 1 2 0 -3 -4 -3 -1 1 4 4 -3 -2 -1 -4 10 -109 -426 -556 -307 -29 94 171 181 76 -35 -117 -221 -254 -171 -91 -90 -65 106 309 379 322 257 270 287 213 66 -35 -42 -17 28 46 15 3 12 6 -1 -1 -3 -5 -6 -4 -4 -2 -6 -66 -159 -177 -119 -78 -59 -30 -23 -36 -26 -7 -3 -5 -6 -3 0 -1 -3 -4 -4 -4 -5 -7 -7 -4 -1 0 0 0 -1 -4 -6 -5 -4 -5 -6 -6 -7 -9 -8 -4 -3 -2 3 2 -20 -99 -147 -28 74 16 13 118 127 36 -13 -21 -34 -48 -79 -143 -195 -203 -203 -202 -150 -57 -9 -29 -36 -7 7 32 86 125 165 263 373 369 234 85 19 16 16 15 34 65 70 41 23 22 5 -15 -14 -4 0 0 2 -32 -98 -152 -360 -601 -450 -126 -12 1 23 8 -10 -4 -12 -20 26 124 137 46 -6 -5 22 53 11 -43 191 377 -73 -584 -625 -385 -67 80 -63 -388 -415 -170 -291 -434 -255 -123 -64 5 22 -3 -15 -5 2 1 -3 -5 -2 0 2 -17 -53 -40 4 15 7 59 169 164 50 -4 -2 -15 -97 -151 -70 7 8 -4 -5 3 10 7 7 11 42 16 -79 -59 -2 -2 -1 -5 -9 -1 2 -5 -3 50 93 41 -3 0 -2 -5 -4 0 1 -1 -4 -5 -2 1 2 -4 -9 -9 -36 -63 -24 46 50 2 -17 -18 -16 -5 35 74 38 0 15 41 33 7 41 64 9 -135 -271 -230 -176 -211 -204 -157 -110 -50 8 39 53 34 -26 64 288 260 61 -4 -21 -63 -69 -44 -16 24 50 25 8 11 1 -1 -1 -2 0 0 0 0 0 0 1 4 5 1 -3 -4 -5 -8 -7 -14 -38 -65 -83 -68 -62 -109 -143 -136 -75 -10 -28 -13 86 128 72 27 6 -32 -61 3 77 -187 -464 -307 -210 -320 -247 -53 129 122 -192 -429 -251 272 572 358 152 297 544 650 566 309 76 -9 -53 -306 -653 -745 -437 114 264 -50 -147 54 164 60 -264 -315 88 211 43 11 45 37 54 122 96 -152 -346 -132 266 503 530 375 136 -11 -60 -86 -75 -40 -7 12 14 45 126 156 100 44 27 34 37 24 13 20 22 10 64 163 153 -5 -176 -163 -37 11 11 13 15 -1 -24 -11 1 -2 3 1 -25 -151 -282 -225 -112 -66 -20 52 121 159 195 223 209 
11 7 0 -4 -3 -4 -9 -13 -13 -11 -8 -4 -1 -1 -2 -1 1 5 11 15 15 10 2 -6 -13 -10 11 35 38 1 -90 -166 -125 -18 35 25 12 11 8 6 3 0 0 -1 -3 -3 -1 1 3 2 -2 -5 -6 -5 -4 0 11 13 -6 -12 1 0 -14 -127 -332 -278 57 168 23 -16 -8 -96 -135 -77 40 255 406 342 206 175 256 290 191 86 102 151 85 -85 -200 -194 -161 -94 -16 7 0 -17 -16 -3 2 2 -1 0 4 7 5 -14 -51 -70 -50 -40 -75 -87 -55 -73 -127 -122 -74 -34 -16 -17 -15 -7 -1 3 2 -4 -10 -10 -6 -4 -4 -4 -4 -5 -7 -7 -4 -1 0 -1 -4 -7 -7 -5 -5 -5 -2 2 8 8 -15 -90 -165 -93 19 -64 -182 -81 57 6 -87 -100 -107 -132 -152 -205 -321 -398 -339 -204 -103 -71 -23 94 170 138 115 184 260 277 258 228 203 179 138 85 38 12 2 -6 -6 2 8 4 -12 -19 -7 9 10 -1 0 6 0 -3 33 60 -111 -408 -423 -169 -20 9 29 2 -26 -13 1 0 26 137 224 138 13 -9 13 63 68 -17 -6 165 33 -352 -296 46 352 597 623 401 33 -367 -595 -453 -201 -111 -43 30 8 -28 -14 3 7 10 22 32 21 10 10 2 0 -2 -11 1 4 -10 72 144 41 -24 3 2 -8 -44 -59 -11 18 4 -5 59 122 57 -7 -1 4 -27 -92 -98 -37 3 6 0 0 -6 -9 8 15 21 65 74 15 -14 -4 0 1 3 3 3 3 0 -4 -7 -6 -4 -1 5 5 -8 -40 -69 -31 60 78 17 -23 -57 -82 -58 -28 -8 25 83 115 112 93 29 14 41 -28 -222 -320 -193 -83 -35 10 11 3 8 35 53 41 17 -10 113 257 118 -44 -23 27 18 -46 -78 11 132 119 31 -1 0 1 5 3 0 0 0 0 0 0 1 3 2 -3 -6 -4 0 2 -3 -6 -3 -13 -43 -78 -86 -81 -108 -138 -111 -89 -96 -25 32 -19 -63 -76 -74 -29 -11 -73 -131 -136 -71 184 459 316 -41 -130 -68 17 141 146 78 133 171 49 52 192 -18 -196 164 311 38 -179 -150 67 132 -65 -350 -231 167 -19 -316 53 390 332 301 279 153 27 -32 -7 74 110 51 -13 11 145 345 520 572 445 215 24 -34 -1 22 52 98 97 55 24 5 11 76 128 100 52 35 28 11 -4 -1 11 9 52 162 185 75 -92 -171 -87 -14 11 28 26 29 2 -29 -23 -12 -7 3 10 4 -78 -200 -162 -12 68 80 89 113 108 86 122 187 
-1 -3 -3 0 5 10 12 14 17 13 2 -9 -19 -27 -30 -29 -27 -24 -17 -8 -4 -5 -8 -10 -7 -3 0 11 38 58 23 -97 -208 -173 -66 -11 2 -5 -8 6 7 0 0 0 -1 -3 -3 0 2 1 -1 -3 -4 -4 -4 3 10 6 4 4 -4 -21 -25 -7 -100 -324 -368 -203 -105 -32 80 87 63 160 271 309 291 197 23 -109 -78 -11 -41 -112 -125 -71 -21 -9 -51 -101 -90 -52 -24 -9 -7 -11 -11 -4 2 3 2 4 7 8 3 4 48 122 138 60 -27 -51 -63 -146 -259 -289 -233 -150 -81 -57 -57 -50 -35 -18 -5 1 1 0 0 0 -1 -3 -5 -8 -12 -13 -8 -2 -1 -4 -8 -11 -11 -8 -4 0 3 4 2 -14 -58 -147 -182 -50 38 -73 -120 15 43 -125 -239 -232 -225 -234 -195 -109 -34 14 47 83 118 88 28 57 130 125 90 117 158 166 152 113 60 14 -11 -8 1 1 0 0 1 3 -2 -9 1 9 -6 -12 1 9 1 -12 -12 2 48 -49 -354 -409 -148 -4 1 29 29 -14 -20 -9 -7 32 155 266 166 -8 -36 -6 47 78 13 -31 -29 -44 11 151 335 548 482 123 115 426 415 161 -25 -122 -123 -37 21 1 -17 -16 -6 8 7 -7 -5 10 9 -2 -5 7 75 133 70 -7 -14 -3 -5 -71 -117 -51 2 3 -1 -15 -19 -5 0 -2 43 130 121 29 -5 -2 1 -44 -91 -43 -1 0 2 15 71 98 43 -2 -4 7 -25 -77 -46 -2 3 7 5 0 -3 0 7 10 8 5 4 4 3 0 2 7 1 -23 -60 -38 57 78 8 -43 -57 -62 -42 28 62 53 51 35 20 -22 -4 86 70 -69 -242 -212 -30 11 8 32 11 -20 -25 -19 -14 4 -18 -6 181 254 86 -6 4 2 2 2 -10 31 127 114 24 -5 -4 -3 0 0 0 0 0 0 0 -2 -5 -3 3 7 8 7 3 2 5 1 -2 1 -12 -39 -45 -35 -52 -104 -128 -114 -135 -185 -186 -103 -14 0 -23 -7 -124 -287 -33 237 72 58 308 279 70 -8 23 123 330 485 164 -278 -232 56 205 64 -93 126 415 305 -49 -146 111 226 101 -41 -52 116 8 -424 -419 153 617 769 504 -32 -170 -1 2 -112 -141 -84 45 269 486 550 428 223 62 -9 -15 8 22 28 30 48 85 68 13 1 29 59 95 109 82 61 42 10 -4 6 10 36 133 173 96 -29 -170 -142 -6 2 -15 5 14 13 -22 -43 -21 2 5 -1 5 9 -30 -116 -131 -27 59 59 27 21 10 -35 -26 40 
8 9 11 10 8 12 22 35 44 42 32 22 14 5 -3 -10 -16 -16 -12 -7 -3 -3 -3 0 7 12 5 2 25 70 122 115 44 16 18 5 -2 -8 -8 -3 -1 0 0 0 0 -1 -3 -4 -3 0 2 1 -1 -2 -1 -3 -7 -2 9 7 -4 -3 -2 -6 -24 -189 -472 -449 -99 85 73 80 88 112 126 21 -90 -105 -198 -315 -244 -102 -41 -83 -191 -217 -104 55 126 96 82 67 22 -5 -8 -1 -3 -6 -4 -3 -1 1 3 4 5 21 77 146 152 103 77 55 4 -14 -21 -82 -125 -114 -142 -205 -217 -175 -121 -84 -58 -46 -50 -41 -19 -6 -8 -10 -7 -4 -1 -2 -3 -1 0 1 0 -6 -8 -7 -8 -5 -7 -13 -14 -43 -124 -215 -251 -260 -284 -209 3 146 77 -73 -132 -104 -88 -104 -56 99 284 384 349 256 200 179 135 77 56 52 36 26 26 26 23 9 -5 -3 1 -1 -3 -4 0 2 -4 -5 -4 -6 2 7 -5 -17 -18 -10 -8 -15 -16 6 -75 -366 -500 -272 -50 5 22 17 -12 -14 -5 -4 5 83 208 171 -25 -107 -45 42 103 33 -59 -29 -35 -246 -223 288 542 179 -366 -647 -428 74 259 94 -76 -132 -32 35 -19 -49 -21 1 4 8 1 -13 -29 -32 -11 1 2 54 168 181 61 -6 0 2 -60 -131 -79 -14 -11 -5 11 51 61 13 -11 -6 32 35 -43 -45 -1 1 6 -5 -38 -30 3 1 -7 55 128 87 14 -7 -6 -17 -73 -94 -31 8 1 -2 10 29 23 7 5 1 -2 3 5 1 -4 -6 -6 -4 1 3 -22 -81 -70 52 92 10 -20 59 125 77 23 -26 -110 -117 -44 0 -8 28 86 54 -115 -250 -127 2 -6 7 11 -14 -34 -35 -20 6 30 6 112 306 212 17 -24 -10 -2 -40 -97 -111 -35 65 69 22 2 3 7 5 -1 -2 2 3 2 1 -2 -2 2 4 3 1 0 0 -3 -5 -3 -8 -13 -10 -8 -9 -27 -66 -85 -97 -162 -218 -186 -119 -76 -51 -28 22 -48 -361 -333 248 538 307 5 -125 -68 -6 -169 -538 -714 -514 -276 -188 -58 155 175 75 62 -47 105 428 173 -170 -5 219 311 453 389 118 33 -102 -475 -577 -353 -297 -529 -604 -321 -100 -82 -29 141 340 473 519 441 239 55 -9 -15 -19 -20 -16 4 26 43 60 53 28 12 17 29 48 101 136 112 77 50 36 40 30 27 100 158 93 -5 -134 -222 -137 -51 -30 1 28 58 39 -31 -34 9 16 3 -9 -11 -10 -23 -104 -192 -157 -95 -92 -101 -93 -59 -30 -47 -81 
17 8 -2 -9 -12 -9 0 11 16 17 18 18 19 19 16 9 2 2 3 0 -3 -4 -3 -4 -6 -3 0 7 22 47 105 200 303 371 319 150 20 -9 -2 0 -1 0 0 0 0 0 -1 -3 -3 0 3 3 0 -3 -3 -6 -6 4 4 -1 2 3 2 -2 -3 -25 -186 -401 -348 -104 -65 -222 -248 -109 -21 -77 -175 -144 -43 -66 -151 -128 -5 82 34 -45 -8 114 218 242 190 97 18 -4 -4 -10 -8 -4 -4 -4 -3 -2 -3 -1 -1 -1 24 56 62 76 117 122 100 164 279 291 203 89 -36 -139 -196 -207 -181 -154 -169 -229 -256 -200 -125 -80 -50 -29 -17 -2 8 4 2 2 -4 -9 -9 -9 -9 -7 -8 -8 -1 2 -16 -62 -148 -246 -324 -413 -418 -200 74 128 35 18 75 137 194 225 208 170 173 191 162 109 72 69 54 -22 -86 -72 -31 -11 -4 -6 -8 -6 -5 2 6 2 1 1 1 -1 -4 -1 2 0 -11 -21 -12 -2 -7 -16 -14 -2 20 -36 -316 -502 -290 -50 -1 3 5 -15 -29 -9 10 9 39 116 110 -46 -150 -95 7 110 79 -57 -50 17 20 -181 -491 -469 -410 -591 -488 44 314 3 -252 -221 -126 2 27 -31 -43 -28 -9 6 3 -13 -15 0 8 8 10 19 21 69 115 33 -30 -4 7 1 -49 -86 -35 5 5 1 70 167 114 15 -1 5 -29 -85 -77 -28 -5 -2 -9 -6 9 15 7 -3 11 65 51 -39 -44 -3 6 -5 -19 -11 -5 -2 2 11 78 122 57 -2 -9 -8 -5 -1 1 -2 -1 2 -2 -5 -7 -10 -5 -29 -97 -80 55 103 37 8 -43 -120 -103 -85 -66 19 76 84 12 -57 15 75 -2 -196 -257 -53 52 14 26 48 27 8 55 108 108 71 69 210 290 130 -2 -14 -28 -49 -48 -79 -143 -57 86 68 12 7 2 -2 -3 -2 3 6 6 6 4 1 -1 -3 -4 -3 0 -1 -3 -1 -6 -9 0 4 -3 -9 -7 -4 -16 -40 -62 -79 -89 -108 -143 -127 -61 -24 -11 -199 -545 -525 -194 -193 -463 -382 -114 -101 -150 -112 -243 -470 -233 167 183 199 92 -333 -606 -735 -564 68 302 -97 -146 330 652 605 165 -220 -60 167 25 -389 -728 -839 -775 -491 -176 1 193 428 537 497 375 227 109 40 19 19 6 -1 9 10 11 17 30 39 22 7 10 19 25 42 95 165 172 98 54 62 53 48 98 155 99 -10 -116 -257 -263 -161 -107 -30 30 45 61 19 -33 -21 -1 0 1 -6 -15 -9 -2 -76 -213 -231 -146 -100 -81 -54 1 69 62 4 
-39 -48 -57 -58 -52 -46 -44 -44 -42 -34 -23 -18 -18 -14 -6 4 14 17 14 7 0 -1 0 -1 -6 -11 -8 0 7 17 39 95 207 359 413 252 62 7 3 0 1 0 0 0 0 0 0 0 0 0 0 0 0 -1 -3 -3 -2 -2 0 4 7 7 4 3 6 6 -20 -200 -509 -550 -298 -166 -136 -41 30 54 29 19 166 288 187 46 38 138 228 216 150 122 141 143 91 19 -16 -7 5 3 0 0 0 0 -1 -4 -8 -8 -9 -18 -31 -34 -15 12 30 42 60 89 139 192 187 131 118 156 147 61 -31 -78 -136 -233 -279 -231 -184 -187 -157 -101 -94 -98 -62 -21 -10 -12 -9 -4 -1 1 0 3 8 -1 -6 2 -11 -64 -129 -132 -85 -72 -48 39 103 72 42 105 174 181 195 236 208 109 41 28 25 -6 -66 -110 -116 -129 -153 -120 -47 -11 -5 -1 1 3 4 6 8 5 -1 -5 -6 -8 -10 -16 -21 -11 -6 -11 -7 -3 -6 -8 7 16 -67 -323 -529 -361 -81 -7 -3 20 12 -14 -16 -3 1 0 48 95 -16 -179 -182 -77 55 84 -40 -56 38 57 30 0 -174 -440 -333 160 566 655 222 -369 -411 -144 34 74 -4 -39 -10 -1 6 27 23 2 -5 68 168 116 11 -11 -8 -15 -48 -61 -23 0 -3 -1 -20 -55 -40 0 6 28 113 111 -2 -29 -1 4 -27 -70 -43 -2 0 1 16 91 146 62 -8 0 8 9 -19 -41 -20 -1 -1 -2 -3 -8 0 17 10 22 54 30 -5 -6 -6 -2 1 1 4 1 -1 0 0 0 0 0 0 -2 -26 -94 -82 62 100 -50 -155 -79 26 33 41 69 35 5 21 75 157 158 69 -82 -255 -190 19 50 16 30 25 20 53 66 47 55 50 132 307 244 50 -8 -9 13 18 12 20 14 58 83 29 -9 -11 -2 6 4 -1 -1 -1 -2 -1 0 0 0 0 0 0 0 0 0 0 1 2 1 -1 -1 2 4 3 0 -5 -13 -22 -31 -60 -103 -124 -127 -85 -29 -176 -523 -773 -823 -638 -267 -97 -341 -483 -160 77 -179 -470 -309 -64 -154 -345 -341 -249 -297 -507 -509 -171 -197 -539 -537 -424 -567 -758 -589 -209 -49 -20 14 15 48 123 177 214 262 300 268 165 88 86 86 40 8 11 11 15 24 25 25 34 55 74 75 52 19 1 0 6 13 41 131 203 153 73 43 57 128 168 102 12 -52 -171 -269 -204 -109 -55 -1 16 32 26 -36 -45 -7 0 1 7 1 -8 2 18 -31 -159 -203 -92 20 58 64 84 128 147 129 
-101 -91 -76 -61 -50 -42 -37 -34 -26 -17 -12 -11 -13 -10 -1 11 19 17 12 6 1 0 -1 0 5 7 7 6 -3 -11 -7 -1 16 98 213 203 80 8 -6 -10 -4 0 0 0 0 0 0 0 0 0 0 0 0 0 -1 -3 -3 -1 1 4 7 7 4 2 1 -11 -18 -46 -256 -575 -539 -94 205 159 73 107 162 157 190 308 347 239 120 94 130 134 79 21 3 10 2 -17 -17 -2 11 13 5 0 0 -1 -3 -5 -9 -22 -32 -46 -101 -127 -79 -53 -56 -40 -21 -8 2 13 25 47 106 188 236 217 155 111 115 132 114 53 -46 -145 -158 -117 -130 -156 -104 -23 4 -4 -5 -2 -7 -11 -7 -6 -4 1 -7 -16 -25 -77 -70 131 343 357 277 222 135 46 62 141 167 112 62 52 33 17 15 5 -4 -35 -120 -204 -188 -91 -27 -20 -23 -20 -15 -8 -1 4 6 5 3 0 -4 -9 -13 -12 -10 -10 -6 0 1 2 5 4 3 2 3 -27 -248 -532 -446 -133 6 20 29 29 11 -8 -7 -4 -7 11 46 -2 -157 -223 -132 15 99 1 -88 -9 61 52 46 86 110 60 85 260 299 -49 -450 -419 -125 59 66 -17 -36 -4 -1 -9 -8 1 3 5 39 147 185 63 -18 -15 -11 -66 -146 -102 -16 0 -4 6 54 74 24 -6 -9 11 6 -69 -83 -25 -5 -7 -8 -45 -61 -17 10 3 72 177 124 16 2 7 -15 -51 -49 -9 7 3 -1 13 46 45 16 5 3 9 -27 -85 -47 7 4 -3 -4 -5 -3 2 2 0 0 0 0 0 0 3 5 -27 -100 -61 80 67 -7 34 67 56 22 -44 -86 -82 72 365 542 574 440 137 -145 -255 -103 59 58 13 -10 11 19 -7 -12 1 -5 24 198 298 136 8 1 -4 -5 18 69 25 -29 77 127 45 3 6 9 5 -4 -7 -7 -7 -3 0 0 0 0 0 0 -1 -3 -2 2 4 3 1 0 0 0 0 0 -1 -4 -10 -19 -18 -15 -34 -51 -53 -53 -36 -8 -16 -103 -190 -183 -124 -79 -218 -395 -287 -94 -115 -385 -463 -242 -379 -595 -289 41 87 -96 -428 -407 -194 -378 -679 -746 -708 -575 -355 -212 -155 -75 69 205 286 327 298 206 106 14 -47 -38 15 55 46 11 6 11 3 15 28 16 9 31 84 148 166 89 -10 -23 -4 -15 -9 21 67 136 149 72 39 119 184 114 -7 -6 13 -86 -109 -34 -4 8 -1 -3 51 90 58 3 -8 8 9 3 5 2 -4 3 -17 -93 -114 -25 60 96 99 72 56 72 91 
-53 -30 0 19 24 26 31 39 47 46 37 29 26 28 33 32 22 12 4 0 -1 -2 -2 0 5 7 7 6 0 -3 0 4 -3 -1 83 166 104 10 -4 3 1 0 0 0 0 0 0 -1 -2 -1 0 0 0 0 0 -1 -2 -2 -2 0 4 6 5 2 -4 -7 -2 1 -29 -204 -457 -391 -46 108 56 61 133 134 98 109 115 95 62 20 0 1 0 -4 -4 2 8 13 11 -5 -16 -10 -3 -3 -4 -4 -4 -5 -8 -31 -76 -116 -143 -142 -145 -190 -190 -123 -90 -96 -79 -41 -18 -8 15 41 66 111 148 151 177 258 299 223 113 65 51 27 9 14 20 10 4 5 -19 -72 -104 -80 -37 -20 -18 -11 -4 -13 -74 -145 -39 237 394 337 256 226 150 57 35 54 48 4 -33 -45 -73 -111 -101 -57 -27 -8 -10 -49 -51 37 114 87 19 -7 -4 -1 1 3 4 3 1 -2 -5 -7 -8 -6 -5 1 10 2 -10 -10 -9 -9 -2 8 -3 -142 -389 -412 -172 -11 5 4 6 -8 -22 -14 -1 -3 -5 21 8 -121 -209 -137 0 132 88 -69 -48 31 8 -32 16 90 79 -5 -235 -514 -609 -522 -299 -75 54 94 4 -70 -33 -5 -5 35 50 -4 -26 -13 44 82 -16 -70 -15 12 10 -32 -125 -134 -37 12 4 69 197 188 45 -21 -9 -26 -73 -73 -23 -1 -2 -1 -1 3 2 -6 1 6 49 43 -63 -55 0 1 0 -64 -113 -45 11 1 5 95 188 126 13 -18 -1 -14 -55 -53 -20 -5 -3 5 23 21 0 -3 1 0 0 0 0 0 0 0 1 4 -30 -110 -60 87 65 -43 -82 -57 -31 -29 -20 -7 193 293 -25 -37 333 332 36 -206 -213 -2 108 106 111 91 58 41 31 14 -8 -41 51 268 252 67 10 -10 -30 -41 -63 -30 -2 33 90 62 9 -6 -7 -2 -1 2 6 3 0 0 0 0 0 0 0 -1 -3 -2 2 3 1 0 0 0 -1 -3 -3 0 1 -2 -6 -11 -6 5 0 -3 -2 -22 -38 -25 -17 -43 -89 -98 -46 -25 -73 -124 -120 -53 -39 -105 -106 -147 -286 -321 -265 -172 -63 -70 -129 -70 0 -9 -21 -17 -1 -3 -1 37 72 110 151 161 130 59 -17 -50 -54 -40 11 42 4 -37 -21 15 15 -7 -1 28 46 49 44 49 71 71 7 -72 -67 -12 9 10 5 6 50 93 85 95 138 121 54 30 79 96 32 11 23 6 12 38 41 33 57 83 49 -1 -13 -10 -6 7 9 -10 -21 -23 -62 -93 -50 -12 -14 -21 -48 -84 -88 -69 
36 59 80 82 74 68 66 67 65 57 47 38 33 32 33 28 15 6 1 -2 -2 -2 -1 2 4 2 -2 -6 -3 9 20 13 -12 -13 79 210 188 58 4 3 0 0 0 0 0 0 0 -1 -3 -4 -3 -1 0 0 0 0 -1 -3 -3 -1 1 3 4 0 0 11 10 -2 1 -3 -137 -400 -476 -254 -43 12 28 35 18 8 -1 -16 -23 -23 -19 -18 -15 -6 -4 -7 -4 6 7 -9 -19 -12 -6 -7 -8 -7 -5 -4 -4 -10 -38 -61 -31 -16 -89 -180 -231 -242 -218 -177 -129 -103 -93 -59 -33 -36 -28 4 43 55 50 91 147 151 159 201 187 121 105 126 93 25 -1 -14 -94 -224 -284 -220 -123 -65 -42 -37 -18 -25 -135 -187 -42 69 48 70 133 114 50 3 -48 -73 -57 -59 -121 -179 -186 -196 -183 -106 -27 43 137 190 145 91 89 75 36 16 12 7 1 -4 -7 -6 -2 0 0 2 6 7 5 4 -1 -8 -3 4 -1 -9 -20 -11 -79 -343 -455 -222 -32 -7 -6 -4 -6 -23 -29 -10 1 -3 -3 -10 -75 -132 -81 -14 74 101 -35 -63 53 82 6 -32 0 10 -1 34 11 -125 -148 -63 -45 -5 47 -2 -20 34 55 46 110 212 149 16 -13 3 -14 -61 -62 -21 -3 -8 -9 -4 -21 -43 -27 3 16 80 117 25 -18 6 10 -7 -72 -94 -31 7 3 6 85 173 108 15 -3 -8 -15 -40 -50 -26 -10 -3 0 -23 -53 -37 -1 5 29 103 98 7 -13 2 -3 -24 -53 -31 -3 -6 -2 26 67 62 16 -5 -2 0 0 0 0 0 0 -3 -5 1 5 -51 -118 -8 105 -13 -116 -92 20 284 363 153 111 -4 -429 -594 -176 276 192 -121 -260 -122 51 83 120 114 56 37 52 78 92 71 63 213 325 149 -5 -14 -7 6 3 54 97 0 -50 23 35 -1 -8 -3 0 3 7 5 1 0 0 0 0 0 0 0 0 0 0 0 0 0 0 -1 -2 -2 -2 0 3 4 3 2 0 -7 -8 0 1 1 8 4 -2 3 -5 -19 -27 -33 -37 -43 -39 -22 -14 -50 -72 -18 -24 -117 -135 -86 -53 -37 -38 -38 -15 9 15 4 -3 15 37 37 17 -4 -5 26 62 63 28 -19 -64 -83 -48 -5 -7 -19 -12 -2 22 36 20 28 58 65 35 -10 -40 -51 -40 -27 -29 -16 3 -8 -17 -6 -1 20 68 89 61 36 66 128 155 125 52 -21 -35 -10 3 9 -6 -44 -74 -78 -36 0 -7 -16 -12 -3 3 -2 -10 -11 -60 -157 -177 -129 -115 -123 -118 -105 -87 -70 
61 62 58 49 41 36 32 27 20 13 9 8 7 4 -2 -4 1 3 2 1 0 1 3 4 6 9 6 -1 -2 0 -5 -19 -32 -23 49 191 231 101 2 -9 -4 0 0 0 0 0 0 0 -1 -3 -3 -1 0 0 0 0 -1 -3 -4 -3 -1 1 3 1 2 8 8 6 0 -8 -11 -149 -476 -610 -350 -66 0 -14 -21 -24 -16 -14 -10 0 3 -7 -16 -10 -2 -3 -8 -6 0 -1 -3 -1 -2 -5 -8 -10 -7 -2 0 19 61 107 157 165 133 122 64 -65 -126 -71 -43 -139 -227 -174 -87 -90 -113 -81 -35 -14 -10 -1 14 38 90 128 106 69 64 57 24 -3 -16 -34 -67 -113 -153 -178 -203 -207 -153 -70 -21 -78 -188 -120 38 -47 -202 -107 28 -27 -119 -154 -180 -175 -121 -60 -60 -91 -53 10 15 0 -3 3 58 133 99 -10 -40 -3 17 15 8 2 -2 -6 -8 -7 -5 -4 -3 2 8 9 7 3 -4 -3 8 6 -3 1 -14 -122 -366 -501 -306 -69 -11 -15 -3 13 7 -9 -6 3 -1 -5 -5 -28 -65 -57 -21 46 122 33 -85 -32 18 10 8 7 -16 -52 -16 55 87 116 69 -89 -103 27 13 -70 -38 19 20 21 125 185 63 -15 -4 2 -45 -135 -111 -21 -1 -6 -2 49 103 56 -2 -9 -3 0 -56 -110 -55 -1 4 7 -41 -74 -23 17 15 56 156 142 20 -16 0 1 -57 -107 -45 6 7 1 20 89 97 25 -6 5 22 -5 -87 -85 -18 0 0 1 -5 3 9 5 6 28 51 33 7 1 0 0 0 0 0 0 0 3 4 -3 -8 -4 -56 -86 57 123 -8 -87 106 348 220 -22 -119 -36 120 -57 -188 73 164 5 -198 -243 -35 49 14 28 26 27 77 153 208 225 176 199 351 292 67 -4 12 10 8 23 50 46 48 87 70 19 4 4 0 -6 -7 -4 -1 0 0 0 0 0 0 0 0 0 0 0 0 0 0 0 0 0 0 0 1 2 2 1 -4 -7 0 2 -4 7 16 0 -3 1 -7 -3 4 3 -3 -9 -8 -11 -17 -12 -7 -11 -8 8 13 7 5 -1 -3 6 7 3 13 15 4 -4 -18 -22 -23 -43 -41 -5 31 48 34 -8 -53 -68 -47 -23 -12 -5 -6 -1 34 56 37 25 33 38 22 -7 -23 -26 -1 31 10 -17 -6 3 3 -30 -112 -135 -48 20 1 -9 62 136 105 9 -55 -61 -25 18 13 -50 -66 -9 -26 -96 -69 -5 12 9 -3 -12 -5 3 7 22 -12 -142 -212 -139 -67 -47 -21 17 55 83 
43 28 9 -3 -5 -4 -5 -7 -8 -8 -5 2 6 3 -5 -8 -1 3 2 2 2 3 5 3 1 9 18 19 14 1 -22 -30 -22 -27 2 137 239 151 33 4 1 0 0 0 0 0 0 0 0 0 -1 -2 -1 0 0 0 0 -2 -6 -7 -4 0 3 10 8 -9 -7 4 -4 -7 2 -19 -188 -515 -657 -409 -99 -6 -15 -13 -18 -17 -12 -19 -18 -7 -2 -4 -4 -1 -4 -8 -3 4 3 -1 -2 -4 -7 -7 -4 -1 1 18 67 118 134 132 162 223 250 215 152 103 52 -29 -83 -72 -86 -191 -254 -182 -118 -123 -111 -71 -40 -24 -5 12 9 14 35 26 -2 -4 -4 -3 73 201 243 145 -3 -90 -69 -6 -25 -140 -154 21 74 -86 -115 42 47 -160 -296 -257 -155 -99 -84 -21 92 148 151 174 165 91 5 -81 -137 -114 -97 -130 -111 -42 -5 -2 -6 -7 -6 -5 -2 -4 -12 -15 -11 -5 -1 0 -1 -4 -13 -32 -63 -100 -107 -69 -43 -225 -498 -400 -104 -3 -1 5 5 2 -13 -18 -5 -3 -10 -4 4 -2 -7 -15 -9 85 99 -16 -26 -22 -36 2 -11 -37 -30 -35 -13 23 43 9 -115 -117 13 16 -51 -53 -61 -73 -64 -38 9 -7 -56 -36 -6 -9 -21 -88 -132 -54 14 15 70 179 158 40 2 -1 -13 -56 -91 -37 7 4 -5 6 51 55 16 -1 -3 38 25 -92 -93 -21 -7 3 -54 -135 -80 0 6 3 96 204 125 11 -8 -5 -25 -90 -107 -42 -5 -4 -1 20 51 33 4 6 5 1 -17 -39 -21 1 1 0 0 0 0 0 0 1 0 -1 2 6 -5 -93 -84 96 117 20 69 22 -164 -157 -179 -93 190 113 -57 27 98 50 -112 -275 -132 119 133 76 60 46 72 129 167 177 154 141 269 338 142 -3 -12 -41 -74 -97 -98 -25 65 67 37 17 4 5 3 -2 -1 3 2 0 0 0 0 0 0 0 0 0 0 0 0 0 0 1 2 0 -3 -3 -1 0 0 -2 1 7 -1 -4 6 3 -7 -7 -7 -9 1 1 -9 -7 -5 -3 -1 -2 -3 4 13 2 -5 2 3 -2 -7 0 3 -5 -2 0 -7 1 7 -5 -8 -11 -27 -41 -46 -35 -13 8 20 14 3 -1 -7 -14 -18 -26 -30 -12 7 12 20 21 20 32 40 39 40 38 23 -11 -51 -60 -32 -12 -74 -216 -295 -221 -99 -42 -18 21 67 82 -15 -163 -161 -40 15 -8 -16 29 107 111 -5 -72 -33 -2 -2 1 3 -1 0 -3 -5 23 31 -47 -104 -55 15 64 102 111 108 115 
-37 -26 -11 -2 -2 -6 -3 4 3 2 7 11 13 13 10 7 5 3 0 -3 -3 -1 0 -1 -4 -4 1 4 1 -5 -12 -25 -37 -40 -26 71 212 197 65 6 2 -3 -4 0 3 0 0 2 1 0 -1 -3 -4 -3 -1 0 0 0 0 -1 -3 -3 -1 4 6 3 -2 -7 -6 -5 -6 -5 -18 -159 -480 -682 -497 -167 -14 -4 -8 -11 -20 -21 -11 0 1 -5 -10 -12 -11 -9 -5 1 1 -5 -7 -8 -7 2 3 -2 2 3 5 11 11 15 31 64 118 181 198 144 111 169 217 148 21 -82 -130 -131 -152 -192 -203 -203 -193 -153 -98 -47 -12 6 16 13 0 2 13 27 83 177 241 242 221 196 129 46 -54 -143 -16 179 60 -126 18 235 199 44 -28 17 94 105 63 38 74 125 116 84 70 37 -20 -107 -208 -214 -108 -23 -17 -27 -21 -10 -1 2 -3 -12 -12 -16 -48 -74 -58 -40 -44 -44 -58 -87 -101 -147 -215 -243 -239 -170 -136 -275 -331 -165 -30 -2 7 19 18 -5 -22 -15 -5 -5 -3 2 3 3 0 -8 55 114 -3 -69 18 38 31 34 26 67 114 93 11 2 69 14 -70 1 43 -26 -45 -24 -27 -33 -21 -19 -73 -85 -15 15 5 0 10 22 -2 -20 -7 0 79 153 60 -18 -7 -1 3 -65 -137 -65 13 11 0 73 176 109 0 -8 2 -27 -80 -76 -23 4 0 -8 -6 -13 -23 -13 -7 11 83 76 -23 -27 1 -9 -32 -83 -85 -29 1 1 11 96 148 53 -11 0 -2 -21 -48 -42 -10 4 3 1 3 6 3 -2 0 5 4 4 4 -3 -8 -47 -139 -92 67 64 -78 -71 91 83 -102 -129 50 94 -4 -75 -48 32 0 -205 -279 6 217 199 157 123 88 61 45 27 34 36 117 294 252 67 19 16 -21 -80 -110 -62 -31 -24 22 46 21 1 5 5 -1 1 4 3 1 0 0 0 0 1 3 3 1 0 0 0 0 0 0 0 0 0 0 0 -1 -2 -2 -2 -2 -1 -1 -12 -18 -3 3 -2 1 3 1 -1 0 4 5 3 -4 -11 -6 5 7 -6 -12 -5 -3 0 10 7 -5 -6 -5 3 2 -14 -16 -7 12 12 -25 -42 -33 -14 23 39 26 11 -4 -12 -4 1 -3 -3 -4 8 17 8 24 49 57 63 63 46 -2 -58 -73 -54 -67 -179 -334 -371 -267 -135 -47 -17 -5 28 49 -19 -187 -287 -193 -63 -27 -13 38 123 147 17 -120 -96 -14 7 -3 -4 4 4 -2 -5 -9 -10 -6 -41 -91 -73 -19 18 31 25 3 -25 
-72 -56 -28 -3 6 5 6 6 0 -1 4 6 6 4 0 -2 -1 -1 -4 -6 -4 -1 -1 -2 -5 -12 -16 -14 -10 -4 3 -2 -17 -36 -51 -2 160 239 106 3 4 6 6 2 -1 4 6 2 0 0 0 -1 -3 -3 -1 0 0 1 2 1 -1 -3 -3 -3 0 8 7 0 1 -2 -9 -7 -1 -2 -103 -393 -657 -564 -226 -23 -8 -22 -10 6 -4 -16 -14 -15 -13 -9 -5 -1 0 2 6 7 6 6 -1 -33 -91 -123 -83 -19 0 -7 -5 -8 -16 -7 20 51 74 71 66 118 168 134 106 162 189 92 -33 -89 -119 -193 -290 -307 -207 -83 -16 -6 -15 -24 -27 -26 -21 6 27 32 50 85 133 160 117 16 -123 -156 29 125 -21 -57 119 201 181 242 300 266 200 158 126 71 2 -63 -101 -71 -14 1 5 17 -8 -40 25 120 95 18 -4 1 -2 -9 -8 -2 -7 -31 -79 -115 -104 -112 -161 -192 -254 -322 -267 -172 -125 -81 -34 -42 -240 -389 -207 -21 -1 -5 -1 15 19 -1 -9 0 2 1 4 2 -4 -4 6 27 96 82 -53 -59 14 54 21 -32 59 129 134 120 39 54 58 -63 -33 85 61 6 -1 -5 -2 3 -2 -20 -122 -188 -65 31 22 17 93 172 82 -13 -14 -12 -16 -36 -43 -23 -7 5 5 -20 -58 -57 -18 -3 31 116 113 12 -21 -5 0 -45 -86 -17 30 12 3 23 116 159 65 0 -1 15 -6 -89 -90 -25 -1 3 -2 -26 -36 -7 14 2 53 127 71 -7 -9 -6 1 -11 -36 -10 12 4 4 12 19 14 6 2 1 3 4 1 -3 -5 -8 -4 -68 -122 12 103 -132 -230 185 465 380 216 35 -31 -209 -406 -203 50 63 -100 -303 -221 39 157 172 172 120 38 3 5 8 -2 29 227 337 151 29 44 34 0 -45 -62 -67 -16 103 155 85 14 6 4 2 7 5 2 1 0 0 0 0 1 3 3 1 0 0 0 0 0 0 1 3 3 1 0 0 1 -1 -3 0 -5 -9 0 4 0 1 5 0 -3 3 5 5 2 -3 -3 1 3 0 -4 -7 0 6 2 4 4 -2 -1 -1 0 8 5 1 7 0 -5 8 13 2 -15 -24 -9 25 40 23 13 15 2 -5 11 27 21 4 4 3 5 28 31 12 5 4 -15 -43 -26 7 -72 -270 -432 -416 -249 -100 -47 -16 36 41 8 -52 -236 -411 -374 -214 -97 -47 -18 -4 -14 -60 -125 -123 -51 -2 3 2 2 0 -2 -5 -2 -3 -24 -39 -62 -105 -108 -91 -95 -106 -111 -113 -118 
-35 -32 -24 -9 5 10 4 -5 -5 0 3 5 5 2 0 -1 -3 -4 -3 0 3 4 4 3 0 -3 -2 2 6 8 4 -5 -22 -52 -66 -21 141 288 199 42 1 2 7 5 1 9 5 -5 -3 0 0 0 0 0 0 0 0 0 -1 -2 -1 0 0 -1 -2 0 4 6 6 6 4 9 14 4 -2 -68 -317 -626 -644 -330 -57 -2 -21 -21 -10 -15 -27 -20 -13 -12 -11 -15 -19 -17 -7 -2 -7 -11 -32 -128 -301 -392 -305 -161 -71 -34 -19 -10 -2 -1 1 13 19 11 6 23 40 35 70 184 254 202 142 140 146 124 62 -22 -60 -30 -6 -19 -66 -147 -184 -144 -100 -94 -92 -53 -11 1 13 27 25 -49 -162 -99 28 -67 -152 37 208 137 53 89 130 110 73 39 -33 -120 -174 -238 -276 -189 -62 -7 20 105 204 200 141 115 89 49 14 -11 -16 -11 -9 -2 2 -11 -41 -65 -58 -60 -104 -148 -176 -186 -113 40 146 196 233 38 -319 -341 -103 2 -1 1 4 -2 -10 -7 1 3 1 0 0 0 0 3 4 68 124 12 -89 -85 -47 5 -32 -38 60 70 -2 -32 26 45 -73 -89 33 47 20 82 97 35 1 1 -1 -5 -53 -125 -96 -18 8 43 140 148 32 -9 9 3 -77 -159 -79 4 -3 -1 24 76 84 16 -16 -4 26 46 -15 -54 -17 -5 -11 -18 -71 -88 -29 6 4 91 207 133 8 -11 -2 -14 -72 -84 -22 4 9 15 29 62 48 4 -4 6 29 -8 -91 -56 3 -1 -3 -15 -16 14 20 2 3 22 28 10 1 8 4 -9 -12 -7 0 5 4 -2 -11 -69 -74 42 -42 -360 -316 176 379 4 -301 -152 -144 -278 -118 27 26 -13 -197 -309 -130 30 62 79 65 24 2 14 13 9 9 126 301 211 6 -41 -16 -11 -48 -91 -53 11 25 49 66 28 -1 3 2 -3 -4 -4 -4 -3 -1 0 0 0 0 0 0 0 0 0 0 0 0 0 0 0 0 0 0 0 0 0 0 0 0 0 0 0 0 0 0 0 1 3 3 1 0 1 3 4 3 2 3 6 9 8 4 0 -4 -6 -5 -5 -6 -3 5 16 24 20 4 -8 -13 -27 -22 13 36 35 18 4 6 17 23 23 22 9 -5 -1 14 18 -3 -28 -35 -34 -38 -27 15 17 -107 -313 -432 -356 -172 -51 -18 -1 0 9 35 -4 -180 -377 -383 -254 -146 -70 -43 -80 -126 -153 -163 -137 -76 -19 1 -3 -5 -4 -3 -1 0 0 -3 -13 -25 -42 -56 -46 -49 -78 -88 -84 -68 -36 
-4 5 9 7 7 7 3 0 4 8 6 2 -1 1 7 8 3 1 3 4 3 1 0 4 10 10 8 6 2 -4 -14 -26 -34 -43 -57 -36 72 240 264 101 -2 -10 -8 2 3 -3 -6 -3 0 0 0 0 0 0 0 0 0 0 0 -1 -2 -1 0 -1 -2 -1 1 4 6 4 1 0 4 14 7 -8 -39 -233 -569 -700 -469 -145 -5 -15 -21 -8 0 9 5 -5 -8 -7 -9 -15 -20 -38 -74 -77 -62 -127 -239 -294 -288 -260 -230 -198 -125 -38 -12 -9 -5 -14 -9 1 -1 -4 -4 -7 8 52 81 98 147 198 219 248 297 290 188 69 3 -22 -83 -194 -248 -194 -142 -177 -191 -128 -92 -93 -61 -18 -23 -107 -136 6 59 -85 -80 108 127 -2 -60 -76 -114 -120 -63 -48 -142 -236 -212 -113 -47 -36 -33 -8 14 50 133 173 110 38 30 39 15 -18 -33 -44 -56 -47 -19 6 21 10 -9 25 79 101 180 280 255 197 184 176 54 -265 -385 -157 -5 -5 -7 -1 2 -8 -19 -15 -2 3 1 0 0 0 1 -2 -2 71 77 -41 34 174 124 25 -10 20 26 -15 -90 -108 7 -12 -124 -18 57 -60 -80 64 166 117 30 1 4 16 50 53 -5 -27 -13 36 63 -11 -33 -2 -1 6 -46 -146 -128 -25 13 2 62 143 91 10 -7 -11 -32 -61 -40 1 9 8 4 13 9 -28 -25 3 10 40 35 -33 -34 0 5 -10 -78 -109 -38 9 4 19 105 158 67 -12 -13 -1 -40 -97 -66 -12 -1 0 -5 6 32 21 3 1 -1 3 2 -5 -5 1 0 -6 -6 -3 0 2 1 -2 -8 -56 -112 -32 68 -124 -465 -526 -463 -511 -344 -35 155 381 555 511 302 80 -134 -306 -221 -47 5 10 15 11 -11 -20 -7 8 2 41 216 279 85 -35 -23 -31 -25 -6 7 -4 -72 -114 -40 28 13 2 1 -10 -8 -3 -4 -3 -1 0 0 0 0 0 0 0 0 0 0 0 0 0 0 0 0 0 0 0 0 0 0 0 0 0 0 0 0 0 0 1 3 3 1 0 0 0 0 0 0 0 1 5 10 11 8 5 4 5 6 0 -8 -6 0 5 11 14 12 10 4 -10 -6 21 35 24 2 -29 -49 -25 8 12 1 -10 -4 12 20 20 9 1 5 13 26 36 -30 -226 -396 -362 -184 -29 25 23 25 31 20 -6 -20 -112 -284 -293 -140 -32 1 5 -19 -50 -65 -92 -122 -106 -50 -5 4 -3 -3 1 1 0 1 2 0 -3 -5 -33 -66 -25 33 19 -8 10 51 80 
19 26 25 10 -3 -3 3 7 8 5 -2 -9 -12 -8 -1 3 4 4 3 1 -1 -4 -7 -5 1 4 4 3 -2 -12 -23 -19 -6 -13 -34 -38 2 166 309 190 31 5 -2 -6 -7 -15 -6 8 5 0 0 0 0 0 0 0 0 0 0 -1 -3 -4 -3 -1 0 0 0 1 3 4 3 -7 -16 -11 -4 0 5 2 -133 -463 -704 -586 -249 -26 -4 -12 -3 -17 -15 -3 1 4 -10 -52 -108 -158 -185 -157 -90 17 192 264 128 -68 -202 -264 -278 -242 -192 -131 -55 -24 -19 -3 -1 -14 -10 9 7 -10 -12 4 38 65 69 88 135 172 147 63 -2 -14 11 55 66 40 7 -29 -38 -68 -167 -213 -136 -48 -66 -150 -80 103 58 -104 -14 111 -58 -250 -220 -137 -158 -198 -138 -42 15 52 102 193 261 194 62 3 0 -2 9 30 17 -13 -37 -83 -113 -108 -131 -174 -155 -73 -19 1 55 81 16 -11 65 137 203 265 216 106 61 37 -187 -437 -309 -66 -3 -5 -5 0 2 -8 -18 -14 -4 0 0 0 0 0 0 -5 48 100 -14 -34 311 512 237 3 9 -33 -140 -163 -128 -39 12 -72 -47 45 -18 -85 -93 -107 -55 31 52 26 8 95 219 158 30 -1 -3 -20 -44 -38 -10 -2 -9 -10 -4 -31 -69 -37 4 8 74 103 4 -28 2 1 -24 -118 -143 -35 16 4 27 117 167 78 7 5 2 -26 -57 -36 -5 4 6 1 -29 -67 -48 -10 -7 27 93 64 -14 -13 1 -5 -32 -69 -35 7 3 -2 28 96 94 8 -24 -2 -2 -19 -26 -16 -6 -6 -6 0 5 3 -2 -3 -1 0 0 -3 -55 -22 126 106 -83 -276 -321 -107 129 191 338 413 164 181 410 274 -2 -219 -278 -113 -11 -14 -13 -20 -33 -25 0 -2 -11 -12 115 279 176 16 2 13 4 -12 -37 -64 -51 -4 37 47 21 -3 0 4 1 0 0 -1 -2 -1 0 0 0 0 0 0 0 0 0 0 0 0 0 0 0 0 0 0 0 0 0 0 0 0 0 0 0 0 0 1 2 1 0 0 0 -1 -3 -3 -1 -1 -3 -4 -5 -7 -8 -8 -7 -4 -1 2 8 12 8 -1 -8 -5 6 11 0 -10 -3 15 30 28 14 -23 -65 -60 -28 -5 8 13 14 9 10 20 16 19 43 29 -64 -221 -374 -412 -281 -81 27 40 38 41 41 32 28 11 -96 -269 -299 -149 -24 15 35 37 12 2 -3 -34 -54 -43 -16 3 1 -3 2 6 4 1 1 3 3 4 11 -13 -76 -75 1 25 -7 -3 32 50 
15 20 17 3 -9 -7 3 10 10 6 2 -2 -4 -3 0 6 12 13 12 11 8 5 3 -1 -5 -4 -1 1 2 0 -4 -8 -28 -50 -41 -42 -43 79 260 240 72 3 5 0 -1 -4 -2 1 0 0 0 0 0 0 0 0 0 0 0 0 -1 -3 -4 -4 -3 -1 0 0 1 3 4 9 5 -13 -12 -1 -2 -2 0 -70 -319 -629 -677 -396 -94 7 -9 -19 -14 -9 -3 -8 -39 -99 -171 -222 -227 -254 -287 -113 179 299 236 112 39 -14 -165 -297 -295 -245 -188 -147 -115 -60 -20 -3 2 1 4 9 11 1 -7 -4 -1 2 2 5 8 1 -4 5 72 199 260 196 126 137 141 33 -111 -146 -84 -47 -124 -176 -25 75 -54 -77 97 112 -94 -245 -207 -77 -11 -32 -50 7 136 230 216 184 182 131 49 3 -8 -6 -30 -63 -76 -86 -119 -215 -291 -241 -160 -124 -80 -19 11 17 53 97 82 36 35 62 56 23 7 0 0 -64 -252 -282 -99 -5 0 7 4 4 5 -3 -8 -2 1 1 3 4 3 1 -1 2 56 38 -99 43 309 193 -1 1 -4 -88 -100 32 145 143 14 -77 35 68 -41 -35 -13 -104 -167 -117 -37 -2 25 147 195 47 -27 -5 -4 -53 -134 -100 -10 7 -1 13 78 111 40 -12 -16 -16 9 18 -9 -15 -6 -2 -6 -68 -120 -64 9 26 70 150 119 15 -20 -16 -14 -69 -146 -105 -28 -9 -3 34 116 123 36 3 10 12 -8 -53 -38 -1 4 2 -16 -56 -61 -20 5 10 56 93 31 -20 -11 -1 0 -15 -23 -11 -1 -2 0 8 10 4 -2 -3 -1 1 3 8 -15 -46 42 127 61 26 175 426 513 505 395 -99 -574 -515 -22 285 141 -131 -277 -167 -43 -36 -34 -37 -35 -30 -15 -8 -9 -13 66 247 247 71 14 34 9 -34 -44 2 38 49 51 28 10 -1 -6 4 5 0 0 -1 -3 -3 -1 0 0 0 0 0 0 0 0 0 0 0 0 0 0 0 0 0 0 0 0 0 0 0 0 0 0 0 1 2 1 0 0 0 0 0 -1 -3 -3 -1 -1 -5 -10 -11 -9 -7 -5 -4 -3 1 6 8 5 -4 -10 -2 13 12 -13 -30 -28 -18 3 18 8 -30 -68 -68 -39 -14 -5 -3 -8 -7 13 21 16 -1 -93 -262 -411 -465 -373 -169 -13 32 24 8 19 54 70 53 19 -57 -212 -301 -188 -34 12 -3 -16 -28 -36 -18 -7 -19 -24 -20 -12 -4 -2 2 7 6 2 -1 0 3 3 3 9 1 -64 -130 -103 -53 -61 -86 -92 -87 
29 28 19 5 -1 4 6 2 1 5 9 9 6 2 0 1 3 5 7 8 8 7 5 1 -4 -6 -10 -16 -15 -9 -1 3 -19 -51 -58 -66 -64 6 177 284 155 16 3 6 8 9 -2 -10 -5 0 0 0 0 0 0 0 0 0 0 0 0 0 -1 -2 -2 -3 -4 -4 -4 -2 3 2 -3 6 13 -2 -13 -12 -10 0 -25 -204 -528 -711 -552 -234 -26 20 0 -13 -11 -5 2 12 24 48 51 -49 -190 -226 -175 -96 -8 55 105 152 124 4 -77 -98 -186 -304 -282 -187 -166 -148 -82 -26 -1 2 -2 0 0 -3 -5 -10 -16 -18 -22 -22 -11 1 23 64 92 76 64 99 105 63 65 85 40 -66 -160 -54 149 50 -156 -22 193 167 109 116 90 83 145 180 122 59 63 89 80 49 17 -15 -48 -71 -68 -80 -161 -271 -319 -287 -203 -132 -108 -53 51 130 125 54 11 14 15 40 94 105 65 35 19 4 -6 -8 -2 -161 -332 -187 -14 3 5 8 6 5 3 -4 -2 6 4 1 3 4 4 3 0 39 85 -7 -71 137 110 -241 -147 268 347 104 138 457 452 146 -67 -29 47 -20 -42 5 41 91 60 -38 -61 -26 7 12 -53 -88 -37 -9 -10 -26 -111 -150 -55 10 6 80 179 125 16 -8 3 -1 -65 -97 -19 15 -8 -6 9 27 8 -25 -18 -8 12 17 16 145 333 450 519 502 409 403 438 362 226 192 196 83 4 7 -1 -27 -52 -31 -1 0 -6 -11 0 21 11 -9 -2 13 25 -9 -64 -34 7 -1 -4 -3 -2 2 4 4 7 9 3 -2 -1 0 1 2 1 0 -1 -88 -109 69 103 34 200 241 -56 -136 -32 -71 -101 -238 -219 139 191 -65 -245 -210 -54 -6 -20 -19 -16 -34 -39 -10 0 -12 16 157 241 131 35 -1 0 15 -27 -30 37 50 2 23 72 43 4 2 2 0 0 0 -1 -3 -4 -3 -1 0 0 0 0 0 0 0 0 0 0 0 0 0 0 0 0 0 0 0 0 0 0 0 0 1 3 3 1 0 0 0 0 0 0 0 0 0 0 0 1 3 5 8 10 8 5 0 -7 -8 -6 -5 0 6 8 2 -16 -40 -55 -47 -13 19 2 -60 -113 -114 -72 -38 -30 -19 -4 -7 -20 -48 -122 -258 -426 -506 -407 -207 -32 58 57 7 -22 -2 24 39 54 27 -71 -213 -273 -173 -48 2 2 -12 -28 -38 -25 -10 -8 -9 -15 -17 -10 -6 -3 5 6 0 1 5 7 7 4 2 4 -2 -49 -116 -127 -83 -54 -77 -117 -132 
45 35 21 12 13 16 9 -6 -15 -13 -7 -3 -4 -10 -17 -21 -22 -22 -22 -20 -17 -16 -15 -15 -17 -19 -26 -39 -46 -41 -28 -29 -71 -150 -224 -220 -135 -40 128 317 262 72 -1 -6 -4 3 4 5 3 0 0 0 0 0 0 0 0 0 0 0 0 0 0 1 1 -2 -4 -4 -4 -2 2 2 1 0 -3 1 2 -6 -6 -1 2 -4 -109 -388 -672 -693 -428 -125 8 8 -15 -16 20 92 180 257 292 305 288 132 -55 -77 -63 -154 -195 -73 43 59 102 132 19 -103 -134 -214 -319 -271 -145 -104 -90 -45 -17 -4 2 -3 -9 -19 -27 -30 -33 -30 -27 -24 -18 -21 -24 -18 -5 11 17 67 184 213 87 -98 -170 3 125 -29 -92 87 171 125 192 303 262 152 139 158 110 46 6 -14 -16 -29 -60 -78 -128 -210 -221 -178 -173 -203 -182 -102 -7 127 241 237 185 166 135 61 3 -5 -2 -1 13 29 27 12 1 -1 -9 -7 -50 -231 -298 -128 -12 -3 -1 0 1 -1 -4 -6 -1 5 3 0 1 3 4 2 -2 67 114 6 59 233 55 -209 -12 356 327 112 199 342 166 -74 -111 -22 -28 -95 -57 1 110 239 178 43 1 2 -19 -99 -116 -25 16 3 -4 22 43 -4 -32 -7 6 66 103 17 -18 4 0 -1 -80 -169 -95 4 13 13 69 107 41 -8 13 135 335 477 609 715 691 615 556 511 496 529 606 683 732 689 484 230 75 7 -12 -29 -87 -92 -20 14 -2 22 113 139 54 1 -3 -10 -24 -38 -23 -5 -5 -7 -6 4 13 9 4 6 6 0 -5 -5 -3 0 3 3 0 -7 -12 -56 -108 4 125 112 117 -83 -445 -581 -323 105 163 -80 -210 12 241 85 -185 -253 -87 19 6 4 0 -2 -14 -17 -3 3 -12 77 214 134 -16 -24 28 58 24 -64 -80 -30 -21 -11 24 38 22 -1 -5 0 0 0 0 -1 -3 -3 -1 0 0 0 0 0 0 0 0 0 0 0 0 0 0 0 0 0 0 0 0 0 0 0 1 3 3 1 0 0 0 0 0 1 3 4 3 1 1 2 2 3 5 6 5 3 0 -1 1 0 -3 -3 -3 -11 -27 -32 -23 -34 -51 -34 14 57 42 -14 -61 -82 -69 -42 -23 -10 -16 -80 -208 -354 -455 -455 -365 -234 -85 23 64 76 47 -5 -13 15 13 -12 -26 -78 -191 -258 -172 -36 9 -5 -10 -4 -15 -23 -5 -1 -9 -5 -7 -7 1 3 4 9 7 2 7 12 13 14 11 4 -2 -9 -18 -22 -25 -8 36 45 8 -19 
28 20 6 9 21 12 -13 -36 -50 -52 -44 -31 -22 -24 -34 -39 -38 -42 -44 -39 -35 -32 -28 -26 -25 -26 -34 -45 -51 -42 -31 -77 -171 -228 -265 -305 -261 -128 33 239 327 166 17 0 0 -1 6 8 3 0 0 0 0 -1 -3 -3 -1 0 0 0 0 0 0 -1 -2 -1 0 0 1 2 1 3 8 2 -7 -2 0 -3 1 -1 -5 -3 -2 -44 -238 -548 -718 -584 -272 -40 16 -6 -3 32 73 103 136 215 303 304 224 139 51 -41 -89 -94 -108 -95 -9 32 38 126 125 -33 -92 -27 -78 -220 -231 -150 -122 -111 -65 -24 -17 -12 21 41 35 32 27 17 10 6 0 -6 -12 -21 -18 20 85 106 20 -85 -18 99 -39 -189 -1 216 153 40 66 125 117 60 19 8 -7 -37 -73 -97 -98 -141 -241 -258 -180 -155 -163 -82 70 203 274 269 218 207 223 164 72 35 29 20 7 0 4 6 -2 -9 -5 0 -4 -17 -17 -8 -168 -351 -223 -37 0 2 1 0 2 1 -5 -5 -2 -3 -2 7 17 17 12 9 19 61 31 -65 -23 25 107 383 507 213 -139 -13 212 3 -226 -169 -33 34 7 3 60 110 173 140 3 -27 2 0 -8 -96 -143 -41 22 9 19 104 159 67 -14 -15 -5 -14 -20 1 14 11 4 -2 -34 -77 -65 -19 6 39 95 76 60 251 552 724 626 322 59 -115 -300 -452 -531 -573 -573 -533 -468 -347 -147 34 232 526 638 448 184 18 -66 -88 -27 17 12 65 130 65 -15 -10 -1 -8 -47 -67 -15 9 -4 -2 27 73 65 19 -1 -3 -4 -5 -6 -5 -4 -4 -5 -6 -5 1 7 4 -60 -53 74 18 -97 -3 89 -80 -244 1 312 406 308 109 81 66 -115 -249 -148 -13 6 3 -5 -6 -10 -16 -7 10 0 48 197 181 16 2 94 120 76 21 -52 -98 -70 -56 -39 29 46 12 1 -1 -3 -2 -1 3 5 1 -3 -4 -4 -4 -3 -1 0 3 7 6 4 3 2 3 4 1 -4 -3 2 3 0 -3 -3 0 2 0 -2 0 3 3 0 -1 1 1 0 -1 -2 -1 0 0 0 0 0 -1 -2 -1 1 0 -4 -3 0 -4 -17 -34 -41 -34 -24 -33 -44 -20 14 29 32 39 33 -1 -23 -34 -79 -180 -307 -406 -461 -449 -345 -186 -51 12 23 23 35 41 11 1 32 38 24 -13 -113 -222 -243 -153 -46 -5 0 3 9 9 -9 -25 -18 -4 0 2 6 9 8 7 9 7 3 0 1 7 4 -1 3 0 -8 0 37 96 124 100 78 78 61 23 
4 8 7 11 12 -5 -28 -44 -53 -53 -45 -34 -22 -13 -11 -14 -18 -22 -23 -21 -19 -18 -18 -17 -16 -17 -16 -12 -14 -20 -33 -80 -137 -122 -94 -194 -290 -204 -51 142 338 276 73 4 3 2 6 -3 -5 0 0 0 0 -1 -3 -4 -3 -1 0 0 0 0 -1 -3 -3 -1 0 1 3 3 1 -1 0 5 4 -5 -9 -4 0 1 2 2 2 3 -5 -105 -371 -664 -720 -483 -174 -9 6 -9 -15 -24 -16 3 50 136 198 181 179 285 318 183 75 34 -65 -175 -147 -47 -32 9 149 178 45 -53 -68 -127 -248 -278 -164 -64 -36 -77 -199 -261 -225 -192 -164 -125 -86 -42 -5 13 25 38 47 51 57 50 -24 -11 209 290 113 65 211 213 55 -24 -24 -28 -27 -42 -99 -146 -145 -147 -169 -165 -152 -175 -218 -195 -67 55 76 72 147 242 248 187 118 61 33 23 12 3 -2 -5 -5 -3 -4 -3 7 16 14 6 -2 -5 2 -79 -315 -391 -171 -7 4 -4 -2 1 3 3 -3 -3 -2 -4 1 10 13 9 7 5 40 64 -26 -80 -136 -417 -484 -47 208 133 247 476 360 -41 -197 -83 91 190 173 163 114 13 -35 -35 -35 -16 2 -6 -13 -56 -112 -70 -5 3 49 114 65 -16 -16 -5 -10 -80 -143 -56 15 7 9 14 24 15 -11 -16 -5 7 47 236 568 729 525 92 -342 -637 -767 -752 -662 -563 -473 -425 -418 -457 -562 -677 -742 -731 -611 -316 118 505 647 478 193 22 -23 -13 8 36 13 -57 -35 13 6 4 -25 -64 -34 6 10 17 81 125 50 -8 -6 -2 5 1 -2 1 2 0 -3 -3 0 1 -2 -3 -53 -85 17 5 -153 -10 235 192 71 139 415 500 165 -272 -324 -74 -50 -205 -177 -25 13 -6 -3 -9 -8 2 4 7 10 13 125 220 106 -4 -29 -54 -49 -31 -25 -18 -8 -12 -2 55 76 34 8 6 7 6 1 -2 -1 -1 -3 -4 -4 -4 -3 -1 0 0 0 0 0 0 0 0 0 2 5 5 4 4 4 3 1 0 -1 -3 -4 -3 -1 0 0 0 1 2 1 -1 -3 -3 -1 2 5 5 3 1 0 0 0 -1 -4 -9 -17 -26 -34 -35 -16 2 -3 -22 -51 -62 -38 -3 27 44 15 -89 -216 -308 -376 -440 -482 -441 -298 -131 -26 9 18 15 10 14 1 -21 -22 2 22 17 1 -79 -210 -242 -143 -30 5 -5 -5 0 1 -2 -5 -9 -9 2 8 1 -2 0 -2 -3 -2 -4 -4 -3 -4 -3 -9 -16 -11 -6 -5 0 36 108 145 99 7 -47 -53 -69 
-14 3 18 17 4 -6 -6 -5 -7 -8 -7 -3 4 13 23 27 24 23 23 21 18 14 11 12 12 8 14 27 23 -3 -30 -37 -54 -100 -130 -180 -266 -253 -125 40 253 336 169 17 -3 2 0 -2 -1 0 0 0 0 0 0 -1 -2 -1 0 0 0 0 -1 -2 -1 0 0 1 2 1 0 1 3 4 4 3 1 0 -1 1 1 -4 0 -1 -8 -3 -36 -216 -522 -731 -668 -381 -102 5 -2 -16 -19 -16 -2 8 33 74 125 209 251 219 242 281 169 11 -53 -155 -303 -258 -58 59 136 232 206 15 -155 -135 -83 -109 -151 -372 -712 -856 -849 -838 -818 -785 -744 -702 -667 -639 -599 -541 -494 -457 -413 -380 -362 -267 -125 -107 -100 50 149 59 -28 -19 -19 -45 -67 -88 -129 -174 -161 -93 -31 -16 -36 14 148 217 204 206 201 136 59 20 3 -4 -6 -13 -20 -12 -2 0 8 5 -8 -9 -5 1 9 9 -1 -10 -6 2 13 -96 -267 -205 -48 -5 -1 3 2 0 0 -1 -2 -1 0 1 7 6 -6 -8 -2 -3 53 74 -20 -22 -38 -297 -600 -673 -649 -534 -103 228 55 -174 -118 50 162 91 7 8 -50 -123 -187 -147 8 42 1 -1 18 62 40 -25 -28 -7 37 73 28 -9 -2 8 8 -63 -160 -127 -28 5 7 48 84 37 -4 1 8 107 365 580 427 -67 -528 -714 -635 -406 -162 12 85 81 146 216 139 111 143 80 -27 -175 -400 -611 -650 -423 31 492 606 331 63 -10 -5 -26 -41 1 14 0 -2 -8 9 20 -2 -4 8 22 44 12 -33 -14 5 -1 -1 1 5 8 8 7 5 4 4 0 -4 -1 -20 -87 -38 82 -106 -183 266 608 385 -112 -354 -423 -548 -448 -132 42 -1 -146 -202 -79 7 12 20 17 10 4 3 6 11 14 114 220 126 -4 -91 -130 -76 -47 -17 23 22 33 14 -20 5 19 1 -2 4 6 2 -4 -3 1 1 0 0 0 0 0 0 -4 -9 -7 -4 -3 -1 0 0 4 9 4 -5 -6 0 6 7 4 2 3 3 0 -2 0 5 6 2 3 7 7 3 -1 0 0 -5 -7 -5 -3 -2 -4 -7 -7 -8 -14 -15 -5 6 10 11 19 23 5 -27 -47 -37 -25 -43 -94 -169 -265 -365 -411 -386 -303 -187 -83 -4 33 28 33 48 22 -2 16 -2 -46 -28 15 22 -11 -112 -230 -227 -112 -16 10 6 7 5 -3 -4 -2 -1 -1 -3 -3 -2 -6 -12 -12 -9 -9 -10 -8 -4 1 0 -9 -10 -7 -10 -5 4 0 14 47 48 6 -82 -154 -137 -91 
-10 4 11 8 8 15 26 36 41 38 31 28 28 28 30 36 43 47 47 45 43 42 42 40 32 18 9 9 4 -9 -13 11 22 -47 -92 -29 -53 -180 -169 -45 143 353 305 84 -2 -4 -9 2 5 0 0 0 0 0 0 0 -1 -2 -1 0 0 -1 -2 -1 0 0 1 2 1 0 0 0 0 1 4 6 5 3 1 -2 -7 -5 3 -1 -8 0 6 5 -68 -313 -616 -746 -606 -313 -79 6 2 -5 -7 -13 -4 6 10 34 64 90 161 249 278 278 260 175 40 -47 -30 25 89 150 131 89 145 184 50 -110 -274 -497 -550 -500 -535 -583 -619 -663 -710 -756 -790 -810 -826 -841 -855 -867 -879 -861 -755 -665 -727 -809 -744 -621 -628 -707 -698 -637 -599 -589 -576 -523 -444 -377 -326 -248 -150 -100 -58 62 195 209 145 121 130 112 68 51 46 7 -24 -7 2 -18 -22 -12 -6 -3 1 6 8 8 3 -5 -6 -1 5 6 -8 -96 -161 -66 14 -2 -9 0 2 0 -1 -3 -2 1 1 -1 1 1 -3 1 1 9 66 45 -54 14 212 291 136 -129 -380 -596 -647 -612 -571 -375 -146 11 2 -138 -146 -117 -103 -35 -90 -209 -139 -18 7 21 102 162 79 -2 -7 -3 -26 -21 36 30 -1 1 3 2 -24 -56 -39 -10 5 81 128 53 3 32 219 546 517 -22 -553 -688 -460 -153 24 95 91 44 31 7 -40 -25 -17 -36 -4 40 81 86 68 17 -207 -514 -645 -419 116 520 422 114 -11 -59 -95 -35 2 -11 -5 35 106 98 16 -15 -6 -3 -43 -83 -39 5 4 -1 -3 0 3 4 4 3 1 0 0 3 3 2 1 -89 -106 54 -40 -327 -298 -154 -306 -546 -606 -471 -69 400 421 116 -6 -94 -215 -124 -1 17 19 12 -3 -13 -13 -3 11 11 65 181 161 32 -11 1 1 2 1 -5 -12 -15 -33 -62 -33 18 13 -7 -9 -5 -1 1 2 1 0 0 0 0 0 0 0 0 0 0 1 4 8 11 13 12 7 3 0 -2 -1 1 2 1 1 3 4 3 1 0 1 1 -2 -4 -3 0 3 3 0 -2 -1 0 1 3 4 5 7 10 13 13 16 26 32 25 9 2 3 -13 -66 -163 -275 -351 -359 -309 -232 -167 -131 -102 -72 -31 22 48 32 13 24 45 49 31 -2 -8 5 0 15 32 -24 -137 -223 -204 -99 -17 0 -10 -9 4 8 3 -1 -2 -1 0 0 0 -1 -3 -3 1 5 4 0 -2 0 4 2 -3 2 4 -5 -3 8 11 9 -10 -35 -36 -47 -73 -58 -15 
29 27 17 8 12 28 46 60 68 66 56 44 35 32 32 32 34 38 39 37 37 38 36 25 7 -6 -14 -20 -23 -23 -15 19 65 52 47 189 246 24 -138 -79 55 278 391 213 33 0 1 -1 -1 0 0 0 0 0 0 0 -1 -2 -1 0 0 -1 -2 -1 1 3 4 3 1 0 0 0 0 0 1 3 4 3 1 0 1 2 0 2 8 2 -5 3 9 -15 -138 -411 -697 -762 -561 -264 -57 0 -12 -5 9 6 9 15 17 29 41 55 102 180 254 345 440 423 271 99 9 -7 -28 -20 53 53 4 -83 -307 -343 -105 21 17 12 -5 -30 -62 -97 -124 -143 -174 -228 -280 -315 -360 -402 -373 -352 -450 -544 -524 -515 -627 -744 -791 -813 -806 -779 -759 -733 -680 -633 -646 -696 -722 -713 -686 -667 -671 -683 -671 -620 -556 -500 -443 -372 -260 -104 6 22 10 13 20 6 -20 -23 -22 -40 -65 -91 -109 -124 -164 -227 -274 -299 -363 -406 -269 -68 7 5 0 -2 -1 0 -1 -3 -2 2 3 0 -2 -1 3 6 -2 22 45 -29 -17 276 582 563 315 247 454 474 107 -278 -345 -207 -72 -28 -111 -103 -23 -33 -25 10 -8 -94 -135 -55 8 44 128 114 6 -18 1 7 -45 -154 -137 -21 15 -7 3 49 50 1 -13 -7 -13 45 132 101 73 298 585 399 -235 -635 -488 -158 39 83 22 -36 -46 -56 -67 -18 14 20 101 54 -89 -61 18 17 19 35 82 80 -152 -488 -559 -112 454 478 151 -24 -94 -103 -18 19 11 80 121 32 -13 -2 -10 -22 -52 -46 -9 -2 -2 4 12 20 8 -4 -4 -3 -1 0 0 -1 -1 -4 -7 -48 -84 11 55 -198 -527 -599 -439 -225 -11 313 579 354 -47 -83 10 -79 -204 -137 -12 6 -3 -5 -10 -13 -12 -6 1 -17 -7 132 200 71 -15 -11 -5 8 -15 -47 -13 33 46 35 32 52 50 23 2 -2 2 2 -2 -3 -1 0 0 0 0 0 0 0 0 0 1 5 10 12 13 18 28 38 42 38 28 17 10 6 2 1 3 3 0 -4 -8 -8 -5 -7 -10 -7 0 4 0 0 9 11 4 -3 -6 -4 -2 0 6 10 11 15 19 17 8 -4 -10 -23 -113 -285 -415 -419 -328 -207 -88 -1 29 22 16 27 38 39 29 14 12 13 14 20 6 -6 17 39 10 -85 -199 -250 -188 -70 -4 2 -7 -8 3 8 3 0 0 0 0 0 0 0 0 2 6 9 10 8 4 1 1 2 0 1 8 9 2 0 6 17 12 -33 -73 -42 47 102 85 60 
50 44 37 31 28 33 40 43 45 44 38 29 21 17 16 14 11 11 11 9 9 10 8 0 -7 -3 4 6 4 2 2 16 63 95 46 14 36 -70 -216 -168 -40 120 346 343 112 2 6 -1 -3 0 0 0 0 0 0 0 0 -1 -2 -1 -1 -2 -1 1 3 4 3 1 0 0 0 0 0 1 2 2 2 1 0 -4 -7 -7 -12 -7 7 5 8 24 22 12 7 -24 -179 -479 -732 -760 -553 -241 -22 28 -6 -34 -50 -68 -54 -18 -14 -21 0 25 45 112 242 316 220 65 1 -13 -67 -168 -224 -157 -49 -138 -313 -207 -28 -12 -18 -7 1 10 14 13 12 14 17 14 10 14 18 14 6 2 1 -3 3 7 -18 -60 -109 -160 -188 -183 -189 -226 -255 -274 -324 -409 -488 -538 -591 -678 -754 -777 -781 -795 -815 -833 -848 -861 -822 -661 -429 -246 -149 -143 -195 -249 -310 -377 -432 -485 -484 -341 -162 -160 -369 -611 -705 -679 -681 -588 -277 -46 -11 -9 -2 1 1 1 0 -3 -3 0 2 2 2 3 3 -3 -9 29 14 -83 117 407 165 -197 -80 325 527 534 552 390 129 -18 5 21 -47 51 139 59 2 27 91 88 9 -18 -9 -2 32 37 -2 -13 -4 -4 -22 -114 -162 -56 22 15 60 111 54 -6 -6 3 0 -46 -49 64 330 565 242 -428 -610 -282 6 63 -8 -57 -34 -30 -42 9 220 535 706 702 687 664 439 154 65 80 79 21 24 85 102 27 -284 -559 -260 358 489 197 34 2 -7 -2 7 23 -15 -60 -28 6 4 -9 -37 -45 -16 6 8 5 30 56 25 -4 -4 -3 -1 0 0 -4 0 7 -1 -11 -65 -31 104 48 -66 -36 9 130 407 582 336 -211 -374 -87 48 -31 -151 -175 -64 1 -11 -15 -4 5 7 2 -7 -8 11 109 182 90 10 18 14 -13 -28 13 74 111 140 105 31 24 43 29 6 0 5 6 2 0 0 0 0 0 0 0 0 0 -1 -2 0 3 4 5 6 9 20 36 50 56 52 45 42 39 30 21 17 16 16 16 15 15 16 13 8 6 7 7 5 2 -2 -4 -4 -2 3 7 10 14 25 51 80 99 109 107 90 71 56 28 -33 -104 -122 -85 -46 -34 -26 2 21 20 31 46 33 14 22 31 1 -26 4 43 50 42 29 -2 -106 -239 -257 -160 -63 -18 -9 -11 -8 3 8 -2 -6 2 4 2 1 1 3 3 2 3 4 3 0 -2 -1 0 -1 -3 -2 1 2 5 8 2 -6 19 67 69 26 26 118 189 130 38 
4 17 33 39 32 22 16 16 18 16 14 12 9 8 6 2 1 3 3 1 2 6 7 10 22 35 44 50 52 48 33 21 54 99 7 -186 -210 -114 -149 -182 -86 26 214 361 227 36 -4 10 7 0 0 0 0 0 0 0 0 -1 -2 -1 -1 -2 -1 1 2 1 0 0 0 0 0 0 0 1 3 4 4 3 1 0 4 9 4 -7 -14 -12 7 23 11 0 -2 -9 0 -36 -227 -523 -732 -718 -502 -213 -26 -48 -182 -219 -143 -123 -151 -114 -46 -6 7 -1 8 40 33 4 -5 -9 8 64 86 58 -22 -199 -240 -83 -3 -8 -8 -10 -7 -2 -1 -3 -4 -7 -9 -3 -3 -19 -27 -11 3 1 3 13 9 -2 6 14 14 18 16 14 17 11 0 0 5 6 9 16 9 -26 -59 -76 -110 -164 -215 -265 -314 -355 -463 -664 -806 -764 -616 -579 -674 -733 -732 -731 -723 -690 -582 -339 -87 -8 -84 -155 -120 -112 -230 -239 -78 11 5 1 2 1 0 1 0 -3 -3 -1 -1 0 3 3 -2 -10 -2 43 13 -60 102 96 -321 -476 -231 -61 -240 -329 79 356 126 -65 1 23 -5 40 100 124 69 88 187 130 24 -10 -16 -42 -87 -43 23 13 -5 -13 6 21 -22 -40 -13 5 63 97 26 -10 0 -6 -4 -99 -179 143 501 151 -473 -515 -171 16 30 32 4 -21 66 95 24 189 490 402 26 -186 -170 118 511 502 206 118 154 87 -5 -13 28 49 39 -185 -528 -314 338 495 202 22 -19 -13 -5 -37 -38 8 11 -2 5 11 1 -19 -17 -2 1 27 59 30 -3 -4 -3 -1 0 0 0 0 3 9 8 -2 -75 -82 54 80 9 -17 140 436 352 -67 -200 -57 20 24 28 8 -98 -169 -86 -21 -16 -3 3 8 9 4 -4 -1 -5 59 173 126 28 20 16 13 15 7 -14 -42 -46 -16 21 31 18 6 -1 -4 -2 1 4 5 2 0 0 0 0 0 0 1 2 3 6 7 5 4 3 -3 -11 -9 4 19 31 39 43 46 47 38 24 20 28 39 46 46 44 45 42 31 19 15 20 25 27 33 45 59 71 79 84 93 110 122 112 86 71 73 71 54 28 13 19 26 19 3 -6 -9 -15 -8 8 16 29 36 23 17 26 23 -11 -29 17 62 40 -17 -96 -194 -241 -191 -86 -7 12 4 1 3 3 2 -2 -10 -5 8 8 4 4 4 4 4 4 2 -2 -6 -8 -4 2 4 3 3 6 3 -5 2 17 10 -11 14 102 164 153 134 145 137 60 -33 
-59 -30 5 23 21 10 3 7 14 13 10 10 9 8 6 3 4 7 8 8 9 11 11 17 32 42 45 47 51 48 28 0 13 69 52 -58 -60 58 -21 -211 -171 -31 97 321 390 170 9 -1 1 0 0 0 0 0 0 0 0 0 -1 -3 -3 -1 0 0 0 0 0 0 0 0 0 0 0 0 1 2 2 3 4 6 6 0 -3 -1 3 6 -11 -32 -29 -16 -2 -7 -19 -4 5 -54 -255 -562 -774 -752 -554 -352 -216 -123 -124 -215 -240 -135 -55 -52 -31 0 -3 -20 -14 5 5 5 74 228 318 239 27 -156 -120 -24 -13 -1 8 2 0 -1 -4 -6 -5 -6 -11 -11 -3 -1 -7 -6 0 3 -2 -5 -2 -9 -16 -14 -5 5 0 -13 -4 13 4 -12 -13 -10 -11 -11 -7 4 17 17 12 15 13 6 13 30 -2 -137 -343 -516 -502 -346 -268 -237 -122 29 135 219 260 166 22 37 270 544 655 485 167 16 7 -6 -3 9 7 -1 -2 0 -1 -2 -1 0 -1 -1 2 2 -5 -11 11 56 33 -27 -26 -22 -22 1 -91 -392 -563 -421 -155 26 -38 -58 34 29 -14 -131 -227 -131 -5 86 99 -12 -41 -1 7 -13 -128 -187 -65 14 3 16 69 93 35 -11 -12 -8 -2 38 68 28 2 8 0 -20 138 427 170 -405 -404 -102 41 119 84 3 52 76 -8 -62 72 351 191 -409 -714 -718 -736 -700 -226 351 257 -57 -93 10 46 -5 9 49 83 67 -110 -418 -258 301 339 65 -2 5 -9 -49 -65 -19 3 -1 4 37 97 88 26 -5 -6 0 -18 -35 -18 -4 -3 -1 1 3 4 5 -3 -14 -8 4 -37 -95 -25 57 55 255 562 376 -208 -461 -187 117 71 -47 -22 2 -80 -152 -71 3 10 15 7 -2 -5 0 7 3 -18 33 157 148 30 -23 -23 1 22 -33 -103 -83 -57 -52 -22 -7 0 7 8 7 -1 -6 -3 1 1 0 0 0 0 0 0 0 3 9 11 9 8 7 5 2 -4 -11 -14 -9 2 9 7 12 26 24 10 5 14 29 39 45 53 62 63 49 29 22 31 42 49 57 67 74 75 72 66 56 48 42 22 -11 -30 -26 -19 -21 -17 7 23 8 -10 -11 -3 -7 -27 -26 -4 4 5 10 26 53 45 5 -12 -7 14 30 -40 -162 -236 -236 -145 -38 -1 7 13 8 7 9 4 1 5 6 2 1 2 2 3 3 1 1 2 1 -2 -6 -6 0 7 10 9 10 13 7 -4 5 26 21 -4 9 72 97 59 21 -19 -47 -34 -20 
-48 -30 5 21 18 17 20 23 27 27 16 4 4 14 17 9 1 -4 -2 6 8 1 -3 4 13 15 11 6 5 5 -3 -24 -33 21 96 49 -81 -103 -99 -201 -218 -88 28 214 424 340 93 -5 -1 2 0 -5 -1 20 33 19 1 -3 -2 -3 -3 -1 0 -2 -6 -8 -8 -8 -8 -8 -8 -8 -8 -8 -8 -6 -2 1 3 1 -5 -9 -5 4 5 3 -7 -22 -13 -3 -6 7 19 4 -16 -11 -7 -84 -288 -577 -788 -738 -434 -108 15 2 20 21 -77 -171 -161 -100 -43 -9 -4 -6 -2 10 34 72 118 119 -25 -147 -73 -8 -14 -6 -3 -2 -4 -5 -1 3 6 -2 -8 -5 -5 -4 -1 -9 -23 -21 -14 -15 -11 -4 -5 -8 -10 -12 -8 -6 -9 -5 4 6 2 2 0 -9 -9 -2 -5 -10 -10 -10 -11 -10 97 233 160 29 5 -7 97 388 575 571 598 692 744 738 656 431 175 108 245 346 231 20 -67 -32 -13 -13 -3 -3 -4 2 4 0 0 3 1 -4 -3 2 3 -3 -3 3 34 50 -2 -41 -175 -122 268 336 95 -108 -87 205 211 -95 -149 -8 52 45 -3 -100 -185 -168 -73 -7 23 30 9 0 3 2 -62 -139 -89 -2 15 65 135 85 6 -3 1 -3 -67 -103 -20 14 -5 6 7 155 440 240 -289 -300 -46 20 18 -2 -2 3 32 78 -3 -44 108 161 -100 -283 -133 41 25 -226 -303 9 116 -34 -75 -30 -23 -52 -30 -19 -41 -12 40 -122 -425 -198 302 277 53 5 5 -34 -91 -65 -9 3 11 79 119 44 0 5 -3 -28 -60 -40 -4 4 3 1 0 0 0 0 -3 -7 -6 -2 -8 -76 -73 42 71 130 151 32 181 396 284 290 506 541 335 90 -63 -146 -90 17 30 11 3 2 5 5 6 10 7 27 104 127 53 8 -2 -20 -8 11 -20 -28 50 88 8 -48 -7 32 26 10 -1 -6 -4 0 1 0 0 0 0 1 3 3 5 12 14 9 7 11 15 18 21 15 0 -8 -7 -8 -11 -10 -7 -5 -1 3 3 1 0 4 10 10 9 11 11 11 17 25 26 23 27 31 21 13 15 7 -8 -14 -4 13 12 2 6 13 13 9 2 -6 -4 3 -4 -19 -35 -30 7 39 32 6 5 16 7 -4 4 -8 -56 -98 -133 -168 -150 -73 -12 0 -6 -10 -11 -7 -5 -5 -2 -4 -6 3 5 -2 -1 -1 -7 -9 -5 0 4 5 2 1 2 1 2 5 4 -2 2 12 2 -3 8 4 -3 8 12 -34 -103 -136 -135 -101 -16 74 
13 38 55 44 23 16 23 29 29 26 24 25 24 16 7 5 4 0 -1 1 1 -2 -1 5 9 9 5 -1 -5 -6 -10 -14 -27 -16 62 59 -82 -86 83 55 -145 -152 -25 89 285 375 187 18 -3 2 2 8 27 27 7 -1 0 0 0 0 0 0 1 0 -5 -8 -8 -8 -8 -8 -8 -8 -8 -8 -8 -7 -4 -1 0 1 11 19 13 4 -6 -5 4 -1 -4 5 10 19 26 14 6 3 0 8 -4 -83 -238 -408 -541 -563 -350 21 235 132 -59 -118 -153 -215 -156 -41 -35 -85 -82 -40 -15 -1 15 -16 -134 -180 -73 10 16 -1 -8 2 4 0 -4 -6 -7 -5 1 0 -9 -3 13 11 4 0 -2 -2 -6 -6 -5 -7 -10 -13 -11 -9 -22 -36 -28 -14 -10 -9 -7 -2 5 0 -14 -11 -2 -7 -7 70 233 313 208 51 -11 -4 93 299 385 261 133 140 213 234 208 174 143 123 72 -45 -254 -373 -217 -42 -9 -5 -1 -3 -3 1 3 0 1 5 3 -2 0 7 6 -1 2 7 29 19 -41 -34 -186 -409 -108 442 670 697 707 459 -75 -293 -105 25 12 -31 -32 -12 -5 -2 -13 -84 -100 9 35 -3 -7 27 82 52 -15 -20 -4 43 80 27 -9 -3 -6 -1 -51 -154 -145 -39 12 2 71 341 318 -223 -398 -112 7 17 -24 -113 -65 26 18 6 53 76 -45 -130 90 261 122 0 40 230 318 86 -80 -8 41 -43 -62 26 10 -86 -94 -17 6 -7 -194 -381 -4 361 172 -4 2 5 1 -7 6 12 27 67 29 -36 -22 2 3 -1 -15 -21 -5 8 7 5 3 0 -3 -4 -2 3 5 -3 -7 -51 -80 -4 -17 -292 -594 -530 -216 -119 -310 -320 9 215 141 31 -41 -121 -112 -27 2 -4 -2 5 10 5 0 7 2 -7 60 116 60 21 27 6 -17 -10 -4 -15 -1 20 40 44 13 16 21 -3 -4 11 13 3 -1 0 0 0 0 2 6 10 13 12 7 2 2 8 15 20 22 17 6 -2 -4 -4 -1 -5 -19 -19 -6 2 2 -2 -4 -6 -11 -18 -24 -21 -7 6 6 -1 -2 0 0 1 1 7 20 27 25 16 18 34 33 17 10 6 1 -4 -4 4 1 -5 1 -4 -28 -26 10 36 35 27 25 21 22 18 -30 -139 -245 -243 -144 -56 -13 5 3 0 7 7 2 5 5 4 11 12 4 4 7 5 6 6 1 -3 -4 -5 -6 -2 5 7 4 0 -3 -4 -4 -4 -3 0 0 -15 -30 -13 8 21 32 3 -32 -27 5 49 108 170 
70 88 69 46 41 40 34 23 16 16 26 38 32 9 -1 7 13 15 9 -5 -11 -3 6 6 5 8 11 11 8 4 -1 -5 -7 -10 29 91 53 -16 10 -22 -170 -187 -57 17 117 293 276 82 -9 -7 9 48 58 15 -20 -12 2 3 1 0 0 1 3 3 1 0 0 0 0 0 0 0 0 0 0 -1 -2 -1 0 8 13 2 -3 23 76 86 33 -4 -3 7 12 5 -9 -14 -5 0 4 9 -6 -15 -6 -43 -213 -504 -698 -599 -318 -67 102 152 48 -66 -73 -41 -82 -196 -221 -155 -131 -98 -22 -59 -176 -139 -27 5 5 3 -3 -5 2 2 -5 -8 -7 10 23 16 24 43 27 1 -1 1 0 0 0 0 0 0 0 0 0 0 0 0 0 0 0 -3 -5 -4 -8 -7 2 0 -7 -2 2 65 19 -213 -216 -41 11 -26 -76 -54 20 16 -112 -220 -186 -107 -60 -25 2 10 -3 14 -28 -128 -95 -14 2 -5 -9 1 5 -1 -2 -1 -2 -1 1 3 6 10 8 4 0 -7 7 -4 -42 -20 -39 -300 -560 -417 -92 70 -16 -325 -460 -227 -21 66 103 14 -39 -9 2 -1 -3 -97 -223 -155 -17 18 21 78 115 52 4 -6 -11 -35 -33 30 32 1 -2 -1 -7 -46 -61 -17 3 10 223 360 -65 -405 -255 -105 -17 25 -15 14 59 48 8 -36 -25 -29 -166 -371 -180 388 666 630 637 667 306 -223 -252 -82 -67 -35 50 105 109 69 47 80 60 23 -21 -278 -307 168 324 88 40 136 135 40 -9 -9 -8 -32 -49 -20 -5 -6 2 1 -1 1 3 4 4 4 4 4 3 4 6 2 -1 0 3 -17 -34 -4 -4 -121 -295 -425 -545 -627 -654 -674 -667 -593 -331 -41 0 -86 -98 -40 -10 -10 -5 -5 -6 -5 -2 5 9 0 62 136 62 -8 26 63 33 -25 -2 8 -88 -136 -61 27 60 50 26 8 5 8 3 -5 -4 0 1 4 7 9 11 15 15 2 -10 -7 -1 0 4 9 9 7 4 1 1 3 5 -2 -16 -17 -8 -2 1 5 11 12 8 4 -5 -12 -1 15 11 -6 -8 1 -4 -11 -3 3 2 16 36 33 18 12 16 19 10 -2 8 27 26 16 1 -3 10 3 -24 -33 -17 -7 7 34 41 12 -63 -155 -205 -214 -196 -127 -44 -9 -4 -2 -2 -1 2 6 8 9 8 2 -1 5 11 8 3 3 5 8 11 10 5 -2 -10 -8 4 8 4 1 -2 -6 -7 4 9 2 11 -1 -29 -7 18 52 115 120 102 114 125 129 133 138 
71 58 15 4 29 44 40 24 14 19 15 -1 -2 13 24 22 18 20 17 5 -2 3 7 -1 -10 -6 4 8 6 3 1 -3 2 -2 -7 59 62 -132 -247 -134 -94 -179 -145 -43 37 235 407 280 68 2 16 35 9 -17 -4 4 1 0 0 0 0 0 -1 -2 -1 0 0 0 0 0 0 0 0 0 0 0 -1 -3 -3 -5 -14 -13 51 226 298 128 3 4 0 -9 -17 -25 -25 -15 -2 6 10 18 29 21 -18 -40 -22 -73 -295 -604 -790 -675 -298 51 214 227 130 23 -60 -111 -101 -105 -152 -145 -58 -72 -152 -83 1 -5 -10 4 11 4 -2 -6 0 10 4 -6 11 47 94 111 58 12 0 -1 2 0 0 0 0 0 0 0 0 0 0 0 0 0 0 0 3 4 -4 -5 5 5 0 3 26 12 -144 -295 -221 -55 5 -18 -77 -84 56 228 238 76 -89 -157 -151 -99 -41 -14 19 73 40 -44 -38 1 8 4 0 2 1 -3 -2 -1 -2 -1 1 5 8 8 6 3 -2 -2 21 4 -43 9 107 66 -204 -535 -685 -699 -685 -507 -173 8 22 53 53 -3 -28 -17 -11 -6 28 54 -16 -78 -29 4 40 124 97 1 -7 9 3 -53 -123 -70 4 11 10 0 0 15 11 -2 -14 90 322 176 -266 -284 -91 -41 -10 -2 13 28 -4 -78 -113 -51 -31 -45 -48 -276 -550 -365 56 256 239 -41 -484 -503 -139 -16 -2 94 52 -16 -7 14 33 31 5 14 54 -77 -314 -116 325 368 275 199 40 -17 -4 -3 -29 -86 -78 -16 0 -4 -5 16 48 30 1 -4 -4 -4 -4 -3 -1 3 6 1 -3 0 8 -3 -9 29 39 43 92 113 83 41 8 -56 -141 -97 34 59 10 -63 -98 -43 -9 -10 -7 -11 -14 -12 -9 -9 4 10 51 122 71 -20 -6 53 60 17 0 -13 -39 -34 -57 -43 50 57 16 17 14 -7 -14 -2 3 3 5 8 11 12 13 11 0 -12 -12 -1 6 3 1 2 1 1 3 4 3 -1 -6 -10 -12 -8 0 4 2 0 1 2 -2 -11 -17 -11 5 16 13 5 3 0 -9 -10 -4 -9 -14 2 20 15 -2 -10 -4 7 13 9 3 3 3 3 4 5 3 1 -17 -50 -36 12 20 -44 -153 -253 -311 -292 -200 -93 -23 6 13 4 -8 -11 -8 -3 1 1 1 2 7 21 29 19 3 -4 -2 0 -1 -2 0 4 8 11 11 8 5 3 1 -1 -4 -6 -4 0 5 15 25 24 17 7 14 88 162 148 114 97 71 37 -4 -37 
24 24 14 16 26 23 24 31 32 33 21 4 10 27 32 28 26 25 24 22 17 11 5 -5 -14 -11 -5 -3 -2 -5 -12 -19 -29 -41 -42 5 53 -39 -132 -36 -29 -225 -256 -85 32 166 405 434 186 31 14 -9 -32 -32 -20 -13 -5 0 0 -1 -3 -5 -7 -6 -2 0 0 0 0 0 0 0 0 0 0 0 -1 -3 -4 -4 0 4 129 375 392 200 118 116 95 68 45 35 35 31 17 5 0 7 18 10 3 7 -4 -17 -20 -115 -380 -671 -782 -628 -266 66 148 59 38 131 163 83 29 28 -5 -80 -105 -49 -6 -1 -5 -9 -4 -2 -3 9 17 10 4 -7 -16 -16 -25 -36 -27 -6 3 -2 -3 0 0 0 0 0 0 0 0 0 0 0 0 0 0 1 4 5 0 -4 -2 0 2 1 47 74 0 -24 5 1 -1 -14 -70 -78 22 149 253 238 81 -61 -135 -165 -146 -99 -25 -24 -134 -143 -40 4 1 5 6 1 -2 -1 0 0 0 0 1 4 6 6 4 0 -3 10 30 5 -28 106 423 649 670 605 477 350 297 226 98 2 19 26 -47 -28 46 46 18 8 69 175 150 32 -15 -14 4 68 106 44 -13 -10 -4 -27 -119 -159 -64 7 13 19 24 12 -4 -5 18 197 244 -119 -268 -79 41 79 35 -21 -31 -68 -48 15 -10 -26 9 67 110 30 -247 -545 -658 -692 -683 -610 -474 -197 65 89 53 108 72 -20 -63 -51 30 24 -50 -39 19 42 -155 -267 91 385 314 80 -81 -51 -3 5 2 -48 -80 -32 11 11 27 91 102 30 -7 -4 -4 -4 -4 -4 -3 -4 -8 -8 0 7 3 -17 -41 -1 42 20 5 -7 11 49 70 68 61 247 392 188 -1 -70 -106 -40 4 -1 -2 -7 -11 -11 -9 -9 -8 -11 15 92 97 11 -31 -35 -18 13 -15 -26 57 98 37 -20 -37 -13 25 22 1 -4 0 2 2 3 4 4 4 4 5 2 -7 -9 2 17 24 19 10 5 4 6 10 11 6 -4 -14 -15 -7 1 6 8 7 3 -1 -2 -8 -19 -17 2 17 17 15 14 3 -12 -14 0 9 2 3 5 -7 -5 8 10 4 -4 -12 -17 -23 -24 -13 -7 -1 1 -10 -10 -12 -31 -53 -100 -187 -271 -307 -290 -216 -105 -26 0 0 -7 -7 -1 2 2 5 10 11 9 8 4 17 68 106 83 31 1 -1 1 -2 -5 -6 -4 0 6 13 11 0 -6 -3 1 0 -2 1 -2 -9 -2 7 15 27 16 12 63 88 44 1 -35 -79 -109 -124 -135 
7 14 29 34 24 2 -16 -12 -1 -4 -8 3 8 -10 -25 -15 0 -2 -12 -16 -19 -27 -34 -35 -33 -34 -40 -45 -46 -51 -63 -78 -102 -113 -111 -104 -27 27 -72 -137 -89 -154 -249 -155 -19 53 200 347 254 61 -6 -8 -6 -2 0 0 -3 -4 -4 -4 -4 -4 -4 -3 -1 0 0 0 0 0 0 0 0 0 0 0 0 0 -1 -2 -3 -4 36 85 142 243 266 243 258 255 237 228 220 199 165 145 138 124 114 101 80 57 43 36 14 -1 -16 -127 -393 -698 -811 -624 -297 -38 135 215 166 76 6 -76 -120 -107 -82 -27 10 3 -1 -3 -8 -6 -1 -3 67 147 84 7 -18 -50 -93 -115 -71 -18 6 5 -2 0 0 0 0 0 0 0 0 0 0 0 0 0 0 0 -1 0 4 2 -5 -6 -3 -5 27 49 2 -19 -8 -8 -1 -6 -67 -105 -49 6 60 113 127 124 45 -88 -163 -165 -124 -160 -215 -110 -6 -6 -11 -1 5 -1 -3 2 1 -2 -1 0 0 0 2 5 4 -1 -5 8 8 -18 -13 -25 -66 -6 158 303 393 482 531 379 81 -67 -19 18 10 55 141 154 66 12 70 100 23 -20 -9 0 -37 -93 -55 3 0 -7 -2 7 16 -5 -20 -13 -10 43 81 28 4 14 83 244 77 -307 -265 -47 29 33 -18 3 39 42 46 68 81 17 32 96 89 141 251 173 -55 -41 226 450 384 53 -121 59 161 68 76 17 -43 49 62 27 50 14 -31 38 -14 -196 -100 99 58 5 14 2 -3 -6 -5 -5 -16 -20 2 13 37 76 45 -5 -6 3 4 4 4 4 4 1 -3 0 6 6 -4 -16 -38 -29 23 -2 -37 19 70 70 26 -4 -14 38 168 147 19 -76 -133 -72 3 9 2 -3 -3 0 2 4 2 -8 19 88 93 31 -7 -27 -41 -26 -2 -9 -32 -28 -3 -19 -51 -6 50 31 -2 1 5 -3 -4 -3 -5 -7 -8 -8 -9 -10 -6 4 15 21 23 24 19 10 7 11 15 15 10 1 -9 -12 -5 1 4 9 13 12 7 1 -7 -13 -4 15 23 18 17 21 14 3 7 18 20 18 19 8 -9 -2 16 20 14 8 5 8 9 10 20 18 9 1 -7 -4 -10 -57 -158 -265 -304 -254 -157 -70 -14 2 -3 6 9 -9 -10 8 14 11 10 9 6 4 4 5 11 21 24 16 8 7 6 1 -3 -5 -7 -8 -8 -7 -4 -3 -7 -8 -1 6 7 6 8 10 4 -4 -7 -16 -18 -5 11 3 -69 -144 -151 -129 -116 -94 -54 -26 
-31 -47 -61 -86 -101 -104 -118 -123 -111 -105 -98 -78 -67 -80 -93 -75 -49 -53 -68 -68 -61 -58 -54 -44 -38 -43 -53 -61 -64 -67 -77 -95 -109 -118 -159 -207 -151 -19 -14 -75 12 14 -184 -224 -87 -9 58 237 337 184 19 -13 -5 4 12 12 4 0 -1 -2 -1 0 0 -1 -3 -4 -4 -4 -4 -4 -4 -4 -3 -1 0 0 0 0 0 -7 -7 17 -2 -87 -83 42 131 159 177 192 209 226 239 248 254 262 272 264 239 222 208 193 193 190 175 151 118 108 83 -53 -314 -593 -673 -465 -179 -52 -113 -238 -357 -398 -231 -34 -3 -11 -3 2 9 4 0 2 5 3 4 9 4 -3 -2 2 -2 -9 -3 1 -1 3 3 0 0 0 0 0 0 0 0 0 0 0 0 0 0 -1 -4 0 16 22 10 2 -2 -7 -32 -101 -118 -49 0 6 -3 -7 -60 -120 -68 -8 5 49 122 173 161 96 20 -62 -158 -264 -257 -97 -3 -8 -8 -3 1 0 -2 -1 -1 -2 -2 -2 0 2 2 1 2 4 0 2 -23 -48 -7 -79 -372 -625 -667 -621 -564 -499 -407 -224 -82 -62 -16 4 -68 -116 -104 -65 -30 6 71 58 -37 -45 -6 0 -25 -148 -216 -87 14 16 29 77 91 39 12 5 -12 19 78 70 21 -1 127 214 -55 -226 -79 1 -60 -116 -63 26 60 70 -9 -21 147 151 20 -41 -13 287 604 421 225 481 508 334 482 398 7 -65 -10 -119 -52 107 102 125 44 -38 65 60 -30 -44 -26 -140 -170 -12 7 31 58 11 12 7 32 90 74 12 -9 -6 -12 -40 -48 -17 1 1 3 4 4 4 4 7 12 12 3 -5 -7 9 18 22 46 6 -55 -45 -15 -10 -24 -13 -26 -102 -81 19 36 -34 -103 -66 -1 6 -3 -8 -3 6 9 4 -2 -8 12 70 81 26 -3 2 -15 -20 21 13 -66 -96 -56 -26 -22 -21 -6 12 11 2 -2 1 1 -3 -6 -10 -13 -16 -19 -16 -5 5 4 -6 -10 -2 5 4 2 4 7 7 4 1 -2 -1 6 9 9 12 14 12 6 -6 -14 -5 9 14 13 12 12 15 21 26 29 22 13 19 17 4 5 7 -1 -9 -8 4 19 27 20 1 -10 -1 7 3 1 2 -6 -58 -143 -167 -108 -37 -6 -9 -13 -14 -15 -15 -13 4 19 12 4 4 2 -2 -5 -7 -8 -1 -9 -60 -103 -86 -35 1 5 -2 -3 -2 -1 0 -1 -5 -10 -10 -5 0 5 10 12 12 13 18 21 15 5 -11 -28 -20 48 102 21 -100 -114 -39 38 79 105 123 
-65 -73 -101 -161 -197 -179 -142 -118 -106 -92 -83 -76 -55 -32 -28 -33 -38 -52 -60 -50 -37 -28 -17 -5 -1 -4 -8 -10 -8 -8 -15 -17 -19 -47 -67 -59 -38 43 82 -36 -100 -39 -95 -204 -148 -36 19 166 417 429 165 -8 -2 21 8 2 5 4 4 4 3 1 0 -1 -3 -4 -4 -4 -4 -4 -4 -4 -4 -3 -1 0 0 0 0 5 9 11 9 -60 -153 -131 -50 -19 -13 2 18 25 32 52 84 102 107 114 116 145 186 199 189 169 173 192 195 170 134 124 83 -103 -420 -687 -767 -732 -692 -629 -508 -367 -294 -254 -138 -35 -15 -14 -10 -4 1 -3 -9 -4 -76 -160 -87 -3 2 4 6 1 -2 -5 -11 -3 3 0 0 0 0 0 0 0 0 0 0 0 0 0 0 -1 -3 4 24 33 21 11 6 1 -40 -97 -70 -15 -7 -9 -3 5 -59 -165 -147 -56 -16 14 45 59 112 177 175 96 -37 -149 -143 -52 -2 4 7 3 -1 -1 -2 -6 -7 -5 -4 -3 0 2 1 -2 0 6 3 -3 -36 -55 -6 42 54 9 -67 -157 -286 -408 -464 -323 -87 -2 7 -22 -100 -131 -155 -147 -57 -10 6 46 38 9 1 -3 -3 -56 -106 -51 3 4 50 103 45 -21 -15 -1 3 -43 -75 -24 1 6 138 111 -163 -165 7 51 28 -8 34 92 43 -78 -111 -18 37 12 -49 -94 50 284 162 -55 167 219 -301 -602 -167 354 322 15 -137 -95 -55 10 32 34 131 106 -9 16 84 35 -9 -122 -184 4 105 93 91 36 1 11 92 133 43 -3 -4 -15 -30 -52 -22 9 3 -3 -4 -4 -4 -4 -4 -4 -3 -1 -3 -4 -2 15 19 14 36 28 -9 -34 -38 -34 -11 14 -8 -49 -36 21 35 -4 -65 -69 -22 -7 -12 -13 -7 1 4 5 4 6 10 77 158 99 10 -11 -3 23 33 26 29 25 -6 -22 -20 -22 0 29 23 3 -3 2 4 1 0 -2 -7 -11 -12 -12 -10 -9 -19 -35 -39 -29 -18 -11 -6 -5 -7 -8 -8 -6 -2 6 17 20 16 13 10 4 -4 -16 -20 -2 11 3 -3 1 0 -6 -2 12 19 9 4 19 21 7 7 7 -5 -17 -24 -29 -36 -46 -62 -95 -116 -78 -25 -1 3 -8 -9 -9 -22 -15 -1 -1 6 9 -5 2 49 86 83 72 44 2 -5 4 2 -2 -4 -4 -5 -5 -15 -42 -52 -29 -6 -5 -9 -5 -2 1 6 9 10 7 1 -2 0 4 9 14 14 9 6 2 3 12 12 16 12 -2 96 267 266 110 19 51 111 121 95 76 
-26 -10 -2 -21 -41 -32 -9 4 14 39 55 50 53 66 68 52 33 27 30 29 20 16 19 22 27 25 17 18 25 27 30 42 53 53 67 104 117 102 58 -88 -202 -77 -5 -171 -215 -91 -24 52 280 472 335 77 11 27 8 -2 5 15 12 3 6 13 19 19 11 4 1 -1 -2 -1 0 -1 -3 -3 -1 -2 -6 -6 0 6 -3 -19 -90 -224 -263 -196 -151 -147 -144 -136 -136 -135 -126 -115 -98 -86 -96 -97 -59 -11 7 6 15 38 54 65 83 84 70 44 8 -8 -74 -279 -527 -652 -617 -486 -341 -331 -548 -645 -357 -67 0 0 0 3 7 6 -1 -12 -18 -15 -8 -1 -2 -5 -1 3 4 2 -1 -2 -1 0 0 0 0 0 0 0 0 0 0 0 0 0 0 1 3 -1 -13 -17 -8 -2 0 6 -1 -16 -8 7 -3 -17 -11 -2 -58 -174 -198 -141 -125 -101 -39 -2 31 87 130 152 118 19 -37 -23 -5 6 9 2 3 8 4 -1 -2 -1 2 4 1 -1 2 4 4 1 -2 -1 -2 -12 123 337 260 83 105 131 93 118 151 81 -14 -18 -10 -48 -45 -8 4 2 2 -20 -108 -132 -24 20 0 6 30 56 32 -5 -14 -17 25 52 3 -15 -4 -8 -3 -40 -104 -79 -13 64 169 54 -156 -134 -36 31 65 53 6 -65 -80 -30 33 -3 -156 -185 -61 -2 54 50 -199 -242 44 -36 -334 -374 -239 38 187 80 37 112 -34 -215 -144 -119 -62 54 -14 -42 40 58 33 -47 -134 -30 39 -82 -59 14 -3 17 46 7 -38 -12 6 -4 -14 -47 -57 -17 4 -3 2 17 15 1 -4 -6 -8 -7 -5 -2 0 -14 -47 -52 -18 -3 -10 -5 -17 -21 11 16 18 -20 -33 50 41 -22 -62 -78 -34 -3 -4 -10 -8 -2 2 9 13 16 9 45 93 44 -17 -25 -7 4 -17 -13 31 49 38 27 2 -21 -12 46 82 41 5 -2 -4 0 4 6 5 3 0 -5 -11 -16 -20 -24 -33 -48 -55 -47 -37 -32 -23 -11 -3 3 6 3 0 3 7 7 2 -9 -23 -25 -11 1 6 7 4 0 -3 -3 1 9 13 12 20 25 13 0 -9 -15 -15 -22 -48 -92 -137 -166 -180 -182 -151 -81 -26 -9 -6 -8 -11 -2 16 17 8 4 -2 13 92 230 320 258 114 22 4 11 11 8 6 3 4 8 10 3 -4 4 15 20 18 5 -6 -5 0 3 4 5 7 8 9 10 8 4 1 0 -1 -3 -3 -8 -10 2 5 8 22 36 112 226 252 175 58 -10 -10 -8 -37 -74 
-2 43 110 159 187 197 182 157 149 154 151 134 113 103 103 95 81 82 91 91 81 70 53 25 6 -1 -5 -2 4 5 7 4 3 26 31 -5 -48 -90 -84 -54 -88 -63 20 -60 -178 -126 -31 6 76 266 378 211 9 -29 0 16 14 7 9 18 22 18 11 12 20 23 20 16 13 12 12 11 10 10 9 7 5 4 4 0 -2 -4 -90 -161 3 207 230 168 101 50 10 -38 -85 -120 -153 -175 -183 -201 -212 -208 -186 -146 -115 -97 -93 -93 -79 -54 -31 -17 -7 4 17 26 10 -25 -43 -44 -59 -129 -245 -269 -141 -23 1 0 1 -1 -4 -3 3 6 7 6 2 2 4 2 -1 -1 -1 -1 1 0 -1 0 0 0 0 0 0 0 0 0 0 0 0 0 0 1 3 -5 -26 -33 -18 -8 -5 0 1 -5 -11 -7 1 4 -4 -12 -30 -71 -90 -106 -154 -150 -65 2 12 8 23 94 137 49 -22 0 8 0 2 4 6 8 17 18 8 4 5 5 1 -1 2 4 -5 -11 5 23 23 -8 144 391 268 11 -93 -121 -43 6 -29 -34 -21 -14 -34 -69 -52 -16 -4 -3 0 14 -84 -217 -135 -8 9 25 114 152 44 -24 -10 -4 -27 -20 32 26 1 5 6 2 -8 -9 -3 84 151 -9 -128 -23 98 94 -8 -27 0 -84 -107 -10 19 -35 -74 -30 36 24 -107 -140 136 244 27 54 270 375 310 79 -19 -6 29 81 34 47 228 295 77 1 147 83 -67 -22 69 46 -73 -56 -8 -156 -160 -33 -7 -8 -10 -7 -6 -15 -9 1 -10 -45 -64 -28 4 5 13 28 23 6 1 2 2 1 1 3 3 -19 -51 -46 -16 5 66 209 339 435 538 615 660 513 193 24 4 -4 -24 -43 -18 4 4 5 -4 -13 -5 5 7 8 7 -6 -35 -38 -22 -25 -29 -33 -36 -30 -35 -39 4 60 41 -21 -19 37 53 18 -1 0 -3 -2 0 0 1 2 2 4 4 -2 -7 -10 -20 -35 -42 -43 -48 -53 -51 -46 -39 -26 -14 -15 -24 -25 -19 -14 -11 -9 -8 -2 6 3 0 3 -2 -13 -16 -8 0 -1 -11 -23 -31 -47 -67 -80 -102 -126 -136 -140 -144 -150 -153 -145 -131 -111 -71 -25 -5 -7 -9 -1 1 -6 -4 -1 0 8 59 170 245 208 95 -20 -69 -57 -27 -1 4 0 0 0 2 7 11 6 -1 0 -4 -11 -7 1 2 -1 0 2 1 -1 -3 -2 3 4 4 11 9 -6 -10 -2 -4 -15 -18 -17 -20 -15 5 56 131 137 89 68 -8 -132 -179 -151 -112 -94 
-42 -22 63 169 222 215 192 178 166 140 118 102 76 64 70 65 53 56 63 68 77 73 40 -3 -25 -24 -17 -14 -16 -20 -25 -37 -61 -78 -87 -123 -173 -189 -123 -13 -14 -32 118 138 -102 -188 -65 5 13 123 369 426 178 2 2 13 8 -2 4 12 5 2 -2 -2 7 13 15 17 18 18 19 19 16 11 7 10 17 17 8 4 9 7 -27 -27 154 416 544 574 586 581 568 528 470 436 402 348 307 266 195 117 64 24 -37 -96 -118 -129 -147 -161 -165 -156 -137 -106 -69 -43 -17 15 37 49 62 80 102 90 30 0 11 5 -8 -6 -1 0 0 0 0 0 0 0 0 0 0 0 0 0 0 0 0 0 0 0 0 0 0 0 0 0 0 0 0 0 0 0 0 0 0 0 0 0 0 -3 -9 -12 -12 -10 1 17 18 3 -26 -75 -76 -24 -12 -24 -22 -13 4 15 5 8 23 -6 -34 -14 3 -4 -5 4 25 41 20 0 -1 -1 0 0 0 0 1 3 -2 -10 -7 9 1 -22 6 79 243 411 397 377 439 394 263 115 -6 -17 15 10 -14 -18 -4 3 2 0 -20 -70 -79 -23 7 44 109 76 2 -9 -3 2 -45 -97 -39 8 -7 -6 1 -1 -2 0 -2 64 88 -55 -69 83 115 30 -16 40 81 46 30 9 -20 -8 2 44 60 2 -141 -370 -179 349 376 267 571 687 199 -331 -299 -39 18 -42 56 356 550 570 377 178 399 469 135 -45 -7 57 -29 -72 33 5 -47 -13 -5 -25 -52 -30 11 -1 -12 -1 28 62 35 -7 -8 1 4 1 -2 -2 -2 -2 -2 0 3 4 3 -1 -6 -12 -14 -6 121 351 430 332 202 110 57 -92 -318 -291 -67 18 -10 -43 -42 -13 1 3 -12 -19 -13 -14 -12 -12 -7 1 4 15 18 3 -2 7 17 14 -19 -49 -23 27 31 10 1 -20 -32 -15 -2 4 5 0 -3 -4 -4 -4 -2 1 1 1 1 -5 -9 -1 3 -10 -26 -37 -49 -62 -66 -55 -38 -29 -31 -38 -47 -54 -52 -40 -25 -16 -17 -24 -31 -38 -47 -54 -56 -59 -66 -75 -88 -106 -126 -140 -143 -144 -151 -158 -159 -149 -124 -91 -59 -31 -11 -4 -4 -4 -4 -3 -2 -4 -1 -4 -4 26 57 145 306 314 86 -181 -313 -256 -110 -22 -6 -8 -7 -5 -3 -2 -2 -1 1 2 1 -2 -7 -12 -13 -6 6 9 2 -1 -1 -4 -7 -6 -2 -1 4 19 25 15 9 10 1 -7 -4 -14 -25 -16 -14 27 107 73 -44 -69 -51 -116 -182 -144 -47 24 
-71 -178 -203 -112 -38 -3 43 86 80 50 48 54 41 30 30 27 29 39 41 37 39 36 16 -4 -7 -1 5 9 9 7 5 8 6 -16 -30 -8 26 54 105 155 96 -36 -55 -39 -167 -251 -146 -31 4 59 258 488 419 142 5 -6 -1 15 26 28 32 44 57 53 33 20 17 15 12 8 4 6 13 13 8 6 7 7 5 9 12 10 7 -77 -241 -271 -140 -15 84 181 275 361 428 492 554 593 616 644 663 651 618 586 556 510 450 395 333 259 190 136 103 76 34 -17 -52 -59 -56 -63 -77 -83 -84 -71 -35 -7 1 2 8 11 4 0 0 0 0 0 0 0 0 0 0 0 0 0 0 0 0 0 0 0 0 0 0 0 0 0 0 0 0 0 0 0 0 0 0 0 0 0 0 5 5 -6 -8 0 2 -5 -10 -1 -11 -64 -29 110 175 143 67 -1 -19 -25 -41 -46 -24 8 13 -4 -3 8 8 38 107 103 22 -12 -5 -3 -1 0 0 0 0 -2 -1 -3 -11 1 7 -2 -33 -52 93 309 420 444 412 434 457 259 20 1 95 114 51 29 36 15 0 39 119 109 24 -13 -13 3 21 15 5 6 5 1 -27 -102 -124 -42 14 -1 -11 1 -1 -12 -8 52 59 -54 -51 -6 -100 -120 -26 7 -8 -9 10 24 28 47 46 32 39 30 -36 -291 -556 -410 -222 -329 -335 -320 -426 -385 -268 -124 -47 -55 155 236 -116 -234 -2 -63 -56 271 287 52 -77 -63 -57 -66 19 41 6 4 6 -1 -81 -132 -42 27 18 23 94 124 40 -11 -7 -7 -10 -18 -16 -7 -5 -3 1 0 -4 -6 -4 4 17 23 12 -15 -115 -314 -475 -552 -608 -642 -631 -572 -459 -243 -53 -7 -20 -74 -112 -66 -5 17 7 -18 -50 -70 -51 -15 -2 22 58 40 21 44 44 17 8 10 -5 -17 -10 -3 35 85 55 13 25 27 13 6 7 9 8 8 7 4 0 -3 -4 -1 6 9 6 5 3 -2 -3 -4 -9 -15 -20 -22 -21 -17 -13 -18 -32 -47 -57 -59 -55 -49 -44 -43 -49 -58 -65 -69 -68 -71 -83 -91 -92 -93 -96 -96 -87 -74 -63 -49 -29 -10 2 6 4 0 -3 -3 -1 0 -1 -2 -1 -1 1 4 -1 0 83 247 232 -34 -226 -219 -142 -62 -10 1 -1 1 0 -2 -3 -3 -2 -3 -4 -1 4 5 3 0 -2 0 5 8 5 1 -2 -5 -3 1 0 4 11 6 6 19 21 8 2 9 8 -2 5 16 16 75 134 56 -52 -45 53 89 24 8 62 104 
-40 -110 -174 -207 -225 -179 -63 33 50 34 40 53 49 40 36 33 37 45 44 34 27 32 43 49 50 50 51 53 55 56 57 64 81 92 101 138 178 202 226 230 151 -85 -291 -195 -58 -144 -189 -82 -1 19 73 269 442 302 56 -21 -14 -11 -15 -2 13 5 7 26 41 47 48 48 48 47 45 44 43 40 33 19 4 -1 5 2 -7 -4 5 -48 -271 -540 -652 -667 -666 -637 -597 -542 -475 -422 -359 -269 -181 -97 3 109 205 298 398 486 540 577 619 657 675 672 658 634 591 533 470 408 342 267 198 148 103 47 10 7 -2 -13 -3 5 2 0 0 0 0 0 0 0 0 0 0 0 0 0 0 0 0 0 0 0 0 0 0 0 0 0 0 0 0 0 0 0 0 0 0 0 0 0 0 2 9 48 118 158 132 88 100 119 97 55 33 88 151 143 90 31 -34 -111 -132 -57 3 -7 -7 4 -2 -2 6 63 87 8 -14 10 2 -2 -1 0 0 0 -1 -7 -13 -4 10 19 21 7 31 -14 -267 -481 -506 -506 -528 -505 -369 -138 8 45 110 154 153 191 164 53 25 138 216 105 4 3 0 -42 -61 4 27 5 10 4 8 1 -35 -25 2 6 11 11 5 0 -3 39 56 -14 -71 -110 -108 -29 26 -37 -97 -49 -14 -27 -35 0 66 33 -20 42 89 48 -185 -528 -673 -687 -727 -711 -406 -15 39 -47 -103 -23 180 -17 -431 -387 -86 -134 -355 -164 128 132 38 -43 -56 -25 11 46 48 13 1 11 -16 -48 -38 -3 10 41 77 31 -10 4 8 1 -8 -17 -11 3 7 6 4 0 -3 -4 -3 4 18 21 9 8 -104 -350 -423 -280 -169 -108 -10 62 55 20 -2 -2 -15 -90 -182 -188 -103 -28 -38 -125 -197 -202 -155 -65 -20 -18 11 12 0 14 19 2 -21 -26 -19 -16 -30 -26 32 48 2 50 144 108 24 3 9 13 15 16 15 12 6 5 10 7 3 6 6 0 -1 6 10 11 12 12 10 4 -3 -5 -3 -3 -5 -8 -13 -18 -19 -16 -13 -13 -18 -26 -31 -31 -28 -23 -18 -15 -13 -12 -12 -10 -2 5 4 3 4 2 -2 -3 -2 -2 -2 -2 0 3 4 3 1 3 0 -7 -14 -27 -30 -93 -247 -283 -139 -19 12 12 6 1 -2 0 3 3 0 -3 -4 -5 -7 -6 -2 1 3 3 0 -5 -10 -6 4 4 -2 -2 5 11 6 0 -4 -18 -24 -9 4 3 3 2 -13 -13 15 23 52 177 242 158 93 100 158 216 164 57 12 22 
26 108 179 158 73 7 7 27 24 15 15 19 18 19 24 24 19 16 18 17 11 16 42 70 79 75 68 61 56 53 53 49 47 56 68 83 88 87 84 89 125 69 -59 19 132 -50 -223 -144 -38 -8 10 99 324 457 277 46 -13 -9 -28 -50 -58 -61 -61 -58 -53 -46 -37 -26 -13 -1 8 11 9 10 10 3 -6 -7 3 15 33 43 25 13 -28 -169 -317 -388 -433 -484 -538 -577 -600 -633 -662 -673 -686 -700 -696 -672 -642 -607 -555 -467 -358 -276 -203 -110 -8 90 167 237 320 404 484 548 581 594 602 613 589 405 131 2 -3 3 -4 -14 -7 0 0 0 0 0 0 0 0 0 0 0 0 0 0 0 0 0 0 0 0 0 0 0 0 0 0 0 0 0 0 0 0 0 0 0 0 0 0 0 30 125 220 255 278 328 375 359 291 94 -305 -616 -649 -591 -553 -510 -478 -454 -384 -282 -219 -147 -32 25 16 -1 4 3 -66 -99 -39 1 2 2 1 0 0 -1 -3 -2 1 1 -5 -12 -7 1 -15 -94 -217 -307 -372 -394 -364 -417 -402 -129 71 50 36 44 32 46 47 10 17 91 84 -8 -25 1 6 -28 -138 -166 -48 12 -2 27 89 92 33 -10 -20 -8 -1 -7 -5 -1 2 17 29 31 21 47 100 65 40 54 -4 -9 47 42 11 -44 -47 -2 -48 -44 34 58 49 70 49 -63 -58 -18 -66 -6 126 115 -24 -71 -25 -31 -13 41 33 -1 -14 -29 -63 -34 86 122 37 -7 8 61 111 66 8 44 112 81 -2 -27 -17 -2 -21 -47 -22 2 3 3 -2 -9 -5 6 9 5 0 0 3 3 1 0 0 -5 -10 17 81 139 131 67 35 30 -10 -32 9 29 10 8 -6 -84 -199 -260 -242 -210 -212 -252 -276 -254 -232 -209 -167 -111 -48 -13 -21 -31 -4 20 15 7 1 -2 -12 -8 -6 -47 -52 14 70 53 8 -2 2 3 5 8 11 11 8 5 7 11 11 16 24 16 4 2 -2 -5 -4 -5 -6 -4 0 -2 -10 -11 -6 -4 -5 -7 -8 -4 2 3 3 3 1 0 0 2 6 6 3 2 0 -2 0 5 8 4 -4 -12 -16 -12 -5 -2 -2 -1 0 1 3 3 1 -3 1 8 0 -9 -82 -233 -230 -54 33 11 -10 -9 4 4 -6 -6 1 4 4 2 -1 -2 -4 -5 -2 1 3 5 5 0 -8 -9 -1 3 2 4 8 11 9 -1 -9 -9 -14 -21 -10 12 16 3 -5 2 7 -11 47 203 252 174 132 122 95 105 97 -22 -128 -138 
1 16 53 117 184 188 127 55 12 2 -1 -2 8 21 29 33 27 15 16 24 17 8 27 56 62 55 48 39 30 24 20 16 4 -13 -19 -20 -21 -24 -42 -37 47 113 20 -101 -95 -129 -246 -221 -89 -25 -7 22 158 431 544 341 96 7 4 -9 -20 -12 -22 -44 -54 -56 -57 -60 -64 -67 -68 -66 -60 -52 -43 -32 -21 -13 -10 -7 -5 -3 -2 -9 -2 4 -16 -33 -47 -73 -97 -116 -137 -164 -206 -257 -305 -355 -407 -452 -493 -537 -581 -621 -652 -670 -683 -692 -690 -679 -664 -638 -591 -524 -443 -358 -265 -158 -57 28 95 94 31 -10 -12 -4 2 6 4 0 0 0 0 0 0 0 0 0 0 0 0 0 0 0 0 0 0 0 0 0 0 0 0 0 0 0 0 0 0 0 0 0 0 0 0 0 0 2 12 8 -41 -86 -36 81 133 131 163 80 -255 -595 -729 -776 -812 -807 -767 -703 -666 -715 -702 -413 -58 71 71 59 36 -42 -106 -50 -1 -5 -1 2 1 0 -1 -3 -5 -6 1 3 -9 -16 -17 -20 -213 -421 -214 74 126 102 108 99 60 64 55 9 -31 -75 -137 -200 -168 -61 -16 -10 -3 -6 -4 -9 -8 -4 -68 -124 -55 8 0 57 118 57 -3 -3 0 -1 -8 -5 3 2 4 -3 -30 -37 -15 26 27 -37 -56 -15 17 15 1 6 17 -38 -127 -66 38 2 -20 120 400 570 463 208 59 225 439 334 128 91 97 -30 -158 60 317 196 48 217 424 242 -63 -105 22 106 80 38 8 27 82 76 34 83 131 45 -12 -8 -8 -38 -76 -30 13 -1 -7 3 10 3 -5 -6 -6 -5 -3 0 3 3 1 0 -1 3 9 -2 21 90 69 -27 -37 -2 -45 -80 -27 2 -9 20 30 -40 -114 -157 -217 -271 -258 -189 -136 -129 -169 -243 -241 -121 -2 33 7 -12 0 14 27 32 16 4 2 -21 -62 -58 -8 -20 -65 -37 3 5 1 -1 -3 -2 4 12 19 20 28 46 41 26 30 27 7 -6 -8 -8 -9 -10 -9 -6 0 5 6 7 7 4 1 -1 -3 -7 -12 -11 -5 -1 -1 -4 -7 -8 -11 -17 -18 -13 -9 -8 -8 -8 -8 -7 -3 3 6 4 1 -1 -2 -1 0 0 0 0 0 1 2 1 -5 -13 -22 -41 -26 16 12 -5 -1 6 6 -3 0 10 6 0 1 3 3 1 0 3 7 6 5 9 14 14 8 -2 -8 -1 9 10 6 4 5 3 2 11 13 1 -2 9 14 11 15 19 5 5 111 231 187 70 7 -21 -63 -77 -31 -36 -101 -136 
19 -40 -148 -205 -134 -7 45 32 29 36 33 29 35 36 31 36 40 32 29 34 25 7 9 22 24 24 26 24 20 16 12 14 7 -10 -15 -29 -45 -48 -50 -41 7 72 -16 -231 -216 -50 -134 -254 -139 -23 -12 -7 37 210 499 590 347 78 0 11 13 8 1 4 11 11 9 6 0 -7 -12 -17 -23 -27 -25 -15 -3 -1 -12 -29 -45 -52 -40 -21 -16 -12 3 13 9 9 20 17 6 13 15 1 -4 -5 -16 -34 -51 -71 -104 -150 -195 -222 -243 -275 -315 -355 -388 -421 -459 -496 -539 -582 -605 -611 -615 -629 -615 -430 -137 3 8 1 -2 3 3 0 0 0 0 0 0 0 0 0 0 0 0 0 0 0 0 0 0 0 0 0 0 0 0 0 0 0 0 0 0 0 0 0 0 0 0 0 0 1 -29 -124 -207 -227 -243 -275 -301 -277 -184 -65 16 35 7 -46 -95 -146 -185 -205 -265 -384 -441 -288 -57 39 53 57 21 -35 -46 -15 1 -1 -1 1 2 1 -1 -3 -4 -4 -6 -5 5 19 25 18 -112 -249 -135 1 4 15 122 271 197 -36 -91 -25 -35 -67 -57 -74 -81 -20 -12 -112 -136 -31 16 2 1 39 82 38 -17 -11 5 31 40 -4 -19 -1 5 7 2 1 4 3 -4 -28 -39 -25 -26 -71 -119 -89 -24 -7 17 40 -30 -49 5 -8 -57 -23 158 205 179 397 496 374 424 557 597 635 510 188 0 -6 19 -28 -250 -247 180 342 318 507 275 -207 -185 -50 -88 -78 19 65 -9 -71 -88 -55 17 56 10 -44 -20 8 1 -26 -68 -55 5 14 -2 9 25 21 5 -4 -5 -1 2 0 -3 -4 -2 5 15 10 -5 -15 -29 -42 -30 15 24 8 32 28 -27 -54 -16 30 36 12 -11 -41 -102 -145 -134 -76 -27 -43 -86 -128 -146 -84 7 27 5 6 7 -2 0 14 21 8 -4 -42 -70 -18 34 26 4 21 37 20 9 5 1 2 9 20 31 56 101 116 67 5 -14 -7 -7 -9 -5 1 6 8 6 0 -6 -6 -1 3 4 4 4 5 7 4 -2 -2 0 0 0 -1 -3 -3 -2 -3 -4 -2 2 3 0 -2 -1 -1 -3 -3 -1 1 4 4 -1 -4 -4 -4 -4 -4 -4 -3 -6 -10 -1 7 -1 -15 -42 -44 10 44 29 6 -4 -2 -2 -4 -3 -2 -1 1 2 2 4 7 6 -1 -7 -4 4 9 8 -1 -9 -1 11 9 -1 -5 0 6 6 4 11 19 7 -13 -10 7 15 10 -2 33 156 205 70 -71 -134 -163 -165 -155 -72 71 125 98 
148 236 201 69 -7 -8 -2 8 38 56 58 45 22 13 8 -12 -36 -37 -15 -9 -15 -3 -1 -16 -19 -18 -22 -28 -33 -24 1 22 19 3 -15 -56 -105 -126 -116 -100 -73 22 75 -55 -150 -68 -92 -245 -224 -87 -29 -11 3 35 187 439 553 396 152 29 6 1 5 3 -5 -6 -6 1 11 16 16 10 6 5 4 5 6 3 -3 -4 0 -4 -10 -3 0 -7 -6 -1 -1 -1 0 -5 -14 -16 -9 -4 -4 0 6 8 8 8 8 7 4 1 1 2 -1 -7 -13 -23 -36 -52 -79 -110 -140 -179 -223 -268 -301 -227 -73 -4 -3 2 0 -4 1 5 4 4 4 4 5 5 2 0 0 0 0 0 0 -1 -3 -4 -4 -4 -3 -1 0 -1 -3 -3 -1 0 0 0 0 0 0 0 1 2 1 -1 -4 -2 -16 -57 -68 -57 -93 -171 -224 -219 -199 -168 -98 -35 0 32 55 80 99 102 114 111 84 76 94 99 98 93 39 -10 -12 -12 -9 2 4 1 -2 -4 -1 3 4 3 -4 -3 8 24 52 57 47 192 395 260 43 221 458 501 473 225 -40 -50 -16 -19 -3 7 3 3 -10 -123 -218 -121 -3 21 49 140 164 57 -14 -14 -6 -36 -52 -2 13 -3 -1 0 -2 -7 -8 -2 0 -51 -58 32 46 21 33 24 16 9 21 75 70 24 51 90 77 2 -65 -35 142 229 -152 -468 -139 371 408 -40 -516 -520 -200 -96 -41 59 -81 -348 -440 -452 -449 -392 -505 -513 -125 133 -1 -98 20 66 -45 -118 -134 -92 -20 -10 -21 -12 1 5 8 7 -21 -50 -29 3 8 27 57 42 9 0 2 3 0 -1 0 1 1 11 27 14 -7 3 -31 -108 -91 -21 -1 -11 -11 11 11 -12 -9 13 21 -12 -51 -52 -46 -45 -31 -17 -15 -25 -42 -56 -67 -56 -32 -19 0 10 -7 -19 -17 -5 19 32 31 13 2 39 70 22 -18 19 30 12 12 8 5 10 15 10 -6 -21 -36 -50 -43 -31 -34 -29 -12 -3 -1 0 1 2 1 -1 -4 -7 -8 -8 -7 -5 -4 -3 -1 1 3 3 1 0 0 1 2 1 1 3 3 1 -1 -3 -4 -2 2 3 0 -3 -2 2 4 14 63 116 105 79 93 83 29 -1 -1 1 0 -5 -14 -17 -28 -39 3 45 28 6 3 -2 -8 -2 10 7 3 7 4 -2 -4 -6 -10 -11 -9 -9 -13 -15 -7 6 10 4 7 17 6 -14 -13 -4 -6 -13 -11 -3 -6 -16 -15 -1 8 -3 -7 75 162 62 -138 -230 -206 -174 -176 -155 -43 106 171 164 
112 226 313 328 279 177 79 29 23 29 16 -32 -85 -95 -87 -115 -154 -142 -101 -93 -101 -85 -70 -75 -83 -85 -80 -80 -84 -68 -32 -6 2 -7 -48 -102 -139 -163 -190 -207 -166 -47 78 52 -93 -57 72 -71 -252 -175 -55 -24 -12 0 10 136 428 630 518 226 34 -4 0 6 11 1 -4 -2 -9 -15 -12 -5 -3 -3 -1 -1 -3 -3 0 2 -2 -5 -3 -5 -5 1 0 -7 -9 -11 -16 -11 -2 -7 -10 -2 -1 -5 -7 -8 -10 -13 -12 -8 -6 -7 -6 -1 2 1 1 2 3 6 7 5 3 1 0 0 1 1 -3 -5 -4 -1 3 1 -1 0 0 0 0 0 0 -1 -2 -1 0 0 0 0 -1 -2 -1 0 0 0 0 0 0 0 0 0 0 0 0 0 0 0 0 0 0 0 0 0 0 5 10 19 32 16 -13 -16 -4 -16 -58 -100 -138 -157 -145 -145 -153 -127 -96 -85 -69 -36 -3 24 45 58 83 83 31 0 4 11 13 3 -1 0 -4 -5 -1 3 4 5 7 5 3 0 -1 6 126 369 347 45 49 321 183 -207 -90 185 73 -39 2 29 17 0 4 -3 34 72 -6 -55 -14 3 56 105 41 -7 10 9 -1 -56 -118 -67 -3 3 2 -1 -1 -2 -4 -2 2 -60 -82 33 54 32 70 64 25 -14 -30 -51 -16 23 -2 29 52 -42 -190 -194 -10 3 -205 -319 -254 -231 -455 -639 -598 -412 -178 -35 58 83 34 -31 -239 -466 -549 -505 -244 -23 -1 14 61 86 107 55 -89 -87 -15 -10 -35 -79 -42 24 22 8 6 26 53 15 -26 -10 4 11 23 16 4 3 4 3 0 0 4 5 1 -2 2 -1 -12 -12 -19 -35 -33 -15 -4 -8 -4 1 4 21 20 22 34 -19 -85 -75 -37 -21 -8 4 -10 -32 -35 -41 -52 -58 -43 19 57 18 -5 24 11 -24 -7 8 6 4 -5 3 -14 -100 -145 -71 0 6 4 4 2 4 4 -7 -26 -58 -107 -126 -80 -24 -11 -12 -3 2 2 0 -3 -4 -3 0 3 4 3 1 0 0 0 -1 -3 -3 -2 -3 -4 -4 -4 -3 -2 -3 -4 -3 -1 -1 -3 -4 -3 -3 -5 -4 -1 1 2 0 -4 1 74 205 277 333 419 338 112 2 -4 -7 -5 -8 -8 -7 -18 -38 -45 -7 33 23 2 -3 -3 4 7 2 6 14 10 -1 -8 -7 -1 1 -1 -4 -7 -4 8 21 21 6 0 12 13 1 -2 0 0 -2 -9 -16 -14 -9 -12 -10 2 0 32 195 283 94 -118 -153 -77 -37 -88 -122 -88 -33 -14 -36 
155 93 90 135 136 95 62 40 23 16 -17 -92 -163 -192 -181 -163 -152 -135 -121 -114 -111 -116 -104 -82 -81 -75 -56 -47 -46 -40 -24 -14 -12 -20 -49 -62 -51 -57 -99 -133 -103 -40 47 97 1 -57 24 -52 -253 -243 -97 -28 -6 17 18 29 147 389 580 482 188 22 8 8 3 8 13 5 -2 -7 -8 2 4 0 0 0 0 0 0 0 0 0 0 0 0 0 0 0 0 0 0 0 0 0 0 0 0 0 0 0 0 0 0 0 0 0 0 0 0 0 0 -1 -3 -4 -4 -4 -4 -4 -4 -5 -6 -4 1 6 8 8 8 6 3 3 4 4 4 4 3 1 0 0 0 0 0 0 0 1 3 4 4 4 3 1 0 1 3 3 1 0 0 0 0 -1 -3 -4 -5 -5 -2 2 7 9 4 11 40 52 40 55 95 143 208 254 249 210 171 145 104 40 3 -13 -56 -92 -95 -111 -139 -131 -110 -101 -67 -21 -1 8 9 0 -2 0 0 0 0 -1 -2 3 7 0 -5 -11 -14 -8 143 187 -169 -309 -19 68 -231 -491 -373 -41 77 7 6 51 41 12 11 2 60 150 108 15 -15 -15 3 31 35 15 1 -6 -6 -23 -79 -88 -28 5 3 2 3 3 1 2 4 -70 -107 46 122 -5 -87 -45 -35 -28 42 27 -43 -27 -16 -62 -51 6 30 27 22 38 68 77 57 -82 -207 -87 83 132 73 11 23 41 68 86 79 60 50 78 99 68 -33 -86 -36 15 106 43 -128 -46 59 20 -9 -72 -119 -49 6 6 15 72 98 27 -11 -7 -6 -19 -45 -29 -1 4 1 0 3 1 0 0 -1 -14 -16 -14 -41 -42 -13 44 135 212 219 123 25 -9 -18 11 25 39 66 6 -59 -77 -89 -56 -8 -2 -31 -66 -76 -57 -30 -43 -37 24 23 -19 -24 -3 12 -5 -24 -21 -36 -32 42 47 -51 -76 -26 28 61 29 -2 0 -2 -7 -12 -13 -8 -3 -3 -3 0 3 3 1 0 0 0 0 0 0 0 0 0 0 0 0 0 0 0 0 0 0 0 0 0 0 0 -1 -2 -1 0 0 0 0 0 0 1 2 1 0 0 1 2 1 0 -12 -63 -113 -75 19 66 51 22 4 -3 -4 -3 1 3 -3 -11 -18 -36 -31 32 65 27 5 5 -13 -23 -12 1 6 4 1 0 5 13 11 3 1 7 17 22 19 14 8 -3 -8 4 18 18 11 9 10 6 0 1 6 5 0 4 9 59 208 295 224 146 109 84 59 29 -2 -64 -108 -110 -119 
309 165 54 25 20 21 27 29 26 23 14 -15 -64 -101 -85 -24 23 17 -13 -13 11 13 4 17 37 43 40 34 22 9 6 7 -5 -25 -10 44 68 56 48 46 19 -31 -2 86 26 -174 -214 -110 -163 -235 -130 -34 -14 -7 0 9 8 67 263 491 515 307 96 14 9 11 1 -4 0 7 8 -2 -4 0 0 0 0 0 0 0 0 0 0 0 0 0 0 0 0 0 0 0 0 0 0 0 0 0 0 0 0 0 0 0 0 0 0 0 0 0 0 0 -1 -3 -4 -3 -1 0 0 0 1 5 10 14 17 16 13 13 15 16 16 16 16 16 16 16 14 10 8 8 8 8 10 11 7 4 4 3 1 0 0 0 0 0 0 0 0 0 0 0 0 -1 -3 -4 -3 -1 1 -3 -17 -31 -35 -26 -11 -4 -7 11 86 208 337 418 442 456 468 482 511 524 485 422 371 312 262 221 116 -5 -30 -8 -4 -8 -7 7 8 0 0 0 0 0 0 2 0 -1 0 4 17 4 23 7 -101 -92 -3 -12 -62 -38 5 3 -9 -24 0 77 124 162 154 85 114 133 42 -11 -3 1 -49 -60 33 52 -1 -11 -7 23 51 21 -2 1 0 1 2 1 0 -1 -1 -70 -141 7 154 39 -13 68 13 -51 -18 52 89 39 28 21 20 90 57 -25 -67 25 366 574 376 271 501 681 778 666 258 -14 -85 -32 118 48 -47 4 -54 -120 -79 -16 19 67 -8 -5 154 0 -184 -79 22 29 12 -20 -59 -50 -9 -5 41 114 75 2 -8 -3 -4 -23 -45 -27 -3 -2 -5 -5 -2 -2 -1 2 6 4 16 19 -20 -22 100 368 580 580 553 609 537 255 30 -20 -18 43 112 54 -31 -74 -91 -74 -70 -80 -69 -54 -60 -68 -51 -39 -66 -87 -68 -32 -19 -33 -29 -6 8 13 -3 5 62 61 9 27 62 30 1 1 -2 -3 -3 -8 -14 -15 -10 -5 -5 -4 -1 1 3 3 0 -2 -1 0 0 0 0 0 0 0 0 0 0 0 0 0 0 0 0 0 0 0 0 0 1 2 1 0 0 0 1 3 4 3 1 0 1 2 1 0 0 -1 -61 -190 -264 -317 -409 -330 -101 7 7 3 0 0 1 0 -6 -7 -13 -40 -20 63 81 35 16 4 -8 -6 -6 -10 -10 -3 7 8 2 6 13 12 9 7 3 2 10 14 2 -10 -5 4 5 2 0 3 7 9 15 24 25 13 -3 17 102 142 89 96 160 129 44 41 108 152 104 5 -31 -5 
185 101 40 31 39 42 27 13 18 27 48 96 138 150 163 200 229 207 161 153 175 176 152 140 141 128 109 93 66 24 -15 -29 -38 -43 8 68 54 20 21 14 -18 -38 -14 61 85 -28 -79 23 -22 -206 -211 -100 -51 -36 -18 5 17 10 58 284 587 641 384 108 9 4 -2 -6 -7 -4 0 -2 -2 0 0 0 0 0 0 0 0 0 0 0 0 0 0 0 0 0 0 0 0 0 0 0 0 0 0 0 0 0 0 0 0 0 0 0 0 0 0 1 3 4 4 4 3 1 0 0 1 4 7 10 13 13 11 9 8 8 7 5 5 7 8 11 17 19 17 16 16 17 19 20 20 20 19 17 16 16 16 15 13 12 12 12 12 11 9 10 13 13 11 8 5 4 4 2 -2 -21 -58 -68 -53 -77 -127 -182 -268 -343 -351 -263 -120 -26 21 65 117 188 268 357 430 488 552 585 518 300 78 7 12 10 1 -6 -5 -2 -2 -1 0 0 -1 -1 4 5 -1 -9 -12 -2 -59 -18 151 117 60 56 -21 124 274 80 -62 -34 -34 16 81 55 12 40 108 83 -14 -26 0 3 -45 -170 -194 -72 11 21 46 102 98 33 -1 -5 -5 -2 0 0 -1 -8 -7 -36 -143 -59 159 116 29 49 60 36 -35 -43 21 22 -49 -53 27 62 -4 -62 -222 -409 -237 -54 -271 -406 -173 47 112 56 0 -1 -78 -108 -46 -51 -82 11 107 43 -71 -61 -23 -74 -73 135 204 -69 -127 -5 -16 -16 42 114 95 17 -5 -5 4 21 15 1 -2 9 10 -6 -14 -8 -1 -1 1 3 1 -2 -3 -1 5 19 43 32 -13 93 374 397 32 -256 -290 -132 234 467 277 28 -2 60 74 6 -49 -64 -68 -80 -107 -125 -104 -49 -14 -29 -56 -54 -69 -85 -44 5 22 15 -3 -5 6 6 12 -6 -87 -107 -3 76 28 -45 -28 9 3 -4 -2 -5 -11 -14 -11 -6 -3 -1 0 0 1 2 0 -2 -1 0 0 0 0 0 0 0 0 0 0 0 0 0 0 0 0 0 0 0 0 1 3 3 1 0 0 1 3 4 3 1 1 3 4 3 1 0 0 2 2 -1 -26 -97 -149 -111 -27 21 20 8 1 -3 -3 -1 0 -5 -17 -40 -71 -39 58 75 21 7 8 1 -4 -10 -9 0 9 6 0 9 18 13 5 0 -5 -8 -1 9 6 -4 -9 -13 -14 -6 2 4 5 8 10 8 5 11 12 68 216 211 11 -91 -46 10 23 56 132 160 118 58 21 10 
42 24 20 23 22 24 28 34 40 43 63 134 237 297 283 240 212 198 185 175 172 166 149 131 118 104 91 79 50 -1 -51 -78 -82 -57 -9 0 -37 -61 -71 -103 -120 -69 -13 35 102 66 -18 74 152 -55 -237 -146 -34 -16 -9 0 16 18 1 55 236 478 564 354 91 12 22 11 5 4 0 8 7 0 0 0 0 0 0 0 0 0 0 0 0 0 0 0 0 0 0 0 0 0 0 0 0 0 0 0 0 0 0 0 0 0 0 0 0 0 0 1 3 4 4 4 4 4 4 2 -2 -4 -2 0 -1 -1 0 0 0 0 0 0 0 0 0 2 6 8 8 8 8 8 8 10 14 16 16 17 19 20 20 20 20 20 20 20 20 20 20 20 20 20 20 19 16 13 11 2 -5 -5 -18 -20 -6 -24 -53 -70 -127 -236 -341 -250 77 291 267 150 -4 -123 -189 -275 -355 -351 -293 -210 -108 -35 -2 10 8 2 -2 -6 -6 -4 -3 -1 -1 -2 -2 -6 -2 8 2 -16 -3 32 -143 -291 95 593 552 70 -150 129 134 -151 -87 18 -47 -34 -1 -92 -149 -69 -12 3 8 5 -1 -5 -6 -74 -140 -81 -12 -5 65 119 29 -28 -8 -4 -4 -3 0 2 0 -3 -2 -13 -150 -154 135 202 17 -53 4 34 41 16 -54 -45 -63 -64 20 5 -32 20 -72 -408 -644 -682 -706 -731 -743 -778 -724 -450 -152 -29 20 16 -92 -109 -8 32 86 163 38 -80 -29 -49 -3 194 86 -207 -77 137 61 -4 95 156 59 -9 -12 -6 -39 -92 -47 10 6 -1 2 8 7 -5 -9 -2 5 6 4 3 -2 -6 -6 14 41 2 -43 150 279 -129 -543 -569 -562 -646 -513 -16 268 111 22 78 56 -1 -4 -23 -84 -129 -121 -85 -73 -62 -39 -8 22 5 17 68 37 -8 -21 -26 -4 -1 -24 -17 -5 -39 -93 -104 -53 0 2 -3 27 31 4 -2 2 -1 -6 -7 -5 -2 1 0 -2 -1 0 0 1 2 1 0 0 0 0 0 0 0 0 0 0 0 0 0 0 0 0 0 0 0 0 0 0 0 0 0 0 1 2 1 0 1 3 4 3 1 0 0 0 4 3 -5 -3 7 17 16 9 13 18 14 6 0 -3 -3 1 3 4 3 -35 -79 -27 66 70 24 5 4 4 4 5 5 0 -2 6 14 12 3 -1 2 3 -3 -8 -3 3 5 3 -7 -13 -7 -3 -7 -10 -8 -8 -11 -8 -4 16 123 259 248 107 -21 -40 45 79 33 29 34 -3 -33 -65 -117 
36 32 34 30 16 5 13 33 37 27 32 73 135 165 136 90 74 86 97 85 64 57 56 49 40 31 24 19 6 -15 -33 -43 -34 1 19 2 2 16 15 6 -18 -34 -30 4 97 108 6 32 141 23 -211 -208 -73 -30 -25 -8 2 16 30 15 10 120 383 590 500 236 63 20 9 2 2 -3 -3 0 0 0 0 0 0 0 0 0 0 0 0 0 0 0 0 0 0 0 0 0 0 0 0 0 0 0 0 0 0 0 0 0 0 0 0 0 0 1 3 3 1 0 1 3 4 3 0 -2 -1 -1 -3 -4 -3 -1 0 -1 -2 -1 -1 -2 -1 -1 -4 -6 -6 -7 -7 -6 -6 -5 -4 -4 -3 -1 0 0 0 2 6 8 8 8 8 9 12 13 11 11 13 15 16 15 12 2 -9 -6 2 4 2 -1 1 6 10 16 12 93 335 537 590 596 569 473 325 87 -240 -480 -580 -625 -576 -349 -93 -3 2 10 6 5 3 -2 -1 0 -1 -2 -1 -1 -4 -3 2 3 18 31 -96 -394 -436 -95 -90 -375 -281 -223 -437 -317 1 46 -23 -4 31 0 -18 -29 -123 -136 -20 23 1 1 51 90 33 -12 -11 -15 8 12 -24 -20 0 -1 -3 -3 0 3 4 8 5 -7 -124 -242 0 246 91 -57 -57 -39 55 96 -1 -31 22 5 -39 -27 15 40 45 105 205 142 31 168 441 487 252 69 45 45 52 47 -15 -42 31 27 -95 -61 96 79 42 107 241 290 -58 -293 -155 -67 -40 26 81 26 -51 -34 -7 -2 -22 -89 -96 -14 16 -8 5 39 29 -5 -12 -5 -3 -6 -5 2 2 -2 -6 15 37 -7 -32 57 6 -184 -76 131 128 6 -212 -202 50 83 36 79 54 34 87 86 1 -84 -121 -94 -49 -33 -18 25 57 17 -11 44 46 -4 -16 -19 -25 -22 -13 -5 2 16 40 48 -3 -44 -5 22 26 36 13 -4 2 3 0 -2 -1 1 2 0 -3 -3 -1 1 4 6 5 4 4 4 4 4 4 4 4 4 4 4 4 4 4 3 1 0 0 1 3 4 4 3 1 0 1 2 1 0 0 1 2 1 0 0 0 0 0 -2 8 18 4 -4 -11 -15 -6 -9 -2 11 11 7 1 -2 -1 -1 -3 -5 -7 -37 -67 17 129 105 32 9 7 6 7 6 0 -2 3 3 -2 -2 5 11 6 -5 -11 -11 -3 15 26 18 9 10 6 -8 -17 -16 -12 -6 6 -2 51 209 244 153 129 124 84 54 5 -93 -138 -90 -54 -58 -65 -74 
30 20 21 31 32 17 6 20 38 38 41 54 49 23 9 22 42 51 49 38 28 33 41 40 38 35 28 22 23 34 55 74 84 88 69 56 88 112 124 155 148 85 29 20 69 126 29 -168 -178 -79 -149 -234 -146 -48 -14 7 9 2 12 23 13 17 133 414 651 545 213 36 27 17 4 -3 -4 0 0 0 0 0 0 0 0 0 0 0 0 0 0 0 0 0 0 0 0 0 0 0 0 0 0 0 0 0 0 0 0 0 0 0 0 0 0 -1 -2 -1 0 0 0 0 0 3 8 8 3 -1 -1 0 0 0 0 -1 -3 -4 -4 -3 -1 -1 -3 -5 -7 -8 -8 -7 -5 -4 -4 -4 -4 -4 -4 -3 -1 -1 -3 -4 -4 -4 -3 -1 0 -2 -5 -4 0 4 7 8 7 6 0 -8 -1 4 -5 -2 4 -4 1 27 21 -72 -138 -64 27 97 207 300 353 301 111 -39 -93 -138 -153 -93 -30 -14 -3 14 18 5 -2 0 0 0 0 0 0 -2 -3 -5 -6 -15 -6 31 37 -102 -412 -625 -594 -354 -102 -141 -224 -101 12 30 -6 -16 10 -3 -2 -16 -148 -233 -118 -9 7 47 157 188 65 -9 2 7 -38 -49 24 31 -1 0 0 1 3 4 5 5 3 3 -47 -232 -166 201 204 -2 -28 -14 -48 -65 -3 32 19 38 15 -20 35 41 80 389 582 340 263 513 514 488 508 201 29 110 56 -37 23 136 68 8 10 -123 -110 14 5 77 307 175 -248 -230 -87 -150 -116 -28 -19 -38 -26 -7 3 4 -3 -40 -79 -45 6 12 41 89 61 11 3 2 -3 -9 -10 -1 5 5 3 23 38 3 -17 -87 -35 200 169 -6 -38 -15 74 87 -37 -58 37 89 13 -73 -48 15 68 106 87 20 -25 -24 9 37 41 -13 -109 -113 -34 5 7 6 15 29 13 -16 0 36 33 44 53 11 9 20 13 30 17 -3 3 6 3 -1 -1 0 0 0 -1 -3 -3 0 3 4 4 4 4 4 4 4 4 4 4 4 4 4 4 4 4 3 1 0 1 3 4 4 4 3 1 1 3 3 1 0 0 0 0 0 0 0 0 0 0 -4 -8 0 6 -4 -14 -12 -3 0 -2 4 11 9 3 -2 -3 -1 -5 -7 0 -16 -63 -74 15 95 61 14 1 -8 -6 2 6 2 -6 -11 -9 2 16 18 1 -15 -14 -11 -4 17 34 32 22 26 34 22 5 0 -1 -1 8 63 242 395 278 70 28 75 41 -57 -89 -106 -163 -139 -48 -4 14 46 
34 26 13 12 23 27 29 35 39 39 37 30 19 17 30 42 36 22 15 15 17 20 25 32 38 43 47 56 81 114 133 132 124 102 63 45 64 87 101 115 109 68 29 9 25 102 65 -118 -94 136 114 -134 -177 -57 -8 -13 -14 -9 -11 -4 8 9 21 97 275 367 211 38 13 25 16 7 -1 3 12 4 -1 2 3 4 2 -1 -3 -4 -3 -1 1 2 1 0 0 0 0 0 0 0 0 0 0 0 0 0 0 0 0 0 0 0 0 0 0 0 0 0 0 0 0 0 0 1 3 2 -2 -3 0 2 1 -1 -4 -9 -9 -2 0 -1 -2 -6 -4 2 3 0 -2 0 2 1 0 0 0 -1 -3 -3 -1 -3 -5 -5 -5 -3 -7 -11 -10 -11 -8 -3 -3 -2 -4 -10 -7 2 6 4 0 -2 0 3 2 4 5 0 1 -77 -178 -130 -60 -59 -54 -17 40 18 -45 -36 -8 -1 2 2 1 -1 -14 -22 -6 4 2 2 0 -3 -3 -2 -4 -2 6 2 -6 -23 -13 49 73 45 -5 -50 -34 23 67 84 158 252 181 50 -31 -67 -26 4 -6 -10 -30 -78 -66 -6 5 57 128 71 0 -3 0 1 -44 -93 -44 19 25 10 22 49 30 2 -1 -5 -4 8 5 -155 -291 3 269 149 57 57 -45 -132 -59 23 52 124 150 40 -50 -39 177 333 26 -141 172 180 -362 -550 -77 257 130 -14 -40 32 115 18 -51 -2 55 51 -33 -60 -63 118 303 -51 -313 -107 19 -2 -11 -41 -99 -65 19 25 2 1 29 52 14 -25 -15 -3 9 26 19 7 7 6 5 7 7 2 -1 9 23 52 34 -39 -38 -175 -301 83 485 473 412 504 524 142 -229 -151 33 100 31 -54 -67 -79 -50 26 106 158 140 88 48 17 4 -46 -113 -96 -27 6 4 10 16 15 9 -1 -7 -11 -16 -23 19 32 -33 -43 -23 -18 -8 -1 4 -1 -8 -7 -1 4 6 4 1 -1 -3 -3 0 2 1 0 0 0 0 0 0 1 3 3 1 0 0 0 0 1 3 4 4 3 1 0 0 2 6 8 8 8 8 8 7 5 4 3 1 1 3 4 5 8 -3 -15 4 22 18 6 -3 -1 0 -1 4 12 13 5 1 4 4 3 1 -9 -37 -96 -119 -25 70 47 -1 -12 -10 3 10 8 8 4 2 5 1 -6 0 11 4 -9 -6 0 -3 -10 -13 -8 -4 -2 1 -3 -7 3 2 88 307 385 230 30 -79 -63 -30 -57 -56 10 29 -1 22 52 40 35 
12 35 40 31 24 18 23 30 23 9 -3 -3 17 40 41 32 37 36 20 27 44 25 7 18 25 26 24 31 67 101 97 74 62 52 34 21 21 32 38 34 30 11 -19 -23 12 87 150 91 7 39 4 -184 -251 -134 -57 -43 -21 -1 11 5 -7 -8 0 4 5 56 216 391 376 185 36 8 15 12 7 1 1 8 6 -2 -2 0 0 0 0 0 0 0 0 0 0 0 0 0 0 0 0 0 0 0 0 0 0 0 0 0 0 0 0 0 0 1 2 1 0 0 0 0 0 -1 -3 -5 -7 -6 -2 0 -1 -2 -2 -1 2 -2 -8 -6 -11 -19 -17 -11 -5 0 3 2 -3 -6 -5 -3 -1 0 -1 -6 -14 -14 -7 -4 -5 -8 -8 -5 -6 -4 3 3 -1 -6 -8 -3 -2 -2 5 9 0 -8 -5 -6 -10 -5 -13 -39 -39 -81 -166 -135 -59 -46 -48 -33 -20 -54 -69 -20 7 -4 -13 -17 -8 -2 -9 -15 -15 -5 2 2 0 -3 -3 -2 -4 2 12 12 12 -5 -21 7 12 80 218 159 22 5 -16 -90 6 283 293 73 -42 -54 38 107 58 78 150 90 -1 -15 -9 8 -2 -37 -23 2 -5 -10 -30 -86 -87 -17 20 28 72 94 40 1 0 5 7 3 17 -37 -279 -244 202 265 15 11 97 108 59 -29 -27 -19 -49 14 43 -1 90 -2 -363 -226 131 -55 -347 -386 -224 104 173 -14 -50 73 95 10 -16 -96 -96 50 101 57 115 312 104 -326 -238 -11 3 -6 0 -12 -86 -121 -35 19 4 7 73 118 55 2 -7 -7 -18 -30 1 20 8 -2 -4 5 13 5 -2 1 5 47 24 -73 -37 -54 -341 -469 -147 223 371 328 21 -291 -222 -36 64 131 80 36 41 17 -20 -63 -53 19 90 121 94 50 10 -38 -32 17 21 5 0 0 -11 -30 -6 24 8 1 17 -4 -21 1 -5 -4 17 -3 -15 -5 -5 -8 -9 -4 2 4 4 3 1 0 -1 -2 -1 0 0 0 0 0 0 0 0 1 3 3 1 0 0 0 0 1 3 4 3 1 0 0 0 1 4 6 6 7 8 7 5 4 4 4 4 4 4 4 5 3 1 3 0 1 8 6 1 -3 -4 2 6 10 18 20 10 -3 -5 -3 -3 0 -10 -41 -87 -74 36 92 49 18 9 9 19 13 5 5 5 2 -11 -18 -1 22 20 3 -5 -12 -19 -18 -19 -33 -33 -5 12 12 8 -4 0 95 185 123 36 -34 -154 -208 -112 13 61 116 181 143 70 56 42 1 
34 38 34 34 36 33 21 3 -6 0 11 24 33 28 23 27 31 35 34 29 31 30 16 4 15 32 29 20 27 38 32 21 21 27 32 36 35 24 14 18 34 39 13 -7 -7 23 114 92 -134 -250 -121 -100 -244 -217 -84 -39 -29 -16 -6 0 3 4 5 14 13 105 420 724 730 477 189 45 22 9 -2 14 13 1 6 7 4 5 6 5 3 1 -2 -4 -2 0 0 0 0 0 0 0 0 0 0 0 0 0 0 0 0 0 0 0 0 0 0 -1 -3 -3 -1 0 0 0 0 0 0 -1 -3 -4 -4 -4 -4 -5 -1 9 7 -4 -9 -16 -16 -8 -14 -23 -19 -7 -3 -13 -22 -22 -20 -22 -24 -22 -15 -6 0 4 -1 -6 -4 -8 -5 -2 -9 -9 -10 -11 1 4 1 7 4 0 3 4 3 1 -1 -3 -4 -4 5 10 3 -36 -112 -118 -63 -52 -64 -55 -77 -122 -84 -8 15 3 -5 -3 -1 0 -1 -4 -8 -8 -3 1 2 1 0 0 0 -1 1 11 18 -2 -34 -23 -9 141 422 372 98 111 229 106 -81 -67 67 71 -20 -77 22 219 261 260 236 83 -9 0 9 -52 -95 -16 24 8 7 15 42 33 -14 -32 -23 5 33 16 -9 -3 5 1 -4 -6 -1 5 -141 -333 -40 357 211 -34 -54 70 171 47 -88 -91 -78 -3 79 31 -43 -12 61 172 185 -17 -65 97 139 -2 -110 -93 13 17 -91 64 204 73 12 -27 -95 57 389 279 -300 -394 -83 8 -14 -4 1 2 -16 -63 -60 -15 2 32 86 68 6 -8 2 5 -25 -62 -36 -2 -1 0 1 -3 -8 -4 6 0 17 55 8 -45 -16 3 -75 -337 -604 -624 -544 -568 -554 -310 -62 -3 70 136 86 73 87 94 111 83 26 -29 -36 -1 29 67 61 3 15 48 8 -13 -6 -2 26 17 -9 8 17 4 29 58 15 10 44 26 11 -5 -14 -10 -14 -9 1 6 4 0 -2 0 2 1 1 2 0 -2 -1 0 0 0 0 0 0 0 0 0 0 0 0 0 0 0 0 0 0 0 0 0 0 -1 -2 -1 -1 -3 -4 -4 -3 -1 0 1 3 3 1 1 2 -1 -2 1 -4 -7 0 -1 -5 -2 1 7 9 5 12 22 16 4 2 2 -1 0 -1 -15 -40 -78 -56 52 95 56 27 18 19 4 -17 -15 -7 -8 -9 -5 -2 4 16 20 11 -5 -7 14 20 -5 -15 5 13 6 -2 -18 57 197 139 -56 -99 -30 -42 -105 -56 77 125 100 105 68 -56 -105 -43 -4 
-161 -134 -72 -4 19 19 22 12 1 6 16 21 17 9 17 32 21 15 44 50 25 32 45 29 20 22 34 37 10 -7 -1 8 14 11 6 9 9 -5 -27 -38 -47 -61 -62 -54 -46 -27 49 96 -41 -161 -64 -27 -183 -215 -80 -26 -38 -27 -9 6 14 16 16 13 25 107 205 213 243 434 601 490 216 45 10 9 5 -3 -9 -4 0 0 0 0 0 0 -1 -2 -1 0 0 0 0 0 0 0 0 0 0 0 0 0 0 0 0 0 0 0 0 0 0 -1 -2 -1 0 0 0 0 0 0 0 0 0 -1 -3 -4 -4 -1 0 0 1 -1 35 191 402 492 479 456 430 394 342 287 251 216 163 116 77 40 14 -2 -9 -13 -5 6 -5 -11 -10 -13 2 9 -7 -11 0 11 10 -3 -5 4 5 3 3 1 0 0 0 7 12 -6 -10 -14 -83 -115 -54 -23 -33 -37 -108 -166 -79 -2 -6 -5 -1 -1 0 0 -1 -4 -8 -8 -3 1 2 1 0 -1 -3 -3 -2 -5 -6 -6 -28 -12 40 36 128 212 33 64 360 305 -33 -164 8 111 28 -77 -107 -44 81 187 102 -15 -13 -4 -8 -53 -149 -140 -34 1 -4 61 167 145 22 -24 -18 -28 -60 -74 -37 -7 -2 -7 -6 3 -10 -21 -39 -252 -374 79 452 237 9 -12 8 40 15 -5 14 -25 -54 -54 -203 -175 347 618 207 -137 138 495 253 -216 -229 -8 38 -36 -89 -113 -76 68 110 11 -19 240 355 -161 -445 -109 127 89 18 0 6 51 109 71 -4 -21 -10 19 31 0 -14 -4 -1 -2 -18 -59 -67 -33 -9 5 9 0 -6 -2 2 1 59 68 -41 -50 78 315 559 607 417 76 -220 -268 -58 72 -8 3 127 136 80 95 116 112 121 141 142 98 52 30 18 40 38 -16 -3 33 13 -3 1 -5 -3 18 4 -17 -8 -23 -43 -36 -19 1 25 33 5 -8 -2 -8 -12 -7 1 3 1 0 0 1 2 1 1 2 1 0 0 0 0 0 0 0 0 0 0 0 0 0 0 0 0 0 0 0 0 0 0 0 0 1 2 1 -1 -3 -4 -3 -1 1 2 1 0 0 0 1 2 -1 -3 -2 -5 -1 12 12 2 7 16 5 -4 5 10 4 7 16 11 0 -4 1 7 0 -21 -60 -98 -54 52 83 38 -6 -21 -10 -8 -12 -11 -12 -6 5 9 5 8 26 34 11 -8 12 37 36 20 7 5 -1 -7 59 247 362 232 52 5 50 93 77 48 70 77 9 -47 -70 -134 -173 -106 -22 
-542 -494 -329 -111 5 16 12 16 20 22 15 -18 -74 -108 -92 -58 -62 -100 -99 -50 -41 -85 -84 -39 -52 -98 -81 -48 -76 -107 -94 -74 -71 -85 -96 -90 -84 -93 -117 -130 -144 -192 -200 -129 -57 -27 14 103 87 -58 -53 103 54 -157 -169 -62 -34 -30 -12 6 16 17 15 9 24 24 -178 -499 -520 -82 482 737 599 280 51 -7 1 6 0 -6 -8 -8 -6 -2 0 0 1 2 1 0 0 0 0 0 0 0 0 0 0 0 0 0 0 0 0 0 0 0 0 0 0 0 0 0 0 0 0 0 0 0 0 0 -1 -3 -4 -3 -2 3 1 -10 -7 4 169 388 299 121 114 155 195 238 277 317 358 400 439 465 483 496 492 466 431 403 378 345 310 276 219 150 139 127 53 5 -13 -15 0 1 0 1 -1 -3 -3 0 3 5 7 2 -13 -21 -12 -18 -77 -107 -56 -33 -46 -50 -106 -137 -52 2 -8 0 4 0 1 3 3 0 -3 -3 -1 0 0 0 0 -1 -3 -2 9 16 3 -4 -28 -22 43 -64 -144 -8 -13 -93 18 201 230 176 187 168 71 -34 -114 -172 -145 -34 9 -2 3 -11 -17 -14 -89 -150 -67 2 -4 62 130 69 8 4 0 -12 -47 -49 -9 0 -9 0 7 6 4 25 58 -45 -361 -389 167 483 219 -37 -86 -32 27 11 -34 -77 -84 -22 -174 -462 -318 -146 -407 -429 -50 33 -300 -377 -90 57 8 -51 -27 -70 -146 -71 -61 4 361 444 -108 -469 -217 2 -8 -11 5 6 21 91 127 47 -9 -3 -4 -33 -70 -37 17 18 -2 -6 6 6 -8 -4 2 -5 -7 -2 5 3 3 18 55 9 -97 40 381 484 257 135 302 533 536 283 77 -8 -35 73 200 151 118 162 122 88 109 149 171 156 139 115 66 35 -5 -71 -66 -28 0 14 16 4 -30 -15 4 -16 -23 -12 -37 -43 27 1 -64 -19 60 95 50 3 -3 -1 3 3 0 -2 -1 0 1 3 3 1 0 0 0 0 0 0 0 0 0 0 0 0 0 0 0 0 0 0 0 0 0 0 0 0 0 1 2 1 0 0 0 0 0 1 3 3 1 0 0 -1 -2 1 6 5 2 10 25 29 19 16 18 4 -6 2 4 -4 -1 9 8 2 -2 -1 5 6 -1 -12 -53 -97 -42 59 64 -5 -35 -9 10 5 -2 -2 4 10 10 1 -4 9 18 3 -11 0 18 20 14 3 4 21 50 211 422 406 248 131 8 -94 -86 -50 -76 -96 -60 -45 -75 -46 51 89 42 -4 
-41 -226 -351 -255 -70 15 9 -6 -1 23 25 -62 -219 -315 -287 -220 -218 -270 -277 -217 -184 -214 -219 -177 -179 -219 -205 -154 -135 -132 -116 -112 -132 -152 -152 -141 -135 -134 -142 -141 -115 -118 -114 -46 -8 -17 -8 59 113 40 17 141 96 -162 -240 -104 -28 -27 -22 -12 -1 5 3 1 17 58 -51 -383 -560 -392 -75 274 559 572 313 76 1 0 5 5 2 0 -1 -2 -1 0 1 2 1 0 0 0 0 0 0 0 0 0 0 0 0 0 0 0 0 0 0 0 0 0 0 0 0 0 0 0 0 0 0 0 0 0 -1 -3 -3 -1 1 -5 -4 3 -6 19 158 119 -256 -488 -483 -464 -438 -405 -359 -306 -264 -224 -175 -132 -87 -27 40 106 159 205 245 283 340 385 441 559 542 277 48 -6 -12 -17 -9 4 6 -5 -8 -4 -3 0 3 4 4 -3 -13 -6 8 0 -57 -106 -78 -47 -56 -62 -68 -65 -30 -6 -2 2 1 1 3 4 3 1 0 0 0 0 1 2 1 0 0 -6 -2 21 18 -2 -34 -42 10 -70 -138 101 401 366 188 347 518 225 -117 -58 67 -11 -55 18 -14 -116 -69 17 25 11 0 47 109 55 -9 8 26 27 -16 -69 -39 -1 -3 -4 -16 -19 2 6 0 4 5 -1 -6 47 126 103 -94 -427 -398 147 437 214 -30 -49 10 -6 -23 -4 14 84 65 -189 -538 -700 -539 -240 -198 -489 -547 -216 -32 -78 -22 57 36 39 -12 -128 -27 365 493 -50 -500 -308 -60 -57 -97 -84 -27 7 22 57 39 -18 -21 -3 -1 -36 -102 -90 -13 9 0 3 17 24 3 -6 -1 -4 -1 2 -5 -4 3 41 83 9 -40 225 371 -81 -550 -629 -539 -309 153 456 216 -85 -86 80 199 131 119 181 146 105 118 180 241 254 214 128 57 49 -4 -105 -100 -32 14 13 8 33 17 -21 -14 4 1 26 57 30 -15 -51 -77 -64 -30 -2 10 6 1 1 2 1 0 0 0 0 1 3 3 1 0 0 0 0 0 0 0 0 0 0 0 0 0 0 0 0 0 0 0 0 0 0 0 0 0 1 2 1 0 0 0 0 0 0 1 2 1 0 0 -1 -3 -2 0 -2 -2 1 4 9 10 1 -6 1 7 3 4 10 3 -5 3 8 2 -4 -4 -2 -3 1 -8 -58 -95 -35 83 118 46 -6 3 8 1 1 -2 -10 -13 -11 -13 -22 -31 -28 -17 -16 -25 -21 -4 -1 -4 6 100 284 322 168 47 -27 -148 -230 -186 -125 -162 -236 -204 -64 41 112 215 242 139 37 
521 290 -48 -208 -113 2 24 22 20 9 -7 -65 -178 -259 -258 -221 -207 -210 -185 -160 -153 -127 -115 -131 -124 -107 -108 -98 -62 -30 -11 -2 -12 -16 1 7 -4 1 22 18 22 70 108 100 43 0 6 53 148 109 -109 -181 -56 -74 -204 -158 -50 -31 -37 -34 -21 -6 0 -8 -9 71 218 205 -44 -281 -290 -103 172 502 671 496 204 44 7 13 16 11 7 1 -2 -1 1 2 1 0 0 0 0 0 0 0 0 0 0 0 0 0 0 0 0 0 0 0 0 0 0 0 0 0 0 0 0 0 1 2 1 0 0 0 0 1 4 1 3 11 1 -16 -37 -61 -71 -78 -95 -123 -167 -219 -262 -297 -332 -375 -418 -443 -460 -478 -486 -476 -453 -429 -397 -357 -325 -292 -235 -87 183 326 178 21 8 11 -4 -6 -1 -2 -1 3 4 3 1 0 0 0 -1 -2 0 0 -36 -92 -93 -55 -42 -53 -64 -56 -27 -6 -3 -6 -4 0 -1 -3 -3 -1 1 2 1 0 1 2 1 0 -1 -10 -19 -8 5 3 -25 -47 -1 -29 -176 -35 334 256 -167 -331 -324 -474 -541 -260 24 22 -46 7 34 -104 -181 -72 1 2 53 168 185 71 1 -10 -8 -35 -56 -9 15 1 -4 5 21 9 -1 11 11 9 7 2 5 -6 -4 35 45 -114 -453 -427 196 559 368 177 43 -42 -6 44 55 0 21 87 -13 -68 26 116 91 -74 -127 -91 -9 106 24 -71 -15 50 57 187 521 483 -157 -568 -346 -66 39 116 97 15 -16 -15 -12 -2 -2 -7 -5 -3 3 8 -38 -94 -66 -12 8 34 69 50 2 -12 -2 6 2 1 3 4 -3 41 72 -16 63 229 -33 -333 -191 -83 -258 -499 -408 77 228 -3 -36 112 154 74 44 77 145 205 227 245 252 249 214 148 108 93 9 -60 4 80 87 53 3 -20 -5 -2 -11 -15 6 36 18 -31 -83 -50 48 31 -93 -127 -46 1 0 0 -1 -2 1 4 2 0 0 0 0 0 0 0 0 0 0 0 0 0 0 0 0 0 0 0 0 0 0 0 0 0 0 0 0 0 0 1 3 3 1 0 0 0 0 0 -1 -2 -1 0 0 0 -1 -3 -7 -9 -6 -13 -28 -25 -8 -8 -17 -7 6 6 7 12 7 0 7 15 12 2 -6 -7 -4 -4 -9 -20 -65 -92 17 147 119 28 -6 -6 1 7 0 -14 -15 -6 -6 -19 -29 -15 4 -5 -22 -3 20 15 3 37 192 253 31 -209 -260 -181 -63 37 95 111 87 16 -34 20 100 102 55 6 -32 -45 
245 248 78 -107 -91 -2 23 29 34 16 12 22 10 -2 2 16 46 82 100 95 84 81 85 95 133 186 176 128 125 139 149 168 177 188 209 206 182 181 209 203 165 177 183 103 24 8 14 39 124 151 -10 -106 51 79 -161 -232 -96 -36 -44 -41 -27 -9 6 11 6 26 188 376 254 -128 -383 -294 -57 174 482 659 449 119 -3 1 9 12 8 3 -2 -3 0 2 1 0 0 0 0 0 0 0 0 0 0 0 0 0 0 0 0 0 0 0 0 0 0 0 0 0 0 0 0 1 3 3 1 -1 -2 -1 1 3 4 7 -1 -12 7 -6 -71 -3 120 76 18 23 16 13 19 25 19 11 15 19 11 -13 -53 -97 -132 -166 -210 -256 -312 -364 -418 -540 -406 91 280 95 1 3 0 -3 -1 6 8 5 4 3 0 -3 -4 -1 9 12 -5 -16 -5 -3 -24 -41 -39 -52 -97 -96 -31 5 0 -3 -1 -1 -4 -6 -4 0 3 3 1 0 0 0 0 0 -1 1 -4 -16 -3 17 -1 -34 5 42 -208 -531 -564 -531 -582 -626 -569 -375 -91 111 125 75 -27 -51 37 -23 -118 -77 -14 6 99 185 69 -33 -16 -12 -20 -81 -135 -61 8 7 6 56 126 87 8 -8 -4 -2 -4 -4 4 -31 -61 -13 18 3 -129 -434 -513 -49 507 550 233 16 -56 -65 -35 -10 48 83 31 33 74 28 -41 -33 8 -11 10 110 87 -31 -57 109 463 676 342 -335 -614 -341 -65 10 100 169 80 0 -4 -7 -24 -78 -63 21 29 4 4 23 38 6 -18 -7 -2 14 25 3 -1 7 3 1 -3 -1 6 1 13 75 28 -95 47 172 33 11 82 83 72 -25 -188 -143 24 21 49 173 133 6 -21 44 152 222 225 170 108 104 127 146 152 108 26 8 30 18 58 138 128 67 34 10 -4 -3 -8 -21 -29 -23 -12 2 29 60 67 38 7 -1 0 -1 -3 -3 1 4 2 0 0 0 0 0 0 0 0 0 0 0 0 0 0 0 0 0 0 0 0 0 0 0 0 0 0 0 0 0 0 0 1 3 3 1 0 0 0 0 -1 -2 -1 -1 -3 -3 -1 2 4 6 9 -4 -28 -27 -3 10 1 -12 -8 6 6 -3 5 15 10 13 19 12 4 3 6 3 -3 -3 -16 -64 -105 -37 90 99 21 -5 15 29 24 12 16 20 9 5 11 21 25 13 12 20 13 15 44 192 392 326 31 -225 -308 -158 107 280 297 273 292 285 187 52 -46 -131 -201 -205 -179 -171 
58 132 70 -75 -98 -24 9 0 10 33 47 104 217 293 295 262 271 320 305 252 251 270 262 251 263 287 277 245 239 231 196 165 164 174 168 167 179 181 175 169 157 149 120 47 5 -5 -19 -6 53 145 121 -41 -78 27 -36 -202 -160 -46 -30 -30 -22 -17 -14 -6 2 -3 69 280 377 105 -314 -445 -237 -27 62 121 151 203 217 101 12 14 16 4 2 5 1 -1 1 7 12 8 2 0 0 0 0 0 0 0 0 0 0 0 0 0 0 0 0 0 0 0 0 0 0 0 0 0 -1 -2 -1 -1 -3 -4 -2 1 0 2 0 -6 10 22 -48 -54 63 64 0 -12 -7 -3 -9 -10 -11 -6 0 -4 -8 -2 11 22 26 19 106 375 465 209 32 -56 -205 -98 134 97 2 -3 -10 -7 0 1 0 1 3 2 -1 -2 -2 -1 3 6 2 3 34 54 10 -42 -47 -58 -101 -84 -15 7 2 6 4 0 0 0 0 0 -1 -3 -3 -1 0 1 3 3 0 3 5 5 13 11 1 -37 -31 61 -23 -293 -405 -256 -20 88 58 172 451 410 122 43 -14 -66 -3 -29 -63 -25 -1 1 21 27 -12 -23 -6 6 5 -42 -114 -102 -24 6 29 119 151 62 -1 -11 -9 -6 -6 -4 -11 -15 -15 -18 -21 -14 1 -104 -436 -626 -330 183 553 559 287 35 -82 24 98 -7 30 31 -47 -32 -73 -110 -83 6 6 -89 -8 232 461 568 440 -11 -523 -585 -256 -35 -5 3 35 23 -31 -21 10 11 -8 -85 -124 -40 19 8 15 75 106 49 7 -1 -6 -18 -21 12 24 7 -4 -3 6 1 -7 -5 52 109 13 -81 -126 -181 70 463 504 281 70 -7 71 64 -82 -71 92 195 117 -3 -11 39 81 91 89 63 30 33 69 119 167 94 -66 -84 -56 -99 -94 -33 51 131 151 148 140 91 14 -40 -20 17 11 -21 -68 -48 48 72 24 3 4 3 0 -3 -4 -3 -1 0 0 0 0 0 0 2 5 5 4 4 4 4 4 2 -2 -3 -1 0 0 0 1 3 4 4 4 4 4 4 4 3 1 1 3 3 1 1 3 2 -1 -1 1 4 7 7 4 1 2 6 8 6 1 -4 -9 -7 0 -3 -10 -13 -11 -7 -4 -1 -1 0 5 11 15 13 5 -1 0 -4 -10 -27 -101 -141 -13 137 115 29 8 5 -2 -2 1 -1 -8 -7 2 16 20 12 18 15 3 22 143 375 459 339 245 154 20 -2 102 176 165 137 129 149 148 27 -164 -274 -250 -187 -139 -84 
-143 -107 -52 -58 -70 -26 19 23 9 24 47 112 262 364 323 237 211 226 209 159 153 199 208 161 131 132 132 130 134 129 91 50 55 72 55 45 63 68 61 66 64 45 33 27 16 5 -7 -20 6 99 109 -36 -55 156 185 -85 -198 -86 -26 -26 -24 -26 -22 -10 -1 6 28 168 383 356 -3 -404 -488 -287 -257 -401 -202 300 595 533 271 48 -9 11 22 16 4 -1 0 -4 -7 -2 4 4 3 4 2 0 0 0 0 0 0 0 0 0 0 0 0 0 0 0 0 0 0 0 0 -1 -3 -3 -1 0 -1 -3 -4 -3 -2 -3 4 8 -7 -12 -68 -82 34 52 2 0 -1 2 -2 2 14 2 -12 -5 5 5 -3 -10 -10 -13 50 313 493 281 31 -5 -61 -79 53 67 3 3 -1 -6 -4 -3 -3 1 5 3 -1 -1 1 1 -4 -8 -3 7 20 12 -30 -55 -45 -56 -76 -42 -2 2 3 5 2 0 1 2 1 -1 -3 -4 -3 -1 0 1 3 3 0 -5 -3 10 10 1 4 -42 -57 39 72 30 49 236 526 617 522 478 256 -119 -143 12 -1 -65 -32 16 -14 -17 -3 -13 -69 -111 -36 18 7 3 13 42 47 8 -13 -4 25 69 43 -19 -15 8 7 2 0 -2 2 -5 -58 -85 -28 42 70 47 -30 -270 -603 -579 -129 349 623 626 426 198 -14 -140 -71 -38 -97 -63 -44 -65 -38 128 297 345 466 585 479 76 -444 -688 -489 -156 -19 -11 -11 -20 -29 -16 3 2 -4 -4 2 -17 -68 -65 -11 10 43 99 68 -2 -12 -2 0 -17 -31 -5 6 -4 1 7 8 5 6 14 83 86 -40 -40 -125 -430 -494 -207 161 446 532 472 374 69 -206 -108 108 175 83 10 7 4 7 10 11 15 19 18 28 64 123 41 -150 -142 -43 -55 -111 -136 -95 -34 35 123 161 142 113 55 -6 7 56 47 -14 -48 -32 -5 10 10 1 -4 2 9 2 -7 -4 0 0 0 0 0 0 1 3 4 4 4 4 3 1 -1 -3 -3 -1 0 1 3 4 6 10 12 11 9 7 5 3 1 0 0 1 2 1 0 1 2 2 3 4 5 7 6 1 -5 -8 -6 -4 0 6 2 -12 -21 -14 2 4 -13 -20 -11 -8 -6 4 12 15 14 7 -2 -7 -7 -4 -1 -5 -11 -30 -89 -109 8 120 73 -11 -23 -8 -2 -6 -8 0 4 2 2 4 8 -1 -16 -14 48 232 358 254 147 205 305 239 6 -120 -66 1 7 -15 -30 -37 -66 -131 -153 -115 -102 -43 92 
-537 -473 -234 -30 24 39 56 61 56 41 32 50 104 153 129 77 50 38 35 30 28 40 51 40 23 14 18 34 42 40 36 38 45 49 49 42 33 21 18 31 23 -4 -12 -3 1 4 -4 -28 -28 43 140 107 -5 -15 -10 -140 -247 -165 -56 -33 -39 -38 -25 -16 -11 -5 0 51 249 442 302 -99 -373 -413 -420 -266 135 337 354 510 579 383 142 30 10 11 12 9 10 2 -9 -4 4 4 0 -1 2 4 3 1 0 0 0 0 0 0 0 0 0 0 0 0 0 0 0 0 0 0 0 0 0 1 2 1 -1 -2 -1 -4 0 8 -4 -10 -66 -93 16 45 0 3 -7 -9 5 1 -2 1 -2 1 7 4 -3 -5 1 6 -50 -85 47 134 50 -5 -62 -74 59 82 2 -5 11 6 -4 -3 0 1 3 3 1 0 -1 0 4 4 -1 -4 -6 -22 -48 -57 -51 -64 -68 -32 -8 -4 -1 -3 -2 0 0 0 0 0 0 0 0 0 0 0 0 0 0 -4 -5 -5 -6 7 14 -23 -48 9 28 -53 68 326 205 65 364 321 -272 -446 -153 31 59 -36 -65 55 67 15 8 11 -58 -182 -151 -20 19 -2 67 193 166 34 -21 -11 -19 -64 -75 -30 -1 1 0 -4 2 14 13 -9 -46 -50 1 58 91 81 34 -6 -133 -419 -653 -596 -263 155 481 582 567 568 471 400 426 414 446 555 637 654 612 522 320 -76 -496 -702 -593 -282 -60 -13 -11 3 1 -13 -87 -106 11 46 3 -7 27 74 47 -5 -12 -6 8 18 3 -6 1 3 0 -6 -47 -75 -37 -1 6 3 -3 4 7 47 112 20 -102 -29 43 -89 -365 -582 -583 -349 4 307 206 -204 -246 11 198 201 66 7 0 -6 10 16 -2 -14 -13 -19 -21 -3 11 -71 -151 -83 -18 -19 -20 -31 -66 -114 -125 -51 45 59 57 85 80 56 35 39 90 85 15 -3 8 4 2 1 -2 -3 3 8 4 0 0 0 0 0 0 -1 -2 -1 0 0 -1 -3 -4 -3 -1 0 0 1 3 4 3 4 8 9 8 7 5 3 1 -1 -2 -1 0 0 0 0 0 1 3 3 1 -1 -3 -4 -3 -2 -2 -2 -4 -8 -9 -6 -3 -6 -10 -1 10 5 -5 -3 5 9 10 9 7 5 5 7 8 5 2 7 9 0 -8 -34 -111 -146 -7 128 79 14 15 15 16 27 29 18 4 -11 -19 -22 -23 -17 27 189 331 215 19 -21 42 168 257 114 -149 -237 -142 -66 -61 -86 -151 -173 -76 37 58 53 69 61 
-384 -229 -37 100 133 94 63 58 53 25 4 16 24 23 32 25 15 23 27 20 15 18 11 5 9 6 9 26 39 39 32 36 39 27 25 23 19 19 0 -20 -16 -2 -18 -37 -10 -1 -17 -11 -24 -13 104 121 -140 -351 -244 -140 -227 -216 -86 -38 -44 -36 -23 -18 -19 -14 2 13 97 336 469 360 259 188 157 322 471 316 52 74 413 684 647 409 147 17 10 11 8 19 20 4 -7 -1 6 3 0 0 0 0 0 0 0 0 0 0 0 0 0 0 0 0 0 0 0 0 0 0 0 0 0 1 2 0 -3 -4 -3 1 -1 -1 3 -5 -59 -93 2 65 12 -9 5 0 3 -2 -21 -6 15 5 -11 -12 -2 3 -5 -14 -68 -131 -29 99 60 3 -56 -93 14 84 30 -7 -4 2 1 -2 -1 0 1 2 1 0 -1 -3 -5 -6 -6 -8 -13 -27 -46 -59 -66 -73 -61 -22 -5 -7 -1 1 0 0 0 0 0 0 0 0 0 0 0 0 0 0 0 -1 -6 -11 1 11 5 -2 -56 -44 57 48 142 164 -277 -547 -262 -82 -170 -112 -48 -11 69 -3 -100 -27 59 22 -11 1 -28 -115 -136 -54 1 15 112 192 87 -8 0 4 -21 -93 -114 -37 2 -10 -7 49 109 67 -1 -7 10 6 -2 -7 -17 3 23 7 -3 -29 -163 -418 -647 -670 -503 -272 -18 202 314 384 446 456 449 406 262 -5 -299 -506 -667 -728 -566 -276 -67 31 80 59 11 2 10 2 -83 -164 -86 11 16 19 87 137 67 -4 -11 -11 -45 -70 -20 14 4 2 0 2 -8 -24 -11 3 -3 -9 -10 -6 -1 76 76 -94 -114 -32 4 45 43 -41 -258 -522 -606 -502 -491 -440 -160 114 256 178 30 2 5 4 11 16 11 -1 -21 -36 -27 -20 -66 -164 -164 -69 -44 -24 5 -17 -43 -58 -73 -58 -39 -89 -110 -28 74 98 17 -48 -5 25 -29 -45 -11 0 2 10 10 1 -1 3 2 0 0 0 0 0 0 0 0 0 0 0 0 1 3 3 1 0 0 0 0 0 0 -1 -3 -4 -3 -1 2 6 9 7 0 -3 -1 0 0 1 3 1 -5 -7 -5 -3 -1 2 7 11 11 7 1 -4 -6 -5 -3 0 1 -1 0 4 12 22 18 4 -6 -17 -22 -10 9 21 20 10 1 -2 -2 -3 0 -1 -35 -108 -106 50 138 50 -7 9 8 1 -1 -4 -1 -8 -18 -8 1 39 205 414 398 148 -62 -105 -55 24 152 251 134 -119 -244 -215 -180 -173 -166 -132 -17 108 160 184 131 -4 
94 338 466 408 258 90 12 14 8 8 28 27 8 -2 1 7 12 5 7 25 21 -1 -13 -12 -4 18 33 18 1 -1 -14 -29 -22 -7 -17 -74 -109 -81 -87 -146 -155 -128 -142 -157 -140 -153 -198 -220 -178 -65 78 161 31 -163 -108 20 -98 -234 -144 -45 -25 -28 -46 -30 -7 -28 -90 -145 -141 27 305 407 355 332 347 341 249 175 158 118 165 388 640 729 569 253 38 -5 -6 -3 10 17 13 2 -5 -5 -4 -4 -3 -1 0 0 1 2 1 0 0 0 0 0 0 0 0 0 0 0 0 0 0 0 1 2 1 -1 -3 -4 -3 0 -8 -12 3 7 -16 -52 10 108 61 -9 -5 1 -11 -4 11 -3 -12 -4 5 12 12 7 0 1 -29 -103 -44 87 60 6 -35 -108 -42 72 47 -4 -7 -2 3 3 1 0 0 0 0 0 0 -2 -7 -7 -3 -7 -17 -31 -42 -47 -55 -63 -51 -17 -1 -2 2 2 0 0 0 0 0 0 0 0 0 0 0 0 0 0 0 -1 -7 -9 5 10 2 11 -48 -85 14 39 -54 -50 57 -77 -289 -93 236 419 522 378 124 32 -57 -74 47 58 8 0 38 69 14 -32 -21 8 44 16 -53 -35 4 9 3 -58 -96 -42 3 7 40 161 206 70 -11 5 5 -3 -18 -33 -39 -35 -9 3 2 12 7 -13 -94 -289 -508 -659 -727 -697 -614 -549 -529 -542 -573 -625 -685 -735 -733 -624 -419 -191 -40 -4 -8 57 190 201 67 -8 -5 6 16 -28 -81 -56 -17 29 110 102 13 -14 -3 5 -18 -93 -93 -15 5 0 10 6 3 1 -1 1 -3 -2 4 -1 45 107 -5 -119 86 369 450 449 452 441 437 430 320 59 -161 -144 -6 165 239 102 0 -1 -1 1 -1 7 16 2 -16 -17 -25 -47 -105 -175 -124 -33 -25 -22 -8 1 -2 -13 -10 -74 -167 -138 -88 -99 -89 -32 61 81 -20 -78 -48 -28 -15 4 7 1 2 8 2 -8 -5 0 0 0 0 0 0 0 0 0 0 0 1 3 4 4 4 4 4 3 1 0 0 -2 -5 -5 -4 -3 -1 1 3 3 1 0 0 1 3 3 2 1 -2 -3 -2 -3 -3 1 6 9 9 6 3 2 3 5 7 10 10 5 5 9 10 11 8 -3 -10 -3 7 5 -6 -10 1 15 14 -1 -10 -8 -7 -7 -8 -36 -112 -121 24 110 45 13 14 -10 -7 7 9 18 29 25 38 188 429 471 302 153 43 -69 -105 -55 17 130 239 160 -96 -267 -274 -250 -187 -29 121 168 137 87 51 33 
124 304 502 450 203 44 11 10 19 39 33 -40 -88 -64 -58 -71 -77 -102 -144 -130 -96 -159 -206 -165 -153 -174 -164 -138 -136 -156 -181 -204 -188 -116 -92 -168 -223 -188 -165 -191 -177 -178 -211 -210 -221 -246 -290 -332 -247 -85 21 133 169 39 35 211 138 -173 -240 -104 -69 -88 -107 -155 -151 -144 -242 -320 -334 -326 -197 -128 -314 -437 -246 5 63 73 162 193 99 45 134 320 521 590 464 254 93 11 -11 4 12 -1 -1 11 7 0 0 0 1 3 4 3 1 0 0 0 0 0 0 0 0 0 0 0 0 0 0 0 1 2 1 0 -1 -2 -1 -3 -3 -2 -2 12 16 -43 -20 98 77 9 0 11 37 30 4 -9 -16 -19 -17 -17 -19 -19 -16 -12 -30 -112 -101 47 63 -12 -39 -82 -36 78 57 6 8 -3 -6 -1 -1 -1 0 0 0 0 0 0 1 5 6 -1 -13 -34 -52 -47 -42 -55 -50 -20 -1 3 0 -5 -3 0 0 0 0 0 0 0 0 0 0 0 0 0 0 -5 -7 1 1 3 8 4 -23 -67 -8 78 -108 -169 147 196 -26 59 420 518 260 15 -7 52 -14 -90 -10 79 38 64 208 203 58 -1 -2 -19 -66 -76 -12 9 -4 -5 -4 -6 -18 -16 2 11 60 125 74 -5 -6 -4 -14 0 1 -34 -50 -34 -28 28 135 125 32 -2 0 3 -1 -39 -124 -236 -354 -448 -492 -500 -474 -412 -320 -205 -91 -14 9 2 -9 -7 4 -29 -34 43 60 18 -1 36 122 109 8 -24 -7 -1 11 22 10 0 -1 -1 0 -48 -91 -43 1 -1 14 28 12 -2 -4 -2 1 3 6 2 77 84 -78 -97 160 497 532 359 332 444 549 518 460 322 90 -1 96 252 208 37 -17 -14 -9 1 -6 -3 5 -10 -8 6 -29 -49 -82 -145 -77 8 6 -2 -5 -2 1 0 -21 -89 -130 -68 -18 -50 -101 -115 -53 51 92 65 29 -9 -22 -12 -5 -5 -12 -14 -5 4 3 0 0 0 0 0 0 0 0 1 3 4 4 4 4 4 4 4 4 4 3 2 3 3 1 0 0 0 -2 -6 -8 -6 -1 2 1 1 2 1 -1 1 8 10 5 0 -3 -4 -4 -4 -3 -1 1 4 8 12 14 10 4 9 23 19 -9 -25 -13 -1 0 7 15 11 2 0 9 20 18 6 2 3 -5 -15 -15 -12 -42 -116 -83 98 155 53 -5 -4 11 13 -3 4 10 16 168 424 475 273 103 96 113 40 -69 -102 -55 21 129 223 172 -19 -162 -160 -46 102 154 88 4 -60 -95 -90 
-6 -29 88 142 57 16 34 41 34 24 -3 -86 -211 -302 -344 -348 -307 -278 -312 -293 -208 -228 -278 -248 -256 -320 -323 -255 -211 -220 -227 -232 -224 -160 -121 -140 -148 -114 -48 10 29 -9 -44 -38 -26 -7 14 15 1 -10 -23 48 176 125 -7 11 16 -153 -263 -209 -273 -397 -397 -437 -454 -296 -141 -92 -65 -99 -231 -352 -486 -523 -233 47 52 32 65 62 30 -15 -70 -159 -146 177 554 679 603 386 136 0 -18 6 16 11 8 8 7 5 4 3 0 -2 -1 0 0 0 0 0 0 0 0 0 0 0 0 0 0 0 0 1 2 1 -1 -2 -1 -2 5 8 -6 -3 6 -67 -79 44 54 6 2 87 369 610 639 602 558 489 409 329 260 196 138 91 38 -71 -101 30 68 8 -6 -67 -61 61 56 1 5 -1 -4 -2 -2 -1 0 1 2 1 0 0 2 6 7 4 -3 -26 -56 -61 -54 -46 -23 -4 1 1 -1 -2 -1 0 0 0 0 0 0 0 0 0 0 0 0 0 0 -4 -6 -1 -3 2 14 4 -4 -59 -54 75 -47 -249 61 561 479 -29 -317 -443 -565 -415 -93 44 14 -71 -51 120 174 175 172 52 -6 10 3 -10 -104 -181 -76 17 7 -5 57 155 114 11 -15 -7 -15 -76 -115 -52 0 3 6 0 -4 -22 -56 -53 -26 60 145 82 10 12 7 0 -1 -3 -1 4 9 9 3 3 7 4 6 13 17 26 20 2 -2 2 4 -56 -186 -190 -55 15 28 115 182 86 -5 0 12 -22 -91 -62 21 27 10 0 3 18 -3 -20 1 3 9 40 32 8 1 -2 1 -3 -7 52 128 43 -77 -58 -146 -202 -68 -176 -342 -128 -5 -271 -410 -321 -211 -63 139 250 124 2 -9 -17 -19 -12 -1 2 -5 -12 -9 -20 -40 -31 -103 -169 -64 8 -1 15 20 5 -6 -13 -28 -38 -28 -15 -8 -11 -33 -78 -134 -130 -45 52 117 133 94 33 -2 0 10 4 -5 -3 0 0 0 0 0 0 0 0 0 0 0 1 3 4 4 4 4 4 4 4 4 4 4 3 1 0 0 0 -1 -3 -4 -4 -4 -3 -1 -1 -3 -4 -5 -2 7 11 8 4 0 -3 -3 -2 -2 -1 1 3 3 0 -3 -6 -9 -1 17 18 -5 -20 -7 12 11 -6 -16 -3 23 36 25 7 0 4 12 11 2 0 2 -1 -10 -45 -118 -82 97 132 14 -27 -17 -7 15 0 31 234 476 501 298 100 16 4 53 100 42 -78 -122 -70 3 105 230 248 111 2 67 138 40 -109 -143 -114 -86 -39 
49 -105 -103 2 35 27 26 20 15 5 13 30 -91 -280 -329 -294 -261 -231 -204 -172 -122 -65 -76 -116 -95 -58 -45 -42 -31 3 46 69 68 46 6 -2 9 12 88 159 102 74 128 162 194 179 156 200 153 2 -96 -70 82 123 -90 -212 -50 15 -165 -232 -198 -309 -405 -342 -272 -154 97 251 286 284 117 -78 -112 -10 118 103 15 -5 1 -1 0 -50 -222 -406 -395 -163 180 500 688 740 665 470 242 80 1 -16 2 13 11 8 4 0 -3 -3 -1 0 0 0 0 0 0 0 0 0 0 0 0 0 0 -1 -2 0 2 0 -2 -2 -2 -1 0 2 -2 -11 -7 -61 -76 37 53 0 0 -4 21 115 223 303 370 428 482 533 573 603 625 640 639 504 243 95 62 32 15 -67 -99 17 41 -13 -15 -1 6 0 -3 -2 -1 1 2 1 0 0 -1 -1 2 6 7 -9 -37 -57 -62 -29 18 24 7 -4 -3 4 3 0 0 0 0 0 0 0 0 0 0 0 0 0 0 2 -4 -13 -4 4 9 17 12 -48 -87 15 48 -201 -350 -191 -235 -516 -591 -431 -220 -67 -27 0 53 4 -77 17 209 243 94 -47 -44 -2 4 6 -60 -156 -123 -22 9 30 151 202 64 -11 4 -5 -55 -145 -136 -35 7 0 5 39 69 54 30 8 -4 -6 -48 -66 -22 2 3 7 8 2 -3 -8 -15 11 88 118 50 0 -3 -7 5 61 87 36 -2 -8 -11 21 12 -65 -63 -19 0 83 110 7 -30 -7 -5 -15 -101 -158 -65 8 5 18 62 83 36 -3 -5 -2 -3 8 24 16 5 1 3 2 8 105 92 -94 -76 49 -131 -467 -317 96 183 43 -245 -373 -246 -137 -57 66 245 243 61 -15 -17 -22 -15 -9 10 11 -3 0 -14 -59 -40 -23 -153 -188 -80 -46 -27 4 7 5 1 -3 1 4 1 2 0 -2 -11 -32 -57 -101 -146 -135 -31 90 149 168 133 53 4 3 7 -1 -3 0 0 0 0 0 0 0 0 -1 -3 -4 -4 -3 -1 1 3 4 4 5 7 7 5 2 -2 -4 -3 -1 1 4 7 5 -1 -4 -4 -4 -4 -5 -7 -6 -2 1 3 3 1 1 4 7 7 5 3 0 -6 -15 -21 -16 -10 -13 -8 7 14 14 16 18 14 4 -3 1 9 9 -1 -8 -2 8 11 4 -3 0 1 -7 -14 -20 -60 -142 -91 108 158 47 -14 1 15 57 263 538 564 324 114 52 27 -4 1 48 92 54 -58 -123 -88 -14 85 225 292 189 38 -24 -36 -57 -48 28 146 243 
180 -71 -147 -29 25 23 29 19 12 23 58 131 197 221 247 252 216 216 252 203 106 115 160 173 199 201 146 67 55 123 170 210 254 179 41 35 88 20 -44 11 18 6 115 214 159 4 -103 -87 -90 -210 -259 -164 8 140 55 -58 37 89 -99 -186 11 114 84 207 316 239 181 208 199 132 31 -30 39 165 149 29 0 11 -12 -39 -79 -89 -75 -34 121 232 171 104 167 375 596 698 665 503 275 90 8 -8 -1 13 12 13 21 14 4 0 3 10 9 5 3 1 0 1 2 1 1 5 9 5 3 6 4 4 5 0 -8 -11 -9 -4 -1 -8 -8 -50 -82 37 113 34 -13 -103 -377 -618 -658 -618 -569 -506 -436 -361 -280 -182 -80 16 118 117 -108 -255 -117 -8 -15 -70 -94 6 42 0 -3 0 -5 -6 -2 -1 -3 -4 -3 -1 1 0 -5 -6 -5 0 12 4 -23 -39 -41 -33 -13 2 1 -2 -2 0 1 0 0 0 0 0 0 0 -1 -2 -1 0 0 0 1 6 5 -8 -12 -7 -3 4 7 -6 -72 -51 80 -70 -478 -694 -489 47 517 657 468 131 -33 1 60 53 -62 -127 -62 -64 -48 37 25 -7 -6 5 44 47 -7 -21 -1 36 91 45 -39 -23 4 -2 -22 -78 -89 -30 11 12 58 192 215 117 107 101 39 -50 -132 -86 -9 -9 -18 -10 12 31 22 5 -4 37 164 193 60 -6 2 -9 -4 11 21 25 21 11 36 132 161 58 -10 -13 -26 -24 4 21 18 9 1 -1 -38 -103 -90 -29 -10 25 79 55 3 -5 -13 -12 -18 -44 -28 0 3 0 3 9 71 105 -58 -174 -83 15 46 -142 -407 -150 314 120 -217 6 150 2 -20 151 294 171 20 -10 -32 -36 -20 -7 4 16 9 -5 -19 -48 -24 -53 -172 -131 -31 -17 0 4 -10 -7 5 7 0 0 3 1 1 8 14 4 -17 -43 -68 -115 -196 -204 -92 44 136 151 92 28 5 4 6 7 3 1 1 -3 -1 6 3 -3 -4 -6 -10 -10 -6 -4 -4 -3 -1 0 0 -1 -3 -3 0 3 3 0 -2 0 3 5 6 4 0 -2 -1 0 0 -3 -8 -9 -8 -6 0 6 7 5 2 2 5 -1 -9 -6 -1 2 8 3 -17 -18 2 10 5 -2 -5 5 17 9 -14 -26 -21 -11 1 12 15 13 10 4 -3 -6 -9 -8 -7 -62 -150 -71 150 186 62 9 60 278 527 507 282 101 34 16 3 2 -7 -12 44 116 93 -27 -107 -81 -12 88 232 288 114 -112 -132 -6 115 204 242 229 
185 -39 -161 -68 20 23 22 36 46 55 52 88 247 406 448 435 410 410 434 387 291 274 334 343 226 91 30 -39 -101 -94 -87 -62 18 29 -36 -8 73 6 -139 -117 -7 -18 -9 57 -35 -140 -129 -145 -165 -170 -133 -52 13 128 140 -36 -63 122 114 -101 -65 207 369 384 335 214 68 13 4 -83 -171 -123 27 141 115 32 3 -8 -30 -166 -393 -365 -3 345 431 308 130 12 -13 -6 -64 -99 90 400 541 418 253 177 79 2 -6 2 15 21 17 9 1 -4 -6 -2 4 4 2 6 13 14 7 -2 -5 1 6 1 -5 -5 -2 23 44 24 7 2 1 5 1 -33 -168 -96 260 318 135 54 -23 -137 -230 -306 -377 -432 -483 -531 -567 -597 -623 -640 -639 -626 -644 -543 -239 -25 9 -41 -83 3 74 32 -2 3 6 -1 -3 0 -2 -4 -3 -1 1 1 -3 -5 -5 -2 4 -13 -39 -38 -37 -67 -80 -43 -8 4 4 -1 -1 0 0 0 0 0 0 0 -1 -2 -1 0 0 0 1 2 0 -9 -19 -14 -4 -2 4 8 -65 -93 45 93 -24 -19 281 427 107 17 374 419 96 -75 -42 31 10 -110 -188 -239 -243 -91 18 5 2 92 216 159 22 -19 -12 -17 -57 -66 -21 -5 -12 -4 -1 -19 -31 -17 -3 4 76 155 85 -7 -6 22 36 -22 -85 -56 -9 9 10 54 130 99 17 2 12 -2 -20 -16 -4 -1 -3 3 -5 -60 -79 -25 5 6 92 180 95 -4 -4 8 -1 -100 -143 -21 26 -1 3 28 66 36 -17 -17 -7 11 43 38 6 0 7 -1 -19 -48 -46 -12 -3 1 8 40 123 49 -120 -35 184 263 178 62 -182 -467 -352 -39 140 112 -105 -178 12 243 253 78 -11 -24 -36 -28 -10 9 9 -1 -3 -4 -17 -2 17 -110 -198 -68 16 4 4 4 8 2 -7 -1 2 -6 -9 -9 -8 -9 -12 -7 -3 -10 -16 -33 -83 -127 -144 -144 -82 42 140 153 101 41 5 -2 6 5 -1 4 7 0 -3 -3 -4 -3 -1 -1 -4 -6 -5 -3 -1 -1 -3 -5 -7 -5 2 7 6 1 -3 -4 -3 2 7 6 4 4 5 7 8 4 -4 -8 -8 -6 -1 2 0 -3 -7 -11 -9 -6 -3 7 19 22 18 5 -22 -29 -7 3 -8 -17 -15 -8 0 0 -8 -10 -6 -4 2 17 31 36 29 14 6 10 8 -8 -22 -26 -84 -173 -72 150 167 53 135 386 438 230 65 21 0 -7 3 17 20 10 14 54 105 90 -8 -81 -64 -20 43 162 215 86 -88 -104 18 115 111 60 
105 11 -73 -39 25 33 22 24 34 44 37 52 128 187 187 188 191 175 179 197 200 215 220 149 29 -35 -16 -27 -88 -123 -160 -198 -149 -23 68 86 86 93 78 40 19 22 17 -11 3 129 261 258 208 231 242 149 38 68 147 52 -34 86 115 -103 -164 89 246 166 61 5 -28 -39 -54 -136 -190 -86 75 146 93 15 -21 -35 -58 -120 -225 -334 -271 -1 175 118 25 -12 -60 -91 -115 -245 -258 3 193 254 442 652 565 248 49 6 -2 17 31 31 30 18 7 3 -1 -3 -1 -4 -6 -1 -1 -7 -5 5 2 -7 -2 3 16 155 277 149 4 -15 -5 7 10 5 -148 -323 -116 256 420 442 447 466 458 423 394 364 325 282 226 144 51 -36 -123 -210 -257 -206 -91 -17 -3 -41 -80 -5 74 35 -1 4 1 0 0 -1 0 0 0 0 -1 0 2 0 -1 1 -7 -41 -68 -58 -57 -94 -102 -46 -3 3 3 1 0 0 0 0 0 0 0 0 0 -1 -2 -1 0 0 0 -2 -7 -11 -12 -8 3 14 18 14 -14 -71 -31 81 60 98 226 -27 -510 -665 -267 253 265 221 373 289 98 -54 -106 -45 -87 -111 -24 17 29 124 167 41 -22 0 -3 -37 -124 -132 -32 9 -2 6 64 120 68 12 3 -12 -6 -44 -99 -87 -75 -23 45 17 -20 -10 -2 4 24 131 203 84 -11 -7 -2 -33 -123 -135 -41 4 -1 1 31 55 13 -23 -19 -11 57 77 -23 -34 8 0 -1 -92 -205 -129 -14 5 10 68 107 46 1 1 0 -26 -30 32 40 2 3 7 -2 -9 -12 -5 5 4 20 106 82 -101 -80 250 533 566 493 310 90 -153 -460 -269 225 152 -101 -49 159 318 205 39 -16 -39 -31 -12 7 19 10 -6 6 0 -53 -19 -1 -162 -184 -31 11 2 10 9 12 8 -8 -9 4 1 2 11 9 6 0 -6 -4 -2 -4 -6 -4 -8 -33 -81 -130 -130 -50 65 144 151 91 25 -1 -2 5 13 8 -5 -6 -3 -5 -2 5 5 -2 -5 -2 0 0 0 0 0 0 0 0 0 0 1 2 1 1 3 3 1 1 3 4 5 7 6 2 1 3 3 -1 -6 -9 -4 6 4 0 9 15 12 11 14 13 1 -11 -9 2 6 -4 -10 -5 -7 -12 -7 3 8 4 -1 0 5 11 15 14 9 5 2 1 4 9 2 -21 -90 -175 -67 168 241 156 20 -82 -81 -25 4 1 -1 -1 6 25 36 27 18 44 100 85 -42 -132 -107 -44 37 155 197 83 -56 -137 -160 -114 -58 
84 39 -21 -18 19 34 24 20 26 26 37 47 53 69 63 45 56 72 67 59 57 61 57 48 79 102 75 90 160 211 226 191 129 140 232 267 232 261 309 236 130 147 159 105 181 322 352 311 269 269 246 139 41 45 154 145 -96 -253 -160 -114 -205 -160 -34 -11 -16 -12 -23 -30 -60 -159 -188 -45 111 137 54 3 -33 -205 -341 -106 265 305 145 76 63 23 -17 -95 -290 -421 -209 129 181 -24 -136 52 257 316 372 432 513 487 256 41 -23 -16 -2 12 18 17 17 18 15 6 -4 -5 2 7 6 1 0 4 11 15 44 241 393 204 10 0 4 -3 -1 5 -34 -228 -410 -322 -146 -70 -27 30 89 139 179 222 280 339 384 416 440 447 441 441 438 417 374 311 267 296 258 55 -65 -27 3 -4 -6 1 1 -2 0 2 1 0 -1 -1 1 0 -4 3 7 -29 -68 -59 -43 -71 -82 -31 3 0 -3 -4 -2 0 0 0 0 0 0 0 0 -1 -2 -1 0 0 0 2 5 3 -3 -4 5 16 18 18 24 -54 -104 6 44 -17 -28 3 17 -145 -383 -151 436 649 387 110 63 44 -44 -25 50 11 -27 -7 6 18 -26 -74 -36 6 9 -10 -99 -148 -53 12 3 49 181 219 81 -10 -1 7 -55 -141 -107 -36 -31 -33 -24 7 43 33 1 -17 21 84 43 -24 -9 3 -2 -15 -77 -96 -27 10 8 46 147 172 55 -15 -5 -3 -32 -25 34 28 -7 -11 -8 -11 -63 -92 -33 0 22 93 90 15 -10 -1 3 -27 -92 -85 -9 13 -6 -4 9 18 9 -4 -1 1 52 96 -25 -115 152 425 149 -173 87 326 121 -35 -205 -462 -414 -218 -99 55 264 272 64 -41 -29 -21 -15 -6 5 9 4 6 -1 -42 -59 -17 -91 -216 -115 16 30 39 32 6 -14 -5 9 -6 -14 0 9 10 6 3 4 5 9 12 9 1 -10 -16 -14 -18 -41 -88 -137 -126 -31 84 166 192 130 40 1 -11 -8 10 12 4 1 -1 -2 -2 -2 -1 0 -1 -2 -1 0 1 3 3 0 -2 -1 1 2 1 -1 -3 -3 -1 0 0 0 1 3 4 5 7 8 6 2 -2 -7 -8 0 6 5 7 9 6 -2 -7 3 14 13 3 -9 -14 -11 -6 -4 -5 -7 -6 0 5 5 5 0 -18 -32 -24 -1 16 13 2 0 5 6 0 -3 -20 -112 -206 -62 286 365 -48 -472 -508 -337 -172 -59 -10 -4 -13 -8 15 28 21 9 3 -40 -175 -300 -271 -157 -85 -57 -29 31 58 -35 -172 -225 -200 
155 87 -87 -138 -43 13 22 42 53 30 25 40 40 54 74 67 60 65 49 37 50 51 47 78 167 243 248 295 374 379 384 392 292 169 184 229 192 188 213 198 207 225 162 87 77 71 55 21 -43 -54 -36 -80 -123 -89 2 32 -94 -203 -117 -45 -177 -249 -124 -32 -29 -27 -25 -34 -85 -179 -168 -14 131 142 43 -37 -121 -279 -407 -348 -60 279 388 241 60 -46 -161 -324 -422 -379 -187 47 -17 -197 62 414 225 -246 -250 269 674 732 622 477 352 210 65 -11 -19 -4 10 14 11 13 11 0 -6 -4 -5 -5 0 -1 -7 -10 46 174 234 150 47 18 10 -3 -6 -9 -5 -12 -116 -294 -404 -423 -431 -458 -460 -426 -393 -361 -322 -282 -238 -185 -126 -65 2 70 125 172 220 268 322 354 126 -231 -224 -43 1 0 0 -6 -6 -2 0 3 3 1 0 -2 -3 -1 -3 16 43 18 -24 -29 -22 -38 -43 -11 5 -3 -5 -4 -2 0 0 0 0 0 0 0 0 0 0 0 0 0 1 3 3 -1 -7 -10 -6 2 6 1 4 -20 -96 -58 59 -66 -208 32 242 214 169 117 91 -152 -434 -303 -31 65 0 -77 -37 32 18 -10 -18 -53 -49 5 9 -8 -6 -2 -13 -36 -31 -7 4 73 167 105 1 -13 -12 -2 -52 -139 -104 -24 -26 -75 -17 157 182 65 13 7 -12 -54 -77 -40 -3 6 3 -7 -21 -26 -11 1 0 77 158 70 -11 6 5 -1 -95 -153 -2 68 10 -3 38 107 91 11 -19 -16 -6 21 33 9 -3 4 6 8 -51 -116 -65 0 2 -4 -2 1 0 1 4 45 112 30 -105 44 328 139 -387 -529 -204 257 451 384 301 43 -289 -286 -70 184 339 163 -29 -39 -27 -28 -21 2 22 21 9 1 -23 -39 19 27 -154 -232 -62 48 25 -13 -27 -19 -12 -11 4 18 3 -9 -4 12 21 6 -3 2 4 5 7 5 -1 0 2 -9 -19 -22 -43 -90 -134 -123 -15 128 179 133 74 28 -3 -6 4 10 13 11 5 2 4 5 2 -1 -3 -3 -1 1 3 2 -2 -4 -3 -1 0 0 -1 -3 -3 -1 0 0 0 0 0 2 6 8 8 7 6 5 2 -7 -13 -7 -6 -8 2 21 29 13 -1 2 4 -5 -15 -15 -9 -5 -3 -1 0 -1 -4 -4 3 12 13 0 -13 -7 14 31 32 26 18 -3 -23 -11 3 -15 -39 -118 -228 -111 244 374 60 -363 -576 -539 -373 -193 -51 2 -12 -16 -2 -3 -26 -126 -326 -490 -551 -541 -442 -293 -209 -186 -87 91 202 142 -61 -240 
184 172 -96 -260 -123 0 27 27 20 27 31 42 50 39 37 49 54 45 32 28 45 64 54 27 59 157 201 184 168 123 59 28 22 23 26 -22 -99 -126 -126 -109 -98 -120 -127 -164 -237 -261 -224 -157 -156 -190 -217 -308 -361 -341 -277 -85 54 4 52 193 71 -167 -167 -62 -37 -39 -37 -49 -116 -182 -122 26 137 118 30 -59 -164 -95 85 35 -41 61 95 44 -17 -160 -268 -221 -34 171 138 -71 -171 -67 96 100 -30 -67 128 305 249 252 478 698 770 737 629 436 204 36 -22 -22 -14 -3 8 9 3 0 -1 -3 -6 -7 -9 -11 52 130 150 137 54 -15 -9 -2 -1 6 3 5 5 -5 5 9 -11 -44 -79 -117 -164 -209 -256 -308 -355 -392 -421 -436 -437 -439 -437 -415 -374 -328 -292 -329 -452 -398 -131 8 4 -6 -13 -5 1 1 2 2 2 1 0 -2 -2 3 6 38 74 48 12 -4 -23 -30 -15 3 2 -4 -1 2 1 0 0 0 0 0 0 0 0 0 -1 -2 -1 0 1 0 -5 -9 -11 -12 -10 -3 5 9 7 11 -48 -101 -5 -4 -257 -204 352 686 482 -63 -556 -622 -335 -66 -7 19 50 -22 -96 -28 57 34 -13 -98 -130 -17 43 17 -2 70 189 141 15 -7 9 6 -21 -56 -36 6 7 -9 -24 -48 -42 -3 10 -2 103 243 155 14 0 9 -27 -123 -136 -39 -1 -2 4 54 121 73 4 1 -1 31 63 18 -9 4 2 0 -52 -181 -186 -41 28 20 96 190 121 15 -2 7 -23 -93 -82 -4 19 8 1 1 -1 -18 -28 -21 -5 14 14 -4 -7 3 40 118 91 -60 -49 276 310 -186 -297 86 173 36 214 477 484 256 13 -36 97 304 277 64 -17 -16 -32 -31 -7 20 29 16 4 4 7 27 55 -30 -191 -159 5 50 -9 -45 -27 5 20 5 -8 11 22 18 25 45 77 74 39 18 4 -5 1 9 2 -8 -5 1 -4 -12 -12 -24 -67 -120 -168 -178 -79 73 145 129 76 20 -8 -9 -4 0 3 5 7 6 2 0 -1 -3 -3 -1 0 -1 -2 -2 -2 -1 1 2 1 0 0 0 0 0 0 -1 -2 0 3 4 4 5 7 9 11 9 7 8 4 2 11 31 50 41 11 -8 -13 -9 4 15 14 6 2 3 4 1 -5 -6 -1 2 5 15 24 22 13 9 16 19 9 5 9 4 2 2 -7 -19 -115 -341 -333 139 522 411 19 -378 -587 -559 -376 -169 -55 -25 -15 -34 -133 -332 -493 -434 -328 -413 -534 -499 -335 -137 23 142 192 132 14 -80 
101 229 71 -190 -152 -6 28 6 6 41 46 32 34 30 -4 -83 -148 -109 -39 -93 -178 -140 -110 -197 -220 -125 -140 -272 -316 -265 -261 -278 -175 -26 -3 -99 -160 -175 -253 -321 -340 -364 -330 -281 -272 -253 -274 -232 -97 -123 -251 -272 -249 -274 -249 -21 180 96 33 138 81 -135 -187 -99 -52 -40 -34 -55 -138 -174 -73 60 129 69 -72 -135 -83 15 219 432 388 176 21 -58 -167 -272 -173 43 169 142 -64 -102 250 411 -17 -460 -307 205 423 228 23 2 110 244 361 511 666 739 693 549 371 211 85 12 -10 -2 17 22 12 2 3 9 11 11 37 84 124 129 57 -3 2 5 -4 4 12 0 -2 8 3 -11 -10 1 6 9 14 9 0 -1 2 5 0 -21 -54 -87 -121 -166 -216 -260 -303 -326 -253 -106 -12 8 5 -1 -5 -2 1 1 2 1 0 0 0 0 1 1 4 40 61 17 -11 -13 -29 -28 -8 0 -1 1 2 2 1 0 0 0 0 0 0 0 0 0 -1 -2 -1 0 0 -1 -2 -1 -2 -6 -7 -2 5 13 13 5 -13 -81 -59 64 -111 -360 -146 7 -317 -534 -353 -91 14 19 8 5 40 42 -41 -77 16 67 23 -72 -166 -109 -9 2 30 179 269 129 4 0 2 -74 -177 -126 -23 -2 1 4 34 57 18 -8 -1 13 48 28 -53 -51 -6 0 -3 -70 -129 -61 0 -4 25 143 195 69 -16 -3 6 -42 -56 25 22 -22 -8 1 22 -11 -106 -95 -28 13 84 88 0 -29 -9 -3 -17 -100 -141 -44 17 5 6 14 25 18 0 -2 1 -1 9 16 8 11 61 62 -72 -126 -29 31 48 132 317 417 45 -496 -580 -412 -280 -196 -139 -20 199 313 146 -4 -20 -39 -39 -5 27 28 11 6 10 -6 -9 26 15 -98 -156 -48 30 -5 -21 17 47 39 26 19 3 -5 8 22 20 10 22 40 48 73 85 52 9 -6 5 9 1 3 5 -3 -7 -5 -12 -25 -67 -144 -161 -98 -18 69 133 121 63 23 3 -8 -7 0 5 4 1 0 0 -1 -2 -1 1 2 1 1 3 4 4 4 4 4 4 3 1 0 0 -1 -2 -2 -3 -4 -4 -3 0 4 8 11 11 4 -4 -5 -12 -23 -17 -2 3 -1 -5 -2 7 14 15 12 8 4 0 -2 0 2 0 -8 -14 -4 9 4 -13 -21 -10 19 45 40 24 7 -8 -1 -5 -18 -22 -156 -445 -448 28 486 586 382 -3 -397 -616 -571 -364 -179 -114 -195 -392 -507 -301 120 369 250 -99 -399 -445 -267 -65 17 -41 -116 -55 66 
52 180 173 -44 -114 -22 3 2 15 19 20 18 21 12 -96 -306 -438 -369 -245 -273 -322 -215 -175 -287 -259 -123 -160 -294 -342 -298 -242 -178 -49 45 34 -19 -20 11 -37 -65 -8 -5 -34 -5 29 48 40 16 18 -5 20 161 243 211 191 202 200 100 -112 -199 -109 -65 -69 -46 -37 -27 -16 -52 -146 -170 -65 0 -58 -188 -321 -344 -192 -13 98 193 181 59 -90 -297 -428 -299 -72 28 -35 -218 -258 16 303 243 -49 -121 144 326 191 30 12 24 15 -8 -24 12 121 307 538 713 765 724 599 379 151 21 -14 -13 -3 10 12 6 9 15 32 37 64 110 62 3 -4 3 8 -5 -4 -4 -4 6 0 1 7 0 -5 -5 0 1 -8 -18 -22 -18 -9 0 5 8 12 11 9 13 10 3 5 2 -6 -6 1 7 4 0 0 0 0 0 0 0 0 1 1 -4 -4 20 19 -32 -53 -37 -30 -21 -7 -5 -2 5 4 1 0 0 0 0 0 0 0 1 2 1 0 -1 -2 0 2 2 3 4 1 -7 -14 -16 -15 -14 -7 0 2 -35 -62 20 35 -238 -588 -650 -437 -149 36 35 -48 -56 5 16 38 78 29 -54 -51 36 81 58 8 -38 -36 -16 53 128 44 -59 -29 -5 -11 -48 -150 -143 -28 11 3 61 172 167 47 -12 -12 -16 -70 -145 -115 -30 2 7 3 -4 -14 -25 -9 1 56 158 117 5 -15 -8 -4 -74 -193 -132 9 28 4 40 134 145 41 -19 -15 -16 -14 -12 -16 -3 6 -6 0 -12 -63 -57 -12 0 27 76 59 2 -8 2 2 -7 -16 -6 17 78 87 -53 -141 -72 -57 -320 -468 -2 545 374 -220 -428 -339 -306 -299 -209 -66 118 308 228 19 -38 -31 -37 -22 14 27 8 -8 -5 -8 -18 -14 -3 -45 -113 -54 38 -24 -86 -6 57 36 13 -3 -3 9 3 -5 -9 -1 9 -18 -14 42 75 77 71 68 61 38 18 13 6 4 11 8 -5 -8 -2 1 -6 -48 -107 -124 -80 7 100 143 114 57 16 -1 -4 -6 -7 -3 0 0 0 0 0 1 3 4 5 7 7 5 4 5 7 7 5 4 3 2 3 3 -1 -6 -9 -10 -9 -7 -3 3 7 5 -1 3 14 2 -29 -41 -30 -14 2 9 -2 -20 -26 -16 0 9 4 -5 -4 4 6 0 -4 -4 -8 -15 -17 -11 -1 9 22 60 78 29 -3 -3 -11 -6 4 -2 -25 -197 -511 -501 -94 294 538 585 364 -33 -427 -614 -565 -474 -493 -523 -309 143 499 632 643 504 185 -183 -394 -401 -343 -283 -180 -17 129 
17 117 194 41 -124 -84 -20 -3 1 -5 9 15 7 -8 -97 -221 -269 -270 -250 -197 -115 -19 0 -43 -22 24 23 29 50 56 72 90 75 52 62 91 79 81 186 298 330 326 316 306 301 317 369 337 218 218 325 398 416 409 377 263 111 13 9 86 118 82 39 -4 -30 -35 -26 -61 -150 -145 -48 -88 -281 -382 -373 -358 -185 135 236 76 -21 -54 -190 -341 -307 -74 80 22 -62 44 268 171 -252 -409 -53 377 411 177 26 3 5 11 12 3 2 -1 -16 -19 36 172 349 518 651 708 675 550 357 176 57 1 -15 -17 -11 -5 13 13 48 169 183 84 24 0 -8 -11 -12 -12 -18 -24 -20 -9 -8 -13 -10 -8 -12 -6 7 13 15 14 8 5 5 0 2 15 19 8 -4 -12 -14 -2 7 -2 -14 -10 5 8 4 5 5 4 5 7 6 5 8 5 9 26 8 -32 -38 -23 -19 -22 -13 -3 -1 -1 -2 -1 0 0 0 0 0 0 0 0 0 0 0 -1 -2 0 3 4 3 0 -2 -3 -8 -15 -16 -9 6 22 21 6 -59 -64 61 11 -177 -106 73 67 28 37 31 -2 -32 -27 -6 24 37 8 -55 -46 76 142 83 8 -13 0 -1 -36 -82 -73 -21 -3 -6 -6 -52 -97 -49 7 7 83 176 102 6 -4 -2 -12 -102 -165 -58 12 -10 -4 65 156 114 16 -1 6 17 47 41 5 2 1 -8 -31 -137 -182 -62 21 14 88 192 125 13 4 13 -16 -106 -129 -22 27 10 7 15 33 14 -21 -19 -10 6 42 38 8 1 -5 -8 -2 -9 0 64 87 -22 -74 133 399 400 83 -357 -540 -358 -74 202 304 243 192 61 -38 57 289 341 108 -33 -26 -31 -31 -6 22 24 7 -12 -27 -30 -22 -20 -49 -107 -116 -35 34 1 -60 -51 -41 -47 -20 -6 -2 10 2 -7 -3 -3 0 -3 4 15 -17 -36 12 80 136 124 41 5 17 18 11 1 -4 2 2 -10 -14 -16 -27 -55 -99 -120 -76 16 95 131 115 60 10 -8 -4 3 3 -1 2 0 -8 -9 -7 -4 -4 -6 -4 1 4 2 -1 -3 -4 -4 -2 3 6 3 -1 -3 -6 -6 -1 2 2 3 3 1 8 18 12 3 -6 -20 -23 -16 -4 8 7 -6 -16 -13 -7 -5 -1 1 2 4 0 -3 3 4 -5 -9 -4 7 13 11 16 111 285 279 97 2 2 8 3 -8 -18 -49 -242 -541 -504 -137 166 389 586 613 355 -102 -486 -634 -560 -248 201 470 438 340 393 552 606 404 21 -330 -493 -420 -193 15 114 
18 83 219 120 -177 -199 -32 22 12 -7 -15 4 7 6 55 128 162 128 86 122 158 116 147 281 263 151 214 357 410 389 375 331 182 55 62 173 235 222 285 320 274 284 284 257 266 262 248 235 253 275 231 184 170 171 149 70 -41 -77 15 55 16 51 70 13 -23 -49 -62 -99 -155 -101 -1 50 8 -131 -230 -145 102 252 177 32 -115 -241 -214 -35 169 244 76 -151 -81 280 449 127 -255 -143 240 336 149 13 -3 0 -1 -3 -1 15 24 8 -8 -5 -4 -12 -18 8 121 327 551 693 731 700 578 374 202 105 36 12 37 35 23 198 503 642 611 510 417 368 289 216 229 275 273 232 191 162 128 91 67 45 18 -3 -11 -12 -11 -9 -8 -10 -14 -15 -14 -13 -8 -1 2 -6 -13 -7 -2 1 -1 -9 -9 -5 -4 -3 0 4 7 5 4 7 49 93 48 -2 -2 -6 -15 -12 0 4 -1 -5 -1 6 4 0 0 0 0 0 0 -1 -2 -1 0 0 0 0 0 0 0 -1 -2 -1 -2 -4 0 1 -5 4 17 12 -30 -75 -3 90 58 -40 -98 -46 21 33 39 12 -41 -43 -37 -8 79 81 -5 -67 -41 9 -13 -20 -1 2 -51 -159 -134 -18 8 0 5 51 91 26 -28 -22 -14 33 50 -9 -25 -2 0 -4 -62 -127 -68 7 -1 6 126 198 81 -3 -5 -11 -65 -134 -62 27 10 -3 7 34 48 -17 -61 -31 -4 59 86 0 -27 -3 -10 2 -65 -174 -116 -11 6 12 37 49 29 8 -7 -11 -28 -36 13 31 5 4 8 1 13 51 62 -32 -64 224 523 516 447 334 64 -266 -594 -584 -43 449 353 -38 -175 -38 215 378 221 16 -19 -25 -41 -27 -4 3 11 24 11 -30 -54 -48 -26 -61 -171 -210 -130 -28 11 -8 -35 -35 -12 -13 -16 -7 -9 -15 -9 10 11 7 26 23 4 -4 -10 20 69 112 115 49 -3 -4 10 20 25 30 16 -7 -9 -8 -14 -14 -15 -36 -77 -115 -112 -47 40 101 119 91 41 10 6 5 -1 -3 -2 1 6 5 -1 -7 -10 -7 -1 2 -1 -5 -5 -5 -6 -3 1 1 0 0 -1 -2 0 4 6 3 -2 -3 0 8 8 -9 -12 -4 -12 -16 -10 -10 -8 2 9 7 1 -1 -1 1 13 18 3 -11 -12 -7 3 12 7 2 6 9 45 185 398 590 622 372 88 6 5 -9 -21 -22 -14 -48 -265 -521 -430 -117 82 226 407 532 491 270 -3 -45 237 485 436 231 85 87 221 419 578 542 258 -111 -343 -353 -245 -160 
11 35 178 186 -84 -197 -64 2 -8 -12 -15 -12 -8 1 104 304 434 420 349 343 338 229 202 339 357 242 273 383 374 298 288 302 217 95 63 139 227 235 191 131 113 140 97 51 75 63 32 46 89 106 68 33 19 14 13 -27 -88 -36 6 -143 -168 21 81 11 -18 -45 -133 -214 -156 -11 84 243 390 284 212 348 343 146 6 -73 -218 -241 -56 121 226 102 -108 18 209 23 -279 -215 172 424 325 110 7 0 16 19 11 2 -6 -1 8 7 7 20 28 15 0 -13 -13 14 56 168 359 532 660 741 739 666 594 585 491 175 -93 -38 250 538 662 613 556 587 536 426 512 670 705 696 685 661 632 604 579 546 500 448 397 353 323 289 237 190 152 108 69 47 29 7 -8 -11 -6 1 3 0 -3 -4 -6 -8 -6 -2 0 -4 -8 -6 -5 5 63 88 19 -20 -20 -33 -22 10 19 4 -1 3 2 0 0 0 0 0 0 0 0 0 0 0 0 0 0 0 -1 -2 0 3 2 -4 -9 -7 0 4 -2 -7 -1 5 10 -37 -73 17 47 -74 -120 -58 -35 -28 -10 9 37 44 17 1 64 123 84 -5 -105 -109 14 65 20 0 -23 -140 -197 -71 16 8 55 183 200 67 -2 -5 -13 -58 -104 -56 0 3 0 6 19 -6 -54 -33 2 34 115 87 -22 -27 -2 3 -37 -185 -219 -64 17 10 29 119 160 58 -11 -7 2 -11 -21 9 16 -3 -4 -1 -10 -42 -60 -20 14 29 81 86 24 -1 -2 -3 -20 -60 -49 -2 11 1 5 25 58 60 -31 -97 107 384 171 -315 -424 -147 221 347 59 -385 -585 -389 -183 -169 -87 125 327 260 36 -37 -31 -30 -15 8 16 8 8 7 -20 -62 -80 -52 -17 -84 -189 -167 -58 -12 -39 -13 20 19 24 4 -11 -9 -10 -2 4 -2 -5 -6 -19 -41 -35 9 30 21 2 -45 -55 -17 -6 -9 -1 18 38 32 13 8 12 12 5 -3 -8 -14 -20 -37 -75 -109 -107 -43 64 133 119 60 8 -8 4 10 8 4 2 7 7 4 3 1 -1 -2 -2 0 3 2 1 2 -1 -5 -2 2 0 0 3 4 3 -1 -6 -4 2 1 -3 -2 2 2 -3 -3 1 -3 -9 -5 5 10 6 2 -1 0 16 19 0 -1 11 12 18 23 9 4 41 149 346 537 551 435 476 560 350 81 6 8 13 4 -14 -16 -66 -305 -545 -412 -113 -9 -8 109 383 582 563 520 514 398 206 60 -2 6 41 111 277 506 612 458 112 -245 -459 -518 
-3 5 94 169 38 -105 -70 -13 0 16 17 -4 -32 -116 -186 -85 85 110 46 86 130 31 -82 -81 -15 -11 -42 -12 7 -15 -1 34 11 -41 -29 2 -6 -12 -3 1 2 20 39 25 1 -1 12 20 18 38 57 28 4 13 21 -27 -82 37 212 172 78 100 66 -22 -55 -111 -263 -351 -198 22 126 136 166 327 515 494 232 -16 -125 -121 -30 18 -5 -45 -178 -299 -65 383 410 -69 -328 7 371 314 93 -2 -4 3 2 -6 -4 4 5 2 -3 3 16 18 11 -6 -6 16 24 -11 -101 -165 -141 -45 79 186 339 540 663 667 439 -11 -197 -68 -71 -102 -21 -41 -76 83 251 264 285 340 368 406 445 476 515 554 576 591 611 628 631 619 600 586 574 552 528 504 475 441 395 340 289 244 189 118 51 13 10 19 19 13 11 13 13 11 8 4 -2 31 82 40 -28 -32 -41 -54 -24 19 26 6 1 6 -2 -10 -5 0 0 0 0 0 0 0 0 0 0 0 0 -1 -2 0 4 8 9 2 -8 -11 -7 5 15 1 -10 0 5 -14 -74 -60 43 67 16 -39 -40 15 47 65 69 18 -34 -74 -91 -6 69 33 -38 -79 -25 61 61 18 11 -1 -51 -50 -6 10 89 173 92 -2 0 13 9 -88 -196 -126 -13 10 5 55 134 105 11 -26 -8 0 -1 13 9 -3 -4 -3 -3 -80 -171 -108 -8 8 69 143 66 -20 -5 8 -3 -97 -173 -60 26 1 -2 17 42 36 5 -13 -17 3 54 71 20 -9 2 3 2 -32 -79 -54 -1 12 22 73 82 -6 -65 -32 129 127 -223 -423 -376 -58 450 634 473 183 -125 -361 -335 -105 99 308 316 56 -79 -51 -41 -26 11 35 46 44 4 -61 -102 -90 -45 -13 -76 -144 -63 32 40 -21 -65 -18 15 6 6 16 10 -5 -1 13 20 14 -2 -23 -41 -48 -37 -9 13 11 -12 -58 -74 -35 -11 -8 -11 -18 12 76 109 76 23 7 16 11 -1 1 -2 -19 -36 -61 -91 -101 -69 7 94 128 85 30 7 0 3 2 -12 -13 0 6 5 3 0 -2 -1 2 4 2 0 -1 -4 -6 -2 4 5 5 7 7 4 0 -4 -5 -3 -3 -3 0 4 6 4 3 5 4 1 2 8 13 12 3 -4 0 -2 -10 -3 14 19 9 -10 -20 24 146 339 538 616 505 276 80 110 403 535 291 60 9 3 1 2 -3 -15 -93 -352 -554 -390 -161 -95 -11 110 213 365 487 400 187 38 -1 9 9 4 10 46 160 358 547 575 346 -54 -372 
-8 -1 41 122 49 -146 -147 -32 5 0 -9 -17 -120 -313 -399 -392 -393 -384 -335 -280 -315 -402 -476 -447 -334 -355 -416 -355 -327 -365 -357 -334 -373 -394 -293 -235 -316 -360 -284 -211 -249 -295 -232 -172 -212 -214 -135 -113 -161 -152 -52 25 37 32 20 -26 -71 -65 -70 -74 19 94 44 -6 -47 -159 -257 -259 -190 -98 -42 -113 -184 -30 144 112 3 -134 -286 -215 50 142 48 -61 -100 28 98 -79 -230 -80 255 394 233 54 12 8 -3 1 6 11 21 26 25 20 5 -9 -11 -26 -38 -26 -28 -21 -23 -121 -179 -157 -268 -358 -284 -315 -375 -243 -158 -220 -288 -326 -212 16 35 -118 -116 -48 -129 -196 -41 115 34 -78 -70 -35 -16 -3 10 23 33 49 79 119 157 185 204 230 274 318 339 347 373 410 424 395 332 262 189 120 72 41 19 11 17 21 21 27 42 66 89 103 115 150 144 45 -25 -31 -29 -26 -16 23 46 20 -3 -6 -2 3 2 0 0 0 0 0 0 0 0 0 0 0 0 -1 -3 -1 5 9 9 4 -4 -10 -12 -11 -6 0 9 14 6 10 -20 -89 -49 43 29 -15 -25 -31 -11 22 7 -39 -22 14 -47 -87 88 265 162 -21 -106 -72 28 61 113 182 111 3 -17 -6 10 23 13 1 -4 -7 0 -33 -104 -98 -28 8 16 104 169 60 -12 2 -7 -48 -144 -138 -15 21 0 -8 25 75 28 -32 -27 -18 41 66 -16 -29 5 -4 -10 -70 -192 -180 -44 15 10 64 104 32 -17 -14 -17 -27 -45 -5 36 13 -2 -1 -2 -8 -19 -15 -5 24 60 36 -38 -70 -35 -7 3 -4 -28 -11 66 124 -52 -104 263 390 198 61 -26 9 226 345 139 -67 -84 -63 -43 -15 15 40 52 32 -30 -85 -67 -3 36 -1 -130 -138 -5 45 5 -65 -51 -1 3 3 -13 -11 7 10 3 0 7 12 4 -8 -1 8 -17 -30 18 49 51 51 5 -15 8 0 -21 -38 -51 -21 78 173 159 67 4 -6 0 1 2 4 -1 -12 -32 -72 -118 -121 -54 50 127 135 81 13 -13 -2 7 6 4 4 4 2 -2 -3 0 2 1 0 0 -1 -3 -3 -1 2 6 7 5 4 4 4 3 2 3 4 5 8 12 15 15 7 -5 -8 -5 -4 -4 -4 -3 1 11 7 -22 -27 2 13 12 27 53 138 324 518 600 538 354 151 44 27 31 142 430 511 237 23 -4 8 1 -12 -16 -14 -101 -384 -563 -344 -29 51 -23 -26 105 204 149 44 7 24 34 17 3 5 2 7 73 232 460 612 517 303 
-19 0 18 108 100 -143 -227 -75 -2 -10 -6 -14 -121 -279 -329 -318 -316 -305 -325 -355 -325 -305 -319 -219 -161 -293 -310 -226 -319 -462 -450 -337 -304 -353 -337 -325 -399 -452 -437 -395 -318 -285 -383 -464 -473 -459 -392 -350 -376 -368 -236 -54 12 0 -3 -45 -55 -4 -92 -179 -16 110 46 1 -18 -87 -108 -55 -49 -80 -86 -80 -83 -87 -71 -51 -32 -37 -114 -223 -279 -262 -221 -63 303 527 207 -334 -346 141 392 220 32 -13 -9 7 17 11 0 -25 -90 -139 -106 -75 -140 -221 -198 -170 -256 -320 -289 -182 -74 -98 -75 62 5 -219 -230 -85 -125 -246 -262 -217 -155 -95 -65 -70 -50 -9 52 177 244 149 108 191 146 31 3 -10 -19 -14 -26 -41 -41 -46 -57 -61 -64 -66 -64 -66 -70 -64 -56 -66 -120 -203 -247 -247 -243 -223 -173 -107 -47 -9 7 4 4 33 77 117 159 201 230 249 263 223 108 11 -29 -41 -19 -4 -20 -9 17 10 -3 -2 3 5 2 0 0 0 0 0 0 0 0 0 0 0 -1 -2 -2 -2 0 4 7 7 3 -5 -14 -19 -20 -10 1 0 6 15 10 -42 -91 -34 43 38 -34 -72 17 74 28 46 102 88 48 -7 65 386 470 176 -24 -70 -45 48 146 141 30 -19 -8 -11 -75 -112 -22 21 -5 -9 -3 32 39 -4 -14 -7 7 74 84 -2 -28 4 10 -16 -137 -216 -97 4 14 43 130 165 60 -13 -6 2 -41 -45 40 45 -1 -4 5 6 -28 -71 -53 -11 14 63 69 10 -8 6 9 -16 -89 -108 -27 17 4 2 1 -2 3 6 9 28 18 -42 -60 -11 39 46 -94 -81 175 140 -58 -280 -571 -493 -45 196 40 -111 -51 154 322 176 -85 -137 -65 -22 -22 -12 16 38 34 8 -6 4 31 45 19 -69 -152 -142 -114 -84 -76 -88 -36 0 -3 -7 -22 -19 3 10 -1 -13 -18 -16 -13 -4 23 80 181 196 81 -2 -38 -47 -32 -17 -2 -2 -1 1 -33 -93 -116 -47 103 207 161 52 6 3 -3 -2 1 -1 -2 -11 -46 -97 -129 -102 -10 89 146 143 85 23 -2 -3 -1 1 2 0 -3 -3 0 0 -2 1 3 0 -1 2 2 0 2 4 3 2 3 4 5 3 -3 -4 -1 1 3 4 5 3 -3 -4 0 2 0 -3 -4 -1 9 15 9 10 9 -5 29 167 368 538 605 533 355 164 48 24 33 31 25 42 212 495 492 203 30 9 -2 -5 -1 -12 -25 -145 -417 -462 -204 -60 -41 40 115 97 38 22 30 17 2 3 5 11 17 13 19 41 120 311 533 659 
32 2 6 103 164 5 -138 -75 -17 -17 3 26 94 163 117 92 167 181 63 -7 121 208 162 118 51 23 77 93 74 86 103 126 124 43 -68 -131 -132 -102 -97 -130 -119 -91 -148 -215 -214 -178 -160 -179 -188 -194 -167 -69 -6 -15 -59 -118 -72 71 79 13 42 32 -41 -62 -28 12 8 19 78 92 76 112 145 82 1 -18 -16 79 232 142 -153 -320 -232 -11 75 -44 -185 -109 178 306 157 6 -32 -58 -97 -129 -172 -192 -172 -178 -280 -370 -270 -169 -193 -201 -211 -226 -272 -359 -366 -241 -67 3 -28 -4 99 106 33 83 164 167 220 298 337 370 278 65 16 101 87 121 276 297 173 127 126 72 16 -20 -28 -17 -13 -15 -16 -17 -16 -13 -13 -16 -21 -22 -30 -57 -61 -49 -130 -306 -423 -400 -312 -237 -168 -96 -34 24 83 135 178 213 229 218 196 178 157 131 108 54 -16 -22 -5 -10 -10 -12 -24 -32 -19 -2 5 9 4 -4 -3 0 0 0 0 0 0 0 0 0 0 0 -1 -3 -4 -5 -6 -4 2 9 10 3 -8 -9 -4 -10 -19 -16 1 1 -5 -2 -48 -71 8 39 -25 -52 -35 -12 42 109 88 17 12 -10 -168 -168 252 467 207 1 -47 -62 -107 -162 -102 -12 1 4 -47 -187 -185 -39 16 2 58 169 157 37 -13 -8 -15 -38 -34 4 11 -2 1 12 -19 -85 -84 -25 5 67 147 85 -12 -9 7 2 -78 -166 -87 5 5 6 36 96 95 23 -12 -8 -5 18 46 33 14 16 6 0 -36 -106 -85 -14 6 6 11 8 5 26 56 33 -34 -27 59 127 139 93 -135 -325 37 487 367 -2 -30 187 60 -203 -192 -87 100 316 245 -10 -107 -90 -76 -38 -10 -1 19 26 2 -14 11 40 23 -5 -44 -93 -3 64 -49 -147 -171 -106 -31 -10 -1 -12 -14 -4 -1 -2 -2 -6 -16 -23 -18 -6 2 31 183 266 68 -57 2 -3 -33 -21 -13 -8 -1 4 11 -9 -92 -184 -177 -42 151 243 161 46 7 5 2 -4 -7 -1 1 -20 -64 -107 -122 -94 2 132 181 125 42 -4 -6 0 0 0 0 0 1 -1 -3 4 8 2 1 7 6 1 1 1 0 0 0 1 3 -2 -12 -13 -9 -9 -12 -14 -12 -4 6 9 9 13 17 15 7 -1 -5 -4 7 34 88 191 339 490 580 534 353 157 58 39 34 28 35 38 20 7 34 239 526 473 160 2 6 10 2 -6 -22 -34 -155 -418 -470 -182 62 98 66 32 13 10 3 -13 -11 12 17 7 4 0 -3 -1 11 76 217 348 
-63 -22 9 64 138 53 -110 -103 -20 8 5 7 138 408 604 636 547 460 462 454 395 326 227 53 6 191 278 244 341 448 412 294 199 195 216 244 285 314 354 341 208 117 227 357 365 344 313 236 174 173 135 19 -82 -158 -232 -205 -96 -108 -159 -102 -144 -328 -441 -456 -413 -293 -183 -121 -43 1 -25 -63 -146 -282 -358 -365 -353 -272 -114 -64 -125 15 337 305 -231 -597 -391 -17 57 -90 -125 -151 -281 -266 -202 -326 -471 -498 -378 -166 -80 -139 -184 -164 -101 -50 -63 -8 130 194 176 84 22 88 48 -125 -50 208 264 226 295 323 277 243 273 353 288 147 155 151 44 21 69 73 28 -10 -9 -19 -38 -28 -17 -24 -21 -6 -5 -12 -19 -29 -34 -35 -37 -38 -43 -58 -66 -39 -6 -24 -66 -66 -27 18 71 134 192 232 252 256 246 221 168 95 34 0 -16 -38 -69 -70 -43 -32 -33 -33 -32 -21 -10 -5 10 18 4 -7 -5 -1 0 0 0 0 0 0 0 0 0 0 0 0 0 -1 -3 -5 -7 -7 -3 4 9 7 0 -4 -2 -4 -1 6 -5 -9 5 11 0 -46 -57 4 27 -17 -75 -65 -18 -30 -33 -9 -27 -41 -144 -428 -379 188 474 237 17 -59 -148 -163 -49 16 3 1 -19 -112 -160 -68 7 20 99 165 76 -11 -10 -4 -16 -104 -141 -32 21 1 -1 45 109 70 -3 -10 -3 16 49 38 12 10 4 -6 -28 -123 -172 -69 12 12 50 101 60 3 -1 4 -8 -53 -36 37 27 -11 -11 2 2 -17 -23 -17 -7 3 5 10 31 41 14 -18 -14 10 26 40 21 -9 -59 -310 -435 -10 479 636 634 319 -246 -381 -129 88 279 246 -31 -163 -111 -89 -128 -125 -60 -17 0 3 -20 -45 -52 -48 -48 -56 -93 -53 140 195 17 -146 -159 -56 5 1 3 9 8 -5 -10 -1 -2 -2 2 2 13 22 7 -43 -150 -200 -105 5 58 35 -11 -6 6 5 -1 -6 -4 -4 -1 -22 -115 -206 -164 11 183 225 139 36 0 6 4 -8 -10 -3 -5 -33 -79 -117 -129 -78 28 123 158 109 30 -1 0 0 0 0 1 0 -1 6 10 5 5 10 8 2 1 0 -3 -4 -3 0 3 2 -1 0 3 1 -6 -10 -8 -2 3 1 -1 5 13 13 3 -11 -12 30 130 267 422 562 609 510 313 140 59 39 31 34 43 38 31 35 34 24 15 56 284 511 383 112 6 -2 -3 -4 -5 -6 -29 -208 -453 -367 -60 49 3 -12 0 -6 -13 -8 -6 -5 -2 3 11 13 2 1 11 7 17 53 
-346 -130 -7 22 108 64 -164 -204 -43 33 13 -7 37 169 316 358 282 233 285 307 188 5 -127 -207 -188 -48 70 148 150 11 -68 -13 0 -32 41 217 272 170 175 317 406 434 462 468 475 432 311 245 231 154 -50 -308 -459 -457 -347 -206 -133 -184 -170 -22 3 -91 -215 -339 -307 -164 -94 -104 -107 -50 45 22 -191 -435 -538 -480 -402 -449 -536 -418 -123 49 30 -79 -187 -40 236 147 -187 -314 -244 -280 -408 -340 -160 -121 -117 -84 -53 23 74 74 29 33 74 54 97 196 282 361 381 259 86 107 185 114 118 237 243 191 178 123 62 47 42 37 22 41 90 70 5 -27 -29 -20 -13 -22 -37 -36 -24 -29 -44 -51 -85 -147 -213 -268 -234 -122 -50 -40 -50 -59 -61 -55 -59 -52 21 101 83 14 -10 12 79 183 242 215 158 100 37 -10 -31 -37 -46 -52 -38 -26 -33 -33 -24 -27 -30 -30 -33 -30 -17 12 35 25 5 -4 -1 4 2 0 0 0 0 0 0 0 0 0 0 0 0 0 0 -1 -4 -5 0 7 10 8 6 1 -2 9 20 18 3 -3 6 5 4 -19 -76 -51 47 66 29 4 -51 -128 -111 -42 44 302 425 69 -299 -103 279 261 105 45 -5 -25 -10 14 22 13 62 117 47 -26 -16 5 46 38 -40 -32 11 5 1 -73 -164 -99 -5 1 17 105 141 46 -9 -1 -5 -58 -104 -33 23 1 -9 -1 24 19 -37 -43 -13 -6 51 83 11 -21 -11 -13 -8 -80 -149 -77 -5 -4 1 21 27 11 3 -2 -5 8 15 10 5 -18 -45 -31 14 48 8 -92 -117 -53 20 -32 -334 -569 -425 -154 -134 -406 -484 -202 65 253 250 5 -147 -139 -132 -112 -73 -89 -93 -34 0 -17 -45 -75 -98 -90 -60 -93 -161 -62 44 -42 -120 -118 -62 5 14 -2 -9 2 8 -7 -11 0 5 8 10 14 17 8 23 31 -127 -250 -89 30 -34 -59 -19 11 12 6 7 1 -7 0 5 0 8 -28 -161 -247 -146 57 197 192 95 24 10 7 -5 -10 -4 -5 -16 -33 -82 -146 -140 -36 100 182 163 76 9 -4 0 -2 -5 -7 -11 -9 2 7 9 10 6 1 -5 -5 -2 -3 -4 -4 -4 -1 4 7 14 20 12 0 0 6 3 -4 -3 -2 -8 -13 13 82 179 337 511 583 551 462 318 143 29 15 48 65 47 35 43 53 39 14 17 -4 -61 -77 20 257 404 259 62 6 1 -3 3 -1 -13 -44 -240 -498 -410 -106 16 5 -6 -6 -5 -4 -7 -19 -16 -9 -3 9 16 22 17 2 1 9 
-243 -119 -20 18 133 214 -31 -279 -171 -17 -1 -3 4 3 -7 -18 -16 -6 6 18 -23 -112 -94 29 23 -149 -242 -186 -233 -388 -414 -276 -138 -128 -118 -101 -191 -291 -242 -14 199 251 167 40 -32 -108 -233 -293 -280 -322 -428 -477 -426 -300 -142 -66 -68 -70 -27 69 154 222 191 103 171 241 137 26 -9 69 275 378 277 78 -19 113 222 94 -63 102 392 177 -387 -471 51 489 455 199 18 -38 -103 -94 63 101 94 244 392 434 331 160 125 203 234 209 213 240 230 143 89 104 86 51 18 23 115 200 160 59 7 -2 -13 -29 -28 -31 -43 -40 -36 -25 -3 0 -5 -3 -8 -31 -44 -36 -39 -33 -10 -17 -45 -86 -218 -410 -516 -523 -449 -267 -96 -40 -45 -52 -44 -38 -47 -58 -23 62 89 38 -2 -22 -24 16 48 27 -17 -40 -46 -61 -54 -15 0 -19 -39 -41 -26 -22 -31 -22 -3 2 -10 -26 -25 -3 19 21 12 7 6 4 1 0 0 0 0 0 0 0 0 0 0 0 0 0 0 -1 -4 -6 -3 3 7 8 8 6 4 7 5 2 7 5 0 7 18 17 -23 -67 -28 30 -20 -116 -111 31 115 32 -30 111 388 498 433 140 -233 -191 13 68 56 9 -25 -15 11 48 129 147 51 -4 -3 -19 -38 -23 18 15 -5 -1 11 15 -28 -57 -19 1 38 127 104 1 -18 -7 -8 -46 -164 -176 -46 18 10 30 89 93 33 2 -5 -12 7 52 59 27 13 7 4 -19 -89 -104 -36 5 22 56 50 8 -5 12 27 42 52 18 -23 -2 52 56 22 19 25 -3 -11 32 42 22 -7 -184 -447 -543 -524 -427 -187 45 227 250 45 -99 -56 3 -22 -43 -33 -45 -45 -17 -23 -57 -62 -37 -12 -6 -34 -69 -15 64 -35 -178 -145 -63 -15 16 11 1 -4 -18 -26 -12 -3 -2 13 13 0 -8 -19 -30 -44 -49 -52 -24 11 -12 -16 3 -2 -7 -5 0 -2 0 6 -3 -9 -3 -6 -10 -6 -58 -183 -232 -111 97 236 197 73 15 11 2 -7 -3 0 -11 -30 -61 -104 -128 -86 41 174 208 139 44 -5 -7 0 9 15 0 -17 -15 -7 -5 -6 -6 -4 0 -1 -6 -5 2 5 4 5 2 -6 -9 -3 7 14 11 2 3 18 42 81 163 317 493 582 567 495 376 227 98 33 22 42 63 55 50 42 22 12 -5 -3 14 10 -78 -292 -419 -313 -68 236 391 256 62 -1 6 6 -8 -20 -22 -70 -304 -528 -378 -92 -1 -10 -9 4 9 1 -3 -2 -4 -11 -9 6 1 -15 -31 -93 -173 
301 132 7 4 118 303 202 -199 -326 -142 -20 2 -5 -6 1 -9 -21 -15 7 8 -8 88 324 492 445 253 28 -158 -165 12 74 -53 -82 16 16 -85 -65 11 -83 -193 -221 -302 -418 -479 -507 -532 -517 -458 -382 -306 -229 -137 -54 -35 -36 24 89 113 99 26 -96 -203 -180 -96 -134 -196 -130 -32 7 -9 -96 -176 -158 -91 -52 -80 -133 -132 -95 -81 -101 -153 -147 88 360 303 145 217 351 327 206 247 404 352 192 199 252 237 173 92 143 232 177 76 70 111 80 3 -25 -11 -18 -40 -51 -50 -22 13 5 -32 -45 -31 -27 -37 -38 -30 -27 -25 -17 -13 -24 -36 -32 -28 -27 -23 -22 -16 -15 -27 -31 -21 -15 -38 -138 -283 -316 -257 -264 -245 -127 -50 -43 -54 -60 -57 -52 -54 -48 14 75 56 14 -17 -67 -110 -107 -88 -96 -122 -146 -143 -95 -33 -3 -8 -22 -28 -23 -17 -20 -24 -20 -12 -10 -17 -22 -18 5 25 12 0 1 -1 -1 0 0 0 0 0 0 0 0 0 0 0 0 0 0 -1 -3 -6 -10 -9 -1 6 7 5 0 -11 -19 -15 -4 5 7 7 10 11 10 -25 -67 -38 -12 -58 -87 113 440 414 34 -356 -333 220 383 -161 -415 -194 73 310 282 84 -3 -23 -21 -13 -57 -104 -56 1 4 -3 -97 -177 -75 13 7 -2 42 119 93 7 -22 -10 5 28 35 11 0 6 6 -8 -74 -124 -62 9 18 76 149 85 3 3 3 -5 -80 -134 -31 31 4 -2 4 13 8 -1 -7 -10 9 51 66 34 16 28 39 19 -6 0 6 6 4 16 67 90 69 81 77 33 3 -22 -24 47 128 66 -33 -16 60 196 232 48 -92 -81 -46 -19 -9 -38 -58 -18 27 20 -13 -32 -27 -14 17 26 -27 21 189 126 -149 -241 -152 -56 -5 -6 -13 -5 11 10 -3 4 1 -17 -14 -4 -1 -2 7 33 14 -31 -13 19 20 19 38 87 116 88 50 25 6 2 7 8 2 -2 -6 -4 7 6 -14 -90 -203 -212 -70 131 240 166 47 25 31 5 -8 -3 -7 -16 -34 -80 -140 -156 -65 96 179 139 69 21 -4 -3 9 7 -2 2 2 -6 -7 -4 6 16 13 3 1 8 7 4 10 8 -5 -13 -8 4 15 22 40 110 236 364 464 553 599 561 465 312 148 62 43 35 34 57 72 63 30 -5 8 33 -7 -103 -122 -40 2 -66 -226 -334 -292 -145 135 470 527 259 44 3 2 10 9 -11 -15 -73 -343 -548 -335 -53 9 -3 -7 -1 6 -1 -11 2 5 -6 1 -3 -56 -184 -339 -424 
313 137 6 -6 49 213 331 51 -345 -318 -81 9 0 -8 4 14 8 6 17 18 56 220 374 343 279 360 413 298 299 488 529 368 294 337 222 83 151 173 -57 -362 -484 -414 -261 -106 -73 -149 -175 -108 -41 -15 1 14 25 -17 -58 70 204 160 111 179 212 121 130 225 117 -75 -94 -28 26 71 2 -136 -140 29 112 -54 -199 -112 23 -75 -236 -41 370 487 242 2 2 159 248 202 167 178 154 105 57 27 14 -1 -2 -8 -1 11 -21 -39 -30 -32 -42 -43 -41 -52 -44 -30 -42 -41 -36 -51 -49 -26 -24 -48 -57 -49 -49 -39 -23 -29 -29 -21 -29 -39 -48 -45 -26 -16 -19 -18 -11 -17 -34 -36 -17 28 84 75 15 -15 -74 -183 -195 -113 -64 -56 -61 -53 -33 -24 -18 15 60 48 6 -13 -56 -138 -199 -221 -227 -227 -222 -194 -131 -67 -37 -28 -18 -10 -9 -12 -13 -10 -10 -13 -10 -7 -12 -14 8 28 12 -2 -2 -4 -2 0 0 0 0 0 0 0 0 0 0 0 0 0 0 0 -1 -5 -10 -10 -3 5 7 5 0 -11 -20 -17 -5 4 4 1 -10 -13 17 25 -27 -60 -17 25 6 -112 -69 340 476 142 5 8 -287 -441 -191 77 352 442 195 45 60 43 2 -46 -119 -132 -42 15 12 13 -50 -157 -136 -28 15 20 106 160 59 -14 -10 0 -37 -122 -82 27 28 3 1 15 36 0 -34 -28 -19 38 88 43 -1 -4 1 9 -61 -174 -137 -22 4 4 30 40 21 8 1 -2 -16 -52 -44 2 34 35 5 -29 -41 19 87 50 -8 14 69 62 -7 -10 33 16 8 27 54 117 105 -27 -94 8 199 251 64 -72 -45 -25 -48 -48 9 53 69 96 112 93 38 -14 -40 -57 -60 -69 -38 48 34 -116 -233 -207 -119 -27 8 -19 -23 -18 -23 -10 12 7 4 13 16 28 29 26 31 26 46 90 83 41 49 59 76 206 341 344 280 228 190 125 42 6 4 9 28 41 30 7 3 6 -21 -116 -228 -198 -17 162 195 99 26 14 11 12 13 1 -14 -33 -76 -146 -197 -158 -17 140 196 133 45 -3 -16 -7 4 8 12 7 0 3 4 3 3 -1 -7 -9 -3 5 1 -11 0 40 82 136 231 337 425 506 555 555 527 457 320 168 90 67 43 32 40 56 57 30 -17 -65 -84 -118 -121 -42 -7 -85 -208 -241 -181 -72 128 297 267 160 153 284 503 511 235 24 -12 2 7 3 -4 -17 -118 -398 -533 -288 -46 2 -1 -3 3 1 -8 -8 5 15 3 -19 -84 -174 -182 -131 
17 -10 4 6 8 104 311 316 -76 -347 -209 -31 10 9 8 12 28 38 19 11 52 116 126 53 35 163 291 312 301 279 223 155 112 52 -107 -255 -271 -124 59 116 175 300 404 423 303 123 32 39 72 128 218 317 313 182 158 276 246 88 124 342 484 499 485 487 452 284 77 -2 54 227 395 440 448 495 521 488 464 491 533 490 410 437 413 199 -6 -63 -35 -4 -14 -38 -31 -21 -33 -34 -24 -29 -39 -36 -26 -34 -54 -58 -45 -32 -26 -24 -32 -42 -45 -51 -51 -30 -13 -23 -37 -42 -45 -44 -43 -50 -54 -52 -58 -59 -55 -77 -134 -194 -174 -81 -34 -35 -32 -30 -32 -36 -26 -14 -23 -28 -29 -12 95 180 95 -3 -31 -135 -220 -145 -52 -24 -18 -21 -34 -40 -36 -26 24 64 41 15 -17 -93 -165 -186 -165 -120 -80 -80 -94 -83 -54 -32 -29 -29 -26 -29 -24 -12 -16 -28 -22 -3 3 -4 8 27 15 0 2 3 1 0 0 0 0 0 0 0 0 0 0 0 0 0 0 0 0 -1 -4 -7 -5 2 6 5 2 -4 -10 -9 -1 5 4 0 -4 -4 0 6 0 -25 -31 -2 24 -138 -471 -361 267 690 490 -156 -439 -164 15 208 287 -72 -201 -21 77 125 106 32 -21 -33 -14 18 33 32 47 37 -9 -27 -22 17 103 113 25 -12 7 14 -24 -145 -186 -59 14 -6 22 119 140 47 -3 -3 -2 -35 -41 33 39 -4 -4 3 -1 -34 -65 -32 11 24 83 120 44 -13 2 14 5 -45 -79 -39 -9 -12 -19 3 59 86 100 99 43 -28 -86 -116 -78 -36 -28 1 19 85 172 71 -96 -99 27 213 269 71 -84 -70 -55 -51 -39 -32 21 104 130 109 75 12 -42 -62 -83 -85 -93 -105 -12 36 -115 -224 -179 -118 -56 -16 -6 10 8 -6 -19 -13 4 -5 -9 6 7 0 -6 6 17 -20 -44 -30 -36 -33 -15 16 146 304 359 360 360 361 355 313 215 88 13 2 14 69 162 208 163 102 77 56 -4 -137 -237 -149 61 183 145 65 21 -1 -1 4 1 7 4 -31 -99 -173 -166 -51 87 164 150 78 13 -4 6 -3 -17 -14 -4 3 -6 -18 -12 5 19 38 82 140 184 225 296 384 447 485 529 571 573 511 394 278 190 105 40 24 34 45 51 35 -23 -60 -50 -84 -122 -147 -182 -176 -208 -245 -148 3 -7 -147 -160 25 288 423 363 248 91 -70 69 398 390 139 15 -11 -13 -2 -11 -29 -34 -148 -446 -529 -238 -15 11 1 -16 -13 5 -6 -5 11 -36 -167 -258 -141 92 220 
24 14 7 4 -2 10 140 337 205 -207 -304 -103 8 15 1 -9 6 24 17 5 9 18 21 14 12 -1 -66 -151 -237 -356 -457 -499 -525 -530 -484 -411 -264 57 367 416 292 120 -80 -202 -134 72 268 390 467 525 572 541 342 213 314 280 48 42 227 225 127 121 132 125 80 3 -29 -7 71 171 190 169 172 172 179 202 214 211 208 218 222 176 69 -27 -35 -15 -35 -50 -37 -28 -30 -32 -25 -14 -17 -23 -19 -21 -36 -43 -38 -29 -23 -40 -47 -32 -33 -47 -49 -39 -41 -45 -47 -65 -66 -46 -49 -68 -72 -56 -44 -43 -32 -73 -225 -392 -492 -524 -434 -233 -78 -48 -64 -53 -33 -38 -43 -30 -18 -1 0 -23 33 146 131 34 -1 -57 -155 -148 -66 -30 -21 -28 -55 -66 -64 -65 -25 40 40 9 -1 -23 -51 -50 -27 2 25 19 -17 -45 -40 -31 -36 -35 -28 -28 -26 -19 -17 -17 -10 -1 -3 -13 -9 10 14 3 0 2 1 0 0 0 0 0 0 0 0 0 0 0 0 0 0 0 1 2 -1 -6 -7 -3 2 2 -1 -1 0 0 0 1 3 2 6 6 -12 -12 15 15 -25 -39 -3 32 -116 -458 -400 -66 -240 -388 -90 40 120 330 104 -295 -226 -55 111 408 421 195 65 11 -11 -17 -16 1 7 -4 -8 -3 -2 -9 -3 32 39 16 5 -7 -6 -30 -98 -94 -22 10 59 123 74 7 7 10 9 -67 -147 -70 10 7 -3 5 47 57 5 -27 -14 -4 32 73 48 16 21 26 27 25 6 -9 -17 -19 14 43 35 -8 -49 -28 -10 -29 -59 -84 -37 3 -36 -51 -5 37 -8 -111 -132 -5 177 215 40 -111 -88 -46 -61 -61 -39 -30 -21 0 8 0 -31 -82 -91 -68 -62 -75 -78 7 101 79 -28 -144 -175 -120 -50 -16 -8 0 4 8 15 8 -5 8 12 -7 -21 -30 -21 0 15 10 -25 -66 -71 -60 -68 50 259 301 224 195 216 234 250 300 348 308 174 42 -21 -8 102 252 318 305 277 236 199 178 106 -39 -114 -14 147 192 109 28 4 0 -4 0 3 1 -8 -56 -134 -188 -147 -4 121 133 78 44 48 67 81 82 93 127 157 181 230 297 350 390 438 491 534 565 578 568 542 486 388 293 228 165 112 80 53 25 12 21 27 41 61 50 -13 -104 -202 -261 -133 36 14 -4 0 -105 -120 57 234 254 201 182 158 84 23 20 -26 -147 -157 91 374 348 126 14 5 -6 -9 0 -15 -46 -202 -486 -485 -193 -31 -10 -3 1 2 -16 -53 -111 -224 -381 -405 -217 -11 77 
-202 -308 -373 -234 -57 0 43 201 285 16 -258 -184 -29 10 5 -1 -11 -14 7 24 17 -10 -82 -198 -311 -388 -440 -504 -577 -598 -544 -445 -346 -252 -152 -74 -38 -79 -169 -262 -335 -320 -230 -80 177 449 575 571 516 431 335 148 -24 110 251 17 -139 95 237 105 0 -21 -22 -23 -84 -133 -69 3 61 108 62 5 -16 -32 -32 -44 -64 -47 -28 -41 -51 -50 -39 -31 -36 -40 -49 -56 -46 -30 -34 -43 -33 -26 -30 -29 -31 -49 -52 -22 -3 -10 -26 -38 -44 -57 -56 -38 -36 -48 -54 -64 -81 -78 -63 -61 -59 -46 -44 -50 -46 -41 -36 -87 -261 -445 -479 -415 -369 -283 -134 -60 -69 -64 -47 -39 -38 -42 -40 -33 -33 -43 -21 75 134 67 -6 -35 -110 -162 -98 -35 -31 -35 -30 -26 -30 -35 -25 13 27 4 0 7 9 28 54 68 89 113 92 36 -7 -30 -34 -26 -19 -12 -13 -21 -17 -5 -3 -11 -18 -23 -21 1 18 7 -5 -4 -1 0 0 0 0 0 0 0 0 0 0 0 0 0 0 0 1 2 -1 -8 -13 -11 -6 -4 -2 4 9 7 0 -5 -2 4 4 0 3 13 16 9 2 -4 -8 10 38 -75 -403 -685 -593 -220 -20 94 308 175 48 326 317 138 305 368 136 37 86 88 47 -4 -29 -36 -56 -60 -21 14 25 -6 -100 -103 7 30 0 0 42 93 50 -11 -12 -2 25 45 18 -7 -13 -16 -12 -33 -125 -160 -62 9 15 62 106 48 -3 2 -3 -19 -73 -95 -21 25 4 -6 -1 -6 -7 5 18 20 10 -16 -44 -33 -45 -58 39 101 39 5 -4 -31 -1 91 139 -2 -167 -124 10 124 139 -23 -149 -78 -23 -45 -21 5 -6 -14 -27 -74 -94 -73 -72 -77 -81 -95 -64 -29 14 121 115 -25 -109 -159 -185 -92 -3 1 -11 -10 2 8 16 11 0 18 29 10 -2 0 4 -1 5 22 19 45 71 11 -13 129 250 201 152 168 175 181 200 228 296 391 388 241 68 -62 -144 -66 174 346 366 349 343 342 341 311 210 92 97 220 286 195 61 11 12 -3 -13 -6 -7 -5 -22 -84 -146 -140 -44 79 151 199 320 467 505 484 489 497 511 535 559 578 577 554 522 486 450 412 345 264 217 192 143 86 61 47 21 -5 -19 -57 -122 -96 16 71 61 75 137 140 14 -66 15 155 237 244 263 261 176 97 128 183 118 4 -90 -169 -158 -69 36 108 72 101 368 552 361 86 1 3 1 1 -7 -24 -51 -229 -502 -442 -136 -22 -45 -81 -146 -188 -199 -203 -187 -96 50 105 69 63 
-722 -711 -594 -335 -82 21 20 81 245 187 -136 -229 -67 19 23 16 0 -34 -108 -211 -322 -424 -475 -441 -344 -221 -70 24 -63 -167 -136 -79 -35 11 53 116 139 31 -77 -8 164 326 455 505 484 426 327 219 129 63 -19 -162 -109 156 121 -134 -53 199 167 38 22 13 -3 -17 -74 -104 -45 29 101 111 48 15 8 1 -11 -23 -20 -17 -16 -18 -23 -28 -29 -20 -18 -23 -26 -28 -28 -30 -32 -38 -47 -44 -39 -49 -60 -51 -35 -35 -43 -45 -41 -33 -33 -48 -55 -49 -48 -51 -54 -68 -82 -70 -55 -61 -66 -58 -55 -77 -86 -65 -67 -48 -1 -27 -71 -72 -149 -249 -198 -96 -63 -63 -65 -51 -42 -51 -56 -68 -75 -57 -38 25 107 84 18 -4 -58 -137 -120 -47 -35 -48 -30 -19 -25 -21 -19 11 53 37 7 0 6 41 99 132 131 119 72 9 -18 -18 -10 -9 -18 -16 -19 -38 -44 -34 -37 -41 -22 -10 -9 11 29 18 5 3 1 0 0 0 0 0 0 0 0 0 0 0 0 0 0 -1 -1 1 -1 -8 -14 -14 -9 -3 3 9 13 10 1 -5 -3 6 5 3 11 6 -7 -4 11 5 -16 -25 -7 35 -20 -140 -124 -103 -57 285 360 -195 -440 33 475 578 360 -168 -375 -170 -37 140 382 349 142 25 -14 -20 -19 -11 3 2 -106 -216 -114 14 24 41 136 165 50 -15 -8 -11 -42 -25 60 50 0 -3 -2 14 -8 -61 -45 -11 8 73 89 16 -7 13 17 21 -35 -97 -57 -10 -8 -6 19 55 58 61 58 22 23 45 38 46 34 -7 14 22 -10 9 8 -12 68 119 1 -102 -78 -7 85 99 -30 -124 -89 -30 -22 -41 -36 -23 -13 -1 -8 -41 -92 -127 -129 -122 -105 -62 -38 -22 62 107 -64 -289 -307 -219 -133 -42 -4 -4 -4 2 13 8 -14 -17 -5 -13 -12 5 8 6 -4 1 36 37 24 53 65 29 55 171 187 106 101 140 158 178 192 184 191 265 400 475 360 116 -112 -236 -155 81 249 301 319 307 279 279 317 324 239 186 282 377 296 123 30 19 15 6 0 -3 -3 -5 -47 -131 -160 -68 67 116 156 353 559 588 545 517 485 456 420 370 323 278 225 172 137 123 115 102 85 69 58 30 -74 -183 -164 -154 -241 -274 -279 -238 -73 47 63 72 132 212 288 348 255 133 164 193 163 113 40 -25 -72 -133 -235 -281 -248 -248 -235 -122 46 200 239 186 241 461 548 310 62 5 -1 -14 -8 -5 -14 -61 -284 -509 -395 -185 -157 -190 -180 -113 -21 66 194 386 492 414 282 212 
-225 14 218 192 63 3 0 30 178 275 6 -289 -216 -80 -113 -209 -315 -440 -568 -600 -452 -217 3 224 389 429 394 314 184 71 76 168 260 351 455 557 616 594 531 498 475 411 313 214 128 66 32 15 27 52 -33 -138 29 195 -23 -170 80 228 90 -10 -3 17 20 -10 -72 -84 -32 51 137 115 28 -18 -28 -20 -15 -11 -4 -8 -13 -11 -8 4 4 -19 -23 -10 -11 -16 -27 -42 -42 -42 -49 -57 -63 -58 -45 -27 -22 -47 -69 -65 -52 -48 -50 -48 -56 -72 -75 -67 -58 -54 -61 -73 -78 -71 -72 -86 -78 -67 -74 -83 -94 -38 109 165 64 -20 -79 -197 -228 -131 -74 -73 -68 -57 -50 -54 -62 -65 -52 -32 -32 -4 84 114 53 5 -24 -99 -148 -96 -44 -32 -26 -37 -55 -57 -39 -4 32 33 7 -7 -14 -15 15 43 24 -11 -27 -30 -22 -10 -13 -26 -40 -61 -81 -90 -98 -106 -98 -65 -25 -3 1 9 28 25 5 0 1 0 0 0 0 0 0 0 0 0 0 0 0 0 0 0 0 0 0 -2 -9 -16 -15 -8 -2 0 0 0 0 -1 -4 -6 -1 8 4 -10 -11 -1 2 -3 -4 -15 -35 -15 40 65 37 -16 68 133 -132 -374 -497 -596 -215 260 -4 -372 -186 -10 -8 232 455 284 99 99 82 22 -15 -13 -12 -11 -45 -128 -120 -23 9 6 -7 -50 -43 -5 8 10 -48 -139 -99 4 22 12 29 51 40 13 4 -1 -2 -50 -110 -51 23 16 2 10 -3 -33 -35 -19 18 60 65 60 82 95 76 65 83 81 37 -1 -3 1 -56 -91 -32 -19 -18 59 39 -125 -210 -116 18 92 87 16 -49 -57 -46 -59 -48 -19 -21 -24 -7 2 1 -9 -58 -121 -138 -121 -81 -37 -29 28 86 16 -111 -190 -206 -162 -54 3 2 13 4 -11 -12 -6 -4 -4 -1 -15 -31 -18 -3 -5 -4 -7 -22 -1 41 34 24 33 105 219 174 72 70 87 105 126 135 149 160 164 230 398 521 428 181 -93 -305 -288 -43 173 236 215 195 210 226 241 250 210 195 316 473 443 220 43 10 18 9 -7 -14 -12 -17 -48 -105 -150 -133 -110 -216 -332 -180 108 220 195 180 168 135 110 108 114 106 86 65 52 49 28 -19 -86 -124 -124 -183 -185 -43 5 -122 -132 31 55 -15 7 49 42 15 40 161 271 205 50 -21 -38 -104 -218 -256 -188 -157 -164 -139 -100 -14 48 -21 -73 -5 79 101 32 -63 24 322 436 223 38 6 4 -1 -2 -13 -33 -100 -351 -548 -342 -56 49 122 182 195 194 217 252 250 208 171 156 
703 715 625 368 111 21 27 30 84 183 68 -287 -515 -552 -599 -653 -668 -653 -579 -377 -12 322 401 281 90 -106 -246 -218 53 360 518 599 645 647 613 539 442 345 260 180 106 48 10 14 32 28 26 28 33 8 -119 -78 188 135 -158 -79 203 188 48 18 16 14 20 -10 -72 -75 -19 60 118 82 19 1 -2 -3 6 10 1 -1 -1 -2 6 2 -20 -35 -48 -55 -37 -30 -46 -52 -57 -66 -63 -59 -60 -57 -55 -61 -61 -50 -41 -38 -43 -62 -82 -76 -59 -51 -49 -58 -70 -63 -49 -57 -72 -71 -68 -70 -68 -65 -74 -92 -95 -66 26 112 78 2 -27 -107 -205 -156 -71 -60 -59 -64 -64 -50 -45 -43 -39 -41 -46 -36 34 101 61 2 -3 -47 -124 -116 -58 -29 -25 -30 -37 -44 -38 -23 5 32 23 8 0 -28 -56 -55 -47 -49 -36 -22 -30 -47 -69 -87 -93 -99 -101 -89 -79 -80 -72 -51 -33 -19 -15 -13 6 13 -1 -4 0 0 0 0 0 0 0 0 0 0 0 0 0 0 0 1 1 -1 0 1 -4 -12 -16 -13 -8 -6 -7 -6 -2 -2 -7 -12 -5 5 2 -2 -1 -1 0 6 9 5 -9 -33 -58 -57 -21 13 -76 -392 -527 -206 8 -107 -89 -91 -276 -186 -3 -1 138 283 35 -187 -73 33 40 72 97 53 11 -1 -1 -3 -24 -34 -15 -22 -120 -163 -53 23 19 19 0 -109 -174 -70 14 20 17 -1 -11 3 19 20 -3 -79 -123 -54 11 7 -13 -29 -29 -9 28 50 57 107 91 -3 -9 -17 -28 44 45 -16 2 61 74 31 -27 -13 26 20 53 48 -96 -168 -49 70 101 80 22 -20 -21 -6 -9 -30 -25 -9 -17 -26 -30 -31 -31 -50 -79 -106 -117 -87 -73 -63 89 252 206 77 50 2 -127 -113 -17 -1 8 30 26 8 -8 -7 10 15 16 22 15 5 14 39 43 10 -6 0 -21 -44 -37 -3 85 141 86 30 30 58 87 92 89 103 119 116 112 152 314 515 495 235 -94 -359 -380 -147 82 177 212 228 229 205 176 182 172 159 273 476 528 347 121 13 1 7 6 -3 -9 -4 -17 -78 -145 -138 -131 -308 -540 -468 -149 60 97 95 85 72 70 58 23 -38 -89 -136 -231 -323 -325 -224 -152 -137 -42 54 36 76 224 311 378 356 182 72 46 17 -30 -56 -40 -60 -97 -145 -240 -274 -205 -131 -118 -103 -42 58 195 255 261 303 268 129 21 -42 -124 -202 -247 -235 -34 324 429 199 26 9 9 0 -5 -14 -21 -122 -376 -412 -94 154 183 129 59 17 12 13 12 13 3 -9 
439 330 194 66 -18 -78 -172 -280 -342 -263 -101 -159 -452 -627 -578 -468 -365 -245 -122 -66 -117 -218 -306 -362 -342 -216 -14 232 480 634 629 518 397 297 197 105 49 28 24 27 24 16 22 29 28 30 38 50 39 -83 -186 17 199 -39 -176 121 267 106 27 34 26 22 16 -32 -93 -72 1 91 137 73 19 25 28 28 27 20 15 14 9 5 -3 -24 -26 -7 -8 -22 -27 -37 -38 -31 -41 -48 -49 -50 -48 -54 -59 -61 -78 -111 -153 -212 -293 -365 -384 -353 -311 -268 -204 -129 -82 -71 -65 -51 -42 -43 -53 -66 -73 -70 -69 -69 -71 -81 -38 67 100 33 -5 -44 -164 -199 -105 -52 -58 -80 -89 -66 -42 -40 -54 -60 -47 -37 4 84 85 20 -4 -22 -78 -92 -48 -28 -33 -27 -15 -16 -32 -39 -12 23 19 -1 -4 -19 -56 -75 -67 -59 -63 -77 -93 -103 -104 -98 -83 -58 -40 -34 -21 -5 -8 -19 -15 -7 -11 -12 0 7 4 2 1 0 0 0 0 0 0 0 0 0 0 0 0 0 0 -1 -3 -3 -1 0 -1 -5 -10 -11 -8 -3 2 3 0 -3 -3 0 3 4 3 1 -1 -1 3 3 0 10 19 -8 -55 -64 -29 6 -82 -255 -222 -50 78 352 373 -113 -266 -8 69 50 238 196 -183 -189 -6 -15 -8 72 87 53 52 68 78 51 12 -5 -6 -15 -37 -38 -16 -6 -8 -9 1 -5 -52 -57 -13 3 -23 -57 -44 -16 -14 -12 -10 -7 1 -10 -32 -22 18 46 54 70 111 165 166 96 40 12 -33 -60 -39 -19 -34 -42 -14 7 10 34 73 69 35 23 -14 -86 -73 13 58 73 59 4 -41 -51 -32 -6 5 0 -11 -17 -19 -30 -47 -60 -58 -37 -26 -27 -38 -61 -36 124 291 264 133 28 -87 -218 -204 -60 7 6 -3 -16 -8 0 -1 -2 -3 5 15 17 15 13 28 38 22 15 0 -21 -35 -64 -65 -4 5 -71 -68 -5 16 18 18 23 33 44 47 52 66 61 94 267 490 528 293 -76 -374 -423 -210 38 140 134 121 124 140 158 148 123 107 182 408 591 506 241 53 14 19 8 -4 3 9 -2 -35 -95 -118 -108 -240 -505 -569 -302 -15 40 -17 -36 -88 -183 -249 -272 -241 -289 -410 -396 -274 -77 84 108 194 232 95 78 265 342 247 205 156 46 -18 -49 -125 -194 -200 -287 -357 -236 -124 -97 -9 146 220 181 161 183 198 183 125 78 96 96 37 -15 -109 -183 -92 25 93 312 558 451 148 6 0 7 -1 -8 -26 -41 -152 -410 -420 -142 1 -7 -14 -13 -2 11 -1 -10 2 8 
-9 -84 -207 -318 -389 -415 -391 -321 -179 69 234 117 -101 -179 -123 -37 38 119 210 221 80 -46 19 193 346 449 486 447 365 270 166 79 38 27 24 27 31 29 21 20 16 7 20 24 18 42 50 23 -35 -166 -112 164 116 -159 -48 230 186 48 29 21 19 34 23 -64 -129 -63 40 129 142 55 16 41 49 30 13 18 31 32 19 2 -10 -4 9 3 1 0 -26 -41 -24 -12 -22 -21 -24 -55 -59 -37 -60 -148 -282 -419 -507 -537 -536 -524 -512 -509 -506 -494 -470 -412 -308 -191 -91 -35 -38 -53 -53 -67 -77 -52 -32 -39 -57 -80 -61 38 104 51 -15 -41 -119 -205 -163 -82 -67 -73 -77 -79 -77 -77 -77 -73 -68 -64 -37 34 70 26 -13 -14 -27 -42 -17 0 -15 -27 -28 -26 -27 -29 -16 17 33 17 0 -13 -43 -78 -93 -92 -89 -89 -86 -71 -48 -29 -18 -6 9 21 32 43 49 41 26 17 6 1 13 19 7 -3 -2 0 0 0 0 0 0 0 0 0 0 0 0 0 0 -1 -3 -3 -1 1 1 -3 -9 -13 -12 -7 -1 3 4 4 5 6 4 0 -2 0 4 6 4 5 8 8 13 10 -6 -11 -10 -11 9 45 36 -39 -17 30 -229 -424 -243 -62 6 176 292 1 -224 -93 -12 8 25 -39 -70 -26 33 116 138 77 32 23 25 23 19 15 4 -5 -4 -9 -16 -5 10 4 -10 -11 -5 -8 -10 -4 -4 -2 1 1 15 32 52 79 81 78 73 52 20 22 63 5 -58 -17 31 73 78 81 94 60 8 -20 22 102 100 4 -41 -34 -80 -91 -10 47 34 -5 -35 -41 -29 -21 -21 -14 -9 -18 -31 -34 -29 -28 -27 -16 -13 -13 11 23 -12 -27 119 290 200 25 -37 -170 -363 -323 -97 13 7 14 7 -27 -22 3 1 -7 -7 -4 -7 -15 -18 -9 1 -24 -34 -8 -36 -61 -28 3 29 24 -113 -288 -237 -58 7 -5 -15 -20 -18 -10 4 22 30 33 29 45 183 418 521 337 -34 -386 -506 -318 -61 49 54 61 90 98 88 92 89 55 84 270 513 584 386 121 13 21 24 10 3 -1 -3 -11 -61 -111 -86 -143 -420 -618 -503 -326 -240 -151 -170 -324 -405 -327 -118 51 111 220 300 244 226 260 257 262 267 235 179 137 81 -6 -96 -159 -210 -228 -150 -104 -111 -82 -62 23 196 263 222 223 246 204 115 34 -15 -14 -69 -219 -252 -122 -7 66 138 190 235 264 237 206 342 503 353 91 1 -4 -3 0 -11 -21 -37 -231 -505 -430 -135 -6 12 19 -3 -15 -1 5 9 26 
-475 -476 -398 -262 -115 39 201 349 436 451 354 149 39 108 236 368 490 586 663 696 647 558 489 430 357 256 133 35 -1 4 6 9 26 35 32 26 19 18 23 21 11 11 22 26 20 15 5 -24 -123 -160 76 237 -10 -148 109 214 73 14 14 10 6 6 -18 -112 -142 -49 56 134 113 34 20 40 44 25 9 14 16 2 -10 -19 -19 -1 -2 -25 -34 -35 -38 -25 -21 -35 -28 -28 -51 -44 -38 -126 -286 -427 -499 -485 -422 -354 -278 -210 -190 -212 -236 -261 -315 -385 -427 -390 -268 -141 -70 -50 -45 -41 -54 -64 -52 -48 -58 -69 -76 -18 77 83 14 -32 -71 -152 -179 -131 -99 -76 -62 -70 -82 -89 -86 -79 -77 -79 -81 -57 -10 9 -1 -7 -18 -40 -37 -22 -21 -28 -35 -30 -21 -18 -17 2 36 35 6 1 -7 -40 -57 -51 -37 -21 -8 7 24 37 42 45 61 85 92 82 78 64 28 2 -9 -10 6 22 15 -1 -3 0 0 0 0 0 0 0 0 0 0 0 0 0 0 1 2 1 0 1 3 2 -3 -9 -13 -12 -7 -1 4 8 10 7 -1 -9 -10 -2 9 12 3 -3 -2 -8 -9 4 16 18 3 -11 -12 -16 -10 -2 -77 -357 -543 -274 142 231 73 187 177 -224 -253 -26 30 31 21 -22 -39 3 16 -28 -23 54 82 78 111 102 51 36 55 65 57 52 40 32 53 73 60 30 43 80 66 49 88 124 111 91 77 53 51 81 78 44 29 22 7 -50 -80 -36 9 17 -5 -12 -28 -35 18 55 15 -1 52 9 -86 -76 -55 -56 -20 8 5 17 40 17 -21 -25 -17 -18 -25 -18 1 9 0 -16 -32 -27 1 -1 -46 -59 -20 -17 -32 112 294 204 13 -36 -106 -316 -380 -167 -10 -8 -13 -1 15 28 25 13 9 5 -6 -15 -22 -17 5 15 -4 -10 33 63 32 -11 -6 36 44 4 -121 -314 -312 -112 -8 -2 -3 -14 -11 -4 7 18 9 4 4 -11 2 131 380 535 386 14 -370 -541 -392 -137 -2 23 11 8 23 19 4 10 3 -1 125 399 580 477 222 48 7 -3 -9 2 2 3 2 -30 -78 -83 -105 -314 -600 -636 -387 -95 69 101 129 171 194 341 502 498 428 302 182 160 139 101 76 50 31 30 16 -104 -295 -321 -199 -121 19 162 177 276 362 255 176 177 148 66 -41 -110 -161 -203 -158 -50 -13 -43 -49 -26 -5 32 112 171 138 41 -71 -174 -120 192 410 271 70 10 6 7 12 0 -22 -68 -294 -509 -341 -62 8 3 1 -11 2 15 -3 -27 
-694 -386 68 325 370 334 236 93 -81 -189 -68 140 233 403 645 724 689 622 516 410 313 215 132 58 2 -9 4 9 6 7 17 23 20 23 30 31 28 25 25 18 19 30 15 9 15 -8 -7 -12 -113 -49 206 120 -173 -52 232 177 30 6 -1 -4 -8 -27 -118 -219 -155 -33 50 117 91 40 30 18 10 12 18 18 3 -14 -14 -6 -4 -21 -40 -16 3 -9 -7 -6 -20 -24 -14 -15 -19 -41 -167 -361 -460 -414 -289 -148 -36 36 86 129 159 151 100 34 -21 -81 -175 -291 -373 -335 -179 -46 -13 -12 -11 -36 -60 -63 -53 -46 -69 -61 25 74 37 8 -10 -91 -179 -166 -110 -94 -93 -85 -79 -79 -80 -77 -67 -55 -58 -82 -80 -29 10 4 -10 -19 -34 -33 -19 -14 -18 -22 -21 -20 -24 -16 18 30 5 -1 5 -10 -18 -4 16 35 47 48 45 61 88 86 69 60 46 27 19 19 8 -6 -9 -10 -5 14 20 6 -1 0 0 0 0 0 0 0 0 0 0 0 0 0 0 1 3 3 1 0 1 3 3 -1 -7 -11 -11 -7 0 6 7 2 -6 -11 -10 -3 6 9 4 -3 -5 -4 -7 -6 3 7 7 1 -19 -39 -31 6 -29 -150 -170 -51 177 463 626 462 -37 -292 -119 24 33 -25 -52 -11 13 42 43 -39 -60 29 70 48 38 31 20 35 79 72 42 96 145 94 31 41 77 93 97 80 55 68 93 85 85 83 34 -11 -27 -35 -7 0 -24 22 59 -7 -85 -70 -16 5 -18 -73 -84 -75 -58 -27 -41 -104 -172 -182 -131 -61 -13 2 17 47 44 10 -4 -11 -7 8 1 -9 -4 0 7 16 12 -2 -17 -24 -32 -58 -79 -61 -45 -44 111 342 288 60 -22 -62 -278 -435 -256 -38 -3 -11 1 -3 -3 18 9 -15 -9 2 1 0 -6 -9 2 7 -8 -5 38 80 107 107 68 -2 -10 86 80 -137 -312 -206 -25 11 -11 -7 13 14 -1 -7 -2 -8 -16 -6 1 12 101 332 521 416 78 -310 -549 -471 -215 -40 -4 -23 -24 -21 -25 -25 -17 -6 -17 35 229 434 479 316 111 48 40 12 -8 -25 -18 1 -20 -71 -75 -71 -176 -327 -385 -271 39 349 481 481 331 196 232 211 136 111 38 -53 -95 -111 -189 -275 -203 -66 1 42 49 36 132 231 200 180 185 179 163 71 -10 -2 21 4 -69 -140 -134 -92 -51 -9 84 250 300 141 -20 -79 -155 -244 -233 -211 -283 -325 -239 1 346 472 265 60 3 -2 0 -3 -14 -17 -85 -344 -495 -273 -49 -11 8 16 -12 -18 5 8 
-267 -140 -7 -29 -159 -256 -276 -243 -161 -11 251 467 402 280 187 8 -35 51 76 47 9 -10 -7 9 26 22 4 -5 -2 9 21 33 43 39 26 20 23 25 21 17 28 34 8 -8 -3 -1 -1 -86 -135 70 173 -112 -217 109 238 76 7 17 20 18 11 -48 -206 -265 -123 -6 57 102 68 31 19 1 -6 6 18 16 13 14 6 -17 -59 -82 -49 -7 1 -2 6 2 -2 10 7 5 -13 -151 -351 -391 -258 -110 13 130 248 361 431 449 442 430 412 360 249 115 26 -37 -153 -284 -301 -184 -60 -15 -10 -12 -27 -38 -29 -27 -50 -64 -17 39 30 13 5 -54 -146 -160 -96 -72 -89 -91 -80 -71 -70 -74 -75 -73 -87 -119 -108 -44 -2 8 33 42 4 -15 -6 -3 -2 -6 -14 -20 -21 -15 1 19 24 19 19 31 48 59 65 70 71 68 63 58 52 37 12 -11 -17 -5 11 17 8 1 7 3 -9 3 21 15 3 0 0 0 0 0 0 0 0 0 0 0 0 0 0 0 0 -1 -3 -3 0 3 4 3 -1 -9 -16 -15 -8 -3 -4 -6 -4 -1 0 -2 -4 0 9 11 8 12 9 0 -1 -2 5 14 9 6 -14 -35 -3 27 25 -37 -248 -306 -2 167 156 278 245 18 -79 -34 8 15 26 -8 -26 14 -16 -64 -34 -10 -42 -28 22 3 -8 61 117 97 47 9 -12 -22 -13 25 34 -5 -8 14 -34 -102 -95 -68 -44 35 91 41 -17 -24 8 12 -62 -82 -53 -71 -100 -73 -12 14 53 66 14 -16 -30 -74 -117 -80 -25 -6 30 44 29 22 12 -3 -19 -22 -11 -3 11 30 30 4 -20 -24 -20 -16 -8 -20 -61 -60 -19 -14 -22 118 357 321 72 -25 -32 -222 -447 -327 -73 1 -4 -3 1 0 -11 -19 -10 -2 -10 -11 1 13 11 -3 -15 -15 -12 -20 -47 -52 31 86 42 -13 70 310 343 63 -255 -324 -123 13 31 42 38 39 27 14 17 22 29 23 9 -9 -12 73 296 507 438 108 -253 -495 -511 -313 -97 -14 -15 1 11 -19 -30 -1 12 -7 18 121 326 555 513 244 60 15 16 10 3 -8 -9 1 -33 -72 -52 -44 -204 -469 -423 -32 214 213 148 63 16 -23 -82 -151 -211 -258 -312 -258 -158 -153 -134 -47 18 114 293 325 202 160 99 -13 -92 -179 -206 -180 -127 -46 -12 35 127 162 177 216 175 65 4 8 16 -62 -226 -322 -284 -247 -223 -97 45 114 141 146 282 539 515 210 28 8 4 -6 -10 -13 -14 -132 -422 -490 -215 -32 -20 -9 -9 -17 -29 -63 
188 55 -160 -196 -65 66 176 272 342 365 359 365 214 -208 -581 -684 -593 -403 -237 -157 -120 -77 -27 3 14 21 22 19 21 27 32 37 37 25 12 11 18 23 20 15 13 12 19 13 -4 5 -47 -189 -103 149 26 -232 -39 240 144 4 7 6 6 14 -6 -119 -254 -196 -45 20 70 87 37 1 -2 7 16 17 8 1 14 22 -11 -142 -317 -271 -57 17 -9 -15 -14 0 4 -12 -11 -28 -142 -300 -316 -165 -20 88 239 392 451 411 351 316 300 306 332 368 386 330 195 67 -3 -90 -218 -240 -125 -45 -35 -16 -10 -26 -31 -37 -42 -44 -17 67 95 26 -15 -20 -81 -170 -176 -103 -49 -48 -61 -60 -55 -63 -89 -126 -175 -182 -99 -20 -10 4 50 49 0 -24 -23 -19 -8 3 5 2 4 8 8 29 60 60 55 75 91 83 65 48 35 31 32 15 -11 -10 1 0 2 7 -1 -18 -28 -23 -7 -5 -16 -3 25 26 8 0 0 0 0 0 0 0 0 0 0 0 0 0 0 1 2 0 -3 -3 -1 0 1 3 1 -7 -14 -15 -12 -9 -9 -8 -1 6 5 -3 -10 -7 9 18 11 6 2 2 8 2 -8 -1 13 12 -1 -11 -19 -21 -10 -13 -167 -482 -688 -638 -243 223 236 26 -22 34 71 57 42 4 -69 -82 -57 -76 -82 -56 -37 11 40 -7 -68 -53 19 22 -11 17 43 4 -47 -79 -63 2 46 21 -31 -16 12 25 71 88 44 32 40 28 52 9 -55 -19 13 22 23 0 7 67 57 -54 -129 -97 -6 37 27 14 21 46 39 15 10 -10 -15 0 -12 -7 6 -13 -25 -13 -5 -18 -32 -30 -25 -24 -21 -20 -26 -21 -5 7 146 398 369 85 -49 -42 -187 -448 -394 -108 3 -11 -7 6 0 -6 -6 -13 -4 12 12 2 -7 -5 6 19 31 34 26 2 -41 -94 -142 -121 -47 15 178 412 421 182 -114 -315 -239 -30 56 41 -27 -117 -198 -192 -78 19 40 30 35 41 37 34 87 197 197 83 -29 -205 -360 -272 -62 40 49 48 46 49 64 65 57 49 74 116 118 276 574 593 325 102 28 22 13 2 -1 -6 -10 -27 -74 -85 -68 -222 -515 -561 -286 -50 16 20 -53 -185 -285 -304 -196 -34 33 53 160 261 200 71 -7 -80 -132 -115 -114 -153 -192 -213 -207 -217 -166 -36 30 21 4 8 46 57 33 37 -19 -133 -207 -263 -282 -252 -251 -256 -98 115 137 132 264 348 271 158 124 261 473 419 163 21 1 6 -1 -10 -17 -44 -212 -474 -436 -149 -21 -28 -8 6 -51 -137 
740 627 418 320 347 348 289 222 158 91 43 83 80 -184 -362 -297 -365 -530 -626 -649 -557 -362 -138 -5 15 20 43 56 56 34 13 22 21 5 4 -5 -36 -60 -89 -137 -168 -117 -13 25 23 24 -74 -131 66 180 -37 -124 111 186 56 20 25 2 -9 1 -65 -239 -272 -111 -8 18 61 65 20 -5 -4 9 22 14 -3 -13 -45 -112 -143 -115 -126 -162 -97 0 13 -6 -7 2 1 -13 -20 -91 -251 -293 -145 -13 80 250 370 323 204 94 34 24 18 10 13 56 171 303 316 173 32 -11 -68 -166 -167 -75 -28 -29 -27 -31 -41 -42 -31 -25 -12 58 121 74 7 5 -18 -125 -221 -213 -156 -118 -103 -102 -105 -117 -151 -192 -195 -127 -40 -8 3 47 60 3 -43 -47 -34 -16 -3 7 14 14 12 9 3 16 49 66 63 51 30 14 7 1 -5 -9 -10 -12 -12 -5 3 8 10 4 -13 -28 -27 -19 -17 -14 -3 7 16 19 9 4 5 2 0 0 -1 -2 -1 0 0 0 0 0 0 0 0 1 3 3 0 -2 -1 0 0 -1 -6 -15 -21 -18 -8 -2 -5 -7 -5 -3 -2 -4 -8 -6 -2 -5 -4 0 -1 1 1 -3 0 4 9 15 3 -16 -29 -27 0 -14 -161 -440 -643 -566 -304 -76 14 27 42 32 -5 -11 -7 -7 39 81 42 -33 -59 -60 -60 2 20 -84 -149 -75 23 13 -20 21 48 10 -4 10 5 14 52 91 83 54 34 -14 -45 -39 -40 -49 -52 -20 24 10 -35 -15 45 72 82 43 -48 -88 -82 -70 -15 35 29 17 31 31 3 -8 -8 -15 -9 -4 -8 -4 0 2 -3 -21 -35 -33 -19 -9 -7 -7 -13 -14 6 14 17 169 413 379 110 -28 -28 -146 -421 -448 -166 1 7 10 27 31 7 -4 4 3 1 6 11 13 13 5 -1 4 34 70 72 50 23 -9 -62 -69 -23 75 250 330 328 282 75 -220 -336 -155 -19 -140 -342 -512 -599 -449 -139 19 26 36 48 59 69 29 -138 -369 -375 -156 32 201 336 295 155 77 70 70 74 99 108 85 75 80 80 119 102 13 148 468 612 454 180 30 3 5 2 -7 -10 -19 -34 -64 -90 -76 -184 -497 -677 -465 -124 11 -13 -50 -50 51 178 262 326 288 224 218 155 53 -4 -110 -291 -325 -202 -139 -108 -27 86 179 199 191 134 46 20 -7 -138 -308 -369 -346 -341 -288 -157 -85 -96 -38 130 244 271 309 288 173 99 81 23 -62 -173 -214 60 398 353 113 7 1 5 0 -22 -30 -50 -254 -488 -352 -65 9 -8 0 7 23 
278 277 282 219 104 33 10 -5 -7 -8 -34 -83 -106 -69 44 155 74 -135 -283 -335 -288 -189 -101 -28 6 2 9 23 24 28 34 21 -4 -32 -64 -139 -237 -231 -210 -307 -379 -275 -84 14 26 2 -85 -31 164 130 -50 -85 -109 -301 -380 -191 -13 32 25 -24 -206 -346 -212 -36 1 18 67 76 30 11 10 -10 -16 -7 -4 -46 -209 -408 -418 -126 223 215 4 -38 9 26 27 3 -11 -6 -33 -130 -218 -155 -41 40 208 344 252 64 -30 -38 -22 -6 1 7 15 16 26 94 213 237 114 10 -26 -101 -150 -76 -15 -32 -32 -11 -5 -1 0 -10 -18 4 74 117 70 4 -15 -32 -99 -185 -234 -232 -215 -211 -211 -204 -191 -168 -111 -40 -3 19 63 94 45 -33 -49 -33 -22 -9 0 2 4 6 3 -3 -7 -4 10 25 23 4 -16 -23 -16 -8 -7 -9 -11 -10 -7 -10 -16 -16 -13 -11 -7 -1 6 7 -4 -6 8 11 7 10 8 5 6 5 3 1 0 0 0 0 0 0 0 0 0 0 1 3 4 3 1 0 0 0 1 2 -1 -9 -17 -18 -12 -6 -5 -6 -3 1 1 -3 -12 -13 -5 -3 2 3 -6 -2 7 4 0 4 9 7 10 10 -1 -8 -15 -11 2 -11 -147 -330 -270 -75 -30 -77 -70 -2 7 -33 6 60 40 16 20 27 33 5 -24 17 70 33 -52 -94 -87 -49 -17 -11 -5 19 11 -4 6 28 66 20 -36 -41 -78 -97 -43 -10 -40 -19 -12 -47 -24 39 46 -18 -13 23 -33 -105 -95 -36 1 0 -32 -42 -9 14 7 -13 -18 -8 -9 -11 -13 -12 5 5 -12 -6 9 8 5 6 -1 -11 -16 -17 -8 5 10 36 217 468 409 107 -44 -31 -133 -417 -479 -203 -19 0 23 33 25 18 10 4 6 9 8 1 -10 -2 7 -4 -1 7 -19 -47 -8 69 100 79 35 -4 4 165 296 182 200 359 233 -83 -304 -263 -83 -20 -26 -115 -195 -64 48 32 32 36 36 35 -57 -293 -539 -569 -318 60 408 636 631 395 153 63 58 61 68 75 68 62 63 57 53 78 87 2 -59 83 387 640 602 303 71 16 10 16 19 1 1 4 -46 -100 -82 -126 -377 -621 -529 -183 79 213 310 330 239 123 79 40 -60 -149 -144 -70 3 75 148 156 114 130 204 237 221 232 177 8 -74 -35 -9 5 -11 -96 -194 -231 -130 37 157 214 221 244 303 325 255 171 142 97 -21 -173 -297 -340 -327 -313 -148 247 494 334 87 9 4 0 3 1 -9 -84 -329 -487 -283 -40 5 -9 28 110 
-655 -601 -413 -195 -77 -37 -18 -40 -92 -136 -205 -334 -343 -148 15 105 177 240 392 545 533 376 177 39 2 8 4 -12 -74 -141 -143 -149 -155 -148 -191 -242 -292 -317 -221 -83 8 43 28 36 49 1 -73 -18 109 19 -160 -101 3 -157 -375 -329 -109 10 -37 -225 -386 -286 -78 11 18 44 88 75 25 9 14 6 -8 -16 -71 -170 -215 -250 -265 -139 93 237 157 26 7 18 8 -3 -5 -2 -42 -129 -139 -50 11 106 239 194 52 0 -9 1 13 1 4 15 12 13 15 12 64 149 133 48 9 -30 -79 -52 10 27 22 21 12 2 -1 -9 -19 -15 35 126 160 99 30 7 -9 -52 -102 -137 -151 -146 -136 -119 -80 -35 -9 9 42 85 103 70 11 -24 -21 -10 -14 -16 -7 -4 -2 6 7 2 0 -1 -4 -8 -11 -8 -1 0 -4 -8 -10 -9 -8 -10 -13 -11 -6 -6 -11 -14 -11 -4 1 -1 -6 -7 -4 0 7 13 8 -3 -6 0 3 1 3 6 3 0 0 0 0 0 0 1 3 4 3 1 0 0 0 1 2 2 2 0 -5 -12 -19 -17 -4 6 7 3 -3 -5 0 4 3 3 5 6 5 2 -2 -3 -2 -2 -1 -1 -2 0 5 8 5 -8 -24 -16 4 23 91 127 41 -46 -81 -73 -21 29 37 -1 -10 -4 -15 30 81 58 56 61 43 83 89 -6 -77 -34 9 -34 -67 -42 -12 22 51 8 -65 -63 -26 -36 -35 -8 -27 -50 2 76 60 -22 -46 6 35 -14 -72 -108 -125 -80 -22 -9 -8 5 14 2 -14 -16 -7 2 3 3 -1 -5 -5 -8 -10 -8 -6 -8 -10 -10 -4 -10 -33 -41 -41 -33 -18 -22 -21 74 252 264 85 -9 0 -104 -389 -503 -265 -42 3 -11 -14 -6 -15 -6 20 13 4 12 9 6 6 2 0 1 0 -6 -21 -49 -58 -18 24 44 52 15 38 227 281 88 71 279 393 385 252 3 -52 166 285 146 57 16 -127 -122 -1 27 16 23 -22 -197 -323 -212 -4 219 448 481 292 116 52 47 52 49 48 52 51 46 45 44 35 46 90 68 -4 -2 80 283 556 649 442 148 12 -2 2 9 8 0 2 -19 -83 -106 -90 -250 -559 -603 -278 32 116 56 -70 -168 -213 -242 -245 -223 -161 -70 -2 120 315 373 277 195 134 46 -61 -126 -181 -284 -283 -139 -38 7 126 247 236 212 274 274 200 183 173 118 72 -2 -99 -79 2 11 -32 -127 -214 -147 47 170 152 204 451 552 303 60 4 -2 1 3 -24 -41 -130 -399 -486 -215 -19 -14 0 35 
-345 -370 -490 -583 -553 -472 -381 -285 -253 -256 -217 -113 107 261 130 33 198 371 475 536 462 298 145 33 -59 -163 -209 -189 -212 -251 -258 -268 -260 -225 -138 8 84 49 99 305 432 309 52 -130 -164 -79 9 -13 -99 -187 -155 45 242 387 344 45 -210 -290 -339 -413 -341 -85 139 172 61 32 90 76 24 -3 -15 -25 -64 -158 -228 -217 -62 213 330 186 -4 -18 58 44 3 -5 -6 -4 -3 -1 -38 -99 -83 -27 15 90 113 27 -11 25 42 43 34 13 0 3 17 29 24 10 26 86 101 35 -8 -18 -32 -18 15 31 27 15 -1 -6 7 13 4 -9 -4 49 126 166 139 75 31 14 -2 -17 -23 -24 -24 -19 -3 23 56 90 112 103 60 13 -1 2 -7 -11 -11 -10 -2 -2 -4 3 6 2 2 5 3 -4 -9 -4 7 12 11 9 7 4 0 -3 -3 1 6 6 2 1 4 5 0 -7 -11 -12 -13 -12 -3 10 13 2 -6 -3 -1 -3 -1 3 2 0 0 0 0 0 0 0 0 1 2 1 0 0 0 0 0 1 3 3 -1 -8 -15 -16 -9 -1 2 1 -1 -2 0 2 2 3 4 5 6 4 1 0 -1 -2 -1 0 0 1 5 11 14 12 7 -5 -30 -52 -47 -38 -23 27 40 2 0 26 12 -31 -32 -11 9 31 5 -39 -31 -25 -44 9 79 75 27 -17 11 59 34 1 23 13 -30 -38 -56 -32 25 15 2 35 10 -50 -46 -54 -56 -21 -29 -74 -77 -39 -54 -79 -42 2 28 39 27 8 1 3 1 -6 -12 -14 -12 -5 3 10 16 14 4 -6 -12 -18 -28 -36 -39 -30 -19 -30 -34 -12 -6 20 109 109 -117 -344 -304 -125 -94 -323 -473 -270 -38 8 1 5 -5 -21 -24 -13 4 9 4 1 -2 0 4 1 6 19 13 0 14 39 11 -59 -103 -93 -29 25 157 308 215 48 15 152 411 600 595 323 37 30 67 82 176 121 1 11 39 43 39 38 127 323 401 244 49 -59 -58 24 52 25 26 41 44 34 27 36 46 44 36 33 32 31 82 114 24 -30 3 14 104 373 612 549 262 41 -9 11 8 -7 -4 -1 -22 -71 -107 -88 -198 -532 -699 -494 -225 -144 -225 -280 -207 -93 33 151 164 83 23 46 92 82 29 -65 -186 -270 -316 -327 -276 -195 -162 -130 -62 -25 48 202 333 357 272 123 -55 -161 -198 -253 -263 -294 -370 -284 -108 -31 31 156 288 342 345 347 264 142 210 470 511 226 26 4 -8 -16 -11 -16 -30 -186 -456 -424 -140 -6 -2 -9 
250 147 -57 -305 -503 -535 -412 -245 -120 -25 102 320 593 680 398 71 119 265 164 15 -27 -78 -169 -211 -255 -359 -403 -300 -145 -73 -63 -1 77 98 170 293 387 423 341 179 22 -82 -223 -426 -406 -107 158 60 -303 -294 151 264 14 103 326 125 -272 -481 -460 -237 16 214 393 316 80 32 78 55 36 4 -116 -240 -280 -271 -219 -126 8 243 345 77 -250 -254 -88 -29 -23 -6 -2 -3 -17 -23 -16 -17 -12 -11 -14 -4 7 14 12 6 15 13 2 6 -10 -55 -99 -143 -174 -158 -112 -65 -28 -13 -11 -2 13 9 -7 -7 0 6 12 12 8 6 2 -4 -4 8 42 97 152 178 167 137 108 90 74 57 54 67 82 98 114 109 80 46 14 -11 -11 -1 -5 -6 -1 0 0 -2 -4 -1 3 4 6 11 12 6 1 1 3 6 11 14 12 7 1 -3 -3 -1 0 0 0 -1 -3 -3 -3 -6 -8 -10 -16 -19 -12 4 17 13 2 -1 0 -2 -3 -1 0 0 0 0 0 0 0 0 0 0 0 0 0 0 0 -1 -2 -1 1 3 3 0 -4 -9 -13 -11 -5 -1 -1 -3 -5 -5 -2 0 0 1 3 4 3 1 0 0 1 3 3 2 4 3 -4 0 14 14 8 -8 -86 -142 -93 -52 -51 -50 -44 -32 -20 -7 -41 -93 -73 -23 -5 5 -15 -25 -14 -71 -60 29 45 22 7 -6 -4 18 19 -24 -65 -5 78 44 26 58 11 -32 -13 -4 -35 -75 -63 -19 -3 -27 -45 -23 0 11 15 10 15 27 27 12 -5 -6 4 6 -3 -12 -12 -9 -3 2 1 -2 -5 -7 -7 -6 -10 -10 -11 -18 -14 1 7 -19 58 312 446 257 -92 -374 -431 -318 -364 -475 -290 -54 6 18 14 23 42 19 -11 -26 -27 -6 -4 -20 -22 -24 -19 -9 -17 -20 10 48 29 -6 1 -2 -2 5 -11 57 268 310 96 -9 10 86 219 227 190 187 73 -39 85 417 627 551 368 156 7 -1 30 32 67 274 549 574 289 -106 -374 -335 -119 -4 11 21 28 29 27 26 28 30 31 31 31 32 51 72 28 -14 17 48 30 14 196 534 637 398 114 8 7 1 -12 -16 -3 0 -52 -117 -96 -124 -385 -618 -516 -186 64 130 181 247 247 203 122 26 -41 -120 -174 -175 -237 -288 -257 -220 -140 -31 86 226 239 104 13 1 -15 -19 26 61 47 6 -102 -215 -223 -212 -222 -145 -39 -33 -41 -16 23 137 254 235 146 92 37 -62 -150 -1 338 393 159 29 15 -5 -7 -5 -24 -53 -247 -496 -367 -79 -11 -19 
223 101 111 267 375 369 301 239 241 264 267 284 307 368 332 49 -117 -113 -267 -407 -375 -291 -217 -195 -168 -84 -18 56 173 221 209 250 291 297 248 124 83 147 98 -179 -446 -378 -121 -45 -95 -41 120 94 -169 -83 301 315 -28 -230 -189 -173 -249 -336 -326 -129 156 323 276 103 12 61 83 -10 -78 -97 -163 -187 -166 -76 92 147 64 -64 -115 -123 -216 -303 -257 -115 -20 -4 -4 5 7 -3 24 54 26 4 -8 -62 -77 -28 -18 -36 -22 -10 -67 -175 -277 -367 -430 -454 -444 -417 -410 -371 -220 -50 14 17 29 23 0 3 18 23 28 24 10 9 10 1 1 8 5 5 40 103 150 168 175 175 165 153 148 150 150 131 92 50 11 -10 -8 -7 -13 -13 -8 -4 2 3 -2 0 4 4 5 5 6 11 14 11 6 0 -7 -8 -4 -2 -3 -4 -5 -6 -5 -5 -7 -7 -5 -5 -8 -9 -6 -4 -4 -5 -8 -10 -8 1 14 17 8 0 0 2 0 -2 -1 0 0 0 0 0 0 -1 -3 -4 -3 -1 0 0 0 -1 -2 -1 0 0 0 0 0 -5 -14 -17 -13 -7 -4 -5 -8 -8 -3 0 0 0 1 3 4 3 1 0 2 6 5 0 1 7 1 -11 2 21 19 15 9 1 -7 -32 -54 -66 -65 -47 -36 -18 -7 -16 -29 -49 -51 -27 -10 -2 6 -19 -63 -78 -37 -2 -54 -78 -26 7 12 5 -26 -74 -74 -46 -41 -22 -18 -38 -17 5 -6 -13 -27 -21 -1 -9 -14 -5 4 13 21 14 -11 -28 -14 16 28 19 7 5 6 2 -2 -8 -12 -14 -15 -15 -15 -11 -4 1 2 -3 -12 -22 -13 5 3 116 387 517 440 409 323 50 -165 -334 -477 -335 -73 26 18 22 34 11 -6 1 1 -16 -22 -3 -1 -13 -12 -9 -1 2 -4 -7 -10 -5 4 -1 -12 -7 15 31 27 165 359 249 35 -14 -6 15 80 65 -40 -9 40 -30 41 240 251 141 80 -92 -258 -147 7 22 16 50 218 502 595 301 -204 -543 -462 -181 -33 -4 6 20 30 25 21 30 45 39 -19 -102 -99 12 57 3 -4 27 78 114 90 213 529 700 514 190 30 19 19 10 6 -7 -16 -43 -87 -64 -53 -233 -491 -454 -51 270 252 142 78 -30 -186 -262 -264 -336 -369 -248 -155 -77 72 164 230 291 290 286 269 172 49 -38 -110 -215 -288 -188 -43 23 93 117 118 179 208 276 371 268 49 -108 -151 -86 -44 -81 -125 -157 -200 -256 -323 -304 10 391 359 109 18 12 -6 -13 -18 -15 -65 -322 -504 -294 -42 20 
200 184 209 342 535 594 469 305 225 186 93 -70 -201 -86 145 73 -158 -226 -239 -267 -280 -205 -58 41 175 365 448 342 169 101 139 146 92 75 10 -218 -358 -207 -34 -16 -124 -247 -51 281 218 -78 -167 -4 107 49 57 189 129 -212 -350 -171 -76 -126 -152 -105 27 98 14 -48 -12 60 60 -114 -235 -117 16 26 13 108 262 225 -52 -317 -342 -73 186 98 -57 -22 3 -26 -18 5 16 6 25 85 82 29 -2 -78 -151 -100 -14 22 -10 -140 -317 -434 -450 -406 -346 -295 -270 -283 -308 -266 -135 -23 4 24 72 84 52 22 8 10 23 19 3 11 30 36 29 6 -11 -2 13 20 25 44 74 89 96 105 99 76 49 25 12 9 0 -12 -13 -9 -11 -11 -9 -12 -9 -6 -9 -1 11 13 12 9 7 10 11 6 -1 -5 -7 -9 -11 -12 -11 -8 -4 1 5 4 1 1 3 3 -1 -7 -9 -6 -2 2 4 4 3 7 18 23 17 6 2 6 3 -3 -2 0 0 0 0 0 0 -1 -3 -4 -3 -1 1 3 4 3 1 0 0 0 0 0 0 -1 -5 -12 -17 -15 -7 0 1 -1 -3 -4 -4 -4 -4 -2 3 5 2 1 4 6 3 -2 -2 3 11 15 2 -14 -7 10 10 2 3 4 7 12 -5 -36 -46 -31 -21 -16 2 -21 -70 -59 -32 -60 -86 -28 13 -19 -35 -34 -26 -9 0 -3 -5 16 27 -35 -90 -71 -87 -100 -36 -20 -46 -25 -9 -20 -38 -43 -24 -2 14 18 19 13 -2 -4 -3 -8 -6 -1 -6 -10 -2 2 0 -1 -4 -7 -9 -7 -3 -5 -10 -11 -9 -9 -11 -12 -11 -4 -9 -7 163 483 526 221 83 220 309 232 8 -239 -247 -64 14 3 4 1 2 -13 -38 -28 -2 4 5 6 5 9 10 4 -3 -4 6 15 6 -5 -1 -4 -8 -8 -21 -32 48 265 319 119 -2 -8 -5 -4 36 87 2 -54 36 21 -54 -59 -198 -365 -322 -316 -424 -333 -96 15 22 16 23 149 349 339 68 -292 -508 -366 -97 -4 -5 4 13 20 25 19 -6 -67 -158 -245 -245 -79 74 52 9 17 32 105 153 78 78 314 574 536 256 54 12 11 3 5 3 -4 -33 -108 -136 -77 -142 -450 -609 -375 -111 -32 -13 6 -57 -199 -221 -68 43 67 122 179 235 281 254 176 98 55 51 47 -17 -167 -287 -236 -128 -90 -60 -8 108 235 267 267 262 227 185 127 -12 -177 -222 -176 -190 -288 -336 -293 -240 -142 1 52 112 360 511 312 73 12 12 5 -1 -16 -31 -117 -385 -475 -194 5 
400 407 359 253 151 79 37 -26 -143 -216 -195 -193 -241 -207 -40 35 -69 -8 203 264 258 268 233 218 238 197 121 43 -158 -411 -387 -166 -155 -294 -346 -391 -393 -232 -10 212 311 170 56 171 245 62 -76 150 350 72 -177 24 220 22 -252 -175 86 237 269 223 121 80 37 -50 -11 92 73 -78 -177 -123 26 151 205 153 -2 -29 -16 -112 -139 -12 222 369 281 101 6 -11 -13 -12 -9 2 40 138 184 82 1 -69 -222 -230 -61 -21 -190 -369 -392 -293 -168 -27 115 218 236 146 38 -3 -2 3 2 7 4 -14 -10 9 16 12 -22 -109 -194 -186 -92 -8 21 31 46 55 46 23 4 0 -1 -10 -8 8 10 -5 -13 -9 -3 4 4 1 7 8 -4 -11 -10 -13 -13 -13 -15 -3 12 16 17 15 9 5 3 -1 -6 -5 -1 -4 -11 -14 -11 -4 4 9 7 2 0 0 0 -1 -4 -8 -10 -8 -3 4 8 6 4 9 18 20 14 6 4 8 6 0 -1 0 0 0 0 0 0 -1 -2 -1 0 1 3 4 4 4 3 1 -1 -3 -4 -3 -1 2 3 -3 -12 -16 -10 1 8 7 0 -4 -4 -4 -4 -2 3 5 2 1 4 6 4 0 -3 -5 4 17 6 -2 14 13 1 6 14 15 14 17 8 -1 5 -2 -16 -20 -22 -23 -12 -9 -26 -47 -62 -49 -29 -26 -36 -36 -13 -17 -29 -46 -91 -96 -52 -12 -1 -12 -40 -57 -31 -11 -24 -21 0 6 11 15 14 12 7 9 9 6 -1 -6 9 27 17 -11 -19 -5 7 1 -11 -16 -17 -10 -2 2 -1 -8 -10 -8 -6 -7 -9 -4 -1 -13 42 274 531 468 163 31 14 -97 -133 -90 -118 -89 21 41 -2 -25 -27 -31 -35 -15 -3 -5 -5 1 8 -6 -9 7 8 4 3 2 -3 -6 9 37 48 32 21 22 21 30 193 371 225 14 -11 0 0 13 28 61 18 -151 -266 -319 -306 -118 8 -192 -480 -444 -231 -147 -75 0 6 15 9 -103 -237 -201 -44 81 113 66 30 27 20 7 -1 7 15 -19 -104 -166 -146 -60 26 53 83 112 76 36 15 11 12 -68 -164 -128 101 448 594 383 109 14 9 4 1 -3 -14 -43 -87 -116 -96 -144 -410 -654 -520 -181 -12 43 157 206 190 287 353 250 184 166 88 47 11 -109 -199 -142 -43 -6 0 -43 -114 -30 151 137 27 7 23 80 134 111 67 32 11 16 30 42 -22 -157 -197 -168 -173 -106 42 183 306 347 249 225 432 486 233 42 6 4 -2 -22 -36 -35 -174 -449 -433 -146 
252 226 159 61 -128 -257 -177 -161 -334 -437 -291 -10 84 -53 -36 109 16 -7 257 396 361 309 252 195 -3 -335 -487 -314 -71 -84 -269 -280 -217 -214 -105 54 115 62 25 118 304 401 259 49 26 141 229 289 340 167 -147 -131 130 172 -83 -279 -152 156 361 361 315 249 53 -46 42 104 119 162 104 -45 2 158 203 11 -353 -395 -53 221 298 254 169 151 131 54 16 28 19 -9 -3 22 35 131 262 202 52 -23 -164 -335 -346 -332 -387 -327 -143 54 252 415 494 473 354 188 58 2 -9 -14 -14 -37 -153 -289 -298 -221 -180 -201 -247 -272 -271 -269 -233 -135 -39 11 30 27 16 13 16 11 4 9 13 4 -6 -3 2 8 12 7 10 19 20 14 2 -9 -6 1 0 0 3 6 9 10 14 21 19 7 -1 1 5 1 -7 -8 -5 0 7 6 1 -3 -11 -14 -9 -4 -1 1 3 6 7 3 -1 -1 3 6 5 0 1 11 8 -3 -4 -1 1 2 1 0 0 0 0 0 0 0 0 0 0 0 -1 -3 -4 -3 -1 0 0 0 0 0 0 0 0 -1 -5 -11 -16 -17 -13 -7 -2 0 0 0 0 -1 -3 -2 2 3 -1 -5 -3 1 -1 0 6 5 10 24 21 3 -3 3 10 16 12 10 17 14 8 12 16 13 -3 -14 -5 -4 -9 -7 -2 -17 -55 -63 -38 -14 -6 -10 -16 -31 -65 -86 -62 -29 -14 -12 0 14 7 4 12 15 16 19 20 22 18 1 -7 4 7 10 27 30 16 1 -9 -7 9 11 -5 -3 5 4 7 8 3 -5 -12 -13 -11 -6 -3 -4 0 -12 -18 127 440 640 480 126 -34 -39 -198 -384 -409 -333 -163 13 59 12 -12 -5 -9 -18 -13 -2 -3 -2 1 1 -6 -18 -16 -14 -13 7 34 46 32 4 -14 -23 -3 35 26 18 26 82 267 312 114 -7 0 11 8 -1 1 36 77 -94 -464 -643 -537 -255 117 272 166 224 432 382 145 25 14 -39 -211 -460 -572 -346 95 479 611 408 129 28 25 27 26 11 -46 -120 -147 -107 15 194 265 153 67 48 -29 -65 -13 15 19 26 12 20 72 233 541 725 544 210 26 -12 -6 0 -4 -3 -10 -59 -127 -112 -82 -261 -528 -505 -218 -9 107 251 288 187 97 31 12 12 -123 -262 -267 -296 -375 -314 -130 -26 31 162 285 287 222 158 78 11 -17 -46 -95 -103 -54 -11 0 2 65 152 106 2 76 255 256 132 139 200 170 127 79 28 176 455 440 173 16 -3 3 0 -12 -28 -52 -240 -484 -474 
-113 -189 -180 -74 -124 -253 -178 -20 62 103 96 128 225 242 271 362 149 -203 -121 124 129 50 22 7 -39 -128 -245 -222 47 237 70 -113 40 257 329 452 525 309 -47 -262 -174 -51 -188 -356 -294 -32 138 96 119 209 20 -223 -189 -118 -119 -170 -168 72 325 390 331 110 42 335 452 230 87 191 308 252 122 -38 -163 -154 -150 -154 29 297 363 227 96 33 2 -6 2 7 13 23 24 25 25 53 192 297 177 22 -42 -191 -395 -416 -252 -87 27 175 300 268 116 -71 -197 -165 -55 -1 21 54 52 -7 -116 -243 -324 -356 -365 -352 -299 -187 -82 -66 -80 -36 17 13 -7 -3 7 9 5 0 6 22 27 17 14 22 17 12 17 12 11 14 6 4 11 7 -1 0 1 5 7 -3 -11 -8 3 14 17 10 2 5 13 13 8 6 4 3 5 3 -1 -3 -5 -5 -3 0 3 4 4 7 11 11 10 8 6 5 1 -4 0 13 17 8 -2 -5 -1 2 1 0 0 0 0 0 0 1 2 1 0 -1 -3 -4 -4 -4 -3 -1 1 3 4 3 1 0 0 1 1 -3 -11 -19 -22 -17 -6 0 -1 -3 -3 -2 -3 -3 -1 -1 -4 -6 -1 8 11 8 4 7 16 9 -6 4 22 20 11 9 8 1 2 10 12 15 18 18 21 21 13 12 16 13 13 15 15 21 22 11 5 9 11 15 21 22 18 7 8 24 30 27 27 25 20 14 9 13 11 1 2 10 13 8 4 3 6 10 -1 -20 -22 -8 -2 -9 -12 -4 0 -1 2 3 6 3 -5 -4 -5 -4 0 -3 -17 28 254 554 625 383 85 -89 -279 -497 -540 -464 -368 -176 -3 52 38 -8 -13 6 9 7 3 0 9 23 18 1 -12 -3 13 14 5 -4 5 24 42 49 38 12 -26 -40 -29 -15 5 150 320 202 19 8 11 -1 10 8 -6 4 80 141 26 -158 -305 -357 -121 284 556 619 553 327 10 -96 -83 -269 -540 -588 -323 152 550 592 369 156 48 13 19 32 5 -90 -169 -163 -86 56 192 216 133 45 -41 -140 -188 -178 -106 -8 49 119 186 195 184 132 143 378 606 526 259 76 28 15 1 5 13 4 -37 -118 -158 -113 -204 -507 -606 -333 -69 -4 -24 -92 -197 -204 -134 -138 -169 -166 -116 15 76 -47 -116 -50 10 112 250 239 34 -122 -126 -146 -200 -250 -318 -316 -195 -68 -20 -20 0 67 157 224 232 252 294 245 145 67 11 -7 -6 -16 11 237 481 377 129 24 3 -1 -1 -16 -33 -70 -283 -599 
-192 -156 -142 -58 102 118 19 88 297 394 217 -33 17 189 220 317 309 -109 -389 -207 -13 10 0 15 109 187 67 -91 -86 47 205 251 230 177 87 148 253 118 -243 -575 -627 -442 -337 -350 -246 -106 -49 -27 15 140 78 -325 -606 -488 -188 40 224 361 345 245 -7 -231 -8 367 404 206 36 -17 62 102 -57 -190 -220 -118 215 432 365 227 124 50 24 41 25 -5 5 20 18 21 28 19 -2 -20 52 244 318 176 36 -29 -116 -151 -68 -4 -10 -74 -223 -388 -479 -461 -343 -182 -53 41 172 311 334 229 98 -6 -85 -140 -157 -128 -78 -11 74 155 197 155 65 12 3 7 5 -3 0 15 21 12 2 4 17 23 22 19 14 7 -3 -8 -4 5 14 17 11 1 -4 -2 -4 -14 -19 -15 -12 -10 -3 5 10 15 20 24 26 21 9 -2 -6 -1 7 11 13 10 3 1 2 0 -3 -4 -1 7 15 16 9 1 -3 2 10 14 23 24 7 -3 1 2 0 0 0 0 0 0 0 0 0 0 0 0 0 0 0 0 0 0 0 0 0 -1 -3 -2 1 2 3 3 0 -5 -11 -13 -9 -5 -3 -1 0 0 0 0 0 0 1 3 4 5 7 5 -1 -3 -1 1 3 5 8 12 13 8 3 5 12 16 12 6 5 7 9 11 13 15 17 19 20 20 20 20 20 20 20 18 15 17 21 21 20 19 15 14 10 3 11 21 17 12 13 11 8 6 6 13 21 20 9 -5 -17 -22 -19 -12 -6 -5 -9 -6 -1 -11 -15 -6 -5 -10 -13 -8 -4 -6 5 15 -3 -9 121 418 653 561 222 -66 -251 -391 -433 -402 -346 -267 -156 -22 67 85 42 -12 -14 5 11 6 -4 0 27 37 14 5 15 15 1 10 27 12 7 7 -12 8 57 65 54 33 -4 -23 54 272 333 125 2 23 24 3 0 11 7 0 32 189 364 282 -33 -309 -277 -13 106 10 -79 -197 -343 -261 -79 -66 -140 -137 -9 212 338 225 68 14 10 34 30 -49 -167 -204 -107 15 114 190 177 81 -22 -116 -148 -62 -17 -98 -120 -47 -1 45 100 41 -100 -161 -156 -97 115 396 518 363 116 17 13 3 -3 -5 -10 -31 -98 -155 -124 -174 -457 -635 -436 -254 -298 -263 -163 -83 -9 -2 86 218 234 284 369 266 78 12 10 -9 -57 -98 -148 -233 -263 -265 -298 -229 -71 -20 -44 -34 -13 -12 -13 30 122 178 118 39 86 174 143 46 0 0 0 3 1 58 320 506 321 81 10 5 6 0 -24 -36 -122 -323 
-33 134 160 42 76 209 155 7 -27 -16 -120 -250 -173 -21 15 120 326 169 -270 -311 -76 -3 -4 29 85 203 330 275 136 206 292 97 -199 -276 -127 -2 0 -108 -214 -112 10 45 178 316 294 135 14 -20 -89 -203 -273 -378 -475 -317 -62 69 153 168 59 -170 -434 -504 -418 -302 -65 124 -15 -269 -369 -298 -136 -47 -5 112 286 326 199 70 10 22 30 7 10 20 5 4 -35 -154 -216 -152 -54 8 30 107 293 401 313 160 59 4 -23 -19 -45 -180 -327 -350 -281 -161 -25 75 172 300 390 392 379 392 375 309 248 210 190 202 220 243 285 303 240 109 14 5 23 21 8 6 21 36 33 24 19 16 16 13 11 8 3 3 5 8 11 11 8 13 23 18 7 5 6 4 4 4 -3 -7 -5 -1 5 10 15 15 9 8 10 8 6 7 7 8 11 9 4 1 1 3 3 0 -1 2 3 -1 -5 -2 8 13 6 5 19 23 8 -4 -5 -3 -1 0 0 0 0 0 0 0 0 0 0 0 0 0 0 1 2 1 0 0 0 -1 -3 -4 -3 -1 1 2 1 -3 -9 -15 -19 -16 -6 4 7 4 -1 -5 -5 -3 -2 -3 -4 -4 -4 -3 -1 -1 -3 -5 -7 -8 -8 -4 3 5 4 4 4 4 4 3 2 3 4 4 5 7 8 8 8 8 8 8 8 8 8 8 11 13 4 -4 8 25 16 -1 -8 -18 -17 -4 4 8 10 8 9 11 9 8 7 3 -4 -11 -16 -17 -12 -4 3 6 3 -1 -5 -9 -3 7 9 8 4 -3 -5 5 6 -21 32 274 576 654 429 118 -133 -330 -394 -249 3 154 141 147 178 108 107 133 20 -31 0 -1 -7 -8 -1 4 -4 -12 -3 10 14 7 -8 -10 6 7 -13 -22 -24 -25 -24 -33 1 45 30 40 226 394 219 12 0 2 6 16 3 -10 -5 4 3 63 244 320 118 -191 -335 -210 -92 -179 -356 -464 -330 -78 71 281 507 448 130 -230 -375 -221 -35 14 2 -18 -53 -168 -250 -101 97 173 193 138 45 -35 -129 -144 -30 40 38 91 109 32 -15 -6 -26 -109 -207 -235 -192 -143 -54 134 434 660 524 196 33 17 7 -4 6 10 -7 -63 -133 -103 -101 -354 -601 -473 -199 -38 112 169 137 172 216 221 156 50 59 133 81 -74 -204 -244 -276 -317 -169 11 6 11 78 160 275 304 193 60 -1 2 10 0 2 16 9 -10 -3 10 5 7 10 -4 -4 12 18 8 113 394 475 236 46 5 -7 -12 -3 -22 -66 -76 
126 177 202 68 -108 -118 -127 -227 -294 -302 -166 -18 -41 -67 -27 32 203 273 -28 -250 -118 1 -3 -44 -103 -5 256 252 51 112 171 -106 -390 -276 -4 41 -11 -20 146 489 647 526 432 488 418 144 -124 -344 -550 -656 -516 -236 -69 27 174 190 -55 -234 -290 -461 -489 -336 -281 -207 -18 79 -65 -248 -355 -397 -163 175 328 332 210 78 18 19 42 33 15 -2 -68 -206 -318 -298 -249 -306 -373 -327 -171 -21 37 51 140 322 456 459 374 286 224 165 109 70 66 106 175 243 314 402 450 397 258 129 120 222 333 403 422 400 379 371 367 345 273 172 86 31 20 41 47 25 7 10 20 20 12 12 20 23 19 17 22 23 17 18 25 26 21 16 13 14 16 14 13 15 16 17 19 19 16 11 4 -3 -7 -7 -3 2 6 10 11 9 8 6 2 1 2 1 0 0 2 6 8 5 -1 -3 -3 -6 -7 -2 7 8 -3 -4 12 21 13 1 -4 -2 0 0 0 0 0 0 0 0 0 0 0 0 0 0 0 0 0 0 0 0 0 1 3 1 -4 -4 -1 0 0 0 -1 -7 -16 -19 -16 -11 -6 -4 -4 -6 -10 -11 -8 -4 0 4 7 6 2 -1 -3 -5 -7 -8 -8 -8 -6 -1 2 -1 -7 -9 -4 1 1 0 0 0 0 0 0 0 0 0 0 0 0 0 0 4 4 -8 -9 1 -7 -15 19 64 59 22 -5 -14 -9 3 13 13 10 11 9 -1 -14 -21 -19 -14 -12 -11 -7 -1 5 10 10 -1 -10 -2 4 -3 -9 -8 -3 -1 -5 -14 1 156 468 678 577 286 -12 -276 -404 -298 -111 -53 -113 -92 63 165 172 175 121 -52 -148 -58 10 3 -7 -13 -4 2 -19 -32 -11 3 3 13 29 15 -5 6 -4 -5 30 10 -38 -44 -55 -31 28 125 340 352 95 -12 15 1 -5 12 9 -6 2 17 8 6 133 329 292 -21 -323 -329 -66 140 72 -122 -196 -207 -182 28 360 578 465 -9 -482 -553 -332 -138 -101 -153 -178 -128 38 173 170 133 84 20 -67 -141 -84 27 15 -37 44 166 147 53 18 5 -15 0 12 -10 13 70 124 187 253 444 677 605 278 58 18 20 9 0 -3 -11 -60 -153 -137 -62 -236 -445 -279 20 150 132 76 75 47 -37 -107 -213 -297 -250 -214 -260 -318 -302 -167 -106 -92 60 193 254 313 275 172 125 92 26 -7 10 19 5 -3 0 3 3 -3 -5 2 3 2 3 10 17 3 -11 -10 156 450 437 168 24 3 -3 -6 -15 -33 -37 
-86 -64 -48 -59 -114 -189 -160 -55 -14 17 176 316 216 56 11 9 84 211 116 -102 -95 5 4 -134 -411 -496 -224 -68 -246 -343 -135 129 239 226 123 13 -8 112 343 414 299 182 18 -175 -343 -521 -667 -721 -647 -402 -33 280 327 285 478 572 168 -371 -587 -491 -204 151 354 195 -142 -272 -161 -47 -23 23 90 184 257 184 64 21 28 21 -23 -33 2 13 -74 -262 -414 -407 -233 -101 -133 -164 -124 -81 -69 -128 -193 -77 168 352 453 504 512 491 463 444 445 468 493 485 443 386 290 159 50 -3 3 29 52 103 157 184 194 179 151 103 27 -32 -39 -6 25 26 5 -8 7 32 36 22 15 17 23 30 29 27 30 32 29 25 22 15 7 8 18 18 6 4 12 17 17 14 7 1 1 0 -3 -4 -2 3 8 14 22 25 19 9 1 -2 0 1 -1 0 3 4 3 2 5 6 1 0 5 9 7 0 -8 -11 -6 0 7 18 21 11 4 4 2 0 0 0 0 0 0 0 0 0 0 0 0 0 0 -1 -2 -1 0 0 0 1 3 2 -2 -4 -3 -1 0 1 3 4 1 -8 -20 -28 -26 -16 -4 5 8 7 5 4 3 1 0 -1 -3 -4 -3 -1 2 6 8 5 0 0 2 -1 -6 -6 -1 2 1 0 0 0 0 0 0 0 0 0 0 0 0 0 0 0 -4 -9 -1 11 1 -17 -4 20 21 13 4 -3 -1 2 -1 -3 -1 1 0 -8 -18 -21 -16 -11 -9 -6 -4 -4 -4 -4 -2 -1 -1 0 -4 -2 7 1 -12 -12 12 129 386 630 641 410 87 -205 -436 -565 -478 -284 -217 -261 -289 -242 -162 -145 -129 -24 -94 -282 -187 -24 3 13 14 2 -6 -3 -1 -5 -9 -2 6 3 3 -3 8 63 76 28 0 -8 1 23 -11 -59 -15 188 337 184 24 15 11 6 6 12 17 11 0 -6 7 23 68 236 340 156 -166 -352 -207 94 234 246 170 4 -64 -23 65 287 557 566 172 -351 -626 -584 -387 -219 -108 93 265 210 87 30 -27 -114 -142 -51 22 -14 -19 86 157 100 18 3 11 0 27 123 224 260 235 190 154 152 130 54 133 476 657 396 85 8 14 -1 -6 -5 -11 -44 -127 -148 -81 -161 -395 -465 -270 -68 -59 -120 -166 -264 -281 -211 -260 -287 -165 -24 101 169 229 303 214 95 119 127 95 79 41 -2 -15 1 17 10 -3 3 16 13 6 7 6 13 18 -5 -21 -1 10 -1 -4 0 -4 26 243 477 376 129 20 7 2 -16 -25 -22 
-235 -122 -17 41 115 154 202 287 347 365 299 222 168 80 16 -3 37 139 115 -35 -70 -18 -4 -48 -192 -282 -188 -30 -25 -189 -169 134 422 369 104 0 -22 -40 -59 -203 -398 -552 -677 -756 -768 -705 -545 -263 107 436 638 682 517 251 101 89 -17 -297 -414 -191 172 472 493 257 40 -124 -122 169 454 534 377 121 -10 -37 -23 -95 -242 -305 -372 -432 -305 -86 59 68 -1 -22 50 170 187 116 -51 -253 -267 -256 -350 -344 -186 -6 120 199 264 325 383 415 401 359 298 235 161 60 2 13 19 -1 -13 -14 -16 -19 -11 1 -4 -11 -16 -28 -13 19 15 2 8 2 -8 5 34 56 58 50 45 38 31 31 32 31 28 28 31 32 27 15 5 7 19 22 14 14 15 9 9 11 3 -11 -20 -19 -11 0 10 17 21 22 24 27 26 20 14 12 11 9 10 14 14 8 0 -4 1 7 6 4 6 10 10 3 -7 -11 -3 4 4 14 26 18 4 1 1 0 0 0 0 0 0 0 0 0 0 0 0 0 0 0 0 0 0 0 1 3 4 4 4 3 1 0 0 0 1 4 5 0 -8 -16 -20 -16 -9 0 11 15 11 5 -1 -7 -11 -10 -7 -6 -5 -3 0 4 7 7 3 -1 -1 0 0 0 0 -2 -6 -8 -7 -5 -4 -4 -3 -1 0 0 0 0 0 0 0 -5 -6 7 10 2 13 22 -20 -77 -72 -29 -4 5 8 0 -15 -18 -13 -11 -7 -2 1 2 0 -2 0 2 -1 -7 -13 -17 -15 -8 1 7 8 12 7 -12 -3 97 323 577 668 515 191 -153 -421 -604 -602 -387 -236 -283 -271 -123 1 13 -72 -146 -133 -84 -148 -187 -60 26 13 4 14 19 10 -1 5 20 16 -10 -30 -29 -14 10 26 25 19 -5 -19 39 91 55 11 -17 83 324 303 72 7 26 19 22 23 17 15 14 -2 -23 -12 13 17 106 293 312 55 -257 -322 -140 66 336 559 492 277 108 34 64 229 495 605 307 -223 -552 -533 -289 11 167 127 48 2 -67 -139 -114 -4 16 -51 8 140 141 61 15 1 0 -1 0 21 72 165 223 144 42 -6 -91 -152 -180 -249 -97 386 694 511 169 19 13 5 -6 -2 2 -30 -123 -177 -112 -157 -449 -623 -446 -230 -238 -266 -173 -112 -3 178 232 210 230 291 305 232 221 253 169 62 29 13 -10 -19 -13 -11 0 10 -1 -5 9 10 -7 -11 -1 -1 -12 -15 -4 7 9 4 -1 3 8 6 -8 60 332 498 290 52 -3 0 2 0 -3 
198 133 131 162 217 293 244 148 145 122 46 8 4 -2 -7 -6 16 89 105 10 -23 11 29 139 314 263 14 9 265 335 153 -22 -95 -176 -338 -478 -568 -661 -744 -781 -771 -723 -620 -445 -201 79 368 608 714 683 507 204 108 102 -223 -422 -262 -115 -39 170 448 463 264 250 365 311 244 325 385 295 136 -76 -331 -379 -196 -142 -318 -382 -302 -312 -291 -134 87 283 389 336 152 70 163 222 64 -154 -142 12 -14 -192 -236 -120 -33 -27 -23 6 38 59 51 20 6 9 8 9 12 3 -4 2 -3 -5 14 22 22 26 8 -16 -17 1 40 72 64 48 47 49 59 71 63 41 30 35 40 31 19 18 25 34 38 37 36 42 49 47 39 30 27 29 30 27 14 -2 -3 9 16 9 -2 -2 6 11 11 7 1 -1 4 13 23 30 31 26 16 8 9 14 14 7 -2 -6 -2 5 6 1 -4 -5 0 7 11 8 3 2 -1 5 19 15 1 -3 -1 0 0 0 0 0 0 0 0 0 0 0 0 0 0 -1 -2 -1 0 1 3 4 4 5 6 5 2 -2 -3 -1 0 -1 -2 1 6 7 1 -10 -20 -23 -18 -12 -8 -4 0 4 7 6 2 0 -1 -3 -5 -7 -8 -6 -4 -8 -13 -10 -3 -2 -7 -12 -14 -13 -11 -9 -7 -5 -3 -1 0 0 0 0 0 0 0 -1 1 7 3 -7 0 14 6 -19 -21 1 9 2 -3 -5 -2 2 -7 -15 -9 4 17 20 13 8 9 9 5 -3 -11 -15 -15 -13 -3 13 8 -17 -14 88 320 563 650 514 208 -100 -354 -575 -621 -451 -237 -101 -44 -13 3 13 56 68 -10 -48 82 175 85 4 -6 0 -2 -16 -6 21 25 2 -12 -5 2 -8 -12 5 16 28 20 -28 -27 14 19 21 2 -32 6 108 301 393 189 17 14 15 4 5 12 11 7 11 18 14 3 3 4 28 201 366 236 -84 -314 -236 38 223 188 -37 -231 -267 -177 -52 23 141 374 559 466 93 -285 -370 -196 -49 2 -12 -110 -160 -64 38 2 -48 55 163 119 39 9 0 -7 -13 0 15 7 -1 10 -27 -160 -270 -308 -337 -316 -205 -93 -104 -20 381 712 603 257 44 9 12 1 -13 -8 -16 -83 -161 -114 -78 -326 -577 -431 -145 -1 144 242 245 311 332 229 144 98 56 25 25 61 64 15 -3 16 13 -4 -1 7 -2 -7 1 5 0 -7 -7 -8 -15 -9 -5 -16 -10 8 6 4 13 10 11 19 11 -3 119 396 462 235 50 3 1 -5 -25 
323 184 87 78 86 104 87 38 14 9 9 19 34 40 35 26 5 -14 -33 -103 -156 -142 -156 -149 -8 63 -101 -279 -313 -341 -490 -670 -783 -813 -792 -780 -747 -667 -546 -382 -199 27 297 522 663 738 734 633 457 204 -184 -419 -106 291 143 -181 -176 -40 42 224 352 210 54 67 171 308 350 145 -202 -350 -216 -191 -351 -398 -263 8 140 70 140 248 112 -78 -49 173 347 218 -118 -311 -214 28 230 261 166 209 315 281 178 69 14 17 16 19 21 15 21 32 36 27 22 32 30 9 10 40 35 9 15 21 13 17 25 22 28 46 41 19 26 47 44 37 44 53 46 25 9 4 5 11 21 31 37 30 20 16 15 24 35 37 35 32 27 22 19 18 19 23 29 25 12 14 26 23 11 6 8 7 -3 -5 3 1 3 22 37 32 17 4 -6 -6 -1 -3 -3 0 -4 -5 7 9 -5 0 7 -5 -5 3 -1 -9 -17 -30 -32 -10 8 5 0 0 0 0 0 0 0 0 0 0 0 0 0 0 0 -1 -3 -3 -1 0 -1 -2 -1 1 2 1 0 0 0 0 0 -1 -2 0 3 4 2 -4 -11 -19 -27 -28 -23 -16 -7 4 14 15 8 3 1 -1 -4 -8 -13 -20 -26 -25 -16 -7 -3 0 0 -2 0 1 -3 -9 -11 -7 -2 -3 -7 -6 -6 -10 -10 -5 -2 -1 1 2 4 5 -3 -11 -1 14 15 13 10 1 -5 -4 2 4 2 -2 -13 -18 0 28 32 14 6 11 10 3 -5 -8 -2 0 -9 -25 -10 98 323 574 684 578 291 -67 -363 -547 -605 -496 -278 -99 -21 -9 26 64 32 32 51 -4 -11 118 202 189 173 82 -15 -35 -21 -9 -8 12 33 24 -1 -16 -17 -2 18 18 11 10 -3 -21 -34 -29 -7 -23 -67 -34 34 170 370 292 48 -19 3 7 3 3 6 6 4 4 16 30 22 5 2 -4 77 282 320 66 -257 -357 -158 -46 -227 -337 -195 -170 -301 -228 -45 18 72 285 536 529 214 -221 -512 -445 -227 -176 -157 -29 34 -24 -18 116 185 88 -1 -5 -12 -8 14 9 -4 -4 -4 -3 -1 -34 -145 -305 -315 -106 64 142 255 275 130 69 314 666 686 357 82 16 16 6 -5 -10 -12 -51 -124 -109 -59 -229 -463 -306 80 243 250 216 120 53 35 18 4 4 9 12 9 9 5 -14 -21 2 20 10 3 10 14 11 2 -9 -13 -10 -7 -6 -3 1 -6 -15 -11 -4 -1 4 12 14 12 6 -11 -5 177 461 441 174 29 5 -5 -6 
63 46 -6 -35 -49 -101 -148 -171 -187 -199 -222 -247 -282 -352 -407 -424 -480 -504 -344 -290 -535 -720 -763 -796 -713 -541 -523 -665 -766 -752 -678 -587 -466 -325 -162 35 221 368 479 466 376 457 656 717 622 472 297 134 43 -46 -168 -79 166 287 201 -60 -143 56 213 128 -6 16 46 17 35 108 101 -88 -380 -528 -390 -81 141 85 -54 41 202 136 76 125 -6 -159 -102 18 86 71 -17 -7 53 23 113 273 254 189 290 385 287 138 60 44 51 57 57 45 45 52 32 16 27 20 -1 17 45 46 39 37 29 11 12 31 53 73 82 79 56 30 31 38 35 32 18 9 20 32 37 30 18 25 42 48 39 24 20 26 32 25 15 21 35 42 35 23 17 18 21 24 27 22 16 22 25 11 -6 -9 -1 6 6 1 -3 -2 5 14 17 16 20 26 25 16 3 -5 5 18 12 8 15 10 -4 -8 -3 -3 -21 -44 -47 -37 -28 -32 -38 -18 6 8 2 0 0 0 0 0 0 0 0 0 0 0 0 0 0 0 -1 -2 -1 -1 -3 -3 -1 0 1 2 2 3 3 1 0 0 0 -1 -3 -4 -3 -1 0 -2 -7 -12 -16 -19 -20 -19 -17 -10 1 5 4 4 2 -4 -12 -16 -13 -5 5 8 3 -1 -5 -6 0 4 3 1 -1 -4 -10 -14 -10 -5 -5 -7 -6 -2 0 0 0 1 4 6 3 -4 -10 -8 -4 -3 -2 -4 -7 -10 -16 -18 -7 0 -2 -6 -17 -23 -14 2 11 12 14 22 23 3 -16 -9 47 181 384 588 673 559 249 -127 -387 -507 -537 -483 -297 -53 38 -3 1 57 38 -15 45 70 -52 -118 -5 113 3 -174 -155 -48 -6 -3 -2 1 3 -6 -14 -5 4 -1 -2 4 -3 -8 -3 -3 4 -6 -37 -45 -36 -18 19 33 100 321 387 166 11 -1 0 -1 -2 1 3 0 0 1 -1 0 2 2 9 16 39 179 335 343 246 43 -93 -83 -126 -59 187 180 -128 -244 -91 3 1 45 216 466 555 267 -238 -572 -596 -360 -55 21 -57 -2 130 143 58 9 11 -3 -62 -134 -136 -75 -31 -12 -3 0 5 54 152 194 209 283 297 229 226 209 54 -77 -80 97 490 702 464 129 7 8 5 3 4 -9 -65 -157 -157 -77 -187 -447 -459 -197 3 29 -1 -9 2 0 -7 -1 2 -7 -15 -14 -12 -10 -10 -15 -20 -25 -21 -3 6 -1 -5 -2 -1 -4 1 11 5 -5 -3 1 3 5 2 -2 3 6 -3 -8 -1 -7 32 260 470 340 101 15 0 -5 
-495 -534 -591 -649 -676 -699 -750 -793 -816 -828 -823 -828 -840 -831 -826 -823 -805 -661 -331 -188 -395 -552 -498 -378 -241 -106 -5 97 227 368 498 596 629 630 622 564 519 514 523 378 102 80 212 195 94 18 -9 -7 9 59 176 300 249 32 -112 -105 18 315 567 316 -124 -172 -99 -145 -185 -168 -84 -7 110 163 41 103 302 327 167 -94 -209 -232 -263 -120 31 5 -9 20 35 154 358 490 448 237 85 133 168 104 112 142 95 66 60 48 42 32 26 30 35 26 19 24 28 39 49 53 40 13 10 -4 -21 23 59 50 62 91 101 93 81 70 54 41 44 51 44 27 20 35 53 52 45 43 37 25 7 1 12 19 22 19 18 26 25 16 18 28 30 28 27 21 13 14 22 20 5 -5 -3 3 6 5 6 1 -9 -2 9 5 1 9 20 28 30 19 7 4 3 1 1 3 -11 -22 -9 -23 -39 -17 -22 -54 -59 -39 -12 7 9 1 -2 2 2 0 0 0 0 0 0 0 0 0 0 0 0 0 0 0 0 0 0 0 0 0 0 0 1 3 4 3 1 0 0 0 0 0 0 0 0 0 0 1 2 -1 -7 -13 -19 -26 -33 -25 -4 4 0 -2 1 5 7 11 15 15 12 9 8 8 9 8 3 -1 0 6 12 13 8 2 -1 -3 -3 0 2 0 -3 -3 -2 -5 -10 -11 -7 -1 5 3 -6 -6 0 3 5 4 -5 -10 -2 6 11 14 5 -9 -2 20 19 5 2 -8 -17 12 111 279 450 542 556 482 222 -151 -419 -534 -543 -457 -298 -148 -48 3 -15 -19 1 -5 -9 19 15 -72 -89 48 153 25 -196 -341 -318 -109 9 -3 0 9 4 -20 -41 -35 -15 -5 4 14 6 15 25 25 57 60 33 13 -1 15 23 24 238 487 317 35 -22 -10 -7 -9 -13 -11 -6 -7 -5 1 -7 -21 -19 -5 1 4 10 77 276 507 631 489 124 -18 133 124 -105 -160 5 87 30 -4 7 -1 29 188 438 585 406 -74 -459 -469 -305 -141 47 152 107 24 -2 13 12 7 -18 -158 -271 -178 -43 2 8 8 5 37 171 344 369 233 90 3 -23 -91 -231 -254 -287 -396 -159 396 712 555 214 36 11 3 5 11 -8 -57 -137 -171 -104 -164 -479 -626 -361 -68 5 -3 -5 -6 -9 -18 -20 -15 -8 -6 -8 -6 -5 -12 -22 -22 -14 -11 -11 -7 -1 4 8 11 9 0 -9 -10 -4 2 3 3 3 -2 -6 -2 8 15 11 3 -2 86 347 470 256 53 13 5 
-801 -799 -753 -706 -670 -601 -525 -456 -382 -319 -266 -215 -149 -48 54 116 196 347 423 272 150 344 617 732 772 795 804 816 761 657 663 699 549 348 248 35 -215 -270 -130 38 -19 -171 -198 -119 -27 12 23 18 3 58 168 117 -130 -368 -371 -149 65 231 323 196 -168 -396 -287 -151 -102 -89 -90 65 359 424 167 -69 -80 15 -32 -181 -154 -18 36 83 231 264 107 13 16 79 205 249 197 145 67 25 37 36 29 34 43 38 37 36 24 19 27 38 35 36 52 50 26 22 33 9 -11 -27 -59 -117 -165 -84 9 29 53 71 67 54 50 57 63 57 32 16 40 54 35 33 32 21 31 41 35 22 18 30 37 27 13 12 22 31 32 24 15 17 26 31 36 42 40 26 7 -5 -5 6 23 33 26 12 7 9 9 4 -5 -6 9 23 18 6 0 3 22 33 7 -27 -29 -22 -41 -56 -36 -24 -45 -55 -33 -9 -6 -6 7 21 22 9 -3 -3 2 3 1 0 0 0 0 0 0 0 0 0 0 0 0 1 3 3 1 0 0 -1 -3 -3 -1 1 3 4 4 4 4 4 4 4 3 1 0 0 0 -1 -3 -4 -4 -5 -7 -10 -13 -20 -30 -25 -5 14 25 27 23 21 23 18 6 -3 -6 -2 6 12 13 8 2 0 -2 -5 -2 4 4 0 -2 -1 -2 -6 -9 -9 -7 -8 -11 -12 -10 -5 -1 1 2 -2 -10 -15 -13 -6 -1 -1 3 14 13 7 19 30 21 -3 -29 -37 -11 70 219 400 535 560 448 211 -66 -323 -517 -576 -507 -377 -257 -157 -57 -4 -24 -55 -25 48 82 52 10 -21 -74 -38 124 239 161 -59 -185 -177 -114 -33 5 11 17 15 16 19 21 40 42 19 7 5 5 -3 -12 -17 -22 -4 18 23 56 90 50 120 332 306 84 -12 -13 -9 -1 7 9 2 0 3 4 2 -4 -10 -10 -2 7 8 -2 14 140 269 264 220 116 22 163 277 112 83 308 314 104 1 2 11 19 36 123 352 514 341 -12 -340 -487 -257 42 63 2 7 5 -10 -4 22 49 57 61 52 8 -14 5 16 12 9 31 79 35 -100 -146 -132 -147 -144 -168 -209 -167 -133 -142 -3 354 682 630 287 66 23 2 -7 -5 -13 -31 -93 -157 -113 -109 -372 -600 -410 -85 17 -8 -9 2 -4 -6 -1 1 2 2 1 -2 -6 -6 -1 2 0 -2 0 5 10 13 11 3 -5 -9 -7 -1 1 -4 -6 -2 -3 -6 0 14 24 22 16 16 14 142 412 429 173 27 18 
264 290 370 487 547 570 618 664 719 761 755 774 785 774 804 828 828 814 772 586 278 253 512 628 567 496 447 385 220 -19 -66 70 67 -82 -105 -12 28 31 21 157 346 223 -5 -26 26 29 23 31 23 30 141 148 -191 -462 -296 -11 40 -147 -245 -34 50 -159 -102 157 224 90 -131 -129 -12 -39 -46 -128 -218 -167 -162 -47 245 483 528 362 238 245 153 43 24 19 36 41 34 30 7 -1 13 22 20 12 -3 -9 17 31 27 36 40 39 38 37 21 12 30 30 -30 -181 -292 -267 -258 -302 -273 -174 -78 4 46 48 39 29 32 47 58 57 43 26 33 52 51 34 13 9 28 45 44 27 25 36 35 38 45 42 33 34 52 63 45 27 35 38 26 19 18 15 9 6 11 24 35 32 16 1 -1 4 7 9 8 4 1 1 4 5 4 9 12 -7 -43 -68 -73 -60 -37 -41 -55 -30 -14 -28 -10 20 15 -4 -13 -8 0 0 -6 -8 -1 4 3 1 0 0 0 0 0 0 0 0 0 0 0 1 3 3 1 0 0 -1 -3 -3 -1 0 0 1 3 4 4 4 4 4 4 3 1 0 0 -1 -3 -3 -1 0 0 0 0 -5 -17 -27 -30 -27 -18 -1 20 30 26 19 12 5 1 0 -1 -4 -4 4 13 15 9 1 3 12 14 9 6 7 7 4 2 3 3 1 0 0 0 0 -2 -1 5 5 -1 -6 -9 -8 0 6 2 0 3 2 -14 -42 -46 -9 83 239 394 486 530 510 339 42 -209 -330 -433 -540 -511 -372 -241 -117 -29 29 109 126 64 29 66 95 101 94 -9 -92 11 184 209 71 -98 -168 -124 -55 -8 0 6 22 10 -7 -5 11 37 59 57 34 6 -10 -5 -13 -20 -24 -51 -46 -13 9 2 -33 -38 91 200 84 -9 31 49 38 24 14 8 3 7 17 18 9 7 13 12 -1 -13 -11 2 6 47 84 -16 -67 18 6 4 171 310 347 285 72 -89 -69 -11 8 -1 -21 -10 53 113 105 36 -66 -124 -76 -19 -13 -12 1 0 -16 -8 6 21 86 96 -34 -115 -66 -16 -5 -5 -10 -9 -5 -83 -248 -294 -203 -140 -10 150 143 193 341 262 49 8 256 619 682 383 107 20 -7 -13 -2 -6 -11 -59 -151 -135 -113 -346 -604 -476 -137 3 -13 -9 4 6 5 0 -4 -4 -7 -12 -10 2 11 7 0 -3 -4 -3 -1 0 -1 -3 -3 1 8 13 10 1 -3 1 2 -3 -5 1 9 10 7 4 -11 0 213 477 377 109 18 
779 582 440 451 399 415 498 347 247 300 182 35 61 201 321 332 293 257 293 427 309 -182 -439 -253 -49 5 3 2 11 -102 -321 -325 -65 137 197 347 532 568 401 282 450 527 345 143 23 -2 3 -1 2 7 72 99 -83 -205 -33 296 432 120 -108 158 406 217 -31 32 97 -52 -147 -86 -57 -53 -52 -41 107 264 306 316 328 342 303 209 130 94 67 32 16 13 19 -8 -47 -82 -116 -57 13 13 21 38 31 14 11 18 25 2 -58 -99 -143 -224 -218 -89 17 47 -20 -226 -421 -389 -218 -103 -29 0 1 27 36 31 32 32 35 39 35 34 49 49 23 28 59 50 38 48 35 17 14 21 34 35 34 40 38 40 36 11 -6 3 24 35 34 29 21 13 9 11 17 26 40 48 39 19 5 5 12 16 12 5 1 0 -1 -2 2 14 29 29 -4 -53 -70 -49 -43 -60 -43 -13 -25 -30 -8 7 25 32 9 -21 -41 -42 -23 -1 7 4 2 2 2 1 0 0 1 2 1 0 0 0 0 0 0 0 0 0 0 0 0 0 0 -1 -3 -4 -4 -3 -1 0 0 0 0 0 1 3 3 1 0 1 2 1 0 0 -1 -3 -5 -5 -4 -10 -24 -36 -38 -32 -24 -9 12 26 33 35 29 16 2 -7 -9 -3 6 10 11 20 41 46 21 2 1 4 7 8 9 9 6 3 1 1 2 0 -4 -10 -15 -9 9 25 23 9 4 1 -19 -40 -41 -4 84 207 343 478 585 620 547 342 69 -164 -331 -416 -393 -303 -235 -179 -110 -84 -57 2 36 37 -1 -26 18 36 54 84 -23 -115 -24 124 211 154 -43 -226 -246 -127 -25 4 8 10 18 18 -9 -25 -28 -31 -25 -24 -18 -4 6 7 2 5 8 -4 -23 -23 -9 4 -19 -27 135 184 -57 -135 -21 14 21 30 20 9 9 12 7 9 11 5 6 13 11 1 -9 -19 -18 -14 4 68 52 -44 -7 45 -23 -39 1 -97 -315 -471 -512 -385 -146 -13 -2 -4 0 -6 39 151 159 55 11 -6 -25 4 11 -10 0 6 -11 -16 18 2 -183 -334 -230 -58 -21 -33 -6 11 4 9 61 74 -15 3 117 167 258 314 255 245 204 67 1 12 183 548 702 453 147 41 34 16 0 -5 -14 -56 -143 -158 -100 -265 -577 -551 -217 -8 10 -10 -18 -6 1 -5 -9 -9 -8 -4 7 12 5 -1 -4 -6 -5 -3 -2 -2 0 6 14 19 19 16 11 6 5 6 2 -8 -16 -16 -12 -15 -25 -17 -6 58 320 510 316 62 
137 -127 -410 -477 -399 -277 -267 -448 -504 -384 -377 -479 -444 -244 -94 -46 -18 -8 19 224 489 298 -300 -635 -471 -153 -5 5 91 247 197 7 55 257 295 263 272 253 203 144 169 221 168 63 6 7 8 1 -2 -18 -57 -175 -256 -95 227 509 615 429 96 22 228 249 -71 -207 -45 61 48 -81 -71 150 208 228 321 323 340 280 127 50 20 11 21 18 -1 -9 -43 -179 -268 -219 -247 -355 -328 -159 -25 21 32 24 25 24 6 7 -43 -207 -349 -351 -298 -308 -229 -55 -16 -17 36 73 125 190 266 383 394 252 130 65 29 22 26 34 39 35 24 20 29 35 27 26 39 42 41 48 43 -3 -34 21 76 68 50 50 49 33 17 11 11 16 25 27 20 20 27 31 30 27 29 38 49 52 41 26 24 33 35 29 19 0 -14 -10 0 4 1 3 16 20 4 -18 -21 -1 7 -19 -35 -9 3 -21 -28 -6 14 22 21 8 -14 -27 -16 7 18 13 6 3 1 0 0 0 1 2 1 0 0 0 0 0 0 0 0 0 0 0 0 0 0 -1 -3 -4 -4 -4 -4 -3 -1 -1 -2 -1 0 1 3 4 4 4 3 1 0 0 -2 -6 -9 -12 -12 -5 1 0 -8 -25 -46 -57 -52 -38 -19 2 18 27 33 35 28 16 5 -6 -15 -14 -3 8 9 2 -2 -1 0 1 4 6 4 0 -3 -4 -3 0 4 4 -7 -24 -31 -27 -22 -8 26 66 118 212 327 440 547 600 569 466 289 53 -166 -310 -395 -442 -372 -175 -76 -112 -88 -37 -38 -3 51 22 -4 -7 -69 -47 25 25 35 0 -90 -39 146 213 67 -140 -235 -215 -136 -40 10 17 9 -1 -10 -15 -3 12 10 -3 -20 -37 -36 -19 0 5 -7 1 9 -7 -20 -20 -9 1 33 250 627 645 179 -142 -90 -6 8 16 14 8 10 14 2 -10 -10 -5 -1 -1 -4 0 13 17 11 10 6 37 74 -22 -130 -164 -219 -168 -91 -245 -439 -416 -335 -344 -276 -90 5 9 15 19 153 419 510 305 -42 -352 -391 -187 -38 -15 -15 -2 3 3 23 39 -6 -59 -45 -14 -2 4 7 15 13 -3 73 245 312 252 189 127 94 101 74 22 -2 3 16 7 -15 104 447 702 560 225 37 5 5 -3 -4 12 -21 -117 -154 -103 -208 -519 -576 -263 -23 6 -6 -5 -1 -3 -8 -2 8 11 7 2 0 -1 -3 -3 0 3 4 4 5 9 13 12 9 8 9 8 5 6 4 -7 -18 -19 -9 7 13 9 17 3 96 381 458 245 
-59 -4 76 92 143 46 -104 72 162 31 135 315 289 114 -46 -56 -2 10 9 69 296 584 510 -32 -491 -417 -116 1 51 252 437 365 203 144 109 67 41 19 15 12 0 0 2 -1 7 5 -6 0 0 -5 -110 -313 -296 27 361 378 231 227 48 -214 -63 233 141 -153 -118 143 242 146 113 213 316 326 200 66 33 31 13 19 17 -15 -20 2 14 17 -60 -292 -501 -434 -237 -195 -165 -64 -27 0 12 -14 3 37 35 27 -73 -267 -309 -144 68 122 30 -33 -67 -48 80 313 516 521 407 342 292 191 104 48 21 17 18 29 37 37 36 31 11 7 43 45 0 -9 -18 -66 -100 -160 -200 -101 14 33 14 14 35 38 34 44 47 39 36 37 34 34 33 23 16 28 54 56 28 15 20 26 37 44 32 15 10 9 9 3 -14 -24 -14 -1 -2 2 26 43 25 -8 -15 8 17 6 7 -1 -12 -11 -26 -21 20 36 19 0 -7 -1 4 2 1 2 1 0 0 0 0 0 0 0 0 0 0 0 0 0 0 0 0 0 0 0 0 0 0 0 0 -1 -3 -4 -3 -2 -3 -4 -3 -1 1 3 4 2 -1 -1 0 0 0 0 0 1 3 2 -3 -9 -13 -12 -8 -18 -44 -60 -62 -59 -49 -33 -17 -2 12 23 37 52 55 41 16 7 22 27 18 12 8 5 4 8 14 13 8 6 9 16 24 43 72 97 132 182 230 276 327 380 423 440 418 345 206 9 -190 -350 -462 -498 -454 -363 -265 -205 -93 107 125 -38 -100 -57 20 94 99 57 47 56 67 97 73 17 -89 -170 -33 126 101 -21 -145 -210 -155 -69 -36 -15 -9 -7 1 -1 -13 -24 -13 6 10 17 29 15 -3 7 22 21 15 21 33 33 21 12 12 8 101 354 495 478 372 62 -120 -35 11 0 4 9 11 11 6 -7 -9 4 10 3 1 3 5 12 8 7 13 15 71 34 -273 -569 -605 -420 -136 6 -21 -43 -65 -196 -284 -152 -13 11 11 11 50 204 454 568 319 -175 -537 -528 -268 -60 -11 -6 5 -4 -6 73 221 273 133 -26 -25 15 -8 -20 -6 0 1 72 176 152 57 19 8 3 3 -8 -6 7 -2 -6 5 -13 45 349 677 618 280 66 27 15 2 -6 -14 -34 -113 -183 -125 -145 -432 -605 -372 -62 23 -7 -13 -13 -16 -7 5 6 -7 -16 -13 -11 -11 -8 -5 -4 -3 0 3 3 0 -4 -6 -4 2 5 2 3 5 -1 -7 -3 9 19 19 11 1 -4 5 168 436 517 
85 346 607 632 528 394 381 570 597 440 435 526 492 299 121 56 24 13 12 -6 18 176 462 524 73 -330 -215 -14 20 28 49 61 32 -9 -13 -7 -16 -11 10 13 11 26 9 -24 -17 -6 0 4 5 -10 -186 -348 -165 183 326 177 29 136 168 -96 -175 94 226 -44 -243 -53 188 286 229 111 65 44 22 -5 -22 3 -64 -193 -213 -271 -401 -359 -151 -2 -14 -23 52 76 141 293 275 84 -28 -127 -290 -268 -81 24 41 41 50 72 170 311 345 340 254 90 65 87 89 195 263 184 115 85 64 62 53 46 41 31 22 21 21 26 44 41 32 42 37 26 16 -42 -130 -227 -328 -333 -284 -260 -171 -42 23 22 7 19 40 42 34 27 23 33 46 40 32 30 29 37 44 37 24 16 21 33 32 19 13 17 23 27 24 14 4 0 2 5 2 0 22 61 63 18 -1 33 53 27 7 15 15 -2 -27 -40 -19 4 7 13 18 2 -7 4 8 12 20 18 8 0 -1 0 1 3 4 3 1 0 0 0 0 0 0 0 0 0 0 0 0 0 0 0 0 -1 -3 -3 -2 -2 -1 0 1 3 4 3 2 2 0 -3 -3 0 4 5 2 -1 -2 -2 -3 -4 -3 1 2 -7 -19 -29 -41 -54 -62 -56 -40 -32 -31 -23 -6 8 7 8 23 30 29 33 44 60 66 69 85 88 84 94 81 55 58 95 156 217 266 295 277 224 186 177 112 -63 -232 -337 -438 -520 -524 -460 -365 -277 -213 -156 -102 -52 -69 -155 -144 -34 33 56 64 21 -12 32 29 -2 13 -43 -111 -94 -50 39 110 25 -133 -223 -203 -108 -37 -5 11 10 3 -15 -20 3 13 5 0 -10 -14 1 17 30 33 22 9 9 34 28 6 27 43 36 20 88 311 339 69 -14 129 99 -76 -83 -4 -1 -4 5 6 4 6 11 16 17 11 3 3 9 12 11 6 1 6 10 38 98 -8 -246 -384 -432 -240 140 256 127 100 178 158 42 -5 7 8 13 9 24 148 397 567 400 -72 -493 -566 -351 -106 -3 -8 -20 -15 38 106 45 -142 -227 -116 -14 -4 -8 -4 11 11 3 9 13 12 11 18 26 21 17 10 -1 -1 2 1 6 2 27 246 602 684 385 102 27 13 -13 -17 -1 -13 -85 -171 -155 -160 -407 -615 -428 -104 11 -8 -11 2 1 -6 -8 -8 -9 -11 -14 -16 -14 -11 -9 -5 -2 -2 -2 -5 -12 -16 -11 -2 1 0 5 16 23 19 9 2 -7 -11 -3 -7 -9 -11 27 260 565 
81 229 272 205 179 243 285 223 184 217 200 136 103 104 101 64 18 -2 1 15 14 -5 76 327 342 -52 -229 -78 -3 1 2 -7 -16 -23 -13 1 4 2 7 -22 -127 -238 -309 -268 -93 15 16 5 0 -81 -249 -252 15 284 263 75 -2 75 215 96 -181 -111 172 137 -162 -174 -6 30 27 9 -9 -16 -114 -271 -314 -202 -168 -316 -290 -176 -258 -302 -184 -24 95 285 478 409 256 231 91 -195 -284 -214 -246 -304 -223 -69 10 16 118 338 430 306 153 184 270 223 176 128 52 29 35 35 21 19 47 63 61 62 46 27 28 28 23 36 47 47 64 75 63 10 -79 -182 -205 -91 -61 -54 38 -31 -120 -44 18 17 13 14 16 19 29 37 28 17 16 14 21 35 38 27 1 -3 26 28 4 -8 -7 3 19 31 34 32 27 30 43 45 27 -5 -21 -20 -46 -59 -18 26 27 -6 -24 -16 2 28 28 6 8 1 -24 -17 -1 2 2 -5 6 30 32 30 36 33 21 10 6 5 3 3 3 0 -3 -3 0 2 1 0 0 0 0 0 0 0 0 0 0 0 0 0 -1 -2 -1 1 2 1 0 1 3 4 4 4 3 1 1 4 9 11 5 -2 -4 -4 -5 -6 -5 -7 -12 -12 -7 0 4 0 -7 -12 -18 -31 -53 -74 -78 -68 -61 -63 -65 -53 -34 -27 -29 -27 -23 -27 -31 -27 -12 9 5 -14 -14 -9 -18 -44 -92 -140 -179 -228 -273 -311 -352 -376 -361 -326 -280 -199 -134 -123 -116 -112 -108 -67 -10 21 -67 -227 -197 -6 81 19 -67 -70 -51 -38 15 28 -32 -91 -54 43 131 156 75 -54 -155 -160 -107 -47 -3 4 -1 -5 -1 5 7 3 7 38 59 34 -2 -20 -19 -5 2 -9 -22 2 27 15 1 10 29 17 34 284 559 354 -11 -63 39 121 35 -90 -43 13 5 2 3 0 4 14 18 14 7 5 7 8 6 5 11 11 3 -1 -10 69 260 296 84 -209 -328 -55 326 506 577 593 452 183 19 -2 2 6 6 4 11 90 315 540 478 73 -400 -588 -421 -154 -19 -6 -13 -3 -9 -94 -192 -170 -82 -20 10 12 -5 -45 -81 -88 -69 -34 -4 17 17 -7 -13 4 6 6 6 -10 -12 0 1 -14 -1 190 549 699 453 147 34 21 9 2 10 5 -61 -169 -170 -129 -329 -611 -531 -190 0 13 -2 -2 8 6 0 2 -1 -7 -6 -2 0 0 0 -1 -1 3 6 4 1 1 2 0 -2 1 9 18 19 9 -2 -5 -4 -5 -5 -10 -17 -18 76 269 
14 32 26 -1 -5 14 13 -5 -6 3 5 0 -6 -8 -7 -3 4 10 11 10 15 22 17 110 248 67 -193 -118 0 7 11 3 14 38 13 -31 -99 -238 -265 -151 -200 -336 -343 -279 -132 2 19 6 -15 -141 -249 -118 153 281 154 30 26 28 146 220 -48 -209 42 234 1 -255 -138 -5 -14 -135 -290 -233 -186 -318 -410 -301 -28 70 -30 74 305 337 145 -98 -105 71 3 -156 -59 0 -164 -322 -325 -156 30 -5 -92 -26 33 39 98 230 261 123 41 71 100 85 39 11 22 40 42 36 22 15 23 26 17 15 23 21 24 32 36 29 18 49 63 -19 -136 -246 -353 -368 -238 34 273 291 290 314 200 66 22 21 29 25 12 11 18 26 32 23 10 20 34 29 17 12 14 16 20 35 49 46 35 31 33 38 44 41 33 23 -3 -47 -88 -93 -56 -38 -76 -106 -63 28 57 -5 -48 -33 -7 14 26 15 0 -3 -2 17 36 26 11 17 31 36 34 28 23 22 21 16 7 1 -1 -3 -4 -4 -4 -3 0 2 1 0 0 0 0 0 0 0 0 0 0 0 0 0 0 0 0 -1 -2 -1 -1 -3 -4 -3 -1 1 4 7 9 11 12 8 0 -3 -1 0 0 0 0 -2 -4 -3 -6 -12 -10 -3 -4 -8 -3 4 7 5 -4 -18 -33 -51 -62 -47 -28 -32 -54 -78 -86 -92 -112 -113 -98 -95 -82 -66 -73 -105 -155 -201 -241 -258 -225 -196 -214 -253 -233 -138 -91 -106 -99 -66 -47 -41 -30 5 31 6 -15 9 74 108 59 11 -3 11 40 22 -17 -21 -15 -38 -9 80 117 105 34 -96 -150 -104 -52 -23 -15 -8 -1 -2 -1 3 10 16 7 -10 -2 17 20 23 39 38 15 -12 -32 -18 1 6 6 -3 -13 -19 -24 -22 114 328 317 136 -28 -102 -25 108 100 -61 -97 -16 0 -3 4 6 7 5 2 5 11 16 18 14 9 9 7 -1 -10 -15 -16 13 168 320 234 -29 -290 -257 97 359 364 261 140 32 -7 4 3 1 7 6 9 10 58 265 529 546 204 -280 -565 -469 -186 -22 -1 -4 67 197 286 240 61 -46 -22 6 5 -9 -37 -81 -122 -133 -110 -70 -23 10 6 -2 8 -7 -30 -19 -2 4 0 -2 4 1 116 461 705 524 196 48 18 8 4 -6 -11 -32 -111 -154 -123 -274 -573 -569 -239 -9 9 -3 -7 -12 -5 -3 -2 -1 -2 -1 1 1 -3 -6 -3 4 11 16 17 12 5 2 2 0 -4 -6 -5 -4 -4 -3 -4 -7 0 14 15 6 8 19 
7 -3 -3 7 8 2 7 13 7 4 6 3 -3 -7 -7 -3 5 12 10 4 7 14 7 32 159 128 -132 -165 -19 7 -5 -32 -102 -130 -145 -204 -326 -496 -520 -306 -25 138 238 219 3 -121 -68 -12 -34 -147 -193 -28 182 205 85 23 26 18 51 189 135 -189 -287 -95 -54 -253 -253 -59 -82 -318 -507 -413 -47 187 137 74 172 346 285 187 272 246 82 -183 -296 -126 -133 -280 -222 -16 158 254 260 175 206 318 268 117 45 53 51 42 35 20 18 21 12 3 3 16 39 51 32 8 14 24 8 2 14 13 22 41 31 22 34 20 -57 -206 -319 -303 -279 -303 -258 -84 25 20 184 341 267 218 203 111 49 37 34 30 19 14 16 20 27 32 32 35 33 24 25 40 56 49 27 30 53 67 62 44 29 12 -21 -62 -95 -114 -119 -103 -67 -25 -24 -74 -77 -29 -10 2 26 24 6 0 -10 -11 28 59 34 14 37 56 64 71 70 62 39 17 16 16 10 10 14 12 1 -6 -4 -3 -3 0 3 3 0 -2 -1 0 0 0 0 0 0 0 0 0 0 0 0 0 0 0 0 -1 -3 -3 -1 -1 -3 -2 2 4 4 3 1 0 -2 -4 -1 3 4 3 1 -1 -3 -4 -1 5 5 -2 -5 0 3 -5 -15 -15 -8 -1 2 1 -1 0 5 3 -7 -8 1 3 -3 0 6 6 -3 -25 -28 -15 -21 -38 -51 -48 -39 -51 -59 -55 -76 -90 -72 -54 -43 -31 -29 -39 -21 15 43 54 38 61 63 -6 10 60 25 -17 -12 39 89 53 -25 -70 -84 -18 90 116 32 -77 -152 -178 -134 -79 -42 -11 4 8 6 0 0 19 33 22 3 -9 -17 -36 -40 -13 15 31 19 -1 0 18 24 -5 -25 -30 -32 -22 12 159 375 302 -55 -141 -40 -105 -102 33 108 10 -108 -61 -3 -6 -5 1 4 1 -3 -2 5 13 15 9 2 3 5 1 -2 0 3 4 67 245 311 112 -193 -351 -218 -47 -26 -132 -311 -382 -305 -161 -32 7 6 11 5 12 13 27 186 455 559 313 -160 -519 -508 -247 -54 -16 27 125 126 -45 -224 -199 -58 0 8 37 78 106 86 7 -98 -166 -157 -107 -55 -10 -11 -25 -2 19 16 5 14 23 4 -8 -9 73 376 666 562 235 55 16 1 -2 4 5 -36 -123 -164 -119 -196 -491 -629 -363 -44 21 -21 -24 -7 3 5 1 -8 -12 -9 -5 -3 -3 -5 -5 -3 0 2 0 -4 -3 3 4 1 0 1 5 9 5 -2 1 13 26 31 22 5 -8 
18 -2 -3 15 13 -9 -10 6 8 5 7 7 3 -2 -3 -1 1 2 -2 -7 -3 3 -1 6 111 143 -75 -178 -62 5 11 -17 -115 -286 -358 -257 -115 96 215 124 103 153 205 183 -114 -304 -154 -22 -32 -99 -114 29 187 155 39 -6 -1 3 -8 87 218 -36 -381 -176 241 220 -55 -71 -30 1 137 124 152 367 469 316 64 46 101 -88 -289 -326 -139 71 17 -5 166 175 -3 18 287 481 457 356 331 357 264 101 40 27 13 19 27 26 12 -1 1 17 35 38 24 10 14 30 33 18 4 11 30 35 24 15 20 9 -35 -97 -234 -330 -258 -196 -90 104 178 243 350 270 141 159 130 36 27 39 23 25 35 37 37 31 22 18 23 34 38 30 25 39 65 76 59 35 27 25 10 -15 -39 -72 -120 -155 -155 -125 -76 -22 29 80 127 135 64 -27 -38 0 -5 -48 -36 20 35 41 50 39 47 74 83 81 71 40 20 27 33 27 13 5 11 13 8 9 16 20 16 7 1 0 1 4 7 6 0 -4 -2 0 0 0 0 0 0 0 0 0 0 0 0 0 0 0 0 0 -1 -3 -4 -4 -3 -1 1 3 3 1 -1 -3 -4 -1 5 8 8 7 5 3 0 -1 5 15 19 11 -1 -5 0 1 -8 -15 -16 -15 -13 -11 -8 -2 1 -11 -29 -28 -9 3 2 1 1 1 -7 -24 -23 -8 -4 -7 -12 -16 -15 -34 -55 -33 -7 -7 -15 -19 -8 -4 10 56 84 65 27 -8 -27 12 65 36 6 28 32 33 2 -53 -81 -62 -14 -5 13 39 2 -50 -83 -118 -117 -57 -15 -23 -25 -13 4 12 12 13 -1 -12 0 17 9 -8 -8 5 16 2 -34 -44 -20 11 28 10 7 9 -9 4 10 -23 50 368 575 340 2 -107 -40 -54 -136 -79 62 70 -91 -113 -10 12 2 -4 -2 1 0 1 4 7 8 5 1 3 5 2 2 7 11 7 17 151 319 242 -49 -298 -282 -90 -103 -315 -321 -151 -199 -331 -224 -53 -9 -7 0 2 4 -14 -13 123 389 571 425 -25 -451 -575 -396 -143 -17 -6 -78 -171 -147 -50 -9 -9 -1 7 26 72 118 133 115 63 -33 -113 -100 -39 0 11 -58 -162 -147 -52 -1 11 17 7 -8 -29 20 301 636 614 286 52 12 19 10 -7 -2 3 -66 -151 -148 -191 -425 -596 -422 -118 8 1 -15 -14 -2 3 1 0 0 0 0 0 -1 -5 -10 -12 -11 -9 -8 -5 0 0 -2 -1 2 7 11 12 14 15 7 -3 1 10 -1 -23 
6 10 11 8 6 6 3 0 2 3 2 3 4 4 2 -3 -8 -11 -12 -11 -8 -4 0 1 49 92 -22 -124 -60 -4 -9 26 109 128 130 194 304 468 504 286 -54 -272 -235 -63 -6 -63 -37 17 -4 -55 -28 96 161 88 0 -18 -4 5 9 37 174 200 0 27 259 200 -54 -80 112 375 555 470 188 30 39 -34 -142 -202 -200 -249 -319 -236 -71 175 272 142 224 435 372 171 137 187 165 145 132 96 60 20 -17 -20 12 24 20 27 27 19 14 13 15 18 22 22 27 32 17 24 53 40 17 29 36 7 -76 -255 -383 -309 -217 -80 178 170 4 173 420 388 303 262 126 14 27 56 44 30 29 25 24 30 37 38 30 22 22 30 42 50 56 62 62 56 50 39 -2 -77 -145 -175 -174 -148 -92 -20 44 99 148 179 181 156 120 89 79 75 35 -4 -4 -16 -8 55 90 97 111 100 62 32 39 57 40 6 -9 -8 -8 -8 -1 6 7 4 3 8 15 21 24 18 7 2 3 4 4 3 0 -2 -1 0 0 0 0 0 0 0 0 0 0 0 0 0 0 0 0 0 0 -1 -3 -4 -4 -5 -6 -5 -3 0 3 4 5 7 8 8 8 8 8 7 5 6 10 13 14 9 -1 -7 -5 1 4 2 -4 -10 -11 -8 -5 -5 -3 5 8 4 -1 -9 -11 -10 -13 -9 -7 -10 -11 -11 -10 -14 -17 -15 -7 0 6 32 52 32 18 35 27 26 66 66 59 71 30 2 31 15 -14 40 59 19 41 44 -24 -59 -37 25 73 57 12 -59 -133 -150 -109 -45 5 15 -15 -29 -5 7 5 -5 -15 -8 -1 -6 -11 -4 6 21 38 44 29 14 8 -2 15 34 13 -21 -24 6 17 7 8 81 276 405 308 166 158 129 16 -53 -114 -111 8 100 -2 -138 -74 9 10 7 4 4 7 8 6 3 3 5 7 7 4 1 1 2 0 -3 -6 46 230 335 164 -143 -329 -214 -123 -173 27 310 202 -153 -231 -63 4 -10 -3 -11 -24 -13 -8 -3 91 326 557 525 128 -384 -629 -498 -206 14 126 186 220 151 21 -21 -14 -9 -2 -8 -8 27 95 155 156 113 65 24 -9 -107 -192 -189 -211 -178 -69 -15 -3 -5 -14 -9 -18 5 243 606 657 345 81 11 0 -2 5 9 6 -39 -125 -141 -133 -333 -590 -497 -173 -20 -22 -13 -5 0 14 20 16 8 0 -1 5 5 -1 -6 -7 -4 0 1 -2 -3 -1 2 5 3 -2 1 13 15 -9 -49 -83 -111 -150 -187 
-20 -2 6 0 4 19 18 4 -2 -4 -6 -3 3 5 0 -6 -9 -10 -7 -2 -1 -1 5 7 41 117 22 -169 -121 -8 -8 16 109 225 251 208 143 25 -7 38 43 -10 -143 -107 157 235 100 13 -26 103 455 532 183 -56 -16 31 16 14 17 15 67 128 48 -102 -180 -209 -179 -69 60 143 93 -67 -227 -350 -339 -259 -227 -179 -15 222 349 351 199 101 235 240 134 212 256 133 48 38 29 10 -21 -80 -91 -96 -148 -82 11 16 20 15 9 18 22 18 11 10 18 26 25 20 19 27 32 29 36 29 -8 -74 -189 -305 -344 -183 114 132 -83 -77 65 164 291 303 163 77 65 54 55 57 42 38 59 66 43 29 35 44 45 38 32 29 32 43 49 34 7 1 32 53 0 -95 -120 -39 60 120 173 220 227 196 144 92 62 52 44 29 50 99 81 36 49 71 65 67 75 67 66 68 52 34 30 27 15 11 16 15 9 7 7 1 -5 -6 -5 -2 2 7 13 16 13 7 1 -3 -3 -1 1 2 1 0 0 0 0 0 0 0 0 0 0 0 0 0 0 0 0 0 0 0 0 0 -1 -4 -7 -7 -4 -1 1 3 4 4 5 7 8 10 14 17 19 21 18 6 -1 4 7 2 -4 -2 6 10 9 8 9 12 14 10 11 25 31 21 6 -9 -13 -6 2 7 5 3 -2 -8 -6 -3 14 25 6 -5 -4 -9 -10 15 43 21 12 45 19 -39 -42 -19 7 23 31 40 29 35 -13 -88 -85 -75 -12 75 91 63 13 -34 -59 -64 -77 -80 -45 -14 -4 15 40 59 62 41 13 -7 -7 12 46 69 38 -13 -20 7 8 -24 -39 -16 17 18 3 -8 -17 1 14 9 1 -28 37 363 634 385 15 7 104 49 -103 -146 -109 -113 -54 90 122 -59 -132 -39 3 10 6 3 7 6 1 -4 -6 -1 7 8 4 2 3 3 -1 -5 -8 -1 114 294 275 9 -286 -322 -37 174 15 -220 -187 -8 58 13 -9 1 -4 -12 -3 7 -8 -25 -12 53 247 499 556 296 -165 -542 -562 -256 -2 -47 -198 -222 -134 -41 -6 1 14 21 16 1 -13 -6 38 89 83 -19 -159 -178 -54 15 -28 -42 -12 -7 -12 -5 4 15 20 3 -1 180 565 696 386 85 15 18 5 -8 -8 -3 -18 -98 -181 -192 -296 -533 -536 -223 7 21 -7 -6 5 9 4 -1 -1 5 13 13 8 5 4 4 5 0 -11 -11 -1 6 6 -2 -15 -37 -71 -106 -138 -160 -155 -120 -71 -35 
-4 -3 -1 1 1 -3 -8 -8 -4 -4 -6 -3 2 2 -2 -1 4 5 5 6 3 -1 2 0 41 187 140 -153 -204 -51 11 16 -12 -152 -346 -341 -201 -217 -280 -168 70 201 108 16 93 111 -83 -221 -172 116 550 572 169 -64 -23 28 32 33 29 -21 -176 -235 -12 165 139 109 85 26 -26 -34 -39 -184 -290 -184 -40 55 49 83 211 332 407 365 228 98 76 71 30 11 5 13 16 9 -41 -191 -269 -203 -227 -328 -278 -117 -21 7 19 35 45 42 41 36 30 24 14 14 19 22 32 15 -1 21 -52 -246 -377 -389 -212 181 333 75 46 259 198 194 363 284 103 59 64 53 47 54 44 30 36 36 38 51 47 38 42 52 62 62 51 43 39 30 26 34 41 40 39 54 99 166 224 251 251 225 169 115 92 77 51 29 30 45 46 41 57 91 131 156 150 141 110 51 28 27 21 14 14 33 40 29 26 22 6 -9 -8 3 2 -7 -7 -3 -1 0 2 7 12 15 15 9 -1 -7 -7 -3 3 5 2 0 0 0 0 0 0 0 0 0 0 0 0 0 0 0 0 0 0 0 0 0 0 -1 -3 -4 -4 -4 -5 -8 -11 -10 -5 0 4 9 14 17 19 23 21 5 -5 3 11 8 1 0 5 8 9 10 8 3 -2 2 14 16 7 1 0 0 -1 -4 -5 -6 -8 0 9 22 49 45 28 32 11 -11 -17 -37 -35 11 40 25 30 36 2 26 51 29 44 27 2 24 11 -62 -96 -57 -21 3 27 23 -10 -66 -100 -79 -64 -52 -7 28 27 7 -17 -24 -7 9 4 3 10 8 4 0 7 16 3 -14 -14 -9 -14 -29 -23 -7 4 23 14 -6 -1 24 40 6 -28 41 272 456 370 195 26 -152 -241 -197 -35 122 103 -57 -104 23 151 70 -97 -73 -7 -14 -11 -1 3 1 -6 -11 -11 -5 4 7 5 5 8 11 11 10 12 9 42 195 290 151 -113 -315 -139 238 235 -38 -6 272 273 77 0 -3 -1 16 21 16 13 0 -1 7 27 145 404 592 443 -2 -456 -593 -356 -68 15 -17 -20 -1 6 5 5 9 12 9 3 -5 -8 -25 -108 -192 -144 -33 -16 20 156 170 64 16 5 2 7 7 18 21 4 -7 135 495 676 428 118 20 14 2 -7 -6 -5 -22 -80 -154 -164 -241 -471 -520 -262 -34 8 -6 -12 -20 -24 -18 -4 8 12 10 7 7 8 7 4 2 2 -2 -15 -40 -77 -121 -163 -179 -159 -116 -50 24 77 112 149 181 
2 -8 -11 -9 -7 -13 -19 -10 -1 1 4 5 1 -2 1 5 7 11 14 10 2 -2 -1 -7 4 155 253 16 -168 -63 24 17 -69 -217 -251 -235 -190 -98 -141 -145 10 170 217 36 -109 -103 -228 -255 -70 -71 -257 -344 -222 -26 33 -16 -106 -240 -370 -461 -427 -81 340 347 94 42 162 111 -6 8 86 165 233 344 372 325 346 342 233 122 92 71 43 24 7 14 11 -3 12 14 -2 4 -91 -346 -497 -332 -122 -121 -117 -49 -9 11 -10 -70 -177 -247 -186 -60 10 23 26 19 19 23 28 22 -41 -92 -173 -342 -275 -62 -46 76 355 320 123 215 411 447 331 148 53 43 33 24 24 30 33 42 55 57 53 49 45 29 13 22 44 50 40 36 35 27 23 31 49 52 31 34 89 165 193 130 50 39 57 45 30 34 39 48 56 54 54 64 71 84 134 165 134 98 77 58 50 40 16 -2 -4 -2 1 10 20 24 18 10 12 15 8 -2 -5 -1 1 -2 -1 6 10 15 24 23 12 3 1 4 6 5 3 1 0 0 0 1 3 3 1 0 0 0 0 0 0 0 0 0 0 0 0 0 0 1 2 0 -3 -4 -5 -8 -12 -12 -8 -8 -11 -13 -14 -11 -5 0 3 4 4 5 8 14 24 24 7 -3 7 28 30 19 17 8 -5 -24 -25 -9 -7 3 10 10 13 4 0 6 16 53 78 54 33 53 70 38 23 56 65 34 31 55 35 10 26 32 18 51 63 -10 -54 -63 -70 -58 -7 45 47 26 -14 -72 -112 -88 -42 -19 -9 -5 -3 -9 1 27 27 -7 -41 -58 -60 -37 5 38 25 -12 -37 -57 -53 -22 8 25 32 28 12 -4 -4 21 60 64 32 5 -15 -25 -1 199 432 242 -74 -15 53 -161 -338 -211 112 316 241 -6 -145 -71 77 122 -27 -106 -39 -9 -3 -1 -7 -14 -11 4 8 1 -2 0 3 3 2 3 4 4 9 9 5 103 283 281 28 -288 -362 -53 294 423 429 301 27 -149 -112 -33 -5 5 6 1 20 40 33 26 14 6 89 302 523 523 150 -378 -551 -204 212 295 156 35 -3 -3 -3 -4 -3 4 12 13 -34 -147 -195 -97 6 6 28 136 173 87 9 -3 -3 -3 8 2 -22 -29 -7 12 -15 84 451 681 454 122 4 -4 -5 -4 -7 -1 3 -41 -136 -173 -215 -444 -571 -314 -30 13 -7 -3 -10 -3 11 7 -3 -4 2 11 19 18 2 -23 -57 -100 -136 -158 -156 -133 -94 -22 54 102 127 133 117 36 -99 -188 
-6 -7 -8 -15 -14 -4 1 2 -1 -2 3 6 4 3 8 11 9 9 8 4 1 0 -2 6 11 87 223 100 -117 -76 -8 -16 -13 106 338 371 246 265 288 85 -82 47 119 -129 -318 -164 45 82 151 35 -457 -702 -513 -346 -359 -428 -446 -389 -278 -100 188 429 284 -162 -340 -27 244 146 27 24 67 226 343 304 237 159 145 149 72 21 0 -64 -124 -109 -132 -226 -286 -247 -103 -7 13 6 -83 -64 87 104 160 356 364 143 -18 -46 -99 -213 -295 -300 -283 -200 -43 23 13 11 4 -8 -53 -80 -121 -262 -205 33 68 7 -70 -130 43 313 324 126 54 72 40 15 19 32 33 26 29 40 49 45 34 33 41 32 6 2 15 23 28 34 44 45 32 24 19 10 10 17 23 30 31 23 13 9 15 27 40 42 40 44 47 48 35 16 15 22 23 32 48 51 51 48 45 54 54 35 7 -7 -5 -11 -11 -5 -9 2 24 30 21 11 9 1 -16 -18 -7 -3 -6 -5 2 11 21 26 24 18 10 4 2 2 1 0 0 0 0 1 3 3 1 0 0 0 0 0 0 0 0 0 0 0 0 0 0 1 2 1 0 0 0 0 -1 -3 -5 -8 -12 -15 -16 -15 -13 -15 -14 4 27 38 39 36 33 29 19 16 33 48 44 38 34 12 -18 -12 17 13 21 56 57 68 76 37 11 9 17 2 -26 13 57 61 64 55 53 59 65 64 26 9 54 46 -30 -78 -92 -108 -116 -66 -27 -48 -26 46 68 25 -43 -77 -55 -37 -51 -49 -14 -2 -9 -6 -11 -13 -2 0 7 19 10 3 15 9 -10 4 23 19 5 -6 -2 11 22 20 7 0 -1 2 -10 -33 -28 -22 -5 22 6 47 296 549 439 180 81 31 58 110 94 147 141 3 -75 -176 -272 -162 -3 95 42 -106 -74 9 5 -9 -16 -11 1 5 0 -7 -10 -7 -2 -1 -3 -4 -3 0 7 8 -5 31 213 358 288 122 -74 -137 -26 0 -169 -427 -558 -423 -166 -17 -2 -18 2 19 12 17 19 10 6 5 -1 54 247 499 578 291 -205 -511 -445 -179 1 24 4 -2 6 3 -17 -8 7 -51 -140 -125 -15 26 5 94 206 156 41 1 2 -8 -6 5 5 -3 -53 -131 -168 -137 -61 -15 87 418 688 507 162 36 27 11 4 3 2 4 -29 -118 -181 -228 -409 -555 -358 -61 27 24 22 10 6 4 2 0 -9 -31 -64 -100 -133 -160 -167 -140 -77 5 61 113 177 187 156 71 -87 -190 -181 -128 -138 -220 
-2 3 5 -2 -9 -1 8 1 -7 -7 -4 1 6 10 14 15 10 1 -6 -6 -1 3 3 3 6 39 121 70 -104 -117 -43 -42 27 204 259 228 125 -77 -91 -126 -287 -203 16 88 -10 7 229 215 -8 -105 -189 -261 -341 -469 -373 -117 102 282 393 411 272 -44 -333 -328 6 315 258 78 40 27 11 60 85 32 4 7 -18 -59 -74 -38 -84 -228 -289 -258 -287 -421 -492 -428 -237 -32 16 -3 83 294 438 356 167 156 252 116 -141 -265 -258 -98 50 -1 -80 -115 -111 -52 -3 17 27 24 -162 -425 -284 -52 -80 66 122 -56 79 236 113 60 99 70 23 3 5 16 24 34 38 35 38 44 44 35 27 25 12 -7 1 37 57 39 14 14 32 36 27 25 28 38 42 41 48 43 39 46 35 35 59 53 31 34 44 52 64 60 39 23 13 4 10 33 46 49 56 53 35 26 31 27 14 4 -1 0 1 3 7 6 12 23 15 -4 -3 4 -17 -38 -26 -6 -4 -8 -5 -3 -4 2 13 15 4 -8 -9 -4 -2 -1 0 0 1 2 1 0 0 0 0 0 0 0 0 0 0 0 0 0 0 0 0 0 0 0 0 0 0 0 0 -2 -6 -6 -1 3 3 -1 -7 -15 -22 -18 -6 4 9 7 -1 -2 7 18 32 24 17 23 13 16 46 72 55 40 37 19 9 0 5 14 13 27 41 -7 -43 29 52 -31 -45 27 48 6 -19 -34 -56 -49 -35 -51 -70 -57 -33 -49 -42 20 29 11 8 -14 -43 -64 -58 -45 -52 -48 -18 -1 -3 -5 -5 -6 1 27 37 14 5 16 8 1 19 19 -17 -38 -25 1 37 65 67 52 33 16 4 1 4 7 2 -24 -66 -58 11 45 21 128 391 379 153 157 180 56 35 190 306 212 43 -157 -293 -170 -103 -183 -113 65 112 -44 -114 -34 1 -1 -4 4 8 -6 -9 -4 -4 -5 -6 -4 -1 1 5 5 2 8 8 -4 85 320 535 623 454 87 -101 -122 -157 -191 -186 -54 65 32 -3 -4 -12 8 29 20 6 -1 -6 -8 -6 10 49 176 433 611 447 -38 -507 -600 -359 -112 -12 -4 -17 -18 -4 -17 -102 -174 -97 30 23 8 120 200 134 35 5 2 -8 -10 -7 -8 -12 -12 -6 -13 -57 -125 -169 -160 -117 22 379 700 566 189 19 17 9 -9 -13 -6 -6 -24 -89 -155 -195 -366 -508 -320 -60 14 20 25 13 -15 -57 -95 -131 -169 -186 -162 -103 -33 40 105 147 168 151 93 26 -59 -123 -152 -159 -111 -113 -74 100 190 
-3 -2 2 9 9 8 8 2 -1 1 3 4 5 7 8 5 -2 -7 -7 -3 4 9 8 -1 -12 -2 75 85 -59 -103 -86 -198 -199 -83 -150 -207 -144 -253 -333 -103 67 -3 21 156 154 -53 -285 -388 -410 -216 88 109 -72 -117 110 329 274 74 -116 -266 -347 -274 -28 273 380 206 31 11 29 29 32 27 2 -16 -32 -42 -101 -289 -375 -219 -151 -142 -25 -65 -71 73 135 126 37 -6 16 30 83 17 -223 -301 -197 -210 -181 0 33 -166 -256 -6 223 164 124 138 27 -29 -56 -226 -343 -302 -299 -381 -327 -17 155 115 271 457 458 295 68 -17 2 21 12 -6 0 12 18 27 36 32 23 23 28 27 24 25 18 24 55 61 36 15 9 10 8 7 17 30 38 49 49 39 34 24 28 55 71 63 42 23 22 29 19 19 42 48 39 36 31 26 35 50 57 57 53 45 40 42 44 42 37 35 30 17 3 5 20 15 9 25 34 20 0 -5 -7 -25 -34 -21 -9 -5 -7 -12 -12 -7 -1 2 -1 -5 -6 -5 -2 0 0 0 1 2 1 0 0 0 0 0 0 0 0 0 0 0 0 0 0 0 0 0 0 0 0 0 0 0 0 -2 -5 -5 -3 -2 -3 -5 -7 -7 -8 -19 -38 -51 -48 -31 -12 -8 -18 -23 -21 -24 -17 -5 -6 13 52 42 5 36 48 12 13 -18 -49 -10 32 42 43 55 44 3 -31 -67 -84 -57 -38 -51 -81 -103 -75 -51 -96 -106 -33 5 -2 20 50 32 -19 -33 -30 -54 -77 -78 -44 -8 -4 -7 -3 -2 -1 15 23 8 0 3 -1 -3 -4 -12 -14 -13 -10 -3 -4 -9 -1 21 52 75 58 16 -3 3 6 2 5 5 -8 2 24 40 36 36 216 463 360 64 22 74 20 -19 -4 47 -28 -224 -171 51 120 228 274 -110 -461 -342 -48 9 -112 -90 -16 -4 5 2 -4 2 11 10 2 -3 -3 -1 -1 -1 4 9 5 8 27 24 26 154 312 338 291 130 -44 35 270 432 320 -41 -306 -319 -158 -15 2 -1 12 8 1 -1 1 4 -2 -9 1 21 105 340 594 566 149 -379 -612 -457 -179 -31 -17 -11 -25 -132 -187 -88 -10 -25 23 138 156 70 13 15 15 2 -6 -8 -8 -9 -13 -4 46 126 175 142 44 -63 -144 -185 -97 254 628 563 211 28 8 5 4 -9 -11 -3 -16 -71 -141 -186 -331 -502 -384 -121 -42 -102 -166 -204 -214 -180 -108 -32 32 85 133 169 167 131 87 34 -12 -130 -310 -386 -377 -251 -40 20 -53 -56 88 249 
11 5 2 13 19 11 6 7 10 11 8 4 1 -1 -3 -5 -6 -4 0 4 7 7 4 6 6 0 69 107 -13 -57 -24 -124 -222 -126 -9 -15 86 219 143 120 144 -101 -358 -374 -311 -269 -273 -260 -32 361 528 317 56 -98 -243 -320 -323 -272 -139 24 194 360 440 361 174 36 19 32 20 -14 -93 -121 -101 -209 -348 -273 -97 -68 -169 -275 -189 -23 -24 -3 192 418 522 476 262 43 -3 21 -6 -155 -281 -284 -217 -157 -257 -264 -11 217 258 160 158 302 319 223 148 74 -12 -208 -464 -514 -290 23 91 42 233 316 219 244 210 70 15 25 27 16 8 10 15 16 11 11 18 21 17 15 20 25 27 30 29 31 34 18 9 29 47 40 20 19 39 42 24 7 -6 -9 -2 13 36 46 49 39 13 15 32 32 19 15 26 28 25 27 24 28 37 28 22 35 48 51 50 48 49 56 58 57 53 42 29 10 -1 5 4 -3 10 28 7 -21 -6 11 5 1 4 5 4 4 3 -1 -4 0 8 13 9 1 -1 0 0 0 -1 -2 -1 0 0 0 0 0 0 0 0 0 0 0 0 0 0 0 0 0 0 0 0 0 0 0 0 0 0 -1 -4 -7 -8 -7 -5 -1 4 2 -7 -14 -14 -9 -5 -6 -8 -15 -35 -43 -36 -32 -27 -23 -43 -61 -46 -45 -34 -8 -7 -5 2 1 -3 -5 -15 4 16 -63 -104 -46 -24 -52 -63 -44 5 54 45 22 22 8 12 29 22 4 -28 -55 -42 -24 -34 -43 -34 -21 -6 4 -2 -9 -10 -9 -1 8 2 3 14 -9 -45 -26 12 7 -1 -5 -26 -21 12 19 11 1 -45 -75 -41 -14 -21 1 30 9 -1 33 52 37 20 8 -5 164 548 668 417 240 161 39 -11 -10 -9 12 16 -83 -198 -80 165 277 282 89 -372 -701 -617 -408 -311 -173 -48 -29 -10 1 -2 3 2 -1 -1 -1 2 3 -1 -5 -3 8 7 -15 -17 6 6 34 73 -17 -57 55 45 -3 66 44 -85 -230 -314 -229 -91 -20 5 -4 -22 -17 -7 -3 8 20 20 9 0 -1 3 59 250 518 601 292 -233 -554 -497 -240 -52 -68 -170 -141 -12 14 -30 43 174 160 37 -31 -25 -3 2 -5 -6 -1 4 7 8 12 21 34 65 123 180 181 105 -7 -124 -159 106 519 535 206 28 25 19 6 -3 -9 -16 -12 -52 -154 -236 -406 -587 -470 -236 -165 -142 -76 -1 62 120 171 183 151 100 52 18 -23 -107 -187 -152 -49 -63 -111 -90 -22 75 68 70 107 66 67 
13 16 7 5 9 4 6 14 14 11 8 4 0 -4 -7 -4 4 8 8 7 4 1 0 3 2 0 59 107 -4 -77 17 32 -84 -89 62 59 -97 -99 -84 -210 -243 -178 -134 -68 -27 116 355 310 80 10 74 148 96 -153 -404 -291 100 349 409 409 358 232 78 -33 -61 -38 -71 -104 -70 -161 -273 -156 -46 -211 -394 -302 -70 132 116 -54 33 197 152 139 122 29 -7 32 74 36 -5 -9 57 155 177 123 59 108 89 -35 11 232 377 237 78 137 165 81 26 -69 -106 113 195 52 167 396 432 291 147 132 83 -4 -32 -10 35 39 17 11 13 17 20 21 22 21 25 33 29 18 17 20 19 23 31 31 23 17 24 37 35 20 12 21 34 33 21 7 1 5 13 24 30 31 42 50 45 46 41 31 35 39 34 29 35 44 46 48 47 48 60 63 48 37 34 35 50 65 68 67 62 60 62 49 27 21 22 12 -4 -19 -29 -33 -15 30 53 37 16 5 9 17 10 -3 -10 -7 7 17 13 6 4 3 1 0 -1 -3 -3 0 3 4 4 4 4 4 4 3 1 0 0 0 0 0 0 0 0 0 0 0 0 0 0 1 2 1 -2 -6 -7 -4 -1 -4 -10 -9 -5 -4 -5 -10 -20 -20 0 8 -14 -21 -14 -14 -5 -12 -39 -38 -22 -44 -48 -26 -34 -25 -5 -8 -23 -45 -60 -61 -48 -29 -4 23 37 21 -8 0 32 35 20 16 21 22 -4 -29 -36 -44 -56 -49 -17 -22 -48 -32 -3 4 -8 -19 -16 1 18 11 -7 -15 -8 8 19 6 -18 -4 25 26 27 21 -12 -19 9 8 -18 -30 -50 -77 -65 -21 -1 -9 1 32 30 1 28 48 -8 -26 187 529 531 247 133 136 59 0 -28 -104 -156 -44 205 290 62 -138 -30 66 30 194 221 -205 -575 -608 -488 -298 -89 -6 -8 -2 -1 -6 -10 -4 1 1 3 4 2 -2 -3 -4 -3 5 3 -7 -9 6 66 60 -42 2 81 -28 -95 -8 187 411 458 340 157 18 -2 1 -15 -15 -4 1 4 9 15 17 12 4 8 11 18 144 417 599 416 -83 -522 -593 -411 -264 -132 16 37 24 119 181 97 11 8 9 -6 -7 4 9 9 11 10 5 3 1 -5 -7 -7 -3 23 81 154 189 157 73 2 159 497 533 238 35 9 19 3 -8 9 17 6 -47 -139 -215 -379 -564 -395 -5 177 184 171 135 82 41 19 7 -2 -8 -4 -11 -51 -68 -18 115 259 325 342 274 183 192 234 190 55 -48 
-39 0 9 -3 -3 1 7 11 5 1 3 4 3 1 0 2 6 7 4 0 -2 1 9 14 8 1 51 156 23 -274 -237 -12 -8 -205 -336 -351 -339 -204 -9 111 229 372 429 372 202 -29 -117 -64 -95 -179 -2 363 404 111 -120 -98 115 215 131 35 -18 -34 -72 -225 -318 -207 -258 -431 -365 -260 -168 -70 -61 54 215 175 45 65 195 250 104 -42 51 71 -217 -489 -505 -309 -64 29 13 -1 55 247 359 314 280 274 328 343 215 79 40 -19 -136 -133 -21 10 -108 -252 -193 127 428 443 404 422 293 150 67 15 27 42 28 7 4 5 1 4 12 17 15 20 34 35 32 36 30 18 16 16 9 9 23 31 31 36 34 18 6 12 32 38 19 17 39 52 61 64 56 44 28 29 39 54 76 66 33 14 15 19 11 8 26 44 53 58 51 50 56 38 17 34 56 54 61 77 84 87 83 79 84 86 69 38 24 24 -3 -49 -60 -39 -7 41 61 39 19 10 6 7 4 -4 -12 -14 -5 6 12 12 7 4 3 1 0 -1 -3 -2 2 4 4 4 4 4 4 3 1 0 0 0 0 0 0 0 0 0 0 0 0 0 0 -1 -2 -1 0 0 0 -1 -3 -4 -4 -5 -9 -13 -13 -12 -13 -14 -8 0 -4 -6 0 5 13 12 -1 -6 2 31 125 185 128 68 32 30 42 9 -19 -37 -45 -18 11 23 18 18 22 -6 -41 -47 -51 -64 -54 -34 -27 -33 -43 -44 -39 -25 -9 -7 -5 5 2 -8 -14 -15 4 34 45 25 -6 -16 -3 -7 -18 0 13 -7 -30 -24 -2 7 6 12 27 38 33 24 31 24 -18 -30 -8 -28 -45 -11 -6 -39 -46 -19 13 131 391 461 202 -7 -35 -10 -61 -201 -185 -48 -83 -237 -239 25 273 239 110 -33 -156 7 290 258 2 -162 -292 -382 -221 -25 -1 -14 -8 -3 0 1 -3 -4 1 6 6 2 0 -5 -6 11 19 7 9 4 19 76 17 -99 -113 -177 -201 67 382 458 362 210 82 20 -10 -13 9 15 10 9 3 -6 -9 -5 -3 -7 -3 9 8 15 105 331 563 504 70 -427 -616 -406 -111 -37 1 140 181 88 5 -17 -4 5 -1 3 11 12 12 9 0 -10 -15 -12 -1 10 12 2 -13 -15 6 58 132 187 186 152 305 628 612 251 33 10 18 13 -2 -21 -31 -21 -60 -116 -146 -297 -451 -291 3 85 29 -8 -24 -29 -25 -22 -22 -10 7 30 93 169 158 87 134 223 221 175 91 38 25 -39 -169 -286 
-92 -31 1 -3 -1 5 4 -1 -6 -7 -5 -2 2 5 7 5 -1 -4 -5 -7 -6 3 19 32 42 28 5 75 11 -352 -512 -278 -58 -20 6 123 268 383 413 332 178 -7 -162 -177 -36 30 22 176 330 352 394 502 521 302 -32 -323 -380 -178 -30 -9 6 18 31 -2 -102 -180 -245 -307 -301 -142 -24 -151 -186 123 396 273 56 35 133 100 -95 -135 -138 -154 -111 -109 -88 -97 -72 -9 6 22 41 131 278 325 243 126 84 86 57 25 -119 -396 -541 -466 -273 -82 13 116 200 138 178 307 199 55 45 32 22 22 11 14 34 41 25 22 27 21 27 32 21 18 25 19 4 4 13 16 19 20 15 16 28 39 47 58 58 43 34 39 42 35 25 25 36 40 44 49 47 54 55 27 -21 -22 36 51 19 7 22 31 20 16 31 43 50 54 35 12 9 20 44 57 7 -38 8 64 84 95 92 83 78 72 72 72 49 21 24 42 32 15 34 55 39 18 23 27 10 -1 3 4 0 -2 0 6 17 21 10 2 2 1 0 0 -1 -2 -1 0 0 0 0 0 0 0 0 0 0 0 0 0 0 0 0 0 0 0 0 0 0 -1 -3 -3 1 6 7 3 -3 -6 -4 -1 1 3 4 2 -2 -8 -13 -8 -1 -7 -14 -16 -18 -15 -18 -19 -7 56 263 418 330 186 75 2 -5 11 10 -5 -13 -27 -43 -45 -42 -32 -15 -14 -33 -45 -38 -37 -46 -38 -13 -11 -16 -2 7 3 -8 -2 10 4 1 10 18 15 16 16 0 -6 4 11 8 -3 -5 28 46 -4 -40 -19 -9 -10 8 13 1 6 12 6 1 0 17 19 6 30 35 -6 -24 -15 -24 -24 163 495 502 175 11 30 4 -23 -74 -179 -128 33 80 -24 -113 -48 66 94 -30 -185 -230 -132 132 292 162 27 -92 -306 -326 -126 -19 -16 -2 12 7 -9 -13 -8 -2 4 5 3 2 5 0 -14 -15 -4 8 9 2 48 53 -188 -486 -577 -483 -234 -7 28 -8 -14 -9 1 1 -6 -1 -1 -5 1 5 -1 -7 -4 1 3 2 8 13 -1 -5 60 258 520 590 285 -174 -435 -417 -163 96 126 37 -4 13 25 4 -9 -1 -4 -17 -19 -12 -7 -7 -8 -7 2 14 13 6 3 0 -2 1 4 0 12 57 92 112 284 573 560 236 31 14 13 -3 -16 -18 -11 -18 -55 -97 -137 -317 -557 -456 -123 28 28 21 14 4 -7 -15 -16 -13 1 41 67 49 28 22 2 -14 -34 -132 -208 -144 -82 -164 -294 
-328 -135 -10 8 -2 -6 0 0 0 -5 -12 -7 -7 -10 -6 -9 -14 -9 7 29 40 18 -41 -135 -249 -340 -376 -229 129 311 187 157 313 422 436 369 184 -26 -184 -295 -307 -221 -72 141 392 509 465 317 -7 -186 -77 58 283 407 172 -203 -429 -292 -52 7 14 0 -21 64 96 -27 85 369 364 268 249 109 -73 -141 -83 -127 -329 -420 -358 -224 -74 19 -26 -14 232 445 479 319 74 -10 10 15 13 2 27 65 34 -7 -5 -11 -44 -51 -108 -202 -132 -112 -283 -265 35 266 242 114 27 28 -14 -200 -224 -54 -5 -37 -11 24 40 45 28 18 33 45 45 36 23 15 3 0 14 22 25 32 33 27 27 32 31 31 37 44 57 61 41 18 5 -2 6 23 29 28 31 38 38 37 32 9 -62 -173 -185 -122 -76 -2 46 42 42 56 61 52 60 78 71 46 35 36 45 -3 -150 -235 -177 -62 27 45 49 60 52 51 59 74 74 54 56 83 106 97 66 40 30 26 23 25 18 7 6 12 23 29 19 7 8 15 18 16 11 4 -2 -3 0 0 -4 -5 -4 -4 -4 -3 -1 1 3 4 4 4 4 4 4 2 -1 -1 0 0 1 3 3 2 2 1 0 1 3 4 4 1 -3 -2 2 5 4 -1 -4 -3 -6 -11 -9 -11 -19 -23 -23 -17 -2 4 -9 105 361 439 251 46 -39 -58 -56 -38 -24 -15 -13 -12 -10 -21 -28 -30 -30 -16 -15 -31 -27 -15 -9 2 3 0 -2 -8 -6 6 24 28 15 4 -5 -9 -4 -3 -7 -10 -16 -9 9 4 -9 1 10 3 15 26 7 2 0 -3 30 55 17 -31 -38 -35 -6 47 68 49 30 51 48 7 2 7 74 308 560 571 347 108 -27 -57 -68 -162 -126 62 -5 -201 -96 194 303 85 -213 -277 -197 -61 83 94 161 327 265 62 -17 -156 -335 -240 -54 -17 -20 -4 -2 -10 -5 0 -1 3 7 5 -2 -1 7 4 0 5 -2 -8 -3 12 67 9 -229 -383 -417 -353 -148 -20 -5 5 -6 -6 19 24 6 -2 -2 -8 -8 1 5 2 4 12 10 3 4 3 5 12 35 163 428 604 416 -65 -416 -386 -188 -50 -12 -20 -2 9 0 6 8 -7 -19 -19 -12 -10 -7 5 12 11 2 -10 -4 3 -6 -3 12 12 1 -9 -18 -5 11 17 148 433 533 290 51 5 18 14 6 3 2 -9 -46 -88 -140 -340 -587 -480 -132 23 14 12 10 5 10 8 -7 -11 0 -12 -28 -47 -138 -233 -237 -175 -169 -230 -170 5 115 122 
-546 -279 -56 -5 -5 3 -10 -22 -8 5 4 0 -10 -12 11 36 40 16 -43 -141 -265 -376 -438 -426 -342 -218 -62 179 510 689 569 366 182 -31 -204 -294 -290 -188 -34 134 279 376 400 344 252 166 100 60 -123 -377 -285 -34 164 413 408 76 -306 -465 -274 -100 -119 -109 -109 -132 -3 183 309 322 147 -9 63 114 -87 -319 -278 -66 -74 -186 -186 -42 117 10 -9 154 229 282 283 207 89 20 14 -10 -27 -8 1 -6 -3 -41 -112 -169 -299 -369 -49 366 423 224 -42 -149 -41 19 -59 -214 -320 -258 -67 -25 -248 -389 -362 -247 -64 18 13 5 7 18 21 30 27 14 22 23 12 19 31 29 26 33 36 37 45 45 29 12 2 2 18 33 32 30 39 41 34 34 33 31 30 28 21 0 -12 -32 -95 -226 -365 -290 -63 35 19 10 20 38 51 60 64 62 74 83 73 69 50 -14 -33 -7 -74 -146 -91 -5 31 40 45 56 67 70 85 102 82 60 79 101 73 22 13 27 25 21 21 19 19 22 26 25 18 13 8 5 11 13 7 3 1 1 4 4 -1 -3 -1 -1 -3 -4 -3 0 3 4 4 4 4 4 4 3 2 3 3 1 0 0 -1 0 4 4 0 -2 -1 1 3 4 4 2 -2 -3 -2 -4 -4 1 0 -8 -10 -7 -7 -6 -3 8 30 36 42 96 93 7 -72 -133 -98 -26 -16 -22 -23 -17 -10 -8 -7 -4 5 9 2 0 5 16 18 9 6 -5 -14 -2 11 11 0 -8 -4 -6 -2 16 16 4 -1 -4 -16 -29 -26 -10 4 4 -2 0 -4 -32 -37 -2 12 -6 -14 -6 8 42 47 11 3 7 16 35 9 -11 11 -23 -63 -24 15 82 295 558 559 272 57 -74 -269 -348 -221 -107 -104 -13 87 75 79 105 107 26 -136 -186 -41 170 296 213 112 250 354 191 40 -68 -280 -314 -113 -5 -17 -24 -13 7 15 9 1 -1 2 3 -2 -8 -5 -2 -6 -3 0 1 8 -1 46 228 309 150 -124 -352 -291 -85 -7 4 6 -5 -11 -1 13 18 11 -4 -10 -1 5 -1 -4 -2 -3 -8 -10 -3 -1 -8 -11 8 110 349 561 491 85 -413 -590 -386 -119 -2 -8 -30 -26 -10 0 2 8 17 10 -7 -9 7 16 2 -11 -6 -1 -9 -13 -3 -2 -14 -12 0 12 26 23 3 8 157 484 626 368 88 13 7 -4 -4 1 -2 -6 -36 -100 -161 -328 -568 -495 -167 3 10 -5 -7 2 -8 -17 -46 -155 -246 -188 -118 -177 -265 -310 -212 6 40 -121 -144 83 322 
-315 -242 -72 15 7 0 -10 -23 -12 24 39 28 22 -11 -99 -210 -318 -405 -445 -416 -325 -191 -29 137 283 366 353 253 83 -115 -346 -570 -542 -269 -47 98 257 354 364 348 289 178 66 -6 -23 -11 -15 63 280 286 19 -92 4 250 478 331 -59 -431 -545 -341 -155 -65 49 131 154 172 61 -179 -345 -356 -181 12 44 13 -15 81 312 437 417 311 266 310 320 228 84 36 10 -21 -5 -1 -5 4 2 23 42 -11 -46 -121 -375 -510 -408 -406 -308 52 151 39 144 215 47 -60 -96 -297 -445 -319 -67 158 101 -181 -187 7 48 12 0 -2 4 7 1 -3 -4 0 6 -3 1 22 19 7 13 20 24 36 48 48 38 28 25 29 30 29 40 59 68 70 68 51 32 24 18 9 3 1 -4 -47 -69 -18 -21 -6 81 81 45 42 34 25 36 64 63 32 29 46 47 48 -37 -146 -33 147 159 86 33 28 37 43 51 60 70 37 -10 4 61 89 76 80 81 38 7 16 26 25 31 38 34 30 25 16 14 17 11 0 -3 -5 -8 -3 5 6 0 -2 3 5 4 3 1 -1 -2 -1 0 0 0 0 0 0 0 2 6 8 6 2 0 -1 -3 -2 1 1 0 0 0 0 -1 -1 1 0 -3 -2 1 0 -4 -5 -2 0 0 0 0 -1 -4 -6 -5 1 9 -138 -491 -603 -332 -96 -20 -2 -3 -1 0 0 1 -1 -6 -4 3 6 3 -3 -7 -4 4 6 -1 -3 4 1 -8 -8 -5 -9 -21 -21 -11 -13 -6 18 27 25 14 -12 -18 -4 9 28 32 10 -14 -22 -16 3 19 0 -18 -11 -25 -61 -43 21 42 21 -28 -80 -71 -25 26 78 75 21 120 422 556 367 149 60 22 -41 -148 -208 -192 -91 42 92 177 260 178 35 7 105 180 217 258 202 103 50 7 96 298 283 85 -9 -132 -317 -254 -60 0 -10 -13 -4 8 7 -3 -9 -7 0 6 5 -1 -3 0 4 8 11 11 7 6 117 309 301 73 -222 -354 -186 -23 7 21 10 -13 -14 -4 -3 -5 -1 3 4 4 3 -2 -5 -5 -15 -28 -27 -13 1 5 1 1 56 253 517 535 165 -328 -589 -475 -192 -38 -11 3 9 -2 -11 -4 1 -8 -6 2 2 4 -1 -3 4 -3 -7 2 -2 -7 0 -1 4 21 21 5 5 75 114 154 457 669 412 98 19 19 4 -3 -2 -4 -12 -31 -61 -106 -286 -556 -514 -194 -24 -1 10 -87 -253 -266 -143 -97 -158 -156 -15 80 57 48 29 69 196 167 26 12 101 
-28 -67 -43 -15 -11 2 35 59 37 -30 -134 -246 -334 -401 -446 -421 -310 -158 7 169 307 382 363 250 75 -98 -238 -309 -265 -139 -82 -230 -261 72 331 331 259 157 63 -6 -41 -32 -17 1 23 16 -1 43 255 425 179 -210 -313 -180 71 236 127 -168 -427 -310 35 133 108 152 35 -224 -333 -165 69 39 -87 26 274 401 300 149 215 322 307 207 111 159 171 63 5 -7 -6 15 14 -1 -8 6 7 -74 -204 -253 -152 16 44 -67 67 264 83 -47 124 287 312 174 -76 -294 -213 86 75 -159 -267 -163 179 416 404 276 92 9 15 10 -2 -9 -5 -4 -4 -2 -7 4 17 7 7 26 30 20 15 16 20 26 35 41 44 47 44 36 35 41 38 32 32 28 27 34 34 23 15 18 -58 -199 -221 -102 89 198 144 88 76 63 59 52 34 25 28 33 36 33 27 -11 -124 -197 -135 -105 -62 108 166 90 58 50 43 43 16 -66 -179 -198 -100 -11 41 79 82 62 48 38 24 14 10 -9 -34 -30 -5 15 19 9 -1 -2 1 1 1 4 7 6 -1 -5 0 3 0 -2 -1 0 0 0 0 0 0 0 0 0 0 1 3 4 4 3 2 3 4 3 1 0 1 2 1 0 0 2 5 6 6 5 3 1 0 1 2 1 0 0 0 -2 -6 -14 -28 -36 -47 -156 -375 -460 -286 -77 -2 0 -2 0 2 1 1 2 2 3 5 6 3 -2 -2 -4 -10 -10 -6 12 39 37 7 -1 15 9 -2 21 43 20 -6 -5 -10 -9 6 13 16 9 1 16 32 30 21 20 32 39 34 40 37 17 9 -32 -66 -33 2 31 47 8 -17 -1 8 33 57 161 432 610 481 228 68 12 13 112 261 231 22 -55 114 200 91 26 13 4 11 66 217 279 163 56 10 -21 -77 -102 91 273 157 31 -42 -267 -354 -153 -9 3 5 -2 -5 -2 -5 -9 -6 2 8 11 12 10 5 1 1 2 0 10 0 -4 169 344 242 -34 -297 -291 -87 -11 -11 4 5 0 -7 -8 -4 2 7 7 6 5 -1 -2 7 7 -1 -3 0 3 3 10 12 -3 33 205 483 604 322 -197 -561 -538 -258 -43 9 0 -1 11 12 -2 -4 1 -7 -15 -10 -2 -6 -19 -24 -12 4 7 1 6 12 2 -9 -8 1 6 38 101 37 32 415 695 456 126 26 23 7 1 7 2 -3 -25 -83 -100 -232 -545 -583 -258 -15 5 -63 -147 -198 -147 51 182 70 27 190 313 334 246 128 168 232 104 -93 -173 
31 5 20 31 17 -43 -152 -261 -366 -448 -466 -403 -273 -110 74 257 388 438 388 231 26 -148 -264 -299 -242 -134 -1 153 287 364 465 440 55 -227 -99 12 -24 -26 -3 -7 -10 1 0 -10 -12 -11 -25 -56 -86 -82 -142 -266 -236 -121 73 414 481 167 -160 -318 -217 -28 12 21 67 -24 -110 59 302 344 148 46 203 319 261 164 102 45 -4 3 1 -27 -16 11 24 24 21 20 16 15 -1 -37 -55 -204 -425 -389 -215 11 356 425 262 359 430 213 100 162 -15 -393 -483 -439 -445 -93 314 211 -10 13 145 260 213 58 -13 -7 9 17 15 12 17 17 -1 -20 -27 -22 -7 -3 -3 10 13 10 12 9 4 5 17 28 28 27 27 25 24 24 23 23 26 30 37 45 43 33 30 31 19 -57 -181 -127 104 187 102 37 21 32 59 68 41 11 8 18 18 17 24 37 115 241 222 62 -3 41 62 62 69 71 66 49 40 12 -66 -136 -189 -162 -18 74 67 66 68 48 32 16 -25 -68 -74 -50 -12 19 22 9 5 10 8 5 9 14 16 16 15 10 2 -3 -4 -3 0 3 3 1 0 0 0 0 0 0 0 -1 -3 -4 -2 2 4 5 7 6 3 3 4 3 1 0 0 0 2 7 9 4 -3 -5 0 5 5 3 1 1 2 0 -3 -5 -7 -10 -12 -3 2 -33 -54 -16 8 1 -2 0 2 1 0 4 10 9 6 7 7 6 9 11 9 7 3 5 17 23 17 10 15 23 10 -7 3 19 10 -7 -17 -23 -13 10 19 3 -3 19 23 12 16 26 30 -3 -23 6 32 33 18 22 11 -24 -12 13 27 39 17 1 -31 -73 96 459 586 373 141 -7 -56 -10 2 44 195 275 270 257 165 77 34 6 9 1 -22 11 71 40 -26 -95 -232 -351 -315 -232 -106 129 167 31 -34 -156 -320 -244 -51 3 7 14 2 -4 -2 -3 -2 1 -1 -3 2 7 6 1 -2 -1 -1 -1 6 6 93 292 315 113 -156 -330 -215 -41 -13 -11 3 3 -8 -11 -2 7 9 6 5 5 0 -2 7 18 23 21 13 5 3 8 9 10 21 42 160 409 578 425 -39 -485 -573 -347 -117 -26 -9 -13 -19 -9 14 8 -14 -14 -18 -19 -7 1 8 5 -4 1 6 8 16 7 -17 -21 -2 4 -6 54 106 -31 -24 394 695 499 159 25 20 13 1 -2 -5 -11 -33 -81 -124 -266 -515 -525 -245 -29 104 213 112 -85 -64 137 190 60 43 141 141 67 -30 -148 -192 -168 -98 7 
4 -184 -251 -270 -369 -437 -438 -386 -261 -73 138 309 409 420 338 181 -22 -195 -281 -272 -205 -109 25 168 270 322 336 309 229 117 114 297 195 -289 -389 -113 10 2 -4 18 35 25 33 41 20 -6 -67 -144 -165 -248 -402 -317 -85 -37 15 302 570 457 59 -363 -563 -345 -61 16 113 280 370 269 155 273 319 162 65 41 17 -10 -21 7 30 37 41 30 28 26 6 3 12 6 -17 -109 -252 -266 -110 52 43 -131 -236 -242 -118 160 216 92 114 94 -130 -258 -122 -119 -193 48 115 -57 153 437 424 298 116 2 3 5 6 8 5 14 27 29 19 9 2 -7 -24 -38 -25 13 31 8 -2 13 24 26 20 13 11 19 28 26 20 18 17 17 23 30 33 36 39 40 41 45 53 69 164 324 338 247 226 165 48 5 28 57 62 46 34 32 33 20 6 17 17 29 159 331 365 341 301 149 21 8 35 74 72 26 -17 -4 92 135 84 61 81 78 70 77 66 55 63 55 15 -10 1 21 39 46 35 23 24 19 0 -6 2 8 12 16 20 18 8 0 -2 -1 1 3 3 1 0 0 0 0 0 0 0 -1 -3 -4 -4 -2 2 4 5 5 3 3 3 2 3 3 1 -1 -2 -1 0 -1 -4 -6 -4 -1 1 2 2 4 6 5 3 4 14 15 -3 -13 -13 -14 -8 4 9 5 2 3 4 3 2 1 -5 -14 -19 -18 -13 -9 -8 -7 -1 14 25 11 -16 -24 -10 4 6 2 1 3 3 2 6 15 18 13 19 44 54 31 14 18 14 -6 -23 -24 7 26 -8 -34 -4 37 21 0 17 30 20 -23 -54 -28 16 33 14 124 463 612 330 -51 -300 -442 -437 -243 -60 -4 22 113 224 197 67 -7 -5 -4 -19 -3 -21 -82 -129 -220 -248 -178 -243 -377 -312 -143 -63 84 261 178 34 -36 -242 -349 -160 -8 -7 -10 -2 0 0 0 -1 -5 -14 -23 -21 -9 0 0 -2 1 6 1 6 17 19 152 308 224 -4 -254 -306 -104 7 -5 -5 -1 4 1 1 7 4 -4 -5 1 3 -2 -5 4 17 20 13 7 9 4 2 15 8 -4 8 80 298 546 534 152 -372 -615 -475 -275 -181 -97 -30 -20 -16 2 17 13 -9 -19 -14 -7 0 -2 -15 -26 -19 -8 0 7 3 -1 1 0 -11 -10 82 104 -71 -28 393 715 582 224 44 29 8 -10 -6 -6 -7 -55 -120 -65 -92 -405 -562 -297 13 138 162 156 95 43 25 -130 -291 -208 -85 -170 -341 -409 -311 -99 27 14 
-4 -216 -395 -368 -215 -26 165 330 432 428 338 167 -57 -238 -338 -345 -255 -118 31 171 278 336 334 285 204 107 26 -31 -51 -26 -8 138 385 282 -25 -67 6 2 -14 -37 -100 -176 -247 -297 -265 -139 1 84 58 -70 -118 -76 -83 -108 -201 -254 80 499 418 -3 -401 -530 -299 -60 -10 70 205 159 32 37 70 47 11 -9 4 23 11 -19 -64 -128 -190 -237 -275 -310 -304 -202 -68 -11 -60 -271 -440 -357 -170 141 409 269 -47 -172 -107 85 210 23 -297 -399 -381 -480 -294 238 400 363 511 416 172 171 183 72 17 22 16 19 32 26 10 6 11 11 0 3 28 39 49 78 69 2 -32 -1 21 22 28 32 28 22 19 14 5 1 10 25 34 38 46 45 28 19 21 25 36 50 54 54 66 186 400 422 227 80 46 52 60 49 16 -5 5 16 11 9 23 28 14 21 59 80 104 170 171 90 50 47 22 -1 22 5 -145 -216 -93 21 147 259 189 100 104 107 95 94 86 50 28 27 17 21 34 36 38 41 37 18 -2 -3 3 2 0 1 6 12 13 10 6 4 3 1 -1 -2 -1 0 0 0 0 0 0 0 0 0 -1 -2 -1 0 0 0 0 0 1 3 4 3 1 2 3 -2 -6 -2 6 9 3 -2 0 1 1 3 5 6 4 -1 -6 -7 3 9 -5 -8 0 -1 4 8 6 7 7 4 2 3 2 -3 -5 1 8 8 3 -2 -1 16 40 36 8 -1 9 8 2 14 25 13 4 12 10 -5 -5 4 11 33 46 25 -7 -38 -36 1 22 0 -18 18 31 10 -10 -28 -17 -12 0 26 29 44 37 11 19 27 132 362 418 209 38 -72 -193 -149 -107 -152 -75 -1 -4 13 30 23 4 -5 4 -11 -94 -139 -131 -163 -165 -235 -379 -297 -39 170 236 192 156 239 442 403 141 16 -104 -301 -281 -90 -11 -10 -5 -4 -5 -7 -8 -8 -10 -22 -33 -22 -3 5 5 5 8 11 10 12 5 55 226 281 120 -122 -311 -237 -51 6 -1 -2 9 8 -2 -4 -8 -13 -10 0 8 3 -8 -8 -1 3 3 4 10 17 15 -2 -19 -18 -10 -4 43 225 509 605 297 -217 -567 -678 -618 -376 -101 10 -9 -13 8 4 9 20 7 -8 -27 -27 0 -6 -25 -22 -12 0 10 13 2 -3 4 -12 26 120 46 -104 -11 316 577 503 219 41 17 16 1 -7 -12 -19 -34 -76 -136 -271 -542 -655 -391 -36 166 230 156 11 -58 -90 -151 -119 8 16 -55 17 132 167 130 19 
534 507 368 346 427 419 328 165 -51 -234 -330 -333 -257 -115 60 217 324 363 334 255 165 92 31 -16 -30 -21 -12 -4 5 19 20 43 275 550 370 -50 -157 -44 -49 -303 -613 -692 -641 -626 -655 -631 -356 4 92 84 240 287 157 168 213 -22 -214 133 543 400 -49 -453 -547 -265 -29 -14 -28 -15 0 7 10 10 -9 -54 -128 -198 -256 -302 -293 -240 -185 -134 -98 -99 -100 -58 -57 -178 -211 -72 -73 -173 -178 -190 -21 331 419 319 226 21 -115 -97 -243 -390 -148 52 -69 42 319 259 154 201 120 -8 -29 -4 17 15 15 20 10 5 6 -2 -10 -8 2 9 14 41 41 -34 -72 -127 -198 -95 18 20 13 15 19 20 20 12 -2 0 21 41 44 31 18 16 21 26 29 33 40 42 28 6 1 30 129 229 166 39 22 46 32 -5 -21 11 42 23 -13 -12 17 31 36 50 48 23 18 45 50 32 39 53 44 32 51 69 56 56 32 -29 18 127 127 85 77 88 115 126 75 -21 -65 -31 18 50 59 48 41 38 13 -9 5 22 23 20 15 8 3 6 12 12 8 5 3 1 -1 -2 -1 0 0 0 0 0 0 0 0 0 0 -1 -3 -4 -5 -5 -2 0 1 2 1 -1 -3 2 10 5 -3 2 14 20 13 3 1 1 0 1 3 4 3 2 -5 -12 -6 -2 5 14 6 2 7 6 4 4 3 1 0 1 2 2 6 14 19 17 9 4 -2 -16 -23 -21 -12 10 25 4 -16 10 22 -20 -52 -33 -10 -13 -9 -4 -17 -18 -6 0 -5 -23 -32 -4 43 42 -25 -56 -13 10 2 -1 6 19 16 -17 -26 21 41 26 53 196 460 543 161 -283 -364 -184 72 260 339 248 76 7 7 10 8 -11 -58 -111 -117 -39 12 -66 -209 -247 -109 46 118 134 207 368 383 239 167 177 275 377 241 62 4 -188 -346 -196 -26 1 -6 -12 -13 -13 -8 -1 4 -5 -23 -19 1 12 11 5 0 -1 2 5 7 16 143 311 235 -11 -251 -320 -141 -4 -3 -11 -7 0 -4 -10 -12 -14 -10 0 9 9 2 -3 -5 -5 -1 3 5 7 2 -8 1 13 -2 -5 5 24 138 378 580 449 -7 -388 -544 -576 -400 -118 2 0 -7 -7 4 10 1 -10 -3 0 -103 -274 -267 -101 -13 -9 -6 1 -4 -5 7 16 7 54 96 -30 -121 -46 159 463 553 313 91 40 19 1 -1 -3 -11 -82 -181 -162 -181 -465 -667 -426 -58 50 11 19 102 236 251 96 37 179 328 375 313 185 116 106 
678 568 327 75 -142 -295 -330 -291 -205 -58 105 243 355 425 421 332 207 98 18 -16 -20 -42 -54 -26 -3 2 6 1 -116 -341 -366 -144 64 203 72 -307 -351 -87 -25 -267 -418 -144 210 318 211 -154 -491 -375 -53 166 357 463 389 259 255 282 47 -172 131 515 388 -51 -453 -532 -253 -13 24 -7 -55 -114 -189 -267 -296 -285 -269 -220 -112 8 94 161 227 283 308 319 248 53 -36 -63 -159 41 310 115 -181 -219 -81 136 277 209 66 -55 -229 -165 194 265 181 416 491 228 149 162 42 -16 6 18 21 12 0 4 4 -10 -13 -4 3 -2 -3 4 11 12 -95 -259 -249 -204 -299 -366 -292 -136 -27 4 5 3 13 22 17 11 22 30 2 -24 1 27 17 6 13 18 20 21 9 2 18 40 52 44 31 31 18 9 20 27 22 23 35 41 38 13 1 22 -6 -74 -74 -22 15 51 78 72 47 24 27 40 52 65 -9 -112 -35 160 284 322 258 125 57 48 60 85 90 92 119 136 83 27 83 165 152 90 60 65 36 -15 -22 6 39 48 38 32 23 14 16 20 17 8 0 -1 0 -1 -1 2 3 0 -3 -2 3 5 2 0 1 2 0 -3 -4 -3 -1 0 -2 -6 -7 -2 8 10 3 2 4 10 17 11 4 2 -2 2 8 5 0 -2 -1 4 9 8 -1 -11 -7 3 8 2 -10 -6 3 1 -2 1 6 7 7 10 8 -2 -9 -7 -1 5 2 -17 -39 -41 -23 -14 -20 -12 2 -10 -14 4 3 -5 -1 -1 4 22 15 -36 -58 -22 3 10 8 17 38 39 18 -7 2 6 10 28 25 27 13 -18 -31 -53 -24 128 390 645 582 257 12 -174 -282 -161 87 218 219 181 60 -39 -45 -90 -172 -244 -237 -153 -172 -179 -57 31 36 17 66 248 392 364 259 124 -13 -96 -71 -8 61 249 324 150 4 -146 -348 -309 -97 -11 -10 -2 4 4 -4 -3 6 17 21 9 0 3 5 1 0 0 -2 -1 0 -3 57 250 320 126 -141 -339 -266 -60 -6 -16 -7 -1 -2 -2 4 9 6 -2 -5 -4 -4 0 5 4 -1 -7 -8 -5 -3 5 13 13 14 8 0 5 13 83 307 549 540 343 96 -266 -523 -402 -126 -3 -3 -11 -14 -23 -28 -16 -25 -165 -436 -641 -609 -355 -110 -25 -13 -4 5 9 10 18 11 25 117 81 -82 -52 110 281 540 666 412 103 17 10 0 1 1 -2 -4 -20 -39 -130 -413 -661 -510 -155 10 30 54 116 190 151 20 24 145 99 -66 -141 -128 -63 
-221 -373 -466 -379 -189 -10 108 212 312 344 299 204 57 -116 -226 -201 -92 -24 -10 0 -58 -309 -585 -498 -172 -11 3 -18 -233 -590 -720 -548 -270 -71 -59 -184 -209 -77 10 22 135 385 543 568 621 483 -30 -318 -78 186 273 294 245 128 43 146 286 103 -126 73 306 164 -160 -490 -573 -375 -266 -306 -326 -294 -222 -132 -52 37 152 254 304 303 277 234 152 18 -121 -142 -66 -149 -248 -13 68 -107 134 407 307 212 45 -215 -265 -269 -286 -54 66 -104 43 356 282 157 215 170 26 -9 29 22 6 3 -4 -2 3 -2 -7 5 24 24 9 12 20 9 -3 -11 -133 -392 -504 -309 -116 -135 -154 -124 -83 -9 23 17 16 25 29 20 18 -15 -198 -354 -210 -32 -24 -16 14 21 14 9 -64 -260 -346 -221 -77 -5 16 23 27 32 31 16 12 25 35 15 -14 2 37 -50 -247 -326 -282 -186 -47 14 12 21 20 28 40 26 38 26 -131 -210 -60 16 76 254 245 99 55 60 61 68 88 66 28 94 142 98 106 145 132 111 110 100 74 60 48 20 13 42 63 62 52 33 16 14 26 30 18 11 10 3 -3 -3 -1 0 0 -1 -3 -3 -1 0 1 3 3 1 0 0 0 0 -1 -4 -6 -2 8 8 -2 -1 2 0 -1 -5 -1 9 10 11 13 8 2 1 3 0 -3 5 13 12 2 -3 9 7 -10 -11 -7 -10 -10 -5 -3 -4 1 10 12 5 -1 1 8 9 4 3 1 4 13 4 -14 -7 6 -7 -13 -1 -3 -7 1 3 0 9 12 -24 -46 -18 2 -2 3 -1 -29 -10 38 28 -9 -16 -27 -44 -33 -32 -39 -16 13 87 304 560 594 401 112 -139 -69 132 233 330 300 187 89 -47 -223 -305 -203 -76 -80 -195 -197 11 67 -145 -230 -67 200 342 247 156 8 -224 -217 -134 -231 -320 -228 -80 0 150 340 414 435 331 -39 -343 -232 -31 5 -3 -2 11 11 0 -5 8 29 24 3 -8 -7 -2 1 7 15 20 17 2 4 121 298 280 89 -110 -212 -123 -2 19 7 3 4 6 12 16 9 -6 -17 -18 -11 -2 4 6 3 -2 0 3 1 1 -3 -5 5 12 9 6 9 10 48 215 477 655 603 278 -208 -520 -417 -144 -16 -6 -10 -2 7 -52 -265 -529 -577 -432 -429 -518 -365 -102 -5 -9 -5 -1 6 11 14 14 57 112 13 -59 64 152 240 524 689 443 128 26 15 0 -5 -2 -8 -48 -96 -83 -103 -331 -613 -545 -205 -11 -15 -43 7 17 -119 -175 -83 -100 -224 -292 -234 -65 
-123 -97 -103 -85 -1 112 195 199 120 -116 -464 -647 -638 -610 -627 -627 -438 -143 -3 -3 -176 -440 -510 -526 -472 -205 -14 0 -67 -72 16 -162 -463 -379 -75 26 -50 -59 1 43 51 36 28 42 63 48 -2 -21 39 99 77 23 -22 -24 -2 2 110 274 218 71 166 315 201 -140 -526 -679 -452 -116 58 142 227 285 305 294 262 200 106 21 -17 -43 -175 -319 -291 -291 -271 -68 -81 -234 -142 -25 62 271 309 9 -339 -409 -155 46 -78 -220 -134 -80 -65 134 275 147 13 8 10 12 13 -2 -5 2 6 -2 -7 -10 -34 -88 -162 -171 -77 3 12 11 14 -11 -63 -72 -53 -25 150 377 362 167 53 20 0 10 21 12 10 16 9 -64 -183 -234 -261 -260 -142 -19 15 18 11 5 -41 -257 -487 -487 -313 -102 13 14 0 0 2 1 -2 -6 4 23 30 35 24 -88 -232 -228 -218 -242 -131 -25 0 23 49 70 55 40 56 38 -8 -8 -5 -68 -49 63 71 43 68 86 79 73 90 18 -148 -194 -117 -11 89 117 114 136 134 51 -33 -1 72 69 46 61 57 40 53 62 45 26 17 12 6 0 -1 2 3 -1 -2 3 6 2 -6 -7 -1 1 0 0 0 0 1 2 1 0 1 3 3 0 -5 -4 4 6 2 -6 -13 -6 9 19 20 13 5 1 1 4 7 4 -2 0 8 15 16 7 -6 -4 10 8 -3 -2 7 12 6 -6 -13 -12 -6 2 8 10 10 0 -9 3 15 11 0 -5 7 22 14 -5 -7 5 4 -11 -6 13 8 -16 -20 -3 -1 -3 3 9 15 -22 -60 -51 -34 -24 -27 -13 -4 -7 3 -1 50 140 241 485 706 630 312 -25 -194 -243 -112 204 323 171 -17 -127 -188 -184 -111 -102 -175 -133 77 221 181 99 144 194 167 125 101 137 111 27 -110 -356 -424 -225 -49 9 9 -5 -7 63 241 417 582 733 611 140 -186 -104 7 1 -4 -1 2 1 0 0 7 14 5 -9 -8 3 2 -3 1 4 6 7 8 42 198 405 542 543 258 -41 -52 9 12 9 5 1 -1 -4 -7 -9 -12 -11 -4 -2 -5 -4 0 3 5 7 7 5 2 -2 -5 -6 -5 -6 -9 3 16 24 126 342 538 563 276 -222 -534 -431 -147 -10 -10 -15 -106 -354 -568 -545 -262 72 69 -299 -533 -375 -119 -19 -11 -11 -15 -9 0 0 4 88 106 -60 -96 50 87 102 381 616 436 138 20 10 8 5 -4 -22 -34 -50 -74 -111 -305 -607 -601 -297 -160 -204 -185 -197 -281 -234 -57 61 39 -20 -42 -77 
277 97 -58 -138 -276 -454 -429 -198 -65 -234 -457 -303 58 265 227 -145 -450 -276 -31 -91 -286 -73 474 401 -222 -421 -168 5 50 160 395 474 107 -386 -489 -253 -69 -19 11 12 -107 -255 -283 -317 -475 -472 -53 257 120 -22 -16 -9 -6 -2 -6 -1 10 93 252 325 414 633 653 325 -102 -384 -309 44 278 259 172 114 56 9 -14 -23 -17 2 22 -53 -201 -136 56 -56 -356 -256 117 147 134 295 217 36 -28 -12 107 109 -18 105 265 76 -46 143 187 52 29 50 26 -1 1 4 -9 -5 9 14 19 33 13 -26 -85 -251 -377 -248 -39 15 6 16 17 21 110 331 512 435 246 283 370 250 95 15 -8 -4 2 8 12 26 -5 -72 45 231 148 18 47 65 37 13 9 -84 -268 -244 -77 -9 18 26 8 -4 8 10 -18 -19 7 26 29 25 22 21 -38 -61 77 137 66 31 19 28 48 37 23 26 30 33 -51 -191 -104 78 78 140 211 111 60 66 53 66 85 83 66 71 43 -67 -98 28 146 158 133 122 88 15 -19 -14 -27 3 86 124 116 105 77 33 8 -1 -24 -30 -7 -1 -1 15 19 10 3 0 0 1 4 6 4 1 0 0 0 0 1 2 1 0 0 1 2 0 -5 -5 1 4 6 3 -6 -5 5 9 6 4 4 2 -1 -1 2 3 0 0 5 10 10 4 -5 -6 3 5 1 3 11 17 16 10 1 -7 -11 -11 -9 -6 -1 16 43 41 16 12 23 26 16 -2 -15 -12 -4 6 22 24 5 -7 -4 -8 -2 16 7 -8 -10 -15 -14 -6 3 1 1 15 13 -1 7 8 13 171 429 487 472 555 430 185 148 192 175 115 53 61 32 -97 -261 -331 -326 -255 32 182 2 -122 -1 218 274 109 50 184 227 128 26 -11 0 11 27 96 148 126 209 364 296 108 20 9 113 150 69 250 576 534 121 -105 -35 13 9 -8 -22 -12 10 18 8 -1 -6 -6 1 9 10 2 -7 -1 15 21 13 9 105 305 458 494 333 43 -77 -25 2 -4 -5 -8 -11 -11 -8 -4 0 3 3 -1 -7 -11 -13 -16 -20 -22 -19 -10 1 7 6 -1 -11 -15 -8 -5 -13 1 20 2 91 360 502 264 -204 -520 -435 -153 -47 -203 -463 -593 -452 -89 325 585 559 224 -274 -545 -383 -113 -8 3 -2 -6 -10 -12 -9 32 93 14 -105 -53 -1 -84 -133 91 423 422 182 43 21 15 6 5 -4 -14 -26 -54 -92 -260 -560 -647 -406 -160 -109 -85 -19 -63 -110 29 221 307 267 130 
-342 -302 43 339 390 294 132 42 15 -29 -2 185 320 261 132 15 -40 -24 -15 -197 -321 -17 271 257 -36 -471 -510 -187 28 22 17 251 490 281 -172 -282 -101 0 24 75 -51 -426 -684 -713 -586 -119 410 398 100 -1 -2 -4 23 35 22 16 14 -2 -6 73 206 347 546 612 358 -5 -344 -492 -293 -81 -48 -38 -18 -6 5 3 -2 1 -5 -11 2 -98 -270 -232 -144 -180 -56 221 356 261 79 15 112 281 443 389 24 -146 100 324 390 359 192 40 -4 -12 -9 -13 -17 -3 24 30 11 -2 -76 -182 -246 -290 -169 57 76 -26 -32 3 18 17 6 21 175 365 339 235 149 60 -7 -111 -120 -15 36 17 -3 7 21 -4 -169 -323 -232 -129 -46 123 144 59 33 25 13 -27 -27 129 290 329 272 129 30 26 44 44 22 20 50 62 31 11 20 4 -121 -248 -182 -7 209 323 194 65 49 46 26 5 11 -22 -184 -325 -280 -138 69 275 249 85 43 63 71 86 74 48 -17 -54 50 154 213 279 241 133 95 95 15 -60 25 124 136 171 191 121 31 -35 -83 -96 -79 -54 -26 13 45 43 26 15 4 -1 -1 -4 -6 -3 4 7 3 0 0 0 0 0 0 0 0 0 0 1 2 0 -4 -7 -9 -7 1 3 -5 -8 -6 -8 -6 5 16 18 12 7 9 11 6 0 -3 -4 -4 -3 -1 -2 -5 -3 1 0 -3 -2 4 9 7 2 0 0 -2 -7 -12 -6 11 12 0 -3 -5 -7 -11 -16 -6 3 -9 -21 -9 14 27 25 12 6 18 28 18 10 14 -9 -26 -3 13 26 27 13 23 31 32 122 357 620 579 336 302 234 40 -59 -116 -64 150 195 -74 -281 -326 -190 43 89 121 129 68 124 227 231 88 11 58 57 22 -7 -19 -10 -4 -9 -19 -15 109 349 437 295 160 144 114 39 15 1 45 110 -36 -146 31 253 197 -61 -103 -16 -18 -14 2 -1 1 11 4 -11 -11 1 7 4 7 14 14 13 13 13 16 12 47 111 53 -34 33 57 -33 -50 -28 -21 -7 -5 -10 -11 -7 1 10 13 8 1 -5 -9 -10 -13 -20 -24 -19 -9 1 8 8 4 0 -4 -2 8 9 6 20 12 -17 74 334 500 298 -166 -504 -499 -431 -540 -563 -333 38 426 603 543 532 536 253 -233 -509 -388 -142 -25 4 1 -7 -6 -4 -8 57 106 -30 -115 -22 49 -33 -79 219 595 568 254 56 23 16 3 -7 -5 0 -21 -59 -82 -216 -492 -545 -276 -60 70 220 179 7 -4 110 137 106 128 
-508 21 456 421 203 93 -27 -169 -105 57 9 -240 -432 -574 -641 -224 308 280 -59 -325 -307 -248 -441 -404 -52 -17 -372 -477 -154 81 36 2 166 429 541 461 280 74 25 243 499 456 289 309 495 650 511 186 14 -4 3 10 4 -26 -75 -78 -19 1 -29 -37 -158 -375 -206 341 599 342 -121 -514 -583 -289 -31 6 4 8 -7 -16 -12 -2 -13 48 204 158 -24 97 427 473 214 58 36 -1 -10 15 39 36 42 176 272 136 20 65 120 89 27 3 9 21 21 31 30 -37 -106 -89 -108 -165 -181 -301 -385 -371 -281 80 332 154 -33 -10 16 10 15 -3 27 72 32 -7 -64 -160 -198 -244 -227 -90 -11 13 19 -6 -16 -11 -20 -17 -21 -129 -172 -44 20 -3 -2 -12 -143 -238 -46 166 207 184 102 30 39 70 56 42 60 58 40 25 20 46 70 -56 -258 -240 -68 103 235 218 123 82 52 18 25 41 43 21 -24 -42 -84 -87 68 148 70 35 51 61 63 56 52 1 -168 -292 -217 -43 172 290 212 110 81 88 112 166 176 82 83 197 140 -62 -186 -196 -147 -83 -45 -29 5 34 27 16 4 -13 -10 0 7 14 12 3 -3 -3 -1 0 0 0 0 0 0 0 0 0 0 0 0 0 -1 -3 -5 -3 6 11 7 4 0 -8 -9 0 8 9 6 3 4 7 6 0 -7 -10 -8 -4 1 5 8 14 19 15 3 -4 0 4 3 5 13 21 20 7 -10 -27 -39 -31 -9 -1 -16 -23 -11 2 18 24 13 0 -11 -9 25 48 20 -2 2 1 3 17 34 29 0 -6 7 -5 -37 -47 -3 57 214 553 797 609 119 -41 57 -110 -242 -273 -396 -371 -132 64 1 -77 -36 -14 157 318 326 308 190 134 215 214 91 5 2 3 0 3 0 -2 4 2 -11 2 94 162 104 53 39 0 -24 -5 17 6 12 118 112 -91 -123 33 114 -18 -138 -59 -7 -10 6 9 -4 -9 -2 -4 -4 4 3 -6 -4 7 8 -2 -8 -3 9 12 11 69 74 -51 -44 62 3 -79 -42 -6 1 4 -2 -4 -2 3 7 8 7 4 2 4 7 6 0 -2 4 6 1 -3 -2 6 19 32 29 16 17 3 -13 13 24 16 120 374 527 317 -152 -550 -666 -523 -202 213 541 575 336 100 111 354 502 255 -248 -511 -329 -71 -2 -6 -6 -3 7 0 24 109 70 -75 -44 100 225 288 286 437 686 633 280 47 17 12 6 5 -2 -12 -26 -56 -80 -154 -377 -550 -367 9 208 203 113 5 -118 -205 -235 -277 
-176 25 92 -19 -206 -456 -660 -536 -174 36 68 109 222 273 169 136 195 74 -217 -218 220 415 271 304 547 708 467 52 48 322 304 77 5 123 413 678 560 206 51 205 528 712 664 582 461 207 -21 -52 -9 -10 -3 11 -45 -302 -623 -565 -220 -27 3 7 -141 -421 -406 -11 423 594 375 -55 -465 -578 -307 -49 -9 -23 -15 -12 -17 -13 3 30 152 399 555 533 487 415 262 93 2 1 17 17 5 3 -2 44 186 197 55 -24 -30 -8 0 -6 -9 -63 -122 -96 -118 -225 -274 -252 -179 -171 -99 52 97 187 147 -9 94 231 135 13 -14 -13 -2 17 18 -21 -84 -103 -73 -126 -230 -277 -250 -140 -44 -5 13 18 14 34 202 434 476 416 336 168 45 19 18 20 -38 -221 -395 -251 97 186 83 51 51 34 11 13 26 18 4 12 48 52 12 20 158 317 340 290 198 85 46 37 18 15 22 40 -11 -136 6 365 488 412 293 157 87 69 59 54 31 5 29 42 -30 -104 -124 -32 144 176 99 79 87 104 198 331 308 103 -76 -167 -244 -240 -142 -56 -11 10 14 8 -4 -20 -33 -34 -15 24 55 51 37 34 31 22 9 0 -1 0 -1 -3 -3 -1 0 0 0 -1 -3 -4 -3 -1 1 4 5 4 8 13 14 14 9 0 -6 -12 -17 -16 -12 -10 -13 -12 -3 -1 -6 -7 -4 0 4 4 1 2 4 2 -4 -11 -15 -12 -5 -1 5 13 14 8 1 -6 -17 -19 -4 6 1 7 25 15 -8 -8 2 5 -6 -26 -32 -17 -5 -7 -17 -28 -18 1 7 14 6 -10 -14 -26 6 182 369 329 261 288 182 -122 -211 48 4 -254 -286 -133 -1 -83 -151 33 258 306 351 298 127 85 75 75 90 53 19 10 6 -10 -19 -3 7 10 5 1 14 10 5 14 20 25 20 11 5 1 1 -4 -14 -8 -3 54 143 27 -127 -45 111 94 -95 -123 -8 2 -18 -3 -1 -12 -7 3 6 2 -5 -8 -8 -5 1 3 9 20 21 14 -2 32 98 23 -65 28 47 -66 -61 -1 4 0 0 2 6 7 4 2 3 3 3 6 7 3 -4 -3 7 8 -1 -8 -7 2 15 18 8 -1 -3 2 3 -3 2 16 33 130 365 530 340 -75 -258 -22 372 603 540 281 71 4 2 113 374 476 192 -227 -353 -159 -9 9 3 -4 3 9 0 53 116 10 -102 -51 99 205 95 -30 138 470 571 344 102 25 16 5 4 9 -4 -21 -42 -63 -112 -315 -497 -395 -182 -63 -54 -122 -169 -166 -195 -263 
219 -239 -482 -347 -172 -116 -9 148 123 59 174 352 432 521 610 385 40 -75 29 359 637 640 565 496 434 444 541 514 374 378 292 43 -107 -196 -233 -202 -263 -372 -303 -91 -46 -284 -533 -623 -652 -679 -665 -503 -208 -16 -4 -18 -143 -424 -552 -559 -498 -224 -4 24 45 -14 -137 -96 101 416 614 403 -42 -460 -606 -361 -79 -10 -11 1 2 -5 -6 -7 9 91 189 191 101 16 -13 -11 -4 7 7 -7 -7 2 10 12 7 8 7 13 16 0 2 -26 -179 -290 -293 -310 -306 -208 -37 -60 -82 53 86 220 370 396 373 182 42 91 91 16 -6 2 3 19 33 -33 -251 -460 -411 -171 46 181 186 96 46 16 1 21 31 26 72 161 210 274 265 107 14 18 -4 -63 14 216 266 242 237 145 52 45 50 15 -1 11 17 31 39 41 43 -80 -323 -336 -49 177 210 165 118 91 57 22 23 46 63 38 -121 -304 -231 44 305 372 209 81 78 72 52 47 44 46 39 -10 -21 50 174 283 235 103 43 53 73 68 84 129 140 92 -58 -245 -268 -132 -12 13 -5 18 94 135 85 37 41 25 29 94 123 95 59 35 28 27 23 14 4 0 -1 -3 -3 -1 0 1 2 0 -3 -3 -1 0 1 2 -1 -6 -6 -3 -1 1 -2 -2 4 -4 -18 -18 -9 -4 -9 -12 -5 -1 -2 -1 1 4 6 4 0 -2 -1 2 6 7 3 1 2 -4 -12 -13 -10 -3 8 20 20 7 -2 -8 -13 0 22 15 -1 2 -2 -10 0 5 -26 -42 -9 11 -1 -15 -12 -11 -27 -22 -1 -8 -2 105 352 622 599 424 372 139 -302 -449 -62 292 157 -33 49 247 348 204 -33 -42 135 200 155 130 68 17 20 14 -3 -16 -17 -20 -14 5 12 15 8 0 12 16 -5 -17 -8 -4 4 22 15 -1 -2 -6 -1 -1 -9 -1 -5 -5 106 123 -81 -130 27 125 -15 -170 -75 13 -2 -14 -11 -4 -7 2 9 -1 -5 3 4 -2 -2 -1 2 5 -1 1 9 1 44 66 -94 -242 -291 -323 -208 -44 -7 -14 -5 5 12 12 8 4 0 -3 -5 -7 -10 -16 -24 -23 -11 -3 -2 -3 -5 -6 -5 -5 1 8 3 6 16 13 11 14 10 12 98 339 518 401 296 478 611 435 170 39 20 26 21 19 124 328 350 53 -268 -277 -91 3 8 8 8 5 1 16 98 95 -62 -102 -27 -55 -153 -154 -95 55 401 577 358 107 32 16 -4 -16 -9 3 -10 -47 -73 -100 -287 -604 -647 -300 -6 -20 -24 65 109 203 
599 264 -210 -408 -247 166 577 528 179 152 372 305 56 39 301 494 326 131 279 459 294 62 -4 -33 -37 -15 62 110 -31 -132 -83 -216 -531 -725 -800 -820 -723 -536 -298 -76 -129 -447 -492 -158 119 149 -165 -513 -371 -58 20 -45 -245 -179 351 367 -274 -489 -192 1 97 109 -46 -67 32 148 440 647 442 -12 -450 -619 -398 -107 -17 -13 7 12 0 -8 -14 -20 -21 -19 -15 -15 -14 -1 5 6 8 -1 -9 -7 5 20 28 26 4 -30 -34 -64 -114 -84 -129 -245 -219 -109 24 65 -16 0 88 182 198 150 167 122 66 62 22 -12 -7 17 27 21 10 -12 -10 17 -84 -246 -196 -13 191 408 404 185 47 18 11 8 -1 3 5 -4 5 30 29 8 1 -22 -49 -117 -241 -108 291 400 175 48 36 19 11 9 22 39 47 50 38 23 34 21 -130 -366 -365 -49 199 177 71 35 35 39 57 68 60 3 -18 149 204 -48 -141 30 105 59 34 37 35 31 33 50 -28 -204 -96 166 179 140 127 60 21 27 41 45 30 -81 -236 -233 -136 -92 -40 6 1 28 117 221 295 238 86 23 77 122 83 40 36 52 82 82 59 54 52 40 34 34 30 18 8 4 1 1 2 2 2 4 6 2 -2 -2 -5 -10 -14 -14 -11 -12 -13 -4 8 7 -3 -7 -1 6 7 5 1 -5 -8 -8 -3 8 10 6 9 7 -2 -5 -2 2 13 19 4 -4 -1 -6 -8 -4 5 22 27 11 -3 -5 12 22 0 -6 12 16 7 2 7 13 2 -20 -18 1 10 18 15 0 -7 3 37 45 130 449 725 552 60 -56 261 341 27 -110 140 236 209 258 257 196 201 313 305 178 89 52 5 -28 -18 5 14 -8 -25 -18 -10 -15 -13 0 0 -9 -11 -9 2 3 -11 -2 7 -3 -8 -7 -10 -14 -9 -1 3 7 11 1 -1 -20 -46 11 -23 -133 -68 101 107 -92 -138 -18 25 11 -7 -11 -11 -6 0 -1 0 3 2 -6 -13 -19 -26 -20 -17 -18 -3 -10 3 92 -17 -404 -622 -560 -381 -148 -25 -9 7 9 -5 -5 1 -6 -10 -4 2 2 -2 0 3 -4 -11 -11 -7 4 11 6 5 9 7 0 -4 -2 4 11 13 13 9 4 13 90 315 579 682 566 299 77 2 -7 4 13 3 -14 -17 117 293 196 -140 -320 -178 -23 7 14 5 0 4 -8 26 101 30 -91 -61 -30 -46 -44 -28 26 128 363 585 471 174 39 26 7 3 0 -10 -15 -50 -78 -108 -277 -506 -529 -295 -18 139 230 300 330 
362 558 556 429 443 547 479 222 56 146 324 262 38 -96 -108 -80 -181 -320 -253 -79 17 -51 -319 -499 -365 -124 0 -69 -347 -491 -255 -38 28 81 -56 -158 146 441 335 103 6 -27 67 298 365 245 77 -54 -63 -28 -8 -137 -341 -208 68 82 -174 -515 -509 -179 57 88 -101 -290 -284 -277 -278 -11 396 428 42 -424 -650 -460 -134 -1 0 0 12 23 18 5 -7 -18 -16 -4 5 8 7 -7 -17 2 13 6 0 -40 -117 -132 -91 -195 -357 -393 -402 -247 60 114 111 268 321 256 153 175 208 117 101 74 20 17 7 0 5 7 2 -11 -6 3 2 11 -2 33 174 318 415 366 183 89 79 35 2 7 4 -14 -9 23 34 19 11 19 33 37 30 -5 -84 -173 -242 -164 69 170 82 8 -2 -8 -9 14 29 30 26 11 7 -10 -99 -46 259 387 292 257 191 80 32 35 54 64 46 20 21 8 -8 59 184 262 199 72 21 13 7 7 3 4 21 45 38 9 58 100 14 -13 46 46 27 30 25 -83 -308 -473 -443 -256 -71 2 3 23 117 271 401 414 334 256 160 17 -26 87 133 61 47 96 122 114 104 89 42 8 19 35 39 33 22 15 8 1 -3 1 5 1 -2 0 5 5 1 4 5 1 1 1 0 -5 -13 -12 -5 -1 1 5 12 10 -2 -1 10 9 0 -2 0 -1 0 1 0 2 1 -7 -10 -6 -1 11 12 -1 -1 -3 -15 -25 -22 -2 5 1 11 8 -11 0 9 -10 0 19 0 -14 0 4 -1 2 3 0 -4 -9 -12 1 44 172 330 317 144 -115 -221 -87 -127 -298 -231 76 215 73 104 280 220 48 35 139 176 100 20 0 15 8 1 1 -28 -27 5 12 3 5 -2 -35 -40 -17 -10 -13 -6 7 16 21 12 -12 -20 -4 4 -5 -17 -13 -19 -132 -237 -198 -156 -180 -230 -98 49 -83 -131 23 158 58 -135 -99 -24 -6 16 9 4 3 0 0 -2 -6 -8 -9 -6 -4 -13 -15 -6 -1 -1 2 2 45 134 47 -143 -245 -333 -259 -71 -5 -8 -14 -14 -20 -25 -10 -6 0 25 25 -9 -35 -10 35 35 12 -6 -19 -16 -2 4 -12 -22 -1 15 3 -13 -7 11 11 5 13 27 32 103 312 418 244 51 1 1 11 13 -4 -19 -15 -10 -14 14 37 -77 -263 -245 -75 1 -6 -18 -12 -5 -13 -17 56 102 -30 -98 49 153 47 -28 86 169 246 516 724 573 240 52 30 18 -1 -9 -6 -1 -29 -58 -63 -153 -418 -599 -357 33 181 151 64 
37 149 308 412 381 147 -173 -354 -342 -199 -49 -17 -218 -554 -710 -682 -620 -535 -370 -147 -14 -73 -360 -676 -755 -549 -203 -28 -152 -276 -138 190 529 673 513 310 365 440 286 80 34 47 -141 -428 -586 -634 -378 142 286 91 -59 -282 -280 -35 -124 -121 263 204 -340 -503 -164 118 -35 -447 -639 -580 -505 -317 155 565 494 91 -350 -601 -468 -160 -12 2 2 -3 -5 -2 2 11 16 4 -12 -1 19 16 4 -8 -46 -68 -77 -233 -393 -281 -53 -5 -156 -186 -103 -101 69 315 331 207 110 159 271 245 108 4 -21 -10 -7 2 17 5 -14 -16 -13 -95 -202 -138 -23 3 -3 13 184 371 290 136 73 18 -2 6 4 -4 -102 -278 -347 -278 -149 -33 12 15 12 5 -6 9 34 88 222 291 197 74 21 5 -4 -7 -4 4 6 4 10 17 7 -124 -346 -425 -221 207 414 237 79 49 40 52 60 49 32 11 -25 -139 -304 -383 -287 -20 162 102 25 15 0 -5 5 16 30 -22 -81 2 10 18 227 249 84 44 52 -38 -259 -423 -354 -183 -64 -6 10 16 86 257 458 522 412 262 156 195 298 250 150 174 254 257 220 190 147 124 103 37 13 65 66 11 -9 17 37 21 6 13 17 7 -1 -1 2 4 1 -5 -4 4 3 -7 -7 5 12 4 -7 -5 5 9 2 -5 -3 -2 -3 8 23 22 5 -11 -13 -7 -3 0 5 10 10 3 -8 -15 4 37 31 -1 -5 8 7 -11 -17 10 26 14 -3 -12 -3 -2 -18 -20 -10 0 12 17 16 20 16 -5 -10 55 183 296 293 137 75 359 618 344 -266 -596 -275 208 207 -113 -201 48 143 40 18 58 63 17 -2 -1 -15 -15 3 13 3 -7 3 6 4 15 20 17 15 21 23 21 23 2 -4 9 -22 -45 -45 -57 -42 -116 -238 -163 -22 15 9 8 -37 -208 -387 -347 -204 -253 -304 -102 109 34 -134 -93 85 127 -63 -128 -21 8 6 14 17 12 2 -3 -4 -5 -7 -4 3 9 2 -21 -18 7 6 3 6 -9 113 332 313 86 -181 -299 -143 -5 -9 -16 -4 -10 -18 -3 7 1 -9 -4 -47 -245 -431 -389 -238 -112 -18 13 4 0 -9 -17 -18 -25 -15 8 6 3 11 5 3 8 9 15 25 31 29 20 14 20 27 20 -2 -4 23 20 -74 -300 -432 -251 -3 64 12 -11 -2 -7 -11 -9 -1 5 1 19 95 61 -90 -36 152 215 174 114 108 126 158 380 680 643 310 75 22 20 13 -4 -5 -2 -22 -55 -77 -132 -343 -580 -540 -283 -138 -162 
-65 -95 -90 -106 -312 -552 -537 -411 -443 -489 -305 -109 -231 -423 -231 166 380 424 336 136 -7 -24 -31 -46 -101 -364 -526 -285 -28 -11 -32 29 83 94 92 40 -40 -60 -30 -4 31 38 9 96 274 313 171 31 -6 -9 -170 -270 144 596 617 598 720 745 434 -11 -79 251 513 433 286 311 428 451 331 394 632 561 144 -311 -606 -550 -240 -34 -8 -24 -18 -3 2 8 6 -7 -5 -22 -69 -54 -28 -170 -312 -214 -46 -46 -159 -172 -77 116 293 338 388 292 116 168 187 34 -22 14 14 -8 -14 -2 -6 -15 -3 -1 -2 19 30 -61 -180 -153 -177 -230 -95 10 15 30 98 157 78 -11 -14 -5 -5 0 12 -60 -246 -400 -455 -385 -193 -35 11 14 -2 -15 -86 -289 -381 -208 74 204 100 3 3 10 4 3 14 18 10 5 17 47 43 -59 -176 -264 -279 -49 178 127 32 21 27 26 7 -4 23 67 11 -117 -99 14 51 35 15 9 6 2 14 26 21 12 15 -15 -184 -305 -168 60 224 219 102 -1 -177 -422 -523 -238 306 583 408 125 55 206 391 359 128 -74 -141 -35 86 130 235 377 385 264 194 203 186 139 111 115 105 47 21 66 65 -2 -38 -11 24 12 -2 3 13 30 34 19 5 5 4 -1 3 7 4 0 -1 2 5 4 0 0 4 5 0 -6 -8 -2 6 0 -12 -13 -7 -5 -7 -6 -4 -7 -12 -13 -9 -3 3 8 8 0 -8 -12 -10 2 8 8 4 -3 6 4 -13 -16 -15 -20 -8 22 13 -5 15 13 -12 -11 46 162 310 506 679 739 728 639 436 222 127 71 -141 -304 -194 -85 -44 30 152 216 89 -10 -10 -12 -5 11 20 17 16 5 -7 -5 10 36 27 0 11 8 -30 -52 -45 -102 -226 -243 -134 -92 -192 -230 -214 -203 -153 -168 -141 -146 -315 -367 -204 -42 14 18 -56 -141 -133 -146 -98 12 43 43 93 97 -84 -156 2 161 75 -112 -58 14 -14 -13 -3 -4 -9 -6 1 2 -2 -3 -2 3 4 -12 -17 -7 -8 -10 2 8 32 194 313 169 -92 -306 -262 -55 18 11 -1 2 16 0 -11 -13 -20 -8 24 -38 -291 -569 -678 -643 -535 -381 -217 -95 -28 14 33 25 16 23 11 -47 -75 -33 -1 -2 -6 -5 4 12 12 8 11 20 12 -9 -16 -6 -20 -158 -422 -584 -456 -107 295 489 318 70 1 11 11 10 12 15 14 -2 34 93 -10 -120 -27 106 131 75 22 -3 -26 13 259 628 702 393 106 21 12 4 -1 -5 -16 -20 -48 -92 -133 -311 -584 -647 -417 -143 
-212 -146 -72 -235 -471 -257 189 395 363 190 33 -4 -17 -26 33 150 317 430 324 109 12 43 92 255 535 437 -149 -546 -390 -117 -35 -9 -7 10 59 6 -61 -28 -2 5 42 90 221 440 582 668 566 115 -174 -92 16 251 527 488 355 293 218 307 553 534 240 217 504 658 627 551 464 301 -18 -245 -36 425 546 199 -273 -608 -599 -300 -67 -18 -19 -18 -11 6 3 7 -46 -213 -327 -311 -195 -174 -272 -212 -45 161 241 24 -157 -40 201 270 234 198 79 0 17 13 -14 -5 9 -8 -13 2 6 12 21 12 -39 -127 -145 -69 -100 -163 -128 -132 -90 -4 18 11 -3 -2 11 17 12 7 1 3 8 0 37 89 60 50 92 69 17 5 25 36 10 -83 -291 -371 -114 118 83 11 0 0 19 35 39 41 36 28 22 -35 -121 4 239 295 272 203 90 38 15 -3 7 4 -6 21 35 -36 -167 -128 132 307 279 150 31 1 -2 -2 22 28 15 3 -29 -92 -151 -167 -73 63 90 18 -164 -411 -484 -231 107 184 122 110 110 212 444 507 218 -96 -258 -365 -329 -160 17 98 126 206 239 166 104 95 87 88 95 107 153 191 140 56 53 100 108 77 63 67 55 24 8 16 32 36 13 -7 -2 10 8 -3 -1 14 17 3 -6 -5 -8 -13 -12 -6 -1 -3 -7 -3 2 -7 -19 -16 -4 2 1 -4 -11 -11 -4 3 7 6 1 6 0 -36 -35 1 3 -7 -4 1 1 -13 -13 14 30 17 -4 -1 6 -8 -14 -11 1 78 230 405 556 661 704 632 488 308 255 516 655 295 -247 -492 -305 76 314 188 -191 -378 -149 98 72 5 13 8 -3 5 8 -1 -1 2 -4 -30 -98 -182 -201 -154 -150 -130 -113 -163 -203 -266 -231 -202 -251 -189 -205 -272 -301 -320 -187 -92 -137 -133 -103 -171 -224 -116 -11 -13 -5 131 337 326 156 241 390 245 102 138 39 -136 -85 99 144 -57 -156 -49 -2 -7 -10 -14 -9 1 6 4 2 0 -6 -5 7 11 1 -10 -8 7 18 22 11 91 276 261 28 -234 -357 -198 -25 1 3 9 10 6 5 8 12 5 57 257 435 373 141 -137 -415 -599 -652 -623 -536 -394 -227 -128 -170 -293 -422 -555 -544 -291 -56 3 -4 -9 -5 4 8 10 10 -2 -17 -7 22 15 -68 -269 -458 -370 -91 225 482 430 171 16 -7 5 10 7 3 3 6 13 26 98 102 -51 -98 -33 -10 -8 -3 19 21 -10 -8 172 541 716 475 155 33 24 10 -3 4 2 -10 -34 -63 -81 -194 -454 -586 -467 
89 99 -19 -307 -207 310 481 359 416 495 319 106 57 -1 -125 -168 -87 -2 24 22 15 23 33 58 200 470 503 55 -289 -193 -65 -30 -4 35 108 122 57 15 12 6 68 309 455 242 3 86 416 553 279 -74 -45 302 337 78 -37 -43 -47 -17 108 200 117 44 71 65 16 -9 -49 -293 -566 -495 -332 -58 481 644 275 -185 -556 -635 -353 -54 21 0 -8 -88 -198 -146 -67 -186 -318 -348 -243 39 117 -103 -208 -6 281 320 178 78 64 64 6 -30 -10 0 -16 -17 -4 0 8 8 -1 -11 -10 7 7 13 -57 -300 -492 -380 -105 19 93 174 89 3 -2 -7 9 16 1 -4 -4 4 19 14 -86 -134 101 375 428 316 151 37 6 14 -26 -172 -194 113 383 382 280 122 18 16 15 9 5 -1 -2 11 30 31 8 -144 -289 -179 -89 0 205 200 70 25 21 24 20 15 21 26 20 -103 -201 -9 110 83 138 91 13 13 10 16 26 29 49 60 2 -159 -169 49 170 173 22 -301 -488 -334 84 497 614 222 -370 -483 -91 240 295 230 48 -74 39 193 235 159 75 62 66 64 72 100 135 130 102 108 142 160 166 213 274 274 273 314 323 276 234 232 220 193 150 76 50 90 104 65 30 34 42 16 -14 -18 -14 -18 -21 -9 8 10 4 2 2 0 -2 -4 -7 -3 7 12 8 2 3 6 4 4 8 11 11 7 0 -7 -9 -1 15 16 1 2 7 -5 -3 3 -17 -7 16 -6 -21 -2 25 76 198 355 477 572 652 675 606 493 359 139 -91 -259 -331 -171 146 352 320 211 112 137 356 473 300 9 -210 -381 -323 -79 16 4 9 -2 -45 -48 -8 -27 -105 -112 -101 -213 -250 -104 -68 -171 -241 -214 -162 -141 42 139 -75 -108 75 114 109 56 18 91 53 83 301 365 191 27 -6 2 77 260 353 340 273 189 195 152 58 114 157 -33 -150 -33 126 71 -120 -96 -10 -3 0 -2 4 9 7 2 1 0 -4 -4 7 21 14 -3 2 21 20 0 -11 15 180 324 201 -55 -301 -325 -114 0 5 7 -1 -1 9 12 -4 -10 0 94 341 588 690 667 558 367 90 -214 -453 -605 -674 -676 -689 -737 -714 -595 -448 -251 -61 7 3 -2 -2 4 9 3 -9 -10 -1 1 -7 -4 36 128 209 164 57 22 15 -10 -18 -11 -9 -4 3 0 -5 -4 0 4 2 38 122 53 -107 -78 -2 -11 -10 1 8 25 19 -6 116 461 695 531 233 98 51 16 4 -11 -14 0 -16 -56 -101 -194 -397 -631 
197 144 9 -96 -45 19 -3 -11 -59 -184 -211 -88 31 86 194 258 47 -237 -288 -151 -33 2 29 9 -38 58 349 587 550 360 150 20 5 15 195 460 358 71 -10 -2 65 333 479 248 26 -2 126 292 57 -411 -401 -82 22 8 17 22 26 17 -3 -11 4 20 8 1 12 23 -15 -186 -345 -261 -139 -175 -12 443 658 385 -87 -496 -643 -455 -190 -43 -83 -224 -218 -167 -86 51 48 28 0 70 284 267 114 63 123 225 197 70 -3 -8 -4 -9 -10 3 7 -1 5 -3 -18 1 16 17 -65 -231 -228 -67 24 -47 -165 -142 26 230 333 276 120 17 -7 -17 -3 12 2 -9 4 7 0 -11 -144 -367 -394 -216 -20 104 73 0 4 27 -110 -346 -438 -368 -33 292 216 34 -16 -18 6 32 30 20 7 -5 -2 9 15 14 -41 -211 -352 -212 39 78 20 7 18 40 29 19 21 -13 -59 -37 42 33 -31 -2 60 56 28 17 29 54 50 25 16 31 75 196 392 478 271 -150 -466 -389 38 474 578 265 -97 -108 70 267 401 134 -360 -446 -9 342 368 412 426 304 149 65 77 96 88 78 85 103 123 131 137 141 121 128 192 241 252 237 232 251 254 255 269 283 275 260 245 223 225 242 222 189 185 162 114 81 68 64 54 32 8 -4 -7 -10 -12 -10 -7 -4 -1 2 7 9 4 -1 1 7 9 4 -3 -6 -4 0 4 3 5 10 -6 -25 -17 -7 -16 -18 -5 23 41 39 65 137 257 383 495 602 663 675 651 557 405 251 132 -26 -226 -277 -200 -90 -27 -70 -61 53 255 442 411 291 185 71 29 51 47 -141 -367 -324 -104 13 0 -19 -94 -154 -59 10 -89 -133 46 135 40 46 133 46 -151 -123 87 151 -60 -189 -51 94 199 246 307 363 245 175 210 269 342 324 239 102 0 5 64 118 84 40 44 -5 -37 -4 -11 1 118 68 -128 -96 85 138 -60 -180 -67 -7 -5 4 3 0 -4 -6 -4 -3 -2 -2 -2 8 9 2 7 5 -1 2 5 7 91 283 312 113 -150 -334 -225 -30 7 2 3 -6 -12 -9 -2 4 -3 -3 16 46 125 265 434 577 648 646 525 166 -312 -513 -344 -58 211 443 494 291 66 -2 3 4 3 2 2 -2 -9 -8 1 -4 -21 -16 49 263 531 554 275 -170 -505 -445 -171 -18 2 -1 0 1 4 7 6 4 4 -6 58 107 -44 -126 -32 13 14 16 17 17 -13 -70 -151 -135 146 505 558 299 82 36 25 8 -6 -23 -25 -24 -58 -80 -92 -166 
-14 -19 68 237 32 -456 -594 -533 -612 -601 -334 -69 43 40 -143 -396 -543 -591 -494 -237 -41 46 267 426 241 24 26 278 632 673 354 82 10 -2 134 348 282 79 18 12 12 53 68 29 13 14 2 -148 -422 -311 81 133 16 -2 6 18 27 29 19 20 24 11 2 6 13 -2 28 232 272 -36 -140 -85 -147 23 435 656 455 73 -147 -196 -246 -250 -147 -92 -98 -271 -376 -23 321 378 283 136 191 318 252 91 4 -14 -18 -7 -10 -14 7 16 8 -3 1 9 -6 -15 -6 -5 -3 -1 -126 -294 -314 -277 -104 212 408 431 314 158 84 55 16 -13 -4 4 -19 -21 0 1 1 1 -6 -26 3 78 -5 -157 -100 33 49 33 30 6 14 89 48 -115 -74 101 94 -93 -358 -543 -534 -423 -297 -180 -83 -21 8 31 57 194 324 265 333 423 220 21 -13 6 14 3 -3 -7 -6 4 -113 -226 -149 -106 68 275 141 9 24 26 30 24 12 29 36 13 48 242 386 194 -182 -374 -134 331 569 383 -91 -436 -346 80 341 250 137 24 -147 -228 -56 264 361 254 165 95 48 50 69 82 103 115 102 110 132 127 111 119 129 127 139 140 123 120 139 163 170 172 192 214 220 231 246 251 267 301 323 299 252 241 257 270 281 278 248 208 184 173 159 136 105 79 71 64 38 6 -14 -16 -4 6 3 -8 -17 -17 -8 2 6 3 -3 -5 -1 3 25 70 72 37 103 257 287 254 316 379 461 588 656 646 594 520 422 299 189 128 79 46 58 6 -186 -340 -269 31 303 284 132 21 -19 -38 21 184 175 -7 -201 -176 217 557 359 -211 -467 -230 -14 15 -7 -111 -189 -101 -2 -52 -37 127 136 16 66 197 261 244 200 243 187 126 239 221 138 133 104 132 125 69 76 76 42 13 26 48 25 -38 -85 -105 -96 -130 -294 -374 -231 -61 -3 -12 61 130 -82 -272 -124 109 77 -127 -110 -10 -7 -9 -11 -13 -15 -14 -7 -2 -1 -4 -13 -12 -4 3 6 -4 -8 7 23 22 26 164 331 245 -5 -245 -295 -113 4 -5 -9 1 -3 -16 -8 4 -1 -6 -7 -14 -24 -24 -4 40 140 286 301 128 33 218 537 725 727 659 529 279 57 -3 9 14 12 8 5 8 15 13 3 -2 8 11 -4 31 202 464 570 301 -213 -552 -488 -221 -42 -3 -7 -4 3 6 2 -2 3 6 8 84 93 -73 -108 -9 -8 -72 -144 -220 -265 -251 -201 -141 -12 302 645 665 372 105 29 26 4 -11 -11 -22 -38 -51 -65 -59 
7 -4 55 323 473 130 -309 -436 -251 91 243 133 160 389 384 196 196 309 312 173 34 39 267 449 259 31 -7 13 136 240 149 20 -12 -2 22 19 -98 -197 -120 -20 -1 -2 2 6 6 12 -32 -237 -216 247 418 171 21 3 10 7 -4 2 7 1 -7 -7 7 4 -9 -9 35 254 545 519 189 -3 -64 -198 -103 321 612 578 533 493 209 -195 -230 40 31 -72 -2 119 253 258 169 93 34 15 5 1 13 22 17 6 -4 -17 -16 -3 5 3 -2 4 -4 -4 -44 -214 -306 -199 -2 147 23 -218 -173 143 333 234 98 29 -10 -11 -3 1 7 14 13 10 3 0 4 7 -12 -166 -236 22 246 320 324 160 24 16 -20 -124 -64 111 181 298 322 118 -182 -503 -677 -703 -724 -748 -755 -733 -661 -572 -493 -406 -304 -146 117 399 567 474 209 56 11 -2 -1 -21 -23 -3 1 3 -41 -206 -224 74 299 228 68 8 23 26 16 7 8 26 38 42 23 -136 -416 -487 -164 315 583 433 -18 -397 -387 -19 381 503 274 -161 -340 52 531 622 392 162 104 77 47 38 45 33 -58 -97 -56 -8 42 37 50 96 111 121 128 152 176 166 151 149 167 188 174 155 152 139 129 145 177 196 181 154 160 178 179 202 236 245 253 274 296 323 359 369 352 348 353 344 325 302 278 267 274 305 284 151 27 25 115 167 143 156 151 57 38 151 295 397 466 527 411 174 236 532 580 394 388 521 524 448 350 242 151 79 47 45 46 46 62 69 50 97 136 111 167 221 199 135 49 29 34 -93 -120 63 97 -50 -121 15 130 155 166 5 -270 -406 -265 -34 92 38 -166 -206 1 127 38 49 170 118 10 70 261 283 111 104 273 369 284 100 11 19 12 -7 -6 -9 -25 -21 4 -3 -96 -187 -166 -170 -323 -415 -264 -125 -184 -242 -245 -203 -71 8 22 137 69 -358 -586 -343 -43 -72 -159 -62 -6 -19 -13 1 -4 -7 1 -3 -8 -10 -14 -15 -8 -1 -2 -5 0 10 9 6 2 61 261 342 152 -119 -308 -232 -47 -2 -8 -2 -2 -7 -9 -8 -3 0 -7 -10 -7 2 13 12 -19 -186 -448 -381 129 532 514 336 207 113 47 15 6 2 1 7 11 8 2 4 12 16 10 5 9 7 -2 -12 -5 110 363 471 210 -209 -518 -523 -258 -46 3 -4 -10 -6 -1 -2 -2 6 1 43 129 20 -205 -265 -247 -253 -229 -157 -42 79 164 226 242 184 250 562 735 487 150 33 28 14 5 3 -1 -17 -49 -76 
-2 14 18 133 444 670 642 601 653 581 297 65 176 508 683 654 599 567 457 224 42 7 43 80 71 29 2 -9 -17 -25 -26 -11 13 10 -125 -414 -690 -704 -391 -73 12 0 0 1 2 0 -93 -183 76 323 149 0 23 26 7 -3 -4 -11 -13 -15 -12 -9 -13 -5 10 23 5 16 251 485 352 81 -58 -150 -345 -429 -36 397 308 37 -105 -347 -565 -365 42 365 448 221 46 13 -9 -14 -28 -29 -14 -2 1 2 9 7 16 19 -4 -1 11 6 2 3 18 35 -20 -160 -248 -270 -142 108 184 183 161 86 60 15 -27 -11 11 5 -2 13 15 3 9 9 11 29 21 1 1 -83 -242 -213 6 166 148 50 5 -1 -55 -204 -264 -227 -189 -13 19 -321 -626 -594 -340 -157 -176 -277 -375 -485 -599 -686 -728 -678 -550 -518 -568 -493 -349 -256 -170 -54 46 65 46 49 44 34 10 -164 -316 -180 33 146 132 30 -5 3 0 18 38 32 8 -1 -4 -105 -344 -514 -327 164 562 557 150 -321 -439 -137 296 502 392 200 219 282 136 200 469 481 297 114 44 56 47 39 70 13 -214 -390 -393 -251 -170 -297 -239 -10 -7 -68 25 69 -82 -207 -120 27 32 -13 34 99 114 118 156 199 185 149 130 121 138 174 208 217 195 186 196 188 184 204 211 218 234 258 301 327 352 415 471 482 441 312 139 53 138 336 507 545 364 102 48 214 416 537 579 579 551 421 179 4 -71 -144 -122 60 229 256 169 62 8 19 53 73 74 14 -139 -309 -304 -117 8 83 264 437 430 246 64 13 22 34 -18 -133 -44 138 87 -88 12 361 202 -407 -491 100 469 135 -309 -322 -46 185 228 155 142 188 134 61 91 85 11 -19 -1 7 -4 -8 -3 1 0 4 9 6 7 12 7 -18 -45 -53 -28 -83 -248 -325 -289 -139 -6 -45 -42 102 248 198 -75 -225 -99 16 1 51 199 23 -489 -737 -599 -444 -348 -160 -27 -8 1 -2 -5 0 0 -8 -13 -10 0 6 8 5 -3 -4 0 2 1 4 3 8 135 319 270 8 -281 -381 -191 -26 -2 10 14 15 10 -5 -6 3 -1 -7 -5 -8 -8 -29 -183 -442 -412 80 502 422 118 -17 -9 -5 -2 7 6 2 -1 -3 -10 -11 -6 -4 -1 -4 0 13 4 -15 -11 1 8 -5 -61 -90 -39 -15 -76 -114 -68 -11 4 3 0 -8 -6 6 6 -8 -10 7 82 129 -10 -142 -87 45 164 244 274 256 209 139 61 6 -19 98 455 748 608 241 52 30 21 10 -2 -9 -8 -8 
5 2 15 20 63 212 368 388 273 126 38 23 66 101 76 43 18 -5 -15 -14 -5 -1 -8 -38 -157 -302 -244 -58 10 -1 6 -17 -159 -430 -706 -760 -472 -112 12 -7 -15 -18 -20 -10 -6 -7 -81 -98 91 148 28 -16 -14 -8 -3 -8 -2 4 0 -3 -3 0 4 7 8 13 19 4 -6 81 288 388 223 -71 -244 -161 17 99 -10 -208 -305 -313 -447 -654 -586 -329 -139 -32 5 -5 -8 -3 -3 -13 -18 0 12 3 0 14 16 15 11 -1 2 4 -24 -127 -237 -246 -108 154 201 -41 -147 5 218 311 197 37 -4 5 4 5 8 12 15 7 2 15 18 6 1 -2 3 -47 -230 -234 11 127 135 101 22 0 -5 -6 40 52 -37 -61 -32 -202 -503 -658 -507 -202 -32 1 23 35 16 -18 -77 -146 -119 92 300 191 -182 -448 -507 -547 -598 -588 -528 -450 -333 -189 -83 -21 25 39 59 164 248 189 77 25 24 16 5 8 -1 -2 14 -66 -306 -576 -649 -288 326 582 269 -240 -465 -246 177 462 429 197 35 9 86 313 466 316 100 26 42 51 40 48 50 47 55 21 -57 -132 -162 -189 -305 -421 -414 -273 -194 -149 30 64 -145 -291 -165 -30 -195 -335 -189 -72 -69 3 36 30 76 113 139 152 148 154 178 193 219 260 239 182 154 149 144 140 148 176 217 242 226 143 18 -108 -223 -267 -109 229 498 524 326 85 17 133 343 540 556 424 306 251 143 -150 -308 -170 -226 -507 -390 74 210 74 55 94 101 91 78 32 -35 -92 -236 -407 -433 -303 -125 -1 146 239 132 42 50 41 37 42 -66 -187 -145 -141 -243 -254 10 371 414 157 -73 -22 251 436 226 -238 -361 -44 212 204 101 23 2 1 -4 1 6 -3 -9 6 16 3 -1 16 14 -8 -57 -94 -43 11 11 -28 -135 -161 -44 -52 -68 79 19 -75 174 291 110 85 206 211 178 150 14 -86 -58 -18 138 324 144 -266 -474 -470 -413 -258 -69 3 -4 -24 -14 1 -5 -6 -5 -2 7 14 15 10 1 -3 -9 -14 1 9 -3 -9 40 201 281 188 87 -69 -144 -39 19 11 8 7 6 -1 -9 -10 -3 0 -2 5 -24 -214 -506 -467 68 512 421 128 17 18 -2 -3 11 2 9 24 11 -4 -8 -6 8 10 -2 0 3 -2 -9 -12 -11 -12 -41 -199 -459 -519 -253 112 420 493 261 38 -16 -2 7 -6 -12 -2 5 13 19 6 24 140 256 270 253 241 204 142 71 15 -10 -10 -1 8 12 -15 28 337 704 690 360 102 31 30 16 -2 -8 -15 
8 -9 -1 9 -5 -16 -24 -45 -57 -112 -191 -148 -59 -26 -8 -1 3 4 -2 -2 2 3 -1 -126 -465 -734 -605 -230 0 -11 -188 -488 -737 -744 -417 143 618 699 382 52 -36 -11 1 1 2 12 -21 -59 -13 20 11 6 -10 -24 -18 2 6 0 1 4 7 9 12 14 8 -12 -28 -11 9 24 128 290 254 63 162 409 180 -269 -298 -8 320 522 394 -46 -514 -763 -772 -603 -335 -101 0 8 -4 -18 -18 -13 -12 -1 9 1 -20 -16 18 24 -18 -41 -5 -98 -354 -474 -350 -69 165 269 293 201 125 78 7 -5 8 8 9 11 12 13 16 11 4 13 16 9 10 9 1 -20 -79 -49 128 200 136 79 35 10 7 6 48 212 321 238 49 -291 -529 -356 -87 -1 66 266 469 504 408 283 180 96 57 135 247 247 230 378 520 430 237 27 -199 -351 -440 -531 -598 -596 -477 -163 245 440 346 189 97 42 8 4 5 -3 6 -20 -191 -478 -563 -216 204 269 64 -221 -453 -361 61 427 460 245 50 14 36 35 38 75 135 117 53 40 47 44 39 38 43 48 27 70 280 471 440 220 142 307 212 -91 -196 -201 -148 24 179 122 -15 -87 -176 -125 46 57 -135 -294 -234 -53 96 152 132 -21 -234 -219 -49 -36 -130 -124 -6 115 169 192 232 261 246 167 7 -156 -281 -371 -343 -217 -36 236 501 556 304 -87 -334 -252 157 539 585 375 81 -43 55 81 -134 -346 -246 -40 -9 47 289 364 179 69 58 50 60 73 18 -177 -317 -147 121 208 162 57 -8 7 15 21 25 29 48 49 33 10 -66 8 219 115 -251 -339 -35 122 166 431 427 -66 -356 -76 312 268 -161 -407 -248 -58 -25 -9 7 7 2 -5 -4 -7 -5 -24 -68 -62 -52 -82 -154 -267 -325 -260 -105 -17 -3 31 -24 -162 -193 -67 58 11 -60 -47 29 166 142 -45 -115 16 207 103 -275 -453 -361 -166 19 230 343 165 -9 -71 -239 -330 -160 -28 -28 -17 -4 -2 -5 -6 -1 -1 -6 -8 -8 -8 -8 -11 -13 -5 4 6 9 4 -5 86 286 468 596 465 87 -68 -4 10 2 8 10 6 -2 -6 -2 3 9 -29 -243 -518 -423 102 497 386 93 -11 11 12 2 8 4 -3 -1 3 0 -7 4 11 5 12 18 7 -5 -11 -20 -19 -5 -51 -258 -521 -559 -302 107 464 527 311 90 -1 -10 -9 -12 -6 -4 -6 -6 -1 19 27 -2 14 111 159 104 30 -14 -19 3 18 14 5 8 18 21 19 -6 1 231 620 748 480 158 30 28 40 24 -9 
-20 5 14 8 10 13 12 23 15 -201 -539 -510 -184 -8 11 6 5 9 10 7 1 -1 2 6 -49 -233 -458 -498 -414 -520 -728 -695 -313 240 665 768 580 296 91 15 12 21 22 9 -6 -9 39 44 -57 -61 -1 -2 4 8 3 9 1 -7 -1 3 3 0 -4 -4 1 9 19 18 9 11 8 -16 92 368 437 80 -315 -245 70 119 119 436 761 746 457 22 -423 -716 -784 -672 -467 -245 -81 12 29 -8 -31 -28 -10 4 11 3 -37 -80 -173 -321 -269 -58 34 108 158 88 104 220 212 79 -9 -18 -7 6 5 -1 0 0 1 2 1 7 10 -1 -4 -2 9 31 -26 -114 7 232 297 236 114 8 -10 6 9 4 11 50 4 -217 -384 -331 -161 -28 16 145 440 673 721 712 733 747 719 653 468 57 -387 -523 -316 -88 -2 128 325 474 553 556 462 281 -6 -340 -439 -353 -383 -418 -378 -373 -313 -187 -74 11 38 3 -159 -450 -671 -621 -171 440 662 226 -415 -506 -75 355 477 298 82 -1 -2 0 2 14 -3 -127 -288 -288 -139 -24 -39 -55 -10 -30 -54 -19 9 112 318 429 416 417 500 625 614 425 268 120 -45 -10 117 135 68 31 94 171 196 253 164 -21 103 239 164 121 111 18 -136 -160 -34 -43 -216 -202 12 164 205 162 41 -108 -242 -379 -463 -381 -157 120 368 532 594 506 237 -122 -326 -214 116 440 509 303 53 -140 -244 -145 29 -80 -353 -320 -78 11 83 344 449 215 46 49 42 29 -22 -154 -197 -157 -234 -236 46 370 459 330 155 53 30 27 29 37 27 12 14 -11 -118 -63 221 307 95 24 154 96 -13 80 300 324 -72 -403 -191 274 358 -41 -355 -260 -54 12 -8 -20 3 5 -22 -6 -46 -239 -342 -208 -77 -143 -332 -454 -446 -327 -133 -7 1 23 101 2 -216 -122 107 108 160 254 137 102 100 -160 -329 -269 -181 -92 -84 -108 -180 -238 -122 99 302 256 80 33 -104 -329 -282 -83 -9 -2 -7 -13 -10 -6 2 2 -7 -14 -16 -15 -13 -14 -8 -2 -14 -18 -2 13 5 31 205 358 328 267 130 -49 -58 -3 8 12 16 18 16 12 9 9 10 -54 -252 -268 176 549 396 95 5 15 0 -14 1 7 -5 -2 -5 -8 3 6 2 6 7 -10 -22 -15 0 -3 -7 -7 -92 -313 -530 -488 -173 232 522 494 232 26 -20 -1 11 3 -7 1 1 -13 -15 -15 -23 -11 4 -3 -12 -14 -7 8 23 29 19 4 -3 -4 -2 10 10 -1 18 5 -31 129 504 746 591 242 56 32 19 8 
1 13 5 -5 -1 -6 -11 -5 10 -15 -208 -326 -140 5 -6 -11 -5 3 8 3 -5 -7 -2 113 379 404 -39 -546 -779 -700 -292 291 697 753 546 261 58 -14 -5 17 22 2 -9 -3 -9 -20 88 161 -85 -223 -65 3 -21 -13 3 -3 -6 4 6 5 2 -3 -9 -10 -9 -7 11 20 -5 -21 3 26 68 200 247 96 46 233 286 -106 -519 -434 -9 452 749 749 501 97 -351 -677 -807 -782 -650 -462 -283 -141 -29 25 6 -21 2 27 -66 -288 -374 -308 -314 -126 262 417 350 223 93 27 3 -4 4 10 6 -3 -3 1 3 4 4 2 -3 -4 0 4 10 8 -3 -15 -16 23 72 94 128 126 47 -1 -7 -17 -6 -3 -117 -398 -663 -634 -334 -73 1 64 307 606 655 437 234 196 281 422 541 640 699 557 300 248 287 53 -285 -457 -521 -474 -339 -190 -4 208 277 254 355 409 125 -368 -657 -729 -750 -703 -612 -490 -396 -461 -635 -688 -510 -229 -118 -255 -334 -139 130 330 470 381 129 13 15 11 17 20 10 6 -110 -293 -291 -188 -95 -80 -296 -412 -227 -170 -371 -435 -236 -112 -190 -217 -56 120 131 95 164 275 413 498 359 169 173 349 418 353 408 376 187 152 300 430 403 247 114 79 96 153 150 24 22 145 184 219 170 -14 -200 -367 -411 -383 -417 -265 167 514 626 588 372 52 -218 -395 -433 -236 157 491 550 355 -2 -325 -357 -141 78 99 -75 -319 -368 -134 20 50 260 448 271 46 30 59 54 -15 -171 -339 -275 94 272 48 -64 100 193 149 87 26 21 56 40 -105 -252 -171 -9 -56 -154 -120 -179 -315 -229 76 198 77 16 6 73 293 358 25 -346 -265 186 409 29 -437 -374 -99 -8 -57 -179 -250 -250 -171 -52 -133 -265 -169 16 81 -12 -46 60 45 -31 1 16 -5 80 233 248 168 177 288 344 225 56 -7 18 -24 -157 -252 -252 -15 224 146 23 -27 -55 6 224 373 187 1 -34 -207 -332 -156 8 5 -11 -8 -1 8 8 4 5 6 5 2 -4 -10 -10 -14 -17 -7 -4 -1 13 25 93 107 -42 -54 64 12 -66 -29 1 -2 1 8 14 14 8 -2 -9 34 197 452 566 373 104 8 11 5 3 8 1 -8 -6 5 -9 -131 -302 -295 -138 -39 -12 -17 -23 2 9 3 2 -119 -393 -565 -436 -93 307 555 472 207 44 18 15 3 0 8 12 9 6 0 6 16 -4 -23 -4 18 20 18 14 5 -3 -7 -7 -3 3 8 8 -4 -21 -20 -3 6 8 -4 57 353 699 692 360 92 26 26 
19 -12 -25 -5 10 3 -1 5 22 163 242 39 -88 -38 -9 2 2 0 2 0 -3 -4 -2 22 202 451 332 -129 -323 80 622 727 468 174 6 -28 -8 18 24 9 2 -11 -22 -12 1 7 95 291 141 -340 -380 -75 33 10 1 1 8 13 11 9 8 8 8 5 4 -1 -20 -11 21 7 -17 -8 -11 -7 20 177 431 380 44 -74 -110 -376 -421 -227 -61 277 648 765 636 333 -66 -445 -702 -820 -819 -721 -577 -433 -332 -291 -270 -166 19 58 14 177 263 181 217 163 13 -16 4 8 2 -6 -19 -12 6 0 2 14 18 20 18 12 6 2 4 6 -1 5 -53 -212 -277 -127 67 120 80 25 -5 -1 2 15 -19 -195 -447 -602 -505 -218 -26 6 125 427 650 566 282 61 2 15 10 -10 13 83 181 299 417 544 619 579 504 425 290 93 -117 -293 -410 -465 -407 -211 -48 -16 -35 -72 -148 -262 -386 -505 -629 -730 -766 -727 -545 -254 -58 -40 -234 -475 -366 128 547 498 183 -4 -9 7 -8 -2 14 27 23 11 -24 -120 -236 -250 -174 -273 -440 -483 -388 -137 -83 -131 -68 -244 -463 -337 -129 -191 -421 -420 -187 -21 73 171 179 115 191 346 308 237 360 407 227 76 201 347 208 70 73 63 70 173 293 308 182 40 -13 -163 -446 -651 -714 -523 -35 383 400 287 343 252 -88 -379 -488 -405 -178 79 291 493 548 308 -80 -285 -201 -175 -187 13 270 259 -140 -405 -229 -38 5 182 432 357 99 23 35 -45 -227 -322 -123 150 104 20 271 427 290 141 65 42 40 49 7 -78 -91 -97 -162 -154 -64 -117 -52 269 278 -10 -103 49 104 18 -13 8 17 31 208 379 127 -325 -402 -127 56 -111 -420 -411 -116 -5 -209 -364 -367 -357 -131 140 80 -125 -157 46 298 410 463 426 192 9 -14 -6 36 164 252 182 58 -4 -4 5 7 -5 37 170 214 231 206 65 99 178 221 258 130 16 114 310 261 52 11 -79 -300 -281 -84 -7 -5 -2 5 16 10 2 4 8 11 10 5 2 -6 -12 7 19 3 -11 -9 -3 32 99 55 -39 15 39 -43 -44 -9 -12 -17 -13 -2 5 2 -7 -6 57 285 508 376 84 -11 6 4 -5 -1 8 7 11 8 -4 -32 -227 -546 -600 -312 -65 -17 -6 10 -3 -5 8 -109 -408 -572 -403 -72 308 555 430 144 29 32 17 0 -10 -18 -3 9 3 6 8 -5 -15 -10 1 11 14 14 17 11 2 -1 -3 -3 1 11 20 18 8 12 25 8 0 14 -2 -27 10 241 613 741 473 154 43 
-21 -6 13 9 -4 7 16 3 -2 112 243 52 -178 -92 6 1 3 1 -2 0 3 4 3 0 51 290 478 288 62 127 246 170 23 -19 -1 5 2 -2 -3 10 31 44 29 3 3 11 23 216 448 170 -378 -499 -240 -22 20 3 -1 -4 -6 -4 2 10 17 18 15 16 12 4 10 18 1 -19 1 26 8 24 161 247 226 350 440 319 170 -91 -302 -148 189 491 709 811 804 664 371 12 -328 -610 -782 -698 -327 -21 -62 -253 -177 201 392 308 287 228 84 32 24 8 8 9 -3 -2 8 5 5 11 10 9 12 14 11 6 3 -1 -2 -2 -5 -7 -119 -298 -392 -416 -279 -44 58 32 1 8 18 -88 -281 -254 51 279 216 54 46 271 573 658 438 139 13 24 35 42 45 29 20 16 -3 -11 -1 17 63 141 246 375 476 517 543 548 479 348 315 292 7 -320 -311 -46 113 87 7 -56 -117 -226 -302 -235 -93 -18 1 90 291 464 506 413 212 38 -15 2 9 3 11 12 7 8 8 14 128 294 271 162 57 10 245 370 99 -32 145 286 171 -90 -144 4 62 -32 -171 -249 -167 -19 5 -23 -65 -274 -429 -326 -187 -79 -29 -20 29 51 77 88 46 45 68 67 60 102 193 119 -232 -488 -485 -550 -633 -543 -365 -152 64 214 169 -156 -501 -560 -390 -139 162 438 581 613 556 331 -29 -344 -429 -329 -111 205 364 306 207 5 -302 -308 -73 1 103 369 390 137 18 5 -46 -113 -199 -203 -4 276 330 153 104 214 203 100 42 7 4 21 -88 -268 -252 3 208 104 -86 -143 -5 254 334 240 203 206 102 15 6 1 11 6 16 174 383 245 -262 -488 -28 489 283 -312 -479 -173 77 95 109 41 -60 124 285 125 -26 -4 159 303 261 209 127 12 -5 -3 -3 -1 -16 -15 1 3 -2 2 9 17 20 122 318 410 359 200 145 295 346 210 80 33 41 200 367 227 20 -44 -212 -350 -202 -32 -6 -16 -10 2 4 0 -8 -12 -8 0 8 17 13 6 13 2 -5 9 7 0 -3 56 88 -29 -40 53 -28 -113 -47 -1 -11 -10 1 11 11 13 17 15 58 99 56 3 -16 -10 11 15 4 6 8 -8 -11 0 28 59 -49 -281 -313 -123 -13 -3 -6 -11 -3 -7 -23 -39 -39 -28 7 104 147 78 16 0 -1 -10 -12 6 9 1 -5 -10 -7 -4 -10 -13 1 2 -13 -14 -13 -17 -14 -4 6 9 3 -6 -10 -6 4 14 18 11 -3 -6 -1 -1 4 -1 -14 123 480 732 596 313 
-48 3 14 -3 -7 -1 6 2 -11 31 197 112 -246 -238 -36 -6 -6 -2 -6 -8 -7 2 7 12 12 93 360 482 168 -283 -424 -206 -11 22 20 11 8 11 -11 -99 -206 -218 -123 -18 15 -2 -15 31 259 499 337 -153 -490 -409 -134 -4 5 7 0 -1 0 -5 0 8 2 -9 -6 0 -5 4 22 17 5 2 16 11 -26 -9 94 170 326 494 227 -105 -6 135 67 28 136 326 540 718 804 798 711 515 226 21 69 208 120 -290 -659 -543 -141 52 17 -16 -14 -4 4 -7 -14 -2 7 7 12 8 0 -1 -1 -1 -4 -8 -13 -6 6 13 11 -2 3 2 25 96 101 40 32 57 26 -6 16 0 -195 -492 -511 -96 389 522 302 198 446 681 600 298 75 36 38 26 16 6 18 39 45 37 8 -6 10 13 -6 -18 -23 -43 -49 7 112 216 306 411 544 614 513 402 506 668 684 616 512 368 235 131 42 -3 -7 50 256 531 674 602 353 101 -1 -7 13 27 15 13 16 18 24 12 3 3 60 279 557 580 364 355 527 582 455 210 168 193 76 128 223 117 13 46 116 49 -56 -40 6 -28 -225 -444 -518 -474 -380 -360 -340 -179 -17 13 -2 6 5 -34 -131 -276 -448 -588 -632 -668 -693 -539 -312 -195 -117 -36 -1 -147 -477 -626 -337 61 194 293 493 605 594 483 276 -16 -254 -294 -221 -196 -77 151 227 305 361 262 22 -352 -418 -146 0 81 331 446 223 26 -15 -31 -102 -103 179 339 114 -9 152 233 100 -1 4 13 21 25 17 8 13 16 -83 -179 -25 162 31 -114 14 97 -5 -108 0 148 67 -1 24 13 -9 -4 12 6 119 364 386 169 90 212 237 -112 -573 -537 -25 297 333 337 175 76 233 341 263 103 28 52 41 -1 -8 3 7 -1 -6 2 13 11 7 17 18 6 -4 -8 -9 37 131 135 85 85 57 27 24 6 6 18 4 65 255 263 51 -25 -89 -278 -267 -76 0 -7 -5 -11 -12 -7 -5 -6 -11 -15 -17 -19 -15 -5 -7 -11 5 20 17 11 3 19 89 43 -170 -320 -391 -339 -129 -9 -3 1 5 9 12 14 9 6 1 -27 -130 -327 -375 -178 -23 1 7 13 -5 -25 -16 -2 23 189 351 117 -254 -251 -65 -4 -1 3 -7 -3 128 427 585 390 52 -301 -501 -341 -86 -10 -14 2 7 2 2 -8 -14 -13 -15 -9 3 12 14 1 -16 -16 -9 -5 2 2 -3 -2 2 5 6 0 -6 0 1 -3 7 9 0 -1 -6 -2 6 -21 48 363 704 830 
-122 -52 -14 -5 4 2 2 7 6 5 152 258 -83 -346 -149 7 1 2 7 5 2 4 2 -3 1 9 152 452 465 48 -253 -167 -16 10 4 -2 -8 -63 -301 -630 -822 -849 -722 -435 -137 -3 3 -3 13 173 462 482 0 -507 -459 -130 -3 -4 13 18 6 4 2 0 7 9 12 -26 -169 -274 -198 -62 -6 -6 -7 1 16 15 -22 -28 87 186 157 205 293 197 60 16 -5 -16 13 99 140 115 278 623 821 609 110 -215 -251 -283 -495 -742 -756 -483 -161 -12 0 -16 -14 0 1 -5 -4 -5 -3 5 2 -2 3 1 -5 -5 -6 -6 -2 1 6 12 -17 -108 -102 42 215 347 275 102 23 28 -58 -336 -456 -152 144 -26 -385 -421 -8 508 685 472 165 11 -5 12 20 16 13 18 26 27 11 0 13 15 2 8 15 4 -2 10 31 29 -11 -51 -60 -34 9 60 139 247 369 494 585 657 742 767 730 649 519 383 344 507 675 627 404 153 19 -1 22 43 26 -3 -3 5 2 -2 -11 -10 -3 -2 2 11 50 76 79 101 78 78 161 220 240 165 98 271 433 299 98 76 170 243 181 40 -7 -40 -41 209 366 172 -68 -239 -174 36 52 -38 -144 -285 -440 -606 -737 -796 -793 -719 -581 -402 -219 -92 -25 2 31 114 250 363 319 231 390 655 692 550 377 203 33 -89 -67 -129 -402 -471 -178 204 401 409 339 213 96 -55 -326 -461 -241 -18 37 247 480 327 37 -40 -65 -138 -126 -95 -3 224 282 139 51 54 50 27 32 40 24 19 26 32 150 275 155 -13 -6 66 -20 -72 92 112 -45 -104 41 129 35 -14 -2 13 16 7 3 1 -9 66 342 454 46 -475 -587 -348 -266 -484 -485 -152 78 135 104 25 53 110 64 12 2 -11 -17 -3 13 4 -10 4 10 3 6 1 -4 -6 -16 -17 -8 -9 -13 -9 -7 -8 -10 -10 -3 -8 -13 -10 -86 -164 -134 -171 -148 77 130 15 -28 -192 -348 -193 -12 10 -4 -13 -14 -7 5 8 0 -10 -16 -20 -14 -3 -6 -1 10 5 2 1 1 -5 40 76 -172 -512 -579 -462 -251 -52 5 1 -5 -16 -10 3 -4 -15 -6 14 -62 -326 -522 -360 -84 -3 -18 -21 -19 1 14 1 -14 75 278 242 -132 -310 -142 -11 7 7 3 9 47 189 441 539 288 -115 -470 -591 -369 -88 8 6 -3 -17 -19 -14 -8 -2 -1 4 7 2 -3 4 12 8 0 -5 -1 6 7 3 -2 -3 1 7 7 4 10 16 14 10 2 -5 2 8 5 12 -1 10 221 524 
-39 -22 -8 -14 -16 0 6 3 11 9 66 287 231 -198 -264 -44 15 -2 -18 -7 13 5 0 -3 -2 4 19 208 531 665 500 199 17 1 18 17 0 -184 -529 -577 -261 -153 -458 -698 -515 -168 -11 -6 -9 -3 39 241 421 77 -427 -363 -76 -6 -12 -10 -6 6 0 -19 -13 7 -28 -201 -392 -465 -404 -183 6 39 4 -13 9 16 4 2 -5 37 221 424 384 133 -15 -7 16 25 20 -120 -383 -467 -338 -128 57 45 -91 -117 113 431 424 7 -458 -686 -561 -215 -26 -27 -29 -3 13 7 0 5 12 12 9 9 5 -1 -1 2 9 3 -10 -17 -20 8 -38 -215 -218 -51 -25 23 100 36 -12 -140 -375 -313 118 516 493 -14 -462 -230 376 567 297 69 21 22 14 1 5 14 14 6 -5 -9 -14 -18 -1 12 9 14 18 15 11 2 3 12 10 8 16 17 2 -20 -47 -44 -10 13 49 114 207 341 481 514 424 421 546 499 192 -43 -111 -196 -203 -83 -45 -90 -66 5 34 30 34 32 23 27 19 0 -6 -6 -10 -14 -14 -22 -25 -15 -6 -1 -5 -9 21 105 203 201 108 140 306 362 234 83 6 33 244 475 559 537 448 382 219 -145 -444 -577 -669 -592 -320 -207 -334 -392 -267 -118 -33 -2 10 63 165 312 500 660 754 796 749 603 430 270 127 -22 -140 -194 -337 -477 -333 -55 81 129 176 279 348 208 57 35 5 -220 -447 -300 -47 13 173 448 395 71 -203 -286 -156 -57 -37 14 6 36 135 112 34 28 43 -27 -190 -228 -87 12 16 5 23 83 205 304 217 10 -136 -47 125 69 -105 -78 114 115 19 6 4 4 5 12 10 5 9 4 38 166 210 3 -205 -141 7 -134 -504 -611 -348 -92 -9 6 4 -17 -26 -13 -1 9 13 -2 -11 0 8 5 -5 -14 -14 -6 4 -4 -12 3 5 -2 2 5 0 -32 -38 10 29 9 3 -51 -250 -396 -257 -46 29 178 291 131 21 -65 -295 -305 -92 -6 -25 -23 -13 -3 3 3 2 5 13 23 26 18 8 1 -4 -5 0 3 6 6 3 74 120 -4 -137 -267 -317 -142 -9 1 -3 -14 -11 -5 -4 -3 -3 2 94 166 -70 -319 -209 -34 -4 -11 3 -6 -40 -39 -20 16 165 284 50 -267 -226 -53 -5 3 4 -1 0 -5 -16 -25 -16 -22 -78 -127 -87 -12 4 -12 -18 -15 -9 -4 0 4 7 9 10 8 3 -1 1 8 15 12 3 3 4 0 -1 1 -1 -3 0 0 -3 -4 -2 4 10 16 19 13 12 19 13 -8 -21 -19 
143 61 0 -5 4 -1 -14 -15 -7 -4 5 170 362 78 -290 -171 -4 -6 -7 -4 -3 -3 5 13 7 4 11 54 286 572 506 199 21 -47 -89 -51 -23 -140 -242 24 542 789 492 -147 -518 -348 -72 6 8 5 -16 8 255 467 61 -430 -298 -31 -1 -16 -4 -9 -18 -6 5 11 -103 -251 -191 -102 -107 -195 -276 -163 -7 25 -6 -10 16 22 18 6 9 43 40 8 -18 -28 -15 -2 -47 -252 -304 -107 -77 -219 -438 -493 -290 -60 161 414 670 633 246 -217 -552 -491 -159 7 11 9 5 0 3 11 10 3 1 0 -4 2 4 -9 -4 8 3 2 -2 -25 -6 55 47 -16 -58 -48 0 -52 -262 -390 -144 311 446 79 -308 -176 284 548 459 193 33 25 33 27 16 5 3 2 -1 -2 -7 -12 -1 14 6 -1 4 1 2 -11 -29 -17 -13 -16 0 12 9 -9 -15 -5 4 20 29 24 24 18 -10 -30 -16 -64 -195 -64 157 25 -124 -157 -224 -270 -247 -211 -265 -236 -113 -103 -164 -144 -67 -44 -76 -126 -111 -33 18 40 41 35 30 22 8 -15 -11 16 25 12 -4 -23 -40 -26 -2 15 59 74 22 -11 1 63 134 84 -21 -94 -155 -198 -327 -465 -392 -202 -121 23 394 620 447 130 -1 17 73 209 403 597 735 782 744 624 461 292 135 38 -6 -7 -50 -223 -277 -133 -138 -246 -242 -63 302 496 359 158 72 48 19 9 -147 -431 -398 -100 27 122 399 461 193 25 2 -52 -108 -20 153 271 273 113 1 17 28 3 -15 -113 -282 -306 -220 -106 -7 10 -10 19 137 182 94 -48 -120 26 122 0 -135 -50 121 80 8 7 1 2 -2 -3 4 12 7 1 -2 12 158 447 613 445 128 -34 -134 -407 -619 -457 -151 -19 -21 -21 -2 5 5 -3 -6 9 7 -4 1 1 -4 -14 -22 1 5 -15 -13 -20 -27 -14 -26 -106 -156 -156 -224 -256 -167 -50 3 12 70 51 -108 -56 159 247 316 250 67 5 -148 -339 -218 -26 6 0 -4 -4 -1 1 4 8 13 18 17 9 3 2 -1 -5 -3 -8 -10 14 8 30 223 339 187 -66 -286 -261 -76 -11 -9 7 6 -5 7 17 -1 -17 71 279 226 -168 -300 -97 3 4 -21 -230 -479 -389 -112 -22 37 233 226 -114 -279 -116 -2 -6 -7 8 -7 -145 -429 -542 -311 -18 301 525 363 76 -22 -17 -16 -16 -13 -11 -9 -7 -5 -1 5 7 4 1 1 4 9 8 1 2 5 3 5 10 8 0 -5 -8 -10 -9 -6 -1 3 4 3 2 5 10 9 0 -10 -15 
83 22 -3 14 12 -15 -19 -2 -2 1 13 45 234 260 -161 -349 -131 -4 19 21 4 1 -3 2 11 11 14 13 32 53 25 10 -50 -344 -600 -431 -111 33 53 43 91 296 494 292 -135 -235 -72 5 2 1 9 9 48 313 384 -115 -379 -136 9 2 3 1 6 20 14 1 29 102 171 227 81 -241 -301 -186 -121 -55 -19 -10 -3 6 17 9 -9 -12 -15 -7 15 17 -2 -9 -11 37 158 202 190 100 -13 8 15 -102 -284 -330 -84 383 559 246 -178 -457 -362 -87 9 0 -5 -3 8 15 9 -3 -6 0 4 7 7 -3 -10 -9 -6 6 14 2 64 245 264 142 232 231 -105 -373 -307 54 387 279 -187 -477 -261 252 541 364 74 6 30 8 -4 7 15 10 -9 -20 -10 8 14 8 12 27 18 -1 0 -88 -295 -454 -374 -112 19 5 2 6 -2 -8 -11 -5 26 25 -7 -9 6 16 22 27 9 54 185 176 29 -47 -32 -38 -53 -39 -89 -217 -204 14 25 -213 -319 -237 -188 -238 -319 -429 -337 -175 -229 -266 -188 -171 -230 -170 -26 16 -27 -75 -69 -17 15 29 17 -9 -5 -7 -19 1 31 20 -33 -146 -339 -509 -587 -598 -505 -295 8 338 553 652 574 170 -236 -294 -113 125 319 486 648 755 770 689 548 383 221 93 18 -8 2 -23 -151 -262 -242 -194 -142 -49 122 318 299 212 245 183 61 40 25 9 39 -48 -316 -395 -162 -19 59 348 493 250 41 89 278 317 115 53 195 244 149 54 29 30 10 -29 -101 -58 140 111 -118 -142 -16 34 27 26 -12 -44 -19 -87 -91 90 115 -55 -136 10 113 38 -8 -1 6 4 4 2 -5 3 12 7 -5 -14 13 147 418 604 437 120 5 -51 -322 -602 -548 -242 -31 -8 -15 -5 -7 -12 -17 -8 4 -7 -15 -8 1 9 -14 -61 -46 -46 -207 -335 -212 -35 -24 -200 -379 -275 -209 -403 -433 -242 -75 48 202 210 -28 -149 16 189 309 322 104 -41 -94 -278 -301 -88 8 -6 0 -2 -6 -2 6 10 8 3 -3 -7 -4 4 5 -2 -5 -1 2 7 13 -1 83 277 281 68 -208 -342 -183 -36 -18 -1 2 1 2 -5 6 21 16 139 279 36 -279 -197 -24 -3 -22 -136 -400 -493 -251 -42 12 183 334 75 -273 -219 -28 0 -9 -29 -202 -477 -553 -326 11 362 565 433 158 9 -13 -8 -10 -12 -11 -9 -7 -5 -4 -2 2 4 5 6 4 0 -3 -6 -9 -7 -3 -1 3 8 9 7 5 2 -1 -1 3 7 9 4 -4 0 4 0 3 11 7 -6 
-15 -11 7 14 4 -1 8 23 20 6 5 -7 84 312 137 -354 -344 -68 -10 -13 2 3 -1 2 8 12 11 11 5 0 8 3 -134 -432 -558 -336 -45 145 182 -66 -297 -171 102 195 46 -66 -34 -19 -21 -13 -16 -5 -4 88 354 276 -168 -233 -42 6 -3 2 13 -1 -9 -9 97 303 397 255 -10 40 194 -56 -357 -306 -81 21 11 1 -9 2 18 5 -5 7 25 24 14 13 64 291 497 519 463 345 393 522 365 -7 -151 -125 -218 3 459 489 141 -259 -428 -226 -30 -8 -8 2 14 12 4 -2 -2 6 5 -10 -7 11 6 -8 0 11 -14 -102 -173 -136 -59 74 140 -132 -382 -172 234 379 75 -388 -459 -27 435 455 168 1 3 18 2 -13 -16 -20 -14 -3 1 7 7 4 -6 -47 -102 -120 -160 -293 -300 -232 -340 -402 -330 -221 -71 -10 -25 -16 -20 -26 -10 2 -7 -17 -7 0 -9 -9 11 34 48 180 432 408 220 194 138 135 179 108 81 108 60 -19 -48 -41 -32 -145 -279 -210 -61 -67 -144 -262 -484 -441 -253 -251 -265 -265 -158 -33 -189 -410 -349 -205 -263 -347 -242 -69 7 11 -31 -130 -273 -432 -555 -600 -539 -339 -50 241 482 619 614 432 103 -218 -316 -326 -433 -332 118 577 764 751 654 492 307 142 27 -22 -13 24 29 -50 -116 -183 -261 -257 -193 4 51 -160 -30 316 338 214 125 48 28 33 28 30 7 -209 -396 -222 -17 40 248 473 334 81 20 43 101 181 279 275 109 6 4 22 6 -47 -84 -106 -134 -83 130 251 202 119 29 -7 -2 0 -1 5 -21 -107 -29 141 84 -97 -97 97 118 18 6 0 -6 -7 0 12 10 -4 -11 -10 -3 29 42 10 54 290 574 560 245 20 -62 -280 -565 -586 -301 -38 8 -15 0 24 32 9 -9 7 0 -42 -52 -77 -193 -288 -253 -184 -236 -309 -265 -174 -54 40 -11 -1 128 118 26 -40 -40 6 41 115 225 235 164 175 257 326 226 40 -22 -156 -349 -244 -27 20 9 3 -4 -3 2 3 -2 -10 -15 -14 -7 2 4 -2 -5 7 7 -21 -19 -2 21 193 340 193 -98 -335 -303 -79 5 -7 -1 -7 -22 -7 20 19 2 65 256 219 -167 -317 -116 -6 34 190 182 -153 -306 -101 20 36 127 78 -207 -340 -165 -13 -1 -41 -161 -274 -167 135 455 585 385 105 2 -5 -4 1 1 0 1 3 5 6 5 2 -1 1 6 8 6 0 -7 -10 -10 -11 -11 -8 -5 -3 1 6 7 4 1 0 1 3 4 3 5 11 9 1 4 15 16 8 
16 16 9 -4 1 20 19 0 -5 3 4 7 29 213 347 -46 -439 -276 -38 -5 -11 4 12 -1 -1 4 -1 5 16 8 -6 -12 -45 -74 -58 -24 10 131 259 52 -258 -213 -33 15 12 11 -3 -3 6 9 10 2 8 12 168 345 24 -317 -156 18 17 0 -9 -2 -2 -12 4 101 211 202 250 312 73 -112 -107 -180 -175 -99 -44 -1 0 -10 -5 8 16 19 14 10 19 16 -1 62 208 286 249 264 353 402 346 176 26 15 44 -55 70 409 349 -13 -305 -312 -93 1 -10 4 7 -3 -9 -2 6 5 -6 -19 -14 5 10 14 18 -5 -30 -70 -163 -281 -310 -286 -382 -353 32 389 288 -161 -470 -303 172 444 306 62 -25 -8 3 -11 -17 -4 0 -9 -13 -11 2 23 9 -40 -86 -222 -381 -283 -170 -372 -569 -387 10 287 299 87 -43 -15 -23 -54 -33 4 38 48 23 12 17 31 29 14 16 4 6 39 73 120 162 235 323 307 246 300 372 359 284 102 48 218 305 156 44 98 93 70 3 -76 -28 2 -99 -111 -17 -92 -128 -47 -58 -136 -189 -155 -221 -334 -209 -88 -177 -343 -515 -654 -650 -456 -179 105 381 571 608 499 249 -99 -438 -643 -654 -507 -169 263 390 297 394 505 407 235 94 7 -15 0 19 34 37 0 -155 -346 -414 -303 -89 -50 -131 15 241 287 261 190 87 31 24 37 33 17 18 18 -154 -416 -349 -74 34 205 485 410 113 15 17 15 23 55 138 139 52 28 19 -46 -97 -134 -121 -62 -54 -54 7 153 245 154 18 -22 -3 2 12 35 -55 -148 4 125 16 -114 -55 111 81 -44 -58 -87 -140 -67 5 -2 6 24 14 -12 -1 15 4 14 22 50 263 565 579 274 29 -32 -172 -491 -661 -438 -119 7 1 -87 -186 -175 -90 -30 -5 -74 -173 -212 -200 -53 -62 -171 38 216 5 -231 -123 172 342 242 218 398 406 237 73 -2 39 183 302 238 93 11 43 246 336 161 33 -68 -293 -345 -126 9 8 7 4 -1 -7 -11 -12 -10 -8 -9 -7 -1 1 -3 -5 -1 3 8 4 -4 3 89 264 279 80 -186 -340 -195 -21 0 -2 -2 0 0 -8 -11 5 30 163 289 39 -278 -192 -5 38 160 293 63 -319 -435 -481 -600 -515 -208 -104 -234 -196 -36 15 34 185 399 505 579 588 358 93 17 21 19 10 1 9 15 13 11 7 2 -1 -3 -3 -1 1 3 3 1 -1 0 2 -2 -5 -3 -4 -7 -5 -1 -2 -5 -6 -6 -7 -9 -12 -6 8 9 3 3 5 8 13 18 
0 -7 -8 -3 5 8 0 -8 -12 -12 -5 4 1 43 278 319 -191 -470 -196 -1 8 9 3 -4 0 8 0 -12 -12 -8 -7 -7 81 189 26 -262 -274 -47 132 76 -128 -177 2 255 413 294 76 -28 -108 -95 -14 3 10 2 37 261 227 -232 -326 -67 13 -2 -1 -10 -22 -17 -10 -32 -42 130 344 191 -99 -89 66 -30 -332 -414 -225 -32 23 5 3 8 14 15 15 16 10 0 3 10 -20 -40 -10 25 45 37 121 340 335 99 -6 -139 -275 30 360 201 -166 -375 -242 -35 5 -3 -12 -21 -19 -6 3 -1 0 12 9 -7 -6 16 4 -123 -182 18 205 181 -22 -372 -402 118 421 84 -376 -449 -70 387 456 190 8 6 19 6 -4 -11 -9 -5 0 27 45 13 -26 -24 -17 -126 -209 -68 -15 -90 -28 75 105 145 299 416 367 221 66 -1 -174 -436 -321 -72 -162 -307 -247 -101 -54 -101 -98 -64 -28 -1 4 1 -20 -22 -11 1 38 37 49 148 155 105 201 235 141 132 197 309 369 269 137 161 221 291 474 404 171 43 -39 57 104 11 75 143 53 -6 -63 -194 -346 -547 -668 -487 -172 -100 -40 312 596 578 364 22 -327 -561 -645 -567 -341 -13 306 457 466 320 4 -149 -53 33 15 -16 -6 9 19 26 26 16 2 -2 -50 -170 -265 -192 -9 106 190 235 265 323 234 64 17 23 15 22 22 15 24 -74 -355 -419 -147 10 107 373 439 192 36 23 15 13 13 9 -2 -14 -14 -70 -219 -346 -306 -140 -33 48 178 259 182 59 25 8 -7 5 9 3 -10 -27 -125 -161 14 101 -34 -145 -72 -97 -210 -173 -208 -317 -252 -88 -20 -16 -4 3 15 27 5 -28 -21 1 10 17 29 170 469 603 392 107 -16 -90 -273 -469 -422 -166 -68 -238 -395 -317 -129 -26 14 9 -115 -160 -29 10 -87 -83 125 206 78 34 35 61 164 153 94 143 149 97 42 -1 -10 10 32 6 -11 -2 0 130 320 392 429 351 3 -344 -297 -68 7 7 9 2 -9 -15 -13 -4 3 1 -2 -2 -3 -4 -3 2 14 21 17 19 16 19 161 323 245 19 -238 -299 -105 -4 -16 -4 9 0 -8 -4 -7 -19 51 252 231 -133 -325 -246 -264 -343 -251 -149 -329 -597 -629 -485 -209 212 492 391 128 12 11 29 160 426 619 536 258 68 35 23 12 20 19 18 22 20 15 8 -1 -10 -17 -16 -7 -3 -4 -3 0 4 7 11 13 8 6 8 4 -2 -1 3 2 0 0 1 2 0 -4 -2 0 -9 -11 0 4 1 7 19 
-22 -18 2 15 3 -14 -20 -9 -4 -13 -12 -8 -3 -6 113 389 268 -266 -383 -113 5 -9 -9 2 -6 -11 -3 1 3 8 7 -3 101 316 224 -286 -663 -649 -436 -181 -44 -34 78 431 641 391 46 -265 -548 -454 -145 -12 -2 6 14 155 357 88 -330 -241 -32 10 12 0 8 5 -20 -16 7 38 68 118 248 272 124 -28 -83 -56 -155 -247 -137 -16 8 0 5 6 -1 -3 -5 -2 12 16 11 12 4 -17 -25 -18 11 132 257 121 -72 -78 -116 -6 302 313 7 -288 -312 -102 3 -9 -15 -17 -10 -7 -3 -5 1 17 10 -10 -8 -33 -201 -315 -142 47 11 -183 -404 -479 -319 -147 -273 -492 -325 163 468 360 111 19 20 6 -1 -8 -9 11 29 43 4 -150 -257 -186 -174 -218 -74 22 -100 -6 272 187 96 379 579 475 295 173 71 18 17 -41 -263 -522 -561 -551 -635 -518 -378 -478 -516 -456 -441 -423 -354 -282 -348 -426 -306 -121 -37 -17 -1 17 17 -18 -46 -38 -30 -23 0 -6 -21 52 109 90 184 334 316 232 233 244 280 293 274 289 174 26 -11 -32 -133 -369 -473 -437 -569 -677 -473 14 493 576 260 -46 -238 -473 -628 -576 -383 -130 119 328 458 396 251 59 -197 -251 -236 -260 -182 -100 -37 4 4 2 16 28 19 9 8 36 175 299 304 291 271 352 417 257 51 -16 4 11 1 4 13 6 2 24 -29 -295 -461 -232 -12 61 312 472 239 31 34 40 30 17 19 44 31 -26 -94 -143 -185 -158 -50 51 111 118 169 181 76 5 -7 -5 -4 -8 -8 -3 14 -3 -123 -183 -155 -216 -329 -229 -8 -164 -409 -288 -103 -44 -10 -22 -34 -14 -12 -19 -21 -9 -5 -2 0 -9 0 18 10 9 140 440 640 463 182 307 602 420 -119 -338 -125 0 -78 -66 4 6 -15 61 122 118 163 61 24 174 169 118 217 289 149 2 7 40 24 -3 -7 3 17 16 3 -10 -11 0 7 21 14 35 219 421 564 707 616 176 -184 -135 -5 8 11 -1 -13 -5 0 -1 1 1 -5 -14 -16 -7 4 6 1 -6 -5 3 6 8 74 250 303 128 -125 -304 -211 -33 6 2 0 1 3 -4 -11 -11 14 165 287 2 -492 -722 -721 -664 -419 15 265 280 386 584 697 720 681 518 238 45 2 4 25 95 167 123 23 -1 15 15 7 -4 1 13 13 13 9 -2 -8 -6 -4 -6 -10 -11 -9 -7 -3 1 -2 -5 1 7 6 1 -3 -4 -4 -5 -6 -2 7 16 19 14 9 7 2 -5 -5 1 2 0 6 16 
5 22 11 -9 -14 -11 -1 -4 -13 0 8 6 10 11 21 210 469 188 -353 -348 -87 -15 -16 -9 -9 -12 0 7 -2 -6 -2 2 46 278 528 302 -303 -697 -596 -147 232 241 91 122 198 103 -190 -533 -568 -308 -69 6 -7 -3 0 20 237 332 -98 -361 -147 -146 -455 -600 -414 -127 5 12 16 7 -14 43 202 324 293 310 402 254 -5 -187 -234 -83 25 11 -9 -7 3 0 -1 3 -5 -11 9 18 4 6 8 11 29 9 8 128 119 -29 -54 -63 106 321 160 -140 -269 -155 -14 0 -8 1 13 5 -11 -18 -16 -14 -9 5 9 -87 -308 -242 18 -173 -590 -733 -504 -166 -237 -586 -544 -53 401 465 213 17 -3 10 2 8 30 43 15 -82 -212 -235 -215 -249 -261 -240 -185 -246 -350 -148 94 41 89 226 194 213 202 94 36 8 13 29 16 -60 -52 120 -47 -416 -345 -6 66 -231 -271 -123 -319 -523 -473 -279 -314 -482 -370 -269 -217 -102 -198 -395 -343 -112 14 6 -12 -9 2 11 3 -17 -17 -2 -4 20 62 39 -4 8 72 181 196 -12 -284 -455 -519 -485 -493 -561 -428 -192 -127 -106 -86 -247 -430 -368 -295 -421 -453 -248 36 264 421 546 518 212 -69 -253 -546 -595 -447 -186 184 90 -235 -235 -62 20 34 50 29 4 16 27 25 15 73 289 456 424 299 167 88 43 23 21 3 -4 8 20 18 7 8 -10 -215 -457 -325 -53 32 222 475 359 93 16 13 8 11 20 -33 -119 -156 -156 -146 -101 87 275 292 203 138 93 16 -9 -3 -3 12 10 3 9 5 -25 -23 -52 -98 74 204 -36 -312 -163 115 116 94 108 168 316 289 106 16 18 13 6 1 -2 11 19 10 7 12 13 13 11 5 84 352 607 562 425 457 458 104 -323 -216 158 219 -2 -155 -120 -70 -5 162 253 236 278 345 292 135 118 188 123 21 -11 -10 -4 0 2 5 6 5 -1 -2 0 -2 9 14 2 -4 9 125 165 61 232 593 601 158 -153 -71 7 -4 -1 2 6 13 13 2 -3 -5 -9 -6 2 6 2 -2 7 12 -5 -16 -13 -6 125 285 207 -8 -242 -308 -118 0 -2 3 -2 -16 -23 -14 -3 -5 67 252 272 32 -106 23 267 516 702 769 738 654 542 417 273 141 70 35 -2 -17 -1 7 5 -3 -9 5 8 -1 2 3 2 5 2 -1 2 1 -6 -7 1 8 6 -2 -5 -5 -8 -10 -9 -9 -8 -1 4 -1 -9 -11 -10 -14 -17 -11 -3 4 11 13 10 10 11 8 7 8 7 4 1 1 3 
12 11 -12 -17 -2 4 3 0 5 8 -2 4 16 6 -5 40 274 396 -43 -427 -239 -4 13 -6 0 4 0 -3 -3 -1 1 6 5 101 410 700 666 407 315 526 603 310 31 -45 -46 -179 -480 -429 81 316 126 -6 -9 -1 6 -8 79 300 141 -286 -357 -426 -557 -541 -607 -491 -149 14 4 -11 -4 -3 -14 -1 108 276 206 -49 -73 -20 -135 -251 -264 -154 -32 1 4 -2 -12 -10 0 9 12 10 6 5 13 19 7 -12 30 202 228 -64 -377 -470 -176 221 241 -10 -218 -200 -63 -15 -4 14 12 -1 -18 -9 7 -5 -22 -18 -5 11 101 75 -320 -695 -647 -329 -71 7 39 122 307 465 341 89 -1 10 5 8 21 21 -32 -86 -110 -245 -382 -379 -284 -110 -23 -85 0 93 -76 -95 164 252 131 96 77 15 3 -4 -17 -18 -12 11 19 41 260 549 577 503 493 381 253 286 359 264 123 42 -20 64 109 105 101 -134 -212 -132 -356 -513 -298 -67 -9 -12 -119 -312 -386 -271 -121 -97 -75 -9 7 -50 -180 -282 -299 -285 -345 -500 -650 -742 -775 -754 -663 -489 -311 -177 -69 -14 -3 14 -37 -241 -385 -163 271 480 494 551 578 388 8 -157 1 -33 -243 -121 34 137 340 276 300 489 385 178 72 41 29 14 3 3 27 32 10 7 20 76 134 84 27 14 3 19 25 6 0 22 31 15 17 25 22 -122 -373 -342 -93 -1 126 410 398 122 13 19 13 19 22 13 -79 -197 -160 -67 -72 -65 94 227 173 92 38 9 8 1 0 3 -2 -7 -27 -83 -160 -211 -136 -117 -172 20 263 210 55 92 218 332 416 327 173 152 161 101 39 14 1 -7 5 15 12 9 9 11 10 8 15 27 27 12 47 287 512 183 -371 -414 -119 -100 -254 -44 260 232 83 31 49 45 66 107 70 59 80 38 -4 -14 -23 -28 -18 -6 0 4 7 7 3 -4 -13 -12 2 9 7 3 -4 -7 -1 -1 55 133 -15 -162 25 286 241 -51 -128 -25 -8 6 23 4 -1 7 1 -3 1 8 13 10 1 -5 -4 0 3 3 0 -3 -5 59 245 309 130 -120 -311 -249 -56 9 3 -4 -10 -12 -7 5 5 16 182 493 708 758 735 674 571 437 303 184 73 0 -9 1 6 16 17 5 1 6 3 4 11 9 6 1 -5 -2 6 8 1 -4 -3 -4 -8 -10 -8 -4 -2 -2 0 4 5 -1 -10 -13 -6 4 7 3 -2 -3 -1 -2 -7 -6 3 8 7 4 2 5 12 15 12 11 10 5 1 0 0 0 
1 -16 -7 8 1 -2 3 14 23 6 -10 -5 1 0 -1 -8 59 322 331 -155 -354 -121 3 6 4 -3 -5 -6 -4 0 3 3 4 11 94 345 652 826 864 761 450 124 5 4 -114 -418 -515 -192 165 219 54 -34 -19 -10 -6 -12 -3 178 337 -16 -566 -554 64 516 198 -411 -507 -191 -4 4 -3 1 1 -7 13 18 27 101 78 17 -105 -321 -389 -333 -147 18 19 5 4 0 -2 1 6 7 4 5 5 -1 -2 -1 -11 23 124 105 38 74 65 156 265 86 -170 -206 -70 -9 -10 -1 -14 -1 13 -1 -10 -6 -4 -3 20 71 112 -91 -457 -468 -183 -12 36 197 514 702 539 200 0 -23 -9 9 21 -4 -8 -54 -203 -324 -279 -162 -141 -66 142 215 131 146 216 317 410 300 136 77 31 -6 4 8 -3 4 4 -4 2 7 11 96 268 337 383 525 544 324 200 380 359 218 410 573 433 195 191 330 240 7 -143 -241 -278 -83 130 83 -11 -126 -422 -615 -552 -494 -487 -332 -71 42 -17 -191 -359 -417 -466 -500 -554 -673 -688 -564 -404 -246 -110 -28 -5 5 41 121 267 475 663 704 592 543 600 546 394 235 77 5 -125 -355 -340 -53 70 122 405 537 541 492 330 382 454 281 76 11 10 1 14 17 -5 -1 8 7 7 -5 1 18 14 11 7 4 2 5 13 -6 -12 -34 -72 -29 -66 -150 93 434 349 149 305 381 141 15 27 17 5 0 8 -5 34 47 -7 75 194 227 166 81 48 19 8 8 -8 -12 -12 -37 -135 -275 -250 -152 -234 -280 -137 -109 -127 -115 -290 -412 -181 128 192 187 150 71 47 7 -26 -14 -3 -16 -17 0 7 2 -6 -10 -5 5 13 14 17 17 7 11 0 16 190 167 -193 -189 279 363 -57 -152 134 313 282 135 46 30 6 -8 -3 0 0 -6 5 30 36 25 11 7 15 14 2 -6 -7 -4 -1 -1 -3 -3 -1 0 -1 1 11 14 10 115 136 -78 -141 5 146 55 -140 -86 1 -3 2 -3 -14 -15 -5 -2 -3 0 3 3 0 -3 -4 -3 1 9 17 19 15 11 120 280 224 9 -230 -320 -148 -7 -9 -12 5 15 11 11 18 13 80 282 416 349 225 122 33 -12 -19 -19 -8 20 -12 -113 -177 -176 -119 -30 16 1 -11 -9 -9 1 4 -1 -2 0 3 3 -1 -4 -3 -4 -7 -7 -5 -3 -2 -5 -9 -7 1 8 7 0 -6 -6 -3 -3 -3 1 7 11 11 7 4 8 12 8 4 7 11 13 15 15 10 2 -1 4 11 15 
-7 -2 9 0 -7 3 7 4 -5 -1 16 2 -15 2 8 2 7 150 378 161 -283 -260 -48 -1 -4 -4 -3 -1 1 4 7 6 10 12 7 27 101 242 321 205 50 4 22 -65 -376 -517 -229 -52 -235 -291 -103 2 0 -7 -8 1 -2 64 334 355 -61 -57 329 507 576 306 -290 -540 -322 -71 6 -1 -4 3 1 -6 58 206 283 223 53 -124 -140 -170 -317 -276 -86 3 21 21 9 4 7 12 13 9 7 6 6 12 1 18 103 285 554 520 148 67 223 146 -96 -240 -132 26 16 -41 -37 -6 5 3 -3 -3 21 38 -100 -326 -264 91 367 316 90 84 368 659 659 357 71 -4 25 41 24 -48 -173 -287 -282 -217 -151 -79 -82 47 246 284 289 306 330 324 214 128 147 117 35 0 0 8 8 -7 -5 16 16 5 9 18 11 7 21 33 29 52 127 129 115 173 142 170 300 374 362 208 249 350 242 277 214 45 171 232 77 20 -31 -236 -309 -154 -115 -293 -402 -313 -301 -438 -552 -421 -204 -284 -429 -402 -211 -42 -39 -25 3 8 33 81 208 400 586 723 780 688 507 333 97 -26 13 -9 -44 -23 0 118 301 117 -288 -172 266 362 313 265 135 126 115 33 2 -1 6 8 12 20 21 10 -8 9 34 18 8 13 -3 -9 13 27 29 11 -52 -183 -258 -227 -203 -212 -199 -143 -241 -171 354 707 560 399 306 -61 -244 -95 -68 -76 -18 -2 5 4 -27 -36 -12 52 159 203 107 6 -7 6 -16 -65 -146 -265 -352 -303 -207 -310 -386 -184 57 131 2 -115 116 355 176 -98 -57 135 98 4 8 2 -3 3 6 -3 -2 13 24 18 5 -1 -4 -6 -3 2 3 3 5 2 -10 -15 6 16 59 207 248 190 300 376 107 -169 -97 5 5 11 -29 -39 -3 1 4 20 24 21 13 2 -2 7 15 16 15 7 -6 -14 -13 -5 4 4 -5 -8 -4 -1 0 3 13 17 -5 35 147 49 -130 -70 103 141 -53 -139 -31 -3 -17 -4 -1 -3 3 3 -3 -7 -7 -4 -1 2 3 -1 -2 7 20 24 17 -6 32 217 349 371 358 134 -90 -70 -17 -12 -1 12 10 -1 2 6 11 15 -13 -39 -33 -14 10 19 15 12 14 -60 -298 -564 -694 -703 -650 -509 -270 -65 4 -3 -7 -4 -4 -1 3 3 -1 -5 -4 -1 -1 -3 -4 -3 -1 0 0 -2 -7 -11 -8 3 12 10 1 -4 -3 -3 -3 1 6 9 10 5 0 5 10 9 8 8 6 4 7 11 11 9 9 12 15 16 
6 1 -10 -7 16 12 -8 -2 8 6 8 6 -1 2 2 -8 -8 15 195 297 -57 -285 -105 -5 -10 1 4 6 6 7 8 10 6 -7 -7 5 -1 -27 -40 -24 -9 4 -63 -360 -559 -181 397 416 -109 -442 -265 -27 6 -20 -10 18 20 4 137 461 715 702 382 79 224 558 478 -58 -511 -484 -191 -26 -2 8 11 -2 -11 48 147 219 308 288 169 104 -78 -263 -178 -17 20 9 10 8 6 8 11 8 5 2 -9 -7 -1 -1 72 142 13 -139 -126 -3 157 159 -49 -367 -546 -398 -155 -9 23 -24 -35 2 10 6 -26 -199 -464 -524 -134 419 627 437 285 490 689 541 239 60 37 36 -42 -222 -286 -210 -275 -388 -400 -251 -31 26 26 170 383 337 110 54 123 114 25 -25 -25 -14 -4 10 17 2 -13 -1 6 -16 -11 22 29 15 11 18 35 24 -21 -26 -2 13 3 -18 1 36 35 35 70 90 129 143 134 291 395 374 497 488 215 49 50 182 454 446 75 -174 -212 -318 -482 -464 -332 -123 -18 -197 -289 -221 -13 203 127 43 158 334 517 694 777 759 641 313 5 -79 -214 -475 -479 -191 -19 6 25 24 19 24 178 421 458 374 335 245 112 61 37 -1 6 24 13 10 32 34 16 14 14 19 11 -82 -185 -199 -187 -189 -206 -224 -151 -36 8 21 -19 -207 -395 -342 -269 -362 -320 -298 -474 -486 -354 -296 -65 352 318 -140 -411 -474 -410 -180 -3 17 0 8 24 103 197 124 12 -18 -41 -66 -180 -273 -163 -124 -295 -370 -295 -220 -89 71 110 70 185 320 112 -72 119 314 312 236 216 172 45 -7 0 2 2 -5 -4 9 20 16 5 -3 -2 7 15 19 17 8 -6 -9 -11 -12 15 24 8 6 -3 108 182 -30 -127 107 149 -129 -163 -14 8 1 11 18 10 4 6 2 -4 3 4 -6 -4 8 14 9 -1 -6 -5 -3 -2 -4 -7 -5 0 1 1 2 1 0 2 6 16 19 111 152 -33 -104 15 144 69 -143 -103 9 8 3 1 2 5 4 -1 -6 -8 -7 -4 1 5 2 -4 -3 3 5 1 2 20 122 322 516 605 421 72 -67 -17 7 -8 -8 1 -5 -12 -12 -6 3 14 26 15 -23 -33 4 18 0 -44 -239 -505 -550 -371 -219 -310 -561 -623 -371 -92 -1 -4 -9 -8 -2 4 4 -1 -5 -4 -2 -3 -5 -6 -4 -1 0 -1 1 4 -3 -13 -13 -6 1 7 9 6 4 3 0 -4 -7 -8 -7 -3 2 4 5 6 4 -1 -8 -10 -1 9 12 12 10 3 -5 
-1 -3 -2 4 -3 -5 6 -13 -21 -12 -21 -6 8 -8 -7 3 2 -6 79 278 128 -274 -248 -25 12 0 3 4 3 0 -3 -5 -7 4 14 2 8 23 18 12 8 -39 -286 -542 -264 364 696 644 280 -272 -460 -205 -18 13 12 -7 3 14 11 161 448 483 231 40 11 147 411 414 -97 -610 -540 -162 -4 -13 -5 11 22 19 -2 37 211 388 256 9 17 24 -27 -19 -30 -26 -4 3 -3 -11 -12 -4 -9 -15 6 15 15 10 41 -5 -194 -109 41 -80 46 324 234 -164 -598 -802 -706 -460 -218 -48 23 8 0 -48 -247 -348 -57 257 98 -250 -288 85 565 668 391 108 -19 -104 -172 -128 -104 -243 -311 -82 80 26 29 86 147 182 225 213 126 71 20 -4 -10 -12 1 17 24 7 -6 -5 -2 -5 0 18 17 3 5 17 18 28 22 -47 -106 -179 -218 -89 13 0 11 32 20 5 2 0 8 27 8 -26 -20 9 50 111 211 287 187 -68 -233 -202 -137 -111 5 215 329 338 409 563 606 329 153 327 383 327 233 171 385 650 767 791 695 484 231 10 -144 -395 -671 -569 -142 79 47 43 40 19 18 24 27 18 54 226 370 267 82 11 0 5 19 8 -34 -59 -19 15 -33 -64 -27 -58 -93 -20 3 -170 -330 -315 -276 -293 -340 -328 -225 -79 -6 3 10 20 31 30 71 143 45 -299 -450 -454 -695 -742 -214 195 141 207 168 -122 -120 31 31 16 24 36 126 188 76 -43 -79 -214 -277 -133 -155 -384 -420 -202 -14 111 271 259 175 326 443 288 108 73 -26 -73 64 65 -86 -107 76 133 36 6 4 5 0 -11 -15 -14 -10 -7 -2 0 -2 3 11 15 15 10 1 -6 -9 -1 17 25 16 7 -7 62 154 -7 -170 11 174 -14 -162 -37 28 -6 4 9 2 10 3 -12 -7 3 1 -1 5 2 -5 -5 -5 -3 4 10 10 3 -7 -6 6 9 6 7 7 3 -2 1 4 -10 26 137 66 -118 -84 87 142 -39 -144 -35 22 4 -8 -8 -2 4 6 3 -2 -4 -3 -2 -1 1 0 -4 -8 -9 -5 10 9 42 160 172 91 116 72 -71 -66 3 4 -5 2 5 -1 1 -2 -6 10 16 -11 -164 -387 -361 -140 -5 -19 -172 -263 -31 399 659 632 309 -236 -523 -327 -76 -17 -9 -1 -4 -3 -1 0 -1 -5 -9 -9 -7 -4 -1 0 -1 -4 -3 2 -1 -10 -15 -15 -10 0 6 4 4 6 2 -6 -10 -8 -3 1 -1 -6 -7 -4 -2 -4 -7 -5 2 6 4 1 0 -2 -6 
-7 1 16 8 -19 -12 -93 -266 -229 -49 8 -5 -7 -3 7 16 18 8 24 181 219 -129 -294 -89 12 -4 -4 -4 -6 -11 -16 -12 0 9 13 6 -4 -2 -4 -7 -13 -217 -517 -320 296 543 341 367 519 156 -367 -380 -103 -16 -55 -27 2 -2 0 -7 -10 2 -8 -151 -451 -658 -630 -427 -152 -78 -151 -84 -2 -7 -12 -4 4 8 13 -5 19 129 199 164 150 220 171 8 -58 -35 -3 9 0 -13 -15 -14 -9 3 2 -4 1 -3 -19 100 313 314 2 -372 -289 262 660 618 281 -179 -587 -796 -773 -591 -361 -182 -178 -293 -220 123 456 465 -17 -504 -322 252 513 294 9 -41 -114 -361 -395 -148 88 240 175 57 220 417 444 342 234 278 259 90 -7 -3 5 0 2 2 2 4 0 8 20 9 -10 -1 15 13 14 26 28 9 -48 -169 -214 -144 -210 -358 -266 -48 18 7 13 12 7 6 8 6 -6 -22 -16 12 30 14 -36 -131 -280 -443 -557 -598 -553 -423 -234 93 510 765 778 652 436 144 -71 -225 -199 189 494 451 240 190 360 405 247 19 -223 -497 -688 -632 -381 -101 78 60 82 391 513 227 23 18 15 9 25 31 14 -17 -38 -29 3 29 21 3 -8 -108 -258 -312 -264 -165 -230 -365 -239 -115 -158 -100 26 48 -28 -12 147 161 86 102 35 -34 3 9 42 232 440 410 321 378 140 -252 -193 -85 -209 -36 312 182 -204 -250 49 383 461 242 42 -32 -129 -161 -106 -157 -211 -101 -109 -325 -362 -154 12 22 -45 0 246 375 309 267 228 195 133 72 44 -39 -124 -26 126 65 -109 -83 121 118 15 7 -1 -14 -12 3 8 2 -1 2 5 3 -3 -8 -12 -13 -6 6 15 15 13 10 -4 -11 6 24 18 23 133 98 -142 -101 169 140 -117 -123 -5 19 13 -6 -12 -16 -10 0 2 1 2 14 23 8 -9 -4 8 11 9 8 8 7 4 4 7 6 5 8 11 11 8 -1 -11 -6 3 89 122 -51 -120 -9 135 99 -111 -106 -9 -3 8 13 5 4 11 12 6 0 -3 -6 -8 -3 4 2 -5 -4 7 12 10 24 77 44 -85 -48 43 -28 -82 -29 11 5 -1 2 7 8 4 6 -2 -8 -43 -251 -546 -554 -247 -17 19 -6 -3 151 344 379 439 566 363 -170 -408 -198 -10 9 0 -4 -9 -6 1 2 -5 -11 -10 -7 -5 -3 -1 -2 -6 -9 -9 -4 2 1 -7 -14 -14 -10 -6 -1 4 6 5 5 9 12 8 -1 -10 -14 -10 -3 -1 5 18 18 5 -6 -9 -3 7 14 
18 0 -13 -9 12 -30 -251 -482 -439 -194 -20 14 6 7 5 -2 -1 6 2 90 262 123 -168 -126 -4 -3 2 7 0 -6 -7 -4 -4 -12 -15 -7 -8 -5 11 4 -162 -459 -417 121 485 255 -93 -126 62 113 -189 -550 -675 -724 -690 -399 -101 -12 -2 2 -6 6 -46 -323 -581 -452 -193 -6 340 678 557 171 10 15 2 -10 -13 -10 2 10 1 17 173 345 352 266 123 33 49 38 -31 -61 -17 3 -5 5 13 7 -5 -4 -6 -11 -3 106 279 147 -110 -51 87 65 133 452 691 672 434 -4 -443 -722 -799 -748 -684 -408 122 351 37 -302 -153 247 417 291 49 -96 -268 -410 -236 -88 -112 -68 26 200 288 129 100 223 188 110 62 13 -6 -2 14 18 13 -1 -5 2 4 4 3 6 9 3 -9 2 1 -21 -4 -4 -84 -142 -138 -287 -490 -354 -35 99 64 9 -1 10 -5 -22 -5 18 25 41 55 35 -20 -123 -275 -437 -545 -581 -556 -452 -271 5 324 556 661 609 381 55 -246 -469 -622 -649 -488 -193 59 159 43 -125 38 136 -137 -348 -434 -449 -446 -363 -102 35 61 298 620 663 379 197 292 244 50 -5 6 -3 -2 9 14 21 27 21 1 -19 -13 -9 -6 -86 -238 -327 -319 -170 -121 -303 -397 -238 -140 -255 -235 34 231 256 269 300 357 366 254 83 9 22 69 189 244 198 120 -119 -379 -286 -52 18 222 489 213 -271 -294 -101 57 190 93 -92 -113 -168 -228 -208 -220 -178 -76 -35 -22 99 142 4 78 372 459 279 167 166 88 41 41 -2 -20 -8 7 -58 -108 40 121 -20 -154 -26 145 53 -28 -6 -3 -1 1 -1 2 9 8 3 -7 -11 -7 -10 -10 2 12 11 8 6 1 -5 -4 3 1 -8 -5 -8 83 155 -49 -170 74 211 -37 -179 -64 -9 2 19 5 -11 -8 -2 -6 -11 -5 7 11 7 1 -1 2 5 6 5 2 0 5 6 -4 -4 3 -1 -3 0 -3 -4 4 13 8 25 114 57 -128 -110 67 160 1 -134 -48 7 4 13 11 1 -5 -4 -3 -6 -7 -6 -7 -6 -1 1 -2 -3 2 7 0 -21 27 103 16 -71 39 87 -18 -47 -2 8 -4 4 15 0 -4 7 3 -2 -56 -168 -182 -76 13 20 10 25 39 78 75 -6 -11 188 372 139 -262 -282 -83 -11 -8 0 -3 -9 -9 -1 7 6 -4 -9 -2 7 4 -9 -15 -12 -8 0 7 5 1 0 -1 -3 -4 -3 1 7 11 10 6 0 -8 -10 -6 -6 -10 -9 1 14 18 11 6 8 11 12 14 18 
-22 -7 -2 0 -11 -166 -337 -317 -258 -166 -33 1 -9 -2 2 -3 -10 -7 -8 28 192 186 -106 -179 -37 10 0 -9 -7 -3 2 10 7 2 2 8 14 12 12 -73 -354 -483 -223 -99 -375 -692 -810 -833 -712 -325 -64 -253 -530 -523 -404 -297 -125 -10 -1 -1 0 -5 -4 -66 -25 317 620 692 661 538 325 102 0 -2 6 6 -2 -11 -12 3 11 -3 2 59 88 37 -4 13 -19 -204 -395 -339 -133 -22 7 12 11 18 8 -14 -16 -7 3 20 27 29 203 501 417 -47 -394 -398 -15 529 821 762 418 -41 -391 -611 -621 -459 -390 -494 -578 -328 233 552 352 -33 -343 -483 -431 -365 -163 196 197 -59 -119 5 145 88 -77 -155 -162 -68 13 10 12 12 3 6 4 3 -1 -11 -10 -10 0 -2 -18 -11 14 12 6 -11 -104 -255 -461 -554 -333 -102 -130 -157 24 301 320 84 -36 -34 -4 40 59 49 -12 -133 -279 -422 -533 -573 -510 -340 -136 81 327 528 638 613 410 98 -209 -448 -596 -592 -475 -315 -33 208 169 60 98 139 -44 -324 -322 -136 -78 -122 -114 98 367 500 636 652 482 427 389 287 238 119 15 26 27 10 10 9 4 4 5 8 12 3 -10 -11 1 22 45 75 66 52 32 -23 48 178 125 32 57 -11 -107 22 252 267 97 76 149 139 135 101 31 -2 -7 -6 -20 -10 -122 -393 -392 -108 23 151 403 321 10 -27 164 357 311 -42 -319 -353 -282 -166 -33 1 -78 7 68 -98 -37 292 405 250 193 249 197 104 33 -15 -6 3 -6 -2 1 -14 -17 -89 -78 106 116 -70 -118 67 135 30 -9 0 12 19 20 16 12 7 1 -2 -5 8 30 31 21 15 -18 -53 -33 -5 -5 -5 3 15 15 0 -4 -2 37 160 93 -143 -66 161 49 -171 -110 -11 -11 -4 8 18 9 6 8 1 -5 -10 -14 -7 2 0 -5 -4 0 1 -3 -6 -2 1 -3 -2 2 -8 -19 -6 9 2 -5 0 -2 -22 64 126 -57 -150 -34 128 133 -76 -110 -13 -4 -7 0 0 -6 -7 -5 -3 1 4 1 -3 -4 -3 -2 -4 -7 -2 5 4 1 58 76 -44 -56 -14 -102 -121 -46 -10 -5 -6 -10 -14 -15 -11 4 10 -24 -45 4 71 68 11 6 57 55 -11 -34 -6 -12 23 172 178 -91 -248 -114 3 6 5 6 1 -2 1 8 10 3 -3 -3 -3 -8 -13 -11 -7 -6 -6 -8 -9 -3 5 7 5 2 -2 -4 -3 -1 -1 -3 -7 -13 -13 -5 2 2 0 4 6 0 -2 5 14 16 8 -2 -7 
-18 -11 2 3 -97 -294 -283 -23 152 117 17 -13 -2 -5 -6 1 1 -4 -10 -12 83 140 -99 -259 -105 -4 -13 -7 -8 -3 10 3 0 8 11 10 6 3 3 12 41 88 89 -103 -374 -399 -233 -73 130 413 633 687 673 729 724 450 113 -15 -11 -5 -4 -10 45 204 168 -38 4 125 81 6 -16 -6 -2 -5 -4 1 4 2 -4 -5 0 -4 -15 -22 -20 -8 6 -26 -158 -352 -407 -291 -207 -117 -16 -2 -5 5 6 -4 -3 9 1 -7 -13 43 195 215 67 164 280 -31 -216 -108 -28 113 303 474 571 480 199 -250 -681 -821 -577 -73 132 -84 -132 24 -16 -150 27 264 183 194 340 256 36 -203 -269 -184 -257 -352 -257 -114 -55 -37 -13 14 17 -3 -12 3 12 4 1 -3 -4 15 29 11 -103 -261 -296 -228 -210 -349 -386 -236 -98 169 456 434 177 72 145 114 49 50 25 -91 -277 -456 -562 -574 -510 -378 -165 103 360 556 642 594 429 163 -164 -477 -659 -637 -522 -326 -13 144 97 84 150 103 -9 95 1 -293 -164 44 -113 -145 81 152 240 374 488 551 404 302 264 158 60 -6 -20 2 11 12 20 15 5 6 5 -1 -2 0 -2 -2 5 16 25 27 23 106 253 370 357 158 161 401 471 351 284 335 298 170 110 81 32 16 27 22 9 14 15 -1 -1 12 21 -61 -313 -417 -192 -16 83 365 462 120 -70 134 296 218 98 -19 -145 -182 -145 7 66 -9 63 182 203 171 145 128 128 118 66 12 -12 -3 1 -7 -11 -14 -12 7 30 49 8 -140 -163 -40 -18 -104 -58 120 89 -3 3 -10 -8 -1 -1 -5 -13 1 20 14 7 4 -48 -105 -54 -24 -179 -320 -235 -76 -7 4 5 7 8 6 0 -2 -1 124 177 -68 -155 82 131 -121 -164 -16 9 -6 -2 -4 -4 2 3 1 0 -1 -3 -1 6 9 4 -3 -6 -5 -3 -3 -7 -11 -7 -4 -15 -13 9 8 -9 -8 1 1 -6 -9 22 121 70 -117 -103 49 138 0 -155 -64 19 6 0 4 9 7 3 4 7 6 2 -1 -2 -1 -1 -3 -4 -10 -10 9 6 20 96 -17 -362 -558 -539 -376 -129 -12 -3 -11 -14 4 4 1 3 -5 30 73 0 -100 -89 -40 10 95 89 -44 -92 -22 10 6 47 74 -23 -113 -66 -13 -8 -3 4 10 10 4 -4 -6 1 4 -5 -16 -16 -6 0 -3 -9 -15 -17 -12 -5 -1 0 -1 -4 -9 -15 -19 -18 -12 -5 -1 -2 -6 -6 1 10 12 4 -7 -12 -9 -4 -2 -5 -12 -20 -26 
20 11 -5 -44 -211 -312 -122 178 333 208 22 -1 19 4 -10 -9 -11 -14 -14 -22 53 170 31 -180 -117 -8 8 9 -4 -5 3 -4 -7 0 2 0 -3 -4 -3 75 364 693 798 782 781 817 847 834 832 810 747 702 646 548 419 82 -352 -381 -126 -10 4 5 14 231 338 -123 -429 -188 -3 10 18 13 1 -5 -6 -2 3 1 -5 -8 -6 -3 -1 2 6 8 7 11 95 230 242 30 -249 -330 -222 -68 3 -7 -8 1 3 -3 -10 -14 -9 10 22 -11 10 114 125 -30 -314 -455 -273 23 391 714 772 635 386 174 42 -66 50 229 132 -156 -396 -270 127 384 460 438 290 137 155 196 10 -336 -521 -356 -105 -7 34 10 -20 3 5 8 16 5 -5 -9 -9 3 28 61 47 -70 -176 -109 -118 -234 -186 -160 -97 107 311 454 335 233 324 284 169 69 -17 -93 -227 -405 -591 -643 -514 -330 -120 120 358 548 621 549 328 -4 -306 -506 -616 -608 -486 -257 16 137 95 70 159 131 -112 -311 -425 -321 -54 67 -17 -128 63 487 631 445 383 473 483 301 88 67 59 6 4 19 38 32 7 2 10 12 7 3 5 10 9 5 9 15 14 14 18 20 17 8 -4 59 218 294 261 211 198 195 132 109 127 138 129 70 14 -2 -2 -1 3 9 15 1 -13 8 19 19 0 -222 -434 -274 -61 5 228 451 344 216 194 59 16 127 147 163 211 232 226 188 180 199 221 154 119 172 118 16 -17 -21 -18 -11 -11 -3 -2 -3 15 29 26 -15 -130 -276 -437 -425 -170 -123 -344 -418 -151 124 82 -7 0 -6 -8 1 2 4 12 2 -43 -65 -33 -88 -252 -298 -186 -97 -168 -326 -366 -242 -71 7 7 3 -2 -3 0 8 -1 47 153 25 -162 16 215 26 -174 -86 1 -1 -5 -8 0 0 0 1 0 -1 -2 1 7 9 4 -3 -7 -6 -2 -1 -5 -7 -1 5 8 13 9 -6 -9 5 12 2 -3 9 -14 43 143 0 -124 -43 73 67 -102 -114 -5 11 4 7 10 7 2 1 2 2 2 0 -1 2 3 1 0 3 6 7 5 -10 38 69 -173 -444 -477 -410 -228 -46 -10 -5 -3 -8 2 -3 -24 -25 63 175 100 -128 -197 -65 16 64 86 -30 -103 -42 6 10 -10 -17 17 36 24 3 -9 -9 -4 2 4 2 -3 -6 -2 5 6 2 2 5 1 -6 -7 -7 -7 -4 0 4 5 -2 -12 -16 -16 -15 -12 -8 -5 -2 1 1 0 0 1 2 1 -3 -8 -8 -5 -4 -5 -7 -9 -11 
-5 1 6 -122 -308 -247 -39 104 134 62 8 -14 -19 -4 0 -1 2 6 16 11 34 149 117 -86 -105 -13 -3 -12 -1 -4 -18 -5 1 -5 -4 -4 -4 -4 -5 7 141 418 606 609 550 460 356 292 226 152 109 63 18 -4 -78 -326 -630 -633 -321 -60 -4 -12 -13 103 413 337 -252 -425 -131 3 -5 -3 -1 1 1 0 2 3 0 -6 -11 -8 0 7 9 3 -6 20 137 340 429 203 -83 -122 -40 -4 -8 -17 -20 -15 -11 2 25 15 -37 -134 -280 -450 -605 -737 -707 -498 -422 -278 99 245 88 -123 -254 -162 199 610 789 720 510 279 160 -49 -501 -788 -626 -269 -40 51 85 54 -12 -47 -41 -1 51 85 212 381 324 132 48 41 33 5 -14 -8 9 32 37 7 -86 -173 -129 -151 -377 -463 -176 77 -10 -95 32 319 467 365 246 124 23 -95 -243 -371 -537 -668 -575 -362 -328 -245 164 534 624 526 284 -2 -272 -507 -617 -562 -390 -167 66 298 501 624 617 326 -50 -242 -387 -277 -34 50 93 184 312 146 61 338 490 465 403 369 330 277 184 58 11 3 8 25 9 -5 8 10 2 7 18 15 4 5 14 19 18 15 17 19 17 18 22 24 21 15 9 19 56 50 21 37 24 -4 -7 -8 -17 -36 -21 12 18 19 19 10 4 0 2 0 -2 6 2 -17 -169 -403 -341 -90 -1 162 413 245 -82 -9 150 157 150 74 -6 96 295 355 273 164 142 176 118 25 -24 -41 -19 12 9 -7 -9 2 17 31 35 -1 -108 -273 -426 -508 -504 -409 -342 -149 246 345 -1 -266 -73 119 40 -19 0 18 6 -13 -40 -85 -95 -125 -219 -243 -196 -204 -162 -122 -310 -326 -25 175 175 73 10 11 8 -2 -11 -10 2 5 0 7 110 101 -174 -279 -129 -134 -258 -166 -18 5 10 17 7 -10 -8 -1 0 0 1 3 6 8 6 3 1 1 3 4 3 10 29 -25 -153 -166 -63 7 21 6 -4 -4 -10 -12 -19 1 129 101 -132 -129 58 150 35 -115 -70 -9 -9 -1 2 2 3 4 4 5 5 2 1 4 6 5 4 2 4 9 4 -9 -21 97 271 219 33 -210 -342 -169 -14 2 1 -14 -9 -2 -6 -5 31 200 280 -18 -310 -216 -19 31 10 -38 -59 -18 12 -15 -108 -134 24 142 83 18 5 -3 -5 -1 3 4 6 6 2 2 3 2 4 5 0 -3 1 3 0 -2 -1 -1 -3 -8 -14 -12 -5 0 2 1 -1 0 6 11 9 0 -9 -10 -3 3 2 -1 -3 -3 0 4 8 11 
0 -13 -73 -269 -330 -153 -62 -175 -259 -137 -9 -7 -19 -16 -13 -1 10 7 10 16 14 139 197 -79 -217 -70 -6 -3 14 12 3 0 1 -1 -2 1 6 7 4 0 0 13 23 10 -22 -55 -51 -27 -22 -11 0 -6 -3 6 56 187 132 -281 -497 -242 -25 -7 2 7 148 437 251 -332 -400 -99 -1 -10 1 7 7 2 -4 -3 3 5 3 3 4 2 -2 -4 -3 2 -14 21 155 291 343 275 160 61 11 10 26 30 -20 -125 -291 -491 -645 -743 -815 -828 -749 -595 -398 -200 -102 -198 -355 -400 -368 -254 -56 185 452 474 335 482 486 58 -249 -254 -220 -380 -607 -724 -765 -683 -479 -250 -77 -7 85 302 486 441 257 180 136 50 17 2 -6 4 7 3 -36 -93 -87 -120 -213 -249 -249 -181 -161 -263 -156 99 119 138 212 175 158 40 -163 -332 -509 -656 -750 -790 -766 -544 -36 472 624 353 36 -118 -342 -552 -586 -507 -337 -109 140 386 556 618 609 550 430 245 110 119 84 39 -11 1 300 538 533 376 320 453 497 400 255 120 17 -12 -9 -11 -7 11 35 31 10 0 1 -4 -9 0 12 18 15 8 12 22 26 24 22 21 17 11 8 11 16 19 20 19 18 25 10 -15 9 28 10 10 18 12 16 25 17 5 1 -4 2 19 21 9 1 11 17 -1 6 -72 -338 -417 -171 -8 100 371 443 124 -207 -415 -496 -249 79 106 6 -3 50 67 37 6 -43 -64 -34 -3 8 -3 -18 -12 8 28 42 17 -83 -244 -395 -479 -491 -423 -285 -98 133 353 480 384 133 11 -46 -32 114 112 21 9 5 -18 -31 -42 -159 -327 -302 -201 -155 -55 -91 -116 56 64 -57 -29 175 380 389 245 82 9 5 -2 -6 -2 7 11 13 -5 61 167 -116 -623 -714 -488 -357 -225 -39 15 3 6 0 1 1 -1 0 0 0 1 4 5 4 6 8 7 5 5 7 3 -80 -294 -508 -549 -383 -147 -16 3 -1 3 1 -13 2 7 48 137 -64 -368 -309 -7 124 -40 -113 -38 -17 -15 -10 -5 2 7 7 5 2 -2 -2 2 3 1 1 0 -7 -12 -4 11 10 51 236 329 153 -111 -325 -279 -69 -6 -18 -4 0 -3 5 3 -11 131 378 251 -257 -540 -460 -345 -203 -16 50 18 7 5 30 130 250 253 106 12 4 -7 -10 -8 -5 -2 3 7 5 -3 -10 -11 -9 -7 -2 3 2 -1 -4 -8 -12 -15 -15 -14 -13 -8 0 6 6 1 -5 -6 1 7 6 -1 -10 -12 -5 3 5 1 -2 -1 2 8 16 22 
-12 -17 -213 -371 -210 23 66 -125 -354 -318 -106 5 5 -2 -6 -10 -7 -6 -12 -7 -5 115 290 31 -344 -227 -17 -3 -11 6 22 14 4 1 -2 2 9 12 10 3 -3 -4 0 16 23 18 29 29 11 7 7 7 7 -6 38 278 500 220 -341 -455 -162 -2 2 15 24 199 422 85 -438 -349 -52 9 2 8 9 4 -4 -8 -3 7 13 11 4 -2 -4 -2 3 9 11 6 19 153 316 265 105 15 -47 -145 -300 -482 -630 -741 -808 -795 -735 -641 -488 -311 -145 19 164 307 429 350 146 153 342 475 493 424 211 -147 -273 -14 193 117 52 304 614 596 303 -107 -475 -695 -795 -783 -648 -423 -117 185 236 110 42 -8 -24 5 1 -6 6 -9 -20 -83 -244 -329 -279 -210 -102 45 -22 -63 223 441 345 250 351 303 -1 -298 -480 -609 -744 -808 -765 -649 -493 -337 -193 -95 -86 -116 -100 -203 -476 -550 -444 -346 -119 185 427 564 576 483 334 194 92 23 -3 6 18 222 431 317 256 324 384 426 363 268 154 125 140 84 51 36 24 36 48 43 26 8 4 9 -1 -5 22 36 22 17 15 12 17 22 26 26 19 12 14 19 14 6 7 13 17 14 5 -1 1 -2 0 21 22 9 13 17 12 1 6 22 9 -1 19 17 -8 -13 1 13 10 6 3 -2 -43 -253 -418 -254 -67 23 278 450 274 169 228 138 93 154 75 -1 11 3 -5 -9 -15 -123 -252 -152 -11 -18 -16 35 50 27 -47 -172 -315 -449 -503 -455 -322 -124 102 323 492 554 480 277 116 -45 -397 -624 -374 136 280 18 -99 -22 -18 -170 -298 -193 2 24 -62 -8 69 -2 -44 98 222 255 386 363 199 145 67 9 12 4 -1 1 8 12 10 4 -1 -7 26 172 129 -251 -409 -248 -227 -258 -109 -4 -18 -25 -8 12 7 0 3 4 4 4 4 2 -1 1 6 6 2 1 4 -20 -197 -411 -393 -369 -497 -500 -297 -89 -12 1 11 8 3 -5 -13 96 108 -311 -702 -587 -262 -181 -202 -77 -2 -13 -11 -8 -3 2 1 -4 -6 -7 -7 -4 -1 0 0 4 10 10 0 -5 14 16 97 254 208 29 -182 -349 -221 -27 -1 -2 2 -9 -12 -7 -1 51 276 462 211 -323 -684 -633 -248 137 214 73 -5 21 215 523 585 328 74 4 5 -3 -6 -4 -2 -3 -4 -1 0 -8 -12 -7 -6 -8 -3 1 -4 -7 -6 -9 -15 -18 -16 -9 0 4 4 3 1 -3 -9 -9 -4 -3 -3 -1 0 0 -1 -1 2 4 4 4 5 8 11 12 
-13 -131 -319 -256 59 390 460 190 -176 -382 -274 -52 18 3 -2 0 3 14 18 11 6 33 251 309 -186 -474 -204 -8 -8 -3 4 0 -2 -4 -6 -3 3 6 3 3 8 2 -6 -7 -4 10 -21 -66 -37 -10 -12 -1 22 44 19 52 318 477 70 -436 -389 -88 7 -8 -5 12 218 378 -40 -442 -250 -17 6 5 9 6 -1 -4 -2 1 1 0 -1 -2 -2 -4 -8 -8 8 38 55 27 -20 -91 -246 -438 -578 -540 -362 -362 -554 -626 -501 -312 -144 2 155 319 481 624 724 784 804 733 574 430 324 191 63 2 -135 -262 -122 11 -90 -180 -13 215 402 679 811 739 559 224 -182 -518 -719 -792 -732 -543 -319 -143 -32 4 -1 -7 -13 -32 -122 -266 -339 -279 -207 -254 -292 -142 -18 -68 6 234 392 352 128 -148 -385 -571 -723 -790 -787 -721 -553 -361 -207 -96 -33 -3 28 -28 -271 -473 -312 143 433 467 410 266 203 191 63 -36 -14 -70 -182 -158 -107 -93 -117 -211 -219 -66 231 456 488 432 264 132 83 55 40 14 22 38 29 22 28 25 10 -7 -13 -3 3 4 15 19 13 9 4 13 25 25 20 16 16 9 -5 -9 3 15 11 2 6 15 19 16 7 3 7 8 18 28 8 -8 -1 -1 0 13 14 4 1 1 -1 2 8 7 3 5 2 -15 -17 -5 -169 -419 -348 -106 -16 143 402 334 77 49 193 382 484 337 98 -4 -1 20 18 12 -12 -200 -468 -496 -387 -334 -216 -157 -287 -466 -537 -467 -343 -166 64 299 491 562 500 333 80 -209 -452 -566 -480 -168 129 239 424 546 197 -231 -338 -241 -74 -121 -348 -369 -80 238 225 135 187 138 145 208 176 222 244 128 20 -5 5 4 3 1 -3 5 17 19 8 -4 -3 12 15 100 266 246 90 30 -71 -231 -191 -50 -10 -6 1 -5 -7 -1 3 4 4 3 2 1 -2 -1 4 4 1 1 4 10 72 167 147 8 -198 -430 -526 -387 -148 -18 -6 -5 -5 -13 -24 13 193 183 -236 -615 -671 -570 -427 -195 -24 2 -3 -6 -5 -6 -12 -14 -9 -7 -8 -6 -2 -1 -2 0 3 7 15 19 6 -10 35 218 326 178 -58 -295 -317 -97 18 2 -11 -11 -4 12 18 8 86 351 584 494 245 206 407 502 299 69 5 3 69 265 346 167 9 -6 11 17 17 19 18 12 6 2 -4 -8 -1 12 15 5 -4 -6 -6 -4 -2 -4 -7 -8 -6 2 12 14 8 1 -3 -5 -7 -7 -6 -8 -9 -2 8 9 1 -3 1 5 7 8 8 7 4 1 
-50 -266 -318 -61 276 466 480 380 109 -241 -382 -228 -44 -2 6 17 5 0 4 -3 5 5 130 405 229 -367 -488 -164 -1 -11 -17 -9 -1 8 8 10 15 4 -2 5 14 27 30 16 -13 -170 -500 -636 -368 -70 5 -17 -90 -238 -258 -102 105 391 399 -105 -486 -333 -66 -6 -16 -11 63 319 302 -182 -335 -99 -9 -16 -7 -3 4 13 11 0 -10 -14 -16 -5 21 33 36 20 -56 -174 -299 -410 -464 -442 -332 -221 -194 -22 333 503 327 95 111 279 447 599 720 803 831 776 648 487 317 159 50 -3 -29 -34 -15 10 77 182 125 -85 -254 -204 -113 -372 -495 -193 171 507 700 740 686 479 131 -262 -578 -763 -797 -703 -543 -333 -139 -40 7 -1 -189 -394 -404 -229 -1 78 81 138 190 125 28 -99 -350 -615 -777 -815 -808 -736 -574 -405 -256 -130 -40 3 21 87 217 369 536 667 628 482 482 612 637 460 208 108 173 123 -90 -123 21 -27 -155 -139 -189 -221 -220 -311 -232 -175 -152 74 123 -35 -103 -101 -73 -23 -16 -30 -58 -75 -39 -11 -6 -9 -7 11 31 40 38 29 24 19 7 3 9 13 17 15 1 -6 0 2 5 13 10 2 7 16 15 9 0 -6 1 13 17 16 13 4 5 21 19 -2 -6 9 18 17 13 -2 -17 -9 15 25 10 -1 2 -1 -3 -123 -378 -396 -151 -12 115 381 412 143 -7 -2 -15 5 55 41 14 14 -1 -19 -16 -12 -72 -63 3 -182 -419 -354 -303 -437 -413 -351 -273 58 381 515 511 369 110 -193 -433 -544 -540 -438 -244 -48 129 387 567 424 201 136 30 -138 -226 -238 -128 66 193 164 35 68 176 117 119 233 240 120 13 -1 0 -7 -2 -5 -2 7 4 3 6 5 4 5 6 9 6 -1 -3 36 197 288 139 27 -25 -198 -241 -77 12 12 4 -16 -8 12 5 -3 1 -5 -12 -10 -6 -5 -10 -10 -3 -4 -7 17 179 446 510 312 94 -55 -249 -457 -473 -279 -66 15 2 -13 -12 -14 105 345 307 -45 -305 -380 -408 -308 -97 -8 -14 -13 -10 -7 -8 -6 -3 0 3 3 0 -4 -7 -7 -8 -14 -9 1 -1 3 8 110 306 288 72 -153 -310 -217 -41 -12 -20 1 21 17 0 -3 3 87 311 570 733 764 689 461 155 14 12 5 -5 -1 1 0 10 17 21 26 22 18 13 8 9 8 10 20 23 16 12 10 6 2 -1 -1 0 -3 -10 -14 -11 -3 4 5 4 4 5 10 17 14 4 4 9 7 3 2 -3 -11 -5 6 4 5 6 -3 -3 5 
-263 -363 -213 120 338 233 156 341 359 50 -314 -415 -196 3 26 2 -6 -11 -13 1 6 5 16 205 499 267 -372 -520 -201 -17 -13 -18 -7 9 16 5 -10 -7 2 6 12 -17 -92 -85 -10 -145 -461 -651 -554 -244 -29 -43 -302 -673 -703 -343 -56 38 96 -33 -347 -412 -163 3 7 0 5 130 302 74 -260 -159 -9 -30 -36 -24 -8 9 1 -12 0 20 35 24 -41 -153 -284 -403 -471 -452 -346 -170 54 265 394 402 257 87 43 115 311 557 732 814 822 777 667 494 307 148 41 -9 -26 -20 -1 4 3 13 13 -5 123 403 430 158 105 263 97 -95 -200 -444 -387 -269 -255 45 483 750 778 658 396 10 -373 -653 -793 -807 -662 -422 -290 -176 35 100 24 -8 90 303 287 -10 -213 -187 -201 -451 -700 -721 -610 -479 -311 -157 -71 -23 14 88 209 355 532 690 785 822 791 702 582 448 291 120 3 -60 28 265 345 208 17 -142 -180 -108 -101 -190 -182 -35 99 98 -35 -179 -313 -427 -393 -291 -258 -349 -451 -352 -234 -240 -297 -294 -160 -22 12 12 36 -21 -101 -73 -26 0 8 -5 0 6 9 7 2 3 10 18 16 11 15 19 8 -5 3 23 28 17 5 0 5 11 8 4 9 18 12 0 9 22 23 16 3 -8 -10 2 19 24 12 1 4 10 10 12 -55 -322 -469 -231 -35 35 310 483 235 5 -2 12 6 -11 -16 -6 1 7 2 -3 4 4 -35 -55 45 137 224 174 -187 -201 277 535 357 128 50 -140 -406 -539 -550 -445 -256 -43 174 379 460 327 162 149 109 -145 -406 -379 -73 172 237 184 25 103 348 370 182 2 -34 -72 -98 -28 2 -11 -3 0 1 3 0 4 7 5 2 5 9 4 -2 -1 6 6 0 0 -5 -10 99 247 187 57 5 -149 -280 -157 -17 -13 -16 6 14 4 -1 -3 -5 10 15 -4 -6 1 -1 0 2 -1 -4 -4 11 119 346 517 462 234 5 -200 -413 -505 -379 -142 -3 11 10 2 9 180 336 209 64 19 -165 -336 -214 -44 -19 -21 -10 4 10 9 8 7 3 -4 -9 -7 -1 0 -2 -3 -9 -13 -6 2 -10 5 180 334 220 -9 -238 -293 -106 24 20 1 -4 -10 -5 11 6 -7 22 110 203 242 189 69 -7 -14 -15 -8 4 -10 -15 -4 -8 -11 -9 -3 7 7 5 4 2 5 14 22 16 2 -1 6 10 4 -7 -10 -5 -2 -6 -13 -16 -13 -8 -7 -7 -3 4 12 18 22 23 17 7 -6 -16 -11 -1 1 -1 -4 -8 -10 -4 9 10 -4 
-479 -294 47 334 294 78 9 154 369 317 -33 -342 -344 -130 -16 -22 -15 -7 -18 -13 -5 -7 -2 61 317 587 306 -365 -580 -294 -61 -7 -6 -14 -5 0 -11 -3 5 2 -2 -28 -144 -300 -247 71 285 59 -354 -428 -170 5 4 -130 -415 -584 -596 -668 -509 -30 272 209 46 -11 -7 0 -3 16 207 242 -134 -265 -61 5 -13 -9 -7 5 32 44 -4 -138 -302 -422 -478 -446 -338 -175 30 230 371 402 308 107 -157 -304 -210 -138 -221 -131 278 659 696 516 330 176 49 -23 -26 -1 18 21 14 10 7 0 -5 -3 4 5 4 70 170 211 295 284 189 366 423 197 -37 -278 -253 -57 82 276 511 699 791 766 587 282 -72 -370 -380 -132 -29 -168 -124 148 188 17 -128 -251 -330 -399 -460 -252 151 332 188 -15 -49 -12 27 99 197 340 514 680 795 821 773 668 513 349 212 92 1 -33 -41 -37 -10 57 213 301 154 59 142 74 -87 6 99 17 120 230 165 84 -24 33 78 -75 -93 -27 -47 -102 -258 -418 -375 -259 -132 -30 -28 0 38 36 -8 -238 -418 -307 -201 -172 -185 -167 -38 19 -2 -8 -8 -4 12 25 18 9 6 2 1 4 6 10 16 16 17 22 20 11 6 11 14 12 14 11 7 15 18 7 -4 0 14 12 3 2 0 -2 -2 -19 -24 -22 -215 -421 -277 -70 -8 198 410 258 31 1 26 23 6 -4 -7 -2 0 -4 -7 -7 -12 -99 -262 -327 -224 50 307 131 -140 -57 33 26 -145 -487 -601 -480 -315 -98 151 351 483 530 477 363 216 86 -39 -188 -189 -5 115 51 22 197 346 303 165 94 -39 -245 -190 -115 -252 -324 -214 -68 -5 1 -7 -7 1 2 -3 -5 0 5 4 -1 -5 -4 0 1 -3 -5 4 12 9 -4 46 207 247 96 17 -68 -262 -255 -70 -4 -8 9 2 -15 -2 13 4 0 -1 -7 -2 6 14 15 5 4 6 0 -5 -7 44 236 475 517 337 124 -52 -275 -498 -507 -287 -68 16 21 -4 74 303 311 89 16 -67 -315 -346 -119 -2 -4 -7 -6 2 4 6 4 -4 -10 -10 -4 4 6 1 1 6 8 7 5 3 -7 67 270 299 91 -153 -335 -245 -45 7 -1 -20 -15 16 21 7 -3 -3 -4 -19 -26 -22 -24 -7 22 32 32 16 -5 4 16 -2 -12 -52 -195 -234 -94 -18 0 27 16 1 -4 -9 -7 -1 2 0 -2 -3 -5 -4 1 6 7 4 -1 -7 -12 -14 -10 -2 2 0 1 4 -1 -2 9 15 10 5 6 2 -6 -4 -2 -1 0 -2 3 
-309 -28 288 365 163 5 -12 28 212 396 290 -59 -376 -365 -108 37 42 38 42 21 4 20 33 26 60 283 558 335 -337 -613 -316 -42 -3 -23 -17 5 16 -1 -9 7 -56 -168 -195 -246 -253 55 449 434 -28 -419 -343 -26 276 400 101 -432 -718 -508 55 583 754 510 152 -2 -4 1 1 6 156 363 84 -357 -245 7 35 34 15 -87 -221 -328 -412 -438 -366 -210 1 218 365 395 312 127 -113 -325 -452 -442 -293 -28 332 493 343 259 291 215 75 -5 -26 -29 -19 3 20 18 5 3 15 19 13 9 7 5 3 0 -2 -8 -18 2 19 29 164 301 433 518 236 39 230 334 191 37 25 129 337 568 728 797 750 589 401 320 278 -47 -533 -592 -418 -425 -342 -87 171 339 298 188 222 257 166 96 168 333 471 585 733 827 817 708 539 386 231 98 36 12 0 2 9 24 39 39 25 29 72 74 18 51 245 383 282 193 288 380 338 170 61 183 322 341 383 403 312 223 182 255 336 173 62 59 -104 -224 -133 -29 -2 7 -126 -324 -373 -278 -210 -325 -319 -98 12 16 18 16 12 10 12 9 0 1 10 15 16 14 7 -1 -4 -3 3 12 13 8 10 18 16 3 13 30 13 -2 -1 -1 10 24 21 6 -9 -9 -2 -18 -31 -7 13 -151 -432 -381 -98 -15 129 376 121 -235 -83 29 -72 -59 2 15 9 6 2 -2 1 -2 -21 -99 -200 -132 88 212 -13 -206 142 290 -204 -596 -375 71 239 252 228 249 350 349 231 107 21 -32 19 165 155 -54 -101 160 398 371 207 110 77 46 56 47 -99 -350 -401 -164 -46 -120 -125 -78 -33 6 8 2 3 5 6 5 3 1 -2 -7 -11 -10 -5 -3 -7 -5 4 10 18 7 0 139 283 172 34 3 -150 -264 -125 7 10 -10 -9 6 2 2 9 -9 -13 11 9 -5 -1 3 2 7 8 -1 -8 -4 4 13 117 352 526 466 226 3 -173 -406 -546 -419 -166 -11 6 3 167 332 195 16 -9 -153 -347 -236 -27 11 -9 -21 -17 -5 -3 -1 3 4 4 3 -1 -5 -5 -2 3 7 7 5 6 1 9 140 267 180 -19 -262 -353 -178 -29 8 12 7 9 3 6 15 15 11 4 -1 3 -8 -94 -225 -282 -235 -119 -5 10 -20 -4 -59 -300 -562 -527 -227 -34 -19 -18 0 4 -4 -10 -11 -9 -8 -9 -2 12 11 0 -2 4 10 11 4 -6 -9 -7 -5 -3 -1 2 2 -4 -5 6 20 23 14 7 6 3 -1 1 1 -7 -8 -5 -11 
-71 136 305 192 33 9 22 19 67 293 431 208 -148 -370 -328 -155 -96 -136 -131 -45 18 23 12 -7 -14 13 213 520 366 -250 -497 -232 -24 3 -6 -13 -11 -10 1 -70 -274 -405 -280 18 168 105 233 496 350 -161 -473 -426 -376 -315 -98 37 209 573 780 667 384 124 15 8 8 0 -2 -17 18 259 317 -172 -471 -270 -177 -313 -481 -555 -434 -225 -30 196 395 443 335 128 -115 -316 -407 -380 -260 -64 158 354 499 550 468 304 184 127 56 -6 -7 18 24 22 26 23 9 -2 1 12 19 16 11 13 17 12 -2 -3 4 -1 2 -8 -25 -6 6 13 101 197 304 418 309 111 36 17 7 -3 -5 70 253 458 612 552 95 -387 -471 -380 -415 -550 -561 -444 -290 -38 169 219 65 -327 -584 -433 33 524 758 815 685 455 426 385 116 -177 -293 -199 -118 -193 -242 -169 -61 -10 -9 -18 -26 -7 9 7 3 19 51 55 54 104 142 114 128 159 92 26 92 252 299 193 185 290 301 243 233 270 393 500 435 313 197 111 90 49 16 6 -28 116 235 119 7 -102 -22 98 13 -19 17 27 25 21 8 -7 -8 0 7 13 18 17 9 1 -2 0 6 11 10 8 11 11 -2 -7 -3 -8 1 2 -6 11 16 -7 -24 -12 0 -1 -3 -7 -1 -19 -165 -402 -423 -198 -63 54 362 341 -112 -320 -275 -214 -149 -85 -17 11 12 11 11 17 32 21 -87 -160 27 273 321 170 -121 -87 328 480 204 -59 190 571 554 338 131 16 -85 -174 -155 -117 -68 -31 -38 4 115 224 243 211 160 83 62 46 -3 -9 4 8 65 135 79 32 202 353 247 79 13 2 8 8 0 2 8 7 -1 -5 0 4 4 5 7 8 6 10 14 2 -7 -3 -10 66 246 247 72 13 -62 -241 -218 -54 -4 -9 5 15 3 -17 -14 5 10 2 -5 -13 -18 -15 -8 -2 -5 -12 -6 2 -3 -9 -13 31 207 439 503 335 116 -60 -269 -469 -504 -320 -75 14 66 283 335 105 3 -38 -254 -332 -137 -7 1 -6 -14 -5 -3 -2 3 4 4 3 -2 -7 -6 -3 1 5 3 0 4 16 11 45 231 325 146 -136 -355 -268 -51 -2 13 18 -9 -11 -1 12 19 10 5 7 -83 -327 -591 -726 -731 -705 -650 -452 -178 -31 -113 -381 -564 -371 -60 17 18 18 -16 -11 6 6 1 -4 -7 -8 -8 -5 1 1 -5 -8 -8 -9 -13 -17 -14 -5 1 -1 -7 -8 1 11 12 7 0 -8 -15 -16 -6 2 1 -2 -5 -4 -7 -3 8 1 
96 310 320 119 -4 -28 -53 -98 -151 -149 -43 44 -3 -225 -503 -594 -558 -560 -554 -385 -126 -20 -25 -9 10 -57 -122 125 505 318 -275 -383 -106 2 -10 -5 4 14 17 -25 -111 -183 -58 235 299 109 36 271 487 210 -359 -748 -783 -413 181 636 791 669 383 112 -11 -8 -5 -30 -38 -18 4 17 13 77 208 6 -494 -745 -772 -824 -821 -532 6 336 310 139 -80 -287 -410 -401 -256 -48 154 329 458 511 471 357 208 58 -39 -47 -25 -19 -10 2 5 6 9 5 0 1 2 5 13 18 13 6 5 7 8 5 -4 -10 -11 -7 0 -3 -3 2 -8 -22 -24 12 159 316 252 83 23 29 63 81 7 -139 -308 -440 -456 -285 -83 -63 -26 258 542 426 97 -81 -312 -665 -853 -830 -591 -219 45 289 584 702 598 402 131 -65 -41 -93 -241 -154 -102 -192 -239 -333 -394 -357 -211 -154 -175 -188 -323 -236 -71 -150 -132 -82 -185 -206 -110 -44 -92 -191 -179 -80 -15 6 15 2 -18 -15 17 71 99 107 135 156 173 212 202 227 438 548 334 94 15 2 135 416 559 415 262 349 340 121 9 14 13 -3 -8 6 18 17 12 8 3 0 4 12 17 14 8 8 8 3 0 1 2 3 5 12 11 -6 -14 -1 9 3 0 0 6 17 20 5 -3 15 -61 -207 -229 -12 337 384 166 254 361 150 198 288 -31 -173 15 70 8 -2 0 -2 -2 4 10 21 53 97 140 158 164 -17 -170 83 205 13 -83 124 368 234 -16 -91 -55 -6 -59 -146 -163 -173 -111 -102 -261 -275 -29 149 90 -4 -17 -3 8 14 19 27 20 10 131 385 460 254 152 255 230 101 26 -2 3 3 -4 -3 2 1 -7 -10 -3 4 8 10 9 8 8 5 2 3 -5 -6 8 29 168 273 111 -29 -54 -205 -276 -112 -5 -8 -8 -6 3 4 -3 -5 -7 -7 3 7 -4 -13 -13 -17 -26 -23 -5 2 -10 -11 -3 -11 -10 88 325 518 462 248 57 -147 -394 -512 -404 -176 0 180 347 244 27 -41 -148 -334 -267 -50 10 -3 -2 -5 -2 2 -1 -6 -6 -1 2 0 -2 -1 1 2 0 -2 2 13 17 25 165 323 233 66 -93 -225 -143 -24 -4 -2 -6 -8 -12 -9 -6 -9 13 -30 -281 -547 -467 -103 147 77 -249 -561 -551 -421 -529 -576 -162 399 518 227 20 13 19 5 8 15 15 12 8 4 2 -2 -9 -8 -1 1 -5 -17 -30 -33 -22 -8 -1 -4 -12 -14 -5 0 -5 -5 -1 0 1 1 -3 -6 0 6 5 11 11 -6 -8 8 
107 61 -141 -314 -393 -462 -517 -551 -591 -639 -531 -241 -69 -116 -274 -443 -500 -453 -429 -429 -294 -83 8 2 -24 -116 -275 -267 72 377 111 -312 -232 -21 -4 -15 0 18 21 97 276 350 295 214 91 7 -19 70 346 441 94 -201 46 546 767 644 373 119 3 -16 -20 -10 10 36 34 -46 -153 -246 -395 -576 -530 -256 -224 -485 -600 -484 -326 -225 -224 -309 -396 -394 -294 -115 116 324 455 491 441 327 181 62 -4 -32 -42 -32 -6 13 28 15 -10 4 18 5 -2 -1 -2 -2 -5 -11 -12 -7 -3 1 5 3 -2 -2 3 4 9 16 -2 -10 6 4 -4 0 4 -9 -17 20 64 54 0 -88 -234 -396 -490 -499 -423 -260 -47 232 546 653 527 455 453 362 240 202 146 -99 -423 -552 -394 -162 -65 -23 35 72 58 -10 -22 -32 -118 -130 -67 9 25 -30 -57 -83 -121 -78 -19 -113 -160 -159 -321 -396 -419 -455 -243 -171 -393 -369 -125 -93 -277 -378 -368 -255 -71 -9 -14 11 29 24 -30 -126 -146 -107 -108 -91 -45 -4 15 19 44 45 11 1 7 14 87 162 203 203 208 303 247 91 47 38 27 19 13 7 1 4 16 18 9 2 2 7 11 8 2 1 -3 -11 -11 -5 -3 -2 2 -8 -16 -5 -2 15 39 16 -6 11 12 -11 -16 -8 2 -47 -147 -174 -186 -179 41 367 521 388 -1 -181 -36 18 86 199 163 71 17 3 -2 -10 -12 -16 -35 -107 -79 167 207 4 -54 -148 -94 172 119 -194 -290 36 211 50 -5 37 67 58 11 -75 -142 -59 58 21 -88 -78 -14 -136 -341 -297 -92 -31 -74 -61 -5 20 13 20 103 172 130 99 56 -10 -9 2 -3 -4 -4 -3 -1 -1 -2 -2 -3 -6 -9 -7 -2 -1 -3 -4 -2 -7 -11 7 18 9 11 5 88 248 198 29 -22 -128 -272 -184 -24 5 -3 -9 -13 2 16 12 9 22 43 59 56 45 45 47 50 57 52 33 19 18 18 12 6 4 50 225 460 529 363 154 -2 -223 -461 -505 -330 -50 271 366 143 -8 -52 -245 -363 -182 -24 -10 -2 -5 -3 3 0 -3 -3 0 3 4 3 1 0 0 0 1 6 5 3 3 52 224 391 517 553 248 -63 -52 -11 -13 5 -1 -9 -10 -5 4 1 -100 -280 -242 159 574 698 696 576 110 -461 -713 -520 24 524 572 286 62 2 -7 2 17 13 10 16 17 15 13 12 8 1 1 6 7 3 -4 -10 -14 -17 -16 -13 -13 -15 -15 -13 -9 -4 -6 -15 -18 -6 10 11 11 9 -1 0 -11 -10 4 -57 -152 
-105 -398 -638 -672 -629 -606 -560 -485 -430 -360 -231 -57 89 170 223 249 271 327 372 279 86 0 22 0 -113 -154 -134 -179 -68 293 391 -103 -436 -206 0 0 -20 -73 -175 -135 140 408 369 111 -25 -14 14 24 140 433 646 733 786 672 401 139 4 -9 14 43 50 7 -74 -206 -394 -586 -727 -804 -819 -760 -564 -253 -58 -46 -21 124 313 290 15 -101 86 313 447 493 459 345 179 45 -19 -39 -43 -38 -20 2 10 12 26 23 -1 -4 6 6 10 19 24 36 49 42 18 -1 2 8 0 -1 4 -1 -9 -7 8 20 12 -5 -8 3 1 -23 -31 -9 8 14 10 -52 -170 -266 -373 -541 -573 -373 -113 147 389 534 556 406 97 -219 -448 -527 -364 43 519 799 836 750 572 333 71 -278 -658 -865 -830 -639 -392 -135 160 307 138 79 188 64 32 182 240 346 368 248 116 62 72 78 137 -47 -281 -139 -7 -87 -113 -3 62 -66 -244 -304 -257 -122 -7 24 16 5 20 24 -116 -334 -300 -154 -257 -413 -309 -86 9 9 6 5 4 6 16 25 16 0 -12 -10 17 22 15 35 31 4 -3 9 18 11 2 4 11 15 15 13 12 9 2 -5 -7 -3 -1 -3 0 9 15 5 -12 -15 -10 2 21 -68 -205 -199 -213 -219 -184 -222 -129 -2 6 -54 -47 -66 -361 -616 -634 -297 234 249 -88 -206 -207 -282 -191 55 75 -4 3 10 6 4 9 6 -18 -127 -303 -399 -371 -160 -86 -172 77 240 -2 -262 -98 258 185 -2 27 146 282 272 199 183 162 169 103 36 144 248 170 -7 -87 -15 -44 -251 -339 -204 -59 -50 -75 -30 16 2 -12 -5 -1 16 19 -5 -2 8 0 0 6 6 2 2 7 6 -1 -1 3 3 0 -1 3 8 8 3 4 9 8 6 37 182 273 138 23 -49 -226 -262 -88 13 5 -5 0 1 4 12 -77 -234 -296 -275 -259 -249 -231 -209 -182 -162 -162 -148 -101 -69 -76 -81 -70 -56 -52 -47 60 305 503 443 211 39 -103 -321 -489 -423 -51 350 342 98 -6 -140 -368 -325 -80 8 -6 -4 -6 -4 4 10 10 4 -4 -5 1 3 2 1 0 2 8 13 5 -14 -9 122 341 470 507 370 64 -73 -22 4 1 2 6 6 7 6 -8 -20 -24 7 103 165 126 155 351 415 88 -156 159 554 474 167 10 -7 1 -2 6 10 0 0 7 10 9 9 11 12 11 7 0 -7 -9 -3 8 10 -4 -18 -22 -20 -15 -11 -13 -13 -6 -4 -8 -8 -3 -7 -31 -51 -40 -15 -12 -11 -9 -105 -213 -190 
-50 -156 -189 -101 15 118 226 329 420 489 532 563 601 640 649 650 653 633 608 529 314 85 -103 -282 -349 -236 43 222 152 173 431 350 -246 -513 -243 -21 11 -76 -271 -368 -274 -72 87 68 4 -5 -3 -7 20 223 557 651 409 134 32 53 58 10 -74 -205 -368 -532 -675 -782 -814 -738 -619 -503 -353 -174 -11 128 233 216 150 345 705 806 643 492 432 345 212 100 14 -36 -39 -20 -11 7 -86 -295 -247 -138 -297 -292 -161 -203 -140 -42 -154 -283 -283 -185 -116 -188 -221 -143 -77 -8 8 -39 -29 2 1 -5 -7 3 11 1 -20 -25 -12 -9 -1 18 28 0 -85 -235 -459 -623 -517 -217 -33 -61 26 357 526 407 162 -145 -424 -578 -551 -384 -151 96 312 484 576 546 509 609 768 811 703 486 156 -221 -532 -738 -808 -732 -465 -66 155 190 277 356 339 241 197 309 409 317 135 168 219 205 375 455 438 426 218 109 212 168 32 30 152 212 177 139 65 14 2 -10 -6 -5 7 -1 -100 -91 -9 -57 -25 36 16 14 16 13 11 13 10 11 11 10 17 19 12 -11 -18 4 11 0 -15 -14 9 19 16 15 5 -8 -5 4 8 19 23 12 18 19 -24 -45 -17 -47 -93 -40 13 16 20 18 2 -165 -462 -493 -304 -323 -449 -336 -93 0 0 -16 -64 -33 58 65 4 -26 -5 134 356 402 279 212 157 40 -12 -1 -1 -2 5 15 21 13 16 125 223 84 28 132 -58 -75 224 171 -151 -215 123 260 66 -9 10 49 98 80 102 230 277 167 31 43 158 141 26 57 233 250 -27 -242 -144 3 -71 -255 -326 -275 -135 -9 14 3 5 14 5 -6 -2 0 -3 -5 -6 2 8 -2 -7 2 10 10 2 -9 -12 -3 8 12 6 -6 -7 1 2 7 8 118 277 189 20 -35 -183 -302 -159 -18 -14 -5 17 6 -24 -136 -348 -497 -570 -618 -620 -600 -588 -601 -612 -597 -601 -603 -560 -526 -526 -526 -527 -536 -521 -488 -469 -409 -239 -59 4 1 5 -29 -198 -453 -498 -113 265 190 19 -28 -203 -355 -200 -17 3 0 5 1 -7 -5 3 6 4 1 -1 0 2 1 2 6 7 11 5 -5 -7 32 128 102 -2 58 72 -51 -44 8 -6 -1 12 9 -1 -2 3 80 200 111 -132 -180 -53 -18 43 274 328 203 252 254 71 -15 4 1 -8 2 -3 -9 5 2 -4 2 -2 -8 -3 6 11 7 -5 -14 -11 -1 5 9 10 3 -2 -7 -15 -15 -12 -13 -18 -17 -4 5 11 -35 -153 -235 -202 -92 -7 -3 -110 -195 -65 127 
512 557 624 649 657 675 656 622 609 604 595 555 484 423 370 309 250 203 152 73 11 4 -68 -284 -361 -123 169 242 99 9 203 531 389 -202 -391 -145 -47 -69 16 36 -73 -92 -34 -11 -1 7 10 6 -2 36 115 123 51 -21 -107 -219 -343 -504 -684 -808 -837 -789 -693 -557 -367 -160 -6 104 238 413 573 697 797 771 463 101 93 244 216 103 14 -30 -30 -19 -2 4 4 18 15 -13 -148 -385 -493 -535 -535 -333 -275 -461 -391 -171 -227 -356 -353 -323 -283 -218 -151 -146 -218 -281 -285 -192 -54 1 3 11 8 -9 -22 -21 -7 6 21 28 -18 -120 -289 -508 -699 -799 -809 -697 -322 141 381 329 57 -200 -392 -538 -536 -397 -187 60 302 467 539 531 441 286 114 -4 -22 59 216 434 664 806 816 693 436 88 -290 -603 -781 -817 -692 -479 -273 -80 22 20 25 7 23 95 97 110 119 122 200 294 364 311 167 208 348 252 65 120 360 516 439 189 18 -4 10 19 12 1 51 110 9 -69 58 191 181 79 14 6 4 5 6 4 1 2 4 0 2 12 9 5 4 -3 3 19 31 31 19 13 19 18 4 9 26 15 -16 -49 -63 -44 -33 -152 -347 -313 -121 -187 -405 -332 -79 23 6 3 -15 -119 -241 -328 -245 -133 -190 -136 -61 -60 -44 -175 -414 -302 261 631 624 384 114 157 341 399 360 383 339 129 19 17 1 -7 8 7 -10 -4 24 116 265 401 504 271 -56 102 228 -20 -252 -70 253 163 8 20 15 6 3 1 -4 -1 11 5 2 58 110 59 11 108 182 50 -57 38 169 128 -90 -265 -306 -264 -124 -5 14 12 6 -9 -4 23 26 7 -5 -1 6 -7 -17 -1 12 10 7 4 -1 -5 -4 -1 -1 -5 -9 -6 0 -2 -7 -6 -7 54 227 251 48 -2 8 -184 -234 -67 13 13 6 4 -108 -369 -442 -296 -229 -230 -210 -227 -279 -317 -345 -353 -350 -382 -433 -460 -455 -453 -455 -455 -476 -487 -487 -517 -544 -433 -199 -59 -44 -34 -14 -82 -318 -435 -123 167 86 4 -69 -323 -376 -132 -5 -15 -8 -2 -1 -3 -10 -2 14 10 0 -3 -5 -4 1 5 1 -8 -4 12 8 0 73 86 -46 -34 67 -11 -94 -41 -3 -6 0 -2 -15 -12 3 75 262 273 -68 -281 -143 -14 9 141 311 160 -148 -174 -38 5 -5 2 -1 -15 -13 1 6 2 -4 -8 -8 -6 1 8 3 -11 -7 12 16 7 -6 -16 -4 20 23 7 0 2 -5 -13 -5 0 -2 -8 -84 -172 -113 1 -44 -152 -154 -178 -182 15 197 194 
575 550 503 442 390 344 274 206 159 124 91 52 14 -14 -26 -33 -42 -41 -32 -21 -13 -15 94 224 217 244 213 61 2 11 25 202 506 525 240 35 -132 -267 -179 -51 69 145 56 -20 -19 -6 15 40 47 5 -89 -207 -291 -345 -380 -331 -205 -231 -471 -578 -437 -250 -107 44 217 387 563 708 795 813 758 656 527 531 546 74 -507 -480 -146 21 29 1 9 22 5 -1 8 2 -4 -40 -50 53 -41 -204 -5 35 -159 -165 -233 -282 -174 -173 -138 -60 -105 22 187 156 -15 -286 -257 0 44 -11 -19 -20 -9 9 28 29 -9 -113 -275 -443 -603 -730 -806 -802 -690 -497 -273 -161 -277 -456 -508 -417 -326 -340 -240 11 252 441 542 546 455 302 139 13 -43 -36 -7 14 25 15 -13 -11 78 265 491 687 810 802 639 368 17 -372 -677 -805 -695 -430 -283 -242 -113 16 27 -9 -13 -10 -5 11 -1 -23 1 49 52 78 166 178 88 67 114 141 182 136 32 9 22 16 2 11 57 146 255 219 119 134 70 -22 -10 3 4 7 7 1 -9 -12 -5 -1 -6 -8 3 17 16 10 9 15 36 32 2 3 0 -23 -26 -47 -96 -210 -412 -447 -269 -209 -259 -282 -188 30 37 -189 -388 -472 -355 -115 -6 -3 -22 2 237 395 254 243 425 360 110 -3 -166 -419 -486 -504 -433 -81 218 249 232 181 42 5 123 185 83 -6 -8 6 16 9 -3 0 3 3 3 -16 -37 23 23 -189 -106 224 149 -185 -233 117 252 72 12 20 5 -5 -7 -6 -5 -4 0 0 -1 6 1 -11 7 64 75 35 147 298 211 25 9 145 180 127 82 20 -6 -6 -1 1 -2 -37 -78 -44 -10 -11 3 12 3 1 2 -5 -6 -4 3 16 19 9 -1 -2 1 2 2 1 -2 -6 -7 -1 133 297 339 511 652 281 -176 -134 21 7 -10 11 13 -11 -12 -1 40 74 54 18 5 31 65 71 59 38 5 -28 -31 -20 -25 -26 -39 -78 -111 -124 -127 -111 -60 -10 -7 -24 -21 -2 -39 -102 93 356 250 55 9 -168 -373 -262 -55 4 -1 -8 -2 7 0 -9 0 7 7 2 -8 -10 -5 -2 -5 -8 2 13 15 13 44 83 -1 -85 30 105 -9 -56 -12 -7 -11 -3 4 0 -7 13 169 333 109 -272 -281 -69 14 59 241 228 -145 -294 -104 -13 -16 3 8 15 28 9 -15 -3 5 0 4 12 12 -2 -8 4 11 8 5 3 2 6 6 -10 -20 -6 11 12 1 -14 -12 9 -11 -116 -196 -85 121 197 78 -145 -279 -191 43 175 110 15 
86 69 24 -14 -34 -34 -26 -36 -45 -39 -28 -17 -7 1 6 6 12 13 -12 -27 -11 4 72 291 451 324 104 7 10 13 -1 10 160 415 385 110 27 90 35 -75 -102 -87 -27 37 35 15 -45 -174 -309 -392 -395 -322 -182 2 177 302 346 260 113 101 226 374 537 706 803 803 761 679 534 354 198 84 -7 11 303 514 77 -544 -633 -354 -103 -7 -2 0 -7 -19 -18 -12 -3 4 132 376 493 531 497 262 210 447 386 99 154 314 250 213 170 -16 -96 31 131 148 207 177 52 19 35 27 7 -53 -184 -367 -550 -692 -786 -808 -736 -594 -416 -235 -81 -10 14 54 -63 -295 -275 112 503 584 575 576 473 316 169 51 -31 -48 -18 9 18 19 20 18 16 22 38 46 24 -6 10 126 329 544 731 830 793 613 253 -93 -61 171 155 -151 -438 -394 -164 -15 26 10 1 -6 -11 17 26 0 -8 -14 -25 -10 1 -13 -6 11 7 6 8 2 -1 1 -1 1 82 247 307 201 160 199 132 42 9 -3 0 4 8 11 12 8 4 7 5 -3 0 12 16 12 8 3 -4 -12 -4 12 -23 -155 -199 -194 -275 -196 -182 -242 -67 -66 -215 -101 48 -24 -170 -117 113 140 -76 -138 -26 7 7 192 450 540 467 354 366 336 175 -33 -354 -446 -191 -156 -369 -275 81 279 236 84 16 33 -5 -41 -11 6 -2 -2 -2 6 11 -6 -27 -18 14 26 19 1 -157 -202 107 233 -20 -262 -73 264 174 15 15 -1 -6 2 1 -3 -4 -5 -4 -6 -10 -8 -6 -4 -2 6 12 23 115 223 171 64 147 331 391 295 117 7 -4 3 10 7 -91 -313 -372 -227 -137 -65 -19 -28 -8 0 -10 -3 5 0 -4 2 6 4 4 8 8 5 5 6 5 4 5 3 69 218 376 534 644 463 1 -185 -49 12 -1 -9 100 368 490 315 96 -10 -53 -52 -26 67 288 453 457 461 483 461 444 456 446 418 410 397 382 386 390 379 362 346 341 338 297 223 247 388 450 435 335 120 23 -16 -233 -339 -140 4 0 -7 -15 -7 14 2 -16 -3 8 6 1 -3 -4 -4 -3 2 2 -6 6 28 13 42 61 -56 -107 -96 -184 -182 -44 19 3 -7 -3 8 7 -11 40 227 242 -114 -326 -158 -20 6 146 291 74 -251 -194 -15 2 -31 -65 -148 -221 -159 -49 -12 5 6 -51 -95 -61 -18 -4 5 1 -4 5 10 8 14 11 -9 -10 7 5 -11 -18 -16 -9 -28 -112 -149 -3 164 110 -79 -81 80 127 145 170 63 -38 -25 
-9 -27 -40 -18 -4 1 12 11 12 13 5 -5 -11 -11 -9 -5 -8 -8 -9 -158 -363 -308 -125 39 168 110 10 6 7 -1 2 3 4 3 -120 -304 -198 131 363 385 23 -493 -645 -498 -391 -404 -419 -369 -248 -59 135 281 310 214 51 -147 -302 -179 271 674 799 690 587 616 560 347 134 41 -1 -29 -9 6 22 40 105 376 612 339 -305 -639 -388 -63 -16 -41 -12 5 -2 3 4 20 145 257 282 331 302 269 344 309 164 127 221 389 365 149 149 164 43 -19 87 312 275 63 -6 -58 -162 -282 -448 -637 -778 -812 -746 -611 -454 -308 -166 -64 7 94 198 330 498 682 776 700 602 594 549 401 230 87 -13 -50 -36 -9 13 24 28 23 9 7 22 34 33 26 21 28 40 37 24 -1 -21 31 171 361 572 756 828 714 414 124 -9 -241 -630 -811 -721 -531 -307 -114 -7 22 20 11 0 0 -1 -5 14 24 16 24 17 8 19 12 -1 3 9 8 4 7 18 27 17 1 22 44 33 20 8 0 -1 0 6 16 26 26 20 23 26 18 11 14 21 21 12 -4 -17 -9 1 -7 7 -84 -220 -205 -181 31 330 224 61 113 95 135 142 -91 -107 209 481 540 394 155 27 13 39 158 195 72 53 80 12 -12 -38 -262 -434 -238 -29 28 244 466 385 164 26 -8 -2 0 3 3 1 7 11 -2 -7 1 8 1 -103 -289 -339 -204 -52 -71 -231 -63 247 139 -171 -203 135 249 53 -12 -5 -10 2 11 13 11 8 5 -3 -11 -20 -26 -18 9 25 -35 -88 -42 -10 -6 16 43 83 92 121 140 56 -10 -4 11 11 -60 -223 -312 -263 -197 -171 -159 -181 -196 -91 -8 -9 5 10 0 -5 -4 -1 0 1 1 -3 -7 -6 -2 0 1 5 7 40 155 128 -70 -11 227 99 -199 -141 -1 1 -8 10 142 360 489 395 179 37 8 11 -6 50 263 487 566 562 562 551 547 562 563 569 593 606 599 593 598 601 593 591 590 583 591 592 476 222 177 308 188 3 -27 -152 -357 -290 -77 -19 -14 6 -1 5 15 -4 -13 -3 5 9 6 -2 -5 1 7 7 4 -6 -13 -11 19 90 -7 -363 -621 -607 -421 -168 -25 -3 -10 -16 -7 3 4 -1 124 305 125 -231 -241 -67 -5 85 271 219 -167 -389 -315 -325 -474 -608 -704 -711 -483 -154 -22 -57 -213 -464 -560 -374 -111 0 0 1 1 -8 -3 10 3 -6 4 7 6 12 5 2 15 -42 -171 -165 30 159 53 -129 -138 30 207 287 201 -12 -160 -138 -49 
-164 -365 -295 -55 10 -9 1 6 6 5 3 1 -1 -2 -1 1 -2 7 4 -99 -244 -346 -307 -107 5 -4 -10 -11 -11 -8 -3 -4 -8 4 31 33 0 -47 -27 6 -100 -316 -498 -462 -263 -86 77 253 344 280 118 -101 -321 -414 -373 -263 -63 270 605 707 520 174 -89 -202 -234 -175 -78 -1 40 34 12 8 14 25 32 92 345 633 449 -180 -468 -216 -1 3 -11 4 14 6 5 19 21 16 1 -18 23 79 -63 -317 -396 -308 -242 -231 -161 -92 30 199 193 77 73 103 -30 -240 -382 -413 -458 -623 -746 -703 -547 -359 -200 -84 6 74 152 286 468 655 776 821 804 690 549 425 267 101 -5 -40 -45 -30 -1 18 22 15 8 2 3 11 14 14 10 6 11 15 13 13 7 -5 2 27 40 15 -17 -73 -93 108 437 609 376 -67 -257 -158 -95 -311 -623 -801 -814 -686 -485 -264 -89 -10 10 10 -5 -3 8 4 9 14 1 -10 -8 6 24 26 9 -3 1 17 16 -10 -8 19 27 23 11 -3 3 11 8 4 3 7 13 15 13 16 22 21 14 10 12 8 1 2 3 9 7 -8 28 130 19 -204 -128 17 160 245 89 120 288 277 315 371 325 316 285 187 157 112 15 -16 6 14 1 -1 -18 -43 -24 -2 -167 -408 -320 -73 -14 114 400 380 91 -34 -8 13 10 -7 -11 8 15 5 0 7 12 6 -11 -80 -221 -384 -455 -330 -131 -188 -213 115 226 -36 -246 -43 246 131 0 7 -4 1 7 2 -8 -11 -4 6 7 11 13 20 11 -84 -133 -149 -192 -95 15 24 15 11 3 -17 -7 7 1 13 14 0 -2 -10 83 290 271 99 -13 -235 -287 -70 25 -2 -9 -9 -11 -5 2 4 4 3 -2 -8 -8 -5 -2 2 4 5 9 6 0 116 130 -118 -163 92 145 -122 -184 -36 -3 -11 -5 -13 28 219 448 493 325 128 44 -31 -242 -402 -276 -49 59 95 102 83 94 126 139 150 153 142 145 168 185 197 210 217 247 285 259 145 12 43 260 352 289 244 91 -234 -396 -182 9 3 2 3 -9 4 11 -3 -7 1 7 4 -3 -4 3 3 3 16 7 -12 3 4 38 81 -105 -315 -312 -315 -262 -86 -3 -1 8 4 -15 -16 -4 66 268 296 -75 -323 -173 -73 -162 -165 -68 -179 -525 -748 -734 -637 -490 -243 -26 10 -14 -1 -31 -188 -405 -529 -562 -443 -187 -26 1 -5 -7 -11 -5 8 -3 -13 -6 -9 -15 -1 7 -62 -181 -153 41 134 -3 -236 -295 -72 114 75 3 -90 -192 -112 19 9 
-371 -354 -294 -226 -137 -45 -1 4 -5 -4 7 13 11 4 -4 -11 6 6 -67 -35 79 44 -3 5 -11 -9 -5 -8 -10 -16 -18 -2 17 11 82 179 80 -159 -368 -403 -109 378 649 576 404 285 144 -73 -288 -407 -402 -298 -102 139 344 471 482 400 270 95 -25 70 185 79 -31 30 86 33 6 15 4 2 -2 -10 1 16 9 112 380 318 -250 -527 -249 -6 18 -3 -18 -27 -29 -29 -12 25 50 29 -7 -83 -233 -217 -56 -97 -218 -311 -298 -53 70 5 -68 -183 -364 -565 -717 -744 -473 -46 205 183 -30 -134 -52 42 121 230 409 606 732 807 819 679 488 380 261 101 -4 -55 -91 -64 5 24 17 17 12 7 11 22 25 14 7 11 16 18 12 -3 -8 1 -3 -12 3 21 10 -17 -33 -74 -157 -274 -334 -232 -96 57 238 287 310 521 736 663 356 -19 -386 -669 -808 -803 -688 -484 -249 -76 14 35 9 -10 -16 -25 -8 8 2 9 11 -7 -12 4 9 -1 -6 0 9 13 8 -6 -4 10 10 9 12 8 1 -2 0 2 -1 -6 -5 2 5 0 -5 -8 -4 10 11 1 4 9 0 109 253 267 295 205 106 227 203 95 156 153 96 116 92 31 3 -23 -37 -22 1 1 -11 -4 2 -7 -13 0 18 -96 -376 -423 -140 21 101 374 458 180 -6 -1 8 -2 0 12 9 -2 -5 1 7 -1 -15 -10 -17 -128 -256 -177 24 119 6 -195 -39 236 115 -193 -223 130 244 53 -3 10 12 9 -3 -2 4 3 3 6 -1 -6 -13 -130 -272 -290 -294 -332 -322 -217 -88 -18 5 0 -9 5 20 13 2 2 4 -6 -10 68 232 358 356 250 161 132 142 120 33 7 26 8 -7 1 7 2 -1 2 2 1 5 9 11 12 12 13 17 16 -15 37 159 32 -175 -37 197 58 -175 -102 2 -4 -12 -7 -8 -12 99 319 477 436 212 25 -83 -302 -515 -473 -247 -56 5 -6 -14 -16 -17 -25 -38 -35 -17 -7 -23 -46 -49 -35 -28 -30 -26 -14 4 12 155 387 514 647 689 408 -76 -273 -92 12 -12 -7 -6 -10 4 10 0 -4 -1 1 2 2 3 1 -4 0 13 23 13 -13 -16 117 306 263 43 -222 -349 -187 -37 -12 -4 -5 -3 0 6 17 145 304 105 -340 -580 -644 -736 -712 -382 -17 35 -7 144 382 564 677 690 476 145 -4 37 205 355 169 -266 -554 -508 -251 -55 -6 2 4 -8 -3 9 6 1 -10 -14 -17 -103 -201 -94 116 144 -31 -271 -322 -93 77 52 -26 -149 -186 -9 158 126 33 
97 340 232 -41 -40 22 2 -6 2 6 2 0 4 14 24 32 29 -134 -323 -112 229 347 292 98 -12 -10 -11 0 10 26 27 -55 -189 -284 -407 -496 -342 -50 153 253 319 345 244 -27 -310 -473 -629 -783 -593 -77 288 432 492 433 308 189 72 -9 -35 -148 -247 -73 75 49 101 136 63 7 -8 2 19 17 19 21 -7 -22 -1 6 178 533 429 -250 -670 -497 -161 4 12 -3 -128 -419 -567 -466 -292 -99 20 27 144 350 452 441 346 272 201 -2 -294 -500 -633 -767 -816 -761 -670 -442 -8 316 402 371 252 234 370 533 684 776 786 730 620 463 200 -151 -334 -296 -179 -22 26 -170 -373 -263 -48 0 3 25 26 12 -3 -2 7 11 15 16 11 10 14 19 18 2 -13 -9 3 8 14 -90 -314 -352 -208 -139 -135 -96 -29 -10 12 97 197 339 547 734 822 799 633 311 -91 -452 -698 -812 -792 -653 -420 -188 -42 22 19 -2 -7 -4 4 -6 -18 -6 4 0 -1 8 12 12 9 -5 -10 -7 -10 -11 -9 -3 5 7 3 -1 0 3 0 -8 -9 1 10 8 1 6 15 8 2 2 -2 -3 -12 14 189 412 391 170 44 54 60 19 -12 -9 -4 -13 -13 2 12 10 13 17 11 10 6 4 1 -17 -22 3 -45 -296 -430 -199 -4 51 288 410 127 -34 38 40 12 7 5 -1 -1 3 1 -1 -8 -20 -12 -5 -85 -85 183 368 296 181 -66 -168 106 194 -43 -240 -37 254 150 16 9 -7 -4 3 -5 -11 -1 5 2 -1 -12 -21 -32 -189 -402 -377 -225 -123 -99 -139 -118 -51 -13 0 3 9 0 -3 6 -5 -7 3 -3 -3 3 9 74 120 160 301 289 96 7 16 12 0 2 8 4 -9 -14 -5 6 10 8 5 4 4 3 2 5 1 -11 0 137 141 -117 -118 159 153 -124 -136 7 14 -1 0 4 2 -15 24 201 415 464 280 68 -32 -192 -421 -500 -361 -134 4 17 0 2 3 3 10 14 12 12 16 17 13 1 -3 5 9 15 0 69 238 229 249 541 737 484 -32 -181 -16 22 -4 -3 -7 -3 7 1 -8 -9 -4 4 7 2 3 5 -7 -6 5 3 6 -6 21 219 334 134 -138 -341 -325 -105 -4 -20 -23 -2 12 1 -13 40 237 299 -48 -424 -438 -224 53 376 634 749 777 739 649 534 382 225 111 27 -15 17 178 452 562 320 -128 -503 -562 -328 -82 -1 6 16 2 -2 3 -12 -2 -15 -124 -177 -30 163 150 -102 -365 -320 32 263 175 -29 -182 -165 42 200 135 20 10 
-62 3 201 269 151 40 4 0 -5 -3 -7 -9 6 15 -32 -123 -145 -99 -81 -10 172 241 102 -10 6 37 34 -14 -117 -257 -432 -515 -340 -79 -34 -91 48 225 174 -39 -271 -439 -488 -369 -127 100 245 213 14 8 192 213 100 6 -34 -33 0 34 26 -15 -64 -60 -110 -189 -87 15 13 15 6 5 15 10 3 -1 -1 2 2 3 58 304 625 526 -92 -635 -683 -402 -110 15 -119 -379 -448 -410 -530 -591 -407 -167 53 162 99 32 2 -9 -72 -240 -444 -657 -711 -575 -386 -208 -86 -64 -203 -329 -315 -100 382 764 835 779 671 521 340 167 54 -21 -59 -47 -76 -234 -296 -144 -71 -76 -64 -142 -183 -101 -28 1 11 15 18 5 0 9 5 -2 4 8 2 2 6 11 21 25 4 -23 -2 -28 -230 -381 -236 105 325 241 98 47 11 -19 -34 -34 9 144 351 562 727 811 753 517 170 -195 -512 -724 -803 -747 -587 -369 -149 -6 29 8 -12 -17 -7 6 7 -2 -2 4 -6 -12 -9 -12 -9 3 10 6 0 -6 -9 -3 4 3 -1 2 8 8 5 4 5 7 7 8 7 -2 -3 6 4 -5 -2 3 6 14 10 1 -4 -4 7 18 20 0 -13 9 27 21 15 15 8 2 2 0 -2 -3 1 8 7 -18 -211 -440 -311 -41 25 170 441 295 -235 -506 -361 -128 -9 19 17 2 -7 5 15 9 1 2 2 -1 -44 -129 -18 273 325 28 -266 -91 210 106 -189 -206 139 226 41 -4 7 1 -4 -5 -7 -6 7 25 12 -15 -11 1 26 44 -51 -147 -72 173 363 263 87 15 -15 -12 9 9 -1 0 3 9 8 5 0 -9 -4 -2 -11 -8 21 39 40 66 58 17 2 2 5 2 -2 -1 -2 -6 -6 -2 1 -1 -7 -5 3 3 1 4 8 -4 82 174 -9 -160 36 182 -14 -141 -42 9 10 0 -1 14 6 2 16 106 336 514 409 162 19 -93 -306 -472 -433 -236 -44 22 8 4 9 3 -4 -6 -1 11 14 1 -7 -6 -6 -1 2 1 10 114 97 -134 -89 230 418 211 -122 -103 16 10 -5 -4 0 0 2 2 -2 -2 3 4 -1 -2 4 9 8 1 -1 6 6 -12 76 280 289 107 -133 -317 -204 -26 1 -6 -9 -9 -7 -6 2 142 404 532 546 625 734 761 684 575 465 329 185 74 12 -21 -38 -23 16 33 14 3 103 388 600 433 -11 -440 -596 -410 -131 -3 4 -17 -24 -7 6 -32 -141 -168 7 165 72 -164 -320 -213 135 335 227 72 -13 -19 94 161 82 11 6 7 
-325 -303 -68 89 34 -6 6 10 12 16 17 8 7 -20 -160 -358 -452 -244 117 171 28 -2 16 8 -58 -203 -397 -578 -702 -791 -823 -565 -40 289 312 85 -273 -447 -452 -370 -183 68 323 494 542 519 581 691 341 -295 -370 -101 -20 -14 5 13 12 1 11 154 355 340 234 214 131 28 2 -7 -8 -7 -8 -3 -7 -8 2 6 0 2 6 13 144 468 667 384 -215 -647 -599 -294 -91 117 345 366 85 -338 -541 -567 -664 -798 -828 -651 -366 -149 33 246 281 52 -99 -42 42 119 251 337 212 16 7 242 514 547 388 211 76 0 -16 -52 -178 -207 19 300 316 162 39 -175 -284 -33 253 187 -12 -15 20 -5 -12 -6 8 24 21 0 -12 -5 7 9 -6 -17 -24 -65 -78 -25 14 28 20 59 172 224 200 214 257 167 32 13 14 9 21 18 9 -5 -11 34 167 373 597 765 799 698 471 122 -270 -583 -755 -798 -717 -531 -295 -94 -6 12 25 16 0 5 9 -5 -9 0 6 15 12 -3 -5 8 11 1 -5 -2 4 4 0 0 6 10 8 3 -1 0 3 1 -1 3 3 2 7 6 1 9 12 -4 -4 10 11 4 2 6 8 5 -3 -9 -8 0 4 -1 -2 -3 -8 -2 6 5 1 -2 15 -105 -375 -365 -113 -26 86 372 268 -202 -373 -371 -362 -193 -37 -8 -18 -12 1 -1 -12 -14 -2 12 2 -94 -161 -138 -230 -216 18 -52 -158 136 241 -46 -268 -36 260 132 -11 -5 -5 2 2 6 22 5 -108 -198 -99 21 32 19 34 97 199 346 380 289 269 221 112 44 16 9 -3 -7 1 -1 -3 4 4 -6 -2 16 11 2 8 5 -2 -2 8 10 1 -1 4 11 9 0 -1 6 7 -2 -9 -7 -1 0 -5 -2 8 7 1 12 24 5 16 140 95 -139 -67 192 103 -166 -119 21 9 6 21 12 3 5 10 0 35 227 455 484 301 88 -35 -175 -406 -521 -367 -125 -7 8 12 16 7 7 16 14 9 9 5 1 5 1 -3 7 -7 48 189 64 -157 -98 83 177 -9 -175 -67 13 5 4 2 -3 2 6 1 -1 1 0 -3 -8 -12 -6 -2 -4 -7 -9 0 6 19 157 300 207 -8 -247 -315 -124 4 7 -2 1 13 18 3 33 265 562 628 521 391 245 119 45 -1 -23 -11 3 2 8 20 -12 -104 -158 -104 -14 10 45 276 565 557 181 -318 -613 -526 -237 -44 12 12 5 -47 -149 -111 90 176 22 -160 -165 39 315 377 170 -48 -95 15 165 180 64 -11 -11 -3 -12 
368 348 144 -11 -4 15 -1 -12 -9 -5 8 14 -2 -21 1 64 56 -62 -34 127 64 -152 -329 -488 -652 -789 -840 -789 -666 -535 -377 -248 -259 -303 -219 -37 41 86 277 482 576 559 451 285 121 30 29 212 385 88 -236 -117 12 8 10 7 8 6 4 46 117 117 146 219 145 35 2 -8 -7 -6 -6 -5 -3 -1 1 3 3 2 3 7 0 65 348 670 676 284 -291 -617 -334 196 309 121 96 194 128 -138 -418 -442 -244 -102 2 114 55 -165 -234 -60 140 306 495 672 793 823 690 447 298 233 119 11 -23 -25 -10 13 27 -55 -280 -403 -270 -38 147 316 305 -2 -184 -189 -165 44 194 114 26 -1 0 4 -6 -11 -8 1 11 18 12 -5 -14 -2 -61 -203 -237 -170 -86 -12 2 75 312 502 418 185 33 -2 1 9 18 9 2 20 30 23 22 18 4 8 80 254 500 714 820 808 651 346 -22 -365 -633 -778 -790 -679 -477 -317 -230 -108 -14 -1 -1 -2 6 16 12 5 2 2 -2 -5 1 7 9 10 8 6 6 5 4 5 7 8 8 8 8 8 8 8 7 5 5 8 12 14 4 -1 11 10 8 8 -1 0 0 12 36 26 0 -1 -2 -13 -5 5 2 7 17 13 -4 -7 -82 -342 -440 -183 -2 69 324 450 146 -131 -51 169 253 143 25 1 -3 -6 -2 -7 -7 -9 -10 -1 -15 -30 76 306 349 143 -81 -204 20 267 97 -212 -176 180 223 44 12 11 -5 -12 -6 -12 -21 -34 -197 -443 -481 -310 -113 -12 2 99 315 409 338 204 60 1 -5 -4 4 -1 -10 -4 0 -6 -1 7 6 7 10 9 8 9 11 12 12 11 7 2 -1 -2 0 3 3 1 1 2 1 0 0 1 2 1 0 2 5 3 -4 -4 3 -2 -19 95 165 -51 -147 91 180 -72 -154 -22 22 21 5 -12 -13 -14 -10 8 1 -5 126 380 517 407 173 -2 -95 -270 -465 -439 -228 -50 0 7 18 9 5 8 4 4 4 -2 -7 -6 1 12 14 4 117 164 -69 -147 1 152 113 -132 -150 -21 12 12 1 -2 0 -1 -3 -3 -2 -3 -4 -4 -7 -15 -21 -18 -8 3 11 12 -3 77 272 274 72 -154 -326 -232 -40 1 -4 -8 -11 0 8 9 48 114 99 26 -23 -31 -9 1 7 11 3 10 17 15 20 -67 -349 -581 -448 -154 -30 -21 35 226 508 603 303 -203 -558 -589 -386 -281 -349 -362 -428 -442 -127 109 -43 -237 -134 168 368 327 110 -126 -210 -111 3 44 35 -3 -19 -7 -6 -16 
399 338 136 30 20 -15 -18 2 9 2 -11 -10 1 51 197 371 308 -15 -272 -434 -623 -761 -814 -811 -734 -576 -380 -216 -78 92 271 273 51 -77 84 430 649 575 423 296 157 40 -35 -50 -13 15 0 12 169 166 -103 -141 -17 1 -2 -6 -45 -77 -40 -9 -29 -13 40 44 8 -12 -3 16 21 11 -3 -9 -5 -2 -1 -1 -4 -7 -8 -10 2 7 6 119 395 663 502 -129 -404 -95 75 -94 -115 44 -68 -76 288 627 758 457 -62 -362 -540 -600 -307 258 696 831 796 689 532 346 180 80 30 -9 -8 21 17 4 13 21 -72 -95 107 64 -245 -278 -37 117 140 251 298 136 17 46 78 34 12 16 -2 5 8 -22 -26 -3 6 3 -12 -3 -33 -152 -223 -167 -183 -395 -403 -141 -3 34 115 115 19 -6 24 36 29 3 -2 10 8 5 7 2 1 26 29 3 -5 -18 -41 -22 156 476 715 794 754 562 222 -156 -474 -548 -293 -86 -171 -230 -84 14 0 -2 4 5 4 2 5 11 12 8 7 8 9 9 6 4 4 4 3 2 3 5 6 5 5 5 2 1 4 7 9 12 14 4 -9 2 14 -1 -8 3 3 -8 -10 8 15 3 -1 -9 -12 2 5 3 11 9 0 -12 -18 -39 -240 -432 -281 -83 -21 220 405 89 -177 54 325 360 278 150 33 0 9 6 2 4 9 5 -3 -4 -87 -185 -103 -57 -112 -28 -104 -163 135 212 -73 -250 23 287 115 -24 -8 8 31 18 -97 -288 -305 -96 10 -153 -370 -417 -277 -79 11 97 211 129 -14 -25 8 18 8 0 -11 -15 5 7 -2 6 7 -3 -4 3 7 6 3 4 8 11 11 8 3 -2 -5 -6 -4 -1 1 2 2 3 3 2 3 3 0 -3 -3 0 4 5 0 -2 2 8 -3 28 127 30 -159 -28 177 40 -162 -92 9 -2 -18 -11 6 12 1 -4 7 -1 -17 46 255 489 519 317 109 6 -163 -420 -524 -376 -147 -17 9 -8 -22 -15 -6 0 6 6 1 -1 3 7 18 13 35 152 61 -157 -97 72 159 11 -163 -77 6 0 -2 5 8 5 6 5 3 1 1 6 11 8 2 1 4 8 10 5 7 32 168 314 225 19 -210 -305 -137 -3 6 -6 -13 -15 -9 8 -2 -19 -1 27 38 38 33 16 -6 -12 -6 8 16 4 -1 35 -28 -307 -468 -291 -69 18 22 10 125 398 593 454 -2 -449 -660 -731 -753 -747 -693 -583 -486 -434 -407 -259 7 144 106 -22 -175 -161 23 94 35 -4 -23 -14 0 -10 -6 8 
80 32 -5 -14 -14 -13 -6 5 12 10 8 15 -26 -129 -229 -372 -561 -609 -619 -757 -775 -606 -431 -292 -145 25 216 407 570 727 830 802 625 401 292 243 145 36 -27 -35 -22 -10 4 16 16 7 -1 -5 94 149 -101 -246 -81 6 -9 13 -30 -196 -241 -88 14 7 -15 -11 -3 -8 -4 2 -3 -7 -4 -4 -6 -4 -2 -3 -4 -5 -6 -1 8 14 15 7 -2 122 353 287 -132 -435 -408 -289 -278 -297 -197 112 428 324 -39 -183 -135 -1 275 565 724 741 628 455 269 94 -4 -30 -23 -5 1 10 17 2 -7 17 -4 -147 -336 -363 -34 342 337 167 75 -2 8 164 281 318 332 194 18 -21 -12 -5 0 -3 -1 6 2 -4 -8 -17 -33 -185 -391 -477 -389 -159 -78 -85 -16 22 14 -1 -12 -31 -17 7 -2 3 23 24 11 13 16 -7 -14 12 26 7 -18 -14 11 -4 -189 -402 -320 -69 145 372 607 781 835 720 432 202 232 316 171 -71 -82 1 1 -2 -2 -4 -4 -2 4 10 12 11 8 5 4 3 1 0 0 0 0 0 0 1 3 3 2 3 4 5 8 11 11 6 -1 -6 -5 -5 -14 -15 -5 6 7 -1 0 -7 -21 -14 6 9 0 6 6 -7 -18 -21 -18 -17 -7 -145 -390 -320 -66 -4 134 428 251 -177 -109 34 68 204 145 8 -10 -8 1 2 -5 -1 2 6 15 -13 -28 22 -59 -246 -183 -98 -231 -70 207 82 -205 -159 170 203 54 29 17 -60 -135 -87 -134 -228 -87 42 86 174 290 322 168 27 -2 13 25 15 9 5 0 0 -1 -10 -9 4 9 1 -3 3 -2 -13 -10 -2 0 -1 -2 -1 1 3 3 1 -1 -4 -6 -5 -3 -1 1 3 3 2 3 4 4 1 -4 -5 -3 -1 1 2 1 0 5 16 19 18 122 109 -125 -110 155 151 -115 -137 -23 -15 2 12 2 -4 -4 -8 -8 1 1 -18 -7 132 382 519 391 146 -4 -94 -288 -493 -489 -297 -101 -5 8 -7 -9 1 10 14 11 6 4 6 14 16 -3 91 161 -50 -163 -37 129 146 -70 -121 -23 -10 -3 5 4 5 7 7 5 4 4 4 4 4 4 3 1 -3 -10 -10 9 10 68 267 318 138 -97 -311 -247 -38 -1 -12 2 -1 -10 -10 0 5 -24 -147 -254 -176 -37 6 -6 -13 -1 2 -5 3 -3 76 277 233 -149 -315 -111 9 -19 1 13 68 331 595 524 141 -271 -409 -347 -316 -210 -185 -463 -684 -483 -40 136 4 -142 -224 -130 109 197 85 4 -2 -9 2 0 -15 -6 -7 
-13 3 -7 -36 -18 28 33 32 6 -78 -197 -347 -426 -368 -357 -528 -588 -408 -320 -303 -168 -13 141 322 491 643 753 810 790 675 521 291 41 -41 -16 -9 -4 10 15 9 11 15 12 7 1 -1 7 -5 52 201 21 -288 -171 5 -8 -79 -166 -238 -316 -275 -110 -11 0 3 9 7 2 -6 -15 -12 -1 0 -6 -4 2 4 5 7 10 11 9 10 4 -10 2 -14 -51 160 409 100 -475 -530 -182 139 427 344 -124 -464 -444 -18 421 546 579 548 381 200 58 -13 -17 -8 4 21 28 12 -10 -7 4 1 10 -20 -153 -318 -253 -71 -58 94 327 267 86 14 1 -16 10 96 125 46 -2 5 -6 -7 3 -9 -10 9 5 1 -10 -114 -153 -129 -186 -104 71 139 253 454 417 142 6 22 30 26 26 21 9 -3 -6 0 8 17 19 19 1 -93 -232 -248 -169 -139 -69 38 -2 -133 -123 -36 -6 9 42 75 121 359 600 291 -272 -477 -356 -107 22 3 3 15 9 -1 -1 4 4 0 -1 2 4 4 3 1 0 0 0 0 0 0 1 2 1 0 -1 1 8 12 12 11 6 -2 -7 -7 -5 -8 -7 5 -1 -20 -20 -3 11 9 12 23 26 22 13 6 3 7 6 -8 -16 4 -65 -312 -387 -160 -10 117 407 416 98 -33 -15 -71 -95 9 67 20 3 8 4 4 4 -2 -9 2 18 -62 -164 -74 51 184 363 116 -123 139 207 -102 -263 28 253 83 -49 -147 -247 -218 -272 -288 -52 88 -59 -270 -151 277 471 396 265 94 2 -2 -3 -9 -5 8 12 8 7 -4 -2 9 -13 -15 4 1 0 4 -1 -5 -6 -8 -5 -1 -2 -5 -4 -1 0 -1 -2 -1 0 1 2 2 2 1 1 2 1 -1 -2 -1 0 -1 -3 -3 0 0 -2 -4 -1 3 87 160 -65 -322 -229 -120 -232 -208 -39 2 -20 -21 -20 -25 -20 -8 -4 7 10 -1 -7 -12 30 209 439 492 324 125 -3 -177 -335 -259 -66 11 8 8 6 7 13 18 19 14 7 6 -2 -7 3 37 160 92 -157 -133 43 168 64 -139 -89 -1 0 -4 -5 -1 -2 -1 0 0 0 -4 -10 -8 -1 2 0 -4 -7 -1 0 -7 5 135 291 195 -26 -245 -349 -177 -33 -30 -11 8 5 -2 -3 5 -49 -310 -608 -524 -196 -46 -28 0 4 -12 -10 2 1 -2 138 301 74 -285 -270 -72 2 -5 -7 -1 35 218 518 593 328 80 109 370 593 440 22 -248 -273 -204 -119 -98 -144 -52 148 167 37 -14 -7 -18 -51 -117 -106 -28 -16 -28 
-24 -3 28 54 28 -50 -159 -310 -442 -469 -478 -516 -293 129 344 272 64 -9 116 298 458 600 735 810 807 729 571 372 202 59 -149 -415 -551 -411 -144 -7 12 16 10 6 9 2 -5 4 17 17 2 -18 -3 202 281 -126 -349 -125 -2 -66 -52 154 252 101 -2 -2 0 -4 -11 -7 1 3 3 7 6 -1 -2 2 6 7 5 5 7 6 -5 -15 -12 -5 1 -118 -141 193 344 106 -72 155 570 574 154 -333 -511 -141 386 566 457 262 71 -29 -40 -7 25 21 2 2 7 3 4 7 5 1 -1 -32 -69 -62 -73 -109 10 302 344 94 -30 -18 -14 -14 -3 15 6 -24 -33 -17 -2 11 11 -14 -12 23 28 -10 -29 -98 -167 -128 -156 1 314 398 412 378 316 249 108 11 -2 0 -6 14 24 5 2 -5 -14 4 -7 -97 -205 -221 -145 -172 -292 -193 -24 -119 -233 -133 109 227 13 -138 -49 18 -2 -220 -444 -218 152 12 -496 -797 -551 -54 77 -8 -3 7 7 3 1 8 7 -3 -6 0 7 10 7 2 0 1 3 3 2 3 4 4 3 1 -1 -1 1 0 -3 -4 -3 2 9 11 6 4 6 3 8 21 31 26 2 -9 -41 -73 -51 -46 -44 -48 -61 -24 3 2 13 -33 -269 -429 -237 -50 18 299 395 -132 -296 109 114 86 254 135 -16 -10 8 8 3 12 15 5 -1 1 -36 -156 -371 -501 -291 71 66 -191 -20 250 62 -238 -144 201 186 -50 -250 -482 -460 -95 82 -151 -137 138 30 -133 43 239 174 -3 -34 4 6 3 10 14 6 -6 -14 -11 4 20 17 7 10 18 18 6 1 4 0 -5 -8 -10 -7 -3 -6 -11 -8 -1 3 4 3 2 3 4 3 1 1 2 1 0 0 1 3 4 3 -1 -7 -9 -4 6 10 5 4 -6 28 183 113 -214 -227 -9 -59 -265 -201 -17 20 -2 -5 13 14 -4 -11 0 5 2 8 4 -18 -4 119 362 523 409 190 168 314 301 119 9 -7 5 13 10 8 10 13 14 12 5 -13 -23 -1 12 96 165 -40 -184 -69 105 151 -58 -143 -32 0 -6 -4 -5 -7 -7 -4 -1 -1 -4 -5 -1 4 6 5 5 8 16 14 4 -4 46 240 324 159 -83 -338 -323 -76 25 25 15 -7 -3 3 -9 7 12 -166 -392 -315 -88 -14 -12 -8 -8 -25 -50 -19 -3 56 270 291 -98 -349 -175 -13 -17 -22 4 11 16 153 444 614 524 502 613 606 516 424 259 -46 -416 -558 -334 7 193 139 9 -28 -12 0 -67 -283 -506 -480 -227 -32 0 
31 -43 -133 -247 -399 -506 -477 -345 -159 75 237 191 94 90 70 97 288 535 715 804 826 777 635 446 275 129 30 -15 -106 -302 -490 -505 -427 -402 -274 -67 3 -6 -1 4 0 -2 3 8 9 6 3 12 11 127 366 234 -107 -155 -113 -5 201 326 347 255 101 13 0 1 1 -2 -5 -8 -7 0 -1 -4 5 11 8 3 -3 -8 -12 -7 1 -7 -11 4 -65 -233 -268 -239 -267 -93 259 489 352 -157 -565 -372 177 485 431 186 -10 -37 -6 5 5 -3 -1 9 9 9 10 6 -5 -1 10 14 -72 -280 -329 -97 182 358 343 210 147 86 19 4 3 16 20 3 3 14 9 8 2 -9 0 15 6 -48 -69 -91 -238 -383 -391 -158 68 72 192 287 186 99 29 -7 -7 0 6 -6 -6 -1 -3 1 1 23 5 -95 -157 -237 -341 -388 -297 18 183 63 65 97 -118 -266 -37 299 322 76 -73 -38 -80 -62 240 328 19 -157 -153 -155 5 130 39 -9 8 0 0 0 -1 6 7 0 -1 5 8 8 6 2 0 1 3 4 4 4 4 4 4 3 1 -3 -10 -15 -16 -14 -5 11 26 33 28 21 3 -31 -32 -49 -159 -246 -188 -149 -234 -272 -228 -260 -372 -407 -288 -90 1 1 -17 -204 -425 -318 -60 32 202 398 117 -252 -250 -92 189 408 315 99 6 9 13 -1 -5 5 1 0 8 -4 -96 -163 -23 106 121 100 -178 -231 154 209 -96 -226 36 228 -2 -254 -170 82 70 -38 160 230 34 122 355 397 268 85 8 7 7 4 -2 -12 -16 1 9 -1 -7 -9 -4 1 -63 -109 -35 5 -9 -1 1 -4 -3 -3 -6 -5 -3 -2 -5 -8 -5 0 4 7 7 5 5 5 3 2 2 2 1 0 0 2 6 8 6 0 -7 -10 -7 -2 -4 -6 1 -3 -25 74 237 241 263 448 335 -265 -644 -541 -330 -143 -20 16 7 1 6 -1 -6 -2 -7 -7 5 9 4 41 206 430 528 529 467 266 62 11 22 9 4 5 0 -2 0 5 9 4 -3 1 10 9 20 147 122 -132 -142 16 145 80 -131 -102 -3 6 2 -7 -5 -4 -4 -4 -4 -2 3 7 7 3 -2 -3 1 2 5 10 9 8 131 326 270 70 -122 -262 -140 26 27 5 4 3 7 -1 55 257 301 -56 -326 -179 -11 -9 -24 -125 -360 -426 -215 -41 -3 153 352 143 -253 -274 -81 -5 2 8 13 17 -3 76 360 645 646 355 114 252 578 630 344 -61 -430 -542 -309 -54 -4 -19 -8 -22 -126 -346 -519 -543 -578 -559 -328 -98 
-413 -468 -475 -400 -227 11 222 364 384 242 73 -17 -169 -355 -344 32 577 797 684 507 331 154 25 -18 -5 23 -32 -226 -450 -543 -433 -177 71 164 98 13 -8 -3 -4 -11 -12 7 18 -2 -24 -22 -3 10 9 27 229 524 423 -47 -331 -272 -164 -183 -172 -48 12 -4 3 11 11 9 0 -11 -15 -14 -14 -5 1 -9 -8 3 5 8 6 -6 -9 0 14 -96 -339 -395 -320 -189 141 408 393 -22 -468 -460 -295 -141 -31 -183 -372 -293 -100 13 35 15 -1 -3 2 5 11 19 15 7 10 19 -3 -64 -83 -129 -260 -282 -118 160 306 149 -14 -8 20 6 -1 14 7 -4 9 16 13 7 3 -3 7 44 -81 -368 -424 -180 -87 -126 -7 76 168 206 108 93 47 -16 2 14 10 9 3 10 32 18 -44 -77 -141 -243 -278 -278 -144 -33 -97 -104 -103 -10 192 129 1 76 50 -88 -96 -14 25 -68 -120 -113 -168 53 392 286 -17 -55 41 102 153 104 24 16 11 5 9 14 15 6 0 2 4 1 -3 -1 2 1 3 8 6 -1 -2 1 -1 -7 -9 -5 -3 -3 1 8 11 6 4 4 -70 -209 -198 -86 -169 -298 -209 -89 -166 -251 -153 -127 -104 -17 -94 -159 -179 -229 -211 -100 -9 -3 -150 -417 -398 -118 13 149 450 437 214 397 492 134 -36 44 37 -3 2 12 -1 -10 -6 -3 1 -4 -7 -136 -320 -206 96 278 253 -3 -217 -85 68 -55 -274 -163 78 -76 -128 -41 4 313 350 -42 -81 242 299 116 94 133 54 4 15 13 4 0 -5 -4 2 1 1 19 39 6 -60 -66 -103 -171 -99 -14 -14 -10 1 4 4 2 0 0 -2 -5 -4 -4 -7 -4 3 5 0 -5 -2 1 -1 1 2 -2 -2 3 5 4 2 -1 6 9 -3 -3 -2 -15 -12 -2 0 8 -14 6 184 183 -118 -230 -151 -255 -537 -749 -776 -662 -463 -248 -75 21 33 5 -8 3 4 3 24 26 10 -3 7 131 342 389 184 -3 -28 -2 7 3 0 -3 -4 -1 1 3 3 5 17 24 11 -8 -22 66 186 31 -150 -73 81 121 -73 -169 -51 -5 -9 -3 -2 3 -2 -9 -5 -3 -4 -3 -2 -4 -10 -15 -11 -6 -3 2 6 0 35 193 338 443 527 290 -40 -61 -8 -7 13 14 -1 -10 0 124 296 152 -227 -295 -88 -3 -9 -83 -343 -555 -416 -128 -28 31 248 310 -46 -321 -175 -7 15 8 0 2 14 6 42 161 86 -120 -78 123 277 401 494 419 83 -358 -608 -513 -226 -20 -2 -176 -445 -560 -413 -183 -172 -431 -602 -537 
-241 -67 172 349 413 348 141 -135 -326 -384 -276 74 347 310 309 426 411 248 81 -7 -32 -21 9 39 -3 -186 -422 -549 -469 -232 37 286 498 539 310 58 -10 8 12 -2 -8 -2 2 0 -1 2 2 0 3 -10 52 249 259 61 -72 -229 -363 -273 -67 12 -4 -4 -3 3 8 -2 -8 8 12 -2 -5 -7 -14 -16 -20 -14 -1 -7 -12 -4 18 18 -196 -563 -602 -193 284 475 248 -45 -139 -213 -60 328 492 291 -117 -454 -655 -762 -731 -535 -237 -35 14 11 3 -2 -3 0 3 1 -2 -10 2 -88 -184 46 189 -71 -224 -99 14 16 -3 -4 -7 -6 -11 -23 -5 12 -9 -10 7 -7 -11 16 -51 -166 -138 -89 -214 -273 28 339 392 283 116 65 41 -9 -2 13 4 -8 2 8 -18 -100 -163 -114 -228 -404 -234 -118 -273 -233 33 208 265 345 313 76 67 179 43 -101 -173 -272 -321 -213 -186 -236 -108 6 111 217 125 -8 -58 -51 -13 41 114 97 21 -8 -4 4 8 15 16 6 0 3 4 -3 -8 -6 -4 -4 -1 4 3 0 -6 -9 4 6 -1 0 -5 -26 -33 -52 -86 -78 -90 -121 -182 -215 -154 -116 -107 -130 -175 -76 112 105 11 38 52 -22 -41 108 279 348 265 61 -17 -91 -366 -463 -226 -57 36 321 398 120 152 293 184 192 179 38 -10 -1 4 -3 -9 9 8 -6 3 2 4 -68 -165 -13 49 -172 -251 -156 99 261 19 -350 -390 32 235 -100 -239 -57 -115 -136 163 267 84 37 112 76 1 -26 -15 7 10 3 3 0 -3 11 15 0 -4 -45 -122 -100 -77 -171 -257 -250 -155 -65 -22 0 3 1 0 1 3 4 1 -4 -3 -1 -4 -4 0 1 -4 -9 -7 -5 -7 -4 0 -1 1 6 6 -1 -5 6 4 -35 -46 -7 13 8 13 22 11 0 7 21 98 114 -125 -427 -441 -196 -76 -167 -327 -524 -691 -726 -599 -392 -200 -59 16 29 24 8 -15 -12 -4 0 4 4 21 24 7 4 0 -11 -5 14 13 1 0 2 1 0 0 1 5 2 -11 -11 -4 0 128 149 -91 -131 7 128 67 -151 -123 -25 -19 -5 -7 -10 -9 -5 -1 -2 -4 -2 -2 -5 -3 2 2 2 3 1 0 6 11 110 337 510 577 439 81 -102 -31 16 -2 -20 -16 3 -12 21 224 301 -25 -297 -182 -24 -2 82 167 -60 -318 -201 -11 21 110 248 96 -240 -278 -82 1 6 26 27 16 20 -26 -184 -230 -75 36 10 -121 -147 171 541 563 254 -202 -561 -588 -389 -346 -522 -571 -359 -39 277 414 183 -270 -592 
436 388 219 -33 -267 -411 -393 -215 29 255 422 523 484 295 140 57 -14 -29 -3 10 13 34 24 -120 -370 -540 -504 -313 -53 223 454 548 445 219 46 7 8 0 -3 0 10 3 -9 -6 -2 -2 3 7 11 10 -9 -107 -195 29 352 359 239 219 166 40 -12 4 5 -6 -17 -11 4 4 2 7 11 12 10 1 -14 -24 -17 -11 1 11 -95 -380 -617 -404 140 514 477 -38 -530 -454 -57 378 555 336 265 478 580 554 429 150 -228 -605 -733 -479 -138 3 22 29 17 -2 -2 2 -2 -70 -198 -257 -262 -116 210 355 262 141 49 9 8 1 -12 -5 3 -6 -6 0 5 9 8 19 -36 -147 -145 -167 -99 209 228 -9 39 221 184 75 22 -12 -4 6 6 5 5 12 -2 -22 -14 -78 -253 -408 -398 -293 -115 177 287 197 91 125 247 201 180 90 -165 -315 -351 -190 -27 -46 -101 -60 170 260 109 90 193 144 29 -32 -93 -86 -19 82 154 86 4 -4 -1 -2 0 1 1 4 6 5 4 3 0 -3 -4 -4 -5 -6 -4 4 6 -4 -17 -45 -78 -126 -130 -121 -155 -172 -285 -377 -328 -237 -100 27 -72 -225 -27 150 -40 -179 30 183 84 115 126 -5 38 169 236 290 273 121 -40 -236 -258 34 129 31 205 427 196 -192 -353 -487 -473 -136 96 53 -9 -6 1 -11 -6 9 -2 -19 -6 10 -49 -42 38 -25 -81 -146 -211 -140 -158 -272 -289 -194 58 283 290 249 14 -156 21 69 69 187 136 4 -26 -5 7 2 7 9 0 -5 -12 -5 18 21 6 -12 -13 -105 -285 -305 -150 -20 -21 -73 -91 -60 -9 4 -6 -7 -5 -4 1 5 5 3 1 4 9 6 1 1 4 5 0 -5 -5 -4 -3 1 6 6 1 -4 6 -20 -192 -374 -298 -93 -5 7 0 -3 0 -12 -3 4 39 200 323 352 464 469 268 102 31 -39 -211 -450 -624 -714 -699 -546 -330 -147 -22 32 14 -4 2 3 6 9 9 10 7 4 9 15 8 -1 3 8 7 3 -3 -5 -1 0 -2 -2 -10 -11 4 -7 43 158 24 -171 -89 84 163 -10 -158 -47 13 -3 2 -9 -7 3 -1 -1 4 7 4 0 8 21 18 -1 -12 -2 9 14 3 36 154 141 17 65 97 -40 -75 -22 -11 -4 4 13 10 5 129 310 152 -241 -310 -89 20 111 321 267 -148 -391 -344 -365 -457 -380 -175 -205 -342 -197 -23 -20 -48 -51 -29 -57 -174 -176 47 190 58 -165 -221 -47 134 270 501 633 400 -70 -468 -674 -689 -499 -205 100 421 626 660 588 325 -1 
-267 -361 -396 -303 -99 154 358 465 472 392 267 61 -198 -336 -364 -261 -50 29 13 23 20 -79 -287 -469 -499 -341 -82 163 378 524 489 281 68 -15 1 23 30 25 16 16 13 -1 -10 -5 0 -3 -4 -5 -6 12 14 -120 -226 -71 66 115 239 221 67 6 -3 -9 2 -1 -3 13 26 13 3 5 -5 -2 4 6 25 25 -6 -28 -116 -368 -630 -570 -46 552 682 248 -397 -597 -142 367 571 419 -36 -177 81 128 135 425 678 769 758 483 -67 -548 -674 -527 -363 -243 -94 13 22 4 3 7 -63 -121 38 169 153 222 220 62 -26 -10 -2 -14 -6 6 13 20 20 25 21 -48 -96 -32 13 -101 -189 -157 -137 32 313 407 246 71 21 -5 -3 -2 -16 -12 -5 1 4 4 -1 -1 28 58 2 -117 24 301 216 92 272 317 85 -58 -128 -245 -238 -119 -191 -293 -209 -24 252 338 232 128 153 285 225 52 -8 -10 -5 -59 -135 -78 3 72 116 45 -4 11 6 -6 -3 1 1 3 5 6 5 5 6 4 2 3 3 1 2 -2 1 13 -2 -127 -389 -480 -230 -45 -114 -111 -66 -129 -204 -202 -24 26 -106 -73 47 87 98 83 28 50 83 38 -16 14 3 -83 -9 42 6 5 -155 -178 291 693 566 364 448 289 -77 -70 -15 -29 136 177 36 -5 20 7 -10 -3 0 -8 1 8 0 -115 -344 -312 -73 -11 133 355 260 -136 -529 -667 -591 -182 249 183 38 192 348 361 361 223 30 -9 10 23 18 -13 -22 1 8 -3 0 5 3 5 -4 -11 -4 3 16 8 -66 -205 -281 -122 219 368 201 57 11 -17 -7 4 3 0 1 2 2 3 4 5 5 0 -6 -6 -1 2 -1 -3 0 -1 -5 -3 2 3 -1 2 -37 -215 -416 -477 -391 -178 -15 2 -16 -22 -7 6 7 5 1 36 120 201 301 456 583 576 397 169 47 -7 -124 -314 -498 -653 -714 -609 -457 -308 -119 5 26 15 0 -14 -21 -12 3 9 12 13 5 -4 -1 5 4 -1 -7 -9 -5 4 12 14 10 -7 -9 6 -3 99 136 -98 -167 -8 176 153 -111 -125 -5 -1 8 13 8 7 4 4 6 5 4 5 8 10 8 4 1 4 11 15 8 -6 47 57 -65 -55 75 39 -70 -46 15 30 19 1 9 9 37 198 248 -80 -355 -250 -128 -178 -189 -87 -160 -503 -747 -744 -642 -384 34 255 148 -1 -94 -201 -256 -218 -109 -41 4 162 221 9 -223 -193 60 231 157 38 120 391 608 501 104 -258 -326 -114 217 521 579 358 224 390 574 579 
-103 58 271 438 491 435 315 169 14 -151 -197 -136 -199 -291 -293 -257 -133 -9 30 -18 -206 -459 -560 -433 -178 112 372 557 569 381 153 32 18 17 -29 -89 -136 -161 -111 -27 -2 -9 -6 1 1 -6 -11 -8 -10 -23 -18 48 59 -151 -342 -239 -194 -397 -359 -84 17 3 2 -38 -104 -108 -45 15 31 15 1 0 -2 -30 -92 -149 -176 -314 -591 -640 -242 345 650 401 -183 -586 -396 237 636 439 38 -254 -392 -164 124 93 5 0 17 111 330 622 733 380 -207 -568 -683 -721 -686 -520 -254 -39 25 80 227 328 324 268 139 -8 -44 -7 1 -11 -6 2 2 3 9 20 -12 -138 -209 -146 -172 -196 -36 88 24 -6 92 126 180 207 82 2 8 4 3 10 4 8 15 7 -5 -13 -7 5 13 85 214 369 434 273 83 -50 -122 -98 -119 -152 -121 -158 -328 -254 99 321 378 254 221 345 353 277 107 32 68 23 -9 1 -4 -75 -155 -114 -24 67 101 31 -13 -8 6 17 8 0 1 3 5 6 4 2 3 3 2 3 4 3 3 -2 -6 -5 22 6 -120 -151 -76 14 68 75 200 302 304 234 118 58 125 238 131 -41 3 82 -70 -215 -207 -216 -223 -201 -204 -201 -98 -19 -11 -140 -403 -267 197 391 422 524 425 117 -9 -12 86 383 448 176 -5 -10 10 16 13 14 8 -9 -5 9 20 -58 -194 -69 133 119 181 222 31 -13 118 97 6 10 27 6 1 31 142 260 202 70 20 11 7 4 14 13 -3 1 12 11 1 0 6 3 -9 -12 -2 8 12 65 101 116 161 96 110 230 176 57 16 11 3 -1 4 4 0 -3 -3 0 4 2 -7 -13 -14 -11 -6 -4 -5 -3 3 4 0 -2 -1 -1 -4 -5 -119 -312 -272 -116 -165 -204 -75 4 5 -3 -12 -6 -1 3 -7 -26 -5 -69 -168 54 448 673 733 670 533 356 154 35 -20 -122 -114 4 -63 -275 -409 -401 -255 -70 22 23 2 -11 -6 7 1 -18 -15 2 5 2 0 -3 -4 -3 0 1 -8 -16 6 29 14 3 -9 26 173 38 -369 -422 -123 136 55 -138 -81 -9 -14 0 4 8 14 12 8 2 3 10 4 -10 -9 7 11 1 1 4 10 7 29 91 10 -115 -9 91 5 -35 -14 -24 -23 -13 0 3 -12 104 305 190 -235 -567 -695 -758 -693 -362 -41 -1 -20 123 357 577 704 721 560 227 15 7 57 78 30 33 153 181 23 -133 -82 150 246 113 5 2 7 58 284 559 549 270 127 301 531 507 251 37 -21 50 284 544 
496 454 339 202 100 10 -40 -69 -180 -254 -256 -184 8 60 70 114 19 -57 -162 -381 -537 -473 -256 -93 72 318 444 309 26 -202 -318 -375 -401 -452 -521 -550 -574 -491 -228 -41 -12 -8 -1 1 -3 -7 -9 -7 11 9 -121 -204 -79 6 91 189 106 -115 -411 -477 -212 -31 -28 -142 -437 -647 -629 -545 -411 -261 -197 -237 -291 -270 -259 -286 -311 -363 -203 262 583 400 -158 -608 -564 -51 503 642 364 -76 -345 -252 -3 112 107 236 326 163 15 -20 -23 61 308 618 706 538 358 143 -252 -644 -749 -554 -276 -90 57 239 254 75 -15 -9 -3 11 3 -7 9 20 13 8 1 -6 -105 -324 -364 -113 18 -197 -393 -220 135 329 301 124 -14 -23 -12 -16 -5 5 -2 6 18 12 -5 -15 -6 2 0 -4 -22 20 160 253 133 -116 -242 -211 -188 -219 -227 -125 85 115 -9 2 184 319 284 206 143 180 196 83 10 6 -9 -14 4 14 -3 -77 -124 -68 34 139 144 57 6 -13 -10 5 4 0 0 1 3 4 3 0 -4 -6 -4 -1 -1 -3 -4 -3 -8 -14 -6 99 344 445 213 45 117 113 114 212 282 229 -27 -125 -27 -69 -160 -93 -15 -159 -257 -104 -72 -154 -43 5 64 188 95 10 -70 -350 -479 -433 -553 -609 -227 235 78 -227 -107 -111 -245 -73 66 13 7 7 -6 7 15 11 7 3 -5 -12 -102 -164 -17 55 1 29 -14 -214 -303 6 435 619 565 266 55 83 47 -16 -32 -46 -32 6 23 4 -8 -9 -9 9 9 -13 -20 -33 -21 3 -83 -129 -20 23 2 12 0 43 183 295 343 279 97 -11 -12 -4 10 16 4 -1 2 2 -4 -9 -8 -4 0 1 -2 -3 -1 1 3 4 4 4 4 4 3 0 -3 -4 -3 -3 11 22 7 17 -51 -191 -144 -18 8 9 -6 -14 0 -3 -8 8 24 98 246 285 179 124 266 511 686 751 693 496 234 107 241 432 467 362 149 -100 -302 -396 -341 -194 -50 24 28 2 -13 -1 14 13 3 -2 0 4 8 10 9 1 -8 -13 -10 14 18 -2 5 9 106 171 -183 -643 -727 -446 -210 -237 -155 -18 -17 -18 -7 3 7 1 0 -1 1 9 3 -12 -10 2 2 1 10 8 -6 -3 0 49 78 -26 -51 26 -39 -129 -66 -11 -19 -15 -12 -3 3 53 252 357 55 -339 -407 -201 113 424 626 730 778 755 684 583 452 320 193 97 116 170 113 -10 -125 -183 -191 -152 -44 107 244 219 66 -15 -7 10 10 -7 11 191 480 596 576 590 453 172 12 -2 9 -1 30 111 
81 21 -24 -51 -104 -183 -176 -170 -192 19 120 -59 49 341 430 348 64 -295 -506 -531 -347 -85 22 20 15 -94 -322 -531 -627 -637 -637 -656 -666 -624 -532 -458 -355 -118 60 40 -6 -3 1 -3 -7 -7 -5 0 -20 -126 -284 -355 -239 45 258 199 185 385 255 -305 -599 -379 -84 -33 -134 -181 -219 -430 -566 -371 -153 -156 -201 -82 -30 -261 -533 -398 159 387 -80 -644 -678 -212 353 635 384 -105 -229 -21 48 105 358 402 247 189 122 21 -3 15 13 8 -30 -60 112 443 654 716 687 433 -42 -459 -657 -693 -616 -443 -212 -43 3 1 -6 -16 -4 8 -1 7 16 -1 -11 -1 50 51 -78 -75 132 141 3 53 143 161 101 15 6 6 6 11 -7 -11 -7 -9 -5 -5 5 22 21 -7 -24 10 -36 -174 -119 35 -21 -63 -50 -125 -50 15 -54 -1 165 330 443 365 157 66 30 6 0 -31 -40 -29 -10 9 26 37 17 3 5 -47 -66 -6 68 134 93 14 9 10 -5 -12 -6 0 0 1 3 4 3 0 -4 -6 -3 2 2 -3 -7 -2 11 20 -3 44 207 273 151 -103 -277 -203 -118 -185 -302 -282 -188 -203 -217 -179 -120 -6 17 -100 -50 51 10 50 184 260 272 217 85 -33 -268 -444 -250 -202 -529 -504 -116 -63 -98 -8 -65 7 163 80 -9 12 8 0 5 -3 -9 -1 5 -2 0 -81 -285 -330 -177 -135 -33 232 89 -190 -12 202 265 231 39 22 183 142 10 -9 8 19 21 5 -5 1 4 12 6 -12 5 25 9 -22 -143 -289 -347 -363 -232 -47 4 6 -5 20 164 198 46 -6 26 16 10 7 -13 -12 4 -1 -4 0 -1 -2 -2 -3 -4 -1 6 11 12 10 6 5 8 7 0 -3 -2 -4 -7 -5 3 10 115 233 119 -22 -55 -154 -183 -76 -22 -11 3 6 7 -8 -17 1 21 63 28 -204 -321 -162 -23 36 165 359 562 702 711 560 142 -308 -315 30 334 429 306 54 -193 -356 -394 -300 -144 -20 27 17 -3 -10 -10 -10 -7 1 9 11 7 3 12 18 -10 -26 -5 5 2 -5 18 198 272 -78 -501 -675 -623 -485 -301 -87 -3 -8 -5 -6 -11 -12 -5 -1 -3 -2 2 4 2 1 8 9 -4 -14 -20 -5 9 11 89 44 -282 -516 -547 -458 -200 -17 1 -4 -9 -2 6 -2 123 397 548 584 675 764 766 709 633 517 378 248 135 47 -21 -45 -31 -16 -3 -13 -59 -67 -12 25 17 2 32 108 118 39 -3 4 -4 -15 -9 6 10 7 131 433 587 386 105 -8 3 23 16 17 15 -18 
-1 1 -28 -90 -258 -364 -212 -11 49 -28 -96 -26 93 217 207 -77 -396 -510 -421 -211 -42 -18 -34 -22 -117 -354 -523 -499 -382 -286 -178 -74 -86 -117 -75 -6 205 374 207 11 -11 2 3 -5 -9 -5 -1 9 -53 -244 -264 35 244 171 48 9 18 142 425 449 -74 -480 -272 29 159 333 476 334 -22 -174 -113 -78 -154 -351 -488 -515 -469 -365 -350 -458 -508 -236 298 622 485 180 -46 -290 -434 -261 -20 121 218 176 78 8 -21 -3 1 -1 6 24 -32 -275 -419 -232 -37 85 342 654 777 592 211 -176 -458 -640 -728 -580 -242 -24 3 -4 10 21 12 -12 -18 -6 9 13 97 290 278 57 35 259 424 327 107 -11 -14 8 5 -7 -2 7 4 1 3 3 16 12 -32 -94 -121 -144 -197 -115 16 -69 -237 -253 -86 75 69 65 157 263 316 246 113 153 232 128 21 -3 -7 -11 -7 12 30 27 13 -45 -168 -230 -151 -37 -34 -126 -110 3 84 122 63 -4 6 20 12 -1 -3 0 0 1 3 3 0 -2 -1 1 4 8 9 5 1 7 14 5 0 18 40 33 30 -21 -138 -86 -56 -225 -285 -174 17 134 143 140 147 67 -48 82 265 209 166 230 239 263 180 20 -23 -189 -437 -328 -53 -6 55 275 138 -268 -237 102 302 371 365 185 20 5 7 5 6 3 -1 1 5 5 2 -120 -232 -144 -123 -112 86 89 -211 -121 311 380 182 -105 -169 128 203 51 4 4 -7 -7 1 -7 -20 -4 11 0 10 20 -46 -168 -244 -183 -129 -239 -206 -113 -219 -175 -25 -5 -14 -3 4 7 14 13 6 1 6 14 13 3 -4 -1 1 1 4 7 7 3 -3 -5 -2 1 2 -1 -6 -8 -7 -6 -6 -5 -4 -5 -6 -3 5 4 33 159 206 80 -1 -97 -212 -130 -20 -13 5 16 -4 -7 -3 -13 23 37 -156 -308 -177 -30 6 8 -10 -22 36 213 460 619 483 100 -253 -450 -449 -227 118 375 398 236 -5 -242 -397 -394 -251 -91 -5 6 -9 -16 -14 -8 -1 2 -1 -2 -2 -1 1 -5 -4 5 5 -4 -21 69 302 337 80 -170 -260 -321 -358 -181 -11 6 2 -11 -15 -5 -1 -2 -6 -10 0 15 11 -4 -1 2 -13 -9 10 -1 -20 -25 17 47 -189 -513 -549 -467 -340 -116 -2 6 3 -5 5 8 33 231 531 640 554 412 257 136 55 -3 -32 -37 -29 -9 3 3 -2 -19 -23 32 138 215 232 224 222 166 48 -19 -28 -14 -2 -4 -8 -16 -13 -5 -4 4 12 51 91 48 0 6 14 6 1 -7 -7 15 
-69 -240 -284 -115 94 138 7 44 200 93 27 181 160 35 2 -117 -270 -242 -106 0 37 37 70 125 182 245 318 424 516 553 591 553 332 97 9 134 338 269 48 -10 23 10 -17 -7 8 12 12 -2 3 123 268 291 278 201 56 5 9 -6 78 380 542 121 -349 -289 -71 18 24 39 128 157 42 -156 -397 -652 -648 -336 -62 -72 -300 -271 222 690 668 292 -87 -257 -131 29 67 148 249 230 24 -168 -124 -12 5 -6 8 14 -74 -189 -121 49 -10 -257 -282 -108 -13 81 282 497 658 722 649 445 24 -494 -623 -295 -14 15 -21 -18 0 1 3 7 -3 -10 -21 94 296 235 40 35 72 18 -9 4 10 10 7 18 12 -8 0 2 -4 -32 -146 -269 -284 -231 -222 -187 -164 -262 -215 -24 -70 -236 -90 174 265 275 188 158 228 155 17 -21 -21 -24 -10 2 11 25 35 -3 -118 -232 -217 -196 -282 -301 -253 -150 -94 -180 -158 -45 46 112 78 22 9 7 5 -1 -3 0 -3 -14 -19 -12 -3 0 2 7 8 1 -2 6 9 0 -11 -11 3 7 1 8 63 200 252 139 114 197 259 227 192 311 374 272 206 219 245 276 219 195 249 172 51 21 7 -8 -116 -365 -386 -132 -5 78 377 463 166 -73 -313 -379 -29 205 121 25 2 -14 -4 10 2 5 14 8 3 24 3 1 111 138 88 132 156 -79 -226 75 225 71 -49 -2 249 259 39 -7 11 -9 -4 -2 -7 11 13 -4 3 -16 -76 -125 -237 -274 -116 -84 -22 170 220 276 224 44 -9 -5 1 10 -8 -15 8 13 1 -1 -4 3 18 9 -1 5 5 4 9 13 12 7 1 -2 -2 -3 -6 -10 -8 0 1 -1 1 -4 -9 -3 3 2 -2 -2 1 94 221 164 43 -50 -180 -167 -23 27 13 1 -13 1 12 2 10 35 56 42 -50 -110 -54 1 0 -5 -10 -27 -9 110 319 474 438 230 -45 -305 -450 -370 -89 229 405 356 142 -113 -305 -364 -279 -122 -5 25 7 -9 -13 -21 -25 -15 -15 -16 3 6 -6 -3 2 2 -11 -7 169 344 225 75 69 -49 -285 -273 -71 -1 -3 -3 -7 7 8 0 0 -1 -1 2 3 -1 -4 -2 -1 0 5 -2 -16 -15 -14 80 247 190 2 -173 -334 -236 -44 -1 -6 -2 6 10 9 34 93 99 36 -23 -41 -32 -18 4 27 39 34 23 26 19 5 20 32 25 41 49 22 2 2 13 19 18 2 -20 -21 -9 0 -2 -8 -11 -8 5 16 3 -17 -16 -1 12 0 -24 -23 -12 -6 7 
-154 -253 -251 -157 94 290 160 22 117 262 328 247 75 -11 16 185 359 369 390 464 510 551 577 604 624 633 644 606 540 516 464 260 55 18 128 328 309 80 4 2 -145 -362 -372 -155 -4 27 -31 -256 -391 -230 -8 95 66 8 1 -15 -26 -10 -31 0 291 501 46 -478 -283 54 -52 -163 27 32 -264 -434 -347 -165 -64 -41 -9 171 425 553 546 321 36 19 108 -3 -68 200 441 426 271 -15 -256 -334 -305 -159 -18 14 -1 -54 -177 -296 -371 -191 143 133 17 33 19 -8 -31 -29 62 266 468 614 686 352 -330 -643 -412 -108 26 35 6 1 9 11 4 -9 -17 -2 78 116 49 0 -16 -9 5 0 -2 -5 -5 -5 -1 16 23 -3 -115 -303 -448 -510 -414 -121 6 -7 62 -91 -239 -7 258 271 171 138 194 165 42 -18 -37 -33 -4 2 11 33 16 -8 -45 -143 -161 -153 -288 -394 -357 -187 -13 7 -78 -119 -102 8 267 318 180 123 50 3 5 -4 -12 -14 -8 -2 -3 -11 -16 -12 -5 -1 2 6 5 -4 -8 1 5 -4 -5 4 4 4 5 1 -4 55 168 129 101 240 310 269 206 164 134 113 78 103 188 145 26 -15 -3 -1 -13 -20 1 -29 -249 -377 -165 2 30 255 454 303 272 439 360 94 -105 -98 -23 -11 -7 4 6 4 2 1 6 7 17 -13 -166 -232 -138 -34 166 315 152 -142 -25 267 160 -91 -259 -78 233 140 1 3 0 14 11 5 6 -1 9 12 -62 -244 -343 -204 -104 -78 81 64 -71 117 263 215 238 158 15 -15 -3 -5 3 7 -11 -10 0 -3 -1 1 -5 -4 -2 -4 -1 3 4 4 4 4 5 2 3 16 18 7 4 6 5 4 1 -3 0 8 12 7 -6 -8 -12 26 143 139 23 -10 -98 -186 -81 14 5 -1 9 24 27 9 -6 31 111 105 34 9 -2 0 5 -1 9 22 17 -7 -15 59 225 391 459 383 159 -139 -384 -480 -339 7 326 429 309 22 -346 -554 -463 -246 -74 8 14 -8 -14 -1 2 -7 -14 -18 -11 4 6 5 9 -7 50 264 324 128 23 10 -173 -350 -212 -29 -9 -4 9 3 -3 -2 0 1 -4 -9 -6 3 5 3 5 -1 -7 8 23 18 2 34 233 364 189 -49 -279 -349 -142 -16 -18 -10 -9 -5 -1 -2 -11 -81 -191 -159 -19 37 10 -43 -113 -208 -326 -451 -555 -583 -526 -417 -254 -86 -14 -18 -18 1 13 3 -6 -4 1 -3 -4 3 1 -3 -5 2 5 -11 -18 -1 12 6 1 -7 -14 -4 -1 -4 -9 -26 
92 241 132 -162 -209 33 210 122 1 8 21 4 -1 -10 -7 113 381 605 647 597 545 507 466 406 329 254 195 126 69 41 -111 -334 -298 -26 270 356 164 10 -84 -293 -507 -576 -529 -357 -118 -14 -19 -122 -350 -400 -126 114 103 30 11 -2 -7 -11 -21 -37 -8 229 356 29 -309 -366 -253 -102 -207 -565 -711 -498 -200 -31 -1 118 434 708 721 489 181 -79 -228 -232 -95 107 213 232 98 -104 -89 -124 -207 -26 71 -7 -37 -158 -304 -311 -240 -186 -218 -145 165 401 327 108 2 15 27 20 0 -40 -60 -6 219 567 548 -25 -567 -676 -506 -271 -80 0 -1 0 5 -5 -6 2 -2 -5 0 3 7 6 0 -1 2 5 3 -3 0 5 -3 11 12 -147 -203 21 115 109 206 211 200 300 307 223 220 234 135 16 -25 -27 -10 5 17 37 41 37 0 -113 -185 -160 -188 -241 -255 -210 -124 -142 -183 -43 149 106 66 64 -8 253 693 777 508 187 20 -13 -9 4 13 15 5 -2 3 7 7 2 -5 -4 3 5 4 4 4 4 4 4 3 0 -3 -3 0 2 -1 17 118 161 75 51 64 55 37 3 -8 -10 -19 -27 -29 -19 1 13 13 4 -6 5 -3 -188 -395 -276 -46 16 146 387 326 69 71 291 504 476 220 48 7 -1 1 -1 -7 -12 -5 6 5 -1 8 -108 -301 -324 -207 -67 -6 4 -164 -252 96 242 45 -198 -245 97 230 63 4 -5 -1 14 4 2 4 -32 -111 -140 -77 -33 -79 -68 133 152 -137 -191 -23 69 141 105 13 6 8 3 -1 -9 6 17 -7 -22 -11 -2 -3 -11 -17 -15 -8 -3 -4 -7 -9 -10 -8 -2 6 8 4 -2 -8 0 6 -13 -20 -1 10 12 12 5 -4 -8 -5 -8 -6 19 106 168 85 20 -44 -171 -148 -35 -2 8 15 6 6 -1 -4 19 102 296 360 121 -52 -18 8 0 -1 4 11 13 9 -8 -31 -12 89 261 416 433 295 64 -213 -433 -440 -206 131 297 23 -464 -716 -722 -612 -414 -196 -40 22 18 -2 -15 -18 -6 4 0 -1 10 13 4 8 162 358 254 50 34 -41 -300 -335 -105 -6 -9 1 -10 -11 -3 -2 -3 -3 -2 -2 -2 -3 -2 3 7 7 4 0 -1 8 6 71 266 294 91 -146 -339 -263 -56 1 -11 -14 -7 -4 -1 -3 -132 -424 -559 -439 -392 -495 -620 -710 -742 -729 -677 -601 -552 -560 -619 -666 -549 -273 -64 -8 -1 7 0 -6 -3 0 4 6 6 7 11 13 1 -21 -36 -36 -21 2 10 -3 -11 -7 0 5 2 -8 -17 
-115 99 188 183 133 51 36 34 16 14 2 -9 7 19 1 4 77 175 197 140 77 44 29 -6 -33 -45 -55 -23 10 -88 -310 -355 -124 189 358 218 2 -194 -440 -527 -393 -174 -37 -20 -7 -3 42 245 338 274 283 188 32 -12 -10 9 6 -6 8 11 -14 13 146 317 271 -166 -522 -476 -418 -381 -174 -15 -4 58 328 686 784 536 140 -155 -124 47 -19 -205 -176 9 126 3 -175 -200 -261 -161 151 331 321 127 -67 -164 -214 -170 -68 120 385 469 271 105 41 -2 7 1 -13 -6 4 7 11 5 9 208 575 688 361 -138 -531 -722 -622 -284 -38 -7 -12 3 7 5 1 6 1 -12 -2 7 3 6 14 17 14 13 3 -6 4 24 129 310 411 485 481 253 129 157 146 224 243 98 -16 -29 -4 12 18 26 20 0 -32 -148 -263 -212 -163 -313 -389 -224 -109 -55 -53 -69 121 304 316 192 109 172 233 161 -7 31 220 301 243 93 5 2 3 1 -1 1 0 1 7 12 14 11 5 3 5 5 5 7 7 5 5 6 4 0 -3 -3 1 4 0 -5 3 21 10 -16 -8 2 0 2 -1 0 6 7 4 3 8 14 0 -22 -15 3 -135 -426 -447 -186 -49 66 338 397 156 13 -7 -22 33 130 124 37 7 11 6 -5 -17 -14 -2 5 2 -8 -19 -11 25 24 10 -26 -63 -86 -214 -65 232 151 -82 -249 -52 259 154 1 0 8 2 -17 -11 -6 -4 -85 -255 -290 -116 206 321 61 24 244 217 175 232 130 23 8 0 2 9 15 17 0 -40 -42 -4 0 -7 3 7 1 -6 -6 -2 -2 -7 -10 -9 -8 -8 -7 -5 0 3 0 -7 -7 6 14 8 -6 -10 -3 0 -1 -4 -6 -2 3 9 1 58 203 192 45 -31 -141 -203 -85 -4 1 1 -17 -16 6 8 12 50 -42 -260 -263 -90 -16 -7 1 0 2 7 9 4 0 6 11 -7 -32 2 137 325 461 444 246 -47 -306 -446 -434 -294 -189 -266 -452 -616 -700 -682 -550 -342 -151 -25 36 31 -7 -26 -17 -8 -5 0 1 -10 37 240 310 98 -10 12 -148 -337 -219 -19 9 -5 9 10 3 2 0 2 5 6 3 -3 -7 -7 -5 -4 -4 -3 3 17 12 10 169 335 223 23 -198 -331 -162 -6 -1 -7 -9 5 12 19 56 -52 -398 -669 -714 -630 -452 -246 -39 176 366 505 561 514 344 -28 -492 -647 -381 -85 -10 -24 -15 -7 -7 -4 0 3 4 3 5 10 9 3 -2 -5 -6 -4 0 1 -2 -4 -3 0 3 2 -2 
-59 -59 64 193 55 -86 -22 23 -18 -60 -38 -4 -4 -6 -4 -1 -1 -11 -60 -103 -57 -9 -8 9 22 20 5 2 -30 -233 -360 -132 230 435 286 -101 -416 -542 -465 -266 -12 287 482 368 103 -16 14 137 326 366 162 -2 -11 -5 -14 -12 -3 10 13 6 10 -39 -130 -4 246 118 -245 -325 -164 3 56 24 168 523 750 621 264 -82 -196 -161 -245 -222 46 213 118 -151 -303 -166 -46 -126 -288 -186 127 86 -92 -126 -159 11 168 41 67 294 379 279 102 -8 -27 -7 12 2 -11 -11 -9 2 19 16 10 6 78 318 595 685 523 126 -398 -592 -309 -45 -1 -4 -1 -9 -21 -14 10 17 5 -3 -5 -5 -3 -3 -4 -5 3 16 12 2 11 183 351 245 145 100 9 1 15 -27 -49 -16 8 6 4 11 4 -87 -214 -190 -127 -227 -263 -230 -212 -136 -89 20 148 93 21 89 243 395 358 79 -182 -158 -60 -39 -148 -446 -670 -614 -251 40 25 -6 15 8 6 4 -1 -1 4 11 13 11 11 10 5 1 1 3 3 1 2 4 2 0 -1 -2 0 2 0 -6 -15 -12 2 4 -7 -8 10 13 -1 0 9 11 7 1 -3 -6 -10 -11 2 -64 -316 -425 -210 -47 32 281 447 241 23 12 28 22 4 -18 -30 -37 -18 4 -2 0 12 15 4 -13 -13 1 1 119 347 455 338 178 233 76 -115 161 244 24 -203 -186 183 247 38 -9 12 19 16 -18 -136 -218 -121 3 39 5 -133 -185 35 173 74 82 221 268 175 52 -3 2 9 -4 6 6 -27 -33 -115 -193 -79 13 0 2 9 8 5 4 3 0 -2 -1 0 0 -1 -5 -11 -10 -1 11 20 6 -15 -8 -3 -14 -8 4 6 3 0 2 6 10 -2 -24 19 159 213 100 20 -74 -201 -142 -20 0 3 7 -4 -4 -6 26 24 -174 -281 -120 -20 -15 3 6 7 7 5 4 2 4 9 6 9 19 7 -23 -33 28 188 377 458 374 156 -62 -42 105 101 16 -94 -279 -480 -616 -673 -647 -508 -297 -108 -1 23 8 -5 -17 -12 9 8 -7 115 321 256 49 7 -45 -257 -312 -112 0 5 13 7 4 1 -2 1 6 7 5 2 -4 -9 -8 -6 -6 -3 3 0 -6 -13 51 264 326 137 -69 -283 -291 -94 -12 -5 8 4 -3 -5 110 273 107 -125 87 439 619 706 740 727 670 590 540 548 606 634 365 -220 -551 -351 -69 2 -1 1 0 4 7 8 7 4 0 -1 5 15 22 21 11 -2 -5 1 -2 -13 -19 -18 -12 -5 -1 
102 -87 -205 -244 -238 -240 -242 -213 -130 -39 -11 -5 -8 -8 9 9 -12 -119 -274 -329 -243 -81 -15 -19 1 4 5 -3 -163 -349 -239 78 326 202 -251 -540 -534 -364 -82 212 453 556 428 182 -53 -241 -323 -359 -228 50 89 5 -3 2 10 14 19 5 -14 -8 -7 -159 -273 -255 -410 -394 -89 54 36 -14 9 260 613 687 353 -113 -257 -87 -17 22 53 10 110 129 -111 -310 -374 -196 64 108 261 322 -19 -307 -367 -183 0 10 117 234 263 176 35 -17 -18 -2 12 5 -11 1 19 13 3 0 2 -1 5 23 10 -19 45 249 512 702 456 -210 -460 -170 4 -6 -4 19 26 5 -4 2 1 -1 -1 -5 -12 -18 -21 -16 -6 -4 -1 1 -7 3 36 32 -1 3 15 4 -7 -8 -1 12 -5 -104 -238 -261 -184 -271 -420 -294 -40 64 35 -55 -51 178 311 212 178 198 207 162 -80 -311 -361 -270 -148 -138 -225 -223 -169 -354 -657 -579 -151 61 13 -11 3 11 8 2 1 -2 -2 2 3 2 5 8 5 1 0 1 1 -1 0 1 0 2 3 0 -3 -3 -1 5 12 1 -3 13 4 -5 2 -4 -5 -1 -3 -6 -9 -8 -6 -12 -21 -6 -16 -218 -397 -215 14 60 239 462 329 72 2 7 -1 -8 -3 6 23 26 0 -8 1 3 9 14 5 -8 -2 15 15 32 144 337 473 519 317 -80 -16 241 127 -115 -277 -45 247 117 -9 19 26 -21 -44 -75 -150 -159 -235 -154 163 186 -65 -199 -67 134 133 16 -29 -19 -12 -11 -8 5 9 -6 -34 -47 -105 -190 -217 -213 -142 -55 -22 -9 -4 -1 0 -1 -5 -5 4 11 12 11 8 3 -3 -6 -8 -22 -22 -8 -11 -7 10 20 10 -5 -12 -20 -23 -17 -8 -12 -18 -17 -18 71 182 131 30 -35 -155 -183 -50 5 -9 0 -8 -17 -3 12 31 132 264 252 123 41 22 18 16 12 8 5 6 9 13 17 8 -6 3 25 23 -6 -38 -16 97 242 371 510 655 698 573 347 128 9 -29 -120 -327 -555 -698 -739 -649 -422 -191 -61 10 40 21 3 11 13 52 247 344 145 -10 -12 -141 -342 -262 -50 -1 -21 -15 -5 -4 -5 -5 -2 1 4 5 2 0 0 0 1 5 5 -5 -4 11 18 149 326 222 4 -202 -366 -230 -27 11 10 3 -8 -17 26 219 356 333 447 582 506 376 271 165 81 31 12 20 76 265 517 411 -115 -385 -184 -1 15 7 7 9 11 12 11 9 3 -4 -2 6 13 15 11 5 3 5 2 -6 -13 -16 -13 -6 1 
-348 -387 -294 -138 50 -28 -232 -154 9 62 33 -1 8 14 10 19 -34 -203 -351 -384 -370 -275 -105 -3 10 -7 -3 -87 -285 -272 -81 8 -94 -382 -547 -413 -142 150 406 553 506 280 53 -59 -55 14 -56 -170 -63 50 14 -9 11 14 3 -4 -7 -7 1 16 -121 -425 -547 -478 -424 -271 -57 3 -34 -33 215 604 554 77 -324 -434 -337 -70 156 187 281 312 78 -80 -59 -1 76 34 75 232 245 130 -120 -288 -268 -190 -6 115 147 271 266 87 -8 -4 6 7 6 2 -7 -5 5 5 6 1 -16 -14 -3 -3 0 8 -1 -21 4 175 395 209 -184 -176 -12 9 -7 -1 18 15 -2 -10 -5 4 10 9 2 -4 -6 0 12 9 -3 -6 4 14 1 -2 9 1 -5 -4 -2 9 9 6 -41 -224 -402 -440 -301 -88 -45 -101 -51 112 111 57 152 194 116 -42 -83 -102 -203 -177 -214 -344 -367 -206 23 19 -2 -7 -108 -114 -89 7 113 58 -3 -6 -5 -3 -6 -4 2 2 -4 -5 -4 -4 -2 1 0 -3 -3 -1 -1 -3 -3 -3 -3 1 3 -1 -6 -6 -2 6 6 -3 -4 -6 0 8 0 2 12 8 -2 -7 -7 -5 -4 -4 2 4 -164 -407 -309 -52 4 120 394 381 111 8 29 13 -8 0 9 -4 -10 8 12 0 3 -3 -14 -8 4 13 13 4 -6 -14 -21 -27 35 129 -58 -187 110 217 28 -205 -185 169 216 35 5 -40 -109 -130 -187 -171 -50 10 -124 -311 -172 68 176 226 113 15 28 27 21 11 -1 -4 -1 -9 -11 -52 -219 -306 -184 -81 -78 -109 -135 -97 -32 -9 -10 -8 -4 -1 -2 -1 6 8 6 6 5 4 4 -8 -19 -13 -12 -5 14 -1 -49 -62 -34 -9 13 35 41 27 5 -9 -2 14 -3 20 159 182 39 -19 -102 -216 -133 -18 -13 -12 11 23 17 -6 -45 4 80 71 79 52 9 15 14 9 5 5 9 7 -2 0 10 10 -3 -14 -6 10 14 10 -2 -19 1 110 296 500 652 696 643 490 253 46 -47 -88 -191 -377 -582 -708 -702 -577 -384 -191 -54 -3 -4 1 -12 84 305 272 63 9 -49 -278 -360 -150 -7 -2 -3 -4 -2 -3 -3 1 5 5 3 2 4 7 7 5 5 4 7 10 10 11 43 218 327 154 -84 -311 -341 -117 0 -3 -1 -5 1 7 127 455 599 323 47 -9 -4 -10 -23 -28 -3 28 23 -2 21 192 373 184 -198 -238 -55 4 -4 3 5 7 8 7 4 2 4 7 8 7 6 6 4 1 1 6 12 12 6 -1 -4 -4 
82 -89 -34 224 274 267 294 236 123 30 12 16 9 1 -46 -150 -151 59 177 82 31 10 -5 14 6 13 -41 -268 -364 -167 -13 -94 -336 -422 -209 82 350 538 520 312 85 -24 -158 -378 -326 -19 170 293 330 147 13 8 -7 -20 -22 -29 -31 2 17 -150 -471 -569 -404 -247 -93 -10 8 189 429 389 166 103 51 -161 -263 -32 183 120 144 175 11 -61 -79 -91 103 311 355 285 58 -170 -327 -344 -85 105 167 146 64 131 111 -2 -17 -2 6 8 10 9 0 -2 3 -2 -9 -5 4 2 -5 0 1 -7 -2 8 16 21 -2 -26 169 410 101 -326 -231 -21 14 -8 -20 -8 -4 -13 -15 -7 2 7 8 9 13 13 8 4 3 13 12 -5 -9 -8 -10 -12 -5 17 18 6 7 -5 28 21 -64 -94 -113 57 263 105 -94 -39 41 59 14 -153 -267 -289 -220 -221 -447 -450 -113 191 315 263 191 201 233 115 -88 -78 43 141 152 48 0 6 -4 -8 0 11 10 3 -3 -7 -9 -10 -8 -5 -5 -6 -4 -2 -3 -5 -6 -5 -3 1 4 1 -3 -3 -1 -6 -7 4 3 -11 -9 0 0 8 9 0 -3 -3 -2 -6 -14 -14 5 -83 -343 -411 -158 13 85 317 409 175 3 -10 -9 -4 8 10 2 4 3 -4 3 9 3 4 5 0 2 6 -3 -15 -8 8 8 -5 -6 -109 -251 -42 215 119 -105 -235 12 263 118 -31 -54 -126 -306 -361 -345 -303 -95 -27 -18 30 11 101 250 241 92 3 4 7 -4 -5 3 5 7 3 4 7 -98 -303 -356 -198 61 218 145 58 26 0 -4 -5 0 6 8 6 1 -4 -7 -8 -7 -3 3 8 4 0 7 14 -68 -285 -456 -474 -433 -392 -338 -260 -172 -92 -31 14 38 47 47 32 116 207 111 25 -6 -131 -163 -40 9 -5 1 5 2 9 -9 -68 -165 -306 -319 -174 -42 4 3 -1 -5 -3 3 6 0 -12 -14 -3 4 3 6 11 9 -1 0 19 19 -9 -22 24 146 342 566 711 706 572 380 203 81 0 -99 -264 -473 -598 -535 -414 -341 -198 -39 8 4 29 214 365 213 44 10 -132 -343 -286 -70 4 1 4 3 2 4 8 9 3 -4 -4 1 6 6 1 -4 -5 3 7 0 3 -6 96 315 288 70 -146 -328 -240 -43 -9 -20 -1 5 -10 33 217 366 253 59 4 7 1 7 21 26 17 6 8 17 49 124 101 -88 -166 -55 3 -7 -4 -1 0 -1 -4 -7 -1 13 20 19 15 9 3 -4 -12 -14 -4 10 16 10 -2 -12 -18 
375 388 289 183 90 143 224 120 14 -5 -5 -11 -18 -8 -131 -381 -363 -11 318 426 382 269 117 17 5 -15 -186 -345 -232 -41 44 5 -86 9 283 517 566 392 136 -3 -6 12 -29 -122 -295 -462 -304 37 99 -2 -17 -6 -11 -17 -17 2 11 -97 -370 -644 -613 -282 -25 19 6 127 427 707 825 761 261 -354 -287 144 322 364 384 188 -139 -254 -223 -214 -166 -162 -44 225 232 124 21 -201 -243 -143 -26 235 379 323 195 44 -6 6 1 -5 2 2 -6 -1 5 9 8 -6 -9 -5 -5 6 15 3 -8 -1 9 7 1 -4 -13 -31 19 227 136 -369 -455 -129 12 8 -5 -12 -4 -2 -3 -3 -2 3 6 4 1 -2 -12 -13 -1 -3 -10 -3 10 11 5 13 24 13 1 8 9 -7 36 180 245 203 138 119 179 143 58 -48 -190 -170 -55 -115 -238 -234 -153 35 223 192 148 295 423 379 279 295 230 -14 -120 -40 45 123 114 8 -15 4 -6 -5 -3 -1 1 -2 -4 -7 -5 -4 -9 -15 -15 -8 -9 -13 -7 -11 -18 -5 8 5 -4 -5 0 3 4 1 5 7 1 7 7 -1 -2 -3 -4 -2 3 3 -3 -3 -9 -7 -42 -272 -426 -232 -51 14 255 455 272 44 14 6 -14 -6 5 -4 -11 -6 -1 -5 -8 -4 3 20 29 19 9 2 0 3 1 -2 -13 -21 -28 -198 -214 133 209 -13 -247 -199 181 180 -68 -114 -173 -124 -2 -45 -3 53 87 185 262 351 249 74 23 -9 5 16 -4 -10 -14 -2 13 14 5 -7 -5 55 93 38 45 82 160 280 218 84 26 0 -6 -2 9 10 4 1 -5 -4 -1 -3 2 3 -1 17 24 7 1 -97 -339 -484 -432 -403 -452 -483 -516 -551 -551 -523 -463 -384 -315 -245 -171 -129 -57 102 143 40 -2 -93 -192 -100 4 3 -18 -17 -9 -5 75 147 137 113 26 -28 -12 -8 -3 -9 -7 5 3 2 11 15 5 -9 -5 13 16 4 -1 -2 -8 -13 -4 17 27 8 -20 -13 52 201 425 630 733 713 575 365 181 62 -23 47 241 247 -29 -261 -164 -12 11 4 89 310 314 99 34 14 -216 -375 -199 -31 -14 0 7 3 7 2 -10 -8 -3 -1 0 -2 -5 -5 -3 -2 0 12 16 -2 -8 34 214 356 214 5 -214 -329 -156 -12 0 10 10 6 11 4 -10 1 17 13 1 -4 7 24 20 0 -6 -5 -9 -19 -46 -50 -21 -4 2 8 7 -3 -13 -14 -9 -5 -3 1 4 6 15 21 10 -5 -8 -7 -7 -5 -8 -10 -4 -2 -3 1 
61 324 339 98 -10 -21 -38 -21 1 10 0 5 -1 -39 7 39 -144 -338 -181 169 247 103 11 -13 -24 -165 -364 -273 -26 47 18 62 252 470 547 442 206 23 -10 6 -6 -97 -104 93 203 144 110 77 3 -18 -4 4 6 -3 5 -42 -259 -567 -737 -616 -305 -84 -39 47 333 655 754 571 335 406 573 199 -281 -62 350 319 33 -227 -373 -396 -255 -113 -90 28 116 70 44 0 75 191 114 16 30 157 191 76 25 6 -11 0 0 -10 -14 -9 -5 -11 -12 -6 5 12 3 -7 -18 -19 -12 -9 2 11 8 5 -3 -5 -18 -227 -592 -667 -387 -268 -308 -152 -6 1 3 14 20 19 14 5 -2 -4 -3 -1 1 2 5 4 -11 -23 -13 2 0 0 8 5 -10 -22 -18 -13 -4 12 1 112 257 185 155 123 -83 -178 -111 37 139 55 58 178 222 243 164 194 452 520 363 204 74 29 21 -10 -33 -100 -135 -58 61 147 107 24 2 -4 -7 -2 1 -6 -16 -22 -13 -1 -6 6 31 26 1 -7 13 21 7 -3 -9 -10 -12 -13 4 19 8 -6 4 17 4 -9 -3 8 13 4 -10 -17 -12 -6 -5 -7 -6 5 16 1 -187 -422 -314 -63 -9 114 381 349 86 -11 3 4 4 -1 -6 -3 -4 -10 -12 -8 -5 -3 2 4 7 9 7 3 5 11 3 -14 -20 4 -91 -239 -11 243 114 -135 -280 -71 132 -76 -241 -78 11 -52 113 273 319 378 262 186 250 210 77 -6 -1 8 -8 8 17 -8 3 16 1 -8 -7 2 -1 8 125 312 427 391 188 8 -16 -3 -1 4 12 14 6 6 2 1 4 -7 -13 -5 -2 2 8 3 -4 8 -14 -156 -233 -107 -14 -36 -64 -101 -162 -234 -311 -384 -443 -484 -515 -534 -534 -525 -482 -321 -103 -12 -15 -72 -195 -178 -35 12 4 11 15 11 65 205 332 389 327 174 47 -1 -7 -8 -3 -8 -11 4 12 9 9 11 9 1 -6 -3 2 -1 -1 7 12 9 5 7 20 31 14 -20 -11 98 290 491 647 732 704 535 301 164 185 249 138 -83 -102 -6 15 1 9 164 318 193 27 24 -79 -314 -295 -66 16 -10 -5 14 9 -4 -4 -3 0 3 0 -3 -2 3 9 14 8 -1 4 5 4 0 80 283 300 89 -152 -372 -320 -72 21 0 -8 -3 -7 1 15 2 -9 -7 0 6 3 -2 -2 2 3 0 -15 -127 -279 -203 61 157 53 2 12 1 -9 -11 -9 -6 -2 1 -2 -9 -8 -4 -8 -11 -6 -2 0 2 5 4 -4 -7 -59 -160 
18 56 80 42 -2 -21 -7 14 10 11 10 -42 -184 -298 -117 243 313 112 -48 -191 -258 -153 -41 -11 -119 -336 -346 -133 -17 4 121 353 525 484 269 56 -21 -14 -6 -7 -168 -400 -290 -52 76 296 344 125 -9 -24 -20 -9 1 -30 -207 -523 -761 -712 -411 -138 -50 30 266 553 615 364 114 44 11 36 299 455 18 -339 -95 119 54 -94 -154 -105 -70 63 245 313 217 44 -7 9 59 251 333 255 258 183 56 26 14 2 -6 -10 -8 -6 -8 -9 -6 -8 -12 -13 -8 5 13 29 46 44 34 18 1 -15 -14 -2 -9 -9 -159 -478 -512 -249 34 311 326 102 -3 -15 -24 -12 -6 1 7 5 2 -3 -5 1 11 15 8 -1 -1 6 8 2 -2 -1 0 -7 -11 6 17 -1 -8 -8 -36 -53 -46 -64 -135 -122 17 32 -124 -80 224 254 61 179 419 417 268 199 188 113 73 43 -3 -10 -6 5 -31 -109 -110 -36 61 132 90 24 6 0 -2 -8 -14 -7 -117 -353 -382 -270 -228 -219 -298 -289 -114 -40 -124 -151 -55 21 35 36 33 19 9 5 1 -1 -7 -14 -18 -14 -3 -8 -18 -5 13 8 -2 -1 -3 -2 3 -6 -3 -105 -350 -357 -107 9 94 351 406 153 4 0 0 4 7 5 -3 -7 -2 3 5 8 10 9 6 1 -3 -3 -1 -1 -3 -2 5 7 14 2 -173 -154 189 218 -12 -243 -176 196 49 -333 -312 -162 33 98 16 108 170 143 109 21 -21 -19 -10 -5 2 16 -1 -112 -251 -282 -226 -119 -25 -5 -13 -3 11 1 110 260 172 41 31 18 1 -8 -2 15 1 -10 -4 -6 -11 -11 0 5 -2 -5 -12 -10 2 -5 -2 5 2 105 342 491 461 399 341 264 214 180 132 82 -1 -108 -195 -275 -336 -367 -394 -355 -158 15 16 -11 -114 -245 -163 -17 18 4 3 3 0 61 125 99 44 18 17 14 1 7 14 2 -7 -6 1 7 8 8 6 1 -4 -5 -2 0 0 -1 -4 -7 -9 -8 -2 6 15 21 16 -1 -22 0 117 317 526 678 727 465 -43 -332 -195 95 125 9 0 19 -2 58 271 297 80 -25 -31 -183 -342 -219 -40 -7 -5 10 8 2 10 8 5 6 6 6 8 12 14 15 6 -15 -12 15 15 -8 -1 153 322 288 276 205 -38 -101 -21 5 5 5 -2 -13 -7 7 4 -7 -5 3 5 0 -6 -5 5 -34 -242 -525 -523 -94 320 271 42 -13 3 5 9 5 -6 -13 -11 -3 2 -4 -14 -17 -10 -1 -1 1 5 0 -3 3 10 -69 -304 -537 
-10 -3 5 1 -8 -12 -14 -9 -8 -22 -35 -91 -263 -461 -473 -187 214 407 222 -167 -428 -430 -209 -15 -92 -232 -152 -19 82 305 523 520 323 104 -2 -15 -18 -23 -16 -14 -49 -56 -21 -73 -113 -18 28 -10 -15 -3 5 -23 -134 -340 -606 -719 -508 -191 -50 -3 172 428 613 617 290 -201 -414 -282 -95 -15 23 205 206 -121 -187 -144 -131 129 260 183 174 173 180 150 44 -7 0 9 -7 52 265 378 239 64 1 1 8 7 1 -2 1 6 6 -1 -4 5 10 2 -7 -7 -1 -51 -167 -245 -204 -72 17 17 -9 -24 -1 -58 -326 -314 263 736 838 818 576 176 -9 3 8 0 -2 -1 3 10 14 11 5 1 -2 -5 -7 -10 -9 -2 1 -1 1 1 -6 -7 2 2 1 -41 -205 -324 -320 -305 -204 -38 -67 -139 68 172 37 -24 59 189 157 88 100 65 44 42 11 -11 -21 -15 0 4 -1 13 -15 -91 -64 13 72 112 60 1 -8 -9 -7 -1 12 1 -178 -471 -630 -588 -458 -369 -283 -282 -303 -343 -506 -428 -209 -238 -358 -342 -199 -87 -77 -50 1 13 2 -9 -4 0 1 2 -1 2 1 -2 2 3 0 1 4 21 -53 -325 -431 -183 9 76 289 433 237 26 1 8 4 9 15 12 4 0 2 5 7 8 8 6 1 -3 -5 -6 -4 0 2 0 -2 1 19 -89 -299 -206 18 30 -124 -251 24 318 187 45 71 8 -24 129 181 120 75 3 -14 10 -1 -10 4 17 12 -29 -76 -163 -238 -136 -118 -205 -116 -11 7 8 1 4 25 44 27 -9 -11 8 20 33 5 -47 -54 -32 -12 -7 -2 0 -6 8 17 5 -3 -9 -9 -3 8 5 15 155 323 396 456 504 517 526 538 530 496 454 399 331 265 208 148 78 -3 -62 -43 -5 -16 -9 -57 -285 -416 -250 -42 21 0 -16 -8 -3 -12 -11 1 -4 -17 -4 23 26 4 1 10 -2 -7 0 3 4 3 -1 -6 -7 -4 -1 0 0 0 -1 -3 -6 -9 -8 -2 8 19 26 29 26 6 -12 28 163 385 516 367 157 218 313 165 28 7 9 14 10 148 328 224 2 -63 -126 -317 -325 -101 11 2 -9 0 10 1 4 13 13 10 6 4 4 2 -3 -2 8 12 8 9 14 14 76 270 504 673 657 316 -31 -57 2 5 12 10 -1 -9 -4 10 14 4 -1 0 -1 -3 -3 0 -15 -157 -290 -37 403 464 190 15 -1 5 12 16 11 1 -6 -6 -4 -5 -5 -4 -2 3 5 0 1 -1 -15 -13 -10 -127 -393 -545 -487 
5 -6 -21 -23 -8 20 15 1 -43 -213 -302 -104 167 202 81 53 81 85 47 2 -64 -109 -66 -27 92 212 186 248 463 558 404 161 7 -38 -30 -21 -9 35 53 20 151 377 302 192 275 181 2 -21 14 32 -69 -266 -296 -101 82 96 36 18 122 434 630 428 176 119 188 209 73 -19 -4 -4 -21 59 135 -1 -112 -100 -70 134 372 402 317 163 9 -34 -17 4 6 -1 4 0 20 53 25 -16 -15 2 7 4 3 2 5 10 11 7 1 -4 -8 -5 4 -2 -126 -456 -738 -743 -681 -654 -482 -194 -16 10 4 -150 -300 47 446 405 311 270 138 29 4 13 23 10 -1 3 3 5 7 5 3 -1 -8 -11 -8 -6 -4 -3 -6 -7 -2 8 12 7 -2 -9 -3 5 -139 -360 -428 -320 -67 32 -13 17 55 149 276 237 80 57 67 3 -16 -5 -7 -5 4 9 9 1 -13 -15 -9 2 -48 -139 -107 -17 67 112 45 -4 5 7 6 11 24 -24 -61 89 29 -201 -178 -68 120 64 -173 -140 -116 -153 -88 -115 -352 -451 -300 -295 -412 -323 -112 -58 -87 -34 23 31 9 14 35 18 1 5 0 -13 -5 1 2 -32 -258 -458 -307 -89 -18 172 423 318 58 1 15 7 4 7 10 8 5 5 6 5 4 4 3 -1 -6 -7 -7 -10 -9 -1 5 2 -7 1 -14 -202 -263 -68 -142 -378 -462 -209 210 209 166 342 348 259 157 81 95 59 3 -7 -1 7 4 -1 -15 -73 -141 -206 -291 -134 99 54 -61 -117 -69 0 8 5 -15 -13 0 2 1 0 8 16 -35 -191 -330 -244 -44 18 -8 1 -16 -88 -98 -50 -13 11 16 10 1 -5 -10 -2 7 -11 -13 14 41 81 147 223 283 329 376 422 473 521 547 551 531 490 435 368 293 234 180 84 -5 -110 -306 -444 -366 -150 3 34 14 -12 -37 -51 -20 18 25 16 -2 -13 -13 -7 4 6 -3 -7 -4 -1 0 0 -1 -3 -4 -3 0 3 5 6 6 8 10 7 1 -1 5 15 24 25 22 22 8 -19 -19 57 191 290 285 172 53 7 -3 5 20 1 53 264 378 359 342 185 -154 -373 -223 -22 5 -6 -4 6 5 1 5 7 3 -1 -1 -1 -4 -8 -1 19 23 7 6 21 16 13 149 315 279 219 177 7 -90 -35 -10 -21 -7 10 11 2 4 9 1 -7 -6 -1 3 3 -2 45 243 524 688 572 250 46 19 10 4 11 13 9 3 -2 -3 -5 -10 -9 -5 -5 -7 -6 -2 0 -5 -3 -19 -185 -474 -567 -356 -131 
1 -10 -4 11 9 14 33 16 -38 -164 -349 -329 -14 342 459 289 77 -102 -213 -142 85 286 125 -194 -133 240 504 549 450 211 -6 -45 -4 22 25 3 -58 -205 -365 -464 -542 -555 -454 -290 -177 -111 -16 47 -30 -261 -523 -539 -133 374 575 379 129 182 404 588 555 237 -106 -214 -62 236 406 297 107 15 2 -7 -38 -62 -27 108 212 137 114 199 136 19 -16 -17 -5 5 7 -1 0 5 -12 -19 -10 -8 -4 -4 -6 -1 2 1 1 3 3 2 -4 -8 2 4 0 -16 -220 -498 -349 69 165 -116 -484 -674 -559 -252 -156 -346 -143 350 323 43 -39 -45 -32 -4 0 3 14 -2 -13 -2 3 0 -4 -5 0 6 8 6 4 7 9 4 -2 -4 -2 0 6 18 11 -3 -3 54 170 198 194 210 200 204 223 224 162 194 240 119 7 -11 -3 9 9 0 -1 -3 -3 -8 -2 10 10 13 11 0 -68 -131 -71 26 112 124 35 -2 18 22 16 7 -3 0 157 455 564 448 325 133 -121 -72 110 175 212 31 -35 124 104 119 71 -264 -459 -328 -187 -336 -449 -234 -119 -157 -130 -151 -159 -129 -105 -40 3 10 15 23 7 -190 -452 -364 -83 0 83 341 369 114 -4 12 7 -2 -3 -2 -3 -4 -2 2 4 3 1 0 -1 -3 -5 -5 -3 -4 -5 -1 2 -1 -6 3 -108 -270 20 464 345 -201 -453 -31 272 89 26 154 187 114 73 32 -19 -24 -7 5 -2 -14 -22 -20 6 -47 -264 -329 -225 -179 -32 0 -36 104 100 0 -9 -3 -6 -19 -16 -2 -1 -16 -98 -183 -175 -161 -202 -174 -55 -30 -54 -62 -201 -309 -169 -5 9 -15 -9 4 4 4 2 -6 2 4 -6 -5 2 -7 -24 -24 -29 -27 0 29 75 145 214 277 347 421 478 516 531 532 518 393 180 68 4 -191 -409 -442 -292 -119 -17 12 -59 -175 -220 -207 -160 -77 -32 -22 8 14 -6 -6 -4 -8 -7 -4 -1 1 3 3 1 1 3 4 4 5 6 8 11 9 4 0 -4 -7 -9 -12 -10 5 9 6 21 14 -9 -13 -19 -12 0 -13 -9 9 18 24 16 134 345 509 699 765 546 76 -235 -117 9 4 -1 -4 3 1 -4 -3 -3 -3 1 6 7 7 10 11 10 11 13 13 9 3 43 67 -35 -97 18 60 -59 -70 -6 -11 -22 -9 5 4 0 0 -2 -4 -3 0 3 2 -4 15 182 426 428 207 39 1 7 -1 -5 -1 1 1 -2 -4 -3 0 4 6 2 -7 -12 -7 3 3 2 -45 -247 -495 -487 -233 -26 54 
-12 9 16 10 13 -6 -123 -263 -164 156 258 -37 -225 -11 156 65 -73 -265 -291 45 326 212 -106 -349 -373 -37 319 288 70 -29 -3 1 -47 -146 -320 -514 -672 -643 -353 -117 -261 -617 -785 -792 -821 -728 -434 -274 -384 -391 -132 26 -95 -245 -290 -56 419 604 353 7 -89 137 193 -61 -129 77 186 75 -3 11 10 2 3 -25 -42 29 60 11 -18 -36 -40 -23 -11 4 18 10 -1 -1 3 6 5 -1 -2 11 10 -8 -9 2 6 3 -2 -4 -5 -1 6 10 13 -1 -16 4 17 18 175 452 622 659 464 -11 -494 -723 -736 -431 197 422 120 -57 -15 20 19 10 7 1 -9 9 25 12 3 0 -5 -3 4 10 10 0 -8 1 10 5 -1 -1 -1 -4 -3 -1 -5 -6 -7 -11 124 343 458 438 284 260 313 173 22 -16 -29 -24 -3 -11 -19 -3 8 5 8 7 -8 -8 -4 -3 9 8 6 -6 -74 -83 6 87 146 109 14 -7 7 8 5 -1 -18 17 185 286 368 494 430 304 197 253 290 52 -23 90 79 22 137 283 129 -31 35 -41 -316 -470 -422 -309 -358 -571 -603 -465 -363 -389 -444 -333 -113 6 -5 -39 -187 -433 -424 -162 -8 100 361 456 192 1 10 13 1 -2 -2 -3 -5 -5 -1 2 1 -1 -3 -3 0 3 4 3 1 2 5 3 -4 -6 3 -33 -220 -298 -85 82 91 -29 13 257 200 23 4 38 58 18 -17 -16 -18 -5 15 13 12 1 -133 -303 -286 -101 28 26 137 189 124 215 300 243 88 1 6 1 7 17 13 -8 -13 -77 -266 -377 -264 39 275 104 -148 -126 -92 -127 -74 -23 -95 -118 -68 -52 -23 -1 -4 3 9 -4 -10 2 12 10 -1 -11 -9 0 10 21 19 -3 -23 -32 -38 -34 -14 21 59 103 161 224 304 406 418 246 57 -7 -105 -335 -449 -280 -62 6 27 30 -145 -312 -215 -58 0 2 0 10 9 5 0 -4 -4 -4 -3 -1 2 4 3 3 4 4 3 2 2 0 -3 -4 -3 -1 0 -1 -4 -1 1 4 18 11 -7 -7 -2 8 19 11 -2 11 24 19 9 -3 -7 73 208 171 176 477 737 597 114 -155 -68 -3 0 1 2 10 5 1 1 1 6 13 14 14 15 6 -2 4 12 13 14 8 15 77 48 -75 -34 74 13 -74 -25 21 1 -15 -17 -8 0 1 1 3 3 0 -3 -4 -3 -8 -2 18 5 -13 -3 -7 -16 -9 -6 -8 -7 -4 0 3 4 6 11 14 11 6 4 2 -4 -18 -94 -319 -549 -482 -199 10 211 458 
-26 -3 -7 -20 -6 -14 -146 -344 -332 -56 230 336 282 157 24 -19 -7 32 112 205 176 -93 -260 -145 19 77 30 -10 -14 -47 -166 -385 -617 -769 -824 -814 -684 -247 270 493 459 325 222 54 -239 -541 -703 -579 -201 236 538 459 -157 -659 -466 68 452 498 316 97 -133 -123 207 358 253 129 35 -1 12 14 -12 30 144 77 -102 -88 -26 -14 6 8 11 14 10 3 -3 -2 -1 4 7 6 9 8 9 5 -1 3 4 6 10 7 1 -4 -6 -8 -2 3 -3 7 2 4 196 327 58 -141 -18 183 460 665 525 101 -90 252 481 170 -198 -233 -70 2 -7 7 18 10 -2 -3 -2 0 1 1 4 9 13 9 -5 -25 -34 -19 -3 -2 -3 0 0 -1 -5 -12 -4 7 7 5 49 122 112 69 47 4 -17 -10 -2 5 5 5 3 -3 -2 1 1 4 8 9 8 12 9 0 -6 -15 -15 -33 -110 -132 -77 -10 85 87 18 -1 -3 -7 0 13 12 14 34 32 66 122 125 220 363 314 188 202 328 409 239 123 289 249 119 323 477 149 -179 6 82 -195 -273 -271 -401 -332 -182 -162 -150 -224 -181 -40 -107 -261 -276 -116 48 55 28 242 457 271 25 7 16 -2 -1 4 4 3 0 -1 4 7 2 -3 -4 -3 1 6 9 7 2 4 8 2 -8 -6 12 -114 -247 35 188 -218 -542 -338 173 312 82 -5 6 -8 -19 -10 5 10 12 -11 -102 -217 -204 -69 -58 -237 -415 -376 -42 207 238 309 251 134 136 67 2 9 -7 -13 4 8 -2 -9 -14 -3 40 65 -7 -128 -25 150 77 11 -21 -49 135 298 120 -123 -89 10 11 3 6 5 4 7 0 -7 -7 -8 -3 7 9 5 13 19 9 6 12 16 23 26 17 8 1 -10 -18 -26 -10 100 303 432 330 124 10 -9 31 61 15 -19 51 66 7 87 128 15 -24 4 -5 -6 8 6 4 5 3 0 -2 0 3 4 4 3 2 2 1 -1 -3 -1 3 1 -4 -6 -3 4 11 11 6 0 1 8 -1 -8 -3 3 7 -8 -66 -101 -49 -3 3 8 15 15 116 117 -128 -132 119 328 240 -91 -138 -18 -1 0 4 11 14 11 8 6 7 8 7 7 10 9 -1 -9 -1 16 21 15 8 41 83 6 -74 12 57 -43 -72 -13 21 16 -3 -7 -3 -1 3 7 6 0 -7 -8 1 9 8 12 16 10 13 13 1 0 1 -3 -3 1 6 8 8 3 -6 -8 -2 6 8 -5 -31 -128 -374 -556 -425 -176 0 243 504 579 
-43 -21 -1 4 -1 1 2 -82 -182 -188 -111 118 255 116 -6 -17 42 194 191 5 -96 -133 -119 28 173 118 1 -8 -1 -60 -201 -399 -557 -570 -454 -294 -90 139 204 122 129 243 319 239 106 -47 -282 -250 144 353 241 155 -32 -253 -64 162 92 105 245 259 72 -108 27 228 163 20 -22 -12 -1 4 2 27 91 51 -56 -45 -8 -14 -10 4 15 20 20 7 -12 -15 -3 3 -5 0 10 -4 -16 -14 -6 2 3 4 6 4 1 -1 -2 -5 -10 -10 -3 11 10 -7 82 182 43 -87 -40 -32 14 237 485 541 496 447 253 -11 -176 -158 -38 -3 -20 -12 2 20 30 5 -19 -10 -1 1 6 9 10 6 -4 -16 -21 -14 -6 -3 -1 1 1 1 0 1 8 4 -8 9 31 21 -6 -35 -27 0 6 3 -7 -17 -11 6 9 8 19 11 -5 3 6 -3 -2 -2 -3 2 -1 -2 1 -11 -53 -79 -69 -36 31 51 19 4 -1 -4 2 13 18 13 -11 -25 -25 -38 -38 -29 -25 -31 4 160 318 260 72 86 220 150 108 262 319 155 70 203 151 -69 -40 128 77 -14 14 96 176 49 -68 -28 -90 -208 -87 189 242 86 27 170 222 54 -29 -2 0 -1 2 3 2 2 1 0 2 4 1 -2 -1 0 1 3 4 2 0 2 3 -1 -5 -3 6 -89 -128 180 362 69 -250 -187 87 131 17 -11 0 1 1 -1 -1 8 12 -20 -117 -234 -228 -82 46 31 -109 -231 -165 35 84 28 25 4 -24 -19 -2 -5 -17 -4 6 -8 -11 6 0 49 180 218 114 -97 -164 59 176 81 14 13 35 113 145 36 3 37 7 -6 11 12 4 3 -1 5 1 -14 0 16 6 -6 -5 -6 -11 -5 8 15 15 10 -2 -11 -7 3 9 6 8 6 56 226 302 158 19 58 194 190 53 -2 -1 -83 -27 188 142 -31 -37 10 6 -12 -8 -2 3 5 3 1 0 1 2 2 3 3 1 0 0 -1 -3 0 6 5 0 -3 -3 1 7 4 1 0 -13 -10 11 24 20 9 5 -5 -62 -107 -57 -14 -3 18 8 -26 33 112 9 -85 -53 28 76 -21 -69 -11 -1 -5 1 3 7 7 5 4 3 1 0 0 2 5 1 -7 -4 8 11 6 -9 -10 43 34 -40 -3 44 -13 -52 -25 10 18 8 0 -3 -3 0 3 3 0 -4 -5 1 12 12 3 14 25 16 10 8 7 5 1 1 3 4 4 4 0 -8 -11 -7 -1 1 -7 -23 -111 -283 -293 -100 1 50 234 318 184 
